state,buffer,selected_buffer,order,address,dma_words,command,kind,tpage,u,v,width,height,clut,overlap,text_cache,slot
slot1,1,1,0,2149227048,8,57,OTHER,,,,,,,0,0,
slot1,1,1,1,2149226972,9,45,FT4,152,0,0,256,256,,0,0,
slot1,1,1,2,2149248028,0,0,OTHER,,,,,,,0,0,
slot1,1,1,3,2149248032,0,0,OTHER,,,,,,,0,0,
slot1,1,1,4,2149248036,0,0,OTHER,,,,,,,0,0,
slot1,1,1,5,2149248040,0,0,OTHER,,,,,,,0,0,
slot1,1,1,6,2149248044,0,0,OTHER,,,,,,,0,0,
slot1,1,1,7,2149248048,0,0,OTHER,,,,,,,0,0,
slot1,1,1,8,2149248052,0,0,OTHER,,,,,,,0,0,
slot1,1,1,9,2149248056,0,0,OTHER,,,,,,,0,0,
slot1,1,1,10,2149248060,0,0,OTHER,,,,,,,0,0,
slot1,1,1,11,2149248064,0,0,OTHER,,,,,,,0,0,
slot1,1,1,12,2149248068,0,0,OTHER,,,,,,,0,0,
slot1,1,1,13,2149248072,0,0,OTHER,,,,,,,0,0,
slot1,1,1,14,2149248076,0,0,OTHER,,,,,,,0,0,
slot1,1,1,15,2149248080,0,0,OTHER,,,,,,,0,0,
slot1,1,1,16,2149248084,0,0,OTHER,,,,,,,0,0,
slot1,1,1,17,2149248088,0,0,OTHER,,,,,,,0,0,
slot1,1,1,18,2149248092,0,0,OTHER,,,,,,,0,0,
slot1,1,1,19,2149248096,0,0,OTHER,,,,,,,0,0,
slot1,1,1,20,2149248100,0,0,OTHER,,,,,,,0,0,
slot1,1,1,21,2149248104,0,0,OTHER,,,,,,,0,0,
slot1,1,1,22,2149248108,0,0,OTHER,,,,,,,0,0,
slot1,1,1,23,2149248112,0,0,OTHER,,,,,,,0,0,
slot1,1,1,24,2149248116,0,0,OTHER,,,,,,,0,0,
slot1,1,1,25,2149248120,0,0,OTHER,,,,,,,0,0,
slot1,1,1,26,2149248124,0,0,OTHER,,,,,,,0,0,
slot1,1,1,27,2149248128,0,0,OTHER,,,,,,,0,0,
slot1,1,1,28,2149248132,0,0,OTHER,,,,,,,0,0,
slot1,1,1,29,2149248136,0,0,OTHER,,,,,,,0,0,
slot1,1,1,30,2149248140,0,0,OTHER,,,,,,,0,0,
slot1,1,1,31,2149248144,0,0,OTHER,,,,,,,0,0,
slot1,1,1,32,2149248148,0,0,OTHER,,,,,,,0,0,
slot1,1,1,33,2149248152,0,0,OTHER,,,,,,,0,0,
slot1,1,1,34,2149248156,0,0,OTHER,,,,,,,0,0,
slot1,1,1,35,2149248160,0,0,OTHER,,,,,,,0,0,
slot1,1,1,36,2149248164,0,0,OTHER,,,,,,,0,0,
slot1,1,1,37,2149248168,0,0,OTHER,,,,,,,0,0,
slot1,1,1,38,2149248172,0,0,OTHER,,,,,,,0,0,
slot1,1,1,39,2149248176,0,0,OTHER,,,,,,,0,0,
slot1,1,1,40,2149248180,0,0,OTHER,,,,,,,0,0,
slot1,1,1,41,2149248184,0,0,OTHER,,,,,,,0,0,
slot1,1,1,42,2149248188,0,0,OTHER,,,,,,,0,0,
slot1,1,1,43,2149248192,0,0,OTHER,,,,,,,0,0,
slot1,1,1,44,2149248196,0,0,OTHER,,,,,,,0,0,
slot1,1,1,45,2149248200,0,0,OTHER,,,,,,,0,0,
slot1,1,1,46,2149248204,0,0,OTHER,,,,,,,0,0,
slot1,1,1,47,2149248208,0,0,OTHER,,,,,,,0,0,
slot1,1,1,48,2149248212,0,0,OTHER,,,,,,,0,0,
slot1,1,1,49,2149248216,0,0,OTHER,,,,,,,0,0,
slot1,1,1,50,2149248220,0,0,OTHER,,,,,,,0,0,
slot1,1,1,51,2149248224,0,0,OTHER,,,,,,,0,0,
slot1,1,1,52,2149248228,0,0,OTHER,,,,,,,0,0,
slot1,1,1,53,2149248232,0,0,OTHER,,,,,,,0,0,
slot1,1,1,54,2149248236,0,0,OTHER,,,,,,,0,0,
slot1,1,1,55,2149248240,0,0,OTHER,,,,,,,0,0,
slot1,1,1,56,2149248244,0,0,OTHER,,,,,,,0,0,
slot1,1,1,57,2149248248,0,0,OTHER,,,,,,,0,0,
slot1,1,1,58,2149248252,0,0,OTHER,,,,,,,0,0,
slot1,1,1,59,2149248256,0,0,OTHER,,,,,,,0,0,
slot1,1,1,60,2149248260,0,0,OTHER,,,,,,,0,0,
slot1,1,1,61,2149248264,0,0,OTHER,,,,,,,0,0,
slot1,1,1,62,2149248268,0,0,OTHER,,,,,,,0,0,
slot1,1,1,63,2149248272,0,0,OTHER,,,,,,,0,0,
slot1,1,1,64,2149248276,0,0,OTHER,,,,,,,0,0,
slot1,1,1,65,2149248280,0,0,OTHER,,,,,,,0,0,
slot1,1,1,66,2149248284,0,0,OTHER,,,,,,,0,0,
slot1,1,1,67,2149248288,0,0,OTHER,,,,,,,0,0,
slot1,1,1,68,2149248292,0,0,OTHER,,,,,,,0,0,
slot1,1,1,69,2149248296,0,0,OTHER,,,,,,,0,0,
slot1,1,1,70,2149248300,0,0,OTHER,,,,,,,0,0,
slot1,1,1,71,2149248304,0,0,OTHER,,,,,,,0,0,
slot1,1,1,72,2149248308,0,0,OTHER,,,,,,,0,0,
slot1,1,1,73,2149248312,0,0,OTHER,,,,,,,0,0,
slot1,1,1,74,2149248316,0,0,OTHER,,,,,,,0,0,
slot1,1,1,75,2149248320,0,0,OTHER,,,,,,,0,0,
slot1,1,1,76,2149248324,0,0,OTHER,,,,,,,0,0,
slot1,1,1,77,2149248328,0,0,OTHER,,,,,,,0,0,
slot1,1,1,78,2149248332,0,0,OTHER,,,,,,,0,0,
slot1,1,1,79,2149248336,0,0,OTHER,,,,,,,0,0,
slot1,1,1,80,2149248340,0,0,OTHER,,,,,,,0,0,
slot1,1,1,81,2149248344,0,0,OTHER,,,,,,,0,0,
slot1,1,1,82,2149248348,0,0,OTHER,,,,,,,0,0,
slot1,1,1,83,2149248352,0,0,OTHER,,,,,,,0,0,
slot1,1,1,84,2149248356,0,0,OTHER,,,,,,,0,0,
slot1,1,1,85,2149248360,0,0,OTHER,,,,,,,0,0,
slot1,1,1,86,2149248364,0,0,OTHER,,,,,,,0,0,
slot1,1,1,87,2149248368,0,0,OTHER,,,,,,,0,0,
slot1,1,1,88,2149248372,0,0,OTHER,,,,,,,0,0,
slot1,1,1,89,2149248376,0,0,OTHER,,,,,,,0,0,
slot1,1,1,90,2149248380,0,0,OTHER,,,,,,,0,0,
slot1,1,1,91,2149248384,0,0,OTHER,,,,,,,0,0,
slot1,1,1,92,2149248388,0,0,OTHER,,,,,,,0,0,
slot1,1,1,93,2149248392,0,0,OTHER,,,,,,,0,0,
slot1,1,1,94,2149248396,0,0,OTHER,,,,,,,0,0,
slot1,1,1,95,2149248400,0,0,OTHER,,,,,,,0,0,
slot1,1,1,96,2149248404,0,0,OTHER,,,,,,,0,0,
slot1,1,1,97,2149248408,0,0,OTHER,,,,,,,0,0,
slot1,1,1,98,2149248412,0,0,OTHER,,,,,,,0,0,
slot1,1,1,99,2149248416,0,0,OTHER,,,,,,,0,0,
slot1,1,1,100,2149248420,0,0,OTHER,,,,,,,0,0,
slot1,1,1,101,2149248424,0,0,OTHER,,,,,,,0,0,
slot1,1,1,102,2149248428,0,0,OTHER,,,,,,,0,0,
slot1,1,1,103,2149248432,0,0,OTHER,,,,,,,0,0,
slot1,1,1,104,2149248436,0,0,OTHER,,,,,,,0,0,
slot1,1,1,105,2149248440,0,0,OTHER,,,,,,,0,0,
slot1,1,1,106,2149248444,0,0,OTHER,,,,,,,0,0,
slot1,1,1,107,2149248448,0,0,OTHER,,,,,,,0,0,
slot1,1,1,108,2149248452,0,0,OTHER,,,,,,,0,0,
slot1,1,1,109,2149248456,0,0,OTHER,,,,,,,0,0,
slot1,1,1,110,2149248460,0,0,OTHER,,,,,,,0,0,
slot1,1,1,111,2149248464,0,0,OTHER,,,,,,,0,0,
slot1,1,1,112,2149248468,0,0,OTHER,,,,,,,0,0,
slot1,1,1,113,2149248472,0,0,OTHER,,,,,,,0,0,
slot1,1,1,114,2149248476,0,0,OTHER,,,,,,,0,0,
slot1,1,1,115,2149248480,0,0,OTHER,,,,,,,0,0,
slot1,1,1,116,2149248484,0,0,OTHER,,,,,,,0,0,
slot1,1,1,117,2149248488,0,0,OTHER,,,,,,,0,0,
slot1,1,1,118,2149248492,0,0,OTHER,,,,,,,0,0,
slot1,1,1,119,2149248496,0,0,OTHER,,,,,,,0,0,
slot1,1,1,120,2149248500,0,0,OTHER,,,,,,,0,0,
slot1,1,1,121,2149248504,0,0,OTHER,,,,,,,0,0,
slot1,1,1,122,2149248508,0,0,OTHER,,,,,,,0,0,
slot1,1,1,123,2149248512,0,0,OTHER,,,,,,,0,0,
slot1,1,1,124,2149248516,0,0,OTHER,,,,,,,0,0,
slot1,1,1,125,2149248520,0,0,OTHER,,,,,,,0,0,
slot1,1,1,126,2149248524,0,0,OTHER,,,,,,,0,0,
slot1,1,1,127,2149248528,0,0,OTHER,,,,,,,0,0,
slot1,1,1,128,2149248532,0,0,OTHER,,,,,,,0,0,
slot1,1,1,129,2149248536,0,0,OTHER,,,,,,,0,0,
slot1,1,1,130,2149248540,0,0,OTHER,,,,,,,0,0,
slot1,1,1,131,2149248544,0,0,OTHER,,,,,,,0,0,
slot1,1,1,132,2149248548,0,0,OTHER,,,,,,,0,0,
slot1,1,1,133,2149248552,0,0,OTHER,,,,,,,0,0,
slot1,1,1,134,2149248556,0,0,OTHER,,,,,,,0,0,
slot1,1,1,135,2149248560,0,0,OTHER,,,,,,,0,0,
slot1,1,1,136,2149248564,0,0,OTHER,,,,,,,0,0,
slot1,1,1,137,2149248568,0,0,OTHER,,,,,,,0,0,
slot1,1,1,138,2149248572,0,0,OTHER,,,,,,,0,0,
slot1,1,1,139,2149248576,0,0,OTHER,,,,,,,0,0,
slot1,1,1,140,2149248580,0,0,OTHER,,,,,,,0,0,
slot1,1,1,141,2149248584,0,0,OTHER,,,,,,,0,0,
slot1,1,1,142,2149248588,0,0,OTHER,,,,,,,0,0,
slot1,1,1,143,2149248592,0,0,OTHER,,,,,,,0,0,
slot1,1,1,144,2149248596,0,0,OTHER,,,,,,,0,0,
slot1,1,1,145,2149248600,0,0,OTHER,,,,,,,0,0,
slot1,1,1,146,2149248604,0,0,OTHER,,,,,,,0,0,
slot1,1,1,147,2149248608,0,0,OTHER,,,,,,,0,0,
slot1,1,1,148,2149248612,0,0,OTHER,,,,,,,0,0,
slot1,1,1,149,2149248616,0,0,OTHER,,,,,,,0,0,
slot1,1,1,150,2149248620,0,0,OTHER,,,,,,,0,0,
slot1,1,1,151,2149248624,0,0,OTHER,,,,,,,0,0,
slot1,1,1,152,2149248628,0,0,OTHER,,,,,,,0,0,
slot1,1,1,153,2149248632,0,0,OTHER,,,,,,,0,0,
slot1,1,1,154,2149248636,0,0,OTHER,,,,,,,0,0,
slot1,1,1,155,2149248640,0,0,OTHER,,,,,,,0,0,
slot1,1,1,156,2149248644,0,0,OTHER,,,,,,,0,0,
slot1,1,1,157,2149248648,0,0,OTHER,,,,,,,0,0,
slot1,1,1,158,2149248652,0,0,OTHER,,,,,,,0,0,
slot1,1,1,159,2149248656,0,0,OTHER,,,,,,,0,0,
slot1,1,1,160,2149248660,0,0,OTHER,,,,,,,0,0,
slot1,1,1,161,2149248664,0,0,OTHER,,,,,,,0,0,
slot1,1,1,162,2149248668,0,0,OTHER,,,,,,,0,0,
slot1,1,1,163,2149248672,0,0,OTHER,,,,,,,0,0,
slot1,1,1,164,2149248676,0,0,OTHER,,,,,,,0,0,
slot1,1,1,165,2149248680,0,0,OTHER,,,,,,,0,0,
slot1,1,1,166,2149248684,0,0,OTHER,,,,,,,0,0,
slot1,1,1,167,2149248688,0,0,OTHER,,,,,,,0,0,
slot1,1,1,168,2149248692,0,0,OTHER,,,,,,,0,0,
slot1,1,1,169,2149248696,0,0,OTHER,,,,,,,0,0,
slot1,1,1,170,2149248700,0,0,OTHER,,,,,,,0,0,
slot1,1,1,171,2149248704,0,0,OTHER,,,,,,,0,0,
slot1,1,1,172,2149248708,0,0,OTHER,,,,,,,0,0,
slot1,1,1,173,2149248712,0,0,OTHER,,,,,,,0,0,
slot1,1,1,174,2149248716,0,0,OTHER,,,,,,,0,0,
slot1,1,1,175,2149248720,0,0,OTHER,,,,,,,0,0,
slot1,1,1,176,2149248724,0,0,OTHER,,,,,,,0,0,
slot1,1,1,177,2149248728,0,0,OTHER,,,,,,,0,0,
slot1,1,1,178,2149248732,0,0,OTHER,,,,,,,0,0,
slot1,1,1,179,2149248736,0,0,OTHER,,,,,,,0,0,
slot1,1,1,180,2149248740,0,0,OTHER,,,,,,,0,0,
slot1,1,1,181,2149248744,0,0,OTHER,,,,,,,0,0,
slot1,1,1,182,2149248748,0,0,OTHER,,,,,,,0,0,
slot1,1,1,183,2149248752,0,0,OTHER,,,,,,,0,0,
slot1,1,1,184,2149248756,0,0,OTHER,,,,,,,0,0,
slot1,1,1,185,2149248760,0,0,OTHER,,,,,,,0,0,
slot1,1,1,186,2149248764,0,0,OTHER,,,,,,,0,0,
slot1,1,1,187,2149248768,0,0,OTHER,,,,,,,0,0,
slot1,1,1,188,2149248772,0,0,OTHER,,,,,,,0,0,
slot1,1,1,189,2149248776,0,0,OTHER,,,,,,,0,0,
slot1,1,1,190,2149248780,0,0,OTHER,,,,,,,0,0,
slot1,1,1,191,2149248784,0,0,OTHER,,,,,,,0,0,
slot1,1,1,192,2149248788,0,0,OTHER,,,,,,,0,0,
slot1,1,1,193,2149248792,0,0,OTHER,,,,,,,0,0,
slot1,1,1,194,2149248796,0,0,OTHER,,,,,,,0,0,
slot1,1,1,195,2149248800,0,0,OTHER,,,,,,,0,0,
slot1,1,1,196,2149248804,0,0,OTHER,,,,,,,0,0,
slot1,1,1,197,2149248808,0,0,OTHER,,,,,,,0,0,
slot1,1,1,198,2149248812,0,0,OTHER,,,,,,,0,0,
slot1,1,1,199,2149248816,0,0,OTHER,,,,,,,0,0,
slot1,1,1,200,2149248820,0,0,OTHER,,,,,,,0,0,
slot1,1,1,201,2149248824,0,0,OTHER,,,,,,,0,0,
slot1,1,1,202,2149248828,0,0,OTHER,,,,,,,0,0,
slot1,1,1,203,2149248832,0,0,OTHER,,,,,,,0,0,
slot1,1,1,204,2149248836,0,0,OTHER,,,,,,,0,0,
slot1,1,1,205,2149248840,0,0,OTHER,,,,,,,0,0,
slot1,1,1,206,2149248844,0,0,OTHER,,,,,,,0,0,
slot1,1,1,207,2149248848,0,0,OTHER,,,,,,,0,0,
slot1,1,1,208,2149248852,0,0,OTHER,,,,,,,0,0,
slot1,1,1,209,2149248856,0,0,OTHER,,,,,,,0,0,
slot1,1,1,210,2149248860,0,0,OTHER,,,,,,,0,0,
slot1,1,1,211,2149248864,0,0,OTHER,,,,,,,0,0,
slot1,1,1,212,2149248868,0,0,OTHER,,,,,,,0,0,
slot1,1,1,213,2149248872,0,0,OTHER,,,,,,,0,0,
slot1,1,1,214,2149248876,0,0,OTHER,,,,,,,0,0,
slot1,1,1,215,2149248880,0,0,OTHER,,,,,,,0,0,
slot1,1,1,216,2149248884,0,0,OTHER,,,,,,,0,0,
slot1,1,1,217,2149248888,0,0,OTHER,,,,,,,0,0,
slot1,1,1,218,2149248892,0,0,OTHER,,,,,,,0,0,
slot1,1,1,219,2149248896,0,0,OTHER,,,,,,,0,0,
slot1,1,1,220,2149248900,0,0,OTHER,,,,,,,0,0,
slot1,1,1,221,2149248904,0,0,OTHER,,,,,,,0,0,
slot1,1,1,222,2149248908,0,0,OTHER,,,,,,,0,0,
slot1,1,1,223,2149248912,0,0,OTHER,,,,,,,0,0,
slot1,1,1,224,2149248916,0,0,OTHER,,,,,,,0,0,
slot1,1,1,225,2149248920,0,0,OTHER,,,,,,,0,0,
slot1,1,1,226,2149248924,0,0,OTHER,,,,,,,0,0,
slot1,1,1,227,2149248928,0,0,OTHER,,,,,,,0,0,
slot1,1,1,228,2149248932,0,0,OTHER,,,,,,,0,0,
slot1,1,1,229,2149248936,0,0,OTHER,,,,,,,0,0,
slot1,1,1,230,2149248940,0,0,OTHER,,,,,,,0,0,
slot1,1,1,231,2149248944,0,0,OTHER,,,,,,,0,0,
slot1,1,1,232,2149248948,0,0,OTHER,,,,,,,0,0,
slot1,1,1,233,2149248952,0,0,OTHER,,,,,,,0,0,
slot1,1,1,234,2149248956,0,0,OTHER,,,,,,,0,0,
slot1,1,1,235,2149248960,0,0,OTHER,,,,,,,0,0,
slot1,1,1,236,2149248964,0,0,OTHER,,,,,,,0,0,
slot1,1,1,237,2149248968,0,0,OTHER,,,,,,,0,0,
slot1,1,1,238,2149248972,0,0,OTHER,,,,,,,0,0,
slot1,1,1,239,2149248976,0,0,OTHER,,,,,,,0,0,
slot1,1,1,240,2149248980,0,0,OTHER,,,,,,,0,0,
slot1,1,1,241,2149248984,0,0,OTHER,,,,,,,0,0,
slot1,1,1,242,2149248988,0,0,OTHER,,,,,,,0,0,
slot1,1,1,243,2149248992,0,0,OTHER,,,,,,,0,0,
slot1,1,1,244,2149248996,0,0,OTHER,,,,,,,0,0,
slot1,1,1,245,2149249000,0,0,OTHER,,,,,,,0,0,
slot1,1,1,246,2149249004,0,0,OTHER,,,,,,,0,0,
slot1,1,1,247,2149249008,0,0,OTHER,,,,,,,0,0,
slot1,1,1,248,2149249012,0,0,OTHER,,,,,,,0,0,
slot1,1,1,249,2149249016,0,0,OTHER,,,,,,,0,0,
slot1,1,1,250,2149249020,0,0,OTHER,,,,,,,0,0,
slot1,1,1,251,2149249024,0,0,OTHER,,,,,,,0,0,
slot1,1,1,252,2149249028,0,0,OTHER,,,,,,,0,0,
slot1,1,1,253,2149249032,0,0,OTHER,,,,,,,0,0,
slot1,1,1,254,2149249036,0,0,OTHER,,,,,,,0,0,
slot1,1,1,255,2149249040,0,0,OTHER,,,,,,,0,0,
slot1,1,1,256,2149249044,0,0,OTHER,,,,,,,0,0,
slot1,1,1,257,2149249048,0,0,OTHER,,,,,,,0,0,
slot1,1,1,258,2149249052,0,0,OTHER,,,,,,,0,0,
slot1,1,1,259,2149249056,0,0,OTHER,,,,,,,0,0,
slot1,1,1,260,2149249060,0,0,OTHER,,,,,,,0,0,
slot1,1,1,261,2149249064,0,0,OTHER,,,,,,,0,0,
slot1,1,1,262,2149249068,0,0,OTHER,,,,,,,0,0,
slot1,1,1,263,2149249072,0,0,OTHER,,,,,,,0,0,
slot1,1,1,264,2149249076,0,0,OTHER,,,,,,,0,0,
slot1,1,1,265,2149249080,0,0,OTHER,,,,,,,0,0,
slot1,1,1,266,2149249084,0,0,OTHER,,,,,,,0,0,
slot1,1,1,267,2149249088,0,0,OTHER,,,,,,,0,0,
slot1,1,1,268,2149249092,0,0,OTHER,,,,,,,0,0,
slot1,1,1,269,2149249096,0,0,OTHER,,,,,,,0,0,
slot1,1,1,270,2149249100,0,0,OTHER,,,,,,,0,0,
slot1,1,1,271,2149249104,0,0,OTHER,,,,,,,0,0,
slot1,1,1,272,2149249108,0,0,OTHER,,,,,,,0,0,
slot1,1,1,273,2149249112,0,0,OTHER,,,,,,,0,0,
slot1,1,1,274,2149249116,0,0,OTHER,,,,,,,0,0,
slot1,1,1,275,2149249120,0,0,OTHER,,,,,,,0,0,
slot1,1,1,276,2149249124,0,0,OTHER,,,,,,,0,0,
slot1,1,1,277,2149249128,0,0,OTHER,,,,,,,0,0,
slot1,1,1,278,2149249132,0,0,OTHER,,,,,,,0,0,
slot1,1,1,279,2149249136,0,0,OTHER,,,,,,,0,0,
slot1,1,1,280,2149249140,0,0,OTHER,,,,,,,0,0,
slot1,1,1,281,2149249144,0,0,OTHER,,,,,,,0,0,
slot1,1,1,282,2149249148,0,0,OTHER,,,,,,,0,0,
slot1,1,1,283,2149249152,0,0,OTHER,,,,,,,0,0,
slot1,1,1,284,2149249156,0,0,OTHER,,,,,,,0,0,
slot1,1,1,285,2149249160,0,0,OTHER,,,,,,,0,0,
slot1,1,1,286,2149249164,0,0,OTHER,,,,,,,0,0,
slot1,1,1,287,2149249168,0,0,OTHER,,,,,,,0,0,
slot1,1,1,288,2149249172,0,0,OTHER,,,,,,,0,0,
slot1,1,1,289,2149249176,0,0,OTHER,,,,,,,0,0,
slot1,1,1,290,2149249180,0,0,OTHER,,,,,,,0,0,
slot1,1,1,291,2149249184,0,0,OTHER,,,,,,,0,0,
slot1,1,1,292,2149249188,0,0,OTHER,,,,,,,0,0,
slot1,1,1,293,2149249192,0,0,OTHER,,,,,,,0,0,
slot1,1,1,294,2149249196,0,0,OTHER,,,,,,,0,0,
slot1,1,1,295,2149249200,0,0,OTHER,,,,,,,0,0,
slot1,1,1,296,2149249204,0,0,OTHER,,,,,,,0,0,
slot1,1,1,297,2149249208,0,0,OTHER,,,,,,,0,0,
slot1,1,1,298,2149249212,0,0,OTHER,,,,,,,0,0,
slot1,1,1,299,2149249216,0,0,OTHER,,,,,,,0,0,
slot1,1,1,300,2149249220,0,0,OTHER,,,,,,,0,0,
slot1,1,1,301,2149249224,0,0,OTHER,,,,,,,0,0,
slot1,1,1,302,2149249228,0,0,OTHER,,,,,,,0,0,
slot1,1,1,303,2149249232,0,0,OTHER,,,,,,,0,0,
slot1,1,1,304,2149249236,0,0,OTHER,,,,,,,0,0,
slot1,1,1,305,2149249240,0,0,OTHER,,,,,,,0,0,
slot1,1,1,306,2149249244,0,0,OTHER,,,,,,,0,0,
slot1,1,1,307,2149249248,0,0,OTHER,,,,,,,0,0,
slot1,1,1,308,2149249252,0,0,OTHER,,,,,,,0,0,
slot1,1,1,309,2149249256,0,0,OTHER,,,,,,,0,0,
slot1,1,1,310,2149249260,0,0,OTHER,,,,,,,0,0,
slot1,1,1,311,2149249264,0,0,OTHER,,,,,,,0,0,
slot1,1,1,312,2149249268,0,0,OTHER,,,,,,,0,0,
slot1,1,1,313,2149249272,0,0,OTHER,,,,,,,0,0,
slot1,1,1,314,2149249276,0,0,OTHER,,,,,,,0,0,
slot1,1,1,315,2149249280,0,0,OTHER,,,,,,,0,0,
slot1,1,1,316,2149249284,0,0,OTHER,,,,,,,0,0,
slot1,1,1,317,2149249288,0,0,OTHER,,,,,,,0,0,
slot1,1,1,318,2149249292,0,0,OTHER,,,,,,,0,0,
slot1,1,1,319,2149249296,0,0,OTHER,,,,,,,0,0,
slot1,1,1,320,2149249300,0,0,OTHER,,,,,,,0,0,
slot1,1,1,321,2149249304,0,0,OTHER,,,,,,,0,0,
slot1,1,1,322,2149249308,0,0,OTHER,,,,,,,0,0,
slot1,1,1,323,2149249312,0,0,OTHER,,,,,,,0,0,
slot1,1,1,324,2149249316,0,0,OTHER,,,,,,,0,0,
slot1,1,1,325,2149249320,0,0,OTHER,,,,,,,0,0,
slot1,1,1,326,2149249324,0,0,OTHER,,,,,,,0,0,
slot1,1,1,327,2149249328,0,0,OTHER,,,,,,,0,0,
slot1,1,1,328,2149249332,0,0,OTHER,,,,,,,0,0,
slot1,1,1,329,2149249336,0,0,OTHER,,,,,,,0,0,
slot1,1,1,330,2149249340,0,0,OTHER,,,,,,,0,0,
slot1,1,1,331,2149249344,0,0,OTHER,,,,,,,0,0,
slot1,1,1,332,2149249348,0,0,OTHER,,,,,,,0,0,
slot1,1,1,333,2149249352,0,0,OTHER,,,,,,,0,0,
slot1,1,1,334,2149249356,0,0,OTHER,,,,,,,0,0,
slot1,1,1,335,2149249360,0,0,OTHER,,,,,,,0,0,
slot1,1,1,336,2149249364,0,0,OTHER,,,,,,,0,0,
slot1,1,1,337,2149249368,0,0,OTHER,,,,,,,0,0,
slot1,1,1,338,2149249372,0,0,OTHER,,,,,,,0,0,
slot1,1,1,339,2149249376,0,0,OTHER,,,,,,,0,0,
slot1,1,1,340,2149249380,0,0,OTHER,,,,,,,0,0,
slot1,1,1,341,2149249384,0,0,OTHER,,,,,,,0,0,
slot1,1,1,342,2149249388,0,0,OTHER,,,,,,,0,0,
slot1,1,1,343,2149249392,0,0,OTHER,,,,,,,0,0,
slot1,1,1,344,2149249396,0,0,OTHER,,,,,,,0,0,
slot1,1,1,345,2149249400,0,0,OTHER,,,,,,,0,0,
slot1,1,1,346,2149249404,0,0,OTHER,,,,,,,0,0,
slot1,1,1,347,2149249408,0,0,OTHER,,,,,,,0,0,
slot1,1,1,348,2149249412,0,0,OTHER,,,,,,,0,0,
slot1,1,1,349,2149249416,0,0,OTHER,,,,,,,0,0,
slot1,1,1,350,2149249420,0,0,OTHER,,,,,,,0,0,
slot1,1,1,351,2149249424,0,0,OTHER,,,,,,,0,0,
slot1,1,1,352,2149249428,0,0,OTHER,,,,,,,0,0,
slot1,1,1,353,2149249432,0,0,OTHER,,,,,,,0,0,
slot1,1,1,354,2149249436,0,0,OTHER,,,,,,,0,0,
slot1,1,1,355,2149249440,0,0,OTHER,,,,,,,0,0,
slot1,1,1,356,2149249444,0,0,OTHER,,,,,,,0,0,
slot1,1,1,357,2149249448,0,0,OTHER,,,,,,,0,0,
slot1,1,1,358,2149249452,0,0,OTHER,,,,,,,0,0,
slot1,1,1,359,2149249456,0,0,OTHER,,,,,,,0,0,
slot1,1,1,360,2149249460,0,0,OTHER,,,,,,,0,0,
slot1,1,1,361,2149249464,0,0,OTHER,,,,,,,0,0,
slot1,1,1,362,2149249468,0,0,OTHER,,,,,,,0,0,
slot1,1,1,363,2149249472,0,0,OTHER,,,,,,,0,0,
slot1,1,1,364,2149249476,0,0,OTHER,,,,,,,0,0,
slot1,1,1,365,2149249480,0,0,OTHER,,,,,,,0,0,
slot1,1,1,366,2149249484,0,0,OTHER,,,,,,,0,0,
slot1,1,1,367,2149249488,0,0,OTHER,,,,,,,0,0,
slot1,1,1,368,2149249492,0,0,OTHER,,,,,,,0,0,
slot1,1,1,369,2149249496,0,0,OTHER,,,,,,,0,0,
slot1,1,1,370,2149249500,0,0,OTHER,,,,,,,0,0,
slot1,1,1,371,2149249504,0,0,OTHER,,,,,,,0,0,
slot1,1,1,372,2149249508,0,0,OTHER,,,,,,,0,0,
slot1,1,1,373,2149249512,0,0,OTHER,,,,,,,0,0,
slot1,1,1,374,2149249516,0,0,OTHER,,,,,,,0,0,
slot1,1,1,375,2149249520,0,0,OTHER,,,,,,,0,0,
slot1,1,1,376,2149249524,0,0,OTHER,,,,,,,0,0,
slot1,1,1,377,2149249528,0,0,OTHER,,,,,,,0,0,
slot1,1,1,378,2149249532,0,0,OTHER,,,,,,,0,0,
slot1,1,1,379,2149249536,0,0,OTHER,,,,,,,0,0,
slot1,1,1,380,2149249540,0,0,OTHER,,,,,,,0,0,
slot1,1,1,381,2149249544,0,0,OTHER,,,,,,,0,0,
slot1,1,1,382,2149249548,0,0,OTHER,,,,,,,0,0,
slot1,1,1,383,2149249552,0,0,OTHER,,,,,,,0,0,
slot1,1,1,384,2149249556,0,0,OTHER,,,,,,,0,0,
slot1,1,1,385,2149249560,0,0,OTHER,,,,,,,0,0,
slot1,1,1,386,2149249564,0,0,OTHER,,,,,,,0,0,
slot1,1,1,387,2149249568,0,0,OTHER,,,,,,,0,0,
slot1,1,1,388,2149249572,0,0,OTHER,,,,,,,0,0,
slot1,1,1,389,2149249576,0,0,OTHER,,,,,,,0,0,
slot1,1,1,390,2149249580,0,0,OTHER,,,,,,,0,0,
slot1,1,1,391,2149249584,0,0,OTHER,,,,,,,0,0,
slot1,1,1,392,2149249588,0,0,OTHER,,,,,,,0,0,
slot1,1,1,393,2149249592,0,0,OTHER,,,,,,,0,0,
slot1,1,1,394,2149249596,0,0,OTHER,,,,,,,0,0,
slot1,1,1,395,2149249600,0,0,OTHER,,,,,,,0,0,
slot1,1,1,396,2149249604,0,0,OTHER,,,,,,,0,0,
slot1,1,1,397,2149249608,0,0,OTHER,,,,,,,0,0,
slot1,1,1,398,2149249612,0,0,OTHER,,,,,,,0,0,
slot1,1,1,399,2149249616,0,0,OTHER,,,,,,,0,0,
slot1,1,1,400,2149249620,0,0,OTHER,,,,,,,0,0,
slot1,1,1,401,2149249624,0,0,OTHER,,,,,,,0,0,
slot1,1,1,402,2149249628,0,0,OTHER,,,,,,,0,0,
slot1,1,1,403,2149249632,0,0,OTHER,,,,,,,0,0,
slot1,1,1,404,2149249636,0,0,OTHER,,,,,,,0,0,
slot1,1,1,405,2149249640,0,0,OTHER,,,,,,,0,0,
slot1,1,1,406,2149249644,0,0,OTHER,,,,,,,0,0,
slot1,1,1,407,2149249648,0,0,OTHER,,,,,,,0,0,
slot1,1,1,408,2149249652,0,0,OTHER,,,,,,,0,0,
slot1,1,1,409,2149249656,0,0,OTHER,,,,,,,0,0,
slot1,1,1,410,2149249660,0,0,OTHER,,,,,,,0,0,
slot1,1,1,411,2149249664,0,0,OTHER,,,,,,,0,0,
slot1,1,1,412,2149249668,0,0,OTHER,,,,,,,0,0,
slot1,1,1,413,2149249672,0,0,OTHER,,,,,,,0,0,
slot1,1,1,414,2149249676,0,0,OTHER,,,,,,,0,0,
slot1,1,1,415,2149249680,0,0,OTHER,,,,,,,0,0,
slot1,1,1,416,2149249684,0,0,OTHER,,,,,,,0,0,
slot1,1,1,417,2149249688,0,0,OTHER,,,,,,,0,0,
slot1,1,1,418,2149249692,0,0,OTHER,,,,,,,0,0,
slot1,1,1,419,2149249696,0,0,OTHER,,,,,,,0,0,
slot1,1,1,420,2149249700,0,0,OTHER,,,,,,,0,0,
slot1,1,1,421,2149249704,0,0,OTHER,,,,,,,0,0,
slot1,1,1,422,2149249708,0,0,OTHER,,,,,,,0,0,
slot1,1,1,423,2149249712,0,0,OTHER,,,,,,,0,0,
slot1,1,1,424,2149249716,0,0,OTHER,,,,,,,0,0,
slot1,1,1,425,2149249720,0,0,OTHER,,,,,,,0,0,
slot1,1,1,426,2149249724,0,0,OTHER,,,,,,,0,0,
slot1,1,1,427,2149249728,0,0,OTHER,,,,,,,0,0,
slot1,1,1,428,2149249732,0,0,OTHER,,,,,,,0,0,
slot1,1,1,429,2149249736,0,0,OTHER,,,,,,,0,0,
slot1,1,1,430,2149249740,0,0,OTHER,,,,,,,0,0,
slot1,1,1,431,2149249744,0,0,OTHER,,,,,,,0,0,
slot1,1,1,432,2149249748,0,0,OTHER,,,,,,,0,0,
slot1,1,1,433,2149249752,0,0,OTHER,,,,,,,0,0,
slot1,1,1,434,2149249756,0,0,OTHER,,,,,,,0,0,
slot1,1,1,435,2149249760,0,0,OTHER,,,,,,,0,0,
slot1,1,1,436,2149249764,0,0,OTHER,,,,,,,0,0,
slot1,1,1,437,2149249768,0,0,OTHER,,,,,,,0,0,
slot1,1,1,438,2149249772,0,0,OTHER,,,,,,,0,0,
slot1,1,1,439,2149249776,0,0,OTHER,,,,,,,0,0,
slot1,1,1,440,2149249780,0,0,OTHER,,,,,,,0,0,
slot1,1,1,441,2149249784,0,0,OTHER,,,,,,,0,0,
slot1,1,1,442,2149249788,0,0,OTHER,,,,,,,0,0,
slot1,1,1,443,2149249792,0,0,OTHER,,,,,,,0,0,
slot1,1,1,444,2149249796,0,0,OTHER,,,,,,,0,0,
slot1,1,1,445,2149249800,0,0,OTHER,,,,,,,0,0,
slot1,1,1,446,2149249804,0,0,OTHER,,,,,,,0,0,
slot1,1,1,447,2149249808,0,0,OTHER,,,,,,,0,0,
slot1,1,1,448,2149249812,0,0,OTHER,,,,,,,0,0,
slot1,1,1,449,2149249816,0,0,OTHER,,,,,,,0,0,
slot1,1,1,450,2149249820,0,0,OTHER,,,,,,,0,0,
slot1,1,1,451,2149249824,0,0,OTHER,,,,,,,0,0,
slot1,1,1,452,2149249828,0,0,OTHER,,,,,,,0,0,
slot1,1,1,453,2149249832,0,0,OTHER,,,,,,,0,0,
slot1,1,1,454,2149249836,0,0,OTHER,,,,,,,0,0,
slot1,1,1,455,2149249840,0,0,OTHER,,,,,,,0,0,
slot1,1,1,456,2149249844,0,0,OTHER,,,,,,,0,0,
slot1,1,1,457,2149249848,0,0,OTHER,,,,,,,0,0,
slot1,1,1,458,2149249852,0,0,OTHER,,,,,,,0,0,
slot1,1,1,459,2149249856,0,0,OTHER,,,,,,,0,0,
slot1,1,1,460,2149249860,0,0,OTHER,,,,,,,0,0,
slot1,1,1,461,2149249864,0,0,OTHER,,,,,,,0,0,
slot1,1,1,462,2149249868,0,0,OTHER,,,,,,,0,0,
slot1,1,1,463,2149249872,0,0,OTHER,,,,,,,0,0,
slot1,1,1,464,2149249876,0,0,OTHER,,,,,,,0,0,
slot1,1,1,465,2149249880,0,0,OTHER,,,,,,,0,0,
slot1,1,1,466,2149249884,0,0,OTHER,,,,,,,0,0,
slot1,1,1,467,2149249888,0,0,OTHER,,,,,,,0,0,
slot1,1,1,468,2149249892,0,0,OTHER,,,,,,,0,0,
slot1,1,1,469,2149249896,0,0,OTHER,,,,,,,0,0,
slot1,1,1,470,2149249900,0,0,OTHER,,,,,,,0,0,
slot1,1,1,471,2149249904,0,0,OTHER,,,,,,,0,0,
slot1,1,1,472,2149249908,0,0,OTHER,,,,,,,0,0,
slot1,1,1,473,2149249912,0,0,OTHER,,,,,,,0,0,
slot1,1,1,474,2149249916,0,0,OTHER,,,,,,,0,0,
slot1,1,1,475,2149249920,0,0,OTHER,,,,,,,0,0,
slot1,1,1,476,2149249924,0,0,OTHER,,,,,,,0,0,
slot1,1,1,477,2149249928,0,0,OTHER,,,,,,,0,0,
slot1,1,1,478,2149249932,0,0,OTHER,,,,,,,0,0,
slot1,1,1,479,2149249936,0,0,OTHER,,,,,,,0,0,
slot1,1,1,480,2149249940,0,0,OTHER,,,,,,,0,0,
slot1,1,1,481,2149249944,0,0,OTHER,,,,,,,0,0,
slot1,1,1,482,2149249948,0,0,OTHER,,,,,,,0,0,
slot1,1,1,483,2149249952,0,0,OTHER,,,,,,,0,0,
slot1,1,1,484,2149249956,0,0,OTHER,,,,,,,0,0,
slot1,1,1,485,2149249960,0,0,OTHER,,,,,,,0,0,
slot1,1,1,486,2149249964,0,0,OTHER,,,,,,,0,0,
slot1,1,1,487,2149249968,0,0,OTHER,,,,,,,0,0,
slot1,1,1,488,2149249972,0,0,OTHER,,,,,,,0,0,
slot1,1,1,489,2149249976,0,0,OTHER,,,,,,,0,0,
slot1,1,1,490,2149249980,0,0,OTHER,,,,,,,0,0,
slot1,1,1,491,2149249984,0,0,OTHER,,,,,,,0,0,
slot1,1,1,492,2149249988,0,0,OTHER,,,,,,,0,0,
slot1,1,1,493,2149249992,0,0,OTHER,,,,,,,0,0,
slot1,1,1,494,2149249996,0,0,OTHER,,,,,,,0,0,
slot1,1,1,495,2149250000,0,0,OTHER,,,,,,,0,0,
slot1,1,1,496,2149250004,0,0,OTHER,,,,,,,0,0,
slot1,1,1,497,2149250008,0,0,OTHER,,,,,,,0,0,
slot1,1,1,498,2149250012,0,0,OTHER,,,,,,,0,0,
slot1,1,1,499,2149250016,0,0,OTHER,,,,,,,0,0,
slot1,1,1,500,2149250020,0,0,OTHER,,,,,,,0,0,
slot1,1,1,501,2149250024,0,0,OTHER,,,,,,,0,0,
slot1,1,1,502,2149250028,0,0,OTHER,,,,,,,0,0,
slot1,1,1,503,2149250032,0,0,OTHER,,,,,,,0,0,
slot1,1,1,504,2149250036,0,0,OTHER,,,,,,,0,0,
slot1,1,1,505,2149250040,0,0,OTHER,,,,,,,0,0,
slot1,1,1,506,2149250044,0,0,OTHER,,,,,,,0,0,
slot1,1,1,507,2149250048,0,0,OTHER,,,,,,,0,0,
slot1,1,1,508,2149250052,0,0,OTHER,,,,,,,0,0,
slot1,1,1,509,2149250056,0,0,OTHER,,,,,,,0,0,
slot1,1,1,510,2149250060,0,0,OTHER,,,,,,,0,0,
slot1,1,1,511,2149525032,2,225,DR_TPAGE,21,,,,,,0,0,
slot1,1,1,512,2149524772,9,45,FT4,21,16,15,125,9,,0,0,
slot1,1,1,513,2149524732,9,45,FT4,21,16,15,125,9,,0,0,
slot1,1,1,514,2149524692,9,45,FT4,21,16,16,125,9,,0,0,
slot1,1,1,515,2149524652,9,45,FT4,21,16,16,125,9,,0,0,
slot1,1,1,516,2149525044,2,225,DR_TPAGE,21,,,,,,0,0,
slot1,1,1,517,2149524852,9,45,FT4,21,15,16,9,65,,0,0,
slot1,1,1,518,2149524812,9,45,FT4,21,16,16,9,65,,0,0,
slot1,1,1,519,2149525056,2,225,DR_TPAGE,21,,,,,,0,0,
slot1,1,1,520,2149524932,9,45,FT4,21,28,16,125,65,,0,0,
slot1,1,1,521,2149524892,9,45,FT4,21,16,16,125,65,,0,0,
slot1,1,1,522,2149525020,2,225,DR_TPAGE,21,,,,,,0,0,
slot1,1,1,523,2149524612,9,45,FT4,21,111,47,9,9,,0,0,
slot1,1,1,524,2149524572,9,45,FT4,21,112,47,9,9,,0,0,
slot1,1,1,525,2149524532,9,45,FT4,21,111,48,9,9,,0,0,
slot1,1,1,526,2149524492,9,45,FT4,21,112,48,9,9,,0,0,
slot1,1,1,527,2149319580,2,225,DR_TPAGE,31,,,,,,0,0,
slot1,1,1,528,2149555580,2,225,DR_TPAGE,5,,,,,,0,0,
slot1,1,1,529,2149315472,4,101,SPRT,5,168,12,12,12,32704,0,0,
slot1,1,1,530,2149315420,4,101,SPRT,5,24,24,12,12,32705,0,0,
slot1,1,1,531,2149315368,4,101,SPRT,5,84,24,12,12,32705,0,0,
slot1,1,1,532,2149315316,4,101,SPRT,5,204,96,12,12,32705,0,0,
slot1,1,1,533,2149315264,4,101,SPRT,5,240,0,12,12,32705,0,0,
slot1,1,1,534,2149315212,4,101,SPRT,5,120,24,12,12,32707,0,0,
slot1,1,1,535,2149315160,4,101,SPRT,5,204,12,12,12,32704,0,0,
slot1,1,1,536,2149315108,4,101,SPRT,5,0,120,12,12,32707,0,0,
slot1,1,1,537,2149315056,4,101,SPRT,5,64,0,6,12,32707,0,0,
slot1,1,1,538,2149315004,4,101,SPRT,5,52,0,6,12,32704,0,0,
slot1,1,1,539,2149314952,4,101,SPRT,5,108,0,12,12,32704,0,0,
slot1,1,1,540,2149314900,4,101,SPRT,5,52,0,6,12,32705,0,0,
slot1,1,1,541,2149314848,4,101,SPRT,5,4,0,6,12,32704,0,0,
slot1,1,1,542,2149314796,4,101,SPRT,5,4,0,6,12,32704,0,0,
slot1,1,1,543,2149314744,4,101,SPRT,5,4,0,6,12,32704,0,0,
slot1,1,1,544,2149314692,4,101,SPRT,5,52,0,6,12,32706,0,0,
slot1,1,1,545,2149314640,4,101,SPRT,5,52,0,6,12,32705,0,0,
slot1,1,1,546,2149314588,4,101,SPRT,5,132,60,12,12,32706,0,0,
slot1,1,1,547,2149314536,4,101,SPRT,5,48,0,12,12,32707,0,0,
slot1,1,1,548,2149314484,4,101,SPRT,5,192,12,12,12,32704,0,0,
slot1,1,1,549,2149314432,4,101,SPRT,5,60,24,12,12,32704,0,0,
slot1,1,1,550,2149314380,4,101,SPRT,5,12,120,12,12,32705,0,0,
slot1,1,1,551,2149314328,4,101,SPRT,5,72,12,12,12,32706,0,0,
slot1,1,1,552,2149314276,4,101,SPRT,5,76,0,6,12,32705,0,0,
slot1,1,1,553,2149314224,4,101,SPRT,5,52,0,6,12,32706,0,0,
slot1,1,1,554,2149314172,4,101,SPRT,5,108,0,12,12,32704,0,0,
slot1,1,1,555,2149314120,4,101,SPRT,5,52,0,6,12,32705,0,0,
slot1,1,1,556,2149314068,4,101,SPRT,5,4,0,6,12,32704,0,0,
slot1,1,1,557,2149314016,4,101,SPRT,5,4,0,6,12,32704,0,0,
slot1,1,1,558,2149313964,4,101,SPRT,5,4,0,6,12,32704,0,0,
slot1,1,1,559,2149313912,4,101,SPRT,5,64,0,6,12,32704,0,0,
slot1,1,1,560,2149313860,4,101,SPRT,5,52,0,6,12,32705,0,0,
slot1,1,1,561,2149313808,4,101,SPRT,5,132,60,12,12,32706,0,0,
slot1,1,1,562,2149313756,4,101,SPRT,5,48,0,12,12,32706,0,0,
slot1,1,1,563,2149313704,4,101,SPRT,5,192,12,12,12,32704,0,0,
slot1,1,1,564,2149313652,4,101,SPRT,5,60,24,12,12,32704,0,0,
slot1,1,1,565,2149313600,4,101,SPRT,5,12,120,12,12,32705,0,0,
slot1,1,1,566,2149313548,4,101,SPRT,5,72,12,12,12,32706,0,0,
slot1,1,1,567,2149313496,4,101,SPRT,5,52,0,6,12,32706,0,0,
slot1,1,1,568,2149313444,4,101,SPRT,5,64,0,6,12,32704,0,0,
slot1,1,1,569,2149313392,4,101,SPRT,5,108,0,12,12,32704,0,0,
slot1,1,1,570,2149313340,4,101,SPRT,5,52,0,6,12,32704,0,0,
slot1,1,1,571,2149313288,4,101,SPRT,5,4,0,6,12,32704,0,0,
slot1,1,1,572,2149313236,4,101,SPRT,5,4,0,6,12,32704,0,0,
slot1,1,1,573,2149313184,4,101,SPRT,5,4,0,6,12,32704,0,0,
slot1,1,1,574,2149313132,4,101,SPRT,5,64,0,6,12,32704,0,0,
slot1,1,1,575,2149313080,4,101,SPRT,5,4,0,6,12,32704,0,0,
slot1,1,1,576,2149313028,4,101,SPRT,5,132,60,12,12,32706,0,0,
slot1,1,1,577,2149312976,4,101,SPRT,5,48,0,12,12,32705,0,0,
slot1,1,1,578,2149517148,2,225,DR_TPAGE,21,,,,,,0,0,
slot1,1,1,579,2149516888,9,45,FT4,21,16,15,125,9,,0,0,
slot1,1,1,580,2149516848,9,45,FT4,21,16,15,125,9,,0,0,
slot1,1,1,581,2149516808,9,45,FT4,21,16,16,125,9,,0,0,
slot1,1,1,582,2149516768,9,45,FT4,21,16,16,125,9,,0,0,
slot1,1,1,583,2149517160,2,225,DR_TPAGE,21,,,,,,0,0,
slot1,1,1,584,2149516968,9,45,FT4,21,15,16,9,25,,0,0,
slot1,1,1,585,2149516928,9,45,FT4,21,16,16,9,25,,0,0,
slot1,1,1,586,2149517172,2,225,DR_TPAGE,21,,,,,,0,0,
slot1,1,1,587,2149517048,9,45,FT4,21,28,16,125,25,,0,0,
slot1,1,1,588,2149517008,9,45,FT4,21,16,16,125,25,,0,0,
slot1,1,1,589,2149517136,2,225,DR_TPAGE,21,,,,,,0,0,
slot1,1,1,590,2149516728,9,45,FT4,21,111,47,9,9,,0,0,
slot1,1,1,591,2149516688,9,45,FT4,21,112,47,9,9,,0,0,
slot1,1,1,592,2149516648,9,45,FT4,21,111,48,9,9,,0,0,
slot1,1,1,593,2149516608,9,45,FT4,21,112,48,9,9,,0,0,
slot1,1,1,594,2149516028,2,225,DR_TPAGE,31,,,,,,0,0,
slot1,1,1,595,2149514936,4,101,SPRT,31,4,224,12,12,32704,1,1,0
slot1,1,1,596,2149516116,2,225,DR_TPAGE,5,,,,,,0,0,
slot1,1,1,597,2149515092,4,101,SPRT,5,156,12,12,12,32706,0,0,
slot1,1,1,598,2149515040,4,101,SPRT,5,120,24,12,12,32706,0,0,
slot1,1,1,599,2149514988,4,101,SPRT,5,0,24,12,12,32704,0,0,
slot1,1,1,600,2149514884,4,101,SPRT,5,0,132,12,12,32706,0,0,
slot1,1,1,601,2149514832,4,101,SPRT,5,204,12,12,12,32707,0,0,
slot1,1,1,602,2149514780,4,101,SPRT,5,48,12,12,12,32704,0,0,
slot1,1,1,603,2149514728,4,101,SPRT,5,168,12,12,12,32704,0,0,
slot1,1,1,604,2149514676,4,101,SPRT,5,84,72,12,12,32706,0,0,
slot1,1,1,605,2149514624,4,101,SPRT,5,12,24,12,12,32704,0,0,
slot1,1,1,606,2149514572,4,101,SPRT,5,204,12,12,12,32707,0,0,
slot1,1,1,607,2149514520,4,101,SPRT,5,36,24,12,12,32707,0,0,
slot1,1,1,608,2149514468,4,101,SPRT,5,228,12,12,12,32706,0,0,
slot1,1,1,609,2149514416,4,101,SPRT,5,204,132,12,12,32706,0,0,
slot1,1,1,610,2149250064,0,0,OTHER,5,,,,,,0,0,
slot1,1,1,611,2149227900,9,45,FT4,21,160,192,41,17,,0,0,
slot1,1,1,612,2149227860,9,45,FT4,21,80,192,41,17,,0,0,
slot1,1,1,613,2149250068,0,0,OTHER,5,,,,,,0,0,
slot2,0,1,0,2149245528,0,0,OTHER,,,,,,,0,0,
slot2,0,1,1,2149513660,8,57,OTHER,,,,,,,0,0,
slot2,0,1,2,2149161940,2,225,DR_TPAGE,15,,,,,,0,0,
slot2,0,1,3,2149278696,4,100,SPRT,15,0,0,128,96,30912,0,0,
slot2,0,1,4,2149278676,4,100,SPRT,15,0,0,128,96,30912,0,0,
slot2,0,1,5,2149278656,4,100,SPRT,15,0,0,128,96,30912,0,0,
slot2,0,1,6,2149278636,4,100,SPRT,15,0,0,128,96,30912,0,0,
slot2,0,1,7,2149273276,9,46,FT4,14,0,32,32,33,,0,0,
slot2,0,1,8,2149273236,9,46,FT4,14,0,32,33,33,,0,0,
slot2,0,1,9,2149273196,9,46,FT4,14,0,0,32,33,,0,0,
slot2,0,1,10,2149273156,9,46,FT4,14,31,0,33,33,,0,0,
slot2,0,1,11,2149273116,9,46,FT4,14,63,0,33,33,,0,0,
slot2,0,1,12,2149273076,9,46,FT4,14,95,0,33,33,,0,0,
slot2,0,1,13,2149273036,9,46,FT4,14,96,0,33,33,,0,0,
slot2,0,1,14,2149272996,9,46,FT4,14,64,0,33,33,,0,0,
slot2,0,1,15,2149272956,9,46,FT4,14,32,0,33,33,,0,0,
slot2,0,1,16,2149272916,9,46,FT4,14,0,0,33,33,,0,0,
slot2,0,1,17,2149268116,9,46,FT4,14,96,32,33,33,,0,0,
slot2,0,1,18,2149268076,9,46,FT4,14,96,32,33,33,,0,0,
slot2,0,1,19,2149268036,9,46,FT4,14,96,32,33,33,,0,0,
slot2,0,1,20,2149267996,9,46,FT4,14,96,32,33,33,,0,0,
slot2,0,1,21,2149267956,9,46,FT4,14,96,32,33,33,,0,0,
slot2,0,1,22,2149267916,9,46,FT4,14,96,32,33,33,,0,0,
slot2,0,1,23,2149267876,9,46,FT4,14,96,32,33,33,,0,0,
slot2,0,1,24,2149267836,9,46,FT4,14,96,32,33,33,,0,0,
slot2,0,1,25,2149267796,9,46,FT4,14,96,32,33,33,,0,0,
slot2,0,1,26,2149267756,9,46,FT4,14,96,32,33,33,,0,0,
slot2,0,1,27,2149267716,9,46,FT4,14,96,32,33,33,,0,0,
slot2,0,1,28,2149267676,9,46,FT4,14,0,64,32,33,,0,0,
slot2,0,1,29,2149267636,9,46,FT4,14,31,64,33,33,,0,0,
slot2,0,1,30,2149267596,9,46,FT4,14,63,64,33,33,,0,0,
slot2,0,1,31,2149267556,9,46,FT4,14,95,64,33,33,,0,0,
slot2,0,1,32,2149267516,9,46,FT4,14,96,64,33,33,,0,0,
slot2,0,1,33,2149267476,9,46,FT4,14,64,64,33,33,,0,0,
slot2,0,1,34,2149267436,9,46,FT4,14,32,64,33,33,,0,0,
slot2,0,1,35,2149267396,9,46,FT4,14,0,64,33,33,,0,0,
slot2,0,1,36,2149267356,9,46,FT4,14,96,32,33,33,,0,0,
slot2,0,1,37,2149267316,9,46,FT4,14,96,32,33,33,,0,0,
slot2,0,1,38,2149267276,9,46,FT4,14,96,32,33,33,,0,0,
slot2,0,1,39,2149267236,9,46,FT4,14,96,32,33,33,,0,0,
slot2,0,1,40,2149267196,9,46,FT4,14,96,32,33,33,,0,0,
slot2,0,1,41,2149262964,2,225,DR_TPAGE,13,,,,,,0,0,
slot2,0,1,42,2149527884,4,100,SPRT,13,32,16,192,112,30784,0,0,
slot2,0,1,43,2149527828,4,102,SPRT,13,32,144,192,112,30790,0,0,
slot2,0,1,44,2149245532,0,0,OTHER,13,,,,,,0,0,
slot2,0,1,45,2149245536,0,0,OTHER,13,,,,,,0,0,
slot2,0,1,46,2149245540,0,0,OTHER,13,,,,,,0,0,
slot2,0,1,47,2149245544,0,0,OTHER,13,,,,,,0,0,
slot2,0,1,48,2149245548,0,0,OTHER,13,,,,,,0,0,
slot2,0,1,49,2149245552,0,0,OTHER,13,,,,,,0,0,
slot2,0,1,50,2149245556,0,0,OTHER,13,,,,,,0,0,
slot2,0,1,51,2149245560,0,0,OTHER,13,,,,,,0,0,
slot2,0,1,52,2149245564,0,0,OTHER,13,,,,,,0,0,
slot2,0,1,53,2149245568,0,0,OTHER,13,,,,,,0,0,
slot2,0,1,54,2149245572,0,0,OTHER,13,,,,,,0,0,
slot2,0,1,55,2149245576,0,0,OTHER,13,,,,,,0,0,
slot2,0,1,56,2149245580,0,0,OTHER,13,,,,,,0,0,
slot2,0,1,57,2149245584,0,0,OTHER,13,,,,,,0,0,
slot2,0,1,58,2149245588,0,0,OTHER,13,,,,,,0,0,
slot2,0,1,59,2149245592,0,0,OTHER,13,,,,,,0,0,
slot2,0,1,60,2149245596,0,0,OTHER,13,,,,,,0,0,
slot2,0,1,61,2149245600,0,0,OTHER,13,,,,,,0,0,
slot2,0,1,62,2149245604,0,0,OTHER,13,,,,,,0,0,
slot2,0,1,63,2149245608,0,0,OTHER,13,,,,,,0,0,
slot2,0,1,64,2149245612,0,0,OTHER,13,,,,,,0,0,
slot2,0,1,65,2149245616,0,0,OTHER,13,,,,,,0,0,
slot2,0,1,66,2149245620,0,0,OTHER,13,,,,,,0,0,
slot2,0,1,67,2149245624,0,0,OTHER,13,,,,,,0,0,
slot2,0,1,68,2149245628,0,0,OTHER,13,,,,,,0,0,
slot2,0,1,69,2149245632,0,0,OTHER,13,,,,,,0,0,
slot2,0,1,70,2149245636,0,0,OTHER,13,,,,,,0,0,
slot2,0,1,71,2149245640,0,0,OTHER,13,,,,,,0,0,
slot2,0,1,72,2149245644,0,0,OTHER,13,,,,,,0,0,
slot2,0,1,73,2149245648,0,0,OTHER,13,,,,,,0,0,
slot2,0,1,74,2149245652,0,0,OTHER,13,,,,,,0,0,
slot2,0,1,75,2149245656,0,0,OTHER,13,,,,,,0,0,
slot2,0,1,76,2149245660,0,0,OTHER,13,,,,,,0,0,
slot2,0,1,77,2149245664,0,0,OTHER,13,,,,,,0,0,
slot2,0,1,78,2149245668,0,0,OTHER,13,,,,,,0,0,
slot2,0,1,79,2149245672,0,0,OTHER,13,,,,,,0,0,
slot2,0,1,80,2149245676,0,0,OTHER,13,,,,,,0,0,
slot2,0,1,81,2149245680,0,0,OTHER,13,,,,,,0,0,
slot2,0,1,82,2149245684,0,0,OTHER,13,,,,,,0,0,
slot2,0,1,83,2149245688,0,0,OTHER,13,,,,,,0,0,
slot2,0,1,84,2149245692,0,0,OTHER,13,,,,,,0,0,
slot2,0,1,85,2149245696,0,0,OTHER,13,,,,,,0,0,
slot2,0,1,86,2149245700,0,0,OTHER,13,,,,,,0,0,
slot2,0,1,87,2149245704,0,0,OTHER,13,,,,,,0,0,
slot2,0,1,88,2149245708,0,0,OTHER,13,,,,,,0,0,
slot2,0,1,89,2149245712,0,0,OTHER,13,,,,,,0,0,
slot2,0,1,90,2149245716,0,0,OTHER,13,,,,,,0,0,
slot2,0,1,91,2149245720,0,0,OTHER,13,,,,,,0,0,
slot2,0,1,92,2149245724,0,0,OTHER,13,,,,,,0,0,
slot2,0,1,93,2149245728,0,0,OTHER,13,,,,,,0,0,
slot2,0,1,94,2149245732,0,0,OTHER,13,,,,,,0,0,
slot2,0,1,95,2149245736,0,0,OTHER,13,,,,,,0,0,
slot2,0,1,96,2149245740,0,0,OTHER,13,,,,,,0,0,
slot2,0,1,97,2149245744,0,0,OTHER,13,,,,,,0,0,
slot2,0,1,98,2149245748,0,0,OTHER,13,,,,,,0,0,
slot2,0,1,99,2149245752,0,0,OTHER,13,,,,,,0,0,
slot2,0,1,100,2149245756,0,0,OTHER,13,,,,,,0,0,
slot2,0,1,101,2149245760,0,0,OTHER,13,,,,,,0,0,
slot2,0,1,102,2149245764,0,0,OTHER,13,,,,,,0,0,
slot2,0,1,103,2149245768,0,0,OTHER,13,,,,,,0,0,
slot2,0,1,104,2149245772,0,0,OTHER,13,,,,,,0,0,
slot2,0,1,105,2149245776,0,0,OTHER,13,,,,,,0,0,
slot2,0,1,106,2149245780,0,0,OTHER,13,,,,,,0,0,
slot2,0,1,107,2149245784,0,0,OTHER,13,,,,,,0,0,
slot2,0,1,108,2149245788,0,0,OTHER,13,,,,,,0,0,
slot2,0,1,109,2149245792,0,0,OTHER,13,,,,,,0,0,
slot2,0,1,110,2149245796,0,0,OTHER,13,,,,,,0,0,
slot2,0,1,111,2149245800,0,0,OTHER,13,,,,,,0,0,
slot2,0,1,112,2149245804,0,0,OTHER,13,,,,,,0,0,
slot2,0,1,113,2149245808,0,0,OTHER,13,,,,,,0,0,
slot2,0,1,114,2149245812,0,0,OTHER,13,,,,,,0,0,
slot2,0,1,115,2149245816,0,0,OTHER,13,,,,,,0,0,
slot2,0,1,116,2149245820,0,0,OTHER,13,,,,,,0,0,
slot2,0,1,117,2149245824,0,0,OTHER,13,,,,,,0,0,
slot2,0,1,118,2149245828,0,0,OTHER,13,,,,,,0,0,
slot2,0,1,119,2149245832,0,0,OTHER,13,,,,,,0,0,
slot2,0,1,120,2149245836,0,0,OTHER,13,,,,,,0,0,
slot2,0,1,121,2149245840,0,0,OTHER,13,,,,,,0,0,
slot2,0,1,122,2149245844,0,0,OTHER,13,,,,,,0,0,
slot2,0,1,123,2149245848,0,0,OTHER,13,,,,,,0,0,
slot2,0,1,124,2149245852,0,0,OTHER,13,,,,,,0,0,
slot2,0,1,125,2149245856,0,0,OTHER,13,,,,,,0,0,
slot2,0,1,126,2149245860,0,0,OTHER,13,,,,,,0,0,
slot2,0,1,127,2149245864,0,0,OTHER,13,,,,,,0,0,
slot2,0,1,128,2149245868,0,0,OTHER,13,,,,,,0,0,
slot2,0,1,129,2149245872,0,0,OTHER,13,,,,,,0,0,
slot2,0,1,130,2149245876,0,0,OTHER,13,,,,,,0,0,
slot2,0,1,131,2149245880,0,0,OTHER,13,,,,,,0,0,
slot2,0,1,132,2149245884,0,0,OTHER,13,,,,,,0,0,
slot2,0,1,133,2149245888,0,0,OTHER,13,,,,,,0,0,
slot2,0,1,134,2149245892,0,0,OTHER,13,,,,,,0,0,
slot2,0,1,135,2149245896,0,0,OTHER,13,,,,,,0,0,
slot2,0,1,136,2149245900,0,0,OTHER,13,,,,,,0,0,
slot2,0,1,137,2149245904,0,0,OTHER,13,,,,,,0,0,
slot2,0,1,138,2149245908,0,0,OTHER,13,,,,,,0,0,
slot2,0,1,139,2149245912,0,0,OTHER,13,,,,,,0,0,
slot2,0,1,140,2149245916,0,0,OTHER,13,,,,,,0,0,
slot2,0,1,141,2149245920,0,0,OTHER,13,,,,,,0,0,
slot2,0,1,142,2149245924,0,0,OTHER,13,,,,,,0,0,
slot2,0,1,143,2149245928,0,0,OTHER,13,,,,,,0,0,
slot2,0,1,144,2149245932,0,0,OTHER,13,,,,,,0,0,
slot2,0,1,145,2149245936,0,0,OTHER,13,,,,,,0,0,
slot2,0,1,146,2149245940,0,0,OTHER,13,,,,,,0,0,
slot2,0,1,147,2149245944,0,0,OTHER,13,,,,,,0,0,
slot2,0,1,148,2149245948,0,0,OTHER,13,,,,,,0,0,
slot2,0,1,149,2149245952,0,0,OTHER,13,,,,,,0,0,
slot2,0,1,150,2149245956,0,0,OTHER,13,,,,,,0,0,
slot2,0,1,151,2149245960,0,0,OTHER,13,,,,,,0,0,
slot2,0,1,152,2149245964,0,0,OTHER,13,,,,,,0,0,
slot2,0,1,153,2149245968,0,0,OTHER,13,,,,,,0,0,
slot2,0,1,154,2149245972,0,0,OTHER,13,,,,,,0,0,
slot2,0,1,155,2149245976,0,0,OTHER,13,,,,,,0,0,
slot2,0,1,156,2149245980,0,0,OTHER,13,,,,,,0,0,
slot2,0,1,157,2149245984,0,0,OTHER,13,,,,,,0,0,
slot2,0,1,158,2149245988,0,0,OTHER,13,,,,,,0,0,
slot2,0,1,159,2149245992,0,0,OTHER,13,,,,,,0,0,
slot2,0,1,160,2149245996,0,0,OTHER,13,,,,,,0,0,
slot2,0,1,161,2149246000,0,0,OTHER,13,,,,,,0,0,
slot2,0,1,162,2149246004,0,0,OTHER,13,,,,,,0,0,
slot2,0,1,163,2149246008,0,0,OTHER,13,,,,,,0,0,
slot2,0,1,164,2149246012,0,0,OTHER,13,,,,,,0,0,
slot2,0,1,165,2149246016,0,0,OTHER,13,,,,,,0,0,
slot2,0,1,166,2149246020,0,0,OTHER,13,,,,,,0,0,
slot2,0,1,167,2149246024,0,0,OTHER,13,,,,,,0,0,
slot2,0,1,168,2149246028,0,0,OTHER,13,,,,,,0,0,
slot2,0,1,169,2149246032,0,0,OTHER,13,,,,,,0,0,
slot2,0,1,170,2149246036,0,0,OTHER,13,,,,,,0,0,
slot2,0,1,171,2149246040,0,0,OTHER,13,,,,,,0,0,
slot2,0,1,172,2149246044,0,0,OTHER,13,,,,,,0,0,
slot2,0,1,173,2149246048,0,0,OTHER,13,,,,,,0,0,
slot2,0,1,174,2149246052,0,0,OTHER,13,,,,,,0,0,
slot2,0,1,175,2149246056,0,0,OTHER,13,,,,,,0,0,
slot2,0,1,176,2149246060,0,0,OTHER,13,,,,,,0,0,
slot2,0,1,177,2149246064,0,0,OTHER,13,,,,,,0,0,
slot2,0,1,178,2149246068,0,0,OTHER,13,,,,,,0,0,
slot2,0,1,179,2149246072,0,0,OTHER,13,,,,,,0,0,
slot2,0,1,180,2149246076,0,0,OTHER,13,,,,,,0,0,
slot2,0,1,181,2149246080,0,0,OTHER,13,,,,,,0,0,
slot2,0,1,182,2149246084,0,0,OTHER,13,,,,,,0,0,
slot2,0,1,183,2149246088,0,0,OTHER,13,,,,,,0,0,
slot2,0,1,184,2149246092,0,0,OTHER,13,,,,,,0,0,
slot2,0,1,185,2149246096,0,0,OTHER,13,,,,,,0,0,
slot2,0,1,186,2149246100,0,0,OTHER,13,,,,,,0,0,
slot2,0,1,187,2149246104,0,0,OTHER,13,,,,,,0,0,
slot2,0,1,188,2149246108,0,0,OTHER,13,,,,,,0,0,
slot2,0,1,189,2149246112,0,0,OTHER,13,,,,,,0,0,
slot2,0,1,190,2149246116,0,0,OTHER,13,,,,,,0,0,
slot2,0,1,191,2149246120,0,0,OTHER,13,,,,,,0,0,
slot2,0,1,192,2149246124,0,0,OTHER,13,,,,,,0,0,
slot2,0,1,193,2149246128,0,0,OTHER,13,,,,,,0,0,
slot2,0,1,194,2149246132,0,0,OTHER,13,,,,,,0,0,
slot2,0,1,195,2149246136,0,0,OTHER,13,,,,,,0,0,
slot2,0,1,196,2149246140,0,0,OTHER,13,,,,,,0,0,
slot2,0,1,197,2149246144,0,0,OTHER,13,,,,,,0,0,
slot2,0,1,198,2149246148,0,0,OTHER,13,,,,,,0,0,
slot2,0,1,199,2149246152,0,0,OTHER,13,,,,,,0,0,
slot2,0,1,200,2149246156,0,0,OTHER,13,,,,,,0,0,
slot2,0,1,201,2149246160,0,0,OTHER,13,,,,,,0,0,
slot2,0,1,202,2149246164,0,0,OTHER,13,,,,,,0,0,
slot2,0,1,203,2149246168,0,0,OTHER,13,,,,,,0,0,
slot2,0,1,204,2149246172,0,0,OTHER,13,,,,,,0,0,
slot2,0,1,205,2149246176,0,0,OTHER,13,,,,,,0,0,
slot2,0,1,206,2149246180,0,0,OTHER,13,,,,,,0,0,
slot2,0,1,207,2149246184,0,0,OTHER,13,,,,,,0,0,
slot2,0,1,208,2149246188,0,0,OTHER,13,,,,,,0,0,
slot2,0,1,209,2149246192,0,0,OTHER,13,,,,,,0,0,
slot2,0,1,210,2149246196,0,0,OTHER,13,,,,,,0,0,
slot2,0,1,211,2149246200,0,0,OTHER,13,,,,,,0,0,
slot2,0,1,212,2149246204,0,0,OTHER,13,,,,,,0,0,
slot2,0,1,213,2149246208,0,0,OTHER,13,,,,,,0,0,
slot2,0,1,214,2149246212,0,0,OTHER,13,,,,,,0,0,
slot2,0,1,215,2149246216,0,0,OTHER,13,,,,,,0,0,
slot2,0,1,216,2149246220,0,0,OTHER,13,,,,,,0,0,
slot2,0,1,217,2149246224,0,0,OTHER,13,,,,,,0,0,
slot2,0,1,218,2149246228,0,0,OTHER,13,,,,,,0,0,
slot2,0,1,219,2149246232,0,0,OTHER,13,,,,,,0,0,
slot2,0,1,220,2149246236,0,0,OTHER,13,,,,,,0,0,
slot2,0,1,221,2149246240,0,0,OTHER,13,,,,,,0,0,
slot2,0,1,222,2149246244,0,0,OTHER,13,,,,,,0,0,
slot2,0,1,223,2149246248,0,0,OTHER,13,,,,,,0,0,
slot2,0,1,224,2149246252,0,0,OTHER,13,,,,,,0,0,
slot2,0,1,225,2149246256,0,0,OTHER,13,,,,,,0,0,
slot2,0,1,226,2149246260,0,0,OTHER,13,,,,,,0,0,
slot2,0,1,227,2149246264,0,0,OTHER,13,,,,,,0,0,
slot2,0,1,228,2149246268,0,0,OTHER,13,,,,,,0,0,
slot2,0,1,229,2149246272,0,0,OTHER,13,,,,,,0,0,
slot2,0,1,230,2149246276,0,0,OTHER,13,,,,,,0,0,
slot2,0,1,231,2149246280,0,0,OTHER,13,,,,,,0,0,
slot2,0,1,232,2149246284,0,0,OTHER,13,,,,,,0,0,
slot2,0,1,233,2149246288,0,0,OTHER,13,,,,,,0,0,
slot2,0,1,234,2149246292,0,0,OTHER,13,,,,,,0,0,
slot2,0,1,235,2149246296,0,0,OTHER,13,,,,,,0,0,
slot2,0,1,236,2149246300,0,0,OTHER,13,,,,,,0,0,
slot2,0,1,237,2149246304,0,0,OTHER,13,,,,,,0,0,
slot2,0,1,238,2149246308,0,0,OTHER,13,,,,,,0,0,
slot2,0,1,239,2149246312,0,0,OTHER,13,,,,,,0,0,
slot2,0,1,240,2149246316,0,0,OTHER,13,,,,,,0,0,
slot2,0,1,241,2149246320,0,0,OTHER,13,,,,,,0,0,
slot2,0,1,242,2149246324,0,0,OTHER,13,,,,,,0,0,
slot2,0,1,243,2149246328,0,0,OTHER,13,,,,,,0,0,
slot2,0,1,244,2149246332,0,0,OTHER,13,,,,,,0,0,
slot2,0,1,245,2149246336,0,0,OTHER,13,,,,,,0,0,
slot2,0,1,246,2149246340,0,0,OTHER,13,,,,,,0,0,
slot2,0,1,247,2149246344,0,0,OTHER,13,,,,,,0,0,
slot2,0,1,248,2149246348,0,0,OTHER,13,,,,,,0,0,
slot2,0,1,249,2149246352,0,0,OTHER,13,,,,,,0,0,
slot2,0,1,250,2149246356,0,0,OTHER,13,,,,,,0,0,
slot2,0,1,251,2149246360,0,0,OTHER,13,,,,,,0,0,
slot2,0,1,252,2149246364,0,0,OTHER,13,,,,,,0,0,
slot2,0,1,253,2149246368,0,0,OTHER,13,,,,,,0,0,
slot2,0,1,254,2149246372,0,0,OTHER,13,,,,,,0,0,
slot2,0,1,255,2149246376,0,0,OTHER,13,,,,,,0,0,
slot2,0,1,256,2149246380,0,0,OTHER,13,,,,,,0,0,
slot2,0,1,257,2149246384,0,0,OTHER,13,,,,,,0,0,
slot2,0,1,258,2149246388,0,0,OTHER,13,,,,,,0,0,
slot2,0,1,259,2149246392,0,0,OTHER,13,,,,,,0,0,
slot2,0,1,260,2149246396,0,0,OTHER,13,,,,,,0,0,
slot2,0,1,261,2149246400,0,0,OTHER,13,,,,,,0,0,
slot2,0,1,262,2149246404,0,0,OTHER,13,,,,,,0,0,
slot2,0,1,263,2149246408,0,0,OTHER,13,,,,,,0,0,
slot2,0,1,264,2149246412,0,0,OTHER,13,,,,,,0,0,
slot2,0,1,265,2149246416,0,0,OTHER,13,,,,,,0,0,
slot2,0,1,266,2149246420,0,0,OTHER,13,,,,,,0,0,
slot2,0,1,267,2149246424,0,0,OTHER,13,,,,,,0,0,
slot2,0,1,268,2149246428,0,0,OTHER,13,,,,,,0,0,
slot2,0,1,269,2149246432,0,0,OTHER,13,,,,,,0,0,
slot2,0,1,270,2149246436,0,0,OTHER,13,,,,,,0,0,
slot2,0,1,271,2149246440,0,0,OTHER,13,,,,,,0,0,
slot2,0,1,272,2149246444,0,0,OTHER,13,,,,,,0,0,
slot2,0,1,273,2149246448,0,0,OTHER,13,,,,,,0,0,
slot2,0,1,274,2149246452,0,0,OTHER,13,,,,,,0,0,
slot2,0,1,275,2149246456,0,0,OTHER,13,,,,,,0,0,
slot2,0,1,276,2149246460,0,0,OTHER,13,,,,,,0,0,
slot2,0,1,277,2149246464,0,0,OTHER,13,,,,,,0,0,
slot2,0,1,278,2149246468,0,0,OTHER,13,,,,,,0,0,
slot2,0,1,279,2149246472,0,0,OTHER,13,,,,,,0,0,
slot2,0,1,280,2149246476,0,0,OTHER,13,,,,,,0,0,
slot2,0,1,281,2149246480,0,0,OTHER,13,,,,,,0,0,
slot2,0,1,282,2149246484,0,0,OTHER,13,,,,,,0,0,
slot2,0,1,283,2149246488,0,0,OTHER,13,,,,,,0,0,
slot2,0,1,284,2149246492,0,0,OTHER,13,,,,,,0,0,
slot2,0,1,285,2149246496,0,0,OTHER,13,,,,,,0,0,
slot2,0,1,286,2149246500,0,0,OTHER,13,,,,,,0,0,
slot2,0,1,287,2149246504,0,0,OTHER,13,,,,,,0,0,
slot2,0,1,288,2149246508,0,0,OTHER,13,,,,,,0,0,
slot2,0,1,289,2149246512,0,0,OTHER,13,,,,,,0,0,
slot2,0,1,290,2149246516,0,0,OTHER,13,,,,,,0,0,
slot2,0,1,291,2149246520,0,0,OTHER,13,,,,,,0,0,
slot2,0,1,292,2149246524,0,0,OTHER,13,,,,,,0,0,
slot2,0,1,293,2149246528,0,0,OTHER,13,,,,,,0,0,
slot2,0,1,294,2149246532,0,0,OTHER,13,,,,,,0,0,
slot2,0,1,295,2149246536,0,0,OTHER,13,,,,,,0,0,
slot2,0,1,296,2149246540,0,0,OTHER,13,,,,,,0,0,
slot2,0,1,297,2149246544,0,0,OTHER,13,,,,,,0,0,
slot2,0,1,298,2149246548,0,0,OTHER,13,,,,,,0,0,
slot2,0,1,299,2149418812,9,44,FT4,5,0,240,16,16,,0,0,
slot2,0,1,300,2149417812,9,44,FT4,5,0,224,16,16,,0,0,
slot2,0,1,301,2149417772,9,44,FT4,5,8,224,16,16,,0,0,
slot2,0,1,302,2149416932,9,44,FT4,5,0,224,16,16,,0,0,
slot2,0,1,303,2149416892,9,44,FT4,5,8,224,16,16,,0,0,
slot2,0,1,304,2149416012,9,44,FT4,5,0,224,16,16,,0,0,
slot2,0,1,305,2149415972,9,44,FT4,5,8,224,16,16,,0,0,
slot2,0,1,306,2149246552,0,0,OTHER,13,,,,,,0,0,
slot2,0,1,307,2149246556,0,0,OTHER,13,,,,,,0,0,
slot2,0,1,308,2149246560,0,0,OTHER,13,,,,,,0,0,
slot2,0,1,309,2149246564,0,0,OTHER,13,,,,,,0,0,
slot2,0,1,310,2149246568,0,0,OTHER,13,,,,,,0,0,
slot2,0,1,311,2149246572,0,0,OTHER,13,,,,,,0,0,
slot2,0,1,312,2149246576,0,0,OTHER,13,,,,,,0,0,
slot2,0,1,313,2149246580,0,0,OTHER,13,,,,,,0,0,
slot2,0,1,314,2149246584,0,0,OTHER,13,,,,,,0,0,
slot2,0,1,315,2149246588,0,0,OTHER,13,,,,,,0,0,
slot2,0,1,316,2149246592,0,0,OTHER,13,,,,,,0,0,
slot2,0,1,317,2149246596,0,0,OTHER,13,,,,,,0,0,
slot2,0,1,318,2149246600,0,0,OTHER,13,,,,,,0,0,
slot2,0,1,319,2149246604,0,0,OTHER,13,,,,,,0,0,
slot2,0,1,320,2149246608,0,0,OTHER,13,,,,,,0,0,
slot2,0,1,321,2149246612,0,0,OTHER,13,,,,,,0,0,
slot2,0,1,322,2149246616,0,0,OTHER,13,,,,,,0,0,
slot2,0,1,323,2149246620,0,0,OTHER,13,,,,,,0,0,
slot2,0,1,324,2149246624,0,0,OTHER,13,,,,,,0,0,
slot2,0,1,325,2149246628,0,0,OTHER,13,,,,,,0,0,
slot2,0,1,326,2149246632,0,0,OTHER,13,,,,,,0,0,
slot2,0,1,327,2149246636,0,0,OTHER,13,,,,,,0,0,
slot2,0,1,328,2149246640,0,0,OTHER,13,,,,,,0,0,
slot2,0,1,329,2149246644,0,0,OTHER,13,,,,,,0,0,
slot2,0,1,330,2149246648,0,0,OTHER,13,,,,,,0,0,
slot2,0,1,331,2149246652,0,0,OTHER,13,,,,,,0,0,
slot2,0,1,332,2149246656,0,0,OTHER,13,,,,,,0,0,
slot2,0,1,333,2149246660,0,0,OTHER,13,,,,,,0,0,
slot2,0,1,334,2149246664,0,0,OTHER,13,,,,,,0,0,
slot2,0,1,335,2149246668,0,0,OTHER,13,,,,,,0,0,
slot2,0,1,336,2149246672,0,0,OTHER,13,,,,,,0,0,
slot2,0,1,337,2149246676,0,0,OTHER,13,,,,,,0,0,
slot2,0,1,338,2149246680,0,0,OTHER,13,,,,,,0,0,
slot2,0,1,339,2149246684,0,0,OTHER,13,,,,,,0,0,
slot2,0,1,340,2149246688,0,0,OTHER,13,,,,,,0,0,
slot2,0,1,341,2149246692,0,0,OTHER,13,,,,,,0,0,
slot2,0,1,342,2149246696,0,0,OTHER,13,,,,,,0,0,
slot2,0,1,343,2149246700,0,0,OTHER,13,,,,,,0,0,
slot2,0,1,344,2149246704,0,0,OTHER,13,,,,,,0,0,
slot2,0,1,345,2149246708,0,0,OTHER,13,,,,,,0,0,
slot2,0,1,346,2149246712,0,0,OTHER,13,,,,,,0,0,
slot2,0,1,347,2149246716,0,0,OTHER,13,,,,,,0,0,
slot2,0,1,348,2149246720,0,0,OTHER,13,,,,,,0,0,
slot2,0,1,349,2149246724,0,0,OTHER,13,,,,,,0,0,
slot2,0,1,350,2149246728,0,0,OTHER,13,,,,,,0,0,
slot2,0,1,351,2149246732,0,0,OTHER,13,,,,,,0,0,
slot2,0,1,352,2149246736,0,0,OTHER,13,,,,,,0,0,
slot2,0,1,353,2149246740,0,0,OTHER,13,,,,,,0,0,
slot2,0,1,354,2149246744,0,0,OTHER,13,,,,,,0,0,
slot2,0,1,355,2149246748,0,0,OTHER,13,,,,,,0,0,
slot2,0,1,356,2149246752,0,0,OTHER,13,,,,,,0,0,
slot2,0,1,357,2149246756,0,0,OTHER,13,,,,,,0,0,
slot2,0,1,358,2149246760,0,0,OTHER,13,,,,,,0,0,
slot2,0,1,359,2149246764,0,0,OTHER,13,,,,,,0,0,
slot2,0,1,360,2149246768,0,0,OTHER,13,,,,,,0,0,
slot2,0,1,361,2149246772,0,0,OTHER,13,,,,,,0,0,
slot2,0,1,362,2149246776,0,0,OTHER,13,,,,,,0,0,
slot2,0,1,363,2149246780,0,0,OTHER,13,,,,,,0,0,
slot2,0,1,364,2149246784,0,0,OTHER,13,,,,,,0,0,
slot2,0,1,365,2149246788,0,0,OTHER,13,,,,,,0,0,
slot2,0,1,366,2149246792,0,0,OTHER,13,,,,,,0,0,
slot2,0,1,367,2149246796,0,0,OTHER,13,,,,,,0,0,
slot2,0,1,368,2149246800,0,0,OTHER,13,,,,,,0,0,
slot2,0,1,369,2149246804,0,0,OTHER,13,,,,,,0,0,
slot2,0,1,370,2149246808,0,0,OTHER,13,,,,,,0,0,
slot2,0,1,371,2149246812,0,0,OTHER,13,,,,,,0,0,
slot2,0,1,372,2149246816,0,0,OTHER,13,,,,,,0,0,
slot2,0,1,373,2149246820,0,0,OTHER,13,,,,,,0,0,
slot2,0,1,374,2149246824,0,0,OTHER,13,,,,,,0,0,
slot2,0,1,375,2149246828,0,0,OTHER,13,,,,,,0,0,
slot2,0,1,376,2149246832,0,0,OTHER,13,,,,,,0,0,
slot2,0,1,377,2149246836,0,0,OTHER,13,,,,,,0,0,
slot2,0,1,378,2149246840,0,0,OTHER,13,,,,,,0,0,
slot2,0,1,379,2149246844,0,0,OTHER,13,,,,,,0,0,
slot2,0,1,380,2149246848,0,0,OTHER,13,,,,,,0,0,
slot2,0,1,381,2149246852,0,0,OTHER,13,,,,,,0,0,
slot2,0,1,382,2149246856,0,0,OTHER,13,,,,,,0,0,
slot2,0,1,383,2149246860,0,0,OTHER,13,,,,,,0,0,
slot2,0,1,384,2149246864,0,0,OTHER,13,,,,,,0,0,
slot2,0,1,385,2149246868,0,0,OTHER,13,,,,,,0,0,
slot2,0,1,386,2149246872,0,0,OTHER,13,,,,,,0,0,
slot2,0,1,387,2149246876,0,0,OTHER,13,,,,,,0,0,
slot2,0,1,388,2149246880,0,0,OTHER,13,,,,,,0,0,
slot2,0,1,389,2149246884,0,0,OTHER,13,,,,,,0,0,
slot2,0,1,390,2149246888,0,0,OTHER,13,,,,,,0,0,
slot2,0,1,391,2149246892,0,0,OTHER,13,,,,,,0,0,
slot2,0,1,392,2149246896,0,0,OTHER,13,,,,,,0,0,
slot2,0,1,393,2149246900,0,0,OTHER,13,,,,,,0,0,
slot2,0,1,394,2149246904,0,0,OTHER,13,,,,,,0,0,
slot2,0,1,395,2149246908,0,0,OTHER,13,,,,,,0,0,
slot2,0,1,396,2149246912,0,0,OTHER,13,,,,,,0,0,
slot2,0,1,397,2149246916,0,0,OTHER,13,,,,,,0,0,
slot2,0,1,398,2149246920,0,0,OTHER,13,,,,,,0,0,
slot2,0,1,399,2149246924,0,0,OTHER,13,,,,,,0,0,
slot2,0,1,400,2149246928,0,0,OTHER,13,,,,,,0,0,
slot2,0,1,401,2149246932,0,0,OTHER,13,,,,,,0,0,
slot2,0,1,402,2149246936,0,0,OTHER,13,,,,,,0,0,
slot2,0,1,403,2149246940,0,0,OTHER,13,,,,,,0,0,
slot2,0,1,404,2149246944,0,0,OTHER,13,,,,,,0,0,
slot2,0,1,405,2149246948,0,0,OTHER,13,,,,,,0,0,
slot2,0,1,406,2149246952,0,0,OTHER,13,,,,,,0,0,
slot2,0,1,407,2149246956,0,0,OTHER,13,,,,,,0,0,
slot2,0,1,408,2149246960,0,0,OTHER,13,,,,,,0,0,
slot2,0,1,409,2149246964,0,0,OTHER,13,,,,,,0,0,
slot2,0,1,410,2149246968,0,0,OTHER,13,,,,,,0,0,
slot2,0,1,411,2149246972,0,0,OTHER,13,,,,,,0,0,
slot2,0,1,412,2149246976,0,0,OTHER,13,,,,,,0,0,
slot2,0,1,413,2149246980,0,0,OTHER,13,,,,,,0,0,
slot2,0,1,414,2149246984,0,0,OTHER,13,,,,,,0,0,
slot2,0,1,415,2149246988,0,0,OTHER,13,,,,,,0,0,
slot2,0,1,416,2149246992,0,0,OTHER,13,,,,,,0,0,
slot2,0,1,417,2149246996,0,0,OTHER,13,,,,,,0,0,
slot2,0,1,418,2149247000,0,0,OTHER,13,,,,,,0,0,
slot2,0,1,419,2149247004,0,0,OTHER,13,,,,,,0,0,
slot2,0,1,420,2149247008,0,0,OTHER,13,,,,,,0,0,
slot2,0,1,421,2149247012,0,0,OTHER,13,,,,,,0,0,
slot2,0,1,422,2149247016,0,0,OTHER,13,,,,,,0,0,
slot2,0,1,423,2149247020,0,0,OTHER,13,,,,,,0,0,
slot2,0,1,424,2149247024,0,0,OTHER,13,,,,,,0,0,
slot2,0,1,425,2149247028,0,0,OTHER,13,,,,,,0,0,
slot2,0,1,426,2149247032,0,0,OTHER,13,,,,,,0,0,
slot2,0,1,427,2149247036,0,0,OTHER,13,,,,,,0,0,
slot2,0,1,428,2149247040,0,0,OTHER,13,,,,,,0,0,
slot2,0,1,429,2149247044,0,0,OTHER,13,,,,,,0,0,
slot2,0,1,430,2149247048,0,0,OTHER,13,,,,,,0,0,
slot2,0,1,431,2149247052,0,0,OTHER,13,,,,,,0,0,
slot2,0,1,432,2149247056,0,0,OTHER,13,,,,,,0,0,
slot2,0,1,433,2149247060,0,0,OTHER,13,,,,,,0,0,
slot2,0,1,434,2149247064,0,0,OTHER,13,,,,,,0,0,
slot2,0,1,435,2149247068,0,0,OTHER,13,,,,,,0,0,
slot2,0,1,436,2149247072,0,0,OTHER,13,,,,,,0,0,
slot2,0,1,437,2149247076,0,0,OTHER,13,,,,,,0,0,
slot2,0,1,438,2149247080,0,0,OTHER,13,,,,,,0,0,
slot2,0,1,439,2149247084,0,0,OTHER,13,,,,,,0,0,
slot2,0,1,440,2149247088,0,0,OTHER,13,,,,,,0,0,
slot2,0,1,441,2149247092,0,0,OTHER,13,,,,,,0,0,
slot2,0,1,442,2149247096,0,0,OTHER,13,,,,,,0,0,
slot2,0,1,443,2149247100,0,0,OTHER,13,,,,,,0,0,
slot2,0,1,444,2149247104,0,0,OTHER,13,,,,,,0,0,
slot2,0,1,445,2149247108,0,0,OTHER,13,,,,,,0,0,
slot2,0,1,446,2149247112,0,0,OTHER,13,,,,,,0,0,
slot2,0,1,447,2149247116,0,0,OTHER,13,,,,,,0,0,
slot2,0,1,448,2149247120,0,0,OTHER,13,,,,,,0,0,
slot2,0,1,449,2149247124,0,0,OTHER,13,,,,,,0,0,
slot2,0,1,450,2149247128,0,0,OTHER,13,,,,,,0,0,
slot2,0,1,451,2149247132,0,0,OTHER,13,,,,,,0,0,
slot2,0,1,452,2149247136,0,0,OTHER,13,,,,,,0,0,
slot2,0,1,453,2149247140,0,0,OTHER,13,,,,,,0,0,
slot2,0,1,454,2149247144,0,0,OTHER,13,,,,,,0,0,
slot2,0,1,455,2149247148,0,0,OTHER,13,,,,,,0,0,
slot2,0,1,456,2149247152,0,0,OTHER,13,,,,,,0,0,
slot2,0,1,457,2149247156,0,0,OTHER,13,,,,,,0,0,
slot2,0,1,458,2149247160,0,0,OTHER,13,,,,,,0,0,
slot2,0,1,459,2149247164,0,0,OTHER,13,,,,,,0,0,
slot2,0,1,460,2149247168,0,0,OTHER,13,,,,,,0,0,
slot2,0,1,461,2149247172,0,0,OTHER,13,,,,,,0,0,
slot2,0,1,462,2149247176,0,0,OTHER,13,,,,,,0,0,
slot2,0,1,463,2149247180,0,0,OTHER,13,,,,,,0,0,
slot2,0,1,464,2149247184,0,0,OTHER,13,,,,,,0,0,
slot2,0,1,465,2149247188,0,0,OTHER,13,,,,,,0,0,
slot2,0,1,466,2149247192,0,0,OTHER,13,,,,,,0,0,
slot2,0,1,467,2149247196,0,0,OTHER,13,,,,,,0,0,
slot2,0,1,468,2149247200,0,0,OTHER,13,,,,,,0,0,
slot2,0,1,469,2149247204,0,0,OTHER,13,,,,,,0,0,
slot2,0,1,470,2149247208,0,0,OTHER,13,,,,,,0,0,
slot2,0,1,471,2149247212,0,0,OTHER,13,,,,,,0,0,
slot2,0,1,472,2149247216,0,0,OTHER,13,,,,,,0,0,
slot2,0,1,473,2149247220,0,0,OTHER,13,,,,,,0,0,
slot2,0,1,474,2149247224,0,0,OTHER,13,,,,,,0,0,
slot2,0,1,475,2149247228,0,0,OTHER,13,,,,,,0,0,
slot2,0,1,476,2149247232,0,0,OTHER,13,,,,,,0,0,
slot2,0,1,477,2149247236,0,0,OTHER,13,,,,,,0,0,
slot2,0,1,478,2149247240,0,0,OTHER,13,,,,,,0,0,
slot2,0,1,479,2149247244,0,0,OTHER,13,,,,,,0,0,
slot2,0,1,480,2149247248,0,0,OTHER,13,,,,,,0,0,
slot2,0,1,481,2149247252,0,0,OTHER,13,,,,,,0,0,
slot2,0,1,482,2149247256,0,0,OTHER,13,,,,,,0,0,
slot2,0,1,483,2149247260,0,0,OTHER,13,,,,,,0,0,
slot2,0,1,484,2149247264,0,0,OTHER,13,,,,,,0,0,
slot2,0,1,485,2149247268,0,0,OTHER,13,,,,,,0,0,
slot2,0,1,486,2149247272,0,0,OTHER,13,,,,,,0,0,
slot2,0,1,487,2149247276,0,0,OTHER,13,,,,,,0,0,
slot2,0,1,488,2149247280,0,0,OTHER,13,,,,,,0,0,
slot2,0,1,489,2149247284,0,0,OTHER,13,,,,,,0,0,
slot2,0,1,490,2149247288,0,0,OTHER,13,,,,,,0,0,
slot2,0,1,491,2149247292,0,0,OTHER,13,,,,,,0,0,
slot2,0,1,492,2149247296,0,0,OTHER,13,,,,,,0,0,
slot2,0,1,493,2149247300,0,0,OTHER,13,,,,,,0,0,
slot2,0,1,494,2149247304,0,0,OTHER,13,,,,,,0,0,
slot2,0,1,495,2149247308,0,0,OTHER,13,,,,,,0,0,
slot2,0,1,496,2149247312,0,0,OTHER,13,,,,,,0,0,
slot2,0,1,497,2149247316,0,0,OTHER,13,,,,,,0,0,
slot2,0,1,498,2149416852,9,44,FT4,24,128,88,24,24,,0,0,
slot2,0,1,499,2149416812,9,44,FT4,24,248,64,8,8,,0,0,
slot2,0,1,500,2149416772,9,44,FT4,24,152,64,24,24,,0,0,
slot2,0,1,501,2149415932,9,44,FT4,24,200,0,24,24,,0,0,
slot2,0,1,502,2149415892,9,44,FT4,24,120,0,24,24,,0,0,
slot2,0,1,503,2149415852,9,44,FT4,24,248,0,8,8,,0,0,
slot2,0,1,504,2149415812,9,44,FT4,24,248,8,8,8,,0,0,
slot2,0,1,505,2149247320,0,0,OTHER,13,,,,,,0,0,
slot2,0,1,506,2149247324,0,0,OTHER,13,,,,,,0,0,
slot2,0,1,507,2149247328,0,0,OTHER,13,,,,,,0,0,
slot2,0,1,508,2149247332,0,0,OTHER,13,,,,,,0,0,
slot2,0,1,509,2149247336,0,0,OTHER,13,,,,,,0,0,
slot2,0,1,510,2149247340,0,0,OTHER,13,,,,,,0,0,
slot2,0,1,511,2149247344,0,0,OTHER,13,,,,,,0,0,
slot2,0,1,512,2149247348,0,0,OTHER,13,,,,,,0,0,
slot2,0,1,513,2149247352,0,0,OTHER,13,,,,,,0,0,
slot2,0,1,514,2149247356,0,0,OTHER,13,,,,,,0,0,
slot2,0,1,515,2149247360,0,0,OTHER,13,,,,,,0,0,
slot2,0,1,516,2149247364,0,0,OTHER,13,,,,,,0,0,
slot2,0,1,517,2149247368,0,0,OTHER,13,,,,,,0,0,
slot2,0,1,518,2149247372,0,0,OTHER,13,,,,,,0,0,
slot2,0,1,519,2149247376,0,0,OTHER,13,,,,,,0,0,
slot2,0,1,520,2149247380,0,0,OTHER,13,,,,,,0,0,
slot2,0,1,521,2149417732,9,44,FT4,24,192,128,32,32,,0,0,
slot2,0,1,522,2149247384,0,0,OTHER,13,,,,,,0,0,
slot2,0,1,523,2149247388,0,0,OTHER,13,,,,,,0,0,
slot2,0,1,524,2149247392,0,0,OTHER,13,,,,,,0,0,
slot2,0,1,525,2149247396,0,0,OTHER,13,,,,,,0,0,
slot2,0,1,526,2149247400,0,0,OTHER,13,,,,,,0,0,
slot2,0,1,527,2149247404,0,0,OTHER,13,,,,,,0,0,
slot2,0,1,528,2149247408,0,0,OTHER,13,,,,,,0,0,
slot2,0,1,529,2149247412,0,0,OTHER,13,,,,,,0,0,
slot2,0,1,530,2149247416,0,0,OTHER,13,,,,,,0,0,
slot2,0,1,531,2149247420,0,0,OTHER,13,,,,,,0,0,
slot2,0,1,532,2149247424,0,0,OTHER,13,,,,,,0,0,
slot2,0,1,533,2149247428,0,0,OTHER,13,,,,,,0,0,
slot2,0,1,534,2149247432,0,0,OTHER,13,,,,,,0,0,
slot2,0,1,535,2149247436,0,0,OTHER,13,,,,,,0,0,
slot2,0,1,536,2149247440,0,0,OTHER,13,,,,,,0,0,
slot2,0,1,537,2149247444,0,0,OTHER,13,,,,,,0,0,
slot2,0,1,538,2149418772,9,44,FT4,12,96,96,16,16,,0,0,
slot2,0,1,539,2149418732,9,44,FT4,12,96,112,16,16,,0,0,
slot2,0,1,540,2149418692,9,44,FT4,12,144,96,16,16,,0,0,
slot2,0,1,541,2149247448,0,0,OTHER,13,,,,,,0,0,
slot2,0,1,542,2149247452,0,0,OTHER,13,,,,,,0,0,
slot2,0,1,543,2149247456,0,0,OTHER,13,,,,,,0,0,
slot2,0,1,544,2149247460,0,0,OTHER,13,,,,,,0,0,
slot2,0,1,545,2149247464,0,0,OTHER,13,,,,,,0,0,
slot2,0,1,546,2149247468,0,0,OTHER,13,,,,,,0,0,
slot2,0,1,547,2149247472,0,0,OTHER,13,,,,,,0,0,
slot2,0,1,548,2149247476,0,0,OTHER,13,,,,,,0,0,
slot2,0,1,549,2149247480,0,0,OTHER,13,,,,,,0,0,
slot2,0,1,550,2149247484,0,0,OTHER,13,,,,,,0,0,
slot2,0,1,551,2149247488,0,0,OTHER,13,,,,,,0,0,
slot2,0,1,552,2149247492,0,0,OTHER,13,,,,,,0,0,
slot2,0,1,553,2149247496,0,0,OTHER,13,,,,,,0,0,
slot2,0,1,554,2149247500,0,0,OTHER,13,,,,,,0,0,
slot2,0,1,555,2149247504,0,0,OTHER,13,,,,,,0,0,
slot2,0,1,556,2149247508,0,0,OTHER,13,,,,,,0,0,
slot2,0,1,557,2149247512,0,0,OTHER,13,,,,,,0,0,
slot2,0,1,558,2149247516,0,0,OTHER,13,,,,,,0,0,
slot2,0,1,559,2149247520,0,0,OTHER,13,,,,,,0,0,
slot2,0,1,560,2149247524,0,0,OTHER,13,,,,,,0,0,
slot2,0,1,561,2149247528,0,0,OTHER,13,,,,,,0,0,
slot2,0,1,562,2149247532,0,0,OTHER,13,,,,,,0,0,
slot2,0,1,563,2149247536,0,0,OTHER,13,,,,,,0,0,
slot2,0,1,564,2149247540,0,0,OTHER,13,,,,,,0,0,
slot2,0,1,565,2149247544,0,0,OTHER,13,,,,,,0,0,
slot2,0,1,566,2149247548,0,0,OTHER,13,,,,,,0,0,
slot2,0,1,567,2149247552,0,0,OTHER,13,,,,,,0,0,
slot2,0,1,568,2149247556,0,0,OTHER,13,,,,,,0,0,
slot2,0,1,569,2149247560,0,0,OTHER,13,,,,,,0,0,
slot2,0,1,570,2149316232,2,225,DR_TPAGE,31,,,,,,0,0,
slot2,0,1,571,2149555568,2,225,DR_TPAGE,5,,,,,,0,0,
slot2,0,1,572,2149313216,4,101,SPRT,5,108,12,12,12,32704,0,0,
slot2,0,1,573,2149313164,4,101,SPRT,5,180,96,12,12,32704,0,0,
slot2,0,1,574,2149313112,4,101,SPRT,5,204,12,12,12,32707,0,0,
slot2,0,1,575,2149313060,4,101,SPRT,5,240,84,12,12,32707,0,0,
slot2,0,1,576,2149313008,4,101,SPRT,5,0,84,12,12,32706,0,0,
slot2,0,1,577,2149312956,4,101,SPRT,5,108,132,12,12,32706,0,0,
slot2,0,1,578,2149247564,0,0,OTHER,5,,,,,,0,0,
slot2,0,1,579,2149247568,0,0,OTHER,5,,,,,,0,0,
slot3,1,1,0,2149248028,0,0,OTHER,,,,,,,0,0,
slot3,1,1,1,2149248032,0,0,OTHER,,,,,,,0,0,
slot3,1,1,2,2149248036,0,0,OTHER,,,,,,,0,0,
slot3,1,1,3,2149248040,0,0,OTHER,,,,,,,0,0,
slot3,1,1,4,2149294676,9,44,FT4,7,96,64,32,32,,0,0,
slot3,1,1,5,2149294636,9,44,FT4,7,32,64,32,32,,0,0,
slot3,1,1,6,2149294596,9,44,FT4,7,32,64,32,32,,0,0,
slot3,1,1,7,2149294556,9,44,FT4,7,64,64,32,32,,0,0,
slot3,1,1,8,2149294516,9,44,FT4,7,96,64,32,32,,0,0,
slot3,1,1,9,2149294476,9,44,FT4,7,32,64,32,32,,0,0,
slot3,1,1,10,2149294436,9,44,FT4,7,32,64,32,32,,0,0,
slot3,1,1,11,2149294396,9,44,FT4,7,64,64,32,32,,0,0,
slot3,1,1,12,2149294356,9,44,FT4,7,96,64,32,32,,0,0,
slot3,1,1,13,2149294316,9,44,FT4,7,32,64,32,32,,0,0,
slot3,1,1,14,2149294276,9,44,FT4,7,32,64,32,32,,0,0,
slot3,1,1,15,2149294236,9,44,FT4,7,64,64,32,32,,0,0,
slot3,1,1,16,2149294156,9,44,FT4,7,0,64,32,32,,0,0,
slot3,1,1,17,2149294116,9,44,FT4,7,96,64,32,32,,0,0,
slot3,1,1,18,2149294076,9,44,FT4,6,0,160,32,32,,0,0,
slot3,1,1,19,2149294036,9,44,FT4,6,96,160,32,32,,0,0,
slot3,1,1,20,2149293996,9,44,FT4,6,64,160,32,32,,0,0,
slot3,1,1,21,2149293956,9,44,FT4,7,96,64,32,32,,0,0,
slot3,1,1,22,2149293916,9,44,FT4,7,96,64,32,32,,0,0,
slot3,1,1,23,2149293876,9,44,FT4,7,64,64,32,32,,0,0,
slot3,1,1,24,2149293836,9,44,FT4,7,0,64,32,32,,0,0,
slot3,1,1,25,2149293796,9,44,FT4,6,32,160,32,32,,0,0,
slot3,1,1,26,2149293756,9,44,FT4,6,0,160,32,32,,0,0,
slot3,1,1,27,2149293716,9,44,FT4,7,32,64,32,32,,0,0,
slot3,1,1,28,2149293636,9,44,FT4,7,0,64,32,32,,0,0,
slot3,1,1,29,2149293596,9,44,FT4,6,32,128,32,32,,0,0,
slot3,1,1,30,2149293556,9,44,FT4,6,0,128,32,32,,0,0,
slot3,1,1,31,2149293516,9,44,FT4,6,96,128,32,32,,0,0,
slot3,1,1,32,2149293476,9,44,FT4,6,64,128,32,32,,0,0,
slot3,1,1,33,2149293436,9,44,FT4,6,32,128,32,32,,0,0,
slot3,1,1,34,2149293396,9,44,FT4,6,0,128,32,32,,0,0,
slot3,1,1,35,2149293356,9,44,FT4,7,32,64,32,32,,0,0,
slot3,1,1,36,2149293316,9,44,FT4,6,64,128,32,32,,0,0,
slot3,1,1,37,2149293276,9,44,FT4,6,32,128,32,32,,0,0,
slot3,1,1,38,2149293236,9,44,FT4,6,0,128,32,32,,0,0,
slot3,1,1,39,2149293196,9,44,FT4,7,32,64,32,32,,0,0,
slot3,1,1,40,2149293116,9,44,FT4,6,0,128,32,32,,0,0,
slot3,1,1,41,2149293076,9,44,FT4,6,32,224,32,32,,0,0,
slot3,1,1,42,2149293036,9,44,FT4,6,128,0,32,32,,0,0,
slot3,1,1,43,2149292996,9,44,FT4,6,96,224,32,32,,0,0,
slot3,1,1,44,2149292956,9,44,FT4,6,64,224,32,32,,0,0,
slot3,1,1,45,2149292916,9,44,FT4,6,32,224,32,32,,0,0,
slot3,1,1,46,2149292876,9,44,FT4,6,0,224,32,32,,0,0,
slot3,1,1,47,2149292836,9,44,FT4,6,96,224,32,32,,0,0,
slot3,1,1,48,2149292796,9,44,FT4,6,64,224,32,32,,0,0,
slot3,1,1,49,2149292756,9,44,FT4,6,32,224,32,32,,0,0,
slot3,1,1,50,2149292716,9,44,FT4,6,0,224,32,32,,0,0,
slot3,1,1,51,2149292676,9,44,FT4,6,96,224,32,32,,0,0,
slot3,1,1,52,2149292596,9,44,FT4,6,96,128,32,32,,0,0,
slot3,1,1,53,2149292556,9,44,FT4,6,32,192,32,32,,0,0,
slot3,1,1,54,2149292516,9,44,FT4,6,0,192,32,32,,0,0,
slot3,1,1,55,2149292476,9,44,FT4,6,96,192,32,32,,0,0,
slot3,1,1,56,2149292436,9,44,FT4,6,64,192,32,32,,0,0,
slot3,1,1,57,2149292396,9,44,FT4,6,32,192,32,32,,0,0,
slot3,1,1,58,2149292356,9,44,FT4,6,0,192,32,32,,0,0,
slot3,1,1,59,2149292316,9,44,FT4,6,0,128,32,32,,0,0,
slot3,1,1,60,2149292276,9,44,FT4,6,32,128,32,32,,0,0,
slot3,1,1,61,2149292236,9,44,FT4,6,0,192,32,32,,0,0,
slot3,1,1,62,2149292196,9,44,FT4,6,0,192,32,32,,0,0,
slot3,1,1,63,2149292156,9,44,FT4,7,32,64,32,32,,0,0,
slot3,1,1,64,2149292076,9,44,FT4,7,0,64,32,32,,0,0,
slot3,1,1,65,2149292036,9,44,FT4,6,32,192,32,32,,0,0,
slot3,1,1,66,2149291996,9,44,FT4,6,0,160,32,32,,0,0,
slot3,1,1,67,2149291956,9,44,FT4,6,96,192,32,32,,0,0,
slot3,1,1,68,2149291916,9,44,FT4,6,64,160,32,32,,0,0,
slot3,1,1,69,2149291876,9,44,FT4,6,32,160,32,32,,0,0,
slot3,1,1,70,2149291836,9,44,FT4,6,0,160,32,32,,0,0,
slot3,1,1,71,2149291796,9,44,FT4,6,96,160,32,32,,0,0,
slot3,1,1,72,2149291756,9,44,FT4,6,64,160,32,32,,0,0,
slot3,1,1,73,2149291716,9,44,FT4,6,32,160,32,32,,0,0,
slot3,1,1,74,2149291676,9,44,FT4,6,0,160,32,32,,0,0,
slot3,1,1,75,2149291636,9,44,FT4,7,32,64,32,32,,0,0,
slot3,1,1,76,2149291556,9,44,FT4,7,0,64,32,32,,0,0,
slot3,1,1,77,2149291516,9,44,FT4,7,96,64,32,32,,0,0,
slot3,1,1,78,2149291476,9,44,FT4,6,0,128,32,32,,0,0,
slot3,1,1,79,2149291436,9,44,FT4,6,96,160,32,32,,0,0,
slot3,1,1,80,2149291396,9,44,FT4,6,64,128,32,32,,0,0,
slot3,1,1,81,2149291356,9,44,FT4,6,32,128,32,32,,0,0,
slot3,1,1,82,2149291316,9,44,FT4,6,0,128,32,32,,0,0,
slot3,1,1,83,2149291276,9,44,FT4,6,96,128,32,32,,0,0,
slot3,1,1,84,2149291236,9,44,FT4,6,64,128,32,32,,0,0,
slot3,1,1,85,2149291196,9,44,FT4,6,32,128,32,32,,0,0,
slot3,1,1,86,2149291156,9,44,FT4,6,0,128,32,32,,0,0,
slot3,1,1,87,2149291116,9,44,FT4,7,32,64,32,32,,0,0,
slot3,1,1,88,2149291036,9,44,FT4,7,0,64,32,32,,0,0,
slot3,1,1,89,2149290996,9,44,FT4,7,96,64,32,32,,0,0,
slot3,1,1,90,2149290956,9,44,FT4,6,32,224,32,32,,0,0,
slot3,1,1,91,2149290916,9,44,FT4,6,96,224,32,32,,0,0,
slot3,1,1,92,2149290876,9,44,FT4,6,64,224,32,32,,0,0,
slot3,1,1,93,2149290836,9,44,FT4,6,0,192,32,32,,0,0,
slot3,1,1,94,2149290796,9,44,FT4,7,96,64,32,32,,0,0,
slot3,1,1,95,2149290756,9,44,FT4,7,32,64,32,32,,0,0,
slot3,1,1,96,2149290716,9,44,FT4,7,0,64,32,32,,0,0,
slot3,1,1,97,2149290676,9,44,FT4,6,32,192,32,32,,0,0,
slot3,1,1,98,2149290636,9,44,FT4,6,0,192,32,32,,0,0,
slot3,1,1,99,2149290596,9,44,FT4,7,96,0,32,32,,0,0,
slot3,1,1,100,2149290516,9,44,FT4,7,0,64,32,32,,0,0,
slot3,1,1,101,2149290476,9,44,FT4,6,64,192,32,32,,0,0,
slot3,1,1,102,2149290436,9,44,FT4,6,32,192,32,32,,0,0,
slot3,1,1,103,2149290396,9,44,FT4,6,96,192,32,32,,0,0,
slot3,1,1,104,2149290356,9,44,FT4,6,64,192,32,32,,0,0,
slot3,1,1,105,2149290316,9,44,FT4,6,0,160,32,32,,0,0,
slot3,1,1,106,2149290276,9,44,FT4,7,96,64,32,32,,0,0,
slot3,1,1,107,2149290236,9,44,FT4,7,96,0,32,32,,0,0,
slot3,1,1,108,2149290196,9,44,FT4,7,0,64,32,32,,0,0,
slot3,1,1,109,2149290156,9,44,FT4,6,32,160,32,32,,0,0,
slot3,1,1,110,2149290116,9,44,FT4,6,0,160,32,32,,0,0,
slot3,1,1,111,2149290076,9,44,FT4,6,96,160,32,32,,0,0,
slot3,1,1,112,2149248044,0,0,OTHER,,,,,,,0,0,
slot3,1,1,113,2149248048,0,0,OTHER,,,,,,,0,0,
slot3,1,1,114,2149248052,0,0,OTHER,,,,,,,0,0,
slot3,1,1,115,2149248056,0,0,OTHER,,,,,,,0,0,
slot3,1,1,116,2149248060,0,0,OTHER,,,,,,,0,0,
slot3,1,1,117,2149248064,0,0,OTHER,,,,,,,0,0,
slot3,1,1,118,2149248068,0,0,OTHER,,,,,,,0,0,
slot3,1,1,119,2149248072,0,0,OTHER,,,,,,,0,0,
slot3,1,1,120,2149248076,0,0,OTHER,,,,,,,0,0,
slot3,1,1,121,2149248080,0,0,OTHER,,,,,,,0,0,
slot3,1,1,122,2149248084,0,0,OTHER,,,,,,,0,0,
slot3,1,1,123,2149248088,0,0,OTHER,,,,,,,0,0,
slot3,1,1,124,2149248092,0,0,OTHER,,,,,,,0,0,
slot3,1,1,125,2149248096,0,0,OTHER,,,,,,,0,0,
slot3,1,1,126,2149248100,0,0,OTHER,,,,,,,0,0,
slot3,1,1,127,2149248104,0,0,OTHER,,,,,,,0,0,
slot3,1,1,128,2149248108,0,0,OTHER,,,,,,,0,0,
slot3,1,1,129,2149248112,0,0,OTHER,,,,,,,0,0,
slot3,1,1,130,2149248116,0,0,OTHER,,,,,,,0,0,
slot3,1,1,131,2149248120,0,0,OTHER,,,,,,,0,0,
slot3,1,1,132,2149248124,0,0,OTHER,,,,,,,0,0,
slot3,1,1,133,2149248128,0,0,OTHER,,,,,,,0,0,
slot3,1,1,134,2149248132,0,0,OTHER,,,,,,,0,0,
slot3,1,1,135,2149248136,0,0,OTHER,,,,,,,0,0,
slot3,1,1,136,2149248140,0,0,OTHER,,,,,,,0,0,
slot3,1,1,137,2149248144,0,0,OTHER,,,,,,,0,0,
slot3,1,1,138,2149248148,0,0,OTHER,,,,,,,0,0,
slot3,1,1,139,2149248152,0,0,OTHER,,,,,,,0,0,
slot3,1,1,140,2149248156,0,0,OTHER,,,,,,,0,0,
slot3,1,1,141,2149248160,0,0,OTHER,,,,,,,0,0,
slot3,1,1,142,2149248164,0,0,OTHER,,,,,,,0,0,
slot3,1,1,143,2149248168,0,0,OTHER,,,,,,,0,0,
slot3,1,1,144,2149248172,0,0,OTHER,,,,,,,0,0,
slot3,1,1,145,2149248176,0,0,OTHER,,,,,,,0,0,
slot3,1,1,146,2149248180,0,0,OTHER,,,,,,,0,0,
slot3,1,1,147,2149248184,0,0,OTHER,,,,,,,0,0,
slot3,1,1,148,2149248188,0,0,OTHER,,,,,,,0,0,
slot3,1,1,149,2149248192,0,0,OTHER,,,,,,,0,0,
slot3,1,1,150,2149248196,0,0,OTHER,,,,,,,0,0,
slot3,1,1,151,2149248200,0,0,OTHER,,,,,,,0,0,
slot3,1,1,152,2149248204,0,0,OTHER,,,,,,,0,0,
slot3,1,1,153,2149248208,0,0,OTHER,,,,,,,0,0,
slot3,1,1,154,2149248212,0,0,OTHER,,,,,,,0,0,
slot3,1,1,155,2149248216,0,0,OTHER,,,,,,,0,0,
slot3,1,1,156,2149248220,0,0,OTHER,,,,,,,0,0,
slot3,1,1,157,2149248224,0,0,OTHER,,,,,,,0,0,
slot3,1,1,158,2149248228,0,0,OTHER,,,,,,,0,0,
slot3,1,1,159,2149248232,0,0,OTHER,,,,,,,0,0,
slot3,1,1,160,2149248236,0,0,OTHER,,,,,,,0,0,
slot3,1,1,161,2149248240,0,0,OTHER,,,,,,,0,0,
slot3,1,1,162,2149248244,0,0,OTHER,,,,,,,0,0,
slot3,1,1,163,2149248248,0,0,OTHER,,,,,,,0,0,
slot3,1,1,164,2149248252,0,0,OTHER,,,,,,,0,0,
slot3,1,1,165,2149248256,0,0,OTHER,,,,,,,0,0,
slot3,1,1,166,2149248260,0,0,OTHER,,,,,,,0,0,
slot3,1,1,167,2149248264,0,0,OTHER,,,,,,,0,0,
slot3,1,1,168,2149248268,0,0,OTHER,,,,,,,0,0,
slot3,1,1,169,2149248272,0,0,OTHER,,,,,,,0,0,
slot3,1,1,170,2149248276,0,0,OTHER,,,,,,,0,0,
slot3,1,1,171,2149248280,0,0,OTHER,,,,,,,0,0,
slot3,1,1,172,2149248284,0,0,OTHER,,,,,,,0,0,
slot3,1,1,173,2149248288,0,0,OTHER,,,,,,,0,0,
slot3,1,1,174,2149248292,0,0,OTHER,,,,,,,0,0,
slot3,1,1,175,2149248296,0,0,OTHER,,,,,,,0,0,
slot3,1,1,176,2149248300,0,0,OTHER,,,,,,,0,0,
slot3,1,1,177,2149248304,0,0,OTHER,,,,,,,0,0,
slot3,1,1,178,2149248308,0,0,OTHER,,,,,,,0,0,
slot3,1,1,179,2149248312,0,0,OTHER,,,,,,,0,0,
slot3,1,1,180,2149248316,0,0,OTHER,,,,,,,0,0,
slot3,1,1,181,2149248320,0,0,OTHER,,,,,,,0,0,
slot3,1,1,182,2149248324,0,0,OTHER,,,,,,,0,0,
slot3,1,1,183,2149248328,0,0,OTHER,,,,,,,0,0,
slot3,1,1,184,2149248332,0,0,OTHER,,,,,,,0,0,
slot3,1,1,185,2149248336,0,0,OTHER,,,,,,,0,0,
slot3,1,1,186,2149248340,0,0,OTHER,,,,,,,0,0,
slot3,1,1,187,2149248344,0,0,OTHER,,,,,,,0,0,
slot3,1,1,188,2149248348,0,0,OTHER,,,,,,,0,0,
slot3,1,1,189,2149248352,0,0,OTHER,,,,,,,0,0,
slot3,1,1,190,2149248356,0,0,OTHER,,,,,,,0,0,
slot3,1,1,191,2149248360,0,0,OTHER,,,,,,,0,0,
slot3,1,1,192,2149248364,0,0,OTHER,,,,,,,0,0,
slot3,1,1,193,2149248368,0,0,OTHER,,,,,,,0,0,
slot3,1,1,194,2149248372,0,0,OTHER,,,,,,,0,0,
slot3,1,1,195,2149248376,0,0,OTHER,,,,,,,0,0,
slot3,1,1,196,2149248380,0,0,OTHER,,,,,,,0,0,
slot3,1,1,197,2149248384,0,0,OTHER,,,,,,,0,0,
slot3,1,1,198,2149248388,0,0,OTHER,,,,,,,0,0,
slot3,1,1,199,2149248392,0,0,OTHER,,,,,,,0,0,
slot3,1,1,200,2149248396,0,0,OTHER,,,,,,,0,0,
slot3,1,1,201,2149248400,0,0,OTHER,,,,,,,0,0,
slot3,1,1,202,2149248404,0,0,OTHER,,,,,,,0,0,
slot3,1,1,203,2149248408,0,0,OTHER,,,,,,,0,0,
slot3,1,1,204,2149248412,0,0,OTHER,,,,,,,0,0,
slot3,1,1,205,2149248416,0,0,OTHER,,,,,,,0,0,
slot3,1,1,206,2149248420,0,0,OTHER,,,,,,,0,0,
slot3,1,1,207,2149248424,0,0,OTHER,,,,,,,0,0,
slot3,1,1,208,2149248428,0,0,OTHER,,,,,,,0,0,
slot3,1,1,209,2149248432,0,0,OTHER,,,,,,,0,0,
slot3,1,1,210,2149248436,0,0,OTHER,,,,,,,0,0,
slot3,1,1,211,2149248440,0,0,OTHER,,,,,,,0,0,
slot3,1,1,212,2149248444,0,0,OTHER,,,,,,,0,0,
slot3,1,1,213,2149248448,0,0,OTHER,,,,,,,0,0,
slot3,1,1,214,2149248452,0,0,OTHER,,,,,,,0,0,
slot3,1,1,215,2149248456,0,0,OTHER,,,,,,,0,0,
slot3,1,1,216,2149248460,0,0,OTHER,,,,,,,0,0,
slot3,1,1,217,2149248464,0,0,OTHER,,,,,,,0,0,
slot3,1,1,218,2149248468,0,0,OTHER,,,,,,,0,0,
slot3,1,1,219,2149248472,0,0,OTHER,,,,,,,0,0,
slot3,1,1,220,2149248476,0,0,OTHER,,,,,,,0,0,
slot3,1,1,221,2149248480,0,0,OTHER,,,,,,,0,0,
slot3,1,1,222,2149248484,0,0,OTHER,,,,,,,0,0,
slot3,1,1,223,2149248488,0,0,OTHER,,,,,,,0,0,
slot3,1,1,224,2149248492,0,0,OTHER,,,,,,,0,0,
slot3,1,1,225,2149248496,0,0,OTHER,,,,,,,0,0,
slot3,1,1,226,2149248500,0,0,OTHER,,,,,,,0,0,
slot3,1,1,227,2149248504,0,0,OTHER,,,,,,,0,0,
slot3,1,1,228,2149248508,0,0,OTHER,,,,,,,0,0,
slot3,1,1,229,2149248512,0,0,OTHER,,,,,,,0,0,
slot3,1,1,230,2149248516,0,0,OTHER,,,,,,,0,0,
slot3,1,1,231,2149248520,0,0,OTHER,,,,,,,0,0,
slot3,1,1,232,2149248524,0,0,OTHER,,,,,,,0,0,
slot3,1,1,233,2149248528,0,0,OTHER,,,,,,,0,0,
slot3,1,1,234,2149248532,0,0,OTHER,,,,,,,0,0,
slot3,1,1,235,2149248536,0,0,OTHER,,,,,,,0,0,
slot3,1,1,236,2149248540,0,0,OTHER,,,,,,,0,0,
slot3,1,1,237,2149248544,0,0,OTHER,,,,,,,0,0,
slot3,1,1,238,2149248548,0,0,OTHER,,,,,,,0,0,
slot3,1,1,239,2149248552,0,0,OTHER,,,,,,,0,0,
slot3,1,1,240,2149248556,0,0,OTHER,,,,,,,0,0,
slot3,1,1,241,2149248560,0,0,OTHER,,,,,,,0,0,
slot3,1,1,242,2149248564,0,0,OTHER,,,,,,,0,0,
slot3,1,1,243,2149248568,0,0,OTHER,,,,,,,0,0,
slot3,1,1,244,2149248572,0,0,OTHER,,,,,,,0,0,
slot3,1,1,245,2149248576,0,0,OTHER,,,,,,,0,0,
slot3,1,1,246,2149248580,0,0,OTHER,,,,,,,0,0,
slot3,1,1,247,2149248584,0,0,OTHER,,,,,,,0,0,
slot3,1,1,248,2149248588,0,0,OTHER,,,,,,,0,0,
slot3,1,1,249,2149248592,0,0,OTHER,,,,,,,0,0,
slot3,1,1,250,2149248596,0,0,OTHER,,,,,,,0,0,
slot3,1,1,251,2149248600,0,0,OTHER,,,,,,,0,0,
slot3,1,1,252,2149248604,0,0,OTHER,,,,,,,0,0,
slot3,1,1,253,2149248608,0,0,OTHER,,,,,,,0,0,
slot3,1,1,254,2149248612,0,0,OTHER,,,,,,,0,0,
slot3,1,1,255,2149248616,0,0,OTHER,,,,,,,0,0,
slot3,1,1,256,2149248620,0,0,OTHER,,,,,,,0,0,
slot3,1,1,257,2149248624,0,0,OTHER,,,,,,,0,0,
slot3,1,1,258,2149248628,0,0,OTHER,,,,,,,0,0,
slot3,1,1,259,2149248632,0,0,OTHER,,,,,,,0,0,
slot3,1,1,260,2149248636,0,0,OTHER,,,,,,,0,0,
slot3,1,1,261,2149248640,0,0,OTHER,,,,,,,0,0,
slot3,1,1,262,2149248644,0,0,OTHER,,,,,,,0,0,
slot3,1,1,263,2149248648,0,0,OTHER,,,,,,,0,0,
slot3,1,1,264,2149248652,0,0,OTHER,,,,,,,0,0,
slot3,1,1,265,2149248656,0,0,OTHER,,,,,,,0,0,
slot3,1,1,266,2149248660,0,0,OTHER,,,,,,,0,0,
slot3,1,1,267,2149248664,0,0,OTHER,,,,,,,0,0,
slot3,1,1,268,2149248668,0,0,OTHER,,,,,,,0,0,
slot3,1,1,269,2149248672,0,0,OTHER,,,,,,,0,0,
slot3,1,1,270,2149248676,0,0,OTHER,,,,,,,0,0,
slot3,1,1,271,2149248680,0,0,OTHER,,,,,,,0,0,
slot3,1,1,272,2149248684,0,0,OTHER,,,,,,,0,0,
slot3,1,1,273,2149248688,0,0,OTHER,,,,,,,0,0,
slot3,1,1,274,2149248692,0,0,OTHER,,,,,,,0,0,
slot3,1,1,275,2149248696,0,0,OTHER,,,,,,,0,0,
slot3,1,1,276,2149248700,0,0,OTHER,,,,,,,0,0,
slot3,1,1,277,2149248704,0,0,OTHER,,,,,,,0,0,
slot3,1,1,278,2149248708,0,0,OTHER,,,,,,,0,0,
slot3,1,1,279,2149248712,0,0,OTHER,,,,,,,0,0,
slot3,1,1,280,2149248716,0,0,OTHER,,,,,,,0,0,
slot3,1,1,281,2149248720,0,0,OTHER,,,,,,,0,0,
slot3,1,1,282,2149248724,0,0,OTHER,,,,,,,0,0,
slot3,1,1,283,2149248728,0,0,OTHER,,,,,,,0,0,
slot3,1,1,284,2149248732,0,0,OTHER,,,,,,,0,0,
slot3,1,1,285,2149248736,0,0,OTHER,,,,,,,0,0,
slot3,1,1,286,2149248740,0,0,OTHER,,,,,,,0,0,
slot3,1,1,287,2149248744,0,0,OTHER,,,,,,,0,0,
slot3,1,1,288,2149248748,0,0,OTHER,,,,,,,0,0,
slot3,1,1,289,2149248752,0,0,OTHER,,,,,,,0,0,
slot3,1,1,290,2149248756,0,0,OTHER,,,,,,,0,0,
slot3,1,1,291,2149248760,0,0,OTHER,,,,,,,0,0,
slot3,1,1,292,2149248764,0,0,OTHER,,,,,,,0,0,
slot3,1,1,293,2149248768,0,0,OTHER,,,,,,,0,0,
slot3,1,1,294,2149248772,0,0,OTHER,,,,,,,0,0,
slot3,1,1,295,2149248776,0,0,OTHER,,,,,,,0,0,
slot3,1,1,296,2149248780,0,0,OTHER,,,,,,,0,0,
slot3,1,1,297,2149248784,0,0,OTHER,,,,,,,0,0,
slot3,1,1,298,2149248788,0,0,OTHER,,,,,,,0,0,
slot3,1,1,299,2149248792,0,0,OTHER,,,,,,,0,0,
slot3,1,1,300,2149248796,0,0,OTHER,,,,,,,0,0,
slot3,1,1,301,2149248800,0,0,OTHER,,,,,,,0,0,
slot3,1,1,302,2149248804,0,0,OTHER,,,,,,,0,0,
slot3,1,1,303,2149248808,0,0,OTHER,,,,,,,0,0,
slot3,1,1,304,2149248812,0,0,OTHER,,,,,,,0,0,
slot3,1,1,305,2149248816,0,0,OTHER,,,,,,,0,0,
slot3,1,1,306,2149248820,0,0,OTHER,,,,,,,0,0,
slot3,1,1,307,2149248824,0,0,OTHER,,,,,,,0,0,
slot3,1,1,308,2149248828,0,0,OTHER,,,,,,,0,0,
slot3,1,1,309,2149248832,0,0,OTHER,,,,,,,0,0,
slot3,1,1,310,2149248836,0,0,OTHER,,,,,,,0,0,
slot3,1,1,311,2149248840,0,0,OTHER,,,,,,,0,0,
slot3,1,1,312,2149248844,0,0,OTHER,,,,,,,0,0,
slot3,1,1,313,2149248848,0,0,OTHER,,,,,,,0,0,
slot3,1,1,314,2149248852,0,0,OTHER,,,,,,,0,0,
slot3,1,1,315,2149248856,0,0,OTHER,,,,,,,0,0,
slot3,1,1,316,2149248860,0,0,OTHER,,,,,,,0,0,
slot3,1,1,317,2149248864,0,0,OTHER,,,,,,,0,0,
slot3,1,1,318,2149248868,0,0,OTHER,,,,,,,0,0,
slot3,1,1,319,2149248872,0,0,OTHER,,,,,,,0,0,
slot3,1,1,320,2149248876,0,0,OTHER,,,,,,,0,0,
slot3,1,1,321,2149248880,0,0,OTHER,,,,,,,0,0,
slot3,1,1,322,2149248884,0,0,OTHER,,,,,,,0,0,
slot3,1,1,323,2149248888,0,0,OTHER,,,,,,,0,0,
slot3,1,1,324,2149248892,0,0,OTHER,,,,,,,0,0,
slot3,1,1,325,2149248896,0,0,OTHER,,,,,,,0,0,
slot3,1,1,326,2149248900,0,0,OTHER,,,,,,,0,0,
slot3,1,1,327,2149248904,0,0,OTHER,,,,,,,0,0,
slot3,1,1,328,2149248908,0,0,OTHER,,,,,,,0,0,
slot3,1,1,329,2149248912,0,0,OTHER,,,,,,,0,0,
slot3,1,1,330,2149248916,0,0,OTHER,,,,,,,0,0,
slot3,1,1,331,2149248920,0,0,OTHER,,,,,,,0,0,
slot3,1,1,332,2149248924,0,0,OTHER,,,,,,,0,0,
slot3,1,1,333,2149248928,0,0,OTHER,,,,,,,0,0,
slot3,1,1,334,2149248932,0,0,OTHER,,,,,,,0,0,
slot3,1,1,335,2149248936,0,0,OTHER,,,,,,,0,0,
slot3,1,1,336,2149248940,0,0,OTHER,,,,,,,0,0,
slot3,1,1,337,2149248944,0,0,OTHER,,,,,,,0,0,
slot3,1,1,338,2149248948,0,0,OTHER,,,,,,,0,0,
slot3,1,1,339,2149248952,0,0,OTHER,,,,,,,0,0,
slot3,1,1,340,2149248956,0,0,OTHER,,,,,,,0,0,
slot3,1,1,341,2149248960,0,0,OTHER,,,,,,,0,0,
slot3,1,1,342,2149248964,0,0,OTHER,,,,,,,0,0,
slot3,1,1,343,2149248968,0,0,OTHER,,,,,,,0,0,
slot3,1,1,344,2149248972,0,0,OTHER,,,,,,,0,0,
slot3,1,1,345,2149248976,0,0,OTHER,,,,,,,0,0,
slot3,1,1,346,2149248980,0,0,OTHER,,,,,,,0,0,
slot3,1,1,347,2149248984,0,0,OTHER,,,,,,,0,0,
slot3,1,1,348,2149248988,0,0,OTHER,,,,,,,0,0,
slot3,1,1,349,2149248992,0,0,OTHER,,,,,,,0,0,
slot3,1,1,350,2149248996,0,0,OTHER,,,,,,,0,0,
slot3,1,1,351,2149249000,0,0,OTHER,,,,,,,0,0,
slot3,1,1,352,2149249004,0,0,OTHER,,,,,,,0,0,
slot3,1,1,353,2149249008,0,0,OTHER,,,,,,,0,0,
slot3,1,1,354,2149249012,0,0,OTHER,,,,,,,0,0,
slot3,1,1,355,2149249016,0,0,OTHER,,,,,,,0,0,
slot3,1,1,356,2149249020,0,0,OTHER,,,,,,,0,0,
slot3,1,1,357,2149249024,0,0,OTHER,,,,,,,0,0,
slot3,1,1,358,2149249028,0,0,OTHER,,,,,,,0,0,
slot3,1,1,359,2149249032,0,0,OTHER,,,,,,,0,0,
slot3,1,1,360,2149249036,0,0,OTHER,,,,,,,0,0,
slot3,1,1,361,2149249040,0,0,OTHER,,,,,,,0,0,
slot3,1,1,362,2149249044,0,0,OTHER,,,,,,,0,0,
slot3,1,1,363,2149249048,0,0,OTHER,,,,,,,0,0,
slot3,1,1,364,2149355252,9,46,FT4,31,32,64,32,32,,0,0,
slot3,1,1,365,2149355212,9,46,FT4,15,64,160,8,8,,0,0,
slot3,1,1,366,2149355172,9,46,FT4,31,32,64,32,32,,0,0,
slot3,1,1,367,2149352372,9,46,FT4,30,32,128,32,32,,0,0,
slot3,1,1,368,2149352332,9,46,FT4,15,64,64,8,8,,0,0,
slot3,1,1,369,2149352292,9,46,FT4,30,32,128,32,32,,0,0,
slot3,1,1,370,2149341812,9,44,FT4,5,0,224,16,16,,0,0,
slot3,1,1,371,2149341772,9,44,FT4,5,8,224,16,16,,0,0,
slot3,1,1,372,2149340852,9,44,FT4,5,0,224,16,16,,0,0,
slot3,1,1,373,2149340812,9,44,FT4,5,8,224,16,16,,0,0,
slot3,1,1,374,2149339892,9,44,FT4,5,0,224,16,16,,0,0,
slot3,1,1,375,2149339852,9,44,FT4,5,8,224,16,16,,0,0,
slot3,1,1,376,2149249052,0,0,OTHER,,,,,,,0,0,
slot3,1,1,377,2149249056,0,0,OTHER,,,,,,,0,0,
slot3,1,1,378,2149249060,0,0,OTHER,,,,,,,0,0,
slot3,1,1,379,2149249064,0,0,OTHER,,,,,,,0,0,
slot3,1,1,380,2149249068,0,0,OTHER,,,,,,,0,0,
slot3,1,1,381,2149249072,0,0,OTHER,,,,,,,0,0,
slot3,1,1,382,2149249076,0,0,OTHER,,,,,,,0,0,
slot3,1,1,383,2149249080,0,0,OTHER,,,,,,,0,0,
slot3,1,1,384,2149249084,0,0,OTHER,,,,,,,0,0,
slot3,1,1,385,2149249088,0,0,OTHER,,,,,,,0,0,
slot3,1,1,386,2149249092,0,0,OTHER,,,,,,,0,0,
slot3,1,1,387,2149249096,0,0,OTHER,,,,,,,0,0,
slot3,1,1,388,2149249100,0,0,OTHER,,,,,,,0,0,
slot3,1,1,389,2149249104,0,0,OTHER,,,,,,,0,0,
slot3,1,1,390,2149249108,0,0,OTHER,,,,,,,0,0,
slot3,1,1,391,2149249112,0,0,OTHER,,,,,,,0,0,
slot3,1,1,392,2149350452,9,46,FT4,30,32,0,32,32,,0,0,
slot3,1,1,393,2149350412,9,46,FT4,15,64,0,8,8,,0,0,
slot3,1,1,394,2149350372,9,46,FT4,30,32,0,32,32,,0,0,
slot3,1,1,395,2149249116,0,0,OTHER,,,,,,,0,0,
slot3,1,1,396,2149249120,0,0,OTHER,,,,,,,0,0,
slot3,1,1,397,2149249124,0,0,OTHER,,,,,,,0,0,
slot3,1,1,398,2149249128,0,0,OTHER,,,,,,,0,0,
slot3,1,1,399,2149249132,0,0,OTHER,,,,,,,0,0,
slot3,1,1,400,2149249136,0,0,OTHER,,,,,,,0,0,
slot3,1,1,401,2149249140,0,0,OTHER,,,,,,,0,0,
slot3,1,1,402,2149249144,0,0,OTHER,,,,,,,0,0,
slot3,1,1,403,2149249148,0,0,OTHER,,,,,,,0,0,
slot3,1,1,404,2149249152,0,0,OTHER,,,,,,,0,0,
slot3,1,1,405,2149249156,0,0,OTHER,,,,,,,0,0,
slot3,1,1,406,2149249160,0,0,OTHER,,,,,,,0,0,
slot3,1,1,407,2149249164,0,0,OTHER,,,,,,,0,0,
slot3,1,1,408,2149249168,0,0,OTHER,,,,,,,0,0,
slot3,1,1,409,2149249172,0,0,OTHER,,,,,,,0,0,
slot3,1,1,410,2149249176,0,0,OTHER,,,,,,,0,0,
slot3,1,1,411,2149249180,0,0,OTHER,,,,,,,0,0,
slot3,1,1,412,2149249184,0,0,OTHER,,,,,,,0,0,
slot3,1,1,413,2149249188,0,0,OTHER,,,,,,,0,0,
slot3,1,1,414,2149249192,0,0,OTHER,,,,,,,0,0,
slot3,1,1,415,2149249196,0,0,OTHER,,,,,,,0,0,
slot3,1,1,416,2149249200,0,0,OTHER,,,,,,,0,0,
slot3,1,1,417,2149249204,0,0,OTHER,,,,,,,0,0,
slot3,1,1,418,2149249208,0,0,OTHER,,,,,,,0,0,
slot3,1,1,419,2149249212,0,0,OTHER,,,,,,,0,0,
slot3,1,1,420,2149249216,0,0,OTHER,,,,,,,0,0,
slot3,1,1,421,2149249220,0,0,OTHER,,,,,,,0,0,
slot3,1,1,422,2149249224,0,0,OTHER,,,,,,,0,0,
slot3,1,1,423,2149249228,0,0,OTHER,,,,,,,0,0,
slot3,1,1,424,2149249232,0,0,OTHER,,,,,,,0,0,
slot3,1,1,425,2149249236,0,0,OTHER,,,,,,,0,0,
slot3,1,1,426,2149249240,0,0,OTHER,,,,,,,0,0,
slot3,1,1,427,2149354292,9,46,FT4,31,32,0,32,32,,0,0,
slot3,1,1,428,2149354252,9,46,FT4,15,64,128,8,8,,0,0,
slot3,1,1,429,2149354212,9,46,FT4,31,32,0,32,32,,0,0,
slot3,1,1,430,2149249244,0,0,OTHER,,,,,,,0,0,
slot3,1,1,431,2149249248,0,0,OTHER,,,,,,,0,0,
slot3,1,1,432,2149249252,0,0,OTHER,,,,,,,0,0,
slot3,1,1,433,2149249256,0,0,OTHER,,,,,,,0,0,
slot3,1,1,434,2149249260,0,0,OTHER,,,,,,,0,0,
slot3,1,1,435,2149249264,0,0,OTHER,,,,,,,0,0,
slot3,1,1,436,2149249268,0,0,OTHER,,,,,,,0,0,
slot3,1,1,437,2149249272,0,0,OTHER,,,,,,,0,0,
slot3,1,1,438,2149249276,0,0,OTHER,,,,,,,0,0,
slot3,1,1,439,2149249280,0,0,OTHER,,,,,,,0,0,
slot3,1,1,440,2149249284,0,0,OTHER,,,,,,,0,0,
slot3,1,1,441,2149249288,0,0,OTHER,,,,,,,0,0,
slot3,1,1,442,2149249292,0,0,OTHER,,,,,,,0,0,
slot3,1,1,443,2149249296,0,0,OTHER,,,,,,,0,0,
slot3,1,1,444,2149249300,0,0,OTHER,,,,,,,0,0,
slot3,1,1,445,2149249304,0,0,OTHER,,,,,,,0,0,
slot3,1,1,446,2149249308,0,0,OTHER,,,,,,,0,0,
slot3,1,1,447,2149249312,0,0,OTHER,,,,,,,0,0,
slot3,1,1,448,2149249316,0,0,OTHER,,,,,,,0,0,
slot3,1,1,449,2149249320,0,0,OTHER,,,,,,,0,0,
slot3,1,1,450,2149249324,0,0,OTHER,,,,,,,0,0,
slot3,1,1,451,2149249328,0,0,OTHER,,,,,,,0,0,
slot3,1,1,452,2149249332,0,0,OTHER,,,,,,,0,0,
slot3,1,1,453,2149249336,0,0,OTHER,,,,,,,0,0,
slot3,1,1,454,2149249340,0,0,OTHER,,,,,,,0,0,
slot3,1,1,455,2149249344,0,0,OTHER,,,,,,,0,0,
slot3,1,1,456,2149249348,0,0,OTHER,,,,,,,0,0,
slot3,1,1,457,2149249352,0,0,OTHER,,,,,,,0,0,
slot3,1,1,458,2149249356,0,0,OTHER,,,,,,,0,0,
slot3,1,1,459,2149249360,0,0,OTHER,,,,,,,0,0,
slot3,1,1,460,2149249364,0,0,OTHER,,,,,,,0,0,
slot3,1,1,461,2149249368,0,0,OTHER,,,,,,,0,0,
slot3,1,1,462,2149249372,0,0,OTHER,,,,,,,0,0,
slot3,1,1,463,2149249376,0,0,OTHER,,,,,,,0,0,
slot3,1,1,464,2149249380,0,0,OTHER,,,,,,,0,0,
slot3,1,1,465,2149249384,0,0,OTHER,,,,,,,0,0,
slot3,1,1,466,2149249388,0,0,OTHER,,,,,,,0,0,
slot3,1,1,467,2149249392,0,0,OTHER,,,,,,,0,0,
slot3,1,1,468,2149249396,0,0,OTHER,,,,,,,0,0,
slot3,1,1,469,2149249400,0,0,OTHER,,,,,,,0,0,
slot3,1,1,470,2149249404,0,0,OTHER,,,,,,,0,0,
slot3,1,1,471,2149249408,0,0,OTHER,,,,,,,0,0,
slot3,1,1,472,2149249412,0,0,OTHER,,,,,,,0,0,
slot3,1,1,473,2149249416,0,0,OTHER,,,,,,,0,0,
slot3,1,1,474,2149249420,0,0,OTHER,,,,,,,0,0,
slot3,1,1,475,2149249424,0,0,OTHER,,,,,,,0,0,
slot3,1,1,476,2149249428,0,0,OTHER,,,,,,,0,0,
slot3,1,1,477,2149249432,0,0,OTHER,,,,,,,0,0,
slot3,1,1,478,2149249436,0,0,OTHER,,,,,,,0,0,
slot3,1,1,479,2149249440,0,0,OTHER,,,,,,,0,0,
slot3,1,1,480,2149249444,0,0,OTHER,,,,,,,0,0,
slot3,1,1,481,2149249448,0,0,OTHER,,,,,,,0,0,
slot3,1,1,482,2149249452,0,0,OTHER,,,,,,,0,0,
slot3,1,1,483,2149249456,0,0,OTHER,,,,,,,0,0,
slot3,1,1,484,2149249460,0,0,OTHER,,,,,,,0,0,
slot3,1,1,485,2149249464,0,0,OTHER,,,,,,,0,0,
slot3,1,1,486,2149249468,0,0,OTHER,,,,,,,0,0,
slot3,1,1,487,2149249472,0,0,OTHER,,,,,,,0,0,
slot3,1,1,488,2149249476,0,0,OTHER,,,,,,,0,0,
slot3,1,1,489,2149249480,0,0,OTHER,,,,,,,0,0,
slot3,1,1,490,2149249484,0,0,OTHER,,,,,,,0,0,
slot3,1,1,491,2149249488,0,0,OTHER,,,,,,,0,0,
slot3,1,1,492,2149249492,0,0,OTHER,,,,,,,0,0,
slot3,1,1,493,2149249496,0,0,OTHER,,,,,,,0,0,
slot3,1,1,494,2149340772,9,44,FT4,24,64,64,32,32,,0,0,
slot3,1,1,495,2149249500,0,0,OTHER,,,,,,,0,0,
slot3,1,1,496,2149249504,0,0,OTHER,,,,,,,0,0,
slot3,1,1,497,2149249508,0,0,OTHER,,,,,,,0,0,
slot3,1,1,498,2149249512,0,0,OTHER,,,,,,,0,0,
slot3,1,1,499,2149249516,0,0,OTHER,,,,,,,0,0,
slot3,1,1,500,2149249520,0,0,OTHER,,,,,,,0,0,
slot3,1,1,501,2149249524,0,0,OTHER,,,,,,,0,0,
slot3,1,1,502,2149249528,0,0,OTHER,,,,,,,0,0,
slot3,1,1,503,2149249532,0,0,OTHER,,,,,,,0,0,
slot3,1,1,504,2149249536,0,0,OTHER,,,,,,,0,0,
slot3,1,1,505,2149249540,0,0,OTHER,,,,,,,0,0,
slot3,1,1,506,2149249544,0,0,OTHER,,,,,,,0,0,
slot3,1,1,507,2149249548,0,0,OTHER,,,,,,,0,0,
slot3,1,1,508,2149249552,0,0,OTHER,,,,,,,0,0,
slot3,1,1,509,2149249556,0,0,OTHER,,,,,,,0,0,
slot3,1,1,510,2149249560,0,0,OTHER,,,,,,,0,0,
slot3,1,1,511,2149249564,0,0,OTHER,,,,,,,0,0,
slot3,1,1,512,2149249568,0,0,OTHER,,,,,,,0,0,
slot3,1,1,513,2149249572,0,0,OTHER,,,,,,,0,0,
slot3,1,1,514,2149249576,0,0,OTHER,,,,,,,0,0,
slot3,1,1,515,2149249580,0,0,OTHER,,,,,,,0,0,
slot3,1,1,516,2149249584,0,0,OTHER,,,,,,,0,0,
slot3,1,1,517,2149249588,0,0,OTHER,,,,,,,0,0,
slot3,1,1,518,2149249592,0,0,OTHER,,,,,,,0,0,
slot3,1,1,519,2149249596,0,0,OTHER,,,,,,,0,0,
slot3,1,1,520,2149249600,0,0,OTHER,,,,,,,0,0,
slot3,1,1,521,2149249604,0,0,OTHER,,,,,,,0,0,
slot3,1,1,522,2149249608,0,0,OTHER,,,,,,,0,0,
slot3,1,1,523,2149249612,0,0,OTHER,,,,,,,0,0,
slot3,1,1,524,2149249616,0,0,OTHER,,,,,,,0,0,
slot3,1,1,525,2149249620,0,0,OTHER,,,,,,,0,0,
slot3,1,1,526,2149249624,0,0,OTHER,,,,,,,0,0,
slot3,1,1,527,2149341732,9,44,FT4,24,0,128,32,32,,0,0,
slot3,1,1,528,2149249628,0,0,OTHER,,,,,,,0,0,
slot3,1,1,529,2149249632,0,0,OTHER,,,,,,,0,0,
slot3,1,1,530,2149249636,0,0,OTHER,,,,,,,0,0,
slot3,1,1,531,2149249640,0,0,OTHER,,,,,,,0,0,
slot3,1,1,532,2149249644,0,0,OTHER,,,,,,,0,0,
slot3,1,1,533,2149249648,0,0,OTHER,,,,,,,0,0,
slot3,1,1,534,2149249652,0,0,OTHER,,,,,,,0,0,
slot3,1,1,535,2149249656,0,0,OTHER,,,,,,,0,0,
slot3,1,1,536,2149249660,0,0,OTHER,,,,,,,0,0,
slot3,1,1,537,2149249664,0,0,OTHER,,,,,,,0,0,
slot3,1,1,538,2149249668,0,0,OTHER,,,,,,,0,0,
slot3,1,1,539,2149249672,0,0,OTHER,,,,,,,0,0,
slot3,1,1,540,2149249676,0,0,OTHER,,,,,,,0,0,
slot3,1,1,541,2149249680,0,0,OTHER,,,,,,,0,0,
slot3,1,1,542,2149249684,0,0,OTHER,,,,,,,0,0,
slot3,1,1,543,2149249688,0,0,OTHER,,,,,,,0,0,
slot3,1,1,544,2149249692,0,0,OTHER,,,,,,,0,0,
slot3,1,1,545,2149249696,0,0,OTHER,,,,,,,0,0,
slot3,1,1,546,2149249700,0,0,OTHER,,,,,,,0,0,
slot3,1,1,547,2149249704,0,0,OTHER,,,,,,,0,0,
slot3,1,1,548,2149249708,0,0,OTHER,,,,,,,0,0,
slot3,1,1,549,2149249712,0,0,OTHER,,,,,,,0,0,
slot3,1,1,550,2149249716,0,0,OTHER,,,,,,,0,0,
slot3,1,1,551,2149249720,0,0,OTHER,,,,,,,0,0,
slot3,1,1,552,2149249724,0,0,OTHER,,,,,,,0,0,
slot3,1,1,553,2149249728,0,0,OTHER,,,,,,,0,0,
slot3,1,1,554,2149249732,0,0,OTHER,,,,,,,0,0,
slot3,1,1,555,2149249736,0,0,OTHER,,,,,,,0,0,
slot3,1,1,556,2149249740,0,0,OTHER,,,,,,,0,0,
slot3,1,1,557,2149249744,0,0,OTHER,,,,,,,0,0,
slot3,1,1,558,2149249748,0,0,OTHER,,,,,,,0,0,
slot3,1,1,559,2149249752,0,0,OTHER,,,,,,,0,0,
slot3,1,1,560,2149353332,9,46,FT4,30,32,192,32,32,,0,0,
slot3,1,1,561,2149353292,9,46,FT4,15,64,96,8,8,,0,0,
slot3,1,1,562,2149353252,9,46,FT4,30,32,192,32,32,,0,0,
slot3,1,1,563,2149339812,9,44,FT4,12,128,0,32,32,,0,0,
slot3,1,1,564,2149249756,0,0,OTHER,,,,,,,0,0,
slot3,1,1,565,2149249760,0,0,OTHER,,,,,,,0,0,
slot3,1,1,566,2149249764,0,0,OTHER,,,,,,,0,0,
slot3,1,1,567,2149249768,0,0,OTHER,,,,,,,0,0,
slot3,1,1,568,2149249772,0,0,OTHER,,,,,,,0,0,
slot3,1,1,569,2149249776,0,0,OTHER,,,,,,,0,0,
slot3,1,1,570,2149249780,0,0,OTHER,,,,,,,0,0,
slot3,1,1,571,2149249784,0,0,OTHER,,,,,,,0,0,
slot3,1,1,572,2149249788,0,0,OTHER,,,,,,,0,0,
slot3,1,1,573,2149249792,0,0,OTHER,,,,,,,0,0,
slot3,1,1,574,2149249796,0,0,OTHER,,,,,,,0,0,
slot3,1,1,575,2149249800,0,0,OTHER,,,,,,,0,0,
slot3,1,1,576,2149249804,0,0,OTHER,,,,,,,0,0,
slot3,1,1,577,2149249808,0,0,OTHER,,,,,,,0,0,
slot3,1,1,578,2149249812,0,0,OTHER,,,,,,,0,0,
slot3,1,1,579,2149249816,0,0,OTHER,,,,,,,0,0,
slot3,1,1,580,2149249820,0,0,OTHER,,,,,,,0,0,
slot3,1,1,581,2149249824,0,0,OTHER,,,,,,,0,0,
slot3,1,1,582,2149249828,0,0,OTHER,,,,,,,0,0,
slot3,1,1,583,2149249832,0,0,OTHER,,,,,,,0,0,
slot3,1,1,584,2149249836,0,0,OTHER,,,,,,,0,0,
slot3,1,1,585,2149249840,0,0,OTHER,,,,,,,0,0,
slot3,1,1,586,2149249844,0,0,OTHER,,,,,,,0,0,
slot3,1,1,587,2149249848,0,0,OTHER,,,,,,,0,0,
slot3,1,1,588,2149249852,0,0,OTHER,,,,,,,0,0,
slot3,1,1,589,2149249856,0,0,OTHER,,,,,,,0,0,
slot3,1,1,590,2149249860,0,0,OTHER,,,,,,,0,0,
slot3,1,1,591,2149249864,0,0,OTHER,,,,,,,0,0,
slot3,1,1,592,2149249868,0,0,OTHER,,,,,,,0,0,
slot3,1,1,593,2149249872,0,0,OTHER,,,,,,,0,0,
slot3,1,1,594,2149249876,0,0,OTHER,,,,,,,0,0,
slot3,1,1,595,2149249880,0,0,OTHER,,,,,,,0,0,
slot3,1,1,596,2149249884,0,0,OTHER,,,,,,,0,0,
slot3,1,1,597,2149249888,0,0,OTHER,,,,,,,0,0,
slot3,1,1,598,2149249892,0,0,OTHER,,,,,,,0,0,
slot3,1,1,599,2149249896,0,0,OTHER,,,,,,,0,0,
slot3,1,1,600,2149249900,0,0,OTHER,,,,,,,0,0,
slot3,1,1,601,2149249904,0,0,OTHER,,,,,,,0,0,
slot3,1,1,602,2149249908,0,0,OTHER,,,,,,,0,0,
slot3,1,1,603,2149249912,0,0,OTHER,,,,,,,0,0,
slot3,1,1,604,2149249916,0,0,OTHER,,,,,,,0,0,
slot3,1,1,605,2149249920,0,0,OTHER,,,,,,,0,0,
slot3,1,1,606,2149249924,0,0,OTHER,,,,,,,0,0,
slot3,1,1,607,2149249928,0,0,OTHER,,,,,,,0,0,
slot3,1,1,608,2149249932,0,0,OTHER,,,,,,,0,0,
slot3,1,1,609,2149249936,0,0,OTHER,,,,,,,0,0,
slot3,1,1,610,2149249940,0,0,OTHER,,,,,,,0,0,
slot3,1,1,611,2149249944,0,0,OTHER,,,,,,,0,0,
slot3,1,1,612,2149249948,0,0,OTHER,,,,,,,0,0,
slot3,1,1,613,2149249952,0,0,OTHER,,,,,,,0,0,
slot3,1,1,614,2149249956,0,0,OTHER,,,,,,,0,0,
slot3,1,1,615,2149249960,0,0,OTHER,,,,,,,0,0,
slot3,1,1,616,2149249964,0,0,OTHER,,,,,,,0,0,
slot3,1,1,617,2149249968,0,0,OTHER,,,,,,,0,0,
slot3,1,1,618,2149249972,0,0,OTHER,,,,,,,0,0,
slot3,1,1,619,2149249976,0,0,OTHER,,,,,,,0,0,
slot3,1,1,620,2149249980,0,0,OTHER,,,,,,,0,0,
slot3,1,1,621,2149249984,0,0,OTHER,,,,,,,0,0,
slot3,1,1,622,2149249988,0,0,OTHER,,,,,,,0,0,
slot3,1,1,623,2149249992,0,0,OTHER,,,,,,,0,0,
slot3,1,1,624,2149249996,0,0,OTHER,,,,,,,0,0,
slot3,1,1,625,2149250000,0,0,OTHER,,,,,,,0,0,
slot3,1,1,626,2149250004,0,0,OTHER,,,,,,,0,0,
slot3,1,1,627,2149250008,0,0,OTHER,,,,,,,0,0,
slot3,1,1,628,2149250012,0,0,OTHER,,,,,,,0,0,
slot3,1,1,629,2149250016,0,0,OTHER,,,,,,,0,0,
slot3,1,1,630,2149250020,0,0,OTHER,,,,,,,0,0,
slot3,1,1,631,2149250024,0,0,OTHER,,,,,,,0,0,
slot3,1,1,632,2149250028,0,0,OTHER,,,,,,,0,0,
slot3,1,1,633,2149250032,0,0,OTHER,,,,,,,0,0,
slot3,1,1,634,2149250036,0,0,OTHER,,,,,,,0,0,
slot3,1,1,635,2149250040,0,0,OTHER,,,,,,,0,0,
slot3,1,1,636,2149250044,0,0,OTHER,,,,,,,0,0,
slot3,1,1,637,2149250048,0,0,OTHER,,,,,,,0,0,
slot3,1,1,638,2149300396,9,44,FT4,8,192,192,32,32,,0,0,
slot3,1,1,639,2149300356,9,44,FT4,8,160,192,32,32,,0,0,
slot3,1,1,640,2149300316,9,44,FT4,8,128,192,32,32,,0,0,
slot3,1,1,641,2149300236,9,44,FT4,6,96,96,32,32,,0,0,
slot3,1,1,642,2149299876,9,44,FT4,8,192,160,32,32,,0,0,
slot3,1,1,643,2149299836,9,44,FT4,8,160,160,32,32,,0,0,
slot3,1,1,644,2149299796,9,44,FT4,8,128,160,32,32,,0,0,
slot3,1,1,645,2149299716,9,44,FT4,6,96,64,32,32,,0,0,
slot3,1,1,646,2149299676,9,44,FT4,6,64,64,32,32,,0,0,
slot3,1,1,647,2149299596,9,44,FT4,6,160,192,32,32,,0,0,
slot3,1,1,648,2149299116,9,44,FT4,8,192,192,32,32,,0,0,
slot3,1,1,649,2149299076,9,44,FT4,8,160,192,32,32,,0,0,
slot3,1,1,650,2149299036,9,44,FT4,8,128,192,32,32,,0,0,
slot3,1,1,651,2149298596,9,44,FT4,8,192,160,32,32,,0,0,
slot3,1,1,652,2149298556,9,44,FT4,8,160,160,32,32,,0,0,
slot3,1,1,653,2149298516,9,44,FT4,8,128,160,32,32,,0,0,
slot3,1,1,654,2149296316,9,44,FT4,6,32,96,32,32,,0,0,
slot3,1,1,655,2149295956,9,44,FT4,6,96,96,32,32,,0,0,
slot3,1,1,656,2149295916,9,44,FT4,6,64,96,32,32,,0,0,
slot3,1,1,657,2149295796,9,44,FT4,6,32,64,32,32,,0,0,
slot3,1,1,658,2149250052,0,0,OTHER,,,,,,,0,0,
slot3,1,1,659,2149250056,0,0,OTHER,,,,,,,0,0,
slot3,1,1,660,2149250060,0,0,OTHER,,,,,,,0,0,
slot3,1,1,661,2149262928,2,225,DR_TPAGE,21,,,,,,0,0,
slot3,1,1,662,2149260068,5,43,OTHER,21,,,,,,0,0,
slot3,1,1,663,2149527736,4,101,SPRT,21,0,112,40,40,32264,0,0,
slot3,1,1,664,2149527528,4,33,OTHER,21,,,,,,0,0,
slot3,1,1,665,2149250064,0,0,OTHER,21,,,,,,0,0,
slot3,1,1,666,2149250068,0,0,OTHER,21,,,,,,0,0,
slot3,1,1,667,2149316252,2,225,DR_TPAGE,31,,,,,,0,0,
slot3,1,1,668,2149555580,2,225,DR_TPAGE,5,,,,,,0,0,
slot3,1,1,669,2149314172,4,101,SPRT,5,204,12,12,12,32707,0,0,
slot3,1,1,670,2149314120,4,101,SPRT,5,204,12,12,12,32707,0,0,
slot3,1,1,671,2149314068,4,101,SPRT,5,96,12,12,12,32707,0,0,
slot3,1,1,672,2149314016,4,101,SPRT,5,108,120,12,12,32707,0,0,
slot3,1,1,673,2149313964,4,101,SPRT,5,48,12,12,12,32707,0,0,
slot3,1,1,674,2149313912,4,101,SPRT,5,228,0,12,12,32706,0,0,
slot3,1,1,675,2149313860,4,101,SPRT,5,0,0,12,12,32704,0,0,
slot3,1,1,676,2149313808,4,101,SPRT,5,0,0,12,12,32704,0,0,
slot3,1,1,677,2149313756,4,101,SPRT,5,204,12,12,12,32707,0,0,
slot3,1,1,678,2149313704,4,101,SPRT,5,84,24,12,12,32706,0,0,
slot3,1,1,679,2149313652,4,101,SPRT,5,0,0,12,12,32704,0,0,
slot3,1,1,680,2149313600,4,101,SPRT,5,0,0,12,12,32704,0,0,
slot3,1,1,681,2149313548,4,101,SPRT,5,132,144,12,12,32707,0,0,
slot3,1,1,682,2149313496,4,101,SPRT,5,240,0,12,12,32705,0,0,
slot3,1,1,683,2149313444,4,101,SPRT,5,120,132,12,12,32706,0,0,
slot3,1,1,684,2149313392,4,101,SPRT,5,60,120,12,12,32706,0,0,
slot3,1,1,685,2149313340,4,101,SPRT,5,204,12,12,12,32707,0,0,
slot3,1,1,686,2149313288,4,101,SPRT,5,36,0,12,12,32706,0,0,
slot3,1,1,687,2149313236,4,101,SPRT,5,96,12,12,12,32707,0,0,
slot3,1,1,688,2149313184,4,101,SPRT,5,120,108,12,12,32706,0,0,
slot3,1,1,689,2149313132,4,101,SPRT,5,204,12,12,12,32707,0,0,
slot3,1,1,690,2149313080,4,101,SPRT,5,48,12,12,12,32705,0,0,
slot3,1,1,691,2149313028,4,101,SPRT,5,144,12,12,12,32707,0,0,
slot3,1,1,692,2149312976,4,101,SPRT,5,168,84,12,12,32707,0,0,
slot4,1,1,0,2149248028,0,0,OTHER,,,,,,,0,0,
slot4,1,1,1,2149248032,0,0,OTHER,,,,,,,0,0,
slot4,1,1,2,2149248036,0,0,OTHER,,,,,,,0,0,
slot4,1,1,3,2149248040,0,0,OTHER,,,,,,,0,0,
slot4,1,1,4,2149295196,9,44,FT4,6,0,224,32,32,,0,0,
slot4,1,1,5,2149295156,9,44,FT4,6,0,128,32,32,,0,0,
slot4,1,1,6,2149295116,9,44,FT4,6,32,224,32,32,,0,0,
slot4,1,1,7,2149295076,9,44,FT4,6,128,0,32,32,,0,0,
slot4,1,1,8,2149295036,9,44,FT4,6,96,224,32,32,,0,0,
slot4,1,1,9,2149294996,9,44,FT4,6,64,224,32,32,,0,0,
slot4,1,1,10,2149294956,9,44,FT4,6,32,224,32,32,,0,0,
slot4,1,1,11,2149294916,9,44,FT4,6,0,224,32,32,,0,0,
slot4,1,1,12,2149294876,9,44,FT4,6,96,224,32,32,,0,0,
slot4,1,1,13,2149294836,9,44,FT4,6,64,224,32,32,,0,0,
slot4,1,1,14,2149294796,9,44,FT4,6,32,224,32,32,,0,0,
slot4,1,1,15,2149294756,9,44,FT4,6,0,224,32,32,,0,0,
slot4,1,1,16,2149294676,9,44,FT4,7,32,64,32,32,,0,0,
slot4,1,1,17,2149294636,9,44,FT4,6,96,128,32,32,,0,0,
slot4,1,1,18,2149294596,9,44,FT4,6,32,192,32,32,,0,0,
slot4,1,1,19,2149294556,9,44,FT4,6,0,192,32,32,,0,0,
slot4,1,1,20,2149294516,9,44,FT4,6,96,192,32,32,,0,0,
slot4,1,1,21,2149294476,9,44,FT4,6,64,192,32,32,,0,0,
slot4,1,1,22,2149294436,9,44,FT4,6,32,192,32,32,,0,0,
slot4,1,1,23,2149294396,9,44,FT4,6,0,192,32,32,,0,0,
slot4,1,1,24,2149294356,9,44,FT4,6,0,128,32,32,,0,0,
slot4,1,1,25,2149294316,9,44,FT4,6,32,128,32,32,,0,0,
slot4,1,1,26,2149294276,9,44,FT4,6,0,192,32,32,,0,0,
slot4,1,1,27,2149294236,9,44,FT4,6,0,192,32,32,,0,0,
slot4,1,1,28,2149294156,9,44,FT4,7,32,64,32,32,,0,0,
slot4,1,1,29,2149294116,9,44,FT4,7,64,64,32,32,,0,0,
slot4,1,1,30,2149294076,9,44,FT4,6,32,192,32,32,,0,0,
slot4,1,1,31,2149294036,9,44,FT4,6,0,160,32,32,,0,0,
slot4,1,1,32,2149293996,9,44,FT4,6,96,192,32,32,,0,0,
slot4,1,1,33,2149293956,9,44,FT4,6,64,160,32,32,,0,0,
slot4,1,1,34,2149293916,9,44,FT4,6,32,160,32,32,,0,0,
slot4,1,1,35,2149293876,9,44,FT4,6,0,160,32,32,,0,0,
slot4,1,1,36,2149293836,9,44,FT4,6,96,160,32,32,,0,0,
slot4,1,1,37,2149293796,9,44,FT4,6,64,160,32,32,,0,0,
slot4,1,1,38,2149293756,9,44,FT4,6,32,160,32,32,,0,0,
slot4,1,1,39,2149293716,9,44,FT4,6,0,160,32,32,,0,0,
slot4,1,1,40,2149293636,9,44,FT4,7,32,64,32,32,,0,0,
slot4,1,1,41,2149293596,9,44,FT4,7,64,64,32,32,,0,0,
slot4,1,1,42,2149293556,9,44,FT4,7,0,64,32,32,,0,0,
slot4,1,1,43,2149293516,9,44,FT4,6,0,128,32,32,,0,0,
slot4,1,1,44,2149293476,9,44,FT4,6,96,160,32,32,,0,0,
slot4,1,1,45,2149293436,9,44,FT4,6,64,128,32,32,,0,0,
slot4,1,1,46,2149293396,9,44,FT4,6,32,128,32,32,,0,0,
slot4,1,1,47,2149293356,9,44,FT4,6,0,128,32,32,,0,0,
slot4,1,1,48,2149293316,9,44,FT4,6,96,128,32,32,,0,0,
slot4,1,1,49,2149293276,9,44,FT4,6,64,128,32,32,,0,0,
slot4,1,1,50,2149293236,9,44,FT4,6,32,128,32,32,,0,0,
slot4,1,1,51,2149293196,9,44,FT4,6,0,128,32,32,,0,0,
slot4,1,1,52,2149293116,9,44,FT4,7,32,64,32,32,,0,0,
slot4,1,1,53,2149293076,9,44,FT4,7,64,64,32,32,,0,0,
slot4,1,1,54,2149293036,9,44,FT4,7,0,64,32,32,,0,0,
slot4,1,1,55,2149292996,9,44,FT4,6,32,224,32,32,,0,0,
slot4,1,1,56,2149292956,9,44,FT4,6,96,224,32,32,,0,0,
slot4,1,1,57,2149292916,9,44,FT4,6,64,224,32,32,,0,0,
slot4,1,1,58,2149292876,9,44,FT4,6,0,192,32,32,,0,0,
slot4,1,1,59,2149292836,9,44,FT4,7,0,64,32,32,,0,0,
slot4,1,1,60,2149292796,9,44,FT4,7,32,64,32,32,,0,0,
slot4,1,1,61,2149292756,9,44,FT4,7,64,64,32,32,,0,0,
slot4,1,1,62,2149292716,9,44,FT4,6,32,192,32,32,,0,0,
slot4,1,1,63,2149292676,9,44,FT4,6,0,192,32,32,,0,0,
slot4,1,1,64,2149292596,9,44,FT4,7,32,64,32,32,,0,0,
slot4,1,1,65,2149292556,9,44,FT4,7,64,64,32,32,,0,0,
slot4,1,1,66,2149292516,9,44,FT4,6,64,192,32,32,,0,0,
slot4,1,1,67,2149292476,9,44,FT4,6,32,192,32,32,,0,0,
slot4,1,1,68,2149292436,9,44,FT4,6,96,192,32,32,,0,0,
slot4,1,1,69,2149292396,9,44,FT4,6,64,192,32,32,,0,0,
slot4,1,1,70,2149292356,9,44,FT4,6,0,160,32,32,,0,0,
slot4,1,1,71,2149292316,9,44,FT4,7,0,64,32,32,,0,0,
slot4,1,1,72,2149292276,9,44,FT4,7,0,0,32,32,,0,0,
slot4,1,1,73,2149292236,9,44,FT4,7,64,64,32,32,,0,0,
slot4,1,1,74,2149292196,9,44,FT4,6,32,160,32,32,,0,0,
slot4,1,1,75,2149292156,9,44,FT4,6,0,160,32,32,,0,0,
slot4,1,1,76,2149292076,9,44,FT4,7,32,64,32,32,,0,0,
slot4,1,1,77,2149292036,9,44,FT4,7,64,64,32,32,,0,0,
slot4,1,1,78,2149291996,9,44,FT4,6,64,160,32,32,,0,0,
slot4,1,1,79,2149291956,9,44,FT4,6,32,160,32,32,,0,0,
slot4,1,1,80,2149291916,9,44,FT4,6,96,160,32,32,,0,0,
slot4,1,1,81,2149291876,9,44,FT4,6,64,160,32,32,,0,0,
slot4,1,1,82,2149291836,9,44,FT4,6,0,128,32,32,,0,0,
slot4,1,1,83,2149291796,9,44,FT4,6,32,128,32,32,,0,0,
slot4,1,1,84,2149291756,9,44,FT4,6,96,128,32,32,,0,0,
slot4,1,1,85,2149291716,9,44,FT4,6,64,128,32,32,,0,0,
slot4,1,1,86,2149291676,9,44,FT4,6,32,128,32,32,,0,0,
slot4,1,1,87,2149291636,9,44,FT4,6,0,128,32,32,,0,0,
slot4,1,1,88,2149291556,9,44,FT4,7,32,64,32,32,,0,0,
slot4,1,1,89,2149291516,9,44,FT4,7,64,64,32,32,,0,0,
slot4,1,1,90,2149291476,9,44,FT4,6,64,128,32,32,,0,0,
slot4,1,1,91,2149291436,9,44,FT4,6,32,128,32,32,,0,0,
slot4,1,1,92,2149291396,9,44,FT4,6,96,128,32,32,,0,0,
slot4,1,1,93,2149291356,9,44,FT4,6,64,128,32,32,,0,0,
slot4,1,1,94,2149291316,9,44,FT4,7,0,0,32,32,,0,0,
slot4,1,1,95,2149291276,9,44,FT4,6,0,224,32,32,,0,0,
slot4,1,1,96,2149291236,9,44,FT4,6,96,224,32,32,,0,0,
slot4,1,1,97,2149291196,9,44,FT4,6,64,224,32,32,,0,0,
slot4,1,1,98,2149291156,9,44,FT4,6,32,224,32,32,,0,0,
slot4,1,1,99,2149291116,9,44,FT4,6,0,224,32,32,,0,0,
slot4,1,1,100,2149291036,9,44,FT4,6,32,192,32,32,,0,0,
slot4,1,1,101,2149290996,9,44,FT4,6,96,224,32,32,,0,0,
slot4,1,1,102,2149290956,9,44,FT4,6,64,224,32,32,,0,0,
slot4,1,1,103,2149290916,9,44,FT4,6,32,224,32,32,,0,0,
slot4,1,1,104,2149290876,9,44,FT4,6,96,224,32,32,,0,0,
slot4,1,1,105,2149290836,9,44,FT4,6,64,224,32,32,,0,0,
slot4,1,1,106,2149290796,9,44,FT4,6,64,224,32,32,,0,0,
slot4,1,1,107,2149290756,9,44,FT4,6,0,192,32,32,,0,0,
slot4,1,1,108,2149290716,9,44,FT4,6,96,192,32,32,,0,0,
slot4,1,1,109,2149290676,9,44,FT4,6,64,192,32,32,,0,0,
slot4,1,1,110,2149290636,9,44,FT4,6,32,192,32,32,,0,0,
slot4,1,1,111,2149290596,9,44,FT4,6,0,192,32,32,,0,0,
slot4,1,1,112,2149290516,9,44,FT4,6,0,160,32,32,,0,0,
slot4,1,1,113,2149290476,9,44,FT4,6,96,192,32,32,,0,0,
slot4,1,1,114,2149290436,9,44,FT4,6,64,192,32,32,,0,0,
slot4,1,1,115,2149290396,9,44,FT4,6,128,0,32,32,,0,0,
slot4,1,1,116,2149290356,9,44,FT4,6,96,192,32,32,,0,0,
slot4,1,1,117,2149290316,9,44,FT4,7,64,64,32,32,,0,0,
slot4,1,1,118,2149290276,9,44,FT4,7,0,64,32,32,,0,0,
slot4,1,1,119,2149290236,9,44,FT4,7,0,64,32,32,,0,0,
slot4,1,1,120,2149290196,9,44,FT4,6,96,160,32,32,,0,0,
slot4,1,1,121,2149290156,9,44,FT4,6,64,160,32,32,,0,0,
slot4,1,1,122,2149290116,9,44,FT4,6,32,160,32,32,,0,0,
slot4,1,1,123,2149290076,9,44,FT4,6,0,160,32,32,,0,0,
slot4,1,1,124,2149248044,0,0,OTHER,,,,,,,0,0,
slot4,1,1,125,2149248048,0,0,OTHER,,,,,,,0,0,
slot4,1,1,126,2149248052,0,0,OTHER,,,,,,,0,0,
slot4,1,1,127,2149248056,0,0,OTHER,,,,,,,0,0,
slot4,1,1,128,2149248060,0,0,OTHER,,,,,,,0,0,
slot4,1,1,129,2149248064,0,0,OTHER,,,,,,,0,0,
slot4,1,1,130,2149248068,0,0,OTHER,,,,,,,0,0,
slot4,1,1,131,2149248072,0,0,OTHER,,,,,,,0,0,
slot4,1,1,132,2149248076,0,0,OTHER,,,,,,,0,0,
slot4,1,1,133,2149248080,0,0,OTHER,,,,,,,0,0,
slot4,1,1,134,2149248084,0,0,OTHER,,,,,,,0,0,
slot4,1,1,135,2149248088,0,0,OTHER,,,,,,,0,0,
slot4,1,1,136,2149248092,0,0,OTHER,,,,,,,0,0,
slot4,1,1,137,2149248096,0,0,OTHER,,,,,,,0,0,
slot4,1,1,138,2149248100,0,0,OTHER,,,,,,,0,0,
slot4,1,1,139,2149248104,0,0,OTHER,,,,,,,0,0,
slot4,1,1,140,2149248108,0,0,OTHER,,,,,,,0,0,
slot4,1,1,141,2149248112,0,0,OTHER,,,,,,,0,0,
slot4,1,1,142,2149248116,0,0,OTHER,,,,,,,0,0,
slot4,1,1,143,2149248120,0,0,OTHER,,,,,,,0,0,
slot4,1,1,144,2149248124,0,0,OTHER,,,,,,,0,0,
slot4,1,1,145,2149248128,0,0,OTHER,,,,,,,0,0,
slot4,1,1,146,2149248132,0,0,OTHER,,,,,,,0,0,
slot4,1,1,147,2149248136,0,0,OTHER,,,,,,,0,0,
slot4,1,1,148,2149248140,0,0,OTHER,,,,,,,0,0,
slot4,1,1,149,2149248144,0,0,OTHER,,,,,,,0,0,
slot4,1,1,150,2149248148,0,0,OTHER,,,,,,,0,0,
slot4,1,1,151,2149248152,0,0,OTHER,,,,,,,0,0,
slot4,1,1,152,2149248156,0,0,OTHER,,,,,,,0,0,
slot4,1,1,153,2149248160,0,0,OTHER,,,,,,,0,0,
slot4,1,1,154,2149248164,0,0,OTHER,,,,,,,0,0,
slot4,1,1,155,2149248168,0,0,OTHER,,,,,,,0,0,
slot4,1,1,156,2149248172,0,0,OTHER,,,,,,,0,0,
slot4,1,1,157,2149248176,0,0,OTHER,,,,,,,0,0,
slot4,1,1,158,2149248180,0,0,OTHER,,,,,,,0,0,
slot4,1,1,159,2149248184,0,0,OTHER,,,,,,,0,0,
slot4,1,1,160,2149248188,0,0,OTHER,,,,,,,0,0,
slot4,1,1,161,2149248192,0,0,OTHER,,,,,,,0,0,
slot4,1,1,162,2149248196,0,0,OTHER,,,,,,,0,0,
slot4,1,1,163,2149248200,0,0,OTHER,,,,,,,0,0,
slot4,1,1,164,2149248204,0,0,OTHER,,,,,,,0,0,
slot4,1,1,165,2149248208,0,0,OTHER,,,,,,,0,0,
slot4,1,1,166,2149248212,0,0,OTHER,,,,,,,0,0,
slot4,1,1,167,2149248216,0,0,OTHER,,,,,,,0,0,
slot4,1,1,168,2149248220,0,0,OTHER,,,,,,,0,0,
slot4,1,1,169,2149248224,0,0,OTHER,,,,,,,0,0,
slot4,1,1,170,2149248228,0,0,OTHER,,,,,,,0,0,
slot4,1,1,171,2149248232,0,0,OTHER,,,,,,,0,0,
slot4,1,1,172,2149248236,0,0,OTHER,,,,,,,0,0,
slot4,1,1,173,2149248240,0,0,OTHER,,,,,,,0,0,
slot4,1,1,174,2149248244,0,0,OTHER,,,,,,,0,0,
slot4,1,1,175,2149248248,0,0,OTHER,,,,,,,0,0,
slot4,1,1,176,2149248252,0,0,OTHER,,,,,,,0,0,
slot4,1,1,177,2149248256,0,0,OTHER,,,,,,,0,0,
slot4,1,1,178,2149248260,0,0,OTHER,,,,,,,0,0,
slot4,1,1,179,2149248264,0,0,OTHER,,,,,,,0,0,
slot4,1,1,180,2149248268,0,0,OTHER,,,,,,,0,0,
slot4,1,1,181,2149248272,0,0,OTHER,,,,,,,0,0,
slot4,1,1,182,2149248276,0,0,OTHER,,,,,,,0,0,
slot4,1,1,183,2149248280,0,0,OTHER,,,,,,,0,0,
slot4,1,1,184,2149248284,0,0,OTHER,,,,,,,0,0,
slot4,1,1,185,2149248288,0,0,OTHER,,,,,,,0,0,
slot4,1,1,186,2149248292,0,0,OTHER,,,,,,,0,0,
slot4,1,1,187,2149248296,0,0,OTHER,,,,,,,0,0,
slot4,1,1,188,2149248300,0,0,OTHER,,,,,,,0,0,
slot4,1,1,189,2149248304,0,0,OTHER,,,,,,,0,0,
slot4,1,1,190,2149248308,0,0,OTHER,,,,,,,0,0,
slot4,1,1,191,2149248312,0,0,OTHER,,,,,,,0,0,
slot4,1,1,192,2149248316,0,0,OTHER,,,,,,,0,0,
slot4,1,1,193,2149248320,0,0,OTHER,,,,,,,0,0,
slot4,1,1,194,2149248324,0,0,OTHER,,,,,,,0,0,
slot4,1,1,195,2149248328,0,0,OTHER,,,,,,,0,0,
slot4,1,1,196,2149248332,0,0,OTHER,,,,,,,0,0,
slot4,1,1,197,2149248336,0,0,OTHER,,,,,,,0,0,
slot4,1,1,198,2149248340,0,0,OTHER,,,,,,,0,0,
slot4,1,1,199,2149248344,0,0,OTHER,,,,,,,0,0,
slot4,1,1,200,2149248348,0,0,OTHER,,,,,,,0,0,
slot4,1,1,201,2149248352,0,0,OTHER,,,,,,,0,0,
slot4,1,1,202,2149248356,0,0,OTHER,,,,,,,0,0,
slot4,1,1,203,2149248360,0,0,OTHER,,,,,,,0,0,
slot4,1,1,204,2149248364,0,0,OTHER,,,,,,,0,0,
slot4,1,1,205,2149248368,0,0,OTHER,,,,,,,0,0,
slot4,1,1,206,2149248372,0,0,OTHER,,,,,,,0,0,
slot4,1,1,207,2149248376,0,0,OTHER,,,,,,,0,0,
slot4,1,1,208,2149248380,0,0,OTHER,,,,,,,0,0,
slot4,1,1,209,2149248384,0,0,OTHER,,,,,,,0,0,
slot4,1,1,210,2149248388,0,0,OTHER,,,,,,,0,0,
slot4,1,1,211,2149248392,0,0,OTHER,,,,,,,0,0,
slot4,1,1,212,2149248396,0,0,OTHER,,,,,,,0,0,
slot4,1,1,213,2149248400,0,0,OTHER,,,,,,,0,0,
slot4,1,1,214,2149248404,0,0,OTHER,,,,,,,0,0,
slot4,1,1,215,2149248408,0,0,OTHER,,,,,,,0,0,
slot4,1,1,216,2149248412,0,0,OTHER,,,,,,,0,0,
slot4,1,1,217,2149248416,0,0,OTHER,,,,,,,0,0,
slot4,1,1,218,2149248420,0,0,OTHER,,,,,,,0,0,
slot4,1,1,219,2149248424,0,0,OTHER,,,,,,,0,0,
slot4,1,1,220,2149248428,0,0,OTHER,,,,,,,0,0,
slot4,1,1,221,2149248432,0,0,OTHER,,,,,,,0,0,
slot4,1,1,222,2149248436,0,0,OTHER,,,,,,,0,0,
slot4,1,1,223,2149248440,0,0,OTHER,,,,,,,0,0,
slot4,1,1,224,2149248444,0,0,OTHER,,,,,,,0,0,
slot4,1,1,225,2149248448,0,0,OTHER,,,,,,,0,0,
slot4,1,1,226,2149248452,0,0,OTHER,,,,,,,0,0,
slot4,1,1,227,2149248456,0,0,OTHER,,,,,,,0,0,
slot4,1,1,228,2149248460,0,0,OTHER,,,,,,,0,0,
slot4,1,1,229,2149248464,0,0,OTHER,,,,,,,0,0,
slot4,1,1,230,2149248468,0,0,OTHER,,,,,,,0,0,
slot4,1,1,231,2149248472,0,0,OTHER,,,,,,,0,0,
slot4,1,1,232,2149248476,0,0,OTHER,,,,,,,0,0,
slot4,1,1,233,2149248480,0,0,OTHER,,,,,,,0,0,
slot4,1,1,234,2149248484,0,0,OTHER,,,,,,,0,0,
slot4,1,1,235,2149248488,0,0,OTHER,,,,,,,0,0,
slot4,1,1,236,2149248492,0,0,OTHER,,,,,,,0,0,
slot4,1,1,237,2149248496,0,0,OTHER,,,,,,,0,0,
slot4,1,1,238,2149248500,0,0,OTHER,,,,,,,0,0,
slot4,1,1,239,2149248504,0,0,OTHER,,,,,,,0,0,
slot4,1,1,240,2149248508,0,0,OTHER,,,,,,,0,0,
slot4,1,1,241,2149248512,0,0,OTHER,,,,,,,0,0,
slot4,1,1,242,2149248516,0,0,OTHER,,,,,,,0,0,
slot4,1,1,243,2149248520,0,0,OTHER,,,,,,,0,0,
slot4,1,1,244,2149248524,0,0,OTHER,,,,,,,0,0,
slot4,1,1,245,2149248528,0,0,OTHER,,,,,,,0,0,
slot4,1,1,246,2149248532,0,0,OTHER,,,,,,,0,0,
slot4,1,1,247,2149248536,0,0,OTHER,,,,,,,0,0,
slot4,1,1,248,2149248540,0,0,OTHER,,,,,,,0,0,
slot4,1,1,249,2149248544,0,0,OTHER,,,,,,,0,0,
slot4,1,1,250,2149248548,0,0,OTHER,,,,,,,0,0,
slot4,1,1,251,2149248552,0,0,OTHER,,,,,,,0,0,
slot4,1,1,252,2149248556,0,0,OTHER,,,,,,,0,0,
slot4,1,1,253,2149248560,0,0,OTHER,,,,,,,0,0,
slot4,1,1,254,2149248564,0,0,OTHER,,,,,,,0,0,
slot4,1,1,255,2149248568,0,0,OTHER,,,,,,,0,0,
slot4,1,1,256,2149248572,0,0,OTHER,,,,,,,0,0,
slot4,1,1,257,2149248576,0,0,OTHER,,,,,,,0,0,
slot4,1,1,258,2149248580,0,0,OTHER,,,,,,,0,0,
slot4,1,1,259,2149248584,0,0,OTHER,,,,,,,0,0,
slot4,1,1,260,2149248588,0,0,OTHER,,,,,,,0,0,
slot4,1,1,261,2149248592,0,0,OTHER,,,,,,,0,0,
slot4,1,1,262,2149248596,0,0,OTHER,,,,,,,0,0,
slot4,1,1,263,2149248600,0,0,OTHER,,,,,,,0,0,
slot4,1,1,264,2149248604,0,0,OTHER,,,,,,,0,0,
slot4,1,1,265,2149248608,0,0,OTHER,,,,,,,0,0,
slot4,1,1,266,2149248612,0,0,OTHER,,,,,,,0,0,
slot4,1,1,267,2149248616,0,0,OTHER,,,,,,,0,0,
slot4,1,1,268,2149248620,0,0,OTHER,,,,,,,0,0,
slot4,1,1,269,2149248624,0,0,OTHER,,,,,,,0,0,
slot4,1,1,270,2149248628,0,0,OTHER,,,,,,,0,0,
slot4,1,1,271,2149248632,0,0,OTHER,,,,,,,0,0,
slot4,1,1,272,2149248636,0,0,OTHER,,,,,,,0,0,
slot4,1,1,273,2149248640,0,0,OTHER,,,,,,,0,0,
slot4,1,1,274,2149248644,0,0,OTHER,,,,,,,0,0,
slot4,1,1,275,2149248648,0,0,OTHER,,,,,,,0,0,
slot4,1,1,276,2149248652,0,0,OTHER,,,,,,,0,0,
slot4,1,1,277,2149248656,0,0,OTHER,,,,,,,0,0,
slot4,1,1,278,2149248660,0,0,OTHER,,,,,,,0,0,
slot4,1,1,279,2149248664,0,0,OTHER,,,,,,,0,0,
slot4,1,1,280,2149248668,0,0,OTHER,,,,,,,0,0,
slot4,1,1,281,2149248672,0,0,OTHER,,,,,,,0,0,
slot4,1,1,282,2149248676,0,0,OTHER,,,,,,,0,0,
slot4,1,1,283,2149248680,0,0,OTHER,,,,,,,0,0,
slot4,1,1,284,2149248684,0,0,OTHER,,,,,,,0,0,
slot4,1,1,285,2149248688,0,0,OTHER,,,,,,,0,0,
slot4,1,1,286,2149248692,0,0,OTHER,,,,,,,0,0,
slot4,1,1,287,2149248696,0,0,OTHER,,,,,,,0,0,
slot4,1,1,288,2149248700,0,0,OTHER,,,,,,,0,0,
slot4,1,1,289,2149248704,0,0,OTHER,,,,,,,0,0,
slot4,1,1,290,2149248708,0,0,OTHER,,,,,,,0,0,
slot4,1,1,291,2149248712,0,0,OTHER,,,,,,,0,0,
slot4,1,1,292,2149248716,0,0,OTHER,,,,,,,0,0,
slot4,1,1,293,2149248720,0,0,OTHER,,,,,,,0,0,
slot4,1,1,294,2149248724,0,0,OTHER,,,,,,,0,0,
slot4,1,1,295,2149248728,0,0,OTHER,,,,,,,0,0,
slot4,1,1,296,2149248732,0,0,OTHER,,,,,,,0,0,
slot4,1,1,297,2149248736,0,0,OTHER,,,,,,,0,0,
slot4,1,1,298,2149248740,0,0,OTHER,,,,,,,0,0,
slot4,1,1,299,2149248744,0,0,OTHER,,,,,,,0,0,
slot4,1,1,300,2149248748,0,0,OTHER,,,,,,,0,0,
slot4,1,1,301,2149248752,0,0,OTHER,,,,,,,0,0,
slot4,1,1,302,2149248756,0,0,OTHER,,,,,,,0,0,
slot4,1,1,303,2149248760,0,0,OTHER,,,,,,,0,0,
slot4,1,1,304,2149248764,0,0,OTHER,,,,,,,0,0,
slot4,1,1,305,2149248768,0,0,OTHER,,,,,,,0,0,
slot4,1,1,306,2149248772,0,0,OTHER,,,,,,,0,0,
slot4,1,1,307,2149248776,0,0,OTHER,,,,,,,0,0,
slot4,1,1,308,2149248780,0,0,OTHER,,,,,,,0,0,
slot4,1,1,309,2149248784,0,0,OTHER,,,,,,,0,0,
slot4,1,1,310,2149248788,0,0,OTHER,,,,,,,0,0,
slot4,1,1,311,2149248792,0,0,OTHER,,,,,,,0,0,
slot4,1,1,312,2149248796,0,0,OTHER,,,,,,,0,0,
slot4,1,1,313,2149248800,0,0,OTHER,,,,,,,0,0,
slot4,1,1,314,2149248804,0,0,OTHER,,,,,,,0,0,
slot4,1,1,315,2149248808,0,0,OTHER,,,,,,,0,0,
slot4,1,1,316,2149248812,0,0,OTHER,,,,,,,0,0,
slot4,1,1,317,2149248816,0,0,OTHER,,,,,,,0,0,
slot4,1,1,318,2149248820,0,0,OTHER,,,,,,,0,0,
slot4,1,1,319,2149248824,0,0,OTHER,,,,,,,0,0,
slot4,1,1,320,2149248828,0,0,OTHER,,,,,,,0,0,
slot4,1,1,321,2149248832,0,0,OTHER,,,,,,,0,0,
slot4,1,1,322,2149248836,0,0,OTHER,,,,,,,0,0,
slot4,1,1,323,2149248840,0,0,OTHER,,,,,,,0,0,
slot4,1,1,324,2149248844,0,0,OTHER,,,,,,,0,0,
slot4,1,1,325,2149248848,0,0,OTHER,,,,,,,0,0,
slot4,1,1,326,2149248852,0,0,OTHER,,,,,,,0,0,
slot4,1,1,327,2149248856,0,0,OTHER,,,,,,,0,0,
slot4,1,1,328,2149248860,0,0,OTHER,,,,,,,0,0,
slot4,1,1,329,2149248864,0,0,OTHER,,,,,,,0,0,
slot4,1,1,330,2149248868,0,0,OTHER,,,,,,,0,0,
slot4,1,1,331,2149248872,0,0,OTHER,,,,,,,0,0,
slot4,1,1,332,2149248876,0,0,OTHER,,,,,,,0,0,
slot4,1,1,333,2149248880,0,0,OTHER,,,,,,,0,0,
slot4,1,1,334,2149248884,0,0,OTHER,,,,,,,0,0,
slot4,1,1,335,2149248888,0,0,OTHER,,,,,,,0,0,
slot4,1,1,336,2149248892,0,0,OTHER,,,,,,,0,0,
slot4,1,1,337,2149248896,0,0,OTHER,,,,,,,0,0,
slot4,1,1,338,2149248900,0,0,OTHER,,,,,,,0,0,
slot4,1,1,339,2149248904,0,0,OTHER,,,,,,,0,0,
slot4,1,1,340,2149248908,0,0,OTHER,,,,,,,0,0,
slot4,1,1,341,2149248912,0,0,OTHER,,,,,,,0,0,
slot4,1,1,342,2149248916,0,0,OTHER,,,,,,,0,0,
slot4,1,1,343,2149248920,0,0,OTHER,,,,,,,0,0,
slot4,1,1,344,2149248924,0,0,OTHER,,,,,,,0,0,
slot4,1,1,345,2149248928,0,0,OTHER,,,,,,,0,0,
slot4,1,1,346,2149248932,0,0,OTHER,,,,,,,0,0,
slot4,1,1,347,2149248936,0,0,OTHER,,,,,,,0,0,
slot4,1,1,348,2149248940,0,0,OTHER,,,,,,,0,0,
slot4,1,1,349,2149248944,0,0,OTHER,,,,,,,0,0,
slot4,1,1,350,2149248948,0,0,OTHER,,,,,,,0,0,
slot4,1,1,351,2149248952,0,0,OTHER,,,,,,,0,0,
slot4,1,1,352,2149248956,0,0,OTHER,,,,,,,0,0,
slot4,1,1,353,2149248960,0,0,OTHER,,,,,,,0,0,
slot4,1,1,354,2149248964,0,0,OTHER,,,,,,,0,0,
slot4,1,1,355,2149248968,0,0,OTHER,,,,,,,0,0,
slot4,1,1,356,2149248972,0,0,OTHER,,,,,,,0,0,
slot4,1,1,357,2149248976,0,0,OTHER,,,,,,,0,0,
slot4,1,1,358,2149248980,0,0,OTHER,,,,,,,0,0,
slot4,1,1,359,2149248984,0,0,OTHER,,,,,,,0,0,
slot4,1,1,360,2149248988,0,0,OTHER,,,,,,,0,0,
slot4,1,1,361,2149248992,0,0,OTHER,,,,,,,0,0,
slot4,1,1,362,2149248996,0,0,OTHER,,,,,,,0,0,
slot4,1,1,363,2149249000,0,0,OTHER,,,,,,,0,0,
slot4,1,1,364,2149249004,0,0,OTHER,,,,,,,0,0,
slot4,1,1,365,2149249008,0,0,OTHER,,,,,,,0,0,
slot4,1,1,366,2149249012,0,0,OTHER,,,,,,,0,0,
slot4,1,1,367,2149249016,0,0,OTHER,,,,,,,0,0,
slot4,1,1,368,2149249020,0,0,OTHER,,,,,,,0,0,
slot4,1,1,369,2149249024,0,0,OTHER,,,,,,,0,0,
slot4,1,1,370,2149249028,0,0,OTHER,,,,,,,0,0,
slot4,1,1,371,2149249032,0,0,OTHER,,,,,,,0,0,
slot4,1,1,372,2149249036,0,0,OTHER,,,,,,,0,0,
slot4,1,1,373,2149249040,0,0,OTHER,,,,,,,0,0,
slot4,1,1,374,2149249044,0,0,OTHER,,,,,,,0,0,
slot4,1,1,375,2149249048,0,0,OTHER,,,,,,,0,0,
slot4,1,1,376,2149347652,9,44,FT4,5,0,224,24,24,,0,0,
slot4,1,1,377,2149347612,9,46,FT4,14,64,160,32,32,,0,0,
slot4,1,1,378,2149347572,9,46,FT4,14,64,160,32,32,,0,0,
slot4,1,1,379,2149347532,9,46,FT4,14,64,160,32,32,,0,0,
slot4,1,1,380,2149347492,9,46,FT4,14,64,160,32,32,,0,0,
slot4,1,1,381,2149344772,9,44,FT4,5,0,224,24,24,,0,0,
slot4,1,1,382,2149344732,9,46,FT4,14,64,64,32,32,,0,0,
slot4,1,1,383,2149344692,9,46,FT4,14,64,64,32,32,,0,0,
slot4,1,1,384,2149344652,9,46,FT4,14,64,64,32,32,,0,0,
slot4,1,1,385,2149344612,9,46,FT4,14,64,64,32,32,,0,0,
slot4,1,1,386,2149341812,9,44,FT4,5,0,224,16,16,,0,0,
slot4,1,1,387,2149341772,9,44,FT4,5,8,224,16,16,,0,0,
slot4,1,1,388,2149339892,9,44,FT4,5,0,224,16,16,,0,0,
slot4,1,1,389,2149339852,9,44,FT4,5,8,224,16,16,,0,0,
slot4,1,1,390,2149249052,0,0,OTHER,,,,,,,0,0,
slot4,1,1,391,2149249056,0,0,OTHER,,,,,,,0,0,
slot4,1,1,392,2149249060,0,0,OTHER,,,,,,,0,0,
slot4,1,1,393,2149249064,0,0,OTHER,,,,,,,0,0,
slot4,1,1,394,2149249068,0,0,OTHER,,,,,,,0,0,
slot4,1,1,395,2149249072,0,0,OTHER,,,,,,,0,0,
slot4,1,1,396,2149249076,0,0,OTHER,,,,,,,0,0,
slot4,1,1,397,2149249080,0,0,OTHER,,,,,,,0,0,
slot4,1,1,398,2149249084,0,0,OTHER,,,,,,,0,0,
slot4,1,1,399,2149249088,0,0,OTHER,,,,,,,0,0,
slot4,1,1,400,2149249092,0,0,OTHER,,,,,,,0,0,
slot4,1,1,401,2149249096,0,0,OTHER,,,,,,,0,0,
slot4,1,1,402,2149249100,0,0,OTHER,,,,,,,0,0,
slot4,1,1,403,2149249104,0,0,OTHER,,,,,,,0,0,
slot4,1,1,404,2149249108,0,0,OTHER,,,,,,,0,0,
slot4,1,1,405,2149249112,0,0,OTHER,,,,,,,0,0,
slot4,1,1,406,2149349492,9,46,FT4,29,64,192,32,32,,0,0,
slot4,1,1,407,2149349452,9,46,FT4,14,64,224,8,8,,0,0,
slot4,1,1,408,2149349412,9,46,FT4,29,64,192,32,32,,0,0,
slot4,1,1,409,2149249116,0,0,OTHER,,,,,,,0,0,
slot4,1,1,410,2149249120,0,0,OTHER,,,,,,,0,0,
slot4,1,1,411,2149249124,0,0,OTHER,,,,,,,0,0,
slot4,1,1,412,2149249128,0,0,OTHER,,,,,,,0,0,
slot4,1,1,413,2149249132,0,0,OTHER,,,,,,,0,0,
slot4,1,1,414,2149249136,0,0,OTHER,,,,,,,0,0,
slot4,1,1,415,2149249140,0,0,OTHER,,,,,,,0,0,
slot4,1,1,416,2149249144,0,0,OTHER,,,,,,,0,0,
slot4,1,1,417,2149249148,0,0,OTHER,,,,,,,0,0,
slot4,1,1,418,2149249152,0,0,OTHER,,,,,,,0,0,
slot4,1,1,419,2149249156,0,0,OTHER,,,,,,,0,0,
slot4,1,1,420,2149249160,0,0,OTHER,,,,,,,0,0,
slot4,1,1,421,2149249164,0,0,OTHER,,,,,,,0,0,
slot4,1,1,422,2149249168,0,0,OTHER,,,,,,,0,0,
slot4,1,1,423,2149249172,0,0,OTHER,,,,,,,0,0,
slot4,1,1,424,2149249176,0,0,OTHER,,,,,,,0,0,
slot4,1,1,425,2149249180,0,0,OTHER,,,,,,,0,0,
slot4,1,1,426,2149249184,0,0,OTHER,,,,,,,0,0,
slot4,1,1,427,2149249188,0,0,OTHER,,,,,,,0,0,
slot4,1,1,428,2149249192,0,0,OTHER,,,,,,,0,0,
slot4,1,1,429,2149249196,0,0,OTHER,,,,,,,0,0,
slot4,1,1,430,2149249200,0,0,OTHER,,,,,,,0,0,
slot4,1,1,431,2149249204,0,0,OTHER,,,,,,,0,0,
slot4,1,1,432,2149249208,0,0,OTHER,,,,,,,0,0,
slot4,1,1,433,2149249212,0,0,OTHER,,,,,,,0,0,
slot4,1,1,434,2149249216,0,0,OTHER,,,,,,,0,0,
slot4,1,1,435,2149249220,0,0,OTHER,,,,,,,0,0,
slot4,1,1,436,2149249224,0,0,OTHER,,,,,,,0,0,
slot4,1,1,437,2149249228,0,0,OTHER,,,,,,,0,0,
slot4,1,1,438,2149249232,0,0,OTHER,,,,,,,0,0,
slot4,1,1,439,2149249236,0,0,OTHER,,,,,,,0,0,
slot4,1,1,440,2149249240,0,0,OTHER,,,,,,,0,0,
slot4,1,1,441,2149249244,0,0,OTHER,,,,,,,0,0,
slot4,1,1,442,2149249248,0,0,OTHER,,,,,,,0,0,
slot4,1,1,443,2149249252,0,0,OTHER,,,,,,,0,0,
slot4,1,1,444,2149249256,0,0,OTHER,,,,,,,0,0,
slot4,1,1,445,2149249260,0,0,OTHER,,,,,,,0,0,
slot4,1,1,446,2149249264,0,0,OTHER,,,,,,,0,0,
slot4,1,1,447,2149249268,0,0,OTHER,,,,,,,0,0,
slot4,1,1,448,2149249272,0,0,OTHER,,,,,,,0,0,
slot4,1,1,449,2149249276,0,0,OTHER,,,,,,,0,0,
slot4,1,1,450,2149249280,0,0,OTHER,,,,,,,0,0,
slot4,1,1,451,2149249284,0,0,OTHER,,,,,,,0,0,
slot4,1,1,452,2149249288,0,0,OTHER,,,,,,,0,0,
slot4,1,1,453,2149249292,0,0,OTHER,,,,,,,0,0,
slot4,1,1,454,2149249296,0,0,OTHER,,,,,,,0,0,
slot4,1,1,455,2149249300,0,0,OTHER,,,,,,,0,0,
slot4,1,1,456,2149249304,0,0,OTHER,,,,,,,0,0,
slot4,1,1,457,2149249308,0,0,OTHER,,,,,,,0,0,
slot4,1,1,458,2149249312,0,0,OTHER,,,,,,,0,0,
slot4,1,1,459,2149249316,0,0,OTHER,,,,,,,0,0,
slot4,1,1,460,2149249320,0,0,OTHER,,,,,,,0,0,
slot4,1,1,461,2149249324,0,0,OTHER,,,,,,,0,0,
slot4,1,1,462,2149249328,0,0,OTHER,,,,,,,0,0,
slot4,1,1,463,2149249332,0,0,OTHER,,,,,,,0,0,
slot4,1,1,464,2149249336,0,0,OTHER,,,,,,,0,0,
slot4,1,1,465,2149249340,0,0,OTHER,,,,,,,0,0,
slot4,1,1,466,2149249344,0,0,OTHER,,,,,,,0,0,
slot4,1,1,467,2149249348,0,0,OTHER,,,,,,,0,0,
slot4,1,1,468,2149249352,0,0,OTHER,,,,,,,0,0,
slot4,1,1,469,2149249356,0,0,OTHER,,,,,,,0,0,
slot4,1,1,470,2149249360,0,0,OTHER,,,,,,,0,0,
slot4,1,1,471,2149249364,0,0,OTHER,,,,,,,0,0,
slot4,1,1,472,2149249368,0,0,OTHER,,,,,,,0,0,
slot4,1,1,473,2149249372,0,0,OTHER,,,,,,,0,0,
slot4,1,1,474,2149249376,0,0,OTHER,,,,,,,0,0,
slot4,1,1,475,2149249380,0,0,OTHER,,,,,,,0,0,
slot4,1,1,476,2149249384,0,0,OTHER,,,,,,,0,0,
slot4,1,1,477,2149249388,0,0,OTHER,,,,,,,0,0,
slot4,1,1,478,2149249392,0,0,OTHER,,,,,,,0,0,
slot4,1,1,479,2149249396,0,0,OTHER,,,,,,,0,0,
slot4,1,1,480,2149249400,0,0,OTHER,,,,,,,0,0,
slot4,1,1,481,2149249404,0,0,OTHER,,,,,,,0,0,
slot4,1,1,482,2149249408,0,0,OTHER,,,,,,,0,0,
slot4,1,1,483,2149249412,0,0,OTHER,,,,,,,0,0,
slot4,1,1,484,2149249416,0,0,OTHER,,,,,,,0,0,
slot4,1,1,485,2149249420,0,0,OTHER,,,,,,,0,0,
slot4,1,1,486,2149249424,0,0,OTHER,,,,,,,0,0,
slot4,1,1,487,2149249428,0,0,OTHER,,,,,,,0,0,
slot4,1,1,488,2149249432,0,0,OTHER,,,,,,,0,0,
slot4,1,1,489,2149249436,0,0,OTHER,,,,,,,0,0,
slot4,1,1,490,2149249440,0,0,OTHER,,,,,,,0,0,
slot4,1,1,491,2149249444,0,0,OTHER,,,,,,,0,0,
slot4,1,1,492,2149249448,0,0,OTHER,,,,,,,0,0,
slot4,1,1,493,2149249452,0,0,OTHER,,,,,,,0,0,
slot4,1,1,494,2149249456,0,0,OTHER,,,,,,,0,0,
slot4,1,1,495,2149249460,0,0,OTHER,,,,,,,0,0,
slot4,1,1,496,2149249464,0,0,OTHER,,,,,,,0,0,
slot4,1,1,497,2149249468,0,0,OTHER,,,,,,,0,0,
slot4,1,1,498,2149249472,0,0,OTHER,,,,,,,0,0,
slot4,1,1,499,2149249476,0,0,OTHER,,,,,,,0,0,
slot4,1,1,500,2149249480,0,0,OTHER,,,,,,,0,0,
slot4,1,1,501,2149249484,0,0,OTHER,,,,,,,0,0,
slot4,1,1,502,2149249488,0,0,OTHER,,,,,,,0,0,
slot4,1,1,503,2149249492,0,0,OTHER,,,,,,,0,0,
slot4,1,1,504,2149249496,0,0,OTHER,,,,,,,0,0,
slot4,1,1,505,2149249500,0,0,OTHER,,,,,,,0,0,
slot4,1,1,506,2149249504,0,0,OTHER,,,,,,,0,0,
slot4,1,1,507,2149249508,0,0,OTHER,,,,,,,0,0,
slot4,1,1,508,2149249512,0,0,OTHER,,,,,,,0,0,
slot4,1,1,509,2149249516,0,0,OTHER,,,,,,,0,0,
slot4,1,1,510,2149249520,0,0,OTHER,,,,,,,0,0,
slot4,1,1,511,2149249524,0,0,OTHER,,,,,,,0,0,
slot4,1,1,512,2149249528,0,0,OTHER,,,,,,,0,0,
slot4,1,1,513,2149249532,0,0,OTHER,,,,,,,0,0,
slot4,1,1,514,2149249536,0,0,OTHER,,,,,,,0,0,
slot4,1,1,515,2149249540,0,0,OTHER,,,,,,,0,0,
slot4,1,1,516,2149249544,0,0,OTHER,,,,,,,0,0,
slot4,1,1,517,2149249548,0,0,OTHER,,,,,,,0,0,
slot4,1,1,518,2149249552,0,0,OTHER,,,,,,,0,0,
slot4,1,1,519,2149249556,0,0,OTHER,,,,,,,0,0,
slot4,1,1,520,2149249560,0,0,OTHER,,,,,,,0,0,
slot4,1,1,521,2149249564,0,0,OTHER,,,,,,,0,0,
slot4,1,1,522,2149249568,0,0,OTHER,,,,,,,0,0,
slot4,1,1,523,2149249572,0,0,OTHER,,,,,,,0,0,
slot4,1,1,524,2149249576,0,0,OTHER,,,,,,,0,0,
slot4,1,1,525,2149249580,0,0,OTHER,,,,,,,0,0,
slot4,1,1,526,2149249584,0,0,OTHER,,,,,,,0,0,
slot4,1,1,527,2149249588,0,0,OTHER,,,,,,,0,0,
slot4,1,1,528,2149249592,0,0,OTHER,,,,,,,0,0,
slot4,1,1,529,2149249596,0,0,OTHER,,,,,,,0,0,
slot4,1,1,530,2149249600,0,0,OTHER,,,,,,,0,0,
slot4,1,1,531,2149249604,0,0,OTHER,,,,,,,0,0,
slot4,1,1,532,2149249608,0,0,OTHER,,,,,,,0,0,
slot4,1,1,533,2149249612,0,0,OTHER,,,,,,,0,0,
slot4,1,1,534,2149249616,0,0,OTHER,,,,,,,0,0,
slot4,1,1,535,2149249620,0,0,OTHER,,,,,,,0,0,
slot4,1,1,536,2149249624,0,0,OTHER,,,,,,,0,0,
slot4,1,1,537,2149350452,9,46,FT4,30,64,0,32,32,,0,0,
slot4,1,1,538,2149350412,9,46,FT4,15,64,0,8,8,,0,0,
slot4,1,1,539,2149350372,9,46,FT4,30,64,0,32,32,,0,0,
slot4,1,1,540,2149249628,0,0,OTHER,,,,,,,0,0,
slot4,1,1,541,2149249632,0,0,OTHER,,,,,,,0,0,
slot4,1,1,542,2149249636,0,0,OTHER,,,,,,,0,0,
slot4,1,1,543,2149249640,0,0,OTHER,,,,,,,0,0,
slot4,1,1,544,2149249644,0,0,OTHER,,,,,,,0,0,
slot4,1,1,545,2149249648,0,0,OTHER,,,,,,,0,0,
slot4,1,1,546,2149249652,0,0,OTHER,,,,,,,0,0,
slot4,1,1,547,2149249656,0,0,OTHER,,,,,,,0,0,
slot4,1,1,548,2149249660,0,0,OTHER,,,,,,,0,0,
slot4,1,1,549,2149249664,0,0,OTHER,,,,,,,0,0,
slot4,1,1,550,2149249668,0,0,OTHER,,,,,,,0,0,
slot4,1,1,551,2149249672,0,0,OTHER,,,,,,,0,0,
slot4,1,1,552,2149249676,0,0,OTHER,,,,,,,0,0,
slot4,1,1,553,2149249680,0,0,OTHER,,,,,,,0,0,
slot4,1,1,554,2149249684,0,0,OTHER,,,,,,,0,0,
slot4,1,1,555,2149249688,0,0,OTHER,,,,,,,0,0,
slot4,1,1,556,2149249692,0,0,OTHER,,,,,,,0,0,
slot4,1,1,557,2149249696,0,0,OTHER,,,,,,,0,0,
slot4,1,1,558,2149249700,0,0,OTHER,,,,,,,0,0,
slot4,1,1,559,2149249704,0,0,OTHER,,,,,,,0,0,
slot4,1,1,560,2149249708,0,0,OTHER,,,,,,,0,0,
slot4,1,1,561,2149249712,0,0,OTHER,,,,,,,0,0,
slot4,1,1,562,2149249716,0,0,OTHER,,,,,,,0,0,
slot4,1,1,563,2149249720,0,0,OTHER,,,,,,,0,0,
slot4,1,1,564,2149249724,0,0,OTHER,,,,,,,0,0,
slot4,1,1,565,2149249728,0,0,OTHER,,,,,,,0,0,
slot4,1,1,566,2149249732,0,0,OTHER,,,,,,,0,0,
slot4,1,1,567,2149249736,0,0,OTHER,,,,,,,0,0,
slot4,1,1,568,2149249740,0,0,OTHER,,,,,,,0,0,
slot4,1,1,569,2149249744,0,0,OTHER,,,,,,,0,0,
slot4,1,1,570,2149249748,0,0,OTHER,,,,,,,0,0,
slot4,1,1,571,2149249752,0,0,OTHER,,,,,,,0,0,
slot4,1,1,572,2149355252,9,46,FT4,31,32,64,32,32,,0,0,
slot4,1,1,573,2149355212,9,46,FT4,15,64,160,8,8,,0,0,
slot4,1,1,574,2149355172,9,46,FT4,31,32,64,32,32,,0,0,
slot4,1,1,575,2149354292,9,46,FT4,15,80,128,32,32,,0,0,
slot4,1,1,576,2149354252,9,46,FT4,15,64,144,8,8,,0,0,
slot4,1,1,577,2149354212,9,46,FT4,15,80,128,32,32,,0,0,
slot4,1,1,578,2149352372,9,46,FT4,15,0,64,32,32,,0,0,
slot4,1,1,579,2149352332,9,46,FT4,15,64,64,8,8,,0,0,
slot4,1,1,580,2149352292,9,46,FT4,15,0,64,32,32,,0,0,
slot4,1,1,581,2149249756,0,0,OTHER,,,,,,,0,0,
slot4,1,1,582,2149249760,0,0,OTHER,,,,,,,0,0,
slot4,1,1,583,2149249764,0,0,OTHER,,,,,,,0,0,
slot4,1,1,584,2149249768,0,0,OTHER,,,,,,,0,0,
slot4,1,1,585,2149249772,0,0,OTHER,,,,,,,0,0,
slot4,1,1,586,2149249776,0,0,OTHER,,,,,,,0,0,
slot4,1,1,587,2149249780,0,0,OTHER,,,,,,,0,0,
slot4,1,1,588,2149249784,0,0,OTHER,,,,,,,0,0,
slot4,1,1,589,2149249788,0,0,OTHER,,,,,,,0,0,
slot4,1,1,590,2149249792,0,0,OTHER,,,,,,,0,0,
slot4,1,1,591,2149249796,0,0,OTHER,,,,,,,0,0,
slot4,1,1,592,2149249800,0,0,OTHER,,,,,,,0,0,
slot4,1,1,593,2149249804,0,0,OTHER,,,,,,,0,0,
slot4,1,1,594,2149249808,0,0,OTHER,,,,,,,0,0,
slot4,1,1,595,2149249812,0,0,OTHER,,,,,,,0,0,
slot4,1,1,596,2149249816,0,0,OTHER,,,,,,,0,0,
slot4,1,1,597,2149249820,0,0,OTHER,,,,,,,0,0,
slot4,1,1,598,2149249824,0,0,OTHER,,,,,,,0,0,
slot4,1,1,599,2149249828,0,0,OTHER,,,,,,,0,0,
slot4,1,1,600,2149249832,0,0,OTHER,,,,,,,0,0,
slot4,1,1,601,2149249836,0,0,OTHER,,,,,,,0,0,
slot4,1,1,602,2149249840,0,0,OTHER,,,,,,,0,0,
slot4,1,1,603,2149249844,0,0,OTHER,,,,,,,0,0,
slot4,1,1,604,2149249848,0,0,OTHER,,,,,,,0,0,
slot4,1,1,605,2149249852,0,0,OTHER,,,,,,,0,0,
slot4,1,1,606,2149249856,0,0,OTHER,,,,,,,0,0,
slot4,1,1,607,2149249860,0,0,OTHER,,,,,,,0,0,
slot4,1,1,608,2149249864,0,0,OTHER,,,,,,,0,0,
slot4,1,1,609,2149249868,0,0,OTHER,,,,,,,0,0,
slot4,1,1,610,2149249872,0,0,OTHER,,,,,,,0,0,
slot4,1,1,611,2149249876,0,0,OTHER,,,,,,,0,0,
slot4,1,1,612,2149249880,0,0,OTHER,,,,,,,0,0,
slot4,1,1,613,2149249884,0,0,OTHER,,,,,,,0,0,
slot4,1,1,614,2149249888,0,0,OTHER,,,,,,,0,0,
slot4,1,1,615,2149249892,0,0,OTHER,,,,,,,0,0,
slot4,1,1,616,2149249896,0,0,OTHER,,,,,,,0,0,
slot4,1,1,617,2149249900,0,0,OTHER,,,,,,,0,0,
slot4,1,1,618,2149249904,0,0,OTHER,,,,,,,0,0,
slot4,1,1,619,2149249908,0,0,OTHER,,,,,,,0,0,
slot4,1,1,620,2149249912,0,0,OTHER,,,,,,,0,0,
slot4,1,1,621,2149249916,0,0,OTHER,,,,,,,0,0,
slot4,1,1,622,2149249920,0,0,OTHER,,,,,,,0,0,
slot4,1,1,623,2149249924,0,0,OTHER,,,,,,,0,0,
slot4,1,1,624,2149249928,0,0,OTHER,,,,,,,0,0,
slot4,1,1,625,2149249932,0,0,OTHER,,,,,,,0,0,
slot4,1,1,626,2149249936,0,0,OTHER,,,,,,,0,0,
slot4,1,1,627,2149249940,0,0,OTHER,,,,,,,0,0,
slot4,1,1,628,2149249944,0,0,OTHER,,,,,,,0,0,
slot4,1,1,629,2149249948,0,0,OTHER,,,,,,,0,0,
slot4,1,1,630,2149249952,0,0,OTHER,,,,,,,0,0,
slot4,1,1,631,2149249956,0,0,OTHER,,,,,,,0,0,
slot4,1,1,632,2149249960,0,0,OTHER,,,,,,,0,0,
slot4,1,1,633,2149249964,0,0,OTHER,,,,,,,0,0,
slot4,1,1,634,2149249968,0,0,OTHER,,,,,,,0,0,
slot4,1,1,635,2149249972,0,0,OTHER,,,,,,,0,0,
slot4,1,1,636,2149249976,0,0,OTHER,,,,,,,0,0,
slot4,1,1,637,2149249980,0,0,OTHER,,,,,,,0,0,
slot4,1,1,638,2149249984,0,0,OTHER,,,,,,,0,0,
slot4,1,1,639,2149249988,0,0,OTHER,,,,,,,0,0,
slot4,1,1,640,2149249992,0,0,OTHER,,,,,,,0,0,
slot4,1,1,641,2149249996,0,0,OTHER,,,,,,,0,0,
slot4,1,1,642,2149250000,0,0,OTHER,,,,,,,0,0,
slot4,1,1,643,2149250004,0,0,OTHER,,,,,,,0,0,
slot4,1,1,644,2149250008,0,0,OTHER,,,,,,,0,0,
slot4,1,1,645,2149250012,0,0,OTHER,,,,,,,0,0,
slot4,1,1,646,2149250016,0,0,OTHER,,,,,,,0,0,
slot4,1,1,647,2149250020,0,0,OTHER,,,,,,,0,0,
slot4,1,1,648,2149250024,0,0,OTHER,,,,,,,0,0,
slot4,1,1,649,2149250028,0,0,OTHER,,,,,,,0,0,
slot4,1,1,650,2149250032,0,0,OTHER,,,,,,,0,0,
slot4,1,1,651,2149250036,0,0,OTHER,,,,,,,0,0,
slot4,1,1,652,2149250040,0,0,OTHER,,,,,,,0,0,
slot4,1,1,653,2149353332,9,46,FT4,30,32,192,32,32,,0,0,
slot4,1,1,654,2149353292,9,46,FT4,15,72,96,8,8,,0,0,
slot4,1,1,655,2149353252,9,46,FT4,30,32,192,32,32,,0,0,
slot4,1,1,656,2149341732,9,44,FT4,24,96,128,32,32,,0,0,
slot4,1,1,657,2149339812,9,44,FT4,24,32,0,32,32,,0,0,
slot4,1,1,658,2149250044,0,0,OTHER,,,,,,,0,0,
slot4,1,1,659,2149250048,0,0,OTHER,,,,,,,0,0,
slot4,1,1,660,2149300636,9,44,FT4,8,192,160,32,32,,0,0,
slot4,1,1,661,2149300596,9,44,FT4,8,160,160,32,32,,0,0,
slot4,1,1,662,2149300556,9,44,FT4,8,128,160,32,32,,0,0,
slot4,1,1,663,2149298316,9,44,FT4,8,128,192,32,32,,0,0,
slot4,1,1,664,2149297996,9,44,FT4,6,96,96,32,32,,0,0,
slot4,1,1,665,2149297956,9,44,FT4,6,64,96,32,32,,0,0,
slot4,1,1,666,2149297796,9,44,FT4,8,128,160,32,32,,0,0,
slot4,1,1,667,2149297476,9,44,FT4,6,96,64,32,32,,0,0,
slot4,1,1,668,2149297436,9,44,FT4,6,64,64,32,32,,0,0,
slot4,1,1,669,2149297276,9,44,FT4,6,96,96,32,32,,0,0,
slot4,1,1,670,2149297036,9,44,FT4,6,160,192,32,32,,0,0,
slot4,1,1,671,2149296756,9,44,FT4,6,96,64,32,32,,0,0,
slot4,1,1,672,2149296716,9,44,FT4,6,64,64,32,32,,0,0,
slot4,1,1,673,2149296556,9,44,FT4,8,192,192,32,32,,0,0,
slot4,1,1,674,2149296516,9,44,FT4,8,160,192,32,32,,0,0,
slot4,1,1,675,2149296476,9,44,FT4,8,128,192,32,32,,0,0,
slot4,1,1,676,2149296396,9,44,FT4,6,160,224,32,32,,0,0,
slot4,1,1,677,2149296356,9,44,FT4,6,160,224,32,32,,0,0,
slot4,1,1,678,2149296036,9,44,FT4,8,192,160,32,32,,0,0,
slot4,1,1,679,2149295996,9,44,FT4,8,160,160,32,32,,0,0,
slot4,1,1,680,2149295956,9,44,FT4,8,128,160,32,32,,0,0,
slot4,1,1,681,2149250052,0,0,OTHER,,,,,,,0,0,
slot4,1,1,682,2149250056,0,0,OTHER,,,,,,,0,0,
slot4,1,1,683,2149250060,0,0,OTHER,,,,,,,0,0,
slot4,1,1,684,2149250064,0,0,OTHER,,,,,,,0,0,
slot4,1,1,685,2149537084,9,47,FT4,5,0,128,33,33,,0,0,
slot4,1,1,686,2149250068,0,0,OTHER,,,,,,,0,0,
slot5,0,1,0,2149514132,6,227,OTHER,,,,,,,0,0,
slot5,0,1,1,2149245528,0,0,OTHER,,,,,,,0,0,
slot5,0,1,2,2149245532,0,0,OTHER,,,,,,,0,0,
slot5,0,1,3,2149245536,0,0,OTHER,,,,,,,0,0,
slot5,0,1,4,2149245540,0,0,OTHER,,,,,,,0,0,
slot5,0,1,5,2149271796,9,44,FT4,7,96,64,32,32,,0,0,
slot5,0,1,6,2149271756,9,44,FT4,7,64,64,32,32,,0,0,
slot5,0,1,7,2149271716,9,44,FT4,7,0,64,32,32,,0,0,
slot5,0,1,8,2149271676,9,44,FT4,7,96,64,32,32,,0,0,
slot5,0,1,9,2149271636,9,44,FT4,7,96,64,32,32,,0,0,
slot5,0,1,10,2149271596,9,44,FT4,7,64,64,32,32,,0,0,
slot5,0,1,11,2149271556,9,44,FT4,7,0,64,32,32,,0,0,
slot5,0,1,12,2149271516,9,44,FT4,7,96,64,32,32,,0,0,
slot5,0,1,13,2149271476,9,44,FT4,7,96,64,32,32,,0,0,
slot5,0,1,14,2149271436,9,44,FT4,7,64,64,32,32,,0,0,
slot5,0,1,15,2149271396,9,44,FT4,7,0,64,32,32,,0,0,
slot5,0,1,16,2149271356,9,44,FT4,7,96,64,32,32,,0,0,
slot5,0,1,17,2149271276,9,44,FT4,6,32,160,32,32,,0,0,
slot5,0,1,18,2149271236,9,44,FT4,7,64,64,32,32,,0,0,
slot5,0,1,19,2149271196,9,44,FT4,7,0,64,32,32,,0,0,
slot5,0,1,20,2149271156,9,44,FT4,7,96,64,32,32,,0,0,
slot5,0,1,21,2149271116,9,44,FT4,6,0,160,32,32,,0,0,
slot5,0,1,22,2149271076,9,44,FT4,6,96,160,32,32,,0,0,
slot5,0,1,23,2149271036,9,44,FT4,6,64,160,32,32,,0,0,
slot5,0,1,24,2149270996,9,44,FT4,7,96,64,32,32,,0,0,
slot5,0,1,25,2149270956,9,44,FT4,7,96,64,32,32,,0,0,
slot5,0,1,26,2149270916,9,44,FT4,7,64,64,32,32,,0,0,
slot5,0,1,27,2149270876,9,44,FT4,7,0,64,32,32,,0,0,
slot5,0,1,28,2149270836,9,44,FT4,6,32,160,32,32,,0,0,
slot5,0,1,29,2149270756,9,44,FT4,6,32,128,32,32,,0,0,
slot5,0,1,30,2149270716,9,44,FT4,7,64,64,32,32,,0,0,
slot5,0,1,31,2149270676,9,44,FT4,7,0,64,32,32,,0,0,
slot5,0,1,32,2149270636,9,44,FT4,6,32,128,32,32,,0,0,
slot5,0,1,33,2149270596,9,44,FT4,6,0,128,32,32,,0,0,
slot5,0,1,34,2149270556,9,44,FT4,6,96,128,32,32,,0,0,
slot5,0,1,35,2149270516,9,44,FT4,6,64,128,32,32,,0,0,
slot5,0,1,36,2149270476,9,44,FT4,6,32,128,32,32,,0,0,
slot5,0,1,37,2149270436,9,44,FT4,6,0,128,32,32,,0,0,
slot5,0,1,38,2149270396,9,44,FT4,7,64,64,32,32,,0,0,
slot5,0,1,39,2149270356,9,44,FT4,6,64,128,32,32,,0,0,
slot5,0,1,40,2149270316,9,44,FT4,6,32,128,32,32,,0,0,
slot5,0,1,41,2149270236,9,44,FT4,6,32,224,32,32,,0,0,
slot5,0,1,42,2149270196,9,44,FT4,6,0,224,32,32,,0,0,
slot5,0,1,43,2149270156,9,44,FT4,6,0,128,32,32,,0,0,
slot5,0,1,44,2149270116,9,44,FT4,6,32,224,32,32,,0,0,
slot5,0,1,45,2149270076,9,44,FT4,6,128,0,32,32,,0,0,
slot5,0,1,46,2149270036,9,44,FT4,6,96,224,32,32,,0,0,
slot5,0,1,47,2149269996,9,44,FT4,6,64,224,32,32,,0,0,
slot5,0,1,48,2149269956,9,44,FT4,6,32,224,32,32,,0,0,
slot5,0,1,49,2149269916,9,44,FT4,6,0,224,32,32,,0,0,
slot5,0,1,50,2149269876,9,44,FT4,6,96,224,32,32,,0,0,
slot5,0,1,51,2149269836,9,44,FT4,6,64,224,32,32,,0,0,
slot5,0,1,52,2149269796,9,44,FT4,6,32,224,32,32,,0,0,
slot5,0,1,53,2149269716,9,44,FT4,7,96,64,32,32,,0,0,
slot5,0,1,54,2149269676,9,44,FT4,7,64,64,32,32,,0,0,
slot5,0,1,55,2149269636,9,44,FT4,6,96,128,32,32,,0,0,
slot5,0,1,56,2149269596,9,44,FT4,6,32,192,32,32,,0,0,
slot5,0,1,57,2149269556,9,44,FT4,6,0,192,32,32,,0,0,
slot5,0,1,58,2149269516,9,44,FT4,6,96,192,32,32,,0,0,
slot5,0,1,59,2149269476,9,44,FT4,6,64,192,32,32,,0,0,
slot5,0,1,60,2149269436,9,44,FT4,6,32,192,32,32,,0,0,
slot5,0,1,61,2149269396,9,44,FT4,6,0,192,32,32,,0,0,
slot5,0,1,62,2149269356,9,44,FT4,6,0,128,32,32,,0,0,
slot5,0,1,63,2149269316,9,44,FT4,6,32,128,32,32,,0,0,
slot5,0,1,64,2149269276,9,44,FT4,6,0,192,32,32,,0,0,
slot5,0,1,65,2149269196,9,44,FT4,7,96,64,32,32,,0,0,
slot5,0,1,66,2149269156,9,44,FT4,7,64,64,32,32,,0,0,
slot5,0,1,67,2149269116,9,44,FT4,7,0,64,32,32,,0,0,
slot5,0,1,68,2149269076,9,44,FT4,6,32,192,32,32,,0,0,
slot5,0,1,69,2149269036,9,44,FT4,6,0,160,32,32,,0,0,
slot5,0,1,70,2149268996,9,44,FT4,6,96,192,32,32,,0,0,
slot5,0,1,71,2149268956,9,44,FT4,6,64,160,32,32,,0,0,
slot5,0,1,72,2149268916,9,44,FT4,6,32,160,32,32,,0,0,
slot5,0,1,73,2149268876,9,44,FT4,6,0,160,32,32,,0,0,
slot5,0,1,74,2149268836,9,44,FT4,6,96,160,32,32,,0,0,
slot5,0,1,75,2149268796,9,44,FT4,6,64,160,32,32,,0,0,
slot5,0,1,76,2149268756,9,44,FT4,6,32,160,32,32,,0,0,
slot5,0,1,77,2149268676,9,44,FT4,7,96,64,32,32,,0,0,
slot5,0,1,78,2149268636,9,44,FT4,7,64,64,32,32,,0,0,
slot5,0,1,79,2149268596,9,44,FT4,7,0,64,32,32,,0,0,
slot5,0,1,80,2149268556,9,44,FT4,7,96,64,32,32,,0,0,
slot5,0,1,81,2149268516,9,44,FT4,6,0,128,32,32,,0,0,
slot5,0,1,82,2149268476,9,44,FT4,6,96,160,32,32,,0,0,
slot5,0,1,83,2149268436,9,44,FT4,6,64,128,32,32,,0,0,
slot5,0,1,84,2149268396,9,44,FT4,6,32,128,32,32,,0,0,
slot5,0,1,85,2149268356,9,44,FT4,6,0,128,32,32,,0,0,
slot5,0,1,86,2149268316,9,44,FT4,6,96,128,32,32,,0,0,
slot5,0,1,87,2149268276,9,44,FT4,6,64,128,32,32,,0,0,
slot5,0,1,88,2149268236,9,44,FT4,6,32,128,32,32,,0,0,
slot5,0,1,89,2149268156,9,44,FT4,7,96,64,32,32,,0,0,
slot5,0,1,90,2149268116,9,44,FT4,7,64,64,32,32,,0,0,
slot5,0,1,91,2149268076,9,44,FT4,7,0,64,32,32,,0,0,
slot5,0,1,92,2149268036,9,44,FT4,7,96,64,32,32,,0,0,
slot5,0,1,93,2149267996,9,44,FT4,6,32,224,32,32,,0,0,
slot5,0,1,94,2149267956,9,44,FT4,6,96,224,32,32,,0,0,
slot5,0,1,95,2149267916,9,44,FT4,6,64,224,32,32,,0,0,
slot5,0,1,96,2149267876,9,44,FT4,6,0,192,32,32,,0,0,
slot5,0,1,97,2149267836,9,44,FT4,7,96,64,32,32,,0,0,
slot5,0,1,98,2149267796,9,44,FT4,7,64,64,32,32,,0,0,
slot5,0,1,99,2149267756,9,44,FT4,7,0,64,32,32,,0,0,
slot5,0,1,100,2149267716,9,44,FT4,6,32,192,32,32,,0,0,
slot5,0,1,101,2149267636,9,44,FT4,7,96,64,32,32,,0,0,
slot5,0,1,102,2149267596,9,44,FT4,7,64,64,32,32,,0,0,
slot5,0,1,103,2149267556,9,44,FT4,7,0,64,32,32,,0,0,
slot5,0,1,104,2149267516,9,44,FT4,6,64,192,32,32,,0,0,
slot5,0,1,105,2149267476,9,44,FT4,6,32,192,32,32,,0,0,
slot5,0,1,106,2149267436,9,44,FT4,6,96,192,32,32,,0,0,
slot5,0,1,107,2149267396,9,44,FT4,6,64,192,32,32,,0,0,
slot5,0,1,108,2149267356,9,44,FT4,6,0,160,32,32,,0,0,
slot5,0,1,109,2149267316,9,44,FT4,7,96,64,32,32,,0,0,
slot5,0,1,110,2149267276,9,44,FT4,7,0,0,32,32,,0,0,
slot5,0,1,111,2149267236,9,44,FT4,7,0,64,32,32,,0,0,
slot5,0,1,112,2149267196,9,44,FT4,6,32,160,32,32,,0,0,
slot5,0,1,113,2149245544,0,0,OTHER,,,,,,,0,0,
slot5,0,1,114,2149245548,0,0,OTHER,,,,,,,0,0,
slot5,0,1,115,2149245552,0,0,OTHER,,,,,,,0,0,
slot5,0,1,116,2149245556,0,0,OTHER,,,,,,,0,0,
slot5,0,1,117,2149245560,0,0,OTHER,,,,,,,0,0,
slot5,0,1,118,2149245564,0,0,OTHER,,,,,,,0,0,
slot5,0,1,119,2149245568,0,0,OTHER,,,,,,,0,0,
slot5,0,1,120,2149245572,0,0,OTHER,,,,,,,0,0,
slot5,0,1,121,2149245576,0,0,OTHER,,,,,,,0,0,
slot5,0,1,122,2149245580,0,0,OTHER,,,,,,,0,0,
slot5,0,1,123,2149245584,0,0,OTHER,,,,,,,0,0,
slot5,0,1,124,2149245588,0,0,OTHER,,,,,,,0,0,
slot5,0,1,125,2149245592,0,0,OTHER,,,,,,,0,0,
slot5,0,1,126,2149245596,0,0,OTHER,,,,,,,0,0,
slot5,0,1,127,2149245600,0,0,OTHER,,,,,,,0,0,
slot5,0,1,128,2149245604,0,0,OTHER,,,,,,,0,0,
slot5,0,1,129,2149245608,0,0,OTHER,,,,,,,0,0,
slot5,0,1,130,2149245612,0,0,OTHER,,,,,,,0,0,
slot5,0,1,131,2149245616,0,0,OTHER,,,,,,,0,0,
slot5,0,1,132,2149245620,0,0,OTHER,,,,,,,0,0,
slot5,0,1,133,2149245624,0,0,OTHER,,,,,,,0,0,
slot5,0,1,134,2149245628,0,0,OTHER,,,,,,,0,0,
slot5,0,1,135,2149245632,0,0,OTHER,,,,,,,0,0,
slot5,0,1,136,2149245636,0,0,OTHER,,,,,,,0,0,
slot5,0,1,137,2149245640,0,0,OTHER,,,,,,,0,0,
slot5,0,1,138,2149245644,0,0,OTHER,,,,,,,0,0,
slot5,0,1,139,2149245648,0,0,OTHER,,,,,,,0,0,
slot5,0,1,140,2149245652,0,0,OTHER,,,,,,,0,0,
slot5,0,1,141,2149245656,0,0,OTHER,,,,,,,0,0,
slot5,0,1,142,2149245660,0,0,OTHER,,,,,,,0,0,
slot5,0,1,143,2149245664,0,0,OTHER,,,,,,,0,0,
slot5,0,1,144,2149245668,0,0,OTHER,,,,,,,0,0,
slot5,0,1,145,2149245672,0,0,OTHER,,,,,,,0,0,
slot5,0,1,146,2149245676,0,0,OTHER,,,,,,,0,0,
slot5,0,1,147,2149245680,0,0,OTHER,,,,,,,0,0,
slot5,0,1,148,2149245684,0,0,OTHER,,,,,,,0,0,
slot5,0,1,149,2149245688,0,0,OTHER,,,,,,,0,0,
slot5,0,1,150,2149245692,0,0,OTHER,,,,,,,0,0,
slot5,0,1,151,2149245696,0,0,OTHER,,,,,,,0,0,
slot5,0,1,152,2149245700,0,0,OTHER,,,,,,,0,0,
slot5,0,1,153,2149245704,0,0,OTHER,,,,,,,0,0,
slot5,0,1,154,2149245708,0,0,OTHER,,,,,,,0,0,
slot5,0,1,155,2149245712,0,0,OTHER,,,,,,,0,0,
slot5,0,1,156,2149245716,0,0,OTHER,,,,,,,0,0,
slot5,0,1,157,2149245720,0,0,OTHER,,,,,,,0,0,
slot5,0,1,158,2149245724,0,0,OTHER,,,,,,,0,0,
slot5,0,1,159,2149245728,0,0,OTHER,,,,,,,0,0,
slot5,0,1,160,2149245732,0,0,OTHER,,,,,,,0,0,
slot5,0,1,161,2149245736,0,0,OTHER,,,,,,,0,0,
slot5,0,1,162,2149245740,0,0,OTHER,,,,,,,0,0,
slot5,0,1,163,2149245744,0,0,OTHER,,,,,,,0,0,
slot5,0,1,164,2149245748,0,0,OTHER,,,,,,,0,0,
slot5,0,1,165,2149245752,0,0,OTHER,,,,,,,0,0,
slot5,0,1,166,2149245756,0,0,OTHER,,,,,,,0,0,
slot5,0,1,167,2149245760,0,0,OTHER,,,,,,,0,0,
slot5,0,1,168,2149245764,0,0,OTHER,,,,,,,0,0,
slot5,0,1,169,2149245768,0,0,OTHER,,,,,,,0,0,
slot5,0,1,170,2149245772,0,0,OTHER,,,,,,,0,0,
slot5,0,1,171,2149245776,0,0,OTHER,,,,,,,0,0,
slot5,0,1,172,2149245780,0,0,OTHER,,,,,,,0,0,
slot5,0,1,173,2149245784,0,0,OTHER,,,,,,,0,0,
slot5,0,1,174,2149245788,0,0,OTHER,,,,,,,0,0,
slot5,0,1,175,2149245792,0,0,OTHER,,,,,,,0,0,
slot5,0,1,176,2149245796,0,0,OTHER,,,,,,,0,0,
slot5,0,1,177,2149245800,0,0,OTHER,,,,,,,0,0,
slot5,0,1,178,2149245804,0,0,OTHER,,,,,,,0,0,
slot5,0,1,179,2149245808,0,0,OTHER,,,,,,,0,0,
slot5,0,1,180,2149245812,0,0,OTHER,,,,,,,0,0,
slot5,0,1,181,2149245816,0,0,OTHER,,,,,,,0,0,
slot5,0,1,182,2149245820,0,0,OTHER,,,,,,,0,0,
slot5,0,1,183,2149245824,0,0,OTHER,,,,,,,0,0,
slot5,0,1,184,2149245828,0,0,OTHER,,,,,,,0,0,
slot5,0,1,185,2149245832,0,0,OTHER,,,,,,,0,0,
slot5,0,1,186,2149245836,0,0,OTHER,,,,,,,0,0,
slot5,0,1,187,2149245840,0,0,OTHER,,,,,,,0,0,
slot5,0,1,188,2149245844,0,0,OTHER,,,,,,,0,0,
slot5,0,1,189,2149245848,0,0,OTHER,,,,,,,0,0,
slot5,0,1,190,2149245852,0,0,OTHER,,,,,,,0,0,
slot5,0,1,191,2149245856,0,0,OTHER,,,,,,,0,0,
slot5,0,1,192,2149245860,0,0,OTHER,,,,,,,0,0,
slot5,0,1,193,2149245864,0,0,OTHER,,,,,,,0,0,
slot5,0,1,194,2149245868,0,0,OTHER,,,,,,,0,0,
slot5,0,1,195,2149245872,0,0,OTHER,,,,,,,0,0,
slot5,0,1,196,2149245876,0,0,OTHER,,,,,,,0,0,
slot5,0,1,197,2149245880,0,0,OTHER,,,,,,,0,0,
slot5,0,1,198,2149245884,0,0,OTHER,,,,,,,0,0,
slot5,0,1,199,2149245888,0,0,OTHER,,,,,,,0,0,
slot5,0,1,200,2149245892,0,0,OTHER,,,,,,,0,0,
slot5,0,1,201,2149245896,0,0,OTHER,,,,,,,0,0,
slot5,0,1,202,2149245900,0,0,OTHER,,,,,,,0,0,
slot5,0,1,203,2149245904,0,0,OTHER,,,,,,,0,0,
slot5,0,1,204,2149245908,0,0,OTHER,,,,,,,0,0,
slot5,0,1,205,2149245912,0,0,OTHER,,,,,,,0,0,
slot5,0,1,206,2149245916,0,0,OTHER,,,,,,,0,0,
slot5,0,1,207,2149245920,0,0,OTHER,,,,,,,0,0,
slot5,0,1,208,2149245924,0,0,OTHER,,,,,,,0,0,
slot5,0,1,209,2149245928,0,0,OTHER,,,,,,,0,0,
slot5,0,1,210,2149245932,0,0,OTHER,,,,,,,0,0,
slot5,0,1,211,2149245936,0,0,OTHER,,,,,,,0,0,
slot5,0,1,212,2149245940,0,0,OTHER,,,,,,,0,0,
slot5,0,1,213,2149245944,0,0,OTHER,,,,,,,0,0,
slot5,0,1,214,2149245948,0,0,OTHER,,,,,,,0,0,
slot5,0,1,215,2149245952,0,0,OTHER,,,,,,,0,0,
slot5,0,1,216,2149245956,0,0,OTHER,,,,,,,0,0,
slot5,0,1,217,2149245960,0,0,OTHER,,,,,,,0,0,
slot5,0,1,218,2149245964,0,0,OTHER,,,,,,,0,0,
slot5,0,1,219,2149245968,0,0,OTHER,,,,,,,0,0,
slot5,0,1,220,2149245972,0,0,OTHER,,,,,,,0,0,
slot5,0,1,221,2149245976,0,0,OTHER,,,,,,,0,0,
slot5,0,1,222,2149245980,0,0,OTHER,,,,,,,0,0,
slot5,0,1,223,2149245984,0,0,OTHER,,,,,,,0,0,
slot5,0,1,224,2149245988,0,0,OTHER,,,,,,,0,0,
slot5,0,1,225,2149245992,0,0,OTHER,,,,,,,0,0,
slot5,0,1,226,2149245996,0,0,OTHER,,,,,,,0,0,
slot5,0,1,227,2149246000,0,0,OTHER,,,,,,,0,0,
slot5,0,1,228,2149246004,0,0,OTHER,,,,,,,0,0,
slot5,0,1,229,2149246008,0,0,OTHER,,,,,,,0,0,
slot5,0,1,230,2149246012,0,0,OTHER,,,,,,,0,0,
slot5,0,1,231,2149246016,0,0,OTHER,,,,,,,0,0,
slot5,0,1,232,2149246020,0,0,OTHER,,,,,,,0,0,
slot5,0,1,233,2149246024,0,0,OTHER,,,,,,,0,0,
slot5,0,1,234,2149246028,0,0,OTHER,,,,,,,0,0,
slot5,0,1,235,2149246032,0,0,OTHER,,,,,,,0,0,
slot5,0,1,236,2149246036,0,0,OTHER,,,,,,,0,0,
slot5,0,1,237,2149246040,0,0,OTHER,,,,,,,0,0,
slot5,0,1,238,2149246044,0,0,OTHER,,,,,,,0,0,
slot5,0,1,239,2149246048,0,0,OTHER,,,,,,,0,0,
slot5,0,1,240,2149246052,0,0,OTHER,,,,,,,0,0,
slot5,0,1,241,2149246056,0,0,OTHER,,,,,,,0,0,
slot5,0,1,242,2149246060,0,0,OTHER,,,,,,,0,0,
slot5,0,1,243,2149246064,0,0,OTHER,,,,,,,0,0,
slot5,0,1,244,2149246068,0,0,OTHER,,,,,,,0,0,
slot5,0,1,245,2149246072,0,0,OTHER,,,,,,,0,0,
slot5,0,1,246,2149246076,0,0,OTHER,,,,,,,0,0,
slot5,0,1,247,2149246080,0,0,OTHER,,,,,,,0,0,
slot5,0,1,248,2149246084,0,0,OTHER,,,,,,,0,0,
slot5,0,1,249,2149246088,0,0,OTHER,,,,,,,0,0,
slot5,0,1,250,2149246092,0,0,OTHER,,,,,,,0,0,
slot5,0,1,251,2149246096,0,0,OTHER,,,,,,,0,0,
slot5,0,1,252,2149246100,0,0,OTHER,,,,,,,0,0,
slot5,0,1,253,2149246104,0,0,OTHER,,,,,,,0,0,
slot5,0,1,254,2149246108,0,0,OTHER,,,,,,,0,0,
slot5,0,1,255,2149246112,0,0,OTHER,,,,,,,0,0,
slot5,0,1,256,2149246116,0,0,OTHER,,,,,,,0,0,
slot5,0,1,257,2149246120,0,0,OTHER,,,,,,,0,0,
slot5,0,1,258,2149246124,0,0,OTHER,,,,,,,0,0,
slot5,0,1,259,2149246128,0,0,OTHER,,,,,,,0,0,
slot5,0,1,260,2149246132,0,0,OTHER,,,,,,,0,0,
slot5,0,1,261,2149246136,0,0,OTHER,,,,,,,0,0,
slot5,0,1,262,2149246140,0,0,OTHER,,,,,,,0,0,
slot5,0,1,263,2149246144,0,0,OTHER,,,,,,,0,0,
slot5,0,1,264,2149246148,0,0,OTHER,,,,,,,0,0,
slot5,0,1,265,2149246152,0,0,OTHER,,,,,,,0,0,
slot5,0,1,266,2149246156,0,0,OTHER,,,,,,,0,0,
slot5,0,1,267,2149246160,0,0,OTHER,,,,,,,0,0,
slot5,0,1,268,2149246164,0,0,OTHER,,,,,,,0,0,
slot5,0,1,269,2149246168,0,0,OTHER,,,,,,,0,0,
slot5,0,1,270,2149246172,0,0,OTHER,,,,,,,0,0,
slot5,0,1,271,2149246176,0,0,OTHER,,,,,,,0,0,
slot5,0,1,272,2149246180,0,0,OTHER,,,,,,,0,0,
slot5,0,1,273,2149246184,0,0,OTHER,,,,,,,0,0,
slot5,0,1,274,2149246188,0,0,OTHER,,,,,,,0,0,
slot5,0,1,275,2149246192,0,0,OTHER,,,,,,,0,0,
slot5,0,1,276,2149246196,0,0,OTHER,,,,,,,0,0,
slot5,0,1,277,2149246200,0,0,OTHER,,,,,,,0,0,
slot5,0,1,278,2149246204,0,0,OTHER,,,,,,,0,0,
slot5,0,1,279,2149246208,0,0,OTHER,,,,,,,0,0,
slot5,0,1,280,2149246212,0,0,OTHER,,,,,,,0,0,
slot5,0,1,281,2149246216,0,0,OTHER,,,,,,,0,0,
slot5,0,1,282,2149246220,0,0,OTHER,,,,,,,0,0,
slot5,0,1,283,2149246224,0,0,OTHER,,,,,,,0,0,
slot5,0,1,284,2149246228,0,0,OTHER,,,,,,,0,0,
slot5,0,1,285,2149246232,0,0,OTHER,,,,,,,0,0,
slot5,0,1,286,2149246236,0,0,OTHER,,,,,,,0,0,
slot5,0,1,287,2149246240,0,0,OTHER,,,,,,,0,0,
slot5,0,1,288,2149246244,0,0,OTHER,,,,,,,0,0,
slot5,0,1,289,2149246248,0,0,OTHER,,,,,,,0,0,
slot5,0,1,290,2149246252,0,0,OTHER,,,,,,,0,0,
slot5,0,1,291,2149246256,0,0,OTHER,,,,,,,0,0,
slot5,0,1,292,2149246260,0,0,OTHER,,,,,,,0,0,
slot5,0,1,293,2149246264,0,0,OTHER,,,,,,,0,0,
slot5,0,1,294,2149246268,0,0,OTHER,,,,,,,0,0,
slot5,0,1,295,2149246272,0,0,OTHER,,,,,,,0,0,
slot5,0,1,296,2149246276,0,0,OTHER,,,,,,,0,0,
slot5,0,1,297,2149246280,0,0,OTHER,,,,,,,0,0,
slot5,0,1,298,2149246284,0,0,OTHER,,,,,,,0,0,
slot5,0,1,299,2149246288,0,0,OTHER,,,,,,,0,0,
slot5,0,1,300,2149246292,0,0,OTHER,,,,,,,0,0,
slot5,0,1,301,2149246296,0,0,OTHER,,,,,,,0,0,
slot5,0,1,302,2149246300,0,0,OTHER,,,,,,,0,0,
slot5,0,1,303,2149246304,0,0,OTHER,,,,,,,0,0,
slot5,0,1,304,2149246308,0,0,OTHER,,,,,,,0,0,
slot5,0,1,305,2149246312,0,0,OTHER,,,,,,,0,0,
slot5,0,1,306,2149246316,0,0,OTHER,,,,,,,0,0,
slot5,0,1,307,2149246320,0,0,OTHER,,,,,,,0,0,
slot5,0,1,308,2149246324,0,0,OTHER,,,,,,,0,0,
slot5,0,1,309,2149246328,0,0,OTHER,,,,,,,0,0,
slot5,0,1,310,2149246332,0,0,OTHER,,,,,,,0,0,
slot5,0,1,311,2149246336,0,0,OTHER,,,,,,,0,0,
slot5,0,1,312,2149246340,0,0,OTHER,,,,,,,0,0,
slot5,0,1,313,2149246344,0,0,OTHER,,,,,,,0,0,
slot5,0,1,314,2149246348,0,0,OTHER,,,,,,,0,0,
slot5,0,1,315,2149246352,0,0,OTHER,,,,,,,0,0,
slot5,0,1,316,2149246356,0,0,OTHER,,,,,,,0,0,
slot5,0,1,317,2149246360,0,0,OTHER,,,,,,,0,0,
slot5,0,1,318,2149246364,0,0,OTHER,,,,,,,0,0,
slot5,0,1,319,2149246368,0,0,OTHER,,,,,,,0,0,
slot5,0,1,320,2149246372,0,0,OTHER,,,,,,,0,0,
slot5,0,1,321,2149246376,0,0,OTHER,,,,,,,0,0,
slot5,0,1,322,2149246380,0,0,OTHER,,,,,,,0,0,
slot5,0,1,323,2149246384,0,0,OTHER,,,,,,,0,0,
slot5,0,1,324,2149246388,0,0,OTHER,,,,,,,0,0,
slot5,0,1,325,2149246392,0,0,OTHER,,,,,,,0,0,
slot5,0,1,326,2149246396,0,0,OTHER,,,,,,,0,0,
slot5,0,1,327,2149246400,0,0,OTHER,,,,,,,0,0,
slot5,0,1,328,2149246404,0,0,OTHER,,,,,,,0,0,
slot5,0,1,329,2149246408,0,0,OTHER,,,,,,,0,0,
slot5,0,1,330,2149246412,0,0,OTHER,,,,,,,0,0,
slot5,0,1,331,2149246416,0,0,OTHER,,,,,,,0,0,
slot5,0,1,332,2149246420,0,0,OTHER,,,,,,,0,0,
slot5,0,1,333,2149246424,0,0,OTHER,,,,,,,0,0,
slot5,0,1,334,2149246428,0,0,OTHER,,,,,,,0,0,
slot5,0,1,335,2149246432,0,0,OTHER,,,,,,,0,0,
slot5,0,1,336,2149246436,0,0,OTHER,,,,,,,0,0,
slot5,0,1,337,2149246440,0,0,OTHER,,,,,,,0,0,
slot5,0,1,338,2149246444,0,0,OTHER,,,,,,,0,0,
slot5,0,1,339,2149246448,0,0,OTHER,,,,,,,0,0,
slot5,0,1,340,2149246452,0,0,OTHER,,,,,,,0,0,
slot5,0,1,341,2149246456,0,0,OTHER,,,,,,,0,0,
slot5,0,1,342,2149246460,0,0,OTHER,,,,,,,0,0,
slot5,0,1,343,2149246464,0,0,OTHER,,,,,,,0,0,
slot5,0,1,344,2149246468,0,0,OTHER,,,,,,,0,0,
slot5,0,1,345,2149246472,0,0,OTHER,,,,,,,0,0,
slot5,0,1,346,2149246476,0,0,OTHER,,,,,,,0,0,
slot5,0,1,347,2149246480,0,0,OTHER,,,,,,,0,0,
slot5,0,1,348,2149246484,0,0,OTHER,,,,,,,0,0,
slot5,0,1,349,2149246488,0,0,OTHER,,,,,,,0,0,
slot5,0,1,350,2149246492,0,0,OTHER,,,,,,,0,0,
slot5,0,1,351,2149246496,0,0,OTHER,,,,,,,0,0,
slot5,0,1,352,2149246500,0,0,OTHER,,,,,,,0,0,
slot5,0,1,353,2149246504,0,0,OTHER,,,,,,,0,0,
slot5,0,1,354,2149246508,0,0,OTHER,,,,,,,0,0,
slot5,0,1,355,2149246512,0,0,OTHER,,,,,,,0,0,
slot5,0,1,356,2149246516,0,0,OTHER,,,,,,,0,0,
slot5,0,1,357,2149246520,0,0,OTHER,,,,,,,0,0,
slot5,0,1,358,2149246524,0,0,OTHER,,,,,,,0,0,
slot5,0,1,359,2149246528,0,0,OTHER,,,,,,,0,0,
slot5,0,1,360,2149246532,0,0,OTHER,,,,,,,0,0,
slot5,0,1,361,2149246536,0,0,OTHER,,,,,,,0,0,
slot5,0,1,362,2149246540,0,0,OTHER,,,,,,,0,0,
slot5,0,1,363,2149246544,0,0,OTHER,,,,,,,0,0,
slot5,0,1,364,2149246548,0,0,OTHER,,,,,,,0,0,
slot5,0,1,365,2149415892,9,44,FT4,5,0,224,16,16,,0,0,
slot5,0,1,366,2149415852,9,44,FT4,5,8,224,16,16,,0,0,
slot5,0,1,367,2149246552,0,0,OTHER,,,,,,,0,0,
slot5,0,1,368,2149246556,0,0,OTHER,,,,,,,0,0,
slot5,0,1,369,2149246560,0,0,OTHER,,,,,,,0,0,
slot5,0,1,370,2149246564,0,0,OTHER,,,,,,,0,0,
slot5,0,1,371,2149246568,0,0,OTHER,,,,,,,0,0,
slot5,0,1,372,2149246572,0,0,OTHER,,,,,,,0,0,
slot5,0,1,373,2149246576,0,0,OTHER,,,,,,,0,0,
slot5,0,1,374,2149246580,0,0,OTHER,,,,,,,0,0,
slot5,0,1,375,2149246584,0,0,OTHER,,,,,,,0,0,
slot5,0,1,376,2149246588,0,0,OTHER,,,,,,,0,0,
slot5,0,1,377,2149246592,0,0,OTHER,,,,,,,0,0,
slot5,0,1,378,2149246596,0,0,OTHER,,,,,,,0,0,
slot5,0,1,379,2149246600,0,0,OTHER,,,,,,,0,0,
slot5,0,1,380,2149246604,0,0,OTHER,,,,,,,0,0,
slot5,0,1,381,2149246608,0,0,OTHER,,,,,,,0,0,
slot5,0,1,382,2149246612,0,0,OTHER,,,,,,,0,0,
slot5,0,1,383,2149428372,9,46,FT4,30,64,128,32,32,,0,0,
slot5,0,1,384,2149428332,9,46,FT4,15,72,64,8,8,,0,0,
slot5,0,1,385,2149428292,9,46,FT4,30,64,128,32,32,,0,0,
slot5,0,1,386,2149246616,0,0,OTHER,,,,,,,0,0,
slot5,0,1,387,2149246620,0,0,OTHER,,,,,,,0,0,
slot5,0,1,388,2149246624,0,0,OTHER,,,,,,,0,0,
slot5,0,1,389,2149246628,0,0,OTHER,,,,,,,0,0,
slot5,0,1,390,2149246632,0,0,OTHER,,,,,,,0,0,
slot5,0,1,391,2149246636,0,0,OTHER,,,,,,,0,0,
slot5,0,1,392,2149246640,0,0,OTHER,,,,,,,0,0,
slot5,0,1,393,2149246644,0,0,OTHER,,,,,,,0,0,
slot5,0,1,394,2149246648,0,0,OTHER,,,,,,,0,0,
slot5,0,1,395,2149246652,0,0,OTHER,,,,,,,0,0,
slot5,0,1,396,2149246656,0,0,OTHER,,,,,,,0,0,
slot5,0,1,397,2149246660,0,0,OTHER,,,,,,,0,0,
slot5,0,1,398,2149246664,0,0,OTHER,,,,,,,0,0,
slot5,0,1,399,2149246668,0,0,OTHER,,,,,,,0,0,
slot5,0,1,400,2149246672,0,0,OTHER,,,,,,,0,0,
slot5,0,1,401,2149246676,0,0,OTHER,,,,,,,0,0,
slot5,0,1,402,2149246680,0,0,OTHER,,,,,,,0,0,
slot5,0,1,403,2149246684,0,0,OTHER,,,,,,,0,0,
slot5,0,1,404,2149246688,0,0,OTHER,,,,,,,0,0,
slot5,0,1,405,2149246692,0,0,OTHER,,,,,,,0,0,
slot5,0,1,406,2149246696,0,0,OTHER,,,,,,,0,0,
slot5,0,1,407,2149246700,0,0,OTHER,,,,,,,0,0,
slot5,0,1,408,2149246704,0,0,OTHER,,,,,,,0,0,
slot5,0,1,409,2149246708,0,0,OTHER,,,,,,,0,0,
slot5,0,1,410,2149246712,0,0,OTHER,,,,,,,0,0,
slot5,0,1,411,2149246716,0,0,OTHER,,,,,,,0,0,
slot5,0,1,412,2149246720,0,0,OTHER,,,,,,,0,0,
slot5,0,1,413,2149246724,0,0,OTHER,,,,,,,0,0,
slot5,0,1,414,2149246728,0,0,OTHER,,,,,,,0,0,
slot5,0,1,415,2149246732,0,0,OTHER,,,,,,,0,0,
slot5,0,1,416,2149246736,0,0,OTHER,,,,,,,0,0,
slot5,0,1,417,2149246740,0,0,OTHER,,,,,,,0,0,
slot5,0,1,418,2149246744,0,0,OTHER,,,,,,,0,0,
slot5,0,1,419,2149246748,0,0,OTHER,,,,,,,0,0,
slot5,0,1,420,2149246752,0,0,OTHER,,,,,,,0,0,
slot5,0,1,421,2149246756,0,0,OTHER,,,,,,,0,0,
slot5,0,1,422,2149246760,0,0,OTHER,,,,,,,0,0,
slot5,0,1,423,2149246764,0,0,OTHER,,,,,,,0,0,
slot5,0,1,424,2149246768,0,0,OTHER,,,,,,,0,0,
slot5,0,1,425,2149246772,0,0,OTHER,,,,,,,0,0,
slot5,0,1,426,2149246776,0,0,OTHER,,,,,,,0,0,
slot5,0,1,427,2149246780,0,0,OTHER,,,,,,,0,0,
slot5,0,1,428,2149246784,0,0,OTHER,,,,,,,0,0,
slot5,0,1,429,2149246788,0,0,OTHER,,,,,,,0,0,
slot5,0,1,430,2149246792,0,0,OTHER,,,,,,,0,0,
slot5,0,1,431,2149246796,0,0,OTHER,,,,,,,0,0,
slot5,0,1,432,2149246800,0,0,OTHER,,,,,,,0,0,
slot5,0,1,433,2149246804,0,0,OTHER,,,,,,,0,0,
slot5,0,1,434,2149246808,0,0,OTHER,,,,,,,0,0,
slot5,0,1,435,2149246812,0,0,OTHER,,,,,,,0,0,
slot5,0,1,436,2149246816,0,0,OTHER,,,,,,,0,0,
slot5,0,1,437,2149246820,0,0,OTHER,,,,,,,0,0,
slot5,0,1,438,2149246824,0,0,OTHER,,,,,,,0,0,
slot5,0,1,439,2149246828,0,0,OTHER,,,,,,,0,0,
slot5,0,1,440,2149246832,0,0,OTHER,,,,,,,0,0,
slot5,0,1,441,2149246836,0,0,OTHER,,,,,,,0,0,
slot5,0,1,442,2149246840,0,0,OTHER,,,,,,,0,0,
slot5,0,1,443,2149246844,0,0,OTHER,,,,,,,0,0,
slot5,0,1,444,2149246848,0,0,OTHER,,,,,,,0,0,
slot5,0,1,445,2149246852,0,0,OTHER,,,,,,,0,0,
slot5,0,1,446,2149246856,0,0,OTHER,,,,,,,0,0,
slot5,0,1,447,2149246860,0,0,OTHER,,,,,,,0,0,
slot5,0,1,448,2149246864,0,0,OTHER,,,,,,,0,0,
slot5,0,1,449,2149246868,0,0,OTHER,,,,,,,0,0,
slot5,0,1,450,2149430292,9,46,FT4,15,32,128,32,32,,0,0,
slot5,0,1,451,2149430252,9,46,FT4,15,64,144,8,8,,0,0,
slot5,0,1,452,2149430212,9,46,FT4,15,32,128,32,32,,0,0,
slot5,0,1,453,2149246872,0,0,OTHER,,,,,,,0,0,
slot5,0,1,454,2149246876,0,0,OTHER,,,,,,,0,0,
slot5,0,1,455,2149246880,0,0,OTHER,,,,,,,0,0,
slot5,0,1,456,2149246884,0,0,OTHER,,,,,,,0,0,
slot5,0,1,457,2149246888,0,0,OTHER,,,,,,,0,0,
slot5,0,1,458,2149246892,0,0,OTHER,,,,,,,0,0,
slot5,0,1,459,2149246896,0,0,OTHER,,,,,,,0,0,
slot5,0,1,460,2149246900,0,0,OTHER,,,,,,,0,0,
slot5,0,1,461,2149246904,0,0,OTHER,,,,,,,0,0,
slot5,0,1,462,2149246908,0,0,OTHER,,,,,,,0,0,
slot5,0,1,463,2149246912,0,0,OTHER,,,,,,,0,0,
slot5,0,1,464,2149246916,0,0,OTHER,,,,,,,0,0,
slot5,0,1,465,2149246920,0,0,OTHER,,,,,,,0,0,
slot5,0,1,466,2149246924,0,0,OTHER,,,,,,,0,0,
slot5,0,1,467,2149246928,0,0,OTHER,,,,,,,0,0,
slot5,0,1,468,2149246932,0,0,OTHER,,,,,,,0,0,
slot5,0,1,469,2149246936,0,0,OTHER,,,,,,,0,0,
slot5,0,1,470,2149246940,0,0,OTHER,,,,,,,0,0,
slot5,0,1,471,2149246944,0,0,OTHER,,,,,,,0,0,
slot5,0,1,472,2149246948,0,0,OTHER,,,,,,,0,0,
slot5,0,1,473,2149246952,0,0,OTHER,,,,,,,0,0,
slot5,0,1,474,2149246956,0,0,OTHER,,,,,,,0,0,
slot5,0,1,475,2149246960,0,0,OTHER,,,,,,,0,0,
slot5,0,1,476,2149246964,0,0,OTHER,,,,,,,0,0,
slot5,0,1,477,2149246968,0,0,OTHER,,,,,,,0,0,
slot5,0,1,478,2149246972,0,0,OTHER,,,,,,,0,0,
slot5,0,1,479,2149246976,0,0,OTHER,,,,,,,0,0,
slot5,0,1,480,2149246980,0,0,OTHER,,,,,,,0,0,
slot5,0,1,481,2149246984,0,0,OTHER,,,,,,,0,0,
slot5,0,1,482,2149246988,0,0,OTHER,,,,,,,0,0,
slot5,0,1,483,2149246992,0,0,OTHER,,,,,,,0,0,
slot5,0,1,484,2149246996,0,0,OTHER,,,,,,,0,0,
slot5,0,1,485,2149431252,9,46,FT4,31,0,64,32,32,,0,0,
slot5,0,1,486,2149431212,9,46,FT4,15,64,160,8,8,,0,0,
slot5,0,1,487,2149431172,9,46,FT4,31,0,64,32,32,,0,0,
slot5,0,1,488,2149247000,0,0,OTHER,,,,,,,0,0,
slot5,0,1,489,2149247004,0,0,OTHER,,,,,,,0,0,
slot5,0,1,490,2149247008,0,0,OTHER,,,,,,,0,0,
slot5,0,1,491,2149247012,0,0,OTHER,,,,,,,0,0,
slot5,0,1,492,2149247016,0,0,OTHER,,,,,,,0,0,
slot5,0,1,493,2149247020,0,0,OTHER,,,,,,,0,0,
slot5,0,1,494,2149247024,0,0,OTHER,,,,,,,0,0,
slot5,0,1,495,2149247028,0,0,OTHER,,,,,,,0,0,
slot5,0,1,496,2149247032,0,0,OTHER,,,,,,,0,0,
slot5,0,1,497,2149247036,0,0,OTHER,,,,,,,0,0,
slot5,0,1,498,2149247040,0,0,OTHER,,,,,,,0,0,
slot5,0,1,499,2149247044,0,0,OTHER,,,,,,,0,0,
slot5,0,1,500,2149247048,0,0,OTHER,,,,,,,0,0,
slot5,0,1,501,2149247052,0,0,OTHER,,,,,,,0,0,
slot5,0,1,502,2149247056,0,0,OTHER,,,,,,,0,0,
slot5,0,1,503,2149247060,0,0,OTHER,,,,,,,0,0,
slot5,0,1,504,2149247064,0,0,OTHER,,,,,,,0,0,
slot5,0,1,505,2149247068,0,0,OTHER,,,,,,,0,0,
slot5,0,1,506,2149247072,0,0,OTHER,,,,,,,0,0,
slot5,0,1,507,2149247076,0,0,OTHER,,,,,,,0,0,
slot5,0,1,508,2149247080,0,0,OTHER,,,,,,,0,0,
slot5,0,1,509,2149247084,0,0,OTHER,,,,,,,0,0,
slot5,0,1,510,2149247088,0,0,OTHER,,,,,,,0,0,
slot5,0,1,511,2149247092,0,0,OTHER,,,,,,,0,0,
slot5,0,1,512,2149247096,0,0,OTHER,,,,,,,0,0,
slot5,0,1,513,2149247100,0,0,OTHER,,,,,,,0,0,
slot5,0,1,514,2149247104,0,0,OTHER,,,,,,,0,0,
slot5,0,1,515,2149247108,0,0,OTHER,,,,,,,0,0,
slot5,0,1,516,2149247112,0,0,OTHER,,,,,,,0,0,
slot5,0,1,517,2149247116,0,0,OTHER,,,,,,,0,0,
slot5,0,1,518,2149247120,0,0,OTHER,,,,,,,0,0,
slot5,0,1,519,2149247124,0,0,OTHER,,,,,,,0,0,
slot5,0,1,520,2149432212,9,46,FT4,31,32,128,32,32,,0,0,
slot5,0,1,521,2149432172,9,46,FT4,15,64,192,8,8,,0,0,
slot5,0,1,522,2149432132,9,46,FT4,31,32,128,32,32,,0,0,
slot5,0,1,523,2149429332,9,46,FT4,15,32,96,32,32,,0,0,
slot5,0,1,524,2149429292,9,46,FT4,15,64,96,8,8,,0,0,
slot5,0,1,525,2149429252,9,46,FT4,15,32,96,32,32,,0,0,
slot5,0,1,526,2149247128,0,0,OTHER,,,,,,,0,0,
slot5,0,1,527,2149247132,0,0,OTHER,,,,,,,0,0,
slot5,0,1,528,2149247136,0,0,OTHER,,,,,,,0,0,
slot5,0,1,529,2149247140,0,0,OTHER,,,,,,,0,0,
slot5,0,1,530,2149247144,0,0,OTHER,,,,,,,0,0,
slot5,0,1,531,2149247148,0,0,OTHER,,,,,,,0,0,
slot5,0,1,532,2149247152,0,0,OTHER,,,,,,,0,0,
slot5,0,1,533,2149247156,0,0,OTHER,,,,,,,0,0,
slot5,0,1,534,2149247160,0,0,OTHER,,,,,,,0,0,
slot5,0,1,535,2149247164,0,0,OTHER,,,,,,,0,0,
slot5,0,1,536,2149247168,0,0,OTHER,,,,,,,0,0,
slot5,0,1,537,2149247172,0,0,OTHER,,,,,,,0,0,
slot5,0,1,538,2149247176,0,0,OTHER,,,,,,,0,0,
slot5,0,1,539,2149247180,0,0,OTHER,,,,,,,0,0,
slot5,0,1,540,2149247184,0,0,OTHER,,,,,,,0,0,
slot5,0,1,541,2149247188,0,0,OTHER,,,,,,,0,0,
slot5,0,1,542,2149247192,0,0,OTHER,,,,,,,0,0,
slot5,0,1,543,2149247196,0,0,OTHER,,,,,,,0,0,
slot5,0,1,544,2149247200,0,0,OTHER,,,,,,,0,0,
slot5,0,1,545,2149247204,0,0,OTHER,,,,,,,0,0,
slot5,0,1,546,2149247208,0,0,OTHER,,,,,,,0,0,
slot5,0,1,547,2149247212,0,0,OTHER,,,,,,,0,0,
slot5,0,1,548,2149247216,0,0,OTHER,,,,,,,0,0,
slot5,0,1,549,2149247220,0,0,OTHER,,,,,,,0,0,
slot5,0,1,550,2149247224,0,0,OTHER,,,,,,,0,0,
slot5,0,1,551,2149247228,0,0,OTHER,,,,,,,0,0,
slot5,0,1,552,2149247232,0,0,OTHER,,,,,,,0,0,
slot5,0,1,553,2149247236,0,0,OTHER,,,,,,,0,0,
slot5,0,1,554,2149247240,0,0,OTHER,,,,,,,0,0,
slot5,0,1,555,2149247244,0,0,OTHER,,,,,,,0,0,
slot5,0,1,556,2149247248,0,0,OTHER,,,,,,,0,0,
slot5,0,1,557,2149247252,0,0,OTHER,,,,,,,0,0,
slot5,0,1,558,2149415812,9,44,FT4,12,128,0,32,32,,0,0,
slot5,0,1,559,2149247256,0,0,OTHER,,,,,,,0,0,
slot5,0,1,560,2149247260,0,0,OTHER,,,,,,,0,0,
slot5,0,1,561,2149247264,0,0,OTHER,,,,,,,0,0,
slot5,0,1,562,2149247268,0,0,OTHER,,,,,,,0,0,
slot5,0,1,563,2149247272,0,0,OTHER,,,,,,,0,0,
slot5,0,1,564,2149247276,0,0,OTHER,,,,,,,0,0,
slot5,0,1,565,2149247280,0,0,OTHER,,,,,,,0,0,
slot5,0,1,566,2149247284,0,0,OTHER,,,,,,,0,0,
slot5,0,1,567,2149247288,0,0,OTHER,,,,,,,0,0,
slot5,0,1,568,2149247292,0,0,OTHER,,,,,,,0,0,
slot5,0,1,569,2149247296,0,0,OTHER,,,,,,,0,0,
slot5,0,1,570,2149247300,0,0,OTHER,,,,,,,0,0,
slot5,0,1,571,2149247304,0,0,OTHER,,,,,,,0,0,
slot5,0,1,572,2149247308,0,0,OTHER,,,,,,,0,0,
slot5,0,1,573,2149247312,0,0,OTHER,,,,,,,0,0,
slot5,0,1,574,2149247316,0,0,OTHER,,,,,,,0,0,
slot5,0,1,575,2149247320,0,0,OTHER,,,,,,,0,0,
slot5,0,1,576,2149247324,0,0,OTHER,,,,,,,0,0,
slot5,0,1,577,2149247328,0,0,OTHER,,,,,,,0,0,
slot5,0,1,578,2149247332,0,0,OTHER,,,,,,,0,0,
slot5,0,1,579,2149247336,0,0,OTHER,,,,,,,0,0,
slot5,0,1,580,2149247340,0,0,OTHER,,,,,,,0,0,
slot5,0,1,581,2149247344,0,0,OTHER,,,,,,,0,0,
slot5,0,1,582,2149247348,0,0,OTHER,,,,,,,0,0,
slot5,0,1,583,2149247352,0,0,OTHER,,,,,,,0,0,
slot5,0,1,584,2149247356,0,0,OTHER,,,,,,,0,0,
slot5,0,1,585,2149247360,0,0,OTHER,,,,,,,0,0,
slot5,0,1,586,2149247364,0,0,OTHER,,,,,,,0,0,
slot5,0,1,587,2149247368,0,0,OTHER,,,,,,,0,0,
slot5,0,1,588,2149247372,0,0,OTHER,,,,,,,0,0,
slot5,0,1,589,2149247376,0,0,OTHER,,,,,,,0,0,
slot5,0,1,590,2149247380,0,0,OTHER,,,,,,,0,0,
slot5,0,1,591,2149424532,9,46,FT4,29,0,128,32,32,,0,0,
slot5,0,1,592,2149424492,9,46,FT4,14,64,208,8,8,,0,0,
slot5,0,1,593,2149424452,9,46,FT4,29,0,128,32,32,,0,0,
slot5,0,1,594,2149247384,0,0,OTHER,,,,,,,0,0,
slot5,0,1,595,2149247388,0,0,OTHER,,,,,,,0,0,
slot5,0,1,596,2149247392,0,0,OTHER,,,,,,,0,0,
slot5,0,1,597,2149247396,0,0,OTHER,,,,,,,0,0,
slot5,0,1,598,2149247400,0,0,OTHER,,,,,,,0,0,
slot5,0,1,599,2149247404,0,0,OTHER,,,,,,,0,0,
slot5,0,1,600,2149247408,0,0,OTHER,,,,,,,0,0,
slot5,0,1,601,2149247412,0,0,OTHER,,,,,,,0,0,
slot5,0,1,602,2149247416,0,0,OTHER,,,,,,,0,0,
slot5,0,1,603,2149247420,0,0,OTHER,,,,,,,0,0,
slot5,0,1,604,2149247424,0,0,OTHER,,,,,,,0,0,
slot5,0,1,605,2149247428,0,0,OTHER,,,,,,,0,0,
slot5,0,1,606,2149247432,0,0,OTHER,,,,,,,0,0,
slot5,0,1,607,2149247436,0,0,OTHER,,,,,,,0,0,
slot5,0,1,608,2149247440,0,0,OTHER,,,,,,,0,0,
slot5,0,1,609,2149247444,0,0,OTHER,,,,,,,0,0,
slot5,0,1,610,2149247448,0,0,OTHER,,,,,,,0,0,
slot5,0,1,611,2149247452,0,0,OTHER,,,,,,,0,0,
slot5,0,1,612,2149247456,0,0,OTHER,,,,,,,0,0,
slot5,0,1,613,2149247460,0,0,OTHER,,,,,,,0,0,
slot5,0,1,614,2149247464,0,0,OTHER,,,,,,,0,0,
slot5,0,1,615,2149247468,0,0,OTHER,,,,,,,0,0,
slot5,0,1,616,2149247472,0,0,OTHER,,,,,,,0,0,
slot5,0,1,617,2149247476,0,0,OTHER,,,,,,,0,0,
slot5,0,1,618,2149247480,0,0,OTHER,,,,,,,0,0,
slot5,0,1,619,2149247484,0,0,OTHER,,,,,,,0,0,
slot5,0,1,620,2149247488,0,0,OTHER,,,,,,,0,0,
slot5,0,1,621,2149247492,0,0,OTHER,,,,,,,0,0,
slot5,0,1,622,2149247496,0,0,OTHER,,,,,,,0,0,
slot5,0,1,623,2149247500,0,0,OTHER,,,,,,,0,0,
slot5,0,1,624,2149247504,0,0,OTHER,,,,,,,0,0,
slot5,0,1,625,2149247508,0,0,OTHER,,,,,,,0,0,
slot5,0,1,626,2149247512,0,0,OTHER,,,,,,,0,0,
slot5,0,1,627,2149247516,0,0,OTHER,,,,,,,0,0,
slot5,0,1,628,2149247520,0,0,OTHER,,,,,,,0,0,
slot5,0,1,629,2149247524,0,0,OTHER,,,,,,,0,0,
slot5,0,1,630,2149247528,0,0,OTHER,,,,,,,0,0,
slot5,0,1,631,2149247532,0,0,OTHER,,,,,,,0,0,
slot5,0,1,632,2149247536,0,0,OTHER,,,,,,,0,0,
slot5,0,1,633,2149247540,0,0,OTHER,,,,,,,0,0,
slot5,0,1,634,2149247544,0,0,OTHER,,,,,,,0,0,
slot5,0,1,635,2149247548,0,0,OTHER,,,,,,,0,0,
slot5,0,1,636,2149277436,9,44,FT4,8,192,192,32,32,,0,0,
slot5,0,1,637,2149277396,9,44,FT4,8,160,192,32,32,,0,0,
slot5,0,1,638,2149277356,9,44,FT4,8,128,192,32,32,,0,0,
slot5,0,1,639,2149277276,9,44,FT4,6,96,96,32,32,,0,0,
slot5,0,1,640,2149276916,9,44,FT4,8,192,160,32,32,,0,0,
slot5,0,1,641,2149276876,9,44,FT4,8,160,160,32,32,,0,0,
slot5,0,1,642,2149276836,9,44,FT4,8,128,160,32,32,,0,0,
slot5,0,1,643,2149276756,9,44,FT4,6,96,64,32,32,,0,0,
slot5,0,1,644,2149276716,9,44,FT4,6,64,64,32,32,,0,0,
slot5,0,1,645,2149276636,9,44,FT4,6,160,192,32,32,,0,0,
slot5,0,1,646,2149276156,9,44,FT4,8,192,192,32,32,,0,0,
slot5,0,1,647,2149276116,9,44,FT4,8,160,192,32,32,,0,0,
slot5,0,1,648,2149276076,9,44,FT4,8,128,192,32,32,,0,0,
slot5,0,1,649,2149275636,9,44,FT4,8,192,160,32,32,,0,0,
slot5,0,1,650,2149275596,9,44,FT4,8,160,160,32,32,,0,0,
slot5,0,1,651,2149275556,9,44,FT4,8,128,160,32,32,,0,0,
slot5,0,1,652,2149273876,9,44,FT4,6,160,192,32,32,,0,0,
slot5,0,1,653,2149273356,9,44,FT4,8,160,192,32,32,,0,0,
slot5,0,1,654,2149273316,9,44,FT4,8,128,192,32,32,,0,0,
slot5,0,1,655,2149272996,9,44,FT4,6,96,96,32,32,,0,0,
slot5,0,1,656,2149272956,9,44,FT4,6,64,96,32,32,,0,0,
slot5,0,1,657,2149247552,0,0,OTHER,,,,,,,0,0,
slot5,0,1,658,2149247556,0,0,OTHER,,,,,,,0,0,
slot5,0,1,659,2149247560,0,0,OTHER,,,,,,,0,0,
slot5,0,1,660,2149514196,6,227,OTHER,,,,,,,0,0,
slot5,0,1,661,2149523912,2,225,DR_TPAGE,21,,,,,,0,0,
slot5,0,1,662,2149523220,9,45,FT4,21,16,15,43,9,,0,0,
slot5,0,1,663,2149523180,9,45,FT4,21,16,15,43,9,,0,0,
slot5,0,1,664,2149523140,9,45,FT4,21,16,16,43,9,,0,0,
slot5,0,1,665,2149523100,9,45,FT4,21,16,16,43,9,,0,0,
slot5,0,1,666,2149523924,2,225,DR_TPAGE,21,,,,,,0,0,
slot5,0,1,667,2149523300,9,45,FT4,21,15,16,9,193,,0,0,
slot5,0,1,668,2149523260,9,45,FT4,21,16,16,9,193,,0,0,
slot5,0,1,669,2149523936,2,225,DR_TPAGE,21,,,,,,0,0,
slot5,0,1,670,2149523380,9,45,FT4,21,26,16,43,193,,0,0,
slot5,0,1,671,2149523340,9,45,FT4,21,16,16,43,193,,0,0,
slot5,0,1,672,2149523900,2,225,DR_TPAGE,21,,,,,,0,0,
slot5,0,1,673,2149523060,9,45,FT4,21,111,47,9,9,,0,0,
slot5,0,1,674,2149523020,9,45,FT4,21,112,47,9,9,,0,0,
slot5,0,1,675,2149522980,9,45,FT4,21,111,48,9,9,,0,0,
slot5,0,1,676,2149522940,9,45,FT4,21,112,48,9,9,,0,0,
slot5,0,1,677,2149262916,2,225,DR_TPAGE,21,,,,,,0,0,
slot5,0,1,678,2149529564,4,101,SPRT,21,0,0,80,16,32262,0,0,
slot5,0,1,679,2149529284,4,101,SPRT,21,64,96,16,16,32262,0,0,
slot5,0,1,680,2149529172,4,101,SPRT,21,32,96,16,16,32262,0,0,
slot5,0,1,681,2149529116,4,101,SPRT,21,96,80,16,16,32262,0,0,
slot5,0,1,682,2149529004,4,101,SPRT,21,48,96,16,16,32257,0,0,
slot5,0,1,683,2149528892,4,101,SPRT,21,64,80,16,16,32258,0,0,
slot5,0,1,684,2149528836,4,101,SPRT,21,48,80,16,16,32257,0,0,
slot5,0,1,685,2149528668,4,101,SPRT,21,208,80,16,16,32258,0,0,
slot5,0,1,686,2149528612,4,101,SPRT,21,208,80,16,16,32257,0,0,
slot5,0,1,687,2149528556,4,101,SPRT,21,192,80,16,16,32258,0,0,
slot5,0,1,688,2149528444,4,101,SPRT,21,176,80,16,16,32258,0,0,
slot5,0,1,689,2149528388,4,101,SPRT,21,160,80,16,16,32258,0,0,
slot5,0,1,690,2149528220,4,101,SPRT,21,112,80,16,16,32257,0,0,
slot5,0,1,691,2149528164,4,101,SPRT,21,96,80,16,16,32257,0,0,
slot5,0,1,692,2149528052,4,101,SPRT,21,80,80,16,16,32258,0,0,
slot5,0,1,693,2149527940,4,101,SPRT,21,16,96,16,16,32257,0,0,
slot5,0,1,694,2149527884,4,101,SPRT,21,0,96,16,16,32257,0,0,
slot5,0,1,695,2149527772,4,101,SPRT,21,32,80,16,16,32257,0,0,
slot5,0,1,696,2149527716,4,101,SPRT,21,80,96,16,16,31424,0,0,
slot5,0,1,697,2149513540,5,41,OTHER,21,,,,,,0,0,
slot5,0,1,698,2149513516,5,41,OTHER,21,,,,,,0,0,
slot5,0,1,699,2149513492,5,41,OTHER,21,,,,,,0,0,
slot5,0,1,700,2149513468,5,41,OTHER,21,,,,,,0,0,
slot5,0,1,701,2149513660,8,57,OTHER,21,,,,,,0,0,
slot5,0,1,702,2149522816,2,225,DR_TPAGE,31,,,,,,0,0,
slot5,0,1,703,2149522912,2,225,DR_TPAGE,5,,,,,,0,0,
slot5,0,1,704,2149522400,4,101,SPRT,5,52,0,6,12,16,0,0,
slot5,0,1,705,2149522348,4,101,SPRT,5,52,0,6,12,16,0,0,
slot5,0,1,706,2149522296,4,101,SPRT,5,4,0,6,12,16,0,0,
slot5,0,1,707,2149522244,4,101,SPRT,5,4,224,12,12,16,0,0,
slot5,0,1,708,2149522192,4,101,SPRT,5,204,12,12,12,204,0,0,
slot5,0,1,709,2149522140,4,101,SPRT,5,228,0,12,12,16,0,0,
slot5,0,1,710,2149522088,4,101,SPRT,5,0,120,12,12,22,0,0,
slot5,0,1,711,2149522036,4,101,SPRT,5,120,24,12,12,204,0,0,
slot5,0,1,712,2149247564,0,0,OTHER,5,,,,,,0,0,
slot5,0,1,713,2149247568,0,0,OTHER,5,,,,,,0,0,
slot6,0,1,0,2149514132,6,227,OTHER,,,,,,,0,0,
slot6,0,1,1,2149245528,0,0,OTHER,,,,,,,0,0,
slot6,0,1,2,2149245532,0,0,OTHER,,,,,,,0,0,
slot6,0,1,3,2149245536,0,0,OTHER,,,,,,,0,0,
slot6,0,1,4,2149245540,0,0,OTHER,,,,,,,0,0,
slot6,0,1,5,2149271796,9,44,FT4,7,96,64,32,32,,0,0,
slot6,0,1,6,2149271756,9,44,FT4,7,96,64,32,32,,0,0,
slot6,0,1,7,2149271716,9,44,FT4,7,32,64,32,32,,0,0,
slot6,0,1,8,2149271676,9,44,FT4,7,64,64,32,32,,0,0,
slot6,0,1,9,2149271636,9,44,FT4,7,96,64,32,32,,0,0,
slot6,0,1,10,2149271596,9,44,FT4,7,96,64,32,32,,0,0,
slot6,0,1,11,2149271556,9,44,FT4,7,32,64,32,32,,0,0,
slot6,0,1,12,2149271516,9,44,FT4,7,64,64,32,32,,0,0,
slot6,0,1,13,2149271476,9,44,FT4,7,96,64,32,32,,0,0,
slot6,0,1,14,2149271436,9,44,FT4,7,96,64,32,32,,0,0,
slot6,0,1,15,2149271396,9,44,FT4,7,32,64,32,32,,0,0,
slot6,0,1,16,2149271356,9,44,FT4,7,64,64,32,32,,0,0,
slot6,0,1,17,2149271276,9,44,FT4,6,32,160,32,32,,0,0,
slot6,0,1,18,2149271236,9,44,FT4,7,0,64,32,32,,0,0,
slot6,0,1,19,2149271196,9,44,FT4,7,64,64,32,32,,0,0,
slot6,0,1,20,2149271156,9,44,FT4,7,0,64,32,32,,0,0,
slot6,0,1,21,2149271116,9,44,FT4,6,0,160,32,32,,0,0,
slot6,0,1,22,2149271076,9,44,FT4,6,96,160,32,32,,0,0,
slot6,0,1,23,2149271036,9,44,FT4,6,64,160,32,32,,0,0,
slot6,0,1,24,2149270996,9,44,FT4,7,0,64,32,32,,0,0,
slot6,0,1,25,2149270956,9,44,FT4,7,0,64,32,32,,0,0,
slot6,0,1,26,2149270916,9,44,FT4,7,96,64,32,32,,0,0,
slot6,0,1,27,2149270876,9,44,FT4,7,64,64,32,32,,0,0,
slot6,0,1,28,2149270836,9,44,FT4,6,32,160,32,32,,0,0,
slot6,0,1,29,2149270756,9,44,FT4,6,32,128,32,32,,0,0,
slot6,0,1,30,2149270716,9,44,FT4,7,0,64,32,32,,0,0,
slot6,0,1,31,2149270676,9,44,FT4,7,64,64,32,32,,0,0,
slot6,0,1,32,2149270636,9,44,FT4,6,32,128,32,32,,0,0,
slot6,0,1,33,2149270596,9,44,FT4,6,0,128,32,32,,0,0,
slot6,0,1,34,2149270556,9,44,FT4,6,96,128,32,32,,0,0,
slot6,0,1,35,2149270516,9,44,FT4,6,64,128,32,32,,0,0,
slot6,0,1,36,2149270476,9,44,FT4,6,32,128,32,32,,0,0,
slot6,0,1,37,2149270436,9,44,FT4,6,0,128,32,32,,0,0,
slot6,0,1,38,2149270396,9,44,FT4,7,0,64,32,32,,0,0,
slot6,0,1,39,2149270356,9,44,FT4,6,64,128,32,32,,0,0,
slot6,0,1,40,2149270316,9,44,FT4,6,32,128,32,32,,0,0,
slot6,0,1,41,2149270236,9,44,FT4,6,32,224,32,32,,0,0,
slot6,0,1,42,2149270196,9,44,FT4,6,0,224,32,32,,0,0,
slot6,0,1,43,2149270156,9,44,FT4,6,0,128,32,32,,0,0,
slot6,0,1,44,2149270116,9,44,FT4,6,32,224,32,32,,0,0,
slot6,0,1,45,2149270076,9,44,FT4,6,128,0,32,32,,0,0,
slot6,0,1,46,2149270036,9,44,FT4,6,96,224,32,32,,0,0,
slot6,0,1,47,2149269996,9,44,FT4,6,64,224,32,32,,0,0,
slot6,0,1,48,2149269956,9,44,FT4,6,32,224,32,32,,0,0,
slot6,0,1,49,2149269916,9,44,FT4,6,0,224,32,32,,0,0,
slot6,0,1,50,2149269876,9,44,FT4,6,96,224,32,32,,0,0,
slot6,0,1,51,2149269836,9,44,FT4,6,64,224,32,32,,0,0,
slot6,0,1,52,2149269796,9,44,FT4,6,32,224,32,32,,0,0,
slot6,0,1,53,2149269716,9,44,FT4,7,0,64,32,32,,0,0,
slot6,0,1,54,2149269676,9,44,FT4,7,0,64,32,32,,0,0,
slot6,0,1,55,2149269636,9,44,FT4,6,96,128,32,32,,0,0,
slot6,0,1,56,2149269596,9,44,FT4,6,32,192,32,32,,0,0,
slot6,0,1,57,2149269556,9,44,FT4,6,0,192,32,32,,0,0,
slot6,0,1,58,2149269516,9,44,FT4,6,96,192,32,32,,0,0,
slot6,0,1,59,2149269476,9,44,FT4,6,64,192,32,32,,0,0,
slot6,0,1,60,2149269436,9,44,FT4,6,32,192,32,32,,0,0,
slot6,0,1,61,2149269396,9,44,FT4,6,0,192,32,32,,0,0,
slot6,0,1,62,2149269356,9,44,FT4,6,0,128,32,32,,0,0,
slot6,0,1,63,2149269316,9,44,FT4,6,32,128,32,32,,0,0,
slot6,0,1,64,2149269276,9,44,FT4,6,0,192,32,32,,0,0,
slot6,0,1,65,2149269196,9,44,FT4,7,0,64,32,32,,0,0,
slot6,0,1,66,2149269156,9,44,FT4,7,0,64,32,32,,0,0,
slot6,0,1,67,2149269116,9,44,FT4,7,64,64,32,32,,0,0,
slot6,0,1,68,2149269076,9,44,FT4,6,32,192,32,32,,0,0,
slot6,0,1,69,2149269036,9,44,FT4,6,0,160,32,32,,0,0,
slot6,0,1,70,2149268996,9,44,FT4,6,96,192,32,32,,0,0,
slot6,0,1,71,2149268956,9,44,FT4,6,64,160,32,32,,0,0,
slot6,0,1,72,2149268916,9,44,FT4,6,32,160,32,32,,0,0,
slot6,0,1,73,2149268876,9,44,FT4,6,0,160,32,32,,0,0,
slot6,0,1,74,2149268836,9,44,FT4,6,96,160,32,32,,0,0,
slot6,0,1,75,2149268796,9,44,FT4,6,64,160,32,32,,0,0,
slot6,0,1,76,2149268756,9,44,FT4,6,32,160,32,32,,0,0,
slot6,0,1,77,2149268676,9,44,FT4,7,0,64,32,32,,0,0,
slot6,0,1,78,2149268636,9,44,FT4,7,0,64,32,32,,0,0,
slot6,0,1,79,2149268596,9,44,FT4,7,64,64,32,32,,0,0,
slot6,0,1,80,2149268556,9,44,FT4,7,0,64,32,32,,0,0,
slot6,0,1,81,2149268516,9,44,FT4,6,0,128,32,32,,0,0,
slot6,0,1,82,2149268476,9,44,FT4,6,96,160,32,32,,0,0,
slot6,0,1,83,2149268436,9,44,FT4,6,64,128,32,32,,0,0,
slot6,0,1,84,2149268396,9,44,FT4,6,32,128,32,32,,0,0,
slot6,0,1,85,2149268356,9,44,FT4,6,0,128,32,32,,0,0,
slot6,0,1,86,2149268316,9,44,FT4,6,96,128,32,32,,0,0,
slot6,0,1,87,2149268276,9,44,FT4,6,64,128,32,32,,0,0,
slot6,0,1,88,2149268236,9,44,FT4,6,32,128,32,32,,0,0,
slot6,0,1,89,2149268156,9,44,FT4,7,96,64,32,32,,0,0,
slot6,0,1,90,2149268116,9,44,FT4,7,0,64,32,32,,0,0,
slot6,0,1,91,2149268076,9,44,FT4,7,64,64,32,32,,0,0,
slot6,0,1,92,2149268036,9,44,FT4,7,0,64,32,32,,0,0,
slot6,0,1,93,2149267996,9,44,FT4,6,32,224,32,32,,0,0,
slot6,0,1,94,2149267956,9,44,FT4,6,96,224,32,32,,0,0,
slot6,0,1,95,2149267916,9,44,FT4,6,64,224,32,32,,0,0,
slot6,0,1,96,2149267876,9,44,FT4,6,0,192,32,32,,0,0,
slot6,0,1,97,2149267836,9,44,FT4,7,0,64,32,32,,0,0,
slot6,0,1,98,2149267796,9,44,FT4,7,0,64,32,32,,0,0,
slot6,0,1,99,2149267756,9,44,FT4,7,64,64,32,32,,0,0,
slot6,0,1,100,2149267716,9,44,FT4,6,32,192,32,32,,0,0,
slot6,0,1,101,2149267636,9,44,FT4,7,0,64,32,32,,0,0,
slot6,0,1,102,2149267596,9,44,FT4,7,0,64,32,32,,0,0,
slot6,0,1,103,2149267556,9,44,FT4,7,64,64,32,32,,0,0,
slot6,0,1,104,2149267516,9,44,FT4,6,64,192,32,32,,0,0,
slot6,0,1,105,2149267476,9,44,FT4,6,32,192,32,32,,0,0,
slot6,0,1,106,2149267436,9,44,FT4,6,96,192,32,32,,0,0,
slot6,0,1,107,2149267396,9,44,FT4,6,64,192,32,32,,0,0,
slot6,0,1,108,2149267356,9,44,FT4,6,0,160,32,32,,0,0,
slot6,0,1,109,2149267316,9,44,FT4,7,0,64,32,32,,0,0,
slot6,0,1,110,2149267276,9,44,FT4,7,32,0,32,32,,0,0,
slot6,0,1,111,2149267236,9,44,FT4,7,64,64,32,32,,0,0,
slot6,0,1,112,2149267196,9,44,FT4,6,32,160,32,32,,0,0,
slot6,0,1,113,2149245544,0,0,OTHER,,,,,,,0,0,
slot6,0,1,114,2149245548,0,0,OTHER,,,,,,,0,0,
slot6,0,1,115,2149245552,0,0,OTHER,,,,,,,0,0,
slot6,0,1,116,2149245556,0,0,OTHER,,,,,,,0,0,
slot6,0,1,117,2149245560,0,0,OTHER,,,,,,,0,0,
slot6,0,1,118,2149245564,0,0,OTHER,,,,,,,0,0,
slot6,0,1,119,2149245568,0,0,OTHER,,,,,,,0,0,
slot6,0,1,120,2149245572,0,0,OTHER,,,,,,,0,0,
slot6,0,1,121,2149245576,0,0,OTHER,,,,,,,0,0,
slot6,0,1,122,2149245580,0,0,OTHER,,,,,,,0,0,
slot6,0,1,123,2149245584,0,0,OTHER,,,,,,,0,0,
slot6,0,1,124,2149245588,0,0,OTHER,,,,,,,0,0,
slot6,0,1,125,2149245592,0,0,OTHER,,,,,,,0,0,
slot6,0,1,126,2149245596,0,0,OTHER,,,,,,,0,0,
slot6,0,1,127,2149245600,0,0,OTHER,,,,,,,0,0,
slot6,0,1,128,2149245604,0,0,OTHER,,,,,,,0,0,
slot6,0,1,129,2149245608,0,0,OTHER,,,,,,,0,0,
slot6,0,1,130,2149245612,0,0,OTHER,,,,,,,0,0,
slot6,0,1,131,2149245616,0,0,OTHER,,,,,,,0,0,
slot6,0,1,132,2149245620,0,0,OTHER,,,,,,,0,0,
slot6,0,1,133,2149245624,0,0,OTHER,,,,,,,0,0,
slot6,0,1,134,2149245628,0,0,OTHER,,,,,,,0,0,
slot6,0,1,135,2149245632,0,0,OTHER,,,,,,,0,0,
slot6,0,1,136,2149245636,0,0,OTHER,,,,,,,0,0,
slot6,0,1,137,2149245640,0,0,OTHER,,,,,,,0,0,
slot6,0,1,138,2149245644,0,0,OTHER,,,,,,,0,0,
slot6,0,1,139,2149245648,0,0,OTHER,,,,,,,0,0,
slot6,0,1,140,2149245652,0,0,OTHER,,,,,,,0,0,
slot6,0,1,141,2149245656,0,0,OTHER,,,,,,,0,0,
slot6,0,1,142,2149245660,0,0,OTHER,,,,,,,0,0,
slot6,0,1,143,2149245664,0,0,OTHER,,,,,,,0,0,
slot6,0,1,144,2149245668,0,0,OTHER,,,,,,,0,0,
slot6,0,1,145,2149245672,0,0,OTHER,,,,,,,0,0,
slot6,0,1,146,2149245676,0,0,OTHER,,,,,,,0,0,
slot6,0,1,147,2149245680,0,0,OTHER,,,,,,,0,0,
slot6,0,1,148,2149245684,0,0,OTHER,,,,,,,0,0,
slot6,0,1,149,2149245688,0,0,OTHER,,,,,,,0,0,
slot6,0,1,150,2149245692,0,0,OTHER,,,,,,,0,0,
slot6,0,1,151,2149245696,0,0,OTHER,,,,,,,0,0,
slot6,0,1,152,2149245700,0,0,OTHER,,,,,,,0,0,
slot6,0,1,153,2149245704,0,0,OTHER,,,,,,,0,0,
slot6,0,1,154,2149245708,0,0,OTHER,,,,,,,0,0,
slot6,0,1,155,2149245712,0,0,OTHER,,,,,,,0,0,
slot6,0,1,156,2149245716,0,0,OTHER,,,,,,,0,0,
slot6,0,1,157,2149245720,0,0,OTHER,,,,,,,0,0,
slot6,0,1,158,2149245724,0,0,OTHER,,,,,,,0,0,
slot6,0,1,159,2149245728,0,0,OTHER,,,,,,,0,0,
slot6,0,1,160,2149245732,0,0,OTHER,,,,,,,0,0,
slot6,0,1,161,2149245736,0,0,OTHER,,,,,,,0,0,
slot6,0,1,162,2149245740,0,0,OTHER,,,,,,,0,0,
slot6,0,1,163,2149245744,0,0,OTHER,,,,,,,0,0,
slot6,0,1,164,2149245748,0,0,OTHER,,,,,,,0,0,
slot6,0,1,165,2149245752,0,0,OTHER,,,,,,,0,0,
slot6,0,1,166,2149245756,0,0,OTHER,,,,,,,0,0,
slot6,0,1,167,2149245760,0,0,OTHER,,,,,,,0,0,
slot6,0,1,168,2149245764,0,0,OTHER,,,,,,,0,0,
slot6,0,1,169,2149245768,0,0,OTHER,,,,,,,0,0,
slot6,0,1,170,2149245772,0,0,OTHER,,,,,,,0,0,
slot6,0,1,171,2149245776,0,0,OTHER,,,,,,,0,0,
slot6,0,1,172,2149245780,0,0,OTHER,,,,,,,0,0,
slot6,0,1,173,2149245784,0,0,OTHER,,,,,,,0,0,
slot6,0,1,174,2149245788,0,0,OTHER,,,,,,,0,0,
slot6,0,1,175,2149245792,0,0,OTHER,,,,,,,0,0,
slot6,0,1,176,2149245796,0,0,OTHER,,,,,,,0,0,
slot6,0,1,177,2149245800,0,0,OTHER,,,,,,,0,0,
slot6,0,1,178,2149245804,0,0,OTHER,,,,,,,0,0,
slot6,0,1,179,2149245808,0,0,OTHER,,,,,,,0,0,
slot6,0,1,180,2149245812,0,0,OTHER,,,,,,,0,0,
slot6,0,1,181,2149245816,0,0,OTHER,,,,,,,0,0,
slot6,0,1,182,2149245820,0,0,OTHER,,,,,,,0,0,
slot6,0,1,183,2149245824,0,0,OTHER,,,,,,,0,0,
slot6,0,1,184,2149245828,0,0,OTHER,,,,,,,0,0,
slot6,0,1,185,2149245832,0,0,OTHER,,,,,,,0,0,
slot6,0,1,186,2149245836,0,0,OTHER,,,,,,,0,0,
slot6,0,1,187,2149245840,0,0,OTHER,,,,,,,0,0,
slot6,0,1,188,2149245844,0,0,OTHER,,,,,,,0,0,
slot6,0,1,189,2149245848,0,0,OTHER,,,,,,,0,0,
slot6,0,1,190,2149245852,0,0,OTHER,,,,,,,0,0,
slot6,0,1,191,2149245856,0,0,OTHER,,,,,,,0,0,
slot6,0,1,192,2149245860,0,0,OTHER,,,,,,,0,0,
slot6,0,1,193,2149245864,0,0,OTHER,,,,,,,0,0,
slot6,0,1,194,2149245868,0,0,OTHER,,,,,,,0,0,
slot6,0,1,195,2149245872,0,0,OTHER,,,,,,,0,0,
slot6,0,1,196,2149245876,0,0,OTHER,,,,,,,0,0,
slot6,0,1,197,2149245880,0,0,OTHER,,,,,,,0,0,
slot6,0,1,198,2149245884,0,0,OTHER,,,,,,,0,0,
slot6,0,1,199,2149245888,0,0,OTHER,,,,,,,0,0,
slot6,0,1,200,2149245892,0,0,OTHER,,,,,,,0,0,
slot6,0,1,201,2149245896,0,0,OTHER,,,,,,,0,0,
slot6,0,1,202,2149245900,0,0,OTHER,,,,,,,0,0,
slot6,0,1,203,2149245904,0,0,OTHER,,,,,,,0,0,
slot6,0,1,204,2149245908,0,0,OTHER,,,,,,,0,0,
slot6,0,1,205,2149245912,0,0,OTHER,,,,,,,0,0,
slot6,0,1,206,2149245916,0,0,OTHER,,,,,,,0,0,
slot6,0,1,207,2149245920,0,0,OTHER,,,,,,,0,0,
slot6,0,1,208,2149245924,0,0,OTHER,,,,,,,0,0,
slot6,0,1,209,2149245928,0,0,OTHER,,,,,,,0,0,
slot6,0,1,210,2149245932,0,0,OTHER,,,,,,,0,0,
slot6,0,1,211,2149245936,0,0,OTHER,,,,,,,0,0,
slot6,0,1,212,2149245940,0,0,OTHER,,,,,,,0,0,
slot6,0,1,213,2149245944,0,0,OTHER,,,,,,,0,0,
slot6,0,1,214,2149245948,0,0,OTHER,,,,,,,0,0,
slot6,0,1,215,2149245952,0,0,OTHER,,,,,,,0,0,
slot6,0,1,216,2149245956,0,0,OTHER,,,,,,,0,0,
slot6,0,1,217,2149245960,0,0,OTHER,,,,,,,0,0,
slot6,0,1,218,2149245964,0,0,OTHER,,,,,,,0,0,
slot6,0,1,219,2149245968,0,0,OTHER,,,,,,,0,0,
slot6,0,1,220,2149245972,0,0,OTHER,,,,,,,0,0,
slot6,0,1,221,2149245976,0,0,OTHER,,,,,,,0,0,
slot6,0,1,222,2149245980,0,0,OTHER,,,,,,,0,0,
slot6,0,1,223,2149245984,0,0,OTHER,,,,,,,0,0,
slot6,0,1,224,2149245988,0,0,OTHER,,,,,,,0,0,
slot6,0,1,225,2149245992,0,0,OTHER,,,,,,,0,0,
slot6,0,1,226,2149245996,0,0,OTHER,,,,,,,0,0,
slot6,0,1,227,2149246000,0,0,OTHER,,,,,,,0,0,
slot6,0,1,228,2149246004,0,0,OTHER,,,,,,,0,0,
slot6,0,1,229,2149246008,0,0,OTHER,,,,,,,0,0,
slot6,0,1,230,2149246012,0,0,OTHER,,,,,,,0,0,
slot6,0,1,231,2149246016,0,0,OTHER,,,,,,,0,0,
slot6,0,1,232,2149246020,0,0,OTHER,,,,,,,0,0,
slot6,0,1,233,2149246024,0,0,OTHER,,,,,,,0,0,
slot6,0,1,234,2149246028,0,0,OTHER,,,,,,,0,0,
slot6,0,1,235,2149246032,0,0,OTHER,,,,,,,0,0,
slot6,0,1,236,2149246036,0,0,OTHER,,,,,,,0,0,
slot6,0,1,237,2149246040,0,0,OTHER,,,,,,,0,0,
slot6,0,1,238,2149246044,0,0,OTHER,,,,,,,0,0,
slot6,0,1,239,2149246048,0,0,OTHER,,,,,,,0,0,
slot6,0,1,240,2149246052,0,0,OTHER,,,,,,,0,0,
slot6,0,1,241,2149246056,0,0,OTHER,,,,,,,0,0,
slot6,0,1,242,2149246060,0,0,OTHER,,,,,,,0,0,
slot6,0,1,243,2149246064,0,0,OTHER,,,,,,,0,0,
slot6,0,1,244,2149246068,0,0,OTHER,,,,,,,0,0,
slot6,0,1,245,2149246072,0,0,OTHER,,,,,,,0,0,
slot6,0,1,246,2149246076,0,0,OTHER,,,,,,,0,0,
slot6,0,1,247,2149246080,0,0,OTHER,,,,,,,0,0,
slot6,0,1,248,2149246084,0,0,OTHER,,,,,,,0,0,
slot6,0,1,249,2149246088,0,0,OTHER,,,,,,,0,0,
slot6,0,1,250,2149246092,0,0,OTHER,,,,,,,0,0,
slot6,0,1,251,2149246096,0,0,OTHER,,,,,,,0,0,
slot6,0,1,252,2149246100,0,0,OTHER,,,,,,,0,0,
slot6,0,1,253,2149246104,0,0,OTHER,,,,,,,0,0,
slot6,0,1,254,2149246108,0,0,OTHER,,,,,,,0,0,
slot6,0,1,255,2149246112,0,0,OTHER,,,,,,,0,0,
slot6,0,1,256,2149246116,0,0,OTHER,,,,,,,0,0,
slot6,0,1,257,2149246120,0,0,OTHER,,,,,,,0,0,
slot6,0,1,258,2149246124,0,0,OTHER,,,,,,,0,0,
slot6,0,1,259,2149246128,0,0,OTHER,,,,,,,0,0,
slot6,0,1,260,2149246132,0,0,OTHER,,,,,,,0,0,
slot6,0,1,261,2149246136,0,0,OTHER,,,,,,,0,0,
slot6,0,1,262,2149246140,0,0,OTHER,,,,,,,0,0,
slot6,0,1,263,2149246144,0,0,OTHER,,,,,,,0,0,
slot6,0,1,264,2149246148,0,0,OTHER,,,,,,,0,0,
slot6,0,1,265,2149246152,0,0,OTHER,,,,,,,0,0,
slot6,0,1,266,2149246156,0,0,OTHER,,,,,,,0,0,
slot6,0,1,267,2149246160,0,0,OTHER,,,,,,,0,0,
slot6,0,1,268,2149246164,0,0,OTHER,,,,,,,0,0,
slot6,0,1,269,2149246168,0,0,OTHER,,,,,,,0,0,
slot6,0,1,270,2149246172,0,0,OTHER,,,,,,,0,0,
slot6,0,1,271,2149246176,0,0,OTHER,,,,,,,0,0,
slot6,0,1,272,2149246180,0,0,OTHER,,,,,,,0,0,
slot6,0,1,273,2149246184,0,0,OTHER,,,,,,,0,0,
slot6,0,1,274,2149246188,0,0,OTHER,,,,,,,0,0,
slot6,0,1,275,2149246192,0,0,OTHER,,,,,,,0,0,
slot6,0,1,276,2149246196,0,0,OTHER,,,,,,,0,0,
slot6,0,1,277,2149246200,0,0,OTHER,,,,,,,0,0,
slot6,0,1,278,2149246204,0,0,OTHER,,,,,,,0,0,
slot6,0,1,279,2149246208,0,0,OTHER,,,,,,,0,0,
slot6,0,1,280,2149246212,0,0,OTHER,,,,,,,0,0,
slot6,0,1,281,2149246216,0,0,OTHER,,,,,,,0,0,
slot6,0,1,282,2149246220,0,0,OTHER,,,,,,,0,0,
slot6,0,1,283,2149246224,0,0,OTHER,,,,,,,0,0,
slot6,0,1,284,2149246228,0,0,OTHER,,,,,,,0,0,
slot6,0,1,285,2149246232,0,0,OTHER,,,,,,,0,0,
slot6,0,1,286,2149246236,0,0,OTHER,,,,,,,0,0,
slot6,0,1,287,2149246240,0,0,OTHER,,,,,,,0,0,
slot6,0,1,288,2149246244,0,0,OTHER,,,,,,,0,0,
slot6,0,1,289,2149246248,0,0,OTHER,,,,,,,0,0,
slot6,0,1,290,2149246252,0,0,OTHER,,,,,,,0,0,
slot6,0,1,291,2149246256,0,0,OTHER,,,,,,,0,0,
slot6,0,1,292,2149246260,0,0,OTHER,,,,,,,0,0,
slot6,0,1,293,2149246264,0,0,OTHER,,,,,,,0,0,
slot6,0,1,294,2149246268,0,0,OTHER,,,,,,,0,0,
slot6,0,1,295,2149246272,0,0,OTHER,,,,,,,0,0,
slot6,0,1,296,2149246276,0,0,OTHER,,,,,,,0,0,
slot6,0,1,297,2149246280,0,0,OTHER,,,,,,,0,0,
slot6,0,1,298,2149246284,0,0,OTHER,,,,,,,0,0,
slot6,0,1,299,2149246288,0,0,OTHER,,,,,,,0,0,
slot6,0,1,300,2149246292,0,0,OTHER,,,,,,,0,0,
slot6,0,1,301,2149246296,0,0,OTHER,,,,,,,0,0,
slot6,0,1,302,2149246300,0,0,OTHER,,,,,,,0,0,
slot6,0,1,303,2149246304,0,0,OTHER,,,,,,,0,0,
slot6,0,1,304,2149246308,0,0,OTHER,,,,,,,0,0,
slot6,0,1,305,2149246312,0,0,OTHER,,,,,,,0,0,
slot6,0,1,306,2149246316,0,0,OTHER,,,,,,,0,0,
slot6,0,1,307,2149246320,0,0,OTHER,,,,,,,0,0,
slot6,0,1,308,2149246324,0,0,OTHER,,,,,,,0,0,
slot6,0,1,309,2149246328,0,0,OTHER,,,,,,,0,0,
slot6,0,1,310,2149246332,0,0,OTHER,,,,,,,0,0,
slot6,0,1,311,2149246336,0,0,OTHER,,,,,,,0,0,
slot6,0,1,312,2149246340,0,0,OTHER,,,,,,,0,0,
slot6,0,1,313,2149246344,0,0,OTHER,,,,,,,0,0,
slot6,0,1,314,2149246348,0,0,OTHER,,,,,,,0,0,
slot6,0,1,315,2149246352,0,0,OTHER,,,,,,,0,0,
slot6,0,1,316,2149246356,0,0,OTHER,,,,,,,0,0,
slot6,0,1,317,2149246360,0,0,OTHER,,,,,,,0,0,
slot6,0,1,318,2149246364,0,0,OTHER,,,,,,,0,0,
slot6,0,1,319,2149246368,0,0,OTHER,,,,,,,0,0,
slot6,0,1,320,2149246372,0,0,OTHER,,,,,,,0,0,
slot6,0,1,321,2149246376,0,0,OTHER,,,,,,,0,0,
slot6,0,1,322,2149246380,0,0,OTHER,,,,,,,0,0,
slot6,0,1,323,2149246384,0,0,OTHER,,,,,,,0,0,
slot6,0,1,324,2149246388,0,0,OTHER,,,,,,,0,0,
slot6,0,1,325,2149246392,0,0,OTHER,,,,,,,0,0,
slot6,0,1,326,2149246396,0,0,OTHER,,,,,,,0,0,
slot6,0,1,327,2149246400,0,0,OTHER,,,,,,,0,0,
slot6,0,1,328,2149246404,0,0,OTHER,,,,,,,0,0,
slot6,0,1,329,2149246408,0,0,OTHER,,,,,,,0,0,
slot6,0,1,330,2149246412,0,0,OTHER,,,,,,,0,0,
slot6,0,1,331,2149246416,0,0,OTHER,,,,,,,0,0,
slot6,0,1,332,2149246420,0,0,OTHER,,,,,,,0,0,
slot6,0,1,333,2149246424,0,0,OTHER,,,,,,,0,0,
slot6,0,1,334,2149246428,0,0,OTHER,,,,,,,0,0,
slot6,0,1,335,2149246432,0,0,OTHER,,,,,,,0,0,
slot6,0,1,336,2149246436,0,0,OTHER,,,,,,,0,0,
slot6,0,1,337,2149246440,0,0,OTHER,,,,,,,0,0,
slot6,0,1,338,2149246444,0,0,OTHER,,,,,,,0,0,
slot6,0,1,339,2149246448,0,0,OTHER,,,,,,,0,0,
slot6,0,1,340,2149246452,0,0,OTHER,,,,,,,0,0,
slot6,0,1,341,2149246456,0,0,OTHER,,,,,,,0,0,
slot6,0,1,342,2149246460,0,0,OTHER,,,,,,,0,0,
slot6,0,1,343,2149246464,0,0,OTHER,,,,,,,0,0,
slot6,0,1,344,2149246468,0,0,OTHER,,,,,,,0,0,
slot6,0,1,345,2149246472,0,0,OTHER,,,,,,,0,0,
slot6,0,1,346,2149246476,0,0,OTHER,,,,,,,0,0,
slot6,0,1,347,2149246480,0,0,OTHER,,,,,,,0,0,
slot6,0,1,348,2149246484,0,0,OTHER,,,,,,,0,0,
slot6,0,1,349,2149246488,0,0,OTHER,,,,,,,0,0,
slot6,0,1,350,2149246492,0,0,OTHER,,,,,,,0,0,
slot6,0,1,351,2149246496,0,0,OTHER,,,,,,,0,0,
slot6,0,1,352,2149246500,0,0,OTHER,,,,,,,0,0,
slot6,0,1,353,2149246504,0,0,OTHER,,,,,,,0,0,
slot6,0,1,354,2149246508,0,0,OTHER,,,,,,,0,0,
slot6,0,1,355,2149246512,0,0,OTHER,,,,,,,0,0,
slot6,0,1,356,2149246516,0,0,OTHER,,,,,,,0,0,
slot6,0,1,357,2149246520,0,0,OTHER,,,,,,,0,0,
slot6,0,1,358,2149246524,0,0,OTHER,,,,,,,0,0,
slot6,0,1,359,2149246528,0,0,OTHER,,,,,,,0,0,
slot6,0,1,360,2149246532,0,0,OTHER,,,,,,,0,0,
slot6,0,1,361,2149246536,0,0,OTHER,,,,,,,0,0,
slot6,0,1,362,2149246540,0,0,OTHER,,,,,,,0,0,
slot6,0,1,363,2149246544,0,0,OTHER,,,,,,,0,0,
slot6,0,1,364,2149246548,0,0,OTHER,,,,,,,0,0,
slot6,0,1,365,2149415892,9,44,FT4,5,0,224,16,16,,0,0,
slot6,0,1,366,2149415852,9,44,FT4,5,8,224,16,16,,0,0,
slot6,0,1,367,2149246552,0,0,OTHER,,,,,,,0,0,
slot6,0,1,368,2149246556,0,0,OTHER,,,,,,,0,0,
slot6,0,1,369,2149246560,0,0,OTHER,,,,,,,0,0,
slot6,0,1,370,2149246564,0,0,OTHER,,,,,,,0,0,
slot6,0,1,371,2149246568,0,0,OTHER,,,,,,,0,0,
slot6,0,1,372,2149246572,0,0,OTHER,,,,,,,0,0,
slot6,0,1,373,2149246576,0,0,OTHER,,,,,,,0,0,
slot6,0,1,374,2149246580,0,0,OTHER,,,,,,,0,0,
slot6,0,1,375,2149246584,0,0,OTHER,,,,,,,0,0,
slot6,0,1,376,2149246588,0,0,OTHER,,,,,,,0,0,
slot6,0,1,377,2149246592,0,0,OTHER,,,,,,,0,0,
slot6,0,1,378,2149246596,0,0,OTHER,,,,,,,0,0,
slot6,0,1,379,2149246600,0,0,OTHER,,,,,,,0,0,
slot6,0,1,380,2149246604,0,0,OTHER,,,,,,,0,0,
slot6,0,1,381,2149246608,0,0,OTHER,,,,,,,0,0,
slot6,0,1,382,2149246612,0,0,OTHER,,,,,,,0,0,
slot6,0,1,383,2149428372,9,46,FT4,15,0,64,32,32,,0,0,
slot6,0,1,384,2149428332,9,46,FT4,15,72,64,8,8,,0,0,
slot6,0,1,385,2149428292,9,46,FT4,15,0,64,32,32,,0,0,
slot6,0,1,386,2149246616,0,0,OTHER,,,,,,,0,0,
slot6,0,1,387,2149246620,0,0,OTHER,,,,,,,0,0,
slot6,0,1,388,2149246624,0,0,OTHER,,,,,,,0,0,
slot6,0,1,389,2149246628,0,0,OTHER,,,,,,,0,0,
slot6,0,1,390,2149246632,0,0,OTHER,,,,,,,0,0,
slot6,0,1,391,2149246636,0,0,OTHER,,,,,,,0,0,
slot6,0,1,392,2149246640,0,0,OTHER,,,,,,,0,0,
slot6,0,1,393,2149246644,0,0,OTHER,,,,,,,0,0,
slot6,0,1,394,2149246648,0,0,OTHER,,,,,,,0,0,
slot6,0,1,395,2149246652,0,0,OTHER,,,,,,,0,0,
slot6,0,1,396,2149246656,0,0,OTHER,,,,,,,0,0,
slot6,0,1,397,2149246660,0,0,OTHER,,,,,,,0,0,
slot6,0,1,398,2149246664,0,0,OTHER,,,,,,,0,0,
slot6,0,1,399,2149246668,0,0,OTHER,,,,,,,0,0,
slot6,0,1,400,2149246672,0,0,OTHER,,,,,,,0,0,
slot6,0,1,401,2149246676,0,0,OTHER,,,,,,,0,0,
slot6,0,1,402,2149246680,0,0,OTHER,,,,,,,0,0,
slot6,0,1,403,2149246684,0,0,OTHER,,,,,,,0,0,
slot6,0,1,404,2149246688,0,0,OTHER,,,,,,,0,0,
slot6,0,1,405,2149246692,0,0,OTHER,,,,,,,0,0,
slot6,0,1,406,2149246696,0,0,OTHER,,,,,,,0,0,
slot6,0,1,407,2149246700,0,0,OTHER,,,,,,,0,0,
slot6,0,1,408,2149246704,0,0,OTHER,,,,,,,0,0,
slot6,0,1,409,2149246708,0,0,OTHER,,,,,,,0,0,
slot6,0,1,410,2149246712,0,0,OTHER,,,,,,,0,0,
slot6,0,1,411,2149246716,0,0,OTHER,,,,,,,0,0,
slot6,0,1,412,2149246720,0,0,OTHER,,,,,,,0,0,
slot6,0,1,413,2149246724,0,0,OTHER,,,,,,,0,0,
slot6,0,1,414,2149246728,0,0,OTHER,,,,,,,0,0,
slot6,0,1,415,2149246732,0,0,OTHER,,,,,,,0,0,
slot6,0,1,416,2149246736,0,0,OTHER,,,,,,,0,0,
slot6,0,1,417,2149246740,0,0,OTHER,,,,,,,0,0,
slot6,0,1,418,2149246744,0,0,OTHER,,,,,,,0,0,
slot6,0,1,419,2149246748,0,0,OTHER,,,,,,,0,0,
slot6,0,1,420,2149246752,0,0,OTHER,,,,,,,0,0,
slot6,0,1,421,2149246756,0,0,OTHER,,,,,,,0,0,
slot6,0,1,422,2149246760,0,0,OTHER,,,,,,,0,0,
slot6,0,1,423,2149246764,0,0,OTHER,,,,,,,0,0,
slot6,0,1,424,2149246768,0,0,OTHER,,,,,,,0,0,
slot6,0,1,425,2149246772,0,0,OTHER,,,,,,,0,0,
slot6,0,1,426,2149246776,0,0,OTHER,,,,,,,0,0,
slot6,0,1,427,2149246780,0,0,OTHER,,,,,,,0,0,
slot6,0,1,428,2149246784,0,0,OTHER,,,,,,,0,0,
slot6,0,1,429,2149246788,0,0,OTHER,,,,,,,0,0,
slot6,0,1,430,2149246792,0,0,OTHER,,,,,,,0,0,
slot6,0,1,431,2149246796,0,0,OTHER,,,,,,,0,0,
slot6,0,1,432,2149246800,0,0,OTHER,,,,,,,0,0,
slot6,0,1,433,2149246804,0,0,OTHER,,,,,,,0,0,
slot6,0,1,434,2149246808,0,0,OTHER,,,,,,,0,0,
slot6,0,1,435,2149246812,0,0,OTHER,,,,,,,0,0,
slot6,0,1,436,2149246816,0,0,OTHER,,,,,,,0,0,
slot6,0,1,437,2149246820,0,0,OTHER,,,,,,,0,0,
slot6,0,1,438,2149246824,0,0,OTHER,,,,,,,0,0,
slot6,0,1,439,2149246828,0,0,OTHER,,,,,,,0,0,
slot6,0,1,440,2149246832,0,0,OTHER,,,,,,,0,0,
slot6,0,1,441,2149246836,0,0,OTHER,,,,,,,0,0,
slot6,0,1,442,2149246840,0,0,OTHER,,,,,,,0,0,
slot6,0,1,443,2149246844,0,0,OTHER,,,,,,,0,0,
slot6,0,1,444,2149246848,0,0,OTHER,,,,,,,0,0,
slot6,0,1,445,2149246852,0,0,OTHER,,,,,,,0,0,
slot6,0,1,446,2149246856,0,0,OTHER,,,,,,,0,0,
slot6,0,1,447,2149246860,0,0,OTHER,,,,,,,0,0,
slot6,0,1,448,2149246864,0,0,OTHER,,,,,,,0,0,
slot6,0,1,449,2149246868,0,0,OTHER,,,,,,,0,0,
slot6,0,1,450,2149430292,9,46,FT4,31,64,0,32,32,,0,0,
slot6,0,1,451,2149430252,9,46,FT4,15,64,144,8,8,,0,0,
slot6,0,1,452,2149430212,9,46,FT4,31,64,0,32,32,,0,0,
slot6,0,1,453,2149246872,0,0,OTHER,,,,,,,0,0,
slot6,0,1,454,2149246876,0,0,OTHER,,,,,,,0,0,
slot6,0,1,455,2149246880,0,0,OTHER,,,,,,,0,0,
slot6,0,1,456,2149246884,0,0,OTHER,,,,,,,0,0,
slot6,0,1,457,2149246888,0,0,OTHER,,,,,,,0,0,
slot6,0,1,458,2149246892,0,0,OTHER,,,,,,,0,0,
slot6,0,1,459,2149246896,0,0,OTHER,,,,,,,0,0,
slot6,0,1,460,2149246900,0,0,OTHER,,,,,,,0,0,
slot6,0,1,461,2149246904,0,0,OTHER,,,,,,,0,0,
slot6,0,1,462,2149246908,0,0,OTHER,,,,,,,0,0,
slot6,0,1,463,2149246912,0,0,OTHER,,,,,,,0,0,
slot6,0,1,464,2149246916,0,0,OTHER,,,,,,,0,0,
slot6,0,1,465,2149246920,0,0,OTHER,,,,,,,0,0,
slot6,0,1,466,2149246924,0,0,OTHER,,,,,,,0,0,
slot6,0,1,467,2149246928,0,0,OTHER,,,,,,,0,0,
slot6,0,1,468,2149246932,0,0,OTHER,,,,,,,0,0,
slot6,0,1,469,2149246936,0,0,OTHER,,,,,,,0,0,
slot6,0,1,470,2149246940,0,0,OTHER,,,,,,,0,0,
slot6,0,1,471,2149246944,0,0,OTHER,,,,,,,0,0,
slot6,0,1,472,2149246948,0,0,OTHER,,,,,,,0,0,
slot6,0,1,473,2149246952,0,0,OTHER,,,,,,,0,0,
slot6,0,1,474,2149246956,0,0,OTHER,,,,,,,0,0,
slot6,0,1,475,2149246960,0,0,OTHER,,,,,,,0,0,
slot6,0,1,476,2149246964,0,0,OTHER,,,,,,,0,0,
slot6,0,1,477,2149246968,0,0,OTHER,,,,,,,0,0,
slot6,0,1,478,2149246972,0,0,OTHER,,,,,,,0,0,
slot6,0,1,479,2149246976,0,0,OTHER,,,,,,,0,0,
slot6,0,1,480,2149246980,0,0,OTHER,,,,,,,0,0,
slot6,0,1,481,2149246984,0,0,OTHER,,,,,,,0,0,
slot6,0,1,482,2149246988,0,0,OTHER,,,,,,,0,0,
slot6,0,1,483,2149246992,0,0,OTHER,,,,,,,0,0,
slot6,0,1,484,2149246996,0,0,OTHER,,,,,,,0,0,
slot6,0,1,485,2149431252,9,46,FT4,15,32,160,32,32,,0,0,
slot6,0,1,486,2149431212,9,46,FT4,15,64,160,8,8,,0,0,
slot6,0,1,487,2149431172,9,46,FT4,15,32,160,32,32,,0,0,
slot6,0,1,488,2149247000,0,0,OTHER,,,,,,,0,0,
slot6,0,1,489,2149247004,0,0,OTHER,,,,,,,0,0,
slot6,0,1,490,2149247008,0,0,OTHER,,,,,,,0,0,
slot6,0,1,491,2149247012,0,0,OTHER,,,,,,,0,0,
slot6,0,1,492,2149247016,0,0,OTHER,,,,,,,0,0,
slot6,0,1,493,2149247020,0,0,OTHER,,,,,,,0,0,
slot6,0,1,494,2149247024,0,0,OTHER,,,,,,,0,0,
slot6,0,1,495,2149247028,0,0,OTHER,,,,,,,0,0,
slot6,0,1,496,2149247032,0,0,OTHER,,,,,,,0,0,
slot6,0,1,497,2149247036,0,0,OTHER,,,,,,,0,0,
slot6,0,1,498,2149247040,0,0,OTHER,,,,,,,0,0,
slot6,0,1,499,2149247044,0,0,OTHER,,,,,,,0,0,
slot6,0,1,500,2149247048,0,0,OTHER,,,,,,,0,0,
slot6,0,1,501,2149247052,0,0,OTHER,,,,,,,0,0,
slot6,0,1,502,2149247056,0,0,OTHER,,,,,,,0,0,
slot6,0,1,503,2149247060,0,0,OTHER,,,,,,,0,0,
slot6,0,1,504,2149247064,0,0,OTHER,,,,,,,0,0,
slot6,0,1,505,2149247068,0,0,OTHER,,,,,,,0,0,
slot6,0,1,506,2149247072,0,0,OTHER,,,,,,,0,0,
slot6,0,1,507,2149247076,0,0,OTHER,,,,,,,0,0,
slot6,0,1,508,2149247080,0,0,OTHER,,,,,,,0,0,
slot6,0,1,509,2149247084,0,0,OTHER,,,,,,,0,0,
slot6,0,1,510,2149247088,0,0,OTHER,,,,,,,0,0,
slot6,0,1,511,2149247092,0,0,OTHER,,,,,,,0,0,
slot6,0,1,512,2149247096,0,0,OTHER,,,,,,,0,0,
slot6,0,1,513,2149247100,0,0,OTHER,,,,,,,0,0,
slot6,0,1,514,2149247104,0,0,OTHER,,,,,,,0,0,
slot6,0,1,515,2149247108,0,0,OTHER,,,,,,,0,0,
slot6,0,1,516,2149247112,0,0,OTHER,,,,,,,0,0,
slot6,0,1,517,2149247116,0,0,OTHER,,,,,,,0,0,
slot6,0,1,518,2149247120,0,0,OTHER,,,,,,,0,0,
slot6,0,1,519,2149247124,0,0,OTHER,,,,,,,0,0,
slot6,0,1,520,2149432212,9,46,FT4,31,0,128,32,32,,0,0,
slot6,0,1,521,2149432172,9,46,FT4,15,64,192,8,8,,0,0,
slot6,0,1,522,2149432132,9,46,FT4,31,0,128,32,32,,0,0,
slot6,0,1,523,2149429332,9,46,FT4,30,64,192,32,32,,0,0,
slot6,0,1,524,2149429292,9,46,FT4,15,64,96,8,8,,0,0,
slot6,0,1,525,2149429252,9,46,FT4,30,64,192,32,32,,0,0,
slot6,0,1,526,2149247128,0,0,OTHER,,,,,,,0,0,
slot6,0,1,527,2149247132,0,0,OTHER,,,,,,,0,0,
slot6,0,1,528,2149247136,0,0,OTHER,,,,,,,0,0,
slot6,0,1,529,2149247140,0,0,OTHER,,,,,,,0,0,
slot6,0,1,530,2149247144,0,0,OTHER,,,,,,,0,0,
slot6,0,1,531,2149247148,0,0,OTHER,,,,,,,0,0,
slot6,0,1,532,2149247152,0,0,OTHER,,,,,,,0,0,
slot6,0,1,533,2149247156,0,0,OTHER,,,,,,,0,0,
slot6,0,1,534,2149247160,0,0,OTHER,,,,,,,0,0,
slot6,0,1,535,2149247164,0,0,OTHER,,,,,,,0,0,
slot6,0,1,536,2149247168,0,0,OTHER,,,,,,,0,0,
slot6,0,1,537,2149247172,0,0,OTHER,,,,,,,0,0,
slot6,0,1,538,2149247176,0,0,OTHER,,,,,,,0,0,
slot6,0,1,539,2149247180,0,0,OTHER,,,,,,,0,0,
slot6,0,1,540,2149247184,0,0,OTHER,,,,,,,0,0,
slot6,0,1,541,2149247188,0,0,OTHER,,,,,,,0,0,
slot6,0,1,542,2149247192,0,0,OTHER,,,,,,,0,0,
slot6,0,1,543,2149247196,0,0,OTHER,,,,,,,0,0,
slot6,0,1,544,2149247200,0,0,OTHER,,,,,,,0,0,
slot6,0,1,545,2149247204,0,0,OTHER,,,,,,,0,0,
slot6,0,1,546,2149247208,0,0,OTHER,,,,,,,0,0,
slot6,0,1,547,2149247212,0,0,OTHER,,,,,,,0,0,
slot6,0,1,548,2149247216,0,0,OTHER,,,,,,,0,0,
slot6,0,1,549,2149247220,0,0,OTHER,,,,,,,0,0,
slot6,0,1,550,2149247224,0,0,OTHER,,,,,,,0,0,
slot6,0,1,551,2149247228,0,0,OTHER,,,,,,,0,0,
slot6,0,1,552,2149247232,0,0,OTHER,,,,,,,0,0,
slot6,0,1,553,2149247236,0,0,OTHER,,,,,,,0,0,
slot6,0,1,554,2149247240,0,0,OTHER,,,,,,,0,0,
slot6,0,1,555,2149247244,0,0,OTHER,,,,,,,0,0,
slot6,0,1,556,2149247248,0,0,OTHER,,,,,,,0,0,
slot6,0,1,557,2149247252,0,0,OTHER,,,,,,,0,0,
slot6,0,1,558,2149415812,9,44,FT4,24,32,0,32,32,,0,0,
slot6,0,1,559,2149247256,0,0,OTHER,,,,,,,0,0,
slot6,0,1,560,2149247260,0,0,OTHER,,,,,,,0,0,
slot6,0,1,561,2149247264,0,0,OTHER,,,,,,,0,0,
slot6,0,1,562,2149247268,0,0,OTHER,,,,,,,0,0,
slot6,0,1,563,2149247272,0,0,OTHER,,,,,,,0,0,
slot6,0,1,564,2149247276,0,0,OTHER,,,,,,,0,0,
slot6,0,1,565,2149247280,0,0,OTHER,,,,,,,0,0,
slot6,0,1,566,2149247284,0,0,OTHER,,,,,,,0,0,
slot6,0,1,567,2149247288,0,0,OTHER,,,,,,,0,0,
slot6,0,1,568,2149247292,0,0,OTHER,,,,,,,0,0,
slot6,0,1,569,2149247296,0,0,OTHER,,,,,,,0,0,
slot6,0,1,570,2149247300,0,0,OTHER,,,,,,,0,0,
slot6,0,1,571,2149247304,0,0,OTHER,,,,,,,0,0,
slot6,0,1,572,2149247308,0,0,OTHER,,,,,,,0,0,
slot6,0,1,573,2149247312,0,0,OTHER,,,,,,,0,0,
slot6,0,1,574,2149247316,0,0,OTHER,,,,,,,0,0,
slot6,0,1,575,2149247320,0,0,OTHER,,,,,,,0,0,
slot6,0,1,576,2149247324,0,0,OTHER,,,,,,,0,0,
slot6,0,1,577,2149247328,0,0,OTHER,,,,,,,0,0,
slot6,0,1,578,2149247332,0,0,OTHER,,,,,,,0,0,
slot6,0,1,579,2149247336,0,0,OTHER,,,,,,,0,0,
slot6,0,1,580,2149247340,0,0,OTHER,,,,,,,0,0,
slot6,0,1,581,2149247344,0,0,OTHER,,,,,,,0,0,
slot6,0,1,582,2149247348,0,0,OTHER,,,,,,,0,0,
slot6,0,1,583,2149247352,0,0,OTHER,,,,,,,0,0,
slot6,0,1,584,2149247356,0,0,OTHER,,,,,,,0,0,
slot6,0,1,585,2149247360,0,0,OTHER,,,,,,,0,0,
slot6,0,1,586,2149247364,0,0,OTHER,,,,,,,0,0,
slot6,0,1,587,2149247368,0,0,OTHER,,,,,,,0,0,
slot6,0,1,588,2149247372,0,0,OTHER,,,,,,,0,0,
slot6,0,1,589,2149247376,0,0,OTHER,,,,,,,0,0,
slot6,0,1,590,2149247380,0,0,OTHER,,,,,,,0,0,
slot6,0,1,591,2149424532,9,46,FT4,29,0,128,32,32,,0,0,
slot6,0,1,592,2149424492,9,46,FT4,14,64,208,8,8,,0,0,
slot6,0,1,593,2149424452,9,46,FT4,29,0,128,32,32,,0,0,
slot6,0,1,594,2149247384,0,0,OTHER,,,,,,,0,0,
slot6,0,1,595,2149247388,0,0,OTHER,,,,,,,0,0,
slot6,0,1,596,2149247392,0,0,OTHER,,,,,,,0,0,
slot6,0,1,597,2149247396,0,0,OTHER,,,,,,,0,0,
slot6,0,1,598,2149247400,0,0,OTHER,,,,,,,0,0,
slot6,0,1,599,2149247404,0,0,OTHER,,,,,,,0,0,
slot6,0,1,600,2149247408,0,0,OTHER,,,,,,,0,0,
slot6,0,1,601,2149247412,0,0,OTHER,,,,,,,0,0,
slot6,0,1,602,2149247416,0,0,OTHER,,,,,,,0,0,
slot6,0,1,603,2149247420,0,0,OTHER,,,,,,,0,0,
slot6,0,1,604,2149247424,0,0,OTHER,,,,,,,0,0,
slot6,0,1,605,2149247428,0,0,OTHER,,,,,,,0,0,
slot6,0,1,606,2149247432,0,0,OTHER,,,,,,,0,0,
slot6,0,1,607,2149247436,0,0,OTHER,,,,,,,0,0,
slot6,0,1,608,2149247440,0,0,OTHER,,,,,,,0,0,
slot6,0,1,609,2149247444,0,0,OTHER,,,,,,,0,0,
slot6,0,1,610,2149247448,0,0,OTHER,,,,,,,0,0,
slot6,0,1,611,2149247452,0,0,OTHER,,,,,,,0,0,
slot6,0,1,612,2149247456,0,0,OTHER,,,,,,,0,0,
slot6,0,1,613,2149247460,0,0,OTHER,,,,,,,0,0,
slot6,0,1,614,2149247464,0,0,OTHER,,,,,,,0,0,
slot6,0,1,615,2149247468,0,0,OTHER,,,,,,,0,0,
slot6,0,1,616,2149247472,0,0,OTHER,,,,,,,0,0,
slot6,0,1,617,2149247476,0,0,OTHER,,,,,,,0,0,
slot6,0,1,618,2149247480,0,0,OTHER,,,,,,,0,0,
slot6,0,1,619,2149247484,0,0,OTHER,,,,,,,0,0,
slot6,0,1,620,2149247488,0,0,OTHER,,,,,,,0,0,
slot6,0,1,621,2149247492,0,0,OTHER,,,,,,,0,0,
slot6,0,1,622,2149247496,0,0,OTHER,,,,,,,0,0,
slot6,0,1,623,2149247500,0,0,OTHER,,,,,,,0,0,
slot6,0,1,624,2149247504,0,0,OTHER,,,,,,,0,0,
slot6,0,1,625,2149247508,0,0,OTHER,,,,,,,0,0,
slot6,0,1,626,2149247512,0,0,OTHER,,,,,,,0,0,
slot6,0,1,627,2149247516,0,0,OTHER,,,,,,,0,0,
slot6,0,1,628,2149247520,0,0,OTHER,,,,,,,0,0,
slot6,0,1,629,2149247524,0,0,OTHER,,,,,,,0,0,
slot6,0,1,630,2149247528,0,0,OTHER,,,,,,,0,0,
slot6,0,1,631,2149247532,0,0,OTHER,,,,,,,0,0,
slot6,0,1,632,2149247536,0,0,OTHER,,,,,,,0,0,
slot6,0,1,633,2149247540,0,0,OTHER,,,,,,,0,0,
slot6,0,1,634,2149247544,0,0,OTHER,,,,,,,0,0,
slot6,0,1,635,2149247548,0,0,OTHER,,,,,,,0,0,
slot6,0,1,636,2149277436,9,44,FT4,8,192,192,32,32,,0,0,
slot6,0,1,637,2149277396,9,44,FT4,8,160,192,32,32,,0,0,
slot6,0,1,638,2149277356,9,44,FT4,8,128,192,32,32,,0,0,
slot6,0,1,639,2149277276,9,44,FT4,6,96,96,32,32,,0,0,
slot6,0,1,640,2149276916,9,44,FT4,8,192,160,32,32,,0,0,
slot6,0,1,641,2149276876,9,44,FT4,8,160,160,32,32,,0,0,
slot6,0,1,642,2149276836,9,44,FT4,8,128,160,32,32,,0,0,
slot6,0,1,643,2149276756,9,44,FT4,6,96,64,32,32,,0,0,
slot6,0,1,644,2149276716,9,44,FT4,6,64,64,32,32,,0,0,
slot6,0,1,645,2149276636,9,44,FT4,6,160,192,32,32,,0,0,
slot6,0,1,646,2149276156,9,44,FT4,8,192,192,32,32,,0,0,
slot6,0,1,647,2149276116,9,44,FT4,8,160,192,32,32,,0,0,
slot6,0,1,648,2149276076,9,44,FT4,8,128,192,32,32,,0,0,
slot6,0,1,649,2149275636,9,44,FT4,8,192,160,32,32,,0,0,
slot6,0,1,650,2149275596,9,44,FT4,8,160,160,32,32,,0,0,
slot6,0,1,651,2149275556,9,44,FT4,8,128,160,32,32,,0,0,
slot6,0,1,652,2149273876,9,44,FT4,6,160,192,32,32,,0,0,
slot6,0,1,653,2149273356,9,44,FT4,8,160,192,32,32,,0,0,
slot6,0,1,654,2149273316,9,44,FT4,8,128,192,32,32,,0,0,
slot6,0,1,655,2149272996,9,44,FT4,6,96,96,32,32,,0,0,
slot6,0,1,656,2149272956,9,44,FT4,6,64,96,32,32,,0,0,
slot6,0,1,657,2149247552,0,0,OTHER,,,,,,,0,0,
slot6,0,1,658,2149247556,0,0,OTHER,,,,,,,0,0,
slot6,0,1,659,2149247560,0,0,OTHER,,,,,,,0,0,
slot6,0,1,660,2149514196,6,227,OTHER,,,,,,,0,0,
slot6,0,1,661,2149523912,2,225,DR_TPAGE,21,,,,,,0,0,
slot6,0,1,662,2149523220,9,45,FT4,21,16,15,43,9,,0,0,
slot6,0,1,663,2149523180,9,45,FT4,21,16,15,43,9,,0,0,
slot6,0,1,664,2149523140,9,45,FT4,21,16,16,43,9,,0,0,
slot6,0,1,665,2149523100,9,45,FT4,21,16,16,43,9,,0,0,
slot6,0,1,666,2149523924,2,225,DR_TPAGE,21,,,,,,0,0,
slot6,0,1,667,2149523300,9,45,FT4,21,15,16,9,193,,0,0,
slot6,0,1,668,2149523260,9,45,FT4,21,16,16,9,193,,0,0,
slot6,0,1,669,2149523936,2,225,DR_TPAGE,21,,,,,,0,0,
slot6,0,1,670,2149523380,9,45,FT4,21,26,16,43,193,,0,0,
slot6,0,1,671,2149523340,9,45,FT4,21,16,16,43,193,,0,0,
slot6,0,1,672,2149523900,2,225,DR_TPAGE,21,,,,,,0,0,
slot6,0,1,673,2149523060,9,45,FT4,21,111,47,9,9,,0,0,
slot6,0,1,674,2149523020,9,45,FT4,21,112,47,9,9,,0,0,
slot6,0,1,675,2149522980,9,45,FT4,21,111,48,9,9,,0,0,
slot6,0,1,676,2149522940,9,45,FT4,21,112,48,9,9,,0,0,
slot6,0,1,677,2149262916,2,225,DR_TPAGE,21,,,,,,0,0,
slot6,0,1,678,2149529564,4,101,SPRT,21,0,0,80,16,32262,0,0,
slot6,0,1,679,2149529284,4,101,SPRT,21,64,96,16,16,32262,0,0,
slot6,0,1,680,2149529172,4,101,SPRT,21,32,96,16,16,32262,0,0,
slot6,0,1,681,2149529116,4,101,SPRT,21,96,80,16,16,32262,0,0,
slot6,0,1,682,2149529004,4,101,SPRT,21,48,96,16,16,32257,0,0,
slot6,0,1,683,2149528892,4,101,SPRT,21,64,80,16,16,32258,0,0,
slot6,0,1,684,2149528836,4,101,SPRT,21,48,80,16,16,32257,0,0,
slot6,0,1,685,2149528668,4,101,SPRT,21,208,80,16,16,32258,0,0,
slot6,0,1,686,2149528612,4,101,SPRT,21,208,80,16,16,32257,0,0,
slot6,0,1,687,2149528556,4,101,SPRT,21,192,80,16,16,32258,0,0,
slot6,0,1,688,2149528444,4,101,SPRT,21,176,80,16,16,32258,0,0,
slot6,0,1,689,2149528388,4,101,SPRT,21,160,80,16,16,32258,0,0,
slot6,0,1,690,2149528220,4,101,SPRT,21,112,80,16,16,32257,0,0,
slot6,0,1,691,2149528164,4,101,SPRT,21,96,80,16,16,32257,0,0,
slot6,0,1,692,2149528052,4,101,SPRT,21,80,80,16,16,32258,0,0,
slot6,0,1,693,2149527940,4,101,SPRT,21,16,96,16,16,32257,0,0,
slot6,0,1,694,2149527884,4,101,SPRT,21,0,96,16,16,32257,0,0,
slot6,0,1,695,2149527772,4,101,SPRT,21,32,80,16,16,32257,0,0,
slot6,0,1,696,2149527716,4,101,SPRT,21,80,96,16,16,31424,0,0,
slot6,0,1,697,2149513540,5,41,OTHER,21,,,,,,0,0,
slot6,0,1,698,2149513516,5,41,OTHER,21,,,,,,0,0,
slot6,0,1,699,2149513492,5,41,OTHER,21,,,,,,0,0,
slot6,0,1,700,2149513468,5,41,OTHER,21,,,,,,0,0,
slot6,0,1,701,2149513660,8,57,OTHER,21,,,,,,0,0,
slot6,0,1,702,2149522816,2,225,DR_TPAGE,31,,,,,,0,0,
slot6,0,1,703,2149522912,2,225,DR_TPAGE,5,,,,,,0,0,
slot6,0,1,704,2149522452,4,101,SPRT,5,52,0,6,12,16,0,0,
slot6,0,1,705,2149522400,4,101,SPRT,5,52,0,6,12,16,0,0,
slot6,0,1,706,2149522348,4,101,SPRT,5,4,0,6,12,16,0,0,
slot6,0,1,707,2149522296,4,101,SPRT,5,84,108,12,12,16,0,0,
slot6,0,1,708,2149522244,4,101,SPRT,5,84,144,12,12,16,0,0,
slot6,0,1,709,2149522192,4,101,SPRT,5,204,12,12,12,204,0,0,
slot6,0,1,710,2149522140,4,101,SPRT,5,228,0,12,12,16,0,0,
slot6,0,1,711,2149522088,4,101,SPRT,5,240,72,12,12,22,0,0,
slot6,0,1,712,2149522036,4,101,SPRT,5,144,120,12,12,16,0,0,
slot6,0,1,713,2149247564,0,0,OTHER,5,,,,,,0,0,
slot6,0,1,714,2149247568,0,0,OTHER,5,,,,,,0,0,
slot7,1,1,0,2149248028,0,0,OTHER,,,,,,,0,0,
slot7,1,1,1,2149248032,0,0,OTHER,,,,,,,0,0,
slot7,1,1,2,2149248036,0,0,OTHER,,,,,,,0,0,
slot7,1,1,3,2149248040,0,0,OTHER,,,,,,,0,0,
slot7,1,1,4,2149295156,9,44,FT4,11,96,0,32,32,,0,0,
slot7,1,1,5,2149295116,9,44,FT4,11,32,32,32,32,,0,0,
slot7,1,1,6,2149295076,9,44,FT4,11,0,32,32,32,,0,0,
slot7,1,1,7,2149295036,9,44,FT4,11,32,32,32,32,,0,0,
slot7,1,1,8,2149294996,9,44,FT4,10,160,32,32,32,,0,0,
slot7,1,1,9,2149294956,9,44,FT4,11,32,32,32,32,,0,0,
slot7,1,1,10,2149294916,9,44,FT4,11,0,32,32,32,,0,0,
slot7,1,1,11,2149294876,9,44,FT4,11,32,32,32,32,,0,0,
slot7,1,1,12,2149294836,9,44,FT4,11,0,32,32,32,,0,0,
slot7,1,1,13,2149294796,9,44,FT4,11,96,0,32,32,,0,0,
slot7,1,1,14,2149294636,9,44,FT4,11,192,192,32,32,,0,0,
slot7,1,1,15,2149294596,9,44,FT4,11,192,64,32,32,,0,0,
slot7,1,1,16,2149294556,9,44,FT4,10,160,32,32,32,,0,0,
slot7,1,1,17,2149294516,9,44,FT4,10,160,32,32,32,,0,0,
slot7,1,1,18,2149294476,9,44,FT4,10,160,32,32,32,,0,0,
slot7,1,1,19,2149294436,9,44,FT4,10,160,32,32,32,,0,0,
slot7,1,1,20,2149294396,9,44,FT4,10,160,32,32,32,,0,0,
slot7,1,1,21,2149294356,9,44,FT4,10,160,32,32,32,,0,0,
slot7,1,1,22,2149294316,9,44,FT4,11,192,64,32,32,,0,0,
slot7,1,1,23,2149294276,9,44,FT4,11,192,192,32,32,,0,0,
slot7,1,1,24,2149294116,9,44,FT4,11,192,192,32,32,,0,0,
slot7,1,1,25,2149294076,9,44,FT4,11,192,64,32,32,,0,0,
slot7,1,1,26,2149294036,9,44,FT4,10,160,32,32,32,,0,0,
slot7,1,1,27,2149293996,9,44,FT4,10,160,32,32,32,,0,0,
slot7,1,1,28,2149293956,9,44,FT4,10,160,32,32,32,,0,0,
slot7,1,1,29,2149293916,9,44,FT4,10,160,32,32,32,,0,0,
slot7,1,1,30,2149293876,9,44,FT4,10,160,32,32,32,,0,0,
slot7,1,1,31,2149293836,9,44,FT4,10,160,32,32,32,,0,0,
slot7,1,1,32,2149293796,9,44,FT4,11,192,64,32,32,,0,0,
slot7,1,1,33,2149293756,9,44,FT4,11,192,192,32,32,,0,0,
slot7,1,1,34,2149293596,9,44,FT4,11,192,192,32,32,,0,0,
slot7,1,1,35,2149293556,9,44,FT4,11,192,64,32,32,,0,0,
slot7,1,1,36,2149293516,9,44,FT4,10,160,0,32,32,,0,0,
slot7,1,1,37,2149293476,9,44,FT4,10,160,0,32,32,,0,0,
slot7,1,1,38,2149293436,9,44,FT4,10,160,0,32,32,,0,0,
slot7,1,1,39,2149293396,9,44,FT4,10,160,0,32,32,,0,0,
slot7,1,1,40,2149293356,9,44,FT4,10,160,0,32,32,,0,0,
slot7,1,1,41,2149293316,9,44,FT4,10,160,0,32,32,,0,0,
slot7,1,1,42,2149293276,9,44,FT4,11,192,64,32,32,,0,0,
slot7,1,1,43,2149293236,9,44,FT4,11,192,192,32,32,,0,0,
slot7,1,1,44,2149293076,9,44,FT4,11,192,192,32,32,,0,0,
slot7,1,1,45,2149293036,9,44,FT4,11,192,64,32,32,,0,0,
slot7,1,1,46,2149292996,9,44,FT4,10,160,32,32,32,,0,0,
slot7,1,1,47,2149292956,9,44,FT4,10,160,32,32,32,,0,0,
slot7,1,1,48,2149292916,9,44,FT4,10,160,32,32,32,,0,0,
slot7,1,1,49,2149292876,9,44,FT4,10,160,32,32,32,,0,0,
slot7,1,1,50,2149292836,9,44,FT4,10,160,32,32,32,,0,0,
slot7,1,1,51,2149292796,9,44,FT4,10,160,32,32,32,,0,0,
slot7,1,1,52,2149292756,9,44,FT4,11,192,64,32,32,,0,0,
slot7,1,1,53,2149292716,9,44,FT4,11,192,192,32,32,,0,0,
slot7,1,1,54,2149292556,9,44,FT4,11,192,192,32,32,,0,0,
slot7,1,1,55,2149292516,9,44,FT4,11,192,64,32,32,,0,0,
slot7,1,1,56,2149292476,9,44,FT4,10,160,0,32,32,,0,0,
slot7,1,1,57,2149292436,9,44,FT4,10,160,0,32,32,,0,0,
slot7,1,1,58,2149292396,9,44,FT4,10,160,0,32,32,,0,0,
slot7,1,1,59,2149292356,9,44,FT4,10,160,0,32,32,,0,0,
slot7,1,1,60,2149292316,9,44,FT4,10,160,0,32,32,,0,0,
slot7,1,1,61,2149292276,9,44,FT4,10,160,0,32,32,,0,0,
slot7,1,1,62,2149292236,9,44,FT4,11,192,64,32,32,,0,0,
slot7,1,1,63,2149292196,9,44,FT4,11,192,192,32,32,,0,0,
slot7,1,1,64,2149292036,9,44,FT4,11,192,192,32,32,,0,0,
slot7,1,1,65,2149291996,9,44,FT4,11,192,64,32,32,,0,0,
slot7,1,1,66,2149291956,9,44,FT4,11,128,96,32,32,,0,0,
slot7,1,1,67,2149291916,9,44,FT4,11,96,96,32,32,,0,0,
slot7,1,1,68,2149291876,9,44,FT4,11,128,96,32,32,,0,0,
slot7,1,1,69,2149291836,9,44,FT4,11,96,96,32,32,,0,0,
slot7,1,1,70,2149291796,9,44,FT4,11,128,96,32,32,,0,0,
slot7,1,1,71,2149291756,9,44,FT4,11,96,96,32,32,,0,0,
slot7,1,1,72,2149291716,9,44,FT4,11,192,64,32,32,,0,0,
slot7,1,1,73,2149291676,9,44,FT4,11,192,192,32,32,,0,0,
slot7,1,1,74,2149291516,9,44,FT4,11,192,192,32,32,,0,0,
slot7,1,1,75,2149291476,9,44,FT4,11,192,64,32,32,,0,0,
slot7,1,1,76,2149291436,9,44,FT4,11,128,32,32,32,,0,0,
slot7,1,1,77,2149291396,9,44,FT4,11,96,32,32,32,,0,0,
slot7,1,1,78,2149291356,9,44,FT4,11,128,32,32,32,,0,0,
slot7,1,1,79,2149291316,9,44,FT4,11,96,32,32,32,,0,0,
slot7,1,1,80,2149291276,9,44,FT4,11,128,32,32,32,,0,0,
slot7,1,1,81,2149291236,9,44,FT4,11,96,32,32,32,,0,0,
slot7,1,1,82,2149291196,9,44,FT4,11,192,64,32,32,,0,0,
slot7,1,1,83,2149291156,9,44,FT4,11,192,192,32,32,,0,0,
slot7,1,1,84,2149290996,9,44,FT4,11,192,192,32,32,,0,0,
slot7,1,1,85,2149290956,9,44,FT4,11,192,192,32,32,,0,0,
slot7,1,1,86,2149290916,9,44,FT4,11,192,96,32,32,,0,0,
slot7,1,1,87,2149290876,9,44,FT4,11,192,96,32,32,,0,0,
slot7,1,1,88,2149290836,9,44,FT4,11,192,96,32,32,,0,0,
slot7,1,1,89,2149290796,9,44,FT4,11,192,96,32,32,,0,0,
slot7,1,1,90,2149290756,9,44,FT4,11,192,96,32,32,,0,0,
slot7,1,1,91,2149290716,9,44,FT4,11,192,96,32,32,,0,0,
slot7,1,1,92,2149290676,9,44,FT4,11,192,192,32,32,,0,0,
slot7,1,1,93,2149290636,9,44,FT4,11,192,192,32,32,,0,0,
slot7,1,1,94,2149248044,0,0,OTHER,,,,,,,0,0,
slot7,1,1,95,2149300876,9,44,FT4,11,0,0,32,32,,0,0,
slot7,1,1,96,2149300836,9,44,FT4,11,64,64,32,32,,0,0,
slot7,1,1,97,2149300796,9,44,FT4,11,64,64,32,32,,0,0,
slot7,1,1,98,2149300756,9,44,FT4,11,32,0,32,32,,0,0,
slot7,1,1,99,2149300676,9,44,FT4,11,64,64,32,32,,0,0,
slot7,1,1,100,2149300636,9,44,FT4,11,64,64,32,32,,0,0,
slot7,1,1,101,2149300596,9,44,FT4,11,64,64,32,32,,0,0,
slot7,1,1,102,2149300556,9,44,FT4,11,64,64,32,32,,0,0,
slot7,1,1,103,2149300516,9,44,FT4,11,0,0,32,32,,0,0,
slot7,1,1,104,2149300356,9,44,FT4,11,0,0,32,32,,0,0,
slot7,1,1,105,2149300316,9,44,FT4,11,64,64,32,32,,0,0,
slot7,1,1,106,2149300036,9,44,FT4,11,64,64,32,32,,0,0,
slot7,1,1,107,2149299996,9,44,FT4,11,0,0,32,32,,0,0,
slot7,1,1,108,2149299836,9,44,FT4,11,0,0,32,32,,0,0,
slot7,1,1,109,2149299796,9,44,FT4,11,64,64,32,32,,0,0,
slot7,1,1,110,2149299556,9,44,FT4,11,0,160,32,32,,0,0,
slot7,1,1,111,2149299516,9,44,FT4,11,64,64,32,32,,0,0,
slot7,1,1,112,2149299476,9,44,FT4,11,0,0,32,32,,0,0,
slot7,1,1,113,2149299316,9,44,FT4,11,0,0,32,32,,0,0,
slot7,1,1,114,2149299276,9,44,FT4,11,64,64,32,32,,0,0,
slot7,1,1,115,2149299036,9,44,FT4,11,0,224,32,32,,0,0,
slot7,1,1,116,2149298996,9,44,FT4,11,64,64,32,32,,0,0,
slot7,1,1,117,2149298956,9,44,FT4,11,0,0,32,32,,0,0,
slot7,1,1,118,2149298796,9,44,FT4,11,0,0,32,32,,0,0,
slot7,1,1,119,2149298756,9,44,FT4,11,64,64,32,32,,0,0,
slot7,1,1,120,2149298716,9,44,FT4,11,32,192,32,32,,0,0,
slot7,1,1,121,2149298476,9,44,FT4,11,64,64,32,32,,0,0,
slot7,1,1,122,2149298436,9,44,FT4,11,0,0,32,32,,0,0,
slot7,1,1,123,2149298276,9,44,FT4,11,0,0,32,32,,0,0,
slot7,1,1,124,2149298236,9,44,FT4,11,64,64,32,32,,0,0,
slot7,1,1,125,2149298196,9,44,FT4,11,32,160,32,32,,0,0,
slot7,1,1,126,2149298156,9,44,FT4,11,0,160,32,32,,0,0,
slot7,1,1,127,2149298116,9,44,FT4,11,160,192,32,32,,0,0,
slot7,1,1,128,2149298076,9,44,FT4,11,128,192,32,32,,0,0,
slot7,1,1,129,2149298036,9,44,FT4,136,96,128,32,32,,0,0,
slot7,1,1,130,2149297996,9,44,FT4,136,64,128,32,32,,0,0,
slot7,1,1,131,2149297956,9,44,FT4,11,64,64,32,32,,0,0,
slot7,1,1,132,2149297916,9,44,FT4,11,0,0,32,32,,0,0,
slot7,1,1,133,2149297756,9,44,FT4,11,0,0,32,32,,0,0,
slot7,1,1,134,2149297716,9,44,FT4,11,64,64,32,32,,0,0,
slot7,1,1,135,2149297676,9,44,FT4,11,32,128,32,32,,0,0,
slot7,1,1,136,2149297636,9,44,FT4,11,0,128,32,32,,0,0,
slot7,1,1,137,2149297596,9,44,FT4,11,160,160,32,32,,0,0,
slot7,1,1,138,2149297556,9,44,FT4,11,128,160,32,32,,0,0,
slot7,1,1,139,2149297516,9,44,FT4,136,96,96,32,32,,0,0,
slot7,1,1,140,2149297476,9,44,FT4,136,64,96,32,32,,0,0,
slot7,1,1,141,2149297436,9,44,FT4,11,64,64,32,32,,0,0,
slot7,1,1,142,2149297396,9,44,FT4,11,0,0,32,32,,0,0,
slot7,1,1,143,2149297236,9,44,FT4,11,0,0,32,32,,0,0,
slot7,1,1,144,2149297196,9,44,FT4,11,64,64,32,32,,0,0,
slot7,1,1,145,2149297156,9,44,FT4,11,64,64,32,32,,0,0,
slot7,1,1,146,2149297116,9,44,FT4,11,64,64,32,32,,0,0,
slot7,1,1,147,2149297076,9,44,FT4,11,160,128,32,32,,0,0,
slot7,1,1,148,2149297036,9,44,FT4,11,128,128,32,32,,0,0,
slot7,1,1,149,2149296996,9,44,FT4,136,96,64,32,32,,0,0,
slot7,1,1,150,2149296956,9,44,FT4,136,64,64,32,32,,0,0,
slot7,1,1,151,2149296916,9,44,FT4,11,64,64,32,32,,0,0,
slot7,1,1,152,2149296876,9,44,FT4,11,0,0,32,32,,0,0,
slot7,1,1,153,2149296716,9,44,FT4,11,0,0,32,32,,0,0,
slot7,1,1,154,2149296676,9,44,FT4,11,0,0,32,32,,0,0,
slot7,1,1,155,2149296636,9,44,FT4,11,0,0,32,32,,0,0,
slot7,1,1,156,2149296596,9,44,FT4,11,0,0,32,32,,0,0,
slot7,1,1,157,2149296556,9,44,FT4,11,0,0,32,32,,0,0,
slot7,1,1,158,2149296516,9,44,FT4,11,0,0,32,32,,0,0,
slot7,1,1,159,2149296476,9,44,FT4,11,0,0,32,32,,0,0,
slot7,1,1,160,2149296436,9,44,FT4,11,0,0,32,32,,0,0,
slot7,1,1,161,2149296396,9,44,FT4,11,0,0,32,32,,0,0,
slot7,1,1,162,2149296356,9,44,FT4,11,0,0,32,32,,0,0,
slot7,1,1,163,2149248048,0,0,OTHER,,,,,,,0,0,
slot7,1,1,164,2149306556,9,44,FT4,136,160,128,32,32,,0,0,
slot7,1,1,165,2149306516,9,44,FT4,136,128,128,32,32,,0,0,
slot7,1,1,166,2149306476,9,44,FT4,136,192,96,32,32,,0,0,
slot7,1,1,167,2149306396,9,44,FT4,136,32,64,32,32,,0,0,
slot7,1,1,168,2149306356,9,44,FT4,136,0,64,32,32,,0,0,
slot7,1,1,169,2149306316,9,44,FT4,134,32,0,32,32,,0,0,
slot7,1,1,170,2149306276,9,44,FT4,134,0,0,32,32,,0,0,
slot7,1,1,171,2149248052,0,0,OTHER,,,,,,,0,0,
slot7,1,1,172,2149248056,0,0,OTHER,,,,,,,0,0,
slot7,1,1,173,2149248060,0,0,OTHER,,,,,,,0,0,
slot7,1,1,174,2149248064,0,0,OTHER,,,,,,,0,0,
slot7,1,1,175,2149248068,0,0,OTHER,,,,,,,0,0,
slot7,1,1,176,2149248072,0,0,OTHER,,,,,,,0,0,
slot7,1,1,177,2149248076,0,0,OTHER,,,,,,,0,0,
slot7,1,1,178,2149248080,0,0,OTHER,,,,,,,0,0,
slot7,1,1,179,2149248084,0,0,OTHER,,,,,,,0,0,
slot7,1,1,180,2149248088,0,0,OTHER,,,,,,,0,0,
slot7,1,1,181,2149248092,0,0,OTHER,,,,,,,0,0,
slot7,1,1,182,2149248096,0,0,OTHER,,,,,,,0,0,
slot7,1,1,183,2149248100,0,0,OTHER,,,,,,,0,0,
slot7,1,1,184,2149248104,0,0,OTHER,,,,,,,0,0,
slot7,1,1,185,2149248108,0,0,OTHER,,,,,,,0,0,
slot7,1,1,186,2149248112,0,0,OTHER,,,,,,,0,0,
slot7,1,1,187,2149248116,0,0,OTHER,,,,,,,0,0,
slot7,1,1,188,2149248120,0,0,OTHER,,,,,,,0,0,
slot7,1,1,189,2149248124,0,0,OTHER,,,,,,,0,0,
slot7,1,1,190,2149248128,0,0,OTHER,,,,,,,0,0,
slot7,1,1,191,2149248132,0,0,OTHER,,,,,,,0,0,
slot7,1,1,192,2149248136,0,0,OTHER,,,,,,,0,0,
slot7,1,1,193,2149248140,0,0,OTHER,,,,,,,0,0,
slot7,1,1,194,2149248144,0,0,OTHER,,,,,,,0,0,
slot7,1,1,195,2149248148,0,0,OTHER,,,,,,,0,0,
slot7,1,1,196,2149248152,0,0,OTHER,,,,,,,0,0,
slot7,1,1,197,2149248156,0,0,OTHER,,,,,,,0,0,
slot7,1,1,198,2149248160,0,0,OTHER,,,,,,,0,0,
slot7,1,1,199,2149248164,0,0,OTHER,,,,,,,0,0,
slot7,1,1,200,2149248168,0,0,OTHER,,,,,,,0,0,
slot7,1,1,201,2149248172,0,0,OTHER,,,,,,,0,0,
slot7,1,1,202,2149248176,0,0,OTHER,,,,,,,0,0,
slot7,1,1,203,2149248180,0,0,OTHER,,,,,,,0,0,
slot7,1,1,204,2149248184,0,0,OTHER,,,,,,,0,0,
slot7,1,1,205,2149248188,0,0,OTHER,,,,,,,0,0,
slot7,1,1,206,2149248192,0,0,OTHER,,,,,,,0,0,
slot7,1,1,207,2149248196,0,0,OTHER,,,,,,,0,0,
slot7,1,1,208,2149248200,0,0,OTHER,,,,,,,0,0,
slot7,1,1,209,2149248204,0,0,OTHER,,,,,,,0,0,
slot7,1,1,210,2149248208,0,0,OTHER,,,,,,,0,0,
slot7,1,1,211,2149248212,0,0,OTHER,,,,,,,0,0,
slot7,1,1,212,2149248216,0,0,OTHER,,,,,,,0,0,
slot7,1,1,213,2149248220,0,0,OTHER,,,,,,,0,0,
slot7,1,1,214,2149248224,0,0,OTHER,,,,,,,0,0,
slot7,1,1,215,2149248228,0,0,OTHER,,,,,,,0,0,
slot7,1,1,216,2149248232,0,0,OTHER,,,,,,,0,0,
slot7,1,1,217,2149248236,0,0,OTHER,,,,,,,0,0,
slot7,1,1,218,2149248240,0,0,OTHER,,,,,,,0,0,
slot7,1,1,219,2149248244,0,0,OTHER,,,,,,,0,0,
slot7,1,1,220,2149248248,0,0,OTHER,,,,,,,0,0,
slot7,1,1,221,2149248252,0,0,OTHER,,,,,,,0,0,
slot7,1,1,222,2149248256,0,0,OTHER,,,,,,,0,0,
slot7,1,1,223,2149248260,0,0,OTHER,,,,,,,0,0,
slot7,1,1,224,2149248264,0,0,OTHER,,,,,,,0,0,
slot7,1,1,225,2149248268,0,0,OTHER,,,,,,,0,0,
slot7,1,1,226,2149248272,0,0,OTHER,,,,,,,0,0,
slot7,1,1,227,2149248276,0,0,OTHER,,,,,,,0,0,
slot7,1,1,228,2149248280,0,0,OTHER,,,,,,,0,0,
slot7,1,1,229,2149248284,0,0,OTHER,,,,,,,0,0,
slot7,1,1,230,2149248288,0,0,OTHER,,,,,,,0,0,
slot7,1,1,231,2149248292,0,0,OTHER,,,,,,,0,0,
slot7,1,1,232,2149248296,0,0,OTHER,,,,,,,0,0,
slot7,1,1,233,2149248300,0,0,OTHER,,,,,,,0,0,
slot7,1,1,234,2149248304,0,0,OTHER,,,,,,,0,0,
slot7,1,1,235,2149248308,0,0,OTHER,,,,,,,0,0,
slot7,1,1,236,2149248312,0,0,OTHER,,,,,,,0,0,
slot7,1,1,237,2149248316,0,0,OTHER,,,,,,,0,0,
slot7,1,1,238,2149248320,0,0,OTHER,,,,,,,0,0,
slot7,1,1,239,2149248324,0,0,OTHER,,,,,,,0,0,
slot7,1,1,240,2149248328,0,0,OTHER,,,,,,,0,0,
slot7,1,1,241,2149248332,0,0,OTHER,,,,,,,0,0,
slot7,1,1,242,2149248336,0,0,OTHER,,,,,,,0,0,
slot7,1,1,243,2149248340,0,0,OTHER,,,,,,,0,0,
slot7,1,1,244,2149248344,0,0,OTHER,,,,,,,0,0,
slot7,1,1,245,2149248348,0,0,OTHER,,,,,,,0,0,
slot7,1,1,246,2149248352,0,0,OTHER,,,,,,,0,0,
slot7,1,1,247,2149248356,0,0,OTHER,,,,,,,0,0,
slot7,1,1,248,2149248360,0,0,OTHER,,,,,,,0,0,
slot7,1,1,249,2149248364,0,0,OTHER,,,,,,,0,0,
slot7,1,1,250,2149248368,0,0,OTHER,,,,,,,0,0,
slot7,1,1,251,2149248372,0,0,OTHER,,,,,,,0,0,
slot7,1,1,252,2149248376,0,0,OTHER,,,,,,,0,0,
slot7,1,1,253,2149248380,0,0,OTHER,,,,,,,0,0,
slot7,1,1,254,2149248384,0,0,OTHER,,,,,,,0,0,
slot7,1,1,255,2149248388,0,0,OTHER,,,,,,,0,0,
slot7,1,1,256,2149248392,0,0,OTHER,,,,,,,0,0,
slot7,1,1,257,2149248396,0,0,OTHER,,,,,,,0,0,
slot7,1,1,258,2149248400,0,0,OTHER,,,,,,,0,0,
slot7,1,1,259,2149248404,0,0,OTHER,,,,,,,0,0,
slot7,1,1,260,2149248408,0,0,OTHER,,,,,,,0,0,
slot7,1,1,261,2149248412,0,0,OTHER,,,,,,,0,0,
slot7,1,1,262,2149248416,0,0,OTHER,,,,,,,0,0,
slot7,1,1,263,2149248420,0,0,OTHER,,,,,,,0,0,
slot7,1,1,264,2149248424,0,0,OTHER,,,,,,,0,0,
slot7,1,1,265,2149248428,0,0,OTHER,,,,,,,0,0,
slot7,1,1,266,2149248432,0,0,OTHER,,,,,,,0,0,
slot7,1,1,267,2149248436,0,0,OTHER,,,,,,,0,0,
slot7,1,1,268,2149248440,0,0,OTHER,,,,,,,0,0,
slot7,1,1,269,2149248444,0,0,OTHER,,,,,,,0,0,
slot7,1,1,270,2149248448,0,0,OTHER,,,,,,,0,0,
slot7,1,1,271,2149248452,0,0,OTHER,,,,,,,0,0,
slot7,1,1,272,2149248456,0,0,OTHER,,,,,,,0,0,
slot7,1,1,273,2149248460,0,0,OTHER,,,,,,,0,0,
slot7,1,1,274,2149248464,0,0,OTHER,,,,,,,0,0,
slot7,1,1,275,2149248468,0,0,OTHER,,,,,,,0,0,
slot7,1,1,276,2149248472,0,0,OTHER,,,,,,,0,0,
slot7,1,1,277,2149248476,0,0,OTHER,,,,,,,0,0,
slot7,1,1,278,2149248480,0,0,OTHER,,,,,,,0,0,
slot7,1,1,279,2149248484,0,0,OTHER,,,,,,,0,0,
slot7,1,1,280,2149248488,0,0,OTHER,,,,,,,0,0,
slot7,1,1,281,2149248492,0,0,OTHER,,,,,,,0,0,
slot7,1,1,282,2149248496,0,0,OTHER,,,,,,,0,0,
slot7,1,1,283,2149248500,0,0,OTHER,,,,,,,0,0,
slot7,1,1,284,2149248504,0,0,OTHER,,,,,,,0,0,
slot7,1,1,285,2149248508,0,0,OTHER,,,,,,,0,0,
slot7,1,1,286,2149248512,0,0,OTHER,,,,,,,0,0,
slot7,1,1,287,2149248516,0,0,OTHER,,,,,,,0,0,
slot7,1,1,288,2149248520,0,0,OTHER,,,,,,,0,0,
slot7,1,1,289,2149248524,0,0,OTHER,,,,,,,0,0,
slot7,1,1,290,2149248528,0,0,OTHER,,,,,,,0,0,
slot7,1,1,291,2149248532,0,0,OTHER,,,,,,,0,0,
slot7,1,1,292,2149248536,0,0,OTHER,,,,,,,0,0,
slot7,1,1,293,2149248540,0,0,OTHER,,,,,,,0,0,
slot7,1,1,294,2149248544,0,0,OTHER,,,,,,,0,0,
slot7,1,1,295,2149248548,0,0,OTHER,,,,,,,0,0,
slot7,1,1,296,2149248552,0,0,OTHER,,,,,,,0,0,
slot7,1,1,297,2149248556,0,0,OTHER,,,,,,,0,0,
slot7,1,1,298,2149248560,0,0,OTHER,,,,,,,0,0,
slot7,1,1,299,2149248564,0,0,OTHER,,,,,,,0,0,
slot7,1,1,300,2149248568,0,0,OTHER,,,,,,,0,0,
slot7,1,1,301,2149248572,0,0,OTHER,,,,,,,0,0,
slot7,1,1,302,2149248576,0,0,OTHER,,,,,,,0,0,
slot7,1,1,303,2149248580,0,0,OTHER,,,,,,,0,0,
slot7,1,1,304,2149248584,0,0,OTHER,,,,,,,0,0,
slot7,1,1,305,2149248588,0,0,OTHER,,,,,,,0,0,
slot7,1,1,306,2149248592,0,0,OTHER,,,,,,,0,0,
slot7,1,1,307,2149248596,0,0,OTHER,,,,,,,0,0,
slot7,1,1,308,2149248600,0,0,OTHER,,,,,,,0,0,
slot7,1,1,309,2149248604,0,0,OTHER,,,,,,,0,0,
slot7,1,1,310,2149248608,0,0,OTHER,,,,,,,0,0,
slot7,1,1,311,2149248612,0,0,OTHER,,,,,,,0,0,
slot7,1,1,312,2149248616,0,0,OTHER,,,,,,,0,0,
slot7,1,1,313,2149248620,0,0,OTHER,,,,,,,0,0,
slot7,1,1,314,2149248624,0,0,OTHER,,,,,,,0,0,
slot7,1,1,315,2149248628,0,0,OTHER,,,,,,,0,0,
slot7,1,1,316,2149248632,0,0,OTHER,,,,,,,0,0,
slot7,1,1,317,2149248636,0,0,OTHER,,,,,,,0,0,
slot7,1,1,318,2149248640,0,0,OTHER,,,,,,,0,0,
slot7,1,1,319,2149248644,0,0,OTHER,,,,,,,0,0,
slot7,1,1,320,2149248648,0,0,OTHER,,,,,,,0,0,
slot7,1,1,321,2149248652,0,0,OTHER,,,,,,,0,0,
slot7,1,1,322,2149248656,0,0,OTHER,,,,,,,0,0,
slot7,1,1,323,2149248660,0,0,OTHER,,,,,,,0,0,
slot7,1,1,324,2149248664,0,0,OTHER,,,,,,,0,0,
slot7,1,1,325,2149248668,0,0,OTHER,,,,,,,0,0,
slot7,1,1,326,2149248672,0,0,OTHER,,,,,,,0,0,
slot7,1,1,327,2149248676,0,0,OTHER,,,,,,,0,0,
slot7,1,1,328,2149248680,0,0,OTHER,,,,,,,0,0,
slot7,1,1,329,2149248684,0,0,OTHER,,,,,,,0,0,
slot7,1,1,330,2149248688,0,0,OTHER,,,,,,,0,0,
slot7,1,1,331,2149248692,0,0,OTHER,,,,,,,0,0,
slot7,1,1,332,2149248696,0,0,OTHER,,,,,,,0,0,
slot7,1,1,333,2149248700,0,0,OTHER,,,,,,,0,0,
slot7,1,1,334,2149248704,0,0,OTHER,,,,,,,0,0,
slot7,1,1,335,2149248708,0,0,OTHER,,,,,,,0,0,
slot7,1,1,336,2149248712,0,0,OTHER,,,,,,,0,0,
slot7,1,1,337,2149248716,0,0,OTHER,,,,,,,0,0,
slot7,1,1,338,2149248720,0,0,OTHER,,,,,,,0,0,
slot7,1,1,339,2149248724,0,0,OTHER,,,,,,,0,0,
slot7,1,1,340,2149248728,0,0,OTHER,,,,,,,0,0,
slot7,1,1,341,2149248732,0,0,OTHER,,,,,,,0,0,
slot7,1,1,342,2149248736,0,0,OTHER,,,,,,,0,0,
slot7,1,1,343,2149248740,0,0,OTHER,,,,,,,0,0,
slot7,1,1,344,2149248744,0,0,OTHER,,,,,,,0,0,
slot7,1,1,345,2149248748,0,0,OTHER,,,,,,,0,0,
slot7,1,1,346,2149248752,0,0,OTHER,,,,,,,0,0,
slot7,1,1,347,2149248756,0,0,OTHER,,,,,,,0,0,
slot7,1,1,348,2149248760,0,0,OTHER,,,,,,,0,0,
slot7,1,1,349,2149248764,0,0,OTHER,,,,,,,0,0,
slot7,1,1,350,2149248768,0,0,OTHER,,,,,,,0,0,
slot7,1,1,351,2149248772,0,0,OTHER,,,,,,,0,0,
slot7,1,1,352,2149248776,0,0,OTHER,,,,,,,0,0,
slot7,1,1,353,2149248780,0,0,OTHER,,,,,,,0,0,
slot7,1,1,354,2149248784,0,0,OTHER,,,,,,,0,0,
slot7,1,1,355,2149248788,0,0,OTHER,,,,,,,0,0,
slot7,1,1,356,2149248792,0,0,OTHER,,,,,,,0,0,
slot7,1,1,357,2149248796,0,0,OTHER,,,,,,,0,0,
slot7,1,1,358,2149248800,0,0,OTHER,,,,,,,0,0,
slot7,1,1,359,2149248804,0,0,OTHER,,,,,,,0,0,
slot7,1,1,360,2149248808,0,0,OTHER,,,,,,,0,0,
slot7,1,1,361,2149248812,0,0,OTHER,,,,,,,0,0,
slot7,1,1,362,2149248816,0,0,OTHER,,,,,,,0,0,
slot7,1,1,363,2149248820,0,0,OTHER,,,,,,,0,0,
slot7,1,1,364,2149248824,0,0,OTHER,,,,,,,0,0,
slot7,1,1,365,2149248828,0,0,OTHER,,,,,,,0,0,
slot7,1,1,366,2149248832,0,0,OTHER,,,,,,,0,0,
slot7,1,1,367,2149248836,0,0,OTHER,,,,,,,0,0,
slot7,1,1,368,2149248840,0,0,OTHER,,,,,,,0,0,
slot7,1,1,369,2149248844,0,0,OTHER,,,,,,,0,0,
slot7,1,1,370,2149248848,0,0,OTHER,,,,,,,0,0,
slot7,1,1,371,2149248852,0,0,OTHER,,,,,,,0,0,
slot7,1,1,372,2149248856,0,0,OTHER,,,,,,,0,0,
slot7,1,1,373,2149248860,0,0,OTHER,,,,,,,0,0,
slot7,1,1,374,2149248864,0,0,OTHER,,,,,,,0,0,
slot7,1,1,375,2149248868,0,0,OTHER,,,,,,,0,0,
slot7,1,1,376,2149248872,0,0,OTHER,,,,,,,0,0,
slot7,1,1,377,2149248876,0,0,OTHER,,,,,,,0,0,
slot7,1,1,378,2149248880,0,0,OTHER,,,,,,,0,0,
slot7,1,1,379,2149248884,0,0,OTHER,,,,,,,0,0,
slot7,1,1,380,2149248888,0,0,OTHER,,,,,,,0,0,
slot7,1,1,381,2149248892,0,0,OTHER,,,,,,,0,0,
slot7,1,1,382,2149248896,0,0,OTHER,,,,,,,0,0,
slot7,1,1,383,2149248900,0,0,OTHER,,,,,,,0,0,
slot7,1,1,384,2149248904,0,0,OTHER,,,,,,,0,0,
slot7,1,1,385,2149248908,0,0,OTHER,,,,,,,0,0,
slot7,1,1,386,2149248912,0,0,OTHER,,,,,,,0,0,
slot7,1,1,387,2149248916,0,0,OTHER,,,,,,,0,0,
slot7,1,1,388,2149248920,0,0,OTHER,,,,,,,0,0,
slot7,1,1,389,2149248924,0,0,OTHER,,,,,,,0,0,
slot7,1,1,390,2149248928,0,0,OTHER,,,,,,,0,0,
slot7,1,1,391,2149248932,0,0,OTHER,,,,,,,0,0,
slot7,1,1,392,2149248936,0,0,OTHER,,,,,,,0,0,
slot7,1,1,393,2149248940,0,0,OTHER,,,,,,,0,0,
slot7,1,1,394,2149248944,0,0,OTHER,,,,,,,0,0,
slot7,1,1,395,2149248948,0,0,OTHER,,,,,,,0,0,
slot7,1,1,396,2149248952,0,0,OTHER,,,,,,,0,0,
slot7,1,1,397,2149248956,0,0,OTHER,,,,,,,0,0,
slot7,1,1,398,2149248960,0,0,OTHER,,,,,,,0,0,
slot7,1,1,399,2149248964,0,0,OTHER,,,,,,,0,0,
slot7,1,1,400,2149248968,0,0,OTHER,,,,,,,0,0,
slot7,1,1,401,2149248972,0,0,OTHER,,,,,,,0,0,
slot7,1,1,402,2149248976,0,0,OTHER,,,,,,,0,0,
slot7,1,1,403,2149248980,0,0,OTHER,,,,,,,0,0,
slot7,1,1,404,2149248984,0,0,OTHER,,,,,,,0,0,
slot7,1,1,405,2149248988,0,0,OTHER,,,,,,,0,0,
slot7,1,1,406,2149248992,0,0,OTHER,,,,,,,0,0,
slot7,1,1,407,2149248996,0,0,OTHER,,,,,,,0,0,
slot7,1,1,408,2149249000,0,0,OTHER,,,,,,,0,0,
slot7,1,1,409,2149249004,0,0,OTHER,,,,,,,0,0,
slot7,1,1,410,2149249008,0,0,OTHER,,,,,,,0,0,
slot7,1,1,411,2149249012,0,0,OTHER,,,,,,,0,0,
slot7,1,1,412,2149249016,0,0,OTHER,,,,,,,0,0,
slot7,1,1,413,2149249020,0,0,OTHER,,,,,,,0,0,
slot7,1,1,414,2149249024,0,0,OTHER,,,,,,,0,0,
slot7,1,1,415,2149249028,0,0,OTHER,,,,,,,0,0,
slot7,1,1,416,2149249032,0,0,OTHER,,,,,,,0,0,
slot7,1,1,417,2149249036,0,0,OTHER,,,,,,,0,0,
slot7,1,1,418,2149249040,0,0,OTHER,,,,,,,0,0,
slot7,1,1,419,2149249044,0,0,OTHER,,,,,,,0,0,
slot7,1,1,420,2149249048,0,0,OTHER,,,,,,,0,0,
slot7,1,1,421,2149342812,9,44,FT4,5,0,224,16,16,,0,0,
slot7,1,1,422,2149342772,9,44,FT4,5,8,224,16,16,,0,0,
slot7,1,1,423,2149339932,9,44,FT4,5,0,224,16,16,,0,0,
slot7,1,1,424,2149339892,9,44,FT4,5,8,224,16,16,,0,0,
slot7,1,1,425,2149249052,0,0,OTHER,,,,,,,0,0,
slot7,1,1,426,2149249056,0,0,OTHER,,,,,,,0,0,
slot7,1,1,427,2149249060,0,0,OTHER,,,,,,,0,0,
slot7,1,1,428,2149249064,0,0,OTHER,,,,,,,0,0,
slot7,1,1,429,2149249068,0,0,OTHER,,,,,,,0,0,
slot7,1,1,430,2149249072,0,0,OTHER,,,,,,,0,0,
slot7,1,1,431,2149249076,0,0,OTHER,,,,,,,0,0,
slot7,1,1,432,2149249080,0,0,OTHER,,,,,,,0,0,
slot7,1,1,433,2149249084,0,0,OTHER,,,,,,,0,0,
slot7,1,1,434,2149249088,0,0,OTHER,,,,,,,0,0,
slot7,1,1,435,2149249092,0,0,OTHER,,,,,,,0,0,
slot7,1,1,436,2149249096,0,0,OTHER,,,,,,,0,0,
slot7,1,1,437,2149249100,0,0,OTHER,,,,,,,0,0,
slot7,1,1,438,2149249104,0,0,OTHER,,,,,,,0,0,
slot7,1,1,439,2149249108,0,0,OTHER,,,,,,,0,0,
slot7,1,1,440,2149249112,0,0,OTHER,,,,,,,0,0,
slot7,1,1,441,2149249116,0,0,OTHER,,,,,,,0,0,
slot7,1,1,442,2149249120,0,0,OTHER,,,,,,,0,0,
slot7,1,1,443,2149249124,0,0,OTHER,,,,,,,0,0,
slot7,1,1,444,2149249128,0,0,OTHER,,,,,,,0,0,
slot7,1,1,445,2149249132,0,0,OTHER,,,,,,,0,0,
slot7,1,1,446,2149249136,0,0,OTHER,,,,,,,0,0,
slot7,1,1,447,2149249140,0,0,OTHER,,,,,,,0,0,
slot7,1,1,448,2149249144,0,0,OTHER,,,,,,,0,0,
slot7,1,1,449,2149249148,0,0,OTHER,,,,,,,0,0,
slot7,1,1,450,2149249152,0,0,OTHER,,,,,,,0,0,
slot7,1,1,451,2149249156,0,0,OTHER,,,,,,,0,0,
slot7,1,1,452,2149249160,0,0,OTHER,,,,,,,0,0,
slot7,1,1,453,2149249164,0,0,OTHER,,,,,,,0,0,
slot7,1,1,454,2149249168,0,0,OTHER,,,,,,,0,0,
slot7,1,1,455,2149249172,0,0,OTHER,,,,,,,0,0,
slot7,1,1,456,2149249176,0,0,OTHER,,,,,,,0,0,
slot7,1,1,457,2149249180,0,0,OTHER,,,,,,,0,0,
slot7,1,1,458,2149249184,0,0,OTHER,,,,,,,0,0,
slot7,1,1,459,2149249188,0,0,OTHER,,,,,,,0,0,
slot7,1,1,460,2149249192,0,0,OTHER,,,,,,,0,0,
slot7,1,1,461,2149249196,0,0,OTHER,,,,,,,0,0,
slot7,1,1,462,2149249200,0,0,OTHER,,,,,,,0,0,
slot7,1,1,463,2149249204,0,0,OTHER,,,,,,,0,0,
slot7,1,1,464,2149249208,0,0,OTHER,,,,,,,0,0,
slot7,1,1,465,2149249212,0,0,OTHER,,,,,,,0,0,
slot7,1,1,466,2149249216,0,0,OTHER,,,,,,,0,0,
slot7,1,1,467,2149249220,0,0,OTHER,,,,,,,0,0,
slot7,1,1,468,2149249224,0,0,OTHER,,,,,,,0,0,
slot7,1,1,469,2149249228,0,0,OTHER,,,,,,,0,0,
slot7,1,1,470,2149249232,0,0,OTHER,,,,,,,0,0,
slot7,1,1,471,2149249236,0,0,OTHER,,,,,,,0,0,
slot7,1,1,472,2149249240,0,0,OTHER,,,,,,,0,0,
slot7,1,1,473,2149249244,0,0,OTHER,,,,,,,0,0,
slot7,1,1,474,2149249248,0,0,OTHER,,,,,,,0,0,
slot7,1,1,475,2149249252,0,0,OTHER,,,,,,,0,0,
slot7,1,1,476,2149249256,0,0,OTHER,,,,,,,0,0,
slot7,1,1,477,2149249260,0,0,OTHER,,,,,,,0,0,
slot7,1,1,478,2149249264,0,0,OTHER,,,,,,,0,0,
slot7,1,1,479,2149249268,0,0,OTHER,,,,,,,0,0,
slot7,1,1,480,2149249272,0,0,OTHER,,,,,,,0,0,
slot7,1,1,481,2149249276,0,0,OTHER,,,,,,,0,0,
slot7,1,1,482,2149249280,0,0,OTHER,,,,,,,0,0,
slot7,1,1,483,2149249284,0,0,OTHER,,,,,,,0,0,
slot7,1,1,484,2149249288,0,0,OTHER,,,,,,,0,0,
slot7,1,1,485,2149249292,0,0,OTHER,,,,,,,0,0,
slot7,1,1,486,2149249296,0,0,OTHER,,,,,,,0,0,
slot7,1,1,487,2149249300,0,0,OTHER,,,,,,,0,0,
slot7,1,1,488,2149249304,0,0,OTHER,,,,,,,0,0,
slot7,1,1,489,2149249308,0,0,OTHER,,,,,,,0,0,
slot7,1,1,490,2149249312,0,0,OTHER,,,,,,,0,0,
slot7,1,1,491,2149249316,0,0,OTHER,,,,,,,0,0,
slot7,1,1,492,2149249320,0,0,OTHER,,,,,,,0,0,
slot7,1,1,493,2149341212,9,46,FT4,24,0,64,24,24,,0,0,
slot7,1,1,494,2149341172,9,46,FT4,24,0,64,24,24,,0,0,
slot7,1,1,495,2149341132,9,46,FT4,24,0,64,24,24,,0,0,
slot7,1,1,496,2149341092,9,46,FT4,24,0,64,24,24,,0,0,
slot7,1,1,497,2149341052,9,46,FT4,24,216,64,16,16,,0,0,
slot7,1,1,498,2149341012,9,46,FT4,24,248,64,8,8,,0,0,
slot7,1,1,499,2149340972,9,46,FT4,24,248,64,8,8,,0,0,
slot7,1,1,500,2149340932,9,46,FT4,24,248,80,8,8,,0,0,
slot7,1,1,501,2149340892,9,46,FT4,24,232,64,16,16,,0,0,
slot7,1,1,502,2149340852,9,46,FT4,24,232,64,16,16,,0,0,
slot7,1,1,503,2149340812,9,46,FT4,24,232,64,16,16,,0,0,
slot7,1,1,504,2149340772,9,46,FT4,24,232,64,16,16,,0,0,
slot7,1,1,505,2149249324,0,0,OTHER,,,,,,,0,0,
slot7,1,1,506,2149249328,0,0,OTHER,,,,,,,0,0,
slot7,1,1,507,2149249332,0,0,OTHER,,,,,,,0,0,
slot7,1,1,508,2149249336,0,0,OTHER,,,,,,,0,0,
slot7,1,1,509,2149249340,0,0,OTHER,,,,,,,0,0,
slot7,1,1,510,2149249344,0,0,OTHER,,,,,,,0,0,
slot7,1,1,511,2149249348,0,0,OTHER,,,,,,,0,0,
slot7,1,1,512,2149249352,0,0,OTHER,,,,,,,0,0,
slot7,1,1,513,2149249356,0,0,OTHER,,,,,,,0,0,
slot7,1,1,514,2149249360,0,0,OTHER,,,,,,,0,0,
slot7,1,1,515,2149249364,0,0,OTHER,,,,,,,0,0,
slot7,1,1,516,2149249368,0,0,OTHER,,,,,,,0,0,
slot7,1,1,517,2149249372,0,0,OTHER,,,,,,,0,0,
slot7,1,1,518,2149249376,0,0,OTHER,,,,,,,0,0,
slot7,1,1,519,2149249380,0,0,OTHER,,,,,,,0,0,
slot7,1,1,520,2149249384,0,0,OTHER,,,,,,,0,0,
slot7,1,1,521,2149249388,0,0,OTHER,,,,,,,0,0,
slot7,1,1,522,2149249392,0,0,OTHER,,,,,,,0,0,
slot7,1,1,523,2149249396,0,0,OTHER,,,,,,,0,0,
slot7,1,1,524,2149249400,0,0,OTHER,,,,,,,0,0,
slot7,1,1,525,2149249404,0,0,OTHER,,,,,,,0,0,
slot7,1,1,526,2149249408,0,0,OTHER,,,,,,,0,0,
slot7,1,1,527,2149249412,0,0,OTHER,,,,,,,0,0,
slot7,1,1,528,2149249416,0,0,OTHER,,,,,,,0,0,
slot7,1,1,529,2149249420,0,0,OTHER,,,,,,,0,0,
slot7,1,1,530,2149249424,0,0,OTHER,,,,,,,0,0,
slot7,1,1,531,2149249428,0,0,OTHER,,,,,,,0,0,
slot7,1,1,532,2149249432,0,0,OTHER,,,,,,,0,0,
slot7,1,1,533,2149249436,0,0,OTHER,,,,,,,0,0,
slot7,1,1,534,2149249440,0,0,OTHER,,,,,,,0,0,
slot7,1,1,535,2149249444,0,0,OTHER,,,,,,,0,0,
slot7,1,1,536,2149249448,0,0,OTHER,,,,,,,0,0,
slot7,1,1,537,2149249452,0,0,OTHER,,,,,,,0,0,
slot7,1,1,538,2149249456,0,0,OTHER,,,,,,,0,0,
slot7,1,1,539,2149249460,0,0,OTHER,,,,,,,0,0,
slot7,1,1,540,2149249464,0,0,OTHER,,,,,,,0,0,
slot7,1,1,541,2149249468,0,0,OTHER,,,,,,,0,0,
slot7,1,1,542,2149249472,0,0,OTHER,,,,,,,0,0,
slot7,1,1,543,2149249476,0,0,OTHER,,,,,,,0,0,
slot7,1,1,544,2149249480,0,0,OTHER,,,,,,,0,0,
slot7,1,1,545,2149249484,0,0,OTHER,,,,,,,0,0,
slot7,1,1,546,2149249488,0,0,OTHER,,,,,,,0,0,
slot7,1,1,547,2149249492,0,0,OTHER,,,,,,,0,0,
slot7,1,1,548,2149249496,0,0,OTHER,,,,,,,0,0,
slot7,1,1,549,2149249500,0,0,OTHER,,,,,,,0,0,
slot7,1,1,550,2149249504,0,0,OTHER,,,,,,,0,0,
slot7,1,1,551,2149249508,0,0,OTHER,,,,,,,0,0,
slot7,1,1,552,2149249512,0,0,OTHER,,,,,,,0,0,
slot7,1,1,553,2149249516,0,0,OTHER,,,,,,,0,0,
slot7,1,1,554,2149249520,0,0,OTHER,,,,,,,0,0,
slot7,1,1,555,2149249524,0,0,OTHER,,,,,,,0,0,
slot7,1,1,556,2149249528,0,0,OTHER,,,,,,,0,0,
slot7,1,1,557,2149249532,0,0,OTHER,,,,,,,0,0,
slot7,1,1,558,2149249536,0,0,OTHER,,,,,,,0,0,
slot7,1,1,559,2149249540,0,0,OTHER,,,,,,,0,0,
slot7,1,1,560,2149249544,0,0,OTHER,,,,,,,0,0,
slot7,1,1,561,2149249548,0,0,OTHER,,,,,,,0,0,
slot7,1,1,562,2149249552,0,0,OTHER,,,,,,,0,0,
slot7,1,1,563,2149249556,0,0,OTHER,,,,,,,0,0,
slot7,1,1,564,2149249560,0,0,OTHER,,,,,,,0,0,
slot7,1,1,565,2149344732,9,44,FT4,25,0,72,40,40,,0,0,
slot7,1,1,566,2149344692,9,44,FT4,25,40,64,32,32,,0,0,
slot7,1,1,567,2149344652,9,44,FT4,25,48,64,32,32,,0,0,
slot7,1,1,568,2149344612,9,44,FT4,25,160,64,8,8,,0,0,
slot7,1,1,569,2149249564,0,0,OTHER,,,,,,,0,0,
slot7,1,1,570,2149249568,0,0,OTHER,,,,,,,0,0,
slot7,1,1,571,2149249572,0,0,OTHER,,,,,,,0,0,
slot7,1,1,572,2149249576,0,0,OTHER,,,,,,,0,0,
slot7,1,1,573,2149249580,0,0,OTHER,,,,,,,0,0,
slot7,1,1,574,2149249584,0,0,OTHER,,,,,,,0,0,
slot7,1,1,575,2149249588,0,0,OTHER,,,,,,,0,0,
slot7,1,1,576,2149249592,0,0,OTHER,,,,,,,0,0,
slot7,1,1,577,2149249596,0,0,OTHER,,,,,,,0,0,
slot7,1,1,578,2149249600,0,0,OTHER,,,,,,,0,0,
slot7,1,1,579,2149249604,0,0,OTHER,,,,,,,0,0,
slot7,1,1,580,2149249608,0,0,OTHER,,,,,,,0,0,
slot7,1,1,581,2149249612,0,0,OTHER,,,,,,,0,0,
slot7,1,1,582,2149249616,0,0,OTHER,,,,,,,0,0,
slot7,1,1,583,2149249620,0,0,OTHER,,,,,,,0,0,
slot7,1,1,584,2149249624,0,0,OTHER,,,,,,,0,0,
slot7,1,1,585,2149339852,9,44,FT4,24,56,32,24,24,,0,0,
slot7,1,1,586,2149339812,9,44,FT4,24,96,24,24,24,,0,0,
slot7,1,1,587,2149249628,0,0,OTHER,,,,,,,0,0,
slot7,1,1,588,2149249632,0,0,OTHER,,,,,,,0,0,
slot7,1,1,589,2149249636,0,0,OTHER,,,,,,,0,0,
slot7,1,1,590,2149249640,0,0,OTHER,,,,,,,0,0,
slot7,1,1,591,2149249644,0,0,OTHER,,,,,,,0,0,
slot7,1,1,592,2149249648,0,0,OTHER,,,,,,,0,0,
slot7,1,1,593,2149249652,0,0,OTHER,,,,,,,0,0,
slot7,1,1,594,2149249656,0,0,OTHER,,,,,,,0,0,
slot7,1,1,595,2149249660,0,0,OTHER,,,,,,,0,0,
slot7,1,1,596,2149249664,0,0,OTHER,,,,,,,0,0,
slot7,1,1,597,2149249668,0,0,OTHER,,,,,,,0,0,
slot7,1,1,598,2149249672,0,0,OTHER,,,,,,,0,0,
slot7,1,1,599,2149249676,0,0,OTHER,,,,,,,0,0,
slot7,1,1,600,2149249680,0,0,OTHER,,,,,,,0,0,
slot7,1,1,601,2149249684,0,0,OTHER,,,,,,,0,0,
slot7,1,1,602,2149249688,0,0,OTHER,,,,,,,0,0,
slot7,1,1,603,2149249692,0,0,OTHER,,,,,,,0,0,
slot7,1,1,604,2149249696,0,0,OTHER,,,,,,,0,0,
slot7,1,1,605,2149249700,0,0,OTHER,,,,,,,0,0,
slot7,1,1,606,2149249704,0,0,OTHER,,,,,,,0,0,
slot7,1,1,607,2149249708,0,0,OTHER,,,,,,,0,0,
slot7,1,1,608,2149249712,0,0,OTHER,,,,,,,0,0,
slot7,1,1,609,2149249716,0,0,OTHER,,,,,,,0,0,
slot7,1,1,610,2149249720,0,0,OTHER,,,,,,,0,0,
slot7,1,1,611,2149249724,0,0,OTHER,,,,,,,0,0,
slot7,1,1,612,2149249728,0,0,OTHER,,,,,,,0,0,
slot7,1,1,613,2149249732,0,0,OTHER,,,,,,,0,0,
slot7,1,1,614,2149249736,0,0,OTHER,,,,,,,0,0,
slot7,1,1,615,2149249740,0,0,OTHER,,,,,,,0,0,
slot7,1,1,616,2149249744,0,0,OTHER,,,,,,,0,0,
slot7,1,1,617,2149249748,0,0,OTHER,,,,,,,0,0,
slot7,1,1,618,2149249752,0,0,OTHER,,,,,,,0,0,
slot7,1,1,619,2149249756,0,0,OTHER,,,,,,,0,0,
slot7,1,1,620,2149249760,0,0,OTHER,,,,,,,0,0,
slot7,1,1,621,2149249764,0,0,OTHER,,,,,,,0,0,
slot7,1,1,622,2149249768,0,0,OTHER,,,,,,,0,0,
slot7,1,1,623,2149249772,0,0,OTHER,,,,,,,0,0,
slot7,1,1,624,2149249776,0,0,OTHER,,,,,,,0,0,
slot7,1,1,625,2149249780,0,0,OTHER,,,,,,,0,0,
slot7,1,1,626,2149249784,0,0,OTHER,,,,,,,0,0,
slot7,1,1,627,2149249788,0,0,OTHER,,,,,,,0,0,
slot7,1,1,628,2149249792,0,0,OTHER,,,,,,,0,0,
slot7,1,1,629,2149249796,0,0,OTHER,,,,,,,0,0,
slot7,1,1,630,2149249800,0,0,OTHER,,,,,,,0,0,
slot7,1,1,631,2149249804,0,0,OTHER,,,,,,,0,0,
slot7,1,1,632,2149249808,0,0,OTHER,,,,,,,0,0,
slot7,1,1,633,2149249812,0,0,OTHER,,,,,,,0,0,
slot7,1,1,634,2149249816,0,0,OTHER,,,,,,,0,0,
slot7,1,1,635,2149342732,9,46,FT4,24,224,192,24,24,,0,0,
slot7,1,1,636,2149342692,9,46,FT4,24,224,200,24,24,,0,0,
slot7,1,1,637,2149249820,0,0,OTHER,,,,,,,0,0,
slot7,1,1,638,2149249824,0,0,OTHER,,,,,,,0,0,
slot7,1,1,639,2149249828,0,0,OTHER,,,,,,,0,0,
slot7,1,1,640,2149249832,0,0,OTHER,,,,,,,0,0,
slot7,1,1,641,2149249836,0,0,OTHER,,,,,,,0,0,
slot7,1,1,642,2149249840,0,0,OTHER,,,,,,,0,0,
slot7,1,1,643,2149249844,0,0,OTHER,,,,,,,0,0,
slot7,1,1,644,2149249848,0,0,OTHER,,,,,,,0,0,
slot7,1,1,645,2149249852,0,0,OTHER,,,,,,,0,0,
slot7,1,1,646,2149249856,0,0,OTHER,,,,,,,0,0,
slot7,1,1,647,2149249860,0,0,OTHER,,,,,,,0,0,
slot7,1,1,648,2149249864,0,0,OTHER,,,,,,,0,0,
slot7,1,1,649,2149249868,0,0,OTHER,,,,,,,0,0,
slot7,1,1,650,2149249872,0,0,OTHER,,,,,,,0,0,
slot7,1,1,651,2149249876,0,0,OTHER,,,,,,,0,0,
slot7,1,1,652,2149249880,0,0,OTHER,,,,,,,0,0,
slot7,1,1,653,2149249884,0,0,OTHER,,,,,,,0,0,
slot7,1,1,654,2149249888,0,0,OTHER,,,,,,,0,0,
slot7,1,1,655,2149249892,0,0,OTHER,,,,,,,0,0,
slot7,1,1,656,2149249896,0,0,OTHER,,,,,,,0,0,
slot7,1,1,657,2149249900,0,0,OTHER,,,,,,,0,0,
slot7,1,1,658,2149249904,0,0,OTHER,,,,,,,0,0,
slot7,1,1,659,2149249908,0,0,OTHER,,,,,,,0,0,
slot7,1,1,660,2149249912,0,0,OTHER,,,,,,,0,0,
slot7,1,1,661,2149249916,0,0,OTHER,,,,,,,0,0,
slot7,1,1,662,2149249920,0,0,OTHER,,,,,,,0,0,
slot7,1,1,663,2149249924,0,0,OTHER,,,,,,,0,0,
slot7,1,1,664,2149249928,0,0,OTHER,,,,,,,0,0,
slot7,1,1,665,2149249932,0,0,OTHER,,,,,,,0,0,
slot7,1,1,666,2149249936,0,0,OTHER,,,,,,,0,0,
slot7,1,1,667,2149249940,0,0,OTHER,,,,,,,0,0,
slot7,1,1,668,2149249944,0,0,OTHER,,,,,,,0,0,
slot7,1,1,669,2149249948,0,0,OTHER,,,,,,,0,0,
slot7,1,1,670,2149249952,0,0,OTHER,,,,,,,0,0,
slot7,1,1,671,2149249956,0,0,OTHER,,,,,,,0,0,
slot7,1,1,672,2149249960,0,0,OTHER,,,,,,,0,0,
slot7,1,1,673,2149249964,0,0,OTHER,,,,,,,0,0,
slot7,1,1,674,2149249968,0,0,OTHER,,,,,,,0,0,
slot7,1,1,675,2149249972,0,0,OTHER,,,,,,,0,0,
slot7,1,1,676,2149249976,0,0,OTHER,,,,,,,0,0,
slot7,1,1,677,2149249980,0,0,OTHER,,,,,,,0,0,
slot7,1,1,678,2149249984,0,0,OTHER,,,,,,,0,0,
slot7,1,1,679,2149249988,0,0,OTHER,,,,,,,0,0,
slot7,1,1,680,2149249992,0,0,OTHER,,,,,,,0,0,
slot7,1,1,681,2149249996,0,0,OTHER,,,,,,,0,0,
slot7,1,1,682,2149250000,0,0,OTHER,,,,,,,0,0,
slot7,1,1,683,2149250004,0,0,OTHER,,,,,,,0,0,
slot7,1,1,684,2149250008,0,0,OTHER,,,,,,,0,0,
slot7,1,1,685,2149250012,0,0,OTHER,,,,,,,0,0,
slot7,1,1,686,2149250016,0,0,OTHER,,,,,,,0,0,
slot7,1,1,687,2149250020,0,0,OTHER,,,,,,,0,0,
slot7,1,1,688,2149250024,0,0,OTHER,,,,,,,0,0,
slot7,1,1,689,2149250028,0,0,OTHER,,,,,,,0,0,
slot7,1,1,690,2149250032,0,0,OTHER,,,,,,,0,0,
slot7,1,1,691,2149250036,0,0,OTHER,,,,,,,0,0,
slot7,1,1,692,2149250040,0,0,OTHER,,,,,,,0,0,
slot7,1,1,693,2149250044,0,0,OTHER,,,,,,,0,0,
slot7,1,1,694,2149250048,0,0,OTHER,,,,,,,0,0,
slot7,1,1,695,2149312276,9,44,FT4,11,224,64,32,32,,0,0,
slot7,1,1,696,2149312236,9,44,FT4,134,192,0,32,32,,0,0,
slot7,1,1,697,2149312196,9,44,FT4,134,160,0,32,32,,0,0,
slot7,1,1,698,2149312156,9,44,FT4,134,128,0,32,32,,0,0,
slot7,1,1,699,2149312116,9,44,FT4,134,96,0,32,32,,0,0,
slot7,1,1,700,2149312076,9,44,FT4,134,64,0,32,32,,0,0,
slot7,1,1,701,2149311996,9,44,FT4,11,224,64,32,32,,0,0,
slot7,1,1,702,2149309956,9,44,FT4,11,0,192,32,32,,0,0,
slot7,1,1,703,2149250052,0,0,OTHER,,,,,,,0,0,
slot7,1,1,704,2149250056,0,0,OTHER,,,,,,,0,0,
slot7,1,1,705,2149250060,0,0,OTHER,,,,,,,0,0,
slot7,1,1,706,2149262928,2,225,DR_TPAGE,21,,,,,,0,0,
slot7,1,1,707,2149260068,5,43,OTHER,21,,,,,,0,0,
slot7,1,1,708,2149527528,4,33,OTHER,21,,,,,,0,0,
slot7,1,1,709,2149250064,0,0,OTHER,21,,,,,,0,0,
slot7,1,1,710,2149250068,0,0,OTHER,21,,,,,,0,0,
slot7,1,1,711,2149316252,2,225,DR_TPAGE,31,,,,,,0,0,
slot7,1,1,712,2149555580,2,225,DR_TPAGE,5,,,,,,0,0,
slot7,1,1,713,2149313704,4,101,SPRT,5,204,12,12,12,32707,0,0,
slot7,1,1,714,2149313652,4,101,SPRT,5,204,12,12,12,32707,0,0,
slot7,1,1,715,2149313600,4,101,SPRT,5,204,12,12,12,32707,0,0,
slot7,1,1,716,2149313548,4,101,SPRT,5,204,12,12,12,32707,0,0,
slot7,1,1,717,2149313496,4,101,SPRT,5,204,12,12,12,32707,0,0,
slot7,1,1,718,2149313444,4,101,SPRT,5,36,0,12,12,32706,0,0,
slot7,1,1,719,2149313392,4,101,SPRT,5,36,0,12,12,32706,0,0,
slot7,1,1,720,2149313340,4,101,SPRT,5,36,0,12,12,32706,0,0,
slot7,1,1,721,2149313288,4,101,SPRT,5,216,12,12,12,32705,0,0,
slot7,1,1,722,2149313236,4,101,SPRT,5,192,12,12,12,32704,0,0,
slot7,1,1,723,2149313184,4,101,SPRT,5,204,12,12,12,32707,0,0,
slot7,1,1,724,2149313132,4,101,SPRT,5,48,120,12,12,32705,0,0,
slot7,1,1,725,2149313080,4,101,SPRT,5,204,0,12,12,32704,0,0,
slot7,1,1,726,2149313028,4,101,SPRT,5,36,120,12,12,32705,0,0,
slot7,1,1,727,2149312976,4,101,SPRT,5,228,0,12,12,32705,0,0,
slot8,1,1,0,2149248028,0,0,OTHER,,,,,,,0,0,
slot8,1,1,1,2149248032,0,0,OTHER,,,,,,,0,0,
slot8,1,1,2,2149248036,0,0,OTHER,,,,,,,0,0,
slot8,1,1,3,2149248040,0,0,OTHER,,,,,,,0,0,
slot8,1,1,4,2149292556,9,44,FT4,138,64,224,32,32,,0,0,
slot8,1,1,5,2149292516,9,44,FT4,138,32,224,32,32,,0,0,
slot8,1,1,6,2149292476,9,44,FT4,138,0,224,32,32,,0,0,
slot8,1,1,7,2149292436,9,44,FT4,136,192,224,32,32,,0,0,
slot8,1,1,8,2149292396,9,44,FT4,136,160,224,32,32,,0,0,
slot8,1,1,9,2149292356,9,44,FT4,136,128,224,32,32,,0,0,
slot8,1,1,10,2149292316,9,44,FT4,136,96,224,32,32,,0,0,
slot8,1,1,11,2149292276,9,44,FT4,136,64,224,32,32,,0,0,
slot8,1,1,12,2149292236,9,44,FT4,136,32,224,32,32,,0,0,
slot8,1,1,13,2149292196,9,44,FT4,136,0,224,32,32,,0,0,
slot8,1,1,14,2149292036,9,44,FT4,138,64,192,32,32,,0,0,
slot8,1,1,15,2149291996,9,44,FT4,138,32,192,32,32,,0,0,
slot8,1,1,16,2149291956,9,44,FT4,138,0,192,32,32,,0,0,
slot8,1,1,17,2149291916,9,44,FT4,136,192,192,32,32,,0,0,
slot8,1,1,18,2149291876,9,44,FT4,136,160,192,32,32,,0,0,
slot8,1,1,19,2149291836,9,44,FT4,136,128,192,32,32,,0,0,
slot8,1,1,20,2149291796,9,44,FT4,136,96,192,32,32,,0,0,
slot8,1,1,21,2149291756,9,44,FT4,136,64,192,32,32,,0,0,
slot8,1,1,22,2149291716,9,44,FT4,136,32,192,32,32,,0,0,
slot8,1,1,23,2149291676,9,44,FT4,136,0,192,32,32,,0,0,
slot8,1,1,24,2149291516,9,44,FT4,138,64,160,32,32,,0,0,
slot8,1,1,25,2149291476,9,44,FT4,138,32,160,32,32,,0,0,
slot8,1,1,26,2149291436,9,44,FT4,138,0,160,32,32,,0,0,
slot8,1,1,27,2149291396,9,44,FT4,136,192,160,32,32,,0,0,
slot8,1,1,28,2149291356,9,44,FT4,136,160,160,32,32,,0,0,
slot8,1,1,29,2149291316,9,44,FT4,136,128,160,32,32,,0,0,
slot8,1,1,30,2149291276,9,44,FT4,136,96,160,32,32,,0,0,
slot8,1,1,31,2149291236,9,44,FT4,136,64,160,32,32,,0,0,
slot8,1,1,32,2149291196,9,44,FT4,136,32,160,32,32,,0,0,
slot8,1,1,33,2149291156,9,44,FT4,136,0,160,32,32,,0,0,
slot8,1,1,34,2149290996,9,44,FT4,138,64,128,32,32,,0,0,
slot8,1,1,35,2149290956,9,44,FT4,138,32,128,32,32,,0,0,
slot8,1,1,36,2149290916,9,44,FT4,138,0,128,32,32,,0,0,
slot8,1,1,37,2149290876,9,44,FT4,136,192,128,32,32,,0,0,
slot8,1,1,38,2149290836,9,44,FT4,136,160,128,32,32,,0,0,
slot8,1,1,39,2149290796,9,44,FT4,136,128,128,32,32,,0,0,
slot8,1,1,40,2149290756,9,44,FT4,136,96,128,32,32,,0,0,
slot8,1,1,41,2149290716,9,44,FT4,136,64,128,32,32,,0,0,
slot8,1,1,42,2149290676,9,44,FT4,136,32,128,32,32,,0,0,
slot8,1,1,43,2149290636,9,44,FT4,136,0,128,32,32,,0,0,
slot8,1,1,44,2149290476,9,44,FT4,138,64,96,32,32,,0,0,
slot8,1,1,45,2149290436,9,44,FT4,138,32,96,32,32,,0,0,
slot8,1,1,46,2149290396,9,44,FT4,138,0,96,32,32,,0,0,
slot8,1,1,47,2149290356,9,44,FT4,136,192,96,32,32,,0,0,
slot8,1,1,48,2149290316,9,44,FT4,136,160,96,32,32,,0,0,
slot8,1,1,49,2149290276,9,44,FT4,136,128,96,32,32,,0,0,
slot8,1,1,50,2149290236,9,44,FT4,136,96,96,32,32,,0,0,
slot8,1,1,51,2149290196,9,44,FT4,136,64,96,32,32,,0,0,
slot8,1,1,52,2149290156,9,44,FT4,136,32,96,32,32,,0,0,
slot8,1,1,53,2149290116,9,44,FT4,136,0,96,32,32,,0,0,
slot8,1,1,54,2149248044,0,0,OTHER,,,,,,,0,0,
slot8,1,1,55,2149300916,9,46,FT4,39,128,0,32,32,,0,0,
slot8,1,1,56,2149300876,9,46,FT4,39,96,0,32,32,,0,0,
slot8,1,1,57,2149300836,9,46,FT4,39,64,0,32,32,,0,0,
slot8,1,1,58,2149300516,9,46,FT4,39,128,0,32,32,,0,0,
slot8,1,1,59,2149300476,9,46,FT4,39,96,0,32,32,,0,0,
slot8,1,1,60,2149295956,9,46,FT4,39,32,32,32,32,,0,0,
slot8,1,1,61,2149295916,9,46,FT4,39,0,32,32,32,,0,0,
slot8,1,1,62,2149248048,0,0,OTHER,,,,,,,0,0,
slot8,1,1,63,2149306076,9,44,FT4,6,192,64,32,32,,0,0,
slot8,1,1,64,2149306036,9,44,FT4,6,224,224,32,32,,0,0,
slot8,1,1,65,2149305996,9,44,FT4,6,192,224,32,32,,0,0,
slot8,1,1,66,2149305956,9,44,FT4,6,160,224,32,32,,0,0,
slot8,1,1,67,2149305916,9,44,FT4,6,128,224,32,32,,0,0,
slot8,1,1,68,2149305876,9,44,FT4,6,96,224,32,32,,0,0,
slot8,1,1,69,2149305836,9,44,FT4,6,64,224,32,32,,0,0,
slot8,1,1,70,2149305796,9,44,FT4,6,224,224,32,32,,0,0,
slot8,1,1,71,2149305756,9,44,FT4,6,192,224,32,32,,0,0,
slot8,1,1,72,2149305716,9,44,FT4,6,160,64,32,32,,0,0,
slot8,1,1,73,2149305556,9,44,FT4,6,192,32,32,32,,0,0,
slot8,1,1,74,2149305516,9,44,FT4,6,224,192,32,32,,0,0,
slot8,1,1,75,2149305476,9,44,FT4,6,192,192,32,32,,0,0,
slot8,1,1,76,2149305436,9,44,FT4,6,160,192,32,32,,0,0,
slot8,1,1,77,2149305396,9,44,FT4,6,128,192,32,32,,0,0,
slot8,1,1,78,2149305356,9,44,FT4,6,96,192,32,32,,0,0,
slot8,1,1,79,2149305316,9,44,FT4,6,64,192,32,32,,0,0,
slot8,1,1,80,2149305276,9,44,FT4,6,224,192,32,32,,0,0,
slot8,1,1,81,2149305236,9,44,FT4,6,192,192,32,32,,0,0,
slot8,1,1,82,2149305196,9,44,FT4,6,160,32,32,32,,0,0,
slot8,1,1,83,2149305036,9,44,FT4,6,192,0,32,32,,0,0,
slot8,1,1,84,2149304996,9,44,FT4,6,224,160,32,32,,0,0,
slot8,1,1,85,2149304956,9,44,FT4,6,192,160,32,32,,0,0,
slot8,1,1,86,2149304916,9,44,FT4,6,160,160,32,32,,0,0,
slot8,1,1,87,2149304876,9,44,FT4,6,128,160,32,32,,0,0,
slot8,1,1,88,2149304836,9,44,FT4,6,96,160,32,32,,0,0,
slot8,1,1,89,2149304796,9,44,FT4,6,64,160,32,32,,0,0,
slot8,1,1,90,2149304756,9,44,FT4,6,160,160,32,32,,0,0,
slot8,1,1,91,2149304716,9,44,FT4,6,0,160,32,32,,0,0,
slot8,1,1,92,2149304676,9,44,FT4,6,160,0,32,32,,0,0,
slot8,1,1,93,2149304516,9,44,FT4,6,128,32,32,32,,0,0,
slot8,1,1,94,2149304476,9,44,FT4,6,224,128,32,32,,0,0,
slot8,1,1,95,2149304436,9,44,FT4,6,192,128,32,32,,0,0,
slot8,1,1,96,2149304396,9,44,FT4,6,160,128,32,32,,0,0,
slot8,1,1,97,2149304356,9,44,FT4,6,128,128,32,32,,0,0,
slot8,1,1,98,2149304316,9,44,FT4,6,96,128,32,32,,0,0,
slot8,1,1,99,2149304276,9,44,FT4,6,64,128,32,32,,0,0,
slot8,1,1,100,2149304236,9,44,FT4,6,32,128,32,32,,0,0,
slot8,1,1,101,2149304196,9,44,FT4,6,0,128,32,32,,0,0,
slot8,1,1,102,2149304156,9,44,FT4,6,96,32,32,32,,0,0,
slot8,1,1,103,2149303996,9,44,FT4,6,128,0,32,32,,0,0,
slot8,1,1,104,2149303956,9,44,FT4,6,224,96,32,32,,0,0,
slot8,1,1,105,2149303916,9,44,FT4,6,192,96,32,32,,0,0,
slot8,1,1,106,2149303876,9,44,FT4,6,160,96,32,32,,0,0,
slot8,1,1,107,2149303836,9,44,FT4,6,128,96,32,32,,0,0,
slot8,1,1,108,2149303796,9,44,FT4,6,96,96,32,32,,0,0,
slot8,1,1,109,2149303756,9,44,FT4,6,64,96,32,32,,0,0,
slot8,1,1,110,2149303716,9,44,FT4,6,32,96,32,32,,0,0,
slot8,1,1,111,2149303676,9,44,FT4,6,0,96,32,32,,0,0,
slot8,1,1,112,2149303636,9,44,FT4,6,96,0,32,32,,0,0,
slot8,1,1,113,2149303396,9,44,FT4,6,32,160,32,32,,0,0,
slot8,1,1,114,2149303356,9,44,FT4,6,224,64,32,32,,0,0,
slot8,1,1,115,2149303316,9,44,FT4,6,128,64,32,32,,0,0,
slot8,1,1,116,2149303276,9,44,FT4,6,96,64,32,32,,0,0,
slot8,1,1,117,2149303236,9,44,FT4,6,64,0,32,32,,0,0,
slot8,1,1,118,2149303196,9,44,FT4,6,32,0,32,32,,0,0,
slot8,1,1,119,2149302916,9,44,FT4,6,32,224,32,32,,0,0,
slot8,1,1,120,2149302876,9,44,FT4,6,0,224,32,32,,0,0,
slot8,1,1,121,2149302836,9,44,FT4,6,224,32,32,32,,0,0,
slot8,1,1,122,2149302716,9,44,FT4,6,64,64,32,32,,0,0,
slot8,1,1,123,2149302676,9,44,FT4,6,32,64,32,32,,0,0,
slot8,1,1,124,2149302636,9,44,FT4,6,0,64,32,32,,0,0,
slot8,1,1,125,2149302396,9,44,FT4,6,32,192,32,32,,0,0,
slot8,1,1,126,2149302356,9,44,FT4,6,0,192,32,32,,0,0,
slot8,1,1,127,2149302316,9,44,FT4,6,224,0,32,32,,0,0,
slot8,1,1,128,2149302276,9,46,FT4,39,224,32,32,32,,0,0,
slot8,1,1,129,2149302196,9,44,FT4,6,64,32,32,32,,0,0,
slot8,1,1,130,2149302156,9,44,FT4,6,32,32,32,32,,0,0,
slot8,1,1,131,2149302116,9,44,FT4,6,0,32,32,32,,0,0,
slot8,1,1,132,2149301756,9,46,FT4,39,224,0,32,32,,0,0,
slot8,1,1,133,2149248052,0,0,OTHER,,,,,,,0,0,
slot8,1,1,134,2149248056,0,0,OTHER,,,,,,,0,0,
slot8,1,1,135,2149248060,0,0,OTHER,,,,,,,0,0,
slot8,1,1,136,2149248064,0,0,OTHER,,,,,,,0,0,
slot8,1,1,137,2149248068,0,0,OTHER,,,,,,,0,0,
slot8,1,1,138,2149248072,0,0,OTHER,,,,,,,0,0,
slot8,1,1,139,2149248076,0,0,OTHER,,,,,,,0,0,
slot8,1,1,140,2149248080,0,0,OTHER,,,,,,,0,0,
slot8,1,1,141,2149248084,0,0,OTHER,,,,,,,0,0,
slot8,1,1,142,2149248088,0,0,OTHER,,,,,,,0,0,
slot8,1,1,143,2149248092,0,0,OTHER,,,,,,,0,0,
slot8,1,1,144,2149248096,0,0,OTHER,,,,,,,0,0,
slot8,1,1,145,2149248100,0,0,OTHER,,,,,,,0,0,
slot8,1,1,146,2149248104,0,0,OTHER,,,,,,,0,0,
slot8,1,1,147,2149248108,0,0,OTHER,,,,,,,0,0,
slot8,1,1,148,2149248112,0,0,OTHER,,,,,,,0,0,
slot8,1,1,149,2149248116,0,0,OTHER,,,,,,,0,0,
slot8,1,1,150,2149248120,0,0,OTHER,,,,,,,0,0,
slot8,1,1,151,2149248124,0,0,OTHER,,,,,,,0,0,
slot8,1,1,152,2149248128,0,0,OTHER,,,,,,,0,0,
slot8,1,1,153,2149248132,0,0,OTHER,,,,,,,0,0,
slot8,1,1,154,2149248136,0,0,OTHER,,,,,,,0,0,
slot8,1,1,155,2149248140,0,0,OTHER,,,,,,,0,0,
slot8,1,1,156,2149248144,0,0,OTHER,,,,,,,0,0,
slot8,1,1,157,2149248148,0,0,OTHER,,,,,,,0,0,
slot8,1,1,158,2149248152,0,0,OTHER,,,,,,,0,0,
slot8,1,1,159,2149248156,0,0,OTHER,,,,,,,0,0,
slot8,1,1,160,2149248160,0,0,OTHER,,,,,,,0,0,
slot8,1,1,161,2149248164,0,0,OTHER,,,,,,,0,0,
slot8,1,1,162,2149248168,0,0,OTHER,,,,,,,0,0,
slot8,1,1,163,2149248172,0,0,OTHER,,,,,,,0,0,
slot8,1,1,164,2149248176,0,0,OTHER,,,,,,,0,0,
slot8,1,1,165,2149248180,0,0,OTHER,,,,,,,0,0,
slot8,1,1,166,2149248184,0,0,OTHER,,,,,,,0,0,
slot8,1,1,167,2149248188,0,0,OTHER,,,,,,,0,0,
slot8,1,1,168,2149248192,0,0,OTHER,,,,,,,0,0,
slot8,1,1,169,2149248196,0,0,OTHER,,,,,,,0,0,
slot8,1,1,170,2149248200,0,0,OTHER,,,,,,,0,0,
slot8,1,1,171,2149248204,0,0,OTHER,,,,,,,0,0,
slot8,1,1,172,2149248208,0,0,OTHER,,,,,,,0,0,
slot8,1,1,173,2149248212,0,0,OTHER,,,,,,,0,0,
slot8,1,1,174,2149248216,0,0,OTHER,,,,,,,0,0,
slot8,1,1,175,2149248220,0,0,OTHER,,,,,,,0,0,
slot8,1,1,176,2149248224,0,0,OTHER,,,,,,,0,0,
slot8,1,1,177,2149248228,0,0,OTHER,,,,,,,0,0,
slot8,1,1,178,2149248232,0,0,OTHER,,,,,,,0,0,
slot8,1,1,179,2149248236,0,0,OTHER,,,,,,,0,0,
slot8,1,1,180,2149248240,0,0,OTHER,,,,,,,0,0,
slot8,1,1,181,2149248244,0,0,OTHER,,,,,,,0,0,
slot8,1,1,182,2149248248,0,0,OTHER,,,,,,,0,0,
slot8,1,1,183,2149248252,0,0,OTHER,,,,,,,0,0,
slot8,1,1,184,2149248256,0,0,OTHER,,,,,,,0,0,
slot8,1,1,185,2149248260,0,0,OTHER,,,,,,,0,0,
slot8,1,1,186,2149248264,0,0,OTHER,,,,,,,0,0,
slot8,1,1,187,2149248268,0,0,OTHER,,,,,,,0,0,
slot8,1,1,188,2149248272,0,0,OTHER,,,,,,,0,0,
slot8,1,1,189,2149248276,0,0,OTHER,,,,,,,0,0,
slot8,1,1,190,2149248280,0,0,OTHER,,,,,,,0,0,
slot8,1,1,191,2149248284,0,0,OTHER,,,,,,,0,0,
slot8,1,1,192,2149248288,0,0,OTHER,,,,,,,0,0,
slot8,1,1,193,2149248292,0,0,OTHER,,,,,,,0,0,
slot8,1,1,194,2149248296,0,0,OTHER,,,,,,,0,0,
slot8,1,1,195,2149248300,0,0,OTHER,,,,,,,0,0,
slot8,1,1,196,2149248304,0,0,OTHER,,,,,,,0,0,
slot8,1,1,197,2149248308,0,0,OTHER,,,,,,,0,0,
slot8,1,1,198,2149248312,0,0,OTHER,,,,,,,0,0,
slot8,1,1,199,2149248316,0,0,OTHER,,,,,,,0,0,
slot8,1,1,200,2149248320,0,0,OTHER,,,,,,,0,0,
slot8,1,1,201,2149248324,0,0,OTHER,,,,,,,0,0,
slot8,1,1,202,2149248328,0,0,OTHER,,,,,,,0,0,
slot8,1,1,203,2149248332,0,0,OTHER,,,,,,,0,0,
slot8,1,1,204,2149248336,0,0,OTHER,,,,,,,0,0,
slot8,1,1,205,2149248340,0,0,OTHER,,,,,,,0,0,
slot8,1,1,206,2149248344,0,0,OTHER,,,,,,,0,0,
slot8,1,1,207,2149248348,0,0,OTHER,,,,,,,0,0,
slot8,1,1,208,2149248352,0,0,OTHER,,,,,,,0,0,
slot8,1,1,209,2149248356,0,0,OTHER,,,,,,,0,0,
slot8,1,1,210,2149248360,0,0,OTHER,,,,,,,0,0,
slot8,1,1,211,2149248364,0,0,OTHER,,,,,,,0,0,
slot8,1,1,212,2149248368,0,0,OTHER,,,,,,,0,0,
slot8,1,1,213,2149248372,0,0,OTHER,,,,,,,0,0,
slot8,1,1,214,2149248376,0,0,OTHER,,,,,,,0,0,
slot8,1,1,215,2149248380,0,0,OTHER,,,,,,,0,0,
slot8,1,1,216,2149248384,0,0,OTHER,,,,,,,0,0,
slot8,1,1,217,2149248388,0,0,OTHER,,,,,,,0,0,
slot8,1,1,218,2149248392,0,0,OTHER,,,,,,,0,0,
slot8,1,1,219,2149248396,0,0,OTHER,,,,,,,0,0,
slot8,1,1,220,2149248400,0,0,OTHER,,,,,,,0,0,
slot8,1,1,221,2149248404,0,0,OTHER,,,,,,,0,0,
slot8,1,1,222,2149248408,0,0,OTHER,,,,,,,0,0,
slot8,1,1,223,2149248412,0,0,OTHER,,,,,,,0,0,
slot8,1,1,224,2149248416,0,0,OTHER,,,,,,,0,0,
slot8,1,1,225,2149248420,0,0,OTHER,,,,,,,0,0,
slot8,1,1,226,2149248424,0,0,OTHER,,,,,,,0,0,
slot8,1,1,227,2149248428,0,0,OTHER,,,,,,,0,0,
slot8,1,1,228,2149248432,0,0,OTHER,,,,,,,0,0,
slot8,1,1,229,2149248436,0,0,OTHER,,,,,,,0,0,
slot8,1,1,230,2149248440,0,0,OTHER,,,,,,,0,0,
slot8,1,1,231,2149248444,0,0,OTHER,,,,,,,0,0,
slot8,1,1,232,2149248448,0,0,OTHER,,,,,,,0,0,
slot8,1,1,233,2149248452,0,0,OTHER,,,,,,,0,0,
slot8,1,1,234,2149248456,0,0,OTHER,,,,,,,0,0,
slot8,1,1,235,2149248460,0,0,OTHER,,,,,,,0,0,
slot8,1,1,236,2149248464,0,0,OTHER,,,,,,,0,0,
slot8,1,1,237,2149248468,0,0,OTHER,,,,,,,0,0,
slot8,1,1,238,2149248472,0,0,OTHER,,,,,,,0,0,
slot8,1,1,239,2149248476,0,0,OTHER,,,,,,,0,0,
slot8,1,1,240,2149248480,0,0,OTHER,,,,,,,0,0,
slot8,1,1,241,2149248484,0,0,OTHER,,,,,,,0,0,
slot8,1,1,242,2149248488,0,0,OTHER,,,,,,,0,0,
slot8,1,1,243,2149248492,0,0,OTHER,,,,,,,0,0,
slot8,1,1,244,2149248496,0,0,OTHER,,,,,,,0,0,
slot8,1,1,245,2149248500,0,0,OTHER,,,,,,,0,0,
slot8,1,1,246,2149248504,0,0,OTHER,,,,,,,0,0,
slot8,1,1,247,2149248508,0,0,OTHER,,,,,,,0,0,
slot8,1,1,248,2149248512,0,0,OTHER,,,,,,,0,0,
slot8,1,1,249,2149248516,0,0,OTHER,,,,,,,0,0,
slot8,1,1,250,2149248520,0,0,OTHER,,,,,,,0,0,
slot8,1,1,251,2149248524,0,0,OTHER,,,,,,,0,0,
slot8,1,1,252,2149248528,0,0,OTHER,,,,,,,0,0,
slot8,1,1,253,2149248532,0,0,OTHER,,,,,,,0,0,
slot8,1,1,254,2149248536,0,0,OTHER,,,,,,,0,0,
slot8,1,1,255,2149248540,0,0,OTHER,,,,,,,0,0,
slot8,1,1,256,2149248544,0,0,OTHER,,,,,,,0,0,
slot8,1,1,257,2149248548,0,0,OTHER,,,,,,,0,0,
slot8,1,1,258,2149248552,0,0,OTHER,,,,,,,0,0,
slot8,1,1,259,2149248556,0,0,OTHER,,,,,,,0,0,
slot8,1,1,260,2149248560,0,0,OTHER,,,,,,,0,0,
slot8,1,1,261,2149248564,0,0,OTHER,,,,,,,0,0,
slot8,1,1,262,2149248568,0,0,OTHER,,,,,,,0,0,
slot8,1,1,263,2149248572,0,0,OTHER,,,,,,,0,0,
slot8,1,1,264,2149248576,0,0,OTHER,,,,,,,0,0,
slot8,1,1,265,2149248580,0,0,OTHER,,,,,,,0,0,
slot8,1,1,266,2149248584,0,0,OTHER,,,,,,,0,0,
slot8,1,1,267,2149248588,0,0,OTHER,,,,,,,0,0,
slot8,1,1,268,2149248592,0,0,OTHER,,,,,,,0,0,
slot8,1,1,269,2149248596,0,0,OTHER,,,,,,,0,0,
slot8,1,1,270,2149248600,0,0,OTHER,,,,,,,0,0,
slot8,1,1,271,2149248604,0,0,OTHER,,,,,,,0,0,
slot8,1,1,272,2149248608,0,0,OTHER,,,,,,,0,0,
slot8,1,1,273,2149248612,0,0,OTHER,,,,,,,0,0,
slot8,1,1,274,2149248616,0,0,OTHER,,,,,,,0,0,
slot8,1,1,275,2149248620,0,0,OTHER,,,,,,,0,0,
slot8,1,1,276,2149248624,0,0,OTHER,,,,,,,0,0,
slot8,1,1,277,2149248628,0,0,OTHER,,,,,,,0,0,
slot8,1,1,278,2149248632,0,0,OTHER,,,,,,,0,0,
slot8,1,1,279,2149248636,0,0,OTHER,,,,,,,0,0,
slot8,1,1,280,2149248640,0,0,OTHER,,,,,,,0,0,
slot8,1,1,281,2149248644,0,0,OTHER,,,,,,,0,0,
slot8,1,1,282,2149248648,0,0,OTHER,,,,,,,0,0,
slot8,1,1,283,2149248652,0,0,OTHER,,,,,,,0,0,
slot8,1,1,284,2149248656,0,0,OTHER,,,,,,,0,0,
slot8,1,1,285,2149248660,0,0,OTHER,,,,,,,0,0,
slot8,1,1,286,2149248664,0,0,OTHER,,,,,,,0,0,
slot8,1,1,287,2149248668,0,0,OTHER,,,,,,,0,0,
slot8,1,1,288,2149248672,0,0,OTHER,,,,,,,0,0,
slot8,1,1,289,2149248676,0,0,OTHER,,,,,,,0,0,
slot8,1,1,290,2149248680,0,0,OTHER,,,,,,,0,0,
slot8,1,1,291,2149248684,0,0,OTHER,,,,,,,0,0,
slot8,1,1,292,2149248688,0,0,OTHER,,,,,,,0,0,
slot8,1,1,293,2149248692,0,0,OTHER,,,,,,,0,0,
slot8,1,1,294,2149248696,0,0,OTHER,,,,,,,0,0,
slot8,1,1,295,2149248700,0,0,OTHER,,,,,,,0,0,
slot8,1,1,296,2149248704,0,0,OTHER,,,,,,,0,0,
slot8,1,1,297,2149248708,0,0,OTHER,,,,,,,0,0,
slot8,1,1,298,2149248712,0,0,OTHER,,,,,,,0,0,
slot8,1,1,299,2149248716,0,0,OTHER,,,,,,,0,0,
slot8,1,1,300,2149248720,0,0,OTHER,,,,,,,0,0,
slot8,1,1,301,2149248724,0,0,OTHER,,,,,,,0,0,
slot8,1,1,302,2149248728,0,0,OTHER,,,,,,,0,0,
slot8,1,1,303,2149248732,0,0,OTHER,,,,,,,0,0,
slot8,1,1,304,2149248736,0,0,OTHER,,,,,,,0,0,
slot8,1,1,305,2149248740,0,0,OTHER,,,,,,,0,0,
slot8,1,1,306,2149248744,0,0,OTHER,,,,,,,0,0,
slot8,1,1,307,2149248748,0,0,OTHER,,,,,,,0,0,
slot8,1,1,308,2149248752,0,0,OTHER,,,,,,,0,0,
slot8,1,1,309,2149248756,0,0,OTHER,,,,,,,0,0,
slot8,1,1,310,2149248760,0,0,OTHER,,,,,,,0,0,
slot8,1,1,311,2149248764,0,0,OTHER,,,,,,,0,0,
slot8,1,1,312,2149248768,0,0,OTHER,,,,,,,0,0,
slot8,1,1,313,2149248772,0,0,OTHER,,,,,,,0,0,
slot8,1,1,314,2149248776,0,0,OTHER,,,,,,,0,0,
slot8,1,1,315,2149248780,0,0,OTHER,,,,,,,0,0,
slot8,1,1,316,2149248784,0,0,OTHER,,,,,,,0,0,
slot8,1,1,317,2149248788,0,0,OTHER,,,,,,,0,0,
slot8,1,1,318,2149248792,0,0,OTHER,,,,,,,0,0,
slot8,1,1,319,2149248796,0,0,OTHER,,,,,,,0,0,
slot8,1,1,320,2149248800,0,0,OTHER,,,,,,,0,0,
slot8,1,1,321,2149248804,0,0,OTHER,,,,,,,0,0,
slot8,1,1,322,2149248808,0,0,OTHER,,,,,,,0,0,
slot8,1,1,323,2149248812,0,0,OTHER,,,,,,,0,0,
slot8,1,1,324,2149248816,0,0,OTHER,,,,,,,0,0,
slot8,1,1,325,2149248820,0,0,OTHER,,,,,,,0,0,
slot8,1,1,326,2149248824,0,0,OTHER,,,,,,,0,0,
slot8,1,1,327,2149248828,0,0,OTHER,,,,,,,0,0,
slot8,1,1,328,2149248832,0,0,OTHER,,,,,,,0,0,
slot8,1,1,329,2149248836,0,0,OTHER,,,,,,,0,0,
slot8,1,1,330,2149248840,0,0,OTHER,,,,,,,0,0,
slot8,1,1,331,2149248844,0,0,OTHER,,,,,,,0,0,
slot8,1,1,332,2149248848,0,0,OTHER,,,,,,,0,0,
slot8,1,1,333,2149248852,0,0,OTHER,,,,,,,0,0,
slot8,1,1,334,2149248856,0,0,OTHER,,,,,,,0,0,
slot8,1,1,335,2149248860,0,0,OTHER,,,,,,,0,0,
slot8,1,1,336,2149248864,0,0,OTHER,,,,,,,0,0,
slot8,1,1,337,2149248868,0,0,OTHER,,,,,,,0,0,
slot8,1,1,338,2149248872,0,0,OTHER,,,,,,,0,0,
slot8,1,1,339,2149248876,0,0,OTHER,,,,,,,0,0,
slot8,1,1,340,2149248880,0,0,OTHER,,,,,,,0,0,
slot8,1,1,341,2149248884,0,0,OTHER,,,,,,,0,0,
slot8,1,1,342,2149248888,0,0,OTHER,,,,,,,0,0,
slot8,1,1,343,2149248892,0,0,OTHER,,,,,,,0,0,
slot8,1,1,344,2149248896,0,0,OTHER,,,,,,,0,0,
slot8,1,1,345,2149248900,0,0,OTHER,,,,,,,0,0,
slot8,1,1,346,2149248904,0,0,OTHER,,,,,,,0,0,
slot8,1,1,347,2149248908,0,0,OTHER,,,,,,,0,0,
slot8,1,1,348,2149248912,0,0,OTHER,,,,,,,0,0,
slot8,1,1,349,2149248916,0,0,OTHER,,,,,,,0,0,
slot8,1,1,350,2149248920,0,0,OTHER,,,,,,,0,0,
slot8,1,1,351,2149248924,0,0,OTHER,,,,,,,0,0,
slot8,1,1,352,2149248928,0,0,OTHER,,,,,,,0,0,
slot8,1,1,353,2149248932,0,0,OTHER,,,,,,,0,0,
slot8,1,1,354,2149248936,0,0,OTHER,,,,,,,0,0,
slot8,1,1,355,2149248940,0,0,OTHER,,,,,,,0,0,
slot8,1,1,356,2149248944,0,0,OTHER,,,,,,,0,0,
slot8,1,1,357,2149248948,0,0,OTHER,,,,,,,0,0,
slot8,1,1,358,2149248952,0,0,OTHER,,,,,,,0,0,
slot8,1,1,359,2149248956,0,0,OTHER,,,,,,,0,0,
slot8,1,1,360,2149248960,0,0,OTHER,,,,,,,0,0,
slot8,1,1,361,2149248964,0,0,OTHER,,,,,,,0,0,
slot8,1,1,362,2149248968,0,0,OTHER,,,,,,,0,0,
slot8,1,1,363,2149248972,0,0,OTHER,,,,,,,0,0,
slot8,1,1,364,2149248976,0,0,OTHER,,,,,,,0,0,
slot8,1,1,365,2149248980,0,0,OTHER,,,,,,,0,0,
slot8,1,1,366,2149248984,0,0,OTHER,,,,,,,0,0,
slot8,1,1,367,2149248988,0,0,OTHER,,,,,,,0,0,
slot8,1,1,368,2149248992,0,0,OTHER,,,,,,,0,0,
slot8,1,1,369,2149248996,0,0,OTHER,,,,,,,0,0,
slot8,1,1,370,2149249000,0,0,OTHER,,,,,,,0,0,
slot8,1,1,371,2149249004,0,0,OTHER,,,,,,,0,0,
slot8,1,1,372,2149249008,0,0,OTHER,,,,,,,0,0,
slot8,1,1,373,2149249012,0,0,OTHER,,,,,,,0,0,
slot8,1,1,374,2149249016,0,0,OTHER,,,,,,,0,0,
slot8,1,1,375,2149249020,0,0,OTHER,,,,,,,0,0,
slot8,1,1,376,2149249024,0,0,OTHER,,,,,,,0,0,
slot8,1,1,377,2149249028,0,0,OTHER,,,,,,,0,0,
slot8,1,1,378,2149249032,0,0,OTHER,,,,,,,0,0,
slot8,1,1,379,2149249036,0,0,OTHER,,,,,,,0,0,
slot8,1,1,380,2149249040,0,0,OTHER,,,,,,,0,0,
slot8,1,1,381,2149249044,0,0,OTHER,,,,,,,0,0,
slot8,1,1,382,2149249048,0,0,OTHER,,,,,,,0,0,
slot8,1,1,383,2149340852,9,44,FT4,5,0,224,16,16,,0,0,
slot8,1,1,384,2149340812,9,44,FT4,5,8,224,16,16,,0,0,
slot8,1,1,385,2149339892,9,44,FT4,5,0,224,16,16,,0,0,
slot8,1,1,386,2149339852,9,44,FT4,5,8,224,16,16,,0,0,
slot8,1,1,387,2149249052,0,0,OTHER,,,,,,,0,0,
slot8,1,1,388,2149249056,0,0,OTHER,,,,,,,0,0,
slot8,1,1,389,2149249060,0,0,OTHER,,,,,,,0,0,
slot8,1,1,390,2149249064,0,0,OTHER,,,,,,,0,0,
slot8,1,1,391,2149249068,0,0,OTHER,,,,,,,0,0,
slot8,1,1,392,2149249072,0,0,OTHER,,,,,,,0,0,
slot8,1,1,393,2149249076,0,0,OTHER,,,,,,,0,0,
slot8,1,1,394,2149249080,0,0,OTHER,,,,,,,0,0,
slot8,1,1,395,2149249084,0,0,OTHER,,,,,,,0,0,
slot8,1,1,396,2149249088,0,0,OTHER,,,,,,,0,0,
slot8,1,1,397,2149249092,0,0,OTHER,,,,,,,0,0,
slot8,1,1,398,2149249096,0,0,OTHER,,,,,,,0,0,
slot8,1,1,399,2149249100,0,0,OTHER,,,,,,,0,0,
slot8,1,1,400,2149249104,0,0,OTHER,,,,,,,0,0,
slot8,1,1,401,2149249108,0,0,OTHER,,,,,,,0,0,
slot8,1,1,402,2149249112,0,0,OTHER,,,,,,,0,0,
slot8,1,1,403,2149249116,0,0,OTHER,,,,,,,0,0,
slot8,1,1,404,2149249120,0,0,OTHER,,,,,,,0,0,
slot8,1,1,405,2149249124,0,0,OTHER,,,,,,,0,0,
slot8,1,1,406,2149249128,0,0,OTHER,,,,,,,0,0,
slot8,1,1,407,2149249132,0,0,OTHER,,,,,,,0,0,
slot8,1,1,408,2149249136,0,0,OTHER,,,,,,,0,0,
slot8,1,1,409,2149249140,0,0,OTHER,,,,,,,0,0,
slot8,1,1,410,2149249144,0,0,OTHER,,,,,,,0,0,
slot8,1,1,411,2149249148,0,0,OTHER,,,,,,,0,0,
slot8,1,1,412,2149249152,0,0,OTHER,,,,,,,0,0,
slot8,1,1,413,2149249156,0,0,OTHER,,,,,,,0,0,
slot8,1,1,414,2149249160,0,0,OTHER,,,,,,,0,0,
slot8,1,1,415,2149249164,0,0,OTHER,,,,,,,0,0,
slot8,1,1,416,2149249168,0,0,OTHER,,,,,,,0,0,
slot8,1,1,417,2149249172,0,0,OTHER,,,,,,,0,0,
slot8,1,1,418,2149249176,0,0,OTHER,,,,,,,0,0,
slot8,1,1,419,2149249180,0,0,OTHER,,,,,,,0,0,
slot8,1,1,420,2149249184,0,0,OTHER,,,,,,,0,0,
slot8,1,1,421,2149249188,0,0,OTHER,,,,,,,0,0,
slot8,1,1,422,2149249192,0,0,OTHER,,,,,,,0,0,
slot8,1,1,423,2149249196,0,0,OTHER,,,,,,,0,0,
slot8,1,1,424,2149249200,0,0,OTHER,,,,,,,0,0,
slot8,1,1,425,2149249204,0,0,OTHER,,,,,,,0,0,
slot8,1,1,426,2149249208,0,0,OTHER,,,,,,,0,0,
slot8,1,1,427,2149249212,0,0,OTHER,,,,,,,0,0,
slot8,1,1,428,2149249216,0,0,OTHER,,,,,,,0,0,
slot8,1,1,429,2149249220,0,0,OTHER,,,,,,,0,0,
slot8,1,1,430,2149249224,0,0,OTHER,,,,,,,0,0,
slot8,1,1,431,2149249228,0,0,OTHER,,,,,,,0,0,
slot8,1,1,432,2149249232,0,0,OTHER,,,,,,,0,0,
slot8,1,1,433,2149249236,0,0,OTHER,,,,,,,0,0,
slot8,1,1,434,2149249240,0,0,OTHER,,,,,,,0,0,
slot8,1,1,435,2149249244,0,0,OTHER,,,,,,,0,0,
slot8,1,1,436,2149249248,0,0,OTHER,,,,,,,0,0,
slot8,1,1,437,2149249252,0,0,OTHER,,,,,,,0,0,
slot8,1,1,438,2149249256,0,0,OTHER,,,,,,,0,0,
slot8,1,1,439,2149249260,0,0,OTHER,,,,,,,0,0,
slot8,1,1,440,2149249264,0,0,OTHER,,,,,,,0,0,
slot8,1,1,441,2149249268,0,0,OTHER,,,,,,,0,0,
slot8,1,1,442,2149249272,0,0,OTHER,,,,,,,0,0,
slot8,1,1,443,2149249276,0,0,OTHER,,,,,,,0,0,
slot8,1,1,444,2149249280,0,0,OTHER,,,,,,,0,0,
slot8,1,1,445,2149249284,0,0,OTHER,,,,,,,0,0,
slot8,1,1,446,2149249288,0,0,OTHER,,,,,,,0,0,
slot8,1,1,447,2149249292,0,0,OTHER,,,,,,,0,0,
slot8,1,1,448,2149249296,0,0,OTHER,,,,,,,0,0,
slot8,1,1,449,2149249300,0,0,OTHER,,,,,,,0,0,
slot8,1,1,450,2149249304,0,0,OTHER,,,,,,,0,0,
slot8,1,1,451,2149249308,0,0,OTHER,,,,,,,0,0,
slot8,1,1,452,2149249312,0,0,OTHER,,,,,,,0,0,
slot8,1,1,453,2149249316,0,0,OTHER,,,,,,,0,0,
slot8,1,1,454,2149249320,0,0,OTHER,,,,,,,0,0,
slot8,1,1,455,2149249324,0,0,OTHER,,,,,,,0,0,
slot8,1,1,456,2149249328,0,0,OTHER,,,,,,,0,0,
slot8,1,1,457,2149249332,0,0,OTHER,,,,,,,0,0,
slot8,1,1,458,2149249336,0,0,OTHER,,,,,,,0,0,
slot8,1,1,459,2149249340,0,0,OTHER,,,,,,,0,0,
slot8,1,1,460,2149249344,0,0,OTHER,,,,,,,0,0,
slot8,1,1,461,2149249348,0,0,OTHER,,,,,,,0,0,
slot8,1,1,462,2149249352,0,0,OTHER,,,,,,,0,0,
slot8,1,1,463,2149249356,0,0,OTHER,,,,,,,0,0,
slot8,1,1,464,2149249360,0,0,OTHER,,,,,,,0,0,
slot8,1,1,465,2149249364,0,0,OTHER,,,,,,,0,0,
slot8,1,1,466,2149249368,0,0,OTHER,,,,,,,0,0,
slot8,1,1,467,2149249372,0,0,OTHER,,,,,,,0,0,
slot8,1,1,468,2149249376,0,0,OTHER,,,,,,,0,0,
slot8,1,1,469,2149249380,0,0,OTHER,,,,,,,0,0,
slot8,1,1,470,2149249384,0,0,OTHER,,,,,,,0,0,
slot8,1,1,471,2149249388,0,0,OTHER,,,,,,,0,0,
slot8,1,1,472,2149249392,0,0,OTHER,,,,,,,0,0,
slot8,1,1,473,2149249396,0,0,OTHER,,,,,,,0,0,
slot8,1,1,474,2149249400,0,0,OTHER,,,,,,,0,0,
slot8,1,1,475,2149249404,0,0,OTHER,,,,,,,0,0,
slot8,1,1,476,2149249408,0,0,OTHER,,,,,,,0,0,
slot8,1,1,477,2149249412,0,0,OTHER,,,,,,,0,0,
slot8,1,1,478,2149249416,0,0,OTHER,,,,,,,0,0,
slot8,1,1,479,2149249420,0,0,OTHER,,,,,,,0,0,
slot8,1,1,480,2149249424,0,0,OTHER,,,,,,,0,0,
slot8,1,1,481,2149249428,0,0,OTHER,,,,,,,0,0,
slot8,1,1,482,2149249432,0,0,OTHER,,,,,,,0,0,
slot8,1,1,483,2149249436,0,0,OTHER,,,,,,,0,0,
slot8,1,1,484,2149249440,0,0,OTHER,,,,,,,0,0,
slot8,1,1,485,2149249444,0,0,OTHER,,,,,,,0,0,
slot8,1,1,486,2149249448,0,0,OTHER,,,,,,,0,0,
slot8,1,1,487,2149249452,0,0,OTHER,,,,,,,0,0,
slot8,1,1,488,2149249456,0,0,OTHER,,,,,,,0,0,
slot8,1,1,489,2149249460,0,0,OTHER,,,,,,,0,0,
slot8,1,1,490,2149249464,0,0,OTHER,,,,,,,0,0,
slot8,1,1,491,2149249468,0,0,OTHER,,,,,,,0,0,
slot8,1,1,492,2149249472,0,0,OTHER,,,,,,,0,0,
slot8,1,1,493,2149249476,0,0,OTHER,,,,,,,0,0,
slot8,1,1,494,2149249480,0,0,OTHER,,,,,,,0,0,
slot8,1,1,495,2149249484,0,0,OTHER,,,,,,,0,0,
slot8,1,1,496,2149249488,0,0,OTHER,,,,,,,0,0,
slot8,1,1,497,2149249492,0,0,OTHER,,,,,,,0,0,
slot8,1,1,498,2149249496,0,0,OTHER,,,,,,,0,0,
slot8,1,1,499,2149249500,0,0,OTHER,,,,,,,0,0,
slot8,1,1,500,2149249504,0,0,OTHER,,,,,,,0,0,
slot8,1,1,501,2149249508,0,0,OTHER,,,,,,,0,0,
slot8,1,1,502,2149249512,0,0,OTHER,,,,,,,0,0,
slot8,1,1,503,2149249516,0,0,OTHER,,,,,,,0,0,
slot8,1,1,504,2149249520,0,0,OTHER,,,,,,,0,0,
slot8,1,1,505,2149249524,0,0,OTHER,,,,,,,0,0,
slot8,1,1,506,2149249528,0,0,OTHER,,,,,,,0,0,
slot8,1,1,507,2149249532,0,0,OTHER,,,,,,,0,0,
slot8,1,1,508,2149249536,0,0,OTHER,,,,,,,0,0,
slot8,1,1,509,2149249540,0,0,OTHER,,,,,,,0,0,
slot8,1,1,510,2149249544,0,0,OTHER,,,,,,,0,0,
slot8,1,1,511,2149249548,0,0,OTHER,,,,,,,0,0,
slot8,1,1,512,2149249552,0,0,OTHER,,,,,,,0,0,
slot8,1,1,513,2149249556,0,0,OTHER,,,,,,,0,0,
slot8,1,1,514,2149249560,0,0,OTHER,,,,,,,0,0,
slot8,1,1,515,2149249564,0,0,OTHER,,,,,,,0,0,
slot8,1,1,516,2149249568,0,0,OTHER,,,,,,,0,0,
slot8,1,1,517,2149249572,0,0,OTHER,,,,,,,0,0,
slot8,1,1,518,2149249576,0,0,OTHER,,,,,,,0,0,
slot8,1,1,519,2149249580,0,0,OTHER,,,,,,,0,0,
slot8,1,1,520,2149249584,0,0,OTHER,,,,,,,0,0,
slot8,1,1,521,2149249588,0,0,OTHER,,,,,,,0,0,
slot8,1,1,522,2149249592,0,0,OTHER,,,,,,,0,0,
slot8,1,1,523,2149249596,0,0,OTHER,,,,,,,0,0,
slot8,1,1,524,2149249600,0,0,OTHER,,,,,,,0,0,
slot8,1,1,525,2149249604,0,0,OTHER,,,,,,,0,0,
slot8,1,1,526,2149249608,0,0,OTHER,,,,,,,0,0,
slot8,1,1,527,2149249612,0,0,OTHER,,,,,,,0,0,
slot8,1,1,528,2149249616,0,0,OTHER,,,,,,,0,0,
slot8,1,1,529,2149249620,0,0,OTHER,,,,,,,0,0,
slot8,1,1,530,2149249624,0,0,OTHER,,,,,,,0,0,
slot8,1,1,531,2149249628,0,0,OTHER,,,,,,,0,0,
slot8,1,1,532,2149249632,0,0,OTHER,,,,,,,0,0,
slot8,1,1,533,2149249636,0,0,OTHER,,,,,,,0,0,
slot8,1,1,534,2149249640,0,0,OTHER,,,,,,,0,0,
slot8,1,1,535,2149249644,0,0,OTHER,,,,,,,0,0,
slot8,1,1,536,2149249648,0,0,OTHER,,,,,,,0,0,
slot8,1,1,537,2149249652,0,0,OTHER,,,,,,,0,0,
slot8,1,1,538,2149249656,0,0,OTHER,,,,,,,0,0,
slot8,1,1,539,2149342812,9,44,FT4,24,0,192,32,32,,0,0,
slot8,1,1,540,2149342772,9,44,FT4,24,32,192,32,32,,0,0,
slot8,1,1,541,2149342732,9,44,FT4,24,64,192,24,24,,0,0,
slot8,1,1,542,2149342692,9,44,FT4,24,64,200,24,24,,0,0,
slot8,1,1,543,2149249660,0,0,OTHER,,,,,,,0,0,
slot8,1,1,544,2149249664,0,0,OTHER,,,,,,,0,0,
slot8,1,1,545,2149249668,0,0,OTHER,,,,,,,0,0,
slot8,1,1,546,2149249672,0,0,OTHER,,,,,,,0,0,
slot8,1,1,547,2149249676,0,0,OTHER,,,,,,,0,0,
slot8,1,1,548,2149249680,0,0,OTHER,,,,,,,0,0,
slot8,1,1,549,2149249684,0,0,OTHER,,,,,,,0,0,
slot8,1,1,550,2149249688,0,0,OTHER,,,,,,,0,0,
slot8,1,1,551,2149249692,0,0,OTHER,,,,,,,0,0,
slot8,1,1,552,2149249696,0,0,OTHER,,,,,,,0,0,
slot8,1,1,553,2149249700,0,0,OTHER,,,,,,,0,0,
slot8,1,1,554,2149249704,0,0,OTHER,,,,,,,0,0,
slot8,1,1,555,2149249708,0,0,OTHER,,,,,,,0,0,
slot8,1,1,556,2149249712,0,0,OTHER,,,,,,,0,0,
slot8,1,1,557,2149249716,0,0,OTHER,,,,,,,0,0,
slot8,1,1,558,2149249720,0,0,OTHER,,,,,,,0,0,
slot8,1,1,559,2149249724,0,0,OTHER,,,,,,,0,0,
slot8,1,1,560,2149249728,0,0,OTHER,,,,,,,0,0,
slot8,1,1,561,2149249732,0,0,OTHER,,,,,,,0,0,
slot8,1,1,562,2149249736,0,0,OTHER,,,,,,,0,0,
slot8,1,1,563,2149249740,0,0,OTHER,,,,,,,0,0,
slot8,1,1,564,2149249744,0,0,OTHER,,,,,,,0,0,
slot8,1,1,565,2149249748,0,0,OTHER,,,,,,,0,0,
slot8,1,1,566,2149249752,0,0,OTHER,,,,,,,0,0,
slot8,1,1,567,2149249756,0,0,OTHER,,,,,,,0,0,
slot8,1,1,568,2149249760,0,0,OTHER,,,,,,,0,0,
slot8,1,1,569,2149249764,0,0,OTHER,,,,,,,0,0,
slot8,1,1,570,2149249768,0,0,OTHER,,,,,,,0,0,
slot8,1,1,571,2149249772,0,0,OTHER,,,,,,,0,0,
slot8,1,1,572,2149249776,0,0,OTHER,,,,,,,0,0,
slot8,1,1,573,2149249780,0,0,OTHER,,,,,,,0,0,
slot8,1,1,574,2149249784,0,0,OTHER,,,,,,,0,0,
slot8,1,1,575,2149249788,0,0,OTHER,,,,,,,0,0,
slot8,1,1,576,2149249792,0,0,OTHER,,,,,,,0,0,
slot8,1,1,577,2149249796,0,0,OTHER,,,,,,,0,0,
slot8,1,1,578,2149249800,0,0,OTHER,,,,,,,0,0,
slot8,1,1,579,2149249804,0,0,OTHER,,,,,,,0,0,
slot8,1,1,580,2149249808,0,0,OTHER,,,,,,,0,0,
slot8,1,1,581,2149249812,0,0,OTHER,,,,,,,0,0,
slot8,1,1,582,2149249816,0,0,OTHER,,,,,,,0,0,
slot8,1,1,583,2149249820,0,0,OTHER,,,,,,,0,0,
slot8,1,1,584,2149249824,0,0,OTHER,,,,,,,0,0,
slot8,1,1,585,2149249828,0,0,OTHER,,,,,,,0,0,
slot8,1,1,586,2149249832,0,0,OTHER,,,,,,,0,0,
slot8,1,1,587,2149249836,0,0,OTHER,,,,,,,0,0,
slot8,1,1,588,2149249840,0,0,OTHER,,,,,,,0,0,
slot8,1,1,589,2149249844,0,0,OTHER,,,,,,,0,0,
slot8,1,1,590,2149249848,0,0,OTHER,,,,,,,0,0,
slot8,1,1,591,2149249852,0,0,OTHER,,,,,,,0,0,
slot8,1,1,592,2149249856,0,0,OTHER,,,,,,,0,0,
slot8,1,1,593,2149249860,0,0,OTHER,,,,,,,0,0,
slot8,1,1,594,2149249864,0,0,OTHER,,,,,,,0,0,
slot8,1,1,595,2149249868,0,0,OTHER,,,,,,,0,0,
slot8,1,1,596,2149249872,0,0,OTHER,,,,,,,0,0,
slot8,1,1,597,2149249876,0,0,OTHER,,,,,,,0,0,
slot8,1,1,598,2149249880,0,0,OTHER,,,,,,,0,0,
slot8,1,1,599,2149249884,0,0,OTHER,,,,,,,0,0,
slot8,1,1,600,2149249888,0,0,OTHER,,,,,,,0,0,
slot8,1,1,601,2149249892,0,0,OTHER,,,,,,,0,0,
slot8,1,1,602,2149249896,0,0,OTHER,,,,,,,0,0,
slot8,1,1,603,2149249900,0,0,OTHER,,,,,,,0,0,
slot8,1,1,604,2149249904,0,0,OTHER,,,,,,,0,0,
slot8,1,1,605,2149249908,0,0,OTHER,,,,,,,0,0,
slot8,1,1,606,2149249912,0,0,OTHER,,,,,,,0,0,
slot8,1,1,607,2149249916,0,0,OTHER,,,,,,,0,0,
slot8,1,1,608,2149249920,0,0,OTHER,,,,,,,0,0,
slot8,1,1,609,2149249924,0,0,OTHER,,,,,,,0,0,
slot8,1,1,610,2149249928,0,0,OTHER,,,,,,,0,0,
slot8,1,1,611,2149249932,0,0,OTHER,,,,,,,0,0,
slot8,1,1,612,2149249936,0,0,OTHER,,,,,,,0,0,
slot8,1,1,613,2149249940,0,0,OTHER,,,,,,,0,0,
slot8,1,1,614,2149249944,0,0,OTHER,,,,,,,0,0,
slot8,1,1,615,2149249948,0,0,OTHER,,,,,,,0,0,
slot8,1,1,616,2149249952,0,0,OTHER,,,,,,,0,0,
slot8,1,1,617,2149249956,0,0,OTHER,,,,,,,0,0,
slot8,1,1,618,2149249960,0,0,OTHER,,,,,,,0,0,
slot8,1,1,619,2149340772,9,46,FT4,24,0,64,32,32,,0,0,
slot8,1,1,620,2149249964,0,0,OTHER,,,,,,,0,0,
slot8,1,1,621,2149249968,0,0,OTHER,,,,,,,0,0,
slot8,1,1,622,2149249972,0,0,OTHER,,,,,,,0,0,
slot8,1,1,623,2149249976,0,0,OTHER,,,,,,,0,0,
slot8,1,1,624,2149249980,0,0,OTHER,,,,,,,0,0,
slot8,1,1,625,2149249984,0,0,OTHER,,,,,,,0,0,
slot8,1,1,626,2149249988,0,0,OTHER,,,,,,,0,0,
slot8,1,1,627,2149249992,0,0,OTHER,,,,,,,0,0,
slot8,1,1,628,2149249996,0,0,OTHER,,,,,,,0,0,
slot8,1,1,629,2149250000,0,0,OTHER,,,,,,,0,0,
slot8,1,1,630,2149250004,0,0,OTHER,,,,,,,0,0,
slot8,1,1,631,2149250008,0,0,OTHER,,,,,,,0,0,
slot8,1,1,632,2149250012,0,0,OTHER,,,,,,,0,0,
slot8,1,1,633,2149250016,0,0,OTHER,,,,,,,0,0,
slot8,1,1,634,2149250020,0,0,OTHER,,,,,,,0,0,
slot8,1,1,635,2149250024,0,0,OTHER,,,,,,,0,0,
slot8,1,1,636,2149339812,9,44,FT4,24,176,0,32,32,,0,0,
slot8,1,1,637,2149250028,0,0,OTHER,,,,,,,0,0,
slot8,1,1,638,2149250032,0,0,OTHER,,,,,,,0,0,
slot8,1,1,639,2149250036,0,0,OTHER,,,,,,,0,0,
slot8,1,1,640,2149250040,0,0,OTHER,,,,,,,0,0,
slot8,1,1,641,2149250044,0,0,OTHER,,,,,,,0,0,
slot8,1,1,642,2149250048,0,0,OTHER,,,,,,,0,0,
slot8,1,1,643,2149250052,0,0,OTHER,,,,,,,0,0,
slot8,1,1,644,2149250056,0,0,OTHER,,,,,,,0,0,
slot8,1,1,645,2149250060,0,0,OTHER,,,,,,,0,0,
slot8,1,1,646,2149262928,2,225,DR_TPAGE,21,,,,,,0,0,
slot8,1,1,647,2149260068,5,43,OTHER,21,,,,,,0,0,
slot8,1,1,648,2149527528,4,33,OTHER,21,,,,,,0,0,
slot8,1,1,649,2149250064,0,0,OTHER,21,,,,,,0,0,
slot8,1,1,650,2149250068,0,0,OTHER,21,,,,,,0,0,
slot8,1,1,651,2149316252,2,225,DR_TPAGE,31,,,,,,0,0,
slot8,1,1,652,2149555580,2,225,DR_TPAGE,5,,,,,,0,0,
slot8,1,1,653,2149315316,4,101,SPRT,5,204,12,12,12,0,0,0,
slot8,1,1,654,2149315264,4,101,SPRT,5,204,12,12,12,0,0,0,
slot8,1,1,655,2149315212,4,101,SPRT,5,204,12,12,12,0,0,0,
slot8,1,1,656,2149315160,4,101,SPRT,5,36,0,12,12,1024,0,0,
slot8,1,1,657,2149315108,4,101,SPRT,5,36,0,12,12,1024,0,0,
slot8,1,1,658,2149315056,4,101,SPRT,5,36,0,12,12,1024,0,0,
slot8,1,1,659,2149315004,4,101,SPRT,5,132,24,12,12,0,0,0,
slot8,1,1,660,2149314952,4,101,SPRT,5,120,120,12,12,1024,0,0,
slot8,1,1,661,2149314900,4,101,SPRT,5,204,132,12,12,1024,0,0,
slot8,1,1,662,2149314848,4,101,SPRT,5,204,12,12,12,0,0,0,
slot8,1,1,663,2149314796,4,101,SPRT,5,228,0,12,12,0,0,0,
slot8,1,1,664,2149314744,4,101,SPRT,5,132,12,12,12,1024,0,0,
slot8,1,1,665,2149314692,4,101,SPRT,5,108,120,12,12,0,0,0,
slot8,1,1,666,2149314640,4,101,SPRT,5,204,12,12,12,0,0,0,
slot8,1,1,667,2149314588,4,101,SPRT,5,132,12,12,12,0,0,0,
slot8,1,1,668,2149314536,4,101,SPRT,5,240,0,12,12,1024,0,0,
slot8,1,1,669,2149314484,4,101,SPRT,5,204,12,12,12,0,0,0,
slot8,1,1,670,2149314432,4,101,SPRT,5,204,0,12,12,0,0,0,
slot8,1,1,671,2149314380,4,101,SPRT,5,108,24,12,12,0,0,0,
slot8,1,1,672,2149314328,4,101,SPRT,5,24,12,12,12,1024,0,0,
slot8,1,1,673,2149314276,4,101,SPRT,5,204,12,12,12,0,0,0,
slot8,1,1,674,2149314224,4,101,SPRT,5,216,120,12,12,0,0,0,
slot8,1,1,675,2149314172,4,101,SPRT,5,60,132,12,12,1024,0,0,
slot8,1,1,676,2149314120,4,101,SPRT,5,24,12,12,12,0,0,0,
slot8,1,1,677,2149314068,4,101,SPRT,5,204,12,12,12,0,0,0,
slot8,1,1,678,2149314016,4,101,SPRT,5,204,0,12,12,0,0,0,
slot8,1,1,679,2149313964,4,101,SPRT,5,132,12,12,12,0,0,0,
slot8,1,1,680,2149313912,4,101,SPRT,5,204,12,12,12,0,0,0,
slot8,1,1,681,2149313860,4,101,SPRT,5,228,0,12,12,1024,0,0,
slot8,1,1,682,2149313808,4,101,SPRT,5,204,12,12,12,0,0,0,
slot8,1,1,683,2149313756,4,101,SPRT,5,48,12,12,12,0,0,0,
slot8,1,1,684,2149313704,4,101,SPRT,5,84,12,12,12,0,0,0,
slot8,1,1,685,2149313652,4,101,SPRT,5,0,24,12,12,0,0,0,
slot8,1,1,686,2149313600,4,101,SPRT,5,204,12,12,12,0,0,0,
slot8,1,1,687,2149313548,4,101,SPRT,5,36,0,12,12,1024,0,0,
slot8,1,1,688,2149313496,4,101,SPRT,5,84,12,12,12,0,0,0,
slot8,1,1,689,2149313444,4,101,SPRT,5,84,72,12,12,1024,0,0,
slot8,1,1,690,2149313392,4,101,SPRT,5,0,24,12,12,32705,0,0,
slot8,1,1,691,2149313340,4,101,SPRT,5,204,12,12,12,32707,0,0,
slot8,1,1,692,2149313288,4,101,SPRT,5,36,0,12,12,32704,0,0,
slot8,1,1,693,2149313236,4,101,SPRT,5,192,12,12,12,32704,0,0,
slot8,1,1,694,2149313184,4,101,SPRT,5,192,12,12,12,32704,0,0,
slot8,1,1,695,2149313132,4,101,SPRT,5,204,12,12,12,32707,0,0,
slot8,1,1,696,2149313080,4,101,SPRT,5,48,120,12,12,32705,0,0,
slot8,1,1,697,2149313028,4,101,SPRT,5,108,24,12,12,32705,0,0,
slot8,1,1,698,2149312976,4,101,SPRT,5,96,24,12,12,32704,0,0,
