file,marker_offset,body_start,payload_start,end_exclusive,double_zero,marker,length,payload_capacity,linebreaks,header29_offset,confidence,prefix_kind,preserved_prefix_hex,control_after_hex,preview_hex
1/S1011.DAT,0x478A6,0x478A8,0x478AA,0x478CD,0x478CD,0x17,37,35,1,0x478A0,high,control_0100,01 00,00 00 00 21 00 05 00 00 00 1b 00 01 00 00 00 1b,01 00 38 26 14 11 11 11 da 38 de c1 46 dd 9b 49 21 1b 22 4d 4f 09 59 1b 32 1b 0a 1c 9b e6 01 60 8f 34 1c bf 37
1/S1011.DAT,0x478FE,0x47900,0x47902,0x47919,0x47919,0x17,25,23,1,0x478F8,high,control_0100,01 00,00 00 00 21 00 05 00 00 00 1b 00 01 00 00 00 1b,01 00 1b 29 1f 1b e6 01 2e 1c bf 23 54 2d 1d dd e2 dd 94 2a df 61 df 61 3c
1/S1011.DAT,0x47950,0x47952,0x47954,0x47969,0x47969,0x17,23,21,1,0x4794A,high,control_0100,01 00,00 00 00 21 00 05 00 00 00 1b 00 01 00 00 00 1b,01 00 41 2d 1d 2e 36 e6 01 a9 23 1e 21 1b 22 89 dd ac 4a 48 1d 1b 02
1/S1011.DAT,0x4799A,0x4799C,0x4799E,0x479C8,0x479C8,0x17,44,42,1,0x47994,high,control_0100,01 00,00 00 21 00 05 00 00 00 1b 00 01 00 00 00 1b 00,01 00 da 2a dd 92 49 32 58 e6 01 a3 6f 34 60 42 dd 17 20 33 01 b5 20 46 2a 9a 22 41 32 2a 43 2a 8e dd 9c 1c 3b 44 21 df 61 df 61 37
1/S1011.DAT,0x479F8,0x479FA,0x479FC,0x47A20,0x47A20,0x17,38,36,2,0x479F2,high,control_0100,01 00,00 00 21 00 05 00 00 00 1b 00 01 00 00 00 1b 00,01 00 41 1e 21 e6 01 dd 2f 1c de 76 2f 7d 3e dd 70 1c de 01 36 1e 21 e6 01 5d 96 36 de 77 df 40 3a 59 33 32 22 37
1/S1011.DAT,0x47A50,0x47A52,0x47A54,0x47A60,0x47A60,0x17,14,12,0,0x47A4A,high,control_0100,01 00,00 00 21 00 05 00 00 00 1b 00 01 00 00 00 1b 00,01 00 41 2d 1d 1c 28 24 79 51 2d 35 43 37
1/S1011.DAT,0x47ACE,0x47AD0,0x47AD2,0x47AEC,0x47AEC,0x17,28,26,1,0x47AC8,high,control_0100,01 00,00 00 21 00 05 00 00 00 1b 00 01 00 00 00 1b 00,01 00 df 61 df 61 97 dd 57 e4 3d e6 01 6e 38 dd c4 2e 33 1d 20 29 1f 4a 48 1d 1b 37
1/S1011.DAT,0x47B3C,0x47B3E,0x47B3E,0x47B6F,0x47B6F,0x19,49,49,2,0x47B36,high,none,,00 00 00 21 00 05 00 00 00 1b 00 01 00 00 00 1b,3d 3e 6a 01 60 8f 34 1c bf 2f dd 28 1e 1f 02 e6 01 14 11 11 11 da 38 1c d4 44 23 43 1f 39 e6 01 43 32 2f dd 0f 4a dd 5d 51 1e bf 2f df 61 df 61
1/S1011.DAT,0x47BAE,0x47BB0,0x47BB2,0x47BB7,0x47BB7,0x17,7,5,0,0x47BA8,high,control_0100,01 00,00 00 00 21 00 05 00 00 00 1b 00 01 00 00 00 1b,01 00 df 61 df 61 3c
1/S1013.DAT,0x478E6,0x478E8,0x478EA,0x4790E,0x4790E,0x17,38,36,2,0x478E0,high,control_0100,01 00,00 00 21 00 05 00 00 00 1b 00 01 00 00 00 1b 00,01 00 df 61 df 61 2b dd 35 21 28 e6 01 2e 1c 60 8f 34 1c bf 2f dd 28 1e 1f e6 01 3f 1c cf 20 33 dd 5b 27 29 1f 37
1/S1013.DAT,0x47944,0x47946,0x47948,0x4796A,0x4796A,0x17,36,34,2,0x4793E,high,control_0100,01 00,00 00 21 00 05 00 00 00 1b 00 01 00 00 00 1b 00,01 00 35 20 33 01 2e 1c bf 2f e6 01 38 26 8e dd 20 dd 28 2b 36 e6 01 dd 79 43 29 21 1e 27 26 a9 2a 2b 22 37
1/S1013.DAT,0x47A18,0x47A1A,0x47A1C,0x47A2A,0x47A2A,0x17,16,14,0,0x47A12,high,control_0100,01 00,00 00 21 00 05 00 00 00 1b 00 01 00 00 00 1b 00,01 00 e4 3d de 88 32 1f 3e 1d 1b df 61 df 61 37
1/S1013.DAT,0x47B2C,0x47B2E,0x47B2E,0x47B5B,0x47B5B,0x19,45,45,3,0x47B26,high,none,,00 00 00 21 00 05 00 00 00 1b 00 01 00 00 00 1b,42 31 4e 81 31 5f 34 25 e6 01 c8 dd 20 2e 41 24 5b cd dd 1a 5a 1c dd 0f dd 44 2f e6 01 dd 34 3e a9 1c 3d 26 35 1d e6 01 dd 47 7e 3d 02
1/S1013.DAT,0x47B8C,0x47B8E,0x47B8E,0x47BC5,0x47BC5,0x19,55,55,3,0x47B86,high,none,,00 00 00 21 00 05 00 00 00 1b 00 01 00 00 00 1b,42 31 4e 81 31 5f 34 25 e6 01 de 47 cb 2f ad 1c 87 30 dd 7a 2b 7a 23 3d 29 21 e6 01 ad 28 de 6c 51 21 14 11 11 11 da 1c de 35 1b 20 33 e6 01 dd
1/S1013.DAT,0x47BF6,0x47BF8,0x47BF8,0x47C1A,0x47C1A,0x19,34,34,2,0x47BF0,high,none,,00 00 21 00 05 00 00 00 1b 00 01 00 00 00 1b 00,42 31 4e 81 31 5f 34 25 e6 01 5b cd dd 1a 5a 28 77 53 af 60 8f 1c de 31 23 e6 01 de ca 1b 21 3f 22 37
1/S1013.DAT,0x47C4A,0x47C4C,0x47C4C,0x47C68,0x47C68,0x19,28,28,1,0x47C44,high,none,,00 00 21 00 05 00 00 00 1b 00 01 00 00 00 1b 00,42 31 4e 81 31 5f 34 25 e6 01 de 47 cb 36 28 01 41 2e 30 9d dd eb 2f 45 49 3d 26 37
1/S1021.DAT,0x4785A,0x4785C,0x4785C,0x47876,0x47876,0x19,26,26,1,0x47854,high,none,,00 00 21 00 05 00 00 00 1b 00 01 00 00 00 1b 00,42 65 db d8 2a 3f 39 27 2b 37 e6 01 5b dd 58 dd 65 5a 2f 6d 45 49 27 1e 1f 37
1/S1021.DAT,0x478AA,0x478AC,0x478AC,0x478BE,0x478BE,0x19,18,18,0,0x478A4,high,none,,00 00 21 00 05 00 00 00 1b 00 01 00 00 00 1b 00,2e 2e 23 3f 29 1f 38 1c 28 38 26 7d 55 1b 27 1e 1f 37
1/S1021.DAT,0x47912,0x47914,0x47914,0x4792B,0x4792B,0x19,23,23,1,0x4790C,high,none,,00 00 00 21 00 05 00 00 00 1b 00 01 00 00 00 1b,42 65 db d8 2a 3f 39 27 2b 37 e6 01 5b 94 5a 2f 6d 45 49 27 1e 1f 37
1/S1021.DAT,0x47960,0x47962,0x47962,0x47975,0x47975,0x19,19,19,0,0x4795A,high,none,,00 00 00 21 00 05 00 00 00 1b 00 01 00 00 00 1b,2e 2e 23 3f 29 1f 5b 94 5a 28 38 26 7d 55 1b 27 1e 1f 37
1/S1021.DAT,0x47A24,0x47A26,0x47A26,0x47A31,0x47A31,0x19,11,11,1,0x47A1E,high,none,,00 00 00 21 00 05 00 00 00 1b 00 01 00 00 00 1b,42 31 4e 1c dd 0e 25 e6 01 3f 02
1/S1021.DAT,0x47A80,0x47A82,0x47A82,0x47AA0,0x47AA0,0x19,30,30,1,0x47A7A,high,none,,00 00 21 00 05 00 00 00 1b 00 01 00 00 00 1b 00,42 65 db d8 2a 3f 39 27 2b 37 e6 01 5b dd 1b dd 51 1c bc 31 95 5a 2f 6d 45 49 27 1e 1f 37
1/S1021.DAT,0x47AD4,0x47AD6,0x47AD6,0x47B00,0x47B00,0x19,42,42,3,0x47ACE,high,none,,00 00 21 00 05 00 00 00 1b 00 01 00 00 00 1b 00,42 31 4e 1c dd 0e 25 e6 01 41 32 2f 38 29 21 1b 29 21 38 24 e6 01 6e 38 1b 1b 2e 36 28 1d 1b 20 38 e6 01 1e 32 1d 1b 43 3d 37
1/S1021.DAT,0x47B7C,0x47B7E,0x47B7E,0x47BA4,0x47BA4,0x19,38,38,2,0x47B76,high,none,,00 00 21 00 05 00 00 00 1b 00 01 00 00 00 1b 00,42 31 4e 1c dd 0e 25 e6 01 59 29 20 3e 3f 9c 1f 2d 35 20 33 24 e6 01 4b 48 2d 36 41 26 99 1e 21 45 20 26 1c 3d 37
1/S1021.DAT,0x47C36,0x47C38,0x47C38,0x47C4C,0x47C4C,0x19,20,20,0,0x47C30,high,none,,00 00 21 00 05 00 00 00 1b 00 01 00 01 00 1b 00,b7 1c 20 1f 6d 1c 3d 55 1b 36 dd 8d 2f 6d 45 49 27 1e 1f 37
1/S1021.DAT,0x47CDC,0x47CDE,0x47CDE,0x47D04,0x47D04,0x19,38,38,2,0x47CD6,high,none,,00 00 21 00 05 00 00 00 1b 00 01 00 00 00 1b 00,42 31 4e 1c dd 0e 25 e6 01 3b b7 3a 2d 1c 3d 55 1b 36 dd 8d 28 3b 3e 1c dd 25 de 1c 1c e6 01 28 2e 1c dd 64 3d 37
1/S1021.DAT,0x47D88,0x47D8A,0x47D8A,0x47DAE,0x47DAE,0x19,36,36,2,0x47D82,high,none,,00 00 21 00 05 00 00 00 1b 00 01 00 00 00 1b 00,42 31 4e 1c dd 0e 25 e6 01 df 61 df 61 df 61 42 31 4e e4 3d e6 01 2e 32 2f 38 29 21 1b 44 1d 3a 1b 37 e4 3d
1/S1021.DAT,0x47DE2,0x47DE4,0x47DE4,0x47DF9,0x47DF9,0x19,21,21,0,0x47DDC,high,none,,00 00 00 21 00 05 00 00 00 1b 00 01 00 00 00 1b,5b bc 65 dd c8 31 80 a2 31 c9 5a 2f 38 33 1b 27 1e 1f 37 e4 1f
1/S1021.DAT,0x47E2E,0x47E30,0x47E30,0x47E43,0x47E43,0x19,19,19,0,0x47E28,high,none,,00 00 00 21 00 05 00 00 00 1b 00 01 00 00 00 1b,5b dd 2c de 49 1c dd 58 5a 2f 38 33 1b 27 1e 1f 37 e4 1f
1/S1021.DAT,0x47E78,0x47E7A,0x47E7A,0x47E8D,0x47E8D,0x19,19,19,0,0x47E72,high,none,,00 00 00 21 00 05 00 00 00 1b 00 01 00 00 00 1b,5b 9e dd 2c dd 1f dd 49 5a 2f 38 33 1b 27 1e 1f 37 e4 1f
1/S1021.DAT,0x47EC6,0x47EC8,0x47EC8,0x47ED6,0x47ED6,0x19,14,14,0,0x47EC0,high,none,,00 00 21 00 05 00 00 00 1b 00 01 00 00 00 1b 00,5b cd b8 5a 2f 38 33 1b 27 1e 1f 37 e4 1f
1/S1021.DAT,0x47F0C,0x47F0E,0x47F0E,0x47F23,0x47F23,0x19,21,21,1,0x47F06,high,none,,00 00 00 21 00 05 00 00 00 1b 00 01 00 00 00 1b,42 31 4e 1c dd 0e 25 e6 01 42 31 4e e4 15 2c e4 15 2c e4 15 2c
1/S1021.DAT,0x4824E,0x48250,0x48250,0x48273,0x48273,0x19,35,35,2,0x48248,high,none,,00 00 00 21 00 05 00 00 00 1b 00 01 00 00 00 1b,42 31 4e 1c dd 0e 25 e6 01 3f 1d 1f 1c 3b b7 3a 2d 28 4c 24 e6 01 e4 29 dd 22 2d 35 1c 3d df 61 df 61 37
1/S1021.DAT,0x48306,0x48308,0x48308,0x4832B,0x4832B,0x19,35,35,2,0x48300,high,none,,00 00 00 21 00 05 00 00 00 1b 00 01 00 00 00 1b,42 31 4e 1c dd 0e 25 e6 01 9b 23 28 44 29 36 e6 01 dd af 55 1e 1b 5f 34 47 62 31 2a 1b 21 df 61 df 61 37
1/S1021.DAT,0x4841E,0x48420,0x48420,0x48431,0x48431,0x19,17,17,1,0x48418,high,none,,00 00 00 21 00 05 00 00 00 1b 00 01 00 00 00 1b,42 31 4e 1c dd 0e 25 e6 01 42 31 4e df 61 df 61 37
1/S1021.DAT,0x48510,0x48512,0x48512,0x4853C,0x4853C,0x19,42,42,2,0x4850A,high,none,,00 00 21 00 05 00 00 00 1b 00 01 00 00 00 1b 00,42 31 4e 1c dd 0e 25 e6 01 3f 1c 52 2a dd b8 23 30 21 12 11 da e6 01 3f 1c 52 1c 91 dd 61 dd 75 39 23 1d 29 21 1e 27 29 1f 37
1/S1021.DAT,0x485E6,0x485E8,0x485E8,0x48609,0x48609,0x19,33,33,2,0x485E0,high,none,,00 00 00 21 00 05 00 00 00 1b 00 01 00 00 00 1b,42 31 4e 1c dd 0e 25 e6 01 3f 1d 1f df 61 df 61 e4 15 e6 01 54 26 1e 21 38 74 29 21 1e 27 26 1c 37
1/S1021.DAT,0x4863A,0x4863C,0x4863C,0x48667,0x48667,0x19,43,43,3,0x48634,high,none,,00 00 00 21 00 05 00 00 00 1b 00 01 00 00 00 1b,42 31 4e 1c b7 25 e6 01 b2 20 29 21 3e 32 24 d7 53 62 37 e6 01 2e 1c ce dd 12 1c dd 37 cc 23 e6 01 20 20 43 22 2e 36 1d 1c 35 37
1/S1021.DAT,0x48698,0x4869A,0x4869A,0x486C6,0x486C6,0x19,44,44,2,0x48692,high,none,,00 00 21 00 05 00 00 00 1b 00 01 00 00 00 1b 00,42 31 4e 1c dd 0e 25 e6 01 1d 2d 30 3f 1d 1f 2a df 61 df 61 37 e4 3d e6 01 85 36 42 31 4e 28 54 26 2b 32 58 1b 1b 1c df 61 df 61 3c
1/S1021.DAT,0x486F6,0x486F8,0x486F8,0x4871C,0x4871C,0x19,36,36,2,0x486F0,high,none,,00 00 21 00 05 00 00 00 1b 00 01 00 00 00 1b 00,42 31 4e 1c b7 25 e6 01 df 61 df 61 2b 27 1d 1b 37 e4 1f e6 01 35 2a 85 2a 40 33 1d 49 32 58 df 61 df 61 37
1/S1021.DAT,0x4874C,0x4874E,0x4874E,0x48770,0x48770,0x19,34,34,2,0x48746,high,none,,00 00 21 00 05 00 00 00 1b 00 01 00 00 00 1b 00,42 31 4e 1c dd 0e 25 e6 01 1b 40 30 2b 02 e6 01 85 28 79 3e 97 45 26 1c de 73 59 2a 3f 32 58 df 61 37
1/S1021.DAT,0x487A0,0x487A2,0x487A2,0x487E5,0x487E5,0x19,67,67,3,0x4879A,high,none,,00 00 00 21 00 05 00 00 00 1b 00 01 00 00 00 1b,42 31 4e 1c b7 25 e6 01 12 11 da c3 1c c8 dd 74 24 dd 0f dd 44 09 97 26 1b 2d 0a 2a e6 01 dd 34 20 32 24 dd f0 99 9b 2a dd c0 32 22 df 61 df 61
1/S1021.DAT,0x48816,0x48818,0x48818,0x48828,0x48828,0x19,16,16,1,0x48810,high,none,,00 00 21 00 05 00 00 00 1b 00 01 00 00 00 1b 00,42 31 4e 1c dd 0e 25 e6 01 9b 2a dd c0 32 22 3c
1/S1021.DAT,0x48858,0x4885A,0x4885A,0x4887E,0x4887E,0x19,36,36,2,0x48852,high,none,,00 00 21 00 05 00 00 00 1b 00 01 00 00 00 1b 00,42 31 4e 1c b7 25 e6 01 dd 0f dd 44 09 97 26 1b 2d 0a 3a 32 21 1b 1f e6 01 5f 34 47 62 31 2a dd 8c 32 22 37
1/S1021.DAT,0x488AE,0x488B0,0x488B0,0x488D6,0x488D6,0x19,38,38,2,0x488A8,high,none,,00 00 21 00 05 00 00 00 1b 00 01 00 00 00 1b 00,42 31 4e 1c dd 0e 25 e6 01 41 2d 1d c2 8a 01 3f 1c 96 2a df 61 df 61 37 e6 01 40 51 21 70 3a 1b 02 6e 38 20 38 02
1/S1021.DAT,0x48906,0x48908,0x48908,0x48931,0x48931,0x19,41,41,3,0x48900,high,none,,00 00 00 21 00 05 00 00 00 1b 00 01 00 00 00 1b,42 31 4e 1c b7 25 e6 01 d7 53 62 df 61 df 61 e6 01 41 1c dd 74 27 30 be 2a 96 2f e6 01 e4 15 42 31 4e 2f 1f 1c 2d 35 6a 02
1/S1021.DAT,0x48DA4,0x48DA6,0x48DA6,0x48DC2,0x48DC2,0x19,28,28,1,,medium+,none,,00 00 21 00 00 00 01 00 78 00 15 00 00 00 21 00,42 31 4e 1c dd 0e 25 e6 01 dd 14 60 ab 42 24 42 31 4e 2f dd 1e 29 21 df 61 df 61 37
1/S1022.DAT,0x478DA,0x478DC,0x478DC,0x478EC,0x478EC,0x19,16,16,1,0x478D4,high,none,,00 00 21 00 05 00 00 00 1b 00 01 00 00 00 1b 00,42 31 4e 1c dd 0e 25 e6 01 df 61 df 61 df 61 37
1/S1022.DAT,0x4793E,0x47940,0x47940,0x47958,0x47958,0x19,24,24,1,0x47938,high,none,,00 00 21 00 05 00 00 00 1b 00 01 00 00 00 1b 00,42 31 4e 1c dd 0e 25 e6 01 3b 27 46 38 24 1b 29 21 1e 27 26 1c 20 1b 3c
1/S1022.DAT,0x47A60,0x47A62,0x47A62,0x47A90,0x47A90,0x19,46,46,3,0x47A5A,high,none,,00 00 21 00 05 00 00 00 1b 00 01 00 00 00 1b 00,42 31 4e 1c dd 0e 25 e6 01 df 61 df 61 dd 2d 2f 50 dd aa 23 4c 37 e4 3d e6 01 45 33 3e 1d 29 1f 33 e6 01 1b 45 30 38 d9 29 21 3b 1b 30 37
1/S1022.DAT,0x47AC8,0x47ACA,0x47ACA,0x47AEE,0x47AEE,0x19,36,36,2,0x47AC2,high,none,,00 00 21 00 05 00 00 00 1b 00 01 00 00 00 1b 00,42 31 4e 1c dd 0e 25 e6 01 df 61 df 61 df 61 42 31 4e e4 3d e6 01 2e 32 2f 38 29 21 1b 44 1d 3a 1b 37 e4 3d
1/S1022.DAT,0x47B22,0x47B24,0x47B24,0x47B3A,0x47B3A,0x19,22,22,0,0x47B1C,high,none,,00 00 21 00 05 00 00 00 1b 00 01 00 00 00 1b 00,5b 1e 29 de b5 26 1c af 34 67 7c 5a 2f 38 33 1b 27 1e 1f 37 e4 1f
1/S1022.DAT,0x47B6E,0x47B70,0x47B70,0x47B81,0x47B81,0x19,17,17,0,0x47B68,high,none,,00 00 00 21 00 05 00 00 00 1b 00 01 00 00 00 1b,5b dd 2c de 49 1c dd 58 5a 2f 38 33 1b 27 1e 1f 37
1/S1022.DAT,0x47BB6,0x47BB8,0x47BB8,0x47BC4,0x47BC4,0x19,12,12,0,0x47BB0,high,none,,00 00 21 00 05 00 00 00 1b 00 01 00 00 00 1b 00,5b cd b8 5a 2f 38 33 1b 27 1e 1f 37
1/S1022.DAT,0x47C66,0x47C68,0x47C68,0x47C79,0x47C79,0x19,17,17,1,0x47C60,high,none,,00 00 00 21 00 05 00 00 00 1b 00 01 00 00 00 1b,42 31 4e 1c dd 0e 25 e6 01 42 31 4e df 61 df 61 37
1/S1023.DAT,0x478BA,0x478BC,0x478BC,0x478D5,0x478D5,0x19,25,25,1,0x478B4,high,none,,00 00 00 21 00 05 00 00 00 1b 00 01 00 00 00 1b,42 31 4e 1c dd 0e 25 e6 01 45 20 32 1f 33 1b 45 30 38 d9 29 21 3b 1b 30 37
1/S1023.DAT,0x4790A,0x4790C,0x4790C,0x4791A,0x4791A,0x19,14,14,0,0x47904,high,none,,00 00 21 00 05 00 00 00 1b 00 01 00 00 00 1b 00,5b dd 58 dd 65 5a 2f 38 33 1b 27 1e 1f 37
1/S1023.DAT,0x47950,0x47952,0x47952,0x47981,0x47981,0x19,47,47,3,0x4794A,high,none,,00 00 00 21 00 06 00 04 00 05 00 02 00 00 00 02,42 31 4e 1c dd 0e 25 e6 01 b7 3a 2d 1c de ca 44 87 de 0f 2a 3f 22 49 54 3d b5 20 1b 3c e6 01 e5 03 dd 35 45 23 1b 1b 37 e6 01 e5 03 3d b5 37
1/S1023.DAT,0x479BE,0x479C0,0x479C0,0x479D6,0x479D6,0x19,22,22,1,0x479B8,high,none,,00 00 21 00 05 00 00 00 1b 00 01 00 00 00 1b 00,42 31 4e 1c dd 0e 25 e6 01 dd 6f dd e5 2b 22 2d 4a 48 1d 1b 3d 37
1/S1023.DAT,0x47A3E,0x47A40,0x47A40,0x47A77,0x47A77,0x19,55,55,3,0x47A38,high,none,,00 00 00 21 00 05 00 00 00 1b 00 01 00 00 00 1b,b7 1c 87 de 0f 25 e6 01 3b 27 46 1c dd b8 1c dd 31 49 23 1d 32 58 36 9f 1b e6 01 2e 32 2f dd be 1b 21 1b 22 37 e6 01 cc 2f 50 dd aa 23 24 63 1b
1/S1023.DAT,0x47B2E,0x47B30,0x47B30,0x47B58,0x47B58,0x19,40,40,1,0x47B28,high,none,,00 00 21 00 06 00 04 00 05 00 03 00 00 00 00 00,e5 03 bd 20 33 67 78 31 7f 2f dd 68 49 1d 1b 1f 51 23 28 13 e5 03 26 27 3e 63 26 23 28 e6 01 e5 03 3d b5 1c 40 51 22 37
1/S1023.DAT,0x47B9E,0x47BA0,0x47BA0,0x47BBB,0x47BBB,0x19,27,27,0,0x47B98,high,none,,00 00 00 21 00 05 00 00 00 1b 00 01 00 00 00 1b,54 2e 1c 5e 23 38 24 1b 45 74 29 21 38 5f 34 47 62 31 1c 1b 22 89 c2 2a 3f 22 37
1/S1023.DAT,0x47BEC,0x47BEE,0x47BEE,0x47C09,0x47C09,0x19,27,27,1,0x47BE6,high,none,,00 00 00 21 00 05 00 00 00 1b 00 01 00 00 00 1b,2e 2e 30 6e dd 20 38 63 46 58 24 e6 01 54 2d 54 2d dd 19 3e 1d 32 22 28 8c 35 37
1/S1023.DAT,0x47C3A,0x47C3C,0x47C3C,0x47C79,0x47C79,0x19,61,61,1,0x47C34,high,none,,00 00 00 21 00 05 00 00 00 1b 00 01 00 00 00 1b,2e 1c 89 c2 1c 5f 34 47 62 31 28 dd 4d 31 d8 2a dd bd 2d 30 38 dd 15 43 33 1d 1b 1c 30 24 de 62 46 1f 1b 6f dd b4 53 23 e6 01 dd ac 43 59 21 89
1/S1023.DAT,0x47CB6,0x47CB8,0x47CB8,0x47CDC,0x47CDC,0x19,36,36,1,0x47CB0,high,none,,00 00 21 00 05 00 00 00 1b 00 01 00 00 00 1b 00,dd 10 40 df 1a df 48 1d 54 30 28 24 9f 43 dd 4f 36 2e 55 20 33 e6 01 bd 2a 44 21 40 33 32 22 7a 2a 3f 22 37
1/S1023.DAT,0x47D0C,0x47D0E,0x47D0E,0x47D34,0x47D34,0x19,38,38,0,0x47D06,high,none,,00 00 21 00 05 00 00 00 1b 00 01 00 00 00 1b 00,a4 b2 1c 62 31 34 1c cf 23 24 df 60 df 03 dd a1 62 34 2f dd 82 cf 23 3b 1e 21 a6 6b 31 bc 31 de 4d 53 23 1e 21 24
1/S1023.DAT,0x47D64,0x47D66,0x47D66,0x47D8B,0x47D8B,0x19,37,37,0,0x47D5E,high,none,,00 00 00 21 00 05 00 00 00 1b 00 01 00 00 00 1b,2e 32 2f dd 33 29 21 24 5f 34 47 62 31 1c 89 c2 24 64 82 dd 55 2f 3d 3e a0 21 dd ef 63 2f dd 36 21 22 1c 35 37
1/S1023.DAT,0x47DC8,0x47DCA,0x47DCA,0x47DED,0x47DED,0x19,35,35,1,0x47DC2,high,none,,00 00 00 21 00 05 00 00 00 1b 00 01 00 00 00 1b,bd 23 d0 b1 1e 1f 89 dd ac 23 24 de 02 b1 2f 3a 32 24 e6 01 67 78 31 7f 2f dd 68 49 22 2e 36 2a 3f 22 37
1/S1023.DAT,0x47E1E,0x47E20,0x47E20,0x47E46,0x47E46,0x19,38,38,2,0x47E18,high,none,,00 00 21 00 05 00 00 00 1b 00 01 00 00 00 1b 00,2e 32 2f dd 96 49 22 1f 51 23 28 24 e6 01 bd 1c c3 55 20 3d 2e 23 e6 01 9e 39 dd 5d 2d 30 d0 b1 2b 22 2e 36 35 37
1/S1023.DAT,0x47E76,0x47E78,0x47E78,0x47EA8,0x47EA8,0x19,48,48,2,0x47E70,high,none,,00 00 21 00 05 00 00 00 1b 00 01 00 00 00 1b 00,de f3 23 24 a4 b2 2a d0 b1 3a 32 22 cf 23 1d 22 dd 35 3e 24 e6 01 c7 de 8c 20 33 23 1d 22 3d 26 23 2b 22 36 e6 01 bd 23 de 02 b1 1e 40 2b 1b 37
1/S1023.DAT,0x47ED8,0x47EDA,0x47EDA,0x47EF3,0x47EF3,0x19,25,25,1,0x47ED2,high,none,,00 00 00 21 00 05 00 00 00 1b 00 01 00 00 00 1b,63 1b 28 24 dd 88 3a 1d 7a 1c 45 6d 20 3a 4c 2a e6 01 50 dd aa 1d 1c 35 37
1/S1023.DAT,0x47F30,0x47F32,0x47F32,0x47F59,0x47F59,0x19,39,39,0,0x47F2A,high,none,,00 00 00 21 00 05 00 00 00 1b 00 01 00 00 00 1b,dd 1b dd 51 d0 b1 36 42 65 db d8 2f de 04 9c 45 49 22 d0 b1 28 24 de d4 dd 9a 23 bd 1c de 02 b1 2f dd 68 49 1d 1b 37
1/S1023.DAT,0x47F8A,0x47F8C,0x47F8C,0x47FAD,0x47FAD,0x19,33,33,1,0x47F84,high,none,,00 00 00 21 00 05 00 00 00 1b 00 01 00 00 00 1b,1f 35 1e 24 bd 23 67 78 31 7f 2f dd 3f 46 33 32 22 e6 01 42 65 db d8 28 20 dd 7d 33 32 21 1b 22 37
1/S1023.DAT,0x47FDE,0x47FE0,0x47FE0,0x47FF7,0x47FF7,0x19,23,23,0,0x47FD8,high,none,,00 00 00 21 00 05 00 00 00 1b 00 01 00 00 00 1b,36 39 3f 46 8c 28 24 94 2f de 04 9c 45 49 22 1c 2a 1b 1b 35 55 26 37
1/S1023.DAT,0x48034,0x48036,0x48036,0x48069,0x48069,0x19,51,51,1,0x4802E,high,none,,00 00 00 21 00 05 00 00 00 1b 00 01 00 00 00 1b,b2 32 45 2b 22 5f 34 47 62 31 28 24 e6 01 dd fa dd 90 2a df 16 b2 23 1d 22 2a 24 dd 83 1e 1f cf 23 38 33 46 22 dd de de 75 dd d2 28 dd 15 43 33
1/S1023.DAT,0x4809A,0x4809C,0x4809C,0x480AC,0x480AC,0x19,16,16,0,0x48094,high,none,,00 00 21 00 05 00 00 00 1b 00 01 00 00 00 1b 00,2e 32 2f de 89 dd 3e 2b 22 36 1b 1b 35 55 26 37
1/S1023.DAT,0x48180,0x48182,0x48182,0x481AA,0x481AA,0x19,40,40,2,0x4817A,high,none,,00 00 21 00 05 00 00 00 1b 00 01 00 00 00 1b 00,42 31 4e 1c dd 0e 25 e6 01 42 31 4e 24 3d 3e d3 3e 1c 3d e6 01 26 4b 23 28 38 26 dd 58 dd 65 28 1d 1b 1c df 61 df 61 37
1/S1023.DAT,0x481DA,0x481DC,0x481DC,0x481F5,0x481F5,0x19,25,25,1,0x481D4,high,none,,00 00 00 21 00 05 00 00 00 1b 00 01 00 00 00 1b,42 31 4e 1c dd 0e 25 e6 01 a4 b2 1c 61 30 6e 36 20 1e 21 4b 73 26 35 1b 37
1/S1023.DAT,0x48304,0x48306,0x48306,0x48322,0x48322,0x19,28,28,1,0x482FE,high,none,,00 00 21 00 05 00 00 00 1b 00 01 00 00 00 1b 00,42 31 4e 1c dd 0e 25 e6 01 dd 0e 3a 2d 24 3f 1d 1f 23 28 27 49 1f 43 df 61 df 61 37
1/S1023.DAT,0x48356,0x48358,0x48358,0x48368,0x48368,0x19,16,16,0,0x48350,high,none,,00 00 21 00 05 00 00 00 1b 00 01 00 00 00 1b 00,5b 4b 20 33 1c de 37 5a 2f 38 33 1b 27 1e 1f 37
1/S1023.DAT,0x4839C,0x4839E,0x4839E,0x483AD,0x483AD,0x19,15,15,0,0x48396,high,none,,00 00 00 21 00 05 00 00 00 1b 00 01 00 00 00 1b,5b a3 a2 1c de 37 5a 2f 38 33 1b 27 1e 1f 37
1/S1023.DAT,0x483E2,0x483E4,0x483E4,0x483F7,0x483F7,0x19,19,19,0,0x483DC,high,none,,00 00 00 21 00 05 00 00 00 1b 00 01 00 00 00 1b,5b 1b 1c 4b 1c df 0a 1c de 37 5a 2f 38 33 1b 27 1e 1f 37
1/S1023.DAT,0x484C4,0x484C6,0x484C6,0x484DF,0x484DF,0x19,25,25,1,0x484BE,high,none,,00 00 00 21 00 05 00 00 00 1b 00 01 00 00 00 1b,42 31 4e 1c dd 0e 25 e6 01 38 26 24 6e 38 dd 6f 1b 1c 3d df 61 df 61 df 61
1/S1023.DAT,0x4853A,0x4853C,0x4853C,0x4855B,0x4855B,0x19,31,31,1,0x48534,high,none,,00 00 00 21 00 05 00 00 00 1b 00 01 00 00 00 1b,42 31 4e 1c dd 0e 25 e6 01 09 b5 20 1e 28 3f 2d 1d 96 4a 48 1d 20 29 1f 1c 23 df 61 df 61 0a
1/S1041.DAT,0x479B8,0x479BA,0x479BA,0x479DE,0x479DE,0x19,36,36,2,0x479B2,high,none,,00 00 21 00 05 00 00 00 1b 00 01 00 01 00 1b 00,42 31 4e 81 31 5f 34 25 e6 01 3b 27 46 2a dd 0f dd 44 09 97 26 1b 2d 0a 2f e6 01 dd 34 1b 1f dd 47 7e 20 3c
1/S1041.DAT,0x47A54,0x47A56,0x47A56,0x47A8B,0x47A8B,0x19,53,53,3,0x47A4E,high,none,,00 00 00 21 00 05 00 00 00 1b 00 01 00 01 00 1b,42 31 4e 81 31 5f 34 25 e6 01 6e 1c 7a 35 20 43 20 33 2d 1d 37 e6 01 ad 28 dd 0f dd 44 09 97 26 1b 2d 0a 2f dd 34 1b 1f e6 01 dd 47 7e 2f dd 7a
1/S1041.DAT,0x47ABC,0x47ABE,0x47ABE,0x47AE0,0x47AE0,0x19,34,34,2,0x47AB6,high,none,,00 00 21 00 05 00 00 00 1b 00 01 00 01 00 1b 00,42 31 4e 81 31 5f 34 25 e6 01 14 11 11 11 da 1c de 35 09 1c 55 0a 1b 2f e6 01 1f 4b dd aa 22 1c 35 02
1/S1041.DAT,0x47B10,0x47B12,0x47B12,0x47B25,0x47B25,0x19,19,19,1,0x47B0A,high,none,,00 00 00 21 00 05 00 00 00 1b 00 01 00 01 00 1b,42 31 4e 81 31 5f 34 25 e6 01 20 3e 79 2b 22 2a 1b 1b 02
1/S1041.DAT,0x47BB6,0x47BB8,0x47BB8,0x47BE9,0x47BE9,0x19,49,49,3,0x47BB0,high,none,,00 00 00 21 00 05 00 00 00 1b 00 01 00 01 00 1b,42 31 4e 81 31 5f 34 25 e6 01 de 1d 26 02 2e 2d 1d bb df 01 4a 48 1d 1b 02 e6 01 54 2e 23 1b 22 3c e6 01 ad 2f dd c2 99 3a 27 1e 1f bb df 01 28
1/S1041.DAT,0x47E66,0x47E68,0x47E68,0x47E6F,0x47E6F,0x19,7,7,0,0x47E60,high,none,,00 00 00 21 00 05 00 00 00 1b 00 01 00 00 00 1b,dd 36 4b 1d 3a 1b 37
1/S1041.DAT,0x47EE0,0x47EE2,0x47EE2,0x47EFC,0x47EFC,0x19,26,26,1,0x47EDA,high,none,,00 00 21 00 05 00 00 00 1b 00 01 00 00 00 1b 00,9b 1c 4d 4f 25 e6 01 85 28 2e 1c 9b 1c 4d 4f 09 59 1b 32 1b 0a df 61 df 61 37
1/S1041.DAT,0x47F2C,0x47F2E,0x47F2E,0x47F63,0x47F63,0x19,53,53,3,0x47F26,high,none,,00 00 00 21 00 05 00 00 00 1b 00 01 00 00 00 1b,9b 1c 4d 4f 25 e6 01 8c 29 36 2e 2e 30 5b cd dd 1a 5a 09 59 1b 7d 45 0a 2f e6 01 dd 0f dd 44 09 97 26 1b 2d 0a 2b 22 e6 01 bf 2f a0 dd 1e 29 21
1/S1041.DAT,0x47F9C,0x47F9E,0x47F9E,0x47FD3,0x47FD3,0x19,53,53,3,0x47F96,high,none,,00 00 00 21 00 05 00 00 00 1b 00 01 00 00 00 1b,9b 1c 4d 4f 25 e6 01 9b dd ea 8a dd 01 20 1b 1d 3a 1b 37 e6 01 9b dd ea 1c de a5 09 40 1e 55 0a 23 bf 2f 36 38 2b 36 e6 01 5f 34 47 62 31 28 dd
1/S1041.DAT,0x48056,0x48058,0x48058,0x48084,0x48084,0x19,44,44,3,0x48050,high,none,,00 00 21 00 05 00 00 00 1b 00 01 00 00 00 1b 00,9b 1c 4d 4f 25 e6 01 46 46 e4 3d e6 01 1e 20 1e 24 3f 1d 1f 28 38 26 8e dd 20 e6 01 bf 2f dd 28 1e 23 3e 22 2e 36 23 1d 39 27 2b 37
1/S1041.DAT,0x480F4,0x480F6,0x480F6,0x4810D,0x4810D,0x19,23,23,1,0x480EE,high,none,,00 00 00 21 00 05 00 00 00 1b 00 01 00 00 00 1b,9b 1c 4d 4f 25 e6 01 41 32 2a 24 3f 1d 1f 1c dd 37 cc 1d 1c 30 2b 37
1/S1041.DAT,0x48176,0x48178,0x48178,0x481A0,0x481A0,0x19,40,40,2,0x48170,high,none,,00 00 21 00 05 00 00 00 1b 00 01 00 00 00 1b 00,9b 1c 4d 4f 25 e6 01 52 dd a3 28 dd 40 dd 95 09 51 45 d2 26 0a 23 dd 01 20 29 21 e6 01 de 95 44 dd bd 2d 30 1b 27 2b 37
1/S1041.DAT,0x481D0,0x481D2,0x481D2,0x481F4,0x481F4,0x19,34,34,2,0x481CA,high,none,,00 00 21 00 05 00 00 00 1b 00 01 00 00 00 1b 00,9b 1c 4d 4f 25 e6 01 3f 1d 1f 28 41 32 2f de a8 51 22 dd 37 cc 2f e6 01 59 3b 29 21 1b 22 2d 30 2b 37
1/S1041.DAT,0x48224,0x48226,0x48226,0x48246,0x48246,0x19,32,32,2,0x4821E,high,none,,00 00 21 00 05 00 00 00 1b 00 01 00 00 00 1b 00,9b 1c 4d 4f 25 e6 01 5b cd dd 1a 5a 1c 61 2f e6 01 87 23 86 32 22 7a 23 3d 29 21 df 61 df 61 37
1/S1041.DAT,0x482BA,0x482BC,0x482BC,0x482F3,0x482F3,0x19,55,55,3,0x482B4,high,none,,00 00 00 21 00 05 00 00 00 1b 00 01 00 00 00 1b,9b 1c 4d 4f 25 e6 01 3f 1d 1f 1c 3b b7 3a 2d 2a 24 43 32 43 32 4d 4f 36 e6 01 dd 7e dd 87 2f 1e 27 1e 1f 37 e4 3d e6 01 dd 40 dd 95 2f 3e 1b de
1/S1041.DAT,0x48324,0x48326,0x48326,0x4833E,0x4833E,0x19,24,24,1,0x4831E,high,none,,00 00 21 00 05 00 00 00 1b 00 01 00 00 00 1b 00,9b 1c 4d 4f 25 e6 01 41 1e 21 24 3f 1d 1f 28 40 29 21 44 1f 1c 30 2b 37
1/S1041.DAT,0x48376,0x48378,0x48378,0x4839E,0x4839E,0x19,38,38,2,0x48370,high,none,,00 00 21 00 05 00 00 00 1b 00 01 00 00 00 1b 00,9b 1c 4d 4f 25 e6 01 dd 7e dd 87 23 de dc 1b 24 5f 34 47 62 31 36 63 26 61 2f e6 01 3f 1d 1f 23 dd 3f 46 27 2b 37
1/S1041.DAT,0x48426,0x48428,0x48428,0x48444,0x48444,0x19,28,28,2,0x48420,high,none,,00 00 21 00 05 00 00 00 1b 00 01 00 00 00 1b 00,9b 1c 4d 4f 25 e6 01 c8 23 44 29 36 b2 20 39 27 2b 37 e6 01 1f 1c 6d 27 1e 1f 3d 37
1/S1041.DAT,0x48496,0x48498,0x48498,0x484A7,0x484A7,0x19,15,15,0,0x48490,high,none,,00 00 00 21 00 05 00 00 00 1b 00 01 00 00 00 1b,42 31 4e 28 4d 4f 1c 61 2f 87 23 86 32 1f 37
1/S1051.DAT,0x47A1A,0x47A1C,0x47A1C,0x47A29,0x47A29,0x17,13,13,0,,medium,none,,00 00 00 0e 00 2b 00 03 00 26 00 00 00 27 00 ff,28 00 14 01 23 00 25 00 31 01 20 00 25
1/S1051.DAT,0x47C16,0x47C18,0x47C18,0x47C25,0x47C25,0x17,13,13,0,,medium,none,,00 00 00 0e 00 2b 00 03 00 26 00 00 00 27 00 ff,28 00 12 02 23 00 25 00 2f 02 20 00 25
1/S1051.DAT,0x48594,0x48596,0x48598,0x4859F,0x4859F,0x17,9,7,0,,medium,control_0100,01 00,00 00 00 0e 00 2b 00 03 00 26 00 00 00 27 00 ff,01 00 25 00 1a 00 1e 00 25
1/S1061.DAT,0x47900,0x47902,0x47904,0x47931,0x47931,0x17,47,45,2,0x478FA,high,control_0100,01 00,00 00 00 21 00 05 00 00 00 1b 00 01 00 00 00 1b,01 00 85 4c e4 1f e6 01 3f 1c c3 24 8e dd 9c 1c 3b 44 21 36 3a 32 21 22 dd 69 de 58 dd be 09 2e 38 2d 4a 73 0a 2f e6 01 3d 2d 30 6d 1f 1c 37
1/S1061.DAT,0x47962,0x47964,0x47966,0x47977,0x47977,0x17,19,17,0,0x4795C,high,control_0100,01 00,00 00 00 21 00 05 00 00 00 1b 00 01 00 00 00 1b,01 00 41 32 23 dd be 20 32 21 1b 1f 1c 28 4c df 61 df 61
1/S1061.DAT,0x479A8,0x479AA,0x479AA,0x479E0,0x479E0,0x19,54,54,3,0x479A2,high,none,,00 00 21 00 05 00 00 00 1b 00 01 00 00 00 1b 00,47 78 6b 42 28 e6 01 01 01 de 84 1c 61 2f 38 29 21 de c5 3e 5e 37 e6 01 dd a0 65 5c dd 5e 28 de 84 2b 22 1f 51 1c e6 01 01 01 de 70 2f 45 b5 dd
1/S1061.DAT,0x47A10,0x47A12,0x47A12,0x47A4D,0x47A4D,0x19,59,59,3,0x47A0A,high,none,,00 00 00 21 00 05 00 00 00 1b 00 01 00 00 00 1b,dd a0 65 5c dd 5e 1c de 01 28 e6 01 01 01 dd 19 44 3a 3a 46 36 1d 22 3d 2e de 70 37 e6 01 ce dd a4 4b 22 cf 24 e6 01 01 01 dd 0a 1c d2 22 1b 44
1/S1061.DAT,0x47A7E,0x47A80,0x47A80,0x47A97,0x47A97,0x19,23,23,1,0x47A78,high,none,,00 00 00 21 00 05 00 00 00 1b 00 01 00 00 00 1b,2e 32 23 45 20 46 e6 01 01 01 2e 1c ce 2f c7 1e 44 23 6d 4b 99 3e 37
1/S1061.DAT,0x47AC8,0x47ACA,0x47ACC,0x47AF9,0x47AF9,0x17,47,45,2,0x47AC2,high,control_0100,01 00,00 00 00 21 00 05 00 00 00 1b 00 01 00 00 00 1b,01 00 45 27 39 24 ce 2a dd 79 43 39 20 49 1f cf 23 e6 01 dd 8c 32 22 dd 47 7e 2f dd 31 49 21 e6 01 28 1f 33 3e 29 21 2e 36 35 36 9f 26 1c 37
1/S1061.DAT,0x47CBC,0x47CBE,0x47CC0,0x47CCF,0x47CCF,0x17,17,15,0,0x47CB6,high,control_0100,01 00,00 00 00 21 00 05 00 00 00 1b 00 01 00 00 00 1b,01 00 df 61 df 61 42 31 4e 24 3f 1f 1e df 61 df 61
1/S1061.DAT,0x47D00,0x47D02,0x47D04,0x47D17,0x47D17,0x17,21,19,1,0x47CFA,high,control_0100,01 00,00 00 00 21 00 05 00 00 00 1b 00 01 00 00 00 1b,01 00 3f 1d 1f 1c 3f 36 2f e6 01 de 60 1b 20 49 21 1b 3e 43 37
1/S1061.DAT,0x47D9C,0x47D9E,0x47DA0,0x47DB8,0x47DB8,0x17,26,24,1,0x47D96,high,control_0100,01 00,00 00 21 00 05 00 00 00 1b 00 01 00 00 00 1b 00,01 00 dd e9 23 de e8 44 35 20 33 36 20 e6 01 41 26 1b 26 2d 4a 48 1d 1b 1c 37
1/S1061.DAT,0x47DE8,0x47DEA,0x47DEC,0x47E10,0x47E10,0x17,38,36,2,0x47DE2,high,control_0100,01 00,00 00 21 00 05 00 00 00 1b 00 01 00 00 00 1b 00,01 00 85 23 28 b2 20 22 37 e4 15 e6 01 3f 1d 1f 28 1f 21 de 70 30 e4 15 e6 01 85 1c 1e 1f 2a 26 dd 52 1d 1c 3d 37
1/S1061.DAT,0x47E78,0x47E7A,0x47E7C,0x47E82,0x47E82,0x17,8,6,0,0x47E72,high,control_0100,01 00,00 00 21 00 05 00 00 00 1b 00 01 00 00 00 1b 00,01 00 41 26 24 dd 52 37
1/S1061.DAT,0x47EB2,0x47EB4,0x47EB6,0x47ECD,0x47ECD,0x17,25,23,1,0x47EAC,high,control_0100,01 00,00 00 00 21 00 05 00 00 00 1b 00 01 00 00 00 1b,01 00 3f 1d 1f 2a dd bd 2d 30 1b 3e cf e6 01 41 2e 23 dd 52 2a 56 9a 22 37
1/S1061.DAT,0x47EFE,0x47F00,0x47F02,0x47F21,0x47F21,0x17,33,31,1,0x47EF8,high,control_0100,01 00,00 00 00 21 00 05 00 00 00 1b 00 01 00 00 00 1b,01 00 41 32 2a 54 2e 23 dd 9b 1b 21 1b 22 1c 20 24 e6 01 85 23 28 b2 20 33 1d 1b 49 54 df 61 df 61
1/S1061.DAT,0x47F52,0x47F54,0x47F56,0x47F6E,0x47F6E,0x17,26,24,1,0x47F4C,high,control_0100,01 00,00 00 21 00 05 00 00 00 1b 00 01 00 00 00 1b 00,01 00 85 28 41 1c dd 52 2f e6 01 de bd 1b 21 1b 3e 3d 26 1d a9 2a 2b 22 1c 37
1/S1061.DAT,0x47F9E,0x47FA0,0x47FA2,0x47FCB,0x47FCB,0x17,43,41,2,0x47F98,high,control_0100,01 00,00 00 00 21 00 05 00 00 00 1b 00 01 00 00 00 1b,01 00 dd 69 de 58 dd be 23 28 24 8e dd 9c 23 dd 07 43 22 e6 01 dd 71 9f dd f4 1d 61 23 45 1b 21 38 e6 01 dd be 1b 21 3f 29 1f 37
1/S1061.DAT,0x47FFC,0x47FFE,0x48000,0x4802B,0x4802B,0x17,45,43,2,0x47FF6,high,control_0100,01 00,00 00 00 21 00 05 00 00 00 1b 00 01 00 00 00 1b,01 00 c8 28 8e de a2 23 28 74 49 1d 1b 49 54 e6 01 20 1d 33 8c 01 41 1c 61 2f 87 23 86 32 21 e6 01 3f 1d 1f 2f de 60 1b 20 49 22 43 37
1/S1061.DAT,0x480C4,0x480C6,0x480C8,0x480D2,0x480D2,0x17,12,10,0,0x480BE,high,control_0100,01 00,00 00 21 00 05 00 00 00 1b 00 01 00 00 00 1b 00,01 00 42 31 4e 24 de 74 a9 30 4c 37
1/S1071.DAT,0x478D4,0x478D6,0x478D6,0x478FD,0x478FD,0x19,39,39,2,0x478CE,high,none,,00 00 00 21 00 05 00 00 00 1b 00 01 00 00 00 1b,dd 0b d4 25 e6 01 3a 3f 24 2e 1c dd ff 20 33 dd 66 28 e6 01 3b 27 46 83 dd a0 65 5c dd 5e 1c 7e 1e 20 86 32 1d 1b 37
1/S1071.DAT,0x4792E,0x47930,0x47932,0x4795B,0x4795B,0x17,43,41,2,0x47928,high,control_0100,01 00,00 00 00 21 00 05 00 00 00 1b 00 01 00 00 00 1b,01 00 dd 7e dd 87 54 3b 39 24 e6 01 2e 1c dd 0b 20 33 56 1e 21 3e 32 22 1c 3c e6 01 92 dd 42 23 a4 dd e6 23 1e 21 3e 32 22 1c 3c
1/S1071.DAT,0x4798C,0x4798E,0x4798E,0x479C5,0x479C5,0x19,55,55,3,0x47986,high,none,,00 00 00 21 00 05 00 00 00 1b 00 01 00 00 00 1b,dd 0b d4 25 e6 01 3f 3f 92 dd 42 35 36 38 37 e6 01 30 38 41 1c ae 23 24 60 8f 34 9b 1c 9b dd ea 23 3f 22 e6 01 dd 0f dd 44 09 97 26 1b 2d 0a 1c
1/S1071.DAT,0x479F6,0x479F8,0x479FA,0x47A00,0x47A00,0x17,8,6,0,0x479F0,high,control_0100,01 00,00 00 21 00 05 00 00 00 1b 00 01 00 00 00 1b 00,01 00 b2 20 29 21 22 37
1/S1072.DAT,0x478CA,0x478CC,0x478CC,0x478FF,0x478FF,0x19,51,51,3,0x478C4,high,none,,00 00 00 21 00 05 00 00 00 1b 00 01 00 00 00 1b,dd 0b d4 25 e6 01 dd 2f 1c de 76 2f dd b3 3e 8e dd 9c 1e 20 86 32 1d 1b e6 01 de 77 dd 12 09 49 29 20 1b 0a 23 dd 1e 33 32 1f e6 01 60 8f 34 9b
1/S1072.DAT,0x47930,0x47932,0x47932,0x47950,0x47950,0x19,30,30,2,0x4792A,high,none,,00 00 21 00 05 00 00 00 1b 00 01 00 00 00 1b 00,dd 0b d4 25 e6 01 4a 48 4a 48 df 18 de 01 1c 3b 20 9c 30 e6 01 45 1b 23 dd 28 46 22 20 37
1/S1072.DAT,0x47994,0x47996,0x47996,0x479AD,0x479AD,0x19,23,23,1,,medium+,none,,00 00 00 1b 00 01 00 02 00 21 00 02 00 01 00 03,dd 0b d4 25 e6 01 38 54 29 21 9a 1f 3d 26 35 1d df 61 df 61 37 e4 79
1/S1072.DAT,0x479F2,0x479F4,0x479F4,0x47A06,0x47A06,0x19,18,18,1,,medium+,none,,00 00 1b 00 01 00 02 00 21 00 00 00 01 00 1e 00,dd 0b d4 25 e6 01 3b 3b 24 98 4b 20 4c 1f 6a 37 e4 5b
1/S1072.DAT,0x47A2C,0x47A2E,0x47A30,0x47A35,0x47A35,0x17,7,5,0,0x47A26,high,control_0100,01 00,00 00 00 21 00 05 00 00 00 1b 00 01 00 00 00 1b,01 00 df 61 df 61 37
1/S1072.DAT,0x47A66,0x47A68,0x47A68,0x47A73,0x47A73,0x19,11,11,1,0x47A60,high,none,,00 00 00 21 00 05 00 00 00 1b 00 01 00 00 00 1b,dd 0b d4 25 e6 01 54 26 1e 1f 3c
1/S1072.DAT,0x47AA4,0x47AA6,0x47AA8,0x47ADC,0x47ADC,0x17,54,52,3,0x47A9E,high,control_0100,01 00,00 00 21 00 05 00 00 00 1b 00 01 00 00 00 1b 00,01 00 dd 2e 2a df 61 df 61 e6 01 36 21 38 dd af 55 1e 1b dd 2e 2a 1e 1f 37 e4 1f e6 01 44 29 36 24 3d 3e 1d 1b 7a 2a e6 01 dd c4 44 22 a9 2a 2b
1/S1072.DAT,0x47B0C,0x47B0E,0x47B0E,0x47B31,0x47B31,0x19,35,35,2,0x47B06,high,none,,00 00 00 21 00 05 00 00 00 1b 00 01 00 00 00 1b,dd 0b d4 25 e6 01 4e 4e 53 38 dd e2 dd 6b 36 3b 3e 99 73 26 35 1d 37 e4 3d e6 01 3a a1 24 dd c5 55 26 37
1/S1072.DAT,0x47B92,0x47B94,0x47B94,0x47BCA,0x47BCA,0x19,54,54,3,0x47B8C,high,none,,00 00 21 00 05 00 00 00 1b 00 01 00 00 00 1b 00,dd 0b d4 25 e6 01 a6 a6 a6 df 61 df 61 26 27 3e 1b 29 1f 37 e4 3d e6 01 42 34 81 53 50 8b 23 1f 29 de b5 39 36 e6 01 dd 05 26 99 2f 38 33 43 4c
1/S1072.DAT,0x47C22,0x47C24,0x47C24,0x47C5B,0x47C5B,0x19,55,55,7,,medium+,none,,00 00 00 21 00 00 00 01 00 78 00 36 00 04 00 03,e6 01 e6 01 e6 01 e6 01 e6 01 e6 01 41 1c de 25 24 60 8f 34 9b 28 e6 01 01 01 01 01 12 11 da ca 39 1c 97 ca 44 23 6d 27 43 32 1f e4 3d e4 3d e4
21/S2011.DAT,0x47AF2,0x47AF4,0x47AF4,0x47B06,0x47B06,0x17,18,18,1,0x47AEC,high,none,,00 00 21 00 05 00 00 00 1b 00 01 00 01 00 1b 00,03 00 3b 31 1b 02 e4 3d e6 01 98 29 21 3e 32 3d 31 02
21/S2011.DAT,0x47C66,0x47C68,0x47C68,0x47C8D,0x47C8D,0x19,37,37,2,0x47C60,high,none,,00 00 00 21 00 05 00 00 00 1b 00 01 00 01 00 1b,66 68 25 e6 01 5c 71 dd 39 dd 03 53 1c 42 31 4e 37 e4 1f e6 01 2e 2d 1d 96 dd 0d 35 29 1f 1c 20 df 61 df 61 37
21/S2011.DAT,0x47CBE,0x47CC0,0x47CC0,0x47CD6,0x47CD6,0x19,22,22,2,0x47CB8,high,none,,00 00 21 00 05 00 00 00 1b 00 01 00 01 00 1b 00,66 68 25 e6 01 b0 28 d3 1b 21 1b 22 37 e6 01 dd 75 29 21 3d 1e 37
21/S2012.DAT,0x478A4,0x478A6,0x478A6,0x478BB,0x478BB,0x19,21,21,1,0x4789E,high,none,,00 00 00 21 00 05 00 00 00 1b 00 01 00 00 00 1b,66 68 25 e6 01 5d 1c cc 2f dd 1f 1f 1e 21 20 33 d9 33 32 3d 37
21/S2013.DAT,0x478C4,0x478C6,0x478C6,0x478EE,0x478EE,0x19,40,40,2,0x478BE,high,none,,00 00 21 00 05 00 00 00 1b 00 01 00 00 00 1b 00,66 68 25 e6 01 5d 28 3b ae 23 de 17 98 1e 21 3b 33 32 22 37 e6 01 dd fd 1b de 77 dd 1f 2f dd 09 4b dd c5 22 1c 35 6a 37
21/S2013.DAT,0x47AA8,0x47AAA,0x47AAA,0x47AB5,0x47AB5,0x19,11,11,0,0x47AA2,high,none,,00 00 00 21 00 05 00 00 00 1b 00 01 00 01 00 1b,1d 2d 35 36 24 2e 1c 40 55 26 02
21/S2013.DAT,0x47AE6,0x47AE8,0x47AE8,0x47AF7,0x47AF7,0x19,15,15,0,0x47AE0,high,none,,00 00 00 21 00 05 00 00 00 1b 00 01 00 01 00 1b,3b 32 38 dd 64 23 86 32 55 29 21 2d 35 3d 02
21/S2013.DAT,0x47B28,0x47B2A,0x47B2A,0x47B40,0x47B40,0x19,22,22,2,0x47B22,high,none,,00 00 21 00 05 00 00 00 1b 00 01 00 01 00 1b 00,66 68 25 e6 01 26 22 3a 1b 02 e6 01 3f 29 4b 23 1b 29 21 55 02 02
21/S2013.DAT,0x47B68,0x47B6A,0x47B6A,0x47B7F,0x47B7F,0x19,21,21,0,,medium,none,,00 00 00 21 00 00 00 01 00 01 00 27 00 00 00 7f,3b 32 28 e4 3d e4 3d e4 3d bb 64 5f 5c 35 a1 02 02 e4 3d e4 3d
21/S2013.DAT,0x47B98,0x47B9A,0x47B9A,0x47BAF,0x47BAF,0x19,21,21,2,0x47B92,high,none,,00 00 00 21 00 05 00 00 00 1b 00 01 00 01 00 1b,66 68 25 e6 01 2e 33 02 e6 01 40 51 55 24 40 51 1d 1b 20 02 02
21/S2013.DAT,0x47BD8,0x47BDA,0x47BDA,0x47BEA,0x47BEA,0x19,16,16,1,,medium+,none,,00 00 1b 00 01 00 02 00 07 00 0a 00 74 04 08 00,66 68 25 e6 01 3a 29 3a 36 54 49 55 02 02 e4 1f
21/S2013.DAT,0x47BFE,0x47C00,0x47C00,0x47C13,0x47C13,0x19,19,19,0,,medium,none,,00 00 00 08 00 0a 00 22 04 21 00 00 00 01 00 01,3b 24 e4 1f 36 2c e4 1f 36 2c e4 1f 36 2c e4 1f 36 e4 3d
21/S2013.DAT,0x47C32,0x47C34,0x47C34,0x47C3D,0x47C3D,0x19,9,9,0,0x47C2C,high,none,,00 00 00 21 00 05 00 00 00 1b 00 01 00 01 00 1b,26 9c c0 46 46 46 c0 46 46
21/S2013.DAT,0x47D1C,0x47D1E,0x47D20,0x47D26,0x47D26,0x17,8,6,0,0x47D16,high,control_0100,01 00,00 00 21 00 05 00 00 00 1b 00 01 00 01 00 1b 00,01 00 50 de 33 de 29 3c
21/S2013.DAT,0x47D5C,0x47D5E,0x47D5E,0x47D6C,0x47D6C,0x19,14,14,0,0x47D56,high,none,,00 00 21 00 05 00 00 00 1b 00 01 00 01 00 1b 00,dd c6 dd 23 4b 48 2d 20 43 1b 1b 1c dd 45
21/S2013.DAT,0x47D9C,0x47D9E,0x47D9E,0x47DAE,0x47DAE,0x19,16,16,0,0x47D96,high,none,,00 00 21 00 05 00 00 00 1b 00 01 00 01 00 1b 00,43 1e 36 8e de a2 23 1b 29 75 1b 54 26 4a 48 02
21/S2013.DAT,0x47E06,0x47E08,0x47E08,0x47E1A,0x47E1A,0x19,18,18,1,0x47E00,high,none,,00 00 21 00 05 00 00 00 1b 00 01 00 01 00 1b 00,44 3e 1c dd 45 e6 01 3d 1b 2a 3a 51 4b 27 29 1f 43 1b
21/S2013.DAT,0x47E4A,0x47E4C,0x47E4C,0x47E68,0x47E68,0x19,28,28,1,0x47E44,high,none,,00 00 21 00 05 00 00 00 1b 00 01 00 01 00 1b 00,dd c6 dd 23 4b 48 2d e6 01 3f 2d 1f 24 5c 82 60 ab 36 1b 1b d5 dd cb 2a 30 44 22 1d
21/S2013.DAT,0x47E98,0x47E9A,0x47E9A,0x47EB3,0x47EB3,0x19,25,25,1,0x47E92,high,none,,00 00 00 21 00 05 00 00 00 1b 00 01 00 01 00 1b,67 71 34 62 71 34 23 9a 22 2e 36 2a 3f 29 1f 33 e6 01 3f 43 59 21 40 22 a7
21/S2013.DAT,0x47EE4,0x47EE6,0x47EE6,0x47EF2,0x47EF2,0x19,12,12,0,0x47EDE,high,none,,00 00 21 00 05 00 00 00 1b 00 01 00 01 00 1b 00,3a 31 21 24 26 4b 23 dd c5 22 20 02
21/S2013.DAT,0x47F44,0x47F46,0x47F48,0x47F53,0x47F53,0x17,13,11,0,0x47F3E,high,control_0100,01 00,00 00 00 21 00 05 00 00 00 1b 00 01 00 01 00 1b,01 00 50 de 33 de 29 20 1e 33 2c 2c 2c
21/S2014.DAT,0x47930,0x47932,0x47934,0x4793F,0x4793F,0x17,13,11,0,0x4792A,high,control_0100,01 00,00 00 00 21 00 05 00 00 00 1b 00 01 00 01 00 1b,01 00 7d 3a 1e ca 39 1d a9 2a 2b 22 37
21/S2014.DAT,0x47970,0x47972,0x47972,0x4797E,0x4797E,0x17,12,12,0,0x4796A,high,none,,00 00 21 00 05 00 00 00 1b 00 01 00 01 00 1b 00,03 00 1b 55 1b 55 3f 29 1f 1e 4c 37
21/S2014.DAT,0x47AFA,0x47AFC,0x47AFC,0x47B1A,0x47B1A,0x17,30,30,1,0x47AF4,high,none,,00 00 21 00 05 00 00 00 1b 00 01 00 01 00 1b 00,03 00 44 29 36 de 72 52 09 dd 3d 1b 23 2d 0a 35 36 e6 01 9f 26 2d 35 49 54 df 61 df 61 37
21/S2014.DAT,0x47B4A,0x47B4C,0x47B4E,0x47B61,0x47B61,0x17,21,19,1,0x47B44,high,control_0100,01 00,00 00 00 21 00 05 00 00 00 1b 00 01 00 01 00 1b,01 00 de 72 52 3c e6 01 44 32 1b 1d ac 2f 1e 21 1b 1f 43 3d 37
21/S2014.DAT,0x47BA0,0x47BA2,0x47BA2,0x47BBF,0x47BBF,0x19,29,29,2,0x47B9A,high,none,,00 00 00 21 00 05 00 00 00 1b 00 01 00 01 00 1b,66 68 12 25 e6 01 42 31 4e 20 3c e6 01 5d 36 1c dd 7e dd 87 2f dd 1f 1f 1e 1f 1c 20 3c
21/S2014.DAT,0x47CB0,0x47CB2,0x47CB2,0x47CCD,0x47CCD,0x19,27,27,1,0x47CAA,high,none,,00 00 00 21 00 05 00 00 00 1b 00 01 00 01 00 1b,66 68 12 25 e6 01 46 33 3e 26 30 2a dd 36 45 bb df 01 33 1e 1b 2a df 61 df 61 37
21/S2014.DAT,0x47D04,0x47D06,0x47D08,0x47D13,0x47D13,0x17,13,11,0,0x47CFE,high,control_0100,01 00,00 00 00 21 00 05 00 00 00 1b 00 01 00 01 00 1b,01 00 6e 20 dd 6c 1b 2e 36 1e 1f 1c 3c
21/S2014.DAT,0x47D4A,0x47D4C,0x47D4C,0x47D7E,0x47D7E,0x19,50,50,3,0x47D44,high,none,,00 00 21 00 05 00 00 00 1b 00 01 00 01 00 1b 00,66 68 12 25 e6 01 3e 43 1e 3e 28 1e 33 2d 2a e6 01 50 8b 1c 76 de 52 1e 1f a3 6f 34 60 42 de 1a dd d5 de ac de 7f 23 e6 01 1f 21 45 1b 1f 33 1e
21/S2014.DAT,0x47DF0,0x47DF2,0x47DF2,0x47E2A,0x47E2A,0x19,56,56,3,0x47DEA,high,none,,00 00 21 00 05 00 00 00 1b 00 01 00 01 00 1b 00,66 68 12 25 e6 01 a3 6f 34 60 42 1c dd 38 dd 08 1c 1f 51 23 dd 67 dd 70 2f de 0a 99 e6 01 ba 1c dd b0 dd e1 1d 3e 56 86 39 30 44 1d 1b 3d 26 23
21/S2014.DAT,0x47E5A,0x47E5C,0x47E5C,0x47E80,0x47E80,0x19,36,36,2,0x47E54,high,none,,00 00 21 00 05 00 00 00 1b 00 01 00 01 00 1b 00,66 68 12 25 e6 01 de 60 1b 56 3a 32 22 dd 67 dd 70 2a e6 01 de 02 dd 9a 1e 21 22 3d 26 35 2a df 61 df 61 37
21/S2014.DAT,0x47EB0,0x47EB2,0x47EB2,0x47EC9,0x47EC9,0x19,23,23,1,0x47EAA,high,none,,00 00 00 21 00 05 00 00 00 1b 00 01 00 01 00 1b,66 68 13 25 e6 01 2e 33 24 3b 1e 48 dd 35 39 2a de 80 dd 7d 22 6a 02
21/S2014.DAT,0x47EFA,0x47EFC,0x47EFC,0x47F1A,0x47F1A,0x19,30,30,2,0x47EF4,high,none,,00 00 21 00 05 00 00 00 1b 00 01 00 01 00 1b 00,66 68 13 25 e6 01 42 31 4e 24 5d 2a 3b 98 4b 20 4c 35 37 e6 01 dd 21 3e 74 3e 2a 1b 1b 37
21/S2021.DAT,0x46A10,0x46A12,0x46A12,0x46A1F,0x46A1F,0x17,13,13,0,,medium,none,,00 00 00 0e 00 2b 00 03 00 26 00 00 00 27 00 ff,28 00 0f 01 23 00 25 00 2c 01 20 00 25
21/S2021.DAT,0x46C0C,0x46C0E,0x46C0E,0x46C1B,0x46C1B,0x17,13,13,0,,medium,none,,00 00 00 0e 00 2b 00 03 00 26 00 00 00 27 00 ff,28 00 0d 02 23 00 25 00 2a 02 20 00 25
21/S2021.DAT,0x4758A,0x4758C,0x4758E,0x47595,0x47595,0x17,9,7,0,,medium,control_0100,01 00,00 00 00 0e 00 2b 00 03 00 26 00 00 00 27 00 ff,01 00 25 00 1a 00 1e 00 25
21/S2021.DAT,0x48578,0x4857A,0x4857C,0x48595,0x48595,0x17,27,25,1,0x48572,high,control_0100,01 00,00 00 00 21 00 05 00 00 00 1b 00 01 00 00 00 1b,01 00 1d 2d 30 24 2e 2d 1d de 7d 1c dd 64 23 e6 01 5f 34 47 62 31 2a 1b 22 1c 3c
21/S2021.DAT,0x4860A,0x4860C,0x4860C,0x48629,0x48629,0x17,29,29,2,0x48604,high,none,,00 00 00 21 00 05 00 00 00 1b 00 01 00 00 00 1b,03 00 50 dd 15 35 02 e6 01 de 6b 1c 96 2a 5f 34 47 62 31 23 e6 01 3b 41 43 32 21 22 02
21/S2021.DAT,0x486AC,0x486AE,0x486B0,0x486BC,0x486BC,0x17,14,12,0,0x486A6,high,control_0100,01 00,00 00 21 00 05 00 00 00 1b 00 01 00 00 00 1b 00,01 00 42 31 4e 24 54 26 1d 29 21 22 1c 3c
21/S2021.DAT,0x4886C,0x4886E,0x48870,0x48881,0x48881,0x17,19,17,1,0x48866,high,control_0100,01 00,00 00 00 21 00 05 00 00 00 1b 00 01 00 00 00 1b,01 00 85 35 29 21 e6 01 39 29 75 23 63 46 22 30 1e 73 3c
21/S2021.DAT,0x48936,0x48938,0x4893A,0x48969,0x48969,0x17,49,47,2,0x48930,high,control_0100,01 00,00 00 00 21 00 05 00 00 00 1b 00 01 00 00 00 1b,01 00 dd 7e dd 87 54 3b 39 24 e4 3d 61 2f 87 23 86 32 21 e4 29 e6 01 9a 1f 2d 35 49 54 e4 3d e6 01 dd 8e 23 dd 33 1b 2b dd 7d 1f e4 1f 6d 1f 1b
21/S2021.DAT,0x4899A,0x4899C,0x4899E,0x489B5,0x489B5,0x17,25,23,0,0x48994,high,control_0100,01 00,00 00 00 21 00 05 00 00 00 1b 00 01 00 00 00 1b,01 00 50 de 33 de 29 24 e4 3d 4b 73 29 36 e4 1f de f1 51 58 df 61 df 61 37
21/S2021.DAT,0x48A22,0x48A24,0x48A24,0x48A2E,0x48A2E,0x17,10,10,0,0x48A1C,high,none,,00 00 21 00 05 00 00 00 1b 00 01 00 00 00 1b 00,03 00 de f1 27 59 1d 44 48 37
21/S2022.DAT,0x47964,0x47966,0x47968,0x47984,0x47984,0x17,30,28,1,0x4795E,high,control_0100,01 00,00 00 21 00 05 00 00 00 1b 00 01 00 00 00 1b 00,01 00 5d 38 c6 33 1d 1b 2d 30 1e 73 26 37 e6 01 85 28 50 8b 2a de f8 1e 1b 36 9f 26 1d 37
21/S2022.DAT,0x47A6A,0x47A6C,0x47A6C,0x47A83,0x47A83,0x17,23,23,1,0x47A64,high,none,,00 00 00 21 00 05 00 00 00 1b 00 01 00 00 00 1b,04 00 30 38 54 2e 20 33 94 1c 3f 22 e6 01 90 70 23 74 3e 2d 4a 48 3c
21/S2022.DAT,0x47AB4,0x47AB6,0x47AB6,0x47ADC,0x47ADC,0x17,38,38,2,0x47AAE,high,none,,00 00 21 00 05 00 00 00 1b 00 01 00 00 00 1b 00,03 00 90 70 8a dd 75 4a 22 dd 52 1d 33 e6 01 de 32 de 3f 20 de 21 de 1c 1e 20 e6 01 dd 8b 46 33 32 1d 1b 1d a1 37
21/S2022.DAT,0x47B0C,0x47B0E,0x47B10,0x47B2E,0x47B2E,0x17,32,30,1,0x47B06,high,control_0100,01 00,00 00 21 00 05 00 00 00 1b 00 01 00 00 00 1b 00,01 00 41 26 91 46 58 24 ae 23 5f 34 47 62 31 2a e6 01 1b 1f 1c 28 90 70 de 32 de 3f 35 29 1f 37
21/S2022.DAT,0x47C3A,0x47C3C,0x47C3C,0x47C57,0x47C57,0x19,27,27,2,0x47C34,high,none,,00 00 00 21 00 05 00 00 00 1b 00 01 00 00 00 1b,66 68 12 25 e6 01 42 31 4e dd 84 20 37 e6 01 5d 1c de c2 2f dd 79 46 1f 1c 20 3c
21/S2022.DAT,0x47CDE,0x47CE0,0x47CE0,0x47CFD,0x47CFD,0x17,29,29,1,0x47CD8,high,none,,00 00 00 21 00 05 00 00 00 1b 00 01 00 00 00 1b,03 00 4b 73 29 36 41 1c 7a 30 e6 01 dd 17 1c 90 70 de 32 de 3f 23 74 44 1f 1b 2d 35 37
21/S2022.DAT,0x47D2E,0x47D30,0x47D30,0x47D52,0x47D52,0x19,34,34,2,0x47D28,high,none,,00 00 21 00 05 00 00 00 1b 00 01 00 00 00 1b 00,66 68 13 25 e6 01 41 32 1d 33 42 34 81 53 cb 1c e6 01 dd b0 dd e1 2f 36 32 58 1b 1b 30 28 1d 1b 20 37
21/S2022.DAT,0x47D82,0x47D84,0x47D86,0x47D9D,0x47D9D,0x17,25,23,1,0x47D7C,high,control_0100,01 00,00 00 00 21 00 05 00 00 00 1b 00 01 00 00 00 1b,01 00 41 32 2a 30 44 1d 1b 20 33 e6 01 dd 91 2d 30 22 1c 23 df 61 df 61 37
21/S2022.DAT,0x47F64,0x47F66,0x47F66,0x47F72,0x47F72,0x17,12,12,0,0x47F5E,high,none,,00 00 21 00 05 00 00 00 1b 00 01 00 00 00 1b 00,07 00 38 26 c3 23 28 7d 49 2d 1d 37
21/S2031.DAT,0x156,0x158,0x158,0x15F,0x15F,0x19,7,7,0,,medium,none,,00 00 00 00 00 00 00 00 00 38 00 39 00 3a 00 3b,1a 00 1b 00 1c 00 1d
21/S2031.DAT,0x47930,0x47932,0x47932,0x47949,0x47949,0x19,23,23,1,0x4792A,high,none,,00 00 00 21 00 05 00 00 00 1b 00 01 00 00 00 1b,50 8b 25 e6 01 5c 71 dd 39 dd 03 53 1c 42 31 4e 24 86 22 2a 3d 1b 37
21/S2032.DAT,0x156,0x158,0x158,0x15F,0x15F,0x19,7,7,0,,medium,none,,00 00 00 00 00 00 00 00 00 38 00 39 00 3a 00 3b,1a 00 1b 00 1c 00 1d
21/S2033.DAT,0x156,0x158,0x158,0x15F,0x15F,0x19,7,7,0,,medium,none,,00 00 00 00 00 00 00 00 00 38 00 39 00 3a 00 3b,1a 00 1b 00 1c 00 1d
21/S2033.DAT,0x47932,0x47934,0x47936,0x47943,0x47943,0x17,15,13,0,0x4792C,high,control_0100,01 00,00 00 00 21 00 05 00 00 00 1b 00 01 00 00 00 1b,01 00 de 8d de 02 52 29 21 3a 29 44 1c 52 3c
21/S2033.DAT,0x479AC,0x479AE,0x479B0,0x479B7,0x479B7,0x17,9,7,0,0x479A6,high,control_0100,01 00,00 00 00 21 00 05 00 00 00 1b 00 01 00 00 00 1b,01 00 a9 23 1d 22 1d a1 37
21/S2033.DAT,0x47A20,0x47A22,0x47A24,0x47A33,0x47A33,0x17,17,15,0,0x47A1A,high,control_0100,01 00,00 00 00 21 00 05 00 00 00 1b 00 01 00 00 00 1b,01 00 35 29 21 41 2d 1d 52 23 a0 46 1d 20 29 1f 37
21/S2033.DAT,0x47AEA,0x47AEC,0x47AEC,0x47AFF,0x47AFF,0x17,19,19,0,0x47AE4,high,none,,00 00 00 21 00 05 00 00 00 1b 00 01 00 00 00 1b,03 00 26 2d 24 41 39 48 c6 29 21 22 49 54 df 61 df 61 37
21/S2033.DAT,0x47B6A,0x47B6C,0x47B6E,0x47B78,0x47B78,0x17,12,10,0,0x47B64,high,control_0100,01 00,00 00 21 00 05 00 00 00 1b 00 01 00 00 00 1b 00,01 00 3a 29 24 dd e3 dd 81 1e 21 37
21/S2033.DAT,0x47BA8,0x47BAA,0x47BAA,0x47BB7,0x47BB7,0x17,13,13,0,0x47BA2,high,none,,00 00 00 21 00 05 00 00 00 1b 00 01 00 00 00 1b,03 00 1b 1b 1c 20 1d a1 df 61 df 61 37
21/S2034.DAT,0x156,0x158,0x158,0x15F,0x15F,0x19,7,7,0,,medium,none,,00 00 00 00 00 00 00 00 00 38 00 39 00 3a 00 3b,1a 00 1b 00 1c 00 1d
21/S2034.DAT,0x47992,0x47994,0x47994,0x479C0,0x479C0,0x19,44,44,3,0x4798C,high,none,,00 00 21 00 05 00 00 00 1b 00 01 00 00 00 1b 00,50 8b 25 e6 01 a6 34 82 e6 01 dd d9 1e de ac de 7f 28 3e 22 29 1f 2a 24 e6 01 3b 27 46 33 1c 3b 20 9c 30 87 88 2a 28 ca 49 1f 43 37
21/S2034.DAT,0x479F6,0x479F8,0x479F8,0x47A0D,0x47A0D,0x19,21,21,1,0x479F0,high,none,,00 00 00 21 00 05 00 00 00 1b 00 01 00 00 00 1b,50 8b 25 e6 01 5d 2a 3b 98 4b 35 37 dd 21 3e 1b 29 21 40 32 37
21/S2041.DAT,0x47D38,0x47D3A,0x47D3C,0x47D44,0x47D44,0x17,10,8,0,,medium,control_0100,01 00,00 00 21 00 05 00 00 00 1b 00 01 00 00 00 2a 00,01 00 4d 37 34 2f 3c 33 43 1f
21/S2041.DAT,0x47DAE,0x47DB0,0x47DB2,0x47DBA,0x47DBA,0x17,10,8,0,,medium,control_0100,01 00,00 00 21 00 05 00 00 00 1b 00 01 00 00 00 22 00,01 00 3d 36 2b 2f 48 30 5d 34
21/S2041.DAT,0x47E84,0x47E86,0x47E86,0x47E9F,0x47E9F,0x19,25,25,0,,medium,none,,00 00 00 21 00 06 00 04 00 05 00 02 00 00 00 01,e5 02 28 54 27 dd 68 df 4a b0 dd 18 e6 00 e5 02 dd 34 1b df 27 27 dd 0a e6
21/S2041.DAT,0x47EFC,0x47EFE,0x47EFE,0x47F2E,0x47F2E,0x19,48,48,3,0x47EF6,high,none,,00 00 21 00 06 00 04 00 05 00 02 00 00 00 01 00,e5 03 dd 23 6b 42 de 4f de 83 dd 90 2f 8f 31 dd 55 34 1e 27 2b 20 3c e6 01 e5 03 8f 31 dd 55 34 2b 22 e6 01 e5 03 8f 31 dd 55 34 1e 1d 1b e6 01
21/S2041.DAT,0x47FF6,0x47FF8,0x47FF8,0x4801B,0x4801B,0x19,35,35,2,0x47FF0,high,none,,00 00 00 21 00 05 00 00 00 1b 00 01 00 00 00 1b,dd 43 8d 25 e6 01 42 31 4e dd 84 30 2b 4c 37 e6 01 2e 32 20 33 dd 3a 53 64 31 7c 23 56 76 1e 27 2b 2a 24
21/S2041.DAT,0x4804C,0x4804E,0x4804E,0x48081,0x48081,0x19,51,51,3,0x48046,high,none,,00 00 00 21 00 05 00 00 00 1b 00 01 00 00 00 1b,dd 43 8d 25 e6 01 dd 3a 53 64 31 7c 23 86 5e c3 28 e6 01 ba 92 dd 25 1c dd b0 dd e1 2a 1d 1b 36 e6 01 de 08 1c 5e 23 28 74 3e 2e 36 2a 30 44 27
21/S2041.DAT,0x480B2,0x480B4,0x480B4,0x480DD,0x480DD,0x19,41,41,2,0x480AC,high,none,,00 00 00 21 00 05 00 00 00 1b 00 01 00 00 00 1b,dd 43 8d 25 e6 01 dd 3a 53 64 31 7c 2f dd c0 33 2b 5f 34 47 62 31 83 28 e6 01 43 2a 5e 3d 39 dd 19 61 35 36 1b 1b 27 2b 37
21/S2041.DAT,0x48116,0x48118,0x48118,0x48128,0x48128,0x19,16,16,1,0x48110,high,none,,00 00 21 00 05 00 00 00 1b 00 01 00 00 00 1b 00,dd 43 8d 25 e6 01 a4 dd 27 28 3f 39 27 2b 20 3c
21/S2041.DAT,0x4815E,0x48160,0x48160,0x4818C,0x4818C,0x19,44,44,2,0x48158,high,none,,00 00 21 00 06 00 04 00 05 00 03 00 00 00 00 00,e5 04 38 4b 55 2d 02 e6 01 e5 04 4b 73 29 36 a4 dd 27 2a 1d 1b 1d df 61 df 61 37 e6 01 e5 04 27 35 63 1b c4 2a 43 20 33 1d 1b 40 37
21/S2041.DAT,0x481CA,0x481CC,0x481CC,0x481DD,0x481DD,0x19,17,17,1,0x481C4,high,none,,00 00 00 21 00 05 00 00 00 1b 00 01 00 00 00 1b,dd 43 8d 25 e6 01 30 28 24 3b dd 43 39 70 3a 1b 37
21/S2041.DAT,0x482C0,0x482C2,0x482C2,0x482DA,0x482DA,0x19,24,24,1,0x482BA,high,none,,00 00 21 00 05 00 00 00 1b 00 01 00 00 00 1b 00,dd 43 8d 25 e6 01 a4 dd 27 2a 45 3e 27 30 3b 98 4b 1e 21 3b 39 27 2b 37
21/S2041.DAT,0x4834A,0x4834C,0x4834C,0x48364,0x48364,0x19,24,24,1,0x48344,high,none,,00 00 21 00 05 00 00 00 1b 00 01 00 00 00 1b 00,dd 43 8d 25 e6 01 09 a4 dd 27 2a 1d 1b 23 38 dd 05 54 2a 3f 22 3d 1d 0a
21/S2041.DAT,0x48394,0x48396,0x48398,0x483A2,0x483A2,0x17,12,10,0,0x4838E,high,control_0100,01 00,00 00 21 00 05 00 00 00 1b 00 01 00 00 00 1b 00,01 00 46 3c e4 3d 6e 20 91 29 1f 3c
21/S2041.DAT,0x483D2,0x483D4,0x483D4,0x483EA,0x483EA,0x19,22,22,1,0x483CC,high,none,,00 00 21 00 05 00 00 00 1b 00 01 00 00 00 1b 00,dd 43 8d 25 e6 01 1b 46 e4 1f df 61 e4 1f df 61 e4 1f 1d 23 38 37
21/S2041.DAT,0x4843E,0x48440,0x48440,0x48450,0x48450,0x19,16,16,1,0x48438,high,none,,00 00 21 00 05 00 00 00 1b 00 01 00 00 00 1b 00,dd 43 8d 25 e6 01 6e 2a c6 39 1f 1b 30 2b 20 3c
21/S2041.DAT,0x48486,0x48488,0x48488,0x484B5,0x484B5,0x19,45,45,2,0x48480,high,none,,00 00 00 21 00 06 00 04 00 05 00 03 00 00 00 00,e5 04 54 26 2b 32 58 dd 19 3e 1d 32 22 1c 3c e6 01 e5 04 6e 20 63 1b 1c d1 df 01 28 3f 22 1c 3c e6 01 e5 04 40 29 75 39 24 1b 1b 40 37
21/S2041.DAT,0x484FC,0x484FE,0x484FE,0x48521,0x48521,0x19,35,35,1,0x484F6,high,none,,00 00 00 21 00 05 00 00 00 1b 00 01 00 00 00 1b,dd 43 8d 25 e6 01 54 2e 1c 5e 23 38 24 1b 45 74 29 21 38 5f 34 47 62 31 1c 1b 22 89 c2 2a 3f 39 27 2b 37
21/S2041.DAT,0x48552,0x48554,0x48554,0x48573,0x48573,0x19,31,31,2,0x4854C,high,none,,00 00 00 21 00 05 00 00 00 1b 00 01 00 00 00 1b,dd 43 8d 25 e6 01 2e 2e 30 6e dd 20 38 63 46 58 24 e6 01 54 2d 54 2d dd 19 3e 1d 32 27 2b 37
21/S2041.DAT,0x485A4,0x485A6,0x485A6,0x485E7,0x485E7,0x19,65,65,2,0x4859E,high,none,,00 00 00 21 00 05 00 00 00 1b 00 01 00 00 00 1b,dd 43 8d 25 e6 01 2e 1c 89 c2 1c 5f 34 47 62 31 28 dd 4d 31 d8 2a dd bd 2d 30 38 dd 15 43 33 1d 1b 1c 30 24 de 62 46 1f 1b 52 1c 6f dd b4 53 23
21/S2041.DAT,0x48618,0x4861A,0x4861A,0x48646,0x48646,0x19,44,44,1,0x48612,high,none,,00 00 21 00 05 00 00 00 1b 00 01 00 00 00 1b 00,dd 43 8d 25 e6 01 dd 4d 31 d8 2a dd 79 43 22 27 30 23 24 2e 26 1b 26 89 c2 28 24 dd ac de ac 12 11 bc c2 de fe b9 23 1d 39 27 2b 37
21/S2041.DAT,0x48682,0x48684,0x48684,0x486B2,0x486B2,0x19,46,46,1,0x4867C,high,none,,00 00 21 00 05 00 00 00 1b 00 01 00 00 00 1b 00,dd 43 8d 25 e6 01 a4 b2 1c 62 31 34 1c cf 23 24 df 60 df 03 dd a1 62 34 2f dd 82 cf 23 3b 2b 36 a6 6b 31 bc 31 de 4d 53 23 1d 39 27 2b 37
21/S2041.DAT,0x486E2,0x486E4,0x486E4,0x48713,0x48713,0x19,47,47,1,0x486DC,high,none,,00 00 00 21 00 05 00 00 00 1b 00 01 00 00 00 1b,dd 43 8d 25 e6 01 2e 32 2f dd 33 29 21 24 5f 34 47 62 31 1c 89 c2 24 90 de 42 2f 3d 3e a0 21 dd ef 63 2f dd 36 21 21 28 54 26 30 1e 73 26 3c
21/S2041.DAT,0x48744,0x48746,0x48746,0x48787,0x48787,0x19,65,65,2,0x4873E,high,none,,00 00 00 21 00 05 00 00 00 1b 00 01 00 00 00 1b,dd 43 8d 25 e6 01 de 08 23 28 24 b2 32 45 2b 22 5f 34 47 62 31 28 24 dd fa dd 90 2a df 16 b2 23 1d 39 27 2b 2a 24 dd 83 1e 1f cf 23 38 33 46 22
21/S2041.DAT,0x487B8,0x487BA,0x487BA,0x487D3,0x487D3,0x19,25,25,1,0x487B2,high,none,,00 00 00 21 00 05 00 00 00 1b 00 01 00 00 00 1b,dd 43 8d 25 e6 01 2e 32 2f de 89 dd 3e 1e 21 6d 21 28 54 26 30 1e 73 26 3c
21/S2041.DAT,0x48808,0x4880A,0x4880A,0x48835,0x48835,0x19,43,43,3,0x48802,high,none,,00 00 00 21 00 05 00 00 00 1b 00 01 00 00 00 1b,dd 43 8d 25 e6 01 41 32 30 28 24 e6 01 dd 3a 53 64 31 7c 23 dd 01 49 21 56 76 1e 27 2b 2a 24 e6 01 a4 dd 27 28 3f 39 27 2b 20 3c
21/S2042.DAT,0x47D38,0x47D3A,0x47D3C,0x47D44,0x47D44,0x17,10,8,0,,medium,control_0100,01 00,00 00 21 00 05 00 00 00 1b 00 01 00 00 00 2a 00,01 00 4d 37 34 2f 3c 33 43 1f
21/S2042.DAT,0x47DAE,0x47DB0,0x47DB2,0x47DBA,0x47DBA,0x17,10,8,0,,medium,control_0100,01 00,00 00 21 00 05 00 00 00 1b 00 01 00 00 00 22 00,01 00 3d 36 2b 2f 48 30 5d 34
21/S2042.DAT,0x47E84,0x47E86,0x47E86,0x47E9F,0x47E9F,0x19,25,25,0,,medium,none,,00 00 00 21 00 06 00 04 00 05 00 02 00 00 00 01,e5 02 28 54 27 dd 68 df 4a b0 dd 18 e6 00 e5 02 dd 34 1b df 27 27 dd 0a e6
21/S2042.DAT,0x47F58,0x47F5A,0x47F5A,0x47F80,0x47F80,0x19,38,38,1,0x47F52,high,none,,00 00 21 00 05 00 00 00 1b 00 01 00 00 00 1b 00,6c 69 72 34 25 e6 01 5d 1c dd b0 dd e1 1d 3e 24 dd 72 74 de 0b 23 3b dd 43 59 2b 22 43 49 23 28 1b 44 27 59 2d 37
21/S2042.DAT,0x47FEE,0x47FF0,0x47FF0,0x48025,0x48025,0x19,53,53,3,0x47FE8,high,none,,00 00 00 21 00 06 00 04 00 05 00 02 00 00 00 02,6c 69 72 34 25 e6 01 6e 20 85 30 3b 61 23 1d 32 22 7a 28 3f 39 27 2b 20 3c e6 01 e5 03 dd 35 45 23 1d 1b 37 e6 01 e5 03 4b 73 29 36 dd 6a 46 21
21/S2042.DAT,0x48062,0x48064,0x48064,0x48077,0x48077,0x19,19,19,1,0x4805C,high,none,,00 00 00 21 00 05 00 00 00 1b 00 01 00 00 00 1b,6c 69 72 34 25 e6 01 41 32 30 28 24 3b a9 2f 45 49 21 37
21/S2042.DAT,0x4811C,0x4811E,0x4811E,0x4814B,0x4814B,0x19,45,45,2,0x48116,high,none,,00 00 00 21 00 06 00 04 00 05 00 03 00 00 00 00,e5 04 54 26 2b 32 58 dd 19 3e 1d 32 22 1c 3c e6 01 e5 04 6e 20 63 1b 1c d1 df 01 28 3f 22 1c 3c e6 01 e5 04 40 29 75 39 24 1b 1b 40 37
21/S2042.DAT,0x48192,0x48194,0x48194,0x481B8,0x481B8,0x19,36,36,1,0x4818C,high,none,,00 00 21 00 05 00 00 00 1b 00 01 00 00 00 1b 00,6c 69 72 34 25 e6 01 54 2e 1c 5e 23 38 24 1b 45 74 29 21 38 5f 34 47 62 31 1c 1b 22 89 c2 2a 3f 39 27 2b 37
21/S2042.DAT,0x481E8,0x481EA,0x481EA,0x4820A,0x4820A,0x19,32,32,2,0x481E2,high,none,,00 00 21 00 05 00 00 00 1b 00 01 00 00 00 1b 00,6c 69 72 34 25 e6 01 2e 2e 30 6e dd 20 38 63 46 58 24 e6 01 54 2d 54 2d dd 19 3e 1d 32 27 2b 37
21/S2042.DAT,0x4823A,0x4823C,0x4823C,0x4827E,0x4827E,0x19,66,66,2,0x48234,high,none,,00 00 21 00 05 00 00 00 1b 00 01 00 00 00 1b 00,6c 69 72 34 25 e6 01 2e 1c 89 c2 1c 5f 34 47 62 31 28 dd 4d 31 d8 2a dd bd 2d 30 38 dd 15 43 33 1d 1b 1c 30 24 de 62 46 1f 1b 52 1c 6f dd b4 53
21/S2042.DAT,0x4831A,0x4831C,0x4831C,0x4834B,0x4834B,0x19,47,47,1,0x48314,high,none,,00 00 00 21 00 05 00 00 00 1b 00 01 00 00 00 1b,6c 69 72 34 25 e6 01 a4 b2 1c 62 31 34 1c cf 23 24 df 60 df 03 dd a1 62 34 2f dd 82 cf 23 3b 2b 36 a6 6b 31 bc 31 de 4d 53 23 1d 39 27 2b 37
21/S2042.DAT,0x4837C,0x4837E,0x4837E,0x483AE,0x483AE,0x19,48,48,1,0x48376,high,none,,00 00 21 00 05 00 00 00 1b 00 01 00 00 00 1b 00,6c 69 72 34 25 e6 01 2e 32 2f dd 33 29 21 24 5f 34 47 62 31 1c 89 c2 24 90 de 42 2f 3d 3e a0 21 dd ef 63 2f dd 36 21 21 28 54 26 30 1e 73 26 3c
21/S2042.DAT,0x483DE,0x483E0,0x483E0,0x48422,0x48422,0x19,66,66,2,0x483D8,high,none,,00 00 21 00 05 00 00 00 1b 00 01 00 00 00 1b 00,6c 69 72 34 25 e6 01 de 08 23 28 24 b2 32 45 2b 22 5f 34 47 62 31 28 24 dd fa dd 90 2a df 16 b2 23 1d 39 27 2b 2a 24 dd 83 1e 1f cf 23 38 33 46
21/S2042.DAT,0x48452,0x48454,0x48454,0x4846E,0x4846E,0x19,26,26,1,0x4844C,high,none,,00 00 21 00 05 00 00 00 1b 00 01 00 00 00 1b 00,6c 69 72 34 25 e6 01 2e 32 2f de 89 dd 3e 1e 21 6d 21 28 54 26 30 1e 73 26 3c
21/S2043.DAT,0x47D38,0x47D3A,0x47D3C,0x47D44,0x47D44,0x17,10,8,0,,medium,control_0100,01 00,00 00 21 00 05 00 00 00 1b 00 01 00 00 00 2a 00,01 00 4d 37 34 2f 3c 33 43 1f
21/S2043.DAT,0x47DAE,0x47DB0,0x47DB2,0x47DBA,0x47DBA,0x17,10,8,0,,medium,control_0100,01 00,00 00 21 00 05 00 00 00 1b 00 01 00 00 00 22 00,01 00 3d 36 2b 2f 48 30 5d 34
21/S2043.DAT,0x47E84,0x47E86,0x47E86,0x47E9F,0x47E9F,0x19,25,25,0,,medium,none,,00 00 00 21 00 06 00 04 00 05 00 02 00 00 00 01,e5 02 28 54 27 dd 68 df 4a b0 dd 18 e6 00 e5 02 dd 34 1b df 27 27 dd 0a e6
21/S2043.DAT,0x47FC2,0x47FC4,0x47FC4,0x47FDE,0x47FDE,0x19,26,26,2,0x47FBC,high,none,,00 00 21 00 05 00 00 00 1b 00 01 00 00 00 1b 00,66 68 25 e6 01 5e 5d 2a 3b 98 4b 30 2b 37 e6 01 dd 17 23 3b 1b 30 70 3a 1b 37
21/S2044.DAT,0x47D38,0x47D3A,0x47D3C,0x47D44,0x47D44,0x17,10,8,0,,medium,control_0100,01 00,00 00 21 00 05 00 00 00 1b 00 01 00 00 00 2a 00,01 00 4d 37 34 2f 3c 33 43 1f
21/S2044.DAT,0x47DAE,0x47DB0,0x47DB2,0x47DBA,0x47DBA,0x17,10,8,0,,medium,control_0100,01 00,00 00 21 00 05 00 00 00 1b 00 01 00 00 00 22 00,01 00 3d 36 2b 2f 48 30 5d 34
21/S2044.DAT,0x47E84,0x47E86,0x47E86,0x47E9F,0x47E9F,0x19,25,25,0,,medium,none,,00 00 00 21 00 06 00 04 00 05 00 02 00 00 00 01,e5 02 28 54 27 dd 68 df 4a b0 dd 18 e6 00 e5 02 dd 34 1b df 27 27 dd 0a e6
21/S2044.DAT,0x48008,0x4800A,0x4800A,0x48032,0x48032,0x19,40,40,2,0x48002,high,none,,00 00 21 00 05 00 00 00 1b 00 01 00 00 00 1b 00,6c 69 72 34 25 e6 01 6d 1d 3a 27 1c dd b8 1c 3b 87 dd 07 1b 2f 2b 22 3d 26 e6 01 5d 3d 39 cc 4a 33 32 21 3b 39 27 2b 37
21/S2044.DAT,0x48062,0x48064,0x48064,0x48085,0x48085,0x19,33,33,2,0x4805C,high,none,,00 00 00 21 00 05 00 00 00 1b 00 01 00 00 00 1b,6c 69 72 34 25 e6 01 1d 23 20 43 20 33 1d 1b 2e 36 2a 3f 32 58 24 e6 01 d3 1b 21 6d 21 70 3a 1b 37
21/S2044.DAT,0x480B6,0x480B8,0x480B8,0x480D7,0x480D7,0x19,31,31,2,0x480B0,high,none,,00 00 00 21 00 05 00 00 00 1b 00 01 00 00 00 1b,6c 69 72 34 25 e6 01 42 31 4e cb e6 01 c8 c3 36 38 3d 55 1e 3e 3b 4c 2a 1b 1b 1f 1e 27 2b 37
21/S2044.DAT,0x48108,0x4810A,0x4810A,0x4811C,0x4811C,0x19,18,18,1,0x48102,high,none,,00 00 21 00 05 00 00 00 1b 00 01 00 00 00 1b 00,6c 69 72 34 25 e6 01 30 28 24 3b dd 43 39 70 3a 1b 37
21/S2044.DAT,0x4821A,0x4821C,0x4821E,0x4822B,0x4822B,0x17,15,13,0,0x48214,high,control_0100,01 00,00 00 00 21 00 05 00 00 00 1b 00 01 00 00 00 1b,01 00 3f 1d 1f 24 2e 1c 88 1c df 61 df 61 37
21/S2044.DAT,0x48264,0x48266,0x48266,0x48287,0x48287,0x17,33,33,1,0x4825E,high,none,,00 00 00 21 00 05 00 00 00 1b 00 01 00 00 00 1b,02 00 dd e5 dd e6 28 28 29 44 39 1e 1d 1b 2a e6 01 3b 27 46 dd 16 23 45 1b 21 74 2e 26 36 9f 26 37
21/S2044.DAT,0x482B8,0x482BA,0x482BA,0x482D7,0x482D7,0x17,29,29,1,0x482B2,high,none,,00 00 00 21 00 05 00 00 00 1b 00 01 00 00 00 1b,02 00 2e 1c 88 1c 61 2a 3f 32 58 e6 01 de 9b 87 27 36 1b 23 28 1d 33 1d 1b 28 8c 35 37
21/S2044.DAT,0x48316,0x48318,0x48318,0x48346,0x48346,0x17,46,46,3,0x48310,high,none,,00 00 21 00 05 00 00 00 1b 00 01 00 00 00 1b 00,04 00 9a 1f 20 9a 1f 20 e6 01 98 29 21 3b 29 1f 6a 37 e6 01 3b dd 4f 1e 2a 1b 1d 1b 36 2e 32 20 33 dd 66 e6 01 45 33 1b 20 33 1c dd 57 37
21/S2044.DAT,0x48384,0x48386,0x48386,0x48392,0x48392,0x17,12,12,0,0x4837E,high,none,,00 00 21 00 05 00 00 00 1b 00 01 00 00 00 1b 00,02 00 6e 35 2e 1c 4a 4a 1b 28 29 02
21/S2044.DAT,0x483D0,0x483D2,0x483D2,0x483F3,0x483F3,0x17,33,33,2,0x483CA,high,none,,00 00 00 21 00 05 00 00 00 1b 00 01 00 00 00 1b,04 00 97 2d 29 02 e6 01 27 35 dd 11 1c de 62 dd fc 09 1f 2d 32 2d 0a 2a e6 01 1d 29 21 3b 33 2d 37
21/S2044.DAT,0x48424,0x48426,0x48426,0x48449,0x48449,0x17,35,35,1,0x4841E,high,none,,00 00 00 21 00 05 00 00 00 1b 00 01 00 00 00 1b,04 00 42 31 4e 24 dd 11 dd 7f 59 2d 30 1b 1b 37 e6 01 2e 40 45 38 dd 97 51 33 32 1f dd 99 88 1c 12 52 37
21/S2044.DAT,0x484C4,0x484C6,0x484C6,0x484E4,0x484E4,0x17,30,30,1,0x484BE,high,none,,00 00 21 00 05 00 00 00 1b 00 01 00 00 00 1b 00,04 00 41 26 4a 48 24 43 1e 1c dd 69 1c dd b8 20 33 e6 01 dd 97 51 33 32 1f de 3e 4a 48 37
21/S2044.DAT,0x48514,0x48516,0x48516,0x48535,0x48535,0x17,31,31,1,0x4850E,high,none,,00 00 00 21 00 05 00 00 00 1b 00 01 00 00 00 1b,03 00 4a 48 3f 24 d2 3e 33 28 de 9d 1b 29 1e 73 23 e6 01 dd b8 2f 1e 1f 2e 36 2a 3f 22 1c 3c
21/S2044.DAT,0x48566,0x48568,0x48568,0x4859C,0x4859C,0x17,52,52,1,0x48560,high,none,,00 00 21 00 05 00 00 00 1b 00 01 00 00 00 1b 00,04 00 41 26 4a 48 24 de 3e 28 51 dd b7 22 37 e6 01 20 45 21 47 78 6b 42 23 5b cd dd 1a 5a 2f dd 37 2d 30 44 1f dd 99 88 2a dd f0 99 dd 5a 27 22
21/S2044.DAT,0x4860C,0x4860E,0x48610,0x4862D,0x4862D,0x17,31,29,1,0x48606,high,control_0100,01 00,00 00 00 21 00 05 00 00 00 1b 00 01 00 00 00 1b,01 00 1b 1b 4a 48 1d 1b 37 e6 01 2e 32 20 33 1c dd b8 28 44 29 36 50 dd 15 1d 2d 35 20 33 37
21/S2044.DAT,0x48664,0x48666,0x48666,0x48683,0x48683,0x17,29,29,1,0x4865E,high,none,,00 00 00 21 00 05 00 00 00 1b 00 01 00 00 00 1b,02 00 4a 48 3f 9d 27 39 35 1d 37 e6 01 ad 28 5c 82 60 ab 37 3d 55 1e 3e dd 91 b5 a7 37
21/S2044.DAT,0x4874E,0x48750,0x48750,0x4876A,0x4876A,0x19,26,26,1,0x48748,high,none,,00 00 21 00 05 00 00 00 1b 00 01 00 00 00 1b 00,6c 69 72 34 25 e6 01 1b 45 30 38 dd 1d c5 1e 21 3b 98 4b 1e 21 3b 39 27 2b 37
21/S2045.DAT,0x46D38,0x46D3A,0x46D3C,0x46D44,0x46D44,0x17,10,8,0,,medium,control_0100,01 00,00 00 21 00 05 00 00 00 1b 00 01 00 00 00 2a 00,01 00 4d 37 34 2f 3c 33 43 1f
21/S2045.DAT,0x46DAE,0x46DB0,0x46DB2,0x46DBA,0x46DBA,0x17,10,8,0,,medium,control_0100,01 00,00 00 21 00 05 00 00 00 1b 00 01 00 00 00 22 00,01 00 3d 36 2b 2f 48 30 5d 34
21/S2045.DAT,0x46E84,0x46E86,0x46E86,0x46E9F,0x46E9F,0x19,25,25,0,,medium,none,,00 00 00 21 00 06 00 04 00 05 00 02 00 00 00 01,e5 02 28 54 27 dd 68 df 4a b0 dd 18 e6 00 e5 02 dd 34 1b df 27 27 dd 0a e6
21/S2045.DAT,0x47544,0x47546,0x47546,0x47556,0x47556,0x19,16,16,1,0x4753E,high,none,,00 00 21 00 05 00 00 00 1b 00 01 00 00 00 1b 00,6c 69 72 34 25 e6 01 56 76 1d 3a 1b 27 2b 20 3c
21/S2045.DAT,0x475E8,0x475EA,0x475EA,0x475F9,0x475F9,0x19,15,15,1,0x475E2,high,none,,00 00 00 21 00 05 00 00 00 1b 00 01 00 00 00 1b,6c 69 72 34 25 e6 01 30 28 24 2e 4b 33 8a 37
21/S2045.DAT,0x4770E,0x47710,0x47710,0x4772A,0x4772A,0x19,26,26,1,0x47708,high,none,,00 00 21 00 05 00 00 00 1b 00 01 00 00 00 1b 00,6c 69 72 34 25 e6 01 1b 45 30 38 dd 1d c5 1e 21 3b 98 4b 1e 21 3b 39 27 2b 37
21/S2045.DAT,0x478CA,0x478CC,0x478CC,0x478DC,0x478DC,0x19,16,16,1,0x478C4,high,none,,00 00 21 00 05 00 00 00 1b 00 01 00 00 00 1b 00,6c 69 72 34 25 e6 01 56 76 1d 3a 1b 27 2b 20 3c
21/S2045.DAT,0x47A90,0x47A92,0x47A92,0x47AAC,0x47AAC,0x19,26,26,1,0x47A8A,high,none,,00 00 21 00 05 00 00 00 1b 00 01 00 00 00 1b 00,6c 69 72 34 25 e6 01 1b 45 30 38 dd 1d c5 1e 21 3b 98 4b 1e 21 3b 39 27 2b 37
21/S2045.DAT,0x47BE8,0x47BEA,0x47BEA,0x47BFA,0x47BFA,0x19,16,16,1,0x47BE2,high,none,,00 00 21 00 05 00 00 00 1b 00 01 00 00 00 1b 00,6c 69 72 34 25 e6 01 56 76 1d 3a 1b 27 2b 20 3c
21/S2045.DAT,0x47C90,0x47C92,0x47C92,0x47CA2,0x47CA2,0x19,16,16,1,0x47C8A,high,none,,00 00 21 00 05 00 00 00 1b 00 01 00 00 00 1b 00,6c 69 72 34 25 e6 01 56 76 1d 3a 1b 27 2b 20 3c
21/S2045.DAT,0x47E60,0x47E62,0x47E62,0x47E7C,0x47E7C,0x19,26,26,1,0x47E5A,high,none,,00 00 21 00 05 00 00 00 1b 00 01 00 00 00 1b 00,6c 69 72 34 25 e6 01 1b 45 30 38 dd 1d c5 1e 21 3b 98 4b 1e 21 3b 39 27 2b 37
21/S2045.DAT,0x47F92,0x47F94,0x47F94,0x47FDC,0x47FDC,0x19,72,72,1,0x47F8C,high,none,,00 00 21 00 05 00 00 00 1b 00 01 00 00 00 1b 00,6c 69 72 34 25 e6 01 42 65 db d8 2c 42 4e dd 60 77 6b 31 2c de 96 1e de 20 dd 80 61 28 24 bc 31 de 4d 53 30 de 0a 2d 30 1b 22 cf 23 df 60 20 df
21/S2045.DAT,0x4800C,0x4800E,0x4800E,0x48050,0x48050,0x19,66,66,3,0x48006,high,none,,00 00 21 00 05 00 00 00 1b 00 01 00 00 00 1b 00,6c 69 72 34 25 e6 01 de 96 23 24 de 96 1e de 20 dd 80 61 28 dd cc de 55 1d de 4f dd 90 36 e6 01 dd 8c de a9 1c de 4f dd 90 2a de 59 de 6f 3a 32
21/S2045.DAT,0x48080,0x48082,0x48082,0x480B2,0x480B2,0x19,48,48,1,0x4807A,high,none,,00 00 21 00 05 00 00 00 1b 00 01 00 00 00 1b 00,6c 69 72 34 25 e6 01 42 65 db d8 30 de 04 9c 21 67 78 31 7f 2f dd 3f 46 22 38 1c 28 94 2c dd 41 de 06 2c 50 44 1d dd 41 de 06 1c 14 45 30 2b 37
21/S2045.DAT,0x4814E,0x48150,0x48150,0x4817C,0x4817C,0x19,44,44,2,0x48148,high,none,,00 00 21 00 05 00 00 00 1b 00 01 00 00 00 1b 00,6c 69 72 34 25 e6 01 bd 23 d0 b1 1e 1f 89 dd ac 23 24 de 02 b1 2f 3a 32 24 e6 01 67 78 31 7f 2f dd 68 49 22 2e 36 2a 3f 39 27 2b 37
21/S2045.DAT,0x481AC,0x481AE,0x481AE,0x481DC,0x481DC,0x19,46,46,3,0x481A6,high,none,,00 00 21 00 05 00 00 00 1b 00 01 00 00 00 1b 00,6c 69 72 34 25 e6 01 2e 32 2f dd 96 49 22 1f 51 23 28 24 e6 01 bd 1c c3 55 20 3d 2e 23 e6 01 9e 39 dd 5d 2d 30 d0 b1 2b 22 2e 36 30 2b 37
21/S2045.DAT,0x4820C,0x4820E,0x4820E,0x4824B,0x4824B,0x19,61,61,3,0x48206,high,none,,00 00 00 21 00 05 00 00 00 1b 00 01 00 00 00 1b,6c 69 72 34 25 e6 01 de f3 23 24 a4 b2 2a d0 b1 3a 32 22 cf 23 1d 22 dd 35 3e 24 e6 01 c7 de 8c 20 33 23 1d 22 3d 26 23 1e b5 49 22 36 e6 01 bd
21/S2045.DAT,0x4827C,0x4827E,0x4827E,0x482B4,0x482B4,0x19,54,54,1,0x48276,high,none,,00 00 21 00 05 00 00 00 1b 00 01 00 00 00 1b 00,6c 69 72 34 25 e6 01 de 96 1e de 20 d0 b1 38 42 65 db d8 2f de 04 9c 22 1c 36 dd 82 4a 3e de d4 dd 9a 23 bd 1c de 02 b1 2f dd 68 49 1d 1b d0 b1
21/S2045.DAT,0x48434,0x48436,0x48436,0x48472,0x48472,0x19,60,60,2,0x4842E,high,none,,00 00 21 00 05 00 00 00 1b 00 01 00 00 00 1b 00,6c 69 72 34 25 e6 01 2e 4b 33 1c d0 b1 2a 5f 34 47 62 31 23 44 20 1d 1b 1c 28 6f dd b4 53 1c de 1d 1b de fe dd 6b 23 24 de 09 1e 73 26 2a dd 6c
21/S2045.DAT,0x484A2,0x484A4,0x484A4,0x484D4,0x484D4,0x19,48,48,2,0x4849C,high,none,,00 00 21 00 05 00 00 00 1b 00 01 00 00 00 1b 00,6c 69 72 34 25 e6 01 de 51 46 58 24 dd 1b dd 51 2f dd 33 dd 3e 2b 22 5f 34 47 62 31 28 24 e6 01 dd 1b dd 51 d0 b1 23 28 dd 19 1b 38 2d 30 2b 37
21/S2045.DAT,0x48504,0x48506,0x48506,0x48535,0x48535,0x19,47,47,2,0x484FE,high,none,,00 00 00 21 00 05 00 00 00 1b 00 01 00 00 00 1b,6c 69 72 34 25 e6 01 de 08 23 28 24 dd 72 2d 30 1b 22 5f 34 47 62 31 23 28 24 e6 01 c1 1c dd 1b dd 51 2a 3d 3e 44 3e 36 20 38 3f 39 27 2b 37
21/S2045.DAT,0x48566,0x48568,0x48568,0x48590,0x48590,0x19,40,40,2,0x48560,high,none,,00 00 21 00 05 00 00 00 1b 00 01 00 00 00 1b 00,6c 69 72 34 25 e6 01 63 1b 28 de 5c 2f dd 33 43 1d 44 48 1b 49 27 59 2d 37 e6 01 61 35 49 4a 48 35 51 1d 2d 30 2b 3d 37
21/S2045.DAT,0x485C0,0x485C2,0x485C2,0x485CC,0x485CC,0x17,10,10,0,0x485BA,high,none,,00 00 21 00 05 00 00 00 1b 00 01 00 00 00 1b 00,02 00 91 29 21 3e 32 22 a7 37
21/S2045.DAT,0x48608,0x4860A,0x4860A,0x48632,0x48632,0x19,40,40,1,0x48602,high,none,,00 00 21 00 05 00 00 00 1b 00 01 00 00 00 1b 00,6c 69 72 34 25 e6 01 dd 19 1b de 09 87 2f de 0a 2d 30 63 26 36 24 41 32 35 49 dd d4 3e 1c dd de de 75 2f 45 51 27 2b 37
21/S2045.DAT,0x48662,0x48664,0x48664,0x4869D,0x4869D,0x19,57,57,3,0x4865C,high,none,,00 00 00 21 00 05 00 00 00 1b 00 01 00 00 00 1b,6c 69 72 34 25 e6 01 dd de de 75 28 24 d0 b1 1e 1f cf 38 24 3a 32 1f cf 38 e6 01 dd a7 33 32 27 2b 37 e6 01 1b 45 38 6c d6 6f 34 7f 2b 22 dd 11
21/S2045.DAT,0x486CE,0x486D0,0x486D0,0x486E8,0x486E8,0x17,24,24,1,0x486C8,high,none,,00 00 21 00 05 00 00 00 1b 00 01 00 00 00 1b 00,03 00 1d 2d 35 20 24 4b 73 29 36 40 22 a9 23 e6 01 1d 29 21 44 1f 1d 37
21/S2045.DAT,0x48768,0x4876A,0x4876A,0x48773,0x48773,0x17,9,9,0,0x48762,high,none,,00 00 00 21 00 05 00 00 00 1b 00 01 00 00 00 1b,03 00 df 61 df 61 df 61 37
21/S2045.DAT,0x487B0,0x487B2,0x487B2,0x487DD,0x487DD,0x19,43,43,2,0x487AA,high,none,,00 00 00 21 00 05 00 00 00 1b 00 01 00 00 00 1b,6c 69 72 34 25 e6 01 dd 99 88 2a 97 46 21 3e 22 36 24 63 93 30 1c b6 43 39 23 e6 01 3d 39 6f dd b4 53 23 3a 2a 56 21 44 27 2b 37
21/S2045.DAT,0x4880E,0x48810,0x48810,0x48833,0x48833,0x19,35,35,2,0x48808,high,none,,00 00 00 21 00 05 00 00 00 1b 00 01 00 00 00 1b,6c 69 72 34 25 e6 01 2b dd 35 21 1c 52 2a d0 b1 23 dd 01 1b 21 1b 22 43 49 30 28 e6 01 3f 39 27 59 2d 37
21/S2045.DAT,0x48864,0x48866,0x48866,0x48896,0x48896,0x19,48,48,1,0x4885E,high,none,,00 00 21 00 05 00 00 00 1b 00 01 00 00 00 1b 00,6c 69 72 34 25 e6 01 dd 4e d6 57 4e 62 31 1c dd a6 dd ad dd d2 2a de 44 1b dd d2 23 1d 22 3d 26 23 a9 2f 45 49 21 6d 21 28 54 26 30 1e 73 26 3c
21/S2045.DAT,0x488C6,0x488C8,0x488C8,0x488F1,0x488F1,0x19,41,41,3,0x488C0,high,none,,00 00 00 21 00 05 00 00 00 1b 00 01 00 00 00 1b,6c 69 72 34 25 e6 01 44 29 36 24 e6 01 2b dd b7 40 33 32 21 1e 27 26 dd a4 4b 2e d2 32 28 e6 01 1b 1d 3e 1d 39 27 2b 3d 37
21/S2045.DAT,0x48922,0x48924,0x48924,0x48936,0x48936,0x17,18,18,0,0x4891C,high,none,,00 00 21 00 05 00 00 00 1b 00 01 00 00 00 1b 00,07 00 dd a4 4b 2e d2 32 36 28 dd d3 1c 2e 36 4a 48 3c
21/S2045.DAT,0x489F4,0x489F6,0x489F6,0x48A21,0x48A21,0x19,43,43,2,0x489EE,high,none,,00 00 00 21 00 05 00 00 00 1b 00 01 00 00 00 1b,6c 69 72 34 25 e6 01 42 57 57 5c 47 1c dd 8f dd 9d 67 34 7f 69 34 28 e6 01 de 09 dd 42 23 dd b2 de d2 2a de a0 1b 3d 26 30 2b 37
21/S2045.DAT,0x48A52,0x48A54,0x48A54,0x48A88,0x48A88,0x19,52,52,3,0x48A4C,high,none,,00 00 21 00 05 00 00 00 1b 00 01 00 00 00 1b 00,6c 69 72 34 25 e6 01 1d 20 23 28 24 5f 34 47 62 31 23 dd 1e 33 32 1f 24 e6 01 3f 41 2e 23 1e 20 1d 1b 42 4e dd 60 77 6b 31 38 3f 22 36 e6 01 d3
21/S2045.DAT,0x48AB8,0x48ABA,0x48ABA,0x48ADC,0x48ADC,0x19,34,34,2,0x48AB2,high,none,,00 00 21 00 05 00 00 00 1b 00 01 00 00 00 1b 00,6c 69 72 34 25 e6 01 61 de 38 1e 38 20 4c 21 24 cf 23 28 74 29 21 6d 22 1c 38 e6 01 3d 1b 1c 30 28 3c
21/S2045.DAT,0x48B0C,0x48B0E,0x48B0E,0x48B2E,0x48B2E,0x17,32,32,1,0x48B06,high,none,,00 00 21 00 05 00 00 00 1b 00 01 00 00 00 1b 00,07 00 41 26 4a 48 24 3b 27 46 33 1c 61 30 dd c9 2f e6 01 54 2d 54 2d 87 23 86 32 22 2d 4a 48 02
21/S2045.DAT,0x48B5E,0x48B60,0x48B60,0x48B8C,0x48B8C,0x17,44,44,1,0x48B58,high,none,,00 00 21 00 05 00 00 00 1b 00 01 00 00 00 1b 00,07 00 38 4b 55 2d 24 87 23 86 32 1f c3 28 43 1e 23 27 20 59 2d 1e 48 1b 37 e6 01 dd b5 d6 82 dd b5 d6 82 dd b5 d6 82 dd b5 d6 82 37
21/S2045.DAT,0x48BBC,0x48BBE,0x48BC0,0x48BCC,0x48BCC,0x17,14,12,0,0x48BB6,high,control_0100,01 00,00 00 21 00 05 00 00 00 1b 00 01 00 00 00 1b 00,01 00 27 20 59 22 de ba 1d 1b 30 1e 73 02
21/S2045.DAT,0x48C08,0x48C0A,0x48C0A,0x48C2C,0x48C2C,0x19,34,34,2,0x48C02,high,none,,00 00 21 00 05 00 00 00 1b 00 01 00 00 00 1b 00,6c 69 72 34 25 e6 01 5c dd 14 31 dd 6d 1c dd 10 1c b4 6d 1c 4d 4f 2f e6 01 3b d2 46 21 1b 27 2b 20 3c
21/S2045.DAT,0x48C5C,0x48C5E,0x48C5E,0x48C7F,0x48C7F,0x19,33,33,2,0x48C56,high,none,,00 00 00 21 00 05 00 00 00 1b 00 01 00 00 00 1b,6c 69 72 34 25 e6 01 dd 73 de 6b 28 1b 45 38 be dd 06 2f a0 dd 1e 29 21 3e 32 21 e6 01 1b 27 2b 37
21/S2045.DAT,0x48CB0,0x48CB2,0x48CB2,0x48CEC,0x48CEC,0x19,58,58,3,0x48CAA,high,none,,00 00 21 00 05 00 00 00 1b 00 01 00 00 00 1b 00,6c 69 72 34 25 e6 01 dd 3a 53 64 31 7c 23 28 24 14 bc c2 af 5c 53 dd 23 6b 42 2a e6 01 3f 22 7a 30 2b 1e 24 cf 23 28 74 29 21 24 e6 01 b0 2f d3
21/S2045.DAT,0x48D1C,0x48D1E,0x48D1E,0x48D39,0x48D39,0x19,27,27,1,0x48D16,high,none,,00 00 00 21 00 05 00 00 00 1b 00 01 00 00 00 1b,6c 69 72 34 25 e6 01 74 3e 36 df 0b dd 80 dd 58 2f 38 33 46 22 3d 26 30 2b 3d 37
21/S2045.DAT,0x48D6A,0x48D6C,0x48D6C,0x48D76,0x48D76,0x17,10,10,0,0x48D64,high,none,,00 00 21 00 05 00 00 00 1b 00 01 00 00 00 1b 00,04 00 40 3a 1e de b6 1c 26 37
21/S2045.DAT,0x48DB2,0x48DB4,0x48DB4,0x48DE3,0x48DE3,0x19,47,47,3,0x48DAC,high,none,,00 00 00 21 00 05 00 00 00 1b 00 01 00 00 00 1b,6c 69 72 34 25 e6 01 57 64 67 23 dd ab 29 1f 84 83 28 24 e6 01 dd 9e 2f dd bf 74 1c 89 36 1e 21 e6 01 dd 34 de 8f 1e 21 1b 22 3d 26 30 2b 37
21/S2045.DAT,0x48E14,0x48E16,0x48E16,0x48E43,0x48E43,0x19,45,45,2,0x48E0E,high,none,,00 00 00 21 00 05 00 00 00 1b 00 01 00 00 00 1b,6c 69 72 34 25 e6 01 a4 b2 1c dd 19 3a 2f de 38 1e 1f 3e 1d 29 1f 89 dd ac 23 24 e6 01 dd 36 4b 3d 29 21 6d 21 28 54 26 30 1e 73 26 37
21/S2045.DAT,0x48EBE,0x48EC0,0x48EC0,0x48ED6,0x48ED6,0x19,22,22,1,0x48EB8,high,none,,00 00 21 00 05 00 00 00 1b 00 01 00 00 00 1b 00,6c 69 72 34 25 e6 01 54 32 23 45 1b 21 3b b0 1e 1e 27 1e 73 26 3c
21/S2045.DAT,0x49168,0x4916A,0x4916A,0x4919C,0x4919C,0x19,50,50,1,0x49162,high,none,,00 00 21 00 05 00 00 00 1b 00 01 00 00 00 1b 00,6c 69 72 34 25 e6 01 dd 3c 31 dd 4d 34 3a 2d 2a dd 99 88 23 1d 29 1f c3 23 8f 53 dd 56 47 1c de f2 1c 47 5c 31 34 77 31 4e 53 8a 74 44 27 1e 1f
21/S2045.DAT,0x491CC,0x491CE,0x491CE,0x491F8,0x491F8,0x19,42,42,1,0x491C6,high,none,,00 00 21 00 05 00 00 00 1b 00 01 00 00 00 1b 00,6c 69 72 34 25 e6 01 2e 2e 30 28 24 3f 22 42 65 db d8 2a 87 23 86 39 27 2b 37 47 5c 31 34 77 31 4e 53 35 49 23 df 61 df 61 37
21/S2045.DAT,0x4922C,0x4922E,0x4922E,0x49260,0x49260,0x19,50,50,3,0x49226,high,none,,00 00 21 00 05 00 00 00 1b 00 01 00 00 00 1b 00,6c 69 72 34 25 e6 01 af 5c 53 dd 64 23 24 a4 b2 1c 62 31 34 30 e6 01 47 62 31 5c dd a1 62 34 2f 3b 2b 36 e6 01 47 db 31 62 47 2f a0 32 27 2b 3d
21/S2045.DAT,0x49290,0x49292,0x49292,0x492C9,0x492C9,0x19,55,55,1,0x4928A,high,none,,00 00 00 21 00 05 00 00 00 1b 00 01 00 00 00 1b,6c 69 72 34 25 e6 01 41 1c cf 23 24 bc 31 de 4d 53 36 e7 02 30 6b 34 80 1c dd 64 1c dd 4c 2f de 0a 2d 30 42 65 d1 34 1c de b1 de ca 2f dd 15 46
21/S2045.DAT,0x492FA,0x492FC,0x492FC,0x49324,0x49324,0x19,40,40,2,0x492F4,high,none,,00 00 21 00 05 00 00 00 1b 00 01 00 00 00 1b 00,6c 69 72 34 25 e6 01 2e 32 28 24 8e dd 20 dd 15 46 22 36 dd 60 31 c9 3a 32 22 1c 30 e6 01 8c 29 36 dd 33 46 27 2b 3d 37
21/S2045.DAT,0x49358,0x4935A,0x4935A,0x4939E,0x4939E,0x19,68,68,1,0x49352,high,none,,00 00 21 00 05 00 00 00 1b 00 01 00 00 00 1b 00,6c 69 72 34 25 e6 01 dd 78 dd 7b de 6e 28 dd 08 dd 25 30 17 27 30 1d 22 36 d3 1b 21 3b 39 27 2b 37 dd 64 23 28 a0 45 20 39 23 3e 1b 38 1c 38 1b
21/S2045.DAT,0x493D2,0x493D4,0x493D4,0x49414,0x49414,0x19,64,64,1,0x493CC,high,none,,00 00 21 00 05 00 00 00 1b 00 01 00 00 00 1b 00,6c 69 72 34 25 e6 01 d7 d1 cb 1c dd df de 7a 28 24 dd 08 dd 25 30 19 45 23 1d 22 36 d3 1b 21 3b 39 27 2b 37 dd 08 dd 25 a0 45 20 22 36 24 20 1d
21/S2045.DAT,0x49448,0x4944A,0x4944A,0x49473,0x49473,0x19,41,41,1,0x49442,high,none,,00 00 00 21 00 05 00 00 00 1b 00 01 00 00 00 1b,6c 69 72 34 25 e6 01 41 1c c3 1c 93 dd 4c 89 30 28 24 af 5c 53 23 d5 29 1f de d7 2f de d7 46 21 1b 22 6d 1f 1b 30 2b 4c 37
21/S2045.DAT,0x494A4,0x494A6,0x494A6,0x494D0,0x494D0,0x19,42,42,2,0x4949E,high,none,,00 00 21 00 05 00 00 00 1b 00 01 00 00 00 1b 00,6c 69 72 34 25 e6 01 44 29 36 24 1b 1b 2e 36 2a 3f 39 27 2b 20 33 e6 01 2a 2d 58 29 21 dd f5 55 3e 2f dd ef 29 21 70 3a 1b 37
21/S2045.DAT,0x49504,0x49506,0x49506,0x49548,0x49548,0x19,66,66,2,0x494FE,high,none,,00 00 21 00 05 00 00 00 1b 00 01 00 00 00 1b 00,6c 69 72 34 25 e6 01 dd 3c 31 dd 4d 34 cb 1c dd b5 31 5c 71 de b4 31 53 1c dd 1b dd 51 1c dd 0a 23 5b 50 44 1d dd 41 de 06 5a 2f de 04 9c dd 5d
21/S2045.DAT,0x49578,0x4957A,0x4957A,0x4959E,0x4959E,0x19,36,36,2,0x49572,high,none,,00 00 21 00 05 00 00 00 1b 00 01 00 00 00 1b 00,6c 69 72 34 25 e6 01 5f 34 47 62 31 1c dd d4 1b 36 2e 55 30 dd 33 29 21 6d 21 28 e6 01 54 26 30 1e 73 26 37
21/S2045.DAT,0x495D2,0x495D4,0x495D4,0x49618,0x49618,0x19,68,68,1,0x495CC,high,none,,00 00 21 00 05 00 00 00 1b 00 01 00 00 00 1b 00,6c 69 72 34 25 e6 01 57 64 67 dd 9e 30 28 24 57 34 4e 2f de d5 49 21 dd bf 74 2f 74 29 21 1b 22 3d 26 30 2b 2a 24 41 1c dd 08 21 2f dd 79 46 22
21/S2045.DAT,0x49648,0x4964A,0x4964A,0x49670,0x49670,0x19,38,38,1,0x49642,high,none,,00 00 21 00 05 00 00 00 1b 00 01 00 00 00 1b 00,6c 69 72 34 25 e6 01 1f 35 24 57 64 67 dd 9e 30 38 33 46 22 43 49 30 28 1d 1b 3d 26 30 2b 2a df 61 df 61 df 61 37
21/S2045.DAT,0x496A4,0x496A6,0x496A6,0x4970E,0x4970E,0x19,104,104,1,0x4969E,high,none,,00 00 21 00 05 00 00 00 1b 00 01 00 00 00 1b 00,6c 69 72 34 25 e6 01 a2 64 34 60 34 80 47 5c 31 34 1c 3f 22 89 c2 2a 43 20 39 27 1e 1f 37 12 45 28 47 78 6b 42 1c 5c 71 dd 39 dd 03 53 2c 12 45
21/S2045.DAT,0x49742,0x49744,0x49744,0x49787,0x49787,0x19,67,67,2,0x4973C,high,none,,00 00 00 21 00 05 00 00 00 1b 00 01 00 00 00 1b,6c 69 72 34 25 e6 01 63 93 30 1c dd de de 75 dd d2 2a df 17 23 1d 22 42 4e dd 60 77 6b 31 2a 3f 22 3d 26 30 2b 37 de 26 ae 28 5b 44 dd 4f 1c 3b
22/S2046.DAT,0x47D38,0x47D3A,0x47D3C,0x47D44,0x47D44,0x17,10,8,0,,medium,control_0100,01 00,00 00 21 00 05 00 00 00 1b 00 01 00 00 00 2a 00,01 00 4d 37 34 2f 3c 33 43 1f
22/S2046.DAT,0x47DAE,0x47DB0,0x47DB2,0x47DBA,0x47DBA,0x17,10,8,0,,medium,control_0100,01 00,00 00 21 00 05 00 00 00 1b 00 01 00 00 00 22 00,01 00 3d 36 2b 2f 48 30 5d 34
22/S2046.DAT,0x47E84,0x47E86,0x47E86,0x47E9F,0x47E9F,0x19,25,25,0,,medium,none,,00 00 00 21 00 06 00 04 00 05 00 02 00 00 00 01,e5 02 28 54 27 dd 68 df 4a b0 dd 18 e6 00 e5 02 dd 34 1b df 27 27 dd 0a e6
22/S2046.DAT,0x47FA4,0x47FA6,0x47FA6,0x47FB8,0x47FB8,0x17,18,18,0,0x47F9E,high,none,,00 00 21 00 05 00 00 00 1b 00 01 00 00 00 1b 00,02 00 2e 1c 27 27 d9 32 58 de 91 27 29 4b 27 26 6a 37
22/S2046.DAT,0x47FE8,0x47FEA,0x47FEC,0x47FF6,0x47FF6,0x17,12,10,0,0x47FE2,high,control_0100,01 00,00 00 21 00 05 00 00 00 1b 00 01 00 00 00 1b 00,01 00 4a 48 3f 24 54 26 2b 22 1c 3c
22/S2046.DAT,0x48026,0x48028,0x48028,0x4803F,0x4803F,0x17,23,23,1,0x48020,high,none,,00 00 00 21 00 05 00 00 00 1b 00 01 00 00 00 1b,07 00 2e 1c 43 1e 23 24 e6 01 1b 1b dd 8b 46 2a 3f 22 2d 4a 48 2a 37
22/S2046.DAT,0x480AC,0x480AE,0x480AE,0x480C8,0x480C8,0x17,26,26,1,0x480A6,high,none,,00 00 21 00 05 00 00 00 1b 00 01 00 00 00 1b 00,07 00 27 3f 27 3f 24 e6 01 2e 1c 6c 69 34 dd 02 57 cb 23 27 20 59 1d 3a 1b 37
22/S2046.DAT,0x480F8,0x480FA,0x480FA,0x48111,0x48111,0x17,23,23,1,0x480F2,high,none,,00 00 00 21 00 05 00 00 00 1b 00 01 00 00 00 1b,07 00 4a 1b 3a 2d 24 e6 01 4b 73 29 36 de a6 2f 20 59 df 61 df 61 37
22/S2046.DAT,0x48142,0x48144,0x48144,0x48166,0x48166,0x17,34,34,2,0x4813C,high,none,,00 00 21 00 05 00 00 00 1b 00 01 00 00 00 1b 00,04 00 dd 05 3b df 61 df 61 e6 01 e4 3d 1d 2d 36 df 61 df 61 df 61 e6 01 e4 3d 41 39 48 1b 1b 43 1b 02
22/S2046.DAT,0x48196,0x48198,0x48198,0x481A3,0x481A3,0x17,11,11,0,0x48190,high,none,,00 00 00 21 00 05 00 00 00 1b 00 01 00 00 00 1b,03 00 50 de 33 de 29 20 1d a1 37
22/S2046.DAT,0x48240,0x48242,0x48242,0x48258,0x48258,0x19,22,22,0,0x4823A,high,none,,00 00 21 00 05 00 00 00 1b 00 01 00 00 00 1b 00,1b 40 31 dd eb 1b 1f 37 e4 3d dd eb 1b 1f 6a 31 02 02 e4 3d e4 1f
22/S2046.DAT,0x4829C,0x4829E,0x4829E,0x482CA,0x482CA,0x19,44,44,1,0x48296,high,none,,00 00 21 00 05 00 00 00 1b 00 01 00 00 00 1b 00,e4 1f 79 dd 05 29 2c e4 15 79 dd 05 29 2c e4 15 79 dd 05 2c e4 0b 79 dd 05 29 e6 01 e4 3d dd 18 a9 1c 44 1f 1d 1b 5e 30 3f 22 1d 37
22/S2046.DAT,0x48300,0x48302,0x48302,0x4830A,0x4830A,0x19,8,8,0,0x482FA,high,none,,00 00 21 00 05 00 00 00 1b 00 01 00 00 00 1b 00,dd 08 3e 30 2b 1d a1 37
22/S2046.DAT,0x48356,0x48358,0x48358,0x48376,0x48376,0x19,30,30,2,0x48350,high,none,,00 00 21 00 05 00 00 00 1b 00 01 00 00 00 1b 00,66 68 25 e6 01 6e 35 1d 2d 35 24 e6 01 86 5e 1c dd e4 33 3e 28 dd 68 49 21 1b 1d 1b 6a 37
22/S2046.DAT,0x4839E,0x483A0,0x483A0,0x483BB,0x483BB,0x19,27,27,1,,medium+,none,,00 00 00 07 00 05 00 ec 0d 21 00 00 00 01 00 01,42 65 bb 31 24 e4 3d e4 3d e6 01 dd dc dd 6e 2f 58 45 20 27 45 29 1f 02 02 e4 3d
22/S2046.DAT,0x483DA,0x483DC,0x483DC,0x48411,0x48411,0x19,53,53,0,0x483D4,high,none,,00 00 00 21 00 05 00 00 00 1b 00 01 00 00 00 1b,dd e4 33 3e 2f 86 32 3d 26 36 9f 29 1f 34 4a 48 2a 4c c0 24 e4 3d e4 3d e4 1f dd 72 74 de 0b 1c dd 75 dd 27 de af 1c dd 86 96 2a dd 6c 26 21 1c
22/S2046.DAT,0x48448,0x4844A,0x4844A,0x4845B,0x4845B,0x19,17,17,0,0x48442,high,none,,00 00 00 21 00 05 00 00 00 1b 00 01 00 00 00 1b,1b 40 31 24 e4 3d 27 1b 29 1f 27 1b 29 1f 02 e4 3d
22/S2046.DAT,0x48492,0x48494,0x48494,0x484B2,0x484B2,0x19,30,30,1,0x4848C,high,none,,00 00 21 00 05 00 00 00 1b 00 01 00 00 00 1b 00,66 68 25 e6 01 1b 1b 20 33 dd d7 b2 de 0c dd 92 dd be 23 1d 22 38 1c 2f a0 59 1d 3a 1b 02
22/S2046.DAT,0x484E8,0x484EA,0x484EA,0x48511,0x48511,0x19,39,39,1,0x484E2,high,none,,00 00 00 21 00 05 00 00 00 1b 00 01 00 00 00 1b,28 21 3c e4 3d e4 3d dd d7 b2 de 0c dd 92 dd be 36 1d 3c e6 01 e4 3d e4 3d de 4d 6f dd a2 24 7c 34 81 47 bc 65 7c 3c
22/S2046.DAT,0x48588,0x4858A,0x4858A,0x485B5,0x485B5,0x19,43,43,3,0x48582,high,none,,00 00 00 21 00 05 00 00 00 1b 00 01 00 00 00 1b,66 68 25 e6 01 a3 47 d7 31 5c 35 3d 24 a3 47 d7 31 5c 02 e6 01 27 3a 20 dd 09 29 21 1d 1b 1c 20 3c e6 01 3f 40 1e 1b dd 63 51 37
22/S2046.DAT,0x485F2,0x485F4,0x485F4,0x48614,0x48614,0x19,32,32,1,0x485EC,high,none,,00 00 21 00 05 00 00 00 1b 00 01 00 00 00 1b 00,1d 24 6e 36 dd 6f dd 6e 1d 02 e6 01 2e 4b 33 1c c4 2f 54 1d 1f 36 dd 11 dd a7 22 37 e4 3d e4 3d
22/S2046.DAT,0x48684,0x48686,0x48686,0x486A3,0x486A3,0x19,29,29,0,0x4867E,high,none,,00 00 00 21 00 05 00 00 00 1b 00 01 00 00 00 1b,e4 3d e4 3d de bb 24 e4 3d e4 3d e4 1f 91 29 21 40 29 21 24 91 29 21 40 29 21 37 e4 3d
22/S2046.DAT,0x486DA,0x486DC,0x486DC,0x486FE,0x486FE,0x19,34,34,0,0x486D4,high,none,,00 00 21 00 05 00 00 00 1b 00 01 00 00 00 1b 00,2e 1c 3b c4 28 1d 24 4e 57 31 a6 5d 5e 5d 96 95 34 2c dd 02 af 2c dd 3b 5f 6c 69 34 cb 1d 22 6a 02 02
22/S2046.DAT,0x4872E,0x48730,0x48730,0x48747,0x48747,0x19,23,23,2,0x48728,high,none,,00 00 00 21 00 05 00 00 00 1b 00 01 00 00 00 1b,66 68 25 e6 01 4e 57 31 a6 5d 5e 3c 5d 96 3c e6 01 3f 2d 1f 2a 3c 3c
22/S2046.DAT,0x4877E,0x48780,0x48780,0x4878D,0x4878D,0x19,13,13,0,0x48778,high,none,,00 00 00 21 00 05 00 00 00 1b 00 01 00 00 00 1b,26 2d 24 41 26 1d 1c 3d 24 2e 32 2a 37
22/S2046.DAT,0x487BE,0x487C0,0x487C0,0x487E2,0x487E2,0x19,34,34,1,0x487B8,high,none,,00 00 21 00 05 00 00 00 1b 00 01 00 00 00 1b 00,66 68 25 e6 01 28 3f 24 1e 20 1e 4e 57 31 a6 5d 5e 1d 54 36 1b 26 5e 28 d3 1b 1f 7a 38 df 61 df 61 37
22/S2046.DAT,0x48818,0x4881A,0x4881A,0x48849,0x48849,0x19,47,47,0,0x48812,high,none,,00 00 00 21 00 05 00 00 00 1b 00 01 00 00 00 1b,ca a1 29 20 38 2d 02 02 1d 2d 3d 26 23 26 20 ca 2e 1c ce 1c dd df 46 2d 24 4e 57 31 a6 de 05 2f c6 33 2d 21 20 24 3b dd 4f 1e 02 e4 3d e4 3d
22/S2046.DAT,0x4887A,0x4887C,0x4887C,0x48899,0x48899,0x19,29,29,1,0x48874,high,none,,00 00 00 21 00 05 00 00 00 1b 00 01 00 00 00 1b,66 68 25 e6 01 1b 40 24 d3 1b 1f 7a 2a 3f 22 3d 26 1d 24 1d 1b 3d 26 1d df 61 df 61 37
22/S2046.DAT,0x488D0,0x488D2,0x488D2,0x4890C,0x4890C,0x19,58,58,2,0x488CA,high,none,,00 00 21 00 05 00 00 00 1b 00 01 00 00 00 1b 00,41 1c de 05 2f 3b 3a 51 21 33 29 1e 48 22 1c 2a e6 01 2e 1c c4 1c 3b b7 b9 24 5d 1c dd 64 1c 5d 02 02 e6 01 95 34 2c 60 57 34 2c dd 5f 81 47 dd
22/S2046.DAT,0x4893C,0x4893E,0x4893E,0x4895D,0x4895D,0x19,31,31,1,0x48936,high,none,,00 00 00 21 00 05 00 00 00 1b 00 01 00 00 00 1b,66 68 25 e6 01 2e 24 2e 32 28 dd dc dd 6e 1e 27 1e 1f 37 2b 22 36 24 c3 55 1c c4 dd 06 28 3c
22/S2046.DAT,0x48994,0x48996,0x48996,0x489A6,0x489A6,0x19,16,16,0,0x4898E,high,none,,00 00 21 00 05 00 00 00 1b 00 01 00 00 00 1b 00,be 2a 5e 1c 50 8b 83 35 2a 4c c0 31 e4 3d e4 3d
22/S2046.DAT,0x489E6,0x489E8,0x489E8,0x489F5,0x489F5,0x19,13,13,0,0x489E0,high,none,,00 00 00 21 00 05 00 00 00 1b 00 01 00 00 00 1b,dd 3b 5f 01 dd 3b 5f 31 31 31 31 02 02
22/S2046.DAT,0x48A2E,0x48A30,0x48A30,0x48A48,0x48A48,0x19,24,24,1,0x48A28,high,none,,00 00 21 00 05 00 00 00 1b 00 01 00 00 00 1b 00,66 68 25 e6 01 41 32 30 24 c8 9e 1c 86 5e 1c ac dd 53 28 df 61 df 61 3c
22/S2046.DAT,0x48A7E,0x48A80,0x48A80,0x48A99,0x48A99,0x19,25,25,0,0x48A78,high,none,,00 00 00 21 00 05 00 00 00 1b 00 01 00 00 00 1b,e4 3d 1d 31 23 2f 91 29 36 22 1c 20 4c e4 3d 6c dd 3a dd 03 3c e4 3d e4 3d
22/S2046.DAT,0x48AD0,0x48AD2,0x48AD2,0x48AFA,0x48AFA,0x19,40,40,0,0x48ACA,high,none,,00 00 21 00 05 00 00 00 1b 00 01 00 00 00 1b 00,3b 1f 3e 1c 5d cb 2a dd 22 2d 35 dd 04 26 20 33 de 4c 55 28 22 58 22 dd 72 2d 30 44 1f 3a 42 53 3d 24 27 29 1f 3e e4 3d
22/S2046.DAT,0x48B30,0x48B32,0x48B32,0x48B45,0x48B45,0x19,19,19,0,0x48B2A,high,none,,00 00 00 21 00 05 00 00 00 1b 00 01 00 00 00 1b,3f 31 45 20 32 1f 43 24 e4 3d e4 3d 26 31 31 31 37 e4 3d
22/S2046.DAT,0x48B76,0x48B78,0x48B78,0x48B95,0x48B95,0x19,29,29,1,0x48B70,high,none,,00 00 00 21 00 05 00 00 00 1b 00 01 00 00 00 1b,66 68 25 e6 01 1e 20 1e 24 5d 1c 41 26 dd 7d 28 14 dd 74 ae 23 dd 79 43 39 27 1e 1f 3d
22/S2046.DAT,0x48BCC,0x48BCE,0x48BCE,0x48BD4,0x48BD4,0x19,6,6,0,0x48BC6,high,none,,00 00 21 00 05 00 00 00 1b 00 01 00 00 00 1b 00,46 3c e4 3d e4 1f
22/S2046.DAT,0x48C0A,0x48C0C,0x48C0C,0x48C1A,0x48C1A,0x19,14,14,0,0x48C04,high,none,,00 00 21 00 05 00 00 00 1b 00 01 00 00 00 1b 00,dd 79 43 29 4b 48 29 1f 36 1d 02 3c e4 3d
22/S2046.DAT,0x48C8A,0x48C8C,0x48C8C,0x48CA3,0x48CA3,0x19,23,23,1,0x48C84,high,none,,00 00 00 21 00 05 00 00 00 1b 00 01 00 00 00 1b,26 2a 3f a1 a1 a1 02 e6 01 e4 3d 54 1d 1b 7d 73 31 31 31 02 02 e4 3d
22/S2046.DAT,0x48CDA,0x48CDC,0x48CDC,0x48CF5,0x48CF5,0x19,25,25,0,0x48CD4,high,none,,00 00 00 21 00 05 00 00 00 1b 00 01 00 00 00 1b,2e 27 39 27 1e 1f 1d 24 e4 3d 2e 1c 27 27 4a 48 dd c5 32 27 59 2d 43 e4 3d
22/S2046.DAT,0x48D26,0x48D28,0x48D28,0x48D4A,0x48D4A,0x19,34,34,1,0x48D20,high,none,,00 00 21 00 05 00 00 00 1b 00 01 00 00 00 1b 00,66 68 25 e6 01 3f 1c 24 41 32 1d 33 58 24 5d 1c 28 20 23 3b a5 39 1e 21 1b 29 21 3e 32 27 59 2d 20 3c
22/S2046.DAT,0x48D80,0x48D82,0x48D82,0x48D87,0x48D87,0x19,5,5,0,0x48D7A,high,none,,00 00 00 21 00 05 00 00 00 1b 00 01 00 00 00 1b,1d 23 3c e4 3d
22/S2046.DAT,0x48DBE,0x48DC0,0x48DC0,0x48DC8,0x48DC8,0x19,8,8,0,0x48DB8,high,none,,00 00 21 00 05 00 00 00 1b 00 01 00 00 00 1b 00,28 20 36 1d 02 3c e4 3d
22/S2046.DAT,0x48DF8,0x48DFA,0x48DFA,0x48E1B,0x48E1B,0x19,33,33,1,0x48DF2,high,none,,00 00 00 21 00 05 00 00 00 1b 00 01 00 00 00 1b,66 68 25 e6 01 28 1b 24 41 32 1d 33 58 44 29 36 dd 95 44 5d 38 3b df 4e 99 23 1d 33 32 27 2b 3d 37
22/S2046.DAT,0x48E52,0x48E54,0x48E54,0x48E73,0x48E73,0x19,31,31,0,0x48E4C,high,none,,00 00 00 21 00 05 00 00 00 1b 00 01 00 00 00 1b,41 24 41 39 48 31 dd fd 1b dd 8b 46 30 3f 22 1d 37 e4 3d 3a 29 41 3e a5 22 36 1e 3d 26 6a 02
22/S2046.DAT,0x48EAA,0x48EAC,0x48EAC,0x48EBB,0x48EBB,0x19,15,15,0,0x48EA4,high,none,,00 00 00 21 00 05 00 00 00 1b 00 01 00 00 00 1b,41 26 30 2b 1d 24 e4 3d 74 3e 6a 3b ae 83 02
22/S2046.DAT,0x48EFC,0x48EFE,0x48EFE,0x48F0B,0x48F0B,0x19,13,13,0,0x48EF6,high,none,,00 00 00 21 00 05 00 00 00 1b 00 01 00 00 00 1b,dd 3b 5f 01 dd 3b 5f 31 31 31 31 02 02
22/S2046.DAT,0x490B8,0x490BA,0x490BA,0x490C9,0x490C9,0x19,15,15,1,0x490B2,high,none,,00 00 00 21 00 05 00 00 00 1b 00 01 00 00 00 1b,af 82 6c 25 e6 01 56 76 1d 3a 1b 27 2b 20 3c
22/S2046.DAT,0x4914E,0x49150,0x49150,0x49160,0x49160,0x19,16,16,1,0x49148,high,none,,00 00 21 00 05 00 00 00 1b 00 01 00 00 00 1b 00,af 82 6c 25 e6 01 74 29 21 33 29 1e 48 1b 27 59
22/S2046.DAT,0x49274,0x49276,0x49276,0x4928F,0x4928F,0x19,25,25,1,0x4926E,high,none,,00 00 00 21 00 05 00 00 00 1b 00 01 00 00 00 1b,af 82 6c 25 e6 01 1b 45 30 38 dd 1d c5 1e 21 3b 98 4b 1e 21 3b 39 27 2b 37
22/S2047.DAT,0x47D38,0x47D3A,0x47D3C,0x47D44,0x47D44,0x17,10,8,0,,medium,control_0100,01 00,00 00 21 00 05 00 00 00 1b 00 01 00 00 00 2a 00,01 00 4d 37 34 2f 3c 33 43 1f
22/S2047.DAT,0x47DAE,0x47DB0,0x47DB2,0x47DBA,0x47DBA,0x17,10,8,0,,medium,control_0100,01 00,00 00 21 00 05 00 00 00 1b 00 01 00 00 00 22 00,01 00 3d 36 2b 2f 48 30 5d 34
22/S2047.DAT,0x47E84,0x47E86,0x47E86,0x47E9F,0x47E9F,0x19,25,25,0,,medium,none,,00 00 00 21 00 06 00 04 00 05 00 02 00 00 00 01,e5 02 28 54 27 dd 68 df 4a b0 dd 18 e6 00 e5 02 dd 34 1b df 27 27 dd 0a e6
22/S2047.DAT,0x480E6,0x480E8,0x480E8,0x48112,0x48112,0x19,42,42,2,0x480E0,high,none,,00 00 21 00 05 00 00 00 1b 00 01 00 00 00 1b 00,6c 69 72 34 25 e6 01 85 28 24 5e 5d 1c cc 23 de dc 29 1f 35 49 30 2b 37 e6 01 dd e9 de 61 3b dd 6e 23 28 de f0 99 27 59 2d 37
22/S2047.DAT,0x4818A,0x4818C,0x4818C,0x481A4,0x481A4,0x17,24,24,1,0x48184,high,none,,00 00 21 00 05 00 00 00 1b 00 01 00 00 00 1b 00,02 00 4b 29 e6 01 e4 3d de 82 df 28 1c 4c 46 dd e7 dd fb 54 38 35 a7 37
22/S2047.DAT,0x4822E,0x48230,0x48230,0x48236,0x48236,0x17,6,6,0,0x48228,high,none,,00 00 21 00 05 00 00 00 1b 00 01 00 00 00 1b 00,02 00 3f 58 3d 37
22/S2051.DAT,0x478A4,0x478A6,0x478A6,0x478B5,0x478B5,0x19,15,15,1,0x4789E,high,none,,00 00 00 21 00 05 00 00 00 1b 00 01 00 01 00 1b,5e 5d 25 e6 01 3b 27 46 2a 24 42 31 4e 20 3c
22/S2051.DAT,0x4792A,0x4792C,0x4792C,0x47961,0x47961,0x19,53,53,3,0x47924,high,none,,00 00 00 21 00 05 00 00 00 1b 00 01 00 01 00 1b,5e 5d 25 e6 01 60 8f 34 9b 30 1c de 49 40 3e e6 01 43 1e 1c de a6 23 38 86 29 21 3b 22 37 e4 1f e6 01 dd 15 43 29 1f 61 2f dd 09 29 21 1b 22 41
22/S2051.DAT,0x479EA,0x479EC,0x479EC,0x479F6,0x479F6,0x19,10,10,1,0x479E4,high,none,,00 00 21 00 05 00 00 00 1b 00 01 00 01 00 1b 00,5e 5d 25 e6 01 4d 4f 36 1d 3c
22/S2051.DAT,0x47A26,0x47A28,0x47A28,0x47A41,0x47A41,0x19,25,25,2,0x47A20,high,none,,00 00 00 21 00 05 00 00 00 1b 00 01 00 01 00 1b,5e 5d 25 e6 01 41 32 30 24 4d 4f 28 3b 27 46 23 e6 01 1d 2d 36 91 29 1f 3c
22/S2051.DAT,0x47ACE,0x47AD0,0x47AD0,0x47AEA,0x47AEA,0x19,26,26,2,0x47AC8,high,none,,00 00 21 00 05 00 00 00 1b 00 01 00 01 00 1b 00,5e 5d 25 e6 01 52 dd a3 2a dd 40 99 22 36 1d 37 e6 01 41 32 28 df 61 df 61 37
22/S2051.DAT,0x47B20,0x47B22,0x47B22,0x47B45,0x47B45,0x19,35,35,2,0x47B1A,high,none,,00 00 00 21 00 05 00 00 00 1b 00 01 00 01 00 1b,50 8b 25 e6 01 42 31 4e 36 de d8 1e 1f 1d 37 e6 01 51 29 1f 1d 7a 2f de 13 23 2b 22 38 1c 30 28 1d 1b 37
22/S2051.DAT,0x47B7C,0x47B7E,0x47B7E,0x47B99,0x47B99,0x19,27,27,1,0x47B76,high,none,,00 00 00 21 00 05 00 00 00 1b 00 01 00 01 00 1b,50 8b 25 e6 01 5d 3d 24 2e 1c 3d 26 1d 96 dd 0d 1c b0 1d 54 df 61 df 61 df 61 37
22/S2051.DAT,0x47BD0,0x47BD2,0x47BD2,0x47C05,0x47C05,0x19,51,51,2,0x47BCA,high,none,,00 00 00 21 00 05 00 00 00 1b 00 01 00 01 00 1b,5e 5d 25 e6 01 ce dd 12 2a dd 40 99 22 df 61 df 61 de e7 dd a9 96 30 3f 29 1f dd 4b 2a e6 01 de 39 2f dd 28 1e 1f cf 23 38 41 2d 1d 7a 2f df 61
22/S2051.DAT,0x47C36,0x47C38,0x47C38,0x47C6C,0x47C6C,0x19,52,52,1,0x47C30,high,none,,00 00 21 00 05 00 00 00 1b 00 01 00 01 00 1b 00,5e 5d 25 e6 01 42 31 4e 3d 24 3b ae 23 1f 1c 6d 2a 3f 22 37 43 2a 5e 23 dd 07 43 22 5b cd dd 1a 5a 09 59 1b 7d 45 0a 23 dd b1 2b 22 38 1c 35 df
22/S2051.DAT,0x47CA2,0x47CA4,0x47CA4,0x47CD6,0x47CD6,0x19,50,50,3,0x47C9C,high,none,,00 00 21 00 05 00 00 00 1b 00 01 00 01 00 1b 00,50 8b 25 e6 01 2e 1c 7e 2a dd 07 dd ec 1c dd 47 7e 35 36 e6 01 9d 27 29 1f 43 49 30 28 1d 1b 1c 30 2b 6a 37 e6 01 27 35 41 1c b0 28 dd 21 1b 20
22/S2051.DAT,0x47D0C,0x47D0E,0x47D0E,0x47D1E,0x47D1E,0x19,16,16,1,0x47D06,high,none,,00 00 21 00 05 00 00 00 1b 00 01 00 01 00 1b 00,5e 5d 25 e6 01 30 28 54 26 2b 32 58 dd fd 1b 37
22/S2051.DAT,0x47D4E,0x47D50,0x47D50,0x47D5D,0x47D5D,0x19,13,13,1,0x47D48,high,none,,00 00 00 21 00 05 00 00 00 1b 00 01 00 01 00 1b,50 8b 25 e6 01 85 23 3b 27 20 59 2f 37
22/S2051.DAT,0x47D9A,0x47D9C,0x47D9C,0x47DCD,0x47DCD,0x19,49,49,3,0x47D94,high,none,,00 00 00 21 00 05 00 00 00 1b 00 01 00 01 00 1b,50 8b 25 e6 01 42 31 4e 36 40 33 24 3b ae 2a 92 dd 42 23 e6 01 4d 4f 1c 61 2f 3a 8c 20 29 1f 7e 20 54 26 20 2f e6 01 de 38 3a 59 21 38 33 3b 26
22/S2051.DAT,0x47DFE,0x47E00,0x47E00,0x47E22,0x47E22,0x19,34,34,2,0x47DF8,high,none,,00 00 21 00 05 00 00 00 1b 00 01 00 01 00 1b 00,50 8b 25 e6 01 2e 2e 20 33 df 0c 23 1b 3e 36 e6 01 d1 53 dd a1 de be de eb 36 1b 26 89 c2 2a 3f 22 37
22/S2051.DAT,0x47E52,0x47E54,0x47E54,0x47E6F,0x47E6F,0x19,27,27,1,0x47E4C,high,none,,00 00 00 21 00 05 00 00 00 1b 00 01 00 01 00 1b,50 8b 25 e6 01 41 2e 1c 5f 34 47 62 31 2f de 63 dd ee 1e 21 dd 24 1e 1b 1c 35 37
22/S2051.DAT,0x47EA0,0x47EA2,0x47EA2,0x47EC3,0x47EC3,0x19,33,33,2,0x47E9A,high,none,,00 00 00 21 00 05 00 00 00 1b 00 01 00 01 00 1b,50 8b 25 e6 01 2b 30 23 24 dd bb dd cd 09 36 26 58 45 0a dd 25 dd 77 2a e6 01 56 76 1e 21 3b 22 37
22/S2051.DAT,0x47EF4,0x47EF6,0x47EF6,0x47F16,0x47F16,0x19,32,32,2,0x47EEE,high,none,,00 00 21 00 05 00 00 00 1b 00 01 00 01 00 1b 00,50 8b 25 e6 01 2b dd b7 74 29 21 dd 73 33 1c ae 30 e6 01 41 1c 61 2f 6d 59 21 6d 22 2a 3d 1b 37
22/S2051.DAT,0x47F84,0x47F86,0x47F86,0x47F94,0x47F94,0x19,14,14,1,0x47F7E,high,none,,00 00 21 00 05 00 00 00 1b 00 01 00 01 00 1b 00,5e 5d 25 e6 01 de 17 98 1e 21 3b 22 6a 37
22/S2052.DAT,0x47960,0x47962,0x47962,0x47979,0x47979,0x19,23,23,1,0x4795A,high,none,,00 00 00 21 00 05 00 00 00 1b 00 01 00 01 00 1b,50 8b 25 e6 01 1d a7 24 dd bb dd cd dd 25 dd 77 1c 7e 2a 3b 33 2d 3c
22/S2052.DAT,0x479B8,0x479BA,0x479BA,0x479E3,0x479E3,0x17,41,41,1,0x479B2,high,none,,00 00 00 21 00 05 00 00 00 1b 00 01 00 01 00 1b,03 00 41 32 23 dd b1 1e 21 28 24 d2 3e 2a 24 e6 01 3f 1c e4 15 2c e4 0b 2c e4 15 2c e4 1f 41 1c e4 0b 2c e4 15 2c e4 0b 2c
22/S2052.DAT,0x47A14,0x47A16,0x47A16,0x47A20,0x47A20,0x19,10,10,1,0x47A0E,high,none,,00 00 21 00 05 00 00 00 1b 00 01 00 01 00 1b 00,50 8b 25 e6 01 3b 27 46 28 3c
22/S2052.DAT,0x47A56,0x47A58,0x47A58,0x47A6D,0x47A6D,0x17,21,21,0,0x47A50,high,none,,00 00 00 21 00 05 00 00 00 1b 00 01 00 01 00 1b,03 00 28 1b 24 e4 1f dd bb dd cd dd 25 dd 77 1c d7 d1 30 2b 37
22/S2052.DAT,0x47A9E,0x47AA0,0x47AA0,0x47AA9,0x47AA9,0x19,9,9,1,0x47A98,high,none,,00 00 00 21 00 05 00 00 00 1b 00 01 00 01 00 1b,50 8b 25 e6 01 3b ae 2a 3c
22/S2052.DAT,0x47ADA,0x47ADC,0x47ADC,0x47B09,0x47B09,0x17,45,45,1,0x47AD4,high,none,,00 00 00 21 00 05 00 00 00 1b 00 01 00 01 00 1b,03 00 28 1b 24 41 32 30 24 41 1c df 61 df 61 dd 25 dd 77 28 e6 01 d2 3e 2f 1c 6a 1b 21 dd 08 dd 40 09 a7 2d 51 45 0a 1e 1f 2d 30 2b 37
22/S2052.DAT,0x47B40,0x47B42,0x47B42,0x47B51,0x47B51,0x19,15,15,1,0x47B3A,high,none,,00 00 00 21 00 05 00 00 00 1b 00 01 00 01 00 1b,5e 5d 25 e6 01 1d 23 3c dd 08 dd 40 36 1d 02
22/S2052.DAT,0x47B88,0x47B8A,0x47B8A,0x47BB8,0x47BB8,0x19,46,46,2,0x47B82,high,none,,00 00 21 00 05 00 00 00 1b 00 01 00 01 00 1b 00,50 8b 25 e6 01 26 41 2f 45 3e 1d 37 e6 01 3f 1c dd 25 dd 77 28 ba 1c dd 64 30 38 5d 2f 3b dd 1e 39 2b 22 dd 2b dd dd 1c 66 68 83 35 6a 37
22/S2052.DAT,0x47BE8,0x47BEA,0x47BEA,0x47C0B,0x47C0B,0x19,33,33,2,0x47BE2,high,none,,00 00 00 21 00 05 00 00 00 1b 00 01 00 01 00 1b,50 8b 25 e6 01 df 61 df 61 e4 3d e6 01 30 28 24 3b 27 46 83 28 dd d0 9c dd c5 29 21 9a 1f 1c 20 3c
22/S2052.DAT,0x47CDE,0x47CE0,0x47CE0,0x47CED,0x47CED,0x19,13,13,1,0x47CD8,high,none,,00 00 00 21 00 05 00 00 00 1b 00 01 00 01 00 1b,5e 5d 25 e6 01 6e 24 1b 3e 33 30 38 02
22/S2052.DAT,0x47D24,0x47D26,0x47D26,0x47D5B,0x47D5B,0x19,53,53,1,0x47D1E,high,none,,00 00 00 21 00 05 00 00 00 1b 00 01 00 01 00 1b,50 8b 25 e6 01 3b 27 46 83 1c 3d 26 1d 96 dd 0d 35 49 30 24 3f 1c dd 25 dd 77 2f dd 08 dd 40 3a 59 1f 5f 34 47 62 31 2f dd 83 59 22 43 49 2a 1d
22/S2052.DAT,0x47D9A,0x47D9C,0x47D9C,0x47DD5,0x47DD5,0x19,57,57,2,0x47D94,high,none,,00 00 00 21 00 05 00 00 00 1b 00 01 00 01 00 1b,66 68 25 e6 01 dd ca dd 8a 1b 1f 1e 27 2b 37 5f 34 47 62 31 2a a3 6f 34 60 42 dd 17 23 dd 01 20 29 21 9a 21 3b 39 27 2b 37 e4 1f e6 01 c8 23 38
22/S2052.DAT,0x47E0C,0x47E0E,0x47E0E,0x47E19,0x47E19,0x19,11,11,1,0x47E06,high,none,,00 00 00 21 00 05 00 00 00 1b 00 01 00 01 00 1b,5e 5d 25 e6 01 c8 23 38 36 1d 02
22/S2052.DAT,0x47E50,0x47E52,0x47E52,0x47E61,0x47E61,0x19,15,15,1,0x47E4A,high,none,,00 00 00 21 00 05 00 00 00 1b 00 01 00 01 00 1b,50 8b 25 e6 01 66 83 28 6e 2f 1e 21 3b 22 02
22/S2052.DAT,0x47E92,0x47E94,0x47E94,0x47EAE,0x47EAE,0x19,26,26,1,0x47E8C,high,none,,00 00 21 00 05 00 00 00 1b 00 01 00 01 00 1b 00,66 68 25 e6 01 41 32 2a 24 1b 29 2e 26 23 df 3a 2a dd 36 1f 8c df 61 df 61 37
22/S2052.DAT,0x47F9E,0x47FA0,0x47FA0,0x47FAE,0x47FAE,0x19,14,14,1,0x47F98,high,none,,00 00 21 00 05 00 00 00 1b 00 01 00 01 00 1b 00,5e 5d 25 e6 01 3b ac 23 20 49 22 36 1d 02
22/S2053.DAT,0x478CC,0x478CE,0x478CE,0x478E7,0x478E7,0x19,25,25,1,0x478C6,high,none,,00 00 00 21 00 05 00 00 00 1b 00 01 00 01 00 1b,5e 5d 25 e6 01 3d 3e 6a 24 5f 34 47 62 31 2f de 60 1b 28 33 29 21 3e 32 1f
22/S2053.DAT,0x47978,0x4797A,0x4797A,0x47988,0x47988,0x19,14,14,1,0x47972,high,none,,00 00 21 00 05 00 00 00 1b 00 01 00 01 00 1b 00,50 8b 25 e6 01 43 20 29 1f 20 35 36 02 3c
22/S2053.DAT,0x479B8,0x479BA,0x479BA,0x479DA,0x479DA,0x19,32,32,2,0x479B2,high,none,,00 00 21 00 05 00 00 00 1b 00 01 00 01 00 1b 00,50 8b 25 e6 01 3b 27 46 1c b0 1e 21 1b 22 3b c4 2f e6 01 54 1d 1f 35 36 9f 29 21 1b 22 1c 35 37
22/S2053.DAT,0x47A1C,0x47A1E,0x47A1E,0x47A2D,0x47A2D,0x19,15,15,1,0x47A16,high,none,,00 00 00 21 00 05 00 00 00 1b 00 01 00 01 00 1b,5e 5d 25 e6 01 40 51 1d 1b 20 42 34 81 53 02
22/S2053.DAT,0x47A5E,0x47A60,0x47A60,0x47A88,0x47A88,0x19,40,40,3,0x47A58,high,none,,00 00 21 00 05 00 00 00 1b 00 01 00 01 00 1b 00,5e 5d 25 e6 01 1b 1b 30 28 1d 1b 20 37 e6 01 88 de 1d 1b 1d 3e 2e 1c 7e 83 1c 61 30 e6 01 de 16 43 32 1f 1c 35 20 33 37
22/S2053.DAT,0x47ABE,0x47AC0,0x47AC0,0x47AD6,0x47AD6,0x19,22,22,1,0x47AB8,high,none,,00 00 21 00 05 00 00 00 1b 00 01 00 01 00 1b 00,5e 5d 25 e6 01 45 27 33 dd 4f 7a 2f 91 29 21 dd 6c 20 29 1f 1d 37
22/S2053.DAT,0x47B0C,0x47B0E,0x47B0E,0x47B47,0x47B47,0x19,57,57,3,0x47B06,high,none,,00 00 00 21 00 05 00 00 00 1b 00 01 00 01 00 1b,5e 5d 25 e6 01 30 28 24 2e 1c 88 b0 1e 20 49 1f e6 01 5b cd dd 1a 5a 09 59 1b 7d 45 0a 2f 24 3b 27 46 23 e6 01 3a 2a 1e 21 38 33 3b 26 36 9f 26
22/S2053.DAT,0x47B7E,0x47B80,0x47B80,0x47BAC,0x47BAC,0x19,44,44,2,0x47B78,high,none,,00 00 21 00 05 00 00 00 1b 00 01 00 01 00 1b 00,5e 5d 25 e6 01 41 1c ae 23 24 2e 1c 5e 23 dd 07 43 22 dd 07 dd ec 36 e6 01 43 1e 1c dd 4b 23 45 1b 21 b0 3a 1d 49 32 58 1d 33 2d 37
22/S2054.DAT,0x4796E,0x47970,0x47970,0x4799E,0x4799E,0x19,46,46,3,0x47968,high,none,,00 00 21 00 05 00 00 00 1b 00 01 00 01 00 1b 00,50 8b 25 e6 01 79 dd f3 de 50 e6 01 35 2a 3f 1b 23 3e 5e 5d 28 dd b7 3f 1b 2a dd 6c 1b 3d 26 35 e6 01 dd a8 43 29 21 85 2a b0 2f d3 2e 26
22/S2054.DAT,0x479DC,0x479DE,0x479DE,0x47A11,0x47A11,0x19,51,51,3,0x479D6,high,none,,00 00 00 21 00 05 00 00 00 1b 00 01 00 01 00 1b,66 68 25 e6 01 50 8b 23 dd ca dd 8a 1b 1f 1e 27 2b e6 01 de 8d de 02 52 09 b5 dd 05 2d 23 2d 0a 5c 82 60 ab 2f e6 01 90 70 de 21 23 de 91 33 46
22/S2054.DAT,0x47A42,0x47A44,0x47A44,0x47A53,0x47A53,0x19,15,15,1,0x47A3C,high,none,,00 00 00 21 00 05 00 00 00 1b 00 01 00 01 00 1b,50 8b 25 e6 01 41 26 20 24 3d 1e 43 20 29 1f
22/S2054.DAT,0x47A84,0x47A86,0x47A86,0x47AA4,0x47AA4,0x19,30,30,2,0x47A7E,high,none,,00 00 21 00 05 00 00 00 1b 00 01 00 01 00 1b 00,50 8b 25 e6 01 dd 8e dd 3e 2a 30 44 1f 3d 26 35 e6 01 b0 28 c3 dd 05 54 d3 3e 36 1e 3d 26
22/S2054.DAT,0x47AD4,0x47AD6,0x47AD6,0x47AE1,0x47AE1,0x19,11,11,1,0x47ACE,high,none,,00 00 00 21 00 05 00 00 00 1b 00 01 00 01 00 1b,50 8b 25 e6 01 70 2a 22 2a 3d 1b
22/S2055.DAT,0x478EE,0x478F0,0x478F0,0x4790F,0x4790F,0x19,31,31,2,0x478E8,high,none,,00 00 00 21 00 05 00 00 00 1b 00 01 00 01 00 1b,5e 5d 25 e6 01 41 32 30 28 24 dd 4b 2a 3b ae 1c b7 35 36 e6 01 4d 4f 2a 91 29 1f 1c 35 1d 3c
22/S2055.DAT,0x4797E,0x47980,0x47980,0x479A7,0x479A7,0x19,39,39,3,0x47978,high,none,,00 00 00 21 00 05 00 00 00 1b 00 01 00 01 00 1b,50 8b 25 e6 01 6e 2f 91 26 20 02 e6 01 3b 27 46 1c 3d 26 1d 7e 2a e6 01 5d dd 5e 1c de 76 2f 7d 3e 1d 54 36 df 61 37
22/S2055.DAT,0x479DE,0x479E0,0x479E0,0x47A00,0x47A00,0x19,32,32,1,0x479D8,high,none,,00 00 21 00 05 00 00 00 1b 00 01 00 01 00 1b 00,50 8b 25 e6 01 5d 3d 24 2e 1c 7e 28 5d dd 5e dd 43 29 dd 29 39 2f 38 3e 55 2d 30 3b 22 40 38 37
22/S2055.DAT,0x47A36,0x47A38,0x47A38,0x47A5B,0x47A5B,0x19,35,35,2,0x47A30,high,none,,00 00 00 21 00 05 00 00 00 1b 00 01 00 01 00 1b,5e 5d 25 e6 01 dd 43 29 dd 29 39 36 1d 37 e4 3d e6 01 2e 1c 3d 26 1d 96 dd 0d 2a 41 1c 3d 26 1d df 61 37
22/S2055.DAT,0x47A92,0x47A94,0x47A94,0x47ABC,0x47ABC,0x19,40,40,3,0x47A8C,high,none,,00 00 21 00 05 00 00 00 1b 00 01 00 01 00 1b 00,5e 5d 25 e6 01 42 31 4e 36 40 33 24 e6 01 6e 20 41 1c b0 2a 27 2e 36 30 3f 22 36 e6 01 de 6f 2b 38 1c 28 3f 22 1c 20 3c
22/S2055.DAT,0x47B56,0x47B58,0x47B58,0x47B7D,0x47B7D,0x19,37,37,2,0x47B50,high,none,,00 00 00 21 00 05 00 00 00 1b 00 01 00 01 00 1b,5e 5d 25 e6 01 2e 32 28 27 3a 1e 3e 24 e6 01 47 78 6b 42 5d dd 5e 23 dd 07 43 22 5b dd 47 7e 1c de 0c 1e 5a 37
22/S2055.DAT,0x47BC2,0x47BC4,0x47BC4,0x47BE6,0x47BE6,0x19,34,34,2,0x47BBC,high,none,,00 00 21 00 05 00 00 00 1b 00 01 00 01 00 1b 00,5e 5d 25 e6 01 41 26 20 24 e4 3d e6 01 dd 4b 2a dd 1c 44 21 1b 22 20 38 1e 32 2d 1c 20 df 61 df 61 37
22/S2055.DAT,0x47C22,0x47C24,0x47C24,0x47C4E,0x47C4E,0x19,42,42,1,0x47C1C,high,none,,00 00 21 00 05 00 00 00 1b 00 01 00 01 00 1b 00,5e 5d 25 e6 01 5b cd dd 1a 5a 09 59 1b 7d 45 0a 36 4d 4f 36 dd 4b 36 1c 88 23 54 2d 1d dd b1 de 78 2a 3f 22 36 1b 26 1c 35 3c
22/S2055.DAT,0x47CEE,0x47CF0,0x47CF0,0x47D19,0x47D19,0x19,41,41,2,0x47CE8,high,none,,00 00 00 21 00 05 00 00 00 1b 00 01 00 01 00 1b,5e 5d 25 e6 01 1d a7 24 be dd 06 1c dd 93 9a 2a df 61 df 61 37 e6 01 1b 29 1f 1b be dd 06 2a 6e 2f 1e 1f 36 1b 26 1c 35 3c
22/S2055.DAT,0x47D50,0x47D52,0x47D54,0x47D82,0x47D82,0x17,48,46,1,0x47D4A,high,control_0100,01 00,00 00 21 00 05 00 00 00 1b 00 01 00 01 00 1b 00,01 00 a4 33 1c dd 24 dd 50 1c 1f 51 23 a4 dd d6 2f e6 01 41 1e 21 2e 1c ce dd 12 2f dd 62 dd 9f 1e 24 dd ef 39 dd 15 46 21 1b 3e df 61 df 61 37
22/S2055.DAT,0x47DB2,0x47DB4,0x47DB6,0x47DDB,0x47DDB,0x17,39,37,0,0x47DAC,high,control_0100,01 00,00 00 00 21 00 05 00 00 00 1b 00 01 00 01 00 1b,01 00 43 1f 1e 1f 4b 28 24 92 dd 42 28 40 29 21 28 1b 49 1d 1b 7a 23 87 2f 45 49 21 1b 22 1c 20 38 c6 32 27 59 2d 37
22/S2055.DAT,0x47E12,0x47E14,0x47E14,0x47E3A,0x47E3A,0x19,38,38,2,0x47E0C,high,none,,00 00 21 00 05 00 00 00 1b 00 01 00 01 00 1b 00,5e 5d 25 e6 01 4d 4f 1c 5e 36 dd c2 58 32 22 47 78 6b 42 38 e6 01 de 51 dd 6b 30 28 1d 1b 43 49 20 df 61 df 61 37
22/S2055.DAT,0x47E6A,0x47E6C,0x47E6C,0x47E9D,0x47E9D,0x19,49,49,2,0x47E64,high,none,,00 00 00 21 00 05 00 00 00 1b 00 01 00 01 00 1b,5e 5d 25 e6 01 dd 4b 2a 5d dd 5e 20 33 dd 72 99 56 1e 1f 1c 38 e6 01 41 2d 1d 47 78 6b 42 1c de 39 2a 1f 27 33 1d 20 29 1f 20 33 20 38 1e 32 2d
22/S2055.DAT,0x47EDC,0x47EDE,0x47EDE,0x47EF4,0x47EF4,0x19,22,22,1,0x47ED6,high,none,,00 00 21 00 05 00 00 00 1b 00 01 00 01 00 1b 00,5e 5d 25 e6 01 30 24 1b 29 1f 1b 54 26 2b 32 58 1b 1b 1c 4a 48 3c
22/S2055.DAT,0x47FD6,0x47FD8,0x47FD8,0x4800B,0x4800B,0x19,51,51,3,0x47FD0,high,none,,00 00 00 21 00 05 00 00 00 1b 00 01 00 01 00 1b,5e 5d 25 e6 01 43 20 29 1f 24 3b ae 28 dd 4b 1c 78 82 dd 60 31 7f 23 e6 01 1e 1f 2a 29 21 74 dc 1e 21 3e 32 37 e6 01 30 44 22 7a 28 6e 30 38 1e
22/S2055.DAT,0x4803C,0x4803E,0x4803E,0x48063,0x48063,0x19,37,37,2,0x48036,high,none,,00 00 00 21 00 05 00 00 00 1b 00 01 00 01 00 1b,5e 5d 25 e6 01 41 32 2a dd 4b 23 dd a8 43 29 21 2e 1c de b1 23 45 1b 1f 85 1c e6 01 59 51 21 38 1c b6 ac 35 37
22/S2055.DAT,0x48106,0x48108,0x48108,0x48128,0x48128,0x19,32,32,2,0x48100,high,none,,00 00 21 00 05 00 00 00 1b 00 01 00 01 00 1b 00,66 68 25 e6 01 de 8d de 02 52 5c 82 60 ab 2a e6 01 de 21 2f 40 ca 39 dd d0 dd 95 1e 27 1e 1f 37
22/S2055.DAT,0x4817E,0x48180,0x48180,0x4819E,0x4819E,0x19,30,30,2,0x48178,high,none,,00 00 21 00 05 00 00 00 1b 00 01 00 01 00 1b 00,50 8b 25 e6 01 1d 23 02 e6 01 dd bb dd cd dd 77 2f 35 1e 24 2b dd b7 23 de 91 27 46 3d 02
22/S2056.DAT,0x478AC,0x478AE,0x478AE,0x478CA,0x478CA,0x19,28,28,2,0x478A6,high,none,,00 00 21 00 05 00 00 00 1b 00 01 00 01 00 1b 00,5e 5d 25 e6 01 54 26 35 e6 01 5b cd dd 1a 5a 23 dd b1 1e 21 6e 20 43 20 29 1f 20 3c
22/S2056.DAT,0x47944,0x47946,0x47946,0x4796E,0x4796E,0x19,40,40,1,0x4793E,high,none,,00 00 21 00 05 00 00 00 1b 00 01 00 01 00 1b 00,5e 5d 25 e6 01 dd 21 3e 5c 71 dd 39 dd 03 53 23 dd 01 20 1b dd 4b 1c 78 82 dd 60 31 7f 2f dd 68 49 dd 29 29 21 3e 32 37
22/S2056.DAT,0x4799E,0x479A0,0x479A0,0x479B6,0x479B6,0x19,22,22,1,0x47998,high,none,,00 00 21 00 05 00 00 00 1b 00 01 00 01 00 1b 00,5e 5d 25 e6 01 6e 20 43 20 29 1f 33 dd ca dd 8a 23 9a 21 3e 32 37
22/S2056.DAT,0x47A8E,0x47A90,0x47A90,0x47AAC,0x47AAC,0x19,28,28,2,0x47A88,high,none,,00 00 21 00 05 00 00 00 1b 00 01 00 01 00 1b 00,5e 5d 25 e6 01 54 26 35 e6 01 5b cd dd 1a 5a 23 dd b1 1e 21 6e 20 43 20 29 1f 20 3c
22/S2056.DAT,0x47B98,0x47B9A,0x47B9A,0x47BB5,0x47BB5,0x19,27,27,2,0x47B92,high,none,,00 00 00 21 00 05 00 00 00 1b 00 01 00 01 00 1b,5e 5d 25 e6 01 26 b5 e6 01 27 1f 6e 20 43 20 29 1f 33 dd ca dd 8a 23 9a 21 3e 32
22/S2057.DAT,0x478EE,0x478F0,0x478F0,0x47901,0x47901,0x19,17,17,1,0x478E8,high,none,,00 00 00 21 00 05 00 00 00 1b 00 01 00 01 00 1b,5e 5d 25 e6 01 16 50 4d 4f 1c 94 20 df 61 df 61 37
22/S2057.DAT,0x4798C,0x4798E,0x4798E,0x479AF,0x479AF,0x19,33,33,2,0x47986,high,none,,00 00 00 21 00 05 00 00 00 1b 00 01 00 01 00 1b,5e 5d 25 e6 01 3d 1e 24 43 1e 1c dd 72 74 de 0b 2f e6 01 c8 c3 a4 dd e6 23 dd 33 29 21 3d 1b 6a 37
22/S2057.DAT,0x479E0,0x479E2,0x479E2,0x479F8,0x479F8,0x19,22,22,1,0x479DA,high,none,,00 00 21 00 05 00 00 00 1b 00 01 00 01 00 1b 00,5e 5d 25 e6 01 41 32 36 24 2e 32 38 dd 09 29 21 1b 3e 2a 3d 1b 37
22/S2057.DAT,0x47A2E,0x47A30,0x47A30,0x47A42,0x47A42,0x19,18,18,0,0x47A28,high,none,,00 00 21 00 05 00 00 00 1b 00 01 00 01 00 1b 00,5b dd c0 de a7 96 dd a9 dd f1 5a 2f 87 23 86 32 1f 37
22/S2057.DAT,0x47A78,0x47A7A,0x47A7A,0x47A84,0x47A84,0x17,10,10,0,0x47A72,high,none,,00 00 21 00 05 00 00 00 1b 00 01 00 01 00 1b 00,03 00 2e 1c dd a9 dd f1 28 3c
22/S2057.DAT,0x47ABA,0x47ABC,0x47ABC,0x47AE8,0x47AE8,0x19,44,44,2,0x47AB4,high,none,,00 00 21 00 05 00 00 00 1b 00 01 00 01 00 1b 00,5e 5d 25 e6 01 2e 1c dd 17 23 dd 07 43 22 dd 71 9f dd f4 1d 61 2f 38 45 dd a9 dd f1 35 e6 01 6e 20 1c b6 23 dd 36 45 4a 48 55 26 37
22/S2057.DAT,0x47B24,0x47B26,0x47B26,0x47B36,0x47B36,0x17,16,16,0,0x47B1E,high,none,,00 00 21 00 05 00 00 00 1b 00 01 00 01 00 1b 00,03 00 3f 24 3f 39 2a 36 26 79 dd 3d 1b 27 2b 37
22/S2057.DAT,0x47B6C,0x47B6E,0x47B6E,0x47B88,0x47B88,0x19,26,26,1,0x47B66,high,none,,00 00 21 00 05 00 00 00 1b 00 01 00 01 00 1b 00,5e 5d 25 e6 01 8e de e6 38 dd 21 3e 16 45 1c 94 2f dd 5a 51 21 d9 22 1c 35 37
22/S2058.DAT,0x478AC,0x478AE,0x478AE,0x478C1,0x478C1,0x19,19,19,1,0x478A6,high,none,,00 00 00 21 00 05 00 00 00 1b 00 01 00 01 00 1b,5e 5d 25 e6 01 dd 72 74 de 0b 1c dd 86 96 28 54 26 35 3c
22/S2058.DAT,0x478F2,0x478F4,0x478F4,0x47913,0x47913,0x19,31,31,1,0x478EC,high,none,,00 00 00 21 00 05 00 00 00 1b 00 01 00 01 00 1b,5e 5d 25 e6 01 43 1e 38 dd 2b de 44 24 2b 29 20 39 3b 36 55 46 21 1e 27 29 1f 3d 26 4a 48 37
22/S2058.DAT,0x47944,0x47946,0x47946,0x47957,0x47957,0x19,17,17,1,0x4793E,high,none,,00 00 00 21 00 05 00 00 00 1b 00 01 00 01 00 1b,5e 5d 25 e6 01 38 26 d4 3e 1d 1b 20 38 1e 32 2d 37
22/S2058.DAT,0x47988,0x4798A,0x4798A,0x479B1,0x479B1,0x19,39,39,2,0x47982,high,none,,00 00 00 21 00 05 00 00 00 1b 00 01 00 01 00 1b,5e 5d 25 e6 01 1d 2d 36 1e 21 38 24 43 1e 1c ac 1c 3e 55 1b 26 4b 23 e6 01 5b cd dd 1a 5a 2f 87 23 86 32 21 3e 32 37
22/S2059.DAT,0x478B2,0x478B4,0x478B4,0x478C6,0x478C6,0x19,18,18,1,0x478AC,high,none,,00 00 21 00 05 00 00 00 1b 00 01 00 01 00 1b 00,5e 5d 25 e6 01 4d 4f 28 41 2d 1d 7a 2f df 61 df 61 37
22/S2059.DAT,0x478F6,0x478F8,0x478F8,0x47918,0x47918,0x19,32,32,1,0x478F0,high,none,,00 00 21 00 05 00 00 00 1b 00 01 00 01 00 1b 00,5e 5d 25 e6 01 4d 4f 1c b0 2f d3 1b 21 24 dd 5b 51 21 a4 b2 1f 4b 1c de 80 4b 2f c6 22 36 28 37
22/S2059.DAT,0x47948,0x4794A,0x4794A,0x4796C,0x4796C,0x19,34,34,1,0x47942,high,none,,00 00 21 00 05 00 00 00 1b 00 01 00 01 00 1b 00,5e 5d 25 e6 01 43 1e 38 24 8e 5e 2f dd ee 51 22 7e 36 1e 21 24 3d 3e dd 11 23 de e6 2d 30 3b 2e 26 37
22/S2059.DAT,0x4799C,0x4799E,0x4799E,0x479B7,0x479B7,0x19,25,25,1,0x47996,high,none,,00 00 00 21 00 05 00 00 00 1b 00 01 00 01 00 1b,5e 5d 25 e6 01 27 1f 24 4d 4f 1c 78 82 dd 60 31 7f 2f dd 07 46 21 3e 32 37
22/S205A.DAT,0x478AC,0x478AE,0x478AE,0x478D9,0x478D9,0x19,43,43,1,0x478A6,high,none,,00 00 00 21 00 05 00 00 00 1b 00 01 00 01 00 1b,50 8b 25 e6 01 41 26 20 24 94 28 13 45 dd 5a 27 29 1f 20 37 3d 1e 3d 1e 24 41 1c dd 86 96 30 dd 21 3e 16 45 dd 5a 51 21 3e 32 37
22/S205A.DAT,0x47910,0x47912,0x47912,0x4794C,0x4794C,0x19,58,58,3,0x4790A,high,none,,00 00 21 00 05 00 00 00 1b 00 01 00 01 00 1b 00,5e 5d 25 e6 01 42 31 4e 3d 24 16 45 1c 94 2a dd 5a 27 39 e6 01 52 dd a3 1c dd 93 9a 2a a0 46 1f cf 23 28 e6 01 85 38 24 dd 86 de 84 1c 36 32 1f
22/S205A.DAT,0x4797C,0x4797E,0x4797E,0x479A2,0x479A2,0x19,36,36,1,0x47976,high,none,,00 00 21 00 05 00 00 00 1b 00 01 00 01 00 1b 00,5e 5d 25 e6 01 41 1c dd f6 23 38 24 16 45 1c 94 2f 1d 2d 36 1e 21 38 dd 5a 51 21 3e 32 37 1f 1c 2d 35 6a 37
22/S205B.DAT,0x478AC,0x478AE,0x478AE,0x478C9,0x478C9,0x19,27,27,1,0x478A6,high,none,,00 00 00 21 00 05 00 00 00 1b 00 01 00 01 00 1b,50 8b 25 e6 01 5e 5d 2a dd 2b de 44 3b dd 2d 2f dd 9f 3a 32 21 1d df 61 df 61 37
22/S205B.DAT,0x478FA,0x478FC,0x478FC,0x4791A,0x4791A,0x19,30,30,2,0x478F4,high,none,,00 00 21 00 05 00 00 00 1b 00 01 00 01 00 1b 00,50 8b 25 e6 01 41 26 20 24 94 28 14 45 dd 5a 27 29 1f 20 37 e6 01 3f 36 8e df 26 35 1d 37
22/S205B.DAT,0x4794A,0x4794C,0x4794C,0x4795F,0x4795F,0x19,19,19,1,0x47944,high,none,,00 00 00 21 00 05 00 00 00 1b 00 01 00 01 00 1b,50 8b 25 e6 01 15 45 ac 1c 94 28 54 2e 23 3f 22 1c 35 3c
22/S205B.DAT,0x479D4,0x479D6,0x479D6,0x479FB,0x479FB,0x19,37,37,2,0x479CE,high,none,,00 00 00 21 00 05 00 00 00 1b 00 01 00 01 00 1b,50 8b 25 e6 01 42 6b af 31 60 d6 20 df 61 df 61 24 b2 20 29 1f 37 e6 01 dd 21 3e dd 5a 51 21 d9 22 1c 35 6a 37
22/S205C.DAT,0x3FAB0,0x3FAB2,0x3FAB2,0x3FADD,0x3FADD,0x19,43,43,0,,medium,none,,00 00 e5 19 00 21 d3 14 21 0f 30 1e 1f d1 ef b1,43 f3 33 32 33 23 20 13 30 13 50 10 52 e4 19 00 47 f1 34 00 04 22 31 32 33 22 f2 31 20 21 2a 00 24 00 42 b1 b7 63 5f 59 12 40 10
22/S205C.DAT,0x47AD6,0x47AD8,0x47AD8,0x47AF8,0x47AF8,0x19,32,32,1,0x47AD0,high,none,,00 00 21 00 05 00 00 00 1b 00 01 00 01 00 1b 00,47 78 6b 42 5d 25 e6 01 50 8b 23 2c 2c e4 1f 24 42 34 81 53 23 40 33 32 1f df 61 df 61 37 e4 29
22/S205C.DAT,0x47B28,0x47B2A,0x47B2A,0x47B50,0x47B50,0x19,38,38,2,0x47B22,high,none,,00 00 21 00 05 00 00 00 1b 00 01 00 01 00 1b 00,47 78 6b 42 5d 25 e6 01 40 45 28 e4 29 a2 64 6b 42 2a e6 01 de 65 39 dd 5d 2d 35 b3 35 29 1f df 61 df 61 37 e4 3d
22/S205C.DAT,0x47B80,0x47B82,0x47B82,0x47BB3,0x47BB3,0x19,49,49,2,0x47B7A,high,none,,00 00 00 21 00 05 00 00 00 1b 00 01 00 01 00 1b,47 78 6b 42 5d 25 e6 01 2e 1c 5e 23 e4 33 5f 34 47 62 31 2f e4 33 dd c2 99 dd c4 2e 1e e6 01 e4 33 5e 2f de e4 de 54 3a 59 21 1b 1f 1c 38 24 e4
22/S205C.DAT,0x47BE4,0x47BE6,0x47BE6,0x47C0D,0x47C0D,0x19,39,39,2,0x47BDE,high,none,,00 00 00 21 00 05 00 00 00 1b 00 01 00 01 00 1b,47 78 6b 42 5d 25 e6 01 a2 64 6b 42 1c e4 33 e6 01 ce dd 12 de 10 dd 7f 1c 1f 51 35 29 1f 1c 35 df 61 df 61 37 e4 33
22/S205C.DAT,0x47C5A,0x47C5C,0x47C5C,0x47C94,0x47C94,0x19,56,56,2,0x47C54,high,none,,00 00 21 00 05 00 00 00 1b 00 01 00 01 00 1b 00,47 78 6b 42 5d 25 e6 01 40 45 33 28 e4 3d 5b cd dd 1a 5a 09 59 1b 7d 45 0a 2f 4c 33 29 21 1b 22 37 e6 01 e4 29 5b cd dd 1a 5a 1c 61 2f e4 3d dd
22/S205C.DAT,0x47D0C,0x47D0E,0x47D0E,0x47D3C,0x47D3C,0x19,46,46,2,0x47D06,high,none,,00 00 21 00 05 00 00 00 1b 00 01 00 01 00 1b 00,47 78 6b 42 5d 25 e6 01 42 31 4e 24 e4 3d 3b 27 46 23 e4 29 dd 2b c3 23 91 29 21 e6 01 3b 20 1d 3e 21 28 e4 33 1d 33 1d 1b 7a 2a 3f 22 37
22/S205C.DAT,0x47D6C,0x47D6E,0x47D6E,0x47D99,0x47D99,0x19,43,43,2,0x47D66,high,none,,00 00 00 21 00 05 00 00 00 1b 00 01 00 01 00 1b,47 78 6b 42 5d 25 e6 01 3b 27 46 1c b7 e4 33 dd 14 60 ab 42 2f e4 33 e6 01 dd 3a 53 64 31 7c 23 de 65 39 dd 5d 2d 35 1c 28 e4 3d
22/S205C.DAT,0x47DCA,0x47DCC,0x47DCC,0x47DF1,0x47DF1,0x19,37,37,2,0x47DC4,high,none,,00 00 00 21 00 05 00 00 00 1b 00 01 00 01 00 1b,47 78 6b 42 5d 25 e6 01 50 8b 1c e4 1f 42 34 81 53 23 e4 1f e6 01 41 41 1c 20 3a 32 1f e4 1f 43 1e 1d 1c 35 37
22/S205C.DAT,0x47E22,0x47E24,0x47E24,0x47E37,0x47E37,0x19,19,19,1,0x47E1C,high,none,,00 00 00 21 00 05 00 00 00 1b 00 01 00 01 00 1b,47 78 6b 42 5d 25 e6 01 85 28 5d 23 1d 39 1f 20 29 1f 37
22/S205C.DAT,0x47E68,0x47E6A,0x47E6A,0x47EA0,0x47EA0,0x19,54,54,3,0x47E62,high,none,,00 00 21 00 05 00 00 00 1b 00 01 00 01 00 1b 00,47 78 6b 42 5d 25 e6 01 52 a9 1c e4 33 dd dd 20 29 1f e4 1f e6 01 dd 4b 3a 46 e4 33 1b 1d 49 32 58 36 9f 1b df 61 df 61 e4 3d e6 01 3f 2d 1d 7a
22/S205C.DAT,0x47ED0,0x47ED2,0x47ED2,0x47F00,0x47F00,0x19,46,46,2,0x47ECA,high,none,,00 00 21 00 05 00 00 00 1b 00 01 00 01 00 1b 00,47 78 6b 42 5d 25 e6 01 1e 20 1e 24 e4 3d ce dd 12 2f 26 32 26 dd 4b 2e 41 2a e4 3d e6 01 5d 23 e4 1f 97 3a 43 1e 20 29 1f df 61 df 61 37
22/S205C.DAT,0x47F30,0x47F32,0x47F32,0x47F64,0x47F64,0x19,50,50,1,0x47F2A,high,none,,00 00 21 00 05 00 00 00 1b 00 01 00 01 00 1b 00,47 78 6b 42 5d 25 e6 01 dd 4b 23 e4 3d 2c e4 29 2c e4 3d 8e 91 e4 3d 3f 40 27 39 1f e4 29 20 e4 1f 29 e4 29 1f e4 29 2c e4 29 2c e4 29 2c e4 29
22/S205C.DAT,0x4813A,0x4813C,0x4813C,0x48161,0x48161,0x17,37,37,2,,medium+,none,,00 00 00 1b 00 01 00 01 00 01 00 00 00 cc 05 04,07 00 dd 21 3d 26 59 2d 20 1b 02 e4 79 e6 01 2e 2d 1d c2 30 e6 01 dd 22 dd 4f 1c 28 1b 40 4a 48 6a 1b 02 e4 f1
22/S205C.DAT,0x481C0,0x481C2,0x481C2,0x481DD,0x481DD,0x17,27,27,1,,medium+,none,,00 00 00 1b 00 01 00 01 00 21 00 00 00 01 00 3c,03 00 35 51 35 02 e4 3d e6 01 70 1c dd b2 de 61 2a 3e 8c 32 4b 48 29 1f 02 e4 f1
22/S205C.DAT,0x482A2,0x482A4,0x482A4,0x482CD,0x482CD,0x19,41,41,2,,medium+,none,,00 00 00 21 00 00 00 01 00 3c 00 1b 00 01 00 01,6c 69 72 34 25 e6 01 de 1c b9 23 dd 72 74 de 0b 2a 98 29 21 3b 39 27 2b 37 e4 3d e6 01 3a 3f 24 dd 8e 1b 30 b9 8a 02 e4 79
23/S2061.DAT,0x46A16,0x46A18,0x46A18,0x46A25,0x46A25,0x17,13,13,0,,medium,none,,00 00 00 0e 00 2b 00 03 00 26 00 00 00 27 00 ff,28 00 12 01 23 00 25 00 2f 01 20 00 25
23/S2061.DAT,0x46C12,0x46C14,0x46C14,0x46C21,0x46C21,0x17,13,13,0,,medium,none,,00 00 00 0e 00 2b 00 03 00 26 00 00 00 27 00 ff,28 00 10 02 23 00 25 00 2d 02 20 00 25
23/S2061.DAT,0x47590,0x47592,0x47594,0x4759B,0x4759B,0x17,9,7,0,,medium,control_0100,01 00,00 00 00 0e 00 2b 00 03 00 26 00 00 00 27 00 ff,01 00 25 00 1a 00 1e 00 25
23/S2061.DAT,0x48614,0x48616,0x48616,0x48631,0x48631,0x17,27,27,1,0x4860E,high,none,,00 00 00 21 00 05 00 00 00 1b 00 01 00 00 00 1b,03 00 54 26 20 cc 35 49 28 dd 31 49 21 70 3a 1b 37 e6 01 3b 4c 2a 1b 1e 27 2b 37
23/S2061.DAT,0x48662,0x48664,0x48664,0x4868E,0x4868E,0x17,42,42,1,0x4865C,high,none,,00 00 21 00 05 00 00 00 1b 00 01 00 00 00 1b 00,03 00 dd 31 49 21 df 61 e4 0b dd 31 49 21 df 61 e4 0b dd 31 49 21 df 61 df 61 37 e4 1f e6 01 dd 22 23 1f 3e 1d 1b 3d dd 57 37
23/S2061.DAT,0x486FC,0x486FE,0x486FE,0x48717,0x48717,0x17,25,25,1,0x486F6,high,none,,00 00 00 21 00 05 00 00 00 1b 00 01 00 00 00 1b,03 00 1d 2d 35 37 e6 01 e4 1f 21 29 44 39 5f 34 47 62 31 35 36 9f 29 21 37
23/S2061.DAT,0x48748,0x4874A,0x4874A,0x48767,0x48767,0x17,29,29,1,0x48742,high,none,,00 00 00 21 00 05 00 00 00 1b 00 01 00 00 00 1b,03 00 dd 25 dd 77 1c 6d 2d 1d 2a 1b 3e 33 98 29 21 38 e6 01 d9 29 21 9a 1d 1b 2d 35 37
23/S2061.DAT,0x48798,0x4879A,0x4879A,0x487C4,0x487C4,0x17,42,42,0,0x48792,high,none,,00 00 21 00 05 00 00 00 1b 00 01 00 00 00 1b 00,03 00 44 29 36 5f 34 47 62 31 23 40 33 32 4b 48 29 1f 2d 35 36 9f 29 21 8e 52 30 20 3e 32 21 1b 1f 2d 35 49 54 df 61 df 61 37
23/S2061.DAT,0x48876,0x48878,0x48878,0x488B0,0x488B0,0x17,56,56,2,0x48870,high,none,,00 00 21 00 05 00 00 00 1b 00 01 00 00 00 1b 00,03 00 38 36 38 36 66 dd 77 1d 2d 21 e6 01 dd 01 1b 21 1d 1b 2d 35 37 e6 01 3f 33 41 1b 7a 3d 39 38 24 dd df de 7a 2f 1d 33 1e 21 1b 22 c4 2a dd
23/S2061.DAT,0x48950,0x48952,0x48952,0x48972,0x48972,0x17,32,32,1,0x4894A,high,none,,00 00 21 00 05 00 00 00 1b 00 01 00 00 00 1b 00,03 00 dd 21 3e dd d0 9c 3d 26 3d 37 e6 01 5f 34 47 62 31 2a dd 8c 43 32 22 ae 23 df 61 df 61 37
23/S2061.DAT,0x489EC,0x489EE,0x489EE,0x48A03,0x48A03,0x19,21,21,1,0x489E6,high,none,,00 00 00 21 00 05 00 00 00 1b 00 01 00 00 00 1b,df 02 34 de 1e 25 e6 01 27 35 dd 1c 44 dd ab 39 2a 1b 1f 20 02
23/S2061.DAT,0x48A40,0x48A42,0x48A42,0x48A5A,0x48A5A,0x17,24,24,1,0x48A3A,high,none,,00 00 21 00 05 00 00 00 1b 00 01 00 00 00 1b 00,03 00 3f a1 a1 a1 24 9a 4b 48 29 1f 02 e4 15 e6 01 54 26 1e 3d 26 02 3c
23/S2061.DAT,0x48AD4,0x48AD6,0x48AD6,0x48AF8,0x48AF8,0x17,34,34,1,0x48ACE,high,none,,00 00 21 00 05 00 00 00 1b 00 01 00 00 00 1b 00,03 00 63 26 29 1f 29 21 24 dd e8 28 dd df dd 77 35 20 33 e6 01 de 28 de 7a 28 dd 09 29 21 1d 1b 3d 37
23/S2071.DAT,0x4788C,0x4788E,0x4788E,0x478A0,0x478A0,0x17,18,18,0,0x47886,high,none,,00 00 21 00 05 00 00 00 1b 00 01 00 01 00 1b 00,02 00 dd d8 b7 24 40 2b 33 20 23 dd b9 29 21 3e 32 37
23/S2071.DAT,0x478DE,0x478E0,0x478E0,0x478F8,0x478F8,0x17,24,24,1,0x478D8,high,none,,00 00 21 00 05 00 00 00 1b 00 01 00 01 00 1b 00,02 00 2e 2d 1d dd 67 6d 23 3e 1b 5e e6 01 56 4b 27 26 20 df 61 df 61 37
23/S2071.DAT,0x47928,0x4792A,0x4792A,0x47949,0x47949,0x17,31,31,2,0x47922,high,none,,00 00 00 21 00 05 00 00 00 1b 00 01 00 01 00 1b,02 00 3e 41 29 02 e4 3d e6 01 3f 1c cf 24 de 6d 29 1f 61 2a e6 01 1b 45 30 38 56 59 32 58 24
23/S2071.DAT,0x4797A,0x4797C,0x4797C,0x479A1,0x479A1,0x17,37,37,2,0x47974,high,none,,00 00 00 21 00 05 00 00 00 1b 00 01 00 01 00 1b,02 00 40 45 33 2f dd 08 21 1f 1f 44 dd 7a 1e 21 24 e6 01 bd 09 20 1f 44 0a 2f 36 29 21 e6 01 40 32 22 1c 23 37
23/S2071.DAT,0x479EC,0x479EE,0x479EE,0x47A0A,0x47A0A,0x19,28,28,1,0x479E6,high,none,,00 00 21 00 05 00 00 00 1b 00 01 00 01 00 1b 00,3b 27 46 1c 61 28 24 e6 01 3a 35 51 33 32 1e ac dd 53 1c 1f 51 23 dd 33 26 38 1c 37
23/S2071.DAT,0x47A48,0x47A4A,0x47A4A,0x47A53,0x47A53,0x17,9,9,0,0x47A42,high,none,,00 00 00 21 00 05 00 00 00 1b 00 01 00 01 00 1b,02 00 35 24 35 32 35 02 3c
23/S2071.DAT,0x47A8C,0x47A8E,0x47A8E,0x47A9C,0x47A9C,0x19,14,14,0,0x47A86,high,none,,00 00 21 00 05 00 00 00 1b 00 01 00 01 00 1b 00,3b 27 46 1c 20 1f 1d 23 de 6d 22 4d 4f 37
23/S2071.DAT,0x47AD4,0x47AD6,0x47AD6,0x47AF1,0x47AF1,0x19,27,27,1,0x47ACE,high,none,,00 00 00 21 00 05 00 00 00 1b 00 01 00 01 00 1b,20 1f 1d 1c 4d 4f 25 e6 01 3b 27 46 1c dd 4c 23 28 5b de 5d 39 5a 1e 20 1d 1b 37
23/S2071.DAT,0x47B30,0x47B32,0x47B32,0x47B56,0x47B56,0x17,36,36,2,0x47B2A,high,none,,00 00 21 00 05 00 00 00 1b 00 01 00 01 00 1b 00,02 00 dd 04 22 59 4c c0 40 45 2a 1b 22 20 33 e6 01 1f 1f 44 dd 5c 22 35 49 35 37 e6 01 6e 2a 1b 49 4c c0 3c
23/S2071.DAT,0x47B86,0x47B88,0x47B88,0x47BA1,0x47BA1,0x19,25,25,1,0x47B80,high,none,,00 00 00 21 00 05 00 00 00 1b 00 01 00 01 00 1b,20 1f 1d 1c 4d 4f 25 e6 01 41 1c dd 66 23 1d 23 2a 3f 22 36 1b 26 1c 35 3c
23/S2071.DAT,0x47BD8,0x47BDA,0x47BDA,0x47BE4,0x47BE4,0x17,10,10,0,0x47BD2,high,none,,00 00 21 00 05 00 00 00 1b 00 01 00 01 00 1b 00,02 00 dd b7 29 df 61 df 61 37
23/S2071.DAT,0x47C14,0x47C16,0x47C16,0x47C33,0x47C33,0x19,29,29,1,0x47C0E,high,none,,00 00 00 21 00 05 00 00 00 1b 00 01 00 01 00 1b,20 1f 1d 1c 4d 4f 25 e6 01 dd 17 30 56 7b 29 1f dd d9 da 36 74 dc 2f dd c3 23 1e 55 37
23/S2071.DAT,0x47C64,0x47C66,0x47C66,0x47C86,0x47C86,0x19,32,32,2,0x47C5E,high,none,,00 00 21 00 05 00 00 00 1b 00 01 00 01 00 1b 00,20 1f 1d 1c 4d 4f 25 e6 01 41 2e 23 3b 27 46 36 85 1c e6 01 dd 37 cc 2a a0 46 21 3e 22 28 8c 37
23/S2071.DAT,0x47CB6,0x47CB8,0x47CB8,0x47CD8,0x47CD8,0x19,32,32,1,0x47CB0,high,none,,00 00 21 00 05 00 00 00 1b 00 01 00 01 00 1b 00,20 1f 1d 1c 4d 4f 25 e6 01 dd 73 33 28 2e 1c 5e 20 33 56 21 1e 27 26 24 dd 8e 9c df 61 df 61 37
23/S2071.DAT,0x47D72,0x47D74,0x47D74,0x47D7F,0x47D7F,0x17,11,11,0,0x47D6C,high,none,,00 00 00 21 00 05 00 00 00 1b 00 01 00 01 00 1b,02 00 dd 37 cc 20 df 61 df 61 37
23/S2081.DAT,0x4788E,0x47890,0x47890,0x478BE,0x478BE,0x19,46,46,1,0x47888,high,none,,00 00 21 00 05 00 00 00 1b 00 01 00 01 00 1b 00,50 8b 25 e6 01 47 78 6b 42 5d 28 24 5c 71 dd 39 dd 03 53 1c 42 31 4e 36 1b 26 dd d9 da 23 5b cd dd 1a 5a 2f de 07 3a 59 22 3d 26 30 2b 37
23/S2081.DAT,0x478EE,0x478F0,0x478F0,0x4791A,0x4791A,0x19,42,42,2,0x478E8,high,none,,00 00 21 00 05 00 00 00 1b 00 01 00 01 00 1b 00,dd ae 25 e6 01 3b 27 46 1c dd 88 df 3e df 44 2a 24 dd 47 7e 2f e6 01 51 dd 3d 51 3a 59 21 1e 27 29 1f 1c 30 28 1d 1b 1c 20 3c
23/S2081.DAT,0x4794A,0x4794C,0x4794C,0x47967,0x47967,0x19,27,27,1,0x47944,high,none,,00 00 00 21 00 05 00 00 00 1b 00 01 00 01 00 1b,50 8b 25 e6 01 27 35 40 45 2a dd 47 7e 36 9d 27 29 1f 43 49 30 28 df 61 df 61 37
23/S2081.DAT,0x47998,0x4799A,0x4799A,0x479B0,0x479B0,0x19,22,22,1,0x47992,high,none,,00 00 21 00 05 00 00 00 1b 00 01 00 01 00 1b 00,50 8b 25 e6 01 40 45 28 dd 3a 53 64 31 7c 23 dd 01 20 1b 27 2b 37
23/S2081.DAT,0x479E0,0x479E2,0x479E2,0x479FC,0x479FC,0x19,26,26,1,0x479DA,high,none,,00 00 21 00 05 00 00 00 1b 00 01 00 01 00 1b 00,dd ae 25 e6 01 3d 1e 24 bb 80 34 dd 89 ba 23 40 45 1c 61 2f de 38 3a 59 3d 26
23/S2081.DAT,0x47A2C,0x47A2E,0x47A2E,0x47A55,0x47A55,0x19,39,39,2,0x47A26,high,none,,00 00 00 21 00 05 00 00 00 1b 00 01 00 01 00 1b,dd ae 25 e6 01 38 1e 24 40 45 2a 92 dd 49 1c dd 47 7e 35 36 c6 32 1f cf 1c e6 01 dd 8b 46 28 3f 22 1c 35 55 26 1d 3c
23/S2081.DAT,0x47A86,0x47A88,0x47A88,0x47A9B,0x47A9B,0x19,19,19,1,0x47A80,high,none,,00 00 00 21 00 05 00 00 00 1b 00 01 00 01 00 1b,50 8b 25 e6 01 28 29 24 dd 8b 46 21 79 dd 3d 1b 27 2b 37
23/S2082.DAT,0x4788E,0x47890,0x47890,0x478AD,0x478AD,0x19,29,29,2,0x47888,high,none,,00 00 00 21 00 05 00 00 00 1b 00 01 00 01 00 1b,50 8b 25 e6 01 42 31 4e 2a dd 3a 53 64 31 7c 3d 39 d9 29 21 27 1b 39 e6 01 27 1e 1f 37
23/S2082.DAT,0x47924,0x47926,0x47926,0x4793F,0x4793F,0x19,25,25,1,0x4791E,high,none,,00 00 00 21 00 05 00 00 00 1b 00 01 00 01 00 1b,50 8b 25 e6 01 40 45 1c 4d 4f 61 28 54 2d 54 2d de 9e d4 1e 21 1b 27 2b 37
23/S2082.DAT,0x47970,0x47972,0x47972,0x47992,0x47992,0x19,32,32,2,0x4796A,high,none,,00 00 21 00 05 00 00 00 1b 00 01 00 01 00 1b 00,dd ae 25 e6 01 43 20 29 1f 24 e6 01 42 31 4e 1c de ce de a9 2f dd 89 ba 83 23 dd 07 46 3d 26 37
23/S2082.DAT,0x479C2,0x479C4,0x479C4,0x479E3,0x479E3,0x19,31,31,2,0x479BC,high,none,,00 00 00 21 00 05 00 00 00 1b 00 01 00 01 00 1b,dd ae 25 e6 01 5b cd dd 1a 5a 2f 3b 55 20 1d 52 88 54 38 23 e6 01 dd bc 1e 21 28 1d 33 2d 37
23/S2082.DAT,0x47A14,0x47A16,0x47A16,0x47A23,0x47A23,0x19,13,13,1,0x47A0E,high,none,,00 00 00 21 00 05 00 00 00 1b 00 01 00 01 00 1b,50 8b 25 e6 01 de 0d c6 1e 27 1e 1f 37
23/S2082.DAT,0x47A54,0x47A56,0x47A56,0x47A88,0x47A88,0x19,50,50,1,0x47A4E,high,none,,00 00 21 00 05 00 00 00 1b 00 01 00 01 00 1b 00,50 8b 25 e6 01 27 8c 24 bb df 01 1c b7 dd d8 20 33 1c 78 82 dd 60 31 7f 2a de c4 3e 5c 71 dd 39 dd 03 53 2f 21 29 21 1b dd 53 23 dd 86 dd 35 27
23/S2082.DAT,0x47AB8,0x47ABA,0x47ABA,0x47ACE,0x47ACE,0x19,20,20,1,0x47AB2,high,none,,00 00 21 00 05 00 00 00 1b 00 01 00 01 00 1b 00,dd ae 25 e6 01 dd fd 1b dd ca dd 8a 2f 98 29 21 3b 22 6a 37
23/S2082.DAT,0x47AFE,0x47B00,0x47B00,0x47B08,0x47B08,0x19,8,8,1,0x47AF8,high,none,,00 00 21 00 05 00 00 00 1b 00 01 00 01 00 1b 00,50 8b 25 e6 01 28 29 02
31/S3011.DAT,0x47D38,0x47D3A,0x47D3C,0x47D44,0x47D44,0x17,10,8,0,,medium,control_0100,01 00,00 00 21 00 05 00 00 00 1b 00 01 00 00 00 2a 00,01 00 4d 37 34 2f 3c 33 43 1f
31/S3011.DAT,0x47DAE,0x47DB0,0x47DB2,0x47DBA,0x47DBA,0x17,10,8,0,,medium,control_0100,01 00,00 00 21 00 05 00 00 00 1b 00 01 00 00 00 22 00,01 00 3d 36 2b 2f 48 30 5d 34
31/S3011.DAT,0x47E84,0x47E86,0x47E86,0x47E9F,0x47E9F,0x19,25,25,0,,medium,none,,00 00 00 21 00 06 00 04 00 05 00 02 00 00 00 01,e5 02 28 54 27 dd 68 df 4a b0 dd 18 e6 00 e5 02 dd 34 1b df 27 27 dd 0a e6
31/S3011.DAT,0x47FEC,0x47FEE,0x47FEE,0x48018,0x48018,0x19,42,42,1,0x47FE6,high,none,,00 00 21 00 05 00 00 00 1b 00 01 00 00 00 1b 00,66 68 25 e6 01 47 78 6b 42 5e 20 33 1c dd 33 7e 2f 20 2d 9c 1b 1e 27 2b 37 ba 92 dd 25 27 30 79 dd e3 dd 81 1b 1f 1e 27 2b 37
31/S3012.DAT,0x47D38,0x47D3A,0x47D3C,0x47D44,0x47D44,0x17,10,8,0,,medium,control_0100,01 00,00 00 21 00 05 00 00 00 1b 00 01 00 00 00 2a 00,01 00 4d 37 34 2f 3c 33 43 1f
31/S3012.DAT,0x47DAE,0x47DB0,0x47DB2,0x47DBA,0x47DBA,0x17,10,8,0,,medium,control_0100,01 00,00 00 21 00 05 00 00 00 1b 00 01 00 00 00 22 00,01 00 3d 36 2b 2f 48 30 5d 34
31/S3012.DAT,0x47E84,0x47E86,0x47E86,0x47E9F,0x47E9F,0x19,25,25,0,,medium,none,,00 00 00 21 00 06 00 04 00 05 00 02 00 00 00 01,e5 02 28 54 27 dd 68 df 4a b0 dd 18 e6 00 e5 02 dd 34 1b df 27 27 dd 0a e6
31/S3012.DAT,0x47F4E,0x47F50,0x47F50,0x47F77,0x47F77,0x19,39,39,2,0x47F48,high,none,,00 00 00 21 00 05 00 00 00 1b 00 01 00 00 00 1b,6c 69 72 34 25 e6 01 5d 1c cc 2f dd 1f 1f 3a 32 1f 33 2b dd b7 23 56 76 1e 27 2b e6 01 2a 2d 58 29 21 3e 35 3a 1b 37
31/S3012.DAT,0x47FEE,0x47FF0,0x47FF0,0x48025,0x48025,0x19,53,53,3,0x47FE8,high,none,,00 00 00 21 00 06 00 04 00 05 00 02 00 00 00 02,6c 69 72 34 25 e6 01 6e 20 85 30 3b 61 23 1d 32 22 7a 28 3f 39 27 2b 20 3c e6 01 e5 03 dd 35 45 23 1d 1b 37 e6 01 e5 03 4b 73 29 36 dd 6a 46 21
31/S3012.DAT,0x48062,0x48064,0x48064,0x48077,0x48077,0x19,19,19,1,0x4805C,high,none,,00 00 00 21 00 05 00 00 00 1b 00 01 00 00 00 1b,6c 69 72 34 25 e6 01 41 32 30 28 24 3b a9 2f 45 49 21 37
31/S3012.DAT,0x4811C,0x4811E,0x4811E,0x4814B,0x4814B,0x19,45,45,2,0x48116,high,none,,00 00 00 21 00 06 00 04 00 05 00 03 00 00 00 00,e5 04 54 26 2b 32 58 dd 19 3e 1d 32 22 1c 3c e6 01 e5 04 6e 20 63 1b 1c d1 df 01 28 3f 22 1c 3c e6 01 e5 04 40 29 75 39 24 1b 1b 40 37
31/S3012.DAT,0x48192,0x48194,0x48194,0x481B8,0x481B8,0x19,36,36,1,0x4818C,high,none,,00 00 21 00 05 00 00 00 1b 00 01 00 00 00 1b 00,6c 69 72 34 25 e6 01 54 2e 1c 5e 23 38 24 1b 45 74 29 21 38 5f 34 47 62 31 1c 1b 22 89 c2 2a 3f 39 27 2b 37
31/S3012.DAT,0x481E8,0x481EA,0x481EA,0x4820A,0x4820A,0x19,32,32,2,0x481E2,high,none,,00 00 21 00 05 00 00 00 1b 00 01 00 00 00 1b 00,6c 69 72 34 25 e6 01 2e 2e 30 6e dd 20 38 63 46 58 24 e6 01 54 2d 54 2d dd 19 3e 1d 32 27 2b 37
31/S3012.DAT,0x4823A,0x4823C,0x4823C,0x4827E,0x4827E,0x19,66,66,2,0x48234,high,none,,00 00 21 00 05 00 00 00 1b 00 01 00 00 00 1b 00,6c 69 72 34 25 e6 01 2e 1c 89 c2 1c 5f 34 47 62 31 28 dd 4d 31 d8 2a dd bd 2d 30 38 dd 15 43 33 1d 1b 1c 30 24 de 62 46 1f 1b 52 1c 6f dd b4 53
31/S3012.DAT,0x4831A,0x4831C,0x4831C,0x4834B,0x4834B,0x19,47,47,1,0x48314,high,none,,00 00 00 21 00 05 00 00 00 1b 00 01 00 00 00 1b,6c 69 72 34 25 e6 01 a4 b2 1c 62 31 34 1c cf 23 24 df 60 df 03 dd a1 62 34 2f dd 82 cf 23 3b 2b 36 a6 6b 31 bc 31 de 4d 53 23 1d 39 27 2b 37
31/S3012.DAT,0x4837C,0x4837E,0x4837E,0x483AE,0x483AE,0x19,48,48,1,0x48376,high,none,,00 00 21 00 05 00 00 00 1b 00 01 00 00 00 1b 00,6c 69 72 34 25 e6 01 2e 32 2f dd 33 29 21 24 5f 34 47 62 31 1c 89 c2 24 90 de 42 2f 3d 3e a0 21 dd ef 63 2f dd 36 21 21 28 54 26 30 1e 73 26 3c
31/S3012.DAT,0x483DE,0x483E0,0x483E0,0x48422,0x48422,0x19,66,66,2,0x483D8,high,none,,00 00 21 00 05 00 00 00 1b 00 01 00 00 00 1b 00,6c 69 72 34 25 e6 01 de 08 23 28 24 b2 32 45 2b 22 5f 34 47 62 31 28 24 dd fa dd 90 2a df 16 b2 23 1d 39 27 2b 2a 24 dd 83 1e 1f cf 23 38 33 46
31/S3012.DAT,0x48452,0x48454,0x48454,0x4846E,0x4846E,0x19,26,26,1,0x4844C,high,none,,00 00 21 00 05 00 00 00 1b 00 01 00 00 00 1b 00,6c 69 72 34 25 e6 01 2e 32 2f de 89 dd 3e 1e 21 6d 21 28 54 26 30 1e 73 26 3c
31/S3013.DAT,0x47D38,0x47D3A,0x47D3C,0x47D44,0x47D44,0x17,10,8,0,,medium,control_0100,01 00,00 00 21 00 05 00 00 00 1b 00 01 00 00 00 2a 00,01 00 4d 37 34 2f 3c 33 43 1f
31/S3013.DAT,0x47DAE,0x47DB0,0x47DB2,0x47DBA,0x47DBA,0x17,10,8,0,,medium,control_0100,01 00,00 00 21 00 05 00 00 00 1b 00 01 00 00 00 22 00,01 00 3d 36 2b 2f 48 30 5d 34
31/S3013.DAT,0x47E84,0x47E86,0x47E86,0x47E9F,0x47E9F,0x19,25,25,0,,medium,none,,00 00 00 21 00 06 00 04 00 05 00 02 00 00 00 01,e5 02 28 54 27 dd 68 df 4a b0 dd 18 e6 00 e5 02 dd 34 1b df 27 27 dd 0a e6
31/S3013.DAT,0x47F96,0x47F98,0x47F98,0x47FBE,0x47FBE,0x19,38,38,2,0x47F90,high,none,,00 00 21 00 05 00 00 00 1b 00 01 00 00 00 1b 00,dd 43 8d 25 e6 01 79 dd f3 de 50 3a 27 30 1e 1f 37 e6 01 47 78 6b 42 23 d9 22 24 dd 32 c5 28 30 44 27 1e 1f 20 3c
31/S3013.DAT,0x47FF4,0x47FF6,0x47FF6,0x48025,0x48025,0x19,47,47,2,0x47FEE,high,none,,00 00 00 21 00 06 00 04 00 05 00 03 00 00 00 00,e5 04 38 4b 55 2d 02 e6 01 e5 04 38 26 4b 73 29 36 1b 1f 1b 1d df 61 df 61 37 e6 01 e5 04 1b 55 1b 55 dd 6a 46 21 dd 24 1e 1b 2d 35 49 54 37
31/S3013.DAT,0x48064,0x48066,0x48066,0x48079,0x48079,0x19,19,19,1,0x4805E,high,none,,00 00 00 21 00 05 00 00 00 1b 00 01 00 00 00 1b,dd 43 8d 25 e6 01 30 28 24 3a 29 41 3e 56 76 1e 27 2b 37
31/S3013.DAT,0x4817E,0x48180,0x48180,0x48198,0x48198,0x19,24,24,1,0x48178,high,none,,00 00 21 00 05 00 00 00 1b 00 01 00 00 00 1b 00,dd 43 8d 25 e6 01 dd 32 c5 2a 30 44 22 27 30 3b 98 4b 1e 21 1b 27 2b 37
31/S3013.DAT,0x481EC,0x481EE,0x481EE,0x481FE,0x481FE,0x19,16,16,1,0x481E6,high,none,,00 00 21 00 05 00 00 00 1b 00 01 00 00 00 1b 00,dd 43 8d 25 e6 01 6e 2a c6 39 1f 1b 30 2b 20 3c
31/S3013.DAT,0x48234,0x48236,0x48236,0x4826F,0x4826F,0x19,57,57,3,0x4822E,high,none,,00 00 00 21 00 06 00 04 00 05 00 04 00 00 00 00,e5 03 54 26 2b 32 58 dd 19 3e 1d 32 22 1c 3c e6 01 e5 03 6e 20 63 1b 1c d1 df 01 28 3f 22 1c 3c e6 01 e5 03 de 08 23 6e 20 3f 22 3c e6 01 e5 03
31/S3013.DAT,0x482B8,0x482BA,0x482BA,0x482E1,0x482E1,0x19,39,39,2,0x482B2,high,none,,00 00 00 21 00 05 00 00 00 1b 00 01 00 00 00 1b,dd 43 8d 25 e6 01 2e 1c 5e 23 28 14 bc c2 24 1b 45 74 29 21 38 e6 01 5f 34 47 62 31 1c 1b 22 89 c2 2a 3f 39 27 2b 37
31/S3013.DAT,0x48312,0x48314,0x48314,0x48333,0x48333,0x19,31,31,2,0x4830C,high,none,,00 00 00 21 00 05 00 00 00 1b 00 01 00 00 00 1b,dd 43 8d 25 e6 01 2e 2e 30 6e dd 20 38 63 46 58 24 e6 01 54 2d 54 2d dd 19 3e 1d 32 27 2b 37
31/S3013.DAT,0x48364,0x48366,0x48366,0x48387,0x48387,0x19,33,33,1,0x4835E,high,none,,00 00 00 21 00 05 00 00 00 1b 00 01 00 00 00 1b,dd 43 8d 25 e6 01 56 76 27 30 24 de 62 46 32 58 dd 19 3e 1d 29 21 47 78 6b 42 23 d9 32 27 2b 3d 37
31/S3013.DAT,0x483C4,0x483C6,0x483C6,0x483FD,0x483FD,0x19,55,55,3,0x483BE,high,none,,00 00 00 21 00 05 00 00 00 1b 00 01 00 00 00 1b,dd 43 8d 25 e6 01 a6 6b 31 bc 31 de 4d 53 30 64 82 dd 55 2f 6c df 5d 82 4e e6 01 1e 21 27 2b 20 3c e6 01 a4 b2 1c 62 31 34 30 df 60 df 03 dd 82
31/S3013.DAT,0x4842E,0x48430,0x48430,0x4846E,0x4846E,0x19,62,62,3,0x48428,high,none,,00 00 21 00 05 00 00 00 1b 00 01 00 00 00 1b 00,dd 43 8d 25 e6 01 df 08 df 37 38 24 97 46 22 cf 23 dd fa dd 90 2a df 16 b2 23 e6 01 1d 39 27 2b 2a 24 dd 83 1e 1f cf 23 38 33 46 22 e6 01 dd de
31/S3013.DAT,0x484AA,0x484AC,0x484AC,0x484E4,0x484E4,0x19,56,56,3,0x484A4,high,none,,00 00 21 00 05 00 00 00 1b 00 01 00 00 00 1b 00,dd 43 8d 25 e6 01 8e dd 20 74 29 1f c3 38 24 74 49 22 4a 73 26 df 23 1c e6 01 dd 9b 1b 21 1b 22 89 c2 23 28 24 6e dd 20 20 de 9b 2f dd 37 2d 30
31/S3013.DAT,0x48514,0x48516,0x48516,0x4852B,0x4852B,0x19,21,21,1,0x4850E,high,none,,00 00 00 21 00 05 00 00 00 1b 00 01 00 00 00 1b,dd 43 8d 25 e6 01 44 29 36 24 1b 1b 2e 36 2a 3f 39 27 2b 3d 37
31/S3013.DAT,0x4855C,0x4855E,0x4855E,0x48588,0x48588,0x19,42,42,1,0x48556,high,none,,00 00 21 00 05 00 00 00 1b 00 01 00 00 00 1b 00,dd 43 8d 25 e6 01 27 1f 24 a4 dd e6 23 de bd 44 9e 32 22 89 c2 30 28 24 e7 02 2f 1b 55 2d 1d c2 30 3b 1e 21 6d 21 70 3a 1b 37
31/S3013.DAT,0x485B8,0x485BA,0x485BA,0x485D7,0x485D7,0x19,29,29,1,0x485B2,high,none,,00 00 00 21 00 05 00 00 00 1b 00 01 00 00 00 1b,dd 43 8d 25 e6 01 6e 20 50 7a 1d 38 1c 2f 7d 55 26 2e 36 2a 3f 22 6d 1f 1b 30 2b 3d 37
31/S3013.DAT,0x4860C,0x4860E,0x4860E,0x48623,0x48623,0x19,21,21,1,0x48606,high,none,,00 00 00 21 00 05 00 00 00 1b 00 01 00 00 00 1b,dd 43 8d 25 e6 01 41 32 30 28 24 dd 32 c5 28 1b 1b 30 2b 20 3c
31/S3014.DAT,0x45D38,0x45D3A,0x45D3C,0x45D44,0x45D44,0x17,10,8,0,,medium,control_0100,01 00,00 00 21 00 05 00 00 00 1b 00 01 00 00 00 2a 00,01 00 4d 37 34 2f 3c 33 43 1f
31/S3014.DAT,0x45DAE,0x45DB0,0x45DB2,0x45DBA,0x45DBA,0x17,10,8,0,,medium,control_0100,01 00,00 00 21 00 05 00 00 00 1b 00 01 00 00 00 22 00,01 00 3d 36 2b 2f 48 30 5d 34
31/S3014.DAT,0x45E84,0x45E86,0x45E86,0x45E9F,0x45E9F,0x19,25,25,0,,medium,none,,00 00 00 21 00 06 00 04 00 05 00 02 00 00 00 01,e5 02 28 54 27 dd 68 df 4a b0 dd 18 e6 00 e5 02 dd 34 1b df 27 27 dd 0a e6
31/S3014.DAT,0x46544,0x46546,0x46546,0x46556,0x46556,0x19,16,16,1,0x4653E,high,none,,00 00 21 00 05 00 00 00 1b 00 01 00 00 00 1b 00,6c 69 72 34 25 e6 01 56 76 1d 3a 1b 27 2b 20 3c
31/S3014.DAT,0x465E8,0x465EA,0x465EA,0x465F9,0x465F9,0x19,15,15,1,0x465E2,high,none,,00 00 00 21 00 05 00 00 00 1b 00 01 00 00 00 1b,6c 69 72 34 25 e6 01 30 28 24 2e 4b 33 8a 37
31/S3014.DAT,0x46708,0x4670A,0x4670A,0x46724,0x46724,0x19,26,26,1,0x46702,high,none,,00 00 21 00 05 00 00 00 1b 00 01 00 00 00 1b 00,6c 69 72 34 25 e6 01 1b 45 30 38 dd 1d c5 1e 21 3b 98 4b 1e 21 3b 39 27 2b 37
31/S3014.DAT,0x468D0,0x468D2,0x468D2,0x468E2,0x468E2,0x19,16,16,1,0x468CA,high,none,,00 00 21 00 05 00 00 00 1b 00 01 00 00 00 1b 00,6c 69 72 34 25 e6 01 56 76 1d 3a 1b 27 2b 20 3c
31/S3014.DAT,0x46974,0x46976,0x46976,0x46985,0x46985,0x19,15,15,1,0x4696E,high,none,,00 00 00 21 00 05 00 00 00 1b 00 01 00 00 00 1b,6c 69 72 34 25 e6 01 30 28 24 2e 4b 33 8a 37
31/S3014.DAT,0x46AA0,0x46AA2,0x46AA2,0x46ABC,0x46ABC,0x19,26,26,1,0x46A9A,high,none,,00 00 21 00 05 00 00 00 1b 00 01 00 00 00 1b 00,6c 69 72 34 25 e6 01 1b 45 30 38 dd 1d c5 1e 21 3b 98 4b 1e 21 3b 39 27 2b 37
31/S3014.DAT,0x46BFE,0x46C00,0x46C00,0x46C10,0x46C10,0x19,16,16,1,0x46BF8,high,none,,00 00 21 00 05 00 00 00 1b 00 01 00 00 00 1b 00,6c 69 72 34 25 e6 01 56 76 1d 3a 1b 27 2b 20 3c
31/S3014.DAT,0x46CA6,0x46CA8,0x46CA8,0x46CB8,0x46CB8,0x19,16,16,1,0x46CA0,high,none,,00 00 21 00 05 00 00 00 1b 00 01 00 00 00 1b 00,6c 69 72 34 25 e6 01 56 76 1d 3a 1b 27 2b 20 3c
31/S3014.DAT,0x46D4E,0x46D50,0x46D50,0x46D5F,0x46D5F,0x19,15,15,1,0x46D48,high,none,,00 00 00 21 00 05 00 00 00 1b 00 01 00 00 00 1b,6c 69 72 34 25 e6 01 30 28 24 2e 4b 33 8a 37
31/S3014.DAT,0x46E80,0x46E82,0x46E82,0x46E9C,0x46E9C,0x19,26,26,1,0x46E7A,high,none,,00 00 21 00 05 00 00 00 1b 00 01 00 00 00 1b 00,6c 69 72 34 25 e6 01 1b 45 30 38 dd 1d c5 1e 21 3b 98 4b 1e 21 3b 39 27 2b 37
31/S3014.DAT,0x46FB2,0x46FB4,0x46FB4,0x46FFC,0x46FFC,0x19,72,72,1,0x46FAC,high,none,,00 00 21 00 05 00 00 00 1b 00 01 00 00 00 1b 00,6c 69 72 34 25 e6 01 42 65 db d8 2c 42 4e dd 60 77 6b 31 2c de 96 1e de 20 dd 80 61 28 24 bc 31 de 4d 53 30 de 0a 2d 30 1b 22 cf 23 df 60 20 df
31/S3014.DAT,0x4702C,0x4702E,0x4702E,0x47070,0x47070,0x19,66,66,3,0x47026,high,none,,00 00 21 00 05 00 00 00 1b 00 01 00 00 00 1b 00,6c 69 72 34 25 e6 01 de 96 23 24 de 96 1e de 20 dd 80 61 28 dd cc de 55 1d de 4f dd 90 36 e6 01 dd 8c de a9 1c de 4f dd 90 2a de 59 de 6f 3a 32
31/S3014.DAT,0x470A0,0x470A2,0x470A2,0x470D6,0x470D6,0x19,52,52,1,0x4709A,high,none,,00 00 21 00 05 00 00 00 1b 00 01 00 00 00 1b 00,6c 69 72 34 25 e6 01 42 65 db d8 30 de 04 9c 21 67 78 31 7f 2f dd 3f 46 22 38 1c 28 94 2c dd 88 3a 1b dd 41 de 06 2c 50 44 1b dd 41 de 06 1c 14
31/S3014.DAT,0x47172,0x47174,0x47174,0x471A0,0x471A0,0x19,44,44,2,0x4716C,high,none,,00 00 21 00 05 00 00 00 1b 00 01 00 00 00 1b 00,6c 69 72 34 25 e6 01 bd 23 d0 b1 1e 1f 89 dd ac 23 24 de 02 b1 2f 3a 32 24 e6 01 67 78 31 7f 2f dd 68 49 22 2e 36 2a 3f 39 27 2b 37
31/S3014.DAT,0x471D0,0x471D2,0x471D2,0x47200,0x47200,0x19,46,46,3,0x471CA,high,none,,00 00 21 00 05 00 00 00 1b 00 01 00 00 00 1b 00,6c 69 72 34 25 e6 01 2e 32 2f dd 96 49 22 1f 51 23 28 24 e6 01 bd 1c c3 55 20 3d 2e 23 e6 01 9e 39 dd 5d 2d 30 d0 b1 2b 22 2e 36 30 2b 37
31/S3014.DAT,0x47230,0x47232,0x47232,0x4726F,0x4726F,0x19,61,61,3,0x4722A,high,none,,00 00 00 21 00 05 00 00 00 1b 00 01 00 00 00 1b,6c 69 72 34 25 e6 01 de f3 23 24 a4 b2 2a d0 b1 3a 32 22 cf 23 1d 22 dd 35 3e 24 e6 01 c7 de 8c 20 33 23 1d 22 3d 26 23 1e b5 49 22 36 e6 01 bd
31/S3014.DAT,0x472A0,0x472A2,0x472A2,0x472D8,0x472D8,0x19,54,54,1,0x4729A,high,none,,00 00 21 00 05 00 00 00 1b 00 01 00 00 00 1b 00,6c 69 72 34 25 e6 01 de 96 1e de 20 d0 b1 38 42 65 db d8 2f de 04 9c 22 1c 36 dd 82 4a 3e de d4 dd 9a 23 bd 1c de 02 b1 2f dd 68 49 1d 1b d0 b1
31/S3014.DAT,0x47458,0x4745A,0x4745A,0x47496,0x47496,0x19,60,60,2,0x47452,high,none,,00 00 21 00 05 00 00 00 1b 00 01 00 00 00 1b 00,6c 69 72 34 25 e6 01 2e 4b 33 1c d0 b1 2a 5f 34 47 62 31 23 44 20 1d 1b 1c 28 6f dd b4 53 1c de 1d 1b de fe dd 6b 23 24 de 09 1e 73 26 2a dd 6c
31/S3014.DAT,0x474C6,0x474C8,0x474C8,0x474F8,0x474F8,0x19,48,48,2,0x474C0,high,none,,00 00 21 00 05 00 00 00 1b 00 01 00 00 00 1b 00,6c 69 72 34 25 e6 01 de 51 46 58 24 dd 1b dd 51 2f dd 33 dd 3e 2b 22 5f 34 47 62 31 28 24 e6 01 dd 1b dd 51 d0 b1 23 28 dd 19 1b 38 2d 30 2b 37
31/S3014.DAT,0x47528,0x4752A,0x4752A,0x47559,0x47559,0x19,47,47,2,0x47522,high,none,,00 00 00 21 00 05 00 00 00 1b 00 01 00 00 00 1b,6c 69 72 34 25 e6 01 de 08 23 28 24 dd 72 2d 30 1b 22 5f 34 47 62 31 23 28 24 e6 01 c1 1c dd 1b dd 51 2a 3d 3e 44 3e 36 20 38 3f 39 27 2b 37
31/S3014.DAT,0x4758A,0x4758C,0x4758C,0x475B4,0x475B4,0x19,40,40,2,0x47584,high,none,,00 00 21 00 05 00 00 00 1b 00 01 00 00 00 1b 00,6c 69 72 34 25 e6 01 63 1b 28 de 5c 2f dd 33 43 1d 44 48 1b 49 27 59 2d 37 e6 01 61 35 49 4a 48 35 51 1d 2d 30 2b 3d 37
31/S3014.DAT,0x475E4,0x475E6,0x475E6,0x475F0,0x475F0,0x17,10,10,0,0x475DE,high,none,,00 00 21 00 05 00 00 00 1b 00 01 00 00 00 1b 00,02 00 91 29 21 3e 32 22 a7 37
31/S3014.DAT,0x4762C,0x4762E,0x4762E,0x47656,0x47656,0x19,40,40,1,0x47626,high,none,,00 00 21 00 05 00 00 00 1b 00 01 00 00 00 1b 00,6c 69 72 34 25 e6 01 dd 19 1b de 09 87 2f de 0a 2d 30 63 26 36 24 41 32 35 49 dd d4 3e 1c dd de de 75 2f 45 51 27 2b 37
31/S3014.DAT,0x47686,0x47688,0x47688,0x476C1,0x476C1,0x19,57,57,3,0x47680,high,none,,00 00 00 21 00 05 00 00 00 1b 00 01 00 00 00 1b,6c 69 72 34 25 e6 01 dd de de 75 28 24 d0 b1 1e 1f cf 38 24 3a 32 1f cf 38 e6 01 dd a7 33 32 27 2b 37 e6 01 1b 45 38 6c d6 6f 34 7f 2b 22 dd 11
31/S3014.DAT,0x476F2,0x476F4,0x476F4,0x4770C,0x4770C,0x17,24,24,1,0x476EC,high,none,,00 00 21 00 05 00 00 00 1b 00 01 00 00 00 1b 00,03 00 1d 2d 35 20 24 4b 73 29 36 40 22 a9 23 e6 01 1d 29 21 44 1f 1d 37
31/S3014.DAT,0x4778C,0x4778E,0x4778E,0x47797,0x47797,0x17,9,9,0,0x47786,high,none,,00 00 00 21 00 05 00 00 00 1b 00 01 00 00 00 1b,03 00 df 61 df 61 df 61 37
31/S3014.DAT,0x477D4,0x477D6,0x477D6,0x47801,0x47801,0x19,43,43,2,0x477CE,high,none,,00 00 00 21 00 05 00 00 00 1b 00 01 00 00 00 1b,6c 69 72 34 25 e6 01 dd 99 88 2a 97 46 21 3e 22 36 24 63 93 30 1c b6 43 39 23 e6 01 3d 39 6f dd b4 53 23 3a 2a 56 21 44 27 2b 37
31/S3014.DAT,0x47832,0x47834,0x47834,0x47857,0x47857,0x19,35,35,2,0x4782C,high,none,,00 00 00 21 00 05 00 00 00 1b 00 01 00 00 00 1b,6c 69 72 34 25 e6 01 2b dd 35 21 1c 52 2a d0 b1 23 dd 01 1b 21 1b 22 43 49 30 28 e6 01 3f 39 27 59 2d 37
31/S3014.DAT,0x47888,0x4788A,0x4788A,0x478BA,0x478BA,0x19,48,48,1,0x47882,high,none,,00 00 21 00 05 00 00 00 1b 00 01 00 00 00 1b 00,6c 69 72 34 25 e6 01 dd 4e d6 57 4e 62 31 1c dd a6 dd ad dd d2 2a de 44 1b dd d2 23 1d 22 3d 26 23 a9 2f 45 49 21 6d 21 28 54 26 30 1e 73 26 3c
31/S3014.DAT,0x478EA,0x478EC,0x478EC,0x47915,0x47915,0x19,41,41,3,0x478E4,high,none,,00 00 00 21 00 05 00 00 00 1b 00 01 00 00 00 1b,6c 69 72 34 25 e6 01 44 29 36 24 e6 01 2b dd b7 40 33 32 21 1e 27 26 dd a4 4b 2e d2 32 28 e6 01 1b 1d 3e 1d 39 27 2b 3d 37
31/S3014.DAT,0x47946,0x47948,0x47948,0x4795A,0x4795A,0x17,18,18,0,0x47940,high,none,,00 00 21 00 05 00 00 00 1b 00 01 00 00 00 1b 00,07 00 dd a4 4b 2e d2 32 36 28 dd d3 1c 2e 36 4a 48 3c
31/S3014.DAT,0x47A18,0x47A1A,0x47A1A,0x47A45,0x47A45,0x19,43,43,2,0x47A12,high,none,,00 00 00 21 00 05 00 00 00 1b 00 01 00 00 00 1b,6c 69 72 34 25 e6 01 42 57 57 5c 47 1c dd 8f dd 9d 67 34 7f 69 34 28 e6 01 de 09 dd 42 23 dd b2 de d2 2a de a0 1b 3d 26 30 2b 37
31/S3014.DAT,0x47A76,0x47A78,0x47A78,0x47AAC,0x47AAC,0x19,52,52,3,0x47A70,high,none,,00 00 21 00 05 00 00 00 1b 00 01 00 00 00 1b 00,6c 69 72 34 25 e6 01 1d 20 23 28 24 5f 34 47 62 31 23 dd 1e 33 32 1f 24 e6 01 3f 41 2e 23 1e 20 1d 1b 42 4e dd 60 77 6b 31 38 3f 22 36 e6 01 d3
31/S3014.DAT,0x47ADC,0x47ADE,0x47ADE,0x47B00,0x47B00,0x19,34,34,2,0x47AD6,high,none,,00 00 21 00 05 00 00 00 1b 00 01 00 00 00 1b 00,6c 69 72 34 25 e6 01 61 de 38 1e 38 20 4c 21 24 cf 23 28 74 29 21 6d 22 1c 38 e6 01 3d 1b 1c 30 28 3c
31/S3014.DAT,0x47B30,0x47B32,0x47B32,0x47B52,0x47B52,0x17,32,32,1,0x47B2A,high,none,,00 00 21 00 05 00 00 00 1b 00 01 00 00 00 1b 00,07 00 41 26 4a 48 24 3b 27 46 33 1c 61 30 dd c9 2f e6 01 54 2d 54 2d 87 23 86 32 22 2d 4a 48 02
31/S3014.DAT,0x47B82,0x47B84,0x47B84,0x47BB0,0x47BB0,0x17,44,44,1,0x47B7C,high,none,,00 00 21 00 05 00 00 00 1b 00 01 00 00 00 1b 00,07 00 38 4b 55 2d 24 87 23 86 32 1f c3 28 43 1e 23 27 20 59 2d 1e 48 1b 37 e6 01 dd b5 d6 82 dd b5 d6 82 dd b5 d6 82 dd b5 d6 82 37
31/S3014.DAT,0x47BE0,0x47BE2,0x47BE4,0x47BF0,0x47BF0,0x17,14,12,0,0x47BDA,high,control_0100,01 00,00 00 21 00 05 00 00 00 1b 00 01 00 00 00 1b 00,01 00 27 20 59 22 de ba 1d 1b 30 1e 73 02
31/S3014.DAT,0x47C2C,0x47C2E,0x47C2E,0x47C50,0x47C50,0x19,34,34,2,0x47C26,high,none,,00 00 21 00 05 00 00 00 1b 00 01 00 00 00 1b 00,6c 69 72 34 25 e6 01 5c dd 14 31 dd 6d 1c dd 10 1c b4 6d 1c 4d 4f 2f e6 01 3b d2 46 21 1b 27 2b 20 3c
31/S3014.DAT,0x47C80,0x47C82,0x47C82,0x47CA3,0x47CA3,0x19,33,33,2,0x47C7A,high,none,,00 00 00 21 00 05 00 00 00 1b 00 01 00 00 00 1b,6c 69 72 34 25 e6 01 dd 73 de 6b 28 1b 45 38 be dd 06 2f a0 dd 1e 29 21 3e 32 21 e6 01 1b 27 2b 37
31/S3014.DAT,0x47CD4,0x47CD6,0x47CD6,0x47D10,0x47D10,0x19,58,58,3,0x47CCE,high,none,,00 00 21 00 05 00 00 00 1b 00 01 00 00 00 1b 00,6c 69 72 34 25 e6 01 dd 3a 53 64 31 7c 23 28 24 14 bc c2 af 5c 53 dd 23 6b 42 2a e6 01 3f 22 7a 30 2b 1e 24 cf 23 28 74 29 21 24 e6 01 b0 2f d3
31/S3014.DAT,0x47D40,0x47D42,0x47D42,0x47D5D,0x47D5D,0x19,27,27,1,0x47D3A,high,none,,00 00 00 21 00 05 00 00 00 1b 00 01 00 00 00 1b,6c 69 72 34 25 e6 01 74 3e 36 df 0b dd 80 dd 58 2f 38 33 46 22 3d 26 30 2b 3d 37
31/S3014.DAT,0x47D8E,0x47D90,0x47D90,0x47D9A,0x47D9A,0x17,10,10,0,0x47D88,high,none,,00 00 21 00 05 00 00 00 1b 00 01 00 00 00 1b 00,04 00 40 3a 1e de b6 1c 26 37
31/S3014.DAT,0x47DD6,0x47DD8,0x47DD8,0x47E07,0x47E07,0x19,47,47,3,0x47DD0,high,none,,00 00 00 21 00 05 00 00 00 1b 00 01 00 00 00 1b,6c 69 72 34 25 e6 01 57 64 67 23 dd ab 29 1f 84 83 28 24 e6 01 dd 9e 2f dd bf 74 1c 89 36 1e 21 e6 01 dd 34 de 8f 1e 21 1b 22 3d 26 30 2b 37
31/S3014.DAT,0x47E38,0x47E3A,0x47E3A,0x47E67,0x47E67,0x19,45,45,2,0x47E32,high,none,,00 00 00 21 00 05 00 00 00 1b 00 01 00 00 00 1b,6c 69 72 34 25 e6 01 a4 b2 1c dd 19 3a 2f de 38 1e 1f 3e 1d 29 1f 89 dd ac 23 24 e6 01 dd 36 4b 3d 29 21 6d 21 28 54 26 30 1e 73 26 37
31/S3014.DAT,0x47EE2,0x47EE4,0x47EE4,0x47EFA,0x47EFA,0x19,22,22,1,0x47EDC,high,none,,00 00 21 00 05 00 00 00 1b 00 01 00 00 00 1b 00,6c 69 72 34 25 e6 01 54 32 23 45 1b 21 3b b0 1e 1e 27 1e 73 26 3c
31/S3014.DAT,0x4818C,0x4818E,0x4818E,0x481C0,0x481C0,0x19,50,50,1,0x48186,high,none,,00 00 21 00 05 00 00 00 1b 00 01 00 00 00 1b 00,6c 69 72 34 25 e6 01 dd 3c 31 dd 4d 34 3a 2d 2a dd 99 88 23 1d 29 1f c3 23 8f 53 dd 56 47 1c de f2 1c 47 5c 31 34 77 31 4e 53 8a 74 44 27 1e 1f
31/S3014.DAT,0x481F0,0x481F2,0x481F2,0x4821C,0x4821C,0x19,42,42,1,0x481EA,high,none,,00 00 21 00 05 00 00 00 1b 00 01 00 00 00 1b 00,6c 69 72 34 25 e6 01 2e 2e 30 28 24 3f 22 42 65 db d8 2a 87 23 86 39 27 2b 37 47 5c 31 34 77 31 4e 53 35 49 23 df 61 df 61 37
31/S3014.DAT,0x48250,0x48252,0x48252,0x48284,0x48284,0x19,50,50,3,0x4824A,high,none,,00 00 21 00 05 00 00 00 1b 00 01 00 00 00 1b 00,6c 69 72 34 25 e6 01 af 5c 53 dd 64 23 24 a4 b2 1c 62 31 34 30 e6 01 47 62 31 5c dd a1 62 34 2f 3b 2b 36 e6 01 47 db 31 62 47 2f a0 32 27 2b 3d
31/S3014.DAT,0x482B4,0x482B6,0x482B6,0x482ED,0x482ED,0x19,55,55,1,0x482AE,high,none,,00 00 00 21 00 05 00 00 00 1b 00 01 00 00 00 1b,6c 69 72 34 25 e6 01 41 1c cf 23 24 bc 31 de 4d 53 36 e7 02 30 6b 34 80 1c dd 64 1c dd 4c 2f de 0a 2d 30 42 65 d1 34 1c de b1 de ca 2f dd 15 46
31/S3014.DAT,0x4831E,0x48320,0x48320,0x48348,0x48348,0x19,40,40,2,0x48318,high,none,,00 00 21 00 05 00 00 00 1b 00 01 00 00 00 1b 00,6c 69 72 34 25 e6 01 2e 32 28 24 8e dd 20 dd 15 46 22 36 dd 60 31 c9 3a 32 22 1c 30 e6 01 8c 29 36 dd 33 46 27 2b 3d 37
31/S3014.DAT,0x4837C,0x4837E,0x4837E,0x483C2,0x483C2,0x19,68,68,1,0x48376,high,none,,00 00 21 00 05 00 00 00 1b 00 01 00 00 00 1b 00,6c 69 72 34 25 e6 01 dd 78 dd 7b de 6e 28 dd 08 dd 25 30 17 27 30 1d 22 36 d3 1b 21 3b 39 27 2b 37 dd 64 23 28 a0 45 20 39 23 3e 1b 38 1c 38 1b
31/S3014.DAT,0x483F6,0x483F8,0x483F8,0x48438,0x48438,0x19,64,64,1,0x483F0,high,none,,00 00 21 00 05 00 00 00 1b 00 01 00 00 00 1b 00,6c 69 72 34 25 e6 01 d7 d1 cb 1c dd df de 7a 28 24 dd 08 dd 25 30 19 45 23 1d 22 36 d3 1b 21 3b 39 27 2b 37 dd 08 dd 25 a0 45 20 22 36 24 20 1d
31/S3014.DAT,0x4846C,0x4846E,0x4846E,0x48497,0x48497,0x19,41,41,1,0x48466,high,none,,00 00 00 21 00 05 00 00 00 1b 00 01 00 00 00 1b,6c 69 72 34 25 e6 01 41 1c c3 1c 93 dd 4c 89 30 28 24 af 5c 53 23 d5 29 1f de d7 2f de d7 46 21 1b 22 6d 1f 1b 30 2b 4c 37
31/S3014.DAT,0x484C8,0x484CA,0x484CA,0x484F4,0x484F4,0x19,42,42,2,0x484C2,high,none,,00 00 21 00 05 00 00 00 1b 00 01 00 00 00 1b 00,6c 69 72 34 25 e6 01 44 29 36 24 1b 1b 2e 36 2a 3f 39 27 2b 20 33 e6 01 2a 2d 58 29 21 dd f5 55 3e 2f dd ef 29 21 70 3a 1b 37
31/S3014.DAT,0x48528,0x4852A,0x4852A,0x4856C,0x4856C,0x19,66,66,2,0x48522,high,none,,00 00 21 00 05 00 00 00 1b 00 01 00 00 00 1b 00,6c 69 72 34 25 e6 01 dd 3c 31 dd 4d 34 cb 1c dd b5 31 5c 71 de b4 31 53 1c dd 1b dd 51 1c dd 0a 23 5b 50 44 1b dd 41 de 06 5a 2f de 04 9c dd 5d
31/S3014.DAT,0x4859C,0x4859E,0x4859E,0x485C2,0x485C2,0x19,36,36,2,0x48596,high,none,,00 00 21 00 05 00 00 00 1b 00 01 00 00 00 1b 00,6c 69 72 34 25 e6 01 5f 34 47 62 31 1c dd d4 1b 36 2e 55 30 dd 33 29 21 6d 21 28 e6 01 54 26 30 1e 73 26 37
31/S3014.DAT,0x485F6,0x485F8,0x485F8,0x4863C,0x4863C,0x19,68,68,1,0x485F0,high,none,,00 00 21 00 05 00 00 00 1b 00 01 00 00 00 1b 00,6c 69 72 34 25 e6 01 57 64 67 dd 9e 30 28 24 57 34 4e 2f de d5 49 21 dd bf 74 2f 74 29 21 1b 22 3d 26 30 2b 2a 24 41 1c dd 08 21 2f dd 79 46 22
31/S3014.DAT,0x4866C,0x4866E,0x4866E,0x48694,0x48694,0x19,38,38,1,0x48666,high,none,,00 00 21 00 05 00 00 00 1b 00 01 00 00 00 1b 00,6c 69 72 34 25 e6 01 1f 35 24 57 64 67 dd 9e 30 38 33 46 22 43 49 30 28 1d 1b 3d 26 30 2b 2a df 61 df 61 df 61 37
31/S3014.DAT,0x486C8,0x486CA,0x486CA,0x4870C,0x4870C,0x19,66,66,2,0x486C2,high,none,,00 00 21 00 05 00 00 00 1b 00 01 00 00 00 1b 00,6c 69 72 34 25 e6 01 a2 64 34 60 34 80 47 5c 31 34 1c 3f 22 89 c2 2a 43 20 39 27 1e 1f 37 12 45 28 47 78 6b 42 1c 5c 71 dd 39 dd 03 53 e6 01 12
31/S3014.DAT,0x4873C,0x4873E,0x4873E,0x48772,0x48772,0x19,52,52,1,0x48736,high,none,,00 00 21 00 05 00 00 00 1b 00 01 00 00 00 1b 00,6c 69 72 34 25 e6 01 12 45 28 dd 3c 31 dd 4d 34 cb 2a 24 dd 2b c3 1c 12 45 28 42 31 4e 3a 2d 1c b7 b9 2a dd 09 29 21 33 29 1e 48 29 1f 6d 1f 1b
31/S3014.DAT,0x487A6,0x487A8,0x487A8,0x487EA,0x487EA,0x19,66,66,2,0x487A0,high,none,,00 00 21 00 05 00 00 00 1b 00 01 00 00 00 1b 00,6c 69 72 34 25 e6 01 63 93 30 1c dd de de 75 dd d2 2a df 17 1d 22 42 4e dd 60 77 6b 31 2a 3f 22 3d 26 30 2b 37 de 26 ae 28 5b 44 dd 4f 1c 3b 99
31/S3021.DAT,0x47B1A,0x47B1C,0x47B1C,0x47B29,0x47B29,0x19,13,13,0,,medium,none,,00 00 00 07 00 01 00 37 00 06 00 18 00 1c 00 af,97 00 26 00 39 00 19 00 9b 00 26 00 2a
31/S3022.DAT,0x47B5E,0x47B60,0x47B60,0x47B6D,0x47B6D,0x19,13,13,0,,medium,none,,00 00 00 07 00 01 00 37 00 06 00 18 00 1c 00 d1,b9 00 26 00 39 00 19 00 bd 00 26 00 2a
31/S3022.DAT,0x47CB6,0x47CB8,0x47CBA,0x47CCC,0x47CCC,0x17,20,18,1,0x47CB0,high,control_0100,01 00,00 00 21 00 05 00 00 00 1b 00 01 00 00 00 1b 00,01 00 85 1f 4b 14 52 30 38 e6 01 35 1b 4a 73 26 ca 3d 4c 3c
31/S3022.DAT,0x47D02,0x47D04,0x47D04,0x47D1C,0x47D1C,0x17,24,24,0,0x47CFC,high,none,,00 00 21 00 05 00 00 00 1b 00 01 00 00 00 1b 00,03 00 5b dd 56 bc 57 47 1c dd 10 5a 28 74 20 1d 3e 21 1b 1b 1c 20 1d 37
31/S3022.DAT,0x47D4E,0x47D50,0x47D50,0x47D5E,0x47D5E,0x17,14,14,0,0x47D48,high,none,,00 00 21 00 05 00 00 00 1b 00 01 00 00 00 1b 00,03 00 14 52 30 35 1b 4a 73 26 ca 20 1d 3c
31/S3022.DAT,0x47D94,0x47D96,0x47D96,0x47DC6,0x47DC6,0x19,48,48,2,0x47D8E,high,none,,00 00 21 00 05 00 00 00 1b 00 01 00 00 00 1b 00,66 68 25 e6 01 3b 27 46 dd 16 2a 24 5f 34 47 62 31 2f dd 83 2b 1d 54 36 e6 01 dd 1c dd e2 a9 09 1d 27 1b 44 0a 2f 91 29 21 22 dd 02 dd 4e 20 3c
31/S3022.DAT,0x47DF6,0x47DF8,0x47DF8,0x47E1B,0x47E1B,0x19,35,35,2,0x47DF0,high,none,,00 00 00 21 00 05 00 00 00 1b 00 01 00 00 00 1b,66 68 25 e6 01 ad 83 ba 52 23 27 20 59 21 24 35 27 29 21 91 26 7a 2f e6 01 d3 1b 21 32 58 1b 1b 2d 35 37
31/S3022.DAT,0x47E52,0x47E54,0x47E54,0x47E7A,0x47E7A,0x19,38,38,2,0x47E4C,high,none,,00 00 21 00 05 00 00 00 1b 00 01 00 00 00 1b 00,66 68 25 e6 01 bb 80 34 cb 28 24 2e 1c 5e 1c 7c 34 af 31 12 35 37 e6 01 3a 20 33 26 36 de 30 1b ac 23 3f 26 6a 37
31/S3022.DAT,0x47EB0,0x47EB2,0x47EB2,0x47EE4,0x47EE4,0x19,50,50,3,0x47EAA,high,none,,00 00 21 00 05 00 00 00 1b 00 01 00 00 00 1b 00,66 68 25 e6 01 5b 53 dd a0 7f 1c dd 10 5a 36 5b dd 60 34 af 57 1c df 34 5a 23 e6 01 1b 3e 1c 20 37 e6 01 3f 41 2e 1c 5f 34 47 62 31 28 dd 19 1b
31/S3022.DAT,0x47F14,0x47F16,0x47F16,0x47F39,0x47F39,0x19,35,35,2,0x47F0E,high,none,,00 00 00 21 00 05 00 00 00 1b 00 01 00 00 00 1b,66 68 25 e6 01 27 8c 5b dd 56 bc 57 47 1c dd 10 5a 30 61 35 51 1e 30 38 e6 01 1e 21 6d 1f 33 54 26 35 37
31/S3022.DAT,0x47F70,0x47F72,0x47F72,0x47FA1,0x47FA1,0x19,47,47,1,0x47F6A,high,none,,00 00 00 21 00 05 00 00 00 1b 00 01 00 00 00 1b,66 68 25 e6 01 bb 80 34 cb 2a dd 89 ba 36 1e 21 a2 64 6b 42 20 33 9a 21 20 33 24 5f 34 47 62 31 2a de 7d 2f 3b 41 26 7a 2a 1d 3e 1d 29 1f 37
31/S3022.DAT,0x47FD2,0x47FD4,0x47FD4,0x4800C,0x4800C,0x19,56,56,3,0x47FCC,high,none,,00 00 21 00 05 00 00 00 1b 00 01 00 00 00 1b 00,66 68 25 e6 01 3a 2b 2a 43 32 33 2a 50 dd 89 ba 02 e4 3d e6 01 df 61 df 61 30 38 24 dd 89 ba 2a 5f 34 47 62 31 36 63 26 1c 2f e6 01 8e dd 20 38
31/S3022.DAT,0x48042,0x48044,0x48044,0x4806C,0x4806C,0x19,40,40,2,0x4803C,high,none,,00 00 21 00 05 00 00 00 1b 00 01 00 00 00 1b 00,66 68 25 e6 01 4a 48 27 35 24 4a 48 27 35 02 e6 01 2e 2e 28 24 96 dd 0d 1c 26 55 4b 73 55 2b 22 89 c2 4a 48 1d 1b 6a 37
31/S3022.DAT,0x480A2,0x480A4,0x480A4,0x480C4,0x480C4,0x19,32,32,2,0x4809C,high,none,,00 00 21 00 05 00 00 00 1b 00 01 00 00 00 1b 00,66 68 25 e6 01 54 26 38 47 a3 65 2a 1b 22 33 1e 1b 6a 37 e6 01 a9 2f 45 49 4c 58 df 61 df 61 37
31/S3022.DAT,0x48118,0x4811A,0x4811A,0x4813C,0x4813C,0x19,34,34,2,0x48112,high,none,,00 00 21 00 05 00 00 00 1b 00 01 00 00 00 1b 00,a8 52 25 e6 01 63 dd 54 2a dd 79 43 29 1f 36 3b 38 29 1f 33 e6 01 c8 dd 20 28 5f 34 47 62 31 4a 48 37
31/S3022.DAT,0x4816C,0x4816E,0x4816E,0x4818F,0x4818F,0x19,33,33,1,0x48166,high,none,,00 00 00 21 00 05 00 00 00 1b 00 01 00 00 00 1b,a8 52 25 e6 01 1b 45 23 1d 29 1f 33 dd a4 4b dd eb 1b 21 3e 33 59 22 2d 4a 48 55 26 df 61 df 61 37
31/S3022.DAT,0x481CA,0x481CC,0x481CC,0x481E7,0x481E7,0x19,27,27,1,0x481C4,high,none,,00 00 00 21 00 05 00 00 00 1b 00 01 00 00 00 1b,96 dd 0d 25 e6 01 3b 4a 1b 4b 48 2d 24 43 1f 1e 23 38 3b 28 1d 1e 3a 59 21 3d 37
31/S3022.DAT,0x48218,0x4821A,0x4821A,0x48235,0x48235,0x19,27,27,1,0x48212,high,none,,00 00 00 21 00 05 00 00 00 1b 00 01 00 00 00 1b,a8 52 25 e6 01 c6 33 1d 1b 3b 23 1b 3a 2d 23 4b 20 dd f9 3e 2d 4a 48 1d 1b 3d 37
31/S3022.DAT,0x482B2,0x482B4,0x482B4,0x482DA,0x482DA,0x19,38,38,2,0x482AC,high,none,,00 00 21 00 05 00 00 00 1b 00 01 00 00 00 1b 00,b3 25 e6 01 5f 34 47 62 31 36 63 26 1f 51 1c e6 01 de 53 cf 09 39 2d 4a 0a 1c ba 1c 28 8c 1d 1c 23 df 61 df 61 37
31/S3022.DAT,0x4830A,0x4830C,0x4830C,0x48340,0x48340,0x19,52,52,3,0x48304,high,none,,00 00 21 00 05 00 00 00 1b 00 01 00 00 00 1b 00,b3 25 e6 01 1d 2d 35 20 e6 01 5e 2f dd 43 29 dd 29 33 32 1f 6d 1f 1b 1d a9 2a df 61 df 61 37 e6 01 41 2d 1d c1 23 9f 26 1c 28 85 35 49 30 1e 73
31/S3022.DAT,0x48376,0x48378,0x48378,0x4838E,0x4838E,0x19,22,22,1,0x48370,high,none,,00 00 21 00 05 00 00 00 1b 00 01 00 00 00 1b 00,b3 25 e6 01 85 2a 2e 2e 23 1b 22 2e 36 28 1d 1b 1e 73 30 2b 3d 37
31/S3022.DAT,0x48558,0x4855A,0x4855A,0x48585,0x48585,0x19,43,43,2,0x48552,high,none,,00 00 00 21 00 05 00 00 00 1b 00 01 00 00 00 1b,66 68 25 e6 01 dd 32 c5 2a 30 44 1f 33 dd 2e 2f 20 49 21 70 3a 1b 37 e6 01 56 de 13 1c 36 2e 55 30 3b 27 4b 1e 21 3b 39 27 2b 37
31/S3022.DAT,0x485D2,0x485D4,0x485D6,0x485E0,0x485E0,0x17,12,10,0,0x485CC,high,control_0100,01 00,00 00 21 00 05 00 00 00 1b 00 01 00 00 00 1b 00,01 00 de 5c 23 9a 4b 48 29 1f 43 37
31/S3022.DAT,0x48610,0x48612,0x48614,0x48636,0x48636,0x17,36,34,1,0x4860A,high,control_0100,01 00,00 00 21 00 05 00 00 00 1b 00 01 00 00 00 1b 00,01 00 28 4a 51 29 20 33 85 83 2f 5f 34 47 62 31 36 63 46 22 43 49 1d 1b 29 21 9f 29 21 22 e6 01 6d 1f 1b 37
31/S3022.DAT,0x48666,0x48668,0x48668,0x48672,0x48672,0x17,10,10,0,0x48660,high,none,,00 00 21 00 05 00 00 00 1b 00 01 00 00 00 1b 00,03 00 30 38 54 26 2b 22 1c 3c
31/S3022.DAT,0x48704,0x48706,0x48706,0x48725,0x48725,0x17,31,31,0,0x486FE,high,none,,00 00 00 21 00 05 00 00 00 1b 00 01 00 00 00 1b,03 00 54 2d 1d 5f 34 47 62 31 20 38 43 20 33 1d 1b 1c 23 df 61 df 61 50 de 33 de 29 20 1d 3c
31/S3022.DAT,0x487AA,0x487AC,0x487AE,0x487B2,0x487B2,0x17,6,4,0,0x487A4,high,control_0100,01 00,00 00 21 00 05 00 00 00 1b 00 01 00 00 00 1b 00,01 00 41 26 4c 37
31/S3022.DAT,0x48880,0x48882,0x48882,0x48899,0x48899,0x19,23,23,1,0x4887A,high,none,,00 00 00 21 00 05 00 00 00 1b 00 01 00 00 00 1b,66 68 25 e6 01 dd 32 c5 2a 30 44 1f 33 dd 2e 2f 20 49 21 70 3a 1b 37
31/S3022.DAT,0x488E2,0x488E4,0x488E4,0x488F4,0x488F4,0x19,16,16,1,0x488DC,high,none,,00 00 21 00 05 00 00 00 1b 00 01 00 00 00 1b 00,66 68 25 e6 01 41 32 30 28 1b 44 27 1e 73 26 37
31/S3022.DAT,0x489C0,0x489C2,0x489C4,0x489DE,0x489DE,0x17,28,26,0,0x489BA,high,control_0100,01 00,00 00 21 00 05 00 00 00 1b 00 01 00 00 00 1b 00,01 00 3f 1d 1f 28 24 74 20 1d 3e 21 1b 1b 43 3d 37 2e 2e 30 dd b9 29 21 1d 3a 1b 37
31/S3022.DAT,0x48A0E,0x48A10,0x48A12,0x48A1B,0x48A1B,0x17,11,9,0,0x48A08,high,control_0100,01 00,00 00 00 21 00 05 00 00 00 1b 00 01 00 00 00 1b,01 00 3a a1 24 1b 44 27 1e 73 37
31/S3022.DAT,0x48A4C,0x48A4E,0x48A4E,0x48A5C,0x48A5C,0x17,14,14,0,0x48A46,high,none,,00 00 21 00 05 00 00 00 1b 00 01 00 00 00 1b 00,03 00 2e 2d 1d 7a 1e 21 50 de 33 de 29 3c
31/S3022.DAT,0x48A8C,0x48A8E,0x48A90,0x48AAF,0x48AAF,0x17,33,31,2,0x48A86,high,control_0100,01 00,00 00 00 21 00 05 00 00 00 1b 00 01 00 00 00 1b,01 00 85 83 35 49 30 e6 01 5f 34 47 62 31 2f dd 83 3a 1d 44 48 e6 01 dd e2 dd 94 1d 1b 30 1e 73 3c
31/S3023.DAT,0x47B6E,0x47B70,0x47B70,0x47B7D,0x47B7D,0x19,13,13,0,,medium,none,,00 00 00 07 00 01 00 37 00 06 00 18 00 1c 00 d9,c1 00 26 00 39 00 19 00 c5 00 26 00 2a
31/S3023.DAT,0x47CC6,0x47CC8,0x47CCA,0x47CE7,0x47CE7,0x17,31,29,2,0x47CC0,high,control_0100,01 00,00 00 00 21 00 05 00 00 00 1b 00 01 00 00 00 1b,01 00 41 32 23 1e 21 38 e6 01 3f 1c 24 bb 80 34 29 21 dd 89 ba e6 01 bb 1d dd 63 35 3d 4c 37
31/S3023.DAT,0x47D1E,0x47D20,0x47D20,0x47D34,0x47D34,0x17,20,20,0,0x47D18,high,none,,00 00 21 00 05 00 00 00 1b 00 01 00 00 00 1b 00,03 00 47 78 6b 42 23 dd c5 39 1f 3e 1d 29 21 44 1f 1d a1 37
31/S3023.DAT,0x47D6A,0x47D6C,0x47D6C,0x47D83,0x47D83,0x19,23,23,1,0x47D64,high,none,,00 00 00 21 00 05 00 00 00 1b 00 01 00 00 00 1b,66 68 25 e6 01 1d 2d 35 24 38 26 dd ed de f9 2f 28 1b 21 22 1c 20 3c
31/S3023.DAT,0x47DB4,0x47DB6,0x47DB6,0x47DCB,0x47DCB,0x19,21,21,1,0x47DAE,high,none,,00 00 00 21 00 05 00 00 00 1b 00 01 00 00 00 1b,66 68 25 e6 01 3b 27 46 dd 16 23 28 dd 6f dd e5 1d 2d 35 3d 02
31/S3023.DAT,0x47E02,0x47E04,0x47E04,0x47E1A,0x47E1A,0x19,22,22,1,0x47DFC,high,none,,00 00 21 00 05 00 00 00 1b 00 01 00 00 00 1b 00,66 68 25 e6 01 5f 34 47 62 31 2a dd 19 3e 21 50 dd 15 35 29 21 3c
31/S3023.DAT,0x47E4A,0x47E4C,0x47E4C,0x47E73,0x47E73,0x19,39,39,2,0x47E44,high,none,,00 00 00 21 00 05 00 00 00 1b 00 01 00 00 00 1b,66 68 25 e6 01 5b dd 56 bc 57 47 1c dd 10 5a 1c 5f 34 47 62 31 35 29 1f 33 e6 01 3b 27 46 33 30 38 d5 21 22 35 55 3c
31/S3023.DAT,0x47EAA,0x47EAC,0x47EAC,0x47EDD,0x47EDD,0x19,49,49,2,0x47EA4,high,none,,00 00 00 21 00 05 00 00 00 1b 00 01 00 00 00 1b,66 68 25 e6 01 dd 10 23 1b 44 1f 1b 2d 35 29 21 3c e4 1f e6 01 3f 41 2e 23 28 ba 1c dd 97 de 17 dd 04 de 65 de 22 de 0e 30 1e 20 74 49 1d 1b a7
31/S3023.DAT,0x47F0E,0x47F10,0x47F10,0x47F2C,0x47F2C,0x19,28,28,1,0x47F08,high,none,,00 00 21 00 05 00 00 00 1b 00 01 00 00 00 1b 00,66 68 25 e6 01 38 4b 55 2d dd 89 ba 1c dd b0 dd e1 2a 1d 3e 21 28 dd 43 32 1d 1b a7
31/S3023.DAT,0x47F62,0x47F64,0x47F64,0x47F9B,0x47F9B,0x19,55,55,1,0x47F5C,high,none,,00 00 00 21 00 05 00 00 00 1b 00 01 00 00 00 1b,66 68 25 e6 01 dd 30 dd 35 dd 49 2f dd 37 2d 30 1b 22 36 2e 55 2f 5f 34 47 62 31 23 8c 1b ca 2d 3b 41 43 32 1f 20 33 24 de 22 de 0e 2f dd 33 26
31/S3023.DAT,0x47FCC,0x47FCE,0x47FCE,0x47FED,0x47FED,0x19,31,31,1,0x47FC6,high,none,,00 00 00 21 00 05 00 00 00 1b 00 01 00 00 00 1b,66 68 25 e6 01 5e dd 70 28 24 be dd 16 1c 3b 20 9c 30 dd 30 1b 45 1d 9c 22 29 21 43 49 35 37
31/S3023.DAT,0x48024,0x48026,0x48026,0x4803F,0x4803F,0x19,25,25,1,0x4801E,high,none,,00 00 00 21 00 05 00 00 00 1b 00 01 00 00 00 1b,66 68 25 e6 01 54 26 35 3c 2e 1c 5e 1c 5f 34 47 62 31 28 87 dd 19 1b 35 55
31/S3023.DAT,0x48070,0x48072,0x48072,0x48084,0x48084,0x19,18,18,1,0x4806A,high,none,,00 00 21 00 05 00 00 00 1b 00 01 00 00 00 1b 00,66 68 25 e6 01 27 29 24 59 1b a7 1b 2a 2d 58 39 1d 37
31/S3023.DAT,0x480BA,0x480BC,0x480BC,0x480DC,0x480DC,0x19,32,32,2,0x480B4,high,none,,00 00 21 00 05 00 00 00 1b 00 01 00 00 00 1b 00,66 68 25 e6 01 40 29 75 39 47 a3 65 2a 1b 22 6d 1f 1b 35 37 e6 01 54 2e 23 1b 22 2d 35 55 26 3c
31/S3023.DAT,0x48112,0x48114,0x48114,0x48130,0x48130,0x19,28,28,1,0x4810C,high,none,,00 00 21 00 05 00 00 00 1b 00 01 00 00 00 1b 00,66 68 25 e6 01 dd 89 ba 36 1c dd 7e dd 87 2f dd 1f 1f 1e 21 20 33 9a 21 70 3a 1b 37
31/S3023.DAT,0x4816C,0x4816E,0x4816E,0x4818D,0x4818D,0x19,31,31,2,0x48166,high,none,,00 00 00 21 00 05 00 00 00 1b 00 01 00 00 00 1b,a8 52 25 e6 01 41 26 20 de b6 37 e6 01 3b 27 46 3a 2d 47 78 6b 42 20 33 9a 1f 2d 20 de b6 37
31/S3023.DAT,0x481BE,0x481C0,0x481C0,0x481DD,0x481DD,0x19,29,29,1,0x481B8,high,none,,00 00 00 21 00 05 00 00 00 1b 00 01 00 00 00 1b,a8 52 25 e6 01 52 88 dd 82 68 2a dd 7a 1e 3f 26 1d 2d 21 dd ba 1e 1b 7a 4a 48 1c 26 37
31/S3023.DAT,0x48230,0x48232,0x48232,0x48251,0x48251,0x19,31,31,2,0x4822A,high,none,,00 00 00 21 00 05 00 00 00 1b 00 01 00 00 00 1b,96 dd 0d 25 e6 01 3b 23 1b 4b 48 2d 24 54 2e 20 33 44 1f 1c 3c e6 01 3f 41 2d 30 3e 32 22 3c
31/S3023.DAT,0x482A6,0x482A8,0x482A8,0x482B4,0x482B4,0x19,12,12,1,0x482A0,high,none,,00 00 21 00 05 00 00 00 1b 00 01 00 00 00 1b 00,96 dd 0d 25 e6 01 2e 32 3f 9c 22 37
31/S3023.DAT,0x482E4,0x482E6,0x482E6,0x482F1,0x482F1,0x19,11,11,0,0x482DE,high,none,,00 00 00 21 00 05 00 00 00 1b 00 01 00 00 00 1b,5b 94 5a 2f 38 33 1b 27 1e 1f 37
31/S3023.DAT,0x48360,0x48362,0x48362,0x4837D,0x4837D,0x19,27,27,1,0x4835A,high,none,,00 00 00 21 00 05 00 00 00 1b 00 01 00 00 00 1b,96 dd 0d 25 e6 01 94 28 3a 29 44 1c 30 a7 2d ca 35 20 33 24 27 1f 2e 2d 54 4c 37
31/S3023.DAT,0x483BA,0x483BC,0x483BC,0x483F3,0x483F3,0x19,55,55,1,0x483B4,high,none,,00 00 00 21 00 05 00 00 00 1b 00 01 00 00 00 1b,b3 25 e6 01 5c dd 14 31 dd 6d 1c dd 10 28 24 20 45 21 28 b4 6d 1c dd 10 36 3d 58 32 24 5e dd 70 1c dd 27 2e 26 1c dd 9a 1e 73 26 35 29 1f 1c 30
31/S3023.DAT,0x48424,0x48426,0x48426,0x48443,0x48443,0x19,29,29,1,0x4841E,high,none,,00 00 00 21 00 05 00 00 00 1b 00 01 00 00 00 1b,b3 25 e6 01 c8 4a 48 24 5f 34 47 62 31 1c dd 67 6d 20 23 1d 29 21 1e 27 1b 27 1e 1f 37
31/S3023.DAT,0x4847A,0x4847C,0x4847C,0x48498,0x48498,0x19,28,28,1,0x48474,high,none,,00 00 21 00 05 00 00 00 1b 00 01 00 00 00 1b 00,b3 25 e6 01 1e 20 1e 24 43 32 1d 2a 33 26 27 3e 36 49 2e 2d 30 22 36 9f 26 1d a1 37
31/S3023.DAT,0x486C6,0x486C8,0x486CA,0x486D1,0x486D1,0x17,9,7,0,0x486C0,high,control_0100,01 00,00 00 00 21 00 05 00 00 00 1b 00 01 00 00 00 1b,01 00 dd 6b 23 56 22 1c 3c
31/S3024.DAT,0x45B6E,0x45B70,0x45B70,0x45B7D,0x45B7D,0x19,13,13,0,,medium,none,,00 00 00 07 00 01 00 37 00 06 00 18 00 1c 00 d9,c1 00 26 00 39 00 19 00 c5 00 26 00 2a
31/S3024.DAT,0x45CC6,0x45CC8,0x45CC8,0x45CDD,0x45CDD,0x19,21,21,1,0x45CC0,high,none,,00 00 00 21 00 05 00 00 00 1b 00 01 00 00 00 1b,66 68 25 e6 01 38 26 86 22 dd cc de 55 28 1d 1b 30 1e 73 26 37
31/S3024.DAT,0x45D14,0x45D16,0x45D18,0x45D29,0x45D29,0x17,19,17,0,0x45D0E,high,control_0100,01 00,00 00 00 21 00 05 00 00 00 1b 00 01 00 00 00 1b,01 00 1b 27 3a 33 2e 2e 23 9a 21 38 6e 38 1d 1b 43 4c 37
31/S3024.DAT,0x45D60,0x45D62,0x45D62,0x45D6A,0x45D6A,0x17,8,8,0,0x45D5A,high,none,,00 00 21 00 05 00 00 00 1b 00 01 00 00 00 1b 00,03 00 27 1f 44 1f 4c 37
31/S3024.DAT,0x45DA0,0x45DA2,0x45DA2,0x45DB5,0x45DB5,0x17,19,19,0,0x45D9A,high,none,,00 00 00 21 00 05 00 00 00 1b 00 01 00 00 00 1b,02 00 54 1b 45 38 2e 1b 45 38 24 35 33 1e 1d 1b 4c c0 37
31/S3024.DAT,0x45DEC,0x45DEE,0x45DEE,0x45E01,0x45E01,0x17,19,19,0,0x45DE6,high,none,,00 00 00 21 00 05 00 00 00 1b 00 01 00 00 00 1b,04 00 2e 2e 28 24 3f 1b 20 43 33 8c 7d 27 4a 48 1c 26 37
31/S3024.DAT,0x45E38,0x45E3A,0x45E3A,0x45E4C,0x45E4C,0x17,18,18,0,0x45E32,high,none,,00 00 21 00 05 00 00 00 1b 00 01 00 00 00 1b 00,05 00 2e 2e 28 dd 15 43 29 21 1b 1d 1b 3d 26 35 1d 37
31/S3024.DAT,0x45E82,0x45E84,0x45E84,0x45E91,0x45E91,0x17,13,13,0,0x45E7C,high,none,,00 00 00 21 00 05 00 00 00 1b 00 01 00 00 00 1b,07 00 6e 20 dd a4 4b 21 1d 1b 20 4c 37
31/S3024.DAT,0x45EC8,0x45ECA,0x45ECA,0x45EEF,0x45EEF,0x19,37,37,2,0x45EC2,high,none,,00 00 00 21 00 05 00 00 00 1b 00 01 00 00 00 1b,66 68 25 e6 01 97 2d 29 37 e4 1f e6 01 4b 73 29 36 dd 19 1b 20 33 29 21 dd 86 96 23 1c 22 2d 4a 48 1d 1b 6a 37
31/S3024.DAT,0x45F26,0x45F28,0x45F28,0x45F48,0x45F48,0x19,32,32,1,0x45F20,high,none,,00 00 21 00 05 00 00 00 1b 00 01 00 00 00 1b 00,66 68 25 e6 01 de 22 de 0e 28 dd db 23 dd 30 dd 35 dd 49 1c dd 04 de 65 23 dd 33 29 21 1b 22 37
31/S3024.DAT,0x45F78,0x45F7A,0x45F7A,0x45F99,0x45F99,0x19,31,31,1,0x45F72,high,none,,00 00 00 21 00 05 00 00 00 1b 00 01 00 00 00 1b,66 68 25 e6 01 5e dd 70 28 24 be dd 16 1c 3b 20 9c 30 dd 30 1b 45 1d 9c 22 29 21 43 49 35 37
31/S3024.DAT,0x45FD0,0x45FD2,0x45FD2,0x46006,0x46006,0x19,52,52,1,0x45FCA,high,none,,00 00 21 00 05 00 00 00 1b 00 01 00 00 00 1b 00,66 68 25 e6 01 3f 1c de 22 de 0e 28 24 a2 64 6b 42 20 33 1c 3b 70 2a 39 33 1e 1b a7 37 b5 2e 26 4a 48 38 29 36 2b 79 1b 1c 2a de 66 29 21 22 1c
31/S3024.DAT,0x46036,0x46038,0x46038,0x4605E,0x4605E,0x19,38,38,1,0x46030,high,none,,00 00 21 00 05 00 00 00 1b 00 01 00 00 00 1b 00,66 68 25 e6 01 46 24 3b 27 46 a2 64 6b 42 38 c6 33 1d 1b 1c 37 df 2e 23 3f 22 2e 1c ce dd 12 12 1c 50 5e 35 3d 37
31/S3024.DAT,0x46094,0x46096,0x46096,0x460B2,0x460B2,0x19,28,28,1,0x4608E,high,none,,00 00 21 00 05 00 00 00 1b 00 01 00 00 00 1b 00,66 68 25 e6 01 2e 1c 5e 28 13 11 da ae 24 47 78 6b 42 36 63 dd 54 1e 21 1f 2d 35 37
31/S3024.DAT,0x460E2,0x460E4,0x460E4,0x46101,0x46101,0x19,29,29,1,0x460DC,high,none,,00 00 00 21 00 05 00 00 00 1b 00 01 00 00 00 1b,66 68 25 e6 01 35 20 33 54 26 1e 1f 29 21 43 49 30 38 1d 1b 2d 35 2a 1d df 61 df 61 37
31/S3024.DAT,0x46138,0x4613A,0x4613A,0x4615E,0x4615E,0x19,36,36,2,0x46132,high,none,,00 00 21 00 05 00 00 00 1b 00 01 00 00 00 1b 00,66 68 25 e6 01 40 29 75 39 24 54 26 dd 8b 46 21 38 e6 01 47 a3 65 2a 1b 22 36 1e 20 9f 46 1d 1b 2d 35 2a 37
31/S3024.DAT,0x4618E,0x46190,0x46190,0x461AC,0x461AC,0x19,28,28,2,0x46188,high,none,,00 00 21 00 05 00 00 00 1b 00 01 00 00 00 1b 00,66 68 25 e6 01 27 4a 51 23 91 29 21 22 1c 20 29 21 3c e4 3d e6 01 dd dc dd 6e 1d 02
31/S3024.DAT,0x461E2,0x461E4,0x461E4,0x46203,0x46203,0x19,31,31,2,0x461DC,high,none,,00 00 00 21 00 05 00 00 00 1b 00 01 00 00 00 1b,66 68 25 e6 01 3f 2d 1f dd 19 1b 33 1e 1b 1d 3c e6 01 26 4b 1c ba dd 77 23 86 33 1d 1b 20 3c
31/S3024.DAT,0x46260,0x46262,0x46262,0x46287,0x46287,0x19,37,37,2,0x4625A,high,none,,00 00 00 21 00 05 00 00 00 1b 00 01 00 00 00 1b,a8 52 25 e6 01 5f 34 47 62 31 2a 56 21 20 33 24 e6 01 dd 30 dd 35 dd 49 28 ba 20 33 20 43 1d 44 48 1d 33 2d 37
31/S3024.DAT,0x462B8,0x462BA,0x462BA,0x462CF,0x462CF,0x19,21,21,1,0x462B2,high,none,,00 00 00 21 00 05 00 00 00 1b 00 01 00 00 00 1b,a8 52 25 e6 01 41 32 2a 9d 1e 21 dd 38 3e 1d 1b 2d 4a 48 3d 37
31/S3024.DAT,0x46306,0x46308,0x46308,0x4632B,0x4632B,0x19,35,35,1,0x46300,high,none,,00 00 00 21 00 05 00 00 00 1b 00 01 00 00 00 1b,a8 52 25 e6 01 5f 34 47 62 31 2a 56 21 20 33 24 dd 30 dd 35 dd 49 28 ba 20 33 20 43 1d 44 48 1d 33 2d 37
31/S3024.DAT,0x4635C,0x4635E,0x4635E,0x46373,0x46373,0x19,21,21,1,0x46356,high,none,,00 00 00 21 00 05 00 00 00 1b 00 01 00 00 00 1b,a8 52 25 e6 01 41 32 2a 9d 1e 21 dd 38 3e 1d 1b 2d 4a 48 3d 37
31/S3024.DAT,0x463A4,0x463A6,0x463A6,0x463C5,0x463C5,0x19,31,31,1,0x4639E,high,none,,00 00 00 21 00 05 00 00 00 1b 00 01 00 00 00 1b,96 dd 0d 25 e6 01 3f 29 24 dd b7 39 31 2d 2b 33 1b b5 58 2b 1f 31 1c 3b 23 1b 4b 48 2d 35 37
31/S3024.DAT,0x463FC,0x463FE,0x463FE,0x46421,0x46421,0x19,35,35,1,0x463F6,high,none,,00 00 00 21 00 05 00 00 00 1b 00 01 00 00 00 1b,a8 52 25 e6 01 5f 34 47 62 31 2a 56 21 20 33 24 dd 30 dd 35 dd 49 28 ba 20 33 20 43 1d 44 48 1d 33 2d 37
31/S3024.DAT,0x46452,0x46454,0x46454,0x46469,0x46469,0x19,21,21,1,0x4644C,high,none,,00 00 00 21 00 05 00 00 00 1b 00 01 00 00 00 1b,a8 52 25 e6 01 41 32 2a 9d 1e 21 dd 38 3e 1d 1b 2d 4a 48 3d 37
31/S3024.DAT,0x4649A,0x4649C,0x4649C,0x464BA,0x464BA,0x19,30,30,2,0x46494,high,none,,00 00 21 00 05 00 00 00 1b 00 01 00 00 00 1b 00,96 dd 0d 25 e6 01 3f 29 24 e6 01 46 32 51 2d 1f 22 58 2b 1f 31 1c 3b 23 1b 4b 48 2d 35 37
31/S3024.DAT,0x464F0,0x464F2,0x464F2,0x46515,0x46515,0x19,35,35,1,0x464EA,high,none,,00 00 00 21 00 05 00 00 00 1b 00 01 00 00 00 1b,a8 52 25 e6 01 5f 34 47 62 31 2a 56 21 20 33 24 dd 30 dd 35 dd 49 28 ba 20 33 20 43 1d 44 48 1d 33 2d 37
31/S3024.DAT,0x46546,0x46548,0x46548,0x4655D,0x4655D,0x19,21,21,1,0x46540,high,none,,00 00 00 21 00 05 00 00 00 1b 00 01 00 00 00 1b,a8 52 25 e6 01 41 32 2a 9d 1e 21 dd 38 3e 1d 1b 2d 4a 48 3d 37
31/S3024.DAT,0x4658E,0x46590,0x46590,0x465AE,0x465AE,0x19,30,30,2,0x46588,high,none,,00 00 21 00 05 00 00 00 1b 00 01 00 00 00 1b 00,96 dd 0d 25 e6 01 3f 29 24 e6 01 54 31 22 27 2b 1f 31 58 2b 1f 31 1c 3b 23 1b 4b 48 2d 35
31/S3024.DAT,0x465E4,0x465E6,0x465E6,0x46609,0x46609,0x19,35,35,1,0x465DE,high,none,,00 00 00 21 00 05 00 00 00 1b 00 01 00 00 00 1b,a8 52 25 e6 01 5f 34 47 62 31 2a 56 21 20 33 24 dd 30 dd 35 dd 49 28 ba 20 33 20 43 1d 44 48 1d 33 2d 37
31/S3024.DAT,0x4663A,0x4663C,0x4663C,0x46651,0x46651,0x19,21,21,1,0x46634,high,none,,00 00 00 21 00 05 00 00 00 1b 00 01 00 00 00 1b,a8 52 25 e6 01 41 32 2a 9d 1e 21 dd 38 3e 1d 1b 2d 4a 48 3d 37
31/S3024.DAT,0x46682,0x46684,0x46684,0x466A5,0x466A5,0x19,33,33,2,0x4667C,high,none,,00 00 00 21 00 05 00 00 00 1b 00 01 00 00 00 1b,96 dd 0d 25 e6 01 3f 29 24 e6 01 4a 48 1b 3f 2d 36 58 29 36 58 2b 1f 31 1c 3b 23 1b 4b 48 2d 35 37
31/S3024.DAT,0x466DC,0x466DE,0x466DE,0x46701,0x46701,0x19,35,35,1,0x466D6,high,none,,00 00 00 21 00 05 00 00 00 1b 00 01 00 00 00 1b,a8 52 25 e6 01 5f 34 47 62 31 2a 56 21 20 33 24 dd 30 dd 35 dd 49 28 ba 20 33 20 43 1d 44 48 1d 33 2d 37
31/S3024.DAT,0x46732,0x46734,0x46734,0x46749,0x46749,0x19,21,21,1,0x4672C,high,none,,00 00 00 21 00 05 00 00 00 1b 00 01 00 00 00 1b,a8 52 25 e6 01 41 32 2a 9d 1e 21 dd 38 3e 1d 1b 2d 4a 48 3d 37
31/S3024.DAT,0x4677A,0x4677C,0x4677C,0x46799,0x46799,0x19,29,29,2,0x46774,high,none,,00 00 00 21 00 05 00 00 00 1b 00 01 00 00 00 1b,96 dd 0d 25 e6 01 3f 29 24 e6 01 97 39 31 4a 31 58 2b 1f 31 1c 3b 23 1b 4b 48 2d 35 37
31/S3024.DAT,0x467D0,0x467D2,0x467D2,0x467F5,0x467F5,0x19,35,35,1,0x467CA,high,none,,00 00 00 21 00 05 00 00 00 1b 00 01 00 00 00 1b,a8 52 25 e6 01 5f 34 47 62 31 2a 56 21 20 33 24 dd 30 dd 35 dd 49 28 ba 20 33 20 43 1d 44 48 1d 33 2d 37
31/S3024.DAT,0x46826,0x46828,0x46828,0x4683D,0x4683D,0x19,21,21,1,0x46820,high,none,,00 00 00 21 00 05 00 00 00 1b 00 01 00 00 00 1b,a8 52 25 e6 01 41 32 2a 9d 1e 21 dd 38 3e 1d 1b 2d 4a 48 3d 37
31/S3024.DAT,0x4686E,0x46870,0x46870,0x4688F,0x4688F,0x19,31,31,2,0x46868,high,none,,00 00 00 21 00 05 00 00 00 1b 00 01 00 00 00 1b,96 dd 0d 25 e6 01 3f 29 24 e6 01 40 59 1b 8a 38 4a 31 58 2b 1f 31 1c 3b 23 1b 4b 48 2d 35 37
31/S3024.DAT,0x468C6,0x468C8,0x468C8,0x468EB,0x468EB,0x19,35,35,1,0x468C0,high,none,,00 00 00 21 00 05 00 00 00 1b 00 01 00 00 00 1b,a8 52 25 e6 01 5f 34 47 62 31 2a 56 21 20 33 24 dd 30 dd 35 dd 49 28 ba 20 33 20 43 1d 44 48 1d 33 2d 37
31/S3024.DAT,0x4691C,0x4691E,0x4691E,0x46933,0x46933,0x19,21,21,1,0x46916,high,none,,00 00 00 21 00 05 00 00 00 1b 00 01 00 00 00 1b,a8 52 25 e6 01 41 32 2a 9d 1e 21 dd 38 3e 1d 1b 2d 4a 48 3d 37
31/S3024.DAT,0x46964,0x46966,0x46966,0x46986,0x46986,0x19,32,32,2,0x4695E,high,none,,00 00 21 00 05 00 00 00 1b 00 01 00 00 00 1b 00,96 dd 0d 25 e6 01 3f 29 24 e6 01 58 2d 58 1b 40 58 29 36 58 2b 1f 31 1c 3b 23 1b 4b 48 2d 35 37
31/S3024.DAT,0x469BC,0x469BE,0x469BE,0x469E1,0x469E1,0x19,35,35,1,0x469B6,high,none,,00 00 00 21 00 05 00 00 00 1b 00 01 00 00 00 1b,a8 52 25 e6 01 5f 34 47 62 31 2a 56 21 20 33 24 dd 30 dd 35 dd 49 28 ba 20 33 20 43 1d 44 48 1d 33 2d 37
31/S3024.DAT,0x46A12,0x46A14,0x46A14,0x46A29,0x46A29,0x19,21,21,1,0x46A0C,high,none,,00 00 00 21 00 05 00 00 00 1b 00 01 00 00 00 1b,a8 52 25 e6 01 41 32 2a 9d 1e 21 dd 38 3e 1d 1b 2d 4a 48 3d 37
31/S3024.DAT,0x46A5A,0x46A5C,0x46A5C,0x46A7A,0x46A7A,0x19,30,30,2,0x46A54,high,none,,00 00 21 00 05 00 00 00 1b 00 01 00 00 00 1b 00,96 dd 0d 25 e6 01 3f 29 24 e6 01 30 2b 97 32 1b b5 58 2b 1f 31 1c 3b 23 1b 4b 48 2d 35 37
31/S3024.DAT,0x46AB0,0x46AB2,0x46AB2,0x46AD5,0x46AD5,0x19,35,35,1,0x46AAA,high,none,,00 00 00 21 00 05 00 00 00 1b 00 01 00 00 00 1b,a8 52 25 e6 01 5f 34 47 62 31 2a 56 21 20 33 24 dd 30 dd 35 dd 49 28 ba 20 33 20 43 1d 44 48 1d 33 2d 37
31/S3024.DAT,0x46B06,0x46B08,0x46B08,0x46B1D,0x46B1D,0x19,21,21,1,0x46B00,high,none,,00 00 00 21 00 05 00 00 00 1b 00 01 00 00 00 1b,a8 52 25 e6 01 41 32 2a 9d 1e 21 dd 38 3e 1d 1b 2d 4a 48 3d 37
31/S3024.DAT,0x46B4E,0x46B50,0x46B50,0x46B6C,0x46B6C,0x19,28,28,2,0x46B48,high,none,,00 00 21 00 05 00 00 00 1b 00 01 00 00 00 1b 00,96 dd 0d 25 e6 01 3f 29 24 e6 01 54 26 49 1e 58 2b 1f 31 1c 3b 23 1b 4b 48 2d 35 37
31/S3024.DAT,0x46BA2,0x46BA4,0x46BA4,0x46BC7,0x46BC7,0x19,35,35,1,0x46B9C,high,none,,00 00 00 21 00 05 00 00 00 1b 00 01 00 00 00 1b,a8 52 25 e6 01 5f 34 47 62 31 2a 56 21 20 33 24 dd 30 dd 35 dd 49 28 ba 20 33 20 43 1d 44 48 1d 33 2d 37
31/S3024.DAT,0x46BF8,0x46BFA,0x46BFA,0x46C0F,0x46C0F,0x19,21,21,1,0x46BF2,high,none,,00 00 00 21 00 05 00 00 00 1b 00 01 00 00 00 1b,a8 52 25 e6 01 41 32 2a 9d 1e 21 dd 38 3e 1d 1b 2d 4a 48 3d 37
31/S3024.DAT,0x46C40,0x46C42,0x46C42,0x46C62,0x46C62,0x19,32,32,2,0x46C3A,high,none,,00 00 21 00 05 00 00 00 1b 00 01 00 00 00 1b 00,96 dd 0d 25 e6 01 3f 29 24 e6 01 3f 1e 29 54 2b 33 1b b5 58 2b 1f 31 1c 3b 23 1b 4b 48 2d 35 37
31/S3024.DAT,0x46C98,0x46C9A,0x46C9A,0x46CBD,0x46CBD,0x19,35,35,1,0x46C92,high,none,,00 00 00 21 00 05 00 00 00 1b 00 01 00 00 00 1b,a8 52 25 e6 01 5f 34 47 62 31 2a 56 21 20 33 24 dd 30 dd 35 dd 49 28 ba 20 33 20 43 1d 44 48 1d 33 2d 37
31/S3024.DAT,0x46CEE,0x46CF0,0x46CF0,0x46D05,0x46D05,0x19,21,21,1,0x46CE8,high,none,,00 00 00 21 00 05 00 00 00 1b 00 01 00 00 00 1b,a8 52 25 e6 01 41 32 2a 9d 1e 21 dd 38 3e 1d 1b 2d 4a 48 3d 37
31/S3024.DAT,0x46D36,0x46D38,0x46D38,0x46D5A,0x46D5A,0x19,34,34,2,0x46D30,high,none,,00 00 21 00 05 00 00 00 1b 00 01 00 00 00 1b 00,96 dd 0d 25 e6 01 3f 29 24 e6 01 46 32 51 2d 1f 22 27 2b 1f 31 58 2b 1f 31 1c 3b 23 1b 4b 48 2d 35 37
31/S3024.DAT,0x46D90,0x46D92,0x46D92,0x46DB5,0x46DB5,0x19,35,35,1,0x46D8A,high,none,,00 00 00 21 00 05 00 00 00 1b 00 01 00 00 00 1b,a8 52 25 e6 01 5f 34 47 62 31 2a 56 21 20 33 24 dd 30 dd 35 dd 49 28 ba 20 33 20 43 1d 44 48 1d 33 2d 37
31/S3024.DAT,0x46DE6,0x46DE8,0x46DE8,0x46DFD,0x46DFD,0x19,21,21,1,0x46DE0,high,none,,00 00 00 21 00 05 00 00 00 1b 00 01 00 00 00 1b,a8 52 25 e6 01 41 32 2a 9d 1e 21 dd 38 3e 1d 1b 2d 4a 48 3d 37
31/S3024.DAT,0x46E2E,0x46E30,0x46E30,0x46E58,0x46E58,0x19,40,40,1,0x46E28,high,none,,00 00 21 00 05 00 00 00 1b 00 01 00 00 00 1b 00,96 dd 0d 25 e6 01 3f 29 24 38 26 3f 1b 21 2a 1b 1d 3e 1d 29 1f 2d 35 4c 37 2b 79 3e 45 3d 1b 2d 35 37 2e 32 3f 9c 22 37
31/S3024.DAT,0x46EA6,0x46EA8,0x46EA8,0x46EBA,0x46EBA,0x19,18,18,0,0x46EA0,high,none,,00 00 21 00 05 00 00 00 1b 00 01 00 00 00 1b 00,5b de 6b dd 2f 1c 1b 1c 39 5a 2f 38 33 1b 27 1e 1f 37
31/S3024.DAT,0x46EF4,0x46EF6,0x46EF6,0x46F19,0x46F19,0x19,35,35,1,0x46EEE,high,none,,00 00 00 21 00 05 00 00 00 1b 00 01 00 00 00 1b,a8 52 25 e6 01 5f 34 47 62 31 2a 56 21 20 33 24 dd 30 dd 35 dd 49 28 ba 20 33 20 43 1d 44 48 1d 33 2d 37
31/S3024.DAT,0x46F4A,0x46F4C,0x46F4C,0x46F61,0x46F61,0x19,21,21,1,0x46F44,high,none,,00 00 00 21 00 05 00 00 00 1b 00 01 00 00 00 1b,a8 52 25 e6 01 41 32 2a 9d 1e 21 dd 38 3e 1d 1b 2d 4a 48 3d 37
31/S3024.DAT,0x46F92,0x46F94,0x46F94,0x46FBC,0x46FBC,0x19,40,40,1,0x46F8C,high,none,,00 00 21 00 05 00 00 00 1b 00 01 00 00 00 1b 00,96 dd 0d 25 e6 01 3f 29 24 38 26 3f 1b 21 2a 1b 1d 1b 3b 23 1b 4b 48 2d 35 37 3a 29 44 3f 9c 1f 1c 24 45 20 29 21 22 3c
31/S3024.DAT,0x46FF8,0x46FFA,0x46FFA,0x47031,0x47031,0x19,55,55,1,0x46FF2,high,none,,00 00 00 21 00 05 00 00 00 1b 00 01 00 00 00 1b,b3 25 e6 01 5c dd 14 31 dd 6d 1c dd 10 28 24 20 45 21 28 b4 6d 1c dd 10 36 3d 58 32 24 5e dd 70 1c dd 27 2e 26 1c dd 9a 1e 73 26 35 29 1f 1c 30
31/S3024.DAT,0x47062,0x47064,0x47064,0x4707F,0x4707F,0x19,27,27,1,0x4705C,high,none,,00 00 00 21 00 05 00 00 00 1b 00 01 00 00 00 1b,b3 25 e6 01 c8 4a 48 24 5f 34 47 62 31 1c dd 67 6d 20 23 1d 29 21 1e 27 29 1f 37
31/S3024.DAT,0x470B6,0x470B8,0x470B8,0x470D9,0x470D9,0x19,33,33,2,0x470B0,high,none,,00 00 00 21 00 05 00 00 00 1b 00 01 00 00 00 1b,b3 25 e6 01 38 26 40 39 1f 1b dd 05 26 35 1b 30 2b 3d 37 e6 01 7d 48 7d 48 7d 48 7d 48 7d 48 29 37
31/S3024.DAT,0x476B6,0x476B8,0x476B8,0x476C6,0x476C6,0x19,14,14,1,0x476B0,high,none,,00 00 21 00 05 00 00 00 1b 00 01 00 00 00 1b 00,66 68 25 e6 01 3b 28 1b 39 3e 35 3a 1b 37
31/S3024.DAT,0x477BE,0x477C0,0x477C2,0x477C9,0x477C9,0x17,9,7,0,0x477B8,high,control_0100,01 00,00 00 00 21 00 05 00 00 00 1b 00 01 00 00 00 1b,01 00 dd 6b 23 56 22 1c 3c
31/S3024.DAT,0x47FD0,0x47FD2,0x47FD2,0x47FF1,0x47FF1,0x19,31,31,3,0x47FCA,high,none,,00 00 00 21 00 06 00 04 00 05 00 03 00 00 00 01,dd a6 dd ad 25 e6 01 e5 03 2a 1b 2e 45 e6 01 e5 03 3d 29 75 33 1b e6 01 e5 03 3f 22 27 4a 55
31/S3024.DAT,0x48050,0x48052,0x48052,0x4807C,0x4807C,0x19,42,42,4,0x4804A,high,none,,00 00 21 00 06 00 04 00 05 00 03 00 00 00 01 00,54 26 2b 22 3c e6 01 e5 03 3a 1b 44 73 26 2e 26 9c 44 e6 01 e5 03 97 45 26 2e 26 9c 44 e6 01 e5 03 3d 43 1b 2e 26 9c 44 e6 01
31/S3024.DAT,0x483D8,0x483DA,0x483DA,0x483E1,0x483E1,0x19,7,7,0,,medium,none,,00 00 00 21 00 00 00 2a 00 19 00 20 00 21 00 22,20 00 21 00 22 00 2a
31/S3024.DAT,0x483EA,0x483EC,0x483EC,0x483F3,0x483F3,0x19,7,7,0,,medium,none,,00 00 00 00 00 00 00 00 00 00 00 00 00 00 00 00,20 00 21 00 22 00 26
31/S3031.DAT,0x47A4A,0x47A4C,0x47A4C,0x47A64,0x47A64,0x19,24,24,1,0x47A44,high,none,,00 00 21 00 05 00 00 00 1b 00 01 00 01 00 1b 00,66 68 25 e6 01 47 78 6b 42 20 33 1c dd 33 7e 2f 3b 45 32 1e 27 1e 1f 37
31/S3031.DAT,0x47AAE,0x47AB0,0x47AB0,0x47AD8,0x47AD8,0x19,40,40,2,0x47AA8,high,none,,00 00 21 00 05 00 00 00 1b 00 01 00 01 00 1b 00,bb 80 34 25 e6 01 2e 2d 1d 96 dd 0d 1c de 09 87 2f 3a 59 33 32 22 36 28 e6 01 43 1e 38 58 20 23 3a 32 1f 38 1c 35 1d 37
31/S3031.DAT,0x47BDA,0x47BDC,0x47BDC,0x47C0D,0x47C0D,0x19,49,49,2,0x47BD4,high,none,,00 00 00 21 00 05 00 00 00 1b 00 01 00 01 00 1b,bb 80 34 25 e6 01 dd 3a 53 64 31 7c 5e ba 92 dd 25 dd 89 ba 1c bb 80 34 30 2b 37 e6 01 5c dd 14 31 dd 6d 1c dd 10 23 74 44 1f 1b 2d 30 1e 1f 1d
31/S3031.DAT,0x47C3E,0x47C40,0x47C40,0x47C66,0x47C66,0x19,38,38,2,0x47C38,high,none,,00 00 21 00 05 00 00 00 1b 00 01 00 01 00 1b 00,bb 80 34 25 e6 01 1e 20 1e 1d 2a 33 24 41 32 28 96 dd 0d 23 28 dd 6f dd e5 35 1d e6 01 de 18 de 40 2b dd 7d 22 37
31/S3031.DAT,0x47C96,0x47C98,0x47C98,0x47CCA,0x47CCA,0x19,50,50,3,0x47C90,high,none,,00 00 21 00 05 00 00 00 1b 00 01 00 01 00 1b 00,bb 80 34 25 e6 01 27 3f 43 dd 3d 43 dd 3d 9a 21 38 33 29 21 e6 01 79 dd f3 de 50 1d 2e 36 35 2a e6 01 3b dd c5 39 1b 1f 35 3e 1e 20 1d 1b 30 2b
31/S3031.DAT,0x47D0E,0x47D10,0x47D12,0x47D25,0x47D25,0x17,21,19,0,0x47D08,high,control_0100,01 00,00 00 00 21 00 05 00 00 00 1b 00 01 00 01 00 1b,01 00 4b 73 29 36 24 8c 1b ca 2d 1d 91 1b dd 65 4a 48 1d 1b 37
31/S3031.DAT,0x47D56,0x47D58,0x47D5A,0x47D78,0x47D78,0x17,32,30,1,0x47D50,high,control_0100,01 00,00 00 21 00 05 00 00 00 1b 00 01 00 01 00 1b 00,01 00 96 dd 0d 24 96 dd 0d 29 21 e6 01 2e 32 30 38 47 78 6b 42 5d 1c cc 30 9a 21 1b 22 1c 3d 37
31/S3031.DAT,0x47DA8,0x47DAA,0x47DAC,0x47DC4,0x47DC4,0x17,26,24,1,0x47DA2,high,control_0100,01 00,00 00 21 00 05 00 00 00 1b 00 01 00 01 00 1b 00,01 00 44 4b 2d 36 dd 9a 2b 22 1c 2a e6 01 2b 4a 29 21 38 2d 4a 48 1d 1b 1c 3c
31/S3031.DAT,0x47E06,0x47E08,0x47E08,0x47E21,0x47E21,0x19,25,25,1,0x47E00,high,none,,00 00 00 21 00 05 00 00 00 1b 00 01 00 01 00 1b,bb 80 34 25 e6 01 2e 32 28 dd dc dd 6e 1e 27 1e 1f 1d 24 3b de a1 3a 2d 37
31/S3031.DAT,0x47E52,0x47E54,0x47E54,0x47E8B,0x47E8B,0x19,55,55,1,0x47E4C,high,none,,00 00 00 21 00 05 00 00 00 1b 00 01 00 01 00 1b,bb 80 34 25 e6 01 1f 35 24 85 28 4d 4f 1c 5e 20 33 dd 71 9f dd f4 1d 61 2f dd 09 29 1f 63 68 2a 1b 33 29 1e 48 22 36 d3 1b 21 1b 1f 38 1c 30 2b
31/S3031.DAT,0x47EBC,0x47EBE,0x47EBE,0x47EE7,0x47EE7,0x19,41,41,2,0x47EB6,high,none,,00 00 00 21 00 05 00 00 00 1b 00 01 00 01 00 1b,bb 80 34 25 e6 01 1e 20 38 c8 24 dd 10 28 5f 34 47 62 31 35 33 49 30 50 dd 15 e6 01 de 18 de 40 1d 89 c2 1d 2d 30 2b 3d 37
31/S3031.DAT,0x47F18,0x47F1A,0x47F1A,0x47F47,0x47F47,0x19,45,45,2,0x47F12,high,none,,00 00 00 21 00 05 00 00 00 1b 00 01 00 01 00 1b,bb 80 34 25 e6 01 dd 33 7e 1c c4 2a cc 30 38 dd a4 36 3a 32 1f 33 e6 01 41 32 2e 41 47 78 6b 42 5d 23 de d8 1e 43 49 2a dd 36 1f 1d 1b
31/S3031.DAT,0x47F8A,0x47F8C,0x47F8C,0x47F9B,0x47F9B,0x19,15,15,1,0x47F84,high,none,,00 00 00 21 00 05 00 00 00 1b 00 01 00 01 00 1b,bb 80 34 25 e6 01 28 29 28 29 28 29 28 29 37
31/S3031.DAT,0x48036,0x48038,0x4803A,0x48063,0x48063,0x17,43,41,3,0x48030,high,control_0100,01 00,00 00 00 21 00 05 00 00 00 1b 00 01 00 01 00 1b,01 00 41 26 3d 37 e4 1f e6 01 3f 2d 1f 6d 1f 1b 23 e6 01 df 11 2a 56 1f dd 89 ba 3d 39 e6 01 39 29 75 23 63 46 22 28 8c 35 43 02
31/S3031.DAT,0x480AE,0x480B0,0x480B0,0x480D8,0x480D8,0x19,40,40,2,0x480A8,high,none,,00 00 21 00 05 00 00 00 1b 00 01 00 01 00 1b 00,bb 80 34 25 e6 01 df 61 df 61 1b 1b 30 1e 73 26 37 e4 1f e6 01 3f 1d 1f 2a 1f 1c 61 2f a0 59 21 38 33 1b 27 1e 73 26 37
31/S3031.DAT,0x48108,0x4810A,0x4810A,0x48128,0x48128,0x19,30,30,1,0x48102,high,none,,00 00 21 00 05 00 00 00 1b 00 01 00 01 00 1b 00,bb 80 34 25 e6 01 dd 2b de 44 28 2e 1c de 2a de 44 30 38 5f 34 47 62 31 2a dd 8c 43 32 22
31/S3031.DAT,0x48158,0x4815A,0x4815A,0x48184,0x48184,0x19,42,42,2,0x48152,high,none,,00 00 21 00 05 00 00 00 1b 00 01 00 01 00 1b 00,bb 80 34 25 e6 01 41 2e 30 24 41 1c 61 36 40 33 2f dd 33 29 21 e6 01 5f 34 47 62 31 2f dd 83 1e 21 1b 1f 35 44 27 1e 73 26 37
31/S3031.DAT,0x481B4,0x481B6,0x481B6,0x481E3,0x481E3,0x19,45,45,1,0x481AE,high,none,,00 00 00 21 00 05 00 00 00 1b 00 01 00 01 00 1b,bb 80 34 25 e6 01 2e 1c 3f 1f 39 1c 5f 34 47 62 31 38 dd 83 59 1d 1b 3d 26 30 28 24 dd 10 23 28 36 26 21 1b 74 49 27 59 2d 20 33 1d 37
31/S3031.DAT,0x48244,0x48246,0x48246,0x48270,0x48270,0x19,42,42,2,0x4823E,high,none,,00 00 21 00 05 00 00 00 1b 00 01 00 01 00 1b 00,bb 80 34 25 e6 01 2e 1c c4 83 2a 24 63 89 2f a0 de 4a 1e 1f 1b 41 26 35 37 e6 01 3b 27 46 2a dd 82 74 1e 21 3b a0 59 1e 55 37
31/S3031.DAT,0x482A0,0x482A2,0x482A2,0x482C7,0x482C7,0x19,37,37,2,0x4829A,high,none,,00 00 00 21 00 05 00 00 00 1b 00 01 00 01 00 1b,bb 80 34 25 e6 01 38 1e 38 1c 7a 2a 3f 29 1f 33 8e 50 7a 35 6a 37 e6 01 dd 11 1e 21 3b dd 1e 39 2b 22 1c 35 37
31/S3031.DAT,0x48306,0x48308,0x48308,0x48339,0x48339,0x19,49,49,3,0x48300,high,none,,00 00 00 21 00 05 00 00 00 1b 00 01 00 01 00 1b,bb 80 34 25 e6 01 6d 1d 3a 2d 2f e6 01 5b 53 dd a0 7f 1c dd 10 5a 24 5b dd 60 34 af 57 1c df 34 5a e6 01 1c 13 20 c2 23 dd e3 dd 81 3a 59 27 2b
31/S3031.DAT,0x4836A,0x4836C,0x4836C,0x4838A,0x4838A,0x19,30,30,2,0x48364,high,none,,00 00 21 00 05 00 00 00 1b 00 01 00 01 00 1b 00,bb 80 34 25 e6 01 27 8c 28 24 41 2e 1c 5f 34 47 62 31 36 e6 01 63 29 21 6d 21 70 3a 1b 37
31/S3031.DAT,0x483BA,0x483BC,0x483BC,0x483DD,0x483DD,0x19,33,33,2,0x483B4,high,none,,00 00 00 21 00 05 00 00 00 1b 00 01 00 01 00 1b,bb 80 34 25 e6 01 41 32 30 28 24 2b 58 33 1e 1b 63 dd 1f 2f de 17 98 1e 21 e6 01 3b 39 27 2b 6a 37
31/S3031.DAT,0x4841C,0x4841E,0x4841E,0x4842B,0x4842B,0x19,13,13,1,0x48416,high,none,,00 00 00 21 00 05 00 00 00 1b 00 01 00 01 00 1b,bb 80 34 25 e6 01 3b dd e4 32 1e 55 37
31/S3032.DAT,0x4794A,0x4794C,0x4794E,0x47962,0x47962,0x17,22,20,0,0x47944,high,control_0100,01 00,00 00 21 00 05 00 00 00 1b 00 01 00 01 00 1b 00,01 00 2e 32 30 38 26 96 dd 0d df 5c 1b 30 44 1d 1b 30 1e 73 26 3c
31/S3032.DAT,0x47992,0x47994,0x47994,0x479BC,0x479BC,0x19,40,40,2,0x4798C,high,none,,00 00 21 00 05 00 00 00 1b 00 01 00 01 00 1b 00,bb 80 34 25 e6 01 43 20 39 27 1e 1f 37 e6 01 dd 10 27 30 1c de 22 de 0e 1c dd 43 de 0e 2f dd b0 dd e1 1e 27 1e 73 26 37
31/S3032.DAT,0x479EC,0x479EE,0x479EE,0x47A0E,0x47A0E,0x19,32,32,2,0x479E6,high,none,,00 00 21 00 05 00 00 00 1b 00 01 00 01 00 1b 00,bb 80 34 25 e6 01 1f 35 1e 24 3f 41 2e 28 e6 01 be dd 06 30 38 87 2f 40 1b 21 1b 22 89 c2 35 37
31/S3032.DAT,0x47A3E,0x47A40,0x47A40,0x47A62,0x47A62,0x19,34,34,2,0x47A38,high,none,,00 00 21 00 05 00 00 00 1b 00 01 00 01 00 1b 00,bb 80 34 25 e6 01 38 1e 38 1c 7a 2a 3f 29 21 38 e6 01 be dd 06 28 df 2c de c2 2f 38 4b 27 59 2d 6a 37
31/S3032.DAT,0x47B60,0x47B62,0x47B62,0x47B87,0x47B87,0x19,37,37,2,0x47B5A,high,none,,00 00 00 21 00 05 00 00 00 1b 00 01 00 01 00 1b,bb 80 34 25 e6 01 96 dd 0d 35 36 9f 29 21 1b 1f 2a e6 01 54 26 40 33 dd 07 dd ec 1c dd 47 7e 20 38 1e 32 2d 37
31/S3032.DAT,0x47BB8,0x47BBA,0x47BBA,0x47BD6,0x47BD6,0x19,28,28,1,0x47BB2,high,none,,00 00 21 00 05 00 00 00 1b 00 01 00 01 00 1b 00,bb 80 34 25 e6 01 c8 1c 26 4b 23 dd 5b de 27 1e 1f dd 05 26 2a 3d 3a 41 26 35 1d 37
31/S3032.DAT,0x47C3A,0x47C3C,0x47C3C,0x47C4F,0x47C4F,0x19,19,19,1,0x47C34,high,none,,00 00 00 21 00 05 00 00 00 1b 00 01 00 01 00 1b,5f 34 47 62 31 25 e6 01 85 23 3b 27 20 59 3e 35 3a 1b 37
31/S3032.DAT,0x47C8C,0x47C8E,0x47C8E,0x47CAA,0x47CAA,0x19,28,28,1,0x47C86,high,none,,00 00 21 00 05 00 00 00 1b 00 01 00 01 00 1b 00,bb 80 34 25 e6 01 3d 1e 24 3b ae 2a 40 45 33 2f dd 10 27 30 dd e3 dd 81 1e 21 40 32
31/S3032.DAT,0x47CDA,0x47CDC,0x47CDC,0x47CEF,0x47CEF,0x19,19,19,1,0x47CD4,high,none,,00 00 00 21 00 05 00 00 00 1b 00 01 00 01 00 1b,bb 80 34 25 e6 01 41 1e 21 dd 10 30 dd 5b de 27 1e 55 37
31/S3032.DAT,0x47D2C,0x47D2E,0x47D2E,0x47D3E,0x47D3E,0x19,16,16,1,0x47D26,high,none,,00 00 21 00 05 00 00 00 1b 00 01 00 01 00 1b 00,5f 34 47 62 31 25 e6 01 de 0d c6 1e 27 1e 1f 37
32/S3051.DAT,0x47210,0x47212,0x47212,0x4721F,0x4721F,0x17,13,13,0,,medium,none,,00 00 00 0e 00 2b 00 03 00 26 00 00 00 27 00 ff,28 00 0f 01 23 00 25 00 2c 01 20 00 25
32/S3051.DAT,0x4740C,0x4740E,0x4740E,0x4741B,0x4741B,0x17,13,13,0,,medium,none,,00 00 00 0e 00 2b 00 03 00 26 00 00 00 27 00 ff,28 00 0d 02 23 00 25 00 2a 02 20 00 25
32/S3051.DAT,0x47D8A,0x47D8C,0x47D8E,0x47D95,0x47D95,0x17,9,7,0,,medium,control_0100,01 00,00 00 00 0e 00 2b 00 03 00 26 00 00 00 27 00 ff,01 00 25 00 1a 00 1e 00 25
32/S3051.DAT,0x48D60,0x48D62,0x48D62,0x48D7E,0x48D7E,0x19,28,28,1,0x48D5A,high,none,,00 00 21 00 05 00 00 00 1b 00 01 00 00 00 1b 00,66 68 25 e6 01 2e 2e 20 33 28 5f 34 47 62 31 2a 56 22 de 18 de 40 1d 89 c2 30 2b 37
32/S3051.DAT,0x48DAE,0x48DB0,0x48DB0,0x48DC3,0x48DC3,0x19,19,19,1,0x48DA8,high,none,,00 00 00 21 00 05 00 00 00 1b 00 01 00 00 00 1b,66 68 25 e6 01 de 88 32 8c 45 1b 21 9a 21 3e 35 3a 1b 37
32/S3061.DAT,0x478D2,0x478D4,0x478D6,0x478E1,0x478E1,0x17,13,11,0,0x478CC,high,control_0100,01 00,00 00 00 21 00 05 00 00 00 1b 00 01 00 00 00 1b,01 00 1d 2d 21 44 32 1b 1d c2 1d 1c 37
32/S3061.DAT,0x4795C,0x4795E,0x4795E,0x4798F,0x4798F,0x19,49,49,2,0x47956,high,none,,00 00 00 21 00 05 00 00 00 1b 00 01 00 00 00 1b,20 45 21 28 dd 10 dd 08 dd 25 2a 2e 2e 36 dd 82 4a 30 1e 1f 37 e6 01 3f 1d 1f 1f 4b 52 88 2a 24 3f 1c 3d 26 23 1e 21 e6 01 1e 27 29 1f 1c 30 2b
32/S3061.DAT,0x47A9A,0x47A9C,0x47A9C,0x47AB0,0x47AB0,0x19,20,20,1,0x47A94,high,none,,00 00 21 00 05 00 00 00 1b 00 01 00 00 00 1b 00,b4 6d 1c 4d 4f 25 e6 01 27 29 21 1b 27 1e 1f 3d 42 31 4e 37
32/S3061.DAT,0x47B1A,0x47B1C,0x47B1C,0x47B46,0x47B46,0x19,42,42,1,0x47B14,high,none,,00 00 21 00 05 00 00 00 1b 00 01 00 00 00 1b 00,b4 6d 1c 4d 4f 25 e6 01 41 26 24 13 11 da ae 3f 1d 1f 1c 3b b7 3a 2d 2f dd 31 49 21 20 33 24 8c 26 29 36 2e 1c dd 74 2f 4c 37
32/S3061.DAT,0x47BB2,0x47BB4,0x47BB4,0x47BE4,0x47BE4,0x19,48,48,3,0x47BAC,high,none,,00 00 21 00 05 00 00 00 1b 00 01 00 00 00 1b 00,b4 6d 1c 4d 4f 25 e6 01 41 26 24 47 78 6b 42 1c de e7 dd a9 96 35 29 1f e6 01 dd 14 60 ab 42 5d 96 24 e4 29 e6 01 3f 1d 1f 1c 3b b7 3a 2d 3d 37
32/S3061.DAT,0x47C14,0x47C16,0x47C18,0x47C39,0x47C39,0x17,35,33,2,0x47C0E,high,control_0100,01 00,00 00 00 21 00 05 00 00 00 1b 00 01 00 00 00 1b,01 00 46 31 02 02 e4 1f e6 01 42 31 4e 1c 3b b7 3a 2d 2a 24 e6 01 5d cb 35 29 1f 20 38 1e 32 1d 1b 1c 3c
32/S3061.DAT,0x47CAE,0x47CB0,0x47CB0,0x47CE0,0x47CE0,0x19,48,48,2,0x47CA8,high,none,,00 00 21 00 05 00 00 00 1b 00 01 00 00 00 1b 00,b4 6d 1c 4d 4f 25 e6 01 dd 14 60 ab 42 28 24 2e 1c 5e 30 dd 7a 3a 32 20 49 1f 1c 24 e6 01 dd 2a 1c 5e 5d 30 3f 22 36 1b 26 dd e5 dd e6 30 4c 37
32/S3061.DAT,0x47D10,0x47D12,0x47D12,0x47D3A,0x47D3A,0x19,40,40,1,0x47D0A,high,none,,00 00 21 00 05 00 00 00 1b 00 01 00 00 00 1b 00,b4 6d 1c 4d 4f 25 e6 01 7d 54 1b de 6a 2f 3b 29 21 2e 1c dd 10 23 dd d0 9c dd 5d 2d 35 dd 73 2f 85 2a dd 31 49 1f 1c 37
32/S3061.DAT,0x47D6A,0x47D6C,0x47D6C,0x47DA7,0x47DA7,0x19,59,59,2,0x47D64,high,none,,00 00 00 21 00 05 00 00 00 1b 00 01 00 00 00 1b,b4 6d 1c 4d 4f 25 e6 01 36 2e 55 2a 24 dd e2 df 39 09 1b 1e 44 0a 2f dd 29 39 d9 1e 1f e6 01 dd 14 60 ab 42 1c de 13 20 33 56 1f 1c 28 24 dd 22
32/S3061.DAT,0x47DD8,0x47DDA,0x47DDA,0x47DFB,0x47DFB,0x19,33,33,2,0x47DD2,high,none,,00 00 00 21 00 05 00 00 00 1b 00 01 00 00 00 1b,b4 6d 1c 4d 4f 25 e6 01 dd 73 28 52 88 dd 82 68 1c dd 54 1b 23 e6 01 45 20 32 21 1b 1f 1c 30 2b 37
32/S3061.DAT,0x47E2C,0x47E2E,0x47E2E,0x47E67,0x47E67,0x19,57,57,3,0x47E26,high,none,,00 00 00 21 00 05 00 00 00 1b 00 01 00 00 00 1b,b4 6d 1c 4d 4f 25 e6 01 41 1e 21 27 1f 24 41 32 23 3d 29 21 2e 1c ce dd 12 2a e6 01 dd 62 dd 9f 09 28 20 1b 0a 3a 32 21 dd 04 3e 7a 23 de d4 dd
32/S3061.DAT,0x47EEC,0x47EEE,0x47EEE,0x47F14,0x47F14,0x19,38,38,2,0x47EE6,high,none,,00 00 21 00 05 00 00 00 1b 00 01 00 00 00 1b 00,b4 6d 1c 4d 4f 25 e6 01 52 28 24 a4 33 2f 2e 1c ce dd 12 1c de 10 dd 7f 7e 36 e6 01 9f 1b dd 5d 2d 30 1b 27 2b 37
32/S3061.DAT,0x47F44,0x47F46,0x47F46,0x47F7A,0x47F7A,0x19,52,52,1,0x47F3E,high,none,,00 00 21 00 05 00 00 00 1b 00 01 00 00 00 1b 00,b4 6d 1c 4d 4f 25 e6 01 2e 1c ce dd 12 23 dd 1c 27 32 24 de 58 dd 92 2f de c9 44 df 55 46 22 1c 2f dd 42 1f 39 ae 1c 2e 36 35 36 9f 29 21 1b 22
32/S3061.DAT,0x47FAA,0x47FAC,0x47FAC,0x47FD3,0x47FD3,0x19,39,39,1,0x47FA4,high,none,,00 00 00 21 00 05 00 00 00 1b 00 01 00 00 00 1b,b4 6d 1c 4d 4f 25 e6 01 41 1e 21 24 ce dd 12 2f a4 33 1c dd 24 dd 50 1c 27 27 23 dd 62 dd 9f 1e dd 5b 51 27 1e 1f 37
32/S3061.DAT,0x48072,0x48074,0x48074,0x480B9,0x480B9,0x19,69,69,2,0x4806C,high,none,,00 00 00 21 00 05 00 00 00 1b 00 01 00 00 00 1b,b4 6d 1c 4d 4f 25 e6 01 dd 14 60 ab 42 38 dd 82 4a 7a 2f 91 1b 27 1e 1f 37 e6 01 30 2b 20 33 24 85 28 dd 73 23 dd 2b c3 1c de f5 dd 50 09 44 d2
32/S3061.DAT,0x480EA,0x480EC,0x480EC,0x48104,0x48104,0x19,24,24,1,0x480E4,high,none,,00 00 21 00 05 00 00 00 1b 00 01 00 00 00 1b 00,b4 6d 1c 4d 4f 25 e6 01 52 1c dd 93 9a 2f dd 6f 3e 3a 1d 1b 1f 51 1c 37
32/S3061.DAT,0x48134,0x48136,0x48136,0x4815B,0x4815B,0x19,37,37,1,0x4812E,high,none,,00 00 00 21 00 05 00 00 00 1b 00 01 00 00 00 1b,b4 6d 1c 4d 4f 25 e6 01 41 1e 21 24 dd 73 28 41 1c bc dd b6 2f 3f 1d 1f 23 1f 3e 1e 21 63 29 21 1b 22 1c 30 2b
32/S3061.DAT,0x481DC,0x481DE,0x481DE,0x48204,0x48204,0x19,38,38,1,0x481D6,high,none,,00 00 21 00 05 00 00 00 1b 00 01 00 00 00 1b 00,b4 6d 1c 4d 4f 25 e6 01 3f 1d 1f 2a 24 6e 2f 1e 1d 3e 21 28 1d 33 1d 1b 20 28 24 3f 1d 1f 2a 9d 51 22 7a 30 2b 37
32/S3061.DAT,0x48234,0x48236,0x48236,0x48260,0x48260,0x19,42,42,2,0x4822E,high,none,,00 00 21 00 05 00 00 00 1b 00 01 00 00 00 1b 00,b4 6d 1c 4d 4f 25 e6 01 3f 1d 1f 2a 6e 2f a0 21 24 54 26 74 dc 2b 22 20 2a e6 01 52 dd a3 1c dd 37 cc 2f dd 15 46 22 1c 30 2b
32/S3061.DAT,0x48290,0x48292,0x48292,0x482CB,0x482CB,0x19,57,57,3,0x4828A,high,none,,00 00 00 21 00 05 00 00 00 1b 00 01 00 00 00 1b,b4 6d 1c 4d 4f 25 e6 01 2e 32 2f dd 68 49 dd 29 39 1d 3a 1b 37 e6 01 3f 1d 1f 23 dd bc 1e 21 dd 05 1e 1b 36 e6 01 dd 14 60 ab 42 20 33 3f 8c 20
32/S3061.DAT,0x48300,0x48302,0x48302,0x48312,0x48312,0x19,16,16,0,0x482FA,high,none,,00 00 21 00 05 00 00 00 1b 00 01 00 00 00 1b 00,5b dd 47 7e 1c de 0c 1e 5a 2f 87 23 86 32 1f 37
32/S3061.DAT,0x48342,0x48344,0x48344,0x48364,0x48364,0x19,32,32,2,0x4833C,high,none,,00 00 21 00 05 00 00 00 1b 00 01 00 00 00 1b 00,b4 6d 1c 4d 4f 25 e6 01 3a 3f 24 e6 01 47 78 6b 42 1c 5c 71 dd 39 dd 03 53 23 d9 39 1d 3a 1b 37
32/S3061.DAT,0x48394,0x48396,0x48396,0x483BD,0x483BD,0x19,39,39,1,0x4838E,high,none,,00 00 00 21 00 05 00 00 00 1b 00 01 00 00 00 1b,b4 6d 1c 4d 4f 25 e6 01 3f 1d 1f 1c 3b b7 3a 2d 2a 24 dd 52 de 92 09 6d 4b 1e 22 dd 35 0a 2f de 6f 2b 30 1e 73 26 37
32/S3061.DAT,0x484CA,0x484CC,0x484CE,0x484DA,0x484DA,0x17,14,12,0,0x484C4,high,control_0100,01 00,00 00 21 00 05 00 00 00 1b 00 01 00 00 00 1b 00,01 00 47 78 6b 42 23 d9 39 27 1e 73 26 37
32/S3061.DAT,0x4850A,0x4850C,0x4850E,0x48525,0x48525,0x17,25,23,1,0x48504,high,control_0100,01 00,00 00 00 21 00 05 00 00 00 1b 00 01 00 00 00 1b,01 00 3b b7 3a 2d 2a dd 1c 44 21 1b 32 58 24 e6 01 44 29 36 7b 46 22 3d 37
32/S3061.DAT,0x48556,0x48558,0x48558,0x48571,0x48571,0x17,25,25,1,0x48550,high,none,,00 00 00 21 00 05 00 00 00 1b 00 01 00 00 00 1b,03 00 30 38 24 6e 20 50 dd 15 1d b0 23 1d 29 21 e6 01 9a 4b 48 29 1f 4c 37
32/S3062.DAT,0x47D38,0x47D3A,0x47D3A,0x47D60,0x47D60,0x19,38,38,1,0x47D32,high,none,,00 00 21 00 05 00 00 00 1b 00 01 00 00 00 1b 00,b4 6d 1c 4d 4f 25 e6 01 3f 1d 1f 2a 24 6e 2f 1e 1d 3e 21 28 1d 33 1d 1b 20 28 24 3f 1d 1f 2a 9d 51 22 7a 30 2b 37
32/S3062.DAT,0x47D90,0x47D92,0x47D92,0x47DBB,0x47DBB,0x19,41,41,1,0x47D8A,high,none,,00 00 00 21 00 05 00 00 00 1b 00 01 00 00 00 1b,b4 6d 1c 4d 4f 25 e6 01 3f 1d 1f 2a 6e 2f a0 21 24 54 26 74 dc 2b 22 20 2a 52 dd a3 1c dd 37 cc 2f dd 15 46 22 1c 30 2b 37
32/S3062.DAT,0x47DEC,0x47DEE,0x47DEE,0x47E15,0x47E15,0x19,39,39,1,0x47DE6,high,none,,00 00 00 21 00 05 00 00 00 1b 00 01 00 00 00 1b,b4 6d 1c 4d 4f 25 e6 01 2e 32 20 33 dd c4 2e 22 2e 36 2f a0 24 d3 44 24 41 1e 21 dd 8b 46 21 74 dc 2b 22 1c 30 2b 37
32/S3062.DAT,0x47E46,0x47E48,0x47E48,0x47E63,0x47E63,0x19,27,27,1,0x47E40,high,none,,00 00 00 21 00 05 00 00 00 1b 00 01 00 00 00 1b,b4 6d 1c 4d 4f 25 e6 01 3a a1 24 5c 71 dd 39 dd 03 53 8a dd 01 20 1b 1d 3a 1b 37
32/S3062.DAT,0x47E98,0x47E9A,0x47E9A,0x47EA9,0x47EA9,0x19,15,15,0,0x47E92,high,none,,00 00 00 21 00 05 00 00 00 1b 00 01 00 00 00 1b,5b df 0b dd 80 dd 58 5a 2f 87 23 86 32 1f 37
32/S3063.DAT,0x47D28,0x47D2A,0x47D2A,0x47D55,0x47D55,0x19,43,43,2,0x47D22,high,none,,00 00 00 21 00 05 00 00 00 1b 00 01 00 00 00 1b,b4 6d 1c 4d 4f 25 e6 01 dd 0c 1c 4d 4f 28 16 50 4d 4f 1c 1d 20 30 38 e6 01 8e de 2c 52 88 23 dd e5 dd 34 1c 3f 22 4d 4f 30 2b 37
32/S3063.DAT,0x47D86,0x47D88,0x47D88,0x47DB1,0x47DB1,0x19,41,41,2,0x47D80,high,none,,00 00 00 21 00 05 00 00 00 1b 00 01 00 00 00 1b,b4 6d 1c 4d 4f 25 e6 01 dd 73 28 24 3f 41 2e 30 24 3f 1d 1f 2a 1f 1c de 23 de 3a 2f e6 01 a0 dd 9b 49 21 1b 1f 1c 30 2b 37
32/S3063.DAT,0x47DE2,0x47DE4,0x47DE4,0x47E05,0x47E05,0x19,33,33,1,0x47DDC,high,none,,00 00 00 21 00 05 00 00 00 1b 00 01 00 00 00 1b,b4 6d 1c 4d 4f 25 e6 01 dd 48 32 33 32 21 38 24 e4 3d 36 4a 2e 51 33 32 21 38 df 61 df 61 37 e4 3d
32/S3063.DAT,0x47E36,0x47E38,0x47E38,0x47E5A,0x47E5A,0x19,34,34,2,0x47E30,high,none,,00 00 21 00 05 00 00 00 1b 00 01 00 00 00 1b 00,b4 6d 1c 4d 4f 25 e6 01 dd 73 1c 91 dd 61 2f 24 3d 3e 20 6d 1e 51 21 e6 01 74 dc 2b 22 1c 30 2b 3d 37
32/S3063.DAT,0x47E92,0x47E94,0x47E94,0x47EAF,0x47EAF,0x19,27,27,1,0x47E8C,high,none,,00 00 00 21 00 05 00 00 00 1b 00 01 00 00 00 1b,b4 6d 1c 4d 4f 25 e6 01 3a a1 24 80 6f 65 60 31 dd c7 8a dd 01 20 1b 1d 3a 1b 37
32/S3063.DAT,0x47EE4,0x47EE6,0x47EE6,0x47EF5,0x47EF5,0x19,15,15,0,0x47EDE,high,none,,00 00 00 21 00 05 00 00 00 1b 00 01 00 00 00 1b,5b df 0b dd 80 dd 58 5a 2f 87 23 86 32 1f 37
32/S3064.DAT,0x47D28,0x47D2A,0x47D2A,0x47D4B,0x47D4B,0x19,33,33,1,0x47D22,high,none,,00 00 00 21 00 05 00 00 00 1b 00 01 00 00 00 1b,b4 6d 1c 4d 4f 25 e6 01 dd 08 21 1c 38 1c 28 a4 b2 83 35 49 1c 38 1c 35 36 1b 26 a9 dd 09 4b 2a 24
32/S3064.DAT,0x47D7C,0x47D7E,0x47D7E,0x47D9C,0x47D9C,0x19,30,30,1,0x47D76,high,none,,00 00 21 00 05 00 00 00 1b 00 01 00 00 00 1b 00,b4 6d 1c 4d 4f 25 e6 01 df 2f 23 28 dd 54 1b 23 3d 22 dd 76 1b 3f 1b 2f dd 1c 6d 27 2b 37
32/S3064.DAT,0x47DCC,0x47DCE,0x47DCE,0x47DEC,0x47DEC,0x19,30,30,1,0x47DC6,high,none,,00 00 21 00 05 00 00 00 1b 00 01 00 00 00 1b 00,b4 6d 1c 4d 4f 25 e6 01 de c6 1c 4d 4f 1c 91 dd 61 2f 24 dd 48 32 1d 1b 30 3e 35 3a 1b 37
32/S3064.DAT,0x47E20,0x47E22,0x47E22,0x47E31,0x47E31,0x19,15,15,0,0x47E1A,high,none,,00 00 00 21 00 05 00 00 00 1b 00 01 00 00 00 1b,5b df 0b dd 80 dd 58 5a 2f 87 23 86 32 1f 37
32/S3065.DAT,0x47D28,0x47D2A,0x47D2A,0x47D60,0x47D60,0x19,54,54,3,0x47D22,high,none,,00 00 21 00 05 00 00 00 1b 00 01 00 00 00 1b 00,b4 6d 1c 4d 4f 25 e6 01 dd 74 1c dd 0c 38 3f 51 38 24 41 1e 21 24 c1 38 e6 01 2b dd 35 21 dd e5 dd e6 2a 3f 29 21 e6 01 c8 1c 3d 26 23 1d 29 21
32/S3065.DAT,0x47D90,0x47D92,0x47D92,0x47DCC,0x47DCC,0x19,58,58,1,0x47D8A,high,none,,00 00 21 00 05 00 00 00 1b 00 01 00 00 00 1b 00,b4 6d 1c 4d 4f 25 e6 01 52 23 de 98 dd ac 2a 3d 3e 21 38 dd 08 21 1c dd 1c 44 dd 49 23 28 3f 21 28 27 33 1d 1b 37 c1 1c 4d 4f 28 41 1c 7a 2f 91
32/S3065.DAT,0x47E00,0x47E02,0x47E02,0x47E11,0x47E11,0x19,15,15,0,0x47DFA,high,none,,00 00 00 21 00 05 00 00 00 1b 00 01 00 00 00 1b,5b df 0b dd 80 dd 58 5a 2f 87 23 86 32 1f 37
32/S3066.DAT,0x47D28,0x47D2A,0x47D2A,0x47D6F,0x47D6F,0x19,69,69,3,0x47D22,high,none,,00 00 00 21 00 05 00 00 00 1b 00 01 00 00 00 1b,b4 6d 1c 4d 4f 25 e6 01 2e 1c dd 10 38 24 42 6b af 31 60 d6 1c de 3d de 2d 38 e6 01 8e dd 20 de 90 32 21 1e 27 29 1f a4 dd d6 1c af 57 34 47 28
32/S3066.DAT,0x47DA0,0x47DA2,0x47DA2,0x47DD0,0x47DD0,0x19,46,46,3,0x47D9A,high,none,,00 00 21 00 05 00 00 00 1b 00 01 00 00 00 1b 00,b4 6d 1c 4d 4f 25 e6 01 41 1e 21 24 41 1c 7e 1c 96 dd 0d 28 e6 01 d4 1b cf 88 2f dd de 21 e6 01 41 1c de 72 1c 3b 38 3a 2f c6 39 27 2b 37
32/S3066.DAT,0x47E00,0x47E02,0x47E02,0x47E18,0x47E18,0x19,22,22,1,0x47DFA,high,none,,00 00 21 00 05 00 00 00 1b 00 01 00 00 00 1b 00,b4 6d 1c 4d 4f 25 e6 01 30 38 24 41 32 30 28 3b 41 1b 1c 30 2b 37
32/S3066.DAT,0x47E48,0x47E4A,0x47E4A,0x47E7C,0x47E7C,0x19,50,50,3,0x47E42,high,none,,00 00 21 00 05 00 00 00 1b 00 01 00 00 00 1b 00,b4 6d 1c 4d 4f 25 e6 01 42 6b af 31 60 d6 1c 20 43 1b 1f de c6 90 36 e6 01 b8 1c 4d 4f 1c 91 dd 61 2f e6 01 dd 11 23 36 51 21 3b 1b 21 3e 35 3a
32/S3066.DAT,0x47EB0,0x47EB2,0x47EB2,0x47EC1,0x47EC1,0x19,15,15,0,0x47EAA,high,none,,00 00 00 21 00 05 00 00 00 1b 00 01 00 00 00 1b,5b df 0b dd 80 dd 58 5a 2f 87 23 86 32 1f 37
32/S3067.DAT,0x47D28,0x47D2A,0x47D2A,0x47D54,0x47D54,0x19,42,42,2,0x47D22,high,none,,00 00 21 00 05 00 00 00 1b 00 01 00 00 00 1b 00,b4 6d 1c 4d 4f 25 e6 01 dd 1c 44 22 7e dd 08 21 28 e6 01 dd 23 dd c6 53 dd b6 31 2f a4 b2 1c dd 64 23 dd 09 29 21 1b 27 2b 37
32/S3067.DAT,0x47D84,0x47D86,0x47D86,0x47DBF,0x47DBF,0x19,57,57,3,0x47D7E,high,none,,00 00 00 21 00 05 00 00 00 1b 00 01 00 00 00 1b,b4 6d 1c 4d 4f 25 e6 01 1e 20 1e 24 52 28 cf 23 28 a4 dd d6 20 33 e6 01 cf 23 28 52 20 33 38 dd 76 1b dd 29 39 e6 01 a4 b2 1c dd 23 dd c6 53 dd
32/S3067.DAT,0x47DF0,0x47DF2,0x47DF2,0x47E13,0x47E13,0x19,33,33,2,0x47DEA,high,none,,00 00 00 21 00 05 00 00 00 1b 00 01 00 00 00 1b,b4 6d 1c 4d 4f 25 e6 01 dd 23 dd c6 53 dd b6 31 28 e6 01 2e 1c ce dd 12 2f 27 43 29 21 1b 27 2b 37
32/S3067.DAT,0x47E44,0x47E46,0x47E46,0x47E69,0x47E69,0x19,35,35,2,0x47E3E,high,none,,00 00 00 21 00 05 00 00 00 1b 00 01 00 00 00 1b,b4 6d 1c 4d 4f 25 e6 01 dd d3 20 35 49 2a dd 76 1b e6 01 7d 36 39 4a 51 1e 21 28 1d 33 1d 1b 1c 30 2b 37
32/S3067.DAT,0x47E9A,0x47E9C,0x47E9C,0x47EC0,0x47EC0,0x19,36,36,2,0x47E94,high,none,,00 00 21 00 05 00 00 00 1b 00 01 00 00 00 1b 00,b4 6d 1c 4d 4f 25 e6 01 bf 1c 4d 4f 1c de 39 23 de 87 1e 1f e6 01 3f 1d 1f 83 23 28 43 20 22 28 8c 30 2b 37
32/S3067.DAT,0x47EF4,0x47EF6,0x47EF6,0x47F05,0x47F05,0x19,15,15,0,0x47EEE,high,none,,00 00 00 21 00 05 00 00 00 1b 00 01 00 00 00 1b,5b df 0b dd 80 dd 58 5a 2f 87 23 86 32 1f 37
32/S3068.DAT,0x47E1E,0x47E20,0x47E20,0x47E44,0x47E44,0x19,36,36,2,0x47E18,high,none,,00 00 21 00 05 00 00 00 1b 00 01 00 00 00 1b 00,b4 6d 1c 4d 4f 25 e6 01 3d 3e 1b 27 27 30 85 1c 91 dd 61 23 e6 01 de a6 2f 20 1f b5 49 21 3e 32 27 1e 1f 37
32/S3068.DAT,0x47E74,0x47E76,0x47E76,0x47E98,0x47E98,0x19,34,34,2,0x47E6E,high,none,,00 00 21 00 05 00 00 00 1b 00 01 00 00 00 1b 00,b4 6d 1c 4d 4f 25 e6 01 3f 1d 1f 83 1d 33 58 e6 01 52 88 2f de 03 3e 2e 36 2a 30 44 22 30 1e 73 26 37
32/S3068.DAT,0x47EE6,0x47EE8,0x47EE8,0x47EFF,0x47EFF,0x19,23,23,1,0x47EE0,high,none,,00 00 00 21 00 05 00 00 00 1b 00 01 00 00 00 1b,b4 6d 1c 4d 4f 25 e6 01 3a a1 24 85 20 33 1c 3b 3e 39 dd 49 30 2b 37
32/S3068.DAT,0x47F38,0x47F3A,0x47F3A,0x47F54,0x47F54,0x19,26,26,1,0x47F32,high,none,,00 00 21 00 05 00 00 00 1b 00 01 00 00 00 1b 00,b4 6d 1c 4d 4f 25 e6 01 38 26 3f 1d 1f 83 23 b0 2b 2e 36 28 3f 39 27 59 2d 37
32/S3068.DAT,0x47F84,0x47F86,0x47F86,0x47FB5,0x47FB5,0x19,47,47,2,0x47F7E,high,none,,00 00 00 21 00 05 00 00 00 1b 00 01 00 00 00 1b,b4 6d 1c 4d 4f 25 e6 01 dd d7 2f dd 09 29 21 c6 29 1f dd de de 75 2f dd 1c 20 1e 21 e6 01 c7 1e 1b dd 52 2f 6d 45 49 21 dd bd 6d 1d 3a 1b 37
32/S3068.DAT,0x47FE6,0x47FE8,0x47FE8,0x47FFB,0x47FFB,0x19,19,19,1,0x47FE0,high,none,,00 00 00 21 00 05 00 00 00 1b 00 01 00 00 00 1b,b4 6d 1c 4d 4f 25 e6 01 85 28 1b 45 38 6d 21 1b 27 2b 37
32/S3068.DAT,0x48030,0x48032,0x48032,0x48041,0x48041,0x19,15,15,0,0x4802A,high,none,,00 00 00 21 00 05 00 00 00 1b 00 01 00 00 00 1b,5b df 0b dd 80 dd 58 5a 2f 87 23 86 32 1f 37
4/S4011.DAT,0x46A10,0x46A12,0x46A12,0x46A1F,0x46A1F,0x17,13,13,0,,medium,none,,00 00 00 0e 00 2b 00 03 00 26 00 00 00 27 00 ff,28 00 0f 01 23 00 25 00 2c 01 20 00 25
4/S4011.DAT,0x46C0C,0x46C0E,0x46C0E,0x46C1B,0x46C1B,0x17,13,13,0,,medium,none,,00 00 00 0e 00 2b 00 03 00 26 00 00 00 27 00 ff,28 00 0d 02 23 00 25 00 2a 02 20 00 25
4/S4011.DAT,0x4758A,0x4758C,0x4758E,0x47595,0x47595,0x17,9,7,0,,medium,control_0100,01 00,00 00 00 0e 00 2b 00 03 00 26 00 00 00 27 00 ff,01 00 25 00 1a 00 1e 00 25
4/S4011.DAT,0x48582,0x48584,0x48584,0x48594,0x48594,0x17,16,16,0,,medium,none,,00 00 21 00 00 00 01 00 a0 00 17 00 00 00 4b 73,03 00 90 70 de 21 28 2e 1c 70 1c dd b2 35 3d 37
4/S4011.DAT,0x485E6,0x485E8,0x485E8,0x48609,0x48609,0x19,33,33,2,0x485E0,high,none,,00 00 00 21 00 05 00 00 00 1b 00 01 00 00 00 1b,66 68 12 25 e6 01 50 5d 2a dd 2b 38 dd af e1 01 32 21 1b 1f 5e 36 28 e6 01 36 21 38 9f 46 2d 1d 37
4/S4011.DAT,0x4863A,0x4863C,0x4863C,0x48654,0x48654,0x19,24,24,1,0x48634,high,none,,00 00 21 00 05 00 00 00 1b 00 01 00 00 00 1b 00,66 68 13 25 e6 01 3f 3f 24 e4 1f 5d dd 5e 1c 61 38 dd a4 4b 21 1b 22 37
4/S4011.DAT,0x48684,0x48686,0x48686,0x486AE,0x486AE,0x19,40,40,2,0x4867E,high,none,,00 00 21 00 05 00 00 00 1b 00 01 00 00 00 1b 00,66 68 14 25 e6 01 2e 1c 27 27 1b 49 58 24 ad 83 2a 6e 38 1e 1d 3e 21 38 e6 01 dd 81 dd 25 20 33 3e 3a 29 21 1b 3e 3a 37
4/S4011.DAT,0x486DE,0x486E0,0x486E0,0x486F9,0x486F9,0x19,25,25,1,0x486D8,high,none,,00 00 00 21 00 05 00 00 00 1b 00 01 00 00 00 1b,66 68 12 25 e6 01 27 8c 24 a3 6f 34 60 42 1c 50 de d0 df 35 20 33 35 1d 37
4/S4011.DAT,0x48738,0x4873A,0x4873A,0x4874A,0x4874A,0x17,16,16,0,0x48732,high,none,,00 00 21 00 05 00 00 00 1b 00 01 00 00 00 1b 00,02 00 21 51 46 33 35 49 28 dd 04 22 3a 4c c0 02
4/S4011.DAT,0x4879A,0x4879C,0x4879C,0x487B5,0x487B5,0x19,25,25,1,0x48794,high,none,,00 00 00 21 00 05 00 00 00 1b 00 01 00 00 00 1b,66 68 12 25 e6 01 54 26 40 29 21 56 21 9a 1f 24 dd 22 23 6a 2e 1d 1b 2a 37
4/S4011.DAT,0x487E6,0x487E8,0x487E8,0x4880E,0x4880E,0x17,38,38,1,0x487E0,high,none,,00 00 21 00 05 00 00 00 1b 00 01 00 00 00 1b 00,02 00 21 51 46 33 1c 3d 26 1d e6 01 52 1c cc 2f 6e 36 38 9f 43 4c c0 bb df 01 dd 16 2f ca 29 dd 7a 2b 27 30 28 24
4/S4011.DAT,0x4883E,0x48840,0x48840,0x48855,0x48855,0x17,21,21,1,0x48838,high,none,,00 00 00 21 00 05 00 00 00 1b 00 01 00 00 00 1b,02 00 dd 7a 3a 32 22 43 49 23 28 e6 01 1b 20 4c c0 2d 35 3d 37
4/S4011.DAT,0x48886,0x48888,0x48888,0x488A9,0x488A9,0x19,33,33,2,0x48880,high,none,,00 00 00 21 00 05 00 00 00 1b 00 01 00 00 00 1b,66 68 13 25 e6 01 52 1c cc 3c e6 01 3b 27 46 dd 16 52 88 1c cf dd a8 28 38 26 dd 79 43 22 2d 35 37
4/S4011.DAT,0x488DA,0x488DC,0x488DC,0x48903,0x48903,0x17,39,39,1,0x488D4,high,none,,00 00 00 21 00 05 00 00 00 1b 00 01 00 00 00 1b,02 00 45 dd 35 2e dd 35 dd 4f 20 1e 21 22 2d 4a 48 4c c0 02 20 1f 29 75 1e 20 33 e6 01 ca 29 1f dd 5c 29 21 40 22 02
4/S4011.DAT,0x48934,0x48936,0x48936,0x48955,0x48955,0x19,31,31,2,0x4892E,high,none,,00 00 00 21 00 05 00 00 00 1b 00 01 00 00 00 1b,66 68 12 25 e6 01 3d 20 55 26 02 52 88 1c de 5a 61 3a 2f e6 01 9f 1b c6 33 59 21 40 55 26 37
4/S4011.DAT,0x4898A,0x4898C,0x4898C,0x48996,0x48996,0x17,10,10,0,0x48984,high,none,,00 00 21 00 05 00 00 00 1b 00 01 00 00 00 1b 00,02 00 dd 7c 49 dd 49 2a 29 02
4/S4011.DAT,0x48A20,0x48A22,0x48A22,0x48A29,0x48A29,0x17,7,7,0,0x48A1A,high,none,,00 00 00 21 00 05 00 00 00 1b 00 01 00 00 00 1b,02 00 26 9c c0 3f 37
4/S4011.DAT,0x48ABA,0x48ABC,0x48ABC,0x48ADF,0x48ADF,0x17,35,35,1,0x48AB4,high,none,,00 00 00 21 00 05 00 00 00 1b 00 01 00 00 00 1b,03 00 5f 34 47 62 31 dd 9a de 72 52 2c e4 0b 2c e4 0b 2c e4 0b e6 01 54 29 4b 2a dd 6c 1b 40 45 1d 1c 3c
4/S4011.DAT,0x48B16,0x48B18,0x48B1A,0x48B2B,0x48B2B,0x17,19,17,0,0x48B10,high,control_0100,01 00,00 00 00 21 00 05 00 00 00 1b 00 01 00 00 00 1b,01 00 dd ae 2a df 61 df 61 dd 0c 29 21 22 df 61 df 61 37
4/S4011.DAT,0x48B94,0x48B96,0x48B98,0x48BB8,0x48BB8,0x17,34,32,0,0x48B8E,high,control_0100,01 00,00 00 21 00 05 00 00 00 1b 00 01 00 00 00 1b 00,01 00 8e dd 9c 23 dd 07 43 22 38 1c 30 24 dd 47 7e 2f de 03 3e 61 2a 3f 22 36 91 43 32 21 1b 22 1c 37
4/S4011.DAT,0x48BE8,0x48BEA,0x48BEC,0x48C0F,0x48C0F,0x17,37,35,1,0x48BE2,high,control_0100,01 00,00 00 00 21 00 05 00 00 00 1b 00 01 00 00 00 1b,01 00 dd 73 23 38 4d 4f 09 59 1b 32 1b 0a 1c 61 2a e6 01 de 6d 09 40 54 0a 29 21 1b 22 6d 1f 1b df 61 df 61 37
4/S4011.DAT,0x48CD2,0x48CD4,0x48CD4,0x48D03,0x48D03,0x17,47,47,3,0x48CCC,high,none,,00 00 00 21 00 05 00 00 00 1b 00 01 00 00 00 1b,02 00 6e 35 20 c6 33 4c c0 2a e6 01 61 2a 6d 1d dd 7d 29 21 44 1f 37 e6 01 e4 29 38 26 21 51 46 33 23 dd cb 49 22 a9 2a e6 01 1e 1d 1b a7 02
4/S4011.DAT,0x48EC0,0x48EC2,0x48EC4,0x48ED9,0x48ED9,0x17,23,21,1,0x48EBA,high,control_0100,01 00,00 00 00 21 00 05 00 00 00 1b 00 01 00 00 00 1b,01 00 36 2e 55 30 3f 1d 1f 24 e6 01 54 26 1e 21 de 91 27 29 1f 1c 3c
4/S4011.DAT,0x48F20,0x48F22,0x48F22,0x48F31,0x48F31,0x17,15,15,0,0x48F1A,high,none,,00 00 00 21 00 05 00 00 00 1b 00 01 00 00 00 1b,02 00 3b 27 46 33 23 28 dd b1 de 78 1d 1b 37
4/S4011.DAT,0x48F68,0x48F6A,0x48F6A,0x48F7A,0x48F7A,0x17,16,16,0,0x48F62,high,none,,00 00 21 00 05 00 00 00 1b 00 01 00 00 00 1b 00,02 00 ad 23 28 dd b1 43 33 1d 1b c4 2a 1b 1b 37
4/S4011.DAT,0x48FBE,0x48FC0,0x48FC0,0x48FCF,0x48FCF,0x17,15,15,0,0x48FB8,high,none,,00 00 00 21 00 05 00 00 00 1b 00 01 00 00 00 1b,02 00 8e de 4b 24 dd 6e 2f 1b 29 36 3e a7 37
4/S4021.DAT,0x47990,0x47992,0x47992,0x479B2,0x479B2,0x19,32,32,2,0x4798A,high,none,,00 00 21 00 05 00 00 00 1b 00 01 00 00 00 1b 00,66 68 12 25 e6 01 a3 6f 34 60 42 44 29 21 1c dd 3e dd 11 df 0e 38 e6 01 dd 3d 27 3f 4c c0 1d 37
4/S4021.DAT,0x479E2,0x479E4,0x479E4,0x47A03,0x47A03,0x19,31,31,2,0x479DC,high,none,,00 00 00 21 00 05 00 00 00 1b 00 01 00 00 00 1b,66 68 13 25 e6 01 3b 36 1d 1e 3e 1e 21 3e 32 1f 2d 30 e6 01 de ff 34 5c dd 31 20 29 1f a7 37
4/S4021.DAT,0x47A34,0x47A36,0x47A36,0x47A3F,0x47A3F,0x17,9,9,0,0x47A2E,high,none,,00 00 00 21 00 05 00 00 00 1b 00 01 00 00 00 1b,02 00 ad 2f 54 26 2b 22 3c
4/S4021.DAT,0x47AAC,0x47AAE,0x47AAE,0x47AC7,0x47AC7,0x17,25,25,1,0x47AA6,high,none,,00 00 00 21 00 05 00 00 00 1b 00 01 00 00 00 1b,02 00 1b 29 1f 1b 3b ae dd 16 e6 01 2e 1c 5e 2f 54 26 2b 22 a9 1d 2d 35 37
4/S4021.DAT,0x47AF8,0x47AFA,0x47AFA,0x47B13,0x47B13,0x19,25,25,1,0x47AF2,high,none,,00 00 00 21 00 05 00 00 00 1b 00 01 00 00 00 1b,66 68 13 25 e6 01 de 1a dd d5 2b 22 1c 3a 24 e4 1f dd 67 6d 40 2b 3e 1d 37
4/S4021.DAT,0x47B4A,0x47B4C,0x47B4C,0x47B5A,0x47B5A,0x19,14,14,1,0x47B44,high,none,,00 00 21 00 05 00 00 00 1b 00 01 00 00 00 1b 00,66 68 13 25 e6 01 28 29 28 29 28 29 28 37
4/S4021.DAT,0x47B8A,0x47B8C,0x47B8C,0x47BAC,0x47BAC,0x17,32,32,2,0x47B84,high,none,,00 00 21 00 05 00 00 00 1b 00 01 00 00 00 1b 00,02 00 6e 2a de 1a dd d5 35 37 e6 01 dd 67 2d 30 22 52 88 2f 6e 35 36 e6 01 9f 29 21 40 2a 22 02
4/S4021.DAT,0x47BE2,0x47BE4,0x47BE4,0x47C00,0x47C00,0x19,28,28,2,0x47BDC,high,none,,00 00 21 00 05 00 00 00 1b 00 01 00 00 00 1b 00,66 68 12 25 e6 01 59 1b a7 1b dd 05 dd 3d 1b 21 32 58 1b 1b 3a e6 01 4a 48 3f 1d 37
4/S4022.DAT,0x35F30,0x35F32,0x35F32,0x35F5D,0x35F5D,0x19,43,43,0,,medium,none,,00 00 e5 19 00 21 d3 14 21 0f 30 1e 1f d1 ef b1,43 f3 33 32 33 23 20 13 30 13 50 10 52 e4 19 00 47 f1 34 00 04 22 31 32 33 22 f2 31 20 21 2a 00 24 00 42 b1 b7 63 5f 59 12 40 10
4/S4022.DAT,0x47984,0x47986,0x47986,0x4799B,0x4799B,0x19,21,21,1,0x4797E,high,none,,00 00 00 21 00 05 00 00 00 1b 00 01 00 01 00 1b,66 68 12 25 e6 01 3b 27 46 1c 3f 45 20 1b 2a 9d 27 29 1f 6a 37
4/S4022.DAT,0x479CC,0x479CE,0x479CE,0x479DA,0x479DA,0x19,12,12,1,0x479C6,high,none,,00 00 21 00 05 00 00 00 1b 00 01 00 01 00 1b 00,66 68 13 25 e6 01 dd 22 df 47 35 37
4/S4022.DAT,0x47A0A,0x47A0C,0x47A0C,0x47A34,0x47A34,0x19,40,40,1,0x47A04,high,none,,00 00 21 00 05 00 00 00 1b 00 01 00 01 00 1b 00,66 68 13 25 e6 01 50 8b 1c dd bd 51 21 1b 22 a3 6f 34 60 42 1c de 1a dd d5 de ac de 7f 23 1f 21 45 1b 1f de 72 30 1d 37
4/S4022.DAT,0x47A64,0x47A66,0x47A66,0x47A81,0x47A81,0x17,27,27,0,0x47A5E,high,none,,00 00 00 21 00 05 00 00 00 1b 00 01 00 01 00 1b,02 00 3b 27 46 33 24 dd 7e dd 87 35 49 28 dd 1e 29 21 3e 32 22 2d 35 55 26 1d 02
4/S4022.DAT,0x47AB2,0x47AB4,0x47AB4,0x47AC6,0x47AC6,0x19,18,18,1,0x47AAC,high,none,,00 00 21 00 05 00 00 00 1b 00 01 00 01 00 1b 00,66 68 12 25 e6 01 dd 7e dd 87 3c 1d 2d 35 41 39 48 3c
4/S4022.DAT,0x47AF6,0x47AF8,0x47AF8,0x47B1B,0x47B1B,0x17,35,35,2,0x47AF0,high,none,,00 00 00 21 00 05 00 00 00 1b 00 01 00 01 00 1b,02 00 dd d8 b2 36 dd d1 b2 54 38 1c cc 36 e6 01 dd b3 44 de cc 46 23 e6 01 ad 28 2e 26 1e 21 22 2d 35 37
4/S4022.DAT,0x47B4C,0x47B4E,0x47B4E,0x47B72,0x47B72,0x19,36,36,1,0x47B46,high,none,,00 00 21 00 05 00 00 00 1b 00 01 00 01 00 1b 00,66 68 12 25 e6 01 3f a1 24 3f 1c 3d d2 3d d2 1c 4a 1b 3a 2d 36 a6 dd c7 dd 6d 1c dd 88 84 dd c3 1c 7a 20 3c
4/S4022.DAT,0x47BF4,0x47BF6,0x47BF6,0x47C09,0x47C09,0x19,19,19,1,0x47BEE,high,none,,00 00 00 21 00 05 00 00 00 1b 00 01 00 01 00 1b,66 68 13 25 e6 01 1e 20 1e 24 3d 3e de c1 46 1f 1d a1 37
4/S4022.DAT,0x47C8C,0x47C8E,0x47C8E,0x47C9B,0x47C9B,0x17,13,13,0,0x47C86,high,none,,00 00 00 21 00 05 00 00 00 1b 00 01 00 01 00 1b,02 00 44 3a 27 33 a1 df 61 df 61 02 02
4/S4022.DAT,0x47CE8,0x47CEA,0x47CEA,0x47D02,0x47D02,0x19,24,24,1,0x47CE2,high,none,,00 00 21 00 05 00 00 00 1b 00 01 00 01 00 1b 00,66 68 12 25 e6 01 de 5d 29 1f c2 30 54 26 1e 3d 26 38 4c c0 35 55 26 37
4/S4022.DAT,0x47D98,0x47D9A,0x47D9A,0x47DB7,0x47DB7,0x19,29,29,2,0x47D92,high,none,,00 00 00 21 00 05 00 00 00 1b 00 01 00 01 00 1b,66 68 13 25 e6 01 41 32 27 30 59 1b a7 1b 24 e6 01 3e 40 1e 2a 29 21 22 2a 1b 1b 3a 37
4/S4022.DAT,0x47E1A,0x47E1C,0x47E1C,0x47E38,0x47E38,0x17,28,28,1,0x47E14,high,none,,00 00 21 00 05 00 00 00 1b 00 01 00 01 00 1b 00,02 00 dd d8 b2 df 61 df 61 df 61 37 e4 1f e6 01 dd d1 b2 1f 4b df 61 df 61 df 61 37
4/S4031.DAT,0x479E2,0x479E4,0x479E6,0x479FD,0x479FD,0x17,25,23,1,0x479DC,high,control_0100,01 00,00 00 00 21 00 05 00 00 00 1b 00 01 00 00 00 1b,01 00 42 31 4e 24 1d 23 2a df 61 df 61 e6 01 8e dd 2d 6e 2a df 61 df 61 3c
4/S4031.DAT,0x47A72,0x47A74,0x47A74,0x47A8B,0x47A8B,0x17,23,23,1,0x47A6C,high,none,,00 00 00 21 00 05 00 00 00 1b 00 01 00 00 00 1b,03 00 35 32 38 1b 1d 1b 37 e4 1f e6 01 38 dd 4f 49 1c bc 57 35 3d 37
4/S4031.DAT,0x47ABC,0x47ABE,0x47AC0,0x47AD4,0x47AD4,0x17,22,20,0,0x47AB6,high,control_0100,01 00,00 00 21 00 05 00 00 00 1b 00 01 00 00 00 1b 00,01 00 6e 20 36 29 21 38 50 44 1d 61 2a dc 1b 21 22 6d 1f 1b 4c 37
4/S4031.DAT,0x47B74,0x47B76,0x47B76,0x47B99,0x47B99,0x19,35,35,2,,medium+,none,,00 00 00 21 00 00 00 01 00 38 00 07 00 02 00 4c,dd 7f 83 52 25 e6 01 3f 2d 1f 2a 42 31 4e 3a 2d 3c e4 21 e6 01 3f 2d 1f 3f 21 1c 87 de 0f 35 3d 37 e4 41
4/S4031.DAT,0x47C84,0x47C86,0x47C86,0x47CAB,0x47CAB,0x19,37,37,1,0x47C7E,high,none,,00 00 00 21 00 05 00 00 00 1b 00 01 00 00 00 1b,3b 27 46 1c 26 43 3a 2a 85 1c 38 36 23 36 54 1b 1f 37 e6 01 3f 32 20 33 38 26 12 11 da 24 dd 21 1b 38 1c 35 37
4/S4031.DAT,0x47CDC,0x47CDE,0x47CDE,0x47D06,0x47D06,0x19,40,40,1,0x47CD6,high,none,,00 00 21 00 05 00 00 00 1b 00 01 00 00 00 1b 00,dd 3a 53 64 31 7c 1c 4d 4f 20 33 d3 1b 21 1b 22 35 55 26 e6 01 52 1c de 23 de 3a 2a dd 79 55 26 36 1e 21 1b 22 1c 35 37
4/S4031.DAT,0x47D36,0x47D38,0x47D38,0x47D60,0x47D60,0x19,40,40,1,0x47D30,high,none,,00 00 21 00 05 00 00 00 1b 00 01 00 00 00 1b 00,be dd 06 2f de 16 26 5b cd dd 1a 5a 28 47 78 6b 42 23 3f 22 37 e6 01 1e 20 1e 24 41 1c 61 2f 87 23 86 32 22 dd f6 23 28
4/S4031.DAT,0x47D90,0x47D92,0x47D92,0x47DBB,0x47DBB,0x19,41,41,1,0x47D8A,high,none,,00 00 00 21 00 05 00 00 00 1b 00 01 00 00 00 1b,2e 1c ce dd 12 2f de 42 dd ef 22 3a 27 dd 3d 27 1d 4d 4f 83 1c e6 01 de b8 dd 34 2f dd a7 1d 3e 21 28 1d 33 1d 1b 1c 35 37
4/S4031.DAT,0x47DEC,0x47DEE,0x47DEE,0x47E0E,0x47E0E,0x19,32,32,1,0x47DE6,high,none,,00 00 21 00 05 00 00 00 1b 00 01 00 00 00 1b 00,1e 20 1e dd 73 33 1c dd d4 3e 28 52 23 dd fe dd aa 33 32 e6 01 dd 11 2f 36 dd 3d 1e 21 1b 22 37
4/S4031.DAT,0x47E3E,0x47E40,0x47E40,0x47E5A,0x47E5A,0x19,26,26,0,0x47E38,high,none,,00 00 21 00 05 00 00 00 1b 00 01 00 00 00 1b 00,3b 27 46 23 28 24 4d 4f 2f dd 24 dd 50 23 6d 4b 1f 7e 83 20 33 de 16 1b 56 1e
4/S4031.DAT,0x47E8A,0x47E8C,0x47E8C,0x47EAB,0x47EAB,0x19,31,31,1,0x47E84,high,none,,00 00 00 21 00 05 00 00 00 1b 00 01 00 00 00 1b,4d 4f 23 38 26 8e dd 20 dd 11 2f dd e0 20 59 22 b6 ac 2f e6 01 dd 1f 1f 1e 21 dd 24 1e 1b 37
4/S4031.DAT,0x47EDC,0x47EDE,0x47EDE,0x47EFA,0x47EFA,0x19,28,28,1,0x47ED6,high,none,,00 00 21 00 05 00 00 00 1b 00 01 00 00 00 1b 00,de 19 20 23 85 28 8e dd 20 28 52 88 36 1b 26 38 1c 23 e6 01 dd dc dd 50 1e 1f 2a 24
4/S4031.DAT,0x47F2A,0x47F2C,0x47F2C,0x47F47,0x47F47,0x19,27,27,1,0x47F24,high,none,,00 00 00 21 00 05 00 00 00 1b 00 01 00 00 00 1b,40 28 39 41 32 30 38 e6 01 52 88 28 2b 58 33 1e 1b 38 1c 35 36 9f 29 21 1b 22 37
4/S4031.DAT,0x47F78,0x47F7A,0x47F7A,0x47FA2,0x47FA2,0x19,40,40,1,0x47F72,high,none,,00 00 21 00 05 00 00 00 1b 00 01 00 00 00 1b 00,3b 27 46 1c 2e 32 20 33 1c dd b8 1c dd 31 49 23 1d 22 e6 01 dd 69 1c dd 07 dd f5 28 24 5c 71 dd 39 dd 03 53 1c 3b 3e 1c
4/S4031.DAT,0x47FD2,0x47FD4,0x47FD4,0x47FEE,0x47FEE,0x19,26,26,0,0x47FCC,high,none,,00 00 21 00 05 00 00 00 1b 00 01 00 00 00 1b 00,8f 53 dd 56 47 1c de f2 1c 47 5c 31 34 77 31 4e 53 23 dd ab 3a 32 21 1b 22 37
4/S4031.DAT,0x4801E,0x48020,0x48020,0x48048,0x48048,0x19,40,40,0,0x48018,high,none,,00 00 21 00 05 00 00 00 1b 00 01 00 00 00 1b 00,de 95 dd d6 24 dd 22 2d 35 38 1c 36 58 20 39 9f 29 21 1b 1f b7 dd d8 20 33 2e 1c 3d 26 1d 87 de 0f 2a de c4 3e 2e 36 30
4/S4031.DAT,0x48078,0x4807A,0x4807A,0x4808A,0x4808A,0x19,16,16,0,0x48072,high,none,,00 00 21 00 05 00 00 00 1b 00 01 00 00 00 1b 00,3b 27 46 a4 dd d7 38 36 27 54 26 30 3f 55 26 37
4/S4031.DAT,0x480BA,0x480BC,0x480BC,0x480E5,0x480E5,0x19,41,41,0,0x480B4,high,none,,00 00 00 21 00 05 00 00 00 1b 00 01 00 00 00 1b,2e 32 2a 87 de 0f 1d 54 30 28 1d 3e 24 4a 29 3a 1b 23 3b 27 46 2f ac 1c ae 23 1e 21 dd 07 46 24 dd c3 23 74 dc 30 44 32 58
4/S4031.DAT,0x48116,0x48118,0x48118,0x4812E,0x4812E,0x19,22,22,0,0x48110,high,none,,00 00 21 00 05 00 00 00 1b 00 01 00 00 00 1b 00,54 32 dd 05 54 2b 58 33 1e 1b 2e 36 35 55 26 24 36 85 28 9f 26 37
4/S4031.DAT,0x4815E,0x48160,0x48160,0x48182,0x48182,0x19,34,34,1,0x48158,high,none,,00 00 21 00 05 00 00 00 1b 00 01 00 00 00 1b 00,1e 20 1e 24 85 23 28 85 1c b6 ac 2a 3f 39 e6 01 2e 32 28 3b ae 23 1f 3e 3a 32 1f dd 37 cc 1d 1c 35 37
4/S4031.DAT,0x481B2,0x481B4,0x481B4,0x481C5,0x481C5,0x19,17,17,0,0x481AC,high,none,,00 00 00 21 00 05 00 00 00 1b 00 01 00 00 00 1b,a4 33 1c 61 30 dd 52 2f 44 39 dd e0 1b 21 3e 32 37
4/S4031.DAT,0x482F6,0x482F8,0x482F8,0x4831E,0x4831E,0x17,38,38,1,0x482F0,high,none,,00 00 21 00 05 00 00 00 1b 00 01 00 00 00 1b 00,03 00 dd e8 28 dd ed df 1f 30 6e 38 56 9a 1d 1b 49 54 e6 01 42 31 4e 36 1b 22 36 dd 47 a9 2a 56 21 9a 22 2d 35 37
4/S4031.DAT,0x4834E,0x48350,0x48350,0x48368,0x48368,0x17,24,24,1,0x48348,high,none,,00 00 21 00 05 00 00 00 1b 00 01 00 00 00 1b 00,03 00 2e 2e 30 dd d0 9c 56 1e 1f 33 24 e6 01 de 9d 23 de f3 d9 39 35 37
4/S4031.DAT,0x48398,0x4839A,0x4839A,0x483A3,0x483A3,0x17,9,9,0,0x48392,high,none,,00 00 00 21 00 05 00 00 00 1b 00 01 00 00 00 1b,03 00 45 1b 21 1b 3e 3d 37
4/S4031.DAT,0x483D4,0x483D6,0x483D8,0x483F6,0x483F6,0x17,32,30,0,0x483CE,high,control_0100,01 00,00 00 21 00 05 00 00 00 1b 00 01 00 00 00 1b 00,01 00 3f 1d 1f 2a dd b8 dd 36 45 cf 23 91 29 1f 28 8c 3d 2e 32 28 85 1c dd 52 30 38 3f 22 1c 37
4/S4032.DAT,0x47B1A,0x47B1C,0x47B1C,0x47B29,0x47B29,0x19,13,13,0,,medium,none,,00 00 00 07 00 01 00 37 00 06 00 18 00 1c 00 af,97 00 26 00 39 00 19 00 9b 00 26 00 2a
4/S4032.DAT,0x481F8,0x481FA,0x481FA,0x48209,0x48209,0x19,15,15,0,0x481F2,high,none,,00 00 00 21 00 05 00 00 00 1b 00 01 00 00 00 1b,d7 47 5c 23 28 6e 38 86 29 21 1b 27 59 2d 37
4/S4032.DAT,0x4825E,0x48260,0x48260,0x4827F,0x4827F,0x19,31,31,1,0x48258,high,none,,00 00 00 21 00 05 00 00 00 1b 00 01 00 00 00 1b,42 65 db d8 2a 3f 39 27 2b 37 e6 01 5b a2 64 34 60 34 80 47 5c 31 34 5a 2f a0 45 49 27 1e 1f
4/S4032.DAT,0x482B4,0x482B6,0x482B6,0x482C7,0x482C7,0x19,17,17,0,0x482AE,high,none,,00 00 00 21 00 05 00 00 00 1b 00 01 00 00 00 1b,2e 2e 23 3f 29 1f 38 1c 28 38 26 7d 55 1b 27 1e 1f
4/S4032.DAT,0x482FE,0x48300,0x48302,0x48330,0x48330,0x17,48,46,0,0x482F8,high,control_0100,01 00,00 00 21 00 05 00 00 00 1b 00 01 00 00 00 1b 00,01 00 4a dd 04 26 23 3f 22 49 22 36 44 28 24 1b 55 2d 1d 36 2e 55 30 e7 02 2f 3b 1e 21 6d 21 4c 37 6e 20 3b 4b 21 1b 22 20 38 1e 32 1d 1b 3d 37
4/S4032.DAT,0x48366,0x48368,0x48368,0x4837C,0x4837C,0x17,20,20,0,0x48360,high,none,,00 00 21 00 05 00 00 00 1b 00 01 00 00 00 1b 00,03 00 d7 47 5c 28 36 44 54 44 a0 23 9a 1f c4 2a 1b 1b 4c 37
4/S4032.DAT,0x483AC,0x483AE,0x483AE,0x483D3,0x483D3,0x17,37,37,0,0x483A6,high,none,,00 00 00 21 00 05 00 00 00 1b 00 01 00 00 00 1b,03 00 dd e9 1c 36 2e 55 8a 74 44 1f 1b 36 44 28 24 28 1e 2f 43 1f 29 21 6d dd 7d 2a 43 20 33 30 22 2d 35 3d 37
4/S4032.DAT,0x4840A,0x4840C,0x4840C,0x48414,0x48414,0x17,8,8,0,0x48404,high,none,,00 00 21 00 05 00 00 00 1b 00 01 00 00 00 1b 00,04 00 36 1e 20 1c 3b 37
4/S4032.DAT,0x4844A,0x4844C,0x4844C,0x48456,0x48456,0x17,10,10,0,0x48444,high,none,,00 00 21 00 05 00 00 00 1b 00 01 00 00 00 1b 00,02 00 36 1e 4a 48 4c 46 3d 37
4/S4032.DAT,0x4848C,0x4848E,0x4848E,0x48493,0x48493,0x17,5,5,0,0x48486,high,none,,00 00 00 21 00 05 00 00 00 1b 00 01 00 00 00 1b,05 00 26 b5 37
4/S4032.DAT,0x484CA,0x484CC,0x484CC,0x484D4,0x484D4,0x17,8,8,0,0x484C4,high,none,,00 00 21 00 05 00 00 00 1b 00 01 00 00 00 1b 00,07 00 36 1e 4a 48 3d 37
4/S4033.DAT,0x47B1A,0x47B1C,0x47B1C,0x47B29,0x47B29,0x19,13,13,0,,medium,none,,00 00 00 07 00 01 00 37 00 06 00 18 00 1c 00 af,97 00 26 00 39 00 19 00 9b 00 26 00 2a
4/S4033.DAT,0x47C72,0x47C74,0x47C74,0x47C84,0x47C84,0x19,16,16,0,0x47C6C,high,none,,00 00 21 00 05 00 00 00 1b 00 01 00 00 00 1b 00,dd 14 60 ab 42 20 33 87 de 0f 2a 44 21 1b 27 2b
4/S4033.DAT,0x47CDA,0x47CDC,0x47CDC,0x47D02,0x47D02,0x19,38,38,3,0x47CD4,high,none,,00 00 21 00 06 00 04 00 05 00 02 00 00 00 02 00,5b dd 2a 1c 4d 4f 28 80 6f 65 60 31 dd c7 23 5a e6 01 3d 6d 27 2b 20 3c e6 01 e5 03 3d b5 e6 01 e5 03 3d 27 1d 1b
4/S4033.DAT,0x47D8E,0x47D90,0x47D90,0x47DB3,0x47DB3,0x19,35,35,0,0x47D88,high,none,,00 00 00 21 00 05 00 00 00 1b 00 01 00 00 00 1b,42 31 4e 3d 24 2e 1c 87 de 0f 2f dd 1f 1f 1e 21 3b 27 46 2a 87 23 86 32 21 3d 2d 30 1b 22 35 55 26 20 3c
4/S4033.DAT,0x47DE4,0x47DE6,0x47DE6,0x47E02,0x47E02,0x19,28,28,1,0x47DDE,high,none,,00 00 21 00 05 00 00 00 1b 00 01 00 00 00 1b 00,bd 28 85 1f 4b 2a 74 dc 2f dd 5b 51 1f 1c 23 e6 01 a9 de 2a 1b 21 1b 22 3d 26 35 37
4/S4033.DAT,0x47E32,0x47E34,0x47E34,0x47E53,0x47E53,0x19,31,31,1,0x47E2C,high,none,,00 00 00 21 00 05 00 00 00 1b 00 01 00 00 00 1b,c8 c3 3b ae 23 dd e4 33 3e 2f dd 29 22 1c 28 27 2b 27 2b e6 01 de c3 1e 3e 1d 22 35 55 26 37
4/S4033.DAT,0x47E84,0x47E86,0x47E86,0x47EAA,0x47EAA,0x19,36,36,1,0x47E7E,high,none,,00 00 21 00 05 00 00 00 1b 00 01 00 00 00 1b 00,85 28 87 de 0f 2f c8 c3 38 2e 2e 23 de 65 39 dd 9b 49 22 37 e6 01 3b 27 46 38 cf dd 06 a0 23 9a 21 3e 32 37
4/S4033.DAT,0x47EDA,0x47EDC,0x47EDC,0x47F17,0x47F17,0x19,59,59,3,0x47ED4,high,none,,00 00 00 21 00 05 00 00 00 1b 00 01 00 00 00 1b,36 2e 55 30 dd 0c 1c 4d 4f 20 33 94 2f dd 68 49 dd 29 29 1f e6 01 3d 26 35 1d 37 e6 01 dd 2a 1c 4d 4f 28 80 6f 65 60 31 dd c7 23 1b 22 37 e6 01
4/S4033.DAT,0x47FF0,0x47FF2,0x47FF2,0x48004,0x48004,0x17,18,18,0,0x47FEA,high,none,,00 00 21 00 05 00 00 00 1b 00 01 00 00 00 1b 00,03 00 dd e8 1f 4b 30 63 1b dd 4f 49 22 1c 20 1d a1 3c
4/S4033.DAT,0x4805E,0x48060,0x48060,0x4807F,0x4807F,0x19,31,31,1,0x48058,high,none,,00 00 00 21 00 05 00 00 00 1b 00 01 00 00 00 1b,42 65 db d8 2a 3f 39 27 2b 37 e6 01 5b a2 64 34 60 34 80 47 5c 31 34 5a 2f a0 45 49 27 1e 1f
4/S4033.DAT,0x480B4,0x480B6,0x480B6,0x480C8,0x480C8,0x19,18,18,0,0x480AE,high,none,,00 00 21 00 05 00 00 00 1b 00 01 00 00 00 1b 00,2e 2e 23 3f 29 1f 38 1c 28 38 26 7d 55 1b 27 1e 1f 37
4/S4033.DAT,0x480FE,0x48100,0x48102,0x48122,0x48122,0x17,34,32,0,0x480F8,high,control_0100,01 00,00 00 21 00 05 00 00 00 1b 00 01 00 00 00 1b 00,01 00 63 93 1c 36 44 28 e7 07 e7 06 2f 1b 29 1e 73 23 3b 2b 36 a6 6b 31 bc 31 de 4d 53 23 1d 22 3d 37
4/S4033.DAT,0x48152,0x48154,0x48156,0x48170,0x48170,0x17,28,26,0,0x4814C,high,control_0100,01 00,00 00 21 00 05 00 00 00 1b 00 01 00 00 00 1b 00,01 00 a6 6b 31 bc 31 de 4d 53 1c 36 44 28 e7 03 2f 3b 2b 36 38 36 23 38 54 22 3d 37
4/S4033.DAT,0x481A2,0x481A4,0x481A6,0x481CB,0x481CB,0x17,39,37,2,0x4819C,high,control_0100,01 00,00 00 00 21 00 05 00 00 00 1b 00 01 00 00 00 1b,01 00 1f 1f 20 26 36 44 28 24 30 44 22 35 49 e6 01 bd 1c c3 55 23 27 43 39 2e 2d 35 c4 2a e6 01 1b 1b 6d 1f 1b 4c 37
4/S4033.DAT,0x481FC,0x481FE,0x48200,0x4821C,0x4821C,0x17,30,28,0,0x481F6,high,control_0100,01 00,00 00 21 00 05 00 00 00 1b 00 01 00 00 00 1b 00,01 00 bd 1c dd 64 23 38 24 2e 29 4b 1c 59 1d 20 2f 4c 33 29 21 3e 22 40 45 2a 1b 22 3d 37
4/S4033.DAT,0x48252,0x48254,0x48254,0x48272,0x48272,0x17,30,30,0,0x4824C,high,none,,00 00 21 00 05 00 00 00 1b 00 01 00 00 00 1b 00,03 00 47 78 6b 42 38 dd 3a 53 64 31 7c 38 24 5f 34 47 62 31 2a 1b 1d 3e 1d 33 1d 1b 4c 37
4/S4033.DAT,0x482A2,0x482A4,0x482A4,0x482B4,0x482B4,0x17,16,16,0,0x4829C,high,none,,00 00 21 00 05 00 00 00 1b 00 01 00 00 00 1b 00,03 00 54 26 1e 1f 33 1b 1d 3e 1d 22 1c 20 1d 37
4/S4033.DAT,0x482E6,0x482E8,0x482E8,0x48308,0x48308,0x17,32,32,0,0x482E0,high,none,,00 00 21 00 05 00 00 00 1b 00 01 00 00 00 1b 00,03 00 5f 34 47 62 31 2a dd 19 3e 21 24 54 26 40 29 21 38 d5 21 1d 1b 36 44 28 54 26 1e 3d 26 37
4/S4033.DAT,0x48338,0x4833A,0x4833A,0x4835D,0x4835D,0x17,35,35,0,0x48332,high,none,,00 00 00 21 00 05 00 00 00 1b 00 01 00 00 00 1b,03 00 5f 34 47 62 31 1c 1b 22 36 2e 55 30 2a 2d 58 29 21 24 38 29 36 dd 19 3e 1d 32 58 1b 1b 1c 20 1d 37
4/S4033.DAT,0x48394,0x48396,0x48396,0x483B6,0x483B6,0x17,32,32,2,0x4838E,high,none,,00 00 21 00 05 00 00 00 1b 00 01 00 00 00 1b 00,04 00 36 1e 20 1c 3b 37 e4 15 e6 01 3a 1b 44 2d 3d 3e 38 1c 2f e6 01 43 2b 32 22 2d 4a 48 2a 37
4/S4033.DAT,0x48488,0x4848A,0x4848A,0x48494,0x48494,0x17,10,10,0,0x48482,high,none,,00 00 21 00 05 00 00 00 1b 00 01 00 00 00 1b 00,02 00 36 1e 4a 48 4c 46 3d 37
4/S4033.DAT,0x484CA,0x484CC,0x484CC,0x484D1,0x484D1,0x17,5,5,0,0x484C4,high,none,,00 00 00 21 00 05 00 00 00 1b 00 01 00 00 00 1b,05 00 26 b5 37
4/S4033.DAT,0x48508,0x4850A,0x4850A,0x48540,0x48540,0x17,54,54,1,0x48502,high,none,,00 00 21 00 05 00 00 00 1b 00 01 00 00 00 1b 00,07 00 43 1e 1c 8c 20 2d 28 b6 23 dd 36 45 6a 37 e6 01 3f 1f 33 1e 3e a0 45 49 1f 5f 34 47 62 31 28 30 44 22 35 49 5b dd 86 dd 35 22 5a 3d 26 23
4/S4033.DAT,0x48570,0x48572,0x48572,0x4858E,0x4858E,0x17,28,28,1,0x4856A,high,none,,00 00 21 00 05 00 00 00 1b 00 01 00 00 00 1b 00,07 00 44 dd 05 2d 4b de 20 26 1c 44 dd 05 2d 4a 48 37 e6 01 43 20 29 36 22 1c 20 3c
4/S4033.DAT,0x48618,0x4861A,0x4861A,0x48639,0x48639,0x17,31,31,1,0x48612,high,none,,00 00 00 21 00 05 00 00 00 1b 00 01 00 00 00 1b,07 00 36 26 a7 2d 36 1d 3c e4 29 e6 01 35 20 33 29 21 54 26 36 1b 26 2e 36 38 1d 1b 2a 1c 37
4/S4033.DAT,0x48670,0x48672,0x48672,0x48688,0x48688,0x17,22,22,1,0x4866A,high,none,,00 00 21 00 05 00 00 00 1b 00 01 00 00 00 1b 00,07 00 de 6c 51 21 36 1d 3c e4 29 e6 01 dd bf 74 2a 1f 39 2d 6a 37
4/S4033.DAT,0x4870E,0x48710,0x48710,0x48734,0x48734,0x17,36,36,1,0x48708,high,none,,00 00 21 00 05 00 00 00 1b 00 01 00 00 00 1b 00,07 00 1e 29 1f 2e 36 20 37 e6 01 a7 2d ca 1e 33 dd 35 1f 33 6e 20 1b 1b 2e 36 2a 3f 22 20 38 1e 32 2d 6a 37
4/S4033.DAT,0x487B4,0x487B6,0x487B6,0x487D2,0x487D2,0x17,28,28,0,0x487AE,high,none,,00 00 21 00 05 00 00 00 1b 00 01 00 00 00 1b 00,07 00 36 38 35 4b 23 4a 27 2d 30 44 22 3e 33 1b 28 3f 22 20 38 1e 32 2d 2a 1c 26 37
4/S4034.DAT,0x47B6E,0x47B70,0x47B70,0x47B7D,0x47B7D,0x19,13,13,0,,medium,none,,00 00 00 07 00 01 00 37 00 06 00 18 00 1c 00 d9,c1 00 26 00 39 00 19 00 c5 00 26 00 2a
4/S4034.DAT,0x47CC6,0x47CC8,0x47CC8,0x47CD8,0x47CD8,0x19,16,16,0,0x47CC0,high,none,,00 00 21 00 05 00 00 00 1b 00 01 00 00 00 1b 00,dd 14 60 ab 42 20 33 87 de 0f 2a 44 21 1b 27 2b
4/S4034.DAT,0x47D2E,0x47D30,0x47D30,0x47D54,0x47D54,0x19,36,36,3,0x47D28,high,none,,00 00 21 00 06 00 04 00 05 00 02 00 00 00 02 00,5b dd 2a 1c 4d 4f 28 dd 56 31 81 53 23 5a e6 01 3d 6d 27 2b 20 3c e6 01 e5 03 3d b5 e6 01 e5 03 3d 27 1d 1b
4/S4034.DAT,0x47DE0,0x47DE2,0x47DE2,0x47E18,0x47E18,0x19,54,54,2,0x47DDA,high,none,,00 00 21 00 05 00 00 00 1b 00 01 00 00 00 1b 00,42 31 4e 3d 24 90 1c 4d 4f 20 33 94 2f dd 68 49 dd 29 29 1f 3d 26 35 1d 37 e6 01 36 1b 26 2e 36 28 24 18 52 1c 63 68 38 e6 01 dd 5a 27 29 21 1b
4/S4034.DAT,0x47E48,0x47E4A,0x47E4A,0x47E83,0x47E83,0x19,57,57,2,0x47E42,high,none,,00 00 00 21 00 05 00 00 00 1b 00 01 00 00 00 1b,dd 73 33 36 61 2f dd ac 43 59 21 2e 1c 63 1b 2f d5 4b dd 4f 1b 21 3e 32 37 e6 01 dd 2a 1c 4d 4f 28 dd 56 31 81 53 23 1b 22 37 e6 01 de 28 93 50
4/S4034.DAT,0x47EB4,0x47EB6,0x47EB6,0x47EEB,0x47EEB,0x19,53,53,2,0x47EAE,high,none,,00 00 00 21 00 05 00 00 00 1b 00 01 00 00 00 1b,41 1c dd 66 23 4d 4f 36 1c 56 7b 1b 2a 3f 22 37 e6 01 2e 32 28 85 20 33 1c 3b 3e 39 dd 49 35 37 e6 01 2e 32 2f dd 33 29 21 50 7b 2f d5 4b dd 4f
4/S4034.DAT,0x47F1C,0x47F1E,0x47F1E,0x47F42,0x47F42,0x19,36,36,1,0x47F16,high,none,,00 00 21 00 05 00 00 00 1b 00 01 00 00 00 1b 00,36 91 1b 1f 1b 36 2e 55 35 2a 24 e6 01 2e 1c 94 28 12 45 35 49 30 28 6e 1c dd c1 dd 1f 38 1d 1b 33 1e 1b 37
4/S4034.DAT,0x47F72,0x47F74,0x47F74,0x47FA5,0x47FA5,0x19,49,49,2,0x47F6C,high,none,,00 00 00 21 00 05 00 00 00 1b 00 01 00 00 00 1b,dd ab 39 1c 94 2f a0 45 49 22 2e 36 2a 30 44 32 58 24 e6 01 3f 22 1b 28 6e 20 36 dd 05 26 38 1d 1b 61 2a e6 01 87 23 86 22 1c 20 38 1e 32 1d 1b
4/S4034.DAT,0x47FD6,0x47FD8,0x47FD8,0x47FF3,0x47FF3,0x19,27,27,0,0x47FD0,high,none,,00 00 00 21 00 05 00 00 00 1b 00 01 00 00 00 1b,3f 36 50 7b 1c dd db 3a 1b 7e 1c a2 4e 5c 31 53 23 28 a9 2f 45 49 22 3d 26 23 37
4/S4034.DAT,0x4808A,0x4808C,0x4808C,0x480B5,0x480B5,0x19,41,41,1,0x48084,high,none,,00 00 00 21 00 05 00 00 00 1b 00 01 00 00 00 1b,87 de 0f 1c dd 64 23 42 65 db d8 2a 86 29 21 1b 27 2b 37 e6 01 5b a2 64 34 60 34 80 47 5c 31 34 5a 2f 87 23 86 32 27 1e 1f
4/S4034.DAT,0x48114,0x48116,0x48116,0x48135,0x48135,0x19,31,31,1,0x4810E,high,none,,00 00 00 21 00 05 00 00 00 1b 00 01 00 00 00 1b,42 65 db d8 2a 3f 39 27 2b 37 e6 01 5b a2 64 34 60 34 80 47 5c 31 34 5a 2f a0 45 49 27 1e 1f
4/S4034.DAT,0x4816A,0x4816C,0x4816C,0x4817D,0x4817D,0x19,17,17,0,0x48164,high,none,,00 00 00 21 00 05 00 00 00 1b 00 01 00 00 00 1b,2e 2e 23 3f 29 1f 38 1c 28 38 26 7d 55 1b 27 1e 1f
4/S4034.DAT,0x481B4,0x481B6,0x481B8,0x481D7,0x481D7,0x17,33,31,0,0x481AE,high,control_0100,01 00,00 00 00 21 00 05 00 00 00 1b 00 01 00 00 00 1b,01 00 8e dd 20 74 29 1f 36 2e 55 30 38 24 1e 58 33 3e 1e 1f 33 27 1f 74 29 21 6d 1f c4 2a 1b 1b 3d
4/S4034.DAT,0x48208,0x4820A,0x4820C,0x48225,0x48225,0x17,27,25,0,0x48202,high,control_0100,01 00,00 00 00 21 00 05 00 00 00 1b 00 01 00 00 00 1b,01 00 38 1e 20 1e 1f 33 24 6e 20 dd 15 43 29 21 1b 22 20 38 1e 32 1d 1b 1e 4c 37
4/S4034.DAT,0x48258,0x4825A,0x4825C,0x4827B,0x4827B,0x17,33,31,0,0x48252,high,control_0100,01 00,00 00 00 21 00 05 00 00 00 1b 00 01 00 00 00 1b,01 00 8e dd 20 74 29 1f 36 2e 55 30 38 24 1e 58 33 3e 1e 1f 33 27 1f 74 29 21 6d 1f c4 2a 1b 1b 3d
4/S4034.DAT,0x482AC,0x482AE,0x482B0,0x482C9,0x482C9,0x17,27,25,0,0x482A6,high,control_0100,01 00,00 00 00 21 00 05 00 00 00 1b 00 01 00 00 00 1b,01 00 38 1e 20 1e 1f 33 24 6e 20 dd 15 43 29 21 1b 22 20 38 1e 32 1d 1b 1e 4c 37
4/S4034.DAT,0x48300,0x48302,0x48302,0x48326,0x48326,0x17,36,36,0,0x482FA,high,none,,00 00 21 00 05 00 00 00 1b 00 01 00 00 00 1b 00,03 00 42 65 db d8 28 a4 b2 23 dd 33 29 21 38 1b 1b 1e de 44 3e 1c dd 99 88 23 38 bd 23 38 dd 33 46 22 49 54
4/S4034.DAT,0x48356,0x48358,0x48358,0x4837B,0x4837B,0x17,35,35,1,0x48350,high,none,,00 00 00 21 00 05 00 00 00 1b 00 01 00 00 00 1b,03 00 36 44 54 44 24 de 04 9c 1f 42 65 db d8 2f e6 01 dd 68 49 dd 29 29 4b 48 26 40 45 2a 1b 22 2d 35 37
4/S4034.DAT,0x483AC,0x483AE,0x483AE,0x483D4,0x483D4,0x17,38,38,0,0x483A6,high,none,,00 00 21 00 05 00 00 00 1b 00 01 00 00 00 1b 00,03 00 5b de 04 9c 22 5a 1c 6f dd b4 53 2a 13 23 1d 22 36 3f 1f 29 1f 36 44 1c 67 78 31 7f 2a 50 44 3e 1d 22 3d 37
4/S4034.DAT,0x4845A,0x4845C,0x4845C,0x48487,0x48487,0x17,43,43,0,0x48454,high,none,,00 00 00 21 00 05 00 00 00 1b 00 01 00 00 00 1b,04 00 dd 1b dd 51 2a 6f dd b4 53 42 82 dd 55 2b 22 36 24 dd c1 dd 1f 1c de 93 df 5b 2a dd 15 43 22 2e 36 2a 3f 22 2d 4a 48 2a 24
4/S4034.DAT,0x484B8,0x484BA,0x484BA,0x484DE,0x484DE,0x17,36,36,1,0x484B2,high,none,,00 00 21 00 05 00 00 00 1b 00 01 00 00 00 1b 00,04 00 2e 1c 36 44 23 de 93 df 5b 41 1c 38 1c 2f e6 01 dc 20 59 22 3d 26 23 1d 22 2e 36 38 3f 22 2d 4a 48 37
4/S4034.DAT,0x48514,0x48516,0x48516,0x48531,0x48531,0x17,27,27,1,0x4850E,high,none,,00 00 00 21 00 05 00 00 00 1b 00 01 00 00 00 1b,02 00 dd 22 2d 30 1b 29 1f dd 99 88 1c 1f 51 23 38 24 e6 01 3b 32 28 40 22 a7 37
4/S4034.DAT,0x48568,0x4856A,0x4856A,0x4856F,0x4856F,0x17,5,5,0,0x48562,high,none,,00 00 00 21 00 05 00 00 00 1b 00 01 00 00 00 1b,05 00 26 b5 37
4/S4034.DAT,0x485A6,0x485A8,0x485A8,0x485D1,0x485D1,0x17,41,41,1,0x485A0,high,none,,00 00 00 21 00 05 00 00 00 1b 00 01 00 00 00 1b,07 00 8c 20 2d 28 dd 33 29 21 3b 22 20 3c e4 29 e6 01 59 29 20 3e 3f 22 2d 4a 48 20 33 de 49 dd 3e 1e 1f c4 2a 1b 1b 6a 37
4/S4034.DAT,0x48658,0x4865A,0x4865A,0x4866A,0x4866A,0x17,16,16,0,0x48652,high,none,,00 00 21 00 05 00 00 00 1b 00 01 00 00 00 1b 00,07 00 52 1c 91 26 2e 36 28 d3 3e 38 2d 4a 48 37
4/S4034.DAT,0x486E0,0x486E2,0x486E2,0x486F4,0x486F4,0x17,18,18,0,0x486DA,high,none,,00 00 21 00 05 00 00 00 1b 00 01 00 00 00 1b 00,07 00 dd 49 43 20 39 1c dd 6c 1b 40 45 4a 48 1c 26 37
4/S4035.DAT,0x47B6E,0x47B70,0x47B70,0x47B7D,0x47B7D,0x19,13,13,0,,medium,none,,00 00 00 07 00 01 00 37 00 06 00 18 00 1c 00 d9,c1 00 26 00 39 00 19 00 c5 00 26 00 2a
4/S4035.DAT,0x47CC6,0x47CC8,0x47CC8,0x47CD8,0x47CD8,0x19,16,16,0,0x47CC0,high,none,,00 00 21 00 05 00 00 00 1b 00 01 00 00 00 1b 00,dd 14 60 ab 42 20 33 87 de 0f 2a 44 21 1b 27 2b
4/S4035.DAT,0x47D2E,0x47D30,0x47D30,0x47D55,0x47D55,0x19,37,37,3,0x47D28,high,none,,00 00 00 21 00 06 00 04 00 05 00 02 00 00 00 02,5b dd 2a 1c 4d 4f 28 42 6b af 31 60 d6 23 5a e6 01 3d 6d 27 2b 20 3c e6 01 e5 03 3d b5 e6 01 e5 03 3d 27 1d 1b
4/S4035.DAT,0x47DE2,0x47DE4,0x47DE4,0x47E04,0x47E04,0x19,32,32,0,0x47DDC,high,none,,00 00 21 00 05 00 00 00 1b 00 01 00 00 00 1b 00,42 31 4e 3d 24 3b 27 46 28 38 26 14 4d 4f 36 56 7b 1b 24 41 1e 21 dd 73 33 1c 94 2f dd a7 1f 37
4/S4035.DAT,0x47E34,0x47E36,0x47E36,0x47E66,0x47E66,0x19,48,48,2,0x47E2E,high,none,,00 00 21 00 05 00 00 00 1b 00 01 00 00 00 1b 00,94 28 2b 1d 43 4b dd 73 33 1c dd e2 df 3b 35 37 e6 01 41 1e 21 24 3b 27 46 23 38 2e 1c ce dd 12 1c e6 01 de 39 2a a0 46 21 44 1f 30 3f 55 26 37
4/S4035.DAT,0x47E96,0x47E98,0x47E98,0x47EB8,0x47EB8,0x19,32,32,1,0x47E90,high,none,,00 00 21 00 05 00 00 00 1b 00 01 00 00 00 1b 00,43 1f 1e 1f 4b 2f de 60 1b dd 5d 2d 30 1b 22 1c 28 24 e6 01 43 1f 1e 1f 4b a4 dd d7 1d 1c 35 37
4/S4035.DAT,0x47EE8,0x47EEA,0x47EEA,0x47F1E,0x47F1E,0x19,52,52,2,0x47EE2,high,none,,00 00 21 00 05 00 00 00 1b 00 01 00 00 00 1b 00,dd 2a 1c 4d 4f 28 42 6b af 31 60 d6 23 1b 22 37 e6 01 41 2e 23 28 24 b8 1c 4d 4f 2f dd 1e 39 dd 9b 49 22 e6 01 77 6b ab dd 9c 36 1b 26 8e dd 9c
4/S4035.DAT,0x47F4E,0x47F50,0x47F50,0x47F65,0x47F65,0x19,21,21,0,0x47F48,high,none,,00 00 00 21 00 05 00 00 00 1b 00 01 00 00 00 1b,dd 73 33 2f dd 31 49 21 24 b8 1c 4d 4f 2f dd 1e 29 21 3e 32 37
4/S4035.DAT,0x48008,0x4800A,0x4800A,0x48029,0x48029,0x19,31,31,1,0x48002,high,none,,00 00 00 21 00 05 00 00 00 1b 00 01 00 00 00 1b,42 65 db d8 2a 3f 39 27 2b 37 e6 01 5b a2 64 34 60 34 80 47 5c 31 34 5a 2f a0 45 49 27 1e 1f
4/S4035.DAT,0x4805E,0x48060,0x48060,0x48071,0x48071,0x19,17,17,0,0x48058,high,none,,00 00 00 21 00 05 00 00 00 1b 00 01 00 00 00 1b,2e 2e 23 3f 29 1f 38 1c 28 38 26 7d 55 1b 27 1e 1f
4/S4035.DAT,0x480A8,0x480AA,0x480AC,0x480D8,0x480D8,0x17,46,44,1,0x480A2,high,control_0100,01 00,00 00 21 00 05 00 00 00 1b 00 01 00 00 00 1b 00,01 00 54 26 1e 21 38 67 78 31 7f 2f dd 3f 46 33 32 1d 1b 36 44 28 24 e6 01 dd 1b dd 51 2f 1b 55 1b 55 de 38 1e 21 6d 1f c4 2a 1b 1b 3d 37
4/S4035.DAT,0x4810E,0x48110,0x48110,0x48139,0x48139,0x17,41,41,1,0x48108,high,none,,00 00 00 21 00 05 00 00 00 1b 00 01 00 00 00 1b,03 00 54 2d 1d 23 6f dd b4 53 42 82 dd 55 1e 21 38 24 e6 01 3b d2 46 33 32 1d 1b dd 80 61 38 1b 3e 45 20 3f 22 6d 1f 1b 37
4/S4035.DAT,0x48170,0x48172,0x48172,0x48193,0x48193,0x17,33,33,0,0x4816A,high,none,,00 00 00 21 00 05 00 00 00 1b 00 01 00 00 00 1b,04 00 43 1e 2a 6f dd b4 53 42 82 dd 55 1e 21 dd 19 3e 1d 32 58 24 63 1b 2a dd df 23 1d 22 6a 1b 37
4/S4035.DAT,0x481C4,0x481C6,0x481C6,0x481E7,0x481E7,0x17,33,33,0,0x481BE,high,none,,00 00 00 21 00 05 00 00 00 1b 00 01 00 00 00 1b,04 00 54 2d 54 2d dd 1b dd 51 2f dd 33 29 21 24 dd 21 3e dd 19 3e 1d 29 1f c4 2a 1b 1b 1c 4a 48 37
4/S4035.DAT,0x4825C,0x4825E,0x4825E,0x48265,0x48265,0x17,7,7,0,0x48256,high,none,,00 00 00 21 00 05 00 00 00 1b 00 01 00 00 00 1b,04 00 58 20 38 2d 02
4/S4035.DAT,0x4829C,0x4829E,0x4829E,0x482BC,0x482BC,0x17,30,30,0,0x48296,high,none,,00 00 21 00 05 00 00 00 1b 00 01 00 00 00 1b 00,02 00 2e 1c 63 1b 2a dd 79 43 22 27 30 24 3b 32 28 3a 49 2f df 59 b5 1c 2f 40 51 22 a7 37
4/S4035.DAT,0x48330,0x48332,0x48332,0x4835B,0x4835B,0x17,41,41,1,0x4832A,high,none,,00 00 00 21 00 05 00 00 00 1b 00 01 00 00 00 1b,02 00 41 26 20 24 54 26 59 dd 6f dd e5 35 1e 1d 37 e4 29 e6 01 54 26 59 dd 6f dd e5 1d 33 dd 02 34 dd 02 34 df 59 b5 a7 37
4/S4035.DAT,0x4838C,0x4838E,0x4838E,0x483A4,0x483A4,0x17,22,22,0,0x48386,high,none,,00 00 21 00 05 00 00 00 1b 00 01 00 00 00 1b 00,02 00 36 2e 55 30 24 3a 49 1c 4d 4f 29 21 1c 28 1b 1d 1b 1c 20 3c
4/S4035.DAT,0x4842A,0x4842C,0x4842C,0x48431,0x48431,0x17,5,5,0,0x48424,high,none,,00 00 00 21 00 05 00 00 00 1b 00 01 00 00 00 1b,05 00 26 b5 37
4/S4035.DAT,0x48468,0x4846A,0x4846A,0x48494,0x48494,0x17,42,42,1,0x48462,high,none,,00 00 21 00 05 00 00 00 1b 00 01 00 00 00 1b 00,07 00 5f a6 6b 31 28 dd 33 29 36 22 20 3c e6 01 89 c2 23 3d 29 21 28 2e 32 dd 05 54 dd 33 46 22 40 45 38 51 8c 33 1e 1b 6a 37
4/S4035.DAT,0x484C4,0x484C6,0x484C6,0x484E5,0x484E5,0x17,31,31,0,0x484BE,high,none,,00 00 00 21 00 05 00 00 00 1b 00 01 00 00 00 1b,07 00 43 1e 1c dd 78 dd 7b 5f 34 47 62 31 28 dd 33 46 22 40 45 58 20 39 4a 48 20 33 1c 26 37
4/S4035.DAT,0x48516,0x48518,0x48518,0x48530,0x48530,0x17,24,24,0,0x48510,high,none,,00 00 21 00 05 00 00 00 1b 00 01 00 00 00 1b 00,07 00 43 29 e4 15 28 29 e4 15 28 29 e4 15 28 29 e4 15 28 29 e4 15 28 37
4/S4036.DAT,0x47B1A,0x47B1C,0x47B1C,0x47B29,0x47B29,0x19,13,13,0,,medium,none,,00 00 00 07 00 01 00 37 00 06 00 18 00 1c 00 af,97 00 26 00 39 00 19 00 9b 00 26 00 2a
4/S4036.DAT,0x47C72,0x47C74,0x47C74,0x47C84,0x47C84,0x19,16,16,0,0x47C6C,high,none,,00 00 21 00 05 00 00 00 1b 00 01 00 00 00 1b 00,dd 14 60 ab 42 20 33 87 de 0f 2a 44 21 1b 27 2b
4/S4036.DAT,0x47CDA,0x47CDC,0x47CDC,0x47D00,0x47D00,0x19,36,36,3,0x47CD4,high,none,,00 00 21 00 06 00 04 00 05 00 02 00 00 00 02 00,5b dd 2b c3 1c 4d 4f 28 47 78 6b 42 23 5a e6 01 3d 6d 27 2b 20 3c e6 01 e5 03 3d b5 e6 01 e5 03 3d 27 1d 1b
4/S4036.DAT,0x47D8C,0x47D8E,0x47D8E,0x47DAD,0x47DAD,0x19,31,31,2,0x47D86,high,none,,00 00 00 21 00 05 00 00 00 1b 00 01 00 00 00 1b,42 31 4e 3d 24 e6 01 dd 2b c3 1c 4d 4f 28 24 e6 01 47 78 6b 42 1c a3 6f 34 60 42 23 1b 22 37
4/S4036.DAT,0x47DDE,0x47DE0,0x47DE0,0x47E0D,0x47E0D,0x19,45,45,1,0x47DD8,high,none,,00 00 00 21 00 05 00 00 00 1b 00 01 00 00 00 1b,41 1e 21 41 2e 28 24 de 36 dd 6c 1d dd 24 dd 50 1c dd 5a 27 29 21 1b 22 89 c2 30 38 3f 22 37 e6 01 dd 11 1e 21 dd 01 20 29 21 3e 32 37
4/S4036.DAT,0x47E3E,0x47E40,0x47E40,0x47E73,0x47E73,0x19,51,51,1,0x47E38,high,none,,00 00 00 21 00 05 00 00 00 1b 00 01 00 00 00 1b,16 50 4d 4f 1c 94 2f dd 5a 51 1f c3 23 3b 27 46 1c dd 37 cc 2a 50 44 3e dc 3e 30 3f 55 26 37 e6 01 9d 1e 21 3e 4a 49 8c dd 36 4b dd 01 20 29 21
4/S4036.DAT,0x47F16,0x47F18,0x47F18,0x47F37,0x47F37,0x19,31,31,1,0x47F10,high,none,,00 00 00 21 00 05 00 00 00 1b 00 01 00 00 00 1b,42 65 db d8 2a 3f 39 27 2b 37 e6 01 5b a2 64 34 60 34 80 47 5c 31 34 5a 2f a0 45 49 27 1e 1f
4/S4036.DAT,0x47F6C,0x47F6E,0x47F6E,0x47F7F,0x47F7F,0x19,17,17,0,0x47F66,high,none,,00 00 00 21 00 05 00 00 00 1b 00 01 00 00 00 1b,2e 2e 23 3f 29 1f 38 1c 28 38 26 7d 55 1b 27 1e 1f
4/S4036.DAT,0x47FB6,0x47FB8,0x47FBA,0x47FDC,0x47FDC,0x17,36,34,1,0x47FB0,high,control_0100,01 00,00 00 21 00 05 00 00 00 1b 00 01 00 00 00 1b 00,01 00 dd c1 dd 1f 1c b2 20 33 1d 1b 42 65 db d8 28 24 e6 01 a4 b2 30 dd 86 dd 35 22 1e 20 1d 1b 1c 20 1d 37
4/S4036.DAT,0x4800C,0x4800E,0x48010,0x48028,0x48028,0x17,26,24,0,0x48006,high,control_0100,01 00,00 00 21 00 05 00 00 00 1b 00 01 00 00 00 1b 00,01 00 41 26 1b 26 1c 23 df 33 1e 1b dd 99 88 2a 1b 32 58 3d 20 29 1f 1c 23 37
4/S4036.DAT,0x480A6,0x480A8,0x480A8,0x480AF,0x480AF,0x17,7,7,0,0x480A0,high,none,,00 00 00 21 00 05 00 00 00 1b 00 01 00 00 00 1b,03 00 1d 23 20 1d 37
4/S4036.DAT,0x480E6,0x480E8,0x480E8,0x4810A,0x4810A,0x17,34,34,1,0x480E0,high,none,,00 00 21 00 05 00 00 00 1b 00 01 00 00 00 1b 00,04 00 6e 30 38 d3 1b 21 6d 1d 3a 1b 37 e6 01 43 1e 28 54 1c 3d 26 1d 2e 36 30 38 c6 29 21 3b 22 6a 37
4/S4036.DAT,0x4818A,0x4818C,0x4818C,0x4819F,0x4819F,0x17,19,19,0,0x48184,high,none,,00 00 00 21 00 05 00 00 00 1b 00 01 00 00 00 1b,04 00 41 32 28 24 a4 b2 30 dd 86 dd 35 22 2e 36 4a 48 37
4/S4036.DAT,0x48218,0x4821A,0x4821A,0x4822F,0x4822F,0x17,21,21,0,0x48212,high,none,,00 00 00 21 00 05 00 00 00 1b 00 01 00 00 00 1b,04 00 27 3f 24 1f 27 23 28 b2 20 33 1d 1b 2e 36 38 3f 22 6a 37
4/S4036.DAT,0x482BC,0x482BE,0x482BE,0x482D4,0x482D4,0x17,22,22,0,0x482B6,high,none,,00 00 21 00 05 00 00 00 1b 00 01 00 00 00 1b 00,02 00 3a 49 1c 4d 4f 1c b0 35 2a df 61 e4 1f df 61 e4 1f df 61 37
4/S4036.DAT,0x48304,0x48306,0x48306,0x4832A,0x4832A,0x17,36,36,1,0x482FE,high,none,,00 00 21 00 05 00 00 00 1b 00 01 00 00 00 1b 00,02 00 3a 49 23 38 1b 55 1b 55 3f 22 20 33 1d 37 e6 01 41 32 6a 32 6d 2d 1d dd e9 1c 4d 4f 2a 1b 22 1c 20 3c
4/S4036.DAT,0x4839E,0x483A0,0x483A0,0x483A5,0x483A5,0x17,5,5,0,0x48398,high,none,,00 00 00 21 00 05 00 00 00 1b 00 01 00 00 00 1b,05 00 26 b5 37
4/S4036.DAT,0x4841E,0x48420,0x48420,0x48443,0x48443,0x17,35,35,0,0x48418,high,none,,00 00 00 21 00 05 00 00 00 1b 00 01 00 00 00 1b,07 00 dd 6d 57 82 4e 28 1b 45 30 38 56 1e 21 3b 1b 21 6f dd b4 53 42 82 dd 55 3a 59 1f c4 2a 1b 1b 6a 37
4/S4041.DAT,0x479A0,0x479A2,0x479A2,0x479B2,0x479B2,0x17,16,16,0,0x4799A,high,none,,00 00 21 00 05 00 00 00 1b 00 01 00 00 00 1b 00,03 00 d2 3e 24 38 26 45 20 32 4b 48 29 1f 3d 37
4/S4041.DAT,0x479F0,0x479F2,0x479F4,0x479FC,0x479FC,0x17,10,8,0,0x479EA,high,control_0100,01 00,00 00 21 00 05 00 00 00 1b 00 01 00 00 00 1b 00,01 00 2e 32 28 6e 20 1e 33 3c
4/S4041.DAT,0x47AA2,0x47AA4,0x47AA4,0x47ACF,0x47ACF,0x19,43,43,2,,medium+,none,,00 00 00 1b 00 01 00 02 00 33 00 03 00 18 02 21,94 23 dd b9 39 1e dd f5 de fa 2f de 79 51 1e 7e e6 01 e6 01 41 1c 61 2f 38 29 21 be 2a dd e2 23 2e 1f 46 3d 37 e4 79 e4 3d e4 3d
4/S4051.DAT,0x47A1A,0x47A1C,0x47A1C,0x47A29,0x47A29,0x17,13,13,0,,medium,none,,00 00 00 0e 00 2b 00 03 00 26 00 00 00 27 00 ff,28 00 14 01 23 00 25 00 31 01 20 00 25
4/S4051.DAT,0x47C16,0x47C18,0x47C18,0x47C25,0x47C25,0x17,13,13,0,,medium,none,,00 00 00 0e 00 2b 00 03 00 26 00 00 00 27 00 ff,28 00 12 02 23 00 25 00 2f 02 20 00 25
4/S4051.DAT,0x48594,0x48596,0x48598,0x4859F,0x4859F,0x17,9,7,0,,medium,control_0100,01 00,00 00 00 0e 00 2b 00 03 00 26 00 00 00 27 00 ff,01 00 25 00 1a 00 1e 00 25
4/S4061.DAT,0x478AA,0x478AC,0x478AE,0x478BC,0x478BC,0x17,16,14,0,0x478A4,high,control_0100,01 00,00 00 21 00 05 00 00 00 1b 00 01 00 00 00 1b 00,01 00 1d 2d 20 cb 96 2a dd 15 4c df 61 df 61 37
5/S5011.DAT,0x47D38,0x47D3A,0x47D3C,0x47D44,0x47D44,0x17,10,8,0,,medium,control_0100,01 00,00 00 21 00 05 00 00 00 1b 00 01 00 00 00 2a 00,01 00 4d 37 34 2f 3c 33 43 1f
5/S5011.DAT,0x47DAE,0x47DB0,0x47DB2,0x47DBA,0x47DBA,0x17,10,8,0,,medium,control_0100,01 00,00 00 21 00 05 00 00 00 1b 00 01 00 00 00 22 00,01 00 3d 36 2b 2f 48 30 5d 34
5/S5011.DAT,0x47E84,0x47E86,0x47E86,0x47E9F,0x47E9F,0x19,25,25,0,,medium,none,,00 00 00 21 00 06 00 04 00 05 00 02 00 00 00 01,e5 02 28 54 27 dd 68 df 4a b0 dd 18 e6 00 e5 02 dd 34 1b df 27 27 dd 0a e6
5/S5011.DAT,0x48000,0x48002,0x48002,0x48014,0x48014,0x17,18,18,1,0x47FFA,high,none,,00 00 21 00 05 00 00 00 1b 00 01 00 00 00 1b 00,07 00 98 29 21 1f 3d 24 e6 01 de 97 c4 20 33 1c 52 37
5/S5011.DAT,0x48080,0x48082,0x48082,0x48096,0x48096,0x17,20,20,0,0x4807A,high,none,,00 00 21 00 05 00 00 00 1b 00 01 00 00 00 1b 00,07 00 4d 4f 09 59 1b 32 1b 0a 23 7b 1b 23 44 1f 2d 35 55 3c
5/S5011.DAT,0x48106,0x48108,0x48108,0x48119,0x48119,0x17,17,17,0,0x48100,high,none,,00 00 00 21 00 05 00 00 00 1b 00 01 00 00 00 1b,07 00 2e 29 4b 38 dd da dd ce 35 20 33 4c df 5d 37
5/S5011.DAT,0x48156,0x48158,0x48158,0x4817F,0x4817F,0x17,39,39,1,0x48150,high,none,,00 00 00 21 00 05 00 00 00 1b 00 01 00 00 00 1b,02 00 dd da dd ce 36 28 6e 35 24 21 51 c0 02 e6 01 e4 3d e4 3d e4 3d de 30 1b ac 3f 1b 21 c0 20 24 2e 33 a1 02 e4 3d
5/S5011.DAT,0x481C2,0x481C4,0x481C4,0x481DA,0x481DA,0x17,22,22,1,0x481BC,high,none,,00 00 21 00 05 00 00 00 1b 00 01 00 00 00 1b 00,07 00 7d 48 7d 48 7d 48 29 02 e6 01 2e 39 48 dd 19 41 26 35 43 37
5/S5011.DAT,0x4820A,0x4820C,0x4820C,0x48224,0x48224,0x17,24,24,1,0x48204,high,none,,00 00 21 00 05 00 00 00 1b 00 01 00 00 00 1b 00,07 00 36 23 20 3e 43 1e 1c de 5f 23 44 21 b0 2f e6 01 d3 1b 21 3e 32 37
5/S5011.DAT,0x4825A,0x4825C,0x4825C,0x48278,0x48278,0x17,28,28,1,,medium+,none,,00 00 1b 00 01 00 02 00 21 00 00 00 01 00 78 00,07 00 2e 29 4b 4a 48 24 2e 29 4b 4a 48 24 e4 1f e6 01 dd 21 26 24 dd 21 26 37 e4 3d
5/S5011.DAT,0x4829E,0x482A0,0x482A2,0x482A7,0x482A7,0x17,7,5,0,0x48298,high,control_0100,01 00,00 00 00 21 00 05 00 00 00 1b 00 01 00 00 00 1b,01 00 54 26 2b 22 3c
5/S5012.DAT,0x47D38,0x47D3A,0x47D3C,0x47D44,0x47D44,0x17,10,8,0,,medium,control_0100,01 00,00 00 21 00 05 00 00 00 1b 00 01 00 00 00 2a 00,01 00 4d 37 34 2f 3c 33 43 1f
5/S5012.DAT,0x47DAE,0x47DB0,0x47DB2,0x47DBA,0x47DBA,0x17,10,8,0,,medium,control_0100,01 00,00 00 21 00 05 00 00 00 1b 00 01 00 00 00 22 00,01 00 3d 36 2b 2f 48 30 5d 34
5/S5012.DAT,0x47E84,0x47E86,0x47E86,0x47E9F,0x47E9F,0x19,25,25,0,,medium,none,,00 00 00 21 00 06 00 04 00 05 00 02 00 00 00 01,e5 02 28 54 27 dd 68 df 4a b0 dd 18 e6 00 e5 02 dd 34 1b df 27 27 dd 0a e6
5/S5012.DAT,0x47FC2,0x47FC4,0x47FC4,0x47FD4,0x47FD4,0x19,16,16,1,0x47FBC,high,none,,00 00 21 00 05 00 00 00 1b 00 01 00 00 00 1b 00,6c 69 72 34 25 e6 01 56 76 1d 3a 1b 27 2b 20 3c
5/S5012.DAT,0x48058,0x4805A,0x4805A,0x4806C,0x4806C,0x19,18,18,1,0x48052,high,none,,00 00 21 00 05 00 00 00 1b 00 01 00 00 00 1b 00,6c 69 72 34 25 e6 01 30 28 24 3b dd 43 39 70 3a 1b 37
5/S5012.DAT,0x480EA,0x480EC,0x480EC,0x480FD,0x480FD,0x17,17,17,0,,medium,none,,00 00 00 1b 00 01 00 02 00 33 00 03 00 53 01 21,07 00 27 29 21 3e 32 c0 02 e4 3d e4 3d e4 3d e4 1f
5/S5012.DAT,0x48154,0x48156,0x48156,0x48165,0x48165,0x17,15,15,0,0x4814E,high,none,,00 00 00 21 00 05 00 00 00 1b 00 01 00 00 00 1b,07 00 43 1e 38 dd e4 32 21 29 21 3e 32 c0 02
5/S5012.DAT,0x481F6,0x481F8,0x481F8,0x4821E,0x4821E,0x17,38,38,2,0x481F0,high,none,,00 00 21 00 05 00 00 00 1b 00 01 00 00 00 1b 00,07 00 3b 27 46 33 36 8e de a2 23 e6 01 4d 4f 1c b0 2f d3 1b 21 22 26 4b 23 e6 01 dd 8b 46 2a dd 15 43 29 21 1d 37
5/S5012.DAT,0x4824E,0x48250,0x48250,0x48275,0x48275,0x17,37,37,2,0x48248,high,none,,00 00 00 21 00 05 00 00 00 1b 00 01 00 00 00 1b,07 00 27 3f 1b 1b 4a 48 55 26 2a 37 e6 01 43 1e 1c 45 d2 1c 5f 34 47 62 31 83 28 e6 01 dd 91 39 23 1d 22 6a 37
5/S5012.DAT,0x48314,0x48316,0x48316,0x4832D,0x4832D,0x17,23,23,0,0x4830E,high,none,,00 00 00 21 00 05 00 00 00 1b 00 01 00 00 00 1b,04 00 94 28 dd 2a 1c 94 23 be dd 06 2f de 03 3e df 61 df 61 37 e4 3d
5/S5012.DAT,0x4837A,0x4837C,0x4837C,0x483CF,0x483CF,0x19,83,83,2,0x48374,high,none,,00 00 00 21 00 05 00 00 00 1b 00 01 00 00 00 1b,dd 0c 1c 94 25 e6 01 e4 3d e4 1f 2c e4 1f 2c e4 1f 2c e4 1f de 97 e4 15 c4 e4 15 1c e4 3d 2c e4 1f 57 e4 15 64 e4 15 67 1c e4 3d 2c e4 1f 90 e4
5/S5012.DAT,0x4842A,0x4842C,0x4842C,0x4845D,0x4845D,0x17,49,49,3,0x48424,high,none,,00 00 00 21 00 05 00 00 00 1b 00 01 00 00 00 1b,07 00 41 26 1b 46 58 e6 01 80 6f 65 60 31 dd c7 1c 57 64 67 23 28 e6 01 dd 71 9f dd f4 1d 61 2f dd 09 45 8e de 99 2a e6 01 1b 22 36 91 26 b0 35
5/S5012.DAT,0x48598,0x4859A,0x4859A,0x485B4,0x485B4,0x19,26,26,1,0x48592,high,none,,00 00 21 00 05 00 00 00 1b 00 01 00 00 00 1b 00,6c 69 72 34 25 e6 01 1b 45 30 38 dd 1d c5 1e 21 3b 98 4b 1e 21 3b 39 27 2b 37
5/S5013.DAT,0x46D38,0x46D3A,0x46D3C,0x46D44,0x46D44,0x17,10,8,0,,medium,control_0100,01 00,00 00 21 00 05 00 00 00 1b 00 01 00 00 00 2a 00,01 00 4d 37 34 2f 3c 33 43 1f
5/S5013.DAT,0x46DAE,0x46DB0,0x46DB2,0x46DBA,0x46DBA,0x17,10,8,0,,medium,control_0100,01 00,00 00 21 00 05 00 00 00 1b 00 01 00 00 00 22 00,01 00 3d 36 2b 2f 48 30 5d 34
5/S5013.DAT,0x46E84,0x46E86,0x46E86,0x46E9F,0x46E9F,0x19,25,25,0,,medium,none,,00 00 00 21 00 06 00 04 00 05 00 02 00 00 00 01,e5 02 28 54 27 dd 68 df 4a b0 dd 18 e6 00 e5 02 dd 34 1b df 27 27 dd 0a e6
5/S5013.DAT,0x47536,0x47538,0x47538,0x47548,0x47548,0x19,16,16,1,0x47530,high,none,,00 00 21 00 05 00 00 00 1b 00 01 00 00 00 1b 00,6c 69 72 34 25 e6 01 56 76 1d 3a 1b 27 2b 20 3c
5/S5013.DAT,0x475DA,0x475DC,0x475DC,0x475EB,0x475EB,0x19,15,15,1,0x475D4,high,none,,00 00 00 21 00 05 00 00 00 1b 00 01 00 00 00 1b,6c 69 72 34 25 e6 01 30 28 24 2e 4b 33 8a 37
5/S5013.DAT,0x47700,0x47702,0x47702,0x4771C,0x4771C,0x19,26,26,1,0x476FA,high,none,,00 00 21 00 05 00 00 00 1b 00 01 00 00 00 1b 00,6c 69 72 34 25 e6 01 1b 45 30 38 dd 1d c5 1e 21 3b 98 4b 1e 21 3b 39 27 2b 37
5/S5013.DAT,0x478B4,0x478B6,0x478B6,0x478C6,0x478C6,0x19,16,16,1,0x478AE,high,none,,00 00 21 00 05 00 00 00 1b 00 01 00 00 00 1b 00,6c 69 72 34 25 e6 01 56 76 1d 3a 1b 27 2b 20 3c
5/S5013.DAT,0x47A82,0x47A84,0x47A84,0x47A9E,0x47A9E,0x19,26,26,1,0x47A7C,high,none,,00 00 21 00 05 00 00 00 1b 00 01 00 00 00 1b 00,6c 69 72 34 25 e6 01 1b 45 30 38 dd 1d c5 1e 21 3b 98 4b 1e 21 3b 39 27 2b 37
5/S5013.DAT,0x47BCC,0x47BCE,0x47BCE,0x47BDE,0x47BDE,0x19,16,16,1,0x47BC6,high,none,,00 00 21 00 05 00 00 00 1b 00 01 00 00 00 1b 00,6c 69 72 34 25 e6 01 56 76 1d 3a 1b 27 2b 20 3c
5/S5013.DAT,0x47C74,0x47C76,0x47C76,0x47C86,0x47C86,0x19,16,16,1,0x47C6E,high,none,,00 00 21 00 05 00 00 00 1b 00 01 00 00 00 1b 00,6c 69 72 34 25 e6 01 56 76 1d 3a 1b 27 2b 20 3c
5/S5013.DAT,0x47E4C,0x47E4E,0x47E4E,0x47E68,0x47E68,0x19,26,26,1,0x47E46,high,none,,00 00 21 00 05 00 00 00 1b 00 01 00 00 00 1b 00,6c 69 72 34 25 e6 01 1b 45 30 38 dd 1d c5 1e 21 3b 98 4b 1e 21 3b 39 27 2b 37
5/S5013.DAT,0x47F7E,0x47F80,0x47F80,0x47FC8,0x47FC8,0x19,72,72,1,0x47F78,high,none,,00 00 21 00 05 00 00 00 1b 00 01 00 00 00 1b 00,6c 69 72 34 25 e6 01 42 65 db d8 2c 42 4e dd 60 77 6b 31 2c de 96 1e de 20 dd 80 61 28 24 bc 31 de 4d 53 30 de 0a 2d 30 1b 22 cf 23 df 60 20 df
5/S5013.DAT,0x47FF8,0x47FFA,0x47FFA,0x4803C,0x4803C,0x19,66,66,3,0x47FF2,high,none,,00 00 21 00 05 00 00 00 1b 00 01 00 00 00 1b 00,6c 69 72 34 25 e6 01 de 96 23 24 de 96 1e de 20 dd 80 61 28 dd cc de 55 1d de 4f dd 90 36 e6 01 dd 8c de a9 1c de 4f dd 90 2a de 59 de 6f 3a 32
5/S5013.DAT,0x4806C,0x4806E,0x4806E,0x4809E,0x4809E,0x19,48,48,1,0x48066,high,none,,00 00 21 00 05 00 00 00 1b 00 01 00 00 00 1b 00,6c 69 72 34 25 e6 01 42 65 db d8 30 de 04 9c 21 67 78 31 7f 2f dd 3f 46 22 38 1c 28 94 2c dd 41 de 06 2c 50 44 1d dd 41 de 06 1c 14 45 30 2b 37
5/S5013.DAT,0x4813A,0x4813C,0x4813C,0x48168,0x48168,0x19,44,44,2,0x48134,high,none,,00 00 21 00 05 00 00 00 1b 00 01 00 00 00 1b 00,6c 69 72 34 25 e6 01 bd 23 d0 b1 1e 1f 89 dd ac 23 24 de 02 b1 2f 3a 32 24 e6 01 67 78 31 7f 2f dd 68 49 22 2e 36 2a 3f 39 27 2b 37
5/S5013.DAT,0x48198,0x4819A,0x4819A,0x481C8,0x481C8,0x19,46,46,3,0x48192,high,none,,00 00 21 00 05 00 00 00 1b 00 01 00 00 00 1b 00,6c 69 72 34 25 e6 01 2e 32 2f dd 96 49 22 1f 51 23 28 24 e6 01 bd 1c c3 55 20 3d 2e 23 e6 01 9e 39 dd 5d 2d 30 d0 b1 2b 22 2e 36 30 2b 37
5/S5013.DAT,0x481F8,0x481FA,0x481FA,0x48237,0x48237,0x19,61,61,3,0x481F2,high,none,,00 00 00 21 00 05 00 00 00 1b 00 01 00 00 00 1b,6c 69 72 34 25 e6 01 de f3 23 24 a4 b2 2a d0 b1 3a 32 22 cf 23 1d 22 dd 35 3e 24 e6 01 c7 de 8c 20 33 23 1d 22 3d 26 23 1e b5 49 22 36 e6 01 bd
5/S5013.DAT,0x48268,0x4826A,0x4826A,0x482A0,0x482A0,0x19,54,54,1,0x48262,high,none,,00 00 21 00 05 00 00 00 1b 00 01 00 00 00 1b 00,6c 69 72 34 25 e6 01 de 96 1e de 20 d0 b1 38 42 65 db d8 2f de 04 9c 22 1c 36 dd 82 4a 3e de d4 dd 9a 23 bd 1c de 02 b1 2f dd 68 49 1d 1b d0 b1
5/S5013.DAT,0x48420,0x48422,0x48422,0x4845E,0x4845E,0x19,60,60,2,0x4841A,high,none,,00 00 21 00 05 00 00 00 1b 00 01 00 00 00 1b 00,6c 69 72 34 25 e6 01 2e 4b 33 1c d0 b1 2a 5f 34 47 62 31 23 44 20 1d 1b 1c 28 6f dd b4 53 1c de 1d 1b de fe dd 6b 23 24 de 09 1e 73 26 2a dd 6c
5/S5013.DAT,0x4848E,0x48490,0x48490,0x484C0,0x484C0,0x19,48,48,2,0x48488,high,none,,00 00 21 00 05 00 00 00 1b 00 01 00 00 00 1b 00,6c 69 72 34 25 e6 01 de 51 46 58 24 dd 1b dd 51 2f dd 33 dd 3e 2b 22 5f 34 47 62 31 28 24 e6 01 dd 1b dd 51 d0 b1 23 28 dd 19 1b 38 2d 30 2b 37
5/S5013.DAT,0x484F0,0x484F2,0x484F2,0x48521,0x48521,0x19,47,47,2,0x484EA,high,none,,00 00 00 21 00 05 00 00 00 1b 00 01 00 00 00 1b,6c 69 72 34 25 e6 01 de 08 23 28 24 dd 72 2d 30 1b 22 5f 34 47 62 31 23 28 24 e6 01 c1 1c dd 1b dd 51 2a 3d 3e 44 3e 36 20 38 3f 39 27 2b 37
5/S5013.DAT,0x48552,0x48554,0x48554,0x4857C,0x4857C,0x19,40,40,2,0x4854C,high,none,,00 00 21 00 05 00 00 00 1b 00 01 00 00 00 1b 00,6c 69 72 34 25 e6 01 63 1b 28 de 5c 2f dd 33 43 1d 44 48 1b 49 27 59 2d 37 e6 01 61 35 49 4a 48 35 51 1d 2d 30 2b 3d 37
5/S5013.DAT,0x485AC,0x485AE,0x485AE,0x485B8,0x485B8,0x17,10,10,0,0x485A6,high,none,,00 00 21 00 05 00 00 00 1b 00 01 00 00 00 1b 00,02 00 91 29 21 3e 32 22 a7 37
5/S5013.DAT,0x485F4,0x485F6,0x485F6,0x4861E,0x4861E,0x19,40,40,1,0x485EE,high,none,,00 00 21 00 05 00 00 00 1b 00 01 00 00 00 1b 00,6c 69 72 34 25 e6 01 dd 19 1b de 09 87 2f de 0a 2d 30 63 26 36 24 41 32 35 49 dd d4 3e 1c dd de de 75 2f 45 51 27 2b 37
5/S5013.DAT,0x4864E,0x48650,0x48650,0x48689,0x48689,0x19,57,57,3,0x48648,high,none,,00 00 00 21 00 05 00 00 00 1b 00 01 00 00 00 1b,6c 69 72 34 25 e6 01 dd de de 75 28 24 d0 b1 1e 1f cf 38 24 3a 32 1f cf 38 e6 01 dd a7 33 32 27 2b 37 e6 01 1b 45 38 6c d6 6f 34 7f 2b 22 dd 11
5/S5013.DAT,0x486BA,0x486BC,0x486BC,0x486D4,0x486D4,0x17,24,24,1,0x486B4,high,none,,00 00 21 00 05 00 00 00 1b 00 01 00 00 00 1b 00,03 00 1d 2d 35 20 24 4b 73 29 36 40 22 a9 23 e6 01 1d 29 21 44 1f 1d 37
5/S5013.DAT,0x48754,0x48756,0x48756,0x4875F,0x4875F,0x17,9,9,0,0x4874E,high,none,,00 00 00 21 00 05 00 00 00 1b 00 01 00 00 00 1b,03 00 df 61 df 61 df 61 37
5/S5013.DAT,0x4879C,0x4879E,0x4879E,0x487C9,0x487C9,0x19,43,43,2,0x48796,high,none,,00 00 00 21 00 05 00 00 00 1b 00 01 00 00 00 1b,6c 69 72 34 25 e6 01 dd 99 88 2a 97 46 21 3e 22 36 24 63 93 30 1c b6 43 39 23 e6 01 3d 39 6f dd b4 53 23 3a 2a 56 21 44 27 2b 37
5/S5013.DAT,0x487FA,0x487FC,0x487FC,0x4881F,0x4881F,0x19,35,35,2,0x487F4,high,none,,00 00 00 21 00 05 00 00 00 1b 00 01 00 00 00 1b,6c 69 72 34 25 e6 01 2b dd 35 21 1c 52 2a d0 b1 23 dd 01 1b 21 1b 22 43 49 30 28 e6 01 3f 39 27 59 2d 37
5/S5013.DAT,0x48850,0x48852,0x48852,0x48882,0x48882,0x19,48,48,1,0x4884A,high,none,,00 00 21 00 05 00 00 00 1b 00 01 00 00 00 1b 00,6c 69 72 34 25 e6 01 dd 4e d6 57 4e 62 31 1c dd a6 dd ad dd d2 2a de 44 1b dd d2 23 1d 22 3d 26 23 a9 2f 45 49 21 6d 21 28 54 26 30 1e 73 26 3c
5/S5013.DAT,0x488B2,0x488B4,0x488B4,0x488DD,0x488DD,0x19,41,41,3,0x488AC,high,none,,00 00 00 21 00 05 00 00 00 1b 00 01 00 00 00 1b,6c 69 72 34 25 e6 01 44 29 36 24 e6 01 2b dd b7 40 33 32 21 1e 27 26 dd a4 4b 2e d2 32 28 e6 01 1b 1d 3e 1d 39 27 2b 3d 37
5/S5013.DAT,0x4890E,0x48910,0x48910,0x48922,0x48922,0x17,18,18,0,0x48908,high,none,,00 00 21 00 05 00 00 00 1b 00 01 00 00 00 1b 00,07 00 dd a4 4b 2e d2 32 36 28 dd d3 1c 2e 36 4a 48 3c
5/S5013.DAT,0x489E0,0x489E2,0x489E2,0x48A0D,0x48A0D,0x19,43,43,2,0x489DA,high,none,,00 00 00 21 00 05 00 00 00 1b 00 01 00 00 00 1b,6c 69 72 34 25 e6 01 42 57 57 5c 47 1c dd 8f dd 9d 67 34 7f 69 34 28 e6 01 de 09 dd 42 23 dd b2 de d2 2a de a0 1b 3d 26 30 2b 37
5/S5013.DAT,0x48A3E,0x48A40,0x48A40,0x48A74,0x48A74,0x19,52,52,3,0x48A38,high,none,,00 00 21 00 05 00 00 00 1b 00 01 00 00 00 1b 00,6c 69 72 34 25 e6 01 1d 20 23 28 24 5f 34 47 62 31 23 dd 1e 33 32 1f 24 e6 01 3f 41 2e 23 1e 20 1d 1b 42 4e dd 60 77 6b 31 38 3f 22 36 e6 01 d3
5/S5013.DAT,0x48AA4,0x48AA6,0x48AA6,0x48AC8,0x48AC8,0x19,34,34,2,0x48A9E,high,none,,00 00 21 00 05 00 00 00 1b 00 01 00 00 00 1b 00,6c 69 72 34 25 e6 01 61 de 38 1e 38 20 4c 21 24 cf 23 28 74 29 21 6d 22 1c 38 e6 01 3d 1b 1c 30 28 3c
5/S5013.DAT,0x48AF8,0x48AFA,0x48AFA,0x48B1A,0x48B1A,0x17,32,32,1,0x48AF2,high,none,,00 00 21 00 05 00 00 00 1b 00 01 00 00 00 1b 00,07 00 41 26 4a 48 24 3b 27 46 33 1c 61 30 dd c9 2f e6 01 54 2d 54 2d 87 23 86 32 22 2d 4a 48 02
5/S5013.DAT,0x48B4A,0x48B4C,0x48B4C,0x48B78,0x48B78,0x17,44,44,1,0x48B44,high,none,,00 00 21 00 05 00 00 00 1b 00 01 00 00 00 1b 00,07 00 38 4b 55 2d 24 87 23 86 32 1f c3 28 43 1e 23 27 20 59 2d 1e 48 1b 37 e6 01 dd b5 d6 82 dd b5 d6 82 dd b5 d6 82 dd b5 d6 82 37
5/S5013.DAT,0x48BA8,0x48BAA,0x48BAC,0x48BB8,0x48BB8,0x17,14,12,0,0x48BA2,high,control_0100,01 00,00 00 21 00 05 00 00 00 1b 00 01 00 00 00 1b 00,01 00 27 20 59 22 de ba 1d 1b 30 1e 73 02
5/S5013.DAT,0x48BF4,0x48BF6,0x48BF6,0x48C18,0x48C18,0x19,34,34,2,0x48BEE,high,none,,00 00 21 00 05 00 00 00 1b 00 01 00 00 00 1b 00,6c 69 72 34 25 e6 01 5c dd 14 31 dd 6d 1c dd 10 1c b4 6d 1c 4d 4f 2f e6 01 3b d2 46 21 1b 27 2b 20 3c
5/S5013.DAT,0x48C48,0x48C4A,0x48C4A,0x48C6B,0x48C6B,0x19,33,33,2,0x48C42,high,none,,00 00 00 21 00 05 00 00 00 1b 00 01 00 00 00 1b,6c 69 72 34 25 e6 01 dd 73 de 6b 28 1b 45 38 be dd 06 2f a0 dd 1e 29 21 3e 32 21 e6 01 1b 27 2b 37
5/S5013.DAT,0x48C9C,0x48C9E,0x48C9E,0x48CD8,0x48CD8,0x19,58,58,3,0x48C96,high,none,,00 00 21 00 05 00 00 00 1b 00 01 00 00 00 1b 00,6c 69 72 34 25 e6 01 dd 3a 53 64 31 7c 23 28 24 14 bc c2 af 5c 53 dd 23 6b 42 2a e6 01 3f 22 7a 30 2b 1e 24 cf 23 28 74 29 21 24 e6 01 b0 2f d3
5/S5013.DAT,0x48D08,0x48D0A,0x48D0A,0x48D25,0x48D25,0x19,27,27,1,0x48D02,high,none,,00 00 00 21 00 05 00 00 00 1b 00 01 00 00 00 1b,6c 69 72 34 25 e6 01 74 3e 36 df 0b dd 80 dd 58 2f 38 33 46 22 3d 26 30 2b 3d 37
5/S5013.DAT,0x48D56,0x48D58,0x48D58,0x48D62,0x48D62,0x17,10,10,0,0x48D50,high,none,,00 00 21 00 05 00 00 00 1b 00 01 00 00 00 1b 00,04 00 40 3a 1e de b6 1c 26 37
5/S5013.DAT,0x48D9E,0x48DA0,0x48DA0,0x48DCF,0x48DCF,0x19,47,47,3,0x48D98,high,none,,00 00 00 21 00 05 00 00 00 1b 00 01 00 00 00 1b,6c 69 72 34 25 e6 01 57 64 67 23 dd ab 29 1f 84 83 28 24 e6 01 dd 9e 2f dd bf 74 1c 89 36 1e 21 e6 01 dd 34 de 8f 1e 21 1b 22 3d 26 30 2b 37
5/S5013.DAT,0x48E00,0x48E02,0x48E02,0x48E2F,0x48E2F,0x19,45,45,2,0x48DFA,high,none,,00 00 00 21 00 05 00 00 00 1b 00 01 00 00 00 1b,6c 69 72 34 25 e6 01 a4 b2 1c dd 19 3a 2f de 38 1e 1f 3e 1d 29 1f 89 dd ac 23 24 e6 01 dd 36 4b 3d 29 21 6d 21 28 54 26 30 1e 73 26 37
5/S5013.DAT,0x48EAA,0x48EAC,0x48EAC,0x48EC2,0x48EC2,0x19,22,22,1,0x48EA4,high,none,,00 00 21 00 05 00 00 00 1b 00 01 00 00 00 1b 00,6c 69 72 34 25 e6 01 54 32 23 45 1b 21 3b b0 1e 1e 27 1e 73 26 3c
5/S5013.DAT,0x49154,0x49156,0x49156,0x49188,0x49188,0x19,50,50,1,0x4914E,high,none,,00 00 21 00 05 00 00 00 1b 00 01 00 00 00 1b 00,6c 69 72 34 25 e6 01 dd 3c 31 dd 4d 34 3a 2d 2a dd 99 88 23 1d 29 1f c3 23 8f 53 dd 56 47 1c de f2 1c 47 5c 31 34 77 31 4e 53 8a 74 44 27 1e 1f
5/S5013.DAT,0x491B8,0x491BA,0x491BA,0x491E4,0x491E4,0x19,42,42,1,0x491B2,high,none,,00 00 21 00 05 00 00 00 1b 00 01 00 00 00 1b 00,6c 69 72 34 25 e6 01 2e 2e 30 28 24 3f 22 42 65 db d8 2a 87 23 86 39 27 2b 37 47 5c 31 34 77 31 4e 53 35 49 23 df 61 df 61 37
5/S5013.DAT,0x49218,0x4921A,0x4921A,0x4924C,0x4924C,0x19,50,50,3,0x49212,high,none,,00 00 21 00 05 00 00 00 1b 00 01 00 00 00 1b 00,6c 69 72 34 25 e6 01 af 5c 53 dd 64 23 24 a4 b2 1c 62 31 34 30 e6 01 47 62 31 5c dd a1 62 34 2f 3b 2b 36 e6 01 47 db 31 62 47 2f a0 32 27 2b 3d
5/S5013.DAT,0x4927C,0x4927E,0x4927E,0x492B5,0x492B5,0x19,55,55,1,0x49276,high,none,,00 00 00 21 00 05 00 00 00 1b 00 01 00 00 00 1b,6c 69 72 34 25 e6 01 41 1c cf 23 24 bc 31 de 4d 53 36 e7 02 30 6b 34 80 1c dd 64 1c dd 4c 2f de 0a 2d 30 42 65 d1 34 1c de b1 de ca 2f dd 15 46
5/S5013.DAT,0x492E6,0x492E8,0x492E8,0x49310,0x49310,0x19,40,40,2,0x492E0,high,none,,00 00 21 00 05 00 00 00 1b 00 01 00 00 00 1b 00,6c 69 72 34 25 e6 01 2e 32 28 24 8e dd 20 dd 15 46 22 36 dd 60 31 c9 3a 32 22 1c 30 e6 01 8c 29 36 dd 33 46 27 2b 3d 37
5/S5013.DAT,0x49344,0x49346,0x49346,0x4938A,0x4938A,0x19,68,68,1,0x4933E,high,none,,00 00 21 00 05 00 00 00 1b 00 01 00 00 00 1b 00,6c 69 72 34 25 e6 01 dd 78 dd 7b de 6e 28 dd 08 dd 25 30 17 27 30 1d 22 36 d3 1b 21 3b 39 27 2b 37 dd 64 23 28 a0 45 20 39 23 3e 1b 38 1c 38 1b
5/S5013.DAT,0x493BE,0x493C0,0x493C0,0x49400,0x49400,0x19,64,64,1,0x493B8,high,none,,00 00 21 00 05 00 00 00 1b 00 01 00 00 00 1b 00,6c 69 72 34 25 e6 01 d7 d1 cb 1c dd df de 7a 28 24 dd 08 dd 25 30 19 45 23 1d 22 36 d3 1b 21 3b 39 27 2b 37 dd 08 dd 25 a0 45 20 22 36 24 20 1d
5/S5013.DAT,0x49434,0x49436,0x49436,0x4945F,0x4945F,0x19,41,41,1,0x4942E,high,none,,00 00 00 21 00 05 00 00 00 1b 00 01 00 00 00 1b,6c 69 72 34 25 e6 01 41 1c c3 1c 93 dd 4c 89 30 28 24 af 5c 53 23 d5 29 1f de d7 2f de d7 46 21 1b 22 6d 1f 1b 30 2b 4c 37
5/S5013.DAT,0x49490,0x49492,0x49492,0x494BC,0x494BC,0x19,42,42,2,0x4948A,high,none,,00 00 21 00 05 00 00 00 1b 00 01 00 00 00 1b 00,6c 69 72 34 25 e6 01 44 29 36 24 1b 1b 2e 36 2a 3f 39 27 2b 20 33 e6 01 2a 2d 58 29 21 dd f5 55 3e 2f dd ef 29 21 70 3a 1b 37
5/S5013.DAT,0x494F0,0x494F2,0x494F2,0x49534,0x49534,0x19,66,66,2,0x494EA,high,none,,00 00 21 00 05 00 00 00 1b 00 01 00 00 00 1b 00,6c 69 72 34 25 e6 01 dd 3c 31 dd 4d 34 cb 1c dd b5 31 5c 71 de b4 31 53 1c dd 1b dd 51 1c dd 0a 23 5b 50 44 1d dd 41 de 06 5a 2f de 04 9c dd 5d
5/S5013.DAT,0x49564,0x49566,0x49566,0x4958A,0x4958A,0x19,36,36,2,0x4955E,high,none,,00 00 21 00 05 00 00 00 1b 00 01 00 00 00 1b 00,6c 69 72 34 25 e6 01 5f 34 47 62 31 1c dd d4 1b 36 2e 55 30 dd 33 29 21 6d 21 28 e6 01 54 26 30 1e 73 26 37
5/S5013.DAT,0x495BE,0x495C0,0x495C0,0x49604,0x49604,0x19,68,68,1,0x495B8,high,none,,00 00 21 00 05 00 00 00 1b 00 01 00 00 00 1b 00,6c 69 72 34 25 e6 01 57 64 67 dd 9e 30 28 24 57 34 4e 2f de d5 49 21 dd bf 74 2f 74 29 21 1b 22 3d 26 30 2b 2a 24 41 1c dd 08 21 2f dd 79 46 22
5/S5013.DAT,0x49634,0x49636,0x49636,0x4965C,0x4965C,0x19,38,38,1,0x4962E,high,none,,00 00 21 00 05 00 00 00 1b 00 01 00 00 00 1b 00,6c 69 72 34 25 e6 01 1f 35 24 57 64 67 dd 9e 30 38 33 46 22 43 49 30 28 1d 1b 3d 26 30 2b 2a df 61 df 61 df 61 37
5/S5013.DAT,0x49690,0x49692,0x49692,0x496D4,0x496D4,0x19,66,66,2,0x4968A,high,none,,00 00 21 00 05 00 00 00 1b 00 01 00 00 00 1b 00,6c 69 72 34 25 e6 01 a2 64 34 60 34 80 47 5c 31 34 1c 3f 22 89 c2 2a 43 20 39 27 1e 1f 37 12 45 28 47 78 6b 42 1c 5c 71 dd 39 dd 03 53 e6 01 12
5/S5013.DAT,0x49704,0x49706,0x49706,0x4973A,0x4973A,0x19,52,52,1,0x496FE,high,none,,00 00 21 00 05 00 00 00 1b 00 01 00 00 00 1b 00,6c 69 72 34 25 e6 01 12 45 28 dd 3c 31 dd 4d 34 cb 2a 24 dd 2b c3 1c 12 45 28 42 31 4e 3a 2d 1c b7 b9 2a dd 09 29 21 33 29 1e 48 29 1f 6d 1f 1b
5/S5013.DAT,0x4976E,0x49770,0x49770,0x497B2,0x497B2,0x19,66,66,2,0x49768,high,none,,00 00 21 00 05 00 00 00 1b 00 01 00 00 00 1b 00,6c 69 72 34 25 e6 01 63 93 30 1c dd de de 75 dd d2 2a df 17 1d 22 42 4e dd 60 77 6b 31 2a 3f 22 3d 26 30 2b 37 de 26 ae 28 5b 44 dd 4f 1c 3b 99
5/S5021.DAT,0x47918,0x4791A,0x4791A,0x47931,0x47931,0x17,23,23,1,0x47912,high,none,,00 00 00 21 00 05 00 00 00 1b 00 01 00 00 00 1b,07 00 3b 27 1f 59 24 3b 27 1f 59 37 e6 01 6e 20 33 b0 41 26 20 1b 3c
5/S5021.DAT,0x479AE,0x479B0,0x479B0,0x479CF,0x479CF,0x17,31,31,1,0x479A8,high,none,,00 00 00 21 00 05 00 00 00 1b 00 01 00 00 00 1b,07 00 27 3f 27 3f 24 e6 01 3b 27 46 3a 2d 24 2e 2e 2a 54 26 1b 26 5e 20 c6 29 21 22 1c 20 3c
5/S5021.DAT,0x47A00,0x47A02,0x47A02,0x47A3F,0x47A3F,0x17,61,61,3,0x479FA,high,none,,00 00 00 21 00 05 00 00 00 1b 00 01 00 00 00 1b,07 00 2e 2e 28 14 11 11 11 da ae e6 01 50 de 90 dd 9f 09 35 1b dd 05 26 20 1b 0a 1c c3 e6 01 52 2a dd 2b de 6c 23 de 7d 2f dd ef 39 e6 01 41 32
5/S5021.DAT,0x47A70,0x47A72,0x47A72,0x47A93,0x47A93,0x17,33,33,1,0x47A6A,high,none,,00 00 00 21 00 05 00 00 00 1b 00 01 00 00 00 1b,07 00 45 27 39 24 43 1e 33 52 88 1c de 23 de 3a 2a e6 01 dd 5b 27 29 1f 89 c2 36 1b 26 2e 36 35 37
5/S5021.DAT,0x47AC4,0x47AC6,0x47AC6,0x47AD9,0x47AD9,0x17,19,19,0,0x47ABE,high,none,,00 00 00 21 00 05 00 00 00 1b 00 01 00 00 00 1b,07 00 35 20 33 dd 8f dd 9d 09 1b 59 44 0a 38 dd d4 1b 37
5/S5021.DAT,0x47B0A,0x47B0C,0x47B0C,0x47B3B,0x47B3B,0x17,47,47,3,0x47B04,high,none,,00 00 00 21 00 05 00 00 00 1b 00 01 00 00 00 1b,07 00 43 1e 28 41 2e 30 24 e6 01 dd c9 dd 49 2f de 07 1e 56 1e 21 28 e6 01 dd da dd ce 23 1e 21 3b 22 df 0d de 40 dd 5e e6 01 1d 2d 4a 48 37
5/S5021.DAT,0x47B6C,0x47B6E,0x47B6E,0x47B88,0x47B88,0x17,26,26,1,0x47B66,high,none,,00 00 21 00 05 00 00 00 1b 00 01 00 00 00 1b 00,02 00 21 51 c0 1c dd da dd ce 1c b0 2f e6 01 d3 1b 21 22 2d 4a 48 4c c0 6a 37
5/S5021.DAT,0x47BB8,0x47BBA,0x47BBA,0x47BC9,0x47BC9,0x17,15,15,1,0x47BB2,high,none,,00 00 00 21 00 05 00 00 00 1b 00 01 00 00 00 1b,07 00 43 20 29 36 22 e6 01 43 20 29 36 22 37
5/S5021.DAT,0x47BFA,0x47BFC,0x47BFC,0x47C14,0x47C14,0x17,24,24,1,0x47BF4,high,none,,00 00 21 00 05 00 00 00 1b 00 01 00 00 00 1b 00,07 00 30 24 3b 27 46 3a 2d 1c c6 39 1f 2a 29 21 e6 01 1b 22 7a 35 2a 24
5/S5021.DAT,0x47C44,0x47C46,0x47C46,0x47C77,0x47C77,0x17,49,49,1,0x47C3E,high,none,,00 00 00 21 00 05 00 00 00 1b 00 01 00 00 00 1b,07 00 52 2a 3f 33 1f 23 de 23 de 3a 2f dd 5b 51 1f e6 01 dd 2b de 6c 1c 89 c2 23 28 dd 0c 1c 4d 4f 2a c8 38 1b 22 36 1b 43 32 21 1b 22 2d 4a 48
5/S5021.DAT,0x47CEE,0x47CF0,0x47CF0,0x47D09,0x47D09,0x17,25,25,1,0x47CE8,high,none,,00 00 00 21 00 05 00 00 00 1b 00 01 00 00 00 1b,07 00 41 32 28 24 41 26 20 2d 1f 2d 23 28 e6 01 dd 6a 46 33 32 2d 1d a1 37
5/S5021.DAT,0x47D3A,0x47D3C,0x47D3E,0x47D52,0x47D52,0x17,22,20,1,0x47D34,high,control_0100,01 00,00 00 21 00 05 00 00 00 1b 00 01 00 00 00 1b 00,01 00 2e 2e 20 33 2a 24 e6 01 dd da dd ce 1c b0 29 21 43 49 4c 3c
5/S5021.DAT,0x47D82,0x47D84,0x47D84,0x47D96,0x47D96,0x17,18,18,0,0x47D7C,high,none,,00 00 21 00 05 00 00 00 1b 00 01 00 00 00 1b 00,07 00 3b de a1 4b 48 2d 24 de e1 1e 2a dd 21 1b 4c 37
5/S5021.DAT,0x47DC6,0x47DC8,0x47DC8,0x47DFB,0x47DFB,0x17,51,51,2,0x47DC0,high,none,,00 00 00 21 00 05 00 00 00 1b 00 01 00 00 00 1b,07 00 30 24 b0 28 dd 8f dd 9d 23 d9 22 2d 35 2a e6 01 dd 8f dd 9d 1c dd c9 28 1b 1b dd 49 dd 05 54 dd 19 1b e6 01 5f 34 47 62 31 2a dd 1e 29 21
5/S5021.DAT,0x47E2C,0x47E2E,0x47E2E,0x47E58,0x47E58,0x17,42,42,2,0x47E26,high,none,,00 00 21 00 05 00 00 00 1b 00 01 00 00 00 1b 00,07 00 35 20 33 24 43 1e 8e 52 30 28 87 23 86 32 e6 01 1f 3e 21 38 87 23 86 32 33 32 1d 1b 38 1c e6 01 58 20 39 1d 2d 4a 48 37
5/S5021.DAT,0x47E88,0x47E8A,0x47E8A,0x47EB5,0x47EB5,0x17,43,43,2,0x47E82,high,none,,00 00 00 21 00 05 00 00 00 1b 00 01 00 00 00 1b,07 00 3f 22 dd 8f dd 9d 23 dd e3 dd 81 2b 22 20 33 e6 01 41 2e 30 43 1e 1c dd 24 1e 1b dd c9 2f dd 29 29 21 e6 01 44 21 3e 32 37
5/S5021.DAT,0x47EE6,0x47EE8,0x47EE8,0x47F06,0x47F06,0x17,30,30,1,0x47EE0,high,none,,00 00 21 00 05 00 00 00 1b 00 01 00 00 00 1b 00,07 00 41 32 36 dd b3 44 20 46 23 dd 0c 1c 4d 4f 1c e6 01 df 4c 89 c2 2f dd 6a 46 3d 26 37
5/S5021.DAT,0x47F36,0x47F38,0x47F38,0x47F47,0x47F47,0x17,15,15,0,0x47F30,high,none,,00 00 00 21 00 05 00 00 00 1b 00 01 00 00 00 1b,02 00 1d 2d 20 dd 27 dd 3e 30 44 4c c0 1d 37
5/S5021.DAT,0x47F78,0x47F7A,0x47F7A,0x47F86,0x47F86,0x17,12,12,0,0x47F72,high,none,,00 00 21 00 05 00 00 00 1b 00 01 00 00 00 1b 00,07 00 26 41 1d 54 45 20 2d 43 1b 37
5/S5021.DAT,0x47FC4,0x47FC6,0x47FC8,0x47FD7,0x47FD7,0x17,17,15,0,0x47FBE,high,control_0100,01 00,00 00 00 21 00 05 00 00 00 1b 00 01 00 00 00 1b,01 00 2e 1c b3 1c b0 24 dd 27 dd 3e 30 44 22 1c 3c
5/S5021.DAT,0x48008,0x4800A,0x4800A,0x48021,0x48021,0x17,23,23,1,0x48002,high,none,,00 00 00 21 00 05 00 00 00 1b 00 01 00 00 00 1b,04 00 26 b5 24 91 29 21 1b 22 7a 28 88 de 1d 29 21 e6 01 3b 33 2d 37
5/S5021.DAT,0x4810C,0x4810E,0x4810E,0x48118,0x48118,0x17,10,10,0,0x48106,high,none,,00 00 21 00 05 00 00 00 1b 00 01 00 00 00 1b 00,07 00 b7 3a 2d df 61 df 61 3c
5/S5021.DAT,0x48180,0x48182,0x48182,0x481A4,0x481A4,0x17,34,34,1,0x4817A,high,none,,00 00 21 00 05 00 00 00 1b 00 01 00 00 00 1b 00,07 00 df 61 df 61 1b 40 1b 40 37 e6 01 30 28 24 3a 29 41 3e dd 8f dd 9d 1c 89 c2 2f dd 6a 46 3d 26 37
5/S5021.DAT,0x481D4,0x481D6,0x481D6,0x481FF,0x481FF,0x17,41,41,2,0x481CE,high,none,,00 00 00 21 00 05 00 00 00 1b 00 01 00 00 00 1b,07 00 41 2e 1c 90 70 16 dd b2 23 3f 22 e6 01 5b dd 78 dd 7b 1c 45 d2 5a 2f dd 29 29 21 9a 21 e6 01 dd 24 1e 1b 2d 4a 48 37
5/S5021.DAT,0x48230,0x48232,0x48232,0x4824C,0x4824C,0x17,26,26,0,0x4822A,high,none,,00 00 21 00 05 00 00 00 1b 00 01 00 00 00 1b 00,07 00 2e 1c dd 8f dd 9d 28 de a0 3e 38 29 36 70 1c dd b2 de d2 2a 3f 22 2a 24
5/S5021.DAT,0x4827C,0x4827E,0x4827E,0x4829A,0x4829A,0x17,28,28,0,0x48276,high,none,,00 00 21 00 05 00 00 00 1b 00 01 00 00 00 1b 00,07 00 de a0 1b dd b2 de d2 dd 05 54 dd 19 1b 5f 34 47 62 31 2a 3b 22 3d 26 4a 48 37
5/S5021.DAT,0x482CA,0x482CC,0x482CC,0x482EE,0x482EE,0x17,34,34,0,0x482C4,high,none,,00 00 21 00 05 00 00 00 1b 00 01 00 00 00 1b 00,07 00 dd 86 96 23 1c 29 21 54 2d 54 2d 70 23 74 3e 36 13 dd 20 36 de 5e 29 21 2e 32 1d 3e 1d 22 6a 37
5/S5021.DAT,0x48376,0x48378,0x48378,0x483A8,0x483A8,0x17,48,48,2,0x48370,high,none,,00 00 21 00 05 00 00 00 1b 00 01 00 00 00 1b 00,07 00 dd 92 dd 74 23 30 38 56 76 2b 22 36 1e 21 e6 01 c8 de 25 28 2e 2e 23 36 27 29 21 1b 1b 6a 37 e6 01 de 6d dd a8 28 77 31 de 1e 47 4a 48 37
5/S5021.DAT,0x483D8,0x483DA,0x483DA,0x483EB,0x483EB,0x17,17,17,0,0x483D2,high,none,,00 00 00 21 00 05 00 00 00 1b 00 01 00 00 00 1b,02 00 1b 4b 1b 4b a9 23 3e 43 4c c0 40 45 35 a7 37
5/S5022.DAT,0x47874,0x47876,0x47876,0x4788B,0x4788B,0x17,21,21,1,0x4786E,high,none,,00 00 00 21 00 05 00 00 00 1b 00 01 00 00 00 1b,07 00 1d 2d 4a 48 e6 01 27 35 dd 29 29 21 44 36 33 2d 1c 20 37
5/S5022.DAT,0x478BC,0x478BE,0x478BE,0x478C7,0x478C7,0x17,9,9,0,0x478B6,high,none,,00 00 00 21 00 05 00 00 00 1b 00 01 00 00 00 1b,07 00 dd 48 32 1f 1c 20 3c
5/S5022.DAT,0x4794C,0x4794E,0x4794E,0x47964,0x47964,0x17,22,22,1,0x47946,high,none,,00 00 21 00 05 00 00 00 1b 00 01 00 00 00 1b 00,07 00 28 40 3e 1e 1d 1b 36 e6 01 4d 4f 2a dd d0 9c 4b 27 26 6a 02
5/S5023.DAT,0x4792A,0x4792C,0x4792C,0x47947,0x47947,0x17,27,27,1,0x47924,high,none,,00 00 00 21 00 05 00 00 00 1b 00 01 00 00 00 1b,07 00 a0 7a 24 5b dd 78 dd 7b 1c 45 d2 5a 2f e6 01 87 23 86 32 1f 3d 26 35 1d 37
5/S5023.DAT,0x479C0,0x479C2,0x479C2,0x479D2,0x479D2,0x17,16,16,0,0x479BA,high,none,,00 00 21 00 05 00 00 00 1b 00 01 00 00 00 1b 00,07 00 27 8c 24 38 1c 2f a0 59 21 38 33 3b 26 37
5/S5023.DAT,0x47A34,0x47A36,0x47A36,0x47A61,0x47A61,0x17,43,43,2,0x47A2E,high,none,,00 00 00 21 00 05 00 00 00 1b 00 01 00 00 00 1b,07 00 1f 1e 20 23 5b dd 78 dd 7b 1c 45 d2 5a 35 37 e6 01 1e 20 1e 24 1d 2d 30 24 4d 4f 1d 2d 6a 23 e6 01 7b 1b 1f 1b 2d 4a 48 3c
5/S5023.DAT,0x47A92,0x47A94,0x47A94,0x47AA0,0x47AA0,0x17,12,12,0,0x47A8C,high,none,,00 00 21 00 05 00 00 00 1b 00 01 00 00 00 1b 00,07 00 6e 20 df 4a 23 1d 22 b0 20 3c
5/S5023.DAT,0x47AD0,0x47AD2,0x47AD2,0x47AF5,0x47AF5,0x17,35,35,0,0x47ACA,high,none,,00 00 00 21 00 05 00 00 00 1b 00 01 00 00 00 1b,04 00 27 3f 24 3b ae 23 43 20 22 3d 26 23 91 46 58 52 88 1c dd 93 9a 1c dd f6 36 1b 26 7a 20 1c dd 57 3c
5/S5023.DAT,0x47BB2,0x47BB4,0x47BB6,0x47BCF,0x47BCF,0x17,27,25,1,0x47BAC,high,control_0100,01 00,00 00 00 21 00 05 00 00 00 1b 00 01 00 00 00 1b,01 00 de 9a dd a7 8c 3e 30 58 20 39 30 e6 01 52 28 dc 3e 38 1c 30 28 1d 1b 43 37
5/S5023.DAT,0x47C00,0x47C02,0x47C02,0x47C1A,0x47C1A,0x17,24,24,1,0x47BFA,high,none,,00 00 21 00 05 00 00 00 1b 00 01 00 00 00 1b 00,07 00 de 9a dd a7 58 20 39 30 e6 01 52 28 dc 20 2d 24 20 df 61 df 61 3c
5/S5024.DAT,0x478E4,0x478E6,0x478E6,0x478FD,0x478FD,0x17,23,23,1,0x478DE,high,none,,00 00 00 21 00 05 00 00 00 1b 00 01 00 00 00 1b,02 00 6e de 8b 29 21 2d 35 37 e6 01 b0 2a dd bd 27 4c c0 35 55 26 37
5/S5024.DAT,0x4792E,0x47930,0x47930,0x47954,0x47954,0x17,36,36,2,0x47928,high,none,,00 00 21 00 05 00 00 00 1b 00 01 00 00 00 1b 00,07 00 3f 3c e4 0b 3f 3f df 61 df 61 37 e4 3d e6 01 3d 1e e6 01 4a 48 dd 92 dd 74 56 76 2b 22 36 1e 3d 26 37
5/S5025.DAT,0x47A40,0x47A42,0x47A42,0x47A5A,0x47A5A,0x17,24,24,1,0x47A3A,high,none,,00 00 21 00 05 00 00 00 1b 00 01 00 00 00 1b 00,07 00 2d 31 e6 01 40 29 75 39 a4 b2 1c dd 5e 28 dd a4 4b dd eb 3e 1c 37
5/S5025.DAT,0x47AE2,0x47AE4,0x47AE4,0x47AF8,0x47AF8,0x17,20,20,1,0x47ADC,high,none,,00 00 21 00 05 00 00 00 1b 00 01 00 00 00 1b 00,07 00 1d 2d 36 02 e6 01 dd a2 34 77 d8 1d 40 45 4a 48 1c 37
5/S5025.DAT,0x47BB0,0x47BB2,0x47BB4,0x47BD0,0x47BD0,0x17,30,28,1,0x47BAA,high,control_0100,01 00,00 00 21 00 05 00 00 00 1b 00 01 00 00 00 1b 00,01 00 4b 73 29 36 24 e6 01 54 26 1e 21 6c 69 34 dd 02 57 2a df 19 52 38 1b 22 1c 3d 02 3c
5/S5025.DAT,0x47C90,0x47C92,0x47C94,0x47CAC,0x47CAC,0x17,26,24,1,0x47C8A,high,control_0100,01 00,00 00 21 00 05 00 00 00 1b 00 01 00 00 00 1b 00,01 00 4b 73 29 36 e6 01 e4 3d 6d 2d 1d 54 26 1e 1f 1c 3d df 61 df 61 df 61 37
5/S5025.DAT,0x47CDC,0x47CDE,0x47CDE,0x47CEC,0x47CEC,0x17,14,14,0,0x47CD6,high,none,,00 00 21 00 05 00 00 00 1b 00 01 00 00 00 1b 00,07 00 3b 27 46 24 8f 95 34 4a 48 1d 02 02
5/S5025.DAT,0x47D42,0x47D44,0x47D44,0x47D61,0x47D61,0x17,29,29,0,0x47D3C,high,none,,00 00 00 21 00 05 00 00 00 1b 00 01 00 00 00 1b,07 00 43 1e 1c dd 5e 23 8f 95 34 2a dd 67 6d dd eb 1b 36 22 36 28 df 61 df 61 df 61 37
5/S5025.DAT,0x47E04,0x47E06,0x47E08,0x47E1F,0x47E1F,0x17,25,23,1,0x47DFE,high,control_0100,01 00,00 00 00 21 00 05 00 00 00 1b 00 01 00 00 00 1b,01 00 6d 2d 1d e4 3d e6 01 1b 1b 20 9c 2d 23 1e 21 3d df 61 df 61 df 61 37
5/S5025.DAT,0x47F9A,0x47F9C,0x47F9C,0x47FAB,0x47FAB,0x19,15,15,0,0x47F94,high,none,,00 00 00 21 00 05 00 00 00 1b 00 01 00 00 00 1b,de 5f 23 28 35 32 38 1b 1d 1b df 61 df 61 37
5/S5026.DAT,0x4786E,0x47870,0x47870,0x47899,0x47899,0x17,41,41,1,0x47868,high,none,,00 00 00 21 00 05 00 00 00 1b 00 01 00 00 00 1b,07 00 df 61 df 61 2e 32 30 1b 1b 2d 4a 48 55 26 20 3c e4 3d e6 01 de 19 20 23 dd c9 28 87 23 86 29 1f 49 54 df 61 df 61 37
5/S5031.DAT,0x47A1A,0x47A1C,0x47A1C,0x47A29,0x47A29,0x17,13,13,0,,medium,none,,00 00 00 0e 00 2b 00 03 00 26 00 00 00 27 00 ff,28 00 14 01 23 00 25 00 31 01 20 00 25
5/S5031.DAT,0x47C16,0x47C18,0x47C18,0x47C25,0x47C25,0x17,13,13,0,,medium,none,,00 00 00 0e 00 2b 00 03 00 26 00 00 00 27 00 ff,28 00 12 02 23 00 25 00 2f 02 20 00 25
5/S5031.DAT,0x48594,0x48596,0x48598,0x4859F,0x4859F,0x17,9,7,0,,medium,control_0100,01 00,00 00 00 0e 00 2b 00 03 00 26 00 00 00 27 00 ff,01 00 25 00 1a 00 1e 00 25
5/S5032.DAT,0x47942,0x47944,0x47944,0x47954,0x47954,0x17,16,16,0,0x4793C,high,none,,00 00 21 00 05 00 00 00 1b 00 01 00 01 00 1b 00,07 00 41 26 20 24 41 32 30 28 3a 33 58 4a 48 37
5/S5032.DAT,0x479E0,0x479E2,0x479E2,0x479EC,0x479EC,0x17,10,10,0,0x479DA,high,none,,00 00 21 00 05 00 00 00 1b 00 01 00 01 00 1b 00,07 00 43 1e 38 dd c5 55 26 37
5/S5041.DAT,0x47988,0x4798A,0x4798A,0x479A0,0x479A0,0x19,22,22,1,0x47982,high,none,,00 00 21 00 05 00 00 00 1b 00 01 00 01 00 1b 00,dd 0c 1c 4d 4f 25 e6 01 40 28 39 2e 2e 27 30 44 21 3e 32 1f 4c 37
5/S5041.DAT,0x479D0,0x479D2,0x479D2,0x479EF,0x479EF,0x19,29,29,1,0x479CA,high,none,,00 00 00 21 00 05 00 00 00 1b 00 01 00 01 00 1b,dd 0c 1c 4d 4f 25 e6 01 52 88 1c dd a8 de 59 36 1e 21 de 43 23 d3 1b 21 dd 24 1e 1b 37
5/S5041.DAT,0x47A20,0x47A22,0x47A22,0x47A4B,0x47A4B,0x19,41,41,2,0x47A1A,high,none,,00 00 00 21 00 05 00 00 00 1b 00 01 00 01 00 1b,dd 0c 1c 4d 4f 25 e6 01 52 88 28 dd e8 dd 16 1c de ce de a9 2f dd 48 32 24 a4 dd d6 2f dd 62 dd 9f 1e e6 01 4c 4a 27 9c 24
5/S5041.DAT,0x47A7C,0x47A7E,0x47A7E,0x47A97,0x47A97,0x19,25,25,1,0x47A76,high,none,,00 00 00 21 00 05 00 00 00 1b 00 01 00 01 00 1b,dd 0c 1c 4d 4f 25 e6 01 a4 b2 83 1c 5d 5e 2f de c9 44 b9 9c 21 1b 29 1f 37
5/S5041.DAT,0x47AC8,0x47ACA,0x47ACA,0x47B04,0x47B04,0x19,58,58,3,0x47AC2,high,none,,00 00 21 00 05 00 00 00 1b 00 01 00 01 00 1b 00,dd 0c 1c 4d 4f 25 e6 01 41 1e 21 24 dd e8 dd 16 1c 61 2a dd ed 27 39 e6 01 5f 34 47 62 31 2a dd 8c 32 35 1e 1f 37 e6 01 30 38 27 35 52 88 28 de
5/S5041.DAT,0x47B34,0x47B36,0x47B36,0x47B69,0x47B69,0x19,51,51,2,0x47B2E,high,none,,00 00 00 21 00 05 00 00 00 1b 00 01 00 01 00 1b,dd 0c 1c 4d 4f 25 e6 01 42 31 4e 24 de 08 1c 4d 4f 83 2f dd 0f 4a dd 5d 51 21 1b 22 e6 01 5f 34 47 62 31 2f dd 83 1e 21 24 dd 73 33 2f dd e0 de
5/S5041.DAT,0x47B9A,0x47B9C,0x47B9C,0x47BB8,0x47BB8,0x19,28,28,1,0x47B94,high,none,,00 00 21 00 05 00 00 00 1b 00 01 00 01 00 1b 00,dd 0c 1c 4d 4f 25 e6 01 41 1c dd 2e 23 de a6 2f 20 1f b5 49 21 dd 24 1e 1b 2d 35 37
5/S5041.DAT,0x47BE8,0x47BEA,0x47BEA,0x47C02,0x47C02,0x19,24,24,1,0x47BE2,high,none,,00 00 21 00 05 00 00 00 1b 00 01 00 01 00 1b 00,dd 0c 1c 4d 4f 25 e6 01 a4 b2 83 52 88 2a 6e 2f 40 29 21 9a 1f 20 2f 37
5/S5041.DAT,0x47C32,0x47C34,0x47C34,0x47C54,0x47C54,0x19,32,32,2,0x47C2C,high,none,,00 00 21 00 05 00 00 00 1b 00 01 00 01 00 1b 00,dd 0c 1c 4d 4f 25 e6 01 dd e8 28 de 43 83 36 38 56 7b 46 1f 1e e6 01 52 88 2f dd 27 4a 21 22 37
5/S5041.DAT,0x47C84,0x47C86,0x47C86,0x47CAA,0x47CAA,0x19,36,36,1,0x47C7E,high,none,,00 00 21 00 05 00 00 00 1b 00 01 00 01 00 1b 00,dd 0c 1c 4d 4f 25 e6 01 41 1c de 0c 1e 36 1e 21 5b dd 0c 1c 94 5a 36 5b 5d cb 1c de 64 5a 2f dd bc 2b 3d 37
5/S5041.DAT,0x47D2E,0x47D30,0x47D30,0x47D3D,0x47D3D,0x19,13,13,0,0x47D28,high,none,,00 00 00 21 00 05 00 00 00 1b 00 01 00 00 00 1b,5b dd 0c 1c 94 5a 2f 87 23 86 32 1f 37
5/S5041.DAT,0x47D72,0x47D74,0x47D74,0x47D82,0x47D82,0x19,14,14,0,0x47D6C,high,none,,00 00 21 00 05 00 00 00 1b 00 01 00 00 00 1b 00,5b 5d cb 1c de 64 5a 2f 87 23 86 32 1f 37
5/S5041.DAT,0x47DB2,0x47DB4,0x47DB4,0x47DCA,0x47DCA,0x19,22,22,1,0x47DAC,high,none,,00 00 21 00 05 00 00 00 1b 00 01 00 00 00 1b 00,dd 0c 1c 4d 4f 25 e6 01 42 31 4e 24 1f 1c 2d 35 3d df 61 df 61 37
5/S5041.DAT,0x47E08,0x47E0A,0x47E0A,0x47E31,0x47E31,0x17,39,39,0,0x47E02,high,none,,00 00 00 21 00 05 00 00 00 1b 00 01 00 00 00 1b,07 00 41 32 28 24 dd 5e 9a 1c 21 2a 33 2f a4 b2 1c 38 1c 23 30 44 22 36 1b 26 5b 5d cb 1c de 64 5a 30 28 1d 1b 20 37
5/S5041.DAT,0x47E62,0x47E64,0x47E64,0x47E7F,0x47E7F,0x17,27,27,1,0x47E5C,high,none,,00 00 00 21 00 05 00 00 00 1b 00 01 00 00 00 1b,07 00 43 1e 1c 4a 48 6a 02 e6 01 5b 5d cb 1c de 64 5a 28 43 1e 1c 4a 48 6a 02 02
5/S5052.DAT,0x479AA,0x479AC,0x479AC,0x479B5,0x479B5,0x17,9,9,0,0x479A4,high,none,,00 00 00 21 00 05 00 00 00 1b 00 01 00 00 00 1b,07 00 1e 24 1e 27 29 1f 02
5/S5052.DAT,0x47A8C,0x47A8E,0x47A8E,0x47AA5,0x47AA5,0x17,23,23,1,0x47A86,high,none,,00 00 00 21 00 05 00 00 00 1b 00 01 00 00 00 1b,07 00 1b 40 dd 31 20 29 1f 24 dd 31 20 29 1f e6 01 dd 6e 2f 91 26 6a
5/S5052.DAT,0x47AD6,0x47AD8,0x47AD8,0x47AF5,0x47AF5,0x17,29,29,1,0x47AD0,high,none,,00 00 00 21 00 05 00 00 00 1b 00 01 00 00 00 1b,07 00 dd 6e 28 91 26 2a dd c9 28 43 49 2d 6a e6 01 91 26 35 49 1d 33 1f 35 35 20 33 1d
5/S5052.DAT,0x47B26,0x47B28,0x47B28,0x47B45,0x47B45,0x19,29,29,1,0x47B20,high,none,,00 00 00 21 00 05 00 00 00 1b 00 01 00 00 00 1b,dd 14 60 ab 42 25 e6 01 52 28 dd 24 dd 50 1c dd f6 23 35 49 dd 1c 44 22 1c 30 28 1d 1b
5/S5052.DAT,0x47B76,0x47B78,0x47B78,0x47BA6,0x47BA6,0x19,46,46,2,0x47B70,high,none,,00 00 21 00 05 00 00 00 1b 00 01 00 00 00 1b 00,dd 14 60 ab 42 25 e6 01 de 44 1b 26 4b 23 3b 27 46 1c ae 23 24 e6 01 dd 24 dd 50 1c dd f6 30 1d 3e 63 26 dd d9 da 2a dd 8c 32 22 35 55 26
5/S5052.DAT,0x47BD6,0x47BD8,0x47BD8,0x47BFC,0x47BFC,0x19,36,36,2,0x47BD0,high,none,,00 00 21 00 05 00 00 00 1b 00 01 00 00 00 1b 00,dd 14 60 ab 42 25 e6 01 1b 27 dd 31 49 1f cc 24 41 1c 7e 1c dd f6 23 dd 33 29 21 28 e6 01 3e 32 27 1b 20 3c
5/S5052.DAT,0x47C2C,0x47C2E,0x47C2E,0x47C5B,0x47C5B,0x19,45,45,2,0x47C26,high,none,,00 00 00 21 00 05 00 00 00 1b 00 01 00 00 00 1b,dd 14 60 ab 42 25 e6 01 41 1c dd d9 da 28 24 dd 0c 1c 4d 4f 2f de 07 1e 21 de 97 1c e6 01 47 78 6b 42 5e 20 33 40 29 21 3e 22 28 8c 35
5/S5052.DAT,0x47C8C,0x47C8E,0x47C8E,0x47CB6,0x47CB6,0x17,40,40,1,0x47C86,high,none,,00 00 21 00 05 00 00 00 1b 00 01 00 00 00 1b 00,07 00 dd 24 1c 1d 1b 52 88 1d 6a 3b 33 2d 36 9f 26 2a 1c 26 e4 3d e6 01 27 3f 1b 1b 24 e4 1f dd 7e dd 87 28 30 44 2d 6a
6/S6011.DAT,0x47D38,0x47D3A,0x47D3C,0x47D44,0x47D44,0x17,10,8,0,,medium,control_0100,01 00,00 00 21 00 05 00 00 00 1b 00 01 00 00 00 2a 00,01 00 4d 37 34 2f 3c 33 43 1f
6/S6011.DAT,0x47DAE,0x47DB0,0x47DB2,0x47DBA,0x47DBA,0x17,10,8,0,,medium,control_0100,01 00,00 00 21 00 05 00 00 00 1b 00 01 00 00 00 22 00,01 00 3d 36 2b 2f 48 30 5d 34
6/S6011.DAT,0x47E84,0x47E86,0x47E86,0x47E9F,0x47E9F,0x19,25,25,0,,medium,none,,00 00 00 21 00 06 00 04 00 05 00 02 00 00 00 01,e5 02 28 54 27 dd 68 df 4a b0 dd 18 e6 00 e5 02 dd 34 1b df 27 27 dd 0a e6
6/S6011.DAT,0x4804E,0x48050,0x48050,0x48076,0x48076,0x17,38,38,1,0x48048,high,none,,00 00 21 00 05 00 00 00 1b 00 01 00 00 00 1b 00,07 00 43 1e 38 52 20 33 d3 1b 1f b0 1d 1c 30 e6 01 df 33 1e 3e 28 c6 33 2d 2a e4 0b 2c e4 0b 2c e4 0b 2c e4 0b 37
6/S6012.DAT,0x47D38,0x47D3A,0x47D3C,0x47D44,0x47D44,0x17,10,8,0,,medium,control_0100,01 00,00 00 21 00 05 00 00 00 1b 00 01 00 00 00 2a 00,01 00 4d 37 34 2f 3c 33 43 1f
6/S6012.DAT,0x47DAE,0x47DB0,0x47DB2,0x47DBA,0x47DBA,0x17,10,8,0,,medium,control_0100,01 00,00 00 21 00 05 00 00 00 1b 00 01 00 00 00 22 00,01 00 3d 36 2b 2f 48 30 5d 34
6/S6012.DAT,0x47E84,0x47E86,0x47E86,0x47E9F,0x47E9F,0x19,25,25,0,,medium,none,,00 00 00 21 00 06 00 04 00 05 00 02 00 00 00 01,e5 02 28 54 27 dd 68 df 4a b0 dd 18 e6 00 e5 02 dd 34 1b df 27 27 dd 0a e6
6/S6012.DAT,0x47F9C,0x47F9E,0x47F9E,0x47FAD,0x47FAD,0x17,15,15,0,0x47F96,high,none,,00 00 00 21 00 05 00 00 00 1b 00 01 00 00 00 1b,03 00 1d 2d 35 20 24 3b 29 20 1d 1b 1d a1 37
6/S6012.DAT,0x47FDE,0x47FE0,0x47FE0,0x47FF7,0x47FF7,0x17,23,23,1,0x47FD8,high,none,,00 00 00 21 00 05 00 00 00 1b 00 01 00 00 00 1b,04 00 1d 31 23 e6 01 54 2e 23 30 38 dd 94 c4 28 3b 22 38 2d 4a 48 3d
6/S6012.DAT,0x4802E,0x48030,0x48032,0x48056,0x48056,0x17,38,36,0,0x48028,high,control_0100,01 00,00 00 21 00 05 00 00 00 1b 00 01 00 00 00 1b 00,01 00 4a 48 24 3b 4a 1b 3a 2d 1c 91 26 dd 69 1c de 3e 1c dd 99 88 2a de 14 dd 51 dd 33 1b 1c dd 64 23 1b 22 1c 3c
6/S6012.DAT,0x4808C,0x4808E,0x4808E,0x480B2,0x480B2,0x17,36,36,1,0x48086,high,none,,00 00 21 00 05 00 00 00 1b 00 01 00 00 00 1b 00,04 00 41 32 28 54 26 4a 48 55 26 1d 37 e6 01 e4 3d 97 dd 45 29 24 e4 1f 97 dd 45 29 24 e4 1f 97 dd 45 29 37
6/S6012.DAT,0x480EE,0x480F0,0x480F0,0x48124,0x48124,0x17,52,52,3,0x480E8,high,none,,00 00 21 00 05 00 00 00 1b 00 01 00 00 00 1b 00,02 00 2e 1c 45 d2 8f bb 7f 3a 46 e6 01 de 3e 1c dd 99 88 35 29 21 1b 29 21 22 2d 35 24 e6 01 4a 4a 1b 1c 91 29 21 22 7a 38 e6 01 3f 21 23 1d 2d
6/S6012.DAT,0x481A2,0x481A4,0x481A4,0x481B3,0x481B3,0x17,15,15,0,0x4819C,high,none,,00 00 00 21 00 05 00 00 00 1b 00 01 00 00 00 1b,02 00 1d 2d 35 a1 24 40 22 2d 20 2e 33 a1 02
6/S6013.DAT,0x47D38,0x47D3A,0x47D3C,0x47D44,0x47D44,0x17,10,8,0,,medium,control_0100,01 00,00 00 21 00 05 00 00 00 1b 00 01 00 00 00 2a 00,01 00 4d 37 34 2f 3c 33 43 1f
6/S6013.DAT,0x47DAE,0x47DB0,0x47DB2,0x47DBA,0x47DBA,0x17,10,8,0,,medium,control_0100,01 00,00 00 21 00 05 00 00 00 1b 00 01 00 00 00 22 00,01 00 3d 36 2b 2f 48 30 5d 34
6/S6013.DAT,0x47E84,0x47E86,0x47E86,0x47E9F,0x47E9F,0x19,25,25,0,,medium,none,,00 00 00 21 00 06 00 04 00 05 00 02 00 00 00 01,e5 02 28 54 27 dd 68 df 4a b0 dd 18 e6 00 e5 02 dd 34 1b df 27 27 dd 0a e6
6/S6013.DAT,0x47FE6,0x47FE8,0x47FE8,0x47FF8,0x47FF8,0x19,16,16,1,0x47FE0,high,none,,00 00 21 00 05 00 00 00 1b 00 01 00 00 00 1b 00,6c 69 72 34 25 e6 01 56 76 1d 3a 1b 27 2b 20 3c
6/S6013.DAT,0x4807C,0x4807E,0x4807E,0x48090,0x48090,0x19,18,18,1,0x48076,high,none,,00 00 21 00 05 00 00 00 1b 00 01 00 00 00 1b 00,6c 69 72 34 25 e6 01 30 28 24 3b dd 43 39 70 3a 1b 37
6/S6013.DAT,0x480DC,0x480DE,0x480DE,0x480FC,0x480FC,0x17,30,30,1,0x480D6,high,none,,00 00 21 00 05 00 00 00 1b 00 01 00 00 00 1b 00,07 00 40 29 36 24 de 3e 30 45 1d 2a 29 1f 63 68 2a e6 01 18 52 41 55 29 1f 43 49 4a 48 37
6/S6013.DAT,0x48228,0x4822A,0x4822A,0x48241,0x48241,0x17,23,23,0,0x48222,high,none,,00 00 00 21 00 05 00 00 00 1b 00 01 00 00 00 1b,04 00 94 28 dd 2a 1c 94 23 be dd 06 2f de 03 3e df 61 df 61 37 e4 3d
6/S6013.DAT,0x4828E,0x48290,0x48290,0x482EA,0x482EA,0x19,90,90,2,0x48288,high,none,,00 00 21 00 05 00 00 00 1b 00 01 00 00 00 1b 00,90 1c 94 25 e6 01 e4 3d e4 1f 2c e4 1f 2c e4 1f 2c e4 1f df 2e e4 15 c4 e4 15 1c e4 3d 2c e4 1f dd 56 31 e4 15 81 e4 15 53 1c e4 3d 2c e4 1f 90
6/S6013.DAT,0x4834A,0x4834C,0x4834C,0x48389,0x48389,0x17,61,61,1,0x48344,high,none,,00 00 00 21 00 05 00 00 00 1b 00 01 00 00 00 1b,05 00 dd 56 31 81 53 1d 33 24 de bc da de 28 93 50 7b 2a 3f 29 21 24 41 2e 1c de 69 de 2b 2a e6 01 5b c1 1c 8f 31 c9 5a 36 1b 26 38 1c 35 29 1f
6/S6013.DAT,0x483BA,0x483BC,0x483BC,0x483E7,0x483E7,0x17,43,43,1,0x483B4,high,none,,00 00 00 21 00 05 00 00 00 1b 00 01 00 00 00 1b,07 00 5b c1 1c 8f 31 c9 5a 3c dd 69 1c 38 1c 30 28 1d 1b 1d e4 1f 2c e4 1f 2c e4 1f 2c 37 e6 01 e4 3d d3 1b 1f 2e 36 2a 1d 1b 37
6/S6013.DAT,0x484A2,0x484A4,0x484A4,0x484CE,0x484CE,0x19,42,42,2,0x4849C,high,none,,00 00 21 00 05 00 00 00 1b 00 01 00 00 00 1b 00,57 64 67 84 25 e6 01 de fe c3 24 dd 9e 28 dd bf 74 1c 89 36 1e 21 e6 01 df 43 3e dd e0 de 8f 1e 21 dd 04 3e 45 38 39 30 2b 37
6/S6013.DAT,0x484FE,0x48500,0x48500,0x48520,0x48520,0x19,32,32,2,0x484F8,high,none,,00 00 21 00 05 00 00 00 1b 00 01 00 00 00 1b 00,57 64 67 84 25 e6 01 de af 7b 2a 3f 29 1f 1d 33 58 24 e6 01 a7 7d 3b dd 36 4b 3d 39 70 3a 1b 37
6/S6013.DAT,0x485A0,0x485A2,0x485A2,0x485BC,0x485BC,0x19,26,26,1,0x4859A,high,none,,00 00 21 00 05 00 00 00 1b 00 01 00 00 00 1b 00,6c 69 72 34 25 e6 01 1b 45 30 38 dd 1d c5 1e 21 3b 98 4b 1e 21 3b 39 27 2b 37
6/S6014.DAT,0x46D38,0x46D3A,0x46D3C,0x46D44,0x46D44,0x17,10,8,0,,medium,control_0100,01 00,00 00 21 00 05 00 00 00 1b 00 01 00 00 00 2a 00,01 00 4d 37 34 2f 3c 33 43 1f
6/S6014.DAT,0x46DAE,0x46DB0,0x46DB2,0x46DBA,0x46DBA,0x17,10,8,0,,medium,control_0100,01 00,00 00 21 00 05 00 00 00 1b 00 01 00 00 00 22 00,01 00 3d 36 2b 2f 48 30 5d 34
6/S6014.DAT,0x46E84,0x46E86,0x46E86,0x46E9F,0x46E9F,0x19,25,25,0,,medium,none,,00 00 00 21 00 06 00 04 00 05 00 02 00 00 00 01,e5 02 28 54 27 dd 68 df 4a b0 dd 18 e6 00 e5 02 dd 34 1b df 27 27 dd 0a e6
6/S6014.DAT,0x475EE,0x475F0,0x475F0,0x47600,0x47600,0x19,16,16,1,0x475E8,high,none,,00 00 21 00 05 00 00 00 1b 00 01 00 00 00 1b 00,6c 69 72 34 25 e6 01 56 76 1d 3a 1b 27 2b 20 3c
6/S6014.DAT,0x477A2,0x477A4,0x477A4,0x477BE,0x477BE,0x19,26,26,1,0x4779C,high,none,,00 00 21 00 05 00 00 00 1b 00 01 00 00 00 1b 00,6c 69 72 34 25 e6 01 1b 45 30 38 dd 1d c5 1e 21 3b 98 4b 1e 21 3b 39 27 2b 37
6/S6014.DAT,0x47900,0x47902,0x47902,0x47912,0x47912,0x19,16,16,1,0x478FA,high,none,,00 00 21 00 05 00 00 00 1b 00 01 00 00 00 1b 00,6c 69 72 34 25 e6 01 56 76 1d 3a 1b 27 2b 20 3c
6/S6014.DAT,0x479A8,0x479AA,0x479AA,0x479BA,0x479BA,0x19,16,16,1,0x479A2,high,none,,00 00 21 00 05 00 00 00 1b 00 01 00 00 00 1b 00,6c 69 72 34 25 e6 01 56 76 1d 3a 1b 27 2b 20 3c
6/S6014.DAT,0x47B74,0x47B76,0x47B76,0x47B90,0x47B90,0x19,26,26,1,0x47B6E,high,none,,00 00 21 00 05 00 00 00 1b 00 01 00 00 00 1b 00,6c 69 72 34 25 e6 01 1b 45 30 38 dd 1d c5 1e 21 3b 98 4b 1e 21 3b 39 27 2b 37
6/S6014.DAT,0x47EA0,0x47EA2,0x47EA2,0x47EB2,0x47EB2,0x19,16,16,1,0x47E9A,high,none,,00 00 21 00 05 00 00 00 1b 00 01 00 00 00 1b 00,6c 69 72 34 25 e6 01 56 76 1d 3a 1b 27 2b 20 3c
6/S6014.DAT,0x4804C,0x4804E,0x48050,0x4805B,0x4805B,0x17,13,11,0,0x48046,high,control_0100,01 00,00 00 00 21 00 05 00 00 00 1b 00 01 00 00 00 1b,01 00 8a 2d 1d bc 34 af 34 4c 2c 2c 2c
6/S6014.DAT,0x480DA,0x480DC,0x480DC,0x480F6,0x480F6,0x19,26,26,1,0x480D4,high,none,,00 00 21 00 05 00 00 00 1b 00 01 00 00 00 1b 00,6c 69 72 34 25 e6 01 1b 45 30 38 dd 1d c5 1e 21 3b 98 4b 1e 21 3b 39 27 2b 37
6/S6014.DAT,0x483CC,0x483CE,0x483CE,0x4840A,0x4840A,0x19,60,60,2,0x483C6,high,none,,00 00 21 00 05 00 00 00 1b 00 01 00 00 00 1b 00,6c 69 72 34 25 e6 01 2e 4b 33 1c d0 b1 2a 5f 34 47 62 31 23 44 20 1d 1b 1c 28 6f dd b4 53 1c de 1d 1b de fe dd 6b 23 24 de 09 1e 73 26 2a dd 6c
6/S6014.DAT,0x4843A,0x4843C,0x4843C,0x4846C,0x4846C,0x19,48,48,2,0x48434,high,none,,00 00 21 00 05 00 00 00 1b 00 01 00 00 00 1b 00,6c 69 72 34 25 e6 01 de 51 46 58 24 dd 1b dd 51 2f dd 33 dd 3e 2b 22 5f 34 47 62 31 28 24 e6 01 dd 1b dd 51 d0 b1 23 28 dd 19 1b 38 2d 30 2b 37
6/S6014.DAT,0x4849C,0x4849E,0x4849E,0x484CD,0x484CD,0x19,47,47,2,0x48496,high,none,,00 00 00 21 00 05 00 00 00 1b 00 01 00 00 00 1b,6c 69 72 34 25 e6 01 de 08 23 28 24 dd 72 2d 30 1b 22 5f 34 47 62 31 23 28 24 e6 01 c1 1c dd 1b dd 51 2a 3d 3e 44 3e 36 20 38 3f 39 27 2b 37
6/S6014.DAT,0x484FE,0x48500,0x48500,0x48528,0x48528,0x19,40,40,2,0x484F8,high,none,,00 00 21 00 05 00 00 00 1b 00 01 00 00 00 1b 00,6c 69 72 34 25 e6 01 63 1b 28 de 5c 2f dd 33 43 1d 44 48 1b 49 27 59 2d 37 e6 01 61 35 49 4a 48 35 51 1d 2d 30 2b 3d 37
6/S6014.DAT,0x48558,0x4855A,0x4855A,0x48564,0x48564,0x17,10,10,0,0x48552,high,none,,00 00 21 00 05 00 00 00 1b 00 01 00 00 00 1b 00,02 00 91 29 21 3e 32 22 a7 37
6/S6014.DAT,0x485A0,0x485A2,0x485A2,0x485CA,0x485CA,0x19,40,40,1,0x4859A,high,none,,00 00 21 00 05 00 00 00 1b 00 01 00 00 00 1b 00,6c 69 72 34 25 e6 01 dd 19 1b de 09 87 2f de 0a 2d 30 63 26 36 24 41 32 35 49 dd d4 3e 1c dd de de 75 2f 45 51 27 2b 37
6/S6014.DAT,0x485FA,0x485FC,0x485FC,0x48635,0x48635,0x19,57,57,3,0x485F4,high,none,,00 00 00 21 00 05 00 00 00 1b 00 01 00 00 00 1b,6c 69 72 34 25 e6 01 dd de de 75 28 24 d0 b1 1e 1f cf 38 24 3a 32 1f cf 38 e6 01 dd a7 33 32 27 2b 37 e6 01 1b 45 38 6c d6 6f 34 7f 2b 22 dd 11
6/S6014.DAT,0x48666,0x48668,0x48668,0x48680,0x48680,0x17,24,24,1,0x48660,high,none,,00 00 21 00 05 00 00 00 1b 00 01 00 00 00 1b 00,03 00 1d 2d 35 20 24 4b 73 29 36 40 22 a9 23 e6 01 1d 29 21 44 1f 1d 37
6/S6014.DAT,0x48700,0x48702,0x48702,0x4870B,0x4870B,0x17,9,9,0,0x486FA,high,none,,00 00 00 21 00 05 00 00 00 1b 00 01 00 00 00 1b,03 00 df 61 df 61 df 61 37
6/S6014.DAT,0x48748,0x4874A,0x4874A,0x48775,0x48775,0x19,43,43,2,0x48742,high,none,,00 00 00 21 00 05 00 00 00 1b 00 01 00 00 00 1b,6c 69 72 34 25 e6 01 dd 99 88 2a 97 46 21 3e 22 36 24 63 93 30 1c b6 43 39 23 e6 01 3d 39 6f dd b4 53 23 3a 2a 56 21 44 27 2b 37
6/S6014.DAT,0x487A6,0x487A8,0x487A8,0x487CB,0x487CB,0x19,35,35,2,0x487A0,high,none,,00 00 00 21 00 05 00 00 00 1b 00 01 00 00 00 1b,6c 69 72 34 25 e6 01 2b dd 35 21 1c 52 2a d0 b1 23 dd 01 1b 21 1b 22 43 49 30 28 e6 01 3f 39 27 59 2d 37
6/S6014.DAT,0x487FC,0x487FE,0x487FE,0x4882E,0x4882E,0x19,48,48,1,0x487F6,high,none,,00 00 21 00 05 00 00 00 1b 00 01 00 00 00 1b 00,6c 69 72 34 25 e6 01 dd 4e d6 57 4e 62 31 1c dd a6 dd ad dd d2 2a de 44 1b dd d2 23 1d 22 3d 26 23 a9 2f 45 49 21 6d 21 28 54 26 30 1e 73 26 3c
6/S6014.DAT,0x4885E,0x48860,0x48860,0x48889,0x48889,0x19,41,41,3,0x48858,high,none,,00 00 00 21 00 05 00 00 00 1b 00 01 00 00 00 1b,6c 69 72 34 25 e6 01 44 29 36 24 e6 01 2b dd b7 40 33 32 21 1e 27 26 dd a4 4b 2e d2 32 28 e6 01 1b 1d 3e 1d 39 27 2b 3d 37
6/S6014.DAT,0x488BA,0x488BC,0x488BC,0x488CE,0x488CE,0x17,18,18,0,0x488B4,high,none,,00 00 21 00 05 00 00 00 1b 00 01 00 00 00 1b 00,07 00 dd a4 4b 2e d2 32 36 28 dd d3 1c 2e 36 4a 48 3c
6/S6014.DAT,0x4898C,0x4898E,0x4898E,0x489B9,0x489B9,0x19,43,43,2,0x48986,high,none,,00 00 00 21 00 05 00 00 00 1b 00 01 00 00 00 1b,6c 69 72 34 25 e6 01 42 57 57 5c 47 1c dd 8f dd 9d 67 34 7f 69 34 28 e6 01 de 09 dd 42 23 dd b2 de d2 2a de a0 1b 3d 26 30 2b 37
6/S6014.DAT,0x489EA,0x489EC,0x489EC,0x48A20,0x48A20,0x19,52,52,3,0x489E4,high,none,,00 00 21 00 05 00 00 00 1b 00 01 00 00 00 1b 00,6c 69 72 34 25 e6 01 1d 20 23 28 24 5f 34 47 62 31 23 dd 1e 33 32 1f 24 e6 01 3f 41 2e 23 1e 20 1d 1b 42 4e dd 60 77 6b 31 38 3f 22 36 e6 01 d3
6/S6014.DAT,0x48A50,0x48A52,0x48A52,0x48A74,0x48A74,0x19,34,34,2,0x48A4A,high,none,,00 00 21 00 05 00 00 00 1b 00 01 00 00 00 1b 00,6c 69 72 34 25 e6 01 61 de 38 1e 38 20 4c 21 24 cf 23 28 74 29 21 6d 22 1c 38 e6 01 3d 1b 1c 30 28 3c
6/S6014.DAT,0x48AA4,0x48AA6,0x48AA6,0x48AC6,0x48AC6,0x17,32,32,1,0x48A9E,high,none,,00 00 21 00 05 00 00 00 1b 00 01 00 00 00 1b 00,07 00 41 26 4a 48 24 3b 27 46 33 1c 61 30 dd c9 2f e6 01 54 2d 54 2d 87 23 86 32 22 2d 4a 48 02
6/S6014.DAT,0x48AF6,0x48AF8,0x48AF8,0x48B24,0x48B24,0x17,44,44,1,0x48AF0,high,none,,00 00 21 00 05 00 00 00 1b 00 01 00 00 00 1b 00,07 00 38 4b 55 2d 24 87 23 86 32 1f c3 28 43 1e 23 27 20 59 2d 1e 48 1b 37 e6 01 dd b5 d6 82 dd b5 d6 82 dd b5 d6 82 dd b5 d6 82 37
6/S6014.DAT,0x48B54,0x48B56,0x48B58,0x48B64,0x48B64,0x17,14,12,0,0x48B4E,high,control_0100,01 00,00 00 21 00 05 00 00 00 1b 00 01 00 00 00 1b 00,01 00 27 20 59 22 de ba 1d 1b 30 1e 73 02
6/S6014.DAT,0x48BA0,0x48BA2,0x48BA2,0x48BC4,0x48BC4,0x19,34,34,2,0x48B9A,high,none,,00 00 21 00 05 00 00 00 1b 00 01 00 00 00 1b 00,6c 69 72 34 25 e6 01 5c dd 14 31 dd 6d 1c dd 10 1c b4 6d 1c 4d 4f 2f e6 01 3b d2 46 21 1b 27 2b 20 3c
6/S6014.DAT,0x48BF4,0x48BF6,0x48BF6,0x48C17,0x48C17,0x19,33,33,2,0x48BEE,high,none,,00 00 00 21 00 05 00 00 00 1b 00 01 00 00 00 1b,6c 69 72 34 25 e6 01 dd 73 de 6b 28 1b 45 38 be dd 06 2f a0 dd 1e 29 21 3e 32 21 e6 01 1b 27 2b 37
6/S6014.DAT,0x48C48,0x48C4A,0x48C4A,0x48C84,0x48C84,0x19,58,58,3,0x48C42,high,none,,00 00 21 00 05 00 00 00 1b 00 01 00 00 00 1b 00,6c 69 72 34 25 e6 01 dd 3a 53 64 31 7c 23 28 24 14 bc c2 af 5c 53 dd 23 6b 42 2a e6 01 3f 22 7a 30 2b 1e 24 cf 23 28 74 29 21 24 e6 01 b0 2f d3
6/S6014.DAT,0x48CB4,0x48CB6,0x48CB6,0x48CD1,0x48CD1,0x19,27,27,1,0x48CAE,high,none,,00 00 00 21 00 05 00 00 00 1b 00 01 00 00 00 1b,6c 69 72 34 25 e6 01 74 3e 36 df 0b dd 80 dd 58 2f 38 33 46 22 3d 26 30 2b 3d 37
6/S6014.DAT,0x48D02,0x48D04,0x48D04,0x48D0E,0x48D0E,0x17,10,10,0,0x48CFC,high,none,,00 00 21 00 05 00 00 00 1b 00 01 00 00 00 1b 00,04 00 40 3a 1e de b6 1c 26 37
6/S6014.DAT,0x48D4A,0x48D4C,0x48D4C,0x48D7B,0x48D7B,0x19,47,47,3,0x48D44,high,none,,00 00 00 21 00 05 00 00 00 1b 00 01 00 00 00 1b,6c 69 72 34 25 e6 01 57 64 67 23 dd ab 29 1f 84 83 28 24 e6 01 dd 9e 2f dd bf 74 1c 89 36 1e 21 e6 01 dd 34 de 8f 1e 21 1b 22 3d 26 30 2b 37
6/S6014.DAT,0x48DAC,0x48DAE,0x48DAE,0x48DDB,0x48DDB,0x19,45,45,2,0x48DA6,high,none,,00 00 00 21 00 05 00 00 00 1b 00 01 00 00 00 1b,6c 69 72 34 25 e6 01 a4 b2 1c dd 19 3a 2f de 38 1e 1f 3e 1d 29 1f 89 dd ac 23 24 e6 01 dd 36 4b 3d 29 21 6d 21 28 54 26 30 1e 73 26 37
6/S6014.DAT,0x48E56,0x48E58,0x48E58,0x48E6E,0x48E6E,0x19,22,22,1,0x48E50,high,none,,00 00 21 00 05 00 00 00 1b 00 01 00 00 00 1b 00,6c 69 72 34 25 e6 01 54 32 23 45 1b 21 3b b0 1e 1e 27 1e 73 26 3c
6/S6014.DAT,0x49100,0x49102,0x49102,0x49134,0x49134,0x19,50,50,1,0x490FA,high,none,,00 00 21 00 05 00 00 00 1b 00 01 00 00 00 1b 00,6c 69 72 34 25 e6 01 dd 3c 31 dd 4d 34 3a 2d 2a dd 99 88 23 1d 29 1f c3 23 8f 53 dd 56 47 1c de f2 1c 47 5c 31 34 77 31 4e 53 8a 74 44 27 1e 1f
6/S6014.DAT,0x49164,0x49166,0x49166,0x49190,0x49190,0x19,42,42,1,0x4915E,high,none,,00 00 21 00 05 00 00 00 1b 00 01 00 00 00 1b 00,6c 69 72 34 25 e6 01 2e 2e 30 28 24 3f 22 42 65 db d8 2a 87 23 86 39 27 2b 37 47 5c 31 34 77 31 4e 53 35 49 23 df 61 df 61 37
6/S6014.DAT,0x491C4,0x491C6,0x491C6,0x491F8,0x491F8,0x19,50,50,3,0x491BE,high,none,,00 00 21 00 05 00 00 00 1b 00 01 00 00 00 1b 00,6c 69 72 34 25 e6 01 af 5c 53 dd 64 23 24 a4 b2 1c 62 31 34 30 e6 01 47 62 31 5c dd a1 62 34 2f 3b 2b 36 e6 01 47 db 31 62 47 2f a0 32 27 2b 3d
6/S6014.DAT,0x49228,0x4922A,0x4922A,0x49261,0x49261,0x19,55,55,1,0x49222,high,none,,00 00 00 21 00 05 00 00 00 1b 00 01 00 00 00 1b,6c 69 72 34 25 e6 01 41 1c cf 23 24 bc 31 de 4d 53 36 e7 02 30 6b 34 80 1c dd 64 1c dd 4c 2f de 0a 2d 30 42 65 d1 34 1c de b1 de ca 2f dd 15 46
6/S6014.DAT,0x49292,0x49294,0x49294,0x492BC,0x492BC,0x19,40,40,2,0x4928C,high,none,,00 00 21 00 05 00 00 00 1b 00 01 00 00 00 1b 00,6c 69 72 34 25 e6 01 2e 32 28 24 8e dd 20 dd 15 46 22 36 dd 60 31 c9 3a 32 22 1c 30 e6 01 8c 29 36 dd 33 46 27 2b 3d 37
6/S6014.DAT,0x492F0,0x492F2,0x492F2,0x49336,0x49336,0x19,68,68,1,0x492EA,high,none,,00 00 21 00 05 00 00 00 1b 00 01 00 00 00 1b 00,6c 69 72 34 25 e6 01 dd 78 dd 7b de 6e 28 dd 08 dd 25 30 17 27 30 1d 22 36 d3 1b 21 3b 39 27 2b 37 dd 64 23 28 a0 45 20 39 23 3e 1b 38 1c 38 1b
6/S6014.DAT,0x4936A,0x4936C,0x4936C,0x493AC,0x493AC,0x19,64,64,1,0x49364,high,none,,00 00 21 00 05 00 00 00 1b 00 01 00 00 00 1b 00,6c 69 72 34 25 e6 01 d7 d1 cb 1c dd df de 7a 28 24 dd 08 dd 25 30 19 45 23 1d 22 36 d3 1b 21 3b 39 27 2b 37 dd 08 dd 25 a0 45 20 22 36 24 20 1d
6/S6014.DAT,0x493E0,0x493E2,0x493E2,0x4940B,0x4940B,0x19,41,41,1,0x493DA,high,none,,00 00 00 21 00 05 00 00 00 1b 00 01 00 00 00 1b,6c 69 72 34 25 e6 01 41 1c c3 1c 93 dd 4c 89 30 28 24 af 5c 53 23 d5 29 1f de d7 2f de d7 46 21 1b 22 6d 1f 1b 30 2b 4c 37
6/S6014.DAT,0x4943C,0x4943E,0x4943E,0x49468,0x49468,0x19,42,42,2,0x49436,high,none,,00 00 21 00 05 00 00 00 1b 00 01 00 00 00 1b 00,6c 69 72 34 25 e6 01 44 29 36 24 1b 1b 2e 36 2a 3f 39 27 2b 20 33 e6 01 2a 2d 58 29 21 dd f5 55 3e 2f dd ef 29 21 70 3a 1b 37
6/S6014.DAT,0x4949C,0x4949E,0x4949E,0x494E0,0x494E0,0x19,66,66,2,0x49496,high,none,,00 00 21 00 05 00 00 00 1b 00 01 00 00 00 1b 00,6c 69 72 34 25 e6 01 dd 3c 31 dd 4d 34 cb 1c dd b5 31 5c 71 de b4 31 53 1c dd 1b dd 51 1c dd 0a 23 5b 50 44 1d dd 41 de 06 5a 2f de 04 9c dd 5d
6/S6014.DAT,0x49510,0x49512,0x49512,0x49536,0x49536,0x19,36,36,2,0x4950A,high,none,,00 00 21 00 05 00 00 00 1b 00 01 00 00 00 1b 00,6c 69 72 34 25 e6 01 5f 34 47 62 31 1c dd d4 1b 36 2e 55 30 dd 33 29 21 6d 21 28 e6 01 54 26 30 1e 73 26 37
6/S6014.DAT,0x4956A,0x4956C,0x4956C,0x495B0,0x495B0,0x19,68,68,1,0x49564,high,none,,00 00 21 00 05 00 00 00 1b 00 01 00 00 00 1b 00,6c 69 72 34 25 e6 01 57 64 67 dd 9e 30 28 24 57 34 4e 2f de d5 49 21 dd bf 74 2f 74 29 21 1b 22 3d 26 30 2b 2a 24 41 1c dd 08 21 2f dd 79 46 22
6/S6014.DAT,0x495E0,0x495E2,0x495E2,0x49608,0x49608,0x19,38,38,1,0x495DA,high,none,,00 00 21 00 05 00 00 00 1b 00 01 00 00 00 1b 00,6c 69 72 34 25 e6 01 1f 35 24 57 64 67 dd 9e 30 38 33 46 22 43 49 30 28 1d 1b 3d 26 30 2b 2a df 61 df 61 df 61 37
6/S6014.DAT,0x4963C,0x4963E,0x4963E,0x49680,0x49680,0x19,66,66,2,0x49636,high,none,,00 00 21 00 05 00 00 00 1b 00 01 00 00 00 1b 00,6c 69 72 34 25 e6 01 a2 64 34 60 34 80 47 5c 31 34 1c 3f 22 89 c2 2a 43 20 39 27 1e 1f 37 12 45 28 47 78 6b 42 1c 5c 71 dd 39 dd 03 53 e6 01 12
6/S6014.DAT,0x496B0,0x496B2,0x496B2,0x496E6,0x496E6,0x19,52,52,1,0x496AA,high,none,,00 00 21 00 05 00 00 00 1b 00 01 00 00 00 1b 00,6c 69 72 34 25 e6 01 12 45 28 dd 3c 31 dd 4d 34 cb 2a 24 dd 2b c3 1c 12 45 28 42 31 4e 3a 2d 1c b7 b9 2a dd 09 29 21 33 29 1e 48 29 1f 6d 1f 1b
6/S6014.DAT,0x4971A,0x4971C,0x4971C,0x4975F,0x4975F,0x19,67,67,2,0x49714,high,none,,00 00 00 21 00 05 00 00 00 1b 00 01 00 00 00 1b,6c 69 72 34 25 e6 01 63 93 30 1c dd de de 75 dd d2 2a df 17 23 1d 22 42 4e dd 60 77 6b 31 2a 3f 22 3d 26 30 2b 37 de 26 ae 28 5b 44 dd 4f 1c 3b
6/S6021.DAT,0x46A1E,0x46A20,0x46A20,0x46A2D,0x46A2D,0x17,13,13,0,,medium,none,,00 00 00 0e 00 2b 00 03 00 26 00 00 00 27 00 ff,28 00 16 01 23 00 25 00 33 01 20 00 25
6/S6021.DAT,0x46C1A,0x46C1C,0x46C1C,0x46C29,0x46C29,0x17,13,13,0,,medium,none,,00 00 00 0e 00 2b 00 03 00 26 00 00 00 27 00 ff,28 00 14 02 23 00 25 00 31 02 20 00 25
6/S6021.DAT,0x47598,0x4759A,0x4759C,0x475A3,0x475A3,0x17,9,7,0,,medium,control_0100,01 00,00 00 00 0e 00 2b 00 03 00 26 00 00 00 27 00 ff,01 00 25 00 1a 00 1e 00 25
6/S6021.DAT,0x48494,0x48496,0x48496,0x484B2,0x484B2,0x17,28,28,1,0x4848E,high,none,,00 00 21 00 05 00 00 00 1b 00 01 00 00 00 1b 00,03 00 6d 21 6d 21 e6 01 5b dd 01 44 dd 85 39 1c de 2f 5a 2f 87 23 1b 32 4b 48 29 1f
6/S6021.DAT,0x485C0,0x485C2,0x485C2,0x485E7,0x485E7,0x17,37,37,0,0x485BA,high,none,,00 00 00 21 00 05 00 00 00 1b 00 01 00 00 00 1b,05 00 2e 2d 1d dd 7c 49 dd 49 23 1b 1b 3d 26 23 de 89 dd 3e 3a 32 21 1b 1f 1d 2d 21 e4 15 2c e4 15 2c e4 15 2c
6/S6021.DAT,0x48618,0x4861A,0x4861C,0x48649,0x48649,0x17,47,45,0,0x48612,high,control_0100,01 00,00 00 00 21 00 05 00 00 00 1b 00 01 00 00 00 1b,01 00 ac dd 53 2f dd 48 32 24 de 62 46 21 dd 19 3e 1d 22 7a 35 49 23 de e0 dd eb 1e 1f dd 11 23 24 5f 34 47 62 31 2a 45 49 2e 2d 35 1c 4c 37
6/S6021.DAT,0x48680,0x48682,0x48682,0x4869F,0x4869F,0x17,29,29,0,0x4867A,high,none,,00 00 00 21 00 05 00 00 00 1b 00 01 00 00 00 1b,04 00 30 28 24 e4 0b 27 8c 57 64 67 9b 27 30 dd e3 dd 81 1e 21 38 33 3b 26 20 1c dd 57
6/S6022.DAT,0x47A12,0x47A14,0x47A14,0x47A55,0x47A55,0x19,65,65,3,,medium+,none,,00 00 00 21 00 00 00 01 00 00 01 19 00 41 2e 30,2e 1c 5e 23 13 11 11 11 da 88 e6 01 26 49 45 2a 32 21 1b 22 de 14 dd 51 2f dd 33 26 dd 5a de 99 30 e6 01 57 64 67 dd 6a 36 1b 26 dd 6a 46 1c 38
6/S6022.DAT,0x47A60,0x47A62,0x47A62,0x47A90,0x47A90,0x19,46,46,2,,medium+,none,,00 00 21 00 00 00 01 00 00 01 19 00 de 88 32 1f,41 2e 30 1c dd bf dd fc 23 1f 46 1f 7e 28 e6 01 28 2a 4c 1c 3d 26 23 dd 19 4a 2d 1d dd 2d 36 e6 01 5b a9 5a 36 1b 26 38 1c 2f dd 33 29 21
6/S6022.DAT,0x47A9A,0x47A9C,0x47A9C,0x47AB7,0x47AB7,0x19,27,27,1,,medium+,none,,00 00 00 21 00 00 00 01 00 c0 00 19 00 1d 2d 30,de 88 32 1f 7e 23 67 78 31 7f 2f e6 01 dd 3f 46 22 2e 36 2a 30 44 22 33 1e 1b 37
6/S6022.DAT,0x47AC2,0x47AC4,0x47AC4,0x47AE3,0x47AE3,0x19,31,31,1,,medium+,none,,00 00 00 21 00 00 00 01 00 c0 00 1b 00 01 00 02,1d 2d 30 38 24 52 88 66 de 7a 36 1e 21 e6 01 dd af 32 33 32 21 1b 22 29 21 1b 26 b0 4a 48 37
6/S6031.DAT,0x478E2,0x478E4,0x478E4,0x47904,0x47904,0x19,32,32,2,0x478DC,high,none,,00 00 21 00 05 00 00 00 1b 00 01 00 01 00 1b 00,84 c7 25 e6 01 de 51 1c bb df 01 33 2a 24 2e 4b 33 23 dd 01 20 29 21 e6 01 1b 22 3d 26 30 2b 37
6/S6031.DAT,0x47942,0x47944,0x47944,0x4796C,0x4796C,0x19,40,40,2,0x4793C,high,none,,00 00 21 00 05 00 00 00 1b 00 01 00 01 00 1b 00,50 84 c7 25 e6 01 ac dd 53 28 57 64 67 9b 1c 4d 4f 1c de 16 56 20 e6 01 e4 3d 2c e4 1f 2c e4 1f 2c e4 1f 2c e4 1f 2c 37
6/S6031.DAT,0x479AA,0x479AC,0x479AC,0x479CC,0x479CC,0x19,32,32,2,0x479A4,high,none,,00 00 21 00 05 00 00 00 1b 00 01 00 01 00 1b 00,84 c7 25 e6 01 1e 73 59 2d dd 1c dd d7 1c 52 88 e6 01 dd af 22 22 23 de 9b 33 2d 4a 48 55 26 37
6/S6031.DAT,0x47A18,0x47A1A,0x47A1A,0x47A3D,0x47A3D,0x19,35,35,2,0x47A12,high,none,,00 00 00 21 00 05 00 00 00 1b 00 01 00 01 00 1b,84 c7 25 e6 01 40 45 33 2f 3f 27 3e 6d 1d 1b c4 2a 1b 1b e6 01 1d 23 40 33 50 44 1d 61 2f de 48 4a 22 37
6/S6031.DAT,0x47AE6,0x47AE8,0x47AE8,0x47AF8,0x47AF8,0x17,16,16,0,0x47AE0,high,none,,00 00 21 00 05 00 00 00 1b 00 01 00 01 00 1b 00,05 00 3b dd c2 99 30 1e 73 26 20 50 84 c7 cb 37
6/S6031.DAT,0x47B28,0x47B2A,0x47B2A,0x47B64,0x47B64,0x19,58,58,1,0x47B22,high,none,,00 00 21 00 05 00 00 00 1b 00 01 00 01 00 1b 00,50 84 c7 25 e6 01 65 31 dd 02 3d 24 be dd 16 1c dd 1e 39 45 dd f9 49 22 57 64 67 9b dd ea 1c 50 dd de de 2e 09 35 1b 44 73 26 21 2d 0a 2f dd 76
6/S6031.DAT,0x47B94,0x47B96,0x47B96,0x47BB1,0x47BB1,0x19,27,27,1,0x47B8E,high,none,,00 00 00 21 00 05 00 00 00 1b 00 01 00 01 00 1b,50 84 c7 25 e6 01 3b 27 46 1c de 14 30 dd 28 1e de 45 29 21 28 3e 32 dd 4f 20 37
6/S6031.DAT,0x47BE2,0x47BE4,0x47BE4,0x47C02,0x47C02,0x17,30,30,1,0x47BDC,high,none,,00 00 21 00 05 00 00 00 1b 00 01 00 01 00 1b 00,05 00 be dd 06 30 3a 46 de 5e 29 1f 2e 36 1c 1d 1b e6 01 57 64 67 9b 23 86 55 26 36 28 37
6/S6031.DAT,0x47C32,0x47C34,0x47C34,0x47C65,0x47C65,0x19,49,49,3,0x47C2C,high,none,,00 00 00 21 00 05 00 00 00 1b 00 01 00 01 00 1b,50 84 c7 25 e6 01 50 dd de de 2e 2f dd 09 4b 56 3a 32 32 58 e6 01 dd 0f dd 44 1c dd 4c 2a dd 92 33 20 23 1d 39 e6 01 dd af 55 1e 1b 7a 23 1d 22
6/S6032.DAT,0x35F30,0x35F32,0x35F32,0x35F5D,0x35F5D,0x19,43,43,0,,medium,none,,00 00 e5 19 00 21 d3 14 21 0f 30 1e 1f d1 ef b1,43 f3 33 32 33 23 20 13 30 13 50 10 52 e4 19 00 47 f1 34 00 04 22 31 32 33 22 f2 31 20 21 2a 00 24 00 42 b1 b7 63 5f 59 12 40 10
6/S6032.DAT,0x47990,0x47992,0x47992,0x479A5,0x479A5,0x17,19,19,0,0x4798A,high,none,,00 00 00 21 00 05 00 00 00 1b 00 01 00 00 00 1b,05 00 50 84 c7 cb 24 e4 3d 3b b0 2a 79 dd 3d 1b 27 2b 37
6/S6032.DAT,0x47A34,0x47A36,0x47A36,0x47A6D,0x47A6D,0x19,55,55,2,0x47A2E,high,none,,00 00 00 21 00 05 00 00 00 1b 00 01 00 00 00 1b,50 84 c7 25 e6 01 41 bb df 01 33 2f dd e4 32 21 2e 1c dd 25 de 1c 23 86 29 21 3e 22 36 1b 26 7a 28 24 be 33 2f dd fe dd aa 22 7a 36 36 22 2a 24
6/S6032.DAT,0x47A9E,0x47AA0,0x47AA0,0x47AC3,0x47AC3,0x17,35,35,1,0x47A98,high,none,,00 00 00 21 00 05 00 00 00 1b 00 01 00 00 00 1b,05 00 6e 2f 3b 29 1e 48 1b 27 2b 20 3c e6 01 e4 3d 1f 35 85 28 2e 1c dd 9e 1c dd 6a 46 2a df 61 df 61 37
6/S6032.DAT,0x47AF4,0x47AF6,0x47AF8,0x47B19,0x47B19,0x17,35,33,1,0x47AEE,high,control_0100,01 00,00 00 00 21 00 05 00 00 00 1b 00 01 00 00 00 1b,01 00 6e 38 6d 46 21 1d 1b 36 9f 29 21 1b 22 1c 3c 6d 29 36 38 1d 1b 27 4c 28 e6 01 3b 3d 1e 1d 3a 1b 37
6/S6032.DAT,0x47B5E,0x47B60,0x47B62,0x47B8A,0x47B8A,0x17,42,40,2,0x47B58,high,control_0100,01 00,00 00 21 00 05 00 00 00 1b 00 01 00 00 00 1b 00,01 00 dd ae 23 df 56 22 3f 1d 1f 1c de 39 28 e6 01 50 84 c7 30 38 1d 2d 30 38 1d 1b e4 1f e6 01 1f 35 1c 5f 34 47 62 31 3d 02
6/S6041.DAT,0x46A18,0x46A1A,0x46A1A,0x46A27,0x46A27,0x17,13,13,0,,medium,none,,00 00 00 0e 00 2b 00 03 00 26 00 00 00 27 00 ff,28 00 13 01 23 00 25 00 30 01 20 00 25
6/S6041.DAT,0x46C14,0x46C16,0x46C16,0x46C23,0x46C23,0x17,13,13,0,,medium,none,,00 00 00 0e 00 2b 00 03 00 26 00 00 00 27 00 ff,28 00 11 02 23 00 25 00 2e 02 20 00 25
6/S6041.DAT,0x47592,0x47594,0x47596,0x4759D,0x4759D,0x17,9,7,0,,medium,control_0100,01 00,00 00 00 0e 00 2b 00 03 00 26 00 00 00 27 00 ff,01 00 25 00 1a 00 1e 00 25
6/S6041.DAT,0x48622,0x48624,0x48624,0x4863B,0x4863B,0x17,23,23,1,0x4861C,high,none,,00 00 00 21 00 05 00 00 00 1b 00 01 00 01 00 1b,05 00 2e 32 2a 24 e4 3d e6 01 92 9b 1c de 39 1d 1c 20 df 61 df 61 37
6/S6041.DAT,0x4867A,0x4867C,0x4867E,0x486A9,0x486A9,0x17,45,43,2,0x48674,high,control_0100,01 00,00 00 00 21 00 05 00 00 00 1b 00 01 00 01 00 1b,01 00 44 29 36 50 84 c7 2a 5f 34 47 62 31 23 e6 01 dd 29 29 21 dd a8 43 33 32 1f cf 23 24 e6 01 dd c0 33 3a 32 1f 2d 30 1e 73 26 4c 37
6/S6041.DAT,0x486E2,0x486E4,0x486E4,0x486F1,0x486F1,0x17,13,13,0,0x486DC,high,none,,00 00 00 21 00 05 00 00 00 1b 00 01 00 01 00 1b,05 00 dd de de 2e 38 dd 6f 1b 1c 20 37
6/S6041.DAT,0x48722,0x48724,0x48724,0x48737,0x48737,0x19,19,19,0,0x4871C,high,none,,00 00 00 21 00 05 00 00 00 1b 00 01 00 01 00 1b,41 2d 1d 38 2d 23 dd 91 29 36 22 20 33 1b 20 2d 1c 35 02
6/S6041.DAT,0x487BE,0x487C0,0x487C0,0x487FB,0x487FB,0x19,59,59,3,0x487B8,high,none,,00 00 00 21 00 05 00 00 00 1b 00 01 00 01 00 1b,90 1c 4d 4f 25 e6 01 57 64 67 1c dd 4c 28 e6 01 50 90 36 50 a9 1c 61 2f 5b a9 5a 36 1e 21 56 2b dd 4c e6 01 50 90 8a 1c de 48 de a4 23 3d 29 21
6/S6041.DAT,0x4882C,0x4882E,0x4882E,0x48860,0x48860,0x19,50,50,3,0x48826,high,none,,00 00 21 00 05 00 00 00 1b 00 01 00 01 00 1b 00,90 1c 4d 4f 25 e6 01 41 32 2f 24 dd 88 87 dd 66 58 20 39 27 4c 21 e6 01 de ad de 0d 09 49 1b 1e 73 26 0a 2b 22 20 33 2e 26 1d 29 21 e6 01 1e 27
6/S6041.DAT,0x488DC,0x488DE,0x488DE,0x4890D,0x4890D,0x19,47,47,3,0x488D6,high,none,,00 00 00 21 00 05 00 00 00 1b 00 01 00 01 00 1b,90 1c 4d 4f 25 e6 01 1b 20 23 38 e6 01 e4 3d 2e 1c dd 4c 28 24 52 88 dd 82 68 1c dd 54 1b 7a 1c 1f 51 23 e6 01 df 38 49 1f 1c 30 28 1d 1b 37
6/S6041.DAT,0x4893E,0x48940,0x48940,0x48987,0x48987,0x19,71,71,2,0x48938,high,none,,00 00 00 21 00 05 00 00 00 1b 00 01 00 01 00 1b,90 1c 4d 4f 25 e6 01 a4 b2 83 2a 2b 26 dd 18 a9 24 dd 30 dd 35 22 dd 49 36 dd 82 4a cb 23 e6 01 1b 45 1c 88 23 20 24 dd 42 dd d6 a4 b2 83 2a dd
6/S6041.DAT,0x489C0,0x489C2,0x489C2,0x489E3,0x489E3,0x19,33,33,2,0x489BA,high,none,,00 00 00 21 00 05 00 00 00 1b 00 01 00 01 00 1b,90 1c 4d 4f 25 e6 01 3b 27 46 33 52 88 35 49 1c 1f 51 1c 38 1c 1d 54 e6 01 6e 38 1d 1b 2d 4a 48 37
6/S6041.DAT,0x48A14,0x48A16,0x48A16,0x48A43,0x48A43,0x19,45,45,3,0x48A0E,high,none,,00 00 00 21 00 05 00 00 00 1b 00 01 00 01 00 1b,90 1c 4d 4f 25 e6 01 3f 22 1c 28 24 e6 01 2e 1c ce dd 12 23 dd 1c 44 22 38 1c dd 08 21 2a e6 01 b2 20 4b 3f 26 38 1c 58 20 39 4a 48 37
6/S6041.DAT,0x48A74,0x48A76,0x48A76,0x48AA1,0x48AA1,0x19,43,43,2,0x48A6E,high,none,,00 00 00 21 00 05 00 00 00 1b 00 01 00 01 00 1b,90 1c 4d 4f 25 e6 01 2e 1c 7a 2f 24 dd 48 32 22 30 1d 1b 6a e6 01 41 1c dd 7e dd 87 1c 38 36 23 5b 90 1c 94 5a 2f dd bc 41 26 37
6/S6041.DAT,0x48B18,0x48B1A,0x48B1A,0x48B26,0x48B26,0x19,12,12,0,0x48B12,high,none,,00 00 21 00 05 00 00 00 1b 00 01 00 01 00 1b 00,5b 90 1c 94 5a 2f 87 23 86 32 1f 37
6/S6041.DAT,0x48B6A,0x48B6C,0x48B6C,0x48B81,0x48B81,0x19,21,21,1,0x48B64,high,none,,00 00 00 21 00 05 00 00 00 1b 00 01 00 01 00 1b,90 1c 4d 4f 25 e6 01 43 1e 33 28 1b 45 30 38 a0 21 1b 22 6a 37
6/S6051.DAT,0x47AF2,0x47AF4,0x47AF4,0x47B1B,0x47B1B,0x17,39,39,2,0x47AEC,high,none,,00 00 00 21 00 05 00 00 00 1b 00 01 00 00 00 1b,07 00 b0 30 28 2e 2e 2f dd 75 22 de fe dd 6b 23 e6 01 57 64 67 9b 8a 1c 86 39 de 13 28 e6 01 1d 1b 36 1b 26 7a 35 37
6/S6051.DAT,0x47BA4,0x47BA6,0x47BA6,0x47BCF,0x47BCF,0x17,41,41,0,0x47B9E,high,none,,00 00 00 21 00 05 00 00 00 1b 00 01 00 00 00 1b,05 00 57 64 67 9b 1c dd de de 2e 2f dd 24 1e 1b 33 1e 1b 2a 9b 1c dd 64 23 28 8e de bd 38 86 32 22 43 49 23 28 1b 20 2d 37
6/S6051.DAT,0x47C52,0x47C54,0x47C54,0x47C7E,0x47C7E,0x17,42,42,1,0x47C4C,high,none,,00 00 21 00 05 00 00 00 1b 00 01 00 00 00 1b 00,05 00 2e 1c de 17 23 de f0 2d 30 27 35 df 58 2f 45 3e 1c 20 2e 4b 33 28 50 84 c7 cb 2a e6 01 6e 38 20 38 3b a0 dd 75 1e 35 37
6/S6051.DAT,0x47CAE,0x47CB0,0x47CB2,0x47CBF,0x47CBF,0x17,15,13,0,0x47CA8,high,control_0100,01 00,00 00 00 21 00 05 00 00 00 1b 00 01 00 00 00 1b,01 00 6e 2f 91 29 21 38 b5 35 1c 3d 26 4c 37
6/S6051.DAT,0x47CF0,0x47CF2,0x47CF2,0x47D14,0x47D14,0x17,34,34,1,0x47CEA,high,none,,00 00 21 00 05 00 00 00 1b 00 01 00 00 00 1b 00,04 00 be dd 06 38 24 4b 36 43 49 3f 39 30 1c dd 57 e6 01 dd 04 8c 22 43 49 23 28 1b 20 2d 1c 4a 48 37
6/S6051.DAT,0x47D44,0x47D46,0x47D46,0x47D74,0x47D74,0x17,46,46,3,0x47D3E,high,none,,00 00 21 00 05 00 00 00 1b 00 01 00 00 00 1b 00,04 00 1e 20 1e e6 01 2e 2e 30 93 46 58 43 1e 33 38 dd cc dd 22 4a 48 e6 01 3b 41 33 3e dd d4 3e 1c dd 22 52 2a 56 22 e6 01 4a 48 55 26 37
6/S6051.DAT,0x47DB2,0x47DB4,0x47DB4,0x47DC4,0x47DC4,0x17,16,16,0,0x47DAC,high,none,,00 00 21 00 05 00 00 00 1b 00 01 00 00 00 1b 00,05 00 be 2a 84 66 28 dd 22 1d 54 dd af 32 2d 02
6/S6051.DAT,0x47DF4,0x47DF6,0x47DF6,0x47E03,0x47E03,0x17,13,13,0,0x47DEE,high,none,,00 00 00 21 00 05 00 00 00 1b 00 01 00 00 00 1b,04 00 27 3f 41 26 3f 45 3e 1d 22 1d 37
6/S6051.DAT,0x47E42,0x47E44,0x47E44,0x47E65,0x47E65,0x17,33,33,0,0x47E3C,high,none,,00 00 00 21 00 05 00 00 00 1b 00 01 00 00 00 1b,04 00 2e 1c dd d9 da 36 3b dd db 30 8e dd 9a 8e 1c d5 dd cb 2f 2b 22 36 1b 26 1c 28 54 26 4a 48 3c
6/S6051.DAT,0x47E96,0x47E98,0x47E98,0x47ED2,0x47ED2,0x17,58,58,3,0x47E90,high,none,,00 00 21 00 05 00 00 00 1b 00 01 00 00 00 1b 00,04 00 dd 73 2a dd cb 49 32 58 be dd 06 28 3b 36 1d 1e 3e e6 01 dd c5 55 26 37 e6 01 1e 20 1e be dd 06 2a d5 29 1f 89 dd ac 28 e6 01 43 1e 33 1c
6/S6051.DAT,0x47F10,0x47F12,0x47F12,0x47F30,0x47F30,0x17,30,30,1,0x47F0A,high,none,,00 00 21 00 05 00 00 00 1b 00 01 00 00 00 1b 00,05 00 3d 20 55 26 e4 3d e4 3d e6 01 dd 88 dd 3d 20 1e 1b 7a 2f dd 8b 46 22 30 1d 1b 6a 37
6/S6052.DAT,0x4792A,0x4792C,0x4792C,0x47940,0x47940,0x19,20,20,1,0x47924,high,none,,00 00 21 00 05 00 00 00 1b 00 01 00 00 00 1b 00,dd d1 96 25 e6 01 57 64 67 9b 1c cb 96 28 54 26 30 2b 20 3c
6/S6053.DAT,0x47A62,0x47A64,0x47A64,0x47A79,0x47A79,0x17,21,21,1,0x47A5C,high,none,,00 00 00 21 00 05 00 00 00 1b 00 01 00 00 00 1b,05 00 85 38 24 dd 82 74 3a 59 21 28 e6 01 38 33 46 27 1b 20 3c
6/S6053.DAT,0x47AAA,0x47AAC,0x47AAC,0x47ADD,0x47ADD,0x17,49,49,0,0x47AA4,high,none,,00 00 00 21 00 05 00 00 00 1b 00 01 00 00 00 1b,05 00 a4 b2 2a 14 11 da 88 30 24 dd dc 29 21 1e 27 29 1f 38 1c 2f 24 3f 1d 1f 2a 1f 36 dd b8 2b 22 2e 36 30 dd 29 39 d9 59 41 26 1d a9 2a 2b 22
6/S6053.DAT,0x47B5E,0x47B60,0x47B60,0x47B6A,0x47B6A,0x17,10,10,0,0x47B58,high,none,,00 00 21 00 05 00 00 00 1b 00 01 00 00 00 1b 00,05 00 3d 55 1e 3e 1f 1c b5 37
6/S6053.DAT,0x47BB0,0x47BB2,0x47BB2,0x47BC8,0x47BC8,0x17,22,22,1,0x47BAA,high,none,,00 00 21 00 05 00 00 00 1b 00 01 00 00 00 1b 00,05 00 85 28 2e 1c c4 83 36 e6 01 dd 82 74 2b 22 2e 36 23 1e 1f 37
6/S6053.DAT,0x47BF8,0x47BFA,0x47BFA,0x47C2B,0x47C2B,0x17,49,49,2,0x47BF2,high,none,,00 00 00 21 00 05 00 00 00 1b 00 01 00 00 00 1b,05 00 2e 2e 28 1b 45 1c 88 23 20 24 1b 27 43 1e 1b dd 9e 36 1d 29 21 1e 27 29 1f 37 e6 01 38 26 2e 2e 30 dd 6a 46 22 2e 36 28 e6 01 6e 38 1d 1b
6/S6053.DAT,0x47C5C,0x47C5E,0x47C5E,0x47C7B,0x47C7B,0x17,29,29,0,0x47C56,high,none,,00 00 00 21 00 05 00 00 00 1b 00 01 00 00 00 1b,05 00 2e 32 20 33 28 24 41 32 6a 32 a4 b2 83 1c dd 52 2f de 07 1e 21 1b 3e 36 1b 1b 37
6/S6053.DAT,0x47CBA,0x47CBC,0x47CBC,0x47CEE,0x47CEE,0x19,50,50,2,0x47CB4,high,none,,00 00 21 00 05 00 00 00 1b 00 01 00 00 00 1b 00,dd d1 96 25 e6 01 65 31 dd 02 de 11 de 93 09 1e 28 2d 0a 37 e6 01 be 33 1c dd 64 23 3f 22 1c 28 de 36 dd 6c 1d dd 6a 46 35 49 30 28 3f 39 27 59
6/S6053.DAT,0x47D2C,0x47D2E,0x47D2E,0x47D5E,0x47D5E,0x19,48,48,3,0x47D26,high,none,,00 00 21 00 05 00 00 00 1b 00 01 00 00 00 1b 00,dd d1 96 25 e6 01 3f 1d 1f 28 be 33 23 e6 01 a4 b2 1c 88 de 1d 1b 2f c7 2b 7a 2f dd af 32 1d 1b e6 01 dd 47 a9 2f dd 6a 46 21 3e 32 27 1e 1f 37
6/S6053.DAT,0x47D9C,0x47D9E,0x47D9E,0x47DC4,0x47DC4,0x19,38,38,2,0x47D96,high,none,,00 00 21 00 05 00 00 00 1b 00 01 00 00 00 1b 00,dd d1 96 25 e6 01 de 11 de 93 2a 3b d9 39 23 1d 22 27 30 e6 01 2e 1c dd 9e 28 be 33 2a dd 1e 29 21 3b 39 27 2b 37
6/S6053.DAT,0x47E2E,0x47E30,0x47E30,0x47E45,0x47E45,0x17,21,21,0,0x47E28,high,none,,00 00 00 21 00 05 00 00 00 1b 00 01 00 00 00 1b,05 00 e4 3d 3f 39 2a 36 26 e4 1f 2c e4 1f 2c e4 1f 2c e4 3d 37
6/S6053.DAT,0x47E76,0x47E78,0x47E78,0x47EA6,0x47EA6,0x17,46,46,2,0x47E70,high,none,,00 00 21 00 05 00 00 00 1b 00 01 00 00 00 1b 00,05 00 85 28 2e 1c 52 83 36 1c dd b8 1c c3 e4 3d e6 01 dd f0 99 2e 2e 23 d9 39 e4 3d e6 01 8e 20 33 40 39 dd 85 1e 1f 1b 36 9f 26 37 e4 79
6/S6053.DAT,0x47ED6,0x47ED8,0x47ED8,0x47EE6,0x47EE6,0x17,14,14,0,0x47ED0,high,none,,00 00 21 00 05 00 00 00 1b 00 01 00 00 00 1b 00,05 00 e4 3d c3 2f dd 91 b5 02 e4 3d e4 3d
6/S6054.DAT,0x43958,0x4395A,0x4395A,0x43987,0x43987,0x19,45,45,3,0x43952,high,none,,00 00 00 21 00 06 00 04 00 05 00 02 00 00 00 02,57 64 67 84 25 e6 01 dd bf 74 2f 45 6d 23 27 1b 33 32 1f 1c 30 2b 20 3c e6 01 e5 03 41 1c dd 75 39 37 e6 01 e5 03 36 2d 30 38 1d 1b 37
6/S6054.DAT,0x43A26,0x43A28,0x43A28,0x43A56,0x43A56,0x19,46,46,3,0x43A20,high,none,,00 00 21 00 06 00 04 00 05 00 02 00 00 00 02 00,57 64 67 84 25 e6 01 41 32 30 28 24 7d 40 20 1e 23 27 1b 33 32 1f 1c 20 3c e6 01 e5 03 41 1c dd 75 39 37 e6 01 e5 03 36 2d 30 38 1d 1b 37
6/S6054.DAT,0x43A92,0x43A94,0x43A94,0x43ABE,0x43ABE,0x19,42,42,1,0x43A8C,high,none,,00 00 21 00 05 00 00 00 1b 00 01 00 00 00 1b 00,57 64 67 84 25 e6 01 41 32 30 28 24 dd 2a 1c 38 2d 35 1b 23 dd 08 21 2e 1f 46 33 32 1f 33 24 1b 1b 2e 36 2f dd 6a 46 3d 26 37
6/S6054.DAT,0x43AF8,0x43AFA,0x43AFA,0x43B16,0x43B16,0x19,28,28,1,0x43AF2,high,none,,00 00 21 00 05 00 00 00 1b 00 01 00 00 00 1b 00,38 2d 35 1b 25 e6 01 c8 24 a3 31 db dd 03 1c dd 99 88 28 dd 08 dd 25 30 6e 52 35 3c
6/S6054.DAT,0x43BBA,0x43BBC,0x43BBC,0x43BCE,0x43BCE,0x19,18,18,1,0x43BB4,high,none,,00 00 21 00 05 00 00 00 1b 00 01 00 00 00 1b 00,57 64 67 84 25 e6 01 26 29 24 c7 dd 34 35 24 24 24 37
6/S6054.DAT,0x43BFE,0x43C00,0x43C00,0x43C1F,0x43C1F,0x19,31,31,1,0x43BF8,high,none,,00 00 00 21 00 05 00 00 00 1b 00 01 00 00 00 1b,38 2d 35 1b 25 e6 01 42 31 4e 24 4e 4e 53 24 d7 d1 1c dd 2a 23 dd 99 88 23 1d 29 1f 1c 28 3c
6/S6054.DAT,0x43CD0,0x43CD2,0x43CD2,0x43CE4,0x43CE4,0x19,18,18,1,0x43CCA,high,none,,00 00 21 00 05 00 00 00 1b 00 01 00 00 00 1b 00,57 64 67 84 25 e6 01 26 29 24 c7 dd 34 35 24 24 24 37
6/S6054.DAT,0x43D14,0x43D16,0x43D16,0x43D3A,0x43D3A,0x19,36,36,1,0x43D0E,high,none,,00 00 21 00 05 00 00 00 1b 00 01 00 00 00 1b 00,38 2d 35 1b 25 e6 01 5c 82 60 ab 1c dd 80 61 30 24 df 21 dd 2d dd 2b dd 19 1c d0 b1 61 2f dd 09 45 1c 28 3c
6/S6054.DAT,0x43DF6,0x43DF8,0x43DF8,0x43E0A,0x43E0A,0x19,18,18,1,0x43DF0,high,none,,00 00 21 00 05 00 00 00 1b 00 01 00 00 00 1b 00,57 64 67 84 25 e6 01 26 29 24 c7 dd 34 35 24 24 24 37
6/S6054.DAT,0x43E3A,0x43E3C,0x43E3C,0x43E60,0x43E60,0x19,36,36,1,0x43E34,high,none,,00 00 21 00 05 00 00 00 1b 00 01 00 00 00 1b 00,38 2d 35 1b 25 e6 01 a3 6f 34 60 42 dd 17 23 1b 22 5d 23 df 3c 46 22 50 8b 1c de 26 ae 28 6e 35 29 1f 20 3c
6/S6054.DAT,0x43F10,0x43F12,0x43F12,0x43F24,0x43F24,0x19,18,18,1,0x43F0A,high,none,,00 00 21 00 05 00 00 00 1b 00 01 00 00 00 1b 00,57 64 67 84 25 e6 01 26 29 24 c7 dd 34 35 24 24 24 37
6/S6054.DAT,0x43F54,0x43F56,0x43F56,0x43F78,0x43F78,0x19,34,34,1,0x43F4E,high,none,,00 00 21 00 05 00 00 00 1b 00 01 00 00 00 1b 00,38 2d 35 1b 25 e6 01 5c dd 14 31 dd 6d 1c dd 10 30 56 7b 29 1f 24 44 32 1b 1d 4d 4f 1c de 26 ae 28 3c
6/S6054.DAT,0x4402A,0x4402C,0x4402C,0x4403E,0x4403E,0x19,18,18,1,0x44024,high,none,,00 00 21 00 05 00 00 00 1b 00 01 00 00 00 1b 00,57 64 67 84 25 e6 01 26 29 24 c7 dd 34 35 24 24 24 37
6/S6054.DAT,0x4406E,0x44070,0x44070,0x44091,0x44091,0x19,33,33,2,0x44068,high,none,,00 00 00 21 00 05 00 00 00 1b 00 01 00 00 00 1b,38 2d 35 1b 25 e6 01 47 78 6b 42 5d 20 33 df 38 20 29 1f 24 e6 01 dd 72 74 de 0b 1c de 26 ae 28 3c
6/S6054.DAT,0x440C8,0x440CA,0x440CA,0x440F3,0x440F3,0x19,41,41,3,0x440C2,high,none,,00 00 00 21 00 06 00 04 00 05 00 04 00 00 00 00,e5 03 60 53 af 31 95 42 e6 01 e5 03 60 53 af 31 dd 5f 42 e6 01 e5 03 60 53 af 31 5f 42 e6 01 e5 03 60 53 af 31 de ff 31 4e
6/S6054.DAT,0x4414A,0x4414C,0x4414C,0x4415E,0x4415E,0x19,18,18,1,0x44144,high,none,,00 00 21 00 05 00 00 00 1b 00 01 00 00 00 1b 00,57 64 67 84 25 e6 01 26 29 24 c7 dd 34 35 24 24 24 37
6/S6054.DAT,0x4418E,0x44190,0x44190,0x441AB,0x441AB,0x19,27,27,1,0x44188,high,none,,00 00 00 21 00 05 00 00 00 1b 00 01 00 00 00 1b,38 2d 35 1b 25 e6 01 dd 2a 1c dd 81 24 d7 d1 1c dd df de 7a 23 1d 1b 38 1c 28 3c
6/S6054.DAT,0x44258,0x4425A,0x4425A,0x4426C,0x4426C,0x19,18,18,1,0x44252,high,none,,00 00 21 00 05 00 00 00 1b 00 01 00 00 00 1b 00,57 64 67 84 25 e6 01 26 29 24 c7 dd 34 35 24 24 24 37
6/S6054.DAT,0x4429C,0x4429E,0x4429E,0x442C4,0x442C4,0x19,38,38,1,0x44296,high,none,,00 00 21 00 05 00 00 00 1b 00 01 00 00 00 1b 00,38 2d 35 1b 25 e6 01 de fd dd 18 88 20 33 1c d0 b1 30 bd 23 67 78 31 7f 2f dd 3f 46 22 42 31 4e 1c dd 80 61 28 3c
6/S6054.DAT,0x44384,0x44386,0x44386,0x44398,0x44398,0x19,18,18,1,0x4437E,high,none,,00 00 21 00 05 00 00 00 1b 00 01 00 00 00 1b 00,57 64 67 84 25 e6 01 26 29 24 c7 dd 34 35 24 24 24 37
6/S6054.DAT,0x443C8,0x443CA,0x443CA,0x443EF,0x443EF,0x19,37,37,1,0x443C2,high,none,,00 00 00 21 00 05 00 00 00 1b 00 01 00 00 00 1b,38 2d 35 1b 25 e6 01 41 2e 23 74 49 58 24 dd 37 cc dd f9 49 33 32 1f dd 99 88 36 56 7b 26 36 1b 26 89 c2 28 3c
6/S6054.DAT,0x444B2,0x444B4,0x444B4,0x444C6,0x444C6,0x19,18,18,1,0x444AC,high,none,,00 00 21 00 05 00 00 00 1b 00 01 00 00 00 1b 00,57 64 67 84 25 e6 01 26 29 24 c7 dd 34 35 24 24 24 37
6/S6054.DAT,0x444F6,0x444F8,0x444F8,0x44526,0x44526,0x19,46,46,1,0x444F0,high,none,,00 00 21 00 05 00 00 00 1b 00 01 00 00 00 1b 00,57 64 67 84 25 e6 01 85 1c 38 2d 35 1b 23 dd 08 21 c7 dd 34 1e 1f 1c 28 3b 27 46 2a de 6c 51 21 35 37 dd 05 26 99 23 2e 32 2f 40 55 26 37
6/S6054.DAT,0x44574,0x44576,0x44576,0x44588,0x44588,0x19,18,18,0,0x4456E,high,none,,00 00 21 00 05 00 00 00 1b 00 01 00 00 00 1b 00,5b 57 31 4e 1c de 56 de 34 5a 2f 38 33 1b 27 1e 1f 37
6/S6054.DAT,0x445BC,0x445BE,0x445BE,0x445DA,0x445DA,0x19,28,28,0,0x445B6,high,none,,00 00 21 00 05 00 00 00 1b 00 01 00 00 00 1b 00,36 9f 29 1f 2a 24 38 26 dd 09 29 21 1b 22 30 28 1d 1b 20 3c 7d 40 20 2b 30 1d 1b 37
6/S6054.DAT,0x4460A,0x4460C,0x4460C,0x4463C,0x4463C,0x19,48,48,0,0x44604,high,none,,00 00 21 00 05 00 00 00 1b 00 01 00 00 00 1b 00,2e 1c ce dd 12 23 28 24 4d 4f 1c 94 36 38 26 8e 45 24 dd 08 21 dd 5a 51 22 2e 36 23 3d 29 21 dd c1 dd 1f 2a dd 8c 32 22 94 2a 3f 22 36 d3 3e 37
6/S6054.DAT,0x4466C,0x4466E,0x4466E,0x44694,0x44694,0x19,38,38,1,0x44666,high,none,,00 00 21 00 05 00 00 00 1b 00 01 00 00 00 1b 00,41 1c 94 28 24 df 0d de 40 7e 1f 4b 2f de 18 de 40 20 33 de 16 26 24 e6 01 50 1b 1d 22 61 36 1d 22 30 3f 55 26 37
6/S6054.DAT,0x446C8,0x446CA,0x446CA,0x44703,0x44703,0x19,57,57,1,0x446C2,high,none,,00 00 00 21 00 05 00 00 00 1b 00 01 00 00 00 1b,38 2d 35 1b 25 e6 01 47 78 6b 42 de 1e 7f 69 34 30 de 71 de 26 87 dd 7f 1c dd 56 ab 31 47 2a de 24 32 21 1b 22 2a 24 1e 48 de 9f 2a 2e 26 dd e0
6/S6054.DAT,0x447DA,0x447DC,0x447DC,0x447F7,0x447F7,0x19,27,27,1,0x447D4,high,none,,00 00 00 21 00 05 00 00 00 1b 00 01 00 00 00 1b,38 2d 35 1b 25 e6 01 dd 3a 53 64 31 7c 1c bb 80 34 dd 89 ba 1c dd f7 82 5c 28 3c
6/S6054.DAT,0x448CC,0x448CE,0x448CE,0x448E1,0x448E1,0x19,19,19,1,0x448C6,high,none,,00 00 00 21 00 05 00 00 00 1b 00 01 00 00 00 1b,38 2d 35 1b 25 e6 01 42 31 4e 1c a6 53 dd c6 31 d8 28 3c
6/S6054.DAT,0x449D6,0x449D8,0x449D8,0x449F8,0x449F8,0x19,32,32,1,0x449D0,high,none,,00 00 21 00 05 00 00 00 1b 00 01 00 00 00 1b 00,38 2d 35 1b 25 e6 01 dd 3c 31 dd 4d 34 2f de 91 33 46 21 1b 22 5f 34 47 62 31 1c de 26 ae 28 3c
6/S6054.DAT,0x44ADA,0x44ADC,0x44ADC,0x44AEF,0x44AEF,0x19,19,19,1,0x44AD4,high,none,,00 00 00 21 00 05 00 00 00 1b 00 01 00 00 00 1b,57 64 67 84 25 e6 01 dd 3b 5f 7f 31 1c 5e 28 54 2e 20 3c
6/S6054.DAT,0x44BCE,0x44BD0,0x44BD0,0x44BE2,0x44BE2,0x19,18,18,1,0x44BC8,high,none,,00 00 21 00 05 00 00 00 1b 00 01 00 00 00 1b 00,57 64 67 84 25 e6 01 42 31 4e 1c b7 1c de 26 ae 28 3c
6/S6054.DAT,0x44CC4,0x44CC6,0x44CC6,0x44CD9,0x44CD9,0x19,19,19,1,0x44CBE,high,none,,00 00 00 21 00 05 00 00 00 1b 00 01 00 00 00 1b,57 64 67 84 25 e6 01 42 31 4e 1c dd 0e 1c de 26 ae 28 3c
6/S6054.DAT,0x44DB2,0x44DB4,0x44DB4,0x44DD1,0x44DD1,0x19,29,29,1,0x44DAC,high,none,,00 00 00 21 00 05 00 00 00 1b 00 01 00 00 00 1b,57 64 67 84 25 e6 01 42 31 4e 1f 4b 2a 14 de 2c ac 23 56 7b 26 4d 4f 1c de 26 ae 28 3c
6/S6054.DAT,0x44EB0,0x44EB2,0x44EB2,0x44EC7,0x44EC7,0x19,21,21,1,0x44EAA,high,none,,00 00 00 21 00 05 00 00 00 1b 00 01 00 00 00 1b,57 64 67 84 25 e6 01 d7 d1 2a 70 23 28 1b 21 1b 22 38 1c 28 3c
6/S6054.DAT,0x44FA6,0x44FA8,0x44FA8,0x44FC9,0x44FC9,0x19,33,33,1,0x44FA0,high,none,,00 00 00 21 00 05 00 00 00 1b 00 01 00 00 00 1b,57 64 67 84 25 e6 01 60 53 af 31 dd 5f 42 1c dd 43 8d 30 24 af 82 6c 1c de 09 df 0e 36 1b 46 58 3c
6/S6054.DAT,0x4519C,0x4519E,0x4519E,0x451BB,0x451BB,0x19,29,29,1,0x45196,high,none,,00 00 00 21 00 05 00 00 00 1b 00 01 00 00 00 1b,57 64 67 84 25 e6 01 dd 60 31 c9 81 31 62 1c 60 34 dd a1 53 23 1d 29 21 1b 22 1c 28 3c
6/S6054.DAT,0x45684,0x45686,0x45686,0x456A2,0x456A2,0x19,28,28,1,0x4567E,high,none,,00 00 21 00 05 00 00 00 1b 00 01 00 00 00 1b 00,57 64 67 84 25 e6 01 dd 8f dd 9d 67 34 7f 69 34 1c 8e de 2c 70 23 1b 22 38 1c 28 3c
6/S6054.DAT,0x45776,0x45778,0x45778,0x4579C,0x4579C,0x19,36,36,1,0x45770,high,none,,00 00 21 00 05 00 00 00 1b 00 01 00 00 00 1b 00,57 64 67 84 25 e6 01 57 64 67 dd 9e 30 36 99 33 2a dd e0 1b 1f 36 44 23 dd 64 23 a0 46 22 52 1c de d7 28 3c
6/S6054.DAT,0x4597C,0x4597E,0x4597E,0x45992,0x45992,0x19,20,20,1,0x45976,high,none,,00 00 21 00 05 00 00 00 1b 00 01 00 00 00 1b 00,57 64 67 84 25 e6 01 4b 73 2e 1c 20 6d 1c 49 1c 1b 55 28 3c
6/S6054.DAT,0x459C8,0x459CA,0x459CA,0x459F0,0x459F0,0x19,38,38,3,0x459C2,high,none,,00 00 21 00 06 00 04 00 05 00 04 00 00 00 00 00,e5 03 44 1b 55 e6 01 e5 03 43 49 3f 29 21 4b 48 1b 55 e6 01 e5 03 92 dd 42 28 3f 20 e6 01 e5 03 41 32 28 35 32 3c
6/S6054.DAT,0x45AC6,0x45AC8,0x45AC8,0x45AF6,0x45AF6,0x19,46,46,1,0x45AC0,high,none,,00 00 21 00 05 00 00 00 1b 00 01 00 00 00 1b 00,57 64 67 84 25 e6 01 85 1c 38 2d 35 1b 23 dd 08 21 c7 dd 34 1e 1f 1c 28 3b 27 46 2a de 6c 51 21 35 37 dd 05 26 99 23 2e 32 2f 40 55 26 37
6/S6054.DAT,0x45B2A,0x45B2C,0x45B2C,0x45B59,0x45B59,0x19,45,45,1,0x45B24,high,none,,00 00 00 21 00 05 00 00 00 1b 00 01 00 00 00 1b,57 64 67 84 25 e6 01 85 1c 38 2d 35 1b 23 dd 08 21 c7 dd 34 1e 1f 1c 28 3b 27 46 2a 13 52 51 35 37 dd 05 26 99 23 2e 32 2f 40 55 26 37
6/S6054.DAT,0x45BA8,0x45BAA,0x45BAA,0x45BBD,0x45BBD,0x19,19,19,0,0x45BA2,high,none,,00 00 00 21 00 05 00 00 00 1b 00 01 00 00 00 1b,5b dd 69 dd a8 1c dd 04 99 43 5a 2f 38 33 1b 27 1e 1f 37
6/S6054.DAT,0x45BF2,0x45BF4,0x45BF4,0x45C10,0x45C10,0x19,28,28,0,0x45BEC,high,none,,00 00 21 00 05 00 00 00 1b 00 01 00 00 00 1b 00,36 9f 29 1f 2a 24 38 26 dd 09 29 21 1b 22 30 28 1d 1b 20 3c 7d 40 20 2b 30 1d 1b 37
6/S6054.DAT,0x45C40,0x45C42,0x45C42,0x45C73,0x45C73,0x19,49,49,0,0x45C3A,high,none,,00 00 00 21 00 05 00 00 00 1b 00 01 00 00 00 1b,2e 1c ce dd 12 23 28 24 4d 4f 1c 94 36 38 26 8e 45 24 dd 08 21 dd 5a 51 22 2e 36 23 3d 29 21 dd c1 dd 1f 2a 3f 33 43 32 22 94 2a 3f 22 36 d3 3e
6/S6054.DAT,0x45CA4,0x45CA6,0x45CA6,0x45CCB,0x45CCB,0x19,37,37,0,0x45C9E,high,none,,00 00 00 21 00 05 00 00 00 1b 00 01 00 00 00 1b,41 1c 94 28 24 d2 26 49 2d 1e 48 1f 4b 2f de 18 de 40 20 33 2b 3e 26 24 50 1b 1d 22 61 36 1d 22 30 3f 55 26 37
6/S6054.DAT,0x45D00,0x45D02,0x45D02,0x45D1C,0x45D1C,0x19,26,26,1,0x45CFA,high,none,,00 00 21 00 05 00 00 00 1b 00 01 00 00 00 1b 00,57 64 67 84 25 e6 01 de 68 23 ac dd 53 2f dd 09 29 21 74 dc 2b 22 2a 3d 1b 37
6/S6054.DAT,0x45D50,0x45D52,0x45D52,0x45D6E,0x45D6E,0x19,28,28,1,0x45D4A,high,none,,00 00 21 00 05 00 00 00 1b 00 01 00 00 00 1b 00,57 64 67 84 25 e6 01 41 32 28 27 4b 2a 1b 35 2a 24 2a 2d 58 39 28 6d 36 51 3d 26 37
6/S6054.DAT,0x45D9E,0x45DA0,0x45DA0,0x45DB3,0x45DB3,0x19,19,19,1,0x45D98,high,none,,00 00 00 21 00 05 00 00 00 1b 00 01 00 00 00 1b,57 64 67 84 25 e6 01 3d 29 21 24 2e 32 2f 3f 9c 3d 26 37
6/S6054.DAT,0x45DE8,0x45DEA,0x45DEA,0x45DF5,0x45DF5,0x19,11,11,0,0x45DE2,high,none,,00 00 00 21 00 05 00 00 00 1b 00 01 00 00 00 1b,5b 94 5a 2f 38 33 1b 27 1e 1f 37
6/S6054.DAT,0x45E2C,0x45E2E,0x45E2E,0x45E4F,0x45E4F,0x19,33,33,2,0x45E26,high,none,,00 00 00 21 00 05 00 00 00 1b 00 01 00 00 00 1b,57 64 67 84 25 e6 01 dd bf 74 2a de 9b 39 1d 1b 3d 26 35 37 e6 01 56 dd 85 1e 21 3e 22 2a 3d 1b 37
6/S6054.DAT,0x45EFE,0x45F00,0x45F00,0x45F1E,0x45F1E,0x19,30,30,1,0x45EF8,high,none,,00 00 21 00 05 00 00 00 1b 00 01 00 00 00 1b 00,57 64 67 84 25 e6 01 3d 3e 2a 2d 58 39 27 1e 1f 4c 37 2e 32 2f 3a 1e b9 9c 27 1e 73 26 37
6/S6054.DAT,0x45F6C,0x45F6E,0x45F6E,0x45F7F,0x45F7F,0x19,17,17,0,0x45F66,high,none,,00 00 00 21 00 05 00 00 00 1b 00 01 00 00 00 1b,5b dd f2 de 6e 1c de b0 5a 2f 38 33 1b 27 1e 1f 37
6/S6054.DAT,0x45FDA,0x45FDC,0x45FDC,0x45FFE,0x45FFE,0x19,34,34,2,0x45FD4,high,none,,00 00 21 00 05 00 00 00 1b 00 01 00 00 00 1b 00,57 64 67 84 25 e6 01 2e 32 28 2e 32 28 37 e6 01 80 6b 31 34 47 57 65 d8 af 47 62 31 1c 20 1f 2a 1f 37
6/S6054.DAT,0x46030,0x46032,0x46032,0x46053,0x46053,0x19,33,33,2,0x4602A,high,none,,00 00 00 21 00 05 00 00 00 1b 00 01 00 00 00 1b,57 64 67 84 25 e6 01 2e 32 28 2e 32 28 37 e6 01 dd 23 6f 78 34 62 53 af 47 62 31 1c 20 1f 2a 1f 37
6/S6054.DAT,0x46086,0x46088,0x46088,0x460A9,0x460A9,0x19,33,33,2,0x46080,high,none,,00 00 00 21 00 05 00 00 00 1b 00 01 00 00 00 1b,57 64 67 84 25 e6 01 2e 32 28 2e 32 28 37 e6 01 95 31 53 64 47 62 31 af 47 62 31 1c 20 1f 2a 1f 37
6/S6054.DAT,0x460DC,0x460DE,0x460DE,0x46101,0x46101,0x19,35,35,2,0x460D6,high,none,,00 00 00 21 00 05 00 00 00 1b 00 01 00 00 00 1b,57 64 67 84 25 e6 01 2e 32 28 2e 32 28 37 e6 01 7f d6 65 42 34 5c af 82 5c af 47 62 31 1c 20 1f 2a 1f 37
6/S6054.DAT,0x46134,0x46136,0x46136,0x46155,0x46155,0x19,31,31,2,0x4612E,high,none,,00 00 00 21 00 05 00 00 00 1b 00 01 00 00 00 1b,57 64 67 84 25 e6 01 2e 32 28 2e 32 28 37 e6 01 a6 6b 31 7f 31 af 47 62 31 1c 20 1f 2a 1f 37
6/S6054.DAT,0x46188,0x4618A,0x4618A,0x461AD,0x461AD,0x19,35,35,2,0x46182,high,none,,00 00 00 21 00 05 00 00 00 1b 00 01 00 00 00 1b,57 64 67 84 25 e6 01 2e 32 28 2e 32 28 37 e6 01 dd e7 dd 1c dd 3b 5f 7f 31 af 47 62 31 1c 20 1f 2a 1f 37
6/S6054.DAT,0x461E0,0x461E2,0x461E2,0x46207,0x46207,0x19,37,37,2,0x461DA,high,none,,00 00 00 21 00 05 00 00 00 1b 00 01 00 00 00 1b,57 64 67 84 25 e6 01 2e 32 28 2e 32 28 37 e6 01 dd 39 de 4e 34 a3 65 42 af 82 5c af 47 62 31 1c 20 1f 2a 1f 37
6/S6054.DAT,0x4623A,0x4623C,0x4623C,0x4625C,0x4625C,0x19,32,32,2,0x46234,high,none,,00 00 21 00 05 00 00 00 1b 00 01 00 00 00 1b 00,57 64 67 84 25 e6 01 2e 32 28 2e 32 28 37 e6 01 81 47 a6 6f 65 d8 af 47 62 31 1c 20 1f 2a 1f 37
6/S6054.DAT,0x4628E,0x46290,0x46290,0x462B0,0x462B0,0x19,32,32,2,0x46288,high,none,,00 00 21 00 05 00 00 00 1b 00 01 00 00 00 1b 00,57 64 67 84 25 e6 01 2e 32 28 2e 32 28 37 e6 01 dd 52 dd 7c de 11 af 47 62 31 1c 20 1f 2a 1f 37
6/S6054.DAT,0x462E2,0x462E4,0x462E4,0x46306,0x46306,0x19,34,34,2,0x462DC,high,none,,00 00 21 00 05 00 00 00 1b 00 01 00 00 00 1b 00,57 64 67 84 25 e6 01 2e 32 28 2e 32 28 37 e6 01 42 60 82 95 47 57 65 d8 af 47 62 31 1c 20 1f 2a 1f 37
6/S6054.DAT,0x46338,0x4633A,0x4633A,0x4635F,0x4635F,0x19,37,37,2,0x46332,high,none,,00 00 00 21 00 05 00 00 00 1b 00 01 00 00 00 1b,57 64 67 84 25 e6 01 2e 32 28 2e 32 28 37 e6 01 dd 23 6f 78 34 62 53 64 47 62 31 af 47 62 31 1c 20 1f 2a 1f 37
6/S6054.DAT,0x46392,0x46394,0x46394,0x463BD,0x463BD,0x19,41,41,1,0x4638C,high,none,,00 00 00 21 00 05 00 00 00 1b 00 01 00 00 00 1b,57 64 67 84 25 e6 01 de 6c 51 21 1c dd 98 63 30 2b 4c 37 41 32 30 28 24 27 8c 28 dd 88 87 dd 86 dd 35 36 1b 26 2e 36 30 37
6/S6054.DAT,0x463EE,0x463F0,0x463F0,0x46400,0x46400,0x19,16,16,1,0x463E8,high,none,,00 00 21 00 05 00 00 00 1b 00 01 00 00 00 1b 00,57 64 67 84 25 e6 01 2a 2d 58 29 21 70 3a 1b 37
6/S6054.DAT,0x4643E,0x46440,0x46440,0x4646A,0x4646A,0x19,42,42,1,0x46438,high,none,,00 00 21 00 05 00 00 00 1b 00 01 00 00 00 1b 00,57 64 67 84 25 e6 01 13 dd 20 ac 1c dd 98 63 30 2b 4c 37 41 32 30 28 24 2e 32 3e 33 1b 1c 36 2e 55 30 54 26 30 1e 73 26 20 3c
6/S6054.DAT,0x4649A,0x4649C,0x4649C,0x464AC,0x464AC,0x19,16,16,1,0x46494,high,none,,00 00 21 00 05 00 00 00 1b 00 01 00 00 00 1b 00,57 64 67 84 25 e6 01 2a 2d 58 29 21 70 3a 1b 37
6/S6054.DAT,0x464EA,0x464EC,0x464EC,0x46516,0x46516,0x19,42,42,1,0x464E4,high,none,,00 00 21 00 05 00 00 00 1b 00 01 00 00 00 1b 00,57 64 67 84 25 e6 01 14 dd 20 ac 1c dd 98 63 30 2b 4c 37 41 32 30 28 24 2e 32 3e 33 1b 1c 36 2e 55 30 54 26 30 1e 73 26 20 3c
6/S6054.DAT,0x46546,0x46548,0x46548,0x46558,0x46558,0x19,16,16,1,0x46540,high,none,,00 00 21 00 05 00 00 00 1b 00 01 00 00 00 1b 00,57 64 67 84 25 e6 01 2a 2d 58 29 21 70 3a 1b 37
6/S6054.DAT,0x46596,0x46598,0x46598,0x465BC,0x465BC,0x19,36,36,1,0x46590,high,none,,00 00 21 00 05 00 00 00 1b 00 01 00 00 00 1b 00,57 64 67 84 25 e6 01 15 dd 20 ac 1c dd 98 63 30 2b 4c 37 27 35 27 35 24 2e 2d 1d 36 2e 55 30 1e 73 26 20 3c
6/S6054.DAT,0x465EC,0x465EE,0x465EE,0x465FE,0x465FE,0x19,16,16,1,0x465E6,high,none,,00 00 21 00 05 00 00 00 1b 00 01 00 00 00 1b 00,57 64 67 84 25 e6 01 2a 2d 58 29 21 70 3a 1b 37
6/S6054.DAT,0x4663C,0x4663E,0x4663E,0x46660,0x46660,0x19,34,34,1,0x46636,high,none,,00 00 21 00 05 00 00 00 1b 00 01 00 00 00 1b 00,57 64 67 84 25 e6 01 16 dd 20 ac 1c dd 98 63 30 2b 4c 37 41 55 41 55 24 92 a9 30 93 29 21 70 3a 1b 37
6/S6054.DAT,0x46690,0x46692,0x46692,0x466A2,0x466A2,0x19,16,16,1,0x4668A,high,none,,00 00 21 00 05 00 00 00 1b 00 01 00 00 00 1b 00,57 64 67 84 25 e6 01 2a 2d 58 29 21 70 3a 1b 37
6/S6054.DAT,0x46726,0x46728,0x46728,0x46738,0x46738,0x19,16,16,1,0x46720,high,none,,00 00 21 00 05 00 00 00 1b 00 01 00 00 00 1b 00,57 64 67 84 25 e6 01 2a 2d 58 29 21 70 3a 1b 37
6/S6054.DAT,0x46776,0x46778,0x46778,0x467A5,0x467A5,0x19,45,45,1,0x46770,high,none,,00 00 00 21 00 05 00 00 00 1b 00 01 00 00 00 1b,57 64 67 84 25 e6 01 18 dd 20 ac 1c dd 98 63 30 2b 4c 37 41 55 41 55 45 33 3e 1d 29 21 44 1f 30 1e 73 26 2a 24 2a 2d 58 39 27 2b 4c 37
6/S6054.DAT,0x467D6,0x467D8,0x467D8,0x467E8,0x467E8,0x19,16,16,1,0x467D0,high,none,,00 00 21 00 05 00 00 00 1b 00 01 00 00 00 1b 00,57 64 67 84 25 e6 01 2a 2d 58 29 21 70 3a 1b 37
6/S6054.DAT,0x46826,0x46828,0x46828,0x46852,0x46852,0x19,42,42,1,0x46820,high,none,,00 00 21 00 05 00 00 00 1b 00 01 00 00 00 1b 00,57 64 67 84 25 e6 01 19 dd 20 ac 1c dd 98 63 30 2b 4c 37 41 32 30 28 24 2e 32 3e 33 1b 1c 36 2e 55 30 54 26 30 1e 73 26 20 3c
6/S6054.DAT,0x46882,0x46884,0x46884,0x46894,0x46894,0x19,16,16,1,0x4687C,high,none,,00 00 21 00 05 00 00 00 1b 00 01 00 00 00 1b 00,57 64 67 84 25 e6 01 2a 2d 58 29 21 70 3a 1b 37
6/S6054.DAT,0x468D2,0x468D4,0x468D4,0x468FE,0x468FE,0x19,42,42,1,0x468CC,high,none,,00 00 21 00 05 00 00 00 1b 00 01 00 00 00 1b 00,57 64 67 84 25 e6 01 1a dd 20 ac 1c dd 98 63 30 2b 4c 37 41 32 30 28 24 2e 32 3e 33 1b 1c 36 2e 55 30 54 26 30 1e 73 26 20 3c
6/S6054.DAT,0x4692E,0x46930,0x46930,0x46940,0x46940,0x19,16,16,1,0x46928,high,none,,00 00 21 00 05 00 00 00 1b 00 01 00 00 00 1b 00,57 64 67 84 25 e6 01 2a 2d 58 29 21 70 3a 1b 37
6/S6054.DAT,0x4697E,0x46980,0x46980,0x469AB,0x469AB,0x19,43,43,1,0x46978,high,none,,00 00 00 21 00 05 00 00 00 1b 00 01 00 00 00 1b,57 64 67 84 25 e6 01 12 11 dd 20 ac 1c dd 98 63 30 2b 4c 37 41 32 30 28 24 2e 32 3e 33 1b 1c 36 2e 55 30 54 26 30 1e 73 26 20 3c
6/S6054.DAT,0x469DC,0x469DE,0x469DE,0x469EE,0x469EE,0x19,16,16,1,0x469D6,high,none,,00 00 21 00 05 00 00 00 1b 00 01 00 00 00 1b 00,57 64 67 84 25 e6 01 2a 2d 58 29 21 70 3a 1b 37
6/S6054.DAT,0x46A2C,0x46A2E,0x46A2E,0x46A53,0x46A53,0x19,37,37,1,0x46A26,high,none,,00 00 00 21 00 05 00 00 00 1b 00 01 00 00 00 1b,57 64 67 84 25 e6 01 12 12 dd 20 ac 1c dd 98 63 30 2b 4c 37 1b 4b 3b 26 24 2e 32 30 dd 2b c3 23 1d 39 27 2b 37
6/S6054.DAT,0x46A84,0x46A86,0x46A86,0x46A96,0x46A96,0x19,16,16,1,0x46A7E,high,none,,00 00 21 00 05 00 00 00 1b 00 01 00 00 00 1b 00,57 64 67 84 25 e6 01 2a 2d 58 29 21 70 3a 1b 37
6/S6054.DAT,0x46AD4,0x46AD6,0x46AD6,0x46AF7,0x46AF7,0x19,33,33,0,0x46ACE,high,none,,00 00 00 21 00 05 00 00 00 1b 00 01 00 00 00 1b,38 26 de 09 87 23 1d 22 38 1c 2a 1b 27 59 2d 37 59 29 20 3e 30 2b 2a 3b dd b3 44 36 39 70 3a 1b 37
7/S7011.DAT,0x47D38,0x47D3A,0x47D3C,0x47D44,0x47D44,0x17,10,8,0,,medium,control_0100,01 00,00 00 21 00 05 00 00 00 1b 00 01 00 00 00 2a 00,01 00 4d 37 34 2f 3c 33 43 1f
7/S7011.DAT,0x47DAE,0x47DB0,0x47DB2,0x47DBA,0x47DBA,0x17,10,8,0,,medium,control_0100,01 00,00 00 21 00 05 00 00 00 1b 00 01 00 00 00 22 00,01 00 3d 36 2b 2f 48 30 5d 34
7/S7011.DAT,0x47E84,0x47E86,0x47E86,0x47E9F,0x47E9F,0x19,25,25,0,,medium,none,,00 00 00 21 00 06 00 04 00 05 00 02 00 00 00 01,e5 02 28 54 27 dd 68 df 4a b0 dd 18 e6 00 e5 02 dd 34 1b df 27 27 dd 0a e6
7/S7011.DAT,0x47FEC,0x47FEE,0x47FEE,0x47FFE,0x47FFE,0x19,16,16,1,0x47FE6,high,none,,00 00 21 00 05 00 00 00 1b 00 01 00 00 00 1b 00,6c 69 72 34 25 e6 01 56 76 1d 3a 1b 27 2b 20 3c
7/S7011.DAT,0x4808A,0x4808C,0x4808C,0x4809E,0x4809E,0x19,18,18,1,0x48084,high,none,,00 00 21 00 05 00 00 00 1b 00 01 00 00 00 1b 00,6c 69 72 34 25 e6 01 30 28 24 3b dd 43 39 70 3a 1b 37
7/S7011.DAT,0x480E8,0x480EA,0x480EA,0x48108,0x48108,0x17,30,30,1,0x480E2,high,none,,00 00 21 00 05 00 00 00 1b 00 01 00 00 00 1b 00,02 00 27 29 1f 3e 24 de bb 1b 1c d2 49 23 38 e6 01 de 86 40 de 86 40 3a 59 33 32 22 a7 37
7/S7011.DAT,0x48154,0x48156,0x48158,0x48181,0x48181,0x17,43,41,3,0x4814E,high,control_0100,01 00,00 00 00 21 00 05 00 00 00 1b 00 01 00 00 00 1b,01 00 43 20 29 21 22 2d 35 20 e6 01 43 20 29 21 1d 1b 2d 35 20 e6 01 df 49 dd e9 2a 45 20 1d 1b c2 2a e6 01 df 41 22 1c 3d 4c 37
7/S7011.DAT,0x481C0,0x481C2,0x481C2,0x481DF,0x481DF,0x17,29,29,0,0x481BA,high,none,,00 00 00 21 00 05 00 00 00 1b 00 01 00 00 00 1b,04 00 e4 29 97 dd 45 29 24 e4 15 97 dd 45 29 24 e4 15 97 dd 45 29 24 e4 1f 97 dd 45 29
7/S7011.DAT,0x4827C,0x4827E,0x4827E,0x48295,0x48295,0x17,23,23,0,0x48276,high,none,,00 00 00 21 00 05 00 00 00 1b 00 01 00 00 00 1b,04 00 94 28 dd 2a 1c 94 23 be dd 06 2f de 03 3e df 61 df 61 37 e4 3d
7/S7011.DAT,0x482E2,0x482E4,0x482E4,0x4833D,0x4833D,0x19,89,89,2,0x482DC,high,none,,00 00 00 21 00 05 00 00 00 1b 00 01 00 00 00 1b,c1 1c 94 25 e6 01 e4 3d e4 1f 2c e4 1f 2c e4 1f 2c e4 1f de 3d e4 15 de 2d e4 15 1c e4 3d 2c e4 1f 42 e4 15 6b e4 15 af e4 15 31 e4 15 60 d6 e4
7/S7011.DAT,0x4847C,0x4847E,0x4847E,0x48498,0x48498,0x19,26,26,1,0x48476,high,none,,00 00 21 00 05 00 00 00 1b 00 01 00 00 00 1b 00,6c 69 72 34 25 e6 01 1b 45 30 38 dd 1d c5 1e 21 3b 98 4b 1e 21 3b 39 27 2b 37
7/S7012.DAT,0x46D38,0x46D3A,0x46D3C,0x46D44,0x46D44,0x17,10,8,0,,medium,control_0100,01 00,00 00 21 00 05 00 00 00 1b 00 01 00 00 00 2a 00,01 00 4d 37 34 2f 3c 33 43 1f
7/S7012.DAT,0x46DAE,0x46DB0,0x46DB2,0x46DBA,0x46DBA,0x17,10,8,0,,medium,control_0100,01 00,00 00 21 00 05 00 00 00 1b 00 01 00 00 00 22 00,01 00 3d 36 2b 2f 48 30 5d 34
7/S7012.DAT,0x46E84,0x46E86,0x46E86,0x46E9F,0x46E9F,0x19,25,25,0,,medium,none,,00 00 00 21 00 06 00 04 00 05 00 02 00 00 00 01,e5 02 28 54 27 dd 68 df 4a b0 dd 18 e6 00 e5 02 dd 34 1b df 27 27 dd 0a e6
7/S7012.DAT,0x47012,0x47014,0x47014,0x47033,0x47033,0x19,31,31,1,0x4700C,high,none,,00 00 00 21 00 05 00 00 00 1b 00 01 00 00 00 1b,1f 35 1b 27 d1 a2 60 42 d8 30 28 24 e6 01 de 28 93 50 7b 2f dd e0 3a 1b 1e 21 3b 39 27 2b 37
7/S7012.DAT,0x47064,0x47066,0x47066,0x47085,0x47085,0x19,31,31,1,0x4705E,high,none,,00 00 00 21 00 05 00 00 00 1b 00 01 00 00 00 1b,27 38 1d 3e dd e0 7b 1c 3f 1b 3a 45 2a dd 5b 27 39 27 2b 37 e6 01 3b dd 8e dd 7d 70 3a 1b 37
7/S7012.DAT,0x47A2A,0x47A2C,0x47A2C,0x47A3C,0x47A3C,0x19,16,16,1,0x47A24,high,none,,00 00 21 00 05 00 00 00 1b 00 01 00 00 00 1b 00,6c 69 72 34 25 e6 01 56 76 1d 3a 1b 27 2b 20 3c
7/S7012.DAT,0x47AD2,0x47AD4,0x47AD4,0x47AE4,0x47AE4,0x19,16,16,1,0x47ACC,high,none,,00 00 21 00 05 00 00 00 1b 00 01 00 00 00 1b 00,6c 69 72 34 25 e6 01 56 76 1d 3a 1b 27 2b 20 3c
7/S7012.DAT,0x47CA4,0x47CA6,0x47CA6,0x47CC0,0x47CC0,0x19,26,26,1,0x47C9E,high,none,,00 00 21 00 05 00 00 00 1b 00 01 00 00 00 1b 00,6c 69 72 34 25 e6 01 1b 45 30 38 dd 1d c5 1e 21 3b 98 4b 1e 21 3b 39 27 2b 37
7/S7012.DAT,0x47EC4,0x47EC6,0x47EC6,0x47F02,0x47F02,0x19,60,60,2,0x47EBE,high,none,,00 00 21 00 05 00 00 00 1b 00 01 00 00 00 1b 00,6c 69 72 34 25 e6 01 2e 4b 33 1c d0 b1 2a 5f 34 47 62 31 23 44 20 1d 1b 1c 28 6f dd b4 53 1c de 1d 1b de fe dd 6b 23 24 de 09 1e 73 26 2a dd 6c
7/S7012.DAT,0x47F32,0x47F34,0x47F34,0x47F64,0x47F64,0x19,48,48,2,0x47F2C,high,none,,00 00 21 00 05 00 00 00 1b 00 01 00 00 00 1b 00,6c 69 72 34 25 e6 01 de 51 46 58 24 dd 1b dd 51 2f dd 33 dd 3e 2b 22 5f 34 47 62 31 28 24 e6 01 dd 1b dd 51 d0 b1 23 28 dd 19 1b 38 2d 30 2b 37
7/S7012.DAT,0x47F94,0x47F96,0x47F96,0x47FC5,0x47FC5,0x19,47,47,2,0x47F8E,high,none,,00 00 00 21 00 05 00 00 00 1b 00 01 00 00 00 1b,6c 69 72 34 25 e6 01 de 08 23 28 24 dd 72 2d 30 1b 22 5f 34 47 62 31 23 28 24 e6 01 c1 1c dd 1b dd 51 2a 3d 3e 44 3e 36 20 38 3f 39 27 2b 37
7/S7012.DAT,0x47FF6,0x47FF8,0x47FF8,0x48020,0x48020,0x19,40,40,2,0x47FF0,high,none,,00 00 21 00 05 00 00 00 1b 00 01 00 00 00 1b 00,6c 69 72 34 25 e6 01 63 1b 28 de 5c 2f dd 33 43 1d 44 48 1b 49 27 59 2d 37 e6 01 61 35 49 4a 48 35 51 1d 2d 30 2b 3d 37
7/S7012.DAT,0x48050,0x48052,0x48052,0x4805C,0x4805C,0x17,10,10,0,0x4804A,high,none,,00 00 21 00 05 00 00 00 1b 00 01 00 00 00 1b 00,02 00 91 29 21 3e 32 22 a7 37
7/S7012.DAT,0x48098,0x4809A,0x4809A,0x480C2,0x480C2,0x19,40,40,1,0x48092,high,none,,00 00 21 00 05 00 00 00 1b 00 01 00 00 00 1b 00,6c 69 72 34 25 e6 01 dd 19 1b de 09 87 2f de 0a 2d 30 63 26 36 24 41 32 35 49 dd d4 3e 1c dd de de 75 2f 45 51 27 2b 37
7/S7012.DAT,0x480F2,0x480F4,0x480F4,0x4812D,0x4812D,0x19,57,57,3,0x480EC,high,none,,00 00 00 21 00 05 00 00 00 1b 00 01 00 00 00 1b,6c 69 72 34 25 e6 01 dd de de 75 28 24 d0 b1 1e 1f cf 38 24 3a 32 1f cf 38 e6 01 dd a7 33 32 27 2b 37 e6 01 1b 45 38 6c d6 6f 34 7f 2b 22 dd 11
7/S7012.DAT,0x4815E,0x48160,0x48160,0x48178,0x48178,0x17,24,24,1,0x48158,high,none,,00 00 21 00 05 00 00 00 1b 00 01 00 00 00 1b 00,03 00 1d 2d 35 20 24 4b 73 29 36 40 22 a9 23 e6 01 1d 29 21 44 1f 1d 37
7/S7012.DAT,0x481F8,0x481FA,0x481FA,0x48203,0x48203,0x17,9,9,0,0x481F2,high,none,,00 00 00 21 00 05 00 00 00 1b 00 01 00 00 00 1b,03 00 df 61 df 61 df 61 37
7/S7012.DAT,0x48240,0x48242,0x48242,0x4826D,0x4826D,0x19,43,43,2,0x4823A,high,none,,00 00 00 21 00 05 00 00 00 1b 00 01 00 00 00 1b,6c 69 72 34 25 e6 01 dd 99 88 2a 97 46 21 3e 22 36 24 63 93 30 1c b6 43 39 23 e6 01 3d 39 6f dd b4 53 23 3a 2a 56 21 44 27 2b 37
7/S7012.DAT,0x4829E,0x482A0,0x482A0,0x482C3,0x482C3,0x19,35,35,2,0x48298,high,none,,00 00 00 21 00 05 00 00 00 1b 00 01 00 00 00 1b,6c 69 72 34 25 e6 01 2b dd 35 21 1c 52 2a d0 b1 23 dd 01 1b 21 1b 22 43 49 30 28 e6 01 3f 39 27 59 2d 37
7/S7012.DAT,0x482F4,0x482F6,0x482F6,0x48326,0x48326,0x19,48,48,1,0x482EE,high,none,,00 00 21 00 05 00 00 00 1b 00 01 00 00 00 1b 00,6c 69 72 34 25 e6 01 dd 4e d6 57 4e 62 31 1c dd a6 dd ad dd d2 2a de 44 1b dd d2 23 1d 22 3d 26 23 a9 2f 45 49 21 6d 21 28 54 26 30 1e 73 26 3c
7/S7012.DAT,0x48356,0x48358,0x48358,0x48381,0x48381,0x19,41,41,3,0x48350,high,none,,00 00 00 21 00 05 00 00 00 1b 00 01 00 00 00 1b,6c 69 72 34 25 e6 01 44 29 36 24 e6 01 2b dd b7 40 33 32 21 1e 27 26 dd a4 4b 2e d2 32 28 e6 01 1b 1d 3e 1d 39 27 2b 3d 37
7/S7012.DAT,0x483B2,0x483B4,0x483B4,0x483C6,0x483C6,0x17,18,18,0,0x483AC,high,none,,00 00 21 00 05 00 00 00 1b 00 01 00 00 00 1b 00,07 00 dd a4 4b 2e d2 32 36 28 dd d3 1c 2e 36 4a 48 3c
7/S7012.DAT,0x48484,0x48486,0x48486,0x484B1,0x484B1,0x19,43,43,2,0x4847E,high,none,,00 00 00 21 00 05 00 00 00 1b 00 01 00 00 00 1b,6c 69 72 34 25 e6 01 42 57 57 5c 47 1c dd 8f dd 9d 67 34 7f 69 34 28 e6 01 de 09 dd 42 23 dd b2 de d2 2a de a0 1b 3d 26 30 2b 37
7/S7012.DAT,0x484E2,0x484E4,0x484E4,0x48518,0x48518,0x19,52,52,3,0x484DC,high,none,,00 00 21 00 05 00 00 00 1b 00 01 00 00 00 1b 00,6c 69 72 34 25 e6 01 1d 20 23 28 24 5f 34 47 62 31 23 dd 1e 33 32 1f 24 e6 01 3f 41 2e 23 1e 20 1d 1b 42 4e dd 60 77 6b 31 38 3f 22 36 e6 01 d3
7/S7012.DAT,0x48548,0x4854A,0x4854A,0x4856C,0x4856C,0x19,34,34,2,0x48542,high,none,,00 00 21 00 05 00 00 00 1b 00 01 00 00 00 1b 00,6c 69 72 34 25 e6 01 61 de 38 1e 38 20 4c 21 24 cf 23 28 74 29 21 6d 22 1c 38 e6 01 3d 1b 1c 30 28 3c
7/S7012.DAT,0x4859C,0x4859E,0x4859E,0x485BE,0x485BE,0x17,32,32,1,0x48596,high,none,,00 00 21 00 05 00 00 00 1b 00 01 00 00 00 1b 00,07 00 41 26 4a 48 24 3b 27 46 33 1c 61 30 dd c9 2f e6 01 54 2d 54 2d 87 23 86 32 22 2d 4a 48 02
7/S7012.DAT,0x485EE,0x485F0,0x485F0,0x4861C,0x4861C,0x17,44,44,1,0x485E8,high,none,,00 00 21 00 05 00 00 00 1b 00 01 00 00 00 1b 00,07 00 38 4b 55 2d 24 87 23 86 32 1f c3 28 43 1e 23 27 20 59 2d 1e 48 1b 37 e6 01 dd b5 d6 82 dd b5 d6 82 dd b5 d6 82 dd b5 d6 82 37
7/S7012.DAT,0x4864C,0x4864E,0x48650,0x4865C,0x4865C,0x17,14,12,0,0x48646,high,control_0100,01 00,00 00 21 00 05 00 00 00 1b 00 01 00 00 00 1b 00,01 00 27 20 59 22 de ba 1d 1b 30 1e 73 02
7/S7012.DAT,0x48698,0x4869A,0x4869A,0x486BC,0x486BC,0x19,34,34,2,0x48692,high,none,,00 00 21 00 05 00 00 00 1b 00 01 00 00 00 1b 00,6c 69 72 34 25 e6 01 5c dd 14 31 dd 6d 1c dd 10 1c b4 6d 1c 4d 4f 2f e6 01 3b d2 46 21 1b 27 2b 20 3c
7/S7012.DAT,0x486EC,0x486EE,0x486EE,0x4870F,0x4870F,0x19,33,33,2,0x486E6,high,none,,00 00 00 21 00 05 00 00 00 1b 00 01 00 00 00 1b,6c 69 72 34 25 e6 01 dd 73 de 6b 28 1b 45 38 be dd 06 2f a0 dd 1e 29 21 3e 32 21 e6 01 1b 27 2b 37
7/S7012.DAT,0x48740,0x48742,0x48742,0x4877C,0x4877C,0x19,58,58,3,0x4873A,high,none,,00 00 21 00 05 00 00 00 1b 00 01 00 00 00 1b 00,6c 69 72 34 25 e6 01 dd 3a 53 64 31 7c 23 28 24 14 bc c2 af 5c 53 dd 23 6b 42 2a e6 01 3f 22 7a 30 2b 1e 24 cf 23 28 74 29 21 24 e6 01 b0 2f d3
7/S7012.DAT,0x487AC,0x487AE,0x487AE,0x487C9,0x487C9,0x19,27,27,1,0x487A6,high,none,,00 00 00 21 00 05 00 00 00 1b 00 01 00 00 00 1b,6c 69 72 34 25 e6 01 74 3e 36 df 0b dd 80 dd 58 2f 38 33 46 22 3d 26 30 2b 3d 37
7/S7012.DAT,0x487FA,0x487FC,0x487FC,0x48806,0x48806,0x17,10,10,0,0x487F4,high,none,,00 00 21 00 05 00 00 00 1b 00 01 00 00 00 1b 00,04 00 40 3a 1e de b6 1c 26 37
7/S7012.DAT,0x48842,0x48844,0x48844,0x48873,0x48873,0x19,47,47,3,0x4883C,high,none,,00 00 00 21 00 05 00 00 00 1b 00 01 00 00 00 1b,6c 69 72 34 25 e6 01 57 64 67 23 dd ab 29 1f 84 83 28 24 e6 01 dd 9e 2f dd bf 74 1c 89 36 1e 21 e6 01 dd 34 de 8f 1e 21 1b 22 3d 26 30 2b 37
7/S7012.DAT,0x488A4,0x488A6,0x488A6,0x488D3,0x488D3,0x19,45,45,2,0x4889E,high,none,,00 00 00 21 00 05 00 00 00 1b 00 01 00 00 00 1b,6c 69 72 34 25 e6 01 a4 b2 1c dd 19 3a 2f de 38 1e 1f 3e 1d 29 1f 89 dd ac 23 24 e6 01 dd 36 4b 3d 29 21 6d 21 28 54 26 30 1e 73 26 37
7/S7012.DAT,0x4894E,0x48950,0x48950,0x48966,0x48966,0x19,22,22,1,0x48948,high,none,,00 00 21 00 05 00 00 00 1b 00 01 00 00 00 1b 00,6c 69 72 34 25 e6 01 54 32 23 45 1b 21 3b b0 1e 1e 27 1e 73 26 3c
7/S7012.DAT,0x48BF8,0x48BFA,0x48BFA,0x48C2C,0x48C2C,0x19,50,50,1,0x48BF2,high,none,,00 00 21 00 05 00 00 00 1b 00 01 00 00 00 1b 00,6c 69 72 34 25 e6 01 dd 3c 31 dd 4d 34 3a 2d 2a dd 99 88 23 1d 29 1f c3 23 8f 53 dd 56 47 1c de f2 1c 47 5c 31 34 77 31 4e 53 8a 74 44 27 1e 1f
7/S7012.DAT,0x48C5C,0x48C5E,0x48C5E,0x48C88,0x48C88,0x19,42,42,1,0x48C56,high,none,,00 00 21 00 05 00 00 00 1b 00 01 00 00 00 1b 00,6c 69 72 34 25 e6 01 2e 2e 30 28 24 3f 22 42 65 db d8 2a 87 23 86 39 27 2b 37 47 5c 31 34 77 31 4e 53 35 49 23 df 61 df 61 37
7/S7012.DAT,0x48CBC,0x48CBE,0x48CBE,0x48CF0,0x48CF0,0x19,50,50,3,0x48CB6,high,none,,00 00 21 00 05 00 00 00 1b 00 01 00 00 00 1b 00,6c 69 72 34 25 e6 01 af 5c 53 dd 64 23 24 a4 b2 1c 62 31 34 30 e6 01 47 62 31 5c dd a1 62 34 2f 3b 2b 36 e6 01 47 db 31 62 47 2f a0 32 27 2b 3d
7/S7012.DAT,0x48D20,0x48D22,0x48D22,0x48D59,0x48D59,0x19,55,55,1,0x48D1A,high,none,,00 00 00 21 00 05 00 00 00 1b 00 01 00 00 00 1b,6c 69 72 34 25 e6 01 41 1c cf 23 24 bc 31 de 4d 53 36 e7 02 30 6b 34 80 1c dd 64 1c dd 4c 2f de 0a 2d 30 42 65 d1 34 1c de b1 de ca 2f dd 15 46
7/S7012.DAT,0x48D8A,0x48D8C,0x48D8C,0x48DB4,0x48DB4,0x19,40,40,2,0x48D84,high,none,,00 00 21 00 05 00 00 00 1b 00 01 00 00 00 1b 00,6c 69 72 34 25 e6 01 2e 32 28 24 8e dd 20 dd 15 46 22 36 dd 60 31 c9 3a 32 22 1c 30 e6 01 8c 29 36 dd 33 46 27 2b 3d 37
7/S7012.DAT,0x48DE8,0x48DEA,0x48DEA,0x48E2E,0x48E2E,0x19,68,68,1,0x48DE2,high,none,,00 00 21 00 05 00 00 00 1b 00 01 00 00 00 1b 00,6c 69 72 34 25 e6 01 dd 78 dd 7b de 6e 28 dd 08 dd 25 30 17 27 30 1d 22 36 d3 1b 21 3b 39 27 2b 37 dd 64 23 28 a0 45 20 39 23 3e 1b 38 1c 38 1b
7/S7012.DAT,0x48E62,0x48E64,0x48E64,0x48EA4,0x48EA4,0x19,64,64,1,0x48E5C,high,none,,00 00 21 00 05 00 00 00 1b 00 01 00 00 00 1b 00,6c 69 72 34 25 e6 01 d7 d1 cb 1c dd df de 7a 28 24 dd 08 dd 25 30 19 45 23 1d 22 36 d3 1b 21 3b 39 27 2b 37 dd 08 dd 25 a0 45 20 22 36 24 20 1d
7/S7012.DAT,0x48ED8,0x48EDA,0x48EDA,0x48F03,0x48F03,0x19,41,41,1,0x48ED2,high,none,,00 00 00 21 00 05 00 00 00 1b 00 01 00 00 00 1b,6c 69 72 34 25 e6 01 41 1c c3 1c 93 dd 4c 89 30 28 24 af 5c 53 23 d5 29 1f de d7 2f de d7 46 21 1b 22 6d 1f 1b 30 2b 4c 37
7/S7012.DAT,0x48F34,0x48F36,0x48F36,0x48F60,0x48F60,0x19,42,42,2,0x48F2E,high,none,,00 00 21 00 05 00 00 00 1b 00 01 00 00 00 1b 00,6c 69 72 34 25 e6 01 44 29 36 24 1b 1b 2e 36 2a 3f 39 27 2b 20 33 e6 01 2a 2d 58 29 21 dd f5 55 3e 2f dd ef 29 21 70 3a 1b 37
7/S7012.DAT,0x48F94,0x48F96,0x48F96,0x48FD8,0x48FD8,0x19,66,66,2,0x48F8E,high,none,,00 00 21 00 05 00 00 00 1b 00 01 00 00 00 1b 00,6c 69 72 34 25 e6 01 dd 3c 31 dd 4d 34 cb 1c dd b5 31 5c 71 de b4 31 53 1c dd 1b dd 51 1c dd 0a 23 5b 50 44 1d dd 41 de 06 5a 2f de 04 9c dd 5d
7/S7012.DAT,0x49008,0x4900A,0x4900A,0x4902E,0x4902E,0x19,36,36,2,0x49002,high,none,,00 00 21 00 05 00 00 00 1b 00 01 00 00 00 1b 00,6c 69 72 34 25 e6 01 5f 34 47 62 31 1c dd d4 1b 36 2e 55 30 dd 33 29 21 6d 21 28 e6 01 54 26 30 1e 73 26 37
7/S7012.DAT,0x49062,0x49064,0x49064,0x490A8,0x490A8,0x19,68,68,1,0x4905C,high,none,,00 00 21 00 05 00 00 00 1b 00 01 00 00 00 1b 00,6c 69 72 34 25 e6 01 57 64 67 dd 9e 30 28 24 57 34 4e 2f de d5 49 21 dd bf 74 2f 74 29 21 1b 22 3d 26 30 2b 2a 24 41 1c dd 08 21 2f dd 79 46 22
7/S7012.DAT,0x490D8,0x490DA,0x490DA,0x49100,0x49100,0x19,38,38,1,0x490D2,high,none,,00 00 21 00 05 00 00 00 1b 00 01 00 00 00 1b 00,6c 69 72 34 25 e6 01 1f 35 24 57 64 67 dd 9e 30 38 33 46 22 43 49 30 28 1d 1b 3d 26 30 2b 2a df 61 df 61 df 61 37
7/S7012.DAT,0x49134,0x49136,0x49136,0x49178,0x49178,0x19,66,66,2,0x4912E,high,none,,00 00 21 00 05 00 00 00 1b 00 01 00 00 00 1b 00,6c 69 72 34 25 e6 01 a2 64 34 60 34 80 47 5c 31 34 1c 3f 22 89 c2 2a 43 20 39 27 1e 1f 37 12 45 28 47 78 6b 42 1c 5c 71 dd 39 dd 03 53 e6 01 12
7/S7012.DAT,0x491A8,0x491AA,0x491AA,0x491DE,0x491DE,0x19,52,52,1,0x491A2,high,none,,00 00 21 00 05 00 00 00 1b 00 01 00 00 00 1b 00,6c 69 72 34 25 e6 01 12 45 28 dd 3c 31 dd 4d 34 cb 2a 24 dd 2b c3 1c 12 45 28 42 31 4e 3a 2d 1c b7 b9 2a dd 09 29 21 33 29 1e 48 29 1f 6d 1f 1b
7/S7012.DAT,0x49212,0x49214,0x49214,0x49257,0x49257,0x19,67,67,2,0x4920C,high,none,,00 00 00 21 00 05 00 00 00 1b 00 01 00 00 00 1b,6c 69 72 34 25 e6 01 63 93 30 1c dd de de 75 dd d2 2a df 17 23 1d 22 42 4e dd 60 77 6b 31 2a 3f 22 3d 26 30 2b 37 de 26 ae 28 5b 44 dd 4f 1c 3b
7/S7021.DAT,0x47B6E,0x47B70,0x47B70,0x47B7D,0x47B7D,0x19,13,13,0,,medium,none,,00 00 00 07 00 01 00 37 00 06 00 18 00 1c 00 d9,c1 00 26 00 39 00 19 00 c5 00 26 00 2a
7/S7021.DAT,0x47E62,0x47E64,0x47E66,0x47E84,0x47E84,0x17,32,30,2,0x47E5C,high,control_0100,01 00,00 00 21 00 06 00 04 00 05 00 02 00 00 00 01 00,01 00 2e 26 1f 1b 1e 3d 26 20 3c e6 01 e5 03 2e 26 1f 1b 2b 22 e6 01 e5 03 2e 26 1f 1b 1e 1d 1b
7/S7021.DAT,0x47F70,0x47F72,0x47F72,0x47F92,0x47F92,0x17,32,32,2,0x47F6A,high,none,,00 00 21 00 06 00 04 00 05 00 02 00 00 00 01 00,02 00 2e 26 1f 1b 1e 3d 26 20 3c e6 01 e5 03 2e 26 1f 1b 2b 22 e6 01 e5 03 2e 26 1f 1b 1e 1d 1b
7/S7021.DAT,0x4807E,0x48080,0x48080,0x480A0,0x480A0,0x17,32,32,2,0x48078,high,none,,00 00 21 00 06 00 04 00 05 00 02 00 00 00 01 00,03 00 2e 26 1f 1b 1e 3d 26 20 3c e6 01 e5 03 2e 26 1f 1b 2b 22 e6 01 e5 03 2e 26 1f 1b 1e 1d 1b
7/S7021.DAT,0x4818C,0x4818E,0x4818E,0x481AE,0x481AE,0x17,32,32,2,0x48186,high,none,,00 00 21 00 06 00 04 00 05 00 02 00 00 00 01 00,04 00 2e 26 1f 1b 1e 3d 26 20 3c e6 01 e5 03 2e 26 1f 1b 2b 22 e6 01 e5 03 2e 26 1f 1b 1e 1d 1b
7/S7021.DAT,0x4829A,0x4829C,0x4829C,0x482BC,0x482BC,0x17,32,32,2,0x48294,high,none,,00 00 21 00 06 00 04 00 05 00 02 00 00 00 01 00,05 00 2e 26 1f 1b 1e 3d 26 20 3c e6 01 e5 03 2e 26 1f 1b 2b 22 e6 01 e5 03 2e 26 1f 1b 1e 1d 1b
7/S7021.DAT,0x483A8,0x483AA,0x483AA,0x483CA,0x483CA,0x17,32,32,2,0x483A2,high,none,,00 00 21 00 06 00 04 00 05 00 02 00 00 00 01 00,07 00 2e 26 1f 1b 1e 3d 26 20 3c e6 01 e5 03 2e 26 1f 1b 2b 22 e6 01 e5 03 2e 26 1f 1b 1e 1d 1b
7/S7021.DAT,0x48446,0x48448,0x48448,0x48462,0x48462,0x19,26,26,1,0x48440,high,none,,00 00 21 00 05 00 00 00 1b 00 01 00 00 00 1b 00,42 65 db d8 2a 3f 39 27 2b 37 e6 01 5b dd 58 dd 65 5a 2f a0 45 49 27 1e 1f 37
7/S7021.DAT,0x48496,0x48498,0x48498,0x484AA,0x484AA,0x19,18,18,0,0x48490,high,none,,00 00 21 00 05 00 00 00 1b 00 01 00 00 00 1b 00,2e 2e 23 3f 29 1f 38 1c 28 38 26 7d 55 1b 27 1e 1f 37
7/S7021.DAT,0x484E0,0x484E2,0x484E2,0x484F8,0x484F8,0x19,22,22,1,0x484DA,high,none,,00 00 21 00 05 00 00 00 1b 00 01 00 00 00 1b 00,50 7b dd 13 8d 25 e6 01 3f 3f 1b 41 2a 1e 1b 24 1b 41 2a 1e 1b 37
7/S7021.DAT,0x4852E,0x48530,0x48530,0x4854A,0x4854A,0x19,26,26,1,0x48528,high,none,,00 00 21 00 05 00 00 00 1b 00 01 00 00 00 1b 00,50 7b dd 13 8d 25 e6 01 56 89 de f5 dd 50 7e 2a dd d4 3e 21 50 dd 15 30 2b 37
7/S7021.DAT,0x48580,0x48582,0x48582,0x485A6,0x485A6,0x19,36,36,1,0x4857A,high,none,,00 00 21 00 05 00 00 00 1b 00 01 00 00 00 1b 00,56 89 7e 25 e6 01 3b 32 2a 56 22 20 33 23 28 24 5b c1 1c 8f 31 c9 5a 28 38 33 29 1f 3d 26 1d 38 1c 35 1d 37
7/S7021.DAT,0x485DC,0x485DE,0x485DE,0x48607,0x48607,0x19,41,41,2,0x485D6,high,none,,00 00 00 21 00 05 00 00 00 1b 00 01 00 00 00 1b,56 89 7e 25 e6 01 5b 5c 53 dd 5f 2c 81 2c af 34 d1 5a 28 dd 19 1b 37 e6 01 4b 73 29 36 40 41 29 36 30 28 d5 21 1d 1b 6a 37
7/S7021.DAT,0x4863E,0x48640,0x48640,0x48655,0x48655,0x19,21,21,1,0x48638,high,none,,00 00 00 21 00 05 00 00 00 1b 00 01 00 00 00 1b,56 89 7e 25 e6 01 38 29 36 dd 19 1b 40 45 28 1b 1d 1b 1c 20 3c
7/S7021.DAT,0x48D8A,0x48D8C,0x48D8C,0x48D9A,0x48D9A,0x19,14,14,1,0x48D84,high,none,,00 00 21 00 05 00 00 00 1b 00 01 00 00 00 1b 00,50 7b dd 13 8d 25 e6 01 41 26 30 2b 20 37
7/S7021.DAT,0x48DCE,0x48DD0,0x48DD0,0x48DF6,0x48DF6,0x19,38,38,2,0x48DC8,high,none,,00 00 21 00 05 00 00 00 1b 00 01 00 00 00 1b 00,50 7b dd 13 8d 25 e6 01 85 1c c3 55 23 dd 36 1f 1d 1b 30 70 3a 1b 37 e6 01 54 26 1d 29 21 38 c6 39 27 59 2d 3d 37
7/S7021.DAT,0x48E30,0x48E32,0x48E32,0x48E47,0x48E47,0x19,21,21,1,0x48E2A,high,none,,00 00 00 21 00 05 00 00 00 1b 00 01 00 00 00 1b,50 7b dd 13 8d 25 e6 01 54 1d 1f 2a a5 aa 1d 3a 1b 27 2b 20 3c
7/S7021.DAT,0x48F14,0x48F16,0x48F16,0x48F31,0x48F31,0x19,27,27,3,0x48F0E,high,none,,00 00 00 21 00 06 00 04 00 05 00 02 00 00 00 01,e2 01 3a 2d 30 2b 4c 37 e6 01 e5 03 28 1b e6 01 e5 03 27 4b 2a 46 27 1e 1f e6 01
7/S7021.DAT,0x48F80,0x48F82,0x48F82,0x48F9D,0x48F9D,0x19,27,27,3,0x48F7A,high,none,,00 00 00 21 00 06 00 04 00 05 00 02 00 00 00 01,e2 02 3a 2d 30 2b 4c 37 e6 01 e5 03 28 1b e6 01 e5 03 27 4b 2a 46 27 1e 1f e6 01
7/S7021.DAT,0x4929C,0x4929E,0x4929E,0x492B8,0x492B8,0x19,26,26,3,0x49296,high,none,,00 00 21 00 06 00 04 00 05 00 02 00 00 00 01 00,e2 08 3a 2d 30 2b 4c 37 e6 01 e5 03 43 1e 20 1b e6 01 e5 03 1b 40 4a 48 e6 01
7/S7021.DAT,0x49314,0x49316,0x49316,0x49347,0x49347,0x19,49,49,3,0x4930E,high,none,,00 00 00 21 00 05 00 00 00 1b 00 01 00 00 00 1b,42 7c 71 34 47 25 e6 01 27 38 1d 3e 24 50 7b 1c dd db 3a 1b 7e 30 3f 22 e6 01 a2 4e 5c 31 53 cb 20 33 1c e6 01 3f 1b 3a 45 2a dd 5b 27 39 27 2b
7/S7021.DAT,0x49478,0x4947A,0x4947A,0x494A2,0x494A2,0x19,40,40,2,0x49472,high,none,,00 00 21 00 05 00 00 00 1b 00 01 00 00 00 1b 00,42 7c 71 34 47 25 e6 01 88 38 1d 3e a5 aa 7e 1c dd 68 de 2a 2f 1e 51 dd aa 39 27 2b 37 e6 01 3b dd 8e dd 7d 70 3a 1b 37
7/S7022.DAT,0x47B6E,0x47B70,0x47B70,0x47B7D,0x47B7D,0x19,13,13,0,,medium,none,,00 00 00 07 00 01 00 37 00 06 00 18 00 1c 00 d9,c1 00 26 00 39 00 19 00 c5 00 26 00 2a
7/S7022.DAT,0x47CC6,0x47CC8,0x47CC8,0x47CEE,0x47CEE,0x19,38,38,1,0x47CC0,high,none,,00 00 21 00 05 00 00 00 1b 00 01 00 00 00 1b 00,50 7b dd 13 8d 25 e6 01 12 9e 63 23 a5 aa 3a 32 22 1c 28 e2 01 3a 2d 30 2b 37 79 92 52 2a 3b 4c 2a 1b 1e 27 2b 37
7/S7022.DAT,0x47D20,0x47D22,0x47D22,0x47D48,0x47D48,0x19,38,38,1,0x47D1A,high,none,,00 00 21 00 05 00 00 00 1b 00 01 00 00 00 1b 00,50 7b dd 13 8d 25 e6 01 12 9e 63 23 a5 aa 3a 32 22 1c 28 e2 02 3a 2d 30 2b 37 79 92 52 2a 3b 4c 2a 1b 1e 27 2b 37
7/S7022.DAT,0x47D7A,0x47D7C,0x47D7C,0x47DA2,0x47DA2,0x19,38,38,1,0x47D74,high,none,,00 00 21 00 05 00 00 00 1b 00 01 00 00 00 1b 00,50 7b dd 13 8d 25 e6 01 12 9e 63 23 a5 aa 3a 32 22 1c 28 e2 03 3a 2d 30 2b 37 79 92 52 2a 3b 4c 2a 1b 1e 27 2b 37
7/S7022.DAT,0x47DD4,0x47DD6,0x47DD6,0x47DFC,0x47DFC,0x19,38,38,1,0x47DCE,high,none,,00 00 21 00 05 00 00 00 1b 00 01 00 00 00 1b 00,50 7b dd 13 8d 25 e6 01 12 9e 63 23 a5 aa 3a 32 22 1c 28 e2 04 3a 2d 30 2b 37 79 92 52 2a 3b 4c 2a 1b 1e 27 2b 37
7/S7022.DAT,0x47E2E,0x47E30,0x47E30,0x47E56,0x47E56,0x19,38,38,1,0x47E28,high,none,,00 00 21 00 05 00 00 00 1b 00 01 00 00 00 1b 00,50 7b dd 13 8d 25 e6 01 12 9e 63 23 a5 aa 3a 32 22 1c 28 e2 05 3a 2d 30 2b 37 79 92 52 2a 3b 4c 2a 1b 1e 27 2b 37
7/S7022.DAT,0x47E88,0x47E8A,0x47E8A,0x47EB0,0x47EB0,0x19,38,38,1,0x47E82,high,none,,00 00 21 00 05 00 00 00 1b 00 01 00 00 00 1b 00,50 7b dd 13 8d 25 e6 01 12 9e 63 23 a5 aa 3a 32 22 1c 28 e2 06 3a 2d 30 2b 37 79 92 52 2a 3b 4c 2a 1b 1e 27 2b 37
7/S7022.DAT,0x47EE2,0x47EE4,0x47EE4,0x47F0A,0x47F0A,0x19,38,38,1,0x47EDC,high,none,,00 00 21 00 05 00 00 00 1b 00 01 00 00 00 1b 00,50 7b dd 13 8d 25 e6 01 12 9e 63 23 a5 aa 3a 32 22 1c 28 e2 08 3a 2d 30 2b 37 79 92 52 2a 3b 4c 2a 1b 1e 27 2b 37
7/S7022.DAT,0x480D8,0x480DA,0x480DC,0x480F8,0x480F8,0x17,30,28,2,0x480D2,high,control_0100,01 00,00 00 21 00 06 00 04 00 05 00 02 00 00 00 01 00,01 00 2e 26 1f 1b 2b 22 3c e6 01 e5 03 2e 26 1f 1b 2b 22 e6 01 e5 03 2e 26 1f 1b 1e 1d 1b
7/S7022.DAT,0x481E4,0x481E6,0x481E6,0x48202,0x48202,0x17,28,28,2,0x481DE,high,none,,00 00 21 00 06 00 04 00 05 00 02 00 00 00 01 00,02 00 3b 32 20 1b 3c e6 01 e5 03 2e 26 1f 1b 2b 22 e6 01 e5 03 2e 26 1f 1b 1e 1d 1b
7/S7022.DAT,0x482EE,0x482F0,0x482F0,0x4830C,0x4830C,0x17,28,28,2,0x482E8,high,none,,00 00 21 00 06 00 04 00 05 00 02 00 00 00 01 00,03 00 d2 3e 20 1d 3c e6 01 e5 03 2e 26 1f 1b 2b 22 e6 01 e5 03 2e 26 1f 1b 1e 1d 1b
7/S7022.DAT,0x483F8,0x483FA,0x483FA,0x48416,0x48416,0x17,28,28,2,0x483F2,high,none,,00 00 21 00 06 00 04 00 05 00 02 00 00 00 01 00,04 00 43 1e 20 4c 3c e6 01 e5 03 2e 26 1f 1b 2b 22 e6 01 e5 03 2e 26 1f 1b 1e 1d 1b
7/S7022.DAT,0x48502,0x48504,0x48504,0x48520,0x48520,0x17,28,28,2,0x484FC,high,none,,00 00 21 00 06 00 04 00 05 00 02 00 00 00 01 00,05 00 20 43 22 20 3c e6 01 e5 03 2e 26 1f 1b 2b 22 e6 01 e5 03 2e 26 1f 1b 1e 1d 1b
7/S7022.DAT,0x4860C,0x4860E,0x4860E,0x4862F,0x4862F,0x17,33,33,2,0x48606,high,none,,00 00 00 21 00 06 00 04 00 05 00 02 00 00 00 01,07 00 2e 26 1f 1b 1e 3d 26 20 4c 3c e6 01 e5 03 2e 26 1f 1b 2b 22 e6 01 e5 03 2e 26 1f 1b 1e 1d 1b
7/S7022.DAT,0x486AC,0x486AE,0x486AE,0x486C8,0x486C8,0x19,26,26,1,0x486A6,high,none,,00 00 21 00 05 00 00 00 1b 00 01 00 00 00 1b 00,42 65 db d8 2a 3f 39 27 2b 37 e6 01 5b dd 58 dd 65 5a 2f a0 45 49 27 1e 1f 37
7/S7022.DAT,0x486FC,0x486FE,0x486FE,0x4870F,0x4870F,0x19,17,17,0,0x486F6,high,none,,00 00 00 21 00 05 00 00 00 1b 00 01 00 00 00 1b,2e 2e 23 3f 29 1f 38 1c 28 38 26 7d 55 1b 27 1e 1f
7/S7022.DAT,0x48746,0x48748,0x48748,0x48768,0x48768,0x19,32,32,1,0x48740,high,none,,00 00 21 00 05 00 00 00 1b 00 01 00 00 00 1b 00,50 7b dd 13 8d 25 e6 01 3f 3f 7d 27 35 24 c8 dd 74 28 54 26 1e 21 2e 2d 1d 23 7d 27 1d 2d 35 37
7/S7022.DAT,0x4879E,0x487A0,0x487A0,0x487BE,0x487BE,0x19,30,30,1,0x48798,high,none,,00 00 21 00 05 00 00 00 1b 00 01 00 00 00 1b 00,50 7b dd 13 8d 25 e6 01 dd 99 88 23 df 3c 7a 2f 3b 1e 45 49 33 32 21 24 50 dd 15 30 2b 37
7/S7022.DAT,0x48850,0x48852,0x48852,0x48876,0x48876,0x19,36,36,2,0x4884A,high,none,,00 00 21 00 05 00 00 00 1b 00 01 00 00 00 1b 00,56 89 7e 25 e6 01 41 32 30 38 87 23 86 32 1f 1b 36 dd 8b 46 22 1c 28 e6 01 41 1c df 15 1e 3a dd 04 46 20 37
7/S7022.DAT,0x488A6,0x488A8,0x488A8,0x488B7,0x488B7,0x17,15,15,0,0x488A0,high,none,,00 00 00 21 00 05 00 00 00 1b 00 01 00 00 00 1b,02 00 dd 71 de 73 2a 1d 2d 35 29 21 2d 35 37
7/S7022.DAT,0x488EE,0x488F0,0x488F0,0x4891E,0x4891E,0x19,46,46,1,0x488E8,high,none,,00 00 21 00 05 00 00 00 1b 00 01 00 00 00 1b 00,56 89 7e 25 e6 01 57 64 67 dd 9e 30 dd bf 74 2b 22 36 24 1d 2d 36 20 58 2b 1f 31 36 20 1b 26 1e 73 26 79 26 2a 38 33 46 22 33 1e 1b 6a 37
7/S7022.DAT,0x48954,0x48956,0x48956,0x48972,0x48972,0x19,28,28,1,0x4894E,high,none,,00 00 21 00 05 00 00 00 1b 00 01 00 00 00 1b 00,56 89 7e 25 e6 01 c8 dd 74 28 dd 86 96 2a dd 6c 1b 20 33 dd 92 dd 74 23 1e 3d 26 37
7/S7022.DAT,0x48A1C,0x48A1E,0x48A1E,0x48A35,0x48A35,0x19,23,23,1,0x48A16,high,none,,00 00 00 21 00 05 00 00 00 1b 00 01 00 00 00 1b,50 7b dd 13 8d 25 e6 01 dd 21 3e dd 32 c5 2f 1e 21 44 21 70 3a 1b 37
7/S7022.DAT,0x48A6A,0x48A6C,0x48A6C,0x48A90,0x48A90,0x19,36,36,1,0x48A64,high,none,,00 00 21 00 05 00 00 00 1b 00 01 00 00 00 1b 00,50 7b dd 13 8d 25 e6 01 85 1c c3 55 23 dd 36 1f 1d 1b 30 70 3a 1b 37 54 26 1d 29 21 38 c6 39 27 59 2d 3d 37
7/S7022.DAT,0x49194,0x49196,0x49196,0x491B8,0x491B8,0x19,34,34,2,0x4918E,high,none,,00 00 21 00 06 00 04 00 05 00 02 00 00 00 01 00,dd 23 34 5c 6b 31 2f 40 39 1d 3b 1e 27 2b 20 37 e6 01 e5 03 40 39 1d 3b 2b e6 01 e5 03 45 dd f9 49 22
7/S7023.DAT,0x47B6E,0x47B70,0x47B70,0x47B7D,0x47B7D,0x19,13,13,0,,medium,none,,00 00 00 07 00 01 00 37 00 06 00 18 00 1c 00 d9,c1 00 26 00 39 00 19 00 c5 00 26 00 2a
7/S7023.DAT,0x47E62,0x47E64,0x47E66,0x47E82,0x47E82,0x17,30,28,2,0x47E5C,high,control_0100,01 00,00 00 21 00 06 00 04 00 05 00 02 00 00 00 01 00,01 00 2e 26 1f 1b 2b 22 3c e6 01 e5 03 2e 26 1f 1b 2b 22 e6 01 e5 03 2e 26 1f 1b 1e 1d 1b
7/S7023.DAT,0x47F6E,0x47F70,0x47F70,0x47F90,0x47F90,0x17,32,32,2,0x47F68,high,none,,00 00 21 00 06 00 04 00 05 00 02 00 00 00 01 00,02 00 20 43 29 21 40 55 26 20 3c e6 01 e5 03 2e 26 1f 1b 2b 22 e6 01 e5 03 2e 26 1f 1b 1e 1d 1b
7/S7023.DAT,0x4807C,0x4807E,0x4807E,0x4809C,0x4809C,0x17,30,30,2,0x48076,high,none,,00 00 21 00 06 00 04 00 05 00 02 00 00 00 01 00,03 00 d2 3e 36 20 43 22 3c e6 01 e5 03 2e 26 1f 1b 2b 22 e6 01 e5 03 2e 26 1f 1b 1e 1d 1b
7/S7023.DAT,0x48188,0x4818A,0x4818A,0x481A5,0x481A5,0x17,27,27,2,0x48182,high,none,,00 00 00 21 00 06 00 04 00 05 00 02 00 00 00 01,04 00 43 1e 20 3c e6 01 e5 03 2e 26 1f 1b 2b 22 e6 01 e5 03 2e 26 1f 1b 1e 1d 1b
7/S7023.DAT,0x48292,0x48294,0x48294,0x482B0,0x482B0,0x17,28,28,2,0x4828C,high,none,,00 00 21 00 06 00 04 00 05 00 02 00 00 00 01 00,05 00 20 43 22 20 3c e6 01 e5 03 2e 26 1f 1b 2b 22 e6 01 e5 03 2e 26 1f 1b 1e 1d 1b
7/S7023.DAT,0x4839C,0x4839E,0x4839E,0x483BE,0x483BE,0x17,32,32,2,0x48396,high,none,,00 00 21 00 06 00 04 00 05 00 02 00 00 00 01 00,07 00 2e 26 1f 1b 2b 22 20 1b 3c e6 01 e5 03 2e 26 1f 1b 2b 22 e6 01 e5 03 2e 26 1f 1b 1e 1d 1b
7/S7023.DAT,0x4843A,0x4843C,0x4843C,0x48456,0x48456,0x19,26,26,1,0x48434,high,none,,00 00 21 00 05 00 00 00 1b 00 01 00 00 00 1b 00,42 65 db d8 2a 3f 39 27 2b 37 e6 01 5b dd 58 dd 65 5a 2f a0 45 49 27 1e 1f 37
7/S7023.DAT,0x4848A,0x4848C,0x4848C,0x4849E,0x4849E,0x19,18,18,0,0x48484,high,none,,00 00 21 00 05 00 00 00 1b 00 01 00 00 00 1b 00,2e 2e 23 3f 29 1f 38 1c 28 38 26 7d 55 1b 27 1e 1f 37
7/S7023.DAT,0x484D4,0x484D6,0x484D6,0x484EC,0x484EC,0x19,22,22,1,0x484CE,high,none,,00 00 21 00 05 00 00 00 1b 00 01 00 00 00 1b 00,50 7b dd 13 8d 25 e6 01 3f 3f 1b 41 2a 1e 1b 24 1b 41 2a 1e 1b 37
7/S7023.DAT,0x48522,0x48524,0x48524,0x4854F,0x4854F,0x19,43,43,1,0x4851C,high,none,,00 00 00 21 00 05 00 00 00 1b 00 01 00 00 00 1b,50 7b dd 13 8d 25 e6 01 c8 dd 74 28 dd 99 88 23 df 3c 7a 2f 3b 1e 45 49 21 40 29 1f 3d 37 3b 20 9c 30 dd 04 29 3e 39 30 44 22 37
7/S7023.DAT,0x48586,0x48588,0x48588,0x485BB,0x485BB,0x19,51,51,1,0x48580,high,none,,00 00 00 21 00 05 00 00 00 1b 00 01 00 00 00 1b,56 89 7e 25 e6 01 2e 1c ce dd 12 23 28 24 5b 90 1c 94 5a 5b b8 1c 94 5a 5b dd 0a 1c 94 5a 5b c1 1c 94 5a 5b dd 0c 1c 94 5a 36 20 1b 26 94 2a 3f
7/S7023.DAT,0x485EC,0x485EE,0x485EE,0x48605,0x48605,0x19,23,23,1,0x485E6,high,none,,00 00 00 21 00 05 00 00 00 1b 00 01 00 00 00 1b,56 89 7e 25 e6 01 16 45 dd 5a 51 22 36 6e 20 3b 2e 22 33 1e 1b 6a 37
7/S7023.DAT,0x48636,0x48638,0x48638,0x4865B,0x4865B,0x17,35,35,1,0x48630,high,none,,00 00 00 21 00 05 00 00 00 1b 00 01 00 00 00 1b,03 00 6e 20 3b 2e 22 29 21 91 43 32 21 38 4c 37 e6 01 50 df 4a dd 09 4b 23 30 38 1d 32 22 1c 20 1d 3f 37
7/S7023.DAT,0x48692,0x48694,0x48694,0x486CC,0x486CC,0x19,56,56,3,0x4868C,high,none,,00 00 21 00 05 00 00 00 1b 00 01 00 00 00 1b 00,56 89 7e 25 e6 01 5b 5c 53 dd 5f 2c 81 2c af 34 d1 5a 35 2a e6 01 bb df 01 28 52 88 33 1e 3a 1c 20 49 33 38 1d 1b e6 01 63 93 64 60 34 35 36 9f
7/S7023.DAT,0x486FC,0x486FE,0x486FE,0x4871C,0x4871C,0x19,30,30,2,0x486F6,high,none,,00 00 21 00 05 00 00 00 1b 00 01 00 00 00 1b 00,56 89 7e 25 e6 01 1d 3a 49 2f 20 49 21 1b 21 28 e6 01 40 45 23 28 d5 21 1d 1b 20 33 1d 37
7/S7023.DAT,0x48752,0x48754,0x48754,0x48778,0x48778,0x19,36,36,2,0x4874C,high,none,,00 00 21 00 05 00 00 00 1b 00 01 00 00 00 1b 00,56 89 7e 25 e6 01 c8 dd 74 28 dd 86 96 2a 1b 1b 20 33 2a 2d 58 22 6a 37 e6 01 3b 27 46 38 2a 2d 58 32 3d 37
7/S7023.DAT,0x487AE,0x487B0,0x487B0,0x487D9,0x487D9,0x19,41,41,2,0x487A8,high,none,,00 00 00 21 00 05 00 00 00 1b 00 01 00 00 00 1b,42 7c 71 34 77 31 25 e6 01 13 9e 63 23 a5 aa 3a 32 22 1c 28 e2 01 3a 2d 30 2b 37 e6 01 79 92 52 2a 3b 4c 2a 1b 1e 27 2b 37
7/S7023.DAT,0x4880C,0x4880E,0x4880E,0x48837,0x48837,0x19,41,41,2,0x48806,high,none,,00 00 00 21 00 05 00 00 00 1b 00 01 00 00 00 1b,42 7c 71 34 77 31 25 e6 01 13 9e 63 23 a5 aa 3a 32 22 1c 28 e2 02 3a 2d 30 2b 37 e6 01 79 92 52 2a 3b 4c 2a 1b 1e 27 2b 37
7/S7023.DAT,0x4886A,0x4886C,0x4886C,0x48895,0x48895,0x19,41,41,2,0x48864,high,none,,00 00 00 21 00 05 00 00 00 1b 00 01 00 00 00 1b,42 7c 71 34 77 31 25 e6 01 13 9e 63 23 a5 aa 3a 32 22 1c 28 e2 03 3a 2d 30 2b 37 e6 01 79 92 52 2a 3b 4c 2a 1b 1e 27 2b 37
7/S7023.DAT,0x488C8,0x488CA,0x488CA,0x488F3,0x488F3,0x19,41,41,2,0x488C2,high,none,,00 00 00 21 00 05 00 00 00 1b 00 01 00 00 00 1b,42 7c 71 34 77 31 25 e6 01 13 9e 63 23 a5 aa 3a 32 22 1c 28 e2 04 3a 2d 30 2b 37 e6 01 79 92 52 2a 3b 4c 2a 1b 1e 27 2b 37
7/S7023.DAT,0x48926,0x48928,0x48928,0x48951,0x48951,0x19,41,41,2,0x48920,high,none,,00 00 00 21 00 05 00 00 00 1b 00 01 00 00 00 1b,42 7c 71 34 77 31 25 e6 01 13 9e 63 23 a5 aa 3a 32 22 1c 28 e2 05 3a 2d 30 2b 37 e6 01 79 92 52 2a 3b 4c 2a 1b 1e 27 2b 37
7/S7023.DAT,0x48984,0x48986,0x48986,0x489AF,0x489AF,0x19,41,41,2,0x4897E,high,none,,00 00 00 21 00 05 00 00 00 1b 00 01 00 00 00 1b,42 7c 71 34 77 31 25 e6 01 13 9e 63 23 a5 aa 3a 32 22 1c 28 e2 06 3a 2d 30 2b 37 e6 01 79 92 52 2a 3b 4c 2a 1b 1e 27 2b 37
7/S7023.DAT,0x489E2,0x489E4,0x489E4,0x48A0D,0x48A0D,0x19,41,41,2,0x489DC,high,none,,00 00 00 21 00 05 00 00 00 1b 00 01 00 00 00 1b,42 7c 71 34 77 31 25 e6 01 13 9e 63 23 a5 aa 3a 32 22 1c 28 e2 08 3a 2d 30 2b 37 e6 01 79 92 52 2a 3b 4c 2a 1b 1e 27 2b 37
7/S7023.DAT,0x48AB4,0x48AB6,0x48AB6,0x48ACD,0x48ACD,0x19,23,23,1,0x48AAE,high,none,,00 00 00 21 00 05 00 00 00 1b 00 01 00 00 00 1b,50 7b dd 13 8d 25 e6 01 dd 21 3e dd 32 c5 2f 1e 21 44 21 70 3a 1b 37
7/S7023.DAT,0x48B02,0x48B04,0x48B04,0x48B28,0x48B28,0x19,36,36,1,0x48AFC,high,none,,00 00 21 00 05 00 00 00 1b 00 01 00 00 00 1b 00,50 7b dd 13 8d 25 e6 01 85 1c c3 55 23 dd 36 1f 1d 1b 30 70 3a 1b 37 54 26 1d 29 21 38 c6 39 27 59 2d 3d 37
7/S7023.DAT,0x491C4,0x491C6,0x491C6,0x491E8,0x491E8,0x19,34,34,2,0x491BE,high,none,,00 00 21 00 06 00 04 00 05 00 02 00 00 00 01 00,dd 23 34 5c 6b 31 2f 40 39 1d 3b 1e 27 2b 20 37 e6 01 e5 03 40 39 1d 3b 2b e6 01 e5 03 45 dd f9 49 22
7/S7023.DAT,0x4922A,0x4922C,0x4922C,0x49254,0x49254,0x19,40,40,2,0x49224,high,none,,00 00 21 00 06 00 04 00 05 00 02 00 00 00 02 00,12 9e 63 20 33 40 39 1d 3b 1e 23 1d 39 27 2b 37 3d 55 1e 1b 30 2b 20 3c e6 01 e5 03 28 1b e6 01 e5 03 36 2d 30 38 1d 1b
7/S7024.DAT,0x47B6E,0x47B70,0x47B70,0x47B7D,0x47B7D,0x19,13,13,0,,medium,none,,00 00 00 07 00 01 00 37 00 06 00 18 00 1c 00 d9,c1 00 26 00 39 00 19 00 c5 00 26 00 2a
7/S7024.DAT,0x47E62,0x47E64,0x47E66,0x47E82,0x47E82,0x17,30,28,2,0x47E5C,high,control_0100,01 00,00 00 21 00 06 00 04 00 05 00 02 00 00 00 01 00,01 00 2e 26 1f 1b 2b 22 3c e6 01 e5 03 2e 26 1f 1b 2b 22 e6 01 e5 03 2e 26 1f 1b 1e 1d 1b
7/S7024.DAT,0x47F6E,0x47F70,0x47F70,0x47F8C,0x47F8C,0x17,28,28,2,0x47F68,high,none,,00 00 21 00 06 00 04 00 05 00 02 00 00 00 01 00,02 00 3b 32 20 1b 3c e6 01 e5 03 2e 26 1f 1b 2b 22 e6 01 e5 03 2e 26 1f 1b 1e 1d 1b
7/S7024.DAT,0x48078,0x4807A,0x4807A,0x48096,0x48096,0x17,28,28,2,0x48072,high,none,,00 00 21 00 06 00 04 00 05 00 02 00 00 00 01 00,03 00 d2 3e 35 4c 3c e6 01 e5 03 2e 26 1f 1b 2b 22 e6 01 e5 03 2e 26 1f 1b 1e 1d 1b
7/S7024.DAT,0x48182,0x48184,0x48184,0x481A5,0x481A5,0x17,33,33,2,0x4817C,high,none,,00 00 00 21 00 06 00 04 00 05 00 02 00 00 00 01,04 00 2e 26 1f 1b 1e 3d 26 20 1c 3c e6 01 e5 03 2e 26 1f 1b 2b 22 e6 01 e5 03 2e 26 1f 1b 1e 1d 1b
7/S7024.DAT,0x48292,0x48294,0x48294,0x482B0,0x482B0,0x17,28,28,2,0x4828C,high,none,,00 00 21 00 06 00 04 00 05 00 02 00 00 00 01 00,05 00 20 43 22 20 3c e6 01 e5 03 2e 26 1f 1b 2b 22 e6 01 e5 03 2e 26 1f 1b 1e 1d 1b
7/S7024.DAT,0x4839C,0x4839E,0x4839E,0x483BF,0x483BF,0x17,33,33,2,0x48396,high,none,,00 00 00 21 00 06 00 04 00 05 00 02 00 00 00 01,07 00 2e 26 1f 1b 1e 3d 26 20 4c 3c e6 01 e5 03 2e 26 1f 1b 2b 22 e6 01 e5 03 2e 26 1f 1b 1e 1d 1b
7/S7024.DAT,0x4843C,0x4843E,0x4843E,0x48458,0x48458,0x19,26,26,1,0x48436,high,none,,00 00 21 00 05 00 00 00 1b 00 01 00 00 00 1b 00,42 65 db d8 2a 3f 39 27 2b 37 e6 01 5b dd 58 dd 65 5a 2f a0 45 49 27 1e 1f 37
7/S7024.DAT,0x4848C,0x4848E,0x4848E,0x4849F,0x4849F,0x19,17,17,0,0x48486,high,none,,00 00 00 21 00 05 00 00 00 1b 00 01 00 00 00 1b,2e 2e 23 3f 29 1f 38 1c 28 38 26 7d 55 1b 27 1e 1f
7/S7024.DAT,0x484D6,0x484D8,0x484D8,0x48502,0x48502,0x19,42,42,2,0x484D0,high,none,,00 00 21 00 05 00 00 00 1b 00 01 00 00 00 1b 00,42 7c 71 34 77 31 25 e6 01 dd 32 9d d5 23 a5 aa 3a 32 22 1c 28 e2 01 3a 2d 30 2b 37 e6 01 79 92 52 2a 3b 4c 2a 1b 1e 27 2b 37
7/S7024.DAT,0x48534,0x48536,0x48536,0x48560,0x48560,0x19,42,42,2,0x4852E,high,none,,00 00 21 00 05 00 00 00 1b 00 01 00 00 00 1b 00,42 7c 71 34 77 31 25 e6 01 dd 32 9d d5 23 a5 aa 3a 32 22 1c 28 e2 02 3a 2d 30 2b 37 e6 01 79 92 52 2a 3b 4c 2a 1b 1e 27 2b 37
7/S7024.DAT,0x48592,0x48594,0x48594,0x485BE,0x485BE,0x19,42,42,2,0x4858C,high,none,,00 00 21 00 05 00 00 00 1b 00 01 00 00 00 1b 00,42 7c 71 34 77 31 25 e6 01 dd 32 9d d5 23 a5 aa 3a 32 22 1c 28 e2 03 3a 2d 30 2b 37 e6 01 79 92 52 2a 3b 4c 2a 1b 1e 27 2b 37
7/S7024.DAT,0x485F0,0x485F2,0x485F2,0x4861C,0x4861C,0x19,42,42,2,0x485EA,high,none,,00 00 21 00 05 00 00 00 1b 00 01 00 00 00 1b 00,42 7c 71 34 77 31 25 e6 01 dd 32 9d d5 23 a5 aa 3a 32 22 1c 28 e2 04 3a 2d 30 2b 37 e6 01 79 92 52 2a 3b 4c 2a 1b 1e 27 2b 37
7/S7024.DAT,0x4864E,0x48650,0x48650,0x4867A,0x4867A,0x19,42,42,2,0x48648,high,none,,00 00 21 00 05 00 00 00 1b 00 01 00 00 00 1b 00,42 7c 71 34 77 31 25 e6 01 dd 32 9d d5 23 a5 aa 3a 32 22 1c 28 e2 05 3a 2d 30 2b 37 e6 01 79 92 52 2a 3b 4c 2a 1b 1e 27 2b 37
7/S7024.DAT,0x486AC,0x486AE,0x486AE,0x486D8,0x486D8,0x19,42,42,2,0x486A6,high,none,,00 00 21 00 05 00 00 00 1b 00 01 00 00 00 1b 00,42 7c 71 34 77 31 25 e6 01 dd 32 9d d5 23 a5 aa 3a 32 22 1c 28 e2 06 3a 2d 30 2b 37 e6 01 79 92 52 2a 3b 4c 2a 1b 1e 27 2b 37
7/S7024.DAT,0x4870A,0x4870C,0x4870C,0x48736,0x48736,0x19,42,42,2,0x48704,high,none,,00 00 21 00 05 00 00 00 1b 00 01 00 00 00 1b 00,42 7c 71 34 77 31 25 e6 01 dd 32 9d d5 23 a5 aa 3a 32 22 1c 28 e2 08 3a 2d 30 2b 37 e6 01 79 92 52 2a 3b 4c 2a 1b 1e 27 2b 37
7/S7024.DAT,0x48768,0x4876A,0x4876A,0x48797,0x48797,0x19,45,45,3,0x48762,high,none,,00 00 00 21 00 05 00 00 00 1b 00 01 00 00 00 1b,50 7b dd 13 8d 25 e6 01 2e 1c 3f 1f 39 36 38 1d 22 36 e6 01 dd ab 29 21 1b 22 1c 28 26 30 4a 27 2d 1c e6 01 dd 19 7e 58 20 39 30 2b 37
7/S7024.DAT,0x487CE,0x487D0,0x487D0,0x487F1,0x487F1,0x19,33,33,1,0x487C8,high,none,,00 00 00 21 00 05 00 00 00 1b 00 01 00 00 00 1b,50 7b dd 13 8d 25 e6 01 de 38 dd ac ae 23 28 dd 32 c5 dd 37 dc 2f dd 48 32 1d 1b 30 70 3a 1b 4c 37
7/S7024.DAT,0x48822,0x48824,0x48824,0x4884A,0x4884A,0x19,38,38,1,0x4881C,high,none,,00 00 21 00 05 00 00 00 1b 00 01 00 00 00 1b 00,50 7b dd 13 8d 25 e6 01 de 38 dd ac dd e0 dd 5b dd 85 c3 23 6e 38 59 8c 23 1f 3b 32 22 52 38 1b 22 2d 30 2b 3d 37
7/S7024.DAT,0x488D0,0x488D2,0x488D2,0x4890C,0x4890C,0x19,58,58,2,0x488CA,high,none,,00 00 21 00 05 00 00 00 1b 00 01 00 00 00 1b 00,56 89 7e 25 e6 01 3b 32 28 dd 2a 1c 50 7b 23 56 3d 26 36 9f 29 21 1b 22 2d 35 2a 24 35 2d 35 2d a4 dd 27 2a 1d 3e 1d 29 21 44 1f 6a 37 e6 01 3b
7/S7024.DAT,0x4893C,0x4893E,0x4893E,0x48954,0x48954,0x17,22,22,0,0x48936,high,none,,00 00 21 00 05 00 00 00 1b 00 01 00 00 00 1b 00,02 00 3b 32 3d 39 dd ed 1b 40 45 23 7b 1b 23 74 3e 24 29 21 20 37
7/S7024.DAT,0x4898A,0x4898C,0x4898C,0x489C2,0x489C2,0x19,54,54,3,0x48984,high,none,,00 00 21 00 05 00 00 00 1b 00 01 00 00 00 1b 00,56 89 7e 25 e6 01 3b 27 46 38 2e 2e 27 30 dd ab 29 1f 1c 20 37 e6 01 1d 20 1d 20 40 22 1d 37 e6 01 35 2a 24 5b 5c 53 dd 5f 2c 81 2c af 34 d1 5a
7/S7024.DAT,0x48A3E,0x48A40,0x48A40,0x48A6A,0x48A6A,0x19,42,42,2,0x48A38,high,none,,00 00 21 00 05 00 00 00 1b 00 01 00 00 00 1b 00,56 89 7e 25 e6 01 1d 3a 49 1d 1b 2a dd cb 49 21 1e 27 29 1f 37 e6 01 7d 36 36 3b 39 a0 21 20 33 dd c5 22 2e 36 23 1e 3d 26 37
7/S7024.DAT,0x48AAC,0x48AAE,0x48AAE,0x48AD3,0x48AD3,0x19,37,37,3,0x48AA6,high,none,,00 00 00 21 00 06 00 04 00 05 00 02 00 00 00 02,50 7b dd 13 8d 25 e6 01 dd 32 9d d5 1c dd 32 c5 28 1b 1b 30 2b 20 3c e6 01 e5 03 28 1b e6 01 e5 03 27 35 30 2b
7/S7024.DAT,0x48B16,0x48B18,0x48B18,0x48B2F,0x48B2F,0x19,23,23,1,0x48B10,high,none,,00 00 00 21 00 05 00 00 00 1b 00 01 00 00 00 1b,50 7b dd 13 8d 25 e6 01 dd 21 3e dd 32 c5 2f 1e 21 44 21 70 3a 1b 37
7/S7024.DAT,0x48B64,0x48B66,0x48B66,0x48B8C,0x48B8C,0x19,38,38,2,0x48B5E,high,none,,00 00 21 00 05 00 00 00 1b 00 01 00 00 00 1b 00,50 7b dd 13 8d 25 e6 01 85 1c c3 55 23 dd 36 1f 1d 1b 30 70 3a 1b 37 e6 01 54 26 1d 29 21 38 c6 39 27 59 2d 3d 37
7/S7024.DAT,0x49228,0x4922A,0x4922A,0x4924C,0x4924C,0x19,34,34,2,0x49222,high,none,,00 00 21 00 06 00 04 00 05 00 02 00 00 00 01 00,dd 23 34 5c 6b 31 2f 40 39 1d 3b 1e 27 2b 20 37 e6 01 e5 03 40 39 1d 3b 2b e6 01 e5 03 45 dd f9 49 22
7/S7024.DAT,0x4928E,0x49290,0x49290,0x492B8,0x492B8,0x19,40,40,2,0x49288,high,none,,00 00 21 00 06 00 04 00 05 00 02 00 00 00 02 00,12 9e 63 20 33 40 39 1d 3b 1e 23 1d 39 27 2b 37 3d 55 1e 1b 30 2b 20 3c e6 01 e5 03 28 1b e6 01 e5 03 36 2d 30 38 1d 1b
7/S7025.DAT,0x47B6E,0x47B70,0x47B70,0x47B7D,0x47B7D,0x19,13,13,0,,medium,none,,00 00 00 07 00 01 00 37 00 06 00 18 00 1c 00 d9,c1 00 26 00 39 00 19 00 c5 00 26 00 2a
7/S7025.DAT,0x47CC6,0x47CC8,0x47CC8,0x47CF0,0x47CF0,0x19,40,40,2,0x47CC0,high,none,,00 00 21 00 05 00 00 00 1b 00 01 00 00 00 1b 00,42 7c 71 34 77 31 25 e6 01 9d d5 23 a5 aa 3a 32 22 1c 28 e2 01 3a 2d 30 2b 37 e6 01 79 92 52 2a 3b 4c 2a 1b 1e 27 2b 37
7/S7025.DAT,0x47D22,0x47D24,0x47D24,0x47D4C,0x47D4C,0x19,40,40,2,0x47D1C,high,none,,00 00 21 00 05 00 00 00 1b 00 01 00 00 00 1b 00,42 7c 71 34 77 31 25 e6 01 9d d5 23 a5 aa 3a 32 22 1c 28 e2 02 3a 2d 30 2b 37 e6 01 79 92 52 2a 3b 4c 2a 1b 1e 27 2b 37
7/S7025.DAT,0x47D7E,0x47D80,0x47D80,0x47DA8,0x47DA8,0x19,40,40,2,0x47D78,high,none,,00 00 21 00 05 00 00 00 1b 00 01 00 00 00 1b 00,42 7c 71 34 77 31 25 e6 01 9d d5 23 a5 aa 3a 32 22 1c 28 e2 03 3a 2d 30 2b 37 e6 01 79 92 52 2a 3b 4c 2a 1b 1e 27 2b 37
7/S7025.DAT,0x47DDA,0x47DDC,0x47DDC,0x47E04,0x47E04,0x19,40,40,2,0x47DD4,high,none,,00 00 21 00 05 00 00 00 1b 00 01 00 00 00 1b 00,42 7c 71 34 77 31 25 e6 01 9d d5 23 a5 aa 3a 32 22 1c 28 e2 04 3a 2d 30 2b 37 e6 01 79 92 52 2a 3b 4c 2a 1b 1e 27 2b 37
7/S7025.DAT,0x47E36,0x47E38,0x47E38,0x47E60,0x47E60,0x19,40,40,2,0x47E30,high,none,,00 00 21 00 05 00 00 00 1b 00 01 00 00 00 1b 00,42 7c 71 34 77 31 25 e6 01 9d d5 23 a5 aa 3a 32 22 1c 28 e2 05 3a 2d 30 2b 37 e6 01 79 92 52 2a 3b 4c 2a 1b 1e 27 2b 37
7/S7025.DAT,0x47E92,0x47E94,0x47E94,0x47EBC,0x47EBC,0x19,40,40,2,0x47E8C,high,none,,00 00 21 00 05 00 00 00 1b 00 01 00 00 00 1b 00,42 7c 71 34 77 31 25 e6 01 9d d5 23 a5 aa 3a 32 22 1c 28 e2 06 3a 2d 30 2b 37 e6 01 79 92 52 2a 3b 4c 2a 1b 1e 27 2b 37
7/S7025.DAT,0x47EEE,0x47EF0,0x47EF0,0x47F18,0x47F18,0x19,40,40,2,0x47EE8,high,none,,00 00 21 00 05 00 00 00 1b 00 01 00 00 00 1b 00,42 7c 71 34 77 31 25 e6 01 9d d5 23 a5 aa 3a 32 22 1c 28 e2 08 3a 2d 30 2b 37 e6 01 79 92 52 2a 3b 4c 2a 1b 1e 27 2b 37
7/S7025.DAT,0x480E6,0x480E8,0x480EA,0x48105,0x48105,0x17,29,27,2,0x480E0,high,control_0100,01 00,00 00 00 21 00 06 00 04 00 05 00 02 00 00 00 01,01 00 20 43 55 26 20 3c e6 01 e5 03 2e 26 1f 1b 2b 22 e6 01 e5 03 2e 26 1f 1b 1e 1d 1b
7/S7025.DAT,0x481F2,0x481F4,0x481F4,0x48213,0x48213,0x17,31,31,2,0x481EC,high,none,,00 00 00 21 00 06 00 04 00 05 00 02 00 00 00 01,02 00 3b 32 1c 58 2d 35 1d 3c e6 01 e5 03 2e 26 1f 1b 2b 22 e6 01 e5 03 2e 26 1f 1b 1e 1d 1b
7/S7025.DAT,0x48300,0x48302,0x48302,0x4831C,0x4831C,0x17,26,26,2,0x482FA,high,none,,00 00 21 00 06 00 04 00 05 00 02 00 00 00 01 00,03 00 d2 3e 3c e6 01 e5 03 2e 26 1f 1b 2b 22 e6 01 e5 03 2e 26 1f 1b 1e 1d 1b
7/S7025.DAT,0x48408,0x4840A,0x4840A,0x4842B,0x4842B,0x17,33,33,2,0x48402,high,none,,00 00 00 21 00 06 00 04 00 05 00 02 00 00 00 01,04 00 43 1e 20 1d 24 40 29 75 39 3c e6 01 e5 03 2e 26 1f 1b 2b 22 e6 01 e5 03 2e 26 1f 1b 1e 1d 1b
7/S7025.DAT,0x48518,0x4851A,0x4851A,0x48533,0x48533,0x17,25,25,2,0x48512,high,none,,00 00 00 21 00 06 00 04 00 05 00 02 00 00 00 01,05 00 b5 3c e6 01 e5 03 2e 26 1f 1b 2b 22 e6 01 e5 03 2e 26 1f 1b 1e 1d 1b
7/S7025.DAT,0x48620,0x48622,0x48622,0x48643,0x48643,0x17,33,33,2,0x4861A,high,none,,00 00 00 21 00 06 00 04 00 05 00 02 00 00 00 01,07 00 2e 26 1f 1b 3c 2e 26 1f 1b 3c e6 01 e5 03 2e 26 1f 1b 2b 22 e6 01 e5 03 2e 26 1f 1b 1e 1d 1b
7/S7025.DAT,0x486C0,0x486C2,0x486C2,0x486DC,0x486DC,0x19,26,26,1,0x486BA,high,none,,00 00 21 00 05 00 00 00 1b 00 01 00 00 00 1b 00,42 65 db d8 2a 3f 39 27 2b 37 e6 01 5b dd 58 dd 65 5a 2f a0 45 49 27 1e 1f 37
7/S7025.DAT,0x48710,0x48712,0x48712,0x48723,0x48723,0x19,17,17,0,0x4870A,high,none,,00 00 00 21 00 05 00 00 00 1b 00 01 00 00 00 1b,2e 2e 23 3f 29 1f 38 1c 28 38 26 7d 55 1b 27 1e 1f
7/S7025.DAT,0x4875A,0x4875C,0x4875C,0x48780,0x48780,0x19,36,36,2,0x48754,high,none,,00 00 21 00 05 00 00 00 1b 00 01 00 00 00 1b 00,50 7b dd 13 8d 25 e6 01 40 29 36 9d d5 63 30 2b 37 e6 01 2e 2e 27 30 44 1f 33 dd cb 49 33 32 27 59 2d 4c 37
7/S7025.DAT,0x487B6,0x487B8,0x487B8,0x487F9,0x487F9,0x19,65,65,2,0x487B0,high,none,,00 00 00 21 00 05 00 00 00 1b 00 01 00 00 00 1b,50 7b dd 13 8d 25 e6 01 c8 9e 28 c8 27 30 23 1d 3e 59 29 59 2d 30 1e 1f 37 e6 01 1e 20 1e 24 54 4b 33 2a dd ab 29 21 38 24 5b 5c 53 dd 5f 2c 81
7/S7025.DAT,0x4882A,0x4882C,0x4882C,0x48847,0x48847,0x17,27,27,0,0x48824,high,none,,00 00 00 21 00 05 00 00 00 1b 00 01 00 00 00 1b,04 00 e4 1f 2c e4 1f 2c e4 1f 46 3e 2b de b5 55 31 3b 4a 73 2d 02 02 09 de 5d 0a
7/S7025.DAT,0x4887E,0x48880,0x48880,0x48898,0x48898,0x19,24,24,1,0x48878,high,none,,00 00 21 00 05 00 00 00 1b 00 01 00 00 00 1b 00,56 89 7e 25 e6 01 2b 29 20 39 a4 dd 27 2f 1d 3e 1e 21 1e 27 29 1f 3d 37
7/S7025.DAT,0x488C8,0x488CA,0x488CA,0x488D2,0x488D2,0x17,8,8,0,0x488C2,high,none,,00 00 21 00 05 00 00 00 1b 00 01 00 00 00 1b 00,07 00 41 26 20 1c 26 37
7/S7025.DAT,0x48902,0x48904,0x48904,0x48912,0x48912,0x17,14,14,0,0x488FC,high,none,,00 00 21 00 05 00 00 00 1b 00 01 00 00 00 1b 00,04 00 41 39 48 43 1e 1c 59 39 97 4a 48 37
7/S7025.DAT,0x48948,0x4894A,0x4894A,0x48981,0x48981,0x19,55,55,3,0x48942,high,none,,00 00 00 21 00 05 00 00 00 1b 00 01 00 00 00 1b,56 89 7e 25 e6 01 dd cb 49 21 1e 27 29 1f df 61 df 61 37 e6 01 2e 26 1b 26 2e 36 38 3f 22 35 55 26 1d 37 e6 01 27 1f dd 92 dd 74 20 33 2a 2d 58
7/S7025.DAT,0x489B8,0x489BA,0x489BA,0x489F1,0x489F1,0x19,55,55,2,0x489B2,high,none,,00 00 00 21 00 05 00 00 00 1b 00 01 00 00 00 1b,56 89 7e 25 e6 01 63 1b 23 dd 19 3e 1d 22 2e 36 35 49 2a dd bf 74 4a 48 1d 1b 37 92 dd 42 23 dd 19 3e 1d 22 23 28 24 e6 01 dd 11 1c de 62 dd fc
7/S7025.DAT,0x48A6A,0x48A6C,0x48A6C,0x48A7E,0x48A7E,0x17,18,18,0,0x48A64,high,none,,00 00 21 00 05 00 00 00 1b 00 01 00 00 00 1b 00,04 00 2e 32 24 92 dd 42 23 b2 20 29 21 3b 22 1c 20 3c
7/S7025.DAT,0x48AC0,0x48AC2,0x48AC2,0x48AE5,0x48AE5,0x19,35,35,3,0x48ABA,high,none,,00 00 00 21 00 06 00 04 00 05 00 02 00 00 00 02,50 7b dd 13 8d 25 e6 01 9d d5 1c dd 32 c5 28 1b 1b 30 2b 20 3c e6 01 e5 03 28 1b e6 01 e5 03 27 35 30 2b
7/S7025.DAT,0x48B28,0x48B2A,0x48B2A,0x48B41,0x48B41,0x19,23,23,1,0x48B22,high,none,,00 00 00 21 00 05 00 00 00 1b 00 01 00 00 00 1b,50 7b dd 13 8d 25 e6 01 dd 21 3e dd 32 c5 2f 1e 21 44 21 70 3a 1b 37
7/S7025.DAT,0x48B76,0x48B78,0x48B78,0x48B9C,0x48B9C,0x19,36,36,1,0x48B70,high,none,,00 00 21 00 05 00 00 00 1b 00 01 00 00 00 1b 00,50 7b dd 13 8d 25 e6 01 85 1c c3 55 23 dd 36 1f 1d 1b 30 70 3a 1b 37 54 26 1d 29 21 38 c6 39 27 59 2d 3d 37
7/S7025.DAT,0x49238,0x4923A,0x4923A,0x4925C,0x4925C,0x19,34,34,2,0x49232,high,none,,00 00 21 00 06 00 04 00 05 00 02 00 00 00 01 00,dd 23 34 5c 6b 31 2f 40 39 1d 3b 1e 27 2b 20 37 e6 01 e5 03 40 39 1d 3b 2b e6 01 e5 03 45 dd f9 49 22
7/S7025.DAT,0x4929E,0x492A0,0x492A0,0x492C8,0x492C8,0x19,40,40,2,0x49298,high,none,,00 00 21 00 06 00 04 00 05 00 02 00 00 00 02 00,12 9e 63 20 33 40 39 1d 3b 1e 23 1d 39 27 2b 37 3d 55 1e 1b 30 2b 20 3c e6 01 e5 03 28 1b e6 01 e5 03 36 2d 30 38 1d 1b
7/S7026.DAT,0x47B6E,0x47B70,0x47B70,0x47B7D,0x47B7D,0x19,13,13,0,,medium,none,,00 00 00 07 00 01 00 37 00 06 00 18 00 1c 00 d9,c1 00 26 00 39 00 19 00 c5 00 26 00 2a
7/S7026.DAT,0x47CC6,0x47CC8,0x47CC8,0x47CF6,0x47CF6,0x19,46,46,2,0x47CC0,high,none,,00 00 21 00 05 00 00 00 1b 00 01 00 00 00 1b 00,42 7c 71 34 77 31 25 e6 01 8f 31 c9 dd 54 dd 76 63 23 a5 aa 3a 32 22 1c 28 e2 01 3a 2d 30 2b 37 e6 01 79 92 52 2a 3b 4c 2a 1b 1e 27 2b 37
7/S7026.DAT,0x47D28,0x47D2A,0x47D2A,0x47D58,0x47D58,0x19,46,46,2,0x47D22,high,none,,00 00 21 00 05 00 00 00 1b 00 01 00 00 00 1b 00,42 7c 71 34 77 31 25 e6 01 8f 31 c9 dd 54 dd 76 63 23 a5 aa 3a 32 22 1c 28 e2 02 3a 2d 30 2b 37 e6 01 79 92 52 2a 3b 4c 2a 1b 1e 27 2b 37
7/S7026.DAT,0x47D8A,0x47D8C,0x47D8C,0x47DBA,0x47DBA,0x19,46,46,2,0x47D84,high,none,,00 00 21 00 05 00 00 00 1b 00 01 00 00 00 1b 00,42 7c 71 34 77 31 25 e6 01 8f 31 c9 dd 54 dd 76 63 23 a5 aa 3a 32 22 1c 28 e2 03 3a 2d 30 2b 37 e6 01 79 92 52 2a 3b 4c 2a 1b 1e 27 2b 37
7/S7026.DAT,0x47DEC,0x47DEE,0x47DEE,0x47E1C,0x47E1C,0x19,46,46,2,0x47DE6,high,none,,00 00 21 00 05 00 00 00 1b 00 01 00 00 00 1b 00,42 7c 71 34 77 31 25 e6 01 8f 31 c9 dd 54 dd 76 63 23 a5 aa 3a 32 22 1c 28 e2 04 3a 2d 30 2b 37 e6 01 79 92 52 2a 3b 4c 2a 1b 1e 27 2b 37
7/S7026.DAT,0x47E4E,0x47E50,0x47E50,0x47E7E,0x47E7E,0x19,46,46,2,0x47E48,high,none,,00 00 21 00 05 00 00 00 1b 00 01 00 00 00 1b 00,42 7c 71 34 77 31 25 e6 01 8f 31 c9 dd 54 dd 76 63 23 a5 aa 3a 32 22 1c 28 e2 05 3a 2d 30 2b 37 e6 01 79 92 52 2a 3b 4c 2a 1b 1e 27 2b 37
7/S7026.DAT,0x47EB0,0x47EB2,0x47EB2,0x47EE0,0x47EE0,0x19,46,46,2,0x47EAA,high,none,,00 00 21 00 05 00 00 00 1b 00 01 00 00 00 1b 00,42 7c 71 34 77 31 25 e6 01 8f 31 c9 dd 54 dd 76 63 23 a5 aa 3a 32 22 1c 28 e2 06 3a 2d 30 2b 37 e6 01 79 92 52 2a 3b 4c 2a 1b 1e 27 2b 37
7/S7026.DAT,0x47F12,0x47F14,0x47F14,0x47F42,0x47F42,0x19,46,46,2,0x47F0C,high,none,,00 00 21 00 05 00 00 00 1b 00 01 00 00 00 1b 00,42 7c 71 34 77 31 25 e6 01 8f 31 c9 dd 54 dd 76 63 23 a5 aa 3a 32 22 1c 28 e2 08 3a 2d 30 2b 37 e6 01 79 92 52 2a 3b 4c 2a 1b 1e 27 2b 37
7/S7026.DAT,0x4810E,0x48110,0x48112,0x4812D,0x4812D,0x17,29,27,2,0x48108,high,control_0100,01 00,00 00 00 21 00 06 00 04 00 05 00 02 00 00 00 01,01 00 20 43 55 26 20 3c e6 01 e5 03 2e 26 1f 1b 2b 22 e6 01 e5 03 2e 26 1f 1b 1e 1d 1b
7/S7026.DAT,0x4821A,0x4821C,0x4821C,0x4823D,0x4823D,0x17,33,33,2,0x48214,high,none,,00 00 00 21 00 06 00 04 00 05 00 02 00 00 00 01,02 00 3b 32 35 a7 24 40 29 75 39 37 e6 01 e5 03 2e 26 1f 1b 2b 22 e6 01 e5 03 2e 26 1f 1b 1e 1d 1b
7/S7026.DAT,0x4832A,0x4832C,0x4832C,0x4834C,0x4834C,0x17,32,32,2,0x48324,high,none,,00 00 21 00 06 00 04 00 05 00 02 00 00 00 01 00,03 00 2e 26 1f 1b 1e 3d 26 3d 37 e6 01 e5 03 2e 26 1f 1b 2b 22 e6 01 e5 03 2e 26 1f 1b 1e 1d 1b
7/S7026.DAT,0x48438,0x4843A,0x4843A,0x48458,0x48458,0x17,30,30,2,0x48432,high,none,,00 00 21 00 06 00 04 00 05 00 02 00 00 00 01 00,04 00 2e 26 1f 1b 20 1c 3c e6 01 e5 03 2e 26 1f 1b 2b 22 e6 01 e5 03 2e 26 1f 1b 1e 1d 1b
7/S7026.DAT,0x48544,0x48546,0x48546,0x48560,0x48560,0x17,26,26,2,0x4853E,high,none,,00 00 21 00 06 00 04 00 05 00 02 00 00 00 01 00,05 00 26 b5 3c e6 01 e5 03 2e 26 1f 1b 2b 22 e6 01 e5 03 2e 26 1f 1b 1e 1d 1b
7/S7026.DAT,0x4864C,0x4864E,0x4864E,0x4866F,0x4866F,0x17,33,33,2,0x48646,high,none,,00 00 00 21 00 06 00 04 00 05 00 02 00 00 00 01,07 00 2e 26 1f 1b 1e 3d 26 20 4c 3c e6 01 e5 03 2e 26 1f 1b 2b 22 e6 01 e5 03 2e 26 1f 1b 1e 1d 1b
7/S7026.DAT,0x486EC,0x486EE,0x486EE,0x48708,0x48708,0x19,26,26,1,0x486E6,high,none,,00 00 21 00 05 00 00 00 1b 00 01 00 00 00 1b 00,42 65 db d8 2a 3f 39 27 2b 37 e6 01 5b dd 58 dd 65 5a 2f a0 45 49 27 1e 1f 37
7/S7026.DAT,0x4873C,0x4873E,0x4873E,0x4874F,0x4874F,0x19,17,17,0,0x48736,high,none,,00 00 00 21 00 05 00 00 00 1b 00 01 00 00 00 1b,2e 2e 23 3f 29 1f 38 1c 28 38 26 7d 55 1b 27 1e 1f
7/S7026.DAT,0x48786,0x48788,0x48788,0x487C1,0x487C1,0x19,57,57,3,0x48780,high,none,,00 00 00 21 00 05 00 00 00 1b 00 01 00 00 00 1b,50 7b dd 13 8d 25 e6 01 8e de 4b 24 e4 1f 2e 32 30 dd 2b c3 30 2b 20 33 4c 37 e4 3d e6 01 2a 2d 58 39 27 1e 73 26 37 e4 3d e6 01 3f 3f 1b 41 2a
7/S7026.DAT,0x4882C,0x4882E,0x4882E,0x48845,0x48845,0x17,23,23,0,0x48826,high,none,,00 00 00 21 00 05 00 00 00 1b 00 01 00 00 00 1b,03 00 dd 2b de 44 1c dd d8 de ef 28 dd 15 dd d7 2b 22 20 33 1d 3f 37
7/S7026.DAT,0x48876,0x48878,0x4887A,0x48883,0x48883,0x17,11,9,0,0x48870,high,control_0100,01 00,00 00 00 21 00 05 00 00 00 1b 00 01 00 00 00 1b,01 00 1e 1d 1b 36 1b 1b 49 54 37
7/S7026.DAT,0x488BA,0x488BC,0x488BC,0x488F2,0x488F2,0x19,54,54,2,0x488B4,high,none,,00 00 21 00 05 00 00 00 1b 00 01 00 00 00 1b 00,50 7b dd 13 8d 25 e6 01 c8 9e 1c de 69 de 2b 28 3f 1c 5b c1 1c 8f 31 c9 5a 30 2b 20 33 4c 37 e4 1f e6 01 87 23 86 32 21 54 26 1e 3d 26 29 21 2d
7/S7026.DAT,0x48922,0x48924,0x48924,0x48938,0x48938,0x17,20,20,0,0x4891C,high,none,,00 00 21 00 05 00 00 00 1b 00 01 00 00 00 1b 00,02 00 2e 1b 45 33 56 89 7e 1c 20 3b 38 c6 33 4c c0 1c 20 3c
7/S7026.DAT,0x48968,0x4896A,0x4896A,0x48978,0x48978,0x17,14,14,0,0x48962,high,none,,00 00 21 00 05 00 00 00 1b 00 01 00 00 00 1b 00,07 00 3b d2 46 21 38 33 46 2d 1c 20 4c 3c
7/S7026.DAT,0x489A8,0x489AA,0x489AA,0x489B5,0x489B5,0x17,11,11,0,0x489A2,high,none,,00 00 00 21 00 05 00 00 00 1b 00 01 00 00 00 1b,02 00 26 22 59 46 6a 24 1f 2e 37
7/S7026.DAT,0x489E6,0x489E8,0x489E8,0x489F8,0x489F8,0x17,16,16,0,0x489E0,high,none,,00 00 21 00 05 00 00 00 1b 00 01 00 00 00 1b 00,03 00 27 3f 27 3f 27 3f 24 e4 3d 27 27 27 27 37
7/S7026.DAT,0x48A64,0x48A66,0x48A66,0x48A8B,0x48A8B,0x19,37,37,2,0x48A5E,high,none,,00 00 00 21 00 05 00 00 00 1b 00 01 00 00 00 1b,56 89 7e 25 e6 01 3b 32 2a 56 22 20 33 23 28 24 e6 01 5b c1 1c 8f 31 c9 5a 28 38 33 29 1f 3d 26 1d 38 1c 35 1d
7/S7026.DAT,0x48B0C,0x48B0E,0x48B0E,0x48B2B,0x48B2B,0x17,29,29,1,0x48B06,high,none,,00 00 00 21 00 05 00 00 00 1b 00 01 00 00 00 1b,04 00 43 1e 33 38 d9 39 1f 20 29 1f 33 e6 01 dd 23 34 5c 6b 31 1e dd 85 59 58 3d 1b 37
7/S7026.DAT,0x48B62,0x48B64,0x48B64,0x48B88,0x48B88,0x19,36,36,2,0x48B5C,high,none,,00 00 21 00 05 00 00 00 1b 00 01 00 00 00 1b 00,56 89 7e 25 e6 01 27 3a 20 2e 2e 27 30 40 22 36 28 1d 37 e6 01 3b 32 1c 20 1f 44 2f dd bb 29 21 3e 32 3d 37
7/S7026.DAT,0x48BB8,0x48BBA,0x48BBA,0x48BC5,0x48BC5,0x17,11,11,0,0x48BB2,high,none,,00 00 00 21 00 05 00 00 00 1b 00 01 00 00 00 1b,02 00 27 20 59 21 3b 49 29 21 37
7/S7026.DAT,0x48BF6,0x48BF8,0x48BFA,0x48C19,0x48C19,0x17,33,31,2,0x48BF0,high,control_0100,01 00,00 00 00 21 00 05 00 00 00 1b 00 01 00 00 00 1b,01 00 41 2d 1d 2e 36 1c 1f 51 23 e6 01 40 29 21 22 2d 4a 48 1d 1b 3d 37 e4 1f e6 01 27 29 1f 3e 37
7/S7026.DAT,0x48C92,0x48C94,0x48C94,0x48CA6,0x48CA6,0x19,18,18,1,0x48C8C,high,none,,00 00 21 00 05 00 00 00 1b 00 01 00 00 00 1b 00,56 89 7e 25 e6 01 40 51 22 1d 33 c8 1c 26 4b 35 6a 37
7/S7026.DAT,0x48CD6,0x48CD8,0x48CD8,0x48CE4,0x48CE4,0x17,12,12,0,0x48CD0,high,none,,00 00 21 00 05 00 00 00 1b 00 01 00 00 00 1b 00,02 00 40 51 22 43 49 4c 46 35 55 37
7/S7026.DAT,0x48D26,0x48D28,0x48D28,0x48D51,0x48D51,0x19,41,41,3,0x48D20,high,none,,00 00 00 21 00 06 00 04 00 05 00 02 00 00 00 02,50 7b dd 13 8d 25 e6 01 8f 31 c9 dd 54 dd 76 63 1c dd 32 c5 28 1b 1b 30 2b 20 3c e6 01 e5 03 28 1b e6 01 e5 03 27 35 30 2b
7/S7026.DAT,0x48D94,0x48D96,0x48D96,0x48DAD,0x48DAD,0x19,23,23,1,0x48D8E,high,none,,00 00 00 21 00 05 00 00 00 1b 00 01 00 00 00 1b,50 7b dd 13 8d 25 e6 01 dd 21 3e dd 32 c5 2f 1e 21 44 21 70 3a 1b 37
7/S7026.DAT,0x48DE2,0x48DE4,0x48DE4,0x48E08,0x48E08,0x19,36,36,1,0x48DDC,high,none,,00 00 21 00 05 00 00 00 1b 00 01 00 00 00 1b 00,50 7b dd 13 8d 25 e6 01 85 1c c3 55 23 dd 36 1f 1d 1b 30 70 3a 1b 37 54 26 1d 29 21 38 c6 39 27 59 2d 3d 37
7/S7026.DAT,0x494A4,0x494A6,0x494A6,0x494C8,0x494C8,0x19,34,34,2,0x4949E,high,none,,00 00 21 00 06 00 04 00 05 00 02 00 00 00 01 00,dd 23 34 5c 6b 31 2f 40 39 1d 3b 1e 27 2b 20 37 e6 01 e5 03 40 39 1d 3b 2b e6 01 e5 03 45 dd f9 49 22
7/S7026.DAT,0x4950A,0x4950C,0x4950C,0x49534,0x49534,0x19,40,40,2,0x49504,high,none,,00 00 21 00 06 00 04 00 05 00 02 00 00 00 02 00,12 9e 63 20 33 40 39 1d 3b 1e 23 1d 39 27 2b 37 3d 55 1e 1b 30 2b 20 3c e6 01 e5 03 28 1b e6 01 e5 03 36 2d 30 38 1d 1b
7/S7027.DAT,0x46A16,0x46A18,0x46A18,0x46A25,0x46A25,0x17,13,13,0,,medium,none,,00 00 00 0e 00 2b 00 03 00 26 00 00 00 27 00 ff,28 00 12 01 23 00 25 00 2f 01 20 00 25
7/S7027.DAT,0x46C12,0x46C14,0x46C14,0x46C21,0x46C21,0x17,13,13,0,,medium,none,,00 00 00 0e 00 2b 00 03 00 26 00 00 00 27 00 ff,28 00 10 02 23 00 25 00 2d 02 20 00 25
7/S7027.DAT,0x47590,0x47592,0x47594,0x4759B,0x4759B,0x17,9,7,0,,medium,control_0100,01 00,00 00 00 0e 00 2b 00 03 00 26 00 00 00 27 00 ff,01 00 25 00 1a 00 1e 00 25
7/S7027.DAT,0x485DA,0x485DC,0x485DC,0x485F2,0x485F2,0x19,22,22,1,0x485D4,high,none,,00 00 21 00 05 00 00 00 1b 00 01 00 00 00 1b 00,a2 4e 5c 31 53 25 e6 01 92 dd 42 23 dd 19 20 29 1f 30 2b 4c c0 37
7/S7027.DAT,0x48660,0x48662,0x48662,0x4868F,0x4868F,0x19,45,45,2,0x4865A,high,none,,00 00 00 21 00 05 00 00 00 1b 00 01 00 00 00 1b,a2 4e 5c 31 53 25 e6 01 1e 20 1e 24 e4 3d 8f 31 c9 28 e4 3d 2e 1c 27 27 e6 01 dd bc 2b 43 49 23 28 1b 20 1d 1b 30 2b 3d 37 e4 3d e4 3d
7/S7027.DAT,0x4871C,0x4871E,0x48720,0x48748,0x48748,0x17,42,40,2,0x48716,high,control_0100,01 00,00 00 21 00 05 00 00 00 1b 00 01 00 00 00 1b 00,01 00 2e 26 1e 21 e6 01 de bc 9e df 09 d5 7e 2f c3 20 33 dd 7a 1e 21 28 e6 01 de 69 de 2b 1c 8f 31 c9 2f dd 76 1b de 57 1e 21
7/S7027.DAT,0x48778,0x4877A,0x4877C,0x48796,0x48796,0x17,28,26,1,0x48772,high,control_0100,01 00,00 00 21 00 05 00 00 00 1b 00 01 00 00 00 1b 00,01 00 5f 34 47 62 31 2f 6c d6 34 72 8f 34 23 e6 01 dd 7c 49 3a 59 21 1b 1f 1c 4c 37
7/S7027.DAT,0x487E0,0x487E2,0x487E2,0x48802,0x48802,0x19,32,32,1,0x487DA,high,none,,00 00 21 00 05 00 00 00 1b 00 01 00 00 00 1b 00,a2 4e 5c 31 53 25 e6 01 3b de a1 3a 2d 24 3b de e1 1e 1c 36 3b 39 30 2b 3d 37 e4 3d e4 3d e4 3d
7/S7027.DAT,0x48838,0x4883A,0x4883A,0x48857,0x48857,0x19,29,29,1,0x48832,high,none,,00 00 00 21 00 05 00 00 00 1b 00 01 00 00 00 1b,a2 4e 5c 31 53 25 e6 01 30 28 24 dd 22 2d 30 38 33 1b 27 1e 73 26 37 e4 3d e4 3d e4 3d
7/S7027.DAT,0x48DD4,0x48DD6,0x48DD6,0x48DE1,0x48DE1,0x17,11,11,0,0x48DCE,high,none,,00 00 00 21 00 05 00 00 00 1b 00 01 00 00 00 1b,04 00 3d 26 40 29 1f 1c dd 57 37
7/S7027.DAT,0x48E12,0x48E14,0x48E16,0x48E1E,0x48E1E,0x17,10,8,0,0x48E0C,high,control_0100,01 00,00 00 21 00 05 00 00 00 1b 00 01 00 00 00 1b 00,01 00 3a 2b 2a 42 31 4e 4c 37
7/S7027.DAT,0x48E4E,0x48E50,0x48E50,0x48E71,0x48E71,0x17,33,33,1,0x48E48,high,none,,00 00 00 21 00 05 00 00 00 1b 00 01 00 00 00 1b,02 00 de 12 1c 1d 3a 41 26 1d dd e7 dd fb dd c3 35 29 1f 2a e6 01 8e de 4b dd 05 51 21 40 22 a7 37
7/S7027.DAT,0x48EE8,0x48EEA,0x48EEC,0x48EFA,0x48EFA,0x17,16,14,0,0x48EE2,high,control_0100,01 00,00 00 21 00 05 00 00 00 1b 00 01 00 00 00 1b 00,01 00 3f 1d 1f 2a 2e 2e 27 30 40 22 36 28 4c 37
7/S7027.DAT,0x48FA6,0x48FA8,0x48FA8,0x48FB3,0x48FB3,0x17,11,11,0,0x48FA0,high,none,,00 00 00 21 00 05 00 00 00 1b 00 01 00 00 00 1b,03 00 3a 2b 2a 4e 4e 53 35 4c 37
7/S7027.DAT,0x48FE4,0x48FE6,0x48FE6,0x49007,0x49007,0x17,33,33,1,0x48FDE,high,none,,00 00 00 21 00 05 00 00 00 1b 00 01 00 00 00 1b,02 00 de 12 1c 1d 3a 41 26 1d dd e7 dd fb dd c3 35 29 1f 2a e6 01 8e de 4b dd 05 51 21 40 22 a7 37
7/S7027.DAT,0x49076,0x49078,0x4907A,0x4907F,0x4907F,0x17,7,5,0,0x49070,high,control_0100,01 00,00 00 00 21 00 05 00 00 00 1b 00 01 00 00 00 1b,01 00 3a 2b 2a 4c 37
7/S7027.DAT,0x4912A,0x4912C,0x4912E,0x49133,0x49133,0x17,7,5,0,0x49124,high,control_0100,01 00,00 00 00 21 00 05 00 00 00 1b 00 01 00 00 00 1b,01 00 3a 2b 2a 4c 37
7/S7027.DAT,0x49164,0x49166,0x49166,0x49187,0x49187,0x17,33,33,1,0x4915E,high,none,,00 00 00 21 00 05 00 00 00 1b 00 01 00 00 00 1b,02 00 de 12 1c 1d 3a 41 26 1d dd e7 dd fb dd c3 35 29 1f 2a e6 01 8e de 4b dd 05 51 21 40 22 a7 37
7/S7027.DAT,0x491F6,0x491F8,0x491FA,0x49208,0x49208,0x17,16,14,0,0x491F0,high,control_0100,01 00,00 00 21 00 05 00 00 00 1b 00 01 00 00 00 1b 00,01 00 3f 1d 1f 2a 2e 2e 27 30 40 22 36 28 4c 37
7/S7027.DAT,0x49238,0x4923A,0x4923A,0x4925B,0x4925B,0x17,33,33,1,0x49232,high,none,,00 00 00 21 00 05 00 00 00 1b 00 01 00 00 00 1b,02 00 de 12 1c 1d 3a 41 26 1d dd e7 dd fb dd c3 35 29 1f 2a e6 01 8e de 4b dd 05 51 21 40 22 a7 37
7/S7027.DAT,0x492CA,0x492CC,0x492CE,0x492DC,0x492DC,0x17,16,14,0,0x492C4,high,control_0100,01 00,00 00 21 00 05 00 00 00 1b 00 01 00 00 00 1b 00,01 00 3f 1d 1f 2a 2e 2e 27 30 40 22 36 28 4c 37
7/S7027.DAT,0x4930C,0x4930E,0x4930E,0x4932F,0x4932F,0x17,33,33,1,0x49306,high,none,,00 00 00 21 00 05 00 00 00 1b 00 01 00 00 00 1b,02 00 de 12 1c 1d 3a 41 26 1d dd e7 dd fb dd c3 35 29 1f 2a e6 01 8e de 4b dd 05 51 21 40 22 a7 37
7/S7028.DAT,0x46B6E,0x46B70,0x46B70,0x46B7D,0x46B7D,0x19,13,13,0,,medium,none,,00 00 00 07 00 01 00 37 00 06 00 18 00 1c 00 d9,c1 00 26 00 39 00 19 00 c5 00 26 00 2a
7/S7028.DAT,0x46E62,0x46E64,0x46E66,0x46E82,0x46E82,0x17,30,28,2,0x46E5C,high,control_0100,01 00,00 00 21 00 06 00 04 00 05 00 02 00 00 00 01 00,01 00 2e 26 1f 1b 2b 22 3c e6 01 e5 03 2e 26 1f 1b 2b 22 e6 01 e5 03 2e 26 1f 1b 1e 1d 1b
7/S7028.DAT,0x46F6E,0x46F70,0x46F70,0x46F8D,0x46F8D,0x17,29,29,2,0x46F68,high,none,,00 00 00 21 00 06 00 04 00 05 00 02 00 00 00 01,02 00 2e 26 1f 1b 20 3c e6 01 e5 03 2e 26 1f 1b 2b 22 e6 01 e5 03 2e 26 1f 1b 1e 1d 1b
7/S7028.DAT,0x4707A,0x4707C,0x4707C,0x4709D,0x4709D,0x17,33,33,2,0x47074,high,none,,00 00 00 21 00 06 00 04 00 05 00 02 00 00 00 01,03 00 2e 26 1f 1b 3c 2e 26 1f 1b 3c e6 01 e5 03 2e 26 1f 1b 2b 22 e6 01 e5 03 2e 26 1f 1b 1e 1d 1b
7/S7028.DAT,0x4718A,0x4718C,0x4718C,0x471AD,0x471AD,0x17,33,33,2,0x47184,high,none,,00 00 00 21 00 06 00 04 00 05 00 02 00 00 00 01,04 00 2e 26 1f 1b 1e 3d 26 20 1c 3c e6 01 e5 03 2e 26 1f 1b 2b 22 e6 01 e5 03 2e 26 1f 1b 1e 1d 1b
7/S7028.DAT,0x4729A,0x4729C,0x4729C,0x472B5,0x472B5,0x17,25,25,2,0x47294,high,none,,00 00 00 21 00 06 00 04 00 05 00 02 00 00 00 01,05 00 b5 3c e6 01 e5 03 2e 26 1f 1b 2b 22 e6 01 e5 03 2e 26 1f 1b 1e 1d 1b
7/S7028.DAT,0x473A2,0x473A4,0x473A4,0x473C2,0x473C2,0x17,30,30,2,0x4739C,high,none,,00 00 21 00 06 00 04 00 05 00 02 00 00 00 01 00,07 00 2e 26 1f 1b 20 4c 3c e6 01 e5 03 2e 26 1f 1b 2b 22 e6 01 e5 03 2e 26 1f 1b 1e 1d 1b
7/S7028.DAT,0x4743E,0x47440,0x47440,0x4745A,0x4745A,0x19,26,26,1,0x47438,high,none,,00 00 21 00 05 00 00 00 1b 00 01 00 00 00 1b 00,42 65 db d8 2a 3f 39 27 2b 37 e6 01 5b dd 58 dd 65 5a 2f a0 45 49 27 1e 1f 37
7/S7028.DAT,0x4748E,0x47490,0x47490,0x474A1,0x474A1,0x19,17,17,0,0x47488,high,none,,00 00 00 21 00 05 00 00 00 1b 00 01 00 00 00 1b,2e 2e 23 3f 29 1f 38 1c 28 38 26 7d 55 1b 27 1e 1f
7/S7028.DAT,0x474D8,0x474DA,0x474DA,0x4750F,0x4750F,0x19,53,53,2,0x474D2,high,none,,00 00 00 21 00 05 00 00 00 1b 00 01 00 00 00 1b,50 7b dd 13 8d 25 e6 01 3f 3f 1b 41 2a 1e 1b 24 1b 41 2a 1e 1b 37 e6 01 43 1f 1e 28 1b 45 27 30 2e 2e 30 28 1f 33 44 dd 9b 49 32 58 1b 1b 1c 30
7/S7028.DAT,0x47540,0x47542,0x47542,0x47550,0x47550,0x17,14,14,0,0x4753A,high,none,,00 00 21 00 05 00 00 00 1b 00 01 00 00 00 1b 00,07 00 dd c9 de 07 1e 30 38 2b 22 20 4c 37
7/S7028.DAT,0x47580,0x47582,0x47582,0x4758C,0x4758C,0x17,10,10,0,0x4757A,high,none,,00 00 21 00 05 00 00 00 1b 00 01 00 00 00 1b 00,03 00 1e 3d 26 24 1e 3d 26 37
7/S7028.DAT,0x475BC,0x475BE,0x475C0,0x475C9,0x475C9,0x17,11,9,0,0x475B6,high,control_0100,01 00,00 00 00 21 00 05 00 00 00 1b 00 01 00 00 00 1b,01 00 dd 3e 2a 2b 2d 35 33 4c 37
7/S7028.DAT,0x47600,0x47602,0x47602,0x4761C,0x4761C,0x19,26,26,1,0x475FA,high,none,,00 00 21 00 05 00 00 00 1b 00 01 00 00 00 1b 00,50 7b dd 13 8d 25 e6 01 56 89 de f5 dd 50 7e 2a dd d4 3e 21 50 dd 15 30 2b 37
7/S7028.DAT,0x476A0,0x476A2,0x476A2,0x476B5,0x476B5,0x17,19,19,0,0x4769A,high,none,,00 00 00 21 00 05 00 00 00 1b 00 01 00 00 00 1b,05 00 dd 66 23 dd bd 2d 35 c4 2a dd fd 3e 28 1d 1b 20 3c
7/S7028.DAT,0x476EC,0x476EE,0x476EE,0x47712,0x47712,0x19,36,36,1,0x476E6,high,none,,00 00 21 00 05 00 00 00 1b 00 01 00 00 00 1b 00,56 89 7e 25 e6 01 5b c1 1c 8f 31 c9 5a 2f 87 23 86 32 1f 41 26 4a 48 1d 1b 20 37 dd 66 2f 2e 3a 32 1f 1d 37
7/S7028.DAT,0x47742,0x47744,0x47744,0x4775B,0x4775B,0x17,23,23,0,0x4773C,high,none,,00 00 00 21 00 05 00 00 00 1b 00 01 00 00 00 1b,04 00 dd 66 2f 2e 3a 32 22 43 49 23 28 1b 20 2d 20 29 1f 20 33 1c 37
7/S7028.DAT,0x477DA,0x477DC,0x477DC,0x47805,0x47805,0x19,41,41,2,0x477D4,high,none,,00 00 00 21 00 05 00 00 00 1b 00 01 00 00 00 1b,56 89 7e 25 e6 01 5b 5c 53 dd 5f 2c 81 2c af 34 d1 5a 28 dd 19 1b 37 e6 01 4b 73 29 36 40 41 29 36 30 28 d5 21 1d 1b 6a 37
7/S7028.DAT,0x47836,0x47838,0x47838,0x47853,0x47853,0x19,27,27,2,0x47830,high,none,,00 00 00 21 00 05 00 00 00 1b 00 01 00 00 00 1b,56 89 7e 25 e6 01 46 24 e4 1f d5 29 1f 29 21 3c e4 3d e6 01 41 2d 1d 58 20 1d 37
7/S7028.DAT,0x4788A,0x4788C,0x4788C,0x478A1,0x478A1,0x19,21,21,1,0x47884,high,none,,00 00 00 21 00 05 00 00 00 1b 00 01 00 00 00 1b,56 89 7e 25 e6 01 38 29 36 dd 19 1b 40 45 28 1b 1d 1b 1c 20 3c
7/S7028.DAT,0x4790E,0x47910,0x47910,0x4791A,0x4791A,0x17,10,10,0,0x47908,high,none,,00 00 21 00 05 00 00 00 1b 00 01 00 00 00 1b 00,02 00 43 20 29 21 4c 46 1d 37
7/S7028.DAT,0x4794A,0x4794C,0x4794C,0x47955,0x47955,0x17,9,9,0,0x47944,high,none,,00 00 00 21 00 05 00 00 00 1b 00 01 00 00 00 1b,07 00 43 20 29 36 33 2d 37
7/S7028.DAT,0x47986,0x47988,0x47988,0x47993,0x47993,0x17,11,11,0,0x47980,high,none,,00 00 00 21 00 05 00 00 00 1b 00 01 00 00 00 1b,04 00 43 20 29 36 33 3f 31 2d 02
7/S7028.DAT,0x48092,0x48094,0x48094,0x480A2,0x480A2,0x19,14,14,1,0x4808C,high,none,,00 00 21 00 05 00 00 00 1b 00 01 00 00 00 1b 00,50 7b dd 13 8d 25 e6 01 41 26 30 2b 20 37
7/S7028.DAT,0x480D6,0x480D8,0x480D8,0x480FC,0x480FC,0x19,36,36,1,0x480D0,high,none,,00 00 21 00 05 00 00 00 1b 00 01 00 00 00 1b 00,50 7b dd 13 8d 25 e6 01 85 1c c3 55 23 dd 36 1f 1d 1b 30 70 3a 1b 37 54 26 1d 29 21 38 c6 39 27 59 2d 3d 37
7/S7028.DAT,0x48164,0x48166,0x48166,0x48186,0x48186,0x19,32,32,2,0x4815E,high,none,,00 00 21 00 05 00 00 00 1b 00 01 00 00 00 1b 00,50 7b dd 13 8d 25 e6 01 1e 45 2e 1b 30 2b 4c 37 e6 01 85 28 1e 45 2e 1b 52 28 44 33 1b 30 2b 37
7/S7028.DAT,0x481B6,0x481B8,0x481B8,0x481D8,0x481D8,0x19,32,32,2,0x481B0,high,none,,00 00 21 00 05 00 00 00 1b 00 01 00 00 00 1b 00,50 7b dd 13 8d 25 e6 01 2e 32 2f 3a 1e b9 9c 27 2b 20 33 e6 01 20 2d dd 35 2d 1e 21 70 3a 1b 37
7/S7028.DAT,0x48226,0x48228,0x48228,0x4823B,0x4823B,0x19,19,19,0,0x48220,high,none,,00 00 00 21 00 05 00 00 00 1b 00 01 00 00 00 1b,5b 4e 57 dd 39 dd 03 47 1c 92 5a 2f 38 33 1b 27 1e 1f 37
7/S7028.DAT,0x4827A,0x4827C,0x4827C,0x48291,0x48291,0x19,21,21,1,0x48274,high,none,,00 00 00 21 00 05 00 00 00 1b 00 01 00 00 00 1b,50 7b dd 13 8d 25 e6 01 54 1d 1f 2a a5 aa 1d 3a 1b 27 2b 20 3c
7/S7028.DAT,0x4835E,0x48360,0x48360,0x4837B,0x4837B,0x19,27,27,3,0x48358,high,none,,00 00 00 21 00 06 00 04 00 05 00 02 00 00 00 01,e2 01 3a 2d 30 2b 4c 37 e6 01 e5 03 28 1b e6 01 e5 03 27 4b 2a 46 27 1e 1f e6 01
7/S7028.DAT,0x483CA,0x483CC,0x483CC,0x483E7,0x483E7,0x19,27,27,3,0x483C4,high,none,,00 00 00 21 00 06 00 04 00 05 00 02 00 00 00 01,e2 02 3a 2d 30 2b 4c 37 e6 01 e5 03 28 1b e6 01 e5 03 27 4b 2a 46 27 1e 1f e6 01
7/S7028.DAT,0x486E6,0x486E8,0x486E8,0x48702,0x48702,0x19,26,26,3,0x486E0,high,none,,00 00 21 00 06 00 04 00 05 00 02 00 00 00 01 00,e2 08 3a 2d 30 2b 4c 37 e6 01 e5 03 43 1e 20 1b e6 01 e5 03 1b 40 4a 48 e6 01
7/S7028.DAT,0x4878A,0x4878C,0x4878C,0x487A6,0x487A6,0x19,26,26,1,0x48784,high,none,,00 00 21 00 05 00 00 00 1b 00 01 00 00 00 1b 00,dd 9a 63 de 09 87 2a 9d 27 39 27 1e 1f 37 e6 01 2a 2d 58 29 21 3e 35 3a 1b 37
7/S7028.DAT,0x489F4,0x489F6,0x489F6,0x48A1C,0x48A1C,0x19,38,38,1,0x489EE,high,none,,00 00 21 00 05 00 00 00 1b 00 01 00 00 00 1b 00,42 7c 71 34 47 25 e6 01 88 38 1d 3e a5 aa 7e 1c dd 68 de 2a 2f 1e 51 dd aa 39 27 2b 37 3b dd 8e dd 7d 70 3a 1b 37
7/S7028.DAT,0x48A6E,0x48A70,0x48A70,0x48A7F,0x48A7F,0x19,15,15,0,0x48A68,high,none,,00 00 00 21 00 05 00 00 00 1b 00 01 00 00 00 1b,50 7b dd 13 8d 25 a5 aa 1d 3a 1b 27 2b 20 3c
7/S7028.DAT,0x48B1C,0x48B1E,0x48B1E,0x48B38,0x48B38,0x19,26,26,1,0x48B16,high,none,,00 00 21 00 05 00 00 00 1b 00 01 00 00 00 1b 00,50 7b dd 13 8d 25 e6 01 dd 1c 44 21 dd c5 32 1d 1b 20 38 1e 32 27 59 2d 3d 37
7/S7028.DAT,0x48B6E,0x48B70,0x48B70,0x48BA0,0x48BA0,0x19,48,48,3,0x48B68,high,none,,00 00 21 00 06 00 04 00 05 00 02 00 00 00 02 00,50 7b dd 13 8d 25 e6 01 92 dd 42 23 1b 1b 2d 30 2b 20 3c e6 01 e5 03 a7 29 1f 1b d5 21 22 02 e6 01 e5 03 27 35 40 39 dd ab 1e 1f 2e 36 2a df 61
7/S7031.DAT,0x478B6,0x478B8,0x478B8,0x478EB,0x478EB,0x19,51,51,2,0x478B0,high,none,,00 00 00 21 00 05 00 00 00 1b 00 01 00 00 00 1b,a2 4e 5c 31 53 25 e6 01 3b 51 30 36 26 24 3f 1d 1f 2a de 9f 1c dd 47 7e 35 37 e6 01 e4 3d 3a 3f 24 de 69 de 2b 1c 5b c1 1c 8f 31 c9 5a 2f dd bc
7/S7031.DAT,0x47926,0x47928,0x47928,0x4794F,0x4794F,0x19,39,39,1,0x47920,high,none,,00 00 00 21 00 05 00 00 00 1b 00 01 00 00 00 1b,a2 4e 5c 31 53 25 e6 01 d7 d1 3a 2d 28 3d 3e 2a 2d 58 29 21 3e 32 27 1e 1f 1c 30 2e 32 38 3a 1e 3f 9c 27 1e 73 26 37
7/S7031.DAT,0x47984,0x47986,0x47986,0x47997,0x47997,0x19,17,17,0,0x4797E,high,none,,00 00 00 21 00 05 00 00 00 1b 00 01 00 00 00 1b,5b 3b 38 4b 48 1c dd 04 99 43 5a 2f 87 23 86 32 1f
7/S7031.DAT,0x47A3A,0x47A3C,0x47A3C,0x47A5B,0x47A5B,0x19,31,31,1,,medium+,none,,00 00 00 33 00 03 00 1e 02 21 00 00 00 01 00 68,a2 4e 5c 31 53 25 e6 01 e4 15 6c d6 34 72 8f 34 23 e4 79 50 44 1d 28 3e 87 2f df 61 df 61 37
7/S7032.DAT,0x4786C,0x4786E,0x4786E,0x47881,0x47881,0x19,19,19,1,0x47866,high,none,,00 00 00 21 00 05 00 00 00 1b 00 01 00 00 00 1b,a2 4e 5c 31 53 25 e6 01 3b dd 5a 27 39 1c 6d 1d 3a 2d 37
7/S7032.DAT,0x478B8,0x478BA,0x478BA,0x478E1,0x478E1,0x19,39,39,2,0x478B2,high,none,,00 00 00 21 00 05 00 00 00 1b 00 01 00 00 00 1b,a2 4e 5c 31 53 25 e6 01 2e 1c de 28 93 50 7b 1c de 69 de 2b 28 e4 3d e6 01 3f 1c 5b c1 1c 8f 31 c9 5a 30 2b 37 e4 79
7/S7032.DAT,0x47918,0x4791A,0x4791A,0x47939,0x47939,0x19,31,31,1,0x47912,high,none,,00 00 00 21 00 05 00 00 00 1b 00 01 00 00 00 1b,a2 4e 5c 31 53 25 e6 01 dd 69 3e 28 e4 47 dd 4e 34 67 d8 5d 5e 30 e4 79 dd d5 33 32 24 e4 3d
7/S7032.DAT,0x47970,0x47972,0x47972,0x479B4,0x479B4,0x19,66,66,3,0x4796A,high,none,,00 00 21 00 05 00 00 00 1b 00 01 00 00 00 1b 00,a2 4e 5c 31 53 25 e6 01 41 1c c3 e4 3d 5d de b1 2f de ad 1b 30 e4 1f e6 01 41 1c e4 1f dd 09 4b dd db 23 1d 22 7e 28 e6 01 e4 1f dd cc 8c e4 79
7/S7032.DAT,0x479EA,0x479EC,0x479EC,0x47A39,0x47A39,0x19,77,77,1,0x479E4,high,none,,00 00 00 21 00 05 00 00 00 1b 00 01 00 00 00 1b,a2 4e 5c 31 53 25 e6 01 5d dd 5e dd 40 dd 95 c3 38 e4 3d de ec 61 7e 40 e4 1f de bf df 42 09 97 79 26 0a 1c 88 23 e4 3d 41 1c df 15 1e 3a 36 e4
7/S7032.DAT,0x47A70,0x47A72,0x47A72,0x47ACF,0x47ACF,0x19,93,93,3,0x47A6A,high,none,,00 00 00 21 00 05 00 00 00 1b 00 01 00 00 00 1b,a2 4e 5c 31 53 25 e6 01 27 3a 23 24 e4 3d 2e 1c e4 1f de 76 30 de 76 2f dd 54 26 e6 01 de 28 93 50 7b 1c d5 7e 23 e4 1f 97 e4 0b 3a e4 0b 43 e4
7/S7032.DAT,0x47B22,0x47B24,0x47B24,0x47B59,0x47B59,0x19,53,53,2,0x47B1C,high,none,,00 00 00 21 00 05 00 00 00 1b 00 01 00 00 00 1b,a2 4e 5c 31 53 25 e6 01 1e 20 1e 24 e4 79 2e 1c 50 7b 1c d5 7e 23 28 e4 47 38 26 8e 45 1c e4 29 e6 01 de 38 dd fc 09 1e 32 2d 0a 2a 98 29 21 1b
7/S7032.DAT,0x47B90,0x47B92,0x47B92,0x47BC7,0x47BC7,0x19,53,53,2,0x47B8A,high,none,,00 00 00 21 00 05 00 00 00 1b 00 01 00 00 00 1b,a2 4e 5c 31 53 25 e6 01 ae 9e e4 51 1c 6c d6 34 72 8f 34 e6 01 e4 3d 5b 5c 53 dd 5f 2c 81 2c af 34 d1 5a 2f e4 1f dd 83 3a 1d 3e 21 28 1d 33 1d
7/S7032.DAT,0x47BFE,0x47C00,0x47C00,0x47C5D,0x47C5D,0x19,93,93,1,0x47BF8,high,none,,00 00 00 21 00 05 00 00 00 1b 00 01 00 00 00 1b,a2 4e 5c 31 53 25 e6 01 3a 3f 24 e4 3d 41 32 30 28 e4 29 dd 1c 36 e4 5b dd 22 2f 20 49 1f e4 5b 63 1b 1c dd 0a ca 1f 2f e4 51 dd 5c e4 06 29 e4
8/S8011.DAT,0x47D38,0x47D3A,0x47D3C,0x47D44,0x47D44,0x17,10,8,0,,medium,control_0100,01 00,00 00 21 00 05 00 00 00 1b 00 01 00 00 00 2a 00,01 00 4d 37 34 2f 3c 33 43 1f
8/S8011.DAT,0x47DAE,0x47DB0,0x47DB2,0x47DBA,0x47DBA,0x17,10,8,0,,medium,control_0100,01 00,00 00 21 00 05 00 00 00 1b 00 01 00 00 00 22 00,01 00 3d 36 2b 2f 48 30 5d 34
8/S8011.DAT,0x47E84,0x47E86,0x47E86,0x47E9F,0x47E9F,0x19,25,25,0,,medium,none,,00 00 00 21 00 06 00 04 00 05 00 02 00 00 00 01,e5 02 28 54 27 dd 68 df 4a b0 dd 18 e6 00 e5 02 dd 34 1b df 27 27 dd 0a e6
8/S8011.DAT,0x48018,0x4801A,0x4801A,0x4802C,0x4802C,0x19,18,18,1,0x48012,high,none,,00 00 21 00 05 00 00 00 1b 00 01 00 00 00 1b 00,b3 25 e6 01 47 78 6b 42 1c 42 31 4e 3a 2d 30 2b 4c 37
8/S8011.DAT,0x4809C,0x4809E,0x4809E,0x480CF,0x480CF,0x19,49,49,3,0x48096,high,none,,00 00 00 21 00 05 00 00 00 1b 00 01 00 00 00 1b,b3 25 e6 01 85 28 24 2e 1c 5e 23 dd 69 3e 20 33 dd 67 2d 30 e6 01 8c 29 36 b8 1c 4d 4f cb 2f dd 1e 29 21 1b 22 e6 01 77 6b ab dd 9c 1c 7e 30 2b
8/S8011.DAT,0x48100,0x48102,0x48102,0x48132,0x48132,0x19,48,48,3,0x480FA,high,none,,00 00 21 00 05 00 00 00 1b 00 01 00 00 00 1b 00,b3 25 e6 01 dd 14 60 ab 42 cb 20 33 3f 1d 1f 2f e6 01 be dd 06 1c dd 0b 8a dd ad dd e3 dd 81 2b 22 3d 26 23 e6 01 36 91 43 32 21 3b 39 27 2b 37
8/S8011.DAT,0x481B4,0x481B6,0x481B6,0x481E2,0x481E2,0x19,44,44,3,0x481AE,high,none,,00 00 21 00 05 00 00 00 1b 00 01 00 00 00 1b 00,b3 25 e6 01 28 1b 24 dd 14 60 ab 42 cb 23 28 e6 01 50 dd 15 3b ce b0 23 1d 39 27 1e 1f 37 e6 01 e4 3d 3a 24 2e 4b 33 8a 54 26 6a 37
8/S8012.DAT,0x47D38,0x47D3A,0x47D3C,0x47D44,0x47D44,0x17,10,8,0,,medium,control_0100,01 00,00 00 21 00 05 00 00 00 1b 00 01 00 00 00 2a 00,01 00 4d 37 34 2f 3c 33 43 1f
8/S8012.DAT,0x47DAE,0x47DB0,0x47DB2,0x47DBA,0x47DBA,0x17,10,8,0,,medium,control_0100,01 00,00 00 21 00 05 00 00 00 1b 00 01 00 00 00 22 00,01 00 3d 36 2b 2f 48 30 5d 34
8/S8012.DAT,0x47E84,0x47E86,0x47E86,0x47E9F,0x47E9F,0x19,25,25,0,,medium,none,,00 00 00 21 00 06 00 04 00 05 00 02 00 00 00 01,e5 02 28 54 27 dd 68 df 4a b0 dd 18 e6 00 e5 02 dd 34 1b df 27 27 dd 0a e6
8/S8012.DAT,0x47FD8,0x47FDA,0x47FDA,0x47FE8,0x47FE8,0x19,14,14,0,0x47FD2,high,none,,00 00 21 00 05 00 00 00 1b 00 01 00 00 00 1b 00,6c 69 72 34 25 56 76 1d 3a 1b 27 2b 20 3c
8/S8012.DAT,0x4806C,0x4806E,0x4806E,0x4807D,0x4807D,0x19,15,15,0,0x48066,high,none,,00 00 00 21 00 05 00 00 00 1b 00 01 00 00 00 1b,6c 69 72 34 25 30 28 24 3b dd 43 39 70 3a 1b
8/S8012.DAT,0x48142,0x48144,0x48144,0x4815B,0x4815B,0x17,23,23,0,0x4813C,high,none,,00 00 00 21 00 05 00 00 00 1b 00 01 00 00 00 1b,04 00 94 28 dd 2a 1c 94 23 be dd 06 2f de 03 3e df 61 df 61 e4 3d 37
8/S8012.DAT,0x481AE,0x481B0,0x481B0,0x48207,0x48207,0x19,87,87,2,0x481A8,high,none,,00 00 00 21 00 05 00 00 00 1b 00 01 00 00 00 1b,b8 1c 94 25 e6 01 e4 3d e4 1f 2c e4 1f 2c e4 1f 2c e4 1f 4d e4 15 4f e4 15 1c e4 3d 5e e4 1f 47 78 e4 15 6b e4 15 42 1c e4 3d 2c e4 1f 90 1c e6
8/S8012.DAT,0x482AE,0x482B0,0x482B2,0x482C1,0x482C1,0x17,17,15,0,0x482A8,high,control_0100,01 00,00 00 00 21 00 05 00 00 00 1b 00 01 00 00 00 1b,01 00 6e 20 de 36 dd 6c 1d 38 1c 2f de 48 4a 22 37
8/S8012.DAT,0x482F2,0x482F4,0x482F4,0x48306,0x48306,0x17,18,18,0,0x482EC,high,none,,00 00 21 00 05 00 00 00 1b 00 01 00 00 00 1b 00,03 00 5b de cb 44 1e 5a 1d 2d 21 91 29 21 22 1e 4c 37
8/S8012.DAT,0x4833C,0x4833E,0x4833E,0x48368,0x48368,0x17,42,42,2,0x48336,high,none,,00 00 21 00 05 00 00 00 1b 00 01 00 00 00 1b 00,02 00 3f 1c dd 17 23 28 99 2e 29 21 1b 22 e6 01 bb df 01 dd 16 2f 8e de d0 2b 22 6c d6 34 47 35 37 e6 01 ad 28 1c 29 1f a7 02
8/S8012.DAT,0x4839E,0x483A0,0x483A0,0x483B0,0x483B0,0x17,16,16,0,0x48398,high,none,,00 00 21 00 05 00 00 00 1b 00 01 00 00 00 1b 00,05 00 dd b3 49 dd 4f 63 1b 28 de 0d c6 1c b9 37
8/S8012.DAT,0x48464,0x48466,0x48466,0x4847E,0x4847E,0x19,24,24,0,0x4845E,high,none,,00 00 21 00 05 00 00 00 1b 00 01 00 00 00 1b 00,6c 69 72 34 25 1b 45 30 38 dd 1d c5 1e 21 3b 98 4b 1e 21 3b 39 27 2b 37
8/S8013.DAT,0x46D38,0x46D3A,0x46D3C,0x46D44,0x46D44,0x17,10,8,0,,medium,control_0100,01 00,00 00 21 00 05 00 00 00 1b 00 01 00 00 00 2a 00,01 00 4d 37 34 2f 3c 33 43 1f
8/S8013.DAT,0x46DAE,0x46DB0,0x46DB2,0x46DBA,0x46DBA,0x17,10,8,0,,medium,control_0100,01 00,00 00 21 00 05 00 00 00 1b 00 01 00 00 00 22 00,01 00 3d 36 2b 2f 48 30 5d 34
8/S8013.DAT,0x46E84,0x46E86,0x46E86,0x46E9F,0x46E9F,0x19,25,25,0,,medium,none,,00 00 00 21 00 06 00 04 00 05 00 02 00 00 00 01,e5 02 28 54 27 dd 68 df 4a b0 dd 18 e6 00 e5 02 dd 34 1b df 27 27 dd 0a e6
8/S8013.DAT,0x4766C,0x4766E,0x4766E,0x4767E,0x4767E,0x19,16,16,1,0x47666,high,none,,00 00 21 00 05 00 00 00 1b 00 01 00 00 00 1b 00,6c 69 72 34 25 e6 01 56 76 1d 3a 1b 27 2b 20 3c
8/S8013.DAT,0x47844,0x47846,0x47846,0x47860,0x47860,0x19,26,26,1,0x4783E,high,none,,00 00 21 00 05 00 00 00 1b 00 01 00 00 00 1b 00,6c 69 72 34 25 e6 01 1b 45 30 38 dd 1d c5 1e 21 3b 98 4b 1e 21 3b 39 27 2b 37
8/S8013.DAT,0x4793C,0x4793E,0x4793E,0x47954,0x47954,0x19,22,22,1,0x47936,high,none,,00 00 21 00 05 00 00 00 1b 00 01 00 00 00 1b 00,6c 69 72 34 25 e6 01 54 32 23 45 1b 21 3b b0 1e 1e 27 1e 73 26 3c
8/S8013.DAT,0x47BE6,0x47BE8,0x47BE8,0x47C1A,0x47C1A,0x19,50,50,1,0x47BE0,high,none,,00 00 21 00 05 00 00 00 1b 00 01 00 00 00 1b 00,6c 69 72 34 25 e6 01 dd 3c 31 dd 4d 34 3a 2d 2a dd 99 88 23 1d 29 1f c3 23 8f 53 dd 56 47 1c de f2 1c 47 5c 31 34 77 31 4e 53 8a 74 44 27 1e 1f
8/S8013.DAT,0x47C4A,0x47C4C,0x47C4C,0x47C76,0x47C76,0x19,42,42,1,0x47C44,high,none,,00 00 21 00 05 00 00 00 1b 00 01 00 00 00 1b 00,6c 69 72 34 25 e6 01 2e 2e 30 28 24 3f 22 42 65 db d8 2a 87 23 86 39 27 2b 37 47 5c 31 34 77 31 4e 53 35 49 23 df 61 df 61 37
8/S8013.DAT,0x47CAA,0x47CAC,0x47CAC,0x47CDE,0x47CDE,0x19,50,50,3,0x47CA4,high,none,,00 00 21 00 05 00 00 00 1b 00 01 00 00 00 1b 00,6c 69 72 34 25 e6 01 af 5c 53 dd 64 23 24 a4 b2 1c 62 31 34 30 e6 01 47 62 31 5c dd a1 62 34 2f 3b 2b 36 e6 01 47 db 31 62 47 2f a0 32 27 2b 3d
8/S8013.DAT,0x47D0E,0x47D10,0x47D10,0x47D47,0x47D47,0x19,55,55,1,0x47D08,high,none,,00 00 00 21 00 05 00 00 00 1b 00 01 00 00 00 1b,6c 69 72 34 25 e6 01 41 1c cf 23 24 bc 31 de 4d 53 36 e7 02 30 6b 34 80 1c dd 64 1c dd 4c 2f de 0a 2d 30 42 65 d1 34 1c de b1 de ca 2f dd 15 46
8/S8013.DAT,0x47D78,0x47D7A,0x47D7A,0x47DA2,0x47DA2,0x19,40,40,2,0x47D72,high,none,,00 00 21 00 05 00 00 00 1b 00 01 00 00 00 1b 00,6c 69 72 34 25 e6 01 2e 32 28 24 8e dd 20 dd 15 46 22 36 dd 60 31 c9 3a 32 22 1c 30 e6 01 8c 29 36 dd 33 46 27 2b 3d 37
8/S8013.DAT,0x47DD6,0x47DD8,0x47DD8,0x47E1C,0x47E1C,0x19,68,68,1,0x47DD0,high,none,,00 00 21 00 05 00 00 00 1b 00 01 00 00 00 1b 00,6c 69 72 34 25 e6 01 dd 78 dd 7b de 6e 28 dd 08 dd 25 30 17 27 30 1d 22 36 d3 1b 21 3b 39 27 2b 37 dd 64 23 28 a0 45 20 39 23 3e 1b 38 1c 38 1b
8/S8013.DAT,0x47E50,0x47E52,0x47E52,0x47E92,0x47E92,0x19,64,64,1,0x47E4A,high,none,,00 00 21 00 05 00 00 00 1b 00 01 00 00 00 1b 00,6c 69 72 34 25 e6 01 d7 d1 cb 1c dd df de 7a 28 24 dd 08 dd 25 30 19 45 23 1d 22 36 d3 1b 21 3b 39 27 2b 37 dd 08 dd 25 a0 45 20 22 36 24 20 1d
8/S8013.DAT,0x47EC6,0x47EC8,0x47EC8,0x47EF1,0x47EF1,0x19,41,41,1,0x47EC0,high,none,,00 00 00 21 00 05 00 00 00 1b 00 01 00 00 00 1b,6c 69 72 34 25 e6 01 41 1c c3 1c 93 dd 4c 89 30 28 24 af 5c 53 23 d5 29 1f de d7 2f de d7 46 21 1b 22 6d 1f 1b 30 2b 4c 37
8/S8013.DAT,0x47F22,0x47F24,0x47F24,0x47F4E,0x47F4E,0x19,42,42,2,0x47F1C,high,none,,00 00 21 00 05 00 00 00 1b 00 01 00 00 00 1b 00,6c 69 72 34 25 e6 01 44 29 36 24 1b 1b 2e 36 2a 3f 39 27 2b 20 33 e6 01 2a 2d 58 29 21 dd f5 55 3e 2f dd ef 29 21 70 3a 1b 37
8/S8013.DAT,0x47F82,0x47F84,0x47F84,0x47FC6,0x47FC6,0x19,66,66,2,0x47F7C,high,none,,00 00 21 00 05 00 00 00 1b 00 01 00 00 00 1b 00,6c 69 72 34 25 e6 01 dd 3c 31 dd 4d 34 cb 1c dd b5 31 5c 71 de b4 31 53 1c dd 1b dd 51 1c dd 0a 23 5b 50 44 1d dd 41 de 06 5a 2f de 04 9c dd 5d
8/S8013.DAT,0x47FF6,0x47FF8,0x47FF8,0x4801C,0x4801C,0x19,36,36,2,0x47FF0,high,none,,00 00 21 00 05 00 00 00 1b 00 01 00 00 00 1b 00,6c 69 72 34 25 e6 01 5f 34 47 62 31 1c dd d4 1b 36 2e 55 30 dd 33 29 21 6d 21 28 e6 01 54 26 30 1e 73 26 37
8/S8013.DAT,0x48050,0x48052,0x48052,0x48096,0x48096,0x19,68,68,1,0x4804A,high,none,,00 00 21 00 05 00 00 00 1b 00 01 00 00 00 1b 00,6c 69 72 34 25 e6 01 57 64 67 dd 9e 30 28 24 57 34 4e 2f de d5 49 21 dd bf 74 2f 74 29 21 1b 22 3d 26 30 2b 2a 24 41 1c dd 08 21 2f dd 79 46 22
8/S8013.DAT,0x480C6,0x480C8,0x480C8,0x480EE,0x480EE,0x19,38,38,1,0x480C0,high,none,,00 00 21 00 05 00 00 00 1b 00 01 00 00 00 1b 00,6c 69 72 34 25 e6 01 1f 35 24 57 64 67 dd 9e 30 38 33 46 22 43 49 30 28 1d 1b 3d 26 30 2b 2a df 61 df 61 df 61 37
8/S8013.DAT,0x48122,0x48124,0x48124,0x48166,0x48166,0x19,66,66,2,0x4811C,high,none,,00 00 21 00 05 00 00 00 1b 00 01 00 00 00 1b 00,6c 69 72 34 25 e6 01 a2 64 34 60 34 80 47 5c 31 34 1c 3f 22 89 c2 2a 43 20 39 27 1e 1f 37 12 45 28 47 78 6b 42 1c 5c 71 dd 39 dd 03 53 e6 01 12
8/S8013.DAT,0x48196,0x48198,0x48198,0x481CC,0x481CC,0x19,52,52,1,0x48190,high,none,,00 00 21 00 05 00 00 00 1b 00 01 00 00 00 1b 00,6c 69 72 34 25 e6 01 12 45 28 dd 3c 31 dd 4d 34 cb 2a 24 dd 2b c3 1c 12 45 28 42 31 4e 3a 2d 1c b7 b9 2a dd 09 29 21 33 29 1e 48 29 1f 6d 1f 1b
8/S8013.DAT,0x48200,0x48202,0x48202,0x48245,0x48245,0x19,67,67,2,0x481FA,high,none,,00 00 00 21 00 05 00 00 00 1b 00 01 00 00 00 1b,6c 69 72 34 25 e6 01 63 93 30 1c dd de de 75 dd d2 2a df 17 23 1d 22 42 4e dd 60 77 6b 31 2a 3f 22 3d 26 30 2b 37 de 26 ae 28 5b 44 dd 4f 1c 3b
8/S8021.DAT,0x35F30,0x35F32,0x35F32,0x35F5D,0x35F5D,0x19,43,43,0,,medium,none,,00 00 e5 19 00 21 d3 14 21 0f 30 1e 1f d1 ef b1,43 f3 33 32 33 23 20 13 30 13 50 10 52 e4 19 00 47 f1 34 00 04 22 31 32 33 22 f2 31 20 21 2a 00 24 00 42 b1 b7 63 5f 59 12 40 10
8/S8021.DAT,0x47A9C,0x47A9E,0x47A9E,0x47AB4,0x47AB4,0x19,22,22,1,0x47A96,high,none,,00 00 21 00 05 00 00 00 1b 00 01 00 00 00 1b 00,77 6b ab dd 9c 1c b3 25 e6 01 3f 32 2a be dd 06 1c dd 0b 30 2b 37
8/S8021.DAT,0x47B1A,0x47B1C,0x47B1C,0x47B4B,0x47B4B,0x19,47,47,2,0x47B14,high,none,,00 00 00 21 00 05 00 00 00 1b 00 01 00 00 00 1b,77 6b ab dd 9c 1c b3 25 e6 01 42 dd f8 34 67 dd dd 90 20 33 9a 1f be dd 06 1c df 2a dd 66 2a e6 01 dd 2b de 6c 23 dd 67 2d 35 89 c2 30 2b 37
8/S8021.DAT,0x47B8A,0x47B8C,0x47B8C,0x47BC5,0x47BC5,0x19,57,57,3,0x47B84,high,none,,00 00 00 21 00 05 00 00 00 1b 00 01 00 00 00 1b,77 6b ab dd 9c 1c b3 25 e6 01 41 1c 2e 55 28 24 2e 2e 28 b8 36 6d 54 39 1c df 0f 20 1d e6 01 41 32 28 dd 67 6d 40 2b 1b de c6 90 35 29 1f e6 01
8/S8021.DAT,0x47BF6,0x47BF8,0x47BFA,0x47C14,0x47C14,0x17,28,26,1,0x47BF0,high,control_0100,01 00,00 00 21 00 05 00 00 00 1b 00 01 00 00 00 1b 00,01 00 2e 1c de 3d de 2d 1c 5e 2a 3c e6 01 dd 8e 23 28 dd 27 4a 33 32 1d 1b b0 4c 37
8/S8021.DAT,0x47C44,0x47C46,0x47C46,0x47C66,0x47C66,0x19,32,32,1,0x47C3E,high,none,,00 00 21 00 05 00 00 00 1b 00 01 00 00 00 1b 00,77 6b ab dd 9c 1c b3 25 e6 01 dd 18 dd 4a 20 33 50 44 1d de aa dd 49 2a a0 46 1f 30 1e 73 26 37
8/S8021.DAT,0x47CAC,0x47CAE,0x47CAE,0x47CCF,0x47CCF,0x17,33,33,1,0x47CA6,high,none,,00 00 00 21 00 05 00 00 00 1b 00 01 00 00 00 1b,07 00 46 33 3e dd 6f de 12 09 ca 2e 45 0a 1d e6 01 de aa dd 49 35 29 1f 2a 24 3f 32 28 6e 4a 48 3c
8/S8021.DAT,0x47D78,0x47D7A,0x47D7A,0x47DAA,0x47DAA,0x19,48,48,2,0x47D72,high,none,,00 00 21 00 05 00 00 00 1b 00 01 00 00 00 1b 00,77 6b ab dd 9c 1c b3 25 e6 01 dc 61 94 28 24 c8 30 28 3f 33 dd 04 22 5e 30 e6 01 de af df 51 2f dc 20 2b de ea 36 1d 29 21 1b 22 38 1c 30 2b 37
8/S8021.DAT,0x47E4A,0x47E4C,0x47E4C,0x47E6D,0x47E6D,0x19,33,33,1,0x47E44,high,none,,00 00 00 21 00 05 00 00 00 1b 00 01 00 00 00 1b,77 6b ab dd 9c 1c b3 25 e6 01 de 08 1c 5e 8a dd ce 39 45 49 22 dd da dd ce 2f dd 5b 51 27 1e 1f 37
8/S8021.DAT,0x47E9E,0x47EA0,0x47EA0,0x47EC6,0x47EC6,0x19,38,38,2,0x47E98,high,none,,00 00 21 00 05 00 00 00 1b 00 01 00 00 00 1b 00,77 6b ab dd 9c 1c b3 25 e6 01 dc 61 94 28 24 dd dd dd d2 30 dd ce 32 e6 01 5e 28 23 43 20 23 de bf 6d 27 1e 1f 37
8/S8021.DAT,0x47F0C,0x47F0E,0x47F0E,0x47F38,0x47F38,0x19,42,42,2,0x47F06,high,none,,00 00 21 00 05 00 00 00 1b 00 01 00 00 00 1b 00,77 6b ab dd 9c 1c b3 25 e6 01 36 2e 55 2a dd 8e 1d de e3 de ae 28 a4 dd d6 23 e6 01 3e 22 1b 2f dd 1c 4a 3a 59 1f 1c 30 2b 37
8/S8021.DAT,0x47F68,0x47F6A,0x47F6A,0x47F86,0x47F86,0x19,28,28,1,0x47F62,high,none,,00 00 21 00 05 00 00 00 1b 00 01 00 00 00 1b 00,77 6b ab dd 9c 1c b3 25 e6 01 dd d9 1e 8c 45 24 5e 28 20 43 44 28 4a 51 27 1e 1f 37
8/S8021.DAT,0x47FC4,0x47FC6,0x47FC6,0x47FEE,0x47FEE,0x19,40,40,2,0x47FBE,high,none,,00 00 21 00 05 00 00 00 1b 00 01 00 00 00 1b 00,77 6b ab dd 9c 1c b3 25 e6 01 41 1e 21 c8 30 28 24 e6 01 5e 28 2b 29 20 39 de 3d de 2d dd 7c 1e 21 1e 27 1b 27 1e 1f 37
8/S8021.DAT,0x4802C,0x4802E,0x4802E,0x48054,0x48054,0x19,38,38,2,0x48026,high,none,,00 00 21 00 05 00 00 00 1b 00 01 00 00 00 1b 00,77 6b ab dd 9c 1c b3 25 e6 01 1e 20 1e 24 41 1c b3 1c 96 df 25 2a e6 01 2e 1c 5e 2f dd ee 51 21 1b 22 1c 30 2b 37
8/S8021.DAT,0x480CE,0x480D0,0x480D0,0x480F7,0x480F7,0x19,39,39,2,0x480C8,high,none,,00 00 00 21 00 05 00 00 00 1b 00 01 00 00 00 1b,77 6b ab dd 9c 1c b3 25 e6 01 27 1b 39 27 1e 73 26 37 e6 01 d4 a8 20 33 d3 1b 21 dd ea 44 1f 1b b0 2a 3f 39 27 2b 37
8/S8021.DAT,0x48294,0x48296,0x48296,0x482B2,0x482B2,0x19,28,28,1,0x4828E,high,none,,00 00 21 00 05 00 00 00 1b 00 01 00 00 00 1b 00,77 6b ab dd 9c 1c b3 25 e6 01 e4 3d b5 2c dd 0b 2a 24 e4 1f dd 0b 2a df 61 df 61 37
8/S8031.DAT,0x46A10,0x46A12,0x46A12,0x46A1F,0x46A1F,0x17,13,13,0,,medium,none,,00 00 00 0e 00 2b 00 03 00 26 00 00 00 27 00 ff,28 00 0f 01 23 00 25 00 2c 01 20 00 25
8/S8031.DAT,0x46C0C,0x46C0E,0x46C0E,0x46C1B,0x46C1B,0x17,13,13,0,,medium,none,,00 00 00 0e 00 2b 00 03 00 26 00 00 00 27 00 ff,28 00 0d 02 23 00 25 00 2a 02 20 00 25
8/S8031.DAT,0x4758A,0x4758C,0x4758E,0x47595,0x47595,0x17,9,7,0,,medium,control_0100,01 00,00 00 00 0e 00 2b 00 03 00 26 00 00 00 27 00 ff,01 00 25 00 1a 00 1e 00 25
8/S8031.DAT,0x4856A,0x4856C,0x4856C,0x48584,0x48584,0x19,24,24,1,,medium+,none,,00 00 19 00 77 6b ab dd 9c 1c b3 25 e6 01 d4 a8,77 6b ab dd 9c 1c b3 25 e6 01 1d 24 1d 2d 21 2e 36 35 02 3c e4 3d e4 3d
8/S8031.DAT,0x48586,0x48588,0x48588,0x4859B,0x4859B,0x19,19,19,1,,medium+,none,,00 00 00 1b 00 01 00 02 00 07 00 00 00 ba 10 07,77 6b ab dd 9c 1c b3 25 e6 01 d4 a8 df 61 df 61 e4 3d 37
8/S8031.DAT,0x485F6,0x485F8,0x485FA,0x48617,0x48617,0x17,31,29,1,,medium+,control_0100,01 00,00 00 00 17 00 00 00 54 26 1e 21 2e 2d 1d 2e 36,01 00 7d 54 1b df 61 df 61 e4 3d 37 e6 01 7d e4 0b 54 e4 3d 2b dd 7d 22 df 61 df 61 e4 3d 37
8/S8031.DAT,0x48776,0x48778,0x48778,0x4879D,0x4879D,0x19,37,37,2,0x48770,high,none,,00 00 00 21 00 05 00 00 00 1b 00 01 00 00 00 1b,64 82 95 af 5c 57 31 25 e6 01 3d 1e 24 bc 77 95 31 53 cb 2a 3b 98 4b 20 4c 35 37 e6 01 dd b3 44 3f 9c 22 6a 37
8/S8031.DAT,0x4881A,0x4881C,0x4881C,0x48830,0x48830,0x19,20,20,1,0x48814,high,none,,00 00 21 00 05 00 00 00 1b 00 01 00 00 00 1b 00,64 82 95 af 5c 57 31 25 e6 01 1d 2d 35 24 44 3a 27 28 02 3c
8/S8031.DAT,0x488A4,0x488A6,0x488A6,0x488BF,0x488BF,0x19,25,25,1,0x4889E,high,none,,00 00 00 21 00 05 00 00 00 1b 00 01 00 00 00 1b,64 82 95 af 5c 57 31 25 e6 01 35 36 1e 1f 33 54 26 1d 2d 35 24 dd 88 84 02
8/S8041.DAT,0x47A1A,0x47A1C,0x47A1C,0x47A52,0x47A52,0x19,54,54,3,0x47A14,high,none,,00 00 21 00 05 00 00 00 1b 00 01 00 00 00 1b 00,bc 77 95 31 53 25 e6 01 44 3a 27 2a df 57 1c 47 78 6b 42 1c 63 68 20 37 e6 01 3f 4b 2e 4b 30 be dd 06 1c de 36 dd 1b 2f e6 01 1e 21 3e 32 21 1b
8/S8041.DAT,0x47A90,0x47A92,0x47A94,0x47AC1,0x47AC1,0x17,47,45,3,0x47A8A,high,control_0100,01 00,00 00 00 21 00 05 00 00 00 1b 00 01 00 00 00 1b,01 00 de 36 dd 1b 3c e4 3d e6 01 3f 1d 1f 83 1c 40 29 21 1b 22 7a 2a e6 01 2e 1c ce dd 12 2f e6 01 54 2d 54 2d dd 6c 3e 1e 21 1b 22 1c 3d 37
8/S8041.DAT,0x47B06,0x47B08,0x47B08,0x47B28,0x47B28,0x19,32,32,2,0x47B00,high,none,,00 00 21 00 05 00 00 00 1b 00 01 00 00 00 1b 00,bc 77 95 31 53 25 e6 01 ce dd 12 2a dd 6c 3e 1d 29 21 22 35 36 3c e6 01 6e cb 1c 45 38 39 35 02
8/S8041.DAT,0x47B58,0x47B5A,0x47B5A,0x47B98,0x47B98,0x19,62,62,3,0x47B52,high,none,,00 00 21 00 05 00 00 00 1b 00 01 00 00 00 1b 00,bc 77 95 31 53 25 e6 01 de 89 dd 3e 30 44 22 38 1c 2f 36 2e 36 2d de 89 dd 3e 1e e6 01 dd 1c 44 22 df 53 dd d2 38 1d 1b 3d 26 1d 4e de 1f 2f e6
8/S8041.DAT,0x47C9A,0x47C9C,0x47C9C,0x47CCB,0x47CCB,0x19,47,47,3,0x47C94,high,none,,00 00 00 21 00 05 00 00 00 1b 00 01 00 00 00 1b,bc 77 95 31 53 25 e6 01 ad 36 d5 dd cb 2a 1e 1f 3e 58 e6 01 d5 29 21 dd 2f dd 84 27 30 9a 1b 02 e6 01 e4 3d 9a 33 32 32 58 1c b0 35 2a 1d 37
8/S8051.DAT,0x18338,0x1833A,0x1833A,0x18340,0x18340,0x17,6,6,0,,medium,none,,00 00 54 01 05 39 ab a7 5a 7a ff 23 42 9b 29 9a,32 55 55 23 f8 19
8/S8051.DAT,0x46A0A,0x46A0C,0x46A0C,0x46A19,0x46A19,0x17,13,13,0,,medium,none,,00 00 00 0e 00 2b 00 03 00 26 00 00 00 27 00 ff,28 00 0c 01 23 00 25 00 29 01 20 00 25
8/S8051.DAT,0x46C06,0x46C08,0x46C08,0x46C15,0x46C15,0x17,13,13,0,,medium,none,,00 00 00 0e 00 2b 00 03 00 26 00 00 00 27 00 ff,28 00 0a 02 23 00 25 00 27 02 20 00 25
8/S8051.DAT,0x47584,0x47586,0x47588,0x4758F,0x4758F,0x17,9,7,0,,medium,control_0100,01 00,00 00 00 0e 00 2b 00 03 00 26 00 00 00 27 00 ff,01 00 25 00 1a 00 1e 00 25
8/S8051.DAT,0x486EE,0x486F0,0x486F0,0x48700,0x48700,0x19,16,16,1,0x486E8,high,none,,00 00 21 00 05 00 00 00 1b 00 01 00 01 00 1b 00,bc 77 95 31 53 25 e6 01 1e 45 2e 1b 40 45 51 02
8/S8051.DAT,0x48730,0x48732,0x48732,0x48754,0x48754,0x19,34,34,2,0x4872A,high,none,,00 00 21 00 05 00 00 00 1b 00 01 00 01 00 1b 00,bc 77 95 31 53 25 e6 01 27 3f 1b 1b 24 e6 01 dd 2f dd 84 1c bc dd b6 2a dd 24 1e 20 29 1f 1c 30 1d 37
8/S8051.DAT,0x48784,0x48786,0x48786,0x487A1,0x487A1,0x19,27,27,1,0x4877E,high,none,,00 00 00 21 00 05 00 00 00 1b 00 01 00 01 00 1b,bc 77 95 31 53 25 e6 01 1d 20 1d 20 3b 38 1e 55 1b a0 ce dd 49 35 29 1f 55 26 37
8/S8051.DAT,0x487D2,0x487D4,0x487D4,0x487F9,0x487F9,0x19,37,37,2,0x487CC,high,none,,00 00 00 21 00 05 00 00 00 1b 00 01 00 01 00 1b,bc 77 95 31 53 25 e6 01 4e de 1f 54 38 2f dd 7a 2b 1c 23 24 e6 01 41 32 de fe b9 1c dd e5 dd e6 1d 54 1d 1b 37
8/S8051.DAT,0x488E2,0x488E4,0x488E4,0x48918,0x48918,0x19,52,52,3,0x488DC,high,none,,00 00 21 00 05 00 00 00 1b 00 01 00 01 00 1b 00,bc 77 95 31 53 25 e6 01 97 29 02 e6 01 dd ed 1b 40 45 dd 05 54 3d 3e dd 05 46 22 e4 3d 37 e6 01 3d 20 55 26 24 dd 50 6d 54 3b 39 dd 5b de 27 1e
8/S8061.DAT,0x47A06,0x47A08,0x47A0A,0x47A16,0x47A16,0x17,14,12,0,0x47A00,high,control_0100,01 00,00 00 21 00 05 00 00 00 1b 00 01 00 00 00 1b 00,01 00 2b 8c 1e 3e 21 a9 dd 09 4b 1b 1b 37
8/S8061.DAT,0x47A46,0x47A48,0x47A4A,0x47A5E,0x47A5E,0x17,22,20,0,0x47A40,high,control_0100,01 00,00 00 21 00 05 00 00 00 1b 00 01 00 00 00 1b 00,01 00 b8 1c b4 6d 2a dd 2d 23 dd 07 43 29 21 3e 22 3d 26 35 43 37
8/S8061.DAT,0x47A96,0x47A98,0x47A98,0x47ACA,0x47ACA,0x19,50,50,2,0x47A90,high,none,,00 00 21 00 05 00 00 00 1b 00 01 00 00 00 1b 00,1d 2d 35 1b 3f 2d 1f 1f 4b 28 37 e6 01 dd 31 49 21 3e 32 1f 1c 28 3f 39 2a 1f 1b 49 54 e6 01 dd b0 dd e1 38 1d 3e 86 33 1d 1b 30 dd 24 1e 1b 43
8/S8061.DAT,0x47B1C,0x47B1E,0x47B20,0x47B2B,0x47B2B,0x17,13,11,0,0x47B16,high,control_0100,01 00,00 00 00 21 00 05 00 00 00 1b 00 01 00 00 00 1b,01 00 3f 1d 1f 2a 24 b8 1c 4d 4f 4c 37
8/S8061.DAT,0x47B6A,0x47B6C,0x47B6C,0x47B84,0x47B84,0x19,24,24,1,0x47B64,high,none,,00 00 21 00 05 00 00 00 1b 00 01 00 00 00 1b 00,b8 1c 4d 4f 25 e6 01 41 26 36 38 24 b8 1c b4 6d 2f 45 20 3a 54 22 4c 37
8/S8061.DAT,0x47BB4,0x47BB6,0x47BB6,0x47BE1,0x47BE1,0x19,43,43,2,0x47BAE,high,none,,00 00 00 21 00 05 00 00 00 1b 00 01 00 00 00 1b,b8 1c 4d 4f 25 e6 01 41 32 2a 24 2e 2d 1d 90 70 de a0 3e 30 7d 29 41 39 36 e6 01 dd d3 23 38 3f 39 2a 1f 2a 33 32 8c 23 4c c0 37
8/S8061.DAT,0x47C20,0x47C22,0x47C22,0x47C4E,0x47C4E,0x19,44,44,3,0x47C1A,high,none,,00 00 21 00 05 00 00 00 1b 00 01 00 00 00 1b 00,b8 1c 4d 4f 25 e6 01 43 33 29 4b 48 26 4a 48 1d 1b 1c 37 e6 01 2e 1c 5e 28 38 36 38 36 e6 01 dd 04 1f 20 1d 5e 35 29 1f 2d 35 3d 37
8/S8061.DAT,0x47C7E,0x47C80,0x47C80,0x47C96,0x47C96,0x19,22,22,1,0x47C78,high,none,,00 00 21 00 05 00 00 00 1b 00 01 00 00 00 1b 00,b8 1c 4d 4f 25 e6 01 de ab dd 8a 2f 1e 21 38 d3 44 40 1e 1d 1b 37
8/S8061.DAT,0x47CD4,0x47CD6,0x47CD6,0x47D02,0x47D02,0x19,44,44,3,0x47CCE,high,none,,00 00 21 00 05 00 00 00 1b 00 01 00 00 00 1b 00,b8 1c 4d 4f 25 e6 01 a4 b2 83 1c 40 29 21 1b 22 7a 2a e6 01 54 26 1b 26 de 77 dd 1f 2f 26 b5 1c 20 e6 01 43 20 29 21 22 1c 20 1b 3c
8/S8061.DAT,0x47DA0,0x47DA2,0x47DA2,0x47DC8,0x47DC8,0x19,38,38,2,0x47D9A,high,none,,00 00 21 00 05 00 00 00 1b 00 01 00 00 00 1b 00,b8 1c 4d 4f 25 e6 01 43 20 29 1f 43 3d 37 e6 01 dd 31 49 21 38 33 29 1f 2d 35 24 de 48 de a4 1e 1d 3e 4b 48 4c 37
8/S8061.DAT,0x47E5C,0x47E5E,0x47E5E,0x47E6A,0x47E6A,0x19,12,12,0,0x47E56,high,none,,00 00 21 00 05 00 00 00 1b 00 01 00 00 00 1b 00,5b b8 1c 94 5a 2f 87 23 86 32 1f 37
8/S8061.DAT,0x47EBC,0x47EBE,0x47EBE,0x47EF0,0x47EF0,0x19,50,50,3,0x47EB6,high,none,,00 00 21 00 05 00 00 00 1b 00 01 00 00 00 1b 00,b8 1c 4d 4f 25 e6 01 41 1c 96 28 e6 01 c1 1c 4d 4f 20 33 3f 8c 20 29 1f 5b a6 71 7f 34 5a e6 01 b6 23 dd 36 45 dd 63 35 20 33 dd e4 32 21 1b 44
8/S8061.DAT,0x47F20,0x47F22,0x47F22,0x47F3A,0x47F3A,0x19,24,24,1,0x47F1A,high,none,,00 00 21 00 05 00 00 00 1b 00 01 00 00 00 1b 00,b8 1c 4d 4f 25 e6 01 85 1c 91 29 1f 7a dd 48 32 1d 1b 30 3b 3e 32 3d 37
8/S8061.DAT,0x47F6A,0x47F6C,0x47F6C,0x47F8D,0x47F8D,0x19,33,33,2,0x47F64,high,none,,00 00 00 21 00 05 00 00 00 1b 00 01 00 00 00 1b,b8 1c 4d 4f 25 e6 01 41 32 2a 43 20 2d 1d 1b bb df 01 dd 16 23 e6 01 85 1c 61 28 20 3a 1d 1b 3d 02
8/S8061.DAT,0x47FC6,0x47FC8,0x47FC8,0x47FFC,0x47FFC,0x19,52,52,3,0x47FC0,high,none,,00 00 21 00 05 00 00 00 1b 00 01 00 00 00 1b 00,b8 1c 4d 4f 25 e6 01 45 1b 30 23 2e 1c 5e 1c e6 01 5f 34 47 62 31 de 63 dd ee 2f 1e 21 1b 29 21 3b 3e 32 3d 02 e6 01 41 1c b2 3b dd 6e 28 2b 22
8/S8061.DAT,0x4802C,0x4802E,0x4802E,0x48053,0x48053,0x19,37,37,2,0x48026,high,none,,00 00 00 21 00 05 00 00 00 1b 00 01 00 00 00 1b,b8 1c 4d 4f 25 e6 01 54 26 59 35 29 1f 33 24 e6 01 54 31 2d 36 12 11 11 dd b7 33 1b de 63 dd ee 1e 36 3e 32 37
8/S8062.DAT,0x4791A,0x4791C,0x4791C,0x4792C,0x4792C,0x19,16,16,1,0x47914,high,none,,00 00 21 00 05 00 00 00 1b 00 01 00 00 00 1b 00,b8 1c 4d 4f 25 e6 01 3d 3e 9a 21 3e 32 1f 4c 37
8/S8062.DAT,0x479BE,0x479C0,0x479C0,0x479E6,0x479E6,0x19,38,38,2,0x479B8,high,none,,00 00 21 00 05 00 00 00 1b 00 01 00 00 00 1b 00,b8 1c 4d 4f 25 e6 01 2e 1c 5e 2f dd 6c 1e 44 38 1c 1f 4b 20 33 e6 01 dd 1e 29 21 3e 32 1f 3b dd 6e 2f 2b 22 3d 37
8/S8062.DAT,0x47A5E,0x47A60,0x47A60,0x47A86,0x47A86,0x19,38,38,2,0x47A58,high,none,,00 00 21 00 05 00 00 00 1b 00 01 00 00 00 1b 00,b8 1c 4d 4f 25 e6 01 2e 1c 5e 2f dd 6c 1e 44 38 1c 1f 4b 20 33 e6 01 dd 1e 29 21 3e 32 1f 3b dd 6e 2f 2b 22 3d 37
8/S8062.DAT,0x47AFE,0x47B00,0x47B00,0x47B1D,0x47B1D,0x19,29,29,1,0x47AF8,high,none,,00 00 00 21 00 05 00 00 00 1b 00 01 00 00 00 1b,b8 1c 4d 4f 25 e6 01 3f 2d 1f 1f 4b 1c 74 1b 2f 24 85 28 1b 45 30 38 a0 21 1b 22 3d 37
8/S8062.DAT,0x47B6E,0x47B70,0x47B70,0x47B7E,0x47B7E,0x19,14,14,0,0x47B68,high,none,,00 00 21 00 05 00 00 00 1b 00 01 00 00 00 1b 00,5b dd 58 dd 65 5a 2f 38 33 1b 27 1e 1f 37
8/S8062.DAT,0x47BB4,0x47BB6,0x47BB6,0x47BC7,0x47BC7,0x19,17,17,0,0x47BAE,high,none,,00 00 00 21 00 05 00 00 00 1b 00 01 00 00 00 1b,5b 50 44 1b dd 41 de 06 5a 2f 38 33 1b 27 1e 1f 37
8/S8062.DAT,0x47BFE,0x47C00,0x47C00,0x47C12,0x47C12,0x19,18,18,0,0x47BF8,high,none,,00 00 21 00 05 00 00 00 1b 00 01 00 00 00 1b 00,5b de 6b dd 2f 1c 1b 1c 39 5a 2f 38 33 1b 27 1e 1f 37
8/S8062.DAT,0x47C48,0x47C4A,0x47C4A,0x47C5D,0x47C5D,0x19,19,19,0,0x47C42,high,none,,00 00 00 21 00 05 00 00 00 1b 00 01 00 00 00 1b,5b 6d 1d dd 7d 22 dd 1f de 37 5a 2f 38 33 1b 27 1e 1f 37
8/S8062.DAT,0x47C94,0x47C96,0x47C96,0x47CA1,0x47CA1,0x19,11,11,0,0x47C8E,high,none,,00 00 00 21 00 05 00 00 00 1b 00 01 00 00 00 1b,5b 94 5a 2f 38 33 1b 27 1e 1f 37
8/S8062.DAT,0x47CD8,0x47CDA,0x47CDA,0x47CEB,0x47CEB,0x19,17,17,0,0x47CD2,high,none,,00 00 00 21 00 05 00 00 00 1b 00 01 00 00 00 1b,5b de 54 32 22 dd c9 94 5a 2f 38 33 1b 27 1e 1f 37
8/S8062.DAT,0x47D2A,0x47D2C,0x47D2C,0x47D3D,0x47D3D,0x19,17,17,0,0x47D24,high,none,,00 00 00 21 00 05 00 00 00 1b 00 01 00 00 00 1b,5b a9 dd ac 1b 57 82 a3 5a 2f 38 33 1b 27 1e 1f 37
8/S8062.DAT,0x47D6E,0x47D70,0x47D70,0x47D90,0x47D90,0x19,32,32,1,0x47D68,high,none,,00 00 21 00 05 00 00 00 1b 00 01 00 00 00 1b 00,b8 1c 4d 4f 25 e6 01 5f 34 47 62 31 12 dd 2d 23 50 67 78 31 7f 2f 3f 1f 46 22 57 82 a3 35 3d 37
8/S8062.DAT,0x47DC0,0x47DC2,0x47DC2,0x47DD4,0x47DD4,0x17,18,18,0,0x47DBA,high,none,,00 00 21 00 05 00 00 00 1b 00 01 00 00 00 1b 00,03 00 3f 39 2a 36 26 37 44 29 36 b6 23 dd 36 45 3d 37
9/S9012.DAT,0x47A98,0x47A9A,0x47A9A,0x47AB3,0x47AB3,0x19,25,25,1,0x47A92,high,none,,00 00 00 21 00 05 00 00 00 1b 00 01 00 01 00 1b,81 47 25 e6 01 41 26 df 4f df 21 23 dd d0 2a 2b 43 49 23 28 1b 20 1d 1b 37
9/S9012.DAT,0x47AE4,0x47AE6,0x47AE6,0x47B0B,0x47B0B,0x19,37,37,2,0x47ADE,high,none,,00 00 00 21 00 05 00 00 00 1b 00 01 00 01 00 1b,81 47 25 e6 01 dd 23 6f dd b4 31 62 1c a2 31 dd 55 2f dd aa 29 21 e6 01 27 36 51 21 dd 5b de 27 1e 21 40 22 37
9/S9012.DAT,0x47BFC,0x47BFE,0x47C00,0x47C09,0x47C09,0x17,11,9,0,0x47BF6,high,control_0100,01 00,00 00 00 21 00 05 00 00 00 1b 00 01 00 00 00 1b,01 00 98 29 21 02 85 38 1b 3e 37
9/S9013.DAT,0x47958,0x4795A,0x4795A,0x4796D,0x4796D,0x17,19,19,1,0x47952,high,none,,00 00 00 21 00 05 00 00 00 1b 00 01 00 00 00 1b,03 00 dd 6f 7a 35 29 1f 2d 35 4c 37 e6 01 3d 20 29 1f 02
9/S9013.DAT,0x4799E,0x479A0,0x479A0,0x479AC,0x479AC,0x17,12,12,0,0x47998,high,none,,00 00 21 00 05 00 00 00 1b 00 01 00 00 00 1b 00,02 00 20 29 2e 45 49 40 2a 29 21 37
9/S9021.DAT,0x46A10,0x46A12,0x46A12,0x46A1F,0x46A1F,0x17,13,13,0,,medium,none,,00 00 00 0e 00 2b 00 03 00 26 00 00 00 27 00 ff,28 00 0f 01 23 00 25 00 2c 01 20 00 25
9/S9021.DAT,0x46C0C,0x46C0E,0x46C0E,0x46C1B,0x46C1B,0x17,13,13,0,,medium,none,,00 00 00 0e 00 2b 00 03 00 26 00 00 00 27 00 ff,28 00 0d 02 23 00 25 00 2a 02 20 00 25
9/S9021.DAT,0x4758A,0x4758C,0x4758E,0x47595,0x47595,0x17,9,7,0,,medium,control_0100,01 00,00 00 00 0e 00 2b 00 03 00 26 00 00 00 27 00 ff,01 00 25 00 1a 00 1e 00 25
9/S9021.DAT,0x48570,0x48572,0x48572,0x48586,0x48586,0x19,20,20,1,,medium+,none,,00 00 1b 00 01 00 02 00 21 00 00 00 01 00 3c 00,e6 01 dd d0 9c dd aa 32 1f 36 9f 29 21 1b 22 1c 20 02 e4 5b
9/S9031.DAT,0x46A0A,0x46A0C,0x46A0C,0x46A19,0x46A19,0x17,13,13,0,,medium,none,,00 00 00 0e 00 2b 00 03 00 26 00 00 00 27 00 ff,28 00 0c 01 23 00 25 00 29 01 20 00 25
9/S9031.DAT,0x46C06,0x46C08,0x46C08,0x46C15,0x46C15,0x17,13,13,0,,medium,none,,00 00 00 0e 00 2b 00 03 00 26 00 00 00 27 00 ff,28 00 0a 02 23 00 25 00 27 02 20 00 25
9/S9031.DAT,0x47584,0x47586,0x47588,0x4758F,0x4758F,0x17,9,7,0,,medium,control_0100,01 00,00 00 00 0e 00 2b 00 03 00 26 00 00 00 27 00 ff,01 00 25 00 1a 00 1e 00 25
9/S9031.DAT,0x4865A,0x4865C,0x4865C,0x4866F,0x4866F,0x19,19,19,1,0x48654,high,none,,00 00 00 21 00 05 00 00 00 1b 00 01 00 00 00 1b,c2 d4 25 e6 01 44 3a 27 33 54 26 40 29 21 86 29 1f 02 3c
9/S9031.DAT,0x486C2,0x486C4,0x486C4,0x486D9,0x486D9,0x19,21,21,1,0x486BC,high,none,,00 00 00 21 00 05 00 00 00 1b 00 01 00 00 00 1b,c2 d4 25 e6 01 dd 8e 1b 30 24 50 8b cb 23 dd e4 33 3e 1e 55 02
9/S9031.DAT,0x4873A,0x4873C,0x4873C,0x4875C,0x4875C,0x19,32,32,2,0x48734,high,none,,00 00 21 00 05 00 00 00 1b 00 01 00 00 00 1b 00,c2 d4 25 e6 01 28 28 a1 24 5c 71 dd 39 dd 03 53 20 33 e6 01 9a 1f 36 20 1b 26 dd 88 84 35 1d 37
9/S9031.DAT,0x4878C,0x4878E,0x4878E,0x487B9,0x487B9,0x19,43,43,2,0x48786,high,none,,00 00 00 21 00 05 00 00 00 1b 00 01 00 00 00 1b,c2 d4 25 e6 01 bf 1c 4d 4f 2f dd 29 39 de 57 1e 23 44 1f 1c 20 3c e6 01 3d 1e 24 2e 2e 30 dd 5b de 27 1e 21 40 22 37 e4 3d e4 3d
9/S9041.DAT,0x47A0E,0x47A10,0x47A10,0x47A24,0x47A24,0x19,20,20,0,0x47A08,high,none,,00 00 21 00 05 00 00 00 1b 00 01 00 00 00 1b 00,9c bf dd d3 e6 00 48 43 30 37 50 31 56 2c 22 a1 2c 26 02 41
9/S9041.DAT,0x47A76,0x47A78,0x47A78,0x47A8C,0x47A8C,0x19,20,20,0,0x47A70,high,none,,00 00 21 00 05 00 00 00 1b 00 01 00 00 00 1b 00,9c bf dd d3 e6 00 01 dd 47 24 4b 82 a7 25 de 48 01 21 55 1d
9/S9041.DAT,0x47AEC,0x47AEE,0x47AEE,0x47B2F,0x47B2F,0x19,65,65,0,0x47AE6,high,none,,00 00 00 21 00 05 00 00 00 1b 00 01 00 00 00 1b,9c bf dd d3 e6 00 2b 2b a0 24 51 b2 dd 29 dd 14 44 2a 37 77 26 39 2a 1f 31 dd 79 a8 33 20 1d d0 1b 4e 4f 2e c0 3e de 5a 21 25 48 26 1b 2a 1d 42
9/S9051.DAT,0x57A,0x57C,0x57C,0x5A9,0x5A9,0x17,45,45,0,,medium,none,,00 00 00 00 00 00 00 00 00 75 00 76 00 77 00 00,37 00 37 00 30 00 31 00 32 00 33 00 34 00 35 00 36 00 37 00 57 00 57 00 50 00 51 00 52 00 53 00 54 00 55 00 56 00 57 00 77 00 77 00 70
9/S9051.DAT,0x47958,0x4795A,0x4795A,0x47962,0x47962,0x19,8,8,0,0x47952,high,none,,00 00 21 00 05 00 00 00 1b 00 01 00 00 00 1b 00,de 96 dd e9 de 2c df 29
9/S9051.DAT,0x479B2,0x479B4,0x479B4,0x479D6,0x479D6,0x19,34,34,2,0x479AC,high,none,,00 00 21 00 05 00 00 00 1b 00 01 00 00 00 1b 00,42 7c 71 34 77 31 25 e6 01 50 dd 15 dd ba 1e 1b 3b c6 33 59 2f 1e 1d 3e 21 28 e6 01 1d 39 27 59 2d 37
9/S9051.DAT,0x47A68,0x47A6A,0x47A6A,0x47A84,0x47A84,0x19,26,26,1,0x47A62,high,none,,00 00 21 00 05 00 00 00 1b 00 01 00 00 00 1b 00,42 7c 71 34 77 31 25 e6 01 47 78 6b 42 5e 5d 2a de b3 dd 7a 3a 32 27 1e 1f 37
9/S9051.DAT,0x47AC6,0x47AC8,0x47AC8,0x47AD4,0x47AD4,0x19,12,12,1,0x47AC0,high,none,,00 00 21 00 05 00 00 00 1b 00 01 00 00 00 1b 00,42 7c 71 34 77 31 25 e6 01 3a 33 23
9/S9051.DAT,0x47B0A,0x47B0C,0x47B0C,0x47B33,0x47B33,0x19,39,39,2,0x47B04,high,none,,00 00 00 21 00 05 00 00 00 1b 00 01 00 00 00 1b,42 7c 71 34 77 31 25 e6 01 de cf 28 a3 6f 34 60 42 dd 17 2f dd 41 dd 62 1c de 27 23 e6 01 dd d0 de 66 1e 27 1e 1f 37
9/S9051.DAT,0x47B70,0x47B72,0x47B72,0x47BA9,0x47BA9,0x19,55,55,3,0x47B6A,high,none,,00 00 00 21 00 05 00 00 00 1b 00 01 00 00 00 1b,42 7c 71 34 77 31 25 e6 01 de cf 28 5c 71 dd 39 dd 03 53 dd 0b 56 dd d7 1c e6 01 42 31 4e 2c dd 23 67 2c 6b d1 53 dd c7 2f e6 01 de dd de 8d 7e
9/S9051.DAT,0x47C9A,0x47C9C,0x47C9C,0x47CAA,0x47CAA,0x19,14,14,1,0x47C94,high,none,,00 00 21 00 05 00 00 00 1b 00 01 00 00 00 1b 00,42 7c 71 34 77 31 25 e6 01 41 32 30 28 24
9/S9051.DAT,0x47CE6,0x47CE8,0x47CE8,0x47D00,0x47D00,0x19,24,24,1,0x47CE0,high,none,,00 00 21 00 05 00 00 00 1b 00 01 00 00 00 1b 00,42 7c 71 34 77 31 25 e6 01 de 53 cf 5e dd 5e dd 38 dd 08 dd 13 8d 7b 1c
9/S9051.DAT,0x47D36,0x47D38,0x47D38,0x47D50,0x47D50,0x19,24,24,1,0x47D30,high,none,,00 00 21 00 05 00 00 00 1b 00 01 00 00 00 1b 00,42 7c 71 34 77 31 25 e6 01 42 34 81 53 50 8b 20 33 1c 91 dd 61 30 2b 37
9/S9051.DAT,0x47D9A,0x47D9C,0x47D9C,0x47DD6,0x47DD6,0x19,58,58,3,0x47D94,high,none,,00 00 21 00 05 00 00 00 1b 00 01 00 00 00 1b 00,42 34 81 53 50 8b 25 e6 01 2e 1c de e4 de 54 2a dd a4 4b dd eb 3e 27 30 e6 01 de 53 cf dd 38 dd 08 dd 13 8d 7b 2f de d5 dd 36 1e e6 01 5e dd 5e
9/S9051.DAT,0x47E06,0x47E08,0x47E08,0x47E26,0x47E26,0x19,30,30,1,0x47E00,high,none,,00 00 21 00 05 00 00 00 1b 00 01 00 00 00 1b 00,42 34 81 53 50 8b 25 e6 01 dd 37 de fb 23 28 dd 13 8d d4 36 1e 21 85 2a 3f 1f 39 27 2b 37
9/S9051.DAT,0x47E56,0x47E58,0x47E58,0x47E88,0x47E88,0x19,48,48,1,0x47E50,high,none,,00 00 21 00 05 00 00 00 1b 00 01 00 00 00 1b 00,42 34 81 53 50 8b 25 e6 01 c8 c3 28 dd 8c de a9 de aa de d5 dd 64 1c a3 6f 34 60 42 62 dd a0 31 3d 39 5e dd 70 23 de 71 de 6f 2f 74 1b 27 2b 37
9/S9051.DAT,0x47EB8,0x47EBA,0x47EBA,0x47EE0,0x47EE0,0x19,38,38,2,0x47EB2,high,none,,00 00 21 00 05 00 00 00 1b 00 01 00 00 00 1b 00,42 34 81 53 50 8b 25 e6 01 27 8c e4 1f 92 dd 74 3d 39 e6 01 a3 6f 34 60 42 23 df 52 df 46 de 52 2f 1e 44 27 2b 37
9/S9051.DAT,0x47F10,0x47F12,0x47F12,0x47F41,0x47F41,0x19,47,47,2,0x47F0A,high,none,,00 00 00 21 00 05 00 00 00 1b 00 01 00 00 00 1b,42 34 81 53 50 8b 25 e6 01 50 dd 15 24 dd 71 de 73 1d 7a df 23 30 2b 2a e6 01 5e dd 70 23 28 de 86 df 2d 1d dd 9a df 36 2f de 79 51 27 2b 37
9/S9051.DAT,0x47F84,0x47F86,0x47F86,0x47F99,0x47F99,0x19,19,19,1,0x47F7E,high,none,,00 00 00 21 00 05 00 00 00 1b 00 01 00 00 00 1b,42 7c 71 34 77 31 25 e6 01 dd 9b 44 27 1e 21 df 61 df 61
B/SB011.DAT,0x12A4,0x12A6,0x12A6,0x12D8,0x12D8,0x19,50,50,0,,medium,none,,00 00 00 00 00 00 00 00 00 00 00 00 00 00 00 00,3f 01 3e 00 3e 00 3b 00 98 00 99 00 5a 01 5b 01 40 01 41 01 e6 00 e7 00 3f 00 3f 00 3f 00 3f 00 3f 00 3f 00 3f 00 3f 00 3f 00 3f 00 3f 00 60 01
B/SB011.DAT,0x47A1A,0x47A1C,0x47A1C,0x47A29,0x47A29,0x17,13,13,0,,medium,none,,00 00 00 0e 00 2b 00 03 00 26 00 00 00 27 00 ff,28 00 14 01 23 00 25 00 31 01 20 00 25
B/SB011.DAT,0x47C16,0x47C18,0x47C18,0x47C25,0x47C25,0x17,13,13,0,,medium,none,,00 00 00 0e 00 2b 00 03 00 26 00 00 00 27 00 ff,28 00 12 02 23 00 25 00 2f 02 20 00 25
B/SB011.DAT,0x48594,0x48596,0x48598,0x4859F,0x4859F,0x17,9,7,0,,medium,control_0100,01 00,00 00 00 0e 00 2b 00 03 00 26 00 00 00 27 00 ff,01 00 25 00 1a 00 1e 00 25
B/SB021.DAT,0x47A4E,0x47A50,0x47A50,0x47A75,0x47A75,0x19,37,37,2,0x47A48,high,none,,00 00 00 21 00 05 00 00 00 1b 00 01 00 00 00 1b,cd dd 1a 25 e6 01 43 32 1c 61 2f de 79 51 1e 7e 3d e6 01 41 1c cf 2a 9a 1f 36 1b 26 1d 33 58 61 2f 20 41 26 37
B/SB021.DAT,0x47AAE,0x47AB0,0x47AB0,0x47AE2,0x47AE2,0x19,50,50,3,0x47AA8,high,none,,00 00 21 00 05 00 00 00 1b 00 01 00 00 00 1b 00,cd dd 1a 25 e6 01 1e 20 1e 24 41 1c 1f 51 23 28 3b 27 46 83 52 88 2a e6 01 3b 1c 32 2f 1f 4b dd aa 22 dd 19 3a 2f e6 01 dd 09 1f 4c 58 1d 33 1d
B/SB021.DAT,0x47B12,0x47B14,0x47B14,0x47B3F,0x47B3F,0x19,43,43,1,0x47B0C,high,none,,00 00 00 21 00 05 00 00 00 1b 00 01 00 00 00 1b,cd dd 1a 25 e6 01 3a a1 24 be 2a de 38 dd fc 2f dd 68 49 22 2a 1b 1b 37 3b 1c 32 83 a4 dd d7 1c de b3 b2 dd d7 36 63 26 1c 35 37
B/SB022.DAT,0x478D6,0x478D8,0x478D8,0x478F5,0x478F5,0x19,29,29,1,,medium+,none,,00 00 00 2f 00 07 00 d5 03 21 00 00 00 01 00 68,42 31 4e 24 3b 27 46 1f 4b 1c a9 dd 09 4b 28 e6 01 de 19 20 23 dd 68 49 dd 29 29 1f 37
B/SB022.DAT,0x47946,0x47948,0x47948,0x47983,0x47983,0x19,59,59,3,,medium+,none,,00 00 00 21 00 00 00 01 00 a4 01 19 00 dd 26 1c,dd 26 1c dd 2e 25 e6 01 dd 40 dd 95 2f dd a6 dd b7 1f 51 1c dd 2b c3 1c 61 1d 54 1d 1b 37 e6 01 2e 2e 23 3f 22 1c 28 24 20 45 21 3b 27 46 1f 4b
B/SB022.DAT,0x4798E,0x47990,0x47990,0x479B6,0x479B6,0x19,38,38,2,,medium+,none,,00 00 21 00 00 00 01 00 a4 01 19 00 dd 26 1c dd,dd 26 1c dd 2e 25 e6 01 dd 08 21 2f de 82 1e 1b 45 3e 1e b5 dd 11 37 e6 01 41 1e 21 dd 08 21 2f dd 1e 22 61 35 37
B/SB022.DAT,0x479C0,0x479C2,0x479C2,0x479F8,0x479F8,0x19,54,54,3,,medium+,none,,00 00 21 00 00 00 01 00 a4 01 19 00 dd 26 1c dd,dd 26 1c dd 2e 25 e6 01 1e 20 1e 3b 27 46 1f 4b 52 88 28 e6 01 de 23 de 3a 2f 20 3a 4c 22 26 4b 23 e6 01 41 1c dd 11 2f dd 48 32 61 2f dd dc 29
B/SB022.DAT,0x47A02,0x47A04,0x47A04,0x47A30,0x47A30,0x19,44,44,2,,medium+,none,,00 00 21 00 00 00 01 00 a4 01 19 00 dd 26 1c dd,dd 26 1c dd 2e 25 e6 01 5b cd dd 1a 5a 1c dd 64 23 3f 22 dd c9 36 28 2b 1d 43 4b e6 01 2e 2e 27 30 1c dd f3 de c3 2f dd 43 39 2e 46
B/SB022.DAT,0x47A3A,0x47A3C,0x47A3C,0x47A68,0x47A68,0x19,44,44,2,,medium+,none,,00 00 21 00 00 00 01 00 a4 01 19 00 dd 26 1c dd,dd 26 1c dd 2e 25 e6 01 a0 d3 44 24 41 1e 21 dd ba 1e 6d 24 dd f3 1e 6d e6 01 de 9e d4 1e 21 44 1f 42 31 4e 24 3b ae a4 dd d7 35 37
B/SB022.DAT,0x47A72,0x47A74,0x47A74,0x47A98,0x47A98,0x19,36,36,2,,medium+,none,,00 00 21 00 00 00 01 00 a4 01 1b 00 01 00 00 00,dd 26 1c dd 2e 25 e6 01 41 1e 21 dd 08 21 1c de 82 2b 22 dd 11 2f dd 09 29 1f e6 01 52 88 1f 4b 1d 1c 35 37
B/SB022.DAT,0x47ABE,0x47AC0,0x47AC0,0x47ADD,0x47ADD,0x19,29,29,1,,medium+,none,,00 00 00 21 00 00 00 01 00 2c 01 1b 00 01 00 00,dd 26 1c dd 2e 25 e6 01 3a 3f a4 33 2a dd 09 45 dd 35 44 61 2f 87 23 2b 22 2a 3d 1b 37
B/SB022.DAT,0x47B0A,0x47B0C,0x47B0C,0x47B1E,0x47B1E,0x19,18,18,0,,medium,none,,00 00 21 00 00 00 01 00 f0 00 19 00 4e 4e 53 28,42 31 4e 28 5b dd 47 7e 1c 61 5a 2f 87 23 86 32 1f 37
B/SB022.DAT,0x47B28,0x47B2A,0x47B2A,0x47B3C,0x47B3C,0x19,18,18,0,,medium,none,,00 00 21 00 00 00 01 00 f0 00 19 00 dd 26 1c dd,4e 4e 53 28 5b cd dd 0e 1c 61 5a 2f 87 23 86 32 1f 37
B/SB022.DAT,0x47B46,0x47B48,0x47B48,0x47B76,0x47B76,0x19,46,46,2,,medium+,none,,00 00 21 00 00 00 01 00 a4 01 19 00 dd 26 1c dd,dd 26 1c dd 2e 25 e6 01 3b 27 46 83 1c dd 93 9a 28 a4 33 1c dd 24 dd 50 23 1e 58 33 32 e6 01 3b 1c 32 2f a0 dd dc 29 21 1b 22 52 88 83 36
B/SB022.DAT,0x47B80,0x47B82,0x47B82,0x47BAD,0x47BAD,0x19,43,43,2,,medium+,none,,00 00 00 21 00 00 00 01 00 a4 01 19 00 dd 26 1c,dd 26 1c dd 2e 25 e6 01 41 2e 23 45 49 dd 5d b5 5f 34 47 62 31 83 23 3d 29 21 e6 01 dd 40 dd 95 23 b5 49 21 dd bd 2d 30 1b 22 37
B/SB022.DAT,0x47BB8,0x47BBA,0x47BBA,0x47BE8,0x47BE8,0x19,46,46,2,,medium+,none,,00 00 21 00 00 00 01 00 a4 01 19 00 dd 26 1c dd,dd 26 1c dd 2e 25 e6 01 2e 1c 27 27 30 28 5f 34 47 62 31 36 dd c3 23 e6 01 52 88 38 2e 1c ce dd 12 20 33 dd 28 46 de 45 22 30 3f 55 26 37
B/SB022.DAT,0x47BF2,0x47BF4,0x47BF4,0x47C29,0x47C29,0x19,53,53,3,,medium+,none,,00 00 00 21 00 00 00 01 00 a4 01 19 00 dd 26 1c,dd 26 1c dd 2e 25 e6 01 42 31 4e 3d 24 dd a7 1f 61 2f dd 33 1b e6 01 de 08 1c dd 99 88 36 61 2f 3f 43 59 e6 01 52 dd 06 2f a9 de 2a 20 59 6d 4b
B/SB022.DAT,0x47C34,0x47C36,0x47C36,0x47C65,0x47C65,0x19,47,47,3,,medium+,none,,00 00 00 21 00 00 00 01 00 a4 01 19 00 dd 26 1c,dd 26 1c dd 2e 25 e6 01 41 1e 21 4e 4e 53 3d e6 01 3b 27 46 28 2e 32 3d 39 24 ce dd 12 20 33 36 4a 22 e6 01 5c 71 dd 39 dd 03 53 23 dd ab 39
B/SB022.DAT,0x47C70,0x47C72,0x47C72,0x47C97,0x47C97,0x19,37,37,2,,medium+,none,,00 00 00 21 00 00 00 01 00 a4 01 1b 00 01 00 00,dd 26 1c dd 2e 25 e6 01 ac dd 3d 51 1f dd 70 1c 61 2f dd 5a 51 e6 01 42 31 4e 2f dd 1e 39 de 10 46 22 1c 35 37
B/SB022.DAT,0x47D48,0x47D4A,0x47D4A,0x47D84,0x47D84,0x19,58,58,3,,medium+,none,,00 00 21 00 00 00 01 00 a4 01 04 00 11 00 88 00,90 1c 4d 4f 25 e6 01 de 4a 2d 30 3b 22 3d 26 4a 48 1d 37 e6 01 43 44 27 46 1f 7e 23 28 a4 dd d6 38 61 2f dd 3f 46 22 37 e6 01 43 1e 33 4d 4f 36
B/SB022.DAT,0x47D9C,0x47D9E,0x47D9E,0x47DC4,0x47DC4,0x19,38,38,2,,medium+,none,,00 00 21 00 00 00 01 00 a4 01 04 00 13 00 8a 00,b8 1c 4d 4f 25 e6 01 3f 2d 1f 83 2f a0 21 21 52 88 2f dd d9 1e a0 dd 85 1e 1f 3d e6 01 2a 2d 58 2d 1d 3a 1b 3d 37
B/SB022.DAT,0x47DDC,0x47DDE,0x47DDE,0x47E17,0x47E17,0x19,57,57,3,,medium+,none,,00 00 00 21 00 00 00 01 00 a4 01 04 00 12 00 89,c1 1c 4d 4f 25 e6 01 3a 21 24 2e 32 20 33 2a 92 dd 42 1c c7 4c 2d 89 4a 48 37 e6 01 43 1e 33 38 dd 08 de 8c dd 53 23 87 2f 20 2b 37 e6 01 de ce
B/SB022.DAT,0x47E30,0x47E32,0x47E32,0x47E6A,0x47E6A,0x19,56,56,3,,medium+,none,,00 00 21 00 00 00 01 00 a4 01 04 00 14 00 8b 00,dd 0a 1c 4d 4f 25 e6 01 c8 2e 41 24 3b ae 83 1c 91 dd 61 30 3f 22 24 e6 01 5b 52 88 1c a4 33 1c de 80 4b 2f c7 2b dd 47 a9 5a e6 01 2f a0 59 21
B/SB022.DAT,0x47E82,0x47E84,0x47E84,0x47EB9,0x47EB9,0x19,53,53,1,,medium+,none,,00 00 00 21 00 00 00 01 00 a4 01 19 00 dd 0c 1c,dd 0c 1c 4d 4f 25 e6 01 42 31 4e 24 de 43 28 dd e8 1c dd 27 4a 1f dd 75 39 1c 52 88 35 29 1f 30 38 88 de 1d 29 1f dd 52 2f dd bd 2d 30 1b 22 52
B/SB022.DAT,0x47EC4,0x47EC6,0x47EC6,0x47EF3,0x47EF3,0x19,45,45,2,,medium+,none,,00 00 00 21 00 00 00 01 00 a4 01 19 00 dd 26 1c,dd 0c 1c 4d 4f 25 e6 01 41 32 2f c7 59 22 1c 28 de 43 1f 4b 1e 20 1b 1d 1b 37 e6 01 2b 58 33 1e 1b dd 93 9a 2f de 17 98 1e 21 22 3d 37
B/SB022.DAT,0x47EFE,0x47F00,0x47F00,0x47F25,0x47F25,0x19,37,37,2,,medium+,none,,00 00 00 21 00 00 00 01 00 68 01 1b 00 01 00 00,dd 26 1c dd 2e 25 e6 01 3a 3f 24 dd 04 3e 2a 3d 1b 37 e6 01 dd 93 9a 28 3b ae 83 2a dd aa 39 dd e0 3e 1c 35 37
B/SB031.DAT,0x500B2,0x500B4,0x500B4,0x500CB,0x500CB,0x19,23,23,0,,medium,none,,00 00 00 2f 00 02 00 53 03 21 00 00 00 01 00 2c,32 27 28 24 40 65 6b 1b 8a dd 40 5e dd 64 2a 25 dd ee 45 c0 2c 26 1d
B/SB031.DAT,0x5011C,0x5011E,0x5011E,0x50156,0x50156,0x19,56,56,0,,medium,none,,00 00 21 00 00 00 01 00 68 01 19 00 de b3 1b c4,de b3 1b c4 dd d3 e6 00 de 9f dd 48 2e dd 70 de 44 ba 1b dd c8 01 1b 32 6f dd ce de 3f 20 50 20 1f 1d 35 35 25 3f 2d 1b 2b 24 2a 62 22 40 65 6b
B/SB031.DAT,0x50160,0x50162,0x50162,0x50186,0x50186,0x19,36,36,0,,medium,none,,00 00 21 00 00 00 01 00 68 01 19 00 de b3 1b c4,de b3 1b c4 dd d3 e6 00 dd 30 22 2e df 15 21 01 21 dc dd 11 24 3d 21 22 dd 30 22 2e dd 26 2d ba 1b 53 33 1d
B/SB031.DAT,0x50190,0x50192,0x50192,0x501C2,0x501C2,0x19,48,48,0,,medium,none,,00 00 21 00 00 00 01 00 68 01 19 00 de b3 1b c4,de b3 1b c4 dd d3 e6 00 21 2a 21 40 65 6b 52 5b 2b 24 de 96 de e7 2e 01 57 2d 31 5e 25 3d 1b dd 11 2e dd 8e 36 53 2e de 77 2c 22 21 30 2c 26 1d
B/SB031.DAT,0x501CC,0x501CE,0x501CE,0x50206,0x50206,0x19,56,56,0,,medium,none,,00 00 21 00 00 00 01 00 68 01 19 00 de b3 1b c4,de b3 1b c4 dd d3 e6 00 de 04 de 45 de 47 1b dd 22 25 3f 2d dd da 39 2b 3a 20 46 5e 24 35 35 30 2f 1b de 35 01 2e de 1f 3e 01 4d 24 86 bd 48 24
B/SB031.DAT,0x50210,0x50212,0x50212,0x5022F,0x5022F,0x19,29,29,0,,medium,none,,00 00 00 21 00 00 00 01 00 68 01 19 00 de b3 1b,de b3 1b c4 dd d3 e6 00 de 35 21 6c de d3 bf 21 22 77 26 32 27 28 40 65 83 de 6f 33 1d
B/SB031.DAT,0x5023A,0x5023C,0x5023C,0x5025E,0x5025E,0x19,34,34,0,,medium,none,,00 00 21 00 00 00 01 00 68 01 1b 00 01 00 00 00,de b3 1b c4 dd d3 e6 00 3d 21 22 dd 30 22 1b df 15 3a 2d dd 11 2e dd 40 2c 26 52 5b 26 5e 20 1b 33 1d
B/SB031.DAT,0x50284,0x50286,0x50286,0x502A3,0x502A3,0x19,29,29,0,,medium,none,,00 00 00 21 00 00 00 01 00 f0 00 1b 00 01 00 00,de b3 1b c4 dd d3 e6 00 43 3f 83 37 29 dd 40 62 dd 2b 48 53 2e 9a 25 3a 2d 29 42 1f 1d
B/SB031.DAT,0x502D0,0x502D2,0x502D2,0x502E1,0x502E1,0x19,15,15,0,,medium,none,,00 00 00 21 00 00 00 01 00 f0 00 19 00 28 28 44,32 27 28 2b dd 8b 88 1b 53 2e 9a 25 a1 36 26
B/SB031.DAT,0x502EC,0x502EE,0x502EE,0x502FD,0x502FD,0x19,15,15,0,,medium,none,,00 00 00 21 00 00 00 01 00 f0 00 19 00 de b3 1b,28 28 44 2b dd 31 ad 1b 53 2e 9a 25 a1 36 26
B/SB031.DAT,0x50308,0x5030A,0x5030A,0x50331,0x50331,0x19,39,39,0,,medium,none,,00 00 00 21 00 00 00 01 00 68 01 19 00 de b3 1b,de b3 1b c4 dd d3 e6 00 35 1b 89 97 2b 83 37 1b b3 d4 33 45 25 21 63 37 36 24 01 2e 86 de 77 2c 22 1f 2d 52 5b 6b 39
B/SB031.DAT,0x5033C,0x5033E,0x5033E,0x50367,0x50367,0x19,41,41,0,,medium,none,,00 00 00 21 00 00 00 01 00 68 01 19 00 de b3 1b,de b3 1b c4 dd d3 e6 00 3d 35 25 62 45 dd 07 dc 6a 3b 4a 5f 27 6b 25 42 2c 22 de 9f dd 48 25 dc 45 22 de 1d 34 2f 1f 2d 1d
B/SB031.DAT,0x50372,0x50374,0x50374,0x5039F,0x5039F,0x19,43,43,0,,medium,none,,00 00 00 21 00 00 00 01 00 68 01 19 00 de b3 1b,de b3 1b c4 dd d3 e6 00 35 1b 30 30 2f 2b 6a 3b 4a 5f 27 39 dd c7 25 52 5b 38 35 1b 89 97 2a 37 dd 33 4d de 80 2d 2f 3f 55 31 1d
B/SB031.DAT,0x503AA,0x503AC,0x503AC,0x503D8,0x503D8,0x19,44,44,0,,medium,none,,00 00 21 00 00 00 01 00 68 01 19 00 de b3 1b c4,de b3 1b c4 dd d3 e6 00 32 27 28 42 dd 52 26 53 2e cf 1f de 67 1b dd b4 5b 39 01 53 21 24 52 93 2e 8a dd b0 2a 5d dd 2f 3c 1b 33 1d
B/SB031.DAT,0x503E2,0x503E4,0x503E4,0x50409,0x50409,0x19,37,37,0,,medium,none,,00 00 00 21 00 00 00 01 00 68 01 19 00 de b3 1b,de b3 1b c4 dd d3 e6 00 3d 21 22 28 28 44 42 24 40 65 2b 35 36 42 3e 01 49 2d 51 b2 dd 29 dd 14 44 25 dd f2 3e
B/SB031.DAT,0x50414,0x50416,0x50416,0x50437,0x50437,0x19,33,33,0,,medium,none,,00 00 00 21 00 00 00 01 00 68 01 1b 00 01 00 00,de b3 1b c4 dd d3 e6 00 b6 01 75 26 dd 8d 1b dd d4 de c9 01 2e dd e7 3e 3d 35 2e dd 26 2d 1b 33 1d
B/SB031.DAT,0x5045E,0x50460,0x50460,0x5049B,0x5049B,0x19,59,59,0,,medium,none,,00 00 00 21 00 00 00 01 00 68 01 04 00 11 00 88,61 1b 4e 4f dd d3 e6 00 de 38 34 2f 40 2d 42 31 49 47 20 1d 40 1b 36 2e 46 48 30 4d 26 88 25 2b 83 dd 3e 38 53 2e dd ae 4d 2d 1d 46 21 37 4e 4f
B/SB031.DAT,0x504B4,0x504B6,0x504B6,0x504DC,0x504DC,0x19,38,38,0,,medium,none,,00 00 21 00 00 00 01 00 68 01 04 00 13 00 8a 00,aa 1b 4e 4f dd d3 e6 00 3f 34 26 6b 2e 86 22 22 52 5b 2e dd 78 21 86 de 19 21 26 42 1d 29 34 63 34 20 43 1f 42 1d
B/SB031.DAT,0x504F4,0x504F6,0x504F6,0x5052B,0x5052B,0x19,53,53,0,,medium,none,,00 00 00 21 00 00 00 01 00 68 01 04 00 12 00 89,b7 1b 4e 4f dd d3 e6 00 43 22 24 35 36 2a 37 29 dd 0c dd 04 1b c5 01 99 49 47 1d 46 21 37 38 dd 30 de 54 dd 3c 25 9a 2e 01 3a 1d dd e6 94 25 de
B/SB031.DAT,0x50544,0x50546,0x50546,0x50579,0x50579,0x19,51,51,0,,medium,none,,00 00 00 21 00 00 00 01 00 68 01 04 00 14 00 8b,dd 09 1b 4e 4f dd d3 e6 00 9e 35 3d 24 40 65 6b 1b 7b dd 4e 2f 3f 2d 1c 52 5b 1b 83 37 1b de 87 5e 2e c5 3a dd 8b 8a 1e 2e 86 5d 22 38 37 31 ab
B/SB031.DAT,0x50592,0x50594,0x50594,0x505D1,0x505D1,0x19,61,61,0,,medium,none,,00 00 00 21 00 00 00 01 00 68 01 19 00 b9 1b 4e,b9 1b 4e 4f dd d3 e6 00 32 27 28 24 dd 61 2b dd 6f 1b c9 49 26 dd 57 3e 1b 52 5b 33 2c 26 1d 2f 38 35 31 21 22 2d 5b 25 38 5b dd 83 2c 26 dd 0e
B/SB031.DAT,0x505DC,0x505DE,0x505DE,0x50609,0x50609,0x19,43,43,0,,medium,none,,00 00 00 21 00 00 00 01 00 68 01 19 00 de b3 1b,b9 1b 4e 4f dd d3 e6 00 3d 36 2e c5 5d 2d 1b 2b dd 61 26 5e 21 2a 1f 20 1f 1d 3a 63 37 21 1f de 09 77 2e de 83 95 21 22 2d 42 1d
B/SB031.DAT,0x50614,0x50616,0x50616,0x50636,0x50636,0x19,32,32,0,,medium,none,,00 00 21 00 00 00 01 00 2c 01 1b 00 01 00 00 00,de b3 1b c4 dd d3 43 3f 24 db 3c 29 42 1f 1d de 09 77 2b 40 65 6b 29 dd ea 3e dd 80 3c 1b 33 1d
B/SB041.DAT,0x47982,0x47984,0x47984,0x47990,0x47990,0x17,12,12,0,,medium,none,,00 00 21 00 00 00 01 00 5a 00 2f 00 04 00 d2 00,02 00 8e dd 2d 6e 35 29 21 2d 35 02
B/SB041.DAT,0x479D8,0x479DA,0x479DA,0x479E3,0x479E3,0x17,9,9,0,,medium,none,,00 00 00 21 00 00 00 01 00 5a 00 0f 00 02 00 04,04 00 dd 5b 27 29 1f 20 37
B/SB041.DAT,0x479F4,0x479F6,0x479F6,0x479FB,0x479FB,0x17,5,5,0,,medium,none,,00 00 00 21 00 00 00 01 00 5a 00 1b 00 01 00 00,03 00 46 29 3c
B/SB041.DAT,0x47AA8,0x47AAA,0x47AAA,0x47ABC,0x47ABC,0x19,18,18,0,0x47AA2,high,none,,00 00 21 00 05 00 00 00 1b 00 01 00 00 00 1b 00,3a a1 24 41 32 6a 32 1c b6 ac 2f dd 1f 1f 2b 1c 35 37
B/SB041.DAT,0x47AEC,0x47AEE,0x47AEE,0x47B05,0x47B05,0x19,23,23,0,0x47AE6,high,none,,00 00 00 21 00 05 00 00 00 1b 00 01 00 00 00 1b,42 31 4e 28 26 6d 8a dd 01 20 1b 24 ce dd 12 8a dd 72 99 dd 36 21 37
B/SB041.DAT,0x47B20,0x47B22,0x47B22,0x47B44,0x47B44,0x19,34,34,1,0x47B1A,high,none,,00 00 21 00 00 00 01 00 78 00 1b 00 01 00 02 00,4e 4e 53 28 36 4a 22 5c 71 dd 39 dd 03 53 23 86 39 24 e6 01 dd 47 7e 42 31 4e 2f 3a 3a 46 22 1c 35 37
B/SB041.DAT,0x47B78,0x47B7A,0x47B7A,0x47B91,0x47B91,0x17,23,23,0,,medium,none,,00 00 00 21 00 00 00 01 00 78 00 1b 00 01 00 00,02 00 2e 1c 27 27 4a 48 ad 83 38 df 59 6d dd 5d 27 32 4b 27 26 a7 02
B/SB071.DAT,0x47B1A,0x47B1C,0x47B1C,0x47B29,0x47B29,0x19,13,13,0,,medium,none,,00 00 00 07 00 01 00 37 00 06 00 18 00 1c 00 af,97 00 26 00 39 00 19 00 9b 00 26 00 2a
B/SB072.DAT,0x47B6E,0x47B70,0x47B70,0x47B7D,0x47B7D,0x19,13,13,0,,medium,none,,00 00 00 07 00 01 00 37 00 06 00 18 00 1c 00 d9,c1 00 26 00 39 00 19 00 c5 00 26 00 2a
B/SB072.DAT,0x47EBA,0x47EBC,0x47EBC,0x47EC6,0x47EC6,0x17,10,10,0,,medium,none,,00 00 21 00 00 00 01 00 3c 00 17 00 00 00 df 61,03 00 2e 32 28 df 61 df 61 37
B/SB072.DAT,0x47F1C,0x47F1E,0x47F1E,0x47F44,0x47F44,0x19,38,38,2,0x47F16,high,none,,00 00 21 00 05 00 00 00 1b 00 01 00 00 00 1b 00,50 8b 25 e6 01 54 26 40 33 5b cd dd 1a 5a 2f 87 23 86 32 1f 3d 26 35 1d e6 01 79 dd f3 de 50 24 79 dd f3 de 50 37
B/SB072.DAT,0x47F7A,0x47F7C,0x47F7C,0x47F83,0x47F83,0x17,7,7,0,0x47F74,high,none,,00 00 00 21 00 05 00 00 00 1b 00 01 00 00 00 1b,02 00 44 3a 27 29 02
B/SB072.DAT,0x47FEA,0x47FEC,0x47FEC,0x4800A,0x4800A,0x19,30,30,2,0x47FE4,high,none,,00 00 21 00 05 00 00 00 1b 00 01 00 01 00 1b 00,50 8b 25 e6 01 df 1a df 48 2f dd 86 dd 35 55 02 e6 01 5b cd dd 1a 5a 2a 3f 22 28 8c 35 37
B/SB072.DAT,0x480F4,0x480F6,0x480F6,0x48101,0x48101,0x19,11,11,1,0x480EE,high,none,,00 00 00 21 00 05 00 00 00 1b 00 01 00 01 00 1b,66 68 25 e6 01 3f 39 27 1e 1f 37
B/SB072.DAT,0x48132,0x48134,0x48134,0x48149,0x48149,0x19,21,21,1,0x4812C,high,none,,00 00 00 21 00 05 00 00 00 1b 00 01 00 01 00 1b,50 8b 25 e6 01 3d 1e 24 2e 1b 45 33 2f dd b3 44 dd 36 21 55 02
B/SB072.DAT,0x48198,0x4819A,0x4819A,0x481BB,0x481BB,0x17,33,33,0,0x48192,high,none,,00 00 00 21 00 05 00 00 00 1b 00 01 00 01 00 1b,02 00 40 32 22 38 2d 1d 33 40 29 21 6d 40 2a 32 02 21 51 46 33 38 1f 35 4a 48 de e2 27 4c c0 6a 02
B/SB072.DAT,0x48266,0x48268,0x48268,0x48299,0x48299,0x19,49,49,3,0x48260,high,none,,00 00 00 21 00 05 00 00 00 1b 00 01 00 01 00 1b,50 8b 25 e6 01 41 32 2a 3d 20 55 26 37 e6 01 43 32 33 28 5c 71 dd 39 dd 03 53 1c dd 0b 52 1c cc 2f e6 01 54 26 23 30 38 30 44 22 1c 35 20 33 1d
B/SB072.DAT,0x482CA,0x482CC,0x482CC,0x482E5,0x482E5,0x19,25,25,1,0x482C4,high,none,,00 00 00 21 00 05 00 00 00 1b 00 01 00 01 00 1b,50 8b 25 e6 01 dd 47 7e 36 21 24 dd 0e dd d8 1c cc 28 50 dd aa 35 55 26 37
B/SB072.DAT,0x4831E,0x48320,0x48320,0x48330,0x48330,0x19,16,16,1,0x48318,high,none,,00 00 21 00 05 00 00 00 1b 00 01 00 01 00 1b 00,50 8b 25 e6 01 28 29 28 29 28 29 28 29 28 29 37
B/SB081.DAT,0x46A1A,0x46A1C,0x46A1C,0x46A29,0x46A29,0x17,13,13,0,,medium,none,,00 00 00 0e 00 2b 00 03 00 26 00 00 00 27 00 ff,28 00 14 01 23 00 25 00 31 01 20 00 25
B/SB081.DAT,0x46C16,0x46C18,0x46C18,0x46C25,0x46C25,0x17,13,13,0,,medium,none,,00 00 00 0e 00 2b 00 03 00 26 00 00 00 27 00 ff,28 00 12 02 23 00 25 00 2f 02 20 00 25
B/SB081.DAT,0x47594,0x47596,0x47598,0x4759F,0x4759F,0x17,9,7,0,,medium,control_0100,01 00,00 00 00 0e 00 2b 00 03 00 26 00 00 00 27 00 ff,01 00 25 00 1a 00 1e 00 25
C1/SC011.DAT,0x46E44,0x46E46,0x46E48,0x46E64,0x46E64,0x17,30,28,2,0x46E3E,high,control_0100,01 00,00 00 21 00 06 00 04 00 05 00 02 00 00 00 01 00,01 00 63 93 23 1d 22 3d 37 1b 1b 1c 3c e6 01 e5 03 28 1b e6 01 e5 03 40 29 75 39 40 51 22
C1/SC011.DAT,0x46EA6,0x46EA8,0x46EA8,0x46EC7,0x46EC7,0x17,31,31,2,0x46EA0,high,none,,00 00 00 21 00 06 00 04 00 05 00 02 00 00 00 01,02 00 40 22 a7 37 38 4b 55 2d 1b 1b 3d 1d e6 01 e5 03 28 1b e6 01 e5 03 40 29 75 39 40 51 22
C1/SC011.DAT,0x46F0A,0x46F0C,0x46F0C,0x46F2D,0x46F2D,0x17,33,33,2,0x46F04,high,none,,00 00 00 21 00 06 00 04 00 05 00 02 00 00 00 01,03 00 63 93 23 1d 22 49 54 24 1b 1b 1c 20 1d 3c e6 01 e5 03 28 1b e6 01 e5 03 40 29 75 39 40 51 22
C1/SC011.DAT,0x46F70,0x46F72,0x46F72,0x46F91,0x46F91,0x17,31,31,2,0x46F6A,high,none,,00 00 00 21 00 06 00 04 00 05 00 02 00 00 00 01,04 00 63 93 23 1d 22 2a 1b 1b 1c 20 1d 3c e6 01 e5 03 28 1b e6 01 e5 03 40 29 75 39 40 51 22
C1/SC011.DAT,0x47030,0x47032,0x47032,0x4704C,0x4704C,0x17,26,26,2,0x4702A,high,none,,00 00 21 00 06 00 04 00 05 00 02 00 00 00 01 00,07 00 54 26 1e 3d 26 20 4c e6 01 e5 03 40 22 e6 01 e5 03 40 29 75 39 40 51 22
C1/SC011.DAT,0x47248,0x4724A,0x4724C,0x4727D,0x4727D,0x17,51,49,0,,medium,control_0100,01 00,00 00 00 0e 00 2b 00 03 00 26 00 00 00 27 00 ff,01 00 25 00 1a 00 1e 00 2b 00 0f 00 26 00 01 00 2d 00 16 00 28 00 3e 05 23 00 2b 00 10 00 26 00 01 00 2d 00 17 00 28 00 3e 05 23 00 25 00 5b 05
C1/SC011.DAT,0x47444,0x47446,0x47448,0x47479,0x47479,0x17,51,49,0,,medium,control_0100,01 00,00 00 00 0e 00 2b 00 03 00 26 00 00 00 27 00 ff,01 00 25 00 1a 00 1e 00 2b 00 0f 00 26 00 01 00 2d 00 16 00 28 00 3c 06 23 00 2b 00 10 00 26 00 01 00 2d 00 17 00 28 00 3c 06 23 00 25 00 59 06
C1/SC011.DAT,0x47DE8,0x47DEA,0x47DEC,0x47DF3,0x47DF3,0x17,9,7,0,,medium,control_0100,01 00,00 00 00 0e 00 2b 00 03 00 26 00 00 00 27 00 ff,01 00 25 00 1a 00 1e 00 25
C1/SC011.DAT,0x48DE6,0x48DE8,0x48DE8,0x48DF6,0x48DF6,0x17,14,14,0,0x48DE0,high,none,,00 00 21 00 05 00 00 00 1b 00 01 00 00 00 1b 00,02 00 3b 32 38 1f 1f 20 29 21 40 55 26 20
C1/SC021.DAT,0x46E44,0x46E46,0x46E48,0x46E64,0x46E64,0x17,30,28,2,0x46E3E,high,control_0100,01 00,00 00 21 00 06 00 04 00 05 00 02 00 00 00 01 00,01 00 63 93 23 1d 22 3d 37 1b 1b 1c 3c e6 01 e5 03 28 1b e6 01 e5 03 40 29 75 39 40 51 22
C1/SC021.DAT,0x46EA6,0x46EA8,0x46EA8,0x46EC7,0x46EC7,0x17,31,31,2,0x46EA0,high,none,,00 00 00 21 00 06 00 04 00 05 00 02 00 00 00 01,02 00 40 22 a7 37 38 4b 55 2d 1b 1b 3d 1d e6 01 e5 03 28 1b e6 01 e5 03 40 29 75 39 40 51 22
C1/SC021.DAT,0x46F0A,0x46F0C,0x46F0C,0x46F2D,0x46F2D,0x17,33,33,2,0x46F04,high,none,,00 00 00 21 00 06 00 04 00 05 00 02 00 00 00 01,03 00 63 93 23 1d 22 49 54 24 1b 1b 1c 20 1d 3c e6 01 e5 03 28 1b e6 01 e5 03 40 29 75 39 40 51 22
C1/SC021.DAT,0x46F70,0x46F72,0x46F72,0x46F91,0x46F91,0x17,31,31,2,0x46F6A,high,none,,00 00 00 21 00 06 00 04 00 05 00 02 00 00 00 01,04 00 63 93 23 1d 22 2a 1b 1b 1c 20 1d 3c e6 01 e5 03 28 1b e6 01 e5 03 40 29 75 39 40 51 22
C1/SC021.DAT,0x47030,0x47032,0x47032,0x4704C,0x4704C,0x17,26,26,2,0x4702A,high,none,,00 00 21 00 06 00 04 00 05 00 02 00 00 00 01 00,07 00 54 26 1e 3d 26 20 4c e6 01 e5 03 40 22 e6 01 e5 03 40 29 75 39 40 51 22
C1/SC021.DAT,0x47248,0x4724A,0x4724C,0x4727D,0x4727D,0x17,51,49,0,,medium,control_0100,01 00,00 00 00 0e 00 2b 00 03 00 26 00 00 00 27 00 ff,01 00 25 00 1a 00 1e 00 2b 00 0f 00 26 00 01 00 2d 00 16 00 28 00 3e 05 23 00 2b 00 10 00 26 00 01 00 2d 00 17 00 28 00 3e 05 23 00 25 00 5b 05
C1/SC021.DAT,0x47444,0x47446,0x47448,0x47479,0x47479,0x17,51,49,0,,medium,control_0100,01 00,00 00 00 0e 00 2b 00 03 00 26 00 00 00 27 00 ff,01 00 25 00 1a 00 1e 00 2b 00 0f 00 26 00 01 00 2d 00 16 00 28 00 3c 06 23 00 2b 00 10 00 26 00 01 00 2d 00 17 00 28 00 3c 06 23 00 25 00 59 06
C1/SC021.DAT,0x47DE8,0x47DEA,0x47DEC,0x47DF3,0x47DF3,0x17,9,7,0,,medium,control_0100,01 00,00 00 00 0e 00 2b 00 03 00 26 00 00 00 27 00 ff,01 00 25 00 1a 00 1e 00 25
C1/SC031.DAT,0x46E44,0x46E46,0x46E48,0x46E64,0x46E64,0x17,30,28,2,0x46E3E,high,control_0100,01 00,00 00 21 00 06 00 04 00 05 00 02 00 00 00 01 00,01 00 63 93 23 1d 22 3d 37 1b 1b 1c 3c e6 01 e5 03 28 1b e6 01 e5 03 40 29 75 39 40 51 22
C1/SC031.DAT,0x46EA6,0x46EA8,0x46EA8,0x46EC7,0x46EC7,0x17,31,31,2,0x46EA0,high,none,,00 00 00 21 00 06 00 04 00 05 00 02 00 00 00 01,02 00 40 22 a7 37 38 4b 55 2d 1b 1b 3d 1d e6 01 e5 03 28 1b e6 01 e5 03 40 29 75 39 40 51 22
C1/SC031.DAT,0x46F0A,0x46F0C,0x46F0C,0x46F2D,0x46F2D,0x17,33,33,2,0x46F04,high,none,,00 00 00 21 00 06 00 04 00 05 00 02 00 00 00 01,03 00 63 93 23 1d 22 49 54 24 1b 1b 1c 20 1d 3c e6 01 e5 03 28 1b e6 01 e5 03 40 29 75 39 40 51 22
C1/SC031.DAT,0x46F70,0x46F72,0x46F72,0x46F91,0x46F91,0x17,31,31,2,0x46F6A,high,none,,00 00 00 21 00 06 00 04 00 05 00 02 00 00 00 01,04 00 63 93 23 1d 22 2a 1b 1b 1c 20 1d 3c e6 01 e5 03 28 1b e6 01 e5 03 40 29 75 39 40 51 22
C1/SC031.DAT,0x47030,0x47032,0x47032,0x4704C,0x4704C,0x17,26,26,2,0x4702A,high,none,,00 00 21 00 06 00 04 00 05 00 02 00 00 00 01 00,07 00 54 26 1e 3d 26 20 4c e6 01 e5 03 40 22 e6 01 e5 03 40 29 75 39 40 51 22
C1/SC031.DAT,0x47248,0x4724A,0x4724C,0x4727D,0x4727D,0x17,51,49,0,,medium,control_0100,01 00,00 00 00 0e 00 2b 00 03 00 26 00 00 00 27 00 ff,01 00 25 00 1a 00 1e 00 2b 00 0f 00 26 00 01 00 2d 00 16 00 28 00 3e 05 23 00 2b 00 10 00 26 00 01 00 2d 00 17 00 28 00 3e 05 23 00 25 00 5b 05
C1/SC031.DAT,0x47444,0x47446,0x47448,0x47479,0x47479,0x17,51,49,0,,medium,control_0100,01 00,00 00 00 0e 00 2b 00 03 00 26 00 00 00 27 00 ff,01 00 25 00 1a 00 1e 00 2b 00 0f 00 26 00 01 00 2d 00 16 00 28 00 3c 06 23 00 2b 00 10 00 26 00 01 00 2d 00 17 00 28 00 3c 06 23 00 25 00 59 06
C1/SC031.DAT,0x47DE8,0x47DEA,0x47DEC,0x47DF3,0x47DF3,0x17,9,7,0,,medium,control_0100,01 00,00 00 00 0e 00 2b 00 03 00 26 00 00 00 27 00 ff,01 00 25 00 1a 00 1e 00 25
C1/SC041.DAT,0x46E44,0x46E46,0x46E48,0x46E64,0x46E64,0x17,30,28,2,0x46E3E,high,control_0100,01 00,00 00 21 00 06 00 04 00 05 00 02 00 00 00 01 00,01 00 63 93 23 1d 22 3d 37 1b 1b 1c 3c e6 01 e5 03 28 1b e6 01 e5 03 40 29 75 39 40 51 22
C1/SC041.DAT,0x46EA6,0x46EA8,0x46EA8,0x46EC7,0x46EC7,0x17,31,31,2,0x46EA0,high,none,,00 00 00 21 00 06 00 04 00 05 00 02 00 00 00 01,02 00 40 22 a7 37 38 4b 55 2d 1b 1b 3d 1d e6 01 e5 03 28 1b e6 01 e5 03 40 29 75 39 40 51 22
C1/SC041.DAT,0x46F0A,0x46F0C,0x46F0C,0x46F2D,0x46F2D,0x17,33,33,2,0x46F04,high,none,,00 00 00 21 00 06 00 04 00 05 00 02 00 00 00 01,03 00 63 93 23 1d 22 49 54 24 1b 1b 1c 20 1d 3c e6 01 e5 03 28 1b e6 01 e5 03 40 29 75 39 40 51 22
C1/SC041.DAT,0x46F70,0x46F72,0x46F72,0x46F91,0x46F91,0x17,31,31,2,0x46F6A,high,none,,00 00 00 21 00 06 00 04 00 05 00 02 00 00 00 01,04 00 63 93 23 1d 22 2a 1b 1b 1c 20 1d 3c e6 01 e5 03 28 1b e6 01 e5 03 40 29 75 39 40 51 22
C1/SC041.DAT,0x47030,0x47032,0x47032,0x4704C,0x4704C,0x17,26,26,2,0x4702A,high,none,,00 00 21 00 06 00 04 00 05 00 02 00 00 00 01 00,07 00 54 26 1e 3d 26 20 4c e6 01 e5 03 40 22 e6 01 e5 03 40 29 75 39 40 51 22
C1/SC041.DAT,0x47248,0x4724A,0x4724C,0x4727D,0x4727D,0x17,51,49,0,,medium,control_0100,01 00,00 00 00 0e 00 2b 00 03 00 26 00 00 00 27 00 ff,01 00 25 00 1a 00 1e 00 2b 00 0f 00 26 00 01 00 2d 00 16 00 28 00 3e 05 23 00 2b 00 10 00 26 00 01 00 2d 00 17 00 28 00 3e 05 23 00 25 00 5b 05
C1/SC041.DAT,0x47444,0x47446,0x47448,0x47479,0x47479,0x17,51,49,0,,medium,control_0100,01 00,00 00 00 0e 00 2b 00 03 00 26 00 00 00 27 00 ff,01 00 25 00 1a 00 1e 00 2b 00 0f 00 26 00 01 00 2d 00 16 00 28 00 3c 06 23 00 2b 00 10 00 26 00 01 00 2d 00 17 00 28 00 3c 06 23 00 25 00 59 06
C1/SC041.DAT,0x47DE8,0x47DEA,0x47DEC,0x47DF3,0x47DF3,0x17,9,7,0,,medium,control_0100,01 00,00 00 00 0e 00 2b 00 03 00 26 00 00 00 27 00 ff,01 00 25 00 1a 00 1e 00 25
C1/SC051.DAT,0x46E44,0x46E46,0x46E48,0x46E64,0x46E64,0x17,30,28,2,0x46E3E,high,control_0100,01 00,00 00 21 00 06 00 04 00 05 00 02 00 00 00 01 00,01 00 63 93 23 1d 22 3d 37 1b 1b 1c 3c e6 01 e5 03 28 1b e6 01 e5 03 40 29 75 39 40 51 22
C1/SC051.DAT,0x46EA6,0x46EA8,0x46EA8,0x46EC7,0x46EC7,0x17,31,31,2,0x46EA0,high,none,,00 00 00 21 00 06 00 04 00 05 00 02 00 00 00 01,02 00 40 22 a7 37 38 4b 55 2d 1b 1b 3d 1d e6 01 e5 03 28 1b e6 01 e5 03 40 29 75 39 40 51 22
C1/SC051.DAT,0x46F0A,0x46F0C,0x46F0C,0x46F2D,0x46F2D,0x17,33,33,2,0x46F04,high,none,,00 00 00 21 00 06 00 04 00 05 00 02 00 00 00 01,03 00 63 93 23 1d 22 49 54 24 1b 1b 1c 20 1d 3c e6 01 e5 03 28 1b e6 01 e5 03 40 29 75 39 40 51 22
C1/SC051.DAT,0x46F70,0x46F72,0x46F72,0x46F91,0x46F91,0x17,31,31,2,0x46F6A,high,none,,00 00 00 21 00 06 00 04 00 05 00 02 00 00 00 01,04 00 63 93 23 1d 22 2a 1b 1b 1c 20 1d 3c e6 01 e5 03 28 1b e6 01 e5 03 40 29 75 39 40 51 22
C1/SC051.DAT,0x47030,0x47032,0x47032,0x4704C,0x4704C,0x17,26,26,2,0x4702A,high,none,,00 00 21 00 06 00 04 00 05 00 02 00 00 00 01 00,07 00 54 26 1e 3d 26 20 4c e6 01 e5 03 40 22 e6 01 e5 03 40 29 75 39 40 51 22
C1/SC051.DAT,0x47248,0x4724A,0x4724C,0x4727D,0x4727D,0x17,51,49,0,,medium,control_0100,01 00,00 00 00 0e 00 2b 00 03 00 26 00 00 00 27 00 ff,01 00 25 00 1a 00 1e 00 2b 00 0f 00 26 00 01 00 2d 00 16 00 28 00 3e 05 23 00 2b 00 10 00 26 00 01 00 2d 00 17 00 28 00 3e 05 23 00 25 00 5b 05
C1/SC051.DAT,0x47444,0x47446,0x47448,0x47479,0x47479,0x17,51,49,0,,medium,control_0100,01 00,00 00 00 0e 00 2b 00 03 00 26 00 00 00 27 00 ff,01 00 25 00 1a 00 1e 00 2b 00 0f 00 26 00 01 00 2d 00 16 00 28 00 3c 06 23 00 2b 00 10 00 26 00 01 00 2d 00 17 00 28 00 3c 06 23 00 25 00 59 06
C1/SC051.DAT,0x47DE8,0x47DEA,0x47DEC,0x47DF3,0x47DF3,0x17,9,7,0,,medium,control_0100,01 00,00 00 00 0e 00 2b 00 03 00 26 00 00 00 27 00 ff,01 00 25 00 1a 00 1e 00 25
C1/SC061.DAT,0x46E44,0x46E46,0x46E48,0x46E64,0x46E64,0x17,30,28,2,0x46E3E,high,control_0100,01 00,00 00 21 00 06 00 04 00 05 00 02 00 00 00 01 00,01 00 63 93 23 1d 22 3d 37 1b 1b 1c 3c e6 01 e5 03 28 1b e6 01 e5 03 40 29 75 39 40 51 22
C1/SC061.DAT,0x46EA6,0x46EA8,0x46EA8,0x46EC7,0x46EC7,0x17,31,31,2,0x46EA0,high,none,,00 00 00 21 00 06 00 04 00 05 00 02 00 00 00 01,02 00 40 22 a7 37 38 4b 55 2d 1b 1b 3d 1d e6 01 e5 03 28 1b e6 01 e5 03 40 29 75 39 40 51 22
C1/SC061.DAT,0x46F0A,0x46F0C,0x46F0C,0x46F2D,0x46F2D,0x17,33,33,2,0x46F04,high,none,,00 00 00 21 00 06 00 04 00 05 00 02 00 00 00 01,03 00 63 93 23 1d 22 49 54 24 1b 1b 1c 20 1d 3c e6 01 e5 03 28 1b e6 01 e5 03 40 29 75 39 40 51 22
C1/SC061.DAT,0x46F70,0x46F72,0x46F72,0x46F91,0x46F91,0x17,31,31,2,0x46F6A,high,none,,00 00 00 21 00 06 00 04 00 05 00 02 00 00 00 01,04 00 63 93 23 1d 22 2a 1b 1b 1c 20 1d 3c e6 01 e5 03 28 1b e6 01 e5 03 40 29 75 39 40 51 22
C1/SC061.DAT,0x47030,0x47032,0x47032,0x4704C,0x4704C,0x17,26,26,2,0x4702A,high,none,,00 00 21 00 06 00 04 00 05 00 02 00 00 00 01 00,07 00 54 26 1e 3d 26 20 4c e6 01 e5 03 40 22 e6 01 e5 03 40 29 75 39 40 51 22
C1/SC061.DAT,0x47248,0x4724A,0x4724C,0x4727D,0x4727D,0x17,51,49,0,,medium,control_0100,01 00,00 00 00 0e 00 2b 00 03 00 26 00 00 00 27 00 ff,01 00 25 00 1a 00 1e 00 2b 00 0f 00 26 00 01 00 2d 00 16 00 28 00 3e 05 23 00 2b 00 10 00 26 00 01 00 2d 00 17 00 28 00 3e 05 23 00 25 00 5b 05
C1/SC061.DAT,0x47444,0x47446,0x47448,0x47479,0x47479,0x17,51,49,0,,medium,control_0100,01 00,00 00 00 0e 00 2b 00 03 00 26 00 00 00 27 00 ff,01 00 25 00 1a 00 1e 00 2b 00 0f 00 26 00 01 00 2d 00 16 00 28 00 3c 06 23 00 2b 00 10 00 26 00 01 00 2d 00 17 00 28 00 3c 06 23 00 25 00 59 06
C1/SC061.DAT,0x47DE8,0x47DEA,0x47DEC,0x47DF3,0x47DF3,0x17,9,7,0,,medium,control_0100,01 00,00 00 00 0e 00 2b 00 03 00 26 00 00 00 27 00 ff,01 00 25 00 1a 00 1e 00 25
C1/SC071.DAT,0x50042,0x50044,0x50044,0x50067,0x50067,0x17,35,35,0,,medium,none,,00 00 00 23 00 3b 00 1f 00 23 00 2f 00 1e 00 23,1e 00 22 00 0a 00 40 00 22 00 0b 00 02 00 23 00 3b 00 1f 00 23 00 23 00 1e 00 28 00 0a 00 10 00 22 00 0b
C1/SC071.DAT,0x50A7C,0x50A7E,0x50A7E,0x50A8F,0x50A8F,0x17,17,17,0,,medium,none,,00 00 00 2a 00 02 00 0f 00 29 00 02 00 24 00 01,26 00 5b 05 21 00 23 00 02 00 24 00 04 00 32 00 23
C1/SC071.DAT,0x50F54,0x50F56,0x50F56,0x50F85,0x50F85,0x19,47,47,0,,medium,none,,00 00 00 c7 04 3d 00 01 00 c7 04 3d 00 02 00 c7,24 00 02 00 25 00 03 00 26 00 be 07 21 00 22 00 0a 00 40 00 22 00 0b 00 02 00 23 00 3b 00 1f 00 23 00 97 07 1e 00 1d 00 23 00 97 07 1e 00 3d
C1/SC072.DAT,0x50042,0x50044,0x50044,0x50067,0x50067,0x17,35,35,0,,medium,none,,00 00 00 23 00 3b 00 1f 00 23 00 2f 00 1e 00 23,1e 00 22 00 0a 00 40 00 22 00 0b 00 02 00 23 00 3b 00 1f 00 23 00 23 00 1e 00 28 00 0a 00 10 00 22 00 0b
C1/SC072.DAT,0x50A7C,0x50A7E,0x50A7E,0x50A8F,0x50A8F,0x17,17,17,0,,medium,none,,00 00 00 2a 00 02 00 0f 00 29 00 02 00 24 00 01,26 00 5b 05 21 00 23 00 02 00 24 00 04 00 32 00 23
C1/SC072.DAT,0x50F54,0x50F56,0x50F56,0x50F85,0x50F85,0x19,47,47,0,,medium,none,,00 00 00 c7 04 3d 00 01 00 c7 04 3d 00 02 00 c7,24 00 02 00 25 00 03 00 26 00 be 07 21 00 22 00 0a 00 40 00 22 00 0b 00 02 00 23 00 3b 00 1f 00 23 00 97 07 1e 00 1d 00 23 00 97 07 1e 00 3d
C1/SC081.DAT,0x18338,0x1833A,0x1833A,0x18340,0x18340,0x17,6,6,0,,medium,none,,00 00 54 01 05 39 ab a7 5a 7a ff 23 42 9b 29 9a,32 55 55 23 f8 19
C1/SC081.DAT,0x46E44,0x46E46,0x46E48,0x46E64,0x46E64,0x17,30,28,2,0x46E3E,high,control_0100,01 00,00 00 21 00 06 00 04 00 05 00 02 00 00 00 01 00,01 00 63 93 23 1d 22 3d 37 1b 1b 1c 3c e6 01 e5 03 28 1b e6 01 e5 03 40 29 75 39 40 51 22
C1/SC081.DAT,0x46EA6,0x46EA8,0x46EA8,0x46EC5,0x46EC5,0x17,29,29,2,0x46EA0,high,none,,00 00 00 21 00 06 00 04 00 05 00 02 00 00 00 01,02 00 2d 29 24 54 39 48 31 31 31 37 e6 01 e5 03 28 1b e6 01 e5 03 40 29 75 39 40 51 22
C1/SC081.DAT,0x46F08,0x46F0A,0x46F0A,0x46F2A,0x46F2A,0x17,32,32,2,0x46F02,high,none,,00 00 21 00 06 00 04 00 05 00 02 00 00 00 01 00,03 00 de 30 1b 1c 40 35 1d 37 30 38 40 22 3c e6 01 e5 03 28 1b e6 01 e5 03 40 29 75 39 40 51 22
C1/SC081.DAT,0x46F6C,0x46F6E,0x46F6E,0x46F8D,0x46F8D,0x17,31,31,2,0x46F66,high,none,,00 00 00 21 00 06 00 04 00 05 00 02 00 00 00 01,04 00 63 93 23 1d 22 2a 1b 1b 1c 20 1d 3c e6 01 e5 03 28 1b e6 01 e5 03 40 29 75 39 40 51 22
C1/SC081.DAT,0x47242,0x47244,0x47246,0x47277,0x47277,0x17,51,49,0,,medium,control_0100,01 00,00 00 00 0e 00 2b 00 03 00 26 00 00 00 27 00 ff,01 00 25 00 1a 00 1e 00 2b 00 0f 00 26 00 01 00 2d 00 16 00 28 00 3b 05 23 00 2b 00 10 00 26 00 01 00 2d 00 17 00 28 00 3b 05 23 00 25 00 58 05
C1/SC081.DAT,0x4743E,0x47440,0x47442,0x47473,0x47473,0x17,51,49,0,,medium,control_0100,01 00,00 00 00 0e 00 2b 00 03 00 26 00 00 00 27 00 ff,01 00 25 00 1a 00 1e 00 2b 00 0f 00 26 00 01 00 2d 00 16 00 28 00 39 06 23 00 2b 00 10 00 26 00 01 00 2d 00 17 00 28 00 39 06 23 00 25 00 56 06
C1/SC081.DAT,0x47DE2,0x47DE4,0x47DE6,0x47DED,0x47DED,0x17,9,7,0,,medium,control_0100,01 00,00 00 00 0e 00 2b 00 03 00 26 00 00 00 27 00 ff,01 00 25 00 1a 00 1e 00 25
C1/SC091.DAT,0x2004C,0x2004E,0x2004E,0x20054,0x20054,0x17,6,6,0,,medium,none,,00 00 54 01 05 39 ab a7 5a 7a ff 23 42 9b 29 9a,32 55 55 23 f8 19
C1/SC091.DAT,0x46E40,0x46E42,0x46E44,0x46E5B,0x46E5B,0x17,25,23,2,0x46E3A,high,control_0100,01 00,00 00 00 21 00 06 00 04 00 05 00 02 00 00 00 01,01 00 27 20 59 1d 3a 1b e6 01 e5 03 28 1b e6 01 e5 03 40 29 75 39 40 51 22
C1/SC091.DAT,0x46E9E,0x46EA0,0x46EA0,0x46EBD,0x46EBD,0x17,29,29,2,0x46E98,high,none,,00 00 00 21 00 06 00 04 00 05 00 02 00 00 00 01,02 00 dd 4f dd 45 39 48 31 31 31 37 e6 01 e5 03 28 1b e6 01 e5 03 40 29 75 39 40 51 22
C1/SC091.DAT,0x46F5E,0x46F60,0x46F60,0x46F79,0x46F79,0x17,25,25,2,0x46F58,high,none,,00 00 00 21 00 06 00 04 00 05 00 02 00 00 00 01,04 00 1b 1b 1c 20 1d 3c e6 01 e5 03 28 1b e6 01 e5 03 40 29 75 39 40 51 22
C1/SC091.DAT,0x47018,0x4701A,0x4701A,0x47039,0x47039,0x17,31,31,2,0x47012,high,none,,00 00 00 21 00 06 00 04 00 05 00 02 00 00 00 01,07 00 43 1e 48 65 bb 35 2a 24 40 22 20 4c e6 01 e5 03 40 22 e6 01 e5 03 40 29 75 39 40 51 22
C1/SC091.DAT,0x47236,0x47238,0x4723A,0x4726B,0x4726B,0x17,51,49,0,,medium,control_0100,01 00,00 00 00 0e 00 2b 00 03 00 26 00 00 00 27 00 ff,01 00 25 00 1a 00 1e 00 2b 00 0f 00 26 00 01 00 2d 00 16 00 28 00 35 05 23 00 2b 00 10 00 26 00 01 00 2d 00 17 00 28 00 35 05 23 00 25 00 52 05
C1/SC091.DAT,0x47432,0x47434,0x47436,0x47467,0x47467,0x17,51,49,0,,medium,control_0100,01 00,00 00 00 0e 00 2b 00 03 00 26 00 00 00 27 00 ff,01 00 25 00 1a 00 1e 00 2b 00 0f 00 26 00 01 00 2d 00 16 00 28 00 33 06 23 00 2b 00 10 00 26 00 01 00 2d 00 17 00 28 00 33 06 23 00 25 00 50 06
C1/SC091.DAT,0x47DD6,0x47DD8,0x47DDA,0x47DE1,0x47DE1,0x17,9,7,0,,medium,control_0100,01 00,00 00 00 0e 00 2b 00 03 00 26 00 00 00 27 00 ff,01 00 25 00 1a 00 1e 00 25
C2/SC0A1.DAT,0x46EFC,0x46EFE,0x46EFE,0x46F1F,0x46F1F,0x17,33,33,2,0x46EF6,high,none,,00 00 00 21 00 06 00 04 00 05 00 02 00 00 00 01,03 00 63 93 23 1d 22 49 54 24 1b 1b 1c 20 1d 3c e6 01 e5 03 28 1b e6 01 e5 03 40 29 75 39 40 51 22
C2/SC0A1.DAT,0x46F62,0x46F64,0x46F64,0x46F83,0x46F83,0x17,31,31,2,0x46F5C,high,none,,00 00 00 21 00 06 00 04 00 05 00 02 00 00 00 01,04 00 63 93 23 1d 22 2a 1b 1b 1c 20 1d 3c e6 01 e5 03 28 1b e6 01 e5 03 40 29 75 39 40 51 22
C2/SC0A1.DAT,0x47022,0x47024,0x47024,0x4703E,0x4703E,0x17,26,26,2,0x4701C,high,none,,00 00 21 00 06 00 04 00 05 00 02 00 00 00 01 00,07 00 54 26 1e 3d 26 20 4c e6 01 e5 03 40 22 e6 01 e5 03 40 29 75 39 40 51 22
C2/SC0A1.DAT,0x4723A,0x4723C,0x4723E,0x4726F,0x4726F,0x17,51,49,0,,medium,control_0100,01 00,00 00 00 0e 00 2b 00 03 00 26 00 00 00 27 00 ff,01 00 25 00 1a 00 1e 00 2b 00 0f 00 26 00 01 00 2d 00 16 00 28 00 37 05 23 00 2b 00 10 00 26 00 01 00 2d 00 17 00 28 00 37 05 23 00 25 00 54 05
C2/SC0A1.DAT,0x47436,0x47438,0x4743A,0x4746B,0x4746B,0x17,51,49,0,,medium,control_0100,01 00,00 00 00 0e 00 2b 00 03 00 26 00 00 00 27 00 ff,01 00 25 00 1a 00 1e 00 2b 00 0f 00 26 00 01 00 2d 00 16 00 28 00 35 06 23 00 2b 00 10 00 26 00 01 00 2d 00 17 00 28 00 35 06 23 00 25 00 52 06
C2/SC0A1.DAT,0x47DDA,0x47DDC,0x47DDE,0x47DE5,0x47DE5,0x17,9,7,0,,medium,control_0100,01 00,00 00 00 0e 00 2b 00 03 00 26 00 00 00 27 00 ff,01 00 25 00 1a 00 1e 00 25
C2/SC0B1.DAT,0x47A1A,0x47A1C,0x47A1C,0x47A29,0x47A29,0x17,13,13,0,,medium,none,,00 00 00 0e 00 2b 00 03 00 26 00 00 00 27 00 ff,28 00 14 01 23 00 25 00 31 01 20 00 25
C2/SC0B1.DAT,0x47C16,0x47C18,0x47C18,0x47C25,0x47C25,0x17,13,13,0,,medium,none,,00 00 00 0e 00 2b 00 03 00 26 00 00 00 27 00 ff,28 00 12 02 23 00 25 00 2f 02 20 00 25
C2/SC0B1.DAT,0x48594,0x48596,0x48598,0x4859F,0x4859F,0x17,9,7,0,,medium,control_0100,01 00,00 00 00 0e 00 2b 00 03 00 26 00 00 00 27 00 ff,01 00 25 00 1a 00 1e 00 25
C2/SC0B2.DAT,0x47A1A,0x47A1C,0x47A1C,0x47A29,0x47A29,0x17,13,13,0,,medium,none,,00 00 00 0e 00 2b 00 03 00 26 00 00 00 27 00 ff,28 00 14 01 23 00 25 00 31 01 20 00 25
C2/SC0B2.DAT,0x47C16,0x47C18,0x47C18,0x47C25,0x47C25,0x17,13,13,0,,medium,none,,00 00 00 0e 00 2b 00 03 00 26 00 00 00 27 00 ff,28 00 12 02 23 00 25 00 2f 02 20 00 25
C2/SC0B2.DAT,0x48594,0x48596,0x48598,0x4859F,0x4859F,0x17,9,7,0,,medium,control_0100,01 00,00 00 00 0e 00 2b 00 03 00 26 00 00 00 27 00 ff,01 00 25 00 1a 00 1e 00 25
C2/SC0B3.DAT,0x47A1A,0x47A1C,0x47A1C,0x47A29,0x47A29,0x17,13,13,0,,medium,none,,00 00 00 0e 00 2b 00 03 00 26 00 00 00 27 00 ff,28 00 14 01 23 00 25 00 31 01 20 00 25
C2/SC0B3.DAT,0x47C16,0x47C18,0x47C18,0x47C25,0x47C25,0x17,13,13,0,,medium,none,,00 00 00 0e 00 2b 00 03 00 26 00 00 00 27 00 ff,28 00 12 02 23 00 25 00 2f 02 20 00 25
C2/SC0B3.DAT,0x48594,0x48596,0x48598,0x4859F,0x4859F,0x17,9,7,0,,medium,control_0100,01 00,00 00 00 0e 00 2b 00 03 00 26 00 00 00 27 00 ff,01 00 25 00 1a 00 1e 00 25
C2/SC0B4.DAT,0x47A1A,0x47A1C,0x47A1C,0x47A29,0x47A29,0x17,13,13,0,,medium,none,,00 00 00 0e 00 2b 00 03 00 26 00 00 00 27 00 ff,28 00 14 01 23 00 25 00 31 01 20 00 25
C2/SC0B4.DAT,0x47C16,0x47C18,0x47C18,0x47C25,0x47C25,0x17,13,13,0,,medium,none,,00 00 00 0e 00 2b 00 03 00 26 00 00 00 27 00 ff,28 00 12 02 23 00 25 00 2f 02 20 00 25
C2/SC0B4.DAT,0x48594,0x48596,0x48598,0x4859F,0x4859F,0x17,9,7,0,,medium,control_0100,01 00,00 00 00 0e 00 2b 00 03 00 26 00 00 00 27 00 ff,01 00 25 00 1a 00 1e 00 25
C2/SC0B5.DAT,0x47A1A,0x47A1C,0x47A1C,0x47A29,0x47A29,0x17,13,13,0,,medium,none,,00 00 00 0e 00 2b 00 03 00 26 00 00 00 27 00 ff,28 00 14 01 23 00 25 00 31 01 20 00 25
C2/SC0B5.DAT,0x47C16,0x47C18,0x47C18,0x47C25,0x47C25,0x17,13,13,0,,medium,none,,00 00 00 0e 00 2b 00 03 00 26 00 00 00 27 00 ff,28 00 12 02 23 00 25 00 2f 02 20 00 25
C2/SC0B5.DAT,0x48594,0x48596,0x48598,0x4859F,0x4859F,0x17,9,7,0,,medium,control_0100,01 00,00 00 00 0e 00 2b 00 03 00 26 00 00 00 27 00 ff,01 00 25 00 1a 00 1e 00 25
C2/SC0B6.DAT,0x43A1A,0x43A1C,0x43A1C,0x43A29,0x43A29,0x17,13,13,0,,medium,none,,00 00 00 0e 00 2b 00 03 00 26 00 00 00 27 00 ff,28 00 14 01 23 00 25 00 31 01 20 00 25
C2/SC0B6.DAT,0x43C16,0x43C18,0x43C18,0x43C25,0x43C25,0x17,13,13,0,,medium,none,,00 00 00 0e 00 2b 00 03 00 26 00 00 00 27 00 ff,28 00 12 02 23 00 25 00 2f 02 20 00 25
C2/SC0B6.DAT,0x44594,0x44596,0x44598,0x4459F,0x4459F,0x17,9,7,0,,medium,control_0100,01 00,00 00 00 0e 00 2b 00 03 00 26 00 00 00 27 00 ff,01 00 25 00 1a 00 1e 00 25
C2/SC0B6.DAT,0x45C38,0x45C3A,0x45C3A,0x45C46,0x45C46,0x19,12,12,0,0x45C32,high,none,,00 00 21 00 05 00 00 00 1b 00 01 00 00 00 1b 00,3b 51 30 36 26 79 dd 3d 1b 27 2b 02
C2/SC0B6.DAT,0x45CD2,0x45CD4,0x45CD4,0x45D03,0x45D03,0x19,47,47,2,0x45CCC,high,none,,00 00 00 21 00 05 00 00 00 1b 00 01 00 00 00 1b,d5 de 89 9e de d7 12 11 9e 1c c4 23 28 24 e6 01 4b 73 29 36 26 32 1e 1b de 69 de 2b 2a 79 dd 3d 1b 27 2b 37 e6 01 2a 2d 58 29 21 70 3a 1b 37
C2/SC0B6.DAT,0x45D4C,0x45D4E,0x45D4E,0x45D5A,0x45D5A,0x19,12,12,0,0x45D46,high,none,,00 00 21 00 05 00 00 00 1b 00 01 00 00 00 1b 00,3b 51 30 36 26 79 dd 3d 1b 27 2b 02
C2/SC0B6.DAT,0x45DE6,0x45DE8,0x45DE8,0x45E01,0x45E01,0x19,25,25,1,0x45DE0,high,none,,00 00 00 21 00 05 00 00 00 1b 00 01 00 00 00 1b,13 11 9e 27 30 1c 2e 39 e8 21 9e 30 2b 37 e6 01 2a 2d 58 29 21 70 3a 1b 37
C2/SC0B6.DAT,0x45E4A,0x45E4C,0x45E4C,0x45E58,0x45E58,0x19,12,12,0,0x45E44,high,none,,00 00 21 00 05 00 00 00 1b 00 01 00 00 00 1b 00,3b 51 30 36 26 79 dd 3d 1b 27 2b 02
C2/SC0B6.DAT,0x45EE4,0x45EE6,0x45EE6,0x45EFF,0x45EFF,0x19,25,25,1,0x45EDE,high,none,,00 00 00 21 00 05 00 00 00 1b 00 01 00 00 00 1b,15 11 9e 27 30 1c 2e 39 e8 21 9e 30 2b 37 e6 01 2a 2d 58 29 21 70 3a 1b 37
C2/SC0B6.DAT,0x45F48,0x45F4A,0x45F4A,0x45F56,0x45F56,0x19,12,12,0,0x45F42,high,none,,00 00 21 00 05 00 00 00 1b 00 01 00 00 00 1b 00,3b 51 30 36 26 79 dd 3d 1b 27 2b 02
C2/SC0B6.DAT,0x45FE2,0x45FE4,0x45FE4,0x45FFD,0x45FFD,0x19,25,25,1,0x45FDC,high,none,,00 00 00 21 00 05 00 00 00 1b 00 01 00 00 00 1b,19 11 9e 27 30 1c 2e 39 e8 21 9e 30 2b 37 e6 01 2a 2d 58 29 21 70 3a 1b 37
C2/SC0B6.DAT,0x46046,0x46048,0x46048,0x46054,0x46054,0x19,12,12,0,0x46040,high,none,,00 00 21 00 05 00 00 00 1b 00 01 00 00 00 1b 00,3b 51 30 36 26 79 dd 3d 1b 27 2b 02
C2/SC0B6.DAT,0x460E0,0x460E2,0x460E2,0x460FC,0x460FC,0x19,26,26,1,0x460DA,high,none,,00 00 21 00 05 00 00 00 1b 00 01 00 00 00 1b 00,12 13 11 9e 27 30 1c 2e 39 e8 21 9e 30 2b 37 e6 01 2a 2d 58 29 21 70 3a 1b 37
C2/SC0B6.DAT,0x46144,0x46146,0x46146,0x46152,0x46152,0x19,12,12,0,0x4613E,high,none,,00 00 21 00 05 00 00 00 1b 00 01 00 00 00 1b 00,3b 51 30 36 26 79 dd 3d 1b 27 2b 02
C2/SC0B6.DAT,0x461DE,0x461E0,0x461E0,0x461FA,0x461FA,0x19,26,26,1,0x461D8,high,none,,00 00 21 00 05 00 00 00 1b 00 01 00 00 00 1b 00,12 17 11 9e 27 30 1c 2e 39 e8 21 9e 30 2b 37 e6 01 2a 2d 58 29 21 70 3a 1b 37
C2/SC0B6.DAT,0x46242,0x46244,0x46244,0x46250,0x46250,0x19,12,12,0,0x4623C,high,none,,00 00 21 00 05 00 00 00 1b 00 01 00 00 00 1b 00,3b 51 30 36 26 79 dd 3d 1b 27 2b 02
C2/SC0B6.DAT,0x462DC,0x462DE,0x462DE,0x462F8,0x462F8,0x19,26,26,1,0x462D6,high,none,,00 00 21 00 05 00 00 00 1b 00 01 00 00 00 1b 00,13 11 11 9e 27 30 1c 2e 39 e8 21 9e 30 2b 37 e6 01 2a 2d 58 29 21 70 3a 1b 37
C2/SC0B6.DAT,0x46340,0x46342,0x46342,0x4634E,0x4634E,0x19,12,12,0,0x4633A,high,none,,00 00 21 00 05 00 00 00 1b 00 01 00 00 00 1b 00,3b 51 30 36 26 79 dd 3d 1b 27 2b 02
C2/SC0B6.DAT,0x463DA,0x463DC,0x463DC,0x463FF,0x463FF,0x19,35,35,1,0x463D4,high,none,,00 00 00 21 00 05 00 00 00 1b 00 01 00 00 00 1b,12 11 11 11 9e 27 30 1c 2e 39 e8 21 9e 30 2b 37 e6 01 3f 44 33 51 1d 1b 30 24 2a 2d 58 29 21 70 3a 1b 37
C2/SC0B6.DAT,0x46448,0x4644A,0x4644A,0x46456,0x46456,0x19,12,12,0,0x46442,high,none,,00 00 21 00 05 00 00 00 1b 00 01 00 00 00 1b 00,3b 51 30 36 26 79 dd 3d 1b 27 2b 02
C2/SC0B6.DAT,0x4648C,0x4648E,0x4648E,0x464C0,0x464C0,0x19,50,50,2,0x46486,high,none,,00 00 21 00 05 00 00 00 1b 00 01 00 00 00 1b 00,12 11 9e ac 1c d5 de 89 2f 44 4c 2d 1e 21 e6 01 dd 55 6f dd f8 34 5c 2a 79 dd 3d 1b 27 2b 37 e6 01 dd 2a 1c dd da de 2b 20 33 3b de 0a 99 70 3a
C2/SC0B6.DAT,0x464F6,0x464F8,0x464F8,0x4652B,0x4652B,0x19,51,51,3,0x464F0,high,none,,00 00 00 21 00 06 00 04 00 05 00 04 00 00 00 00,e5 03 5b 6d 1d dd 7d 22 dd 1f de 37 5a e6 01 e5 03 5b 50 44 1b dd 41 de 06 5a e6 01 e5 03 5b dd ed 39 1c de ef 5a e6 01 e5 03 5b dd 2c de 49 1c
C2/SC0B6.DAT,0x46570,0x46572,0x46572,0x46584,0x46584,0x19,18,18,0,0x4656A,high,none,,00 00 21 00 05 00 00 00 1b 00 01 00 00 00 1b 00,5b 6d 1d dd 7d 22 dd 1f de 37 5a 2f 87 23 1b 32 1f 37
C2/SC0B6.DAT,0x46608,0x4660A,0x4660A,0x4661A,0x4661A,0x19,16,16,0,0x46602,high,none,,00 00 21 00 05 00 00 00 1b 00 01 00 00 00 1b 00,5b 50 44 1b dd 41 de 06 5a 2f 87 23 1b 32 1f 37
C2/SC0B6.DAT,0x4669E,0x466A0,0x466A0,0x466AF,0x466AF,0x19,15,15,0,0x46698,high,none,,00 00 00 21 00 05 00 00 00 1b 00 01 00 00 00 1b,5b dd ed 39 1c de ef 5a 2f 87 23 1b 32 1f 37
C2/SC0B6.DAT,0x46734,0x46736,0x46736,0x46746,0x46746,0x19,16,16,0,0x4672E,high,none,,00 00 21 00 05 00 00 00 1b 00 01 00 00 00 1b 00,5b dd 2c de 49 1c dd 58 5a 2f 87 23 1b 32 1f 37
C2/SC0B6.DAT,0x467D4,0x467D6,0x467D6,0x467E2,0x467E2,0x19,12,12,0,0x467CE,high,none,,00 00 21 00 05 00 00 00 1b 00 01 00 00 00 1b 00,3b 51 30 36 26 79 dd 3d 1b 27 2b 02
C2/SC0B6.DAT,0x46818,0x4681A,0x4681A,0x4684C,0x4684C,0x19,50,50,2,0x46812,high,none,,00 00 21 00 05 00 00 00 1b 00 01 00 00 00 1b 00,13 11 9e ac 1c d5 de 89 2f 44 4c 2d 1e 21 e6 01 dd 55 6f dd f8 34 5c 2a 79 dd 3d 1b 27 2b 37 e6 01 dd 2a 1c dd da de 2b 20 33 3b de 0a 99 70 3a
C2/SC0B6.DAT,0x46882,0x46884,0x46884,0x468B4,0x468B4,0x19,48,48,3,0x4687C,high,none,,00 00 21 00 06 00 04 00 05 00 04 00 00 00 00 00,e5 03 5b 4b 20 33 1c de 37 5a e6 01 e5 03 5b a3 a2 1c de 37 5a e6 01 e5 03 5b 1b 1c 4b 1c df 0a 1c de 37 5a e6 01 e5 03 5b dd 1b 61 1c df 2b 5a
C2/SC0B6.DAT,0x468F8,0x468FA,0x468FA,0x46909,0x46909,0x19,15,15,0,0x468F2,high,none,,00 00 00 21 00 05 00 00 00 1b 00 01 00 00 00 1b,5b 4b 20 33 1c de 37 5a 2f 87 23 1b 32 1f 37
C2/SC0B6.DAT,0x4698E,0x46990,0x46990,0x4699E,0x4699E,0x19,14,14,0,0x46988,high,none,,00 00 21 00 05 00 00 00 1b 00 01 00 00 00 1b 00,5b a3 a2 1c de 37 5a 2f 87 23 1b 32 1f 37
C2/SC0B6.DAT,0x46A22,0x46A24,0x46A24,0x46A36,0x46A36,0x19,18,18,0,0x46A1C,high,none,,00 00 21 00 05 00 00 00 1b 00 01 00 00 00 1b 00,5b 1b 1c 4b 1c df 0a 1c de 37 5a 2f 87 23 1b 32 1f 37
C2/SC0B6.DAT,0x46ABA,0x46ABC,0x46ABC,0x46ACB,0x46ACB,0x19,15,15,0,0x46AB4,high,none,,00 00 00 21 00 05 00 00 00 1b 00 01 00 00 00 1b,5b dd 1b 61 1c df 2b 5a 2f 87 23 1b 32 1f 37
C2/SC0B6.DAT,0x46B5A,0x46B5C,0x46B5C,0x46B68,0x46B68,0x19,12,12,0,0x46B54,high,none,,00 00 21 00 05 00 00 00 1b 00 01 00 00 00 1b 00,3b 51 30 36 26 79 dd 3d 1b 27 2b 02
C2/SC0B6.DAT,0x46B9E,0x46BA0,0x46BA0,0x46BD2,0x46BD2,0x19,50,50,2,0x46B98,high,none,,00 00 21 00 05 00 00 00 1b 00 01 00 00 00 1b 00,15 11 9e ac 1c d5 de 89 2f 44 4c 2d 1e 21 e6 01 dd 55 6f dd f8 34 5c 2a 79 dd 3d 1b 27 2b 37 e6 01 dd 2a 1c dd da de 2b 20 33 3b de 0a 99 70 3a
C2/SC0B6.DAT,0x46C08,0x46C0A,0x46C0A,0x46C3D,0x46C3D,0x19,51,51,3,0x46C02,high,none,,00 00 00 21 00 06 00 04 00 05 00 04 00 00 00 00,e5 03 5b df 14 1c dd 1e 39 5a e6 01 e5 03 5b bf 1c dd 1e 39 5a e6 01 e5 03 5b dd 1b dd 51 1c bc 31 95 5a e6 01 e5 03 5b 1e 29 de b5 26 1c af 34
C2/SC0B6.DAT,0x46C82,0x46C84,0x46C84,0x46C93,0x46C93,0x19,15,15,0,0x46C7C,high,none,,00 00 00 21 00 05 00 00 00 1b 00 01 00 00 00 1b,5b df 14 1c dd 1e 39 5a 2f 87 23 1b 32 1f 37
C2/SC0B6.DAT,0x46D18,0x46D1A,0x46D1A,0x46D28,0x46D28,0x19,14,14,0,0x46D12,high,none,,00 00 21 00 05 00 00 00 1b 00 01 00 00 00 1b 00,5b bf 1c dd 1e 39 5a 2f 87 23 1b 32 1f 37
C2/SC0B6.DAT,0x46DAC,0x46DAE,0x46DAE,0x46DBF,0x46DBF,0x19,17,17,0,0x46DA6,high,none,,00 00 00 21 00 05 00 00 00 1b 00 01 00 00 00 1b,5b dd 1b dd 51 1c bc 31 95 5a 2f 87 23 1b 32 1f 37
C2/SC0B6.DAT,0x46E44,0x46E46,0x46E46,0x46E59,0x46E59,0x19,19,19,0,0x46E3E,high,none,,00 00 00 21 00 05 00 00 00 1b 00 01 00 00 00 1b,5b 1e 29 de b5 26 1c af 34 67 7c 5a 2f 87 23 1b 32 1f 37
C2/SC0B6.DAT,0x46EE8,0x46EEA,0x46EEA,0x46EF6,0x46EF6,0x19,12,12,0,0x46EE2,high,none,,00 00 21 00 05 00 00 00 1b 00 01 00 00 00 1b 00,3b 51 30 36 26 79 dd 3d 1b 27 2b 02
C2/SC0B6.DAT,0x46F2C,0x46F2E,0x46F2E,0x46F60,0x46F60,0x19,50,50,2,0x46F26,high,none,,00 00 21 00 05 00 00 00 1b 00 01 00 00 00 1b 00,19 11 9e ac 1c d5 de 89 2f 44 4c 2d 1e 21 e6 01 dd 55 6f dd f8 34 5c 2a 79 dd 3d 1b 27 2b 37 e6 01 dd 2a 1c dd da de 2b 20 33 3b de 0a 99 70 3a
C2/SC0B6.DAT,0x4700C,0x4700E,0x4700E,0x47021,0x47021,0x19,19,19,0,0x47006,high,none,,00 00 00 21 00 05 00 00 00 1b 00 01 00 00 00 1b,5b 47 6b 31 dd 55 6f 47 bc 31 95 5a 2f 87 23 1b 32 1f 37
C2/SC0B6.DAT,0x470A6,0x470A8,0x470A8,0x470B9,0x470B9,0x19,17,17,0,0x470A0,high,none,,00 00 00 21 00 05 00 00 00 1b 00 01 00 00 00 1b,5b 42 34 6c dd 3b 5f 7f 31 5a 2f 87 23 1b 32 1f 37
C2/SC0B6.DAT,0x4713E,0x47140,0x47140,0x4714B,0x4714B,0x19,11,11,0,0x47138,high,none,,00 00 00 21 00 05 00 00 00 1b 00 01 00 00 00 1b,5b dd ae 5a 2f 87 23 1b 32 1f 37
C2/SC0B6.DAT,0x471D0,0x471D2,0x471D2,0x471E0,0x471E0,0x19,14,14,0,0x471CA,high,none,,00 00 21 00 05 00 00 00 1b 00 01 00 00 00 1b 00,5b 77 34 80 57 47 5a 2f 87 23 1b 32 1f 37
C2/SC0B6.DAT,0x4726E,0x47270,0x47270,0x4727C,0x4727C,0x19,12,12,0,0x47268,high,none,,00 00 21 00 05 00 00 00 1b 00 01 00 00 00 1b 00,3b 51 30 36 26 79 dd 3d 1b 27 2b 02
C2/SC0B6.DAT,0x472B2,0x472B4,0x472B4,0x472E7,0x472E7,0x19,51,51,2,0x472AC,high,none,,00 00 00 21 00 05 00 00 00 1b 00 01 00 00 00 1b,12 13 11 9e ac 1c d5 de 89 2f 44 4c 2d 1e 21 e6 01 dd 55 6f dd f8 34 5c 2a 79 dd 3d 1b 27 2b 37 e6 01 dd 2a 1c dd da de 2b 20 33 3b de 0a 99 70
C2/SC0B6.DAT,0x4735E,0x47360,0x47360,0x47371,0x47371,0x19,17,17,0,0x47358,high,none,,00 00 00 21 00 05 00 00 00 1b 00 01 00 00 00 1b,5b 81 dd 03 31 53 1c de b0 5a 2f 87 23 1b 32 1f 37
C2/SC0B6.DAT,0x47400,0x47402,0x47402,0x4740E,0x4740E,0x19,12,12,0,0x473FA,high,none,,00 00 21 00 05 00 00 00 1b 00 01 00 00 00 1b 00,3b 51 30 36 26 79 dd 3d 1b 27 2b 02
C2/SC0B6.DAT,0x47444,0x47446,0x47446,0x47479,0x47479,0x19,51,51,2,0x4743E,high,none,,00 00 00 21 00 05 00 00 00 1b 00 01 00 00 00 1b,12 17 11 9e ac 1c d5 de 89 2f 44 4c 2d 1e 21 e6 01 dd 55 6f dd f8 34 5c 2a 79 dd 3d 1b 27 2b 37 e6 01 dd 2a 1c dd da de 2b 20 33 3b de 0a 99 70
C2/SC0B6.DAT,0x47528,0x4752A,0x4752A,0x4753A,0x4753A,0x19,16,16,0,0x47522,high,none,,00 00 21 00 05 00 00 00 1b 00 01 00 00 00 1b 00,5b a3 dd a0 31 6b 47 5c 5a 2f 87 23 1b 32 1f 37
C2/SC0B6.DAT,0x475BE,0x475C0,0x475C0,0x475D2,0x475D2,0x19,18,18,0,0x475B8,high,none,,00 00 21 00 05 00 00 00 1b 00 01 00 00 00 1b 00,5b dd a2 65 a3 31 c9 31 df 01 5a 2f 87 23 1b 32 1f 37
C2/SC0B6.DAT,0x47656,0x47658,0x47658,0x47669,0x47669,0x19,17,17,0,0x47650,high,none,,00 00 00 21 00 05 00 00 00 1b 00 01 00 00 00 1b,5b 1b 40 1e 1c 3b dd 1e 39 5a 2f 87 23 1b 32 1f 37
C2/SC0B6.DAT,0x476EE,0x476F0,0x476F0,0x476FD,0x476FD,0x19,13,13,0,0x476E8,high,none,,00 00 00 21 00 05 00 00 00 1b 00 01 00 00 00 1b,5b df 50 2a 33 5a 2f 87 23 1b 32 1f 37
C2/SC0B6.DAT,0x4778C,0x4778E,0x4778E,0x4779A,0x4779A,0x19,12,12,0,0x47786,high,none,,00 00 21 00 05 00 00 00 1b 00 01 00 00 00 1b 00,3b 51 30 36 26 79 dd 3d 1b 27 2b 02
C2/SC0B6.DAT,0x477D0,0x477D2,0x477D2,0x47805,0x47805,0x19,51,51,2,0x477CA,high,none,,00 00 00 21 00 05 00 00 00 1b 00 01 00 00 00 1b,13 11 11 9e ac 1c d5 de 89 2f 44 4c 2d 1e 21 e6 01 dd 55 6f dd f8 34 5c 2a 79 dd 3d 1b 27 2b 37 e6 01 dd 2a 1c dd da de 2b 20 33 3b de 0a 99 70
C2/SC0B6.DAT,0x4787A,0x4787C,0x4787C,0x4788A,0x4788A,0x19,14,14,0,0x47874,high,none,,00 00 21 00 05 00 00 00 1b 00 01 00 00 00 1b 00,5b dd f2 1c 2e 21 5a 2f 87 23 1b 32 1f 37
C2/SC0B6.DAT,0x4791A,0x4791C,0x4791C,0x47928,0x47928,0x19,12,12,0,0x47914,high,none,,00 00 21 00 05 00 00 00 1b 00 01 00 00 00 1b 00,3b 51 30 36 26 79 dd 3d 1b 27 2b 02
C2/SC0B6.DAT,0x4795E,0x47960,0x47960,0x47994,0x47994,0x19,52,52,2,0x47958,high,none,,00 00 21 00 05 00 00 00 1b 00 01 00 00 00 1b 00,12 11 11 11 9e ac 1c d5 de 89 2f 44 4c 2d 1e 21 e6 01 dd 55 6f dd f8 34 5c 2a 79 dd 3d 1b 27 2b 37 e6 01 dd 2a 1c dd da de 2b 20 33 3b de 0a 99
C2/SC0B6.DAT,0x479C4,0x479C6,0x479C6,0x479DA,0x479DA,0x19,20,20,1,0x479BE,high,none,,00 00 21 00 06 00 04 00 05 00 01 00 00 00 01 00,e6 01 e5 03 5b 93 dd 4c 89 1c de 32 de 3f 1c dd 64 dd d7 5a
C2/SC0B6.DAT,0x47A10,0x47A12,0x47A12,0x47A24,0x47A24,0x19,18,18,0,0x47A0A,high,none,,00 00 21 00 05 00 00 00 1b 00 01 00 00 00 1b 00,5b 6d 1d dd 7d 22 dd 1f de 37 5a 2f 87 23 1b 32 1f 37
C2/SC0B6.DAT,0x47A58,0x47A5A,0x47A5A,0x47A6A,0x47A6A,0x19,16,16,0,0x47A52,high,none,,00 00 21 00 05 00 00 00 1b 00 01 00 00 00 1b 00,5b 50 44 1b dd 41 de 06 5a 2f 87 23 1b 32 1f 37
C2/SC0B6.DAT,0x47A9E,0x47AA0,0x47AA0,0x47AAF,0x47AAF,0x19,15,15,0,0x47A98,high,none,,00 00 00 21 00 05 00 00 00 1b 00 01 00 00 00 1b,5b dd ed 39 1c de ef 5a 2f 87 23 1b 32 1f 37
C2/SC0B6.DAT,0x47AE4,0x47AE6,0x47AE6,0x47AF6,0x47AF6,0x19,16,16,0,0x47ADE,high,none,,00 00 21 00 05 00 00 00 1b 00 01 00 00 00 1b 00,5b dd 2c de 49 1c dd 58 5a 2f 87 23 1b 32 1f 37
C2/SC0B6.DAT,0x47B2A,0x47B2C,0x47B2C,0x47B3B,0x47B3B,0x19,15,15,0,0x47B24,high,none,,00 00 00 21 00 05 00 00 00 1b 00 01 00 00 00 1b,5b 4b 20 33 1c de 37 5a 2f 87 23 1b 32 1f 37
C2/SC0B6.DAT,0x47B70,0x47B72,0x47B72,0x47B80,0x47B80,0x19,14,14,0,0x47B6A,high,none,,00 00 21 00 05 00 00 00 1b 00 01 00 00 00 1b 00,5b a3 a2 1c de 37 5a 2f 87 23 1b 32 1f 37
C2/SC0B6.DAT,0x47BB4,0x47BB6,0x47BB6,0x47BC8,0x47BC8,0x19,18,18,0,0x47BAE,high,none,,00 00 21 00 05 00 00 00 1b 00 01 00 00 00 1b 00,5b 1b 1c 4b 1c df 0a 1c de 37 5a 2f 87 23 1b 32 1f 37
C2/SC0B6.DAT,0x47BFC,0x47BFE,0x47BFE,0x47C0D,0x47C0D,0x19,15,15,0,0x47BF6,high,none,,00 00 00 21 00 05 00 00 00 1b 00 01 00 00 00 1b,5b dd 1b 61 1c df 2b 5a 2f 87 23 1b 32 1f 37
C2/SC0B6.DAT,0x47C42,0x47C44,0x47C44,0x47C53,0x47C53,0x19,15,15,0,0x47C3C,high,none,,00 00 00 21 00 05 00 00 00 1b 00 01 00 00 00 1b,5b df 14 1c dd 1e 39 5a 2f 87 23 1b 32 1f 37
C2/SC0B6.DAT,0x47C88,0x47C8A,0x47C8A,0x47C98,0x47C98,0x19,14,14,0,0x47C82,high,none,,00 00 21 00 05 00 00 00 1b 00 01 00 00 00 1b 00,5b bf 1c dd 1e 39 5a 2f 87 23 1b 32 1f 37
C2/SC0B6.DAT,0x47CCC,0x47CCE,0x47CCE,0x47CDF,0x47CDF,0x19,17,17,0,0x47CC6,high,none,,00 00 00 21 00 05 00 00 00 1b 00 01 00 00 00 1b,5b dd 1b dd 51 1c bc 31 95 5a 2f 87 23 1b 32 1f 37
C2/SC0B6.DAT,0x47D14,0x47D16,0x47D16,0x47D29,0x47D29,0x19,19,19,0,0x47D0E,high,none,,00 00 00 21 00 05 00 00 00 1b 00 01 00 00 00 1b,5b 1e 29 de b5 26 1c af 34 67 7c 5a 2f 87 23 1b 32 1f 37
C2/SC0B6.DAT,0x47D5E,0x47D60,0x47D60,0x47D73,0x47D73,0x19,19,19,0,0x47D58,high,none,,00 00 00 21 00 05 00 00 00 1b 00 01 00 00 00 1b,5b 47 6b 31 dd 55 6f 47 bc 31 95 5a 2f 87 23 1b 32 1f 37
C2/SC0B6.DAT,0x47DA8,0x47DAA,0x47DAA,0x47DBB,0x47DBB,0x19,17,17,0,0x47DA2,high,none,,00 00 00 21 00 05 00 00 00 1b 00 01 00 00 00 1b,5b 42 34 6c dd 3b 5f 7f 31 5a 2f 87 23 1b 32 1f 37
C2/SC0B6.DAT,0x47DF0,0x47DF2,0x47DF2,0x47DFD,0x47DFD,0x19,11,11,0,0x47DEA,high,none,,00 00 00 21 00 05 00 00 00 1b 00 01 00 00 00 1b,5b dd ae 5a 2f 87 23 1b 32 1f 37
C2/SC0B6.DAT,0x47E32,0x47E34,0x47E34,0x47E42,0x47E42,0x19,14,14,0,0x47E2C,high,none,,00 00 21 00 05 00 00 00 1b 00 01 00 00 00 1b 00,5b 77 34 80 57 47 5a 2f 87 23 1b 32 1f 37
C2/SC0B6.DAT,0x47E76,0x47E78,0x47E78,0x47E88,0x47E88,0x19,16,16,0,0x47E70,high,none,,00 00 21 00 05 00 00 00 1b 00 01 00 00 00 1b 00,5b a3 dd a0 31 6b 47 5c 5a 2f 87 23 1b 32 1f 37
C2/SC0B6.DAT,0x47EBC,0x47EBE,0x47EBE,0x47ED0,0x47ED0,0x19,18,18,0,0x47EB6,high,none,,00 00 21 00 05 00 00 00 1b 00 01 00 00 00 1b 00,5b dd a2 65 a3 31 c9 31 df 01 5a 2f 87 23 1b 32 1f 37
C2/SC0B6.DAT,0x47F04,0x47F06,0x47F06,0x47F17,0x47F17,0x19,17,17,0,0x47EFE,high,none,,00 00 00 21 00 05 00 00 00 1b 00 01 00 00 00 1b,5b 1b 40 1e 1c 3b dd 1e 39 5a 2f 87 23 1b 32 1f 37
C2/SC0B6.DAT,0x47F4C,0x47F4E,0x47F4E,0x47F5B,0x47F5B,0x19,13,13,0,0x47F46,high,none,,00 00 00 21 00 05 00 00 00 1b 00 01 00 00 00 1b,5b df 50 2a 33 5a 2f 87 23 1b 32 1f 37
C2/SC0B6.DAT,0x47F90,0x47F92,0x47F92,0x47FA0,0x47FA0,0x19,14,14,0,0x47F8A,high,none,,00 00 21 00 05 00 00 00 1b 00 01 00 00 00 1b 00,5b dd f2 1c 2e 21 5a 2f 87 23 1b 32 1f 37
C2/SC0B6.DAT,0x47FD4,0x47FD6,0x47FD6,0x47FE9,0x47FE9,0x19,19,19,0,0x47FCE,high,none,,00 00 00 21 00 05 00 00 00 1b 00 01 00 00 00 1b,5b af 65 8f 6f 82 5c 6f 31 77 31 5a 2f 87 23 1b 32 1f 37
C2/SC0B6.DAT,0x4801E,0x48020,0x48020,0x48031,0x48031,0x19,17,17,0,0x48018,high,none,,00 00 00 21 00 05 00 00 00 1b 00 01 00 00 00 1b,5b 8e de 7c de 6e 1c de 7c 5a 2f 87 23 1b 32 1f 37
C2/SC0B6.DAT,0x48062,0x48064,0x48064,0x4807E,0x4807E,0x19,26,26,1,0x4805C,high,none,,00 00 21 00 05 00 00 00 1b 00 01 00 00 00 1b 00,38 26 de 69 de 2b 28 3f 39 27 59 2d 2a e6 01 2a 2d 58 29 21 70 3a 1b 37 e4 3d
C2/SC0C1.DAT,0x46A1A,0x46A1C,0x46A1C,0x46A29,0x46A29,0x17,13,13,0,,medium,none,,00 00 00 0e 00 2b 00 03 00 26 00 00 00 27 00 ff,28 00 14 01 23 00 25 00 31 01 20 00 25
C2/SC0C1.DAT,0x46C16,0x46C18,0x46C18,0x46C25,0x46C25,0x17,13,13,0,,medium,none,,00 00 00 0e 00 2b 00 03 00 26 00 00 00 27 00 ff,28 00 12 02 23 00 25 00 2f 02 20 00 25
C2/SC0C1.DAT,0x47594,0x47596,0x47598,0x4759F,0x4759F,0x17,9,7,0,,medium,control_0100,01 00,00 00 00 0e 00 2b 00 03 00 26 00 00 00 27 00 ff,01 00 25 00 1a 00 1e 00 25
C2/SC0C1.DAT,0x489B8,0x489BA,0x489BA,0x489DC,0x489DC,0x17,34,34,3,0x489B2,high,none,,00 00 21 00 05 00 00 00 1b 00 01 00 00 00 1b 00,07 00 3b 31 e6 01 2e 2d 1d c2 23 e6 01 4a de 20 2d 59 1b 5b dd 3b 5f 7f 31 5a 2a e6 01 1b 1f 43 1b 37
C2/SC0C1.DAT,0x48A14,0x48A16,0x48A16,0x48A31,0x48A31,0x17,27,27,1,0x48A0E,high,none,,00 00 00 21 00 05 00 00 00 1b 00 01 00 00 00 1b,07 00 df 61 df 61 41 26 4a 48 e6 01 3a 29 41 3e 5b dd 86 dd 35 22 5a 4a 48 1b 37
C2/SC0C1.DAT,0x48A8C,0x48A8E,0x48A8E,0x48A97,0x48A97,0x17,9,9,0,0x48A86,high,none,,00 00 00 21 00 05 00 00 00 1b 00 01 00 00 00 1b,07 00 3b 3d df 61 df 61 37
C2/SC0C1.DAT,0x48AE8,0x48AEA,0x48AEA,0x48B0B,0x48B0B,0x17,33,33,2,0x48AE2,high,none,,00 00 00 21 00 05 00 00 00 1b 00 01 00 00 00 1b,07 00 3b 3b e6 01 1d 2d 36 43 1e 27 30 5b dd 3b 5f 7f 31 5a 23 e6 01 1d 29 21 1e 38 26 1f 43 1b 37
C2/SC0C1.DAT,0x48B3C,0x48B3E,0x48B3E,0x48B54,0x48B54,0x17,22,22,0,0x48B36,high,none,,00 00 21 00 05 00 00 00 1b 00 01 00 00 00 1b 00,07 00 36 39 3f 46 8c 43 1e 1c d1 6f 4e 60 69 34 23 aa 46 22 6a 1b
C2/SC0C1.DAT,0x48B84,0x48B86,0x48B86,0x48B98,0x48B98,0x17,18,18,1,0x48B7E,high,none,,00 00 21 00 05 00 00 00 1b 00 01 00 00 00 1b 00,07 00 38 26 49 24 38 26 49 e6 01 26 29 7d 48 29 7d 48
C2/SC0C1.DAT,0x48BDC,0x48BDE,0x48BDE,0x48BF3,0x48BF3,0x19,21,21,0,0x48BD6,high,none,,00 00 00 21 00 05 00 00 00 1b 00 01 00 00 00 1b,dd 78 dd 7b de 6e 5b dd 3b 5f 7f 31 5a 2f 87 23 86 32 27 1e 1f
D/SD011.DAT,0x478FC,0x478FE,0x47900,0x4791B,0x4791B,0x17,29,27,1,0x478F6,high,control_0100,01 00,00 00 00 21 00 05 00 00 00 1b 00 01 00 00 00 1b,01 00 bf 2a dd 28 46 1f 7a 30 24 e6 01 1b 29 1f 1b 9b 1c dd 64 30 6e 2a df 61 df 61 37
D/SD011.DAT,0x47954,0x47956,0x47958,0x47970,0x47970,0x17,26,24,1,0x4794E,high,control_0100,01 00,00 00 21 00 05 00 00 00 1b 00 01 00 00 00 1b 00,01 00 85 1c 59 1b 1d 2d 35 20 33 24 e6 01 a4 b2 30 1d 2d 36 20 1e 1d 44 48 37
D/SD011.DAT,0x479DC,0x479DE,0x479E0,0x479EC,0x479EC,0x17,14,12,0,0x479D6,high,control_0100,01 00,00 00 21 00 05 00 00 00 1b 00 01 00 00 00 1b 00,01 00 dd d3 2c 2c 2c 6e 1e 23 2e 2e 8a 3c
D/SD011.DAT,0x47A62,0x47A64,0x47A66,0x47A83,0x47A83,0x17,31,29,0,0x47A5C,high,control_0100,01 00,00 00 00 21 00 05 00 00 00 1b 00 01 00 00 00 1b,01 00 85 28 60 8f 34 9b 1c dd 0f dd 44 09 97 26 1b 2d 0a 2f dd 1e 22 8e dd 9c 1c 4e 4e 53 37
D/SD011.DAT,0x47AB4,0x47AB6,0x47AB8,0x47ADF,0x47ADF,0x17,41,39,0,0x47AAE,high,control_0100,01 00,00 00 00 21 00 05 00 00 00 1b 00 01 00 00 00 1b,01 00 30 38 41 1c dd 37 cc 23 1e 58 33 32 1f 3e 1d 3e 21 24 2e 1c 9b 1c dd 0f dd 44 1c bf 2f dd 28 1e 21 1e 27 29 1f 1c 37
D/SD011.DAT,0x47B10,0x47B12,0x47B14,0x47B3C,0x47B3C,0x17,42,40,1,0x47B0A,high,control_0100,01 00,00 00 21 00 05 00 00 00 1b 00 01 00 00 00 1b 00,01 00 41 26 1e 1f 33 dd 8e 23 9b 2a dd c0 32 35 1e 21 e6 01 85 24 38 26 8e dd 20 bf 2f 36 38 41 26 36 9f 29 21 df 61 df 61 37
D/SD011.DAT,0x47BAA,0x47BAC,0x47BAE,0x47BD9,0x47BD9,0x17,45,43,1,0x47BA4,high,control_0100,01 00,00 00 00 21 00 05 00 00 00 1b 00 01 00 00 00 1b,01 00 35 51 02 c8 dd af 55 1e 1b dd 2e 2a 9b 20 33 d3 2e 46 1f 43 37 e6 01 bf 2f dd 28 1e 1f 7a 30 6e 20 2a ac 2f 3a 27 1e 1f 1c 3d 37
D/SD011.DAT,0x47C0A,0x47C0C,0x47C0E,0x47C25,0x47C25,0x17,25,23,0,0x47C04,high,control_0100,01 00,00 00 00 21 00 05 00 00 00 1b 00 01 00 00 00 1b,01 00 85 1c 40 29 1f 7a 30 3f 1d 1f 2a de 18 de 40 1d ac 23 df 61 df 61 37
D/SD011.DAT,0x47D74,0x47D76,0x47D78,0x47D80,0x47D80,0x17,10,8,0,,medium,control_0100,01 00,00 00 1b 00 01 00 02 00 33 00 04 00 00 00 15 00,01 00 42 31 4e df 61 37 e4 97
D/SD012.DAT,0x478B6,0x478B8,0x478B8,0x478DF,0x478DF,0x19,39,39,2,0x478B0,high,none,,00 00 00 21 00 05 00 00 00 1b 00 01 00 00 00 1b,42 31 4e 81 31 5f 34 25 e6 01 3b 27 46 2a dd 0f dd 44 09 97 26 1b 2d 0a 1c bf 2f e6 01 dd 28 1e 21 3e 32 1f 1c 20 3c
D/SD012.DAT,0x47916,0x47918,0x4791A,0x47921,0x47921,0x17,9,7,0,0x47910,high,control_0100,01 00,00 00 00 21 00 05 00 00 00 1b 00 01 00 00 00 1b,01 00 df 61 df 61 df 61 37
D/SD012.DAT,0x47952,0x47954,0x47954,0x47985,0x47985,0x19,49,49,3,0x4794C,high,none,,00 00 00 21 00 05 00 00 00 1b 00 01 00 00 00 1b,42 31 4e 81 31 5f 34 25 e6 01 dd 6e 2f 91 1b 1f 1b 36 2e 55 35 2a e6 01 3b 27 46 2f dd 7a 3a 1d 1b 7a 23 28 e6 01 a4 dd e6 23 1d 32 2d 1c 30 1d
D/SD013.DAT,0x4789A,0x4789C,0x4789C,0x478C0,0x478C0,0x19,36,36,2,0x47894,high,none,,00 00 21 00 05 00 00 00 1b 00 01 00 00 00 1b 00,42 31 4e 81 31 5f 34 25 e6 01 be 2a 14 11 11 11 da 1c 1b 20 39 2f dd 68 49 21 e6 01 dd 22 dd 4f 2a 1b 1b 37
D/SD013.DAT,0x478FE,0x47900,0x47902,0x47907,0x47907,0x17,7,5,0,0x478F8,high,control_0100,01 00,00 00 00 21 00 05 00 00 00 1b 00 01 00 00 00 1b,01 00 44 48 a1 a1 37
D/SD013.DAT,0x47938,0x4793A,0x4793A,0x4794B,0x4794B,0x19,17,17,1,,medium+,none,,00 00 00 21 00 00 00 01 00 28 00 1b 00 01 00 02,42 31 4e 81 31 5f 34 25 e6 01 1d 2d 35 02 3c e4 28
D/SD013.DAT,0x47974,0x47976,0x47976,0x47991,0x47991,0x19,27,27,1,,medium+,none,,00 00 00 21 00 00 00 01 00 28 00 07 00 05 00 a2,42 31 4e 81 31 5f 34 25 e6 01 dd d3 2a dd f0 99 bf 2f df 61 df 61 df 61 37 e4 28
D/SD013.DAT,0x47A2A,0x47A2C,0x47A2C,0x47A5D,0x47A5D,0x19,49,49,6,,medium+,none,,00 00 00 21 00 00 00 01 00 b4 00 36 00 05 00 10,e6 01 e6 01 e6 01 e6 01 01 26 43 3a 28 a3 6f 34 60 42 1c de 98 23 27 30 dd 07 43 39 e6 01 e6 01 01 01 01 42 31 4e 28 dd 17 23 dd c2 99 35 3a 32
D/SD014.DAT,0x479BA,0x479BC,0x479BE,0x479C7,0x479C7,0x17,11,9,0,0x479B4,high,control_0100,01 00,00 00 00 21 00 05 00 00 00 1b 00 01 00 00 00 1b,01 00 6d 2d 1d 24 98 29 21 21 37
D/SD014.DAT,0x479F8,0x479FA,0x479FA,0x47A08,0x47A08,0x17,14,14,0,0x479F2,high,none,,00 00 21 00 05 00 00 00 1b 00 01 00 00 00 1b 00,03 00 dd 11 dd 7f 35 1d a1 df 61 df 61 37
D/SD014.DAT,0x47A38,0x47A3A,0x47A3C,0x47A54,0x47A54,0x17,26,24,1,0x47A32,high,control_0100,01 00,00 00 21 00 05 00 00 00 1b 00 01 00 00 00 1b 00,01 00 6e 20 3f 29 1f 33 e6 01 6d 2d 1d dd 31 49 23 9a 21 3e 32 22 30 1e 73 3c
D/SD015.DAT,0x47918,0x4791A,0x4791A,0x47928,0x47928,0x17,14,14,0,0x47912,high,none,,00 00 21 00 05 00 00 00 1b 00 01 00 00 00 1b 00,02 00 dd 0f dd 44 1c bf 2a dd 28 46 1f 02
D/SD015.DAT,0x47998,0x4799A,0x4799A,0x479AC,0x479AC,0x17,18,18,0,0x47992,high,none,,00 00 21 00 05 00 00 00 1b 00 01 00 00 00 1b 00,03 00 dd 8e 1b 30 dd 31 49 23 74 20 1d 3e 29 4b 48 02
D/SD015.DAT,0x47A5A,0x47A5C,0x47A5C,0x47A68,0x47A68,0x17,12,12,0,0x47A54,high,none,,00 00 21 00 05 00 00 00 1b 00 01 00 00 00 1b 00,07 00 43 1e 33 38 1b 3e 6a de b6 37
D/SD015.DAT,0x47B40,0x47B42,0x47B42,0x47B51,0x47B51,0x17,15,15,0,0x47B3A,high,none,,00 00 00 21 00 05 00 00 00 1b 00 01 00 00 00 1b,04 00 3a 21 24 43 1e 38 74 3e 20 1c dd 57 37
D/SD021.DAT,0x479EA,0x479EC,0x479EE,0x47A0B,0x47A0B,0x17,31,29,1,0x479E4,high,control_0100,01 00,00 00 00 21 00 05 00 00 00 1b 00 01 00 00 00 1b,01 00 a4 b2 1c dd 1c 27 32 1f dd 0b 23 86 22 1c 23 e6 01 2e 2d 1d b0 23 1d 22 1d 2d 21 4c 37
D/SD021.DAT,0x47A3C,0x47A3E,0x47A3E,0x47A5D,0x47A5D,0x17,31,31,1,0x47A36,high,none,,00 00 00 21 00 05 00 00 00 1b 00 01 00 00 00 1b,03 00 38 26 dd e8 1f 4b 35 49 1c 38 2d 35 1b 4a 48 e6 01 1d 3e 1d 29 21 22 36 9f 26 2d 35 37
D/SD021.DAT,0x47A9C,0x47A9E,0x47A9E,0x47AB4,0x47AB4,0x17,22,22,1,0x47A96,high,none,,00 00 21 00 05 00 00 00 1b 00 01 00 00 00 1b 00,02 00 3b ae 2a 41 2d 1d 7a 91 26 3d 26 23 e6 01 1d 22 1f a1 1d 37
D/SD021.DAT,0x47AF2,0x47AF4,0x47AF4,0x47B00,0x47B00,0x17,12,12,0,0x47AEC,high,none,,00 00 21 00 05 00 00 00 1b 00 01 00 00 00 1b 00,03 00 81 dd 3b dd 3b df 61 df 61 37
D/SD021.DAT,0x47B3E,0x47B40,0x47B40,0x47B51,0x47B51,0x17,17,17,0,0x47B38,high,none,,00 00 00 21 00 05 00 00 00 1b 00 01 00 00 00 1b,05 00 dd 96 49 21 dd 75 32 dd 4f dd 52 38 3f 22 37
D/SD021.DAT,0x47B8A,0x47B8C,0x47B8C,0x47BA4,0x47BA4,0x17,24,24,1,0x47B84,high,none,,00 00 21 00 05 00 00 00 1b 00 01 00 00 00 1b 00,04 00 1b 29 75 1e 1c 7a 2f 91 26 3d 26 23 e6 01 1d 29 21 44 1f 43 1b 37
D/SD021.DAT,0x47BDA,0x47BDC,0x47BDC,0x47BEB,0x47BEB,0x17,15,15,0,0x47BD4,high,none,,00 00 00 21 00 05 00 00 00 1b 00 01 00 00 00 1b,04 00 97 dd 45 29 97 dd 45 29 97 dd 45 29 37
D/SD031.DAT,0x45920,0x45922,0x45922,0x4593A,0x4593A,0x17,24,24,1,0x4591A,high,none,,00 00 21 00 05 00 00 00 1b 00 01 00 00 00 1b 00,04 00 6d 20 49 23 3d 33 8c dd 19 1b 1c dd 57 37 e6 01 3b 27 46 1f 4b 37
D/SD031.DAT,0x4596A,0x4596C,0x4596C,0x45988,0x45988,0x17,28,28,0,0x45964,high,none,,00 00 21 00 05 00 00 00 1b 00 01 00 00 00 1b 00,03 00 3a 29 44 1c 5f 34 47 62 31 23 de 91 33 46 33 32 21 1b 1f 3b 4a 1b 3a 2d 35 37
D/SD031.DAT,0x459FA,0x459FC,0x459FC,0x45A31,0x45A31,0x17,53,53,2,0x459F4,high,none,,00 00 00 21 00 05 00 00 00 1b 00 01 00 00 00 1b,04 00 43 1e 1c de 26 28 dd 3c 31 dd 4d 34 37 e6 01 3b 27 46 33 1c dd 50 6d dd 75 39 e6 01 14 11 11 11 da 1c cf 2f 2e 46 21 dd f0 99 dd 8c 32 21
D/SD031.DAT,0x45A62,0x45A64,0x45A64,0x45A75,0x45A75,0x17,17,17,0,0x45A5C,high,none,,00 00 00 21 00 05 00 00 00 1b 00 01 00 00 00 1b,03 00 dd 8c 32 21 40 29 1f 6a 29 21 df 61 df 61 37
D/SD031.DAT,0x45AA6,0x45AA8,0x45AA8,0x45AC9,0x45AC9,0x17,33,33,1,0x45AA0,high,none,,00 00 00 21 00 05 00 00 00 1b 00 01 00 00 00 1b,04 00 3b 27 46 1f 4b 24 dd 69 1c 5b dd 07 dd f5 5a 2f e6 01 de 79 51 21 44 1f 2d 4a 48 55 26 2a 37
D/SD031.DAT,0x45B3A,0x45B3C,0x45B3C,0x45B5C,0x45B5C,0x17,32,32,1,0x45B34,high,none,,00 00 21 00 05 00 00 00 1b 00 01 00 00 00 1b 00,04 00 1b 20 23 38 37 e6 01 43 1e 2a 3b 27 46 33 2f 6d 4b 99 3e dd 1c 44 1f dd 07 dd f5 4a 48 37
D/SD031.DAT,0x45B92,0x45B94,0x45B94,0x45BAE,0x45BAE,0x17,26,26,0,0x45B8C,high,none,,00 00 21 00 05 00 00 00 1b 00 01 00 00 00 1b 00,04 00 97 dd 45 29 97 dd 45 29 97 dd 45 29 97 dd 45 29 97 dd 45 29 97 dd 45 29
D/SD031.DAT,0x45C44,0x45C46,0x45C46,0x45C6F,0x45C6F,0x17,41,41,0,0x45C3E,high,none,,00 00 00 21 00 05 00 00 00 1b 00 01 00 00 00 1b,04 00 43 1e 2a dd f0 99 51 dd 3d 51 1f 36 1b 26 7a 28 24 4d 4f 83 23 de fd dd 15 2a dd c4 2e 29 21 1b 22 1c 4a 48 55 26 37
D/SD031.DAT,0x45CA0,0x45CA2,0x45CA2,0x45CC0,0x45CC0,0x17,30,30,0,0x45C9A,high,none,,00 00 21 00 05 00 00 00 1b 00 01 00 00 00 1b 00,04 00 27 8c 2e 1c ce dd 12 2f de 42 de 9e 2b 22 16 50 4d 4f 2f de 16 43 4c 58 1c dd 57 37
D/SD031.DAT,0x45D2A,0x45D2C,0x45D2C,0x45D53,0x45D53,0x17,39,39,1,0x45D24,high,none,,00 00 00 21 00 05 00 00 00 1b 00 01 00 00 00 1b,04 00 41 26 4a 48 37 e6 01 2e 1c ce dd 12 2f de 42 dd ef 39 24 dc 20 1e 21 1b 22 dd 08 21 1c 4d 4f 83 1c dd a8 de 59
D/SD031.DAT,0x45D84,0x45D86,0x45D86,0x45DB3,0x45DB3,0x17,45,45,0,0x45D7E,high,none,,00 00 00 21 00 05 00 00 00 1b 00 01 00 00 00 1b,04 00 41 32 2a 24 90 e4 1f 01 b8 e4 1f 01 dd 0a e4 1f 01 c1 e4 1f 01 dd 0c e4 0b 01 1c 16 de 55 de d3 2f 45 20 3a 54 22 4d 4f 4a 48 37
D/SD031.DAT,0x45DE4,0x45DE6,0x45DE6,0x45E0D,0x45E0D,0x17,39,39,2,0x45DDE,high,none,,00 00 00 21 00 05 00 00 00 1b 00 01 00 00 00 1b,04 00 4d 4f 83 28 24 3b 27 46 2f 6d 36 51 32 58 e6 01 94 24 2b 1d 43 4b dd e2 df 3b 2f 3b 27 46 23 e6 01 1f 3e 2b 37
D/SD031.DAT,0x45E3E,0x45E40,0x45E40,0x45E5E,0x45E5E,0x17,30,30,1,0x45E38,high,none,,00 00 21 00 05 00 00 00 1b 00 01 00 00 00 1b 00,04 00 41 1c 94 2f 16 45 dd 5a 51 24 60 8f 34 9b 1c e6 01 dd 0f dd 44 2f dd 34 3e 1c 35 37
D/SD031.DAT,0x45E8E,0x45E90,0x45E92,0x45EA8,0x45EA8,0x17,24,22,0,0x45E88,high,control_0100,01 00,00 00 21 00 05 00 00 00 1b 00 01 00 00 00 1b 00,01 00 4a 48 3f 24 54 26 40 29 21 41 1c 4d 4f 83 2f 3a 2a 1e 35 2b 1c 3c
D/SD031.DAT,0x45ED8,0x45EDA,0x45EDA,0x45F08,0x45F08,0x17,46,46,1,0x45ED2,high,none,,00 00 21 00 05 00 00 00 1b 00 01 00 00 00 1b 00,04 00 41 32 28 24 4d 4f 20 33 1c 6d 4b 99 44 2a 3f 32 58 7b 46 22 37 e6 01 3b 27 46 33 2f 2e 1c 90 23 6d 4b 99 1b 1f 38 1c 28 6e 4a 48 3c
D/SD031.DAT,0x45F8A,0x45F8C,0x45F8C,0x45F9E,0x45F9E,0x17,18,18,0,0x45F84,high,none,,00 00 21 00 05 00 00 00 1b 00 01 00 00 00 1b 00,04 00 41 32 28 54 2e 20 33 9a 1f 38 1c 20 1c dd 57 3c
D/SD031.DAT,0x46014,0x46016,0x46018,0x46026,0x46026,0x17,16,14,0,0x4600E,high,control_0100,01 00,00 00 21 00 05 00 00 00 1b 00 01 00 00 00 1b 00,01 00 8c 1b ca 2d de 4c 1b 36 2e 55 20 33 4c 37
D/SD031.DAT,0x46056,0x46058,0x46058,0x46068,0x46068,0x17,16,16,0,0x46050,high,none,,00 00 21 00 05 00 00 00 1b 00 01 00 00 00 1b 00,03 00 dd 72 74 de 0b 2a dd cc de 55 35 1d a1 37
D/SD031.DAT,0x460DE,0x460E0,0x460E0,0x460FC,0x460FC,0x17,28,28,1,0x460D8,high,none,,00 00 21 00 05 00 00 00 1b 00 01 00 00 00 1b 00,04 00 b0 28 9d 27 29 1f 3d 26 4a 48 1c dd 57 37 e6 01 30 28 74 3e 36 1e 3d 26 20 37
D/SD031.DAT,0x4612C,0x4612E,0x4612E,0x46143,0x46143,0x17,21,21,1,0x46126,high,none,,00 00 00 21 00 05 00 00 00 1b 00 01 00 00 00 1b,03 00 46 29 3c e6 01 3b 4a 1b 3a 2d 38 45 1b 21 9a 22 1c 02 3c
D/SD031.DAT,0x461CE,0x461D0,0x461D0,0x461F2,0x461F2,0x17,34,34,0,0x461C8,high,none,,00 00 21 00 05 00 00 00 1b 00 01 00 00 00 1b 00,04 00 dd 69 1c 50 dd 1b de 03 de 11 dd 3c 31 dd 4d 34 cb 2a 24 61 23 1d 29 21 40 55 26 36 1b 26 23 37
D/SD031.DAT,0x46222,0x46224,0x46224,0x4623B,0x4623B,0x17,23,23,0,0x4621C,high,none,,00 00 00 21 00 05 00 00 00 1b 00 01 00 00 00 1b,03 00 4a 48 a1 24 38 1c 2b 79 1b dd 1b dd 51 2a dd 33 46 22 2d 35 37
D/SD031.DAT,0x46272,0x46274,0x46274,0x46287,0x46287,0x17,19,19,0,0x4626C,high,none,,00 00 00 21 00 05 00 00 00 1b 00 01 00 00 00 1b,04 00 1b 20 23 38 24 41 1c 28 8c 4a 48 2a df 61 df 61 3c
D/SD031.DAT,0x462B8,0x462BA,0x462BC,0x462CB,0x462CB,0x17,17,15,0,0x462B2,high,control_0100,01 00,00 00 00 21 00 05 00 00 00 1b 00 01 00 00 00 1b,01 00 1d 2d 20 dd 91 39 1d 1b 43 4c df 61 df 61 37
D/SD031.DAT,0x4637A,0x4637C,0x4637C,0x46393,0x46393,0x17,23,23,1,0x46374,high,none,,00 00 00 21 00 05 00 00 00 1b 00 01 00 00 00 1b,04 00 7d 3a 1e ca 39 23 e6 01 50 de 8e 32 30 44 41 26 4a 48 43 1b 37
D/SD031.DAT,0x463D6,0x463D8,0x463D8,0x463F4,0x463F4,0x17,28,28,1,,medium+,none,,00 00 34 00 55 00 19 00 a2 64 34 60 34 80 47 5c,04 00 28 21 3c e4 1f e6 01 2e 1c 94 28 1d 2d 35 29 1f 4a 48 55 26 df 61 df 61 e4 3d
D/SD031.DAT,0x463FA,0x463FC,0x463FC,0x4640F,0x4640F,0x19,19,19,0,,medium,none,,00 00 00 1b 00 01 00 02 00 21 00 00 00 01 00 78,a2 64 34 60 34 80 47 5c 31 34 2f 38 29 21 1b 1f 02 e4 3d
D/SD031.DAT,0x46560,0x46562,0x46564,0x46583,0x46583,0x17,33,31,0,0x4655A,high,control_0100,01 00,00 00 00 21 00 05 00 00 00 1b 00 01 00 01 00 1b,01 00 2e 32 20 33 de f9 dd 2e 2a d3 44 23 3e 3e 1d 22 1c 2b 2e 1e dd a1 6b ab 31 d8 2f b9 9c 21 4c
D/SD031.DAT,0x46728,0x4672A,0x4672A,0x46742,0x46742,0x19,24,24,0,0x46722,high,none,,00 00 21 00 05 00 00 00 1b 00 01 00 01 00 1b 00,6c 69 34 dd 02 57 1c 5b 2b 79 1b 42 65 db d8 5a 2f 26 58 29 1f 02 e4 3d
D/SD031.DAT,0x467FA,0x467FC,0x467FC,0x4680F,0x4680F,0x19,19,19,0,0x467F4,high,none,,00 00 00 21 00 05 00 00 00 1b 00 01 00 01 00 1b,5b 2b 79 1b 42 65 db d8 5a 2f 36 39 20 46 1e 1f 02 e4 3d
D/SD031.DAT,0x4699C,0x4699E,0x4699E,0x469B0,0x469B0,0x19,18,18,0,0x46996,high,none,,00 00 21 00 05 00 00 00 1b 00 01 00 01 00 1b 00,5b 2b 79 1b 42 65 db d8 5a 2f 36 39 3f 9c 1f 02 e4 1f
D/SD031.DAT,0x46A28,0x46A2A,0x46A2A,0x46A3E,0x46A3E,0x19,20,20,0,0x46A22,high,none,,00 00 21 00 05 00 00 00 1b 00 01 00 01 00 1b 00,5b 2b 79 1b 42 65 db d8 5a 2a 2e 43 32 21 36 2d 35 02 e4 1f
D/SD031.DAT,0x46A86,0x46A88,0x46A88,0x46A9E,0x46A9E,0x19,22,22,0,0x46A80,high,none,,00 00 21 00 05 00 00 00 1b 00 01 00 01 00 1b 00,5b 2e 43 32 1f 42 65 db d8 5a 23 a9 dd f9 1b 21 1b 1d 1b 37 e4 1f
D/SD071.DAT,0x2F878,0x2F87A,0x2F87A,0x2F880,0x2F880,0x17,6,6,0,,medium,none,,00 00 54 01 05 39 ab a7 5a 7a ff 23 42 9b 29 9a,32 55 55 23 f8 19
D/SD071.DAT,0x46A10,0x46A12,0x46A12,0x46A1F,0x46A1F,0x17,13,13,0,,medium,none,,00 00 00 0e 00 2b 00 03 00 26 00 00 00 27 00 ff,28 00 0f 01 23 00 25 00 2c 01 20 00 25
D/SD071.DAT,0x46C0C,0x46C0E,0x46C0E,0x46C1B,0x46C1B,0x17,13,13,0,,medium,none,,00 00 00 0e 00 2b 00 03 00 26 00 00 00 27 00 ff,28 00 0d 02 23 00 25 00 2a 02 20 00 25
D/SD071.DAT,0x4758A,0x4758C,0x4758E,0x47595,0x47595,0x17,9,7,0,,medium,control_0100,01 00,00 00 00 0e 00 2b 00 03 00 26 00 00 00 27 00 ff,01 00 25 00 1a 00 1e 00 25
D/SD071.DAT,0x48664,0x48666,0x48668,0x48680,0x48680,0x17,26,24,1,0x4865E,high,control_0100,01 00,00 00 21 00 05 00 00 00 1b 00 01 00 01 00 1b 00,01 00 5f 34 47 62 31 28 e6 01 4d 4f 61 1c dd 19 1b c2 23 dd 5a 27 22 1c 3d 37
D/SD071.DAT,0x4877E,0x48780,0x48780,0x48796,0x48796,0x17,22,22,1,0x48778,high,none,,00 00 21 00 05 00 00 00 1b 00 01 00 01 00 1b 00,02 00 9a 21 40 29 1f a7 37 e4 3d e6 01 dd 7e dd 87 dd 75 39 1d 02
D/SD071.DAT,0x487C6,0x487C8,0x487C8,0x487D5,0x487D5,0x17,13,13,0,0x487C0,high,none,,00 00 00 21 00 05 00 00 00 1b 00 01 00 01 00 1b,03 00 df 19 52 36 38 50 de 33 de 29 3c
E1/SE011.DAT,0x47A0E,0x47A10,0x47A12,0x47A43,0x47A43,0x17,51,49,0,,medium,control_0100,01 00,00 00 00 0e 00 2b 00 03 00 26 00 00 00 27 00 ff,01 00 25 00 1a 00 1e 00 2b 00 0f 00 26 00 01 00 2d 00 16 00 28 00 21 01 23 00 2b 00 10 00 26 00 01 00 2d 00 17 00 28 00 21 01 23 00 25 00 3e 01
E1/SE011.DAT,0x47C0A,0x47C0C,0x47C0E,0x47C3F,0x47C3F,0x17,51,49,0,,medium,control_0100,01 00,00 00 00 0e 00 2b 00 03 00 26 00 00 00 27 00 ff,01 00 25 00 1a 00 1e 00 2b 00 0f 00 26 00 01 00 2d 00 16 00 28 00 1f 02 23 00 2b 00 10 00 26 00 01 00 2d 00 17 00 28 00 1f 02 23 00 25 00 3c 02
E1/SE011.DAT,0x485AE,0x485B0,0x485B2,0x485B9,0x485B9,0x17,9,7,0,,medium,control_0100,01 00,00 00 00 0e 00 2b 00 03 00 26 00 00 00 27 00 ff,01 00 25 00 1a 00 1e 00 25
E1/SE012.DAT,0x47A1A,0x47A1C,0x47A1C,0x47A29,0x47A29,0x17,13,13,0,,medium,none,,00 00 00 0e 00 2b 00 03 00 26 00 00 00 27 00 ff,28 00 14 01 23 00 25 00 31 01 20 00 25
E1/SE012.DAT,0x47C16,0x47C18,0x47C18,0x47C25,0x47C25,0x17,13,13,0,,medium,none,,00 00 00 0e 00 2b 00 03 00 26 00 00 00 27 00 ff,28 00 12 02 23 00 25 00 2f 02 20 00 25
E1/SE012.DAT,0x48594,0x48596,0x48598,0x4859F,0x4859F,0x17,9,7,0,,medium,control_0100,01 00,00 00 00 0e 00 2b 00 03 00 26 00 00 00 27 00 ff,01 00 25 00 1a 00 1e 00 25
E1/SE013.DAT,0x47A1A,0x47A1C,0x47A1C,0x47A29,0x47A29,0x17,13,13,0,,medium,none,,00 00 00 0e 00 2b 00 03 00 26 00 00 00 27 00 ff,28 00 14 01 23 00 25 00 31 01 20 00 25
E1/SE013.DAT,0x47C16,0x47C18,0x47C18,0x47C25,0x47C25,0x17,13,13,0,,medium,none,,00 00 00 0e 00 2b 00 03 00 26 00 00 00 27 00 ff,28 00 12 02 23 00 25 00 2f 02 20 00 25
E1/SE013.DAT,0x48594,0x48596,0x48598,0x4859F,0x4859F,0x17,9,7,0,,medium,control_0100,01 00,00 00 00 0e 00 2b 00 03 00 26 00 00 00 27 00 ff,01 00 25 00 1a 00 1e 00 25
E1/SE014.DAT,0x47A1A,0x47A1C,0x47A1C,0x47A29,0x47A29,0x17,13,13,0,,medium,none,,00 00 00 0e 00 2b 00 03 00 26 00 00 00 27 00 ff,28 00 14 01 23 00 25 00 31 01 20 00 25
E1/SE014.DAT,0x47C16,0x47C18,0x47C18,0x47C25,0x47C25,0x17,13,13,0,,medium,none,,00 00 00 0e 00 2b 00 03 00 26 00 00 00 27 00 ff,28 00 12 02 23 00 25 00 2f 02 20 00 25
E1/SE014.DAT,0x48594,0x48596,0x48598,0x4859F,0x4859F,0x17,9,7,0,,medium,control_0100,01 00,00 00 00 0e 00 2b 00 03 00 26 00 00 00 27 00 ff,01 00 25 00 1a 00 1e 00 25
E1/SE015.DAT,0x47A1A,0x47A1C,0x47A1C,0x47A29,0x47A29,0x17,13,13,0,,medium,none,,00 00 00 0e 00 2b 00 03 00 26 00 00 00 27 00 ff,28 00 14 01 23 00 25 00 31 01 20 00 25
E1/SE015.DAT,0x47C16,0x47C18,0x47C18,0x47C25,0x47C25,0x17,13,13,0,,medium,none,,00 00 00 0e 00 2b 00 03 00 26 00 00 00 27 00 ff,28 00 12 02 23 00 25 00 2f 02 20 00 25
E1/SE015.DAT,0x48594,0x48596,0x48598,0x4859F,0x4859F,0x17,9,7,0,,medium,control_0100,01 00,00 00 00 0e 00 2b 00 03 00 26 00 00 00 27 00 ff,01 00 25 00 1a 00 1e 00 25
E1/SE016.DAT,0x47A1A,0x47A1C,0x47A1C,0x47A29,0x47A29,0x17,13,13,0,,medium,none,,00 00 00 0e 00 2b 00 03 00 26 00 00 00 27 00 ff,28 00 14 01 23 00 25 00 31 01 20 00 25
E1/SE016.DAT,0x47C16,0x47C18,0x47C18,0x47C25,0x47C25,0x17,13,13,0,,medium,none,,00 00 00 0e 00 2b 00 03 00 26 00 00 00 27 00 ff,28 00 12 02 23 00 25 00 2f 02 20 00 25
E1/SE016.DAT,0x48594,0x48596,0x48598,0x4859F,0x4859F,0x17,9,7,0,,medium,control_0100,01 00,00 00 00 0e 00 2b 00 03 00 26 00 00 00 27 00 ff,01 00 25 00 1a 00 1e 00 25
E1/SE017.DAT,0x47A1A,0x47A1C,0x47A1C,0x47A29,0x47A29,0x17,13,13,0,,medium,none,,00 00 00 0e 00 2b 00 03 00 26 00 00 00 27 00 ff,28 00 14 01 23 00 25 00 31 01 20 00 25
E1/SE017.DAT,0x47C16,0x47C18,0x47C18,0x47C25,0x47C25,0x17,13,13,0,,medium,none,,00 00 00 0e 00 2b 00 03 00 26 00 00 00 27 00 ff,28 00 12 02 23 00 25 00 2f 02 20 00 25
E1/SE017.DAT,0x48594,0x48596,0x48598,0x4859F,0x4859F,0x17,9,7,0,,medium,control_0100,01 00,00 00 00 0e 00 2b 00 03 00 26 00 00 00 27 00 ff,01 00 25 00 1a 00 1e 00 25
E1/SE018.DAT,0x47A1A,0x47A1C,0x47A1C,0x47A29,0x47A29,0x17,13,13,0,,medium,none,,00 00 00 0e 00 2b 00 03 00 26 00 00 00 27 00 ff,28 00 14 01 23 00 25 00 31 01 20 00 25
E1/SE018.DAT,0x47C16,0x47C18,0x47C18,0x47C25,0x47C25,0x17,13,13,0,,medium,none,,00 00 00 0e 00 2b 00 03 00 26 00 00 00 27 00 ff,28 00 12 02 23 00 25 00 2f 02 20 00 25
E1/SE018.DAT,0x48594,0x48596,0x48598,0x4859F,0x4859F,0x17,9,7,0,,medium,control_0100,01 00,00 00 00 0e 00 2b 00 03 00 26 00 00 00 27 00 ff,01 00 25 00 1a 00 1e 00 25
E1/SE019.DAT,0x47A1A,0x47A1C,0x47A1C,0x47A29,0x47A29,0x17,13,13,0,,medium,none,,00 00 00 0e 00 2b 00 03 00 26 00 00 00 27 00 ff,28 00 14 01 23 00 25 00 31 01 20 00 25
E1/SE019.DAT,0x47C16,0x47C18,0x47C18,0x47C25,0x47C25,0x17,13,13,0,,medium,none,,00 00 00 0e 00 2b 00 03 00 26 00 00 00 27 00 ff,28 00 12 02 23 00 25 00 2f 02 20 00 25
E1/SE019.DAT,0x48594,0x48596,0x48598,0x4859F,0x4859F,0x17,9,7,0,,medium,control_0100,01 00,00 00 00 0e 00 2b 00 03 00 26 00 00 00 27 00 ff,01 00 25 00 1a 00 1e 00 25
E1/SE01A.DAT,0x47A1A,0x47A1C,0x47A1C,0x47A29,0x47A29,0x17,13,13,0,,medium,none,,00 00 00 0e 00 2b 00 03 00 26 00 00 00 27 00 ff,28 00 14 01 23 00 25 00 31 01 20 00 25
E1/SE01A.DAT,0x47C16,0x47C18,0x47C18,0x47C25,0x47C25,0x17,13,13,0,,medium,none,,00 00 00 0e 00 2b 00 03 00 26 00 00 00 27 00 ff,28 00 12 02 23 00 25 00 2f 02 20 00 25
E1/SE01A.DAT,0x48594,0x48596,0x48598,0x4859F,0x4859F,0x17,9,7,0,,medium,control_0100,01 00,00 00 00 0e 00 2b 00 03 00 26 00 00 00 27 00 ff,01 00 25 00 1a 00 1e 00 25
E2/SE021.DAT,0x47A1A,0x47A1C,0x47A1C,0x47A29,0x47A29,0x17,13,13,0,,medium,none,,00 00 00 0e 00 2b 00 03 00 26 00 00 00 27 00 ff,28 00 14 01 23 00 25 00 31 01 20 00 25
E2/SE021.DAT,0x47C16,0x47C18,0x47C18,0x47C25,0x47C25,0x17,13,13,0,,medium,none,,00 00 00 0e 00 2b 00 03 00 26 00 00 00 27 00 ff,28 00 12 02 23 00 25 00 2f 02 20 00 25
E2/SE021.DAT,0x48594,0x48596,0x48598,0x4859F,0x4859F,0x17,9,7,0,,medium,control_0100,01 00,00 00 00 0e 00 2b 00 03 00 26 00 00 00 27 00 ff,01 00 25 00 1a 00 1e 00 25
E2/SE022.DAT,0x47A1A,0x47A1C,0x47A1C,0x47A29,0x47A29,0x17,13,13,0,,medium,none,,00 00 00 0e 00 2b 00 03 00 26 00 00 00 27 00 ff,28 00 14 01 23 00 25 00 31 01 20 00 25
E2/SE022.DAT,0x47C16,0x47C18,0x47C18,0x47C25,0x47C25,0x17,13,13,0,,medium,none,,00 00 00 0e 00 2b 00 03 00 26 00 00 00 27 00 ff,28 00 12 02 23 00 25 00 2f 02 20 00 25
E2/SE022.DAT,0x48594,0x48596,0x48598,0x4859F,0x4859F,0x17,9,7,0,,medium,control_0100,01 00,00 00 00 0e 00 2b 00 03 00 26 00 00 00 27 00 ff,01 00 25 00 1a 00 1e 00 25
E2/SE023.DAT,0x47A1A,0x47A1C,0x47A1C,0x47A29,0x47A29,0x17,13,13,0,,medium,none,,00 00 00 0e 00 2b 00 03 00 26 00 00 00 27 00 ff,28 00 14 01 23 00 25 00 31 01 20 00 25
E2/SE023.DAT,0x47C16,0x47C18,0x47C18,0x47C25,0x47C25,0x17,13,13,0,,medium,none,,00 00 00 0e 00 2b 00 03 00 26 00 00 00 27 00 ff,28 00 12 02 23 00 25 00 2f 02 20 00 25
E2/SE023.DAT,0x48594,0x48596,0x48598,0x4859F,0x4859F,0x17,9,7,0,,medium,control_0100,01 00,00 00 00 0e 00 2b 00 03 00 26 00 00 00 27 00 ff,01 00 25 00 1a 00 1e 00 25
E2/SE024.DAT,0x47A1A,0x47A1C,0x47A1C,0x47A29,0x47A29,0x17,13,13,0,,medium,none,,00 00 00 0e 00 2b 00 03 00 26 00 00 00 27 00 ff,28 00 14 01 23 00 25 00 31 01 20 00 25
E2/SE024.DAT,0x47C16,0x47C18,0x47C18,0x47C25,0x47C25,0x17,13,13,0,,medium,none,,00 00 00 0e 00 2b 00 03 00 26 00 00 00 27 00 ff,28 00 12 02 23 00 25 00 2f 02 20 00 25
E2/SE024.DAT,0x48594,0x48596,0x48598,0x4859F,0x4859F,0x17,9,7,0,,medium,control_0100,01 00,00 00 00 0e 00 2b 00 03 00 26 00 00 00 27 00 ff,01 00 25 00 1a 00 1e 00 25
E2/SE025.DAT,0x47A1A,0x47A1C,0x47A1C,0x47A29,0x47A29,0x17,13,13,0,,medium,none,,00 00 00 0e 00 2b 00 03 00 26 00 00 00 27 00 ff,28 00 14 01 23 00 25 00 31 01 20 00 25
E2/SE025.DAT,0x47C16,0x47C18,0x47C18,0x47C25,0x47C25,0x17,13,13,0,,medium,none,,00 00 00 0e 00 2b 00 03 00 26 00 00 00 27 00 ff,28 00 12 02 23 00 25 00 2f 02 20 00 25
E2/SE025.DAT,0x48594,0x48596,0x48598,0x4859F,0x4859F,0x17,9,7,0,,medium,control_0100,01 00,00 00 00 0e 00 2b 00 03 00 26 00 00 00 27 00 ff,01 00 25 00 1a 00 1e 00 25
E2/SE026.DAT,0x47A1A,0x47A1C,0x47A1C,0x47A29,0x47A29,0x17,13,13,0,,medium,none,,00 00 00 0e 00 2b 00 03 00 26 00 00 00 27 00 ff,28 00 14 01 23 00 25 00 31 01 20 00 25
E2/SE026.DAT,0x47C16,0x47C18,0x47C18,0x47C25,0x47C25,0x17,13,13,0,,medium,none,,00 00 00 0e 00 2b 00 03 00 26 00 00 00 27 00 ff,28 00 12 02 23 00 25 00 2f 02 20 00 25
E2/SE026.DAT,0x48594,0x48596,0x48598,0x4859F,0x4859F,0x17,9,7,0,,medium,control_0100,01 00,00 00 00 0e 00 2b 00 03 00 26 00 00 00 27 00 ff,01 00 25 00 1a 00 1e 00 25
E2/SE027.DAT,0x47A1A,0x47A1C,0x47A1C,0x47A29,0x47A29,0x17,13,13,0,,medium,none,,00 00 00 0e 00 2b 00 03 00 26 00 00 00 27 00 ff,28 00 14 01 23 00 25 00 31 01 20 00 25
E2/SE027.DAT,0x47C16,0x47C18,0x47C18,0x47C25,0x47C25,0x17,13,13,0,,medium,none,,00 00 00 0e 00 2b 00 03 00 26 00 00 00 27 00 ff,28 00 12 02 23 00 25 00 2f 02 20 00 25
E2/SE027.DAT,0x48594,0x48596,0x48598,0x4859F,0x4859F,0x17,9,7,0,,medium,control_0100,01 00,00 00 00 0e 00 2b 00 03 00 26 00 00 00 27 00 ff,01 00 25 00 1a 00 1e 00 25
E2/SE028.DAT,0x47A1A,0x47A1C,0x47A1C,0x47A29,0x47A29,0x17,13,13,0,,medium,none,,00 00 00 0e 00 2b 00 03 00 26 00 00 00 27 00 ff,28 00 14 01 23 00 25 00 31 01 20 00 25
E2/SE028.DAT,0x47C16,0x47C18,0x47C18,0x47C25,0x47C25,0x17,13,13,0,,medium,none,,00 00 00 0e 00 2b 00 03 00 26 00 00 00 27 00 ff,28 00 12 02 23 00 25 00 2f 02 20 00 25
E2/SE028.DAT,0x48594,0x48596,0x48598,0x4859F,0x4859F,0x17,9,7,0,,medium,control_0100,01 00,00 00 00 0e 00 2b 00 03 00 26 00 00 00 27 00 ff,01 00 25 00 1a 00 1e 00 25
E2/SE029.DAT,0x47A1A,0x47A1C,0x47A1C,0x47A29,0x47A29,0x17,13,13,0,,medium,none,,00 00 00 0e 00 2b 00 03 00 26 00 00 00 27 00 ff,28 00 14 01 23 00 25 00 31 01 20 00 25
E2/SE029.DAT,0x47C16,0x47C18,0x47C18,0x47C25,0x47C25,0x17,13,13,0,,medium,none,,00 00 00 0e 00 2b 00 03 00 26 00 00 00 27 00 ff,28 00 12 02 23 00 25 00 2f 02 20 00 25
E2/SE029.DAT,0x48594,0x48596,0x48598,0x4859F,0x4859F,0x17,9,7,0,,medium,control_0100,01 00,00 00 00 0e 00 2b 00 03 00 26 00 00 00 27 00 ff,01 00 25 00 1a 00 1e 00 25
E2/SE02A.DAT,0x47A1A,0x47A1C,0x47A1C,0x47A29,0x47A29,0x17,13,13,0,,medium,none,,00 00 00 0e 00 2b 00 03 00 26 00 00 00 27 00 ff,28 00 14 01 23 00 25 00 31 01 20 00 25
E2/SE02A.DAT,0x47C16,0x47C18,0x47C18,0x47C25,0x47C25,0x17,13,13,0,,medium,none,,00 00 00 0e 00 2b 00 03 00 26 00 00 00 27 00 ff,28 00 12 02 23 00 25 00 2f 02 20 00 25
E2/SE02A.DAT,0x48594,0x48596,0x48598,0x4859F,0x4859F,0x17,9,7,0,,medium,control_0100,01 00,00 00 00 0e 00 2b 00 03 00 26 00 00 00 27 00 ff,01 00 25 00 1a 00 1e 00 25
E3/SE031.DAT,0x47A1A,0x47A1C,0x47A1C,0x47A29,0x47A29,0x17,13,13,0,,medium,none,,00 00 00 0e 00 2b 00 03 00 26 00 00 00 27 00 ff,28 00 14 01 23 00 25 00 31 01 20 00 25
E3/SE031.DAT,0x47C16,0x47C18,0x47C18,0x47C25,0x47C25,0x17,13,13,0,,medium,none,,00 00 00 0e 00 2b 00 03 00 26 00 00 00 27 00 ff,28 00 12 02 23 00 25 00 2f 02 20 00 25
E3/SE031.DAT,0x48594,0x48596,0x48598,0x4859F,0x4859F,0x17,9,7,0,,medium,control_0100,01 00,00 00 00 0e 00 2b 00 03 00 26 00 00 00 27 00 ff,01 00 25 00 1a 00 1e 00 25
E3/SE032.DAT,0x47A1A,0x47A1C,0x47A1C,0x47A29,0x47A29,0x17,13,13,0,,medium,none,,00 00 00 0e 00 2b 00 03 00 26 00 00 00 27 00 ff,28 00 14 01 23 00 25 00 31 01 20 00 25
E3/SE032.DAT,0x47C16,0x47C18,0x47C18,0x47C25,0x47C25,0x17,13,13,0,,medium,none,,00 00 00 0e 00 2b 00 03 00 26 00 00 00 27 00 ff,28 00 12 02 23 00 25 00 2f 02 20 00 25
E3/SE032.DAT,0x48594,0x48596,0x48598,0x4859F,0x4859F,0x17,9,7,0,,medium,control_0100,01 00,00 00 00 0e 00 2b 00 03 00 26 00 00 00 27 00 ff,01 00 25 00 1a 00 1e 00 25
E3/SE033.DAT,0x47A1A,0x47A1C,0x47A1C,0x47A29,0x47A29,0x17,13,13,0,,medium,none,,00 00 00 0e 00 2b 00 03 00 26 00 00 00 27 00 ff,28 00 14 01 23 00 25 00 31 01 20 00 25
E3/SE033.DAT,0x47C16,0x47C18,0x47C18,0x47C25,0x47C25,0x17,13,13,0,,medium,none,,00 00 00 0e 00 2b 00 03 00 26 00 00 00 27 00 ff,28 00 12 02 23 00 25 00 2f 02 20 00 25
E3/SE033.DAT,0x48594,0x48596,0x48598,0x4859F,0x4859F,0x17,9,7,0,,medium,control_0100,01 00,00 00 00 0e 00 2b 00 03 00 26 00 00 00 27 00 ff,01 00 25 00 1a 00 1e 00 25
E3/SE034.DAT,0x47A1A,0x47A1C,0x47A1C,0x47A29,0x47A29,0x17,13,13,0,,medium,none,,00 00 00 0e 00 2b 00 03 00 26 00 00 00 27 00 ff,28 00 14 01 23 00 25 00 31 01 20 00 25
E3/SE034.DAT,0x47C16,0x47C18,0x47C18,0x47C25,0x47C25,0x17,13,13,0,,medium,none,,00 00 00 0e 00 2b 00 03 00 26 00 00 00 27 00 ff,28 00 12 02 23 00 25 00 2f 02 20 00 25
E3/SE034.DAT,0x48594,0x48596,0x48598,0x4859F,0x4859F,0x17,9,7,0,,medium,control_0100,01 00,00 00 00 0e 00 2b 00 03 00 26 00 00 00 27 00 ff,01 00 25 00 1a 00 1e 00 25
E3/SE035.DAT,0x47A1A,0x47A1C,0x47A1C,0x47A29,0x47A29,0x17,13,13,0,,medium,none,,00 00 00 0e 00 2b 00 03 00 26 00 00 00 27 00 ff,28 00 14 01 23 00 25 00 31 01 20 00 25
E3/SE035.DAT,0x47C16,0x47C18,0x47C18,0x47C25,0x47C25,0x17,13,13,0,,medium,none,,00 00 00 0e 00 2b 00 03 00 26 00 00 00 27 00 ff,28 00 12 02 23 00 25 00 2f 02 20 00 25
E3/SE035.DAT,0x48594,0x48596,0x48598,0x4859F,0x4859F,0x17,9,7,0,,medium,control_0100,01 00,00 00 00 0e 00 2b 00 03 00 26 00 00 00 27 00 ff,01 00 25 00 1a 00 1e 00 25
E3/SE036.DAT,0x47A1A,0x47A1C,0x47A1C,0x47A29,0x47A29,0x17,13,13,0,,medium,none,,00 00 00 0e 00 2b 00 03 00 26 00 00 00 27 00 ff,28 00 14 01 23 00 25 00 31 01 20 00 25
E3/SE036.DAT,0x47C16,0x47C18,0x47C18,0x47C25,0x47C25,0x17,13,13,0,,medium,none,,00 00 00 0e 00 2b 00 03 00 26 00 00 00 27 00 ff,28 00 12 02 23 00 25 00 2f 02 20 00 25
E3/SE036.DAT,0x48594,0x48596,0x48598,0x4859F,0x4859F,0x17,9,7,0,,medium,control_0100,01 00,00 00 00 0e 00 2b 00 03 00 26 00 00 00 27 00 ff,01 00 25 00 1a 00 1e 00 25
E3/SE037.DAT,0x47A1A,0x47A1C,0x47A1C,0x47A29,0x47A29,0x17,13,13,0,,medium,none,,00 00 00 0e 00 2b 00 03 00 26 00 00 00 27 00 ff,28 00 14 01 23 00 25 00 31 01 20 00 25
E3/SE037.DAT,0x47C16,0x47C18,0x47C18,0x47C25,0x47C25,0x17,13,13,0,,medium,none,,00 00 00 0e 00 2b 00 03 00 26 00 00 00 27 00 ff,28 00 12 02 23 00 25 00 2f 02 20 00 25
E3/SE037.DAT,0x48594,0x48596,0x48598,0x4859F,0x4859F,0x17,9,7,0,,medium,control_0100,01 00,00 00 00 0e 00 2b 00 03 00 26 00 00 00 27 00 ff,01 00 25 00 1a 00 1e 00 25
E3/SE038.DAT,0x47A1A,0x47A1C,0x47A1C,0x47A29,0x47A29,0x17,13,13,0,,medium,none,,00 00 00 0e 00 2b 00 03 00 26 00 00 00 27 00 ff,28 00 14 01 23 00 25 00 31 01 20 00 25
E3/SE038.DAT,0x47C16,0x47C18,0x47C18,0x47C25,0x47C25,0x17,13,13,0,,medium,none,,00 00 00 0e 00 2b 00 03 00 26 00 00 00 27 00 ff,28 00 12 02 23 00 25 00 2f 02 20 00 25
E3/SE038.DAT,0x48594,0x48596,0x48598,0x4859F,0x4859F,0x17,9,7,0,,medium,control_0100,01 00,00 00 00 0e 00 2b 00 03 00 26 00 00 00 27 00 ff,01 00 25 00 1a 00 1e 00 25
E3/SE039.DAT,0x47A1A,0x47A1C,0x47A1C,0x47A29,0x47A29,0x17,13,13,0,,medium,none,,00 00 00 0e 00 2b 00 03 00 26 00 00 00 27 00 ff,28 00 14 01 23 00 25 00 31 01 20 00 25
E3/SE039.DAT,0x47C16,0x47C18,0x47C18,0x47C25,0x47C25,0x17,13,13,0,,medium,none,,00 00 00 0e 00 2b 00 03 00 26 00 00 00 27 00 ff,28 00 12 02 23 00 25 00 2f 02 20 00 25
E3/SE039.DAT,0x48594,0x48596,0x48598,0x4859F,0x4859F,0x17,9,7,0,,medium,control_0100,01 00,00 00 00 0e 00 2b 00 03 00 26 00 00 00 27 00 ff,01 00 25 00 1a 00 1e 00 25
E3/SE03A.DAT,0x47A1A,0x47A1C,0x47A1C,0x47A29,0x47A29,0x17,13,13,0,,medium,none,,00 00 00 0e 00 2b 00 03 00 26 00 00 00 27 00 ff,28 00 14 01 23 00 25 00 31 01 20 00 25
E3/SE03A.DAT,0x47C16,0x47C18,0x47C18,0x47C25,0x47C25,0x17,13,13,0,,medium,none,,00 00 00 0e 00 2b 00 03 00 26 00 00 00 27 00 ff,28 00 12 02 23 00 25 00 2f 02 20 00 25
E3/SE03A.DAT,0x48594,0x48596,0x48598,0x4859F,0x4859F,0x17,9,7,0,,medium,control_0100,01 00,00 00 00 0e 00 2b 00 03 00 26 00 00 00 27 00 ff,01 00 25 00 1a 00 1e 00 25
E4/SE041.DAT,0x47A1A,0x47A1C,0x47A1C,0x47A29,0x47A29,0x17,13,13,0,,medium,none,,00 00 00 0e 00 2b 00 03 00 26 00 00 00 27 00 ff,28 00 14 01 23 00 25 00 31 01 20 00 25
E4/SE041.DAT,0x47C16,0x47C18,0x47C18,0x47C25,0x47C25,0x17,13,13,0,,medium,none,,00 00 00 0e 00 2b 00 03 00 26 00 00 00 27 00 ff,28 00 12 02 23 00 25 00 2f 02 20 00 25
E4/SE041.DAT,0x48594,0x48596,0x48598,0x4859F,0x4859F,0x17,9,7,0,,medium,control_0100,01 00,00 00 00 0e 00 2b 00 03 00 26 00 00 00 27 00 ff,01 00 25 00 1a 00 1e 00 25
E4/SE042.DAT,0x47A1A,0x47A1C,0x47A1C,0x47A29,0x47A29,0x17,13,13,0,,medium,none,,00 00 00 0e 00 2b 00 03 00 26 00 00 00 27 00 ff,28 00 14 01 23 00 25 00 31 01 20 00 25
E4/SE042.DAT,0x47C16,0x47C18,0x47C18,0x47C25,0x47C25,0x17,13,13,0,,medium,none,,00 00 00 0e 00 2b 00 03 00 26 00 00 00 27 00 ff,28 00 12 02 23 00 25 00 2f 02 20 00 25
E4/SE042.DAT,0x48594,0x48596,0x48598,0x4859F,0x4859F,0x17,9,7,0,,medium,control_0100,01 00,00 00 00 0e 00 2b 00 03 00 26 00 00 00 27 00 ff,01 00 25 00 1a 00 1e 00 25
E4/SE043.DAT,0x47A1A,0x47A1C,0x47A1C,0x47A29,0x47A29,0x17,13,13,0,,medium,none,,00 00 00 0e 00 2b 00 03 00 26 00 00 00 27 00 ff,28 00 14 01 23 00 25 00 31 01 20 00 25
E4/SE043.DAT,0x47C16,0x47C18,0x47C18,0x47C25,0x47C25,0x17,13,13,0,,medium,none,,00 00 00 0e 00 2b 00 03 00 26 00 00 00 27 00 ff,28 00 12 02 23 00 25 00 2f 02 20 00 25
E4/SE043.DAT,0x48594,0x48596,0x48598,0x4859F,0x4859F,0x17,9,7,0,,medium,control_0100,01 00,00 00 00 0e 00 2b 00 03 00 26 00 00 00 27 00 ff,01 00 25 00 1a 00 1e 00 25
E4/SE044.DAT,0x47A1A,0x47A1C,0x47A1C,0x47A29,0x47A29,0x17,13,13,0,,medium,none,,00 00 00 0e 00 2b 00 03 00 26 00 00 00 27 00 ff,28 00 14 01 23 00 25 00 31 01 20 00 25
E4/SE044.DAT,0x47C16,0x47C18,0x47C18,0x47C25,0x47C25,0x17,13,13,0,,medium,none,,00 00 00 0e 00 2b 00 03 00 26 00 00 00 27 00 ff,28 00 12 02 23 00 25 00 2f 02 20 00 25
E4/SE044.DAT,0x48594,0x48596,0x48598,0x4859F,0x4859F,0x17,9,7,0,,medium,control_0100,01 00,00 00 00 0e 00 2b 00 03 00 26 00 00 00 27 00 ff,01 00 25 00 1a 00 1e 00 25
E4/SE045.DAT,0x47A1A,0x47A1C,0x47A1C,0x47A29,0x47A29,0x17,13,13,0,,medium,none,,00 00 00 0e 00 2b 00 03 00 26 00 00 00 27 00 ff,28 00 14 01 23 00 25 00 31 01 20 00 25
E4/SE045.DAT,0x47C16,0x47C18,0x47C18,0x47C25,0x47C25,0x17,13,13,0,,medium,none,,00 00 00 0e 00 2b 00 03 00 26 00 00 00 27 00 ff,28 00 12 02 23 00 25 00 2f 02 20 00 25
E4/SE045.DAT,0x48594,0x48596,0x48598,0x4859F,0x4859F,0x17,9,7,0,,medium,control_0100,01 00,00 00 00 0e 00 2b 00 03 00 26 00 00 00 27 00 ff,01 00 25 00 1a 00 1e 00 25
E4/SE046.DAT,0x47A1A,0x47A1C,0x47A1C,0x47A29,0x47A29,0x17,13,13,0,,medium,none,,00 00 00 0e 00 2b 00 03 00 26 00 00 00 27 00 ff,28 00 14 01 23 00 25 00 31 01 20 00 25
E4/SE046.DAT,0x47C16,0x47C18,0x47C18,0x47C25,0x47C25,0x17,13,13,0,,medium,none,,00 00 00 0e 00 2b 00 03 00 26 00 00 00 27 00 ff,28 00 12 02 23 00 25 00 2f 02 20 00 25
E4/SE046.DAT,0x48594,0x48596,0x48598,0x4859F,0x4859F,0x17,9,7,0,,medium,control_0100,01 00,00 00 00 0e 00 2b 00 03 00 26 00 00 00 27 00 ff,01 00 25 00 1a 00 1e 00 25
E4/SE047.DAT,0x47A1A,0x47A1C,0x47A1C,0x47A29,0x47A29,0x17,13,13,0,,medium,none,,00 00 00 0e 00 2b 00 03 00 26 00 00 00 27 00 ff,28 00 14 01 23 00 25 00 31 01 20 00 25
E4/SE047.DAT,0x47C16,0x47C18,0x47C18,0x47C25,0x47C25,0x17,13,13,0,,medium,none,,00 00 00 0e 00 2b 00 03 00 26 00 00 00 27 00 ff,28 00 12 02 23 00 25 00 2f 02 20 00 25
E4/SE047.DAT,0x48594,0x48596,0x48598,0x4859F,0x4859F,0x17,9,7,0,,medium,control_0100,01 00,00 00 00 0e 00 2b 00 03 00 26 00 00 00 27 00 ff,01 00 25 00 1a 00 1e 00 25
E4/SE048.DAT,0x47A1A,0x47A1C,0x47A1C,0x47A29,0x47A29,0x17,13,13,0,,medium,none,,00 00 00 0e 00 2b 00 03 00 26 00 00 00 27 00 ff,28 00 14 01 23 00 25 00 31 01 20 00 25
E4/SE048.DAT,0x47C16,0x47C18,0x47C18,0x47C25,0x47C25,0x17,13,13,0,,medium,none,,00 00 00 0e 00 2b 00 03 00 26 00 00 00 27 00 ff,28 00 12 02 23 00 25 00 2f 02 20 00 25
E4/SE048.DAT,0x48594,0x48596,0x48598,0x4859F,0x4859F,0x17,9,7,0,,medium,control_0100,01 00,00 00 00 0e 00 2b 00 03 00 26 00 00 00 27 00 ff,01 00 25 00 1a 00 1e 00 25
E4/SE049.DAT,0x47A1A,0x47A1C,0x47A1C,0x47A29,0x47A29,0x17,13,13,0,,medium,none,,00 00 00 0e 00 2b 00 03 00 26 00 00 00 27 00 ff,28 00 14 01 23 00 25 00 31 01 20 00 25
E4/SE049.DAT,0x47C16,0x47C18,0x47C18,0x47C25,0x47C25,0x17,13,13,0,,medium,none,,00 00 00 0e 00 2b 00 03 00 26 00 00 00 27 00 ff,28 00 12 02 23 00 25 00 2f 02 20 00 25
E4/SE049.DAT,0x48594,0x48596,0x48598,0x4859F,0x4859F,0x17,9,7,0,,medium,control_0100,01 00,00 00 00 0e 00 2b 00 03 00 26 00 00 00 27 00 ff,01 00 25 00 1a 00 1e 00 25
E4/SE04A.DAT,0x18338,0x1833A,0x1833A,0x18340,0x18340,0x17,6,6,0,,medium,none,,00 00 54 01 05 39 ab a7 5a 7a ff 23 42 9b 29 9a,32 55 55 23 f8 19
E4/SE04A.DAT,0x47A1A,0x47A1C,0x47A1C,0x47A29,0x47A29,0x17,13,13,0,,medium,none,,00 00 00 0e 00 2b 00 03 00 26 00 00 00 27 00 ff,28 00 14 01 23 00 25 00 31 01 20 00 25
E4/SE04A.DAT,0x47C16,0x47C18,0x47C18,0x47C25,0x47C25,0x17,13,13,0,,medium,none,,00 00 00 0e 00 2b 00 03 00 26 00 00 00 27 00 ff,28 00 12 02 23 00 25 00 2f 02 20 00 25
E4/SE04A.DAT,0x48594,0x48596,0x48598,0x4859F,0x4859F,0x17,9,7,0,,medium,control_0100,01 00,00 00 00 0e 00 2b 00 03 00 26 00 00 00 27 00 ff,01 00 25 00 1a 00 1e 00 25
E5/SE051.DAT,0x47A1A,0x47A1C,0x47A1C,0x47A29,0x47A29,0x17,13,13,0,,medium,none,,00 00 00 0e 00 2b 00 03 00 26 00 00 00 27 00 ff,28 00 14 01 23 00 25 00 31 01 20 00 25
E5/SE051.DAT,0x47C16,0x47C18,0x47C18,0x47C25,0x47C25,0x17,13,13,0,,medium,none,,00 00 00 0e 00 2b 00 03 00 26 00 00 00 27 00 ff,28 00 12 02 23 00 25 00 2f 02 20 00 25
E5/SE051.DAT,0x48594,0x48596,0x48598,0x4859F,0x4859F,0x17,9,7,0,,medium,control_0100,01 00,00 00 00 0e 00 2b 00 03 00 26 00 00 00 27 00 ff,01 00 25 00 1a 00 1e 00 25
E5/SE052.DAT,0x47A1A,0x47A1C,0x47A1C,0x47A29,0x47A29,0x17,13,13,0,,medium,none,,00 00 00 0e 00 2b 00 03 00 26 00 00 00 27 00 ff,28 00 14 01 23 00 25 00 31 01 20 00 25
E5/SE052.DAT,0x47C16,0x47C18,0x47C18,0x47C25,0x47C25,0x17,13,13,0,,medium,none,,00 00 00 0e 00 2b 00 03 00 26 00 00 00 27 00 ff,28 00 12 02 23 00 25 00 2f 02 20 00 25
E5/SE052.DAT,0x48594,0x48596,0x48598,0x4859F,0x4859F,0x17,9,7,0,,medium,control_0100,01 00,00 00 00 0e 00 2b 00 03 00 26 00 00 00 27 00 ff,01 00 25 00 1a 00 1e 00 25
E5/SE053.DAT,0x47A1A,0x47A1C,0x47A1C,0x47A29,0x47A29,0x17,13,13,0,,medium,none,,00 00 00 0e 00 2b 00 03 00 26 00 00 00 27 00 ff,28 00 14 01 23 00 25 00 31 01 20 00 25
E5/SE053.DAT,0x47C16,0x47C18,0x47C18,0x47C25,0x47C25,0x17,13,13,0,,medium,none,,00 00 00 0e 00 2b 00 03 00 26 00 00 00 27 00 ff,28 00 12 02 23 00 25 00 2f 02 20 00 25
E5/SE053.DAT,0x48594,0x48596,0x48598,0x4859F,0x4859F,0x17,9,7,0,,medium,control_0100,01 00,00 00 00 0e 00 2b 00 03 00 26 00 00 00 27 00 ff,01 00 25 00 1a 00 1e 00 25
E5/SE054.DAT,0x47A1A,0x47A1C,0x47A1C,0x47A29,0x47A29,0x17,13,13,0,,medium,none,,00 00 00 0e 00 2b 00 03 00 26 00 00 00 27 00 ff,28 00 14 01 23 00 25 00 31 01 20 00 25
E5/SE054.DAT,0x47C16,0x47C18,0x47C18,0x47C25,0x47C25,0x17,13,13,0,,medium,none,,00 00 00 0e 00 2b 00 03 00 26 00 00 00 27 00 ff,28 00 12 02 23 00 25 00 2f 02 20 00 25
E5/SE054.DAT,0x48594,0x48596,0x48598,0x4859F,0x4859F,0x17,9,7,0,,medium,control_0100,01 00,00 00 00 0e 00 2b 00 03 00 26 00 00 00 27 00 ff,01 00 25 00 1a 00 1e 00 25
E5/SE055.DAT,0x47A1A,0x47A1C,0x47A1C,0x47A29,0x47A29,0x17,13,13,0,,medium,none,,00 00 00 0e 00 2b 00 03 00 26 00 00 00 27 00 ff,28 00 14 01 23 00 25 00 31 01 20 00 25
E5/SE055.DAT,0x47C16,0x47C18,0x47C18,0x47C25,0x47C25,0x17,13,13,0,,medium,none,,00 00 00 0e 00 2b 00 03 00 26 00 00 00 27 00 ff,28 00 12 02 23 00 25 00 2f 02 20 00 25
E5/SE055.DAT,0x48594,0x48596,0x48598,0x4859F,0x4859F,0x17,9,7,0,,medium,control_0100,01 00,00 00 00 0e 00 2b 00 03 00 26 00 00 00 27 00 ff,01 00 25 00 1a 00 1e 00 25
E5/SE056.DAT,0x47A1A,0x47A1C,0x47A1C,0x47A29,0x47A29,0x17,13,13,0,,medium,none,,00 00 00 0e 00 2b 00 03 00 26 00 00 00 27 00 ff,28 00 14 01 23 00 25 00 31 01 20 00 25
E5/SE056.DAT,0x47C16,0x47C18,0x47C18,0x47C25,0x47C25,0x17,13,13,0,,medium,none,,00 00 00 0e 00 2b 00 03 00 26 00 00 00 27 00 ff,28 00 12 02 23 00 25 00 2f 02 20 00 25
E5/SE056.DAT,0x48594,0x48596,0x48598,0x4859F,0x4859F,0x17,9,7,0,,medium,control_0100,01 00,00 00 00 0e 00 2b 00 03 00 26 00 00 00 27 00 ff,01 00 25 00 1a 00 1e 00 25
E5/SE057.DAT,0x47A1A,0x47A1C,0x47A1C,0x47A29,0x47A29,0x17,13,13,0,,medium,none,,00 00 00 0e 00 2b 00 03 00 26 00 00 00 27 00 ff,28 00 14 01 23 00 25 00 31 01 20 00 25
E5/SE057.DAT,0x47C16,0x47C18,0x47C18,0x47C25,0x47C25,0x17,13,13,0,,medium,none,,00 00 00 0e 00 2b 00 03 00 26 00 00 00 27 00 ff,28 00 12 02 23 00 25 00 2f 02 20 00 25
E5/SE057.DAT,0x48594,0x48596,0x48598,0x4859F,0x4859F,0x17,9,7,0,,medium,control_0100,01 00,00 00 00 0e 00 2b 00 03 00 26 00 00 00 27 00 ff,01 00 25 00 1a 00 1e 00 25
E5/SE058.DAT,0x47A1A,0x47A1C,0x47A1C,0x47A29,0x47A29,0x17,13,13,0,,medium,none,,00 00 00 0e 00 2b 00 03 00 26 00 00 00 27 00 ff,28 00 14 01 23 00 25 00 31 01 20 00 25
E5/SE058.DAT,0x47C16,0x47C18,0x47C18,0x47C25,0x47C25,0x17,13,13,0,,medium,none,,00 00 00 0e 00 2b 00 03 00 26 00 00 00 27 00 ff,28 00 12 02 23 00 25 00 2f 02 20 00 25
E5/SE058.DAT,0x48594,0x48596,0x48598,0x4859F,0x4859F,0x17,9,7,0,,medium,control_0100,01 00,00 00 00 0e 00 2b 00 03 00 26 00 00 00 27 00 ff,01 00 25 00 1a 00 1e 00 25
E5/SE059.DAT,0x47A1A,0x47A1C,0x47A1C,0x47A29,0x47A29,0x17,13,13,0,,medium,none,,00 00 00 0e 00 2b 00 03 00 26 00 00 00 27 00 ff,28 00 14 01 23 00 25 00 31 01 20 00 25
E5/SE059.DAT,0x47C16,0x47C18,0x47C18,0x47C25,0x47C25,0x17,13,13,0,,medium,none,,00 00 00 0e 00 2b 00 03 00 26 00 00 00 27 00 ff,28 00 12 02 23 00 25 00 2f 02 20 00 25
E5/SE059.DAT,0x48594,0x48596,0x48598,0x4859F,0x4859F,0x17,9,7,0,,medium,control_0100,01 00,00 00 00 0e 00 2b 00 03 00 26 00 00 00 27 00 ff,01 00 25 00 1a 00 1e 00 25
E5/SE05A.DAT,0x25A20,0x25A22,0x25A22,0x25A28,0x25A28,0x17,6,6,0,,medium,none,,00 00 54 01 05 39 ab a7 5a 7a ff 23 42 9b 29 9a,32 55 55 23 f8 19
E5/SE05A.DAT,0x46A10,0x46A12,0x46A12,0x46A1F,0x46A1F,0x17,13,13,0,,medium,none,,00 00 00 0e 00 2b 00 03 00 26 00 00 00 27 00 ff,28 00 0f 01 23 00 25 00 2c 01 20 00 25
E5/SE05A.DAT,0x46C0C,0x46C0E,0x46C0E,0x46C1B,0x46C1B,0x17,13,13,0,,medium,none,,00 00 00 0e 00 2b 00 03 00 26 00 00 00 27 00 ff,28 00 0d 02 23 00 25 00 2a 02 20 00 25
E5/SE05A.DAT,0x4758A,0x4758C,0x4758E,0x47595,0x47595,0x17,9,7,0,,medium,control_0100,01 00,00 00 00 0e 00 2b 00 03 00 26 00 00 00 27 00 ff,01 00 25 00 1a 00 1e 00 25
E5/SE05A.DAT,0x48732,0x48734,0x48734,0x48746,0x48746,0x19,18,18,0,,medium,none,,00 00 00 00 00 00 7f 14 19 00 1e 20 1e 02 e4 3d,97 97 97 24 e4 3d 3d 3e 6a 2e 2e 27 30 44 1f 37 e4 3d
E5/SE05A.DAT,0x4874E,0x48750,0x48750,0x4876D,0x4876D,0x19,29,29,1,,medium+,none,,00 00 00 19 00 97 97 97 97 e4 3d 2c e4 3d 2c e4,1e 20 1e 02 e4 3d e6 01 28 1f 1e 21 24 2e 1c 43 1f 1e 2f 1f 3b 59 22 20 1d e4 3d e4 3d
E5/SE05A.DAT,0x48770,0x48772,0x48772,0x4879B,0x4879B,0x19,41,41,1,,medium+,none,,00 00 00 1b 00 01 00 02 00 00 00 00 00 83 14 21,97 97 97 97 e4 3d 2c e4 3d 2c e4 3d 2c e4 3d e4 3d e4 3d 21 24 e6 01 e4 3d 35 32 38 1b 1d 1b 4a 48 1d 1b 02 3c e4 3d e4 3d
E5/SE05A.DAT,0x487B2,0x487B4,0x487B4,0x487C8,0x487C8,0x17,20,20,0,,medium,none,,00 00 1b 00 01 00 02 00 00 00 00 00 87 14 21 00,03 00 2e 29 4b 2e 29 4b 24 c3 55 23 1b 22 3d 02 e4 3d e4 3d
E5/SE05A.DAT,0x487DE,0x487E0,0x487E0,0x487ED,0x487ED,0x19,13,13,0,,medium,none,,00 00 00 19 00 1d 2d 21 24 7d 44 73 26 1d 40 45,46 24 e4 3d 26 e4 1f 1e e4 1f 55 e4 3d
E5/SE05A.DAT,0x487F0,0x487F2,0x487F2,0x48818,0x48818,0x19,38,38,1,,medium+,none,,00 00 19 00 27 29 21 1b 1d 3a 1b 24 1b 27 41 29,1d 2d 21 24 7d 44 73 26 1d 40 45 33 1d 1c 02 e4 3d e6 01 43 1f 1e 2f c3 55 20 33 3b 41 26 1d 2d 21 02 e4 3d e4 3d
E5/SE05A.DAT,0x4881A,0x4881C,0x4881C,0x48844,0x48844,0x19,40,40,0,,medium,none,,00 00 1b 00 01 00 02 00 07 00 08 00 8b 14 19 00,27 29 21 1b 1d 3a 1b 24 1b 27 41 29 4b 23 1b 29 21 dd b6 82 62 dd b6 82 62 1c 78 82 62 78 82 62 23 2c 2c 2c e4 3d e4 3d
E5/SE05A.DAT,0x48852,0x48854,0x48854,0x48869,0x48869,0x19,21,21,0,,medium,none,,00 00 00 1b 00 01 00 02 00 19 00 1b 29 35 3f 3f,e4 1f 26 24 e4 3d 3b 24 e4 3d 3b e4 1f 38 e4 1f 1b e4 3d e4 3d
E5/SE05A.DAT,0x48872,0x48874,0x48874,0x48881,0x48881,0x19,13,13,0,,medium,none,,00 00 00 1b 00 01 00 02 00 21 00 00 00 01 00 3c,1b 29 35 3f 3f 3f 3f 3f 3f 1b 02 e4 3d
E5/SE05A.DAT,0x48892,0x48894,0x48894,0x488B0,0x488B0,0x19,28,28,1,,medium+,none,,00 00 1b 00 01 00 02 00 07 00 08 00 90 14 21 00,1d 20 1d 20 40 22 43 4c 24 e6 01 38 26 dd 04 22 3a 1d 1b 43 02 e4 3d 46 1b 02 e4 3d
E5/SE05A.DAT,0x488C6,0x488C8,0x488C8,0x488DB,0x488DB,0x19,19,19,0,,medium,none,,00 00 00 1b 00 01 00 02 00 21 00 00 00 01 00 3c,40 29 75 39 2e 29 4b 1c c4 2a 1b 1b 43 4c 02 e4 3d e4 3d
E5/SE05A.DAT,0x488EC,0x488EE,0x488EE,0x488FB,0x488FB,0x19,13,13,0,,medium,none,,00 00 00 1b 00 01 00 02 00 0a 00 ff ff 09 00 0a,1b 30 3d 24 5f 34 47 62 31 02 02 e4 3d
E5/SE05A.DAT,0x48920,0x48922,0x48922,0x4892D,0x4892D,0x19,11,11,0,,medium,none,,00 00 00 1b 00 01 00 02 00 00 00 00 00 83 14 21,4a 48 3f 24 d5 dd cb 3d 02 e4 3d
E5/SE05A.DAT,0x48944,0x48946,0x48946,0x48958,0x48958,0x17,18,18,0,,medium,none,,00 00 1b 00 01 00 02 00 33 00 07 00 00 00 33 00,03 00 c3 55 35 29 21 1b 29 21 22 1c 23 2c 2c 2c e4 3d
E5/SE05A.DAT,0x48BF6,0x48BF8,0x48BF8,0x48C03,0x48C03,0x19,11,11,0,,medium,none,,00 00 00 19 00 43 1f 1e 24 9d 51 1f 43 02 e4 3d,3f 31 3b 38 1e 55 20 29 1f e4 3d
E5/SE05A.DAT,0x48C06,0x48C08,0x48C08,0x48C26,0x48C26,0x19,30,30,1,,medium+,none,,00 00 1b 00 01 00 02 00 17 00 01 00 3b 36 38 35,43 1f 1e 24 9d 51 1f 43 02 e4 3d e6 01 3f 1d 1f 83 1c 3b 36 38 35 4b 23 1d 22 02 02 e4 3d
E5/SE05A.DAT,0x48C2E,0x48C30,0x48C32,0x48C42,0x48C42,0x17,18,16,0,,medium,control_0100,01 00,00 00 1b 00 01 00 02 00 07 00 08 00 96 14 19 00,01 00 3b 36 38 35 4b 29 21 1b 29 21 38 2c 2c 2c e4 3d
E5/SE05A.DAT,0x48C50,0x48C52,0x48C52,0x48C73,0x48C73,0x19,33,33,0,,medium,none,,00 00 00 1b 00 01 00 02 00 07 00 08 00 9c 14 45,43 1f 1e 28 ce dd 12 8e 1c 50 dd 1b dd 51 dd 33 1b 6c 69 d1 37 54 26 6a 3d 55 1e 3e 37 e4 3d e4 3d
E5/SE05A.DAT,0x48C88,0x48C8A,0x48C8A,0x48CAC,0x48CAC,0x19,34,34,0,,medium,none,,00 00 1b 00 01 00 02 00 07 00 08 00 96 14 19 00,43 1f 1e 36 de 8a 99 1f 1b 36 44 28 24 6c 69 34 dd 02 57 3a 2d 1c 45 d2 30 3d 2d 30 4c 02 e4 3d e4 3d
E5/SE05A.DAT,0x48CBA,0x48CBC,0x48CBC,0x48CE8,0x48CE8,0x19,44,44,0,,medium,none,,00 00 19 00 dd 3a 53 64 31 7c 1c 5b 53 dd a0 7f,1f 35 1e 24 47 78 6b 42 1c 5b d1 53 dd a1 de be de eb 5a 5b 4e 65 7c 1c de f2 5a 5b bc 57 dd 02 34 de be dd e7 5a e4 3d e4 3d e4 3d
E5/SE05A.DAT,0x48CEA,0x48CEC,0x48CEC,0x48D16,0x48D16,0x19,42,42,0,,medium,none,,00 00 19 00 42 6b af 31 60 d6 1c 5b 6f 65 81 34,dd 3a 53 64 31 7c 1c 5b 53 dd a0 7f 1c dd 10 5a 5b dd 56 bc 57 47 1c dd 10 5a 5b dd 60 34 af 57 1c df 34 5a e4 3d e4 3d e4 3d
E5/SE05A.DAT,0x48D18,0x48D1A,0x48D1A,0x48D43,0x48D43,0x19,41,41,0,,medium,none,,00 00 00 1b 00 01 00 02 00 07 00 08 00 9c 14 19,42 6b af 31 60 d6 1c 5b 6f 65 81 34 dd 8f dd 9d 5a 5b 77 57 de 3d de 2d 5a 5b 65 60 ab 64 1c 1b 43 89 5a e4 3d e4 3d e4 3d
E5/SE05A.DAT,0x48D52,0x48D54,0x48D54,0x48D69,0x48D69,0x19,21,21,0,,medium,none,,00 00 00 1b 00 01 00 02 00 07 00 08 00 99 14 19,4a 48 1d 1b 36 24 e4 3d 1b 2c e4 1f 40 2c e4 1f 3d 29 02 e4 3d
E5/SE05A.DAT,0x48D78,0x48D7A,0x48D7A,0x48D86,0x48D86,0x19,12,12,0,,medium,none,,00 00 1b 00 01 00 02 00 3a 00 06 00 29 00 00 00,4a 48 3f 24 27 1f 4c 31 02 02 e4 3d
E5/SE05A.DAT,0x48FF4,0x48FF6,0x48FF6,0x4900D,0x4900D,0x19,23,23,1,,medium+,none,,00 00 00 19 00 3a 3f 24 6d 2d 1d 30 3b 54 39 27,1b 33 1e 48 1b 27 59 02 e6 01 4b 73 2e 30 c0 31 2b 02 02 e4 3d e4 3d
E5/SE05A.DAT,0x49010,0x49012,0x49012,0x49023,0x49023,0x19,17,17,0,,medium,none,,00 00 00 07 00 08 00 9f 14 21 00 00 00 01 00 f0,3a 3f 24 6d 2d 1d 30 3b 54 39 27 1e 73 26 02 e4 3d
E5/SE05A.DAT,0x49034,0x49036,0x49036,0x49043,0x49043,0x19,13,13,0,,medium,none,,00 00 00 07 00 ff ff 00 00 07 00 a7 14 21 00 00,43 31 1b 24 3b 38 1e 55 31 1b 02 e4 3d
E5/SE05A.DAT,0x4906E,0x49070,0x49070,0x4907F,0x4907F,0x17,15,15,0,0x49068,high,none,,00 00 00 21 00 05 00 00 00 1b 00 01 00 01 00 1b,03 00 51 2a 27 43 22 3d dd 45 2c 2c 2c e4 3d
E5/SE05A.DAT,0x490B0,0x490B2,0x490B2,0x490C1,0x490C1,0x19,15,15,0,0x490AA,high,none,,00 00 00 21 00 05 00 00 00 1b 00 01 00 01 00 1b,97 c0 31 2d 24 35 32 20 36 51 21 c0 2c 2c 2c
F/SF011.DAT,0x47A1A,0x47A1C,0x47A1C,0x47A29,0x47A29,0x17,13,13,0,,medium,none,,00 00 00 0e 00 2b 00 03 00 26 00 00 00 27 00 ff,28 00 14 01 23 00 25 00 31 01 20 00 25
F/SF011.DAT,0x47C16,0x47C18,0x47C18,0x47C25,0x47C25,0x17,13,13,0,,medium,none,,00 00 00 0e 00 2b 00 03 00 26 00 00 00 27 00 ff,28 00 12 02 23 00 25 00 2f 02 20 00 25
F/SF011.DAT,0x48594,0x48596,0x48598,0x4859F,0x4859F,0x17,9,7,0,,medium,control_0100,01 00,00 00 00 0e 00 2b 00 03 00 26 00 00 00 27 00 ff,01 00 25 00 1a 00 1e 00 25
F/SF021.DAT,0x47B6E,0x47B70,0x47B70,0x47B7D,0x47B7D,0x19,13,13,0,,medium,none,,00 00 00 07 00 01 00 37 00 06 00 18 00 1c 00 d9,c1 00 26 00 39 00 19 00 c5 00 26 00 2a
F/SF021.DAT,0x47D9E,0x47DA0,0x47DA0,0x47DAF,0x47DAF,0x17,15,15,0,0x47D98,high,none,,00 00 00 21 00 05 00 00 00 1b 00 01 00 01 00 1b,03 00 36 2d 30 38 1d 1b 50 7b 35 29 1f 4c 37
F/SF021.DAT,0x47DE0,0x47DE2,0x47DE4,0x47E02,0x47E02,0x17,32,30,1,0x47DDA,high,control_0100,01 00,00 00 21 00 05 00 00 00 1b 00 01 00 01 00 1b 00,01 00 30 38 85 83 1c 4d 4f 23 7b 26 29 21 dd 3e 28 e6 01 dd 08 dd d6 de e2 2d 30 1d 1b 1c 3d 37
F/SF021.DAT,0x47E98,0x47E9A,0x47E9A,0x47EB4,0x47EB4,0x17,26,26,1,0x47E92,high,none,,00 00 21 00 05 00 00 00 1b 00 01 00 01 00 1b 00,04 00 54 32 24 e6 01 43 1e 23 38 a0 59 21 3e 32 2d 20 1c dd 57 37 e4 3d e4 1f
F/SF021.DAT,0x47F0E,0x47F10,0x47F10,0x47F1E,0x47F1E,0x17,14,14,0,0x47F08,high,none,,00 00 21 00 05 00 00 00 1b 00 01 00 01 00 1b 00,04 00 44 32 1b 1d 38 2d 4a 48 1c dd 57 37
F/SF021.DAT,0x47F4C,0x47F4E,0x47F4E,0x47F61,0x47F61,0x17,19,19,0,,medium,none,,00 00 00 21 00 00 00 01 00 3c 00 33 00 03 00 21,04 00 3b 29 36 e4 15 36 e4 06 36 e4 06 36 e4 06 36 e4 3d
F/SF021.DAT,0x47F82,0x47F84,0x47F84,0x47F8C,0x47F8C,0x17,8,8,0,,medium,none,,00 00 21 00 00 00 01 00 14 00 07 00 08 00 bc 06,04 00 1e 38 1f a1 31 02
F/SF021.DAT,0x47FF0,0x47FF2,0x47FF2,0x48003,0x48003,0x19,17,17,1,0x47FEA,high,none,,00 00 00 21 00 05 00 00 00 1b 00 01 00 01 00 1b,c1 1c 4d 4f 25 e6 01 40 29 36 56 33 32 1f 6a 1b 37
F/SF021.DAT,0x48034,0x48036,0x48036,0x48070,0x48070,0x19,58,58,3,0x4802E,high,none,,00 00 21 00 05 00 00 00 1b 00 01 00 01 00 1b 00,c1 1c 4d 4f 25 e6 01 c1 2f a4 dd e6 23 3f 40 45 55 26 36 9f 29 1f dd da 52 2a e6 01 5f 34 47 62 31 36 dd 29 39 dd b3 44 1e 21 24 e6 01 43 1e 2f
F/SF021.DAT,0x480A0,0x480A2,0x480A2,0x480D0,0x480D0,0x19,46,46,2,0x4809A,high,none,,00 00 21 00 05 00 00 00 1b 00 01 00 01 00 1b 00,c1 1c 4d 4f 25 e6 01 c1 2a df 30 3e 1c 23 28 dd e5 dd e6 2a 3f 22 24 e6 01 d5 87 1d dd 24 dd 50 30 dd 15 46 21 28 1d 33 2d 1c 23 1c 26 37
F/SF021.DAT,0x48100,0x48102,0x48104,0x4810C,0x4810C,0x17,10,8,0,0x480FA,high,control_0100,01 00,00 00 21 00 05 00 00 00 1b 00 01 00 01 00 1b 00,01 00 3f 1d 1f c1 1c 4d 4f 3c
F/SF021.DAT,0x4813C,0x4813E,0x4813E,0x48174,0x48174,0x19,54,54,1,0x48136,high,none,,00 00 21 00 05 00 00 00 1b 00 01 00 01 00 1b 00,c1 1c 4d 4f 25 e6 01 1b 20 23 38 37 dd 0f 4a dd 5d 51 33 32 1f 17 11 11 da 1c 88 24 8c 29 36 52 88 1c dd 7a 1e 3f 1b 1c dd 64 30 40 39 36 39 3a
F/SF021.DAT,0x481A4,0x481A6,0x481A6,0x481DE,0x481DE,0x19,56,56,3,0x4819E,high,none,,00 00 21 00 05 00 00 00 1b 00 01 00 01 00 1b 00,c1 1c 4d 4f 25 e6 01 3b ae 33 2a 8f 31 c9 2f dd 9f 1e 21 3e 32 1d 49 32 58 24 e6 01 2e 32 2a 8c 29 36 dd 9b 1b 1f 20 36 9f 26 36 3a 2b 2a 23 e6
F/SF021.DAT,0x4820E,0x48210,0x48210,0x4823A,0x4823A,0x17,42,42,0,0x48208,high,none,,00 00 21 00 05 00 00 00 1b 00 01 00 01 00 1b 00,05 00 52 1c dd 6f c6 28 cf 36 1e 21 dd d4 3e 1c dd ba de 15 2f dd 1c b5 37 1e 20 1e 24 52 28 de 4a 99 c6 22 7a 2a 30 44 22 37
F/SF021.DAT,0x4826A,0x4826C,0x4826C,0x48290,0x48290,0x17,36,36,0,0x48264,high,none,,00 00 21 00 05 00 00 00 1b 00 01 00 01 00 1b 00,05 00 41 1e 21 c6 55 26 36 2b 22 a9 dd 09 4b 2f de 10 46 21 1b 22 1c 38 27 1f dd 24 30 28 1d 20 55 26 20 37
F/SF021.DAT,0x482C0,0x482C2,0x482C2,0x482E6,0x482E6,0x19,36,36,1,0x482BA,high,none,,00 00 21 00 05 00 00 00 1b 00 01 00 01 00 1b 00,c1 1c 4d 4f 25 e6 01 2e 1c 8f 31 c9 2f dd 9f 1e 1f 3b 27 46 33 2a 91 26 2d 4a 48 dd 27 4a 22 49 54 1c 26 37
F/SF021.DAT,0x48316,0x48318,0x48318,0x48337,0x48337,0x19,31,31,1,0x48310,high,none,,00 00 00 21 00 05 00 00 00 1b 00 01 00 01 00 1b,c1 1c 4d 4f 25 e6 01 3b ae 33 2f dd 27 4a 1f de 0c 36 1e 21 5b c1 1c 94 5a 2f dd bc 41 26 37
F/SF021.DAT,0x4842C,0x4842E,0x4842E,0x48464,0x48464,0x19,54,54,2,0x48426,high,none,,00 00 21 00 05 00 00 00 1b 00 01 00 01 00 1b 00,c1 1c 4d 4f 25 e6 01 41 26 41 26 24 43 1f 1e 1c b2 dd d7 2f b8 36 dd 0a 1c 4d 4f 23 3f 8c 49 21 3f 22 2d 4a 48 37 e6 01 dd 68 49 dd 29 22 2a 1b
F/SF021.DAT,0x48494,0x48496,0x48496,0x484B6,0x484B6,0x19,32,32,2,0x4848E,high,none,,00 00 21 00 05 00 00 00 1b 00 01 00 01 00 1b 00,c1 1c 4d 4f 25 e6 01 59 29 20 3e dd 27 4a 1f 2d 4a 48 24 e6 01 dd fe dd aa 33 2d 30 3e 32 3d 37
F/SF031.DAT,0x46A1A,0x46A1C,0x46A1C,0x46A29,0x46A29,0x17,13,13,0,,medium,none,,00 00 00 0e 00 2b 00 03 00 26 00 00 00 27 00 ff,28 00 14 01 23 00 25 00 31 01 20 00 25
F/SF031.DAT,0x46C16,0x46C18,0x46C18,0x46C25,0x46C25,0x17,13,13,0,,medium,none,,00 00 00 0e 00 2b 00 03 00 26 00 00 00 27 00 ff,28 00 12 02 23 00 25 00 2f 02 20 00 25
F/SF031.DAT,0x47594,0x47596,0x47598,0x4759F,0x4759F,0x17,9,7,0,,medium,control_0100,01 00,00 00 00 0e 00 2b 00 03 00 26 00 00 00 27 00 ff,01 00 25 00 1a 00 1e 00 25
F/SF031.DAT,0x48478,0x4847A,0x4847A,0x48486,0x48486,0x17,12,12,0,0x48472,high,none,,00 00 21 00 05 00 00 00 1b 00 01 00 00 00 1b 00,03 00 2d 29 24 6e 20 dd a4 4b 21 22
F/SF031.DAT,0x484B6,0x484B8,0x484BA,0x484CC,0x484CC,0x17,20,18,0,0x484B0,high,control_0100,01 00,00 00 21 00 05 00 00 00 1b 00 01 00 00 00 1b 00,01 00 5f 34 47 62 31 1c 3b 1d 20 1c dd 64 23 3f 29 1f 1c 4c
F/SF031.DAT,0x484FC,0x484FE,0x484FE,0x48525,0x48525,0x17,39,39,2,0x484F6,high,none,,00 00 00 21 00 05 00 00 00 1b 00 01 00 00 00 1b,03 00 2e 29 24 2e 32 28 2c 2c 2c e6 01 5b 8a 55 8a 55 57 82 a3 5a 35 02 e6 01 2e 2d 1d 36 2e 55 23 3f 29 1f 1d 2d 21
F/SF041.DAT,0x479E2,0x479E4,0x479E4,0x47A1F,0x47A1F,0x19,59,59,3,0x479DC,high,none,,00 00 00 21 00 05 00 00 00 1b 00 01 00 01 00 1b,62 34 4e 1c dd 64 1c 38 1c 25 e6 01 e4 3d 85 28 bf 1c 4d 4f 37 e4 3d e6 01 2e 1c de 41 de 46 c2 23 de 91 33 46 33 32 e6 01 8c 29 36 61 2f 2b 1b
F/SF041.DAT,0x47A5E,0x47A60,0x47A62,0x47A6C,0x47A6C,0x17,12,10,0,0x47A58,high,control_0100,01 00,00 00 21 00 05 00 00 00 1b 00 01 00 01 00 1b 00,01 00 61 2f 2b 1b dd 29 33 32 22 3c
F/SF041.DAT,0x47AAA,0x47AAC,0x47AAC,0x47AF3,0x47AF3,0x19,71,71,3,0x47AA4,high,none,,00 00 00 21 00 05 00 00 00 1b 00 01 00 01 00 1b,bf 1c 4d 4f 25 e6 01 41 26 24 2e 1c de 41 de 46 c2 28 e4 15 3f 1f 33 1e 1b e4 0b e6 01 dd 23 dd c6 53 dd b6 31 1c de 41 de 46 2f e4 15 1e 21 1b
F/SF041.DAT,0x47B24,0x47B26,0x47B26,0x47B54,0x47B54,0x19,46,46,2,0x47B1E,high,none,,00 00 21 00 05 00 00 00 1b 00 01 00 01 00 1b 00,bf 1c 4d 4f 25 e6 01 bf 1c 4d 4f 30 3f 22 e4 15 85 2f de 91 33 46 e4 0b e6 01 dd 23 dd c6 53 dd b6 31 2f e4 15 36 39 dd 9b 49 21 44 1f 37
F/SF041.DAT,0x47B84,0x47B86,0x47B86,0x47BAE,0x47BAE,0x19,40,40,2,0x47B7E,high,none,,00 00 21 00 05 00 00 00 1b 00 01 00 01 00 1b 00,bf 1c 4d 4f 25 e6 01 2e 1c 5e 2a e4 15 dd 8e 9c 44 23 e4 15 e6 01 28 2d df 55 1e 35 1e 1f 1c 28 e4 0b 41 1c 59 1b 35 37
F/SF041.DAT,0x47BDE,0x47BE0,0x47BE0,0x47C25,0x47C25,0x19,69,69,3,0x47BD8,high,none,,00 00 00 21 00 05 00 00 00 1b 00 01 00 01 00 1b,bf 1c 4d 4f 25 e6 01 dd 23 dd c6 53 dd b6 31 28 e4 15 1f 2a 1b 23 b2 49 dd 3f 46 e6 01 e4 15 dd dd 51 21 dd 04 3e 38 1c 30 e4 1f e6 01 de 09 87
F/SF041.DAT,0x47C56,0x47C58,0x47C58,0x47C7F,0x47C7F,0x19,39,39,2,0x47C50,high,none,,00 00 00 21 00 05 00 00 00 1b 00 01 00 01 00 1b,bf 1c 4d 4f 25 e6 01 dd 91 b5 24 e4 15 dd 31 49 21 3e 32 37 e6 01 e4 3d 2e 1c 62 34 4e 2f e4 15 dd 9f 1e 21 3e 32 37
F/SF041.DAT,0x47CEA,0x47CEC,0x47CEC,0x47D03,0x47D03,0x19,23,23,1,,medium+,none,,00 00 00 1b 00 01 00 02 00 21 00 00 00 01 00 78,bf 1c 4d 4f 25 e6 01 3f e4 0b 39 e4 0b 2a e4 0b 36 e4 15 26 e4 3d 37
F/SF041.DAT,0x47D2A,0x47D2C,0x47D2C,0x47D39,0x47D39,0x19,13,13,1,0x47D24,high,none,,00 00 00 21 00 05 00 00 00 1b 00 01 00 01 00 1b,e6 01 85 20 33 38 dd 6e 2f 91 3b 26 37
F/SF041.DAT,0x47DA6,0x47DA8,0x47DA8,0x47DE2,0x47DE2,0x19,58,58,3,0x47DA0,high,none,,00 00 21 00 05 00 00 00 1b 00 01 00 01 00 1b 00,dd 0a 1c 4d 4f 25 e6 01 85 28 dd 0a 1c 4d 4f 37 85 1c 70 de b1 4d 4f 30 3f 22 e6 01 bf 1c 4d 4f 2f dd e0 de 8f 1e 21 3e 32 1f e6 01 dd 6e 2f 91
F/SF041.DAT,0x47E20,0x47E22,0x47E22,0x47E4C,0x47E4C,0x19,42,42,2,0x47E1A,high,none,,00 00 21 00 05 00 00 00 1b 00 01 00 01 00 1b 00,dd 0a 1c 4d 4f 25 e6 01 1f 35 24 85 28 2e 1c 3d 26 1d 2e 36 2f dd 5b 51 1f e6 01 52 88 2f dd b0 2b 43 49 23 28 1b 20 1d 1b 37
F/SF041.DAT,0x47E8A,0x47E8C,0x47E8C,0x47EB2,0x47EB2,0x19,38,38,2,0x47E84,high,none,,00 00 21 00 05 00 00 00 1b 00 01 00 01 00 1b 00,dd 0a 1c 4d 4f 25 e6 01 52 88 83 28 24 a4 dd d6 2f a4 b2 d5 87 23 e6 01 dd ef 39 20 46 22 58 20 39 30 28 1d 3e 24
F/SF041.DAT,0x47EE2,0x47EE4,0x47EE4,0x47F15,0x47F15,0x19,49,49,2,0x47EDC,high,none,,00 00 00 21 00 05 00 00 00 1b 00 01 00 01 00 1b,dd 0a 1c 4d 4f 25 e6 01 dd 1c 44 dd 49 1c dd 09 29 21 1b 22 dd 1c cc 2f dd 23 dd c6 53 dd b6 31 23 e6 01 20 46 22 2e 36 2f dd 8b 46 28 4a 51 1f
F/SF041.DAT,0x47F54,0x47F56,0x47F56,0x47F7D,0x47F7D,0x19,39,39,2,0x47F4E,high,none,,00 00 00 21 00 05 00 00 00 1b 00 01 00 01 00 1b,dd 0a 1c 4d 4f 25 e6 01 41 1e 21 24 45 1b 23 ce dd 12 1c cc 1c de ea 30 3f 22 e6 01 4d 4f 23 ac 2f 45 49 1f 1c 35 37
F/SF041.DAT,0x47FAE,0x47FB0,0x47FB0,0x47FD4,0x47FD4,0x19,36,36,2,0x47FA8,high,none,,00 00 21 00 05 00 00 00 1b 00 01 00 01 00 1b 00,dd 0a 1c 4d 4f 25 e6 01 2e 1c 36 54 27 22 36 2e 55 2f c6 33 dd 4f dd 24 dd 50 28 e6 01 1d 2d 1d 1c 35 3c 02
F/SF041.DAT,0x48012,0x48014,0x48014,0x4804E,0x4804E,0x19,58,58,3,0x4800C,high,none,,00 00 21 00 05 00 00 00 1b 00 01 00 01 00 1b 00,dd 0a 1c 4d 4f 25 e6 01 a4 b2 30 28 6e 38 de 3b 6d 56 3a 8c e6 01 be dd 06 1c de 3b 6d 56 1e 1f dd 1c cc 2f 38 21 de 8a 99 e6 01 ce dd 12 1c de
F/SF041.DAT,0x48164,0x48166,0x48166,0x48182,0x48182,0x17,28,28,1,0x4815E,high,none,,00 00 21 00 05 00 00 00 1b 00 01 00 01 00 1b 00,04 00 dd 0a 1c 4d 4f 3d 37 e6 01 52 88 28 6e 38 de 3b 6d 56 3a 1d 1b 36 91 29 1f 2a
F/SF041.DAT,0x481B2,0x481B4,0x481B4,0x481C9,0x481C9,0x17,21,21,1,0x481AC,high,none,,00 00 00 21 00 05 00 00 00 1b 00 01 00 01 00 1b,04 00 7d 36 45 35 49 e6 01 de 3b 6d 56 59 22 38 1c 2a 3f 22 37
F/SF041.DAT,0x48200,0x48202,0x48202,0x4820B,0x4820B,0x17,9,9,0,0x481FA,high,none,,00 00 00 21 00 05 00 00 00 1b 00 01 00 01 00 1b,04 00 41 32 28 52 88 35 37
F/SF041.DAT,0x4824A,0x4824C,0x4824C,0x4825F,0x4825F,0x17,19,19,0,0x48244,high,none,,00 00 00 21 00 05 00 00 00 1b 00 01 00 01 00 1b,04 00 2e 1c dd d9 da 1c de 87 23 1b 45 43 39 28 1d 1b 37
F/SF041.DAT,0x48290,0x48292,0x48292,0x482B4,0x482B4,0x17,34,34,1,0x4828A,high,none,,00 00 21 00 05 00 00 00 1b 00 01 00 01 00 1b 00,04 00 96 dd 0d 83 28 dd d8 83 1c df 45 39 2f e6 01 c7 2b dd 47 a9 36 61 2f dd 09 29 21 1b 22 1c 35 37
F/SF041.DAT,0x482EA,0x482EC,0x482EC,0x4830F,0x4830F,0x17,35,35,2,0x482E4,high,none,,00 00 00 21 00 05 00 00 00 1b 00 01 00 01 00 1b,04 00 6e 38 20 38 dd 6f 23 d9 2b e6 01 36 1b 26 de fe dd 6b 23 e6 01 dd 34 9d 2b 22 c4 dd 51 2a 3f 32 58
F/SF041.DAT,0x48340,0x48342,0x48342,0x4835E,0x4835E,0x17,28,28,1,0x4833A,high,none,,00 00 21 00 05 00 00 00 1b 00 01 00 01 00 1b 00,04 00 43 1e 28 41 1c dd 05 26 23 e6 01 de c7 49 21 6d 1f 1b 36 9f 26 2a 1c dd 57 37
F/SF041.DAT,0x4839C,0x4839E,0x4839E,0x483C1,0x483C1,0x19,35,35,1,0x48396,high,none,,00 00 00 21 00 05 00 00 00 1b 00 01 00 01 00 1b,dd 0a 1c 4d 4f 25 e6 01 2e 1c 43 1e 23 dd ec dd 6a 2f 2b 22 36 28 1d e4 1f 2c e4 1f 2c e4 1f 2c e4 1f 37
F/SF041.DAT,0x4842A,0x4842C,0x4842C,0x48467,0x48467,0x19,59,59,3,0x48424,high,none,,00 00 00 21 00 05 00 00 00 1b 00 01 00 01 00 1b,dd 0a 1c 4d 4f 25 e6 01 3d 20 55 26 37 e4 1f 3b dd db 1c 91 dd 61 24 dd d9 da 1c de 87 37 e6 01 41 1e 21 bf 1c 4d 4f 2f dd e0 de 8f 1e 21 3e 32
F/SF041.DAT,0x48498,0x4849A,0x4849A,0x484AF,0x484AF,0x19,21,21,1,0x48492,high,none,,00 00 00 21 00 05 00 00 00 1b 00 01 00 01 00 1b,dd 0a 1c 4d 4f 25 e6 01 3b dd db 83 23 de c7 49 21 6d 3d 26 02
F/SF041.DAT,0x484E6,0x484E8,0x484E8,0x484FB,0x484FB,0x19,19,19,1,0x484E0,high,none,,00 00 00 21 00 05 00 00 00 1b 00 01 00 01 00 1b,dd 0a 1c 4d 4f 25 e6 01 1b 30 3d 24 5b 57 65 7f 34 5a 02
F/SF041.DAT,0x48540,0x48542,0x48542,0x4856B,0x4856B,0x19,41,41,2,0x4853A,high,none,,00 00 00 21 00 05 00 00 00 1b 00 01 00 01 00 1b,dd 0a 1c 4d 4f 25 e6 01 3b dd db dd 16 1c 87 dd 31 49 2f 2b 22 5b 57 65 7f 34 5a 35 37 e6 01 dd 09 29 21 1b 3e 2a 3d 1b 37
F/SF041.DAT,0x485AA,0x485AC,0x485AC,0x485C4,0x485C4,0x19,24,24,1,0x485A4,high,none,,00 00 21 00 05 00 00 00 1b 00 01 00 01 00 1b 00,dd 0a 1c 4d 4f 25 e6 01 3a 3f 5b dd 0a 1c 94 5a 2f dd 68 49 dd 29 32 37
F/SF041.DAT,0x48646,0x48648,0x48648,0x48655,0x48655,0x19,13,13,0,0x48640,high,none,,00 00 00 21 00 05 00 00 00 1b 00 01 00 00 00 1b,5b dd 0a 1c 94 5a 2f 87 23 86 32 1f 37
F/SF041.DAT,0x48686,0x48688,0x48688,0x486AF,0x486AF,0x19,39,39,2,0x48680,high,none,,00 00 00 21 00 05 00 00 00 1b 00 01 00 00 00 1b,dd 0a 1c 4d 4f 25 e6 01 dd d9 da 3d 24 41 1c de 87 2f de 24 1e 1f cf 1c a9 dd 09 4b e6 01 dd 48 32 22 30 1d 1b 6a 02
F/SF041.DAT,0x48706,0x48708,0x48708,0x4875A,0x4875A,0x19,82,82,3,,medium+,none,,00 00 1b 00 01 00 02 00 0a 00 ff ff 0b 00 0c 00,c2 d4 25 e6 01 2e 1c 27 27 e4 15 30 e4 15 2b b5 36 e4 15 9f e4 15 26 e4 15 1d 3d 37 e6 01 e4 3d 3b e4 15 ae e4 15 dd 16 e4 15 38 55 e4 15 36 38
F/SF041.DAT,0x48796,0x48798,0x48798,0x487B7,0x487B7,0x19,31,31,2,,medium+,none,,00 00 00 19 00 e6 01 2e 1c de 41 de 46 c2 28 e4,de ab dd 8a e6 01 e4 3d dd 41 dd 62 df 27 de ca 2a e4 3d e6 01 dd ef dc 1e 27 1e 1f 37 e4 3d
F/SF041.DAT,0x487BA,0x487BC,0x487BC,0x487D5,0x487D5,0x19,25,25,1,,medium+,none,,00 00 00 19 00 e6 01 1f 35 4b 23 dd 96 de c3 1e,e6 01 2e 1c de 41 de 46 c2 28 e4 3d 88 38 1d 3e dd 41 76 1e 27 2b 37 e4 3d
F/SF041.DAT,0x487D8,0x487DA,0x487DA,0x487EC,0x487EC,0x19,18,18,1,,medium+,none,,00 00 21 00 00 00 01 00 1e 00 07 00 02 00 a4 08,e6 01 1f 35 4b 23 dd 96 de c3 1e 21 70 3a 1b 37 e4 3d
F/SF041.DAT,0x4881A,0x4881C,0x4881C,0x4882D,0x4882D,0x17,17,17,0,0x48814,high,none,,00 00 00 21 00 05 00 00 00 1b 00 01 00 00 00 1b,02 00 40 58 1b 7a 23 1d 29 21 44 40 2a 29 1f a7 37
F/SF051.DAT,0x47884,0x47886,0x47886,0x4789C,0x4789C,0x19,22,22,1,,medium+,none,,00 00 19 00 dd bb dd cd 66 25 e6 01 42 31 4e 36,dd bb dd cd 66 25 e6 01 dd ca dd 8a 1b 1f 1e 27 2b 37 e4 3d e4 3d
F/SF051.DAT,0x4789E,0x478A0,0x478A0,0x478D3,0x478D3,0x19,51,51,3,,medium+,none,,00 00 00 19 00 dd bb dd cd 66 25 e6 01 1d 23 ca,dd bb dd cd 66 25 e6 01 42 31 4e 36 41 1c 8e dd 94 28 e6 01 41 1c c3 1c de d1 df 3d 23 38 20 20 43 33 8c e6 01 74 c4 2a 43 20 39 27 59 2d 37 e4
F/SF051.DAT,0x478D6,0x478D8,0x478D8,0x47902,0x47902,0x19,42,42,2,,medium+,none,,00 00 1b 00 01 00 02 00 07 00 00 00 1a 01 21 00,dd bb dd cd 66 25 e6 01 1d 23 ca 2d 24 50 44 3e 90 de 42 2a e6 01 dd 15 43 29 21 1e 27 29 21 3b 39 df 61 df 61 37 e4 3d e4 3d
F/SF051.DAT,0x47918,0x4791A,0x4791A,0x47944,0x47944,0x19,42,42,2,,medium+,none,,00 00 1b 00 01 00 02 00 00 00 00 00 23 01 21 00,42 34 81 53 25 e6 01 43 20 29 1f 37 e6 01 e4 1f de d1 df 3f 2f df 24 4b dd aa 22 3d 26 23 de 71 de 6f 2f 35 59 37 e4 3d e4 3d
F/SF051.DAT,0x47968,0x4796A,0x4796A,0x479AB,0x479AB,0x19,65,65,3,,medium+,none,,00 00 00 1b 00 01 00 02 00 21 00 00 00 01 00 5a,42 34 81 53 25 e6 01 e4 1f 2c e4 1f 2c e4 1f 2c e4 3d 27 3f 3d 1b e4 3d e6 01 54 26 59 2e 1c 5e 23 38 26 bb df 01 dd 16 1c e6 01 1b 33 32 22 89
F/SF051.DAT,0x479C8,0x479CA,0x479CA,0x479DA,0x479DA,0x19,16,16,1,,medium+,none,,00 00 19 00 42 34 81 53 25 e6 01 dd a0 dd a2 dd,42 34 81 53 25 e6 01 a6 a6 a6 a6 37 e4 3d e4 3d
F/SF051.DAT,0x479DC,0x479DE,0x479DE,0x47A03,0x47A03,0x19,37,37,1,,medium+,none,,00 00 00 1b 00 01 00 02 00 21 00 00 00 01 00 b4,42 34 81 53 25 e6 01 dd a0 dd a2 dd a2 dd a2 dd a2 dd a2 dd a2 dd a2 02 02 e4 3d e4 3d e4 3d e4 3d e4 3d e4 3d
F/SF081.DAT,0x47886,0x47888,0x47888,0x478A8,0x478A8,0x19,32,32,2,0x47880,high,none,,00 00 21 00 05 00 00 00 1b 00 01 00 01 00 1b 00,dd d1 b2 25 e6 01 dd 4b de 47 28 dd 19 46 46 1d a1 37 e6 01 ad 24 28 1d 2a dd dd 1b 29 2b 3d 37
F/SF081.DAT,0x478E0,0x478E2,0x478E2,0x478FC,0x478FC,0x19,26,26,1,0x478DA,high,none,,00 00 21 00 05 00 00 00 1b 00 01 00 01 00 1b 00,dd d8 b2 25 e6 01 5c 82 60 ab 24 ad 83 28 de a5 7b 1c 28 6d 35 1e 38 1c 35 37
F/SF081.DAT,0x4792C,0x4792E,0x4792E,0x4795B,0x4795B,0x19,45,45,1,0x47926,high,none,,00 00 00 21 00 05 00 00 00 1b 00 01 00 01 00 1b,dd d8 b2 25 e6 01 35 2a 41 2d 1d ad 83 4a 48 4c c0 36 dd 1e 32 1d 1b bb df 01 33 38 1b 22 29 21 7a 2f dd 48 32 22 2d 4a 48 4c c0 6a 37
F/SF081.DAT,0x47994,0x47996,0x47996,0x479B9,0x479B9,0x19,35,35,1,0x4798E,high,none,,00 00 00 21 00 05 00 00 00 1b 00 01 00 01 00 1b,dd d1 b2 25 e6 01 dd 4b de 47 24 ad 2e 2e 20 33 a0 22 a3 6f 34 60 42 2a 8e de 2c de e8 44 1d 2d 2b 3d 37
F/SF081.DAT,0x479EA,0x479EC,0x479EC,0x47A0D,0x47A0D,0x19,33,33,1,0x479E4,high,none,,00 00 00 21 00 05 00 00 00 1b 00 01 00 01 00 1b,dd d1 b2 25 e6 01 ad 83 2a dd 67 2d 30 22 67 71 34 62 71 34 35 29 21 39 29 75 23 6d 46 4b 27 26 37
F/SF081.DAT,0x47A46,0x47A48,0x47A48,0x47A77,0x47A77,0x19,47,47,3,0x47A40,high,none,,00 00 00 21 00 05 00 00 00 1b 00 01 00 01 00 1b,dd d8 b2 25 e6 01 41 55 41 55 df 29 2f 3b 27 46 23 27 20 59 21 24 e6 01 2e 2d 1d 36 2e 55 30 3d 59 1b 2f de 80 79 1e 21 c0 e6 01 38 2d 35 37
F/SF091.DAT,0x4787E,0x47880,0x47880,0x478BE,0x478BE,0x19,62,62,3,0x47878,high,none,,00 00 21 00 05 00 00 00 1b 00 01 00 01 00 1b 00,2e 1c 5e 1c 5d dd 5e 23 28 e6 01 dd 69 09 1b 23 1e 46 0a 23 47 78 6b 42 23 dd 37 58 32 1f e6 01 5b cd dd 1a 5a 23 dd b1 2b 22 dd 07 dd ec 2a e6
F/SF091.DAT,0x478EE,0x478F0,0x478F0,0x478F6,0x478F6,0x19,6,6,0,0x478E8,high,none,,00 00 21 00 05 00 00 00 1b 00 01 00 01 00 1b 00,41 32 23 3d 22 36
F/SF091.DAT,0x47926,0x47928,0x47928,0x47952,0x47952,0x19,42,42,1,0x47920,high,none,,00 00 21 00 05 00 00 00 1b 00 01 00 01 00 1b 00,20 45 21 24 52 1c 5d 2a 3b 79 39 1f 20 ca 39 e6 01 dd 26 dd 12 23 de 5e 39 24 dd 2f 2f 38 de 10 dd 7f 1e 3d 26 36 1e 1f 1f 51
F/SF091.DAT,0x47982,0x47984,0x47984,0x479A6,0x479A6,0x19,34,34,1,0x4797C,high,none,,00 00 21 00 05 00 00 00 1b 00 01 00 01 00 1b 00,dd 2f 1c de 5d 39 2f 20 1b 24 e6 01 8e dd 20 24 52 dd a3 28 dd 40 dd 95 1e 21 1b 22 36 1b 26 1c 35 37
F/SF091.DAT,0x479D6,0x479D8,0x479D8,0x479F9,0x479F9,0x19,33,33,1,0x479D0,high,none,,00 00 00 21 00 05 00 00 00 1b 00 01 00 01 00 1b,41 1c cf 23 24 dd 2f 20 33 52 1c ce 1c dd 79 43 39 2f e6 01 c6 33 3a 32 1f 43 8c 20 1d 52 dd 06 2a
F/SF091.DAT,0x47A2A,0x47A2C,0x47A2C,0x47A60,0x47A60,0x19,52,52,1,0x47A24,high,none,,00 00 21 00 05 00 00 00 1b 00 01 00 01 00 1b 00,52 dd a3 1c dd 8f de 3b 09 1b 3a 2d 0a 2f 5b cd dd 1a 5a 23 45 51 e6 01 dd 2f 1c dd 97 09 3a 35 0a 51 1f 90 47 78 6b 42 23 dd b8 2f 1e 1f 36 1b
F/SF091.DAT,0x47A90,0x47A92,0x47A92,0x47ABD,0x47ABD,0x19,43,43,2,0x47A8A,high,none,,00 00 00 21 00 05 00 00 00 1b 00 01 00 01 00 1b,41 1e 21 24 41 1c 5b cd dd 1a 5a 28 24 e6 01 dd f0 99 52 dd a3 2a dd 40 dd 95 1c de 18 de af 09 44 44 0a 23 e6 01 7d 2d 1e 1f cf
F/SF091.DAT,0x47AEE,0x47AF0,0x47AF0,0x47B1F,0x47B1F,0x19,47,47,2,0x47AE8,high,none,,00 00 00 21 00 05 00 00 00 1b 00 01 00 01 00 1b,dd 47 7e 23 3d 39 41 1c dd 0f dd 44 2f 36 20 32 e6 01 1f 35 7d 36 45 1c de 16 1b 36 1d 22 35 55 26 37 e6 01 36 24 dd 07 46 33 32 21 1b 22 37
F/SF091.DAT,0x47B50,0x47B52,0x47B52,0x47B7D,0x47B7D,0x19,43,43,1,0x47B4A,high,none,,00 00 00 21 00 05 00 00 00 1b 00 01 00 01 00 1b,41 1c dd 07 dd ec 2f dd 27 4a 22 7e 1d 54 1b 1d 20 29 1f 37 e6 01 e4 3d 35 2a 24 43 1e 1c dd 4b 28 dd 27 4a 21 3b 29 1f 1c 35 37
F/SF091.DAT,0x47BAE,0x47BB0,0x47BB0,0x47BDC,0x47BDC,0x19,44,44,2,0x47BA8,high,none,,00 00 21 00 05 00 00 00 1b 00 01 00 01 00 1b 00,41 1c dd 4b 28 24 13 11 da ae e6 01 43 2a 5e 36 1c 63 dd 54 2f 40 51 3a 59 22 1f 51 23 e6 01 dd 3a 53 64 31 7c 8a 56 20 49 21 74 44
F/SF091.DAT,0x47C0C,0x47C0E,0x47C0E,0x47C30,0x47C30,0x19,34,34,1,0x47C06,high,none,,00 00 21 00 05 00 00 00 1b 00 01 00 01 00 1b 00,5c dd 14 31 dd 6d 1c dd 10 30 74 c4 dd 71 dd 92 23 1d 29 21 e6 01 1e 27 29 1f 1c 35 2a df 61 df 61 37
F/SF0A1.DAT,0x478B4,0x478B6,0x478B6,0x478C3,0x478C3,0x17,13,13,0,0x478AE,high,none,,00 00 00 21 00 05 00 00 00 1b 00 01 00 01 00 1b,02 00 dd 04 22 59 4c c0 df 61 df 61 02
F/SF0A1.DAT,0x47944,0x47946,0x47946,0x47954,0x47954,0x17,14,14,0,,medium,none,,00 00 1b 00 01 00 02 00 07 00 05 00 df 00 11 00,02 00 26 dd 45 3b 3b 3b 3b 3b 02 02 e4 3d
F/SF0B1.DAT,0x478C2,0x478C4,0x478C4,0x478EE,0x478EE,0x19,42,42,2,0x478BC,high,none,,00 00 21 00 05 00 00 00 1b 00 01 00 01 00 1b 00,5e 5d 25 e6 01 41 1c cf 24 dd 4b 1c dd ab 1e 1f 1c 2a e6 01 5b 52 dd a3 2a dd 40 dd 95 2b 22 5a 36 1b 26 91 dd 61 1d 1c 35 37
F/SF0B1.DAT,0x47924,0x47926,0x47926,0x47940,0x47940,0x19,26,26,1,0x4791E,high,none,,00 00 21 00 05 00 00 00 1b 00 01 00 01 00 1b 00,50 8b 25 e6 01 5d 27 30 41 1c 3d 26 1d 7a 2f 38 26 3a 32 21 28 df 61 df 61 37
F/SF0B1.DAT,0x47976,0x47978,0x47978,0x479B1,0x479B1,0x19,57,57,1,0x47970,high,none,,00 00 00 21 00 05 00 00 00 1b 00 01 00 01 00 1b,5e 5d 25 e6 01 5f 34 47 62 31 2a 3f 58 32 24 de fd de 68 1d 2e 36 2a dd 9b 3e c8 23 1d 29 21 dd 4b 1c 91 dd 61 36 24 2e 1c dd 07 dd ec 2a 9f 1b
F/SF0B1.DAT,0x479E2,0x479E4,0x479E4,0x47A13,0x47A13,0x19,47,47,2,0x479DC,high,none,,00 00 00 21 00 05 00 00 00 1b 00 01 00 01 00 1b,5e 5d 25 e6 01 42 31 4e 3d 24 d7 d1 36 97 1f 39 30 dd 3a 53 64 31 7c 1c e6 01 5c dd 14 31 dd 6d 1c dd 10 23 74 44 dd 4b 2a 6e 2f a0 1f 20 24
F/SF0B1.DAT,0x47A44,0x47A46,0x47A46,0x47A71,0x47A71,0x19,43,43,1,0x47A3E,high,none,,00 00 00 21 00 05 00 00 00 1b 00 01 00 01 00 1b,5e 5d 25 e6 01 41 1e 21 5b cd dd 1a 5a 2a 2e 1c 5e 1c 54 2e 23 3f 22 1c 20 54 26 2b 32 58 87 23 86 32 22 2e 36 2a 30 44 22 1c 20
F/SF0B1.DAT,0x47AA2,0x47AA4,0x47AA4,0x47ABB,0x47ABB,0x19,23,23,1,0x47A9C,high,none,,00 00 00 21 00 05 00 00 00 1b 00 01 00 01 00 1b,5e 5d 25 e6 01 41 32 2f dd 86 dd 35 21 44 21 dd 24 1e 1b 1c 4a 48 37
F/SF0B1.DAT,0x47AF8,0x47AFA,0x47AFC,0x47B0F,0x47B0F,0x17,21,19,0,0x47AF2,high,control_0100,01 00,00 00 00 21 00 05 00 00 00 1b 00 01 00 01 00 1b,01 00 5d cb 24 85 38 13 52 23 dd 82 74 3a 59 21 3e 35 3a 1b 37
F/SF0B1.DAT,0x47B58,0x47B5A,0x47B5A,0x47B64,0x47B64,0x19,10,10,1,0x47B52,high,none,,00 00 21 00 05 00 00 00 1b 00 01 00 01 00 1b 00,5e 5d 25 e6 01 3b 27 46 28 3c
F/SF0B1.DAT,0x47B9A,0x47B9C,0x47B9E,0x47BBD,0x47BBD,0x17,33,31,0,0x47B94,high,control_0100,01 00,00 00 00 21 00 05 00 00 00 1b 00 01 00 01 00 1b,01 00 cd 90 60 8f 34 9b 2f dd a8 dd 06 dd 1e 22 8e dd 9c 1c de 01 30 4e 4e 53 36 38 26 1e 27 2b 37
F/SF0B1.DAT,0x47BF4,0x47BF6,0x47BF6,0x47C13,0x47C13,0x19,29,29,1,0x47BEE,high,none,,00 00 00 21 00 05 00 00 00 1b 00 01 00 01 00 1b,5e 5d 25 e6 01 3b 27 46 2a 24 5c 71 dd 39 dd 03 53 1c dd a0 65 5c dd 5e 1c de 01 20 37
F/SF0B1.DAT,0x47C4A,0x47C4C,0x47C4E,0x47C62,0x47C62,0x17,22,20,0,0x47C44,high,control_0100,01 00,00 00 21 00 05 00 00 00 1b 00 01 00 01 00 1b 00,01 00 85 1c 61 28 24 5d dd 5e 35 49 1c 1f 51 1c 38 1c 30 28 1d 3e
F/SF0B1.DAT,0x47C92,0x47C94,0x47C96,0x47CBC,0x47CBC,0x17,40,38,0,0x47C8C,high,control_0100,01 00,00 00 21 00 05 00 00 00 1b 00 01 00 01 00 1b 00,01 00 dd 47 7e 36 61 2f dd ac 43 59 52 1c dd 93 9a 2f 45 3e 22 1f 51 1c 38 1c 36 dd 69 de 58 dd be 30 c6 39 27 1e 1f 37
F/SF0B1.DAT,0x47CEC,0x47CEE,0x47CF0,0x47CFF,0x47CFF,0x17,17,15,0,0x47CE6,high,control_0100,01 00,00 00 00 21 00 05 00 00 00 1b 00 01 00 01 00 1b,01 00 41 1c 7a 2f de 0c dd 92 1e 1f 1b 1c 30 2b 37
F/SF0B1.DAT,0x47D30,0x47D32,0x47D32,0x47D48,0x47D48,0x19,22,22,1,0x47D2A,high,none,,00 00 21 00 05 00 00 00 1b 00 01 00 01 00 1b 00,50 8b 25 e6 01 3b 27 46 1c 3d 26 1d dd 88 de 01 2a df 61 df 61 37
F/SF0B1.DAT,0x47D7E,0x47D80,0x47D80,0x47DAF,0x47DAF,0x19,47,47,3,0x47D78,high,none,,00 00 00 21 00 05 00 00 00 1b 00 01 00 01 00 1b,5e 5d 25 e6 01 3d 20 55 26 37 e4 1f e6 01 14 52 30 dd 04 3e 2a 3d 1b 37 e6 01 dd 18 dd 4a 23 dd 72 74 de 0b 2f dd 3e dd e2 3a 59 21 3f 22 37
F/SF0B1.DAT,0x47DE0,0x47DE2,0x47DE2,0x47DF0,0x47DF0,0x19,14,14,1,0x47DDA,high,none,,00 00 21 00 05 00 00 00 1b 00 01 00 01 00 1b 00,5e 5d 25 e6 01 de 17 98 1e 21 3b 22 6a 37
F/SF0C1.DAT,0x47A1A,0x47A1C,0x47A1C,0x47A29,0x47A29,0x17,13,13,0,,medium,none,,00 00 00 0e 00 2b 00 03 00 26 00 00 00 27 00 ff,28 00 14 01 23 00 25 00 31 01 20 00 25
F/SF0C1.DAT,0x47C16,0x47C18,0x47C18,0x47C25,0x47C25,0x17,13,13,0,,medium,none,,00 00 00 0e 00 2b 00 03 00 26 00 00 00 27 00 ff,28 00 12 02 23 00 25 00 2f 02 20 00 25
F/SF0C1.DAT,0x48594,0x48596,0x48598,0x4859F,0x4859F,0x17,9,7,0,,medium,control_0100,01 00,00 00 00 0e 00 2b 00 03 00 26 00 00 00 27 00 ff,01 00 25 00 1a 00 1e 00 25
F/SF0D1.DAT,0x478D6,0x478D8,0x478D8,0x478FF,0x478FF,0x17,39,39,2,0x478D0,high,none,,00 00 00 21 00 05 00 00 00 1b 00 01 00 00 00 1b,03 00 42 31 4e 29 21 dd 71 9f dd f4 35 4c 37 e4 3d e6 01 de 43 36 1b 22 36 61 2a 43 1b 21 3e 22 e6 01 a9 2a 2b 22 37
F/SF0E1.DAT,0x47938,0x4793A,0x4793A,0x4794F,0x4794F,0x19,21,21,1,0x47932,high,none,,00 00 00 21 00 05 00 00 00 1b 00 01 00 00 00 1b,77 6b ab dd 9c 1c b3 25 e6 01 d4 a8 24 3b a9 2f de 19 20 23 37
F/SF0E1.DAT,0x4798E,0x47990,0x47990,0x479AF,0x479AF,0x19,31,31,2,0x47988,high,none,,00 00 00 21 00 05 00 00 00 1b 00 01 00 00 00 1b,d4 a8 25 e6 01 41 1c c4 2a 24 dd 14 60 ab 42 dd 84 1c e6 01 3b 29 1e 48 29 21 1b 1f c4 20 3c
F/SF0E1.DAT,0x479E0,0x479E2,0x479E2,0x479FC,0x479FC,0x19,26,26,1,0x479DA,high,none,,00 00 21 00 05 00 00 00 1b 00 01 00 00 00 1b 00,77 6b ab dd 9c 1c b3 25 e6 01 28 1b 24 47 78 6b 42 1c 42 31 4e dd 84 30 2b 37
F/SF0E1.DAT,0x47A9C,0x47A9E,0x47A9E,0x47AD4,0x47AD4,0x19,54,54,3,0x47A96,high,none,,00 00 21 00 05 00 00 00 1b 00 01 00 00 00 1b 00,d4 a8 25 e6 01 be dd 06 28 24 cf dd a8 23 dd 29 39 dd ab 3a 32 1f dd 70 37 e6 01 e4 3d dd 48 32 33 32 21 24 dd 05 55 ca 1d 33 58 e6 01 41 32 38
F/SF0E1.DAT,0x47B04,0x47B06,0x47B06,0x47B24,0x47B24,0x19,30,30,2,0x47AFE,high,none,,00 00 21 00 05 00 00 00 1b 00 01 00 00 00 1b 00,d4 a8 25 e6 01 e4 3d 1f 35 2e 32 35 49 28 e6 01 3b dd 07 46 1e 21 3b 44 1f 1b 1c 30 2b 37
F/SF0E1.DAT,0x47B54,0x47B56,0x47B56,0x47B83,0x47B83,0x19,45,45,2,0x47B4E,high,none,,00 00 00 21 00 05 00 00 00 1b 00 01 00 00 00 1b,d4 a8 25 e6 01 4d 4f 83 28 6d 1d de 30 6d 2f 20 20 46 21 3b 39 27 2b 37 e6 01 e4 3d 41 32 28 2e 1c ce dd 12 1c de 30 6d 1d 1c 30 2b 37
F/SF0E1.DAT,0x47BB4,0x47BB6,0x47BB6,0x47BF6,0x47BF6,0x19,64,64,3,0x47BAE,high,none,,00 00 21 00 05 00 00 00 1b 00 01 00 00 00 1b 00,d4 a8 25 e6 01 dd 14 60 ab 42 dd 84 20 33 3f 1d 1f 3a 27 28 e6 01 52 1c dd 93 9a 8a 1c de f5 dd 50 35 36 3b d3 44 1e 27 1e 1f 37 e4 3d e6 01 27
F/SF0E1.DAT,0x47C26,0x47C28,0x47C28,0x47C55,0x47C55,0x19,45,45,2,0x47C20,high,none,,00 00 00 21 00 05 00 00 00 1b 00 01 00 00 00 1b,d4 a8 25 e6 01 e4 3d 2e 32 28 24 2e 1c dd 0b 23 dd 07 43 22 3b dd 1e 39 30 2b 37 e6 01 e4 1f 6e 20 1c 3b b6 23 dd 36 21 21 70 3a 1b 37
F/SF0E1.DAT,0x47C8A,0x47C8C,0x47C8C,0x47C9A,0x47C9A,0x19,14,14,0,0x47C84,high,none,,00 00 21 00 05 00 00 00 1b 00 01 00 00 00 1b 00,5b d4 a8 1c de db 5a 2f 87 23 86 32 1f 37
F/SF0E1.DAT,0x47CCA,0x47CCC,0x47CCC,0x47CF7,0x47CF7,0x19,43,43,2,0x47CC4,high,none,,00 00 00 21 00 05 00 00 00 1b 00 01 00 00 00 1b,d4 a8 25 e6 01 e4 3d bc 77 95 31 53 28 e4 1f dd 48 32 de 45 33 32 1f e6 01 b8 1c dd 2f dd 84 23 01 dd 01 20 29 21 3b 39 27 2b 37
F/SF0E1.DAT,0x47D12,0x47D14,0x47D14,0x47D44,0x47D44,0x19,48,48,1,0x47D0C,high,none,,00 00 07 00 07 00 d1 04 21 00 00 00 01 00 78 00,d4 a8 25 e6 01 b8 1c e4 1f 4d e4 0b 4f e4 0b 2f e4 1f 27 38 29 e4 3d 2c e4 1f 21 e4 1f 2c e4 1f 2c e4 3d 3e 35 e4 3d 2c e4 3d 2c e4 3d 2c e4 3d
F/SF0E1.DAT,0x47E1E,0x47E20,0x47E20,0x47E3D,0x47E3D,0x19,29,29,1,0x47E18,high,none,,00 00 00 21 00 05 00 00 00 1b 00 01 00 00 00 1b,77 6b ab dd 9c 1c b3 25 e6 01 42 6b af 31 60 d6 5e 5d 1c dd 7f 70 1c dd 89 ba 30 2b 37
F/SF0E1.DAT,0x47E6E,0x47E70,0x47E70,0x47EAC,0x47EAC,0x19,60,60,3,0x47E68,high,none,,00 00 21 00 05 00 00 00 1b 00 01 00 00 00 1b 00,77 6b ab dd 9c 1c b3 25 e6 01 52 1c cc 1d 54 6e 36 38 9f 43 1d 1b e6 01 5f 34 47 62 31 3d 39 38 7d 54 1b b3 30 2b 37 e4 3d e6 01 bb df 01 28 24
F/SF0E1.DAT,0x47EDC,0x47EDE,0x47EE0,0x47EFF,0x47EFF,0x17,33,31,1,0x47ED6,high,control_0100,01 00,00 00 00 21 00 05 00 00 00 1b 00 01 00 00 00 1b,01 00 b8 1c 4d 4f 2a de 18 1d 1b 37 e6 01 42 31 4e dd 21 3e dd 2f dd 84 8a dd 01 20 43 1d 44 48 02
F/SF0E1.DAT,0x47F30,0x47F32,0x47F34,0x47F44,0x47F44,0x17,18,16,0,0x47F2A,high,control_0100,01 00,00 00 21 00 05 00 00 00 1b 00 01 00 00 00 1b 00,01 00 42 31 4e e4 3d 2c e4 0b 2c e4 0b 2c e4 0b 2c 3c
F/SF0F1.DAT,0x4790C,0x4790E,0x4790E,0x4793F,0x4793F,0x17,49,49,1,0x47906,high,none,,00 00 00 21 00 05 00 00 00 1b 00 01 00 00 00 1b,04 00 43 20 29 1f 20 24 2e 1c be dd 06 23 dd 0f dd 44 1c dd 4c 1d 54 dd cc de 55 30 28 1d 1b 37 e6 01 9b 23 de 5e 22 1c 28 dd e9 1c dd 3e 4a 48
F/SF0F1.DAT,0x47970,0x47972,0x47972,0x4798D,0x4798D,0x17,27,27,0,0x4796A,high,none,,00 00 00 21 00 05 00 00 00 1b 00 01 00 00 00 1b,05 00 7d 1f 2b 33 de 14 2f de 62 09 44 1f 0a 46 dd 9b 49 1f 85 2a df 61 df 61 37
F/SF0F1.DAT,0x479BE,0x479C0,0x479C0,0x479DA,0x479DA,0x17,26,26,0,0x479B8,high,none,,00 00 21 00 05 00 00 00 1b 00 01 00 00 00 1b 00,05 00 85 28 1f 35 dd 6a 46 1c dd 75 39 dd bf 74 2f 1e 21 44 1f df 61 df 61 37
F/SF0F1.DAT,0x47A0A,0x47A0C,0x47A0C,0x47A2D,0x47A2D,0x17,33,33,0,0x47A04,high,none,,00 00 00 21 00 05 00 00 00 1b 00 01 00 00 00 1b,04 00 41 1c dd 6a 46 2a 24 1b 45 1c 88 23 20 dd 04 2a 51 33 32 21 1e 27 29 1f 3d 26 35 1c dd 57 37
F/SF0F1.DAT,0x47A66,0x47A68,0x47A68,0x47A82,0x47A82,0x17,26,26,1,0x47A60,high,none,,00 00 21 00 05 00 00 00 1b 00 01 00 00 00 1b 00,04 00 50 84 c7 36 40 33 36 b0 2a 1e 1f 1b 37 e6 01 20 27 43 2d 4a 48 55 26 37
F/SF0F1.DAT,0x47AD6,0x47AD8,0x47AD8,0x47AF6,0x47AF6,0x17,30,30,2,0x47AD0,high,none,,00 00 21 00 05 00 00 00 1b 00 01 00 00 00 1b 00,05 00 98 29 21 3e 32 24 e6 01 e4 1f 85 38 b0 2a 1e 1f 1b 37 e6 01 dd e3 dd 81 1e 3d 26 37
MAP/AREA3MAP.DAT,0x12E30,0x12E32,0x12E32,0x12E37,0x12E37,0x19,5,5,0,,medium,none,,00 00 12 e1 d5 e2 12 0e 2e 18 00 10 00 f1 10 10,31 4c 3c 2f ff
S000.DAT,0x486A8,0x486AA,0x486AA,0x486B9,0x486B9,0x19,15,15,0,,medium,none,,00 00 00 26 00 01 00 27 00 01 00 2e 00 0e 00 2f,26 00 02 00 27 00 0f 00 28 00 3e 07 23 00 25
S000.DAT,0x48890,0x48892,0x48892,0x488A1,0x488A1,0x19,15,15,0,,medium,none,,00 00 00 26 00 01 00 27 00 01 00 2e 00 0e 00 2f,26 00 02 00 27 00 0f 00 28 00 39 08 23 00 25
S000.DAT,0x48ADA,0x48ADC,0x48ADC,0x48AEB,0x48AEB,0x19,15,15,0,,medium,none,,00 00 00 26 00 01 00 27 00 01 00 2e 00 0e 00 2f,26 00 02 00 27 00 0f 00 28 00 57 09 23 00 25
