over_by,source file,byte offset,needs,budget,korean
73,21/S2041.DAT,0x48160,117,44,"<CTRL:E5>#물론이야！
<CTRL:E5>#조금 자신이 없어··。
<CTRL:E5>#아직 싸우는 법을 몰라。"
61,21/S2045.DAT,0x496A6,165,104,"초핀: 로맨싱 스톤이 있는 곳을 알아냈습니다. 하나는 수메리아의 토우빌, 하나는 유적 던전, 하나는 고겐 님이, 마지막 하나는 아크 님의 아버님이 가지고 계셨던 모양입니다."
55,6/S6041.DAT,0x48940,126,71,"대지의 정령: 자신들이 마시는 공기, 먹는 것과 마찬가지로 어느새 당연히 자기들이 얻는 것이라 여기기에 어긋나기 시작하는 것이다."
54,6/S6041.DAT,0x487C0,113,59,대지의 정령: 라마다의 기술은 대지와 대기의 힘을 기로 내보내는 기술. 대지에 대한 감사로 비로소 가능해지는 것이다.
53,32/S3065.DAT,0x47D92,111,58,베미의 정령: 사람에게 편리해도 모든 생물에게 들어맞는 것은 아닙니다. 바람의 정령은 그 말을 하고 싶었던 거예요.
52,B/SB022.DAT,0x47D4A,110,58,대지의 정령: 배우고 있는 모양이구나. 분별을 아는 자에게는 자연도 힘을 준다. 우리 정령이라 해서 예외는 아니다.
52,8/S8013.DAT,0x48052,120,68,"초핀: 라마다사에서는 등급을 두고 수행을 하고 있는 모양인데, 그것을 모두 끝내면 얻을 수 있는 액세서리가 있는 모양입니다."
52,7/S7012.DAT,0x49064,120,68,"초핀: 라마다사에서는 등급을 두고 수행을 하고 있는 모양인데, 그것을 모두 끝내면 얻을 수 있는 액세서리가 있는 모양입니다."
52,6/S6014.DAT,0x4956C,120,68,"초핀: 라마다사에서는 등급을 두고 수행을 하고 있는 모양인데, 그것을 모두 끝내면 얻을 수 있는 액세서리가 있는 모양입니다."
52,5/S5013.DAT,0x495C0,120,68,"초핀: 라마다사에서는 등급을 두고 수행을 하고 있는 모양인데, 그것을 모두 끝내면 얻을 수 있는 액세서리가 있는 모양입니다."
52,31/S3014.DAT,0x485F8,120,68,"초핀: 라마다사에서는 등급을 두고 수행을 하고 있는 모양인데, 그것을 모두 끝내면 얻을 수 있는 액세서리가 있는 모양입니다."
52,21/S2045.DAT,0x495D4,120,68,"초핀: 라마다사에서는 등급을 두고 수행을 하고 있는 모양인데, 그것을 모두 끝내면 얻을 수 있는 액세서리가 있는 모양입니다."
50,6/S6022.DAT,0x47A14,115,65,"이 나라에 2천 년 동안 전해 내려오는 권법을 쓰는 집단으로, 라마다교라는 가르침 아래 수행에 힘쓰는 승려들인 모양이야."
50,22/S2054.DAT,0x47970,96,46,대신: 수고했다. 하지만 공교롭게도 국왕께서는 편찮으신 모양이다. 대신 내가 이야기를 듣도록 하지.
50,21/S2041.DAT,0x485A6,115,65,"승무원: 이곳의 몬스터는 게임이 진행되어도 변하지 않으니, 단련하고 싶은 사람의 레벨에 맞춰 장소를 고를 수 있습니다."
49,1/S1023.DAT,0x47B30,89,40,"<CTRL:E5>""피해 줄이기 2<CTRL:E5>""전투 요령
<CTRL:E5>""그만 읽기"
48,F/SF0E1.DAT,0x47E70,108,60,"사류족 남자: 사람 목숨을 아무렇지도 않게 여기는, 몬스터보다 더한 놈입니다. 그놈은, 그놈만은 용서할 수 없어!"
48,F/SF021.DAT,0x480A2,94,46,바람의 정령: 바람이 부는 데에는 이유가 있다. 제멋대로인 욕망으로 바꾸어서는 안 되는데 말이야.
48,7/S7025.DAT,0x487B8,113,65,대회 위원: 이번에는 지금까지 없던 접전이었습니다. 하지만 어느 쪽이 남아도 토르노 데 반코에게는 이길 수 없겠지요.
48,7/S7023.DAT,0x48694,104,56,"출전자: 토르노 데 반코 말인데, 그놈은 인간다운 구석이라곤 하나도 없는 전투 기계라고 생각하는 편이 좋아."
47,8/S8013.DAT,0x47DD8,115,68,초핀: 소환수는 전부 합쳐 둘까지 있다고 들었습니다. 그중에는 찾기 어려운 것도 있는 모양이니 여기저기 찾아 보십시오.
47,7/S7012.DAT,0x48DEA,115,68,초핀: 소환수는 전부 합쳐 둘까지 있다고 들었습니다. 그중에는 찾기 어려운 것도 있는 모양이니 여기저기 찾아 보십시오.
47,6/S6014.DAT,0x492F2,115,68,초핀: 소환수는 전부 합쳐 둘까지 있다고 들었습니다. 그중에는 찾기 어려운 것도 있는 모양이니 여기저기 찾아 보십시오.
47,5/S5013.DAT,0x49346,115,68,초핀: 소환수는 전부 합쳐 둘까지 있다고 들었습니다. 그중에는 찾기 어려운 것도 있는 모양이니 여기저기 찾아 보십시오.
47,31/S3014.DAT,0x4837E,115,68,초핀: 소환수는 전부 합쳐 둘까지 있다고 들었습니다. 그중에는 찾기 어려운 것도 있는 모양이니 여기저기 찾아 보십시오.
47,21/S2045.DAT,0x4935A,115,68,초핀: 소환수는 전부 합쳐 둘까지 있다고 들었습니다. 그중에는 찾기 어려운 것도 있는 모양이니 여기저기 찾아 보십시오.
46,B/SB022.DAT,0x47E84,99,53,"빛의 정령: 아크, 너는 내가 믿었던 그대로의 인간이었어. 하지만 잘못된 길을 가고 있는 사람들도 있어."
46,5/S5041.DAT,0x47ACA,104,58,빛의 정령: 그리고 우리의 힘이 약해져 몬스터가 나타나기 시작했어. 하지만 아직 인간은 잘못을 깨닫지 못해.
46,22/S2055.DAT,0x47E6C,95,49,국왕: 형이 왕가에서 뛰쳐나간 것도 그런 수메리아의 모습을 참을 수 없었기 때문일지도 모르겠구나.
45,F/SF041.DAT,0x48014,103,58,불의 정령: 스스로는 아무것도 낳지 않으면서 우리가 낳은 생명을 가지고 놀며 세계의 지배자인 양 구는구나.
45,F/SF021.DAT,0x481A6,101,56,바람의 정령: 너희가 오브를 부수지 않았더라면 이것이 계속됐을 거라고 생각하니 정말 소름이 끼치는구나.
45,7/S7012.DAT,0x480F4,102,57,"초핀: 경험은 공격했을 때도, 공격받았을 때도 얻을 수 있습니다. 언제나 도전하는 마음으로 맞서 주십시오."
45,6/S6014.DAT,0x485FC,102,57,"초핀: 경험은 공격했을 때도, 공격받았을 때도 얻을 수 있습니다. 언제나 도전하는 마음으로 맞서 주십시오."
45,5/S5013.DAT,0x48650,102,57,"초핀: 경험은 공격했을 때도, 공격받았을 때도 얻을 수 있습니다. 언제나 도전하는 마음으로 맞서 주십시오."
45,32/S3061.DAT,0x47CB0,93,48,베미의 정령: 요슈아는 이 나라에서 다음 국왕이 될 사람이라는 이유로 하마터면 죽임을 당했어요.
45,31/S3014.DAT,0x47688,102,57,"초핀: 경험은 공격했을 때도, 공격받았을 때도 얻을 수 있습니다. 언제나 도전하는 마음으로 맞서 주십시오."
45,21/S2045.DAT,0x48664,102,57,"초핀: 경험은 공격했을 때도, 공격받았을 때도 얻을 수 있습니다. 언제나 도전하는 마음으로 맞서 주십시오."
44,6/S6053.DAT,0x47D2E,92,48,제자: 당신은 우리에게 자신의 잘못을 바로잡는 것을 두려워하지 않는 용기를 가르쳐 주셨습니다.
44,4/S4032.DAT,0x48302,90,46,자유롭게 걸어 다닐 수 있을 때는 여기저기서 결정 버튼을 눌러 봐. 뭔가 떨어져 있을지도 몰라.
43,5/S5052.DAT,0x47ADA,70,27,고맙다는 말은 하겠지만 보물은 나누지 않을 거야. 말만 하는 건 공짜니까.
43,21/S2041.DAT,0x48488,88,45,"<CTRL:E5>#강해지는 방법
<CTRL:E5>#전투 요령
<CTRL:E5>#그만"
42,F/SF0F1.DAT,0x47910,89,47,"알겠느냐, 우리에게 봉인의 기술 따위는 필요 없다. 산으로 돌아가는 데에는 다른 용무가 있다."
42,8/S8061.DAT,0x47BB6,85,43,물의 정령: 그런데 이런 지하 아래쪽에 혼자 숨어 누구에게도 고마움 받지 못하고 있구나.
42,5/S5013.DAT,0x49770,108,66,초핀: 전투에서 경험치가 두 배가 되는 장신구가 있는 모양입니다. 이름은 비단 띠. 누구나 쓸 수 있는 것 같군요.
42,5/S5013.DAT,0x4826A,96,54,초핀: 특수 공격도 아이템을 던지는 것과 마찬가지로 절대로 적의 반격을 받지 않는 공격 수단입니다.
42,32/S3062.DAT,0x47D92,83,41,베미의 정령: 당신이 무엇을 보고 어떻게 행동하는지가 인류의 운명을 바꾸는 것입니다.
42,31/S3014.DAT,0x487A8,108,66,초핀: 전투에서 경험치가 두 배가 되는 장신구가 있는 모양입니다. 이름은 비단 띠. 누구나 쓸 수 있는 것 같군요.
42,31/S3014.DAT,0x472A2,96,54,초핀: 특수 공격도 아이템을 던지는 것과 마찬가지로 절대로 적의 반격을 받지 않는 공격 수단입니다.
42,22/S2051.DAT,0x47CA4,92,50,대신: 이 자가 전설의 용사라고 정해진 것도 아닙니다. 아직 그 이야기는 이르다고 생각합니다만.
42,21/S2045.DAT,0x4827E,96,54,초핀: 특수 공격도 아이템을 던지는 것과 마찬가지로 절대로 적의 반격을 받지 않는 공격 수단입니다.
42,21/S2044.DAT,0x47FB8,73,31,"초핀 
국왕께 말씀은 들었습니다。
<CTRL:E4>저는 초핀입니다。"
41,B/SB022.DAT,0x47990,79,38,하늘의 목소리: 모든 것을 사랑하고 아끼는 마음. 그리고 모든 것을 지키는 힘이다.
41,8/S8013.DAT,0x48202,108,67,초핀: 전투에서 경험치가 두 배가 되는 장신구가 있는 모양입니다. 이름은 비단 띠. 누구나 쓸 수 있는 것 같군요.
41,7/S7012.DAT,0x49214,108,67,초핀: 전투에서 경험치가 두 배가 되는 장신구가 있는 모양입니다. 이름은 비단 띠. 누구나 쓸 수 있는 것 같군요.
41,6/S6014.DAT,0x4971C,108,67,초핀: 전투에서 경험치가 두 배가 되는 장신구가 있는 모양입니다. 이름은 비단 띠. 누구나 쓸 수 있는 것 같군요.
41,22/S205A.DAT,0x4797E,77,36,국왕: 그러기 위해서라도 다섯 개의 돌을 무슨 일이 있어도 모아 주게. 부탁하네.
41,21/S2045.DAT,0x49744,108,67,초핀: 전투에서 경험치가 두 배가 되는 장신구가 있는 모양입니다. 이름은 비단 띠. 누구나 쓸 수 있는 것 같군요.
40,7/S7012.DAT,0x484E4,92,52,"초핀: 그 안에는 몬스터가 지키고 있는, 그곳에서만 얻을 수 있는 액세서리도 있다고 들었습니다."
40,6/S6014.DAT,0x489EC,92,52,"초핀: 그 안에는 몬스터가 지키고 있는, 그곳에서만 얻을 수 있는 액세서리도 있다고 들었습니다."
40,5/S5013.DAT,0x48A40,92,52,"초핀: 그 안에는 몬스터가 지키고 있는, 그곳에서만 얻을 수 있는 액세서리도 있다고 들었습니다."
40,4/S4034.DAT,0x47EB6,93,53,그 앞에 정령과의 만남이 있다. 이것은 내가 주는 선물이다. 이것을 써서 대회를 끝까지 이겨 다오.
40,32/S3067.DAT,0x47E9C,76,36,베미의 정령: 불의 정령의 모습에 눈물을 흘린 당신들이라면 알 수 있을 겁니다.
40,32/S3061.DAT,0x47B1C,82,42,베미의 정령: 그래요. 20년 전 당신의 아버지를 도와준 뒤로 줄곧 이 날을 기다렸지요.
40,31/S3014.DAT,0x47A78,92,52,"초핀: 그 안에는 몬스터가 지키고 있는, 그곳에서만 얻을 수 있는 액세서리도 있다고 들었습니다."
40,22/S2047.DAT,0x48042,84,44,"우리는 지금부터 팔렌시아 성으로 돌아가지만, 이제 여기에 다시 돌아오지 못할지도 몰라."
40,22/S2046.DAT,0x4887C,69,29,"병사: 아니, 들어 본 적이 있는 것 같기도 하고, 없는 것 같기도 하고..."
40,21/S2045.DAT,0x48A54,92,52,"초핀: 그 안에는 몬스터가 지키고 있는, 그곳에서만 얻을 수 있는 액세서리도 있다고 들었습니다."
40,21/S2044.DAT,0x4856A,90,50,"그렇지, 혼은 돌고 도는 법. 예전에 수메리아로 성궤를 옮겨 온 동료들이 다시 모이는 것이니라."
39,B/SB021.DAT,0x47AB0,89,50,성궤: 하지만 그러기 위해서는 너희 인간이 자기 자신을 끊어 낼 수 있는 강함을 지녀야 한다.
39,7/S7012.DAT,0x48742,97,58,"초핀: 밀마나에는 세 곳의 배틀 에어리어가 있다고 하니, 때로는 가서 이야기를 듣는 것도 좋겠습니다."
39,7/S7012.DAT,0x47EC6,99,60,초핀: 이쪽의 공격이 몬스터에게 통하지 않는 것은 레벨 차이 외에 상성이 나쁜 경우가 있기 때문입니다.
39,6/S6051.DAT,0x47C56,79,40,이 지경이 되고도 아직 거짓말을 하는가. 대승정님께서는 모든 것을 다 보고 계신다.
39,6/S6031.DAT,0x47A1A,74,35,승정: 그자들을 우습게 보지 않는 편이 좋습니다. 어딘가 큰 힘이 느껴집니다.
39,6/S6014.DAT,0x48C4A,97,58,"초핀: 밀마나에는 세 곳의 배틀 에어리어가 있다고 하니, 때로는 가서 이야기를 듣는 것도 좋겠습니다."
39,6/S6014.DAT,0x483CE,99,60,초핀: 이쪽의 공격이 몬스터에게 통하지 않는 것은 레벨 차이 외에 상성이 나쁜 경우가 있기 때문입니다.
39,5/S5013.DAT,0x48C9E,97,58,"초핀: 밀마나에는 세 곳의 배틀 에어리어가 있다고 하니, 때로는 가서 이야기를 듣는 것도 좋겠습니다."
39,5/S5013.DAT,0x48422,99,60,초핀: 이쪽의 공격이 몬스터에게 통하지 않는 것은 레벨 차이 외에 상성이 나쁜 경우가 있기 때문입니다.
39,4/S4034.DAT,0x47E4A,96,57,그들과 힘을 합쳐 이 싸움을 끝까지 이겨 다오. 다음 정령은 카델에 있다. 무투 대회에 참가해야 한다.
39,32/S3061.DAT,0x48236,81,42,베미의 정령: 당신이 무엇을 보고 어떻게 행동하느냐가 인류의 운명을 바꾸는 겁니다.
39,31/S3022.DAT,0x47F72,86,47,병사: 야군 님이 로마리아에서 장군으로 온 뒤로 몬스터가 거리를 습격하는 일이 없어졌지.
39,31/S3014.DAT,0x47CD6,97,58,"초핀: 밀마나에는 세 곳의 배틀 에어리어가 있다고 하니, 때로는 가서 이야기를 듣는 것도 좋겠습니다."
39,31/S3014.DAT,0x4745A,99,60,초핀: 이쪽의 공격이 몬스터에게 통하지 않는 것은 레벨 차이 외에 상성이 나쁜 경우가 있기 때문입니다.
39,21/S2045.DAT,0x48CB2,97,58,"초핀: 밀마나에는 세 곳의 배틀 에어리어가 있다고 하니, 때로는 가서 이야기를 듣는 것도 좋겠습니다."
39,21/S2045.DAT,0x48436,99,60,초핀: 이쪽의 공격이 몬스터에게 통하지 않는 것은 레벨 차이 외에 상성이 나쁜 경우가 있기 때문입니다.
38,B/SB072.DAT,0x48268,87,49,대신: 그게 좋을 거다. 우리는 토우빌 마을 사람들의 목숨을 어떻게든 할 수 있으니 말이다.
38,B/SB022.DAT,0x47A3C,82,44,"하늘의 목소리: 보고 듣고, 그리고 슬퍼하고 괴로워하며 성장해 온 아크, 너 자신이다."
38,6/S6053.DAT,0x47E7A,82,44,나는 이 사람들과의 여행이 끝나면 다시 이곳으로 돌아와 처음부터 다시 시작하고 싶어.
38,32/S3063.DAT,0x47D2A,81,43,베미의 정령: 빛의 정령은 다섯 대정령 가운데서도 가장 인간을 이해하는 정령입니다.
38,31/S3013.DAT,0x48366,71,33,승무원: 출발할 때까지 단련하면 강해져서 수메리아로 돌아갈 수 있습니다.
38,22/S205A.DAT,0x47912,96,58,"국왕: 아크여, 다섯 개의 돌이 모여 인류의 미래가 보일 때에는 나도 조화로운 나라를 만들고 싶구나."
38,22/S205A.DAT,0x478AE,81,43,"대신: 그렇군, 돌은 두 개 모았나. 좋아, 좋아. 그 기세로 빨리 다섯 개를 모아 주게."
37,F/SF021.DAT,0x4813E,91,54,바람의 정령: 그렇다. 봉인된 이백 년 동안 줄곧 인간들이 서로 죽이는 가운데서 오가고 있었지.
37,B/SB022.DAT,0x47DDE,94,57,"바람의 정령: 자, 이제부터가 진짜 고비다. 우리도 전면적으로 힘을 보태지. 마음껏 날뛰고 오너라."
37,6/S6051.DAT,0x47AF6,74,37,듣자 하니 이곳을 지나가는 것 말고는 라마다 산으로 들어가는 길이 없다고 해.
37,32/S3062.DAT,0x47DEE,76,39,"베미의 정령: 이제부터 일어나는 일을 보고, 듣고, 생각해서 행동하는 것입니다."
37,32/S3061.DAT,0x47F46,89,52,베미의 정령: 이 세계에 태어나 문명을 세워 번영하는 것을 당연한 일이라고 생각하고 있지요.
37,22/S2059.DAT,0x478F8,69,32,국왕: 정령의 이야기를 듣고서야 처음으로 우리들의 잘못을 알게 되다니.
36,F/SF0B1.DAT,0x47C96,74,38,용자와 힘을 합쳐 인간의 미래를 만들기 위한 것이라고 고문서에서 알았습니다.
36,B/SB022.DAT,0x47EC6,81,45,빛의 정령: 그것을 바로잡을 수 있는 건 너희들뿐이야. 훌륭한 미래를 기대하고 있어.
36,B/SB022.DAT,0x47948,95,59,하늘의 목소리: 멸망을 막기 위한 마지막 힘 따위는 없다. 여기 있는 것은 예전에 너희가 지녔던 힘.
36,7/S7023.DAT,0x48588,87,51,"출전자: 이 세계에는 대지의 돌, 물의 돌, 불의 돌, 바람의 돌, 빛의 돌이라는 돌이 있어서,"
36,6/S6054.DAT,0x45C42,85,49,"이 세계에는 정령의 돌 말고도, 모두 모으면 효과가 나타나는 돌이 하나 더 있다고 들었다."
36,4/S4033.DAT,0x47EDC,95,59,그런데 빛의 정령에게서 돌을 받은 모양이구나. 다음 정령은 그레이시느에 있다. 서둘러 출발해 다오.
36,32/S3067.DAT,0x47D86,93,57,"베미의 정령: 하지만 사람은 때로 자연에게서, 때로 사람에게서도 빼앗아 자기 에릴베를 늘립니다."
36,22/S2055.DAT,0x479E0,68,32,"대신: 왕이시여, 이 자는 왕가를 빼앗으려 하고 있을지도 모르겠습니다."
36,21/S2041.DAT,0x48746,101,65,"승무원: 그 밖에 분열하는 몬스터는 HP가 절반이 되지만, 쓰러뜨렸을 때 받는 경험치는 변하지 않습니다."
36,21/S2041.DAT,0x486E4,83,47,승무원: 이것을 써서 몬스터의 장소와 지형을 잘 보고 작전을 세워 보면 어떻겠습니까?
35,F/SF081.DAT,0x4792E,80,45,두목: 하지만 우리 같은 놈들이 아니면 지킬 수 없는 녀석들도 있다는 걸 잊지 마라.
35,F/SF041.DAT,0x47DA8,93,58,불의 정령: 나는 불의 정령. 나의 하위 정령인 불꽃의 정령을 풀어 준 데 대해 인사를 해야겠구나.
35,B/SB022.DAT,0x47BF4,88,53,"하늘의 목소리: 아크여, 얻은 힘을 써서 다른 동료들과 힘을 합쳐 사람들을 깨우고 이끌어라."
35,9/S9051.DAT,0x47F12,82,47,안델 대신: 대단히 불행한 사태입니다만 국민 여러분께는 침착한 대처를 당부드립니다.
35,9/S9051.DAT,0x47E58,83,48,안델 대신: 앞으로는 지금 건설 중인 팔렌시아 타워에서 국민에게 지시를 내리겠습니다.
35,8/S8041.DAT,0x47B5A,97,62,"카사토르: 이용할 수 있는 것은 철저히 이용하고, 살 가치도 없는 어린것들을 없애는 게 뭐가 나쁘지?"
35,8/S8013.DAT,0x48124,101,66,"초핀: 로맨싱 스톤이 있는 곳을 알아냈습니다. 하나는 수메리아의 토우빌, 하나는 아라라토스의 유적 던전,"
35,8/S8013.DAT,0x47E52,99,64,초핀: 포코 님의 악기는 전부 여섯 개라고 들었습니다. 모두 찾으면 상당히 강한 부대가 될 수 있겠군요.
35,7/S7012.DAT,0x49136,101,66,"초핀: 로맨싱 스톤이 있는 곳을 알아냈습니다. 하나는 수메리아의 토우빌, 하나는 아라라토스의 유적 던전,"
35,7/S7012.DAT,0x48E64,99,64,초핀: 포코 님의 악기는 전부 여섯 개라고 들었습니다. 모두 찾으면 상당히 강한 부대가 될 수 있겠군요.
35,6/S6051.DAT,0x47BA8,74,39,라마다 산의 경전을 원하는 모양이다만 산 안에는 한 걸음도 들여놓을 수 없다.
35,6/S6014.DAT,0x4963E,101,66,"초핀: 로맨싱 스톤이 있는 곳을 알아냈습니다. 하나는 수메리아의 토우빌, 하나는 아라라토스의 유적 던전,"
35,6/S6014.DAT,0x4936C,99,64,초핀: 포코 님의 악기는 전부 여섯 개라고 들었습니다. 모두 찾으면 상당히 강한 부대가 될 수 있겠군요.
35,5/S5013.DAT,0x49692,101,66,"초핀: 로맨싱 스톤이 있는 곳을 알아냈습니다. 하나는 수메리아의 토우빌, 하나는 아라라토스의 유적 던전,"
35,5/S5013.DAT,0x493C0,99,64,초핀: 포코 님의 악기는 전부 여섯 개라고 들었습니다. 모두 찾으면 상당히 강한 부대가 될 수 있겠군요.
35,5/S5013.DAT,0x480D0,80,45,초핀: 아이템 던지기는 반격당하지 않으므로 강한 적에게도 안전한 공격 수단입니다.
35,4/S4035.DAT,0x47EEA,87,52,다음 정령은 아리바샤에 있다. 그곳에는 물의 정령을 계속 지키는 사류족이라는 일족이 있다.
35,32/S3062.DAT,0x47D3A,73,38,베미의 정령: 당신이 무엇을 하지 않으면 안 되는지는 당신이 정할 일입니다.
35,32/S3061.DAT,0x481DE,73,38,베미의 정령: 당신이 무엇을 하지 않으면 안 되는지는 당신이 정할 일입니다.
35,31/S3014.DAT,0x486CA,101,66,"초핀: 로맨싱 스톤이 있는 곳을 알아냈습니다. 하나는 수메리아의 토우빌, 하나는 아라라토스의 유적 던전,"
35,31/S3014.DAT,0x483F8,99,64,초핀: 포코 님의 악기는 전부 여섯 개라고 들었습니다. 모두 찾으면 상당히 강한 부대가 될 수 있겠군요.
35,31/S3014.DAT,0x47108,80,45,초핀: 아이템 던지기는 반격당하지 않으므로 강한 적에게도 안전한 공격 수단입니다.
35,31/S3013.DAT,0x4855E,77,42,승무원: 또 자유롭게 돌아다닐 수 있는 곳에서는  를 여러 곳에서 눌러 보십시오.
35,22/S2055.DAT,0x47F2E,85,50,모르겠습니다. 다만 정령은 토우빌로 돌아가면 아버지가 남긴 메시지가 있다고 말했습니다.
35,22/S2046.DAT,0x4881A,82,47,"무슨 소리냐!! 남쪽 바다에 떠 있는 이 세상의 낙원, 클라프 섬을 모른단 말이냐, 네놈!"
35,21/S2045.DAT,0x493D4,99,64,초핀: 포코 님의 악기는 전부 여섯 개라고 들었습니다. 모두 찾으면 상당히 강한 부대가 될 수 있겠군요.
35,21/S2045.DAT,0x480E4,80,45,초핀: 아이템 던지기는 반격당하지 않으므로 강한 적에게도 안전한 공격 수단입니다.
35,21/S2041.DAT,0x480B4,76,41,승무원: 밀마나를 황폐하게 만드는 몬스터들은 우리나라보다 강력하다고 합니다.
35,21/S2014.DAT,0x47DF2,91,56,"병사1: 팔렌시아의 안전을 위해 주민을 가려서, 군의 허가 없이는 드나들지 못하게 할 모양이야."
34,F/SF0B1.DAT,0x47978,91,57,국왕: 몬스터가 날뛰고 이상한 일이 계속되는 지금에 와서 형님의 말과 이 전설이 떠오르는구나.
34,B/SB022.DAT,0x47B82,77,43,하늘의 목소리: 그 사이를 파고드는 몬스터들 때문에 멸망을 향해 나아가고 있다.
34,8/S8011.DAT,0x4809E,83,49,남자: 저는 이 나라에 오래전부터 살며 줄곧 물의 정령님을 지켜 온 사류족 사람입니다.
34,7/S7023.DAT,0x48524,77,43,대회 위원: 오늘은 동료에게 일을 떠넘겨 버렸지. 덕분에 느긋하게 있을 수 있어.
34,5/S5021.DAT,0x47C48,81,47,인간이 새로이 역사를 시작한 최초의 장소에는 빛의 정령이 지금도 있다고 전해진다네.
34,5/S5013.DAT,0x47F80,106,72,"초핀: 아이템, 장신구, 특수 능력은 커서로 고르고 있을 때 L이나 R 버튼을 누르면 그 효과를 볼 수 있습니다."
34,5/S5012.DAT,0x4842E,81,47,그러고 보니 그레이시느의 라마다에는 신기한 힘을 지닌 일단이 있다는 이야기가 있어.
34,4/S4036.DAT,0x47E40,85,51,5대 정령의 돌을 모은 뒤에는 네 운명이 크게 움직일 것이다. 결코 굴하지 말고 맞서 다오.
34,4/S4011.DAT,0x487EA,70,36,"너희 같은 인간의 목숨을 아무렇지도 않게 여기는 놈들을 쳐죽이기 전에는,"
34,32/S3066.DAT,0x47DA2,80,46,베미의 정령: 그리고 그 사람의 아이는 긴 시간을 거쳐 그 죄의 무게를 알게 됩니다.
34,32/S3066.DAT,0x47D2A,103,69,"베미의 정령: 이 숲도 아리바샤의 사막도, 한 번 무너진 자연의 조화는 부술 때만큼 쉽게 돌아오지 않습니다."
34,32/S3061.DAT,0x47D12,74,40,베미의 정령: 심한 상처를 입고 이 숲으로 도망쳐 온 그를 내가 도와주었어요.
34,31/S3031.DAT,0x47FDE,73,39,"방금 말한, 신기한 힘을 지닌 전사가 우리입니다. 나이는 관계없지 않습니까?"
34,31/S3014.DAT,0x46FB4,106,72,"초핀: 아이템, 장신구, 특수 능력은 커서로 고르고 있을 때 L이나 R 버튼을 누르면 그 효과를 볼 수 있습니다."
34,31/S3012.DAT,0x4823C,100,66,"초핀: 그곳의 마물은 이야기가 진행되어도 강해지지 않으니, 수련할 사람의 수준에 맞춰 장소를 고르세요."
34,23/S2082.DAT,0x47A56,84,50,대신: 먼저 그놈의 아버지가 보내온 메시지가 도착하는 토우빌을 철저히 조사하겠습니다.
34,22/S2052.DAT,0x47D26,87,53,대신: 너희 같은 아이들만으로 저 부대를 전멸시킨 몬스터를 쓰러뜨릴 수 있을 리가 없잖아.
34,21/S2045.DAT,0x47F94,106,72,"초핀: 아이템, 장신구, 특수 능력은 커서로 고르고 있을 때 L이나 R 버튼을 누르면 그 효과를 볼 수 있습니다."
34,21/S2042.DAT,0x4823C,100,66,"초핀: 그곳의 마물은 이야기가 진행되어도 강해지지 않으니, 수련할 사람의 수준에 맞춰 장소를 고르세요."
33,F/SF021.DAT,0x48212,73,40,인간의 무지는 때때로 많은 불행을 낳는다. 하지만 인간은 배우고 알 수 있어.
33,B/SB022.DAT,0x47BBA,79,46,하늘의 목소리: 이대로라면 몬스터와 함께 인간도 이 세상에서 사라지게 될 것이다.
33,B/SB022.DAT,0x47B48,79,46,하늘의 목소리: 너희들의 미래는 자신의 욕망에 사로잡혀 자신을 잃어버린 인간들과
33,B/SB022.DAT,0x479C2,87,54,하늘의 목소리: 그러나 너희 인간은 역사를 거듭하는 사이 그 마음을 잊고 힘을 잃어버렸다.
33,8/S8041.DAT,0x47A1C,87,54,카사토르: 네놈이 적국 스메리아의 전사인가. 여기저기서 우리를 방해하고 있는 모양이구나.
33,8/S8021.DAT,0x480D0,72,39,사류족 남자: 갑시다. 장로님에게서 들어 주셨으면 하는 이야기가 있습니다.
33,8/S8013.DAT,0x47C4C,75,42,초핀: 여기서는 어떤 아이템을 얻을 수 있습니다. 스톤 서클에서만 말이지요...
33,7/S7022.DAT,0x487F6,74,41,출전자: 바람의 오브를 손에 넣은 자에게는 반드시 불행이 찾아온다고 들었다.
33,7/S7012.DAT,0x48C5E,75,42,초핀: 여기서는 어떤 아이템을 얻을 수 있습니다. 스톤 서클에서만 말이지요...
33,6/S6014.DAT,0x49166,75,42,초핀: 여기서는 어떤 아이템을 얻을 수 있습니다. 스톤 서클에서만 말이지요...
33,5/S5013.DAT,0x491BA,75,42,초핀: 여기서는 어떤 아이템을 얻을 수 있습니다. 스톤 서클에서만 말이지요...
33,4/S4034.DAT,0x47F1E,69,36,"그렇게 말하고 싶지만, 이 돌은 하나만으로는 아무 효과도 없는 모양이야."
33,31/S3022.DAT,0x47FD4,89,56,병사: 과연 우리 대장군! ...하지만 장군이 몬스터와 싸우는 건 한 번도 본 적이 없단 말이지.
33,31/S3014.DAT,0x481F2,75,42,초핀: 여기서는 어떤 아이템을 얻을 수 있습니다. 스톤 서클에서만 말이지요...
33,31/S3013.DAT,0x484AC,89,56,승무원: 한 번 다녀온 뒤에도 갈 수 있는 길이 이어진 장소에는 여러 번인가 찾아가 보십시오.
33,31/S3012.DAT,0x483E0,99,66,"초핀: 그 밖에 분열하는 몬스터는 HP가 절반이 되지만, 쓰러뜨렸을 때 받는 경험치는 변하지 않습니다."
33,22/S2055.DAT,0x47FD8,84,51,국왕: 알겠다. 너는 형의 메시지에 따라 행동해 다오. 할 수 있는 일은 무엇이든 하겠다.
33,21/S2045.DAT,0x491CE,75,42,초핀: 여기서는 어떤 아이템을 얻을 수 있습니다. 스톤 서클에서만 말이지요...
33,21/S2042.DAT,0x483E0,99,66,"초핀: 그 밖에 분열하는 몬스터는 HP가 절반이 되지만, 쓰러뜨렸을 때 받는 경험치는 변하지 않습니다."
32,F/SF0B1.DAT,0x47A46,75,43,"국왕: 그리고 성궤가 이 나라 어디에 있는지, 어떻게 하면 손에 넣을 수 있는지"
32,F/SF041.DAT,0x47F56,71,39,불의 정령: 그리고 마침내 세계 생명의 근원인 정령에게 눈을 돌린 것이다.
32,7/S7023.DAT,0x4863A,65,33,무슨 일이 일어날 거라고 해도 말이지. 큰부자라도 될 수 있는 걸까?
32,7/S7022.DAT,0x488F0,78,46,출전자: 라마다사에서 수행하면 뭐시기 버스터라는 칭호를 받을 수 있는 모양이야.
32,7/S7012.DAT,0x482F6,80,48,초핀: 캐릭터들의 방어력이 비슷한 수치가 되도록 신경 써 보시는 건 어떻겠습니까?
32,7/S7012.DAT,0x48242,75,43,초핀: 동료가 늘어나면 전투에서의 역할에 따라 레벨 차이가 더 생기게 됩니다.
32,7/S7012.DAT,0x47FF8,72,40,초핀: 싸움은 머리를 쓰지 않으면 안 됩니다. 힘만으로는 안 되는 법입니다.
32,6/S6054.DAT,0x45778,68,36,라마다 승려: 라마다 절에서 문이 열렸을 때 안에 보이는 사람의 수는?
32,6/S6032.DAT,0x47A36,87,55,대승정: 그자들을 데리고 이 방에 들어온다는 것은 우리를 배신하는 것과 같다. 알겠느냐?!
32,6/S6032.DAT,0x479DE,69,37,대승정: 무슨 소리를 하는 게냐! 그들이 누구인지는 네게 전했을 터이다.
32,6/S6014.DAT,0x487FE,80,48,초핀: 캐릭터들의 방어력이 비슷한 수치가 되도록 신경 써 보시는 건 어떻겠습니까?
32,6/S6014.DAT,0x4874A,75,43,초핀: 동료가 늘어나면 전투에서의 역할에 따라 레벨 차이가 더 생기게 됩니다.
32,6/S6014.DAT,0x48500,72,40,초핀: 싸움은 머리를 쓰지 않으면 안 됩니다. 힘만으로는 안 되는 법입니다.
32,5/S5013.DAT,0x48852,80,48,초핀: 캐릭터들의 방어력이 비슷한 수치가 되도록 신경 써 보시는 건 어떻겠습니까?
32,5/S5013.DAT,0x4879E,75,43,초핀: 동료가 늘어나면 전투에서의 역할에 따라 레벨 차이가 더 생기게 됩니다.
32,5/S5013.DAT,0x48554,72,40,초핀: 싸움은 머리를 쓰지 않으면 안 됩니다. 힘만으로는 안 되는 법입니다.
32,4/S4035.DAT,0x480AC,76,44,아무리 해도 대미지를 줄 수 없을 때는 여러 가지 마법을 시험해 보는 편이 좋아.
32,4/S4033.DAT,0x47E86,68,36,나는 앞으로도 이곳으로 편지를 계속 보내겠다. 너도 가끔 보러 와 다오.
32,4/S4031.DAT,0x480BC,73,41,이것이 편지가 아니라 실제로 너를 눈앞에 두고 전하고 함께 행동할 수 있다면
32,4/S4011.DAT,0x485E8,65,33,병사1: 대왕이 가장 두려워하던 나라라고는 도저히 생각되지 않는군.
32,32/S3066.DAT,0x47E02,54,22,베미의 정령: 하지만 그래서는 이미 때가 지난 것입니다.
32,31/S3031.DAT,0x481B6,77,45,야군: 이 근처의 몬스터도 쓰러뜨리지 못한다면 숲에는 도저히 갈 수 없으니까요.
32,31/S3022.DAT,0x47DF8,67,35,"병사: 우리 군인들에게 맡기고, 잠자코 하는 말이나 들으면 되는 거다."
32,31/S3014.DAT,0x4788A,80,48,초핀: 캐릭터들의 방어력이 비슷한 수치가 되도록 신경 써 보시는 건 어떻겠습니까?
32,31/S3014.DAT,0x477D6,75,43,초핀: 동료가 늘어나면 전투에서의 역할에 따라 레벨 차이가 더 생기게 됩니다.
32,31/S3014.DAT,0x4758C,72,40,초핀: 싸움은 머리를 쓰지 않으면 안 됩니다. 힘만으로는 안 되는 법입니다.
32,21/S2045.DAT,0x48866,80,48,초핀: 캐릭터들의 방어력이 비슷한 수치가 되도록 신경 써 보시는 건 어떻겠습니까?
32,21/S2045.DAT,0x487B2,75,43,초핀: 동료가 늘어나면 전투에서의 역할에 따라 레벨 차이가 더 생기게 됩니다.
32,21/S2045.DAT,0x48568,72,40,초핀: 싸움은 머리를 쓰지 않으면 안 됩니다. 힘만으로는 안 되는 법입니다.
32,1/S1061.DAT,0x47A12,91,59,"화이트 가문의 딸은 든든한 받침이 되는 씨실. 세상이 무너질 때 불길처럼 치솟는 날실이 나타나,"
32,1/S1061.DAT,0x479AA,86,54,수메리아는 조화의 힘으로 일하는 나라. 화이트 가문은 조화를 이루기 위한 실을 짜는 가문.
31,8/S8061.DAT,0x47EBE,81,50,물의 정령: 그 아이는 바람의 정령에게서 맡은 후진. 쓸모 있는 녀석이니 데려가거라.
31,7/S7028.DAT,0x480D8,67,36,대회 위원: 내 뒤에 서지 마십시오. 어떻게 되어도 책임지지 않습니다.
31,7/S7026.DAT,0x48DE4,67,36,대회 위원: 내 뒤에 서지 마십시오. 어떻게 되어도 책임지지 않습니다.
31,7/S7025.DAT,0x48B78,67,36,대회 위원: 내 뒤에 서지 마십시오. 어떻게 되어도 책임지지 않습니다.
31,7/S7025.DAT,0x489BA,86,55,출전자: 싸움에 강해지는 것만이 수행은 아니야. 정말로 강해지려면 마음의 단련도 필요해.
31,7/S7024.DAT,0x48824,69,38,대회 위원: 시합 시작 직후에 아무것도 못 하고 쓰러지는 분도 있답니다.
31,7/S7023.DAT,0x48B04,67,36,대회 위원: 내 뒤에 서지 마십시오. 어떻게 되어도 책임지지 않습니다.
31,7/S7022.DAT,0x48A6C,67,36,대회 위원: 내 뒤에 서지 마십시오. 어떻게 되어도 책임지지 않습니다.
31,6/S6053.DAT,0x47AAE,78,47,"제가 삼십 년 동안 잃어버린 것을, 여러분과 여행하며 되찾을 수 있을 것 같습니다."
31,6/S6032.DAT,0x47AF8,64,33,아무것도 보이지 않는다고 생각하는 거야? 더러운 짓은 그만두세요.
31,6/S6031.DAT,0x479AC,63,32,"승정: 결국은 살과 피를 지닌 인간일 뿐, 두려워할 것은 없겠지요."
31,4/S4033.DAT,0x482EA,61,30,몬스터가 너무 강해서 어떻게 해도 이길 수 없을 때는 어찌하지?
31,31/S3013.DAT,0x483C6,86,55,승무원: 프리 커서로 맵을 확인하고 계십니까? 자신의 턴에 LR 동시에 누르시면 됩니다.
31,23/S2071.DAT,0x47B34,65,34,용서 못 할 놈이 있으니까 베어 버릴 뿐이야. 뭐가 잘못이라는 거냐?
31,1/S1023.DAT,0x48036,82,51,"분열하는 몬스터는 HP가 절반이 되지만, 쓰러뜨렸을 때 받는 경험치는 변하지 않는다."
31,1/S1023.DAT,0x47CB8,67,36,숲이나 동굴 같은 곳에서는 뜻밖의 곳에서 적이 나와 당하는 일이 있다.
31,1/S1023.DAT,0x47A40,86,55,아버지의 편지: 네 여행에 도움이 되길 바라며 쓴다. 목숨을 소중히 여기고 끝까지 싸워라.
30,F/SF021.DAT,0x482C2,66,36,바람의 정령: 이 오브를 부순 너희가 하는 말이라면 믿겠지만 말이야.
30,D/SD031.DAT,0x45C48,69,39,내가 다시 깨어났다는 것은 정령들에게 이변이 일어나고 있다는 뜻이겠지.
30,B/SB021.DAT,0x47B14,73,43,"성궤: 자, 나의 시련을 받아라. 너희 자신들의 그림자 분신과 싸우는 것이다."
30,8/S8013.DAT,0x47D10,85,55,초핀: 그때 커서와  로 링 안의 기술을 고르고 아이콘의 위치를 바꾸어 놓을 수 있습니다.
30,7/S7031.DAT,0x478B8,81,51,"로크톨: 축하합니다, 당신이 진정한 용사입니다. 자, 상품인 바람의 오브를 드리지요."
30,7/S7025.DAT,0x4875C,66,36,대회 위원: 드디어 결승전입니다. 여기까지 왔으니 질 수는 없겠군요.
30,7/S7022.DAT,0x47EE4,68,38,대회 위원: 1회전에 참가하실 분은  씨입니다. 본인께서 나와 주십시오.
30,7/S7022.DAT,0x47E8A,68,38,대회 위원: 1회전에 참가하실 분은  씨입니다. 본인께서 나와 주십시오.
30,7/S7022.DAT,0x47E30,68,38,대회 위원: 1회전에 참가하실 분은  씨입니다. 본인께서 나와 주십시오.
30,7/S7022.DAT,0x47DD6,68,38,대회 위원: 1회전에 참가하실 분은  씨입니다. 본인께서 나와 주십시오.
30,7/S7022.DAT,0x47D7C,68,38,대회 위원: 1회전에 참가하실 분은  씨입니다. 본인께서 나와 주십시오.
30,7/S7022.DAT,0x47D22,68,38,대회 위원: 1회전에 참가하실 분은  씨입니다. 본인께서 나와 주십시오.
30,7/S7022.DAT,0x47CC8,68,38,대회 위원: 1회전에 참가하실 분은  씨입니다. 본인께서 나와 주십시오.
30,7/S7021.DAT,0x48582,66,36,출전자: 내가 나가는 이상 바람의 오브는 받아 놓은 거나 마찬가지지.
30,7/S7012.DAT,0x48D22,85,55,초핀: 그때 커서와  로 링 안의 기술을 고르고 아이콘의 위치를 바꾸어 놓을 수 있습니다.
30,7/S7012.DAT,0x47F96,77,47,초핀: 그 밖에 날아다니는 몬스터에게는 바람 마법이 잘 통하는 경우도 있습니다.
30,6/S6054.DAT,0x4663E,64,34,라마다 승: 다섯 번째 도전이시군요. 슬슬 진심으로 싸워 주십시오.
30,6/S6053.DAT,0x47BFC,77,47,이곳은 어느새 사악한 절이 되어 버렸다. 이제 여기서 가르칠 것은 아무것도 없다.
30,6/S6014.DAT,0x4922A,85,55,초핀: 그때 커서와  로 링 안의 기술을 고르고 아이콘의 위치를 바꾸어 놓을 수 있습니다.
30,6/S6014.DAT,0x4849E,77,47,초핀: 그 밖에 날아다니는 몬스터에게는 바람 마법이 잘 통하는 경우도 있습니다.
30,5/S5013.DAT,0x4927E,85,55,초핀: 그때 커서와  로 링 안의 기술을 고르고 아이콘의 위치를 바꾸어 놓을 수 있습니다.
30,5/S5013.DAT,0x484F2,77,47,초핀: 그 밖에 날아다니는 몬스터에게는 바람 마법이 잘 통하는 경우도 있습니다.
30,4/S4034.DAT,0x48304,64,34,"아이템은 자신에게 써도 되고 가까운 동료나 적에게도 쓸 수 있지만,"
30,4/S4031.DAT,0x48160,64,34,"하지만 나에게는 나의 역할이 있고, 이것은 너에게 맡겨진 운명이다."
30,4/S4011.DAT,0x48686,70,40,병사3: 이대로 두면 우리가 아무것도 하지 않아도 안에서 무너져 갈 거야.
30,32/S3065.DAT,0x47D2A,84,54,"베미의 정령: 해도 비도, 그리고 바람도 모두 이유가 있어서 지금과 같이 있는 것입니다."
30,31/S3014.DAT,0x482B6,85,55,초핀: 그때 커서와  로 링 안의 기술을 고르고 아이콘의 위치를 바꾸어 놓을 수 있습니다.
30,31/S3014.DAT,0x4752A,77,47,초핀: 그 밖에 날아다니는 몬스터에게는 바람 마법이 잘 통하는 경우도 있습니다.
30,31/S3013.DAT,0x48430,92,62,"승무원: 요수도 늘어날 때 HP가 절반이 되지만, 쓰러뜨렸을 때 받는 경험치는 변하지 않습니다."
30,22/S2054.DAT,0x47A86,60,30,대신: 급한 일이 생긴 모양이군. 이야기는 나중에 듣도록 하지.
30,21/S2045.DAT,0x49292,85,55,초핀: 그때 커서와  로 링 안의 기술을 고르고 아이콘의 위치를 바꾸어 놓을 수 있습니다.
30,21/S2045.DAT,0x48506,77,47,초핀: 그 밖에 날아다니는 몬스터에게는 바람 마법이 잘 통하는 경우도 있습니다.
30,21/S2044.DAT,0x4831A,74,44,"왔는가 왔는가, 기다리고 있었느니라. 자네가 없으면 앞으로 힘들 테니 말이야."
30,1/S1011.DAT,0x4799E,72,42,해가 바뀌면 팔렌시아 성에서 마중이 올 거야. 그게 우리 일족의 규율이야...
29,F/SF0B1.DAT,0x479E4,76,47,"국왕: 아크여, 포코와 둘이 밀마나의 토요케 숲에 가서 형님이 무엇을 보았는지,"
29,B/SB022.DAT,0x47E32,85,56,불의 정령: 이제야말로 너희의 말인 인간 스스로의 잘못을 바로잡는 용기를 보여 줄 때다.
29,B/SB022.DAT,0x47C36,76,47,"하늘의 목소리: 그리고 쿠쿠루여, 너는 이제부터 세계에서 닫히는 토우빌에 남아"
29,B/SB022.DAT,0x47A74,65,36,하늘의 목소리: 그리고 모든 것을 사랑하는 마음을 지닌 인간들이다.
29,8/S8041.DAT,0x47C9C,76,47,카사토르: 나와 승부하고 싶거든 이겨서 신전까지 와라! 올 수 있다면 말이지만.
29,8/S8041.DAT,0x47B08,61,32,카사토르: 세상이 나빠지고 있다고? 네가 뭔데 그런 말을 하지!
29,8/S8021.DAT,0x47D7A,77,48,사류족 남자: 동력석은 이제 모든 나라에서 기계를 움직이는 원천이 된 것입니다.
29,8/S8021.DAT,0x47B8C,86,57,"사류족 남자: 그 시절 이곳은 물과 초목이 풍부한, 매우 살기 좋은 땅이었다고 들었습니다."
29,8/S8013.DAT,0x48198,81,52,"초핀: 하나는 고겐 님이, 마지막 하나는 아크 님의 아버님이 가지고 계신 모양입니다."
29,7/S7024.DAT,0x48B66,67,38,대회 위원: 내 뒤에 서지 마십시오. 어떻게 되어도 책임지지 않습니다.
29,7/S7021.DAT,0x48DD0,67,38,대회 위원: 내 뒤에 서지 마십시오. 어떻게 되어도 책임지지 않습니다.
29,7/S7012.DAT,0x491AA,81,52,"초핀: 하나는 고겐 님이, 마지막 하나는 아크 님의 아버님이 가지고 계신 모양입니다."
29,6/S6054.DAT,0x46394,70,41,라마다 승: 처음 도전하시는군요. 그러면 우선 몸풀기부터 하도록 하지요.
29,6/S6021.DAT,0x4861C,74,45,목적을 잊고 단련하여 강해지는 일에만 집착한 마음을 몬스터가 파고든 거구나.
29,6/S6014.DAT,0x496B2,81,52,"초핀: 하나는 고겐 님이, 마지막 하나는 아크 님의 아버님이 가지고 계신 모양입니다."
29,6/S6013.DAT,0x4834E,88,59,"카데르라면 해마다 무투 대회가 있고, 그 상품이 바람의 오브라는 것이었던 걸로 기억하는데?"
29,6/S6012.DAT,0x48032,65,36,그럼 할아버지가 말한 옛 영혼의 동료가 권법가들 가운데 있는 거야?
29,5/S5023.DAT,0x47A38,70,41,확실히 소환의 항아리로군. 그런데 어째서 정령 따위를 만나고 싶은 겐가?
29,5/S5021.DAT,0x482CE,61,32,신이 나서 자꾸 아래로 내려가면 두 번 다시 돌아오지 못할 거야.
29,5/S5013.DAT,0x49706,81,52,"초핀: 하나는 고겐 님이, 마지막 하나는 아크 님의 아버님이 가지고 계신 모양입니다."
29,4/S4033.DAT,0x481A6,66,37,싸울 때는 될 수 있는 한 적의 뒤로 돌아 들어가는 편이 좋은 것 같아.
29,4/S4031.DAT,0x47D38,69,40,우리를 구할 성궤는 수메리아에 있다. 하지만 그 힘을 손에 넣기 위해서는
29,32/S3061.DAT,0x48136,66,37,베미의 정령: 그리고 그는 그 벽을 당신에게 맡기고 싸우고 있습니다.
29,32/S3061.DAT,0x47FAC,68,39,베미의 정령: 그리고 세계를 자신들의 욕망대로 파괴하기 시작했습니다.
29,31/S3031.DAT,0x48246,71,42,야군: 이분들이 전장을 구경하고 싶어 하신다. 네가 동행하여 보여 드려라.
29,31/S3024.DAT,0x4613A,65,36,병사: 역시 아무리 생각해도 스파이가 있다고밖에 생각할 수 없는데.
29,31/S3014.DAT,0x4873E,81,52,"초핀: 하나는 고겐 님이, 마지막 하나는 아크 님의 아버님이 가지고 계신 모양입니다."
29,31/S3013.DAT,0x482BA,68,39,"승무원: 이 나라에는 세 곳, 언제 가도 몬스터가 있는 장소가 있습니다."
29,31/S3011.DAT,0x47FEE,71,42,병사: 수메리아국에서 온 사절을 환영합니다. 군 본부까지 안내하겠습니다.
29,23/S2061.DAT,0x4887A,83,54,포코: 애초에 군인은 체질이 아니야. 싸우는 것보다 악기를 연주하는 게 훨씬 즐거운걸.
29,22/S2058.DAT,0x4798A,68,39,국왕: 무슨 일이 있어도 내가 살아 있는 동안에 성궤를 손에 넣어 다오.
29,22/S2051.DAT,0x47C38,81,52,"국왕: 아크여, 너에게 부탁이 있다. 우리나라에 전해 내려오는 성궤에 관한 것이다..."
29,21/S2041.DAT,0x484FE,64,35,"승무원: 어느 나라에나, 언제 가도 몬스터가 있는 장소가 있습니다."
28,F/SF0E1.DAT,0x47BB6,92,64,장로: 요슈아 님께 당신은 인간의 미래를 향한 희망이라고 들었습니다. 아직 끝내서는 안 됩니다.
28,D/SD031.DAT,0x45EDC,72,44,정령의 인도가 있으면 만날 수 있다. 너희를 이 땅으로 이끈 것은 무엇이지?
28,8/S8021.DAT,0x4802E,66,38,사류족 남자: 하지만 그 남자의 자손이 이 나라를 다스리고 있습니다.
28,7/S7026.DAT,0x48A66,65,37,출전자: 내가 나가는 이상 바람의 오브는 받아 놓은 거나 마찬가지지
28,7/S7023.DAT,0x485EE,51,23,출전자: 다섯 개를 모으면 뭔가 일어난다는 모양이야.
28,7/S7022.DAT,0x48852,64,36,출전자: 그런데도 손에 넣고 싶어 하는 건 그만큼 탐나기 때문인가.
28,6/S6054.DAT,0x45E2E,61,33,라마다 승: 수행이 부족한 모양이구나. 다시 해 보는 게 좋겠다.
28,5/S5041.DAT,0x47B36,79,51,"빛의 정령: 아크, 다른 정령들을 가두고 있는 몬스터를 쓰러뜨려 그들을 풀어 주고,"
28,4/S4035.DAT,0x4846C,68,40,모프리는 쓰고 있나? 장소에 따라서는 이만큼 쓸 만한 녀석도 드물다네.
28,4/S4022.DAT,0x47D34,65,37,병사1: 결행은 내일이다. 곧 그놈들과 같은 곳으로 갈 수 있을 거야.
28,4/S4022.DAT,0x47AFA,61,33,두목과 동생분들의 목숨과 맞바꿔서 나는 이렇게 하고 있는 거야.
28,31/S3024.DAT,0x46FFA,83,55,"남자: 토요케의 숲은 예전에는 베미의 숲이라 불렸고, 국민이 믿는 대상이었습니다만..."
28,31/S3023.DAT,0x483BC,83,55,"남자: 토요케의 숲은 예전에는 베미의 숲이라 불렸고, 국민이 믿는 대상이었습니다만..."
28,31/S3013.DAT,0x48314,59,31,승무원: 여기서 여러 번이고 싸우면 점점 강해질 수 있습니다.
28,23/S2081.DAT,0x47890,74,46,대신: 수메리아 왕은 토우빌의 아크라는 소년에게 성궤를 찾게 할 모양입니다.
28,22/S2046.DAT,0x4858A,71,43,"병사: 여권이다, 여권! 설마 가지고 있지 않은 건가? 수상한 녀석 같으니."
28,21/S2043.DAT,0x47FC4,54,26,병사: 국왕께서 기다리고 계십니다. 성으로 와 주십시오.
28,21/S2041.DAT,0x48554,59,31,승무원: 여기서 여러 번이고 싸우면 점점 강해질 수 있습니다.
28,21/S2033.DAT,0x47936,41,13,쿠쿠루: 반역자라는 게 아까 그 사람인가?
28,21/S2014.DAT,0x47EFC,58,30,"병사2: 아크, 왕께서 기다리고 계신다. 어서 가는 게 좋겠어."
28,21/S2013.DAT,0x478C6,68,40,병사: 국왕 폐하께서 기대하고 계신다. 좋은 결과를 가지고 돌아오도록.
28,21/S2011.DAT,0x47BAC,72,44,"병사: 꼬마야, 팔렌시아성에는 무슨 일이지? 여긴 아이들 놀이터가 아니다!"
28,1/S1072.DAT,0x47AA8,80,52,목소리가... 아주 무서운 목소리가 들렸어요. 분명 좋지 않은 일이 생길 것 같아요...
28,1/S1041.DAT,0x48058,72,44,산의 정령: 그렇습니다. 하지만 당신은 언젠가 다시 불을 끄러 오게 됩니다.
28,1/S1011.DAT,0x47B3E,77,49,잘도 시온의 불꽃을 껐구나! 3천 년이라는 긴 시간 동안 나를 가두어 둔 불꽃을...
27,F/SF021.DAT,0x47DE4,57,30,하지만 우리 정령들을 만나야 하는 일은 전혀 끝나지 않았어.
27,D/SD012.DAT,0x47954,76,49,"아크 데몬: 감사하고 싶지만, 널 죽이지 않고서는 자유로워질 수 없어서 말이지."
27,C2/SC0B6.DAT,0x45CD4,74,47,승리 횟수 10회를 달성하신 분께는 조금 기쁜 상품이 있습니다. 힘내 주십시오.
27,B/SB022.DAT,0x47AC0,56,29,"하늘의 목소리: 자, 스스로가 가져야 할 힘을 손에 넣어라."
27,B/SB022.DAT,0x47A04,71,44,"하늘의 목소리: 성궤 안에 있는 보물이란 곧, 여기까지의 고난을 이겨 내고"
27,9/S9051.DAT,0x47D9C,85,58,안델 대신: 이 혼란이 진정될 때까지 임시 안전 위원회를 설립해 국가 운영을 하겠습니다.
27,8/S8061.DAT,0x47F6C,60,33,물의 정령: 그것을 모르는 놈들에게 내 힘을 빌려줄 수는 없어!
27,8/S8013.DAT,0x47EC8,68,41,초핀: 그 뒤의 투기장에서는 배틀에서 이긴 수를 세고 있는 모양입니다.
27,7/S7026.DAT,0x47F14,73,46,아나운서: 오브 쟁탈전에 참가하실 분은  씨입니다. 본인께서 나와 주십시오.
27,7/S7026.DAT,0x47EB2,73,46,아나운서: 오브 쟁탈전에 참가하실 분은  씨입니다. 본인께서 나와 주십시오.
27,7/S7026.DAT,0x47E50,73,46,아나운서: 오브 쟁탈전에 참가하실 분은  씨입니다. 본인께서 나와 주십시오.
27,7/S7026.DAT,0x47DEE,73,46,아나운서: 오브 쟁탈전에 참가하실 분은  씨입니다. 본인께서 나와 주십시오.
27,7/S7026.DAT,0x47D8C,73,46,아나운서: 오브 쟁탈전에 참가하실 분은  씨입니다. 본인께서 나와 주십시오.
27,7/S7026.DAT,0x47D2A,73,46,아나운서: 오브 쟁탈전에 참가하실 분은  씨입니다. 본인께서 나와 주십시오.
27,7/S7026.DAT,0x47CC8,73,46,아나운서: 오브 쟁탈전에 참가하실 분은  씨입니다. 본인께서 나와 주십시오.
27,7/S7012.DAT,0x48EDA,68,41,초핀: 그 뒤의 투기장에서는 배틀에서 이긴 수를 세고 있는 모양입니다.
27,7/S7012.DAT,0x48844,74,47,초핀: 라마다에 남은 승려들은 절을 수행의 장소로 개방하고 있는 모양입니다.
27,7/S7012.DAT,0x4854A,61,34,"초핀: 힘 시험도 할 겸, 때로는 가 보는 것도 좋지 않겠습니까?"
27,7/S7012.DAT,0x4809A,67,40,초핀: 강한 상대를 정해 싸우면 그만큼 많은 경험을 쌓을 수 있습니다.
27,7/S7011.DAT,0x48158,68,41,알고 있는 건지 모르고 있는 건지 구별이 안 가는 점이 곤란하단 말이야.
27,6/S6051.DAT,0x47E9A,83,56,그가 지면 우리는 조용히 돌아가겠다. 하지만 우리가 이긴다면 우리 이야기를 들어 주게.
27,6/S6014.DAT,0x493E2,68,41,초핀: 그 뒤의 투기장에서는 배틀에서 이긴 수를 세고 있는 모양입니다.
27,6/S6014.DAT,0x48D4C,74,47,초핀: 라마다에 남은 승려들은 절을 수행의 장소로 개방하고 있는 모양입니다.
27,6/S6014.DAT,0x48A52,61,34,"초핀: 힘 시험도 할 겸, 때로는 가 보는 것도 좋지 않겠습니까?"
27,6/S6014.DAT,0x485A2,67,40,초핀: 강한 상대를 정해 싸우면 그만큼 많은 경험을 쌓을 수 있습니다.
27,6/S6012.DAT,0x480F2,77,50,이 항아리 영감까지 영혼의 동료라고 하잖아. 영감이 말하는 것도 믿을 수 없겠네.
27,5/S5052.DAT,0x47C90,65,38,"욕심 없는 인간은 없다고 생각하네만... 뭐, 좋다. 약속은 못 하겠네."
27,5/S5052.DAT,0x47B78,73,46,요슈아: 머지않아 네 앞에 욕망 때문이 아니라 싸우는 소년이 나타날 것이다.
27,5/S5021.DAT,0x47A04,86,59,"여기는 3천 년 전 대붕괴 뒤에 사람이 처음으로 거리를 만들고, 그것이 크게 발전한 곳이야."
27,5/S5013.DAT,0x49436,68,41,초핀: 그 뒤의 투기장에서는 배틀에서 이긴 수를 세고 있는 모양입니다.
27,5/S5013.DAT,0x48DA0,74,47,초핀: 라마다에 남은 승려들은 절을 수행의 장소로 개방하고 있는 모양입니다.
27,5/S5013.DAT,0x48AA6,61,34,"초핀: 힘 시험도 할 겸, 때로는 가 보는 것도 좋지 않겠습니까?"
27,5/S5013.DAT,0x485F6,67,40,초핀: 강한 상대를 정해 싸우면 그만큼 많은 경험을 쌓을 수 있습니다.
27,5/S5013.DAT,0x481FA,88,61,초핀: 반대로 자신이 공격받을 때는 되도록 정면을 향하게 하면 적에게 반격하기 쉬워집니다.
27,4/S4036.DAT,0x47DE0,72,45,그리고 그곳은 사악한 욕망이 모여 있는 곳이기도 하다. 조심해서 향해 다오.
27,4/S4036.DAT,0x47CDC,63,36,마지막 정령은 수메리아에. 읽으시겠습니까?|읽는다|읽지 않는다
27,4/S4034.DAT,0x4825C,58,31,"한 번 갔던 곳이라도, 시간이 지나면 다시 가 보는 편이 좋아."
27,4/S4034.DAT,0x481B8,58,31,"한 번 갔던 곳이라도, 시간이 지나면 다시 가 보는 편이 좋아."
27,4/S4033.DAT,0x47CDC,65,38,다음 정령은 그레이시누에게. 읽으시겠습니까?|읽는다|읽지 않는다
27,4/S4031.DAT,0x47E8C,58,31,정령이 다시 한번 마음을 열게 하는 역할을 해 주었으면 한다.
27,4/S4011.DAT,0x48B98,59,32,"일족에게 전해지는 것으로, 용자를 이끄는 힘이 있다고 전해져."
27,32/S3068.DAT,0x47F86,74,47,베미의 정령: 몸소 몸으로 알게 된 경험을 살려 올바른 길을 찾아 나아가세요.
27,32/S3067.DAT,0x47E46,62,35,베미의 정령: 누구 한 사람만이 빼앗아 혼자 가져서는 안 됩니다.
27,32/S3067.DAT,0x47D2A,69,42,베미의 정령: 살아 있는 모든 것은 에릴베를 자기 안에 지니고 있습니다.
27,32/S3061.DAT,0x48292,84,57,베미의 정령: 이것을 받으세요. 당신에게 전해 주었으면 한다며 요슈아가 맡긴 것입니다.
27,32/S3061.DAT,0x47EEE,65,38,베미의 정령: 인간은 스스로를 이 세계의 지배자라고 믿고 있습니다.
27,32/S3061.DAT,0x47D6C,86,59,베미의 정령: 그런데 의식을 되찾은 요슈아의 입에서 나온 것은 죽음을 바라는 말이었어요.
27,31/S3031.DAT,0x47D5A,57,30,"아이들이라니, 이래 보여도 수메리아 왕의 명으로 온 거예요."
27,31/S3022.DAT,0x486A6,73,46,우리가 몬스터를 쓰러뜨려 보이는 수밖에 없겠지. 장군이 아이로 보지 못하게.
27,31/S3022.DAT,0x47F16,62,35,병사: 우선 카카라스의 숲에서 힘 시험이라도 해 보는 게 어떤가.
27,31/S3014.DAT,0x4846E,68,41,초핀: 그 뒤의 투기장에서는 배틀에서 이긴 수를 세고 있는 모양입니다.
27,31/S3014.DAT,0x47DD8,74,47,초핀: 라마다에 남은 승려들은 절을 수행의 장소로 개방하고 있는 모양입니다.
27,31/S3014.DAT,0x47ADE,61,34,"초핀: 힘 시험도 할 겸, 때로는 가 보는 것도 좋지 않겠습니까?"
27,31/S3014.DAT,0x4762E,67,40,초핀: 강한 상대를 정해 싸우면 그만큼 많은 경험을 쌓을 수 있습니다.
27,31/S3014.DAT,0x47232,88,61,초핀: 반대로 자신이 공격받을 때는 되도록 정면을 향하게 하면 적에게 반격하기 쉬워집니다.
27,31/S3014.DAT,0x470A2,79,52,"초핀: 아이템으로 던져서 피해를 주는 것은 돌, 작은 폭탄, 큰 폭탄 세 가지입니다."
27,23/S2081.DAT,0x479E2,53,26,거울: 좋다. 야군 장군에게 그자의 힘을 시험하게 하라.
27,22/S2052.DAT,0x47B8A,73,46,대신: 거짓말하지 마라. 그 부대는 군에서도 왕을 지키는 최고의 병사들이야.
27,22/S2047.DAT,0x480E8,69,42,초핀: 저는 국왕의 명을 따를 뿐입니다. 따로 감사하실 필요는 없습니다.
27,21/S2045.DAT,0x4944A,68,41,초핀: 그 뒤의 투기장에서는 배틀에서 이긴 수를 세고 있는 모양입니다.
27,21/S2045.DAT,0x48DB4,74,47,초핀: 라마다에 남은 승려들은 절을 수행의 장소로 개방하고 있는 모양입니다.
27,21/S2045.DAT,0x48ABA,61,34,"초핀: 힘 시험도 할 겸, 때로는 가 보는 것도 좋지 않겠습니까?"
27,21/S2045.DAT,0x4860A,67,40,초핀: 강한 상대를 정해 싸우면 그만큼 많은 경험을 쌓을 수 있습니다.
27,21/S2045.DAT,0x4820E,88,61,초핀: 반대로 자신이 공격받을 때는 되도록 정면을 향하게 하면 적에게 반격하기 쉬워집니다.
27,21/S2033.DAT,0x47AAA,42,15,"쿠쿠루: 포코, 지하 감옥이 어디인지 알아?"
27,21/S2021.DAT,0x486FC,73,46,아크: 우리가 쓰러뜨린 마물이 복수하러 온 거야. 지금 구해 줄 테니 기다려!
27,1/S1072.DAT,0x478CC,78,51,촌장: 신의 피를 이은 일족만 들어갈 수 있도록 결계가 지키던 시온산의 불꽃도...
27,1/S1021.DAT,0x481F0,72,45,오늘 밤 산에 가면 아버지가 우리를 두고 사라진 이유를 알 수 있을 것 같아.
26,F/SF0E1.DAT,0x47B56,71,45,장로: 정령들은 모두 비밀을 품고 있습니다. 그것은 이 세계의 비밀입니다.
26,F/SF0B1.DAT,0x47B9E,57,31,"성지 시온산을 대대로 지키는 일족의 딸, 쿠쿠루라고 합니다."
26,F/SF041.DAT,0x48294,58,32,아이들은 부모들의 잘못을 바로잡을 용기와 힘을 가지고 있다.
26,F/SF041.DAT,0x48168,52,26,"불의 정령이여. 인간은 아무것도 낳지 못한다고 했지만,"
26,F/SF021.DAT,0x48036,84,58,바람의 정령: 바람을 마음대로 부리려 한 상인이 몬스터와 거래하여 나를 봉인해 두었지.
26,D/SD011.DAT,0x47BAE,69,43,안 돼! 산에서 무서운 목소리가 들렸어. 불꽃을 꺼서 무언가 깨어난 거야.
26,B/SB071.DAT,0x47E54,50,24,앞으로 나아가면 이제 돌아올 수 없게 될지도 모른다.
26,B/SB041.DAT,0x47B22,60,34,쿠쿠루는 닫히는 토우빌로 들어가 용사 아크를 떠받치는 것이다.
26,B/SB022.DAT,0x47C72,63,37,하늘의 목소리: 깨어난 백성의 힘을 모아 아크를 지키고 떠받쳐라.
26,8/S8021.DAT,0x47F0E,68,42,사류족 남자: 하지만 급격한 캐는 일은 자연에 이상을 일으킨 것입니다.
26,8/S8021.DAT,0x47EA0,64,38,사류족 남자: 동력석은 비싸게 팔려 나라가 단숨에 부유해졌습니다.
26,7/S7025.DAT,0x47EF0,66,40,아나운서: 결승에 참가하실 분은  씨입니다. 본인께서 나와 주십시오.
26,7/S7025.DAT,0x47E94,66,40,아나운서: 결승에 참가하실 분은  씨입니다. 본인께서 나와 주십시오.
26,7/S7025.DAT,0x47E38,66,40,아나운서: 결승에 참가하실 분은  씨입니다. 본인께서 나와 주십시오.
26,7/S7025.DAT,0x47DDC,66,40,아나운서: 결승에 참가하실 분은  씨입니다. 본인께서 나와 주십시오.
26,7/S7025.DAT,0x47D80,66,40,아나운서: 결승에 참가하실 분은  씨입니다. 본인께서 나와 주십시오.
26,7/S7025.DAT,0x47D24,66,40,아나운서: 결승에 참가하실 분은  씨입니다. 본인께서 나와 주십시오.
26,7/S7025.DAT,0x47CC8,66,40,아나운서: 결승에 참가하실 분은  씨입니다. 본인께서 나와 주십시오.
26,7/S7024.DAT,0x4870C,68,42,아나운서: 준결승에 참가하실 분은  씨입니다. 본인께서 나와 주십시오.
26,7/S7024.DAT,0x486AE,68,42,아나운서: 준결승에 참가하실 분은  씨입니다. 본인께서 나와 주십시오.
26,7/S7024.DAT,0x48650,68,42,아나운서: 준결승에 참가하실 분은  씨입니다. 본인께서 나와 주십시오.
26,7/S7024.DAT,0x485F2,68,42,아나운서: 준결승에 참가하실 분은  씨입니다. 본인께서 나와 주십시오.
26,7/S7024.DAT,0x48594,68,42,아나운서: 준결승에 참가하실 분은  씨입니다. 본인께서 나와 주십시오.
26,7/S7024.DAT,0x48536,68,42,아나운서: 준결승에 참가하실 분은  씨입니다. 본인께서 나와 주십시오.
26,7/S7024.DAT,0x484D8,68,42,아나운서: 준결승에 참가하실 분은  씨입니다. 본인께서 나와 주십시오.
26,7/S7023.DAT,0x489E4,67,41,아나운서: 2회전에 참가하실 분은  씨입니다. 본인께서 나와 주십시오.
26,7/S7023.DAT,0x48986,67,41,아나운서: 2회전에 참가하실 분은  씨입니다. 본인께서 나와 주십시오.
26,7/S7023.DAT,0x48928,67,41,아나운서: 2회전에 참가하실 분은  씨입니다. 본인께서 나와 주십시오.
26,7/S7023.DAT,0x488CA,67,41,아나운서: 2회전에 참가하실 분은  씨입니다. 본인께서 나와 주십시오.
26,7/S7023.DAT,0x4886C,67,41,아나운서: 2회전에 참가하실 분은  씨입니다. 본인께서 나와 주십시오.
26,7/S7023.DAT,0x4880E,67,41,아나운서: 2회전에 참가하실 분은  씨입니다. 본인께서 나와 주십시오.
26,7/S7023.DAT,0x487B0,67,41,아나운서: 2회전에 참가하실 분은  씨입니다. 본인께서 나와 주십시오.
26,7/S7012.DAT,0x488A6,71,45,초핀: 자신의 강함을 시험하고 싶어졌을 때 들러 보시는 건 어떻겠습니까?
26,6/S6054.DAT,0x46A2E,63,37,라마다 승: 열한 번째 도전이시군요. 일단 이것으로 마지막입니다.
26,6/S6041.DAT,0x488DE,73,47,대지의 정령: 그렇다. 이 기술은 인간끼리 다투기 위해 내려 준 것이 아니다.
26,6/S6014.DAT,0x48DAE,71,45,초핀: 자신의 강함을 시험하고 싶어졌을 때 들러 보시는 건 어떻겠습니까?
26,6/S6012.DAT,0x4815E,40,14,"항아리 영감이라니, 나더러 하는 말이냐!?"
26,5/S5032.DAT,0x478FE,46,20,신세를 졌다. 여기서부터는 우리끼리 갈 수 있다.
26,5/S5013.DAT,0x48E02,71,45,초핀: 자신의 강함을 시험하고 싶어졌을 때 들러 보시는 건 어떻겠습니까?
26,5/S5013.DAT,0x4806E,74,48,"초핀: 아이템으로 던져서 피해를 주는 것은 돌, 폭탄, 큰 폭탄 세 가지입니다."
26,4/S4035.DAT,0x47E36,74,48,돌은 곧 그들의 의지다. 그리고 너에게도 이 세계의 모습이 보이기 시작했겠지.
26,4/S4035.DAT,0x47D30,63,37,다음 정령은 아리바샤에게. 읽으시겠습니까?|읽는다|읽지 않는다
26,4/S4031.DAT,0x483D8,56,30,당신이 길을 떠날 때 말했잖아. 이것은 내 길이기도 하다고.
26,4/S4031.DAT,0x482FA,62,36,"나는 겁쟁이라 아무것도 못 하지만, 아크와 있으면 용기가 솟아나."
26,4/S4031.DAT,0x4825E,53,27,이렇게 되면 아무 일도 없던 것으로 넘길 수는 없겠어...
26,32/S3061.DAT,0x4795E,75,49,예전에는 숲 전체가 이곳과 같았습니다. 당신들 인간이 저렇게 만들어 버렸지요.
26,31/S3032.DAT,0x47B62,63,37,"야군: 아이인 줄 알았는데, 아무래도 전설의 용사일지도 모르겠군."
26,31/S3031.DAT,0x47F1A,71,45,야군: 사절께서 목숨이라도 잃으시면 수메리아 왕께 면목이 서지 않습니다.
26,31/S3014.DAT,0x47E3A,71,45,초핀: 자신의 강함을 시험하고 싶어졌을 때 들러 보시는 건 어떻겠습니까?
26,31/S3012.DAT,0x48194,62,36,초핀: 어느 나라든 언제든 마물과 싸울 수 있는 장소가 있습니다.
26,22/S2046.DAT,0x48DFA,59,33,"병사: 예, 그러시면 분명 돌아가신 왕께서도 좋아하실 겁니다."
26,21/S2045.DAT,0x48E16,71,45,초핀: 자신의 강함을 시험하고 싶어졌을 때 들러 보시는 건 어떻겠습니까?
26,21/S2045.DAT,0x48082,74,48,"초핀: 아이템으로 던져서 피해를 주는 것은 돌, 폭탄, 큰 폭탄 세 가지입니다."
26,21/S2042.DAT,0x48194,62,36,초핀: 어느 나라든 언제든 마물과 싸울 수 있는 장소가 있습니다.
26,21/S2041.DAT,0x4804E,77,51,승무원: 밀마나 입국 후에는 군 본부의 허가 없이는 다른 나라로 갈 수 없습니다.
26,21/S2021.DAT,0x486B0,38,12,"쿠쿠루: 아크, 이게 어떻게 된 일이야?"
26,1/S1011.DAT,0x479FC,62,36,그리고 신의 피를 이은 백성의 딸로서 왕자와 결혼하게 되는 거야.
25,F/SF041.DAT,0x47BE0,94,69,불꽃의 정령: 에릴베는 서로 나누어 주며 올려 가는 것이지 상대에게서 억지로 빼앗는 것이 아니다.
25,D/SD021.DAT,0x479EE,54,29,내가 태어난 마을에 들어가는데 이런 일이 벌어질 줄이야.
25,D/SD014.DAT,0x47A3C,49,24,무슨 일이라도 생기면 다들 도와주러 와 줄 거잖아?
25,D/SD014.DAT,0x4794C,49,24,"여기서부터는 우리만 들어갈 수 있어. 쿠쿠루, 가자."
25,9/S9051.DAT,0x47B72,80,55,"아나운서: 도적은 토우빌 마을 출신인 아크 에다 리코르누를 주모자로 하는 7명으로,"
25,8/S8062.DAT,0x47B00,54,29,물의 정령: 너희들의 행적은 내가 언제나 지켜보고 있다.
25,8/S8051.DAT,0x488E4,77,52,"카사토르: 훗! 약한 놈일수록 잘 떠드는 법이지. 좋다, 바라는 대로 시동해 주마."
25,8/S8041.DAT,0x47A94,70,45,방해? 당신들이 하고 있는 짓이 이 세계를 점점 나쁘게 만들고 있는 거야.
25,8/S8021.DAT,0x47DF2,64,39,"사류족 남자: 천 년 전에 로마리아에서 온 남자가 동력석을 이용해,"
25,8/S8013.DAT,0x480C8,63,38,초핀: 다만 라마다사에서 받을 수 있는 것은 아닌 모양입니다만...
25,8/S8013.DAT,0x47BE8,75,50,초핀: 고겐 님이 동료가 된 뒤에 오르카스 언덕의 스톤 서클에 가 보셨습니까?
25,7/S7012.DAT,0x490DA,63,38,초핀: 다만 라마다사에서 받을 수 있는 것은 아닌 모양입니다만...
25,7/S7012.DAT,0x48BFA,75,50,초핀: 고겐 님이 동료가 된 뒤에 오르카스 언덕의 스톤 서클에 가 보셨습니까?
25,6/S6054.DAT,0x46AD6,58,33,더는 상대할 사람이 없습니다. 모처럼이지만 물러나 주십시오.
25,6/S6054.DAT,0x46828,67,42,라마다 승: 여섯 번째 도전이시군요. 그러면 이 정도는 어떻겠습니까?
25,6/S6054.DAT,0x46778,70,45,"라마다 승: 네 번째 도전이시군요. 슬슬 힘들어지셨겠지만, 힘내시는군요."
25,6/S6054.DAT,0x4529A,57,32,라마다 승: 수메리아의 다운타운에 있는 네 녀석의 이름은?
25,6/S6031.DAT,0x47C34,74,49,대승정: 대경전이 밖으로 나가면 봉인의 기술이 드러나 무서운 일이 벌어진다.
25,6/S6014.DAT,0x495E2,63,38,초핀: 다만 라마다사에서 받을 수 있는 것은 아닌 모양입니다만...
25,6/S6014.DAT,0x49102,75,50,초핀: 고겐 님이 동료가 된 뒤에 오르카스 언덕의 스톤 서클에 가 보셨습니까?
25,5/S5041.DAT,0x479D2,54,29,빛의 정령: 인간의 대표로서 그대가 들어 주었으면 한다.
25,5/S5024.DAT,0x478E8,46,21,무슨 말을 하는 거야. 이야기가 진행되지 않잖아.
25,5/S5023.DAT,0x47AD4,58,33,"뭐, 네가 알아듣게 말하자면 인간의 미래를 위해서라고 할까?"
25,5/S5021.DAT,0x47E30,65,40,그래서 나 혼자서는 손에 넣고 싶어도 얻을 수 없는 것뿐이란 말이지.
25,5/S5021.DAT,0x47966,49,24,우리가 알고 싶은 건 이 나라 정령이 있는 곳뿐이야.
25,5/S5013.DAT,0x49636,63,38,초핀: 다만 라마다사에서 받을 수 있는 것은 아닌 모양입니다만...
25,5/S5013.DAT,0x49156,75,50,초핀: 고겐 님이 동료가 된 뒤에 오르카스 언덕의 스톤 서클에 가 보셨습니까?
25,4/S4034.DAT,0x47DE2,79,54,"아크야, 땅의 정령에게서 돌을 받은 모양이구나. 그렇다면 네 명의 전사도 모였겠지."
25,4/S4034.DAT,0x47D30,61,36,다음 정령은 카데르에게. 읽으시겠습니까?|읽는다|읽지 않는다
25,4/S4033.DAT,0x487B8,51,26,친구에게 자랑할 수 있을 정도는 있을지도 모르겠구나.
25,4/S4033.DAT,0x48768,53,28,‘있을지도 모른다’가 아니야. 어차피 아무것도 없겠지.
25,4/S4011.DAT,0x48888,58,33,병사2: 인간의 목숨? 너희 인간의 시대는 이제 끝나는 거다.
25,32/S3061.DAT,0x480EC,49,24,베미의 정령: 인간의 미래를 없애지 않기 위해서요.
25,31/S3022.DAT,0x4830C,77,52,남자: 어딘가 나라를 빼앗긴 것 같은 기분이... 그렇게 생각하는 건 나뿐일까요?
25,31/S3014.DAT,0x4866E,63,38,초핀: 다만 라마다사에서 받을 수 있는 것은 아닌 모양입니다만...
25,31/S3014.DAT,0x4818E,75,50,초핀: 고겐 님이 동료가 된 뒤에 오르카스 언덕의 스톤 서클에 가 보셨습니까?
25,22/S2055.DAT,0x47DB6,62,37,우리는 정말 해서는 안 될 일에 손을 대고 있는지도 모르겠습니다.
25,22/S2053.DAT,0x47A60,65,40,국왕: 괜찮지 않은가. 틀림없이 이들의 힘으로 우리가 구원받았으니.
25,22/S2052.DAT,0x47EE8,54,29,아크: 제 말이 거짓인지 아닌지 직접 보여 드리겠습니다.
25,22/S2052.DAT,0x47C8C,53,28,아크: 하지만 그곳의 마물은 끝없이 나타나고 있습니다.
25,22/S2046.DAT,0x488D2,83,58,"그 섬을 다스리고 계신 분이 이분의 아버님, 왕 중의 왕!! 톤 시란 노데스케토 님이시다."
25,22/S2046.DAT,0x487C0,59,34,"병사: 하아, 하지만 클라프 왕국 같은 나라는 들어 본 적도..."
25,21/S2045.DAT,0x4964A,63,38,초핀: 다만 라마다사에서 받을 수 있는 것은 아닌 모양입니다만...
25,21/S2045.DAT,0x4916A,75,50,초핀: 고겐 님이 동료가 된 뒤에 오르카스 언덕의 스톤 서클에 가 보셨습니까?
25,21/S2014.DAT,0x47D4C,75,50,"병사1: 자세히는 모르지만, 대신이 발령한 팔렌시아 개조 계획에 반대했다는군."
25,1/S1071.DAT,0x47932,66,41,약속대로 이 마을에서 내보내 줄 거지? 정말로 자유롭게 해 줄 거지?
25,1/S1071.DAT,0x478D6,64,39,"촌장: 자, 이 앞부터는 너희 화이트 가문의 사람만 들어갈 수 있다."
25,1/S1041.DAT,0x48378,63,38,산의 정령: 약속에 따라 마물과 싸울 힘을 당신에게 드리겠습니다.
25,1/S1041.DAT,0x48326,49,24,산의 정령: 그리고 마침내 당신이 이곳에 왔습니다.
25,1/S1041.DAT,0x481D2,59,34,산의 정령: 당신은 그 멸망을 막을 운명을 짊어지고 있습니다.
24,F/SF041.DAT,0x47E22,66,42,불의 정령: 하지만 나는 이 같은 일을 시작한 인간을 용서할 수 없다.
24,F/SF041.DAT,0x47B86,64,40,불꽃의 정령: 이 나라가 급격히 번영하기 시작한 것은 그 때문이다.
24,D/SD031.DAT,0x46564,55,31,이제부터 음성이 잘 들리지 않게 되니 소리를 조금 올려 줘
24,D/SD031.DAT,0x45BEA,66,42,"자, 다시 물어보겠는데 성궤의 힘을 손에 넣으려면 어떻게 해야 하지?"
24,D/SD011.DAT,0x47B14,64,40,그러자 갑자기 산이 날뛰기 시작했어. 그래서 불을 다시 붙이려고...
24,B/SB072.DAT,0x47F1E,62,38,"대신: 아무래도 성궤를 손에 넣은 모양이군. 수고했다, 수고했어."
24,8/S8061.DAT,0x47D3E,60,36,사람들은 그것을 배울 때가 올 겁니다. 실제로 우리도 이렇게...
24,8/S8061.DAT,0x47B6C,48,24,물의 정령: 그렇단다. 물의 베미를 관장하고 있지.
24,8/S8021.DAT,0x47E4C,57,33,사류족 남자: 다른 나라에 팔아넘기는 장사를 시작했습니다.
24,8/S8013.DAT,0x47D7A,64,40,초핀: 이것은 한 번 바꾸면 저장되므로 언제나 사용할 수 있습니다.
24,8/S8013.DAT,0x47CAC,74,50,초핀: 전투 중 자신의 턴에 스타트 버튼을 누르면 스테이터스를 볼 수 있지요.
24,7/S7028.DAT,0x48B1E,50,26,대회 위원: 살아서 돌아오지 못할지도 모르겠습니다.
24,7/S7028.DAT,0x48166,56,32,대회 위원: 끈질기시군요. 저는 끈질긴 사람을 싫어합니다.
24,7/S7028.DAT,0x474DA,77,53,"대회 위원: 아아, 바쁘다 바빠. 나는 언제까지 여기서 계속 일해야 하는 걸까요?"
24,7/S7024.DAT,0x48A40,66,42,출전자: 한심하지만 져 버렸어. 두루 둘러보고 나서 돌아가기로 하자.
24,7/S7024.DAT,0x489F6,41,17,대체 이 녀석은 무슨 말을 하고 싶은 거야?
24,7/S7024.DAT,0x4876A,69,45,대회 위원: 이쯤 되면 남아 있는 것은 실력에 자신 있는 강자들뿐입니다.
24,7/S7023.DAT,0x486FE,54,30,출전자: 봐주고 있어서는 그 녀석에게 이길 수 없으니까.
24,7/S7022.DAT,0x48748,56,32,"대회 위원: 아아, 한가해. 오늘은 왜 이렇게 한가한 거지?"
24,7/S7012.DAT,0x48D8C,64,40,초핀: 이것은 한 번 바꾸면 저장되므로 언제나 사용할 수 있습니다.
24,7/S7012.DAT,0x48CBE,74,50,초핀: 전투 중 자신의 턴에 스타트 버튼을 누르면 스테이터스를 볼 수 있지요.
24,6/S6051.DAT,0x47C04,54,30,경전? 우리는 산에 사는 정령과 이야기하고 싶을 뿐이다.
24,6/S6031.DAT,0x47BE6,52,28,우리조차 돌아온 적 없는 라마다 산에 들어가려 하다니.
24,6/S6014.DAT,0x49294,64,40,초핀: 이것은 한 번 바꾸면 저장되므로 언제나 사용할 수 있습니다.
24,6/S6014.DAT,0x491C6,74,50,초핀: 전투 중 자신의 턴에 스타트 버튼을 누르면 스테이터스를 볼 수 있지요.
24,6/S6013.DAT,0x484A4,66,42,라마다 승려: 앞으로 절은 수행의 장소로 널리 개방해 갈 생각입니다.
24,6/S6013.DAT,0x480E0,52,28,마침내 영혼으로 이어진 전사 네 명이 모였다는 말이지.
24,5/S5021.DAT,0x4837A,70,46,내일이라도 출발한다면 오늘 밤은 여기 머물러도 좋다네. 방값은 서비스야.
24,5/S5013.DAT,0x492E8,64,40,초핀: 이것은 한 번 바꾸면 저장되므로 언제나 사용할 수 있습니다.
24,5/S5013.DAT,0x4921A,74,50,초핀: 전투 중 자신의 턴에 스타트 버튼을 누르면 스테이터스를 볼 수 있지요.
24,4/S4036.DAT,0x48308,58,34,"술도 여러 가지가 있으니, 각각 모두 다른 정령이 있는 건가?"
24,4/S4035.DAT,0x48112,63,39,아무리 레벨 업해도 배울 수 없는 능력도 여러 가지 있는 모양이야.
24,4/S4033.DAT,0x4861C,53,29,당연하다고? 그렇다고 별일이 있는 건 아니지만 말이야.
24,4/S4032.DAT,0x483B0,59,35,다른 곳에 가고 싶을 때는 별을 건너 오른쪽이 보이게 하면 돼.
24,4/S4032.DAT,0x481FA,39,15,우편함에는 아무것도 들어 있지 않습니다.
24,4/S4031.DAT,0x48474,59,35,단지 알고 있는 건 아마 모든 것이 하나로 이어져 있다는 거야.
24,4/S4031.DAT,0x47DEE,56,32,하지만 그들 대부분은 인간에게 배신당해 마음을 닫고 있다.
24,4/S4031.DAT,0x47AC0,44,20,뭔가 아주 거대한 힘이 움직이고 있는 것 같아.
24,32/S3063.DAT,0x47D88,65,41,은혜의 정령: 그는 그곳에서 너희의 역사를 계속 지켜보고 있었단다.
24,31/S3031.DAT,0x47AB0,64,40,"야군: 이런 아이들을 상대하게 되다니, 나도 우습게 보인 모양이군."
24,31/S3022.DAT,0x48614,58,34,처음부터 우리가 몬스터와 싸울 수 없다고 생각하는 모양이야.
24,31/S3014.DAT,0x48320,64,40,초핀: 이것은 한 번 바꾸면 저장되므로 언제나 사용할 수 있습니다.
24,31/S3014.DAT,0x48252,74,50,초핀: 전투 중 자신의 턴에 스타트 버튼을 누르면 스테이터스를 볼 수 있지요.
24,31/S3013.DAT,0x47F98,62,38,승무원: 수고하셨습니다. 수메리아로 돌아갈 준비는 되셨습니까?
24,23/S2082.DAT,0x479C4,55,31,거울: 성궤를 어리석은 인간들에게 넘겨주어서는 안 된다.
24,22/S2057.DAT,0x47ABC,68,44,국왕: 성에 전해지는 신비한 힘을 지닌 북이다. 언젠가 도움이 될 게다.
24,22/S2055.DAT,0x47EDE,46,22,국왕: 그렇다면 대체 어떻게 하면 좋단 말이냐?
24,22/S2055.DAT,0x47CF0,65,41,국왕: 어째서 우리의 미래가... 대체 우리가 무엇을 했다는 것이냐?
24,22/S2055.DAT,0x478F0,55,31,국왕: 그러면 형이 네 아버지라고 정령이 말한 것이로군?
24,22/S2053.DAT,0x47928,43,19,아크: 이제 저희의 힘을 믿어 주시겠습니까?
24,22/S2051.DAT,0x47B22,59,35,대신: 아크라고 했지. 함부로 그런 말을 입에 담는 게 아니다.
24,22/S2046.DAT,0x48D28,58,34,"병사: 저, 그러시다면 왕의 능에 참배하고 가 주시겠습니까?"
24,22/S2046.DAT,0x4893E,55,31,"병사: 이, 이건 실례했습니다. 그러면 뒤에 계신 분들은?"
24,21/S2045.DAT,0x492FC,64,40,초핀: 이것은 한 번 바꾸면 저장되므로 언제나 사용할 수 있습니다.
24,21/S2045.DAT,0x4922E,74,50,초핀: 전투 중 자신의 턴에 스타트 버튼을 누르면 스테이터스를 볼 수 있지요.
24,21/S2041.DAT,0x4880A,67,43,"승무원: 그러면 밀마나를 향해 출발하겠습니다만, 자신은 있으십니까?"
24,21/S2041.DAT,0x482C2,48,24,승무원: 자신이 생길 때까지 기다리고 있겠습니다.
24,21/S2022.DAT,0x47AB8,60,36,지하로 통하는 길이라면 곳간이나 감옥밖에는 생각할 수 없겠군.
24,21/S2022.DAT,0x47968,52,28,왕도 모르시는 거겠지. 나는 대신이 수상하다고 생각해.
24,1/S1021.DAT,0x48CF8,65,41,말을 걸거나 물건을 찾을 때는 가까이 다가가 결정 버튼을 누르면 돼.
24,1/S1021.DAT,0x48B14,65,41,말을 걸거나 물건을 찾을 때는 가까이 다가가 결정 버튼을 누르면 돼.
23,F/SF0F1.DAT,0x47A6A,47,24,대승정이라는 자와 이야기를 하고 싶다. 괜찮겠지.
23,F/SF0E1.DAT,0x47C28,68,45,장로: 이것은 이 마을에 전해지는 부적입니다. 무언가에 도움이 되기를.
23,F/SF041.DAT,0x4842C,82,59,"불의 정령: 좋다. 그대의 말, 소년의 눈물. 그리고 불꽃의 정령을 풀어 준 용기를 믿고"
23,F/SF041.DAT,0x47E8C,61,38,"불의 정령: 인간들은 자연을 제멋대로 바꾸어 놓을 뿐만 아니라,"
23,F/SF021.DAT,0x4826E,57,34,그리고 알고자 하는 마음을 받치는 것도 또한 욕망이 아닐까.
23,D/SD031.DAT,0x45E42,51,28,그 돌 다섯 개를 모아 시온산의 봉인을 해제하는 거야.
23,B/SB022.DAT,0x47D9E,61,38,물의 정령: 너희들을 보고 인간을 조금 다시 보게 됐어. 힘내렴.
23,8/S8062.DAT,0x47D70,55,32,물의 정령: 몬스터 한 마리에게 큰 피해를 주는 나팔이야.
23,8/S8031.DAT,0x48778,60,37,"매트 버틀러: 좋아, 카사토르 님이 기다리고 계신다. 철수한다."
23,8/S8021.DAT,0x47F6A,51,28,사류족 남자: 점점 나라가 메말라 가기 시작했습니다.
23,8/S8012.DAT,0x483A2,37,14,물러설 수 없는 싸움인 것은 알고 있다.
23,8/S8011.DAT,0x481B6,67,44,"남자: 예, 요슈아 님께는 큰 신세를 졌습니다. 자, 이쪽으로 오시지요."
23,7/S7027.DAT,0x49310,54,31,"기개도 없어 보이는 애송이들이었지만, 일단 칭찬해 주지."
23,7/S7027.DAT,0x4923C,54,31,"기개도 없어 보이는 애송이들이었지만, 일단 칭찬해 주지."
23,7/S7027.DAT,0x49168,54,31,"기개도 없어 보이는 애송이들이었지만, 일단 칭찬해 주지."
23,7/S7027.DAT,0x48FE8,54,31,"기개도 없어 보이는 애송이들이었지만, 일단 칭찬해 주지."
23,7/S7027.DAT,0x48E52,54,31,"기개도 없어 보이는 애송이들이었지만, 일단 칭찬해 주지."
23,6/S6054.DAT,0x464EC,65,42,라마다 승: 세 번째 도전이시군요. 그러면 이 정도는 어떻겠습니까?
23,6/S6054.DAT,0x46440,65,42,라마다 승: 두 번째 도전이시군요. 그러면 이 정도는 어떻겠습니까?
23,6/S6054.DAT,0x45B2C,68,45,라마다 승: 내 문제를 모두 맞힌 건 네가 두 번째다. 상으로 이걸 주마.
23,6/S6051.DAT,0x47DB6,37,14,우리 승병은 죽음을 두려워하지 않는다!
23,6/S6041.DAT,0x48A76,66,43,대지의 정령: 이것을 잊지 말거라. 그 약속 아래 대지의 돌을 주겠다.
23,6/S6041.DAT,0x48A16,68,45,땅의 정령: 있는 것은 이 세상에 사는 모든 것이 함께 나누는 것뿐이다.
23,6/S6031.DAT,0x47B2A,81,58,"대승정: 이가여, 우리가 지켜 온 라마다 산정의 대경전을 빼앗으러 오는 자들이 있다."
23,5/S5052.DAT,0x47BD8,59,36,요슈아: 방금 구한 목숨을 그 사람을 위해 써 주지 않겠는가?
23,4/S4035.DAT,0x482A0,51,28,이 싸움이 끝날 때까지 나는 술 마시는 걸 그만두겠어.
23,4/S4022.DAT,0x47CEA,47,24,병사1: 화를 내도 어찌할 수 있는 것도 아니잖아.
23,4/S4022.DAT,0x47A0C,63,40,병사2: 대신이 밀고 있는 팔렌시아 개조 계획에 맞선 죄로 말이지.
23,4/S4021.DAT,0x47B8E,53,30,무슨 개조냐. 살고 있는 사람들을 뭐라고 생각하는 거야!
23,32/S3066.DAT,0x47E4A,73,50,베미의 정령: 아리바샤의 메마른 땅과 물의 정령의 말을 마음에 새겨 두세요.
23,32/S3064.DAT,0x47D7E,53,30,베미의 정령: 마침내 싸움으로 인한 빼앗음을 낳습니다.
23,32/S3061.DAT,0x48074,92,69,베미의 정령: 요슈아도 같은 말을 했어요. 그래서 나는 그에게 마지막 희망과 시련을 주었습니다.
23,31/S3032.DAT,0x47AA2,57,34,알고 있습니다. 그때는 수메리아 왕께 그렇게 전해 주십시오.
23,31/S3031.DAT,0x48308,72,49,야군: 여러분을 루와지의 숲과 셈바라의 늪 두 곳으로 안내하게 하겠습니다.
23,31/S3022.DAT,0x47E54,61,38,병사: 야군 님은 이 나라 제일이다. 거스르면 큰일을 당할 거야.
23,31/S3013.DAT,0x485BA,52,29,승무원: 뭔가 대단한 것을 얻는 일이 있는 모양입니다.
23,31/S3012.DAT,0x481EA,55,32,초핀: 그곳에서 여러 번 싸우면 계속 강해질 수 있습니다.
23,23/S2071.DAT,0x47C66,55,32,검의 정령: 그곳에서 너와 나의 운명이 보이게 될 것이다.
23,22/S2058.DAT,0x47946,40,17,국왕: 이제 오래 살지 못할지도 모르겠군.
23,22/S2055.DAT,0x4803E,60,37,국왕: 그것이 형을 대신해 이 자리에 오른 내게 남은 역할이다.
23,22/S2055.DAT,0x47B58,60,37,국왕: 이것은 틀림없이 수메리아 왕가에 전해지는 용사의 증표.
23,21/S2042.DAT,0x481EA,55,32,초핀: 그곳에서 여러 번 싸우면 계속 강해질 수 있습니다.
23,21/S2041.DAT,0x48684,69,46,승무원: 자신의 턴일 때 LR 버튼을 동시에 누르면 프리 커서가 됩니다.
23,21/S2022.DAT,0x47A6E,44,21,하지만 어디로 돌이 있는 지하에 간단 말이냐?
23,1/S1061.DAT,0x48000,66,43,"쿠쿠루: 지금은 함께 못 가지만, 반드시 그 힘을 얻어서 널 따라갈게."
23,1/S1041.DAT,0x48428,51,28,산의 정령: 때가 되면 알게 될 겁니다. 부탁드립니다.
23,1/S1041.DAT,0x480F6,46,23,산의 정령: 그것이 당신의 운명이기 때문입니다.
23,1/S1023.DAT,0x47C3C,84,61,그 장소의 괴물은 진행해도 바뀌지 않는다. 원하는 수련 수준에 맞춰 장소를 고르면 된다.
22,F/SF081.DAT,0x47A48,69,47,두목: 이제 슬슬 조직을 네게 맡기고 이런 곳에서 여생을 보내고 싶구나.
22,F/SF081.DAT,0x47888,54,32,부하: 형님은 정말 강하시네요. 제가 다 자랑스럽습니다.
22,F/SF041.DAT,0x48688,61,39,"불의 정령: 소년이여, 그 눈물을 흘렸을 때의 마음을 잊지 마라!"
22,C2/SC0B6.DAT,0x463DC,57,35,1000회까지 앞으로  회입니다. 포기하지 말고 힘내 주십시오.
22,B/SB022.DAT,0x47F00,59,37,"하늘의 목소리: 자, 가거라. 미래는 너희가 열어 가는 것이다."
22,9/S9031.DAT,0x4878E,65,43,"소장: 불꽃의 정령을 되찾으러 온 거냐? 좋아, 여기서 시동해 주마."
22,8/S8062.DAT,0x47A60,60,38,물의 정령: 이 나라를 사악한 자들로부터 지켜 준 보답을 하마.
22,8/S8062.DAT,0x479C0,60,38,물의 정령: 이 나라를 사악한 자들로부터 지켜 준 보답을 하마.
22,8/S8051.DAT,0x487D4,59,37,카사토르: 어린것들을 죽이는 데 그 이상의 이유 따위는 없다.
22,8/S8021.DAT,0x47FC6,62,40,사류족 남자: 그리고 이제는 나라가 아주 사막화되어 버렸습니다.
22,8/S8012.DAT,0x48466,46,24,초핀: 언제든 정비해 놓고 기다리고 있겠습니다.
22,7/S7024.DAT,0x487D0,55,33,대회 위원: 시합 전에는 준비 운동을 잊지 말아 주십시오.
22,7/S7011.DAT,0x48396,62,40,이번에는 나라밖에 모르는 건가... 어쨌든 가 보고 나서 생각하자.
22,7/S7011.DAT,0x480EC,50,28,"정말이지, 영감님 노망에는 마음이 조마조마하다니까."
22,6/S6054.DAT,0x46980,65,43,라마다 승: 열 번째 도전이시군요. 그러면 이 정도는 어떻겠습니까?
22,6/S6054.DAT,0x4519E,51,29,라마다 승: 세이브 데이터의 심벌이 되어 있는 것은?
22,6/S6053.DAT,0x47D9E,60,38,제자: 스승님이 돌아오실 때까지 이 절은 우리가 지키겠습니다.
22,6/S6022.DAT,0x47AC4,53,31,"어쨌든 인간 병기로서
두려움의 대상이라는 이야기야."
22,5/S5041.DAT,0x47E0C,59,37,그건 부하의 공을 자기 것으로 만들 수 있다는 왕의 상 아닌가.
22,5/S5023.DAT,0x47C04,44,22,"손익만으로 사람은 움직이지 않는다, 인가...?"
22,5/S5023.DAT,0x4792E,47,25,"훌륭하군, 소환의 항아리를 손에 넣은 모양이구나."
22,4/S4034.DAT,0x48606,55,33,그렇게까지 써도 말이지. 이 도감에 정이라도 들었나 보군.
22,4/S4034.DAT,0x4808C,63,41,편지 속에 아이템이 들어 있습니다. 로맨싱 스톤을 손에 넣었습니다
22,4/S4033.DAT,0x48398,52,30,나이를 먹었구먼. 요즘 자꾸 물건을 잊어버린단 말이야.
22,4/S4031.DAT,0x48020,62,40,죽은 줄로만 알았던 아버지에게서 갑자기 이런 편지가 온다는 것은
22,4/S4022.DAT,0x47B4E,58,36,"병사1: 아, 그 비실비실한 영감과 얼빠진 꼬마 놈들 말인가?"
22,32/S3051.DAT,0x48D62,50,28,병사: 여기부터는 몬스터가 나오는 위험한 곳입니다.
22,31/S3031.DAT,0x47A4C,46,24,병사: 수메리아에서 온 사절을 모시고 왔습니다.
22,31/S3023.DAT,0x480BC,54,32,병사: 역시 스파이가 있는 모양이야. 어디에 있는 걸까?
22,31/S3022.DAT,0x4855A,65,43,병사: 준비가 되면 말씀해 주십시오. 출구에서 기다리고 있겠습니다.
22,31/S3013.DAT,0x48180,46,24,승무원: 준비가 될 때까지 기다리고 있겠습니다.
22,22/S2056.DAT,0x47B4A,45,23,그것을 찾으러 오르카스 언덕으로 향하겠습니다.
22,22/S2055.DAT,0x47E14,60,38,국왕: 정령의 나라라 불리는 수메리아도 예외는 아닌 것인가...
22,22/S2052.DAT,0x47D9C,79,57,병사: 보고드립니다! 마물들이 팔렌시아성으로 진격 중입니다. 곧 성에 도달합니다!
22,22/S2051.DAT,0x47E00,56,34,대신: 여기서 북쪽으로 가면 코르보 평원이라는 곳이 있다.
22,21/S2041.DAT,0x483D4,44,22,"승무원 
아뇨……아무것도 아닙니다。"
22,21/S2041.DAT,0x47FF8,57,35,"승무원: 아크 님이시군요. 이제 밀마나로 출발하겠습니다만,"
22,21/S2034.DAT,0x47994,66,44,"대신: 흥! 계획은 조금 틀어졌지만, 너희들 덕분에 수고를 던 셈이군."
22,21/S2033.DAT,0x47A24,37,15,쿠쿠루: 그런 사람처럼 보이지 않았어.
22,21/S2022.DAT,0x47C3C,49,27,병사1: 아크 님이신가. 왕의 임무는 끝내셨습니까?
22,21/S2022.DAT,0x47B10,52,30,그러고 보니 전에 몬스터가 있었던 곳은 지하 창고였어.
22,21/S2013.DAT,0x47E4C,50,28,"리에: 너, 토슈와 제법 좋은 승부를 할 수 있겠는걸."
22,1/S1061.DAT,0x47F02,53,31,쿠쿠루: 그 길이 어디로 이어지는지는 나도 모르지만...
22,1/S1061.DAT,0x47966,39,17,쿠쿠루: 거기에는 이렇게 쓰여 있었어...
22,1/S1023.DAT,0x47D0E,60,38,"자신의 턴일 때 LR 버튼을 동시에 눌러 프리 커서로 만들어서,"
21,F/SF0B1.DAT,0x47AFC,40,19,"국왕님, 저도 두 분과 동행하게 해 주세요."
21,F/SF051.DAT,0x478A0,72,51,토벌병: 아크와 그 일당은 그 뒤 수사에도 불구하고 행방을 알 수 없습니다.
21,F/SF041.DAT,0x47EE4,70,49,불의 정령: 생물이 가진 생명을 에릴베로 바꾸는 일을 생각하기 시작했다.
21,F/SF021.DAT,0x48318,52,31,바람의 정령: 너희를 믿은 증표로 바람의 돌을 주겠다.
21,B/SB072.DAT,0x482CC,46,25,대신: 용사라 해도 어머니의 목숨은 소중하겠지.
21,B/SB021.DAT,0x47A50,58,37,"성궤: 나의 힘을 인정한 자여, 그때가 왔다면 힘을 빌려주마."
21,8/S8061.DAT,0x47CD6,65,44,물의 정령: 자기들이 하는 일이 어떤 결과를 낳는지 알고는 있느냐?
21,8/S8061.DAT,0x47C22,65,44,물의 정령: 우습게 보지 마라. 이 나라는 원래 풍요로운 나라였단다.
21,8/S8061.DAT,0x47A98,71,50,"뭐야, 너희는? 도와준 건 고맙지만 허가도 없이 들어오지 않았으면 하는데."
21,8/S8013.DAT,0x47F84,87,66,초핀: 고겐 님의 키토우올 마법의 불에 큰 폭탄을 던져 넣으면 대폭발이 일어난다고 합니다.
21,7/S7028.DAT,0x489F6,59,38,안내: 예고 없이 참가자 접수를 마감합니다. 서둘러 주십시오.
21,7/S7026.DAT,0x48926,39,18,이 녀석들은 출전자 얼굴도 모르는 건가?
21,7/S7026.DAT,0x488BC,75,54,대회 위원: 이번 상품은 그 바람의 오브니까요. 손에 넣어서 어쩌려는 걸까요?
21,7/S7024.DAT,0x4887E,48,27,그런 사람이 출전하는 게 이상하다고 생각하는데...
21,7/S7012.DAT,0x48F96,87,66,초핀: 고겐 님의 키토우올 마법의 불에 큰 폭탄을 던져 넣으면 대폭발이 일어난다고 합니다.
21,6/S6054.DAT,0x45CA6,58,37,그 돌은 모험가들을 위험에서 구해 줄 위대한 힘이 될 것이다.
21,6/S6054.DAT,0x45AC8,67,46,라마다 승: 내 문제를 모두 맞힌 건 네가 처음이다. 상으로 이걸 주마.
21,6/S6032.DAT,0x47B62,61,40,거울에 비친 당신의 모습은 대승정도 무엇도 아닌 그저 몬스터야!
21,6/S6014.DAT,0x4949E,87,66,초핀: 고겐 님의 키토우올 마법의 불에 큰 폭탄을 던져 넣으면 대폭발이 일어난다고 합니다.
21,5/S5021.DAT,0x48184,53,32,"...아니, 아니야. 그럼 바로 유적의 위치를 가르쳐 주지."
21,5/S5021.DAT,0x47E8C,62,41,어떤 유적으로 안내할 테니 거기서 내가 원하는 보물을 가져다 줘.
21,5/S5013.DAT,0x494F2,87,66,초핀: 고겐 님의 키토우올 마법의 불에 큰 폭탄을 던져 넣으면 대폭발이 일어난다고 합니다.
21,4/S4036.DAT,0x47FBA,55,34,효과를 모르는 아이템은 스스로 조사할 수밖에 없는 걸까?
21,4/S4033.DAT,0x47FF4,37,16,우리끼리 끝까지 싸워 나갈 수 있을까?
21,4/S4031.DAT,0x484CC,42,21,아버지를 믿고 앞으로 나아갈 수밖에 없겠지.
21,4/S4011.DAT,0x48CD6,66,45,뭔지는 모르겠지만 힘이 넘쳐 오른다. 이제 너희에게 질 것 같지 않아!
21,32/S3068.DAT,0x47FE8,40,19,베미의 정령: 나는 언제나 보고 있습니다.
21,32/S3068.DAT,0x47F3A,47,26,베미의 정령: 이제 당신들에게 할 말은 없습니다.
21,32/S3061.DAT,0x4850E,44,23,아버지가 살아 계시면 분명 만날 수 있을 거야.
21,32/S3061.DAT,0x47E2E,78,57,베미의 정령: 그리고 그로 인해 이 세계가 파괴되어 가는 것에 절망하고 있었지요.
21,32/S3061.DAT,0x47BB4,69,48,"은혜의 정령: 그래, 수메리아의 황태자였던 요슈아 왕자, 네 아버지란다."
21,31/S3032.DAT,0x47A40,55,34,야군: 만일 무슨 일이 있어도 우리는 책임을 지지 않겠소.
21,31/S3031.DAT,0x47E54,76,55,야군: 다만 정령의 나라에서 불가사의한 힘을 지닌 전사가 오셨다고 들었기에...
21,31/S3031.DAT,0x47BDC,70,49,야군: 밀마나 국군 본부 장군 야군입니다. 토요케 숲에 가고 싶으셨지요?
21,31/S3022.DAT,0x480A4,53,32,병사: 아무래도 스파이가 있는 모양이야. 조심해야지...
21,31/S3022.DAT,0x47D96,69,48,병사: 너희가 몬스터를 쓰러뜨리겠다며 건방진 소리를 하는 꼬마들이냐?
21,31/S3014.DAT,0x4852A,87,66,초핀: 고겐 님의 키토우올 마법의 불에 큰 폭탄을 던져 넣으면 대폭발이 일어난다고 합니다.
21,23/S2082.DAT,0x47926,46,25,대신: 그자의 정령력은 계속 성장하고 있습니다.
21,23/S2071.DAT,0x47CB8,53,32,검의 정령: 그들은 이 나라를 떠나 버린다. 서둘러라...
21,22/S205B.DAT,0x4794C,40,19,대신: 네 번째 돌은 어디에 있는 것이냐?
21,22/S205B.DAT,0x478FC,51,30,"대신: 그런가, 돌은 세 개 모았나. 이제 하나 남았군."
21,22/S2057.DAT,0x47B6E,47,26,국왕: 한시라도 빨리 다섯 돌을 모아 돌아오너라.
21,22/S2055.DAT,0x47A94,61,40,"국왕: 아크라 했나, 그 이야기가 사실임을 보일 물건은 있는가?"
21,22/S2051.DAT,0x47D9C,70,49,"대신: 아크인지 뭔지, 네가 정말 정령의 힘을 얻은 자인지 시험해 보겠다."
21,22/S2046.DAT,0x48B78,50,29,병사: 하지만 왕의 장례는 삼 일 전에 끝났습니다만.
21,21/S2045.DAT,0x49506,87,66,초핀: 고겐 님의 키토우올 마법의 불에 큰 폭탄을 던져 넣으면 대폭발이 일어난다고 합니다.
21,21/S2044.DAT,0x48428,54,33,"아크, 걱정하지 마. 이 녀석도 정해진 동료 중 한 명이야."
21,1/S1061.DAT,0x47FA2,62,41,쿠쿠루: 고문서에는 일족에게 전해지는 신비한 힘도 적혀 있었어.
21,1/S1061.DAT,0x47F56,45,24,나는 그 길을 걸어가게 될 것 같은 기분이 들어.
21,1/S1061.DAT,0x47C3E,64,43,아크: 난 마을을 떠날 거야. 팔렌시아성에 가면 뭔가 알 수 있겠지.
20,F/SF091.DAT,0x47880,82,62,이 나라 왕가에는 옛적에 수메리아로 옮겨진 성궤에 관한 전설이 대대로 전해지고 있다.
20,F/SF081.DAT,0x47996,55,35,"부하: 형님, 저는 여기서 보는 팔렌시아가 제일 좋습니다."
20,F/SF041.DAT,0x47B26,66,46,불꽃의 정령: 불꽃의 정령인 나를 붙잡아 에릴베를 계속 빼앗아 왔다.
20,F/SF021.DAT,0x4842E,74,54,"바람의 정령: 그래, 내 분신을 물과 불의 정령에게 맡겨 두었지. 받아 가거라."
20,D/SD031.DAT,0x461D2,52,32,고대의 대마도사 고겐 님이 힘이 되어 주겠다고 하는데.
20,D/SD011.DAT,0x47C0E,43,23,내가 저지른 일 때문에 네가 위험해질 거야...
20,8/S8061.DAT,0x47FC8,72,52,물의 정령: 겸사겸사 이 나라의 몬스터도 퇴치해 다오! 그만큼 보답은 하마.
20,7/S7032.DAT,0x479EC,97,77,로크톨: 왕가가 멸망한 뒤에도 권력자와 부호 사이에서 그 탐욕과 두려움으로 전해 내려온 물건입니다.
20,7/S7028.DAT,0x476EE,56,36,출전자: 바람의 오브를 손에 넣었다면서. 선수를 빼앗겼군.
20,7/S7027.DAT,0x48720,60,40,이렇게 매번 우승자를 나중에 죽여서 상품인 오브를 도로 빼앗고
20,7/S7026.DAT,0x48B10,47,27,우리도 돌아가고 싶으면 다시 참가 신청하면 되지.
20,7/S7012.DAT,0x47F34,68,48,초핀: 예를 들어 마법을 사용하는 몬스터는 마법 공격에 강한 법입니다.
20,6/S6054.DAT,0x46598,56,36,라마다 승: 네 번째 도전이시군요. 아직은 이 정도겠지요?
20,6/S6054.DAT,0x45D02,46,26,라마다 승: 늘 목적을 가지고 행동하는 게 좋다.
20,6/S6054.DAT,0x45580,59,39,라마다 승려: 수도의 군 오피스에는 사실 지하 50층 던전이...
20,6/S6051.DAT,0x47D48,64,44,하지만 여기서 싸우면 우리도 필사적이다. 아마 많은 사람이 죽겠지.
20,6/S6051.DAT,0x47CB2,33,13,무슨 말을 해도 소용없는 모양이네.
20,6/S6014.DAT,0x4843C,68,48,초핀: 예를 들어 마법을 사용하는 몬스터는 마법 공격에 강한 법입니다.
20,5/S5052.DAT,0x47B28,49,29,요슈아: 사람은 욕망을 위해서만 사는 것이 아니다.
20,5/S5041.DAT,0x47B9C,48,28,빛의 정령: 그 목소리에 귀를 기울여 주었으면 해.
20,5/S5041.DAT,0x47A22,61,41,"빛의 정령: 인간은 우리의 존재를 잊고 자연을 파괴하고 비틀어,"
20,5/S5021.DAT,0x4791C,41,21,"기다렸지, 기다렸지. 무엇부터 이야기할까?"
20,5/S5013.DAT,0x48490,68,48,초핀: 예를 들어 마법을 사용하는 몬스터는 마법 공격에 강한 법입니다.
20,5/S5013.DAT,0x4819A,66,46,초핀: 이를 피하려면 적의 뒤나 옆으로 돌아 들어가 공격하면 됩니다.
20,5/S5012.DAT,0x48252,55,35,"뭐, 좋지 않겠나. 내 항아리의 몬스터들은 믿음직스럽다네."
20,4/S4035.DAT,0x47DE4,52,32,"아크야, 너는 이미 세 정령과 만나 그들의 돌을 얻었다."
20,4/S4033.DAT,0x48200,48,28,적들 중에도 이쪽의 등을 노리고 오는 녀석이 있어.
20,4/S4032.DAT,0x4836A,38,18,우편함은 때때로 보러 오는 편이 좋겠어.
20,32/S3063.DAT,0x47E38,54,34,베미의 정령: 그의 말을 잘 되새기고 행동하도록 하세요.
20,32/S3061.DAT,0x47DDA,53,33,베미의 정령: 그는 인간들끼리의 싸움에 지쳐 있었어요.
20,32/S3061.DAT,0x47A9C,40,20,"베미의 정령: 기다리고 있었습니다, 아크."
20,31/S3031.DAT,0x47C40,58,38,야군: 하지만 그건 아이들에게는 무리입니다. 너무 위험해요.
20,31/S3024.DAT,0x45DA4,37,17,"누구나 할 것 없이, 한심하기 그지없군."
20,31/S3022.DAT,0x48A90,51,31,우리만으로 몬스터를 쓰러뜨리지 않으면 의미 없잖아?
20,31/S3014.DAT,0x474C8,68,48,초핀: 예를 들어 마법을 사용하는 몬스터는 마법 공격에 강한 법입니다.
20,31/S3014.DAT,0x471D2,66,46,초핀: 이를 피하려면 적의 뒤나 옆으로 돌아 들어가 공격하면 됩니다.
20,31/S3012.DAT,0x4831C,67,47,초핀: 자신의 턴일 때 LR 버튼을 동시에 누르면 프리 커서가 됩니다.
20,22/S205C.DAT,0x47C5C,76,56,수메리아 왕: 그놈들은 성궤를 노리고 있다. 성궤의 힘을 넘겨주어서는 안 된다.
20,22/S2059.DAT,0x4794A,54,34,"국왕: 나도 한 나라를 다스리는 자로서, 잘 새겨 두겠네."
20,22/S2051.DAT,0x47BD2,71,51,국왕: 세상이 멸망한다... 황태자였던 형이 사라질 때도 그런 말을 했지...
20,21/S2045.DAT,0x484A4,68,48,초핀: 예를 들어 마법을 사용하는 몬스터는 마법 공격에 강한 법입니다.
20,21/S2045.DAT,0x481AE,66,46,초핀: 이를 피하려면 적의 뒤나 옆으로 돌아 들어가 공격하면 됩니다.
20,21/S2042.DAT,0x4831C,67,47,초핀: 자신의 턴일 때 LR 버튼을 동시에 누르면 프리 커서가 됩니다.
20,21/S2041.DAT,0x4861A,64,44,승무원: 게임이 끝날 때까지 이런 장소는 합계 10곳 이상이 됩니다.
20,21/S2034.DAT,0x479F8,41,21,대신: 왕께서 기다리신다. 어서 가 보아라.
20,21/S2022.DAT,0x47CE2,47,27,"잠시 부탁이 있는데, 성의 지하 창고로 가고 싶어."
20,21/S2022.DAT,0x479B8,64,44,누구를 믿을 수 있을지 모르겠어. 정면으로 가도 방해받을 뿐이겠지.
20,21/S2013.DAT,0x47CBC,48,28,병사: 시내의 술 취한 자가 난동을 부리고 있다고.
20,1/S1061.DAT,0x47EB6,43,23,쿠쿠루: 네가 나아가는 곳에 길이 생길 거야.
20,1/S1061.DAT,0x47ACC,65,45,쿠쿠루: 세상이 끝나려 할 때 나타날 용사를 도우라는 뜻인 것 같아.
20,1/S1023.DAT,0x47BA0,47,27,어느 나라든 언제나 괴물이 출몰하는 장소가 있다.
20,1/S1021.DAT,0x488B0,58,38,어머니: 그런 곳에 아크를 보내다니... 그만하세요! 전부 다!
20,1/S1021.DAT,0x482A8,65,45,아버지가 죽었다니 거짓말이야! 그렇게 강한 분이 쉽게 죽을 리 없어.
20,1/S1011.DAT,0x47902,43,23,대체 이 불꽃에는 어떤 의미가 있는 거지...?
19,D/SD021.DAT,0x47E0A,39,20,이제 여기로 돌아와도 아무것도 없겠네...
19,8/S8021.DAT,0x47BFA,45,26,이 사막의 나라가? 선뜻 믿기 어려운 이야기네.
19,8/S8021.DAT,0x47B1C,66,47,사류족 남자: 아젠다 고지에서 온 우리 조상이 처음 살았던 곳입니다.
19,8/S8013.DAT,0x47FF8,55,36,초핀: 몬스터가 많은 곳에서 써 보시는 건 어떻겠습니까?
19,7/S7032.DAT,0x47B24,72,53,로크톨: 하지만 이 대회의 승자에게는 또 하나의 시련이 기다리고 있습니다!
19,7/S7028.DAT,0x4827C,40,21,대회 위원: 어느 분이 참가하시겠습니까?
19,7/S7028.DAT,0x477DC,60,41,출전자: 토르노 데 반코는 강하다. 어지간해서는 이길 수 없어.
19,7/S7021.DAT,0x48E32,40,21,대회 위원: 어느 분이 참가하시겠습니까?
19,7/S7021.DAT,0x485DE,60,41,출전자: 토르노 데 반코는 강하다. 어지간해서는 이길 수 없어.
19,7/S7012.DAT,0x4900A,55,36,초핀: 몬스터가 많은 곳에서 써 보시는 건 어떻겠습니까?
19,6/S6054.DAT,0x462E4,53,34,라마다 승려: 이거 이거. 애시드 슬라임 버스터 여러분.
19,6/S6054.DAT,0x4623C,51,32,라마다 승려: 이거 이거. 데스 플레임 버스터 여러분.
19,6/S6054.DAT,0x45F00,49,30,라마다 승: 정말 잘했습니다. 이것을 드리겠습니다.
19,6/S6054.DAT,0x45686,47,28,라마다 승: 유적 던전의 가장 아래에 있는 것은?
19,6/S6054.DAT,0x450AC,36,17,라마다 승: 스파이는 어디에 있었지?
19,6/S6041.DAT,0x48B6C,40,21,땅의 정령: 우리는 언제나 지켜보고 있다.
19,6/S6022.DAT,0x47A62,65,46,그곳에서의 수련을 견딘 자는 강철처럼 강인한 몸과 기라는 것을 써서
19,6/S6014.DAT,0x49512,55,36,초핀: 몬스터가 많은 곳에서 써 보시는 건 어떻겠습니까?
19,5/S5052.DAT,0x47C2E,64,45,요슈아: 그 소년은 빛의 정령을 찾아 동쪽 스메리아에서 올 것이다.
19,5/S5021.DAT,0x481D8,58,39,그곳 지하 5층에 있는 소환의 항아리를 가져와 주었으면 하네.
19,5/S5021.DAT,0x47BFE,41,22,"그래서 자네들이 알고 싶어 하는 건 말이지,"
19,5/S5013.DAT,0x49566,55,36,초핀: 몬스터가 많은 곳에서 써 보시는 건 어떻겠습니까?
19,5/S5013.DAT,0x4813C,63,44,"초핀: 적을 공격했을 때 반격을 받아, 피해를 입을 때가 있습니다."
19,5/S5012.DAT,0x4849A,42,23,"좋아, 다음은 그레이시느를 목표로 출발이다!"
19,4/S4036.DAT,0x48010,43,24,그런 것에 자세한 동료가 있으면 좋았을 텐데.
19,4/S4034.DAT,0x47FD8,46,27,그리고 대회 주최자 록토르에게는 조심하도록 해.
19,4/S4033.DAT,0x48712,53,34,그런가. 전부 조사하면 뭔가 좋은 일이 있을지도 모르지.
19,4/S4031.DAT,0x48118,41,22,"얼마나 훌륭한 일일까, 하고 나는 생각한다."
19,4/S4031.DAT,0x47CDE,59,40,밀마나의 정령에게 들었겠지. 인간의 역사가 끝나려 하고 있다.
19,4/S4031.DAT,0x47C86,56,37,"네 소문이 내게 들려왔다. 그로부터도 벌써 10년, 빠르구나."
19,31/S3031.DAT,0x47EBE,60,41,야군: 게다가 지금 숲은 몬스터투성이라 아주 위험한 곳입니다.
19,31/S3024.DAT,0x45F28,51,32,병사: 열차는 주로 먹을 것을 수송하는 데 쓰고 있지.
19,31/S3022.DAT,0x48A50,31,12,쿠쿠루: 이렇게 해도 괜찮을까?
19,31/S3022.DAT,0x47EB2,69,50,병사: 루와지의 숲과 셈바라의 늪에 가는 건가. 그곳 몬스터는 강하다고.
19,31/S3014.DAT,0x4859E,55,36,초핀: 몬스터가 많은 곳에서 써 보시는 건 어떻겠습니까?
19,31/S3014.DAT,0x47174,63,44,"초핀: 적을 공격했을 때 반격을 받아, 피해를 입을 때가 있습니다."
19,31/S3012.DAT,0x4837E,67,48,초핀: 자유 커서로 마물의 위치와 지형을 살핀 뒤 작전을 세워 보세요.
19,23/S2071.DAT,0x47D12,34,15,"이봐, 아직 이야기는 끝나지 않았어!"
19,22/S205C.DAT,0x47B82,68,49,"수메리아 왕: 이 나라에 몬스터를 불러들여 나라를 혼란에 빠뜨린 것도,"
19,22/S2057.DAT,0x47A7C,27,8,아크: 이 북은 무엇입니까?
19,22/S2057.DAT,0x4798E,52,33,국왕: 좋다. 앞으로 내 비행선을 자유롭게 사용하거라.
19,22/S2056.DAT,0x47B9A,46,27,국왕: 음. 또 뭔가 알게 되면 보고하러 와 주게.
19,22/S2053.DAT,0x479BA,51,32,대신: 네가 이야기하는 분을 누구라고 생각하는 거냐.
19,22/S2052.DAT,0x47E52,34,15,대신: 병사들은 뭘 하고 있는 게냐!
19,22/S2051.DAT,0x47D0E,35,16,국왕: 그렇다면 어찌하면 좋겠는가?
19,21/S2045.DAT,0x4957A,55,36,초핀: 몬스터가 많은 곳에서 써 보시는 건 어떻겠습니까?
19,21/S2045.DAT,0x48150,63,44,"초핀: 적을 공격했을 때 반격을 받아, 피해를 입을 때가 있습니다."
19,21/S2042.DAT,0x4837E,67,48,초핀: 자유 커서로 마물의 위치와 지형을 살핀 뒤 작전을 세워 보세요.
19,21/S2022.DAT,0x47918,46,27,마지막 돌이 설마 이 성의 지하에 있을 줄이야...
19,1/S1061.DAT,0x47B94,59,40,아크: 그날 만난 정령도 인류의 멸망과 내 운명을 말했지만...
19,1/S1061.DAT,0x47A80,42,23,쿠쿠루: 그를 섬겨 세상을 바른길로 이끌라.
18,F/SF0F1.DAT,0x479C2,42,24,나는 그저 가르침대로 수행해 왔을 뿐이야...
18,F/SF0E1.DAT,0x47F86,59,41,"무언가를 알아도, 배워도 내 눈앞에서 비극은 사라지지 않아..."
18,F/SF041.DAT,0x482EE,51,33,"모든 것을 무로 돌리는 것 말고 해결할 방법이 있다면,"
18,F/SF021.DAT,0x47E36,53,35,"아아, 대체 이 오브와 정령에게 무슨 관계가 있는 걸까?"
18,D/SD011.DAT,0x47AB8,57,39,하지만 그 운명에 얽매이기 싫어서 봉인의 불꽃을 꺼 버렸어.
18,9/S9051.DAT,0x47B0C,57,39,아나운서: 도적들은 팔렌시아 성을 폭파한 뒤 도주했습니다.
18,8/S8061.DAT,0x479B6,50,32,사막 지하에 이렇게 물을 가득 머금은 곳이 있다니...
18,8/S8013.DAT,0x47F24,60,42,초핀: 분명 좋은 일이 있을 테니 힘내서 기록을 세워 주십시오.
18,8/S8012.DAT,0x48340,58,40,저 성에 들끓고 있는 놈들을 쓸어버릴 기회다. 나도 함께한다!
18,7/S7028.DAT,0x47602,44,26,대회 위원: 출전 희망자가 많아서 큰일입니다.
18,7/S7024.DAT,0x4898C,72,54,출전자: 너도 여기까지 남았구나. 제법인걸. 하지만 토르노 데 반코는 강해.
18,7/S7024.DAT,0x48940,38,20,나보다 약한 녀석을 만나러 간다는 건가.
18,7/S7023.DAT,0x48754,54,36,출전자: 오늘은 몸 상태가 좋으니 힘낼 거야. 너도 힘내.
18,7/S7021.DAT,0x48530,44,26,대회 위원: 출전 희망자가 많아서 큰일입니다.
18,7/S7012.DAT,0x48F36,60,42,초핀: 분명 좋은 일이 있을 테니 힘내서 기록을 세워 주십시오.
18,7/S7012.DAT,0x487AE,45,27,초핀: 가면 만능약을 받을 수 있는 모양입니다.
18,6/S6054.DAT,0x4633A,55,37,라마다 승려: 이거 이거. 엘리멘탈 마스터 버스터 여러분.
18,6/S6054.DAT,0x460DE,53,35,라마다 승려: 이거 이거. 자이언트 배트 버스터 여러분.
18,6/S6054.DAT,0x45D52,46,28,"라마다 승: 그건 틀렸지만, 노력은 인정해 주마."
18,6/S6052.DAT,0x4792C,38,20,제자: 라마다 산의 상황은 어떻습니까?
18,6/S6051.DAT,0x47E46,49,31,이 소년과 자네가 일대일 승부를 하는 건 어떻겠나?
18,6/S6014.DAT,0x4943E,60,42,초핀: 분명 좋은 일이 있을 테니 힘내서 기록을 세워 주십시오.
18,6/S6014.DAT,0x48CB6,45,27,초핀: 가면 만능약을 받을 수 있는 모양입니다.
18,5/S5041.DAT,0x47C34,50,32,빛의 정령: 나는 너희와도 만났고 인간을 믿고 있어.
18,5/S5022.DAT,0x47950,38,20,빨리 하지 않으면 정령이 달아나 버린다!
18,5/S5021.DAT,0x479B2,47,29,"자자, 자네들은 여기가 어떤 나라인지 알고 있나?"
18,5/S5013.DAT,0x49492,60,42,초핀: 분명 좋은 일이 있을 테니 힘내서 기록을 세워 주십시오.
18,5/S5013.DAT,0x48D0A,45,27,초핀: 가면 만능약을 받을 수 있는 모양입니다.
18,5/S5011.DAT,0x48004,34,16,"기다리고 있었어, 동쪽에서 온 사람."
18,4/S4036.DAT,0x480EA,50,32,무엇이든 물어보거라. 나는 어떤 일이든 알고 있단다.
18,4/S4036.DAT,0x47D8E,49,31,"아크야, 마지막 정령은 수메리아의 팔렌시아에 있다."
18,4/S4034.DAT,0x48408,45,27,받아 버리는 녀석인가. 그렇구나. 조심해야겠어.
18,4/S4033.DAT,0x4833C,51,33,몬스터가 있는 곳에서 힘내서 더 강해지면 되는 걸까?
18,4/S4033.DAT,0x48156,44,26,프리 커서일 때는  를 누르면 원래대로 돌아와.
18,4/S4033.DAT,0x47E34,49,31,앞으로 네게 연락을 취하는 것은 점점 어려워지겠지.
18,4/S4031.DAT,0x47E40,44,26,너는 정령들을 욕망에 찬 자들에게서 구해 내고
18,4/S4022.DAT,0x47BA4,43,25,병사1: 지금쯤은 사이좋게 저승에 가 있을걸.
18,4/S4021.DAT,0x47AB0,41,23,대체 너희는 이 나라를 어떻게 할 생각이냐.
18,4/S4011.DAT,0x4879C,43,25,"병사1: 어떻게 나온 거지, 죽을 곳을 찾았군."
18,32/S3068.DAT,0x47E20,54,36,베미의 정령: 지금까지 내 말에 귀를 기울여 주셨습니다.
18,32/S3064.DAT,0x47D2A,51,33,"베미의 정령: 모든 것은 자기들만의 것이라는 마음이,"
18,32/S3061.DAT,0x47C18,51,33,뭐어!! 아크의 아버지가 왕이었을지도 모른다는 거야?
18,31/S3022.DAT,0x489C4,44,26,당신은 가지 않아도 돼요. 여기서 자고 있어요.
18,31/S3014.DAT,0x484CA,60,42,초핀: 분명 좋은 일이 있을 테니 힘내서 기록을 세워 주십시오.
18,31/S3014.DAT,0x47D42,45,27,초핀: 가면 만능약을 받을 수 있는 모양입니다.
18,31/S3012.DAT,0x482B0,63,45,초핀: 이런 장소는 게임이 끝날 때까지 모두 열 곳 이상 생깁니다.
18,23/S2071.DAT,0x47C16,47,29,검의 정령: 성에서 만난 소년과 행동을 함께해라.
18,23/S2061.DAT,0x4879C,58,40,마물에게 당한 게 틀림없다고 생각해서 혼자 숨어 있었는데...
18,22/S2056.DAT,0x47A90,46,28,"국왕: 어떤가, 성궤에 대해 무언가 알아냈는가?"
18,22/S2056.DAT,0x478AE,46,28,"국왕: 어떤가, 성궤에 대해 무언가 알아냈는가?"
18,22/S2053.DAT,0x47B80,62,44,국왕: 그 전에 이 나라의 전설과 내 형에 관해 이야기해야겠구나.
18,22/S2051.DAT,0x47E54,45,27,대신: 저기 있는 몬스터를 없애 주었으면 한다.
18,22/S2046.DAT,0x486DC,52,34,"이분은 클라프 왕국의 왕자, 톤 가바 헤모촌 님이시다!!"
18,21/S2045.DAT,0x494A6,60,42,초핀: 분명 좋은 일이 있을 테니 힘내서 기록을 세워 주십시오.
18,21/S2045.DAT,0x48D1E,45,27,초핀: 가면 만능약을 받을 수 있는 모양입니다.
18,21/S2044.DAT,0x48518,47,29,그럼 우리는 옛날에 함께 여행한 적이 있는 거야?
18,21/S2044.DAT,0x48064,51,33,초핀: 무엇인가 모르는 것이 있으면 물어봐 주십시오.
18,21/S2042.DAT,0x482B0,63,45,초핀: 이런 장소는 게임이 끝날 때까지 모두 열 곳 이상 생깁니다.
18,21/S2013.DAT,0x47AE8,33,15,나도 안에 들여보내라고 하는 거야!
18,21/S2011.DAT,0x47C0C,60,42,놀러 온 게 아니야. 나는 토우빌에서 온 아크. 왕께서 부르셨어.
18,1/S1071.DAT,0x4798E,73,55,"촌장: 아아, 물론이지. 하지만 그 전에 시온산 정상에 있는 봉인의 불꽃을..."
18,1/S1061.DAT,0x47DEC,54,36,"나는 알 수 있어. 너는 날실이고, 내가 따라야 할 길이야."
18,1/S1061.DAT,0x47BF0,43,25,아크: 그런 것보다 난 아버지를 만나고 싶어.
18,1/S1021.DAT,0x487A2,85,67,"아버지: 십 년 뒤 오늘, 봉인이 풀리고 산이 다시 날뛸 거다. 그때 아크는 산으로 향한다."
18,1/S1021.DAT,0x4869A,62,44,어머니: 왜 당신이어야 해요...? 나와 아크는 어떻게 하라고요?
18,1/S1013.DAT,0x47B2E,63,45,"아크데몬: 이번에야말로 성궤의 봉인을 풀 생각인가 보군, 용사여!"
17,F/SF0E1.DAT,0x47EE0,48,31,"물의 정령이 위험해. 아크, 빨리 신전으로 가야 해!"
17,F/SF0E1.DAT,0x479E2,43,26,"사류족 남자: 예, 스메리아의 아크 님입니다."
17,F/SF0E1.DAT,0x4793A,38,21,"사류족 남자: 장로님, 정신 차리십시오."
17,F/SF091.DAT,0x47928,59,42,"옛날 인간의 왕이 오만해져 천계로 올라 신마저 지배하려 했고,"
17,F/SF081.DAT,0x479EC,50,33,부하: 우리가 사는 다운타운도 근사하게 보이잖아요.
17,F/SF041.DAT,0x47C58,56,39,"불꽃의 정령: 부탁한다, 도와다오. 이 탱크를 부수어 다오."
17,F/SF041.DAT,0x479E4,76,59,탱크 속의 것: 나는 불꽃의 정령. 이 연구소에 붙잡혀 줄곧 힘을 빨리고 있었다.
17,F/SF021.DAT,0x48496,49,32,바람의 정령: 모처럼 믿었으니 배신하지 말아 다오.
17,D/SD071.DAT,0x488AA,45,28,어서 산을 내려가자. 성궤는 사르바시오 폭포다!
17,D/SD031.DAT,0x45CA4,45,28,우선 이 세계를 이루는 5대 정령을 구해야 하네.
17,B/SB072.DAT,0x4819C,48,31,할 수 있으면 해 봐라! 너희도 무사하지 못할 거다!
17,9/S9051.DAT,0x47EBA,55,38,안델 대신: 먼저 오늘부터 팔렌시아에 계엄령을 내립니다.
17,9/S9051.DAT,0x47C34,51,34,아나운서: 국왕 전용 비행선을 빼앗아 도주 중입니다.
17,8/S8061.DAT,0x47A4A,37,20,물의 베미가 몸에 전해져 오는 것 같아.
17,7/S7031.DAT,0x47928,56,39,로크톨: 포코 님은 참 잘해 주셨으니 이것도 드리겠습니다.
17,7/S7021.DAT,0x4947A,57,40,안내 방송: 곧 참가자 접수를 마감합니다. 서둘러 주십시오.
17,7/S7012.DAT,0x48486,60,43,초핀: 아라라토스의 유적 던전은 상당히 층이 많은 모양입니다.
17,6/S6054.DAT,0x45FDC,51,34,라마다 승려: 이거 이거. 그린 슬라임 버스터 여러분.
17,6/S6054.DAT,0x45BF4,45,28,그런데 이미 가지고 있지 않느냐? 놀리지 마라.
17,6/S6054.DAT,0x45874,50,33,라마다 승: 스톤 서클에서 촌가라가 찾은 아이템은?
17,6/S6053.DAT,0x47CBC,67,50,제자: 이가 사범님. 우리 안에 있는 것이 사악한 가르침뿐은 아닙니다.
17,6/S6053.DAT,0x47C60,44,27,이제부터는 각자 자신의 길을 찾아가면 좋겠다.
17,6/S6051.DAT,0x47CF4,49,32,"우리도 좀 사정이 있어서 말이야, 양보할 수는 없네."
17,6/S6041.DAT,0x489C2,50,33,땅의 정령: 너희 인간만을 위한 것은 아무것도 없다.
17,6/S6041.DAT,0x4882E,67,50,땅의 정령: 그것을 모양만 따라 하며 계승하니 이렇게 되어 버린 게다.
17,6/S6014.DAT,0x4898E,60,43,초핀: 아라라토스의 유적 던전은 상당히 층이 많은 모양입니다.
17,6/S6011.DAT,0x47FFC,51,34,"촌가라, 그 수상한 일행에 관해서 가르쳐 줄 수 없나?"
17,5/S5023.DAT,0x47BB6,42,25,손익 계산만으로 사람이 움직이는 건 아니야.
17,5/S5021.DAT,0x483DC,32,15,하나하나 신경 거슬리는 녀석이군.
17,5/S5021.DAT,0x480BE,46,29,아버지도 이 땅에 있었어. 관계가 없지는 않겠지.
17,5/S5013.DAT,0x489E2,60,43,초핀: 아라라토스의 유적 던전은 상당히 층이 많은 모양입니다.
17,5/S5011.DAT,0x4820E,39,22,아무튼 내 가게로 와서 이야기를 들어 줘.
17,4/S4034.DAT,0x48518,42,25,죽어 간 동료들을 위해서라도 나는 해내겠어.
17,4/S4034.DAT,0x47F74,66,49,"나머지 돌을 찾을 수 있다면, 어쩌면 엄청난 힘을 손에 넣을지도 몰라."
17,4/S4033.DAT,0x47DE6,45,28,적은 우리가 행동을 시작한 것을 아는 모양이다.
17,4/S4031.DAT,0x48352,39,22,여기서 도망치면 옛날로 되돌아가는 거야.
17,4/S4031.DAT,0x47F2C,44,27,역시 그래도 인간은 훌륭한 존재라고 생각한다.
17,4/S4031.DAT,0x47D92,58,41,이 세계를 이루는 여러 정령들의 이해를 얻지 않으면 안 된다.
17,4/S4031.DAT,0x479E6,40,23,"아크, 무슨 일이... 대체 무슨 일이야...?"
17,32/S3068.DAT,0x47E76,51,34,베미의 정령: 당신들이라면 인간을 이끌 수 있겠지요.
17,32/S3061.DAT,0x48344,49,32,"은혜의 정령: 자, 수메리아의 토우빌로 돌아가거라."
17,31/S3023.DAT,0x481C0,46,29,노인: 사람끼리 서로 죽이다니 서러운 일이구먼.
17,31/S3023.DAT,0x47EAC,66,49,병사: 숲에 가고 싶다고? 거기는 군 정기 수송 열차로만 갈 수 있어.
17,31/S3014.DAT,0x47A1A,60,43,초핀: 아라라토스의 유적 던전은 상당히 층이 많은 모양입니다.
17,31/S3013.DAT,0x481EE,33,16,승무원: 무엇이 알고 싶으십니까?
17,31/S3012.DAT,0x47F50,56,39,초핀: 국왕의 명을 마치시면 곧 출발하겠습니다. 힘내세요.
17,23/S2081.DAT,0x4799A,39,22,대신: 그자는 밀마나로 향하고 있습니다.
17,23/S2071.DAT,0x47B88,42,25,검의 정령: 그 끝에 무엇이 있다는 것이냐?
17,23/S2061.DAT,0x48A8E,38,21,아크: 시끄러워! 싸우는 수밖에 없잖아!
17,22/S205C.DAT,0x47E24,36,19,수메리아 왕: 나는 왕이 되고 싶었다.
17,22/S205B.DAT,0x479D6,54,37,대신: 아리바샤인가... 알겠다. 어서 모아서 돌아오거라.
17,22/S205B.DAT,0x478AE,44,27,대신: 국왕께서 요즘 몸을 상하셔서 말이지...
17,22/S2057.DAT,0x4793C,43,26,아크: 아마 세계 곳곳에 흩어져 있을 겁니다.
17,22/S2056.DAT,0x47AE6,65,48,네. 아버지의 편지로 옛일을 쓴 전기가 있다는 것을 알게 되었습니다.
17,22/S2056.DAT,0x479A0,39,22,국왕: 뭔가 알게 되면 보고하러 와 주게.
17,22/S2055.DAT,0x47AFC,38,21,정령이 이것을 아버지에게서 맡았다고...
17,22/S2053.DAT,0x47AC0,39,22,국왕: 쓸데없는 의심을 해서 미안하구나.
17,22/S2052.DAT,0x47962,40,23,대신: 왜 토벌 부대의 자들이 없는 거지?
17,22/S2051.DAT,0x47EF6,49,32,대신: 당장 가서 그들 앞에서 그 힘을 보여 보아라.
17,22/S2051.DAT,0x47A7C,44,27,아크: 정령은 인류가 멸망할 거라고 했습니다.
17,21/S2045.DAT,0x489F6,60,43,초핀: 아라라토스의 유적 던전은 상당히 층이 많은 모양입니다.
17,21/S2044.DAT,0x482BC,44,27,이 배의 힘이 있으면 발목을 잡지는 않을 거다.
17,21/S2042.DAT,0x47F5A,55,38,초핀: 왕의 허가 없이 비행선에 태워 드릴 수는 없습니다.
17,21/S2041.DAT,0x487BA,42,25,승무원: 이것을 이용해 보면 어떻겠습니까?
17,21/S2041.DAT,0x48440,33,16,승무원: 무엇이 알고 싶으십니까?
17,21/S2033.DAT,0x47A68,31,14,아크: 저 대신도 뭔가 수상하고.
17,21/S2022.DAT,0x47D30,51,34,병사2: 그거라면 안델 님의 허가를 받으면 되지 않나.
17,21/S2021.DAT,0x4860E,44,27,큰일이야! 여자아이가 마물에게 공격받고 있어!
17,21/S2012.DAT,0x478A6,38,21,병사: 국왕의 명을 마친 뒤 돌아오시오.
17,1/S1041.DAT,0x483D2,45,28,갑자기 그런 말을 해도 무슨 뜻인지 모르겠어...
17,1/S1041.DAT,0x482BC,72,55,산의 정령: 당신의 아버지는 멸망을 막기 위해 우리 정령들과 약속했습니다.
17,1/S1023.DAT,0x47952,64,47,어머니: 아버지가 남긴 편지가 있는데 읽어 볼래?|괜찮아|읽는다
17,1/S1013.DAT,0x47B8E,72,55,아크 데몬: 네놈을 내 손으로 죽여야만 삼천 년의 저주에서 벗어날 수 있다.
16,F/SF091.DAT,0x47A2C,68,52,인류의 유산을 성궤에 담아 신이 정한 땅 수메리아로 여행했다는 것이다.
16,F/SF041.DAT,0x48542,57,41,불의 정령: 너희를 도울 라이진이다. 데려가는 것이 좋겠다.
16,F/SF021.DAT,0x48104,24,8,당신이 바람의 정령이야?
16,D/SD071.DAT,0x48668,40,24,몬스터는 정령력이 강한 곳에 모이는 거야.
16,D/SD071.DAT,0x48620,36,20,"젠장, 산에도 몬스터가 넘쳐나고 있어."
16,D/SD031.DAT,0x4596E,42,26,아까 그 몬스터에게 붙잡혀 있던 할아버지다.
16,D/SD013.DAT,0x4789C,52,36,아크 데몬: 삼천 년 동안 쌓인 내 분노를 받고 죽어라!
16,C2/SC0B6.DAT,0x462DE,42,26,200회까지 앞으로  회입니다. 힘내 주십시오.
16,C2/SC0B6.DAT,0x461E0,42,26,160회까지 앞으로  회입니다. 힘내 주십시오.
16,C2/SC0B6.DAT,0x460E2,42,26,120회까지 앞으로  회입니다. 힘내 주십시오.
16,C2/SC0B6.DAT,0x45FE4,41,25,80회까지 앞으로  회입니다. 힘내 주십시오.
16,C2/SC0B6.DAT,0x45EE6,41,25,40회까지 앞으로  회입니다. 힘내 주십시오.
16,C2/SC0B6.DAT,0x45DE8,41,25,20회까지 앞으로  회입니다. 힘내 주십시오.
16,9/S9051.DAT,0x47A6A,42,26,아나운서: 스메리아 국왕이 살해당했습니다.
16,9/S9012.DAT,0x47AE6,53,37,데스: 엘리베이터의 줄을 끊고 한꺼번에 작동시켜 주마.
16,8/S8041.DAT,0x47C32,58,42,"카사토르: 네 상대는 내 몬스터, 그라 아피스와 코 아피스다!"
16,8/S8031.DAT,0x488A6,41,25,"매트 버틀러: 그렇다면 어찌할 건데, 꼬마!"
16,8/S8031.DAT,0x486E8,44,28,매트 버틀러: 물의 신전의 벽은 손에 넣었나?
16,8/S8012.DAT,0x482F6,32,16,탄식한다고까지 하고 있고 말이야.
16,8/S8012.DAT,0x48260,45,29,팔렌시아 성 지하에 마지막 불의 돌이 있었다니.
16,8/S8011.DAT,0x4801A,34,18,남자: 수메리아의 아크 님이시군요.
16,7/S7028.DAT,0x47746,37,21,선수를 빼앗길 수는 없었으니까 말이야.
16,7/S7026.DAT,0x495A0,36,20,대회 위원: 투기장으로 들어가십시오.
16,7/S7026.DAT,0x48B64,52,36,출전자: 이 정도까지 해낼 줄이야. 내 원수도 갚아 줘.
16,7/S7025.DAT,0x49334,36,20,대회 위원: 투기장으로 들어가십시오.
16,7/S7024.DAT,0x49324,36,20,대회 위원: 투기장으로 들어가십시오.
16,7/S7023.DAT,0x492C0,36,20,대회 위원: 투기장으로 들어가십시오.
16,7/S7022.DAT,0x48ACC,36,20,대회 위원: 투기장으로 들어가십시오.
16,7/S7012.DAT,0x486EE,49,33,초핀: 그녀는 언제나 우리를 지켜봐 주고 있습니다.
16,6/S6054.DAT,0x461E2,53,37,라마다 승려: 이거 이거. 뱀파이어 배트 버스터 여러분.
16,6/S6054.DAT,0x4618A,51,35,라마다 승려: 이거 이거. 야생 헤모지 버스터 여러분.
16,6/S6054.DAT,0x46088,49,33,라마다 승려: 이거 이거. 톨 마스터 버스터 여러분.
16,6/S6032.DAT,0x47AA2,49,33,무슨 말씀이십니까? 저는 그저 이 절의 가르침이...
16,6/S6014.DAT,0x48BF6,49,33,초핀: 그녀는 언제나 우리를 지켜봐 주고 있습니다.
16,5/S5041.DAT,0x47BEA,40,24,빛의 정령: 인간들이 무엇을 해 왔는지에.
16,5/S5041.DAT,0x4798A,38,22,빛의 정령: 역시 여기까지 와 주었구나.
16,5/S5021.DAT,0x47CF2,39,23,그건 그렇게 간단히 가르쳐 줄 수는 없지.
16,5/S5013.DAT,0x48C4A,49,33,초핀: 그녀는 언제나 우리를 지켜봐 주고 있습니다.
16,5/S5012.DAT,0x481FA,52,36,너희와 함께 정령 이야기를 듣는 동안 생각이 바뀌었어.
16,5/S5011.DAT,0x4815A,53,37,"장사가 뭐냐고, 이 자식아! 한 대 맞아 볼래, 이 자식아!"
16,4/S4062.DAT,0x47872,39,23,이제 여기로 돌아와도 아무것도 없겠군...
16,4/S4036.DAT,0x4805C,36,20,고겐도 별로 믿을 만하지 않고 말이야.
16,4/S4035.DAT,0x484C8,45,29,내 소환 몬스터는 쓸 만한 녀석뿐이니까 말이야.
16,4/S4035.DAT,0x48334,55,39,"그래, 어차피 무리니까. 어차피 무리라면 마음껏 마시겠어."
16,4/S4033.DAT,0x486BC,49,33,모조리 조사해 두고 도움이 안 되면 어찌할 셈이야?
16,4/S4033.DAT,0x47D90,51,35,"아크야, 이 편지를 과연 네가 손에 넣어 읽고 있을까?"
16,4/S4031.DAT,0x47EDE,44,28,"확실히 나는 한때 인간이라는 것에 실망했지만,"
16,4/S4021.DAT,0x47A38,23,7,나를 어떻게 할 셈이지?
16,4/S4011.DAT,0x4863C,40,24,"병사2: 그래, 왕가의 힘도 떨어지고 있어."
16,31/S3032.DAT,0x479EE,48,32,야군: 다만 저곳은 우리도 애를 먹고 있는 장소다.
16,31/S3031.DAT,0x4810A,46,30,야군: 최근에는 이 근처에도 몬스터가 나타나오.
16,31/S3031.DAT,0x47C98,66,50,"야군: 모처럼 와 주셔서 죄송합니다만, 돌아가 주실 수밖에 없겠군요."
16,31/S3023.DAT,0x47E4C,55,39,병사: 카카라스의 숲 몬스터라면 너희도 이길 수 있겠지?
16,31/S3022.DAT,0x4875A,42,26,"그만큼 말했으니 할 수밖에 없겠지, 쿠쿠루?"
16,31/S3022.DAT,0x48378,38,22,남자: 제가 여기 있는 것은 비밀입니다.
16,31/S3022.DAT,0x48044,56,40,"병사: 방해야, 방해! 여기는 아이들이 나다닐 곳이 아니야."
16,31/S3014.DAT,0x47C82,49,33,초핀: 그녀는 언제나 우리를 지켜봐 주고 있습니다.
16,23/S2071.DAT,0x478E2,38,22,이렇게 살기 힘든 나라는 떠나 버릴까...
16,23/S2061.DAT,0x48AD8,48,32,"포코: 싸우라니, 난 군악대라 무기도 없단 말이야!"
16,22/S2055.DAT,0x48108,48,32,병사: 반역자 토슈가 감옥을 부수고 도망쳤습니다.
16,22/S2055.DAT,0x47F94,28,12,그리고 그것을 따르는 것이다.
16,22/S2055.DAT,0x47C24,58,42,국왕: 성궤와 정령과 형 사이에 무슨 관계가 있다는 것이냐?
16,22/S2054.DAT,0x479DE,67,51,병사: 대신께 보고드립니다. 모반인 토슈를 지하 감옥에 가두었습니다.
16,22/S2051.DAT,0x47A28,41,25,국왕: 그래서 정령이 네게 뭐라고 하더냐?
16,22/S2051.DAT,0x4799C,39,23,아크: 산의 정령에게서 힘을 받았습니다.
16,22/S2046.DAT,0x49276,41,25,바치: 언제든 정비하여 기다리고 있습니다.
16,22/S2046.DAT,0x48494,46,30,병사: 좋으니 신분 증명이 될 만한 것을 보여라!
16,21/S2045.DAT,0x48C5E,49,33,초핀: 그녀는 언제나 우리를 지켜봐 주고 있습니다.
16,21/S2021.DAT,0x4893A,63,47,"쿠쿠루: 약속대로 힘을 얻어 왔는데, 갑자기 너무 많이 썼나 봐..."
16,21/S2014.DAT,0x47CB2,43,27,병사: 굉장히 실력이 뛰어난 녀석이라는군...
16,21/S2013.DAT,0x47D9E,32,16,나와 함께 언제 한번 가지 않겠나!
16,21/S2011.DAT,0x47CC0,38,22,병사: 이야기는 들었다. 들어가도 좋다.
16,1/S1041.DAT,0x48498,31,15,아크는 정령의 힘을 손에 넣었다.
16,1/S1041.DAT,0x47F9E,69,53,산의 정령: 산 정상의 사당에 불을 붙이세요. 그러면 마물은 사라집니다.
16,1/S1023.DAT,0x47AB0,71,55,|강해지려면|작전을 세우려면|적에게 피해를 입지 않으려면|다음 페이지
16,1/S1021.DAT,0x47A82,46,30,아이템이 있습니다. 마법의 카트를 발견했습니다.
16,1/S1013.DAT,0x47948,50,34,그래서 이 불꽃을 다시 끄면 모든 게 끝날 것만 같아.
15,F/SF0E1.DAT,0x47E20,44,29,사류족 남자: 아리바샤 국왕 아래 장군입니다.
15,F/SF0B1.DAT,0x47926,41,26,대신: 국왕께서까지 그런 말씀을 하시면...
15,E5/SE05A.DAT,0x48C8A,49,34,나랑 놀고 싶을 때는 촌가라 씨의 항아리로 불러 줘!
15,D/SD031.DAT,0x460E2,41,26,이야기는 정해진 모양이구먼. 그럼 가 볼까.
15,D/SD031.DAT,0x45D88,58,43,"그것이 땅, 물, 불, 바람, 빛의 5요소를 관장하는 정령이니라."
15,D/SD031.DAT,0x45D2E,52,37,그렇지. 이 세계를 만들고 움직이는 모든 정령들의 대표
15,D/SD011.DAT,0x47958,39,24,내가 벌인 일이니 내 손으로 해결해야 해.
15,B/SB022.DAT,0x47B2A,33,18,쿠쿠루는 성모의 힘을 손에 넣었다.
15,9/S9051.DAT,0x479B4,49,34,아나운서: 매우 서러운 소식을 전해 드려야 합니다.
15,9/S9013.DAT,0x47A2E,42,27,성이 무너질지도 몰라. 국왕을 구해 내야 해.
15,8/S8021.DAT,0x47C46,47,32,사류족 남자: 공항에서 큰 건물이 보였을 겁니다.
15,8/S8021.DAT,0x47A9E,37,22,사류족 남자: 저곳이 우리 마을입니다.
15,8/S8013.DAT,0x47846,41,26,초핀: 언제든 정비하여 기다리고 있습니다.
15,7/S7032.DAT,0x47B92,68,53,로크톨: 전 대회 챔피언 토르노 데 반코를 쓰러뜨려야만 하는 것입니다.
15,7/S7028.DAT,0x48A70,30,15,대회 위원: 참가하시겠습니까?
15,7/S7028.DAT,0x47838,42,27,"출전자: 어, 이겼다고? 그런 말도 안 되는."
15,7/S7028.DAT,0x476A4,32,17,먼저 나아가는 편이 좋지 않을까?
15,7/S7026.DAT,0x48AC0,42,27,시간이 거꾸로 돌아가고 있는 사람이 있어...
15,7/S7024.DAT,0x488D2,73,58,"출전자: 다음 대회에 나가려고 했는데, 점점 자신이 없어졌어. 너는 괜찮아?"
15,7/S7012.DAT,0x485A0,45,30,"그래, 너희 힘으로 보물을 계속 손에 넣는 게야!"
15,7/S7012.DAT,0x483B6,31,16,낙오자라니 누구를 말하는 게냐?
15,7/S7012.DAT,0x47CA6,41,26,초핀: 언제든 정비하여 기다리고 있습니다.
15,7/S7012.DAT,0x47014,46,31,지금 콜로세움에서는 무투 대회를 열고 있습니다.
15,7/S7011.DAT,0x4847E,41,26,초핀: 언제든 정비하여 기다리고 있습니다.
15,6/S6054.DAT,0x46136,46,31,라마다 승려: 이거 이거. 프리지 버스터 여러분.
15,6/S6054.DAT,0x46032,48,33,라마다 승려: 이거 이거. 엘리멘탈 버스터 여러분.
15,6/S6054.DAT,0x4548E,37,22,라마다 승: 아크 더 래드의 스태프는?
15,6/S6014.DAT,0x48AA8,45,30,"그래, 너희 힘으로 보물을 계속 손에 넣는 게야!"
15,6/S6014.DAT,0x488BE,31,16,낙오자라니 누구를 말하는 게냐?
15,6/S6014.DAT,0x480DC,41,26,초핀: 언제든 정비하여 기다리고 있습니다.
15,6/S6014.DAT,0x47B76,41,26,초핀: 언제든 정비하여 기다리고 있습니다.
15,6/S6014.DAT,0x477A4,41,26,초핀: 언제든 정비하여 기다리고 있습니다.
15,6/S6013.DAT,0x485A2,41,26,초핀: 언제든 정비하여 기다리고 있습니다.
15,5/S5041.DAT,0x47A7E,40,25,빛의 정령: 자신들의 왕국을 쌓아 올렸어.
15,5/S5023.DAT,0x47B70,33,18,그저 만나야만 한다는 생각이 들어.
15,5/S5023.DAT,0x47A96,25,10,값이 될 만한 이야기인가?
15,5/S5021.DAT,0x48280,41,26,아래층일수록 강한 몬스터가 있는 모양이야.
15,5/S5021.DAT,0x47CAC,33,18,그곳은 이 나라 어디에 있는 거야?
15,5/S5021.DAT,0x47A74,46,31,"즉, 우리 인간의 역사가 시작된 곳이라는 뜻이지."
15,5/S5013.DAT,0x48AFC,45,30,"그래, 너희 힘으로 보물을 계속 손에 넣는 게야!"
15,5/S5013.DAT,0x48912,31,16,낙오자라니 누구를 말하는 게냐?
15,5/S5013.DAT,0x47E4E,41,26,초핀: 언제든 정비하여 기다리고 있습니다.
15,5/S5013.DAT,0x47A84,41,26,초핀: 언제든 정비하여 기다리고 있습니다.
15,5/S5013.DAT,0x47702,41,26,초핀: 언제든 정비하여 기다리고 있습니다.
15,5/S5012.DAT,0x4859A,41,26,초핀: 언제든 정비하여 기다리고 있습니다.
15,4/S4036.DAT,0x48422,48,33,케락은 언제나 꺼내 두고 레벨 업시키는 편이 좋아.
15,4/S4035.DAT,0x481C8,46,31,계속 마법을 써서 빨리 강해지는 편이 좋은 게야.
15,4/S4034.DAT,0x485AA,54,39,도감은 쓰고 있느냐? 모처럼 있으니 활용하는 게 좋단다.
15,4/S4033.DAT,0x4850C,67,52,내 조사는 도움이 되지. 새로 발견한 몬스터는 되도록 조사하도록 하게.
15,4/S4033.DAT,0x48256,43,28,수메리아도 밀마나도 몬스터가 없어지지 않네.
15,4/S4021.DAT,0x47BE4,43,28,병사1: 마음껏 떠들고 있으면 돼. 그럼 이만.
15,32/S3061.DAT,0x48396,54,39,베미의 정령: 당신의 아버지가 길잡이를 보여 줄 겁니다.
15,32/S3061.DAT,0x47C6E,30,15,왜 아버지는 왕가를 떠난 거야?
15,31/S3031.DAT,0x483BC,48,33,야군: 그러면 훌륭한 전과를 기대하고 있겠습니다.
15,31/S3014.DAT,0x47B34,45,30,"그래, 너희 힘으로 보물을 계속 손에 넣는 게야!"
15,31/S3014.DAT,0x4794A,31,16,낙오자라니 누구를 말하는 게냐?
15,31/S3014.DAT,0x46E82,41,26,초핀: 언제든 정비하여 기다리고 있습니다.
15,31/S3014.DAT,0x46AA2,41,26,초핀: 언제든 정비하여 기다리고 있습니다.
15,31/S3014.DAT,0x4670A,41,26,초핀: 언제든 정비하여 기다리고 있습니다.
15,31/S3013.DAT,0x48516,36,21,승무원: 분명 좋은 일이 있을 겁니다.
15,31/S3013.DAT,0x48066,34,19,승무원: 그러면 곧 출발하겠습니다.
15,31/S3012.DAT,0x47FF0,68,53,초핀: 무언가 제가 도움이 될 일이 있습니까?|없어|좀 물어보고 싶어
15,23/S2082.DAT,0x47972,47,32,거울: 알겠다. 아크에 관해 장군들에게 알리겠다.
15,23/S2081.DAT,0x4794C,42,27,대신: 아직 그자가 용자라고 정해진 것은...
15,23/S2071.DAT,0x4797E,50,35,놈들을 모두 때려죽여서 원수를 갚아 줄 수도 있는데.
15,22/S2056.DAT,0x47904,24,9,"아니요, 아직 아무것도요."
15,22/S2055.DAT,0x47D54,61,46,스스로의 욕망을 위해 자연과 이 세계를 파괴하고 바꾸어 가는...
15,22/S2055.DAT,0x47980,54,39,대신: 무슨 말을! 너 같은 자가 왕가의 피를 이었다니...
15,22/S2052.DAT,0x47C40,39,24,아크: 아닙니다. 명령대로 토벌했습니다.
15,22/S2052.DAT,0x47A5A,34,19,"포코: 예, 토벌대 소속 포코입니다."
15,22/S2051.DAT,0x47F4A,18,3,아크: 알겠습니다.
15,22/S2046.DAT,0x48CDC,40,25,난처하군요. 이대로는 돌아갈 수 없습니다.
15,22/S2046.DAT,0x48AD2,55,40,"당신네 왕이 죽었다기에 먼 곳에서 날아왔단 말이오, 정말."
15,22/S2046.DAT,0x48730,38,23,병사: 클라프 왕국? 왕자? 당신이??
15,21/S2045.DAT,0x48B10,45,30,"그래, 너희 힘으로 보물을 계속 손에 넣는 게야!"
15,21/S2045.DAT,0x48926,31,16,낙오자라니 누구를 말하는 게냐?
15,21/S2045.DAT,0x47E62,41,26,초핀: 언제든 정비하여 기다리고 있습니다.
15,21/S2045.DAT,0x47A92,41,26,초핀: 언제든 정비하여 기다리고 있습니다.
15,21/S2045.DAT,0x47710,41,26,초핀: 언제든 정비하여 기다리고 있습니다.
15,21/S2044.DAT,0x48750,41,26,초핀: 언제든 정비하여 기다리고 있습니다.
15,21/S2033.DAT,0x47BAC,26,11,포코: 이래도 되는 걸까...
15,21/S2033.DAT,0x47B34,21,6,아크: 그럼 결정됐네.
15,21/S2013.DAT,0x47B9A,36,21,"병사: 이봐! 그만두, 그만두지 못해!!"
15,1/S1023.DAT,0x47D66,52,37,자유 커서로 적의 위치와 지형을 살피고 작전을 세워라.
15,1/S1021.DAT,0x48C88,29,14,엄마에게 한마디 하고 가야 해.
15,1/S1021.DAT,0x48AC6,41,26,아버지의 유품은 안쪽 방 상자에 있을 거야.
15,1/S1021.DAT,0x48512,57,42,어머니: 그이가 떠난 지 십 년... 결국 그이 말대로 됐구나.
15,1/S1021.DAT,0x47C38,35,20,아버지의 유품인 갑옷과 검을 찾았다.
14,F/SF0F1.DAT,0x47ADA,42,28,"기다려 줘, 나도 이야기하고 싶어. 안내하지."
14,F/SF0E1.DAT,0x47990,45,31,장로: 그분이 요슈아 님께서 말씀하신 분인가?
14,F/SF0D1.DAT,0x4793C,40,26,아무튼 성으로 돌아가 국왕께 보고해야 해.
14,F/SF051.DAT,0x4796A,79,65,안델: ...뭐 좋다. 어차피 이 나라에 이제 그놈들이 있을 곳 따위는 없으니 말이다.
14,F/SF041.DAT,0x481B6,33,19,단 하나 낳아낼 수 있는 것이 있다.
14,F/SF041.DAT,0x47FB0,50,36,불의 정령: 끝을 모르는 그 욕망은 대체 무엇이냐?!
14,F/SF031.DAT,0x4856C,31,17,비실비실 나팔을 손에 넣었습니다
14,D/SD031.DAT,0x4609C,32,18,좋아. 수메리아 왕의 힘을 빌리자.
14,D/SD031.DAT,0x45DE8,51,37,"정령들은 너를 인정하면 돌, 곧 의지를 너에게 맡긴다."
14,D/SD031.DAT,0x459FE,65,51,내 이름은 고겐. 너희 바람대로 3천 년의 시간을 넘어 다시 나타났지.
14,D/SD011.DAT,0x47C5A,73,59,산에 괴물이 있다면 십 년 전 아버지를 죽인 놈일 거야. 누가 말려도 난 간다.
14,D/SD011.DAT,0x479E0,26,12,누구야...? 여긴 왜 왔지?
14,D/SD011.DAT,0x47900,41,27,불꽃이 꺼진 뒤 산속에서 대체 무슨 일이...
14,C2/SC0B6.DAT,0x47F92,28,14,환상의 건틀릿을 손에 넣었다.
14,C2/SC0B6.DAT,0x47960,66,52,1000회째 승리를 기려 선물이 있습니다. 다음 상품 중에서 고르십시오.
14,C2/SC0B6.DAT,0x4787C,28,14,환상의 건틀릿을 손에 넣었다.
14,C2/SC0B6.DAT,0x477D2,65,51,200회째 승리를 기려 선물이 있습니다. 다음 상품 중에서 고르십시오.
14,C2/SC0B6.DAT,0x47446,65,51,160회째 승리를 기려 선물이 있습니다. 다음 상품 중에서 고르십시오.
14,C2/SC0B6.DAT,0x472B4,65,51,120회째 승리를 기려 선물이 있습니다. 다음 상품 중에서 고르십시오.
14,C2/SC0B6.DAT,0x46F2E,64,50,80회째 승리를 기려 선물이 있습니다. 다음 상품 중에서 고르십시오.
14,C2/SC0B6.DAT,0x46BA0,64,50,40회째 승리를 기려 선물이 있습니다. 다음 상품 중에서 고르십시오.
14,C2/SC0B6.DAT,0x4681A,64,50,20회째 승리를 기려 선물이 있습니다. 다음 상품 중에서 고르십시오.
14,C2/SC0B6.DAT,0x4648E,64,50,10회째 승리를 기려 선물이 있습니다. 다음 상품 중에서 고르십시오.
14,C2/SC0B6.DAT,0x46380,33,19,지금까지의 승리 횟수는  회입니다.
14,C2/SC0B6.DAT,0x46282,33,19,지금까지의 승리 횟수는  회입니다.
14,C2/SC0B6.DAT,0x46184,33,19,지금까지의 승리 횟수는  회입니다.
14,C2/SC0B6.DAT,0x46086,33,19,지금까지의 승리 횟수는  회입니다.
14,C2/SC0B6.DAT,0x45F88,33,19,지금까지의 승리 횟수는  회입니다.
14,C2/SC0B6.DAT,0x45E8A,33,19,지금까지의 승리 횟수는  회입니다.
14,C2/SC0B6.DAT,0x45D8C,33,19,지금까지의 승리 횟수는  회입니다.
14,C2/SC0B6.DAT,0x45C78,33,19,지금까지의 승리 횟수는  회입니다.
14,9/S9051.DAT,0x47E08,44,30,안델 대신: 운영은 위원장인 제가 맡겠습니다.
14,9/S9031.DAT,0x4865C,33,19,"소장: 네놈들, 어떻게 들어왔지?!"
14,8/S8061.DAT,0x47C80,36,22,물의 정령: 경고를 해도 듣지를 않아.
14,8/S8021.DAT,0x48310,24,10,무슨 일이 일어난 거지!?
14,8/S8021.DAT,0x47CB0,45,31,"굉장히 투박한 건물이었는데, 저것은 무엇이냐?"
14,8/S8013.DAT,0x4793E,36,22,초핀: 어느 것에 관해 말씀드릴까요?
14,8/S8011.DAT,0x48102,62,48,남자: 요슈아 님께서 당신을 저희 마을로 안내하라고 하셨습니다.
14,7/S7028.DAT,0x4788C,35,21,출전자: 더 강한 녀석은 없는 거야?
14,7/S7027.DAT,0x492CE,28,14,당신이 여기까지 해낼 줄이야.
14,7/S7027.DAT,0x491FA,28,14,당신이 여기까지 해낼 줄이야.
14,7/S7027.DAT,0x48EEC,28,14,당신이 여기까지 해낼 줄이야.
14,7/S7026.DAT,0x48C94,32,18,출전자: 그만둘 거라면 지금이야.
14,7/S7022.DAT,0x487A0,44,30,대회 위원: 동료들이 일을 떠넘겨서 힘듭니다.
14,7/S7021.DAT,0x49316,63,49,안내 방송: 곧 대회 주최자이신 록토르 님의 인사말이 시작됩니다.
14,7/S7021.DAT,0x48640,35,21,출전자: 더 강한 녀석은 없는 거야?
14,7/S7012.DAT,0x48950,36,22,초핀: 어느 것에 관해 말씀드릴까요?
14,7/S7012.DAT,0x47D90,31,17,초핀: 무엇이 알고 싶으십니까?
14,6/S6054.DAT,0x468D4,56,42,라마다 승: 9번째 도전이군요. 그럼 이쯤에서 어떠십니까?
14,6/S6054.DAT,0x466E2,33,19,라마다 승: 두 번째 도전이시군요.
14,6/S6054.DAT,0x4597E,34,20,라마다 승: 초코의 머리카락 빛은?
14,6/S6032.DAT,0x47994,31,17,"대승정님, 드릴 말씀이 있습니다."
14,6/S6021.DAT,0x48684,41,27,그럼 우선 라마다 산까지 안내를 받아 볼까.
14,6/S6014.DAT,0x48E58,36,22,초핀: 어느 것에 관해 말씀드릴까요?
14,6/S6014.DAT,0x48298,31,17,초핀: 무엇을 알고 싶으십니까?
14,6/S6013.DAT,0x48424,36,22,"좋아, 어쨌든 그 무술 대회에 가 보자."
14,5/S5041.DAT,0x47E66,39,25,내 것이다! 왕의 상은 내 것이란 말이다!!
14,5/S5021.DAT,0x47F7C,24,10,거짓말 따위는 안 한다네.
14,5/S5021.DAT,0x47EEA,42,28,그 대신 빛의 정령이 있는 곳을 가르쳐 주지.
14,5/S5013.DAT,0x48EAC,36,22,초핀: 어느 것에 관해 말씀드릴까요?
14,5/S5013.DAT,0x482EC,31,17,초핀: 무엇을 알고 싶으십니까?
14,5/S5013.DAT,0x47FFA,80,66,초핀: 특히 특수 능력은 필요한 MP와 지금 MP가 표시되니 많이 활용해 주십시오.
14,5/S5013.DAT,0x47EBE,31,17,초핀: 무엇을 알고 싶으십니까?
14,4/S4036.DAT,0x47F18,45,31,아이템이 있습니다. 로맨싱 스톤을 발견했습니다
14,4/S4035.DAT,0x48174,45,31,내가 레벨 업해서 강해지면 싸움이 편해질 게다.
14,4/S4035.DAT,0x4800A,45,31,아이템이 있습니다. 로맨싱 스톤을 발견했습니다
14,4/S4034.DAT,0x4869E,32,18,들을지는 스스로 결정할 일이잖아.
14,4/S4034.DAT,0x48116,45,31,아이템이 있습니다. 로맨싱 스톤을 발견했습니다
14,4/S4033.DAT,0x48060,45,31,아이템이 있습니다. 로맨싱 스톤을 발견했습니다
14,4/S4032.DAT,0x48260,45,31,아이템이 있습니다. 로맨싱 스톤을 발견했습니다
14,4/S4031.DAT,0x4842A,35,21,어머니를 찾을 단서는 아무것도 없어.
14,4/S4031.DAT,0x481B4,31,17,스스로의 힘으로 길을 열어 다오.
14,4/S4031.DAT,0x47FD4,40,26,오르카스 언덕의 스톤 서클에 남겨져 있다.
14,4/S4022.DAT,0x47D9A,43,29,병사2: 그때까지 마음껏 분해하고 있으면 돼.
14,4/S4011.DAT,0x48D4C,35,21,이 나라를 괴물에게 넘겨주지 않겠어!
14,4/S4011.DAT,0x48936,45,31,병사1: 좋다! 인간의 저력을 분명히 보여 주마.
14,32/S3067.DAT,0x47DF2,47,33,베미의 정령: 에릴베는 이 세계를 돌고 있습니다.
14,32/S3061.DAT,0x485B4,26,12,"좋아, 수메리아로 돌아가자!"
14,32/S3061.DAT,0x48450,39,25,아버지는... 아버지는 살아 계신 건가요?
14,31/S3032.DAT,0x47BBA,42,28,야군: 지금부터 시동하는 편이 좋을 듯하군.
14,31/S3032.DAT,0x47994,54,40,야군: 알겠습니다. 숲까지 가는 열차 탑승을 허가하지요.
14,31/S3031.DAT,0x482A2,51,37,야군: 만일의 일이 있으면 큰일이다. 잘 지켜 드려라.
14,31/S3022.DAT,0x481CC,41,27,"아이: 아저씨, 저에게도 이야기하게 해 줘."
14,31/S3022.DAT,0x4811A,48,34,노인: 전쟁이 끝났나 했더니 이번에는 몬스터라니.
14,31/S3014.DAT,0x47EE4,36,22,초핀: 어느 것에 관해 말씀드릴까요?
14,31/S3014.DAT,0x47324,31,17,초핀: 무엇을 알고 싶으십니까?
14,31/S3014.DAT,0x4702E,80,66,초핀: 특히 특수 능력은 필요한 MP와 지금 MP가 표시되니 많이 활용해 주십시오.
14,31/S3014.DAT,0x46EF2,31,17,초핀: 무엇을 알고 싶으십니까?
14,31/S3013.DAT,0x4860E,35,21,승무원: 그러면 준비는 되셨습니까?
14,23/S2061.DAT,0x4874C,41,27,대원들이 아무리 기다려도 돌아오지 않았어.
14,22/S205C.DAT,0x47CC8,33,19,알겠습니다. 이제 말씀하지 마세요.
14,22/S2054.DAT,0x4792E,30,16,밀마나의 보고를 하러 왔습니다.
14,22/S2053.DAT,0x478CE,39,25,국왕: 마물들을 훌륭히 물리쳐 주었구나.
14,22/S2051.DAT,0x47B7E,41,27,"대신: 왕이시여, 이런 아이의 말 따위는..."
14,22/S2046.DAT,0x47FA8,30,16,이대로 돌아가면 붙잡히고 만다.
14,21/S2045.DAT,0x48EC0,36,22,초핀: 어느 것에 관해 말씀드릴까요?
14,21/S2045.DAT,0x48300,31,17,초핀: 무엇이 알고 싶으십니까?
14,21/S2045.DAT,0x4800E,80,66,초핀: 특히 특수 능력은 필요한 MP와 지금 MP가 표시되니 많이 활용해 주십시오.
14,21/S2045.DAT,0x47ED2,31,17,초핀: 무엇이 알고 싶으십니까?
14,21/S2044.DAT,0x484C8,42,28,그렇다. 내 옛 여행 때부터 정해진 영혼이지.
14,21/S2042.DAT,0x480D4,31,17,초핀: 무엇이 알고 싶으십니까?
14,21/S2033.DAT,0x479B0,21,7,쿠쿠루: 마음에 걸려.
14,21/S2021.DAT,0x4857C,39,25,어째서 도시 한복판에 마물이 있는 거지?
14,21/S2014.DAT,0x47EB2,37,23,"병사2: 이봐, 수다가 너무 지나치잖아!"
14,1/S1072.DAT,0x47B0E,49,35,"촌장: 쿠쿠루도 의외로 겁이 많구나. 자, 돌아가자."
14,1/S1072.DAT,0x47932,44,30,촌장: 이 말괄량이 덕분에 마침내 꺼지는구나.
14,1/S1061.DAT,0x480C8,24,10,"쿠쿠루: 아크, 몸조심해."
14,1/S1061.DAT,0x47DA0,38,24,쿠쿠루: 널 좋아해서 그러는 건 아니야.
14,1/S1061.DAT,0x47B40,26,12,쿠쿠루: 굉장한 이야기지?
14,1/S1061.DAT,0x47904,59,45,쿠쿠루: 그 뒤에 우리 일족의 계율이라는 고문서를 읽어 봤어.
14,1/S1041.DAT,0x47F2E,67,53,산의 정령: 줄곧 이곳에서 성궤를 봉인하는 불꽃을 지켜보아 왔습니다.
14,1/S1023.DAT,0x47F32,53,39,마법이나 아이템을 던지는 공격은 절대 반격받지 않는다.
14,1/S1023.DAT,0x47BEE,41,27,그곳에서 거듭 싸우면 계속 강해질 수 있다.
14,1/S1021.DAT,0x4874E,48,34,어머니: 싫어요! 난 평범한 행복만 있으면 돼요...
14,1/S1021.DAT,0x4863C,57,43,"아버지: 이해해 줘, 포르타. 이 세계의 운명이 걸린 일이야."
14,1/S1021.DAT,0x47914,37,23,아이템이 있습니다. 돌을 발견했습니다.
14,1/S1011.DAT,0x47954,35,21,그런 걸 신경 쓰고 있을 때가 아니야!
13,F/SF0B1.DAT,0x47D80,60,47,국왕: 좋다. 셋이서 가거라. 공항에 비행선을 준비시켜 두었다.
13,F/SF0B1.DAT,0x47C4E,33,20,제 힘은 왕가만을 위한 것이 아니라
13,F/SF0B1.DAT,0x47BF6,42,29,국왕: 네가 토우빌의 화이트 가문의 딸이냐.
13,F/SF021.DAT,0x47FF2,30,17,바람의 정령: 드디어 나왔구나.
13,D/SD031.DAT,0x46306,27,14,어쨌든 팔렌시아로 돌아가자!
13,D/SD031.DAT,0x46130,32,19,에? 할아버지도 따라오는 거야!?
13,C2/SC0B6.DAT,0x47BB6,31,18,생명의 나무 열매를 손에 넣었다.
13,C2/SC0B6.DAT,0x46A24,31,18,생명의 나무 열매를 손에 넣었다.
13,B/SB072.DAT,0x47FEC,43,30,대신: 동굴을 조사해라! 성궤가 있을 것이다.
13,B/SB022.DAT,0x47B0C,31,18,아크는 용사의 힘을 손에 넣었다.
13,8/S8061.DAT,0x47F22,37,24,물의 정령: 내가 한 말을 잊지 말아라.
13,8/S8051.DAT,0x48786,40,27,카사토르: 제법 재미있는 구경거리였겠지.
13,8/S8012.DAT,0x480D4,46,33,"자, 남은 건 이제 하나야. 고겐, 다음 목적지는?"
13,7/S7032.DAT,0x478BA,52,39,로크톨: 이 무투 대회의 상품은 저 바람의 오브입니다.
13,7/S7028.DAT,0x47790,33,20,남의 손에 넘어가면 분했을 테니까.
13,7/S7028.DAT,0x47440,39,26,아이템이 있습니다. 약초를 발견했습니다.
13,7/S7026.DAT,0x486EE,39,26,아이템이 있습니다. 약초를 발견했습니다.
13,7/S7025.DAT,0x4894A,68,55,출전자: 져 버렸어... 이런 일도 있겠지. 내일부터 다시 힘내면 되겠지.
13,7/S7025.DAT,0x48906,25,12,그 말은 내가 할 말이구나.
13,7/S7025.DAT,0x486C2,39,26,아이템이 있습니다. 약초를 발견했습니다.
13,7/S7024.DAT,0x4843E,39,26,아이템이 있습니다. 약초를 발견했습니다.
13,7/S7023.DAT,0x4843C,39,26,아이템이 있습니다. 약초를 발견했습니다.
13,7/S7022.DAT,0x48956,41,28,출전자: 오늘은 몸이 안 좋으니 내일 하자.
13,7/S7022.DAT,0x486AE,39,26,아이템이 있습니다. 약초를 발견했습니다.
13,7/S7021.DAT,0x48448,39,26,아이템이 있습니다. 약초를 발견했습니다.
13,7/S7012.DAT,0x4869A,47,34,초핀: 토요케 숲의 베미의 정령을 기억하십니까?
13,7/S7012.DAT,0x48358,54,41,초핀: 그러면 금방 당해 버리는 낙오자는 없어질 겁니다.
13,6/S6054.DAT,0x45398,35,22,라마다 승: 아크 더 래드의 속편은?
13,6/S6041.DAT,0x48724,32,19,그런 것에 의지하니 안 되는 거다!
13,6/S6041.DAT,0x4867E,56,43,분명 대승정이 몬스터에게 자리를 빼앗긴 때 망가진 거겠지.
13,6/S6031.DAT,0x47B96,40,27,대승정: 네 주먹으로 없애 버려 주겠느냐.
13,6/S6014.DAT,0x48BA2,47,34,초핀: 토요케 숲의 베미의 정령을 기억하십니까?
13,6/S6014.DAT,0x48860,54,41,초핀: 그러면 금방 당해 버리는 낙오자는 없어질 겁니다.
13,6/S6013.DAT,0x48500,45,32,라마다 승: 기회가 있으시면 꼭 들러 주십시오.
13,5/S5052.DAT,0x47A90,34,21,"아니, 살았다 살았어. 고마워하겠어."
13,5/S5041.DAT,0x47C86,49,36,빛의 정령: 그 증표로 빛의 돌과 왕의 상을 주겠다.
13,5/S5021.DAT,0x47D3E,33,20,이제부터가 장사 이야기라는 거지?
13,5/S5021.DAT,0x47B70,37,24,네 장사 이야기를 듣고 있는 게 아니야.
13,5/S5013.DAT,0x48BF6,47,34,초핀: 토요케 숲의 베미의 정령을 기억하십니까?
13,5/S5013.DAT,0x488B4,54,41,초핀: 그러면 금방 당해 버리는 낙오자는 없어질 겁니다.
13,5/S5012.DAT,0x481A2,41,28,왜? 손익 때문에만 움직이는 게 아니었나?
13,4/S4035.DAT,0x47F50,34,21,그들을 도와 물의 정령을 지켜 다오.
13,4/S4034.DAT,0x484BC,47,34,이때 범위 자체를 움직일 수 있게 되는 일도 있지.
13,4/S4034.DAT,0x483B0,49,36,던지기의 레벨이 2가 되면 맞았을 때 대미지가 커져.
13,4/S4031.DAT,0x47B76,48,35,배달부: 당신이 아크 씨? 당신 앞으로 온 편지요.
13,4/S4011.DAT,0x48F6C,27,14,나는 변하지 않는 편이 좋아.
13,32/S3064.DAT,0x47DCE,43,30,베미의 정령: 땅의 정령의 말을 잊지 마세요.
13,32/S3063.DAT,0x47E94,40,27,"베미의 정령: 자, 그레이시느로 향하세요."
13,31/S3032.DAT,0x47C8E,41,28,"야군: 좋아, 네가 놈들을 숲까지 안내해라."
13,31/S3032.DAT,0x4794E,33,20,이제 더는 아이 취급할 수 없겠지?
13,31/S3031.DAT,0x47B9C,27,14,수메리아에서 온 아크입니다.
13,31/S3024.DAT,0x46190,41,28,병사: 진심으로 말하는 거냐고? 실례로군!
13,31/S3023.DAT,0x47CCA,42,29,"그런데 그 야군이라는 장군, 싫은 녀석이지?"
13,31/S3022.DAT,0x47D06,35,22,카카라스의 숲은 가지 않아도 되려나.
13,31/S3014.DAT,0x47C2E,47,34,초핀: 토요케 숲의 베미의 정령을 기억하십니까?
13,31/S3014.DAT,0x478EC,54,41,초핀: 그러면 금방 당해 버리는 낙오자는 없어질 겁니다.
13,23/S2061.DAT,0x488E4,72,59,나는 아크. 토우빌에서 와서 우선 몬스터 퇴치를 도우라고 왕께 명을 받았어.
13,23/S2061.DAT,0x48618,38,25,제발 목숨만은 살려 주세요. 부탁입니다!
13,22/S2054.DAT,0x47A44,28,15,"대신: 그런가, 좋아. 알겠다."
13,22/S2051.DAT,0x47D50,26,13,대신: 제게 맡겨 주십시오.
13,22/S2046.DAT,0x48E54,44,31,"그, 그거 좋은 생각이군. 당장 가 보도록 하지!"
13,21/S2045.DAT,0x48C0A,47,34,초핀: 토요케 숲의 베미의 정령을 기억하십니까?
13,21/S2045.DAT,0x488C8,54,41,초핀: 그러면 금방 당해 버리는 낙오자는 없어질 겁니다.
13,21/S2041.DAT,0x4834C,37,24,승무원: (자신이 없어도 정도가 있지.)
13,21/S2033.DAT,0x47B6E,23,10,"쿠쿠루: 자, 안내해 줘."
13,21/S2021.DAT,0x48870,30,17,쿠쿠루: 나도 제법 잘 싸우지?
13,21/S2014.DAT,0x47D08,24,11,무슨 못된 짓을 한 거야?
13,21/S2011.DAT,0x47AAA,28,15,뭐지? 전쟁이라도 시작되나?
13,1/S1041.DAT,0x47BB8,62,49,아크 데몬: 아니야! 이런 놈이 아니다! 날 깨운 자는 어디 있지?
13,1/S1021.DAT,0x48908,54,41,아버지: 포르타... 그날까지 우리 아이 아크를 부탁하오!
13,1/S1021.DAT,0x4785C,39,26,아이템이 있습니다. 약초를 발견했습니다.
13,1/S1013.DAT,0x478EA,49,36,모든 것은 시온산의 불꽃을 껐던 그날부터 시작됐어.
13,1/S1011.DAT,0x478AA,48,35,"3천 년이나 계속 타오르는 정령의 산, 시온의 불꽃."
12,F/SF0E1.DAT,0x47C8C,26,14,장로의 방패를 손에 넣었다.
12,F/SF091.DAT,0x47984,46,34,신의 노여움을 사 인류는 한 번 멸망했다고 한다.
12,F/SF041.DAT,0x4824E,29,17,이 소년의 눈물에 거짓은 없다.
12,F/SF041.DAT,0x47AAC,83,71,"불꽃의 정령: 그래, 이 연구소는 새로운 에릴베 연구를 하고 있다. 즉 생명력 에릴베다."
12,F/SF031.DAT,0x48500,49,37,"이, 이건... 비실비실 나팔이다! 이런 곳에 있었다니"
12,F/SF031.DAT,0x4847C,22,10,응? 뭔가 떨어져 있어.
12,F/SF021.DAT,0x483A8,23,11,바람의 돌을 손에 넣었다
12,E5/SE05A.DAT,0x487F2,50,38,어찌 이렇게 비겁한 놈들이야! 나를 뒤에서 덮치다니!
12,D/SD031.DAT,0x46A88,34,22,부서진 아이템을 알아차리지 못했다.
12,D/SD031.DAT,0x46A2A,32,20,굉장한 아이템이 부서져 날아갔다!
12,D/SD031.DAT,0x4699E,30,18,굉장한 아이템을 빼앗아 들었다!
12,D/SD031.DAT,0x4637E,33,21,오랜만에 크게 활약할 수 있겠구나.
12,D/SD031.DAT,0x45E92,34,22,그럼 어떻게 그 정령들을 찾아내지?
12,D/SD031.DAT,0x45B3E,42,30,그렇다. 내가 너희를 이끌 살아 있는 전기지.
12,D/SD031.DAT,0x459BC,25,13,"할아버지, 당신은 누구야?"
12,D/SD021.DAT,0x47B8E,34,22,제법 말이 되는 소리를 하게 됐구먼.
12,D/SD021.DAT,0x47A40,41,29,이제 우리들만의 문제가 아니게 된 것 같아.
12,D/SD011.DAT,0x47A66,41,29,"난 시온산의 봉인을 지키는 일족, 쿠쿠루야."
12,C2/SC0B6.DAT,0x47F4E,25,13,조개껍데기를 손에 넣었다.
12,C2/SC0B6.DAT,0x47C8A,26,14,불꽃의 수호를 손에 넣었다.
12,C2/SC0B6.DAT,0x47B72,26,14,파로의 열매를 손에 넣었다.
12,C2/SC0B6.DAT,0x476F0,25,13,조개껍데기를 손에 넣었다.
12,C2/SC0B6.DAT,0x46D1A,26,14,불꽃의 수호를 손에 넣었다.
12,C2/SC0B6.DAT,0x46990,26,14,파로의 열매를 손에 넣었다.
12,B/SB041.DAT,0x47AEE,35,23,아크는 바다로 향해 세계로 날아가라.
12,9/S9013.DAT,0x4795C,29,17,별일 없었던 거구나. 다행이야!
12,8/S8062.DAT,0x47DC4,28,16,고마워. 분명 도움이 될 거야.
12,8/S8061.DAT,0x47B20,23,11,당신이 물의 정령이군요.
12,8/S8051.DAT,0x486F0,28,16,카사토르: 집요한 놈 같으니!
12,7/S7028.DAT,0x475C0,21,9,볼일이 끝나면 말이지.
12,7/S7028.DAT,0x47490,29,17,여기에 있던 것은 이미 주웠다.
12,7/S7027.DAT,0x4877C,38,26,몬스터를 우승자로 둔갑시키고 있었군요.
12,7/S7026.DAT,0x48D96,35,23,대회 위원: 빨리 준비하고 오십시오.
12,7/S7026.DAT,0x4873E,29,17,여기에 있던 것은 이미 주웠다.
12,7/S7025.DAT,0x48B2A,35,23,대회 위원: 빨리 준비하고 오십시오.
12,7/S7025.DAT,0x48712,29,17,여기에 있던 것은 이미 주웠다.
12,7/S7024.DAT,0x48B18,35,23,대회 위원: 빨리 준비하고 오십시오.
12,7/S7024.DAT,0x4848E,29,17,여기에 있던 것은 이미 주웠다.
12,7/S7023.DAT,0x48AB6,35,23,대회 위원: 빨리 준비하고 오십시오.
12,7/S7022.DAT,0x48A1E,35,23,대회 위원: 빨리 준비하고 오십시오.
12,7/S7022.DAT,0x486FE,29,17,여기에 있던 것은 이미 주웠다.
12,7/S7012.DAT,0x482A0,47,35,초핀: 모든 사람이 공격에 알맞은 것은 아닙니다.
12,7/S7012.DAT,0x481AA,42,30,초핀: 다만 피해가 0인 경우에는 안 됩니다.
12,6/S6054.DAT,0x46290,44,32,라마다 승려: 이거 이거. 광대 버스터 여러분.
12,6/S6053.DAT,0x47A66,31,19,저도 동행하게 해 주시겠습니까?
12,6/S6041.DAT,0x48B1A,24,12,대지의 돌을 손에 넣었다.
12,6/S6031.DAT,0x478E4,44,32,승정: 그자들이 이쪽으로 오고 있는 듯합니다.
12,6/S6022.DAT,0x47A9C,39,27,"동료에게 피해를
줄 수 있는 모양이야."
12,6/S6021.DAT,0x48498,38,26,"봐 봐, 방향 전환의 피리를 손에 넣었어."
12,6/S6014.DAT,0x487A8,47,35,초핀: 모든 사람이 공격에 알맞은 것은 아닙니다.
12,6/S6014.DAT,0x486B2,42,30,초핀: 다만 피해가 0인 경우에는 안 됩니다.
12,5/S5025.DAT,0x47BB4,40,28,"잠깐, 왜 촌가라가 두 명이나 있는 거야!?"
12,5/S5013.DAT,0x487FC,47,35,초핀: 모든 사람이 공격에 알맞은 것은 아닙니다.
12,5/S5013.DAT,0x48706,42,30,초핀: 다만 피해가 0인 경우에는 안 됩니다.
12,5/S5011.DAT,0x48048,19,7,기다리고 있었다고?
12,4/S4041.DAT,0x47AA4,55,43,"돌에 잠든 기억을 아는 자여, 그 힘으로 내 뜻에 응답하라."
12,4/S4036.DAT,0x47F6E,29,17,여기에 있던 것은 이미 주웠다.
12,4/S4035.DAT,0x48390,32,20,그런데 술의 정령이라는 건 없나?
12,4/S4035.DAT,0x48060,29,17,여기에 있던 것은 이미 주웠다.
12,4/S4034.DAT,0x482B0,37,25,어쩌면 뭔가 달라져 있을지도 모르니까.
12,4/S4034.DAT,0x4820C,37,25,어쩌면 뭔가 달라져 있을지도 모르니까.
12,4/S4034.DAT,0x4816C,29,17,여기에 있던 것은 이미 주웠다.
12,4/S4032.DAT,0x482B6,29,17,여기에 있던 것은 이미 주웠다.
12,4/S4011.DAT,0x48EC4,33,21,"그런데 당신, 어쩌다 붙잡힌 거야?"
12,4/S4011.DAT,0x486E0,37,25,병사1: 우선 팔렌시아의 대청소부터다.
12,4/S4011.DAT,0x48586,26,14,지하 감옥은 이 아래층이야.
12,32/S3061.DAT,0x4855A,35,23,하지만 굉장한 이야기가 되어 버렸네.
12,31/S3031.DAT,0x4815A,54,42,야군: 그러니 그 힘을 써서 몬스터를 쓰러뜨려 주시지요.
12,31/S3031.DAT,0x4803A,53,41,그래. 너처럼 배 나온 장군보다 훨씬 잘 싸울 수 있을걸!
12,31/S3031.DAT,0x47DAC,36,24,제대로 상대하는 것이 도리 아닌가요?
12,31/S3022.DAT,0x48882,35,23,병사: 준비가 되면 말씀해 주십시오.
12,31/S3022.DAT,0x48822,45,33,병사: 출발하시겠습니까?|출발한다|그만둔다
12,31/S3022.DAT,0x4866A,20,8,하지만 어떻게 하지?
12,31/S3022.DAT,0x4821A,39,27,노인: 모르는 형에게 가까이 가면 안 돼.
12,31/S3022.DAT,0x47D52,24,12,우리 셋만으로 괜찮을까?
12,31/S3014.DAT,0x47834,47,35,초핀: 모든 사람이 공격에 알맞은 것은 아닙니다.
12,31/S3014.DAT,0x4773E,42,30,초핀: 다만 피해가 0인 경우에는 안 됩니다.
12,31/S3012.DAT,0x480D4,29,17,초핀: 무엇을 알고 싶으세요?
12,23/S2061.DAT,0x48B2C,24,12,아크: 그럼 악기로 싸워!
12,23/S2061.DAT,0x48A44,34,22,"포코: 으악, 나타났어! 어떡하지!?"
12,23/S2061.DAT,0x489EE,33,21,좀비: 아직 살아남은 자가 있었나!
12,23/S2061.DAT,0x48954,42,30,포코: 마물이 나타나기 전에 어서 도망치자.
12,22/S205C.DAT,0x47A8E,28,16,"수메리아 왕, 괜찮으십니까?!"
12,22/S2052.DAT,0x47FA0,26,14,국왕: 직접 보여 주겠다고!
12,22/S2052.DAT,0x47F40,18,6,"아크: 가자, 포코!"
12,22/S2052.DAT,0x47E0E,23,11,국왕: 벌써 코앞이라고!
12,22/S2052.DAT,0x47CE0,25,13,국왕: 끝없이 나타난다고!
12,22/S2052.DAT,0x47B42,27,15,국왕: 뭐라고? 전멸했다고!
12,22/S2051.DAT,0x4792C,65,53,국왕: 시온산에서의 활약은 들었다. 신기한 힘을 지녔다고 하더구나.
12,22/S2046.DAT,0x47FEC,22,10,"그럼, 어떻게 할 거야?"
12,21/S2045.DAT,0x48810,47,35,초핀: 모든 사람이 공격에 알맞은 것은 아닙니다.
12,21/S2045.DAT,0x4871A,42,30,초핀: 다만 피해가 0인 경우에는 안 됩니다.
12,21/S2044.DAT,0x48610,41,29,좋잖아. 앞으로의 여행은 분명 힘들 테니까.
12,21/S2041.DAT,0x48118,28,16,승무원: 자신은 있으십니까?
12,21/S2022.DAT,0x47F68,22,10,이제 물러설 수는 없군.
12,21/S2021.DAT,0x48A26,20,8,아크: 쉬게 해야 해.
12,21/S2021.DAT,0x48830,23,11,"아크: 쿠쿠루, 괜찮아?"
12,21/S2014.DAT,0x47E5C,48,36,병사1: 내몰리는 주민들이 반대하는 모양이지만...
12,21/S2014.DAT,0x47C2C,20,8,그런데 방금 사람은?
12,21/S2013.DAT,0x47E9A,37,25,시내에 올 일이 있으면 만나게 해 줄게.
12,21/S2013.DAT,0x47E08,30,18,듣기 좋구먼. 잠이 확 깨버렸어.
12,21/S2013.DAT,0x47A5E,31,19,"병사: 뭐야, 이 술 취한 자는!?"
12,1/S1061.DAT,0x47E7C,18,6,"쿠쿠루: 그래, 길."
12,1/S1061.DAT,0x47D04,31,19,쿠쿠루: 나도 네 뒤를 따라갈게.
12,1/S1041.DAT,0x4827A,19,7,인류가 멸망한다고?
12,1/S1041.DAT,0x48178,52,40,산의 정령: 인류는 지금 멸망을 향해 치닫고 있습니다.
12,1/S1041.DAT,0x47EE2,38,26,산의 정령: 저는 이 산의 정령입니다...
12,1/S1023.DAT,0x48182,52,40,"어머니: 아크, 잘 들으렴. 집에는 이제 약초가 없어..."
12,1/S1023.DAT,0x47F8C,45,33,다만 적에게 피해를 주는 아이템은 한정돼 있다.
12,1/S1023.DAT,0x47EDA,37,25,전투에서는 이런 작은 차이가 중요하다.
12,1/S1021.DAT,0x47CDE,50,38,어머니: 아버지의 갑옷과 검은 안쪽 방 상자에 있어.
12,1/S1021.DAT,0x47962,31,19,여기 있던 돌은 이미 주웠습니다.
12,1/S1013.DAT,0x47BF8,46,34,아크데몬: 성궤는 사르바시오 폭포에 놓여 있다.
12,1/S1013.DAT,0x47A1C,26,14,너와 헤어지고 싶지 않아...
11,F/SF0F1.DAT,0x47A0E,42,31,그 가르침이 어느새 뒤틀려 버린 모양이구먼.
11,F/SF091.DAT,0x47B52,54,43,"아무도 그 전설을 믿지 않았지만, 내 형님은 믿고 계셨다."
11,F/SF031.DAT,0x484BA,29,18,몬스터 배 속에 있었던 거구나.
11,E5/SE05A.DAT,0x48874,24,13,아 프 다 아 아 아 아 아!
11,E5/SE05A.DAT,0x4881C,51,40,"기다려, 지금 그쪽으로 가서 짓이겨 놓고 으깨 놓고..."
11,E5/SE05A.DAT,0x48734,29,18,"후후후, 용케 여기까지 왔구나."
11,D/SD031.DAT,0x46226,32,21,그럼 엄청난 마법을 쓸 수 있겠네.
11,D/SD031.DAT,0x45FDA,20,9,아라라토스에서 왔어!
11,D/SD021.DAT,0x47B42,26,15,피해 갈 수 없는 길도 있다.
11,C2/SC0C1.DAT,0x48AEC,42,31,"오오, 이런, 나까지 헤모지가 되어 버렸구먼."
11,C2/SC0B6.DAT,0x48064,37,26,이제 상품은 없습니다만 힘내 주십시오.
11,C2/SC0B6.DAT,0x47FD6,30,19,바이올렛 레이서를 손에 넣었다.
11,C2/SC0B6.DAT,0x47D60,30,19,슬리플리스 카트를 손에 넣었다.
11,C2/SC0B6.DAT,0x47C44,26,15,얼음의 수호를 손에 넣었다.
11,C2/SC0B6.DAT,0x47AA0,26,15,약화의 구슬을 손에 넣었다.
11,C2/SC0B6.DAT,0x47360,28,17,디르의 어금니를 손에 넣었다.
11,C2/SC0B6.DAT,0x4700E,30,19,슬리플리스 카트를 손에 넣었다.
11,C2/SC0B6.DAT,0x46C84,26,15,얼음의 수호를 손에 넣었다.
11,C2/SC0B6.DAT,0x466A0,26,15,약화의 구슬을 손에 넣었다.
11,B/SB072.DAT,0x48134,32,21,"대신: 좋아, 이놈들을 끌고 가라!"
11,9/S9012.DAT,0x47A9A,36,25,데스: 그렇게 쉽게 놓아줄 수는 없지.
11,8/S8062.DAT,0x4791C,27,16,물의 정령: 잘 와 주었구나.
11,8/S8061.DAT,0x47DA2,49,38,물의 정령: 알겠어. 도움을 받았으니 감사해야겠지.
11,8/S8051.DAT,0x48732,45,34,"카사토르: 좋아, 신전의 벽이 필요했을 뿐이다."
11,8/S8041.DAT,0x479BC,42,31,기다려! 너를 그 신전에 들여보낼 수는 없다!
11,8/S8031.DAT,0x48864,26,15,너희가 이런 짓을 한 거냐?
11,8/S8012.DAT,0x482B2,26,15,무언가 사악한 것이 느껴져.
11,8/S8012.DAT,0x47FDA,25,14,초핀: 출발하시겠습니까?
11,7/S7028.DAT,0x4878C,37,26,대전 상대가 정해졌습니다. 힘내십시오.
11,7/S7026.DAT,0x4896C,23,12,기억해 주지 않는 건가?
11,7/S7026.DAT,0x48788,68,57,"대회 위원: 일단 이걸로 마지막이니까요. 힘내십시오. 아아 바빠, 바빠."
11,7/S7012.DAT,0x48162,33,22,어딘가 조금 의욕이 나기 시작했어.
11,6/S6054.DAT,0x4544A,29,18,라마다 승: 정답!! 정말이냐?
11,6/S6051.DAT,0x47DF8,22,11,뭐 그리 흥분하지 마라.
11,6/S6041.DAT,0x48626,32,21,이것이 본산의 모습이란 말인가...
11,6/S6014.DAT,0x4866A,33,22,어딘가 조금 의욕이 나기 시작했어.
11,6/S6012.DAT,0x47FE2,32,21,"뭐, 어디에나 아군은 있는 법이지."
11,5/S5024.DAT,0x47932,45,34,"어? 아아... 좋아, 그럼 내일 출발하기로 하지."
11,5/S5022.DAT,0x478FC,34,23,지하 5층에 있는 소환의 항아리라네.
11,5/S5021.DAT,0x47FC8,26,15,"이 남자 말, 믿을 수 있어?"
11,5/S5021.DAT,0x47B0E,56,45,나는 거기서 보물을 찾아내어 장사로 삼는 모험가란 말이지.
11,5/S5013.DAT,0x486BE,33,22,어딘가 조금 의욕이 나기 시작했어.
11,4/S4036.DAT,0x4821C,30,19,"뭐, 가끔은 모르는 일도 있단다."
11,4/S4035.DAT,0x4821C,27,16,자기만 강해지고 싶은 거냐?
11,4/S4034.DAT,0x486E4,27,16,말귀가 어두운 녀석이로구나.
11,4/S4033.DAT,0x48674,31,20,처음이라고? 수행이 부족하구나.
11,4/S4031.DAT,0x4856C,25,14,오르카스 언덕은 이쪽이야.
11,4/S4021.DAT,0x479E4,42,31,병사2: 조용히 있어 줘서 정말 도움이 됐어.
11,4/S4011.DAT,0x48ABE,44,33,몬스터 대 죄인... 어느 쪽이 나쁜 놈인 거야?
11,32/S3068.DAT,0x47EE8,34,23,"베미의 정령: 자, 나의 선물입니다."
11,31/S3032.DAT,0x47CDC,30,19,야군: 그리고 숲에서 시동해라.
11,31/S3022.DAT,0x48708,40,29,어떤 몬스터인지도 모르는데... 괜찮을까?
11,31/S3014.DAT,0x476F6,33,22,어딘가 조금 의욕이 나기 시작했어.
11,31/S3012.DAT,0x48064,30,19,초핀: 그럼 조심히 다녀오세요.
11,23/S2071.DAT,0x47AD6,38,27,검의 정령: 네 기술에는 분노밖에 없다.
11,23/S2071.DAT,0x479EE,39,28,네 힘은 정해진 목적을 위해 쓰는 것이다.
11,22/S205C.DAT,0x47D6E,54,43,수메리아 왕: 네 아버지 요슈아를 밀마나로 보내 둔 것은
11,22/S2059.DAT,0x4799E,36,25,국왕: 또 정령의 메시지를 전해 주게.
11,22/S2057.DAT,0x47A30,29,18,사나운 사자 북을 손에 넣었다.
11,22/S2057.DAT,0x478F0,28,17,국왕: 오대 정령의 돌이라...
11,22/S2055.DAT,0x48180,41,30,대신: 뭐라! 토벌대를 내어 당장 붙잡아라!
11,22/S2053.DAT,0x4797A,25,14,대신: 알겠다고 했다고!?
11,22/S2051.DAT,0x47AD0,37,26,국왕: 인류가 멸망한다고... 그것은...
11,22/S2046.DAT,0x48A30,35,24,병사: 그래서 이번 입국 목적은...?
11,22/S2046.DAT,0x485F4,43,32,"뭐, 무슨 무례한 짓을! 이분을 누구로 아느냐."
11,21/S2045.DAT,0x486D2,33,22,어딘가 조금 의욕이 나기 시작했어.
11,21/S2044.DAT,0x48668,38,27,"그럼 결정이군. 나는 토슈, 잘 부탁하지."
11,21/S2044.DAT,0x48268,42,31,"이유는 분명하지 않지만, 너희를 따라가겠어."
11,21/S2044.DAT,0x4800A,51,40,초핀: 여러분의 여행을 돕도록 왕께 명을 받았습니다.
11,21/S2042.DAT,0x48064,30,19,초핀: 그럼 조심히 다녀오세요.
11,21/S2014.DAT,0x47BA2,40,29,병사: 아크인가? 왕과의 약속은 다했나?
11,21/S2014.DAT,0x47974,21,10,여러 일도 있었으니까.
11,1/S1072.DAT,0x479F4,29,18,"촌장: 오오, 기다리고 있었네."
11,1/S1061.DAT,0x48076,35,24,아크: 알겠어. 그럼 난 이만 갈게...
11,1/S1023.DAT,0x483E4,30,19,생명의 나무 열매를 받았습니다.
11,1/S1023.DAT,0x48306,39,28,어머니: 정말 너한테는 못 당하겠구나...
11,1/S1023.DAT,0x481DC,36,25,어머니: 네 힘으로 어떻게든 해 보렴.
11,1/S1023.DAT,0x47E20,49,38,반격을 피하려면 적의 옆이나 뒤로 돌아가 공격해라.
11,1/S1023.DAT,0x47DCA,46,35,적을 공격하면 반격을 받아 피해를 입을 수 있다.
11,1/S1021.DAT,0x48C34,33,22,이번만큼은 내 힘으로 해내고 싶어.
11,1/S1011.DAT,0x47AD2,37,26,...후우. 아무 일도 일어나지 않았잖아.
10,F/SF0E1.DAT,0x47CCC,53,43,장로: 카사토르는 잊힌 물의 신전으로 향하고 있습니다.
10,F/SF0E1.DAT,0x47B06,40,30,장로: 다만 이것만은 전해 두고 싶습니다.
10,F/SF0B1.DAT,0x47CF0,25,15,그것을 증명하고 싶습니다.
10,F/SF0B1.DAT,0x478C4,52,42,국왕: 그때 형이 남긴 것이 인류가 멸망한다는 말이다.
10,F/SF081.DAT,0x478E2,36,26,"두목: 토슈, 우리는 사회의 낙오자다."
10,F/SF041.DAT,0x484E8,29,19,"불의 정령: 나오너라, 라이진!"
10,F/SF041.DAT,0x4849A,31,21,불의 정령: 너희에게 져 주겠다!
10,F/SF041.DAT,0x47A62,20,10,힘을 빼앗기고 있어?
10,E5/SE05A.DAT,0x48750,39,29,하지만! 과연 이 나를 쓰러뜨릴 수 있을까
10,D/SD031.DAT,0x4672A,34,24,촌가라의 굉장한 아이템을 빼앗았다!
10,D/SD031.DAT,0x465EE,28,18,굉장한 아이템을 손에 넣었다!
10,D/SD031.DAT,0x462BC,25,15,어딘가 믿음직하지 않네...
10,D/SD031.DAT,0x46018,24,14,상당히 먼 곳에서 왔구나.
10,D/SD021.DAT,0x47AA0,30,20,네가 그런 말을 하게 될 줄이야.
10,D/SD011.DAT,0x47A20,28,18,난 아크야. 너야말로 누구지?
10,C2/SC0C1.DAT,0x48BDE,31,21,소환수 헤모지를 손에 넣었습니다
10,C2/SC0B6.DAT,0x47E78,26,16,파워 리스트를 손에 넣었다.
10,C2/SC0B6.DAT,0x478BC,37,27,1000번째 승리를 목표로 힘내 주십시오.
10,C2/SC0B6.DAT,0x47730,36,26,200번째 승리를 목표로 힘내 주십시오.
10,C2/SC0B6.DAT,0x4769C,36,26,200번째 승리를 목표로 힘내 주십시오.
10,C2/SC0B6.DAT,0x47604,36,26,200번째 승리를 목표로 힘내 주십시오.
10,C2/SC0B6.DAT,0x4756C,36,26,200번째 승리를 목표로 힘내 주십시오.
10,C2/SC0B6.DAT,0x4752A,26,16,파워 리스트를 손에 넣었다.
10,C2/SC0B6.DAT,0x473A4,36,26,120번째 승리를 목표로 힘내 주십시오.
10,C2/SC0B6.DAT,0x47212,36,26,120번째 승리를 목표로 힘내 주십시오.
10,C2/SC0B6.DAT,0x4717E,36,26,120번째 승리를 목표로 힘내 주십시오.
10,C2/SC0B6.DAT,0x470EC,36,26,120번째 승리를 목표로 힘내 주십시오.
10,C2/SC0B6.DAT,0x47054,36,26,120번째 승리를 목표로 힘내 주십시오.
10,C2/SC0B6.DAT,0x46E8C,35,25,60번째 승리를 목표로 힘내 주십시오.
10,C2/SC0B6.DAT,0x46DF2,35,25,60번째 승리를 목표로 힘내 주십시오.
10,C2/SC0B6.DAT,0x46D5A,35,25,60번째 승리를 목표로 힘내 주십시오.
10,C2/SC0B6.DAT,0x46CC6,35,25,60번째 승리를 목표로 힘내 주십시오.
10,C2/SC0B6.DAT,0x46AFE,35,25,40번째 승리를 목표로 힘내 주십시오.
10,C2/SC0B6.DAT,0x46A68,35,25,40번째 승리를 목표로 힘내 주십시오.
10,C2/SC0B6.DAT,0x469D0,35,25,40번째 승리를 목표로 힘내 주십시오.
10,C2/SC0B6.DAT,0x4693C,35,25,40번째 승리를 목표로 힘내 주십시오.
10,C2/SC0B6.DAT,0x46778,35,25,20번째 승리를 목표로 힘내 주십시오.
10,C2/SC0B6.DAT,0x466E2,35,25,20번째 승리를 목표로 힘내 주십시오.
10,C2/SC0B6.DAT,0x4664C,35,25,20번째 승리를 목표로 힘내 주십시오.
10,C2/SC0B6.DAT,0x465B6,35,25,20번째 승리를 목표로 힘내 주십시오.
10,C1/SC011.DAT,0x46F0E,41,31,"전투가 되는데, 괜찮으려나?|예|그만둔다"
10,C1/SC011.DAT,0x46E48,38,28,전투가 될 거야. 괜찮아?|예|그만둔다
10,9/S9051.DAT,0x47D38,34,24,아나운서: 안델 대신의 말씀입니다.
10,9/S9031.DAT,0x4873C,42,32,"소장: 하하, 토우빌에서 왔다는 애송이로군."
10,9/S9012.DAT,0x47B5A,20,10,그렇게는 못 하게 해!
10,8/S8062.DAT,0x47CDA,27,17,어지러운 보석을 받았습니다.
10,8/S8061.DAT,0x4802E,47,37,물의 정령: 할 거면 아주 백 마리쯤 퇴치해 다오.
10,8/S8061.DAT,0x47E5E,22,12,물의 돌을 손에 넣었다.
10,8/S8021.DAT,0x47D10,44,34,사류족 남자: 저것은 동력석을 캐는 곳입니다.
10,8/S8012.DAT,0x48146,31,21,돌은 다음 돌로 우리를 이끈다...
10,7/S7032.DAT,0x4791A,41,31,"로크톨: 오래전 킨담 왕국에서 만들어졌고,"
10,7/S7025.DAT,0x48880,34,24,출전자: 아주 자신감을 잃어버렸어.
10,7/S7011.DAT,0x48280,31,21,돌은 다음 돌로 우리를 이끈다...
10,6/S6054.DAT,0x46A86,26,16,라마다 승: 힘내 주십시오.
10,6/S6054.DAT,0x469DE,26,16,라마다 승: 힘내 주십시오.
10,6/S6054.DAT,0x46930,26,16,라마다 승: 힘내 주십시오.
10,6/S6054.DAT,0x46884,26,16,라마다 승: 힘내 주십시오.
10,6/S6054.DAT,0x467D8,26,16,라마다 승: 힘내 주십시오.
10,6/S6054.DAT,0x46728,26,16,라마다 승: 힘내 주십시오.
10,6/S6054.DAT,0x46692,26,16,라마다 승: 힘내 주십시오.
10,6/S6054.DAT,0x465EE,26,16,라마다 승: 힘내 주십시오.
10,6/S6054.DAT,0x46548,26,16,라마다 승: 힘내 주십시오.
10,6/S6054.DAT,0x4649C,26,16,라마다 승: 힘내 주십시오.
10,6/S6054.DAT,0x463F0,26,16,라마다 승: 힘내 주십시오.
10,6/S6054.DAT,0x45F6E,27,17,환수의 어금니를 받았습니다.
10,6/S6054.DAT,0x45DA0,29,19,라마다 승: 그러니 이걸 주마.
10,6/S6053.DAT,0x47BB4,30,20,나는 이분들과 동행하기로 했다.
10,6/S6032.DAT,0x47C94,19,9,이 아래는 도장이야!
10,6/S6021.DAT,0x485C4,45,35,이런 괴물에게 마음대로 이용당하고 있었다니...
10,6/S6013.DAT,0x483BE,51,41,바람의 오브? 옛것은 아니로군... 들어 본 적이 없다.
10,6/S6013.DAT,0x4822C,31,21,돌은 다음 돌로 우리를 이끈다...
10,6/S6011.DAT,0x48052,46,36,나도 남에게 들은 이야기라 자세히는 모르지만...
10,5/S5012.DAT,0x48318,31,21,돌은 다음 돌로 우리를 이끈다...
10,4/S4061.DAT,0x478F8,20,10,내가 집을 보고 올게.
10,4/S4034.DAT,0x4835A,43,33,가끔 던진 아이템을 받아 버리는 녀석이 있어.
10,4/S4031.DAT,0x482AE,34,24,"쿠쿠루, 포코. 그래도 따라와 줄래?"
10,4/S4031.DAT,0x47F7A,50,40,앞으로 네 여행에 도움이 될 옛 전기는 토우빌 안쪽의
10,32/S3061.DAT,0x48302,26,16,용사의 증표를 손에 넣었다.
10,32/S3061.DAT,0x478D6,21,11,정말 아름다운 곳이야.
10,31/S3031.DAT,0x4836C,40,30,야군: 우선 저기 몬스터와 싸워 보십시오.
10,31/S3031.DAT,0x47D12,29,19,"잠깐, 너무 심한 말 아닌가요?"
10,23/S2082.DAT,0x47ABA,30,20,거울: 좋은 보고를 기다리겠다.
10,23/S2081.DAT,0x47A88,29,19,"대신: 예, 생각해 두었습니다."
10,23/S2061.DAT,0x4883E,17,7,포코: 난 포코야.
10,22/S205C.DAT,0x47B2A,48,38,수메리아 왕: 그놈은 로마리아가 보내온 자였다...
10,22/S2058.DAT,0x478AE,29,19,국왕: 비행선 상태는 어떤가?
10,22/S2057.DAT,0x479E2,32,22,국왕: 그리고 이것도 가져가거라.
10,22/S2056.DAT,0x47946,50,40,국왕: 어서 토우빌로 향해 형의 메시지를 받아 다오.
10,22/S2054.DAT,0x47AD6,21,11,대신: 물러가 보아라.
10,22/S2046.DAT,0x490BA,25,15,바치: 출발하시겠습니까?
10,22/S2046.DAT,0x4802A,31,21,이 몸에게 좋은 생각이 있느니라.
10,21/S2044.DAT,0x480B8,41,31,"초핀: 아크 님, 앞으로도 잘 부탁드립니다."
10,21/S2033.DAT,0x47AEE,27,17,"포코: 응, 알고는 있지만..."
10,21/S2033.DAT,0x479EC,13,3,아크: 뭐가?
10,21/S2033.DAT,0x47978,14,4,아크: 아마도.
10,21/S2031.DAT,0x47932,33,23,"대신: 토우빌의 아크, 들어오너라."
10,21/S2021.DAT,0x489EA,17,7,아크: 말하지 마.
10,21/S2021.DAT,0x48666,14,4,아크: 쿠쿠루!
10,21/S2014.DAT,0x47C66,36,26,"병사: 아, 저자는 시내의 경호원일세."
10,21/S2013.DAT,0x47C34,19,9,우게에에에에에에에!
10,21/S2013.DAT,0x47B2A,32,22,병사: 시끄러워! 저쪽으로 꺼져!!
10,1/S1041.DAT,0x48226,42,32,산의 정령: 성궤의 힘을 손에 넣음으로써...
10,1/S1041.DAT,0x48008,31,21,알겠어. 불을 붙이면 되는 거지?
10,1/S1041.DAT,0x47A56,63,53,아크 데몬: 무슨 소린지 모르겠군. 난 봉인을 푼 용사를 죽이고...
10,1/S1041.DAT,0x47A12,28,18,네가 아버지를 죽인 놈이구나!
10,1/S1023.DAT,0x4853C,41,31,어머니: 예전엔 저런 아이가 아니었는데...
10,1/S1023.DAT,0x484C6,35,25,어머니: 이제 정말 아무것도 없어...
10,1/S1023.DAT,0x4839E,25,15,파로의 열매를 받았습니다.
10,1/S1021.DAT,0x48DA6,38,28,"어머니: 요슈아, 아크를 지켜 주세요..."
10,1/S1021.DAT,0x48818,26,16,어머니: 산이 날뛴다고요?
9,F/SF0E1.DAT,0x47D6C,25,16,"사류족 남자: 자, 장로님!"
9,F/SF0E1.DAT,0x47A9E,63,54,장로: 우리는 시대에 뒤처진 백성. 잊혀 스러진다면 그 또한 운명.
9,F/SF0E1.DAT,0x47A3E,26,17,너무 말씀하지 않는 편이...
9,F/SF0B1.DAT,0x47D32,31,22,대신: 너 같은 어린 계집애가...
9,F/SF091.DAT,0x47AF0,56,47,용자가 봉인을 풀어 성궤가 유일한 구원이 되리라 전해진다.
9,F/SF091.DAT,0x47A92,52,43,그리고 그 성궤는 다시 인류가 멸망의 위기에 처했을 때
9,F/SF091.DAT,0x479D8,42,33,그때 세상의 끝을 전해 들은 소수의 사람들이
9,F/SF041.DAT,0x48648,22,13,불의 돌을 손에 넣었다.
9,F/SF041.DAT,0x485AC,33,24,"불의 정령: 자, 불의 돌을 받아라."
9,F/SF041.DAT,0x48204,16,7,그것은 인간이다.
9,E5/SE05A.DAT,0x490B2,24,15,"으앙, 누가 좀 세워 줘..."
9,E5/SE05A.DAT,0x48D1A,50,41,"아리바샤의 레이덴 유적, 사라 사막, 이슈마의 바위터"
9,E5/SE05A.DAT,0x48CBC,53,44,"다만 수메리아의 코르보 평원, 쿠이나 언덕, 카라간 평야"
9,E5/SE05A.DAT,0x48C52,42,33,나는 세계 제일의 대마법사 초코. 잘 부탁해.
9,D/SD031.DAT,0x48AA4,17,8,돌을 손에 넣었다!
9,D/SD031.DAT,0x48A5A,17,8,돌을 손에 넣었다!
9,D/SD031.DAT,0x463FC,28,19,로맨싱 스톤을 가지고 있었다!
9,D/SD031.DAT,0x46276,26,17,"그렇다, 그러할 터인데...?"
9,D/SD031.DAT,0x45F8E,25,16,그건 어디서 온 것이려나?
9,D/SD015.DAT,0x4791C,21,12,봉인의 불꽃이 꺼졌어!
9,C2/SC0B6.DAT,0x48020,26,17,일각수의 뿔을 손에 넣었다.
9,C2/SC0B6.DAT,0x47F06,26,17,치유의 부적을 손에 넣었다.
9,C2/SC0B6.DAT,0x47E34,23,14,선글라스를 손에 넣었다.
9,C2/SC0B6.DAT,0x47D16,28,19,질풍의 반다나를 손에 넣었다.
9,C2/SC0B6.DAT,0x47CCE,26,17,마법의 카트를 손에 넣었다.
9,C2/SC0B6.DAT,0x47BFE,24,15,마력의 샘을 손에 넣었다.
9,C2/SC0B6.DAT,0x47B2C,24,15,힘의 열매를 손에 넣었다.
9,C2/SC0B6.DAT,0x47658,26,17,치유의 부적을 손에 넣었다.
9,C2/SC0B6.DAT,0x471D2,23,14,선글라스를 손에 넣었다.
9,C2/SC0B6.DAT,0x46E46,28,19,질풍의 반다나를 손에 넣었다.
9,C2/SC0B6.DAT,0x46DAE,26,17,마법의 카트를 손에 넣었다.
9,C2/SC0B6.DAT,0x46ABC,24,15,마력의 샘을 손에 넣었다.
9,C2/SC0B6.DAT,0x468FA,24,15,힘의 열매를 손에 넣었다.
9,C1/SC011.DAT,0x46F74,38,29,전투가 되는데 괜찮겠나?|예|그만둔다
9,B/SB041.DAT,0x47B7C,30,21,이대로면 우리도 휩쓸리고 말아!
9,9/S9031.DAT,0x486C4,30,21,소장: 서둘러 대신님께 연락해!
9,9/S9012.DAT,0x47C00,18,9,기다려! 나도 갈래.
9,9/S9012.DAT,0x47B98,35,26,녀석들은 내가 맡을게. 먼저 가 있어.
9,8/S8031.DAT,0x4881C,29,20,"매트 버틀러: 뭐냐, 네놈은?!"
9,8/S8031.DAT,0x48662,24,15,살아남은 사람은 없는가?
9,8/S8013.DAT,0x4766E,25,16,초핀: 출발하시겠습니까?
9,7/S7028.DAT,0x48094,23,14,대회 위원: 그렇습니까.
9,7/S7026.DAT,0x48CDA,19,10,그만둘 리가 없잖아.
9,7/S7026.DAT,0x48BFA,40,31,그런 것 때문에 하는 게 아니야. 정말이지.
9,7/S7026.DAT,0x48830,30,21,요즘 두목은 변신하니까 말이야.
9,7/S7025.DAT,0x48A26,29,20,그런 건 말 안 해도 알고 있어.
9,7/S7023.DAT,0x4848C,27,18,여기 있던 것은 이미 주웠다.
9,7/S7021.DAT,0x48D8C,23,14,대회 위원: 그렇습니까.
9,7/S7021.DAT,0x48498,27,18,여기 있던 것은 이미 주웠다.
9,7/S7012.DAT,0x47AD4,25,16,초핀: 출발하시겠습니까?
9,7/S7012.DAT,0x47A2C,25,16,초핀: 출발하시겠습니까?
9,7/S7012.DAT,0x47066,40,31,곧 개회사가 시작됩니다. 서둘러 주십시오.
9,7/S7011.DAT,0x47FEE,25,16,초핀: 출발하시겠습니까?
9,6/S6041.DAT,0x488A2,18,9,당신은 땅의 정령?
9,6/S6031.DAT,0x47AEA,23,14,"부르셨습니까, 대승정님."
9,6/S6014.DAT,0x47EA2,25,16,초핀: 출발하시겠습니까?
9,6/S6014.DAT,0x479AA,25,16,초핀: 출발하시겠습니까?
9,6/S6014.DAT,0x47902,25,16,초핀: 출발하시겠습니까?
9,6/S6014.DAT,0x475F0,25,16,초핀: 출발하시겠습니까?
9,6/S6013.DAT,0x47FE8,25,16,초핀: 출발하시겠습니까?
9,6/S6012.DAT,0x481A6,22,13,"뭐야, 한판 해 볼 테냐!"
9,5/S5041.DAT,0x47D30,22,13,빛의 돌을 손에 넣었다.
9,5/S5021.DAT,0x47F3A,22,13,어딘가 믿을 수 없는데.
9,5/S5013.DAT,0x47C76,25,16,초핀: 출발하시겠습니까?
9,5/S5013.DAT,0x47BCE,25,16,초핀: 출발하시겠습니까?
9,5/S5013.DAT,0x478B6,25,16,초핀: 출발하시겠습니까?
9,5/S5013.DAT,0x47538,25,16,초핀: 출발하시겠습니까?
9,5/S5012.DAT,0x47FC4,25,16,초핀: 출발하시겠습니까?
9,4/S4061.DAT,0x478AE,23,14,어딘가 상태가 이상해...
9,4/S4036.DAT,0x4835E,18,9,(내가 알 게 뭐야!)
9,4/S4036.DAT,0x4818E,26,17,그건 스스로 알아보는 게지.
9,4/S4036.DAT,0x47C74,25,16,요슈아에게서 편지가 왔어.
9,4/S4035.DAT,0x4856C,16,7,그러면 좋겠지만.
9,4/S4035.DAT,0x47CC8,25,16,요슈아에게서 편지가 왔어.
9,4/S4034.DAT,0x47CC8,25,16,요슈아에게서 편지가 왔어.
9,4/S4033.DAT,0x48102,41,32,전투 때는  를 함께 누르면 프리 커서가 돼.
9,4/S4033.DAT,0x480B6,27,18,여기 있던 것은 이미 주웠다.
9,4/S4033.DAT,0x47C74,25,16,요슈아에게서 편지가 왔어.
9,4/S4031.DAT,0x48516,28,19,좋아! 우선 전기를 손에 넣자.
9,4/S4012.DAT,0x4796C,20,11,분명 뭔가 있을 거야.
9,4/S4011.DAT,0x48A6C,39,30,어떻게 된 거야? 병사가 몬스터라니...?
9,32/S3062.DAT,0x47E48,36,27,"은혜의 정령: 자, 토우빌로 향하거라."
9,32/S3061.DAT,0x48190,36,27,그런 말을 들어도 어떻게 해야 할지...
9,32/S3061.DAT,0x47EA2,35,26,잠깐만! 인간은 정말 멸망하는 거야?
9,32/S3061.DAT,0x47B7A,17,8,아버지가 여기에?
9,32/S3051.DAT,0x48E70,32,23,이 근처에서 사라졌는데 말이야...
9,32/S3051.DAT,0x48DB0,28,19,병사: 계속 따라와 주십시오.
9,31/S3032.DAT,0x47C3C,28,19,몬스터: 제게 맡겨 주십시오.
9,31/S3024.DAT,0x46EF6,44,35,노인|괴물 출몰 뒤론|군에서 식량을 사야 해.
9,31/S3024.DAT,0x46D92,44,35,노인|괴물 출몰 뒤론|군에서 식량을 사야 해.
9,31/S3024.DAT,0x46C9A,44,35,노인|괴물 출몰 뒤론|군에서 식량을 사야 해.
9,31/S3024.DAT,0x46BA4,44,35,노인|괴물 출몰 뒤론|군에서 식량을 사야 해.
9,31/S3024.DAT,0x46AB2,44,35,노인|괴물 출몰 뒤론|군에서 식량을 사야 해.
9,31/S3024.DAT,0x469BE,44,35,노인|괴물 출몰 뒤론|군에서 식량을 사야 해.
9,31/S3024.DAT,0x468C8,44,35,노인|괴물 출몰 뒤론|군에서 식량을 사야 해.
9,31/S3024.DAT,0x467D2,44,35,노인|괴물 출몰 뒤론|군에서 식량을 사야 해.
9,31/S3024.DAT,0x466DE,44,35,노인|괴물 출몰 뒤론|군에서 식량을 사야 해.
9,31/S3024.DAT,0x465E6,44,35,노인|괴물 출몰 뒤론|군에서 식량을 사야 해.
9,31/S3024.DAT,0x464F2,44,35,노인|괴물 출몰 뒤론|군에서 식량을 사야 해.
9,31/S3024.DAT,0x463FE,44,35,노인|괴물 출몰 뒤론|군에서 식량을 사야 해.
9,31/S3024.DAT,0x46308,44,35,노인|괴물 출몰 뒤론|군에서 식량을 사야 해.
9,31/S3022.DAT,0x482B4,47,38,남자: 몬스터와 싸우기 위한 임시 군대일 텐데...
9,31/S3022.DAT,0x4826A,20,11,위험하지 않다는데도.
9,31/S3014.DAT,0x46CA8,25,16,초핀: 출발하시겠습니까?
9,31/S3014.DAT,0x46C00,25,16,초핀: 출발하시겠습니까?
9,31/S3014.DAT,0x468D2,25,16,초핀: 출발하시겠습니까?
9,31/S3014.DAT,0x46546,25,16,초핀: 출발하시겠습니까?
9,23/S2082.DAT,0x478E0,28,19,거울: 야군 장군에게 들었다.
9,23/S2082.DAT,0x47890,38,29,대신: 아크가 밀마나에서 돌아왔습니다.
9,22/S2058.DAT,0x478F4,40,31,국왕: 나도 요즘 아주 쇠약해진 모양이야.
9,22/S2052.DAT,0x47E94,35,26,병사: 전혀 상대가 되지 않습니다...
9,22/S2051.DAT,0x479EC,19,10,국왕: 정령에게서?
9,22/S2047.DAT,0x480A2,23,14,지금까지 정말 고마웠어.
9,22/S2046.DAT,0x48996,25,16,우리 나라의 대신들이지요.
9,22/S2046.DAT,0x4854A,17,8,무슨 일이신지요?
9,22/S2046.DAT,0x48358,39,30,"병사: 뭐야, 입국 연락은 받지 못했는데."
9,22/S2046.DAT,0x480FC,30,21,"할아버지, 잠깐 귀를 빌려 줘..."
9,22/S2046.DAT,0x48074,16,7,어떻게 할 건데?
9,21/S2045.DAT,0x47C92,25,16,초핀: 출발하시겠습니까?
9,21/S2045.DAT,0x47BEA,25,16,초핀: 출발하시겠습니까?
9,21/S2045.DAT,0x478CC,25,16,초핀: 출발하시겠습니까?
9,21/S2045.DAT,0x47546,25,16,초핀: 출발하시겠습니까?
9,21/S2022.DAT,0x47B62,26,17,"좋아, 지하 창고로 가 보자!"
9,21/S2011.DAT,0x47C68,46,37,병사: 토우빌의 아크. 이렇게 어린아이였다니...
9,1/S1072.DAT,0x47A68,20,11,촌장: 무슨 일이냐?
9,1/S1061.DAT,0x478A4,19,10,이제 여기까지면 돼.
9,1/S1022.DAT,0x47A06,37,28,병사가 되면 엄마도 편히 지낼 수 있어.
9,1/S1021.DAT,0x478AC,27,18,여기 있던 것은 이미 주웠다.
8,F/SF0F1.DAT,0x47974,33,25,한결같이 주먹을 단련해 온 내가...
8,F/SF0E1.DAT,0x47DDC,26,18,카사토르라는 자는 누구야?
8,F/SF0D1.DAT,0x478DA,45,37,아크는 신기해. 너와 있으면 힘이 솟는 것 같아.
8,F/SF0A1.DAT,0x478F8,18,10,절대로 용서 못 해!
8,F/SF091.DAT,0x478F0,14,6,"전설에 따르면,"
8,F/SF041.DAT,0x4881E,23,15,상황이 위험해지고 있군.
8,F/SF041.DAT,0x47D2C,21,13,나도 감사를 표하겠다.
8,F/SF021.DAT,0x483E6,25,17,비극의 안경을 손에 넣었다
8,F/SF021.DAT,0x47F12,20,12,아름다운 물건이구먼.
8,F/SF021.DAT,0x47E9C,32,24,"어디, 나에게도 보여 주지 않겠나."
8,D/SD071.DAT,0x486B4,38,30,어서 성궤가 있는 곳으로 가야 하는데...
8,D/SD031.DAT,0x45F3C,38,30,이끈 것...? 아버지가 보내온 편지구나!
8,D/SD013.DAT,0x47A2C,57,49,"소문은 팔렌시아 왕도까지 퍼졌고, 아크는 성으로 불려 갔다."
8,C2/SC0C1.DAT,0x48B88,24,16,"벌었다, 벌었어. 우히히히"
8,C2/SC0C1.DAT,0x48B40,28,20,일단 내 수집품에 더해 두겠네
8,C2/SC0B6.DAT,0x47EBE,26,18,하이퍼 부츠를 손에 넣었다.
8,C2/SC0B6.DAT,0x47DF2,19,11,거울을 손에 넣었다.
8,C2/SC0B6.DAT,0x47DAA,25,17,안티헤모지를 손에 넣었다.
8,C2/SC0B6.DAT,0x47AE6,24,16,부활의 약을 손에 넣었다.
8,C2/SC0B6.DAT,0x47A12,26,18,넘치는 과실을 손에 넣었다.
8,C2/SC0B6.DAT,0x475C0,26,18,하이퍼 부츠를 손에 넣었다.
8,C2/SC0B6.DAT,0x47140,19,11,거울을 손에 넣었다.
8,C2/SC0B6.DAT,0x470A8,25,17,안티헤모지를 손에 넣었다.
8,C2/SC0B6.DAT,0x46736,24,16,부활의 약을 손에 넣었다.
8,C2/SC0B6.DAT,0x46572,26,18,넘치는 과실을 손에 넣었다.
8,9/S9051.DAT,0x47CE8,32,24,아나운서: 임시 국가안전위원회의
8,8/S8051.DAT,0x48688,27,19,왜 사류족 마을을 파괴했지?
8,8/S8013.DAT,0x47716,22,14,"초핀: 그럼, 이쪽으로."
8,8/S8011.DAT,0x48166,15,7,아버지한테서!?
8,7/S7031.DAT,0x47986,25,17,장난감 반지를 손에 넣었다
8,7/S7028.DAT,0x48228,27,19,클라비스의 책을 받았습니다.
8,7/S7028.DAT,0x481B8,40,32,대회 위원: 이것을 드릴 테니 봐주십시오.
8,7/S7028.DAT,0x47650,40,32,"뭐 그건, 우리도 이렇게 와 있는 셈이고..."
8,7/S7026.DAT,0x4887A,17,9,안 하면 좋겠는데.
8,7/S7023.DAT,0x484D6,30,22,"대회 위원: 아아, 바쁘다 바빠."
8,7/S7022.DAT,0x488AA,21,13,불행이 어쨌다는 거야.
8,7/S7021.DAT,0x484E2,30,22,"대회 위원: 아아, 바쁘다 바빠."
8,7/S7012.DAT,0x487FE,16,8,친절하기도 하군.
8,7/S7012.DAT,0x485F2,50,42,물론 손에 넣은 뒤에는 나에게 맡기거라. 크크크크크.
8,7/S7012.DAT,0x47B7C,22,14,"초핀: 그럼, 이쪽으로."
8,6/S6051.DAT,0x47AB4,22,14,여기가 라마다사인가...
8,6/S6014.DAT,0x48D06,16,8,친절하기도 하군.
8,6/S6014.DAT,0x48AFA,50,42,물론 손에 넣은 뒤에는 나에게 맡기거라. 크크크크크.
8,6/S6014.DAT,0x47F38,22,14,"초핀: 그럼, 이쪽으로."
8,6/S6014.DAT,0x47A52,22,14,"초핀: 그럼, 이쪽으로."
8,6/S6014.DAT,0x47686,22,14,"초핀: 그럼, 이쪽으로."
8,5/S5041.DAT,0x47D74,22,14,왕의 상을 손에 넣었다.
8,5/S5032.DAT,0x479E4,16,8,나도 돌아가야지.
8,5/S5026.DAT,0x47872,47,39,이래도 되는 걸까? 분명 보물은 손에 넣었지만...
8,5/S5025.DAT,0x47F9C,23,15,가게에는 아무도 없어...
8,5/S5023.DAT,0x479C4,22,14,우선 물건을 보여 주게.
8,5/S5023.DAT,0x4797C,28,20,"아아, 약속을 지켜 주시겠지?"
8,5/S5022.DAT,0x47878,27,19,"뭐야, 아직 가져오지 않았나."
8,5/S5021.DAT,0x47D86,24,16,"아가씨, 눈치가 빠르구나."
8,5/S5013.DAT,0x48D5A,16,8,친절하기도 하군.
8,5/S5013.DAT,0x48B4E,50,42,물론 손에 넣은 뒤에는 나에게 맡기거라. 크크크크크.
8,5/S5013.DAT,0x47D1E,22,14,"초핀: 그럼, 이쪽으로."
8,5/S5013.DAT,0x4795A,22,14,"초핀: 그럼, 이쪽으로."
8,5/S5011.DAT,0x482A2,13,5,어떻게 할래?
8,5/S5011.DAT,0x4810A,23,15,이쪽도 장사니까 말이야.
8,4/S4034.DAT,0x4845E,49,41,"마법이 레벨업하면 효과 범위가 바뀌는 일이 있는데,"
8,4/S4033.DAT,0x482A6,22,14,어떻게 해야 없어질까?
8,4/S4022.DAT,0x47BF6,27,19,병사2: 그런데 잘도 타는군.
8,4/S4022.DAT,0x47AB4,26,18,병사1: 약속? 그게 뭐야?
8,4/S4021.DAT,0x47AFA,33,25,"병사2: 개조하는 거지, 살기 좋게."
8,4/S4021.DAT,0x47992,40,32,병사1: 팔렌시아 최고의 경호원도 잘됐군.
8,4/S4011.DAT,0x48E64,38,30,성의 병사들까지 몬스터로 둔갑하다니...
8,32/S3061.DAT,0x484CE,20,12,수메리아로 돌아가요.
8,31/S3031.DAT,0x480B0,48,40,야군: ...좋습니다. 여러분의 힘을 보여 주시지요.
8,31/S3031.DAT,0x47E08,33,25,"야군: 이건 실례했습니다, 아가씨."
8,31/S3023.DAT,0x4816E,39,31,노인: 그런가. 자네 수메리아에서 왔나?
8,31/S3022.DAT,0x47CBA,26,18,우리 셋만으로도 괜찮겠지?
8,31/S3014.DAT,0x47D92,16,8,친절하기도 하군.
8,31/S3014.DAT,0x47B86,50,42,물론 손에 넣은 뒤에는 나에게 맡기거라. 크크크크크.
8,31/S3012.DAT,0x4811E,53,45,|어떻게 하면 강해져?|무슨 싸움 요령이 있어?|그만
8,23/S2071.DAT,0x47A8E,22,14,네 검에 서린 정령이다.
8,23/S2061.DAT,0x48B6C,12,4,아크: 간다!
8,23/S2061.DAT,0x48700,31,23,뭐야. 난 또 마물인 줄 알았잖아.
8,22/S205C.DAT,0x47C2C,22,14,"왕님, 정신 차리십시오."
8,22/S2059.DAT,0x478B4,26,18,국왕: 정령은 그런 일을...
8,22/S2057.DAT,0x47B28,22,14,"아크: 가, 감사합니다."
8,22/S2052.DAT,0x47908,47,39,코르보 평원의 몬스터 토벌 보고를 하러 왔습니다.
8,22/S2046.DAT,0x48EAC,23,15,"그렇군요. 가자, 너희들!"
8,22/S2046.DAT,0x48780,21,13,"응, 그렇단다. 이분이."
8,22/S2046.DAT,0x480B0,32,24,"자자, 이 촌가라 님에게 맡기거라."
8,21/S2045.DAT,0x48D6E,16,8,친절하기도 하군.
8,21/S2045.DAT,0x48B62,50,42,물론 손에 넣은 뒤에는 나에게 맡기거라. 크크크크크.
8,21/S2045.DAT,0x47D3A,22,14,"초핀: 그럼, 이쪽으로."
8,21/S2045.DAT,0x47970,22,14,"초핀: 그럼, 이쪽으로."
8,21/S2041.DAT,0x48398,18,10,응? 뭐라고 했어?
8,21/S2022.DAT,0x47D86,31,23,그게 안 되니까 부탁하는 건데...
8,21/S2021.DAT,0x4899E,31,23,쿠쿠루: 괜찮아. 조금만 쉬면...
8,21/S2021.DAT,0x488FE,16,8,아크: 쿠쿠루...
8,21/S2013.DAT,0x47BDA,24,16,"병사 
어서 비켜라！！"
8,1/S1072.DAT,0x47B94,62,54,촌장: 후후후... 잘됐군. 안델 대신에게 상을 많이 받아야겠어...
8,1/S1061.DAT,0x47E44,11,3,아크: 길?
8,1/S1061.DAT,0x47D52,16,8,아크: 쿠쿠루...
8,1/S1041.DAT,0x479BA,44,36,아크 데몬: 네가 봉인을 풀어 버린 용사인가?
8,1/S1023.DAT,0x47E78,56,48,공격받을 때는 정면을 향하도록 하면 적에게 반격하기 쉽다.
8,1/S1022.DAT,0x479A2,55,47,별일 아니야. 왕의 부름을 받아 팔렌시아로 가는 것뿐이야.
8,1/S1021.DAT,0x48A4E,29,21,아버지의 유품을 장비해야겠어.
8,1/S1021.DAT,0x4807A,48,40,아버지의 갑옷과 검이 여기 있는 건 알고 있지만...
8,1/S1021.DAT,0x47B34,32,24,그렇진 않을 거야. 그럼 가져갈게.
7,E5/SE05A.DAT,0x48948,23,16,뒤라고 말하고 있는데...
7,D/SD071.DAT,0x48782,27,20,와 줬다고. 약속대로 말이야!
7,D/SD031.DAT,0x45924,29,22,"보기와 달리 강하구먼, 너희들."
7,D/SD015.DAT,0x47A9C,11,4,알겠습니다.
7,D/SD015.DAT,0x4795C,19,12,그 녀석들이 걱정돼.
7,D/SD014.DAT,0x479BE,16,9,"다들, 기다려 줘."
7,C2/SC0C1.DAT,0x489BC,39,32,"오오, 이런 곳에 순수한 헤모지가 있구먼."
7,C1/SC011.DAT,0x46EAA,36,29,할 거다. 물론 괜찮겠지|예|그만둔다
7,C1/SC011.DAT,0x46DE6,35,28,전투가 된다. 괜찮나?|예|그만둔다
7,B/SB072.DAT,0x480F6,18,11,병사: 있었습니다.
7,B/SB041.DAT,0x47986,17,10,대체 무슨 일이야!
7,B/SB022.DAT,0x478D8,36,29,"아크, 너희들의 마음은 분명히 받았다."
7,8/S8062.DAT,0x47C00,25,18,여신의 기도를 받았습니다.
7,8/S8061.DAT,0x47A0A,19,12,시원하고 기분 좋아.
7,8/S8041.DAT,0x47BDA,24,17,무슨 짓을... 용서 못 해!
7,8/S8031.DAT,0x48736,23,16,레드 스켈레톤: 우가아!
7,8/S8021.DAT,0x48296,35,28,"사류족 남자: 마, 마을이, 마을이..."
7,7/S7028.DAT,0x48666,46,39,|촌가라|다음 페이지|그만두기|밖으로 나가기
7,7/S7027.DAT,0x48FAA,16,9,역시 쿠쿠루구나.
7,7/S7027.DAT,0x487E2,39,32,"로크톨: 아가씨, 생각하신 그대로입니다."
7,7/S7027.DAT,0x48662,52,45,로크톨: 하지만 오브는 이대로 넘겨 드릴 수는 없지요.
7,7/S7021.DAT,0x4921C,46,39,|촌가라|다음 페이지|그만두기|밖으로 나가기
7,6/S6054.DAT,0x45A80,20,13,라마다 승: 대정답!!
7,6/S6031.DAT,0x47CD8,11,4,알겠습니다.
7,6/S6031.DAT,0x47A7E,23,16,대승정: 이가를 불러라.
7,6/S6031.DAT,0x47944,47,40,대승정: 목적은 라마다 산 정령의 구출인가......
7,6/S6014.DAT,0x48050,18,11,이상한 간판이네...
7,6/S6013.DAT,0x48176,20,13,아무 말도 안 했잖아!
7,5/S5041.DAT,0x47DB4,29,22,"빛의 정령: 아크, 부탁할게..."
7,5/S5032.DAT,0x47946,21,14,"그런가, 그럼 잘 있게."
7,5/S5021.DAT,0x4806C,37,30,믿자. 달리 단서가 있는 것도 아니니까.
7,5/S5021.DAT,0x4800C,28,21,"음, 하는 말은 틀리지 않았어."
7,5/S5021.DAT,0x47DCA,56,49,유적의 보물은 좋은 물건일수록 강한 몬스터가 지키고 있어.
7,5/S5013.DAT,0x475DC,22,15,"초핀: 그럼, 이쪽으로."
7,5/S5011.DAT,0x481C6,27,20,햣햣햣! 이거 강해 보이는군.
7,5/S5011.DAT,0x480CA,13,6,어떻게 그걸?
7,4/S4033.DAT,0x48574,33,26,기본 중의 기본이야. 알고 있느냐?
7,4/S4033.DAT,0x483EA,27,20,중요한 것은 잊지 않도록 해.
7,4/S4033.DAT,0x47F94,50,43,적이라는 건 대체 뭘까? 분명 큰 힘은 느껴지지만...
7,4/S4031.DAT,0x481F8,34,27,사랑하는 내 아들에게. 아버지로부터
7,4/S4031.DAT,0x4807A,23,16,너 자신도 당황스럽겠지.
7,4/S4011.DAT,0x48FC2,20,13,일단 감사는 해 두지.
7,4/S4011.DAT,0x48C44,27,20,싸울 상대는 정해졌군. 가자!
7,4/S4011.DAT,0x48BEC,42,35,그에게도 정령의 힘이 서려 있는 모양이야...
7,4/S4011.DAT,0x48B1A,24,17,거울이... 빛나고 있어...
7,32/S3061.DAT,0x47AE4,12,5,기다렸다고?
7,31/S3024.DAT,0x46F4C,28,21,노인|그게 결코 싸지 않다네.
7,31/S3024.DAT,0x46EA8,25,18,여신의 기도를 받았습니다.
7,31/S3024.DAT,0x46DE8,28,21,노인|그게 결코 싸지 않다네.
7,31/S3024.DAT,0x46CF0,28,21,노인|그게 결코 싸지 않다네.
7,31/S3024.DAT,0x46BFA,28,21,노인|그게 결코 싸지 않다네.
7,31/S3024.DAT,0x46B08,28,21,노인|그게 결코 싸지 않다네.
7,31/S3024.DAT,0x46A14,28,21,노인|그게 결코 싸지 않다네.
7,31/S3024.DAT,0x4691E,28,21,노인|그게 결코 싸지 않다네.
7,31/S3024.DAT,0x46828,28,21,노인|그게 결코 싸지 않다네.
7,31/S3024.DAT,0x46734,28,21,노인|그게 결코 싸지 않다네.
7,31/S3024.DAT,0x4663C,28,21,노인|그게 결코 싸지 않다네.
7,31/S3024.DAT,0x46548,28,21,노인|그게 결코 싸지 않다네.
7,31/S3024.DAT,0x46454,28,21,노인|그게 결코 싸지 않다네.
7,31/S3024.DAT,0x4635E,28,21,노인|그게 결코 싸지 않다네.
7,31/S3024.DAT,0x461E4,38,31,병사|강하다며?|우리 군에 들어올래?
7,31/S3022.DAT,0x4816E,40,33,노인: 언제쯤이면 편안히 살 수 있을까...
7,31/S3014.DAT,0x46D50,22,15,"초핀: 그럼, 이쪽으로."
7,31/S3014.DAT,0x46976,22,15,"초핀: 그럼, 이쪽으로."
7,31/S3014.DAT,0x465EA,22,15,"초핀: 그럼, 이쪽으로."
7,22/S2057.DAT,0x47BC2,10,3,아크: 예.
7,22/S2053.DAT,0x47A1E,22,15,"국왕: 그만하게, 안델!"
7,22/S2051.DAT,0x478F0,10,3,아크: 예.
7,22/S2051.DAT,0x478A6,22,15,국왕: 네가 아크인가?
7,22/S2047.DAT,0x47FD2,21,14,"다들, 잠깐 기다려 줘."
7,22/S2046.DAT,0x48242,29,22,아이고 도착했다. 도착했다고!!
7,21/S2045.DAT,0x475EA,22,15,"초핀: 그럼, 이쪽으로."
7,21/S2041.DAT,0x481CC,24,17,"승무원: 그럼, 타십시오."
7,21/S2013.DAT,0x47AAA,18,11,"뭐라고, 이 자식아!"
7,21/S2011.DAT,0x4791A,24,17,여기가 팔렌시아성인가...
7,1/S1041.DAT,0x47ABE,41,34,아크 데몬: 삼천 년의 저주를 끊어 내겠다!
7,1/S1023.DAT,0x48358,23,16,힘의 열매를 받았습니다.
7,1/S1023.DAT,0x478BC,32,25,어머니: 지치면 언제든 돌아오렴.
7,1/S1021.DAT,0x48308,42,35,어머니: 산에는 분명 무서운 괴물이 있어...
7,1/S1013.DAT,0x47A90,15,8,"쿠쿠루, 부탁해."
6,F/SF0E1.DAT,0x47FE4,31,25,나는 어찌 이렇게 무력한 걸까...
6,F/SF041.DAT,0x480F2,38,32,그리고 나는 어느 비극도 막지 못했어...
6,F/SF041.DAT,0x48090,51,45,...분명 인간들의 욕망은 많은 비극을 계속 낳고 있다.
6,E5/SE05A.DAT,0x48CEC,48,42,"밀마나의 루와지의 숲, 카카라스의 숲, 셈바라의 늪"
6,E5/SE05A.DAT,0x48C08,36,30,"나, 정했어! 너희들의 친구가 되겠어!!"
6,D/SD031.DAT,0x467FC,25,19,굉장한 아이템을 되찾았다!
6,D/SD031.DAT,0x46190,12,6,이 바보 놈!!
6,D/SD031.DAT,0x4605A,20,14,비행선이 필요하겠군.
6,D/SD015.DAT,0x4799C,22,16,서둘러 구하러 가야 해!
6,D/SD012.DAT,0x478B8,45,39,아크 데몬: 네가 봉인의 불꽃을 꺼 준 자인가?
6,C2/SC0C1.DAT,0x48A18,31,25,"...그렇지, 당장 조사해야겠구먼."
6,C2/SC0B6.DAT,0x47A5A,22,16,큰 폭탄을 손에 넣었다.
6,C2/SC0B6.DAT,0x4660A,22,16,큰 폭탄을 손에 넣었다.
6,9/S9012.DAT,0x479DE,19,13,기다려!! 저것을 봐.
6,8/S8062.DAT,0x47D2C,23,17,기합 나팔을 받았습니다.
6,8/S8062.DAT,0x47C4A,25,19,넘치는 과실을 받았습니다.
6,8/S8051.DAT,0x4884A,38,32,"네놈들, 썩었어! 썩 을 대 로 썩 었 어!!"
6,8/S8031.DAT,0x4856C,30,24,"사류족 남자: 이, 이런 일이!?"
6,8/S8012.DAT,0x4806E,21,15,초핀: 그럼 타십시오.
6,7/S7032.DAT,0x47A72,99,93,로크톨: 그야말로 이 피로 피를 다투는 무투 대회의 승자에게 어 울 리 는 물 건 이 아 니 겠 습 니 까?
6,7/S7032.DAT,0x47972,72,66,"로크톨: 그 뒤 왕위를 이어 그 주인이 되는 자는 반드시 비참하게 죽었으며,"
6,7/S7028.DAT,0x47544,18,12,보물찾이라도 할까.
6,7/S7027.DAT,0x4883A,35,29,"로크톨: 그럼, 죽어 주셔야겠습니다."
6,6/S6054.DAT,0x45BAA,25,19,고대의 반지를 받았습니다.
6,6/S6054.DAT,0x45A38,18,12,라마다 승: 정답!!
6,6/S6054.DAT,0x45940,18,12,라마다 승: 정답!!
6,6/S6054.DAT,0x45836,18,12,라마다 승: 정답!!
6,6/S6054.DAT,0x4573A,18,12,라마다 승: 정답!!
6,6/S6054.DAT,0x45648,18,12,라마다 승: 정답!!
6,6/S6054.DAT,0x45542,18,12,라마다 승: 정답!!
6,6/S6054.DAT,0x4535A,18,12,라마다 승: 정답!!
6,6/S6054.DAT,0x4525C,18,12,라마다 승: 정답!!
6,6/S6054.DAT,0x45160,18,12,라마다 승: 정답!!
6,6/S6054.DAT,0x4506E,18,12,라마다 승: 정답!!
6,6/S6041.DAT,0x486E6,17,11,경전도 없는 건가.
6,6/S6031.DAT,0x47C98,18,12,대승정: 부탁한다.
6,5/S5052.DAT,0x479AE,13,7,"시, 실수했다!"
6,5/S5025.DAT,0x47DA4,33,27,우효효효효! 또 수집품이 늘었구먼!
6,5/S5025.DAT,0x47D46,33,27,내 집에 아버지가 머물러 있다니...
6,5/S5025.DAT,0x47AE6,24,18,이런! 잘생긴 녀석이구나.
6,5/S5025.DAT,0x47A44,28,22,"음, 역시 자기 집은 편안하군."
6,4/S4041.DAT,0x47A3E,17,11,표면에 뭔가 있다.
6,4/S4036.DAT,0x482C0,26,20,술의 정령 이야기 말인데...
6,4/S4036.DAT,0x481D4,25,19,뭐든 알고 있다고 했잖아?
6,4/S4033.DAT,0x48432,37,31,"정말이지, 많이 아는 건지 아닌 건지..."
6,4/S4031.DAT,0x47C0A,17,11,아버지로부터야...
6,4/S4031.DAT,0x47A3A,13,7,마을 상황은?
6,4/S4022.DAT,0x47986,27,21,병사1: 네 처분이 결정됐어.
6,4/S4011.DAT,0x4873C,20,14,너희만은 용서 못 해!
6,32/S3068.DAT,0x48032,21,15,만능약을 손에 넣었다.
6,32/S3067.DAT,0x47EF6,21,15,만능약을 손에 넣었다.
6,32/S3066.DAT,0x47EB2,21,15,만능약을 손에 넣었다.
6,32/S3065.DAT,0x47E02,21,15,만능약을 손에 넣었다.
6,32/S3064.DAT,0x47E22,21,15,만능약을 손에 넣었다.
6,32/S3063.DAT,0x47EE6,21,15,만능약을 손에 넣었다.
6,32/S3062.DAT,0x47E9A,21,15,만능약을 손에 넣었다.
6,32/S3061.DAT,0x4802C,27,21,모든 인간이 나쁜 건 아니야!
6,31/S3024.DAT,0x463A6,37,31,"아이: 앗, 그린 슬라임 버스터 형이다."
6,31/S3023.DAT,0x48232,37,31,아이|형은 어디서 왔어?|놀아 줄래?
6,31/S3012.DAT,0x48454,32,26,초핀: 이 점을 잘 활용해 보세요.
6,31/S3012.DAT,0x47FAC,17,11,아크: ...알았어.
6,23/S2071.DAT,0x47A4C,13,7,"누, 누구냐!?"
6,23/S2071.DAT,0x47890,22,16,"아버지, 편히 잠드세요."
6,22/S205C.DAT,0x47F9E,12,6,수메리아 왕!
6,22/S2047.DAT,0x481D8,15,9,"기다렸지, 가자."
6,22/S2046.DAT,0x48EFE,19,13,헤모: 헤모오오오!!
6,22/S2046.DAT,0x489E8,19,13,헤모: 헤모오오오!!
6,21/S2044.DAT,0x48388,16,10,"뭐야, 이 영감은!"
6,21/S2042.DAT,0x48454,32,26,초핀: 이 점을 잘 활용해 보세요.
6,21/S2022.DAT,0x47F2A,16,10,거칠게 나오는군.
6,21/S2022.DAT,0x47C8C,25,19,"아니, 그런 건 아니지만..."
6,21/S2014.DAT,0x47DB2,20,14,팔렌시아 개조 계획?
6,21/S2014.DAT,0x47934,17,11,오랜만인 것 같아.
6,21/S2013.DAT,0x47EE6,18,12,"자, 집에 돌아갈까!"
6,21/S2013.DAT,0x47C80,15,9,무슨 일입니까?
6,1/S1023.DAT,0x47FE0,29,23,우선은 돌을 던지는 것이 좋다.
6,1/S1022.DAT,0x47BB8,18,12,성수를 받았습니다.
6,1/S1022.DAT,0x47B70,23,17,부활의 약을 받았습니다.
6,1/S1021.DAT,0x47DE4,27,21,카이저 글로브를 받았습니다.
6,1/S1021.DAT,0x47AD6,48,42,어머니: 그걸 가져가도 별로 좋은 일은 없을 텐데.
6,1/S1021.DAT,0x479AA,43,37,이걸 던지면 웬만한 적은 쓰러뜨릴 수 있겠어.
5,F/SF0B1.DAT,0x47AA4,28,23,국왕: 그것을 조사해 오너라.
5,F/SF051.DAT,0x4791A,47,42,안델: 알겠다. 수사를 중단하도록 지시를 내려라.
5,E5/SE05A.DAT,0x49072,18,13,눈이 어지러운데...
5,D/SD031.DAT,0x45CF4,10,5,5대 정령?
5,C2/SC0B6.DAT,0x46884,53,48,|힘의 열매|파로의 열매|생명의 나무 열매|마력의 샘
5,9/S9051.DAT,0x47AC8,17,12,아나운서: 게다가
5,9/S9021.DAT,0x48572,25,20,도망쳤다고 생각하는 거냐!
5,8/S8062.DAT,0x47C96,16,11,돌을 받았습니다.
5,7/S7027.DAT,0x48F2E,15,10,너를 다시 봤다.
5,7/S7026.DAT,0x48BBC,14,9,맡겨 두라니까.
5,7/S7025.DAT,0x48A6E,21,16,정말 알고 있는 게냐?
5,7/S7012.DAT,0x48650,17,12,맡길 리가 없잖아!
5,7/S7011.DAT,0x4821A,21,16,"고겐, 다음 목적지는?"
5,6/S6054.DAT,0x45DEA,16,11,돌을 받았습니다.
5,6/S6014.DAT,0x48B58,17,12,맡길 리가 없잖아!
5,6/S6013.DAT,0x481C6,21,16,"고겐, 다음 목적지는?"
5,5/S5052.DAT,0x47904,12,7,이건 대단해!
5,5/S5021.DAT,0x48234,29,24,"이 유적은 더 아래층이 있지만,"
5,5/S5013.DAT,0x48BAC,17,12,맡길 리가 없잖아!
5,5/S5012.DAT,0x482B8,21,16,"고겐, 다음 목적지는?"
5,5/S5011.DAT,0x4825E,31,26,"이쪽이다, 이쪽이다. 어서, 어서."
5,4/S4036.DAT,0x48264,38,33,"(박식하지 않아, 절대 박식하지 않아...)"
5,4/S4036.DAT,0x4813E,32,27,효과를 모르는 아이템이 있는데...
5,4/S4035.DAT,0x48260,10,5,바보 녀석!
5,4/S4035.DAT,0x47E98,37,32,우리를 몰아붙이는 것은 우리 자신이다.
5,4/S4034.DAT,0x4865C,19,14,사람 말을 들어야지.
5,4/S4022.DAT,0x479CE,17,12,병사2: 사형이다.
5,4/S4021.DAT,0x47A72,15,10,병사1: 모르지.
5,4/S4011.DAT,0x48F24,18,13,너희와는 관계없어.
5,32/S3063.DAT,0x47DE4,38,33,"은혜의 정령: 잊혀도, 붙잡혀 있어도..."
5,32/S3061.DAT,0x47916,18,13,마치 다른 숲 같아.
5,31/S3024.DAT,0x476B8,19,14,병사|들어가십시오.
5,31/S3024.DAT,0x47064,32,27,남자|이젠 괴물 소굴이 됐습니다.
5,31/S3024.DAT,0x45CC8,26,21,병사|이젠 들어갈 일 없소.
5,31/S3023.DAT,0x482E6,16,11,돌을 받았습니다.
5,31/S3022.DAT,0x488E4,21,16,병사: 그러면 갑시다.
5,31/S3022.DAT,0x485D6,15,10,화가 나 버렸어.
5,31/S3014.DAT,0x47BE4,17,12,맡길 리가 없잖아!
5,23/S2082.DAT,0x47A16,18,13,대신: 알겠습니다.
5,23/S2081.DAT,0x478F0,47,42,거울: 네 잔꾀가 용사를 깨워 버린 것은 아니냐?
5,22/S205B.DAT,0x47994,20,15,아리바샤에 있다고...
5,22/S2046.DAT,0x48DC0,13,8,무덤이라고!?
5,22/S2046.DAT,0x48646,13,8,병사: ???
5,21/S2045.DAT,0x48BC0,17,12,맡길 리가 없잖아!
5,21/S2044.DAT,0x4847E,12,7,정해졌다고?
5,1/S1061.DAT,0x47CC0,20,15,"쿠쿠루: 아크, 나..."
5,1/S1041.DAT,0x47EA4,8,3,누구지?
5,1/S1041.DAT,0x47E22,16,11,힘이 솟아오른다!
5,1/S1022.DAT,0x47B24,27,22,질풍의 반다나를 받았습니다.
5,1/S1022.DAT,0x4789A,20,15,"그럼 엄마, 다녀올게."
5,1/S1021.DAT,0x483C6,37,32,엄마... 내 눈으로 직접 확인하고 싶어.
5,1/S1021.DAT,0x480D6,23,18,자물쇠가 잠겨 있다니...
5,1/S1021.DAT,0x47B7E,43,38,어머니: 모처럼 준 거니까 꼭 장비해서 쓰렴.
5,1/S1013.DAT,0x47C4C,33,28,아크 데몬: 그곳에서 결판을 내자.
5,1/S1011.DAT,0x47A54,17,12,그런 건 사양이야.
4,F/SF091.DAT,0x47BB0,48,44,"형님은 이십 년 전 전쟁을 막으려 밀마나로 떠났고,"
4,F/SF051.DAT,0x478D8,46,42,토벌병: 아무래도 지형이 크게 바뀌어 버려서...
4,F/SF041.DAT,0x48708,86,82,소장: 이 대 로 끝 날 거 라 생 각 하 지 마 라. 너 희 들 과 함 께 이 곳 을 날 려 주 마.
4,F/SF041.DAT,0x4799C,12,8,이게 대체!?
4,F/SF021.DAT,0x47F86,10,6,큰일 났다!
4,E5/SE05A.DAT,0x48894,32,28,제법인걸. 이제 용서 안 해! 에잇!
4,D/SD031.DAT,0x45AFE,16,12,그럼 당신이...?
4,D/SD031.DAT,0x45AAA,35,31,"너희들, 옛 전기를 읽고 온 것이겠지."
4,D/SD021.DAT,0x479AC,17,13,봉인을 풀러 가자!
4,D/SD015.DAT,0x47B44,17,13,"자, 나도 가 볼까."
4,D/SD015.DAT,0x47A5E,14,10,우리도 가겠네.
4,D/SD014.DAT,0x47A8E,11,7,틀림없구먼.
4,D/SD013.DAT,0x47976,31,27,아크 데몬: 누가 다시 불꽃을...
4,C2/SC0B6.DAT,0x47838,15,11,|환상의 건틀릿
4,9/S9051.DAT,0x47C9C,18,14,"아나운서: 그러면,"
4,9/S9051.DAT,0x47A1C,20,16,아나운서: 오늘 새벽
4,9/S9013.DAT,0x479A2,14,10,잘난 체하기는.
4,9/S9012.DAT,0x4799E,15,11,"좋아, 철수하자!"
4,8/S8062.DAT,0x47BB6,21,17,큰 폭탄을 받았습니다.
4,8/S8062.DAT,0x47B70,18,14,약초를 받았습니다.
4,8/S8031.DAT,0x487D2,7,3,기다려!
4,8/S8031.DAT,0x48588,23,19,사류족 남자: 장로님...
4,7/S7032.DAT,0x4786E,23,19,로크톨: 모이신 여러분.
4,7/S7027.DAT,0x48E16,12,8,역시 아크네.
4,7/S7026.DAT,0x489EA,18,14,"자자자, 진정 진정."
4,7/S7012.DAT,0x48054,12,8,말해 주는군.
4,6/S6053.DAT,0x47B62,12,8,잘 부탁하네.
4,6/S6051.DAT,0x47F14,32,28,좋다. 잔꾀를 부릴 생각은 말거라.
4,6/S6014.DAT,0x4855C,12,8,말해 주는군.
4,5/S5031.DAT,0x495A8,20,16,여기가 출구군. 가자!
4,5/S5025.DAT,0x47CE0,16,12,"너, 아버지잖아!!"
4,5/S5025.DAT,0x47C2A,27,23,"어머, 어머, 정말 귀엽구나!!"
4,5/S5023.DAT,0x47B2A,21,17,"응, 나도 잘 모르겠어."
4,5/S5013.DAT,0x485B0,12,8,말해 주는군.
4,5/S5012.DAT,0x48158,17,13,나도 데려가 주게!
4,4/S4036.DAT,0x483DA,17,13,(너무 떠들지 마.)
4,4/S4035.DAT,0x482F0,20,16,그런 걸 누가 믿겠어.
4,4/S4012.DAT,0x47A9A,11,7,"좋아, 가자!"
4,4/S4011.DAT,0x48A24,9,5,우게에아.
4,31/S3032.DAT,0x47D2E,20,16,몬스터: 알겠습니다.
4,31/S3024.DAT,0x470B8,37,33,남자|이제 제멋대로입니다.|히히히히!
4,31/S3024.DAT,0x46590,34,30,아이|앗! 돌 마스터 버스터 형이다.
4,31/S3024.DAT,0x46038,42,38,병사|로마리아 몰라?|서쪽 최대 강국이야.
4,31/S3023.DAT,0x48362,31,27,아이|돌은 다 줬어.|다음에 봐.
4,31/S3014.DAT,0x475E8,12,8,말해 주는군.
4,23/S2061.DAT,0x487F8,16,12,한심한 병사로군.
4,23/S2061.DAT,0x48666,44,40,"살려 줘, 살려 줘, 살려 줘... 죽고 싶지 않아."
4,22/S2052.DAT,0x47ADE,47,43,포코: 예... 저를 제외한 토벌대는 전멸했습니다.
4,22/S2052.DAT,0x47AA0,13,9,대신: 네가?
4,22/S2047.DAT,0x48232,8,4,잘 있어.
4,22/S2046.DAT,0x49150,20,16,바치: 다녀오십시오.
4,22/S2046.DAT,0x484EA,43,39,어라? 신분증명서라고? 그게 무엇입니까요?
4,22/S2046.DAT,0x483DC,57,53,"연락을 넣으려 했다만, 비행선 통신기 상태가 나빠서 말이야."
4,21/S2045.DAT,0x485C4,12,8,말해 주는군.
4,21/S2044.DAT,0x485D0,16,12,그렇게 말해도...
4,21/S2014.DAT,0x47AFE,32,28,분명 죄인일 거라고 생각하는데...
4,21/S2013.DAT,0x47D5E,18,14,"리에 양, 귀엽구먼."
4,1/S1071.DAT,0x479FA,10,6,알고 있어.
4,1/S1041.DAT,0x47E68,11,7,일어나세요.
4,1/S1041.DAT,0x47DD2,10,6,"뭐, 뭐지?"
4,1/S1023.DAT,0x48142,17,13,"엄마, 약초 좀 줘."
4,1/S1023.DAT,0x4809C,20,16,이 점을 잘 이용해라.
4,1/S1023.DAT,0x4790C,18,14,약초를 받았습니다.
4,1/S1021.DAT,0x486F8,40,36,아버지: 미안하오. 하지만 내가 아니면...
4,1/S1021.DAT,0x48196,42,38,"엄마, 그날 밤도 오늘처럼 눈보라가 심했지?"
4,1/S1021.DAT,0x47EC8,18,14,성수를 받았습니다.
4,1/S1021.DAT,0x47E7A,23,19,회복 과일을 받았습니다.
4,1/S1021.DAT,0x47E30,23,19,부활의 약을 받았습니다.
3,F/SF0B1.DAT,0x47E3C,12,9,맡겨 주세요.
3,F/SF0B1.DAT,0x47B5A,13,10,국왕: 너는?
3,F/SF0A1.DAT,0x478B8,14,11,용서 못 해...!
3,F/SF041.DAT,0x487DA,21,18,즉시 대피해 주십시오.
3,F/SF041.DAT,0x4839E,38,35,불의 정령: 이 나에게 설교를 하다니...
3,F/SF041.DAT,0x48344,29,26,나는 그대에게 져 보고 싶구먼.
3,F/SF021.DAT,0x47DA2,16,13,엄청난 대회였네.
3,E5/SE05A.DAT,0x488EE,16,13,"나와라, 몬스터!!"
3,E5/SE05A.DAT,0x487B6,21,18,"이쪽 이쪽, 뒤에 있어!"
3,D/SD071.DAT,0x487CA,14,11,둘 다 괜찮아?
3,D/SD031.DAT,0x45B96,27,24,후후후후후후후후후후후후후.
3,D/SD031.DAT,0x45A66,18,15,다시 나타났다고...
3,D/SD014.DAT,0x47AD2,9,6,다녀올게.
3,C2/SC0B6.DAT,0x46C0A,54,51,|얼음의 수호|불꽃의 수호|마법의 카트|질풍의 반다나
3,C1/SC011.DAT,0x47034,27,24,어떻게 할까|한다|그만둔다
3,B/SB072.DAT,0x481FE,12,9,다들 그만두!
3,9/S9021.DAT,0x48536,7,4,뭐야?!
3,8/S8021.DAT,0x48096,10,7,이런 일이.
3,8/S8013.DAT,0x47AFC,44,41,|포코의 악기|투기장|키토우올|다음 페이지
3,7/S7028.DAT,0x478D6,11,8,모르겠는데.
3,7/S7028.DAT,0x47584,11,8,"하자, 하자."
3,7/S7027.DAT,0x490B4,10,7,다시 봤다.
3,7/S7027.DAT,0x485DC,25,22,록토르: 정말 강하셨군요.
3,7/S7026.DAT,0x487F6,8,5,일단은?
3,7/S7012.DAT,0x48B0E,44,41,|포코의 악기|투기장|키토우올|다음 페이지
3,6/S6032.DAT,0x47C38,16,13,대승정: 베에엑!
3,6/S6014.DAT,0x49016,44,41,|포코의 악기|투기장|키토우올|다음 페이지
3,6/S6012.DAT,0x47FA0,16,13,어딘가 불안한데.
3,5/S5021.DAT,0x48110,11,8,아버지...?
3,5/S5013.DAT,0x4906A,44,41,|포코의 악기|투기장|키토우올|다음 페이지
3,4/S4035.DAT,0x483D8,30,27,(있어도 만나고 싶지는 않은...)
3,4/S4032.DAT,0x484CE,9,6,그렇다네.
3,4/S4032.DAT,0x4840E,9,6,그러려나.
3,4/S4022.DAT,0x47A68,28,25,"너희, 약속만은 지켜 줄 거지!"
3,4/S4021.DAT,0x47B4C,17,14,병사2: 하하하하.
3,4/S4011.DAT,0x48B60,6,3,거울?
3,31/S3031.DAT,0x4841E,16,13,야군: 데려가라.
3,31/S3031.DAT,0x47F8C,18,15,야군: 하하하하하.
3,31/S3024.DAT,0x4649C,33,30,아이|앗! 엘리멘털 버스터 형이다.
3,31/S3024.DAT,0x45FD2,55,52,병사|저건 로마리아 중고래.|거긴 더 좋은 열차가 있나?
3,31/S3023.DAT,0x482A8,15,12,아이|이거 줄게
3,31/S3014.DAT,0x480A2,44,41,|포코의 악기|투기장|키토우올|다음 페이지
3,23/S2061.DAT,0x4853A,47,44,이상하네... 마물 토벌대는 대체 어디로 간 거지?
3,22/S2052.DAT,0x47A16,13,10,대신: 너는?
3,22/S2051.DAT,0x47EA2,36,33,대신: 이미 토벌 부대가 출발해 있다.
3,22/S2046.DAT,0x48C8C,26,23,으아앗! 이게 무슨 일이야!!
3,22/S2046.DAT,0x4829E,47,44,"콜록, 콜록, 콜록, 콜록. 공기가 더러운 나라로군."
3,21/S2045.DAT,0x4907E,44,41,|포코의 악기|투기장|키토우올|다음 페이지
3,21/S2044.DAT,0x483D4,34,31,흥! 아직 마음의 단련이 부족하구나.
3,21/S2044.DAT,0x4821E,16,13,"당신, 이 배의..."
3,21/S2014.DAT,0x478F8,11,8,돌아왔구나.
3,1/S1041.DAT,0x480C0,6,3,왜지?
3,1/S1023.DAT,0x479C0,25,22,어머니: 무리하지 말거라.
3,1/S1022.DAT,0x47C0E,23,20,응. 그렇게 걱정하지 마.
3,1/S1022.DAT,0x47940,27,24,어머니: 너도 떠나는 거니?
2,F/SF0D1.DAT,0x4788C,14,12,하면 잘하잖아.
2,F/SF0B1.DAT,0x47DE2,16,14,국왕: 기대하마.
2,F/SF0A1.DAT,0x47948,14,12,우호오오오오!!
2,F/SF041.DAT,0x48862,9,7,탈출하자.
2,E5/SE05A.DAT,0x49036,15,13,"와아, 재미있다!"
2,E5/SE05A.DAT,0x49012,19,17,"자, 다 같이 놀아요!"
2,E5/SE05A.DAT,0x48D7A,14,12,그럼 또 보자!!
2,E5/SE05A.DAT,0x48BF8,13,11,아 재미있었다
2,D/SD013.DAT,0x4793A,19,17,아크 데몬: 뭐지!?
2,C2/SC0B6.DAT,0x479C6,22,20,|투기장 창고의 내용물
2,B/SB072.DAT,0x48320,18,16,대신: 하하하하하.
2,B/SB072.DAT,0x4803C,10,8,병사: 옛!
2,B/SB041.DAT,0x479DC,9,7,시작됐군.
2,B/SB041.DAT,0x479C8,7,5,히이이!
2,9/S9051.DAT,0x47BEE,16,14,"아나운서: 지금,"
2,8/S8031.DAT,0x488F4,15,13,용서할 수 없어!
2,8/S8013.DAT,0x47996,53,51,|스톤 서클|링 위치 설정|소환수에 대해|다음 페이지
2,7/S7028.DAT,0x4798A,11,9,모르겠어어!
2,7/S7028.DAT,0x4794E,9,7,모르겠소.
2,7/S7027.DAT,0x4912E,7,5,역시네.
2,7/S7027.DAT,0x4907A,7,5,역시네.
2,7/S7012.DAT,0x489A8,53,51,|스톤 서클|링 위치 설정|소환수에 대해|다음 페이지
2,7/S7012.DAT,0x48908,12,10,제자들아....
2,7/S7011.DAT,0x4808C,20,18,"초핀: 자, 타십시오."
2,6/S6014.DAT,0x48EB0,53,51,|스톤 서클|링 위치 설정|소환수에 대해|다음 페이지
2,6/S6014.DAT,0x48E10,12,10,제자들아....
2,6/S6013.DAT,0x4813E,6,4,뭐냐?
2,6/S6013.DAT,0x4807E,20,18,"초핀: 자, 타십시오."
2,5/S5025.DAT,0x47A9C,5,3,응!?
2,5/S5021.DAT,0x47BBC,15,13,"알겠어, 알겠어."
2,5/S5021.DAT,0x47AC8,19,17,그래서 유적도 많지.
2,5/S5013.DAT,0x48F04,53,51,|스톤 서클|링 위치 설정|소환수에 대해|다음 페이지
2,5/S5013.DAT,0x48E64,12,10,제자들아....
2,5/S5012.DAT,0x4805A,20,18,"초핀: 자, 타십시오."
2,5/S5011.DAT,0x48084,20,18,정령을 만나러 왔지?
2,4/S4034.DAT,0x48728,8,6,그런가?
2,4/S4031.DAT,0x4839C,9,7,따라갈게.
2,4/S4031.DAT,0x47A76,23,21,아무도 없어. 텅 비었어.
2,4/S4022.DAT,0x47C4A,11,9,병사1: 앗.
2,31/S3031.DAT,0x4845E,10,8,병사: 옛!
2,31/S3024.DAT,0x48280,9,7,의 대미지
2,31/S3024.DAT,0x46E30,42,40,아이|상대가 사라졌네.|대단해. 이거 줄게.
2,31/S3024.DAT,0x4677C,31,29,아이|앗! 프리지 버스터 형이다.
2,31/S3024.DAT,0x46096,30,28,병사|20년 전|스메리아와 전쟁
2,31/S3022.DAT,0x48A12,11,9,"자, 갑시다."
2,31/S3014.DAT,0x47F3C,53,51,|스톤 서클|링 위치 설정|소환수에 대해|다음 페이지
2,31/S3014.DAT,0x47E9C,12,10,제자들아....
2,23/S2082.DAT,0x47B00,10,8,대신: 예!
2,23/S2071.DAT,0x47D76,11,9,운명이라...
2,22/S2055.DAT,0x481EC,10,8,병사: 앗!
2,22/S2051.DAT,0x47F86,16,14,국왕: 기대하마.
2,22/S2046.DAT,0x48C4C,10,8,병사: 예.
2,22/S2046.DAT,0x48C0C,16,14,끝나 버렸다고!?
2,22/S2046.DAT,0x48A80,27,25,"뭐, 뭐라고 하는 겐가 자네?"
2,22/S2046.DAT,0x4819A,11,9,괜찮으려나.
2,21/S2045.DAT,0x48F18,53,51,|스톤 서클|링 위치 설정|소환수에 대해|다음 페이지
2,21/S2045.DAT,0x48E78,12,10,제자들아....
2,21/S2044.DAT,0x481D8,12,10,잠깐 기다려!
2,21/S2044.DAT,0x4810A,20,18,"초핀: 자, 타십시오."
2,21/S2014.DAT,0x47BF4,5,3,그래.
2,21/S2013.DAT,0x47F48,13,11,괜찮으려나...
2,21/S2013.DAT,0x47D20,8,6,괜찮아?
2,1/S1041.DAT,0x48142,6,4,운명?
2,1/S1041.DAT,0x47B12,21,19,아크 데몬: 각오해라!
2,1/S1021.DAT,0x485E8,35,33,어머니: 여보... 정말 가야만 해요?
2,1/S1021.DAT,0x47D46,20,18,"엄마, 걱정하지 마..."
1,F/SF041.DAT,0x487BC,26,25,이 연구소는 곧 폭발합니다.
1,F/SF041.DAT,0x48798,32,31,경고: 폭파 장치가 작동했습니다.
1,F/SF021.DAT,0x47F50,18,17,어이쿠 쿠 쿠 쿠 쿠
1,C2/SC0B6.DAT,0x474B2,51,50,|파워 리스트|하이퍼 부츠|치유의 부적|조개껍데기
1,C2/SC0B6.DAT,0x4731A,15,14,|디르의 어금니
1,C1/SC011.DAT,0x46FD8,22,21,괜찮나?|예|그만둔다
1,B/SB041.DAT,0x47A84,5,4,아크!
1,B/SB041.DAT,0x479F8,4,3,에?
1,9/S9051.DAT,0x47F86,20,19,아나운서: 이어서...
1,9/S9051.DAT,0x4795A,9,8,특별 방송
1,9/S9013.DAT,0x479E0,9,8,걱정했다.
1,7/S7031.DAT,0x47A3C,32,31,로크톨: 챔피언에게 큰 박수를...
1,7/S7028.DAT,0x47912,9,8,모르겠어.
1,7/S7025.DAT,0x488CC,7,6,그런가.
1,6/S6053.DAT,0x47B12,29,28,이쪽으로서도 든든하긴 한데...
1,5/S5022.DAT,0x478C0,8,7,잊었나?
1,5/S5021.DAT,0x4814C,4,3,왜?
1,5/S5011.DAT,0x482DC,34,33,이끌리는 대로... 갈 수밖에 없겠군.
1,4/S4036.DAT,0x480AA,6,5,뭘까?
1,4/S4036.DAT,0x47EA6,22,21,아크에게. 아버지로부터
1,4/S4035.DAT,0x47F98,22,21,아크에게. 아버지로부터
1,4/S4034.DAT,0x48026,22,21,아크에게. 아버지로부터
1,4/S4033.DAT,0x4848C,9,8,아니잖아.
1,4/S4033.DAT,0x47F4A,22,21,아크에게. 아버지로부터
1,4/S4032.DAT,0x4844E,9,8,아니잖아.
1,4/S4031.DAT,0x47C50,4,3,아크
1,31/S3032.DAT,0x47AF8,5,4,그럼.
1,31/S3024.DAT,0x46D38,35,34,아이|앗! 엘리멘털 마스터 버스터다.
1,31/S3024.DAT,0x46C42,33,32,아이|앗! 애시드 슬라임 버스터다.
1,31/S3024.DAT,0x46B50,29,28,아이|앗! 광대 버스터 형이다.
1,31/S3024.DAT,0x46A5C,31,30,아이|앗! 데스 플레임 버스터다.
1,31/S3024.DAT,0x46966,33,32,아이|앗! 뱀파이어 배트 버스터다.
1,31/S3023.DAT,0x4847C,29,28,남자|제법 잘 섞여든 것 같군.
1,31/S3023.DAT,0x48114,29,28,병사|장군과의 약속을 지켜라.
1,31/S3023.DAT,0x48072,19,18,병사|힘껏 해 봐라.
1,31/S3023.DAT,0x48026,26,25,병사|여기 괴물은 강하지?
1,31/S3023.DAT,0x47E04,23,22,병사|괴물이 강하다고?
1,31/S3022.DAT,0x487AE,5,4,그래.
1,22/S2053.DAT,0x47B0E,58,57,"국왕: 그럼, 방금 말한 성궤를 네가 찾아 주었으면 하는데..."
1,22/S2046.DAT,0x48F86,9,8,병사: ?
1,22/S2046.DAT,0x48B32,20,19,"아 피곤해라, 으으으."
1,22/S2046.DAT,0x48302,9,8,정말이지.
1,1/S1041.DAT,0x47C86,24,23,이런 곳에서 죽는 건가...
1,1/S1021.DAT,0x4885A,37,36,아버지: 봉인됐던 괴물이 나타날 거다.
1,1/S1021.DAT,0x47BD8,7,6,알았어.
1,1/S1021.DAT,0x47A26,12,11,어머니: 아!
