char,unicode,cho,jung,jong,v240_cho_piece,v240_jung_piece,v240_jong_piece,official_cho_piece,official_jung_piece,official_jong_piece,pixel_hamming,changed
가,U+AC00,0,0,0,1,183,-1,1,161,-1,0,0
각,U+AC01,0,0,1,81,227,249,101,205,249,18,1
갂,U+AC02,0,0,2,81,227,250,101,205,250,18,1
갃,U+AC03,0,0,3,81,227,251,101,205,251,18,1
간,U+AC04,0,0,4,81,227,252,101,205,252,18,1
갅,U+AC05,0,0,5,81,227,253,101,205,253,18,1
갆,U+AC06,0,0,6,81,227,254,101,205,254,18,1
갇,U+AC07,0,0,7,81,227,255,101,205,255,18,1
갈,U+AC08,0,0,8,81,227,256,101,205,256,18,1
갉,U+AC09,0,0,9,81,227,257,101,205,257,18,1
갊,U+AC0A,0,0,10,81,227,258,101,205,258,18,1
갋,U+AC0B,0,0,11,81,227,259,101,205,259,18,1
갌,U+AC0C,0,0,12,81,227,260,101,205,260,18,1
갍,U+AC0D,0,0,13,81,227,261,101,205,261,18,1
갎,U+AC0E,0,0,14,81,227,262,101,205,262,18,1
갏,U+AC0F,0,0,15,81,227,263,101,205,263,18,1
감,U+AC10,0,0,16,81,227,264,101,205,264,18,1
갑,U+AC11,0,0,17,81,227,265,101,205,265,18,1
값,U+AC12,0,0,18,81,227,266,101,205,266,18,1
갓,U+AC13,0,0,19,81,227,267,101,205,267,18,1
갔,U+AC14,0,0,20,81,227,268,101,205,268,18,1
강,U+AC15,0,0,21,81,227,269,101,205,269,18,1
갖,U+AC16,0,0,22,81,227,270,101,205,270,18,1
갗,U+AC17,0,0,23,81,227,271,101,205,271,18,1
갘,U+AC18,0,0,24,81,227,272,101,205,272,18,1
같,U+AC19,0,0,25,81,227,273,101,205,273,18,1
갚,U+AC1A,0,0,26,81,227,274,101,205,274,18,1
갛,U+AC1B,0,0,27,81,227,275,101,205,275,18,1
개,U+AC1C,0,1,0,1,184,-1,1,162,-1,0,0
객,U+AC1D,0,1,1,81,228,249,101,206,305,27,1
갞,U+AC1E,0,1,2,81,228,250,101,206,306,35,1
갟,U+AC1F,0,1,3,81,228,251,101,206,307,19,1
갠,U+AC20,0,1,4,81,228,252,101,206,308,29,1
갡,U+AC21,0,1,5,81,228,253,101,206,309,38,1
갢,U+AC22,0,1,6,81,228,254,101,206,310,31,1
갣,U+AC23,0,1,7,81,228,255,101,206,311,28,1
갤,U+AC24,0,1,8,81,228,256,101,206,312,23,1
갥,U+AC25,0,1,9,81,228,257,101,206,313,27,1
갦,U+AC26,0,1,10,81,228,258,101,206,314,18,1
갧,U+AC27,0,1,11,81,228,259,101,206,315,18,1
갨,U+AC28,0,1,12,81,228,260,101,206,316,18,1
갩,U+AC29,0,1,13,81,228,261,101,206,317,18,1
갪,U+AC2A,0,1,14,81,228,262,101,206,318,18,1
갫,U+AC2B,0,1,15,81,228,263,101,206,319,18,1
갬,U+AC2C,0,1,16,81,228,264,101,206,320,34,1
갭,U+AC2D,0,1,17,81,228,265,101,206,321,34,1
갮,U+AC2E,0,1,18,81,228,266,101,206,322,18,1
갯,U+AC2F,0,1,19,81,228,267,101,206,323,18,1
갰,U+AC30,0,1,20,81,228,268,101,206,324,18,1
갱,U+AC31,0,1,21,81,228,269,101,206,325,34,1
갲,U+AC32,0,1,22,81,228,270,101,206,326,37,1
갳,U+AC33,0,1,23,81,228,271,101,206,327,24,1
갴,U+AC34,0,1,24,81,228,272,101,206,328,26,1
갵,U+AC35,0,1,25,81,228,273,101,206,329,21,1
갶,U+AC36,0,1,26,81,228,274,101,206,330,22,1
갷,U+AC37,0,1,27,81,228,275,101,206,331,24,1
갸,U+AC38,0,2,0,1,185,-1,1,163,-1,0,0
갹,U+AC39,0,2,1,81,229,249,101,207,249,18,1
갺,U+AC3A,0,2,2,81,229,250,101,207,250,18,1
갻,U+AC3B,0,2,3,81,229,251,101,207,251,18,1
갼,U+AC3C,0,2,4,81,229,252,101,207,252,18,1
갽,U+AC3D,0,2,5,81,229,253,101,207,253,18,1
갾,U+AC3E,0,2,6,81,229,254,101,207,254,18,1
갿,U+AC3F,0,2,7,81,229,255,101,207,255,18,1
걀,U+AC40,0,2,8,81,229,256,101,207,256,18,1
걁,U+AC41,0,2,9,81,229,257,101,207,257,18,1
걂,U+AC42,0,2,10,81,229,258,101,207,258,18,1
걃,U+AC43,0,2,11,81,229,259,101,207,259,18,1
걄,U+AC44,0,2,12,81,229,260,101,207,260,18,1
걅,U+AC45,0,2,13,81,229,261,101,207,261,18,1
걆,U+AC46,0,2,14,81,229,262,101,207,262,18,1
걇,U+AC47,0,2,15,81,229,263,101,207,263,18,1
걈,U+AC48,0,2,16,81,229,264,101,207,264,18,1
걉,U+AC49,0,2,17,81,229,265,101,207,265,18,1
걊,U+AC4A,0,2,18,81,229,266,101,207,266,18,1
걋,U+AC4B,0,2,19,81,229,267,101,207,267,18,1
걌,U+AC4C,0,2,20,81,229,268,101,207,268,18,1
걍,U+AC4D,0,2,21,81,229,269,101,207,269,18,1
걎,U+AC4E,0,2,22,81,229,270,101,207,270,18,1
걏,U+AC4F,0,2,23,81,229,271,101,207,271,18,1
걐,U+AC50,0,2,24,81,229,272,101,207,272,18,1
걑,U+AC51,0,2,25,81,229,273,101,207,273,18,1
걒,U+AC52,0,2,26,81,229,274,101,207,274,18,1
걓,U+AC53,0,2,27,81,229,275,101,207,275,18,1
걔,U+AC54,0,3,0,1,186,-1,1,164,-1,0,0
걕,U+AC55,0,3,1,81,230,249,101,208,305,27,1
걖,U+AC56,0,3,2,81,230,250,101,208,306,35,1
걗,U+AC57,0,3,3,81,230,251,101,208,307,19,1
걘,U+AC58,0,3,4,81,230,252,101,208,308,29,1
걙,U+AC59,0,3,5,81,230,253,101,208,309,38,1
걚,U+AC5A,0,3,6,81,230,254,101,208,310,31,1
걛,U+AC5B,0,3,7,81,230,255,101,208,311,28,1
걜,U+AC5C,0,3,8,81,230,256,101,208,312,23,1
걝,U+AC5D,0,3,9,81,230,257,101,208,313,27,1
걞,U+AC5E,0,3,10,81,230,258,101,208,314,18,1
걟,U+AC5F,0,3,11,81,230,259,101,208,315,18,1
걠,U+AC60,0,3,12,81,230,260,101,208,316,18,1
걡,U+AC61,0,3,13,81,230,261,101,208,317,18,1
걢,U+AC62,0,3,14,81,230,262,101,208,318,18,1
걣,U+AC63,0,3,15,81,230,263,101,208,319,18,1
걤,U+AC64,0,3,16,81,230,264,101,208,320,34,1
걥,U+AC65,0,3,17,81,230,265,101,208,321,34,1
걦,U+AC66,0,3,18,81,230,266,101,208,322,18,1
걧,U+AC67,0,3,19,81,230,267,101,208,323,18,1
걨,U+AC68,0,3,20,81,230,268,101,208,324,18,1
걩,U+AC69,0,3,21,81,230,269,101,208,325,34,1
걪,U+AC6A,0,3,22,81,230,270,101,208,326,37,1
걫,U+AC6B,0,3,23,81,230,271,101,208,327,24,1
걬,U+AC6C,0,3,24,81,230,272,101,208,328,26,1
걭,U+AC6D,0,3,25,81,230,273,101,208,329,21,1
걮,U+AC6E,0,3,26,81,230,274,101,208,330,22,1
걯,U+AC6F,0,3,27,81,230,275,101,208,331,24,1
거,U+AC70,0,4,0,1,187,-1,1,165,-1,0,0
걱,U+AC71,0,4,1,81,231,249,101,209,277,18,1
걲,U+AC72,0,4,2,81,231,250,101,209,278,18,1
걳,U+AC73,0,4,3,81,231,251,101,209,279,18,1
건,U+AC74,0,4,4,81,231,252,101,209,280,18,1
걵,U+AC75,0,4,5,81,231,253,101,209,281,18,1
걶,U+AC76,0,4,6,81,231,254,101,209,282,18,1
걷,U+AC77,0,4,7,81,231,255,101,209,283,18,1
걸,U+AC78,0,4,8,81,231,256,101,209,284,18,1
걹,U+AC79,0,4,9,81,231,257,101,209,285,18,1
걺,U+AC7A,0,4,10,81,231,258,101,209,286,18,1
걻,U+AC7B,0,4,11,81,231,259,101,209,287,18,1
걼,U+AC7C,0,4,12,81,231,260,101,209,288,18,1
걽,U+AC7D,0,4,13,81,231,261,101,209,289,18,1
걾,U+AC7E,0,4,14,81,231,262,101,209,290,18,1
걿,U+AC7F,0,4,15,81,231,263,101,209,291,18,1
검,U+AC80,0,4,16,81,231,264,101,209,292,18,1
겁,U+AC81,0,4,17,81,231,265,101,209,293,18,1
겂,U+AC82,0,4,18,81,231,266,101,209,294,18,1
것,U+AC83,0,4,19,81,231,267,101,209,295,18,1
겄,U+AC84,0,4,20,81,231,268,101,209,296,18,1
겅,U+AC85,0,4,21,81,231,269,101,209,297,18,1
겆,U+AC86,0,4,22,81,231,270,101,209,298,18,1
겇,U+AC87,0,4,23,81,231,271,101,209,299,18,1
겈,U+AC88,0,4,24,81,231,272,101,209,300,18,1
겉,U+AC89,0,4,25,81,231,273,101,209,301,18,1
겊,U+AC8A,0,4,26,81,231,274,101,209,302,18,1
겋,U+AC8B,0,4,27,81,231,275,101,209,303,18,1
게,U+AC8C,0,5,0,1,188,-1,1,166,-1,0,0
겍,U+AC8D,0,5,1,81,232,249,101,210,305,25,1
겎,U+AC8E,0,5,2,81,232,250,101,210,306,33,1
겏,U+AC8F,0,5,3,81,232,251,101,210,307,17,1
겐,U+AC90,0,5,4,81,232,252,101,210,308,27,1
겑,U+AC91,0,5,5,81,232,253,101,210,309,36,1
겒,U+AC92,0,5,6,81,232,254,101,210,310,29,1
겓,U+AC93,0,5,7,81,232,255,101,210,311,26,1
겔,U+AC94,0,5,8,81,232,256,101,210,312,21,1
겕,U+AC95,0,5,9,81,232,257,101,210,313,25,1
겖,U+AC96,0,5,10,81,232,258,101,210,314,16,1
겗,U+AC97,0,5,11,81,232,259,101,210,315,16,1
겘,U+AC98,0,5,12,81,232,260,101,210,316,16,1
겙,U+AC99,0,5,13,81,232,261,101,210,317,16,1
겚,U+AC9A,0,5,14,81,232,262,101,210,318,16,1
겛,U+AC9B,0,5,15,81,232,263,101,210,319,16,1
겜,U+AC9C,0,5,16,81,232,264,101,210,320,32,1
겝,U+AC9D,0,5,17,81,232,265,101,210,321,32,1
겞,U+AC9E,0,5,18,81,232,266,101,210,322,16,1
겟,U+AC9F,0,5,19,81,232,267,101,210,323,16,1
겠,U+ACA0,0,5,20,81,232,268,101,210,324,16,1
겡,U+ACA1,0,5,21,81,232,269,101,210,325,32,1
겢,U+ACA2,0,5,22,81,232,270,101,210,326,35,1
겣,U+ACA3,0,5,23,81,232,271,101,210,327,22,1
겤,U+ACA4,0,5,24,81,232,272,101,210,328,24,1
겥,U+ACA5,0,5,25,81,232,273,101,210,329,19,1
겦,U+ACA6,0,5,26,81,232,274,101,210,330,20,1
겧,U+ACA7,0,5,27,81,232,275,101,210,331,22,1
겨,U+ACA8,0,6,0,1,189,-1,1,167,-1,0,0
격,U+ACA9,0,6,1,81,233,249,101,211,277,18,1
겪,U+ACAA,0,6,2,81,233,250,101,211,278,18,1
겫,U+ACAB,0,6,3,81,233,251,101,211,279,18,1
견,U+ACAC,0,6,4,81,233,252,101,211,280,18,1
겭,U+ACAD,0,6,5,81,233,253,101,211,281,18,1
겮,U+ACAE,0,6,6,81,233,254,101,211,282,18,1
겯,U+ACAF,0,6,7,81,233,255,101,211,283,18,1
결,U+ACB0,0,6,8,81,233,256,101,211,284,18,1
겱,U+ACB1,0,6,9,81,233,257,101,211,285,18,1
겲,U+ACB2,0,6,10,81,233,258,101,211,286,18,1
겳,U+ACB3,0,6,11,81,233,259,101,211,287,18,1
겴,U+ACB4,0,6,12,81,233,260,101,211,288,18,1
겵,U+ACB5,0,6,13,81,233,261,101,211,289,18,1
겶,U+ACB6,0,6,14,81,233,262,101,211,290,18,1
겷,U+ACB7,0,6,15,81,233,263,101,211,291,18,1
겸,U+ACB8,0,6,16,81,233,264,101,211,292,18,1
겹,U+ACB9,0,6,17,81,233,265,101,211,293,18,1
겺,U+ACBA,0,6,18,81,233,266,101,211,294,18,1
겻,U+ACBB,0,6,19,81,233,267,101,211,295,18,1
겼,U+ACBC,0,6,20,81,233,268,101,211,296,18,1
경,U+ACBD,0,6,21,81,233,269,101,211,297,18,1
겾,U+ACBE,0,6,22,81,233,270,101,211,298,18,1
겿,U+ACBF,0,6,23,81,233,271,101,211,299,18,1
곀,U+ACC0,0,6,24,81,233,272,101,211,300,18,1
곁,U+ACC1,0,6,25,81,233,273,101,211,301,18,1
곂,U+ACC2,0,6,26,81,233,274,101,211,302,18,1
곃,U+ACC3,0,6,27,81,233,275,101,211,303,18,1
계,U+ACC4,0,7,0,1,190,-1,1,168,-1,0,0
곅,U+ACC5,0,7,1,81,234,249,101,212,305,25,1
곆,U+ACC6,0,7,2,81,234,250,101,212,306,33,1
곇,U+ACC7,0,7,3,81,234,251,101,212,307,17,1
곈,U+ACC8,0,7,4,81,234,252,101,212,308,27,1
곉,U+ACC9,0,7,5,81,234,253,101,212,309,36,1
곊,U+ACCA,0,7,6,81,234,254,101,212,310,29,1
곋,U+ACCB,0,7,7,81,234,255,101,212,311,26,1
곌,U+ACCC,0,7,8,81,234,256,101,212,312,21,1
곍,U+ACCD,0,7,9,81,234,257,101,212,313,25,1
곎,U+ACCE,0,7,10,81,234,258,101,212,314,16,1
곏,U+ACCF,0,7,11,81,234,259,101,212,315,16,1
곐,U+ACD0,0,7,12,81,234,260,101,212,316,16,1
곑,U+ACD1,0,7,13,81,234,261,101,212,317,16,1
곒,U+ACD2,0,7,14,81,234,262,101,212,318,16,1
곓,U+ACD3,0,7,15,81,234,263,101,212,319,16,1
곔,U+ACD4,0,7,16,81,234,264,101,212,320,32,1
곕,U+ACD5,0,7,17,81,234,265,101,212,321,32,1
곖,U+ACD6,0,7,18,81,234,266,101,212,322,16,1
곗,U+ACD7,0,7,19,81,234,267,101,212,323,16,1
곘,U+ACD8,0,7,20,81,234,268,101,212,324,16,1
곙,U+ACD9,0,7,21,81,234,269,101,212,325,32,1
곚,U+ACDA,0,7,22,81,234,270,101,212,326,35,1
곛,U+ACDB,0,7,23,81,234,271,101,212,327,22,1
곜,U+ACDC,0,7,24,81,234,272,101,212,328,24,1
곝,U+ACDD,0,7,25,81,234,273,101,212,329,19,1
곞,U+ACDE,0,7,26,81,234,274,101,212,330,20,1
곟,U+ACDF,0,7,27,81,234,275,101,212,331,22,1
고,U+ACE0,0,8,0,21,191,-1,21,169,-1,0,0
곡,U+ACE1,0,8,1,101,235,277,121,213,333,37,1
곢,U+ACE2,0,8,2,101,235,278,121,213,334,43,1
곣,U+ACE3,0,8,3,101,235,279,121,213,335,63,1
곤,U+ACE4,0,8,4,101,235,280,121,213,336,44,1
곥,U+ACE5,0,8,5,101,235,281,121,213,337,45,1
곦,U+ACE6,0,8,6,101,235,282,121,213,338,47,1
곧,U+ACE7,0,8,7,101,235,283,121,213,339,43,1
골,U+ACE8,0,8,8,101,235,284,121,213,340,43,1
곩,U+ACE9,0,8,9,101,235,285,121,213,341,53,1
곪,U+ACEA,0,8,10,101,235,286,121,213,342,51,1
곫,U+ACEB,0,8,11,101,235,287,121,213,343,51,1
곬,U+ACEC,0,8,12,101,235,288,121,213,344,65,1
곭,U+ACED,0,8,13,101,235,289,121,213,345,45,1
곮,U+ACEE,0,8,14,101,235,290,121,213,346,51,1
곯,U+ACEF,0,8,15,101,235,291,121,213,347,61,1
곰,U+ACF0,0,8,16,101,235,292,121,213,348,50,1
곱,U+ACF1,0,8,17,101,235,293,121,213,349,50,1
곲,U+ACF2,0,8,18,101,235,294,121,213,350,69,1
곳,U+ACF3,0,8,19,101,235,295,121,213,351,55,1
곴,U+ACF4,0,8,20,101,235,296,121,213,352,61,1
공,U+ACF5,0,8,21,101,235,297,121,213,353,59,1
곶,U+ACF6,0,8,22,101,235,298,121,213,354,58,1
곷,U+ACF7,0,8,23,101,235,299,121,213,355,49,1
곸,U+ACF8,0,8,24,101,235,300,121,213,356,39,1
곹,U+ACF9,0,8,25,101,235,301,121,213,357,45,1
곺,U+ACFA,0,8,26,101,235,302,121,213,358,57,1
곻,U+ACFB,0,8,27,101,235,303,121,213,359,53,1
과,U+ACFC,0,9,0,61,192,-1,61,170,-1,0,0
곽,U+ACFD,0,9,1,141,236,333,141,214,249,12,1
곾,U+ACFE,0,9,2,141,236,334,141,214,250,18,1
곿,U+ACFF,0,9,3,141,236,335,141,214,251,38,1
관,U+AD00,0,9,4,141,236,336,141,214,252,19,1
괁,U+AD01,0,9,5,141,236,337,141,214,253,20,1
괂,U+AD02,0,9,6,141,236,338,141,214,254,22,1
괃,U+AD03,0,9,7,141,236,339,141,214,255,18,1
괄,U+AD04,0,9,8,141,236,340,141,214,256,18,1
괅,U+AD05,0,9,9,141,236,341,141,214,257,28,1
괆,U+AD06,0,9,10,141,236,342,141,214,258,26,1
괇,U+AD07,0,9,11,141,236,343,141,214,259,26,1
괈,U+AD08,0,9,12,141,236,344,141,214,260,40,1
괉,U+AD09,0,9,13,141,236,345,141,214,261,20,1
괊,U+AD0A,0,9,14,141,236,346,141,214,262,26,1
괋,U+AD0B,0,9,15,141,236,347,141,214,263,36,1
괌,U+AD0C,0,9,16,141,236,348,141,214,264,25,1
괍,U+AD0D,0,9,17,141,236,349,141,214,265,25,1
괎,U+AD0E,0,9,18,141,236,350,141,214,266,44,1
괏,U+AD0F,0,9,19,141,236,351,141,214,267,30,1
괐,U+AD10,0,9,20,141,236,352,141,214,268,36,1
광,U+AD11,0,9,21,141,236,353,141,214,269,34,1
괒,U+AD12,0,9,22,141,236,354,141,214,270,33,1
괓,U+AD13,0,9,23,141,236,355,141,214,271,24,1
괔,U+AD14,0,9,24,141,236,356,141,214,272,14,1
괕,U+AD15,0,9,25,141,236,357,141,214,273,20,1
괖,U+AD16,0,9,26,141,236,358,141,214,274,32,1
괗,U+AD17,0,9,27,141,236,359,141,214,275,28,1
괘,U+AD18,0,10,0,61,193,-1,61,171,-1,0,0
괙,U+AD19,0,10,1,141,237,333,141,215,305,19,1
괚,U+AD1A,0,10,2,141,237,334,141,215,306,31,1
괛,U+AD1B,0,10,3,141,237,335,141,215,307,37,1
괜,U+AD1C,0,10,4,141,237,336,141,215,308,24,1
괝,U+AD1D,0,10,5,141,237,337,141,215,309,40,1
괞,U+AD1E,0,10,6,141,237,338,141,215,310,33,1
괟,U+AD1F,0,10,7,141,237,339,141,215,311,22,1
괠,U+AD20,0,10,8,141,237,340,141,215,312,23,1
괡,U+AD21,0,10,9,141,237,341,141,215,313,35,1
괢,U+AD22,0,10,10,141,237,342,141,215,314,26,1
괣,U+AD23,0,10,11,141,237,343,141,215,315,26,1
괤,U+AD24,0,10,12,141,237,344,141,215,316,40,1
괥,U+AD25,0,10,13,141,237,345,141,215,317,20,1
괦,U+AD26,0,10,14,141,237,346,141,215,318,26,1
괧,U+AD27,0,10,15,141,237,347,141,215,319,36,1
괨,U+AD28,0,10,16,141,237,348,141,215,320,35,1
괩,U+AD29,0,10,17,141,237,349,141,215,321,35,1
괪,U+AD2A,0,10,18,141,237,350,141,215,322,44,1
괫,U+AD2B,0,10,19,141,237,351,141,215,323,30,1
괬,U+AD2C,0,10,20,141,237,352,141,215,324,36,1
괭,U+AD2D,0,10,21,141,237,353,141,215,325,38,1
괮,U+AD2E,0,10,22,141,237,354,141,215,326,22,1
괯,U+AD2F,0,10,23,141,237,355,141,215,327,26,1
괰,U+AD30,0,10,24,141,237,356,141,215,328,20,1
괱,U+AD31,0,10,25,141,237,357,141,215,329,23,1
괲,U+AD32,0,10,26,141,237,358,141,215,330,32,1
괳,U+AD33,0,10,27,141,237,359,141,215,331,32,1
괴,U+AD34,0,11,0,61,194,-1,61,172,-1,0,0
괵,U+AD35,0,11,1,141,238,333,141,216,277,12,1
괶,U+AD36,0,11,2,141,238,334,141,216,278,18,1
괷,U+AD37,0,11,3,141,238,335,141,216,279,38,1
괸,U+AD38,0,11,4,141,238,336,141,216,280,19,1
괹,U+AD39,0,11,5,141,238,337,141,216,281,20,1
괺,U+AD3A,0,11,6,141,238,338,141,216,282,22,1
괻,U+AD3B,0,11,7,141,238,339,141,216,283,18,1
괼,U+AD3C,0,11,8,141,238,340,141,216,284,18,1
괽,U+AD3D,0,11,9,141,238,341,141,216,285,28,1
괾,U+AD3E,0,11,10,141,238,342,141,216,286,26,1
괿,U+AD3F,0,11,11,141,238,343,141,216,287,26,1
굀,U+AD40,0,11,12,141,238,344,141,216,288,40,1
굁,U+AD41,0,11,13,141,238,345,141,216,289,20,1
굂,U+AD42,0,11,14,141,238,346,141,216,290,26,1
굃,U+AD43,0,11,15,141,238,347,141,216,291,36,1
굄,U+AD44,0,11,16,141,238,348,141,216,292,25,1
굅,U+AD45,0,11,17,141,238,349,141,216,293,25,1
굆,U+AD46,0,11,18,141,238,350,141,216,294,44,1
굇,U+AD47,0,11,19,141,238,351,141,216,295,30,1
굈,U+AD48,0,11,20,141,238,352,141,216,296,36,1
굉,U+AD49,0,11,21,141,238,353,141,216,297,34,1
굊,U+AD4A,0,11,22,141,238,354,141,216,298,33,1
굋,U+AD4B,0,11,23,141,238,355,141,216,299,24,1
굌,U+AD4C,0,11,24,141,238,356,141,216,300,14,1
굍,U+AD4D,0,11,25,141,238,357,141,216,301,20,1
굎,U+AD4E,0,11,26,141,238,358,141,216,302,32,1
굏,U+AD4F,0,11,27,141,238,359,141,216,303,28,1
교,U+AD50,0,12,0,21,195,-1,21,173,-1,0,0
굑,U+AD51,0,12,1,101,239,277,121,217,333,37,1
굒,U+AD52,0,12,2,101,239,278,121,217,334,43,1
굓,U+AD53,0,12,3,101,239,279,121,217,335,63,1
굔,U+AD54,0,12,4,101,239,280,121,217,336,44,1
굕,U+AD55,0,12,5,101,239,281,121,217,337,45,1
굖,U+AD56,0,12,6,101,239,282,121,217,338,47,1
굗,U+AD57,0,12,7,101,239,283,121,217,339,43,1
굘,U+AD58,0,12,8,101,239,284,121,217,340,43,1
굙,U+AD59,0,12,9,101,239,285,121,217,341,53,1
굚,U+AD5A,0,12,10,101,239,286,121,217,342,51,1
굛,U+AD5B,0,12,11,101,239,287,121,217,343,51,1
굜,U+AD5C,0,12,12,101,239,288,121,217,344,65,1
굝,U+AD5D,0,12,13,101,239,289,121,217,345,45,1
굞,U+AD5E,0,12,14,101,239,290,121,217,346,51,1
굟,U+AD5F,0,12,15,101,239,291,121,217,347,61,1
굠,U+AD60,0,12,16,101,239,292,121,217,348,50,1
굡,U+AD61,0,12,17,101,239,293,121,217,349,50,1
굢,U+AD62,0,12,18,101,239,294,121,217,350,69,1
굣,U+AD63,0,12,19,101,239,295,121,217,351,55,1
굤,U+AD64,0,12,20,101,239,296,121,217,352,61,1
굥,U+AD65,0,12,21,101,239,297,121,217,353,59,1
굦,U+AD66,0,12,22,101,239,298,121,217,354,58,1
굧,U+AD67,0,12,23,101,239,299,121,217,355,49,1
굨,U+AD68,0,12,24,101,239,300,121,217,356,39,1
굩,U+AD69,0,12,25,101,239,301,121,217,357,45,1
굪,U+AD6A,0,12,26,101,239,302,121,217,358,57,1
굫,U+AD6B,0,12,27,101,239,303,121,217,359,53,1
구,U+AD6C,0,13,0,41,196,-1,41,174,-1,0,0
국,U+AD6D,0,13,1,121,240,305,121,218,333,19,1
굮,U+AD6E,0,13,2,121,240,306,121,218,334,31,1
굯,U+AD6F,0,13,3,121,240,307,121,218,335,37,1
군,U+AD70,0,13,4,121,240,308,121,218,336,23,1
굱,U+AD71,0,13,5,121,240,309,121,218,337,39,1
굲,U+AD72,0,13,6,121,240,310,121,218,338,33,1
굳,U+AD73,0,13,7,121,240,311,121,218,339,22,1
굴,U+AD74,0,13,8,121,240,312,121,218,340,23,1
굵,U+AD75,0,13,9,121,240,313,121,218,341,35,1
굶,U+AD76,0,13,10,121,240,314,121,218,342,26,1
굷,U+AD77,0,13,11,121,240,315,121,218,343,26,1
굸,U+AD78,0,13,12,121,240,316,121,218,344,40,1
굹,U+AD79,0,13,13,121,240,317,121,218,345,20,1
굺,U+AD7A,0,13,14,121,240,318,121,218,346,26,1
굻,U+AD7B,0,13,15,121,240,319,121,218,347,36,1
굼,U+AD7C,0,13,16,121,240,320,121,218,348,35,1
굽,U+AD7D,0,13,17,121,240,321,121,218,349,34,1
굾,U+AD7E,0,13,18,121,240,322,121,218,350,43,1
굿,U+AD7F,0,13,19,121,240,323,121,218,351,29,1
궀,U+AD80,0,13,20,121,240,324,121,218,352,35,1
궁,U+AD81,0,13,21,121,240,325,121,218,353,37,1
궂,U+AD82,0,13,22,121,240,326,121,218,354,22,1
궃,U+AD83,0,13,23,121,240,327,121,218,355,25,1
궄,U+AD84,0,13,24,121,240,328,121,218,356,20,1
궅,U+AD85,0,13,25,121,240,329,121,218,357,23,1
궆,U+AD86,0,13,26,121,240,330,121,218,358,32,1
궇,U+AD87,0,13,27,121,240,331,121,218,359,31,1
궈,U+AD88,0,14,0,61,197,-1,81,175,-1,0,0
궉,U+AD89,0,14,1,141,241,333,141,219,277,12,1
궊,U+AD8A,0,14,2,141,241,334,141,219,278,18,1
궋,U+AD8B,0,14,3,141,241,335,141,219,279,38,1
권,U+AD8C,0,14,4,141,241,336,141,219,280,19,1
궍,U+AD8D,0,14,5,141,241,337,141,219,281,20,1
궎,U+AD8E,0,14,6,141,241,338,141,219,282,22,1
궏,U+AD8F,0,14,7,141,241,339,141,219,283,18,1
궐,U+AD90,0,14,8,141,241,340,141,219,284,18,1
궑,U+AD91,0,14,9,141,241,341,141,219,285,28,1
궒,U+AD92,0,14,10,141,241,342,141,219,286,26,1
궓,U+AD93,0,14,11,141,241,343,141,219,287,26,1
궔,U+AD94,0,14,12,141,241,344,141,219,288,40,1
궕,U+AD95,0,14,13,141,241,345,141,219,289,20,1
궖,U+AD96,0,14,14,141,241,346,141,219,290,26,1
궗,U+AD97,0,14,15,141,241,347,141,219,291,36,1
궘,U+AD98,0,14,16,141,241,348,141,219,292,25,1
궙,U+AD99,0,14,17,141,241,349,141,219,293,25,1
궚,U+AD9A,0,14,18,141,241,350,141,219,294,44,1
궛,U+AD9B,0,14,19,141,241,351,141,219,295,30,1
궜,U+AD9C,0,14,20,141,241,352,141,219,296,36,1
궝,U+AD9D,0,14,21,141,241,353,141,219,297,34,1
궞,U+AD9E,0,14,22,141,241,354,141,219,298,33,1
궟,U+AD9F,0,14,23,141,241,355,141,219,299,24,1
궠,U+ADA0,0,14,24,141,241,356,141,219,300,14,1
궡,U+ADA1,0,14,25,141,241,357,141,219,301,20,1
궢,U+ADA2,0,14,26,141,241,358,141,219,302,32,1
궣,U+ADA3,0,14,27,141,241,359,141,219,303,28,1
궤,U+ADA4,0,15,0,61,198,-1,81,176,-1,0,0
궥,U+ADA5,0,15,1,141,242,333,141,220,305,19,1
궦,U+ADA6,0,15,2,141,242,334,141,220,306,31,1
궧,U+ADA7,0,15,3,141,242,335,141,220,307,37,1
궨,U+ADA8,0,15,4,141,242,336,141,220,308,24,1
궩,U+ADA9,0,15,5,141,242,337,141,220,309,40,1
궪,U+ADAA,0,15,6,141,242,338,141,220,310,33,1
궫,U+ADAB,0,15,7,141,242,339,141,220,311,22,1
궬,U+ADAC,0,15,8,141,242,340,141,220,312,23,1
궭,U+ADAD,0,15,9,141,242,341,141,220,313,35,1
궮,U+ADAE,0,15,10,141,242,342,141,220,314,26,1
궯,U+ADAF,0,15,11,141,242,343,141,220,315,26,1
궰,U+ADB0,0,15,12,141,242,344,141,220,316,40,1
궱,U+ADB1,0,15,13,141,242,345,141,220,317,20,1
궲,U+ADB2,0,15,14,141,242,346,141,220,318,26,1
궳,U+ADB3,0,15,15,141,242,347,141,220,319,36,1
궴,U+ADB4,0,15,16,141,242,348,141,220,320,35,1
궵,U+ADB5,0,15,17,141,242,349,141,220,321,35,1
궶,U+ADB6,0,15,18,141,242,350,141,220,322,44,1
궷,U+ADB7,0,15,19,141,242,351,141,220,323,30,1
궸,U+ADB8,0,15,20,141,242,352,141,220,324,36,1
궹,U+ADB9,0,15,21,141,242,353,141,220,325,38,1
궺,U+ADBA,0,15,22,141,242,354,141,220,326,22,1
궻,U+ADBB,0,15,23,141,242,355,141,220,327,26,1
궼,U+ADBC,0,15,24,141,242,356,141,220,328,20,1
궽,U+ADBD,0,15,25,141,242,357,141,220,329,23,1
궾,U+ADBE,0,15,26,141,242,358,141,220,330,32,1
궿,U+ADBF,0,15,27,141,242,359,141,220,331,32,1
귀,U+ADC0,0,16,0,61,199,-1,81,177,-1,0,0
귁,U+ADC1,0,16,1,141,243,333,141,221,277,12,1
귂,U+ADC2,0,16,2,141,243,334,141,221,278,18,1
귃,U+ADC3,0,16,3,141,243,335,141,221,279,38,1
귄,U+ADC4,0,16,4,141,243,336,141,221,280,19,1
귅,U+ADC5,0,16,5,141,243,337,141,221,281,20,1
귆,U+ADC6,0,16,6,141,243,338,141,221,282,22,1
귇,U+ADC7,0,16,7,141,243,339,141,221,283,18,1
귈,U+ADC8,0,16,8,141,243,340,141,221,284,18,1
귉,U+ADC9,0,16,9,141,243,341,141,221,285,28,1
귊,U+ADCA,0,16,10,141,243,342,141,221,286,26,1
귋,U+ADCB,0,16,11,141,243,343,141,221,287,26,1
귌,U+ADCC,0,16,12,141,243,344,141,221,288,40,1
귍,U+ADCD,0,16,13,141,243,345,141,221,289,20,1
귎,U+ADCE,0,16,14,141,243,346,141,221,290,26,1
귏,U+ADCF,0,16,15,141,243,347,141,221,291,36,1
귐,U+ADD0,0,16,16,141,243,348,141,221,292,25,1
귑,U+ADD1,0,16,17,141,243,349,141,221,293,25,1
귒,U+ADD2,0,16,18,141,243,350,141,221,294,44,1
귓,U+ADD3,0,16,19,141,243,351,141,221,295,30,1
귔,U+ADD4,0,16,20,141,243,352,141,221,296,36,1
귕,U+ADD5,0,16,21,141,243,353,141,221,297,34,1
귖,U+ADD6,0,16,22,141,243,354,141,221,298,33,1
귗,U+ADD7,0,16,23,141,243,355,141,221,299,24,1
귘,U+ADD8,0,16,24,141,243,356,141,221,300,14,1
귙,U+ADD9,0,16,25,141,243,357,141,221,301,20,1
귚,U+ADDA,0,16,26,141,243,358,141,221,302,32,1
귛,U+ADDB,0,16,27,141,243,359,141,221,303,28,1
규,U+ADDC,0,17,0,41,200,-1,41,178,-1,0,0
귝,U+ADDD,0,17,1,121,244,305,121,222,333,18,1
귞,U+ADDE,0,17,2,121,244,306,121,222,334,31,1
귟,U+ADDF,0,17,3,121,244,307,121,222,335,36,1
균,U+ADE0,0,17,4,121,244,308,121,222,336,23,1
귡,U+ADE1,0,17,5,121,244,309,121,222,337,39,1
귢,U+ADE2,0,17,6,121,244,310,121,222,338,33,1
귣,U+ADE3,0,17,7,121,244,311,121,222,339,21,1
귤,U+ADE4,0,17,8,121,244,312,121,222,340,22,1
귥,U+ADE5,0,17,9,121,244,313,121,222,341,35,1
귦,U+ADE6,0,17,10,121,244,314,121,222,342,25,1
귧,U+ADE7,0,17,11,121,244,315,121,222,343,25,1
귨,U+ADE8,0,17,12,121,244,316,121,222,344,39,1
귩,U+ADE9,0,17,13,121,244,317,121,222,345,19,1
귪,U+ADEA,0,17,14,121,244,318,121,222,346,25,1
귫,U+ADEB,0,17,15,121,244,319,121,222,347,35,1
귬,U+ADEC,0,17,16,121,244,320,121,222,348,34,1
귭,U+ADED,0,17,17,121,244,321,121,222,349,34,1
귮,U+ADEE,0,17,18,121,244,322,121,222,350,42,1
귯,U+ADEF,0,17,19,121,244,323,121,222,351,29,1
귰,U+ADF0,0,17,20,121,244,324,121,222,352,36,1
귱,U+ADF1,0,17,21,121,244,325,121,222,353,37,1
귲,U+ADF2,0,17,22,121,244,326,121,222,354,22,1
귳,U+ADF3,0,17,23,121,244,327,121,222,355,25,1
귴,U+ADF4,0,17,24,121,244,328,121,222,356,19,1
귵,U+ADF5,0,17,25,121,244,329,121,222,357,22,1
귶,U+ADF6,0,17,26,121,244,330,121,222,358,32,1
귷,U+ADF7,0,17,27,121,244,331,121,222,359,32,1
그,U+ADF8,0,18,0,21,201,-1,21,179,-1,0,0
극,U+ADF9,0,18,1,101,245,277,121,223,333,37,1
귺,U+ADFA,0,18,2,101,245,278,121,223,334,43,1
귻,U+ADFB,0,18,3,101,245,279,121,223,335,63,1
근,U+ADFC,0,18,4,101,245,280,121,223,336,44,1
귽,U+ADFD,0,18,5,101,245,281,121,223,337,45,1
귾,U+ADFE,0,18,6,101,245,282,121,223,338,47,1
귿,U+ADFF,0,18,7,101,245,283,121,223,339,43,1
글,U+AE00,0,18,8,101,245,284,121,223,340,43,1
긁,U+AE01,0,18,9,101,245,285,121,223,341,53,1
긂,U+AE02,0,18,10,101,245,286,121,223,342,51,1
긃,U+AE03,0,18,11,101,245,287,121,223,343,51,1
긄,U+AE04,0,18,12,101,245,288,121,223,344,65,1
긅,U+AE05,0,18,13,101,245,289,121,223,345,45,1
긆,U+AE06,0,18,14,101,245,290,121,223,346,51,1
긇,U+AE07,0,18,15,101,245,291,121,223,347,61,1
금,U+AE08,0,18,16,101,245,292,121,223,348,50,1
급,U+AE09,0,18,17,101,245,293,121,223,349,50,1
긊,U+AE0A,0,18,18,101,245,294,121,223,350,69,1
긋,U+AE0B,0,18,19,101,245,295,121,223,351,55,1
긌,U+AE0C,0,18,20,101,245,296,121,223,352,61,1
긍,U+AE0D,0,18,21,101,245,297,121,223,353,59,1
긎,U+AE0E,0,18,22,101,245,298,121,223,354,58,1
긏,U+AE0F,0,18,23,101,245,299,121,223,355,49,1
긐,U+AE10,0,18,24,101,245,300,121,223,356,39,1
긑,U+AE11,0,18,25,101,245,301,121,223,357,45,1
긒,U+AE12,0,18,26,101,245,302,121,223,358,57,1
긓,U+AE13,0,18,27,101,245,303,121,223,359,53,1
긔,U+AE14,0,19,0,61,202,-1,61,180,-1,0,0
긕,U+AE15,0,19,1,141,246,333,141,224,277,12,1
긖,U+AE16,0,19,2,141,246,334,141,224,278,18,1
긗,U+AE17,0,19,3,141,246,335,141,224,279,38,1
긘,U+AE18,0,19,4,141,246,336,141,224,280,19,1
긙,U+AE19,0,19,5,141,246,337,141,224,281,20,1
긚,U+AE1A,0,19,6,141,246,338,141,224,282,22,1
긛,U+AE1B,0,19,7,141,246,339,141,224,283,18,1
긜,U+AE1C,0,19,8,141,246,340,141,224,284,18,1
긝,U+AE1D,0,19,9,141,246,341,141,224,285,28,1
긞,U+AE1E,0,19,10,141,246,342,141,224,286,26,1
긟,U+AE1F,0,19,11,141,246,343,141,224,287,26,1
긠,U+AE20,0,19,12,141,246,344,141,224,288,40,1
긡,U+AE21,0,19,13,141,246,345,141,224,289,20,1
긢,U+AE22,0,19,14,141,246,346,141,224,290,26,1
긣,U+AE23,0,19,15,141,246,347,141,224,291,36,1
긤,U+AE24,0,19,16,141,246,348,141,224,292,25,1
긥,U+AE25,0,19,17,141,246,349,141,224,293,25,1
긦,U+AE26,0,19,18,141,246,350,141,224,294,44,1
긧,U+AE27,0,19,19,141,246,351,141,224,295,30,1
긨,U+AE28,0,19,20,141,246,352,141,224,296,36,1
긩,U+AE29,0,19,21,141,246,353,141,224,297,34,1
긪,U+AE2A,0,19,22,141,246,354,141,224,298,33,1
긫,U+AE2B,0,19,23,141,246,355,141,224,299,24,1
긬,U+AE2C,0,19,24,141,246,356,141,224,300,14,1
긭,U+AE2D,0,19,25,141,246,357,141,224,301,20,1
긮,U+AE2E,0,19,26,141,246,358,141,224,302,32,1
긯,U+AE2F,0,19,27,141,246,359,141,224,303,28,1
기,U+AE30,0,20,0,1,203,-1,1,181,-1,0,0
긱,U+AE31,0,20,1,81,247,249,101,225,277,18,1
긲,U+AE32,0,20,2,81,247,250,101,225,278,18,1
긳,U+AE33,0,20,3,81,247,251,101,225,279,18,1
긴,U+AE34,0,20,4,81,247,252,101,225,280,18,1
긵,U+AE35,0,20,5,81,247,253,101,225,281,18,1
긶,U+AE36,0,20,6,81,247,254,101,225,282,18,1
긷,U+AE37,0,20,7,81,247,255,101,225,283,18,1
길,U+AE38,0,20,8,81,247,256,101,225,284,18,1
긹,U+AE39,0,20,9,81,247,257,101,225,285,18,1
긺,U+AE3A,0,20,10,81,247,258,101,225,286,18,1
긻,U+AE3B,0,20,11,81,247,259,101,225,287,18,1
긼,U+AE3C,0,20,12,81,247,260,101,225,288,18,1
긽,U+AE3D,0,20,13,81,247,261,101,225,289,18,1
긾,U+AE3E,0,20,14,81,247,262,101,225,290,18,1
긿,U+AE3F,0,20,15,81,247,263,101,225,291,18,1
김,U+AE40,0,20,16,81,247,264,101,225,292,18,1
깁,U+AE41,0,20,17,81,247,265,101,225,293,18,1
깂,U+AE42,0,20,18,81,247,266,101,225,294,18,1
깃,U+AE43,0,20,19,81,247,267,101,225,295,18,1
깄,U+AE44,0,20,20,81,247,268,101,225,296,18,1
깅,U+AE45,0,20,21,81,247,269,101,225,297,18,1
깆,U+AE46,0,20,22,81,247,270,101,225,298,18,1
깇,U+AE47,0,20,23,81,247,271,101,225,299,18,1
깈,U+AE48,0,20,24,81,247,272,101,225,300,18,1
깉,U+AE49,0,20,25,81,247,273,101,225,301,18,1
깊,U+AE4A,0,20,26,81,247,274,101,225,302,18,1
깋,U+AE4B,0,20,27,81,247,275,101,225,303,18,1
까,U+AE4C,1,0,0,2,161,-1,2,183,-1,0,0
깍,U+AE4D,1,0,1,82,205,249,102,227,249,15,1
깎,U+AE4E,1,0,2,82,205,250,102,227,250,15,1
깏,U+AE4F,1,0,3,82,205,251,102,227,251,15,1
깐,U+AE50,1,0,4,82,205,252,102,227,252,15,1
깑,U+AE51,1,0,5,82,205,253,102,227,253,15,1
깒,U+AE52,1,0,6,82,205,254,102,227,254,15,1
깓,U+AE53,1,0,7,82,205,255,102,227,255,15,1
깔,U+AE54,1,0,8,82,205,256,102,227,256,15,1
깕,U+AE55,1,0,9,82,205,257,102,227,257,15,1
깖,U+AE56,1,0,10,82,205,258,102,227,258,15,1
깗,U+AE57,1,0,11,82,205,259,102,227,259,15,1
깘,U+AE58,1,0,12,82,205,260,102,227,260,15,1
깙,U+AE59,1,0,13,82,205,261,102,227,261,15,1
깚,U+AE5A,1,0,14,82,205,262,102,227,262,15,1
깛,U+AE5B,1,0,15,82,205,263,102,227,263,15,1
깜,U+AE5C,1,0,16,82,205,264,102,227,264,15,1
깝,U+AE5D,1,0,17,82,205,265,102,227,265,15,1
깞,U+AE5E,1,0,18,82,205,266,102,227,266,15,1
깟,U+AE5F,1,0,19,82,205,267,102,227,267,15,1
깠,U+AE60,1,0,20,82,205,268,102,227,268,15,1
깡,U+AE61,1,0,21,82,205,269,102,227,269,15,1
깢,U+AE62,1,0,22,82,205,270,102,227,270,15,1
깣,U+AE63,1,0,23,82,205,271,102,227,271,15,1
깤,U+AE64,1,0,24,82,205,272,102,227,272,15,1
깥,U+AE65,1,0,25,82,205,273,102,227,273,15,1
깦,U+AE66,1,0,26,82,205,274,102,227,274,15,1
깧,U+AE67,1,0,27,82,205,275,102,227,275,15,1
깨,U+AE68,1,1,0,2,162,-1,2,184,-1,0,0
깩,U+AE69,1,1,1,82,206,249,102,228,305,24,1
깪,U+AE6A,1,1,2,82,206,250,102,228,306,32,1
깫,U+AE6B,1,1,3,82,206,251,102,228,307,16,1
깬,U+AE6C,1,1,4,82,206,252,102,228,308,26,1
깭,U+AE6D,1,1,5,82,206,253,102,228,309,35,1
깮,U+AE6E,1,1,6,82,206,254,102,228,310,28,1
깯,U+AE6F,1,1,7,82,206,255,102,228,311,25,1
깰,U+AE70,1,1,8,82,206,256,102,228,312,20,1
깱,U+AE71,1,1,9,82,206,257,102,228,313,24,1
깲,U+AE72,1,1,10,82,206,258,102,228,314,15,1
깳,U+AE73,1,1,11,82,206,259,102,228,315,15,1
깴,U+AE74,1,1,12,82,206,260,102,228,316,15,1
깵,U+AE75,1,1,13,82,206,261,102,228,317,15,1
깶,U+AE76,1,1,14,82,206,262,102,228,318,15,1
깷,U+AE77,1,1,15,82,206,263,102,228,319,15,1
깸,U+AE78,1,1,16,82,206,264,102,228,320,31,1
깹,U+AE79,1,1,17,82,206,265,102,228,321,31,1
깺,U+AE7A,1,1,18,82,206,266,102,228,322,15,1
깻,U+AE7B,1,1,19,82,206,267,102,228,323,15,1
깼,U+AE7C,1,1,20,82,206,268,102,228,324,15,1
깽,U+AE7D,1,1,21,82,206,269,102,228,325,31,1
깾,U+AE7E,1,1,22,82,206,270,102,228,326,34,1
깿,U+AE7F,1,1,23,82,206,271,102,228,327,21,1
꺀,U+AE80,1,1,24,82,206,272,102,228,328,23,1
꺁,U+AE81,1,1,25,82,206,273,102,228,329,18,1
꺂,U+AE82,1,1,26,82,206,274,102,228,330,19,1
꺃,U+AE83,1,1,27,82,206,275,102,228,331,21,1
꺄,U+AE84,1,2,0,2,163,-1,2,185,-1,0,0
꺅,U+AE85,1,2,1,82,207,249,102,229,249,15,1
꺆,U+AE86,1,2,2,82,207,250,102,229,250,15,1
꺇,U+AE87,1,2,3,82,207,251,102,229,251,15,1
꺈,U+AE88,1,2,4,82,207,252,102,229,252,15,1
꺉,U+AE89,1,2,5,82,207,253,102,229,253,15,1
꺊,U+AE8A,1,2,6,82,207,254,102,229,254,15,1
꺋,U+AE8B,1,2,7,82,207,255,102,229,255,15,1
꺌,U+AE8C,1,2,8,82,207,256,102,229,256,15,1
꺍,U+AE8D,1,2,9,82,207,257,102,229,257,15,1
꺎,U+AE8E,1,2,10,82,207,258,102,229,258,15,1
꺏,U+AE8F,1,2,11,82,207,259,102,229,259,15,1
꺐,U+AE90,1,2,12,82,207,260,102,229,260,15,1
꺑,U+AE91,1,2,13,82,207,261,102,229,261,15,1
꺒,U+AE92,1,2,14,82,207,262,102,229,262,15,1
꺓,U+AE93,1,2,15,82,207,263,102,229,263,15,1
꺔,U+AE94,1,2,16,82,207,264,102,229,264,15,1
꺕,U+AE95,1,2,17,82,207,265,102,229,265,15,1
꺖,U+AE96,1,2,18,82,207,266,102,229,266,15,1
꺗,U+AE97,1,2,19,82,207,267,102,229,267,15,1
꺘,U+AE98,1,2,20,82,207,268,102,229,268,15,1
꺙,U+AE99,1,2,21,82,207,269,102,229,269,15,1
꺚,U+AE9A,1,2,22,82,207,270,102,229,270,15,1
꺛,U+AE9B,1,2,23,82,207,271,102,229,271,15,1
꺜,U+AE9C,1,2,24,82,207,272,102,229,272,15,1
꺝,U+AE9D,1,2,25,82,207,273,102,229,273,15,1
꺞,U+AE9E,1,2,26,82,207,274,102,229,274,15,1
꺟,U+AE9F,1,2,27,82,207,275,102,229,275,15,1
꺠,U+AEA0,1,3,0,2,164,-1,2,186,-1,0,0
꺡,U+AEA1,1,3,1,82,208,249,102,230,305,24,1
꺢,U+AEA2,1,3,2,82,208,250,102,230,306,32,1
꺣,U+AEA3,1,3,3,82,208,251,102,230,307,16,1
꺤,U+AEA4,1,3,4,82,208,252,102,230,308,26,1
꺥,U+AEA5,1,3,5,82,208,253,102,230,309,35,1
꺦,U+AEA6,1,3,6,82,208,254,102,230,310,28,1
꺧,U+AEA7,1,3,7,82,208,255,102,230,311,25,1
꺨,U+AEA8,1,3,8,82,208,256,102,230,312,20,1
꺩,U+AEA9,1,3,9,82,208,257,102,230,313,24,1
꺪,U+AEAA,1,3,10,82,208,258,102,230,314,15,1
꺫,U+AEAB,1,3,11,82,208,259,102,230,315,15,1
꺬,U+AEAC,1,3,12,82,208,260,102,230,316,15,1
꺭,U+AEAD,1,3,13,82,208,261,102,230,317,15,1
꺮,U+AEAE,1,3,14,82,208,262,102,230,318,15,1
꺯,U+AEAF,1,3,15,82,208,263,102,230,319,15,1
꺰,U+AEB0,1,3,16,82,208,264,102,230,320,31,1
꺱,U+AEB1,1,3,17,82,208,265,102,230,321,31,1
꺲,U+AEB2,1,3,18,82,208,266,102,230,322,15,1
꺳,U+AEB3,1,3,19,82,208,267,102,230,323,15,1
꺴,U+AEB4,1,3,20,82,208,268,102,230,324,15,1
꺵,U+AEB5,1,3,21,82,208,269,102,230,325,31,1
꺶,U+AEB6,1,3,22,82,208,270,102,230,326,34,1
꺷,U+AEB7,1,3,23,82,208,271,102,230,327,21,1
꺸,U+AEB8,1,3,24,82,208,272,102,230,328,23,1
꺹,U+AEB9,1,3,25,82,208,273,102,230,329,18,1
꺺,U+AEBA,1,3,26,82,208,274,102,230,330,19,1
꺻,U+AEBB,1,3,27,82,208,275,102,230,331,21,1
꺼,U+AEBC,1,4,0,2,165,-1,2,187,-1,0,0
꺽,U+AEBD,1,4,1,82,209,249,102,231,277,15,1
꺾,U+AEBE,1,4,2,82,209,250,102,231,278,15,1
꺿,U+AEBF,1,4,3,82,209,251,102,231,279,15,1
껀,U+AEC0,1,4,4,82,209,252,102,231,280,15,1
껁,U+AEC1,1,4,5,82,209,253,102,231,281,15,1
껂,U+AEC2,1,4,6,82,209,254,102,231,282,15,1
껃,U+AEC3,1,4,7,82,209,255,102,231,283,15,1
껄,U+AEC4,1,4,8,82,209,256,102,231,284,15,1
껅,U+AEC5,1,4,9,82,209,257,102,231,285,15,1
껆,U+AEC6,1,4,10,82,209,258,102,231,286,15,1
껇,U+AEC7,1,4,11,82,209,259,102,231,287,15,1
껈,U+AEC8,1,4,12,82,209,260,102,231,288,15,1
껉,U+AEC9,1,4,13,82,209,261,102,231,289,15,1
껊,U+AECA,1,4,14,82,209,262,102,231,290,15,1
껋,U+AECB,1,4,15,82,209,263,102,231,291,15,1
껌,U+AECC,1,4,16,82,209,264,102,231,292,15,1
껍,U+AECD,1,4,17,82,209,265,102,231,293,15,1
껎,U+AECE,1,4,18,82,209,266,102,231,294,15,1
껏,U+AECF,1,4,19,82,209,267,102,231,295,15,1
껐,U+AED0,1,4,20,82,209,268,102,231,296,15,1
껑,U+AED1,1,4,21,82,209,269,102,231,297,15,1
껒,U+AED2,1,4,22,82,209,270,102,231,298,15,1
껓,U+AED3,1,4,23,82,209,271,102,231,299,15,1
껔,U+AED4,1,4,24,82,209,272,102,231,300,15,1
껕,U+AED5,1,4,25,82,209,273,102,231,301,15,1
껖,U+AED6,1,4,26,82,209,274,102,231,302,15,1
껗,U+AED7,1,4,27,82,209,275,102,231,303,15,1
께,U+AED8,1,5,0,2,166,-1,2,188,-1,0,0
껙,U+AED9,1,5,1,82,210,249,102,232,305,23,1
껚,U+AEDA,1,5,2,82,210,250,102,232,306,31,1
껛,U+AEDB,1,5,3,82,210,251,102,232,307,15,1
껜,U+AEDC,1,5,4,82,210,252,102,232,308,25,1
껝,U+AEDD,1,5,5,82,210,253,102,232,309,34,1
껞,U+AEDE,1,5,6,82,210,254,102,232,310,27,1
껟,U+AEDF,1,5,7,82,210,255,102,232,311,24,1
껠,U+AEE0,1,5,8,82,210,256,102,232,312,19,1
껡,U+AEE1,1,5,9,82,210,257,102,232,313,23,1
껢,U+AEE2,1,5,10,82,210,258,102,232,314,14,1
껣,U+AEE3,1,5,11,82,210,259,102,232,315,14,1
껤,U+AEE4,1,5,12,82,210,260,102,232,316,14,1
껥,U+AEE5,1,5,13,82,210,261,102,232,317,14,1
껦,U+AEE6,1,5,14,82,210,262,102,232,318,14,1
껧,U+AEE7,1,5,15,82,210,263,102,232,319,14,1
껨,U+AEE8,1,5,16,82,210,264,102,232,320,30,1
껩,U+AEE9,1,5,17,82,210,265,102,232,321,30,1
껪,U+AEEA,1,5,18,82,210,266,102,232,322,14,1
껫,U+AEEB,1,5,19,82,210,267,102,232,323,14,1
껬,U+AEEC,1,5,20,82,210,268,102,232,324,14,1
껭,U+AEED,1,5,21,82,210,269,102,232,325,30,1
껮,U+AEEE,1,5,22,82,210,270,102,232,326,33,1
껯,U+AEEF,1,5,23,82,210,271,102,232,327,20,1
껰,U+AEF0,1,5,24,82,210,272,102,232,328,22,1
껱,U+AEF1,1,5,25,82,210,273,102,232,329,17,1
껲,U+AEF2,1,5,26,82,210,274,102,232,330,18,1
껳,U+AEF3,1,5,27,82,210,275,102,232,331,20,1
껴,U+AEF4,1,6,0,2,167,-1,2,189,-1,0,0
껵,U+AEF5,1,6,1,82,211,249,102,233,277,15,1
껶,U+AEF6,1,6,2,82,211,250,102,233,278,15,1
껷,U+AEF7,1,6,3,82,211,251,102,233,279,15,1
껸,U+AEF8,1,6,4,82,211,252,102,233,280,15,1
껹,U+AEF9,1,6,5,82,211,253,102,233,281,15,1
껺,U+AEFA,1,6,6,82,211,254,102,233,282,15,1
껻,U+AEFB,1,6,7,82,211,255,102,233,283,15,1
껼,U+AEFC,1,6,8,82,211,256,102,233,284,15,1
껽,U+AEFD,1,6,9,82,211,257,102,233,285,15,1
껾,U+AEFE,1,6,10,82,211,258,102,233,286,15,1
껿,U+AEFF,1,6,11,82,211,259,102,233,287,15,1
꼀,U+AF00,1,6,12,82,211,260,102,233,288,15,1
꼁,U+AF01,1,6,13,82,211,261,102,233,289,15,1
꼂,U+AF02,1,6,14,82,211,262,102,233,290,15,1
꼃,U+AF03,1,6,15,82,211,263,102,233,291,15,1
꼄,U+AF04,1,6,16,82,211,264,102,233,292,15,1
꼅,U+AF05,1,6,17,82,211,265,102,233,293,15,1
꼆,U+AF06,1,6,18,82,211,266,102,233,294,15,1
꼇,U+AF07,1,6,19,82,211,267,102,233,295,15,1
꼈,U+AF08,1,6,20,82,211,268,102,233,296,15,1
꼉,U+AF09,1,6,21,82,211,269,102,233,297,15,1
꼊,U+AF0A,1,6,22,82,211,270,102,233,298,15,1
꼋,U+AF0B,1,6,23,82,211,271,102,233,299,15,1
꼌,U+AF0C,1,6,24,82,211,272,102,233,300,15,1
꼍,U+AF0D,1,6,25,82,211,273,102,233,301,15,1
꼎,U+AF0E,1,6,26,82,211,274,102,233,302,15,1
꼏,U+AF0F,1,6,27,82,211,275,102,233,303,15,1
꼐,U+AF10,1,7,0,2,168,-1,2,190,-1,0,0
꼑,U+AF11,1,7,1,82,212,249,102,234,305,24,1
꼒,U+AF12,1,7,2,82,212,250,102,234,306,32,1
꼓,U+AF13,1,7,3,82,212,251,102,234,307,16,1
꼔,U+AF14,1,7,4,82,212,252,102,234,308,26,1
꼕,U+AF15,1,7,5,82,212,253,102,234,309,35,1
꼖,U+AF16,1,7,6,82,212,254,102,234,310,28,1
꼗,U+AF17,1,7,7,82,212,255,102,234,311,25,1
꼘,U+AF18,1,7,8,82,212,256,102,234,312,20,1
꼙,U+AF19,1,7,9,82,212,257,102,234,313,24,1
꼚,U+AF1A,1,7,10,82,212,258,102,234,314,15,1
꼛,U+AF1B,1,7,11,82,212,259,102,234,315,15,1
꼜,U+AF1C,1,7,12,82,212,260,102,234,316,15,1
꼝,U+AF1D,1,7,13,82,212,261,102,234,317,15,1
꼞,U+AF1E,1,7,14,82,212,262,102,234,318,15,1
꼟,U+AF1F,1,7,15,82,212,263,102,234,319,15,1
꼠,U+AF20,1,7,16,82,212,264,102,234,320,31,1
꼡,U+AF21,1,7,17,82,212,265,102,234,321,31,1
꼢,U+AF22,1,7,18,82,212,266,102,234,322,15,1
꼣,U+AF23,1,7,19,82,212,267,102,234,323,15,1
꼤,U+AF24,1,7,20,82,212,268,102,234,324,15,1
꼥,U+AF25,1,7,21,82,212,269,102,234,325,31,1
꼦,U+AF26,1,7,22,82,212,270,102,234,326,34,1
꼧,U+AF27,1,7,23,82,212,271,102,234,327,21,1
꼨,U+AF28,1,7,24,82,212,272,102,234,328,23,1
꼩,U+AF29,1,7,25,82,212,273,102,234,329,18,1
꼪,U+AF2A,1,7,26,82,212,274,102,234,330,19,1
꼫,U+AF2B,1,7,27,82,212,275,102,234,331,21,1
꼬,U+AF2C,1,8,0,22,169,-1,22,191,-1,0,0
꼭,U+AF2D,1,8,1,102,213,277,122,235,333,43,1
꼮,U+AF2E,1,8,2,102,213,278,122,235,334,49,1
꼯,U+AF2F,1,8,3,102,213,279,122,235,335,69,1
꼰,U+AF30,1,8,4,102,213,280,122,235,336,50,1
꼱,U+AF31,1,8,5,102,213,281,122,235,337,51,1
꼲,U+AF32,1,8,6,102,213,282,122,235,338,53,1
꼳,U+AF33,1,8,7,102,213,283,122,235,339,49,1
꼴,U+AF34,1,8,8,102,213,284,122,235,340,49,1
꼵,U+AF35,1,8,9,102,213,285,122,235,341,59,1
꼶,U+AF36,1,8,10,102,213,286,122,235,342,57,1
꼷,U+AF37,1,8,11,102,213,287,122,235,343,57,1
꼸,U+AF38,1,8,12,102,213,288,122,235,344,71,1
꼹,U+AF39,1,8,13,102,213,289,122,235,345,51,1
꼺,U+AF3A,1,8,14,102,213,290,122,235,346,57,1
꼻,U+AF3B,1,8,15,102,213,291,122,235,347,67,1
꼼,U+AF3C,1,8,16,102,213,292,122,235,348,56,1
꼽,U+AF3D,1,8,17,102,213,293,122,235,349,56,1
꼾,U+AF3E,1,8,18,102,213,294,122,235,350,75,1
꼿,U+AF3F,1,8,19,102,213,295,122,235,351,61,1
꽀,U+AF40,1,8,20,102,213,296,122,235,352,67,1
꽁,U+AF41,1,8,21,102,213,297,122,235,353,65,1
꽂,U+AF42,1,8,22,102,213,298,122,235,354,64,1
꽃,U+AF43,1,8,23,102,213,299,122,235,355,55,1
꽄,U+AF44,1,8,24,102,213,300,122,235,356,45,1
꽅,U+AF45,1,8,25,102,213,301,122,235,357,51,1
꽆,U+AF46,1,8,26,102,213,302,122,235,358,63,1
꽇,U+AF47,1,8,27,102,213,303,122,235,359,59,1
꽈,U+AF48,1,9,0,62,170,-1,62,192,-1,0,0
꽉,U+AF49,1,9,1,142,214,333,142,236,249,12,1
꽊,U+AF4A,1,9,2,142,214,334,142,236,250,18,1
꽋,U+AF4B,1,9,3,142,214,335,142,236,251,38,1
꽌,U+AF4C,1,9,4,142,214,336,142,236,252,19,1
꽍,U+AF4D,1,9,5,142,214,337,142,236,253,20,1
꽎,U+AF4E,1,9,6,142,214,338,142,236,254,22,1
꽏,U+AF4F,1,9,7,142,214,339,142,236,255,18,1
꽐,U+AF50,1,9,8,142,214,340,142,236,256,18,1
꽑,U+AF51,1,9,9,142,214,341,142,236,257,28,1
꽒,U+AF52,1,9,10,142,214,342,142,236,258,26,1
꽓,U+AF53,1,9,11,142,214,343,142,236,259,26,1
꽔,U+AF54,1,9,12,142,214,344,142,236,260,40,1
꽕,U+AF55,1,9,13,142,214,345,142,236,261,20,1
꽖,U+AF56,1,9,14,142,214,346,142,236,262,26,1
꽗,U+AF57,1,9,15,142,214,347,142,236,263,36,1
꽘,U+AF58,1,9,16,142,214,348,142,236,264,25,1
꽙,U+AF59,1,9,17,142,214,349,142,236,265,25,1
꽚,U+AF5A,1,9,18,142,214,350,142,236,266,44,1
꽛,U+AF5B,1,9,19,142,214,351,142,236,267,30,1
꽜,U+AF5C,1,9,20,142,214,352,142,236,268,36,1
꽝,U+AF5D,1,9,21,142,214,353,142,236,269,34,1
꽞,U+AF5E,1,9,22,142,214,354,142,236,270,33,1
꽟,U+AF5F,1,9,23,142,214,355,142,236,271,24,1
꽠,U+AF60,1,9,24,142,214,356,142,236,272,14,1
꽡,U+AF61,1,9,25,142,214,357,142,236,273,20,1
꽢,U+AF62,1,9,26,142,214,358,142,236,274,32,1
꽣,U+AF63,1,9,27,142,214,359,142,236,275,28,1
꽤,U+AF64,1,10,0,62,171,-1,62,193,-1,0,0
꽥,U+AF65,1,10,1,142,215,333,142,237,305,19,1
꽦,U+AF66,1,10,2,142,215,334,142,237,306,31,1
꽧,U+AF67,1,10,3,142,215,335,142,237,307,37,1
꽨,U+AF68,1,10,4,142,215,336,142,237,308,24,1
꽩,U+AF69,1,10,5,142,215,337,142,237,309,40,1
꽪,U+AF6A,1,10,6,142,215,338,142,237,310,33,1
꽫,U+AF6B,1,10,7,142,215,339,142,237,311,22,1
꽬,U+AF6C,1,10,8,142,215,340,142,237,312,23,1
꽭,U+AF6D,1,10,9,142,215,341,142,237,313,35,1
꽮,U+AF6E,1,10,10,142,215,342,142,237,314,26,1
꽯,U+AF6F,1,10,11,142,215,343,142,237,315,26,1
꽰,U+AF70,1,10,12,142,215,344,142,237,316,40,1
꽱,U+AF71,1,10,13,142,215,345,142,237,317,20,1
꽲,U+AF72,1,10,14,142,215,346,142,237,318,26,1
꽳,U+AF73,1,10,15,142,215,347,142,237,319,36,1
꽴,U+AF74,1,10,16,142,215,348,142,237,320,35,1
꽵,U+AF75,1,10,17,142,215,349,142,237,321,35,1
꽶,U+AF76,1,10,18,142,215,350,142,237,322,44,1
꽷,U+AF77,1,10,19,142,215,351,142,237,323,30,1
꽸,U+AF78,1,10,20,142,215,352,142,237,324,36,1
꽹,U+AF79,1,10,21,142,215,353,142,237,325,38,1
꽺,U+AF7A,1,10,22,142,215,354,142,237,326,22,1
꽻,U+AF7B,1,10,23,142,215,355,142,237,327,26,1
꽼,U+AF7C,1,10,24,142,215,356,142,237,328,20,1
꽽,U+AF7D,1,10,25,142,215,357,142,237,329,23,1
꽾,U+AF7E,1,10,26,142,215,358,142,237,330,32,1
꽿,U+AF7F,1,10,27,142,215,359,142,237,331,32,1
꾀,U+AF80,1,11,0,62,172,-1,62,194,-1,0,0
꾁,U+AF81,1,11,1,142,216,333,142,238,277,12,1
꾂,U+AF82,1,11,2,142,216,334,142,238,278,18,1
꾃,U+AF83,1,11,3,142,216,335,142,238,279,38,1
꾄,U+AF84,1,11,4,142,216,336,142,238,280,19,1
꾅,U+AF85,1,11,5,142,216,337,142,238,281,20,1
꾆,U+AF86,1,11,6,142,216,338,142,238,282,22,1
꾇,U+AF87,1,11,7,142,216,339,142,238,283,18,1
꾈,U+AF88,1,11,8,142,216,340,142,238,284,18,1
꾉,U+AF89,1,11,9,142,216,341,142,238,285,28,1
꾊,U+AF8A,1,11,10,142,216,342,142,238,286,26,1
꾋,U+AF8B,1,11,11,142,216,343,142,238,287,26,1
꾌,U+AF8C,1,11,12,142,216,344,142,238,288,40,1
꾍,U+AF8D,1,11,13,142,216,345,142,238,289,20,1
꾎,U+AF8E,1,11,14,142,216,346,142,238,290,26,1
꾏,U+AF8F,1,11,15,142,216,347,142,238,291,36,1
꾐,U+AF90,1,11,16,142,216,348,142,238,292,25,1
꾑,U+AF91,1,11,17,142,216,349,142,238,293,25,1
꾒,U+AF92,1,11,18,142,216,350,142,238,294,44,1
꾓,U+AF93,1,11,19,142,216,351,142,238,295,30,1
꾔,U+AF94,1,11,20,142,216,352,142,238,296,36,1
꾕,U+AF95,1,11,21,142,216,353,142,238,297,34,1
꾖,U+AF96,1,11,22,142,216,354,142,238,298,33,1
꾗,U+AF97,1,11,23,142,216,355,142,238,299,24,1
꾘,U+AF98,1,11,24,142,216,356,142,238,300,14,1
꾙,U+AF99,1,11,25,142,216,357,142,238,301,20,1
꾚,U+AF9A,1,11,26,142,216,358,142,238,302,32,1
꾛,U+AF9B,1,11,27,142,216,359,142,238,303,28,1
꾜,U+AF9C,1,12,0,22,173,-1,22,195,-1,0,0
꾝,U+AF9D,1,12,1,102,217,277,122,239,333,42,1
꾞,U+AF9E,1,12,2,102,217,278,122,239,334,48,1
꾟,U+AF9F,1,12,3,102,217,279,122,239,335,68,1
꾠,U+AFA0,1,12,4,102,217,280,122,239,336,49,1
꾡,U+AFA1,1,12,5,102,217,281,122,239,337,50,1
꾢,U+AFA2,1,12,6,102,217,282,122,239,338,52,1
꾣,U+AFA3,1,12,7,102,217,283,122,239,339,48,1
꾤,U+AFA4,1,12,8,102,217,284,122,239,340,48,1
꾥,U+AFA5,1,12,9,102,217,285,122,239,341,58,1
꾦,U+AFA6,1,12,10,102,217,286,122,239,342,56,1
꾧,U+AFA7,1,12,11,102,217,287,122,239,343,56,1
꾨,U+AFA8,1,12,12,102,217,288,122,239,344,70,1
꾩,U+AFA9,1,12,13,102,217,289,122,239,345,50,1
꾪,U+AFAA,1,12,14,102,217,290,122,239,346,56,1
꾫,U+AFAB,1,12,15,102,217,291,122,239,347,66,1
꾬,U+AFAC,1,12,16,102,217,292,122,239,348,55,1
꾭,U+AFAD,1,12,17,102,217,293,122,239,349,55,1
꾮,U+AFAE,1,12,18,102,217,294,122,239,350,74,1
꾯,U+AFAF,1,12,19,102,217,295,122,239,351,60,1
꾰,U+AFB0,1,12,20,102,217,296,122,239,352,66,1
꾱,U+AFB1,1,12,21,102,217,297,122,239,353,64,1
꾲,U+AFB2,1,12,22,102,217,298,122,239,354,63,1
꾳,U+AFB3,1,12,23,102,217,299,122,239,355,54,1
꾴,U+AFB4,1,12,24,102,217,300,122,239,356,44,1
꾵,U+AFB5,1,12,25,102,217,301,122,239,357,50,1
꾶,U+AFB6,1,12,26,102,217,302,122,239,358,62,1
꾷,U+AFB7,1,12,27,102,217,303,122,239,359,58,1
꾸,U+AFB8,1,13,0,42,174,-1,42,196,-1,0,0
꾹,U+AFB9,1,13,1,122,218,305,122,240,333,19,1
꾺,U+AFBA,1,13,2,122,218,306,122,240,334,31,1
꾻,U+AFBB,1,13,3,122,218,307,122,240,335,37,1
꾼,U+AFBC,1,13,4,122,218,308,122,240,336,23,1
꾽,U+AFBD,1,13,5,122,218,309,122,240,337,39,1
꾾,U+AFBE,1,13,6,122,218,310,122,240,338,33,1
꾿,U+AFBF,1,13,7,122,218,311,122,240,339,22,1
꿀,U+AFC0,1,13,8,122,218,312,122,240,340,23,1
꿁,U+AFC1,1,13,9,122,218,313,122,240,341,35,1
꿂,U+AFC2,1,13,10,122,218,314,122,240,342,26,1
꿃,U+AFC3,1,13,11,122,218,315,122,240,343,26,1
꿄,U+AFC4,1,13,12,122,218,316,122,240,344,40,1
꿅,U+AFC5,1,13,13,122,218,317,122,240,345,20,1
꿆,U+AFC6,1,13,14,122,218,318,122,240,346,26,1
꿇,U+AFC7,1,13,15,122,218,319,122,240,347,36,1
꿈,U+AFC8,1,13,16,122,218,320,122,240,348,35,1
꿉,U+AFC9,1,13,17,122,218,321,122,240,349,34,1
꿊,U+AFCA,1,13,18,122,218,322,122,240,350,43,1
꿋,U+AFCB,1,13,19,122,218,323,122,240,351,29,1
꿌,U+AFCC,1,13,20,122,218,324,122,240,352,35,1
꿍,U+AFCD,1,13,21,122,218,325,122,240,353,37,1
꿎,U+AFCE,1,13,22,122,218,326,122,240,354,22,1
꿏,U+AFCF,1,13,23,122,218,327,122,240,355,25,1
꿐,U+AFD0,1,13,24,122,218,328,122,240,356,20,1
꿑,U+AFD1,1,13,25,122,218,329,122,240,357,23,1
꿒,U+AFD2,1,13,26,122,218,330,122,240,358,32,1
꿓,U+AFD3,1,13,27,122,218,331,122,240,359,31,1
꿔,U+AFD4,1,14,0,62,175,-1,82,197,-1,0,0
꿕,U+AFD5,1,14,1,142,219,333,142,241,277,12,1
꿖,U+AFD6,1,14,2,142,219,334,142,241,278,18,1
꿗,U+AFD7,1,14,3,142,219,335,142,241,279,38,1
꿘,U+AFD8,1,14,4,142,219,336,142,241,280,19,1
꿙,U+AFD9,1,14,5,142,219,337,142,241,281,20,1
꿚,U+AFDA,1,14,6,142,219,338,142,241,282,22,1
꿛,U+AFDB,1,14,7,142,219,339,142,241,283,18,1
꿜,U+AFDC,1,14,8,142,219,340,142,241,284,18,1
꿝,U+AFDD,1,14,9,142,219,341,142,241,285,28,1
꿞,U+AFDE,1,14,10,142,219,342,142,241,286,26,1
꿟,U+AFDF,1,14,11,142,219,343,142,241,287,26,1
꿠,U+AFE0,1,14,12,142,219,344,142,241,288,40,1
꿡,U+AFE1,1,14,13,142,219,345,142,241,289,20,1
꿢,U+AFE2,1,14,14,142,219,346,142,241,290,26,1
꿣,U+AFE3,1,14,15,142,219,347,142,241,291,36,1
꿤,U+AFE4,1,14,16,142,219,348,142,241,292,25,1
꿥,U+AFE5,1,14,17,142,219,349,142,241,293,25,1
꿦,U+AFE6,1,14,18,142,219,350,142,241,294,44,1
꿧,U+AFE7,1,14,19,142,219,351,142,241,295,30,1
꿨,U+AFE8,1,14,20,142,219,352,142,241,296,36,1
꿩,U+AFE9,1,14,21,142,219,353,142,241,297,34,1
꿪,U+AFEA,1,14,22,142,219,354,142,241,298,33,1
꿫,U+AFEB,1,14,23,142,219,355,142,241,299,24,1
꿬,U+AFEC,1,14,24,142,219,356,142,241,300,14,1
꿭,U+AFED,1,14,25,142,219,357,142,241,301,20,1
꿮,U+AFEE,1,14,26,142,219,358,142,241,302,32,1
꿯,U+AFEF,1,14,27,142,219,359,142,241,303,28,1
꿰,U+AFF0,1,15,0,62,176,-1,82,198,-1,0,0
꿱,U+AFF1,1,15,1,142,220,333,142,242,305,19,1
꿲,U+AFF2,1,15,2,142,220,334,142,242,306,31,1
꿳,U+AFF3,1,15,3,142,220,335,142,242,307,37,1
꿴,U+AFF4,1,15,4,142,220,336,142,242,308,24,1
꿵,U+AFF5,1,15,5,142,220,337,142,242,309,40,1
꿶,U+AFF6,1,15,6,142,220,338,142,242,310,33,1
꿷,U+AFF7,1,15,7,142,220,339,142,242,311,22,1
꿸,U+AFF8,1,15,8,142,220,340,142,242,312,23,1
꿹,U+AFF9,1,15,9,142,220,341,142,242,313,35,1
꿺,U+AFFA,1,15,10,142,220,342,142,242,314,26,1
꿻,U+AFFB,1,15,11,142,220,343,142,242,315,26,1
꿼,U+AFFC,1,15,12,142,220,344,142,242,316,40,1
꿽,U+AFFD,1,15,13,142,220,345,142,242,317,20,1
꿾,U+AFFE,1,15,14,142,220,346,142,242,318,26,1
꿿,U+AFFF,1,15,15,142,220,347,142,242,319,36,1
뀀,U+B000,1,15,16,142,220,348,142,242,320,35,1
뀁,U+B001,1,15,17,142,220,349,142,242,321,35,1
뀂,U+B002,1,15,18,142,220,350,142,242,322,44,1
뀃,U+B003,1,15,19,142,220,351,142,242,323,30,1
뀄,U+B004,1,15,20,142,220,352,142,242,324,36,1
뀅,U+B005,1,15,21,142,220,353,142,242,325,38,1
뀆,U+B006,1,15,22,142,220,354,142,242,326,22,1
뀇,U+B007,1,15,23,142,220,355,142,242,327,26,1
뀈,U+B008,1,15,24,142,220,356,142,242,328,20,1
뀉,U+B009,1,15,25,142,220,357,142,242,329,23,1
뀊,U+B00A,1,15,26,142,220,358,142,242,330,32,1
뀋,U+B00B,1,15,27,142,220,359,142,242,331,32,1
뀌,U+B00C,1,16,0,62,177,-1,82,199,-1,0,0
뀍,U+B00D,1,16,1,142,221,333,142,243,277,12,1
뀎,U+B00E,1,16,2,142,221,334,142,243,278,18,1
뀏,U+B00F,1,16,3,142,221,335,142,243,279,38,1
뀐,U+B010,1,16,4,142,221,336,142,243,280,19,1
뀑,U+B011,1,16,5,142,221,337,142,243,281,20,1
뀒,U+B012,1,16,6,142,221,338,142,243,282,22,1
뀓,U+B013,1,16,7,142,221,339,142,243,283,18,1
뀔,U+B014,1,16,8,142,221,340,142,243,284,18,1
뀕,U+B015,1,16,9,142,221,341,142,243,285,28,1
뀖,U+B016,1,16,10,142,221,342,142,243,286,26,1
뀗,U+B017,1,16,11,142,221,343,142,243,287,26,1
뀘,U+B018,1,16,12,142,221,344,142,243,288,40,1
뀙,U+B019,1,16,13,142,221,345,142,243,289,20,1
뀚,U+B01A,1,16,14,142,221,346,142,243,290,26,1
뀛,U+B01B,1,16,15,142,221,347,142,243,291,36,1
뀜,U+B01C,1,16,16,142,221,348,142,243,292,25,1
뀝,U+B01D,1,16,17,142,221,349,142,243,293,25,1
뀞,U+B01E,1,16,18,142,221,350,142,243,294,44,1
뀟,U+B01F,1,16,19,142,221,351,142,243,295,30,1
뀠,U+B020,1,16,20,142,221,352,142,243,296,36,1
뀡,U+B021,1,16,21,142,221,353,142,243,297,34,1
뀢,U+B022,1,16,22,142,221,354,142,243,298,33,1
뀣,U+B023,1,16,23,142,221,355,142,243,299,24,1
뀤,U+B024,1,16,24,142,221,356,142,243,300,14,1
뀥,U+B025,1,16,25,142,221,357,142,243,301,20,1
뀦,U+B026,1,16,26,142,221,358,142,243,302,32,1
뀧,U+B027,1,16,27,142,221,359,142,243,303,28,1
뀨,U+B028,1,17,0,42,178,-1,42,200,-1,0,0
뀩,U+B029,1,17,1,122,222,305,122,244,333,18,1
뀪,U+B02A,1,17,2,122,222,306,122,244,334,31,1
뀫,U+B02B,1,17,3,122,222,307,122,244,335,36,1
뀬,U+B02C,1,17,4,122,222,308,122,244,336,23,1
뀭,U+B02D,1,17,5,122,222,309,122,244,337,39,1
뀮,U+B02E,1,17,6,122,222,310,122,244,338,33,1
뀯,U+B02F,1,17,7,122,222,311,122,244,339,21,1
뀰,U+B030,1,17,8,122,222,312,122,244,340,22,1
뀱,U+B031,1,17,9,122,222,313,122,244,341,35,1
뀲,U+B032,1,17,10,122,222,314,122,244,342,25,1
뀳,U+B033,1,17,11,122,222,315,122,244,343,25,1
뀴,U+B034,1,17,12,122,222,316,122,244,344,39,1
뀵,U+B035,1,17,13,122,222,317,122,244,345,19,1
뀶,U+B036,1,17,14,122,222,318,122,244,346,25,1
뀷,U+B037,1,17,15,122,222,319,122,244,347,35,1
뀸,U+B038,1,17,16,122,222,320,122,244,348,34,1
뀹,U+B039,1,17,17,122,222,321,122,244,349,34,1
뀺,U+B03A,1,17,18,122,222,322,122,244,350,42,1
뀻,U+B03B,1,17,19,122,222,323,122,244,351,29,1
뀼,U+B03C,1,17,20,122,222,324,122,244,352,36,1
뀽,U+B03D,1,17,21,122,222,325,122,244,353,37,1
뀾,U+B03E,1,17,22,122,222,326,122,244,354,22,1
뀿,U+B03F,1,17,23,122,222,327,122,244,355,25,1
끀,U+B040,1,17,24,122,222,328,122,244,356,19,1
끁,U+B041,1,17,25,122,222,329,122,244,357,22,1
끂,U+B042,1,17,26,122,222,330,122,244,358,32,1
끃,U+B043,1,17,27,122,222,331,122,244,359,32,1
끄,U+B044,1,18,0,22,179,-1,22,201,-1,0,0
끅,U+B045,1,18,1,102,223,277,122,245,333,43,1
끆,U+B046,1,18,2,102,223,278,122,245,334,49,1
끇,U+B047,1,18,3,102,223,279,122,245,335,69,1
끈,U+B048,1,18,4,102,223,280,122,245,336,50,1
끉,U+B049,1,18,5,102,223,281,122,245,337,51,1
끊,U+B04A,1,18,6,102,223,282,122,245,338,53,1
끋,U+B04B,1,18,7,102,223,283,122,245,339,49,1
끌,U+B04C,1,18,8,102,223,284,122,245,340,49,1
끍,U+B04D,1,18,9,102,223,285,122,245,341,59,1
끎,U+B04E,1,18,10,102,223,286,122,245,342,57,1
끏,U+B04F,1,18,11,102,223,287,122,245,343,57,1
끐,U+B050,1,18,12,102,223,288,122,245,344,71,1
끑,U+B051,1,18,13,102,223,289,122,245,345,51,1
끒,U+B052,1,18,14,102,223,290,122,245,346,57,1
끓,U+B053,1,18,15,102,223,291,122,245,347,67,1
끔,U+B054,1,18,16,102,223,292,122,245,348,56,1
끕,U+B055,1,18,17,102,223,293,122,245,349,56,1
끖,U+B056,1,18,18,102,223,294,122,245,350,75,1
끗,U+B057,1,18,19,102,223,295,122,245,351,61,1
끘,U+B058,1,18,20,102,223,296,122,245,352,67,1
끙,U+B059,1,18,21,102,223,297,122,245,353,65,1
끚,U+B05A,1,18,22,102,223,298,122,245,354,64,1
끛,U+B05B,1,18,23,102,223,299,122,245,355,55,1
끜,U+B05C,1,18,24,102,223,300,122,245,356,45,1
끝,U+B05D,1,18,25,102,223,301,122,245,357,51,1
끞,U+B05E,1,18,26,102,223,302,122,245,358,63,1
끟,U+B05F,1,18,27,102,223,303,122,245,359,59,1
끠,U+B060,1,19,0,62,180,-1,62,202,-1,0,0
끡,U+B061,1,19,1,142,224,333,142,246,277,12,1
끢,U+B062,1,19,2,142,224,334,142,246,278,18,1
끣,U+B063,1,19,3,142,224,335,142,246,279,38,1
끤,U+B064,1,19,4,142,224,336,142,246,280,19,1
끥,U+B065,1,19,5,142,224,337,142,246,281,20,1
끦,U+B066,1,19,6,142,224,338,142,246,282,22,1
끧,U+B067,1,19,7,142,224,339,142,246,283,18,1
끨,U+B068,1,19,8,142,224,340,142,246,284,18,1
끩,U+B069,1,19,9,142,224,341,142,246,285,28,1
끪,U+B06A,1,19,10,142,224,342,142,246,286,26,1
끫,U+B06B,1,19,11,142,224,343,142,246,287,26,1
끬,U+B06C,1,19,12,142,224,344,142,246,288,40,1
끭,U+B06D,1,19,13,142,224,345,142,246,289,20,1
끮,U+B06E,1,19,14,142,224,346,142,246,290,26,1
끯,U+B06F,1,19,15,142,224,347,142,246,291,36,1
끰,U+B070,1,19,16,142,224,348,142,246,292,25,1
끱,U+B071,1,19,17,142,224,349,142,246,293,25,1
끲,U+B072,1,19,18,142,224,350,142,246,294,44,1
끳,U+B073,1,19,19,142,224,351,142,246,295,30,1
끴,U+B074,1,19,20,142,224,352,142,246,296,36,1
끵,U+B075,1,19,21,142,224,353,142,246,297,34,1
끶,U+B076,1,19,22,142,224,354,142,246,298,33,1
끷,U+B077,1,19,23,142,224,355,142,246,299,24,1
끸,U+B078,1,19,24,142,224,356,142,246,300,14,1
끹,U+B079,1,19,25,142,224,357,142,246,301,20,1
끺,U+B07A,1,19,26,142,224,358,142,246,302,32,1
끻,U+B07B,1,19,27,142,224,359,142,246,303,28,1
끼,U+B07C,1,20,0,2,181,-1,2,203,-1,0,0
끽,U+B07D,1,20,1,82,225,249,102,247,277,15,1
끾,U+B07E,1,20,2,82,225,250,102,247,278,15,1
끿,U+B07F,1,20,3,82,225,251,102,247,279,15,1
낀,U+B080,1,20,4,82,225,252,102,247,280,15,1
낁,U+B081,1,20,5,82,225,253,102,247,281,15,1
낂,U+B082,1,20,6,82,225,254,102,247,282,15,1
낃,U+B083,1,20,7,82,225,255,102,247,283,15,1
낄,U+B084,1,20,8,82,225,256,102,247,284,15,1
낅,U+B085,1,20,9,82,225,257,102,247,285,15,1
낆,U+B086,1,20,10,82,225,258,102,247,286,15,1
낇,U+B087,1,20,11,82,225,259,102,247,287,15,1
낈,U+B088,1,20,12,82,225,260,102,247,288,15,1
낉,U+B089,1,20,13,82,225,261,102,247,289,15,1
낊,U+B08A,1,20,14,82,225,262,102,247,290,15,1
낋,U+B08B,1,20,15,82,225,263,102,247,291,15,1
낌,U+B08C,1,20,16,82,225,264,102,247,292,15,1
낍,U+B08D,1,20,17,82,225,265,102,247,293,15,1
낎,U+B08E,1,20,18,82,225,266,102,247,294,15,1
낏,U+B08F,1,20,19,82,225,267,102,247,295,15,1
낐,U+B090,1,20,20,82,225,268,102,247,296,15,1
낑,U+B091,1,20,21,82,225,269,102,247,297,15,1
낒,U+B092,1,20,22,82,225,270,102,247,298,15,1
낓,U+B093,1,20,23,82,225,271,102,247,299,15,1
낔,U+B094,1,20,24,82,225,272,102,247,300,15,1
낕,U+B095,1,20,25,82,225,273,102,247,301,15,1
낖,U+B096,1,20,26,82,225,274,102,247,302,15,1
낗,U+B097,1,20,27,82,225,275,102,247,303,15,1
나,U+B098,2,0,0,3,161,-1,3,183,-1,0,0
낙,U+B099,2,0,1,83,205,249,103,227,249,13,1
낚,U+B09A,2,0,2,83,205,250,103,227,250,13,1
낛,U+B09B,2,0,3,83,205,251,103,227,251,13,1
난,U+B09C,2,0,4,83,205,252,103,227,252,13,1
낝,U+B09D,2,0,5,83,205,253,103,227,253,13,1
낞,U+B09E,2,0,6,83,205,254,103,227,254,13,1
낟,U+B09F,2,0,7,83,205,255,103,227,255,13,1
날,U+B0A0,2,0,8,83,205,256,103,227,256,13,1
낡,U+B0A1,2,0,9,83,205,257,103,227,257,13,1
낢,U+B0A2,2,0,10,83,205,258,103,227,258,13,1
낣,U+B0A3,2,0,11,83,205,259,103,227,259,13,1
낤,U+B0A4,2,0,12,83,205,260,103,227,260,13,1
낥,U+B0A5,2,0,13,83,205,261,103,227,261,13,1
낦,U+B0A6,2,0,14,83,205,262,103,227,262,13,1
낧,U+B0A7,2,0,15,83,205,263,103,227,263,13,1
남,U+B0A8,2,0,16,83,205,264,103,227,264,13,1
납,U+B0A9,2,0,17,83,205,265,103,227,265,13,1
낪,U+B0AA,2,0,18,83,205,266,103,227,266,13,1
낫,U+B0AB,2,0,19,83,205,267,103,227,267,13,1
났,U+B0AC,2,0,20,83,205,268,103,227,268,13,1
낭,U+B0AD,2,0,21,83,205,269,103,227,269,13,1
낮,U+B0AE,2,0,22,83,205,270,103,227,270,13,1
낯,U+B0AF,2,0,23,83,205,271,103,227,271,13,1
낰,U+B0B0,2,0,24,83,205,272,103,227,272,13,1
낱,U+B0B1,2,0,25,83,205,273,103,227,273,13,1
낲,U+B0B2,2,0,26,83,205,274,103,227,274,13,1
낳,U+B0B3,2,0,27,83,205,275,103,227,275,13,1
내,U+B0B4,2,1,0,3,162,-1,3,184,-1,0,0
낵,U+B0B5,2,1,1,83,206,249,103,228,305,22,1
낶,U+B0B6,2,1,2,83,206,250,103,228,306,30,1
낷,U+B0B7,2,1,3,83,206,251,103,228,307,14,1
낸,U+B0B8,2,1,4,83,206,252,103,228,308,24,1
낹,U+B0B9,2,1,5,83,206,253,103,228,309,33,1
낺,U+B0BA,2,1,6,83,206,254,103,228,310,26,1
낻,U+B0BB,2,1,7,83,206,255,103,228,311,23,1
낼,U+B0BC,2,1,8,83,206,256,103,228,312,18,1
낽,U+B0BD,2,1,9,83,206,257,103,228,313,22,1
낾,U+B0BE,2,1,10,83,206,258,103,228,314,13,1
낿,U+B0BF,2,1,11,83,206,259,103,228,315,13,1
냀,U+B0C0,2,1,12,83,206,260,103,228,316,13,1
냁,U+B0C1,2,1,13,83,206,261,103,228,317,13,1
냂,U+B0C2,2,1,14,83,206,262,103,228,318,13,1
냃,U+B0C3,2,1,15,83,206,263,103,228,319,13,1
냄,U+B0C4,2,1,16,83,206,264,103,228,320,29,1
냅,U+B0C5,2,1,17,83,206,265,103,228,321,29,1
냆,U+B0C6,2,1,18,83,206,266,103,228,322,13,1
냇,U+B0C7,2,1,19,83,206,267,103,228,323,13,1
냈,U+B0C8,2,1,20,83,206,268,103,228,324,13,1
냉,U+B0C9,2,1,21,83,206,269,103,228,325,29,1
냊,U+B0CA,2,1,22,83,206,270,103,228,326,32,1
냋,U+B0CB,2,1,23,83,206,271,103,228,327,19,1
냌,U+B0CC,2,1,24,83,206,272,103,228,328,21,1
냍,U+B0CD,2,1,25,83,206,273,103,228,329,16,1
냎,U+B0CE,2,1,26,83,206,274,103,228,330,17,1
냏,U+B0CF,2,1,27,83,206,275,103,228,331,19,1
냐,U+B0D0,2,2,0,3,163,-1,3,185,-1,0,0
냑,U+B0D1,2,2,1,83,207,249,103,229,249,13,1
냒,U+B0D2,2,2,2,83,207,250,103,229,250,13,1
냓,U+B0D3,2,2,3,83,207,251,103,229,251,13,1
냔,U+B0D4,2,2,4,83,207,252,103,229,252,13,1
냕,U+B0D5,2,2,5,83,207,253,103,229,253,13,1
냖,U+B0D6,2,2,6,83,207,254,103,229,254,13,1
냗,U+B0D7,2,2,7,83,207,255,103,229,255,13,1
냘,U+B0D8,2,2,8,83,207,256,103,229,256,13,1
냙,U+B0D9,2,2,9,83,207,257,103,229,257,13,1
냚,U+B0DA,2,2,10,83,207,258,103,229,258,13,1
냛,U+B0DB,2,2,11,83,207,259,103,229,259,13,1
냜,U+B0DC,2,2,12,83,207,260,103,229,260,13,1
냝,U+B0DD,2,2,13,83,207,261,103,229,261,13,1
냞,U+B0DE,2,2,14,83,207,262,103,229,262,13,1
냟,U+B0DF,2,2,15,83,207,263,103,229,263,13,1
냠,U+B0E0,2,2,16,83,207,264,103,229,264,13,1
냡,U+B0E1,2,2,17,83,207,265,103,229,265,13,1
냢,U+B0E2,2,2,18,83,207,266,103,229,266,13,1
냣,U+B0E3,2,2,19,83,207,267,103,229,267,13,1
냤,U+B0E4,2,2,20,83,207,268,103,229,268,13,1
냥,U+B0E5,2,2,21,83,207,269,103,229,269,13,1
냦,U+B0E6,2,2,22,83,207,270,103,229,270,13,1
냧,U+B0E7,2,2,23,83,207,271,103,229,271,13,1
냨,U+B0E8,2,2,24,83,207,272,103,229,272,13,1
냩,U+B0E9,2,2,25,83,207,273,103,229,273,13,1
냪,U+B0EA,2,2,26,83,207,274,103,229,274,13,1
냫,U+B0EB,2,2,27,83,207,275,103,229,275,13,1
냬,U+B0EC,2,3,0,3,164,-1,3,186,-1,0,0
냭,U+B0ED,2,3,1,83,208,249,103,230,305,22,1
냮,U+B0EE,2,3,2,83,208,250,103,230,306,30,1
냯,U+B0EF,2,3,3,83,208,251,103,230,307,14,1
냰,U+B0F0,2,3,4,83,208,252,103,230,308,24,1
냱,U+B0F1,2,3,5,83,208,253,103,230,309,33,1
냲,U+B0F2,2,3,6,83,208,254,103,230,310,26,1
냳,U+B0F3,2,3,7,83,208,255,103,230,311,23,1
냴,U+B0F4,2,3,8,83,208,256,103,230,312,18,1
냵,U+B0F5,2,3,9,83,208,257,103,230,313,22,1
냶,U+B0F6,2,3,10,83,208,258,103,230,314,13,1
냷,U+B0F7,2,3,11,83,208,259,103,230,315,13,1
냸,U+B0F8,2,3,12,83,208,260,103,230,316,13,1
냹,U+B0F9,2,3,13,83,208,261,103,230,317,13,1
냺,U+B0FA,2,3,14,83,208,262,103,230,318,13,1
냻,U+B0FB,2,3,15,83,208,263,103,230,319,13,1
냼,U+B0FC,2,3,16,83,208,264,103,230,320,29,1
냽,U+B0FD,2,3,17,83,208,265,103,230,321,29,1
냾,U+B0FE,2,3,18,83,208,266,103,230,322,13,1
냿,U+B0FF,2,3,19,83,208,267,103,230,323,13,1
넀,U+B100,2,3,20,83,208,268,103,230,324,13,1
넁,U+B101,2,3,21,83,208,269,103,230,325,29,1
넂,U+B102,2,3,22,83,208,270,103,230,326,32,1
넃,U+B103,2,3,23,83,208,271,103,230,327,19,1
넄,U+B104,2,3,24,83,208,272,103,230,328,21,1
넅,U+B105,2,3,25,83,208,273,103,230,329,16,1
넆,U+B106,2,3,26,83,208,274,103,230,330,17,1
넇,U+B107,2,3,27,83,208,275,103,230,331,19,1
너,U+B108,2,4,0,3,165,-1,3,187,-1,0,0
넉,U+B109,2,4,1,83,209,249,103,231,277,13,1
넊,U+B10A,2,4,2,83,209,250,103,231,278,13,1
넋,U+B10B,2,4,3,83,209,251,103,231,279,13,1
넌,U+B10C,2,4,4,83,209,252,103,231,280,13,1
넍,U+B10D,2,4,5,83,209,253,103,231,281,13,1
넎,U+B10E,2,4,6,83,209,254,103,231,282,13,1
넏,U+B10F,2,4,7,83,209,255,103,231,283,13,1
널,U+B110,2,4,8,83,209,256,103,231,284,13,1
넑,U+B111,2,4,9,83,209,257,103,231,285,13,1
넒,U+B112,2,4,10,83,209,258,103,231,286,13,1
넓,U+B113,2,4,11,83,209,259,103,231,287,13,1
넔,U+B114,2,4,12,83,209,260,103,231,288,13,1
넕,U+B115,2,4,13,83,209,261,103,231,289,13,1
넖,U+B116,2,4,14,83,209,262,103,231,290,13,1
넗,U+B117,2,4,15,83,209,263,103,231,291,13,1
넘,U+B118,2,4,16,83,209,264,103,231,292,13,1
넙,U+B119,2,4,17,83,209,265,103,231,293,13,1
넚,U+B11A,2,4,18,83,209,266,103,231,294,13,1
넛,U+B11B,2,4,19,83,209,267,103,231,295,13,1
넜,U+B11C,2,4,20,83,209,268,103,231,296,13,1
넝,U+B11D,2,4,21,83,209,269,103,231,297,13,1
넞,U+B11E,2,4,22,83,209,270,103,231,298,13,1
넟,U+B11F,2,4,23,83,209,271,103,231,299,13,1
넠,U+B120,2,4,24,83,209,272,103,231,300,13,1
넡,U+B121,2,4,25,83,209,273,103,231,301,13,1
넢,U+B122,2,4,26,83,209,274,103,231,302,13,1
넣,U+B123,2,4,27,83,209,275,103,231,303,13,1
네,U+B124,2,5,0,3,166,-1,3,188,-1,0,0
넥,U+B125,2,5,1,83,210,249,103,232,305,22,1
넦,U+B126,2,5,2,83,210,250,103,232,306,30,1
넧,U+B127,2,5,3,83,210,251,103,232,307,14,1
넨,U+B128,2,5,4,83,210,252,103,232,308,24,1
넩,U+B129,2,5,5,83,210,253,103,232,309,33,1
넪,U+B12A,2,5,6,83,210,254,103,232,310,26,1
넫,U+B12B,2,5,7,83,210,255,103,232,311,23,1
넬,U+B12C,2,5,8,83,210,256,103,232,312,18,1
넭,U+B12D,2,5,9,83,210,257,103,232,313,22,1
넮,U+B12E,2,5,10,83,210,258,103,232,314,13,1
넯,U+B12F,2,5,11,83,210,259,103,232,315,13,1
넰,U+B130,2,5,12,83,210,260,103,232,316,13,1
넱,U+B131,2,5,13,83,210,261,103,232,317,13,1
넲,U+B132,2,5,14,83,210,262,103,232,318,13,1
넳,U+B133,2,5,15,83,210,263,103,232,319,13,1
넴,U+B134,2,5,16,83,210,264,103,232,320,29,1
넵,U+B135,2,5,17,83,210,265,103,232,321,29,1
넶,U+B136,2,5,18,83,210,266,103,232,322,13,1
넷,U+B137,2,5,19,83,210,267,103,232,323,13,1
넸,U+B138,2,5,20,83,210,268,103,232,324,13,1
넹,U+B139,2,5,21,83,210,269,103,232,325,29,1
넺,U+B13A,2,5,22,83,210,270,103,232,326,32,1
넻,U+B13B,2,5,23,83,210,271,103,232,327,19,1
넼,U+B13C,2,5,24,83,210,272,103,232,328,21,1
넽,U+B13D,2,5,25,83,210,273,103,232,329,16,1
넾,U+B13E,2,5,26,83,210,274,103,232,330,17,1
넿,U+B13F,2,5,27,83,210,275,103,232,331,19,1
녀,U+B140,2,6,0,3,167,-1,3,189,-1,0,0
녁,U+B141,2,6,1,83,211,249,103,233,277,12,1
녂,U+B142,2,6,2,83,211,250,103,233,278,12,1
녃,U+B143,2,6,3,83,211,251,103,233,279,12,1
년,U+B144,2,6,4,83,211,252,103,233,280,12,1
녅,U+B145,2,6,5,83,211,253,103,233,281,12,1
녆,U+B146,2,6,6,83,211,254,103,233,282,12,1
녇,U+B147,2,6,7,83,211,255,103,233,283,12,1
녈,U+B148,2,6,8,83,211,256,103,233,284,12,1
녉,U+B149,2,6,9,83,211,257,103,233,285,12,1
녊,U+B14A,2,6,10,83,211,258,103,233,286,12,1
녋,U+B14B,2,6,11,83,211,259,103,233,287,12,1
녌,U+B14C,2,6,12,83,211,260,103,233,288,12,1
녍,U+B14D,2,6,13,83,211,261,103,233,289,12,1
녎,U+B14E,2,6,14,83,211,262,103,233,290,12,1
녏,U+B14F,2,6,15,83,211,263,103,233,291,12,1
념,U+B150,2,6,16,83,211,264,103,233,292,12,1
녑,U+B151,2,6,17,83,211,265,103,233,293,12,1
녒,U+B152,2,6,18,83,211,266,103,233,294,12,1
녓,U+B153,2,6,19,83,211,267,103,233,295,12,1
녔,U+B154,2,6,20,83,211,268,103,233,296,12,1
녕,U+B155,2,6,21,83,211,269,103,233,297,12,1
녖,U+B156,2,6,22,83,211,270,103,233,298,12,1
녗,U+B157,2,6,23,83,211,271,103,233,299,12,1
녘,U+B158,2,6,24,83,211,272,103,233,300,12,1
녙,U+B159,2,6,25,83,211,273,103,233,301,12,1
녚,U+B15A,2,6,26,83,211,274,103,233,302,12,1
녛,U+B15B,2,6,27,83,211,275,103,233,303,12,1
녜,U+B15C,2,7,0,3,168,-1,3,190,-1,0,0
녝,U+B15D,2,7,1,83,212,249,103,234,305,20,1
녞,U+B15E,2,7,2,83,212,250,103,234,306,28,1
녟,U+B15F,2,7,3,83,212,251,103,234,307,12,1
녠,U+B160,2,7,4,83,212,252,103,234,308,22,1
녡,U+B161,2,7,5,83,212,253,103,234,309,31,1
녢,U+B162,2,7,6,83,212,254,103,234,310,24,1
녣,U+B163,2,7,7,83,212,255,103,234,311,21,1
녤,U+B164,2,7,8,83,212,256,103,234,312,16,1
녥,U+B165,2,7,9,83,212,257,103,234,313,20,1
녦,U+B166,2,7,10,83,212,258,103,234,314,11,1
녧,U+B167,2,7,11,83,212,259,103,234,315,11,1
녨,U+B168,2,7,12,83,212,260,103,234,316,11,1
녩,U+B169,2,7,13,83,212,261,103,234,317,11,1
녪,U+B16A,2,7,14,83,212,262,103,234,318,11,1
녫,U+B16B,2,7,15,83,212,263,103,234,319,11,1
녬,U+B16C,2,7,16,83,212,264,103,234,320,27,1
녭,U+B16D,2,7,17,83,212,265,103,234,321,27,1
녮,U+B16E,2,7,18,83,212,266,103,234,322,11,1
녯,U+B16F,2,7,19,83,212,267,103,234,323,11,1
녰,U+B170,2,7,20,83,212,268,103,234,324,11,1
녱,U+B171,2,7,21,83,212,269,103,234,325,27,1
녲,U+B172,2,7,22,83,212,270,103,234,326,30,1
녳,U+B173,2,7,23,83,212,271,103,234,327,17,1
녴,U+B174,2,7,24,83,212,272,103,234,328,19,1
녵,U+B175,2,7,25,83,212,273,103,234,329,14,1
녶,U+B176,2,7,26,83,212,274,103,234,330,15,1
녷,U+B177,2,7,27,83,212,275,103,234,331,17,1
노,U+B178,2,8,0,23,169,-1,23,191,-1,0,0
녹,U+B179,2,8,1,103,213,277,123,235,333,39,1
녺,U+B17A,2,8,2,103,213,278,123,235,334,45,1
녻,U+B17B,2,8,3,103,213,279,123,235,335,65,1
논,U+B17C,2,8,4,103,213,280,123,235,336,46,1
녽,U+B17D,2,8,5,103,213,281,123,235,337,47,1
녾,U+B17E,2,8,6,103,213,282,123,235,338,49,1
녿,U+B17F,2,8,7,103,213,283,123,235,339,45,1
놀,U+B180,2,8,8,103,213,284,123,235,340,45,1
놁,U+B181,2,8,9,103,213,285,123,235,341,55,1
놂,U+B182,2,8,10,103,213,286,123,235,342,53,1
놃,U+B183,2,8,11,103,213,287,123,235,343,53,1
놄,U+B184,2,8,12,103,213,288,123,235,344,67,1
놅,U+B185,2,8,13,103,213,289,123,235,345,47,1
놆,U+B186,2,8,14,103,213,290,123,235,346,53,1
놇,U+B187,2,8,15,103,213,291,123,235,347,63,1
놈,U+B188,2,8,16,103,213,292,123,235,348,52,1
놉,U+B189,2,8,17,103,213,293,123,235,349,52,1
놊,U+B18A,2,8,18,103,213,294,123,235,350,71,1
놋,U+B18B,2,8,19,103,213,295,123,235,351,57,1
놌,U+B18C,2,8,20,103,213,296,123,235,352,63,1
농,U+B18D,2,8,21,103,213,297,123,235,353,61,1
놎,U+B18E,2,8,22,103,213,298,123,235,354,60,1
놏,U+B18F,2,8,23,103,213,299,123,235,355,51,1
놐,U+B190,2,8,24,103,213,300,123,235,356,41,1
놑,U+B191,2,8,25,103,213,301,123,235,357,47,1
높,U+B192,2,8,26,103,213,302,123,235,358,59,1
놓,U+B193,2,8,27,103,213,303,123,235,359,55,1
놔,U+B194,2,9,0,63,170,-1,63,192,-1,0,0
놕,U+B195,2,9,1,143,214,333,143,236,249,12,1
놖,U+B196,2,9,2,143,214,334,143,236,250,18,1
놗,U+B197,2,9,3,143,214,335,143,236,251,38,1
놘,U+B198,2,9,4,143,214,336,143,236,252,19,1
놙,U+B199,2,9,5,143,214,337,143,236,253,20,1
놚,U+B19A,2,9,6,143,214,338,143,236,254,22,1
놛,U+B19B,2,9,7,143,214,339,143,236,255,18,1
놜,U+B19C,2,9,8,143,214,340,143,236,256,18,1
놝,U+B19D,2,9,9,143,214,341,143,236,257,28,1
놞,U+B19E,2,9,10,143,214,342,143,236,258,26,1
놟,U+B19F,2,9,11,143,214,343,143,236,259,26,1
놠,U+B1A0,2,9,12,143,214,344,143,236,260,40,1
놡,U+B1A1,2,9,13,143,214,345,143,236,261,20,1
놢,U+B1A2,2,9,14,143,214,346,143,236,262,26,1
놣,U+B1A3,2,9,15,143,214,347,143,236,263,36,1
놤,U+B1A4,2,9,16,143,214,348,143,236,264,25,1
놥,U+B1A5,2,9,17,143,214,349,143,236,265,25,1
놦,U+B1A6,2,9,18,143,214,350,143,236,266,44,1
놧,U+B1A7,2,9,19,143,214,351,143,236,267,30,1
놨,U+B1A8,2,9,20,143,214,352,143,236,268,36,1
놩,U+B1A9,2,9,21,143,214,353,143,236,269,34,1
놪,U+B1AA,2,9,22,143,214,354,143,236,270,33,1
놫,U+B1AB,2,9,23,143,214,355,143,236,271,24,1
놬,U+B1AC,2,9,24,143,214,356,143,236,272,14,1
놭,U+B1AD,2,9,25,143,214,357,143,236,273,20,1
놮,U+B1AE,2,9,26,143,214,358,143,236,274,32,1
놯,U+B1AF,2,9,27,143,214,359,143,236,275,28,1
놰,U+B1B0,2,10,0,63,171,-1,63,193,-1,0,0
놱,U+B1B1,2,10,1,143,215,333,143,237,305,19,1
놲,U+B1B2,2,10,2,143,215,334,143,237,306,31,1
놳,U+B1B3,2,10,3,143,215,335,143,237,307,37,1
놴,U+B1B4,2,10,4,143,215,336,143,237,308,24,1
놵,U+B1B5,2,10,5,143,215,337,143,237,309,40,1
놶,U+B1B6,2,10,6,143,215,338,143,237,310,33,1
놷,U+B1B7,2,10,7,143,215,339,143,237,311,22,1
놸,U+B1B8,2,10,8,143,215,340,143,237,312,23,1
놹,U+B1B9,2,10,9,143,215,341,143,237,313,35,1
놺,U+B1BA,2,10,10,143,215,342,143,237,314,26,1
놻,U+B1BB,2,10,11,143,215,343,143,237,315,26,1
놼,U+B1BC,2,10,12,143,215,344,143,237,316,40,1
놽,U+B1BD,2,10,13,143,215,345,143,237,317,20,1
놾,U+B1BE,2,10,14,143,215,346,143,237,318,26,1
놿,U+B1BF,2,10,15,143,215,347,143,237,319,36,1
뇀,U+B1C0,2,10,16,143,215,348,143,237,320,35,1
뇁,U+B1C1,2,10,17,143,215,349,143,237,321,35,1
뇂,U+B1C2,2,10,18,143,215,350,143,237,322,44,1
뇃,U+B1C3,2,10,19,143,215,351,143,237,323,30,1
뇄,U+B1C4,2,10,20,143,215,352,143,237,324,36,1
뇅,U+B1C5,2,10,21,143,215,353,143,237,325,38,1
뇆,U+B1C6,2,10,22,143,215,354,143,237,326,22,1
뇇,U+B1C7,2,10,23,143,215,355,143,237,327,26,1
뇈,U+B1C8,2,10,24,143,215,356,143,237,328,20,1
뇉,U+B1C9,2,10,25,143,215,357,143,237,329,23,1
뇊,U+B1CA,2,10,26,143,215,358,143,237,330,32,1
뇋,U+B1CB,2,10,27,143,215,359,143,237,331,32,1
뇌,U+B1CC,2,11,0,63,172,-1,63,194,-1,0,0
뇍,U+B1CD,2,11,1,143,216,333,143,238,277,12,1
뇎,U+B1CE,2,11,2,143,216,334,143,238,278,18,1
뇏,U+B1CF,2,11,3,143,216,335,143,238,279,38,1
뇐,U+B1D0,2,11,4,143,216,336,143,238,280,19,1
뇑,U+B1D1,2,11,5,143,216,337,143,238,281,20,1
뇒,U+B1D2,2,11,6,143,216,338,143,238,282,22,1
뇓,U+B1D3,2,11,7,143,216,339,143,238,283,18,1
뇔,U+B1D4,2,11,8,143,216,340,143,238,284,18,1
뇕,U+B1D5,2,11,9,143,216,341,143,238,285,28,1
뇖,U+B1D6,2,11,10,143,216,342,143,238,286,26,1
뇗,U+B1D7,2,11,11,143,216,343,143,238,287,26,1
뇘,U+B1D8,2,11,12,143,216,344,143,238,288,40,1
뇙,U+B1D9,2,11,13,143,216,345,143,238,289,20,1
뇚,U+B1DA,2,11,14,143,216,346,143,238,290,26,1
뇛,U+B1DB,2,11,15,143,216,347,143,238,291,36,1
뇜,U+B1DC,2,11,16,143,216,348,143,238,292,25,1
뇝,U+B1DD,2,11,17,143,216,349,143,238,293,25,1
뇞,U+B1DE,2,11,18,143,216,350,143,238,294,44,1
뇟,U+B1DF,2,11,19,143,216,351,143,238,295,30,1
뇠,U+B1E0,2,11,20,143,216,352,143,238,296,36,1
뇡,U+B1E1,2,11,21,143,216,353,143,238,297,34,1
뇢,U+B1E2,2,11,22,143,216,354,143,238,298,33,1
뇣,U+B1E3,2,11,23,143,216,355,143,238,299,24,1
뇤,U+B1E4,2,11,24,143,216,356,143,238,300,14,1
뇥,U+B1E5,2,11,25,143,216,357,143,238,301,20,1
뇦,U+B1E6,2,11,26,143,216,358,143,238,302,32,1
뇧,U+B1E7,2,11,27,143,216,359,143,238,303,28,1
뇨,U+B1E8,2,12,0,23,173,-1,23,195,-1,0,0
뇩,U+B1E9,2,12,1,103,217,277,123,239,333,42,1
뇪,U+B1EA,2,12,2,103,217,278,123,239,334,48,1
뇫,U+B1EB,2,12,3,103,217,279,123,239,335,68,1
뇬,U+B1EC,2,12,4,103,217,280,123,239,336,49,1
뇭,U+B1ED,2,12,5,103,217,281,123,239,337,50,1
뇮,U+B1EE,2,12,6,103,217,282,123,239,338,52,1
뇯,U+B1EF,2,12,7,103,217,283,123,239,339,48,1
뇰,U+B1F0,2,12,8,103,217,284,123,239,340,48,1
뇱,U+B1F1,2,12,9,103,217,285,123,239,341,58,1
뇲,U+B1F2,2,12,10,103,217,286,123,239,342,56,1
뇳,U+B1F3,2,12,11,103,217,287,123,239,343,56,1
뇴,U+B1F4,2,12,12,103,217,288,123,239,344,70,1
뇵,U+B1F5,2,12,13,103,217,289,123,239,345,50,1
뇶,U+B1F6,2,12,14,103,217,290,123,239,346,56,1
뇷,U+B1F7,2,12,15,103,217,291,123,239,347,66,1
뇸,U+B1F8,2,12,16,103,217,292,123,239,348,55,1
뇹,U+B1F9,2,12,17,103,217,293,123,239,349,55,1
뇺,U+B1FA,2,12,18,103,217,294,123,239,350,74,1
뇻,U+B1FB,2,12,19,103,217,295,123,239,351,60,1
뇼,U+B1FC,2,12,20,103,217,296,123,239,352,66,1
뇽,U+B1FD,2,12,21,103,217,297,123,239,353,64,1
뇾,U+B1FE,2,12,22,103,217,298,123,239,354,63,1
뇿,U+B1FF,2,12,23,103,217,299,123,239,355,54,1
눀,U+B200,2,12,24,103,217,300,123,239,356,44,1
눁,U+B201,2,12,25,103,217,301,123,239,357,50,1
눂,U+B202,2,12,26,103,217,302,123,239,358,62,1
눃,U+B203,2,12,27,103,217,303,123,239,359,58,1
누,U+B204,2,13,0,43,174,-1,43,196,-1,0,0
눅,U+B205,2,13,1,123,218,305,123,240,333,19,1
눆,U+B206,2,13,2,123,218,306,123,240,334,31,1
눇,U+B207,2,13,3,123,218,307,123,240,335,37,1
눈,U+B208,2,13,4,123,218,308,123,240,336,23,1
눉,U+B209,2,13,5,123,218,309,123,240,337,39,1
눊,U+B20A,2,13,6,123,218,310,123,240,338,33,1
눋,U+B20B,2,13,7,123,218,311,123,240,339,22,1
눌,U+B20C,2,13,8,123,218,312,123,240,340,23,1
눍,U+B20D,2,13,9,123,218,313,123,240,341,35,1
눎,U+B20E,2,13,10,123,218,314,123,240,342,26,1
눏,U+B20F,2,13,11,123,218,315,123,240,343,26,1
눐,U+B210,2,13,12,123,218,316,123,240,344,40,1
눑,U+B211,2,13,13,123,218,317,123,240,345,20,1
눒,U+B212,2,13,14,123,218,318,123,240,346,26,1
눓,U+B213,2,13,15,123,218,319,123,240,347,36,1
눔,U+B214,2,13,16,123,218,320,123,240,348,35,1
눕,U+B215,2,13,17,123,218,321,123,240,349,34,1
눖,U+B216,2,13,18,123,218,322,123,240,350,43,1
눗,U+B217,2,13,19,123,218,323,123,240,351,29,1
눘,U+B218,2,13,20,123,218,324,123,240,352,35,1
눙,U+B219,2,13,21,123,218,325,123,240,353,37,1
눚,U+B21A,2,13,22,123,218,326,123,240,354,22,1
눛,U+B21B,2,13,23,123,218,327,123,240,355,25,1
눜,U+B21C,2,13,24,123,218,328,123,240,356,20,1
눝,U+B21D,2,13,25,123,218,329,123,240,357,23,1
눞,U+B21E,2,13,26,123,218,330,123,240,358,32,1
눟,U+B21F,2,13,27,123,218,331,123,240,359,31,1
눠,U+B220,2,14,0,63,175,-1,83,197,-1,0,0
눡,U+B221,2,14,1,143,219,333,143,241,277,12,1
눢,U+B222,2,14,2,143,219,334,143,241,278,18,1
눣,U+B223,2,14,3,143,219,335,143,241,279,38,1
눤,U+B224,2,14,4,143,219,336,143,241,280,19,1
눥,U+B225,2,14,5,143,219,337,143,241,281,20,1
눦,U+B226,2,14,6,143,219,338,143,241,282,22,1
눧,U+B227,2,14,7,143,219,339,143,241,283,18,1
눨,U+B228,2,14,8,143,219,340,143,241,284,18,1
눩,U+B229,2,14,9,143,219,341,143,241,285,28,1
눪,U+B22A,2,14,10,143,219,342,143,241,286,26,1
눫,U+B22B,2,14,11,143,219,343,143,241,287,26,1
눬,U+B22C,2,14,12,143,219,344,143,241,288,40,1
눭,U+B22D,2,14,13,143,219,345,143,241,289,20,1
눮,U+B22E,2,14,14,143,219,346,143,241,290,26,1
눯,U+B22F,2,14,15,143,219,347,143,241,291,36,1
눰,U+B230,2,14,16,143,219,348,143,241,292,25,1
눱,U+B231,2,14,17,143,219,349,143,241,293,25,1
눲,U+B232,2,14,18,143,219,350,143,241,294,44,1
눳,U+B233,2,14,19,143,219,351,143,241,295,30,1
눴,U+B234,2,14,20,143,219,352,143,241,296,36,1
눵,U+B235,2,14,21,143,219,353,143,241,297,34,1
눶,U+B236,2,14,22,143,219,354,143,241,298,33,1
눷,U+B237,2,14,23,143,219,355,143,241,299,24,1
눸,U+B238,2,14,24,143,219,356,143,241,300,14,1
눹,U+B239,2,14,25,143,219,357,143,241,301,20,1
눺,U+B23A,2,14,26,143,219,358,143,241,302,32,1
눻,U+B23B,2,14,27,143,219,359,143,241,303,28,1
눼,U+B23C,2,15,0,63,176,-1,83,198,-1,0,0
눽,U+B23D,2,15,1,143,220,333,143,242,305,19,1
눾,U+B23E,2,15,2,143,220,334,143,242,306,31,1
눿,U+B23F,2,15,3,143,220,335,143,242,307,37,1
뉀,U+B240,2,15,4,143,220,336,143,242,308,24,1
뉁,U+B241,2,15,5,143,220,337,143,242,309,40,1
뉂,U+B242,2,15,6,143,220,338,143,242,310,33,1
뉃,U+B243,2,15,7,143,220,339,143,242,311,22,1
뉄,U+B244,2,15,8,143,220,340,143,242,312,23,1
뉅,U+B245,2,15,9,143,220,341,143,242,313,35,1
뉆,U+B246,2,15,10,143,220,342,143,242,314,26,1
뉇,U+B247,2,15,11,143,220,343,143,242,315,26,1
뉈,U+B248,2,15,12,143,220,344,143,242,316,40,1
뉉,U+B249,2,15,13,143,220,345,143,242,317,20,1
뉊,U+B24A,2,15,14,143,220,346,143,242,318,26,1
뉋,U+B24B,2,15,15,143,220,347,143,242,319,36,1
뉌,U+B24C,2,15,16,143,220,348,143,242,320,35,1
뉍,U+B24D,2,15,17,143,220,349,143,242,321,35,1
뉎,U+B24E,2,15,18,143,220,350,143,242,322,44,1
뉏,U+B24F,2,15,19,143,220,351,143,242,323,30,1
뉐,U+B250,2,15,20,143,220,352,143,242,324,36,1
뉑,U+B251,2,15,21,143,220,353,143,242,325,38,1
뉒,U+B252,2,15,22,143,220,354,143,242,326,22,1
뉓,U+B253,2,15,23,143,220,355,143,242,327,26,1
뉔,U+B254,2,15,24,143,220,356,143,242,328,20,1
뉕,U+B255,2,15,25,143,220,357,143,242,329,23,1
뉖,U+B256,2,15,26,143,220,358,143,242,330,32,1
뉗,U+B257,2,15,27,143,220,359,143,242,331,32,1
뉘,U+B258,2,16,0,63,177,-1,83,199,-1,0,0
뉙,U+B259,2,16,1,143,221,333,143,243,277,12,1
뉚,U+B25A,2,16,2,143,221,334,143,243,278,18,1
뉛,U+B25B,2,16,3,143,221,335,143,243,279,38,1
뉜,U+B25C,2,16,4,143,221,336,143,243,280,19,1
뉝,U+B25D,2,16,5,143,221,337,143,243,281,20,1
뉞,U+B25E,2,16,6,143,221,338,143,243,282,22,1
뉟,U+B25F,2,16,7,143,221,339,143,243,283,18,1
뉠,U+B260,2,16,8,143,221,340,143,243,284,18,1
뉡,U+B261,2,16,9,143,221,341,143,243,285,28,1
뉢,U+B262,2,16,10,143,221,342,143,243,286,26,1
뉣,U+B263,2,16,11,143,221,343,143,243,287,26,1
뉤,U+B264,2,16,12,143,221,344,143,243,288,40,1
뉥,U+B265,2,16,13,143,221,345,143,243,289,20,1
뉦,U+B266,2,16,14,143,221,346,143,243,290,26,1
뉧,U+B267,2,16,15,143,221,347,143,243,291,36,1
뉨,U+B268,2,16,16,143,221,348,143,243,292,25,1
뉩,U+B269,2,16,17,143,221,349,143,243,293,25,1
뉪,U+B26A,2,16,18,143,221,350,143,243,294,44,1
뉫,U+B26B,2,16,19,143,221,351,143,243,295,30,1
뉬,U+B26C,2,16,20,143,221,352,143,243,296,36,1
뉭,U+B26D,2,16,21,143,221,353,143,243,297,34,1
뉮,U+B26E,2,16,22,143,221,354,143,243,298,33,1
뉯,U+B26F,2,16,23,143,221,355,143,243,299,24,1
뉰,U+B270,2,16,24,143,221,356,143,243,300,14,1
뉱,U+B271,2,16,25,143,221,357,143,243,301,20,1
뉲,U+B272,2,16,26,143,221,358,143,243,302,32,1
뉳,U+B273,2,16,27,143,221,359,143,243,303,28,1
뉴,U+B274,2,17,0,43,178,-1,43,200,-1,0,0
뉵,U+B275,2,17,1,123,222,305,123,244,333,18,1
뉶,U+B276,2,17,2,123,222,306,123,244,334,31,1
뉷,U+B277,2,17,3,123,222,307,123,244,335,36,1
뉸,U+B278,2,17,4,123,222,308,123,244,336,23,1
뉹,U+B279,2,17,5,123,222,309,123,244,337,39,1
뉺,U+B27A,2,17,6,123,222,310,123,244,338,33,1
뉻,U+B27B,2,17,7,123,222,311,123,244,339,21,1
뉼,U+B27C,2,17,8,123,222,312,123,244,340,22,1
뉽,U+B27D,2,17,9,123,222,313,123,244,341,35,1
뉾,U+B27E,2,17,10,123,222,314,123,244,342,25,1
뉿,U+B27F,2,17,11,123,222,315,123,244,343,25,1
늀,U+B280,2,17,12,123,222,316,123,244,344,39,1
늁,U+B281,2,17,13,123,222,317,123,244,345,19,1
늂,U+B282,2,17,14,123,222,318,123,244,346,25,1
늃,U+B283,2,17,15,123,222,319,123,244,347,35,1
늄,U+B284,2,17,16,123,222,320,123,244,348,34,1
늅,U+B285,2,17,17,123,222,321,123,244,349,34,1
늆,U+B286,2,17,18,123,222,322,123,244,350,42,1
늇,U+B287,2,17,19,123,222,323,123,244,351,29,1
늈,U+B288,2,17,20,123,222,324,123,244,352,36,1
늉,U+B289,2,17,21,123,222,325,123,244,353,37,1
늊,U+B28A,2,17,22,123,222,326,123,244,354,22,1
늋,U+B28B,2,17,23,123,222,327,123,244,355,25,1
늌,U+B28C,2,17,24,123,222,328,123,244,356,19,1
늍,U+B28D,2,17,25,123,222,329,123,244,357,22,1
늎,U+B28E,2,17,26,123,222,330,123,244,358,32,1
늏,U+B28F,2,17,27,123,222,331,123,244,359,32,1
느,U+B290,2,18,0,23,179,-1,23,201,-1,0,0
늑,U+B291,2,18,1,103,223,277,123,245,333,44,1
늒,U+B292,2,18,2,103,223,278,123,245,334,50,1
늓,U+B293,2,18,3,103,223,279,123,245,335,70,1
는,U+B294,2,18,4,103,223,280,123,245,336,51,1
늕,U+B295,2,18,5,103,223,281,123,245,337,52,1
늖,U+B296,2,18,6,103,223,282,123,245,338,54,1
늗,U+B297,2,18,7,103,223,283,123,245,339,50,1
늘,U+B298,2,18,8,103,223,284,123,245,340,50,1
늙,U+B299,2,18,9,103,223,285,123,245,341,60,1
늚,U+B29A,2,18,10,103,223,286,123,245,342,58,1
늛,U+B29B,2,18,11,103,223,287,123,245,343,58,1
늜,U+B29C,2,18,12,103,223,288,123,245,344,72,1
늝,U+B29D,2,18,13,103,223,289,123,245,345,52,1
늞,U+B29E,2,18,14,103,223,290,123,245,346,58,1
늟,U+B29F,2,18,15,103,223,291,123,245,347,68,1
늠,U+B2A0,2,18,16,103,223,292,123,245,348,57,1
늡,U+B2A1,2,18,17,103,223,293,123,245,349,57,1
늢,U+B2A2,2,18,18,103,223,294,123,245,350,76,1
늣,U+B2A3,2,18,19,103,223,295,123,245,351,62,1
늤,U+B2A4,2,18,20,103,223,296,123,245,352,68,1
능,U+B2A5,2,18,21,103,223,297,123,245,353,66,1
늦,U+B2A6,2,18,22,103,223,298,123,245,354,65,1
늧,U+B2A7,2,18,23,103,223,299,123,245,355,56,1
늨,U+B2A8,2,18,24,103,223,300,123,245,356,46,1
늩,U+B2A9,2,18,25,103,223,301,123,245,357,52,1
늪,U+B2AA,2,18,26,103,223,302,123,245,358,64,1
늫,U+B2AB,2,18,27,103,223,303,123,245,359,60,1
늬,U+B2AC,2,19,0,63,180,-1,63,202,-1,0,0
늭,U+B2AD,2,19,1,143,224,333,143,246,277,12,1
늮,U+B2AE,2,19,2,143,224,334,143,246,278,18,1
늯,U+B2AF,2,19,3,143,224,335,143,246,279,38,1
늰,U+B2B0,2,19,4,143,224,336,143,246,280,19,1
늱,U+B2B1,2,19,5,143,224,337,143,246,281,20,1
늲,U+B2B2,2,19,6,143,224,338,143,246,282,22,1
늳,U+B2B3,2,19,7,143,224,339,143,246,283,18,1
늴,U+B2B4,2,19,8,143,224,340,143,246,284,18,1
늵,U+B2B5,2,19,9,143,224,341,143,246,285,28,1
늶,U+B2B6,2,19,10,143,224,342,143,246,286,26,1
늷,U+B2B7,2,19,11,143,224,343,143,246,287,26,1
늸,U+B2B8,2,19,12,143,224,344,143,246,288,40,1
늹,U+B2B9,2,19,13,143,224,345,143,246,289,20,1
늺,U+B2BA,2,19,14,143,224,346,143,246,290,26,1
늻,U+B2BB,2,19,15,143,224,347,143,246,291,36,1
늼,U+B2BC,2,19,16,143,224,348,143,246,292,25,1
늽,U+B2BD,2,19,17,143,224,349,143,246,293,25,1
늾,U+B2BE,2,19,18,143,224,350,143,246,294,44,1
늿,U+B2BF,2,19,19,143,224,351,143,246,295,30,1
닀,U+B2C0,2,19,20,143,224,352,143,246,296,36,1
닁,U+B2C1,2,19,21,143,224,353,143,246,297,34,1
닂,U+B2C2,2,19,22,143,224,354,143,246,298,33,1
닃,U+B2C3,2,19,23,143,224,355,143,246,299,24,1
닄,U+B2C4,2,19,24,143,224,356,143,246,300,14,1
닅,U+B2C5,2,19,25,143,224,357,143,246,301,20,1
닆,U+B2C6,2,19,26,143,224,358,143,246,302,32,1
닇,U+B2C7,2,19,27,143,224,359,143,246,303,28,1
니,U+B2C8,2,20,0,3,181,-1,3,203,-1,0,0
닉,U+B2C9,2,20,1,83,225,249,103,247,277,13,1
닊,U+B2CA,2,20,2,83,225,250,103,247,278,13,1
닋,U+B2CB,2,20,3,83,225,251,103,247,279,13,1
닌,U+B2CC,2,20,4,83,225,252,103,247,280,13,1
닍,U+B2CD,2,20,5,83,225,253,103,247,281,13,1
닎,U+B2CE,2,20,6,83,225,254,103,247,282,13,1
닏,U+B2CF,2,20,7,83,225,255,103,247,283,13,1
닐,U+B2D0,2,20,8,83,225,256,103,247,284,13,1
닑,U+B2D1,2,20,9,83,225,257,103,247,285,13,1
닒,U+B2D2,2,20,10,83,225,258,103,247,286,13,1
닓,U+B2D3,2,20,11,83,225,259,103,247,287,13,1
닔,U+B2D4,2,20,12,83,225,260,103,247,288,13,1
닕,U+B2D5,2,20,13,83,225,261,103,247,289,13,1
닖,U+B2D6,2,20,14,83,225,262,103,247,290,13,1
닗,U+B2D7,2,20,15,83,225,263,103,247,291,13,1
님,U+B2D8,2,20,16,83,225,264,103,247,292,13,1
닙,U+B2D9,2,20,17,83,225,265,103,247,293,13,1
닚,U+B2DA,2,20,18,83,225,266,103,247,294,13,1
닛,U+B2DB,2,20,19,83,225,267,103,247,295,13,1
닜,U+B2DC,2,20,20,83,225,268,103,247,296,13,1
닝,U+B2DD,2,20,21,83,225,269,103,247,297,13,1
닞,U+B2DE,2,20,22,83,225,270,103,247,298,13,1
닟,U+B2DF,2,20,23,83,225,271,103,247,299,13,1
닠,U+B2E0,2,20,24,83,225,272,103,247,300,13,1
닡,U+B2E1,2,20,25,83,225,273,103,247,301,13,1
닢,U+B2E2,2,20,26,83,225,274,103,247,302,13,1
닣,U+B2E3,2,20,27,83,225,275,103,247,303,13,1
다,U+B2E4,3,0,0,4,161,-1,4,183,-1,0,0
닥,U+B2E5,3,0,1,84,205,249,104,227,249,13,1
닦,U+B2E6,3,0,2,84,205,250,104,227,250,13,1
닧,U+B2E7,3,0,3,84,205,251,104,227,251,13,1
단,U+B2E8,3,0,4,84,205,252,104,227,252,13,1
닩,U+B2E9,3,0,5,84,205,253,104,227,253,13,1
닪,U+B2EA,3,0,6,84,205,254,104,227,254,13,1
닫,U+B2EB,3,0,7,84,205,255,104,227,255,13,1
달,U+B2EC,3,0,8,84,205,256,104,227,256,13,1
닭,U+B2ED,3,0,9,84,205,257,104,227,257,13,1
닮,U+B2EE,3,0,10,84,205,258,104,227,258,13,1
닯,U+B2EF,3,0,11,84,205,259,104,227,259,13,1
닰,U+B2F0,3,0,12,84,205,260,104,227,260,13,1
닱,U+B2F1,3,0,13,84,205,261,104,227,261,13,1
닲,U+B2F2,3,0,14,84,205,262,104,227,262,13,1
닳,U+B2F3,3,0,15,84,205,263,104,227,263,13,1
담,U+B2F4,3,0,16,84,205,264,104,227,264,13,1
답,U+B2F5,3,0,17,84,205,265,104,227,265,13,1
닶,U+B2F6,3,0,18,84,205,266,104,227,266,13,1
닷,U+B2F7,3,0,19,84,205,267,104,227,267,13,1
닸,U+B2F8,3,0,20,84,205,268,104,227,268,13,1
당,U+B2F9,3,0,21,84,205,269,104,227,269,13,1
닺,U+B2FA,3,0,22,84,205,270,104,227,270,13,1
닻,U+B2FB,3,0,23,84,205,271,104,227,271,13,1
닼,U+B2FC,3,0,24,84,205,272,104,227,272,13,1
닽,U+B2FD,3,0,25,84,205,273,104,227,273,13,1
닾,U+B2FE,3,0,26,84,205,274,104,227,274,13,1
닿,U+B2FF,3,0,27,84,205,275,104,227,275,13,1
대,U+B300,3,1,0,4,162,-1,4,184,-1,0,0
댁,U+B301,3,1,1,84,206,249,104,228,305,22,1
댂,U+B302,3,1,2,84,206,250,104,228,306,30,1
댃,U+B303,3,1,3,84,206,251,104,228,307,14,1
댄,U+B304,3,1,4,84,206,252,104,228,308,24,1
댅,U+B305,3,1,5,84,206,253,104,228,309,33,1
댆,U+B306,3,1,6,84,206,254,104,228,310,26,1
댇,U+B307,3,1,7,84,206,255,104,228,311,23,1
댈,U+B308,3,1,8,84,206,256,104,228,312,18,1
댉,U+B309,3,1,9,84,206,257,104,228,313,22,1
댊,U+B30A,3,1,10,84,206,258,104,228,314,13,1
댋,U+B30B,3,1,11,84,206,259,104,228,315,13,1
댌,U+B30C,3,1,12,84,206,260,104,228,316,13,1
댍,U+B30D,3,1,13,84,206,261,104,228,317,13,1
댎,U+B30E,3,1,14,84,206,262,104,228,318,13,1
댏,U+B30F,3,1,15,84,206,263,104,228,319,13,1
댐,U+B310,3,1,16,84,206,264,104,228,320,29,1
댑,U+B311,3,1,17,84,206,265,104,228,321,29,1
댒,U+B312,3,1,18,84,206,266,104,228,322,13,1
댓,U+B313,3,1,19,84,206,267,104,228,323,13,1
댔,U+B314,3,1,20,84,206,268,104,228,324,13,1
댕,U+B315,3,1,21,84,206,269,104,228,325,29,1
댖,U+B316,3,1,22,84,206,270,104,228,326,32,1
댗,U+B317,3,1,23,84,206,271,104,228,327,19,1
댘,U+B318,3,1,24,84,206,272,104,228,328,21,1
댙,U+B319,3,1,25,84,206,273,104,228,329,16,1
댚,U+B31A,3,1,26,84,206,274,104,228,330,17,1
댛,U+B31B,3,1,27,84,206,275,104,228,331,19,1
댜,U+B31C,3,2,0,4,163,-1,4,185,-1,0,0
댝,U+B31D,3,2,1,84,207,249,104,229,249,13,1
댞,U+B31E,3,2,2,84,207,250,104,229,250,13,1
댟,U+B31F,3,2,3,84,207,251,104,229,251,13,1
댠,U+B320,3,2,4,84,207,252,104,229,252,13,1
댡,U+B321,3,2,5,84,207,253,104,229,253,13,1
댢,U+B322,3,2,6,84,207,254,104,229,254,13,1
댣,U+B323,3,2,7,84,207,255,104,229,255,13,1
댤,U+B324,3,2,8,84,207,256,104,229,256,13,1
댥,U+B325,3,2,9,84,207,257,104,229,257,13,1
댦,U+B326,3,2,10,84,207,258,104,229,258,13,1
댧,U+B327,3,2,11,84,207,259,104,229,259,13,1
댨,U+B328,3,2,12,84,207,260,104,229,260,13,1
댩,U+B329,3,2,13,84,207,261,104,229,261,13,1
댪,U+B32A,3,2,14,84,207,262,104,229,262,13,1
댫,U+B32B,3,2,15,84,207,263,104,229,263,13,1
댬,U+B32C,3,2,16,84,207,264,104,229,264,13,1
댭,U+B32D,3,2,17,84,207,265,104,229,265,13,1
댮,U+B32E,3,2,18,84,207,266,104,229,266,13,1
댯,U+B32F,3,2,19,84,207,267,104,229,267,13,1
댰,U+B330,3,2,20,84,207,268,104,229,268,13,1
댱,U+B331,3,2,21,84,207,269,104,229,269,13,1
댲,U+B332,3,2,22,84,207,270,104,229,270,13,1
댳,U+B333,3,2,23,84,207,271,104,229,271,13,1
댴,U+B334,3,2,24,84,207,272,104,229,272,13,1
댵,U+B335,3,2,25,84,207,273,104,229,273,13,1
댶,U+B336,3,2,26,84,207,274,104,229,274,13,1
댷,U+B337,3,2,27,84,207,275,104,229,275,13,1
댸,U+B338,3,3,0,4,164,-1,4,186,-1,0,0
댹,U+B339,3,3,1,84,208,249,104,230,305,22,1
댺,U+B33A,3,3,2,84,208,250,104,230,306,30,1
댻,U+B33B,3,3,3,84,208,251,104,230,307,14,1
댼,U+B33C,3,3,4,84,208,252,104,230,308,24,1
댽,U+B33D,3,3,5,84,208,253,104,230,309,33,1
댾,U+B33E,3,3,6,84,208,254,104,230,310,26,1
댿,U+B33F,3,3,7,84,208,255,104,230,311,23,1
덀,U+B340,3,3,8,84,208,256,104,230,312,18,1
덁,U+B341,3,3,9,84,208,257,104,230,313,22,1
덂,U+B342,3,3,10,84,208,258,104,230,314,13,1
덃,U+B343,3,3,11,84,208,259,104,230,315,13,1
덄,U+B344,3,3,12,84,208,260,104,230,316,13,1
덅,U+B345,3,3,13,84,208,261,104,230,317,13,1
덆,U+B346,3,3,14,84,208,262,104,230,318,13,1
덇,U+B347,3,3,15,84,208,263,104,230,319,13,1
덈,U+B348,3,3,16,84,208,264,104,230,320,29,1
덉,U+B349,3,3,17,84,208,265,104,230,321,29,1
덊,U+B34A,3,3,18,84,208,266,104,230,322,13,1
덋,U+B34B,3,3,19,84,208,267,104,230,323,13,1
덌,U+B34C,3,3,20,84,208,268,104,230,324,13,1
덍,U+B34D,3,3,21,84,208,269,104,230,325,29,1
덎,U+B34E,3,3,22,84,208,270,104,230,326,32,1
덏,U+B34F,3,3,23,84,208,271,104,230,327,19,1
덐,U+B350,3,3,24,84,208,272,104,230,328,21,1
덑,U+B351,3,3,25,84,208,273,104,230,329,16,1
덒,U+B352,3,3,26,84,208,274,104,230,330,17,1
덓,U+B353,3,3,27,84,208,275,104,230,331,19,1
더,U+B354,3,4,0,4,165,-1,4,187,-1,0,0
덕,U+B355,3,4,1,84,209,249,104,231,277,13,1
덖,U+B356,3,4,2,84,209,250,104,231,278,13,1
덗,U+B357,3,4,3,84,209,251,104,231,279,13,1
던,U+B358,3,4,4,84,209,252,104,231,280,13,1
덙,U+B359,3,4,5,84,209,253,104,231,281,13,1
덚,U+B35A,3,4,6,84,209,254,104,231,282,13,1
덛,U+B35B,3,4,7,84,209,255,104,231,283,13,1
덜,U+B35C,3,4,8,84,209,256,104,231,284,13,1
덝,U+B35D,3,4,9,84,209,257,104,231,285,13,1
덞,U+B35E,3,4,10,84,209,258,104,231,286,13,1
덟,U+B35F,3,4,11,84,209,259,104,231,287,13,1
덠,U+B360,3,4,12,84,209,260,104,231,288,13,1
덡,U+B361,3,4,13,84,209,261,104,231,289,13,1
덢,U+B362,3,4,14,84,209,262,104,231,290,13,1
덣,U+B363,3,4,15,84,209,263,104,231,291,13,1
덤,U+B364,3,4,16,84,209,264,104,231,292,13,1
덥,U+B365,3,4,17,84,209,265,104,231,293,13,1
덦,U+B366,3,4,18,84,209,266,104,231,294,13,1
덧,U+B367,3,4,19,84,209,267,104,231,295,13,1
덨,U+B368,3,4,20,84,209,268,104,231,296,13,1
덩,U+B369,3,4,21,84,209,269,104,231,297,13,1
덪,U+B36A,3,4,22,84,209,270,104,231,298,13,1
덫,U+B36B,3,4,23,84,209,271,104,231,299,13,1
덬,U+B36C,3,4,24,84,209,272,104,231,300,13,1
덭,U+B36D,3,4,25,84,209,273,104,231,301,13,1
덮,U+B36E,3,4,26,84,209,274,104,231,302,13,1
덯,U+B36F,3,4,27,84,209,275,104,231,303,13,1
데,U+B370,3,5,0,4,166,-1,4,188,-1,0,0
덱,U+B371,3,5,1,84,210,249,104,232,305,22,1
덲,U+B372,3,5,2,84,210,250,104,232,306,30,1
덳,U+B373,3,5,3,84,210,251,104,232,307,14,1
덴,U+B374,3,5,4,84,210,252,104,232,308,24,1
덵,U+B375,3,5,5,84,210,253,104,232,309,33,1
덶,U+B376,3,5,6,84,210,254,104,232,310,26,1
덷,U+B377,3,5,7,84,210,255,104,232,311,23,1
델,U+B378,3,5,8,84,210,256,104,232,312,18,1
덹,U+B379,3,5,9,84,210,257,104,232,313,22,1
덺,U+B37A,3,5,10,84,210,258,104,232,314,13,1
덻,U+B37B,3,5,11,84,210,259,104,232,315,13,1
덼,U+B37C,3,5,12,84,210,260,104,232,316,13,1
덽,U+B37D,3,5,13,84,210,261,104,232,317,13,1
덾,U+B37E,3,5,14,84,210,262,104,232,318,13,1
덿,U+B37F,3,5,15,84,210,263,104,232,319,13,1
뎀,U+B380,3,5,16,84,210,264,104,232,320,29,1
뎁,U+B381,3,5,17,84,210,265,104,232,321,29,1
뎂,U+B382,3,5,18,84,210,266,104,232,322,13,1
뎃,U+B383,3,5,19,84,210,267,104,232,323,13,1
뎄,U+B384,3,5,20,84,210,268,104,232,324,13,1
뎅,U+B385,3,5,21,84,210,269,104,232,325,29,1
뎆,U+B386,3,5,22,84,210,270,104,232,326,32,1
뎇,U+B387,3,5,23,84,210,271,104,232,327,19,1
뎈,U+B388,3,5,24,84,210,272,104,232,328,21,1
뎉,U+B389,3,5,25,84,210,273,104,232,329,16,1
뎊,U+B38A,3,5,26,84,210,274,104,232,330,17,1
뎋,U+B38B,3,5,27,84,210,275,104,232,331,19,1
뎌,U+B38C,3,6,0,4,167,-1,4,189,-1,0,0
뎍,U+B38D,3,6,1,84,211,249,104,233,277,13,1
뎎,U+B38E,3,6,2,84,211,250,104,233,278,13,1
뎏,U+B38F,3,6,3,84,211,251,104,233,279,13,1
뎐,U+B390,3,6,4,84,211,252,104,233,280,13,1
뎑,U+B391,3,6,5,84,211,253,104,233,281,13,1
뎒,U+B392,3,6,6,84,211,254,104,233,282,13,1
뎓,U+B393,3,6,7,84,211,255,104,233,283,13,1
뎔,U+B394,3,6,8,84,211,256,104,233,284,13,1
뎕,U+B395,3,6,9,84,211,257,104,233,285,13,1
뎖,U+B396,3,6,10,84,211,258,104,233,286,13,1
뎗,U+B397,3,6,11,84,211,259,104,233,287,13,1
뎘,U+B398,3,6,12,84,211,260,104,233,288,13,1
뎙,U+B399,3,6,13,84,211,261,104,233,289,13,1
뎚,U+B39A,3,6,14,84,211,262,104,233,290,13,1
뎛,U+B39B,3,6,15,84,211,263,104,233,291,13,1
뎜,U+B39C,3,6,16,84,211,264,104,233,292,13,1
뎝,U+B39D,3,6,17,84,211,265,104,233,293,13,1
뎞,U+B39E,3,6,18,84,211,266,104,233,294,13,1
뎟,U+B39F,3,6,19,84,211,267,104,233,295,13,1
뎠,U+B3A0,3,6,20,84,211,268,104,233,296,13,1
뎡,U+B3A1,3,6,21,84,211,269,104,233,297,13,1
뎢,U+B3A2,3,6,22,84,211,270,104,233,298,13,1
뎣,U+B3A3,3,6,23,84,211,271,104,233,299,13,1
뎤,U+B3A4,3,6,24,84,211,272,104,233,300,13,1
뎥,U+B3A5,3,6,25,84,211,273,104,233,301,13,1
뎦,U+B3A6,3,6,26,84,211,274,104,233,302,13,1
뎧,U+B3A7,3,6,27,84,211,275,104,233,303,13,1
뎨,U+B3A8,3,7,0,4,168,-1,4,190,-1,0,0
뎩,U+B3A9,3,7,1,84,212,249,104,234,305,21,1
뎪,U+B3AA,3,7,2,84,212,250,104,234,306,29,1
뎫,U+B3AB,3,7,3,84,212,251,104,234,307,13,1
뎬,U+B3AC,3,7,4,84,212,252,104,234,308,23,1
뎭,U+B3AD,3,7,5,84,212,253,104,234,309,32,1
뎮,U+B3AE,3,7,6,84,212,254,104,234,310,25,1
뎯,U+B3AF,3,7,7,84,212,255,104,234,311,22,1
뎰,U+B3B0,3,7,8,84,212,256,104,234,312,17,1
뎱,U+B3B1,3,7,9,84,212,257,104,234,313,21,1
뎲,U+B3B2,3,7,10,84,212,258,104,234,314,12,1
뎳,U+B3B3,3,7,11,84,212,259,104,234,315,12,1
뎴,U+B3B4,3,7,12,84,212,260,104,234,316,12,1
뎵,U+B3B5,3,7,13,84,212,261,104,234,317,12,1
뎶,U+B3B6,3,7,14,84,212,262,104,234,318,12,1
뎷,U+B3B7,3,7,15,84,212,263,104,234,319,12,1
뎸,U+B3B8,3,7,16,84,212,264,104,234,320,28,1
뎹,U+B3B9,3,7,17,84,212,265,104,234,321,28,1
뎺,U+B3BA,3,7,18,84,212,266,104,234,322,12,1
뎻,U+B3BB,3,7,19,84,212,267,104,234,323,12,1
뎼,U+B3BC,3,7,20,84,212,268,104,234,324,12,1
뎽,U+B3BD,3,7,21,84,212,269,104,234,325,28,1
뎾,U+B3BE,3,7,22,84,212,270,104,234,326,31,1
뎿,U+B3BF,3,7,23,84,212,271,104,234,327,18,1
돀,U+B3C0,3,7,24,84,212,272,104,234,328,20,1
돁,U+B3C1,3,7,25,84,212,273,104,234,329,15,1
돂,U+B3C2,3,7,26,84,212,274,104,234,330,16,1
돃,U+B3C3,3,7,27,84,212,275,104,234,331,18,1
도,U+B3C4,3,8,0,24,169,-1,24,191,-1,0,0
독,U+B3C5,3,8,1,104,213,277,124,235,333,43,1
돆,U+B3C6,3,8,2,104,213,278,124,235,334,49,1
돇,U+B3C7,3,8,3,104,213,279,124,235,335,69,1
돈,U+B3C8,3,8,4,104,213,280,124,235,336,50,1
돉,U+B3C9,3,8,5,104,213,281,124,235,337,51,1
돊,U+B3CA,3,8,6,104,213,282,124,235,338,53,1
돋,U+B3CB,3,8,7,104,213,283,124,235,339,49,1
돌,U+B3CC,3,8,8,104,213,284,124,235,340,49,1
돍,U+B3CD,3,8,9,104,213,285,124,235,341,59,1
돎,U+B3CE,3,8,10,104,213,286,124,235,342,57,1
돏,U+B3CF,3,8,11,104,213,287,124,235,343,57,1
돐,U+B3D0,3,8,12,104,213,288,124,235,344,71,1
돑,U+B3D1,3,8,13,104,213,289,124,235,345,51,1
돒,U+B3D2,3,8,14,104,213,290,124,235,346,57,1
돓,U+B3D3,3,8,15,104,213,291,124,235,347,67,1
돔,U+B3D4,3,8,16,104,213,292,124,235,348,56,1
돕,U+B3D5,3,8,17,104,213,293,124,235,349,56,1
돖,U+B3D6,3,8,18,104,213,294,124,235,350,75,1
돗,U+B3D7,3,8,19,104,213,295,124,235,351,61,1
돘,U+B3D8,3,8,20,104,213,296,124,235,352,67,1
동,U+B3D9,3,8,21,104,213,297,124,235,353,65,1
돚,U+B3DA,3,8,22,104,213,298,124,235,354,64,1
돛,U+B3DB,3,8,23,104,213,299,124,235,355,55,1
돜,U+B3DC,3,8,24,104,213,300,124,235,356,45,1
돝,U+B3DD,3,8,25,104,213,301,124,235,357,51,1
돞,U+B3DE,3,8,26,104,213,302,124,235,358,63,1
돟,U+B3DF,3,8,27,104,213,303,124,235,359,59,1
돠,U+B3E0,3,9,0,64,170,-1,64,192,-1,0,0
돡,U+B3E1,3,9,1,144,214,333,144,236,249,12,1
돢,U+B3E2,3,9,2,144,214,334,144,236,250,18,1
돣,U+B3E3,3,9,3,144,214,335,144,236,251,38,1
돤,U+B3E4,3,9,4,144,214,336,144,236,252,19,1
돥,U+B3E5,3,9,5,144,214,337,144,236,253,20,1
돦,U+B3E6,3,9,6,144,214,338,144,236,254,22,1
돧,U+B3E7,3,9,7,144,214,339,144,236,255,18,1
돨,U+B3E8,3,9,8,144,214,340,144,236,256,18,1
돩,U+B3E9,3,9,9,144,214,341,144,236,257,28,1
돪,U+B3EA,3,9,10,144,214,342,144,236,258,26,1
돫,U+B3EB,3,9,11,144,214,343,144,236,259,26,1
돬,U+B3EC,3,9,12,144,214,344,144,236,260,40,1
돭,U+B3ED,3,9,13,144,214,345,144,236,261,20,1
돮,U+B3EE,3,9,14,144,214,346,144,236,262,26,1
돯,U+B3EF,3,9,15,144,214,347,144,236,263,36,1
돰,U+B3F0,3,9,16,144,214,348,144,236,264,25,1
돱,U+B3F1,3,9,17,144,214,349,144,236,265,25,1
돲,U+B3F2,3,9,18,144,214,350,144,236,266,44,1
돳,U+B3F3,3,9,19,144,214,351,144,236,267,30,1
돴,U+B3F4,3,9,20,144,214,352,144,236,268,36,1
돵,U+B3F5,3,9,21,144,214,353,144,236,269,34,1
돶,U+B3F6,3,9,22,144,214,354,144,236,270,33,1
돷,U+B3F7,3,9,23,144,214,355,144,236,271,24,1
돸,U+B3F8,3,9,24,144,214,356,144,236,272,14,1
돹,U+B3F9,3,9,25,144,214,357,144,236,273,20,1
돺,U+B3FA,3,9,26,144,214,358,144,236,274,32,1
돻,U+B3FB,3,9,27,144,214,359,144,236,275,28,1
돼,U+B3FC,3,10,0,64,171,-1,64,193,-1,0,0
돽,U+B3FD,3,10,1,144,215,333,144,237,305,19,1
돾,U+B3FE,3,10,2,144,215,334,144,237,306,31,1
돿,U+B3FF,3,10,3,144,215,335,144,237,307,37,1
됀,U+B400,3,10,4,144,215,336,144,237,308,24,1
됁,U+B401,3,10,5,144,215,337,144,237,309,40,1
됂,U+B402,3,10,6,144,215,338,144,237,310,33,1
됃,U+B403,3,10,7,144,215,339,144,237,311,22,1
됄,U+B404,3,10,8,144,215,340,144,237,312,23,1
됅,U+B405,3,10,9,144,215,341,144,237,313,35,1
됆,U+B406,3,10,10,144,215,342,144,237,314,26,1
됇,U+B407,3,10,11,144,215,343,144,237,315,26,1
됈,U+B408,3,10,12,144,215,344,144,237,316,40,1
됉,U+B409,3,10,13,144,215,345,144,237,317,20,1
됊,U+B40A,3,10,14,144,215,346,144,237,318,26,1
됋,U+B40B,3,10,15,144,215,347,144,237,319,36,1
됌,U+B40C,3,10,16,144,215,348,144,237,320,35,1
됍,U+B40D,3,10,17,144,215,349,144,237,321,35,1
됎,U+B40E,3,10,18,144,215,350,144,237,322,44,1
됏,U+B40F,3,10,19,144,215,351,144,237,323,30,1
됐,U+B410,3,10,20,144,215,352,144,237,324,36,1
됑,U+B411,3,10,21,144,215,353,144,237,325,38,1
됒,U+B412,3,10,22,144,215,354,144,237,326,22,1
됓,U+B413,3,10,23,144,215,355,144,237,327,26,1
됔,U+B414,3,10,24,144,215,356,144,237,328,20,1
됕,U+B415,3,10,25,144,215,357,144,237,329,23,1
됖,U+B416,3,10,26,144,215,358,144,237,330,32,1
됗,U+B417,3,10,27,144,215,359,144,237,331,32,1
되,U+B418,3,11,0,64,172,-1,64,194,-1,0,0
됙,U+B419,3,11,1,144,216,333,144,238,277,12,1
됚,U+B41A,3,11,2,144,216,334,144,238,278,18,1
됛,U+B41B,3,11,3,144,216,335,144,238,279,38,1
된,U+B41C,3,11,4,144,216,336,144,238,280,19,1
됝,U+B41D,3,11,5,144,216,337,144,238,281,20,1
됞,U+B41E,3,11,6,144,216,338,144,238,282,22,1
됟,U+B41F,3,11,7,144,216,339,144,238,283,18,1
될,U+B420,3,11,8,144,216,340,144,238,284,18,1
됡,U+B421,3,11,9,144,216,341,144,238,285,28,1
됢,U+B422,3,11,10,144,216,342,144,238,286,26,1
됣,U+B423,3,11,11,144,216,343,144,238,287,26,1
됤,U+B424,3,11,12,144,216,344,144,238,288,40,1
됥,U+B425,3,11,13,144,216,345,144,238,289,20,1
됦,U+B426,3,11,14,144,216,346,144,238,290,26,1
됧,U+B427,3,11,15,144,216,347,144,238,291,36,1
됨,U+B428,3,11,16,144,216,348,144,238,292,25,1
됩,U+B429,3,11,17,144,216,349,144,238,293,25,1
됪,U+B42A,3,11,18,144,216,350,144,238,294,44,1
됫,U+B42B,3,11,19,144,216,351,144,238,295,30,1
됬,U+B42C,3,11,20,144,216,352,144,238,296,36,1
됭,U+B42D,3,11,21,144,216,353,144,238,297,34,1
됮,U+B42E,3,11,22,144,216,354,144,238,298,33,1
됯,U+B42F,3,11,23,144,216,355,144,238,299,24,1
됰,U+B430,3,11,24,144,216,356,144,238,300,14,1
됱,U+B431,3,11,25,144,216,357,144,238,301,20,1
됲,U+B432,3,11,26,144,216,358,144,238,302,32,1
됳,U+B433,3,11,27,144,216,359,144,238,303,28,1
됴,U+B434,3,12,0,24,173,-1,24,195,-1,0,0
됵,U+B435,3,12,1,104,217,277,124,239,333,45,1
됶,U+B436,3,12,2,104,217,278,124,239,334,51,1
됷,U+B437,3,12,3,104,217,279,124,239,335,71,1
됸,U+B438,3,12,4,104,217,280,124,239,336,52,1
됹,U+B439,3,12,5,104,217,281,124,239,337,53,1
됺,U+B43A,3,12,6,104,217,282,124,239,338,55,1
됻,U+B43B,3,12,7,104,217,283,124,239,339,51,1
됼,U+B43C,3,12,8,104,217,284,124,239,340,51,1
됽,U+B43D,3,12,9,104,217,285,124,239,341,61,1
됾,U+B43E,3,12,10,104,217,286,124,239,342,59,1
됿,U+B43F,3,12,11,104,217,287,124,239,343,59,1
둀,U+B440,3,12,12,104,217,288,124,239,344,73,1
둁,U+B441,3,12,13,104,217,289,124,239,345,53,1
둂,U+B442,3,12,14,104,217,290,124,239,346,59,1
둃,U+B443,3,12,15,104,217,291,124,239,347,69,1
둄,U+B444,3,12,16,104,217,292,124,239,348,58,1
둅,U+B445,3,12,17,104,217,293,124,239,349,58,1
둆,U+B446,3,12,18,104,217,294,124,239,350,77,1
둇,U+B447,3,12,19,104,217,295,124,239,351,63,1
둈,U+B448,3,12,20,104,217,296,124,239,352,69,1
둉,U+B449,3,12,21,104,217,297,124,239,353,67,1
둊,U+B44A,3,12,22,104,217,298,124,239,354,66,1
둋,U+B44B,3,12,23,104,217,299,124,239,355,57,1
둌,U+B44C,3,12,24,104,217,300,124,239,356,47,1
둍,U+B44D,3,12,25,104,217,301,124,239,357,53,1
둎,U+B44E,3,12,26,104,217,302,124,239,358,65,1
둏,U+B44F,3,12,27,104,217,303,124,239,359,61,1
두,U+B450,3,13,0,44,174,-1,44,196,-1,0,0
둑,U+B451,3,13,1,124,218,305,124,240,333,19,1
둒,U+B452,3,13,2,124,218,306,124,240,334,31,1
둓,U+B453,3,13,3,124,218,307,124,240,335,37,1
둔,U+B454,3,13,4,124,218,308,124,240,336,23,1
둕,U+B455,3,13,5,124,218,309,124,240,337,39,1
둖,U+B456,3,13,6,124,218,310,124,240,338,33,1
둗,U+B457,3,13,7,124,218,311,124,240,339,22,1
둘,U+B458,3,13,8,124,218,312,124,240,340,23,1
둙,U+B459,3,13,9,124,218,313,124,240,341,35,1
둚,U+B45A,3,13,10,124,218,314,124,240,342,26,1
둛,U+B45B,3,13,11,124,218,315,124,240,343,26,1
둜,U+B45C,3,13,12,124,218,316,124,240,344,40,1
둝,U+B45D,3,13,13,124,218,317,124,240,345,20,1
둞,U+B45E,3,13,14,124,218,318,124,240,346,26,1
둟,U+B45F,3,13,15,124,218,319,124,240,347,36,1
둠,U+B460,3,13,16,124,218,320,124,240,348,35,1
둡,U+B461,3,13,17,124,218,321,124,240,349,34,1
둢,U+B462,3,13,18,124,218,322,124,240,350,43,1
둣,U+B463,3,13,19,124,218,323,124,240,351,29,1
둤,U+B464,3,13,20,124,218,324,124,240,352,35,1
둥,U+B465,3,13,21,124,218,325,124,240,353,37,1
둦,U+B466,3,13,22,124,218,326,124,240,354,22,1
둧,U+B467,3,13,23,124,218,327,124,240,355,25,1
둨,U+B468,3,13,24,124,218,328,124,240,356,20,1
둩,U+B469,3,13,25,124,218,329,124,240,357,23,1
둪,U+B46A,3,13,26,124,218,330,124,240,358,32,1
둫,U+B46B,3,13,27,124,218,331,124,240,359,31,1
둬,U+B46C,3,14,0,64,175,-1,84,197,-1,0,0
둭,U+B46D,3,14,1,144,219,333,144,241,277,12,1
둮,U+B46E,3,14,2,144,219,334,144,241,278,18,1
둯,U+B46F,3,14,3,144,219,335,144,241,279,38,1
둰,U+B470,3,14,4,144,219,336,144,241,280,19,1
둱,U+B471,3,14,5,144,219,337,144,241,281,20,1
둲,U+B472,3,14,6,144,219,338,144,241,282,22,1
둳,U+B473,3,14,7,144,219,339,144,241,283,18,1
둴,U+B474,3,14,8,144,219,340,144,241,284,18,1
둵,U+B475,3,14,9,144,219,341,144,241,285,28,1
둶,U+B476,3,14,10,144,219,342,144,241,286,26,1
둷,U+B477,3,14,11,144,219,343,144,241,287,26,1
둸,U+B478,3,14,12,144,219,344,144,241,288,40,1
둹,U+B479,3,14,13,144,219,345,144,241,289,20,1
둺,U+B47A,3,14,14,144,219,346,144,241,290,26,1
둻,U+B47B,3,14,15,144,219,347,144,241,291,36,1
둼,U+B47C,3,14,16,144,219,348,144,241,292,25,1
둽,U+B47D,3,14,17,144,219,349,144,241,293,25,1
둾,U+B47E,3,14,18,144,219,350,144,241,294,44,1
둿,U+B47F,3,14,19,144,219,351,144,241,295,30,1
뒀,U+B480,3,14,20,144,219,352,144,241,296,36,1
뒁,U+B481,3,14,21,144,219,353,144,241,297,34,1
뒂,U+B482,3,14,22,144,219,354,144,241,298,33,1
뒃,U+B483,3,14,23,144,219,355,144,241,299,24,1
뒄,U+B484,3,14,24,144,219,356,144,241,300,14,1
뒅,U+B485,3,14,25,144,219,357,144,241,301,20,1
뒆,U+B486,3,14,26,144,219,358,144,241,302,32,1
뒇,U+B487,3,14,27,144,219,359,144,241,303,28,1
뒈,U+B488,3,15,0,64,176,-1,84,198,-1,0,0
뒉,U+B489,3,15,1,144,220,333,144,242,305,19,1
뒊,U+B48A,3,15,2,144,220,334,144,242,306,31,1
뒋,U+B48B,3,15,3,144,220,335,144,242,307,37,1
뒌,U+B48C,3,15,4,144,220,336,144,242,308,24,1
뒍,U+B48D,3,15,5,144,220,337,144,242,309,40,1
뒎,U+B48E,3,15,6,144,220,338,144,242,310,33,1
뒏,U+B48F,3,15,7,144,220,339,144,242,311,22,1
뒐,U+B490,3,15,8,144,220,340,144,242,312,23,1
뒑,U+B491,3,15,9,144,220,341,144,242,313,35,1
뒒,U+B492,3,15,10,144,220,342,144,242,314,26,1
뒓,U+B493,3,15,11,144,220,343,144,242,315,26,1
뒔,U+B494,3,15,12,144,220,344,144,242,316,40,1
뒕,U+B495,3,15,13,144,220,345,144,242,317,20,1
뒖,U+B496,3,15,14,144,220,346,144,242,318,26,1
뒗,U+B497,3,15,15,144,220,347,144,242,319,36,1
뒘,U+B498,3,15,16,144,220,348,144,242,320,35,1
뒙,U+B499,3,15,17,144,220,349,144,242,321,35,1
뒚,U+B49A,3,15,18,144,220,350,144,242,322,44,1
뒛,U+B49B,3,15,19,144,220,351,144,242,323,30,1
뒜,U+B49C,3,15,20,144,220,352,144,242,324,36,1
뒝,U+B49D,3,15,21,144,220,353,144,242,325,38,1
뒞,U+B49E,3,15,22,144,220,354,144,242,326,22,1
뒟,U+B49F,3,15,23,144,220,355,144,242,327,26,1
뒠,U+B4A0,3,15,24,144,220,356,144,242,328,20,1
뒡,U+B4A1,3,15,25,144,220,357,144,242,329,23,1
뒢,U+B4A2,3,15,26,144,220,358,144,242,330,32,1
뒣,U+B4A3,3,15,27,144,220,359,144,242,331,32,1
뒤,U+B4A4,3,16,0,64,177,-1,84,199,-1,0,0
뒥,U+B4A5,3,16,1,144,221,333,144,243,277,12,1
뒦,U+B4A6,3,16,2,144,221,334,144,243,278,18,1
뒧,U+B4A7,3,16,3,144,221,335,144,243,279,38,1
뒨,U+B4A8,3,16,4,144,221,336,144,243,280,19,1
뒩,U+B4A9,3,16,5,144,221,337,144,243,281,20,1
뒪,U+B4AA,3,16,6,144,221,338,144,243,282,22,1
뒫,U+B4AB,3,16,7,144,221,339,144,243,283,18,1
뒬,U+B4AC,3,16,8,144,221,340,144,243,284,18,1
뒭,U+B4AD,3,16,9,144,221,341,144,243,285,28,1
뒮,U+B4AE,3,16,10,144,221,342,144,243,286,26,1
뒯,U+B4AF,3,16,11,144,221,343,144,243,287,26,1
뒰,U+B4B0,3,16,12,144,221,344,144,243,288,40,1
뒱,U+B4B1,3,16,13,144,221,345,144,243,289,20,1
뒲,U+B4B2,3,16,14,144,221,346,144,243,290,26,1
뒳,U+B4B3,3,16,15,144,221,347,144,243,291,36,1
뒴,U+B4B4,3,16,16,144,221,348,144,243,292,25,1
뒵,U+B4B5,3,16,17,144,221,349,144,243,293,25,1
뒶,U+B4B6,3,16,18,144,221,350,144,243,294,44,1
뒷,U+B4B7,3,16,19,144,221,351,144,243,295,30,1
뒸,U+B4B8,3,16,20,144,221,352,144,243,296,36,1
뒹,U+B4B9,3,16,21,144,221,353,144,243,297,34,1
뒺,U+B4BA,3,16,22,144,221,354,144,243,298,33,1
뒻,U+B4BB,3,16,23,144,221,355,144,243,299,24,1
뒼,U+B4BC,3,16,24,144,221,356,144,243,300,14,1
뒽,U+B4BD,3,16,25,144,221,357,144,243,301,20,1
뒾,U+B4BE,3,16,26,144,221,358,144,243,302,32,1
뒿,U+B4BF,3,16,27,144,221,359,144,243,303,28,1
듀,U+B4C0,3,17,0,44,178,-1,44,200,-1,0,0
듁,U+B4C1,3,17,1,124,222,305,124,244,333,18,1
듂,U+B4C2,3,17,2,124,222,306,124,244,334,31,1
듃,U+B4C3,3,17,3,124,222,307,124,244,335,36,1
듄,U+B4C4,3,17,4,124,222,308,124,244,336,23,1
듅,U+B4C5,3,17,5,124,222,309,124,244,337,39,1
듆,U+B4C6,3,17,6,124,222,310,124,244,338,33,1
듇,U+B4C7,3,17,7,124,222,311,124,244,339,21,1
듈,U+B4C8,3,17,8,124,222,312,124,244,340,22,1
듉,U+B4C9,3,17,9,124,222,313,124,244,341,35,1
듊,U+B4CA,3,17,10,124,222,314,124,244,342,25,1
듋,U+B4CB,3,17,11,124,222,315,124,244,343,25,1
듌,U+B4CC,3,17,12,124,222,316,124,244,344,39,1
듍,U+B4CD,3,17,13,124,222,317,124,244,345,19,1
듎,U+B4CE,3,17,14,124,222,318,124,244,346,25,1
듏,U+B4CF,3,17,15,124,222,319,124,244,347,35,1
듐,U+B4D0,3,17,16,124,222,320,124,244,348,34,1
듑,U+B4D1,3,17,17,124,222,321,124,244,349,34,1
듒,U+B4D2,3,17,18,124,222,322,124,244,350,42,1
듓,U+B4D3,3,17,19,124,222,323,124,244,351,29,1
듔,U+B4D4,3,17,20,124,222,324,124,244,352,36,1
듕,U+B4D5,3,17,21,124,222,325,124,244,353,37,1
듖,U+B4D6,3,17,22,124,222,326,124,244,354,22,1
듗,U+B4D7,3,17,23,124,222,327,124,244,355,25,1
듘,U+B4D8,3,17,24,124,222,328,124,244,356,19,1
듙,U+B4D9,3,17,25,124,222,329,124,244,357,22,1
듚,U+B4DA,3,17,26,124,222,330,124,244,358,32,1
듛,U+B4DB,3,17,27,124,222,331,124,244,359,32,1
드,U+B4DC,3,18,0,24,179,-1,24,201,-1,0,0
득,U+B4DD,3,18,1,104,223,277,124,245,333,47,1
듞,U+B4DE,3,18,2,104,223,278,124,245,334,53,1
듟,U+B4DF,3,18,3,104,223,279,124,245,335,73,1
든,U+B4E0,3,18,4,104,223,280,124,245,336,54,1
듡,U+B4E1,3,18,5,104,223,281,124,245,337,55,1
듢,U+B4E2,3,18,6,104,223,282,124,245,338,57,1
듣,U+B4E3,3,18,7,104,223,283,124,245,339,53,1
들,U+B4E4,3,18,8,104,223,284,124,245,340,53,1
듥,U+B4E5,3,18,9,104,223,285,124,245,341,63,1
듦,U+B4E6,3,18,10,104,223,286,124,245,342,61,1
듧,U+B4E7,3,18,11,104,223,287,124,245,343,61,1
듨,U+B4E8,3,18,12,104,223,288,124,245,344,75,1
듩,U+B4E9,3,18,13,104,223,289,124,245,345,55,1
듪,U+B4EA,3,18,14,104,223,290,124,245,346,61,1
듫,U+B4EB,3,18,15,104,223,291,124,245,347,71,1
듬,U+B4EC,3,18,16,104,223,292,124,245,348,60,1
듭,U+B4ED,3,18,17,104,223,293,124,245,349,60,1
듮,U+B4EE,3,18,18,104,223,294,124,245,350,79,1
듯,U+B4EF,3,18,19,104,223,295,124,245,351,65,1
듰,U+B4F0,3,18,20,104,223,296,124,245,352,71,1
등,U+B4F1,3,18,21,104,223,297,124,245,353,69,1
듲,U+B4F2,3,18,22,104,223,298,124,245,354,68,1
듳,U+B4F3,3,18,23,104,223,299,124,245,355,59,1
듴,U+B4F4,3,18,24,104,223,300,124,245,356,49,1
듵,U+B4F5,3,18,25,104,223,301,124,245,357,55,1
듶,U+B4F6,3,18,26,104,223,302,124,245,358,67,1
듷,U+B4F7,3,18,27,104,223,303,124,245,359,63,1
듸,U+B4F8,3,19,0,64,180,-1,64,202,-1,0,0
듹,U+B4F9,3,19,1,144,224,333,144,246,277,12,1
듺,U+B4FA,3,19,2,144,224,334,144,246,278,18,1
듻,U+B4FB,3,19,3,144,224,335,144,246,279,38,1
듼,U+B4FC,3,19,4,144,224,336,144,246,280,19,1
듽,U+B4FD,3,19,5,144,224,337,144,246,281,20,1
듾,U+B4FE,3,19,6,144,224,338,144,246,282,22,1
듿,U+B4FF,3,19,7,144,224,339,144,246,283,18,1
딀,U+B500,3,19,8,144,224,340,144,246,284,18,1
딁,U+B501,3,19,9,144,224,341,144,246,285,28,1
딂,U+B502,3,19,10,144,224,342,144,246,286,26,1
딃,U+B503,3,19,11,144,224,343,144,246,287,26,1
딄,U+B504,3,19,12,144,224,344,144,246,288,40,1
딅,U+B505,3,19,13,144,224,345,144,246,289,20,1
딆,U+B506,3,19,14,144,224,346,144,246,290,26,1
딇,U+B507,3,19,15,144,224,347,144,246,291,36,1
딈,U+B508,3,19,16,144,224,348,144,246,292,25,1
딉,U+B509,3,19,17,144,224,349,144,246,293,25,1
딊,U+B50A,3,19,18,144,224,350,144,246,294,44,1
딋,U+B50B,3,19,19,144,224,351,144,246,295,30,1
딌,U+B50C,3,19,20,144,224,352,144,246,296,36,1
딍,U+B50D,3,19,21,144,224,353,144,246,297,34,1
딎,U+B50E,3,19,22,144,224,354,144,246,298,33,1
딏,U+B50F,3,19,23,144,224,355,144,246,299,24,1
딐,U+B510,3,19,24,144,224,356,144,246,300,14,1
딑,U+B511,3,19,25,144,224,357,144,246,301,20,1
딒,U+B512,3,19,26,144,224,358,144,246,302,32,1
딓,U+B513,3,19,27,144,224,359,144,246,303,28,1
디,U+B514,3,20,0,4,181,-1,4,203,-1,0,0
딕,U+B515,3,20,1,84,225,249,104,247,277,13,1
딖,U+B516,3,20,2,84,225,250,104,247,278,13,1
딗,U+B517,3,20,3,84,225,251,104,247,279,13,1
딘,U+B518,3,20,4,84,225,252,104,247,280,13,1
딙,U+B519,3,20,5,84,225,253,104,247,281,13,1
딚,U+B51A,3,20,6,84,225,254,104,247,282,13,1
딛,U+B51B,3,20,7,84,225,255,104,247,283,13,1
딜,U+B51C,3,20,8,84,225,256,104,247,284,13,1
딝,U+B51D,3,20,9,84,225,257,104,247,285,13,1
딞,U+B51E,3,20,10,84,225,258,104,247,286,13,1
딟,U+B51F,3,20,11,84,225,259,104,247,287,13,1
딠,U+B520,3,20,12,84,225,260,104,247,288,13,1
딡,U+B521,3,20,13,84,225,261,104,247,289,13,1
딢,U+B522,3,20,14,84,225,262,104,247,290,13,1
딣,U+B523,3,20,15,84,225,263,104,247,291,13,1
딤,U+B524,3,20,16,84,225,264,104,247,292,13,1
딥,U+B525,3,20,17,84,225,265,104,247,293,13,1
딦,U+B526,3,20,18,84,225,266,104,247,294,13,1
딧,U+B527,3,20,19,84,225,267,104,247,295,13,1
딨,U+B528,3,20,20,84,225,268,104,247,296,13,1
딩,U+B529,3,20,21,84,225,269,104,247,297,13,1
딪,U+B52A,3,20,22,84,225,270,104,247,298,13,1
딫,U+B52B,3,20,23,84,225,271,104,247,299,13,1
딬,U+B52C,3,20,24,84,225,272,104,247,300,13,1
딭,U+B52D,3,20,25,84,225,273,104,247,301,13,1
딮,U+B52E,3,20,26,84,225,274,104,247,302,13,1
딯,U+B52F,3,20,27,84,225,275,104,247,303,13,1
따,U+B530,4,0,0,5,161,-1,5,183,-1,0,0
딱,U+B531,4,0,1,85,205,249,105,227,249,19,1
딲,U+B532,4,0,2,85,205,250,105,227,250,19,1
딳,U+B533,4,0,3,85,205,251,105,227,251,19,1
딴,U+B534,4,0,4,85,205,252,105,227,252,19,1
딵,U+B535,4,0,5,85,205,253,105,227,253,19,1
딶,U+B536,4,0,6,85,205,254,105,227,254,19,1
딷,U+B537,4,0,7,85,205,255,105,227,255,19,1
딸,U+B538,4,0,8,85,205,256,105,227,256,19,1
딹,U+B539,4,0,9,85,205,257,105,227,257,19,1
딺,U+B53A,4,0,10,85,205,258,105,227,258,19,1
딻,U+B53B,4,0,11,85,205,259,105,227,259,19,1
딼,U+B53C,4,0,12,85,205,260,105,227,260,19,1
딽,U+B53D,4,0,13,85,205,261,105,227,261,19,1
딾,U+B53E,4,0,14,85,205,262,105,227,262,19,1
딿,U+B53F,4,0,15,85,205,263,105,227,263,19,1
땀,U+B540,4,0,16,85,205,264,105,227,264,19,1
땁,U+B541,4,0,17,85,205,265,105,227,265,19,1
땂,U+B542,4,0,18,85,205,266,105,227,266,19,1
땃,U+B543,4,0,19,85,205,267,105,227,267,19,1
땄,U+B544,4,0,20,85,205,268,105,227,268,19,1
땅,U+B545,4,0,21,85,205,269,105,227,269,19,1
땆,U+B546,4,0,22,85,205,270,105,227,270,19,1
땇,U+B547,4,0,23,85,205,271,105,227,271,19,1
땈,U+B548,4,0,24,85,205,272,105,227,272,19,1
땉,U+B549,4,0,25,85,205,273,105,227,273,19,1
땊,U+B54A,4,0,26,85,205,274,105,227,274,19,1
땋,U+B54B,4,0,27,85,205,275,105,227,275,19,1
때,U+B54C,4,1,0,5,162,-1,5,184,-1,0,0
땍,U+B54D,4,1,1,85,206,249,105,228,305,27,1
땎,U+B54E,4,1,2,85,206,250,105,228,306,35,1
땏,U+B54F,4,1,3,85,206,251,105,228,307,19,1
땐,U+B550,4,1,4,85,206,252,105,228,308,29,1
땑,U+B551,4,1,5,85,206,253,105,228,309,38,1
땒,U+B552,4,1,6,85,206,254,105,228,310,31,1
땓,U+B553,4,1,7,85,206,255,105,228,311,28,1
땔,U+B554,4,1,8,85,206,256,105,228,312,23,1
땕,U+B555,4,1,9,85,206,257,105,228,313,27,1
땖,U+B556,4,1,10,85,206,258,105,228,314,18,1
땗,U+B557,4,1,11,85,206,259,105,228,315,18,1
땘,U+B558,4,1,12,85,206,260,105,228,316,18,1
땙,U+B559,4,1,13,85,206,261,105,228,317,18,1
땚,U+B55A,4,1,14,85,206,262,105,228,318,18,1
땛,U+B55B,4,1,15,85,206,263,105,228,319,18,1
땜,U+B55C,4,1,16,85,206,264,105,228,320,34,1
땝,U+B55D,4,1,17,85,206,265,105,228,321,34,1
땞,U+B55E,4,1,18,85,206,266,105,228,322,18,1
땟,U+B55F,4,1,19,85,206,267,105,228,323,18,1
땠,U+B560,4,1,20,85,206,268,105,228,324,18,1
땡,U+B561,4,1,21,85,206,269,105,228,325,34,1
땢,U+B562,4,1,22,85,206,270,105,228,326,37,1
땣,U+B563,4,1,23,85,206,271,105,228,327,24,1
땤,U+B564,4,1,24,85,206,272,105,228,328,26,1
땥,U+B565,4,1,25,85,206,273,105,228,329,21,1
땦,U+B566,4,1,26,85,206,274,105,228,330,22,1
땧,U+B567,4,1,27,85,206,275,105,228,331,24,1
땨,U+B568,4,2,0,5,163,-1,5,185,-1,0,0
땩,U+B569,4,2,1,85,207,249,105,229,249,19,1
땪,U+B56A,4,2,2,85,207,250,105,229,250,19,1
땫,U+B56B,4,2,3,85,207,251,105,229,251,19,1
땬,U+B56C,4,2,4,85,207,252,105,229,252,19,1
땭,U+B56D,4,2,5,85,207,253,105,229,253,19,1
땮,U+B56E,4,2,6,85,207,254,105,229,254,19,1
땯,U+B56F,4,2,7,85,207,255,105,229,255,19,1
땰,U+B570,4,2,8,85,207,256,105,229,256,19,1
땱,U+B571,4,2,9,85,207,257,105,229,257,19,1
땲,U+B572,4,2,10,85,207,258,105,229,258,19,1
땳,U+B573,4,2,11,85,207,259,105,229,259,19,1
땴,U+B574,4,2,12,85,207,260,105,229,260,19,1
땵,U+B575,4,2,13,85,207,261,105,229,261,19,1
땶,U+B576,4,2,14,85,207,262,105,229,262,19,1
땷,U+B577,4,2,15,85,207,263,105,229,263,19,1
땸,U+B578,4,2,16,85,207,264,105,229,264,19,1
땹,U+B579,4,2,17,85,207,265,105,229,265,19,1
땺,U+B57A,4,2,18,85,207,266,105,229,266,19,1
땻,U+B57B,4,2,19,85,207,267,105,229,267,19,1
땼,U+B57C,4,2,20,85,207,268,105,229,268,19,1
땽,U+B57D,4,2,21,85,207,269,105,229,269,19,1
땾,U+B57E,4,2,22,85,207,270,105,229,270,19,1
땿,U+B57F,4,2,23,85,207,271,105,229,271,19,1
떀,U+B580,4,2,24,85,207,272,105,229,272,19,1
떁,U+B581,4,2,25,85,207,273,105,229,273,19,1
떂,U+B582,4,2,26,85,207,274,105,229,274,19,1
떃,U+B583,4,2,27,85,207,275,105,229,275,19,1
떄,U+B584,4,3,0,5,164,-1,5,186,-1,0,0
떅,U+B585,4,3,1,85,208,249,105,230,305,27,1
떆,U+B586,4,3,2,85,208,250,105,230,306,35,1
떇,U+B587,4,3,3,85,208,251,105,230,307,19,1
떈,U+B588,4,3,4,85,208,252,105,230,308,29,1
떉,U+B589,4,3,5,85,208,253,105,230,309,38,1
떊,U+B58A,4,3,6,85,208,254,105,230,310,31,1
떋,U+B58B,4,3,7,85,208,255,105,230,311,28,1
떌,U+B58C,4,3,8,85,208,256,105,230,312,23,1
떍,U+B58D,4,3,9,85,208,257,105,230,313,27,1
떎,U+B58E,4,3,10,85,208,258,105,230,314,18,1
떏,U+B58F,4,3,11,85,208,259,105,230,315,18,1
떐,U+B590,4,3,12,85,208,260,105,230,316,18,1
떑,U+B591,4,3,13,85,208,261,105,230,317,18,1
떒,U+B592,4,3,14,85,208,262,105,230,318,18,1
떓,U+B593,4,3,15,85,208,263,105,230,319,18,1
떔,U+B594,4,3,16,85,208,264,105,230,320,34,1
떕,U+B595,4,3,17,85,208,265,105,230,321,34,1
떖,U+B596,4,3,18,85,208,266,105,230,322,18,1
떗,U+B597,4,3,19,85,208,267,105,230,323,18,1
떘,U+B598,4,3,20,85,208,268,105,230,324,18,1
떙,U+B599,4,3,21,85,208,269,105,230,325,34,1
떚,U+B59A,4,3,22,85,208,270,105,230,326,37,1
떛,U+B59B,4,3,23,85,208,271,105,230,327,24,1
떜,U+B59C,4,3,24,85,208,272,105,230,328,26,1
떝,U+B59D,4,3,25,85,208,273,105,230,329,21,1
떞,U+B59E,4,3,26,85,208,274,105,230,330,22,1
떟,U+B59F,4,3,27,85,208,275,105,230,331,24,1
떠,U+B5A0,4,4,0,5,165,-1,5,187,-1,0,0
떡,U+B5A1,4,4,1,85,209,249,105,231,277,19,1
떢,U+B5A2,4,4,2,85,209,250,105,231,278,19,1
떣,U+B5A3,4,4,3,85,209,251,105,231,279,19,1
떤,U+B5A4,4,4,4,85,209,252,105,231,280,19,1
떥,U+B5A5,4,4,5,85,209,253,105,231,281,19,1
떦,U+B5A6,4,4,6,85,209,254,105,231,282,19,1
떧,U+B5A7,4,4,7,85,209,255,105,231,283,19,1
떨,U+B5A8,4,4,8,85,209,256,105,231,284,19,1
떩,U+B5A9,4,4,9,85,209,257,105,231,285,19,1
떪,U+B5AA,4,4,10,85,209,258,105,231,286,19,1
떫,U+B5AB,4,4,11,85,209,259,105,231,287,19,1
떬,U+B5AC,4,4,12,85,209,260,105,231,288,19,1
떭,U+B5AD,4,4,13,85,209,261,105,231,289,19,1
떮,U+B5AE,4,4,14,85,209,262,105,231,290,19,1
떯,U+B5AF,4,4,15,85,209,263,105,231,291,19,1
떰,U+B5B0,4,4,16,85,209,264,105,231,292,19,1
떱,U+B5B1,4,4,17,85,209,265,105,231,293,19,1
떲,U+B5B2,4,4,18,85,209,266,105,231,294,19,1
떳,U+B5B3,4,4,19,85,209,267,105,231,295,19,1
떴,U+B5B4,4,4,20,85,209,268,105,231,296,19,1
떵,U+B5B5,4,4,21,85,209,269,105,231,297,19,1
떶,U+B5B6,4,4,22,85,209,270,105,231,298,19,1
떷,U+B5B7,4,4,23,85,209,271,105,231,299,19,1
떸,U+B5B8,4,4,24,85,209,272,105,231,300,19,1
떹,U+B5B9,4,4,25,85,209,273,105,231,301,19,1
떺,U+B5BA,4,4,26,85,209,274,105,231,302,19,1
떻,U+B5BB,4,4,27,85,209,275,105,231,303,19,1
떼,U+B5BC,4,5,0,5,166,-1,5,188,-1,0,0
떽,U+B5BD,4,5,1,85,210,249,105,232,305,26,1
떾,U+B5BE,4,5,2,85,210,250,105,232,306,34,1
떿,U+B5BF,4,5,3,85,210,251,105,232,307,18,1
뗀,U+B5C0,4,5,4,85,210,252,105,232,308,28,1
뗁,U+B5C1,4,5,5,85,210,253,105,232,309,37,1
뗂,U+B5C2,4,5,6,85,210,254,105,232,310,30,1
뗃,U+B5C3,4,5,7,85,210,255,105,232,311,27,1
뗄,U+B5C4,4,5,8,85,210,256,105,232,312,22,1
뗅,U+B5C5,4,5,9,85,210,257,105,232,313,26,1
뗆,U+B5C6,4,5,10,85,210,258,105,232,314,17,1
뗇,U+B5C7,4,5,11,85,210,259,105,232,315,17,1
뗈,U+B5C8,4,5,12,85,210,260,105,232,316,17,1
뗉,U+B5C9,4,5,13,85,210,261,105,232,317,17,1
뗊,U+B5CA,4,5,14,85,210,262,105,232,318,17,1
뗋,U+B5CB,4,5,15,85,210,263,105,232,319,17,1
뗌,U+B5CC,4,5,16,85,210,264,105,232,320,33,1
뗍,U+B5CD,4,5,17,85,210,265,105,232,321,33,1
뗎,U+B5CE,4,5,18,85,210,266,105,232,322,17,1
뗏,U+B5CF,4,5,19,85,210,267,105,232,323,17,1
뗐,U+B5D0,4,5,20,85,210,268,105,232,324,17,1
뗑,U+B5D1,4,5,21,85,210,269,105,232,325,33,1
뗒,U+B5D2,4,5,22,85,210,270,105,232,326,36,1
뗓,U+B5D3,4,5,23,85,210,271,105,232,327,23,1
뗔,U+B5D4,4,5,24,85,210,272,105,232,328,25,1
뗕,U+B5D5,4,5,25,85,210,273,105,232,329,20,1
뗖,U+B5D6,4,5,26,85,210,274,105,232,330,21,1
뗗,U+B5D7,4,5,27,85,210,275,105,232,331,23,1
뗘,U+B5D8,4,6,0,5,167,-1,5,189,-1,0,0
뗙,U+B5D9,4,6,1,85,211,249,105,233,277,18,1
뗚,U+B5DA,4,6,2,85,211,250,105,233,278,18,1
뗛,U+B5DB,4,6,3,85,211,251,105,233,279,18,1
뗜,U+B5DC,4,6,4,85,211,252,105,233,280,18,1
뗝,U+B5DD,4,6,5,85,211,253,105,233,281,18,1
뗞,U+B5DE,4,6,6,85,211,254,105,233,282,18,1
뗟,U+B5DF,4,6,7,85,211,255,105,233,283,18,1
뗠,U+B5E0,4,6,8,85,211,256,105,233,284,18,1
뗡,U+B5E1,4,6,9,85,211,257,105,233,285,18,1
뗢,U+B5E2,4,6,10,85,211,258,105,233,286,18,1
뗣,U+B5E3,4,6,11,85,211,259,105,233,287,18,1
뗤,U+B5E4,4,6,12,85,211,260,105,233,288,18,1
뗥,U+B5E5,4,6,13,85,211,261,105,233,289,18,1
뗦,U+B5E6,4,6,14,85,211,262,105,233,290,18,1
뗧,U+B5E7,4,6,15,85,211,263,105,233,291,18,1
뗨,U+B5E8,4,6,16,85,211,264,105,233,292,18,1
뗩,U+B5E9,4,6,17,85,211,265,105,233,293,18,1
뗪,U+B5EA,4,6,18,85,211,266,105,233,294,18,1
뗫,U+B5EB,4,6,19,85,211,267,105,233,295,18,1
뗬,U+B5EC,4,6,20,85,211,268,105,233,296,18,1
뗭,U+B5ED,4,6,21,85,211,269,105,233,297,18,1
뗮,U+B5EE,4,6,22,85,211,270,105,233,298,18,1
뗯,U+B5EF,4,6,23,85,211,271,105,233,299,18,1
뗰,U+B5F0,4,6,24,85,211,272,105,233,300,18,1
뗱,U+B5F1,4,6,25,85,211,273,105,233,301,18,1
뗲,U+B5F2,4,6,26,85,211,274,105,233,302,18,1
뗳,U+B5F3,4,6,27,85,211,275,105,233,303,18,1
뗴,U+B5F4,4,7,0,5,168,-1,5,190,-1,0,0
뗵,U+B5F5,4,7,1,85,212,249,105,234,305,25,1
뗶,U+B5F6,4,7,2,85,212,250,105,234,306,33,1
뗷,U+B5F7,4,7,3,85,212,251,105,234,307,17,1
뗸,U+B5F8,4,7,4,85,212,252,105,234,308,27,1
뗹,U+B5F9,4,7,5,85,212,253,105,234,309,36,1
뗺,U+B5FA,4,7,6,85,212,254,105,234,310,29,1
뗻,U+B5FB,4,7,7,85,212,255,105,234,311,26,1
뗼,U+B5FC,4,7,8,85,212,256,105,234,312,21,1
뗽,U+B5FD,4,7,9,85,212,257,105,234,313,25,1
뗾,U+B5FE,4,7,10,85,212,258,105,234,314,16,1
뗿,U+B5FF,4,7,11,85,212,259,105,234,315,16,1
똀,U+B600,4,7,12,85,212,260,105,234,316,16,1
똁,U+B601,4,7,13,85,212,261,105,234,317,16,1
똂,U+B602,4,7,14,85,212,262,105,234,318,16,1
똃,U+B603,4,7,15,85,212,263,105,234,319,16,1
똄,U+B604,4,7,16,85,212,264,105,234,320,32,1
똅,U+B605,4,7,17,85,212,265,105,234,321,32,1
똆,U+B606,4,7,18,85,212,266,105,234,322,16,1
똇,U+B607,4,7,19,85,212,267,105,234,323,16,1
똈,U+B608,4,7,20,85,212,268,105,234,324,16,1
똉,U+B609,4,7,21,85,212,269,105,234,325,32,1
똊,U+B60A,4,7,22,85,212,270,105,234,326,35,1
똋,U+B60B,4,7,23,85,212,271,105,234,327,22,1
똌,U+B60C,4,7,24,85,212,272,105,234,328,24,1
똍,U+B60D,4,7,25,85,212,273,105,234,329,19,1
똎,U+B60E,4,7,26,85,212,274,105,234,330,20,1
똏,U+B60F,4,7,27,85,212,275,105,234,331,22,1
또,U+B610,4,8,0,25,169,-1,25,191,-1,0,0
똑,U+B611,4,8,1,105,213,277,125,235,333,46,1
똒,U+B612,4,8,2,105,213,278,125,235,334,52,1
똓,U+B613,4,8,3,105,213,279,125,235,335,72,1
똔,U+B614,4,8,4,105,213,280,125,235,336,53,1
똕,U+B615,4,8,5,105,213,281,125,235,337,54,1
똖,U+B616,4,8,6,105,213,282,125,235,338,56,1
똗,U+B617,4,8,7,105,213,283,125,235,339,52,1
똘,U+B618,4,8,8,105,213,284,125,235,340,52,1
똙,U+B619,4,8,9,105,213,285,125,235,341,62,1
똚,U+B61A,4,8,10,105,213,286,125,235,342,60,1
똛,U+B61B,4,8,11,105,213,287,125,235,343,60,1
똜,U+B61C,4,8,12,105,213,288,125,235,344,74,1
똝,U+B61D,4,8,13,105,213,289,125,235,345,54,1
똞,U+B61E,4,8,14,105,213,290,125,235,346,60,1
똟,U+B61F,4,8,15,105,213,291,125,235,347,70,1
똠,U+B620,4,8,16,105,213,292,125,235,348,59,1
똡,U+B621,4,8,17,105,213,293,125,235,349,59,1
똢,U+B622,4,8,18,105,213,294,125,235,350,78,1
똣,U+B623,4,8,19,105,213,295,125,235,351,64,1
똤,U+B624,4,8,20,105,213,296,125,235,352,70,1
똥,U+B625,4,8,21,105,213,297,125,235,353,68,1
똦,U+B626,4,8,22,105,213,298,125,235,354,67,1
똧,U+B627,4,8,23,105,213,299,125,235,355,58,1
똨,U+B628,4,8,24,105,213,300,125,235,356,48,1
똩,U+B629,4,8,25,105,213,301,125,235,357,54,1
똪,U+B62A,4,8,26,105,213,302,125,235,358,66,1
똫,U+B62B,4,8,27,105,213,303,125,235,359,62,1
똬,U+B62C,4,9,0,65,170,-1,65,192,-1,0,0
똭,U+B62D,4,9,1,145,214,333,145,236,249,12,1
똮,U+B62E,4,9,2,145,214,334,145,236,250,18,1
똯,U+B62F,4,9,3,145,214,335,145,236,251,38,1
똰,U+B630,4,9,4,145,214,336,145,236,252,19,1
똱,U+B631,4,9,5,145,214,337,145,236,253,20,1
똲,U+B632,4,9,6,145,214,338,145,236,254,22,1
똳,U+B633,4,9,7,145,214,339,145,236,255,18,1
똴,U+B634,4,9,8,145,214,340,145,236,256,18,1
똵,U+B635,4,9,9,145,214,341,145,236,257,28,1
똶,U+B636,4,9,10,145,214,342,145,236,258,26,1
똷,U+B637,4,9,11,145,214,343,145,236,259,26,1
똸,U+B638,4,9,12,145,214,344,145,236,260,40,1
똹,U+B639,4,9,13,145,214,345,145,236,261,20,1
똺,U+B63A,4,9,14,145,214,346,145,236,262,26,1
똻,U+B63B,4,9,15,145,214,347,145,236,263,36,1
똼,U+B63C,4,9,16,145,214,348,145,236,264,25,1
똽,U+B63D,4,9,17,145,214,349,145,236,265,25,1
똾,U+B63E,4,9,18,145,214,350,145,236,266,44,1
똿,U+B63F,4,9,19,145,214,351,145,236,267,30,1
뙀,U+B640,4,9,20,145,214,352,145,236,268,36,1
뙁,U+B641,4,9,21,145,214,353,145,236,269,34,1
뙂,U+B642,4,9,22,145,214,354,145,236,270,33,1
뙃,U+B643,4,9,23,145,214,355,145,236,271,24,1
뙄,U+B644,4,9,24,145,214,356,145,236,272,14,1
뙅,U+B645,4,9,25,145,214,357,145,236,273,20,1
뙆,U+B646,4,9,26,145,214,358,145,236,274,32,1
뙇,U+B647,4,9,27,145,214,359,145,236,275,28,1
뙈,U+B648,4,10,0,65,171,-1,65,193,-1,0,0
뙉,U+B649,4,10,1,145,215,333,145,237,305,19,1
뙊,U+B64A,4,10,2,145,215,334,145,237,306,31,1
뙋,U+B64B,4,10,3,145,215,335,145,237,307,37,1
뙌,U+B64C,4,10,4,145,215,336,145,237,308,24,1
뙍,U+B64D,4,10,5,145,215,337,145,237,309,40,1
뙎,U+B64E,4,10,6,145,215,338,145,237,310,33,1
뙏,U+B64F,4,10,7,145,215,339,145,237,311,22,1
뙐,U+B650,4,10,8,145,215,340,145,237,312,23,1
뙑,U+B651,4,10,9,145,215,341,145,237,313,35,1
뙒,U+B652,4,10,10,145,215,342,145,237,314,26,1
뙓,U+B653,4,10,11,145,215,343,145,237,315,26,1
뙔,U+B654,4,10,12,145,215,344,145,237,316,40,1
뙕,U+B655,4,10,13,145,215,345,145,237,317,20,1
뙖,U+B656,4,10,14,145,215,346,145,237,318,26,1
뙗,U+B657,4,10,15,145,215,347,145,237,319,36,1
뙘,U+B658,4,10,16,145,215,348,145,237,320,35,1
뙙,U+B659,4,10,17,145,215,349,145,237,321,35,1
뙚,U+B65A,4,10,18,145,215,350,145,237,322,44,1
뙛,U+B65B,4,10,19,145,215,351,145,237,323,30,1
뙜,U+B65C,4,10,20,145,215,352,145,237,324,36,1
뙝,U+B65D,4,10,21,145,215,353,145,237,325,38,1
뙞,U+B65E,4,10,22,145,215,354,145,237,326,22,1
뙟,U+B65F,4,10,23,145,215,355,145,237,327,26,1
뙠,U+B660,4,10,24,145,215,356,145,237,328,20,1
뙡,U+B661,4,10,25,145,215,357,145,237,329,23,1
뙢,U+B662,4,10,26,145,215,358,145,237,330,32,1
뙣,U+B663,4,10,27,145,215,359,145,237,331,32,1
뙤,U+B664,4,11,0,65,172,-1,65,194,-1,0,0
뙥,U+B665,4,11,1,145,216,333,145,238,277,12,1
뙦,U+B666,4,11,2,145,216,334,145,238,278,18,1
뙧,U+B667,4,11,3,145,216,335,145,238,279,38,1
뙨,U+B668,4,11,4,145,216,336,145,238,280,19,1
뙩,U+B669,4,11,5,145,216,337,145,238,281,20,1
뙪,U+B66A,4,11,6,145,216,338,145,238,282,22,1
뙫,U+B66B,4,11,7,145,216,339,145,238,283,18,1
뙬,U+B66C,4,11,8,145,216,340,145,238,284,18,1
뙭,U+B66D,4,11,9,145,216,341,145,238,285,28,1
뙮,U+B66E,4,11,10,145,216,342,145,238,286,26,1
뙯,U+B66F,4,11,11,145,216,343,145,238,287,26,1
뙰,U+B670,4,11,12,145,216,344,145,238,288,40,1
뙱,U+B671,4,11,13,145,216,345,145,238,289,20,1
뙲,U+B672,4,11,14,145,216,346,145,238,290,26,1
뙳,U+B673,4,11,15,145,216,347,145,238,291,36,1
뙴,U+B674,4,11,16,145,216,348,145,238,292,25,1
뙵,U+B675,4,11,17,145,216,349,145,238,293,25,1
뙶,U+B676,4,11,18,145,216,350,145,238,294,44,1
뙷,U+B677,4,11,19,145,216,351,145,238,295,30,1
뙸,U+B678,4,11,20,145,216,352,145,238,296,36,1
뙹,U+B679,4,11,21,145,216,353,145,238,297,34,1
뙺,U+B67A,4,11,22,145,216,354,145,238,298,33,1
뙻,U+B67B,4,11,23,145,216,355,145,238,299,24,1
뙼,U+B67C,4,11,24,145,216,356,145,238,300,14,1
뙽,U+B67D,4,11,25,145,216,357,145,238,301,20,1
뙾,U+B67E,4,11,26,145,216,358,145,238,302,32,1
뙿,U+B67F,4,11,27,145,216,359,145,238,303,28,1
뚀,U+B680,4,12,0,25,173,-1,25,195,-1,0,0
뚁,U+B681,4,12,1,105,217,277,125,239,333,47,1
뚂,U+B682,4,12,2,105,217,278,125,239,334,53,1
뚃,U+B683,4,12,3,105,217,279,125,239,335,73,1
뚄,U+B684,4,12,4,105,217,280,125,239,336,54,1
뚅,U+B685,4,12,5,105,217,281,125,239,337,55,1
뚆,U+B686,4,12,6,105,217,282,125,239,338,57,1
뚇,U+B687,4,12,7,105,217,283,125,239,339,53,1
뚈,U+B688,4,12,8,105,217,284,125,239,340,53,1
뚉,U+B689,4,12,9,105,217,285,125,239,341,63,1
뚊,U+B68A,4,12,10,105,217,286,125,239,342,61,1
뚋,U+B68B,4,12,11,105,217,287,125,239,343,61,1
뚌,U+B68C,4,12,12,105,217,288,125,239,344,75,1
뚍,U+B68D,4,12,13,105,217,289,125,239,345,55,1
뚎,U+B68E,4,12,14,105,217,290,125,239,346,61,1
뚏,U+B68F,4,12,15,105,217,291,125,239,347,71,1
뚐,U+B690,4,12,16,105,217,292,125,239,348,60,1
뚑,U+B691,4,12,17,105,217,293,125,239,349,60,1
뚒,U+B692,4,12,18,105,217,294,125,239,350,79,1
뚓,U+B693,4,12,19,105,217,295,125,239,351,65,1
뚔,U+B694,4,12,20,105,217,296,125,239,352,71,1
뚕,U+B695,4,12,21,105,217,297,125,239,353,69,1
뚖,U+B696,4,12,22,105,217,298,125,239,354,68,1
뚗,U+B697,4,12,23,105,217,299,125,239,355,59,1
뚘,U+B698,4,12,24,105,217,300,125,239,356,49,1
뚙,U+B699,4,12,25,105,217,301,125,239,357,55,1
뚚,U+B69A,4,12,26,105,217,302,125,239,358,67,1
뚛,U+B69B,4,12,27,105,217,303,125,239,359,63,1
뚜,U+B69C,4,13,0,45,174,-1,45,196,-1,0,0
뚝,U+B69D,4,13,1,125,218,305,125,240,333,19,1
뚞,U+B69E,4,13,2,125,218,306,125,240,334,31,1
뚟,U+B69F,4,13,3,125,218,307,125,240,335,37,1
뚠,U+B6A0,4,13,4,125,218,308,125,240,336,23,1
뚡,U+B6A1,4,13,5,125,218,309,125,240,337,39,1
뚢,U+B6A2,4,13,6,125,218,310,125,240,338,33,1
뚣,U+B6A3,4,13,7,125,218,311,125,240,339,22,1
뚤,U+B6A4,4,13,8,125,218,312,125,240,340,23,1
뚥,U+B6A5,4,13,9,125,218,313,125,240,341,35,1
뚦,U+B6A6,4,13,10,125,218,314,125,240,342,26,1
뚧,U+B6A7,4,13,11,125,218,315,125,240,343,26,1
뚨,U+B6A8,4,13,12,125,218,316,125,240,344,40,1
뚩,U+B6A9,4,13,13,125,218,317,125,240,345,20,1
뚪,U+B6AA,4,13,14,125,218,318,125,240,346,26,1
뚫,U+B6AB,4,13,15,125,218,319,125,240,347,36,1
뚬,U+B6AC,4,13,16,125,218,320,125,240,348,35,1
뚭,U+B6AD,4,13,17,125,218,321,125,240,349,34,1
뚮,U+B6AE,4,13,18,125,218,322,125,240,350,43,1
뚯,U+B6AF,4,13,19,125,218,323,125,240,351,29,1
뚰,U+B6B0,4,13,20,125,218,324,125,240,352,35,1
뚱,U+B6B1,4,13,21,125,218,325,125,240,353,37,1
뚲,U+B6B2,4,13,22,125,218,326,125,240,354,22,1
뚳,U+B6B3,4,13,23,125,218,327,125,240,355,25,1
뚴,U+B6B4,4,13,24,125,218,328,125,240,356,20,1
뚵,U+B6B5,4,13,25,125,218,329,125,240,357,23,1
뚶,U+B6B6,4,13,26,125,218,330,125,240,358,32,1
뚷,U+B6B7,4,13,27,125,218,331,125,240,359,31,1
뚸,U+B6B8,4,14,0,65,175,-1,85,197,-1,0,0
뚹,U+B6B9,4,14,1,145,219,333,145,241,277,12,1
뚺,U+B6BA,4,14,2,145,219,334,145,241,278,18,1
뚻,U+B6BB,4,14,3,145,219,335,145,241,279,38,1
뚼,U+B6BC,4,14,4,145,219,336,145,241,280,19,1
뚽,U+B6BD,4,14,5,145,219,337,145,241,281,20,1
뚾,U+B6BE,4,14,6,145,219,338,145,241,282,22,1
뚿,U+B6BF,4,14,7,145,219,339,145,241,283,18,1
뛀,U+B6C0,4,14,8,145,219,340,145,241,284,18,1
뛁,U+B6C1,4,14,9,145,219,341,145,241,285,28,1
뛂,U+B6C2,4,14,10,145,219,342,145,241,286,26,1
뛃,U+B6C3,4,14,11,145,219,343,145,241,287,26,1
뛄,U+B6C4,4,14,12,145,219,344,145,241,288,40,1
뛅,U+B6C5,4,14,13,145,219,345,145,241,289,20,1
뛆,U+B6C6,4,14,14,145,219,346,145,241,290,26,1
뛇,U+B6C7,4,14,15,145,219,347,145,241,291,36,1
뛈,U+B6C8,4,14,16,145,219,348,145,241,292,25,1
뛉,U+B6C9,4,14,17,145,219,349,145,241,293,25,1
뛊,U+B6CA,4,14,18,145,219,350,145,241,294,44,1
뛋,U+B6CB,4,14,19,145,219,351,145,241,295,30,1
뛌,U+B6CC,4,14,20,145,219,352,145,241,296,36,1
뛍,U+B6CD,4,14,21,145,219,353,145,241,297,34,1
뛎,U+B6CE,4,14,22,145,219,354,145,241,298,33,1
뛏,U+B6CF,4,14,23,145,219,355,145,241,299,24,1
뛐,U+B6D0,4,14,24,145,219,356,145,241,300,14,1
뛑,U+B6D1,4,14,25,145,219,357,145,241,301,20,1
뛒,U+B6D2,4,14,26,145,219,358,145,241,302,32,1
뛓,U+B6D3,4,14,27,145,219,359,145,241,303,28,1
뛔,U+B6D4,4,15,0,65,176,-1,85,198,-1,0,0
뛕,U+B6D5,4,15,1,145,220,333,145,242,305,19,1
뛖,U+B6D6,4,15,2,145,220,334,145,242,306,31,1
뛗,U+B6D7,4,15,3,145,220,335,145,242,307,37,1
뛘,U+B6D8,4,15,4,145,220,336,145,242,308,24,1
뛙,U+B6D9,4,15,5,145,220,337,145,242,309,40,1
뛚,U+B6DA,4,15,6,145,220,338,145,242,310,33,1
뛛,U+B6DB,4,15,7,145,220,339,145,242,311,22,1
뛜,U+B6DC,4,15,8,145,220,340,145,242,312,23,1
뛝,U+B6DD,4,15,9,145,220,341,145,242,313,35,1
뛞,U+B6DE,4,15,10,145,220,342,145,242,314,26,1
뛟,U+B6DF,4,15,11,145,220,343,145,242,315,26,1
뛠,U+B6E0,4,15,12,145,220,344,145,242,316,40,1
뛡,U+B6E1,4,15,13,145,220,345,145,242,317,20,1
뛢,U+B6E2,4,15,14,145,220,346,145,242,318,26,1
뛣,U+B6E3,4,15,15,145,220,347,145,242,319,36,1
뛤,U+B6E4,4,15,16,145,220,348,145,242,320,35,1
뛥,U+B6E5,4,15,17,145,220,349,145,242,321,35,1
뛦,U+B6E6,4,15,18,145,220,350,145,242,322,44,1
뛧,U+B6E7,4,15,19,145,220,351,145,242,323,30,1
뛨,U+B6E8,4,15,20,145,220,352,145,242,324,36,1
뛩,U+B6E9,4,15,21,145,220,353,145,242,325,38,1
뛪,U+B6EA,4,15,22,145,220,354,145,242,326,22,1
뛫,U+B6EB,4,15,23,145,220,355,145,242,327,26,1
뛬,U+B6EC,4,15,24,145,220,356,145,242,328,20,1
뛭,U+B6ED,4,15,25,145,220,357,145,242,329,23,1
뛮,U+B6EE,4,15,26,145,220,358,145,242,330,32,1
뛯,U+B6EF,4,15,27,145,220,359,145,242,331,32,1
뛰,U+B6F0,4,16,0,65,177,-1,85,199,-1,0,0
뛱,U+B6F1,4,16,1,145,221,333,145,243,277,12,1
뛲,U+B6F2,4,16,2,145,221,334,145,243,278,18,1
뛳,U+B6F3,4,16,3,145,221,335,145,243,279,38,1
뛴,U+B6F4,4,16,4,145,221,336,145,243,280,19,1
뛵,U+B6F5,4,16,5,145,221,337,145,243,281,20,1
뛶,U+B6F6,4,16,6,145,221,338,145,243,282,22,1
뛷,U+B6F7,4,16,7,145,221,339,145,243,283,18,1
뛸,U+B6F8,4,16,8,145,221,340,145,243,284,18,1
뛹,U+B6F9,4,16,9,145,221,341,145,243,285,28,1
뛺,U+B6FA,4,16,10,145,221,342,145,243,286,26,1
뛻,U+B6FB,4,16,11,145,221,343,145,243,287,26,1
뛼,U+B6FC,4,16,12,145,221,344,145,243,288,40,1
뛽,U+B6FD,4,16,13,145,221,345,145,243,289,20,1
뛾,U+B6FE,4,16,14,145,221,346,145,243,290,26,1
뛿,U+B6FF,4,16,15,145,221,347,145,243,291,36,1
뜀,U+B700,4,16,16,145,221,348,145,243,292,25,1
뜁,U+B701,4,16,17,145,221,349,145,243,293,25,1
뜂,U+B702,4,16,18,145,221,350,145,243,294,44,1
뜃,U+B703,4,16,19,145,221,351,145,243,295,30,1
뜄,U+B704,4,16,20,145,221,352,145,243,296,36,1
뜅,U+B705,4,16,21,145,221,353,145,243,297,34,1
뜆,U+B706,4,16,22,145,221,354,145,243,298,33,1
뜇,U+B707,4,16,23,145,221,355,145,243,299,24,1
뜈,U+B708,4,16,24,145,221,356,145,243,300,14,1
뜉,U+B709,4,16,25,145,221,357,145,243,301,20,1
뜊,U+B70A,4,16,26,145,221,358,145,243,302,32,1
뜋,U+B70B,4,16,27,145,221,359,145,243,303,28,1
뜌,U+B70C,4,17,0,45,178,-1,45,200,-1,0,0
뜍,U+B70D,4,17,1,125,222,305,125,244,333,18,1
뜎,U+B70E,4,17,2,125,222,306,125,244,334,31,1
뜏,U+B70F,4,17,3,125,222,307,125,244,335,36,1
뜐,U+B710,4,17,4,125,222,308,125,244,336,23,1
뜑,U+B711,4,17,5,125,222,309,125,244,337,39,1
뜒,U+B712,4,17,6,125,222,310,125,244,338,33,1
뜓,U+B713,4,17,7,125,222,311,125,244,339,21,1
뜔,U+B714,4,17,8,125,222,312,125,244,340,22,1
뜕,U+B715,4,17,9,125,222,313,125,244,341,35,1
뜖,U+B716,4,17,10,125,222,314,125,244,342,25,1
뜗,U+B717,4,17,11,125,222,315,125,244,343,25,1
뜘,U+B718,4,17,12,125,222,316,125,244,344,39,1
뜙,U+B719,4,17,13,125,222,317,125,244,345,19,1
뜚,U+B71A,4,17,14,125,222,318,125,244,346,25,1
뜛,U+B71B,4,17,15,125,222,319,125,244,347,35,1
뜜,U+B71C,4,17,16,125,222,320,125,244,348,34,1
뜝,U+B71D,4,17,17,125,222,321,125,244,349,34,1
뜞,U+B71E,4,17,18,125,222,322,125,244,350,42,1
뜟,U+B71F,4,17,19,125,222,323,125,244,351,29,1
뜠,U+B720,4,17,20,125,222,324,125,244,352,36,1
뜡,U+B721,4,17,21,125,222,325,125,244,353,37,1
뜢,U+B722,4,17,22,125,222,326,125,244,354,22,1
뜣,U+B723,4,17,23,125,222,327,125,244,355,25,1
뜤,U+B724,4,17,24,125,222,328,125,244,356,19,1
뜥,U+B725,4,17,25,125,222,329,125,244,357,22,1
뜦,U+B726,4,17,26,125,222,330,125,244,358,32,1
뜧,U+B727,4,17,27,125,222,331,125,244,359,32,1
뜨,U+B728,4,18,0,25,179,-1,25,201,-1,0,0
뜩,U+B729,4,18,1,105,223,277,125,245,333,49,1
뜪,U+B72A,4,18,2,105,223,278,125,245,334,55,1
뜫,U+B72B,4,18,3,105,223,279,125,245,335,75,1
뜬,U+B72C,4,18,4,105,223,280,125,245,336,56,1
뜭,U+B72D,4,18,5,105,223,281,125,245,337,57,1
뜮,U+B72E,4,18,6,105,223,282,125,245,338,59,1
뜯,U+B72F,4,18,7,105,223,283,125,245,339,55,1
뜰,U+B730,4,18,8,105,223,284,125,245,340,55,1
뜱,U+B731,4,18,9,105,223,285,125,245,341,65,1
뜲,U+B732,4,18,10,105,223,286,125,245,342,63,1
뜳,U+B733,4,18,11,105,223,287,125,245,343,63,1
뜴,U+B734,4,18,12,105,223,288,125,245,344,77,1
뜵,U+B735,4,18,13,105,223,289,125,245,345,57,1
뜶,U+B736,4,18,14,105,223,290,125,245,346,63,1
뜷,U+B737,4,18,15,105,223,291,125,245,347,73,1
뜸,U+B738,4,18,16,105,223,292,125,245,348,62,1
뜹,U+B739,4,18,17,105,223,293,125,245,349,62,1
뜺,U+B73A,4,18,18,105,223,294,125,245,350,81,1
뜻,U+B73B,4,18,19,105,223,295,125,245,351,67,1
뜼,U+B73C,4,18,20,105,223,296,125,245,352,73,1
뜽,U+B73D,4,18,21,105,223,297,125,245,353,71,1
뜾,U+B73E,4,18,22,105,223,298,125,245,354,70,1
뜿,U+B73F,4,18,23,105,223,299,125,245,355,61,1
띀,U+B740,4,18,24,105,223,300,125,245,356,51,1
띁,U+B741,4,18,25,105,223,301,125,245,357,57,1
띂,U+B742,4,18,26,105,223,302,125,245,358,69,1
띃,U+B743,4,18,27,105,223,303,125,245,359,65,1
띄,U+B744,4,19,0,65,180,-1,65,202,-1,0,0
띅,U+B745,4,19,1,145,224,333,145,246,277,12,1
띆,U+B746,4,19,2,145,224,334,145,246,278,18,1
띇,U+B747,4,19,3,145,224,335,145,246,279,38,1
띈,U+B748,4,19,4,145,224,336,145,246,280,19,1
띉,U+B749,4,19,5,145,224,337,145,246,281,20,1
띊,U+B74A,4,19,6,145,224,338,145,246,282,22,1
띋,U+B74B,4,19,7,145,224,339,145,246,283,18,1
띌,U+B74C,4,19,8,145,224,340,145,246,284,18,1
띍,U+B74D,4,19,9,145,224,341,145,246,285,28,1
띎,U+B74E,4,19,10,145,224,342,145,246,286,26,1
띏,U+B74F,4,19,11,145,224,343,145,246,287,26,1
띐,U+B750,4,19,12,145,224,344,145,246,288,40,1
띑,U+B751,4,19,13,145,224,345,145,246,289,20,1
띒,U+B752,4,19,14,145,224,346,145,246,290,26,1
띓,U+B753,4,19,15,145,224,347,145,246,291,36,1
띔,U+B754,4,19,16,145,224,348,145,246,292,25,1
띕,U+B755,4,19,17,145,224,349,145,246,293,25,1
띖,U+B756,4,19,18,145,224,350,145,246,294,44,1
띗,U+B757,4,19,19,145,224,351,145,246,295,30,1
띘,U+B758,4,19,20,145,224,352,145,246,296,36,1
띙,U+B759,4,19,21,145,224,353,145,246,297,34,1
띚,U+B75A,4,19,22,145,224,354,145,246,298,33,1
띛,U+B75B,4,19,23,145,224,355,145,246,299,24,1
띜,U+B75C,4,19,24,145,224,356,145,246,300,14,1
띝,U+B75D,4,19,25,145,224,357,145,246,301,20,1
띞,U+B75E,4,19,26,145,224,358,145,246,302,32,1
띟,U+B75F,4,19,27,145,224,359,145,246,303,28,1
띠,U+B760,4,20,0,5,181,-1,5,203,-1,0,0
띡,U+B761,4,20,1,85,225,249,105,247,277,19,1
띢,U+B762,4,20,2,85,225,250,105,247,278,19,1
띣,U+B763,4,20,3,85,225,251,105,247,279,19,1
띤,U+B764,4,20,4,85,225,252,105,247,280,19,1
띥,U+B765,4,20,5,85,225,253,105,247,281,19,1
띦,U+B766,4,20,6,85,225,254,105,247,282,19,1
띧,U+B767,4,20,7,85,225,255,105,247,283,19,1
띨,U+B768,4,20,8,85,225,256,105,247,284,19,1
띩,U+B769,4,20,9,85,225,257,105,247,285,19,1
띪,U+B76A,4,20,10,85,225,258,105,247,286,19,1
띫,U+B76B,4,20,11,85,225,259,105,247,287,19,1
띬,U+B76C,4,20,12,85,225,260,105,247,288,19,1
띭,U+B76D,4,20,13,85,225,261,105,247,289,19,1
띮,U+B76E,4,20,14,85,225,262,105,247,290,19,1
띯,U+B76F,4,20,15,85,225,263,105,247,291,19,1
띰,U+B770,4,20,16,85,225,264,105,247,292,19,1
띱,U+B771,4,20,17,85,225,265,105,247,293,19,1
띲,U+B772,4,20,18,85,225,266,105,247,294,19,1
띳,U+B773,4,20,19,85,225,267,105,247,295,19,1
띴,U+B774,4,20,20,85,225,268,105,247,296,19,1
띵,U+B775,4,20,21,85,225,269,105,247,297,19,1
띶,U+B776,4,20,22,85,225,270,105,247,298,19,1
띷,U+B777,4,20,23,85,225,271,105,247,299,19,1
띸,U+B778,4,20,24,85,225,272,105,247,300,19,1
띹,U+B779,4,20,25,85,225,273,105,247,301,19,1
띺,U+B77A,4,20,26,85,225,274,105,247,302,19,1
띻,U+B77B,4,20,27,85,225,275,105,247,303,19,1
라,U+B77C,5,0,0,6,161,-1,6,183,-1,0,0
락,U+B77D,5,0,1,86,205,249,106,227,249,15,1
띾,U+B77E,5,0,2,86,205,250,106,227,250,15,1
띿,U+B77F,5,0,3,86,205,251,106,227,251,15,1
란,U+B780,5,0,4,86,205,252,106,227,252,15,1
랁,U+B781,5,0,5,86,205,253,106,227,253,15,1
랂,U+B782,5,0,6,86,205,254,106,227,254,15,1
랃,U+B783,5,0,7,86,205,255,106,227,255,15,1
랄,U+B784,5,0,8,86,205,256,106,227,256,15,1
랅,U+B785,5,0,9,86,205,257,106,227,257,15,1
랆,U+B786,5,0,10,86,205,258,106,227,258,15,1
랇,U+B787,5,0,11,86,205,259,106,227,259,15,1
랈,U+B788,5,0,12,86,205,260,106,227,260,15,1
랉,U+B789,5,0,13,86,205,261,106,227,261,15,1
랊,U+B78A,5,0,14,86,205,262,106,227,262,15,1
랋,U+B78B,5,0,15,86,205,263,106,227,263,15,1
람,U+B78C,5,0,16,86,205,264,106,227,264,15,1
랍,U+B78D,5,0,17,86,205,265,106,227,265,15,1
랎,U+B78E,5,0,18,86,205,266,106,227,266,15,1
랏,U+B78F,5,0,19,86,205,267,106,227,267,15,1
랐,U+B790,5,0,20,86,205,268,106,227,268,15,1
랑,U+B791,5,0,21,86,205,269,106,227,269,15,1
랒,U+B792,5,0,22,86,205,270,106,227,270,15,1
랓,U+B793,5,0,23,86,205,271,106,227,271,15,1
랔,U+B794,5,0,24,86,205,272,106,227,272,15,1
랕,U+B795,5,0,25,86,205,273,106,227,273,15,1
랖,U+B796,5,0,26,86,205,274,106,227,274,15,1
랗,U+B797,5,0,27,86,205,275,106,227,275,15,1
래,U+B798,5,1,0,6,162,-1,6,184,-1,0,0
랙,U+B799,5,1,1,86,206,249,106,228,305,24,1
랚,U+B79A,5,1,2,86,206,250,106,228,306,32,1
랛,U+B79B,5,1,3,86,206,251,106,228,307,16,1
랜,U+B79C,5,1,4,86,206,252,106,228,308,26,1
랝,U+B79D,5,1,5,86,206,253,106,228,309,35,1
랞,U+B79E,5,1,6,86,206,254,106,228,310,28,1
랟,U+B79F,5,1,7,86,206,255,106,228,311,25,1
랠,U+B7A0,5,1,8,86,206,256,106,228,312,20,1
랡,U+B7A1,5,1,9,86,206,257,106,228,313,24,1
랢,U+B7A2,5,1,10,86,206,258,106,228,314,15,1
랣,U+B7A3,5,1,11,86,206,259,106,228,315,15,1
랤,U+B7A4,5,1,12,86,206,260,106,228,316,15,1
랥,U+B7A5,5,1,13,86,206,261,106,228,317,15,1
랦,U+B7A6,5,1,14,86,206,262,106,228,318,15,1
랧,U+B7A7,5,1,15,86,206,263,106,228,319,15,1
램,U+B7A8,5,1,16,86,206,264,106,228,320,31,1
랩,U+B7A9,5,1,17,86,206,265,106,228,321,31,1
랪,U+B7AA,5,1,18,86,206,266,106,228,322,15,1
랫,U+B7AB,5,1,19,86,206,267,106,228,323,15,1
랬,U+B7AC,5,1,20,86,206,268,106,228,324,15,1
랭,U+B7AD,5,1,21,86,206,269,106,228,325,31,1
랮,U+B7AE,5,1,22,86,206,270,106,228,326,34,1
랯,U+B7AF,5,1,23,86,206,271,106,228,327,21,1
랰,U+B7B0,5,1,24,86,206,272,106,228,328,23,1
랱,U+B7B1,5,1,25,86,206,273,106,228,329,18,1
랲,U+B7B2,5,1,26,86,206,274,106,228,330,19,1
랳,U+B7B3,5,1,27,86,206,275,106,228,331,21,1
랴,U+B7B4,5,2,0,6,163,-1,6,185,-1,0,0
략,U+B7B5,5,2,1,86,207,249,106,229,249,15,1
랶,U+B7B6,5,2,2,86,207,250,106,229,250,15,1
랷,U+B7B7,5,2,3,86,207,251,106,229,251,15,1
랸,U+B7B8,5,2,4,86,207,252,106,229,252,15,1
랹,U+B7B9,5,2,5,86,207,253,106,229,253,15,1
랺,U+B7BA,5,2,6,86,207,254,106,229,254,15,1
랻,U+B7BB,5,2,7,86,207,255,106,229,255,15,1
랼,U+B7BC,5,2,8,86,207,256,106,229,256,15,1
랽,U+B7BD,5,2,9,86,207,257,106,229,257,15,1
랾,U+B7BE,5,2,10,86,207,258,106,229,258,15,1
랿,U+B7BF,5,2,11,86,207,259,106,229,259,15,1
럀,U+B7C0,5,2,12,86,207,260,106,229,260,15,1
럁,U+B7C1,5,2,13,86,207,261,106,229,261,15,1
럂,U+B7C2,5,2,14,86,207,262,106,229,262,15,1
럃,U+B7C3,5,2,15,86,207,263,106,229,263,15,1
럄,U+B7C4,5,2,16,86,207,264,106,229,264,15,1
럅,U+B7C5,5,2,17,86,207,265,106,229,265,15,1
럆,U+B7C6,5,2,18,86,207,266,106,229,266,15,1
럇,U+B7C7,5,2,19,86,207,267,106,229,267,15,1
럈,U+B7C8,5,2,20,86,207,268,106,229,268,15,1
량,U+B7C9,5,2,21,86,207,269,106,229,269,15,1
럊,U+B7CA,5,2,22,86,207,270,106,229,270,15,1
럋,U+B7CB,5,2,23,86,207,271,106,229,271,15,1
럌,U+B7CC,5,2,24,86,207,272,106,229,272,15,1
럍,U+B7CD,5,2,25,86,207,273,106,229,273,15,1
럎,U+B7CE,5,2,26,86,207,274,106,229,274,15,1
럏,U+B7CF,5,2,27,86,207,275,106,229,275,15,1
럐,U+B7D0,5,3,0,6,164,-1,6,186,-1,0,0
럑,U+B7D1,5,3,1,86,208,249,106,230,305,24,1
럒,U+B7D2,5,3,2,86,208,250,106,230,306,32,1
럓,U+B7D3,5,3,3,86,208,251,106,230,307,16,1
럔,U+B7D4,5,3,4,86,208,252,106,230,308,26,1
럕,U+B7D5,5,3,5,86,208,253,106,230,309,35,1
럖,U+B7D6,5,3,6,86,208,254,106,230,310,28,1
럗,U+B7D7,5,3,7,86,208,255,106,230,311,25,1
럘,U+B7D8,5,3,8,86,208,256,106,230,312,20,1
럙,U+B7D9,5,3,9,86,208,257,106,230,313,24,1
럚,U+B7DA,5,3,10,86,208,258,106,230,314,15,1
럛,U+B7DB,5,3,11,86,208,259,106,230,315,15,1
럜,U+B7DC,5,3,12,86,208,260,106,230,316,15,1
럝,U+B7DD,5,3,13,86,208,261,106,230,317,15,1
럞,U+B7DE,5,3,14,86,208,262,106,230,318,15,1
럟,U+B7DF,5,3,15,86,208,263,106,230,319,15,1
럠,U+B7E0,5,3,16,86,208,264,106,230,320,31,1
럡,U+B7E1,5,3,17,86,208,265,106,230,321,31,1
럢,U+B7E2,5,3,18,86,208,266,106,230,322,15,1
럣,U+B7E3,5,3,19,86,208,267,106,230,323,15,1
럤,U+B7E4,5,3,20,86,208,268,106,230,324,15,1
럥,U+B7E5,5,3,21,86,208,269,106,230,325,31,1
럦,U+B7E6,5,3,22,86,208,270,106,230,326,34,1
럧,U+B7E7,5,3,23,86,208,271,106,230,327,21,1
럨,U+B7E8,5,3,24,86,208,272,106,230,328,23,1
럩,U+B7E9,5,3,25,86,208,273,106,230,329,18,1
럪,U+B7EA,5,3,26,86,208,274,106,230,330,19,1
럫,U+B7EB,5,3,27,86,208,275,106,230,331,21,1
러,U+B7EC,5,4,0,6,165,-1,6,187,-1,0,0
럭,U+B7ED,5,4,1,86,209,249,106,231,277,15,1
럮,U+B7EE,5,4,2,86,209,250,106,231,278,15,1
럯,U+B7EF,5,4,3,86,209,251,106,231,279,15,1
런,U+B7F0,5,4,4,86,209,252,106,231,280,15,1
럱,U+B7F1,5,4,5,86,209,253,106,231,281,15,1
럲,U+B7F2,5,4,6,86,209,254,106,231,282,15,1
럳,U+B7F3,5,4,7,86,209,255,106,231,283,15,1
럴,U+B7F4,5,4,8,86,209,256,106,231,284,15,1
럵,U+B7F5,5,4,9,86,209,257,106,231,285,15,1
럶,U+B7F6,5,4,10,86,209,258,106,231,286,15,1
럷,U+B7F7,5,4,11,86,209,259,106,231,287,15,1
럸,U+B7F8,5,4,12,86,209,260,106,231,288,15,1
럹,U+B7F9,5,4,13,86,209,261,106,231,289,15,1
럺,U+B7FA,5,4,14,86,209,262,106,231,290,15,1
럻,U+B7FB,5,4,15,86,209,263,106,231,291,15,1
럼,U+B7FC,5,4,16,86,209,264,106,231,292,15,1
럽,U+B7FD,5,4,17,86,209,265,106,231,293,15,1
럾,U+B7FE,5,4,18,86,209,266,106,231,294,15,1
럿,U+B7FF,5,4,19,86,209,267,106,231,295,15,1
렀,U+B800,5,4,20,86,209,268,106,231,296,15,1
렁,U+B801,5,4,21,86,209,269,106,231,297,15,1
렂,U+B802,5,4,22,86,209,270,106,231,298,15,1
렃,U+B803,5,4,23,86,209,271,106,231,299,15,1
렄,U+B804,5,4,24,86,209,272,106,231,300,15,1
렅,U+B805,5,4,25,86,209,273,106,231,301,15,1
렆,U+B806,5,4,26,86,209,274,106,231,302,15,1
렇,U+B807,5,4,27,86,209,275,106,231,303,15,1
레,U+B808,5,5,0,6,166,-1,6,188,-1,0,0
렉,U+B809,5,5,1,86,210,249,106,232,305,24,1
렊,U+B80A,5,5,2,86,210,250,106,232,306,32,1
렋,U+B80B,5,5,3,86,210,251,106,232,307,16,1
렌,U+B80C,5,5,4,86,210,252,106,232,308,26,1
렍,U+B80D,5,5,5,86,210,253,106,232,309,35,1
렎,U+B80E,5,5,6,86,210,254,106,232,310,28,1
렏,U+B80F,5,5,7,86,210,255,106,232,311,25,1
렐,U+B810,5,5,8,86,210,256,106,232,312,20,1
렑,U+B811,5,5,9,86,210,257,106,232,313,24,1
렒,U+B812,5,5,10,86,210,258,106,232,314,15,1
렓,U+B813,5,5,11,86,210,259,106,232,315,15,1
렔,U+B814,5,5,12,86,210,260,106,232,316,15,1
렕,U+B815,5,5,13,86,210,261,106,232,317,15,1
렖,U+B816,5,5,14,86,210,262,106,232,318,15,1
렗,U+B817,5,5,15,86,210,263,106,232,319,15,1
렘,U+B818,5,5,16,86,210,264,106,232,320,31,1
렙,U+B819,5,5,17,86,210,265,106,232,321,31,1
렚,U+B81A,5,5,18,86,210,266,106,232,322,15,1
렛,U+B81B,5,5,19,86,210,267,106,232,323,15,1
렜,U+B81C,5,5,20,86,210,268,106,232,324,15,1
렝,U+B81D,5,5,21,86,210,269,106,232,325,31,1
렞,U+B81E,5,5,22,86,210,270,106,232,326,34,1
렟,U+B81F,5,5,23,86,210,271,106,232,327,21,1
렠,U+B820,5,5,24,86,210,272,106,232,328,23,1
렡,U+B821,5,5,25,86,210,273,106,232,329,18,1
렢,U+B822,5,5,26,86,210,274,106,232,330,19,1
렣,U+B823,5,5,27,86,210,275,106,232,331,21,1
려,U+B824,5,6,0,6,167,-1,6,189,-1,0,0
력,U+B825,5,6,1,86,211,249,106,233,277,15,1
렦,U+B826,5,6,2,86,211,250,106,233,278,15,1
렧,U+B827,5,6,3,86,211,251,106,233,279,15,1
련,U+B828,5,6,4,86,211,252,106,233,280,15,1
렩,U+B829,5,6,5,86,211,253,106,233,281,15,1
렪,U+B82A,5,6,6,86,211,254,106,233,282,15,1
렫,U+B82B,5,6,7,86,211,255,106,233,283,15,1
렬,U+B82C,5,6,8,86,211,256,106,233,284,15,1
렭,U+B82D,5,6,9,86,211,257,106,233,285,15,1
렮,U+B82E,5,6,10,86,211,258,106,233,286,15,1
렯,U+B82F,5,6,11,86,211,259,106,233,287,15,1
렰,U+B830,5,6,12,86,211,260,106,233,288,15,1
렱,U+B831,5,6,13,86,211,261,106,233,289,15,1
렲,U+B832,5,6,14,86,211,262,106,233,290,15,1
렳,U+B833,5,6,15,86,211,263,106,233,291,15,1
렴,U+B834,5,6,16,86,211,264,106,233,292,15,1
렵,U+B835,5,6,17,86,211,265,106,233,293,15,1
렶,U+B836,5,6,18,86,211,266,106,233,294,15,1
렷,U+B837,5,6,19,86,211,267,106,233,295,15,1
렸,U+B838,5,6,20,86,211,268,106,233,296,15,1
령,U+B839,5,6,21,86,211,269,106,233,297,15,1
렺,U+B83A,5,6,22,86,211,270,106,233,298,15,1
렻,U+B83B,5,6,23,86,211,271,106,233,299,15,1
렼,U+B83C,5,6,24,86,211,272,106,233,300,15,1
렽,U+B83D,5,6,25,86,211,273,106,233,301,15,1
렾,U+B83E,5,6,26,86,211,274,106,233,302,15,1
렿,U+B83F,5,6,27,86,211,275,106,233,303,15,1
례,U+B840,5,7,0,6,168,-1,6,190,-1,0,0
롁,U+B841,5,7,1,86,212,249,106,234,305,22,1
롂,U+B842,5,7,2,86,212,250,106,234,306,30,1
롃,U+B843,5,7,3,86,212,251,106,234,307,14,1
롄,U+B844,5,7,4,86,212,252,106,234,308,24,1
롅,U+B845,5,7,5,86,212,253,106,234,309,33,1
롆,U+B846,5,7,6,86,212,254,106,234,310,26,1
롇,U+B847,5,7,7,86,212,255,106,234,311,23,1
롈,U+B848,5,7,8,86,212,256,106,234,312,18,1
롉,U+B849,5,7,9,86,212,257,106,234,313,22,1
롊,U+B84A,5,7,10,86,212,258,106,234,314,13,1
롋,U+B84B,5,7,11,86,212,259,106,234,315,13,1
롌,U+B84C,5,7,12,86,212,260,106,234,316,13,1
롍,U+B84D,5,7,13,86,212,261,106,234,317,13,1
롎,U+B84E,5,7,14,86,212,262,106,234,318,13,1
롏,U+B84F,5,7,15,86,212,263,106,234,319,13,1
롐,U+B850,5,7,16,86,212,264,106,234,320,29,1
롑,U+B851,5,7,17,86,212,265,106,234,321,29,1
롒,U+B852,5,7,18,86,212,266,106,234,322,13,1
롓,U+B853,5,7,19,86,212,267,106,234,323,13,1
롔,U+B854,5,7,20,86,212,268,106,234,324,13,1
롕,U+B855,5,7,21,86,212,269,106,234,325,29,1
롖,U+B856,5,7,22,86,212,270,106,234,326,32,1
롗,U+B857,5,7,23,86,212,271,106,234,327,19,1
롘,U+B858,5,7,24,86,212,272,106,234,328,21,1
롙,U+B859,5,7,25,86,212,273,106,234,329,16,1
롚,U+B85A,5,7,26,86,212,274,106,234,330,17,1
롛,U+B85B,5,7,27,86,212,275,106,234,331,19,1
로,U+B85C,5,8,0,26,169,-1,26,191,-1,0,0
록,U+B85D,5,8,1,106,213,277,126,235,333,42,1
롞,U+B85E,5,8,2,106,213,278,126,235,334,48,1
롟,U+B85F,5,8,3,106,213,279,126,235,335,68,1
론,U+B860,5,8,4,106,213,280,126,235,336,49,1
롡,U+B861,5,8,5,106,213,281,126,235,337,50,1
롢,U+B862,5,8,6,106,213,282,126,235,338,52,1
롣,U+B863,5,8,7,106,213,283,126,235,339,48,1
롤,U+B864,5,8,8,106,213,284,126,235,340,48,1
롥,U+B865,5,8,9,106,213,285,126,235,341,58,1
롦,U+B866,5,8,10,106,213,286,126,235,342,56,1
롧,U+B867,5,8,11,106,213,287,126,235,343,56,1
롨,U+B868,5,8,12,106,213,288,126,235,344,70,1
롩,U+B869,5,8,13,106,213,289,126,235,345,50,1
롪,U+B86A,5,8,14,106,213,290,126,235,346,56,1
롫,U+B86B,5,8,15,106,213,291,126,235,347,66,1
롬,U+B86C,5,8,16,106,213,292,126,235,348,55,1
롭,U+B86D,5,8,17,106,213,293,126,235,349,55,1
롮,U+B86E,5,8,18,106,213,294,126,235,350,74,1
롯,U+B86F,5,8,19,106,213,295,126,235,351,60,1
롰,U+B870,5,8,20,106,213,296,126,235,352,66,1
롱,U+B871,5,8,21,106,213,297,126,235,353,64,1
롲,U+B872,5,8,22,106,213,298,126,235,354,63,1
롳,U+B873,5,8,23,106,213,299,126,235,355,54,1
롴,U+B874,5,8,24,106,213,300,126,235,356,44,1
롵,U+B875,5,8,25,106,213,301,126,235,357,50,1
롶,U+B876,5,8,26,106,213,302,126,235,358,62,1
롷,U+B877,5,8,27,106,213,303,126,235,359,58,1
롸,U+B878,5,9,0,66,170,-1,66,192,-1,0,0
롹,U+B879,5,9,1,146,214,333,146,236,249,12,1
롺,U+B87A,5,9,2,146,214,334,146,236,250,18,1
롻,U+B87B,5,9,3,146,214,335,146,236,251,38,1
롼,U+B87C,5,9,4,146,214,336,146,236,252,19,1
롽,U+B87D,5,9,5,146,214,337,146,236,253,20,1
롾,U+B87E,5,9,6,146,214,338,146,236,254,22,1
롿,U+B87F,5,9,7,146,214,339,146,236,255,18,1
뢀,U+B880,5,9,8,146,214,340,146,236,256,18,1
뢁,U+B881,5,9,9,146,214,341,146,236,257,28,1
뢂,U+B882,5,9,10,146,214,342,146,236,258,26,1
뢃,U+B883,5,9,11,146,214,343,146,236,259,26,1
뢄,U+B884,5,9,12,146,214,344,146,236,260,40,1
뢅,U+B885,5,9,13,146,214,345,146,236,261,20,1
뢆,U+B886,5,9,14,146,214,346,146,236,262,26,1
뢇,U+B887,5,9,15,146,214,347,146,236,263,36,1
뢈,U+B888,5,9,16,146,214,348,146,236,264,25,1
뢉,U+B889,5,9,17,146,214,349,146,236,265,25,1
뢊,U+B88A,5,9,18,146,214,350,146,236,266,44,1
뢋,U+B88B,5,9,19,146,214,351,146,236,267,30,1
뢌,U+B88C,5,9,20,146,214,352,146,236,268,36,1
뢍,U+B88D,5,9,21,146,214,353,146,236,269,34,1
뢎,U+B88E,5,9,22,146,214,354,146,236,270,33,1
뢏,U+B88F,5,9,23,146,214,355,146,236,271,24,1
뢐,U+B890,5,9,24,146,214,356,146,236,272,14,1
뢑,U+B891,5,9,25,146,214,357,146,236,273,20,1
뢒,U+B892,5,9,26,146,214,358,146,236,274,32,1
뢓,U+B893,5,9,27,146,214,359,146,236,275,28,1
뢔,U+B894,5,10,0,66,171,-1,66,193,-1,0,0
뢕,U+B895,5,10,1,146,215,333,146,237,305,19,1
뢖,U+B896,5,10,2,146,215,334,146,237,306,31,1
뢗,U+B897,5,10,3,146,215,335,146,237,307,37,1
뢘,U+B898,5,10,4,146,215,336,146,237,308,24,1
뢙,U+B899,5,10,5,146,215,337,146,237,309,40,1
뢚,U+B89A,5,10,6,146,215,338,146,237,310,33,1
뢛,U+B89B,5,10,7,146,215,339,146,237,311,22,1
뢜,U+B89C,5,10,8,146,215,340,146,237,312,23,1
뢝,U+B89D,5,10,9,146,215,341,146,237,313,35,1
뢞,U+B89E,5,10,10,146,215,342,146,237,314,26,1
뢟,U+B89F,5,10,11,146,215,343,146,237,315,26,1
뢠,U+B8A0,5,10,12,146,215,344,146,237,316,40,1
뢡,U+B8A1,5,10,13,146,215,345,146,237,317,20,1
뢢,U+B8A2,5,10,14,146,215,346,146,237,318,26,1
뢣,U+B8A3,5,10,15,146,215,347,146,237,319,36,1
뢤,U+B8A4,5,10,16,146,215,348,146,237,320,35,1
뢥,U+B8A5,5,10,17,146,215,349,146,237,321,35,1
뢦,U+B8A6,5,10,18,146,215,350,146,237,322,44,1
뢧,U+B8A7,5,10,19,146,215,351,146,237,323,30,1
뢨,U+B8A8,5,10,20,146,215,352,146,237,324,36,1
뢩,U+B8A9,5,10,21,146,215,353,146,237,325,38,1
뢪,U+B8AA,5,10,22,146,215,354,146,237,326,22,1
뢫,U+B8AB,5,10,23,146,215,355,146,237,327,26,1
뢬,U+B8AC,5,10,24,146,215,356,146,237,328,20,1
뢭,U+B8AD,5,10,25,146,215,357,146,237,329,23,1
뢮,U+B8AE,5,10,26,146,215,358,146,237,330,32,1
뢯,U+B8AF,5,10,27,146,215,359,146,237,331,32,1
뢰,U+B8B0,5,11,0,66,172,-1,66,194,-1,0,0
뢱,U+B8B1,5,11,1,146,216,333,146,238,277,12,1
뢲,U+B8B2,5,11,2,146,216,334,146,238,278,18,1
뢳,U+B8B3,5,11,3,146,216,335,146,238,279,38,1
뢴,U+B8B4,5,11,4,146,216,336,146,238,280,19,1
뢵,U+B8B5,5,11,5,146,216,337,146,238,281,20,1
뢶,U+B8B6,5,11,6,146,216,338,146,238,282,22,1
뢷,U+B8B7,5,11,7,146,216,339,146,238,283,18,1
뢸,U+B8B8,5,11,8,146,216,340,146,238,284,18,1
뢹,U+B8B9,5,11,9,146,216,341,146,238,285,28,1
뢺,U+B8BA,5,11,10,146,216,342,146,238,286,26,1
뢻,U+B8BB,5,11,11,146,216,343,146,238,287,26,1
뢼,U+B8BC,5,11,12,146,216,344,146,238,288,40,1
뢽,U+B8BD,5,11,13,146,216,345,146,238,289,20,1
뢾,U+B8BE,5,11,14,146,216,346,146,238,290,26,1
뢿,U+B8BF,5,11,15,146,216,347,146,238,291,36,1
룀,U+B8C0,5,11,16,146,216,348,146,238,292,25,1
룁,U+B8C1,5,11,17,146,216,349,146,238,293,25,1
룂,U+B8C2,5,11,18,146,216,350,146,238,294,44,1
룃,U+B8C3,5,11,19,146,216,351,146,238,295,30,1
룄,U+B8C4,5,11,20,146,216,352,146,238,296,36,1
룅,U+B8C5,5,11,21,146,216,353,146,238,297,34,1
룆,U+B8C6,5,11,22,146,216,354,146,238,298,33,1
룇,U+B8C7,5,11,23,146,216,355,146,238,299,24,1
룈,U+B8C8,5,11,24,146,216,356,146,238,300,14,1
룉,U+B8C9,5,11,25,146,216,357,146,238,301,20,1
룊,U+B8CA,5,11,26,146,216,358,146,238,302,32,1
룋,U+B8CB,5,11,27,146,216,359,146,238,303,28,1
료,U+B8CC,5,12,0,26,173,-1,26,195,-1,0,0
룍,U+B8CD,5,12,1,106,217,277,126,239,333,44,1
룎,U+B8CE,5,12,2,106,217,278,126,239,334,50,1
룏,U+B8CF,5,12,3,106,217,279,126,239,335,70,1
룐,U+B8D0,5,12,4,106,217,280,126,239,336,51,1
룑,U+B8D1,5,12,5,106,217,281,126,239,337,52,1
룒,U+B8D2,5,12,6,106,217,282,126,239,338,54,1
룓,U+B8D3,5,12,7,106,217,283,126,239,339,50,1
룔,U+B8D4,5,12,8,106,217,284,126,239,340,50,1
룕,U+B8D5,5,12,9,106,217,285,126,239,341,60,1
룖,U+B8D6,5,12,10,106,217,286,126,239,342,58,1
룗,U+B8D7,5,12,11,106,217,287,126,239,343,58,1
룘,U+B8D8,5,12,12,106,217,288,126,239,344,72,1
룙,U+B8D9,5,12,13,106,217,289,126,239,345,52,1
룚,U+B8DA,5,12,14,106,217,290,126,239,346,58,1
룛,U+B8DB,5,12,15,106,217,291,126,239,347,68,1
룜,U+B8DC,5,12,16,106,217,292,126,239,348,57,1
룝,U+B8DD,5,12,17,106,217,293,126,239,349,57,1
룞,U+B8DE,5,12,18,106,217,294,126,239,350,76,1
룟,U+B8DF,5,12,19,106,217,295,126,239,351,62,1
룠,U+B8E0,5,12,20,106,217,296,126,239,352,68,1
룡,U+B8E1,5,12,21,106,217,297,126,239,353,66,1
룢,U+B8E2,5,12,22,106,217,298,126,239,354,65,1
룣,U+B8E3,5,12,23,106,217,299,126,239,355,56,1
룤,U+B8E4,5,12,24,106,217,300,126,239,356,46,1
룥,U+B8E5,5,12,25,106,217,301,126,239,357,52,1
룦,U+B8E6,5,12,26,106,217,302,126,239,358,64,1
룧,U+B8E7,5,12,27,106,217,303,126,239,359,60,1
루,U+B8E8,5,13,0,46,174,-1,46,196,-1,0,0
룩,U+B8E9,5,13,1,126,218,305,126,240,333,19,1
룪,U+B8EA,5,13,2,126,218,306,126,240,334,31,1
룫,U+B8EB,5,13,3,126,218,307,126,240,335,37,1
룬,U+B8EC,5,13,4,126,218,308,126,240,336,23,1
룭,U+B8ED,5,13,5,126,218,309,126,240,337,39,1
룮,U+B8EE,5,13,6,126,218,310,126,240,338,33,1
룯,U+B8EF,5,13,7,126,218,311,126,240,339,22,1
룰,U+B8F0,5,13,8,126,218,312,126,240,340,23,1
룱,U+B8F1,5,13,9,126,218,313,126,240,341,35,1
룲,U+B8F2,5,13,10,126,218,314,126,240,342,26,1
룳,U+B8F3,5,13,11,126,218,315,126,240,343,26,1
룴,U+B8F4,5,13,12,126,218,316,126,240,344,40,1
룵,U+B8F5,5,13,13,126,218,317,126,240,345,20,1
룶,U+B8F6,5,13,14,126,218,318,126,240,346,26,1
룷,U+B8F7,5,13,15,126,218,319,126,240,347,36,1
룸,U+B8F8,5,13,16,126,218,320,126,240,348,35,1
룹,U+B8F9,5,13,17,126,218,321,126,240,349,34,1
룺,U+B8FA,5,13,18,126,218,322,126,240,350,43,1
룻,U+B8FB,5,13,19,126,218,323,126,240,351,29,1
룼,U+B8FC,5,13,20,126,218,324,126,240,352,35,1
룽,U+B8FD,5,13,21,126,218,325,126,240,353,37,1
룾,U+B8FE,5,13,22,126,218,326,126,240,354,22,1
룿,U+B8FF,5,13,23,126,218,327,126,240,355,25,1
뤀,U+B900,5,13,24,126,218,328,126,240,356,20,1
뤁,U+B901,5,13,25,126,218,329,126,240,357,23,1
뤂,U+B902,5,13,26,126,218,330,126,240,358,32,1
뤃,U+B903,5,13,27,126,218,331,126,240,359,31,1
뤄,U+B904,5,14,0,66,175,-1,86,197,-1,0,0
뤅,U+B905,5,14,1,146,219,333,146,241,277,12,1
뤆,U+B906,5,14,2,146,219,334,146,241,278,18,1
뤇,U+B907,5,14,3,146,219,335,146,241,279,38,1
뤈,U+B908,5,14,4,146,219,336,146,241,280,19,1
뤉,U+B909,5,14,5,146,219,337,146,241,281,20,1
뤊,U+B90A,5,14,6,146,219,338,146,241,282,22,1
뤋,U+B90B,5,14,7,146,219,339,146,241,283,18,1
뤌,U+B90C,5,14,8,146,219,340,146,241,284,18,1
뤍,U+B90D,5,14,9,146,219,341,146,241,285,28,1
뤎,U+B90E,5,14,10,146,219,342,146,241,286,26,1
뤏,U+B90F,5,14,11,146,219,343,146,241,287,26,1
뤐,U+B910,5,14,12,146,219,344,146,241,288,40,1
뤑,U+B911,5,14,13,146,219,345,146,241,289,20,1
뤒,U+B912,5,14,14,146,219,346,146,241,290,26,1
뤓,U+B913,5,14,15,146,219,347,146,241,291,36,1
뤔,U+B914,5,14,16,146,219,348,146,241,292,25,1
뤕,U+B915,5,14,17,146,219,349,146,241,293,25,1
뤖,U+B916,5,14,18,146,219,350,146,241,294,44,1
뤗,U+B917,5,14,19,146,219,351,146,241,295,30,1
뤘,U+B918,5,14,20,146,219,352,146,241,296,36,1
뤙,U+B919,5,14,21,146,219,353,146,241,297,34,1
뤚,U+B91A,5,14,22,146,219,354,146,241,298,33,1
뤛,U+B91B,5,14,23,146,219,355,146,241,299,24,1
뤜,U+B91C,5,14,24,146,219,356,146,241,300,14,1
뤝,U+B91D,5,14,25,146,219,357,146,241,301,20,1
뤞,U+B91E,5,14,26,146,219,358,146,241,302,32,1
뤟,U+B91F,5,14,27,146,219,359,146,241,303,28,1
뤠,U+B920,5,15,0,66,176,-1,86,198,-1,0,0
뤡,U+B921,5,15,1,146,220,333,146,242,305,19,1
뤢,U+B922,5,15,2,146,220,334,146,242,306,31,1
뤣,U+B923,5,15,3,146,220,335,146,242,307,37,1
뤤,U+B924,5,15,4,146,220,336,146,242,308,24,1
뤥,U+B925,5,15,5,146,220,337,146,242,309,40,1
뤦,U+B926,5,15,6,146,220,338,146,242,310,33,1
뤧,U+B927,5,15,7,146,220,339,146,242,311,22,1
뤨,U+B928,5,15,8,146,220,340,146,242,312,23,1
뤩,U+B929,5,15,9,146,220,341,146,242,313,35,1
뤪,U+B92A,5,15,10,146,220,342,146,242,314,26,1
뤫,U+B92B,5,15,11,146,220,343,146,242,315,26,1
뤬,U+B92C,5,15,12,146,220,344,146,242,316,40,1
뤭,U+B92D,5,15,13,146,220,345,146,242,317,20,1
뤮,U+B92E,5,15,14,146,220,346,146,242,318,26,1
뤯,U+B92F,5,15,15,146,220,347,146,242,319,36,1
뤰,U+B930,5,15,16,146,220,348,146,242,320,35,1
뤱,U+B931,5,15,17,146,220,349,146,242,321,35,1
뤲,U+B932,5,15,18,146,220,350,146,242,322,44,1
뤳,U+B933,5,15,19,146,220,351,146,242,323,30,1
뤴,U+B934,5,15,20,146,220,352,146,242,324,36,1
뤵,U+B935,5,15,21,146,220,353,146,242,325,38,1
뤶,U+B936,5,15,22,146,220,354,146,242,326,22,1
뤷,U+B937,5,15,23,146,220,355,146,242,327,26,1
뤸,U+B938,5,15,24,146,220,356,146,242,328,20,1
뤹,U+B939,5,15,25,146,220,357,146,242,329,23,1
뤺,U+B93A,5,15,26,146,220,358,146,242,330,32,1
뤻,U+B93B,5,15,27,146,220,359,146,242,331,32,1
뤼,U+B93C,5,16,0,66,177,-1,86,199,-1,0,0
뤽,U+B93D,5,16,1,146,221,333,146,243,277,12,1
뤾,U+B93E,5,16,2,146,221,334,146,243,278,18,1
뤿,U+B93F,5,16,3,146,221,335,146,243,279,38,1
륀,U+B940,5,16,4,146,221,336,146,243,280,19,1
륁,U+B941,5,16,5,146,221,337,146,243,281,20,1
륂,U+B942,5,16,6,146,221,338,146,243,282,22,1
륃,U+B943,5,16,7,146,221,339,146,243,283,18,1
륄,U+B944,5,16,8,146,221,340,146,243,284,18,1
륅,U+B945,5,16,9,146,221,341,146,243,285,28,1
륆,U+B946,5,16,10,146,221,342,146,243,286,26,1
륇,U+B947,5,16,11,146,221,343,146,243,287,26,1
륈,U+B948,5,16,12,146,221,344,146,243,288,40,1
륉,U+B949,5,16,13,146,221,345,146,243,289,20,1
륊,U+B94A,5,16,14,146,221,346,146,243,290,26,1
륋,U+B94B,5,16,15,146,221,347,146,243,291,36,1
륌,U+B94C,5,16,16,146,221,348,146,243,292,25,1
륍,U+B94D,5,16,17,146,221,349,146,243,293,25,1
륎,U+B94E,5,16,18,146,221,350,146,243,294,44,1
륏,U+B94F,5,16,19,146,221,351,146,243,295,30,1
륐,U+B950,5,16,20,146,221,352,146,243,296,36,1
륑,U+B951,5,16,21,146,221,353,146,243,297,34,1
륒,U+B952,5,16,22,146,221,354,146,243,298,33,1
륓,U+B953,5,16,23,146,221,355,146,243,299,24,1
륔,U+B954,5,16,24,146,221,356,146,243,300,14,1
륕,U+B955,5,16,25,146,221,357,146,243,301,20,1
륖,U+B956,5,16,26,146,221,358,146,243,302,32,1
륗,U+B957,5,16,27,146,221,359,146,243,303,28,1
류,U+B958,5,17,0,46,178,-1,46,200,-1,0,0
륙,U+B959,5,17,1,126,222,305,126,244,333,18,1
륚,U+B95A,5,17,2,126,222,306,126,244,334,31,1
륛,U+B95B,5,17,3,126,222,307,126,244,335,36,1
륜,U+B95C,5,17,4,126,222,308,126,244,336,23,1
륝,U+B95D,5,17,5,126,222,309,126,244,337,39,1
륞,U+B95E,5,17,6,126,222,310,126,244,338,33,1
륟,U+B95F,5,17,7,126,222,311,126,244,339,21,1
률,U+B960,5,17,8,126,222,312,126,244,340,22,1
륡,U+B961,5,17,9,126,222,313,126,244,341,35,1
륢,U+B962,5,17,10,126,222,314,126,244,342,25,1
륣,U+B963,5,17,11,126,222,315,126,244,343,25,1
륤,U+B964,5,17,12,126,222,316,126,244,344,39,1
륥,U+B965,5,17,13,126,222,317,126,244,345,19,1
륦,U+B966,5,17,14,126,222,318,126,244,346,25,1
륧,U+B967,5,17,15,126,222,319,126,244,347,35,1
륨,U+B968,5,17,16,126,222,320,126,244,348,34,1
륩,U+B969,5,17,17,126,222,321,126,244,349,34,1
륪,U+B96A,5,17,18,126,222,322,126,244,350,42,1
륫,U+B96B,5,17,19,126,222,323,126,244,351,29,1
륬,U+B96C,5,17,20,126,222,324,126,244,352,36,1
륭,U+B96D,5,17,21,126,222,325,126,244,353,37,1
륮,U+B96E,5,17,22,126,222,326,126,244,354,22,1
륯,U+B96F,5,17,23,126,222,327,126,244,355,25,1
륰,U+B970,5,17,24,126,222,328,126,244,356,19,1
륱,U+B971,5,17,25,126,222,329,126,244,357,22,1
륲,U+B972,5,17,26,126,222,330,126,244,358,32,1
륳,U+B973,5,17,27,126,222,331,126,244,359,32,1
르,U+B974,5,18,0,26,179,-1,26,201,-1,0,0
륵,U+B975,5,18,1,106,223,277,126,245,333,46,1
륶,U+B976,5,18,2,106,223,278,126,245,334,52,1
륷,U+B977,5,18,3,106,223,279,126,245,335,72,1
른,U+B978,5,18,4,106,223,280,126,245,336,53,1
륹,U+B979,5,18,5,106,223,281,126,245,337,54,1
륺,U+B97A,5,18,6,106,223,282,126,245,338,56,1
륻,U+B97B,5,18,7,106,223,283,126,245,339,52,1
를,U+B97C,5,18,8,106,223,284,126,245,340,52,1
륽,U+B97D,5,18,9,106,223,285,126,245,341,62,1
륾,U+B97E,5,18,10,106,223,286,126,245,342,60,1
륿,U+B97F,5,18,11,106,223,287,126,245,343,60,1
릀,U+B980,5,18,12,106,223,288,126,245,344,74,1
릁,U+B981,5,18,13,106,223,289,126,245,345,54,1
릂,U+B982,5,18,14,106,223,290,126,245,346,60,1
릃,U+B983,5,18,15,106,223,291,126,245,347,70,1
름,U+B984,5,18,16,106,223,292,126,245,348,59,1
릅,U+B985,5,18,17,106,223,293,126,245,349,59,1
릆,U+B986,5,18,18,106,223,294,126,245,350,78,1
릇,U+B987,5,18,19,106,223,295,126,245,351,64,1
릈,U+B988,5,18,20,106,223,296,126,245,352,70,1
릉,U+B989,5,18,21,106,223,297,126,245,353,68,1
릊,U+B98A,5,18,22,106,223,298,126,245,354,67,1
릋,U+B98B,5,18,23,106,223,299,126,245,355,58,1
릌,U+B98C,5,18,24,106,223,300,126,245,356,48,1
릍,U+B98D,5,18,25,106,223,301,126,245,357,54,1
릎,U+B98E,5,18,26,106,223,302,126,245,358,66,1
릏,U+B98F,5,18,27,106,223,303,126,245,359,62,1
릐,U+B990,5,19,0,66,180,-1,66,202,-1,0,0
릑,U+B991,5,19,1,146,224,333,146,246,277,12,1
릒,U+B992,5,19,2,146,224,334,146,246,278,18,1
릓,U+B993,5,19,3,146,224,335,146,246,279,38,1
릔,U+B994,5,19,4,146,224,336,146,246,280,19,1
릕,U+B995,5,19,5,146,224,337,146,246,281,20,1
릖,U+B996,5,19,6,146,224,338,146,246,282,22,1
릗,U+B997,5,19,7,146,224,339,146,246,283,18,1
릘,U+B998,5,19,8,146,224,340,146,246,284,18,1
릙,U+B999,5,19,9,146,224,341,146,246,285,28,1
릚,U+B99A,5,19,10,146,224,342,146,246,286,26,1
릛,U+B99B,5,19,11,146,224,343,146,246,287,26,1
릜,U+B99C,5,19,12,146,224,344,146,246,288,40,1
릝,U+B99D,5,19,13,146,224,345,146,246,289,20,1
릞,U+B99E,5,19,14,146,224,346,146,246,290,26,1
릟,U+B99F,5,19,15,146,224,347,146,246,291,36,1
릠,U+B9A0,5,19,16,146,224,348,146,246,292,25,1
릡,U+B9A1,5,19,17,146,224,349,146,246,293,25,1
릢,U+B9A2,5,19,18,146,224,350,146,246,294,44,1
릣,U+B9A3,5,19,19,146,224,351,146,246,295,30,1
릤,U+B9A4,5,19,20,146,224,352,146,246,296,36,1
릥,U+B9A5,5,19,21,146,224,353,146,246,297,34,1
릦,U+B9A6,5,19,22,146,224,354,146,246,298,33,1
릧,U+B9A7,5,19,23,146,224,355,146,246,299,24,1
릨,U+B9A8,5,19,24,146,224,356,146,246,300,14,1
릩,U+B9A9,5,19,25,146,224,357,146,246,301,20,1
릪,U+B9AA,5,19,26,146,224,358,146,246,302,32,1
릫,U+B9AB,5,19,27,146,224,359,146,246,303,28,1
리,U+B9AC,5,20,0,6,181,-1,6,203,-1,0,0
릭,U+B9AD,5,20,1,86,225,249,106,247,277,15,1
릮,U+B9AE,5,20,2,86,225,250,106,247,278,15,1
릯,U+B9AF,5,20,3,86,225,251,106,247,279,15,1
린,U+B9B0,5,20,4,86,225,252,106,247,280,15,1
릱,U+B9B1,5,20,5,86,225,253,106,247,281,15,1
릲,U+B9B2,5,20,6,86,225,254,106,247,282,15,1
릳,U+B9B3,5,20,7,86,225,255,106,247,283,15,1
릴,U+B9B4,5,20,8,86,225,256,106,247,284,15,1
릵,U+B9B5,5,20,9,86,225,257,106,247,285,15,1
릶,U+B9B6,5,20,10,86,225,258,106,247,286,15,1
릷,U+B9B7,5,20,11,86,225,259,106,247,287,15,1
릸,U+B9B8,5,20,12,86,225,260,106,247,288,15,1
릹,U+B9B9,5,20,13,86,225,261,106,247,289,15,1
릺,U+B9BA,5,20,14,86,225,262,106,247,290,15,1
릻,U+B9BB,5,20,15,86,225,263,106,247,291,15,1
림,U+B9BC,5,20,16,86,225,264,106,247,292,15,1
립,U+B9BD,5,20,17,86,225,265,106,247,293,15,1
릾,U+B9BE,5,20,18,86,225,266,106,247,294,15,1
릿,U+B9BF,5,20,19,86,225,267,106,247,295,15,1
맀,U+B9C0,5,20,20,86,225,268,106,247,296,15,1
링,U+B9C1,5,20,21,86,225,269,106,247,297,15,1
맂,U+B9C2,5,20,22,86,225,270,106,247,298,15,1
맃,U+B9C3,5,20,23,86,225,271,106,247,299,15,1
맄,U+B9C4,5,20,24,86,225,272,106,247,300,15,1
맅,U+B9C5,5,20,25,86,225,273,106,247,301,15,1
맆,U+B9C6,5,20,26,86,225,274,106,247,302,15,1
맇,U+B9C7,5,20,27,86,225,275,106,247,303,15,1
마,U+B9C8,6,0,0,7,161,-1,7,183,-1,0,0
막,U+B9C9,6,0,1,87,205,249,107,227,249,16,1
맊,U+B9CA,6,0,2,87,205,250,107,227,250,16,1
맋,U+B9CB,6,0,3,87,205,251,107,227,251,16,1
만,U+B9CC,6,0,4,87,205,252,107,227,252,16,1
맍,U+B9CD,6,0,5,87,205,253,107,227,253,16,1
많,U+B9CE,6,0,6,87,205,254,107,227,254,16,1
맏,U+B9CF,6,0,7,87,205,255,107,227,255,16,1
말,U+B9D0,6,0,8,87,205,256,107,227,256,16,1
맑,U+B9D1,6,0,9,87,205,257,107,227,257,16,1
맒,U+B9D2,6,0,10,87,205,258,107,227,258,16,1
맓,U+B9D3,6,0,11,87,205,259,107,227,259,16,1
맔,U+B9D4,6,0,12,87,205,260,107,227,260,16,1
맕,U+B9D5,6,0,13,87,205,261,107,227,261,16,1
맖,U+B9D6,6,0,14,87,205,262,107,227,262,16,1
맗,U+B9D7,6,0,15,87,205,263,107,227,263,16,1
맘,U+B9D8,6,0,16,87,205,264,107,227,264,16,1
맙,U+B9D9,6,0,17,87,205,265,107,227,265,16,1
맚,U+B9DA,6,0,18,87,205,266,107,227,266,16,1
맛,U+B9DB,6,0,19,87,205,267,107,227,267,16,1
맜,U+B9DC,6,0,20,87,205,268,107,227,268,16,1
망,U+B9DD,6,0,21,87,205,269,107,227,269,16,1
맞,U+B9DE,6,0,22,87,205,270,107,227,270,16,1
맟,U+B9DF,6,0,23,87,205,271,107,227,271,16,1
맠,U+B9E0,6,0,24,87,205,272,107,227,272,16,1
맡,U+B9E1,6,0,25,87,205,273,107,227,273,16,1
맢,U+B9E2,6,0,26,87,205,274,107,227,274,16,1
맣,U+B9E3,6,0,27,87,205,275,107,227,275,16,1
매,U+B9E4,6,1,0,7,162,-1,7,184,-1,0,0
맥,U+B9E5,6,1,1,87,206,249,107,228,305,25,1
맦,U+B9E6,6,1,2,87,206,250,107,228,306,33,1
맧,U+B9E7,6,1,3,87,206,251,107,228,307,17,1
맨,U+B9E8,6,1,4,87,206,252,107,228,308,27,1
맩,U+B9E9,6,1,5,87,206,253,107,228,309,36,1
맪,U+B9EA,6,1,6,87,206,254,107,228,310,29,1
맫,U+B9EB,6,1,7,87,206,255,107,228,311,26,1
맬,U+B9EC,6,1,8,87,206,256,107,228,312,21,1
맭,U+B9ED,6,1,9,87,206,257,107,228,313,25,1
맮,U+B9EE,6,1,10,87,206,258,107,228,314,16,1
맯,U+B9EF,6,1,11,87,206,259,107,228,315,16,1
맰,U+B9F0,6,1,12,87,206,260,107,228,316,16,1
맱,U+B9F1,6,1,13,87,206,261,107,228,317,16,1
맲,U+B9F2,6,1,14,87,206,262,107,228,318,16,1
맳,U+B9F3,6,1,15,87,206,263,107,228,319,16,1
맴,U+B9F4,6,1,16,87,206,264,107,228,320,32,1
맵,U+B9F5,6,1,17,87,206,265,107,228,321,32,1
맶,U+B9F6,6,1,18,87,206,266,107,228,322,16,1
맷,U+B9F7,6,1,19,87,206,267,107,228,323,16,1
맸,U+B9F8,6,1,20,87,206,268,107,228,324,16,1
맹,U+B9F9,6,1,21,87,206,269,107,228,325,32,1
맺,U+B9FA,6,1,22,87,206,270,107,228,326,35,1
맻,U+B9FB,6,1,23,87,206,271,107,228,327,22,1
맼,U+B9FC,6,1,24,87,206,272,107,228,328,24,1
맽,U+B9FD,6,1,25,87,206,273,107,228,329,19,1
맾,U+B9FE,6,1,26,87,206,274,107,228,330,20,1
맿,U+B9FF,6,1,27,87,206,275,107,228,331,22,1
먀,U+BA00,6,2,0,7,163,-1,7,185,-1,0,0
먁,U+BA01,6,2,1,87,207,249,107,229,249,16,1
먂,U+BA02,6,2,2,87,207,250,107,229,250,16,1
먃,U+BA03,6,2,3,87,207,251,107,229,251,16,1
먄,U+BA04,6,2,4,87,207,252,107,229,252,16,1
먅,U+BA05,6,2,5,87,207,253,107,229,253,16,1
먆,U+BA06,6,2,6,87,207,254,107,229,254,16,1
먇,U+BA07,6,2,7,87,207,255,107,229,255,16,1
먈,U+BA08,6,2,8,87,207,256,107,229,256,16,1
먉,U+BA09,6,2,9,87,207,257,107,229,257,16,1
먊,U+BA0A,6,2,10,87,207,258,107,229,258,16,1
먋,U+BA0B,6,2,11,87,207,259,107,229,259,16,1
먌,U+BA0C,6,2,12,87,207,260,107,229,260,16,1
먍,U+BA0D,6,2,13,87,207,261,107,229,261,16,1
먎,U+BA0E,6,2,14,87,207,262,107,229,262,16,1
먏,U+BA0F,6,2,15,87,207,263,107,229,263,16,1
먐,U+BA10,6,2,16,87,207,264,107,229,264,16,1
먑,U+BA11,6,2,17,87,207,265,107,229,265,16,1
먒,U+BA12,6,2,18,87,207,266,107,229,266,16,1
먓,U+BA13,6,2,19,87,207,267,107,229,267,16,1
먔,U+BA14,6,2,20,87,207,268,107,229,268,16,1
먕,U+BA15,6,2,21,87,207,269,107,229,269,16,1
먖,U+BA16,6,2,22,87,207,270,107,229,270,16,1
먗,U+BA17,6,2,23,87,207,271,107,229,271,16,1
먘,U+BA18,6,2,24,87,207,272,107,229,272,16,1
먙,U+BA19,6,2,25,87,207,273,107,229,273,16,1
먚,U+BA1A,6,2,26,87,207,274,107,229,274,16,1
먛,U+BA1B,6,2,27,87,207,275,107,229,275,16,1
먜,U+BA1C,6,3,0,7,164,-1,7,186,-1,0,0
먝,U+BA1D,6,3,1,87,208,249,107,230,305,25,1
먞,U+BA1E,6,3,2,87,208,250,107,230,306,33,1
먟,U+BA1F,6,3,3,87,208,251,107,230,307,17,1
먠,U+BA20,6,3,4,87,208,252,107,230,308,27,1
먡,U+BA21,6,3,5,87,208,253,107,230,309,36,1
먢,U+BA22,6,3,6,87,208,254,107,230,310,29,1
먣,U+BA23,6,3,7,87,208,255,107,230,311,26,1
먤,U+BA24,6,3,8,87,208,256,107,230,312,21,1
먥,U+BA25,6,3,9,87,208,257,107,230,313,25,1
먦,U+BA26,6,3,10,87,208,258,107,230,314,16,1
먧,U+BA27,6,3,11,87,208,259,107,230,315,16,1
먨,U+BA28,6,3,12,87,208,260,107,230,316,16,1
먩,U+BA29,6,3,13,87,208,261,107,230,317,16,1
먪,U+BA2A,6,3,14,87,208,262,107,230,318,16,1
먫,U+BA2B,6,3,15,87,208,263,107,230,319,16,1
먬,U+BA2C,6,3,16,87,208,264,107,230,320,32,1
먭,U+BA2D,6,3,17,87,208,265,107,230,321,32,1
먮,U+BA2E,6,3,18,87,208,266,107,230,322,16,1
먯,U+BA2F,6,3,19,87,208,267,107,230,323,16,1
먰,U+BA30,6,3,20,87,208,268,107,230,324,16,1
먱,U+BA31,6,3,21,87,208,269,107,230,325,32,1
먲,U+BA32,6,3,22,87,208,270,107,230,326,35,1
먳,U+BA33,6,3,23,87,208,271,107,230,327,22,1
먴,U+BA34,6,3,24,87,208,272,107,230,328,24,1
먵,U+BA35,6,3,25,87,208,273,107,230,329,19,1
먶,U+BA36,6,3,26,87,208,274,107,230,330,20,1
먷,U+BA37,6,3,27,87,208,275,107,230,331,22,1
머,U+BA38,6,4,0,7,165,-1,7,187,-1,0,0
먹,U+BA39,6,4,1,87,209,249,107,231,277,16,1
먺,U+BA3A,6,4,2,87,209,250,107,231,278,16,1
먻,U+BA3B,6,4,3,87,209,251,107,231,279,16,1
먼,U+BA3C,6,4,4,87,209,252,107,231,280,16,1
먽,U+BA3D,6,4,5,87,209,253,107,231,281,16,1
먾,U+BA3E,6,4,6,87,209,254,107,231,282,16,1
먿,U+BA3F,6,4,7,87,209,255,107,231,283,16,1
멀,U+BA40,6,4,8,87,209,256,107,231,284,16,1
멁,U+BA41,6,4,9,87,209,257,107,231,285,16,1
멂,U+BA42,6,4,10,87,209,258,107,231,286,16,1
멃,U+BA43,6,4,11,87,209,259,107,231,287,16,1
멄,U+BA44,6,4,12,87,209,260,107,231,288,16,1
멅,U+BA45,6,4,13,87,209,261,107,231,289,16,1
멆,U+BA46,6,4,14,87,209,262,107,231,290,16,1
멇,U+BA47,6,4,15,87,209,263,107,231,291,16,1
멈,U+BA48,6,4,16,87,209,264,107,231,292,16,1
멉,U+BA49,6,4,17,87,209,265,107,231,293,16,1
멊,U+BA4A,6,4,18,87,209,266,107,231,294,16,1
멋,U+BA4B,6,4,19,87,209,267,107,231,295,16,1
멌,U+BA4C,6,4,20,87,209,268,107,231,296,16,1
멍,U+BA4D,6,4,21,87,209,269,107,231,297,16,1
멎,U+BA4E,6,4,22,87,209,270,107,231,298,16,1
멏,U+BA4F,6,4,23,87,209,271,107,231,299,16,1
멐,U+BA50,6,4,24,87,209,272,107,231,300,16,1
멑,U+BA51,6,4,25,87,209,273,107,231,301,16,1
멒,U+BA52,6,4,26,87,209,274,107,231,302,16,1
멓,U+BA53,6,4,27,87,209,275,107,231,303,16,1
메,U+BA54,6,5,0,7,166,-1,7,188,-1,0,0
멕,U+BA55,6,5,1,87,210,249,107,232,305,24,1
멖,U+BA56,6,5,2,87,210,250,107,232,306,32,1
멗,U+BA57,6,5,3,87,210,251,107,232,307,16,1
멘,U+BA58,6,5,4,87,210,252,107,232,308,26,1
멙,U+BA59,6,5,5,87,210,253,107,232,309,35,1
멚,U+BA5A,6,5,6,87,210,254,107,232,310,28,1
멛,U+BA5B,6,5,7,87,210,255,107,232,311,25,1
멜,U+BA5C,6,5,8,87,210,256,107,232,312,20,1
멝,U+BA5D,6,5,9,87,210,257,107,232,313,24,1
멞,U+BA5E,6,5,10,87,210,258,107,232,314,15,1
멟,U+BA5F,6,5,11,87,210,259,107,232,315,15,1
멠,U+BA60,6,5,12,87,210,260,107,232,316,15,1
멡,U+BA61,6,5,13,87,210,261,107,232,317,15,1
멢,U+BA62,6,5,14,87,210,262,107,232,318,15,1
멣,U+BA63,6,5,15,87,210,263,107,232,319,15,1
멤,U+BA64,6,5,16,87,210,264,107,232,320,31,1
멥,U+BA65,6,5,17,87,210,265,107,232,321,31,1
멦,U+BA66,6,5,18,87,210,266,107,232,322,15,1
멧,U+BA67,6,5,19,87,210,267,107,232,323,15,1
멨,U+BA68,6,5,20,87,210,268,107,232,324,15,1
멩,U+BA69,6,5,21,87,210,269,107,232,325,31,1
멪,U+BA6A,6,5,22,87,210,270,107,232,326,34,1
멫,U+BA6B,6,5,23,87,210,271,107,232,327,21,1
멬,U+BA6C,6,5,24,87,210,272,107,232,328,23,1
멭,U+BA6D,6,5,25,87,210,273,107,232,329,18,1
멮,U+BA6E,6,5,26,87,210,274,107,232,330,19,1
멯,U+BA6F,6,5,27,87,210,275,107,232,331,21,1
며,U+BA70,6,6,0,7,167,-1,7,189,-1,0,0
멱,U+BA71,6,6,1,87,211,249,107,233,277,16,1
멲,U+BA72,6,6,2,87,211,250,107,233,278,16,1
멳,U+BA73,6,6,3,87,211,251,107,233,279,16,1
면,U+BA74,6,6,4,87,211,252,107,233,280,16,1
멵,U+BA75,6,6,5,87,211,253,107,233,281,16,1
멶,U+BA76,6,6,6,87,211,254,107,233,282,16,1
멷,U+BA77,6,6,7,87,211,255,107,233,283,16,1
멸,U+BA78,6,6,8,87,211,256,107,233,284,16,1
멹,U+BA79,6,6,9,87,211,257,107,233,285,16,1
멺,U+BA7A,6,6,10,87,211,258,107,233,286,16,1
멻,U+BA7B,6,6,11,87,211,259,107,233,287,16,1
멼,U+BA7C,6,6,12,87,211,260,107,233,288,16,1
멽,U+BA7D,6,6,13,87,211,261,107,233,289,16,1
멾,U+BA7E,6,6,14,87,211,262,107,233,290,16,1
멿,U+BA7F,6,6,15,87,211,263,107,233,291,16,1
몀,U+BA80,6,6,16,87,211,264,107,233,292,16,1
몁,U+BA81,6,6,17,87,211,265,107,233,293,16,1
몂,U+BA82,6,6,18,87,211,266,107,233,294,16,1
몃,U+BA83,6,6,19,87,211,267,107,233,295,16,1
몄,U+BA84,6,6,20,87,211,268,107,233,296,16,1
명,U+BA85,6,6,21,87,211,269,107,233,297,16,1
몆,U+BA86,6,6,22,87,211,270,107,233,298,16,1
몇,U+BA87,6,6,23,87,211,271,107,233,299,16,1
몈,U+BA88,6,6,24,87,211,272,107,233,300,16,1
몉,U+BA89,6,6,25,87,211,273,107,233,301,16,1
몊,U+BA8A,6,6,26,87,211,274,107,233,302,16,1
몋,U+BA8B,6,6,27,87,211,275,107,233,303,16,1
몌,U+BA8C,6,7,0,7,168,-1,7,190,-1,0,0
몍,U+BA8D,6,7,1,87,212,249,107,234,305,23,1
몎,U+BA8E,6,7,2,87,212,250,107,234,306,31,1
몏,U+BA8F,6,7,3,87,212,251,107,234,307,15,1
몐,U+BA90,6,7,4,87,212,252,107,234,308,25,1
몑,U+BA91,6,7,5,87,212,253,107,234,309,34,1
몒,U+BA92,6,7,6,87,212,254,107,234,310,27,1
몓,U+BA93,6,7,7,87,212,255,107,234,311,24,1
몔,U+BA94,6,7,8,87,212,256,107,234,312,19,1
몕,U+BA95,6,7,9,87,212,257,107,234,313,23,1
몖,U+BA96,6,7,10,87,212,258,107,234,314,14,1
몗,U+BA97,6,7,11,87,212,259,107,234,315,14,1
몘,U+BA98,6,7,12,87,212,260,107,234,316,14,1
몙,U+BA99,6,7,13,87,212,261,107,234,317,14,1
몚,U+BA9A,6,7,14,87,212,262,107,234,318,14,1
몛,U+BA9B,6,7,15,87,212,263,107,234,319,14,1
몜,U+BA9C,6,7,16,87,212,264,107,234,320,30,1
몝,U+BA9D,6,7,17,87,212,265,107,234,321,30,1
몞,U+BA9E,6,7,18,87,212,266,107,234,322,14,1
몟,U+BA9F,6,7,19,87,212,267,107,234,323,14,1
몠,U+BAA0,6,7,20,87,212,268,107,234,324,14,1
몡,U+BAA1,6,7,21,87,212,269,107,234,325,30,1
몢,U+BAA2,6,7,22,87,212,270,107,234,326,33,1
몣,U+BAA3,6,7,23,87,212,271,107,234,327,20,1
몤,U+BAA4,6,7,24,87,212,272,107,234,328,22,1
몥,U+BAA5,6,7,25,87,212,273,107,234,329,17,1
몦,U+BAA6,6,7,26,87,212,274,107,234,330,18,1
몧,U+BAA7,6,7,27,87,212,275,107,234,331,20,1
모,U+BAA8,6,8,0,27,169,-1,27,191,-1,0,0
목,U+BAA9,6,8,1,107,213,277,127,235,333,53,1
몪,U+BAAA,6,8,2,107,213,278,127,235,334,59,1
몫,U+BAAB,6,8,3,107,213,279,127,235,335,79,1
몬,U+BAAC,6,8,4,107,213,280,127,235,336,60,1
몭,U+BAAD,6,8,5,107,213,281,127,235,337,61,1
몮,U+BAAE,6,8,6,107,213,282,127,235,338,63,1
몯,U+BAAF,6,8,7,107,213,283,127,235,339,59,1
몰,U+BAB0,6,8,8,107,213,284,127,235,340,59,1
몱,U+BAB1,6,8,9,107,213,285,127,235,341,69,1
몲,U+BAB2,6,8,10,107,213,286,127,235,342,67,1
몳,U+BAB3,6,8,11,107,213,287,127,235,343,67,1
몴,U+BAB4,6,8,12,107,213,288,127,235,344,81,1
몵,U+BAB5,6,8,13,107,213,289,127,235,345,61,1
몶,U+BAB6,6,8,14,107,213,290,127,235,346,67,1
몷,U+BAB7,6,8,15,107,213,291,127,235,347,77,1
몸,U+BAB8,6,8,16,107,213,292,127,235,348,66,1
몹,U+BAB9,6,8,17,107,213,293,127,235,349,66,1
몺,U+BABA,6,8,18,107,213,294,127,235,350,85,1
못,U+BABB,6,8,19,107,213,295,127,235,351,71,1
몼,U+BABC,6,8,20,107,213,296,127,235,352,77,1
몽,U+BABD,6,8,21,107,213,297,127,235,353,75,1
몾,U+BABE,6,8,22,107,213,298,127,235,354,74,1
몿,U+BABF,6,8,23,107,213,299,127,235,355,65,1
뫀,U+BAC0,6,8,24,107,213,300,127,235,356,55,1
뫁,U+BAC1,6,8,25,107,213,301,127,235,357,61,1
뫂,U+BAC2,6,8,26,107,213,302,127,235,358,73,1
뫃,U+BAC3,6,8,27,107,213,303,127,235,359,69,1
뫄,U+BAC4,6,9,0,67,170,-1,67,192,-1,0,0
뫅,U+BAC5,6,9,1,147,214,333,147,236,249,12,1
뫆,U+BAC6,6,9,2,147,214,334,147,236,250,18,1
뫇,U+BAC7,6,9,3,147,214,335,147,236,251,38,1
뫈,U+BAC8,6,9,4,147,214,336,147,236,252,19,1
뫉,U+BAC9,6,9,5,147,214,337,147,236,253,20,1
뫊,U+BACA,6,9,6,147,214,338,147,236,254,22,1
뫋,U+BACB,6,9,7,147,214,339,147,236,255,18,1
뫌,U+BACC,6,9,8,147,214,340,147,236,256,18,1
뫍,U+BACD,6,9,9,147,214,341,147,236,257,28,1
뫎,U+BACE,6,9,10,147,214,342,147,236,258,26,1
뫏,U+BACF,6,9,11,147,214,343,147,236,259,26,1
뫐,U+BAD0,6,9,12,147,214,344,147,236,260,40,1
뫑,U+BAD1,6,9,13,147,214,345,147,236,261,20,1
뫒,U+BAD2,6,9,14,147,214,346,147,236,262,26,1
뫓,U+BAD3,6,9,15,147,214,347,147,236,263,36,1
뫔,U+BAD4,6,9,16,147,214,348,147,236,264,25,1
뫕,U+BAD5,6,9,17,147,214,349,147,236,265,25,1
뫖,U+BAD6,6,9,18,147,214,350,147,236,266,44,1
뫗,U+BAD7,6,9,19,147,214,351,147,236,267,30,1
뫘,U+BAD8,6,9,20,147,214,352,147,236,268,36,1
뫙,U+BAD9,6,9,21,147,214,353,147,236,269,34,1
뫚,U+BADA,6,9,22,147,214,354,147,236,270,33,1
뫛,U+BADB,6,9,23,147,214,355,147,236,271,24,1
뫜,U+BADC,6,9,24,147,214,356,147,236,272,14,1
뫝,U+BADD,6,9,25,147,214,357,147,236,273,20,1
뫞,U+BADE,6,9,26,147,214,358,147,236,274,32,1
뫟,U+BADF,6,9,27,147,214,359,147,236,275,28,1
뫠,U+BAE0,6,10,0,67,171,-1,67,193,-1,0,0
뫡,U+BAE1,6,10,1,147,215,333,147,237,305,19,1
뫢,U+BAE2,6,10,2,147,215,334,147,237,306,31,1
뫣,U+BAE3,6,10,3,147,215,335,147,237,307,37,1
뫤,U+BAE4,6,10,4,147,215,336,147,237,308,24,1
뫥,U+BAE5,6,10,5,147,215,337,147,237,309,40,1
뫦,U+BAE6,6,10,6,147,215,338,147,237,310,33,1
뫧,U+BAE7,6,10,7,147,215,339,147,237,311,22,1
뫨,U+BAE8,6,10,8,147,215,340,147,237,312,23,1
뫩,U+BAE9,6,10,9,147,215,341,147,237,313,35,1
뫪,U+BAEA,6,10,10,147,215,342,147,237,314,26,1
뫫,U+BAEB,6,10,11,147,215,343,147,237,315,26,1
뫬,U+BAEC,6,10,12,147,215,344,147,237,316,40,1
뫭,U+BAED,6,10,13,147,215,345,147,237,317,20,1
뫮,U+BAEE,6,10,14,147,215,346,147,237,318,26,1
뫯,U+BAEF,6,10,15,147,215,347,147,237,319,36,1
뫰,U+BAF0,6,10,16,147,215,348,147,237,320,35,1
뫱,U+BAF1,6,10,17,147,215,349,147,237,321,35,1
뫲,U+BAF2,6,10,18,147,215,350,147,237,322,44,1
뫳,U+BAF3,6,10,19,147,215,351,147,237,323,30,1
뫴,U+BAF4,6,10,20,147,215,352,147,237,324,36,1
뫵,U+BAF5,6,10,21,147,215,353,147,237,325,38,1
뫶,U+BAF6,6,10,22,147,215,354,147,237,326,22,1
뫷,U+BAF7,6,10,23,147,215,355,147,237,327,26,1
뫸,U+BAF8,6,10,24,147,215,356,147,237,328,20,1
뫹,U+BAF9,6,10,25,147,215,357,147,237,329,23,1
뫺,U+BAFA,6,10,26,147,215,358,147,237,330,32,1
뫻,U+BAFB,6,10,27,147,215,359,147,237,331,32,1
뫼,U+BAFC,6,11,0,67,172,-1,67,194,-1,0,0
뫽,U+BAFD,6,11,1,147,216,333,147,238,277,12,1
뫾,U+BAFE,6,11,2,147,216,334,147,238,278,18,1
뫿,U+BAFF,6,11,3,147,216,335,147,238,279,38,1
묀,U+BB00,6,11,4,147,216,336,147,238,280,19,1
묁,U+BB01,6,11,5,147,216,337,147,238,281,20,1
묂,U+BB02,6,11,6,147,216,338,147,238,282,22,1
묃,U+BB03,6,11,7,147,216,339,147,238,283,18,1
묄,U+BB04,6,11,8,147,216,340,147,238,284,18,1
묅,U+BB05,6,11,9,147,216,341,147,238,285,28,1
묆,U+BB06,6,11,10,147,216,342,147,238,286,26,1
묇,U+BB07,6,11,11,147,216,343,147,238,287,26,1
묈,U+BB08,6,11,12,147,216,344,147,238,288,40,1
묉,U+BB09,6,11,13,147,216,345,147,238,289,20,1
묊,U+BB0A,6,11,14,147,216,346,147,238,290,26,1
묋,U+BB0B,6,11,15,147,216,347,147,238,291,36,1
묌,U+BB0C,6,11,16,147,216,348,147,238,292,25,1
묍,U+BB0D,6,11,17,147,216,349,147,238,293,25,1
묎,U+BB0E,6,11,18,147,216,350,147,238,294,44,1
묏,U+BB0F,6,11,19,147,216,351,147,238,295,30,1
묐,U+BB10,6,11,20,147,216,352,147,238,296,36,1
묑,U+BB11,6,11,21,147,216,353,147,238,297,34,1
묒,U+BB12,6,11,22,147,216,354,147,238,298,33,1
묓,U+BB13,6,11,23,147,216,355,147,238,299,24,1
묔,U+BB14,6,11,24,147,216,356,147,238,300,14,1
묕,U+BB15,6,11,25,147,216,357,147,238,301,20,1
묖,U+BB16,6,11,26,147,216,358,147,238,302,32,1
묗,U+BB17,6,11,27,147,216,359,147,238,303,28,1
묘,U+BB18,6,12,0,27,173,-1,27,195,-1,0,0
묙,U+BB19,6,12,1,107,217,277,127,239,333,53,1
묚,U+BB1A,6,12,2,107,217,278,127,239,334,59,1
묛,U+BB1B,6,12,3,107,217,279,127,239,335,79,1
묜,U+BB1C,6,12,4,107,217,280,127,239,336,60,1
묝,U+BB1D,6,12,5,107,217,281,127,239,337,61,1
묞,U+BB1E,6,12,6,107,217,282,127,239,338,63,1
묟,U+BB1F,6,12,7,107,217,283,127,239,339,59,1
묠,U+BB20,6,12,8,107,217,284,127,239,340,59,1
묡,U+BB21,6,12,9,107,217,285,127,239,341,69,1
묢,U+BB22,6,12,10,107,217,286,127,239,342,67,1
묣,U+BB23,6,12,11,107,217,287,127,239,343,67,1
묤,U+BB24,6,12,12,107,217,288,127,239,344,81,1
묥,U+BB25,6,12,13,107,217,289,127,239,345,61,1
묦,U+BB26,6,12,14,107,217,290,127,239,346,67,1
묧,U+BB27,6,12,15,107,217,291,127,239,347,77,1
묨,U+BB28,6,12,16,107,217,292,127,239,348,66,1
묩,U+BB29,6,12,17,107,217,293,127,239,349,66,1
묪,U+BB2A,6,12,18,107,217,294,127,239,350,85,1
묫,U+BB2B,6,12,19,107,217,295,127,239,351,71,1
묬,U+BB2C,6,12,20,107,217,296,127,239,352,77,1
묭,U+BB2D,6,12,21,107,217,297,127,239,353,75,1
묮,U+BB2E,6,12,22,107,217,298,127,239,354,74,1
묯,U+BB2F,6,12,23,107,217,299,127,239,355,65,1
묰,U+BB30,6,12,24,107,217,300,127,239,356,55,1
묱,U+BB31,6,12,25,107,217,301,127,239,357,61,1
묲,U+BB32,6,12,26,107,217,302,127,239,358,73,1
묳,U+BB33,6,12,27,107,217,303,127,239,359,69,1
무,U+BB34,6,13,0,47,174,-1,47,196,-1,0,0
묵,U+BB35,6,13,1,127,218,305,127,240,333,19,1
묶,U+BB36,6,13,2,127,218,306,127,240,334,31,1
묷,U+BB37,6,13,3,127,218,307,127,240,335,37,1
문,U+BB38,6,13,4,127,218,308,127,240,336,23,1
묹,U+BB39,6,13,5,127,218,309,127,240,337,39,1
묺,U+BB3A,6,13,6,127,218,310,127,240,338,33,1
묻,U+BB3B,6,13,7,127,218,311,127,240,339,22,1
물,U+BB3C,6,13,8,127,218,312,127,240,340,23,1
묽,U+BB3D,6,13,9,127,218,313,127,240,341,35,1
묾,U+BB3E,6,13,10,127,218,314,127,240,342,26,1
묿,U+BB3F,6,13,11,127,218,315,127,240,343,26,1
뭀,U+BB40,6,13,12,127,218,316,127,240,344,40,1
뭁,U+BB41,6,13,13,127,218,317,127,240,345,20,1
뭂,U+BB42,6,13,14,127,218,318,127,240,346,26,1
뭃,U+BB43,6,13,15,127,218,319,127,240,347,36,1
뭄,U+BB44,6,13,16,127,218,320,127,240,348,35,1
뭅,U+BB45,6,13,17,127,218,321,127,240,349,34,1
뭆,U+BB46,6,13,18,127,218,322,127,240,350,43,1
뭇,U+BB47,6,13,19,127,218,323,127,240,351,29,1
뭈,U+BB48,6,13,20,127,218,324,127,240,352,35,1
뭉,U+BB49,6,13,21,127,218,325,127,240,353,37,1
뭊,U+BB4A,6,13,22,127,218,326,127,240,354,22,1
뭋,U+BB4B,6,13,23,127,218,327,127,240,355,25,1
뭌,U+BB4C,6,13,24,127,218,328,127,240,356,20,1
뭍,U+BB4D,6,13,25,127,218,329,127,240,357,23,1
뭎,U+BB4E,6,13,26,127,218,330,127,240,358,32,1
뭏,U+BB4F,6,13,27,127,218,331,127,240,359,31,1
뭐,U+BB50,6,14,0,67,175,-1,87,197,-1,0,0
뭑,U+BB51,6,14,1,147,219,333,147,241,277,12,1
뭒,U+BB52,6,14,2,147,219,334,147,241,278,18,1
뭓,U+BB53,6,14,3,147,219,335,147,241,279,38,1
뭔,U+BB54,6,14,4,147,219,336,147,241,280,19,1
뭕,U+BB55,6,14,5,147,219,337,147,241,281,20,1
뭖,U+BB56,6,14,6,147,219,338,147,241,282,22,1
뭗,U+BB57,6,14,7,147,219,339,147,241,283,18,1
뭘,U+BB58,6,14,8,147,219,340,147,241,284,18,1
뭙,U+BB59,6,14,9,147,219,341,147,241,285,28,1
뭚,U+BB5A,6,14,10,147,219,342,147,241,286,26,1
뭛,U+BB5B,6,14,11,147,219,343,147,241,287,26,1
뭜,U+BB5C,6,14,12,147,219,344,147,241,288,40,1
뭝,U+BB5D,6,14,13,147,219,345,147,241,289,20,1
뭞,U+BB5E,6,14,14,147,219,346,147,241,290,26,1
뭟,U+BB5F,6,14,15,147,219,347,147,241,291,36,1
뭠,U+BB60,6,14,16,147,219,348,147,241,292,25,1
뭡,U+BB61,6,14,17,147,219,349,147,241,293,25,1
뭢,U+BB62,6,14,18,147,219,350,147,241,294,44,1
뭣,U+BB63,6,14,19,147,219,351,147,241,295,30,1
뭤,U+BB64,6,14,20,147,219,352,147,241,296,36,1
뭥,U+BB65,6,14,21,147,219,353,147,241,297,34,1
뭦,U+BB66,6,14,22,147,219,354,147,241,298,33,1
뭧,U+BB67,6,14,23,147,219,355,147,241,299,24,1
뭨,U+BB68,6,14,24,147,219,356,147,241,300,14,1
뭩,U+BB69,6,14,25,147,219,357,147,241,301,20,1
뭪,U+BB6A,6,14,26,147,219,358,147,241,302,32,1
뭫,U+BB6B,6,14,27,147,219,359,147,241,303,28,1
뭬,U+BB6C,6,15,0,67,176,-1,87,198,-1,0,0
뭭,U+BB6D,6,15,1,147,220,333,147,242,305,19,1
뭮,U+BB6E,6,15,2,147,220,334,147,242,306,31,1
뭯,U+BB6F,6,15,3,147,220,335,147,242,307,37,1
뭰,U+BB70,6,15,4,147,220,336,147,242,308,24,1
뭱,U+BB71,6,15,5,147,220,337,147,242,309,40,1
뭲,U+BB72,6,15,6,147,220,338,147,242,310,33,1
뭳,U+BB73,6,15,7,147,220,339,147,242,311,22,1
뭴,U+BB74,6,15,8,147,220,340,147,242,312,23,1
뭵,U+BB75,6,15,9,147,220,341,147,242,313,35,1
뭶,U+BB76,6,15,10,147,220,342,147,242,314,26,1
뭷,U+BB77,6,15,11,147,220,343,147,242,315,26,1
뭸,U+BB78,6,15,12,147,220,344,147,242,316,40,1
뭹,U+BB79,6,15,13,147,220,345,147,242,317,20,1
뭺,U+BB7A,6,15,14,147,220,346,147,242,318,26,1
뭻,U+BB7B,6,15,15,147,220,347,147,242,319,36,1
뭼,U+BB7C,6,15,16,147,220,348,147,242,320,35,1
뭽,U+BB7D,6,15,17,147,220,349,147,242,321,35,1
뭾,U+BB7E,6,15,18,147,220,350,147,242,322,44,1
뭿,U+BB7F,6,15,19,147,220,351,147,242,323,30,1
뮀,U+BB80,6,15,20,147,220,352,147,242,324,36,1
뮁,U+BB81,6,15,21,147,220,353,147,242,325,38,1
뮂,U+BB82,6,15,22,147,220,354,147,242,326,22,1
뮃,U+BB83,6,15,23,147,220,355,147,242,327,26,1
뮄,U+BB84,6,15,24,147,220,356,147,242,328,20,1
뮅,U+BB85,6,15,25,147,220,357,147,242,329,23,1
뮆,U+BB86,6,15,26,147,220,358,147,242,330,32,1
뮇,U+BB87,6,15,27,147,220,359,147,242,331,32,1
뮈,U+BB88,6,16,0,67,177,-1,87,199,-1,0,0
뮉,U+BB89,6,16,1,147,221,333,147,243,277,12,1
뮊,U+BB8A,6,16,2,147,221,334,147,243,278,18,1
뮋,U+BB8B,6,16,3,147,221,335,147,243,279,38,1
뮌,U+BB8C,6,16,4,147,221,336,147,243,280,19,1
뮍,U+BB8D,6,16,5,147,221,337,147,243,281,20,1
뮎,U+BB8E,6,16,6,147,221,338,147,243,282,22,1
뮏,U+BB8F,6,16,7,147,221,339,147,243,283,18,1
뮐,U+BB90,6,16,8,147,221,340,147,243,284,18,1
뮑,U+BB91,6,16,9,147,221,341,147,243,285,28,1
뮒,U+BB92,6,16,10,147,221,342,147,243,286,26,1
뮓,U+BB93,6,16,11,147,221,343,147,243,287,26,1
뮔,U+BB94,6,16,12,147,221,344,147,243,288,40,1
뮕,U+BB95,6,16,13,147,221,345,147,243,289,20,1
뮖,U+BB96,6,16,14,147,221,346,147,243,290,26,1
뮗,U+BB97,6,16,15,147,221,347,147,243,291,36,1
뮘,U+BB98,6,16,16,147,221,348,147,243,292,25,1
뮙,U+BB99,6,16,17,147,221,349,147,243,293,25,1
뮚,U+BB9A,6,16,18,147,221,350,147,243,294,44,1
뮛,U+BB9B,6,16,19,147,221,351,147,243,295,30,1
뮜,U+BB9C,6,16,20,147,221,352,147,243,296,36,1
뮝,U+BB9D,6,16,21,147,221,353,147,243,297,34,1
뮞,U+BB9E,6,16,22,147,221,354,147,243,298,33,1
뮟,U+BB9F,6,16,23,147,221,355,147,243,299,24,1
뮠,U+BBA0,6,16,24,147,221,356,147,243,300,14,1
뮡,U+BBA1,6,16,25,147,221,357,147,243,301,20,1
뮢,U+BBA2,6,16,26,147,221,358,147,243,302,32,1
뮣,U+BBA3,6,16,27,147,221,359,147,243,303,28,1
뮤,U+BBA4,6,17,0,47,178,-1,47,200,-1,0,0
뮥,U+BBA5,6,17,1,127,222,305,127,244,333,18,1
뮦,U+BBA6,6,17,2,127,222,306,127,244,334,31,1
뮧,U+BBA7,6,17,3,127,222,307,127,244,335,36,1
뮨,U+BBA8,6,17,4,127,222,308,127,244,336,23,1
뮩,U+BBA9,6,17,5,127,222,309,127,244,337,39,1
뮪,U+BBAA,6,17,6,127,222,310,127,244,338,33,1
뮫,U+BBAB,6,17,7,127,222,311,127,244,339,21,1
뮬,U+BBAC,6,17,8,127,222,312,127,244,340,22,1
뮭,U+BBAD,6,17,9,127,222,313,127,244,341,35,1
뮮,U+BBAE,6,17,10,127,222,314,127,244,342,25,1
뮯,U+BBAF,6,17,11,127,222,315,127,244,343,25,1
뮰,U+BBB0,6,17,12,127,222,316,127,244,344,39,1
뮱,U+BBB1,6,17,13,127,222,317,127,244,345,19,1
뮲,U+BBB2,6,17,14,127,222,318,127,244,346,25,1
뮳,U+BBB3,6,17,15,127,222,319,127,244,347,35,1
뮴,U+BBB4,6,17,16,127,222,320,127,244,348,34,1
뮵,U+BBB5,6,17,17,127,222,321,127,244,349,34,1
뮶,U+BBB6,6,17,18,127,222,322,127,244,350,42,1
뮷,U+BBB7,6,17,19,127,222,323,127,244,351,29,1
뮸,U+BBB8,6,17,20,127,222,324,127,244,352,36,1
뮹,U+BBB9,6,17,21,127,222,325,127,244,353,37,1
뮺,U+BBBA,6,17,22,127,222,326,127,244,354,22,1
뮻,U+BBBB,6,17,23,127,222,327,127,244,355,25,1
뮼,U+BBBC,6,17,24,127,222,328,127,244,356,19,1
뮽,U+BBBD,6,17,25,127,222,329,127,244,357,22,1
뮾,U+BBBE,6,17,26,127,222,330,127,244,358,32,1
뮿,U+BBBF,6,17,27,127,222,331,127,244,359,32,1
므,U+BBC0,6,18,0,27,179,-1,27,201,-1,0,0
믁,U+BBC1,6,18,1,107,223,277,127,245,333,55,1
믂,U+BBC2,6,18,2,107,223,278,127,245,334,61,1
믃,U+BBC3,6,18,3,107,223,279,127,245,335,81,1
믄,U+BBC4,6,18,4,107,223,280,127,245,336,62,1
믅,U+BBC5,6,18,5,107,223,281,127,245,337,63,1
믆,U+BBC6,6,18,6,107,223,282,127,245,338,65,1
믇,U+BBC7,6,18,7,107,223,283,127,245,339,61,1
믈,U+BBC8,6,18,8,107,223,284,127,245,340,61,1
믉,U+BBC9,6,18,9,107,223,285,127,245,341,71,1
믊,U+BBCA,6,18,10,107,223,286,127,245,342,69,1
믋,U+BBCB,6,18,11,107,223,287,127,245,343,69,1
믌,U+BBCC,6,18,12,107,223,288,127,245,344,83,1
믍,U+BBCD,6,18,13,107,223,289,127,245,345,63,1
믎,U+BBCE,6,18,14,107,223,290,127,245,346,69,1
믏,U+BBCF,6,18,15,107,223,291,127,245,347,79,1
믐,U+BBD0,6,18,16,107,223,292,127,245,348,68,1
믑,U+BBD1,6,18,17,107,223,293,127,245,349,68,1
믒,U+BBD2,6,18,18,107,223,294,127,245,350,87,1
믓,U+BBD3,6,18,19,107,223,295,127,245,351,73,1
믔,U+BBD4,6,18,20,107,223,296,127,245,352,79,1
믕,U+BBD5,6,18,21,107,223,297,127,245,353,77,1
믖,U+BBD6,6,18,22,107,223,298,127,245,354,76,1
믗,U+BBD7,6,18,23,107,223,299,127,245,355,67,1
믘,U+BBD8,6,18,24,107,223,300,127,245,356,57,1
믙,U+BBD9,6,18,25,107,223,301,127,245,357,63,1
믚,U+BBDA,6,18,26,107,223,302,127,245,358,75,1
믛,U+BBDB,6,18,27,107,223,303,127,245,359,71,1
믜,U+BBDC,6,19,0,67,180,-1,67,202,-1,0,0
믝,U+BBDD,6,19,1,147,224,333,147,246,277,12,1
믞,U+BBDE,6,19,2,147,224,334,147,246,278,18,1
믟,U+BBDF,6,19,3,147,224,335,147,246,279,38,1
믠,U+BBE0,6,19,4,147,224,336,147,246,280,19,1
믡,U+BBE1,6,19,5,147,224,337,147,246,281,20,1
믢,U+BBE2,6,19,6,147,224,338,147,246,282,22,1
믣,U+BBE3,6,19,7,147,224,339,147,246,283,18,1
믤,U+BBE4,6,19,8,147,224,340,147,246,284,18,1
믥,U+BBE5,6,19,9,147,224,341,147,246,285,28,1
믦,U+BBE6,6,19,10,147,224,342,147,246,286,26,1
믧,U+BBE7,6,19,11,147,224,343,147,246,287,26,1
믨,U+BBE8,6,19,12,147,224,344,147,246,288,40,1
믩,U+BBE9,6,19,13,147,224,345,147,246,289,20,1
믪,U+BBEA,6,19,14,147,224,346,147,246,290,26,1
믫,U+BBEB,6,19,15,147,224,347,147,246,291,36,1
믬,U+BBEC,6,19,16,147,224,348,147,246,292,25,1
믭,U+BBED,6,19,17,147,224,349,147,246,293,25,1
믮,U+BBEE,6,19,18,147,224,350,147,246,294,44,1
믯,U+BBEF,6,19,19,147,224,351,147,246,295,30,1
믰,U+BBF0,6,19,20,147,224,352,147,246,296,36,1
믱,U+BBF1,6,19,21,147,224,353,147,246,297,34,1
믲,U+BBF2,6,19,22,147,224,354,147,246,298,33,1
믳,U+BBF3,6,19,23,147,224,355,147,246,299,24,1
믴,U+BBF4,6,19,24,147,224,356,147,246,300,14,1
믵,U+BBF5,6,19,25,147,224,357,147,246,301,20,1
믶,U+BBF6,6,19,26,147,224,358,147,246,302,32,1
믷,U+BBF7,6,19,27,147,224,359,147,246,303,28,1
미,U+BBF8,6,20,0,7,181,-1,7,203,-1,0,0
믹,U+BBF9,6,20,1,87,225,249,107,247,277,16,1
믺,U+BBFA,6,20,2,87,225,250,107,247,278,16,1
믻,U+BBFB,6,20,3,87,225,251,107,247,279,16,1
민,U+BBFC,6,20,4,87,225,252,107,247,280,16,1
믽,U+BBFD,6,20,5,87,225,253,107,247,281,16,1
믾,U+BBFE,6,20,6,87,225,254,107,247,282,16,1
믿,U+BBFF,6,20,7,87,225,255,107,247,283,16,1
밀,U+BC00,6,20,8,87,225,256,107,247,284,16,1
밁,U+BC01,6,20,9,87,225,257,107,247,285,16,1
밂,U+BC02,6,20,10,87,225,258,107,247,286,16,1
밃,U+BC03,6,20,11,87,225,259,107,247,287,16,1
밄,U+BC04,6,20,12,87,225,260,107,247,288,16,1
밅,U+BC05,6,20,13,87,225,261,107,247,289,16,1
밆,U+BC06,6,20,14,87,225,262,107,247,290,16,1
밇,U+BC07,6,20,15,87,225,263,107,247,291,16,1
밈,U+BC08,6,20,16,87,225,264,107,247,292,16,1
밉,U+BC09,6,20,17,87,225,265,107,247,293,16,1
밊,U+BC0A,6,20,18,87,225,266,107,247,294,16,1
밋,U+BC0B,6,20,19,87,225,267,107,247,295,16,1
밌,U+BC0C,6,20,20,87,225,268,107,247,296,16,1
밍,U+BC0D,6,20,21,87,225,269,107,247,297,16,1
밎,U+BC0E,6,20,22,87,225,270,107,247,298,16,1
및,U+BC0F,6,20,23,87,225,271,107,247,299,16,1
밐,U+BC10,6,20,24,87,225,272,107,247,300,16,1
밑,U+BC11,6,20,25,87,225,273,107,247,301,16,1
밒,U+BC12,6,20,26,87,225,274,107,247,302,16,1
밓,U+BC13,6,20,27,87,225,275,107,247,303,16,1
바,U+BC14,7,0,0,8,161,-1,8,183,-1,0,0
박,U+BC15,7,0,1,88,205,249,108,227,249,16,1
밖,U+BC16,7,0,2,88,205,250,108,227,250,16,1
밗,U+BC17,7,0,3,88,205,251,108,227,251,16,1
반,U+BC18,7,0,4,88,205,252,108,227,252,16,1
밙,U+BC19,7,0,5,88,205,253,108,227,253,16,1
밚,U+BC1A,7,0,6,88,205,254,108,227,254,16,1
받,U+BC1B,7,0,7,88,205,255,108,227,255,16,1
발,U+BC1C,7,0,8,88,205,256,108,227,256,16,1
밝,U+BC1D,7,0,9,88,205,257,108,227,257,16,1
밞,U+BC1E,7,0,10,88,205,258,108,227,258,16,1
밟,U+BC1F,7,0,11,88,205,259,108,227,259,16,1
밠,U+BC20,7,0,12,88,205,260,108,227,260,16,1
밡,U+BC21,7,0,13,88,205,261,108,227,261,16,1
밢,U+BC22,7,0,14,88,205,262,108,227,262,16,1
밣,U+BC23,7,0,15,88,205,263,108,227,263,16,1
밤,U+BC24,7,0,16,88,205,264,108,227,264,16,1
밥,U+BC25,7,0,17,88,205,265,108,227,265,16,1
밦,U+BC26,7,0,18,88,205,266,108,227,266,16,1
밧,U+BC27,7,0,19,88,205,267,108,227,267,16,1
밨,U+BC28,7,0,20,88,205,268,108,227,268,16,1
방,U+BC29,7,0,21,88,205,269,108,227,269,16,1
밪,U+BC2A,7,0,22,88,205,270,108,227,270,16,1
밫,U+BC2B,7,0,23,88,205,271,108,227,271,16,1
밬,U+BC2C,7,0,24,88,205,272,108,227,272,16,1
밭,U+BC2D,7,0,25,88,205,273,108,227,273,16,1
밮,U+BC2E,7,0,26,88,205,274,108,227,274,16,1
밯,U+BC2F,7,0,27,88,205,275,108,227,275,16,1
배,U+BC30,7,1,0,8,162,-1,8,184,-1,0,0
백,U+BC31,7,1,1,88,206,249,108,228,305,25,1
밲,U+BC32,7,1,2,88,206,250,108,228,306,33,1
밳,U+BC33,7,1,3,88,206,251,108,228,307,17,1
밴,U+BC34,7,1,4,88,206,252,108,228,308,27,1
밵,U+BC35,7,1,5,88,206,253,108,228,309,36,1
밶,U+BC36,7,1,6,88,206,254,108,228,310,29,1
밷,U+BC37,7,1,7,88,206,255,108,228,311,26,1
밸,U+BC38,7,1,8,88,206,256,108,228,312,21,1
밹,U+BC39,7,1,9,88,206,257,108,228,313,25,1
밺,U+BC3A,7,1,10,88,206,258,108,228,314,16,1
밻,U+BC3B,7,1,11,88,206,259,108,228,315,16,1
밼,U+BC3C,7,1,12,88,206,260,108,228,316,16,1
밽,U+BC3D,7,1,13,88,206,261,108,228,317,16,1
밾,U+BC3E,7,1,14,88,206,262,108,228,318,16,1
밿,U+BC3F,7,1,15,88,206,263,108,228,319,16,1
뱀,U+BC40,7,1,16,88,206,264,108,228,320,32,1
뱁,U+BC41,7,1,17,88,206,265,108,228,321,32,1
뱂,U+BC42,7,1,18,88,206,266,108,228,322,16,1
뱃,U+BC43,7,1,19,88,206,267,108,228,323,16,1
뱄,U+BC44,7,1,20,88,206,268,108,228,324,16,1
뱅,U+BC45,7,1,21,88,206,269,108,228,325,32,1
뱆,U+BC46,7,1,22,88,206,270,108,228,326,35,1
뱇,U+BC47,7,1,23,88,206,271,108,228,327,22,1
뱈,U+BC48,7,1,24,88,206,272,108,228,328,24,1
뱉,U+BC49,7,1,25,88,206,273,108,228,329,19,1
뱊,U+BC4A,7,1,26,88,206,274,108,228,330,20,1
뱋,U+BC4B,7,1,27,88,206,275,108,228,331,22,1
뱌,U+BC4C,7,2,0,8,163,-1,8,185,-1,0,0
뱍,U+BC4D,7,2,1,88,207,249,108,229,249,16,1
뱎,U+BC4E,7,2,2,88,207,250,108,229,250,16,1
뱏,U+BC4F,7,2,3,88,207,251,108,229,251,16,1
뱐,U+BC50,7,2,4,88,207,252,108,229,252,16,1
뱑,U+BC51,7,2,5,88,207,253,108,229,253,16,1
뱒,U+BC52,7,2,6,88,207,254,108,229,254,16,1
뱓,U+BC53,7,2,7,88,207,255,108,229,255,16,1
뱔,U+BC54,7,2,8,88,207,256,108,229,256,16,1
뱕,U+BC55,7,2,9,88,207,257,108,229,257,16,1
뱖,U+BC56,7,2,10,88,207,258,108,229,258,16,1
뱗,U+BC57,7,2,11,88,207,259,108,229,259,16,1
뱘,U+BC58,7,2,12,88,207,260,108,229,260,16,1
뱙,U+BC59,7,2,13,88,207,261,108,229,261,16,1
뱚,U+BC5A,7,2,14,88,207,262,108,229,262,16,1
뱛,U+BC5B,7,2,15,88,207,263,108,229,263,16,1
뱜,U+BC5C,7,2,16,88,207,264,108,229,264,16,1
뱝,U+BC5D,7,2,17,88,207,265,108,229,265,16,1
뱞,U+BC5E,7,2,18,88,207,266,108,229,266,16,1
뱟,U+BC5F,7,2,19,88,207,267,108,229,267,16,1
뱠,U+BC60,7,2,20,88,207,268,108,229,268,16,1
뱡,U+BC61,7,2,21,88,207,269,108,229,269,16,1
뱢,U+BC62,7,2,22,88,207,270,108,229,270,16,1
뱣,U+BC63,7,2,23,88,207,271,108,229,271,16,1
뱤,U+BC64,7,2,24,88,207,272,108,229,272,16,1
뱥,U+BC65,7,2,25,88,207,273,108,229,273,16,1
뱦,U+BC66,7,2,26,88,207,274,108,229,274,16,1
뱧,U+BC67,7,2,27,88,207,275,108,229,275,16,1
뱨,U+BC68,7,3,0,8,164,-1,8,186,-1,0,0
뱩,U+BC69,7,3,1,88,208,249,108,230,305,25,1
뱪,U+BC6A,7,3,2,88,208,250,108,230,306,33,1
뱫,U+BC6B,7,3,3,88,208,251,108,230,307,17,1
뱬,U+BC6C,7,3,4,88,208,252,108,230,308,27,1
뱭,U+BC6D,7,3,5,88,208,253,108,230,309,36,1
뱮,U+BC6E,7,3,6,88,208,254,108,230,310,29,1
뱯,U+BC6F,7,3,7,88,208,255,108,230,311,26,1
뱰,U+BC70,7,3,8,88,208,256,108,230,312,21,1
뱱,U+BC71,7,3,9,88,208,257,108,230,313,25,1
뱲,U+BC72,7,3,10,88,208,258,108,230,314,16,1
뱳,U+BC73,7,3,11,88,208,259,108,230,315,16,1
뱴,U+BC74,7,3,12,88,208,260,108,230,316,16,1
뱵,U+BC75,7,3,13,88,208,261,108,230,317,16,1
뱶,U+BC76,7,3,14,88,208,262,108,230,318,16,1
뱷,U+BC77,7,3,15,88,208,263,108,230,319,16,1
뱸,U+BC78,7,3,16,88,208,264,108,230,320,32,1
뱹,U+BC79,7,3,17,88,208,265,108,230,321,32,1
뱺,U+BC7A,7,3,18,88,208,266,108,230,322,16,1
뱻,U+BC7B,7,3,19,88,208,267,108,230,323,16,1
뱼,U+BC7C,7,3,20,88,208,268,108,230,324,16,1
뱽,U+BC7D,7,3,21,88,208,269,108,230,325,32,1
뱾,U+BC7E,7,3,22,88,208,270,108,230,326,35,1
뱿,U+BC7F,7,3,23,88,208,271,108,230,327,22,1
벀,U+BC80,7,3,24,88,208,272,108,230,328,24,1
벁,U+BC81,7,3,25,88,208,273,108,230,329,19,1
벂,U+BC82,7,3,26,88,208,274,108,230,330,20,1
벃,U+BC83,7,3,27,88,208,275,108,230,331,22,1
버,U+BC84,7,4,0,8,165,-1,8,187,-1,0,0
벅,U+BC85,7,4,1,88,209,249,108,231,277,16,1
벆,U+BC86,7,4,2,88,209,250,108,231,278,16,1
벇,U+BC87,7,4,3,88,209,251,108,231,279,16,1
번,U+BC88,7,4,4,88,209,252,108,231,280,16,1
벉,U+BC89,7,4,5,88,209,253,108,231,281,16,1
벊,U+BC8A,7,4,6,88,209,254,108,231,282,16,1
벋,U+BC8B,7,4,7,88,209,255,108,231,283,16,1
벌,U+BC8C,7,4,8,88,209,256,108,231,284,16,1
벍,U+BC8D,7,4,9,88,209,257,108,231,285,16,1
벎,U+BC8E,7,4,10,88,209,258,108,231,286,16,1
벏,U+BC8F,7,4,11,88,209,259,108,231,287,16,1
벐,U+BC90,7,4,12,88,209,260,108,231,288,16,1
벑,U+BC91,7,4,13,88,209,261,108,231,289,16,1
벒,U+BC92,7,4,14,88,209,262,108,231,290,16,1
벓,U+BC93,7,4,15,88,209,263,108,231,291,16,1
범,U+BC94,7,4,16,88,209,264,108,231,292,16,1
법,U+BC95,7,4,17,88,209,265,108,231,293,16,1
벖,U+BC96,7,4,18,88,209,266,108,231,294,16,1
벗,U+BC97,7,4,19,88,209,267,108,231,295,16,1
벘,U+BC98,7,4,20,88,209,268,108,231,296,16,1
벙,U+BC99,7,4,21,88,209,269,108,231,297,16,1
벚,U+BC9A,7,4,22,88,209,270,108,231,298,16,1
벛,U+BC9B,7,4,23,88,209,271,108,231,299,16,1
벜,U+BC9C,7,4,24,88,209,272,108,231,300,16,1
벝,U+BC9D,7,4,25,88,209,273,108,231,301,16,1
벞,U+BC9E,7,4,26,88,209,274,108,231,302,16,1
벟,U+BC9F,7,4,27,88,209,275,108,231,303,16,1
베,U+BCA0,7,5,0,8,166,-1,8,188,-1,0,0
벡,U+BCA1,7,5,1,88,210,249,108,232,305,24,1
벢,U+BCA2,7,5,2,88,210,250,108,232,306,32,1
벣,U+BCA3,7,5,3,88,210,251,108,232,307,16,1
벤,U+BCA4,7,5,4,88,210,252,108,232,308,26,1
벥,U+BCA5,7,5,5,88,210,253,108,232,309,35,1
벦,U+BCA6,7,5,6,88,210,254,108,232,310,28,1
벧,U+BCA7,7,5,7,88,210,255,108,232,311,25,1
벨,U+BCA8,7,5,8,88,210,256,108,232,312,20,1
벩,U+BCA9,7,5,9,88,210,257,108,232,313,24,1
벪,U+BCAA,7,5,10,88,210,258,108,232,314,15,1
벫,U+BCAB,7,5,11,88,210,259,108,232,315,15,1
벬,U+BCAC,7,5,12,88,210,260,108,232,316,15,1
벭,U+BCAD,7,5,13,88,210,261,108,232,317,15,1
벮,U+BCAE,7,5,14,88,210,262,108,232,318,15,1
벯,U+BCAF,7,5,15,88,210,263,108,232,319,15,1
벰,U+BCB0,7,5,16,88,210,264,108,232,320,31,1
벱,U+BCB1,7,5,17,88,210,265,108,232,321,31,1
벲,U+BCB2,7,5,18,88,210,266,108,232,322,15,1
벳,U+BCB3,7,5,19,88,210,267,108,232,323,15,1
벴,U+BCB4,7,5,20,88,210,268,108,232,324,15,1
벵,U+BCB5,7,5,21,88,210,269,108,232,325,31,1
벶,U+BCB6,7,5,22,88,210,270,108,232,326,34,1
벷,U+BCB7,7,5,23,88,210,271,108,232,327,21,1
벸,U+BCB8,7,5,24,88,210,272,108,232,328,23,1
벹,U+BCB9,7,5,25,88,210,273,108,232,329,18,1
벺,U+BCBA,7,5,26,88,210,274,108,232,330,19,1
벻,U+BCBB,7,5,27,88,210,275,108,232,331,21,1
벼,U+BCBC,7,6,0,8,167,-1,8,189,-1,0,0
벽,U+BCBD,7,6,1,88,211,249,108,233,277,16,1
벾,U+BCBE,7,6,2,88,211,250,108,233,278,16,1
벿,U+BCBF,7,6,3,88,211,251,108,233,279,16,1
변,U+BCC0,7,6,4,88,211,252,108,233,280,16,1
볁,U+BCC1,7,6,5,88,211,253,108,233,281,16,1
볂,U+BCC2,7,6,6,88,211,254,108,233,282,16,1
볃,U+BCC3,7,6,7,88,211,255,108,233,283,16,1
별,U+BCC4,7,6,8,88,211,256,108,233,284,16,1
볅,U+BCC5,7,6,9,88,211,257,108,233,285,16,1
볆,U+BCC6,7,6,10,88,211,258,108,233,286,16,1
볇,U+BCC7,7,6,11,88,211,259,108,233,287,16,1
볈,U+BCC8,7,6,12,88,211,260,108,233,288,16,1
볉,U+BCC9,7,6,13,88,211,261,108,233,289,16,1
볊,U+BCCA,7,6,14,88,211,262,108,233,290,16,1
볋,U+BCCB,7,6,15,88,211,263,108,233,291,16,1
볌,U+BCCC,7,6,16,88,211,264,108,233,292,16,1
볍,U+BCCD,7,6,17,88,211,265,108,233,293,16,1
볎,U+BCCE,7,6,18,88,211,266,108,233,294,16,1
볏,U+BCCF,7,6,19,88,211,267,108,233,295,16,1
볐,U+BCD0,7,6,20,88,211,268,108,233,296,16,1
병,U+BCD1,7,6,21,88,211,269,108,233,297,16,1
볒,U+BCD2,7,6,22,88,211,270,108,233,298,16,1
볓,U+BCD3,7,6,23,88,211,271,108,233,299,16,1
볔,U+BCD4,7,6,24,88,211,272,108,233,300,16,1
볕,U+BCD5,7,6,25,88,211,273,108,233,301,16,1
볖,U+BCD6,7,6,26,88,211,274,108,233,302,16,1
볗,U+BCD7,7,6,27,88,211,275,108,233,303,16,1
볘,U+BCD8,7,7,0,8,168,-1,8,190,-1,0,0
볙,U+BCD9,7,7,1,88,212,249,108,234,305,23,1
볚,U+BCDA,7,7,2,88,212,250,108,234,306,31,1
볛,U+BCDB,7,7,3,88,212,251,108,234,307,15,1
볜,U+BCDC,7,7,4,88,212,252,108,234,308,25,1
볝,U+BCDD,7,7,5,88,212,253,108,234,309,34,1
볞,U+BCDE,7,7,6,88,212,254,108,234,310,27,1
볟,U+BCDF,7,7,7,88,212,255,108,234,311,24,1
볠,U+BCE0,7,7,8,88,212,256,108,234,312,19,1
볡,U+BCE1,7,7,9,88,212,257,108,234,313,23,1
볢,U+BCE2,7,7,10,88,212,258,108,234,314,14,1
볣,U+BCE3,7,7,11,88,212,259,108,234,315,14,1
볤,U+BCE4,7,7,12,88,212,260,108,234,316,14,1
볥,U+BCE5,7,7,13,88,212,261,108,234,317,14,1
볦,U+BCE6,7,7,14,88,212,262,108,234,318,14,1
볧,U+BCE7,7,7,15,88,212,263,108,234,319,14,1
볨,U+BCE8,7,7,16,88,212,264,108,234,320,30,1
볩,U+BCE9,7,7,17,88,212,265,108,234,321,30,1
볪,U+BCEA,7,7,18,88,212,266,108,234,322,14,1
볫,U+BCEB,7,7,19,88,212,267,108,234,323,14,1
볬,U+BCEC,7,7,20,88,212,268,108,234,324,14,1
볭,U+BCED,7,7,21,88,212,269,108,234,325,30,1
볮,U+BCEE,7,7,22,88,212,270,108,234,326,33,1
볯,U+BCEF,7,7,23,88,212,271,108,234,327,20,1
볰,U+BCF0,7,7,24,88,212,272,108,234,328,22,1
볱,U+BCF1,7,7,25,88,212,273,108,234,329,17,1
볲,U+BCF2,7,7,26,88,212,274,108,234,330,18,1
볳,U+BCF3,7,7,27,88,212,275,108,234,331,20,1
보,U+BCF4,7,8,0,28,169,-1,28,191,-1,0,0
복,U+BCF5,7,8,1,108,213,277,128,235,333,54,1
볶,U+BCF6,7,8,2,108,213,278,128,235,334,60,1
볷,U+BCF7,7,8,3,108,213,279,128,235,335,80,1
본,U+BCF8,7,8,4,108,213,280,128,235,336,61,1
볹,U+BCF9,7,8,5,108,213,281,128,235,337,62,1
볺,U+BCFA,7,8,6,108,213,282,128,235,338,64,1
볻,U+BCFB,7,8,7,108,213,283,128,235,339,60,1
볼,U+BCFC,7,8,8,108,213,284,128,235,340,60,1
볽,U+BCFD,7,8,9,108,213,285,128,235,341,70,1
볾,U+BCFE,7,8,10,108,213,286,128,235,342,68,1
볿,U+BCFF,7,8,11,108,213,287,128,235,343,68,1
봀,U+BD00,7,8,12,108,213,288,128,235,344,82,1
봁,U+BD01,7,8,13,108,213,289,128,235,345,62,1
봂,U+BD02,7,8,14,108,213,290,128,235,346,68,1
봃,U+BD03,7,8,15,108,213,291,128,235,347,78,1
봄,U+BD04,7,8,16,108,213,292,128,235,348,67,1
봅,U+BD05,7,8,17,108,213,293,128,235,349,67,1
봆,U+BD06,7,8,18,108,213,294,128,235,350,86,1
봇,U+BD07,7,8,19,108,213,295,128,235,351,72,1
봈,U+BD08,7,8,20,108,213,296,128,235,352,78,1
봉,U+BD09,7,8,21,108,213,297,128,235,353,76,1
봊,U+BD0A,7,8,22,108,213,298,128,235,354,75,1
봋,U+BD0B,7,8,23,108,213,299,128,235,355,66,1
봌,U+BD0C,7,8,24,108,213,300,128,235,356,56,1
봍,U+BD0D,7,8,25,108,213,301,128,235,357,62,1
봎,U+BD0E,7,8,26,108,213,302,128,235,358,74,1
봏,U+BD0F,7,8,27,108,213,303,128,235,359,70,1
봐,U+BD10,7,9,0,68,170,-1,68,192,-1,0,0
봑,U+BD11,7,9,1,148,214,333,148,236,249,12,1
봒,U+BD12,7,9,2,148,214,334,148,236,250,18,1
봓,U+BD13,7,9,3,148,214,335,148,236,251,38,1
봔,U+BD14,7,9,4,148,214,336,148,236,252,19,1
봕,U+BD15,7,9,5,148,214,337,148,236,253,20,1
봖,U+BD16,7,9,6,148,214,338,148,236,254,22,1
봗,U+BD17,7,9,7,148,214,339,148,236,255,18,1
봘,U+BD18,7,9,8,148,214,340,148,236,256,18,1
봙,U+BD19,7,9,9,148,214,341,148,236,257,28,1
봚,U+BD1A,7,9,10,148,214,342,148,236,258,26,1
봛,U+BD1B,7,9,11,148,214,343,148,236,259,26,1
봜,U+BD1C,7,9,12,148,214,344,148,236,260,40,1
봝,U+BD1D,7,9,13,148,214,345,148,236,261,20,1
봞,U+BD1E,7,9,14,148,214,346,148,236,262,26,1
봟,U+BD1F,7,9,15,148,214,347,148,236,263,36,1
봠,U+BD20,7,9,16,148,214,348,148,236,264,25,1
봡,U+BD21,7,9,17,148,214,349,148,236,265,25,1
봢,U+BD22,7,9,18,148,214,350,148,236,266,44,1
봣,U+BD23,7,9,19,148,214,351,148,236,267,30,1
봤,U+BD24,7,9,20,148,214,352,148,236,268,36,1
봥,U+BD25,7,9,21,148,214,353,148,236,269,34,1
봦,U+BD26,7,9,22,148,214,354,148,236,270,33,1
봧,U+BD27,7,9,23,148,214,355,148,236,271,24,1
봨,U+BD28,7,9,24,148,214,356,148,236,272,14,1
봩,U+BD29,7,9,25,148,214,357,148,236,273,20,1
봪,U+BD2A,7,9,26,148,214,358,148,236,274,32,1
봫,U+BD2B,7,9,27,148,214,359,148,236,275,28,1
봬,U+BD2C,7,10,0,68,171,-1,68,193,-1,0,0
봭,U+BD2D,7,10,1,148,215,333,148,237,305,19,1
봮,U+BD2E,7,10,2,148,215,334,148,237,306,31,1
봯,U+BD2F,7,10,3,148,215,335,148,237,307,37,1
봰,U+BD30,7,10,4,148,215,336,148,237,308,24,1
봱,U+BD31,7,10,5,148,215,337,148,237,309,40,1
봲,U+BD32,7,10,6,148,215,338,148,237,310,33,1
봳,U+BD33,7,10,7,148,215,339,148,237,311,22,1
봴,U+BD34,7,10,8,148,215,340,148,237,312,23,1
봵,U+BD35,7,10,9,148,215,341,148,237,313,35,1
봶,U+BD36,7,10,10,148,215,342,148,237,314,26,1
봷,U+BD37,7,10,11,148,215,343,148,237,315,26,1
봸,U+BD38,7,10,12,148,215,344,148,237,316,40,1
봹,U+BD39,7,10,13,148,215,345,148,237,317,20,1
봺,U+BD3A,7,10,14,148,215,346,148,237,318,26,1
봻,U+BD3B,7,10,15,148,215,347,148,237,319,36,1
봼,U+BD3C,7,10,16,148,215,348,148,237,320,35,1
봽,U+BD3D,7,10,17,148,215,349,148,237,321,35,1
봾,U+BD3E,7,10,18,148,215,350,148,237,322,44,1
봿,U+BD3F,7,10,19,148,215,351,148,237,323,30,1
뵀,U+BD40,7,10,20,148,215,352,148,237,324,36,1
뵁,U+BD41,7,10,21,148,215,353,148,237,325,38,1
뵂,U+BD42,7,10,22,148,215,354,148,237,326,22,1
뵃,U+BD43,7,10,23,148,215,355,148,237,327,26,1
뵄,U+BD44,7,10,24,148,215,356,148,237,328,20,1
뵅,U+BD45,7,10,25,148,215,357,148,237,329,23,1
뵆,U+BD46,7,10,26,148,215,358,148,237,330,32,1
뵇,U+BD47,7,10,27,148,215,359,148,237,331,32,1
뵈,U+BD48,7,11,0,68,172,-1,68,194,-1,0,0
뵉,U+BD49,7,11,1,148,216,333,148,238,277,12,1
뵊,U+BD4A,7,11,2,148,216,334,148,238,278,18,1
뵋,U+BD4B,7,11,3,148,216,335,148,238,279,38,1
뵌,U+BD4C,7,11,4,148,216,336,148,238,280,19,1
뵍,U+BD4D,7,11,5,148,216,337,148,238,281,20,1
뵎,U+BD4E,7,11,6,148,216,338,148,238,282,22,1
뵏,U+BD4F,7,11,7,148,216,339,148,238,283,18,1
뵐,U+BD50,7,11,8,148,216,340,148,238,284,18,1
뵑,U+BD51,7,11,9,148,216,341,148,238,285,28,1
뵒,U+BD52,7,11,10,148,216,342,148,238,286,26,1
뵓,U+BD53,7,11,11,148,216,343,148,238,287,26,1
뵔,U+BD54,7,11,12,148,216,344,148,238,288,40,1
뵕,U+BD55,7,11,13,148,216,345,148,238,289,20,1
뵖,U+BD56,7,11,14,148,216,346,148,238,290,26,1
뵗,U+BD57,7,11,15,148,216,347,148,238,291,36,1
뵘,U+BD58,7,11,16,148,216,348,148,238,292,25,1
뵙,U+BD59,7,11,17,148,216,349,148,238,293,25,1
뵚,U+BD5A,7,11,18,148,216,350,148,238,294,44,1
뵛,U+BD5B,7,11,19,148,216,351,148,238,295,30,1
뵜,U+BD5C,7,11,20,148,216,352,148,238,296,36,1
뵝,U+BD5D,7,11,21,148,216,353,148,238,297,34,1
뵞,U+BD5E,7,11,22,148,216,354,148,238,298,33,1
뵟,U+BD5F,7,11,23,148,216,355,148,238,299,24,1
뵠,U+BD60,7,11,24,148,216,356,148,238,300,14,1
뵡,U+BD61,7,11,25,148,216,357,148,238,301,20,1
뵢,U+BD62,7,11,26,148,216,358,148,238,302,32,1
뵣,U+BD63,7,11,27,148,216,359,148,238,303,28,1
뵤,U+BD64,7,12,0,28,173,-1,28,195,-1,0,0
뵥,U+BD65,7,12,1,108,217,277,128,239,333,54,1
뵦,U+BD66,7,12,2,108,217,278,128,239,334,60,1
뵧,U+BD67,7,12,3,108,217,279,128,239,335,80,1
뵨,U+BD68,7,12,4,108,217,280,128,239,336,61,1
뵩,U+BD69,7,12,5,108,217,281,128,239,337,62,1
뵪,U+BD6A,7,12,6,108,217,282,128,239,338,64,1
뵫,U+BD6B,7,12,7,108,217,283,128,239,339,60,1
뵬,U+BD6C,7,12,8,108,217,284,128,239,340,60,1
뵭,U+BD6D,7,12,9,108,217,285,128,239,341,70,1
뵮,U+BD6E,7,12,10,108,217,286,128,239,342,68,1
뵯,U+BD6F,7,12,11,108,217,287,128,239,343,68,1
뵰,U+BD70,7,12,12,108,217,288,128,239,344,82,1
뵱,U+BD71,7,12,13,108,217,289,128,239,345,62,1
뵲,U+BD72,7,12,14,108,217,290,128,239,346,68,1
뵳,U+BD73,7,12,15,108,217,291,128,239,347,78,1
뵴,U+BD74,7,12,16,108,217,292,128,239,348,67,1
뵵,U+BD75,7,12,17,108,217,293,128,239,349,67,1
뵶,U+BD76,7,12,18,108,217,294,128,239,350,86,1
뵷,U+BD77,7,12,19,108,217,295,128,239,351,72,1
뵸,U+BD78,7,12,20,108,217,296,128,239,352,78,1
뵹,U+BD79,7,12,21,108,217,297,128,239,353,76,1
뵺,U+BD7A,7,12,22,108,217,298,128,239,354,75,1
뵻,U+BD7B,7,12,23,108,217,299,128,239,355,66,1
뵼,U+BD7C,7,12,24,108,217,300,128,239,356,56,1
뵽,U+BD7D,7,12,25,108,217,301,128,239,357,62,1
뵾,U+BD7E,7,12,26,108,217,302,128,239,358,74,1
뵿,U+BD7F,7,12,27,108,217,303,128,239,359,70,1
부,U+BD80,7,13,0,48,174,-1,48,196,-1,0,0
북,U+BD81,7,13,1,128,218,305,128,240,333,19,1
붂,U+BD82,7,13,2,128,218,306,128,240,334,31,1
붃,U+BD83,7,13,3,128,218,307,128,240,335,37,1
분,U+BD84,7,13,4,128,218,308,128,240,336,23,1
붅,U+BD85,7,13,5,128,218,309,128,240,337,39,1
붆,U+BD86,7,13,6,128,218,310,128,240,338,33,1
붇,U+BD87,7,13,7,128,218,311,128,240,339,22,1
불,U+BD88,7,13,8,128,218,312,128,240,340,23,1
붉,U+BD89,7,13,9,128,218,313,128,240,341,35,1
붊,U+BD8A,7,13,10,128,218,314,128,240,342,26,1
붋,U+BD8B,7,13,11,128,218,315,128,240,343,26,1
붌,U+BD8C,7,13,12,128,218,316,128,240,344,40,1
붍,U+BD8D,7,13,13,128,218,317,128,240,345,20,1
붎,U+BD8E,7,13,14,128,218,318,128,240,346,26,1
붏,U+BD8F,7,13,15,128,218,319,128,240,347,36,1
붐,U+BD90,7,13,16,128,218,320,128,240,348,35,1
붑,U+BD91,7,13,17,128,218,321,128,240,349,34,1
붒,U+BD92,7,13,18,128,218,322,128,240,350,43,1
붓,U+BD93,7,13,19,128,218,323,128,240,351,29,1
붔,U+BD94,7,13,20,128,218,324,128,240,352,35,1
붕,U+BD95,7,13,21,128,218,325,128,240,353,37,1
붖,U+BD96,7,13,22,128,218,326,128,240,354,22,1
붗,U+BD97,7,13,23,128,218,327,128,240,355,25,1
붘,U+BD98,7,13,24,128,218,328,128,240,356,20,1
붙,U+BD99,7,13,25,128,218,329,128,240,357,23,1
붚,U+BD9A,7,13,26,128,218,330,128,240,358,32,1
붛,U+BD9B,7,13,27,128,218,331,128,240,359,31,1
붜,U+BD9C,7,14,0,68,175,-1,88,197,-1,0,0
붝,U+BD9D,7,14,1,148,219,333,148,241,277,12,1
붞,U+BD9E,7,14,2,148,219,334,148,241,278,18,1
붟,U+BD9F,7,14,3,148,219,335,148,241,279,38,1
붠,U+BDA0,7,14,4,148,219,336,148,241,280,19,1
붡,U+BDA1,7,14,5,148,219,337,148,241,281,20,1
붢,U+BDA2,7,14,6,148,219,338,148,241,282,22,1
붣,U+BDA3,7,14,7,148,219,339,148,241,283,18,1
붤,U+BDA4,7,14,8,148,219,340,148,241,284,18,1
붥,U+BDA5,7,14,9,148,219,341,148,241,285,28,1
붦,U+BDA6,7,14,10,148,219,342,148,241,286,26,1
붧,U+BDA7,7,14,11,148,219,343,148,241,287,26,1
붨,U+BDA8,7,14,12,148,219,344,148,241,288,40,1
붩,U+BDA9,7,14,13,148,219,345,148,241,289,20,1
붪,U+BDAA,7,14,14,148,219,346,148,241,290,26,1
붫,U+BDAB,7,14,15,148,219,347,148,241,291,36,1
붬,U+BDAC,7,14,16,148,219,348,148,241,292,25,1
붭,U+BDAD,7,14,17,148,219,349,148,241,293,25,1
붮,U+BDAE,7,14,18,148,219,350,148,241,294,44,1
붯,U+BDAF,7,14,19,148,219,351,148,241,295,30,1
붰,U+BDB0,7,14,20,148,219,352,148,241,296,36,1
붱,U+BDB1,7,14,21,148,219,353,148,241,297,34,1
붲,U+BDB2,7,14,22,148,219,354,148,241,298,33,1
붳,U+BDB3,7,14,23,148,219,355,148,241,299,24,1
붴,U+BDB4,7,14,24,148,219,356,148,241,300,14,1
붵,U+BDB5,7,14,25,148,219,357,148,241,301,20,1
붶,U+BDB6,7,14,26,148,219,358,148,241,302,32,1
붷,U+BDB7,7,14,27,148,219,359,148,241,303,28,1
붸,U+BDB8,7,15,0,68,176,-1,88,198,-1,0,0
붹,U+BDB9,7,15,1,148,220,333,148,242,305,19,1
붺,U+BDBA,7,15,2,148,220,334,148,242,306,31,1
붻,U+BDBB,7,15,3,148,220,335,148,242,307,37,1
붼,U+BDBC,7,15,4,148,220,336,148,242,308,24,1
붽,U+BDBD,7,15,5,148,220,337,148,242,309,40,1
붾,U+BDBE,7,15,6,148,220,338,148,242,310,33,1
붿,U+BDBF,7,15,7,148,220,339,148,242,311,22,1
뷀,U+BDC0,7,15,8,148,220,340,148,242,312,23,1
뷁,U+BDC1,7,15,9,148,220,341,148,242,313,35,1
뷂,U+BDC2,7,15,10,148,220,342,148,242,314,26,1
뷃,U+BDC3,7,15,11,148,220,343,148,242,315,26,1
뷄,U+BDC4,7,15,12,148,220,344,148,242,316,40,1
뷅,U+BDC5,7,15,13,148,220,345,148,242,317,20,1
뷆,U+BDC6,7,15,14,148,220,346,148,242,318,26,1
뷇,U+BDC7,7,15,15,148,220,347,148,242,319,36,1
뷈,U+BDC8,7,15,16,148,220,348,148,242,320,35,1
뷉,U+BDC9,7,15,17,148,220,349,148,242,321,35,1
뷊,U+BDCA,7,15,18,148,220,350,148,242,322,44,1
뷋,U+BDCB,7,15,19,148,220,351,148,242,323,30,1
뷌,U+BDCC,7,15,20,148,220,352,148,242,324,36,1
뷍,U+BDCD,7,15,21,148,220,353,148,242,325,38,1
뷎,U+BDCE,7,15,22,148,220,354,148,242,326,22,1
뷏,U+BDCF,7,15,23,148,220,355,148,242,327,26,1
뷐,U+BDD0,7,15,24,148,220,356,148,242,328,20,1
뷑,U+BDD1,7,15,25,148,220,357,148,242,329,23,1
뷒,U+BDD2,7,15,26,148,220,358,148,242,330,32,1
뷓,U+BDD3,7,15,27,148,220,359,148,242,331,32,1
뷔,U+BDD4,7,16,0,68,177,-1,88,199,-1,0,0
뷕,U+BDD5,7,16,1,148,221,333,148,243,277,12,1
뷖,U+BDD6,7,16,2,148,221,334,148,243,278,18,1
뷗,U+BDD7,7,16,3,148,221,335,148,243,279,38,1
뷘,U+BDD8,7,16,4,148,221,336,148,243,280,19,1
뷙,U+BDD9,7,16,5,148,221,337,148,243,281,20,1
뷚,U+BDDA,7,16,6,148,221,338,148,243,282,22,1
뷛,U+BDDB,7,16,7,148,221,339,148,243,283,18,1
뷜,U+BDDC,7,16,8,148,221,340,148,243,284,18,1
뷝,U+BDDD,7,16,9,148,221,341,148,243,285,28,1
뷞,U+BDDE,7,16,10,148,221,342,148,243,286,26,1
뷟,U+BDDF,7,16,11,148,221,343,148,243,287,26,1
뷠,U+BDE0,7,16,12,148,221,344,148,243,288,40,1
뷡,U+BDE1,7,16,13,148,221,345,148,243,289,20,1
뷢,U+BDE2,7,16,14,148,221,346,148,243,290,26,1
뷣,U+BDE3,7,16,15,148,221,347,148,243,291,36,1
뷤,U+BDE4,7,16,16,148,221,348,148,243,292,25,1
뷥,U+BDE5,7,16,17,148,221,349,148,243,293,25,1
뷦,U+BDE6,7,16,18,148,221,350,148,243,294,44,1
뷧,U+BDE7,7,16,19,148,221,351,148,243,295,30,1
뷨,U+BDE8,7,16,20,148,221,352,148,243,296,36,1
뷩,U+BDE9,7,16,21,148,221,353,148,243,297,34,1
뷪,U+BDEA,7,16,22,148,221,354,148,243,298,33,1
뷫,U+BDEB,7,16,23,148,221,355,148,243,299,24,1
뷬,U+BDEC,7,16,24,148,221,356,148,243,300,14,1
뷭,U+BDED,7,16,25,148,221,357,148,243,301,20,1
뷮,U+BDEE,7,16,26,148,221,358,148,243,302,32,1
뷯,U+BDEF,7,16,27,148,221,359,148,243,303,28,1
뷰,U+BDF0,7,17,0,48,178,-1,48,200,-1,0,0
뷱,U+BDF1,7,17,1,128,222,305,128,244,333,18,1
뷲,U+BDF2,7,17,2,128,222,306,128,244,334,31,1
뷳,U+BDF3,7,17,3,128,222,307,128,244,335,36,1
뷴,U+BDF4,7,17,4,128,222,308,128,244,336,23,1
뷵,U+BDF5,7,17,5,128,222,309,128,244,337,39,1
뷶,U+BDF6,7,17,6,128,222,310,128,244,338,33,1
뷷,U+BDF7,7,17,7,128,222,311,128,244,339,21,1
뷸,U+BDF8,7,17,8,128,222,312,128,244,340,22,1
뷹,U+BDF9,7,17,9,128,222,313,128,244,341,35,1
뷺,U+BDFA,7,17,10,128,222,314,128,244,342,25,1
뷻,U+BDFB,7,17,11,128,222,315,128,244,343,25,1
뷼,U+BDFC,7,17,12,128,222,316,128,244,344,39,1
뷽,U+BDFD,7,17,13,128,222,317,128,244,345,19,1
뷾,U+BDFE,7,17,14,128,222,318,128,244,346,25,1
뷿,U+BDFF,7,17,15,128,222,319,128,244,347,35,1
븀,U+BE00,7,17,16,128,222,320,128,244,348,34,1
븁,U+BE01,7,17,17,128,222,321,128,244,349,34,1
븂,U+BE02,7,17,18,128,222,322,128,244,350,42,1
븃,U+BE03,7,17,19,128,222,323,128,244,351,29,1
븄,U+BE04,7,17,20,128,222,324,128,244,352,36,1
븅,U+BE05,7,17,21,128,222,325,128,244,353,37,1
븆,U+BE06,7,17,22,128,222,326,128,244,354,22,1
븇,U+BE07,7,17,23,128,222,327,128,244,355,25,1
븈,U+BE08,7,17,24,128,222,328,128,244,356,19,1
븉,U+BE09,7,17,25,128,222,329,128,244,357,22,1
븊,U+BE0A,7,17,26,128,222,330,128,244,358,32,1
븋,U+BE0B,7,17,27,128,222,331,128,244,359,32,1
브,U+BE0C,7,18,0,28,179,-1,28,201,-1,0,0
븍,U+BE0D,7,18,1,108,223,277,128,245,333,56,1
븎,U+BE0E,7,18,2,108,223,278,128,245,334,62,1
븏,U+BE0F,7,18,3,108,223,279,128,245,335,82,1
븐,U+BE10,7,18,4,108,223,280,128,245,336,63,1
븑,U+BE11,7,18,5,108,223,281,128,245,337,64,1
븒,U+BE12,7,18,6,108,223,282,128,245,338,66,1
븓,U+BE13,7,18,7,108,223,283,128,245,339,62,1
블,U+BE14,7,18,8,108,223,284,128,245,340,62,1
븕,U+BE15,7,18,9,108,223,285,128,245,341,72,1
븖,U+BE16,7,18,10,108,223,286,128,245,342,70,1
븗,U+BE17,7,18,11,108,223,287,128,245,343,70,1
븘,U+BE18,7,18,12,108,223,288,128,245,344,84,1
븙,U+BE19,7,18,13,108,223,289,128,245,345,64,1
븚,U+BE1A,7,18,14,108,223,290,128,245,346,70,1
븛,U+BE1B,7,18,15,108,223,291,128,245,347,80,1
븜,U+BE1C,7,18,16,108,223,292,128,245,348,69,1
븝,U+BE1D,7,18,17,108,223,293,128,245,349,69,1
븞,U+BE1E,7,18,18,108,223,294,128,245,350,88,1
븟,U+BE1F,7,18,19,108,223,295,128,245,351,74,1
븠,U+BE20,7,18,20,108,223,296,128,245,352,80,1
븡,U+BE21,7,18,21,108,223,297,128,245,353,78,1
븢,U+BE22,7,18,22,108,223,298,128,245,354,77,1
븣,U+BE23,7,18,23,108,223,299,128,245,355,68,1
븤,U+BE24,7,18,24,108,223,300,128,245,356,58,1
븥,U+BE25,7,18,25,108,223,301,128,245,357,64,1
븦,U+BE26,7,18,26,108,223,302,128,245,358,76,1
븧,U+BE27,7,18,27,108,223,303,128,245,359,72,1
븨,U+BE28,7,19,0,68,180,-1,68,202,-1,0,0
븩,U+BE29,7,19,1,148,224,333,148,246,277,12,1
븪,U+BE2A,7,19,2,148,224,334,148,246,278,18,1
븫,U+BE2B,7,19,3,148,224,335,148,246,279,38,1
븬,U+BE2C,7,19,4,148,224,336,148,246,280,19,1
븭,U+BE2D,7,19,5,148,224,337,148,246,281,20,1
븮,U+BE2E,7,19,6,148,224,338,148,246,282,22,1
븯,U+BE2F,7,19,7,148,224,339,148,246,283,18,1
븰,U+BE30,7,19,8,148,224,340,148,246,284,18,1
븱,U+BE31,7,19,9,148,224,341,148,246,285,28,1
븲,U+BE32,7,19,10,148,224,342,148,246,286,26,1
븳,U+BE33,7,19,11,148,224,343,148,246,287,26,1
븴,U+BE34,7,19,12,148,224,344,148,246,288,40,1
븵,U+BE35,7,19,13,148,224,345,148,246,289,20,1
븶,U+BE36,7,19,14,148,224,346,148,246,290,26,1
븷,U+BE37,7,19,15,148,224,347,148,246,291,36,1
븸,U+BE38,7,19,16,148,224,348,148,246,292,25,1
븹,U+BE39,7,19,17,148,224,349,148,246,293,25,1
븺,U+BE3A,7,19,18,148,224,350,148,246,294,44,1
븻,U+BE3B,7,19,19,148,224,351,148,246,295,30,1
븼,U+BE3C,7,19,20,148,224,352,148,246,296,36,1
븽,U+BE3D,7,19,21,148,224,353,148,246,297,34,1
븾,U+BE3E,7,19,22,148,224,354,148,246,298,33,1
븿,U+BE3F,7,19,23,148,224,355,148,246,299,24,1
빀,U+BE40,7,19,24,148,224,356,148,246,300,14,1
빁,U+BE41,7,19,25,148,224,357,148,246,301,20,1
빂,U+BE42,7,19,26,148,224,358,148,246,302,32,1
빃,U+BE43,7,19,27,148,224,359,148,246,303,28,1
비,U+BE44,7,20,0,8,181,-1,8,203,-1,0,0
빅,U+BE45,7,20,1,88,225,249,108,247,277,16,1
빆,U+BE46,7,20,2,88,225,250,108,247,278,16,1
빇,U+BE47,7,20,3,88,225,251,108,247,279,16,1
빈,U+BE48,7,20,4,88,225,252,108,247,280,16,1
빉,U+BE49,7,20,5,88,225,253,108,247,281,16,1
빊,U+BE4A,7,20,6,88,225,254,108,247,282,16,1
빋,U+BE4B,7,20,7,88,225,255,108,247,283,16,1
빌,U+BE4C,7,20,8,88,225,256,108,247,284,16,1
빍,U+BE4D,7,20,9,88,225,257,108,247,285,16,1
빎,U+BE4E,7,20,10,88,225,258,108,247,286,16,1
빏,U+BE4F,7,20,11,88,225,259,108,247,287,16,1
빐,U+BE50,7,20,12,88,225,260,108,247,288,16,1
빑,U+BE51,7,20,13,88,225,261,108,247,289,16,1
빒,U+BE52,7,20,14,88,225,262,108,247,290,16,1
빓,U+BE53,7,20,15,88,225,263,108,247,291,16,1
빔,U+BE54,7,20,16,88,225,264,108,247,292,16,1
빕,U+BE55,7,20,17,88,225,265,108,247,293,16,1
빖,U+BE56,7,20,18,88,225,266,108,247,294,16,1
빗,U+BE57,7,20,19,88,225,267,108,247,295,16,1
빘,U+BE58,7,20,20,88,225,268,108,247,296,16,1
빙,U+BE59,7,20,21,88,225,269,108,247,297,16,1
빚,U+BE5A,7,20,22,88,225,270,108,247,298,16,1
빛,U+BE5B,7,20,23,88,225,271,108,247,299,16,1
빜,U+BE5C,7,20,24,88,225,272,108,247,300,16,1
빝,U+BE5D,7,20,25,88,225,273,108,247,301,16,1
빞,U+BE5E,7,20,26,88,225,274,108,247,302,16,1
빟,U+BE5F,7,20,27,88,225,275,108,247,303,16,1
빠,U+BE60,8,0,0,9,161,-1,9,183,-1,0,0
빡,U+BE61,8,0,1,89,205,249,109,227,249,31,1
빢,U+BE62,8,0,2,89,205,250,109,227,250,31,1
빣,U+BE63,8,0,3,89,205,251,109,227,251,31,1
빤,U+BE64,8,0,4,89,205,252,109,227,252,31,1
빥,U+BE65,8,0,5,89,205,253,109,227,253,31,1
빦,U+BE66,8,0,6,89,205,254,109,227,254,31,1
빧,U+BE67,8,0,7,89,205,255,109,227,255,31,1
빨,U+BE68,8,0,8,89,205,256,109,227,256,31,1
빩,U+BE69,8,0,9,89,205,257,109,227,257,31,1
빪,U+BE6A,8,0,10,89,205,258,109,227,258,31,1
빫,U+BE6B,8,0,11,89,205,259,109,227,259,31,1
빬,U+BE6C,8,0,12,89,205,260,109,227,260,31,1
빭,U+BE6D,8,0,13,89,205,261,109,227,261,31,1
빮,U+BE6E,8,0,14,89,205,262,109,227,262,31,1
빯,U+BE6F,8,0,15,89,205,263,109,227,263,31,1
빰,U+BE70,8,0,16,89,205,264,109,227,264,31,1
빱,U+BE71,8,0,17,89,205,265,109,227,265,31,1
빲,U+BE72,8,0,18,89,205,266,109,227,266,31,1
빳,U+BE73,8,0,19,89,205,267,109,227,267,31,1
빴,U+BE74,8,0,20,89,205,268,109,227,268,31,1
빵,U+BE75,8,0,21,89,205,269,109,227,269,31,1
빶,U+BE76,8,0,22,89,205,270,109,227,270,31,1
빷,U+BE77,8,0,23,89,205,271,109,227,271,31,1
빸,U+BE78,8,0,24,89,205,272,109,227,272,31,1
빹,U+BE79,8,0,25,89,205,273,109,227,273,31,1
빺,U+BE7A,8,0,26,89,205,274,109,227,274,31,1
빻,U+BE7B,8,0,27,89,205,275,109,227,275,31,1
빼,U+BE7C,8,1,0,9,162,-1,9,184,-1,0,0
빽,U+BE7D,8,1,1,89,206,249,109,228,305,40,1
빾,U+BE7E,8,1,2,89,206,250,109,228,306,48,1
빿,U+BE7F,8,1,3,89,206,251,109,228,307,32,1
뺀,U+BE80,8,1,4,89,206,252,109,228,308,42,1
뺁,U+BE81,8,1,5,89,206,253,109,228,309,51,1
뺂,U+BE82,8,1,6,89,206,254,109,228,310,44,1
뺃,U+BE83,8,1,7,89,206,255,109,228,311,41,1
뺄,U+BE84,8,1,8,89,206,256,109,228,312,36,1
뺅,U+BE85,8,1,9,89,206,257,109,228,313,40,1
뺆,U+BE86,8,1,10,89,206,258,109,228,314,31,1
뺇,U+BE87,8,1,11,89,206,259,109,228,315,31,1
뺈,U+BE88,8,1,12,89,206,260,109,228,316,31,1
뺉,U+BE89,8,1,13,89,206,261,109,228,317,31,1
뺊,U+BE8A,8,1,14,89,206,262,109,228,318,31,1
뺋,U+BE8B,8,1,15,89,206,263,109,228,319,31,1
뺌,U+BE8C,8,1,16,89,206,264,109,228,320,47,1
뺍,U+BE8D,8,1,17,89,206,265,109,228,321,47,1
뺎,U+BE8E,8,1,18,89,206,266,109,228,322,31,1
뺏,U+BE8F,8,1,19,89,206,267,109,228,323,31,1
뺐,U+BE90,8,1,20,89,206,268,109,228,324,31,1
뺑,U+BE91,8,1,21,89,206,269,109,228,325,47,1
뺒,U+BE92,8,1,22,89,206,270,109,228,326,50,1
뺓,U+BE93,8,1,23,89,206,271,109,228,327,37,1
뺔,U+BE94,8,1,24,89,206,272,109,228,328,39,1
뺕,U+BE95,8,1,25,89,206,273,109,228,329,34,1
뺖,U+BE96,8,1,26,89,206,274,109,228,330,35,1
뺗,U+BE97,8,1,27,89,206,275,109,228,331,37,1
뺘,U+BE98,8,2,0,9,163,-1,9,185,-1,0,0
뺙,U+BE99,8,2,1,89,207,249,109,229,249,31,1
뺚,U+BE9A,8,2,2,89,207,250,109,229,250,31,1
뺛,U+BE9B,8,2,3,89,207,251,109,229,251,31,1
뺜,U+BE9C,8,2,4,89,207,252,109,229,252,31,1
뺝,U+BE9D,8,2,5,89,207,253,109,229,253,31,1
뺞,U+BE9E,8,2,6,89,207,254,109,229,254,31,1
뺟,U+BE9F,8,2,7,89,207,255,109,229,255,31,1
뺠,U+BEA0,8,2,8,89,207,256,109,229,256,31,1
뺡,U+BEA1,8,2,9,89,207,257,109,229,257,31,1
뺢,U+BEA2,8,2,10,89,207,258,109,229,258,31,1
뺣,U+BEA3,8,2,11,89,207,259,109,229,259,31,1
뺤,U+BEA4,8,2,12,89,207,260,109,229,260,31,1
뺥,U+BEA5,8,2,13,89,207,261,109,229,261,31,1
뺦,U+BEA6,8,2,14,89,207,262,109,229,262,31,1
뺧,U+BEA7,8,2,15,89,207,263,109,229,263,31,1
뺨,U+BEA8,8,2,16,89,207,264,109,229,264,31,1
뺩,U+BEA9,8,2,17,89,207,265,109,229,265,31,1
뺪,U+BEAA,8,2,18,89,207,266,109,229,266,31,1
뺫,U+BEAB,8,2,19,89,207,267,109,229,267,31,1
뺬,U+BEAC,8,2,20,89,207,268,109,229,268,31,1
뺭,U+BEAD,8,2,21,89,207,269,109,229,269,31,1
뺮,U+BEAE,8,2,22,89,207,270,109,229,270,31,1
뺯,U+BEAF,8,2,23,89,207,271,109,229,271,31,1
뺰,U+BEB0,8,2,24,89,207,272,109,229,272,31,1
뺱,U+BEB1,8,2,25,89,207,273,109,229,273,31,1
뺲,U+BEB2,8,2,26,89,207,274,109,229,274,31,1
뺳,U+BEB3,8,2,27,89,207,275,109,229,275,31,1
뺴,U+BEB4,8,3,0,9,164,-1,9,186,-1,0,0
뺵,U+BEB5,8,3,1,89,208,249,109,230,305,40,1
뺶,U+BEB6,8,3,2,89,208,250,109,230,306,48,1
뺷,U+BEB7,8,3,3,89,208,251,109,230,307,32,1
뺸,U+BEB8,8,3,4,89,208,252,109,230,308,42,1
뺹,U+BEB9,8,3,5,89,208,253,109,230,309,51,1
뺺,U+BEBA,8,3,6,89,208,254,109,230,310,44,1
뺻,U+BEBB,8,3,7,89,208,255,109,230,311,41,1
뺼,U+BEBC,8,3,8,89,208,256,109,230,312,36,1
뺽,U+BEBD,8,3,9,89,208,257,109,230,313,40,1
뺾,U+BEBE,8,3,10,89,208,258,109,230,314,31,1
뺿,U+BEBF,8,3,11,89,208,259,109,230,315,31,1
뻀,U+BEC0,8,3,12,89,208,260,109,230,316,31,1
뻁,U+BEC1,8,3,13,89,208,261,109,230,317,31,1
뻂,U+BEC2,8,3,14,89,208,262,109,230,318,31,1
뻃,U+BEC3,8,3,15,89,208,263,109,230,319,31,1
뻄,U+BEC4,8,3,16,89,208,264,109,230,320,47,1
뻅,U+BEC5,8,3,17,89,208,265,109,230,321,47,1
뻆,U+BEC6,8,3,18,89,208,266,109,230,322,31,1
뻇,U+BEC7,8,3,19,89,208,267,109,230,323,31,1
뻈,U+BEC8,8,3,20,89,208,268,109,230,324,31,1
뻉,U+BEC9,8,3,21,89,208,269,109,230,325,47,1
뻊,U+BECA,8,3,22,89,208,270,109,230,326,50,1
뻋,U+BECB,8,3,23,89,208,271,109,230,327,37,1
뻌,U+BECC,8,3,24,89,208,272,109,230,328,39,1
뻍,U+BECD,8,3,25,89,208,273,109,230,329,34,1
뻎,U+BECE,8,3,26,89,208,274,109,230,330,35,1
뻏,U+BECF,8,3,27,89,208,275,109,230,331,37,1
뻐,U+BED0,8,4,0,9,165,-1,9,187,-1,0,0
뻑,U+BED1,8,4,1,89,209,249,109,231,277,31,1
뻒,U+BED2,8,4,2,89,209,250,109,231,278,31,1
뻓,U+BED3,8,4,3,89,209,251,109,231,279,31,1
뻔,U+BED4,8,4,4,89,209,252,109,231,280,31,1
뻕,U+BED5,8,4,5,89,209,253,109,231,281,31,1
뻖,U+BED6,8,4,6,89,209,254,109,231,282,31,1
뻗,U+BED7,8,4,7,89,209,255,109,231,283,31,1
뻘,U+BED8,8,4,8,89,209,256,109,231,284,31,1
뻙,U+BED9,8,4,9,89,209,257,109,231,285,31,1
뻚,U+BEDA,8,4,10,89,209,258,109,231,286,31,1
뻛,U+BEDB,8,4,11,89,209,259,109,231,287,31,1
뻜,U+BEDC,8,4,12,89,209,260,109,231,288,31,1
뻝,U+BEDD,8,4,13,89,209,261,109,231,289,31,1
뻞,U+BEDE,8,4,14,89,209,262,109,231,290,31,1
뻟,U+BEDF,8,4,15,89,209,263,109,231,291,31,1
뻠,U+BEE0,8,4,16,89,209,264,109,231,292,31,1
뻡,U+BEE1,8,4,17,89,209,265,109,231,293,31,1
뻢,U+BEE2,8,4,18,89,209,266,109,231,294,31,1
뻣,U+BEE3,8,4,19,89,209,267,109,231,295,31,1
뻤,U+BEE4,8,4,20,89,209,268,109,231,296,31,1
뻥,U+BEE5,8,4,21,89,209,269,109,231,297,31,1
뻦,U+BEE6,8,4,22,89,209,270,109,231,298,31,1
뻧,U+BEE7,8,4,23,89,209,271,109,231,299,31,1
뻨,U+BEE8,8,4,24,89,209,272,109,231,300,31,1
뻩,U+BEE9,8,4,25,89,209,273,109,231,301,31,1
뻪,U+BEEA,8,4,26,89,209,274,109,231,302,31,1
뻫,U+BEEB,8,4,27,89,209,275,109,231,303,31,1
뻬,U+BEEC,8,5,0,9,166,-1,9,188,-1,0,0
뻭,U+BEED,8,5,1,89,210,249,109,232,305,38,1
뻮,U+BEEE,8,5,2,89,210,250,109,232,306,46,1
뻯,U+BEEF,8,5,3,89,210,251,109,232,307,30,1
뻰,U+BEF0,8,5,4,89,210,252,109,232,308,40,1
뻱,U+BEF1,8,5,5,89,210,253,109,232,309,49,1
뻲,U+BEF2,8,5,6,89,210,254,109,232,310,42,1
뻳,U+BEF3,8,5,7,89,210,255,109,232,311,39,1
뻴,U+BEF4,8,5,8,89,210,256,109,232,312,34,1
뻵,U+BEF5,8,5,9,89,210,257,109,232,313,38,1
뻶,U+BEF6,8,5,10,89,210,258,109,232,314,29,1
뻷,U+BEF7,8,5,11,89,210,259,109,232,315,29,1
뻸,U+BEF8,8,5,12,89,210,260,109,232,316,29,1
뻹,U+BEF9,8,5,13,89,210,261,109,232,317,29,1
뻺,U+BEFA,8,5,14,89,210,262,109,232,318,29,1
뻻,U+BEFB,8,5,15,89,210,263,109,232,319,29,1
뻼,U+BEFC,8,5,16,89,210,264,109,232,320,45,1
뻽,U+BEFD,8,5,17,89,210,265,109,232,321,45,1
뻾,U+BEFE,8,5,18,89,210,266,109,232,322,29,1
뻿,U+BEFF,8,5,19,89,210,267,109,232,323,29,1
뼀,U+BF00,8,5,20,89,210,268,109,232,324,29,1
뼁,U+BF01,8,5,21,89,210,269,109,232,325,45,1
뼂,U+BF02,8,5,22,89,210,270,109,232,326,48,1
뼃,U+BF03,8,5,23,89,210,271,109,232,327,35,1
뼄,U+BF04,8,5,24,89,210,272,109,232,328,37,1
뼅,U+BF05,8,5,25,89,210,273,109,232,329,32,1
뼆,U+BF06,8,5,26,89,210,274,109,232,330,33,1
뼇,U+BF07,8,5,27,89,210,275,109,232,331,35,1
뼈,U+BF08,8,6,0,9,167,-1,9,189,-1,0,0
뼉,U+BF09,8,6,1,89,211,249,109,233,277,31,1
뼊,U+BF0A,8,6,2,89,211,250,109,233,278,31,1
뼋,U+BF0B,8,6,3,89,211,251,109,233,279,31,1
뼌,U+BF0C,8,6,4,89,211,252,109,233,280,31,1
뼍,U+BF0D,8,6,5,89,211,253,109,233,281,31,1
뼎,U+BF0E,8,6,6,89,211,254,109,233,282,31,1
뼏,U+BF0F,8,6,7,89,211,255,109,233,283,31,1
뼐,U+BF10,8,6,8,89,211,256,109,233,284,31,1
뼑,U+BF11,8,6,9,89,211,257,109,233,285,31,1
뼒,U+BF12,8,6,10,89,211,258,109,233,286,31,1
뼓,U+BF13,8,6,11,89,211,259,109,233,287,31,1
뼔,U+BF14,8,6,12,89,211,260,109,233,288,31,1
뼕,U+BF15,8,6,13,89,211,261,109,233,289,31,1
뼖,U+BF16,8,6,14,89,211,262,109,233,290,31,1
뼗,U+BF17,8,6,15,89,211,263,109,233,291,31,1
뼘,U+BF18,8,6,16,89,211,264,109,233,292,31,1
뼙,U+BF19,8,6,17,89,211,265,109,233,293,31,1
뼚,U+BF1A,8,6,18,89,211,266,109,233,294,31,1
뼛,U+BF1B,8,6,19,89,211,267,109,233,295,31,1
뼜,U+BF1C,8,6,20,89,211,268,109,233,296,31,1
뼝,U+BF1D,8,6,21,89,211,269,109,233,297,31,1
뼞,U+BF1E,8,6,22,89,211,270,109,233,298,31,1
뼟,U+BF1F,8,6,23,89,211,271,109,233,299,31,1
뼠,U+BF20,8,6,24,89,211,272,109,233,300,31,1
뼡,U+BF21,8,6,25,89,211,273,109,233,301,31,1
뼢,U+BF22,8,6,26,89,211,274,109,233,302,31,1
뼣,U+BF23,8,6,27,89,211,275,109,233,303,31,1
뼤,U+BF24,8,7,0,9,168,-1,9,190,-1,0,0
뼥,U+BF25,8,7,1,89,212,249,109,234,305,38,1
뼦,U+BF26,8,7,2,89,212,250,109,234,306,46,1
뼧,U+BF27,8,7,3,89,212,251,109,234,307,30,1
뼨,U+BF28,8,7,4,89,212,252,109,234,308,40,1
뼩,U+BF29,8,7,5,89,212,253,109,234,309,49,1
뼪,U+BF2A,8,7,6,89,212,254,109,234,310,42,1
뼫,U+BF2B,8,7,7,89,212,255,109,234,311,39,1
뼬,U+BF2C,8,7,8,89,212,256,109,234,312,34,1
뼭,U+BF2D,8,7,9,89,212,257,109,234,313,38,1
뼮,U+BF2E,8,7,10,89,212,258,109,234,314,29,1
뼯,U+BF2F,8,7,11,89,212,259,109,234,315,29,1
뼰,U+BF30,8,7,12,89,212,260,109,234,316,29,1
뼱,U+BF31,8,7,13,89,212,261,109,234,317,29,1
뼲,U+BF32,8,7,14,89,212,262,109,234,318,29,1
뼳,U+BF33,8,7,15,89,212,263,109,234,319,29,1
뼴,U+BF34,8,7,16,89,212,264,109,234,320,45,1
뼵,U+BF35,8,7,17,89,212,265,109,234,321,45,1
뼶,U+BF36,8,7,18,89,212,266,109,234,322,29,1
뼷,U+BF37,8,7,19,89,212,267,109,234,323,29,1
뼸,U+BF38,8,7,20,89,212,268,109,234,324,29,1
뼹,U+BF39,8,7,21,89,212,269,109,234,325,45,1
뼺,U+BF3A,8,7,22,89,212,270,109,234,326,48,1
뼻,U+BF3B,8,7,23,89,212,271,109,234,327,35,1
뼼,U+BF3C,8,7,24,89,212,272,109,234,328,37,1
뼽,U+BF3D,8,7,25,89,212,273,109,234,329,32,1
뼾,U+BF3E,8,7,26,89,212,274,109,234,330,33,1
뼿,U+BF3F,8,7,27,89,212,275,109,234,331,35,1
뽀,U+BF40,8,8,0,29,169,-1,29,191,-1,0,0
뽁,U+BF41,8,8,1,109,213,277,129,235,333,45,1
뽂,U+BF42,8,8,2,109,213,278,129,235,334,51,1
뽃,U+BF43,8,8,3,109,213,279,129,235,335,71,1
뽄,U+BF44,8,8,4,109,213,280,129,235,336,52,1
뽅,U+BF45,8,8,5,109,213,281,129,235,337,53,1
뽆,U+BF46,8,8,6,109,213,282,129,235,338,55,1
뽇,U+BF47,8,8,7,109,213,283,129,235,339,51,1
뽈,U+BF48,8,8,8,109,213,284,129,235,340,51,1
뽉,U+BF49,8,8,9,109,213,285,129,235,341,61,1
뽊,U+BF4A,8,8,10,109,213,286,129,235,342,59,1
뽋,U+BF4B,8,8,11,109,213,287,129,235,343,59,1
뽌,U+BF4C,8,8,12,109,213,288,129,235,344,73,1
뽍,U+BF4D,8,8,13,109,213,289,129,235,345,53,1
뽎,U+BF4E,8,8,14,109,213,290,129,235,346,59,1
뽏,U+BF4F,8,8,15,109,213,291,129,235,347,69,1
뽐,U+BF50,8,8,16,109,213,292,129,235,348,58,1
뽑,U+BF51,8,8,17,109,213,293,129,235,349,58,1
뽒,U+BF52,8,8,18,109,213,294,129,235,350,77,1
뽓,U+BF53,8,8,19,109,213,295,129,235,351,63,1
뽔,U+BF54,8,8,20,109,213,296,129,235,352,69,1
뽕,U+BF55,8,8,21,109,213,297,129,235,353,67,1
뽖,U+BF56,8,8,22,109,213,298,129,235,354,66,1
뽗,U+BF57,8,8,23,109,213,299,129,235,355,57,1
뽘,U+BF58,8,8,24,109,213,300,129,235,356,47,1
뽙,U+BF59,8,8,25,109,213,301,129,235,357,53,1
뽚,U+BF5A,8,8,26,109,213,302,129,235,358,65,1
뽛,U+BF5B,8,8,27,109,213,303,129,235,359,61,1
뽜,U+BF5C,8,9,0,69,170,-1,69,192,-1,0,0
뽝,U+BF5D,8,9,1,149,214,333,149,236,249,12,1
뽞,U+BF5E,8,9,2,149,214,334,149,236,250,18,1
뽟,U+BF5F,8,9,3,149,214,335,149,236,251,38,1
뽠,U+BF60,8,9,4,149,214,336,149,236,252,19,1
뽡,U+BF61,8,9,5,149,214,337,149,236,253,20,1
뽢,U+BF62,8,9,6,149,214,338,149,236,254,22,1
뽣,U+BF63,8,9,7,149,214,339,149,236,255,18,1
뽤,U+BF64,8,9,8,149,214,340,149,236,256,18,1
뽥,U+BF65,8,9,9,149,214,341,149,236,257,28,1
뽦,U+BF66,8,9,10,149,214,342,149,236,258,26,1
뽧,U+BF67,8,9,11,149,214,343,149,236,259,26,1
뽨,U+BF68,8,9,12,149,214,344,149,236,260,40,1
뽩,U+BF69,8,9,13,149,214,345,149,236,261,20,1
뽪,U+BF6A,8,9,14,149,214,346,149,236,262,26,1
뽫,U+BF6B,8,9,15,149,214,347,149,236,263,36,1
뽬,U+BF6C,8,9,16,149,214,348,149,236,264,25,1
뽭,U+BF6D,8,9,17,149,214,349,149,236,265,25,1
뽮,U+BF6E,8,9,18,149,214,350,149,236,266,44,1
뽯,U+BF6F,8,9,19,149,214,351,149,236,267,30,1
뽰,U+BF70,8,9,20,149,214,352,149,236,268,36,1
뽱,U+BF71,8,9,21,149,214,353,149,236,269,34,1
뽲,U+BF72,8,9,22,149,214,354,149,236,270,33,1
뽳,U+BF73,8,9,23,149,214,355,149,236,271,24,1
뽴,U+BF74,8,9,24,149,214,356,149,236,272,14,1
뽵,U+BF75,8,9,25,149,214,357,149,236,273,20,1
뽶,U+BF76,8,9,26,149,214,358,149,236,274,32,1
뽷,U+BF77,8,9,27,149,214,359,149,236,275,28,1
뽸,U+BF78,8,10,0,69,171,-1,69,193,-1,0,0
뽹,U+BF79,8,10,1,149,215,333,149,237,305,19,1
뽺,U+BF7A,8,10,2,149,215,334,149,237,306,31,1
뽻,U+BF7B,8,10,3,149,215,335,149,237,307,37,1
뽼,U+BF7C,8,10,4,149,215,336,149,237,308,24,1
뽽,U+BF7D,8,10,5,149,215,337,149,237,309,40,1
뽾,U+BF7E,8,10,6,149,215,338,149,237,310,33,1
뽿,U+BF7F,8,10,7,149,215,339,149,237,311,22,1
뾀,U+BF80,8,10,8,149,215,340,149,237,312,23,1
뾁,U+BF81,8,10,9,149,215,341,149,237,313,35,1
뾂,U+BF82,8,10,10,149,215,342,149,237,314,26,1
뾃,U+BF83,8,10,11,149,215,343,149,237,315,26,1
뾄,U+BF84,8,10,12,149,215,344,149,237,316,40,1
뾅,U+BF85,8,10,13,149,215,345,149,237,317,20,1
뾆,U+BF86,8,10,14,149,215,346,149,237,318,26,1
뾇,U+BF87,8,10,15,149,215,347,149,237,319,36,1
뾈,U+BF88,8,10,16,149,215,348,149,237,320,35,1
뾉,U+BF89,8,10,17,149,215,349,149,237,321,35,1
뾊,U+BF8A,8,10,18,149,215,350,149,237,322,44,1
뾋,U+BF8B,8,10,19,149,215,351,149,237,323,30,1
뾌,U+BF8C,8,10,20,149,215,352,149,237,324,36,1
뾍,U+BF8D,8,10,21,149,215,353,149,237,325,38,1
뾎,U+BF8E,8,10,22,149,215,354,149,237,326,22,1
뾏,U+BF8F,8,10,23,149,215,355,149,237,327,26,1
뾐,U+BF90,8,10,24,149,215,356,149,237,328,20,1
뾑,U+BF91,8,10,25,149,215,357,149,237,329,23,1
뾒,U+BF92,8,10,26,149,215,358,149,237,330,32,1
뾓,U+BF93,8,10,27,149,215,359,149,237,331,32,1
뾔,U+BF94,8,11,0,69,172,-1,69,194,-1,0,0
뾕,U+BF95,8,11,1,149,216,333,149,238,277,12,1
뾖,U+BF96,8,11,2,149,216,334,149,238,278,18,1
뾗,U+BF97,8,11,3,149,216,335,149,238,279,38,1
뾘,U+BF98,8,11,4,149,216,336,149,238,280,19,1
뾙,U+BF99,8,11,5,149,216,337,149,238,281,20,1
뾚,U+BF9A,8,11,6,149,216,338,149,238,282,22,1
뾛,U+BF9B,8,11,7,149,216,339,149,238,283,18,1
뾜,U+BF9C,8,11,8,149,216,340,149,238,284,18,1
뾝,U+BF9D,8,11,9,149,216,341,149,238,285,28,1
뾞,U+BF9E,8,11,10,149,216,342,149,238,286,26,1
뾟,U+BF9F,8,11,11,149,216,343,149,238,287,26,1
뾠,U+BFA0,8,11,12,149,216,344,149,238,288,40,1
뾡,U+BFA1,8,11,13,149,216,345,149,238,289,20,1
뾢,U+BFA2,8,11,14,149,216,346,149,238,290,26,1
뾣,U+BFA3,8,11,15,149,216,347,149,238,291,36,1
뾤,U+BFA4,8,11,16,149,216,348,149,238,292,25,1
뾥,U+BFA5,8,11,17,149,216,349,149,238,293,25,1
뾦,U+BFA6,8,11,18,149,216,350,149,238,294,44,1
뾧,U+BFA7,8,11,19,149,216,351,149,238,295,30,1
뾨,U+BFA8,8,11,20,149,216,352,149,238,296,36,1
뾩,U+BFA9,8,11,21,149,216,353,149,238,297,34,1
뾪,U+BFAA,8,11,22,149,216,354,149,238,298,33,1
뾫,U+BFAB,8,11,23,149,216,355,149,238,299,24,1
뾬,U+BFAC,8,11,24,149,216,356,149,238,300,14,1
뾭,U+BFAD,8,11,25,149,216,357,149,238,301,20,1
뾮,U+BFAE,8,11,26,149,216,358,149,238,302,32,1
뾯,U+BFAF,8,11,27,149,216,359,149,238,303,28,1
뾰,U+BFB0,8,12,0,29,173,-1,29,195,-1,0,0
뾱,U+BFB1,8,12,1,109,217,277,129,239,333,46,1
뾲,U+BFB2,8,12,2,109,217,278,129,239,334,52,1
뾳,U+BFB3,8,12,3,109,217,279,129,239,335,72,1
뾴,U+BFB4,8,12,4,109,217,280,129,239,336,53,1
뾵,U+BFB5,8,12,5,109,217,281,129,239,337,54,1
뾶,U+BFB6,8,12,6,109,217,282,129,239,338,56,1
뾷,U+BFB7,8,12,7,109,217,283,129,239,339,52,1
뾸,U+BFB8,8,12,8,109,217,284,129,239,340,52,1
뾹,U+BFB9,8,12,9,109,217,285,129,239,341,62,1
뾺,U+BFBA,8,12,10,109,217,286,129,239,342,60,1
뾻,U+BFBB,8,12,11,109,217,287,129,239,343,60,1
뾼,U+BFBC,8,12,12,109,217,288,129,239,344,74,1
뾽,U+BFBD,8,12,13,109,217,289,129,239,345,54,1
뾾,U+BFBE,8,12,14,109,217,290,129,239,346,60,1
뾿,U+BFBF,8,12,15,109,217,291,129,239,347,70,1
뿀,U+BFC0,8,12,16,109,217,292,129,239,348,59,1
뿁,U+BFC1,8,12,17,109,217,293,129,239,349,59,1
뿂,U+BFC2,8,12,18,109,217,294,129,239,350,78,1
뿃,U+BFC3,8,12,19,109,217,295,129,239,351,64,1
뿄,U+BFC4,8,12,20,109,217,296,129,239,352,70,1
뿅,U+BFC5,8,12,21,109,217,297,129,239,353,68,1
뿆,U+BFC6,8,12,22,109,217,298,129,239,354,67,1
뿇,U+BFC7,8,12,23,109,217,299,129,239,355,58,1
뿈,U+BFC8,8,12,24,109,217,300,129,239,356,48,1
뿉,U+BFC9,8,12,25,109,217,301,129,239,357,54,1
뿊,U+BFCA,8,12,26,109,217,302,129,239,358,66,1
뿋,U+BFCB,8,12,27,109,217,303,129,239,359,62,1
뿌,U+BFCC,8,13,0,49,174,-1,49,196,-1,0,0
뿍,U+BFCD,8,13,1,129,218,305,129,240,333,19,1
뿎,U+BFCE,8,13,2,129,218,306,129,240,334,31,1
뿏,U+BFCF,8,13,3,129,218,307,129,240,335,37,1
뿐,U+BFD0,8,13,4,129,218,308,129,240,336,23,1
뿑,U+BFD1,8,13,5,129,218,309,129,240,337,39,1
뿒,U+BFD2,8,13,6,129,218,310,129,240,338,33,1
뿓,U+BFD3,8,13,7,129,218,311,129,240,339,22,1
뿔,U+BFD4,8,13,8,129,218,312,129,240,340,23,1
뿕,U+BFD5,8,13,9,129,218,313,129,240,341,35,1
뿖,U+BFD6,8,13,10,129,218,314,129,240,342,26,1
뿗,U+BFD7,8,13,11,129,218,315,129,240,343,26,1
뿘,U+BFD8,8,13,12,129,218,316,129,240,344,40,1
뿙,U+BFD9,8,13,13,129,218,317,129,240,345,20,1
뿚,U+BFDA,8,13,14,129,218,318,129,240,346,26,1
뿛,U+BFDB,8,13,15,129,218,319,129,240,347,36,1
뿜,U+BFDC,8,13,16,129,218,320,129,240,348,35,1
뿝,U+BFDD,8,13,17,129,218,321,129,240,349,34,1
뿞,U+BFDE,8,13,18,129,218,322,129,240,350,43,1
뿟,U+BFDF,8,13,19,129,218,323,129,240,351,29,1
뿠,U+BFE0,8,13,20,129,218,324,129,240,352,35,1
뿡,U+BFE1,8,13,21,129,218,325,129,240,353,37,1
뿢,U+BFE2,8,13,22,129,218,326,129,240,354,22,1
뿣,U+BFE3,8,13,23,129,218,327,129,240,355,25,1
뿤,U+BFE4,8,13,24,129,218,328,129,240,356,20,1
뿥,U+BFE5,8,13,25,129,218,329,129,240,357,23,1
뿦,U+BFE6,8,13,26,129,218,330,129,240,358,32,1
뿧,U+BFE7,8,13,27,129,218,331,129,240,359,31,1
뿨,U+BFE8,8,14,0,69,175,-1,89,197,-1,0,0
뿩,U+BFE9,8,14,1,149,219,333,149,241,277,12,1
뿪,U+BFEA,8,14,2,149,219,334,149,241,278,18,1
뿫,U+BFEB,8,14,3,149,219,335,149,241,279,38,1
뿬,U+BFEC,8,14,4,149,219,336,149,241,280,19,1
뿭,U+BFED,8,14,5,149,219,337,149,241,281,20,1
뿮,U+BFEE,8,14,6,149,219,338,149,241,282,22,1
뿯,U+BFEF,8,14,7,149,219,339,149,241,283,18,1
뿰,U+BFF0,8,14,8,149,219,340,149,241,284,18,1
뿱,U+BFF1,8,14,9,149,219,341,149,241,285,28,1
뿲,U+BFF2,8,14,10,149,219,342,149,241,286,26,1
뿳,U+BFF3,8,14,11,149,219,343,149,241,287,26,1
뿴,U+BFF4,8,14,12,149,219,344,149,241,288,40,1
뿵,U+BFF5,8,14,13,149,219,345,149,241,289,20,1
뿶,U+BFF6,8,14,14,149,219,346,149,241,290,26,1
뿷,U+BFF7,8,14,15,149,219,347,149,241,291,36,1
뿸,U+BFF8,8,14,16,149,219,348,149,241,292,25,1
뿹,U+BFF9,8,14,17,149,219,349,149,241,293,25,1
뿺,U+BFFA,8,14,18,149,219,350,149,241,294,44,1
뿻,U+BFFB,8,14,19,149,219,351,149,241,295,30,1
뿼,U+BFFC,8,14,20,149,219,352,149,241,296,36,1
뿽,U+BFFD,8,14,21,149,219,353,149,241,297,34,1
뿾,U+BFFE,8,14,22,149,219,354,149,241,298,33,1
뿿,U+BFFF,8,14,23,149,219,355,149,241,299,24,1
쀀,U+C000,8,14,24,149,219,356,149,241,300,14,1
쀁,U+C001,8,14,25,149,219,357,149,241,301,20,1
쀂,U+C002,8,14,26,149,219,358,149,241,302,32,1
쀃,U+C003,8,14,27,149,219,359,149,241,303,28,1
쀄,U+C004,8,15,0,69,176,-1,89,198,-1,0,0
쀅,U+C005,8,15,1,149,220,333,149,242,305,19,1
쀆,U+C006,8,15,2,149,220,334,149,242,306,31,1
쀇,U+C007,8,15,3,149,220,335,149,242,307,37,1
쀈,U+C008,8,15,4,149,220,336,149,242,308,24,1
쀉,U+C009,8,15,5,149,220,337,149,242,309,40,1
쀊,U+C00A,8,15,6,149,220,338,149,242,310,33,1
쀋,U+C00B,8,15,7,149,220,339,149,242,311,22,1
쀌,U+C00C,8,15,8,149,220,340,149,242,312,23,1
쀍,U+C00D,8,15,9,149,220,341,149,242,313,35,1
쀎,U+C00E,8,15,10,149,220,342,149,242,314,26,1
쀏,U+C00F,8,15,11,149,220,343,149,242,315,26,1
쀐,U+C010,8,15,12,149,220,344,149,242,316,40,1
쀑,U+C011,8,15,13,149,220,345,149,242,317,20,1
쀒,U+C012,8,15,14,149,220,346,149,242,318,26,1
쀓,U+C013,8,15,15,149,220,347,149,242,319,36,1
쀔,U+C014,8,15,16,149,220,348,149,242,320,35,1
쀕,U+C015,8,15,17,149,220,349,149,242,321,35,1
쀖,U+C016,8,15,18,149,220,350,149,242,322,44,1
쀗,U+C017,8,15,19,149,220,351,149,242,323,30,1
쀘,U+C018,8,15,20,149,220,352,149,242,324,36,1
쀙,U+C019,8,15,21,149,220,353,149,242,325,38,1
쀚,U+C01A,8,15,22,149,220,354,149,242,326,22,1
쀛,U+C01B,8,15,23,149,220,355,149,242,327,26,1
쀜,U+C01C,8,15,24,149,220,356,149,242,328,20,1
쀝,U+C01D,8,15,25,149,220,357,149,242,329,23,1
쀞,U+C01E,8,15,26,149,220,358,149,242,330,32,1
쀟,U+C01F,8,15,27,149,220,359,149,242,331,32,1
쀠,U+C020,8,16,0,69,177,-1,89,199,-1,0,0
쀡,U+C021,8,16,1,149,221,333,149,243,277,12,1
쀢,U+C022,8,16,2,149,221,334,149,243,278,18,1
쀣,U+C023,8,16,3,149,221,335,149,243,279,38,1
쀤,U+C024,8,16,4,149,221,336,149,243,280,19,1
쀥,U+C025,8,16,5,149,221,337,149,243,281,20,1
쀦,U+C026,8,16,6,149,221,338,149,243,282,22,1
쀧,U+C027,8,16,7,149,221,339,149,243,283,18,1
쀨,U+C028,8,16,8,149,221,340,149,243,284,18,1
쀩,U+C029,8,16,9,149,221,341,149,243,285,28,1
쀪,U+C02A,8,16,10,149,221,342,149,243,286,26,1
쀫,U+C02B,8,16,11,149,221,343,149,243,287,26,1
쀬,U+C02C,8,16,12,149,221,344,149,243,288,40,1
쀭,U+C02D,8,16,13,149,221,345,149,243,289,20,1
쀮,U+C02E,8,16,14,149,221,346,149,243,290,26,1
쀯,U+C02F,8,16,15,149,221,347,149,243,291,36,1
쀰,U+C030,8,16,16,149,221,348,149,243,292,25,1
쀱,U+C031,8,16,17,149,221,349,149,243,293,25,1
쀲,U+C032,8,16,18,149,221,350,149,243,294,44,1
쀳,U+C033,8,16,19,149,221,351,149,243,295,30,1
쀴,U+C034,8,16,20,149,221,352,149,243,296,36,1
쀵,U+C035,8,16,21,149,221,353,149,243,297,34,1
쀶,U+C036,8,16,22,149,221,354,149,243,298,33,1
쀷,U+C037,8,16,23,149,221,355,149,243,299,24,1
쀸,U+C038,8,16,24,149,221,356,149,243,300,14,1
쀹,U+C039,8,16,25,149,221,357,149,243,301,20,1
쀺,U+C03A,8,16,26,149,221,358,149,243,302,32,1
쀻,U+C03B,8,16,27,149,221,359,149,243,303,28,1
쀼,U+C03C,8,17,0,49,178,-1,49,200,-1,0,0
쀽,U+C03D,8,17,1,129,222,305,129,244,333,18,1
쀾,U+C03E,8,17,2,129,222,306,129,244,334,31,1
쀿,U+C03F,8,17,3,129,222,307,129,244,335,36,1
쁀,U+C040,8,17,4,129,222,308,129,244,336,23,1
쁁,U+C041,8,17,5,129,222,309,129,244,337,39,1
쁂,U+C042,8,17,6,129,222,310,129,244,338,33,1
쁃,U+C043,8,17,7,129,222,311,129,244,339,21,1
쁄,U+C044,8,17,8,129,222,312,129,244,340,22,1
쁅,U+C045,8,17,9,129,222,313,129,244,341,35,1
쁆,U+C046,8,17,10,129,222,314,129,244,342,25,1
쁇,U+C047,8,17,11,129,222,315,129,244,343,25,1
쁈,U+C048,8,17,12,129,222,316,129,244,344,39,1
쁉,U+C049,8,17,13,129,222,317,129,244,345,19,1
쁊,U+C04A,8,17,14,129,222,318,129,244,346,25,1
쁋,U+C04B,8,17,15,129,222,319,129,244,347,35,1
쁌,U+C04C,8,17,16,129,222,320,129,244,348,34,1
쁍,U+C04D,8,17,17,129,222,321,129,244,349,34,1
쁎,U+C04E,8,17,18,129,222,322,129,244,350,42,1
쁏,U+C04F,8,17,19,129,222,323,129,244,351,29,1
쁐,U+C050,8,17,20,129,222,324,129,244,352,36,1
쁑,U+C051,8,17,21,129,222,325,129,244,353,37,1
쁒,U+C052,8,17,22,129,222,326,129,244,354,22,1
쁓,U+C053,8,17,23,129,222,327,129,244,355,25,1
쁔,U+C054,8,17,24,129,222,328,129,244,356,19,1
쁕,U+C055,8,17,25,129,222,329,129,244,357,22,1
쁖,U+C056,8,17,26,129,222,330,129,244,358,32,1
쁗,U+C057,8,17,27,129,222,331,129,244,359,32,1
쁘,U+C058,8,18,0,29,179,-1,29,201,-1,0,0
쁙,U+C059,8,18,1,109,223,277,129,245,333,48,1
쁚,U+C05A,8,18,2,109,223,278,129,245,334,54,1
쁛,U+C05B,8,18,3,109,223,279,129,245,335,74,1
쁜,U+C05C,8,18,4,109,223,280,129,245,336,55,1
쁝,U+C05D,8,18,5,109,223,281,129,245,337,56,1
쁞,U+C05E,8,18,6,109,223,282,129,245,338,58,1
쁟,U+C05F,8,18,7,109,223,283,129,245,339,54,1
쁠,U+C060,8,18,8,109,223,284,129,245,340,54,1
쁡,U+C061,8,18,9,109,223,285,129,245,341,64,1
쁢,U+C062,8,18,10,109,223,286,129,245,342,62,1
쁣,U+C063,8,18,11,109,223,287,129,245,343,62,1
쁤,U+C064,8,18,12,109,223,288,129,245,344,76,1
쁥,U+C065,8,18,13,109,223,289,129,245,345,56,1
쁦,U+C066,8,18,14,109,223,290,129,245,346,62,1
쁧,U+C067,8,18,15,109,223,291,129,245,347,72,1
쁨,U+C068,8,18,16,109,223,292,129,245,348,61,1
쁩,U+C069,8,18,17,109,223,293,129,245,349,61,1
쁪,U+C06A,8,18,18,109,223,294,129,245,350,80,1
쁫,U+C06B,8,18,19,109,223,295,129,245,351,66,1
쁬,U+C06C,8,18,20,109,223,296,129,245,352,72,1
쁭,U+C06D,8,18,21,109,223,297,129,245,353,70,1
쁮,U+C06E,8,18,22,109,223,298,129,245,354,69,1
쁯,U+C06F,8,18,23,109,223,299,129,245,355,60,1
쁰,U+C070,8,18,24,109,223,300,129,245,356,50,1
쁱,U+C071,8,18,25,109,223,301,129,245,357,56,1
쁲,U+C072,8,18,26,109,223,302,129,245,358,68,1
쁳,U+C073,8,18,27,109,223,303,129,245,359,64,1
쁴,U+C074,8,19,0,69,180,-1,69,202,-1,0,0
쁵,U+C075,8,19,1,149,224,333,149,246,277,12,1
쁶,U+C076,8,19,2,149,224,334,149,246,278,18,1
쁷,U+C077,8,19,3,149,224,335,149,246,279,38,1
쁸,U+C078,8,19,4,149,224,336,149,246,280,19,1
쁹,U+C079,8,19,5,149,224,337,149,246,281,20,1
쁺,U+C07A,8,19,6,149,224,338,149,246,282,22,1
쁻,U+C07B,8,19,7,149,224,339,149,246,283,18,1
쁼,U+C07C,8,19,8,149,224,340,149,246,284,18,1
쁽,U+C07D,8,19,9,149,224,341,149,246,285,28,1
쁾,U+C07E,8,19,10,149,224,342,149,246,286,26,1
쁿,U+C07F,8,19,11,149,224,343,149,246,287,26,1
삀,U+C080,8,19,12,149,224,344,149,246,288,40,1
삁,U+C081,8,19,13,149,224,345,149,246,289,20,1
삂,U+C082,8,19,14,149,224,346,149,246,290,26,1
삃,U+C083,8,19,15,149,224,347,149,246,291,36,1
삄,U+C084,8,19,16,149,224,348,149,246,292,25,1
삅,U+C085,8,19,17,149,224,349,149,246,293,25,1
삆,U+C086,8,19,18,149,224,350,149,246,294,44,1
삇,U+C087,8,19,19,149,224,351,149,246,295,30,1
삈,U+C088,8,19,20,149,224,352,149,246,296,36,1
삉,U+C089,8,19,21,149,224,353,149,246,297,34,1
삊,U+C08A,8,19,22,149,224,354,149,246,298,33,1
삋,U+C08B,8,19,23,149,224,355,149,246,299,24,1
삌,U+C08C,8,19,24,149,224,356,149,246,300,14,1
삍,U+C08D,8,19,25,149,224,357,149,246,301,20,1
삎,U+C08E,8,19,26,149,224,358,149,246,302,32,1
삏,U+C08F,8,19,27,149,224,359,149,246,303,28,1
삐,U+C090,8,20,0,9,181,-1,9,203,-1,0,0
삑,U+C091,8,20,1,89,225,249,109,247,277,31,1
삒,U+C092,8,20,2,89,225,250,109,247,278,31,1
삓,U+C093,8,20,3,89,225,251,109,247,279,31,1
삔,U+C094,8,20,4,89,225,252,109,247,280,31,1
삕,U+C095,8,20,5,89,225,253,109,247,281,31,1
삖,U+C096,8,20,6,89,225,254,109,247,282,31,1
삗,U+C097,8,20,7,89,225,255,109,247,283,31,1
삘,U+C098,8,20,8,89,225,256,109,247,284,31,1
삙,U+C099,8,20,9,89,225,257,109,247,285,31,1
삚,U+C09A,8,20,10,89,225,258,109,247,286,31,1
삛,U+C09B,8,20,11,89,225,259,109,247,287,31,1
삜,U+C09C,8,20,12,89,225,260,109,247,288,31,1
삝,U+C09D,8,20,13,89,225,261,109,247,289,31,1
삞,U+C09E,8,20,14,89,225,262,109,247,290,31,1
삟,U+C09F,8,20,15,89,225,263,109,247,291,31,1
삠,U+C0A0,8,20,16,89,225,264,109,247,292,31,1
삡,U+C0A1,8,20,17,89,225,265,109,247,293,31,1
삢,U+C0A2,8,20,18,89,225,266,109,247,294,31,1
삣,U+C0A3,8,20,19,89,225,267,109,247,295,31,1
삤,U+C0A4,8,20,20,89,225,268,109,247,296,31,1
삥,U+C0A5,8,20,21,89,225,269,109,247,297,31,1
삦,U+C0A6,8,20,22,89,225,270,109,247,298,31,1
삧,U+C0A7,8,20,23,89,225,271,109,247,299,31,1
삨,U+C0A8,8,20,24,89,225,272,109,247,300,31,1
삩,U+C0A9,8,20,25,89,225,273,109,247,301,31,1
삪,U+C0AA,8,20,26,89,225,274,109,247,302,31,1
삫,U+C0AB,8,20,27,89,225,275,109,247,303,31,1
사,U+C0AC,9,0,0,10,161,-1,10,183,-1,0,0
삭,U+C0AD,9,0,1,90,205,249,110,227,249,18,1
삮,U+C0AE,9,0,2,90,205,250,110,227,250,18,1
삯,U+C0AF,9,0,3,90,205,251,110,227,251,18,1
산,U+C0B0,9,0,4,90,205,252,110,227,252,18,1
삱,U+C0B1,9,0,5,90,205,253,110,227,253,18,1
삲,U+C0B2,9,0,6,90,205,254,110,227,254,18,1
삳,U+C0B3,9,0,7,90,205,255,110,227,255,18,1
살,U+C0B4,9,0,8,90,205,256,110,227,256,18,1
삵,U+C0B5,9,0,9,90,205,257,110,227,257,18,1
삶,U+C0B6,9,0,10,90,205,258,110,227,258,18,1
삷,U+C0B7,9,0,11,90,205,259,110,227,259,18,1
삸,U+C0B8,9,0,12,90,205,260,110,227,260,18,1
삹,U+C0B9,9,0,13,90,205,261,110,227,261,18,1
삺,U+C0BA,9,0,14,90,205,262,110,227,262,18,1
삻,U+C0BB,9,0,15,90,205,263,110,227,263,18,1
삼,U+C0BC,9,0,16,90,205,264,110,227,264,18,1
삽,U+C0BD,9,0,17,90,205,265,110,227,265,18,1
삾,U+C0BE,9,0,18,90,205,266,110,227,266,18,1
삿,U+C0BF,9,0,19,90,205,267,110,227,267,18,1
샀,U+C0C0,9,0,20,90,205,268,110,227,268,18,1
상,U+C0C1,9,0,21,90,205,269,110,227,269,18,1
샂,U+C0C2,9,0,22,90,205,270,110,227,270,18,1
샃,U+C0C3,9,0,23,90,205,271,110,227,271,18,1
샄,U+C0C4,9,0,24,90,205,272,110,227,272,18,1
샅,U+C0C5,9,0,25,90,205,273,110,227,273,18,1
샆,U+C0C6,9,0,26,90,205,274,110,227,274,18,1
샇,U+C0C7,9,0,27,90,205,275,110,227,275,18,1
새,U+C0C8,9,1,0,10,162,-1,10,184,-1,0,0
색,U+C0C9,9,1,1,90,206,249,110,228,305,27,1
샊,U+C0CA,9,1,2,90,206,250,110,228,306,35,1
샋,U+C0CB,9,1,3,90,206,251,110,228,307,19,1
샌,U+C0CC,9,1,4,90,206,252,110,228,308,29,1
샍,U+C0CD,9,1,5,90,206,253,110,228,309,38,1
샎,U+C0CE,9,1,6,90,206,254,110,228,310,31,1
샏,U+C0CF,9,1,7,90,206,255,110,228,311,28,1
샐,U+C0D0,9,1,8,90,206,256,110,228,312,23,1
샑,U+C0D1,9,1,9,90,206,257,110,228,313,27,1
샒,U+C0D2,9,1,10,90,206,258,110,228,314,18,1
샓,U+C0D3,9,1,11,90,206,259,110,228,315,18,1
샔,U+C0D4,9,1,12,90,206,260,110,228,316,18,1
샕,U+C0D5,9,1,13,90,206,261,110,228,317,18,1
샖,U+C0D6,9,1,14,90,206,262,110,228,318,18,1
샗,U+C0D7,9,1,15,90,206,263,110,228,319,18,1
샘,U+C0D8,9,1,16,90,206,264,110,228,320,34,1
샙,U+C0D9,9,1,17,90,206,265,110,228,321,34,1
샚,U+C0DA,9,1,18,90,206,266,110,228,322,18,1
샛,U+C0DB,9,1,19,90,206,267,110,228,323,18,1
샜,U+C0DC,9,1,20,90,206,268,110,228,324,18,1
생,U+C0DD,9,1,21,90,206,269,110,228,325,34,1
샞,U+C0DE,9,1,22,90,206,270,110,228,326,37,1
샟,U+C0DF,9,1,23,90,206,271,110,228,327,24,1
샠,U+C0E0,9,1,24,90,206,272,110,228,328,26,1
샡,U+C0E1,9,1,25,90,206,273,110,228,329,21,1
샢,U+C0E2,9,1,26,90,206,274,110,228,330,22,1
샣,U+C0E3,9,1,27,90,206,275,110,228,331,24,1
샤,U+C0E4,9,2,0,10,163,-1,10,185,-1,0,0
샥,U+C0E5,9,2,1,90,207,249,110,229,249,18,1
샦,U+C0E6,9,2,2,90,207,250,110,229,250,18,1
샧,U+C0E7,9,2,3,90,207,251,110,229,251,18,1
샨,U+C0E8,9,2,4,90,207,252,110,229,252,18,1
샩,U+C0E9,9,2,5,90,207,253,110,229,253,18,1
샪,U+C0EA,9,2,6,90,207,254,110,229,254,18,1
샫,U+C0EB,9,2,7,90,207,255,110,229,255,18,1
샬,U+C0EC,9,2,8,90,207,256,110,229,256,18,1
샭,U+C0ED,9,2,9,90,207,257,110,229,257,18,1
샮,U+C0EE,9,2,10,90,207,258,110,229,258,18,1
샯,U+C0EF,9,2,11,90,207,259,110,229,259,18,1
샰,U+C0F0,9,2,12,90,207,260,110,229,260,18,1
샱,U+C0F1,9,2,13,90,207,261,110,229,261,18,1
샲,U+C0F2,9,2,14,90,207,262,110,229,262,18,1
샳,U+C0F3,9,2,15,90,207,263,110,229,263,18,1
샴,U+C0F4,9,2,16,90,207,264,110,229,264,18,1
샵,U+C0F5,9,2,17,90,207,265,110,229,265,18,1
샶,U+C0F6,9,2,18,90,207,266,110,229,266,18,1
샷,U+C0F7,9,2,19,90,207,267,110,229,267,18,1
샸,U+C0F8,9,2,20,90,207,268,110,229,268,18,1
샹,U+C0F9,9,2,21,90,207,269,110,229,269,18,1
샺,U+C0FA,9,2,22,90,207,270,110,229,270,18,1
샻,U+C0FB,9,2,23,90,207,271,110,229,271,18,1
샼,U+C0FC,9,2,24,90,207,272,110,229,272,18,1
샽,U+C0FD,9,2,25,90,207,273,110,229,273,18,1
샾,U+C0FE,9,2,26,90,207,274,110,229,274,18,1
샿,U+C0FF,9,2,27,90,207,275,110,229,275,18,1
섀,U+C100,9,3,0,10,164,-1,10,186,-1,0,0
섁,U+C101,9,3,1,90,208,249,110,230,305,27,1
섂,U+C102,9,3,2,90,208,250,110,230,306,35,1
섃,U+C103,9,3,3,90,208,251,110,230,307,19,1
섄,U+C104,9,3,4,90,208,252,110,230,308,29,1
섅,U+C105,9,3,5,90,208,253,110,230,309,38,1
섆,U+C106,9,3,6,90,208,254,110,230,310,31,1
섇,U+C107,9,3,7,90,208,255,110,230,311,28,1
섈,U+C108,9,3,8,90,208,256,110,230,312,23,1
섉,U+C109,9,3,9,90,208,257,110,230,313,27,1
섊,U+C10A,9,3,10,90,208,258,110,230,314,18,1
섋,U+C10B,9,3,11,90,208,259,110,230,315,18,1
섌,U+C10C,9,3,12,90,208,260,110,230,316,18,1
섍,U+C10D,9,3,13,90,208,261,110,230,317,18,1
섎,U+C10E,9,3,14,90,208,262,110,230,318,18,1
섏,U+C10F,9,3,15,90,208,263,110,230,319,18,1
섐,U+C110,9,3,16,90,208,264,110,230,320,34,1
섑,U+C111,9,3,17,90,208,265,110,230,321,34,1
섒,U+C112,9,3,18,90,208,266,110,230,322,18,1
섓,U+C113,9,3,19,90,208,267,110,230,323,18,1
섔,U+C114,9,3,20,90,208,268,110,230,324,18,1
섕,U+C115,9,3,21,90,208,269,110,230,325,34,1
섖,U+C116,9,3,22,90,208,270,110,230,326,37,1
섗,U+C117,9,3,23,90,208,271,110,230,327,24,1
섘,U+C118,9,3,24,90,208,272,110,230,328,26,1
섙,U+C119,9,3,25,90,208,273,110,230,329,21,1
섚,U+C11A,9,3,26,90,208,274,110,230,330,22,1
섛,U+C11B,9,3,27,90,208,275,110,230,331,24,1
서,U+C11C,9,4,0,10,165,-1,10,187,-1,0,0
석,U+C11D,9,4,1,90,209,249,110,231,277,18,1
섞,U+C11E,9,4,2,90,209,250,110,231,278,18,1
섟,U+C11F,9,4,3,90,209,251,110,231,279,18,1
선,U+C120,9,4,4,90,209,252,110,231,280,18,1
섡,U+C121,9,4,5,90,209,253,110,231,281,18,1
섢,U+C122,9,4,6,90,209,254,110,231,282,18,1
섣,U+C123,9,4,7,90,209,255,110,231,283,18,1
설,U+C124,9,4,8,90,209,256,110,231,284,18,1
섥,U+C125,9,4,9,90,209,257,110,231,285,18,1
섦,U+C126,9,4,10,90,209,258,110,231,286,18,1
섧,U+C127,9,4,11,90,209,259,110,231,287,18,1
섨,U+C128,9,4,12,90,209,260,110,231,288,18,1
섩,U+C129,9,4,13,90,209,261,110,231,289,18,1
섪,U+C12A,9,4,14,90,209,262,110,231,290,18,1
섫,U+C12B,9,4,15,90,209,263,110,231,291,18,1
섬,U+C12C,9,4,16,90,209,264,110,231,292,18,1
섭,U+C12D,9,4,17,90,209,265,110,231,293,18,1
섮,U+C12E,9,4,18,90,209,266,110,231,294,18,1
섯,U+C12F,9,4,19,90,209,267,110,231,295,18,1
섰,U+C130,9,4,20,90,209,268,110,231,296,18,1
성,U+C131,9,4,21,90,209,269,110,231,297,18,1
섲,U+C132,9,4,22,90,209,270,110,231,298,18,1
섳,U+C133,9,4,23,90,209,271,110,231,299,18,1
섴,U+C134,9,4,24,90,209,272,110,231,300,18,1
섵,U+C135,9,4,25,90,209,273,110,231,301,18,1
섶,U+C136,9,4,26,90,209,274,110,231,302,18,1
섷,U+C137,9,4,27,90,209,275,110,231,303,18,1
세,U+C138,9,5,0,10,166,-1,10,188,-1,0,0
섹,U+C139,9,5,1,90,210,249,110,232,305,25,1
섺,U+C13A,9,5,2,90,210,250,110,232,306,33,1
섻,U+C13B,9,5,3,90,210,251,110,232,307,17,1
센,U+C13C,9,5,4,90,210,252,110,232,308,27,1
섽,U+C13D,9,5,5,90,210,253,110,232,309,36,1
섾,U+C13E,9,5,6,90,210,254,110,232,310,29,1
섿,U+C13F,9,5,7,90,210,255,110,232,311,26,1
셀,U+C140,9,5,8,90,210,256,110,232,312,21,1
셁,U+C141,9,5,9,90,210,257,110,232,313,25,1
셂,U+C142,9,5,10,90,210,258,110,232,314,16,1
셃,U+C143,9,5,11,90,210,259,110,232,315,16,1
셄,U+C144,9,5,12,90,210,260,110,232,316,16,1
셅,U+C145,9,5,13,90,210,261,110,232,317,16,1
셆,U+C146,9,5,14,90,210,262,110,232,318,16,1
셇,U+C147,9,5,15,90,210,263,110,232,319,16,1
셈,U+C148,9,5,16,90,210,264,110,232,320,32,1
셉,U+C149,9,5,17,90,210,265,110,232,321,32,1
셊,U+C14A,9,5,18,90,210,266,110,232,322,16,1
셋,U+C14B,9,5,19,90,210,267,110,232,323,16,1
셌,U+C14C,9,5,20,90,210,268,110,232,324,16,1
셍,U+C14D,9,5,21,90,210,269,110,232,325,32,1
셎,U+C14E,9,5,22,90,210,270,110,232,326,35,1
셏,U+C14F,9,5,23,90,210,271,110,232,327,22,1
셐,U+C150,9,5,24,90,210,272,110,232,328,24,1
셑,U+C151,9,5,25,90,210,273,110,232,329,19,1
셒,U+C152,9,5,26,90,210,274,110,232,330,20,1
셓,U+C153,9,5,27,90,210,275,110,232,331,22,1
셔,U+C154,9,6,0,10,167,-1,10,189,-1,0,0
셕,U+C155,9,6,1,90,211,249,110,233,277,17,1
셖,U+C156,9,6,2,90,211,250,110,233,278,17,1
셗,U+C157,9,6,3,90,211,251,110,233,279,17,1
션,U+C158,9,6,4,90,211,252,110,233,280,17,1
셙,U+C159,9,6,5,90,211,253,110,233,281,17,1
셚,U+C15A,9,6,6,90,211,254,110,233,282,17,1
셛,U+C15B,9,6,7,90,211,255,110,233,283,17,1
셜,U+C15C,9,6,8,90,211,256,110,233,284,17,1
셝,U+C15D,9,6,9,90,211,257,110,233,285,17,1
셞,U+C15E,9,6,10,90,211,258,110,233,286,17,1
셟,U+C15F,9,6,11,90,211,259,110,233,287,17,1
셠,U+C160,9,6,12,90,211,260,110,233,288,17,1
셡,U+C161,9,6,13,90,211,261,110,233,289,17,1
셢,U+C162,9,6,14,90,211,262,110,233,290,17,1
셣,U+C163,9,6,15,90,211,263,110,233,291,17,1
셤,U+C164,9,6,16,90,211,264,110,233,292,17,1
셥,U+C165,9,6,17,90,211,265,110,233,293,17,1
셦,U+C166,9,6,18,90,211,266,110,233,294,17,1
셧,U+C167,9,6,19,90,211,267,110,233,295,17,1
셨,U+C168,9,6,20,90,211,268,110,233,296,17,1
셩,U+C169,9,6,21,90,211,269,110,233,297,17,1
셪,U+C16A,9,6,22,90,211,270,110,233,298,17,1
셫,U+C16B,9,6,23,90,211,271,110,233,299,17,1
셬,U+C16C,9,6,24,90,211,272,110,233,300,17,1
셭,U+C16D,9,6,25,90,211,273,110,233,301,17,1
셮,U+C16E,9,6,26,90,211,274,110,233,302,17,1
셯,U+C16F,9,6,27,90,211,275,110,233,303,17,1
셰,U+C170,9,7,0,10,168,-1,10,190,-1,0,0
셱,U+C171,9,7,1,90,212,249,110,234,305,25,1
셲,U+C172,9,7,2,90,212,250,110,234,306,33,1
셳,U+C173,9,7,3,90,212,251,110,234,307,17,1
셴,U+C174,9,7,4,90,212,252,110,234,308,27,1
셵,U+C175,9,7,5,90,212,253,110,234,309,36,1
셶,U+C176,9,7,6,90,212,254,110,234,310,29,1
셷,U+C177,9,7,7,90,212,255,110,234,311,26,1
셸,U+C178,9,7,8,90,212,256,110,234,312,21,1
셹,U+C179,9,7,9,90,212,257,110,234,313,25,1
셺,U+C17A,9,7,10,90,212,258,110,234,314,16,1
셻,U+C17B,9,7,11,90,212,259,110,234,315,16,1
셼,U+C17C,9,7,12,90,212,260,110,234,316,16,1
셽,U+C17D,9,7,13,90,212,261,110,234,317,16,1
셾,U+C17E,9,7,14,90,212,262,110,234,318,16,1
셿,U+C17F,9,7,15,90,212,263,110,234,319,16,1
솀,U+C180,9,7,16,90,212,264,110,234,320,32,1
솁,U+C181,9,7,17,90,212,265,110,234,321,32,1
솂,U+C182,9,7,18,90,212,266,110,234,322,16,1
솃,U+C183,9,7,19,90,212,267,110,234,323,16,1
솄,U+C184,9,7,20,90,212,268,110,234,324,16,1
솅,U+C185,9,7,21,90,212,269,110,234,325,32,1
솆,U+C186,9,7,22,90,212,270,110,234,326,35,1
솇,U+C187,9,7,23,90,212,271,110,234,327,22,1
솈,U+C188,9,7,24,90,212,272,110,234,328,24,1
솉,U+C189,9,7,25,90,212,273,110,234,329,19,1
솊,U+C18A,9,7,26,90,212,274,110,234,330,20,1
솋,U+C18B,9,7,27,90,212,275,110,234,331,22,1
소,U+C18C,9,8,0,30,169,-1,30,191,-1,0,0
속,U+C18D,9,8,1,110,213,277,130,235,333,36,1
솎,U+C18E,9,8,2,110,213,278,130,235,334,42,1
솏,U+C18F,9,8,3,110,213,279,130,235,335,62,1
손,U+C190,9,8,4,110,213,280,130,235,336,43,1
솑,U+C191,9,8,5,110,213,281,130,235,337,44,1
솒,U+C192,9,8,6,110,213,282,130,235,338,46,1
솓,U+C193,9,8,7,110,213,283,130,235,339,42,1
솔,U+C194,9,8,8,110,213,284,130,235,340,42,1
솕,U+C195,9,8,9,110,213,285,130,235,341,52,1
솖,U+C196,9,8,10,110,213,286,130,235,342,50,1
솗,U+C197,9,8,11,110,213,287,130,235,343,50,1
솘,U+C198,9,8,12,110,213,288,130,235,344,64,1
솙,U+C199,9,8,13,110,213,289,130,235,345,44,1
솚,U+C19A,9,8,14,110,213,290,130,235,346,50,1
솛,U+C19B,9,8,15,110,213,291,130,235,347,60,1
솜,U+C19C,9,8,16,110,213,292,130,235,348,49,1
솝,U+C19D,9,8,17,110,213,293,130,235,349,49,1
솞,U+C19E,9,8,18,110,213,294,130,235,350,68,1
솟,U+C19F,9,8,19,110,213,295,130,235,351,54,1
솠,U+C1A0,9,8,20,110,213,296,130,235,352,60,1
송,U+C1A1,9,8,21,110,213,297,130,235,353,58,1
솢,U+C1A2,9,8,22,110,213,298,130,235,354,57,1
솣,U+C1A3,9,8,23,110,213,299,130,235,355,48,1
솤,U+C1A4,9,8,24,110,213,300,130,235,356,38,1
솥,U+C1A5,9,8,25,110,213,301,130,235,357,44,1
솦,U+C1A6,9,8,26,110,213,302,130,235,358,56,1
솧,U+C1A7,9,8,27,110,213,303,130,235,359,52,1
솨,U+C1A8,9,9,0,70,170,-1,70,192,-1,0,0
솩,U+C1A9,9,9,1,150,214,333,150,236,249,12,1
솪,U+C1AA,9,9,2,150,214,334,150,236,250,18,1
솫,U+C1AB,9,9,3,150,214,335,150,236,251,38,1
솬,U+C1AC,9,9,4,150,214,336,150,236,252,19,1
솭,U+C1AD,9,9,5,150,214,337,150,236,253,20,1
솮,U+C1AE,9,9,6,150,214,338,150,236,254,22,1
솯,U+C1AF,9,9,7,150,214,339,150,236,255,18,1
솰,U+C1B0,9,9,8,150,214,340,150,236,256,18,1
솱,U+C1B1,9,9,9,150,214,341,150,236,257,28,1
솲,U+C1B2,9,9,10,150,214,342,150,236,258,26,1
솳,U+C1B3,9,9,11,150,214,343,150,236,259,26,1
솴,U+C1B4,9,9,12,150,214,344,150,236,260,40,1
솵,U+C1B5,9,9,13,150,214,345,150,236,261,20,1
솶,U+C1B6,9,9,14,150,214,346,150,236,262,26,1
솷,U+C1B7,9,9,15,150,214,347,150,236,263,36,1
솸,U+C1B8,9,9,16,150,214,348,150,236,264,25,1
솹,U+C1B9,9,9,17,150,214,349,150,236,265,25,1
솺,U+C1BA,9,9,18,150,214,350,150,236,266,44,1
솻,U+C1BB,9,9,19,150,214,351,150,236,267,30,1
솼,U+C1BC,9,9,20,150,214,352,150,236,268,36,1
솽,U+C1BD,9,9,21,150,214,353,150,236,269,34,1
솾,U+C1BE,9,9,22,150,214,354,150,236,270,33,1
솿,U+C1BF,9,9,23,150,214,355,150,236,271,24,1
쇀,U+C1C0,9,9,24,150,214,356,150,236,272,14,1
쇁,U+C1C1,9,9,25,150,214,357,150,236,273,20,1
쇂,U+C1C2,9,9,26,150,214,358,150,236,274,32,1
쇃,U+C1C3,9,9,27,150,214,359,150,236,275,28,1
쇄,U+C1C4,9,10,0,70,171,-1,70,193,-1,0,0
쇅,U+C1C5,9,10,1,150,215,333,150,237,305,19,1
쇆,U+C1C6,9,10,2,150,215,334,150,237,306,31,1
쇇,U+C1C7,9,10,3,150,215,335,150,237,307,37,1
쇈,U+C1C8,9,10,4,150,215,336,150,237,308,24,1
쇉,U+C1C9,9,10,5,150,215,337,150,237,309,40,1
쇊,U+C1CA,9,10,6,150,215,338,150,237,310,33,1
쇋,U+C1CB,9,10,7,150,215,339,150,237,311,22,1
쇌,U+C1CC,9,10,8,150,215,340,150,237,312,23,1
쇍,U+C1CD,9,10,9,150,215,341,150,237,313,35,1
쇎,U+C1CE,9,10,10,150,215,342,150,237,314,26,1
쇏,U+C1CF,9,10,11,150,215,343,150,237,315,26,1
쇐,U+C1D0,9,10,12,150,215,344,150,237,316,40,1
쇑,U+C1D1,9,10,13,150,215,345,150,237,317,20,1
쇒,U+C1D2,9,10,14,150,215,346,150,237,318,26,1
쇓,U+C1D3,9,10,15,150,215,347,150,237,319,36,1
쇔,U+C1D4,9,10,16,150,215,348,150,237,320,35,1
쇕,U+C1D5,9,10,17,150,215,349,150,237,321,35,1
쇖,U+C1D6,9,10,18,150,215,350,150,237,322,44,1
쇗,U+C1D7,9,10,19,150,215,351,150,237,323,30,1
쇘,U+C1D8,9,10,20,150,215,352,150,237,324,36,1
쇙,U+C1D9,9,10,21,150,215,353,150,237,325,38,1
쇚,U+C1DA,9,10,22,150,215,354,150,237,326,22,1
쇛,U+C1DB,9,10,23,150,215,355,150,237,327,26,1
쇜,U+C1DC,9,10,24,150,215,356,150,237,328,20,1
쇝,U+C1DD,9,10,25,150,215,357,150,237,329,23,1
쇞,U+C1DE,9,10,26,150,215,358,150,237,330,32,1
쇟,U+C1DF,9,10,27,150,215,359,150,237,331,32,1
쇠,U+C1E0,9,11,0,70,172,-1,70,194,-1,0,0
쇡,U+C1E1,9,11,1,150,216,333,150,238,277,12,1
쇢,U+C1E2,9,11,2,150,216,334,150,238,278,18,1
쇣,U+C1E3,9,11,3,150,216,335,150,238,279,38,1
쇤,U+C1E4,9,11,4,150,216,336,150,238,280,19,1
쇥,U+C1E5,9,11,5,150,216,337,150,238,281,20,1
쇦,U+C1E6,9,11,6,150,216,338,150,238,282,22,1
쇧,U+C1E7,9,11,7,150,216,339,150,238,283,18,1
쇨,U+C1E8,9,11,8,150,216,340,150,238,284,18,1
쇩,U+C1E9,9,11,9,150,216,341,150,238,285,28,1
쇪,U+C1EA,9,11,10,150,216,342,150,238,286,26,1
쇫,U+C1EB,9,11,11,150,216,343,150,238,287,26,1
쇬,U+C1EC,9,11,12,150,216,344,150,238,288,40,1
쇭,U+C1ED,9,11,13,150,216,345,150,238,289,20,1
쇮,U+C1EE,9,11,14,150,216,346,150,238,290,26,1
쇯,U+C1EF,9,11,15,150,216,347,150,238,291,36,1
쇰,U+C1F0,9,11,16,150,216,348,150,238,292,25,1
쇱,U+C1F1,9,11,17,150,216,349,150,238,293,25,1
쇲,U+C1F2,9,11,18,150,216,350,150,238,294,44,1
쇳,U+C1F3,9,11,19,150,216,351,150,238,295,30,1
쇴,U+C1F4,9,11,20,150,216,352,150,238,296,36,1
쇵,U+C1F5,9,11,21,150,216,353,150,238,297,34,1
쇶,U+C1F6,9,11,22,150,216,354,150,238,298,33,1
쇷,U+C1F7,9,11,23,150,216,355,150,238,299,24,1
쇸,U+C1F8,9,11,24,150,216,356,150,238,300,14,1
쇹,U+C1F9,9,11,25,150,216,357,150,238,301,20,1
쇺,U+C1FA,9,11,26,150,216,358,150,238,302,32,1
쇻,U+C1FB,9,11,27,150,216,359,150,238,303,28,1
쇼,U+C1FC,9,12,0,30,173,-1,30,195,-1,0,0
쇽,U+C1FD,9,12,1,110,217,277,130,239,333,40,1
쇾,U+C1FE,9,12,2,110,217,278,130,239,334,46,1
쇿,U+C1FF,9,12,3,110,217,279,130,239,335,66,1
숀,U+C200,9,12,4,110,217,280,130,239,336,47,1
숁,U+C201,9,12,5,110,217,281,130,239,337,48,1
숂,U+C202,9,12,6,110,217,282,130,239,338,50,1
숃,U+C203,9,12,7,110,217,283,130,239,339,46,1
숄,U+C204,9,12,8,110,217,284,130,239,340,46,1
숅,U+C205,9,12,9,110,217,285,130,239,341,56,1
숆,U+C206,9,12,10,110,217,286,130,239,342,54,1
숇,U+C207,9,12,11,110,217,287,130,239,343,54,1
숈,U+C208,9,12,12,110,217,288,130,239,344,68,1
숉,U+C209,9,12,13,110,217,289,130,239,345,48,1
숊,U+C20A,9,12,14,110,217,290,130,239,346,54,1
숋,U+C20B,9,12,15,110,217,291,130,239,347,64,1
숌,U+C20C,9,12,16,110,217,292,130,239,348,53,1
숍,U+C20D,9,12,17,110,217,293,130,239,349,53,1
숎,U+C20E,9,12,18,110,217,294,130,239,350,72,1
숏,U+C20F,9,12,19,110,217,295,130,239,351,58,1
숐,U+C210,9,12,20,110,217,296,130,239,352,64,1
숑,U+C211,9,12,21,110,217,297,130,239,353,62,1
숒,U+C212,9,12,22,110,217,298,130,239,354,61,1
숓,U+C213,9,12,23,110,217,299,130,239,355,52,1
숔,U+C214,9,12,24,110,217,300,130,239,356,42,1
숕,U+C215,9,12,25,110,217,301,130,239,357,48,1
숖,U+C216,9,12,26,110,217,302,130,239,358,60,1
숗,U+C217,9,12,27,110,217,303,130,239,359,56,1
수,U+C218,9,13,0,50,174,-1,50,196,-1,0,0
숙,U+C219,9,13,1,130,218,305,130,240,333,19,1
숚,U+C21A,9,13,2,130,218,306,130,240,334,31,1
숛,U+C21B,9,13,3,130,218,307,130,240,335,37,1
순,U+C21C,9,13,4,130,218,308,130,240,336,23,1
숝,U+C21D,9,13,5,130,218,309,130,240,337,39,1
숞,U+C21E,9,13,6,130,218,310,130,240,338,33,1
숟,U+C21F,9,13,7,130,218,311,130,240,339,22,1
술,U+C220,9,13,8,130,218,312,130,240,340,23,1
숡,U+C221,9,13,9,130,218,313,130,240,341,35,1
숢,U+C222,9,13,10,130,218,314,130,240,342,26,1
숣,U+C223,9,13,11,130,218,315,130,240,343,26,1
숤,U+C224,9,13,12,130,218,316,130,240,344,40,1
숥,U+C225,9,13,13,130,218,317,130,240,345,20,1
숦,U+C226,9,13,14,130,218,318,130,240,346,26,1
숧,U+C227,9,13,15,130,218,319,130,240,347,36,1
숨,U+C228,9,13,16,130,218,320,130,240,348,35,1
숩,U+C229,9,13,17,130,218,321,130,240,349,34,1
숪,U+C22A,9,13,18,130,218,322,130,240,350,43,1
숫,U+C22B,9,13,19,130,218,323,130,240,351,29,1
숬,U+C22C,9,13,20,130,218,324,130,240,352,35,1
숭,U+C22D,9,13,21,130,218,325,130,240,353,37,1
숮,U+C22E,9,13,22,130,218,326,130,240,354,22,1
숯,U+C22F,9,13,23,130,218,327,130,240,355,25,1
숰,U+C230,9,13,24,130,218,328,130,240,356,20,1
숱,U+C231,9,13,25,130,218,329,130,240,357,23,1
숲,U+C232,9,13,26,130,218,330,130,240,358,32,1
숳,U+C233,9,13,27,130,218,331,130,240,359,31,1
숴,U+C234,9,14,0,70,175,-1,90,197,-1,0,0
숵,U+C235,9,14,1,150,219,333,150,241,277,12,1
숶,U+C236,9,14,2,150,219,334,150,241,278,18,1
숷,U+C237,9,14,3,150,219,335,150,241,279,38,1
숸,U+C238,9,14,4,150,219,336,150,241,280,19,1
숹,U+C239,9,14,5,150,219,337,150,241,281,20,1
숺,U+C23A,9,14,6,150,219,338,150,241,282,22,1
숻,U+C23B,9,14,7,150,219,339,150,241,283,18,1
숼,U+C23C,9,14,8,150,219,340,150,241,284,18,1
숽,U+C23D,9,14,9,150,219,341,150,241,285,28,1
숾,U+C23E,9,14,10,150,219,342,150,241,286,26,1
숿,U+C23F,9,14,11,150,219,343,150,241,287,26,1
쉀,U+C240,9,14,12,150,219,344,150,241,288,40,1
쉁,U+C241,9,14,13,150,219,345,150,241,289,20,1
쉂,U+C242,9,14,14,150,219,346,150,241,290,26,1
쉃,U+C243,9,14,15,150,219,347,150,241,291,36,1
쉄,U+C244,9,14,16,150,219,348,150,241,292,25,1
쉅,U+C245,9,14,17,150,219,349,150,241,293,25,1
쉆,U+C246,9,14,18,150,219,350,150,241,294,44,1
쉇,U+C247,9,14,19,150,219,351,150,241,295,30,1
쉈,U+C248,9,14,20,150,219,352,150,241,296,36,1
쉉,U+C249,9,14,21,150,219,353,150,241,297,34,1
쉊,U+C24A,9,14,22,150,219,354,150,241,298,33,1
쉋,U+C24B,9,14,23,150,219,355,150,241,299,24,1
쉌,U+C24C,9,14,24,150,219,356,150,241,300,14,1
쉍,U+C24D,9,14,25,150,219,357,150,241,301,20,1
쉎,U+C24E,9,14,26,150,219,358,150,241,302,32,1
쉏,U+C24F,9,14,27,150,219,359,150,241,303,28,1
쉐,U+C250,9,15,0,70,176,-1,90,198,-1,0,0
쉑,U+C251,9,15,1,150,220,333,150,242,305,19,1
쉒,U+C252,9,15,2,150,220,334,150,242,306,31,1
쉓,U+C253,9,15,3,150,220,335,150,242,307,37,1
쉔,U+C254,9,15,4,150,220,336,150,242,308,24,1
쉕,U+C255,9,15,5,150,220,337,150,242,309,40,1
쉖,U+C256,9,15,6,150,220,338,150,242,310,33,1
쉗,U+C257,9,15,7,150,220,339,150,242,311,22,1
쉘,U+C258,9,15,8,150,220,340,150,242,312,23,1
쉙,U+C259,9,15,9,150,220,341,150,242,313,35,1
쉚,U+C25A,9,15,10,150,220,342,150,242,314,26,1
쉛,U+C25B,9,15,11,150,220,343,150,242,315,26,1
쉜,U+C25C,9,15,12,150,220,344,150,242,316,40,1
쉝,U+C25D,9,15,13,150,220,345,150,242,317,20,1
쉞,U+C25E,9,15,14,150,220,346,150,242,318,26,1
쉟,U+C25F,9,15,15,150,220,347,150,242,319,36,1
쉠,U+C260,9,15,16,150,220,348,150,242,320,35,1
쉡,U+C261,9,15,17,150,220,349,150,242,321,35,1
쉢,U+C262,9,15,18,150,220,350,150,242,322,44,1
쉣,U+C263,9,15,19,150,220,351,150,242,323,30,1
쉤,U+C264,9,15,20,150,220,352,150,242,324,36,1
쉥,U+C265,9,15,21,150,220,353,150,242,325,38,1
쉦,U+C266,9,15,22,150,220,354,150,242,326,22,1
쉧,U+C267,9,15,23,150,220,355,150,242,327,26,1
쉨,U+C268,9,15,24,150,220,356,150,242,328,20,1
쉩,U+C269,9,15,25,150,220,357,150,242,329,23,1
쉪,U+C26A,9,15,26,150,220,358,150,242,330,32,1
쉫,U+C26B,9,15,27,150,220,359,150,242,331,32,1
쉬,U+C26C,9,16,0,70,177,-1,90,199,-1,0,0
쉭,U+C26D,9,16,1,150,221,333,150,243,277,12,1
쉮,U+C26E,9,16,2,150,221,334,150,243,278,18,1
쉯,U+C26F,9,16,3,150,221,335,150,243,279,38,1
쉰,U+C270,9,16,4,150,221,336,150,243,280,19,1
쉱,U+C271,9,16,5,150,221,337,150,243,281,20,1
쉲,U+C272,9,16,6,150,221,338,150,243,282,22,1
쉳,U+C273,9,16,7,150,221,339,150,243,283,18,1
쉴,U+C274,9,16,8,150,221,340,150,243,284,18,1
쉵,U+C275,9,16,9,150,221,341,150,243,285,28,1
쉶,U+C276,9,16,10,150,221,342,150,243,286,26,1
쉷,U+C277,9,16,11,150,221,343,150,243,287,26,1
쉸,U+C278,9,16,12,150,221,344,150,243,288,40,1
쉹,U+C279,9,16,13,150,221,345,150,243,289,20,1
쉺,U+C27A,9,16,14,150,221,346,150,243,290,26,1
쉻,U+C27B,9,16,15,150,221,347,150,243,291,36,1
쉼,U+C27C,9,16,16,150,221,348,150,243,292,25,1
쉽,U+C27D,9,16,17,150,221,349,150,243,293,25,1
쉾,U+C27E,9,16,18,150,221,350,150,243,294,44,1
쉿,U+C27F,9,16,19,150,221,351,150,243,295,30,1
슀,U+C280,9,16,20,150,221,352,150,243,296,36,1
슁,U+C281,9,16,21,150,221,353,150,243,297,34,1
슂,U+C282,9,16,22,150,221,354,150,243,298,33,1
슃,U+C283,9,16,23,150,221,355,150,243,299,24,1
슄,U+C284,9,16,24,150,221,356,150,243,300,14,1
슅,U+C285,9,16,25,150,221,357,150,243,301,20,1
슆,U+C286,9,16,26,150,221,358,150,243,302,32,1
슇,U+C287,9,16,27,150,221,359,150,243,303,28,1
슈,U+C288,9,17,0,50,178,-1,50,200,-1,0,0
슉,U+C289,9,17,1,130,222,305,130,244,333,18,1
슊,U+C28A,9,17,2,130,222,306,130,244,334,31,1
슋,U+C28B,9,17,3,130,222,307,130,244,335,36,1
슌,U+C28C,9,17,4,130,222,308,130,244,336,23,1
슍,U+C28D,9,17,5,130,222,309,130,244,337,39,1
슎,U+C28E,9,17,6,130,222,310,130,244,338,33,1
슏,U+C28F,9,17,7,130,222,311,130,244,339,21,1
슐,U+C290,9,17,8,130,222,312,130,244,340,22,1
슑,U+C291,9,17,9,130,222,313,130,244,341,35,1
슒,U+C292,9,17,10,130,222,314,130,244,342,25,1
슓,U+C293,9,17,11,130,222,315,130,244,343,25,1
슔,U+C294,9,17,12,130,222,316,130,244,344,39,1
슕,U+C295,9,17,13,130,222,317,130,244,345,19,1
슖,U+C296,9,17,14,130,222,318,130,244,346,25,1
슗,U+C297,9,17,15,130,222,319,130,244,347,35,1
슘,U+C298,9,17,16,130,222,320,130,244,348,34,1
슙,U+C299,9,17,17,130,222,321,130,244,349,34,1
슚,U+C29A,9,17,18,130,222,322,130,244,350,42,1
슛,U+C29B,9,17,19,130,222,323,130,244,351,29,1
슜,U+C29C,9,17,20,130,222,324,130,244,352,36,1
슝,U+C29D,9,17,21,130,222,325,130,244,353,37,1
슞,U+C29E,9,17,22,130,222,326,130,244,354,22,1
슟,U+C29F,9,17,23,130,222,327,130,244,355,25,1
슠,U+C2A0,9,17,24,130,222,328,130,244,356,19,1
슡,U+C2A1,9,17,25,130,222,329,130,244,357,22,1
슢,U+C2A2,9,17,26,130,222,330,130,244,358,32,1
슣,U+C2A3,9,17,27,130,222,331,130,244,359,32,1
스,U+C2A4,9,18,0,30,179,-1,30,201,-1,0,0
슥,U+C2A5,9,18,1,110,223,277,130,245,333,40,1
슦,U+C2A6,9,18,2,110,223,278,130,245,334,46,1
슧,U+C2A7,9,18,3,110,223,279,130,245,335,66,1
슨,U+C2A8,9,18,4,110,223,280,130,245,336,47,1
슩,U+C2A9,9,18,5,110,223,281,130,245,337,48,1
슪,U+C2AA,9,18,6,110,223,282,130,245,338,50,1
슫,U+C2AB,9,18,7,110,223,283,130,245,339,46,1
슬,U+C2AC,9,18,8,110,223,284,130,245,340,46,1
슭,U+C2AD,9,18,9,110,223,285,130,245,341,56,1
슮,U+C2AE,9,18,10,110,223,286,130,245,342,54,1
슯,U+C2AF,9,18,11,110,223,287,130,245,343,54,1
슰,U+C2B0,9,18,12,110,223,288,130,245,344,68,1
슱,U+C2B1,9,18,13,110,223,289,130,245,345,48,1
슲,U+C2B2,9,18,14,110,223,290,130,245,346,54,1
슳,U+C2B3,9,18,15,110,223,291,130,245,347,64,1
슴,U+C2B4,9,18,16,110,223,292,130,245,348,53,1
습,U+C2B5,9,18,17,110,223,293,130,245,349,53,1
슶,U+C2B6,9,18,18,110,223,294,130,245,350,72,1
슷,U+C2B7,9,18,19,110,223,295,130,245,351,58,1
슸,U+C2B8,9,18,20,110,223,296,130,245,352,64,1
승,U+C2B9,9,18,21,110,223,297,130,245,353,62,1
슺,U+C2BA,9,18,22,110,223,298,130,245,354,61,1
슻,U+C2BB,9,18,23,110,223,299,130,245,355,52,1
슼,U+C2BC,9,18,24,110,223,300,130,245,356,42,1
슽,U+C2BD,9,18,25,110,223,301,130,245,357,48,1
슾,U+C2BE,9,18,26,110,223,302,130,245,358,60,1
슿,U+C2BF,9,18,27,110,223,303,130,245,359,56,1
싀,U+C2C0,9,19,0,70,180,-1,70,202,-1,0,0
싁,U+C2C1,9,19,1,150,224,333,150,246,277,12,1
싂,U+C2C2,9,19,2,150,224,334,150,246,278,18,1
싃,U+C2C3,9,19,3,150,224,335,150,246,279,38,1
싄,U+C2C4,9,19,4,150,224,336,150,246,280,19,1
싅,U+C2C5,9,19,5,150,224,337,150,246,281,20,1
싆,U+C2C6,9,19,6,150,224,338,150,246,282,22,1
싇,U+C2C7,9,19,7,150,224,339,150,246,283,18,1
싈,U+C2C8,9,19,8,150,224,340,150,246,284,18,1
싉,U+C2C9,9,19,9,150,224,341,150,246,285,28,1
싊,U+C2CA,9,19,10,150,224,342,150,246,286,26,1
싋,U+C2CB,9,19,11,150,224,343,150,246,287,26,1
싌,U+C2CC,9,19,12,150,224,344,150,246,288,40,1
싍,U+C2CD,9,19,13,150,224,345,150,246,289,20,1
싎,U+C2CE,9,19,14,150,224,346,150,246,290,26,1
싏,U+C2CF,9,19,15,150,224,347,150,246,291,36,1
싐,U+C2D0,9,19,16,150,224,348,150,246,292,25,1
싑,U+C2D1,9,19,17,150,224,349,150,246,293,25,1
싒,U+C2D2,9,19,18,150,224,350,150,246,294,44,1
싓,U+C2D3,9,19,19,150,224,351,150,246,295,30,1
싔,U+C2D4,9,19,20,150,224,352,150,246,296,36,1
싕,U+C2D5,9,19,21,150,224,353,150,246,297,34,1
싖,U+C2D6,9,19,22,150,224,354,150,246,298,33,1
싗,U+C2D7,9,19,23,150,224,355,150,246,299,24,1
싘,U+C2D8,9,19,24,150,224,356,150,246,300,14,1
싙,U+C2D9,9,19,25,150,224,357,150,246,301,20,1
싚,U+C2DA,9,19,26,150,224,358,150,246,302,32,1
싛,U+C2DB,9,19,27,150,224,359,150,246,303,28,1
시,U+C2DC,9,20,0,10,181,-1,10,203,-1,0,0
식,U+C2DD,9,20,1,90,225,249,110,247,277,18,1
싞,U+C2DE,9,20,2,90,225,250,110,247,278,18,1
싟,U+C2DF,9,20,3,90,225,251,110,247,279,18,1
신,U+C2E0,9,20,4,90,225,252,110,247,280,18,1
싡,U+C2E1,9,20,5,90,225,253,110,247,281,18,1
싢,U+C2E2,9,20,6,90,225,254,110,247,282,18,1
싣,U+C2E3,9,20,7,90,225,255,110,247,283,18,1
실,U+C2E4,9,20,8,90,225,256,110,247,284,18,1
싥,U+C2E5,9,20,9,90,225,257,110,247,285,18,1
싦,U+C2E6,9,20,10,90,225,258,110,247,286,18,1
싧,U+C2E7,9,20,11,90,225,259,110,247,287,18,1
싨,U+C2E8,9,20,12,90,225,260,110,247,288,18,1
싩,U+C2E9,9,20,13,90,225,261,110,247,289,18,1
싪,U+C2EA,9,20,14,90,225,262,110,247,290,18,1
싫,U+C2EB,9,20,15,90,225,263,110,247,291,18,1
심,U+C2EC,9,20,16,90,225,264,110,247,292,18,1
십,U+C2ED,9,20,17,90,225,265,110,247,293,18,1
싮,U+C2EE,9,20,18,90,225,266,110,247,294,18,1
싯,U+C2EF,9,20,19,90,225,267,110,247,295,18,1
싰,U+C2F0,9,20,20,90,225,268,110,247,296,18,1
싱,U+C2F1,9,20,21,90,225,269,110,247,297,18,1
싲,U+C2F2,9,20,22,90,225,270,110,247,298,18,1
싳,U+C2F3,9,20,23,90,225,271,110,247,299,18,1
싴,U+C2F4,9,20,24,90,225,272,110,247,300,18,1
싵,U+C2F5,9,20,25,90,225,273,110,247,301,18,1
싶,U+C2F6,9,20,26,90,225,274,110,247,302,18,1
싷,U+C2F7,9,20,27,90,225,275,110,247,303,18,1
싸,U+C2F8,10,0,0,11,161,-1,11,183,-1,0,0
싹,U+C2F9,10,0,1,91,205,249,111,227,249,36,1
싺,U+C2FA,10,0,2,91,205,250,111,227,250,36,1
싻,U+C2FB,10,0,3,91,205,251,111,227,251,36,1
싼,U+C2FC,10,0,4,91,205,252,111,227,252,36,1
싽,U+C2FD,10,0,5,91,205,253,111,227,253,36,1
싾,U+C2FE,10,0,6,91,205,254,111,227,254,36,1
싿,U+C2FF,10,0,7,91,205,255,111,227,255,36,1
쌀,U+C300,10,0,8,91,205,256,111,227,256,36,1
쌁,U+C301,10,0,9,91,205,257,111,227,257,36,1
쌂,U+C302,10,0,10,91,205,258,111,227,258,36,1
쌃,U+C303,10,0,11,91,205,259,111,227,259,36,1
쌄,U+C304,10,0,12,91,205,260,111,227,260,36,1
쌅,U+C305,10,0,13,91,205,261,111,227,261,36,1
쌆,U+C306,10,0,14,91,205,262,111,227,262,36,1
쌇,U+C307,10,0,15,91,205,263,111,227,263,36,1
쌈,U+C308,10,0,16,91,205,264,111,227,264,36,1
쌉,U+C309,10,0,17,91,205,265,111,227,265,36,1
쌊,U+C30A,10,0,18,91,205,266,111,227,266,36,1
쌋,U+C30B,10,0,19,91,205,267,111,227,267,36,1
쌌,U+C30C,10,0,20,91,205,268,111,227,268,36,1
쌍,U+C30D,10,0,21,91,205,269,111,227,269,36,1
쌎,U+C30E,10,0,22,91,205,270,111,227,270,36,1
쌏,U+C30F,10,0,23,91,205,271,111,227,271,36,1
쌐,U+C310,10,0,24,91,205,272,111,227,272,36,1
쌑,U+C311,10,0,25,91,205,273,111,227,273,36,1
쌒,U+C312,10,0,26,91,205,274,111,227,274,36,1
쌓,U+C313,10,0,27,91,205,275,111,227,275,36,1
쌔,U+C314,10,1,0,11,162,-1,11,184,-1,0,0
쌕,U+C315,10,1,1,91,206,249,111,228,305,44,1
쌖,U+C316,10,1,2,91,206,250,111,228,306,52,1
쌗,U+C317,10,1,3,91,206,251,111,228,307,36,1
쌘,U+C318,10,1,4,91,206,252,111,228,308,46,1
쌙,U+C319,10,1,5,91,206,253,111,228,309,55,1
쌚,U+C31A,10,1,6,91,206,254,111,228,310,48,1
쌛,U+C31B,10,1,7,91,206,255,111,228,311,45,1
쌜,U+C31C,10,1,8,91,206,256,111,228,312,40,1
쌝,U+C31D,10,1,9,91,206,257,111,228,313,44,1
쌞,U+C31E,10,1,10,91,206,258,111,228,314,35,1
쌟,U+C31F,10,1,11,91,206,259,111,228,315,35,1
쌠,U+C320,10,1,12,91,206,260,111,228,316,35,1
쌡,U+C321,10,1,13,91,206,261,111,228,317,35,1
쌢,U+C322,10,1,14,91,206,262,111,228,318,35,1
쌣,U+C323,10,1,15,91,206,263,111,228,319,35,1
쌤,U+C324,10,1,16,91,206,264,111,228,320,51,1
쌥,U+C325,10,1,17,91,206,265,111,228,321,51,1
쌦,U+C326,10,1,18,91,206,266,111,228,322,35,1
쌧,U+C327,10,1,19,91,206,267,111,228,323,35,1
쌨,U+C328,10,1,20,91,206,268,111,228,324,35,1
쌩,U+C329,10,1,21,91,206,269,111,228,325,51,1
쌪,U+C32A,10,1,22,91,206,270,111,228,326,54,1
쌫,U+C32B,10,1,23,91,206,271,111,228,327,41,1
쌬,U+C32C,10,1,24,91,206,272,111,228,328,43,1
쌭,U+C32D,10,1,25,91,206,273,111,228,329,38,1
쌮,U+C32E,10,1,26,91,206,274,111,228,330,39,1
쌯,U+C32F,10,1,27,91,206,275,111,228,331,41,1
쌰,U+C330,10,2,0,11,163,-1,11,185,-1,0,0
쌱,U+C331,10,2,1,91,207,249,111,229,249,36,1
쌲,U+C332,10,2,2,91,207,250,111,229,250,36,1
쌳,U+C333,10,2,3,91,207,251,111,229,251,36,1
쌴,U+C334,10,2,4,91,207,252,111,229,252,36,1
쌵,U+C335,10,2,5,91,207,253,111,229,253,36,1
쌶,U+C336,10,2,6,91,207,254,111,229,254,36,1
쌷,U+C337,10,2,7,91,207,255,111,229,255,36,1
쌸,U+C338,10,2,8,91,207,256,111,229,256,36,1
쌹,U+C339,10,2,9,91,207,257,111,229,257,36,1
쌺,U+C33A,10,2,10,91,207,258,111,229,258,36,1
쌻,U+C33B,10,2,11,91,207,259,111,229,259,36,1
쌼,U+C33C,10,2,12,91,207,260,111,229,260,36,1
쌽,U+C33D,10,2,13,91,207,261,111,229,261,36,1
쌾,U+C33E,10,2,14,91,207,262,111,229,262,36,1
쌿,U+C33F,10,2,15,91,207,263,111,229,263,36,1
썀,U+C340,10,2,16,91,207,264,111,229,264,36,1
썁,U+C341,10,2,17,91,207,265,111,229,265,36,1
썂,U+C342,10,2,18,91,207,266,111,229,266,36,1
썃,U+C343,10,2,19,91,207,267,111,229,267,36,1
썄,U+C344,10,2,20,91,207,268,111,229,268,36,1
썅,U+C345,10,2,21,91,207,269,111,229,269,36,1
썆,U+C346,10,2,22,91,207,270,111,229,270,36,1
썇,U+C347,10,2,23,91,207,271,111,229,271,36,1
썈,U+C348,10,2,24,91,207,272,111,229,272,36,1
썉,U+C349,10,2,25,91,207,273,111,229,273,36,1
썊,U+C34A,10,2,26,91,207,274,111,229,274,36,1
썋,U+C34B,10,2,27,91,207,275,111,229,275,36,1
썌,U+C34C,10,3,0,11,164,-1,11,186,-1,0,0
썍,U+C34D,10,3,1,91,208,249,111,230,305,44,1
썎,U+C34E,10,3,2,91,208,250,111,230,306,52,1
썏,U+C34F,10,3,3,91,208,251,111,230,307,36,1
썐,U+C350,10,3,4,91,208,252,111,230,308,46,1
썑,U+C351,10,3,5,91,208,253,111,230,309,55,1
썒,U+C352,10,3,6,91,208,254,111,230,310,48,1
썓,U+C353,10,3,7,91,208,255,111,230,311,45,1
썔,U+C354,10,3,8,91,208,256,111,230,312,40,1
썕,U+C355,10,3,9,91,208,257,111,230,313,44,1
썖,U+C356,10,3,10,91,208,258,111,230,314,35,1
썗,U+C357,10,3,11,91,208,259,111,230,315,35,1
썘,U+C358,10,3,12,91,208,260,111,230,316,35,1
썙,U+C359,10,3,13,91,208,261,111,230,317,35,1
썚,U+C35A,10,3,14,91,208,262,111,230,318,35,1
썛,U+C35B,10,3,15,91,208,263,111,230,319,35,1
썜,U+C35C,10,3,16,91,208,264,111,230,320,51,1
썝,U+C35D,10,3,17,91,208,265,111,230,321,51,1
썞,U+C35E,10,3,18,91,208,266,111,230,322,35,1
썟,U+C35F,10,3,19,91,208,267,111,230,323,35,1
썠,U+C360,10,3,20,91,208,268,111,230,324,35,1
썡,U+C361,10,3,21,91,208,269,111,230,325,51,1
썢,U+C362,10,3,22,91,208,270,111,230,326,54,1
썣,U+C363,10,3,23,91,208,271,111,230,327,41,1
썤,U+C364,10,3,24,91,208,272,111,230,328,43,1
썥,U+C365,10,3,25,91,208,273,111,230,329,38,1
썦,U+C366,10,3,26,91,208,274,111,230,330,39,1
썧,U+C367,10,3,27,91,208,275,111,230,331,41,1
써,U+C368,10,4,0,11,165,-1,11,187,-1,0,0
썩,U+C369,10,4,1,91,209,249,111,231,277,35,1
썪,U+C36A,10,4,2,91,209,250,111,231,278,35,1
썫,U+C36B,10,4,3,91,209,251,111,231,279,35,1
썬,U+C36C,10,4,4,91,209,252,111,231,280,35,1
썭,U+C36D,10,4,5,91,209,253,111,231,281,35,1
썮,U+C36E,10,4,6,91,209,254,111,231,282,35,1
썯,U+C36F,10,4,7,91,209,255,111,231,283,35,1
썰,U+C370,10,4,8,91,209,256,111,231,284,35,1
썱,U+C371,10,4,9,91,209,257,111,231,285,35,1
썲,U+C372,10,4,10,91,209,258,111,231,286,35,1
썳,U+C373,10,4,11,91,209,259,111,231,287,35,1
썴,U+C374,10,4,12,91,209,260,111,231,288,35,1
썵,U+C375,10,4,13,91,209,261,111,231,289,35,1
썶,U+C376,10,4,14,91,209,262,111,231,290,35,1
썷,U+C377,10,4,15,91,209,263,111,231,291,35,1
썸,U+C378,10,4,16,91,209,264,111,231,292,35,1
썹,U+C379,10,4,17,91,209,265,111,231,293,35,1
썺,U+C37A,10,4,18,91,209,266,111,231,294,35,1
썻,U+C37B,10,4,19,91,209,267,111,231,295,35,1
썼,U+C37C,10,4,20,91,209,268,111,231,296,35,1
썽,U+C37D,10,4,21,91,209,269,111,231,297,35,1
썾,U+C37E,10,4,22,91,209,270,111,231,298,35,1
썿,U+C37F,10,4,23,91,209,271,111,231,299,35,1
쎀,U+C380,10,4,24,91,209,272,111,231,300,35,1
쎁,U+C381,10,4,25,91,209,273,111,231,301,35,1
쎂,U+C382,10,4,26,91,209,274,111,231,302,35,1
쎃,U+C383,10,4,27,91,209,275,111,231,303,35,1
쎄,U+C384,10,5,0,11,166,-1,11,188,-1,0,0
쎅,U+C385,10,5,1,91,210,249,111,232,305,42,1
쎆,U+C386,10,5,2,91,210,250,111,232,306,50,1
쎇,U+C387,10,5,3,91,210,251,111,232,307,34,1
쎈,U+C388,10,5,4,91,210,252,111,232,308,44,1
쎉,U+C389,10,5,5,91,210,253,111,232,309,53,1
쎊,U+C38A,10,5,6,91,210,254,111,232,310,46,1
쎋,U+C38B,10,5,7,91,210,255,111,232,311,43,1
쎌,U+C38C,10,5,8,91,210,256,111,232,312,38,1
쎍,U+C38D,10,5,9,91,210,257,111,232,313,42,1
쎎,U+C38E,10,5,10,91,210,258,111,232,314,33,1
쎏,U+C38F,10,5,11,91,210,259,111,232,315,33,1
쎐,U+C390,10,5,12,91,210,260,111,232,316,33,1
쎑,U+C391,10,5,13,91,210,261,111,232,317,33,1
쎒,U+C392,10,5,14,91,210,262,111,232,318,33,1
쎓,U+C393,10,5,15,91,210,263,111,232,319,33,1
쎔,U+C394,10,5,16,91,210,264,111,232,320,49,1
쎕,U+C395,10,5,17,91,210,265,111,232,321,49,1
쎖,U+C396,10,5,18,91,210,266,111,232,322,33,1
쎗,U+C397,10,5,19,91,210,267,111,232,323,33,1
쎘,U+C398,10,5,20,91,210,268,111,232,324,33,1
쎙,U+C399,10,5,21,91,210,269,111,232,325,49,1
쎚,U+C39A,10,5,22,91,210,270,111,232,326,52,1
쎛,U+C39B,10,5,23,91,210,271,111,232,327,39,1
쎜,U+C39C,10,5,24,91,210,272,111,232,328,41,1
쎝,U+C39D,10,5,25,91,210,273,111,232,329,36,1
쎞,U+C39E,10,5,26,91,210,274,111,232,330,37,1
쎟,U+C39F,10,5,27,91,210,275,111,232,331,39,1
쎠,U+C3A0,10,6,0,11,167,-1,11,189,-1,0,0
쎡,U+C3A1,10,6,1,91,211,249,111,233,277,34,1
쎢,U+C3A2,10,6,2,91,211,250,111,233,278,34,1
쎣,U+C3A3,10,6,3,91,211,251,111,233,279,34,1
쎤,U+C3A4,10,6,4,91,211,252,111,233,280,34,1
쎥,U+C3A5,10,6,5,91,211,253,111,233,281,34,1
쎦,U+C3A6,10,6,6,91,211,254,111,233,282,34,1
쎧,U+C3A7,10,6,7,91,211,255,111,233,283,34,1
쎨,U+C3A8,10,6,8,91,211,256,111,233,284,34,1
쎩,U+C3A9,10,6,9,91,211,257,111,233,285,34,1
쎪,U+C3AA,10,6,10,91,211,258,111,233,286,34,1
쎫,U+C3AB,10,6,11,91,211,259,111,233,287,34,1
쎬,U+C3AC,10,6,12,91,211,260,111,233,288,34,1
쎭,U+C3AD,10,6,13,91,211,261,111,233,289,34,1
쎮,U+C3AE,10,6,14,91,211,262,111,233,290,34,1
쎯,U+C3AF,10,6,15,91,211,263,111,233,291,34,1
쎰,U+C3B0,10,6,16,91,211,264,111,233,292,34,1
쎱,U+C3B1,10,6,17,91,211,265,111,233,293,34,1
쎲,U+C3B2,10,6,18,91,211,266,111,233,294,34,1
쎳,U+C3B3,10,6,19,91,211,267,111,233,295,34,1
쎴,U+C3B4,10,6,20,91,211,268,111,233,296,34,1
쎵,U+C3B5,10,6,21,91,211,269,111,233,297,34,1
쎶,U+C3B6,10,6,22,91,211,270,111,233,298,34,1
쎷,U+C3B7,10,6,23,91,211,271,111,233,299,34,1
쎸,U+C3B8,10,6,24,91,211,272,111,233,300,34,1
쎹,U+C3B9,10,6,25,91,211,273,111,233,301,34,1
쎺,U+C3BA,10,6,26,91,211,274,111,233,302,34,1
쎻,U+C3BB,10,6,27,91,211,275,111,233,303,34,1
쎼,U+C3BC,10,7,0,11,168,-1,11,190,-1,0,0
쎽,U+C3BD,10,7,1,91,212,249,111,234,305,42,1
쎾,U+C3BE,10,7,2,91,212,250,111,234,306,50,1
쎿,U+C3BF,10,7,3,91,212,251,111,234,307,34,1
쏀,U+C3C0,10,7,4,91,212,252,111,234,308,44,1
쏁,U+C3C1,10,7,5,91,212,253,111,234,309,53,1
쏂,U+C3C2,10,7,6,91,212,254,111,234,310,46,1
쏃,U+C3C3,10,7,7,91,212,255,111,234,311,43,1
쏄,U+C3C4,10,7,8,91,212,256,111,234,312,38,1
쏅,U+C3C5,10,7,9,91,212,257,111,234,313,42,1
쏆,U+C3C6,10,7,10,91,212,258,111,234,314,33,1
쏇,U+C3C7,10,7,11,91,212,259,111,234,315,33,1
쏈,U+C3C8,10,7,12,91,212,260,111,234,316,33,1
쏉,U+C3C9,10,7,13,91,212,261,111,234,317,33,1
쏊,U+C3CA,10,7,14,91,212,262,111,234,318,33,1
쏋,U+C3CB,10,7,15,91,212,263,111,234,319,33,1
쏌,U+C3CC,10,7,16,91,212,264,111,234,320,49,1
쏍,U+C3CD,10,7,17,91,212,265,111,234,321,49,1
쏎,U+C3CE,10,7,18,91,212,266,111,234,322,33,1
쏏,U+C3CF,10,7,19,91,212,267,111,234,323,33,1
쏐,U+C3D0,10,7,20,91,212,268,111,234,324,33,1
쏑,U+C3D1,10,7,21,91,212,269,111,234,325,49,1
쏒,U+C3D2,10,7,22,91,212,270,111,234,326,52,1
쏓,U+C3D3,10,7,23,91,212,271,111,234,327,39,1
쏔,U+C3D4,10,7,24,91,212,272,111,234,328,41,1
쏕,U+C3D5,10,7,25,91,212,273,111,234,329,36,1
쏖,U+C3D6,10,7,26,91,212,274,111,234,330,37,1
쏗,U+C3D7,10,7,27,91,212,275,111,234,331,39,1
쏘,U+C3D8,10,8,0,31,169,-1,31,191,-1,0,0
쏙,U+C3D9,10,8,1,111,213,277,131,235,333,42,1
쏚,U+C3DA,10,8,2,111,213,278,131,235,334,48,1
쏛,U+C3DB,10,8,3,111,213,279,131,235,335,68,1
쏜,U+C3DC,10,8,4,111,213,280,131,235,336,49,1
쏝,U+C3DD,10,8,5,111,213,281,131,235,337,50,1
쏞,U+C3DE,10,8,6,111,213,282,131,235,338,52,1
쏟,U+C3DF,10,8,7,111,213,283,131,235,339,48,1
쏠,U+C3E0,10,8,8,111,213,284,131,235,340,48,1
쏡,U+C3E1,10,8,9,111,213,285,131,235,341,58,1
쏢,U+C3E2,10,8,10,111,213,286,131,235,342,56,1
쏣,U+C3E3,10,8,11,111,213,287,131,235,343,56,1
쏤,U+C3E4,10,8,12,111,213,288,131,235,344,70,1
쏥,U+C3E5,10,8,13,111,213,289,131,235,345,50,1
쏦,U+C3E6,10,8,14,111,213,290,131,235,346,56,1
쏧,U+C3E7,10,8,15,111,213,291,131,235,347,66,1
쏨,U+C3E8,10,8,16,111,213,292,131,235,348,55,1
쏩,U+C3E9,10,8,17,111,213,293,131,235,349,55,1
쏪,U+C3EA,10,8,18,111,213,294,131,235,350,74,1
쏫,U+C3EB,10,8,19,111,213,295,131,235,351,60,1
쏬,U+C3EC,10,8,20,111,213,296,131,235,352,66,1
쏭,U+C3ED,10,8,21,111,213,297,131,235,353,64,1
쏮,U+C3EE,10,8,22,111,213,298,131,235,354,63,1
쏯,U+C3EF,10,8,23,111,213,299,131,235,355,54,1
쏰,U+C3F0,10,8,24,111,213,300,131,235,356,44,1
쏱,U+C3F1,10,8,25,111,213,301,131,235,357,50,1
쏲,U+C3F2,10,8,26,111,213,302,131,235,358,62,1
쏳,U+C3F3,10,8,27,111,213,303,131,235,359,58,1
쏴,U+C3F4,10,9,0,71,170,-1,71,192,-1,0,0
쏵,U+C3F5,10,9,1,151,214,333,151,236,249,12,1
쏶,U+C3F6,10,9,2,151,214,334,151,236,250,18,1
쏷,U+C3F7,10,9,3,151,214,335,151,236,251,38,1
쏸,U+C3F8,10,9,4,151,214,336,151,236,252,19,1
쏹,U+C3F9,10,9,5,151,214,337,151,236,253,20,1
쏺,U+C3FA,10,9,6,151,214,338,151,236,254,22,1
쏻,U+C3FB,10,9,7,151,214,339,151,236,255,18,1
쏼,U+C3FC,10,9,8,151,214,340,151,236,256,18,1
쏽,U+C3FD,10,9,9,151,214,341,151,236,257,28,1
쏾,U+C3FE,10,9,10,151,214,342,151,236,258,26,1
쏿,U+C3FF,10,9,11,151,214,343,151,236,259,26,1
쐀,U+C400,10,9,12,151,214,344,151,236,260,40,1
쐁,U+C401,10,9,13,151,214,345,151,236,261,20,1
쐂,U+C402,10,9,14,151,214,346,151,236,262,26,1
쐃,U+C403,10,9,15,151,214,347,151,236,263,36,1
쐄,U+C404,10,9,16,151,214,348,151,236,264,25,1
쐅,U+C405,10,9,17,151,214,349,151,236,265,25,1
쐆,U+C406,10,9,18,151,214,350,151,236,266,44,1
쐇,U+C407,10,9,19,151,214,351,151,236,267,30,1
쐈,U+C408,10,9,20,151,214,352,151,236,268,36,1
쐉,U+C409,10,9,21,151,214,353,151,236,269,34,1
쐊,U+C40A,10,9,22,151,214,354,151,236,270,33,1
쐋,U+C40B,10,9,23,151,214,355,151,236,271,24,1
쐌,U+C40C,10,9,24,151,214,356,151,236,272,14,1
쐍,U+C40D,10,9,25,151,214,357,151,236,273,20,1
쐎,U+C40E,10,9,26,151,214,358,151,236,274,32,1
쐏,U+C40F,10,9,27,151,214,359,151,236,275,28,1
쐐,U+C410,10,10,0,71,171,-1,71,193,-1,0,0
쐑,U+C411,10,10,1,151,215,333,151,237,305,19,1
쐒,U+C412,10,10,2,151,215,334,151,237,306,31,1
쐓,U+C413,10,10,3,151,215,335,151,237,307,37,1
쐔,U+C414,10,10,4,151,215,336,151,237,308,24,1
쐕,U+C415,10,10,5,151,215,337,151,237,309,40,1
쐖,U+C416,10,10,6,151,215,338,151,237,310,33,1
쐗,U+C417,10,10,7,151,215,339,151,237,311,22,1
쐘,U+C418,10,10,8,151,215,340,151,237,312,23,1
쐙,U+C419,10,10,9,151,215,341,151,237,313,35,1
쐚,U+C41A,10,10,10,151,215,342,151,237,314,26,1
쐛,U+C41B,10,10,11,151,215,343,151,237,315,26,1
쐜,U+C41C,10,10,12,151,215,344,151,237,316,40,1
쐝,U+C41D,10,10,13,151,215,345,151,237,317,20,1
쐞,U+C41E,10,10,14,151,215,346,151,237,318,26,1
쐟,U+C41F,10,10,15,151,215,347,151,237,319,36,1
쐠,U+C420,10,10,16,151,215,348,151,237,320,35,1
쐡,U+C421,10,10,17,151,215,349,151,237,321,35,1
쐢,U+C422,10,10,18,151,215,350,151,237,322,44,1
쐣,U+C423,10,10,19,151,215,351,151,237,323,30,1
쐤,U+C424,10,10,20,151,215,352,151,237,324,36,1
쐥,U+C425,10,10,21,151,215,353,151,237,325,38,1
쐦,U+C426,10,10,22,151,215,354,151,237,326,22,1
쐧,U+C427,10,10,23,151,215,355,151,237,327,26,1
쐨,U+C428,10,10,24,151,215,356,151,237,328,20,1
쐩,U+C429,10,10,25,151,215,357,151,237,329,23,1
쐪,U+C42A,10,10,26,151,215,358,151,237,330,32,1
쐫,U+C42B,10,10,27,151,215,359,151,237,331,32,1
쐬,U+C42C,10,11,0,71,172,-1,71,194,-1,0,0
쐭,U+C42D,10,11,1,151,216,333,151,238,277,12,1
쐮,U+C42E,10,11,2,151,216,334,151,238,278,18,1
쐯,U+C42F,10,11,3,151,216,335,151,238,279,38,1
쐰,U+C430,10,11,4,151,216,336,151,238,280,19,1
쐱,U+C431,10,11,5,151,216,337,151,238,281,20,1
쐲,U+C432,10,11,6,151,216,338,151,238,282,22,1
쐳,U+C433,10,11,7,151,216,339,151,238,283,18,1
쐴,U+C434,10,11,8,151,216,340,151,238,284,18,1
쐵,U+C435,10,11,9,151,216,341,151,238,285,28,1
쐶,U+C436,10,11,10,151,216,342,151,238,286,26,1
쐷,U+C437,10,11,11,151,216,343,151,238,287,26,1
쐸,U+C438,10,11,12,151,216,344,151,238,288,40,1
쐹,U+C439,10,11,13,151,216,345,151,238,289,20,1
쐺,U+C43A,10,11,14,151,216,346,151,238,290,26,1
쐻,U+C43B,10,11,15,151,216,347,151,238,291,36,1
쐼,U+C43C,10,11,16,151,216,348,151,238,292,25,1
쐽,U+C43D,10,11,17,151,216,349,151,238,293,25,1
쐾,U+C43E,10,11,18,151,216,350,151,238,294,44,1
쐿,U+C43F,10,11,19,151,216,351,151,238,295,30,1
쑀,U+C440,10,11,20,151,216,352,151,238,296,36,1
쑁,U+C441,10,11,21,151,216,353,151,238,297,34,1
쑂,U+C442,10,11,22,151,216,354,151,238,298,33,1
쑃,U+C443,10,11,23,151,216,355,151,238,299,24,1
쑄,U+C444,10,11,24,151,216,356,151,238,300,14,1
쑅,U+C445,10,11,25,151,216,357,151,238,301,20,1
쑆,U+C446,10,11,26,151,216,358,151,238,302,32,1
쑇,U+C447,10,11,27,151,216,359,151,238,303,28,1
쑈,U+C448,10,12,0,31,173,-1,31,195,-1,0,0
쑉,U+C449,10,12,1,111,217,277,131,239,333,45,1
쑊,U+C44A,10,12,2,111,217,278,131,239,334,51,1
쑋,U+C44B,10,12,3,111,217,279,131,239,335,71,1
쑌,U+C44C,10,12,4,111,217,280,131,239,336,52,1
쑍,U+C44D,10,12,5,111,217,281,131,239,337,53,1
쑎,U+C44E,10,12,6,111,217,282,131,239,338,55,1
쑏,U+C44F,10,12,7,111,217,283,131,239,339,51,1
쑐,U+C450,10,12,8,111,217,284,131,239,340,51,1
쑑,U+C451,10,12,9,111,217,285,131,239,341,61,1
쑒,U+C452,10,12,10,111,217,286,131,239,342,59,1
쑓,U+C453,10,12,11,111,217,287,131,239,343,59,1
쑔,U+C454,10,12,12,111,217,288,131,239,344,73,1
쑕,U+C455,10,12,13,111,217,289,131,239,345,53,1
쑖,U+C456,10,12,14,111,217,290,131,239,346,59,1
쑗,U+C457,10,12,15,111,217,291,131,239,347,69,1
쑘,U+C458,10,12,16,111,217,292,131,239,348,58,1
쑙,U+C459,10,12,17,111,217,293,131,239,349,58,1
쑚,U+C45A,10,12,18,111,217,294,131,239,350,77,1
쑛,U+C45B,10,12,19,111,217,295,131,239,351,63,1
쑜,U+C45C,10,12,20,111,217,296,131,239,352,69,1
쑝,U+C45D,10,12,21,111,217,297,131,239,353,67,1
쑞,U+C45E,10,12,22,111,217,298,131,239,354,66,1
쑟,U+C45F,10,12,23,111,217,299,131,239,355,57,1
쑠,U+C460,10,12,24,111,217,300,131,239,356,47,1
쑡,U+C461,10,12,25,111,217,301,131,239,357,53,1
쑢,U+C462,10,12,26,111,217,302,131,239,358,65,1
쑣,U+C463,10,12,27,111,217,303,131,239,359,61,1
쑤,U+C464,10,13,0,51,174,-1,51,196,-1,0,0
쑥,U+C465,10,13,1,131,218,305,131,240,333,19,1
쑦,U+C466,10,13,2,131,218,306,131,240,334,31,1
쑧,U+C467,10,13,3,131,218,307,131,240,335,37,1
쑨,U+C468,10,13,4,131,218,308,131,240,336,23,1
쑩,U+C469,10,13,5,131,218,309,131,240,337,39,1
쑪,U+C46A,10,13,6,131,218,310,131,240,338,33,1
쑫,U+C46B,10,13,7,131,218,311,131,240,339,22,1
쑬,U+C46C,10,13,8,131,218,312,131,240,340,23,1
쑭,U+C46D,10,13,9,131,218,313,131,240,341,35,1
쑮,U+C46E,10,13,10,131,218,314,131,240,342,26,1
쑯,U+C46F,10,13,11,131,218,315,131,240,343,26,1
쑰,U+C470,10,13,12,131,218,316,131,240,344,40,1
쑱,U+C471,10,13,13,131,218,317,131,240,345,20,1
쑲,U+C472,10,13,14,131,218,318,131,240,346,26,1
쑳,U+C473,10,13,15,131,218,319,131,240,347,36,1
쑴,U+C474,10,13,16,131,218,320,131,240,348,35,1
쑵,U+C475,10,13,17,131,218,321,131,240,349,34,1
쑶,U+C476,10,13,18,131,218,322,131,240,350,43,1
쑷,U+C477,10,13,19,131,218,323,131,240,351,29,1
쑸,U+C478,10,13,20,131,218,324,131,240,352,35,1
쑹,U+C479,10,13,21,131,218,325,131,240,353,37,1
쑺,U+C47A,10,13,22,131,218,326,131,240,354,22,1
쑻,U+C47B,10,13,23,131,218,327,131,240,355,25,1
쑼,U+C47C,10,13,24,131,218,328,131,240,356,20,1
쑽,U+C47D,10,13,25,131,218,329,131,240,357,23,1
쑾,U+C47E,10,13,26,131,218,330,131,240,358,32,1
쑿,U+C47F,10,13,27,131,218,331,131,240,359,31,1
쒀,U+C480,10,14,0,71,175,-1,91,197,-1,0,0
쒁,U+C481,10,14,1,151,219,333,151,241,277,12,1
쒂,U+C482,10,14,2,151,219,334,151,241,278,18,1
쒃,U+C483,10,14,3,151,219,335,151,241,279,38,1
쒄,U+C484,10,14,4,151,219,336,151,241,280,19,1
쒅,U+C485,10,14,5,151,219,337,151,241,281,20,1
쒆,U+C486,10,14,6,151,219,338,151,241,282,22,1
쒇,U+C487,10,14,7,151,219,339,151,241,283,18,1
쒈,U+C488,10,14,8,151,219,340,151,241,284,18,1
쒉,U+C489,10,14,9,151,219,341,151,241,285,28,1
쒊,U+C48A,10,14,10,151,219,342,151,241,286,26,1
쒋,U+C48B,10,14,11,151,219,343,151,241,287,26,1
쒌,U+C48C,10,14,12,151,219,344,151,241,288,40,1
쒍,U+C48D,10,14,13,151,219,345,151,241,289,20,1
쒎,U+C48E,10,14,14,151,219,346,151,241,290,26,1
쒏,U+C48F,10,14,15,151,219,347,151,241,291,36,1
쒐,U+C490,10,14,16,151,219,348,151,241,292,25,1
쒑,U+C491,10,14,17,151,219,349,151,241,293,25,1
쒒,U+C492,10,14,18,151,219,350,151,241,294,44,1
쒓,U+C493,10,14,19,151,219,351,151,241,295,30,1
쒔,U+C494,10,14,20,151,219,352,151,241,296,36,1
쒕,U+C495,10,14,21,151,219,353,151,241,297,34,1
쒖,U+C496,10,14,22,151,219,354,151,241,298,33,1
쒗,U+C497,10,14,23,151,219,355,151,241,299,24,1
쒘,U+C498,10,14,24,151,219,356,151,241,300,14,1
쒙,U+C499,10,14,25,151,219,357,151,241,301,20,1
쒚,U+C49A,10,14,26,151,219,358,151,241,302,32,1
쒛,U+C49B,10,14,27,151,219,359,151,241,303,28,1
쒜,U+C49C,10,15,0,71,176,-1,91,198,-1,0,0
쒝,U+C49D,10,15,1,151,220,333,151,242,305,19,1
쒞,U+C49E,10,15,2,151,220,334,151,242,306,31,1
쒟,U+C49F,10,15,3,151,220,335,151,242,307,37,1
쒠,U+C4A0,10,15,4,151,220,336,151,242,308,24,1
쒡,U+C4A1,10,15,5,151,220,337,151,242,309,40,1
쒢,U+C4A2,10,15,6,151,220,338,151,242,310,33,1
쒣,U+C4A3,10,15,7,151,220,339,151,242,311,22,1
쒤,U+C4A4,10,15,8,151,220,340,151,242,312,23,1
쒥,U+C4A5,10,15,9,151,220,341,151,242,313,35,1
쒦,U+C4A6,10,15,10,151,220,342,151,242,314,26,1
쒧,U+C4A7,10,15,11,151,220,343,151,242,315,26,1
쒨,U+C4A8,10,15,12,151,220,344,151,242,316,40,1
쒩,U+C4A9,10,15,13,151,220,345,151,242,317,20,1
쒪,U+C4AA,10,15,14,151,220,346,151,242,318,26,1
쒫,U+C4AB,10,15,15,151,220,347,151,242,319,36,1
쒬,U+C4AC,10,15,16,151,220,348,151,242,320,35,1
쒭,U+C4AD,10,15,17,151,220,349,151,242,321,35,1
쒮,U+C4AE,10,15,18,151,220,350,151,242,322,44,1
쒯,U+C4AF,10,15,19,151,220,351,151,242,323,30,1
쒰,U+C4B0,10,15,20,151,220,352,151,242,324,36,1
쒱,U+C4B1,10,15,21,151,220,353,151,242,325,38,1
쒲,U+C4B2,10,15,22,151,220,354,151,242,326,22,1
쒳,U+C4B3,10,15,23,151,220,355,151,242,327,26,1
쒴,U+C4B4,10,15,24,151,220,356,151,242,328,20,1
쒵,U+C4B5,10,15,25,151,220,357,151,242,329,23,1
쒶,U+C4B6,10,15,26,151,220,358,151,242,330,32,1
쒷,U+C4B7,10,15,27,151,220,359,151,242,331,32,1
쒸,U+C4B8,10,16,0,71,177,-1,91,199,-1,0,0
쒹,U+C4B9,10,16,1,151,221,333,151,243,277,12,1
쒺,U+C4BA,10,16,2,151,221,334,151,243,278,18,1
쒻,U+C4BB,10,16,3,151,221,335,151,243,279,38,1
쒼,U+C4BC,10,16,4,151,221,336,151,243,280,19,1
쒽,U+C4BD,10,16,5,151,221,337,151,243,281,20,1
쒾,U+C4BE,10,16,6,151,221,338,151,243,282,22,1
쒿,U+C4BF,10,16,7,151,221,339,151,243,283,18,1
쓀,U+C4C0,10,16,8,151,221,340,151,243,284,18,1
쓁,U+C4C1,10,16,9,151,221,341,151,243,285,28,1
쓂,U+C4C2,10,16,10,151,221,342,151,243,286,26,1
쓃,U+C4C3,10,16,11,151,221,343,151,243,287,26,1
쓄,U+C4C4,10,16,12,151,221,344,151,243,288,40,1
쓅,U+C4C5,10,16,13,151,221,345,151,243,289,20,1
쓆,U+C4C6,10,16,14,151,221,346,151,243,290,26,1
쓇,U+C4C7,10,16,15,151,221,347,151,243,291,36,1
쓈,U+C4C8,10,16,16,151,221,348,151,243,292,25,1
쓉,U+C4C9,10,16,17,151,221,349,151,243,293,25,1
쓊,U+C4CA,10,16,18,151,221,350,151,243,294,44,1
쓋,U+C4CB,10,16,19,151,221,351,151,243,295,30,1
쓌,U+C4CC,10,16,20,151,221,352,151,243,296,36,1
쓍,U+C4CD,10,16,21,151,221,353,151,243,297,34,1
쓎,U+C4CE,10,16,22,151,221,354,151,243,298,33,1
쓏,U+C4CF,10,16,23,151,221,355,151,243,299,24,1
쓐,U+C4D0,10,16,24,151,221,356,151,243,300,14,1
쓑,U+C4D1,10,16,25,151,221,357,151,243,301,20,1
쓒,U+C4D2,10,16,26,151,221,358,151,243,302,32,1
쓓,U+C4D3,10,16,27,151,221,359,151,243,303,28,1
쓔,U+C4D4,10,17,0,51,178,-1,51,200,-1,0,0
쓕,U+C4D5,10,17,1,131,222,305,131,244,333,18,1
쓖,U+C4D6,10,17,2,131,222,306,131,244,334,31,1
쓗,U+C4D7,10,17,3,131,222,307,131,244,335,36,1
쓘,U+C4D8,10,17,4,131,222,308,131,244,336,23,1
쓙,U+C4D9,10,17,5,131,222,309,131,244,337,39,1
쓚,U+C4DA,10,17,6,131,222,310,131,244,338,33,1
쓛,U+C4DB,10,17,7,131,222,311,131,244,339,21,1
쓜,U+C4DC,10,17,8,131,222,312,131,244,340,22,1
쓝,U+C4DD,10,17,9,131,222,313,131,244,341,35,1
쓞,U+C4DE,10,17,10,131,222,314,131,244,342,25,1
쓟,U+C4DF,10,17,11,131,222,315,131,244,343,25,1
쓠,U+C4E0,10,17,12,131,222,316,131,244,344,39,1
쓡,U+C4E1,10,17,13,131,222,317,131,244,345,19,1
쓢,U+C4E2,10,17,14,131,222,318,131,244,346,25,1
쓣,U+C4E3,10,17,15,131,222,319,131,244,347,35,1
쓤,U+C4E4,10,17,16,131,222,320,131,244,348,34,1
쓥,U+C4E5,10,17,17,131,222,321,131,244,349,34,1
쓦,U+C4E6,10,17,18,131,222,322,131,244,350,42,1
쓧,U+C4E7,10,17,19,131,222,323,131,244,351,29,1
쓨,U+C4E8,10,17,20,131,222,324,131,244,352,36,1
쓩,U+C4E9,10,17,21,131,222,325,131,244,353,37,1
쓪,U+C4EA,10,17,22,131,222,326,131,244,354,22,1
쓫,U+C4EB,10,17,23,131,222,327,131,244,355,25,1
쓬,U+C4EC,10,17,24,131,222,328,131,244,356,19,1
쓭,U+C4ED,10,17,25,131,222,329,131,244,357,22,1
쓮,U+C4EE,10,17,26,131,222,330,131,244,358,32,1
쓯,U+C4EF,10,17,27,131,222,331,131,244,359,32,1
쓰,U+C4F0,10,18,0,31,179,-1,31,201,-1,0,0
쓱,U+C4F1,10,18,1,111,223,277,131,245,333,45,1
쓲,U+C4F2,10,18,2,111,223,278,131,245,334,51,1
쓳,U+C4F3,10,18,3,111,223,279,131,245,335,71,1
쓴,U+C4F4,10,18,4,111,223,280,131,245,336,52,1
쓵,U+C4F5,10,18,5,111,223,281,131,245,337,53,1
쓶,U+C4F6,10,18,6,111,223,282,131,245,338,55,1
쓷,U+C4F7,10,18,7,111,223,283,131,245,339,51,1
쓸,U+C4F8,10,18,8,111,223,284,131,245,340,51,1
쓹,U+C4F9,10,18,9,111,223,285,131,245,341,61,1
쓺,U+C4FA,10,18,10,111,223,286,131,245,342,59,1
쓻,U+C4FB,10,18,11,111,223,287,131,245,343,59,1
쓼,U+C4FC,10,18,12,111,223,288,131,245,344,73,1
쓽,U+C4FD,10,18,13,111,223,289,131,245,345,53,1
쓾,U+C4FE,10,18,14,111,223,290,131,245,346,59,1
쓿,U+C4FF,10,18,15,111,223,291,131,245,347,69,1
씀,U+C500,10,18,16,111,223,292,131,245,348,58,1
씁,U+C501,10,18,17,111,223,293,131,245,349,58,1
씂,U+C502,10,18,18,111,223,294,131,245,350,77,1
씃,U+C503,10,18,19,111,223,295,131,245,351,63,1
씄,U+C504,10,18,20,111,223,296,131,245,352,69,1
씅,U+C505,10,18,21,111,223,297,131,245,353,67,1
씆,U+C506,10,18,22,111,223,298,131,245,354,66,1
씇,U+C507,10,18,23,111,223,299,131,245,355,57,1
씈,U+C508,10,18,24,111,223,300,131,245,356,47,1
씉,U+C509,10,18,25,111,223,301,131,245,357,53,1
씊,U+C50A,10,18,26,111,223,302,131,245,358,65,1
씋,U+C50B,10,18,27,111,223,303,131,245,359,61,1
씌,U+C50C,10,19,0,71,180,-1,71,202,-1,0,0
씍,U+C50D,10,19,1,151,224,333,151,246,277,12,1
씎,U+C50E,10,19,2,151,224,334,151,246,278,18,1
씏,U+C50F,10,19,3,151,224,335,151,246,279,38,1
씐,U+C510,10,19,4,151,224,336,151,246,280,19,1
씑,U+C511,10,19,5,151,224,337,151,246,281,20,1
씒,U+C512,10,19,6,151,224,338,151,246,282,22,1
씓,U+C513,10,19,7,151,224,339,151,246,283,18,1
씔,U+C514,10,19,8,151,224,340,151,246,284,18,1
씕,U+C515,10,19,9,151,224,341,151,246,285,28,1
씖,U+C516,10,19,10,151,224,342,151,246,286,26,1
씗,U+C517,10,19,11,151,224,343,151,246,287,26,1
씘,U+C518,10,19,12,151,224,344,151,246,288,40,1
씙,U+C519,10,19,13,151,224,345,151,246,289,20,1
씚,U+C51A,10,19,14,151,224,346,151,246,290,26,1
씛,U+C51B,10,19,15,151,224,347,151,246,291,36,1
씜,U+C51C,10,19,16,151,224,348,151,246,292,25,1
씝,U+C51D,10,19,17,151,224,349,151,246,293,25,1
씞,U+C51E,10,19,18,151,224,350,151,246,294,44,1
씟,U+C51F,10,19,19,151,224,351,151,246,295,30,1
씠,U+C520,10,19,20,151,224,352,151,246,296,36,1
씡,U+C521,10,19,21,151,224,353,151,246,297,34,1
씢,U+C522,10,19,22,151,224,354,151,246,298,33,1
씣,U+C523,10,19,23,151,224,355,151,246,299,24,1
씤,U+C524,10,19,24,151,224,356,151,246,300,14,1
씥,U+C525,10,19,25,151,224,357,151,246,301,20,1
씦,U+C526,10,19,26,151,224,358,151,246,302,32,1
씧,U+C527,10,19,27,151,224,359,151,246,303,28,1
씨,U+C528,10,20,0,11,181,-1,11,203,-1,0,0
씩,U+C529,10,20,1,91,225,249,111,247,277,36,1
씪,U+C52A,10,20,2,91,225,250,111,247,278,36,1
씫,U+C52B,10,20,3,91,225,251,111,247,279,36,1
씬,U+C52C,10,20,4,91,225,252,111,247,280,36,1
씭,U+C52D,10,20,5,91,225,253,111,247,281,36,1
씮,U+C52E,10,20,6,91,225,254,111,247,282,36,1
씯,U+C52F,10,20,7,91,225,255,111,247,283,36,1
씰,U+C530,10,20,8,91,225,256,111,247,284,36,1
씱,U+C531,10,20,9,91,225,257,111,247,285,36,1
씲,U+C532,10,20,10,91,225,258,111,247,286,36,1
씳,U+C533,10,20,11,91,225,259,111,247,287,36,1
씴,U+C534,10,20,12,91,225,260,111,247,288,36,1
씵,U+C535,10,20,13,91,225,261,111,247,289,36,1
씶,U+C536,10,20,14,91,225,262,111,247,290,36,1
씷,U+C537,10,20,15,91,225,263,111,247,291,36,1
씸,U+C538,10,20,16,91,225,264,111,247,292,36,1
씹,U+C539,10,20,17,91,225,265,111,247,293,36,1
씺,U+C53A,10,20,18,91,225,266,111,247,294,36,1
씻,U+C53B,10,20,19,91,225,267,111,247,295,36,1
씼,U+C53C,10,20,20,91,225,268,111,247,296,36,1
씽,U+C53D,10,20,21,91,225,269,111,247,297,36,1
씾,U+C53E,10,20,22,91,225,270,111,247,298,36,1
씿,U+C53F,10,20,23,91,225,271,111,247,299,36,1
앀,U+C540,10,20,24,91,225,272,111,247,300,36,1
앁,U+C541,10,20,25,91,225,273,111,247,301,36,1
앂,U+C542,10,20,26,91,225,274,111,247,302,36,1
앃,U+C543,10,20,27,91,225,275,111,247,303,36,1
아,U+C544,11,0,0,12,161,-1,12,183,-1,0,0
악,U+C545,11,0,1,92,205,249,112,227,249,22,1
앆,U+C546,11,0,2,92,205,250,112,227,250,22,1
앇,U+C547,11,0,3,92,205,251,112,227,251,22,1
안,U+C548,11,0,4,92,205,252,112,227,252,22,1
앉,U+C549,11,0,5,92,205,253,112,227,253,22,1
않,U+C54A,11,0,6,92,205,254,112,227,254,22,1
앋,U+C54B,11,0,7,92,205,255,112,227,255,22,1
알,U+C54C,11,0,8,92,205,256,112,227,256,22,1
앍,U+C54D,11,0,9,92,205,257,112,227,257,22,1
앎,U+C54E,11,0,10,92,205,258,112,227,258,22,1
앏,U+C54F,11,0,11,92,205,259,112,227,259,22,1
앐,U+C550,11,0,12,92,205,260,112,227,260,22,1
앑,U+C551,11,0,13,92,205,261,112,227,261,22,1
앒,U+C552,11,0,14,92,205,262,112,227,262,22,1
앓,U+C553,11,0,15,92,205,263,112,227,263,22,1
암,U+C554,11,0,16,92,205,264,112,227,264,22,1
압,U+C555,11,0,17,92,205,265,112,227,265,22,1
앖,U+C556,11,0,18,92,205,266,112,227,266,22,1
앗,U+C557,11,0,19,92,205,267,112,227,267,22,1
았,U+C558,11,0,20,92,205,268,112,227,268,22,1
앙,U+C559,11,0,21,92,205,269,112,227,269,22,1
앚,U+C55A,11,0,22,92,205,270,112,227,270,22,1
앛,U+C55B,11,0,23,92,205,271,112,227,271,22,1
앜,U+C55C,11,0,24,92,205,272,112,227,272,22,1
앝,U+C55D,11,0,25,92,205,273,112,227,273,22,1
앞,U+C55E,11,0,26,92,205,274,112,227,274,22,1
앟,U+C55F,11,0,27,92,205,275,112,227,275,22,1
애,U+C560,11,1,0,12,162,-1,12,184,-1,0,0
액,U+C561,11,1,1,92,206,249,112,228,305,31,1
앢,U+C562,11,1,2,92,206,250,112,228,306,39,1
앣,U+C563,11,1,3,92,206,251,112,228,307,23,1
앤,U+C564,11,1,4,92,206,252,112,228,308,33,1
앥,U+C565,11,1,5,92,206,253,112,228,309,42,1
앦,U+C566,11,1,6,92,206,254,112,228,310,35,1
앧,U+C567,11,1,7,92,206,255,112,228,311,32,1
앨,U+C568,11,1,8,92,206,256,112,228,312,27,1
앩,U+C569,11,1,9,92,206,257,112,228,313,31,1
앪,U+C56A,11,1,10,92,206,258,112,228,314,22,1
앫,U+C56B,11,1,11,92,206,259,112,228,315,22,1
앬,U+C56C,11,1,12,92,206,260,112,228,316,22,1
앭,U+C56D,11,1,13,92,206,261,112,228,317,22,1
앮,U+C56E,11,1,14,92,206,262,112,228,318,22,1
앯,U+C56F,11,1,15,92,206,263,112,228,319,22,1
앰,U+C570,11,1,16,92,206,264,112,228,320,38,1
앱,U+C571,11,1,17,92,206,265,112,228,321,38,1
앲,U+C572,11,1,18,92,206,266,112,228,322,22,1
앳,U+C573,11,1,19,92,206,267,112,228,323,22,1
앴,U+C574,11,1,20,92,206,268,112,228,324,22,1
앵,U+C575,11,1,21,92,206,269,112,228,325,38,1
앶,U+C576,11,1,22,92,206,270,112,228,326,41,1
앷,U+C577,11,1,23,92,206,271,112,228,327,28,1
앸,U+C578,11,1,24,92,206,272,112,228,328,30,1
앹,U+C579,11,1,25,92,206,273,112,228,329,25,1
앺,U+C57A,11,1,26,92,206,274,112,228,330,26,1
앻,U+C57B,11,1,27,92,206,275,112,228,331,28,1
야,U+C57C,11,2,0,12,163,-1,12,185,-1,0,0
약,U+C57D,11,2,1,92,207,249,112,229,249,22,1
앾,U+C57E,11,2,2,92,207,250,112,229,250,22,1
앿,U+C57F,11,2,3,92,207,251,112,229,251,22,1
얀,U+C580,11,2,4,92,207,252,112,229,252,22,1
얁,U+C581,11,2,5,92,207,253,112,229,253,22,1
얂,U+C582,11,2,6,92,207,254,112,229,254,22,1
얃,U+C583,11,2,7,92,207,255,112,229,255,22,1
얄,U+C584,11,2,8,92,207,256,112,229,256,22,1
얅,U+C585,11,2,9,92,207,257,112,229,257,22,1
얆,U+C586,11,2,10,92,207,258,112,229,258,22,1
얇,U+C587,11,2,11,92,207,259,112,229,259,22,1
얈,U+C588,11,2,12,92,207,260,112,229,260,22,1
얉,U+C589,11,2,13,92,207,261,112,229,261,22,1
얊,U+C58A,11,2,14,92,207,262,112,229,262,22,1
얋,U+C58B,11,2,15,92,207,263,112,229,263,22,1
얌,U+C58C,11,2,16,92,207,264,112,229,264,22,1
얍,U+C58D,11,2,17,92,207,265,112,229,265,22,1
얎,U+C58E,11,2,18,92,207,266,112,229,266,22,1
얏,U+C58F,11,2,19,92,207,267,112,229,267,22,1
얐,U+C590,11,2,20,92,207,268,112,229,268,22,1
양,U+C591,11,2,21,92,207,269,112,229,269,22,1
얒,U+C592,11,2,22,92,207,270,112,229,270,22,1
얓,U+C593,11,2,23,92,207,271,112,229,271,22,1
얔,U+C594,11,2,24,92,207,272,112,229,272,22,1
얕,U+C595,11,2,25,92,207,273,112,229,273,22,1
얖,U+C596,11,2,26,92,207,274,112,229,274,22,1
얗,U+C597,11,2,27,92,207,275,112,229,275,22,1
얘,U+C598,11,3,0,12,164,-1,12,186,-1,0,0
얙,U+C599,11,3,1,92,208,249,112,230,305,31,1
얚,U+C59A,11,3,2,92,208,250,112,230,306,39,1
얛,U+C59B,11,3,3,92,208,251,112,230,307,23,1
얜,U+C59C,11,3,4,92,208,252,112,230,308,33,1
얝,U+C59D,11,3,5,92,208,253,112,230,309,42,1
얞,U+C59E,11,3,6,92,208,254,112,230,310,35,1
얟,U+C59F,11,3,7,92,208,255,112,230,311,32,1
얠,U+C5A0,11,3,8,92,208,256,112,230,312,27,1
얡,U+C5A1,11,3,9,92,208,257,112,230,313,31,1
얢,U+C5A2,11,3,10,92,208,258,112,230,314,22,1
얣,U+C5A3,11,3,11,92,208,259,112,230,315,22,1
얤,U+C5A4,11,3,12,92,208,260,112,230,316,22,1
얥,U+C5A5,11,3,13,92,208,261,112,230,317,22,1
얦,U+C5A6,11,3,14,92,208,262,112,230,318,22,1
얧,U+C5A7,11,3,15,92,208,263,112,230,319,22,1
얨,U+C5A8,11,3,16,92,208,264,112,230,320,38,1
얩,U+C5A9,11,3,17,92,208,265,112,230,321,38,1
얪,U+C5AA,11,3,18,92,208,266,112,230,322,22,1
얫,U+C5AB,11,3,19,92,208,267,112,230,323,22,1
얬,U+C5AC,11,3,20,92,208,268,112,230,324,22,1
얭,U+C5AD,11,3,21,92,208,269,112,230,325,38,1
얮,U+C5AE,11,3,22,92,208,270,112,230,326,41,1
얯,U+C5AF,11,3,23,92,208,271,112,230,327,28,1
얰,U+C5B0,11,3,24,92,208,272,112,230,328,30,1
얱,U+C5B1,11,3,25,92,208,273,112,230,329,25,1
얲,U+C5B2,11,3,26,92,208,274,112,230,330,26,1
얳,U+C5B3,11,3,27,92,208,275,112,230,331,28,1
어,U+C5B4,11,4,0,12,165,-1,12,187,-1,0,0
억,U+C5B5,11,4,1,92,209,249,112,231,277,22,1
얶,U+C5B6,11,4,2,92,209,250,112,231,278,22,1
얷,U+C5B7,11,4,3,92,209,251,112,231,279,22,1
언,U+C5B8,11,4,4,92,209,252,112,231,280,22,1
얹,U+C5B9,11,4,5,92,209,253,112,231,281,22,1
얺,U+C5BA,11,4,6,92,209,254,112,231,282,22,1
얻,U+C5BB,11,4,7,92,209,255,112,231,283,22,1
얼,U+C5BC,11,4,8,92,209,256,112,231,284,22,1
얽,U+C5BD,11,4,9,92,209,257,112,231,285,22,1
얾,U+C5BE,11,4,10,92,209,258,112,231,286,22,1
얿,U+C5BF,11,4,11,92,209,259,112,231,287,22,1
엀,U+C5C0,11,4,12,92,209,260,112,231,288,22,1
엁,U+C5C1,11,4,13,92,209,261,112,231,289,22,1
엂,U+C5C2,11,4,14,92,209,262,112,231,290,22,1
엃,U+C5C3,11,4,15,92,209,263,112,231,291,22,1
엄,U+C5C4,11,4,16,92,209,264,112,231,292,22,1
업,U+C5C5,11,4,17,92,209,265,112,231,293,22,1
없,U+C5C6,11,4,18,92,209,266,112,231,294,22,1
엇,U+C5C7,11,4,19,92,209,267,112,231,295,22,1
었,U+C5C8,11,4,20,92,209,268,112,231,296,22,1
엉,U+C5C9,11,4,21,92,209,269,112,231,297,22,1
엊,U+C5CA,11,4,22,92,209,270,112,231,298,22,1
엋,U+C5CB,11,4,23,92,209,271,112,231,299,22,1
엌,U+C5CC,11,4,24,92,209,272,112,231,300,22,1
엍,U+C5CD,11,4,25,92,209,273,112,231,301,22,1
엎,U+C5CE,11,4,26,92,209,274,112,231,302,22,1
엏,U+C5CF,11,4,27,92,209,275,112,231,303,22,1
에,U+C5D0,11,5,0,12,166,-1,12,188,-1,0,0
엑,U+C5D1,11,5,1,92,210,249,112,232,305,30,1
엒,U+C5D2,11,5,2,92,210,250,112,232,306,38,1
엓,U+C5D3,11,5,3,92,210,251,112,232,307,22,1
엔,U+C5D4,11,5,4,92,210,252,112,232,308,32,1
엕,U+C5D5,11,5,5,92,210,253,112,232,309,41,1
엖,U+C5D6,11,5,6,92,210,254,112,232,310,34,1
엗,U+C5D7,11,5,7,92,210,255,112,232,311,31,1
엘,U+C5D8,11,5,8,92,210,256,112,232,312,26,1
엙,U+C5D9,11,5,9,92,210,257,112,232,313,30,1
엚,U+C5DA,11,5,10,92,210,258,112,232,314,21,1
엛,U+C5DB,11,5,11,92,210,259,112,232,315,21,1
엜,U+C5DC,11,5,12,92,210,260,112,232,316,21,1
엝,U+C5DD,11,5,13,92,210,261,112,232,317,21,1
엞,U+C5DE,11,5,14,92,210,262,112,232,318,21,1
엟,U+C5DF,11,5,15,92,210,263,112,232,319,21,1
엠,U+C5E0,11,5,16,92,210,264,112,232,320,37,1
엡,U+C5E1,11,5,17,92,210,265,112,232,321,37,1
엢,U+C5E2,11,5,18,92,210,266,112,232,322,21,1
엣,U+C5E3,11,5,19,92,210,267,112,232,323,21,1
엤,U+C5E4,11,5,20,92,210,268,112,232,324,21,1
엥,U+C5E5,11,5,21,92,210,269,112,232,325,37,1
엦,U+C5E6,11,5,22,92,210,270,112,232,326,40,1
엧,U+C5E7,11,5,23,92,210,271,112,232,327,27,1
엨,U+C5E8,11,5,24,92,210,272,112,232,328,29,1
엩,U+C5E9,11,5,25,92,210,273,112,232,329,24,1
엪,U+C5EA,11,5,26,92,210,274,112,232,330,25,1
엫,U+C5EB,11,5,27,92,210,275,112,232,331,27,1
여,U+C5EC,11,6,0,12,167,-1,12,189,-1,0,0
역,U+C5ED,11,6,1,92,211,249,112,233,277,22,1
엮,U+C5EE,11,6,2,92,211,250,112,233,278,22,1
엯,U+C5EF,11,6,3,92,211,251,112,233,279,22,1
연,U+C5F0,11,6,4,92,211,252,112,233,280,22,1
엱,U+C5F1,11,6,5,92,211,253,112,233,281,22,1
엲,U+C5F2,11,6,6,92,211,254,112,233,282,22,1
엳,U+C5F3,11,6,7,92,211,255,112,233,283,22,1
열,U+C5F4,11,6,8,92,211,256,112,233,284,22,1
엵,U+C5F5,11,6,9,92,211,257,112,233,285,22,1
엶,U+C5F6,11,6,10,92,211,258,112,233,286,22,1
엷,U+C5F7,11,6,11,92,211,259,112,233,287,22,1
엸,U+C5F8,11,6,12,92,211,260,112,233,288,22,1
엹,U+C5F9,11,6,13,92,211,261,112,233,289,22,1
엺,U+C5FA,11,6,14,92,211,262,112,233,290,22,1
엻,U+C5FB,11,6,15,92,211,263,112,233,291,22,1
염,U+C5FC,11,6,16,92,211,264,112,233,292,22,1
엽,U+C5FD,11,6,17,92,211,265,112,233,293,22,1
엾,U+C5FE,11,6,18,92,211,266,112,233,294,22,1
엿,U+C5FF,11,6,19,92,211,267,112,233,295,22,1
였,U+C600,11,6,20,92,211,268,112,233,296,22,1
영,U+C601,11,6,21,92,211,269,112,233,297,22,1
옂,U+C602,11,6,22,92,211,270,112,233,298,22,1
옃,U+C603,11,6,23,92,211,271,112,233,299,22,1
옄,U+C604,11,6,24,92,211,272,112,233,300,22,1
옅,U+C605,11,6,25,92,211,273,112,233,301,22,1
옆,U+C606,11,6,26,92,211,274,112,233,302,22,1
옇,U+C607,11,6,27,92,211,275,112,233,303,22,1
예,U+C608,11,7,0,12,168,-1,12,190,-1,0,0
옉,U+C609,11,7,1,92,212,249,112,234,305,30,1
옊,U+C60A,11,7,2,92,212,250,112,234,306,38,1
옋,U+C60B,11,7,3,92,212,251,112,234,307,22,1
옌,U+C60C,11,7,4,92,212,252,112,234,308,32,1
옍,U+C60D,11,7,5,92,212,253,112,234,309,41,1
옎,U+C60E,11,7,6,92,212,254,112,234,310,34,1
옏,U+C60F,11,7,7,92,212,255,112,234,311,31,1
옐,U+C610,11,7,8,92,212,256,112,234,312,26,1
옑,U+C611,11,7,9,92,212,257,112,234,313,30,1
옒,U+C612,11,7,10,92,212,258,112,234,314,21,1
옓,U+C613,11,7,11,92,212,259,112,234,315,21,1
옔,U+C614,11,7,12,92,212,260,112,234,316,21,1
옕,U+C615,11,7,13,92,212,261,112,234,317,21,1
옖,U+C616,11,7,14,92,212,262,112,234,318,21,1
옗,U+C617,11,7,15,92,212,263,112,234,319,21,1
옘,U+C618,11,7,16,92,212,264,112,234,320,37,1
옙,U+C619,11,7,17,92,212,265,112,234,321,37,1
옚,U+C61A,11,7,18,92,212,266,112,234,322,21,1
옛,U+C61B,11,7,19,92,212,267,112,234,323,21,1
옜,U+C61C,11,7,20,92,212,268,112,234,324,21,1
옝,U+C61D,11,7,21,92,212,269,112,234,325,37,1
옞,U+C61E,11,7,22,92,212,270,112,234,326,40,1
옟,U+C61F,11,7,23,92,212,271,112,234,327,27,1
옠,U+C620,11,7,24,92,212,272,112,234,328,29,1
옡,U+C621,11,7,25,92,212,273,112,234,329,24,1
옢,U+C622,11,7,26,92,212,274,112,234,330,25,1
옣,U+C623,11,7,27,92,212,275,112,234,331,27,1
오,U+C624,11,8,0,32,169,-1,32,191,-1,0,0
옥,U+C625,11,8,1,112,213,277,132,235,333,51,1
옦,U+C626,11,8,2,112,213,278,132,235,334,57,1
옧,U+C627,11,8,3,112,213,279,132,235,335,77,1
온,U+C628,11,8,4,112,213,280,132,235,336,58,1
옩,U+C629,11,8,5,112,213,281,132,235,337,59,1
옪,U+C62A,11,8,6,112,213,282,132,235,338,61,1
옫,U+C62B,11,8,7,112,213,283,132,235,339,57,1
올,U+C62C,11,8,8,112,213,284,132,235,340,57,1
옭,U+C62D,11,8,9,112,213,285,132,235,341,67,1
옮,U+C62E,11,8,10,112,213,286,132,235,342,65,1
옯,U+C62F,11,8,11,112,213,287,132,235,343,65,1
옰,U+C630,11,8,12,112,213,288,132,235,344,79,1
옱,U+C631,11,8,13,112,213,289,132,235,345,59,1
옲,U+C632,11,8,14,112,213,290,132,235,346,65,1
옳,U+C633,11,8,15,112,213,291,132,235,347,75,1
옴,U+C634,11,8,16,112,213,292,132,235,348,64,1
옵,U+C635,11,8,17,112,213,293,132,235,349,64,1
옶,U+C636,11,8,18,112,213,294,132,235,350,83,1
옷,U+C637,11,8,19,112,213,295,132,235,351,69,1
옸,U+C638,11,8,20,112,213,296,132,235,352,75,1
옹,U+C639,11,8,21,112,213,297,132,235,353,73,1
옺,U+C63A,11,8,22,112,213,298,132,235,354,72,1
옻,U+C63B,11,8,23,112,213,299,132,235,355,63,1
옼,U+C63C,11,8,24,112,213,300,132,235,356,53,1
옽,U+C63D,11,8,25,112,213,301,132,235,357,59,1
옾,U+C63E,11,8,26,112,213,302,132,235,358,71,1
옿,U+C63F,11,8,27,112,213,303,132,235,359,67,1
와,U+C640,11,9,0,72,170,-1,72,192,-1,0,0
왁,U+C641,11,9,1,152,214,333,152,236,249,12,1
왂,U+C642,11,9,2,152,214,334,152,236,250,18,1
왃,U+C643,11,9,3,152,214,335,152,236,251,38,1
완,U+C644,11,9,4,152,214,336,152,236,252,19,1
왅,U+C645,11,9,5,152,214,337,152,236,253,20,1
왆,U+C646,11,9,6,152,214,338,152,236,254,22,1
왇,U+C647,11,9,7,152,214,339,152,236,255,18,1
왈,U+C648,11,9,8,152,214,340,152,236,256,18,1
왉,U+C649,11,9,9,152,214,341,152,236,257,28,1
왊,U+C64A,11,9,10,152,214,342,152,236,258,26,1
왋,U+C64B,11,9,11,152,214,343,152,236,259,26,1
왌,U+C64C,11,9,12,152,214,344,152,236,260,40,1
왍,U+C64D,11,9,13,152,214,345,152,236,261,20,1
왎,U+C64E,11,9,14,152,214,346,152,236,262,26,1
왏,U+C64F,11,9,15,152,214,347,152,236,263,36,1
왐,U+C650,11,9,16,152,214,348,152,236,264,25,1
왑,U+C651,11,9,17,152,214,349,152,236,265,25,1
왒,U+C652,11,9,18,152,214,350,152,236,266,44,1
왓,U+C653,11,9,19,152,214,351,152,236,267,30,1
왔,U+C654,11,9,20,152,214,352,152,236,268,36,1
왕,U+C655,11,9,21,152,214,353,152,236,269,34,1
왖,U+C656,11,9,22,152,214,354,152,236,270,33,1
왗,U+C657,11,9,23,152,214,355,152,236,271,24,1
왘,U+C658,11,9,24,152,214,356,152,236,272,14,1
왙,U+C659,11,9,25,152,214,357,152,236,273,20,1
왚,U+C65A,11,9,26,152,214,358,152,236,274,32,1
왛,U+C65B,11,9,27,152,214,359,152,236,275,28,1
왜,U+C65C,11,10,0,72,171,-1,72,193,-1,0,0
왝,U+C65D,11,10,1,152,215,333,152,237,305,19,1
왞,U+C65E,11,10,2,152,215,334,152,237,306,31,1
왟,U+C65F,11,10,3,152,215,335,152,237,307,37,1
왠,U+C660,11,10,4,152,215,336,152,237,308,24,1
왡,U+C661,11,10,5,152,215,337,152,237,309,40,1
왢,U+C662,11,10,6,152,215,338,152,237,310,33,1
왣,U+C663,11,10,7,152,215,339,152,237,311,22,1
왤,U+C664,11,10,8,152,215,340,152,237,312,23,1
왥,U+C665,11,10,9,152,215,341,152,237,313,35,1
왦,U+C666,11,10,10,152,215,342,152,237,314,26,1
왧,U+C667,11,10,11,152,215,343,152,237,315,26,1
왨,U+C668,11,10,12,152,215,344,152,237,316,40,1
왩,U+C669,11,10,13,152,215,345,152,237,317,20,1
왪,U+C66A,11,10,14,152,215,346,152,237,318,26,1
왫,U+C66B,11,10,15,152,215,347,152,237,319,36,1
왬,U+C66C,11,10,16,152,215,348,152,237,320,35,1
왭,U+C66D,11,10,17,152,215,349,152,237,321,35,1
왮,U+C66E,11,10,18,152,215,350,152,237,322,44,1
왯,U+C66F,11,10,19,152,215,351,152,237,323,30,1
왰,U+C670,11,10,20,152,215,352,152,237,324,36,1
왱,U+C671,11,10,21,152,215,353,152,237,325,38,1
왲,U+C672,11,10,22,152,215,354,152,237,326,22,1
왳,U+C673,11,10,23,152,215,355,152,237,327,26,1
왴,U+C674,11,10,24,152,215,356,152,237,328,20,1
왵,U+C675,11,10,25,152,215,357,152,237,329,23,1
왶,U+C676,11,10,26,152,215,358,152,237,330,32,1
왷,U+C677,11,10,27,152,215,359,152,237,331,32,1
외,U+C678,11,11,0,72,172,-1,72,194,-1,0,0
왹,U+C679,11,11,1,152,216,333,152,238,277,12,1
왺,U+C67A,11,11,2,152,216,334,152,238,278,18,1
왻,U+C67B,11,11,3,152,216,335,152,238,279,38,1
왼,U+C67C,11,11,4,152,216,336,152,238,280,19,1
왽,U+C67D,11,11,5,152,216,337,152,238,281,20,1
왾,U+C67E,11,11,6,152,216,338,152,238,282,22,1
왿,U+C67F,11,11,7,152,216,339,152,238,283,18,1
욀,U+C680,11,11,8,152,216,340,152,238,284,18,1
욁,U+C681,11,11,9,152,216,341,152,238,285,28,1
욂,U+C682,11,11,10,152,216,342,152,238,286,26,1
욃,U+C683,11,11,11,152,216,343,152,238,287,26,1
욄,U+C684,11,11,12,152,216,344,152,238,288,40,1
욅,U+C685,11,11,13,152,216,345,152,238,289,20,1
욆,U+C686,11,11,14,152,216,346,152,238,290,26,1
욇,U+C687,11,11,15,152,216,347,152,238,291,36,1
욈,U+C688,11,11,16,152,216,348,152,238,292,25,1
욉,U+C689,11,11,17,152,216,349,152,238,293,25,1
욊,U+C68A,11,11,18,152,216,350,152,238,294,44,1
욋,U+C68B,11,11,19,152,216,351,152,238,295,30,1
욌,U+C68C,11,11,20,152,216,352,152,238,296,36,1
욍,U+C68D,11,11,21,152,216,353,152,238,297,34,1
욎,U+C68E,11,11,22,152,216,354,152,238,298,33,1
욏,U+C68F,11,11,23,152,216,355,152,238,299,24,1
욐,U+C690,11,11,24,152,216,356,152,238,300,14,1
욑,U+C691,11,11,25,152,216,357,152,238,301,20,1
욒,U+C692,11,11,26,152,216,358,152,238,302,32,1
욓,U+C693,11,11,27,152,216,359,152,238,303,28,1
요,U+C694,11,12,0,32,173,-1,32,195,-1,0,0
욕,U+C695,11,12,1,112,217,277,132,239,333,50,1
욖,U+C696,11,12,2,112,217,278,132,239,334,56,1
욗,U+C697,11,12,3,112,217,279,132,239,335,76,1
욘,U+C698,11,12,4,112,217,280,132,239,336,57,1
욙,U+C699,11,12,5,112,217,281,132,239,337,58,1
욚,U+C69A,11,12,6,112,217,282,132,239,338,60,1
욛,U+C69B,11,12,7,112,217,283,132,239,339,56,1
욜,U+C69C,11,12,8,112,217,284,132,239,340,56,1
욝,U+C69D,11,12,9,112,217,285,132,239,341,66,1
욞,U+C69E,11,12,10,112,217,286,132,239,342,64,1
욟,U+C69F,11,12,11,112,217,287,132,239,343,64,1
욠,U+C6A0,11,12,12,112,217,288,132,239,344,78,1
욡,U+C6A1,11,12,13,112,217,289,132,239,345,58,1
욢,U+C6A2,11,12,14,112,217,290,132,239,346,64,1
욣,U+C6A3,11,12,15,112,217,291,132,239,347,74,1
욤,U+C6A4,11,12,16,112,217,292,132,239,348,63,1
욥,U+C6A5,11,12,17,112,217,293,132,239,349,63,1
욦,U+C6A6,11,12,18,112,217,294,132,239,350,82,1
욧,U+C6A7,11,12,19,112,217,295,132,239,351,68,1
욨,U+C6A8,11,12,20,112,217,296,132,239,352,74,1
용,U+C6A9,11,12,21,112,217,297,132,239,353,72,1
욪,U+C6AA,11,12,22,112,217,298,132,239,354,71,1
욫,U+C6AB,11,12,23,112,217,299,132,239,355,62,1
욬,U+C6AC,11,12,24,112,217,300,132,239,356,52,1
욭,U+C6AD,11,12,25,112,217,301,132,239,357,58,1
욮,U+C6AE,11,12,26,112,217,302,132,239,358,70,1
욯,U+C6AF,11,12,27,112,217,303,132,239,359,66,1
우,U+C6B0,11,13,0,52,174,-1,52,196,-1,0,0
욱,U+C6B1,11,13,1,132,218,305,132,240,333,19,1
욲,U+C6B2,11,13,2,132,218,306,132,240,334,31,1
욳,U+C6B3,11,13,3,132,218,307,132,240,335,37,1
운,U+C6B4,11,13,4,132,218,308,132,240,336,23,1
욵,U+C6B5,11,13,5,132,218,309,132,240,337,39,1
욶,U+C6B6,11,13,6,132,218,310,132,240,338,33,1
욷,U+C6B7,11,13,7,132,218,311,132,240,339,22,1
울,U+C6B8,11,13,8,132,218,312,132,240,340,23,1
욹,U+C6B9,11,13,9,132,218,313,132,240,341,35,1
욺,U+C6BA,11,13,10,132,218,314,132,240,342,26,1
욻,U+C6BB,11,13,11,132,218,315,132,240,343,26,1
욼,U+C6BC,11,13,12,132,218,316,132,240,344,40,1
욽,U+C6BD,11,13,13,132,218,317,132,240,345,20,1
욾,U+C6BE,11,13,14,132,218,318,132,240,346,26,1
욿,U+C6BF,11,13,15,132,218,319,132,240,347,36,1
움,U+C6C0,11,13,16,132,218,320,132,240,348,35,1
웁,U+C6C1,11,13,17,132,218,321,132,240,349,34,1
웂,U+C6C2,11,13,18,132,218,322,132,240,350,43,1
웃,U+C6C3,11,13,19,132,218,323,132,240,351,29,1
웄,U+C6C4,11,13,20,132,218,324,132,240,352,35,1
웅,U+C6C5,11,13,21,132,218,325,132,240,353,37,1
웆,U+C6C6,11,13,22,132,218,326,132,240,354,22,1
웇,U+C6C7,11,13,23,132,218,327,132,240,355,25,1
웈,U+C6C8,11,13,24,132,218,328,132,240,356,20,1
웉,U+C6C9,11,13,25,132,218,329,132,240,357,23,1
웊,U+C6CA,11,13,26,132,218,330,132,240,358,32,1
웋,U+C6CB,11,13,27,132,218,331,132,240,359,31,1
워,U+C6CC,11,14,0,72,175,-1,92,197,-1,0,0
웍,U+C6CD,11,14,1,152,219,333,152,241,277,12,1
웎,U+C6CE,11,14,2,152,219,334,152,241,278,18,1
웏,U+C6CF,11,14,3,152,219,335,152,241,279,38,1
원,U+C6D0,11,14,4,152,219,336,152,241,280,19,1
웑,U+C6D1,11,14,5,152,219,337,152,241,281,20,1
웒,U+C6D2,11,14,6,152,219,338,152,241,282,22,1
웓,U+C6D3,11,14,7,152,219,339,152,241,283,18,1
월,U+C6D4,11,14,8,152,219,340,152,241,284,18,1
웕,U+C6D5,11,14,9,152,219,341,152,241,285,28,1
웖,U+C6D6,11,14,10,152,219,342,152,241,286,26,1
웗,U+C6D7,11,14,11,152,219,343,152,241,287,26,1
웘,U+C6D8,11,14,12,152,219,344,152,241,288,40,1
웙,U+C6D9,11,14,13,152,219,345,152,241,289,20,1
웚,U+C6DA,11,14,14,152,219,346,152,241,290,26,1
웛,U+C6DB,11,14,15,152,219,347,152,241,291,36,1
웜,U+C6DC,11,14,16,152,219,348,152,241,292,25,1
웝,U+C6DD,11,14,17,152,219,349,152,241,293,25,1
웞,U+C6DE,11,14,18,152,219,350,152,241,294,44,1
웟,U+C6DF,11,14,19,152,219,351,152,241,295,30,1
웠,U+C6E0,11,14,20,152,219,352,152,241,296,36,1
웡,U+C6E1,11,14,21,152,219,353,152,241,297,34,1
웢,U+C6E2,11,14,22,152,219,354,152,241,298,33,1
웣,U+C6E3,11,14,23,152,219,355,152,241,299,24,1
웤,U+C6E4,11,14,24,152,219,356,152,241,300,14,1
웥,U+C6E5,11,14,25,152,219,357,152,241,301,20,1
웦,U+C6E6,11,14,26,152,219,358,152,241,302,32,1
웧,U+C6E7,11,14,27,152,219,359,152,241,303,28,1
웨,U+C6E8,11,15,0,72,176,-1,92,198,-1,0,0
웩,U+C6E9,11,15,1,152,220,333,152,242,305,19,1
웪,U+C6EA,11,15,2,152,220,334,152,242,306,31,1
웫,U+C6EB,11,15,3,152,220,335,152,242,307,37,1
웬,U+C6EC,11,15,4,152,220,336,152,242,308,24,1
웭,U+C6ED,11,15,5,152,220,337,152,242,309,40,1
웮,U+C6EE,11,15,6,152,220,338,152,242,310,33,1
웯,U+C6EF,11,15,7,152,220,339,152,242,311,22,1
웰,U+C6F0,11,15,8,152,220,340,152,242,312,23,1
웱,U+C6F1,11,15,9,152,220,341,152,242,313,35,1
웲,U+C6F2,11,15,10,152,220,342,152,242,314,26,1
웳,U+C6F3,11,15,11,152,220,343,152,242,315,26,1
웴,U+C6F4,11,15,12,152,220,344,152,242,316,40,1
웵,U+C6F5,11,15,13,152,220,345,152,242,317,20,1
웶,U+C6F6,11,15,14,152,220,346,152,242,318,26,1
웷,U+C6F7,11,15,15,152,220,347,152,242,319,36,1
웸,U+C6F8,11,15,16,152,220,348,152,242,320,35,1
웹,U+C6F9,11,15,17,152,220,349,152,242,321,35,1
웺,U+C6FA,11,15,18,152,220,350,152,242,322,44,1
웻,U+C6FB,11,15,19,152,220,351,152,242,323,30,1
웼,U+C6FC,11,15,20,152,220,352,152,242,324,36,1
웽,U+C6FD,11,15,21,152,220,353,152,242,325,38,1
웾,U+C6FE,11,15,22,152,220,354,152,242,326,22,1
웿,U+C6FF,11,15,23,152,220,355,152,242,327,26,1
윀,U+C700,11,15,24,152,220,356,152,242,328,20,1
윁,U+C701,11,15,25,152,220,357,152,242,329,23,1
윂,U+C702,11,15,26,152,220,358,152,242,330,32,1
윃,U+C703,11,15,27,152,220,359,152,242,331,32,1
위,U+C704,11,16,0,72,177,-1,92,199,-1,0,0
윅,U+C705,11,16,1,152,221,333,152,243,277,12,1
윆,U+C706,11,16,2,152,221,334,152,243,278,18,1
윇,U+C707,11,16,3,152,221,335,152,243,279,38,1
윈,U+C708,11,16,4,152,221,336,152,243,280,19,1
윉,U+C709,11,16,5,152,221,337,152,243,281,20,1
윊,U+C70A,11,16,6,152,221,338,152,243,282,22,1
윋,U+C70B,11,16,7,152,221,339,152,243,283,18,1
윌,U+C70C,11,16,8,152,221,340,152,243,284,18,1
윍,U+C70D,11,16,9,152,221,341,152,243,285,28,1
윎,U+C70E,11,16,10,152,221,342,152,243,286,26,1
윏,U+C70F,11,16,11,152,221,343,152,243,287,26,1
윐,U+C710,11,16,12,152,221,344,152,243,288,40,1
윑,U+C711,11,16,13,152,221,345,152,243,289,20,1
윒,U+C712,11,16,14,152,221,346,152,243,290,26,1
윓,U+C713,11,16,15,152,221,347,152,243,291,36,1
윔,U+C714,11,16,16,152,221,348,152,243,292,25,1
윕,U+C715,11,16,17,152,221,349,152,243,293,25,1
윖,U+C716,11,16,18,152,221,350,152,243,294,44,1
윗,U+C717,11,16,19,152,221,351,152,243,295,30,1
윘,U+C718,11,16,20,152,221,352,152,243,296,36,1
윙,U+C719,11,16,21,152,221,353,152,243,297,34,1
윚,U+C71A,11,16,22,152,221,354,152,243,298,33,1
윛,U+C71B,11,16,23,152,221,355,152,243,299,24,1
윜,U+C71C,11,16,24,152,221,356,152,243,300,14,1
윝,U+C71D,11,16,25,152,221,357,152,243,301,20,1
윞,U+C71E,11,16,26,152,221,358,152,243,302,32,1
윟,U+C71F,11,16,27,152,221,359,152,243,303,28,1
유,U+C720,11,17,0,52,178,-1,52,200,-1,0,0
육,U+C721,11,17,1,132,222,305,132,244,333,18,1
윢,U+C722,11,17,2,132,222,306,132,244,334,31,1
윣,U+C723,11,17,3,132,222,307,132,244,335,36,1
윤,U+C724,11,17,4,132,222,308,132,244,336,23,1
윥,U+C725,11,17,5,132,222,309,132,244,337,39,1
윦,U+C726,11,17,6,132,222,310,132,244,338,33,1
윧,U+C727,11,17,7,132,222,311,132,244,339,21,1
율,U+C728,11,17,8,132,222,312,132,244,340,22,1
윩,U+C729,11,17,9,132,222,313,132,244,341,35,1
윪,U+C72A,11,17,10,132,222,314,132,244,342,25,1
윫,U+C72B,11,17,11,132,222,315,132,244,343,25,1
윬,U+C72C,11,17,12,132,222,316,132,244,344,39,1
윭,U+C72D,11,17,13,132,222,317,132,244,345,19,1
윮,U+C72E,11,17,14,132,222,318,132,244,346,25,1
윯,U+C72F,11,17,15,132,222,319,132,244,347,35,1
윰,U+C730,11,17,16,132,222,320,132,244,348,34,1
윱,U+C731,11,17,17,132,222,321,132,244,349,34,1
윲,U+C732,11,17,18,132,222,322,132,244,350,42,1
윳,U+C733,11,17,19,132,222,323,132,244,351,29,1
윴,U+C734,11,17,20,132,222,324,132,244,352,36,1
융,U+C735,11,17,21,132,222,325,132,244,353,37,1
윶,U+C736,11,17,22,132,222,326,132,244,354,22,1
윷,U+C737,11,17,23,132,222,327,132,244,355,25,1
윸,U+C738,11,17,24,132,222,328,132,244,356,19,1
윹,U+C739,11,17,25,132,222,329,132,244,357,22,1
윺,U+C73A,11,17,26,132,222,330,132,244,358,32,1
윻,U+C73B,11,17,27,132,222,331,132,244,359,32,1
으,U+C73C,11,18,0,32,179,-1,32,201,-1,0,0
윽,U+C73D,11,18,1,112,223,277,132,245,333,52,1
윾,U+C73E,11,18,2,112,223,278,132,245,334,58,1
윿,U+C73F,11,18,3,112,223,279,132,245,335,78,1
은,U+C740,11,18,4,112,223,280,132,245,336,59,1
읁,U+C741,11,18,5,112,223,281,132,245,337,60,1
읂,U+C742,11,18,6,112,223,282,132,245,338,62,1
읃,U+C743,11,18,7,112,223,283,132,245,339,58,1
을,U+C744,11,18,8,112,223,284,132,245,340,58,1
읅,U+C745,11,18,9,112,223,285,132,245,341,68,1
읆,U+C746,11,18,10,112,223,286,132,245,342,66,1
읇,U+C747,11,18,11,112,223,287,132,245,343,66,1
읈,U+C748,11,18,12,112,223,288,132,245,344,80,1
읉,U+C749,11,18,13,112,223,289,132,245,345,60,1
읊,U+C74A,11,18,14,112,223,290,132,245,346,66,1
읋,U+C74B,11,18,15,112,223,291,132,245,347,76,1
음,U+C74C,11,18,16,112,223,292,132,245,348,65,1
읍,U+C74D,11,18,17,112,223,293,132,245,349,65,1
읎,U+C74E,11,18,18,112,223,294,132,245,350,84,1
읏,U+C74F,11,18,19,112,223,295,132,245,351,70,1
읐,U+C750,11,18,20,112,223,296,132,245,352,76,1
응,U+C751,11,18,21,112,223,297,132,245,353,74,1
읒,U+C752,11,18,22,112,223,298,132,245,354,73,1
읓,U+C753,11,18,23,112,223,299,132,245,355,64,1
읔,U+C754,11,18,24,112,223,300,132,245,356,54,1
읕,U+C755,11,18,25,112,223,301,132,245,357,60,1
읖,U+C756,11,18,26,112,223,302,132,245,358,72,1
읗,U+C757,11,18,27,112,223,303,132,245,359,68,1
의,U+C758,11,19,0,72,180,-1,72,202,-1,0,0
읙,U+C759,11,19,1,152,224,333,152,246,277,12,1
읚,U+C75A,11,19,2,152,224,334,152,246,278,18,1
읛,U+C75B,11,19,3,152,224,335,152,246,279,38,1
읜,U+C75C,11,19,4,152,224,336,152,246,280,19,1
읝,U+C75D,11,19,5,152,224,337,152,246,281,20,1
읞,U+C75E,11,19,6,152,224,338,152,246,282,22,1
읟,U+C75F,11,19,7,152,224,339,152,246,283,18,1
읠,U+C760,11,19,8,152,224,340,152,246,284,18,1
읡,U+C761,11,19,9,152,224,341,152,246,285,28,1
읢,U+C762,11,19,10,152,224,342,152,246,286,26,1
읣,U+C763,11,19,11,152,224,343,152,246,287,26,1
읤,U+C764,11,19,12,152,224,344,152,246,288,40,1
읥,U+C765,11,19,13,152,224,345,152,246,289,20,1
읦,U+C766,11,19,14,152,224,346,152,246,290,26,1
읧,U+C767,11,19,15,152,224,347,152,246,291,36,1
읨,U+C768,11,19,16,152,224,348,152,246,292,25,1
읩,U+C769,11,19,17,152,224,349,152,246,293,25,1
읪,U+C76A,11,19,18,152,224,350,152,246,294,44,1
읫,U+C76B,11,19,19,152,224,351,152,246,295,30,1
읬,U+C76C,11,19,20,152,224,352,152,246,296,36,1
읭,U+C76D,11,19,21,152,224,353,152,246,297,34,1
읮,U+C76E,11,19,22,152,224,354,152,246,298,33,1
읯,U+C76F,11,19,23,152,224,355,152,246,299,24,1
읰,U+C770,11,19,24,152,224,356,152,246,300,14,1
읱,U+C771,11,19,25,152,224,357,152,246,301,20,1
읲,U+C772,11,19,26,152,224,358,152,246,302,32,1
읳,U+C773,11,19,27,152,224,359,152,246,303,28,1
이,U+C774,11,20,0,12,181,-1,12,203,-1,0,0
익,U+C775,11,20,1,92,225,249,112,247,277,22,1
읶,U+C776,11,20,2,92,225,250,112,247,278,22,1
읷,U+C777,11,20,3,92,225,251,112,247,279,22,1
인,U+C778,11,20,4,92,225,252,112,247,280,22,1
읹,U+C779,11,20,5,92,225,253,112,247,281,22,1
읺,U+C77A,11,20,6,92,225,254,112,247,282,22,1
읻,U+C77B,11,20,7,92,225,255,112,247,283,22,1
일,U+C77C,11,20,8,92,225,256,112,247,284,22,1
읽,U+C77D,11,20,9,92,225,257,112,247,285,22,1
읾,U+C77E,11,20,10,92,225,258,112,247,286,22,1
읿,U+C77F,11,20,11,92,225,259,112,247,287,22,1
잀,U+C780,11,20,12,92,225,260,112,247,288,22,1
잁,U+C781,11,20,13,92,225,261,112,247,289,22,1
잂,U+C782,11,20,14,92,225,262,112,247,290,22,1
잃,U+C783,11,20,15,92,225,263,112,247,291,22,1
임,U+C784,11,20,16,92,225,264,112,247,292,22,1
입,U+C785,11,20,17,92,225,265,112,247,293,22,1
잆,U+C786,11,20,18,92,225,266,112,247,294,22,1
잇,U+C787,11,20,19,92,225,267,112,247,295,22,1
있,U+C788,11,20,20,92,225,268,112,247,296,22,1
잉,U+C789,11,20,21,92,225,269,112,247,297,22,1
잊,U+C78A,11,20,22,92,225,270,112,247,298,22,1
잋,U+C78B,11,20,23,92,225,271,112,247,299,22,1
잌,U+C78C,11,20,24,92,225,272,112,247,300,22,1
잍,U+C78D,11,20,25,92,225,273,112,247,301,22,1
잎,U+C78E,11,20,26,92,225,274,112,247,302,22,1
잏,U+C78F,11,20,27,92,225,275,112,247,303,22,1
자,U+C790,12,0,0,13,161,-1,13,183,-1,0,0
작,U+C791,12,0,1,93,205,249,113,227,249,18,1
잒,U+C792,12,0,2,93,205,250,113,227,250,18,1
잓,U+C793,12,0,3,93,205,251,113,227,251,18,1
잔,U+C794,12,0,4,93,205,252,113,227,252,18,1
잕,U+C795,12,0,5,93,205,253,113,227,253,18,1
잖,U+C796,12,0,6,93,205,254,113,227,254,18,1
잗,U+C797,12,0,7,93,205,255,113,227,255,18,1
잘,U+C798,12,0,8,93,205,256,113,227,256,18,1
잙,U+C799,12,0,9,93,205,257,113,227,257,18,1
잚,U+C79A,12,0,10,93,205,258,113,227,258,18,1
잛,U+C79B,12,0,11,93,205,259,113,227,259,18,1
잜,U+C79C,12,0,12,93,205,260,113,227,260,18,1
잝,U+C79D,12,0,13,93,205,261,113,227,261,18,1
잞,U+C79E,12,0,14,93,205,262,113,227,262,18,1
잟,U+C79F,12,0,15,93,205,263,113,227,263,18,1
잠,U+C7A0,12,0,16,93,205,264,113,227,264,18,1
잡,U+C7A1,12,0,17,93,205,265,113,227,265,18,1
잢,U+C7A2,12,0,18,93,205,266,113,227,266,18,1
잣,U+C7A3,12,0,19,93,205,267,113,227,267,18,1
잤,U+C7A4,12,0,20,93,205,268,113,227,268,18,1
장,U+C7A5,12,0,21,93,205,269,113,227,269,18,1
잦,U+C7A6,12,0,22,93,205,270,113,227,270,18,1
잧,U+C7A7,12,0,23,93,205,271,113,227,271,18,1
잨,U+C7A8,12,0,24,93,205,272,113,227,272,18,1
잩,U+C7A9,12,0,25,93,205,273,113,227,273,18,1
잪,U+C7AA,12,0,26,93,205,274,113,227,274,18,1
잫,U+C7AB,12,0,27,93,205,275,113,227,275,18,1
재,U+C7AC,12,1,0,13,162,-1,13,184,-1,0,0
잭,U+C7AD,12,1,1,93,206,249,113,228,305,26,1
잮,U+C7AE,12,1,2,93,206,250,113,228,306,34,1
잯,U+C7AF,12,1,3,93,206,251,113,228,307,18,1
잰,U+C7B0,12,1,4,93,206,252,113,228,308,28,1
잱,U+C7B1,12,1,5,93,206,253,113,228,309,37,1
잲,U+C7B2,12,1,6,93,206,254,113,228,310,30,1
잳,U+C7B3,12,1,7,93,206,255,113,228,311,27,1
잴,U+C7B4,12,1,8,93,206,256,113,228,312,22,1
잵,U+C7B5,12,1,9,93,206,257,113,228,313,26,1
잶,U+C7B6,12,1,10,93,206,258,113,228,314,17,1
잷,U+C7B7,12,1,11,93,206,259,113,228,315,17,1
잸,U+C7B8,12,1,12,93,206,260,113,228,316,17,1
잹,U+C7B9,12,1,13,93,206,261,113,228,317,17,1
잺,U+C7BA,12,1,14,93,206,262,113,228,318,17,1
잻,U+C7BB,12,1,15,93,206,263,113,228,319,17,1
잼,U+C7BC,12,1,16,93,206,264,113,228,320,33,1
잽,U+C7BD,12,1,17,93,206,265,113,228,321,33,1
잾,U+C7BE,12,1,18,93,206,266,113,228,322,17,1
잿,U+C7BF,12,1,19,93,206,267,113,228,323,17,1
쟀,U+C7C0,12,1,20,93,206,268,113,228,324,17,1
쟁,U+C7C1,12,1,21,93,206,269,113,228,325,33,1
쟂,U+C7C2,12,1,22,93,206,270,113,228,326,36,1
쟃,U+C7C3,12,1,23,93,206,271,113,228,327,23,1
쟄,U+C7C4,12,1,24,93,206,272,113,228,328,25,1
쟅,U+C7C5,12,1,25,93,206,273,113,228,329,20,1
쟆,U+C7C6,12,1,26,93,206,274,113,228,330,21,1
쟇,U+C7C7,12,1,27,93,206,275,113,228,331,23,1
쟈,U+C7C8,12,2,0,13,163,-1,13,185,-1,0,0
쟉,U+C7C9,12,2,1,93,207,249,113,229,249,18,1
쟊,U+C7CA,12,2,2,93,207,250,113,229,250,18,1
쟋,U+C7CB,12,2,3,93,207,251,113,229,251,18,1
쟌,U+C7CC,12,2,4,93,207,252,113,229,252,18,1
쟍,U+C7CD,12,2,5,93,207,253,113,229,253,18,1
쟎,U+C7CE,12,2,6,93,207,254,113,229,254,18,1
쟏,U+C7CF,12,2,7,93,207,255,113,229,255,18,1
쟐,U+C7D0,12,2,8,93,207,256,113,229,256,18,1
쟑,U+C7D1,12,2,9,93,207,257,113,229,257,18,1
쟒,U+C7D2,12,2,10,93,207,258,113,229,258,18,1
쟓,U+C7D3,12,2,11,93,207,259,113,229,259,18,1
쟔,U+C7D4,12,2,12,93,207,260,113,229,260,18,1
쟕,U+C7D5,12,2,13,93,207,261,113,229,261,18,1
쟖,U+C7D6,12,2,14,93,207,262,113,229,262,18,1
쟗,U+C7D7,12,2,15,93,207,263,113,229,263,18,1
쟘,U+C7D8,12,2,16,93,207,264,113,229,264,18,1
쟙,U+C7D9,12,2,17,93,207,265,113,229,265,18,1
쟚,U+C7DA,12,2,18,93,207,266,113,229,266,18,1
쟛,U+C7DB,12,2,19,93,207,267,113,229,267,18,1
쟜,U+C7DC,12,2,20,93,207,268,113,229,268,18,1
쟝,U+C7DD,12,2,21,93,207,269,113,229,269,18,1
쟞,U+C7DE,12,2,22,93,207,270,113,229,270,18,1
쟟,U+C7DF,12,2,23,93,207,271,113,229,271,18,1
쟠,U+C7E0,12,2,24,93,207,272,113,229,272,18,1
쟡,U+C7E1,12,2,25,93,207,273,113,229,273,18,1
쟢,U+C7E2,12,2,26,93,207,274,113,229,274,18,1
쟣,U+C7E3,12,2,27,93,207,275,113,229,275,18,1
쟤,U+C7E4,12,3,0,13,164,-1,13,186,-1,0,0
쟥,U+C7E5,12,3,1,93,208,249,113,230,305,26,1
쟦,U+C7E6,12,3,2,93,208,250,113,230,306,34,1
쟧,U+C7E7,12,3,3,93,208,251,113,230,307,18,1
쟨,U+C7E8,12,3,4,93,208,252,113,230,308,28,1
쟩,U+C7E9,12,3,5,93,208,253,113,230,309,37,1
쟪,U+C7EA,12,3,6,93,208,254,113,230,310,30,1
쟫,U+C7EB,12,3,7,93,208,255,113,230,311,27,1
쟬,U+C7EC,12,3,8,93,208,256,113,230,312,22,1
쟭,U+C7ED,12,3,9,93,208,257,113,230,313,26,1
쟮,U+C7EE,12,3,10,93,208,258,113,230,314,17,1
쟯,U+C7EF,12,3,11,93,208,259,113,230,315,17,1
쟰,U+C7F0,12,3,12,93,208,260,113,230,316,17,1
쟱,U+C7F1,12,3,13,93,208,261,113,230,317,17,1
쟲,U+C7F2,12,3,14,93,208,262,113,230,318,17,1
쟳,U+C7F3,12,3,15,93,208,263,113,230,319,17,1
쟴,U+C7F4,12,3,16,93,208,264,113,230,320,33,1
쟵,U+C7F5,12,3,17,93,208,265,113,230,321,33,1
쟶,U+C7F6,12,3,18,93,208,266,113,230,322,17,1
쟷,U+C7F7,12,3,19,93,208,267,113,230,323,17,1
쟸,U+C7F8,12,3,20,93,208,268,113,230,324,17,1
쟹,U+C7F9,12,3,21,93,208,269,113,230,325,33,1
쟺,U+C7FA,12,3,22,93,208,270,113,230,326,36,1
쟻,U+C7FB,12,3,23,93,208,271,113,230,327,23,1
쟼,U+C7FC,12,3,24,93,208,272,113,230,328,25,1
쟽,U+C7FD,12,3,25,93,208,273,113,230,329,20,1
쟾,U+C7FE,12,3,26,93,208,274,113,230,330,21,1
쟿,U+C7FF,12,3,27,93,208,275,113,230,331,23,1
저,U+C800,12,4,0,13,165,-1,13,187,-1,0,0
적,U+C801,12,4,1,93,209,249,113,231,277,18,1
젂,U+C802,12,4,2,93,209,250,113,231,278,18,1
젃,U+C803,12,4,3,93,209,251,113,231,279,18,1
전,U+C804,12,4,4,93,209,252,113,231,280,18,1
젅,U+C805,12,4,5,93,209,253,113,231,281,18,1
젆,U+C806,12,4,6,93,209,254,113,231,282,18,1
젇,U+C807,12,4,7,93,209,255,113,231,283,18,1
절,U+C808,12,4,8,93,209,256,113,231,284,18,1
젉,U+C809,12,4,9,93,209,257,113,231,285,18,1
젊,U+C80A,12,4,10,93,209,258,113,231,286,18,1
젋,U+C80B,12,4,11,93,209,259,113,231,287,18,1
젌,U+C80C,12,4,12,93,209,260,113,231,288,18,1
젍,U+C80D,12,4,13,93,209,261,113,231,289,18,1
젎,U+C80E,12,4,14,93,209,262,113,231,290,18,1
젏,U+C80F,12,4,15,93,209,263,113,231,291,18,1
점,U+C810,12,4,16,93,209,264,113,231,292,18,1
접,U+C811,12,4,17,93,209,265,113,231,293,18,1
젒,U+C812,12,4,18,93,209,266,113,231,294,18,1
젓,U+C813,12,4,19,93,209,267,113,231,295,18,1
젔,U+C814,12,4,20,93,209,268,113,231,296,18,1
정,U+C815,12,4,21,93,209,269,113,231,297,18,1
젖,U+C816,12,4,22,93,209,270,113,231,298,18,1
젗,U+C817,12,4,23,93,209,271,113,231,299,18,1
젘,U+C818,12,4,24,93,209,272,113,231,300,18,1
젙,U+C819,12,4,25,93,209,273,113,231,301,18,1
젚,U+C81A,12,4,26,93,209,274,113,231,302,18,1
젛,U+C81B,12,4,27,93,209,275,113,231,303,18,1
제,U+C81C,12,5,0,13,166,-1,13,188,-1,0,0
젝,U+C81D,12,5,1,93,210,249,113,232,305,24,1
젞,U+C81E,12,5,2,93,210,250,113,232,306,32,1
젟,U+C81F,12,5,3,93,210,251,113,232,307,16,1
젠,U+C820,12,5,4,93,210,252,113,232,308,26,1
젡,U+C821,12,5,5,93,210,253,113,232,309,35,1
젢,U+C822,12,5,6,93,210,254,113,232,310,28,1
젣,U+C823,12,5,7,93,210,255,113,232,311,25,1
젤,U+C824,12,5,8,93,210,256,113,232,312,20,1
젥,U+C825,12,5,9,93,210,257,113,232,313,24,1
젦,U+C826,12,5,10,93,210,258,113,232,314,15,1
젧,U+C827,12,5,11,93,210,259,113,232,315,15,1
젨,U+C828,12,5,12,93,210,260,113,232,316,15,1
젩,U+C829,12,5,13,93,210,261,113,232,317,15,1
젪,U+C82A,12,5,14,93,210,262,113,232,318,15,1
젫,U+C82B,12,5,15,93,210,263,113,232,319,15,1
젬,U+C82C,12,5,16,93,210,264,113,232,320,31,1
젭,U+C82D,12,5,17,93,210,265,113,232,321,31,1
젮,U+C82E,12,5,18,93,210,266,113,232,322,15,1
젯,U+C82F,12,5,19,93,210,267,113,232,323,15,1
젰,U+C830,12,5,20,93,210,268,113,232,324,15,1
젱,U+C831,12,5,21,93,210,269,113,232,325,31,1
젲,U+C832,12,5,22,93,210,270,113,232,326,34,1
젳,U+C833,12,5,23,93,210,271,113,232,327,21,1
젴,U+C834,12,5,24,93,210,272,113,232,328,23,1
젵,U+C835,12,5,25,93,210,273,113,232,329,18,1
젶,U+C836,12,5,26,93,210,274,113,232,330,19,1
젷,U+C837,12,5,27,93,210,275,113,232,331,21,1
져,U+C838,12,6,0,13,167,-1,13,189,-1,0,0
젹,U+C839,12,6,1,93,211,249,113,233,277,17,1
젺,U+C83A,12,6,2,93,211,250,113,233,278,17,1
젻,U+C83B,12,6,3,93,211,251,113,233,279,17,1
젼,U+C83C,12,6,4,93,211,252,113,233,280,17,1
젽,U+C83D,12,6,5,93,211,253,113,233,281,17,1
젾,U+C83E,12,6,6,93,211,254,113,233,282,17,1
젿,U+C83F,12,6,7,93,211,255,113,233,283,17,1
졀,U+C840,12,6,8,93,211,256,113,233,284,17,1
졁,U+C841,12,6,9,93,211,257,113,233,285,17,1
졂,U+C842,12,6,10,93,211,258,113,233,286,17,1
졃,U+C843,12,6,11,93,211,259,113,233,287,17,1
졄,U+C844,12,6,12,93,211,260,113,233,288,17,1
졅,U+C845,12,6,13,93,211,261,113,233,289,17,1
졆,U+C846,12,6,14,93,211,262,113,233,290,17,1
졇,U+C847,12,6,15,93,211,263,113,233,291,17,1
졈,U+C848,12,6,16,93,211,264,113,233,292,17,1
졉,U+C849,12,6,17,93,211,265,113,233,293,17,1
졊,U+C84A,12,6,18,93,211,266,113,233,294,17,1
졋,U+C84B,12,6,19,93,211,267,113,233,295,17,1
졌,U+C84C,12,6,20,93,211,268,113,233,296,17,1
졍,U+C84D,12,6,21,93,211,269,113,233,297,17,1
졎,U+C84E,12,6,22,93,211,270,113,233,298,17,1
졏,U+C84F,12,6,23,93,211,271,113,233,299,17,1
졐,U+C850,12,6,24,93,211,272,113,233,300,17,1
졑,U+C851,12,6,25,93,211,273,113,233,301,17,1
졒,U+C852,12,6,26,93,211,274,113,233,302,17,1
졓,U+C853,12,6,27,93,211,275,113,233,303,17,1
졔,U+C854,12,7,0,13,168,-1,13,190,-1,0,0
졕,U+C855,12,7,1,93,212,249,113,234,305,24,1
졖,U+C856,12,7,2,93,212,250,113,234,306,32,1
졗,U+C857,12,7,3,93,212,251,113,234,307,16,1
졘,U+C858,12,7,4,93,212,252,113,234,308,26,1
졙,U+C859,12,7,5,93,212,253,113,234,309,35,1
졚,U+C85A,12,7,6,93,212,254,113,234,310,28,1
졛,U+C85B,12,7,7,93,212,255,113,234,311,25,1
졜,U+C85C,12,7,8,93,212,256,113,234,312,20,1
졝,U+C85D,12,7,9,93,212,257,113,234,313,24,1
졞,U+C85E,12,7,10,93,212,258,113,234,314,15,1
졟,U+C85F,12,7,11,93,212,259,113,234,315,15,1
졠,U+C860,12,7,12,93,212,260,113,234,316,15,1
졡,U+C861,12,7,13,93,212,261,113,234,317,15,1
졢,U+C862,12,7,14,93,212,262,113,234,318,15,1
졣,U+C863,12,7,15,93,212,263,113,234,319,15,1
졤,U+C864,12,7,16,93,212,264,113,234,320,31,1
졥,U+C865,12,7,17,93,212,265,113,234,321,31,1
졦,U+C866,12,7,18,93,212,266,113,234,322,15,1
졧,U+C867,12,7,19,93,212,267,113,234,323,15,1
졨,U+C868,12,7,20,93,212,268,113,234,324,15,1
졩,U+C869,12,7,21,93,212,269,113,234,325,31,1
졪,U+C86A,12,7,22,93,212,270,113,234,326,34,1
졫,U+C86B,12,7,23,93,212,271,113,234,327,21,1
졬,U+C86C,12,7,24,93,212,272,113,234,328,23,1
졭,U+C86D,12,7,25,93,212,273,113,234,329,18,1
졮,U+C86E,12,7,26,93,212,274,113,234,330,19,1
졯,U+C86F,12,7,27,93,212,275,113,234,331,21,1
조,U+C870,12,8,0,33,169,-1,33,191,-1,0,0
족,U+C871,12,8,1,113,213,277,133,235,333,38,1
졲,U+C872,12,8,2,113,213,278,133,235,334,44,1
졳,U+C873,12,8,3,113,213,279,133,235,335,64,1
존,U+C874,12,8,4,113,213,280,133,235,336,45,1
졵,U+C875,12,8,5,113,213,281,133,235,337,46,1
졶,U+C876,12,8,6,113,213,282,133,235,338,48,1
졷,U+C877,12,8,7,113,213,283,133,235,339,44,1
졸,U+C878,12,8,8,113,213,284,133,235,340,44,1
졹,U+C879,12,8,9,113,213,285,133,235,341,54,1
졺,U+C87A,12,8,10,113,213,286,133,235,342,52,1
졻,U+C87B,12,8,11,113,213,287,133,235,343,52,1
졼,U+C87C,12,8,12,113,213,288,133,235,344,66,1
졽,U+C87D,12,8,13,113,213,289,133,235,345,46,1
졾,U+C87E,12,8,14,113,213,290,133,235,346,52,1
졿,U+C87F,12,8,15,113,213,291,133,235,347,62,1
좀,U+C880,12,8,16,113,213,292,133,235,348,51,1
좁,U+C881,12,8,17,113,213,293,133,235,349,51,1
좂,U+C882,12,8,18,113,213,294,133,235,350,70,1
좃,U+C883,12,8,19,113,213,295,133,235,351,56,1
좄,U+C884,12,8,20,113,213,296,133,235,352,62,1
종,U+C885,12,8,21,113,213,297,133,235,353,60,1
좆,U+C886,12,8,22,113,213,298,133,235,354,59,1
좇,U+C887,12,8,23,113,213,299,133,235,355,50,1
좈,U+C888,12,8,24,113,213,300,133,235,356,40,1
좉,U+C889,12,8,25,113,213,301,133,235,357,46,1
좊,U+C88A,12,8,26,113,213,302,133,235,358,58,1
좋,U+C88B,12,8,27,113,213,303,133,235,359,54,1
좌,U+C88C,12,9,0,73,170,-1,73,192,-1,0,0
좍,U+C88D,12,9,1,153,214,333,153,236,249,12,1
좎,U+C88E,12,9,2,153,214,334,153,236,250,18,1
좏,U+C88F,12,9,3,153,214,335,153,236,251,38,1
좐,U+C890,12,9,4,153,214,336,153,236,252,19,1
좑,U+C891,12,9,5,153,214,337,153,236,253,20,1
좒,U+C892,12,9,6,153,214,338,153,236,254,22,1
좓,U+C893,12,9,7,153,214,339,153,236,255,18,1
좔,U+C894,12,9,8,153,214,340,153,236,256,18,1
좕,U+C895,12,9,9,153,214,341,153,236,257,28,1
좖,U+C896,12,9,10,153,214,342,153,236,258,26,1
좗,U+C897,12,9,11,153,214,343,153,236,259,26,1
좘,U+C898,12,9,12,153,214,344,153,236,260,40,1
좙,U+C899,12,9,13,153,214,345,153,236,261,20,1
좚,U+C89A,12,9,14,153,214,346,153,236,262,26,1
좛,U+C89B,12,9,15,153,214,347,153,236,263,36,1
좜,U+C89C,12,9,16,153,214,348,153,236,264,25,1
좝,U+C89D,12,9,17,153,214,349,153,236,265,25,1
좞,U+C89E,12,9,18,153,214,350,153,236,266,44,1
좟,U+C89F,12,9,19,153,214,351,153,236,267,30,1
좠,U+C8A0,12,9,20,153,214,352,153,236,268,36,1
좡,U+C8A1,12,9,21,153,214,353,153,236,269,34,1
좢,U+C8A2,12,9,22,153,214,354,153,236,270,33,1
좣,U+C8A3,12,9,23,153,214,355,153,236,271,24,1
좤,U+C8A4,12,9,24,153,214,356,153,236,272,14,1
좥,U+C8A5,12,9,25,153,214,357,153,236,273,20,1
좦,U+C8A6,12,9,26,153,214,358,153,236,274,32,1
좧,U+C8A7,12,9,27,153,214,359,153,236,275,28,1
좨,U+C8A8,12,10,0,73,171,-1,73,193,-1,0,0
좩,U+C8A9,12,10,1,153,215,333,153,237,305,19,1
좪,U+C8AA,12,10,2,153,215,334,153,237,306,31,1
좫,U+C8AB,12,10,3,153,215,335,153,237,307,37,1
좬,U+C8AC,12,10,4,153,215,336,153,237,308,24,1
좭,U+C8AD,12,10,5,153,215,337,153,237,309,40,1
좮,U+C8AE,12,10,6,153,215,338,153,237,310,33,1
좯,U+C8AF,12,10,7,153,215,339,153,237,311,22,1
좰,U+C8B0,12,10,8,153,215,340,153,237,312,23,1
좱,U+C8B1,12,10,9,153,215,341,153,237,313,35,1
좲,U+C8B2,12,10,10,153,215,342,153,237,314,26,1
좳,U+C8B3,12,10,11,153,215,343,153,237,315,26,1
좴,U+C8B4,12,10,12,153,215,344,153,237,316,40,1
좵,U+C8B5,12,10,13,153,215,345,153,237,317,20,1
좶,U+C8B6,12,10,14,153,215,346,153,237,318,26,1
좷,U+C8B7,12,10,15,153,215,347,153,237,319,36,1
좸,U+C8B8,12,10,16,153,215,348,153,237,320,35,1
좹,U+C8B9,12,10,17,153,215,349,153,237,321,35,1
좺,U+C8BA,12,10,18,153,215,350,153,237,322,44,1
좻,U+C8BB,12,10,19,153,215,351,153,237,323,30,1
좼,U+C8BC,12,10,20,153,215,352,153,237,324,36,1
좽,U+C8BD,12,10,21,153,215,353,153,237,325,38,1
좾,U+C8BE,12,10,22,153,215,354,153,237,326,22,1
좿,U+C8BF,12,10,23,153,215,355,153,237,327,26,1
죀,U+C8C0,12,10,24,153,215,356,153,237,328,20,1
죁,U+C8C1,12,10,25,153,215,357,153,237,329,23,1
죂,U+C8C2,12,10,26,153,215,358,153,237,330,32,1
죃,U+C8C3,12,10,27,153,215,359,153,237,331,32,1
죄,U+C8C4,12,11,0,73,172,-1,73,194,-1,0,0
죅,U+C8C5,12,11,1,153,216,333,153,238,277,12,1
죆,U+C8C6,12,11,2,153,216,334,153,238,278,18,1
죇,U+C8C7,12,11,3,153,216,335,153,238,279,38,1
죈,U+C8C8,12,11,4,153,216,336,153,238,280,19,1
죉,U+C8C9,12,11,5,153,216,337,153,238,281,20,1
죊,U+C8CA,12,11,6,153,216,338,153,238,282,22,1
죋,U+C8CB,12,11,7,153,216,339,153,238,283,18,1
죌,U+C8CC,12,11,8,153,216,340,153,238,284,18,1
죍,U+C8CD,12,11,9,153,216,341,153,238,285,28,1
죎,U+C8CE,12,11,10,153,216,342,153,238,286,26,1
죏,U+C8CF,12,11,11,153,216,343,153,238,287,26,1
죐,U+C8D0,12,11,12,153,216,344,153,238,288,40,1
죑,U+C8D1,12,11,13,153,216,345,153,238,289,20,1
죒,U+C8D2,12,11,14,153,216,346,153,238,290,26,1
죓,U+C8D3,12,11,15,153,216,347,153,238,291,36,1
죔,U+C8D4,12,11,16,153,216,348,153,238,292,25,1
죕,U+C8D5,12,11,17,153,216,349,153,238,293,25,1
죖,U+C8D6,12,11,18,153,216,350,153,238,294,44,1
죗,U+C8D7,12,11,19,153,216,351,153,238,295,30,1
죘,U+C8D8,12,11,20,153,216,352,153,238,296,36,1
죙,U+C8D9,12,11,21,153,216,353,153,238,297,34,1
죚,U+C8DA,12,11,22,153,216,354,153,238,298,33,1
죛,U+C8DB,12,11,23,153,216,355,153,238,299,24,1
죜,U+C8DC,12,11,24,153,216,356,153,238,300,14,1
죝,U+C8DD,12,11,25,153,216,357,153,238,301,20,1
죞,U+C8DE,12,11,26,153,216,358,153,238,302,32,1
죟,U+C8DF,12,11,27,153,216,359,153,238,303,28,1
죠,U+C8E0,12,12,0,33,173,-1,33,195,-1,0,0
죡,U+C8E1,12,12,1,113,217,277,133,239,333,42,1
죢,U+C8E2,12,12,2,113,217,278,133,239,334,48,1
죣,U+C8E3,12,12,3,113,217,279,133,239,335,68,1
죤,U+C8E4,12,12,4,113,217,280,133,239,336,49,1
죥,U+C8E5,12,12,5,113,217,281,133,239,337,50,1
죦,U+C8E6,12,12,6,113,217,282,133,239,338,52,1
죧,U+C8E7,12,12,7,113,217,283,133,239,339,48,1
죨,U+C8E8,12,12,8,113,217,284,133,239,340,48,1
죩,U+C8E9,12,12,9,113,217,285,133,239,341,58,1
죪,U+C8EA,12,12,10,113,217,286,133,239,342,56,1
죫,U+C8EB,12,12,11,113,217,287,133,239,343,56,1
죬,U+C8EC,12,12,12,113,217,288,133,239,344,70,1
죭,U+C8ED,12,12,13,113,217,289,133,239,345,50,1
죮,U+C8EE,12,12,14,113,217,290,133,239,346,56,1
죯,U+C8EF,12,12,15,113,217,291,133,239,347,66,1
죰,U+C8F0,12,12,16,113,217,292,133,239,348,55,1
죱,U+C8F1,12,12,17,113,217,293,133,239,349,55,1
죲,U+C8F2,12,12,18,113,217,294,133,239,350,74,1
죳,U+C8F3,12,12,19,113,217,295,133,239,351,60,1
죴,U+C8F4,12,12,20,113,217,296,133,239,352,66,1
죵,U+C8F5,12,12,21,113,217,297,133,239,353,64,1
죶,U+C8F6,12,12,22,113,217,298,133,239,354,63,1
죷,U+C8F7,12,12,23,113,217,299,133,239,355,54,1
죸,U+C8F8,12,12,24,113,217,300,133,239,356,44,1
죹,U+C8F9,12,12,25,113,217,301,133,239,357,50,1
죺,U+C8FA,12,12,26,113,217,302,133,239,358,62,1
죻,U+C8FB,12,12,27,113,217,303,133,239,359,58,1
주,U+C8FC,12,13,0,53,174,-1,53,196,-1,0,0
죽,U+C8FD,12,13,1,133,218,305,133,240,333,19,1
죾,U+C8FE,12,13,2,133,218,306,133,240,334,31,1
죿,U+C8FF,12,13,3,133,218,307,133,240,335,37,1
준,U+C900,12,13,4,133,218,308,133,240,336,23,1
줁,U+C901,12,13,5,133,218,309,133,240,337,39,1
줂,U+C902,12,13,6,133,218,310,133,240,338,33,1
줃,U+C903,12,13,7,133,218,311,133,240,339,22,1
줄,U+C904,12,13,8,133,218,312,133,240,340,23,1
줅,U+C905,12,13,9,133,218,313,133,240,341,35,1
줆,U+C906,12,13,10,133,218,314,133,240,342,26,1
줇,U+C907,12,13,11,133,218,315,133,240,343,26,1
줈,U+C908,12,13,12,133,218,316,133,240,344,40,1
줉,U+C909,12,13,13,133,218,317,133,240,345,20,1
줊,U+C90A,12,13,14,133,218,318,133,240,346,26,1
줋,U+C90B,12,13,15,133,218,319,133,240,347,36,1
줌,U+C90C,12,13,16,133,218,320,133,240,348,35,1
줍,U+C90D,12,13,17,133,218,321,133,240,349,34,1
줎,U+C90E,12,13,18,133,218,322,133,240,350,43,1
줏,U+C90F,12,13,19,133,218,323,133,240,351,29,1
줐,U+C910,12,13,20,133,218,324,133,240,352,35,1
중,U+C911,12,13,21,133,218,325,133,240,353,37,1
줒,U+C912,12,13,22,133,218,326,133,240,354,22,1
줓,U+C913,12,13,23,133,218,327,133,240,355,25,1
줔,U+C914,12,13,24,133,218,328,133,240,356,20,1
줕,U+C915,12,13,25,133,218,329,133,240,357,23,1
줖,U+C916,12,13,26,133,218,330,133,240,358,32,1
줗,U+C917,12,13,27,133,218,331,133,240,359,31,1
줘,U+C918,12,14,0,73,175,-1,93,197,-1,0,0
줙,U+C919,12,14,1,153,219,333,153,241,277,12,1
줚,U+C91A,12,14,2,153,219,334,153,241,278,18,1
줛,U+C91B,12,14,3,153,219,335,153,241,279,38,1
줜,U+C91C,12,14,4,153,219,336,153,241,280,19,1
줝,U+C91D,12,14,5,153,219,337,153,241,281,20,1
줞,U+C91E,12,14,6,153,219,338,153,241,282,22,1
줟,U+C91F,12,14,7,153,219,339,153,241,283,18,1
줠,U+C920,12,14,8,153,219,340,153,241,284,18,1
줡,U+C921,12,14,9,153,219,341,153,241,285,28,1
줢,U+C922,12,14,10,153,219,342,153,241,286,26,1
줣,U+C923,12,14,11,153,219,343,153,241,287,26,1
줤,U+C924,12,14,12,153,219,344,153,241,288,40,1
줥,U+C925,12,14,13,153,219,345,153,241,289,20,1
줦,U+C926,12,14,14,153,219,346,153,241,290,26,1
줧,U+C927,12,14,15,153,219,347,153,241,291,36,1
줨,U+C928,12,14,16,153,219,348,153,241,292,25,1
줩,U+C929,12,14,17,153,219,349,153,241,293,25,1
줪,U+C92A,12,14,18,153,219,350,153,241,294,44,1
줫,U+C92B,12,14,19,153,219,351,153,241,295,30,1
줬,U+C92C,12,14,20,153,219,352,153,241,296,36,1
줭,U+C92D,12,14,21,153,219,353,153,241,297,34,1
줮,U+C92E,12,14,22,153,219,354,153,241,298,33,1
줯,U+C92F,12,14,23,153,219,355,153,241,299,24,1
줰,U+C930,12,14,24,153,219,356,153,241,300,14,1
줱,U+C931,12,14,25,153,219,357,153,241,301,20,1
줲,U+C932,12,14,26,153,219,358,153,241,302,32,1
줳,U+C933,12,14,27,153,219,359,153,241,303,28,1
줴,U+C934,12,15,0,73,176,-1,93,198,-1,0,0
줵,U+C935,12,15,1,153,220,333,153,242,305,19,1
줶,U+C936,12,15,2,153,220,334,153,242,306,31,1
줷,U+C937,12,15,3,153,220,335,153,242,307,37,1
줸,U+C938,12,15,4,153,220,336,153,242,308,24,1
줹,U+C939,12,15,5,153,220,337,153,242,309,40,1
줺,U+C93A,12,15,6,153,220,338,153,242,310,33,1
줻,U+C93B,12,15,7,153,220,339,153,242,311,22,1
줼,U+C93C,12,15,8,153,220,340,153,242,312,23,1
줽,U+C93D,12,15,9,153,220,341,153,242,313,35,1
줾,U+C93E,12,15,10,153,220,342,153,242,314,26,1
줿,U+C93F,12,15,11,153,220,343,153,242,315,26,1
쥀,U+C940,12,15,12,153,220,344,153,242,316,40,1
쥁,U+C941,12,15,13,153,220,345,153,242,317,20,1
쥂,U+C942,12,15,14,153,220,346,153,242,318,26,1
쥃,U+C943,12,15,15,153,220,347,153,242,319,36,1
쥄,U+C944,12,15,16,153,220,348,153,242,320,35,1
쥅,U+C945,12,15,17,153,220,349,153,242,321,35,1
쥆,U+C946,12,15,18,153,220,350,153,242,322,44,1
쥇,U+C947,12,15,19,153,220,351,153,242,323,30,1
쥈,U+C948,12,15,20,153,220,352,153,242,324,36,1
쥉,U+C949,12,15,21,153,220,353,153,242,325,38,1
쥊,U+C94A,12,15,22,153,220,354,153,242,326,22,1
쥋,U+C94B,12,15,23,153,220,355,153,242,327,26,1
쥌,U+C94C,12,15,24,153,220,356,153,242,328,20,1
쥍,U+C94D,12,15,25,153,220,357,153,242,329,23,1
쥎,U+C94E,12,15,26,153,220,358,153,242,330,32,1
쥏,U+C94F,12,15,27,153,220,359,153,242,331,32,1
쥐,U+C950,12,16,0,73,177,-1,93,199,-1,0,0
쥑,U+C951,12,16,1,153,221,333,153,243,277,12,1
쥒,U+C952,12,16,2,153,221,334,153,243,278,18,1
쥓,U+C953,12,16,3,153,221,335,153,243,279,38,1
쥔,U+C954,12,16,4,153,221,336,153,243,280,19,1
쥕,U+C955,12,16,5,153,221,337,153,243,281,20,1
쥖,U+C956,12,16,6,153,221,338,153,243,282,22,1
쥗,U+C957,12,16,7,153,221,339,153,243,283,18,1
쥘,U+C958,12,16,8,153,221,340,153,243,284,18,1
쥙,U+C959,12,16,9,153,221,341,153,243,285,28,1
쥚,U+C95A,12,16,10,153,221,342,153,243,286,26,1
쥛,U+C95B,12,16,11,153,221,343,153,243,287,26,1
쥜,U+C95C,12,16,12,153,221,344,153,243,288,40,1
쥝,U+C95D,12,16,13,153,221,345,153,243,289,20,1
쥞,U+C95E,12,16,14,153,221,346,153,243,290,26,1
쥟,U+C95F,12,16,15,153,221,347,153,243,291,36,1
쥠,U+C960,12,16,16,153,221,348,153,243,292,25,1
쥡,U+C961,12,16,17,153,221,349,153,243,293,25,1
쥢,U+C962,12,16,18,153,221,350,153,243,294,44,1
쥣,U+C963,12,16,19,153,221,351,153,243,295,30,1
쥤,U+C964,12,16,20,153,221,352,153,243,296,36,1
쥥,U+C965,12,16,21,153,221,353,153,243,297,34,1
쥦,U+C966,12,16,22,153,221,354,153,243,298,33,1
쥧,U+C967,12,16,23,153,221,355,153,243,299,24,1
쥨,U+C968,12,16,24,153,221,356,153,243,300,14,1
쥩,U+C969,12,16,25,153,221,357,153,243,301,20,1
쥪,U+C96A,12,16,26,153,221,358,153,243,302,32,1
쥫,U+C96B,12,16,27,153,221,359,153,243,303,28,1
쥬,U+C96C,12,17,0,53,178,-1,53,200,-1,0,0
쥭,U+C96D,12,17,1,133,222,305,133,244,333,18,1
쥮,U+C96E,12,17,2,133,222,306,133,244,334,31,1
쥯,U+C96F,12,17,3,133,222,307,133,244,335,36,1
쥰,U+C970,12,17,4,133,222,308,133,244,336,23,1
쥱,U+C971,12,17,5,133,222,309,133,244,337,39,1
쥲,U+C972,12,17,6,133,222,310,133,244,338,33,1
쥳,U+C973,12,17,7,133,222,311,133,244,339,21,1
쥴,U+C974,12,17,8,133,222,312,133,244,340,22,1
쥵,U+C975,12,17,9,133,222,313,133,244,341,35,1
쥶,U+C976,12,17,10,133,222,314,133,244,342,25,1
쥷,U+C977,12,17,11,133,222,315,133,244,343,25,1
쥸,U+C978,12,17,12,133,222,316,133,244,344,39,1
쥹,U+C979,12,17,13,133,222,317,133,244,345,19,1
쥺,U+C97A,12,17,14,133,222,318,133,244,346,25,1
쥻,U+C97B,12,17,15,133,222,319,133,244,347,35,1
쥼,U+C97C,12,17,16,133,222,320,133,244,348,34,1
쥽,U+C97D,12,17,17,133,222,321,133,244,349,34,1
쥾,U+C97E,12,17,18,133,222,322,133,244,350,42,1
쥿,U+C97F,12,17,19,133,222,323,133,244,351,29,1
즀,U+C980,12,17,20,133,222,324,133,244,352,36,1
즁,U+C981,12,17,21,133,222,325,133,244,353,37,1
즂,U+C982,12,17,22,133,222,326,133,244,354,22,1
즃,U+C983,12,17,23,133,222,327,133,244,355,25,1
즄,U+C984,12,17,24,133,222,328,133,244,356,19,1
즅,U+C985,12,17,25,133,222,329,133,244,357,22,1
즆,U+C986,12,17,26,133,222,330,133,244,358,32,1
즇,U+C987,12,17,27,133,222,331,133,244,359,32,1
즈,U+C988,12,18,0,33,179,-1,33,201,-1,0,0
즉,U+C989,12,18,1,113,223,277,133,245,333,42,1
즊,U+C98A,12,18,2,113,223,278,133,245,334,48,1
즋,U+C98B,12,18,3,113,223,279,133,245,335,68,1
즌,U+C98C,12,18,4,113,223,280,133,245,336,49,1
즍,U+C98D,12,18,5,113,223,281,133,245,337,50,1
즎,U+C98E,12,18,6,113,223,282,133,245,338,52,1
즏,U+C98F,12,18,7,113,223,283,133,245,339,48,1
즐,U+C990,12,18,8,113,223,284,133,245,340,48,1
즑,U+C991,12,18,9,113,223,285,133,245,341,58,1
즒,U+C992,12,18,10,113,223,286,133,245,342,56,1
즓,U+C993,12,18,11,113,223,287,133,245,343,56,1
즔,U+C994,12,18,12,113,223,288,133,245,344,70,1
즕,U+C995,12,18,13,113,223,289,133,245,345,50,1
즖,U+C996,12,18,14,113,223,290,133,245,346,56,1
즗,U+C997,12,18,15,113,223,291,133,245,347,66,1
즘,U+C998,12,18,16,113,223,292,133,245,348,55,1
즙,U+C999,12,18,17,113,223,293,133,245,349,55,1
즚,U+C99A,12,18,18,113,223,294,133,245,350,74,1
즛,U+C99B,12,18,19,113,223,295,133,245,351,60,1
즜,U+C99C,12,18,20,113,223,296,133,245,352,66,1
증,U+C99D,12,18,21,113,223,297,133,245,353,64,1
즞,U+C99E,12,18,22,113,223,298,133,245,354,63,1
즟,U+C99F,12,18,23,113,223,299,133,245,355,54,1
즠,U+C9A0,12,18,24,113,223,300,133,245,356,44,1
즡,U+C9A1,12,18,25,113,223,301,133,245,357,50,1
즢,U+C9A2,12,18,26,113,223,302,133,245,358,62,1
즣,U+C9A3,12,18,27,113,223,303,133,245,359,58,1
즤,U+C9A4,12,19,0,73,180,-1,73,202,-1,0,0
즥,U+C9A5,12,19,1,153,224,333,153,246,277,12,1
즦,U+C9A6,12,19,2,153,224,334,153,246,278,18,1
즧,U+C9A7,12,19,3,153,224,335,153,246,279,38,1
즨,U+C9A8,12,19,4,153,224,336,153,246,280,19,1
즩,U+C9A9,12,19,5,153,224,337,153,246,281,20,1
즪,U+C9AA,12,19,6,153,224,338,153,246,282,22,1
즫,U+C9AB,12,19,7,153,224,339,153,246,283,18,1
즬,U+C9AC,12,19,8,153,224,340,153,246,284,18,1
즭,U+C9AD,12,19,9,153,224,341,153,246,285,28,1
즮,U+C9AE,12,19,10,153,224,342,153,246,286,26,1
즯,U+C9AF,12,19,11,153,224,343,153,246,287,26,1
즰,U+C9B0,12,19,12,153,224,344,153,246,288,40,1
즱,U+C9B1,12,19,13,153,224,345,153,246,289,20,1
즲,U+C9B2,12,19,14,153,224,346,153,246,290,26,1
즳,U+C9B3,12,19,15,153,224,347,153,246,291,36,1
즴,U+C9B4,12,19,16,153,224,348,153,246,292,25,1
즵,U+C9B5,12,19,17,153,224,349,153,246,293,25,1
즶,U+C9B6,12,19,18,153,224,350,153,246,294,44,1
즷,U+C9B7,12,19,19,153,224,351,153,246,295,30,1
즸,U+C9B8,12,19,20,153,224,352,153,246,296,36,1
즹,U+C9B9,12,19,21,153,224,353,153,246,297,34,1
즺,U+C9BA,12,19,22,153,224,354,153,246,298,33,1
즻,U+C9BB,12,19,23,153,224,355,153,246,299,24,1
즼,U+C9BC,12,19,24,153,224,356,153,246,300,14,1
즽,U+C9BD,12,19,25,153,224,357,153,246,301,20,1
즾,U+C9BE,12,19,26,153,224,358,153,246,302,32,1
즿,U+C9BF,12,19,27,153,224,359,153,246,303,28,1
지,U+C9C0,12,20,0,13,181,-1,13,203,-1,0,0
직,U+C9C1,12,20,1,93,225,249,113,247,277,18,1
짂,U+C9C2,12,20,2,93,225,250,113,247,278,18,1
짃,U+C9C3,12,20,3,93,225,251,113,247,279,18,1
진,U+C9C4,12,20,4,93,225,252,113,247,280,18,1
짅,U+C9C5,12,20,5,93,225,253,113,247,281,18,1
짆,U+C9C6,12,20,6,93,225,254,113,247,282,18,1
짇,U+C9C7,12,20,7,93,225,255,113,247,283,18,1
질,U+C9C8,12,20,8,93,225,256,113,247,284,18,1
짉,U+C9C9,12,20,9,93,225,257,113,247,285,18,1
짊,U+C9CA,12,20,10,93,225,258,113,247,286,18,1
짋,U+C9CB,12,20,11,93,225,259,113,247,287,18,1
짌,U+C9CC,12,20,12,93,225,260,113,247,288,18,1
짍,U+C9CD,12,20,13,93,225,261,113,247,289,18,1
짎,U+C9CE,12,20,14,93,225,262,113,247,290,18,1
짏,U+C9CF,12,20,15,93,225,263,113,247,291,18,1
짐,U+C9D0,12,20,16,93,225,264,113,247,292,18,1
집,U+C9D1,12,20,17,93,225,265,113,247,293,18,1
짒,U+C9D2,12,20,18,93,225,266,113,247,294,18,1
짓,U+C9D3,12,20,19,93,225,267,113,247,295,18,1
짔,U+C9D4,12,20,20,93,225,268,113,247,296,18,1
징,U+C9D5,12,20,21,93,225,269,113,247,297,18,1
짖,U+C9D6,12,20,22,93,225,270,113,247,298,18,1
짗,U+C9D7,12,20,23,93,225,271,113,247,299,18,1
짘,U+C9D8,12,20,24,93,225,272,113,247,300,18,1
짙,U+C9D9,12,20,25,93,225,273,113,247,301,18,1
짚,U+C9DA,12,20,26,93,225,274,113,247,302,18,1
짛,U+C9DB,12,20,27,93,225,275,113,247,303,18,1
짜,U+C9DC,13,0,0,14,161,-1,14,183,-1,0,0
짝,U+C9DD,13,0,1,94,205,249,114,227,249,21,1
짞,U+C9DE,13,0,2,94,205,250,114,227,250,21,1
짟,U+C9DF,13,0,3,94,205,251,114,227,251,21,1
짠,U+C9E0,13,0,4,94,205,252,114,227,252,21,1
짡,U+C9E1,13,0,5,94,205,253,114,227,253,21,1
짢,U+C9E2,13,0,6,94,205,254,114,227,254,21,1
짣,U+C9E3,13,0,7,94,205,255,114,227,255,21,1
짤,U+C9E4,13,0,8,94,205,256,114,227,256,21,1
짥,U+C9E5,13,0,9,94,205,257,114,227,257,21,1
짦,U+C9E6,13,0,10,94,205,258,114,227,258,21,1
짧,U+C9E7,13,0,11,94,205,259,114,227,259,21,1
짨,U+C9E8,13,0,12,94,205,260,114,227,260,21,1
짩,U+C9E9,13,0,13,94,205,261,114,227,261,21,1
짪,U+C9EA,13,0,14,94,205,262,114,227,262,21,1
짫,U+C9EB,13,0,15,94,205,263,114,227,263,21,1
짬,U+C9EC,13,0,16,94,205,264,114,227,264,21,1
짭,U+C9ED,13,0,17,94,205,265,114,227,265,21,1
짮,U+C9EE,13,0,18,94,205,266,114,227,266,21,1
짯,U+C9EF,13,0,19,94,205,267,114,227,267,21,1
짰,U+C9F0,13,0,20,94,205,268,114,227,268,21,1
짱,U+C9F1,13,0,21,94,205,269,114,227,269,21,1
짲,U+C9F2,13,0,22,94,205,270,114,227,270,21,1
짳,U+C9F3,13,0,23,94,205,271,114,227,271,21,1
짴,U+C9F4,13,0,24,94,205,272,114,227,272,21,1
짵,U+C9F5,13,0,25,94,205,273,114,227,273,21,1
짶,U+C9F6,13,0,26,94,205,274,114,227,274,21,1
짷,U+C9F7,13,0,27,94,205,275,114,227,275,21,1
째,U+C9F8,13,1,0,14,162,-1,14,184,-1,0,0
짹,U+C9F9,13,1,1,94,206,249,114,228,305,29,1
짺,U+C9FA,13,1,2,94,206,250,114,228,306,37,1
짻,U+C9FB,13,1,3,94,206,251,114,228,307,21,1
짼,U+C9FC,13,1,4,94,206,252,114,228,308,31,1
짽,U+C9FD,13,1,5,94,206,253,114,228,309,40,1
짾,U+C9FE,13,1,6,94,206,254,114,228,310,33,1
짿,U+C9FF,13,1,7,94,206,255,114,228,311,30,1
쨀,U+CA00,13,1,8,94,206,256,114,228,312,25,1
쨁,U+CA01,13,1,9,94,206,257,114,228,313,29,1
쨂,U+CA02,13,1,10,94,206,258,114,228,314,20,1
쨃,U+CA03,13,1,11,94,206,259,114,228,315,20,1
쨄,U+CA04,13,1,12,94,206,260,114,228,316,20,1
쨅,U+CA05,13,1,13,94,206,261,114,228,317,20,1
쨆,U+CA06,13,1,14,94,206,262,114,228,318,20,1
쨇,U+CA07,13,1,15,94,206,263,114,228,319,20,1
쨈,U+CA08,13,1,16,94,206,264,114,228,320,36,1
쨉,U+CA09,13,1,17,94,206,265,114,228,321,36,1
쨊,U+CA0A,13,1,18,94,206,266,114,228,322,20,1
쨋,U+CA0B,13,1,19,94,206,267,114,228,323,20,1
쨌,U+CA0C,13,1,20,94,206,268,114,228,324,20,1
쨍,U+CA0D,13,1,21,94,206,269,114,228,325,36,1
쨎,U+CA0E,13,1,22,94,206,270,114,228,326,39,1
쨏,U+CA0F,13,1,23,94,206,271,114,228,327,26,1
쨐,U+CA10,13,1,24,94,206,272,114,228,328,28,1
쨑,U+CA11,13,1,25,94,206,273,114,228,329,23,1
쨒,U+CA12,13,1,26,94,206,274,114,228,330,24,1
쨓,U+CA13,13,1,27,94,206,275,114,228,331,26,1
쨔,U+CA14,13,2,0,14,163,-1,14,185,-1,0,0
쨕,U+CA15,13,2,1,94,207,249,114,229,249,21,1
쨖,U+CA16,13,2,2,94,207,250,114,229,250,21,1
쨗,U+CA17,13,2,3,94,207,251,114,229,251,21,1
쨘,U+CA18,13,2,4,94,207,252,114,229,252,21,1
쨙,U+CA19,13,2,5,94,207,253,114,229,253,21,1
쨚,U+CA1A,13,2,6,94,207,254,114,229,254,21,1
쨛,U+CA1B,13,2,7,94,207,255,114,229,255,21,1
쨜,U+CA1C,13,2,8,94,207,256,114,229,256,21,1
쨝,U+CA1D,13,2,9,94,207,257,114,229,257,21,1
쨞,U+CA1E,13,2,10,94,207,258,114,229,258,21,1
쨟,U+CA1F,13,2,11,94,207,259,114,229,259,21,1
쨠,U+CA20,13,2,12,94,207,260,114,229,260,21,1
쨡,U+CA21,13,2,13,94,207,261,114,229,261,21,1
쨢,U+CA22,13,2,14,94,207,262,114,229,262,21,1
쨣,U+CA23,13,2,15,94,207,263,114,229,263,21,1
쨤,U+CA24,13,2,16,94,207,264,114,229,264,21,1
쨥,U+CA25,13,2,17,94,207,265,114,229,265,21,1
쨦,U+CA26,13,2,18,94,207,266,114,229,266,21,1
쨧,U+CA27,13,2,19,94,207,267,114,229,267,21,1
쨨,U+CA28,13,2,20,94,207,268,114,229,268,21,1
쨩,U+CA29,13,2,21,94,207,269,114,229,269,21,1
쨪,U+CA2A,13,2,22,94,207,270,114,229,270,21,1
쨫,U+CA2B,13,2,23,94,207,271,114,229,271,21,1
쨬,U+CA2C,13,2,24,94,207,272,114,229,272,21,1
쨭,U+CA2D,13,2,25,94,207,273,114,229,273,21,1
쨮,U+CA2E,13,2,26,94,207,274,114,229,274,21,1
쨯,U+CA2F,13,2,27,94,207,275,114,229,275,21,1
쨰,U+CA30,13,3,0,14,164,-1,14,186,-1,0,0
쨱,U+CA31,13,3,1,94,208,249,114,230,305,29,1
쨲,U+CA32,13,3,2,94,208,250,114,230,306,37,1
쨳,U+CA33,13,3,3,94,208,251,114,230,307,21,1
쨴,U+CA34,13,3,4,94,208,252,114,230,308,31,1
쨵,U+CA35,13,3,5,94,208,253,114,230,309,40,1
쨶,U+CA36,13,3,6,94,208,254,114,230,310,33,1
쨷,U+CA37,13,3,7,94,208,255,114,230,311,30,1
쨸,U+CA38,13,3,8,94,208,256,114,230,312,25,1
쨹,U+CA39,13,3,9,94,208,257,114,230,313,29,1
쨺,U+CA3A,13,3,10,94,208,258,114,230,314,20,1
쨻,U+CA3B,13,3,11,94,208,259,114,230,315,20,1
쨼,U+CA3C,13,3,12,94,208,260,114,230,316,20,1
쨽,U+CA3D,13,3,13,94,208,261,114,230,317,20,1
쨾,U+CA3E,13,3,14,94,208,262,114,230,318,20,1
쨿,U+CA3F,13,3,15,94,208,263,114,230,319,20,1
쩀,U+CA40,13,3,16,94,208,264,114,230,320,36,1
쩁,U+CA41,13,3,17,94,208,265,114,230,321,36,1
쩂,U+CA42,13,3,18,94,208,266,114,230,322,20,1
쩃,U+CA43,13,3,19,94,208,267,114,230,323,20,1
쩄,U+CA44,13,3,20,94,208,268,114,230,324,20,1
쩅,U+CA45,13,3,21,94,208,269,114,230,325,36,1
쩆,U+CA46,13,3,22,94,208,270,114,230,326,39,1
쩇,U+CA47,13,3,23,94,208,271,114,230,327,26,1
쩈,U+CA48,13,3,24,94,208,272,114,230,328,28,1
쩉,U+CA49,13,3,25,94,208,273,114,230,329,23,1
쩊,U+CA4A,13,3,26,94,208,274,114,230,330,24,1
쩋,U+CA4B,13,3,27,94,208,275,114,230,331,26,1
쩌,U+CA4C,13,4,0,14,165,-1,14,187,-1,0,0
쩍,U+CA4D,13,4,1,94,209,249,114,231,277,21,1
쩎,U+CA4E,13,4,2,94,209,250,114,231,278,21,1
쩏,U+CA4F,13,4,3,94,209,251,114,231,279,21,1
쩐,U+CA50,13,4,4,94,209,252,114,231,280,21,1
쩑,U+CA51,13,4,5,94,209,253,114,231,281,21,1
쩒,U+CA52,13,4,6,94,209,254,114,231,282,21,1
쩓,U+CA53,13,4,7,94,209,255,114,231,283,21,1
쩔,U+CA54,13,4,8,94,209,256,114,231,284,21,1
쩕,U+CA55,13,4,9,94,209,257,114,231,285,21,1
쩖,U+CA56,13,4,10,94,209,258,114,231,286,21,1
쩗,U+CA57,13,4,11,94,209,259,114,231,287,21,1
쩘,U+CA58,13,4,12,94,209,260,114,231,288,21,1
쩙,U+CA59,13,4,13,94,209,261,114,231,289,21,1
쩚,U+CA5A,13,4,14,94,209,262,114,231,290,21,1
쩛,U+CA5B,13,4,15,94,209,263,114,231,291,21,1
쩜,U+CA5C,13,4,16,94,209,264,114,231,292,21,1
쩝,U+CA5D,13,4,17,94,209,265,114,231,293,21,1
쩞,U+CA5E,13,4,18,94,209,266,114,231,294,21,1
쩟,U+CA5F,13,4,19,94,209,267,114,231,295,21,1
쩠,U+CA60,13,4,20,94,209,268,114,231,296,21,1
쩡,U+CA61,13,4,21,94,209,269,114,231,297,21,1
쩢,U+CA62,13,4,22,94,209,270,114,231,298,21,1
쩣,U+CA63,13,4,23,94,209,271,114,231,299,21,1
쩤,U+CA64,13,4,24,94,209,272,114,231,300,21,1
쩥,U+CA65,13,4,25,94,209,273,114,231,301,21,1
쩦,U+CA66,13,4,26,94,209,274,114,231,302,21,1
쩧,U+CA67,13,4,27,94,209,275,114,231,303,21,1
쩨,U+CA68,13,5,0,14,166,-1,14,188,-1,0,0
쩩,U+CA69,13,5,1,94,210,249,114,232,305,28,1
쩪,U+CA6A,13,5,2,94,210,250,114,232,306,36,1
쩫,U+CA6B,13,5,3,94,210,251,114,232,307,20,1
쩬,U+CA6C,13,5,4,94,210,252,114,232,308,30,1
쩭,U+CA6D,13,5,5,94,210,253,114,232,309,39,1
쩮,U+CA6E,13,5,6,94,210,254,114,232,310,32,1
쩯,U+CA6F,13,5,7,94,210,255,114,232,311,29,1
쩰,U+CA70,13,5,8,94,210,256,114,232,312,24,1
쩱,U+CA71,13,5,9,94,210,257,114,232,313,28,1
쩲,U+CA72,13,5,10,94,210,258,114,232,314,19,1
쩳,U+CA73,13,5,11,94,210,259,114,232,315,19,1
쩴,U+CA74,13,5,12,94,210,260,114,232,316,19,1
쩵,U+CA75,13,5,13,94,210,261,114,232,317,19,1
쩶,U+CA76,13,5,14,94,210,262,114,232,318,19,1
쩷,U+CA77,13,5,15,94,210,263,114,232,319,19,1
쩸,U+CA78,13,5,16,94,210,264,114,232,320,35,1
쩹,U+CA79,13,5,17,94,210,265,114,232,321,35,1
쩺,U+CA7A,13,5,18,94,210,266,114,232,322,19,1
쩻,U+CA7B,13,5,19,94,210,267,114,232,323,19,1
쩼,U+CA7C,13,5,20,94,210,268,114,232,324,19,1
쩽,U+CA7D,13,5,21,94,210,269,114,232,325,35,1
쩾,U+CA7E,13,5,22,94,210,270,114,232,326,38,1
쩿,U+CA7F,13,5,23,94,210,271,114,232,327,25,1
쪀,U+CA80,13,5,24,94,210,272,114,232,328,27,1
쪁,U+CA81,13,5,25,94,210,273,114,232,329,22,1
쪂,U+CA82,13,5,26,94,210,274,114,232,330,23,1
쪃,U+CA83,13,5,27,94,210,275,114,232,331,25,1
쪄,U+CA84,13,6,0,14,167,-1,14,189,-1,0,0
쪅,U+CA85,13,6,1,94,211,249,114,233,277,20,1
쪆,U+CA86,13,6,2,94,211,250,114,233,278,20,1
쪇,U+CA87,13,6,3,94,211,251,114,233,279,20,1
쪈,U+CA88,13,6,4,94,211,252,114,233,280,20,1
쪉,U+CA89,13,6,5,94,211,253,114,233,281,20,1
쪊,U+CA8A,13,6,6,94,211,254,114,233,282,20,1
쪋,U+CA8B,13,6,7,94,211,255,114,233,283,20,1
쪌,U+CA8C,13,6,8,94,211,256,114,233,284,20,1
쪍,U+CA8D,13,6,9,94,211,257,114,233,285,20,1
쪎,U+CA8E,13,6,10,94,211,258,114,233,286,20,1
쪏,U+CA8F,13,6,11,94,211,259,114,233,287,20,1
쪐,U+CA90,13,6,12,94,211,260,114,233,288,20,1
쪑,U+CA91,13,6,13,94,211,261,114,233,289,20,1
쪒,U+CA92,13,6,14,94,211,262,114,233,290,20,1
쪓,U+CA93,13,6,15,94,211,263,114,233,291,20,1
쪔,U+CA94,13,6,16,94,211,264,114,233,292,20,1
쪕,U+CA95,13,6,17,94,211,265,114,233,293,20,1
쪖,U+CA96,13,6,18,94,211,266,114,233,294,20,1
쪗,U+CA97,13,6,19,94,211,267,114,233,295,20,1
쪘,U+CA98,13,6,20,94,211,268,114,233,296,20,1
쪙,U+CA99,13,6,21,94,211,269,114,233,297,20,1
쪚,U+CA9A,13,6,22,94,211,270,114,233,298,20,1
쪛,U+CA9B,13,6,23,94,211,271,114,233,299,20,1
쪜,U+CA9C,13,6,24,94,211,272,114,233,300,20,1
쪝,U+CA9D,13,6,25,94,211,273,114,233,301,20,1
쪞,U+CA9E,13,6,26,94,211,274,114,233,302,20,1
쪟,U+CA9F,13,6,27,94,211,275,114,233,303,20,1
쪠,U+CAA0,13,7,0,14,168,-1,14,190,-1,0,0
쪡,U+CAA1,13,7,1,94,212,249,114,234,305,27,1
쪢,U+CAA2,13,7,2,94,212,250,114,234,306,35,1
쪣,U+CAA3,13,7,3,94,212,251,114,234,307,19,1
쪤,U+CAA4,13,7,4,94,212,252,114,234,308,29,1
쪥,U+CAA5,13,7,5,94,212,253,114,234,309,38,1
쪦,U+CAA6,13,7,6,94,212,254,114,234,310,31,1
쪧,U+CAA7,13,7,7,94,212,255,114,234,311,28,1
쪨,U+CAA8,13,7,8,94,212,256,114,234,312,23,1
쪩,U+CAA9,13,7,9,94,212,257,114,234,313,27,1
쪪,U+CAAA,13,7,10,94,212,258,114,234,314,18,1
쪫,U+CAAB,13,7,11,94,212,259,114,234,315,18,1
쪬,U+CAAC,13,7,12,94,212,260,114,234,316,18,1
쪭,U+CAAD,13,7,13,94,212,261,114,234,317,18,1
쪮,U+CAAE,13,7,14,94,212,262,114,234,318,18,1
쪯,U+CAAF,13,7,15,94,212,263,114,234,319,18,1
쪰,U+CAB0,13,7,16,94,212,264,114,234,320,34,1
쪱,U+CAB1,13,7,17,94,212,265,114,234,321,34,1
쪲,U+CAB2,13,7,18,94,212,266,114,234,322,18,1
쪳,U+CAB3,13,7,19,94,212,267,114,234,323,18,1
쪴,U+CAB4,13,7,20,94,212,268,114,234,324,18,1
쪵,U+CAB5,13,7,21,94,212,269,114,234,325,34,1
쪶,U+CAB6,13,7,22,94,212,270,114,234,326,37,1
쪷,U+CAB7,13,7,23,94,212,271,114,234,327,24,1
쪸,U+CAB8,13,7,24,94,212,272,114,234,328,26,1
쪹,U+CAB9,13,7,25,94,212,273,114,234,329,21,1
쪺,U+CABA,13,7,26,94,212,274,114,234,330,22,1
쪻,U+CABB,13,7,27,94,212,275,114,234,331,24,1
쪼,U+CABC,13,8,0,34,169,-1,34,191,-1,0,0
쪽,U+CABD,13,8,1,114,213,277,134,235,333,48,1
쪾,U+CABE,13,8,2,114,213,278,134,235,334,54,1
쪿,U+CABF,13,8,3,114,213,279,134,235,335,74,1
쫀,U+CAC0,13,8,4,114,213,280,134,235,336,55,1
쫁,U+CAC1,13,8,5,114,213,281,134,235,337,56,1
쫂,U+CAC2,13,8,6,114,213,282,134,235,338,58,1
쫃,U+CAC3,13,8,7,114,213,283,134,235,339,54,1
쫄,U+CAC4,13,8,8,114,213,284,134,235,340,54,1
쫅,U+CAC5,13,8,9,114,213,285,134,235,341,64,1
쫆,U+CAC6,13,8,10,114,213,286,134,235,342,62,1
쫇,U+CAC7,13,8,11,114,213,287,134,235,343,62,1
쫈,U+CAC8,13,8,12,114,213,288,134,235,344,76,1
쫉,U+CAC9,13,8,13,114,213,289,134,235,345,56,1
쫊,U+CACA,13,8,14,114,213,290,134,235,346,62,1
쫋,U+CACB,13,8,15,114,213,291,134,235,347,72,1
쫌,U+CACC,13,8,16,114,213,292,134,235,348,61,1
쫍,U+CACD,13,8,17,114,213,293,134,235,349,61,1
쫎,U+CACE,13,8,18,114,213,294,134,235,350,80,1
쫏,U+CACF,13,8,19,114,213,295,134,235,351,66,1
쫐,U+CAD0,13,8,20,114,213,296,134,235,352,72,1
쫑,U+CAD1,13,8,21,114,213,297,134,235,353,70,1
쫒,U+CAD2,13,8,22,114,213,298,134,235,354,69,1
쫓,U+CAD3,13,8,23,114,213,299,134,235,355,60,1
쫔,U+CAD4,13,8,24,114,213,300,134,235,356,50,1
쫕,U+CAD5,13,8,25,114,213,301,134,235,357,56,1
쫖,U+CAD6,13,8,26,114,213,302,134,235,358,68,1
쫗,U+CAD7,13,8,27,114,213,303,134,235,359,64,1
쫘,U+CAD8,13,9,0,74,170,-1,74,192,-1,0,0
쫙,U+CAD9,13,9,1,154,214,333,154,236,249,12,1
쫚,U+CADA,13,9,2,154,214,334,154,236,250,18,1
쫛,U+CADB,13,9,3,154,214,335,154,236,251,38,1
쫜,U+CADC,13,9,4,154,214,336,154,236,252,19,1
쫝,U+CADD,13,9,5,154,214,337,154,236,253,20,1
쫞,U+CADE,13,9,6,154,214,338,154,236,254,22,1
쫟,U+CADF,13,9,7,154,214,339,154,236,255,18,1
쫠,U+CAE0,13,9,8,154,214,340,154,236,256,18,1
쫡,U+CAE1,13,9,9,154,214,341,154,236,257,28,1
쫢,U+CAE2,13,9,10,154,214,342,154,236,258,26,1
쫣,U+CAE3,13,9,11,154,214,343,154,236,259,26,1
쫤,U+CAE4,13,9,12,154,214,344,154,236,260,40,1
쫥,U+CAE5,13,9,13,154,214,345,154,236,261,20,1
쫦,U+CAE6,13,9,14,154,214,346,154,236,262,26,1
쫧,U+CAE7,13,9,15,154,214,347,154,236,263,36,1
쫨,U+CAE8,13,9,16,154,214,348,154,236,264,25,1
쫩,U+CAE9,13,9,17,154,214,349,154,236,265,25,1
쫪,U+CAEA,13,9,18,154,214,350,154,236,266,44,1
쫫,U+CAEB,13,9,19,154,214,351,154,236,267,30,1
쫬,U+CAEC,13,9,20,154,214,352,154,236,268,36,1
쫭,U+CAED,13,9,21,154,214,353,154,236,269,34,1
쫮,U+CAEE,13,9,22,154,214,354,154,236,270,33,1
쫯,U+CAEF,13,9,23,154,214,355,154,236,271,24,1
쫰,U+CAF0,13,9,24,154,214,356,154,236,272,14,1
쫱,U+CAF1,13,9,25,154,214,357,154,236,273,20,1
쫲,U+CAF2,13,9,26,154,214,358,154,236,274,32,1
쫳,U+CAF3,13,9,27,154,214,359,154,236,275,28,1
쫴,U+CAF4,13,10,0,74,171,-1,74,193,-1,0,0
쫵,U+CAF5,13,10,1,154,215,333,154,237,305,19,1
쫶,U+CAF6,13,10,2,154,215,334,154,237,306,31,1
쫷,U+CAF7,13,10,3,154,215,335,154,237,307,37,1
쫸,U+CAF8,13,10,4,154,215,336,154,237,308,24,1
쫹,U+CAF9,13,10,5,154,215,337,154,237,309,40,1
쫺,U+CAFA,13,10,6,154,215,338,154,237,310,33,1
쫻,U+CAFB,13,10,7,154,215,339,154,237,311,22,1
쫼,U+CAFC,13,10,8,154,215,340,154,237,312,23,1
쫽,U+CAFD,13,10,9,154,215,341,154,237,313,35,1
쫾,U+CAFE,13,10,10,154,215,342,154,237,314,26,1
쫿,U+CAFF,13,10,11,154,215,343,154,237,315,26,1
쬀,U+CB00,13,10,12,154,215,344,154,237,316,40,1
쬁,U+CB01,13,10,13,154,215,345,154,237,317,20,1
쬂,U+CB02,13,10,14,154,215,346,154,237,318,26,1
쬃,U+CB03,13,10,15,154,215,347,154,237,319,36,1
쬄,U+CB04,13,10,16,154,215,348,154,237,320,35,1
쬅,U+CB05,13,10,17,154,215,349,154,237,321,35,1
쬆,U+CB06,13,10,18,154,215,350,154,237,322,44,1
쬇,U+CB07,13,10,19,154,215,351,154,237,323,30,1
쬈,U+CB08,13,10,20,154,215,352,154,237,324,36,1
쬉,U+CB09,13,10,21,154,215,353,154,237,325,38,1
쬊,U+CB0A,13,10,22,154,215,354,154,237,326,22,1
쬋,U+CB0B,13,10,23,154,215,355,154,237,327,26,1
쬌,U+CB0C,13,10,24,154,215,356,154,237,328,20,1
쬍,U+CB0D,13,10,25,154,215,357,154,237,329,23,1
쬎,U+CB0E,13,10,26,154,215,358,154,237,330,32,1
쬏,U+CB0F,13,10,27,154,215,359,154,237,331,32,1
쬐,U+CB10,13,11,0,74,172,-1,74,194,-1,0,0
쬑,U+CB11,13,11,1,154,216,333,154,238,277,12,1
쬒,U+CB12,13,11,2,154,216,334,154,238,278,18,1
쬓,U+CB13,13,11,3,154,216,335,154,238,279,38,1
쬔,U+CB14,13,11,4,154,216,336,154,238,280,19,1
쬕,U+CB15,13,11,5,154,216,337,154,238,281,20,1
쬖,U+CB16,13,11,6,154,216,338,154,238,282,22,1
쬗,U+CB17,13,11,7,154,216,339,154,238,283,18,1
쬘,U+CB18,13,11,8,154,216,340,154,238,284,18,1
쬙,U+CB19,13,11,9,154,216,341,154,238,285,28,1
쬚,U+CB1A,13,11,10,154,216,342,154,238,286,26,1
쬛,U+CB1B,13,11,11,154,216,343,154,238,287,26,1
쬜,U+CB1C,13,11,12,154,216,344,154,238,288,40,1
쬝,U+CB1D,13,11,13,154,216,345,154,238,289,20,1
쬞,U+CB1E,13,11,14,154,216,346,154,238,290,26,1
쬟,U+CB1F,13,11,15,154,216,347,154,238,291,36,1
쬠,U+CB20,13,11,16,154,216,348,154,238,292,25,1
쬡,U+CB21,13,11,17,154,216,349,154,238,293,25,1
쬢,U+CB22,13,11,18,154,216,350,154,238,294,44,1
쬣,U+CB23,13,11,19,154,216,351,154,238,295,30,1
쬤,U+CB24,13,11,20,154,216,352,154,238,296,36,1
쬥,U+CB25,13,11,21,154,216,353,154,238,297,34,1
쬦,U+CB26,13,11,22,154,216,354,154,238,298,33,1
쬧,U+CB27,13,11,23,154,216,355,154,238,299,24,1
쬨,U+CB28,13,11,24,154,216,356,154,238,300,14,1
쬩,U+CB29,13,11,25,154,216,357,154,238,301,20,1
쬪,U+CB2A,13,11,26,154,216,358,154,238,302,32,1
쬫,U+CB2B,13,11,27,154,216,359,154,238,303,28,1
쬬,U+CB2C,13,12,0,34,173,-1,34,195,-1,0,0
쬭,U+CB2D,13,12,1,114,217,277,134,239,333,51,1
쬮,U+CB2E,13,12,2,114,217,278,134,239,334,57,1
쬯,U+CB2F,13,12,3,114,217,279,134,239,335,77,1
쬰,U+CB30,13,12,4,114,217,280,134,239,336,58,1
쬱,U+CB31,13,12,5,114,217,281,134,239,337,59,1
쬲,U+CB32,13,12,6,114,217,282,134,239,338,61,1
쬳,U+CB33,13,12,7,114,217,283,134,239,339,57,1
쬴,U+CB34,13,12,8,114,217,284,134,239,340,57,1
쬵,U+CB35,13,12,9,114,217,285,134,239,341,67,1
쬶,U+CB36,13,12,10,114,217,286,134,239,342,65,1
쬷,U+CB37,13,12,11,114,217,287,134,239,343,65,1
쬸,U+CB38,13,12,12,114,217,288,134,239,344,79,1
쬹,U+CB39,13,12,13,114,217,289,134,239,345,59,1
쬺,U+CB3A,13,12,14,114,217,290,134,239,346,65,1
쬻,U+CB3B,13,12,15,114,217,291,134,239,347,75,1
쬼,U+CB3C,13,12,16,114,217,292,134,239,348,64,1
쬽,U+CB3D,13,12,17,114,217,293,134,239,349,64,1
쬾,U+CB3E,13,12,18,114,217,294,134,239,350,83,1
쬿,U+CB3F,13,12,19,114,217,295,134,239,351,69,1
쭀,U+CB40,13,12,20,114,217,296,134,239,352,75,1
쭁,U+CB41,13,12,21,114,217,297,134,239,353,73,1
쭂,U+CB42,13,12,22,114,217,298,134,239,354,72,1
쭃,U+CB43,13,12,23,114,217,299,134,239,355,63,1
쭄,U+CB44,13,12,24,114,217,300,134,239,356,53,1
쭅,U+CB45,13,12,25,114,217,301,134,239,357,59,1
쭆,U+CB46,13,12,26,114,217,302,134,239,358,71,1
쭇,U+CB47,13,12,27,114,217,303,134,239,359,67,1
쭈,U+CB48,13,13,0,54,174,-1,54,196,-1,0,0
쭉,U+CB49,13,13,1,134,218,305,134,240,333,19,1
쭊,U+CB4A,13,13,2,134,218,306,134,240,334,31,1
쭋,U+CB4B,13,13,3,134,218,307,134,240,335,37,1
쭌,U+CB4C,13,13,4,134,218,308,134,240,336,23,1
쭍,U+CB4D,13,13,5,134,218,309,134,240,337,39,1
쭎,U+CB4E,13,13,6,134,218,310,134,240,338,33,1
쭏,U+CB4F,13,13,7,134,218,311,134,240,339,22,1
쭐,U+CB50,13,13,8,134,218,312,134,240,340,23,1
쭑,U+CB51,13,13,9,134,218,313,134,240,341,35,1
쭒,U+CB52,13,13,10,134,218,314,134,240,342,26,1
쭓,U+CB53,13,13,11,134,218,315,134,240,343,26,1
쭔,U+CB54,13,13,12,134,218,316,134,240,344,40,1
쭕,U+CB55,13,13,13,134,218,317,134,240,345,20,1
쭖,U+CB56,13,13,14,134,218,318,134,240,346,26,1
쭗,U+CB57,13,13,15,134,218,319,134,240,347,36,1
쭘,U+CB58,13,13,16,134,218,320,134,240,348,35,1
쭙,U+CB59,13,13,17,134,218,321,134,240,349,34,1
쭚,U+CB5A,13,13,18,134,218,322,134,240,350,43,1
쭛,U+CB5B,13,13,19,134,218,323,134,240,351,29,1
쭜,U+CB5C,13,13,20,134,218,324,134,240,352,35,1
쭝,U+CB5D,13,13,21,134,218,325,134,240,353,37,1
쭞,U+CB5E,13,13,22,134,218,326,134,240,354,22,1
쭟,U+CB5F,13,13,23,134,218,327,134,240,355,25,1
쭠,U+CB60,13,13,24,134,218,328,134,240,356,20,1
쭡,U+CB61,13,13,25,134,218,329,134,240,357,23,1
쭢,U+CB62,13,13,26,134,218,330,134,240,358,32,1
쭣,U+CB63,13,13,27,134,218,331,134,240,359,31,1
쭤,U+CB64,13,14,0,74,175,-1,94,197,-1,0,0
쭥,U+CB65,13,14,1,154,219,333,154,241,277,12,1
쭦,U+CB66,13,14,2,154,219,334,154,241,278,18,1
쭧,U+CB67,13,14,3,154,219,335,154,241,279,38,1
쭨,U+CB68,13,14,4,154,219,336,154,241,280,19,1
쭩,U+CB69,13,14,5,154,219,337,154,241,281,20,1
쭪,U+CB6A,13,14,6,154,219,338,154,241,282,22,1
쭫,U+CB6B,13,14,7,154,219,339,154,241,283,18,1
쭬,U+CB6C,13,14,8,154,219,340,154,241,284,18,1
쭭,U+CB6D,13,14,9,154,219,341,154,241,285,28,1
쭮,U+CB6E,13,14,10,154,219,342,154,241,286,26,1
쭯,U+CB6F,13,14,11,154,219,343,154,241,287,26,1
쭰,U+CB70,13,14,12,154,219,344,154,241,288,40,1
쭱,U+CB71,13,14,13,154,219,345,154,241,289,20,1
쭲,U+CB72,13,14,14,154,219,346,154,241,290,26,1
쭳,U+CB73,13,14,15,154,219,347,154,241,291,36,1
쭴,U+CB74,13,14,16,154,219,348,154,241,292,25,1
쭵,U+CB75,13,14,17,154,219,349,154,241,293,25,1
쭶,U+CB76,13,14,18,154,219,350,154,241,294,44,1
쭷,U+CB77,13,14,19,154,219,351,154,241,295,30,1
쭸,U+CB78,13,14,20,154,219,352,154,241,296,36,1
쭹,U+CB79,13,14,21,154,219,353,154,241,297,34,1
쭺,U+CB7A,13,14,22,154,219,354,154,241,298,33,1
쭻,U+CB7B,13,14,23,154,219,355,154,241,299,24,1
쭼,U+CB7C,13,14,24,154,219,356,154,241,300,14,1
쭽,U+CB7D,13,14,25,154,219,357,154,241,301,20,1
쭾,U+CB7E,13,14,26,154,219,358,154,241,302,32,1
쭿,U+CB7F,13,14,27,154,219,359,154,241,303,28,1
쮀,U+CB80,13,15,0,74,176,-1,94,198,-1,0,0
쮁,U+CB81,13,15,1,154,220,333,154,242,305,19,1
쮂,U+CB82,13,15,2,154,220,334,154,242,306,31,1
쮃,U+CB83,13,15,3,154,220,335,154,242,307,37,1
쮄,U+CB84,13,15,4,154,220,336,154,242,308,24,1
쮅,U+CB85,13,15,5,154,220,337,154,242,309,40,1
쮆,U+CB86,13,15,6,154,220,338,154,242,310,33,1
쮇,U+CB87,13,15,7,154,220,339,154,242,311,22,1
쮈,U+CB88,13,15,8,154,220,340,154,242,312,23,1
쮉,U+CB89,13,15,9,154,220,341,154,242,313,35,1
쮊,U+CB8A,13,15,10,154,220,342,154,242,314,26,1
쮋,U+CB8B,13,15,11,154,220,343,154,242,315,26,1
쮌,U+CB8C,13,15,12,154,220,344,154,242,316,40,1
쮍,U+CB8D,13,15,13,154,220,345,154,242,317,20,1
쮎,U+CB8E,13,15,14,154,220,346,154,242,318,26,1
쮏,U+CB8F,13,15,15,154,220,347,154,242,319,36,1
쮐,U+CB90,13,15,16,154,220,348,154,242,320,35,1
쮑,U+CB91,13,15,17,154,220,349,154,242,321,35,1
쮒,U+CB92,13,15,18,154,220,350,154,242,322,44,1
쮓,U+CB93,13,15,19,154,220,351,154,242,323,30,1
쮔,U+CB94,13,15,20,154,220,352,154,242,324,36,1
쮕,U+CB95,13,15,21,154,220,353,154,242,325,38,1
쮖,U+CB96,13,15,22,154,220,354,154,242,326,22,1
쮗,U+CB97,13,15,23,154,220,355,154,242,327,26,1
쮘,U+CB98,13,15,24,154,220,356,154,242,328,20,1
쮙,U+CB99,13,15,25,154,220,357,154,242,329,23,1
쮚,U+CB9A,13,15,26,154,220,358,154,242,330,32,1
쮛,U+CB9B,13,15,27,154,220,359,154,242,331,32,1
쮜,U+CB9C,13,16,0,74,177,-1,94,199,-1,0,0
쮝,U+CB9D,13,16,1,154,221,333,154,243,277,12,1
쮞,U+CB9E,13,16,2,154,221,334,154,243,278,18,1
쮟,U+CB9F,13,16,3,154,221,335,154,243,279,38,1
쮠,U+CBA0,13,16,4,154,221,336,154,243,280,19,1
쮡,U+CBA1,13,16,5,154,221,337,154,243,281,20,1
쮢,U+CBA2,13,16,6,154,221,338,154,243,282,22,1
쮣,U+CBA3,13,16,7,154,221,339,154,243,283,18,1
쮤,U+CBA4,13,16,8,154,221,340,154,243,284,18,1
쮥,U+CBA5,13,16,9,154,221,341,154,243,285,28,1
쮦,U+CBA6,13,16,10,154,221,342,154,243,286,26,1
쮧,U+CBA7,13,16,11,154,221,343,154,243,287,26,1
쮨,U+CBA8,13,16,12,154,221,344,154,243,288,40,1
쮩,U+CBA9,13,16,13,154,221,345,154,243,289,20,1
쮪,U+CBAA,13,16,14,154,221,346,154,243,290,26,1
쮫,U+CBAB,13,16,15,154,221,347,154,243,291,36,1
쮬,U+CBAC,13,16,16,154,221,348,154,243,292,25,1
쮭,U+CBAD,13,16,17,154,221,349,154,243,293,25,1
쮮,U+CBAE,13,16,18,154,221,350,154,243,294,44,1
쮯,U+CBAF,13,16,19,154,221,351,154,243,295,30,1
쮰,U+CBB0,13,16,20,154,221,352,154,243,296,36,1
쮱,U+CBB1,13,16,21,154,221,353,154,243,297,34,1
쮲,U+CBB2,13,16,22,154,221,354,154,243,298,33,1
쮳,U+CBB3,13,16,23,154,221,355,154,243,299,24,1
쮴,U+CBB4,13,16,24,154,221,356,154,243,300,14,1
쮵,U+CBB5,13,16,25,154,221,357,154,243,301,20,1
쮶,U+CBB6,13,16,26,154,221,358,154,243,302,32,1
쮷,U+CBB7,13,16,27,154,221,359,154,243,303,28,1
쮸,U+CBB8,13,17,0,54,178,-1,54,200,-1,0,0
쮹,U+CBB9,13,17,1,134,222,305,134,244,333,18,1
쮺,U+CBBA,13,17,2,134,222,306,134,244,334,31,1
쮻,U+CBBB,13,17,3,134,222,307,134,244,335,36,1
쮼,U+CBBC,13,17,4,134,222,308,134,244,336,23,1
쮽,U+CBBD,13,17,5,134,222,309,134,244,337,39,1
쮾,U+CBBE,13,17,6,134,222,310,134,244,338,33,1
쮿,U+CBBF,13,17,7,134,222,311,134,244,339,21,1
쯀,U+CBC0,13,17,8,134,222,312,134,244,340,22,1
쯁,U+CBC1,13,17,9,134,222,313,134,244,341,35,1
쯂,U+CBC2,13,17,10,134,222,314,134,244,342,25,1
쯃,U+CBC3,13,17,11,134,222,315,134,244,343,25,1
쯄,U+CBC4,13,17,12,134,222,316,134,244,344,39,1
쯅,U+CBC5,13,17,13,134,222,317,134,244,345,19,1
쯆,U+CBC6,13,17,14,134,222,318,134,244,346,25,1
쯇,U+CBC7,13,17,15,134,222,319,134,244,347,35,1
쯈,U+CBC8,13,17,16,134,222,320,134,244,348,34,1
쯉,U+CBC9,13,17,17,134,222,321,134,244,349,34,1
쯊,U+CBCA,13,17,18,134,222,322,134,244,350,42,1
쯋,U+CBCB,13,17,19,134,222,323,134,244,351,29,1
쯌,U+CBCC,13,17,20,134,222,324,134,244,352,36,1
쯍,U+CBCD,13,17,21,134,222,325,134,244,353,37,1
쯎,U+CBCE,13,17,22,134,222,326,134,244,354,22,1
쯏,U+CBCF,13,17,23,134,222,327,134,244,355,25,1
쯐,U+CBD0,13,17,24,134,222,328,134,244,356,19,1
쯑,U+CBD1,13,17,25,134,222,329,134,244,357,22,1
쯒,U+CBD2,13,17,26,134,222,330,134,244,358,32,1
쯓,U+CBD3,13,17,27,134,222,331,134,244,359,32,1
쯔,U+CBD4,13,18,0,34,179,-1,34,201,-1,0,0
쯕,U+CBD5,13,18,1,114,223,277,134,245,333,51,1
쯖,U+CBD6,13,18,2,114,223,278,134,245,334,57,1
쯗,U+CBD7,13,18,3,114,223,279,134,245,335,77,1
쯘,U+CBD8,13,18,4,114,223,280,134,245,336,58,1
쯙,U+CBD9,13,18,5,114,223,281,134,245,337,59,1
쯚,U+CBDA,13,18,6,114,223,282,134,245,338,61,1
쯛,U+CBDB,13,18,7,114,223,283,134,245,339,57,1
쯜,U+CBDC,13,18,8,114,223,284,134,245,340,57,1
쯝,U+CBDD,13,18,9,114,223,285,134,245,341,67,1
쯞,U+CBDE,13,18,10,114,223,286,134,245,342,65,1
쯟,U+CBDF,13,18,11,114,223,287,134,245,343,65,1
쯠,U+CBE0,13,18,12,114,223,288,134,245,344,79,1
쯡,U+CBE1,13,18,13,114,223,289,134,245,345,59,1
쯢,U+CBE2,13,18,14,114,223,290,134,245,346,65,1
쯣,U+CBE3,13,18,15,114,223,291,134,245,347,75,1
쯤,U+CBE4,13,18,16,114,223,292,134,245,348,64,1
쯥,U+CBE5,13,18,17,114,223,293,134,245,349,64,1
쯦,U+CBE6,13,18,18,114,223,294,134,245,350,83,1
쯧,U+CBE7,13,18,19,114,223,295,134,245,351,69,1
쯨,U+CBE8,13,18,20,114,223,296,134,245,352,75,1
쯩,U+CBE9,13,18,21,114,223,297,134,245,353,73,1
쯪,U+CBEA,13,18,22,114,223,298,134,245,354,72,1
쯫,U+CBEB,13,18,23,114,223,299,134,245,355,63,1
쯬,U+CBEC,13,18,24,114,223,300,134,245,356,53,1
쯭,U+CBED,13,18,25,114,223,301,134,245,357,59,1
쯮,U+CBEE,13,18,26,114,223,302,134,245,358,71,1
쯯,U+CBEF,13,18,27,114,223,303,134,245,359,67,1
쯰,U+CBF0,13,19,0,74,180,-1,74,202,-1,0,0
쯱,U+CBF1,13,19,1,154,224,333,154,246,277,12,1
쯲,U+CBF2,13,19,2,154,224,334,154,246,278,18,1
쯳,U+CBF3,13,19,3,154,224,335,154,246,279,38,1
쯴,U+CBF4,13,19,4,154,224,336,154,246,280,19,1
쯵,U+CBF5,13,19,5,154,224,337,154,246,281,20,1
쯶,U+CBF6,13,19,6,154,224,338,154,246,282,22,1
쯷,U+CBF7,13,19,7,154,224,339,154,246,283,18,1
쯸,U+CBF8,13,19,8,154,224,340,154,246,284,18,1
쯹,U+CBF9,13,19,9,154,224,341,154,246,285,28,1
쯺,U+CBFA,13,19,10,154,224,342,154,246,286,26,1
쯻,U+CBFB,13,19,11,154,224,343,154,246,287,26,1
쯼,U+CBFC,13,19,12,154,224,344,154,246,288,40,1
쯽,U+CBFD,13,19,13,154,224,345,154,246,289,20,1
쯾,U+CBFE,13,19,14,154,224,346,154,246,290,26,1
쯿,U+CBFF,13,19,15,154,224,347,154,246,291,36,1
찀,U+CC00,13,19,16,154,224,348,154,246,292,25,1
찁,U+CC01,13,19,17,154,224,349,154,246,293,25,1
찂,U+CC02,13,19,18,154,224,350,154,246,294,44,1
찃,U+CC03,13,19,19,154,224,351,154,246,295,30,1
찄,U+CC04,13,19,20,154,224,352,154,246,296,36,1
찅,U+CC05,13,19,21,154,224,353,154,246,297,34,1
찆,U+CC06,13,19,22,154,224,354,154,246,298,33,1
찇,U+CC07,13,19,23,154,224,355,154,246,299,24,1
찈,U+CC08,13,19,24,154,224,356,154,246,300,14,1
찉,U+CC09,13,19,25,154,224,357,154,246,301,20,1
찊,U+CC0A,13,19,26,154,224,358,154,246,302,32,1
찋,U+CC0B,13,19,27,154,224,359,154,246,303,28,1
찌,U+CC0C,13,20,0,14,181,-1,14,203,-1,0,0
찍,U+CC0D,13,20,1,94,225,249,114,247,277,21,1
찎,U+CC0E,13,20,2,94,225,250,114,247,278,21,1
찏,U+CC0F,13,20,3,94,225,251,114,247,279,21,1
찐,U+CC10,13,20,4,94,225,252,114,247,280,21,1
찑,U+CC11,13,20,5,94,225,253,114,247,281,21,1
찒,U+CC12,13,20,6,94,225,254,114,247,282,21,1
찓,U+CC13,13,20,7,94,225,255,114,247,283,21,1
찔,U+CC14,13,20,8,94,225,256,114,247,284,21,1
찕,U+CC15,13,20,9,94,225,257,114,247,285,21,1
찖,U+CC16,13,20,10,94,225,258,114,247,286,21,1
찗,U+CC17,13,20,11,94,225,259,114,247,287,21,1
찘,U+CC18,13,20,12,94,225,260,114,247,288,21,1
찙,U+CC19,13,20,13,94,225,261,114,247,289,21,1
찚,U+CC1A,13,20,14,94,225,262,114,247,290,21,1
찛,U+CC1B,13,20,15,94,225,263,114,247,291,21,1
찜,U+CC1C,13,20,16,94,225,264,114,247,292,21,1
찝,U+CC1D,13,20,17,94,225,265,114,247,293,21,1
찞,U+CC1E,13,20,18,94,225,266,114,247,294,21,1
찟,U+CC1F,13,20,19,94,225,267,114,247,295,21,1
찠,U+CC20,13,20,20,94,225,268,114,247,296,21,1
찡,U+CC21,13,20,21,94,225,269,114,247,297,21,1
찢,U+CC22,13,20,22,94,225,270,114,247,298,21,1
찣,U+CC23,13,20,23,94,225,271,114,247,299,21,1
찤,U+CC24,13,20,24,94,225,272,114,247,300,21,1
찥,U+CC25,13,20,25,94,225,273,114,247,301,21,1
찦,U+CC26,13,20,26,94,225,274,114,247,302,21,1
찧,U+CC27,13,20,27,94,225,275,114,247,303,21,1
차,U+CC28,14,0,0,15,161,-1,15,183,-1,0,0
착,U+CC29,14,0,1,95,205,249,115,227,249,18,1
찪,U+CC2A,14,0,2,95,205,250,115,227,250,18,1
찫,U+CC2B,14,0,3,95,205,251,115,227,251,18,1
찬,U+CC2C,14,0,4,95,205,252,115,227,252,18,1
찭,U+CC2D,14,0,5,95,205,253,115,227,253,18,1
찮,U+CC2E,14,0,6,95,205,254,115,227,254,18,1
찯,U+CC2F,14,0,7,95,205,255,115,227,255,18,1
찰,U+CC30,14,0,8,95,205,256,115,227,256,18,1
찱,U+CC31,14,0,9,95,205,257,115,227,257,18,1
찲,U+CC32,14,0,10,95,205,258,115,227,258,18,1
찳,U+CC33,14,0,11,95,205,259,115,227,259,18,1
찴,U+CC34,14,0,12,95,205,260,115,227,260,18,1
찵,U+CC35,14,0,13,95,205,261,115,227,261,18,1
찶,U+CC36,14,0,14,95,205,262,115,227,262,18,1
찷,U+CC37,14,0,15,95,205,263,115,227,263,18,1
참,U+CC38,14,0,16,95,205,264,115,227,264,18,1
찹,U+CC39,14,0,17,95,205,265,115,227,265,18,1
찺,U+CC3A,14,0,18,95,205,266,115,227,266,18,1
찻,U+CC3B,14,0,19,95,205,267,115,227,267,18,1
찼,U+CC3C,14,0,20,95,205,268,115,227,268,18,1
창,U+CC3D,14,0,21,95,205,269,115,227,269,18,1
찾,U+CC3E,14,0,22,95,205,270,115,227,270,18,1
찿,U+CC3F,14,0,23,95,205,271,115,227,271,18,1
챀,U+CC40,14,0,24,95,205,272,115,227,272,18,1
챁,U+CC41,14,0,25,95,205,273,115,227,273,18,1
챂,U+CC42,14,0,26,95,205,274,115,227,274,18,1
챃,U+CC43,14,0,27,95,205,275,115,227,275,18,1
채,U+CC44,14,1,0,15,162,-1,15,184,-1,0,0
책,U+CC45,14,1,1,95,206,249,115,228,305,27,1
챆,U+CC46,14,1,2,95,206,250,115,228,306,35,1
챇,U+CC47,14,1,3,95,206,251,115,228,307,19,1
챈,U+CC48,14,1,4,95,206,252,115,228,308,29,1
챉,U+CC49,14,1,5,95,206,253,115,228,309,38,1
챊,U+CC4A,14,1,6,95,206,254,115,228,310,31,1
챋,U+CC4B,14,1,7,95,206,255,115,228,311,28,1
챌,U+CC4C,14,1,8,95,206,256,115,228,312,23,1
챍,U+CC4D,14,1,9,95,206,257,115,228,313,27,1
챎,U+CC4E,14,1,10,95,206,258,115,228,314,18,1
챏,U+CC4F,14,1,11,95,206,259,115,228,315,18,1
챐,U+CC50,14,1,12,95,206,260,115,228,316,18,1
챑,U+CC51,14,1,13,95,206,261,115,228,317,18,1
챒,U+CC52,14,1,14,95,206,262,115,228,318,18,1
챓,U+CC53,14,1,15,95,206,263,115,228,319,18,1
챔,U+CC54,14,1,16,95,206,264,115,228,320,34,1
챕,U+CC55,14,1,17,95,206,265,115,228,321,34,1
챖,U+CC56,14,1,18,95,206,266,115,228,322,18,1
챗,U+CC57,14,1,19,95,206,267,115,228,323,18,1
챘,U+CC58,14,1,20,95,206,268,115,228,324,18,1
챙,U+CC59,14,1,21,95,206,269,115,228,325,34,1
챚,U+CC5A,14,1,22,95,206,270,115,228,326,37,1
챛,U+CC5B,14,1,23,95,206,271,115,228,327,24,1
챜,U+CC5C,14,1,24,95,206,272,115,228,328,26,1
챝,U+CC5D,14,1,25,95,206,273,115,228,329,21,1
챞,U+CC5E,14,1,26,95,206,274,115,228,330,22,1
챟,U+CC5F,14,1,27,95,206,275,115,228,331,24,1
챠,U+CC60,14,2,0,15,163,-1,15,185,-1,0,0
챡,U+CC61,14,2,1,95,207,249,115,229,249,18,1
챢,U+CC62,14,2,2,95,207,250,115,229,250,18,1
챣,U+CC63,14,2,3,95,207,251,115,229,251,18,1
챤,U+CC64,14,2,4,95,207,252,115,229,252,18,1
챥,U+CC65,14,2,5,95,207,253,115,229,253,18,1
챦,U+CC66,14,2,6,95,207,254,115,229,254,18,1
챧,U+CC67,14,2,7,95,207,255,115,229,255,18,1
챨,U+CC68,14,2,8,95,207,256,115,229,256,18,1
챩,U+CC69,14,2,9,95,207,257,115,229,257,18,1
챪,U+CC6A,14,2,10,95,207,258,115,229,258,18,1
챫,U+CC6B,14,2,11,95,207,259,115,229,259,18,1
챬,U+CC6C,14,2,12,95,207,260,115,229,260,18,1
챭,U+CC6D,14,2,13,95,207,261,115,229,261,18,1
챮,U+CC6E,14,2,14,95,207,262,115,229,262,18,1
챯,U+CC6F,14,2,15,95,207,263,115,229,263,18,1
챰,U+CC70,14,2,16,95,207,264,115,229,264,18,1
챱,U+CC71,14,2,17,95,207,265,115,229,265,18,1
챲,U+CC72,14,2,18,95,207,266,115,229,266,18,1
챳,U+CC73,14,2,19,95,207,267,115,229,267,18,1
챴,U+CC74,14,2,20,95,207,268,115,229,268,18,1
챵,U+CC75,14,2,21,95,207,269,115,229,269,18,1
챶,U+CC76,14,2,22,95,207,270,115,229,270,18,1
챷,U+CC77,14,2,23,95,207,271,115,229,271,18,1
챸,U+CC78,14,2,24,95,207,272,115,229,272,18,1
챹,U+CC79,14,2,25,95,207,273,115,229,273,18,1
챺,U+CC7A,14,2,26,95,207,274,115,229,274,18,1
챻,U+CC7B,14,2,27,95,207,275,115,229,275,18,1
챼,U+CC7C,14,3,0,15,164,-1,15,186,-1,0,0
챽,U+CC7D,14,3,1,95,208,249,115,230,305,27,1
챾,U+CC7E,14,3,2,95,208,250,115,230,306,35,1
챿,U+CC7F,14,3,3,95,208,251,115,230,307,19,1
첀,U+CC80,14,3,4,95,208,252,115,230,308,29,1
첁,U+CC81,14,3,5,95,208,253,115,230,309,38,1
첂,U+CC82,14,3,6,95,208,254,115,230,310,31,1
첃,U+CC83,14,3,7,95,208,255,115,230,311,28,1
첄,U+CC84,14,3,8,95,208,256,115,230,312,23,1
첅,U+CC85,14,3,9,95,208,257,115,230,313,27,1
첆,U+CC86,14,3,10,95,208,258,115,230,314,18,1
첇,U+CC87,14,3,11,95,208,259,115,230,315,18,1
첈,U+CC88,14,3,12,95,208,260,115,230,316,18,1
첉,U+CC89,14,3,13,95,208,261,115,230,317,18,1
첊,U+CC8A,14,3,14,95,208,262,115,230,318,18,1
첋,U+CC8B,14,3,15,95,208,263,115,230,319,18,1
첌,U+CC8C,14,3,16,95,208,264,115,230,320,34,1
첍,U+CC8D,14,3,17,95,208,265,115,230,321,34,1
첎,U+CC8E,14,3,18,95,208,266,115,230,322,18,1
첏,U+CC8F,14,3,19,95,208,267,115,230,323,18,1
첐,U+CC90,14,3,20,95,208,268,115,230,324,18,1
첑,U+CC91,14,3,21,95,208,269,115,230,325,34,1
첒,U+CC92,14,3,22,95,208,270,115,230,326,37,1
첓,U+CC93,14,3,23,95,208,271,115,230,327,24,1
첔,U+CC94,14,3,24,95,208,272,115,230,328,26,1
첕,U+CC95,14,3,25,95,208,273,115,230,329,21,1
첖,U+CC96,14,3,26,95,208,274,115,230,330,22,1
첗,U+CC97,14,3,27,95,208,275,115,230,331,24,1
처,U+CC98,14,4,0,15,165,-1,15,187,-1,0,0
척,U+CC99,14,4,1,95,209,249,115,231,277,18,1
첚,U+CC9A,14,4,2,95,209,250,115,231,278,18,1
첛,U+CC9B,14,4,3,95,209,251,115,231,279,18,1
천,U+CC9C,14,4,4,95,209,252,115,231,280,18,1
첝,U+CC9D,14,4,5,95,209,253,115,231,281,18,1
첞,U+CC9E,14,4,6,95,209,254,115,231,282,18,1
첟,U+CC9F,14,4,7,95,209,255,115,231,283,18,1
철,U+CCA0,14,4,8,95,209,256,115,231,284,18,1
첡,U+CCA1,14,4,9,95,209,257,115,231,285,18,1
첢,U+CCA2,14,4,10,95,209,258,115,231,286,18,1
첣,U+CCA3,14,4,11,95,209,259,115,231,287,18,1
첤,U+CCA4,14,4,12,95,209,260,115,231,288,18,1
첥,U+CCA5,14,4,13,95,209,261,115,231,289,18,1
첦,U+CCA6,14,4,14,95,209,262,115,231,290,18,1
첧,U+CCA7,14,4,15,95,209,263,115,231,291,18,1
첨,U+CCA8,14,4,16,95,209,264,115,231,292,18,1
첩,U+CCA9,14,4,17,95,209,265,115,231,293,18,1
첪,U+CCAA,14,4,18,95,209,266,115,231,294,18,1
첫,U+CCAB,14,4,19,95,209,267,115,231,295,18,1
첬,U+CCAC,14,4,20,95,209,268,115,231,296,18,1
청,U+CCAD,14,4,21,95,209,269,115,231,297,18,1
첮,U+CCAE,14,4,22,95,209,270,115,231,298,18,1
첯,U+CCAF,14,4,23,95,209,271,115,231,299,18,1
첰,U+CCB0,14,4,24,95,209,272,115,231,300,18,1
첱,U+CCB1,14,4,25,95,209,273,115,231,301,18,1
첲,U+CCB2,14,4,26,95,209,274,115,231,302,18,1
첳,U+CCB3,14,4,27,95,209,275,115,231,303,18,1
체,U+CCB4,14,5,0,15,166,-1,15,188,-1,0,0
첵,U+CCB5,14,5,1,95,210,249,115,232,305,25,1
첶,U+CCB6,14,5,2,95,210,250,115,232,306,33,1
첷,U+CCB7,14,5,3,95,210,251,115,232,307,17,1
첸,U+CCB8,14,5,4,95,210,252,115,232,308,27,1
첹,U+CCB9,14,5,5,95,210,253,115,232,309,36,1
첺,U+CCBA,14,5,6,95,210,254,115,232,310,29,1
첻,U+CCBB,14,5,7,95,210,255,115,232,311,26,1
첼,U+CCBC,14,5,8,95,210,256,115,232,312,21,1
첽,U+CCBD,14,5,9,95,210,257,115,232,313,25,1
첾,U+CCBE,14,5,10,95,210,258,115,232,314,16,1
첿,U+CCBF,14,5,11,95,210,259,115,232,315,16,1
쳀,U+CCC0,14,5,12,95,210,260,115,232,316,16,1
쳁,U+CCC1,14,5,13,95,210,261,115,232,317,16,1
쳂,U+CCC2,14,5,14,95,210,262,115,232,318,16,1
쳃,U+CCC3,14,5,15,95,210,263,115,232,319,16,1
쳄,U+CCC4,14,5,16,95,210,264,115,232,320,32,1
쳅,U+CCC5,14,5,17,95,210,265,115,232,321,32,1
쳆,U+CCC6,14,5,18,95,210,266,115,232,322,16,1
쳇,U+CCC7,14,5,19,95,210,267,115,232,323,16,1
쳈,U+CCC8,14,5,20,95,210,268,115,232,324,16,1
쳉,U+CCC9,14,5,21,95,210,269,115,232,325,32,1
쳊,U+CCCA,14,5,22,95,210,270,115,232,326,35,1
쳋,U+CCCB,14,5,23,95,210,271,115,232,327,22,1
쳌,U+CCCC,14,5,24,95,210,272,115,232,328,24,1
쳍,U+CCCD,14,5,25,95,210,273,115,232,329,19,1
쳎,U+CCCE,14,5,26,95,210,274,115,232,330,20,1
쳏,U+CCCF,14,5,27,95,210,275,115,232,331,22,1
쳐,U+CCD0,14,6,0,15,167,-1,15,189,-1,0,0
쳑,U+CCD1,14,6,1,95,211,249,115,233,277,17,1
쳒,U+CCD2,14,6,2,95,211,250,115,233,278,17,1
쳓,U+CCD3,14,6,3,95,211,251,115,233,279,17,1
쳔,U+CCD4,14,6,4,95,211,252,115,233,280,17,1
쳕,U+CCD5,14,6,5,95,211,253,115,233,281,17,1
쳖,U+CCD6,14,6,6,95,211,254,115,233,282,17,1
쳗,U+CCD7,14,6,7,95,211,255,115,233,283,17,1
쳘,U+CCD8,14,6,8,95,211,256,115,233,284,17,1
쳙,U+CCD9,14,6,9,95,211,257,115,233,285,17,1
쳚,U+CCDA,14,6,10,95,211,258,115,233,286,17,1
쳛,U+CCDB,14,6,11,95,211,259,115,233,287,17,1
쳜,U+CCDC,14,6,12,95,211,260,115,233,288,17,1
쳝,U+CCDD,14,6,13,95,211,261,115,233,289,17,1
쳞,U+CCDE,14,6,14,95,211,262,115,233,290,17,1
쳟,U+CCDF,14,6,15,95,211,263,115,233,291,17,1
쳠,U+CCE0,14,6,16,95,211,264,115,233,292,17,1
쳡,U+CCE1,14,6,17,95,211,265,115,233,293,17,1
쳢,U+CCE2,14,6,18,95,211,266,115,233,294,17,1
쳣,U+CCE3,14,6,19,95,211,267,115,233,295,17,1
쳤,U+CCE4,14,6,20,95,211,268,115,233,296,17,1
쳥,U+CCE5,14,6,21,95,211,269,115,233,297,17,1
쳦,U+CCE6,14,6,22,95,211,270,115,233,298,17,1
쳧,U+CCE7,14,6,23,95,211,271,115,233,299,17,1
쳨,U+CCE8,14,6,24,95,211,272,115,233,300,17,1
쳩,U+CCE9,14,6,25,95,211,273,115,233,301,17,1
쳪,U+CCEA,14,6,26,95,211,274,115,233,302,17,1
쳫,U+CCEB,14,6,27,95,211,275,115,233,303,17,1
쳬,U+CCEC,14,7,0,15,168,-1,15,190,-1,0,0
쳭,U+CCED,14,7,1,95,212,249,115,234,305,25,1
쳮,U+CCEE,14,7,2,95,212,250,115,234,306,33,1
쳯,U+CCEF,14,7,3,95,212,251,115,234,307,17,1
쳰,U+CCF0,14,7,4,95,212,252,115,234,308,27,1
쳱,U+CCF1,14,7,5,95,212,253,115,234,309,36,1
쳲,U+CCF2,14,7,6,95,212,254,115,234,310,29,1
쳳,U+CCF3,14,7,7,95,212,255,115,234,311,26,1
쳴,U+CCF4,14,7,8,95,212,256,115,234,312,21,1
쳵,U+CCF5,14,7,9,95,212,257,115,234,313,25,1
쳶,U+CCF6,14,7,10,95,212,258,115,234,314,16,1
쳷,U+CCF7,14,7,11,95,212,259,115,234,315,16,1
쳸,U+CCF8,14,7,12,95,212,260,115,234,316,16,1
쳹,U+CCF9,14,7,13,95,212,261,115,234,317,16,1
쳺,U+CCFA,14,7,14,95,212,262,115,234,318,16,1
쳻,U+CCFB,14,7,15,95,212,263,115,234,319,16,1
쳼,U+CCFC,14,7,16,95,212,264,115,234,320,32,1
쳽,U+CCFD,14,7,17,95,212,265,115,234,321,32,1
쳾,U+CCFE,14,7,18,95,212,266,115,234,322,16,1
쳿,U+CCFF,14,7,19,95,212,267,115,234,323,16,1
촀,U+CD00,14,7,20,95,212,268,115,234,324,16,1
촁,U+CD01,14,7,21,95,212,269,115,234,325,32,1
촂,U+CD02,14,7,22,95,212,270,115,234,326,35,1
촃,U+CD03,14,7,23,95,212,271,115,234,327,22,1
촄,U+CD04,14,7,24,95,212,272,115,234,328,24,1
촅,U+CD05,14,7,25,95,212,273,115,234,329,19,1
촆,U+CD06,14,7,26,95,212,274,115,234,330,20,1
촇,U+CD07,14,7,27,95,212,275,115,234,331,22,1
초,U+CD08,14,8,0,35,169,-1,35,191,-1,0,0
촉,U+CD09,14,8,1,115,213,277,135,235,333,36,1
촊,U+CD0A,14,8,2,115,213,278,135,235,334,42,1
촋,U+CD0B,14,8,3,115,213,279,135,235,335,62,1
촌,U+CD0C,14,8,4,115,213,280,135,235,336,43,1
촍,U+CD0D,14,8,5,115,213,281,135,235,337,44,1
촎,U+CD0E,14,8,6,115,213,282,135,235,338,46,1
촏,U+CD0F,14,8,7,115,213,283,135,235,339,42,1
촐,U+CD10,14,8,8,115,213,284,135,235,340,42,1
촑,U+CD11,14,8,9,115,213,285,135,235,341,52,1
촒,U+CD12,14,8,10,115,213,286,135,235,342,50,1
촓,U+CD13,14,8,11,115,213,287,135,235,343,50,1
촔,U+CD14,14,8,12,115,213,288,135,235,344,64,1
촕,U+CD15,14,8,13,115,213,289,135,235,345,44,1
촖,U+CD16,14,8,14,115,213,290,135,235,346,50,1
촗,U+CD17,14,8,15,115,213,291,135,235,347,60,1
촘,U+CD18,14,8,16,115,213,292,135,235,348,49,1
촙,U+CD19,14,8,17,115,213,293,135,235,349,49,1
촚,U+CD1A,14,8,18,115,213,294,135,235,350,68,1
촛,U+CD1B,14,8,19,115,213,295,135,235,351,54,1
촜,U+CD1C,14,8,20,115,213,296,135,235,352,60,1
총,U+CD1D,14,8,21,115,213,297,135,235,353,58,1
촞,U+CD1E,14,8,22,115,213,298,135,235,354,57,1
촟,U+CD1F,14,8,23,115,213,299,135,235,355,48,1
촠,U+CD20,14,8,24,115,213,300,135,235,356,38,1
촡,U+CD21,14,8,25,115,213,301,135,235,357,44,1
촢,U+CD22,14,8,26,115,213,302,135,235,358,56,1
촣,U+CD23,14,8,27,115,213,303,135,235,359,52,1
촤,U+CD24,14,9,0,75,170,-1,75,192,-1,0,0
촥,U+CD25,14,9,1,155,214,333,155,236,249,12,1
촦,U+CD26,14,9,2,155,214,334,155,236,250,18,1
촧,U+CD27,14,9,3,155,214,335,155,236,251,38,1
촨,U+CD28,14,9,4,155,214,336,155,236,252,19,1
촩,U+CD29,14,9,5,155,214,337,155,236,253,20,1
촪,U+CD2A,14,9,6,155,214,338,155,236,254,22,1
촫,U+CD2B,14,9,7,155,214,339,155,236,255,18,1
촬,U+CD2C,14,9,8,155,214,340,155,236,256,18,1
촭,U+CD2D,14,9,9,155,214,341,155,236,257,28,1
촮,U+CD2E,14,9,10,155,214,342,155,236,258,26,1
촯,U+CD2F,14,9,11,155,214,343,155,236,259,26,1
촰,U+CD30,14,9,12,155,214,344,155,236,260,40,1
촱,U+CD31,14,9,13,155,214,345,155,236,261,20,1
촲,U+CD32,14,9,14,155,214,346,155,236,262,26,1
촳,U+CD33,14,9,15,155,214,347,155,236,263,36,1
촴,U+CD34,14,9,16,155,214,348,155,236,264,25,1
촵,U+CD35,14,9,17,155,214,349,155,236,265,25,1
촶,U+CD36,14,9,18,155,214,350,155,236,266,44,1
촷,U+CD37,14,9,19,155,214,351,155,236,267,30,1
촸,U+CD38,14,9,20,155,214,352,155,236,268,36,1
촹,U+CD39,14,9,21,155,214,353,155,236,269,34,1
촺,U+CD3A,14,9,22,155,214,354,155,236,270,33,1
촻,U+CD3B,14,9,23,155,214,355,155,236,271,24,1
촼,U+CD3C,14,9,24,155,214,356,155,236,272,14,1
촽,U+CD3D,14,9,25,155,214,357,155,236,273,20,1
촾,U+CD3E,14,9,26,155,214,358,155,236,274,32,1
촿,U+CD3F,14,9,27,155,214,359,155,236,275,28,1
쵀,U+CD40,14,10,0,75,171,-1,75,193,-1,0,0
쵁,U+CD41,14,10,1,155,215,333,155,237,305,19,1
쵂,U+CD42,14,10,2,155,215,334,155,237,306,31,1
쵃,U+CD43,14,10,3,155,215,335,155,237,307,37,1
쵄,U+CD44,14,10,4,155,215,336,155,237,308,24,1
쵅,U+CD45,14,10,5,155,215,337,155,237,309,40,1
쵆,U+CD46,14,10,6,155,215,338,155,237,310,33,1
쵇,U+CD47,14,10,7,155,215,339,155,237,311,22,1
쵈,U+CD48,14,10,8,155,215,340,155,237,312,23,1
쵉,U+CD49,14,10,9,155,215,341,155,237,313,35,1
쵊,U+CD4A,14,10,10,155,215,342,155,237,314,26,1
쵋,U+CD4B,14,10,11,155,215,343,155,237,315,26,1
쵌,U+CD4C,14,10,12,155,215,344,155,237,316,40,1
쵍,U+CD4D,14,10,13,155,215,345,155,237,317,20,1
쵎,U+CD4E,14,10,14,155,215,346,155,237,318,26,1
쵏,U+CD4F,14,10,15,155,215,347,155,237,319,36,1
쵐,U+CD50,14,10,16,155,215,348,155,237,320,35,1
쵑,U+CD51,14,10,17,155,215,349,155,237,321,35,1
쵒,U+CD52,14,10,18,155,215,350,155,237,322,44,1
쵓,U+CD53,14,10,19,155,215,351,155,237,323,30,1
쵔,U+CD54,14,10,20,155,215,352,155,237,324,36,1
쵕,U+CD55,14,10,21,155,215,353,155,237,325,38,1
쵖,U+CD56,14,10,22,155,215,354,155,237,326,22,1
쵗,U+CD57,14,10,23,155,215,355,155,237,327,26,1
쵘,U+CD58,14,10,24,155,215,356,155,237,328,20,1
쵙,U+CD59,14,10,25,155,215,357,155,237,329,23,1
쵚,U+CD5A,14,10,26,155,215,358,155,237,330,32,1
쵛,U+CD5B,14,10,27,155,215,359,155,237,331,32,1
최,U+CD5C,14,11,0,75,172,-1,75,194,-1,0,0
쵝,U+CD5D,14,11,1,155,216,333,155,238,277,12,1
쵞,U+CD5E,14,11,2,155,216,334,155,238,278,18,1
쵟,U+CD5F,14,11,3,155,216,335,155,238,279,38,1
쵠,U+CD60,14,11,4,155,216,336,155,238,280,19,1
쵡,U+CD61,14,11,5,155,216,337,155,238,281,20,1
쵢,U+CD62,14,11,6,155,216,338,155,238,282,22,1
쵣,U+CD63,14,11,7,155,216,339,155,238,283,18,1
쵤,U+CD64,14,11,8,155,216,340,155,238,284,18,1
쵥,U+CD65,14,11,9,155,216,341,155,238,285,28,1
쵦,U+CD66,14,11,10,155,216,342,155,238,286,26,1
쵧,U+CD67,14,11,11,155,216,343,155,238,287,26,1
쵨,U+CD68,14,11,12,155,216,344,155,238,288,40,1
쵩,U+CD69,14,11,13,155,216,345,155,238,289,20,1
쵪,U+CD6A,14,11,14,155,216,346,155,238,290,26,1
쵫,U+CD6B,14,11,15,155,216,347,155,238,291,36,1
쵬,U+CD6C,14,11,16,155,216,348,155,238,292,25,1
쵭,U+CD6D,14,11,17,155,216,349,155,238,293,25,1
쵮,U+CD6E,14,11,18,155,216,350,155,238,294,44,1
쵯,U+CD6F,14,11,19,155,216,351,155,238,295,30,1
쵰,U+CD70,14,11,20,155,216,352,155,238,296,36,1
쵱,U+CD71,14,11,21,155,216,353,155,238,297,34,1
쵲,U+CD72,14,11,22,155,216,354,155,238,298,33,1
쵳,U+CD73,14,11,23,155,216,355,155,238,299,24,1
쵴,U+CD74,14,11,24,155,216,356,155,238,300,14,1
쵵,U+CD75,14,11,25,155,216,357,155,238,301,20,1
쵶,U+CD76,14,11,26,155,216,358,155,238,302,32,1
쵷,U+CD77,14,11,27,155,216,359,155,238,303,28,1
쵸,U+CD78,14,12,0,35,173,-1,35,195,-1,0,0
쵹,U+CD79,14,12,1,115,217,277,135,239,333,40,1
쵺,U+CD7A,14,12,2,115,217,278,135,239,334,46,1
쵻,U+CD7B,14,12,3,115,217,279,135,239,335,66,1
쵼,U+CD7C,14,12,4,115,217,280,135,239,336,47,1
쵽,U+CD7D,14,12,5,115,217,281,135,239,337,48,1
쵾,U+CD7E,14,12,6,115,217,282,135,239,338,50,1
쵿,U+CD7F,14,12,7,115,217,283,135,239,339,46,1
춀,U+CD80,14,12,8,115,217,284,135,239,340,46,1
춁,U+CD81,14,12,9,115,217,285,135,239,341,56,1
춂,U+CD82,14,12,10,115,217,286,135,239,342,54,1
춃,U+CD83,14,12,11,115,217,287,135,239,343,54,1
춄,U+CD84,14,12,12,115,217,288,135,239,344,68,1
춅,U+CD85,14,12,13,115,217,289,135,239,345,48,1
춆,U+CD86,14,12,14,115,217,290,135,239,346,54,1
춇,U+CD87,14,12,15,115,217,291,135,239,347,64,1
춈,U+CD88,14,12,16,115,217,292,135,239,348,53,1
춉,U+CD89,14,12,17,115,217,293,135,239,349,53,1
춊,U+CD8A,14,12,18,115,217,294,135,239,350,72,1
춋,U+CD8B,14,12,19,115,217,295,135,239,351,58,1
춌,U+CD8C,14,12,20,115,217,296,135,239,352,64,1
춍,U+CD8D,14,12,21,115,217,297,135,239,353,62,1
춎,U+CD8E,14,12,22,115,217,298,135,239,354,61,1
춏,U+CD8F,14,12,23,115,217,299,135,239,355,52,1
춐,U+CD90,14,12,24,115,217,300,135,239,356,42,1
춑,U+CD91,14,12,25,115,217,301,135,239,357,48,1
춒,U+CD92,14,12,26,115,217,302,135,239,358,60,1
춓,U+CD93,14,12,27,115,217,303,135,239,359,56,1
추,U+CD94,14,13,0,55,174,-1,55,196,-1,0,0
축,U+CD95,14,13,1,135,218,305,135,240,333,19,1
춖,U+CD96,14,13,2,135,218,306,135,240,334,31,1
춗,U+CD97,14,13,3,135,218,307,135,240,335,37,1
춘,U+CD98,14,13,4,135,218,308,135,240,336,23,1
춙,U+CD99,14,13,5,135,218,309,135,240,337,39,1
춚,U+CD9A,14,13,6,135,218,310,135,240,338,33,1
춛,U+CD9B,14,13,7,135,218,311,135,240,339,22,1
출,U+CD9C,14,13,8,135,218,312,135,240,340,23,1
춝,U+CD9D,14,13,9,135,218,313,135,240,341,35,1
춞,U+CD9E,14,13,10,135,218,314,135,240,342,26,1
춟,U+CD9F,14,13,11,135,218,315,135,240,343,26,1
춠,U+CDA0,14,13,12,135,218,316,135,240,344,40,1
춡,U+CDA1,14,13,13,135,218,317,135,240,345,20,1
춢,U+CDA2,14,13,14,135,218,318,135,240,346,26,1
춣,U+CDA3,14,13,15,135,218,319,135,240,347,36,1
춤,U+CDA4,14,13,16,135,218,320,135,240,348,35,1
춥,U+CDA5,14,13,17,135,218,321,135,240,349,34,1
춦,U+CDA6,14,13,18,135,218,322,135,240,350,43,1
춧,U+CDA7,14,13,19,135,218,323,135,240,351,29,1
춨,U+CDA8,14,13,20,135,218,324,135,240,352,35,1
충,U+CDA9,14,13,21,135,218,325,135,240,353,37,1
춪,U+CDAA,14,13,22,135,218,326,135,240,354,22,1
춫,U+CDAB,14,13,23,135,218,327,135,240,355,25,1
춬,U+CDAC,14,13,24,135,218,328,135,240,356,20,1
춭,U+CDAD,14,13,25,135,218,329,135,240,357,23,1
춮,U+CDAE,14,13,26,135,218,330,135,240,358,32,1
춯,U+CDAF,14,13,27,135,218,331,135,240,359,31,1
춰,U+CDB0,14,14,0,75,175,-1,95,197,-1,0,0
춱,U+CDB1,14,14,1,155,219,333,155,241,277,12,1
춲,U+CDB2,14,14,2,155,219,334,155,241,278,18,1
춳,U+CDB3,14,14,3,155,219,335,155,241,279,38,1
춴,U+CDB4,14,14,4,155,219,336,155,241,280,19,1
춵,U+CDB5,14,14,5,155,219,337,155,241,281,20,1
춶,U+CDB6,14,14,6,155,219,338,155,241,282,22,1
춷,U+CDB7,14,14,7,155,219,339,155,241,283,18,1
춸,U+CDB8,14,14,8,155,219,340,155,241,284,18,1
춹,U+CDB9,14,14,9,155,219,341,155,241,285,28,1
춺,U+CDBA,14,14,10,155,219,342,155,241,286,26,1
춻,U+CDBB,14,14,11,155,219,343,155,241,287,26,1
춼,U+CDBC,14,14,12,155,219,344,155,241,288,40,1
춽,U+CDBD,14,14,13,155,219,345,155,241,289,20,1
춾,U+CDBE,14,14,14,155,219,346,155,241,290,26,1
춿,U+CDBF,14,14,15,155,219,347,155,241,291,36,1
췀,U+CDC0,14,14,16,155,219,348,155,241,292,25,1
췁,U+CDC1,14,14,17,155,219,349,155,241,293,25,1
췂,U+CDC2,14,14,18,155,219,350,155,241,294,44,1
췃,U+CDC3,14,14,19,155,219,351,155,241,295,30,1
췄,U+CDC4,14,14,20,155,219,352,155,241,296,36,1
췅,U+CDC5,14,14,21,155,219,353,155,241,297,34,1
췆,U+CDC6,14,14,22,155,219,354,155,241,298,33,1
췇,U+CDC7,14,14,23,155,219,355,155,241,299,24,1
췈,U+CDC8,14,14,24,155,219,356,155,241,300,14,1
췉,U+CDC9,14,14,25,155,219,357,155,241,301,20,1
췊,U+CDCA,14,14,26,155,219,358,155,241,302,32,1
췋,U+CDCB,14,14,27,155,219,359,155,241,303,28,1
췌,U+CDCC,14,15,0,75,176,-1,95,198,-1,0,0
췍,U+CDCD,14,15,1,155,220,333,155,242,305,19,1
췎,U+CDCE,14,15,2,155,220,334,155,242,306,31,1
췏,U+CDCF,14,15,3,155,220,335,155,242,307,37,1
췐,U+CDD0,14,15,4,155,220,336,155,242,308,24,1
췑,U+CDD1,14,15,5,155,220,337,155,242,309,40,1
췒,U+CDD2,14,15,6,155,220,338,155,242,310,33,1
췓,U+CDD3,14,15,7,155,220,339,155,242,311,22,1
췔,U+CDD4,14,15,8,155,220,340,155,242,312,23,1
췕,U+CDD5,14,15,9,155,220,341,155,242,313,35,1
췖,U+CDD6,14,15,10,155,220,342,155,242,314,26,1
췗,U+CDD7,14,15,11,155,220,343,155,242,315,26,1
췘,U+CDD8,14,15,12,155,220,344,155,242,316,40,1
췙,U+CDD9,14,15,13,155,220,345,155,242,317,20,1
췚,U+CDDA,14,15,14,155,220,346,155,242,318,26,1
췛,U+CDDB,14,15,15,155,220,347,155,242,319,36,1
췜,U+CDDC,14,15,16,155,220,348,155,242,320,35,1
췝,U+CDDD,14,15,17,155,220,349,155,242,321,35,1
췞,U+CDDE,14,15,18,155,220,350,155,242,322,44,1
췟,U+CDDF,14,15,19,155,220,351,155,242,323,30,1
췠,U+CDE0,14,15,20,155,220,352,155,242,324,36,1
췡,U+CDE1,14,15,21,155,220,353,155,242,325,38,1
췢,U+CDE2,14,15,22,155,220,354,155,242,326,22,1
췣,U+CDE3,14,15,23,155,220,355,155,242,327,26,1
췤,U+CDE4,14,15,24,155,220,356,155,242,328,20,1
췥,U+CDE5,14,15,25,155,220,357,155,242,329,23,1
췦,U+CDE6,14,15,26,155,220,358,155,242,330,32,1
췧,U+CDE7,14,15,27,155,220,359,155,242,331,32,1
취,U+CDE8,14,16,0,75,177,-1,95,199,-1,0,0
췩,U+CDE9,14,16,1,155,221,333,155,243,277,12,1
췪,U+CDEA,14,16,2,155,221,334,155,243,278,18,1
췫,U+CDEB,14,16,3,155,221,335,155,243,279,38,1
췬,U+CDEC,14,16,4,155,221,336,155,243,280,19,1
췭,U+CDED,14,16,5,155,221,337,155,243,281,20,1
췮,U+CDEE,14,16,6,155,221,338,155,243,282,22,1
췯,U+CDEF,14,16,7,155,221,339,155,243,283,18,1
췰,U+CDF0,14,16,8,155,221,340,155,243,284,18,1
췱,U+CDF1,14,16,9,155,221,341,155,243,285,28,1
췲,U+CDF2,14,16,10,155,221,342,155,243,286,26,1
췳,U+CDF3,14,16,11,155,221,343,155,243,287,26,1
췴,U+CDF4,14,16,12,155,221,344,155,243,288,40,1
췵,U+CDF5,14,16,13,155,221,345,155,243,289,20,1
췶,U+CDF6,14,16,14,155,221,346,155,243,290,26,1
췷,U+CDF7,14,16,15,155,221,347,155,243,291,36,1
췸,U+CDF8,14,16,16,155,221,348,155,243,292,25,1
췹,U+CDF9,14,16,17,155,221,349,155,243,293,25,1
췺,U+CDFA,14,16,18,155,221,350,155,243,294,44,1
췻,U+CDFB,14,16,19,155,221,351,155,243,295,30,1
췼,U+CDFC,14,16,20,155,221,352,155,243,296,36,1
췽,U+CDFD,14,16,21,155,221,353,155,243,297,34,1
췾,U+CDFE,14,16,22,155,221,354,155,243,298,33,1
췿,U+CDFF,14,16,23,155,221,355,155,243,299,24,1
츀,U+CE00,14,16,24,155,221,356,155,243,300,14,1
츁,U+CE01,14,16,25,155,221,357,155,243,301,20,1
츂,U+CE02,14,16,26,155,221,358,155,243,302,32,1
츃,U+CE03,14,16,27,155,221,359,155,243,303,28,1
츄,U+CE04,14,17,0,55,178,-1,55,200,-1,0,0
츅,U+CE05,14,17,1,135,222,305,135,244,333,18,1
츆,U+CE06,14,17,2,135,222,306,135,244,334,31,1
츇,U+CE07,14,17,3,135,222,307,135,244,335,36,1
츈,U+CE08,14,17,4,135,222,308,135,244,336,23,1
츉,U+CE09,14,17,5,135,222,309,135,244,337,39,1
츊,U+CE0A,14,17,6,135,222,310,135,244,338,33,1
츋,U+CE0B,14,17,7,135,222,311,135,244,339,21,1
츌,U+CE0C,14,17,8,135,222,312,135,244,340,22,1
츍,U+CE0D,14,17,9,135,222,313,135,244,341,35,1
츎,U+CE0E,14,17,10,135,222,314,135,244,342,25,1
츏,U+CE0F,14,17,11,135,222,315,135,244,343,25,1
츐,U+CE10,14,17,12,135,222,316,135,244,344,39,1
츑,U+CE11,14,17,13,135,222,317,135,244,345,19,1
츒,U+CE12,14,17,14,135,222,318,135,244,346,25,1
츓,U+CE13,14,17,15,135,222,319,135,244,347,35,1
츔,U+CE14,14,17,16,135,222,320,135,244,348,34,1
츕,U+CE15,14,17,17,135,222,321,135,244,349,34,1
츖,U+CE16,14,17,18,135,222,322,135,244,350,42,1
츗,U+CE17,14,17,19,135,222,323,135,244,351,29,1
츘,U+CE18,14,17,20,135,222,324,135,244,352,36,1
츙,U+CE19,14,17,21,135,222,325,135,244,353,37,1
츚,U+CE1A,14,17,22,135,222,326,135,244,354,22,1
츛,U+CE1B,14,17,23,135,222,327,135,244,355,25,1
츜,U+CE1C,14,17,24,135,222,328,135,244,356,19,1
츝,U+CE1D,14,17,25,135,222,329,135,244,357,22,1
츞,U+CE1E,14,17,26,135,222,330,135,244,358,32,1
츟,U+CE1F,14,17,27,135,222,331,135,244,359,32,1
츠,U+CE20,14,18,0,35,179,-1,35,201,-1,0,0
측,U+CE21,14,18,1,115,223,277,135,245,333,40,1
츢,U+CE22,14,18,2,115,223,278,135,245,334,46,1
츣,U+CE23,14,18,3,115,223,279,135,245,335,66,1
츤,U+CE24,14,18,4,115,223,280,135,245,336,47,1
츥,U+CE25,14,18,5,115,223,281,135,245,337,48,1
츦,U+CE26,14,18,6,115,223,282,135,245,338,50,1
츧,U+CE27,14,18,7,115,223,283,135,245,339,46,1
츨,U+CE28,14,18,8,115,223,284,135,245,340,46,1
츩,U+CE29,14,18,9,115,223,285,135,245,341,56,1
츪,U+CE2A,14,18,10,115,223,286,135,245,342,54,1
츫,U+CE2B,14,18,11,115,223,287,135,245,343,54,1
츬,U+CE2C,14,18,12,115,223,288,135,245,344,68,1
츭,U+CE2D,14,18,13,115,223,289,135,245,345,48,1
츮,U+CE2E,14,18,14,115,223,290,135,245,346,54,1
츯,U+CE2F,14,18,15,115,223,291,135,245,347,64,1
츰,U+CE30,14,18,16,115,223,292,135,245,348,53,1
츱,U+CE31,14,18,17,115,223,293,135,245,349,53,1
츲,U+CE32,14,18,18,115,223,294,135,245,350,72,1
츳,U+CE33,14,18,19,115,223,295,135,245,351,58,1
츴,U+CE34,14,18,20,115,223,296,135,245,352,64,1
층,U+CE35,14,18,21,115,223,297,135,245,353,62,1
츶,U+CE36,14,18,22,115,223,298,135,245,354,61,1
츷,U+CE37,14,18,23,115,223,299,135,245,355,52,1
츸,U+CE38,14,18,24,115,223,300,135,245,356,42,1
츹,U+CE39,14,18,25,115,223,301,135,245,357,48,1
츺,U+CE3A,14,18,26,115,223,302,135,245,358,60,1
츻,U+CE3B,14,18,27,115,223,303,135,245,359,56,1
츼,U+CE3C,14,19,0,75,180,-1,75,202,-1,0,0
츽,U+CE3D,14,19,1,155,224,333,155,246,277,12,1
츾,U+CE3E,14,19,2,155,224,334,155,246,278,18,1
츿,U+CE3F,14,19,3,155,224,335,155,246,279,38,1
칀,U+CE40,14,19,4,155,224,336,155,246,280,19,1
칁,U+CE41,14,19,5,155,224,337,155,246,281,20,1
칂,U+CE42,14,19,6,155,224,338,155,246,282,22,1
칃,U+CE43,14,19,7,155,224,339,155,246,283,18,1
칄,U+CE44,14,19,8,155,224,340,155,246,284,18,1
칅,U+CE45,14,19,9,155,224,341,155,246,285,28,1
칆,U+CE46,14,19,10,155,224,342,155,246,286,26,1
칇,U+CE47,14,19,11,155,224,343,155,246,287,26,1
칈,U+CE48,14,19,12,155,224,344,155,246,288,40,1
칉,U+CE49,14,19,13,155,224,345,155,246,289,20,1
칊,U+CE4A,14,19,14,155,224,346,155,246,290,26,1
칋,U+CE4B,14,19,15,155,224,347,155,246,291,36,1
칌,U+CE4C,14,19,16,155,224,348,155,246,292,25,1
칍,U+CE4D,14,19,17,155,224,349,155,246,293,25,1
칎,U+CE4E,14,19,18,155,224,350,155,246,294,44,1
칏,U+CE4F,14,19,19,155,224,351,155,246,295,30,1
칐,U+CE50,14,19,20,155,224,352,155,246,296,36,1
칑,U+CE51,14,19,21,155,224,353,155,246,297,34,1
칒,U+CE52,14,19,22,155,224,354,155,246,298,33,1
칓,U+CE53,14,19,23,155,224,355,155,246,299,24,1
칔,U+CE54,14,19,24,155,224,356,155,246,300,14,1
칕,U+CE55,14,19,25,155,224,357,155,246,301,20,1
칖,U+CE56,14,19,26,155,224,358,155,246,302,32,1
칗,U+CE57,14,19,27,155,224,359,155,246,303,28,1
치,U+CE58,14,20,0,15,181,-1,15,203,-1,0,0
칙,U+CE59,14,20,1,95,225,249,115,247,277,18,1
칚,U+CE5A,14,20,2,95,225,250,115,247,278,18,1
칛,U+CE5B,14,20,3,95,225,251,115,247,279,18,1
친,U+CE5C,14,20,4,95,225,252,115,247,280,18,1
칝,U+CE5D,14,20,5,95,225,253,115,247,281,18,1
칞,U+CE5E,14,20,6,95,225,254,115,247,282,18,1
칟,U+CE5F,14,20,7,95,225,255,115,247,283,18,1
칠,U+CE60,14,20,8,95,225,256,115,247,284,18,1
칡,U+CE61,14,20,9,95,225,257,115,247,285,18,1
칢,U+CE62,14,20,10,95,225,258,115,247,286,18,1
칣,U+CE63,14,20,11,95,225,259,115,247,287,18,1
칤,U+CE64,14,20,12,95,225,260,115,247,288,18,1
칥,U+CE65,14,20,13,95,225,261,115,247,289,18,1
칦,U+CE66,14,20,14,95,225,262,115,247,290,18,1
칧,U+CE67,14,20,15,95,225,263,115,247,291,18,1
침,U+CE68,14,20,16,95,225,264,115,247,292,18,1
칩,U+CE69,14,20,17,95,225,265,115,247,293,18,1
칪,U+CE6A,14,20,18,95,225,266,115,247,294,18,1
칫,U+CE6B,14,20,19,95,225,267,115,247,295,18,1
칬,U+CE6C,14,20,20,95,225,268,115,247,296,18,1
칭,U+CE6D,14,20,21,95,225,269,115,247,297,18,1
칮,U+CE6E,14,20,22,95,225,270,115,247,298,18,1
칯,U+CE6F,14,20,23,95,225,271,115,247,299,18,1
칰,U+CE70,14,20,24,95,225,272,115,247,300,18,1
칱,U+CE71,14,20,25,95,225,273,115,247,301,18,1
칲,U+CE72,14,20,26,95,225,274,115,247,302,18,1
칳,U+CE73,14,20,27,95,225,275,115,247,303,18,1
카,U+CE74,15,0,0,16,183,-1,16,161,-1,0,0
칵,U+CE75,15,0,1,96,227,249,116,205,249,23,1
칶,U+CE76,15,0,2,96,227,250,116,205,250,23,1
칷,U+CE77,15,0,3,96,227,251,116,205,251,23,1
칸,U+CE78,15,0,4,96,227,252,116,205,252,23,1
칹,U+CE79,15,0,5,96,227,253,116,205,253,23,1
칺,U+CE7A,15,0,6,96,227,254,116,205,254,23,1
칻,U+CE7B,15,0,7,96,227,255,116,205,255,23,1
칼,U+CE7C,15,0,8,96,227,256,116,205,256,23,1
칽,U+CE7D,15,0,9,96,227,257,116,205,257,23,1
칾,U+CE7E,15,0,10,96,227,258,116,205,258,23,1
칿,U+CE7F,15,0,11,96,227,259,116,205,259,23,1
캀,U+CE80,15,0,12,96,227,260,116,205,260,23,1
캁,U+CE81,15,0,13,96,227,261,116,205,261,23,1
캂,U+CE82,15,0,14,96,227,262,116,205,262,23,1
캃,U+CE83,15,0,15,96,227,263,116,205,263,23,1
캄,U+CE84,15,0,16,96,227,264,116,205,264,23,1
캅,U+CE85,15,0,17,96,227,265,116,205,265,23,1
캆,U+CE86,15,0,18,96,227,266,116,205,266,23,1
캇,U+CE87,15,0,19,96,227,267,116,205,267,23,1
캈,U+CE88,15,0,20,96,227,268,116,205,268,23,1
캉,U+CE89,15,0,21,96,227,269,116,205,269,23,1
캊,U+CE8A,15,0,22,96,227,270,116,205,270,23,1
캋,U+CE8B,15,0,23,96,227,271,116,205,271,23,1
캌,U+CE8C,15,0,24,96,227,272,116,205,272,23,1
캍,U+CE8D,15,0,25,96,227,273,116,205,273,23,1
캎,U+CE8E,15,0,26,96,227,274,116,205,274,23,1
캏,U+CE8F,15,0,27,96,227,275,116,205,275,23,1
캐,U+CE90,15,1,0,16,184,-1,16,162,-1,0,0
캑,U+CE91,15,1,1,96,228,249,116,206,305,31,1
캒,U+CE92,15,1,2,96,228,250,116,206,306,39,1
캓,U+CE93,15,1,3,96,228,251,116,206,307,23,1
캔,U+CE94,15,1,4,96,228,252,116,206,308,33,1
캕,U+CE95,15,1,5,96,228,253,116,206,309,42,1
캖,U+CE96,15,1,6,96,228,254,116,206,310,35,1
캗,U+CE97,15,1,7,96,228,255,116,206,311,32,1
캘,U+CE98,15,1,8,96,228,256,116,206,312,27,1
캙,U+CE99,15,1,9,96,228,257,116,206,313,31,1
캚,U+CE9A,15,1,10,96,228,258,116,206,314,22,1
캛,U+CE9B,15,1,11,96,228,259,116,206,315,22,1
캜,U+CE9C,15,1,12,96,228,260,116,206,316,22,1
캝,U+CE9D,15,1,13,96,228,261,116,206,317,22,1
캞,U+CE9E,15,1,14,96,228,262,116,206,318,22,1
캟,U+CE9F,15,1,15,96,228,263,116,206,319,22,1
캠,U+CEA0,15,1,16,96,228,264,116,206,320,38,1
캡,U+CEA1,15,1,17,96,228,265,116,206,321,38,1
캢,U+CEA2,15,1,18,96,228,266,116,206,322,22,1
캣,U+CEA3,15,1,19,96,228,267,116,206,323,22,1
캤,U+CEA4,15,1,20,96,228,268,116,206,324,22,1
캥,U+CEA5,15,1,21,96,228,269,116,206,325,38,1
캦,U+CEA6,15,1,22,96,228,270,116,206,326,41,1
캧,U+CEA7,15,1,23,96,228,271,116,206,327,28,1
캨,U+CEA8,15,1,24,96,228,272,116,206,328,30,1
캩,U+CEA9,15,1,25,96,228,273,116,206,329,25,1
캪,U+CEAA,15,1,26,96,228,274,116,206,330,26,1
캫,U+CEAB,15,1,27,96,228,275,116,206,331,28,1
캬,U+CEAC,15,2,0,16,185,-1,16,163,-1,0,0
캭,U+CEAD,15,2,1,96,229,249,116,207,249,23,1
캮,U+CEAE,15,2,2,96,229,250,116,207,250,23,1
캯,U+CEAF,15,2,3,96,229,251,116,207,251,23,1
캰,U+CEB0,15,2,4,96,229,252,116,207,252,23,1
캱,U+CEB1,15,2,5,96,229,253,116,207,253,23,1
캲,U+CEB2,15,2,6,96,229,254,116,207,254,23,1
캳,U+CEB3,15,2,7,96,229,255,116,207,255,23,1
캴,U+CEB4,15,2,8,96,229,256,116,207,256,23,1
캵,U+CEB5,15,2,9,96,229,257,116,207,257,23,1
캶,U+CEB6,15,2,10,96,229,258,116,207,258,23,1
캷,U+CEB7,15,2,11,96,229,259,116,207,259,23,1
캸,U+CEB8,15,2,12,96,229,260,116,207,260,23,1
캹,U+CEB9,15,2,13,96,229,261,116,207,261,23,1
캺,U+CEBA,15,2,14,96,229,262,116,207,262,23,1
캻,U+CEBB,15,2,15,96,229,263,116,207,263,23,1
캼,U+CEBC,15,2,16,96,229,264,116,207,264,23,1
캽,U+CEBD,15,2,17,96,229,265,116,207,265,23,1
캾,U+CEBE,15,2,18,96,229,266,116,207,266,23,1
캿,U+CEBF,15,2,19,96,229,267,116,207,267,23,1
컀,U+CEC0,15,2,20,96,229,268,116,207,268,23,1
컁,U+CEC1,15,2,21,96,229,269,116,207,269,23,1
컂,U+CEC2,15,2,22,96,229,270,116,207,270,23,1
컃,U+CEC3,15,2,23,96,229,271,116,207,271,23,1
컄,U+CEC4,15,2,24,96,229,272,116,207,272,23,1
컅,U+CEC5,15,2,25,96,229,273,116,207,273,23,1
컆,U+CEC6,15,2,26,96,229,274,116,207,274,23,1
컇,U+CEC7,15,2,27,96,229,275,116,207,275,23,1
컈,U+CEC8,15,3,0,16,186,-1,16,164,-1,0,0
컉,U+CEC9,15,3,1,96,230,249,116,208,305,31,1
컊,U+CECA,15,3,2,96,230,250,116,208,306,39,1
컋,U+CECB,15,3,3,96,230,251,116,208,307,23,1
컌,U+CECC,15,3,4,96,230,252,116,208,308,33,1
컍,U+CECD,15,3,5,96,230,253,116,208,309,42,1
컎,U+CECE,15,3,6,96,230,254,116,208,310,35,1
컏,U+CECF,15,3,7,96,230,255,116,208,311,32,1
컐,U+CED0,15,3,8,96,230,256,116,208,312,27,1
컑,U+CED1,15,3,9,96,230,257,116,208,313,31,1
컒,U+CED2,15,3,10,96,230,258,116,208,314,22,1
컓,U+CED3,15,3,11,96,230,259,116,208,315,22,1
컔,U+CED4,15,3,12,96,230,260,116,208,316,22,1
컕,U+CED5,15,3,13,96,230,261,116,208,317,22,1
컖,U+CED6,15,3,14,96,230,262,116,208,318,22,1
컗,U+CED7,15,3,15,96,230,263,116,208,319,22,1
컘,U+CED8,15,3,16,96,230,264,116,208,320,38,1
컙,U+CED9,15,3,17,96,230,265,116,208,321,38,1
컚,U+CEDA,15,3,18,96,230,266,116,208,322,22,1
컛,U+CEDB,15,3,19,96,230,267,116,208,323,22,1
컜,U+CEDC,15,3,20,96,230,268,116,208,324,22,1
컝,U+CEDD,15,3,21,96,230,269,116,208,325,38,1
컞,U+CEDE,15,3,22,96,230,270,116,208,326,41,1
컟,U+CEDF,15,3,23,96,230,271,116,208,327,28,1
컠,U+CEE0,15,3,24,96,230,272,116,208,328,30,1
컡,U+CEE1,15,3,25,96,230,273,116,208,329,25,1
컢,U+CEE2,15,3,26,96,230,274,116,208,330,26,1
컣,U+CEE3,15,3,27,96,230,275,116,208,331,28,1
커,U+CEE4,15,4,0,16,187,-1,16,165,-1,0,0
컥,U+CEE5,15,4,1,96,231,249,116,209,277,22,1
컦,U+CEE6,15,4,2,96,231,250,116,209,278,22,1
컧,U+CEE7,15,4,3,96,231,251,116,209,279,22,1
컨,U+CEE8,15,4,4,96,231,252,116,209,280,22,1
컩,U+CEE9,15,4,5,96,231,253,116,209,281,22,1
컪,U+CEEA,15,4,6,96,231,254,116,209,282,22,1
컫,U+CEEB,15,4,7,96,231,255,116,209,283,22,1
컬,U+CEEC,15,4,8,96,231,256,116,209,284,22,1
컭,U+CEED,15,4,9,96,231,257,116,209,285,22,1
컮,U+CEEE,15,4,10,96,231,258,116,209,286,22,1
컯,U+CEEF,15,4,11,96,231,259,116,209,287,22,1
컰,U+CEF0,15,4,12,96,231,260,116,209,288,22,1
컱,U+CEF1,15,4,13,96,231,261,116,209,289,22,1
컲,U+CEF2,15,4,14,96,231,262,116,209,290,22,1
컳,U+CEF3,15,4,15,96,231,263,116,209,291,22,1
컴,U+CEF4,15,4,16,96,231,264,116,209,292,22,1
컵,U+CEF5,15,4,17,96,231,265,116,209,293,22,1
컶,U+CEF6,15,4,18,96,231,266,116,209,294,22,1
컷,U+CEF7,15,4,19,96,231,267,116,209,295,22,1
컸,U+CEF8,15,4,20,96,231,268,116,209,296,22,1
컹,U+CEF9,15,4,21,96,231,269,116,209,297,22,1
컺,U+CEFA,15,4,22,96,231,270,116,209,298,22,1
컻,U+CEFB,15,4,23,96,231,271,116,209,299,22,1
컼,U+CEFC,15,4,24,96,231,272,116,209,300,22,1
컽,U+CEFD,15,4,25,96,231,273,116,209,301,22,1
컾,U+CEFE,15,4,26,96,231,274,116,209,302,22,1
컿,U+CEFF,15,4,27,96,231,275,116,209,303,22,1
케,U+CF00,15,5,0,16,188,-1,16,166,-1,0,0
켁,U+CF01,15,5,1,96,232,249,116,210,305,29,1
켂,U+CF02,15,5,2,96,232,250,116,210,306,37,1
켃,U+CF03,15,5,3,96,232,251,116,210,307,21,1
켄,U+CF04,15,5,4,96,232,252,116,210,308,31,1
켅,U+CF05,15,5,5,96,232,253,116,210,309,40,1
켆,U+CF06,15,5,6,96,232,254,116,210,310,33,1
켇,U+CF07,15,5,7,96,232,255,116,210,311,30,1
켈,U+CF08,15,5,8,96,232,256,116,210,312,25,1
켉,U+CF09,15,5,9,96,232,257,116,210,313,29,1
켊,U+CF0A,15,5,10,96,232,258,116,210,314,20,1
켋,U+CF0B,15,5,11,96,232,259,116,210,315,20,1
켌,U+CF0C,15,5,12,96,232,260,116,210,316,20,1
켍,U+CF0D,15,5,13,96,232,261,116,210,317,20,1
켎,U+CF0E,15,5,14,96,232,262,116,210,318,20,1
켏,U+CF0F,15,5,15,96,232,263,116,210,319,20,1
켐,U+CF10,15,5,16,96,232,264,116,210,320,36,1
켑,U+CF11,15,5,17,96,232,265,116,210,321,36,1
켒,U+CF12,15,5,18,96,232,266,116,210,322,20,1
켓,U+CF13,15,5,19,96,232,267,116,210,323,20,1
켔,U+CF14,15,5,20,96,232,268,116,210,324,20,1
켕,U+CF15,15,5,21,96,232,269,116,210,325,36,1
켖,U+CF16,15,5,22,96,232,270,116,210,326,39,1
켗,U+CF17,15,5,23,96,232,271,116,210,327,26,1
켘,U+CF18,15,5,24,96,232,272,116,210,328,28,1
켙,U+CF19,15,5,25,96,232,273,116,210,329,23,1
켚,U+CF1A,15,5,26,96,232,274,116,210,330,24,1
켛,U+CF1B,15,5,27,96,232,275,116,210,331,26,1
켜,U+CF1C,15,6,0,16,189,-1,16,167,-1,0,0
켝,U+CF1D,15,6,1,96,233,249,116,211,277,21,1
켞,U+CF1E,15,6,2,96,233,250,116,211,278,21,1
켟,U+CF1F,15,6,3,96,233,251,116,211,279,21,1
켠,U+CF20,15,6,4,96,233,252,116,211,280,21,1
켡,U+CF21,15,6,5,96,233,253,116,211,281,21,1
켢,U+CF22,15,6,6,96,233,254,116,211,282,21,1
켣,U+CF23,15,6,7,96,233,255,116,211,283,21,1
켤,U+CF24,15,6,8,96,233,256,116,211,284,21,1
켥,U+CF25,15,6,9,96,233,257,116,211,285,21,1
켦,U+CF26,15,6,10,96,233,258,116,211,286,21,1
켧,U+CF27,15,6,11,96,233,259,116,211,287,21,1
켨,U+CF28,15,6,12,96,233,260,116,211,288,21,1
켩,U+CF29,15,6,13,96,233,261,116,211,289,21,1
켪,U+CF2A,15,6,14,96,233,262,116,211,290,21,1
켫,U+CF2B,15,6,15,96,233,263,116,211,291,21,1
켬,U+CF2C,15,6,16,96,233,264,116,211,292,21,1
켭,U+CF2D,15,6,17,96,233,265,116,211,293,21,1
켮,U+CF2E,15,6,18,96,233,266,116,211,294,21,1
켯,U+CF2F,15,6,19,96,233,267,116,211,295,21,1
켰,U+CF30,15,6,20,96,233,268,116,211,296,21,1
켱,U+CF31,15,6,21,96,233,269,116,211,297,21,1
켲,U+CF32,15,6,22,96,233,270,116,211,298,21,1
켳,U+CF33,15,6,23,96,233,271,116,211,299,21,1
켴,U+CF34,15,6,24,96,233,272,116,211,300,21,1
켵,U+CF35,15,6,25,96,233,273,116,211,301,21,1
켶,U+CF36,15,6,26,96,233,274,116,211,302,21,1
켷,U+CF37,15,6,27,96,233,275,116,211,303,21,1
켸,U+CF38,15,7,0,16,190,-1,16,168,-1,0,0
켹,U+CF39,15,7,1,96,234,249,116,212,305,27,1
켺,U+CF3A,15,7,2,96,234,250,116,212,306,35,1
켻,U+CF3B,15,7,3,96,234,251,116,212,307,19,1
켼,U+CF3C,15,7,4,96,234,252,116,212,308,29,1
켽,U+CF3D,15,7,5,96,234,253,116,212,309,38,1
켾,U+CF3E,15,7,6,96,234,254,116,212,310,31,1
켿,U+CF3F,15,7,7,96,234,255,116,212,311,28,1
콀,U+CF40,15,7,8,96,234,256,116,212,312,23,1
콁,U+CF41,15,7,9,96,234,257,116,212,313,27,1
콂,U+CF42,15,7,10,96,234,258,116,212,314,18,1
콃,U+CF43,15,7,11,96,234,259,116,212,315,18,1
콄,U+CF44,15,7,12,96,234,260,116,212,316,18,1
콅,U+CF45,15,7,13,96,234,261,116,212,317,18,1
콆,U+CF46,15,7,14,96,234,262,116,212,318,18,1
콇,U+CF47,15,7,15,96,234,263,116,212,319,18,1
콈,U+CF48,15,7,16,96,234,264,116,212,320,34,1
콉,U+CF49,15,7,17,96,234,265,116,212,321,34,1
콊,U+CF4A,15,7,18,96,234,266,116,212,322,18,1
콋,U+CF4B,15,7,19,96,234,267,116,212,323,18,1
콌,U+CF4C,15,7,20,96,234,268,116,212,324,18,1
콍,U+CF4D,15,7,21,96,234,269,116,212,325,34,1
콎,U+CF4E,15,7,22,96,234,270,116,212,326,37,1
콏,U+CF4F,15,7,23,96,234,271,116,212,327,24,1
콐,U+CF50,15,7,24,96,234,272,116,212,328,26,1
콑,U+CF51,15,7,25,96,234,273,116,212,329,21,1
콒,U+CF52,15,7,26,96,234,274,116,212,330,22,1
콓,U+CF53,15,7,27,96,234,275,116,212,331,24,1
코,U+CF54,15,8,0,36,191,-1,36,169,-1,0,0
콕,U+CF55,15,8,1,116,235,277,136,213,333,41,1
콖,U+CF56,15,8,2,116,235,278,136,213,334,47,1
콗,U+CF57,15,8,3,116,235,279,136,213,335,67,1
콘,U+CF58,15,8,4,116,235,280,136,213,336,48,1
콙,U+CF59,15,8,5,116,235,281,136,213,337,49,1
콚,U+CF5A,15,8,6,116,235,282,136,213,338,51,1
콛,U+CF5B,15,8,7,116,235,283,136,213,339,47,1
콜,U+CF5C,15,8,8,116,235,284,136,213,340,47,1
콝,U+CF5D,15,8,9,116,235,285,136,213,341,57,1
콞,U+CF5E,15,8,10,116,235,286,136,213,342,55,1
콟,U+CF5F,15,8,11,116,235,287,136,213,343,55,1
콠,U+CF60,15,8,12,116,235,288,136,213,344,69,1
콡,U+CF61,15,8,13,116,235,289,136,213,345,49,1
콢,U+CF62,15,8,14,116,235,290,136,213,346,55,1
콣,U+CF63,15,8,15,116,235,291,136,213,347,65,1
콤,U+CF64,15,8,16,116,235,292,136,213,348,54,1
콥,U+CF65,15,8,17,116,235,293,136,213,349,54,1
콦,U+CF66,15,8,18,116,235,294,136,213,350,73,1
콧,U+CF67,15,8,19,116,235,295,136,213,351,59,1
콨,U+CF68,15,8,20,116,235,296,136,213,352,65,1
콩,U+CF69,15,8,21,116,235,297,136,213,353,63,1
콪,U+CF6A,15,8,22,116,235,298,136,213,354,62,1
콫,U+CF6B,15,8,23,116,235,299,136,213,355,53,1
콬,U+CF6C,15,8,24,116,235,300,136,213,356,43,1
콭,U+CF6D,15,8,25,116,235,301,136,213,357,49,1
콮,U+CF6E,15,8,26,116,235,302,136,213,358,61,1
콯,U+CF6F,15,8,27,116,235,303,136,213,359,57,1
콰,U+CF70,15,9,0,76,192,-1,76,170,-1,0,0
콱,U+CF71,15,9,1,156,236,333,156,214,249,12,1
콲,U+CF72,15,9,2,156,236,334,156,214,250,18,1
콳,U+CF73,15,9,3,156,236,335,156,214,251,38,1
콴,U+CF74,15,9,4,156,236,336,156,214,252,19,1
콵,U+CF75,15,9,5,156,236,337,156,214,253,20,1
콶,U+CF76,15,9,6,156,236,338,156,214,254,22,1
콷,U+CF77,15,9,7,156,236,339,156,214,255,18,1
콸,U+CF78,15,9,8,156,236,340,156,214,256,18,1
콹,U+CF79,15,9,9,156,236,341,156,214,257,28,1
콺,U+CF7A,15,9,10,156,236,342,156,214,258,26,1
콻,U+CF7B,15,9,11,156,236,343,156,214,259,26,1
콼,U+CF7C,15,9,12,156,236,344,156,214,260,40,1
콽,U+CF7D,15,9,13,156,236,345,156,214,261,20,1
콾,U+CF7E,15,9,14,156,236,346,156,214,262,26,1
콿,U+CF7F,15,9,15,156,236,347,156,214,263,36,1
쾀,U+CF80,15,9,16,156,236,348,156,214,264,25,1
쾁,U+CF81,15,9,17,156,236,349,156,214,265,25,1
쾂,U+CF82,15,9,18,156,236,350,156,214,266,44,1
쾃,U+CF83,15,9,19,156,236,351,156,214,267,30,1
쾄,U+CF84,15,9,20,156,236,352,156,214,268,36,1
쾅,U+CF85,15,9,21,156,236,353,156,214,269,34,1
쾆,U+CF86,15,9,22,156,236,354,156,214,270,33,1
쾇,U+CF87,15,9,23,156,236,355,156,214,271,24,1
쾈,U+CF88,15,9,24,156,236,356,156,214,272,14,1
쾉,U+CF89,15,9,25,156,236,357,156,214,273,20,1
쾊,U+CF8A,15,9,26,156,236,358,156,214,274,32,1
쾋,U+CF8B,15,9,27,156,236,359,156,214,275,28,1
쾌,U+CF8C,15,10,0,76,193,-1,76,171,-1,0,0
쾍,U+CF8D,15,10,1,156,237,333,156,215,305,19,1
쾎,U+CF8E,15,10,2,156,237,334,156,215,306,31,1
쾏,U+CF8F,15,10,3,156,237,335,156,215,307,37,1
쾐,U+CF90,15,10,4,156,237,336,156,215,308,24,1
쾑,U+CF91,15,10,5,156,237,337,156,215,309,40,1
쾒,U+CF92,15,10,6,156,237,338,156,215,310,33,1
쾓,U+CF93,15,10,7,156,237,339,156,215,311,22,1
쾔,U+CF94,15,10,8,156,237,340,156,215,312,23,1
쾕,U+CF95,15,10,9,156,237,341,156,215,313,35,1
쾖,U+CF96,15,10,10,156,237,342,156,215,314,26,1
쾗,U+CF97,15,10,11,156,237,343,156,215,315,26,1
쾘,U+CF98,15,10,12,156,237,344,156,215,316,40,1
쾙,U+CF99,15,10,13,156,237,345,156,215,317,20,1
쾚,U+CF9A,15,10,14,156,237,346,156,215,318,26,1
쾛,U+CF9B,15,10,15,156,237,347,156,215,319,36,1
쾜,U+CF9C,15,10,16,156,237,348,156,215,320,35,1
쾝,U+CF9D,15,10,17,156,237,349,156,215,321,35,1
쾞,U+CF9E,15,10,18,156,237,350,156,215,322,44,1
쾟,U+CF9F,15,10,19,156,237,351,156,215,323,30,1
쾠,U+CFA0,15,10,20,156,237,352,156,215,324,36,1
쾡,U+CFA1,15,10,21,156,237,353,156,215,325,38,1
쾢,U+CFA2,15,10,22,156,237,354,156,215,326,22,1
쾣,U+CFA3,15,10,23,156,237,355,156,215,327,26,1
쾤,U+CFA4,15,10,24,156,237,356,156,215,328,20,1
쾥,U+CFA5,15,10,25,156,237,357,156,215,329,23,1
쾦,U+CFA6,15,10,26,156,237,358,156,215,330,32,1
쾧,U+CFA7,15,10,27,156,237,359,156,215,331,32,1
쾨,U+CFA8,15,11,0,76,194,-1,76,172,-1,0,0
쾩,U+CFA9,15,11,1,156,238,333,156,216,277,12,1
쾪,U+CFAA,15,11,2,156,238,334,156,216,278,18,1
쾫,U+CFAB,15,11,3,156,238,335,156,216,279,38,1
쾬,U+CFAC,15,11,4,156,238,336,156,216,280,19,1
쾭,U+CFAD,15,11,5,156,238,337,156,216,281,20,1
쾮,U+CFAE,15,11,6,156,238,338,156,216,282,22,1
쾯,U+CFAF,15,11,7,156,238,339,156,216,283,18,1
쾰,U+CFB0,15,11,8,156,238,340,156,216,284,18,1
쾱,U+CFB1,15,11,9,156,238,341,156,216,285,28,1
쾲,U+CFB2,15,11,10,156,238,342,156,216,286,26,1
쾳,U+CFB3,15,11,11,156,238,343,156,216,287,26,1
쾴,U+CFB4,15,11,12,156,238,344,156,216,288,40,1
쾵,U+CFB5,15,11,13,156,238,345,156,216,289,20,1
쾶,U+CFB6,15,11,14,156,238,346,156,216,290,26,1
쾷,U+CFB7,15,11,15,156,238,347,156,216,291,36,1
쾸,U+CFB8,15,11,16,156,238,348,156,216,292,25,1
쾹,U+CFB9,15,11,17,156,238,349,156,216,293,25,1
쾺,U+CFBA,15,11,18,156,238,350,156,216,294,44,1
쾻,U+CFBB,15,11,19,156,238,351,156,216,295,30,1
쾼,U+CFBC,15,11,20,156,238,352,156,216,296,36,1
쾽,U+CFBD,15,11,21,156,238,353,156,216,297,34,1
쾾,U+CFBE,15,11,22,156,238,354,156,216,298,33,1
쾿,U+CFBF,15,11,23,156,238,355,156,216,299,24,1
쿀,U+CFC0,15,11,24,156,238,356,156,216,300,14,1
쿁,U+CFC1,15,11,25,156,238,357,156,216,301,20,1
쿂,U+CFC2,15,11,26,156,238,358,156,216,302,32,1
쿃,U+CFC3,15,11,27,156,238,359,156,216,303,28,1
쿄,U+CFC4,15,12,0,36,195,-1,36,173,-1,0,0
쿅,U+CFC5,15,12,1,116,239,277,136,217,333,41,1
쿆,U+CFC6,15,12,2,116,239,278,136,217,334,47,1
쿇,U+CFC7,15,12,3,116,239,279,136,217,335,67,1
쿈,U+CFC8,15,12,4,116,239,280,136,217,336,48,1
쿉,U+CFC9,15,12,5,116,239,281,136,217,337,49,1
쿊,U+CFCA,15,12,6,116,239,282,136,217,338,51,1
쿋,U+CFCB,15,12,7,116,239,283,136,217,339,47,1
쿌,U+CFCC,15,12,8,116,239,284,136,217,340,47,1
쿍,U+CFCD,15,12,9,116,239,285,136,217,341,57,1
쿎,U+CFCE,15,12,10,116,239,286,136,217,342,55,1
쿏,U+CFCF,15,12,11,116,239,287,136,217,343,55,1
쿐,U+CFD0,15,12,12,116,239,288,136,217,344,69,1
쿑,U+CFD1,15,12,13,116,239,289,136,217,345,49,1
쿒,U+CFD2,15,12,14,116,239,290,136,217,346,55,1
쿓,U+CFD3,15,12,15,116,239,291,136,217,347,65,1
쿔,U+CFD4,15,12,16,116,239,292,136,217,348,54,1
쿕,U+CFD5,15,12,17,116,239,293,136,217,349,54,1
쿖,U+CFD6,15,12,18,116,239,294,136,217,350,73,1
쿗,U+CFD7,15,12,19,116,239,295,136,217,351,59,1
쿘,U+CFD8,15,12,20,116,239,296,136,217,352,65,1
쿙,U+CFD9,15,12,21,116,239,297,136,217,353,63,1
쿚,U+CFDA,15,12,22,116,239,298,136,217,354,62,1
쿛,U+CFDB,15,12,23,116,239,299,136,217,355,53,1
쿜,U+CFDC,15,12,24,116,239,300,136,217,356,43,1
쿝,U+CFDD,15,12,25,116,239,301,136,217,357,49,1
쿞,U+CFDE,15,12,26,116,239,302,136,217,358,61,1
쿟,U+CFDF,15,12,27,116,239,303,136,217,359,57,1
쿠,U+CFE0,15,13,0,56,196,-1,56,174,-1,0,0
쿡,U+CFE1,15,13,1,136,240,305,136,218,333,19,1
쿢,U+CFE2,15,13,2,136,240,306,136,218,334,31,1
쿣,U+CFE3,15,13,3,136,240,307,136,218,335,37,1
쿤,U+CFE4,15,13,4,136,240,308,136,218,336,23,1
쿥,U+CFE5,15,13,5,136,240,309,136,218,337,39,1
쿦,U+CFE6,15,13,6,136,240,310,136,218,338,33,1
쿧,U+CFE7,15,13,7,136,240,311,136,218,339,22,1
쿨,U+CFE8,15,13,8,136,240,312,136,218,340,23,1
쿩,U+CFE9,15,13,9,136,240,313,136,218,341,35,1
쿪,U+CFEA,15,13,10,136,240,314,136,218,342,26,1
쿫,U+CFEB,15,13,11,136,240,315,136,218,343,26,1
쿬,U+CFEC,15,13,12,136,240,316,136,218,344,40,1
쿭,U+CFED,15,13,13,136,240,317,136,218,345,20,1
쿮,U+CFEE,15,13,14,136,240,318,136,218,346,26,1
쿯,U+CFEF,15,13,15,136,240,319,136,218,347,36,1
쿰,U+CFF0,15,13,16,136,240,320,136,218,348,35,1
쿱,U+CFF1,15,13,17,136,240,321,136,218,349,34,1
쿲,U+CFF2,15,13,18,136,240,322,136,218,350,43,1
쿳,U+CFF3,15,13,19,136,240,323,136,218,351,29,1
쿴,U+CFF4,15,13,20,136,240,324,136,218,352,35,1
쿵,U+CFF5,15,13,21,136,240,325,136,218,353,37,1
쿶,U+CFF6,15,13,22,136,240,326,136,218,354,22,1
쿷,U+CFF7,15,13,23,136,240,327,136,218,355,25,1
쿸,U+CFF8,15,13,24,136,240,328,136,218,356,20,1
쿹,U+CFF9,15,13,25,136,240,329,136,218,357,23,1
쿺,U+CFFA,15,13,26,136,240,330,136,218,358,32,1
쿻,U+CFFB,15,13,27,136,240,331,136,218,359,31,1
쿼,U+CFFC,15,14,0,76,197,-1,96,175,-1,0,0
쿽,U+CFFD,15,14,1,156,241,333,156,219,277,12,1
쿾,U+CFFE,15,14,2,156,241,334,156,219,278,18,1
쿿,U+CFFF,15,14,3,156,241,335,156,219,279,38,1
퀀,U+D000,15,14,4,156,241,336,156,219,280,19,1
퀁,U+D001,15,14,5,156,241,337,156,219,281,20,1
퀂,U+D002,15,14,6,156,241,338,156,219,282,22,1
퀃,U+D003,15,14,7,156,241,339,156,219,283,18,1
퀄,U+D004,15,14,8,156,241,340,156,219,284,18,1
퀅,U+D005,15,14,9,156,241,341,156,219,285,28,1
퀆,U+D006,15,14,10,156,241,342,156,219,286,26,1
퀇,U+D007,15,14,11,156,241,343,156,219,287,26,1
퀈,U+D008,15,14,12,156,241,344,156,219,288,40,1
퀉,U+D009,15,14,13,156,241,345,156,219,289,20,1
퀊,U+D00A,15,14,14,156,241,346,156,219,290,26,1
퀋,U+D00B,15,14,15,156,241,347,156,219,291,36,1
퀌,U+D00C,15,14,16,156,241,348,156,219,292,25,1
퀍,U+D00D,15,14,17,156,241,349,156,219,293,25,1
퀎,U+D00E,15,14,18,156,241,350,156,219,294,44,1
퀏,U+D00F,15,14,19,156,241,351,156,219,295,30,1
퀐,U+D010,15,14,20,156,241,352,156,219,296,36,1
퀑,U+D011,15,14,21,156,241,353,156,219,297,34,1
퀒,U+D012,15,14,22,156,241,354,156,219,298,33,1
퀓,U+D013,15,14,23,156,241,355,156,219,299,24,1
퀔,U+D014,15,14,24,156,241,356,156,219,300,14,1
퀕,U+D015,15,14,25,156,241,357,156,219,301,20,1
퀖,U+D016,15,14,26,156,241,358,156,219,302,32,1
퀗,U+D017,15,14,27,156,241,359,156,219,303,28,1
퀘,U+D018,15,15,0,76,198,-1,96,176,-1,0,0
퀙,U+D019,15,15,1,156,242,333,156,220,305,19,1
퀚,U+D01A,15,15,2,156,242,334,156,220,306,31,1
퀛,U+D01B,15,15,3,156,242,335,156,220,307,37,1
퀜,U+D01C,15,15,4,156,242,336,156,220,308,24,1
퀝,U+D01D,15,15,5,156,242,337,156,220,309,40,1
퀞,U+D01E,15,15,6,156,242,338,156,220,310,33,1
퀟,U+D01F,15,15,7,156,242,339,156,220,311,22,1
퀠,U+D020,15,15,8,156,242,340,156,220,312,23,1
퀡,U+D021,15,15,9,156,242,341,156,220,313,35,1
퀢,U+D022,15,15,10,156,242,342,156,220,314,26,1
퀣,U+D023,15,15,11,156,242,343,156,220,315,26,1
퀤,U+D024,15,15,12,156,242,344,156,220,316,40,1
퀥,U+D025,15,15,13,156,242,345,156,220,317,20,1
퀦,U+D026,15,15,14,156,242,346,156,220,318,26,1
퀧,U+D027,15,15,15,156,242,347,156,220,319,36,1
퀨,U+D028,15,15,16,156,242,348,156,220,320,35,1
퀩,U+D029,15,15,17,156,242,349,156,220,321,35,1
퀪,U+D02A,15,15,18,156,242,350,156,220,322,44,1
퀫,U+D02B,15,15,19,156,242,351,156,220,323,30,1
퀬,U+D02C,15,15,20,156,242,352,156,220,324,36,1
퀭,U+D02D,15,15,21,156,242,353,156,220,325,38,1
퀮,U+D02E,15,15,22,156,242,354,156,220,326,22,1
퀯,U+D02F,15,15,23,156,242,355,156,220,327,26,1
퀰,U+D030,15,15,24,156,242,356,156,220,328,20,1
퀱,U+D031,15,15,25,156,242,357,156,220,329,23,1
퀲,U+D032,15,15,26,156,242,358,156,220,330,32,1
퀳,U+D033,15,15,27,156,242,359,156,220,331,32,1
퀴,U+D034,15,16,0,76,199,-1,96,177,-1,0,0
퀵,U+D035,15,16,1,156,243,333,156,221,277,12,1
퀶,U+D036,15,16,2,156,243,334,156,221,278,18,1
퀷,U+D037,15,16,3,156,243,335,156,221,279,38,1
퀸,U+D038,15,16,4,156,243,336,156,221,280,19,1
퀹,U+D039,15,16,5,156,243,337,156,221,281,20,1
퀺,U+D03A,15,16,6,156,243,338,156,221,282,22,1
퀻,U+D03B,15,16,7,156,243,339,156,221,283,18,1
퀼,U+D03C,15,16,8,156,243,340,156,221,284,18,1
퀽,U+D03D,15,16,9,156,243,341,156,221,285,28,1
퀾,U+D03E,15,16,10,156,243,342,156,221,286,26,1
퀿,U+D03F,15,16,11,156,243,343,156,221,287,26,1
큀,U+D040,15,16,12,156,243,344,156,221,288,40,1
큁,U+D041,15,16,13,156,243,345,156,221,289,20,1
큂,U+D042,15,16,14,156,243,346,156,221,290,26,1
큃,U+D043,15,16,15,156,243,347,156,221,291,36,1
큄,U+D044,15,16,16,156,243,348,156,221,292,25,1
큅,U+D045,15,16,17,156,243,349,156,221,293,25,1
큆,U+D046,15,16,18,156,243,350,156,221,294,44,1
큇,U+D047,15,16,19,156,243,351,156,221,295,30,1
큈,U+D048,15,16,20,156,243,352,156,221,296,36,1
큉,U+D049,15,16,21,156,243,353,156,221,297,34,1
큊,U+D04A,15,16,22,156,243,354,156,221,298,33,1
큋,U+D04B,15,16,23,156,243,355,156,221,299,24,1
큌,U+D04C,15,16,24,156,243,356,156,221,300,14,1
큍,U+D04D,15,16,25,156,243,357,156,221,301,20,1
큎,U+D04E,15,16,26,156,243,358,156,221,302,32,1
큏,U+D04F,15,16,27,156,243,359,156,221,303,28,1
큐,U+D050,15,17,0,56,200,-1,56,178,-1,0,0
큑,U+D051,15,17,1,136,244,305,136,222,333,18,1
큒,U+D052,15,17,2,136,244,306,136,222,334,31,1
큓,U+D053,15,17,3,136,244,307,136,222,335,36,1
큔,U+D054,15,17,4,136,244,308,136,222,336,23,1
큕,U+D055,15,17,5,136,244,309,136,222,337,39,1
큖,U+D056,15,17,6,136,244,310,136,222,338,33,1
큗,U+D057,15,17,7,136,244,311,136,222,339,21,1
큘,U+D058,15,17,8,136,244,312,136,222,340,22,1
큙,U+D059,15,17,9,136,244,313,136,222,341,35,1
큚,U+D05A,15,17,10,136,244,314,136,222,342,25,1
큛,U+D05B,15,17,11,136,244,315,136,222,343,25,1
큜,U+D05C,15,17,12,136,244,316,136,222,344,39,1
큝,U+D05D,15,17,13,136,244,317,136,222,345,19,1
큞,U+D05E,15,17,14,136,244,318,136,222,346,25,1
큟,U+D05F,15,17,15,136,244,319,136,222,347,35,1
큠,U+D060,15,17,16,136,244,320,136,222,348,34,1
큡,U+D061,15,17,17,136,244,321,136,222,349,34,1
큢,U+D062,15,17,18,136,244,322,136,222,350,42,1
큣,U+D063,15,17,19,136,244,323,136,222,351,29,1
큤,U+D064,15,17,20,136,244,324,136,222,352,36,1
큥,U+D065,15,17,21,136,244,325,136,222,353,37,1
큦,U+D066,15,17,22,136,244,326,136,222,354,22,1
큧,U+D067,15,17,23,136,244,327,136,222,355,25,1
큨,U+D068,15,17,24,136,244,328,136,222,356,19,1
큩,U+D069,15,17,25,136,244,329,136,222,357,22,1
큪,U+D06A,15,17,26,136,244,330,136,222,358,32,1
큫,U+D06B,15,17,27,136,244,331,136,222,359,32,1
크,U+D06C,15,18,0,36,201,-1,36,179,-1,0,0
큭,U+D06D,15,18,1,116,245,277,136,223,333,41,1
큮,U+D06E,15,18,2,116,245,278,136,223,334,47,1
큯,U+D06F,15,18,3,116,245,279,136,223,335,67,1
큰,U+D070,15,18,4,116,245,280,136,223,336,48,1
큱,U+D071,15,18,5,116,245,281,136,223,337,49,1
큲,U+D072,15,18,6,116,245,282,136,223,338,51,1
큳,U+D073,15,18,7,116,245,283,136,223,339,47,1
클,U+D074,15,18,8,116,245,284,136,223,340,47,1
큵,U+D075,15,18,9,116,245,285,136,223,341,57,1
큶,U+D076,15,18,10,116,245,286,136,223,342,55,1
큷,U+D077,15,18,11,116,245,287,136,223,343,55,1
큸,U+D078,15,18,12,116,245,288,136,223,344,69,1
큹,U+D079,15,18,13,116,245,289,136,223,345,49,1
큺,U+D07A,15,18,14,116,245,290,136,223,346,55,1
큻,U+D07B,15,18,15,116,245,291,136,223,347,65,1
큼,U+D07C,15,18,16,116,245,292,136,223,348,54,1
큽,U+D07D,15,18,17,116,245,293,136,223,349,54,1
큾,U+D07E,15,18,18,116,245,294,136,223,350,73,1
큿,U+D07F,15,18,19,116,245,295,136,223,351,59,1
킀,U+D080,15,18,20,116,245,296,136,223,352,65,1
킁,U+D081,15,18,21,116,245,297,136,223,353,63,1
킂,U+D082,15,18,22,116,245,298,136,223,354,62,1
킃,U+D083,15,18,23,116,245,299,136,223,355,53,1
킄,U+D084,15,18,24,116,245,300,136,223,356,43,1
킅,U+D085,15,18,25,116,245,301,136,223,357,49,1
킆,U+D086,15,18,26,116,245,302,136,223,358,61,1
킇,U+D087,15,18,27,116,245,303,136,223,359,57,1
킈,U+D088,15,19,0,76,202,-1,76,180,-1,0,0
킉,U+D089,15,19,1,156,246,333,156,224,277,12,1
킊,U+D08A,15,19,2,156,246,334,156,224,278,18,1
킋,U+D08B,15,19,3,156,246,335,156,224,279,38,1
킌,U+D08C,15,19,4,156,246,336,156,224,280,19,1
킍,U+D08D,15,19,5,156,246,337,156,224,281,20,1
킎,U+D08E,15,19,6,156,246,338,156,224,282,22,1
킏,U+D08F,15,19,7,156,246,339,156,224,283,18,1
킐,U+D090,15,19,8,156,246,340,156,224,284,18,1
킑,U+D091,15,19,9,156,246,341,156,224,285,28,1
킒,U+D092,15,19,10,156,246,342,156,224,286,26,1
킓,U+D093,15,19,11,156,246,343,156,224,287,26,1
킔,U+D094,15,19,12,156,246,344,156,224,288,40,1
킕,U+D095,15,19,13,156,246,345,156,224,289,20,1
킖,U+D096,15,19,14,156,246,346,156,224,290,26,1
킗,U+D097,15,19,15,156,246,347,156,224,291,36,1
킘,U+D098,15,19,16,156,246,348,156,224,292,25,1
킙,U+D099,15,19,17,156,246,349,156,224,293,25,1
킚,U+D09A,15,19,18,156,246,350,156,224,294,44,1
킛,U+D09B,15,19,19,156,246,351,156,224,295,30,1
킜,U+D09C,15,19,20,156,246,352,156,224,296,36,1
킝,U+D09D,15,19,21,156,246,353,156,224,297,34,1
킞,U+D09E,15,19,22,156,246,354,156,224,298,33,1
킟,U+D09F,15,19,23,156,246,355,156,224,299,24,1
킠,U+D0A0,15,19,24,156,246,356,156,224,300,14,1
킡,U+D0A1,15,19,25,156,246,357,156,224,301,20,1
킢,U+D0A2,15,19,26,156,246,358,156,224,302,32,1
킣,U+D0A3,15,19,27,156,246,359,156,224,303,28,1
키,U+D0A4,15,20,0,16,203,-1,16,181,-1,0,0
킥,U+D0A5,15,20,1,96,247,249,116,225,277,23,1
킦,U+D0A6,15,20,2,96,247,250,116,225,278,23,1
킧,U+D0A7,15,20,3,96,247,251,116,225,279,23,1
킨,U+D0A8,15,20,4,96,247,252,116,225,280,23,1
킩,U+D0A9,15,20,5,96,247,253,116,225,281,23,1
킪,U+D0AA,15,20,6,96,247,254,116,225,282,23,1
킫,U+D0AB,15,20,7,96,247,255,116,225,283,23,1
킬,U+D0AC,15,20,8,96,247,256,116,225,284,23,1
킭,U+D0AD,15,20,9,96,247,257,116,225,285,23,1
킮,U+D0AE,15,20,10,96,247,258,116,225,286,23,1
킯,U+D0AF,15,20,11,96,247,259,116,225,287,23,1
킰,U+D0B0,15,20,12,96,247,260,116,225,288,23,1
킱,U+D0B1,15,20,13,96,247,261,116,225,289,23,1
킲,U+D0B2,15,20,14,96,247,262,116,225,290,23,1
킳,U+D0B3,15,20,15,96,247,263,116,225,291,23,1
킴,U+D0B4,15,20,16,96,247,264,116,225,292,23,1
킵,U+D0B5,15,20,17,96,247,265,116,225,293,23,1
킶,U+D0B6,15,20,18,96,247,266,116,225,294,23,1
킷,U+D0B7,15,20,19,96,247,267,116,225,295,23,1
킸,U+D0B8,15,20,20,96,247,268,116,225,296,23,1
킹,U+D0B9,15,20,21,96,247,269,116,225,297,23,1
킺,U+D0BA,15,20,22,96,247,270,116,225,298,23,1
킻,U+D0BB,15,20,23,96,247,271,116,225,299,23,1
킼,U+D0BC,15,20,24,96,247,272,116,225,300,23,1
킽,U+D0BD,15,20,25,96,247,273,116,225,301,23,1
킾,U+D0BE,15,20,26,96,247,274,116,225,302,23,1
킿,U+D0BF,15,20,27,96,247,275,116,225,303,23,1
타,U+D0C0,16,0,0,17,161,-1,17,183,-1,0,0
탁,U+D0C1,16,0,1,97,205,249,117,227,249,15,1
탂,U+D0C2,16,0,2,97,205,250,117,227,250,15,1
탃,U+D0C3,16,0,3,97,205,251,117,227,251,15,1
탄,U+D0C4,16,0,4,97,205,252,117,227,252,15,1
탅,U+D0C5,16,0,5,97,205,253,117,227,253,15,1
탆,U+D0C6,16,0,6,97,205,254,117,227,254,15,1
탇,U+D0C7,16,0,7,97,205,255,117,227,255,15,1
탈,U+D0C8,16,0,8,97,205,256,117,227,256,15,1
탉,U+D0C9,16,0,9,97,205,257,117,227,257,15,1
탊,U+D0CA,16,0,10,97,205,258,117,227,258,15,1
탋,U+D0CB,16,0,11,97,205,259,117,227,259,15,1
탌,U+D0CC,16,0,12,97,205,260,117,227,260,15,1
탍,U+D0CD,16,0,13,97,205,261,117,227,261,15,1
탎,U+D0CE,16,0,14,97,205,262,117,227,262,15,1
탏,U+D0CF,16,0,15,97,205,263,117,227,263,15,1
탐,U+D0D0,16,0,16,97,205,264,117,227,264,15,1
탑,U+D0D1,16,0,17,97,205,265,117,227,265,15,1
탒,U+D0D2,16,0,18,97,205,266,117,227,266,15,1
탓,U+D0D3,16,0,19,97,205,267,117,227,267,15,1
탔,U+D0D4,16,0,20,97,205,268,117,227,268,15,1
탕,U+D0D5,16,0,21,97,205,269,117,227,269,15,1
탖,U+D0D6,16,0,22,97,205,270,117,227,270,15,1
탗,U+D0D7,16,0,23,97,205,271,117,227,271,15,1
탘,U+D0D8,16,0,24,97,205,272,117,227,272,15,1
탙,U+D0D9,16,0,25,97,205,273,117,227,273,15,1
탚,U+D0DA,16,0,26,97,205,274,117,227,274,15,1
탛,U+D0DB,16,0,27,97,205,275,117,227,275,15,1
태,U+D0DC,16,1,0,17,162,-1,17,184,-1,0,0
택,U+D0DD,16,1,1,97,206,249,117,228,305,24,1
탞,U+D0DE,16,1,2,97,206,250,117,228,306,32,1
탟,U+D0DF,16,1,3,97,206,251,117,228,307,16,1
탠,U+D0E0,16,1,4,97,206,252,117,228,308,26,1
탡,U+D0E1,16,1,5,97,206,253,117,228,309,35,1
탢,U+D0E2,16,1,6,97,206,254,117,228,310,28,1
탣,U+D0E3,16,1,7,97,206,255,117,228,311,25,1
탤,U+D0E4,16,1,8,97,206,256,117,228,312,20,1
탥,U+D0E5,16,1,9,97,206,257,117,228,313,24,1
탦,U+D0E6,16,1,10,97,206,258,117,228,314,15,1
탧,U+D0E7,16,1,11,97,206,259,117,228,315,15,1
탨,U+D0E8,16,1,12,97,206,260,117,228,316,15,1
탩,U+D0E9,16,1,13,97,206,261,117,228,317,15,1
탪,U+D0EA,16,1,14,97,206,262,117,228,318,15,1
탫,U+D0EB,16,1,15,97,206,263,117,228,319,15,1
탬,U+D0EC,16,1,16,97,206,264,117,228,320,31,1
탭,U+D0ED,16,1,17,97,206,265,117,228,321,31,1
탮,U+D0EE,16,1,18,97,206,266,117,228,322,15,1
탯,U+D0EF,16,1,19,97,206,267,117,228,323,15,1
탰,U+D0F0,16,1,20,97,206,268,117,228,324,15,1
탱,U+D0F1,16,1,21,97,206,269,117,228,325,31,1
탲,U+D0F2,16,1,22,97,206,270,117,228,326,34,1
탳,U+D0F3,16,1,23,97,206,271,117,228,327,21,1
탴,U+D0F4,16,1,24,97,206,272,117,228,328,23,1
탵,U+D0F5,16,1,25,97,206,273,117,228,329,18,1
탶,U+D0F6,16,1,26,97,206,274,117,228,330,19,1
탷,U+D0F7,16,1,27,97,206,275,117,228,331,21,1
탸,U+D0F8,16,2,0,17,163,-1,17,185,-1,0,0
탹,U+D0F9,16,2,1,97,207,249,117,229,249,15,1
탺,U+D0FA,16,2,2,97,207,250,117,229,250,15,1
탻,U+D0FB,16,2,3,97,207,251,117,229,251,15,1
탼,U+D0FC,16,2,4,97,207,252,117,229,252,15,1
탽,U+D0FD,16,2,5,97,207,253,117,229,253,15,1
탾,U+D0FE,16,2,6,97,207,254,117,229,254,15,1
탿,U+D0FF,16,2,7,97,207,255,117,229,255,15,1
턀,U+D100,16,2,8,97,207,256,117,229,256,15,1
턁,U+D101,16,2,9,97,207,257,117,229,257,15,1
턂,U+D102,16,2,10,97,207,258,117,229,258,15,1
턃,U+D103,16,2,11,97,207,259,117,229,259,15,1
턄,U+D104,16,2,12,97,207,260,117,229,260,15,1
턅,U+D105,16,2,13,97,207,261,117,229,261,15,1
턆,U+D106,16,2,14,97,207,262,117,229,262,15,1
턇,U+D107,16,2,15,97,207,263,117,229,263,15,1
턈,U+D108,16,2,16,97,207,264,117,229,264,15,1
턉,U+D109,16,2,17,97,207,265,117,229,265,15,1
턊,U+D10A,16,2,18,97,207,266,117,229,266,15,1
턋,U+D10B,16,2,19,97,207,267,117,229,267,15,1
턌,U+D10C,16,2,20,97,207,268,117,229,268,15,1
턍,U+D10D,16,2,21,97,207,269,117,229,269,15,1
턎,U+D10E,16,2,22,97,207,270,117,229,270,15,1
턏,U+D10F,16,2,23,97,207,271,117,229,271,15,1
턐,U+D110,16,2,24,97,207,272,117,229,272,15,1
턑,U+D111,16,2,25,97,207,273,117,229,273,15,1
턒,U+D112,16,2,26,97,207,274,117,229,274,15,1
턓,U+D113,16,2,27,97,207,275,117,229,275,15,1
턔,U+D114,16,3,0,17,164,-1,17,186,-1,0,0
턕,U+D115,16,3,1,97,208,249,117,230,305,24,1
턖,U+D116,16,3,2,97,208,250,117,230,306,32,1
턗,U+D117,16,3,3,97,208,251,117,230,307,16,1
턘,U+D118,16,3,4,97,208,252,117,230,308,26,1
턙,U+D119,16,3,5,97,208,253,117,230,309,35,1
턚,U+D11A,16,3,6,97,208,254,117,230,310,28,1
턛,U+D11B,16,3,7,97,208,255,117,230,311,25,1
턜,U+D11C,16,3,8,97,208,256,117,230,312,20,1
턝,U+D11D,16,3,9,97,208,257,117,230,313,24,1
턞,U+D11E,16,3,10,97,208,258,117,230,314,15,1
턟,U+D11F,16,3,11,97,208,259,117,230,315,15,1
턠,U+D120,16,3,12,97,208,260,117,230,316,15,1
턡,U+D121,16,3,13,97,208,261,117,230,317,15,1
턢,U+D122,16,3,14,97,208,262,117,230,318,15,1
턣,U+D123,16,3,15,97,208,263,117,230,319,15,1
턤,U+D124,16,3,16,97,208,264,117,230,320,31,1
턥,U+D125,16,3,17,97,208,265,117,230,321,31,1
턦,U+D126,16,3,18,97,208,266,117,230,322,15,1
턧,U+D127,16,3,19,97,208,267,117,230,323,15,1
턨,U+D128,16,3,20,97,208,268,117,230,324,15,1
턩,U+D129,16,3,21,97,208,269,117,230,325,31,1
턪,U+D12A,16,3,22,97,208,270,117,230,326,34,1
턫,U+D12B,16,3,23,97,208,271,117,230,327,21,1
턬,U+D12C,16,3,24,97,208,272,117,230,328,23,1
턭,U+D12D,16,3,25,97,208,273,117,230,329,18,1
턮,U+D12E,16,3,26,97,208,274,117,230,330,19,1
턯,U+D12F,16,3,27,97,208,275,117,230,331,21,1
터,U+D130,16,4,0,17,165,-1,17,187,-1,0,0
턱,U+D131,16,4,1,97,209,249,117,231,277,15,1
턲,U+D132,16,4,2,97,209,250,117,231,278,15,1
턳,U+D133,16,4,3,97,209,251,117,231,279,15,1
턴,U+D134,16,4,4,97,209,252,117,231,280,15,1
턵,U+D135,16,4,5,97,209,253,117,231,281,15,1
턶,U+D136,16,4,6,97,209,254,117,231,282,15,1
턷,U+D137,16,4,7,97,209,255,117,231,283,15,1
털,U+D138,16,4,8,97,209,256,117,231,284,15,1
턹,U+D139,16,4,9,97,209,257,117,231,285,15,1
턺,U+D13A,16,4,10,97,209,258,117,231,286,15,1
턻,U+D13B,16,4,11,97,209,259,117,231,287,15,1
턼,U+D13C,16,4,12,97,209,260,117,231,288,15,1
턽,U+D13D,16,4,13,97,209,261,117,231,289,15,1
턾,U+D13E,16,4,14,97,209,262,117,231,290,15,1
턿,U+D13F,16,4,15,97,209,263,117,231,291,15,1
텀,U+D140,16,4,16,97,209,264,117,231,292,15,1
텁,U+D141,16,4,17,97,209,265,117,231,293,15,1
텂,U+D142,16,4,18,97,209,266,117,231,294,15,1
텃,U+D143,16,4,19,97,209,267,117,231,295,15,1
텄,U+D144,16,4,20,97,209,268,117,231,296,15,1
텅,U+D145,16,4,21,97,209,269,117,231,297,15,1
텆,U+D146,16,4,22,97,209,270,117,231,298,15,1
텇,U+D147,16,4,23,97,209,271,117,231,299,15,1
텈,U+D148,16,4,24,97,209,272,117,231,300,15,1
텉,U+D149,16,4,25,97,209,273,117,231,301,15,1
텊,U+D14A,16,4,26,97,209,274,117,231,302,15,1
텋,U+D14B,16,4,27,97,209,275,117,231,303,15,1
테,U+D14C,16,5,0,17,166,-1,17,188,-1,0,0
텍,U+D14D,16,5,1,97,210,249,117,232,305,24,1
텎,U+D14E,16,5,2,97,210,250,117,232,306,32,1
텏,U+D14F,16,5,3,97,210,251,117,232,307,16,1
텐,U+D150,16,5,4,97,210,252,117,232,308,26,1
텑,U+D151,16,5,5,97,210,253,117,232,309,35,1
텒,U+D152,16,5,6,97,210,254,117,232,310,28,1
텓,U+D153,16,5,7,97,210,255,117,232,311,25,1
텔,U+D154,16,5,8,97,210,256,117,232,312,20,1
텕,U+D155,16,5,9,97,210,257,117,232,313,24,1
텖,U+D156,16,5,10,97,210,258,117,232,314,15,1
텗,U+D157,16,5,11,97,210,259,117,232,315,15,1
텘,U+D158,16,5,12,97,210,260,117,232,316,15,1
텙,U+D159,16,5,13,97,210,261,117,232,317,15,1
텚,U+D15A,16,5,14,97,210,262,117,232,318,15,1
텛,U+D15B,16,5,15,97,210,263,117,232,319,15,1
템,U+D15C,16,5,16,97,210,264,117,232,320,31,1
텝,U+D15D,16,5,17,97,210,265,117,232,321,31,1
텞,U+D15E,16,5,18,97,210,266,117,232,322,15,1
텟,U+D15F,16,5,19,97,210,267,117,232,323,15,1
텠,U+D160,16,5,20,97,210,268,117,232,324,15,1
텡,U+D161,16,5,21,97,210,269,117,232,325,31,1
텢,U+D162,16,5,22,97,210,270,117,232,326,34,1
텣,U+D163,16,5,23,97,210,271,117,232,327,21,1
텤,U+D164,16,5,24,97,210,272,117,232,328,23,1
텥,U+D165,16,5,25,97,210,273,117,232,329,18,1
텦,U+D166,16,5,26,97,210,274,117,232,330,19,1
텧,U+D167,16,5,27,97,210,275,117,232,331,21,1
텨,U+D168,16,6,0,17,167,-1,17,189,-1,0,0
텩,U+D169,16,6,1,97,211,249,117,233,277,15,1
텪,U+D16A,16,6,2,97,211,250,117,233,278,15,1
텫,U+D16B,16,6,3,97,211,251,117,233,279,15,1
텬,U+D16C,16,6,4,97,211,252,117,233,280,15,1
텭,U+D16D,16,6,5,97,211,253,117,233,281,15,1
텮,U+D16E,16,6,6,97,211,254,117,233,282,15,1
텯,U+D16F,16,6,7,97,211,255,117,233,283,15,1
텰,U+D170,16,6,8,97,211,256,117,233,284,15,1
텱,U+D171,16,6,9,97,211,257,117,233,285,15,1
텲,U+D172,16,6,10,97,211,258,117,233,286,15,1
텳,U+D173,16,6,11,97,211,259,117,233,287,15,1
텴,U+D174,16,6,12,97,211,260,117,233,288,15,1
텵,U+D175,16,6,13,97,211,261,117,233,289,15,1
텶,U+D176,16,6,14,97,211,262,117,233,290,15,1
텷,U+D177,16,6,15,97,211,263,117,233,291,15,1
텸,U+D178,16,6,16,97,211,264,117,233,292,15,1
텹,U+D179,16,6,17,97,211,265,117,233,293,15,1
텺,U+D17A,16,6,18,97,211,266,117,233,294,15,1
텻,U+D17B,16,6,19,97,211,267,117,233,295,15,1
텼,U+D17C,16,6,20,97,211,268,117,233,296,15,1
텽,U+D17D,16,6,21,97,211,269,117,233,297,15,1
텾,U+D17E,16,6,22,97,211,270,117,233,298,15,1
텿,U+D17F,16,6,23,97,211,271,117,233,299,15,1
톀,U+D180,16,6,24,97,211,272,117,233,300,15,1
톁,U+D181,16,6,25,97,211,273,117,233,301,15,1
톂,U+D182,16,6,26,97,211,274,117,233,302,15,1
톃,U+D183,16,6,27,97,211,275,117,233,303,15,1
톄,U+D184,16,7,0,17,168,-1,17,190,-1,0,0
톅,U+D185,16,7,1,97,212,249,117,234,305,22,1
톆,U+D186,16,7,2,97,212,250,117,234,306,30,1
톇,U+D187,16,7,3,97,212,251,117,234,307,14,1
톈,U+D188,16,7,4,97,212,252,117,234,308,24,1
톉,U+D189,16,7,5,97,212,253,117,234,309,33,1
톊,U+D18A,16,7,6,97,212,254,117,234,310,26,1
톋,U+D18B,16,7,7,97,212,255,117,234,311,23,1
톌,U+D18C,16,7,8,97,212,256,117,234,312,18,1
톍,U+D18D,16,7,9,97,212,257,117,234,313,22,1
톎,U+D18E,16,7,10,97,212,258,117,234,314,13,1
톏,U+D18F,16,7,11,97,212,259,117,234,315,13,1
톐,U+D190,16,7,12,97,212,260,117,234,316,13,1
톑,U+D191,16,7,13,97,212,261,117,234,317,13,1
톒,U+D192,16,7,14,97,212,262,117,234,318,13,1
톓,U+D193,16,7,15,97,212,263,117,234,319,13,1
톔,U+D194,16,7,16,97,212,264,117,234,320,29,1
톕,U+D195,16,7,17,97,212,265,117,234,321,29,1
톖,U+D196,16,7,18,97,212,266,117,234,322,13,1
톗,U+D197,16,7,19,97,212,267,117,234,323,13,1
톘,U+D198,16,7,20,97,212,268,117,234,324,13,1
톙,U+D199,16,7,21,97,212,269,117,234,325,29,1
톚,U+D19A,16,7,22,97,212,270,117,234,326,32,1
톛,U+D19B,16,7,23,97,212,271,117,234,327,19,1
톜,U+D19C,16,7,24,97,212,272,117,234,328,21,1
톝,U+D19D,16,7,25,97,212,273,117,234,329,16,1
톞,U+D19E,16,7,26,97,212,274,117,234,330,17,1
톟,U+D19F,16,7,27,97,212,275,117,234,331,19,1
토,U+D1A0,16,8,0,37,169,-1,37,191,-1,0,0
톡,U+D1A1,16,8,1,117,213,277,137,235,333,47,1
톢,U+D1A2,16,8,2,117,213,278,137,235,334,53,1
톣,U+D1A3,16,8,3,117,213,279,137,235,335,73,1
톤,U+D1A4,16,8,4,117,213,280,137,235,336,54,1
톥,U+D1A5,16,8,5,117,213,281,137,235,337,55,1
톦,U+D1A6,16,8,6,117,213,282,137,235,338,57,1
톧,U+D1A7,16,8,7,117,213,283,137,235,339,53,1
톨,U+D1A8,16,8,8,117,213,284,137,235,340,53,1
톩,U+D1A9,16,8,9,117,213,285,137,235,341,63,1
톪,U+D1AA,16,8,10,117,213,286,137,235,342,61,1
톫,U+D1AB,16,8,11,117,213,287,137,235,343,61,1
톬,U+D1AC,16,8,12,117,213,288,137,235,344,75,1
톭,U+D1AD,16,8,13,117,213,289,137,235,345,55,1
톮,U+D1AE,16,8,14,117,213,290,137,235,346,61,1
톯,U+D1AF,16,8,15,117,213,291,137,235,347,71,1
톰,U+D1B0,16,8,16,117,213,292,137,235,348,60,1
톱,U+D1B1,16,8,17,117,213,293,137,235,349,60,1
톲,U+D1B2,16,8,18,117,213,294,137,235,350,79,1
톳,U+D1B3,16,8,19,117,213,295,137,235,351,65,1
톴,U+D1B4,16,8,20,117,213,296,137,235,352,71,1
통,U+D1B5,16,8,21,117,213,297,137,235,353,69,1
톶,U+D1B6,16,8,22,117,213,298,137,235,354,68,1
톷,U+D1B7,16,8,23,117,213,299,137,235,355,59,1
톸,U+D1B8,16,8,24,117,213,300,137,235,356,49,1
톹,U+D1B9,16,8,25,117,213,301,137,235,357,55,1
톺,U+D1BA,16,8,26,117,213,302,137,235,358,67,1
톻,U+D1BB,16,8,27,117,213,303,137,235,359,63,1
톼,U+D1BC,16,9,0,77,170,-1,77,192,-1,0,0
톽,U+D1BD,16,9,1,157,214,333,157,236,249,12,1
톾,U+D1BE,16,9,2,157,214,334,157,236,250,18,1
톿,U+D1BF,16,9,3,157,214,335,157,236,251,38,1
퇀,U+D1C0,16,9,4,157,214,336,157,236,252,19,1
퇁,U+D1C1,16,9,5,157,214,337,157,236,253,20,1
퇂,U+D1C2,16,9,6,157,214,338,157,236,254,22,1
퇃,U+D1C3,16,9,7,157,214,339,157,236,255,18,1
퇄,U+D1C4,16,9,8,157,214,340,157,236,256,18,1
퇅,U+D1C5,16,9,9,157,214,341,157,236,257,28,1
퇆,U+D1C6,16,9,10,157,214,342,157,236,258,26,1
퇇,U+D1C7,16,9,11,157,214,343,157,236,259,26,1
퇈,U+D1C8,16,9,12,157,214,344,157,236,260,40,1
퇉,U+D1C9,16,9,13,157,214,345,157,236,261,20,1
퇊,U+D1CA,16,9,14,157,214,346,157,236,262,26,1
퇋,U+D1CB,16,9,15,157,214,347,157,236,263,36,1
퇌,U+D1CC,16,9,16,157,214,348,157,236,264,25,1
퇍,U+D1CD,16,9,17,157,214,349,157,236,265,25,1
퇎,U+D1CE,16,9,18,157,214,350,157,236,266,44,1
퇏,U+D1CF,16,9,19,157,214,351,157,236,267,30,1
퇐,U+D1D0,16,9,20,157,214,352,157,236,268,36,1
퇑,U+D1D1,16,9,21,157,214,353,157,236,269,34,1
퇒,U+D1D2,16,9,22,157,214,354,157,236,270,33,1
퇓,U+D1D3,16,9,23,157,214,355,157,236,271,24,1
퇔,U+D1D4,16,9,24,157,214,356,157,236,272,14,1
퇕,U+D1D5,16,9,25,157,214,357,157,236,273,20,1
퇖,U+D1D6,16,9,26,157,214,358,157,236,274,32,1
퇗,U+D1D7,16,9,27,157,214,359,157,236,275,28,1
퇘,U+D1D8,16,10,0,77,171,-1,77,193,-1,0,0
퇙,U+D1D9,16,10,1,157,215,333,157,237,305,19,1
퇚,U+D1DA,16,10,2,157,215,334,157,237,306,31,1
퇛,U+D1DB,16,10,3,157,215,335,157,237,307,37,1
퇜,U+D1DC,16,10,4,157,215,336,157,237,308,24,1
퇝,U+D1DD,16,10,5,157,215,337,157,237,309,40,1
퇞,U+D1DE,16,10,6,157,215,338,157,237,310,33,1
퇟,U+D1DF,16,10,7,157,215,339,157,237,311,22,1
퇠,U+D1E0,16,10,8,157,215,340,157,237,312,23,1
퇡,U+D1E1,16,10,9,157,215,341,157,237,313,35,1
퇢,U+D1E2,16,10,10,157,215,342,157,237,314,26,1
퇣,U+D1E3,16,10,11,157,215,343,157,237,315,26,1
퇤,U+D1E4,16,10,12,157,215,344,157,237,316,40,1
퇥,U+D1E5,16,10,13,157,215,345,157,237,317,20,1
퇦,U+D1E6,16,10,14,157,215,346,157,237,318,26,1
퇧,U+D1E7,16,10,15,157,215,347,157,237,319,36,1
퇨,U+D1E8,16,10,16,157,215,348,157,237,320,35,1
퇩,U+D1E9,16,10,17,157,215,349,157,237,321,35,1
퇪,U+D1EA,16,10,18,157,215,350,157,237,322,44,1
퇫,U+D1EB,16,10,19,157,215,351,157,237,323,30,1
퇬,U+D1EC,16,10,20,157,215,352,157,237,324,36,1
퇭,U+D1ED,16,10,21,157,215,353,157,237,325,38,1
퇮,U+D1EE,16,10,22,157,215,354,157,237,326,22,1
퇯,U+D1EF,16,10,23,157,215,355,157,237,327,26,1
퇰,U+D1F0,16,10,24,157,215,356,157,237,328,20,1
퇱,U+D1F1,16,10,25,157,215,357,157,237,329,23,1
퇲,U+D1F2,16,10,26,157,215,358,157,237,330,32,1
퇳,U+D1F3,16,10,27,157,215,359,157,237,331,32,1
퇴,U+D1F4,16,11,0,77,172,-1,77,194,-1,0,0
퇵,U+D1F5,16,11,1,157,216,333,157,238,277,12,1
퇶,U+D1F6,16,11,2,157,216,334,157,238,278,18,1
퇷,U+D1F7,16,11,3,157,216,335,157,238,279,38,1
퇸,U+D1F8,16,11,4,157,216,336,157,238,280,19,1
퇹,U+D1F9,16,11,5,157,216,337,157,238,281,20,1
퇺,U+D1FA,16,11,6,157,216,338,157,238,282,22,1
퇻,U+D1FB,16,11,7,157,216,339,157,238,283,18,1
퇼,U+D1FC,16,11,8,157,216,340,157,238,284,18,1
퇽,U+D1FD,16,11,9,157,216,341,157,238,285,28,1
퇾,U+D1FE,16,11,10,157,216,342,157,238,286,26,1
퇿,U+D1FF,16,11,11,157,216,343,157,238,287,26,1
툀,U+D200,16,11,12,157,216,344,157,238,288,40,1
툁,U+D201,16,11,13,157,216,345,157,238,289,20,1
툂,U+D202,16,11,14,157,216,346,157,238,290,26,1
툃,U+D203,16,11,15,157,216,347,157,238,291,36,1
툄,U+D204,16,11,16,157,216,348,157,238,292,25,1
툅,U+D205,16,11,17,157,216,349,157,238,293,25,1
툆,U+D206,16,11,18,157,216,350,157,238,294,44,1
툇,U+D207,16,11,19,157,216,351,157,238,295,30,1
툈,U+D208,16,11,20,157,216,352,157,238,296,36,1
툉,U+D209,16,11,21,157,216,353,157,238,297,34,1
툊,U+D20A,16,11,22,157,216,354,157,238,298,33,1
툋,U+D20B,16,11,23,157,216,355,157,238,299,24,1
툌,U+D20C,16,11,24,157,216,356,157,238,300,14,1
툍,U+D20D,16,11,25,157,216,357,157,238,301,20,1
툎,U+D20E,16,11,26,157,216,358,157,238,302,32,1
툏,U+D20F,16,11,27,157,216,359,157,238,303,28,1
툐,U+D210,16,12,0,37,173,-1,37,195,-1,0,0
툑,U+D211,16,12,1,117,217,277,137,239,333,49,1
툒,U+D212,16,12,2,117,217,278,137,239,334,55,1
툓,U+D213,16,12,3,117,217,279,137,239,335,75,1
툔,U+D214,16,12,4,117,217,280,137,239,336,56,1
툕,U+D215,16,12,5,117,217,281,137,239,337,57,1
툖,U+D216,16,12,6,117,217,282,137,239,338,59,1
툗,U+D217,16,12,7,117,217,283,137,239,339,55,1
툘,U+D218,16,12,8,117,217,284,137,239,340,55,1
툙,U+D219,16,12,9,117,217,285,137,239,341,65,1
툚,U+D21A,16,12,10,117,217,286,137,239,342,63,1
툛,U+D21B,16,12,11,117,217,287,137,239,343,63,1
툜,U+D21C,16,12,12,117,217,288,137,239,344,77,1
툝,U+D21D,16,12,13,117,217,289,137,239,345,57,1
툞,U+D21E,16,12,14,117,217,290,137,239,346,63,1
툟,U+D21F,16,12,15,117,217,291,137,239,347,73,1
툠,U+D220,16,12,16,117,217,292,137,239,348,62,1
툡,U+D221,16,12,17,117,217,293,137,239,349,62,1
툢,U+D222,16,12,18,117,217,294,137,239,350,81,1
툣,U+D223,16,12,19,117,217,295,137,239,351,67,1
툤,U+D224,16,12,20,117,217,296,137,239,352,73,1
툥,U+D225,16,12,21,117,217,297,137,239,353,71,1
툦,U+D226,16,12,22,117,217,298,137,239,354,70,1
툧,U+D227,16,12,23,117,217,299,137,239,355,61,1
툨,U+D228,16,12,24,117,217,300,137,239,356,51,1
툩,U+D229,16,12,25,117,217,301,137,239,357,57,1
툪,U+D22A,16,12,26,117,217,302,137,239,358,69,1
툫,U+D22B,16,12,27,117,217,303,137,239,359,65,1
투,U+D22C,16,13,0,57,174,-1,57,196,-1,0,0
툭,U+D22D,16,13,1,137,218,305,137,240,333,19,1
툮,U+D22E,16,13,2,137,218,306,137,240,334,31,1
툯,U+D22F,16,13,3,137,218,307,137,240,335,37,1
툰,U+D230,16,13,4,137,218,308,137,240,336,23,1
툱,U+D231,16,13,5,137,218,309,137,240,337,39,1
툲,U+D232,16,13,6,137,218,310,137,240,338,33,1
툳,U+D233,16,13,7,137,218,311,137,240,339,22,1
툴,U+D234,16,13,8,137,218,312,137,240,340,23,1
툵,U+D235,16,13,9,137,218,313,137,240,341,35,1
툶,U+D236,16,13,10,137,218,314,137,240,342,26,1
툷,U+D237,16,13,11,137,218,315,137,240,343,26,1
툸,U+D238,16,13,12,137,218,316,137,240,344,40,1
툹,U+D239,16,13,13,137,218,317,137,240,345,20,1
툺,U+D23A,16,13,14,137,218,318,137,240,346,26,1
툻,U+D23B,16,13,15,137,218,319,137,240,347,36,1
툼,U+D23C,16,13,16,137,218,320,137,240,348,35,1
툽,U+D23D,16,13,17,137,218,321,137,240,349,34,1
툾,U+D23E,16,13,18,137,218,322,137,240,350,43,1
툿,U+D23F,16,13,19,137,218,323,137,240,351,29,1
퉀,U+D240,16,13,20,137,218,324,137,240,352,35,1
퉁,U+D241,16,13,21,137,218,325,137,240,353,37,1
퉂,U+D242,16,13,22,137,218,326,137,240,354,22,1
퉃,U+D243,16,13,23,137,218,327,137,240,355,25,1
퉄,U+D244,16,13,24,137,218,328,137,240,356,20,1
퉅,U+D245,16,13,25,137,218,329,137,240,357,23,1
퉆,U+D246,16,13,26,137,218,330,137,240,358,32,1
퉇,U+D247,16,13,27,137,218,331,137,240,359,31,1
퉈,U+D248,16,14,0,77,175,-1,97,197,-1,0,0
퉉,U+D249,16,14,1,157,219,333,157,241,277,12,1
퉊,U+D24A,16,14,2,157,219,334,157,241,278,18,1
퉋,U+D24B,16,14,3,157,219,335,157,241,279,38,1
퉌,U+D24C,16,14,4,157,219,336,157,241,280,19,1
퉍,U+D24D,16,14,5,157,219,337,157,241,281,20,1
퉎,U+D24E,16,14,6,157,219,338,157,241,282,22,1
퉏,U+D24F,16,14,7,157,219,339,157,241,283,18,1
퉐,U+D250,16,14,8,157,219,340,157,241,284,18,1
퉑,U+D251,16,14,9,157,219,341,157,241,285,28,1
퉒,U+D252,16,14,10,157,219,342,157,241,286,26,1
퉓,U+D253,16,14,11,157,219,343,157,241,287,26,1
퉔,U+D254,16,14,12,157,219,344,157,241,288,40,1
퉕,U+D255,16,14,13,157,219,345,157,241,289,20,1
퉖,U+D256,16,14,14,157,219,346,157,241,290,26,1
퉗,U+D257,16,14,15,157,219,347,157,241,291,36,1
퉘,U+D258,16,14,16,157,219,348,157,241,292,25,1
퉙,U+D259,16,14,17,157,219,349,157,241,293,25,1
퉚,U+D25A,16,14,18,157,219,350,157,241,294,44,1
퉛,U+D25B,16,14,19,157,219,351,157,241,295,30,1
퉜,U+D25C,16,14,20,157,219,352,157,241,296,36,1
퉝,U+D25D,16,14,21,157,219,353,157,241,297,34,1
퉞,U+D25E,16,14,22,157,219,354,157,241,298,33,1
퉟,U+D25F,16,14,23,157,219,355,157,241,299,24,1
퉠,U+D260,16,14,24,157,219,356,157,241,300,14,1
퉡,U+D261,16,14,25,157,219,357,157,241,301,20,1
퉢,U+D262,16,14,26,157,219,358,157,241,302,32,1
퉣,U+D263,16,14,27,157,219,359,157,241,303,28,1
퉤,U+D264,16,15,0,77,176,-1,97,198,-1,0,0
퉥,U+D265,16,15,1,157,220,333,157,242,305,19,1
퉦,U+D266,16,15,2,157,220,334,157,242,306,31,1
퉧,U+D267,16,15,3,157,220,335,157,242,307,37,1
퉨,U+D268,16,15,4,157,220,336,157,242,308,24,1
퉩,U+D269,16,15,5,157,220,337,157,242,309,40,1
퉪,U+D26A,16,15,6,157,220,338,157,242,310,33,1
퉫,U+D26B,16,15,7,157,220,339,157,242,311,22,1
퉬,U+D26C,16,15,8,157,220,340,157,242,312,23,1
퉭,U+D26D,16,15,9,157,220,341,157,242,313,35,1
퉮,U+D26E,16,15,10,157,220,342,157,242,314,26,1
퉯,U+D26F,16,15,11,157,220,343,157,242,315,26,1
퉰,U+D270,16,15,12,157,220,344,157,242,316,40,1
퉱,U+D271,16,15,13,157,220,345,157,242,317,20,1
퉲,U+D272,16,15,14,157,220,346,157,242,318,26,1
퉳,U+D273,16,15,15,157,220,347,157,242,319,36,1
퉴,U+D274,16,15,16,157,220,348,157,242,320,35,1
퉵,U+D275,16,15,17,157,220,349,157,242,321,35,1
퉶,U+D276,16,15,18,157,220,350,157,242,322,44,1
퉷,U+D277,16,15,19,157,220,351,157,242,323,30,1
퉸,U+D278,16,15,20,157,220,352,157,242,324,36,1
퉹,U+D279,16,15,21,157,220,353,157,242,325,38,1
퉺,U+D27A,16,15,22,157,220,354,157,242,326,22,1
퉻,U+D27B,16,15,23,157,220,355,157,242,327,26,1
퉼,U+D27C,16,15,24,157,220,356,157,242,328,20,1
퉽,U+D27D,16,15,25,157,220,357,157,242,329,23,1
퉾,U+D27E,16,15,26,157,220,358,157,242,330,32,1
퉿,U+D27F,16,15,27,157,220,359,157,242,331,32,1
튀,U+D280,16,16,0,77,177,-1,97,199,-1,0,0
튁,U+D281,16,16,1,157,221,333,157,243,277,12,1
튂,U+D282,16,16,2,157,221,334,157,243,278,18,1
튃,U+D283,16,16,3,157,221,335,157,243,279,38,1
튄,U+D284,16,16,4,157,221,336,157,243,280,19,1
튅,U+D285,16,16,5,157,221,337,157,243,281,20,1
튆,U+D286,16,16,6,157,221,338,157,243,282,22,1
튇,U+D287,16,16,7,157,221,339,157,243,283,18,1
튈,U+D288,16,16,8,157,221,340,157,243,284,18,1
튉,U+D289,16,16,9,157,221,341,157,243,285,28,1
튊,U+D28A,16,16,10,157,221,342,157,243,286,26,1
튋,U+D28B,16,16,11,157,221,343,157,243,287,26,1
튌,U+D28C,16,16,12,157,221,344,157,243,288,40,1
튍,U+D28D,16,16,13,157,221,345,157,243,289,20,1
튎,U+D28E,16,16,14,157,221,346,157,243,290,26,1
튏,U+D28F,16,16,15,157,221,347,157,243,291,36,1
튐,U+D290,16,16,16,157,221,348,157,243,292,25,1
튑,U+D291,16,16,17,157,221,349,157,243,293,25,1
튒,U+D292,16,16,18,157,221,350,157,243,294,44,1
튓,U+D293,16,16,19,157,221,351,157,243,295,30,1
튔,U+D294,16,16,20,157,221,352,157,243,296,36,1
튕,U+D295,16,16,21,157,221,353,157,243,297,34,1
튖,U+D296,16,16,22,157,221,354,157,243,298,33,1
튗,U+D297,16,16,23,157,221,355,157,243,299,24,1
튘,U+D298,16,16,24,157,221,356,157,243,300,14,1
튙,U+D299,16,16,25,157,221,357,157,243,301,20,1
튚,U+D29A,16,16,26,157,221,358,157,243,302,32,1
튛,U+D29B,16,16,27,157,221,359,157,243,303,28,1
튜,U+D29C,16,17,0,57,178,-1,57,200,-1,0,0
튝,U+D29D,16,17,1,137,222,305,137,244,333,18,1
튞,U+D29E,16,17,2,137,222,306,137,244,334,31,1
튟,U+D29F,16,17,3,137,222,307,137,244,335,36,1
튠,U+D2A0,16,17,4,137,222,308,137,244,336,23,1
튡,U+D2A1,16,17,5,137,222,309,137,244,337,39,1
튢,U+D2A2,16,17,6,137,222,310,137,244,338,33,1
튣,U+D2A3,16,17,7,137,222,311,137,244,339,21,1
튤,U+D2A4,16,17,8,137,222,312,137,244,340,22,1
튥,U+D2A5,16,17,9,137,222,313,137,244,341,35,1
튦,U+D2A6,16,17,10,137,222,314,137,244,342,25,1
튧,U+D2A7,16,17,11,137,222,315,137,244,343,25,1
튨,U+D2A8,16,17,12,137,222,316,137,244,344,39,1
튩,U+D2A9,16,17,13,137,222,317,137,244,345,19,1
튪,U+D2AA,16,17,14,137,222,318,137,244,346,25,1
튫,U+D2AB,16,17,15,137,222,319,137,244,347,35,1
튬,U+D2AC,16,17,16,137,222,320,137,244,348,34,1
튭,U+D2AD,16,17,17,137,222,321,137,244,349,34,1
튮,U+D2AE,16,17,18,137,222,322,137,244,350,42,1
튯,U+D2AF,16,17,19,137,222,323,137,244,351,29,1
튰,U+D2B0,16,17,20,137,222,324,137,244,352,36,1
튱,U+D2B1,16,17,21,137,222,325,137,244,353,37,1
튲,U+D2B2,16,17,22,137,222,326,137,244,354,22,1
튳,U+D2B3,16,17,23,137,222,327,137,244,355,25,1
튴,U+D2B4,16,17,24,137,222,328,137,244,356,19,1
튵,U+D2B5,16,17,25,137,222,329,137,244,357,22,1
튶,U+D2B6,16,17,26,137,222,330,137,244,358,32,1
튷,U+D2B7,16,17,27,137,222,331,137,244,359,32,1
트,U+D2B8,16,18,0,37,179,-1,37,201,-1,0,0
특,U+D2B9,16,18,1,117,223,277,137,245,333,51,1
튺,U+D2BA,16,18,2,117,223,278,137,245,334,57,1
튻,U+D2BB,16,18,3,117,223,279,137,245,335,77,1
튼,U+D2BC,16,18,4,117,223,280,137,245,336,58,1
튽,U+D2BD,16,18,5,117,223,281,137,245,337,59,1
튾,U+D2BE,16,18,6,117,223,282,137,245,338,61,1
튿,U+D2BF,16,18,7,117,223,283,137,245,339,57,1
틀,U+D2C0,16,18,8,117,223,284,137,245,340,57,1
틁,U+D2C1,16,18,9,117,223,285,137,245,341,67,1
틂,U+D2C2,16,18,10,117,223,286,137,245,342,65,1
틃,U+D2C3,16,18,11,117,223,287,137,245,343,65,1
틄,U+D2C4,16,18,12,117,223,288,137,245,344,79,1
틅,U+D2C5,16,18,13,117,223,289,137,245,345,59,1
틆,U+D2C6,16,18,14,117,223,290,137,245,346,65,1
틇,U+D2C7,16,18,15,117,223,291,137,245,347,75,1
틈,U+D2C8,16,18,16,117,223,292,137,245,348,64,1
틉,U+D2C9,16,18,17,117,223,293,137,245,349,64,1
틊,U+D2CA,16,18,18,117,223,294,137,245,350,83,1
틋,U+D2CB,16,18,19,117,223,295,137,245,351,69,1
틌,U+D2CC,16,18,20,117,223,296,137,245,352,75,1
틍,U+D2CD,16,18,21,117,223,297,137,245,353,73,1
틎,U+D2CE,16,18,22,117,223,298,137,245,354,72,1
틏,U+D2CF,16,18,23,117,223,299,137,245,355,63,1
틐,U+D2D0,16,18,24,117,223,300,137,245,356,53,1
틑,U+D2D1,16,18,25,117,223,301,137,245,357,59,1
틒,U+D2D2,16,18,26,117,223,302,137,245,358,71,1
틓,U+D2D3,16,18,27,117,223,303,137,245,359,67,1
틔,U+D2D4,16,19,0,77,180,-1,77,202,-1,0,0
틕,U+D2D5,16,19,1,157,224,333,157,246,277,12,1
틖,U+D2D6,16,19,2,157,224,334,157,246,278,18,1
틗,U+D2D7,16,19,3,157,224,335,157,246,279,38,1
틘,U+D2D8,16,19,4,157,224,336,157,246,280,19,1
틙,U+D2D9,16,19,5,157,224,337,157,246,281,20,1
틚,U+D2DA,16,19,6,157,224,338,157,246,282,22,1
틛,U+D2DB,16,19,7,157,224,339,157,246,283,18,1
틜,U+D2DC,16,19,8,157,224,340,157,246,284,18,1
틝,U+D2DD,16,19,9,157,224,341,157,246,285,28,1
틞,U+D2DE,16,19,10,157,224,342,157,246,286,26,1
틟,U+D2DF,16,19,11,157,224,343,157,246,287,26,1
틠,U+D2E0,16,19,12,157,224,344,157,246,288,40,1
틡,U+D2E1,16,19,13,157,224,345,157,246,289,20,1
틢,U+D2E2,16,19,14,157,224,346,157,246,290,26,1
틣,U+D2E3,16,19,15,157,224,347,157,246,291,36,1
틤,U+D2E4,16,19,16,157,224,348,157,246,292,25,1
틥,U+D2E5,16,19,17,157,224,349,157,246,293,25,1
틦,U+D2E6,16,19,18,157,224,350,157,246,294,44,1
틧,U+D2E7,16,19,19,157,224,351,157,246,295,30,1
틨,U+D2E8,16,19,20,157,224,352,157,246,296,36,1
틩,U+D2E9,16,19,21,157,224,353,157,246,297,34,1
틪,U+D2EA,16,19,22,157,224,354,157,246,298,33,1
틫,U+D2EB,16,19,23,157,224,355,157,246,299,24,1
틬,U+D2EC,16,19,24,157,224,356,157,246,300,14,1
틭,U+D2ED,16,19,25,157,224,357,157,246,301,20,1
틮,U+D2EE,16,19,26,157,224,358,157,246,302,32,1
틯,U+D2EF,16,19,27,157,224,359,157,246,303,28,1
티,U+D2F0,16,20,0,17,181,-1,17,203,-1,0,0
틱,U+D2F1,16,20,1,97,225,249,117,247,277,15,1
틲,U+D2F2,16,20,2,97,225,250,117,247,278,15,1
틳,U+D2F3,16,20,3,97,225,251,117,247,279,15,1
틴,U+D2F4,16,20,4,97,225,252,117,247,280,15,1
틵,U+D2F5,16,20,5,97,225,253,117,247,281,15,1
틶,U+D2F6,16,20,6,97,225,254,117,247,282,15,1
틷,U+D2F7,16,20,7,97,225,255,117,247,283,15,1
틸,U+D2F8,16,20,8,97,225,256,117,247,284,15,1
틹,U+D2F9,16,20,9,97,225,257,117,247,285,15,1
틺,U+D2FA,16,20,10,97,225,258,117,247,286,15,1
틻,U+D2FB,16,20,11,97,225,259,117,247,287,15,1
틼,U+D2FC,16,20,12,97,225,260,117,247,288,15,1
틽,U+D2FD,16,20,13,97,225,261,117,247,289,15,1
틾,U+D2FE,16,20,14,97,225,262,117,247,290,15,1
틿,U+D2FF,16,20,15,97,225,263,117,247,291,15,1
팀,U+D300,16,20,16,97,225,264,117,247,292,15,1
팁,U+D301,16,20,17,97,225,265,117,247,293,15,1
팂,U+D302,16,20,18,97,225,266,117,247,294,15,1
팃,U+D303,16,20,19,97,225,267,117,247,295,15,1
팄,U+D304,16,20,20,97,225,268,117,247,296,15,1
팅,U+D305,16,20,21,97,225,269,117,247,297,15,1
팆,U+D306,16,20,22,97,225,270,117,247,298,15,1
팇,U+D307,16,20,23,97,225,271,117,247,299,15,1
팈,U+D308,16,20,24,97,225,272,117,247,300,15,1
팉,U+D309,16,20,25,97,225,273,117,247,301,15,1
팊,U+D30A,16,20,26,97,225,274,117,247,302,15,1
팋,U+D30B,16,20,27,97,225,275,117,247,303,15,1
파,U+D30C,17,0,0,18,161,-1,18,183,-1,0,0
팍,U+D30D,17,0,1,98,205,249,118,227,249,32,1
팎,U+D30E,17,0,2,98,205,250,118,227,250,32,1
팏,U+D30F,17,0,3,98,205,251,118,227,251,32,1
판,U+D310,17,0,4,98,205,252,118,227,252,32,1
팑,U+D311,17,0,5,98,205,253,118,227,253,32,1
팒,U+D312,17,0,6,98,205,254,118,227,254,32,1
팓,U+D313,17,0,7,98,205,255,118,227,255,32,1
팔,U+D314,17,0,8,98,205,256,118,227,256,32,1
팕,U+D315,17,0,9,98,205,257,118,227,257,32,1
팖,U+D316,17,0,10,98,205,258,118,227,258,32,1
팗,U+D317,17,0,11,98,205,259,118,227,259,32,1
팘,U+D318,17,0,12,98,205,260,118,227,260,32,1
팙,U+D319,17,0,13,98,205,261,118,227,261,32,1
팚,U+D31A,17,0,14,98,205,262,118,227,262,32,1
팛,U+D31B,17,0,15,98,205,263,118,227,263,32,1
팜,U+D31C,17,0,16,98,205,264,118,227,264,32,1
팝,U+D31D,17,0,17,98,205,265,118,227,265,32,1
팞,U+D31E,17,0,18,98,205,266,118,227,266,32,1
팟,U+D31F,17,0,19,98,205,267,118,227,267,32,1
팠,U+D320,17,0,20,98,205,268,118,227,268,32,1
팡,U+D321,17,0,21,98,205,269,118,227,269,32,1
팢,U+D322,17,0,22,98,205,270,118,227,270,32,1
팣,U+D323,17,0,23,98,205,271,118,227,271,32,1
팤,U+D324,17,0,24,98,205,272,118,227,272,32,1
팥,U+D325,17,0,25,98,205,273,118,227,273,32,1
팦,U+D326,17,0,26,98,205,274,118,227,274,32,1
팧,U+D327,17,0,27,98,205,275,118,227,275,32,1
패,U+D328,17,1,0,18,162,-1,18,184,-1,0,0
팩,U+D329,17,1,1,98,206,249,118,228,305,40,1
팪,U+D32A,17,1,2,98,206,250,118,228,306,48,1
팫,U+D32B,17,1,3,98,206,251,118,228,307,32,1
팬,U+D32C,17,1,4,98,206,252,118,228,308,42,1
팭,U+D32D,17,1,5,98,206,253,118,228,309,51,1
팮,U+D32E,17,1,6,98,206,254,118,228,310,44,1
팯,U+D32F,17,1,7,98,206,255,118,228,311,41,1
팰,U+D330,17,1,8,98,206,256,118,228,312,36,1
팱,U+D331,17,1,9,98,206,257,118,228,313,40,1
팲,U+D332,17,1,10,98,206,258,118,228,314,31,1
팳,U+D333,17,1,11,98,206,259,118,228,315,31,1
팴,U+D334,17,1,12,98,206,260,118,228,316,31,1
팵,U+D335,17,1,13,98,206,261,118,228,317,31,1
팶,U+D336,17,1,14,98,206,262,118,228,318,31,1
팷,U+D337,17,1,15,98,206,263,118,228,319,31,1
팸,U+D338,17,1,16,98,206,264,118,228,320,47,1
팹,U+D339,17,1,17,98,206,265,118,228,321,47,1
팺,U+D33A,17,1,18,98,206,266,118,228,322,31,1
팻,U+D33B,17,1,19,98,206,267,118,228,323,31,1
팼,U+D33C,17,1,20,98,206,268,118,228,324,31,1
팽,U+D33D,17,1,21,98,206,269,118,228,325,47,1
팾,U+D33E,17,1,22,98,206,270,118,228,326,50,1
팿,U+D33F,17,1,23,98,206,271,118,228,327,37,1
퍀,U+D340,17,1,24,98,206,272,118,228,328,39,1
퍁,U+D341,17,1,25,98,206,273,118,228,329,34,1
퍂,U+D342,17,1,26,98,206,274,118,228,330,35,1
퍃,U+D343,17,1,27,98,206,275,118,228,331,37,1
퍄,U+D344,17,2,0,18,163,-1,18,185,-1,0,0
퍅,U+D345,17,2,1,98,207,249,118,229,249,32,1
퍆,U+D346,17,2,2,98,207,250,118,229,250,32,1
퍇,U+D347,17,2,3,98,207,251,118,229,251,32,1
퍈,U+D348,17,2,4,98,207,252,118,229,252,32,1
퍉,U+D349,17,2,5,98,207,253,118,229,253,32,1
퍊,U+D34A,17,2,6,98,207,254,118,229,254,32,1
퍋,U+D34B,17,2,7,98,207,255,118,229,255,32,1
퍌,U+D34C,17,2,8,98,207,256,118,229,256,32,1
퍍,U+D34D,17,2,9,98,207,257,118,229,257,32,1
퍎,U+D34E,17,2,10,98,207,258,118,229,258,32,1
퍏,U+D34F,17,2,11,98,207,259,118,229,259,32,1
퍐,U+D350,17,2,12,98,207,260,118,229,260,32,1
퍑,U+D351,17,2,13,98,207,261,118,229,261,32,1
퍒,U+D352,17,2,14,98,207,262,118,229,262,32,1
퍓,U+D353,17,2,15,98,207,263,118,229,263,32,1
퍔,U+D354,17,2,16,98,207,264,118,229,264,32,1
퍕,U+D355,17,2,17,98,207,265,118,229,265,32,1
퍖,U+D356,17,2,18,98,207,266,118,229,266,32,1
퍗,U+D357,17,2,19,98,207,267,118,229,267,32,1
퍘,U+D358,17,2,20,98,207,268,118,229,268,32,1
퍙,U+D359,17,2,21,98,207,269,118,229,269,32,1
퍚,U+D35A,17,2,22,98,207,270,118,229,270,32,1
퍛,U+D35B,17,2,23,98,207,271,118,229,271,32,1
퍜,U+D35C,17,2,24,98,207,272,118,229,272,32,1
퍝,U+D35D,17,2,25,98,207,273,118,229,273,32,1
퍞,U+D35E,17,2,26,98,207,274,118,229,274,32,1
퍟,U+D35F,17,2,27,98,207,275,118,229,275,32,1
퍠,U+D360,17,3,0,18,164,-1,18,186,-1,0,0
퍡,U+D361,17,3,1,98,208,249,118,230,305,40,1
퍢,U+D362,17,3,2,98,208,250,118,230,306,48,1
퍣,U+D363,17,3,3,98,208,251,118,230,307,32,1
퍤,U+D364,17,3,4,98,208,252,118,230,308,42,1
퍥,U+D365,17,3,5,98,208,253,118,230,309,51,1
퍦,U+D366,17,3,6,98,208,254,118,230,310,44,1
퍧,U+D367,17,3,7,98,208,255,118,230,311,41,1
퍨,U+D368,17,3,8,98,208,256,118,230,312,36,1
퍩,U+D369,17,3,9,98,208,257,118,230,313,40,1
퍪,U+D36A,17,3,10,98,208,258,118,230,314,31,1
퍫,U+D36B,17,3,11,98,208,259,118,230,315,31,1
퍬,U+D36C,17,3,12,98,208,260,118,230,316,31,1
퍭,U+D36D,17,3,13,98,208,261,118,230,317,31,1
퍮,U+D36E,17,3,14,98,208,262,118,230,318,31,1
퍯,U+D36F,17,3,15,98,208,263,118,230,319,31,1
퍰,U+D370,17,3,16,98,208,264,118,230,320,47,1
퍱,U+D371,17,3,17,98,208,265,118,230,321,47,1
퍲,U+D372,17,3,18,98,208,266,118,230,322,31,1
퍳,U+D373,17,3,19,98,208,267,118,230,323,31,1
퍴,U+D374,17,3,20,98,208,268,118,230,324,31,1
퍵,U+D375,17,3,21,98,208,269,118,230,325,47,1
퍶,U+D376,17,3,22,98,208,270,118,230,326,50,1
퍷,U+D377,17,3,23,98,208,271,118,230,327,37,1
퍸,U+D378,17,3,24,98,208,272,118,230,328,39,1
퍹,U+D379,17,3,25,98,208,273,118,230,329,34,1
퍺,U+D37A,17,3,26,98,208,274,118,230,330,35,1
퍻,U+D37B,17,3,27,98,208,275,118,230,331,37,1
퍼,U+D37C,17,4,0,18,165,-1,18,187,-1,0,0
퍽,U+D37D,17,4,1,98,209,249,118,231,277,32,1
퍾,U+D37E,17,4,2,98,209,250,118,231,278,32,1
퍿,U+D37F,17,4,3,98,209,251,118,231,279,32,1
펀,U+D380,17,4,4,98,209,252,118,231,280,32,1
펁,U+D381,17,4,5,98,209,253,118,231,281,32,1
펂,U+D382,17,4,6,98,209,254,118,231,282,32,1
펃,U+D383,17,4,7,98,209,255,118,231,283,32,1
펄,U+D384,17,4,8,98,209,256,118,231,284,32,1
펅,U+D385,17,4,9,98,209,257,118,231,285,32,1
펆,U+D386,17,4,10,98,209,258,118,231,286,32,1
펇,U+D387,17,4,11,98,209,259,118,231,287,32,1
펈,U+D388,17,4,12,98,209,260,118,231,288,32,1
펉,U+D389,17,4,13,98,209,261,118,231,289,32,1
펊,U+D38A,17,4,14,98,209,262,118,231,290,32,1
펋,U+D38B,17,4,15,98,209,263,118,231,291,32,1
펌,U+D38C,17,4,16,98,209,264,118,231,292,32,1
펍,U+D38D,17,4,17,98,209,265,118,231,293,32,1
펎,U+D38E,17,4,18,98,209,266,118,231,294,32,1
펏,U+D38F,17,4,19,98,209,267,118,231,295,32,1
펐,U+D390,17,4,20,98,209,268,118,231,296,32,1
펑,U+D391,17,4,21,98,209,269,118,231,297,32,1
펒,U+D392,17,4,22,98,209,270,118,231,298,32,1
펓,U+D393,17,4,23,98,209,271,118,231,299,32,1
펔,U+D394,17,4,24,98,209,272,118,231,300,32,1
펕,U+D395,17,4,25,98,209,273,118,231,301,32,1
펖,U+D396,17,4,26,98,209,274,118,231,302,32,1
펗,U+D397,17,4,27,98,209,275,118,231,303,32,1
페,U+D398,17,5,0,18,166,-1,18,188,-1,0,0
펙,U+D399,17,5,1,98,210,249,118,232,305,38,1
펚,U+D39A,17,5,2,98,210,250,118,232,306,46,1
펛,U+D39B,17,5,3,98,210,251,118,232,307,30,1
펜,U+D39C,17,5,4,98,210,252,118,232,308,40,1
펝,U+D39D,17,5,5,98,210,253,118,232,309,49,1
펞,U+D39E,17,5,6,98,210,254,118,232,310,42,1
펟,U+D39F,17,5,7,98,210,255,118,232,311,39,1
펠,U+D3A0,17,5,8,98,210,256,118,232,312,34,1
펡,U+D3A1,17,5,9,98,210,257,118,232,313,38,1
펢,U+D3A2,17,5,10,98,210,258,118,232,314,29,1
펣,U+D3A3,17,5,11,98,210,259,118,232,315,29,1
펤,U+D3A4,17,5,12,98,210,260,118,232,316,29,1
펥,U+D3A5,17,5,13,98,210,261,118,232,317,29,1
펦,U+D3A6,17,5,14,98,210,262,118,232,318,29,1
펧,U+D3A7,17,5,15,98,210,263,118,232,319,29,1
펨,U+D3A8,17,5,16,98,210,264,118,232,320,45,1
펩,U+D3A9,17,5,17,98,210,265,118,232,321,45,1
펪,U+D3AA,17,5,18,98,210,266,118,232,322,29,1
펫,U+D3AB,17,5,19,98,210,267,118,232,323,29,1
펬,U+D3AC,17,5,20,98,210,268,118,232,324,29,1
펭,U+D3AD,17,5,21,98,210,269,118,232,325,45,1
펮,U+D3AE,17,5,22,98,210,270,118,232,326,48,1
펯,U+D3AF,17,5,23,98,210,271,118,232,327,35,1
펰,U+D3B0,17,5,24,98,210,272,118,232,328,37,1
펱,U+D3B1,17,5,25,98,210,273,118,232,329,32,1
펲,U+D3B2,17,5,26,98,210,274,118,232,330,33,1
펳,U+D3B3,17,5,27,98,210,275,118,232,331,35,1
펴,U+D3B4,17,6,0,18,167,-1,18,189,-1,0,0
펵,U+D3B5,17,6,1,98,211,249,118,233,277,31,1
펶,U+D3B6,17,6,2,98,211,250,118,233,278,31,1
펷,U+D3B7,17,6,3,98,211,251,118,233,279,31,1
편,U+D3B8,17,6,4,98,211,252,118,233,280,31,1
펹,U+D3B9,17,6,5,98,211,253,118,233,281,31,1
펺,U+D3BA,17,6,6,98,211,254,118,233,282,31,1
펻,U+D3BB,17,6,7,98,211,255,118,233,283,31,1
펼,U+D3BC,17,6,8,98,211,256,118,233,284,31,1
펽,U+D3BD,17,6,9,98,211,257,118,233,285,31,1
펾,U+D3BE,17,6,10,98,211,258,118,233,286,31,1
펿,U+D3BF,17,6,11,98,211,259,118,233,287,31,1
폀,U+D3C0,17,6,12,98,211,260,118,233,288,31,1
폁,U+D3C1,17,6,13,98,211,261,118,233,289,31,1
폂,U+D3C2,17,6,14,98,211,262,118,233,290,31,1
폃,U+D3C3,17,6,15,98,211,263,118,233,291,31,1
폄,U+D3C4,17,6,16,98,211,264,118,233,292,31,1
폅,U+D3C5,17,6,17,98,211,265,118,233,293,31,1
폆,U+D3C6,17,6,18,98,211,266,118,233,294,31,1
폇,U+D3C7,17,6,19,98,211,267,118,233,295,31,1
폈,U+D3C8,17,6,20,98,211,268,118,233,296,31,1
평,U+D3C9,17,6,21,98,211,269,118,233,297,31,1
폊,U+D3CA,17,6,22,98,211,270,118,233,298,31,1
폋,U+D3CB,17,6,23,98,211,271,118,233,299,31,1
폌,U+D3CC,17,6,24,98,211,272,118,233,300,31,1
폍,U+D3CD,17,6,25,98,211,273,118,233,301,31,1
폎,U+D3CE,17,6,26,98,211,274,118,233,302,31,1
폏,U+D3CF,17,6,27,98,211,275,118,233,303,31,1
폐,U+D3D0,17,7,0,18,168,-1,18,190,-1,0,0
폑,U+D3D1,17,7,1,98,212,249,118,234,305,37,1
폒,U+D3D2,17,7,2,98,212,250,118,234,306,45,1
폓,U+D3D3,17,7,3,98,212,251,118,234,307,29,1
폔,U+D3D4,17,7,4,98,212,252,118,234,308,39,1
폕,U+D3D5,17,7,5,98,212,253,118,234,309,48,1
폖,U+D3D6,17,7,6,98,212,254,118,234,310,41,1
폗,U+D3D7,17,7,7,98,212,255,118,234,311,38,1
폘,U+D3D8,17,7,8,98,212,256,118,234,312,33,1
폙,U+D3D9,17,7,9,98,212,257,118,234,313,37,1
폚,U+D3DA,17,7,10,98,212,258,118,234,314,28,1
폛,U+D3DB,17,7,11,98,212,259,118,234,315,28,1
폜,U+D3DC,17,7,12,98,212,260,118,234,316,28,1
폝,U+D3DD,17,7,13,98,212,261,118,234,317,28,1
폞,U+D3DE,17,7,14,98,212,262,118,234,318,28,1
폟,U+D3DF,17,7,15,98,212,263,118,234,319,28,1
폠,U+D3E0,17,7,16,98,212,264,118,234,320,44,1
폡,U+D3E1,17,7,17,98,212,265,118,234,321,44,1
폢,U+D3E2,17,7,18,98,212,266,118,234,322,28,1
폣,U+D3E3,17,7,19,98,212,267,118,234,323,28,1
폤,U+D3E4,17,7,20,98,212,268,118,234,324,28,1
폥,U+D3E5,17,7,21,98,212,269,118,234,325,44,1
폦,U+D3E6,17,7,22,98,212,270,118,234,326,47,1
폧,U+D3E7,17,7,23,98,212,271,118,234,327,34,1
폨,U+D3E8,17,7,24,98,212,272,118,234,328,36,1
폩,U+D3E9,17,7,25,98,212,273,118,234,329,31,1
폪,U+D3EA,17,7,26,98,212,274,118,234,330,32,1
폫,U+D3EB,17,7,27,98,212,275,118,234,331,34,1
포,U+D3EC,17,8,0,38,169,-1,38,191,-1,0,0
폭,U+D3ED,17,8,1,118,213,277,138,235,333,43,1
폮,U+D3EE,17,8,2,118,213,278,138,235,334,49,1
폯,U+D3EF,17,8,3,118,213,279,138,235,335,69,1
폰,U+D3F0,17,8,4,118,213,280,138,235,336,50,1
폱,U+D3F1,17,8,5,118,213,281,138,235,337,51,1
폲,U+D3F2,17,8,6,118,213,282,138,235,338,53,1
폳,U+D3F3,17,8,7,118,213,283,138,235,339,49,1
폴,U+D3F4,17,8,8,118,213,284,138,235,340,49,1
폵,U+D3F5,17,8,9,118,213,285,138,235,341,59,1
폶,U+D3F6,17,8,10,118,213,286,138,235,342,57,1
폷,U+D3F7,17,8,11,118,213,287,138,235,343,57,1
폸,U+D3F8,17,8,12,118,213,288,138,235,344,71,1
폹,U+D3F9,17,8,13,118,213,289,138,235,345,51,1
폺,U+D3FA,17,8,14,118,213,290,138,235,346,57,1
폻,U+D3FB,17,8,15,118,213,291,138,235,347,67,1
폼,U+D3FC,17,8,16,118,213,292,138,235,348,56,1
폽,U+D3FD,17,8,17,118,213,293,138,235,349,56,1
폾,U+D3FE,17,8,18,118,213,294,138,235,350,75,1
폿,U+D3FF,17,8,19,118,213,295,138,235,351,61,1
퐀,U+D400,17,8,20,118,213,296,138,235,352,67,1
퐁,U+D401,17,8,21,118,213,297,138,235,353,65,1
퐂,U+D402,17,8,22,118,213,298,138,235,354,64,1
퐃,U+D403,17,8,23,118,213,299,138,235,355,55,1
퐄,U+D404,17,8,24,118,213,300,138,235,356,45,1
퐅,U+D405,17,8,25,118,213,301,138,235,357,51,1
퐆,U+D406,17,8,26,118,213,302,138,235,358,63,1
퐇,U+D407,17,8,27,118,213,303,138,235,359,59,1
퐈,U+D408,17,9,0,78,170,-1,78,192,-1,0,0
퐉,U+D409,17,9,1,158,214,333,158,236,249,12,1
퐊,U+D40A,17,9,2,158,214,334,158,236,250,18,1
퐋,U+D40B,17,9,3,158,214,335,158,236,251,38,1
퐌,U+D40C,17,9,4,158,214,336,158,236,252,19,1
퐍,U+D40D,17,9,5,158,214,337,158,236,253,20,1
퐎,U+D40E,17,9,6,158,214,338,158,236,254,22,1
퐏,U+D40F,17,9,7,158,214,339,158,236,255,18,1
퐐,U+D410,17,9,8,158,214,340,158,236,256,18,1
퐑,U+D411,17,9,9,158,214,341,158,236,257,28,1
퐒,U+D412,17,9,10,158,214,342,158,236,258,26,1
퐓,U+D413,17,9,11,158,214,343,158,236,259,26,1
퐔,U+D414,17,9,12,158,214,344,158,236,260,40,1
퐕,U+D415,17,9,13,158,214,345,158,236,261,20,1
퐖,U+D416,17,9,14,158,214,346,158,236,262,26,1
퐗,U+D417,17,9,15,158,214,347,158,236,263,36,1
퐘,U+D418,17,9,16,158,214,348,158,236,264,25,1
퐙,U+D419,17,9,17,158,214,349,158,236,265,25,1
퐚,U+D41A,17,9,18,158,214,350,158,236,266,44,1
퐛,U+D41B,17,9,19,158,214,351,158,236,267,30,1
퐜,U+D41C,17,9,20,158,214,352,158,236,268,36,1
퐝,U+D41D,17,9,21,158,214,353,158,236,269,34,1
퐞,U+D41E,17,9,22,158,214,354,158,236,270,33,1
퐟,U+D41F,17,9,23,158,214,355,158,236,271,24,1
퐠,U+D420,17,9,24,158,214,356,158,236,272,14,1
퐡,U+D421,17,9,25,158,214,357,158,236,273,20,1
퐢,U+D422,17,9,26,158,214,358,158,236,274,32,1
퐣,U+D423,17,9,27,158,214,359,158,236,275,28,1
퐤,U+D424,17,10,0,78,171,-1,78,193,-1,0,0
퐥,U+D425,17,10,1,158,215,333,158,237,305,19,1
퐦,U+D426,17,10,2,158,215,334,158,237,306,31,1
퐧,U+D427,17,10,3,158,215,335,158,237,307,37,1
퐨,U+D428,17,10,4,158,215,336,158,237,308,24,1
퐩,U+D429,17,10,5,158,215,337,158,237,309,40,1
퐪,U+D42A,17,10,6,158,215,338,158,237,310,33,1
퐫,U+D42B,17,10,7,158,215,339,158,237,311,22,1
퐬,U+D42C,17,10,8,158,215,340,158,237,312,23,1
퐭,U+D42D,17,10,9,158,215,341,158,237,313,35,1
퐮,U+D42E,17,10,10,158,215,342,158,237,314,26,1
퐯,U+D42F,17,10,11,158,215,343,158,237,315,26,1
퐰,U+D430,17,10,12,158,215,344,158,237,316,40,1
퐱,U+D431,17,10,13,158,215,345,158,237,317,20,1
퐲,U+D432,17,10,14,158,215,346,158,237,318,26,1
퐳,U+D433,17,10,15,158,215,347,158,237,319,36,1
퐴,U+D434,17,10,16,158,215,348,158,237,320,35,1
퐵,U+D435,17,10,17,158,215,349,158,237,321,35,1
퐶,U+D436,17,10,18,158,215,350,158,237,322,44,1
퐷,U+D437,17,10,19,158,215,351,158,237,323,30,1
퐸,U+D438,17,10,20,158,215,352,158,237,324,36,1
퐹,U+D439,17,10,21,158,215,353,158,237,325,38,1
퐺,U+D43A,17,10,22,158,215,354,158,237,326,22,1
퐻,U+D43B,17,10,23,158,215,355,158,237,327,26,1
퐼,U+D43C,17,10,24,158,215,356,158,237,328,20,1
퐽,U+D43D,17,10,25,158,215,357,158,237,329,23,1
퐾,U+D43E,17,10,26,158,215,358,158,237,330,32,1
퐿,U+D43F,17,10,27,158,215,359,158,237,331,32,1
푀,U+D440,17,11,0,78,172,-1,78,194,-1,0,0
푁,U+D441,17,11,1,158,216,333,158,238,277,12,1
푂,U+D442,17,11,2,158,216,334,158,238,278,18,1
푃,U+D443,17,11,3,158,216,335,158,238,279,38,1
푄,U+D444,17,11,4,158,216,336,158,238,280,19,1
푅,U+D445,17,11,5,158,216,337,158,238,281,20,1
푆,U+D446,17,11,6,158,216,338,158,238,282,22,1
푇,U+D447,17,11,7,158,216,339,158,238,283,18,1
푈,U+D448,17,11,8,158,216,340,158,238,284,18,1
푉,U+D449,17,11,9,158,216,341,158,238,285,28,1
푊,U+D44A,17,11,10,158,216,342,158,238,286,26,1
푋,U+D44B,17,11,11,158,216,343,158,238,287,26,1
푌,U+D44C,17,11,12,158,216,344,158,238,288,40,1
푍,U+D44D,17,11,13,158,216,345,158,238,289,20,1
푎,U+D44E,17,11,14,158,216,346,158,238,290,26,1
푏,U+D44F,17,11,15,158,216,347,158,238,291,36,1
푐,U+D450,17,11,16,158,216,348,158,238,292,25,1
푑,U+D451,17,11,17,158,216,349,158,238,293,25,1
푒,U+D452,17,11,18,158,216,350,158,238,294,44,1
푓,U+D453,17,11,19,158,216,351,158,238,295,30,1
푔,U+D454,17,11,20,158,216,352,158,238,296,36,1
푕,U+D455,17,11,21,158,216,353,158,238,297,34,1
푖,U+D456,17,11,22,158,216,354,158,238,298,33,1
푗,U+D457,17,11,23,158,216,355,158,238,299,24,1
푘,U+D458,17,11,24,158,216,356,158,238,300,14,1
푙,U+D459,17,11,25,158,216,357,158,238,301,20,1
푚,U+D45A,17,11,26,158,216,358,158,238,302,32,1
푛,U+D45B,17,11,27,158,216,359,158,238,303,28,1
표,U+D45C,17,12,0,38,173,-1,38,195,-1,0,0
푝,U+D45D,17,12,1,118,217,277,138,239,333,44,1
푞,U+D45E,17,12,2,118,217,278,138,239,334,50,1
푟,U+D45F,17,12,3,118,217,279,138,239,335,70,1
푠,U+D460,17,12,4,118,217,280,138,239,336,51,1
푡,U+D461,17,12,5,118,217,281,138,239,337,52,1
푢,U+D462,17,12,6,118,217,282,138,239,338,54,1
푣,U+D463,17,12,7,118,217,283,138,239,339,50,1
푤,U+D464,17,12,8,118,217,284,138,239,340,50,1
푥,U+D465,17,12,9,118,217,285,138,239,341,60,1
푦,U+D466,17,12,10,118,217,286,138,239,342,58,1
푧,U+D467,17,12,11,118,217,287,138,239,343,58,1
푨,U+D468,17,12,12,118,217,288,138,239,344,72,1
푩,U+D469,17,12,13,118,217,289,138,239,345,52,1
푪,U+D46A,17,12,14,118,217,290,138,239,346,58,1
푫,U+D46B,17,12,15,118,217,291,138,239,347,68,1
푬,U+D46C,17,12,16,118,217,292,138,239,348,57,1
푭,U+D46D,17,12,17,118,217,293,138,239,349,57,1
푮,U+D46E,17,12,18,118,217,294,138,239,350,76,1
푯,U+D46F,17,12,19,118,217,295,138,239,351,62,1
푰,U+D470,17,12,20,118,217,296,138,239,352,68,1
푱,U+D471,17,12,21,118,217,297,138,239,353,66,1
푲,U+D472,17,12,22,118,217,298,138,239,354,65,1
푳,U+D473,17,12,23,118,217,299,138,239,355,56,1
푴,U+D474,17,12,24,118,217,300,138,239,356,46,1
푵,U+D475,17,12,25,118,217,301,138,239,357,52,1
푶,U+D476,17,12,26,118,217,302,138,239,358,64,1
푷,U+D477,17,12,27,118,217,303,138,239,359,60,1
푸,U+D478,17,13,0,58,174,-1,58,196,-1,0,0
푹,U+D479,17,13,1,138,218,305,138,240,333,19,1
푺,U+D47A,17,13,2,138,218,306,138,240,334,31,1
푻,U+D47B,17,13,3,138,218,307,138,240,335,37,1
푼,U+D47C,17,13,4,138,218,308,138,240,336,23,1
푽,U+D47D,17,13,5,138,218,309,138,240,337,39,1
푾,U+D47E,17,13,6,138,218,310,138,240,338,33,1
푿,U+D47F,17,13,7,138,218,311,138,240,339,22,1
풀,U+D480,17,13,8,138,218,312,138,240,340,23,1
풁,U+D481,17,13,9,138,218,313,138,240,341,35,1
풂,U+D482,17,13,10,138,218,314,138,240,342,26,1
풃,U+D483,17,13,11,138,218,315,138,240,343,26,1
풄,U+D484,17,13,12,138,218,316,138,240,344,40,1
풅,U+D485,17,13,13,138,218,317,138,240,345,20,1
풆,U+D486,17,13,14,138,218,318,138,240,346,26,1
풇,U+D487,17,13,15,138,218,319,138,240,347,36,1
품,U+D488,17,13,16,138,218,320,138,240,348,35,1
풉,U+D489,17,13,17,138,218,321,138,240,349,34,1
풊,U+D48A,17,13,18,138,218,322,138,240,350,43,1
풋,U+D48B,17,13,19,138,218,323,138,240,351,29,1
풌,U+D48C,17,13,20,138,218,324,138,240,352,35,1
풍,U+D48D,17,13,21,138,218,325,138,240,353,37,1
풎,U+D48E,17,13,22,138,218,326,138,240,354,22,1
풏,U+D48F,17,13,23,138,218,327,138,240,355,25,1
풐,U+D490,17,13,24,138,218,328,138,240,356,20,1
풑,U+D491,17,13,25,138,218,329,138,240,357,23,1
풒,U+D492,17,13,26,138,218,330,138,240,358,32,1
풓,U+D493,17,13,27,138,218,331,138,240,359,31,1
풔,U+D494,17,14,0,78,175,-1,98,197,-1,0,0
풕,U+D495,17,14,1,158,219,333,158,241,277,12,1
풖,U+D496,17,14,2,158,219,334,158,241,278,18,1
풗,U+D497,17,14,3,158,219,335,158,241,279,38,1
풘,U+D498,17,14,4,158,219,336,158,241,280,19,1
풙,U+D499,17,14,5,158,219,337,158,241,281,20,1
풚,U+D49A,17,14,6,158,219,338,158,241,282,22,1
풛,U+D49B,17,14,7,158,219,339,158,241,283,18,1
풜,U+D49C,17,14,8,158,219,340,158,241,284,18,1
풝,U+D49D,17,14,9,158,219,341,158,241,285,28,1
풞,U+D49E,17,14,10,158,219,342,158,241,286,26,1
풟,U+D49F,17,14,11,158,219,343,158,241,287,26,1
풠,U+D4A0,17,14,12,158,219,344,158,241,288,40,1
풡,U+D4A1,17,14,13,158,219,345,158,241,289,20,1
풢,U+D4A2,17,14,14,158,219,346,158,241,290,26,1
풣,U+D4A3,17,14,15,158,219,347,158,241,291,36,1
풤,U+D4A4,17,14,16,158,219,348,158,241,292,25,1
풥,U+D4A5,17,14,17,158,219,349,158,241,293,25,1
풦,U+D4A6,17,14,18,158,219,350,158,241,294,44,1
풧,U+D4A7,17,14,19,158,219,351,158,241,295,30,1
풨,U+D4A8,17,14,20,158,219,352,158,241,296,36,1
풩,U+D4A9,17,14,21,158,219,353,158,241,297,34,1
풪,U+D4AA,17,14,22,158,219,354,158,241,298,33,1
풫,U+D4AB,17,14,23,158,219,355,158,241,299,24,1
풬,U+D4AC,17,14,24,158,219,356,158,241,300,14,1
풭,U+D4AD,17,14,25,158,219,357,158,241,301,20,1
풮,U+D4AE,17,14,26,158,219,358,158,241,302,32,1
풯,U+D4AF,17,14,27,158,219,359,158,241,303,28,1
풰,U+D4B0,17,15,0,78,176,-1,98,198,-1,0,0
풱,U+D4B1,17,15,1,158,220,333,158,242,305,19,1
풲,U+D4B2,17,15,2,158,220,334,158,242,306,31,1
풳,U+D4B3,17,15,3,158,220,335,158,242,307,37,1
풴,U+D4B4,17,15,4,158,220,336,158,242,308,24,1
풵,U+D4B5,17,15,5,158,220,337,158,242,309,40,1
풶,U+D4B6,17,15,6,158,220,338,158,242,310,33,1
풷,U+D4B7,17,15,7,158,220,339,158,242,311,22,1
풸,U+D4B8,17,15,8,158,220,340,158,242,312,23,1
풹,U+D4B9,17,15,9,158,220,341,158,242,313,35,1
풺,U+D4BA,17,15,10,158,220,342,158,242,314,26,1
풻,U+D4BB,17,15,11,158,220,343,158,242,315,26,1
풼,U+D4BC,17,15,12,158,220,344,158,242,316,40,1
풽,U+D4BD,17,15,13,158,220,345,158,242,317,20,1
풾,U+D4BE,17,15,14,158,220,346,158,242,318,26,1
풿,U+D4BF,17,15,15,158,220,347,158,242,319,36,1
퓀,U+D4C0,17,15,16,158,220,348,158,242,320,35,1
퓁,U+D4C1,17,15,17,158,220,349,158,242,321,35,1
퓂,U+D4C2,17,15,18,158,220,350,158,242,322,44,1
퓃,U+D4C3,17,15,19,158,220,351,158,242,323,30,1
퓄,U+D4C4,17,15,20,158,220,352,158,242,324,36,1
퓅,U+D4C5,17,15,21,158,220,353,158,242,325,38,1
퓆,U+D4C6,17,15,22,158,220,354,158,242,326,22,1
퓇,U+D4C7,17,15,23,158,220,355,158,242,327,26,1
퓈,U+D4C8,17,15,24,158,220,356,158,242,328,20,1
퓉,U+D4C9,17,15,25,158,220,357,158,242,329,23,1
퓊,U+D4CA,17,15,26,158,220,358,158,242,330,32,1
퓋,U+D4CB,17,15,27,158,220,359,158,242,331,32,1
퓌,U+D4CC,17,16,0,78,177,-1,98,199,-1,0,0
퓍,U+D4CD,17,16,1,158,221,333,158,243,277,12,1
퓎,U+D4CE,17,16,2,158,221,334,158,243,278,18,1
퓏,U+D4CF,17,16,3,158,221,335,158,243,279,38,1
퓐,U+D4D0,17,16,4,158,221,336,158,243,280,19,1
퓑,U+D4D1,17,16,5,158,221,337,158,243,281,20,1
퓒,U+D4D2,17,16,6,158,221,338,158,243,282,22,1
퓓,U+D4D3,17,16,7,158,221,339,158,243,283,18,1
퓔,U+D4D4,17,16,8,158,221,340,158,243,284,18,1
퓕,U+D4D5,17,16,9,158,221,341,158,243,285,28,1
퓖,U+D4D6,17,16,10,158,221,342,158,243,286,26,1
퓗,U+D4D7,17,16,11,158,221,343,158,243,287,26,1
퓘,U+D4D8,17,16,12,158,221,344,158,243,288,40,1
퓙,U+D4D9,17,16,13,158,221,345,158,243,289,20,1
퓚,U+D4DA,17,16,14,158,221,346,158,243,290,26,1
퓛,U+D4DB,17,16,15,158,221,347,158,243,291,36,1
퓜,U+D4DC,17,16,16,158,221,348,158,243,292,25,1
퓝,U+D4DD,17,16,17,158,221,349,158,243,293,25,1
퓞,U+D4DE,17,16,18,158,221,350,158,243,294,44,1
퓟,U+D4DF,17,16,19,158,221,351,158,243,295,30,1
퓠,U+D4E0,17,16,20,158,221,352,158,243,296,36,1
퓡,U+D4E1,17,16,21,158,221,353,158,243,297,34,1
퓢,U+D4E2,17,16,22,158,221,354,158,243,298,33,1
퓣,U+D4E3,17,16,23,158,221,355,158,243,299,24,1
퓤,U+D4E4,17,16,24,158,221,356,158,243,300,14,1
퓥,U+D4E5,17,16,25,158,221,357,158,243,301,20,1
퓦,U+D4E6,17,16,26,158,221,358,158,243,302,32,1
퓧,U+D4E7,17,16,27,158,221,359,158,243,303,28,1
퓨,U+D4E8,17,17,0,58,178,-1,58,200,-1,0,0
퓩,U+D4E9,17,17,1,138,222,305,138,244,333,18,1
퓪,U+D4EA,17,17,2,138,222,306,138,244,334,31,1
퓫,U+D4EB,17,17,3,138,222,307,138,244,335,36,1
퓬,U+D4EC,17,17,4,138,222,308,138,244,336,23,1
퓭,U+D4ED,17,17,5,138,222,309,138,244,337,39,1
퓮,U+D4EE,17,17,6,138,222,310,138,244,338,33,1
퓯,U+D4EF,17,17,7,138,222,311,138,244,339,21,1
퓰,U+D4F0,17,17,8,138,222,312,138,244,340,22,1
퓱,U+D4F1,17,17,9,138,222,313,138,244,341,35,1
퓲,U+D4F2,17,17,10,138,222,314,138,244,342,25,1
퓳,U+D4F3,17,17,11,138,222,315,138,244,343,25,1
퓴,U+D4F4,17,17,12,138,222,316,138,244,344,39,1
퓵,U+D4F5,17,17,13,138,222,317,138,244,345,19,1
퓶,U+D4F6,17,17,14,138,222,318,138,244,346,25,1
퓷,U+D4F7,17,17,15,138,222,319,138,244,347,35,1
퓸,U+D4F8,17,17,16,138,222,320,138,244,348,34,1
퓹,U+D4F9,17,17,17,138,222,321,138,244,349,34,1
퓺,U+D4FA,17,17,18,138,222,322,138,244,350,42,1
퓻,U+D4FB,17,17,19,138,222,323,138,244,351,29,1
퓼,U+D4FC,17,17,20,138,222,324,138,244,352,36,1
퓽,U+D4FD,17,17,21,138,222,325,138,244,353,37,1
퓾,U+D4FE,17,17,22,138,222,326,138,244,354,22,1
퓿,U+D4FF,17,17,23,138,222,327,138,244,355,25,1
픀,U+D500,17,17,24,138,222,328,138,244,356,19,1
픁,U+D501,17,17,25,138,222,329,138,244,357,22,1
픂,U+D502,17,17,26,138,222,330,138,244,358,32,1
픃,U+D503,17,17,27,138,222,331,138,244,359,32,1
프,U+D504,17,18,0,38,179,-1,38,201,-1,0,0
픅,U+D505,17,18,1,118,223,277,138,245,333,46,1
픆,U+D506,17,18,2,118,223,278,138,245,334,52,1
픇,U+D507,17,18,3,118,223,279,138,245,335,72,1
픈,U+D508,17,18,4,118,223,280,138,245,336,53,1
픉,U+D509,17,18,5,118,223,281,138,245,337,54,1
픊,U+D50A,17,18,6,118,223,282,138,245,338,56,1
픋,U+D50B,17,18,7,118,223,283,138,245,339,52,1
플,U+D50C,17,18,8,118,223,284,138,245,340,52,1
픍,U+D50D,17,18,9,118,223,285,138,245,341,62,1
픎,U+D50E,17,18,10,118,223,286,138,245,342,60,1
픏,U+D50F,17,18,11,118,223,287,138,245,343,60,1
픐,U+D510,17,18,12,118,223,288,138,245,344,74,1
픑,U+D511,17,18,13,118,223,289,138,245,345,54,1
픒,U+D512,17,18,14,118,223,290,138,245,346,60,1
픓,U+D513,17,18,15,118,223,291,138,245,347,70,1
픔,U+D514,17,18,16,118,223,292,138,245,348,59,1
픕,U+D515,17,18,17,118,223,293,138,245,349,59,1
픖,U+D516,17,18,18,118,223,294,138,245,350,78,1
픗,U+D517,17,18,19,118,223,295,138,245,351,64,1
픘,U+D518,17,18,20,118,223,296,138,245,352,70,1
픙,U+D519,17,18,21,118,223,297,138,245,353,68,1
픚,U+D51A,17,18,22,118,223,298,138,245,354,67,1
픛,U+D51B,17,18,23,118,223,299,138,245,355,58,1
픜,U+D51C,17,18,24,118,223,300,138,245,356,48,1
픝,U+D51D,17,18,25,118,223,301,138,245,357,54,1
픞,U+D51E,17,18,26,118,223,302,138,245,358,66,1
픟,U+D51F,17,18,27,118,223,303,138,245,359,62,1
픠,U+D520,17,19,0,78,180,-1,78,202,-1,0,0
픡,U+D521,17,19,1,158,224,333,158,246,277,12,1
픢,U+D522,17,19,2,158,224,334,158,246,278,18,1
픣,U+D523,17,19,3,158,224,335,158,246,279,38,1
픤,U+D524,17,19,4,158,224,336,158,246,280,19,1
픥,U+D525,17,19,5,158,224,337,158,246,281,20,1
픦,U+D526,17,19,6,158,224,338,158,246,282,22,1
픧,U+D527,17,19,7,158,224,339,158,246,283,18,1
픨,U+D528,17,19,8,158,224,340,158,246,284,18,1
픩,U+D529,17,19,9,158,224,341,158,246,285,28,1
픪,U+D52A,17,19,10,158,224,342,158,246,286,26,1
픫,U+D52B,17,19,11,158,224,343,158,246,287,26,1
픬,U+D52C,17,19,12,158,224,344,158,246,288,40,1
픭,U+D52D,17,19,13,158,224,345,158,246,289,20,1
픮,U+D52E,17,19,14,158,224,346,158,246,290,26,1
픯,U+D52F,17,19,15,158,224,347,158,246,291,36,1
픰,U+D530,17,19,16,158,224,348,158,246,292,25,1
픱,U+D531,17,19,17,158,224,349,158,246,293,25,1
픲,U+D532,17,19,18,158,224,350,158,246,294,44,1
픳,U+D533,17,19,19,158,224,351,158,246,295,30,1
픴,U+D534,17,19,20,158,224,352,158,246,296,36,1
픵,U+D535,17,19,21,158,224,353,158,246,297,34,1
픶,U+D536,17,19,22,158,224,354,158,246,298,33,1
픷,U+D537,17,19,23,158,224,355,158,246,299,24,1
픸,U+D538,17,19,24,158,224,356,158,246,300,14,1
픹,U+D539,17,19,25,158,224,357,158,246,301,20,1
픺,U+D53A,17,19,26,158,224,358,158,246,302,32,1
픻,U+D53B,17,19,27,158,224,359,158,246,303,28,1
피,U+D53C,17,20,0,18,181,-1,18,203,-1,0,0
픽,U+D53D,17,20,1,98,225,249,118,247,277,32,1
픾,U+D53E,17,20,2,98,225,250,118,247,278,32,1
픿,U+D53F,17,20,3,98,225,251,118,247,279,32,1
핀,U+D540,17,20,4,98,225,252,118,247,280,32,1
핁,U+D541,17,20,5,98,225,253,118,247,281,32,1
핂,U+D542,17,20,6,98,225,254,118,247,282,32,1
핃,U+D543,17,20,7,98,225,255,118,247,283,32,1
필,U+D544,17,20,8,98,225,256,118,247,284,32,1
핅,U+D545,17,20,9,98,225,257,118,247,285,32,1
핆,U+D546,17,20,10,98,225,258,118,247,286,32,1
핇,U+D547,17,20,11,98,225,259,118,247,287,32,1
핈,U+D548,17,20,12,98,225,260,118,247,288,32,1
핉,U+D549,17,20,13,98,225,261,118,247,289,32,1
핊,U+D54A,17,20,14,98,225,262,118,247,290,32,1
핋,U+D54B,17,20,15,98,225,263,118,247,291,32,1
핌,U+D54C,17,20,16,98,225,264,118,247,292,32,1
핍,U+D54D,17,20,17,98,225,265,118,247,293,32,1
핎,U+D54E,17,20,18,98,225,266,118,247,294,32,1
핏,U+D54F,17,20,19,98,225,267,118,247,295,32,1
핐,U+D550,17,20,20,98,225,268,118,247,296,32,1
핑,U+D551,17,20,21,98,225,269,118,247,297,32,1
핒,U+D552,17,20,22,98,225,270,118,247,298,32,1
핓,U+D553,17,20,23,98,225,271,118,247,299,32,1
핔,U+D554,17,20,24,98,225,272,118,247,300,32,1
핕,U+D555,17,20,25,98,225,273,118,247,301,32,1
핖,U+D556,17,20,26,98,225,274,118,247,302,32,1
핗,U+D557,17,20,27,98,225,275,118,247,303,32,1
하,U+D558,18,0,0,19,161,-1,19,183,-1,0,0
학,U+D559,18,0,1,99,205,249,119,227,249,22,1
핚,U+D55A,18,0,2,99,205,250,119,227,250,22,1
핛,U+D55B,18,0,3,99,205,251,119,227,251,22,1
한,U+D55C,18,0,4,99,205,252,119,227,252,22,1
핝,U+D55D,18,0,5,99,205,253,119,227,253,22,1
핞,U+D55E,18,0,6,99,205,254,119,227,254,22,1
핟,U+D55F,18,0,7,99,205,255,119,227,255,22,1
할,U+D560,18,0,8,99,205,256,119,227,256,22,1
핡,U+D561,18,0,9,99,205,257,119,227,257,22,1
핢,U+D562,18,0,10,99,205,258,119,227,258,22,1
핣,U+D563,18,0,11,99,205,259,119,227,259,22,1
핤,U+D564,18,0,12,99,205,260,119,227,260,22,1
핥,U+D565,18,0,13,99,205,261,119,227,261,22,1
핦,U+D566,18,0,14,99,205,262,119,227,262,22,1
핧,U+D567,18,0,15,99,205,263,119,227,263,22,1
함,U+D568,18,0,16,99,205,264,119,227,264,22,1
합,U+D569,18,0,17,99,205,265,119,227,265,22,1
핪,U+D56A,18,0,18,99,205,266,119,227,266,22,1
핫,U+D56B,18,0,19,99,205,267,119,227,267,22,1
핬,U+D56C,18,0,20,99,205,268,119,227,268,22,1
항,U+D56D,18,0,21,99,205,269,119,227,269,22,1
핮,U+D56E,18,0,22,99,205,270,119,227,270,22,1
핯,U+D56F,18,0,23,99,205,271,119,227,271,22,1
핰,U+D570,18,0,24,99,205,272,119,227,272,22,1
핱,U+D571,18,0,25,99,205,273,119,227,273,22,1
핲,U+D572,18,0,26,99,205,274,119,227,274,22,1
핳,U+D573,18,0,27,99,205,275,119,227,275,22,1
해,U+D574,18,1,0,19,162,-1,19,184,-1,0,0
핵,U+D575,18,1,1,99,206,249,119,228,305,30,1
핶,U+D576,18,1,2,99,206,250,119,228,306,38,1
핷,U+D577,18,1,3,99,206,251,119,228,307,22,1
핸,U+D578,18,1,4,99,206,252,119,228,308,32,1
핹,U+D579,18,1,5,99,206,253,119,228,309,41,1
핺,U+D57A,18,1,6,99,206,254,119,228,310,34,1
핻,U+D57B,18,1,7,99,206,255,119,228,311,31,1
핼,U+D57C,18,1,8,99,206,256,119,228,312,26,1
핽,U+D57D,18,1,9,99,206,257,119,228,313,30,1
핾,U+D57E,18,1,10,99,206,258,119,228,314,21,1
핿,U+D57F,18,1,11,99,206,259,119,228,315,21,1
햀,U+D580,18,1,12,99,206,260,119,228,316,21,1
햁,U+D581,18,1,13,99,206,261,119,228,317,21,1
햂,U+D582,18,1,14,99,206,262,119,228,318,21,1
햃,U+D583,18,1,15,99,206,263,119,228,319,21,1
햄,U+D584,18,1,16,99,206,264,119,228,320,37,1
햅,U+D585,18,1,17,99,206,265,119,228,321,37,1
햆,U+D586,18,1,18,99,206,266,119,228,322,21,1
햇,U+D587,18,1,19,99,206,267,119,228,323,21,1
했,U+D588,18,1,20,99,206,268,119,228,324,21,1
행,U+D589,18,1,21,99,206,269,119,228,325,37,1
햊,U+D58A,18,1,22,99,206,270,119,228,326,40,1
햋,U+D58B,18,1,23,99,206,271,119,228,327,27,1
햌,U+D58C,18,1,24,99,206,272,119,228,328,29,1
햍,U+D58D,18,1,25,99,206,273,119,228,329,24,1
햎,U+D58E,18,1,26,99,206,274,119,228,330,25,1
햏,U+D58F,18,1,27,99,206,275,119,228,331,27,1
햐,U+D590,18,2,0,19,163,-1,19,185,-1,0,0
햑,U+D591,18,2,1,99,207,249,119,229,249,22,1
햒,U+D592,18,2,2,99,207,250,119,229,250,22,1
햓,U+D593,18,2,3,99,207,251,119,229,251,22,1
햔,U+D594,18,2,4,99,207,252,119,229,252,22,1
햕,U+D595,18,2,5,99,207,253,119,229,253,22,1
햖,U+D596,18,2,6,99,207,254,119,229,254,22,1
햗,U+D597,18,2,7,99,207,255,119,229,255,22,1
햘,U+D598,18,2,8,99,207,256,119,229,256,22,1
햙,U+D599,18,2,9,99,207,257,119,229,257,22,1
햚,U+D59A,18,2,10,99,207,258,119,229,258,22,1
햛,U+D59B,18,2,11,99,207,259,119,229,259,22,1
햜,U+D59C,18,2,12,99,207,260,119,229,260,22,1
햝,U+D59D,18,2,13,99,207,261,119,229,261,22,1
햞,U+D59E,18,2,14,99,207,262,119,229,262,22,1
햟,U+D59F,18,2,15,99,207,263,119,229,263,22,1
햠,U+D5A0,18,2,16,99,207,264,119,229,264,22,1
햡,U+D5A1,18,2,17,99,207,265,119,229,265,22,1
햢,U+D5A2,18,2,18,99,207,266,119,229,266,22,1
햣,U+D5A3,18,2,19,99,207,267,119,229,267,22,1
햤,U+D5A4,18,2,20,99,207,268,119,229,268,22,1
향,U+D5A5,18,2,21,99,207,269,119,229,269,22,1
햦,U+D5A6,18,2,22,99,207,270,119,229,270,22,1
햧,U+D5A7,18,2,23,99,207,271,119,229,271,22,1
햨,U+D5A8,18,2,24,99,207,272,119,229,272,22,1
햩,U+D5A9,18,2,25,99,207,273,119,229,273,22,1
햪,U+D5AA,18,2,26,99,207,274,119,229,274,22,1
햫,U+D5AB,18,2,27,99,207,275,119,229,275,22,1
햬,U+D5AC,18,3,0,19,164,-1,19,186,-1,0,0
햭,U+D5AD,18,3,1,99,208,249,119,230,305,30,1
햮,U+D5AE,18,3,2,99,208,250,119,230,306,38,1
햯,U+D5AF,18,3,3,99,208,251,119,230,307,22,1
햰,U+D5B0,18,3,4,99,208,252,119,230,308,32,1
햱,U+D5B1,18,3,5,99,208,253,119,230,309,41,1
햲,U+D5B2,18,3,6,99,208,254,119,230,310,34,1
햳,U+D5B3,18,3,7,99,208,255,119,230,311,31,1
햴,U+D5B4,18,3,8,99,208,256,119,230,312,26,1
햵,U+D5B5,18,3,9,99,208,257,119,230,313,30,1
햶,U+D5B6,18,3,10,99,208,258,119,230,314,21,1
햷,U+D5B7,18,3,11,99,208,259,119,230,315,21,1
햸,U+D5B8,18,3,12,99,208,260,119,230,316,21,1
햹,U+D5B9,18,3,13,99,208,261,119,230,317,21,1
햺,U+D5BA,18,3,14,99,208,262,119,230,318,21,1
햻,U+D5BB,18,3,15,99,208,263,119,230,319,21,1
햼,U+D5BC,18,3,16,99,208,264,119,230,320,37,1
햽,U+D5BD,18,3,17,99,208,265,119,230,321,37,1
햾,U+D5BE,18,3,18,99,208,266,119,230,322,21,1
햿,U+D5BF,18,3,19,99,208,267,119,230,323,21,1
헀,U+D5C0,18,3,20,99,208,268,119,230,324,21,1
헁,U+D5C1,18,3,21,99,208,269,119,230,325,37,1
헂,U+D5C2,18,3,22,99,208,270,119,230,326,40,1
헃,U+D5C3,18,3,23,99,208,271,119,230,327,27,1
헄,U+D5C4,18,3,24,99,208,272,119,230,328,29,1
헅,U+D5C5,18,3,25,99,208,273,119,230,329,24,1
헆,U+D5C6,18,3,26,99,208,274,119,230,330,25,1
헇,U+D5C7,18,3,27,99,208,275,119,230,331,27,1
허,U+D5C8,18,4,0,19,165,-1,19,187,-1,0,0
헉,U+D5C9,18,4,1,99,209,249,119,231,277,22,1
헊,U+D5CA,18,4,2,99,209,250,119,231,278,22,1
헋,U+D5CB,18,4,3,99,209,251,119,231,279,22,1
헌,U+D5CC,18,4,4,99,209,252,119,231,280,22,1
헍,U+D5CD,18,4,5,99,209,253,119,231,281,22,1
헎,U+D5CE,18,4,6,99,209,254,119,231,282,22,1
헏,U+D5CF,18,4,7,99,209,255,119,231,283,22,1
헐,U+D5D0,18,4,8,99,209,256,119,231,284,22,1
헑,U+D5D1,18,4,9,99,209,257,119,231,285,22,1
헒,U+D5D2,18,4,10,99,209,258,119,231,286,22,1
헓,U+D5D3,18,4,11,99,209,259,119,231,287,22,1
헔,U+D5D4,18,4,12,99,209,260,119,231,288,22,1
헕,U+D5D5,18,4,13,99,209,261,119,231,289,22,1
헖,U+D5D6,18,4,14,99,209,262,119,231,290,22,1
헗,U+D5D7,18,4,15,99,209,263,119,231,291,22,1
험,U+D5D8,18,4,16,99,209,264,119,231,292,22,1
헙,U+D5D9,18,4,17,99,209,265,119,231,293,22,1
헚,U+D5DA,18,4,18,99,209,266,119,231,294,22,1
헛,U+D5DB,18,4,19,99,209,267,119,231,295,22,1
헜,U+D5DC,18,4,20,99,209,268,119,231,296,22,1
헝,U+D5DD,18,4,21,99,209,269,119,231,297,22,1
헞,U+D5DE,18,4,22,99,209,270,119,231,298,22,1
헟,U+D5DF,18,4,23,99,209,271,119,231,299,22,1
헠,U+D5E0,18,4,24,99,209,272,119,231,300,22,1
헡,U+D5E1,18,4,25,99,209,273,119,231,301,22,1
헢,U+D5E2,18,4,26,99,209,274,119,231,302,22,1
헣,U+D5E3,18,4,27,99,209,275,119,231,303,22,1
헤,U+D5E4,18,5,0,19,166,-1,19,188,-1,0,0
헥,U+D5E5,18,5,1,99,210,249,119,232,305,29,1
헦,U+D5E6,18,5,2,99,210,250,119,232,306,37,1
헧,U+D5E7,18,5,3,99,210,251,119,232,307,21,1
헨,U+D5E8,18,5,4,99,210,252,119,232,308,31,1
헩,U+D5E9,18,5,5,99,210,253,119,232,309,40,1
헪,U+D5EA,18,5,6,99,210,254,119,232,310,33,1
헫,U+D5EB,18,5,7,99,210,255,119,232,311,30,1
헬,U+D5EC,18,5,8,99,210,256,119,232,312,25,1
헭,U+D5ED,18,5,9,99,210,257,119,232,313,29,1
헮,U+D5EE,18,5,10,99,210,258,119,232,314,20,1
헯,U+D5EF,18,5,11,99,210,259,119,232,315,20,1
헰,U+D5F0,18,5,12,99,210,260,119,232,316,20,1
헱,U+D5F1,18,5,13,99,210,261,119,232,317,20,1
헲,U+D5F2,18,5,14,99,210,262,119,232,318,20,1
헳,U+D5F3,18,5,15,99,210,263,119,232,319,20,1
헴,U+D5F4,18,5,16,99,210,264,119,232,320,36,1
헵,U+D5F5,18,5,17,99,210,265,119,232,321,36,1
헶,U+D5F6,18,5,18,99,210,266,119,232,322,20,1
헷,U+D5F7,18,5,19,99,210,267,119,232,323,20,1
헸,U+D5F8,18,5,20,99,210,268,119,232,324,20,1
헹,U+D5F9,18,5,21,99,210,269,119,232,325,36,1
헺,U+D5FA,18,5,22,99,210,270,119,232,326,39,1
헻,U+D5FB,18,5,23,99,210,271,119,232,327,26,1
헼,U+D5FC,18,5,24,99,210,272,119,232,328,28,1
헽,U+D5FD,18,5,25,99,210,273,119,232,329,23,1
헾,U+D5FE,18,5,26,99,210,274,119,232,330,24,1
헿,U+D5FF,18,5,27,99,210,275,119,232,331,26,1
혀,U+D600,18,6,0,19,167,-1,19,189,-1,0,0
혁,U+D601,18,6,1,99,211,249,119,233,277,22,1
혂,U+D602,18,6,2,99,211,250,119,233,278,22,1
혃,U+D603,18,6,3,99,211,251,119,233,279,22,1
현,U+D604,18,6,4,99,211,252,119,233,280,22,1
혅,U+D605,18,6,5,99,211,253,119,233,281,22,1
혆,U+D606,18,6,6,99,211,254,119,233,282,22,1
혇,U+D607,18,6,7,99,211,255,119,233,283,22,1
혈,U+D608,18,6,8,99,211,256,119,233,284,22,1
혉,U+D609,18,6,9,99,211,257,119,233,285,22,1
혊,U+D60A,18,6,10,99,211,258,119,233,286,22,1
혋,U+D60B,18,6,11,99,211,259,119,233,287,22,1
혌,U+D60C,18,6,12,99,211,260,119,233,288,22,1
혍,U+D60D,18,6,13,99,211,261,119,233,289,22,1
혎,U+D60E,18,6,14,99,211,262,119,233,290,22,1
혏,U+D60F,18,6,15,99,211,263,119,233,291,22,1
혐,U+D610,18,6,16,99,211,264,119,233,292,22,1
협,U+D611,18,6,17,99,211,265,119,233,293,22,1
혒,U+D612,18,6,18,99,211,266,119,233,294,22,1
혓,U+D613,18,6,19,99,211,267,119,233,295,22,1
혔,U+D614,18,6,20,99,211,268,119,233,296,22,1
형,U+D615,18,6,21,99,211,269,119,233,297,22,1
혖,U+D616,18,6,22,99,211,270,119,233,298,22,1
혗,U+D617,18,6,23,99,211,271,119,233,299,22,1
혘,U+D618,18,6,24,99,211,272,119,233,300,22,1
혙,U+D619,18,6,25,99,211,273,119,233,301,22,1
혚,U+D61A,18,6,26,99,211,274,119,233,302,22,1
혛,U+D61B,18,6,27,99,211,275,119,233,303,22,1
혜,U+D61C,18,7,0,19,168,-1,19,190,-1,0,0
혝,U+D61D,18,7,1,99,212,249,119,234,305,29,1
혞,U+D61E,18,7,2,99,212,250,119,234,306,37,1
혟,U+D61F,18,7,3,99,212,251,119,234,307,21,1
혠,U+D620,18,7,4,99,212,252,119,234,308,31,1
혡,U+D621,18,7,5,99,212,253,119,234,309,40,1
혢,U+D622,18,7,6,99,212,254,119,234,310,33,1
혣,U+D623,18,7,7,99,212,255,119,234,311,30,1
혤,U+D624,18,7,8,99,212,256,119,234,312,25,1
혥,U+D625,18,7,9,99,212,257,119,234,313,29,1
혦,U+D626,18,7,10,99,212,258,119,234,314,20,1
혧,U+D627,18,7,11,99,212,259,119,234,315,20,1
혨,U+D628,18,7,12,99,212,260,119,234,316,20,1
혩,U+D629,18,7,13,99,212,261,119,234,317,20,1
혪,U+D62A,18,7,14,99,212,262,119,234,318,20,1
혫,U+D62B,18,7,15,99,212,263,119,234,319,20,1
혬,U+D62C,18,7,16,99,212,264,119,234,320,36,1
혭,U+D62D,18,7,17,99,212,265,119,234,321,36,1
혮,U+D62E,18,7,18,99,212,266,119,234,322,20,1
혯,U+D62F,18,7,19,99,212,267,119,234,323,20,1
혰,U+D630,18,7,20,99,212,268,119,234,324,20,1
혱,U+D631,18,7,21,99,212,269,119,234,325,36,1
혲,U+D632,18,7,22,99,212,270,119,234,326,39,1
혳,U+D633,18,7,23,99,212,271,119,234,327,26,1
혴,U+D634,18,7,24,99,212,272,119,234,328,28,1
혵,U+D635,18,7,25,99,212,273,119,234,329,23,1
혶,U+D636,18,7,26,99,212,274,119,234,330,24,1
혷,U+D637,18,7,27,99,212,275,119,234,331,26,1
호,U+D638,18,8,0,39,169,-1,39,191,-1,0,0
혹,U+D639,18,8,1,119,213,277,139,235,333,53,1
혺,U+D63A,18,8,2,119,213,278,139,235,334,59,1
혻,U+D63B,18,8,3,119,213,279,139,235,335,79,1
혼,U+D63C,18,8,4,119,213,280,139,235,336,60,1
혽,U+D63D,18,8,5,119,213,281,139,235,337,61,1
혾,U+D63E,18,8,6,119,213,282,139,235,338,63,1
혿,U+D63F,18,8,7,119,213,283,139,235,339,59,1
홀,U+D640,18,8,8,119,213,284,139,235,340,59,1
홁,U+D641,18,8,9,119,213,285,139,235,341,69,1
홂,U+D642,18,8,10,119,213,286,139,235,342,67,1
홃,U+D643,18,8,11,119,213,287,139,235,343,67,1
홄,U+D644,18,8,12,119,213,288,139,235,344,81,1
홅,U+D645,18,8,13,119,213,289,139,235,345,61,1
홆,U+D646,18,8,14,119,213,290,139,235,346,67,1
홇,U+D647,18,8,15,119,213,291,139,235,347,77,1
홈,U+D648,18,8,16,119,213,292,139,235,348,66,1
홉,U+D649,18,8,17,119,213,293,139,235,349,66,1
홊,U+D64A,18,8,18,119,213,294,139,235,350,85,1
홋,U+D64B,18,8,19,119,213,295,139,235,351,71,1
홌,U+D64C,18,8,20,119,213,296,139,235,352,77,1
홍,U+D64D,18,8,21,119,213,297,139,235,353,75,1
홎,U+D64E,18,8,22,119,213,298,139,235,354,74,1
홏,U+D64F,18,8,23,119,213,299,139,235,355,65,1
홐,U+D650,18,8,24,119,213,300,139,235,356,55,1
홑,U+D651,18,8,25,119,213,301,139,235,357,61,1
홒,U+D652,18,8,26,119,213,302,139,235,358,73,1
홓,U+D653,18,8,27,119,213,303,139,235,359,69,1
화,U+D654,18,9,0,79,170,-1,79,192,-1,0,0
확,U+D655,18,9,1,159,214,333,159,236,249,12,1
홖,U+D656,18,9,2,159,214,334,159,236,250,18,1
홗,U+D657,18,9,3,159,214,335,159,236,251,38,1
환,U+D658,18,9,4,159,214,336,159,236,252,19,1
홙,U+D659,18,9,5,159,214,337,159,236,253,20,1
홚,U+D65A,18,9,6,159,214,338,159,236,254,22,1
홛,U+D65B,18,9,7,159,214,339,159,236,255,18,1
활,U+D65C,18,9,8,159,214,340,159,236,256,18,1
홝,U+D65D,18,9,9,159,214,341,159,236,257,28,1
홞,U+D65E,18,9,10,159,214,342,159,236,258,26,1
홟,U+D65F,18,9,11,159,214,343,159,236,259,26,1
홠,U+D660,18,9,12,159,214,344,159,236,260,40,1
홡,U+D661,18,9,13,159,214,345,159,236,261,20,1
홢,U+D662,18,9,14,159,214,346,159,236,262,26,1
홣,U+D663,18,9,15,159,214,347,159,236,263,36,1
홤,U+D664,18,9,16,159,214,348,159,236,264,25,1
홥,U+D665,18,9,17,159,214,349,159,236,265,25,1
홦,U+D666,18,9,18,159,214,350,159,236,266,44,1
홧,U+D667,18,9,19,159,214,351,159,236,267,30,1
홨,U+D668,18,9,20,159,214,352,159,236,268,36,1
황,U+D669,18,9,21,159,214,353,159,236,269,34,1
홪,U+D66A,18,9,22,159,214,354,159,236,270,33,1
홫,U+D66B,18,9,23,159,214,355,159,236,271,24,1
홬,U+D66C,18,9,24,159,214,356,159,236,272,14,1
홭,U+D66D,18,9,25,159,214,357,159,236,273,20,1
홮,U+D66E,18,9,26,159,214,358,159,236,274,32,1
홯,U+D66F,18,9,27,159,214,359,159,236,275,28,1
홰,U+D670,18,10,0,79,171,-1,79,193,-1,0,0
홱,U+D671,18,10,1,159,215,333,159,237,305,19,1
홲,U+D672,18,10,2,159,215,334,159,237,306,31,1
홳,U+D673,18,10,3,159,215,335,159,237,307,37,1
홴,U+D674,18,10,4,159,215,336,159,237,308,24,1
홵,U+D675,18,10,5,159,215,337,159,237,309,40,1
홶,U+D676,18,10,6,159,215,338,159,237,310,33,1
홷,U+D677,18,10,7,159,215,339,159,237,311,22,1
홸,U+D678,18,10,8,159,215,340,159,237,312,23,1
홹,U+D679,18,10,9,159,215,341,159,237,313,35,1
홺,U+D67A,18,10,10,159,215,342,159,237,314,26,1
홻,U+D67B,18,10,11,159,215,343,159,237,315,26,1
홼,U+D67C,18,10,12,159,215,344,159,237,316,40,1
홽,U+D67D,18,10,13,159,215,345,159,237,317,20,1
홾,U+D67E,18,10,14,159,215,346,159,237,318,26,1
홿,U+D67F,18,10,15,159,215,347,159,237,319,36,1
횀,U+D680,18,10,16,159,215,348,159,237,320,35,1
횁,U+D681,18,10,17,159,215,349,159,237,321,35,1
횂,U+D682,18,10,18,159,215,350,159,237,322,44,1
횃,U+D683,18,10,19,159,215,351,159,237,323,30,1
횄,U+D684,18,10,20,159,215,352,159,237,324,36,1
횅,U+D685,18,10,21,159,215,353,159,237,325,38,1
횆,U+D686,18,10,22,159,215,354,159,237,326,22,1
횇,U+D687,18,10,23,159,215,355,159,237,327,26,1
횈,U+D688,18,10,24,159,215,356,159,237,328,20,1
횉,U+D689,18,10,25,159,215,357,159,237,329,23,1
횊,U+D68A,18,10,26,159,215,358,159,237,330,32,1
횋,U+D68B,18,10,27,159,215,359,159,237,331,32,1
회,U+D68C,18,11,0,79,172,-1,79,194,-1,0,0
획,U+D68D,18,11,1,159,216,333,159,238,277,12,1
횎,U+D68E,18,11,2,159,216,334,159,238,278,18,1
횏,U+D68F,18,11,3,159,216,335,159,238,279,38,1
횐,U+D690,18,11,4,159,216,336,159,238,280,19,1
횑,U+D691,18,11,5,159,216,337,159,238,281,20,1
횒,U+D692,18,11,6,159,216,338,159,238,282,22,1
횓,U+D693,18,11,7,159,216,339,159,238,283,18,1
횔,U+D694,18,11,8,159,216,340,159,238,284,18,1
횕,U+D695,18,11,9,159,216,341,159,238,285,28,1
횖,U+D696,18,11,10,159,216,342,159,238,286,26,1
횗,U+D697,18,11,11,159,216,343,159,238,287,26,1
횘,U+D698,18,11,12,159,216,344,159,238,288,40,1
횙,U+D699,18,11,13,159,216,345,159,238,289,20,1
횚,U+D69A,18,11,14,159,216,346,159,238,290,26,1
횛,U+D69B,18,11,15,159,216,347,159,238,291,36,1
횜,U+D69C,18,11,16,159,216,348,159,238,292,25,1
횝,U+D69D,18,11,17,159,216,349,159,238,293,25,1
횞,U+D69E,18,11,18,159,216,350,159,238,294,44,1
횟,U+D69F,18,11,19,159,216,351,159,238,295,30,1
횠,U+D6A0,18,11,20,159,216,352,159,238,296,36,1
횡,U+D6A1,18,11,21,159,216,353,159,238,297,34,1
횢,U+D6A2,18,11,22,159,216,354,159,238,298,33,1
횣,U+D6A3,18,11,23,159,216,355,159,238,299,24,1
횤,U+D6A4,18,11,24,159,216,356,159,238,300,14,1
횥,U+D6A5,18,11,25,159,216,357,159,238,301,20,1
횦,U+D6A6,18,11,26,159,216,358,159,238,302,32,1
횧,U+D6A7,18,11,27,159,216,359,159,238,303,28,1
효,U+D6A8,18,12,0,39,173,-1,39,195,-1,0,0
횩,U+D6A9,18,12,1,119,217,277,139,239,333,52,1
횪,U+D6AA,18,12,2,119,217,278,139,239,334,58,1
횫,U+D6AB,18,12,3,119,217,279,139,239,335,78,1
횬,U+D6AC,18,12,4,119,217,280,139,239,336,59,1
횭,U+D6AD,18,12,5,119,217,281,139,239,337,60,1
횮,U+D6AE,18,12,6,119,217,282,139,239,338,62,1
횯,U+D6AF,18,12,7,119,217,283,139,239,339,58,1
횰,U+D6B0,18,12,8,119,217,284,139,239,340,58,1
횱,U+D6B1,18,12,9,119,217,285,139,239,341,68,1
횲,U+D6B2,18,12,10,119,217,286,139,239,342,66,1
횳,U+D6B3,18,12,11,119,217,287,139,239,343,66,1
횴,U+D6B4,18,12,12,119,217,288,139,239,344,80,1
횵,U+D6B5,18,12,13,119,217,289,139,239,345,60,1
횶,U+D6B6,18,12,14,119,217,290,139,239,346,66,1
횷,U+D6B7,18,12,15,119,217,291,139,239,347,76,1
횸,U+D6B8,18,12,16,119,217,292,139,239,348,65,1
횹,U+D6B9,18,12,17,119,217,293,139,239,349,65,1
횺,U+D6BA,18,12,18,119,217,294,139,239,350,84,1
횻,U+D6BB,18,12,19,119,217,295,139,239,351,70,1
횼,U+D6BC,18,12,20,119,217,296,139,239,352,76,1
횽,U+D6BD,18,12,21,119,217,297,139,239,353,74,1
횾,U+D6BE,18,12,22,119,217,298,139,239,354,73,1
횿,U+D6BF,18,12,23,119,217,299,139,239,355,64,1
훀,U+D6C0,18,12,24,119,217,300,139,239,356,54,1
훁,U+D6C1,18,12,25,119,217,301,139,239,357,60,1
훂,U+D6C2,18,12,26,119,217,302,139,239,358,72,1
훃,U+D6C3,18,12,27,119,217,303,139,239,359,68,1
후,U+D6C4,18,13,0,59,174,-1,59,196,-1,0,0
훅,U+D6C5,18,13,1,139,218,305,139,240,333,19,1
훆,U+D6C6,18,13,2,139,218,306,139,240,334,31,1
훇,U+D6C7,18,13,3,139,218,307,139,240,335,37,1
훈,U+D6C8,18,13,4,139,218,308,139,240,336,23,1
훉,U+D6C9,18,13,5,139,218,309,139,240,337,39,1
훊,U+D6CA,18,13,6,139,218,310,139,240,338,33,1
훋,U+D6CB,18,13,7,139,218,311,139,240,339,22,1
훌,U+D6CC,18,13,8,139,218,312,139,240,340,23,1
훍,U+D6CD,18,13,9,139,218,313,139,240,341,35,1
훎,U+D6CE,18,13,10,139,218,314,139,240,342,26,1
훏,U+D6CF,18,13,11,139,218,315,139,240,343,26,1
훐,U+D6D0,18,13,12,139,218,316,139,240,344,40,1
훑,U+D6D1,18,13,13,139,218,317,139,240,345,20,1
훒,U+D6D2,18,13,14,139,218,318,139,240,346,26,1
훓,U+D6D3,18,13,15,139,218,319,139,240,347,36,1
훔,U+D6D4,18,13,16,139,218,320,139,240,348,35,1
훕,U+D6D5,18,13,17,139,218,321,139,240,349,34,1
훖,U+D6D6,18,13,18,139,218,322,139,240,350,43,1
훗,U+D6D7,18,13,19,139,218,323,139,240,351,29,1
훘,U+D6D8,18,13,20,139,218,324,139,240,352,35,1
훙,U+D6D9,18,13,21,139,218,325,139,240,353,37,1
훚,U+D6DA,18,13,22,139,218,326,139,240,354,22,1
훛,U+D6DB,18,13,23,139,218,327,139,240,355,25,1
훜,U+D6DC,18,13,24,139,218,328,139,240,356,20,1
훝,U+D6DD,18,13,25,139,218,329,139,240,357,23,1
훞,U+D6DE,18,13,26,139,218,330,139,240,358,32,1
훟,U+D6DF,18,13,27,139,218,331,139,240,359,31,1
훠,U+D6E0,18,14,0,79,175,-1,99,197,-1,0,0
훡,U+D6E1,18,14,1,159,219,333,159,241,277,12,1
훢,U+D6E2,18,14,2,159,219,334,159,241,278,18,1
훣,U+D6E3,18,14,3,159,219,335,159,241,279,38,1
훤,U+D6E4,18,14,4,159,219,336,159,241,280,19,1
훥,U+D6E5,18,14,5,159,219,337,159,241,281,20,1
훦,U+D6E6,18,14,6,159,219,338,159,241,282,22,1
훧,U+D6E7,18,14,7,159,219,339,159,241,283,18,1
훨,U+D6E8,18,14,8,159,219,340,159,241,284,18,1
훩,U+D6E9,18,14,9,159,219,341,159,241,285,28,1
훪,U+D6EA,18,14,10,159,219,342,159,241,286,26,1
훫,U+D6EB,18,14,11,159,219,343,159,241,287,26,1
훬,U+D6EC,18,14,12,159,219,344,159,241,288,40,1
훭,U+D6ED,18,14,13,159,219,345,159,241,289,20,1
훮,U+D6EE,18,14,14,159,219,346,159,241,290,26,1
훯,U+D6EF,18,14,15,159,219,347,159,241,291,36,1
훰,U+D6F0,18,14,16,159,219,348,159,241,292,25,1
훱,U+D6F1,18,14,17,159,219,349,159,241,293,25,1
훲,U+D6F2,18,14,18,159,219,350,159,241,294,44,1
훳,U+D6F3,18,14,19,159,219,351,159,241,295,30,1
훴,U+D6F4,18,14,20,159,219,352,159,241,296,36,1
훵,U+D6F5,18,14,21,159,219,353,159,241,297,34,1
훶,U+D6F6,18,14,22,159,219,354,159,241,298,33,1
훷,U+D6F7,18,14,23,159,219,355,159,241,299,24,1
훸,U+D6F8,18,14,24,159,219,356,159,241,300,14,1
훹,U+D6F9,18,14,25,159,219,357,159,241,301,20,1
훺,U+D6FA,18,14,26,159,219,358,159,241,302,32,1
훻,U+D6FB,18,14,27,159,219,359,159,241,303,28,1
훼,U+D6FC,18,15,0,79,176,-1,99,198,-1,0,0
훽,U+D6FD,18,15,1,159,220,333,159,242,305,19,1
훾,U+D6FE,18,15,2,159,220,334,159,242,306,31,1
훿,U+D6FF,18,15,3,159,220,335,159,242,307,37,1
휀,U+D700,18,15,4,159,220,336,159,242,308,24,1
휁,U+D701,18,15,5,159,220,337,159,242,309,40,1
휂,U+D702,18,15,6,159,220,338,159,242,310,33,1
휃,U+D703,18,15,7,159,220,339,159,242,311,22,1
휄,U+D704,18,15,8,159,220,340,159,242,312,23,1
휅,U+D705,18,15,9,159,220,341,159,242,313,35,1
휆,U+D706,18,15,10,159,220,342,159,242,314,26,1
휇,U+D707,18,15,11,159,220,343,159,242,315,26,1
휈,U+D708,18,15,12,159,220,344,159,242,316,40,1
휉,U+D709,18,15,13,159,220,345,159,242,317,20,1
휊,U+D70A,18,15,14,159,220,346,159,242,318,26,1
휋,U+D70B,18,15,15,159,220,347,159,242,319,36,1
휌,U+D70C,18,15,16,159,220,348,159,242,320,35,1
휍,U+D70D,18,15,17,159,220,349,159,242,321,35,1
휎,U+D70E,18,15,18,159,220,350,159,242,322,44,1
휏,U+D70F,18,15,19,159,220,351,159,242,323,30,1
휐,U+D710,18,15,20,159,220,352,159,242,324,36,1
휑,U+D711,18,15,21,159,220,353,159,242,325,38,1
휒,U+D712,18,15,22,159,220,354,159,242,326,22,1
휓,U+D713,18,15,23,159,220,355,159,242,327,26,1
휔,U+D714,18,15,24,159,220,356,159,242,328,20,1
휕,U+D715,18,15,25,159,220,357,159,242,329,23,1
휖,U+D716,18,15,26,159,220,358,159,242,330,32,1
휗,U+D717,18,15,27,159,220,359,159,242,331,32,1
휘,U+D718,18,16,0,79,177,-1,99,199,-1,0,0
휙,U+D719,18,16,1,159,221,333,159,243,277,12,1
휚,U+D71A,18,16,2,159,221,334,159,243,278,18,1
휛,U+D71B,18,16,3,159,221,335,159,243,279,38,1
휜,U+D71C,18,16,4,159,221,336,159,243,280,19,1
휝,U+D71D,18,16,5,159,221,337,159,243,281,20,1
휞,U+D71E,18,16,6,159,221,338,159,243,282,22,1
휟,U+D71F,18,16,7,159,221,339,159,243,283,18,1
휠,U+D720,18,16,8,159,221,340,159,243,284,18,1
휡,U+D721,18,16,9,159,221,341,159,243,285,28,1
휢,U+D722,18,16,10,159,221,342,159,243,286,26,1
휣,U+D723,18,16,11,159,221,343,159,243,287,26,1
휤,U+D724,18,16,12,159,221,344,159,243,288,40,1
휥,U+D725,18,16,13,159,221,345,159,243,289,20,1
휦,U+D726,18,16,14,159,221,346,159,243,290,26,1
휧,U+D727,18,16,15,159,221,347,159,243,291,36,1
휨,U+D728,18,16,16,159,221,348,159,243,292,25,1
휩,U+D729,18,16,17,159,221,349,159,243,293,25,1
휪,U+D72A,18,16,18,159,221,350,159,243,294,44,1
휫,U+D72B,18,16,19,159,221,351,159,243,295,30,1
휬,U+D72C,18,16,20,159,221,352,159,243,296,36,1
휭,U+D72D,18,16,21,159,221,353,159,243,297,34,1
휮,U+D72E,18,16,22,159,221,354,159,243,298,33,1
휯,U+D72F,18,16,23,159,221,355,159,243,299,24,1
휰,U+D730,18,16,24,159,221,356,159,243,300,14,1
휱,U+D731,18,16,25,159,221,357,159,243,301,20,1
휲,U+D732,18,16,26,159,221,358,159,243,302,32,1
휳,U+D733,18,16,27,159,221,359,159,243,303,28,1
휴,U+D734,18,17,0,59,178,-1,59,200,-1,0,0
휵,U+D735,18,17,1,139,222,305,139,244,333,18,1
휶,U+D736,18,17,2,139,222,306,139,244,334,31,1
휷,U+D737,18,17,3,139,222,307,139,244,335,36,1
휸,U+D738,18,17,4,139,222,308,139,244,336,23,1
휹,U+D739,18,17,5,139,222,309,139,244,337,39,1
휺,U+D73A,18,17,6,139,222,310,139,244,338,33,1
휻,U+D73B,18,17,7,139,222,311,139,244,339,21,1
휼,U+D73C,18,17,8,139,222,312,139,244,340,22,1
휽,U+D73D,18,17,9,139,222,313,139,244,341,35,1
휾,U+D73E,18,17,10,139,222,314,139,244,342,25,1
휿,U+D73F,18,17,11,139,222,315,139,244,343,25,1
흀,U+D740,18,17,12,139,222,316,139,244,344,39,1
흁,U+D741,18,17,13,139,222,317,139,244,345,19,1
흂,U+D742,18,17,14,139,222,318,139,244,346,25,1
흃,U+D743,18,17,15,139,222,319,139,244,347,35,1
흄,U+D744,18,17,16,139,222,320,139,244,348,34,1
흅,U+D745,18,17,17,139,222,321,139,244,349,34,1
흆,U+D746,18,17,18,139,222,322,139,244,350,42,1
흇,U+D747,18,17,19,139,222,323,139,244,351,29,1
흈,U+D748,18,17,20,139,222,324,139,244,352,36,1
흉,U+D749,18,17,21,139,222,325,139,244,353,37,1
흊,U+D74A,18,17,22,139,222,326,139,244,354,22,1
흋,U+D74B,18,17,23,139,222,327,139,244,355,25,1
흌,U+D74C,18,17,24,139,222,328,139,244,356,19,1
흍,U+D74D,18,17,25,139,222,329,139,244,357,22,1
흎,U+D74E,18,17,26,139,222,330,139,244,358,32,1
흏,U+D74F,18,17,27,139,222,331,139,244,359,32,1
흐,U+D750,18,18,0,39,179,-1,39,201,-1,0,0
흑,U+D751,18,18,1,119,223,277,139,245,333,54,1
흒,U+D752,18,18,2,119,223,278,139,245,334,60,1
흓,U+D753,18,18,3,119,223,279,139,245,335,80,1
흔,U+D754,18,18,4,119,223,280,139,245,336,61,1
흕,U+D755,18,18,5,119,223,281,139,245,337,62,1
흖,U+D756,18,18,6,119,223,282,139,245,338,64,1
흗,U+D757,18,18,7,119,223,283,139,245,339,60,1
흘,U+D758,18,18,8,119,223,284,139,245,340,60,1
흙,U+D759,18,18,9,119,223,285,139,245,341,70,1
흚,U+D75A,18,18,10,119,223,286,139,245,342,68,1
흛,U+D75B,18,18,11,119,223,287,139,245,343,68,1
흜,U+D75C,18,18,12,119,223,288,139,245,344,82,1
흝,U+D75D,18,18,13,119,223,289,139,245,345,62,1
흞,U+D75E,18,18,14,119,223,290,139,245,346,68,1
흟,U+D75F,18,18,15,119,223,291,139,245,347,78,1
흠,U+D760,18,18,16,119,223,292,139,245,348,67,1
흡,U+D761,18,18,17,119,223,293,139,245,349,67,1
흢,U+D762,18,18,18,119,223,294,139,245,350,86,1
흣,U+D763,18,18,19,119,223,295,139,245,351,72,1
흤,U+D764,18,18,20,119,223,296,139,245,352,78,1
흥,U+D765,18,18,21,119,223,297,139,245,353,76,1
흦,U+D766,18,18,22,119,223,298,139,245,354,75,1
흧,U+D767,18,18,23,119,223,299,139,245,355,66,1
흨,U+D768,18,18,24,119,223,300,139,245,356,56,1
흩,U+D769,18,18,25,119,223,301,139,245,357,62,1
흪,U+D76A,18,18,26,119,223,302,139,245,358,74,1
흫,U+D76B,18,18,27,119,223,303,139,245,359,70,1
희,U+D76C,18,19,0,79,180,-1,79,202,-1,0,0
흭,U+D76D,18,19,1,159,224,333,159,246,277,12,1
흮,U+D76E,18,19,2,159,224,334,159,246,278,18,1
흯,U+D76F,18,19,3,159,224,335,159,246,279,38,1
흰,U+D770,18,19,4,159,224,336,159,246,280,19,1
흱,U+D771,18,19,5,159,224,337,159,246,281,20,1
흲,U+D772,18,19,6,159,224,338,159,246,282,22,1
흳,U+D773,18,19,7,159,224,339,159,246,283,18,1
흴,U+D774,18,19,8,159,224,340,159,246,284,18,1
흵,U+D775,18,19,9,159,224,341,159,246,285,28,1
흶,U+D776,18,19,10,159,224,342,159,246,286,26,1
흷,U+D777,18,19,11,159,224,343,159,246,287,26,1
흸,U+D778,18,19,12,159,224,344,159,246,288,40,1
흹,U+D779,18,19,13,159,224,345,159,246,289,20,1
흺,U+D77A,18,19,14,159,224,346,159,246,290,26,1
흻,U+D77B,18,19,15,159,224,347,159,246,291,36,1
흼,U+D77C,18,19,16,159,224,348,159,246,292,25,1
흽,U+D77D,18,19,17,159,224,349,159,246,293,25,1
흾,U+D77E,18,19,18,159,224,350,159,246,294,44,1
흿,U+D77F,18,19,19,159,224,351,159,246,295,30,1
힀,U+D780,18,19,20,159,224,352,159,246,296,36,1
힁,U+D781,18,19,21,159,224,353,159,246,297,34,1
힂,U+D782,18,19,22,159,224,354,159,246,298,33,1
힃,U+D783,18,19,23,159,224,355,159,246,299,24,1
힄,U+D784,18,19,24,159,224,356,159,246,300,14,1
힅,U+D785,18,19,25,159,224,357,159,246,301,20,1
힆,U+D786,18,19,26,159,224,358,159,246,302,32,1
힇,U+D787,18,19,27,159,224,359,159,246,303,28,1
히,U+D788,18,20,0,19,181,-1,19,203,-1,0,0
힉,U+D789,18,20,1,99,225,249,119,247,277,22,1
힊,U+D78A,18,20,2,99,225,250,119,247,278,22,1
힋,U+D78B,18,20,3,99,225,251,119,247,279,22,1
힌,U+D78C,18,20,4,99,225,252,119,247,280,22,1
힍,U+D78D,18,20,5,99,225,253,119,247,281,22,1
힎,U+D78E,18,20,6,99,225,254,119,247,282,22,1
힏,U+D78F,18,20,7,99,225,255,119,247,283,22,1
힐,U+D790,18,20,8,99,225,256,119,247,284,22,1
힑,U+D791,18,20,9,99,225,257,119,247,285,22,1
힒,U+D792,18,20,10,99,225,258,119,247,286,22,1
힓,U+D793,18,20,11,99,225,259,119,247,287,22,1
힔,U+D794,18,20,12,99,225,260,119,247,288,22,1
힕,U+D795,18,20,13,99,225,261,119,247,289,22,1
힖,U+D796,18,20,14,99,225,262,119,247,290,22,1
힗,U+D797,18,20,15,99,225,263,119,247,291,22,1
힘,U+D798,18,20,16,99,225,264,119,247,292,22,1
힙,U+D799,18,20,17,99,225,265,119,247,293,22,1
힚,U+D79A,18,20,18,99,225,266,119,247,294,22,1
힛,U+D79B,18,20,19,99,225,267,119,247,295,22,1
힜,U+D79C,18,20,20,99,225,268,119,247,296,22,1
힝,U+D79D,18,20,21,99,225,269,119,247,297,22,1
힞,U+D79E,18,20,22,99,225,270,119,247,298,22,1
힟,U+D79F,18,20,23,99,225,271,119,247,299,22,1
힠,U+D7A0,18,20,24,99,225,272,119,247,300,22,1
힡,U+D7A1,18,20,25,99,225,273,119,247,301,22,1
힢,U+D7A2,18,20,26,99,225,274,119,247,302,22,1
힣,U+D7A3,18,20,27,99,225,275,119,247,303,22,1
