state,classification,media_hint,probe_matches,probe_total,region,start,end_exclusive,bytes,all_zero,matches_reference,sha256,nonzero_bytes
C:\Users\Administrator\AppData\Local\DuckStation\savestates\HASH-101175C83D552C3_1.sav,other_or_unknown,,0,4,e2_or_wrapper,0x8018FCD0,0x8018FDC5,245,0,0,4816801FC4700CE9FAE1D2E6537F553ACE63B6B3CD6DB30B9BB4A7D8505BAA3B,131
C:\Users\Administrator\AppData\Local\DuckStation\savestates\HASH-101175C83D552C3_1.sav,other_or_unknown,,0,4,bank_helper,0x80193B44,0x80193BC4,128,0,0,B52E175EB6F9441D32F8D8D886529B250143E493A207C4F03C54C9E1C96D78A4,100
C:\Users\Administrator\AppData\Local\DuckStation\savestates\HASH-101175C83D552C3_1.sav,other_or_unknown,,0,4,wrapper_candidate,0x801A2074,0x801A2304,656,0,0,383715790A2728D924E52648E3024066833BDD4D7E0529A4805DA0374A82916B,392
C:\Users\Administrator\AppData\Local\DuckStation\savestates\HASH-101175C83D552C3_1.sav,other_or_unknown,,0,4,ui_or_coord_table,0x801A7460,0x801A7860,1024,0,0,7A56DABFAC185758C37F88C94734B3338CA1DE8F7B7B4EC178D64907759E9893,904
C:\Users\Administrator\AppData\Local\DuckStation\savestates\HASH-101175C83D552C3_2.sav,other_or_unknown,,0,4,e2_or_wrapper,0x8018FCD0,0x8018FDC5,245,0,0,4816801FC4700CE9FAE1D2E6537F553ACE63B6B3CD6DB30B9BB4A7D8505BAA3B,131
C:\Users\Administrator\AppData\Local\DuckStation\savestates\HASH-101175C83D552C3_2.sav,other_or_unknown,,0,4,bank_helper,0x80193B44,0x80193BC4,128,0,0,B52E175EB6F9441D32F8D8D886529B250143E493A207C4F03C54C9E1C96D78A4,100
C:\Users\Administrator\AppData\Local\DuckStation\savestates\HASH-101175C83D552C3_2.sav,other_or_unknown,,0,4,wrapper_candidate,0x801A2074,0x801A2304,656,0,0,383715790A2728D924E52648E3024066833BDD4D7E0529A4805DA0374A82916B,392
C:\Users\Administrator\AppData\Local\DuckStation\savestates\HASH-101175C83D552C3_2.sav,other_or_unknown,,0,4,ui_or_coord_table,0x801A7460,0x801A7860,1024,0,0,7A56DABFAC185758C37F88C94734B3338CA1DE8F7B7B4EC178D64907759E9893,904
C:\Users\Administrator\AppData\Local\DuckStation\savestates\HASH-101175C83D552C3_3.sav,other_or_unknown,,0,4,e2_or_wrapper,0x8018FCD0,0x8018FDC5,245,0,0,4816801FC4700CE9FAE1D2E6537F553ACE63B6B3CD6DB30B9BB4A7D8505BAA3B,131
C:\Users\Administrator\AppData\Local\DuckStation\savestates\HASH-101175C83D552C3_3.sav,other_or_unknown,,0,4,bank_helper,0x80193B44,0x80193BC4,128,0,0,B52E175EB6F9441D32F8D8D886529B250143E493A207C4F03C54C9E1C96D78A4,100
C:\Users\Administrator\AppData\Local\DuckStation\savestates\HASH-101175C83D552C3_3.sav,other_or_unknown,,0,4,wrapper_candidate,0x801A2074,0x801A2304,656,0,0,383715790A2728D924E52648E3024066833BDD4D7E0529A4805DA0374A82916B,392
C:\Users\Administrator\AppData\Local\DuckStation\savestates\HASH-101175C83D552C3_3.sav,other_or_unknown,,0,4,ui_or_coord_table,0x801A7460,0x801A7860,1024,0,0,7A56DABFAC185758C37F88C94734B3338CA1DE8F7B7B4EC178D64907759E9893,904
C:\Users\Administrator\AppData\Local\DuckStation\savestates\HASH-101175C83D552C3_resume.sav,other_or_unknown,,0,4,e2_or_wrapper,0x8018FCD0,0x8018FDC5,245,0,0,4816801FC4700CE9FAE1D2E6537F553ACE63B6B3CD6DB30B9BB4A7D8505BAA3B,131
C:\Users\Administrator\AppData\Local\DuckStation\savestates\HASH-101175C83D552C3_resume.sav,other_or_unknown,,0,4,bank_helper,0x80193B44,0x80193BC4,128,0,0,B52E175EB6F9441D32F8D8D886529B250143E493A207C4F03C54C9E1C96D78A4,100
C:\Users\Administrator\AppData\Local\DuckStation\savestates\HASH-101175C83D552C3_resume.sav,other_or_unknown,,0,4,wrapper_candidate,0x801A2074,0x801A2304,656,0,0,383715790A2728D924E52648E3024066833BDD4D7E0529A4805DA0374A82916B,392
C:\Users\Administrator\AppData\Local\DuckStation\savestates\HASH-101175C83D552C3_resume.sav,other_or_unknown,,0,4,ui_or_coord_table,0x801A7460,0x801A7860,1024,0,0,7A56DABFAC185758C37F88C94734B3338CA1DE8F7B7B4EC178D64907759E9893,904
C:\Users\Administrator\AppData\Local\DuckStation\savestates\HASH-114D2FC633C88FCE_1.sav,other_or_unknown,,0,4,e2_or_wrapper,0x8018FCD0,0x8018FDC5,245,0,0,4816801FC4700CE9FAE1D2E6537F553ACE63B6B3CD6DB30B9BB4A7D8505BAA3B,131
C:\Users\Administrator\AppData\Local\DuckStation\savestates\HASH-114D2FC633C88FCE_1.sav,other_or_unknown,,0,4,bank_helper,0x80193B44,0x80193BC4,128,1,1,38723A2E5E8A17AA7950DC008209944E898F69A7BD10A23C839D341E935FD5CA,0
C:\Users\Administrator\AppData\Local\DuckStation\savestates\HASH-114D2FC633C88FCE_1.sav,other_or_unknown,,0,4,wrapper_candidate,0x801A2074,0x801A2304,656,0,0,4969A9A366108A03EF14CC063AC38B0D3EFB51902FA31B8A492F96284671C673,414
C:\Users\Administrator\AppData\Local\DuckStation\savestates\HASH-114D2FC633C88FCE_1.sav,other_or_unknown,,0,4,ui_or_coord_table,0x801A7460,0x801A7860,1024,0,0,7A56DABFAC185758C37F88C94734B3338CA1DE8F7B7B4EC178D64907759E9893,904
C:\Users\Administrator\AppData\Local\DuckStation\savestates\HASH-114D2FC633C88FCE_2.sav,other_or_unknown,,0,4,e2_or_wrapper,0x8018FCD0,0x8018FDC5,245,0,0,4816801FC4700CE9FAE1D2E6537F553ACE63B6B3CD6DB30B9BB4A7D8505BAA3B,131
C:\Users\Administrator\AppData\Local\DuckStation\savestates\HASH-114D2FC633C88FCE_2.sav,other_or_unknown,,0,4,bank_helper,0x80193B44,0x80193BC4,128,1,1,38723A2E5E8A17AA7950DC008209944E898F69A7BD10A23C839D341E935FD5CA,0
C:\Users\Administrator\AppData\Local\DuckStation\savestates\HASH-114D2FC633C88FCE_2.sav,other_or_unknown,,0,4,wrapper_candidate,0x801A2074,0x801A2304,656,0,0,4969A9A366108A03EF14CC063AC38B0D3EFB51902FA31B8A492F96284671C673,414
C:\Users\Administrator\AppData\Local\DuckStation\savestates\HASH-114D2FC633C88FCE_2.sav,other_or_unknown,,0,4,ui_or_coord_table,0x801A7460,0x801A7860,1024,0,0,7A56DABFAC185758C37F88C94734B3338CA1DE8F7B7B4EC178D64907759E9893,904
C:\Users\Administrator\AppData\Local\DuckStation\savestates\HASH-114D2FC633C88FCE_resume.sav,other_or_unknown,,0,4,e2_or_wrapper,0x8018FCD0,0x8018FDC5,245,0,0,4816801FC4700CE9FAE1D2E6537F553ACE63B6B3CD6DB30B9BB4A7D8505BAA3B,131
C:\Users\Administrator\AppData\Local\DuckStation\savestates\HASH-114D2FC633C88FCE_resume.sav,other_or_unknown,,0,4,bank_helper,0x80193B44,0x80193BC4,128,1,1,38723A2E5E8A17AA7950DC008209944E898F69A7BD10A23C839D341E935FD5CA,0
C:\Users\Administrator\AppData\Local\DuckStation\savestates\HASH-114D2FC633C88FCE_resume.sav,other_or_unknown,,0,4,wrapper_candidate,0x801A2074,0x801A2304,656,0,0,4969A9A366108A03EF14CC063AC38B0D3EFB51902FA31B8A492F96284671C673,414
C:\Users\Administrator\AppData\Local\DuckStation\savestates\HASH-114D2FC633C88FCE_resume.sav,other_or_unknown,,0,4,ui_or_coord_table,0x801A7460,0x801A7860,1024,0,0,7A56DABFAC185758C37F88C94734B3338CA1DE8F7B7B4EC178D64907759E9893,904
C:\Users\Administrator\AppData\Local\DuckStation\savestates\HASH-11CEE3D6EFD0E09B_resume.sav,other_or_unknown,,0,4,e2_or_wrapper,0x8018FCD0,0x8018FDC5,245,0,0,4816801FC4700CE9FAE1D2E6537F553ACE63B6B3CD6DB30B9BB4A7D8505BAA3B,131
C:\Users\Administrator\AppData\Local\DuckStation\savestates\HASH-11CEE3D6EFD0E09B_resume.sav,other_or_unknown,,0,4,bank_helper,0x80193B44,0x80193BC4,128,1,1,38723A2E5E8A17AA7950DC008209944E898F69A7BD10A23C839D341E935FD5CA,0
C:\Users\Administrator\AppData\Local\DuckStation\savestates\HASH-11CEE3D6EFD0E09B_resume.sav,other_or_unknown,,0,4,wrapper_candidate,0x801A2074,0x801A2304,656,1,1,E06E79CDFEDFC6D6107B945613E65B2DE3A209E40115B9B00AB048D2B91CD7D5,0
C:\Users\Administrator\AppData\Local\DuckStation\savestates\HASH-11CEE3D6EFD0E09B_resume.sav,other_or_unknown,,0,4,ui_or_coord_table,0x801A7460,0x801A7860,1024,0,0,15BA54950B33EAFCA7D3B9A0693AB182E36B43C9DF68B5194E69137EAFDD92F7,934
C:\Users\Administrator\AppData\Local\DuckStation\savestates\HASH-124B7457BEE4A10F_1.sav,other_or_unknown,,0,4,e2_or_wrapper,0x8018FCD0,0x8018FDC5,245,0,0,4816801FC4700CE9FAE1D2E6537F553ACE63B6B3CD6DB30B9BB4A7D8505BAA3B,131
C:\Users\Administrator\AppData\Local\DuckStation\savestates\HASH-124B7457BEE4A10F_1.sav,other_or_unknown,,0,4,bank_helper,0x80193B44,0x80193BC4,128,1,1,38723A2E5E8A17AA7950DC008209944E898F69A7BD10A23C839D341E935FD5CA,0
C:\Users\Administrator\AppData\Local\DuckStation\savestates\HASH-124B7457BEE4A10F_1.sav,other_or_unknown,,0,4,wrapper_candidate,0x801A2074,0x801A2304,656,0,0,1504E45F5E16E56DD51D79050DB055CFA2F002DEDC801E79081AAAA07E431DF2,421
C:\Users\Administrator\AppData\Local\DuckStation\savestates\HASH-124B7457BEE4A10F_1.sav,other_or_unknown,,0,4,ui_or_coord_table,0x801A7460,0x801A7860,1024,0,0,5C350F186BC5059DC34D73515C07E39E1BCF263EC6A2319AF7E211F88C0B42E6,855
C:\Users\Administrator\AppData\Local\DuckStation\savestates\HASH-124B7457BEE4A10F_2.sav,other_or_unknown,,0,4,e2_or_wrapper,0x8018FCD0,0x8018FDC5,245,0,0,4816801FC4700CE9FAE1D2E6537F553ACE63B6B3CD6DB30B9BB4A7D8505BAA3B,131
C:\Users\Administrator\AppData\Local\DuckStation\savestates\HASH-124B7457BEE4A10F_2.sav,other_or_unknown,,0,4,bank_helper,0x80193B44,0x80193BC4,128,1,1,38723A2E5E8A17AA7950DC008209944E898F69A7BD10A23C839D341E935FD5CA,0
C:\Users\Administrator\AppData\Local\DuckStation\savestates\HASH-124B7457BEE4A10F_2.sav,other_or_unknown,,0,4,wrapper_candidate,0x801A2074,0x801A2304,656,0,0,1504E45F5E16E56DD51D79050DB055CFA2F002DEDC801E79081AAAA07E431DF2,421
C:\Users\Administrator\AppData\Local\DuckStation\savestates\HASH-124B7457BEE4A10F_2.sav,other_or_unknown,,0,4,ui_or_coord_table,0x801A7460,0x801A7860,1024,0,0,5C350F186BC5059DC34D73515C07E39E1BCF263EC6A2319AF7E211F88C0B42E6,855
C:\Users\Administrator\AppData\Local\DuckStation\savestates\HASH-124B7457BEE4A10F_3.sav,other_or_unknown,,0,4,e2_or_wrapper,0x8018FCD0,0x8018FDC5,245,0,0,4816801FC4700CE9FAE1D2E6537F553ACE63B6B3CD6DB30B9BB4A7D8505BAA3B,131
C:\Users\Administrator\AppData\Local\DuckStation\savestates\HASH-124B7457BEE4A10F_3.sav,other_or_unknown,,0,4,bank_helper,0x80193B44,0x80193BC4,128,1,1,38723A2E5E8A17AA7950DC008209944E898F69A7BD10A23C839D341E935FD5CA,0
C:\Users\Administrator\AppData\Local\DuckStation\savestates\HASH-124B7457BEE4A10F_3.sav,other_or_unknown,,0,4,wrapper_candidate,0x801A2074,0x801A2304,656,0,0,1504E45F5E16E56DD51D79050DB055CFA2F002DEDC801E79081AAAA07E431DF2,421
C:\Users\Administrator\AppData\Local\DuckStation\savestates\HASH-124B7457BEE4A10F_3.sav,other_or_unknown,,0,4,ui_or_coord_table,0x801A7460,0x801A7860,1024,0,0,5C350F186BC5059DC34D73515C07E39E1BCF263EC6A2319AF7E211F88C0B42E6,855
C:\Users\Administrator\AppData\Local\DuckStation\savestates\HASH-124B7457BEE4A10F_4.sav,other_or_unknown,,0,4,e2_or_wrapper,0x8018FCD0,0x8018FDC5,245,0,0,4816801FC4700CE9FAE1D2E6537F553ACE63B6B3CD6DB30B9BB4A7D8505BAA3B,131
C:\Users\Administrator\AppData\Local\DuckStation\savestates\HASH-124B7457BEE4A10F_4.sav,other_or_unknown,,0,4,bank_helper,0x80193B44,0x80193BC4,128,1,1,38723A2E5E8A17AA7950DC008209944E898F69A7BD10A23C839D341E935FD5CA,0
C:\Users\Administrator\AppData\Local\DuckStation\savestates\HASH-124B7457BEE4A10F_4.sav,other_or_unknown,,0,4,wrapper_candidate,0x801A2074,0x801A2304,656,0,0,1504E45F5E16E56DD51D79050DB055CFA2F002DEDC801E79081AAAA07E431DF2,421
C:\Users\Administrator\AppData\Local\DuckStation\savestates\HASH-124B7457BEE4A10F_4.sav,other_or_unknown,,0,4,ui_or_coord_table,0x801A7460,0x801A7860,1024,0,0,5C350F186BC5059DC34D73515C07E39E1BCF263EC6A2319AF7E211F88C0B42E6,855
C:\Users\Administrator\AppData\Local\DuckStation\savestates\HASH-124B7457BEE4A10F_5.sav,other_or_unknown,,0,4,e2_or_wrapper,0x8018FCD0,0x8018FDC5,245,0,0,4816801FC4700CE9FAE1D2E6537F553ACE63B6B3CD6DB30B9BB4A7D8505BAA3B,131
C:\Users\Administrator\AppData\Local\DuckStation\savestates\HASH-124B7457BEE4A10F_5.sav,other_or_unknown,,0,4,bank_helper,0x80193B44,0x80193BC4,128,1,1,38723A2E5E8A17AA7950DC008209944E898F69A7BD10A23C839D341E935FD5CA,0
C:\Users\Administrator\AppData\Local\DuckStation\savestates\HASH-124B7457BEE4A10F_5.sav,other_or_unknown,,0,4,wrapper_candidate,0x801A2074,0x801A2304,656,0,0,1504E45F5E16E56DD51D79050DB055CFA2F002DEDC801E79081AAAA07E431DF2,421
C:\Users\Administrator\AppData\Local\DuckStation\savestates\HASH-124B7457BEE4A10F_5.sav,other_or_unknown,,0,4,ui_or_coord_table,0x801A7460,0x801A7860,1024,0,0,5C350F186BC5059DC34D73515C07E39E1BCF263EC6A2319AF7E211F88C0B42E6,855
C:\Users\Administrator\AppData\Local\DuckStation\savestates\HASH-124B7457BEE4A10F_6.sav,other_or_unknown,,0,4,e2_or_wrapper,0x8018FCD0,0x8018FDC5,245,0,0,4816801FC4700CE9FAE1D2E6537F553ACE63B6B3CD6DB30B9BB4A7D8505BAA3B,131
C:\Users\Administrator\AppData\Local\DuckStation\savestates\HASH-124B7457BEE4A10F_6.sav,other_or_unknown,,0,4,bank_helper,0x80193B44,0x80193BC4,128,1,1,38723A2E5E8A17AA7950DC008209944E898F69A7BD10A23C839D341E935FD5CA,0
C:\Users\Administrator\AppData\Local\DuckStation\savestates\HASH-124B7457BEE4A10F_6.sav,other_or_unknown,,0,4,wrapper_candidate,0x801A2074,0x801A2304,656,0,0,1504E45F5E16E56DD51D79050DB055CFA2F002DEDC801E79081AAAA07E431DF2,421
C:\Users\Administrator\AppData\Local\DuckStation\savestates\HASH-124B7457BEE4A10F_6.sav,other_or_unknown,,0,4,ui_or_coord_table,0x801A7460,0x801A7860,1024,0,0,5C350F186BC5059DC34D73515C07E39E1BCF263EC6A2319AF7E211F88C0B42E6,855
C:\Users\Administrator\AppData\Local\DuckStation\savestates\HASH-124B7457BEE4A10F_7.sav,other_or_unknown,,0,4,e2_or_wrapper,0x8018FCD0,0x8018FDC5,245,0,0,4816801FC4700CE9FAE1D2E6537F553ACE63B6B3CD6DB30B9BB4A7D8505BAA3B,131
C:\Users\Administrator\AppData\Local\DuckStation\savestates\HASH-124B7457BEE4A10F_7.sav,other_or_unknown,,0,4,bank_helper,0x80193B44,0x80193BC4,128,1,1,38723A2E5E8A17AA7950DC008209944E898F69A7BD10A23C839D341E935FD5CA,0
C:\Users\Administrator\AppData\Local\DuckStation\savestates\HASH-124B7457BEE4A10F_7.sav,other_or_unknown,,0,4,wrapper_candidate,0x801A2074,0x801A2304,656,0,0,1504E45F5E16E56DD51D79050DB055CFA2F002DEDC801E79081AAAA07E431DF2,421
C:\Users\Administrator\AppData\Local\DuckStation\savestates\HASH-124B7457BEE4A10F_7.sav,other_or_unknown,,0,4,ui_or_coord_table,0x801A7460,0x801A7860,1024,0,0,5C350F186BC5059DC34D73515C07E39E1BCF263EC6A2319AF7E211F88C0B42E6,855
C:\Users\Administrator\AppData\Local\DuckStation\savestates\HASH-124B7457BEE4A10F_resume.sav,other_or_unknown,,0,4,e2_or_wrapper,0x8018FCD0,0x8018FDC5,245,0,0,4816801FC4700CE9FAE1D2E6537F553ACE63B6B3CD6DB30B9BB4A7D8505BAA3B,131
C:\Users\Administrator\AppData\Local\DuckStation\savestates\HASH-124B7457BEE4A10F_resume.sav,other_or_unknown,,0,4,bank_helper,0x80193B44,0x80193BC4,128,1,1,38723A2E5E8A17AA7950DC008209944E898F69A7BD10A23C839D341E935FD5CA,0
C:\Users\Administrator\AppData\Local\DuckStation\savestates\HASH-124B7457BEE4A10F_resume.sav,other_or_unknown,,0,4,wrapper_candidate,0x801A2074,0x801A2304,656,0,0,1504E45F5E16E56DD51D79050DB055CFA2F002DEDC801E79081AAAA07E431DF2,421
C:\Users\Administrator\AppData\Local\DuckStation\savestates\HASH-124B7457BEE4A10F_resume.sav,other_or_unknown,,0,4,ui_or_coord_table,0x801A7460,0x801A7860,1024,0,0,5C350F186BC5059DC34D73515C07E39E1BCF263EC6A2319AF7E211F88C0B42E6,855
C:\Users\Administrator\AppData\Local\DuckStation\savestates\HASH-12BD1585B27C0E7E_resume.sav,other_or_unknown,,0,4,e2_or_wrapper,0x8018FCD0,0x8018FDC5,245,0,0,4816801FC4700CE9FAE1D2E6537F553ACE63B6B3CD6DB30B9BB4A7D8505BAA3B,131
C:\Users\Administrator\AppData\Local\DuckStation\savestates\HASH-12BD1585B27C0E7E_resume.sav,other_or_unknown,,0,4,bank_helper,0x80193B44,0x80193BC4,128,1,1,38723A2E5E8A17AA7950DC008209944E898F69A7BD10A23C839D341E935FD5CA,0
C:\Users\Administrator\AppData\Local\DuckStation\savestates\HASH-12BD1585B27C0E7E_resume.sav,other_or_unknown,,0,4,wrapper_candidate,0x801A2074,0x801A2304,656,0,0,EA8100A258DEBE8CE504716BA0ECE557266B58A45A356D95310879762E9AD4AD,421
C:\Users\Administrator\AppData\Local\DuckStation\savestates\HASH-12BD1585B27C0E7E_resume.sav,other_or_unknown,,0,4,ui_or_coord_table,0x801A7460,0x801A7860,1024,0,0,54F516CCF75B9BFC66404945F46AE4298FAAB5A32C95656A75C99A893ED0F9ED,932
C:\Users\Administrator\AppData\Local\DuckStation\savestates\HASH-16E02DB5ADC15916_1.sav,other_or_unknown,,0,4,e2_or_wrapper,0x8018FCD0,0x8018FDC5,245,0,0,4816801FC4700CE9FAE1D2E6537F553ACE63B6B3CD6DB30B9BB4A7D8505BAA3B,131
C:\Users\Administrator\AppData\Local\DuckStation\savestates\HASH-16E02DB5ADC15916_1.sav,other_or_unknown,,0,4,bank_helper,0x80193B44,0x80193BC4,128,1,1,38723A2E5E8A17AA7950DC008209944E898F69A7BD10A23C839D341E935FD5CA,0
C:\Users\Administrator\AppData\Local\DuckStation\savestates\HASH-16E02DB5ADC15916_1.sav,other_or_unknown,,0,4,wrapper_candidate,0x801A2074,0x801A2304,656,0,0,B612497C556A8EF84008900934595AEE18AF2468D6DDD5A3967851A27E05FCFD,414
C:\Users\Administrator\AppData\Local\DuckStation\savestates\HASH-16E02DB5ADC15916_1.sav,other_or_unknown,,0,4,ui_or_coord_table,0x801A7460,0x801A7860,1024,0,0,7A56DABFAC185758C37F88C94734B3338CA1DE8F7B7B4EC178D64907759E9893,904
C:\Users\Administrator\AppData\Local\DuckStation\savestates\HASH-16E02DB5ADC15916_2.sav,other_or_unknown,,0,4,e2_or_wrapper,0x8018FCD0,0x8018FDC5,245,0,0,4816801FC4700CE9FAE1D2E6537F553ACE63B6B3CD6DB30B9BB4A7D8505BAA3B,131
C:\Users\Administrator\AppData\Local\DuckStation\savestates\HASH-16E02DB5ADC15916_2.sav,other_or_unknown,,0,4,bank_helper,0x80193B44,0x80193BC4,128,1,1,38723A2E5E8A17AA7950DC008209944E898F69A7BD10A23C839D341E935FD5CA,0
C:\Users\Administrator\AppData\Local\DuckStation\savestates\HASH-16E02DB5ADC15916_2.sav,other_or_unknown,,0,4,wrapper_candidate,0x801A2074,0x801A2304,656,0,0,B612497C556A8EF84008900934595AEE18AF2468D6DDD5A3967851A27E05FCFD,414
C:\Users\Administrator\AppData\Local\DuckStation\savestates\HASH-16E02DB5ADC15916_2.sav,other_or_unknown,,0,4,ui_or_coord_table,0x801A7460,0x801A7860,1024,0,0,7A56DABFAC185758C37F88C94734B3338CA1DE8F7B7B4EC178D64907759E9893,904
C:\Users\Administrator\AppData\Local\DuckStation\savestates\HASH-16E02DB5ADC15916_3.sav,other_or_unknown,,0,4,e2_or_wrapper,0x8018FCD0,0x8018FDC5,245,0,0,4816801FC4700CE9FAE1D2E6537F553ACE63B6B3CD6DB30B9BB4A7D8505BAA3B,131
C:\Users\Administrator\AppData\Local\DuckStation\savestates\HASH-16E02DB5ADC15916_3.sav,other_or_unknown,,0,4,bank_helper,0x80193B44,0x80193BC4,128,1,1,38723A2E5E8A17AA7950DC008209944E898F69A7BD10A23C839D341E935FD5CA,0
C:\Users\Administrator\AppData\Local\DuckStation\savestates\HASH-16E02DB5ADC15916_3.sav,other_or_unknown,,0,4,wrapper_candidate,0x801A2074,0x801A2304,656,0,0,B612497C556A8EF84008900934595AEE18AF2468D6DDD5A3967851A27E05FCFD,414
C:\Users\Administrator\AppData\Local\DuckStation\savestates\HASH-16E02DB5ADC15916_3.sav,other_or_unknown,,0,4,ui_or_coord_table,0x801A7460,0x801A7860,1024,0,0,7A56DABFAC185758C37F88C94734B3338CA1DE8F7B7B4EC178D64907759E9893,904
C:\Users\Administrator\AppData\Local\DuckStation\savestates\HASH-16E02DB5ADC15916_resume.sav,other_or_unknown,,0,4,e2_or_wrapper,0x8018FCD0,0x8018FDC5,245,0,0,4816801FC4700CE9FAE1D2E6537F553ACE63B6B3CD6DB30B9BB4A7D8505BAA3B,131
C:\Users\Administrator\AppData\Local\DuckStation\savestates\HASH-16E02DB5ADC15916_resume.sav,other_or_unknown,,0,4,bank_helper,0x80193B44,0x80193BC4,128,1,1,38723A2E5E8A17AA7950DC008209944E898F69A7BD10A23C839D341E935FD5CA,0
C:\Users\Administrator\AppData\Local\DuckStation\savestates\HASH-16E02DB5ADC15916_resume.sav,other_or_unknown,,0,4,wrapper_candidate,0x801A2074,0x801A2304,656,0,0,B612497C556A8EF84008900934595AEE18AF2468D6DDD5A3967851A27E05FCFD,414
C:\Users\Administrator\AppData\Local\DuckStation\savestates\HASH-16E02DB5ADC15916_resume.sav,other_or_unknown,,0,4,ui_or_coord_table,0x801A7460,0x801A7860,1024,0,0,7A56DABFAC185758C37F88C94734B3338CA1DE8F7B7B4EC178D64907759E9893,904
C:\Users\Administrator\AppData\Local\DuckStation\savestates\HASH-173A20935C195812_1.sav,other_or_unknown,,0,4,e2_or_wrapper,0x8018FCD0,0x8018FDC5,245,0,0,4816801FC4700CE9FAE1D2E6537F553ACE63B6B3CD6DB30B9BB4A7D8505BAA3B,131
C:\Users\Administrator\AppData\Local\DuckStation\savestates\HASH-173A20935C195812_1.sav,other_or_unknown,,0,4,bank_helper,0x80193B44,0x80193BC4,128,1,1,38723A2E5E8A17AA7950DC008209944E898F69A7BD10A23C839D341E935FD5CA,0
C:\Users\Administrator\AppData\Local\DuckStation\savestates\HASH-173A20935C195812_1.sav,other_or_unknown,,0,4,wrapper_candidate,0x801A2074,0x801A2304,656,0,0,591487F036C24A23C3BD410A320ECF097AAF0397DCABA27BA3603F4E3740E9F4,413
C:\Users\Administrator\AppData\Local\DuckStation\savestates\HASH-173A20935C195812_1.sav,other_or_unknown,,0,4,ui_or_coord_table,0x801A7460,0x801A7860,1024,0,0,8F60FD7E8A15440AF540247D705B6EC4115092E85BC96126D9C8329E4895860E,931
C:\Users\Administrator\AppData\Local\DuckStation\savestates\HASH-173A20935C195812_resume.sav,other_or_unknown,,0,4,e2_or_wrapper,0x8018FCD0,0x8018FDC5,245,0,0,4816801FC4700CE9FAE1D2E6537F553ACE63B6B3CD6DB30B9BB4A7D8505BAA3B,131
C:\Users\Administrator\AppData\Local\DuckStation\savestates\HASH-173A20935C195812_resume.sav,other_or_unknown,,0,4,bank_helper,0x80193B44,0x80193BC4,128,1,1,38723A2E5E8A17AA7950DC008209944E898F69A7BD10A23C839D341E935FD5CA,0
C:\Users\Administrator\AppData\Local\DuckStation\savestates\HASH-173A20935C195812_resume.sav,other_or_unknown,,0,4,wrapper_candidate,0x801A2074,0x801A2304,656,0,0,591487F036C24A23C3BD410A320ECF097AAF0397DCABA27BA3603F4E3740E9F4,413
C:\Users\Administrator\AppData\Local\DuckStation\savestates\HASH-173A20935C195812_resume.sav,other_or_unknown,,0,4,ui_or_coord_table,0x801A7460,0x801A7860,1024,0,0,8F60FD7E8A15440AF540247D705B6EC4115092E85BC96126D9C8329E4895860E,931
C:\Users\Administrator\AppData\Local\DuckStation\savestates\HASH-17493FFCCFAA8DB8_1.sav,other_or_unknown,,0,4,e2_or_wrapper,0x8018FCD0,0x8018FDC5,245,0,0,4816801FC4700CE9FAE1D2E6537F553ACE63B6B3CD6DB30B9BB4A7D8505BAA3B,131
C:\Users\Administrator\AppData\Local\DuckStation\savestates\HASH-17493FFCCFAA8DB8_1.sav,other_or_unknown,,0,4,bank_helper,0x80193B44,0x80193BC4,128,1,1,38723A2E5E8A17AA7950DC008209944E898F69A7BD10A23C839D341E935FD5CA,0
C:\Users\Administrator\AppData\Local\DuckStation\savestates\HASH-17493FFCCFAA8DB8_1.sav,other_or_unknown,,0,4,wrapper_candidate,0x801A2074,0x801A2304,656,0,0,E36EFCF32AC974CE40D8FF6C3D25E9E44860CCF04F44C0A764154D34923264D1,421
C:\Users\Administrator\AppData\Local\DuckStation\savestates\HASH-17493FFCCFAA8DB8_1.sav,other_or_unknown,,0,4,ui_or_coord_table,0x801A7460,0x801A7860,1024,0,0,54F516CCF75B9BFC66404945F46AE4298FAAB5A32C95656A75C99A893ED0F9ED,932
C:\Users\Administrator\AppData\Local\DuckStation\savestates\HASH-17493FFCCFAA8DB8_resume.sav,other_or_unknown,,0,4,e2_or_wrapper,0x8018FCD0,0x8018FDC5,245,0,0,4816801FC4700CE9FAE1D2E6537F553ACE63B6B3CD6DB30B9BB4A7D8505BAA3B,131
C:\Users\Administrator\AppData\Local\DuckStation\savestates\HASH-17493FFCCFAA8DB8_resume.sav,other_or_unknown,,0,4,bank_helper,0x80193B44,0x80193BC4,128,1,1,38723A2E5E8A17AA7950DC008209944E898F69A7BD10A23C839D341E935FD5CA,0
C:\Users\Administrator\AppData\Local\DuckStation\savestates\HASH-17493FFCCFAA8DB8_resume.sav,other_or_unknown,,0,4,wrapper_candidate,0x801A2074,0x801A2304,656,0,0,E36EFCF32AC974CE40D8FF6C3D25E9E44860CCF04F44C0A764154D34923264D1,421
C:\Users\Administrator\AppData\Local\DuckStation\savestates\HASH-17493FFCCFAA8DB8_resume.sav,other_or_unknown,,0,4,ui_or_coord_table,0x801A7460,0x801A7860,1024,0,0,54F516CCF75B9BFC66404945F46AE4298FAAB5A32C95656A75C99A893ED0F9ED,932
C:\Users\Administrator\AppData\Local\DuckStation\savestates\HASH-1820FA8E2030B89F_1.sav,other_or_unknown,,0,4,e2_or_wrapper,0x8018FCD0,0x8018FDC5,245,0,0,4816801FC4700CE9FAE1D2E6537F553ACE63B6B3CD6DB30B9BB4A7D8505BAA3B,131
C:\Users\Administrator\AppData\Local\DuckStation\savestates\HASH-1820FA8E2030B89F_1.sav,other_or_unknown,,0,4,bank_helper,0x80193B44,0x80193BC4,128,1,1,38723A2E5E8A17AA7950DC008209944E898F69A7BD10A23C839D341E935FD5CA,0
C:\Users\Administrator\AppData\Local\DuckStation\savestates\HASH-1820FA8E2030B89F_1.sav,other_or_unknown,,0,4,wrapper_candidate,0x801A2074,0x801A2304,656,0,0,C0854E70570F8FD3755EC13799B330CF0E447C89DFBB5F3CFC15230E16CEAC1A,371
C:\Users\Administrator\AppData\Local\DuckStation\savestates\HASH-1820FA8E2030B89F_1.sav,other_or_unknown,,0,4,ui_or_coord_table,0x801A7460,0x801A7860,1024,0,0,8F60FD7E8A15440AF540247D705B6EC4115092E85BC96126D9C8329E4895860E,931
C:\Users\Administrator\AppData\Local\DuckStation\savestates\HASH-1820FA8E2030B89F_2.sav,other_or_unknown,,0,4,e2_or_wrapper,0x8018FCD0,0x8018FDC5,245,0,0,4816801FC4700CE9FAE1D2E6537F553ACE63B6B3CD6DB30B9BB4A7D8505BAA3B,131
C:\Users\Administrator\AppData\Local\DuckStation\savestates\HASH-1820FA8E2030B89F_2.sav,other_or_unknown,,0,4,bank_helper,0x80193B44,0x80193BC4,128,1,1,38723A2E5E8A17AA7950DC008209944E898F69A7BD10A23C839D341E935FD5CA,0
C:\Users\Administrator\AppData\Local\DuckStation\savestates\HASH-1820FA8E2030B89F_2.sav,other_or_unknown,,0,4,wrapper_candidate,0x801A2074,0x801A2304,656,0,0,C0854E70570F8FD3755EC13799B330CF0E447C89DFBB5F3CFC15230E16CEAC1A,371
C:\Users\Administrator\AppData\Local\DuckStation\savestates\HASH-1820FA8E2030B89F_2.sav,other_or_unknown,,0,4,ui_or_coord_table,0x801A7460,0x801A7860,1024,0,0,8F60FD7E8A15440AF540247D705B6EC4115092E85BC96126D9C8329E4895860E,931
C:\Users\Administrator\AppData\Local\DuckStation\savestates\HASH-1820FA8E2030B89F_resume.sav,other_or_unknown,,0,4,e2_or_wrapper,0x8018FCD0,0x8018FDC5,245,0,0,4816801FC4700CE9FAE1D2E6537F553ACE63B6B3CD6DB30B9BB4A7D8505BAA3B,131
C:\Users\Administrator\AppData\Local\DuckStation\savestates\HASH-1820FA8E2030B89F_resume.sav,other_or_unknown,,0,4,bank_helper,0x80193B44,0x80193BC4,128,1,1,38723A2E5E8A17AA7950DC008209944E898F69A7BD10A23C839D341E935FD5CA,0
C:\Users\Administrator\AppData\Local\DuckStation\savestates\HASH-1820FA8E2030B89F_resume.sav,other_or_unknown,,0,4,wrapper_candidate,0x801A2074,0x801A2304,656,0,0,C0854E70570F8FD3755EC13799B330CF0E447C89DFBB5F3CFC15230E16CEAC1A,371
C:\Users\Administrator\AppData\Local\DuckStation\savestates\HASH-1820FA8E2030B89F_resume.sav,other_or_unknown,,0,4,ui_or_coord_table,0x801A7460,0x801A7860,1024,0,0,8F60FD7E8A15440AF540247D705B6EC4115092E85BC96126D9C8329E4895860E,931
C:\Users\Administrator\AppData\Local\DuckStation\savestates\HASH-1FED06A872FD3D31_1.sav,other_or_unknown,,0,4,e2_or_wrapper,0x8018FCD0,0x8018FDC5,245,0,0,4816801FC4700CE9FAE1D2E6537F553ACE63B6B3CD6DB30B9BB4A7D8505BAA3B,131
C:\Users\Administrator\AppData\Local\DuckStation\savestates\HASH-1FED06A872FD3D31_1.sav,other_or_unknown,,0,4,bank_helper,0x80193B44,0x80193BC4,128,1,1,38723A2E5E8A17AA7950DC008209944E898F69A7BD10A23C839D341E935FD5CA,0
C:\Users\Administrator\AppData\Local\DuckStation\savestates\HASH-1FED06A872FD3D31_1.sav,other_or_unknown,,0,4,wrapper_candidate,0x801A2074,0x801A2304,656,0,0,9AC093630A4A34D47A5164B93B93CE8E62AE55B10185086C69D4FDF2A7E342BE,414
C:\Users\Administrator\AppData\Local\DuckStation\savestates\HASH-1FED06A872FD3D31_1.sav,other_or_unknown,,0,4,ui_or_coord_table,0x801A7460,0x801A7860,1024,0,0,7A56DABFAC185758C37F88C94734B3338CA1DE8F7B7B4EC178D64907759E9893,904
C:\Users\Administrator\AppData\Local\DuckStation\savestates\HASH-1FED06A872FD3D31_2.sav,other_or_unknown,,0,4,e2_or_wrapper,0x8018FCD0,0x8018FDC5,245,0,0,4816801FC4700CE9FAE1D2E6537F553ACE63B6B3CD6DB30B9BB4A7D8505BAA3B,131
C:\Users\Administrator\AppData\Local\DuckStation\savestates\HASH-1FED06A872FD3D31_2.sav,other_or_unknown,,0,4,bank_helper,0x80193B44,0x80193BC4,128,1,1,38723A2E5E8A17AA7950DC008209944E898F69A7BD10A23C839D341E935FD5CA,0
C:\Users\Administrator\AppData\Local\DuckStation\savestates\HASH-1FED06A872FD3D31_2.sav,other_or_unknown,,0,4,wrapper_candidate,0x801A2074,0x801A2304,656,0,0,9AC093630A4A34D47A5164B93B93CE8E62AE55B10185086C69D4FDF2A7E342BE,414
C:\Users\Administrator\AppData\Local\DuckStation\savestates\HASH-1FED06A872FD3D31_2.sav,other_or_unknown,,0,4,ui_or_coord_table,0x801A7460,0x801A7860,1024,0,0,7A56DABFAC185758C37F88C94734B3338CA1DE8F7B7B4EC178D64907759E9893,904
C:\Users\Administrator\AppData\Local\DuckStation\savestates\HASH-1FED06A872FD3D31_resume.sav,other_or_unknown,,0,4,e2_or_wrapper,0x8018FCD0,0x8018FDC5,245,0,0,4816801FC4700CE9FAE1D2E6537F553ACE63B6B3CD6DB30B9BB4A7D8505BAA3B,131
C:\Users\Administrator\AppData\Local\DuckStation\savestates\HASH-1FED06A872FD3D31_resume.sav,other_or_unknown,,0,4,bank_helper,0x80193B44,0x80193BC4,128,1,1,38723A2E5E8A17AA7950DC008209944E898F69A7BD10A23C839D341E935FD5CA,0
C:\Users\Administrator\AppData\Local\DuckStation\savestates\HASH-1FED06A872FD3D31_resume.sav,other_or_unknown,,0,4,wrapper_candidate,0x801A2074,0x801A2304,656,0,0,9AC093630A4A34D47A5164B93B93CE8E62AE55B10185086C69D4FDF2A7E342BE,414
C:\Users\Administrator\AppData\Local\DuckStation\savestates\HASH-1FED06A872FD3D31_resume.sav,other_or_unknown,,0,4,ui_or_coord_table,0x801A7460,0x801A7860,1024,0,0,7A56DABFAC185758C37F88C94734B3338CA1DE8F7B7B4EC178D64907759E9893,904
C:\Users\Administrator\AppData\Local\DuckStation\savestates\HASH-21806B09E3591E67_resume.sav,other_or_unknown,,0,4,e2_or_wrapper,0x8018FCD0,0x8018FDC5,245,0,0,4816801FC4700CE9FAE1D2E6537F553ACE63B6B3CD6DB30B9BB4A7D8505BAA3B,131
C:\Users\Administrator\AppData\Local\DuckStation\savestates\HASH-21806B09E3591E67_resume.sav,other_or_unknown,,0,4,bank_helper,0x80193B44,0x80193BC4,128,1,1,38723A2E5E8A17AA7950DC008209944E898F69A7BD10A23C839D341E935FD5CA,0
C:\Users\Administrator\AppData\Local\DuckStation\savestates\HASH-21806B09E3591E67_resume.sav,other_or_unknown,,0,4,wrapper_candidate,0x801A2074,0x801A2304,656,0,0,E90E922F9EE45640D4F2C7D1D28A4F1F5E318ADEFD64BDFB2A6AA0F8F98A7820,360
C:\Users\Administrator\AppData\Local\DuckStation\savestates\HASH-21806B09E3591E67_resume.sav,other_or_unknown,,0,4,ui_or_coord_table,0x801A7460,0x801A7860,1024,0,0,426E9DDCC33664FAE1E5A48AD8C10328E56E686647E5E675A44C9643701EFEC2,932
C:\Users\Administrator\AppData\Local\DuckStation\savestates\HASH-244AAEDCE95C4ACA_1.sav,other_or_unknown,,0,4,e2_or_wrapper,0x8018FCD0,0x8018FDC5,245,0,0,4816801FC4700CE9FAE1D2E6537F553ACE63B6B3CD6DB30B9BB4A7D8505BAA3B,131
C:\Users\Administrator\AppData\Local\DuckStation\savestates\HASH-244AAEDCE95C4ACA_1.sav,other_or_unknown,,0,4,bank_helper,0x80193B44,0x80193BC4,128,1,1,38723A2E5E8A17AA7950DC008209944E898F69A7BD10A23C839D341E935FD5CA,0
C:\Users\Administrator\AppData\Local\DuckStation\savestates\HASH-244AAEDCE95C4ACA_1.sav,other_or_unknown,,0,4,wrapper_candidate,0x801A2074,0x801A2304,656,1,1,E06E79CDFEDFC6D6107B945613E65B2DE3A209E40115B9B00AB048D2B91CD7D5,0
C:\Users\Administrator\AppData\Local\DuckStation\savestates\HASH-244AAEDCE95C4ACA_1.sav,other_or_unknown,,0,4,ui_or_coord_table,0x801A7460,0x801A7860,1024,0,0,FADEB9B12EE216B32DFF613B18FC9C76C602AB28356F9FB357100D389115CE1E,932
C:\Users\Administrator\AppData\Local\DuckStation\savestates\HASH-244AAEDCE95C4ACA_2.sav,other_or_unknown,,0,4,e2_or_wrapper,0x8018FCD0,0x8018FDC5,245,0,0,4816801FC4700CE9FAE1D2E6537F553ACE63B6B3CD6DB30B9BB4A7D8505BAA3B,131
C:\Users\Administrator\AppData\Local\DuckStation\savestates\HASH-244AAEDCE95C4ACA_2.sav,other_or_unknown,,0,4,bank_helper,0x80193B44,0x80193BC4,128,1,1,38723A2E5E8A17AA7950DC008209944E898F69A7BD10A23C839D341E935FD5CA,0
C:\Users\Administrator\AppData\Local\DuckStation\savestates\HASH-244AAEDCE95C4ACA_2.sav,other_or_unknown,,0,4,wrapper_candidate,0x801A2074,0x801A2304,656,1,1,E06E79CDFEDFC6D6107B945613E65B2DE3A209E40115B9B00AB048D2B91CD7D5,0
C:\Users\Administrator\AppData\Local\DuckStation\savestates\HASH-244AAEDCE95C4ACA_2.sav,other_or_unknown,,0,4,ui_or_coord_table,0x801A7460,0x801A7860,1024,0,0,FADEB9B12EE216B32DFF613B18FC9C76C602AB28356F9FB357100D389115CE1E,932
C:\Users\Administrator\AppData\Local\DuckStation\savestates\HASH-244AAEDCE95C4ACA_3.sav,other_or_unknown,,0,4,e2_or_wrapper,0x8018FCD0,0x8018FDC5,245,0,0,4816801FC4700CE9FAE1D2E6537F553ACE63B6B3CD6DB30B9BB4A7D8505BAA3B,131
C:\Users\Administrator\AppData\Local\DuckStation\savestates\HASH-244AAEDCE95C4ACA_3.sav,other_or_unknown,,0,4,bank_helper,0x80193B44,0x80193BC4,128,1,1,38723A2E5E8A17AA7950DC008209944E898F69A7BD10A23C839D341E935FD5CA,0
C:\Users\Administrator\AppData\Local\DuckStation\savestates\HASH-244AAEDCE95C4ACA_3.sav,other_or_unknown,,0,4,wrapper_candidate,0x801A2074,0x801A2304,656,1,1,E06E79CDFEDFC6D6107B945613E65B2DE3A209E40115B9B00AB048D2B91CD7D5,0
C:\Users\Administrator\AppData\Local\DuckStation\savestates\HASH-244AAEDCE95C4ACA_3.sav,other_or_unknown,,0,4,ui_or_coord_table,0x801A7460,0x801A7860,1024,0,0,FADEB9B12EE216B32DFF613B18FC9C76C602AB28356F9FB357100D389115CE1E,932
C:\Users\Administrator\AppData\Local\DuckStation\savestates\HASH-244AAEDCE95C4ACA_4.sav,other_or_unknown,,0,4,e2_or_wrapper,0x8018FCD0,0x8018FDC5,245,0,0,4816801FC4700CE9FAE1D2E6537F553ACE63B6B3CD6DB30B9BB4A7D8505BAA3B,131
C:\Users\Administrator\AppData\Local\DuckStation\savestates\HASH-244AAEDCE95C4ACA_4.sav,other_or_unknown,,0,4,bank_helper,0x80193B44,0x80193BC4,128,1,1,38723A2E5E8A17AA7950DC008209944E898F69A7BD10A23C839D341E935FD5CA,0
C:\Users\Administrator\AppData\Local\DuckStation\savestates\HASH-244AAEDCE95C4ACA_4.sav,other_or_unknown,,0,4,wrapper_candidate,0x801A2074,0x801A2304,656,1,1,E06E79CDFEDFC6D6107B945613E65B2DE3A209E40115B9B00AB048D2B91CD7D5,0
C:\Users\Administrator\AppData\Local\DuckStation\savestates\HASH-244AAEDCE95C4ACA_4.sav,other_or_unknown,,0,4,ui_or_coord_table,0x801A7460,0x801A7860,1024,0,0,FADEB9B12EE216B32DFF613B18FC9C76C602AB28356F9FB357100D389115CE1E,932
C:\Users\Administrator\AppData\Local\DuckStation\savestates\HASH-244AAEDCE95C4ACA_5.sav,other_or_unknown,,0,4,e2_or_wrapper,0x8018FCD0,0x8018FDC5,245,0,0,4816801FC4700CE9FAE1D2E6537F553ACE63B6B3CD6DB30B9BB4A7D8505BAA3B,131
C:\Users\Administrator\AppData\Local\DuckStation\savestates\HASH-244AAEDCE95C4ACA_5.sav,other_or_unknown,,0,4,bank_helper,0x80193B44,0x80193BC4,128,1,1,38723A2E5E8A17AA7950DC008209944E898F69A7BD10A23C839D341E935FD5CA,0
C:\Users\Administrator\AppData\Local\DuckStation\savestates\HASH-244AAEDCE95C4ACA_5.sav,other_or_unknown,,0,4,wrapper_candidate,0x801A2074,0x801A2304,656,1,1,E06E79CDFEDFC6D6107B945613E65B2DE3A209E40115B9B00AB048D2B91CD7D5,0
C:\Users\Administrator\AppData\Local\DuckStation\savestates\HASH-244AAEDCE95C4ACA_5.sav,other_or_unknown,,0,4,ui_or_coord_table,0x801A7460,0x801A7860,1024,0,0,FADEB9B12EE216B32DFF613B18FC9C76C602AB28356F9FB357100D389115CE1E,932
C:\Users\Administrator\AppData\Local\DuckStation\savestates\HASH-244AAEDCE95C4ACA_resume.sav,other_or_unknown,,0,4,e2_or_wrapper,0x8018FCD0,0x8018FDC5,245,0,0,4816801FC4700CE9FAE1D2E6537F553ACE63B6B3CD6DB30B9BB4A7D8505BAA3B,131
C:\Users\Administrator\AppData\Local\DuckStation\savestates\HASH-244AAEDCE95C4ACA_resume.sav,other_or_unknown,,0,4,bank_helper,0x80193B44,0x80193BC4,128,1,1,38723A2E5E8A17AA7950DC008209944E898F69A7BD10A23C839D341E935FD5CA,0
C:\Users\Administrator\AppData\Local\DuckStation\savestates\HASH-244AAEDCE95C4ACA_resume.sav,other_or_unknown,,0,4,wrapper_candidate,0x801A2074,0x801A2304,656,1,1,E06E79CDFEDFC6D6107B945613E65B2DE3A209E40115B9B00AB048D2B91CD7D5,0
C:\Users\Administrator\AppData\Local\DuckStation\savestates\HASH-244AAEDCE95C4ACA_resume.sav,other_or_unknown,,0,4,ui_or_coord_table,0x801A7460,0x801A7860,1024,0,0,FADEB9B12EE216B32DFF613B18FC9C76C602AB28356F9FB357100D389115CE1E,932
C:\Users\Administrator\AppData\Local\DuckStation\savestates\HASH-246E084F1646D020_resume.sav,other_or_unknown,,0,4,e2_or_wrapper,0x8018FCD0,0x8018FDC5,245,1,0,02D8F3F83865737E056CCDF3D1BF8DCD4D3B68CE8CB63F3663F092AFA6174958,0
C:\Users\Administrator\AppData\Local\DuckStation\savestates\HASH-246E084F1646D020_resume.sav,other_or_unknown,,0,4,bank_helper,0x80193B44,0x80193BC4,128,1,1,38723A2E5E8A17AA7950DC008209944E898F69A7BD10A23C839D341E935FD5CA,0
C:\Users\Administrator\AppData\Local\DuckStation\savestates\HASH-246E084F1646D020_resume.sav,other_or_unknown,,0,4,wrapper_candidate,0x801A2074,0x801A2304,656,1,1,E06E79CDFEDFC6D6107B945613E65B2DE3A209E40115B9B00AB048D2B91CD7D5,0
C:\Users\Administrator\AppData\Local\DuckStation\savestates\HASH-246E084F1646D020_resume.sav,other_or_unknown,,0,4,ui_or_coord_table,0x801A7460,0x801A7860,1024,0,0,EA35631791ECFDCE189626CA6857FF787048B823CBA19AE4177BF15A3B51858F,209
C:\Users\Administrator\AppData\Local\DuckStation\savestates\HASH-248CA1D38AB9CFA9_1.sav,other_or_unknown,,0,4,e2_or_wrapper,0x8018FCD0,0x8018FDC5,245,0,0,4816801FC4700CE9FAE1D2E6537F553ACE63B6B3CD6DB30B9BB4A7D8505BAA3B,131
C:\Users\Administrator\AppData\Local\DuckStation\savestates\HASH-248CA1D38AB9CFA9_1.sav,other_or_unknown,,0,4,bank_helper,0x80193B44,0x80193BC4,128,1,1,38723A2E5E8A17AA7950DC008209944E898F69A7BD10A23C839D341E935FD5CA,0
C:\Users\Administrator\AppData\Local\DuckStation\savestates\HASH-248CA1D38AB9CFA9_1.sav,other_or_unknown,,0,4,wrapper_candidate,0x801A2074,0x801A2304,656,0,0,28CF6A854D74E67EA7579E71378166CBCA3E863A48CFC6639D5FE45AB41DE633,414
C:\Users\Administrator\AppData\Local\DuckStation\savestates\HASH-248CA1D38AB9CFA9_1.sav,other_or_unknown,,0,4,ui_or_coord_table,0x801A7460,0x801A7860,1024,0,0,7A56DABFAC185758C37F88C94734B3338CA1DE8F7B7B4EC178D64907759E9893,904
C:\Users\Administrator\AppData\Local\DuckStation\savestates\HASH-248CA1D38AB9CFA9_2.sav,other_or_unknown,,0,4,e2_or_wrapper,0x8018FCD0,0x8018FDC5,245,0,0,4816801FC4700CE9FAE1D2E6537F553ACE63B6B3CD6DB30B9BB4A7D8505BAA3B,131
C:\Users\Administrator\AppData\Local\DuckStation\savestates\HASH-248CA1D38AB9CFA9_2.sav,other_or_unknown,,0,4,bank_helper,0x80193B44,0x80193BC4,128,1,1,38723A2E5E8A17AA7950DC008209944E898F69A7BD10A23C839D341E935FD5CA,0
C:\Users\Administrator\AppData\Local\DuckStation\savestates\HASH-248CA1D38AB9CFA9_2.sav,other_or_unknown,,0,4,wrapper_candidate,0x801A2074,0x801A2304,656,0,0,383715790A2728D924E52648E3024066833BDD4D7E0529A4805DA0374A82916B,392
C:\Users\Administrator\AppData\Local\DuckStation\savestates\HASH-248CA1D38AB9CFA9_2.sav,other_or_unknown,,0,4,ui_or_coord_table,0x801A7460,0x801A7860,1024,0,0,7A56DABFAC185758C37F88C94734B3338CA1DE8F7B7B4EC178D64907759E9893,904
C:\Users\Administrator\AppData\Local\DuckStation\savestates\HASH-248CA1D38AB9CFA9_resume.sav,other_or_unknown,,0,4,e2_or_wrapper,0x8018FCD0,0x8018FDC5,245,0,0,4816801FC4700CE9FAE1D2E6537F553ACE63B6B3CD6DB30B9BB4A7D8505BAA3B,131
C:\Users\Administrator\AppData\Local\DuckStation\savestates\HASH-248CA1D38AB9CFA9_resume.sav,other_or_unknown,,0,4,bank_helper,0x80193B44,0x80193BC4,128,1,1,38723A2E5E8A17AA7950DC008209944E898F69A7BD10A23C839D341E935FD5CA,0
C:\Users\Administrator\AppData\Local\DuckStation\savestates\HASH-248CA1D38AB9CFA9_resume.sav,other_or_unknown,,0,4,wrapper_candidate,0x801A2074,0x801A2304,656,0,0,383715790A2728D924E52648E3024066833BDD4D7E0529A4805DA0374A82916B,392
C:\Users\Administrator\AppData\Local\DuckStation\savestates\HASH-248CA1D38AB9CFA9_resume.sav,other_or_unknown,,0,4,ui_or_coord_table,0x801A7460,0x801A7860,1024,0,0,7A56DABFAC185758C37F88C94734B3338CA1DE8F7B7B4EC178D64907759E9893,904
C:\Users\Administrator\AppData\Local\DuckStation\savestates\HASH-24C179AA0A196FA8_1.sav,other_or_unknown,,0,4,e2_or_wrapper,0x8018FCD0,0x8018FDC5,245,0,0,4816801FC4700CE9FAE1D2E6537F553ACE63B6B3CD6DB30B9BB4A7D8505BAA3B,131
C:\Users\Administrator\AppData\Local\DuckStation\savestates\HASH-24C179AA0A196FA8_1.sav,other_or_unknown,,0,4,bank_helper,0x80193B44,0x80193BC4,128,1,1,38723A2E5E8A17AA7950DC008209944E898F69A7BD10A23C839D341E935FD5CA,0
C:\Users\Administrator\AppData\Local\DuckStation\savestates\HASH-24C179AA0A196FA8_1.sav,other_or_unknown,,0,4,wrapper_candidate,0x801A2074,0x801A2304,656,1,1,E06E79CDFEDFC6D6107B945613E65B2DE3A209E40115B9B00AB048D2B91CD7D5,0
C:\Users\Administrator\AppData\Local\DuckStation\savestates\HASH-24C179AA0A196FA8_1.sav,other_or_unknown,,0,4,ui_or_coord_table,0x801A7460,0x801A7860,1024,0,0,426E9DDCC33664FAE1E5A48AD8C10328E56E686647E5E675A44C9643701EFEC2,932
C:\Users\Administrator\AppData\Local\DuckStation\savestates\HASH-24C179AA0A196FA8_2.sav,other_or_unknown,,0,4,e2_or_wrapper,0x8018FCD0,0x8018FDC5,245,0,0,4816801FC4700CE9FAE1D2E6537F553ACE63B6B3CD6DB30B9BB4A7D8505BAA3B,131
C:\Users\Administrator\AppData\Local\DuckStation\savestates\HASH-24C179AA0A196FA8_2.sav,other_or_unknown,,0,4,bank_helper,0x80193B44,0x80193BC4,128,1,1,38723A2E5E8A17AA7950DC008209944E898F69A7BD10A23C839D341E935FD5CA,0
C:\Users\Administrator\AppData\Local\DuckStation\savestates\HASH-24C179AA0A196FA8_2.sav,other_or_unknown,,0,4,wrapper_candidate,0x801A2074,0x801A2304,656,1,1,E06E79CDFEDFC6D6107B945613E65B2DE3A209E40115B9B00AB048D2B91CD7D5,0
C:\Users\Administrator\AppData\Local\DuckStation\savestates\HASH-24C179AA0A196FA8_2.sav,other_or_unknown,,0,4,ui_or_coord_table,0x801A7460,0x801A7860,1024,0,0,426E9DDCC33664FAE1E5A48AD8C10328E56E686647E5E675A44C9643701EFEC2,932
C:\Users\Administrator\AppData\Local\DuckStation\savestates\HASH-24C179AA0A196FA8_3.sav,other_or_unknown,,0,4,e2_or_wrapper,0x8018FCD0,0x8018FDC5,245,0,0,4816801FC4700CE9FAE1D2E6537F553ACE63B6B3CD6DB30B9BB4A7D8505BAA3B,131
C:\Users\Administrator\AppData\Local\DuckStation\savestates\HASH-24C179AA0A196FA8_3.sav,other_or_unknown,,0,4,bank_helper,0x80193B44,0x80193BC4,128,1,1,38723A2E5E8A17AA7950DC008209944E898F69A7BD10A23C839D341E935FD5CA,0
C:\Users\Administrator\AppData\Local\DuckStation\savestates\HASH-24C179AA0A196FA8_3.sav,other_or_unknown,,0,4,wrapper_candidate,0x801A2074,0x801A2304,656,1,1,E06E79CDFEDFC6D6107B945613E65B2DE3A209E40115B9B00AB048D2B91CD7D5,0
C:\Users\Administrator\AppData\Local\DuckStation\savestates\HASH-24C179AA0A196FA8_3.sav,other_or_unknown,,0,4,ui_or_coord_table,0x801A7460,0x801A7860,1024,0,0,426E9DDCC33664FAE1E5A48AD8C10328E56E686647E5E675A44C9643701EFEC2,932
C:\Users\Administrator\AppData\Local\DuckStation\savestates\HASH-24C179AA0A196FA8_resume.sav,other_or_unknown,,0,4,e2_or_wrapper,0x8018FCD0,0x8018FDC5,245,0,0,4816801FC4700CE9FAE1D2E6537F553ACE63B6B3CD6DB30B9BB4A7D8505BAA3B,131
C:\Users\Administrator\AppData\Local\DuckStation\savestates\HASH-24C179AA0A196FA8_resume.sav,other_or_unknown,,0,4,bank_helper,0x80193B44,0x80193BC4,128,1,1,38723A2E5E8A17AA7950DC008209944E898F69A7BD10A23C839D341E935FD5CA,0
C:\Users\Administrator\AppData\Local\DuckStation\savestates\HASH-24C179AA0A196FA8_resume.sav,other_or_unknown,,0,4,wrapper_candidate,0x801A2074,0x801A2304,656,1,1,E06E79CDFEDFC6D6107B945613E65B2DE3A209E40115B9B00AB048D2B91CD7D5,0
C:\Users\Administrator\AppData\Local\DuckStation\savestates\HASH-24C179AA0A196FA8_resume.sav,other_or_unknown,,0,4,ui_or_coord_table,0x801A7460,0x801A7860,1024,0,0,426E9DDCC33664FAE1E5A48AD8C10328E56E686647E5E675A44C9643701EFEC2,932
C:\Users\Administrator\AppData\Local\DuckStation\savestates\HASH-25FA60F07D900E47_1.sav,other_or_unknown,,0,4,e2_or_wrapper,0x8018FCD0,0x8018FDC5,245,0,0,4816801FC4700CE9FAE1D2E6537F553ACE63B6B3CD6DB30B9BB4A7D8505BAA3B,131
C:\Users\Administrator\AppData\Local\DuckStation\savestates\HASH-25FA60F07D900E47_1.sav,other_or_unknown,,0,4,bank_helper,0x80193B44,0x80193BC4,128,1,1,38723A2E5E8A17AA7950DC008209944E898F69A7BD10A23C839D341E935FD5CA,0
C:\Users\Administrator\AppData\Local\DuckStation\savestates\HASH-25FA60F07D900E47_1.sav,other_or_unknown,,0,4,wrapper_candidate,0x801A2074,0x801A2304,656,1,1,E06E79CDFEDFC6D6107B945613E65B2DE3A209E40115B9B00AB048D2B91CD7D5,0
C:\Users\Administrator\AppData\Local\DuckStation\savestates\HASH-25FA60F07D900E47_1.sav,other_or_unknown,,0,4,ui_or_coord_table,0x801A7460,0x801A7860,1024,1,0,5F70BF18A086007016E948B04AED3B82103A36BEA41755B6CDDFAF10ACE3C6EF,0
C:\Users\Administrator\AppData\Local\DuckStation\savestates\HASH-25FA60F07D900E47_2.sav,other_or_unknown,,0,4,e2_or_wrapper,0x8018FCD0,0x8018FDC5,245,0,0,4816801FC4700CE9FAE1D2E6537F553ACE63B6B3CD6DB30B9BB4A7D8505BAA3B,131
C:\Users\Administrator\AppData\Local\DuckStation\savestates\HASH-25FA60F07D900E47_2.sav,other_or_unknown,,0,4,bank_helper,0x80193B44,0x80193BC4,128,1,1,38723A2E5E8A17AA7950DC008209944E898F69A7BD10A23C839D341E935FD5CA,0
C:\Users\Administrator\AppData\Local\DuckStation\savestates\HASH-25FA60F07D900E47_2.sav,other_or_unknown,,0,4,wrapper_candidate,0x801A2074,0x801A2304,656,1,1,E06E79CDFEDFC6D6107B945613E65B2DE3A209E40115B9B00AB048D2B91CD7D5,0
C:\Users\Administrator\AppData\Local\DuckStation\savestates\HASH-25FA60F07D900E47_2.sav,other_or_unknown,,0,4,ui_or_coord_table,0x801A7460,0x801A7860,1024,1,0,5F70BF18A086007016E948B04AED3B82103A36BEA41755B6CDDFAF10ACE3C6EF,0
C:\Users\Administrator\AppData\Local\DuckStation\savestates\HASH-25FA60F07D900E47_3.sav,other_or_unknown,,0,4,e2_or_wrapper,0x8018FCD0,0x8018FDC5,245,0,0,4816801FC4700CE9FAE1D2E6537F553ACE63B6B3CD6DB30B9BB4A7D8505BAA3B,131
C:\Users\Administrator\AppData\Local\DuckStation\savestates\HASH-25FA60F07D900E47_3.sav,other_or_unknown,,0,4,bank_helper,0x80193B44,0x80193BC4,128,1,1,38723A2E5E8A17AA7950DC008209944E898F69A7BD10A23C839D341E935FD5CA,0
C:\Users\Administrator\AppData\Local\DuckStation\savestates\HASH-25FA60F07D900E47_3.sav,other_or_unknown,,0,4,wrapper_candidate,0x801A2074,0x801A2304,656,1,1,E06E79CDFEDFC6D6107B945613E65B2DE3A209E40115B9B00AB048D2B91CD7D5,0
C:\Users\Administrator\AppData\Local\DuckStation\savestates\HASH-25FA60F07D900E47_3.sav,other_or_unknown,,0,4,ui_or_coord_table,0x801A7460,0x801A7860,1024,1,0,5F70BF18A086007016E948B04AED3B82103A36BEA41755B6CDDFAF10ACE3C6EF,0
C:\Users\Administrator\AppData\Local\DuckStation\savestates\HASH-25FA60F07D900E47_4.sav,other_or_unknown,,0,4,e2_or_wrapper,0x8018FCD0,0x8018FDC5,245,0,0,4816801FC4700CE9FAE1D2E6537F553ACE63B6B3CD6DB30B9BB4A7D8505BAA3B,131
C:\Users\Administrator\AppData\Local\DuckStation\savestates\HASH-25FA60F07D900E47_4.sav,other_or_unknown,,0,4,bank_helper,0x80193B44,0x80193BC4,128,1,1,38723A2E5E8A17AA7950DC008209944E898F69A7BD10A23C839D341E935FD5CA,0
C:\Users\Administrator\AppData\Local\DuckStation\savestates\HASH-25FA60F07D900E47_4.sav,other_or_unknown,,0,4,wrapper_candidate,0x801A2074,0x801A2304,656,1,1,E06E79CDFEDFC6D6107B945613E65B2DE3A209E40115B9B00AB048D2B91CD7D5,0
C:\Users\Administrator\AppData\Local\DuckStation\savestates\HASH-25FA60F07D900E47_4.sav,other_or_unknown,,0,4,ui_or_coord_table,0x801A7460,0x801A7860,1024,1,0,5F70BF18A086007016E948B04AED3B82103A36BEA41755B6CDDFAF10ACE3C6EF,0
C:\Users\Administrator\AppData\Local\DuckStation\savestates\HASH-25FA60F07D900E47_resume.sav,other_or_unknown,,0,4,e2_or_wrapper,0x8018FCD0,0x8018FDC5,245,0,0,4816801FC4700CE9FAE1D2E6537F553ACE63B6B3CD6DB30B9BB4A7D8505BAA3B,131
C:\Users\Administrator\AppData\Local\DuckStation\savestates\HASH-25FA60F07D900E47_resume.sav,other_or_unknown,,0,4,bank_helper,0x80193B44,0x80193BC4,128,1,1,38723A2E5E8A17AA7950DC008209944E898F69A7BD10A23C839D341E935FD5CA,0
C:\Users\Administrator\AppData\Local\DuckStation\savestates\HASH-25FA60F07D900E47_resume.sav,other_or_unknown,,0,4,wrapper_candidate,0x801A2074,0x801A2304,656,1,1,E06E79CDFEDFC6D6107B945613E65B2DE3A209E40115B9B00AB048D2B91CD7D5,0
C:\Users\Administrator\AppData\Local\DuckStation\savestates\HASH-25FA60F07D900E47_resume.sav,other_or_unknown,,0,4,ui_or_coord_table,0x801A7460,0x801A7860,1024,1,0,5F70BF18A086007016E948B04AED3B82103A36BEA41755B6CDDFAF10ACE3C6EF,0
C:\Users\Administrator\AppData\Local\DuckStation\savestates\HASH-28993E933C9CD62D_resume.sav,other_or_unknown,,0,4,e2_or_wrapper,0x8018FCD0,0x8018FDC5,245,1,0,02D8F3F83865737E056CCDF3D1BF8DCD4D3B68CE8CB63F3663F092AFA6174958,0
C:\Users\Administrator\AppData\Local\DuckStation\savestates\HASH-28993E933C9CD62D_resume.sav,other_or_unknown,,0,4,bank_helper,0x80193B44,0x80193BC4,128,1,1,38723A2E5E8A17AA7950DC008209944E898F69A7BD10A23C839D341E935FD5CA,0
C:\Users\Administrator\AppData\Local\DuckStation\savestates\HASH-28993E933C9CD62D_resume.sav,other_or_unknown,,0,4,wrapper_candidate,0x801A2074,0x801A2304,656,1,1,E06E79CDFEDFC6D6107B945613E65B2DE3A209E40115B9B00AB048D2B91CD7D5,0
C:\Users\Administrator\AppData\Local\DuckStation\savestates\HASH-28993E933C9CD62D_resume.sav,other_or_unknown,,0,4,ui_or_coord_table,0x801A7460,0x801A7860,1024,1,0,5F70BF18A086007016E948B04AED3B82103A36BEA41755B6CDDFAF10ACE3C6EF,0
C:\Users\Administrator\AppData\Local\DuckStation\savestates\HASH-29EFD29BD74A5AE5_1.sav,other_or_unknown,,0,4,e2_or_wrapper,0x8018FCD0,0x8018FDC5,245,0,0,4816801FC4700CE9FAE1D2E6537F553ACE63B6B3CD6DB30B9BB4A7D8505BAA3B,131
C:\Users\Administrator\AppData\Local\DuckStation\savestates\HASH-29EFD29BD74A5AE5_1.sav,other_or_unknown,,0,4,bank_helper,0x80193B44,0x80193BC4,128,1,1,38723A2E5E8A17AA7950DC008209944E898F69A7BD10A23C839D341E935FD5CA,0
C:\Users\Administrator\AppData\Local\DuckStation\savestates\HASH-29EFD29BD74A5AE5_1.sav,other_or_unknown,,0,4,wrapper_candidate,0x801A2074,0x801A2304,656,0,0,2AEADA7A7F292C5C538A488BD30E38DD3403751038B53393C17D24F3AFE36D76,353
C:\Users\Administrator\AppData\Local\DuckStation\savestates\HASH-29EFD29BD74A5AE5_1.sav,other_or_unknown,,0,4,ui_or_coord_table,0x801A7460,0x801A7860,1024,0,0,8F60FD7E8A15440AF540247D705B6EC4115092E85BC96126D9C8329E4895860E,931
C:\Users\Administrator\AppData\Local\DuckStation\savestates\HASH-29EFD29BD74A5AE5_2.sav,other_or_unknown,,0,4,e2_or_wrapper,0x8018FCD0,0x8018FDC5,245,0,0,4816801FC4700CE9FAE1D2E6537F553ACE63B6B3CD6DB30B9BB4A7D8505BAA3B,131
C:\Users\Administrator\AppData\Local\DuckStation\savestates\HASH-29EFD29BD74A5AE5_2.sav,other_or_unknown,,0,4,bank_helper,0x80193B44,0x80193BC4,128,1,1,38723A2E5E8A17AA7950DC008209944E898F69A7BD10A23C839D341E935FD5CA,0
C:\Users\Administrator\AppData\Local\DuckStation\savestates\HASH-29EFD29BD74A5AE5_2.sav,other_or_unknown,,0,4,wrapper_candidate,0x801A2074,0x801A2304,656,0,0,2AEADA7A7F292C5C538A488BD30E38DD3403751038B53393C17D24F3AFE36D76,353
C:\Users\Administrator\AppData\Local\DuckStation\savestates\HASH-29EFD29BD74A5AE5_2.sav,other_or_unknown,,0,4,ui_or_coord_table,0x801A7460,0x801A7860,1024,0,0,8F60FD7E8A15440AF540247D705B6EC4115092E85BC96126D9C8329E4895860E,931
C:\Users\Administrator\AppData\Local\DuckStation\savestates\HASH-29EFD29BD74A5AE5_3.sav,other_or_unknown,,0,4,e2_or_wrapper,0x8018FCD0,0x8018FDC5,245,0,0,4816801FC4700CE9FAE1D2E6537F553ACE63B6B3CD6DB30B9BB4A7D8505BAA3B,131
C:\Users\Administrator\AppData\Local\DuckStation\savestates\HASH-29EFD29BD74A5AE5_3.sav,other_or_unknown,,0,4,bank_helper,0x80193B44,0x80193BC4,128,1,1,38723A2E5E8A17AA7950DC008209944E898F69A7BD10A23C839D341E935FD5CA,0
C:\Users\Administrator\AppData\Local\DuckStation\savestates\HASH-29EFD29BD74A5AE5_3.sav,other_or_unknown,,0,4,wrapper_candidate,0x801A2074,0x801A2304,656,0,0,2AEADA7A7F292C5C538A488BD30E38DD3403751038B53393C17D24F3AFE36D76,353
C:\Users\Administrator\AppData\Local\DuckStation\savestates\HASH-29EFD29BD74A5AE5_3.sav,other_or_unknown,,0,4,ui_or_coord_table,0x801A7460,0x801A7860,1024,0,0,8F60FD7E8A15440AF540247D705B6EC4115092E85BC96126D9C8329E4895860E,931
C:\Users\Administrator\AppData\Local\DuckStation\savestates\HASH-29EFD29BD74A5AE5_4.sav,other_or_unknown,,0,4,e2_or_wrapper,0x8018FCD0,0x8018FDC5,245,0,0,4816801FC4700CE9FAE1D2E6537F553ACE63B6B3CD6DB30B9BB4A7D8505BAA3B,131
C:\Users\Administrator\AppData\Local\DuckStation\savestates\HASH-29EFD29BD74A5AE5_4.sav,other_or_unknown,,0,4,bank_helper,0x80193B44,0x80193BC4,128,1,1,38723A2E5E8A17AA7950DC008209944E898F69A7BD10A23C839D341E935FD5CA,0
C:\Users\Administrator\AppData\Local\DuckStation\savestates\HASH-29EFD29BD74A5AE5_4.sav,other_or_unknown,,0,4,wrapper_candidate,0x801A2074,0x801A2304,656,0,0,2AEADA7A7F292C5C538A488BD30E38DD3403751038B53393C17D24F3AFE36D76,353
C:\Users\Administrator\AppData\Local\DuckStation\savestates\HASH-29EFD29BD74A5AE5_4.sav,other_or_unknown,,0,4,ui_or_coord_table,0x801A7460,0x801A7860,1024,0,0,8F60FD7E8A15440AF540247D705B6EC4115092E85BC96126D9C8329E4895860E,931
C:\Users\Administrator\AppData\Local\DuckStation\savestates\HASH-29EFD29BD74A5AE5_5.sav,other_or_unknown,,0,4,e2_or_wrapper,0x8018FCD0,0x8018FDC5,245,0,0,4816801FC4700CE9FAE1D2E6537F553ACE63B6B3CD6DB30B9BB4A7D8505BAA3B,131
C:\Users\Administrator\AppData\Local\DuckStation\savestates\HASH-29EFD29BD74A5AE5_5.sav,other_or_unknown,,0,4,bank_helper,0x80193B44,0x80193BC4,128,1,1,38723A2E5E8A17AA7950DC008209944E898F69A7BD10A23C839D341E935FD5CA,0
C:\Users\Administrator\AppData\Local\DuckStation\savestates\HASH-29EFD29BD74A5AE5_5.sav,other_or_unknown,,0,4,wrapper_candidate,0x801A2074,0x801A2304,656,0,0,2AEADA7A7F292C5C538A488BD30E38DD3403751038B53393C17D24F3AFE36D76,353
C:\Users\Administrator\AppData\Local\DuckStation\savestates\HASH-29EFD29BD74A5AE5_5.sav,other_or_unknown,,0,4,ui_or_coord_table,0x801A7460,0x801A7860,1024,0,0,8F60FD7E8A15440AF540247D705B6EC4115092E85BC96126D9C8329E4895860E,931
C:\Users\Administrator\AppData\Local\DuckStation\savestates\HASH-29EFD29BD74A5AE5_6.sav,other_or_unknown,,0,4,e2_or_wrapper,0x8018FCD0,0x8018FDC5,245,0,0,4816801FC4700CE9FAE1D2E6537F553ACE63B6B3CD6DB30B9BB4A7D8505BAA3B,131
C:\Users\Administrator\AppData\Local\DuckStation\savestates\HASH-29EFD29BD74A5AE5_6.sav,other_or_unknown,,0,4,bank_helper,0x80193B44,0x80193BC4,128,1,1,38723A2E5E8A17AA7950DC008209944E898F69A7BD10A23C839D341E935FD5CA,0
C:\Users\Administrator\AppData\Local\DuckStation\savestates\HASH-29EFD29BD74A5AE5_6.sav,other_or_unknown,,0,4,wrapper_candidate,0x801A2074,0x801A2304,656,0,0,2AEADA7A7F292C5C538A488BD30E38DD3403751038B53393C17D24F3AFE36D76,353
C:\Users\Administrator\AppData\Local\DuckStation\savestates\HASH-29EFD29BD74A5AE5_6.sav,other_or_unknown,,0,4,ui_or_coord_table,0x801A7460,0x801A7860,1024,0,0,8F60FD7E8A15440AF540247D705B6EC4115092E85BC96126D9C8329E4895860E,931
C:\Users\Administrator\AppData\Local\DuckStation\savestates\HASH-29EFD29BD74A5AE5_resume.sav,other_or_unknown,,0,4,e2_or_wrapper,0x8018FCD0,0x8018FDC5,245,0,0,4816801FC4700CE9FAE1D2E6537F553ACE63B6B3CD6DB30B9BB4A7D8505BAA3B,131
C:\Users\Administrator\AppData\Local\DuckStation\savestates\HASH-29EFD29BD74A5AE5_resume.sav,other_or_unknown,,0,4,bank_helper,0x80193B44,0x80193BC4,128,1,1,38723A2E5E8A17AA7950DC008209944E898F69A7BD10A23C839D341E935FD5CA,0
C:\Users\Administrator\AppData\Local\DuckStation\savestates\HASH-29EFD29BD74A5AE5_resume.sav,other_or_unknown,,0,4,wrapper_candidate,0x801A2074,0x801A2304,656,0,0,2AEADA7A7F292C5C538A488BD30E38DD3403751038B53393C17D24F3AFE36D76,353
C:\Users\Administrator\AppData\Local\DuckStation\savestates\HASH-29EFD29BD74A5AE5_resume.sav,other_or_unknown,,0,4,ui_or_coord_table,0x801A7460,0x801A7860,1024,0,0,8F60FD7E8A15440AF540247D705B6EC4115092E85BC96126D9C8329E4895860E,931
C:\Users\Administrator\AppData\Local\DuckStation\savestates\HASH-2AEFB45E609D739C_1.sav,other_or_unknown,,0,4,e2_or_wrapper,0x8018FCD0,0x8018FDC5,245,0,0,4816801FC4700CE9FAE1D2E6537F553ACE63B6B3CD6DB30B9BB4A7D8505BAA3B,131
C:\Users\Administrator\AppData\Local\DuckStation\savestates\HASH-2AEFB45E609D739C_1.sav,other_or_unknown,,0,4,bank_helper,0x80193B44,0x80193BC4,128,1,1,38723A2E5E8A17AA7950DC008209944E898F69A7BD10A23C839D341E935FD5CA,0
C:\Users\Administrator\AppData\Local\DuckStation\savestates\HASH-2AEFB45E609D739C_1.sav,other_or_unknown,,0,4,wrapper_candidate,0x801A2074,0x801A2304,656,0,0,EA8100A258DEBE8CE504716BA0ECE557266B58A45A356D95310879762E9AD4AD,421
C:\Users\Administrator\AppData\Local\DuckStation\savestates\HASH-2AEFB45E609D739C_1.sav,other_or_unknown,,0,4,ui_or_coord_table,0x801A7460,0x801A7860,1024,0,0,54F516CCF75B9BFC66404945F46AE4298FAAB5A32C95656A75C99A893ED0F9ED,932
C:\Users\Administrator\AppData\Local\DuckStation\savestates\HASH-2AEFB45E609D739C_2.sav,other_or_unknown,,0,4,e2_or_wrapper,0x8018FCD0,0x8018FDC5,245,0,0,4816801FC4700CE9FAE1D2E6537F553ACE63B6B3CD6DB30B9BB4A7D8505BAA3B,131
C:\Users\Administrator\AppData\Local\DuckStation\savestates\HASH-2AEFB45E609D739C_2.sav,other_or_unknown,,0,4,bank_helper,0x80193B44,0x80193BC4,128,1,1,38723A2E5E8A17AA7950DC008209944E898F69A7BD10A23C839D341E935FD5CA,0
C:\Users\Administrator\AppData\Local\DuckStation\savestates\HASH-2AEFB45E609D739C_2.sav,other_or_unknown,,0,4,wrapper_candidate,0x801A2074,0x801A2304,656,0,0,EA8100A258DEBE8CE504716BA0ECE557266B58A45A356D95310879762E9AD4AD,421
C:\Users\Administrator\AppData\Local\DuckStation\savestates\HASH-2AEFB45E609D739C_2.sav,other_or_unknown,,0,4,ui_or_coord_table,0x801A7460,0x801A7860,1024,0,0,54F516CCF75B9BFC66404945F46AE4298FAAB5A32C95656A75C99A893ED0F9ED,932
C:\Users\Administrator\AppData\Local\DuckStation\savestates\HASH-2AEFB45E609D739C_resume.sav,other_or_unknown,,0,4,e2_or_wrapper,0x8018FCD0,0x8018FDC5,245,0,0,4816801FC4700CE9FAE1D2E6537F553ACE63B6B3CD6DB30B9BB4A7D8505BAA3B,131
C:\Users\Administrator\AppData\Local\DuckStation\savestates\HASH-2AEFB45E609D739C_resume.sav,other_or_unknown,,0,4,bank_helper,0x80193B44,0x80193BC4,128,1,1,38723A2E5E8A17AA7950DC008209944E898F69A7BD10A23C839D341E935FD5CA,0
C:\Users\Administrator\AppData\Local\DuckStation\savestates\HASH-2AEFB45E609D739C_resume.sav,other_or_unknown,,0,4,wrapper_candidate,0x801A2074,0x801A2304,656,0,0,EA8100A258DEBE8CE504716BA0ECE557266B58A45A356D95310879762E9AD4AD,421
C:\Users\Administrator\AppData\Local\DuckStation\savestates\HASH-2AEFB45E609D739C_resume.sav,other_or_unknown,,0,4,ui_or_coord_table,0x801A7460,0x801A7860,1024,0,0,54F516CCF75B9BFC66404945F46AE4298FAAB5A32C95656A75C99A893ED0F9ED,932
C:\Users\Administrator\AppData\Local\DuckStation\savestates\HASH-2BA5158819E37714_1.sav,other_or_unknown,,0,4,e2_or_wrapper,0x8018FCD0,0x8018FDC5,245,0,0,4816801FC4700CE9FAE1D2E6537F553ACE63B6B3CD6DB30B9BB4A7D8505BAA3B,131
C:\Users\Administrator\AppData\Local\DuckStation\savestates\HASH-2BA5158819E37714_1.sav,other_or_unknown,,0,4,bank_helper,0x80193B44,0x80193BC4,128,1,1,38723A2E5E8A17AA7950DC008209944E898F69A7BD10A23C839D341E935FD5CA,0
C:\Users\Administrator\AppData\Local\DuckStation\savestates\HASH-2BA5158819E37714_1.sav,other_or_unknown,,0,4,wrapper_candidate,0x801A2074,0x801A2304,656,1,1,E06E79CDFEDFC6D6107B945613E65B2DE3A209E40115B9B00AB048D2B91CD7D5,0
C:\Users\Administrator\AppData\Local\DuckStation\savestates\HASH-2BA5158819E37714_1.sav,other_or_unknown,,0,4,ui_or_coord_table,0x801A7460,0x801A7860,1024,0,0,15BA54950B33EAFCA7D3B9A0693AB182E36B43C9DF68B5194E69137EAFDD92F7,934
C:\Users\Administrator\AppData\Local\DuckStation\savestates\HASH-2BA5158819E37714_2.sav,other_or_unknown,,0,4,e2_or_wrapper,0x8018FCD0,0x8018FDC5,245,0,0,4816801FC4700CE9FAE1D2E6537F553ACE63B6B3CD6DB30B9BB4A7D8505BAA3B,131
C:\Users\Administrator\AppData\Local\DuckStation\savestates\HASH-2BA5158819E37714_2.sav,other_or_unknown,,0,4,bank_helper,0x80193B44,0x80193BC4,128,1,1,38723A2E5E8A17AA7950DC008209944E898F69A7BD10A23C839D341E935FD5CA,0
C:\Users\Administrator\AppData\Local\DuckStation\savestates\HASH-2BA5158819E37714_2.sav,other_or_unknown,,0,4,wrapper_candidate,0x801A2074,0x801A2304,656,1,1,E06E79CDFEDFC6D6107B945613E65B2DE3A209E40115B9B00AB048D2B91CD7D5,0
C:\Users\Administrator\AppData\Local\DuckStation\savestates\HASH-2BA5158819E37714_2.sav,other_or_unknown,,0,4,ui_or_coord_table,0x801A7460,0x801A7860,1024,0,0,15BA54950B33EAFCA7D3B9A0693AB182E36B43C9DF68B5194E69137EAFDD92F7,934
C:\Users\Administrator\AppData\Local\DuckStation\savestates\HASH-2BA5158819E37714_3.sav,other_or_unknown,,0,4,e2_or_wrapper,0x8018FCD0,0x8018FDC5,245,0,0,4816801FC4700CE9FAE1D2E6537F553ACE63B6B3CD6DB30B9BB4A7D8505BAA3B,131
C:\Users\Administrator\AppData\Local\DuckStation\savestates\HASH-2BA5158819E37714_3.sav,other_or_unknown,,0,4,bank_helper,0x80193B44,0x80193BC4,128,1,1,38723A2E5E8A17AA7950DC008209944E898F69A7BD10A23C839D341E935FD5CA,0
C:\Users\Administrator\AppData\Local\DuckStation\savestates\HASH-2BA5158819E37714_3.sav,other_or_unknown,,0,4,wrapper_candidate,0x801A2074,0x801A2304,656,1,1,E06E79CDFEDFC6D6107B945613E65B2DE3A209E40115B9B00AB048D2B91CD7D5,0
C:\Users\Administrator\AppData\Local\DuckStation\savestates\HASH-2BA5158819E37714_3.sav,other_or_unknown,,0,4,ui_or_coord_table,0x801A7460,0x801A7860,1024,0,0,15BA54950B33EAFCA7D3B9A0693AB182E36B43C9DF68B5194E69137EAFDD92F7,934
C:\Users\Administrator\AppData\Local\DuckStation\savestates\HASH-2BA5158819E37714_4.sav,other_or_unknown,,0,4,e2_or_wrapper,0x8018FCD0,0x8018FDC5,245,0,0,4816801FC4700CE9FAE1D2E6537F553ACE63B6B3CD6DB30B9BB4A7D8505BAA3B,131
C:\Users\Administrator\AppData\Local\DuckStation\savestates\HASH-2BA5158819E37714_4.sav,other_or_unknown,,0,4,bank_helper,0x80193B44,0x80193BC4,128,1,1,38723A2E5E8A17AA7950DC008209944E898F69A7BD10A23C839D341E935FD5CA,0
C:\Users\Administrator\AppData\Local\DuckStation\savestates\HASH-2BA5158819E37714_4.sav,other_or_unknown,,0,4,wrapper_candidate,0x801A2074,0x801A2304,656,1,1,E06E79CDFEDFC6D6107B945613E65B2DE3A209E40115B9B00AB048D2B91CD7D5,0
C:\Users\Administrator\AppData\Local\DuckStation\savestates\HASH-2BA5158819E37714_4.sav,other_or_unknown,,0,4,ui_or_coord_table,0x801A7460,0x801A7860,1024,0,0,15BA54950B33EAFCA7D3B9A0693AB182E36B43C9DF68B5194E69137EAFDD92F7,934
C:\Users\Administrator\AppData\Local\DuckStation\savestates\HASH-2BA5158819E37714_5.sav,other_or_unknown,,0,4,e2_or_wrapper,0x8018FCD0,0x8018FDC5,245,0,0,4816801FC4700CE9FAE1D2E6537F553ACE63B6B3CD6DB30B9BB4A7D8505BAA3B,131
C:\Users\Administrator\AppData\Local\DuckStation\savestates\HASH-2BA5158819E37714_5.sav,other_or_unknown,,0,4,bank_helper,0x80193B44,0x80193BC4,128,1,1,38723A2E5E8A17AA7950DC008209944E898F69A7BD10A23C839D341E935FD5CA,0
C:\Users\Administrator\AppData\Local\DuckStation\savestates\HASH-2BA5158819E37714_5.sav,other_or_unknown,,0,4,wrapper_candidate,0x801A2074,0x801A2304,656,1,1,E06E79CDFEDFC6D6107B945613E65B2DE3A209E40115B9B00AB048D2B91CD7D5,0
C:\Users\Administrator\AppData\Local\DuckStation\savestates\HASH-2BA5158819E37714_5.sav,other_or_unknown,,0,4,ui_or_coord_table,0x801A7460,0x801A7860,1024,0,0,15BA54950B33EAFCA7D3B9A0693AB182E36B43C9DF68B5194E69137EAFDD92F7,934
C:\Users\Administrator\AppData\Local\DuckStation\savestates\HASH-2BA5158819E37714_resume.sav,other_or_unknown,,0,4,e2_or_wrapper,0x8018FCD0,0x8018FDC5,245,0,0,4816801FC4700CE9FAE1D2E6537F553ACE63B6B3CD6DB30B9BB4A7D8505BAA3B,131
C:\Users\Administrator\AppData\Local\DuckStation\savestates\HASH-2BA5158819E37714_resume.sav,other_or_unknown,,0,4,bank_helper,0x80193B44,0x80193BC4,128,1,1,38723A2E5E8A17AA7950DC008209944E898F69A7BD10A23C839D341E935FD5CA,0
C:\Users\Administrator\AppData\Local\DuckStation\savestates\HASH-2BA5158819E37714_resume.sav,other_or_unknown,,0,4,wrapper_candidate,0x801A2074,0x801A2304,656,1,1,E06E79CDFEDFC6D6107B945613E65B2DE3A209E40115B9B00AB048D2B91CD7D5,0
C:\Users\Administrator\AppData\Local\DuckStation\savestates\HASH-2BA5158819E37714_resume.sav,other_or_unknown,,0,4,ui_or_coord_table,0x801A7460,0x801A7860,1024,0,0,15BA54950B33EAFCA7D3B9A0693AB182E36B43C9DF68B5194E69137EAFDD92F7,934
C:\Users\Administrator\AppData\Local\DuckStation\savestates\HASH-2C56234E73DBBF7A_resume.sav,other_or_unknown,,0,4,e2_or_wrapper,0x8018FCD0,0x8018FDC5,245,0,0,1DD2F780E8E82B1B5AAE07737A722773A6E3E11283E787CFAE810BC905534A49,165
C:\Users\Administrator\AppData\Local\DuckStation\savestates\HASH-2C56234E73DBBF7A_resume.sav,other_or_unknown,,0,4,bank_helper,0x80193B44,0x80193BC4,128,1,1,38723A2E5E8A17AA7950DC008209944E898F69A7BD10A23C839D341E935FD5CA,0
C:\Users\Administrator\AppData\Local\DuckStation\savestates\HASH-2C56234E73DBBF7A_resume.sav,other_or_unknown,,0,4,wrapper_candidate,0x801A2074,0x801A2304,656,1,1,E06E79CDFEDFC6D6107B945613E65B2DE3A209E40115B9B00AB048D2B91CD7D5,0
C:\Users\Administrator\AppData\Local\DuckStation\savestates\HASH-2C56234E73DBBF7A_resume.sav,other_or_unknown,,0,4,ui_or_coord_table,0x801A7460,0x801A7860,1024,1,0,5F70BF18A086007016E948B04AED3B82103A36BEA41755B6CDDFAF10ACE3C6EF,0
C:\Users\Administrator\AppData\Local\DuckStation\savestates\HASH-2C8AA6888201A932_1.sav,other_or_unknown,,0,4,e2_or_wrapper,0x8018FCD0,0x8018FDC5,245,0,0,4816801FC4700CE9FAE1D2E6537F553ACE63B6B3CD6DB30B9BB4A7D8505BAA3B,131
C:\Users\Administrator\AppData\Local\DuckStation\savestates\HASH-2C8AA6888201A932_1.sav,other_or_unknown,,0,4,bank_helper,0x80193B44,0x80193BC4,128,1,1,38723A2E5E8A17AA7950DC008209944E898F69A7BD10A23C839D341E935FD5CA,0
C:\Users\Administrator\AppData\Local\DuckStation\savestates\HASH-2C8AA6888201A932_1.sav,other_or_unknown,,0,4,wrapper_candidate,0x801A2074,0x801A2304,656,0,0,A4CB8751CDF6E30688D601C789725749D4641D60536D417E761B6B2FBBFB8E43,416
C:\Users\Administrator\AppData\Local\DuckStation\savestates\HASH-2C8AA6888201A932_1.sav,other_or_unknown,,0,4,ui_or_coord_table,0x801A7460,0x801A7860,1024,0,0,8F60FD7E8A15440AF540247D705B6EC4115092E85BC96126D9C8329E4895860E,931
C:\Users\Administrator\AppData\Local\DuckStation\savestates\HASH-2C8AA6888201A932_resume.sav,other_or_unknown,,0,4,e2_or_wrapper,0x8018FCD0,0x8018FDC5,245,0,0,4816801FC4700CE9FAE1D2E6537F553ACE63B6B3CD6DB30B9BB4A7D8505BAA3B,131
C:\Users\Administrator\AppData\Local\DuckStation\savestates\HASH-2C8AA6888201A932_resume.sav,other_or_unknown,,0,4,bank_helper,0x80193B44,0x80193BC4,128,1,1,38723A2E5E8A17AA7950DC008209944E898F69A7BD10A23C839D341E935FD5CA,0
C:\Users\Administrator\AppData\Local\DuckStation\savestates\HASH-2C8AA6888201A932_resume.sav,other_or_unknown,,0,4,wrapper_candidate,0x801A2074,0x801A2304,656,0,0,A4CB8751CDF6E30688D601C789725749D4641D60536D417E761B6B2FBBFB8E43,416
C:\Users\Administrator\AppData\Local\DuckStation\savestates\HASH-2C8AA6888201A932_resume.sav,other_or_unknown,,0,4,ui_or_coord_table,0x801A7460,0x801A7860,1024,0,0,8F60FD7E8A15440AF540247D705B6EC4115092E85BC96126D9C8329E4895860E,931
C:\Users\Administrator\AppData\Local\DuckStation\savestates\HASH-2F53694C69D8FD6C_resume.sav,other_or_unknown,,0,4,e2_or_wrapper,0x8018FCD0,0x8018FDC5,245,0,0,4816801FC4700CE9FAE1D2E6537F553ACE63B6B3CD6DB30B9BB4A7D8505BAA3B,131
C:\Users\Administrator\AppData\Local\DuckStation\savestates\HASH-2F53694C69D8FD6C_resume.sav,other_or_unknown,,0,4,bank_helper,0x80193B44,0x80193BC4,128,1,1,38723A2E5E8A17AA7950DC008209944E898F69A7BD10A23C839D341E935FD5CA,0
C:\Users\Administrator\AppData\Local\DuckStation\savestates\HASH-2F53694C69D8FD6C_resume.sav,other_or_unknown,,0,4,wrapper_candidate,0x801A2074,0x801A2304,656,0,0,9AC093630A4A34D47A5164B93B93CE8E62AE55B10185086C69D4FDF2A7E342BE,414
C:\Users\Administrator\AppData\Local\DuckStation\savestates\HASH-2F53694C69D8FD6C_resume.sav,other_or_unknown,,0,4,ui_or_coord_table,0x801A7460,0x801A7860,1024,0,0,7A56DABFAC185758C37F88C94734B3338CA1DE8F7B7B4EC178D64907759E9893,904
C:\Users\Administrator\AppData\Local\DuckStation\savestates\HASH-30502498B39014FB_resume.sav,other_or_unknown,,0,4,e2_or_wrapper,0x8018FCD0,0x8018FDC5,245,0,0,4816801FC4700CE9FAE1D2E6537F553ACE63B6B3CD6DB30B9BB4A7D8505BAA3B,131
C:\Users\Administrator\AppData\Local\DuckStation\savestates\HASH-30502498B39014FB_resume.sav,other_or_unknown,,0,4,bank_helper,0x80193B44,0x80193BC4,128,1,1,38723A2E5E8A17AA7950DC008209944E898F69A7BD10A23C839D341E935FD5CA,0
C:\Users\Administrator\AppData\Local\DuckStation\savestates\HASH-30502498B39014FB_resume.sav,other_or_unknown,,0,4,wrapper_candidate,0x801A2074,0x801A2304,656,1,1,E06E79CDFEDFC6D6107B945613E65B2DE3A209E40115B9B00AB048D2B91CD7D5,0
C:\Users\Administrator\AppData\Local\DuckStation\savestates\HASH-30502498B39014FB_resume.sav,other_or_unknown,,0,4,ui_or_coord_table,0x801A7460,0x801A7860,1024,0,0,6539EED9002401F63053E4B31B24DD1E6CD007B79D909E22740B244E7622568F,934
C:\Users\Administrator\AppData\Local\DuckStation\savestates\HASH-31AE820EA250BDE2_1.sav,other_or_unknown,,0,4,e2_or_wrapper,0x8018FCD0,0x8018FDC5,245,1,0,02D8F3F83865737E056CCDF3D1BF8DCD4D3B68CE8CB63F3663F092AFA6174958,0
C:\Users\Administrator\AppData\Local\DuckStation\savestates\HASH-31AE820EA250BDE2_1.sav,other_or_unknown,,0,4,bank_helper,0x80193B44,0x80193BC4,128,1,1,38723A2E5E8A17AA7950DC008209944E898F69A7BD10A23C839D341E935FD5CA,0
C:\Users\Administrator\AppData\Local\DuckStation\savestates\HASH-31AE820EA250BDE2_1.sav,other_or_unknown,,0,4,wrapper_candidate,0x801A2074,0x801A2304,656,1,1,E06E79CDFEDFC6D6107B945613E65B2DE3A209E40115B9B00AB048D2B91CD7D5,0
C:\Users\Administrator\AppData\Local\DuckStation\savestates\HASH-31AE820EA250BDE2_1.sav,other_or_unknown,,0,4,ui_or_coord_table,0x801A7460,0x801A7860,1024,1,0,5F70BF18A086007016E948B04AED3B82103A36BEA41755B6CDDFAF10ACE3C6EF,0
C:\Users\Administrator\AppData\Local\DuckStation\savestates\HASH-31AE820EA250BDE2_resume.sav,other_or_unknown,,0,4,e2_or_wrapper,0x8018FCD0,0x8018FDC5,245,1,0,02D8F3F83865737E056CCDF3D1BF8DCD4D3B68CE8CB63F3663F092AFA6174958,0
C:\Users\Administrator\AppData\Local\DuckStation\savestates\HASH-31AE820EA250BDE2_resume.sav,other_or_unknown,,0,4,bank_helper,0x80193B44,0x80193BC4,128,1,1,38723A2E5E8A17AA7950DC008209944E898F69A7BD10A23C839D341E935FD5CA,0
C:\Users\Administrator\AppData\Local\DuckStation\savestates\HASH-31AE820EA250BDE2_resume.sav,other_or_unknown,,0,4,wrapper_candidate,0x801A2074,0x801A2304,656,1,1,E06E79CDFEDFC6D6107B945613E65B2DE3A209E40115B9B00AB048D2B91CD7D5,0
C:\Users\Administrator\AppData\Local\DuckStation\savestates\HASH-31AE820EA250BDE2_resume.sav,other_or_unknown,,0,4,ui_or_coord_table,0x801A7460,0x801A7860,1024,1,0,5F70BF18A086007016E948B04AED3B82103A36BEA41755B6CDDFAF10ACE3C6EF,0
C:\Users\Administrator\AppData\Local\DuckStation\savestates\HASH-340476B50F5F94CD_1.sav,other_or_unknown,,0,4,e2_or_wrapper,0x8018FCD0,0x8018FDC5,245,0,0,4816801FC4700CE9FAE1D2E6537F553ACE63B6B3CD6DB30B9BB4A7D8505BAA3B,131
C:\Users\Administrator\AppData\Local\DuckStation\savestates\HASH-340476B50F5F94CD_1.sav,other_or_unknown,,0,4,bank_helper,0x80193B44,0x80193BC4,128,1,1,38723A2E5E8A17AA7950DC008209944E898F69A7BD10A23C839D341E935FD5CA,0
C:\Users\Administrator\AppData\Local\DuckStation\savestates\HASH-340476B50F5F94CD_1.sav,other_or_unknown,,0,4,wrapper_candidate,0x801A2074,0x801A2304,656,0,0,F3ADA85DC3EBD7F44A719593DE276B48D2422C87E7E38B90FDF30EF6E71CF533,415
C:\Users\Administrator\AppData\Local\DuckStation\savestates\HASH-340476B50F5F94CD_1.sav,other_or_unknown,,0,4,ui_or_coord_table,0x801A7460,0x801A7860,1024,0,0,19784663A03D99BD00F9E502F485BB51B96E79BA4C9C9EF45C703DC97A7D128B,932
C:\Users\Administrator\AppData\Local\DuckStation\savestates\HASH-340476B50F5F94CD_2.sav,other_or_unknown,,0,4,e2_or_wrapper,0x8018FCD0,0x8018FDC5,245,0,0,4816801FC4700CE9FAE1D2E6537F553ACE63B6B3CD6DB30B9BB4A7D8505BAA3B,131
C:\Users\Administrator\AppData\Local\DuckStation\savestates\HASH-340476B50F5F94CD_2.sav,other_or_unknown,,0,4,bank_helper,0x80193B44,0x80193BC4,128,1,1,38723A2E5E8A17AA7950DC008209944E898F69A7BD10A23C839D341E935FD5CA,0
C:\Users\Administrator\AppData\Local\DuckStation\savestates\HASH-340476B50F5F94CD_2.sav,other_or_unknown,,0,4,wrapper_candidate,0x801A2074,0x801A2304,656,0,0,F3ADA85DC3EBD7F44A719593DE276B48D2422C87E7E38B90FDF30EF6E71CF533,415
C:\Users\Administrator\AppData\Local\DuckStation\savestates\HASH-340476B50F5F94CD_2.sav,other_or_unknown,,0,4,ui_or_coord_table,0x801A7460,0x801A7860,1024,0,0,19784663A03D99BD00F9E502F485BB51B96E79BA4C9C9EF45C703DC97A7D128B,932
C:\Users\Administrator\AppData\Local\DuckStation\savestates\HASH-340476B50F5F94CD_3.sav,other_or_unknown,,0,4,e2_or_wrapper,0x8018FCD0,0x8018FDC5,245,0,0,4816801FC4700CE9FAE1D2E6537F553ACE63B6B3CD6DB30B9BB4A7D8505BAA3B,131
C:\Users\Administrator\AppData\Local\DuckStation\savestates\HASH-340476B50F5F94CD_3.sav,other_or_unknown,,0,4,bank_helper,0x80193B44,0x80193BC4,128,1,1,38723A2E5E8A17AA7950DC008209944E898F69A7BD10A23C839D341E935FD5CA,0
C:\Users\Administrator\AppData\Local\DuckStation\savestates\HASH-340476B50F5F94CD_3.sav,other_or_unknown,,0,4,wrapper_candidate,0x801A2074,0x801A2304,656,0,0,F3ADA85DC3EBD7F44A719593DE276B48D2422C87E7E38B90FDF30EF6E71CF533,415
C:\Users\Administrator\AppData\Local\DuckStation\savestates\HASH-340476B50F5F94CD_3.sav,other_or_unknown,,0,4,ui_or_coord_table,0x801A7460,0x801A7860,1024,0,0,19784663A03D99BD00F9E502F485BB51B96E79BA4C9C9EF45C703DC97A7D128B,932
C:\Users\Administrator\AppData\Local\DuckStation\savestates\HASH-340476B50F5F94CD_4.sav,other_or_unknown,,0,4,e2_or_wrapper,0x8018FCD0,0x8018FDC5,245,0,0,4816801FC4700CE9FAE1D2E6537F553ACE63B6B3CD6DB30B9BB4A7D8505BAA3B,131
C:\Users\Administrator\AppData\Local\DuckStation\savestates\HASH-340476B50F5F94CD_4.sav,other_or_unknown,,0,4,bank_helper,0x80193B44,0x80193BC4,128,1,1,38723A2E5E8A17AA7950DC008209944E898F69A7BD10A23C839D341E935FD5CA,0
C:\Users\Administrator\AppData\Local\DuckStation\savestates\HASH-340476B50F5F94CD_4.sav,other_or_unknown,,0,4,wrapper_candidate,0x801A2074,0x801A2304,656,0,0,F3ADA85DC3EBD7F44A719593DE276B48D2422C87E7E38B90FDF30EF6E71CF533,415
C:\Users\Administrator\AppData\Local\DuckStation\savestates\HASH-340476B50F5F94CD_4.sav,other_or_unknown,,0,4,ui_or_coord_table,0x801A7460,0x801A7860,1024,0,0,19784663A03D99BD00F9E502F485BB51B96E79BA4C9C9EF45C703DC97A7D128B,932
C:\Users\Administrator\AppData\Local\DuckStation\savestates\HASH-340476B50F5F94CD_5.sav,other_or_unknown,,0,4,e2_or_wrapper,0x8018FCD0,0x8018FDC5,245,0,0,4816801FC4700CE9FAE1D2E6537F553ACE63B6B3CD6DB30B9BB4A7D8505BAA3B,131
C:\Users\Administrator\AppData\Local\DuckStation\savestates\HASH-340476B50F5F94CD_5.sav,other_or_unknown,,0,4,bank_helper,0x80193B44,0x80193BC4,128,1,1,38723A2E5E8A17AA7950DC008209944E898F69A7BD10A23C839D341E935FD5CA,0
C:\Users\Administrator\AppData\Local\DuckStation\savestates\HASH-340476B50F5F94CD_5.sav,other_or_unknown,,0,4,wrapper_candidate,0x801A2074,0x801A2304,656,0,0,F3ADA85DC3EBD7F44A719593DE276B48D2422C87E7E38B90FDF30EF6E71CF533,415
C:\Users\Administrator\AppData\Local\DuckStation\savestates\HASH-340476B50F5F94CD_5.sav,other_or_unknown,,0,4,ui_or_coord_table,0x801A7460,0x801A7860,1024,0,0,19784663A03D99BD00F9E502F485BB51B96E79BA4C9C9EF45C703DC97A7D128B,932
C:\Users\Administrator\AppData\Local\DuckStation\savestates\HASH-340476B50F5F94CD_6.sav,other_or_unknown,,0,4,e2_or_wrapper,0x8018FCD0,0x8018FDC5,245,0,0,4816801FC4700CE9FAE1D2E6537F553ACE63B6B3CD6DB30B9BB4A7D8505BAA3B,131
C:\Users\Administrator\AppData\Local\DuckStation\savestates\HASH-340476B50F5F94CD_6.sav,other_or_unknown,,0,4,bank_helper,0x80193B44,0x80193BC4,128,1,1,38723A2E5E8A17AA7950DC008209944E898F69A7BD10A23C839D341E935FD5CA,0
C:\Users\Administrator\AppData\Local\DuckStation\savestates\HASH-340476B50F5F94CD_6.sav,other_or_unknown,,0,4,wrapper_candidate,0x801A2074,0x801A2304,656,0,0,F3ADA85DC3EBD7F44A719593DE276B48D2422C87E7E38B90FDF30EF6E71CF533,415
C:\Users\Administrator\AppData\Local\DuckStation\savestates\HASH-340476B50F5F94CD_6.sav,other_or_unknown,,0,4,ui_or_coord_table,0x801A7460,0x801A7860,1024,0,0,19784663A03D99BD00F9E502F485BB51B96E79BA4C9C9EF45C703DC97A7D128B,932
C:\Users\Administrator\AppData\Local\DuckStation\savestates\HASH-340476B50F5F94CD_7.sav,other_or_unknown,,0,4,e2_or_wrapper,0x8018FCD0,0x8018FDC5,245,0,0,4816801FC4700CE9FAE1D2E6537F553ACE63B6B3CD6DB30B9BB4A7D8505BAA3B,131
C:\Users\Administrator\AppData\Local\DuckStation\savestates\HASH-340476B50F5F94CD_7.sav,other_or_unknown,,0,4,bank_helper,0x80193B44,0x80193BC4,128,1,1,38723A2E5E8A17AA7950DC008209944E898F69A7BD10A23C839D341E935FD5CA,0
C:\Users\Administrator\AppData\Local\DuckStation\savestates\HASH-340476B50F5F94CD_7.sav,other_or_unknown,,0,4,wrapper_candidate,0x801A2074,0x801A2304,656,0,0,F3ADA85DC3EBD7F44A719593DE276B48D2422C87E7E38B90FDF30EF6E71CF533,415
C:\Users\Administrator\AppData\Local\DuckStation\savestates\HASH-340476B50F5F94CD_7.sav,other_or_unknown,,0,4,ui_or_coord_table,0x801A7460,0x801A7860,1024,0,0,19784663A03D99BD00F9E502F485BB51B96E79BA4C9C9EF45C703DC97A7D128B,932
C:\Users\Administrator\AppData\Local\DuckStation\savestates\HASH-340476B50F5F94CD_8.sav,other_or_unknown,,0,4,e2_or_wrapper,0x8018FCD0,0x8018FDC5,245,0,0,4816801FC4700CE9FAE1D2E6537F553ACE63B6B3CD6DB30B9BB4A7D8505BAA3B,131
C:\Users\Administrator\AppData\Local\DuckStation\savestates\HASH-340476B50F5F94CD_8.sav,other_or_unknown,,0,4,bank_helper,0x80193B44,0x80193BC4,128,1,1,38723A2E5E8A17AA7950DC008209944E898F69A7BD10A23C839D341E935FD5CA,0
C:\Users\Administrator\AppData\Local\DuckStation\savestates\HASH-340476B50F5F94CD_8.sav,other_or_unknown,,0,4,wrapper_candidate,0x801A2074,0x801A2304,656,0,0,F3ADA85DC3EBD7F44A719593DE276B48D2422C87E7E38B90FDF30EF6E71CF533,415
C:\Users\Administrator\AppData\Local\DuckStation\savestates\HASH-340476B50F5F94CD_8.sav,other_or_unknown,,0,4,ui_or_coord_table,0x801A7460,0x801A7860,1024,0,0,19784663A03D99BD00F9E502F485BB51B96E79BA4C9C9EF45C703DC97A7D128B,932
C:\Users\Administrator\AppData\Local\DuckStation\savestates\HASH-340476B50F5F94CD_resume.sav,other_or_unknown,,0,4,e2_or_wrapper,0x8018FCD0,0x8018FDC5,245,0,0,4816801FC4700CE9FAE1D2E6537F553ACE63B6B3CD6DB30B9BB4A7D8505BAA3B,131
C:\Users\Administrator\AppData\Local\DuckStation\savestates\HASH-340476B50F5F94CD_resume.sav,other_or_unknown,,0,4,bank_helper,0x80193B44,0x80193BC4,128,1,1,38723A2E5E8A17AA7950DC008209944E898F69A7BD10A23C839D341E935FD5CA,0
C:\Users\Administrator\AppData\Local\DuckStation\savestates\HASH-340476B50F5F94CD_resume.sav,other_or_unknown,,0,4,wrapper_candidate,0x801A2074,0x801A2304,656,0,0,F3ADA85DC3EBD7F44A719593DE276B48D2422C87E7E38B90FDF30EF6E71CF533,415
C:\Users\Administrator\AppData\Local\DuckStation\savestates\HASH-340476B50F5F94CD_resume.sav,other_or_unknown,,0,4,ui_or_coord_table,0x801A7460,0x801A7860,1024,0,0,19784663A03D99BD00F9E502F485BB51B96E79BA4C9C9EF45C703DC97A7D128B,932
C:\Users\Administrator\AppData\Local\DuckStation\savestates\HASH-3426B60651CB81F3_1.sav,other_or_unknown,,0,4,e2_or_wrapper,0x8018FCD0,0x8018FDC5,245,0,0,4816801FC4700CE9FAE1D2E6537F553ACE63B6B3CD6DB30B9BB4A7D8505BAA3B,131
C:\Users\Administrator\AppData\Local\DuckStation\savestates\HASH-3426B60651CB81F3_1.sav,other_or_unknown,,0,4,bank_helper,0x80193B44,0x80193BC4,128,0,0,B52E175EB6F9441D32F8D8D886529B250143E493A207C4F03C54C9E1C96D78A4,100
C:\Users\Administrator\AppData\Local\DuckStation\savestates\HASH-3426B60651CB81F3_1.sav,other_or_unknown,,0,4,wrapper_candidate,0x801A2074,0x801A2304,656,0,0,1E15736151818F3704604741CFF14ED779E87B7A954A9251A29F3DF5D5FFE76D,414
C:\Users\Administrator\AppData\Local\DuckStation\savestates\HASH-3426B60651CB81F3_1.sav,other_or_unknown,,0,4,ui_or_coord_table,0x801A7460,0x801A7860,1024,0,0,7A56DABFAC185758C37F88C94734B3338CA1DE8F7B7B4EC178D64907759E9893,904
C:\Users\Administrator\AppData\Local\DuckStation\savestates\HASH-3426B60651CB81F3_2.sav,other_or_unknown,,0,4,e2_or_wrapper,0x8018FCD0,0x8018FDC5,245,0,0,4816801FC4700CE9FAE1D2E6537F553ACE63B6B3CD6DB30B9BB4A7D8505BAA3B,131
C:\Users\Administrator\AppData\Local\DuckStation\savestates\HASH-3426B60651CB81F3_2.sav,other_or_unknown,,0,4,bank_helper,0x80193B44,0x80193BC4,128,0,0,B52E175EB6F9441D32F8D8D886529B250143E493A207C4F03C54C9E1C96D78A4,100
C:\Users\Administrator\AppData\Local\DuckStation\savestates\HASH-3426B60651CB81F3_2.sav,other_or_unknown,,0,4,wrapper_candidate,0x801A2074,0x801A2304,656,0,0,1E15736151818F3704604741CFF14ED779E87B7A954A9251A29F3DF5D5FFE76D,414
C:\Users\Administrator\AppData\Local\DuckStation\savestates\HASH-3426B60651CB81F3_2.sav,other_or_unknown,,0,4,ui_or_coord_table,0x801A7460,0x801A7860,1024,0,0,7A56DABFAC185758C37F88C94734B3338CA1DE8F7B7B4EC178D64907759E9893,904
C:\Users\Administrator\AppData\Local\DuckStation\savestates\HASH-3426B60651CB81F3_3.sav,other_or_unknown,,0,4,e2_or_wrapper,0x8018FCD0,0x8018FDC5,245,0,0,4816801FC4700CE9FAE1D2E6537F553ACE63B6B3CD6DB30B9BB4A7D8505BAA3B,131
C:\Users\Administrator\AppData\Local\DuckStation\savestates\HASH-3426B60651CB81F3_3.sav,other_or_unknown,,0,4,bank_helper,0x80193B44,0x80193BC4,128,0,0,B52E175EB6F9441D32F8D8D886529B250143E493A207C4F03C54C9E1C96D78A4,100
C:\Users\Administrator\AppData\Local\DuckStation\savestates\HASH-3426B60651CB81F3_3.sav,other_or_unknown,,0,4,wrapper_candidate,0x801A2074,0x801A2304,656,0,0,1E15736151818F3704604741CFF14ED779E87B7A954A9251A29F3DF5D5FFE76D,414
C:\Users\Administrator\AppData\Local\DuckStation\savestates\HASH-3426B60651CB81F3_3.sav,other_or_unknown,,0,4,ui_or_coord_table,0x801A7460,0x801A7860,1024,0,0,7A56DABFAC185758C37F88C94734B3338CA1DE8F7B7B4EC178D64907759E9893,904
C:\Users\Administrator\AppData\Local\DuckStation\savestates\HASH-3426B60651CB81F3_resume.sav,other_or_unknown,,0,4,e2_or_wrapper,0x8018FCD0,0x8018FDC5,245,0,0,4816801FC4700CE9FAE1D2E6537F553ACE63B6B3CD6DB30B9BB4A7D8505BAA3B,131
C:\Users\Administrator\AppData\Local\DuckStation\savestates\HASH-3426B60651CB81F3_resume.sav,other_or_unknown,,0,4,bank_helper,0x80193B44,0x80193BC4,128,0,0,B52E175EB6F9441D32F8D8D886529B250143E493A207C4F03C54C9E1C96D78A4,100
C:\Users\Administrator\AppData\Local\DuckStation\savestates\HASH-3426B60651CB81F3_resume.sav,other_or_unknown,,0,4,wrapper_candidate,0x801A2074,0x801A2304,656,0,0,1E15736151818F3704604741CFF14ED779E87B7A954A9251A29F3DF5D5FFE76D,414
C:\Users\Administrator\AppData\Local\DuckStation\savestates\HASH-3426B60651CB81F3_resume.sav,other_or_unknown,,0,4,ui_or_coord_table,0x801A7460,0x801A7860,1024,0,0,7A56DABFAC185758C37F88C94734B3338CA1DE8F7B7B4EC178D64907759E9893,904
C:\Users\Administrator\AppData\Local\DuckStation\savestates\HASH-34DD9995186BAAF8_1.sav,other_or_unknown,,0,4,e2_or_wrapper,0x8018FCD0,0x8018FDC5,245,0,0,4816801FC4700CE9FAE1D2E6537F553ACE63B6B3CD6DB30B9BB4A7D8505BAA3B,131
C:\Users\Administrator\AppData\Local\DuckStation\savestates\HASH-34DD9995186BAAF8_1.sav,other_or_unknown,,0,4,bank_helper,0x80193B44,0x80193BC4,128,1,1,38723A2E5E8A17AA7950DC008209944E898F69A7BD10A23C839D341E935FD5CA,0
C:\Users\Administrator\AppData\Local\DuckStation\savestates\HASH-34DD9995186BAAF8_1.sav,other_or_unknown,,0,4,wrapper_candidate,0x801A2074,0x801A2304,656,0,0,9AC093630A4A34D47A5164B93B93CE8E62AE55B10185086C69D4FDF2A7E342BE,414
C:\Users\Administrator\AppData\Local\DuckStation\savestates\HASH-34DD9995186BAAF8_1.sav,other_or_unknown,,0,4,ui_or_coord_table,0x801A7460,0x801A7860,1024,0,0,7A56DABFAC185758C37F88C94734B3338CA1DE8F7B7B4EC178D64907759E9893,904
C:\Users\Administrator\AppData\Local\DuckStation\savestates\HASH-34DD9995186BAAF8_2.sav,other_or_unknown,,0,4,e2_or_wrapper,0x8018FCD0,0x8018FDC5,245,0,0,4816801FC4700CE9FAE1D2E6537F553ACE63B6B3CD6DB30B9BB4A7D8505BAA3B,131
C:\Users\Administrator\AppData\Local\DuckStation\savestates\HASH-34DD9995186BAAF8_2.sav,other_or_unknown,,0,4,bank_helper,0x80193B44,0x80193BC4,128,1,1,38723A2E5E8A17AA7950DC008209944E898F69A7BD10A23C839D341E935FD5CA,0
C:\Users\Administrator\AppData\Local\DuckStation\savestates\HASH-34DD9995186BAAF8_2.sav,other_or_unknown,,0,4,wrapper_candidate,0x801A2074,0x801A2304,656,0,0,9AC093630A4A34D47A5164B93B93CE8E62AE55B10185086C69D4FDF2A7E342BE,414
C:\Users\Administrator\AppData\Local\DuckStation\savestates\HASH-34DD9995186BAAF8_2.sav,other_or_unknown,,0,4,ui_or_coord_table,0x801A7460,0x801A7860,1024,0,0,7A56DABFAC185758C37F88C94734B3338CA1DE8F7B7B4EC178D64907759E9893,904
C:\Users\Administrator\AppData\Local\DuckStation\savestates\HASH-34DD9995186BAAF8_resume.sav,other_or_unknown,,0,4,e2_or_wrapper,0x8018FCD0,0x8018FDC5,245,0,0,4816801FC4700CE9FAE1D2E6537F553ACE63B6B3CD6DB30B9BB4A7D8505BAA3B,131
C:\Users\Administrator\AppData\Local\DuckStation\savestates\HASH-34DD9995186BAAF8_resume.sav,other_or_unknown,,0,4,bank_helper,0x80193B44,0x80193BC4,128,1,1,38723A2E5E8A17AA7950DC008209944E898F69A7BD10A23C839D341E935FD5CA,0
C:\Users\Administrator\AppData\Local\DuckStation\savestates\HASH-34DD9995186BAAF8_resume.sav,other_or_unknown,,0,4,wrapper_candidate,0x801A2074,0x801A2304,656,0,0,9AC093630A4A34D47A5164B93B93CE8E62AE55B10185086C69D4FDF2A7E342BE,414
C:\Users\Administrator\AppData\Local\DuckStation\savestates\HASH-34DD9995186BAAF8_resume.sav,other_or_unknown,,0,4,ui_or_coord_table,0x801A7460,0x801A7860,1024,0,0,7A56DABFAC185758C37F88C94734B3338CA1DE8F7B7B4EC178D64907759E9893,904
C:\Users\Administrator\AppData\Local\DuckStation\savestates\HASH-358B87AC2668840B_1.sav,other_or_unknown,,0,4,e2_or_wrapper,0x8018FCD0,0x8018FDC5,245,0,0,4816801FC4700CE9FAE1D2E6537F553ACE63B6B3CD6DB30B9BB4A7D8505BAA3B,131
C:\Users\Administrator\AppData\Local\DuckStation\savestates\HASH-358B87AC2668840B_1.sav,other_or_unknown,,0,4,bank_helper,0x80193B44,0x80193BC4,128,1,1,38723A2E5E8A17AA7950DC008209944E898F69A7BD10A23C839D341E935FD5CA,0
C:\Users\Administrator\AppData\Local\DuckStation\savestates\HASH-358B87AC2668840B_1.sav,other_or_unknown,,0,4,wrapper_candidate,0x801A2074,0x801A2304,656,0,0,EA8100A258DEBE8CE504716BA0ECE557266B58A45A356D95310879762E9AD4AD,421
C:\Users\Administrator\AppData\Local\DuckStation\savestates\HASH-358B87AC2668840B_1.sav,other_or_unknown,,0,4,ui_or_coord_table,0x801A7460,0x801A7860,1024,0,0,54F516CCF75B9BFC66404945F46AE4298FAAB5A32C95656A75C99A893ED0F9ED,932
C:\Users\Administrator\AppData\Local\DuckStation\savestates\HASH-358B87AC2668840B_2.sav,other_or_unknown,,0,4,e2_or_wrapper,0x8018FCD0,0x8018FDC5,245,0,0,4816801FC4700CE9FAE1D2E6537F553ACE63B6B3CD6DB30B9BB4A7D8505BAA3B,131
C:\Users\Administrator\AppData\Local\DuckStation\savestates\HASH-358B87AC2668840B_2.sav,other_or_unknown,,0,4,bank_helper,0x80193B44,0x80193BC4,128,1,1,38723A2E5E8A17AA7950DC008209944E898F69A7BD10A23C839D341E935FD5CA,0
C:\Users\Administrator\AppData\Local\DuckStation\savestates\HASH-358B87AC2668840B_2.sav,other_or_unknown,,0,4,wrapper_candidate,0x801A2074,0x801A2304,656,0,0,EA8100A258DEBE8CE504716BA0ECE557266B58A45A356D95310879762E9AD4AD,421
C:\Users\Administrator\AppData\Local\DuckStation\savestates\HASH-358B87AC2668840B_2.sav,other_or_unknown,,0,4,ui_or_coord_table,0x801A7460,0x801A7860,1024,0,0,54F516CCF75B9BFC66404945F46AE4298FAAB5A32C95656A75C99A893ED0F9ED,932
C:\Users\Administrator\AppData\Local\DuckStation\savestates\HASH-358B87AC2668840B_3.sav,other_or_unknown,,0,4,e2_or_wrapper,0x8018FCD0,0x8018FDC5,245,0,0,4816801FC4700CE9FAE1D2E6537F553ACE63B6B3CD6DB30B9BB4A7D8505BAA3B,131
C:\Users\Administrator\AppData\Local\DuckStation\savestates\HASH-358B87AC2668840B_3.sav,other_or_unknown,,0,4,bank_helper,0x80193B44,0x80193BC4,128,1,1,38723A2E5E8A17AA7950DC008209944E898F69A7BD10A23C839D341E935FD5CA,0
C:\Users\Administrator\AppData\Local\DuckStation\savestates\HASH-358B87AC2668840B_3.sav,other_or_unknown,,0,4,wrapper_candidate,0x801A2074,0x801A2304,656,0,0,EA8100A258DEBE8CE504716BA0ECE557266B58A45A356D95310879762E9AD4AD,421
C:\Users\Administrator\AppData\Local\DuckStation\savestates\HASH-358B87AC2668840B_3.sav,other_or_unknown,,0,4,ui_or_coord_table,0x801A7460,0x801A7860,1024,0,0,54F516CCF75B9BFC66404945F46AE4298FAAB5A32C95656A75C99A893ED0F9ED,932
C:\Users\Administrator\AppData\Local\DuckStation\savestates\HASH-358B87AC2668840B_4.sav,other_or_unknown,,0,4,e2_or_wrapper,0x8018FCD0,0x8018FDC5,245,0,0,4816801FC4700CE9FAE1D2E6537F553ACE63B6B3CD6DB30B9BB4A7D8505BAA3B,131
C:\Users\Administrator\AppData\Local\DuckStation\savestates\HASH-358B87AC2668840B_4.sav,other_or_unknown,,0,4,bank_helper,0x80193B44,0x80193BC4,128,1,1,38723A2E5E8A17AA7950DC008209944E898F69A7BD10A23C839D341E935FD5CA,0
C:\Users\Administrator\AppData\Local\DuckStation\savestates\HASH-358B87AC2668840B_4.sav,other_or_unknown,,0,4,wrapper_candidate,0x801A2074,0x801A2304,656,0,0,EA8100A258DEBE8CE504716BA0ECE557266B58A45A356D95310879762E9AD4AD,421
C:\Users\Administrator\AppData\Local\DuckStation\savestates\HASH-358B87AC2668840B_4.sav,other_or_unknown,,0,4,ui_or_coord_table,0x801A7460,0x801A7860,1024,0,0,54F516CCF75B9BFC66404945F46AE4298FAAB5A32C95656A75C99A893ED0F9ED,932
C:\Users\Administrator\AppData\Local\DuckStation\savestates\HASH-358B87AC2668840B_5.sav,other_or_unknown,,0,4,e2_or_wrapper,0x8018FCD0,0x8018FDC5,245,0,0,4816801FC4700CE9FAE1D2E6537F553ACE63B6B3CD6DB30B9BB4A7D8505BAA3B,131
C:\Users\Administrator\AppData\Local\DuckStation\savestates\HASH-358B87AC2668840B_5.sav,other_or_unknown,,0,4,bank_helper,0x80193B44,0x80193BC4,128,1,1,38723A2E5E8A17AA7950DC008209944E898F69A7BD10A23C839D341E935FD5CA,0
C:\Users\Administrator\AppData\Local\DuckStation\savestates\HASH-358B87AC2668840B_5.sav,other_or_unknown,,0,4,wrapper_candidate,0x801A2074,0x801A2304,656,0,0,EA8100A258DEBE8CE504716BA0ECE557266B58A45A356D95310879762E9AD4AD,421
C:\Users\Administrator\AppData\Local\DuckStation\savestates\HASH-358B87AC2668840B_5.sav,other_or_unknown,,0,4,ui_or_coord_table,0x801A7460,0x801A7860,1024,0,0,54F516CCF75B9BFC66404945F46AE4298FAAB5A32C95656A75C99A893ED0F9ED,932
C:\Users\Administrator\AppData\Local\DuckStation\savestates\HASH-358B87AC2668840B_6.sav,other_or_unknown,,0,4,e2_or_wrapper,0x8018FCD0,0x8018FDC5,245,0,0,4816801FC4700CE9FAE1D2E6537F553ACE63B6B3CD6DB30B9BB4A7D8505BAA3B,131
C:\Users\Administrator\AppData\Local\DuckStation\savestates\HASH-358B87AC2668840B_6.sav,other_or_unknown,,0,4,bank_helper,0x80193B44,0x80193BC4,128,1,1,38723A2E5E8A17AA7950DC008209944E898F69A7BD10A23C839D341E935FD5CA,0
C:\Users\Administrator\AppData\Local\DuckStation\savestates\HASH-358B87AC2668840B_6.sav,other_or_unknown,,0,4,wrapper_candidate,0x801A2074,0x801A2304,656,0,0,EA8100A258DEBE8CE504716BA0ECE557266B58A45A356D95310879762E9AD4AD,421
C:\Users\Administrator\AppData\Local\DuckStation\savestates\HASH-358B87AC2668840B_6.sav,other_or_unknown,,0,4,ui_or_coord_table,0x801A7460,0x801A7860,1024,0,0,54F516CCF75B9BFC66404945F46AE4298FAAB5A32C95656A75C99A893ED0F9ED,932
C:\Users\Administrator\AppData\Local\DuckStation\savestates\HASH-358B87AC2668840B_7.sav,other_or_unknown,,0,4,e2_or_wrapper,0x8018FCD0,0x8018FDC5,245,0,0,4816801FC4700CE9FAE1D2E6537F553ACE63B6B3CD6DB30B9BB4A7D8505BAA3B,131
C:\Users\Administrator\AppData\Local\DuckStation\savestates\HASH-358B87AC2668840B_7.sav,other_or_unknown,,0,4,bank_helper,0x80193B44,0x80193BC4,128,1,1,38723A2E5E8A17AA7950DC008209944E898F69A7BD10A23C839D341E935FD5CA,0
C:\Users\Administrator\AppData\Local\DuckStation\savestates\HASH-358B87AC2668840B_7.sav,other_or_unknown,,0,4,wrapper_candidate,0x801A2074,0x801A2304,656,0,0,EA8100A258DEBE8CE504716BA0ECE557266B58A45A356D95310879762E9AD4AD,421
C:\Users\Administrator\AppData\Local\DuckStation\savestates\HASH-358B87AC2668840B_7.sav,other_or_unknown,,0,4,ui_or_coord_table,0x801A7460,0x801A7860,1024,0,0,54F516CCF75B9BFC66404945F46AE4298FAAB5A32C95656A75C99A893ED0F9ED,932
C:\Users\Administrator\AppData\Local\DuckStation\savestates\HASH-358B87AC2668840B_8.sav,other_or_unknown,,0,4,e2_or_wrapper,0x8018FCD0,0x8018FDC5,245,0,0,4816801FC4700CE9FAE1D2E6537F553ACE63B6B3CD6DB30B9BB4A7D8505BAA3B,131
C:\Users\Administrator\AppData\Local\DuckStation\savestates\HASH-358B87AC2668840B_8.sav,other_or_unknown,,0,4,bank_helper,0x80193B44,0x80193BC4,128,1,1,38723A2E5E8A17AA7950DC008209944E898F69A7BD10A23C839D341E935FD5CA,0
C:\Users\Administrator\AppData\Local\DuckStation\savestates\HASH-358B87AC2668840B_8.sav,other_or_unknown,,0,4,wrapper_candidate,0x801A2074,0x801A2304,656,0,0,EA8100A258DEBE8CE504716BA0ECE557266B58A45A356D95310879762E9AD4AD,421
C:\Users\Administrator\AppData\Local\DuckStation\savestates\HASH-358B87AC2668840B_8.sav,other_or_unknown,,0,4,ui_or_coord_table,0x801A7460,0x801A7860,1024,0,0,54F516CCF75B9BFC66404945F46AE4298FAAB5A32C95656A75C99A893ED0F9ED,932
C:\Users\Administrator\AppData\Local\DuckStation\savestates\HASH-358B87AC2668840B_resume.sav,other_or_unknown,,0,4,e2_or_wrapper,0x8018FCD0,0x8018FDC5,245,0,0,4816801FC4700CE9FAE1D2E6537F553ACE63B6B3CD6DB30B9BB4A7D8505BAA3B,131
C:\Users\Administrator\AppData\Local\DuckStation\savestates\HASH-358B87AC2668840B_resume.sav,other_or_unknown,,0,4,bank_helper,0x80193B44,0x80193BC4,128,1,1,38723A2E5E8A17AA7950DC008209944E898F69A7BD10A23C839D341E935FD5CA,0
C:\Users\Administrator\AppData\Local\DuckStation\savestates\HASH-358B87AC2668840B_resume.sav,other_or_unknown,,0,4,wrapper_candidate,0x801A2074,0x801A2304,656,0,0,EA8100A258DEBE8CE504716BA0ECE557266B58A45A356D95310879762E9AD4AD,421
C:\Users\Administrator\AppData\Local\DuckStation\savestates\HASH-358B87AC2668840B_resume.sav,other_or_unknown,,0,4,ui_or_coord_table,0x801A7460,0x801A7860,1024,0,0,54F516CCF75B9BFC66404945F46AE4298FAAB5A32C95656A75C99A893ED0F9ED,932
C:\Users\Administrator\AppData\Local\DuckStation\savestates\HASH-36A4D7BFEE911E0C_1.sav,other_or_unknown,,0,4,e2_or_wrapper,0x8018FCD0,0x8018FDC5,245,0,0,4816801FC4700CE9FAE1D2E6537F553ACE63B6B3CD6DB30B9BB4A7D8505BAA3B,131
C:\Users\Administrator\AppData\Local\DuckStation\savestates\HASH-36A4D7BFEE911E0C_1.sav,other_or_unknown,,0,4,bank_helper,0x80193B44,0x80193BC4,128,1,1,38723A2E5E8A17AA7950DC008209944E898F69A7BD10A23C839D341E935FD5CA,0
C:\Users\Administrator\AppData\Local\DuckStation\savestates\HASH-36A4D7BFEE911E0C_1.sav,other_or_unknown,,0,4,wrapper_candidate,0x801A2074,0x801A2304,656,0,0,EA8100A258DEBE8CE504716BA0ECE557266B58A45A356D95310879762E9AD4AD,421
C:\Users\Administrator\AppData\Local\DuckStation\savestates\HASH-36A4D7BFEE911E0C_1.sav,other_or_unknown,,0,4,ui_or_coord_table,0x801A7460,0x801A7860,1024,0,0,F0215EA69C2564FA425F60DA2A3715715C1ED0B7E4B63F5B8C85D4440DB6A491,817
C:\Users\Administrator\AppData\Local\DuckStation\savestates\HASH-36A4D7BFEE911E0C_2.sav,other_or_unknown,,0,4,e2_or_wrapper,0x8018FCD0,0x8018FDC5,245,0,0,4816801FC4700CE9FAE1D2E6537F553ACE63B6B3CD6DB30B9BB4A7D8505BAA3B,131
C:\Users\Administrator\AppData\Local\DuckStation\savestates\HASH-36A4D7BFEE911E0C_2.sav,other_or_unknown,,0,4,bank_helper,0x80193B44,0x80193BC4,128,1,1,38723A2E5E8A17AA7950DC008209944E898F69A7BD10A23C839D341E935FD5CA,0
C:\Users\Administrator\AppData\Local\DuckStation\savestates\HASH-36A4D7BFEE911E0C_2.sav,other_or_unknown,,0,4,wrapper_candidate,0x801A2074,0x801A2304,656,0,0,EA8100A258DEBE8CE504716BA0ECE557266B58A45A356D95310879762E9AD4AD,421
C:\Users\Administrator\AppData\Local\DuckStation\savestates\HASH-36A4D7BFEE911E0C_2.sav,other_or_unknown,,0,4,ui_or_coord_table,0x801A7460,0x801A7860,1024,0,0,F0215EA69C2564FA425F60DA2A3715715C1ED0B7E4B63F5B8C85D4440DB6A491,817
C:\Users\Administrator\AppData\Local\DuckStation\savestates\HASH-36A4D7BFEE911E0C_3.sav,other_or_unknown,,0,4,e2_or_wrapper,0x8018FCD0,0x8018FDC5,245,0,0,4816801FC4700CE9FAE1D2E6537F553ACE63B6B3CD6DB30B9BB4A7D8505BAA3B,131
C:\Users\Administrator\AppData\Local\DuckStation\savestates\HASH-36A4D7BFEE911E0C_3.sav,other_or_unknown,,0,4,bank_helper,0x80193B44,0x80193BC4,128,1,1,38723A2E5E8A17AA7950DC008209944E898F69A7BD10A23C839D341E935FD5CA,0
C:\Users\Administrator\AppData\Local\DuckStation\savestates\HASH-36A4D7BFEE911E0C_3.sav,other_or_unknown,,0,4,wrapper_candidate,0x801A2074,0x801A2304,656,0,0,EA8100A258DEBE8CE504716BA0ECE557266B58A45A356D95310879762E9AD4AD,421
C:\Users\Administrator\AppData\Local\DuckStation\savestates\HASH-36A4D7BFEE911E0C_3.sav,other_or_unknown,,0,4,ui_or_coord_table,0x801A7460,0x801A7860,1024,0,0,F0215EA69C2564FA425F60DA2A3715715C1ED0B7E4B63F5B8C85D4440DB6A491,817
C:\Users\Administrator\AppData\Local\DuckStation\savestates\HASH-36A4D7BFEE911E0C_4.sav,other_or_unknown,,0,4,e2_or_wrapper,0x8018FCD0,0x8018FDC5,245,0,0,4816801FC4700CE9FAE1D2E6537F553ACE63B6B3CD6DB30B9BB4A7D8505BAA3B,131
C:\Users\Administrator\AppData\Local\DuckStation\savestates\HASH-36A4D7BFEE911E0C_4.sav,other_or_unknown,,0,4,bank_helper,0x80193B44,0x80193BC4,128,1,1,38723A2E5E8A17AA7950DC008209944E898F69A7BD10A23C839D341E935FD5CA,0
C:\Users\Administrator\AppData\Local\DuckStation\savestates\HASH-36A4D7BFEE911E0C_4.sav,other_or_unknown,,0,4,wrapper_candidate,0x801A2074,0x801A2304,656,0,0,EA8100A258DEBE8CE504716BA0ECE557266B58A45A356D95310879762E9AD4AD,421
C:\Users\Administrator\AppData\Local\DuckStation\savestates\HASH-36A4D7BFEE911E0C_4.sav,other_or_unknown,,0,4,ui_or_coord_table,0x801A7460,0x801A7860,1024,0,0,F0215EA69C2564FA425F60DA2A3715715C1ED0B7E4B63F5B8C85D4440DB6A491,817
C:\Users\Administrator\AppData\Local\DuckStation\savestates\HASH-36A4D7BFEE911E0C_5.sav,other_or_unknown,,0,4,e2_or_wrapper,0x8018FCD0,0x8018FDC5,245,0,0,4816801FC4700CE9FAE1D2E6537F553ACE63B6B3CD6DB30B9BB4A7D8505BAA3B,131
C:\Users\Administrator\AppData\Local\DuckStation\savestates\HASH-36A4D7BFEE911E0C_5.sav,other_or_unknown,,0,4,bank_helper,0x80193B44,0x80193BC4,128,1,1,38723A2E5E8A17AA7950DC008209944E898F69A7BD10A23C839D341E935FD5CA,0
C:\Users\Administrator\AppData\Local\DuckStation\savestates\HASH-36A4D7BFEE911E0C_5.sav,other_or_unknown,,0,4,wrapper_candidate,0x801A2074,0x801A2304,656,0,0,EA8100A258DEBE8CE504716BA0ECE557266B58A45A356D95310879762E9AD4AD,421
C:\Users\Administrator\AppData\Local\DuckStation\savestates\HASH-36A4D7BFEE911E0C_5.sav,other_or_unknown,,0,4,ui_or_coord_table,0x801A7460,0x801A7860,1024,0,0,F0215EA69C2564FA425F60DA2A3715715C1ED0B7E4B63F5B8C85D4440DB6A491,817
C:\Users\Administrator\AppData\Local\DuckStation\savestates\HASH-36A4D7BFEE911E0C_6.sav,other_or_unknown,,0,4,e2_or_wrapper,0x8018FCD0,0x8018FDC5,245,0,0,4816801FC4700CE9FAE1D2E6537F553ACE63B6B3CD6DB30B9BB4A7D8505BAA3B,131
C:\Users\Administrator\AppData\Local\DuckStation\savestates\HASH-36A4D7BFEE911E0C_6.sav,other_or_unknown,,0,4,bank_helper,0x80193B44,0x80193BC4,128,1,1,38723A2E5E8A17AA7950DC008209944E898F69A7BD10A23C839D341E935FD5CA,0
C:\Users\Administrator\AppData\Local\DuckStation\savestates\HASH-36A4D7BFEE911E0C_6.sav,other_or_unknown,,0,4,wrapper_candidate,0x801A2074,0x801A2304,656,0,0,EA8100A258DEBE8CE504716BA0ECE557266B58A45A356D95310879762E9AD4AD,421
C:\Users\Administrator\AppData\Local\DuckStation\savestates\HASH-36A4D7BFEE911E0C_6.sav,other_or_unknown,,0,4,ui_or_coord_table,0x801A7460,0x801A7860,1024,0,0,F0215EA69C2564FA425F60DA2A3715715C1ED0B7E4B63F5B8C85D4440DB6A491,817
C:\Users\Administrator\AppData\Local\DuckStation\savestates\HASH-36A4D7BFEE911E0C_resume.sav,other_or_unknown,,0,4,e2_or_wrapper,0x8018FCD0,0x8018FDC5,245,0,0,4816801FC4700CE9FAE1D2E6537F553ACE63B6B3CD6DB30B9BB4A7D8505BAA3B,131
C:\Users\Administrator\AppData\Local\DuckStation\savestates\HASH-36A4D7BFEE911E0C_resume.sav,other_or_unknown,,0,4,bank_helper,0x80193B44,0x80193BC4,128,1,1,38723A2E5E8A17AA7950DC008209944E898F69A7BD10A23C839D341E935FD5CA,0
C:\Users\Administrator\AppData\Local\DuckStation\savestates\HASH-36A4D7BFEE911E0C_resume.sav,other_or_unknown,,0,4,wrapper_candidate,0x801A2074,0x801A2304,656,0,0,EA8100A258DEBE8CE504716BA0ECE557266B58A45A356D95310879762E9AD4AD,421
C:\Users\Administrator\AppData\Local\DuckStation\savestates\HASH-36A4D7BFEE911E0C_resume.sav,other_or_unknown,,0,4,ui_or_coord_table,0x801A7460,0x801A7860,1024,0,0,F0215EA69C2564FA425F60DA2A3715715C1ED0B7E4B63F5B8C85D4440DB6A491,817
C:\Users\Administrator\AppData\Local\DuckStation\savestates\HASH-37DC0C231889A83E_1.sav,other_or_unknown,,0,4,e2_or_wrapper,0x8018FCD0,0x8018FDC5,245,0,0,4816801FC4700CE9FAE1D2E6537F553ACE63B6B3CD6DB30B9BB4A7D8505BAA3B,131
C:\Users\Administrator\AppData\Local\DuckStation\savestates\HASH-37DC0C231889A83E_1.sav,other_or_unknown,,0,4,bank_helper,0x80193B44,0x80193BC4,128,1,1,38723A2E5E8A17AA7950DC008209944E898F69A7BD10A23C839D341E935FD5CA,0
C:\Users\Administrator\AppData\Local\DuckStation\savestates\HASH-37DC0C231889A83E_1.sav,other_or_unknown,,0,4,wrapper_candidate,0x801A2074,0x801A2304,656,1,1,E06E79CDFEDFC6D6107B945613E65B2DE3A209E40115B9B00AB048D2B91CD7D5,0
C:\Users\Administrator\AppData\Local\DuckStation\savestates\HASH-37DC0C231889A83E_1.sav,other_or_unknown,,0,4,ui_or_coord_table,0x801A7460,0x801A7860,1024,1,0,5F70BF18A086007016E948B04AED3B82103A36BEA41755B6CDDFAF10ACE3C6EF,0
C:\Users\Administrator\AppData\Local\DuckStation\savestates\HASH-37DC0C231889A83E_2.sav,other_or_unknown,,0,4,e2_or_wrapper,0x8018FCD0,0x8018FDC5,245,0,0,4816801FC4700CE9FAE1D2E6537F553ACE63B6B3CD6DB30B9BB4A7D8505BAA3B,131
C:\Users\Administrator\AppData\Local\DuckStation\savestates\HASH-37DC0C231889A83E_2.sav,other_or_unknown,,0,4,bank_helper,0x80193B44,0x80193BC4,128,1,1,38723A2E5E8A17AA7950DC008209944E898F69A7BD10A23C839D341E935FD5CA,0
C:\Users\Administrator\AppData\Local\DuckStation\savestates\HASH-37DC0C231889A83E_2.sav,other_or_unknown,,0,4,wrapper_candidate,0x801A2074,0x801A2304,656,1,1,E06E79CDFEDFC6D6107B945613E65B2DE3A209E40115B9B00AB048D2B91CD7D5,0
C:\Users\Administrator\AppData\Local\DuckStation\savestates\HASH-37DC0C231889A83E_2.sav,other_or_unknown,,0,4,ui_or_coord_table,0x801A7460,0x801A7860,1024,1,0,5F70BF18A086007016E948B04AED3B82103A36BEA41755B6CDDFAF10ACE3C6EF,0
C:\Users\Administrator\AppData\Local\DuckStation\savestates\HASH-37DC0C231889A83E_3.sav,other_or_unknown,,0,4,e2_or_wrapper,0x8018FCD0,0x8018FDC5,245,0,0,4816801FC4700CE9FAE1D2E6537F553ACE63B6B3CD6DB30B9BB4A7D8505BAA3B,131
C:\Users\Administrator\AppData\Local\DuckStation\savestates\HASH-37DC0C231889A83E_3.sav,other_or_unknown,,0,4,bank_helper,0x80193B44,0x80193BC4,128,1,1,38723A2E5E8A17AA7950DC008209944E898F69A7BD10A23C839D341E935FD5CA,0
C:\Users\Administrator\AppData\Local\DuckStation\savestates\HASH-37DC0C231889A83E_3.sav,other_or_unknown,,0,4,wrapper_candidate,0x801A2074,0x801A2304,656,1,1,E06E79CDFEDFC6D6107B945613E65B2DE3A209E40115B9B00AB048D2B91CD7D5,0
C:\Users\Administrator\AppData\Local\DuckStation\savestates\HASH-37DC0C231889A83E_3.sav,other_or_unknown,,0,4,ui_or_coord_table,0x801A7460,0x801A7860,1024,1,0,5F70BF18A086007016E948B04AED3B82103A36BEA41755B6CDDFAF10ACE3C6EF,0
C:\Users\Administrator\AppData\Local\DuckStation\savestates\HASH-37DC0C231889A83E_4.sav,other_or_unknown,,0,4,e2_or_wrapper,0x8018FCD0,0x8018FDC5,245,0,0,4816801FC4700CE9FAE1D2E6537F553ACE63B6B3CD6DB30B9BB4A7D8505BAA3B,131
C:\Users\Administrator\AppData\Local\DuckStation\savestates\HASH-37DC0C231889A83E_4.sav,other_or_unknown,,0,4,bank_helper,0x80193B44,0x80193BC4,128,1,1,38723A2E5E8A17AA7950DC008209944E898F69A7BD10A23C839D341E935FD5CA,0
C:\Users\Administrator\AppData\Local\DuckStation\savestates\HASH-37DC0C231889A83E_4.sav,other_or_unknown,,0,4,wrapper_candidate,0x801A2074,0x801A2304,656,1,1,E06E79CDFEDFC6D6107B945613E65B2DE3A209E40115B9B00AB048D2B91CD7D5,0
C:\Users\Administrator\AppData\Local\DuckStation\savestates\HASH-37DC0C231889A83E_4.sav,other_or_unknown,,0,4,ui_or_coord_table,0x801A7460,0x801A7860,1024,1,0,5F70BF18A086007016E948B04AED3B82103A36BEA41755B6CDDFAF10ACE3C6EF,0
C:\Users\Administrator\AppData\Local\DuckStation\savestates\HASH-37DC0C231889A83E_5.sav,other_or_unknown,,0,4,e2_or_wrapper,0x8018FCD0,0x8018FDC5,245,0,0,4816801FC4700CE9FAE1D2E6537F553ACE63B6B3CD6DB30B9BB4A7D8505BAA3B,131
C:\Users\Administrator\AppData\Local\DuckStation\savestates\HASH-37DC0C231889A83E_5.sav,other_or_unknown,,0,4,bank_helper,0x80193B44,0x80193BC4,128,1,1,38723A2E5E8A17AA7950DC008209944E898F69A7BD10A23C839D341E935FD5CA,0
C:\Users\Administrator\AppData\Local\DuckStation\savestates\HASH-37DC0C231889A83E_5.sav,other_or_unknown,,0,4,wrapper_candidate,0x801A2074,0x801A2304,656,1,1,E06E79CDFEDFC6D6107B945613E65B2DE3A209E40115B9B00AB048D2B91CD7D5,0
C:\Users\Administrator\AppData\Local\DuckStation\savestates\HASH-37DC0C231889A83E_5.sav,other_or_unknown,,0,4,ui_or_coord_table,0x801A7460,0x801A7860,1024,1,0,5F70BF18A086007016E948B04AED3B82103A36BEA41755B6CDDFAF10ACE3C6EF,0
C:\Users\Administrator\AppData\Local\DuckStation\savestates\HASH-37DC0C231889A83E_6.sav,other_or_unknown,,0,4,e2_or_wrapper,0x8018FCD0,0x8018FDC5,245,0,0,4816801FC4700CE9FAE1D2E6537F553ACE63B6B3CD6DB30B9BB4A7D8505BAA3B,131
C:\Users\Administrator\AppData\Local\DuckStation\savestates\HASH-37DC0C231889A83E_6.sav,other_or_unknown,,0,4,bank_helper,0x80193B44,0x80193BC4,128,1,1,38723A2E5E8A17AA7950DC008209944E898F69A7BD10A23C839D341E935FD5CA,0
C:\Users\Administrator\AppData\Local\DuckStation\savestates\HASH-37DC0C231889A83E_6.sav,other_or_unknown,,0,4,wrapper_candidate,0x801A2074,0x801A2304,656,1,1,E06E79CDFEDFC6D6107B945613E65B2DE3A209E40115B9B00AB048D2B91CD7D5,0
C:\Users\Administrator\AppData\Local\DuckStation\savestates\HASH-37DC0C231889A83E_6.sav,other_or_unknown,,0,4,ui_or_coord_table,0x801A7460,0x801A7860,1024,1,0,5F70BF18A086007016E948B04AED3B82103A36BEA41755B6CDDFAF10ACE3C6EF,0
C:\Users\Administrator\AppData\Local\DuckStation\savestates\HASH-37DC0C231889A83E_resume.sav,other_or_unknown,,0,4,e2_or_wrapper,0x8018FCD0,0x8018FDC5,245,0,0,4816801FC4700CE9FAE1D2E6537F553ACE63B6B3CD6DB30B9BB4A7D8505BAA3B,131
C:\Users\Administrator\AppData\Local\DuckStation\savestates\HASH-37DC0C231889A83E_resume.sav,other_or_unknown,,0,4,bank_helper,0x80193B44,0x80193BC4,128,1,1,38723A2E5E8A17AA7950DC008209944E898F69A7BD10A23C839D341E935FD5CA,0
C:\Users\Administrator\AppData\Local\DuckStation\savestates\HASH-37DC0C231889A83E_resume.sav,other_or_unknown,,0,4,wrapper_candidate,0x801A2074,0x801A2304,656,1,1,E06E79CDFEDFC6D6107B945613E65B2DE3A209E40115B9B00AB048D2B91CD7D5,0
C:\Users\Administrator\AppData\Local\DuckStation\savestates\HASH-37DC0C231889A83E_resume.sav,other_or_unknown,,0,4,ui_or_coord_table,0x801A7460,0x801A7860,1024,1,0,5F70BF18A086007016E948B04AED3B82103A36BEA41755B6CDDFAF10ACE3C6EF,0
C:\Users\Administrator\AppData\Local\DuckStation\savestates\HASH-39247B554F59E6EC_1.sav,other_or_unknown,,0,4,e2_or_wrapper,0x8018FCD0,0x8018FDC5,245,1,0,02D8F3F83865737E056CCDF3D1BF8DCD4D3B68CE8CB63F3663F092AFA6174958,0
C:\Users\Administrator\AppData\Local\DuckStation\savestates\HASH-39247B554F59E6EC_1.sav,other_or_unknown,,0,4,bank_helper,0x80193B44,0x80193BC4,128,1,1,38723A2E5E8A17AA7950DC008209944E898F69A7BD10A23C839D341E935FD5CA,0
C:\Users\Administrator\AppData\Local\DuckStation\savestates\HASH-39247B554F59E6EC_1.sav,other_or_unknown,,0,4,wrapper_candidate,0x801A2074,0x801A2304,656,1,1,E06E79CDFEDFC6D6107B945613E65B2DE3A209E40115B9B00AB048D2B91CD7D5,0
C:\Users\Administrator\AppData\Local\DuckStation\savestates\HASH-39247B554F59E6EC_1.sav,other_or_unknown,,0,4,ui_or_coord_table,0x801A7460,0x801A7860,1024,1,0,5F70BF18A086007016E948B04AED3B82103A36BEA41755B6CDDFAF10ACE3C6EF,0
C:\Users\Administrator\AppData\Local\DuckStation\savestates\HASH-39247B554F59E6EC_2.sav,other_or_unknown,,0,4,e2_or_wrapper,0x8018FCD0,0x8018FDC5,245,1,0,02D8F3F83865737E056CCDF3D1BF8DCD4D3B68CE8CB63F3663F092AFA6174958,0
C:\Users\Administrator\AppData\Local\DuckStation\savestates\HASH-39247B554F59E6EC_2.sav,other_or_unknown,,0,4,bank_helper,0x80193B44,0x80193BC4,128,1,1,38723A2E5E8A17AA7950DC008209944E898F69A7BD10A23C839D341E935FD5CA,0
C:\Users\Administrator\AppData\Local\DuckStation\savestates\HASH-39247B554F59E6EC_2.sav,other_or_unknown,,0,4,wrapper_candidate,0x801A2074,0x801A2304,656,1,1,E06E79CDFEDFC6D6107B945613E65B2DE3A209E40115B9B00AB048D2B91CD7D5,0
C:\Users\Administrator\AppData\Local\DuckStation\savestates\HASH-39247B554F59E6EC_2.sav,other_or_unknown,,0,4,ui_or_coord_table,0x801A7460,0x801A7860,1024,1,0,5F70BF18A086007016E948B04AED3B82103A36BEA41755B6CDDFAF10ACE3C6EF,0
C:\Users\Administrator\AppData\Local\DuckStation\savestates\HASH-39247B554F59E6EC_resume.sav,other_or_unknown,,0,4,e2_or_wrapper,0x8018FCD0,0x8018FDC5,245,1,0,02D8F3F83865737E056CCDF3D1BF8DCD4D3B68CE8CB63F3663F092AFA6174958,0
C:\Users\Administrator\AppData\Local\DuckStation\savestates\HASH-39247B554F59E6EC_resume.sav,other_or_unknown,,0,4,bank_helper,0x80193B44,0x80193BC4,128,1,1,38723A2E5E8A17AA7950DC008209944E898F69A7BD10A23C839D341E935FD5CA,0
C:\Users\Administrator\AppData\Local\DuckStation\savestates\HASH-39247B554F59E6EC_resume.sav,other_or_unknown,,0,4,wrapper_candidate,0x801A2074,0x801A2304,656,1,1,E06E79CDFEDFC6D6107B945613E65B2DE3A209E40115B9B00AB048D2B91CD7D5,0
C:\Users\Administrator\AppData\Local\DuckStation\savestates\HASH-39247B554F59E6EC_resume.sav,other_or_unknown,,0,4,ui_or_coord_table,0x801A7460,0x801A7860,1024,1,0,5F70BF18A086007016E948B04AED3B82103A36BEA41755B6CDDFAF10ACE3C6EF,0
C:\Users\Administrator\AppData\Local\DuckStation\savestates\HASH-3B7F976560A27417_1.sav,other_or_unknown,,0,4,e2_or_wrapper,0x8018FCD0,0x8018FDC5,245,0,0,4816801FC4700CE9FAE1D2E6537F553ACE63B6B3CD6DB30B9BB4A7D8505BAA3B,131
C:\Users\Administrator\AppData\Local\DuckStation\savestates\HASH-3B7F976560A27417_1.sav,other_or_unknown,,0,4,bank_helper,0x80193B44,0x80193BC4,128,1,1,38723A2E5E8A17AA7950DC008209944E898F69A7BD10A23C839D341E935FD5CA,0
C:\Users\Administrator\AppData\Local\DuckStation\savestates\HASH-3B7F976560A27417_1.sav,other_or_unknown,,0,4,wrapper_candidate,0x801A2074,0x801A2304,656,1,1,E06E79CDFEDFC6D6107B945613E65B2DE3A209E40115B9B00AB048D2B91CD7D5,0
C:\Users\Administrator\AppData\Local\DuckStation\savestates\HASH-3B7F976560A27417_1.sav,other_or_unknown,,0,4,ui_or_coord_table,0x801A7460,0x801A7860,1024,0,0,15BA54950B33EAFCA7D3B9A0693AB182E36B43C9DF68B5194E69137EAFDD92F7,934
C:\Users\Administrator\AppData\Local\DuckStation\savestates\HASH-3B7F976560A27417_2.sav,other_or_unknown,,0,4,e2_or_wrapper,0x8018FCD0,0x8018FDC5,245,0,0,4816801FC4700CE9FAE1D2E6537F553ACE63B6B3CD6DB30B9BB4A7D8505BAA3B,131
C:\Users\Administrator\AppData\Local\DuckStation\savestates\HASH-3B7F976560A27417_2.sav,other_or_unknown,,0,4,bank_helper,0x80193B44,0x80193BC4,128,1,1,38723A2E5E8A17AA7950DC008209944E898F69A7BD10A23C839D341E935FD5CA,0
C:\Users\Administrator\AppData\Local\DuckStation\savestates\HASH-3B7F976560A27417_2.sav,other_or_unknown,,0,4,wrapper_candidate,0x801A2074,0x801A2304,656,1,1,E06E79CDFEDFC6D6107B945613E65B2DE3A209E40115B9B00AB048D2B91CD7D5,0
C:\Users\Administrator\AppData\Local\DuckStation\savestates\HASH-3B7F976560A27417_2.sav,other_or_unknown,,0,4,ui_or_coord_table,0x801A7460,0x801A7860,1024,0,0,15BA54950B33EAFCA7D3B9A0693AB182E36B43C9DF68B5194E69137EAFDD92F7,934
C:\Users\Administrator\AppData\Local\DuckStation\savestates\HASH-3B7F976560A27417_resume.sav,other_or_unknown,,0,4,e2_or_wrapper,0x8018FCD0,0x8018FDC5,245,0,0,4816801FC4700CE9FAE1D2E6537F553ACE63B6B3CD6DB30B9BB4A7D8505BAA3B,131
C:\Users\Administrator\AppData\Local\DuckStation\savestates\HASH-3B7F976560A27417_resume.sav,other_or_unknown,,0,4,bank_helper,0x80193B44,0x80193BC4,128,1,1,38723A2E5E8A17AA7950DC008209944E898F69A7BD10A23C839D341E935FD5CA,0
C:\Users\Administrator\AppData\Local\DuckStation\savestates\HASH-3B7F976560A27417_resume.sav,other_or_unknown,,0,4,wrapper_candidate,0x801A2074,0x801A2304,656,1,1,E06E79CDFEDFC6D6107B945613E65B2DE3A209E40115B9B00AB048D2B91CD7D5,0
C:\Users\Administrator\AppData\Local\DuckStation\savestates\HASH-3B7F976560A27417_resume.sav,other_or_unknown,,0,4,ui_or_coord_table,0x801A7460,0x801A7860,1024,0,0,15BA54950B33EAFCA7D3B9A0693AB182E36B43C9DF68B5194E69137EAFDD92F7,934
C:\Users\Administrator\AppData\Local\DuckStation\savestates\HASH-3B937440782FA793_1.sav,other_or_unknown,,0,4,e2_or_wrapper,0x8018FCD0,0x8018FDC5,245,0,0,4816801FC4700CE9FAE1D2E6537F553ACE63B6B3CD6DB30B9BB4A7D8505BAA3B,131
C:\Users\Administrator\AppData\Local\DuckStation\savestates\HASH-3B937440782FA793_1.sav,other_or_unknown,,0,4,bank_helper,0x80193B44,0x80193BC4,128,1,1,38723A2E5E8A17AA7950DC008209944E898F69A7BD10A23C839D341E935FD5CA,0
C:\Users\Administrator\AppData\Local\DuckStation\savestates\HASH-3B937440782FA793_1.sav,other_or_unknown,,0,4,wrapper_candidate,0x801A2074,0x801A2304,656,0,0,2F75A94F07CF931CA9F0FF30E5A9B20E65F51939E2ED294B825BD96DB10F47B8,359
C:\Users\Administrator\AppData\Local\DuckStation\savestates\HASH-3B937440782FA793_1.sav,other_or_unknown,,0,4,ui_or_coord_table,0x801A7460,0x801A7860,1024,0,0,8F60FD7E8A15440AF540247D705B6EC4115092E85BC96126D9C8329E4895860E,931
C:\Users\Administrator\AppData\Local\DuckStation\savestates\HASH-3B937440782FA793_2.sav,other_or_unknown,,0,4,e2_or_wrapper,0x8018FCD0,0x8018FDC5,245,0,0,4816801FC4700CE9FAE1D2E6537F553ACE63B6B3CD6DB30B9BB4A7D8505BAA3B,131
C:\Users\Administrator\AppData\Local\DuckStation\savestates\HASH-3B937440782FA793_2.sav,other_or_unknown,,0,4,bank_helper,0x80193B44,0x80193BC4,128,1,1,38723A2E5E8A17AA7950DC008209944E898F69A7BD10A23C839D341E935FD5CA,0
C:\Users\Administrator\AppData\Local\DuckStation\savestates\HASH-3B937440782FA793_2.sav,other_or_unknown,,0,4,wrapper_candidate,0x801A2074,0x801A2304,656,0,0,2F75A94F07CF931CA9F0FF30E5A9B20E65F51939E2ED294B825BD96DB10F47B8,359
C:\Users\Administrator\AppData\Local\DuckStation\savestates\HASH-3B937440782FA793_2.sav,other_or_unknown,,0,4,ui_or_coord_table,0x801A7460,0x801A7860,1024,0,0,8F60FD7E8A15440AF540247D705B6EC4115092E85BC96126D9C8329E4895860E,931
C:\Users\Administrator\AppData\Local\DuckStation\savestates\HASH-3B937440782FA793_3.sav,other_or_unknown,,0,4,e2_or_wrapper,0x8018FCD0,0x8018FDC5,245,0,0,4816801FC4700CE9FAE1D2E6537F553ACE63B6B3CD6DB30B9BB4A7D8505BAA3B,131
C:\Users\Administrator\AppData\Local\DuckStation\savestates\HASH-3B937440782FA793_3.sav,other_or_unknown,,0,4,bank_helper,0x80193B44,0x80193BC4,128,1,1,38723A2E5E8A17AA7950DC008209944E898F69A7BD10A23C839D341E935FD5CA,0
C:\Users\Administrator\AppData\Local\DuckStation\savestates\HASH-3B937440782FA793_3.sav,other_or_unknown,,0,4,wrapper_candidate,0x801A2074,0x801A2304,656,0,0,2F75A94F07CF931CA9F0FF30E5A9B20E65F51939E2ED294B825BD96DB10F47B8,359
C:\Users\Administrator\AppData\Local\DuckStation\savestates\HASH-3B937440782FA793_3.sav,other_or_unknown,,0,4,ui_or_coord_table,0x801A7460,0x801A7860,1024,0,0,8F60FD7E8A15440AF540247D705B6EC4115092E85BC96126D9C8329E4895860E,931
C:\Users\Administrator\AppData\Local\DuckStation\savestates\HASH-3B937440782FA793_resume.sav,other_or_unknown,,0,4,e2_or_wrapper,0x8018FCD0,0x8018FDC5,245,0,0,4816801FC4700CE9FAE1D2E6537F553ACE63B6B3CD6DB30B9BB4A7D8505BAA3B,131
C:\Users\Administrator\AppData\Local\DuckStation\savestates\HASH-3B937440782FA793_resume.sav,other_or_unknown,,0,4,bank_helper,0x80193B44,0x80193BC4,128,1,1,38723A2E5E8A17AA7950DC008209944E898F69A7BD10A23C839D341E935FD5CA,0
C:\Users\Administrator\AppData\Local\DuckStation\savestates\HASH-3B937440782FA793_resume.sav,other_or_unknown,,0,4,wrapper_candidate,0x801A2074,0x801A2304,656,0,0,2F75A94F07CF931CA9F0FF30E5A9B20E65F51939E2ED294B825BD96DB10F47B8,359
C:\Users\Administrator\AppData\Local\DuckStation\savestates\HASH-3B937440782FA793_resume.sav,other_or_unknown,,0,4,ui_or_coord_table,0x801A7460,0x801A7860,1024,0,0,8F60FD7E8A15440AF540247D705B6EC4115092E85BC96126D9C8329E4895860E,931
C:\Users\Administrator\AppData\Local\DuckStation\savestates\HASH-3E7AE54B97E5181C_resume.sav,other_or_unknown,,0,4,e2_or_wrapper,0x8018FCD0,0x8018FDC5,245,0,0,4816801FC4700CE9FAE1D2E6537F553ACE63B6B3CD6DB30B9BB4A7D8505BAA3B,131
C:\Users\Administrator\AppData\Local\DuckStation\savestates\HASH-3E7AE54B97E5181C_resume.sav,other_or_unknown,,0,4,bank_helper,0x80193B44,0x80193BC4,128,1,1,38723A2E5E8A17AA7950DC008209944E898F69A7BD10A23C839D341E935FD5CA,0
C:\Users\Administrator\AppData\Local\DuckStation\savestates\HASH-3E7AE54B97E5181C_resume.sav,other_or_unknown,,0,4,wrapper_candidate,0x801A2074,0x801A2304,656,0,0,7DA26CAF30ADC36D724479C3DFECD3B484033BFE22B69448EE7D8DCD6D71D817,409
C:\Users\Administrator\AppData\Local\DuckStation\savestates\HASH-3E7AE54B97E5181C_resume.sav,other_or_unknown,,0,4,ui_or_coord_table,0x801A7460,0x801A7860,1024,0,0,35793055E2E6EDF49D8BDCF87E60FACE54A83DC39B330D658ABACBB9D9074BD5,932
C:\Users\Administrator\AppData\Local\DuckStation\savestates\HASH-3ED18AE11E44EAC7_resume.sav,other_or_unknown,,0,4,e2_or_wrapper,0x8018FCD0,0x8018FDC5,245,0,0,4816801FC4700CE9FAE1D2E6537F553ACE63B6B3CD6DB30B9BB4A7D8505BAA3B,131
C:\Users\Administrator\AppData\Local\DuckStation\savestates\HASH-3ED18AE11E44EAC7_resume.sav,other_or_unknown,,0,4,bank_helper,0x80193B44,0x80193BC4,128,1,1,38723A2E5E8A17AA7950DC008209944E898F69A7BD10A23C839D341E935FD5CA,0
C:\Users\Administrator\AppData\Local\DuckStation\savestates\HASH-3ED18AE11E44EAC7_resume.sav,other_or_unknown,,0,4,wrapper_candidate,0x801A2074,0x801A2304,656,0,0,EA8100A258DEBE8CE504716BA0ECE557266B58A45A356D95310879762E9AD4AD,421
C:\Users\Administrator\AppData\Local\DuckStation\savestates\HASH-3ED18AE11E44EAC7_resume.sav,other_or_unknown,,0,4,ui_or_coord_table,0x801A7460,0x801A7860,1024,0,0,54F516CCF75B9BFC66404945F46AE4298FAAB5A32C95656A75C99A893ED0F9ED,932
C:\Users\Administrator\AppData\Local\DuckStation\savestates\HASH-3FFDC0534640A0C9_1.sav,other_or_unknown,,0,4,e2_or_wrapper,0x8018FCD0,0x8018FDC5,245,0,0,4816801FC4700CE9FAE1D2E6537F553ACE63B6B3CD6DB30B9BB4A7D8505BAA3B,131
C:\Users\Administrator\AppData\Local\DuckStation\savestates\HASH-3FFDC0534640A0C9_1.sav,other_or_unknown,,0,4,bank_helper,0x80193B44,0x80193BC4,128,1,1,38723A2E5E8A17AA7950DC008209944E898F69A7BD10A23C839D341E935FD5CA,0
C:\Users\Administrator\AppData\Local\DuckStation\savestates\HASH-3FFDC0534640A0C9_1.sav,other_or_unknown,,0,4,wrapper_candidate,0x801A2074,0x801A2304,656,0,0,D367D06CAEDF1441615F4E60270CE3AD033EB9F3B6AD2C39D1919ED0AF8566F6,421
C:\Users\Administrator\AppData\Local\DuckStation\savestates\HASH-3FFDC0534640A0C9_1.sav,other_or_unknown,,0,4,ui_or_coord_table,0x801A7460,0x801A7860,1024,0,0,F0215EA69C2564FA425F60DA2A3715715C1ED0B7E4B63F5B8C85D4440DB6A491,817
C:\Users\Administrator\AppData\Local\DuckStation\savestates\HASH-3FFDC0534640A0C9_2.sav,other_or_unknown,,0,4,e2_or_wrapper,0x8018FCD0,0x8018FDC5,245,0,0,4816801FC4700CE9FAE1D2E6537F553ACE63B6B3CD6DB30B9BB4A7D8505BAA3B,131
C:\Users\Administrator\AppData\Local\DuckStation\savestates\HASH-3FFDC0534640A0C9_2.sav,other_or_unknown,,0,4,bank_helper,0x80193B44,0x80193BC4,128,1,1,38723A2E5E8A17AA7950DC008209944E898F69A7BD10A23C839D341E935FD5CA,0
C:\Users\Administrator\AppData\Local\DuckStation\savestates\HASH-3FFDC0534640A0C9_2.sav,other_or_unknown,,0,4,wrapper_candidate,0x801A2074,0x801A2304,656,0,0,D367D06CAEDF1441615F4E60270CE3AD033EB9F3B6AD2C39D1919ED0AF8566F6,421
C:\Users\Administrator\AppData\Local\DuckStation\savestates\HASH-3FFDC0534640A0C9_2.sav,other_or_unknown,,0,4,ui_or_coord_table,0x801A7460,0x801A7860,1024,0,0,F0215EA69C2564FA425F60DA2A3715715C1ED0B7E4B63F5B8C85D4440DB6A491,817
C:\Users\Administrator\AppData\Local\DuckStation\savestates\HASH-3FFDC0534640A0C9_3.sav,other_or_unknown,,0,4,e2_or_wrapper,0x8018FCD0,0x8018FDC5,245,0,0,4816801FC4700CE9FAE1D2E6537F553ACE63B6B3CD6DB30B9BB4A7D8505BAA3B,131
C:\Users\Administrator\AppData\Local\DuckStation\savestates\HASH-3FFDC0534640A0C9_3.sav,other_or_unknown,,0,4,bank_helper,0x80193B44,0x80193BC4,128,1,1,38723A2E5E8A17AA7950DC008209944E898F69A7BD10A23C839D341E935FD5CA,0
C:\Users\Administrator\AppData\Local\DuckStation\savestates\HASH-3FFDC0534640A0C9_3.sav,other_or_unknown,,0,4,wrapper_candidate,0x801A2074,0x801A2304,656,0,0,D367D06CAEDF1441615F4E60270CE3AD033EB9F3B6AD2C39D1919ED0AF8566F6,421
C:\Users\Administrator\AppData\Local\DuckStation\savestates\HASH-3FFDC0534640A0C9_3.sav,other_or_unknown,,0,4,ui_or_coord_table,0x801A7460,0x801A7860,1024,0,0,F0215EA69C2564FA425F60DA2A3715715C1ED0B7E4B63F5B8C85D4440DB6A491,817
C:\Users\Administrator\AppData\Local\DuckStation\savestates\HASH-3FFDC0534640A0C9_4.sav,other_or_unknown,,0,4,e2_or_wrapper,0x8018FCD0,0x8018FDC5,245,0,0,4816801FC4700CE9FAE1D2E6537F553ACE63B6B3CD6DB30B9BB4A7D8505BAA3B,131
C:\Users\Administrator\AppData\Local\DuckStation\savestates\HASH-3FFDC0534640A0C9_4.sav,other_or_unknown,,0,4,bank_helper,0x80193B44,0x80193BC4,128,1,1,38723A2E5E8A17AA7950DC008209944E898F69A7BD10A23C839D341E935FD5CA,0
C:\Users\Administrator\AppData\Local\DuckStation\savestates\HASH-3FFDC0534640A0C9_4.sav,other_or_unknown,,0,4,wrapper_candidate,0x801A2074,0x801A2304,656,0,0,D367D06CAEDF1441615F4E60270CE3AD033EB9F3B6AD2C39D1919ED0AF8566F6,421
C:\Users\Administrator\AppData\Local\DuckStation\savestates\HASH-3FFDC0534640A0C9_4.sav,other_or_unknown,,0,4,ui_or_coord_table,0x801A7460,0x801A7860,1024,0,0,F0215EA69C2564FA425F60DA2A3715715C1ED0B7E4B63F5B8C85D4440DB6A491,817
C:\Users\Administrator\AppData\Local\DuckStation\savestates\HASH-3FFDC0534640A0C9_5.sav,other_or_unknown,,0,4,e2_or_wrapper,0x8018FCD0,0x8018FDC5,245,0,0,4816801FC4700CE9FAE1D2E6537F553ACE63B6B3CD6DB30B9BB4A7D8505BAA3B,131
C:\Users\Administrator\AppData\Local\DuckStation\savestates\HASH-3FFDC0534640A0C9_5.sav,other_or_unknown,,0,4,bank_helper,0x80193B44,0x80193BC4,128,1,1,38723A2E5E8A17AA7950DC008209944E898F69A7BD10A23C839D341E935FD5CA,0
C:\Users\Administrator\AppData\Local\DuckStation\savestates\HASH-3FFDC0534640A0C9_5.sav,other_or_unknown,,0,4,wrapper_candidate,0x801A2074,0x801A2304,656,0,0,D367D06CAEDF1441615F4E60270CE3AD033EB9F3B6AD2C39D1919ED0AF8566F6,421
C:\Users\Administrator\AppData\Local\DuckStation\savestates\HASH-3FFDC0534640A0C9_5.sav,other_or_unknown,,0,4,ui_or_coord_table,0x801A7460,0x801A7860,1024,0,0,F0215EA69C2564FA425F60DA2A3715715C1ED0B7E4B63F5B8C85D4440DB6A491,817
C:\Users\Administrator\AppData\Local\DuckStation\savestates\HASH-3FFDC0534640A0C9_6.sav,other_or_unknown,,0,4,e2_or_wrapper,0x8018FCD0,0x8018FDC5,245,0,0,4816801FC4700CE9FAE1D2E6537F553ACE63B6B3CD6DB30B9BB4A7D8505BAA3B,131
C:\Users\Administrator\AppData\Local\DuckStation\savestates\HASH-3FFDC0534640A0C9_6.sav,other_or_unknown,,0,4,bank_helper,0x80193B44,0x80193BC4,128,1,1,38723A2E5E8A17AA7950DC008209944E898F69A7BD10A23C839D341E935FD5CA,0
C:\Users\Administrator\AppData\Local\DuckStation\savestates\HASH-3FFDC0534640A0C9_6.sav,other_or_unknown,,0,4,wrapper_candidate,0x801A2074,0x801A2304,656,0,0,D367D06CAEDF1441615F4E60270CE3AD033EB9F3B6AD2C39D1919ED0AF8566F6,421
C:\Users\Administrator\AppData\Local\DuckStation\savestates\HASH-3FFDC0534640A0C9_6.sav,other_or_unknown,,0,4,ui_or_coord_table,0x801A7460,0x801A7860,1024,0,0,F0215EA69C2564FA425F60DA2A3715715C1ED0B7E4B63F5B8C85D4440DB6A491,817
C:\Users\Administrator\AppData\Local\DuckStation\savestates\HASH-3FFDC0534640A0C9_resume.sav,other_or_unknown,,0,4,e2_or_wrapper,0x8018FCD0,0x8018FDC5,245,0,0,4816801FC4700CE9FAE1D2E6537F553ACE63B6B3CD6DB30B9BB4A7D8505BAA3B,131
C:\Users\Administrator\AppData\Local\DuckStation\savestates\HASH-3FFDC0534640A0C9_resume.sav,other_or_unknown,,0,4,bank_helper,0x80193B44,0x80193BC4,128,1,1,38723A2E5E8A17AA7950DC008209944E898F69A7BD10A23C839D341E935FD5CA,0
C:\Users\Administrator\AppData\Local\DuckStation\savestates\HASH-3FFDC0534640A0C9_resume.sav,other_or_unknown,,0,4,wrapper_candidate,0x801A2074,0x801A2304,656,0,0,D367D06CAEDF1441615F4E60270CE3AD033EB9F3B6AD2C39D1919ED0AF8566F6,421
C:\Users\Administrator\AppData\Local\DuckStation\savestates\HASH-3FFDC0534640A0C9_resume.sav,other_or_unknown,,0,4,ui_or_coord_table,0x801A7460,0x801A7860,1024,0,0,F0215EA69C2564FA425F60DA2A3715715C1ED0B7E4B63F5B8C85D4440DB6A491,817
C:\Users\Administrator\AppData\Local\DuckStation\savestates\HASH-40C76B317973733E_resume.sav,other_or_unknown,,0,4,e2_or_wrapper,0x8018FCD0,0x8018FDC5,245,0,0,4816801FC4700CE9FAE1D2E6537F553ACE63B6B3CD6DB30B9BB4A7D8505BAA3B,131
C:\Users\Administrator\AppData\Local\DuckStation\savestates\HASH-40C76B317973733E_resume.sav,other_or_unknown,,0,4,bank_helper,0x80193B44,0x80193BC4,128,1,1,38723A2E5E8A17AA7950DC008209944E898F69A7BD10A23C839D341E935FD5CA,0
C:\Users\Administrator\AppData\Local\DuckStation\savestates\HASH-40C76B317973733E_resume.sav,other_or_unknown,,0,4,wrapper_candidate,0x801A2074,0x801A2304,656,1,1,E06E79CDFEDFC6D6107B945613E65B2DE3A209E40115B9B00AB048D2B91CD7D5,0
C:\Users\Administrator\AppData\Local\DuckStation\savestates\HASH-40C76B317973733E_resume.sav,other_or_unknown,,0,4,ui_or_coord_table,0x801A7460,0x801A7860,1024,0,0,15BA54950B33EAFCA7D3B9A0693AB182E36B43C9DF68B5194E69137EAFDD92F7,934
C:\Users\Administrator\AppData\Local\DuckStation\savestates\HASH-42AAE6BB791556E1_resume.sav,other_or_unknown,,0,4,e2_or_wrapper,0x8018FCD0,0x8018FDC5,245,0,0,4816801FC4700CE9FAE1D2E6537F553ACE63B6B3CD6DB30B9BB4A7D8505BAA3B,131
C:\Users\Administrator\AppData\Local\DuckStation\savestates\HASH-42AAE6BB791556E1_resume.sav,other_or_unknown,,0,4,bank_helper,0x80193B44,0x80193BC4,128,1,1,38723A2E5E8A17AA7950DC008209944E898F69A7BD10A23C839D341E935FD5CA,0
C:\Users\Administrator\AppData\Local\DuckStation\savestates\HASH-42AAE6BB791556E1_resume.sav,other_or_unknown,,0,4,wrapper_candidate,0x801A2074,0x801A2304,656,0,0,9AC093630A4A34D47A5164B93B93CE8E62AE55B10185086C69D4FDF2A7E342BE,414
C:\Users\Administrator\AppData\Local\DuckStation\savestates\HASH-42AAE6BB791556E1_resume.sav,other_or_unknown,,0,4,ui_or_coord_table,0x801A7460,0x801A7860,1024,0,0,7A56DABFAC185758C37F88C94734B3338CA1DE8F7B7B4EC178D64907759E9893,904
C:\Users\Administrator\AppData\Local\DuckStation\savestates\HASH-451409BBD3B270D7_resume.sav,other_or_unknown,,0,4,e2_or_wrapper,0x8018FCD0,0x8018FDC5,245,0,0,4816801FC4700CE9FAE1D2E6537F553ACE63B6B3CD6DB30B9BB4A7D8505BAA3B,131
C:\Users\Administrator\AppData\Local\DuckStation\savestates\HASH-451409BBD3B270D7_resume.sav,other_or_unknown,,0,4,bank_helper,0x80193B44,0x80193BC4,128,0,0,B52E175EB6F9441D32F8D8D886529B250143E493A207C4F03C54C9E1C96D78A4,100
C:\Users\Administrator\AppData\Local\DuckStation\savestates\HASH-451409BBD3B270D7_resume.sav,other_or_unknown,,0,4,wrapper_candidate,0x801A2074,0x801A2304,656,0,0,1E15736151818F3704604741CFF14ED779E87B7A954A9251A29F3DF5D5FFE76D,414
C:\Users\Administrator\AppData\Local\DuckStation\savestates\HASH-451409BBD3B270D7_resume.sav,other_or_unknown,,0,4,ui_or_coord_table,0x801A7460,0x801A7860,1024,0,0,7A56DABFAC185758C37F88C94734B3338CA1DE8F7B7B4EC178D64907759E9893,904
C:\Users\Administrator\AppData\Local\DuckStation\savestates\HASH-4530756D1DB37827_1.sav,other_or_unknown,,0,4,e2_or_wrapper,0x8018FCD0,0x8018FDC5,245,0,0,4816801FC4700CE9FAE1D2E6537F553ACE63B6B3CD6DB30B9BB4A7D8505BAA3B,131
C:\Users\Administrator\AppData\Local\DuckStation\savestates\HASH-4530756D1DB37827_1.sav,other_or_unknown,,0,4,bank_helper,0x80193B44,0x80193BC4,128,1,1,38723A2E5E8A17AA7950DC008209944E898F69A7BD10A23C839D341E935FD5CA,0
C:\Users\Administrator\AppData\Local\DuckStation\savestates\HASH-4530756D1DB37827_1.sav,other_or_unknown,,0,4,wrapper_candidate,0x801A2074,0x801A2304,656,0,0,383715790A2728D924E52648E3024066833BDD4D7E0529A4805DA0374A82916B,392
C:\Users\Administrator\AppData\Local\DuckStation\savestates\HASH-4530756D1DB37827_1.sav,other_or_unknown,,0,4,ui_or_coord_table,0x801A7460,0x801A7860,1024,0,0,7A56DABFAC185758C37F88C94734B3338CA1DE8F7B7B4EC178D64907759E9893,904
C:\Users\Administrator\AppData\Local\DuckStation\savestates\HASH-4530756D1DB37827_2.sav,other_or_unknown,,0,4,e2_or_wrapper,0x8018FCD0,0x8018FDC5,245,0,0,4816801FC4700CE9FAE1D2E6537F553ACE63B6B3CD6DB30B9BB4A7D8505BAA3B,131
C:\Users\Administrator\AppData\Local\DuckStation\savestates\HASH-4530756D1DB37827_2.sav,other_or_unknown,,0,4,bank_helper,0x80193B44,0x80193BC4,128,1,1,38723A2E5E8A17AA7950DC008209944E898F69A7BD10A23C839D341E935FD5CA,0
C:\Users\Administrator\AppData\Local\DuckStation\savestates\HASH-4530756D1DB37827_2.sav,other_or_unknown,,0,4,wrapper_candidate,0x801A2074,0x801A2304,656,0,0,383715790A2728D924E52648E3024066833BDD4D7E0529A4805DA0374A82916B,392
C:\Users\Administrator\AppData\Local\DuckStation\savestates\HASH-4530756D1DB37827_2.sav,other_or_unknown,,0,4,ui_or_coord_table,0x801A7460,0x801A7860,1024,0,0,7A56DABFAC185758C37F88C94734B3338CA1DE8F7B7B4EC178D64907759E9893,904
C:\Users\Administrator\AppData\Local\DuckStation\savestates\HASH-4530756D1DB37827_3.sav,other_or_unknown,,0,4,e2_or_wrapper,0x8018FCD0,0x8018FDC5,245,0,0,4816801FC4700CE9FAE1D2E6537F553ACE63B6B3CD6DB30B9BB4A7D8505BAA3B,131
C:\Users\Administrator\AppData\Local\DuckStation\savestates\HASH-4530756D1DB37827_3.sav,other_or_unknown,,0,4,bank_helper,0x80193B44,0x80193BC4,128,1,1,38723A2E5E8A17AA7950DC008209944E898F69A7BD10A23C839D341E935FD5CA,0
C:\Users\Administrator\AppData\Local\DuckStation\savestates\HASH-4530756D1DB37827_3.sav,other_or_unknown,,0,4,wrapper_candidate,0x801A2074,0x801A2304,656,0,0,383715790A2728D924E52648E3024066833BDD4D7E0529A4805DA0374A82916B,392
C:\Users\Administrator\AppData\Local\DuckStation\savestates\HASH-4530756D1DB37827_3.sav,other_or_unknown,,0,4,ui_or_coord_table,0x801A7460,0x801A7860,1024,0,0,7A56DABFAC185758C37F88C94734B3338CA1DE8F7B7B4EC178D64907759E9893,904
C:\Users\Administrator\AppData\Local\DuckStation\savestates\HASH-4530756D1DB37827_4.sav,other_or_unknown,,0,4,e2_or_wrapper,0x8018FCD0,0x8018FDC5,245,0,0,4816801FC4700CE9FAE1D2E6537F553ACE63B6B3CD6DB30B9BB4A7D8505BAA3B,131
C:\Users\Administrator\AppData\Local\DuckStation\savestates\HASH-4530756D1DB37827_4.sav,other_or_unknown,,0,4,bank_helper,0x80193B44,0x80193BC4,128,1,1,38723A2E5E8A17AA7950DC008209944E898F69A7BD10A23C839D341E935FD5CA,0
C:\Users\Administrator\AppData\Local\DuckStation\savestates\HASH-4530756D1DB37827_4.sav,other_or_unknown,,0,4,wrapper_candidate,0x801A2074,0x801A2304,656,0,0,383715790A2728D924E52648E3024066833BDD4D7E0529A4805DA0374A82916B,392
C:\Users\Administrator\AppData\Local\DuckStation\savestates\HASH-4530756D1DB37827_4.sav,other_or_unknown,,0,4,ui_or_coord_table,0x801A7460,0x801A7860,1024,0,0,7A56DABFAC185758C37F88C94734B3338CA1DE8F7B7B4EC178D64907759E9893,904
C:\Users\Administrator\AppData\Local\DuckStation\savestates\HASH-4530756D1DB37827_5.sav,other_or_unknown,,0,4,e2_or_wrapper,0x8018FCD0,0x8018FDC5,245,0,0,4816801FC4700CE9FAE1D2E6537F553ACE63B6B3CD6DB30B9BB4A7D8505BAA3B,131
C:\Users\Administrator\AppData\Local\DuckStation\savestates\HASH-4530756D1DB37827_5.sav,other_or_unknown,,0,4,bank_helper,0x80193B44,0x80193BC4,128,1,1,38723A2E5E8A17AA7950DC008209944E898F69A7BD10A23C839D341E935FD5CA,0
C:\Users\Administrator\AppData\Local\DuckStation\savestates\HASH-4530756D1DB37827_5.sav,other_or_unknown,,0,4,wrapper_candidate,0x801A2074,0x801A2304,656,0,0,383715790A2728D924E52648E3024066833BDD4D7E0529A4805DA0374A82916B,392
C:\Users\Administrator\AppData\Local\DuckStation\savestates\HASH-4530756D1DB37827_5.sav,other_or_unknown,,0,4,ui_or_coord_table,0x801A7460,0x801A7860,1024,0,0,7A56DABFAC185758C37F88C94734B3338CA1DE8F7B7B4EC178D64907759E9893,904
C:\Users\Administrator\AppData\Local\DuckStation\savestates\HASH-4530756D1DB37827_resume.sav,other_or_unknown,,0,4,e2_or_wrapper,0x8018FCD0,0x8018FDC5,245,0,0,4816801FC4700CE9FAE1D2E6537F553ACE63B6B3CD6DB30B9BB4A7D8505BAA3B,131
C:\Users\Administrator\AppData\Local\DuckStation\savestates\HASH-4530756D1DB37827_resume.sav,other_or_unknown,,0,4,bank_helper,0x80193B44,0x80193BC4,128,1,1,38723A2E5E8A17AA7950DC008209944E898F69A7BD10A23C839D341E935FD5CA,0
C:\Users\Administrator\AppData\Local\DuckStation\savestates\HASH-4530756D1DB37827_resume.sav,other_or_unknown,,0,4,wrapper_candidate,0x801A2074,0x801A2304,656,0,0,383715790A2728D924E52648E3024066833BDD4D7E0529A4805DA0374A82916B,392
C:\Users\Administrator\AppData\Local\DuckStation\savestates\HASH-4530756D1DB37827_resume.sav,other_or_unknown,,0,4,ui_or_coord_table,0x801A7460,0x801A7860,1024,0,0,7A56DABFAC185758C37F88C94734B3338CA1DE8F7B7B4EC178D64907759E9893,904
C:\Users\Administrator\AppData\Local\DuckStation\savestates\HASH-46CF6CB77FE1304F_1.sav,other_or_unknown,,0,4,e2_or_wrapper,0x8018FCD0,0x8018FDC5,245,0,0,4816801FC4700CE9FAE1D2E6537F553ACE63B6B3CD6DB30B9BB4A7D8505BAA3B,131
C:\Users\Administrator\AppData\Local\DuckStation\savestates\HASH-46CF6CB77FE1304F_1.sav,other_or_unknown,,0,4,bank_helper,0x80193B44,0x80193BC4,128,1,1,38723A2E5E8A17AA7950DC008209944E898F69A7BD10A23C839D341E935FD5CA,0
C:\Users\Administrator\AppData\Local\DuckStation\savestates\HASH-46CF6CB77FE1304F_1.sav,other_or_unknown,,0,4,wrapper_candidate,0x801A2074,0x801A2304,656,0,0,383715790A2728D924E52648E3024066833BDD4D7E0529A4805DA0374A82916B,392
C:\Users\Administrator\AppData\Local\DuckStation\savestates\HASH-46CF6CB77FE1304F_1.sav,other_or_unknown,,0,4,ui_or_coord_table,0x801A7460,0x801A7860,1024,0,0,7A56DABFAC185758C37F88C94734B3338CA1DE8F7B7B4EC178D64907759E9893,904
C:\Users\Administrator\AppData\Local\DuckStation\savestates\HASH-46CF6CB77FE1304F_2.sav,other_or_unknown,,0,4,e2_or_wrapper,0x8018FCD0,0x8018FDC5,245,0,0,4816801FC4700CE9FAE1D2E6537F553ACE63B6B3CD6DB30B9BB4A7D8505BAA3B,131
C:\Users\Administrator\AppData\Local\DuckStation\savestates\HASH-46CF6CB77FE1304F_2.sav,other_or_unknown,,0,4,bank_helper,0x80193B44,0x80193BC4,128,1,1,38723A2E5E8A17AA7950DC008209944E898F69A7BD10A23C839D341E935FD5CA,0
C:\Users\Administrator\AppData\Local\DuckStation\savestates\HASH-46CF6CB77FE1304F_2.sav,other_or_unknown,,0,4,wrapper_candidate,0x801A2074,0x801A2304,656,0,0,383715790A2728D924E52648E3024066833BDD4D7E0529A4805DA0374A82916B,392
C:\Users\Administrator\AppData\Local\DuckStation\savestates\HASH-46CF6CB77FE1304F_2.sav,other_or_unknown,,0,4,ui_or_coord_table,0x801A7460,0x801A7860,1024,0,0,7A56DABFAC185758C37F88C94734B3338CA1DE8F7B7B4EC178D64907759E9893,904
C:\Users\Administrator\AppData\Local\DuckStation\savestates\HASH-46CF6CB77FE1304F_3.sav,other_or_unknown,,0,4,e2_or_wrapper,0x8018FCD0,0x8018FDC5,245,0,0,4816801FC4700CE9FAE1D2E6537F553ACE63B6B3CD6DB30B9BB4A7D8505BAA3B,131
C:\Users\Administrator\AppData\Local\DuckStation\savestates\HASH-46CF6CB77FE1304F_3.sav,other_or_unknown,,0,4,bank_helper,0x80193B44,0x80193BC4,128,1,1,38723A2E5E8A17AA7950DC008209944E898F69A7BD10A23C839D341E935FD5CA,0
C:\Users\Administrator\AppData\Local\DuckStation\savestates\HASH-46CF6CB77FE1304F_3.sav,other_or_unknown,,0,4,wrapper_candidate,0x801A2074,0x801A2304,656,0,0,383715790A2728D924E52648E3024066833BDD4D7E0529A4805DA0374A82916B,392
C:\Users\Administrator\AppData\Local\DuckStation\savestates\HASH-46CF6CB77FE1304F_3.sav,other_or_unknown,,0,4,ui_or_coord_table,0x801A7460,0x801A7860,1024,0,0,7A56DABFAC185758C37F88C94734B3338CA1DE8F7B7B4EC178D64907759E9893,904
C:\Users\Administrator\AppData\Local\DuckStation\savestates\HASH-46CF6CB77FE1304F_4.sav,other_or_unknown,,0,4,e2_or_wrapper,0x8018FCD0,0x8018FDC5,245,0,0,4816801FC4700CE9FAE1D2E6537F553ACE63B6B3CD6DB30B9BB4A7D8505BAA3B,131
C:\Users\Administrator\AppData\Local\DuckStation\savestates\HASH-46CF6CB77FE1304F_4.sav,other_or_unknown,,0,4,bank_helper,0x80193B44,0x80193BC4,128,1,1,38723A2E5E8A17AA7950DC008209944E898F69A7BD10A23C839D341E935FD5CA,0
C:\Users\Administrator\AppData\Local\DuckStation\savestates\HASH-46CF6CB77FE1304F_4.sav,other_or_unknown,,0,4,wrapper_candidate,0x801A2074,0x801A2304,656,0,0,383715790A2728D924E52648E3024066833BDD4D7E0529A4805DA0374A82916B,392
C:\Users\Administrator\AppData\Local\DuckStation\savestates\HASH-46CF6CB77FE1304F_4.sav,other_or_unknown,,0,4,ui_or_coord_table,0x801A7460,0x801A7860,1024,0,0,7A56DABFAC185758C37F88C94734B3338CA1DE8F7B7B4EC178D64907759E9893,904
C:\Users\Administrator\AppData\Local\DuckStation\savestates\HASH-46CF6CB77FE1304F_5.sav,other_or_unknown,,0,4,e2_or_wrapper,0x8018FCD0,0x8018FDC5,245,0,0,4816801FC4700CE9FAE1D2E6537F553ACE63B6B3CD6DB30B9BB4A7D8505BAA3B,131
C:\Users\Administrator\AppData\Local\DuckStation\savestates\HASH-46CF6CB77FE1304F_5.sav,other_or_unknown,,0,4,bank_helper,0x80193B44,0x80193BC4,128,1,1,38723A2E5E8A17AA7950DC008209944E898F69A7BD10A23C839D341E935FD5CA,0
C:\Users\Administrator\AppData\Local\DuckStation\savestates\HASH-46CF6CB77FE1304F_5.sav,other_or_unknown,,0,4,wrapper_candidate,0x801A2074,0x801A2304,656,0,0,383715790A2728D924E52648E3024066833BDD4D7E0529A4805DA0374A82916B,392
C:\Users\Administrator\AppData\Local\DuckStation\savestates\HASH-46CF6CB77FE1304F_5.sav,other_or_unknown,,0,4,ui_or_coord_table,0x801A7460,0x801A7860,1024,0,0,7A56DABFAC185758C37F88C94734B3338CA1DE8F7B7B4EC178D64907759E9893,904
C:\Users\Administrator\AppData\Local\DuckStation\savestates\HASH-46CF6CB77FE1304F_resume.sav,other_or_unknown,,0,4,e2_or_wrapper,0x8018FCD0,0x8018FDC5,245,0,0,4816801FC4700CE9FAE1D2E6537F553ACE63B6B3CD6DB30B9BB4A7D8505BAA3B,131
C:\Users\Administrator\AppData\Local\DuckStation\savestates\HASH-46CF6CB77FE1304F_resume.sav,other_or_unknown,,0,4,bank_helper,0x80193B44,0x80193BC4,128,1,1,38723A2E5E8A17AA7950DC008209944E898F69A7BD10A23C839D341E935FD5CA,0
C:\Users\Administrator\AppData\Local\DuckStation\savestates\HASH-46CF6CB77FE1304F_resume.sav,other_or_unknown,,0,4,wrapper_candidate,0x801A2074,0x801A2304,656,0,0,383715790A2728D924E52648E3024066833BDD4D7E0529A4805DA0374A82916B,392
C:\Users\Administrator\AppData\Local\DuckStation\savestates\HASH-46CF6CB77FE1304F_resume.sav,other_or_unknown,,0,4,ui_or_coord_table,0x801A7460,0x801A7860,1024,0,0,7A56DABFAC185758C37F88C94734B3338CA1DE8F7B7B4EC178D64907759E9893,904
C:\Users\Administrator\AppData\Local\DuckStation\savestates\HASH-497B6EE65D596712_1.sav,other_or_unknown,,0,4,e2_or_wrapper,0x8018FCD0,0x8018FDC5,245,0,0,4816801FC4700CE9FAE1D2E6537F553ACE63B6B3CD6DB30B9BB4A7D8505BAA3B,131
C:\Users\Administrator\AppData\Local\DuckStation\savestates\HASH-497B6EE65D596712_1.sav,other_or_unknown,,0,4,bank_helper,0x80193B44,0x80193BC4,128,1,1,38723A2E5E8A17AA7950DC008209944E898F69A7BD10A23C839D341E935FD5CA,0
C:\Users\Administrator\AppData\Local\DuckStation\savestates\HASH-497B6EE65D596712_1.sav,other_or_unknown,,0,4,wrapper_candidate,0x801A2074,0x801A2304,656,0,0,1E15736151818F3704604741CFF14ED779E87B7A954A9251A29F3DF5D5FFE76D,414
C:\Users\Administrator\AppData\Local\DuckStation\savestates\HASH-497B6EE65D596712_1.sav,other_or_unknown,,0,4,ui_or_coord_table,0x801A7460,0x801A7860,1024,0,0,5E0A5269C4200CAB198436A0E31290031B795805D8668A2C643597580AB0FD97,902
C:\Users\Administrator\AppData\Local\DuckStation\savestates\HASH-497B6EE65D596712_2.sav,other_or_unknown,,0,4,e2_or_wrapper,0x8018FCD0,0x8018FDC5,245,0,0,4816801FC4700CE9FAE1D2E6537F553ACE63B6B3CD6DB30B9BB4A7D8505BAA3B,131
C:\Users\Administrator\AppData\Local\DuckStation\savestates\HASH-497B6EE65D596712_2.sav,other_or_unknown,,0,4,bank_helper,0x80193B44,0x80193BC4,128,1,1,38723A2E5E8A17AA7950DC008209944E898F69A7BD10A23C839D341E935FD5CA,0
C:\Users\Administrator\AppData\Local\DuckStation\savestates\HASH-497B6EE65D596712_2.sav,other_or_unknown,,0,4,wrapper_candidate,0x801A2074,0x801A2304,656,0,0,1E15736151818F3704604741CFF14ED779E87B7A954A9251A29F3DF5D5FFE76D,414
C:\Users\Administrator\AppData\Local\DuckStation\savestates\HASH-497B6EE65D596712_2.sav,other_or_unknown,,0,4,ui_or_coord_table,0x801A7460,0x801A7860,1024,0,0,5E0A5269C4200CAB198436A0E31290031B795805D8668A2C643597580AB0FD97,902
C:\Users\Administrator\AppData\Local\DuckStation\savestates\HASH-497B6EE65D596712_resume.sav,other_or_unknown,,0,4,e2_or_wrapper,0x8018FCD0,0x8018FDC5,245,0,0,4816801FC4700CE9FAE1D2E6537F553ACE63B6B3CD6DB30B9BB4A7D8505BAA3B,131
C:\Users\Administrator\AppData\Local\DuckStation\savestates\HASH-497B6EE65D596712_resume.sav,other_or_unknown,,0,4,bank_helper,0x80193B44,0x80193BC4,128,1,1,38723A2E5E8A17AA7950DC008209944E898F69A7BD10A23C839D341E935FD5CA,0
C:\Users\Administrator\AppData\Local\DuckStation\savestates\HASH-497B6EE65D596712_resume.sav,other_or_unknown,,0,4,wrapper_candidate,0x801A2074,0x801A2304,656,0,0,1E15736151818F3704604741CFF14ED779E87B7A954A9251A29F3DF5D5FFE76D,414
C:\Users\Administrator\AppData\Local\DuckStation\savestates\HASH-497B6EE65D596712_resume.sav,other_or_unknown,,0,4,ui_or_coord_table,0x801A7460,0x801A7860,1024,0,0,5E0A5269C4200CAB198436A0E31290031B795805D8668A2C643597580AB0FD97,902
C:\Users\Administrator\AppData\Local\DuckStation\savestates\HASH-49A36FF3BD401A2B_resume.sav,other_or_unknown,,0,4,e2_or_wrapper,0x8018FCD0,0x8018FDC5,245,0,0,2B45F50EAFEF577177C38CE0F0CC9CE4C7DB44D8A03BD2F5EEEF1E79BE4BA7A9,155
C:\Users\Administrator\AppData\Local\DuckStation\savestates\HASH-49A36FF3BD401A2B_resume.sav,other_or_unknown,,0,4,bank_helper,0x80193B44,0x80193BC4,128,0,0,E52C6594625B93FF2F808408DFB866B577B8B47FFD40804F623600A664BFC21A,40
C:\Users\Administrator\AppData\Local\DuckStation\savestates\HASH-49A36FF3BD401A2B_resume.sav,other_or_unknown,,0,4,wrapper_candidate,0x801A2074,0x801A2304,656,1,1,E06E79CDFEDFC6D6107B945613E65B2DE3A209E40115B9B00AB048D2B91CD7D5,0
C:\Users\Administrator\AppData\Local\DuckStation\savestates\HASH-49A36FF3BD401A2B_resume.sav,other_or_unknown,,0,4,ui_or_coord_table,0x801A7460,0x801A7860,1024,1,0,5F70BF18A086007016E948B04AED3B82103A36BEA41755B6CDDFAF10ACE3C6EF,0
C:\Users\Administrator\AppData\Local\DuckStation\savestates\HASH-4A70D1E48923C079_1.sav,other_or_unknown,,0,4,e2_or_wrapper,0x8018FCD0,0x8018FDC5,245,0,0,4816801FC4700CE9FAE1D2E6537F553ACE63B6B3CD6DB30B9BB4A7D8505BAA3B,131
C:\Users\Administrator\AppData\Local\DuckStation\savestates\HASH-4A70D1E48923C079_1.sav,other_or_unknown,,0,4,bank_helper,0x80193B44,0x80193BC4,128,1,1,38723A2E5E8A17AA7950DC008209944E898F69A7BD10A23C839D341E935FD5CA,0
C:\Users\Administrator\AppData\Local\DuckStation\savestates\HASH-4A70D1E48923C079_1.sav,other_or_unknown,,0,4,wrapper_candidate,0x801A2074,0x801A2304,656,0,0,EA8100A258DEBE8CE504716BA0ECE557266B58A45A356D95310879762E9AD4AD,421
C:\Users\Administrator\AppData\Local\DuckStation\savestates\HASH-4A70D1E48923C079_1.sav,other_or_unknown,,0,4,ui_or_coord_table,0x801A7460,0x801A7860,1024,0,0,54F516CCF75B9BFC66404945F46AE4298FAAB5A32C95656A75C99A893ED0F9ED,932
C:\Users\Administrator\AppData\Local\DuckStation\savestates\HASH-4A70D1E48923C079_2.sav,other_or_unknown,,0,4,e2_or_wrapper,0x8018FCD0,0x8018FDC5,245,0,0,4816801FC4700CE9FAE1D2E6537F553ACE63B6B3CD6DB30B9BB4A7D8505BAA3B,131
C:\Users\Administrator\AppData\Local\DuckStation\savestates\HASH-4A70D1E48923C079_2.sav,other_or_unknown,,0,4,bank_helper,0x80193B44,0x80193BC4,128,1,1,38723A2E5E8A17AA7950DC008209944E898F69A7BD10A23C839D341E935FD5CA,0
C:\Users\Administrator\AppData\Local\DuckStation\savestates\HASH-4A70D1E48923C079_2.sav,other_or_unknown,,0,4,wrapper_candidate,0x801A2074,0x801A2304,656,0,0,EA8100A258DEBE8CE504716BA0ECE557266B58A45A356D95310879762E9AD4AD,421
C:\Users\Administrator\AppData\Local\DuckStation\savestates\HASH-4A70D1E48923C079_2.sav,other_or_unknown,,0,4,ui_or_coord_table,0x801A7460,0x801A7860,1024,0,0,54F516CCF75B9BFC66404945F46AE4298FAAB5A32C95656A75C99A893ED0F9ED,932
C:\Users\Administrator\AppData\Local\DuckStation\savestates\HASH-4A70D1E48923C079_resume.sav,other_or_unknown,,0,4,e2_or_wrapper,0x8018FCD0,0x8018FDC5,245,0,0,4816801FC4700CE9FAE1D2E6537F553ACE63B6B3CD6DB30B9BB4A7D8505BAA3B,131
C:\Users\Administrator\AppData\Local\DuckStation\savestates\HASH-4A70D1E48923C079_resume.sav,other_or_unknown,,0,4,bank_helper,0x80193B44,0x80193BC4,128,1,1,38723A2E5E8A17AA7950DC008209944E898F69A7BD10A23C839D341E935FD5CA,0
C:\Users\Administrator\AppData\Local\DuckStation\savestates\HASH-4A70D1E48923C079_resume.sav,other_or_unknown,,0,4,wrapper_candidate,0x801A2074,0x801A2304,656,1,1,E06E79CDFEDFC6D6107B945613E65B2DE3A209E40115B9B00AB048D2B91CD7D5,0
C:\Users\Administrator\AppData\Local\DuckStation\savestates\HASH-4A70D1E48923C079_resume.sav,other_or_unknown,,0,4,ui_or_coord_table,0x801A7460,0x801A7860,1024,1,0,5F70BF18A086007016E948B04AED3B82103A36BEA41755B6CDDFAF10ACE3C6EF,0
C:\Users\Administrator\AppData\Local\DuckStation\savestates\HASH-4B50418301780DB_1.sav,other_or_unknown,,0,4,e2_or_wrapper,0x8018FCD0,0x8018FDC5,245,0,0,4816801FC4700CE9FAE1D2E6537F553ACE63B6B3CD6DB30B9BB4A7D8505BAA3B,131
C:\Users\Administrator\AppData\Local\DuckStation\savestates\HASH-4B50418301780DB_1.sav,other_or_unknown,,0,4,bank_helper,0x80193B44,0x80193BC4,128,1,1,38723A2E5E8A17AA7950DC008209944E898F69A7BD10A23C839D341E935FD5CA,0
C:\Users\Administrator\AppData\Local\DuckStation\savestates\HASH-4B50418301780DB_1.sav,other_or_unknown,,0,4,wrapper_candidate,0x801A2074,0x801A2304,656,0,0,E36EFCF32AC974CE40D8FF6C3D25E9E44860CCF04F44C0A764154D34923264D1,421
C:\Users\Administrator\AppData\Local\DuckStation\savestates\HASH-4B50418301780DB_1.sav,other_or_unknown,,0,4,ui_or_coord_table,0x801A7460,0x801A7860,1024,0,0,54F516CCF75B9BFC66404945F46AE4298FAAB5A32C95656A75C99A893ED0F9ED,932
C:\Users\Administrator\AppData\Local\DuckStation\savestates\HASH-4B50418301780DB_2.sav,other_or_unknown,,0,4,e2_or_wrapper,0x8018FCD0,0x8018FDC5,245,0,0,4816801FC4700CE9FAE1D2E6537F553ACE63B6B3CD6DB30B9BB4A7D8505BAA3B,131
C:\Users\Administrator\AppData\Local\DuckStation\savestates\HASH-4B50418301780DB_2.sav,other_or_unknown,,0,4,bank_helper,0x80193B44,0x80193BC4,128,1,1,38723A2E5E8A17AA7950DC008209944E898F69A7BD10A23C839D341E935FD5CA,0
C:\Users\Administrator\AppData\Local\DuckStation\savestates\HASH-4B50418301780DB_2.sav,other_or_unknown,,0,4,wrapper_candidate,0x801A2074,0x801A2304,656,0,0,E36EFCF32AC974CE40D8FF6C3D25E9E44860CCF04F44C0A764154D34923264D1,421
C:\Users\Administrator\AppData\Local\DuckStation\savestates\HASH-4B50418301780DB_2.sav,other_or_unknown,,0,4,ui_or_coord_table,0x801A7460,0x801A7860,1024,0,0,54F516CCF75B9BFC66404945F46AE4298FAAB5A32C95656A75C99A893ED0F9ED,932
C:\Users\Administrator\AppData\Local\DuckStation\savestates\HASH-4B50418301780DB_3.sav,other_or_unknown,,0,4,e2_or_wrapper,0x8018FCD0,0x8018FDC5,245,0,0,4816801FC4700CE9FAE1D2E6537F553ACE63B6B3CD6DB30B9BB4A7D8505BAA3B,131
C:\Users\Administrator\AppData\Local\DuckStation\savestates\HASH-4B50418301780DB_3.sav,other_or_unknown,,0,4,bank_helper,0x80193B44,0x80193BC4,128,1,1,38723A2E5E8A17AA7950DC008209944E898F69A7BD10A23C839D341E935FD5CA,0
C:\Users\Administrator\AppData\Local\DuckStation\savestates\HASH-4B50418301780DB_3.sav,other_or_unknown,,0,4,wrapper_candidate,0x801A2074,0x801A2304,656,0,0,E36EFCF32AC974CE40D8FF6C3D25E9E44860CCF04F44C0A764154D34923264D1,421
C:\Users\Administrator\AppData\Local\DuckStation\savestates\HASH-4B50418301780DB_3.sav,other_or_unknown,,0,4,ui_or_coord_table,0x801A7460,0x801A7860,1024,0,0,54F516CCF75B9BFC66404945F46AE4298FAAB5A32C95656A75C99A893ED0F9ED,932
C:\Users\Administrator\AppData\Local\DuckStation\savestates\HASH-4B50418301780DB_4.sav,other_or_unknown,,0,4,e2_or_wrapper,0x8018FCD0,0x8018FDC5,245,0,0,4816801FC4700CE9FAE1D2E6537F553ACE63B6B3CD6DB30B9BB4A7D8505BAA3B,131
C:\Users\Administrator\AppData\Local\DuckStation\savestates\HASH-4B50418301780DB_4.sav,other_or_unknown,,0,4,bank_helper,0x80193B44,0x80193BC4,128,1,1,38723A2E5E8A17AA7950DC008209944E898F69A7BD10A23C839D341E935FD5CA,0
C:\Users\Administrator\AppData\Local\DuckStation\savestates\HASH-4B50418301780DB_4.sav,other_or_unknown,,0,4,wrapper_candidate,0x801A2074,0x801A2304,656,0,0,E36EFCF32AC974CE40D8FF6C3D25E9E44860CCF04F44C0A764154D34923264D1,421
C:\Users\Administrator\AppData\Local\DuckStation\savestates\HASH-4B50418301780DB_4.sav,other_or_unknown,,0,4,ui_or_coord_table,0x801A7460,0x801A7860,1024,0,0,54F516CCF75B9BFC66404945F46AE4298FAAB5A32C95656A75C99A893ED0F9ED,932
C:\Users\Administrator\AppData\Local\DuckStation\savestates\HASH-4B50418301780DB_5.sav,other_or_unknown,,0,4,e2_or_wrapper,0x8018FCD0,0x8018FDC5,245,0,0,4816801FC4700CE9FAE1D2E6537F553ACE63B6B3CD6DB30B9BB4A7D8505BAA3B,131
C:\Users\Administrator\AppData\Local\DuckStation\savestates\HASH-4B50418301780DB_5.sav,other_or_unknown,,0,4,bank_helper,0x80193B44,0x80193BC4,128,1,1,38723A2E5E8A17AA7950DC008209944E898F69A7BD10A23C839D341E935FD5CA,0
C:\Users\Administrator\AppData\Local\DuckStation\savestates\HASH-4B50418301780DB_5.sav,other_or_unknown,,0,4,wrapper_candidate,0x801A2074,0x801A2304,656,0,0,E36EFCF32AC974CE40D8FF6C3D25E9E44860CCF04F44C0A764154D34923264D1,421
C:\Users\Administrator\AppData\Local\DuckStation\savestates\HASH-4B50418301780DB_5.sav,other_or_unknown,,0,4,ui_or_coord_table,0x801A7460,0x801A7860,1024,0,0,54F516CCF75B9BFC66404945F46AE4298FAAB5A32C95656A75C99A893ED0F9ED,932
C:\Users\Administrator\AppData\Local\DuckStation\savestates\HASH-4B50418301780DB_6.sav,other_or_unknown,,0,4,e2_or_wrapper,0x8018FCD0,0x8018FDC5,245,0,0,4816801FC4700CE9FAE1D2E6537F553ACE63B6B3CD6DB30B9BB4A7D8505BAA3B,131
C:\Users\Administrator\AppData\Local\DuckStation\savestates\HASH-4B50418301780DB_6.sav,other_or_unknown,,0,4,bank_helper,0x80193B44,0x80193BC4,128,1,1,38723A2E5E8A17AA7950DC008209944E898F69A7BD10A23C839D341E935FD5CA,0
C:\Users\Administrator\AppData\Local\DuckStation\savestates\HASH-4B50418301780DB_6.sav,other_or_unknown,,0,4,wrapper_candidate,0x801A2074,0x801A2304,656,0,0,E36EFCF32AC974CE40D8FF6C3D25E9E44860CCF04F44C0A764154D34923264D1,421
C:\Users\Administrator\AppData\Local\DuckStation\savestates\HASH-4B50418301780DB_6.sav,other_or_unknown,,0,4,ui_or_coord_table,0x801A7460,0x801A7860,1024,0,0,54F516CCF75B9BFC66404945F46AE4298FAAB5A32C95656A75C99A893ED0F9ED,932
C:\Users\Administrator\AppData\Local\DuckStation\savestates\HASH-4B50418301780DB_7.sav,other_or_unknown,,0,4,e2_or_wrapper,0x8018FCD0,0x8018FDC5,245,0,0,4816801FC4700CE9FAE1D2E6537F553ACE63B6B3CD6DB30B9BB4A7D8505BAA3B,131
C:\Users\Administrator\AppData\Local\DuckStation\savestates\HASH-4B50418301780DB_7.sav,other_or_unknown,,0,4,bank_helper,0x80193B44,0x80193BC4,128,1,1,38723A2E5E8A17AA7950DC008209944E898F69A7BD10A23C839D341E935FD5CA,0
C:\Users\Administrator\AppData\Local\DuckStation\savestates\HASH-4B50418301780DB_7.sav,other_or_unknown,,0,4,wrapper_candidate,0x801A2074,0x801A2304,656,0,0,E36EFCF32AC974CE40D8FF6C3D25E9E44860CCF04F44C0A764154D34923264D1,421
C:\Users\Administrator\AppData\Local\DuckStation\savestates\HASH-4B50418301780DB_7.sav,other_or_unknown,,0,4,ui_or_coord_table,0x801A7460,0x801A7860,1024,0,0,54F516CCF75B9BFC66404945F46AE4298FAAB5A32C95656A75C99A893ED0F9ED,932
C:\Users\Administrator\AppData\Local\DuckStation\savestates\HASH-4B50418301780DB_8.sav,other_or_unknown,,0,4,e2_or_wrapper,0x8018FCD0,0x8018FDC5,245,0,0,4816801FC4700CE9FAE1D2E6537F553ACE63B6B3CD6DB30B9BB4A7D8505BAA3B,131
C:\Users\Administrator\AppData\Local\DuckStation\savestates\HASH-4B50418301780DB_8.sav,other_or_unknown,,0,4,bank_helper,0x80193B44,0x80193BC4,128,1,1,38723A2E5E8A17AA7950DC008209944E898F69A7BD10A23C839D341E935FD5CA,0
C:\Users\Administrator\AppData\Local\DuckStation\savestates\HASH-4B50418301780DB_8.sav,other_or_unknown,,0,4,wrapper_candidate,0x801A2074,0x801A2304,656,0,0,E36EFCF32AC974CE40D8FF6C3D25E9E44860CCF04F44C0A764154D34923264D1,421
C:\Users\Administrator\AppData\Local\DuckStation\savestates\HASH-4B50418301780DB_8.sav,other_or_unknown,,0,4,ui_or_coord_table,0x801A7460,0x801A7860,1024,0,0,54F516CCF75B9BFC66404945F46AE4298FAAB5A32C95656A75C99A893ED0F9ED,932
C:\Users\Administrator\AppData\Local\DuckStation\savestates\HASH-4B50418301780DB_9.sav,other_or_unknown,,0,4,e2_or_wrapper,0x8018FCD0,0x8018FDC5,245,0,0,4816801FC4700CE9FAE1D2E6537F553ACE63B6B3CD6DB30B9BB4A7D8505BAA3B,131
C:\Users\Administrator\AppData\Local\DuckStation\savestates\HASH-4B50418301780DB_9.sav,other_or_unknown,,0,4,bank_helper,0x80193B44,0x80193BC4,128,1,1,38723A2E5E8A17AA7950DC008209944E898F69A7BD10A23C839D341E935FD5CA,0
C:\Users\Administrator\AppData\Local\DuckStation\savestates\HASH-4B50418301780DB_9.sav,other_or_unknown,,0,4,wrapper_candidate,0x801A2074,0x801A2304,656,0,0,E36EFCF32AC974CE40D8FF6C3D25E9E44860CCF04F44C0A764154D34923264D1,421
C:\Users\Administrator\AppData\Local\DuckStation\savestates\HASH-4B50418301780DB_9.sav,other_or_unknown,,0,4,ui_or_coord_table,0x801A7460,0x801A7860,1024,0,0,54F516CCF75B9BFC66404945F46AE4298FAAB5A32C95656A75C99A893ED0F9ED,932
C:\Users\Administrator\AppData\Local\DuckStation\savestates\HASH-4B50418301780DB_resume.sav,other_or_unknown,,0,4,e2_or_wrapper,0x8018FCD0,0x8018FDC5,245,0,0,4816801FC4700CE9FAE1D2E6537F553ACE63B6B3CD6DB30B9BB4A7D8505BAA3B,131
C:\Users\Administrator\AppData\Local\DuckStation\savestates\HASH-4B50418301780DB_resume.sav,other_or_unknown,,0,4,bank_helper,0x80193B44,0x80193BC4,128,1,1,38723A2E5E8A17AA7950DC008209944E898F69A7BD10A23C839D341E935FD5CA,0
C:\Users\Administrator\AppData\Local\DuckStation\savestates\HASH-4B50418301780DB_resume.sav,other_or_unknown,,0,4,wrapper_candidate,0x801A2074,0x801A2304,656,0,0,E36EFCF32AC974CE40D8FF6C3D25E9E44860CCF04F44C0A764154D34923264D1,421
C:\Users\Administrator\AppData\Local\DuckStation\savestates\HASH-4B50418301780DB_resume.sav,other_or_unknown,,0,4,ui_or_coord_table,0x801A7460,0x801A7860,1024,0,0,54F516CCF75B9BFC66404945F46AE4298FAAB5A32C95656A75C99A893ED0F9ED,932
C:\Users\Administrator\AppData\Local\DuckStation\savestates\HASH-4C217CECAD861D73_1.sav,other_or_unknown,,0,4,e2_or_wrapper,0x8018FCD0,0x8018FDC5,245,1,0,02D8F3F83865737E056CCDF3D1BF8DCD4D3B68CE8CB63F3663F092AFA6174958,0
C:\Users\Administrator\AppData\Local\DuckStation\savestates\HASH-4C217CECAD861D73_1.sav,other_or_unknown,,0,4,bank_helper,0x80193B44,0x80193BC4,128,1,1,38723A2E5E8A17AA7950DC008209944E898F69A7BD10A23C839D341E935FD5CA,0
C:\Users\Administrator\AppData\Local\DuckStation\savestates\HASH-4C217CECAD861D73_1.sav,other_or_unknown,,0,4,wrapper_candidate,0x801A2074,0x801A2304,656,1,1,E06E79CDFEDFC6D6107B945613E65B2DE3A209E40115B9B00AB048D2B91CD7D5,0
C:\Users\Administrator\AppData\Local\DuckStation\savestates\HASH-4C217CECAD861D73_1.sav,other_or_unknown,,0,4,ui_or_coord_table,0x801A7460,0x801A7860,1024,1,0,5F70BF18A086007016E948B04AED3B82103A36BEA41755B6CDDFAF10ACE3C6EF,0
C:\Users\Administrator\AppData\Local\DuckStation\savestates\HASH-4C217CECAD861D73_resume.sav,other_or_unknown,,0,4,e2_or_wrapper,0x8018FCD0,0x8018FDC5,245,1,0,02D8F3F83865737E056CCDF3D1BF8DCD4D3B68CE8CB63F3663F092AFA6174958,0
C:\Users\Administrator\AppData\Local\DuckStation\savestates\HASH-4C217CECAD861D73_resume.sav,other_or_unknown,,0,4,bank_helper,0x80193B44,0x80193BC4,128,1,1,38723A2E5E8A17AA7950DC008209944E898F69A7BD10A23C839D341E935FD5CA,0
C:\Users\Administrator\AppData\Local\DuckStation\savestates\HASH-4C217CECAD861D73_resume.sav,other_or_unknown,,0,4,wrapper_candidate,0x801A2074,0x801A2304,656,1,1,E06E79CDFEDFC6D6107B945613E65B2DE3A209E40115B9B00AB048D2B91CD7D5,0
C:\Users\Administrator\AppData\Local\DuckStation\savestates\HASH-4C217CECAD861D73_resume.sav,other_or_unknown,,0,4,ui_or_coord_table,0x801A7460,0x801A7860,1024,1,0,5F70BF18A086007016E948B04AED3B82103A36BEA41755B6CDDFAF10ACE3C6EF,0
C:\Users\Administrator\AppData\Local\DuckStation\savestates\HASH-4CAFDB2AD3ADF775_resume.sav,other_or_unknown,,0,4,e2_or_wrapper,0x8018FCD0,0x8018FDC5,245,0,0,4816801FC4700CE9FAE1D2E6537F553ACE63B6B3CD6DB30B9BB4A7D8505BAA3B,131
C:\Users\Administrator\AppData\Local\DuckStation\savestates\HASH-4CAFDB2AD3ADF775_resume.sav,other_or_unknown,,0,4,bank_helper,0x80193B44,0x80193BC4,128,1,1,38723A2E5E8A17AA7950DC008209944E898F69A7BD10A23C839D341E935FD5CA,0
C:\Users\Administrator\AppData\Local\DuckStation\savestates\HASH-4CAFDB2AD3ADF775_resume.sav,other_or_unknown,,0,4,wrapper_candidate,0x801A2074,0x801A2304,656,0,0,EA8100A258DEBE8CE504716BA0ECE557266B58A45A356D95310879762E9AD4AD,421
C:\Users\Administrator\AppData\Local\DuckStation\savestates\HASH-4CAFDB2AD3ADF775_resume.sav,other_or_unknown,,0,4,ui_or_coord_table,0x801A7460,0x801A7860,1024,0,0,54F516CCF75B9BFC66404945F46AE4298FAAB5A32C95656A75C99A893ED0F9ED,932
C:\Users\Administrator\AppData\Local\DuckStation\savestates\HASH-4D59310B5B9AC7E9_resume.sav,other_or_unknown,,0,4,e2_or_wrapper,0x8018FCD0,0x8018FDC5,245,0,0,4816801FC4700CE9FAE1D2E6537F553ACE63B6B3CD6DB30B9BB4A7D8505BAA3B,131
C:\Users\Administrator\AppData\Local\DuckStation\savestates\HASH-4D59310B5B9AC7E9_resume.sav,other_or_unknown,,0,4,bank_helper,0x80193B44,0x80193BC4,128,1,1,38723A2E5E8A17AA7950DC008209944E898F69A7BD10A23C839D341E935FD5CA,0
C:\Users\Administrator\AppData\Local\DuckStation\savestates\HASH-4D59310B5B9AC7E9_resume.sav,other_or_unknown,,0,4,wrapper_candidate,0x801A2074,0x801A2304,656,0,0,EA8100A258DEBE8CE504716BA0ECE557266B58A45A356D95310879762E9AD4AD,421
C:\Users\Administrator\AppData\Local\DuckStation\savestates\HASH-4D59310B5B9AC7E9_resume.sav,other_or_unknown,,0,4,ui_or_coord_table,0x801A7460,0x801A7860,1024,0,0,F0215EA69C2564FA425F60DA2A3715715C1ED0B7E4B63F5B8C85D4440DB6A491,817
C:\Users\Administrator\AppData\Local\DuckStation\savestates\HASH-4E4B830CC28A800B_1.sav,other_or_unknown,,0,4,e2_or_wrapper,0x8018FCD0,0x8018FDC5,245,0,0,4816801FC4700CE9FAE1D2E6537F553ACE63B6B3CD6DB30B9BB4A7D8505BAA3B,131
C:\Users\Administrator\AppData\Local\DuckStation\savestates\HASH-4E4B830CC28A800B_1.sav,other_or_unknown,,0,4,bank_helper,0x80193B44,0x80193BC4,128,1,1,38723A2E5E8A17AA7950DC008209944E898F69A7BD10A23C839D341E935FD5CA,0
C:\Users\Administrator\AppData\Local\DuckStation\savestates\HASH-4E4B830CC28A800B_1.sav,other_or_unknown,,0,4,wrapper_candidate,0x801A2074,0x801A2304,656,1,1,E06E79CDFEDFC6D6107B945613E65B2DE3A209E40115B9B00AB048D2B91CD7D5,0
C:\Users\Administrator\AppData\Local\DuckStation\savestates\HASH-4E4B830CC28A800B_1.sav,other_or_unknown,,0,4,ui_or_coord_table,0x801A7460,0x801A7860,1024,1,0,5F70BF18A086007016E948B04AED3B82103A36BEA41755B6CDDFAF10ACE3C6EF,0
C:\Users\Administrator\AppData\Local\DuckStation\savestates\HASH-4E4B830CC28A800B_2.sav,other_or_unknown,,0,4,e2_or_wrapper,0x8018FCD0,0x8018FDC5,245,0,0,4816801FC4700CE9FAE1D2E6537F553ACE63B6B3CD6DB30B9BB4A7D8505BAA3B,131
C:\Users\Administrator\AppData\Local\DuckStation\savestates\HASH-4E4B830CC28A800B_2.sav,other_or_unknown,,0,4,bank_helper,0x80193B44,0x80193BC4,128,1,1,38723A2E5E8A17AA7950DC008209944E898F69A7BD10A23C839D341E935FD5CA,0
C:\Users\Administrator\AppData\Local\DuckStation\savestates\HASH-4E4B830CC28A800B_2.sav,other_or_unknown,,0,4,wrapper_candidate,0x801A2074,0x801A2304,656,1,1,E06E79CDFEDFC6D6107B945613E65B2DE3A209E40115B9B00AB048D2B91CD7D5,0
C:\Users\Administrator\AppData\Local\DuckStation\savestates\HASH-4E4B830CC28A800B_2.sav,other_or_unknown,,0,4,ui_or_coord_table,0x801A7460,0x801A7860,1024,1,0,5F70BF18A086007016E948B04AED3B82103A36BEA41755B6CDDFAF10ACE3C6EF,0
C:\Users\Administrator\AppData\Local\DuckStation\savestates\HASH-4E4B830CC28A800B_resume.sav,other_or_unknown,,0,4,e2_or_wrapper,0x8018FCD0,0x8018FDC5,245,0,0,4816801FC4700CE9FAE1D2E6537F553ACE63B6B3CD6DB30B9BB4A7D8505BAA3B,131
C:\Users\Administrator\AppData\Local\DuckStation\savestates\HASH-4E4B830CC28A800B_resume.sav,other_or_unknown,,0,4,bank_helper,0x80193B44,0x80193BC4,128,1,1,38723A2E5E8A17AA7950DC008209944E898F69A7BD10A23C839D341E935FD5CA,0
C:\Users\Administrator\AppData\Local\DuckStation\savestates\HASH-4E4B830CC28A800B_resume.sav,other_or_unknown,,0,4,wrapper_candidate,0x801A2074,0x801A2304,656,1,1,E06E79CDFEDFC6D6107B945613E65B2DE3A209E40115B9B00AB048D2B91CD7D5,0
C:\Users\Administrator\AppData\Local\DuckStation\savestates\HASH-4E4B830CC28A800B_resume.sav,other_or_unknown,,0,4,ui_or_coord_table,0x801A7460,0x801A7860,1024,1,0,5F70BF18A086007016E948B04AED3B82103A36BEA41755B6CDDFAF10ACE3C6EF,0
C:\Users\Administrator\AppData\Local\DuckStation\savestates\HASH-4E8AD4EF533377C3_1.sav,other_or_unknown,,0,4,e2_or_wrapper,0x8018FCD0,0x8018FDC5,245,0,0,4816801FC4700CE9FAE1D2E6537F553ACE63B6B3CD6DB30B9BB4A7D8505BAA3B,131
C:\Users\Administrator\AppData\Local\DuckStation\savestates\HASH-4E8AD4EF533377C3_1.sav,other_or_unknown,,0,4,bank_helper,0x80193B44,0x80193BC4,128,1,1,38723A2E5E8A17AA7950DC008209944E898F69A7BD10A23C839D341E935FD5CA,0
C:\Users\Administrator\AppData\Local\DuckStation\savestates\HASH-4E8AD4EF533377C3_1.sav,other_or_unknown,,0,4,wrapper_candidate,0x801A2074,0x801A2304,656,1,1,E06E79CDFEDFC6D6107B945613E65B2DE3A209E40115B9B00AB048D2B91CD7D5,0
C:\Users\Administrator\AppData\Local\DuckStation\savestates\HASH-4E8AD4EF533377C3_1.sav,other_or_unknown,,0,4,ui_or_coord_table,0x801A7460,0x801A7860,1024,0,0,15BA54950B33EAFCA7D3B9A0693AB182E36B43C9DF68B5194E69137EAFDD92F7,934
C:\Users\Administrator\AppData\Local\DuckStation\savestates\HASH-4E8AD4EF533377C3_resume.sav,other_or_unknown,,0,4,e2_or_wrapper,0x8018FCD0,0x8018FDC5,245,0,0,4816801FC4700CE9FAE1D2E6537F553ACE63B6B3CD6DB30B9BB4A7D8505BAA3B,131
C:\Users\Administrator\AppData\Local\DuckStation\savestates\HASH-4E8AD4EF533377C3_resume.sav,other_or_unknown,,0,4,bank_helper,0x80193B44,0x80193BC4,128,1,1,38723A2E5E8A17AA7950DC008209944E898F69A7BD10A23C839D341E935FD5CA,0
C:\Users\Administrator\AppData\Local\DuckStation\savestates\HASH-4E8AD4EF533377C3_resume.sav,other_or_unknown,,0,4,wrapper_candidate,0x801A2074,0x801A2304,656,1,1,E06E79CDFEDFC6D6107B945613E65B2DE3A209E40115B9B00AB048D2B91CD7D5,0
C:\Users\Administrator\AppData\Local\DuckStation\savestates\HASH-4E8AD4EF533377C3_resume.sav,other_or_unknown,,0,4,ui_or_coord_table,0x801A7460,0x801A7860,1024,0,0,15BA54950B33EAFCA7D3B9A0693AB182E36B43C9DF68B5194E69137EAFDD92F7,934
C:\Users\Administrator\AppData\Local\DuckStation\savestates\HASH-4F5ECA8C927BC50D_1.sav,other_or_unknown,,0,4,e2_or_wrapper,0x8018FCD0,0x8018FDC5,245,0,0,4816801FC4700CE9FAE1D2E6537F553ACE63B6B3CD6DB30B9BB4A7D8505BAA3B,131
C:\Users\Administrator\AppData\Local\DuckStation\savestates\HASH-4F5ECA8C927BC50D_1.sav,other_or_unknown,,0,4,bank_helper,0x80193B44,0x80193BC4,128,1,1,38723A2E5E8A17AA7950DC008209944E898F69A7BD10A23C839D341E935FD5CA,0
C:\Users\Administrator\AppData\Local\DuckStation\savestates\HASH-4F5ECA8C927BC50D_1.sav,other_or_unknown,,0,4,wrapper_candidate,0x801A2074,0x801A2304,656,0,0,2F75A94F07CF931CA9F0FF30E5A9B20E65F51939E2ED294B825BD96DB10F47B8,359
C:\Users\Administrator\AppData\Local\DuckStation\savestates\HASH-4F5ECA8C927BC50D_1.sav,other_or_unknown,,0,4,ui_or_coord_table,0x801A7460,0x801A7860,1024,0,0,8F60FD7E8A15440AF540247D705B6EC4115092E85BC96126D9C8329E4895860E,931
C:\Users\Administrator\AppData\Local\DuckStation\savestates\HASH-4F5ECA8C927BC50D_2.sav,other_or_unknown,,0,4,e2_or_wrapper,0x8018FCD0,0x8018FDC5,245,0,0,4816801FC4700CE9FAE1D2E6537F553ACE63B6B3CD6DB30B9BB4A7D8505BAA3B,131
C:\Users\Administrator\AppData\Local\DuckStation\savestates\HASH-4F5ECA8C927BC50D_2.sav,other_or_unknown,,0,4,bank_helper,0x80193B44,0x80193BC4,128,1,1,38723A2E5E8A17AA7950DC008209944E898F69A7BD10A23C839D341E935FD5CA,0
C:\Users\Administrator\AppData\Local\DuckStation\savestates\HASH-4F5ECA8C927BC50D_2.sav,other_or_unknown,,0,4,wrapper_candidate,0x801A2074,0x801A2304,656,0,0,2F75A94F07CF931CA9F0FF30E5A9B20E65F51939E2ED294B825BD96DB10F47B8,359
C:\Users\Administrator\AppData\Local\DuckStation\savestates\HASH-4F5ECA8C927BC50D_2.sav,other_or_unknown,,0,4,ui_or_coord_table,0x801A7460,0x801A7860,1024,0,0,8F60FD7E8A15440AF540247D705B6EC4115092E85BC96126D9C8329E4895860E,931
C:\Users\Administrator\AppData\Local\DuckStation\savestates\HASH-4F5ECA8C927BC50D_resume.sav,other_or_unknown,,0,4,e2_or_wrapper,0x8018FCD0,0x8018FDC5,245,0,0,4816801FC4700CE9FAE1D2E6537F553ACE63B6B3CD6DB30B9BB4A7D8505BAA3B,131
C:\Users\Administrator\AppData\Local\DuckStation\savestates\HASH-4F5ECA8C927BC50D_resume.sav,other_or_unknown,,0,4,bank_helper,0x80193B44,0x80193BC4,128,1,1,38723A2E5E8A17AA7950DC008209944E898F69A7BD10A23C839D341E935FD5CA,0
C:\Users\Administrator\AppData\Local\DuckStation\savestates\HASH-4F5ECA8C927BC50D_resume.sav,other_or_unknown,,0,4,wrapper_candidate,0x801A2074,0x801A2304,656,0,0,2F75A94F07CF931CA9F0FF30E5A9B20E65F51939E2ED294B825BD96DB10F47B8,359
C:\Users\Administrator\AppData\Local\DuckStation\savestates\HASH-4F5ECA8C927BC50D_resume.sav,other_or_unknown,,0,4,ui_or_coord_table,0x801A7460,0x801A7860,1024,0,0,8F60FD7E8A15440AF540247D705B6EC4115092E85BC96126D9C8329E4895860E,931
C:\Users\Administrator\AppData\Local\DuckStation\savestates\HASH-4F79FD5A4637B2C_resume.sav,other_or_unknown,,0,4,e2_or_wrapper,0x8018FCD0,0x8018FDC5,245,0,0,4816801FC4700CE9FAE1D2E6537F553ACE63B6B3CD6DB30B9BB4A7D8505BAA3B,131
C:\Users\Administrator\AppData\Local\DuckStation\savestates\HASH-4F79FD5A4637B2C_resume.sav,other_or_unknown,,0,4,bank_helper,0x80193B44,0x80193BC4,128,1,1,38723A2E5E8A17AA7950DC008209944E898F69A7BD10A23C839D341E935FD5CA,0
C:\Users\Administrator\AppData\Local\DuckStation\savestates\HASH-4F79FD5A4637B2C_resume.sav,other_or_unknown,,0,4,wrapper_candidate,0x801A2074,0x801A2304,656,0,0,19E8162599F5695978D71DD458092D46C4A1EA8C38C2ABD15256FF1F19C0C00D,4
C:\Users\Administrator\AppData\Local\DuckStation\savestates\HASH-4F79FD5A4637B2C_resume.sav,other_or_unknown,,0,4,ui_or_coord_table,0x801A7460,0x801A7860,1024,1,0,5F70BF18A086007016E948B04AED3B82103A36BEA41755B6CDDFAF10ACE3C6EF,0
C:\Users\Administrator\AppData\Local\DuckStation\savestates\HASH-501772FC819C553E_resume.sav,other_or_unknown,,0,4,e2_or_wrapper,0x8018FCD0,0x8018FDC5,245,0,0,4816801FC4700CE9FAE1D2E6537F553ACE63B6B3CD6DB30B9BB4A7D8505BAA3B,131
C:\Users\Administrator\AppData\Local\DuckStation\savestates\HASH-501772FC819C553E_resume.sav,other_or_unknown,,0,4,bank_helper,0x80193B44,0x80193BC4,128,1,1,38723A2E5E8A17AA7950DC008209944E898F69A7BD10A23C839D341E935FD5CA,0
C:\Users\Administrator\AppData\Local\DuckStation\savestates\HASH-501772FC819C553E_resume.sav,other_or_unknown,,0,4,wrapper_candidate,0x801A2074,0x801A2304,656,0,0,EA8100A258DEBE8CE504716BA0ECE557266B58A45A356D95310879762E9AD4AD,421
C:\Users\Administrator\AppData\Local\DuckStation\savestates\HASH-501772FC819C553E_resume.sav,other_or_unknown,,0,4,ui_or_coord_table,0x801A7460,0x801A7860,1024,0,0,CE73FEA3FB08FA917B82A4F26978B3CBA1D1E4F642A11C6806D3D9234BDAE14B,820
C:\Users\Administrator\AppData\Local\DuckStation\savestates\HASH-5076D335C1AF160E_1.sav,other_or_unknown,,0,4,e2_or_wrapper,0x8018FCD0,0x8018FDC5,245,0,0,4816801FC4700CE9FAE1D2E6537F553ACE63B6B3CD6DB30B9BB4A7D8505BAA3B,131
C:\Users\Administrator\AppData\Local\DuckStation\savestates\HASH-5076D335C1AF160E_1.sav,other_or_unknown,,0,4,bank_helper,0x80193B44,0x80193BC4,128,1,1,38723A2E5E8A17AA7950DC008209944E898F69A7BD10A23C839D341E935FD5CA,0
C:\Users\Administrator\AppData\Local\DuckStation\savestates\HASH-5076D335C1AF160E_1.sav,other_or_unknown,,0,4,wrapper_candidate,0x801A2074,0x801A2304,656,0,0,7A05B7FC6D7FB20BD8659A5F5ED0F8B4DF0CE3EDDCC99011AFD18CD534872D23,421
C:\Users\Administrator\AppData\Local\DuckStation\savestates\HASH-5076D335C1AF160E_1.sav,other_or_unknown,,0,4,ui_or_coord_table,0x801A7460,0x801A7860,1024,0,0,6793767453360D1CE46B931D39686EE67C77B99A3928B80F1E9E8598F6350764,855
C:\Users\Administrator\AppData\Local\DuckStation\savestates\HASH-5076D335C1AF160E_10.sav,other_or_unknown,,0,4,e2_or_wrapper,0x8018FCD0,0x8018FDC5,245,0,0,4816801FC4700CE9FAE1D2E6537F553ACE63B6B3CD6DB30B9BB4A7D8505BAA3B,131
C:\Users\Administrator\AppData\Local\DuckStation\savestates\HASH-5076D335C1AF160E_10.sav,other_or_unknown,,0,4,bank_helper,0x80193B44,0x80193BC4,128,1,1,38723A2E5E8A17AA7950DC008209944E898F69A7BD10A23C839D341E935FD5CA,0
C:\Users\Administrator\AppData\Local\DuckStation\savestates\HASH-5076D335C1AF160E_10.sav,other_or_unknown,,0,4,wrapper_candidate,0x801A2074,0x801A2304,656,0,0,7A05B7FC6D7FB20BD8659A5F5ED0F8B4DF0CE3EDDCC99011AFD18CD534872D23,421
C:\Users\Administrator\AppData\Local\DuckStation\savestates\HASH-5076D335C1AF160E_10.sav,other_or_unknown,,0,4,ui_or_coord_table,0x801A7460,0x801A7860,1024,0,0,6793767453360D1CE46B931D39686EE67C77B99A3928B80F1E9E8598F6350764,855
C:\Users\Administrator\AppData\Local\DuckStation\savestates\HASH-5076D335C1AF160E_2.sav,other_or_unknown,,0,4,e2_or_wrapper,0x8018FCD0,0x8018FDC5,245,0,0,4816801FC4700CE9FAE1D2E6537F553ACE63B6B3CD6DB30B9BB4A7D8505BAA3B,131
C:\Users\Administrator\AppData\Local\DuckStation\savestates\HASH-5076D335C1AF160E_2.sav,other_or_unknown,,0,4,bank_helper,0x80193B44,0x80193BC4,128,1,1,38723A2E5E8A17AA7950DC008209944E898F69A7BD10A23C839D341E935FD5CA,0
C:\Users\Administrator\AppData\Local\DuckStation\savestates\HASH-5076D335C1AF160E_2.sav,other_or_unknown,,0,4,wrapper_candidate,0x801A2074,0x801A2304,656,0,0,7A05B7FC6D7FB20BD8659A5F5ED0F8B4DF0CE3EDDCC99011AFD18CD534872D23,421
C:\Users\Administrator\AppData\Local\DuckStation\savestates\HASH-5076D335C1AF160E_2.sav,other_or_unknown,,0,4,ui_or_coord_table,0x801A7460,0x801A7860,1024,0,0,6793767453360D1CE46B931D39686EE67C77B99A3928B80F1E9E8598F6350764,855
C:\Users\Administrator\AppData\Local\DuckStation\savestates\HASH-5076D335C1AF160E_3.sav,other_or_unknown,,0,4,e2_or_wrapper,0x8018FCD0,0x8018FDC5,245,0,0,4816801FC4700CE9FAE1D2E6537F553ACE63B6B3CD6DB30B9BB4A7D8505BAA3B,131
C:\Users\Administrator\AppData\Local\DuckStation\savestates\HASH-5076D335C1AF160E_3.sav,other_or_unknown,,0,4,bank_helper,0x80193B44,0x80193BC4,128,1,1,38723A2E5E8A17AA7950DC008209944E898F69A7BD10A23C839D341E935FD5CA,0
C:\Users\Administrator\AppData\Local\DuckStation\savestates\HASH-5076D335C1AF160E_3.sav,other_or_unknown,,0,4,wrapper_candidate,0x801A2074,0x801A2304,656,0,0,7A05B7FC6D7FB20BD8659A5F5ED0F8B4DF0CE3EDDCC99011AFD18CD534872D23,421
C:\Users\Administrator\AppData\Local\DuckStation\savestates\HASH-5076D335C1AF160E_3.sav,other_or_unknown,,0,4,ui_or_coord_table,0x801A7460,0x801A7860,1024,0,0,6793767453360D1CE46B931D39686EE67C77B99A3928B80F1E9E8598F6350764,855
C:\Users\Administrator\AppData\Local\DuckStation\savestates\HASH-5076D335C1AF160E_4.sav,other_or_unknown,,0,4,e2_or_wrapper,0x8018FCD0,0x8018FDC5,245,0,0,4816801FC4700CE9FAE1D2E6537F553ACE63B6B3CD6DB30B9BB4A7D8505BAA3B,131
C:\Users\Administrator\AppData\Local\DuckStation\savestates\HASH-5076D335C1AF160E_4.sav,other_or_unknown,,0,4,bank_helper,0x80193B44,0x80193BC4,128,1,1,38723A2E5E8A17AA7950DC008209944E898F69A7BD10A23C839D341E935FD5CA,0
C:\Users\Administrator\AppData\Local\DuckStation\savestates\HASH-5076D335C1AF160E_4.sav,other_or_unknown,,0,4,wrapper_candidate,0x801A2074,0x801A2304,656,0,0,7A05B7FC6D7FB20BD8659A5F5ED0F8B4DF0CE3EDDCC99011AFD18CD534872D23,421
C:\Users\Administrator\AppData\Local\DuckStation\savestates\HASH-5076D335C1AF160E_4.sav,other_or_unknown,,0,4,ui_or_coord_table,0x801A7460,0x801A7860,1024,0,0,6793767453360D1CE46B931D39686EE67C77B99A3928B80F1E9E8598F6350764,855
C:\Users\Administrator\AppData\Local\DuckStation\savestates\HASH-5076D335C1AF160E_5.sav,other_or_unknown,,0,4,e2_or_wrapper,0x8018FCD0,0x8018FDC5,245,0,0,4816801FC4700CE9FAE1D2E6537F553ACE63B6B3CD6DB30B9BB4A7D8505BAA3B,131
C:\Users\Administrator\AppData\Local\DuckStation\savestates\HASH-5076D335C1AF160E_5.sav,other_or_unknown,,0,4,bank_helper,0x80193B44,0x80193BC4,128,1,1,38723A2E5E8A17AA7950DC008209944E898F69A7BD10A23C839D341E935FD5CA,0
C:\Users\Administrator\AppData\Local\DuckStation\savestates\HASH-5076D335C1AF160E_5.sav,other_or_unknown,,0,4,wrapper_candidate,0x801A2074,0x801A2304,656,0,0,7A05B7FC6D7FB20BD8659A5F5ED0F8B4DF0CE3EDDCC99011AFD18CD534872D23,421
C:\Users\Administrator\AppData\Local\DuckStation\savestates\HASH-5076D335C1AF160E_5.sav,other_or_unknown,,0,4,ui_or_coord_table,0x801A7460,0x801A7860,1024,0,0,6793767453360D1CE46B931D39686EE67C77B99A3928B80F1E9E8598F6350764,855
C:\Users\Administrator\AppData\Local\DuckStation\savestates\HASH-5076D335C1AF160E_6.sav,other_or_unknown,,0,4,e2_or_wrapper,0x8018FCD0,0x8018FDC5,245,0,0,4816801FC4700CE9FAE1D2E6537F553ACE63B6B3CD6DB30B9BB4A7D8505BAA3B,131
C:\Users\Administrator\AppData\Local\DuckStation\savestates\HASH-5076D335C1AF160E_6.sav,other_or_unknown,,0,4,bank_helper,0x80193B44,0x80193BC4,128,1,1,38723A2E5E8A17AA7950DC008209944E898F69A7BD10A23C839D341E935FD5CA,0
C:\Users\Administrator\AppData\Local\DuckStation\savestates\HASH-5076D335C1AF160E_6.sav,other_or_unknown,,0,4,wrapper_candidate,0x801A2074,0x801A2304,656,0,0,7A05B7FC6D7FB20BD8659A5F5ED0F8B4DF0CE3EDDCC99011AFD18CD534872D23,421
C:\Users\Administrator\AppData\Local\DuckStation\savestates\HASH-5076D335C1AF160E_6.sav,other_or_unknown,,0,4,ui_or_coord_table,0x801A7460,0x801A7860,1024,0,0,6793767453360D1CE46B931D39686EE67C77B99A3928B80F1E9E8598F6350764,855
C:\Users\Administrator\AppData\Local\DuckStation\savestates\HASH-5076D335C1AF160E_7.sav,other_or_unknown,,0,4,e2_or_wrapper,0x8018FCD0,0x8018FDC5,245,0,0,4816801FC4700CE9FAE1D2E6537F553ACE63B6B3CD6DB30B9BB4A7D8505BAA3B,131
C:\Users\Administrator\AppData\Local\DuckStation\savestates\HASH-5076D335C1AF160E_7.sav,other_or_unknown,,0,4,bank_helper,0x80193B44,0x80193BC4,128,1,1,38723A2E5E8A17AA7950DC008209944E898F69A7BD10A23C839D341E935FD5CA,0
C:\Users\Administrator\AppData\Local\DuckStation\savestates\HASH-5076D335C1AF160E_7.sav,other_or_unknown,,0,4,wrapper_candidate,0x801A2074,0x801A2304,656,0,0,7A05B7FC6D7FB20BD8659A5F5ED0F8B4DF0CE3EDDCC99011AFD18CD534872D23,421
C:\Users\Administrator\AppData\Local\DuckStation\savestates\HASH-5076D335C1AF160E_7.sav,other_or_unknown,,0,4,ui_or_coord_table,0x801A7460,0x801A7860,1024,0,0,6793767453360D1CE46B931D39686EE67C77B99A3928B80F1E9E8598F6350764,855
C:\Users\Administrator\AppData\Local\DuckStation\savestates\HASH-5076D335C1AF160E_8.sav,other_or_unknown,,0,4,e2_or_wrapper,0x8018FCD0,0x8018FDC5,245,0,0,4816801FC4700CE9FAE1D2E6537F553ACE63B6B3CD6DB30B9BB4A7D8505BAA3B,131
C:\Users\Administrator\AppData\Local\DuckStation\savestates\HASH-5076D335C1AF160E_8.sav,other_or_unknown,,0,4,bank_helper,0x80193B44,0x80193BC4,128,1,1,38723A2E5E8A17AA7950DC008209944E898F69A7BD10A23C839D341E935FD5CA,0
C:\Users\Administrator\AppData\Local\DuckStation\savestates\HASH-5076D335C1AF160E_8.sav,other_or_unknown,,0,4,wrapper_candidate,0x801A2074,0x801A2304,656,0,0,7A05B7FC6D7FB20BD8659A5F5ED0F8B4DF0CE3EDDCC99011AFD18CD534872D23,421
C:\Users\Administrator\AppData\Local\DuckStation\savestates\HASH-5076D335C1AF160E_8.sav,other_or_unknown,,0,4,ui_or_coord_table,0x801A7460,0x801A7860,1024,0,0,6793767453360D1CE46B931D39686EE67C77B99A3928B80F1E9E8598F6350764,855
C:\Users\Administrator\AppData\Local\DuckStation\savestates\HASH-5076D335C1AF160E_9.sav,other_or_unknown,,0,4,e2_or_wrapper,0x8018FCD0,0x8018FDC5,245,0,0,4816801FC4700CE9FAE1D2E6537F553ACE63B6B3CD6DB30B9BB4A7D8505BAA3B,131
C:\Users\Administrator\AppData\Local\DuckStation\savestates\HASH-5076D335C1AF160E_9.sav,other_or_unknown,,0,4,bank_helper,0x80193B44,0x80193BC4,128,1,1,38723A2E5E8A17AA7950DC008209944E898F69A7BD10A23C839D341E935FD5CA,0
C:\Users\Administrator\AppData\Local\DuckStation\savestates\HASH-5076D335C1AF160E_9.sav,other_or_unknown,,0,4,wrapper_candidate,0x801A2074,0x801A2304,656,0,0,7A05B7FC6D7FB20BD8659A5F5ED0F8B4DF0CE3EDDCC99011AFD18CD534872D23,421
C:\Users\Administrator\AppData\Local\DuckStation\savestates\HASH-5076D335C1AF160E_9.sav,other_or_unknown,,0,4,ui_or_coord_table,0x801A7460,0x801A7860,1024,0,0,6793767453360D1CE46B931D39686EE67C77B99A3928B80F1E9E8598F6350764,855
C:\Users\Administrator\AppData\Local\DuckStation\savestates\HASH-5076D335C1AF160E_resume.sav,other_or_unknown,,0,4,e2_or_wrapper,0x8018FCD0,0x8018FDC5,245,0,0,4816801FC4700CE9FAE1D2E6537F553ACE63B6B3CD6DB30B9BB4A7D8505BAA3B,131
C:\Users\Administrator\AppData\Local\DuckStation\savestates\HASH-5076D335C1AF160E_resume.sav,other_or_unknown,,0,4,bank_helper,0x80193B44,0x80193BC4,128,1,1,38723A2E5E8A17AA7950DC008209944E898F69A7BD10A23C839D341E935FD5CA,0
C:\Users\Administrator\AppData\Local\DuckStation\savestates\HASH-5076D335C1AF160E_resume.sav,other_or_unknown,,0,4,wrapper_candidate,0x801A2074,0x801A2304,656,0,0,7A05B7FC6D7FB20BD8659A5F5ED0F8B4DF0CE3EDDCC99011AFD18CD534872D23,421
C:\Users\Administrator\AppData\Local\DuckStation\savestates\HASH-5076D335C1AF160E_resume.sav,other_or_unknown,,0,4,ui_or_coord_table,0x801A7460,0x801A7860,1024,0,0,6793767453360D1CE46B931D39686EE67C77B99A3928B80F1E9E8598F6350764,855
C:\Users\Administrator\AppData\Local\DuckStation\savestates\HASH-526F47F708C4BDC1_1.sav,other_or_unknown,,0,4,e2_or_wrapper,0x8018FCD0,0x8018FDC5,245,0,0,4816801FC4700CE9FAE1D2E6537F553ACE63B6B3CD6DB30B9BB4A7D8505BAA3B,131
C:\Users\Administrator\AppData\Local\DuckStation\savestates\HASH-526F47F708C4BDC1_1.sav,other_or_unknown,,0,4,bank_helper,0x80193B44,0x80193BC4,128,1,1,38723A2E5E8A17AA7950DC008209944E898F69A7BD10A23C839D341E935FD5CA,0
C:\Users\Administrator\AppData\Local\DuckStation\savestates\HASH-526F47F708C4BDC1_1.sav,other_or_unknown,,0,4,wrapper_candidate,0x801A2074,0x801A2304,656,0,0,1E15736151818F3704604741CFF14ED779E87B7A954A9251A29F3DF5D5FFE76D,414
C:\Users\Administrator\AppData\Local\DuckStation\savestates\HASH-526F47F708C4BDC1_1.sav,other_or_unknown,,0,4,ui_or_coord_table,0x801A7460,0x801A7860,1024,0,0,CFA9BDD358BC30B2EB3347F977B686411EC7CBE4B8D14746AFDD6AEA9E33AFEC,902
C:\Users\Administrator\AppData\Local\DuckStation\savestates\HASH-526F47F708C4BDC1_2.sav,other_or_unknown,,0,4,e2_or_wrapper,0x8018FCD0,0x8018FDC5,245,0,0,4816801FC4700CE9FAE1D2E6537F553ACE63B6B3CD6DB30B9BB4A7D8505BAA3B,131
C:\Users\Administrator\AppData\Local\DuckStation\savestates\HASH-526F47F708C4BDC1_2.sav,other_or_unknown,,0,4,bank_helper,0x80193B44,0x80193BC4,128,1,1,38723A2E5E8A17AA7950DC008209944E898F69A7BD10A23C839D341E935FD5CA,0
C:\Users\Administrator\AppData\Local\DuckStation\savestates\HASH-526F47F708C4BDC1_2.sav,other_or_unknown,,0,4,wrapper_candidate,0x801A2074,0x801A2304,656,0,0,1E15736151818F3704604741CFF14ED779E87B7A954A9251A29F3DF5D5FFE76D,414
C:\Users\Administrator\AppData\Local\DuckStation\savestates\HASH-526F47F708C4BDC1_2.sav,other_or_unknown,,0,4,ui_or_coord_table,0x801A7460,0x801A7860,1024,0,0,CFA9BDD358BC30B2EB3347F977B686411EC7CBE4B8D14746AFDD6AEA9E33AFEC,902
C:\Users\Administrator\AppData\Local\DuckStation\savestates\HASH-526F47F708C4BDC1_3.sav,other_or_unknown,,0,4,e2_or_wrapper,0x8018FCD0,0x8018FDC5,245,0,0,4816801FC4700CE9FAE1D2E6537F553ACE63B6B3CD6DB30B9BB4A7D8505BAA3B,131
C:\Users\Administrator\AppData\Local\DuckStation\savestates\HASH-526F47F708C4BDC1_3.sav,other_or_unknown,,0,4,bank_helper,0x80193B44,0x80193BC4,128,1,1,38723A2E5E8A17AA7950DC008209944E898F69A7BD10A23C839D341E935FD5CA,0
C:\Users\Administrator\AppData\Local\DuckStation\savestates\HASH-526F47F708C4BDC1_3.sav,other_or_unknown,,0,4,wrapper_candidate,0x801A2074,0x801A2304,656,0,0,1E15736151818F3704604741CFF14ED779E87B7A954A9251A29F3DF5D5FFE76D,414
C:\Users\Administrator\AppData\Local\DuckStation\savestates\HASH-526F47F708C4BDC1_3.sav,other_or_unknown,,0,4,ui_or_coord_table,0x801A7460,0x801A7860,1024,0,0,CFA9BDD358BC30B2EB3347F977B686411EC7CBE4B8D14746AFDD6AEA9E33AFEC,902
C:\Users\Administrator\AppData\Local\DuckStation\savestates\HASH-526F47F708C4BDC1_4.sav,other_or_unknown,,0,4,e2_or_wrapper,0x8018FCD0,0x8018FDC5,245,0,0,4816801FC4700CE9FAE1D2E6537F553ACE63B6B3CD6DB30B9BB4A7D8505BAA3B,131
C:\Users\Administrator\AppData\Local\DuckStation\savestates\HASH-526F47F708C4BDC1_4.sav,other_or_unknown,,0,4,bank_helper,0x80193B44,0x80193BC4,128,1,1,38723A2E5E8A17AA7950DC008209944E898F69A7BD10A23C839D341E935FD5CA,0
C:\Users\Administrator\AppData\Local\DuckStation\savestates\HASH-526F47F708C4BDC1_4.sav,other_or_unknown,,0,4,wrapper_candidate,0x801A2074,0x801A2304,656,0,0,1E15736151818F3704604741CFF14ED779E87B7A954A9251A29F3DF5D5FFE76D,414
C:\Users\Administrator\AppData\Local\DuckStation\savestates\HASH-526F47F708C4BDC1_4.sav,other_or_unknown,,0,4,ui_or_coord_table,0x801A7460,0x801A7860,1024,0,0,CFA9BDD358BC30B2EB3347F977B686411EC7CBE4B8D14746AFDD6AEA9E33AFEC,902
C:\Users\Administrator\AppData\Local\DuckStation\savestates\HASH-526F47F708C4BDC1_5.sav,other_or_unknown,,0,4,e2_or_wrapper,0x8018FCD0,0x8018FDC5,245,0,0,4816801FC4700CE9FAE1D2E6537F553ACE63B6B3CD6DB30B9BB4A7D8505BAA3B,131
C:\Users\Administrator\AppData\Local\DuckStation\savestates\HASH-526F47F708C4BDC1_5.sav,other_or_unknown,,0,4,bank_helper,0x80193B44,0x80193BC4,128,1,1,38723A2E5E8A17AA7950DC008209944E898F69A7BD10A23C839D341E935FD5CA,0
C:\Users\Administrator\AppData\Local\DuckStation\savestates\HASH-526F47F708C4BDC1_5.sav,other_or_unknown,,0,4,wrapper_candidate,0x801A2074,0x801A2304,656,0,0,1E15736151818F3704604741CFF14ED779E87B7A954A9251A29F3DF5D5FFE76D,414
C:\Users\Administrator\AppData\Local\DuckStation\savestates\HASH-526F47F708C4BDC1_5.sav,other_or_unknown,,0,4,ui_or_coord_table,0x801A7460,0x801A7860,1024,0,0,CFA9BDD358BC30B2EB3347F977B686411EC7CBE4B8D14746AFDD6AEA9E33AFEC,902
C:\Users\Administrator\AppData\Local\DuckStation\savestates\HASH-526F47F708C4BDC1_6.sav,other_or_unknown,,0,4,e2_or_wrapper,0x8018FCD0,0x8018FDC5,245,0,0,4816801FC4700CE9FAE1D2E6537F553ACE63B6B3CD6DB30B9BB4A7D8505BAA3B,131
C:\Users\Administrator\AppData\Local\DuckStation\savestates\HASH-526F47F708C4BDC1_6.sav,other_or_unknown,,0,4,bank_helper,0x80193B44,0x80193BC4,128,1,1,38723A2E5E8A17AA7950DC008209944E898F69A7BD10A23C839D341E935FD5CA,0
C:\Users\Administrator\AppData\Local\DuckStation\savestates\HASH-526F47F708C4BDC1_6.sav,other_or_unknown,,0,4,wrapper_candidate,0x801A2074,0x801A2304,656,0,0,1E15736151818F3704604741CFF14ED779E87B7A954A9251A29F3DF5D5FFE76D,414
C:\Users\Administrator\AppData\Local\DuckStation\savestates\HASH-526F47F708C4BDC1_6.sav,other_or_unknown,,0,4,ui_or_coord_table,0x801A7460,0x801A7860,1024,0,0,CFA9BDD358BC30B2EB3347F977B686411EC7CBE4B8D14746AFDD6AEA9E33AFEC,902
C:\Users\Administrator\AppData\Local\DuckStation\savestates\HASH-526F47F708C4BDC1_resume.sav,other_or_unknown,,0,4,e2_or_wrapper,0x8018FCD0,0x8018FDC5,245,0,0,4816801FC4700CE9FAE1D2E6537F553ACE63B6B3CD6DB30B9BB4A7D8505BAA3B,131
C:\Users\Administrator\AppData\Local\DuckStation\savestates\HASH-526F47F708C4BDC1_resume.sav,other_or_unknown,,0,4,bank_helper,0x80193B44,0x80193BC4,128,1,1,38723A2E5E8A17AA7950DC008209944E898F69A7BD10A23C839D341E935FD5CA,0
C:\Users\Administrator\AppData\Local\DuckStation\savestates\HASH-526F47F708C4BDC1_resume.sav,other_or_unknown,,0,4,wrapper_candidate,0x801A2074,0x801A2304,656,0,0,1E15736151818F3704604741CFF14ED779E87B7A954A9251A29F3DF5D5FFE76D,414
C:\Users\Administrator\AppData\Local\DuckStation\savestates\HASH-526F47F708C4BDC1_resume.sav,other_or_unknown,,0,4,ui_or_coord_table,0x801A7460,0x801A7860,1024,0,0,CFA9BDD358BC30B2EB3347F977B686411EC7CBE4B8D14746AFDD6AEA9E33AFEC,902
C:\Users\Administrator\AppData\Local\DuckStation\savestates\HASH-550545D10826A114_1.sav,other_or_unknown,,0,4,e2_or_wrapper,0x8018FCD0,0x8018FDC5,245,0,0,4816801FC4700CE9FAE1D2E6537F553ACE63B6B3CD6DB30B9BB4A7D8505BAA3B,131
C:\Users\Administrator\AppData\Local\DuckStation\savestates\HASH-550545D10826A114_1.sav,other_or_unknown,,0,4,bank_helper,0x80193B44,0x80193BC4,128,1,1,38723A2E5E8A17AA7950DC008209944E898F69A7BD10A23C839D341E935FD5CA,0
C:\Users\Administrator\AppData\Local\DuckStation\savestates\HASH-550545D10826A114_1.sav,other_or_unknown,,0,4,wrapper_candidate,0x801A2074,0x801A2304,656,0,0,1E15736151818F3704604741CFF14ED779E87B7A954A9251A29F3DF5D5FFE76D,414
C:\Users\Administrator\AppData\Local\DuckStation\savestates\HASH-550545D10826A114_1.sav,other_or_unknown,,0,4,ui_or_coord_table,0x801A7460,0x801A7860,1024,0,0,7A56DABFAC185758C37F88C94734B3338CA1DE8F7B7B4EC178D64907759E9893,904
C:\Users\Administrator\AppData\Local\DuckStation\savestates\HASH-550545D10826A114_2.sav,other_or_unknown,,0,4,e2_or_wrapper,0x8018FCD0,0x8018FDC5,245,0,0,4816801FC4700CE9FAE1D2E6537F553ACE63B6B3CD6DB30B9BB4A7D8505BAA3B,131
C:\Users\Administrator\AppData\Local\DuckStation\savestates\HASH-550545D10826A114_2.sav,other_or_unknown,,0,4,bank_helper,0x80193B44,0x80193BC4,128,1,1,38723A2E5E8A17AA7950DC008209944E898F69A7BD10A23C839D341E935FD5CA,0
C:\Users\Administrator\AppData\Local\DuckStation\savestates\HASH-550545D10826A114_2.sav,other_or_unknown,,0,4,wrapper_candidate,0x801A2074,0x801A2304,656,0,0,1E15736151818F3704604741CFF14ED779E87B7A954A9251A29F3DF5D5FFE76D,414
C:\Users\Administrator\AppData\Local\DuckStation\savestates\HASH-550545D10826A114_2.sav,other_or_unknown,,0,4,ui_or_coord_table,0x801A7460,0x801A7860,1024,0,0,7A56DABFAC185758C37F88C94734B3338CA1DE8F7B7B4EC178D64907759E9893,904
C:\Users\Administrator\AppData\Local\DuckStation\savestates\HASH-550545D10826A114_resume.sav,other_or_unknown,,0,4,e2_or_wrapper,0x8018FCD0,0x8018FDC5,245,0,0,4816801FC4700CE9FAE1D2E6537F553ACE63B6B3CD6DB30B9BB4A7D8505BAA3B,131
C:\Users\Administrator\AppData\Local\DuckStation\savestates\HASH-550545D10826A114_resume.sav,other_or_unknown,,0,4,bank_helper,0x80193B44,0x80193BC4,128,1,1,38723A2E5E8A17AA7950DC008209944E898F69A7BD10A23C839D341E935FD5CA,0
C:\Users\Administrator\AppData\Local\DuckStation\savestates\HASH-550545D10826A114_resume.sav,other_or_unknown,,0,4,wrapper_candidate,0x801A2074,0x801A2304,656,0,0,1E15736151818F3704604741CFF14ED779E87B7A954A9251A29F3DF5D5FFE76D,414
C:\Users\Administrator\AppData\Local\DuckStation\savestates\HASH-550545D10826A114_resume.sav,other_or_unknown,,0,4,ui_or_coord_table,0x801A7460,0x801A7860,1024,0,0,7A56DABFAC185758C37F88C94734B3338CA1DE8F7B7B4EC178D64907759E9893,904
C:\Users\Administrator\AppData\Local\DuckStation\savestates\HASH-5960A2DBDFAB1E03_1.sav,other_or_unknown,,0,4,e2_or_wrapper,0x8018FCD0,0x8018FDC5,245,0,0,4816801FC4700CE9FAE1D2E6537F553ACE63B6B3CD6DB30B9BB4A7D8505BAA3B,131
C:\Users\Administrator\AppData\Local\DuckStation\savestates\HASH-5960A2DBDFAB1E03_1.sav,other_or_unknown,,0,4,bank_helper,0x80193B44,0x80193BC4,128,1,1,38723A2E5E8A17AA7950DC008209944E898F69A7BD10A23C839D341E935FD5CA,0
C:\Users\Administrator\AppData\Local\DuckStation\savestates\HASH-5960A2DBDFAB1E03_1.sav,other_or_unknown,,0,4,wrapper_candidate,0x801A2074,0x801A2304,656,0,0,383715790A2728D924E52648E3024066833BDD4D7E0529A4805DA0374A82916B,392
C:\Users\Administrator\AppData\Local\DuckStation\savestates\HASH-5960A2DBDFAB1E03_1.sav,other_or_unknown,,0,4,ui_or_coord_table,0x801A7460,0x801A7860,1024,0,0,59FC0D300860ECCA1540938C9EB748C65AECC17A3233F4C3D809E11A091DF63E,903
C:\Users\Administrator\AppData\Local\DuckStation\savestates\HASH-5960A2DBDFAB1E03_2.sav,other_or_unknown,,0,4,e2_or_wrapper,0x8018FCD0,0x8018FDC5,245,0,0,4816801FC4700CE9FAE1D2E6537F553ACE63B6B3CD6DB30B9BB4A7D8505BAA3B,131
C:\Users\Administrator\AppData\Local\DuckStation\savestates\HASH-5960A2DBDFAB1E03_2.sav,other_or_unknown,,0,4,bank_helper,0x80193B44,0x80193BC4,128,1,1,38723A2E5E8A17AA7950DC008209944E898F69A7BD10A23C839D341E935FD5CA,0
C:\Users\Administrator\AppData\Local\DuckStation\savestates\HASH-5960A2DBDFAB1E03_2.sav,other_or_unknown,,0,4,wrapper_candidate,0x801A2074,0x801A2304,656,0,0,383715790A2728D924E52648E3024066833BDD4D7E0529A4805DA0374A82916B,392
C:\Users\Administrator\AppData\Local\DuckStation\savestates\HASH-5960A2DBDFAB1E03_2.sav,other_or_unknown,,0,4,ui_or_coord_table,0x801A7460,0x801A7860,1024,0,0,59FC0D300860ECCA1540938C9EB748C65AECC17A3233F4C3D809E11A091DF63E,903
C:\Users\Administrator\AppData\Local\DuckStation\savestates\HASH-5960A2DBDFAB1E03_3.sav,other_or_unknown,,0,4,e2_or_wrapper,0x8018FCD0,0x8018FDC5,245,0,0,4816801FC4700CE9FAE1D2E6537F553ACE63B6B3CD6DB30B9BB4A7D8505BAA3B,131
C:\Users\Administrator\AppData\Local\DuckStation\savestates\HASH-5960A2DBDFAB1E03_3.sav,other_or_unknown,,0,4,bank_helper,0x80193B44,0x80193BC4,128,1,1,38723A2E5E8A17AA7950DC008209944E898F69A7BD10A23C839D341E935FD5CA,0
C:\Users\Administrator\AppData\Local\DuckStation\savestates\HASH-5960A2DBDFAB1E03_3.sav,other_or_unknown,,0,4,wrapper_candidate,0x801A2074,0x801A2304,656,0,0,383715790A2728D924E52648E3024066833BDD4D7E0529A4805DA0374A82916B,392
C:\Users\Administrator\AppData\Local\DuckStation\savestates\HASH-5960A2DBDFAB1E03_3.sav,other_or_unknown,,0,4,ui_or_coord_table,0x801A7460,0x801A7860,1024,0,0,59FC0D300860ECCA1540938C9EB748C65AECC17A3233F4C3D809E11A091DF63E,903
C:\Users\Administrator\AppData\Local\DuckStation\savestates\HASH-5960A2DBDFAB1E03_4.sav,other_or_unknown,,0,4,e2_or_wrapper,0x8018FCD0,0x8018FDC5,245,0,0,4816801FC4700CE9FAE1D2E6537F553ACE63B6B3CD6DB30B9BB4A7D8505BAA3B,131
C:\Users\Administrator\AppData\Local\DuckStation\savestates\HASH-5960A2DBDFAB1E03_4.sav,other_or_unknown,,0,4,bank_helper,0x80193B44,0x80193BC4,128,1,1,38723A2E5E8A17AA7950DC008209944E898F69A7BD10A23C839D341E935FD5CA,0
C:\Users\Administrator\AppData\Local\DuckStation\savestates\HASH-5960A2DBDFAB1E03_4.sav,other_or_unknown,,0,4,wrapper_candidate,0x801A2074,0x801A2304,656,0,0,383715790A2728D924E52648E3024066833BDD4D7E0529A4805DA0374A82916B,392
C:\Users\Administrator\AppData\Local\DuckStation\savestates\HASH-5960A2DBDFAB1E03_4.sav,other_or_unknown,,0,4,ui_or_coord_table,0x801A7460,0x801A7860,1024,0,0,59FC0D300860ECCA1540938C9EB748C65AECC17A3233F4C3D809E11A091DF63E,903
C:\Users\Administrator\AppData\Local\DuckStation\savestates\HASH-5960A2DBDFAB1E03_5.sav,other_or_unknown,,0,4,e2_or_wrapper,0x8018FCD0,0x8018FDC5,245,0,0,4816801FC4700CE9FAE1D2E6537F553ACE63B6B3CD6DB30B9BB4A7D8505BAA3B,131
C:\Users\Administrator\AppData\Local\DuckStation\savestates\HASH-5960A2DBDFAB1E03_5.sav,other_or_unknown,,0,4,bank_helper,0x80193B44,0x80193BC4,128,1,1,38723A2E5E8A17AA7950DC008209944E898F69A7BD10A23C839D341E935FD5CA,0
C:\Users\Administrator\AppData\Local\DuckStation\savestates\HASH-5960A2DBDFAB1E03_5.sav,other_or_unknown,,0,4,wrapper_candidate,0x801A2074,0x801A2304,656,0,0,383715790A2728D924E52648E3024066833BDD4D7E0529A4805DA0374A82916B,392
C:\Users\Administrator\AppData\Local\DuckStation\savestates\HASH-5960A2DBDFAB1E03_5.sav,other_or_unknown,,0,4,ui_or_coord_table,0x801A7460,0x801A7860,1024,0,0,59FC0D300860ECCA1540938C9EB748C65AECC17A3233F4C3D809E11A091DF63E,903
C:\Users\Administrator\AppData\Local\DuckStation\savestates\HASH-5960A2DBDFAB1E03_resume.sav,other_or_unknown,,0,4,e2_or_wrapper,0x8018FCD0,0x8018FDC5,245,0,0,4816801FC4700CE9FAE1D2E6537F553ACE63B6B3CD6DB30B9BB4A7D8505BAA3B,131
C:\Users\Administrator\AppData\Local\DuckStation\savestates\HASH-5960A2DBDFAB1E03_resume.sav,other_or_unknown,,0,4,bank_helper,0x80193B44,0x80193BC4,128,1,1,38723A2E5E8A17AA7950DC008209944E898F69A7BD10A23C839D341E935FD5CA,0
C:\Users\Administrator\AppData\Local\DuckStation\savestates\HASH-5960A2DBDFAB1E03_resume.sav,other_or_unknown,,0,4,wrapper_candidate,0x801A2074,0x801A2304,656,0,0,383715790A2728D924E52648E3024066833BDD4D7E0529A4805DA0374A82916B,392
C:\Users\Administrator\AppData\Local\DuckStation\savestates\HASH-5960A2DBDFAB1E03_resume.sav,other_or_unknown,,0,4,ui_or_coord_table,0x801A7460,0x801A7860,1024,0,0,59FC0D300860ECCA1540938C9EB748C65AECC17A3233F4C3D809E11A091DF63E,903
C:\Users\Administrator\AppData\Local\DuckStation\savestates\HASH-5B42E6E2F7D4A581_1.sav,other_or_unknown,,0,4,e2_or_wrapper,0x8018FCD0,0x8018FDC5,245,0,0,4816801FC4700CE9FAE1D2E6537F553ACE63B6B3CD6DB30B9BB4A7D8505BAA3B,131
C:\Users\Administrator\AppData\Local\DuckStation\savestates\HASH-5B42E6E2F7D4A581_1.sav,other_or_unknown,,0,4,bank_helper,0x80193B44,0x80193BC4,128,1,1,38723A2E5E8A17AA7950DC008209944E898F69A7BD10A23C839D341E935FD5CA,0
C:\Users\Administrator\AppData\Local\DuckStation\savestates\HASH-5B42E6E2F7D4A581_1.sav,other_or_unknown,,0,4,wrapper_candidate,0x801A2074,0x801A2304,656,0,0,15AE9631F997B853BA682F5E9D1CEE16A9845083B2F71534C3277A012BEA63B6,415
C:\Users\Administrator\AppData\Local\DuckStation\savestates\HASH-5B42E6E2F7D4A581_1.sav,other_or_unknown,,0,4,ui_or_coord_table,0x801A7460,0x801A7860,1024,0,0,B1FC1032320CF8CDFCEB0C80F4F47C4DECF03A30E00A52A6D3D364F6105275B4,932
C:\Users\Administrator\AppData\Local\DuckStation\savestates\HASH-5B42E6E2F7D4A581_2.sav,other_or_unknown,,0,4,e2_or_wrapper,0x8018FCD0,0x8018FDC5,245,0,0,4816801FC4700CE9FAE1D2E6537F553ACE63B6B3CD6DB30B9BB4A7D8505BAA3B,131
C:\Users\Administrator\AppData\Local\DuckStation\savestates\HASH-5B42E6E2F7D4A581_2.sav,other_or_unknown,,0,4,bank_helper,0x80193B44,0x80193BC4,128,1,1,38723A2E5E8A17AA7950DC008209944E898F69A7BD10A23C839D341E935FD5CA,0
C:\Users\Administrator\AppData\Local\DuckStation\savestates\HASH-5B42E6E2F7D4A581_2.sav,other_or_unknown,,0,4,wrapper_candidate,0x801A2074,0x801A2304,656,0,0,15AE9631F997B853BA682F5E9D1CEE16A9845083B2F71534C3277A012BEA63B6,415
C:\Users\Administrator\AppData\Local\DuckStation\savestates\HASH-5B42E6E2F7D4A581_2.sav,other_or_unknown,,0,4,ui_or_coord_table,0x801A7460,0x801A7860,1024,0,0,B1FC1032320CF8CDFCEB0C80F4F47C4DECF03A30E00A52A6D3D364F6105275B4,932
C:\Users\Administrator\AppData\Local\DuckStation\savestates\HASH-5B42E6E2F7D4A581_3.sav,other_or_unknown,,0,4,e2_or_wrapper,0x8018FCD0,0x8018FDC5,245,0,0,4816801FC4700CE9FAE1D2E6537F553ACE63B6B3CD6DB30B9BB4A7D8505BAA3B,131
C:\Users\Administrator\AppData\Local\DuckStation\savestates\HASH-5B42E6E2F7D4A581_3.sav,other_or_unknown,,0,4,bank_helper,0x80193B44,0x80193BC4,128,1,1,38723A2E5E8A17AA7950DC008209944E898F69A7BD10A23C839D341E935FD5CA,0
C:\Users\Administrator\AppData\Local\DuckStation\savestates\HASH-5B42E6E2F7D4A581_3.sav,other_or_unknown,,0,4,wrapper_candidate,0x801A2074,0x801A2304,656,0,0,15AE9631F997B853BA682F5E9D1CEE16A9845083B2F71534C3277A012BEA63B6,415
C:\Users\Administrator\AppData\Local\DuckStation\savestates\HASH-5B42E6E2F7D4A581_3.sav,other_or_unknown,,0,4,ui_or_coord_table,0x801A7460,0x801A7860,1024,0,0,B1FC1032320CF8CDFCEB0C80F4F47C4DECF03A30E00A52A6D3D364F6105275B4,932
C:\Users\Administrator\AppData\Local\DuckStation\savestates\HASH-5B42E6E2F7D4A581_resume.sav,other_or_unknown,,0,4,e2_or_wrapper,0x8018FCD0,0x8018FDC5,245,0,0,4816801FC4700CE9FAE1D2E6537F553ACE63B6B3CD6DB30B9BB4A7D8505BAA3B,131
C:\Users\Administrator\AppData\Local\DuckStation\savestates\HASH-5B42E6E2F7D4A581_resume.sav,other_or_unknown,,0,4,bank_helper,0x80193B44,0x80193BC4,128,1,1,38723A2E5E8A17AA7950DC008209944E898F69A7BD10A23C839D341E935FD5CA,0
C:\Users\Administrator\AppData\Local\DuckStation\savestates\HASH-5B42E6E2F7D4A581_resume.sav,other_or_unknown,,0,4,wrapper_candidate,0x801A2074,0x801A2304,656,0,0,15AE9631F997B853BA682F5E9D1CEE16A9845083B2F71534C3277A012BEA63B6,415
C:\Users\Administrator\AppData\Local\DuckStation\savestates\HASH-5B42E6E2F7D4A581_resume.sav,other_or_unknown,,0,4,ui_or_coord_table,0x801A7460,0x801A7860,1024,0,0,B1FC1032320CF8CDFCEB0C80F4F47C4DECF03A30E00A52A6D3D364F6105275B4,932
C:\Users\Administrator\AppData\Local\DuckStation\savestates\HASH-5B7D4D6CC70A365C_1.sav,other_or_unknown,,0,4,e2_or_wrapper,0x8018FCD0,0x8018FDC5,245,0,0,4816801FC4700CE9FAE1D2E6537F553ACE63B6B3CD6DB30B9BB4A7D8505BAA3B,131
C:\Users\Administrator\AppData\Local\DuckStation\savestates\HASH-5B7D4D6CC70A365C_1.sav,other_or_unknown,,0,4,bank_helper,0x80193B44,0x80193BC4,128,1,1,38723A2E5E8A17AA7950DC008209944E898F69A7BD10A23C839D341E935FD5CA,0
C:\Users\Administrator\AppData\Local\DuckStation\savestates\HASH-5B7D4D6CC70A365C_1.sav,other_or_unknown,,0,4,wrapper_candidate,0x801A2074,0x801A2304,656,0,0,2AEADA7A7F292C5C538A488BD30E38DD3403751038B53393C17D24F3AFE36D76,353
C:\Users\Administrator\AppData\Local\DuckStation\savestates\HASH-5B7D4D6CC70A365C_1.sav,other_or_unknown,,0,4,ui_or_coord_table,0x801A7460,0x801A7860,1024,0,0,8F60FD7E8A15440AF540247D705B6EC4115092E85BC96126D9C8329E4895860E,931
C:\Users\Administrator\AppData\Local\DuckStation\savestates\HASH-5B7D4D6CC70A365C_2.sav,other_or_unknown,,0,4,e2_or_wrapper,0x8018FCD0,0x8018FDC5,245,0,0,4816801FC4700CE9FAE1D2E6537F553ACE63B6B3CD6DB30B9BB4A7D8505BAA3B,131
C:\Users\Administrator\AppData\Local\DuckStation\savestates\HASH-5B7D4D6CC70A365C_2.sav,other_or_unknown,,0,4,bank_helper,0x80193B44,0x80193BC4,128,1,1,38723A2E5E8A17AA7950DC008209944E898F69A7BD10A23C839D341E935FD5CA,0
C:\Users\Administrator\AppData\Local\DuckStation\savestates\HASH-5B7D4D6CC70A365C_2.sav,other_or_unknown,,0,4,wrapper_candidate,0x801A2074,0x801A2304,656,0,0,2AEADA7A7F292C5C538A488BD30E38DD3403751038B53393C17D24F3AFE36D76,353
C:\Users\Administrator\AppData\Local\DuckStation\savestates\HASH-5B7D4D6CC70A365C_2.sav,other_or_unknown,,0,4,ui_or_coord_table,0x801A7460,0x801A7860,1024,0,0,8F60FD7E8A15440AF540247D705B6EC4115092E85BC96126D9C8329E4895860E,931
C:\Users\Administrator\AppData\Local\DuckStation\savestates\HASH-5B7D4D6CC70A365C_3.sav,other_or_unknown,,0,4,e2_or_wrapper,0x8018FCD0,0x8018FDC5,245,0,0,4816801FC4700CE9FAE1D2E6537F553ACE63B6B3CD6DB30B9BB4A7D8505BAA3B,131
C:\Users\Administrator\AppData\Local\DuckStation\savestates\HASH-5B7D4D6CC70A365C_3.sav,other_or_unknown,,0,4,bank_helper,0x80193B44,0x80193BC4,128,1,1,38723A2E5E8A17AA7950DC008209944E898F69A7BD10A23C839D341E935FD5CA,0
C:\Users\Administrator\AppData\Local\DuckStation\savestates\HASH-5B7D4D6CC70A365C_3.sav,other_or_unknown,,0,4,wrapper_candidate,0x801A2074,0x801A2304,656,0,0,2AEADA7A7F292C5C538A488BD30E38DD3403751038B53393C17D24F3AFE36D76,353
C:\Users\Administrator\AppData\Local\DuckStation\savestates\HASH-5B7D4D6CC70A365C_3.sav,other_or_unknown,,0,4,ui_or_coord_table,0x801A7460,0x801A7860,1024,0,0,8F60FD7E8A15440AF540247D705B6EC4115092E85BC96126D9C8329E4895860E,931
C:\Users\Administrator\AppData\Local\DuckStation\savestates\HASH-5B7D4D6CC70A365C_4.sav,other_or_unknown,,0,4,e2_or_wrapper,0x8018FCD0,0x8018FDC5,245,0,0,4816801FC4700CE9FAE1D2E6537F553ACE63B6B3CD6DB30B9BB4A7D8505BAA3B,131
C:\Users\Administrator\AppData\Local\DuckStation\savestates\HASH-5B7D4D6CC70A365C_4.sav,other_or_unknown,,0,4,bank_helper,0x80193B44,0x80193BC4,128,1,1,38723A2E5E8A17AA7950DC008209944E898F69A7BD10A23C839D341E935FD5CA,0
C:\Users\Administrator\AppData\Local\DuckStation\savestates\HASH-5B7D4D6CC70A365C_4.sav,other_or_unknown,,0,4,wrapper_candidate,0x801A2074,0x801A2304,656,0,0,2AEADA7A7F292C5C538A488BD30E38DD3403751038B53393C17D24F3AFE36D76,353
C:\Users\Administrator\AppData\Local\DuckStation\savestates\HASH-5B7D4D6CC70A365C_4.sav,other_or_unknown,,0,4,ui_or_coord_table,0x801A7460,0x801A7860,1024,0,0,8F60FD7E8A15440AF540247D705B6EC4115092E85BC96126D9C8329E4895860E,931
C:\Users\Administrator\AppData\Local\DuckStation\savestates\HASH-5B7D4D6CC70A365C_5.sav,other_or_unknown,,0,4,e2_or_wrapper,0x8018FCD0,0x8018FDC5,245,0,0,4816801FC4700CE9FAE1D2E6537F553ACE63B6B3CD6DB30B9BB4A7D8505BAA3B,131
C:\Users\Administrator\AppData\Local\DuckStation\savestates\HASH-5B7D4D6CC70A365C_5.sav,other_or_unknown,,0,4,bank_helper,0x80193B44,0x80193BC4,128,1,1,38723A2E5E8A17AA7950DC008209944E898F69A7BD10A23C839D341E935FD5CA,0
C:\Users\Administrator\AppData\Local\DuckStation\savestates\HASH-5B7D4D6CC70A365C_5.sav,other_or_unknown,,0,4,wrapper_candidate,0x801A2074,0x801A2304,656,0,0,2AEADA7A7F292C5C538A488BD30E38DD3403751038B53393C17D24F3AFE36D76,353
C:\Users\Administrator\AppData\Local\DuckStation\savestates\HASH-5B7D4D6CC70A365C_5.sav,other_or_unknown,,0,4,ui_or_coord_table,0x801A7460,0x801A7860,1024,0,0,8F60FD7E8A15440AF540247D705B6EC4115092E85BC96126D9C8329E4895860E,931
C:\Users\Administrator\AppData\Local\DuckStation\savestates\HASH-5B7D4D6CC70A365C_6.sav,other_or_unknown,,0,4,e2_or_wrapper,0x8018FCD0,0x8018FDC5,245,0,0,4816801FC4700CE9FAE1D2E6537F553ACE63B6B3CD6DB30B9BB4A7D8505BAA3B,131
C:\Users\Administrator\AppData\Local\DuckStation\savestates\HASH-5B7D4D6CC70A365C_6.sav,other_or_unknown,,0,4,bank_helper,0x80193B44,0x80193BC4,128,1,1,38723A2E5E8A17AA7950DC008209944E898F69A7BD10A23C839D341E935FD5CA,0
C:\Users\Administrator\AppData\Local\DuckStation\savestates\HASH-5B7D4D6CC70A365C_6.sav,other_or_unknown,,0,4,wrapper_candidate,0x801A2074,0x801A2304,656,0,0,2AEADA7A7F292C5C538A488BD30E38DD3403751038B53393C17D24F3AFE36D76,353
C:\Users\Administrator\AppData\Local\DuckStation\savestates\HASH-5B7D4D6CC70A365C_6.sav,other_or_unknown,,0,4,ui_or_coord_table,0x801A7460,0x801A7860,1024,0,0,8F60FD7E8A15440AF540247D705B6EC4115092E85BC96126D9C8329E4895860E,931
C:\Users\Administrator\AppData\Local\DuckStation\savestates\HASH-5B7D4D6CC70A365C_resume.sav,other_or_unknown,,0,4,e2_or_wrapper,0x8018FCD0,0x8018FDC5,245,0,0,4816801FC4700CE9FAE1D2E6537F553ACE63B6B3CD6DB30B9BB4A7D8505BAA3B,131
C:\Users\Administrator\AppData\Local\DuckStation\savestates\HASH-5B7D4D6CC70A365C_resume.sav,other_or_unknown,,0,4,bank_helper,0x80193B44,0x80193BC4,128,1,1,38723A2E5E8A17AA7950DC008209944E898F69A7BD10A23C839D341E935FD5CA,0
C:\Users\Administrator\AppData\Local\DuckStation\savestates\HASH-5B7D4D6CC70A365C_resume.sav,other_or_unknown,,0,4,wrapper_candidate,0x801A2074,0x801A2304,656,0,0,2AEADA7A7F292C5C538A488BD30E38DD3403751038B53393C17D24F3AFE36D76,353
C:\Users\Administrator\AppData\Local\DuckStation\savestates\HASH-5B7D4D6CC70A365C_resume.sav,other_or_unknown,,0,4,ui_or_coord_table,0x801A7460,0x801A7860,1024,0,0,8F60FD7E8A15440AF540247D705B6EC4115092E85BC96126D9C8329E4895860E,931
C:\Users\Administrator\AppData\Local\DuckStation\savestates\HASH-5BBE776656FD02D7_1.sav,other_or_unknown,,0,4,e2_or_wrapper,0x8018FCD0,0x8018FDC5,245,0,0,4816801FC4700CE9FAE1D2E6537F553ACE63B6B3CD6DB30B9BB4A7D8505BAA3B,131
C:\Users\Administrator\AppData\Local\DuckStation\savestates\HASH-5BBE776656FD02D7_1.sav,other_or_unknown,,0,4,bank_helper,0x80193B44,0x80193BC4,128,1,1,38723A2E5E8A17AA7950DC008209944E898F69A7BD10A23C839D341E935FD5CA,0
C:\Users\Administrator\AppData\Local\DuckStation\savestates\HASH-5BBE776656FD02D7_1.sav,other_or_unknown,,0,4,wrapper_candidate,0x801A2074,0x801A2304,656,0,0,D367D06CAEDF1441615F4E60270CE3AD033EB9F3B6AD2C39D1919ED0AF8566F6,421
C:\Users\Administrator\AppData\Local\DuckStation\savestates\HASH-5BBE776656FD02D7_1.sav,other_or_unknown,,0,4,ui_or_coord_table,0x801A7460,0x801A7860,1024,0,0,F0215EA69C2564FA425F60DA2A3715715C1ED0B7E4B63F5B8C85D4440DB6A491,817
C:\Users\Administrator\AppData\Local\DuckStation\savestates\HASH-5BBE776656FD02D7_10.sav,other_or_unknown,,0,4,e2_or_wrapper,0x8018FCD0,0x8018FDC5,245,0,0,4816801FC4700CE9FAE1D2E6537F553ACE63B6B3CD6DB30B9BB4A7D8505BAA3B,131
C:\Users\Administrator\AppData\Local\DuckStation\savestates\HASH-5BBE776656FD02D7_10.sav,other_or_unknown,,0,4,bank_helper,0x80193B44,0x80193BC4,128,1,1,38723A2E5E8A17AA7950DC008209944E898F69A7BD10A23C839D341E935FD5CA,0
C:\Users\Administrator\AppData\Local\DuckStation\savestates\HASH-5BBE776656FD02D7_10.sav,other_or_unknown,,0,4,wrapper_candidate,0x801A2074,0x801A2304,656,0,0,D367D06CAEDF1441615F4E60270CE3AD033EB9F3B6AD2C39D1919ED0AF8566F6,421
C:\Users\Administrator\AppData\Local\DuckStation\savestates\HASH-5BBE776656FD02D7_10.sav,other_or_unknown,,0,4,ui_or_coord_table,0x801A7460,0x801A7860,1024,0,0,F0215EA69C2564FA425F60DA2A3715715C1ED0B7E4B63F5B8C85D4440DB6A491,817
C:\Users\Administrator\AppData\Local\DuckStation\savestates\HASH-5BBE776656FD02D7_2.sav,other_or_unknown,,0,4,e2_or_wrapper,0x8018FCD0,0x8018FDC5,245,0,0,4816801FC4700CE9FAE1D2E6537F553ACE63B6B3CD6DB30B9BB4A7D8505BAA3B,131
C:\Users\Administrator\AppData\Local\DuckStation\savestates\HASH-5BBE776656FD02D7_2.sav,other_or_unknown,,0,4,bank_helper,0x80193B44,0x80193BC4,128,1,1,38723A2E5E8A17AA7950DC008209944E898F69A7BD10A23C839D341E935FD5CA,0
C:\Users\Administrator\AppData\Local\DuckStation\savestates\HASH-5BBE776656FD02D7_2.sav,other_or_unknown,,0,4,wrapper_candidate,0x801A2074,0x801A2304,656,0,0,D367D06CAEDF1441615F4E60270CE3AD033EB9F3B6AD2C39D1919ED0AF8566F6,421
C:\Users\Administrator\AppData\Local\DuckStation\savestates\HASH-5BBE776656FD02D7_2.sav,other_or_unknown,,0,4,ui_or_coord_table,0x801A7460,0x801A7860,1024,0,0,F0215EA69C2564FA425F60DA2A3715715C1ED0B7E4B63F5B8C85D4440DB6A491,817
C:\Users\Administrator\AppData\Local\DuckStation\savestates\HASH-5BBE776656FD02D7_3.sav,other_or_unknown,,0,4,e2_or_wrapper,0x8018FCD0,0x8018FDC5,245,0,0,4816801FC4700CE9FAE1D2E6537F553ACE63B6B3CD6DB30B9BB4A7D8505BAA3B,131
C:\Users\Administrator\AppData\Local\DuckStation\savestates\HASH-5BBE776656FD02D7_3.sav,other_or_unknown,,0,4,bank_helper,0x80193B44,0x80193BC4,128,1,1,38723A2E5E8A17AA7950DC008209944E898F69A7BD10A23C839D341E935FD5CA,0
C:\Users\Administrator\AppData\Local\DuckStation\savestates\HASH-5BBE776656FD02D7_3.sav,other_or_unknown,,0,4,wrapper_candidate,0x801A2074,0x801A2304,656,0,0,D367D06CAEDF1441615F4E60270CE3AD033EB9F3B6AD2C39D1919ED0AF8566F6,421
C:\Users\Administrator\AppData\Local\DuckStation\savestates\HASH-5BBE776656FD02D7_3.sav,other_or_unknown,,0,4,ui_or_coord_table,0x801A7460,0x801A7860,1024,0,0,F0215EA69C2564FA425F60DA2A3715715C1ED0B7E4B63F5B8C85D4440DB6A491,817
C:\Users\Administrator\AppData\Local\DuckStation\savestates\HASH-5BBE776656FD02D7_4.sav,other_or_unknown,,0,4,e2_or_wrapper,0x8018FCD0,0x8018FDC5,245,0,0,4816801FC4700CE9FAE1D2E6537F553ACE63B6B3CD6DB30B9BB4A7D8505BAA3B,131
C:\Users\Administrator\AppData\Local\DuckStation\savestates\HASH-5BBE776656FD02D7_4.sav,other_or_unknown,,0,4,bank_helper,0x80193B44,0x80193BC4,128,1,1,38723A2E5E8A17AA7950DC008209944E898F69A7BD10A23C839D341E935FD5CA,0
C:\Users\Administrator\AppData\Local\DuckStation\savestates\HASH-5BBE776656FD02D7_4.sav,other_or_unknown,,0,4,wrapper_candidate,0x801A2074,0x801A2304,656,0,0,D367D06CAEDF1441615F4E60270CE3AD033EB9F3B6AD2C39D1919ED0AF8566F6,421
C:\Users\Administrator\AppData\Local\DuckStation\savestates\HASH-5BBE776656FD02D7_4.sav,other_or_unknown,,0,4,ui_or_coord_table,0x801A7460,0x801A7860,1024,0,0,F0215EA69C2564FA425F60DA2A3715715C1ED0B7E4B63F5B8C85D4440DB6A491,817
C:\Users\Administrator\AppData\Local\DuckStation\savestates\HASH-5BBE776656FD02D7_5.sav,other_or_unknown,,0,4,e2_or_wrapper,0x8018FCD0,0x8018FDC5,245,0,0,4816801FC4700CE9FAE1D2E6537F553ACE63B6B3CD6DB30B9BB4A7D8505BAA3B,131
C:\Users\Administrator\AppData\Local\DuckStation\savestates\HASH-5BBE776656FD02D7_5.sav,other_or_unknown,,0,4,bank_helper,0x80193B44,0x80193BC4,128,1,1,38723A2E5E8A17AA7950DC008209944E898F69A7BD10A23C839D341E935FD5CA,0
C:\Users\Administrator\AppData\Local\DuckStation\savestates\HASH-5BBE776656FD02D7_5.sav,other_or_unknown,,0,4,wrapper_candidate,0x801A2074,0x801A2304,656,0,0,D367D06CAEDF1441615F4E60270CE3AD033EB9F3B6AD2C39D1919ED0AF8566F6,421
C:\Users\Administrator\AppData\Local\DuckStation\savestates\HASH-5BBE776656FD02D7_5.sav,other_or_unknown,,0,4,ui_or_coord_table,0x801A7460,0x801A7860,1024,0,0,F0215EA69C2564FA425F60DA2A3715715C1ED0B7E4B63F5B8C85D4440DB6A491,817
C:\Users\Administrator\AppData\Local\DuckStation\savestates\HASH-5BBE776656FD02D7_6.sav,other_or_unknown,,0,4,e2_or_wrapper,0x8018FCD0,0x8018FDC5,245,0,0,4816801FC4700CE9FAE1D2E6537F553ACE63B6B3CD6DB30B9BB4A7D8505BAA3B,131
C:\Users\Administrator\AppData\Local\DuckStation\savestates\HASH-5BBE776656FD02D7_6.sav,other_or_unknown,,0,4,bank_helper,0x80193B44,0x80193BC4,128,1,1,38723A2E5E8A17AA7950DC008209944E898F69A7BD10A23C839D341E935FD5CA,0
C:\Users\Administrator\AppData\Local\DuckStation\savestates\HASH-5BBE776656FD02D7_6.sav,other_or_unknown,,0,4,wrapper_candidate,0x801A2074,0x801A2304,656,0,0,D367D06CAEDF1441615F4E60270CE3AD033EB9F3B6AD2C39D1919ED0AF8566F6,421
C:\Users\Administrator\AppData\Local\DuckStation\savestates\HASH-5BBE776656FD02D7_6.sav,other_or_unknown,,0,4,ui_or_coord_table,0x801A7460,0x801A7860,1024,0,0,F0215EA69C2564FA425F60DA2A3715715C1ED0B7E4B63F5B8C85D4440DB6A491,817
C:\Users\Administrator\AppData\Local\DuckStation\savestates\HASH-5BBE776656FD02D7_7.sav,other_or_unknown,,0,4,e2_or_wrapper,0x8018FCD0,0x8018FDC5,245,0,0,4816801FC4700CE9FAE1D2E6537F553ACE63B6B3CD6DB30B9BB4A7D8505BAA3B,131
C:\Users\Administrator\AppData\Local\DuckStation\savestates\HASH-5BBE776656FD02D7_7.sav,other_or_unknown,,0,4,bank_helper,0x80193B44,0x80193BC4,128,1,1,38723A2E5E8A17AA7950DC008209944E898F69A7BD10A23C839D341E935FD5CA,0
C:\Users\Administrator\AppData\Local\DuckStation\savestates\HASH-5BBE776656FD02D7_7.sav,other_or_unknown,,0,4,wrapper_candidate,0x801A2074,0x801A2304,656,0,0,D367D06CAEDF1441615F4E60270CE3AD033EB9F3B6AD2C39D1919ED0AF8566F6,421
C:\Users\Administrator\AppData\Local\DuckStation\savestates\HASH-5BBE776656FD02D7_7.sav,other_or_unknown,,0,4,ui_or_coord_table,0x801A7460,0x801A7860,1024,0,0,F0215EA69C2564FA425F60DA2A3715715C1ED0B7E4B63F5B8C85D4440DB6A491,817
C:\Users\Administrator\AppData\Local\DuckStation\savestates\HASH-5BBE776656FD02D7_8.sav,other_or_unknown,,0,4,e2_or_wrapper,0x8018FCD0,0x8018FDC5,245,0,0,4816801FC4700CE9FAE1D2E6537F553ACE63B6B3CD6DB30B9BB4A7D8505BAA3B,131
C:\Users\Administrator\AppData\Local\DuckStation\savestates\HASH-5BBE776656FD02D7_8.sav,other_or_unknown,,0,4,bank_helper,0x80193B44,0x80193BC4,128,1,1,38723A2E5E8A17AA7950DC008209944E898F69A7BD10A23C839D341E935FD5CA,0
C:\Users\Administrator\AppData\Local\DuckStation\savestates\HASH-5BBE776656FD02D7_8.sav,other_or_unknown,,0,4,wrapper_candidate,0x801A2074,0x801A2304,656,0,0,D367D06CAEDF1441615F4E60270CE3AD033EB9F3B6AD2C39D1919ED0AF8566F6,421
C:\Users\Administrator\AppData\Local\DuckStation\savestates\HASH-5BBE776656FD02D7_8.sav,other_or_unknown,,0,4,ui_or_coord_table,0x801A7460,0x801A7860,1024,0,0,F0215EA69C2564FA425F60DA2A3715715C1ED0B7E4B63F5B8C85D4440DB6A491,817
C:\Users\Administrator\AppData\Local\DuckStation\savestates\HASH-5BBE776656FD02D7_9.sav,other_or_unknown,,0,4,e2_or_wrapper,0x8018FCD0,0x8018FDC5,245,0,0,4816801FC4700CE9FAE1D2E6537F553ACE63B6B3CD6DB30B9BB4A7D8505BAA3B,131
C:\Users\Administrator\AppData\Local\DuckStation\savestates\HASH-5BBE776656FD02D7_9.sav,other_or_unknown,,0,4,bank_helper,0x80193B44,0x80193BC4,128,1,1,38723A2E5E8A17AA7950DC008209944E898F69A7BD10A23C839D341E935FD5CA,0
C:\Users\Administrator\AppData\Local\DuckStation\savestates\HASH-5BBE776656FD02D7_9.sav,other_or_unknown,,0,4,wrapper_candidate,0x801A2074,0x801A2304,656,0,0,D367D06CAEDF1441615F4E60270CE3AD033EB9F3B6AD2C39D1919ED0AF8566F6,421
C:\Users\Administrator\AppData\Local\DuckStation\savestates\HASH-5BBE776656FD02D7_9.sav,other_or_unknown,,0,4,ui_or_coord_table,0x801A7460,0x801A7860,1024,0,0,F0215EA69C2564FA425F60DA2A3715715C1ED0B7E4B63F5B8C85D4440DB6A491,817
C:\Users\Administrator\AppData\Local\DuckStation\savestates\HASH-5BBE776656FD02D7_resume.sav,other_or_unknown,,0,4,e2_or_wrapper,0x8018FCD0,0x8018FDC5,245,0,0,4816801FC4700CE9FAE1D2E6537F553ACE63B6B3CD6DB30B9BB4A7D8505BAA3B,131
C:\Users\Administrator\AppData\Local\DuckStation\savestates\HASH-5BBE776656FD02D7_resume.sav,other_or_unknown,,0,4,bank_helper,0x80193B44,0x80193BC4,128,1,1,38723A2E5E8A17AA7950DC008209944E898F69A7BD10A23C839D341E935FD5CA,0
C:\Users\Administrator\AppData\Local\DuckStation\savestates\HASH-5BBE776656FD02D7_resume.sav,other_or_unknown,,0,4,wrapper_candidate,0x801A2074,0x801A2304,656,0,0,D367D06CAEDF1441615F4E60270CE3AD033EB9F3B6AD2C39D1919ED0AF8566F6,421
C:\Users\Administrator\AppData\Local\DuckStation\savestates\HASH-5BBE776656FD02D7_resume.sav,other_or_unknown,,0,4,ui_or_coord_table,0x801A7460,0x801A7860,1024,0,0,F0215EA69C2564FA425F60DA2A3715715C1ED0B7E4B63F5B8C85D4440DB6A491,817
C:\Users\Administrator\AppData\Local\DuckStation\savestates\HASH-5BE24E86615D3D8A_1.sav,other_or_unknown,,0,4,e2_or_wrapper,0x8018FCD0,0x8018FDC5,245,0,0,5CD8278513B6ABB3BFF5205DEC8DF96DD16B76121D0DDE64DDD118107A1D3C32,37
C:\Users\Administrator\AppData\Local\DuckStation\savestates\HASH-5BE24E86615D3D8A_1.sav,other_or_unknown,,0,4,bank_helper,0x80193B44,0x80193BC4,128,1,1,38723A2E5E8A17AA7950DC008209944E898F69A7BD10A23C839D341E935FD5CA,0
C:\Users\Administrator\AppData\Local\DuckStation\savestates\HASH-5BE24E86615D3D8A_1.sav,other_or_unknown,,0,4,wrapper_candidate,0x801A2074,0x801A2304,656,1,1,E06E79CDFEDFC6D6107B945613E65B2DE3A209E40115B9B00AB048D2B91CD7D5,0
C:\Users\Administrator\AppData\Local\DuckStation\savestates\HASH-5BE24E86615D3D8A_1.sav,other_or_unknown,,0,4,ui_or_coord_table,0x801A7460,0x801A7860,1024,1,0,5F70BF18A086007016E948B04AED3B82103A36BEA41755B6CDDFAF10ACE3C6EF,0
C:\Users\Administrator\AppData\Local\DuckStation\savestates\HASH-5BE24E86615D3D8A_2.sav,other_or_unknown,,0,4,e2_or_wrapper,0x8018FCD0,0x8018FDC5,245,0,0,5CD8278513B6ABB3BFF5205DEC8DF96DD16B76121D0DDE64DDD118107A1D3C32,37
C:\Users\Administrator\AppData\Local\DuckStation\savestates\HASH-5BE24E86615D3D8A_2.sav,other_or_unknown,,0,4,bank_helper,0x80193B44,0x80193BC4,128,1,1,38723A2E5E8A17AA7950DC008209944E898F69A7BD10A23C839D341E935FD5CA,0
C:\Users\Administrator\AppData\Local\DuckStation\savestates\HASH-5BE24E86615D3D8A_2.sav,other_or_unknown,,0,4,wrapper_candidate,0x801A2074,0x801A2304,656,1,1,E06E79CDFEDFC6D6107B945613E65B2DE3A209E40115B9B00AB048D2B91CD7D5,0
C:\Users\Administrator\AppData\Local\DuckStation\savestates\HASH-5BE24E86615D3D8A_2.sav,other_or_unknown,,0,4,ui_or_coord_table,0x801A7460,0x801A7860,1024,1,0,5F70BF18A086007016E948B04AED3B82103A36BEA41755B6CDDFAF10ACE3C6EF,0
C:\Users\Administrator\AppData\Local\DuckStation\savestates\HASH-5BE24E86615D3D8A_resume.sav,other_or_unknown,,0,4,e2_or_wrapper,0x8018FCD0,0x8018FDC5,245,0,0,5CD8278513B6ABB3BFF5205DEC8DF96DD16B76121D0DDE64DDD118107A1D3C32,37
C:\Users\Administrator\AppData\Local\DuckStation\savestates\HASH-5BE24E86615D3D8A_resume.sav,other_or_unknown,,0,4,bank_helper,0x80193B44,0x80193BC4,128,1,1,38723A2E5E8A17AA7950DC008209944E898F69A7BD10A23C839D341E935FD5CA,0
C:\Users\Administrator\AppData\Local\DuckStation\savestates\HASH-5BE24E86615D3D8A_resume.sav,other_or_unknown,,0,4,wrapper_candidate,0x801A2074,0x801A2304,656,1,1,E06E79CDFEDFC6D6107B945613E65B2DE3A209E40115B9B00AB048D2B91CD7D5,0
C:\Users\Administrator\AppData\Local\DuckStation\savestates\HASH-5BE24E86615D3D8A_resume.sav,other_or_unknown,,0,4,ui_or_coord_table,0x801A7460,0x801A7860,1024,1,0,5F70BF18A086007016E948B04AED3B82103A36BEA41755B6CDDFAF10ACE3C6EF,0
C:\Users\Administrator\AppData\Local\DuckStation\savestates\HASH-5D0F0E7E2C86B58F_resume.sav,other_or_unknown,,0,4,e2_or_wrapper,0x8018FCD0,0x8018FDC5,245,0,0,4816801FC4700CE9FAE1D2E6537F553ACE63B6B3CD6DB30B9BB4A7D8505BAA3B,131
C:\Users\Administrator\AppData\Local\DuckStation\savestates\HASH-5D0F0E7E2C86B58F_resume.sav,other_or_unknown,,0,4,bank_helper,0x80193B44,0x80193BC4,128,1,1,38723A2E5E8A17AA7950DC008209944E898F69A7BD10A23C839D341E935FD5CA,0
C:\Users\Administrator\AppData\Local\DuckStation\savestates\HASH-5D0F0E7E2C86B58F_resume.sav,other_or_unknown,,0,4,wrapper_candidate,0x801A2074,0x801A2304,656,0,0,EA8100A258DEBE8CE504716BA0ECE557266B58A45A356D95310879762E9AD4AD,421
C:\Users\Administrator\AppData\Local\DuckStation\savestates\HASH-5D0F0E7E2C86B58F_resume.sav,other_or_unknown,,0,4,ui_or_coord_table,0x801A7460,0x801A7860,1024,0,0,54F516CCF75B9BFC66404945F46AE4298FAAB5A32C95656A75C99A893ED0F9ED,932
C:\Users\Administrator\AppData\Local\DuckStation\savestates\HASH-5D381712B6D6EB28_1.sav,other_or_unknown,,0,4,e2_or_wrapper,0x8018FCD0,0x8018FDC5,245,0,0,4816801FC4700CE9FAE1D2E6537F553ACE63B6B3CD6DB30B9BB4A7D8505BAA3B,131
C:\Users\Administrator\AppData\Local\DuckStation\savestates\HASH-5D381712B6D6EB28_1.sav,other_or_unknown,,0,4,bank_helper,0x80193B44,0x80193BC4,128,1,1,38723A2E5E8A17AA7950DC008209944E898F69A7BD10A23C839D341E935FD5CA,0
C:\Users\Administrator\AppData\Local\DuckStation\savestates\HASH-5D381712B6D6EB28_1.sav,other_or_unknown,,0,4,wrapper_candidate,0x801A2074,0x801A2304,656,0,0,7A05B7FC6D7FB20BD8659A5F5ED0F8B4DF0CE3EDDCC99011AFD18CD534872D23,421
C:\Users\Administrator\AppData\Local\DuckStation\savestates\HASH-5D381712B6D6EB28_1.sav,other_or_unknown,,0,4,ui_or_coord_table,0x801A7460,0x801A7860,1024,0,0,6793767453360D1CE46B931D39686EE67C77B99A3928B80F1E9E8598F6350764,855
C:\Users\Administrator\AppData\Local\DuckStation\savestates\HASH-5D381712B6D6EB28_2.sav,other_or_unknown,,0,4,e2_or_wrapper,0x8018FCD0,0x8018FDC5,245,0,0,4816801FC4700CE9FAE1D2E6537F553ACE63B6B3CD6DB30B9BB4A7D8505BAA3B,131
C:\Users\Administrator\AppData\Local\DuckStation\savestates\HASH-5D381712B6D6EB28_2.sav,other_or_unknown,,0,4,bank_helper,0x80193B44,0x80193BC4,128,1,1,38723A2E5E8A17AA7950DC008209944E898F69A7BD10A23C839D341E935FD5CA,0
C:\Users\Administrator\AppData\Local\DuckStation\savestates\HASH-5D381712B6D6EB28_2.sav,other_or_unknown,,0,4,wrapper_candidate,0x801A2074,0x801A2304,656,0,0,7A05B7FC6D7FB20BD8659A5F5ED0F8B4DF0CE3EDDCC99011AFD18CD534872D23,421
C:\Users\Administrator\AppData\Local\DuckStation\savestates\HASH-5D381712B6D6EB28_2.sav,other_or_unknown,,0,4,ui_or_coord_table,0x801A7460,0x801A7860,1024,0,0,6793767453360D1CE46B931D39686EE67C77B99A3928B80F1E9E8598F6350764,855
C:\Users\Administrator\AppData\Local\DuckStation\savestates\HASH-5D381712B6D6EB28_3.sav,other_or_unknown,,0,4,e2_or_wrapper,0x8018FCD0,0x8018FDC5,245,0,0,4816801FC4700CE9FAE1D2E6537F553ACE63B6B3CD6DB30B9BB4A7D8505BAA3B,131
C:\Users\Administrator\AppData\Local\DuckStation\savestates\HASH-5D381712B6D6EB28_3.sav,other_or_unknown,,0,4,bank_helper,0x80193B44,0x80193BC4,128,1,1,38723A2E5E8A17AA7950DC008209944E898F69A7BD10A23C839D341E935FD5CA,0
C:\Users\Administrator\AppData\Local\DuckStation\savestates\HASH-5D381712B6D6EB28_3.sav,other_or_unknown,,0,4,wrapper_candidate,0x801A2074,0x801A2304,656,0,0,7A05B7FC6D7FB20BD8659A5F5ED0F8B4DF0CE3EDDCC99011AFD18CD534872D23,421
C:\Users\Administrator\AppData\Local\DuckStation\savestates\HASH-5D381712B6D6EB28_3.sav,other_or_unknown,,0,4,ui_or_coord_table,0x801A7460,0x801A7860,1024,0,0,6793767453360D1CE46B931D39686EE67C77B99A3928B80F1E9E8598F6350764,855
C:\Users\Administrator\AppData\Local\DuckStation\savestates\HASH-5D381712B6D6EB28_4.sav,other_or_unknown,,0,4,e2_or_wrapper,0x8018FCD0,0x8018FDC5,245,0,0,4816801FC4700CE9FAE1D2E6537F553ACE63B6B3CD6DB30B9BB4A7D8505BAA3B,131
C:\Users\Administrator\AppData\Local\DuckStation\savestates\HASH-5D381712B6D6EB28_4.sav,other_or_unknown,,0,4,bank_helper,0x80193B44,0x80193BC4,128,1,1,38723A2E5E8A17AA7950DC008209944E898F69A7BD10A23C839D341E935FD5CA,0
C:\Users\Administrator\AppData\Local\DuckStation\savestates\HASH-5D381712B6D6EB28_4.sav,other_or_unknown,,0,4,wrapper_candidate,0x801A2074,0x801A2304,656,0,0,7A05B7FC6D7FB20BD8659A5F5ED0F8B4DF0CE3EDDCC99011AFD18CD534872D23,421
C:\Users\Administrator\AppData\Local\DuckStation\savestates\HASH-5D381712B6D6EB28_4.sav,other_or_unknown,,0,4,ui_or_coord_table,0x801A7460,0x801A7860,1024,0,0,6793767453360D1CE46B931D39686EE67C77B99A3928B80F1E9E8598F6350764,855
C:\Users\Administrator\AppData\Local\DuckStation\savestates\HASH-5D381712B6D6EB28_5.sav,other_or_unknown,,0,4,e2_or_wrapper,0x8018FCD0,0x8018FDC5,245,0,0,4816801FC4700CE9FAE1D2E6537F553ACE63B6B3CD6DB30B9BB4A7D8505BAA3B,131
C:\Users\Administrator\AppData\Local\DuckStation\savestates\HASH-5D381712B6D6EB28_5.sav,other_or_unknown,,0,4,bank_helper,0x80193B44,0x80193BC4,128,1,1,38723A2E5E8A17AA7950DC008209944E898F69A7BD10A23C839D341E935FD5CA,0
C:\Users\Administrator\AppData\Local\DuckStation\savestates\HASH-5D381712B6D6EB28_5.sav,other_or_unknown,,0,4,wrapper_candidate,0x801A2074,0x801A2304,656,0,0,7A05B7FC6D7FB20BD8659A5F5ED0F8B4DF0CE3EDDCC99011AFD18CD534872D23,421
C:\Users\Administrator\AppData\Local\DuckStation\savestates\HASH-5D381712B6D6EB28_5.sav,other_or_unknown,,0,4,ui_or_coord_table,0x801A7460,0x801A7860,1024,0,0,6793767453360D1CE46B931D39686EE67C77B99A3928B80F1E9E8598F6350764,855
C:\Users\Administrator\AppData\Local\DuckStation\savestates\HASH-5D381712B6D6EB28_6.sav,other_or_unknown,,0,4,e2_or_wrapper,0x8018FCD0,0x8018FDC5,245,0,0,4816801FC4700CE9FAE1D2E6537F553ACE63B6B3CD6DB30B9BB4A7D8505BAA3B,131
C:\Users\Administrator\AppData\Local\DuckStation\savestates\HASH-5D381712B6D6EB28_6.sav,other_or_unknown,,0,4,bank_helper,0x80193B44,0x80193BC4,128,1,1,38723A2E5E8A17AA7950DC008209944E898F69A7BD10A23C839D341E935FD5CA,0
C:\Users\Administrator\AppData\Local\DuckStation\savestates\HASH-5D381712B6D6EB28_6.sav,other_or_unknown,,0,4,wrapper_candidate,0x801A2074,0x801A2304,656,0,0,7A05B7FC6D7FB20BD8659A5F5ED0F8B4DF0CE3EDDCC99011AFD18CD534872D23,421
C:\Users\Administrator\AppData\Local\DuckStation\savestates\HASH-5D381712B6D6EB28_6.sav,other_or_unknown,,0,4,ui_or_coord_table,0x801A7460,0x801A7860,1024,0,0,6793767453360D1CE46B931D39686EE67C77B99A3928B80F1E9E8598F6350764,855
C:\Users\Administrator\AppData\Local\DuckStation\savestates\HASH-5D381712B6D6EB28_7.sav,other_or_unknown,,0,4,e2_or_wrapper,0x8018FCD0,0x8018FDC5,245,0,0,4816801FC4700CE9FAE1D2E6537F553ACE63B6B3CD6DB30B9BB4A7D8505BAA3B,131
C:\Users\Administrator\AppData\Local\DuckStation\savestates\HASH-5D381712B6D6EB28_7.sav,other_or_unknown,,0,4,bank_helper,0x80193B44,0x80193BC4,128,1,1,38723A2E5E8A17AA7950DC008209944E898F69A7BD10A23C839D341E935FD5CA,0
C:\Users\Administrator\AppData\Local\DuckStation\savestates\HASH-5D381712B6D6EB28_7.sav,other_or_unknown,,0,4,wrapper_candidate,0x801A2074,0x801A2304,656,0,0,7A05B7FC6D7FB20BD8659A5F5ED0F8B4DF0CE3EDDCC99011AFD18CD534872D23,421
C:\Users\Administrator\AppData\Local\DuckStation\savestates\HASH-5D381712B6D6EB28_7.sav,other_or_unknown,,0,4,ui_or_coord_table,0x801A7460,0x801A7860,1024,0,0,6793767453360D1CE46B931D39686EE67C77B99A3928B80F1E9E8598F6350764,855
C:\Users\Administrator\AppData\Local\DuckStation\savestates\HASH-5D381712B6D6EB28_8.sav,other_or_unknown,,0,4,e2_or_wrapper,0x8018FCD0,0x8018FDC5,245,0,0,4816801FC4700CE9FAE1D2E6537F553ACE63B6B3CD6DB30B9BB4A7D8505BAA3B,131
C:\Users\Administrator\AppData\Local\DuckStation\savestates\HASH-5D381712B6D6EB28_8.sav,other_or_unknown,,0,4,bank_helper,0x80193B44,0x80193BC4,128,1,1,38723A2E5E8A17AA7950DC008209944E898F69A7BD10A23C839D341E935FD5CA,0
C:\Users\Administrator\AppData\Local\DuckStation\savestates\HASH-5D381712B6D6EB28_8.sav,other_or_unknown,,0,4,wrapper_candidate,0x801A2074,0x801A2304,656,0,0,7A05B7FC6D7FB20BD8659A5F5ED0F8B4DF0CE3EDDCC99011AFD18CD534872D23,421
C:\Users\Administrator\AppData\Local\DuckStation\savestates\HASH-5D381712B6D6EB28_8.sav,other_or_unknown,,0,4,ui_or_coord_table,0x801A7460,0x801A7860,1024,0,0,6793767453360D1CE46B931D39686EE67C77B99A3928B80F1E9E8598F6350764,855
C:\Users\Administrator\AppData\Local\DuckStation\savestates\HASH-5D381712B6D6EB28_resume.sav,other_or_unknown,,0,4,e2_or_wrapper,0x8018FCD0,0x8018FDC5,245,0,0,4816801FC4700CE9FAE1D2E6537F553ACE63B6B3CD6DB30B9BB4A7D8505BAA3B,131
C:\Users\Administrator\AppData\Local\DuckStation\savestates\HASH-5D381712B6D6EB28_resume.sav,other_or_unknown,,0,4,bank_helper,0x80193B44,0x80193BC4,128,1,1,38723A2E5E8A17AA7950DC008209944E898F69A7BD10A23C839D341E935FD5CA,0
C:\Users\Administrator\AppData\Local\DuckStation\savestates\HASH-5D381712B6D6EB28_resume.sav,other_or_unknown,,0,4,wrapper_candidate,0x801A2074,0x801A2304,656,0,0,7A05B7FC6D7FB20BD8659A5F5ED0F8B4DF0CE3EDDCC99011AFD18CD534872D23,421
C:\Users\Administrator\AppData\Local\DuckStation\savestates\HASH-5D381712B6D6EB28_resume.sav,other_or_unknown,,0,4,ui_or_coord_table,0x801A7460,0x801A7860,1024,0,0,6793767453360D1CE46B931D39686EE67C77B99A3928B80F1E9E8598F6350764,855
C:\Users\Administrator\AppData\Local\DuckStation\savestates\HASH-61AED07119A5524A_1.sav,other_or_unknown,,0,4,e2_or_wrapper,0x8018FCD0,0x8018FDC5,245,0,0,4816801FC4700CE9FAE1D2E6537F553ACE63B6B3CD6DB30B9BB4A7D8505BAA3B,131
C:\Users\Administrator\AppData\Local\DuckStation\savestates\HASH-61AED07119A5524A_1.sav,other_or_unknown,,0,4,bank_helper,0x80193B44,0x80193BC4,128,0,0,B52E175EB6F9441D32F8D8D886529B250143E493A207C4F03C54C9E1C96D78A4,100
C:\Users\Administrator\AppData\Local\DuckStation\savestates\HASH-61AED07119A5524A_1.sav,other_or_unknown,,0,4,wrapper_candidate,0x801A2074,0x801A2304,656,0,0,383715790A2728D924E52648E3024066833BDD4D7E0529A4805DA0374A82916B,392
C:\Users\Administrator\AppData\Local\DuckStation\savestates\HASH-61AED07119A5524A_1.sav,other_or_unknown,,0,4,ui_or_coord_table,0x801A7460,0x801A7860,1024,0,0,7A56DABFAC185758C37F88C94734B3338CA1DE8F7B7B4EC178D64907759E9893,904
C:\Users\Administrator\AppData\Local\DuckStation\savestates\HASH-61AED07119A5524A_2.sav,other_or_unknown,,0,4,e2_or_wrapper,0x8018FCD0,0x8018FDC5,245,0,0,4816801FC4700CE9FAE1D2E6537F553ACE63B6B3CD6DB30B9BB4A7D8505BAA3B,131
C:\Users\Administrator\AppData\Local\DuckStation\savestates\HASH-61AED07119A5524A_2.sav,other_or_unknown,,0,4,bank_helper,0x80193B44,0x80193BC4,128,0,0,B52E175EB6F9441D32F8D8D886529B250143E493A207C4F03C54C9E1C96D78A4,100
C:\Users\Administrator\AppData\Local\DuckStation\savestates\HASH-61AED07119A5524A_2.sav,other_or_unknown,,0,4,wrapper_candidate,0x801A2074,0x801A2304,656,0,0,383715790A2728D924E52648E3024066833BDD4D7E0529A4805DA0374A82916B,392
C:\Users\Administrator\AppData\Local\DuckStation\savestates\HASH-61AED07119A5524A_2.sav,other_or_unknown,,0,4,ui_or_coord_table,0x801A7460,0x801A7860,1024,0,0,7A56DABFAC185758C37F88C94734B3338CA1DE8F7B7B4EC178D64907759E9893,904
C:\Users\Administrator\AppData\Local\DuckStation\savestates\HASH-61AED07119A5524A_3.sav,other_or_unknown,,0,4,e2_or_wrapper,0x8018FCD0,0x8018FDC5,245,0,0,4816801FC4700CE9FAE1D2E6537F553ACE63B6B3CD6DB30B9BB4A7D8505BAA3B,131
C:\Users\Administrator\AppData\Local\DuckStation\savestates\HASH-61AED07119A5524A_3.sav,other_or_unknown,,0,4,bank_helper,0x80193B44,0x80193BC4,128,0,0,B52E175EB6F9441D32F8D8D886529B250143E493A207C4F03C54C9E1C96D78A4,100
C:\Users\Administrator\AppData\Local\DuckStation\savestates\HASH-61AED07119A5524A_3.sav,other_or_unknown,,0,4,wrapper_candidate,0x801A2074,0x801A2304,656,0,0,383715790A2728D924E52648E3024066833BDD4D7E0529A4805DA0374A82916B,392
C:\Users\Administrator\AppData\Local\DuckStation\savestates\HASH-61AED07119A5524A_3.sav,other_or_unknown,,0,4,ui_or_coord_table,0x801A7460,0x801A7860,1024,0,0,7A56DABFAC185758C37F88C94734B3338CA1DE8F7B7B4EC178D64907759E9893,904
C:\Users\Administrator\AppData\Local\DuckStation\savestates\HASH-61AED07119A5524A_resume.sav,other_or_unknown,,0,4,e2_or_wrapper,0x8018FCD0,0x8018FDC5,245,0,0,4816801FC4700CE9FAE1D2E6537F553ACE63B6B3CD6DB30B9BB4A7D8505BAA3B,131
C:\Users\Administrator\AppData\Local\DuckStation\savestates\HASH-61AED07119A5524A_resume.sav,other_or_unknown,,0,4,bank_helper,0x80193B44,0x80193BC4,128,0,0,B52E175EB6F9441D32F8D8D886529B250143E493A207C4F03C54C9E1C96D78A4,100
C:\Users\Administrator\AppData\Local\DuckStation\savestates\HASH-61AED07119A5524A_resume.sav,other_or_unknown,,0,4,wrapper_candidate,0x801A2074,0x801A2304,656,0,0,383715790A2728D924E52648E3024066833BDD4D7E0529A4805DA0374A82916B,392
C:\Users\Administrator\AppData\Local\DuckStation\savestates\HASH-61AED07119A5524A_resume.sav,other_or_unknown,,0,4,ui_or_coord_table,0x801A7460,0x801A7860,1024,0,0,7A56DABFAC185758C37F88C94734B3338CA1DE8F7B7B4EC178D64907759E9893,904
C:\Users\Administrator\AppData\Local\DuckStation\savestates\HASH-622725E02E551B29_resume.sav,other_or_unknown,,0,4,e2_or_wrapper,0x8018FCD0,0x8018FDC5,245,0,0,438FCE6A5A5A4918835D5ED72E5E53EC2E1EB95094E3E10CB871AE9E93DD6855,165
C:\Users\Administrator\AppData\Local\DuckStation\savestates\HASH-622725E02E551B29_resume.sav,other_or_unknown,,0,4,bank_helper,0x80193B44,0x80193BC4,128,1,1,38723A2E5E8A17AA7950DC008209944E898F69A7BD10A23C839D341E935FD5CA,0
C:\Users\Administrator\AppData\Local\DuckStation\savestates\HASH-622725E02E551B29_resume.sav,other_or_unknown,,0,4,wrapper_candidate,0x801A2074,0x801A2304,656,1,1,E06E79CDFEDFC6D6107B945613E65B2DE3A209E40115B9B00AB048D2B91CD7D5,0
C:\Users\Administrator\AppData\Local\DuckStation\savestates\HASH-622725E02E551B29_resume.sav,other_or_unknown,,0,4,ui_or_coord_table,0x801A7460,0x801A7860,1024,1,0,5F70BF18A086007016E948B04AED3B82103A36BEA41755B6CDDFAF10ACE3C6EF,0
C:\Users\Administrator\AppData\Local\DuckStation\savestates\HASH-62D5627E62D29D87_resume.sav,other_or_unknown,,0,4,e2_or_wrapper,0x8018FCD0,0x8018FDC5,245,0,0,4816801FC4700CE9FAE1D2E6537F553ACE63B6B3CD6DB30B9BB4A7D8505BAA3B,131
C:\Users\Administrator\AppData\Local\DuckStation\savestates\HASH-62D5627E62D29D87_resume.sav,other_or_unknown,,0,4,bank_helper,0x80193B44,0x80193BC4,128,1,1,38723A2E5E8A17AA7950DC008209944E898F69A7BD10A23C839D341E935FD5CA,0
C:\Users\Administrator\AppData\Local\DuckStation\savestates\HASH-62D5627E62D29D87_resume.sav,other_or_unknown,,0,4,wrapper_candidate,0x801A2074,0x801A2304,656,0,0,EA8100A258DEBE8CE504716BA0ECE557266B58A45A356D95310879762E9AD4AD,421
C:\Users\Administrator\AppData\Local\DuckStation\savestates\HASH-62D5627E62D29D87_resume.sav,other_or_unknown,,0,4,ui_or_coord_table,0x801A7460,0x801A7860,1024,0,0,D45223CEDC12519CBD8B7C63B381BB6044870265106F1C8646C4F384835417A3,817
C:\Users\Administrator\AppData\Local\DuckStation\savestates\HASH-632D2DC287F41A9F_1.sav,other_or_unknown,,0,4,e2_or_wrapper,0x8018FCD0,0x8018FDC5,245,0,0,4816801FC4700CE9FAE1D2E6537F553ACE63B6B3CD6DB30B9BB4A7D8505BAA3B,131
C:\Users\Administrator\AppData\Local\DuckStation\savestates\HASH-632D2DC287F41A9F_1.sav,other_or_unknown,,0,4,bank_helper,0x80193B44,0x80193BC4,128,1,1,38723A2E5E8A17AA7950DC008209944E898F69A7BD10A23C839D341E935FD5CA,0
C:\Users\Administrator\AppData\Local\DuckStation\savestates\HASH-632D2DC287F41A9F_1.sav,other_or_unknown,,0,4,wrapper_candidate,0x801A2074,0x801A2304,656,1,1,E06E79CDFEDFC6D6107B945613E65B2DE3A209E40115B9B00AB048D2B91CD7D5,0
C:\Users\Administrator\AppData\Local\DuckStation\savestates\HASH-632D2DC287F41A9F_1.sav,other_or_unknown,,0,4,ui_or_coord_table,0x801A7460,0x801A7860,1024,0,0,15BA54950B33EAFCA7D3B9A0693AB182E36B43C9DF68B5194E69137EAFDD92F7,934
C:\Users\Administrator\AppData\Local\DuckStation\savestates\HASH-632D2DC287F41A9F_resume.sav,other_or_unknown,,0,4,e2_or_wrapper,0x8018FCD0,0x8018FDC5,245,0,0,4816801FC4700CE9FAE1D2E6537F553ACE63B6B3CD6DB30B9BB4A7D8505BAA3B,131
C:\Users\Administrator\AppData\Local\DuckStation\savestates\HASH-632D2DC287F41A9F_resume.sav,other_or_unknown,,0,4,bank_helper,0x80193B44,0x80193BC4,128,1,1,38723A2E5E8A17AA7950DC008209944E898F69A7BD10A23C839D341E935FD5CA,0
C:\Users\Administrator\AppData\Local\DuckStation\savestates\HASH-632D2DC287F41A9F_resume.sav,other_or_unknown,,0,4,wrapper_candidate,0x801A2074,0x801A2304,656,1,1,E06E79CDFEDFC6D6107B945613E65B2DE3A209E40115B9B00AB048D2B91CD7D5,0
C:\Users\Administrator\AppData\Local\DuckStation\savestates\HASH-632D2DC287F41A9F_resume.sav,other_or_unknown,,0,4,ui_or_coord_table,0x801A7460,0x801A7860,1024,0,0,15BA54950B33EAFCA7D3B9A0693AB182E36B43C9DF68B5194E69137EAFDD92F7,934
C:\Users\Administrator\AppData\Local\DuckStation\savestates\HASH-654C083DF77828F4_1.sav,other_or_unknown,,0,4,e2_or_wrapper,0x8018FCD0,0x8018FDC5,245,0,0,4816801FC4700CE9FAE1D2E6537F553ACE63B6B3CD6DB30B9BB4A7D8505BAA3B,131
C:\Users\Administrator\AppData\Local\DuckStation\savestates\HASH-654C083DF77828F4_1.sav,other_or_unknown,,0,4,bank_helper,0x80193B44,0x80193BC4,128,1,1,38723A2E5E8A17AA7950DC008209944E898F69A7BD10A23C839D341E935FD5CA,0
C:\Users\Administrator\AppData\Local\DuckStation\savestates\HASH-654C083DF77828F4_1.sav,other_or_unknown,,0,4,wrapper_candidate,0x801A2074,0x801A2304,656,0,0,1E15736151818F3704604741CFF14ED779E87B7A954A9251A29F3DF5D5FFE76D,414
C:\Users\Administrator\AppData\Local\DuckStation\savestates\HASH-654C083DF77828F4_1.sav,other_or_unknown,,0,4,ui_or_coord_table,0x801A7460,0x801A7860,1024,0,0,5E0A5269C4200CAB198436A0E31290031B795805D8668A2C643597580AB0FD97,902
C:\Users\Administrator\AppData\Local\DuckStation\savestates\HASH-654C083DF77828F4_2.sav,other_or_unknown,,0,4,e2_or_wrapper,0x8018FCD0,0x8018FDC5,245,0,0,4816801FC4700CE9FAE1D2E6537F553ACE63B6B3CD6DB30B9BB4A7D8505BAA3B,131
C:\Users\Administrator\AppData\Local\DuckStation\savestates\HASH-654C083DF77828F4_2.sav,other_or_unknown,,0,4,bank_helper,0x80193B44,0x80193BC4,128,1,1,38723A2E5E8A17AA7950DC008209944E898F69A7BD10A23C839D341E935FD5CA,0
C:\Users\Administrator\AppData\Local\DuckStation\savestates\HASH-654C083DF77828F4_2.sav,other_or_unknown,,0,4,wrapper_candidate,0x801A2074,0x801A2304,656,0,0,1E15736151818F3704604741CFF14ED779E87B7A954A9251A29F3DF5D5FFE76D,414
C:\Users\Administrator\AppData\Local\DuckStation\savestates\HASH-654C083DF77828F4_2.sav,other_or_unknown,,0,4,ui_or_coord_table,0x801A7460,0x801A7860,1024,0,0,5E0A5269C4200CAB198436A0E31290031B795805D8668A2C643597580AB0FD97,902
C:\Users\Administrator\AppData\Local\DuckStation\savestates\HASH-654C083DF77828F4_3.sav,other_or_unknown,,0,4,e2_or_wrapper,0x8018FCD0,0x8018FDC5,245,0,0,4816801FC4700CE9FAE1D2E6537F553ACE63B6B3CD6DB30B9BB4A7D8505BAA3B,131
C:\Users\Administrator\AppData\Local\DuckStation\savestates\HASH-654C083DF77828F4_3.sav,other_or_unknown,,0,4,bank_helper,0x80193B44,0x80193BC4,128,1,1,38723A2E5E8A17AA7950DC008209944E898F69A7BD10A23C839D341E935FD5CA,0
C:\Users\Administrator\AppData\Local\DuckStation\savestates\HASH-654C083DF77828F4_3.sav,other_or_unknown,,0,4,wrapper_candidate,0x801A2074,0x801A2304,656,0,0,1E15736151818F3704604741CFF14ED779E87B7A954A9251A29F3DF5D5FFE76D,414
C:\Users\Administrator\AppData\Local\DuckStation\savestates\HASH-654C083DF77828F4_3.sav,other_or_unknown,,0,4,ui_or_coord_table,0x801A7460,0x801A7860,1024,0,0,5E0A5269C4200CAB198436A0E31290031B795805D8668A2C643597580AB0FD97,902
C:\Users\Administrator\AppData\Local\DuckStation\savestates\HASH-654C083DF77828F4_resume.sav,other_or_unknown,,0,4,e2_or_wrapper,0x8018FCD0,0x8018FDC5,245,0,0,4816801FC4700CE9FAE1D2E6537F553ACE63B6B3CD6DB30B9BB4A7D8505BAA3B,131
C:\Users\Administrator\AppData\Local\DuckStation\savestates\HASH-654C083DF77828F4_resume.sav,other_or_unknown,,0,4,bank_helper,0x80193B44,0x80193BC4,128,1,1,38723A2E5E8A17AA7950DC008209944E898F69A7BD10A23C839D341E935FD5CA,0
C:\Users\Administrator\AppData\Local\DuckStation\savestates\HASH-654C083DF77828F4_resume.sav,other_or_unknown,,0,4,wrapper_candidate,0x801A2074,0x801A2304,656,0,0,1E15736151818F3704604741CFF14ED779E87B7A954A9251A29F3DF5D5FFE76D,414
C:\Users\Administrator\AppData\Local\DuckStation\savestates\HASH-654C083DF77828F4_resume.sav,other_or_unknown,,0,4,ui_or_coord_table,0x801A7460,0x801A7860,1024,0,0,5E0A5269C4200CAB198436A0E31290031B795805D8668A2C643597580AB0FD97,902
C:\Users\Administrator\AppData\Local\DuckStation\savestates\HASH-660550AF1F902161_resume.sav,other_or_unknown,,0,4,e2_or_wrapper,0x8018FCD0,0x8018FDC5,245,0,0,4816801FC4700CE9FAE1D2E6537F553ACE63B6B3CD6DB30B9BB4A7D8505BAA3B,131
C:\Users\Administrator\AppData\Local\DuckStation\savestates\HASH-660550AF1F902161_resume.sav,other_or_unknown,,0,4,bank_helper,0x80193B44,0x80193BC4,128,1,1,38723A2E5E8A17AA7950DC008209944E898F69A7BD10A23C839D341E935FD5CA,0
C:\Users\Administrator\AppData\Local\DuckStation\savestates\HASH-660550AF1F902161_resume.sav,other_or_unknown,,0,4,wrapper_candidate,0x801A2074,0x801A2304,656,0,0,49595E59ABD2D0D0807E541A04B5B1AE9CF9FB117C0AA9E186D163A33FBDADD4,415
C:\Users\Administrator\AppData\Local\DuckStation\savestates\HASH-660550AF1F902161_resume.sav,other_or_unknown,,0,4,ui_or_coord_table,0x801A7460,0x801A7860,1024,0,0,35793055E2E6EDF49D8BDCF87E60FACE54A83DC39B330D658ABACBB9D9074BD5,932
C:\Users\Administrator\AppData\Local\DuckStation\savestates\HASH-6615F3E00CA7CACD_resume.sav,other_or_unknown,,0,4,e2_or_wrapper,0x8018FCD0,0x8018FDC5,245,0,0,4816801FC4700CE9FAE1D2E6537F553ACE63B6B3CD6DB30B9BB4A7D8505BAA3B,131
C:\Users\Administrator\AppData\Local\DuckStation\savestates\HASH-6615F3E00CA7CACD_resume.sav,other_or_unknown,,0,4,bank_helper,0x80193B44,0x80193BC4,128,1,1,38723A2E5E8A17AA7950DC008209944E898F69A7BD10A23C839D341E935FD5CA,0
C:\Users\Administrator\AppData\Local\DuckStation\savestates\HASH-6615F3E00CA7CACD_resume.sav,other_or_unknown,,0,4,wrapper_candidate,0x801A2074,0x801A2304,656,0,0,95800A4F37571C1340E834134C0F37184E124AA7BDA4B367E02D4328371A5F94,415
C:\Users\Administrator\AppData\Local\DuckStation\savestates\HASH-6615F3E00CA7CACD_resume.sav,other_or_unknown,,0,4,ui_or_coord_table,0x801A7460,0x801A7860,1024,0,0,8F60FD7E8A15440AF540247D705B6EC4115092E85BC96126D9C8329E4895860E,931
C:\Users\Administrator\AppData\Local\DuckStation\savestates\HASH-667232725CD28BF7_resume.sav,other_or_unknown,,0,4,e2_or_wrapper,0x8018FCD0,0x8018FDC5,245,0,0,4816801FC4700CE9FAE1D2E6537F553ACE63B6B3CD6DB30B9BB4A7D8505BAA3B,131
C:\Users\Administrator\AppData\Local\DuckStation\savestates\HASH-667232725CD28BF7_resume.sav,other_or_unknown,,0,4,bank_helper,0x80193B44,0x80193BC4,128,1,1,38723A2E5E8A17AA7950DC008209944E898F69A7BD10A23C839D341E935FD5CA,0
C:\Users\Administrator\AppData\Local\DuckStation\savestates\HASH-667232725CD28BF7_resume.sav,other_or_unknown,,0,4,wrapper_candidate,0x801A2074,0x801A2304,656,1,1,E06E79CDFEDFC6D6107B945613E65B2DE3A209E40115B9B00AB048D2B91CD7D5,0
C:\Users\Administrator\AppData\Local\DuckStation\savestates\HASH-667232725CD28BF7_resume.sav,other_or_unknown,,0,4,ui_or_coord_table,0x801A7460,0x801A7860,1024,0,0,15BA54950B33EAFCA7D3B9A0693AB182E36B43C9DF68B5194E69137EAFDD92F7,934
C:\Users\Administrator\AppData\Local\DuckStation\savestates\HASH-67E7647AE6F4F4A5_1.sav,other_or_unknown,,0,4,e2_or_wrapper,0x8018FCD0,0x8018FDC5,245,0,0,4816801FC4700CE9FAE1D2E6537F553ACE63B6B3CD6DB30B9BB4A7D8505BAA3B,131
C:\Users\Administrator\AppData\Local\DuckStation\savestates\HASH-67E7647AE6F4F4A5_1.sav,other_or_unknown,,0,4,bank_helper,0x80193B44,0x80193BC4,128,1,1,38723A2E5E8A17AA7950DC008209944E898F69A7BD10A23C839D341E935FD5CA,0
C:\Users\Administrator\AppData\Local\DuckStation\savestates\HASH-67E7647AE6F4F4A5_1.sav,other_or_unknown,,0,4,wrapper_candidate,0x801A2074,0x801A2304,656,0,0,9AC093630A4A34D47A5164B93B93CE8E62AE55B10185086C69D4FDF2A7E342BE,414
C:\Users\Administrator\AppData\Local\DuckStation\savestates\HASH-67E7647AE6F4F4A5_1.sav,other_or_unknown,,0,4,ui_or_coord_table,0x801A7460,0x801A7860,1024,0,0,7A56DABFAC185758C37F88C94734B3338CA1DE8F7B7B4EC178D64907759E9893,904
C:\Users\Administrator\AppData\Local\DuckStation\savestates\HASH-67E7647AE6F4F4A5_2.sav,other_or_unknown,,0,4,e2_or_wrapper,0x8018FCD0,0x8018FDC5,245,0,0,4816801FC4700CE9FAE1D2E6537F553ACE63B6B3CD6DB30B9BB4A7D8505BAA3B,131
C:\Users\Administrator\AppData\Local\DuckStation\savestates\HASH-67E7647AE6F4F4A5_2.sav,other_or_unknown,,0,4,bank_helper,0x80193B44,0x80193BC4,128,1,1,38723A2E5E8A17AA7950DC008209944E898F69A7BD10A23C839D341E935FD5CA,0
C:\Users\Administrator\AppData\Local\DuckStation\savestates\HASH-67E7647AE6F4F4A5_2.sav,other_or_unknown,,0,4,wrapper_candidate,0x801A2074,0x801A2304,656,0,0,9AC093630A4A34D47A5164B93B93CE8E62AE55B10185086C69D4FDF2A7E342BE,414
C:\Users\Administrator\AppData\Local\DuckStation\savestates\HASH-67E7647AE6F4F4A5_2.sav,other_or_unknown,,0,4,ui_or_coord_table,0x801A7460,0x801A7860,1024,0,0,7A56DABFAC185758C37F88C94734B3338CA1DE8F7B7B4EC178D64907759E9893,904
C:\Users\Administrator\AppData\Local\DuckStation\savestates\HASH-67E7647AE6F4F4A5_resume.sav,other_or_unknown,,0,4,e2_or_wrapper,0x8018FCD0,0x8018FDC5,245,0,0,4816801FC4700CE9FAE1D2E6537F553ACE63B6B3CD6DB30B9BB4A7D8505BAA3B,131
C:\Users\Administrator\AppData\Local\DuckStation\savestates\HASH-67E7647AE6F4F4A5_resume.sav,other_or_unknown,,0,4,bank_helper,0x80193B44,0x80193BC4,128,1,1,38723A2E5E8A17AA7950DC008209944E898F69A7BD10A23C839D341E935FD5CA,0
C:\Users\Administrator\AppData\Local\DuckStation\savestates\HASH-67E7647AE6F4F4A5_resume.sav,other_or_unknown,,0,4,wrapper_candidate,0x801A2074,0x801A2304,656,0,0,9AC093630A4A34D47A5164B93B93CE8E62AE55B10185086C69D4FDF2A7E342BE,414
C:\Users\Administrator\AppData\Local\DuckStation\savestates\HASH-67E7647AE6F4F4A5_resume.sav,other_or_unknown,,0,4,ui_or_coord_table,0x801A7460,0x801A7860,1024,0,0,7A56DABFAC185758C37F88C94734B3338CA1DE8F7B7B4EC178D64907759E9893,904
C:\Users\Administrator\AppData\Local\DuckStation\savestates\HASH-67F850B02CF5DC11_resume.sav,other_or_unknown,,0,4,e2_or_wrapper,0x8018FCD0,0x8018FDC5,245,0,0,4816801FC4700CE9FAE1D2E6537F553ACE63B6B3CD6DB30B9BB4A7D8505BAA3B,131
C:\Users\Administrator\AppData\Local\DuckStation\savestates\HASH-67F850B02CF5DC11_resume.sav,other_or_unknown,,0,4,bank_helper,0x80193B44,0x80193BC4,128,1,1,38723A2E5E8A17AA7950DC008209944E898F69A7BD10A23C839D341E935FD5CA,0
C:\Users\Administrator\AppData\Local\DuckStation\savestates\HASH-67F850B02CF5DC11_resume.sav,other_or_unknown,,0,4,wrapper_candidate,0x801A2074,0x801A2304,656,0,0,1E15736151818F3704604741CFF14ED779E87B7A954A9251A29F3DF5D5FFE76D,414
C:\Users\Administrator\AppData\Local\DuckStation\savestates\HASH-67F850B02CF5DC11_resume.sav,other_or_unknown,,0,4,ui_or_coord_table,0x801A7460,0x801A7860,1024,0,0,F8678DF7B42D4AF71DDFFB97AF685D3E1C1A13FDBA544315BE81B98EE7CE3F58,900
C:\Users\Administrator\AppData\Local\DuckStation\savestates\HASH-68DBAAF494B5FF14_1.sav,other_or_unknown,,0,4,e2_or_wrapper,0x8018FCD0,0x8018FDC5,245,0,0,4816801FC4700CE9FAE1D2E6537F553ACE63B6B3CD6DB30B9BB4A7D8505BAA3B,131
C:\Users\Administrator\AppData\Local\DuckStation\savestates\HASH-68DBAAF494B5FF14_1.sav,other_or_unknown,,0,4,bank_helper,0x80193B44,0x80193BC4,128,1,1,38723A2E5E8A17AA7950DC008209944E898F69A7BD10A23C839D341E935FD5CA,0
C:\Users\Administrator\AppData\Local\DuckStation\savestates\HASH-68DBAAF494B5FF14_1.sav,other_or_unknown,,0,4,wrapper_candidate,0x801A2074,0x801A2304,656,0,0,9AC093630A4A34D47A5164B93B93CE8E62AE55B10185086C69D4FDF2A7E342BE,414
C:\Users\Administrator\AppData\Local\DuckStation\savestates\HASH-68DBAAF494B5FF14_1.sav,other_or_unknown,,0,4,ui_or_coord_table,0x801A7460,0x801A7860,1024,0,0,7A56DABFAC185758C37F88C94734B3338CA1DE8F7B7B4EC178D64907759E9893,904
C:\Users\Administrator\AppData\Local\DuckStation\savestates\HASH-68DBAAF494B5FF14_resume.sav,other_or_unknown,,0,4,e2_or_wrapper,0x8018FCD0,0x8018FDC5,245,0,0,4816801FC4700CE9FAE1D2E6537F553ACE63B6B3CD6DB30B9BB4A7D8505BAA3B,131
C:\Users\Administrator\AppData\Local\DuckStation\savestates\HASH-68DBAAF494B5FF14_resume.sav,other_or_unknown,,0,4,bank_helper,0x80193B44,0x80193BC4,128,1,1,38723A2E5E8A17AA7950DC008209944E898F69A7BD10A23C839D341E935FD5CA,0
C:\Users\Administrator\AppData\Local\DuckStation\savestates\HASH-68DBAAF494B5FF14_resume.sav,other_or_unknown,,0,4,wrapper_candidate,0x801A2074,0x801A2304,656,0,0,9AC093630A4A34D47A5164B93B93CE8E62AE55B10185086C69D4FDF2A7E342BE,414
C:\Users\Administrator\AppData\Local\DuckStation\savestates\HASH-68DBAAF494B5FF14_resume.sav,other_or_unknown,,0,4,ui_or_coord_table,0x801A7460,0x801A7860,1024,0,0,7A56DABFAC185758C37F88C94734B3338CA1DE8F7B7B4EC178D64907759E9893,904
C:\Users\Administrator\AppData\Local\DuckStation\savestates\HASH-6986A6A46867D5D7_1.sav,other_or_unknown,,0,4,e2_or_wrapper,0x8018FCD0,0x8018FDC5,245,0,0,4816801FC4700CE9FAE1D2E6537F553ACE63B6B3CD6DB30B9BB4A7D8505BAA3B,131
C:\Users\Administrator\AppData\Local\DuckStation\savestates\HASH-6986A6A46867D5D7_1.sav,other_or_unknown,,0,4,bank_helper,0x80193B44,0x80193BC4,128,1,1,38723A2E5E8A17AA7950DC008209944E898F69A7BD10A23C839D341E935FD5CA,0
C:\Users\Administrator\AppData\Local\DuckStation\savestates\HASH-6986A6A46867D5D7_1.sav,other_or_unknown,,0,4,wrapper_candidate,0x801A2074,0x801A2304,656,0,0,1E15736151818F3704604741CFF14ED779E87B7A954A9251A29F3DF5D5FFE76D,414
C:\Users\Administrator\AppData\Local\DuckStation\savestates\HASH-6986A6A46867D5D7_1.sav,other_or_unknown,,0,4,ui_or_coord_table,0x801A7460,0x801A7860,1024,0,0,5E0A5269C4200CAB198436A0E31290031B795805D8668A2C643597580AB0FD97,902
C:\Users\Administrator\AppData\Local\DuckStation\savestates\HASH-6986A6A46867D5D7_2.sav,other_or_unknown,,0,4,e2_or_wrapper,0x8018FCD0,0x8018FDC5,245,0,0,4816801FC4700CE9FAE1D2E6537F553ACE63B6B3CD6DB30B9BB4A7D8505BAA3B,131
C:\Users\Administrator\AppData\Local\DuckStation\savestates\HASH-6986A6A46867D5D7_2.sav,other_or_unknown,,0,4,bank_helper,0x80193B44,0x80193BC4,128,1,1,38723A2E5E8A17AA7950DC008209944E898F69A7BD10A23C839D341E935FD5CA,0
C:\Users\Administrator\AppData\Local\DuckStation\savestates\HASH-6986A6A46867D5D7_2.sav,other_or_unknown,,0,4,wrapper_candidate,0x801A2074,0x801A2304,656,0,0,1E15736151818F3704604741CFF14ED779E87B7A954A9251A29F3DF5D5FFE76D,414
C:\Users\Administrator\AppData\Local\DuckStation\savestates\HASH-6986A6A46867D5D7_2.sav,other_or_unknown,,0,4,ui_or_coord_table,0x801A7460,0x801A7860,1024,0,0,5E0A5269C4200CAB198436A0E31290031B795805D8668A2C643597580AB0FD97,902
C:\Users\Administrator\AppData\Local\DuckStation\savestates\HASH-6986A6A46867D5D7_3.sav,other_or_unknown,,0,4,e2_or_wrapper,0x8018FCD0,0x8018FDC5,245,0,0,4816801FC4700CE9FAE1D2E6537F553ACE63B6B3CD6DB30B9BB4A7D8505BAA3B,131
C:\Users\Administrator\AppData\Local\DuckStation\savestates\HASH-6986A6A46867D5D7_3.sav,other_or_unknown,,0,4,bank_helper,0x80193B44,0x80193BC4,128,1,1,38723A2E5E8A17AA7950DC008209944E898F69A7BD10A23C839D341E935FD5CA,0
C:\Users\Administrator\AppData\Local\DuckStation\savestates\HASH-6986A6A46867D5D7_3.sav,other_or_unknown,,0,4,wrapper_candidate,0x801A2074,0x801A2304,656,0,0,1E15736151818F3704604741CFF14ED779E87B7A954A9251A29F3DF5D5FFE76D,414
C:\Users\Administrator\AppData\Local\DuckStation\savestates\HASH-6986A6A46867D5D7_3.sav,other_or_unknown,,0,4,ui_or_coord_table,0x801A7460,0x801A7860,1024,0,0,5E0A5269C4200CAB198436A0E31290031B795805D8668A2C643597580AB0FD97,902
C:\Users\Administrator\AppData\Local\DuckStation\savestates\HASH-6986A6A46867D5D7_4.sav,other_or_unknown,,0,4,e2_or_wrapper,0x8018FCD0,0x8018FDC5,245,0,0,4816801FC4700CE9FAE1D2E6537F553ACE63B6B3CD6DB30B9BB4A7D8505BAA3B,131
C:\Users\Administrator\AppData\Local\DuckStation\savestates\HASH-6986A6A46867D5D7_4.sav,other_or_unknown,,0,4,bank_helper,0x80193B44,0x80193BC4,128,1,1,38723A2E5E8A17AA7950DC008209944E898F69A7BD10A23C839D341E935FD5CA,0
C:\Users\Administrator\AppData\Local\DuckStation\savestates\HASH-6986A6A46867D5D7_4.sav,other_or_unknown,,0,4,wrapper_candidate,0x801A2074,0x801A2304,656,0,0,1E15736151818F3704604741CFF14ED779E87B7A954A9251A29F3DF5D5FFE76D,414
C:\Users\Administrator\AppData\Local\DuckStation\savestates\HASH-6986A6A46867D5D7_4.sav,other_or_unknown,,0,4,ui_or_coord_table,0x801A7460,0x801A7860,1024,0,0,5E0A5269C4200CAB198436A0E31290031B795805D8668A2C643597580AB0FD97,902
C:\Users\Administrator\AppData\Local\DuckStation\savestates\HASH-6986A6A46867D5D7_5.sav,other_or_unknown,,0,4,e2_or_wrapper,0x8018FCD0,0x8018FDC5,245,0,0,4816801FC4700CE9FAE1D2E6537F553ACE63B6B3CD6DB30B9BB4A7D8505BAA3B,131
C:\Users\Administrator\AppData\Local\DuckStation\savestates\HASH-6986A6A46867D5D7_5.sav,other_or_unknown,,0,4,bank_helper,0x80193B44,0x80193BC4,128,1,1,38723A2E5E8A17AA7950DC008209944E898F69A7BD10A23C839D341E935FD5CA,0
C:\Users\Administrator\AppData\Local\DuckStation\savestates\HASH-6986A6A46867D5D7_5.sav,other_or_unknown,,0,4,wrapper_candidate,0x801A2074,0x801A2304,656,0,0,1E15736151818F3704604741CFF14ED779E87B7A954A9251A29F3DF5D5FFE76D,414
C:\Users\Administrator\AppData\Local\DuckStation\savestates\HASH-6986A6A46867D5D7_5.sav,other_or_unknown,,0,4,ui_or_coord_table,0x801A7460,0x801A7860,1024,0,0,5E0A5269C4200CAB198436A0E31290031B795805D8668A2C643597580AB0FD97,902
C:\Users\Administrator\AppData\Local\DuckStation\savestates\HASH-6986A6A46867D5D7_6.sav,other_or_unknown,,0,4,e2_or_wrapper,0x8018FCD0,0x8018FDC5,245,0,0,4816801FC4700CE9FAE1D2E6537F553ACE63B6B3CD6DB30B9BB4A7D8505BAA3B,131
C:\Users\Administrator\AppData\Local\DuckStation\savestates\HASH-6986A6A46867D5D7_6.sav,other_or_unknown,,0,4,bank_helper,0x80193B44,0x80193BC4,128,1,1,38723A2E5E8A17AA7950DC008209944E898F69A7BD10A23C839D341E935FD5CA,0
C:\Users\Administrator\AppData\Local\DuckStation\savestates\HASH-6986A6A46867D5D7_6.sav,other_or_unknown,,0,4,wrapper_candidate,0x801A2074,0x801A2304,656,0,0,1E15736151818F3704604741CFF14ED779E87B7A954A9251A29F3DF5D5FFE76D,414
C:\Users\Administrator\AppData\Local\DuckStation\savestates\HASH-6986A6A46867D5D7_6.sav,other_or_unknown,,0,4,ui_or_coord_table,0x801A7460,0x801A7860,1024,0,0,5E0A5269C4200CAB198436A0E31290031B795805D8668A2C643597580AB0FD97,902
C:\Users\Administrator\AppData\Local\DuckStation\savestates\HASH-6986A6A46867D5D7_7.sav,other_or_unknown,,0,4,e2_or_wrapper,0x8018FCD0,0x8018FDC5,245,0,0,4816801FC4700CE9FAE1D2E6537F553ACE63B6B3CD6DB30B9BB4A7D8505BAA3B,131
C:\Users\Administrator\AppData\Local\DuckStation\savestates\HASH-6986A6A46867D5D7_7.sav,other_or_unknown,,0,4,bank_helper,0x80193B44,0x80193BC4,128,1,1,38723A2E5E8A17AA7950DC008209944E898F69A7BD10A23C839D341E935FD5CA,0
C:\Users\Administrator\AppData\Local\DuckStation\savestates\HASH-6986A6A46867D5D7_7.sav,other_or_unknown,,0,4,wrapper_candidate,0x801A2074,0x801A2304,656,0,0,1E15736151818F3704604741CFF14ED779E87B7A954A9251A29F3DF5D5FFE76D,414
C:\Users\Administrator\AppData\Local\DuckStation\savestates\HASH-6986A6A46867D5D7_7.sav,other_or_unknown,,0,4,ui_or_coord_table,0x801A7460,0x801A7860,1024,0,0,5E0A5269C4200CAB198436A0E31290031B795805D8668A2C643597580AB0FD97,902
C:\Users\Administrator\AppData\Local\DuckStation\savestates\HASH-6986A6A46867D5D7_8.sav,other_or_unknown,,0,4,e2_or_wrapper,0x8018FCD0,0x8018FDC5,245,0,0,4816801FC4700CE9FAE1D2E6537F553ACE63B6B3CD6DB30B9BB4A7D8505BAA3B,131
C:\Users\Administrator\AppData\Local\DuckStation\savestates\HASH-6986A6A46867D5D7_8.sav,other_or_unknown,,0,4,bank_helper,0x80193B44,0x80193BC4,128,1,1,38723A2E5E8A17AA7950DC008209944E898F69A7BD10A23C839D341E935FD5CA,0
C:\Users\Administrator\AppData\Local\DuckStation\savestates\HASH-6986A6A46867D5D7_8.sav,other_or_unknown,,0,4,wrapper_candidate,0x801A2074,0x801A2304,656,0,0,1E15736151818F3704604741CFF14ED779E87B7A954A9251A29F3DF5D5FFE76D,414
C:\Users\Administrator\AppData\Local\DuckStation\savestates\HASH-6986A6A46867D5D7_8.sav,other_or_unknown,,0,4,ui_or_coord_table,0x801A7460,0x801A7860,1024,0,0,5E0A5269C4200CAB198436A0E31290031B795805D8668A2C643597580AB0FD97,902
C:\Users\Administrator\AppData\Local\DuckStation\savestates\HASH-6986A6A46867D5D7_resume.sav,other_or_unknown,,0,4,e2_or_wrapper,0x8018FCD0,0x8018FDC5,245,0,0,4816801FC4700CE9FAE1D2E6537F553ACE63B6B3CD6DB30B9BB4A7D8505BAA3B,131
C:\Users\Administrator\AppData\Local\DuckStation\savestates\HASH-6986A6A46867D5D7_resume.sav,other_or_unknown,,0,4,bank_helper,0x80193B44,0x80193BC4,128,1,1,38723A2E5E8A17AA7950DC008209944E898F69A7BD10A23C839D341E935FD5CA,0
C:\Users\Administrator\AppData\Local\DuckStation\savestates\HASH-6986A6A46867D5D7_resume.sav,other_or_unknown,,0,4,wrapper_candidate,0x801A2074,0x801A2304,656,0,0,1E15736151818F3704604741CFF14ED779E87B7A954A9251A29F3DF5D5FFE76D,414
C:\Users\Administrator\AppData\Local\DuckStation\savestates\HASH-6986A6A46867D5D7_resume.sav,other_or_unknown,,0,4,ui_or_coord_table,0x801A7460,0x801A7860,1024,0,0,5E0A5269C4200CAB198436A0E31290031B795805D8668A2C643597580AB0FD97,902
C:\Users\Administrator\AppData\Local\DuckStation\savestates\HASH-6C0A179B61482CC7_1.sav,other_or_unknown,,0,4,e2_or_wrapper,0x8018FCD0,0x8018FDC5,245,0,0,4816801FC4700CE9FAE1D2E6537F553ACE63B6B3CD6DB30B9BB4A7D8505BAA3B,131
C:\Users\Administrator\AppData\Local\DuckStation\savestates\HASH-6C0A179B61482CC7_1.sav,other_or_unknown,,0,4,bank_helper,0x80193B44,0x80193BC4,128,1,1,38723A2E5E8A17AA7950DC008209944E898F69A7BD10A23C839D341E935FD5CA,0
C:\Users\Administrator\AppData\Local\DuckStation\savestates\HASH-6C0A179B61482CC7_1.sav,other_or_unknown,,0,4,wrapper_candidate,0x801A2074,0x801A2304,656,0,0,B612497C556A8EF84008900934595AEE18AF2468D6DDD5A3967851A27E05FCFD,414
C:\Users\Administrator\AppData\Local\DuckStation\savestates\HASH-6C0A179B61482CC7_1.sav,other_or_unknown,,0,4,ui_or_coord_table,0x801A7460,0x801A7860,1024,0,0,7A56DABFAC185758C37F88C94734B3338CA1DE8F7B7B4EC178D64907759E9893,904
C:\Users\Administrator\AppData\Local\DuckStation\savestates\HASH-6C0A179B61482CC7_2.sav,other_or_unknown,,0,4,e2_or_wrapper,0x8018FCD0,0x8018FDC5,245,0,0,4816801FC4700CE9FAE1D2E6537F553ACE63B6B3CD6DB30B9BB4A7D8505BAA3B,131
C:\Users\Administrator\AppData\Local\DuckStation\savestates\HASH-6C0A179B61482CC7_2.sav,other_or_unknown,,0,4,bank_helper,0x80193B44,0x80193BC4,128,1,1,38723A2E5E8A17AA7950DC008209944E898F69A7BD10A23C839D341E935FD5CA,0
C:\Users\Administrator\AppData\Local\DuckStation\savestates\HASH-6C0A179B61482CC7_2.sav,other_or_unknown,,0,4,wrapper_candidate,0x801A2074,0x801A2304,656,0,0,B612497C556A8EF84008900934595AEE18AF2468D6DDD5A3967851A27E05FCFD,414
C:\Users\Administrator\AppData\Local\DuckStation\savestates\HASH-6C0A179B61482CC7_2.sav,other_or_unknown,,0,4,ui_or_coord_table,0x801A7460,0x801A7860,1024,0,0,7A56DABFAC185758C37F88C94734B3338CA1DE8F7B7B4EC178D64907759E9893,904
C:\Users\Administrator\AppData\Local\DuckStation\savestates\HASH-6C0A179B61482CC7_3.sav,other_or_unknown,,0,4,e2_or_wrapper,0x8018FCD0,0x8018FDC5,245,0,0,4816801FC4700CE9FAE1D2E6537F553ACE63B6B3CD6DB30B9BB4A7D8505BAA3B,131
C:\Users\Administrator\AppData\Local\DuckStation\savestates\HASH-6C0A179B61482CC7_3.sav,other_or_unknown,,0,4,bank_helper,0x80193B44,0x80193BC4,128,1,1,38723A2E5E8A17AA7950DC008209944E898F69A7BD10A23C839D341E935FD5CA,0
C:\Users\Administrator\AppData\Local\DuckStation\savestates\HASH-6C0A179B61482CC7_3.sav,other_or_unknown,,0,4,wrapper_candidate,0x801A2074,0x801A2304,656,0,0,79104CF4AA8578A80FD1ED29B193E30D5034D337835D2004EFD400F5B41C2D87,392
C:\Users\Administrator\AppData\Local\DuckStation\savestates\HASH-6C0A179B61482CC7_3.sav,other_or_unknown,,0,4,ui_or_coord_table,0x801A7460,0x801A7860,1024,0,0,7A56DABFAC185758C37F88C94734B3338CA1DE8F7B7B4EC178D64907759E9893,904
C:\Users\Administrator\AppData\Local\DuckStation\savestates\HASH-6C0A179B61482CC7_4.sav,other_or_unknown,,0,4,e2_or_wrapper,0x8018FCD0,0x8018FDC5,245,0,0,4816801FC4700CE9FAE1D2E6537F553ACE63B6B3CD6DB30B9BB4A7D8505BAA3B,131
C:\Users\Administrator\AppData\Local\DuckStation\savestates\HASH-6C0A179B61482CC7_4.sav,other_or_unknown,,0,4,bank_helper,0x80193B44,0x80193BC4,128,1,1,38723A2E5E8A17AA7950DC008209944E898F69A7BD10A23C839D341E935FD5CA,0
C:\Users\Administrator\AppData\Local\DuckStation\savestates\HASH-6C0A179B61482CC7_4.sav,other_or_unknown,,0,4,wrapper_candidate,0x801A2074,0x801A2304,656,0,0,79104CF4AA8578A80FD1ED29B193E30D5034D337835D2004EFD400F5B41C2D87,392
C:\Users\Administrator\AppData\Local\DuckStation\savestates\HASH-6C0A179B61482CC7_4.sav,other_or_unknown,,0,4,ui_or_coord_table,0x801A7460,0x801A7860,1024,0,0,7A56DABFAC185758C37F88C94734B3338CA1DE8F7B7B4EC178D64907759E9893,904
C:\Users\Administrator\AppData\Local\DuckStation\savestates\HASH-6C0A179B61482CC7_resume.sav,other_or_unknown,,0,4,e2_or_wrapper,0x8018FCD0,0x8018FDC5,245,0,0,4816801FC4700CE9FAE1D2E6537F553ACE63B6B3CD6DB30B9BB4A7D8505BAA3B,131
C:\Users\Administrator\AppData\Local\DuckStation\savestates\HASH-6C0A179B61482CC7_resume.sav,other_or_unknown,,0,4,bank_helper,0x80193B44,0x80193BC4,128,1,1,38723A2E5E8A17AA7950DC008209944E898F69A7BD10A23C839D341E935FD5CA,0
C:\Users\Administrator\AppData\Local\DuckStation\savestates\HASH-6C0A179B61482CC7_resume.sav,other_or_unknown,,0,4,wrapper_candidate,0x801A2074,0x801A2304,656,0,0,79104CF4AA8578A80FD1ED29B193E30D5034D337835D2004EFD400F5B41C2D87,392
C:\Users\Administrator\AppData\Local\DuckStation\savestates\HASH-6C0A179B61482CC7_resume.sav,other_or_unknown,,0,4,ui_or_coord_table,0x801A7460,0x801A7860,1024,0,0,7A56DABFAC185758C37F88C94734B3338CA1DE8F7B7B4EC178D64907759E9893,904
C:\Users\Administrator\AppData\Local\DuckStation\savestates\HASH-7092C369EFE876FE_1.sav,other_or_unknown,,0,4,e2_or_wrapper,0x8018FCD0,0x8018FDC5,245,0,0,4816801FC4700CE9FAE1D2E6537F553ACE63B6B3CD6DB30B9BB4A7D8505BAA3B,131
C:\Users\Administrator\AppData\Local\DuckStation\savestates\HASH-7092C369EFE876FE_1.sav,other_or_unknown,,0,4,bank_helper,0x80193B44,0x80193BC4,128,1,1,38723A2E5E8A17AA7950DC008209944E898F69A7BD10A23C839D341E935FD5CA,0
C:\Users\Administrator\AppData\Local\DuckStation\savestates\HASH-7092C369EFE876FE_1.sav,other_or_unknown,,0,4,wrapper_candidate,0x801A2074,0x801A2304,656,0,0,BE786B5039BD987877E1D41F5A72B3745F29480E14B0856C1896D36F13C24E92,353
C:\Users\Administrator\AppData\Local\DuckStation\savestates\HASH-7092C369EFE876FE_1.sav,other_or_unknown,,0,4,ui_or_coord_table,0x801A7460,0x801A7860,1024,0,0,426E9DDCC33664FAE1E5A48AD8C10328E56E686647E5E675A44C9643701EFEC2,932
C:\Users\Administrator\AppData\Local\DuckStation\savestates\HASH-7092C369EFE876FE_2.sav,other_or_unknown,,0,4,e2_or_wrapper,0x8018FCD0,0x8018FDC5,245,0,0,4816801FC4700CE9FAE1D2E6537F553ACE63B6B3CD6DB30B9BB4A7D8505BAA3B,131
C:\Users\Administrator\AppData\Local\DuckStation\savestates\HASH-7092C369EFE876FE_2.sav,other_or_unknown,,0,4,bank_helper,0x80193B44,0x80193BC4,128,1,1,38723A2E5E8A17AA7950DC008209944E898F69A7BD10A23C839D341E935FD5CA,0
C:\Users\Administrator\AppData\Local\DuckStation\savestates\HASH-7092C369EFE876FE_2.sav,other_or_unknown,,0,4,wrapper_candidate,0x801A2074,0x801A2304,656,0,0,BE786B5039BD987877E1D41F5A72B3745F29480E14B0856C1896D36F13C24E92,353
C:\Users\Administrator\AppData\Local\DuckStation\savestates\HASH-7092C369EFE876FE_2.sav,other_or_unknown,,0,4,ui_or_coord_table,0x801A7460,0x801A7860,1024,0,0,426E9DDCC33664FAE1E5A48AD8C10328E56E686647E5E675A44C9643701EFEC2,932
C:\Users\Administrator\AppData\Local\DuckStation\savestates\HASH-7092C369EFE876FE_resume.sav,other_or_unknown,,0,4,e2_or_wrapper,0x8018FCD0,0x8018FDC5,245,0,0,4816801FC4700CE9FAE1D2E6537F553ACE63B6B3CD6DB30B9BB4A7D8505BAA3B,131
C:\Users\Administrator\AppData\Local\DuckStation\savestates\HASH-7092C369EFE876FE_resume.sav,other_or_unknown,,0,4,bank_helper,0x80193B44,0x80193BC4,128,1,1,38723A2E5E8A17AA7950DC008209944E898F69A7BD10A23C839D341E935FD5CA,0
C:\Users\Administrator\AppData\Local\DuckStation\savestates\HASH-7092C369EFE876FE_resume.sav,other_or_unknown,,0,4,wrapper_candidate,0x801A2074,0x801A2304,656,0,0,BE786B5039BD987877E1D41F5A72B3745F29480E14B0856C1896D36F13C24E92,353
C:\Users\Administrator\AppData\Local\DuckStation\savestates\HASH-7092C369EFE876FE_resume.sav,other_or_unknown,,0,4,ui_or_coord_table,0x801A7460,0x801A7860,1024,0,0,426E9DDCC33664FAE1E5A48AD8C10328E56E686647E5E675A44C9643701EFEC2,932
C:\Users\Administrator\AppData\Local\DuckStation\savestates\HASH-75F73A7503F8CC0_1.sav,other_or_unknown,,0,4,e2_or_wrapper,0x8018FCD0,0x8018FDC5,245,0,0,4816801FC4700CE9FAE1D2E6537F553ACE63B6B3CD6DB30B9BB4A7D8505BAA3B,131
C:\Users\Administrator\AppData\Local\DuckStation\savestates\HASH-75F73A7503F8CC0_1.sav,other_or_unknown,,0,4,bank_helper,0x80193B44,0x80193BC4,128,0,0,0F1C2B62112BFAF43E7D57267A71D0304BDC7A82CA58C1B342059D29FA314E60,108
C:\Users\Administrator\AppData\Local\DuckStation\savestates\HASH-75F73A7503F8CC0_1.sav,other_or_unknown,,0,4,wrapper_candidate,0x801A2074,0x801A2304,656,0,0,AA37E903553B72834312E8F16BCAC7145E4C625BB460768B38912FEA9D77C1EC,414
C:\Users\Administrator\AppData\Local\DuckStation\savestates\HASH-75F73A7503F8CC0_1.sav,other_or_unknown,,0,4,ui_or_coord_table,0x801A7460,0x801A7860,1024,0,0,8F60FD7E8A15440AF540247D705B6EC4115092E85BC96126D9C8329E4895860E,931
C:\Users\Administrator\AppData\Local\DuckStation\savestates\HASH-75F73A7503F8CC0_2.sav,other_or_unknown,,0,4,e2_or_wrapper,0x8018FCD0,0x8018FDC5,245,0,0,4816801FC4700CE9FAE1D2E6537F553ACE63B6B3CD6DB30B9BB4A7D8505BAA3B,131
C:\Users\Administrator\AppData\Local\DuckStation\savestates\HASH-75F73A7503F8CC0_2.sav,other_or_unknown,,0,4,bank_helper,0x80193B44,0x80193BC4,128,0,0,0F1C2B62112BFAF43E7D57267A71D0304BDC7A82CA58C1B342059D29FA314E60,108
C:\Users\Administrator\AppData\Local\DuckStation\savestates\HASH-75F73A7503F8CC0_2.sav,other_or_unknown,,0,4,wrapper_candidate,0x801A2074,0x801A2304,656,0,0,AA37E903553B72834312E8F16BCAC7145E4C625BB460768B38912FEA9D77C1EC,414
C:\Users\Administrator\AppData\Local\DuckStation\savestates\HASH-75F73A7503F8CC0_2.sav,other_or_unknown,,0,4,ui_or_coord_table,0x801A7460,0x801A7860,1024,0,0,8F60FD7E8A15440AF540247D705B6EC4115092E85BC96126D9C8329E4895860E,931
C:\Users\Administrator\AppData\Local\DuckStation\savestates\HASH-75F73A7503F8CC0_3.sav,other_or_unknown,,0,4,e2_or_wrapper,0x8018FCD0,0x8018FDC5,245,0,0,4816801FC4700CE9FAE1D2E6537F553ACE63B6B3CD6DB30B9BB4A7D8505BAA3B,131
C:\Users\Administrator\AppData\Local\DuckStation\savestates\HASH-75F73A7503F8CC0_3.sav,other_or_unknown,,0,4,bank_helper,0x80193B44,0x80193BC4,128,0,0,0F1C2B62112BFAF43E7D57267A71D0304BDC7A82CA58C1B342059D29FA314E60,108
C:\Users\Administrator\AppData\Local\DuckStation\savestates\HASH-75F73A7503F8CC0_3.sav,other_or_unknown,,0,4,wrapper_candidate,0x801A2074,0x801A2304,656,0,0,AA37E903553B72834312E8F16BCAC7145E4C625BB460768B38912FEA9D77C1EC,414
C:\Users\Administrator\AppData\Local\DuckStation\savestates\HASH-75F73A7503F8CC0_3.sav,other_or_unknown,,0,4,ui_or_coord_table,0x801A7460,0x801A7860,1024,0,0,8F60FD7E8A15440AF540247D705B6EC4115092E85BC96126D9C8329E4895860E,931
C:\Users\Administrator\AppData\Local\DuckStation\savestates\HASH-75F73A7503F8CC0_resume.sav,other_or_unknown,,0,4,e2_or_wrapper,0x8018FCD0,0x8018FDC5,245,0,0,4816801FC4700CE9FAE1D2E6537F553ACE63B6B3CD6DB30B9BB4A7D8505BAA3B,131
C:\Users\Administrator\AppData\Local\DuckStation\savestates\HASH-75F73A7503F8CC0_resume.sav,other_or_unknown,,0,4,bank_helper,0x80193B44,0x80193BC4,128,0,0,0F1C2B62112BFAF43E7D57267A71D0304BDC7A82CA58C1B342059D29FA314E60,108
C:\Users\Administrator\AppData\Local\DuckStation\savestates\HASH-75F73A7503F8CC0_resume.sav,other_or_unknown,,0,4,wrapper_candidate,0x801A2074,0x801A2304,656,0,0,AA37E903553B72834312E8F16BCAC7145E4C625BB460768B38912FEA9D77C1EC,414
C:\Users\Administrator\AppData\Local\DuckStation\savestates\HASH-75F73A7503F8CC0_resume.sav,other_or_unknown,,0,4,ui_or_coord_table,0x801A7460,0x801A7860,1024,0,0,8F60FD7E8A15440AF540247D705B6EC4115092E85BC96126D9C8329E4895860E,931
C:\Users\Administrator\AppData\Local\DuckStation\savestates\HASH-7BE40C1F98F21B61_1.sav,other_or_unknown,,0,4,e2_or_wrapper,0x8018FCD0,0x8018FDC5,245,0,0,4816801FC4700CE9FAE1D2E6537F553ACE63B6B3CD6DB30B9BB4A7D8505BAA3B,131
C:\Users\Administrator\AppData\Local\DuckStation\savestates\HASH-7BE40C1F98F21B61_1.sav,other_or_unknown,,0,4,bank_helper,0x80193B44,0x80193BC4,128,1,1,38723A2E5E8A17AA7950DC008209944E898F69A7BD10A23C839D341E935FD5CA,0
C:\Users\Administrator\AppData\Local\DuckStation\savestates\HASH-7BE40C1F98F21B61_1.sav,other_or_unknown,,0,4,wrapper_candidate,0x801A2074,0x801A2304,656,0,0,1E15736151818F3704604741CFF14ED779E87B7A954A9251A29F3DF5D5FFE76D,414
C:\Users\Administrator\AppData\Local\DuckStation\savestates\HASH-7BE40C1F98F21B61_1.sav,other_or_unknown,,0,4,ui_or_coord_table,0x801A7460,0x801A7860,1024,0,0,CFA9BDD358BC30B2EB3347F977B686411EC7CBE4B8D14746AFDD6AEA9E33AFEC,902
C:\Users\Administrator\AppData\Local\DuckStation\savestates\HASH-7BE40C1F98F21B61_2.sav,other_or_unknown,,0,4,e2_or_wrapper,0x8018FCD0,0x8018FDC5,245,0,0,4816801FC4700CE9FAE1D2E6537F553ACE63B6B3CD6DB30B9BB4A7D8505BAA3B,131
C:\Users\Administrator\AppData\Local\DuckStation\savestates\HASH-7BE40C1F98F21B61_2.sav,other_or_unknown,,0,4,bank_helper,0x80193B44,0x80193BC4,128,1,1,38723A2E5E8A17AA7950DC008209944E898F69A7BD10A23C839D341E935FD5CA,0
C:\Users\Administrator\AppData\Local\DuckStation\savestates\HASH-7BE40C1F98F21B61_2.sav,other_or_unknown,,0,4,wrapper_candidate,0x801A2074,0x801A2304,656,0,0,1E15736151818F3704604741CFF14ED779E87B7A954A9251A29F3DF5D5FFE76D,414
C:\Users\Administrator\AppData\Local\DuckStation\savestates\HASH-7BE40C1F98F21B61_2.sav,other_or_unknown,,0,4,ui_or_coord_table,0x801A7460,0x801A7860,1024,0,0,CFA9BDD358BC30B2EB3347F977B686411EC7CBE4B8D14746AFDD6AEA9E33AFEC,902
C:\Users\Administrator\AppData\Local\DuckStation\savestates\HASH-7BE40C1F98F21B61_3.sav,other_or_unknown,,0,4,e2_or_wrapper,0x8018FCD0,0x8018FDC5,245,0,0,4816801FC4700CE9FAE1D2E6537F553ACE63B6B3CD6DB30B9BB4A7D8505BAA3B,131
C:\Users\Administrator\AppData\Local\DuckStation\savestates\HASH-7BE40C1F98F21B61_3.sav,other_or_unknown,,0,4,bank_helper,0x80193B44,0x80193BC4,128,1,1,38723A2E5E8A17AA7950DC008209944E898F69A7BD10A23C839D341E935FD5CA,0
C:\Users\Administrator\AppData\Local\DuckStation\savestates\HASH-7BE40C1F98F21B61_3.sav,other_or_unknown,,0,4,wrapper_candidate,0x801A2074,0x801A2304,656,0,0,1E15736151818F3704604741CFF14ED779E87B7A954A9251A29F3DF5D5FFE76D,414
C:\Users\Administrator\AppData\Local\DuckStation\savestates\HASH-7BE40C1F98F21B61_3.sav,other_or_unknown,,0,4,ui_or_coord_table,0x801A7460,0x801A7860,1024,0,0,CFA9BDD358BC30B2EB3347F977B686411EC7CBE4B8D14746AFDD6AEA9E33AFEC,902
C:\Users\Administrator\AppData\Local\DuckStation\savestates\HASH-7BE40C1F98F21B61_4.sav,other_or_unknown,,0,4,e2_or_wrapper,0x8018FCD0,0x8018FDC5,245,0,0,4816801FC4700CE9FAE1D2E6537F553ACE63B6B3CD6DB30B9BB4A7D8505BAA3B,131
C:\Users\Administrator\AppData\Local\DuckStation\savestates\HASH-7BE40C1F98F21B61_4.sav,other_or_unknown,,0,4,bank_helper,0x80193B44,0x80193BC4,128,1,1,38723A2E5E8A17AA7950DC008209944E898F69A7BD10A23C839D341E935FD5CA,0
C:\Users\Administrator\AppData\Local\DuckStation\savestates\HASH-7BE40C1F98F21B61_4.sav,other_or_unknown,,0,4,wrapper_candidate,0x801A2074,0x801A2304,656,0,0,1E15736151818F3704604741CFF14ED779E87B7A954A9251A29F3DF5D5FFE76D,414
C:\Users\Administrator\AppData\Local\DuckStation\savestates\HASH-7BE40C1F98F21B61_4.sav,other_or_unknown,,0,4,ui_or_coord_table,0x801A7460,0x801A7860,1024,0,0,CFA9BDD358BC30B2EB3347F977B686411EC7CBE4B8D14746AFDD6AEA9E33AFEC,902
C:\Users\Administrator\AppData\Local\DuckStation\savestates\HASH-7BE40C1F98F21B61_5.sav,other_or_unknown,,0,4,e2_or_wrapper,0x8018FCD0,0x8018FDC5,245,0,0,4816801FC4700CE9FAE1D2E6537F553ACE63B6B3CD6DB30B9BB4A7D8505BAA3B,131
C:\Users\Administrator\AppData\Local\DuckStation\savestates\HASH-7BE40C1F98F21B61_5.sav,other_or_unknown,,0,4,bank_helper,0x80193B44,0x80193BC4,128,1,1,38723A2E5E8A17AA7950DC008209944E898F69A7BD10A23C839D341E935FD5CA,0
C:\Users\Administrator\AppData\Local\DuckStation\savestates\HASH-7BE40C1F98F21B61_5.sav,other_or_unknown,,0,4,wrapper_candidate,0x801A2074,0x801A2304,656,0,0,1E15736151818F3704604741CFF14ED779E87B7A954A9251A29F3DF5D5FFE76D,414
C:\Users\Administrator\AppData\Local\DuckStation\savestates\HASH-7BE40C1F98F21B61_5.sav,other_or_unknown,,0,4,ui_or_coord_table,0x801A7460,0x801A7860,1024,0,0,CFA9BDD358BC30B2EB3347F977B686411EC7CBE4B8D14746AFDD6AEA9E33AFEC,902
C:\Users\Administrator\AppData\Local\DuckStation\savestates\HASH-7BE40C1F98F21B61_6.sav,other_or_unknown,,0,4,e2_or_wrapper,0x8018FCD0,0x8018FDC5,245,0,0,4816801FC4700CE9FAE1D2E6537F553ACE63B6B3CD6DB30B9BB4A7D8505BAA3B,131
C:\Users\Administrator\AppData\Local\DuckStation\savestates\HASH-7BE40C1F98F21B61_6.sav,other_or_unknown,,0,4,bank_helper,0x80193B44,0x80193BC4,128,1,1,38723A2E5E8A17AA7950DC008209944E898F69A7BD10A23C839D341E935FD5CA,0
C:\Users\Administrator\AppData\Local\DuckStation\savestates\HASH-7BE40C1F98F21B61_6.sav,other_or_unknown,,0,4,wrapper_candidate,0x801A2074,0x801A2304,656,0,0,1E15736151818F3704604741CFF14ED779E87B7A954A9251A29F3DF5D5FFE76D,414
C:\Users\Administrator\AppData\Local\DuckStation\savestates\HASH-7BE40C1F98F21B61_6.sav,other_or_unknown,,0,4,ui_or_coord_table,0x801A7460,0x801A7860,1024,0,0,CFA9BDD358BC30B2EB3347F977B686411EC7CBE4B8D14746AFDD6AEA9E33AFEC,902
C:\Users\Administrator\AppData\Local\DuckStation\savestates\HASH-7BE40C1F98F21B61_7.sav,other_or_unknown,,0,4,e2_or_wrapper,0x8018FCD0,0x8018FDC5,245,0,0,4816801FC4700CE9FAE1D2E6537F553ACE63B6B3CD6DB30B9BB4A7D8505BAA3B,131
C:\Users\Administrator\AppData\Local\DuckStation\savestates\HASH-7BE40C1F98F21B61_7.sav,other_or_unknown,,0,4,bank_helper,0x80193B44,0x80193BC4,128,1,1,38723A2E5E8A17AA7950DC008209944E898F69A7BD10A23C839D341E935FD5CA,0
C:\Users\Administrator\AppData\Local\DuckStation\savestates\HASH-7BE40C1F98F21B61_7.sav,other_or_unknown,,0,4,wrapper_candidate,0x801A2074,0x801A2304,656,0,0,1E15736151818F3704604741CFF14ED779E87B7A954A9251A29F3DF5D5FFE76D,414
C:\Users\Administrator\AppData\Local\DuckStation\savestates\HASH-7BE40C1F98F21B61_7.sav,other_or_unknown,,0,4,ui_or_coord_table,0x801A7460,0x801A7860,1024,0,0,CFA9BDD358BC30B2EB3347F977B686411EC7CBE4B8D14746AFDD6AEA9E33AFEC,902
C:\Users\Administrator\AppData\Local\DuckStation\savestates\HASH-7BE40C1F98F21B61_resume.sav,other_or_unknown,,0,4,e2_or_wrapper,0x8018FCD0,0x8018FDC5,245,0,0,4816801FC4700CE9FAE1D2E6537F553ACE63B6B3CD6DB30B9BB4A7D8505BAA3B,131
C:\Users\Administrator\AppData\Local\DuckStation\savestates\HASH-7BE40C1F98F21B61_resume.sav,other_or_unknown,,0,4,bank_helper,0x80193B44,0x80193BC4,128,1,1,38723A2E5E8A17AA7950DC008209944E898F69A7BD10A23C839D341E935FD5CA,0
C:\Users\Administrator\AppData\Local\DuckStation\savestates\HASH-7BE40C1F98F21B61_resume.sav,other_or_unknown,,0,4,wrapper_candidate,0x801A2074,0x801A2304,656,0,0,1E15736151818F3704604741CFF14ED779E87B7A954A9251A29F3DF5D5FFE76D,414
C:\Users\Administrator\AppData\Local\DuckStation\savestates\HASH-7BE40C1F98F21B61_resume.sav,other_or_unknown,,0,4,ui_or_coord_table,0x801A7460,0x801A7860,1024,0,0,CFA9BDD358BC30B2EB3347F977B686411EC7CBE4B8D14746AFDD6AEA9E33AFEC,902
C:\Users\Administrator\AppData\Local\DuckStation\savestates\HASH-7C988D1BAF789746_1.sav,other_or_unknown,,0,4,e2_or_wrapper,0x8018FCD0,0x8018FDC5,245,0,0,4816801FC4700CE9FAE1D2E6537F553ACE63B6B3CD6DB30B9BB4A7D8505BAA3B,131
C:\Users\Administrator\AppData\Local\DuckStation\savestates\HASH-7C988D1BAF789746_1.sav,other_or_unknown,,0,4,bank_helper,0x80193B44,0x80193BC4,128,1,1,38723A2E5E8A17AA7950DC008209944E898F69A7BD10A23C839D341E935FD5CA,0
C:\Users\Administrator\AppData\Local\DuckStation\savestates\HASH-7C988D1BAF789746_1.sav,other_or_unknown,,0,4,wrapper_candidate,0x801A2074,0x801A2304,656,0,0,15AE9631F997B853BA682F5E9D1CEE16A9845083B2F71534C3277A012BEA63B6,415
C:\Users\Administrator\AppData\Local\DuckStation\savestates\HASH-7C988D1BAF789746_1.sav,other_or_unknown,,0,4,ui_or_coord_table,0x801A7460,0x801A7860,1024,0,0,B1FC1032320CF8CDFCEB0C80F4F47C4DECF03A30E00A52A6D3D364F6105275B4,932
C:\Users\Administrator\AppData\Local\DuckStation\savestates\HASH-7C988D1BAF789746_2.sav,other_or_unknown,,0,4,e2_or_wrapper,0x8018FCD0,0x8018FDC5,245,0,0,4816801FC4700CE9FAE1D2E6537F553ACE63B6B3CD6DB30B9BB4A7D8505BAA3B,131
C:\Users\Administrator\AppData\Local\DuckStation\savestates\HASH-7C988D1BAF789746_2.sav,other_or_unknown,,0,4,bank_helper,0x80193B44,0x80193BC4,128,1,1,38723A2E5E8A17AA7950DC008209944E898F69A7BD10A23C839D341E935FD5CA,0
C:\Users\Administrator\AppData\Local\DuckStation\savestates\HASH-7C988D1BAF789746_2.sav,other_or_unknown,,0,4,wrapper_candidate,0x801A2074,0x801A2304,656,0,0,15AE9631F997B853BA682F5E9D1CEE16A9845083B2F71534C3277A012BEA63B6,415
C:\Users\Administrator\AppData\Local\DuckStation\savestates\HASH-7C988D1BAF789746_2.sav,other_or_unknown,,0,4,ui_or_coord_table,0x801A7460,0x801A7860,1024,0,0,B1FC1032320CF8CDFCEB0C80F4F47C4DECF03A30E00A52A6D3D364F6105275B4,932
C:\Users\Administrator\AppData\Local\DuckStation\savestates\HASH-7C988D1BAF789746_3.sav,other_or_unknown,,0,4,e2_or_wrapper,0x8018FCD0,0x8018FDC5,245,0,0,4816801FC4700CE9FAE1D2E6537F553ACE63B6B3CD6DB30B9BB4A7D8505BAA3B,131
C:\Users\Administrator\AppData\Local\DuckStation\savestates\HASH-7C988D1BAF789746_3.sav,other_or_unknown,,0,4,bank_helper,0x80193B44,0x80193BC4,128,1,1,38723A2E5E8A17AA7950DC008209944E898F69A7BD10A23C839D341E935FD5CA,0
C:\Users\Administrator\AppData\Local\DuckStation\savestates\HASH-7C988D1BAF789746_3.sav,other_or_unknown,,0,4,wrapper_candidate,0x801A2074,0x801A2304,656,0,0,15AE9631F997B853BA682F5E9D1CEE16A9845083B2F71534C3277A012BEA63B6,415
C:\Users\Administrator\AppData\Local\DuckStation\savestates\HASH-7C988D1BAF789746_3.sav,other_or_unknown,,0,4,ui_or_coord_table,0x801A7460,0x801A7860,1024,0,0,B1FC1032320CF8CDFCEB0C80F4F47C4DECF03A30E00A52A6D3D364F6105275B4,932
C:\Users\Administrator\AppData\Local\DuckStation\savestates\HASH-7C988D1BAF789746_resume.sav,other_or_unknown,,0,4,e2_or_wrapper,0x8018FCD0,0x8018FDC5,245,0,0,4816801FC4700CE9FAE1D2E6537F553ACE63B6B3CD6DB30B9BB4A7D8505BAA3B,131
C:\Users\Administrator\AppData\Local\DuckStation\savestates\HASH-7C988D1BAF789746_resume.sav,other_or_unknown,,0,4,bank_helper,0x80193B44,0x80193BC4,128,1,1,38723A2E5E8A17AA7950DC008209944E898F69A7BD10A23C839D341E935FD5CA,0
C:\Users\Administrator\AppData\Local\DuckStation\savestates\HASH-7C988D1BAF789746_resume.sav,other_or_unknown,,0,4,wrapper_candidate,0x801A2074,0x801A2304,656,0,0,15AE9631F997B853BA682F5E9D1CEE16A9845083B2F71534C3277A012BEA63B6,415
C:\Users\Administrator\AppData\Local\DuckStation\savestates\HASH-7C988D1BAF789746_resume.sav,other_or_unknown,,0,4,ui_or_coord_table,0x801A7460,0x801A7860,1024,0,0,B1FC1032320CF8CDFCEB0C80F4F47C4DECF03A30E00A52A6D3D364F6105275B4,932
C:\Users\Administrator\AppData\Local\DuckStation\savestates\HASH-7DA8DFEF2B8648DF_1.sav,other_or_unknown,,0,4,e2_or_wrapper,0x8018FCD0,0x8018FDC5,245,1,0,02D8F3F83865737E056CCDF3D1BF8DCD4D3B68CE8CB63F3663F092AFA6174958,0
C:\Users\Administrator\AppData\Local\DuckStation\savestates\HASH-7DA8DFEF2B8648DF_1.sav,other_or_unknown,,0,4,bank_helper,0x80193B44,0x80193BC4,128,1,1,38723A2E5E8A17AA7950DC008209944E898F69A7BD10A23C839D341E935FD5CA,0
C:\Users\Administrator\AppData\Local\DuckStation\savestates\HASH-7DA8DFEF2B8648DF_1.sav,other_or_unknown,,0,4,wrapper_candidate,0x801A2074,0x801A2304,656,1,1,E06E79CDFEDFC6D6107B945613E65B2DE3A209E40115B9B00AB048D2B91CD7D5,0
C:\Users\Administrator\AppData\Local\DuckStation\savestates\HASH-7DA8DFEF2B8648DF_1.sav,other_or_unknown,,0,4,ui_or_coord_table,0x801A7460,0x801A7860,1024,1,0,5F70BF18A086007016E948B04AED3B82103A36BEA41755B6CDDFAF10ACE3C6EF,0
C:\Users\Administrator\AppData\Local\DuckStation\savestates\HASH-7DA8DFEF2B8648DF_resume.sav,other_or_unknown,,0,4,e2_or_wrapper,0x8018FCD0,0x8018FDC5,245,1,0,02D8F3F83865737E056CCDF3D1BF8DCD4D3B68CE8CB63F3663F092AFA6174958,0
C:\Users\Administrator\AppData\Local\DuckStation\savestates\HASH-7DA8DFEF2B8648DF_resume.sav,other_or_unknown,,0,4,bank_helper,0x80193B44,0x80193BC4,128,1,1,38723A2E5E8A17AA7950DC008209944E898F69A7BD10A23C839D341E935FD5CA,0
C:\Users\Administrator\AppData\Local\DuckStation\savestates\HASH-7DA8DFEF2B8648DF_resume.sav,other_or_unknown,,0,4,wrapper_candidate,0x801A2074,0x801A2304,656,1,1,E06E79CDFEDFC6D6107B945613E65B2DE3A209E40115B9B00AB048D2B91CD7D5,0
C:\Users\Administrator\AppData\Local\DuckStation\savestates\HASH-7DA8DFEF2B8648DF_resume.sav,other_or_unknown,,0,4,ui_or_coord_table,0x801A7460,0x801A7860,1024,1,0,5F70BF18A086007016E948B04AED3B82103A36BEA41755B6CDDFAF10ACE3C6EF,0
C:\Users\Administrator\AppData\Local\DuckStation\savestates\HASH-7EDAE60B3557FC13_1.sav,other_or_unknown,,0,4,e2_or_wrapper,0x8018FCD0,0x8018FDC5,245,0,0,4816801FC4700CE9FAE1D2E6537F553ACE63B6B3CD6DB30B9BB4A7D8505BAA3B,131
C:\Users\Administrator\AppData\Local\DuckStation\savestates\HASH-7EDAE60B3557FC13_1.sav,other_or_unknown,,0,4,bank_helper,0x80193B44,0x80193BC4,128,0,0,0F1C2B62112BFAF43E7D57267A71D0304BDC7A82CA58C1B342059D29FA314E60,108
C:\Users\Administrator\AppData\Local\DuckStation\savestates\HASH-7EDAE60B3557FC13_1.sav,other_or_unknown,,0,4,wrapper_candidate,0x801A2074,0x801A2304,656,0,0,7E2D8B9DC73B8441627DAFF3D01504ADC7C3716E280ABF126CCA149ADCA99B1C,410
C:\Users\Administrator\AppData\Local\DuckStation\savestates\HASH-7EDAE60B3557FC13_1.sav,other_or_unknown,,0,4,ui_or_coord_table,0x801A7460,0x801A7860,1024,0,0,8F60FD7E8A15440AF540247D705B6EC4115092E85BC96126D9C8329E4895860E,931
C:\Users\Administrator\AppData\Local\DuckStation\savestates\HASH-7EDAE60B3557FC13_2.sav,other_or_unknown,,0,4,e2_or_wrapper,0x8018FCD0,0x8018FDC5,245,0,0,4816801FC4700CE9FAE1D2E6537F553ACE63B6B3CD6DB30B9BB4A7D8505BAA3B,131
C:\Users\Administrator\AppData\Local\DuckStation\savestates\HASH-7EDAE60B3557FC13_2.sav,other_or_unknown,,0,4,bank_helper,0x80193B44,0x80193BC4,128,0,0,0F1C2B62112BFAF43E7D57267A71D0304BDC7A82CA58C1B342059D29FA314E60,108
C:\Users\Administrator\AppData\Local\DuckStation\savestates\HASH-7EDAE60B3557FC13_2.sav,other_or_unknown,,0,4,wrapper_candidate,0x801A2074,0x801A2304,656,0,0,7E2D8B9DC73B8441627DAFF3D01504ADC7C3716E280ABF126CCA149ADCA99B1C,410
C:\Users\Administrator\AppData\Local\DuckStation\savestates\HASH-7EDAE60B3557FC13_2.sav,other_or_unknown,,0,4,ui_or_coord_table,0x801A7460,0x801A7860,1024,0,0,8F60FD7E8A15440AF540247D705B6EC4115092E85BC96126D9C8329E4895860E,931
C:\Users\Administrator\AppData\Local\DuckStation\savestates\HASH-7EDAE60B3557FC13_resume.sav,other_or_unknown,,0,4,e2_or_wrapper,0x8018FCD0,0x8018FDC5,245,0,0,4816801FC4700CE9FAE1D2E6537F553ACE63B6B3CD6DB30B9BB4A7D8505BAA3B,131
C:\Users\Administrator\AppData\Local\DuckStation\savestates\HASH-7EDAE60B3557FC13_resume.sav,other_or_unknown,,0,4,bank_helper,0x80193B44,0x80193BC4,128,0,0,0F1C2B62112BFAF43E7D57267A71D0304BDC7A82CA58C1B342059D29FA314E60,108
C:\Users\Administrator\AppData\Local\DuckStation\savestates\HASH-7EDAE60B3557FC13_resume.sav,other_or_unknown,,0,4,wrapper_candidate,0x801A2074,0x801A2304,656,0,0,7E2D8B9DC73B8441627DAFF3D01504ADC7C3716E280ABF126CCA149ADCA99B1C,410
C:\Users\Administrator\AppData\Local\DuckStation\savestates\HASH-7EDAE60B3557FC13_resume.sav,other_or_unknown,,0,4,ui_or_coord_table,0x801A7460,0x801A7860,1024,0,0,8F60FD7E8A15440AF540247D705B6EC4115092E85BC96126D9C8329E4895860E,931
C:\Users\Administrator\AppData\Local\DuckStation\savestates\HASH-7F6751B55A942E91_1.sav,other_or_unknown,,0,4,e2_or_wrapper,0x8018FCD0,0x8018FDC5,245,0,0,4816801FC4700CE9FAE1D2E6537F553ACE63B6B3CD6DB30B9BB4A7D8505BAA3B,131
C:\Users\Administrator\AppData\Local\DuckStation\savestates\HASH-7F6751B55A942E91_1.sav,other_or_unknown,,0,4,bank_helper,0x80193B44,0x80193BC4,128,1,1,38723A2E5E8A17AA7950DC008209944E898F69A7BD10A23C839D341E935FD5CA,0
C:\Users\Administrator\AppData\Local\DuckStation\savestates\HASH-7F6751B55A942E91_1.sav,other_or_unknown,,0,4,wrapper_candidate,0x801A2074,0x801A2304,656,0,0,F3ADA85DC3EBD7F44A719593DE276B48D2422C87E7E38B90FDF30EF6E71CF533,415
C:\Users\Administrator\AppData\Local\DuckStation\savestates\HASH-7F6751B55A942E91_1.sav,other_or_unknown,,0,4,ui_or_coord_table,0x801A7460,0x801A7860,1024,0,0,B1FC1032320CF8CDFCEB0C80F4F47C4DECF03A30E00A52A6D3D364F6105275B4,932
C:\Users\Administrator\AppData\Local\DuckStation\savestates\HASH-7F6751B55A942E91_2.sav,other_or_unknown,,0,4,e2_or_wrapper,0x8018FCD0,0x8018FDC5,245,0,0,4816801FC4700CE9FAE1D2E6537F553ACE63B6B3CD6DB30B9BB4A7D8505BAA3B,131
C:\Users\Administrator\AppData\Local\DuckStation\savestates\HASH-7F6751B55A942E91_2.sav,other_or_unknown,,0,4,bank_helper,0x80193B44,0x80193BC4,128,1,1,38723A2E5E8A17AA7950DC008209944E898F69A7BD10A23C839D341E935FD5CA,0
C:\Users\Administrator\AppData\Local\DuckStation\savestates\HASH-7F6751B55A942E91_2.sav,other_or_unknown,,0,4,wrapper_candidate,0x801A2074,0x801A2304,656,0,0,F3ADA85DC3EBD7F44A719593DE276B48D2422C87E7E38B90FDF30EF6E71CF533,415
C:\Users\Administrator\AppData\Local\DuckStation\savestates\HASH-7F6751B55A942E91_2.sav,other_or_unknown,,0,4,ui_or_coord_table,0x801A7460,0x801A7860,1024,0,0,B1FC1032320CF8CDFCEB0C80F4F47C4DECF03A30E00A52A6D3D364F6105275B4,932
C:\Users\Administrator\AppData\Local\DuckStation\savestates\HASH-7F6751B55A942E91_3.sav,other_or_unknown,,0,4,e2_or_wrapper,0x8018FCD0,0x8018FDC5,245,0,0,4816801FC4700CE9FAE1D2E6537F553ACE63B6B3CD6DB30B9BB4A7D8505BAA3B,131
C:\Users\Administrator\AppData\Local\DuckStation\savestates\HASH-7F6751B55A942E91_3.sav,other_or_unknown,,0,4,bank_helper,0x80193B44,0x80193BC4,128,1,1,38723A2E5E8A17AA7950DC008209944E898F69A7BD10A23C839D341E935FD5CA,0
C:\Users\Administrator\AppData\Local\DuckStation\savestates\HASH-7F6751B55A942E91_3.sav,other_or_unknown,,0,4,wrapper_candidate,0x801A2074,0x801A2304,656,0,0,F3ADA85DC3EBD7F44A719593DE276B48D2422C87E7E38B90FDF30EF6E71CF533,415
C:\Users\Administrator\AppData\Local\DuckStation\savestates\HASH-7F6751B55A942E91_3.sav,other_or_unknown,,0,4,ui_or_coord_table,0x801A7460,0x801A7860,1024,0,0,B1FC1032320CF8CDFCEB0C80F4F47C4DECF03A30E00A52A6D3D364F6105275B4,932
C:\Users\Administrator\AppData\Local\DuckStation\savestates\HASH-7F6751B55A942E91_4.sav,other_or_unknown,,0,4,e2_or_wrapper,0x8018FCD0,0x8018FDC5,245,0,0,4816801FC4700CE9FAE1D2E6537F553ACE63B6B3CD6DB30B9BB4A7D8505BAA3B,131
C:\Users\Administrator\AppData\Local\DuckStation\savestates\HASH-7F6751B55A942E91_4.sav,other_or_unknown,,0,4,bank_helper,0x80193B44,0x80193BC4,128,1,1,38723A2E5E8A17AA7950DC008209944E898F69A7BD10A23C839D341E935FD5CA,0
C:\Users\Administrator\AppData\Local\DuckStation\savestates\HASH-7F6751B55A942E91_4.sav,other_or_unknown,,0,4,wrapper_candidate,0x801A2074,0x801A2304,656,0,0,F3ADA85DC3EBD7F44A719593DE276B48D2422C87E7E38B90FDF30EF6E71CF533,415
C:\Users\Administrator\AppData\Local\DuckStation\savestates\HASH-7F6751B55A942E91_4.sav,other_or_unknown,,0,4,ui_or_coord_table,0x801A7460,0x801A7860,1024,0,0,B1FC1032320CF8CDFCEB0C80F4F47C4DECF03A30E00A52A6D3D364F6105275B4,932
C:\Users\Administrator\AppData\Local\DuckStation\savestates\HASH-7F6751B55A942E91_resume.sav,other_or_unknown,,0,4,e2_or_wrapper,0x8018FCD0,0x8018FDC5,245,0,0,4816801FC4700CE9FAE1D2E6537F553ACE63B6B3CD6DB30B9BB4A7D8505BAA3B,131
C:\Users\Administrator\AppData\Local\DuckStation\savestates\HASH-7F6751B55A942E91_resume.sav,other_or_unknown,,0,4,bank_helper,0x80193B44,0x80193BC4,128,1,1,38723A2E5E8A17AA7950DC008209944E898F69A7BD10A23C839D341E935FD5CA,0
C:\Users\Administrator\AppData\Local\DuckStation\savestates\HASH-7F6751B55A942E91_resume.sav,other_or_unknown,,0,4,wrapper_candidate,0x801A2074,0x801A2304,656,0,0,F3ADA85DC3EBD7F44A719593DE276B48D2422C87E7E38B90FDF30EF6E71CF533,415
C:\Users\Administrator\AppData\Local\DuckStation\savestates\HASH-7F6751B55A942E91_resume.sav,other_or_unknown,,0,4,ui_or_coord_table,0x801A7460,0x801A7860,1024,0,0,B1FC1032320CF8CDFCEB0C80F4F47C4DECF03A30E00A52A6D3D364F6105275B4,932
C:\Users\Administrator\AppData\Local\DuckStation\savestates\HASH-7FBCB521988DFD89_1.sav,other_or_unknown,,0,4,e2_or_wrapper,0x8018FCD0,0x8018FDC5,245,0,0,4816801FC4700CE9FAE1D2E6537F553ACE63B6B3CD6DB30B9BB4A7D8505BAA3B,131
C:\Users\Administrator\AppData\Local\DuckStation\savestates\HASH-7FBCB521988DFD89_1.sav,other_or_unknown,,0,4,bank_helper,0x80193B44,0x80193BC4,128,1,1,38723A2E5E8A17AA7950DC008209944E898F69A7BD10A23C839D341E935FD5CA,0
C:\Users\Administrator\AppData\Local\DuckStation\savestates\HASH-7FBCB521988DFD89_1.sav,other_or_unknown,,0,4,wrapper_candidate,0x801A2074,0x801A2304,656,0,0,1E15736151818F3704604741CFF14ED779E87B7A954A9251A29F3DF5D5FFE76D,414
C:\Users\Administrator\AppData\Local\DuckStation\savestates\HASH-7FBCB521988DFD89_1.sav,other_or_unknown,,0,4,ui_or_coord_table,0x801A7460,0x801A7860,1024,0,0,5E0A5269C4200CAB198436A0E31290031B795805D8668A2C643597580AB0FD97,902
C:\Users\Administrator\AppData\Local\DuckStation\savestates\HASH-7FBCB521988DFD89_2.sav,other_or_unknown,,0,4,e2_or_wrapper,0x8018FCD0,0x8018FDC5,245,0,0,4816801FC4700CE9FAE1D2E6537F553ACE63B6B3CD6DB30B9BB4A7D8505BAA3B,131
C:\Users\Administrator\AppData\Local\DuckStation\savestates\HASH-7FBCB521988DFD89_2.sav,other_or_unknown,,0,4,bank_helper,0x80193B44,0x80193BC4,128,1,1,38723A2E5E8A17AA7950DC008209944E898F69A7BD10A23C839D341E935FD5CA,0
C:\Users\Administrator\AppData\Local\DuckStation\savestates\HASH-7FBCB521988DFD89_2.sav,other_or_unknown,,0,4,wrapper_candidate,0x801A2074,0x801A2304,656,0,0,1E15736151818F3704604741CFF14ED779E87B7A954A9251A29F3DF5D5FFE76D,414
C:\Users\Administrator\AppData\Local\DuckStation\savestates\HASH-7FBCB521988DFD89_2.sav,other_or_unknown,,0,4,ui_or_coord_table,0x801A7460,0x801A7860,1024,0,0,5E0A5269C4200CAB198436A0E31290031B795805D8668A2C643597580AB0FD97,902
C:\Users\Administrator\AppData\Local\DuckStation\savestates\HASH-7FBCB521988DFD89_3.sav,other_or_unknown,,0,4,e2_or_wrapper,0x8018FCD0,0x8018FDC5,245,0,0,4816801FC4700CE9FAE1D2E6537F553ACE63B6B3CD6DB30B9BB4A7D8505BAA3B,131
C:\Users\Administrator\AppData\Local\DuckStation\savestates\HASH-7FBCB521988DFD89_3.sav,other_or_unknown,,0,4,bank_helper,0x80193B44,0x80193BC4,128,1,1,38723A2E5E8A17AA7950DC008209944E898F69A7BD10A23C839D341E935FD5CA,0
C:\Users\Administrator\AppData\Local\DuckStation\savestates\HASH-7FBCB521988DFD89_3.sav,other_or_unknown,,0,4,wrapper_candidate,0x801A2074,0x801A2304,656,0,0,1E15736151818F3704604741CFF14ED779E87B7A954A9251A29F3DF5D5FFE76D,414
C:\Users\Administrator\AppData\Local\DuckStation\savestates\HASH-7FBCB521988DFD89_3.sav,other_or_unknown,,0,4,ui_or_coord_table,0x801A7460,0x801A7860,1024,0,0,5E0A5269C4200CAB198436A0E31290031B795805D8668A2C643597580AB0FD97,902
C:\Users\Administrator\AppData\Local\DuckStation\savestates\HASH-7FBCB521988DFD89_4.sav,other_or_unknown,,0,4,e2_or_wrapper,0x8018FCD0,0x8018FDC5,245,0,0,4816801FC4700CE9FAE1D2E6537F553ACE63B6B3CD6DB30B9BB4A7D8505BAA3B,131
C:\Users\Administrator\AppData\Local\DuckStation\savestates\HASH-7FBCB521988DFD89_4.sav,other_or_unknown,,0,4,bank_helper,0x80193B44,0x80193BC4,128,1,1,38723A2E5E8A17AA7950DC008209944E898F69A7BD10A23C839D341E935FD5CA,0
C:\Users\Administrator\AppData\Local\DuckStation\savestates\HASH-7FBCB521988DFD89_4.sav,other_or_unknown,,0,4,wrapper_candidate,0x801A2074,0x801A2304,656,0,0,1E15736151818F3704604741CFF14ED779E87B7A954A9251A29F3DF5D5FFE76D,414
C:\Users\Administrator\AppData\Local\DuckStation\savestates\HASH-7FBCB521988DFD89_4.sav,other_or_unknown,,0,4,ui_or_coord_table,0x801A7460,0x801A7860,1024,0,0,5E0A5269C4200CAB198436A0E31290031B795805D8668A2C643597580AB0FD97,902
C:\Users\Administrator\AppData\Local\DuckStation\savestates\HASH-7FBCB521988DFD89_resume.sav,other_or_unknown,,0,4,e2_or_wrapper,0x8018FCD0,0x8018FDC5,245,0,0,4816801FC4700CE9FAE1D2E6537F553ACE63B6B3CD6DB30B9BB4A7D8505BAA3B,131
C:\Users\Administrator\AppData\Local\DuckStation\savestates\HASH-7FBCB521988DFD89_resume.sav,other_or_unknown,,0,4,bank_helper,0x80193B44,0x80193BC4,128,1,1,38723A2E5E8A17AA7950DC008209944E898F69A7BD10A23C839D341E935FD5CA,0
C:\Users\Administrator\AppData\Local\DuckStation\savestates\HASH-7FBCB521988DFD89_resume.sav,other_or_unknown,,0,4,wrapper_candidate,0x801A2074,0x801A2304,656,0,0,1E15736151818F3704604741CFF14ED779E87B7A954A9251A29F3DF5D5FFE76D,414
C:\Users\Administrator\AppData\Local\DuckStation\savestates\HASH-7FBCB521988DFD89_resume.sav,other_or_unknown,,0,4,ui_or_coord_table,0x801A7460,0x801A7860,1024,0,0,5E0A5269C4200CAB198436A0E31290031B795805D8668A2C643597580AB0FD97,902
C:\Users\Administrator\AppData\Local\DuckStation\savestates\HASH-7FF97DC33136AE92_1.sav,other_or_unknown,,0,4,e2_or_wrapper,0x8018FCD0,0x8018FDC5,245,0,0,4816801FC4700CE9FAE1D2E6537F553ACE63B6B3CD6DB30B9BB4A7D8505BAA3B,131
C:\Users\Administrator\AppData\Local\DuckStation\savestates\HASH-7FF97DC33136AE92_1.sav,other_or_unknown,,0,4,bank_helper,0x80193B44,0x80193BC4,128,1,1,38723A2E5E8A17AA7950DC008209944E898F69A7BD10A23C839D341E935FD5CA,0
C:\Users\Administrator\AppData\Local\DuckStation\savestates\HASH-7FF97DC33136AE92_1.sav,other_or_unknown,,0,4,wrapper_candidate,0x801A2074,0x801A2304,656,0,0,1E15736151818F3704604741CFF14ED779E87B7A954A9251A29F3DF5D5FFE76D,414
C:\Users\Administrator\AppData\Local\DuckStation\savestates\HASH-7FF97DC33136AE92_1.sav,other_or_unknown,,0,4,ui_or_coord_table,0x801A7460,0x801A7860,1024,0,0,44D860A63B883932D1809764D9E4A6590EAD1923CD4C7F4B9449E068F9852373,904
C:\Users\Administrator\AppData\Local\DuckStation\savestates\HASH-7FF97DC33136AE92_2.sav,other_or_unknown,,0,4,e2_or_wrapper,0x8018FCD0,0x8018FDC5,245,0,0,4816801FC4700CE9FAE1D2E6537F553ACE63B6B3CD6DB30B9BB4A7D8505BAA3B,131
C:\Users\Administrator\AppData\Local\DuckStation\savestates\HASH-7FF97DC33136AE92_2.sav,other_or_unknown,,0,4,bank_helper,0x80193B44,0x80193BC4,128,1,1,38723A2E5E8A17AA7950DC008209944E898F69A7BD10A23C839D341E935FD5CA,0
C:\Users\Administrator\AppData\Local\DuckStation\savestates\HASH-7FF97DC33136AE92_2.sav,other_or_unknown,,0,4,wrapper_candidate,0x801A2074,0x801A2304,656,0,0,1E15736151818F3704604741CFF14ED779E87B7A954A9251A29F3DF5D5FFE76D,414
C:\Users\Administrator\AppData\Local\DuckStation\savestates\HASH-7FF97DC33136AE92_2.sav,other_or_unknown,,0,4,ui_or_coord_table,0x801A7460,0x801A7860,1024,0,0,44D860A63B883932D1809764D9E4A6590EAD1923CD4C7F4B9449E068F9852373,904
C:\Users\Administrator\AppData\Local\DuckStation\savestates\HASH-7FF97DC33136AE92_3.sav,other_or_unknown,,0,4,e2_or_wrapper,0x8018FCD0,0x8018FDC5,245,0,0,4816801FC4700CE9FAE1D2E6537F553ACE63B6B3CD6DB30B9BB4A7D8505BAA3B,131
C:\Users\Administrator\AppData\Local\DuckStation\savestates\HASH-7FF97DC33136AE92_3.sav,other_or_unknown,,0,4,bank_helper,0x80193B44,0x80193BC4,128,1,1,38723A2E5E8A17AA7950DC008209944E898F69A7BD10A23C839D341E935FD5CA,0
C:\Users\Administrator\AppData\Local\DuckStation\savestates\HASH-7FF97DC33136AE92_3.sav,other_or_unknown,,0,4,wrapper_candidate,0x801A2074,0x801A2304,656,0,0,1E15736151818F3704604741CFF14ED779E87B7A954A9251A29F3DF5D5FFE76D,414
C:\Users\Administrator\AppData\Local\DuckStation\savestates\HASH-7FF97DC33136AE92_3.sav,other_or_unknown,,0,4,ui_or_coord_table,0x801A7460,0x801A7860,1024,0,0,44D860A63B883932D1809764D9E4A6590EAD1923CD4C7F4B9449E068F9852373,904
C:\Users\Administrator\AppData\Local\DuckStation\savestates\HASH-7FF97DC33136AE92_4.sav,other_or_unknown,,0,4,e2_or_wrapper,0x8018FCD0,0x8018FDC5,245,0,0,4816801FC4700CE9FAE1D2E6537F553ACE63B6B3CD6DB30B9BB4A7D8505BAA3B,131
C:\Users\Administrator\AppData\Local\DuckStation\savestates\HASH-7FF97DC33136AE92_4.sav,other_or_unknown,,0,4,bank_helper,0x80193B44,0x80193BC4,128,1,1,38723A2E5E8A17AA7950DC008209944E898F69A7BD10A23C839D341E935FD5CA,0
C:\Users\Administrator\AppData\Local\DuckStation\savestates\HASH-7FF97DC33136AE92_4.sav,other_or_unknown,,0,4,wrapper_candidate,0x801A2074,0x801A2304,656,0,0,1E15736151818F3704604741CFF14ED779E87B7A954A9251A29F3DF5D5FFE76D,414
C:\Users\Administrator\AppData\Local\DuckStation\savestates\HASH-7FF97DC33136AE92_4.sav,other_or_unknown,,0,4,ui_or_coord_table,0x801A7460,0x801A7860,1024,0,0,44D860A63B883932D1809764D9E4A6590EAD1923CD4C7F4B9449E068F9852373,904
C:\Users\Administrator\AppData\Local\DuckStation\savestates\HASH-7FF97DC33136AE92_resume.sav,other_or_unknown,,0,4,e2_or_wrapper,0x8018FCD0,0x8018FDC5,245,0,0,4816801FC4700CE9FAE1D2E6537F553ACE63B6B3CD6DB30B9BB4A7D8505BAA3B,131
C:\Users\Administrator\AppData\Local\DuckStation\savestates\HASH-7FF97DC33136AE92_resume.sav,other_or_unknown,,0,4,bank_helper,0x80193B44,0x80193BC4,128,1,1,38723A2E5E8A17AA7950DC008209944E898F69A7BD10A23C839D341E935FD5CA,0
C:\Users\Administrator\AppData\Local\DuckStation\savestates\HASH-7FF97DC33136AE92_resume.sav,other_or_unknown,,0,4,wrapper_candidate,0x801A2074,0x801A2304,656,0,0,1E15736151818F3704604741CFF14ED779E87B7A954A9251A29F3DF5D5FFE76D,414
C:\Users\Administrator\AppData\Local\DuckStation\savestates\HASH-7FF97DC33136AE92_resume.sav,other_or_unknown,,0,4,ui_or_coord_table,0x801A7460,0x801A7860,1024,0,0,44D860A63B883932D1809764D9E4A6590EAD1923CD4C7F4B9449E068F9852373,904
C:\Users\Administrator\AppData\Local\DuckStation\savestates\HASH-81EA549C902A8233_1.sav,other_or_unknown,,0,4,e2_or_wrapper,0x8018FCD0,0x8018FDC5,245,0,0,4816801FC4700CE9FAE1D2E6537F553ACE63B6B3CD6DB30B9BB4A7D8505BAA3B,131
C:\Users\Administrator\AppData\Local\DuckStation\savestates\HASH-81EA549C902A8233_1.sav,other_or_unknown,,0,4,bank_helper,0x80193B44,0x80193BC4,128,1,1,38723A2E5E8A17AA7950DC008209944E898F69A7BD10A23C839D341E935FD5CA,0
C:\Users\Administrator\AppData\Local\DuckStation\savestates\HASH-81EA549C902A8233_1.sav,other_or_unknown,,0,4,wrapper_candidate,0x801A2074,0x801A2304,656,1,1,E06E79CDFEDFC6D6107B945613E65B2DE3A209E40115B9B00AB048D2B91CD7D5,0
C:\Users\Administrator\AppData\Local\DuckStation\savestates\HASH-81EA549C902A8233_1.sav,other_or_unknown,,0,4,ui_or_coord_table,0x801A7460,0x801A7860,1024,0,0,426E9DDCC33664FAE1E5A48AD8C10328E56E686647E5E675A44C9643701EFEC2,932
C:\Users\Administrator\AppData\Local\DuckStation\savestates\HASH-81EA549C902A8233_resume.sav,other_or_unknown,,0,4,e2_or_wrapper,0x8018FCD0,0x8018FDC5,245,0,0,4816801FC4700CE9FAE1D2E6537F553ACE63B6B3CD6DB30B9BB4A7D8505BAA3B,131
C:\Users\Administrator\AppData\Local\DuckStation\savestates\HASH-81EA549C902A8233_resume.sav,other_or_unknown,,0,4,bank_helper,0x80193B44,0x80193BC4,128,1,1,38723A2E5E8A17AA7950DC008209944E898F69A7BD10A23C839D341E935FD5CA,0
C:\Users\Administrator\AppData\Local\DuckStation\savestates\HASH-81EA549C902A8233_resume.sav,other_or_unknown,,0,4,wrapper_candidate,0x801A2074,0x801A2304,656,1,1,E06E79CDFEDFC6D6107B945613E65B2DE3A209E40115B9B00AB048D2B91CD7D5,0
C:\Users\Administrator\AppData\Local\DuckStation\savestates\HASH-81EA549C902A8233_resume.sav,other_or_unknown,,0,4,ui_or_coord_table,0x801A7460,0x801A7860,1024,0,0,426E9DDCC33664FAE1E5A48AD8C10328E56E686647E5E675A44C9643701EFEC2,932
C:\Users\Administrator\AppData\Local\DuckStation\savestates\HASH-831CF4578EDC3915_1.sav,other_or_unknown,,0,4,e2_or_wrapper,0x8018FCD0,0x8018FDC5,245,0,0,4816801FC4700CE9FAE1D2E6537F553ACE63B6B3CD6DB30B9BB4A7D8505BAA3B,131
C:\Users\Administrator\AppData\Local\DuckStation\savestates\HASH-831CF4578EDC3915_1.sav,other_or_unknown,,0,4,bank_helper,0x80193B44,0x80193BC4,128,0,0,A3A2715A702720FF7F73735FB2443E22A65FC6F22A85130AC3053B80DE72B16C,100
C:\Users\Administrator\AppData\Local\DuckStation\savestates\HASH-831CF4578EDC3915_1.sav,other_or_unknown,,0,4,wrapper_candidate,0x801A2074,0x801A2304,656,0,0,97A11A0D581DB9FBCD54B14AF0490078BF3D02C8273B030B1646C0CA168F920F,420
C:\Users\Administrator\AppData\Local\DuckStation\savestates\HASH-831CF4578EDC3915_1.sav,other_or_unknown,,0,4,ui_or_coord_table,0x801A7460,0x801A7860,1024,0,0,7A56DABFAC185758C37F88C94734B3338CA1DE8F7B7B4EC178D64907759E9893,904
C:\Users\Administrator\AppData\Local\DuckStation\savestates\HASH-831CF4578EDC3915_resume.sav,other_or_unknown,,0,4,e2_or_wrapper,0x8018FCD0,0x8018FDC5,245,0,0,4816801FC4700CE9FAE1D2E6537F553ACE63B6B3CD6DB30B9BB4A7D8505BAA3B,131
C:\Users\Administrator\AppData\Local\DuckStation\savestates\HASH-831CF4578EDC3915_resume.sav,other_or_unknown,,0,4,bank_helper,0x80193B44,0x80193BC4,128,0,0,A3A2715A702720FF7F73735FB2443E22A65FC6F22A85130AC3053B80DE72B16C,100
C:\Users\Administrator\AppData\Local\DuckStation\savestates\HASH-831CF4578EDC3915_resume.sav,other_or_unknown,,0,4,wrapper_candidate,0x801A2074,0x801A2304,656,0,0,97A11A0D581DB9FBCD54B14AF0490078BF3D02C8273B030B1646C0CA168F920F,420
C:\Users\Administrator\AppData\Local\DuckStation\savestates\HASH-831CF4578EDC3915_resume.sav,other_or_unknown,,0,4,ui_or_coord_table,0x801A7460,0x801A7860,1024,0,0,7A56DABFAC185758C37F88C94734B3338CA1DE8F7B7B4EC178D64907759E9893,904
C:\Users\Administrator\AppData\Local\DuckStation\savestates\HASH-835B351840F08C34_1.sav,other_or_unknown,,0,4,e2_or_wrapper,0x8018FCD0,0x8018FDC5,245,0,0,4816801FC4700CE9FAE1D2E6537F553ACE63B6B3CD6DB30B9BB4A7D8505BAA3B,131
C:\Users\Administrator\AppData\Local\DuckStation\savestates\HASH-835B351840F08C34_1.sav,other_or_unknown,,0,4,bank_helper,0x80193B44,0x80193BC4,128,1,1,38723A2E5E8A17AA7950DC008209944E898F69A7BD10A23C839D341E935FD5CA,0
C:\Users\Administrator\AppData\Local\DuckStation\savestates\HASH-835B351840F08C34_1.sav,other_or_unknown,,0,4,wrapper_candidate,0x801A2074,0x801A2304,656,0,0,F3ADA85DC3EBD7F44A719593DE276B48D2422C87E7E38B90FDF30EF6E71CF533,415
C:\Users\Administrator\AppData\Local\DuckStation\savestates\HASH-835B351840F08C34_1.sav,other_or_unknown,,0,4,ui_or_coord_table,0x801A7460,0x801A7860,1024,0,0,25B109AB14013CBC54C5044ABCB7AEAB2558F3D34FF6A3C6D62F434E8FCCC967,935
C:\Users\Administrator\AppData\Local\DuckStation\savestates\HASH-835B351840F08C34_2.sav,other_or_unknown,,0,4,e2_or_wrapper,0x8018FCD0,0x8018FDC5,245,0,0,4816801FC4700CE9FAE1D2E6537F553ACE63B6B3CD6DB30B9BB4A7D8505BAA3B,131
C:\Users\Administrator\AppData\Local\DuckStation\savestates\HASH-835B351840F08C34_2.sav,other_or_unknown,,0,4,bank_helper,0x80193B44,0x80193BC4,128,1,1,38723A2E5E8A17AA7950DC008209944E898F69A7BD10A23C839D341E935FD5CA,0
C:\Users\Administrator\AppData\Local\DuckStation\savestates\HASH-835B351840F08C34_2.sav,other_or_unknown,,0,4,wrapper_candidate,0x801A2074,0x801A2304,656,0,0,F3ADA85DC3EBD7F44A719593DE276B48D2422C87E7E38B90FDF30EF6E71CF533,415
C:\Users\Administrator\AppData\Local\DuckStation\savestates\HASH-835B351840F08C34_2.sav,other_or_unknown,,0,4,ui_or_coord_table,0x801A7460,0x801A7860,1024,0,0,25B109AB14013CBC54C5044ABCB7AEAB2558F3D34FF6A3C6D62F434E8FCCC967,935
C:\Users\Administrator\AppData\Local\DuckStation\savestates\HASH-835B351840F08C34_3.sav,other_or_unknown,,0,4,e2_or_wrapper,0x8018FCD0,0x8018FDC5,245,0,0,4816801FC4700CE9FAE1D2E6537F553ACE63B6B3CD6DB30B9BB4A7D8505BAA3B,131
C:\Users\Administrator\AppData\Local\DuckStation\savestates\HASH-835B351840F08C34_3.sav,other_or_unknown,,0,4,bank_helper,0x80193B44,0x80193BC4,128,1,1,38723A2E5E8A17AA7950DC008209944E898F69A7BD10A23C839D341E935FD5CA,0
C:\Users\Administrator\AppData\Local\DuckStation\savestates\HASH-835B351840F08C34_3.sav,other_or_unknown,,0,4,wrapper_candidate,0x801A2074,0x801A2304,656,0,0,F3ADA85DC3EBD7F44A719593DE276B48D2422C87E7E38B90FDF30EF6E71CF533,415
C:\Users\Administrator\AppData\Local\DuckStation\savestates\HASH-835B351840F08C34_3.sav,other_or_unknown,,0,4,ui_or_coord_table,0x801A7460,0x801A7860,1024,0,0,25B109AB14013CBC54C5044ABCB7AEAB2558F3D34FF6A3C6D62F434E8FCCC967,935
C:\Users\Administrator\AppData\Local\DuckStation\savestates\HASH-835B351840F08C34_4.sav,other_or_unknown,,0,4,e2_or_wrapper,0x8018FCD0,0x8018FDC5,245,0,0,4816801FC4700CE9FAE1D2E6537F553ACE63B6B3CD6DB30B9BB4A7D8505BAA3B,131
C:\Users\Administrator\AppData\Local\DuckStation\savestates\HASH-835B351840F08C34_4.sav,other_or_unknown,,0,4,bank_helper,0x80193B44,0x80193BC4,128,1,1,38723A2E5E8A17AA7950DC008209944E898F69A7BD10A23C839D341E935FD5CA,0
C:\Users\Administrator\AppData\Local\DuckStation\savestates\HASH-835B351840F08C34_4.sav,other_or_unknown,,0,4,wrapper_candidate,0x801A2074,0x801A2304,656,0,0,F3ADA85DC3EBD7F44A719593DE276B48D2422C87E7E38B90FDF30EF6E71CF533,415
C:\Users\Administrator\AppData\Local\DuckStation\savestates\HASH-835B351840F08C34_4.sav,other_or_unknown,,0,4,ui_or_coord_table,0x801A7460,0x801A7860,1024,0,0,25B109AB14013CBC54C5044ABCB7AEAB2558F3D34FF6A3C6D62F434E8FCCC967,935
C:\Users\Administrator\AppData\Local\DuckStation\savestates\HASH-835B351840F08C34_resume.sav,other_or_unknown,,0,4,e2_or_wrapper,0x8018FCD0,0x8018FDC5,245,0,0,4816801FC4700CE9FAE1D2E6537F553ACE63B6B3CD6DB30B9BB4A7D8505BAA3B,131
C:\Users\Administrator\AppData\Local\DuckStation\savestates\HASH-835B351840F08C34_resume.sav,other_or_unknown,,0,4,bank_helper,0x80193B44,0x80193BC4,128,1,1,38723A2E5E8A17AA7950DC008209944E898F69A7BD10A23C839D341E935FD5CA,0
C:\Users\Administrator\AppData\Local\DuckStation\savestates\HASH-835B351840F08C34_resume.sav,other_or_unknown,,0,4,wrapper_candidate,0x801A2074,0x801A2304,656,0,0,F3ADA85DC3EBD7F44A719593DE276B48D2422C87E7E38B90FDF30EF6E71CF533,415
C:\Users\Administrator\AppData\Local\DuckStation\savestates\HASH-835B351840F08C34_resume.sav,other_or_unknown,,0,4,ui_or_coord_table,0x801A7460,0x801A7860,1024,0,0,25B109AB14013CBC54C5044ABCB7AEAB2558F3D34FF6A3C6D62F434E8FCCC967,935
C:\Users\Administrator\AppData\Local\DuckStation\savestates\HASH-83EEA36E1FC344A9_1.sav,other_or_unknown,,0,4,e2_or_wrapper,0x8018FCD0,0x8018FDC5,245,0,0,4816801FC4700CE9FAE1D2E6537F553ACE63B6B3CD6DB30B9BB4A7D8505BAA3B,131
C:\Users\Administrator\AppData\Local\DuckStation\savestates\HASH-83EEA36E1FC344A9_1.sav,other_or_unknown,,0,4,bank_helper,0x80193B44,0x80193BC4,128,0,0,A56CEEAF0F72EFE30EF586A0DF1FA10F8D0E0A5C7B5E4D2E124C5F1C92AE1F20,108
C:\Users\Administrator\AppData\Local\DuckStation\savestates\HASH-83EEA36E1FC344A9_1.sav,other_or_unknown,,0,4,wrapper_candidate,0x801A2074,0x801A2304,656,0,0,E5203B225D759045D6BD6E983083E524EE3CB81D4DDBB0DE25444828A59EE0ED,376
C:\Users\Administrator\AppData\Local\DuckStation\savestates\HASH-83EEA36E1FC344A9_1.sav,other_or_unknown,,0,4,ui_or_coord_table,0x801A7460,0x801A7860,1024,0,0,8F60FD7E8A15440AF540247D705B6EC4115092E85BC96126D9C8329E4895860E,931
C:\Users\Administrator\AppData\Local\DuckStation\savestates\HASH-83EEA36E1FC344A9_resume.sav,other_or_unknown,,0,4,e2_or_wrapper,0x8018FCD0,0x8018FDC5,245,0,0,4816801FC4700CE9FAE1D2E6537F553ACE63B6B3CD6DB30B9BB4A7D8505BAA3B,131
C:\Users\Administrator\AppData\Local\DuckStation\savestates\HASH-83EEA36E1FC344A9_resume.sav,other_or_unknown,,0,4,bank_helper,0x80193B44,0x80193BC4,128,0,0,A56CEEAF0F72EFE30EF586A0DF1FA10F8D0E0A5C7B5E4D2E124C5F1C92AE1F20,108
C:\Users\Administrator\AppData\Local\DuckStation\savestates\HASH-83EEA36E1FC344A9_resume.sav,other_or_unknown,,0,4,wrapper_candidate,0x801A2074,0x801A2304,656,0,0,E5203B225D759045D6BD6E983083E524EE3CB81D4DDBB0DE25444828A59EE0ED,376
C:\Users\Administrator\AppData\Local\DuckStation\savestates\HASH-83EEA36E1FC344A9_resume.sav,other_or_unknown,,0,4,ui_or_coord_table,0x801A7460,0x801A7860,1024,0,0,8F60FD7E8A15440AF540247D705B6EC4115092E85BC96126D9C8329E4895860E,931
C:\Users\Administrator\AppData\Local\DuckStation\savestates\HASH-84828885F1CF8983_1.sav,other_or_unknown,,3,4,e2_or_wrapper,0x8018FCD0,0x8018FDC5,245,0,0,87CD5D46CF599F36521D42F6D622440A634B473A56B575273690B4A357967FD0,158
C:\Users\Administrator\AppData\Local\DuckStation\savestates\HASH-84828885F1CF8983_1.sav,other_or_unknown,,3,4,bank_helper,0x80193B44,0x80193BC4,128,1,1,38723A2E5E8A17AA7950DC008209944E898F69A7BD10A23C839D341E935FD5CA,0
C:\Users\Administrator\AppData\Local\DuckStation\savestates\HASH-84828885F1CF8983_1.sav,other_or_unknown,,3,4,wrapper_candidate,0x801A2074,0x801A2304,656,1,1,E06E79CDFEDFC6D6107B945613E65B2DE3A209E40115B9B00AB048D2B91CD7D5,0
C:\Users\Administrator\AppData\Local\DuckStation\savestates\HASH-84828885F1CF8983_1.sav,other_or_unknown,,3,4,ui_or_coord_table,0x801A7460,0x801A7860,1024,0,1,33243DCC1C3AC9E70D70C7685F0BA2AFA56448312B4E9132A5F3FB92D7408E3F,62
C:\Users\Administrator\AppData\Local\DuckStation\savestates\HASH-84828885F1CF8983_2.sav,other_or_unknown,,3,4,e2_or_wrapper,0x8018FCD0,0x8018FDC5,245,0,0,87CD5D46CF599F36521D42F6D622440A634B473A56B575273690B4A357967FD0,158
C:\Users\Administrator\AppData\Local\DuckStation\savestates\HASH-84828885F1CF8983_2.sav,other_or_unknown,,3,4,bank_helper,0x80193B44,0x80193BC4,128,1,1,38723A2E5E8A17AA7950DC008209944E898F69A7BD10A23C839D341E935FD5CA,0
C:\Users\Administrator\AppData\Local\DuckStation\savestates\HASH-84828885F1CF8983_2.sav,other_or_unknown,,3,4,wrapper_candidate,0x801A2074,0x801A2304,656,1,1,E06E79CDFEDFC6D6107B945613E65B2DE3A209E40115B9B00AB048D2B91CD7D5,0
C:\Users\Administrator\AppData\Local\DuckStation\savestates\HASH-84828885F1CF8983_2.sav,other_or_unknown,,3,4,ui_or_coord_table,0x801A7460,0x801A7860,1024,0,1,33243DCC1C3AC9E70D70C7685F0BA2AFA56448312B4E9132A5F3FB92D7408E3F,62
C:\Users\Administrator\AppData\Local\DuckStation\savestates\HASH-84828885F1CF8983_resume.sav,other_or_unknown,,3,4,e2_or_wrapper,0x8018FCD0,0x8018FDC5,245,0,0,87CD5D46CF599F36521D42F6D622440A634B473A56B575273690B4A357967FD0,158
C:\Users\Administrator\AppData\Local\DuckStation\savestates\HASH-84828885F1CF8983_resume.sav,other_or_unknown,,3,4,bank_helper,0x80193B44,0x80193BC4,128,1,1,38723A2E5E8A17AA7950DC008209944E898F69A7BD10A23C839D341E935FD5CA,0
C:\Users\Administrator\AppData\Local\DuckStation\savestates\HASH-84828885F1CF8983_resume.sav,other_or_unknown,,3,4,wrapper_candidate,0x801A2074,0x801A2304,656,1,1,E06E79CDFEDFC6D6107B945613E65B2DE3A209E40115B9B00AB048D2B91CD7D5,0
C:\Users\Administrator\AppData\Local\DuckStation\savestates\HASH-84828885F1CF8983_resume.sav,other_or_unknown,,3,4,ui_or_coord_table,0x801A7460,0x801A7860,1024,0,1,33243DCC1C3AC9E70D70C7685F0BA2AFA56448312B4E9132A5F3FB92D7408E3F,62
C:\Users\Administrator\AppData\Local\DuckStation\savestates\HASH-8679B1C6E71DE51C_1.sav,other_or_unknown,,0,4,e2_or_wrapper,0x8018FCD0,0x8018FDC5,245,0,0,4816801FC4700CE9FAE1D2E6537F553ACE63B6B3CD6DB30B9BB4A7D8505BAA3B,131
C:\Users\Administrator\AppData\Local\DuckStation\savestates\HASH-8679B1C6E71DE51C_1.sav,other_or_unknown,,0,4,bank_helper,0x80193B44,0x80193BC4,128,1,1,38723A2E5E8A17AA7950DC008209944E898F69A7BD10A23C839D341E935FD5CA,0
C:\Users\Administrator\AppData\Local\DuckStation\savestates\HASH-8679B1C6E71DE51C_1.sav,other_or_unknown,,0,4,wrapper_candidate,0x801A2074,0x801A2304,656,0,0,EA8100A258DEBE8CE504716BA0ECE557266B58A45A356D95310879762E9AD4AD,421
C:\Users\Administrator\AppData\Local\DuckStation\savestates\HASH-8679B1C6E71DE51C_1.sav,other_or_unknown,,0,4,ui_or_coord_table,0x801A7460,0x801A7860,1024,0,0,54F516CCF75B9BFC66404945F46AE4298FAAB5A32C95656A75C99A893ED0F9ED,932
C:\Users\Administrator\AppData\Local\DuckStation\savestates\HASH-8679B1C6E71DE51C_2.sav,other_or_unknown,,0,4,e2_or_wrapper,0x8018FCD0,0x8018FDC5,245,0,0,4816801FC4700CE9FAE1D2E6537F553ACE63B6B3CD6DB30B9BB4A7D8505BAA3B,131
C:\Users\Administrator\AppData\Local\DuckStation\savestates\HASH-8679B1C6E71DE51C_2.sav,other_or_unknown,,0,4,bank_helper,0x80193B44,0x80193BC4,128,1,1,38723A2E5E8A17AA7950DC008209944E898F69A7BD10A23C839D341E935FD5CA,0
C:\Users\Administrator\AppData\Local\DuckStation\savestates\HASH-8679B1C6E71DE51C_2.sav,other_or_unknown,,0,4,wrapper_candidate,0x801A2074,0x801A2304,656,0,0,EA8100A258DEBE8CE504716BA0ECE557266B58A45A356D95310879762E9AD4AD,421
C:\Users\Administrator\AppData\Local\DuckStation\savestates\HASH-8679B1C6E71DE51C_2.sav,other_or_unknown,,0,4,ui_or_coord_table,0x801A7460,0x801A7860,1024,0,0,54F516CCF75B9BFC66404945F46AE4298FAAB5A32C95656A75C99A893ED0F9ED,932
C:\Users\Administrator\AppData\Local\DuckStation\savestates\HASH-8679B1C6E71DE51C_resume.sav,other_or_unknown,,0,4,e2_or_wrapper,0x8018FCD0,0x8018FDC5,245,0,0,4816801FC4700CE9FAE1D2E6537F553ACE63B6B3CD6DB30B9BB4A7D8505BAA3B,131
C:\Users\Administrator\AppData\Local\DuckStation\savestates\HASH-8679B1C6E71DE51C_resume.sav,other_or_unknown,,0,4,bank_helper,0x80193B44,0x80193BC4,128,1,1,38723A2E5E8A17AA7950DC008209944E898F69A7BD10A23C839D341E935FD5CA,0
C:\Users\Administrator\AppData\Local\DuckStation\savestates\HASH-8679B1C6E71DE51C_resume.sav,other_or_unknown,,0,4,wrapper_candidate,0x801A2074,0x801A2304,656,0,0,EA8100A258DEBE8CE504716BA0ECE557266B58A45A356D95310879762E9AD4AD,421
C:\Users\Administrator\AppData\Local\DuckStation\savestates\HASH-8679B1C6E71DE51C_resume.sav,other_or_unknown,,0,4,ui_or_coord_table,0x801A7460,0x801A7860,1024,0,0,54F516CCF75B9BFC66404945F46AE4298FAAB5A32C95656A75C99A893ED0F9ED,932
C:\Users\Administrator\AppData\Local\DuckStation\savestates\HASH-877504695FC6A822_resume.sav,other_or_unknown,,0,4,e2_or_wrapper,0x8018FCD0,0x8018FDC5,245,0,0,4816801FC4700CE9FAE1D2E6537F553ACE63B6B3CD6DB30B9BB4A7D8505BAA3B,131
C:\Users\Administrator\AppData\Local\DuckStation\savestates\HASH-877504695FC6A822_resume.sav,other_or_unknown,,0,4,bank_helper,0x80193B44,0x80193BC4,128,1,1,38723A2E5E8A17AA7950DC008209944E898F69A7BD10A23C839D341E935FD5CA,0
C:\Users\Administrator\AppData\Local\DuckStation\savestates\HASH-877504695FC6A822_resume.sav,other_or_unknown,,0,4,wrapper_candidate,0x801A2074,0x801A2304,656,1,1,E06E79CDFEDFC6D6107B945613E65B2DE3A209E40115B9B00AB048D2B91CD7D5,0
C:\Users\Administrator\AppData\Local\DuckStation\savestates\HASH-877504695FC6A822_resume.sav,other_or_unknown,,0,4,ui_or_coord_table,0x801A7460,0x801A7860,1024,0,0,15BA54950B33EAFCA7D3B9A0693AB182E36B43C9DF68B5194E69137EAFDD92F7,934
C:\Users\Administrator\AppData\Local\DuckStation\savestates\HASH-896E1422742A9389_1.sav,other_or_unknown,,0,4,e2_or_wrapper,0x8018FCD0,0x8018FDC5,245,0,0,4816801FC4700CE9FAE1D2E6537F553ACE63B6B3CD6DB30B9BB4A7D8505BAA3B,131
C:\Users\Administrator\AppData\Local\DuckStation\savestates\HASH-896E1422742A9389_1.sav,other_or_unknown,,0,4,bank_helper,0x80193B44,0x80193BC4,128,1,1,38723A2E5E8A17AA7950DC008209944E898F69A7BD10A23C839D341E935FD5CA,0
C:\Users\Administrator\AppData\Local\DuckStation\savestates\HASH-896E1422742A9389_1.sav,other_or_unknown,,0,4,wrapper_candidate,0x801A2074,0x801A2304,656,0,0,F6D2E610A6EF6BA764BC327BE3CC0B9D7FCD13345DF57D7AEFCC516FDAD9D3F8,415
C:\Users\Administrator\AppData\Local\DuckStation\savestates\HASH-896E1422742A9389_1.sav,other_or_unknown,,0,4,ui_or_coord_table,0x801A7460,0x801A7860,1024,0,0,35793055E2E6EDF49D8BDCF87E60FACE54A83DC39B330D658ABACBB9D9074BD5,932
C:\Users\Administrator\AppData\Local\DuckStation\savestates\HASH-896E1422742A9389_2.sav,other_or_unknown,,0,4,e2_or_wrapper,0x8018FCD0,0x8018FDC5,245,0,0,4816801FC4700CE9FAE1D2E6537F553ACE63B6B3CD6DB30B9BB4A7D8505BAA3B,131
C:\Users\Administrator\AppData\Local\DuckStation\savestates\HASH-896E1422742A9389_2.sav,other_or_unknown,,0,4,bank_helper,0x80193B44,0x80193BC4,128,1,1,38723A2E5E8A17AA7950DC008209944E898F69A7BD10A23C839D341E935FD5CA,0
C:\Users\Administrator\AppData\Local\DuckStation\savestates\HASH-896E1422742A9389_2.sav,other_or_unknown,,0,4,wrapper_candidate,0x801A2074,0x801A2304,656,0,0,F6D2E610A6EF6BA764BC327BE3CC0B9D7FCD13345DF57D7AEFCC516FDAD9D3F8,415
C:\Users\Administrator\AppData\Local\DuckStation\savestates\HASH-896E1422742A9389_2.sav,other_or_unknown,,0,4,ui_or_coord_table,0x801A7460,0x801A7860,1024,0,0,35793055E2E6EDF49D8BDCF87E60FACE54A83DC39B330D658ABACBB9D9074BD5,932
C:\Users\Administrator\AppData\Local\DuckStation\savestates\HASH-896E1422742A9389_resume.sav,other_or_unknown,,0,4,e2_or_wrapper,0x8018FCD0,0x8018FDC5,245,0,0,4816801FC4700CE9FAE1D2E6537F553ACE63B6B3CD6DB30B9BB4A7D8505BAA3B,131
C:\Users\Administrator\AppData\Local\DuckStation\savestates\HASH-896E1422742A9389_resume.sav,other_or_unknown,,0,4,bank_helper,0x80193B44,0x80193BC4,128,1,1,38723A2E5E8A17AA7950DC008209944E898F69A7BD10A23C839D341E935FD5CA,0
C:\Users\Administrator\AppData\Local\DuckStation\savestates\HASH-896E1422742A9389_resume.sav,other_or_unknown,,0,4,wrapper_candidate,0x801A2074,0x801A2304,656,0,0,F6D2E610A6EF6BA764BC327BE3CC0B9D7FCD13345DF57D7AEFCC516FDAD9D3F8,415
C:\Users\Administrator\AppData\Local\DuckStation\savestates\HASH-896E1422742A9389_resume.sav,other_or_unknown,,0,4,ui_or_coord_table,0x801A7460,0x801A7860,1024,0,0,35793055E2E6EDF49D8BDCF87E60FACE54A83DC39B330D658ABACBB9D9074BD5,932
C:\Users\Administrator\AppData\Local\DuckStation\savestates\HASH-8B1781E179F447F3_1.sav,other_or_unknown,,0,4,e2_or_wrapper,0x8018FCD0,0x8018FDC5,245,0,0,4816801FC4700CE9FAE1D2E6537F553ACE63B6B3CD6DB30B9BB4A7D8505BAA3B,131
C:\Users\Administrator\AppData\Local\DuckStation\savestates\HASH-8B1781E179F447F3_1.sav,other_or_unknown,,0,4,bank_helper,0x80193B44,0x80193BC4,128,1,1,38723A2E5E8A17AA7950DC008209944E898F69A7BD10A23C839D341E935FD5CA,0
C:\Users\Administrator\AppData\Local\DuckStation\savestates\HASH-8B1781E179F447F3_1.sav,other_or_unknown,,0,4,wrapper_candidate,0x801A2074,0x801A2304,656,0,0,9AC093630A4A34D47A5164B93B93CE8E62AE55B10185086C69D4FDF2A7E342BE,414
C:\Users\Administrator\AppData\Local\DuckStation\savestates\HASH-8B1781E179F447F3_1.sav,other_or_unknown,,0,4,ui_or_coord_table,0x801A7460,0x801A7860,1024,0,0,7A56DABFAC185758C37F88C94734B3338CA1DE8F7B7B4EC178D64907759E9893,904
C:\Users\Administrator\AppData\Local\DuckStation\savestates\HASH-8B1781E179F447F3_2.sav,other_or_unknown,,0,4,e2_or_wrapper,0x8018FCD0,0x8018FDC5,245,0,0,4816801FC4700CE9FAE1D2E6537F553ACE63B6B3CD6DB30B9BB4A7D8505BAA3B,131
C:\Users\Administrator\AppData\Local\DuckStation\savestates\HASH-8B1781E179F447F3_2.sav,other_or_unknown,,0,4,bank_helper,0x80193B44,0x80193BC4,128,1,1,38723A2E5E8A17AA7950DC008209944E898F69A7BD10A23C839D341E935FD5CA,0
C:\Users\Administrator\AppData\Local\DuckStation\savestates\HASH-8B1781E179F447F3_2.sav,other_or_unknown,,0,4,wrapper_candidate,0x801A2074,0x801A2304,656,0,0,9AC093630A4A34D47A5164B93B93CE8E62AE55B10185086C69D4FDF2A7E342BE,414
C:\Users\Administrator\AppData\Local\DuckStation\savestates\HASH-8B1781E179F447F3_2.sav,other_or_unknown,,0,4,ui_or_coord_table,0x801A7460,0x801A7860,1024,0,0,7A56DABFAC185758C37F88C94734B3338CA1DE8F7B7B4EC178D64907759E9893,904
C:\Users\Administrator\AppData\Local\DuckStation\savestates\HASH-8B1781E179F447F3_3.sav,other_or_unknown,,0,4,e2_or_wrapper,0x8018FCD0,0x8018FDC5,245,0,0,4816801FC4700CE9FAE1D2E6537F553ACE63B6B3CD6DB30B9BB4A7D8505BAA3B,131
C:\Users\Administrator\AppData\Local\DuckStation\savestates\HASH-8B1781E179F447F3_3.sav,other_or_unknown,,0,4,bank_helper,0x80193B44,0x80193BC4,128,1,1,38723A2E5E8A17AA7950DC008209944E898F69A7BD10A23C839D341E935FD5CA,0
C:\Users\Administrator\AppData\Local\DuckStation\savestates\HASH-8B1781E179F447F3_3.sav,other_or_unknown,,0,4,wrapper_candidate,0x801A2074,0x801A2304,656,0,0,9AC093630A4A34D47A5164B93B93CE8E62AE55B10185086C69D4FDF2A7E342BE,414
C:\Users\Administrator\AppData\Local\DuckStation\savestates\HASH-8B1781E179F447F3_3.sav,other_or_unknown,,0,4,ui_or_coord_table,0x801A7460,0x801A7860,1024,0,0,7A56DABFAC185758C37F88C94734B3338CA1DE8F7B7B4EC178D64907759E9893,904
C:\Users\Administrator\AppData\Local\DuckStation\savestates\HASH-8B1781E179F447F3_resume.sav,other_or_unknown,,0,4,e2_or_wrapper,0x8018FCD0,0x8018FDC5,245,0,0,4816801FC4700CE9FAE1D2E6537F553ACE63B6B3CD6DB30B9BB4A7D8505BAA3B,131
C:\Users\Administrator\AppData\Local\DuckStation\savestates\HASH-8B1781E179F447F3_resume.sav,other_or_unknown,,0,4,bank_helper,0x80193B44,0x80193BC4,128,1,1,38723A2E5E8A17AA7950DC008209944E898F69A7BD10A23C839D341E935FD5CA,0
C:\Users\Administrator\AppData\Local\DuckStation\savestates\HASH-8B1781E179F447F3_resume.sav,other_or_unknown,,0,4,wrapper_candidate,0x801A2074,0x801A2304,656,0,0,9AC093630A4A34D47A5164B93B93CE8E62AE55B10185086C69D4FDF2A7E342BE,414
C:\Users\Administrator\AppData\Local\DuckStation\savestates\HASH-8B1781E179F447F3_resume.sav,other_or_unknown,,0,4,ui_or_coord_table,0x801A7460,0x801A7860,1024,0,0,7A56DABFAC185758C37F88C94734B3338CA1DE8F7B7B4EC178D64907759E9893,904
C:\Users\Administrator\AppData\Local\DuckStation\savestates\HASH-8BDE3D3B81BB8343_1.sav,other_or_unknown,,0,4,e2_or_wrapper,0x8018FCD0,0x8018FDC5,245,0,0,4816801FC4700CE9FAE1D2E6537F553ACE63B6B3CD6DB30B9BB4A7D8505BAA3B,131
C:\Users\Administrator\AppData\Local\DuckStation\savestates\HASH-8BDE3D3B81BB8343_1.sav,other_or_unknown,,0,4,bank_helper,0x80193B44,0x80193BC4,128,1,1,38723A2E5E8A17AA7950DC008209944E898F69A7BD10A23C839D341E935FD5CA,0
C:\Users\Administrator\AppData\Local\DuckStation\savestates\HASH-8BDE3D3B81BB8343_1.sav,other_or_unknown,,0,4,wrapper_candidate,0x801A2074,0x801A2304,656,0,0,C34D8EB30730A00F88041FC59870561406A904742B073EE2B004A36D3FA9845D,415
C:\Users\Administrator\AppData\Local\DuckStation\savestates\HASH-8BDE3D3B81BB8343_1.sav,other_or_unknown,,0,4,ui_or_coord_table,0x801A7460,0x801A7860,1024,0,0,ADC42548107D92DC522AE71078D46E80B4366F5B78A38786F54A563A091E125C,931
C:\Users\Administrator\AppData\Local\DuckStation\savestates\HASH-8BDE3D3B81BB8343_2.sav,other_or_unknown,,0,4,e2_or_wrapper,0x8018FCD0,0x8018FDC5,245,0,0,4816801FC4700CE9FAE1D2E6537F553ACE63B6B3CD6DB30B9BB4A7D8505BAA3B,131
C:\Users\Administrator\AppData\Local\DuckStation\savestates\HASH-8BDE3D3B81BB8343_2.sav,other_or_unknown,,0,4,bank_helper,0x80193B44,0x80193BC4,128,1,1,38723A2E5E8A17AA7950DC008209944E898F69A7BD10A23C839D341E935FD5CA,0
C:\Users\Administrator\AppData\Local\DuckStation\savestates\HASH-8BDE3D3B81BB8343_2.sav,other_or_unknown,,0,4,wrapper_candidate,0x801A2074,0x801A2304,656,0,0,C34D8EB30730A00F88041FC59870561406A904742B073EE2B004A36D3FA9845D,415
C:\Users\Administrator\AppData\Local\DuckStation\savestates\HASH-8BDE3D3B81BB8343_2.sav,other_or_unknown,,0,4,ui_or_coord_table,0x801A7460,0x801A7860,1024,0,0,ADC42548107D92DC522AE71078D46E80B4366F5B78A38786F54A563A091E125C,931
C:\Users\Administrator\AppData\Local\DuckStation\savestates\HASH-8BDE3D3B81BB8343_3.sav,other_or_unknown,,0,4,e2_or_wrapper,0x8018FCD0,0x8018FDC5,245,0,0,4816801FC4700CE9FAE1D2E6537F553ACE63B6B3CD6DB30B9BB4A7D8505BAA3B,131
C:\Users\Administrator\AppData\Local\DuckStation\savestates\HASH-8BDE3D3B81BB8343_3.sav,other_or_unknown,,0,4,bank_helper,0x80193B44,0x80193BC4,128,1,1,38723A2E5E8A17AA7950DC008209944E898F69A7BD10A23C839D341E935FD5CA,0
C:\Users\Administrator\AppData\Local\DuckStation\savestates\HASH-8BDE3D3B81BB8343_3.sav,other_or_unknown,,0,4,wrapper_candidate,0x801A2074,0x801A2304,656,0,0,C34D8EB30730A00F88041FC59870561406A904742B073EE2B004A36D3FA9845D,415
C:\Users\Administrator\AppData\Local\DuckStation\savestates\HASH-8BDE3D3B81BB8343_3.sav,other_or_unknown,,0,4,ui_or_coord_table,0x801A7460,0x801A7860,1024,0,0,ADC42548107D92DC522AE71078D46E80B4366F5B78A38786F54A563A091E125C,931
C:\Users\Administrator\AppData\Local\DuckStation\savestates\HASH-8BDE3D3B81BB8343_resume.sav,other_or_unknown,,0,4,e2_or_wrapper,0x8018FCD0,0x8018FDC5,245,0,0,4816801FC4700CE9FAE1D2E6537F553ACE63B6B3CD6DB30B9BB4A7D8505BAA3B,131
C:\Users\Administrator\AppData\Local\DuckStation\savestates\HASH-8BDE3D3B81BB8343_resume.sav,other_or_unknown,,0,4,bank_helper,0x80193B44,0x80193BC4,128,1,1,38723A2E5E8A17AA7950DC008209944E898F69A7BD10A23C839D341E935FD5CA,0
C:\Users\Administrator\AppData\Local\DuckStation\savestates\HASH-8BDE3D3B81BB8343_resume.sav,other_or_unknown,,0,4,wrapper_candidate,0x801A2074,0x801A2304,656,0,0,C34D8EB30730A00F88041FC59870561406A904742B073EE2B004A36D3FA9845D,415
C:\Users\Administrator\AppData\Local\DuckStation\savestates\HASH-8BDE3D3B81BB8343_resume.sav,other_or_unknown,,0,4,ui_or_coord_table,0x801A7460,0x801A7860,1024,0,0,ADC42548107D92DC522AE71078D46E80B4366F5B78A38786F54A563A091E125C,931
C:\Users\Administrator\AppData\Local\DuckStation\savestates\HASH-8C23CC5A882BE421_1.sav,other_or_unknown,,0,4,e2_or_wrapper,0x8018FCD0,0x8018FDC5,245,0,0,4816801FC4700CE9FAE1D2E6537F553ACE63B6B3CD6DB30B9BB4A7D8505BAA3B,131
C:\Users\Administrator\AppData\Local\DuckStation\savestates\HASH-8C23CC5A882BE421_1.sav,other_or_unknown,,0,4,bank_helper,0x80193B44,0x80193BC4,128,1,1,38723A2E5E8A17AA7950DC008209944E898F69A7BD10A23C839D341E935FD5CA,0
C:\Users\Administrator\AppData\Local\DuckStation\savestates\HASH-8C23CC5A882BE421_1.sav,other_or_unknown,,0,4,wrapper_candidate,0x801A2074,0x801A2304,656,0,0,149808E186921E986B86713578C09B29CFD3A8CC92C8D707B48FE660646BA6A9,342
C:\Users\Administrator\AppData\Local\DuckStation\savestates\HASH-8C23CC5A882BE421_1.sav,other_or_unknown,,0,4,ui_or_coord_table,0x801A7460,0x801A7860,1024,0,0,426E9DDCC33664FAE1E5A48AD8C10328E56E686647E5E675A44C9643701EFEC2,932
C:\Users\Administrator\AppData\Local\DuckStation\savestates\HASH-8C23CC5A882BE421_resume.sav,other_or_unknown,,0,4,e2_or_wrapper,0x8018FCD0,0x8018FDC5,245,0,0,4816801FC4700CE9FAE1D2E6537F553ACE63B6B3CD6DB30B9BB4A7D8505BAA3B,131
C:\Users\Administrator\AppData\Local\DuckStation\savestates\HASH-8C23CC5A882BE421_resume.sav,other_or_unknown,,0,4,bank_helper,0x80193B44,0x80193BC4,128,1,1,38723A2E5E8A17AA7950DC008209944E898F69A7BD10A23C839D341E935FD5CA,0
C:\Users\Administrator\AppData\Local\DuckStation\savestates\HASH-8C23CC5A882BE421_resume.sav,other_or_unknown,,0,4,wrapper_candidate,0x801A2074,0x801A2304,656,0,0,149808E186921E986B86713578C09B29CFD3A8CC92C8D707B48FE660646BA6A9,342
C:\Users\Administrator\AppData\Local\DuckStation\savestates\HASH-8C23CC5A882BE421_resume.sav,other_or_unknown,,0,4,ui_or_coord_table,0x801A7460,0x801A7860,1024,0,0,426E9DDCC33664FAE1E5A48AD8C10328E56E686647E5E675A44C9643701EFEC2,932
C:\Users\Administrator\AppData\Local\DuckStation\savestates\HASH-8C8F1E3B04CAF162_1.sav,other_or_unknown,,0,4,e2_or_wrapper,0x8018FCD0,0x8018FDC5,245,0,0,4816801FC4700CE9FAE1D2E6537F553ACE63B6B3CD6DB30B9BB4A7D8505BAA3B,131
C:\Users\Administrator\AppData\Local\DuckStation\savestates\HASH-8C8F1E3B04CAF162_1.sav,other_or_unknown,,0,4,bank_helper,0x80193B44,0x80193BC4,128,1,1,38723A2E5E8A17AA7950DC008209944E898F69A7BD10A23C839D341E935FD5CA,0
C:\Users\Administrator\AppData\Local\DuckStation\savestates\HASH-8C8F1E3B04CAF162_1.sav,other_or_unknown,,0,4,wrapper_candidate,0x801A2074,0x801A2304,656,0,0,1E15736151818F3704604741CFF14ED779E87B7A954A9251A29F3DF5D5FFE76D,414
C:\Users\Administrator\AppData\Local\DuckStation\savestates\HASH-8C8F1E3B04CAF162_1.sav,other_or_unknown,,0,4,ui_or_coord_table,0x801A7460,0x801A7860,1024,0,0,CFA9BDD358BC30B2EB3347F977B686411EC7CBE4B8D14746AFDD6AEA9E33AFEC,902
C:\Users\Administrator\AppData\Local\DuckStation\savestates\HASH-8C8F1E3B04CAF162_resume.sav,other_or_unknown,,0,4,e2_or_wrapper,0x8018FCD0,0x8018FDC5,245,0,0,4816801FC4700CE9FAE1D2E6537F553ACE63B6B3CD6DB30B9BB4A7D8505BAA3B,131
C:\Users\Administrator\AppData\Local\DuckStation\savestates\HASH-8C8F1E3B04CAF162_resume.sav,other_or_unknown,,0,4,bank_helper,0x80193B44,0x80193BC4,128,1,1,38723A2E5E8A17AA7950DC008209944E898F69A7BD10A23C839D341E935FD5CA,0
C:\Users\Administrator\AppData\Local\DuckStation\savestates\HASH-8C8F1E3B04CAF162_resume.sav,other_or_unknown,,0,4,wrapper_candidate,0x801A2074,0x801A2304,656,0,0,1E15736151818F3704604741CFF14ED779E87B7A954A9251A29F3DF5D5FFE76D,414
C:\Users\Administrator\AppData\Local\DuckStation\savestates\HASH-8C8F1E3B04CAF162_resume.sav,other_or_unknown,,0,4,ui_or_coord_table,0x801A7460,0x801A7860,1024,0,0,CFA9BDD358BC30B2EB3347F977B686411EC7CBE4B8D14746AFDD6AEA9E33AFEC,902
C:\Users\Administrator\AppData\Local\DuckStation\savestates\HASH-8D6DA4AE58A07A6_1.sav,other_or_unknown,,0,4,e2_or_wrapper,0x8018FCD0,0x8018FDC5,245,0,0,4816801FC4700CE9FAE1D2E6537F553ACE63B6B3CD6DB30B9BB4A7D8505BAA3B,131
C:\Users\Administrator\AppData\Local\DuckStation\savestates\HASH-8D6DA4AE58A07A6_1.sav,other_or_unknown,,0,4,bank_helper,0x80193B44,0x80193BC4,128,1,1,38723A2E5E8A17AA7950DC008209944E898F69A7BD10A23C839D341E935FD5CA,0
C:\Users\Administrator\AppData\Local\DuckStation\savestates\HASH-8D6DA4AE58A07A6_1.sav,other_or_unknown,,0,4,wrapper_candidate,0x801A2074,0x801A2304,656,0,0,149808E186921E986B86713578C09B29CFD3A8CC92C8D707B48FE660646BA6A9,342
C:\Users\Administrator\AppData\Local\DuckStation\savestates\HASH-8D6DA4AE58A07A6_1.sav,other_or_unknown,,0,4,ui_or_coord_table,0x801A7460,0x801A7860,1024,0,0,426E9DDCC33664FAE1E5A48AD8C10328E56E686647E5E675A44C9643701EFEC2,932
C:\Users\Administrator\AppData\Local\DuckStation\savestates\HASH-8D6DA4AE58A07A6_resume.sav,other_or_unknown,,0,4,e2_or_wrapper,0x8018FCD0,0x8018FDC5,245,0,0,4816801FC4700CE9FAE1D2E6537F553ACE63B6B3CD6DB30B9BB4A7D8505BAA3B,131
C:\Users\Administrator\AppData\Local\DuckStation\savestates\HASH-8D6DA4AE58A07A6_resume.sav,other_or_unknown,,0,4,bank_helper,0x80193B44,0x80193BC4,128,1,1,38723A2E5E8A17AA7950DC008209944E898F69A7BD10A23C839D341E935FD5CA,0
C:\Users\Administrator\AppData\Local\DuckStation\savestates\HASH-8D6DA4AE58A07A6_resume.sav,other_or_unknown,,0,4,wrapper_candidate,0x801A2074,0x801A2304,656,0,0,149808E186921E986B86713578C09B29CFD3A8CC92C8D707B48FE660646BA6A9,342
C:\Users\Administrator\AppData\Local\DuckStation\savestates\HASH-8D6DA4AE58A07A6_resume.sav,other_or_unknown,,0,4,ui_or_coord_table,0x801A7460,0x801A7860,1024,0,0,426E9DDCC33664FAE1E5A48AD8C10328E56E686647E5E675A44C9643701EFEC2,932
C:\Users\Administrator\AppData\Local\DuckStation\savestates\HASH-8EC29F7550AF22E1_resume.sav,other_or_unknown,,0,4,e2_or_wrapper,0x8018FCD0,0x8018FDC5,245,0,0,4816801FC4700CE9FAE1D2E6537F553ACE63B6B3CD6DB30B9BB4A7D8505BAA3B,131
C:\Users\Administrator\AppData\Local\DuckStation\savestates\HASH-8EC29F7550AF22E1_resume.sav,other_or_unknown,,0,4,bank_helper,0x80193B44,0x80193BC4,128,1,1,38723A2E5E8A17AA7950DC008209944E898F69A7BD10A23C839D341E935FD5CA,0
C:\Users\Administrator\AppData\Local\DuckStation\savestates\HASH-8EC29F7550AF22E1_resume.sav,other_or_unknown,,0,4,wrapper_candidate,0x801A2074,0x801A2304,656,1,1,E06E79CDFEDFC6D6107B945613E65B2DE3A209E40115B9B00AB048D2B91CD7D5,0
C:\Users\Administrator\AppData\Local\DuckStation\savestates\HASH-8EC29F7550AF22E1_resume.sav,other_or_unknown,,0,4,ui_or_coord_table,0x801A7460,0x801A7860,1024,0,0,426E9DDCC33664FAE1E5A48AD8C10328E56E686647E5E675A44C9643701EFEC2,932
C:\Users\Administrator\AppData\Local\DuckStation\savestates\HASH-8FF82AEEED32D27D_1.sav,other_or_unknown,,0,4,e2_or_wrapper,0x8018FCD0,0x8018FDC5,245,0,0,4816801FC4700CE9FAE1D2E6537F553ACE63B6B3CD6DB30B9BB4A7D8505BAA3B,131
C:\Users\Administrator\AppData\Local\DuckStation\savestates\HASH-8FF82AEEED32D27D_1.sav,other_or_unknown,,0,4,bank_helper,0x80193B44,0x80193BC4,128,0,0,B52E175EB6F9441D32F8D8D886529B250143E493A207C4F03C54C9E1C96D78A4,100
C:\Users\Administrator\AppData\Local\DuckStation\savestates\HASH-8FF82AEEED32D27D_1.sav,other_or_unknown,,0,4,wrapper_candidate,0x801A2074,0x801A2304,656,0,0,1E15736151818F3704604741CFF14ED779E87B7A954A9251A29F3DF5D5FFE76D,414
C:\Users\Administrator\AppData\Local\DuckStation\savestates\HASH-8FF82AEEED32D27D_1.sav,other_or_unknown,,0,4,ui_or_coord_table,0x801A7460,0x801A7860,1024,0,0,7A56DABFAC185758C37F88C94734B3338CA1DE8F7B7B4EC178D64907759E9893,904
C:\Users\Administrator\AppData\Local\DuckStation\savestates\HASH-8FF82AEEED32D27D_2.sav,other_or_unknown,,0,4,e2_or_wrapper,0x8018FCD0,0x8018FDC5,245,0,0,4816801FC4700CE9FAE1D2E6537F553ACE63B6B3CD6DB30B9BB4A7D8505BAA3B,131
C:\Users\Administrator\AppData\Local\DuckStation\savestates\HASH-8FF82AEEED32D27D_2.sav,other_or_unknown,,0,4,bank_helper,0x80193B44,0x80193BC4,128,0,0,B52E175EB6F9441D32F8D8D886529B250143E493A207C4F03C54C9E1C96D78A4,100
C:\Users\Administrator\AppData\Local\DuckStation\savestates\HASH-8FF82AEEED32D27D_2.sav,other_or_unknown,,0,4,wrapper_candidate,0x801A2074,0x801A2304,656,0,0,1E15736151818F3704604741CFF14ED779E87B7A954A9251A29F3DF5D5FFE76D,414
C:\Users\Administrator\AppData\Local\DuckStation\savestates\HASH-8FF82AEEED32D27D_2.sav,other_or_unknown,,0,4,ui_or_coord_table,0x801A7460,0x801A7860,1024,0,0,7A56DABFAC185758C37F88C94734B3338CA1DE8F7B7B4EC178D64907759E9893,904
C:\Users\Administrator\AppData\Local\DuckStation\savestates\HASH-8FF82AEEED32D27D_3.sav,other_or_unknown,,0,4,e2_or_wrapper,0x8018FCD0,0x8018FDC5,245,0,0,4816801FC4700CE9FAE1D2E6537F553ACE63B6B3CD6DB30B9BB4A7D8505BAA3B,131
C:\Users\Administrator\AppData\Local\DuckStation\savestates\HASH-8FF82AEEED32D27D_3.sav,other_or_unknown,,0,4,bank_helper,0x80193B44,0x80193BC4,128,0,0,B52E175EB6F9441D32F8D8D886529B250143E493A207C4F03C54C9E1C96D78A4,100
C:\Users\Administrator\AppData\Local\DuckStation\savestates\HASH-8FF82AEEED32D27D_3.sav,other_or_unknown,,0,4,wrapper_candidate,0x801A2074,0x801A2304,656,0,0,1E15736151818F3704604741CFF14ED779E87B7A954A9251A29F3DF5D5FFE76D,414
C:\Users\Administrator\AppData\Local\DuckStation\savestates\HASH-8FF82AEEED32D27D_3.sav,other_or_unknown,,0,4,ui_or_coord_table,0x801A7460,0x801A7860,1024,0,0,7A56DABFAC185758C37F88C94734B3338CA1DE8F7B7B4EC178D64907759E9893,904
C:\Users\Administrator\AppData\Local\DuckStation\savestates\HASH-8FF82AEEED32D27D_4.sav,other_or_unknown,,0,4,e2_or_wrapper,0x8018FCD0,0x8018FDC5,245,0,0,4816801FC4700CE9FAE1D2E6537F553ACE63B6B3CD6DB30B9BB4A7D8505BAA3B,131
C:\Users\Administrator\AppData\Local\DuckStation\savestates\HASH-8FF82AEEED32D27D_4.sav,other_or_unknown,,0,4,bank_helper,0x80193B44,0x80193BC4,128,0,0,B52E175EB6F9441D32F8D8D886529B250143E493A207C4F03C54C9E1C96D78A4,100
C:\Users\Administrator\AppData\Local\DuckStation\savestates\HASH-8FF82AEEED32D27D_4.sav,other_or_unknown,,0,4,wrapper_candidate,0x801A2074,0x801A2304,656,0,0,383715790A2728D924E52648E3024066833BDD4D7E0529A4805DA0374A82916B,392
C:\Users\Administrator\AppData\Local\DuckStation\savestates\HASH-8FF82AEEED32D27D_4.sav,other_or_unknown,,0,4,ui_or_coord_table,0x801A7460,0x801A7860,1024,0,0,7A56DABFAC185758C37F88C94734B3338CA1DE8F7B7B4EC178D64907759E9893,904
C:\Users\Administrator\AppData\Local\DuckStation\savestates\HASH-8FF82AEEED32D27D_5.sav,other_or_unknown,,0,4,e2_or_wrapper,0x8018FCD0,0x8018FDC5,245,0,0,4816801FC4700CE9FAE1D2E6537F553ACE63B6B3CD6DB30B9BB4A7D8505BAA3B,131
C:\Users\Administrator\AppData\Local\DuckStation\savestates\HASH-8FF82AEEED32D27D_5.sav,other_or_unknown,,0,4,bank_helper,0x80193B44,0x80193BC4,128,0,0,B52E175EB6F9441D32F8D8D886529B250143E493A207C4F03C54C9E1C96D78A4,100
C:\Users\Administrator\AppData\Local\DuckStation\savestates\HASH-8FF82AEEED32D27D_5.sav,other_or_unknown,,0,4,wrapper_candidate,0x801A2074,0x801A2304,656,0,0,383715790A2728D924E52648E3024066833BDD4D7E0529A4805DA0374A82916B,392
C:\Users\Administrator\AppData\Local\DuckStation\savestates\HASH-8FF82AEEED32D27D_5.sav,other_or_unknown,,0,4,ui_or_coord_table,0x801A7460,0x801A7860,1024,0,0,7A56DABFAC185758C37F88C94734B3338CA1DE8F7B7B4EC178D64907759E9893,904
C:\Users\Administrator\AppData\Local\DuckStation\savestates\HASH-8FF82AEEED32D27D_6.sav,other_or_unknown,,0,4,e2_or_wrapper,0x8018FCD0,0x8018FDC5,245,0,0,4816801FC4700CE9FAE1D2E6537F553ACE63B6B3CD6DB30B9BB4A7D8505BAA3B,131
C:\Users\Administrator\AppData\Local\DuckStation\savestates\HASH-8FF82AEEED32D27D_6.sav,other_or_unknown,,0,4,bank_helper,0x80193B44,0x80193BC4,128,0,0,B52E175EB6F9441D32F8D8D886529B250143E493A207C4F03C54C9E1C96D78A4,100
C:\Users\Administrator\AppData\Local\DuckStation\savestates\HASH-8FF82AEEED32D27D_6.sav,other_or_unknown,,0,4,wrapper_candidate,0x801A2074,0x801A2304,656,0,0,383715790A2728D924E52648E3024066833BDD4D7E0529A4805DA0374A82916B,392
C:\Users\Administrator\AppData\Local\DuckStation\savestates\HASH-8FF82AEEED32D27D_6.sav,other_or_unknown,,0,4,ui_or_coord_table,0x801A7460,0x801A7860,1024,0,0,7A56DABFAC185758C37F88C94734B3338CA1DE8F7B7B4EC178D64907759E9893,904
C:\Users\Administrator\AppData\Local\DuckStation\savestates\HASH-8FF82AEEED32D27D_resume.sav,other_or_unknown,,0,4,e2_or_wrapper,0x8018FCD0,0x8018FDC5,245,0,0,4816801FC4700CE9FAE1D2E6537F553ACE63B6B3CD6DB30B9BB4A7D8505BAA3B,131
C:\Users\Administrator\AppData\Local\DuckStation\savestates\HASH-8FF82AEEED32D27D_resume.sav,other_or_unknown,,0,4,bank_helper,0x80193B44,0x80193BC4,128,0,0,B52E175EB6F9441D32F8D8D886529B250143E493A207C4F03C54C9E1C96D78A4,100
C:\Users\Administrator\AppData\Local\DuckStation\savestates\HASH-8FF82AEEED32D27D_resume.sav,other_or_unknown,,0,4,wrapper_candidate,0x801A2074,0x801A2304,656,0,0,383715790A2728D924E52648E3024066833BDD4D7E0529A4805DA0374A82916B,392
C:\Users\Administrator\AppData\Local\DuckStation\savestates\HASH-8FF82AEEED32D27D_resume.sav,other_or_unknown,,0,4,ui_or_coord_table,0x801A7460,0x801A7860,1024,0,0,7A56DABFAC185758C37F88C94734B3338CA1DE8F7B7B4EC178D64907759E9893,904
C:\Users\Administrator\AppData\Local\DuckStation\savestates\HASH-90BB30EF33B48EB7_1.sav,other_or_unknown,,0,4,e2_or_wrapper,0x8018FCD0,0x8018FDC5,245,0,0,4816801FC4700CE9FAE1D2E6537F553ACE63B6B3CD6DB30B9BB4A7D8505BAA3B,131
C:\Users\Administrator\AppData\Local\DuckStation\savestates\HASH-90BB30EF33B48EB7_1.sav,other_or_unknown,,0,4,bank_helper,0x80193B44,0x80193BC4,128,1,1,38723A2E5E8A17AA7950DC008209944E898F69A7BD10A23C839D341E935FD5CA,0
C:\Users\Administrator\AppData\Local\DuckStation\savestates\HASH-90BB30EF33B48EB7_1.sav,other_or_unknown,,0,4,wrapper_candidate,0x801A2074,0x801A2304,656,0,0,1E15736151818F3704604741CFF14ED779E87B7A954A9251A29F3DF5D5FFE76D,414
C:\Users\Administrator\AppData\Local\DuckStation\savestates\HASH-90BB30EF33B48EB7_1.sav,other_or_unknown,,0,4,ui_or_coord_table,0x801A7460,0x801A7860,1024,0,0,7A56DABFAC185758C37F88C94734B3338CA1DE8F7B7B4EC178D64907759E9893,904
C:\Users\Administrator\AppData\Local\DuckStation\savestates\HASH-90BB30EF33B48EB7_10.sav,other_or_unknown,,0,4,e2_or_wrapper,0x8018FCD0,0x8018FDC5,245,0,0,4816801FC4700CE9FAE1D2E6537F553ACE63B6B3CD6DB30B9BB4A7D8505BAA3B,131
C:\Users\Administrator\AppData\Local\DuckStation\savestates\HASH-90BB30EF33B48EB7_10.sav,other_or_unknown,,0,4,bank_helper,0x80193B44,0x80193BC4,128,1,1,38723A2E5E8A17AA7950DC008209944E898F69A7BD10A23C839D341E935FD5CA,0
C:\Users\Administrator\AppData\Local\DuckStation\savestates\HASH-90BB30EF33B48EB7_10.sav,other_or_unknown,,0,4,wrapper_candidate,0x801A2074,0x801A2304,656,0,0,1E15736151818F3704604741CFF14ED779E87B7A954A9251A29F3DF5D5FFE76D,414
C:\Users\Administrator\AppData\Local\DuckStation\savestates\HASH-90BB30EF33B48EB7_10.sav,other_or_unknown,,0,4,ui_or_coord_table,0x801A7460,0x801A7860,1024,0,0,7A56DABFAC185758C37F88C94734B3338CA1DE8F7B7B4EC178D64907759E9893,904
C:\Users\Administrator\AppData\Local\DuckStation\savestates\HASH-90BB30EF33B48EB7_2.sav,other_or_unknown,,0,4,e2_or_wrapper,0x8018FCD0,0x8018FDC5,245,0,0,4816801FC4700CE9FAE1D2E6537F553ACE63B6B3CD6DB30B9BB4A7D8505BAA3B,131
C:\Users\Administrator\AppData\Local\DuckStation\savestates\HASH-90BB30EF33B48EB7_2.sav,other_or_unknown,,0,4,bank_helper,0x80193B44,0x80193BC4,128,1,1,38723A2E5E8A17AA7950DC008209944E898F69A7BD10A23C839D341E935FD5CA,0
C:\Users\Administrator\AppData\Local\DuckStation\savestates\HASH-90BB30EF33B48EB7_2.sav,other_or_unknown,,0,4,wrapper_candidate,0x801A2074,0x801A2304,656,0,0,1E15736151818F3704604741CFF14ED779E87B7A954A9251A29F3DF5D5FFE76D,414
C:\Users\Administrator\AppData\Local\DuckStation\savestates\HASH-90BB30EF33B48EB7_2.sav,other_or_unknown,,0,4,ui_or_coord_table,0x801A7460,0x801A7860,1024,0,0,7A56DABFAC185758C37F88C94734B3338CA1DE8F7B7B4EC178D64907759E9893,904
C:\Users\Administrator\AppData\Local\DuckStation\savestates\HASH-90BB30EF33B48EB7_3.sav,other_or_unknown,,0,4,e2_or_wrapper,0x8018FCD0,0x8018FDC5,245,0,0,4816801FC4700CE9FAE1D2E6537F553ACE63B6B3CD6DB30B9BB4A7D8505BAA3B,131
C:\Users\Administrator\AppData\Local\DuckStation\savestates\HASH-90BB30EF33B48EB7_3.sav,other_or_unknown,,0,4,bank_helper,0x80193B44,0x80193BC4,128,1,1,38723A2E5E8A17AA7950DC008209944E898F69A7BD10A23C839D341E935FD5CA,0
C:\Users\Administrator\AppData\Local\DuckStation\savestates\HASH-90BB30EF33B48EB7_3.sav,other_or_unknown,,0,4,wrapper_candidate,0x801A2074,0x801A2304,656,0,0,1E15736151818F3704604741CFF14ED779E87B7A954A9251A29F3DF5D5FFE76D,414
C:\Users\Administrator\AppData\Local\DuckStation\savestates\HASH-90BB30EF33B48EB7_3.sav,other_or_unknown,,0,4,ui_or_coord_table,0x801A7460,0x801A7860,1024,0,0,7A56DABFAC185758C37F88C94734B3338CA1DE8F7B7B4EC178D64907759E9893,904
C:\Users\Administrator\AppData\Local\DuckStation\savestates\HASH-90BB30EF33B48EB7_4.sav,other_or_unknown,,0,4,e2_or_wrapper,0x8018FCD0,0x8018FDC5,245,0,0,4816801FC4700CE9FAE1D2E6537F553ACE63B6B3CD6DB30B9BB4A7D8505BAA3B,131
C:\Users\Administrator\AppData\Local\DuckStation\savestates\HASH-90BB30EF33B48EB7_4.sav,other_or_unknown,,0,4,bank_helper,0x80193B44,0x80193BC4,128,1,1,38723A2E5E8A17AA7950DC008209944E898F69A7BD10A23C839D341E935FD5CA,0
C:\Users\Administrator\AppData\Local\DuckStation\savestates\HASH-90BB30EF33B48EB7_4.sav,other_or_unknown,,0,4,wrapper_candidate,0x801A2074,0x801A2304,656,0,0,1E15736151818F3704604741CFF14ED779E87B7A954A9251A29F3DF5D5FFE76D,414
C:\Users\Administrator\AppData\Local\DuckStation\savestates\HASH-90BB30EF33B48EB7_4.sav,other_or_unknown,,0,4,ui_or_coord_table,0x801A7460,0x801A7860,1024,0,0,7A56DABFAC185758C37F88C94734B3338CA1DE8F7B7B4EC178D64907759E9893,904
C:\Users\Administrator\AppData\Local\DuckStation\savestates\HASH-90BB30EF33B48EB7_5.sav,other_or_unknown,,0,4,e2_or_wrapper,0x8018FCD0,0x8018FDC5,245,0,0,4816801FC4700CE9FAE1D2E6537F553ACE63B6B3CD6DB30B9BB4A7D8505BAA3B,131
C:\Users\Administrator\AppData\Local\DuckStation\savestates\HASH-90BB30EF33B48EB7_5.sav,other_or_unknown,,0,4,bank_helper,0x80193B44,0x80193BC4,128,1,1,38723A2E5E8A17AA7950DC008209944E898F69A7BD10A23C839D341E935FD5CA,0
C:\Users\Administrator\AppData\Local\DuckStation\savestates\HASH-90BB30EF33B48EB7_5.sav,other_or_unknown,,0,4,wrapper_candidate,0x801A2074,0x801A2304,656,0,0,1E15736151818F3704604741CFF14ED779E87B7A954A9251A29F3DF5D5FFE76D,414
C:\Users\Administrator\AppData\Local\DuckStation\savestates\HASH-90BB30EF33B48EB7_5.sav,other_or_unknown,,0,4,ui_or_coord_table,0x801A7460,0x801A7860,1024,0,0,7A56DABFAC185758C37F88C94734B3338CA1DE8F7B7B4EC178D64907759E9893,904
C:\Users\Administrator\AppData\Local\DuckStation\savestates\HASH-90BB30EF33B48EB7_6.sav,other_or_unknown,,0,4,e2_or_wrapper,0x8018FCD0,0x8018FDC5,245,0,0,4816801FC4700CE9FAE1D2E6537F553ACE63B6B3CD6DB30B9BB4A7D8505BAA3B,131
C:\Users\Administrator\AppData\Local\DuckStation\savestates\HASH-90BB30EF33B48EB7_6.sav,other_or_unknown,,0,4,bank_helper,0x80193B44,0x80193BC4,128,1,1,38723A2E5E8A17AA7950DC008209944E898F69A7BD10A23C839D341E935FD5CA,0
C:\Users\Administrator\AppData\Local\DuckStation\savestates\HASH-90BB30EF33B48EB7_6.sav,other_or_unknown,,0,4,wrapper_candidate,0x801A2074,0x801A2304,656,0,0,1E15736151818F3704604741CFF14ED779E87B7A954A9251A29F3DF5D5FFE76D,414
C:\Users\Administrator\AppData\Local\DuckStation\savestates\HASH-90BB30EF33B48EB7_6.sav,other_or_unknown,,0,4,ui_or_coord_table,0x801A7460,0x801A7860,1024,0,0,7A56DABFAC185758C37F88C94734B3338CA1DE8F7B7B4EC178D64907759E9893,904
C:\Users\Administrator\AppData\Local\DuckStation\savestates\HASH-90BB30EF33B48EB7_7.sav,other_or_unknown,,0,4,e2_or_wrapper,0x8018FCD0,0x8018FDC5,245,0,0,4816801FC4700CE9FAE1D2E6537F553ACE63B6B3CD6DB30B9BB4A7D8505BAA3B,131
C:\Users\Administrator\AppData\Local\DuckStation\savestates\HASH-90BB30EF33B48EB7_7.sav,other_or_unknown,,0,4,bank_helper,0x80193B44,0x80193BC4,128,1,1,38723A2E5E8A17AA7950DC008209944E898F69A7BD10A23C839D341E935FD5CA,0
C:\Users\Administrator\AppData\Local\DuckStation\savestates\HASH-90BB30EF33B48EB7_7.sav,other_or_unknown,,0,4,wrapper_candidate,0x801A2074,0x801A2304,656,0,0,1E15736151818F3704604741CFF14ED779E87B7A954A9251A29F3DF5D5FFE76D,414
C:\Users\Administrator\AppData\Local\DuckStation\savestates\HASH-90BB30EF33B48EB7_7.sav,other_or_unknown,,0,4,ui_or_coord_table,0x801A7460,0x801A7860,1024,0,0,7A56DABFAC185758C37F88C94734B3338CA1DE8F7B7B4EC178D64907759E9893,904
C:\Users\Administrator\AppData\Local\DuckStation\savestates\HASH-90BB30EF33B48EB7_8.sav,other_or_unknown,,0,4,e2_or_wrapper,0x8018FCD0,0x8018FDC5,245,0,0,4816801FC4700CE9FAE1D2E6537F553ACE63B6B3CD6DB30B9BB4A7D8505BAA3B,131
C:\Users\Administrator\AppData\Local\DuckStation\savestates\HASH-90BB30EF33B48EB7_8.sav,other_or_unknown,,0,4,bank_helper,0x80193B44,0x80193BC4,128,1,1,38723A2E5E8A17AA7950DC008209944E898F69A7BD10A23C839D341E935FD5CA,0
C:\Users\Administrator\AppData\Local\DuckStation\savestates\HASH-90BB30EF33B48EB7_8.sav,other_or_unknown,,0,4,wrapper_candidate,0x801A2074,0x801A2304,656,0,0,1E15736151818F3704604741CFF14ED779E87B7A954A9251A29F3DF5D5FFE76D,414
C:\Users\Administrator\AppData\Local\DuckStation\savestates\HASH-90BB30EF33B48EB7_8.sav,other_or_unknown,,0,4,ui_or_coord_table,0x801A7460,0x801A7860,1024,0,0,7A56DABFAC185758C37F88C94734B3338CA1DE8F7B7B4EC178D64907759E9893,904
C:\Users\Administrator\AppData\Local\DuckStation\savestates\HASH-90BB30EF33B48EB7_9.sav,other_or_unknown,,0,4,e2_or_wrapper,0x8018FCD0,0x8018FDC5,245,0,0,4816801FC4700CE9FAE1D2E6537F553ACE63B6B3CD6DB30B9BB4A7D8505BAA3B,131
C:\Users\Administrator\AppData\Local\DuckStation\savestates\HASH-90BB30EF33B48EB7_9.sav,other_or_unknown,,0,4,bank_helper,0x80193B44,0x80193BC4,128,1,1,38723A2E5E8A17AA7950DC008209944E898F69A7BD10A23C839D341E935FD5CA,0
C:\Users\Administrator\AppData\Local\DuckStation\savestates\HASH-90BB30EF33B48EB7_9.sav,other_or_unknown,,0,4,wrapper_candidate,0x801A2074,0x801A2304,656,0,0,1E15736151818F3704604741CFF14ED779E87B7A954A9251A29F3DF5D5FFE76D,414
C:\Users\Administrator\AppData\Local\DuckStation\savestates\HASH-90BB30EF33B48EB7_9.sav,other_or_unknown,,0,4,ui_or_coord_table,0x801A7460,0x801A7860,1024,0,0,7A56DABFAC185758C37F88C94734B3338CA1DE8F7B7B4EC178D64907759E9893,904
C:\Users\Administrator\AppData\Local\DuckStation\savestates\HASH-90BB30EF33B48EB7_resume.sav,other_or_unknown,,0,4,e2_or_wrapper,0x8018FCD0,0x8018FDC5,245,0,0,4816801FC4700CE9FAE1D2E6537F553ACE63B6B3CD6DB30B9BB4A7D8505BAA3B,131
C:\Users\Administrator\AppData\Local\DuckStation\savestates\HASH-90BB30EF33B48EB7_resume.sav,other_or_unknown,,0,4,bank_helper,0x80193B44,0x80193BC4,128,1,1,38723A2E5E8A17AA7950DC008209944E898F69A7BD10A23C839D341E935FD5CA,0
C:\Users\Administrator\AppData\Local\DuckStation\savestates\HASH-90BB30EF33B48EB7_resume.sav,other_or_unknown,,0,4,wrapper_candidate,0x801A2074,0x801A2304,656,0,0,383715790A2728D924E52648E3024066833BDD4D7E0529A4805DA0374A82916B,392
C:\Users\Administrator\AppData\Local\DuckStation\savestates\HASH-90BB30EF33B48EB7_resume.sav,other_or_unknown,,0,4,ui_or_coord_table,0x801A7460,0x801A7860,1024,0,0,7A56DABFAC185758C37F88C94734B3338CA1DE8F7B7B4EC178D64907759E9893,904
C:\Users\Administrator\AppData\Local\DuckStation\savestates\HASH-90FD70BCCCD1C689_1.sav,reference_D941,,4,4,e2_or_wrapper,0x8018FCD0,0x8018FDC5,245,0,1,312F1B58C9DA026A15FF260C810E85016FBF60F22E2213879A1A71534C9AABC4,143
C:\Users\Administrator\AppData\Local\DuckStation\savestates\HASH-90FD70BCCCD1C689_1.sav,reference_D941,,4,4,bank_helper,0x80193B44,0x80193BC4,128,1,1,38723A2E5E8A17AA7950DC008209944E898F69A7BD10A23C839D341E935FD5CA,0
C:\Users\Administrator\AppData\Local\DuckStation\savestates\HASH-90FD70BCCCD1C689_1.sav,reference_D941,,4,4,wrapper_candidate,0x801A2074,0x801A2304,656,1,1,E06E79CDFEDFC6D6107B945613E65B2DE3A209E40115B9B00AB048D2B91CD7D5,0
C:\Users\Administrator\AppData\Local\DuckStation\savestates\HASH-90FD70BCCCD1C689_1.sav,reference_D941,,4,4,ui_or_coord_table,0x801A7460,0x801A7860,1024,0,1,33243DCC1C3AC9E70D70C7685F0BA2AFA56448312B4E9132A5F3FB92D7408E3F,62
C:\Users\Administrator\AppData\Local\DuckStation\savestates\HASH-90FD70BCCCD1C689_2.sav,reference_D941,,4,4,e2_or_wrapper,0x8018FCD0,0x8018FDC5,245,0,1,312F1B58C9DA026A15FF260C810E85016FBF60F22E2213879A1A71534C9AABC4,143
C:\Users\Administrator\AppData\Local\DuckStation\savestates\HASH-90FD70BCCCD1C689_2.sav,reference_D941,,4,4,bank_helper,0x80193B44,0x80193BC4,128,1,1,38723A2E5E8A17AA7950DC008209944E898F69A7BD10A23C839D341E935FD5CA,0
C:\Users\Administrator\AppData\Local\DuckStation\savestates\HASH-90FD70BCCCD1C689_2.sav,reference_D941,,4,4,wrapper_candidate,0x801A2074,0x801A2304,656,1,1,E06E79CDFEDFC6D6107B945613E65B2DE3A209E40115B9B00AB048D2B91CD7D5,0
C:\Users\Administrator\AppData\Local\DuckStation\savestates\HASH-90FD70BCCCD1C689_2.sav,reference_D941,,4,4,ui_or_coord_table,0x801A7460,0x801A7860,1024,0,1,33243DCC1C3AC9E70D70C7685F0BA2AFA56448312B4E9132A5F3FB92D7408E3F,62
C:\Users\Administrator\AppData\Local\DuckStation\savestates\HASH-90FD70BCCCD1C689_3.sav,reference_D941,,4,4,e2_or_wrapper,0x8018FCD0,0x8018FDC5,245,0,1,312F1B58C9DA026A15FF260C810E85016FBF60F22E2213879A1A71534C9AABC4,143
C:\Users\Administrator\AppData\Local\DuckStation\savestates\HASH-90FD70BCCCD1C689_3.sav,reference_D941,,4,4,bank_helper,0x80193B44,0x80193BC4,128,1,1,38723A2E5E8A17AA7950DC008209944E898F69A7BD10A23C839D341E935FD5CA,0
C:\Users\Administrator\AppData\Local\DuckStation\savestates\HASH-90FD70BCCCD1C689_3.sav,reference_D941,,4,4,wrapper_candidate,0x801A2074,0x801A2304,656,1,1,E06E79CDFEDFC6D6107B945613E65B2DE3A209E40115B9B00AB048D2B91CD7D5,0
C:\Users\Administrator\AppData\Local\DuckStation\savestates\HASH-90FD70BCCCD1C689_3.sav,reference_D941,,4,4,ui_or_coord_table,0x801A7460,0x801A7860,1024,0,1,33243DCC1C3AC9E70D70C7685F0BA2AFA56448312B4E9132A5F3FB92D7408E3F,62
C:\Users\Administrator\AppData\Local\DuckStation\savestates\HASH-90FD70BCCCD1C689_resume.sav,reference_D941,,4,4,e2_or_wrapper,0x8018FCD0,0x8018FDC5,245,0,1,312F1B58C9DA026A15FF260C810E85016FBF60F22E2213879A1A71534C9AABC4,143
C:\Users\Administrator\AppData\Local\DuckStation\savestates\HASH-90FD70BCCCD1C689_resume.sav,reference_D941,,4,4,bank_helper,0x80193B44,0x80193BC4,128,1,1,38723A2E5E8A17AA7950DC008209944E898F69A7BD10A23C839D341E935FD5CA,0
C:\Users\Administrator\AppData\Local\DuckStation\savestates\HASH-90FD70BCCCD1C689_resume.sav,reference_D941,,4,4,wrapper_candidate,0x801A2074,0x801A2304,656,1,1,E06E79CDFEDFC6D6107B945613E65B2DE3A209E40115B9B00AB048D2B91CD7D5,0
C:\Users\Administrator\AppData\Local\DuckStation\savestates\HASH-90FD70BCCCD1C689_resume.sav,reference_D941,,4,4,ui_or_coord_table,0x801A7460,0x801A7860,1024,0,1,33243DCC1C3AC9E70D70C7685F0BA2AFA56448312B4E9132A5F3FB92D7408E3F,62
C:\Users\Administrator\AppData\Local\DuckStation\savestates\HASH-93EBD998DE880320_1.sav,other_or_unknown,,0,4,e2_or_wrapper,0x8018FCD0,0x8018FDC5,245,0,0,4816801FC4700CE9FAE1D2E6537F553ACE63B6B3CD6DB30B9BB4A7D8505BAA3B,131
C:\Users\Administrator\AppData\Local\DuckStation\savestates\HASH-93EBD998DE880320_1.sav,other_or_unknown,,0,4,bank_helper,0x80193B44,0x80193BC4,128,1,1,38723A2E5E8A17AA7950DC008209944E898F69A7BD10A23C839D341E935FD5CA,0
C:\Users\Administrator\AppData\Local\DuckStation\savestates\HASH-93EBD998DE880320_1.sav,other_or_unknown,,0,4,wrapper_candidate,0x801A2074,0x801A2304,656,0,0,2AEADA7A7F292C5C538A488BD30E38DD3403751038B53393C17D24F3AFE36D76,353
C:\Users\Administrator\AppData\Local\DuckStation\savestates\HASH-93EBD998DE880320_1.sav,other_or_unknown,,0,4,ui_or_coord_table,0x801A7460,0x801A7860,1024,0,0,8F60FD7E8A15440AF540247D705B6EC4115092E85BC96126D9C8329E4895860E,931
C:\Users\Administrator\AppData\Local\DuckStation\savestates\HASH-93EBD998DE880320_2.sav,other_or_unknown,,0,4,e2_or_wrapper,0x8018FCD0,0x8018FDC5,245,0,0,4816801FC4700CE9FAE1D2E6537F553ACE63B6B3CD6DB30B9BB4A7D8505BAA3B,131
C:\Users\Administrator\AppData\Local\DuckStation\savestates\HASH-93EBD998DE880320_2.sav,other_or_unknown,,0,4,bank_helper,0x80193B44,0x80193BC4,128,1,1,38723A2E5E8A17AA7950DC008209944E898F69A7BD10A23C839D341E935FD5CA,0
C:\Users\Administrator\AppData\Local\DuckStation\savestates\HASH-93EBD998DE880320_2.sav,other_or_unknown,,0,4,wrapper_candidate,0x801A2074,0x801A2304,656,0,0,2AEADA7A7F292C5C538A488BD30E38DD3403751038B53393C17D24F3AFE36D76,353
C:\Users\Administrator\AppData\Local\DuckStation\savestates\HASH-93EBD998DE880320_2.sav,other_or_unknown,,0,4,ui_or_coord_table,0x801A7460,0x801A7860,1024,0,0,8F60FD7E8A15440AF540247D705B6EC4115092E85BC96126D9C8329E4895860E,931
C:\Users\Administrator\AppData\Local\DuckStation\savestates\HASH-93EBD998DE880320_3.sav,other_or_unknown,,0,4,e2_or_wrapper,0x8018FCD0,0x8018FDC5,245,0,0,4816801FC4700CE9FAE1D2E6537F553ACE63B6B3CD6DB30B9BB4A7D8505BAA3B,131
C:\Users\Administrator\AppData\Local\DuckStation\savestates\HASH-93EBD998DE880320_3.sav,other_or_unknown,,0,4,bank_helper,0x80193B44,0x80193BC4,128,1,1,38723A2E5E8A17AA7950DC008209944E898F69A7BD10A23C839D341E935FD5CA,0
C:\Users\Administrator\AppData\Local\DuckStation\savestates\HASH-93EBD998DE880320_3.sav,other_or_unknown,,0,4,wrapper_candidate,0x801A2074,0x801A2304,656,0,0,2AEADA7A7F292C5C538A488BD30E38DD3403751038B53393C17D24F3AFE36D76,353
C:\Users\Administrator\AppData\Local\DuckStation\savestates\HASH-93EBD998DE880320_3.sav,other_or_unknown,,0,4,ui_or_coord_table,0x801A7460,0x801A7860,1024,0,0,8F60FD7E8A15440AF540247D705B6EC4115092E85BC96126D9C8329E4895860E,931
C:\Users\Administrator\AppData\Local\DuckStation\savestates\HASH-93EBD998DE880320_4.sav,other_or_unknown,,0,4,e2_or_wrapper,0x8018FCD0,0x8018FDC5,245,0,0,4816801FC4700CE9FAE1D2E6537F553ACE63B6B3CD6DB30B9BB4A7D8505BAA3B,131
C:\Users\Administrator\AppData\Local\DuckStation\savestates\HASH-93EBD998DE880320_4.sav,other_or_unknown,,0,4,bank_helper,0x80193B44,0x80193BC4,128,1,1,38723A2E5E8A17AA7950DC008209944E898F69A7BD10A23C839D341E935FD5CA,0
C:\Users\Administrator\AppData\Local\DuckStation\savestates\HASH-93EBD998DE880320_4.sav,other_or_unknown,,0,4,wrapper_candidate,0x801A2074,0x801A2304,656,0,0,2AEADA7A7F292C5C538A488BD30E38DD3403751038B53393C17D24F3AFE36D76,353
C:\Users\Administrator\AppData\Local\DuckStation\savestates\HASH-93EBD998DE880320_4.sav,other_or_unknown,,0,4,ui_or_coord_table,0x801A7460,0x801A7860,1024,0,0,8F60FD7E8A15440AF540247D705B6EC4115092E85BC96126D9C8329E4895860E,931
C:\Users\Administrator\AppData\Local\DuckStation\savestates\HASH-93EBD998DE880320_5.sav,other_or_unknown,,0,4,e2_or_wrapper,0x8018FCD0,0x8018FDC5,245,0,0,4816801FC4700CE9FAE1D2E6537F553ACE63B6B3CD6DB30B9BB4A7D8505BAA3B,131
C:\Users\Administrator\AppData\Local\DuckStation\savestates\HASH-93EBD998DE880320_5.sav,other_or_unknown,,0,4,bank_helper,0x80193B44,0x80193BC4,128,1,1,38723A2E5E8A17AA7950DC008209944E898F69A7BD10A23C839D341E935FD5CA,0
C:\Users\Administrator\AppData\Local\DuckStation\savestates\HASH-93EBD998DE880320_5.sav,other_or_unknown,,0,4,wrapper_candidate,0x801A2074,0x801A2304,656,0,0,2AEADA7A7F292C5C538A488BD30E38DD3403751038B53393C17D24F3AFE36D76,353
C:\Users\Administrator\AppData\Local\DuckStation\savestates\HASH-93EBD998DE880320_5.sav,other_or_unknown,,0,4,ui_or_coord_table,0x801A7460,0x801A7860,1024,0,0,8F60FD7E8A15440AF540247D705B6EC4115092E85BC96126D9C8329E4895860E,931
C:\Users\Administrator\AppData\Local\DuckStation\savestates\HASH-93EBD998DE880320_6.sav,other_or_unknown,,0,4,e2_or_wrapper,0x8018FCD0,0x8018FDC5,245,0,0,4816801FC4700CE9FAE1D2E6537F553ACE63B6B3CD6DB30B9BB4A7D8505BAA3B,131
C:\Users\Administrator\AppData\Local\DuckStation\savestates\HASH-93EBD998DE880320_6.sav,other_or_unknown,,0,4,bank_helper,0x80193B44,0x80193BC4,128,1,1,38723A2E5E8A17AA7950DC008209944E898F69A7BD10A23C839D341E935FD5CA,0
C:\Users\Administrator\AppData\Local\DuckStation\savestates\HASH-93EBD998DE880320_6.sav,other_or_unknown,,0,4,wrapper_candidate,0x801A2074,0x801A2304,656,0,0,2AEADA7A7F292C5C538A488BD30E38DD3403751038B53393C17D24F3AFE36D76,353
C:\Users\Administrator\AppData\Local\DuckStation\savestates\HASH-93EBD998DE880320_6.sav,other_or_unknown,,0,4,ui_or_coord_table,0x801A7460,0x801A7860,1024,0,0,8F60FD7E8A15440AF540247D705B6EC4115092E85BC96126D9C8329E4895860E,931
C:\Users\Administrator\AppData\Local\DuckStation\savestates\HASH-93EBD998DE880320_resume.sav,other_or_unknown,,0,4,e2_or_wrapper,0x8018FCD0,0x8018FDC5,245,1,0,02D8F3F83865737E056CCDF3D1BF8DCD4D3B68CE8CB63F3663F092AFA6174958,0
C:\Users\Administrator\AppData\Local\DuckStation\savestates\HASH-93EBD998DE880320_resume.sav,other_or_unknown,,0,4,bank_helper,0x80193B44,0x80193BC4,128,1,1,38723A2E5E8A17AA7950DC008209944E898F69A7BD10A23C839D341E935FD5CA,0
C:\Users\Administrator\AppData\Local\DuckStation\savestates\HASH-93EBD998DE880320_resume.sav,other_or_unknown,,0,4,wrapper_candidate,0x801A2074,0x801A2304,656,1,1,E06E79CDFEDFC6D6107B945613E65B2DE3A209E40115B9B00AB048D2B91CD7D5,0
C:\Users\Administrator\AppData\Local\DuckStation\savestates\HASH-93EBD998DE880320_resume.sav,other_or_unknown,,0,4,ui_or_coord_table,0x801A7460,0x801A7860,1024,1,0,5F70BF18A086007016E948B04AED3B82103A36BEA41755B6CDDFAF10ACE3C6EF,0
C:\Users\Administrator\AppData\Local\DuckStation\savestates\HASH-94AFA1B95EC86486_1.sav,other_or_unknown,,0,4,e2_or_wrapper,0x8018FCD0,0x8018FDC5,245,0,0,4816801FC4700CE9FAE1D2E6537F553ACE63B6B3CD6DB30B9BB4A7D8505BAA3B,131
C:\Users\Administrator\AppData\Local\DuckStation\savestates\HASH-94AFA1B95EC86486_1.sav,other_or_unknown,,0,4,bank_helper,0x80193B44,0x80193BC4,128,1,1,38723A2E5E8A17AA7950DC008209944E898F69A7BD10A23C839D341E935FD5CA,0
C:\Users\Administrator\AppData\Local\DuckStation\savestates\HASH-94AFA1B95EC86486_1.sav,other_or_unknown,,0,4,wrapper_candidate,0x801A2074,0x801A2304,656,0,0,383715790A2728D924E52648E3024066833BDD4D7E0529A4805DA0374A82916B,392
C:\Users\Administrator\AppData\Local\DuckStation\savestates\HASH-94AFA1B95EC86486_1.sav,other_or_unknown,,0,4,ui_or_coord_table,0x801A7460,0x801A7860,1024,0,0,7A56DABFAC185758C37F88C94734B3338CA1DE8F7B7B4EC178D64907759E9893,904
C:\Users\Administrator\AppData\Local\DuckStation\savestates\HASH-94AFA1B95EC86486_2.sav,other_or_unknown,,0,4,e2_or_wrapper,0x8018FCD0,0x8018FDC5,245,0,0,4816801FC4700CE9FAE1D2E6537F553ACE63B6B3CD6DB30B9BB4A7D8505BAA3B,131
C:\Users\Administrator\AppData\Local\DuckStation\savestates\HASH-94AFA1B95EC86486_2.sav,other_or_unknown,,0,4,bank_helper,0x80193B44,0x80193BC4,128,1,1,38723A2E5E8A17AA7950DC008209944E898F69A7BD10A23C839D341E935FD5CA,0
C:\Users\Administrator\AppData\Local\DuckStation\savestates\HASH-94AFA1B95EC86486_2.sav,other_or_unknown,,0,4,wrapper_candidate,0x801A2074,0x801A2304,656,0,0,383715790A2728D924E52648E3024066833BDD4D7E0529A4805DA0374A82916B,392
C:\Users\Administrator\AppData\Local\DuckStation\savestates\HASH-94AFA1B95EC86486_2.sav,other_or_unknown,,0,4,ui_or_coord_table,0x801A7460,0x801A7860,1024,0,0,7A56DABFAC185758C37F88C94734B3338CA1DE8F7B7B4EC178D64907759E9893,904
C:\Users\Administrator\AppData\Local\DuckStation\savestates\HASH-94AFA1B95EC86486_3.sav,other_or_unknown,,0,4,e2_or_wrapper,0x8018FCD0,0x8018FDC5,245,0,0,4816801FC4700CE9FAE1D2E6537F553ACE63B6B3CD6DB30B9BB4A7D8505BAA3B,131
C:\Users\Administrator\AppData\Local\DuckStation\savestates\HASH-94AFA1B95EC86486_3.sav,other_or_unknown,,0,4,bank_helper,0x80193B44,0x80193BC4,128,1,1,38723A2E5E8A17AA7950DC008209944E898F69A7BD10A23C839D341E935FD5CA,0
C:\Users\Administrator\AppData\Local\DuckStation\savestates\HASH-94AFA1B95EC86486_3.sav,other_or_unknown,,0,4,wrapper_candidate,0x801A2074,0x801A2304,656,0,0,383715790A2728D924E52648E3024066833BDD4D7E0529A4805DA0374A82916B,392
C:\Users\Administrator\AppData\Local\DuckStation\savestates\HASH-94AFA1B95EC86486_3.sav,other_or_unknown,,0,4,ui_or_coord_table,0x801A7460,0x801A7860,1024,0,0,7A56DABFAC185758C37F88C94734B3338CA1DE8F7B7B4EC178D64907759E9893,904
C:\Users\Administrator\AppData\Local\DuckStation\savestates\HASH-94AFA1B95EC86486_4.sav,other_or_unknown,,0,4,e2_or_wrapper,0x8018FCD0,0x8018FDC5,245,0,0,4816801FC4700CE9FAE1D2E6537F553ACE63B6B3CD6DB30B9BB4A7D8505BAA3B,131
C:\Users\Administrator\AppData\Local\DuckStation\savestates\HASH-94AFA1B95EC86486_4.sav,other_or_unknown,,0,4,bank_helper,0x80193B44,0x80193BC4,128,1,1,38723A2E5E8A17AA7950DC008209944E898F69A7BD10A23C839D341E935FD5CA,0
C:\Users\Administrator\AppData\Local\DuckStation\savestates\HASH-94AFA1B95EC86486_4.sav,other_or_unknown,,0,4,wrapper_candidate,0x801A2074,0x801A2304,656,0,0,383715790A2728D924E52648E3024066833BDD4D7E0529A4805DA0374A82916B,392
C:\Users\Administrator\AppData\Local\DuckStation\savestates\HASH-94AFA1B95EC86486_4.sav,other_or_unknown,,0,4,ui_or_coord_table,0x801A7460,0x801A7860,1024,0,0,7A56DABFAC185758C37F88C94734B3338CA1DE8F7B7B4EC178D64907759E9893,904
C:\Users\Administrator\AppData\Local\DuckStation\savestates\HASH-94AFA1B95EC86486_5.sav,other_or_unknown,,0,4,e2_or_wrapper,0x8018FCD0,0x8018FDC5,245,0,0,4816801FC4700CE9FAE1D2E6537F553ACE63B6B3CD6DB30B9BB4A7D8505BAA3B,131
C:\Users\Administrator\AppData\Local\DuckStation\savestates\HASH-94AFA1B95EC86486_5.sav,other_or_unknown,,0,4,bank_helper,0x80193B44,0x80193BC4,128,1,1,38723A2E5E8A17AA7950DC008209944E898F69A7BD10A23C839D341E935FD5CA,0
C:\Users\Administrator\AppData\Local\DuckStation\savestates\HASH-94AFA1B95EC86486_5.sav,other_or_unknown,,0,4,wrapper_candidate,0x801A2074,0x801A2304,656,0,0,383715790A2728D924E52648E3024066833BDD4D7E0529A4805DA0374A82916B,392
C:\Users\Administrator\AppData\Local\DuckStation\savestates\HASH-94AFA1B95EC86486_5.sav,other_or_unknown,,0,4,ui_or_coord_table,0x801A7460,0x801A7860,1024,0,0,7A56DABFAC185758C37F88C94734B3338CA1DE8F7B7B4EC178D64907759E9893,904
C:\Users\Administrator\AppData\Local\DuckStation\savestates\HASH-94AFA1B95EC86486_resume.sav,other_or_unknown,,0,4,e2_or_wrapper,0x8018FCD0,0x8018FDC5,245,0,0,4816801FC4700CE9FAE1D2E6537F553ACE63B6B3CD6DB30B9BB4A7D8505BAA3B,131
C:\Users\Administrator\AppData\Local\DuckStation\savestates\HASH-94AFA1B95EC86486_resume.sav,other_or_unknown,,0,4,bank_helper,0x80193B44,0x80193BC4,128,1,1,38723A2E5E8A17AA7950DC008209944E898F69A7BD10A23C839D341E935FD5CA,0
C:\Users\Administrator\AppData\Local\DuckStation\savestates\HASH-94AFA1B95EC86486_resume.sav,other_or_unknown,,0,4,wrapper_candidate,0x801A2074,0x801A2304,656,0,0,383715790A2728D924E52648E3024066833BDD4D7E0529A4805DA0374A82916B,392
C:\Users\Administrator\AppData\Local\DuckStation\savestates\HASH-94AFA1B95EC86486_resume.sav,other_or_unknown,,0,4,ui_or_coord_table,0x801A7460,0x801A7860,1024,0,0,7A56DABFAC185758C37F88C94734B3338CA1DE8F7B7B4EC178D64907759E9893,904
C:\Users\Administrator\AppData\Local\DuckStation\savestates\HASH-94BB56BF6BC48E89_1.sav,other_or_unknown,,0,4,e2_or_wrapper,0x8018FCD0,0x8018FDC5,245,0,0,4816801FC4700CE9FAE1D2E6537F553ACE63B6B3CD6DB30B9BB4A7D8505BAA3B,131
C:\Users\Administrator\AppData\Local\DuckStation\savestates\HASH-94BB56BF6BC48E89_1.sav,other_or_unknown,,0,4,bank_helper,0x80193B44,0x80193BC4,128,1,1,38723A2E5E8A17AA7950DC008209944E898F69A7BD10A23C839D341E935FD5CA,0
C:\Users\Administrator\AppData\Local\DuckStation\savestates\HASH-94BB56BF6BC48E89_1.sav,other_or_unknown,,0,4,wrapper_candidate,0x801A2074,0x801A2304,656,0,0,EA8100A258DEBE8CE504716BA0ECE557266B58A45A356D95310879762E9AD4AD,421
C:\Users\Administrator\AppData\Local\DuckStation\savestates\HASH-94BB56BF6BC48E89_1.sav,other_or_unknown,,0,4,ui_or_coord_table,0x801A7460,0x801A7860,1024,0,0,54F516CCF75B9BFC66404945F46AE4298FAAB5A32C95656A75C99A893ED0F9ED,932
C:\Users\Administrator\AppData\Local\DuckStation\savestates\HASH-94BB56BF6BC48E89_2.sav,other_or_unknown,,0,4,e2_or_wrapper,0x8018FCD0,0x8018FDC5,245,0,0,4816801FC4700CE9FAE1D2E6537F553ACE63B6B3CD6DB30B9BB4A7D8505BAA3B,131
C:\Users\Administrator\AppData\Local\DuckStation\savestates\HASH-94BB56BF6BC48E89_2.sav,other_or_unknown,,0,4,bank_helper,0x80193B44,0x80193BC4,128,1,1,38723A2E5E8A17AA7950DC008209944E898F69A7BD10A23C839D341E935FD5CA,0
C:\Users\Administrator\AppData\Local\DuckStation\savestates\HASH-94BB56BF6BC48E89_2.sav,other_or_unknown,,0,4,wrapper_candidate,0x801A2074,0x801A2304,656,0,0,EA8100A258DEBE8CE504716BA0ECE557266B58A45A356D95310879762E9AD4AD,421
C:\Users\Administrator\AppData\Local\DuckStation\savestates\HASH-94BB56BF6BC48E89_2.sav,other_or_unknown,,0,4,ui_or_coord_table,0x801A7460,0x801A7860,1024,0,0,54F516CCF75B9BFC66404945F46AE4298FAAB5A32C95656A75C99A893ED0F9ED,932
C:\Users\Administrator\AppData\Local\DuckStation\savestates\HASH-94BB56BF6BC48E89_resume.sav,other_or_unknown,,0,4,e2_or_wrapper,0x8018FCD0,0x8018FDC5,245,0,0,4816801FC4700CE9FAE1D2E6537F553ACE63B6B3CD6DB30B9BB4A7D8505BAA3B,131
C:\Users\Administrator\AppData\Local\DuckStation\savestates\HASH-94BB56BF6BC48E89_resume.sav,other_or_unknown,,0,4,bank_helper,0x80193B44,0x80193BC4,128,1,1,38723A2E5E8A17AA7950DC008209944E898F69A7BD10A23C839D341E935FD5CA,0
C:\Users\Administrator\AppData\Local\DuckStation\savestates\HASH-94BB56BF6BC48E89_resume.sav,other_or_unknown,,0,4,wrapper_candidate,0x801A2074,0x801A2304,656,0,0,EA8100A258DEBE8CE504716BA0ECE557266B58A45A356D95310879762E9AD4AD,421
C:\Users\Administrator\AppData\Local\DuckStation\savestates\HASH-94BB56BF6BC48E89_resume.sav,other_or_unknown,,0,4,ui_or_coord_table,0x801A7460,0x801A7860,1024,0,0,54F516CCF75B9BFC66404945F46AE4298FAAB5A32C95656A75C99A893ED0F9ED,932
C:\Users\Administrator\AppData\Local\DuckStation\savestates\HASH-9524931E1BBD1299_resume.sav,other_or_unknown,,0,4,e2_or_wrapper,0x8018FCD0,0x8018FDC5,245,0,0,4816801FC4700CE9FAE1D2E6537F553ACE63B6B3CD6DB30B9BB4A7D8505BAA3B,131
C:\Users\Administrator\AppData\Local\DuckStation\savestates\HASH-9524931E1BBD1299_resume.sav,other_or_unknown,,0,4,bank_helper,0x80193B44,0x80193BC4,128,1,1,38723A2E5E8A17AA7950DC008209944E898F69A7BD10A23C839D341E935FD5CA,0
C:\Users\Administrator\AppData\Local\DuckStation\savestates\HASH-9524931E1BBD1299_resume.sav,other_or_unknown,,0,4,wrapper_candidate,0x801A2074,0x801A2304,656,0,0,EA8100A258DEBE8CE504716BA0ECE557266B58A45A356D95310879762E9AD4AD,421
C:\Users\Administrator\AppData\Local\DuckStation\savestates\HASH-9524931E1BBD1299_resume.sav,other_or_unknown,,0,4,ui_or_coord_table,0x801A7460,0x801A7860,1024,0,0,54F516CCF75B9BFC66404945F46AE4298FAAB5A32C95656A75C99A893ED0F9ED,932
C:\Users\Administrator\AppData\Local\DuckStation\savestates\HASH-9667FEEE30014960_resume.sav,other_or_unknown,,0,4,e2_or_wrapper,0x8018FCD0,0x8018FDC5,245,0,0,4816801FC4700CE9FAE1D2E6537F553ACE63B6B3CD6DB30B9BB4A7D8505BAA3B,131
C:\Users\Administrator\AppData\Local\DuckStation\savestates\HASH-9667FEEE30014960_resume.sav,other_or_unknown,,0,4,bank_helper,0x80193B44,0x80193BC4,128,1,1,38723A2E5E8A17AA7950DC008209944E898F69A7BD10A23C839D341E935FD5CA,0
C:\Users\Administrator\AppData\Local\DuckStation\savestates\HASH-9667FEEE30014960_resume.sav,other_or_unknown,,0,4,wrapper_candidate,0x801A2074,0x801A2304,656,1,1,E06E79CDFEDFC6D6107B945613E65B2DE3A209E40115B9B00AB048D2B91CD7D5,0
C:\Users\Administrator\AppData\Local\DuckStation\savestates\HASH-9667FEEE30014960_resume.sav,other_or_unknown,,0,4,ui_or_coord_table,0x801A7460,0x801A7860,1024,0,0,15BA54950B33EAFCA7D3B9A0693AB182E36B43C9DF68B5194E69137EAFDD92F7,934
C:\Users\Administrator\AppData\Local\DuckStation\savestates\HASH-96A09AA84469A1A6_1.sav,other_or_unknown,,0,4,e2_or_wrapper,0x8018FCD0,0x8018FDC5,245,0,0,4816801FC4700CE9FAE1D2E6537F553ACE63B6B3CD6DB30B9BB4A7D8505BAA3B,131
C:\Users\Administrator\AppData\Local\DuckStation\savestates\HASH-96A09AA84469A1A6_1.sav,other_or_unknown,,0,4,bank_helper,0x80193B44,0x80193BC4,128,1,1,38723A2E5E8A17AA7950DC008209944E898F69A7BD10A23C839D341E935FD5CA,0
C:\Users\Administrator\AppData\Local\DuckStation\savestates\HASH-96A09AA84469A1A6_1.sav,other_or_unknown,,0,4,wrapper_candidate,0x801A2074,0x801A2304,656,0,0,0D69EC76A5584346F6E94673AFE1CB41D0FC62B2E2B4C84A978021AC46AF4E55,353
C:\Users\Administrator\AppData\Local\DuckStation\savestates\HASH-96A09AA84469A1A6_1.sav,other_or_unknown,,0,4,ui_or_coord_table,0x801A7460,0x801A7860,1024,0,0,8F60FD7E8A15440AF540247D705B6EC4115092E85BC96126D9C8329E4895860E,931
C:\Users\Administrator\AppData\Local\DuckStation\savestates\HASH-96A09AA84469A1A6_2.sav,other_or_unknown,,0,4,e2_or_wrapper,0x8018FCD0,0x8018FDC5,245,0,0,4816801FC4700CE9FAE1D2E6537F553ACE63B6B3CD6DB30B9BB4A7D8505BAA3B,131
C:\Users\Administrator\AppData\Local\DuckStation\savestates\HASH-96A09AA84469A1A6_2.sav,other_or_unknown,,0,4,bank_helper,0x80193B44,0x80193BC4,128,1,1,38723A2E5E8A17AA7950DC008209944E898F69A7BD10A23C839D341E935FD5CA,0
C:\Users\Administrator\AppData\Local\DuckStation\savestates\HASH-96A09AA84469A1A6_2.sav,other_or_unknown,,0,4,wrapper_candidate,0x801A2074,0x801A2304,656,0,0,0D69EC76A5584346F6E94673AFE1CB41D0FC62B2E2B4C84A978021AC46AF4E55,353
C:\Users\Administrator\AppData\Local\DuckStation\savestates\HASH-96A09AA84469A1A6_2.sav,other_or_unknown,,0,4,ui_or_coord_table,0x801A7460,0x801A7860,1024,0,0,8F60FD7E8A15440AF540247D705B6EC4115092E85BC96126D9C8329E4895860E,931
C:\Users\Administrator\AppData\Local\DuckStation\savestates\HASH-96A09AA84469A1A6_3.sav,other_or_unknown,,0,4,e2_or_wrapper,0x8018FCD0,0x8018FDC5,245,0,0,4816801FC4700CE9FAE1D2E6537F553ACE63B6B3CD6DB30B9BB4A7D8505BAA3B,131
C:\Users\Administrator\AppData\Local\DuckStation\savestates\HASH-96A09AA84469A1A6_3.sav,other_or_unknown,,0,4,bank_helper,0x80193B44,0x80193BC4,128,1,1,38723A2E5E8A17AA7950DC008209944E898F69A7BD10A23C839D341E935FD5CA,0
C:\Users\Administrator\AppData\Local\DuckStation\savestates\HASH-96A09AA84469A1A6_3.sav,other_or_unknown,,0,4,wrapper_candidate,0x801A2074,0x801A2304,656,0,0,0D69EC76A5584346F6E94673AFE1CB41D0FC62B2E2B4C84A978021AC46AF4E55,353
C:\Users\Administrator\AppData\Local\DuckStation\savestates\HASH-96A09AA84469A1A6_3.sav,other_or_unknown,,0,4,ui_or_coord_table,0x801A7460,0x801A7860,1024,0,0,8F60FD7E8A15440AF540247D705B6EC4115092E85BC96126D9C8329E4895860E,931
C:\Users\Administrator\AppData\Local\DuckStation\savestates\HASH-96A09AA84469A1A6_4.sav,other_or_unknown,,0,4,e2_or_wrapper,0x8018FCD0,0x8018FDC5,245,0,0,4816801FC4700CE9FAE1D2E6537F553ACE63B6B3CD6DB30B9BB4A7D8505BAA3B,131
C:\Users\Administrator\AppData\Local\DuckStation\savestates\HASH-96A09AA84469A1A6_4.sav,other_or_unknown,,0,4,bank_helper,0x80193B44,0x80193BC4,128,1,1,38723A2E5E8A17AA7950DC008209944E898F69A7BD10A23C839D341E935FD5CA,0
C:\Users\Administrator\AppData\Local\DuckStation\savestates\HASH-96A09AA84469A1A6_4.sav,other_or_unknown,,0,4,wrapper_candidate,0x801A2074,0x801A2304,656,0,0,0D69EC76A5584346F6E94673AFE1CB41D0FC62B2E2B4C84A978021AC46AF4E55,353
C:\Users\Administrator\AppData\Local\DuckStation\savestates\HASH-96A09AA84469A1A6_4.sav,other_or_unknown,,0,4,ui_or_coord_table,0x801A7460,0x801A7860,1024,0,0,8F60FD7E8A15440AF540247D705B6EC4115092E85BC96126D9C8329E4895860E,931
C:\Users\Administrator\AppData\Local\DuckStation\savestates\HASH-96A09AA84469A1A6_5.sav,other_or_unknown,,0,4,e2_or_wrapper,0x8018FCD0,0x8018FDC5,245,0,0,4816801FC4700CE9FAE1D2E6537F553ACE63B6B3CD6DB30B9BB4A7D8505BAA3B,131
C:\Users\Administrator\AppData\Local\DuckStation\savestates\HASH-96A09AA84469A1A6_5.sav,other_or_unknown,,0,4,bank_helper,0x80193B44,0x80193BC4,128,1,1,38723A2E5E8A17AA7950DC008209944E898F69A7BD10A23C839D341E935FD5CA,0
C:\Users\Administrator\AppData\Local\DuckStation\savestates\HASH-96A09AA84469A1A6_5.sav,other_or_unknown,,0,4,wrapper_candidate,0x801A2074,0x801A2304,656,0,0,0D69EC76A5584346F6E94673AFE1CB41D0FC62B2E2B4C84A978021AC46AF4E55,353
C:\Users\Administrator\AppData\Local\DuckStation\savestates\HASH-96A09AA84469A1A6_5.sav,other_or_unknown,,0,4,ui_or_coord_table,0x801A7460,0x801A7860,1024,0,0,8F60FD7E8A15440AF540247D705B6EC4115092E85BC96126D9C8329E4895860E,931
C:\Users\Administrator\AppData\Local\DuckStation\savestates\HASH-96A09AA84469A1A6_resume.sav,other_or_unknown,,0,4,e2_or_wrapper,0x8018FCD0,0x8018FDC5,245,0,0,4816801FC4700CE9FAE1D2E6537F553ACE63B6B3CD6DB30B9BB4A7D8505BAA3B,131
C:\Users\Administrator\AppData\Local\DuckStation\savestates\HASH-96A09AA84469A1A6_resume.sav,other_or_unknown,,0,4,bank_helper,0x80193B44,0x80193BC4,128,1,1,38723A2E5E8A17AA7950DC008209944E898F69A7BD10A23C839D341E935FD5CA,0
C:\Users\Administrator\AppData\Local\DuckStation\savestates\HASH-96A09AA84469A1A6_resume.sav,other_or_unknown,,0,4,wrapper_candidate,0x801A2074,0x801A2304,656,0,0,0D69EC76A5584346F6E94673AFE1CB41D0FC62B2E2B4C84A978021AC46AF4E55,353
C:\Users\Administrator\AppData\Local\DuckStation\savestates\HASH-96A09AA84469A1A6_resume.sav,other_or_unknown,,0,4,ui_or_coord_table,0x801A7460,0x801A7860,1024,0,0,8F60FD7E8A15440AF540247D705B6EC4115092E85BC96126D9C8329E4895860E,931
C:\Users\Administrator\AppData\Local\DuckStation\savestates\HASH-975E4D6319103418_resume.sav,other_or_unknown,,0,4,e2_or_wrapper,0x8018FCD0,0x8018FDC5,245,0,0,4816801FC4700CE9FAE1D2E6537F553ACE63B6B3CD6DB30B9BB4A7D8505BAA3B,131
C:\Users\Administrator\AppData\Local\DuckStation\savestates\HASH-975E4D6319103418_resume.sav,other_or_unknown,,0,4,bank_helper,0x80193B44,0x80193BC4,128,1,1,38723A2E5E8A17AA7950DC008209944E898F69A7BD10A23C839D341E935FD5CA,0
C:\Users\Administrator\AppData\Local\DuckStation\savestates\HASH-975E4D6319103418_resume.sav,other_or_unknown,,0,4,wrapper_candidate,0x801A2074,0x801A2304,656,0,0,9FE1C78E34786A00C8EC77FD2AD0B89611ABEEBB53EAC7E2A86438A256301364,371
C:\Users\Administrator\AppData\Local\DuckStation\savestates\HASH-975E4D6319103418_resume.sav,other_or_unknown,,0,4,ui_or_coord_table,0x801A7460,0x801A7860,1024,0,0,8F60FD7E8A15440AF540247D705B6EC4115092E85BC96126D9C8329E4895860E,931
C:\Users\Administrator\AppData\Local\DuckStation\savestates\HASH-97D9CF0A301366C4_resume.sav,other_or_unknown,,0,4,e2_or_wrapper,0x8018FCD0,0x8018FDC5,245,0,0,4D92B363AB08C19078FF1100F8D9CA4C8E9352F7FAFA0AB198D53811D9D553E6,37
C:\Users\Administrator\AppData\Local\DuckStation\savestates\HASH-97D9CF0A301366C4_resume.sav,other_or_unknown,,0,4,bank_helper,0x80193B44,0x80193BC4,128,1,1,38723A2E5E8A17AA7950DC008209944E898F69A7BD10A23C839D341E935FD5CA,0
C:\Users\Administrator\AppData\Local\DuckStation\savestates\HASH-97D9CF0A301366C4_resume.sav,other_or_unknown,,0,4,wrapper_candidate,0x801A2074,0x801A2304,656,1,1,E06E79CDFEDFC6D6107B945613E65B2DE3A209E40115B9B00AB048D2B91CD7D5,0
C:\Users\Administrator\AppData\Local\DuckStation\savestates\HASH-97D9CF0A301366C4_resume.sav,other_or_unknown,,0,4,ui_or_coord_table,0x801A7460,0x801A7860,1024,1,0,5F70BF18A086007016E948B04AED3B82103A36BEA41755B6CDDFAF10ACE3C6EF,0
C:\Users\Administrator\AppData\Local\DuckStation\savestates\HASH-988F2BB1598856E3_1.sav,other_or_unknown,,0,4,e2_or_wrapper,0x8018FCD0,0x8018FDC5,245,0,0,4816801FC4700CE9FAE1D2E6537F553ACE63B6B3CD6DB30B9BB4A7D8505BAA3B,131
C:\Users\Administrator\AppData\Local\DuckStation\savestates\HASH-988F2BB1598856E3_1.sav,other_or_unknown,,0,4,bank_helper,0x80193B44,0x80193BC4,128,1,1,38723A2E5E8A17AA7950DC008209944E898F69A7BD10A23C839D341E935FD5CA,0
C:\Users\Administrator\AppData\Local\DuckStation\savestates\HASH-988F2BB1598856E3_1.sav,other_or_unknown,,0,4,wrapper_candidate,0x801A2074,0x801A2304,656,0,0,9AC093630A4A34D47A5164B93B93CE8E62AE55B10185086C69D4FDF2A7E342BE,414
C:\Users\Administrator\AppData\Local\DuckStation\savestates\HASH-988F2BB1598856E3_1.sav,other_or_unknown,,0,4,ui_or_coord_table,0x801A7460,0x801A7860,1024,0,0,AE731994622A66BB4AFD184EDD558F96D4431082338EEF654C07BA30239C4E0D,903
C:\Users\Administrator\AppData\Local\DuckStation\savestates\HASH-988F2BB1598856E3_2.sav,other_or_unknown,,0,4,e2_or_wrapper,0x8018FCD0,0x8018FDC5,245,0,0,4816801FC4700CE9FAE1D2E6537F553ACE63B6B3CD6DB30B9BB4A7D8505BAA3B,131
C:\Users\Administrator\AppData\Local\DuckStation\savestates\HASH-988F2BB1598856E3_2.sav,other_or_unknown,,0,4,bank_helper,0x80193B44,0x80193BC4,128,1,1,38723A2E5E8A17AA7950DC008209944E898F69A7BD10A23C839D341E935FD5CA,0
C:\Users\Administrator\AppData\Local\DuckStation\savestates\HASH-988F2BB1598856E3_2.sav,other_or_unknown,,0,4,wrapper_candidate,0x801A2074,0x801A2304,656,0,0,383715790A2728D924E52648E3024066833BDD4D7E0529A4805DA0374A82916B,392
C:\Users\Administrator\AppData\Local\DuckStation\savestates\HASH-988F2BB1598856E3_2.sav,other_or_unknown,,0,4,ui_or_coord_table,0x801A7460,0x801A7860,1024,0,0,AE731994622A66BB4AFD184EDD558F96D4431082338EEF654C07BA30239C4E0D,903
C:\Users\Administrator\AppData\Local\DuckStation\savestates\HASH-988F2BB1598856E3_3.sav,other_or_unknown,,0,4,e2_or_wrapper,0x8018FCD0,0x8018FDC5,245,0,0,4816801FC4700CE9FAE1D2E6537F553ACE63B6B3CD6DB30B9BB4A7D8505BAA3B,131
C:\Users\Administrator\AppData\Local\DuckStation\savestates\HASH-988F2BB1598856E3_3.sav,other_or_unknown,,0,4,bank_helper,0x80193B44,0x80193BC4,128,1,1,38723A2E5E8A17AA7950DC008209944E898F69A7BD10A23C839D341E935FD5CA,0
C:\Users\Administrator\AppData\Local\DuckStation\savestates\HASH-988F2BB1598856E3_3.sav,other_or_unknown,,0,4,wrapper_candidate,0x801A2074,0x801A2304,656,0,0,383715790A2728D924E52648E3024066833BDD4D7E0529A4805DA0374A82916B,392
C:\Users\Administrator\AppData\Local\DuckStation\savestates\HASH-988F2BB1598856E3_3.sav,other_or_unknown,,0,4,ui_or_coord_table,0x801A7460,0x801A7860,1024,0,0,AE731994622A66BB4AFD184EDD558F96D4431082338EEF654C07BA30239C4E0D,903
C:\Users\Administrator\AppData\Local\DuckStation\savestates\HASH-988F2BB1598856E3_4.sav,other_or_unknown,,0,4,e2_or_wrapper,0x8018FCD0,0x8018FDC5,245,0,0,4816801FC4700CE9FAE1D2E6537F553ACE63B6B3CD6DB30B9BB4A7D8505BAA3B,131
C:\Users\Administrator\AppData\Local\DuckStation\savestates\HASH-988F2BB1598856E3_4.sav,other_or_unknown,,0,4,bank_helper,0x80193B44,0x80193BC4,128,1,1,38723A2E5E8A17AA7950DC008209944E898F69A7BD10A23C839D341E935FD5CA,0
C:\Users\Administrator\AppData\Local\DuckStation\savestates\HASH-988F2BB1598856E3_4.sav,other_or_unknown,,0,4,wrapper_candidate,0x801A2074,0x801A2304,656,0,0,383715790A2728D924E52648E3024066833BDD4D7E0529A4805DA0374A82916B,392
C:\Users\Administrator\AppData\Local\DuckStation\savestates\HASH-988F2BB1598856E3_4.sav,other_or_unknown,,0,4,ui_or_coord_table,0x801A7460,0x801A7860,1024,0,0,AE731994622A66BB4AFD184EDD558F96D4431082338EEF654C07BA30239C4E0D,903
C:\Users\Administrator\AppData\Local\DuckStation\savestates\HASH-988F2BB1598856E3_5.sav,other_or_unknown,,0,4,e2_or_wrapper,0x8018FCD0,0x8018FDC5,245,0,0,4816801FC4700CE9FAE1D2E6537F553ACE63B6B3CD6DB30B9BB4A7D8505BAA3B,131
C:\Users\Administrator\AppData\Local\DuckStation\savestates\HASH-988F2BB1598856E3_5.sav,other_or_unknown,,0,4,bank_helper,0x80193B44,0x80193BC4,128,1,1,38723A2E5E8A17AA7950DC008209944E898F69A7BD10A23C839D341E935FD5CA,0
C:\Users\Administrator\AppData\Local\DuckStation\savestates\HASH-988F2BB1598856E3_5.sav,other_or_unknown,,0,4,wrapper_candidate,0x801A2074,0x801A2304,656,0,0,383715790A2728D924E52648E3024066833BDD4D7E0529A4805DA0374A82916B,392
C:\Users\Administrator\AppData\Local\DuckStation\savestates\HASH-988F2BB1598856E3_5.sav,other_or_unknown,,0,4,ui_or_coord_table,0x801A7460,0x801A7860,1024,0,0,AE731994622A66BB4AFD184EDD558F96D4431082338EEF654C07BA30239C4E0D,903
C:\Users\Administrator\AppData\Local\DuckStation\savestates\HASH-988F2BB1598856E3_6.sav,other_or_unknown,,0,4,e2_or_wrapper,0x8018FCD0,0x8018FDC5,245,0,0,4816801FC4700CE9FAE1D2E6537F553ACE63B6B3CD6DB30B9BB4A7D8505BAA3B,131
C:\Users\Administrator\AppData\Local\DuckStation\savestates\HASH-988F2BB1598856E3_6.sav,other_or_unknown,,0,4,bank_helper,0x80193B44,0x80193BC4,128,1,1,38723A2E5E8A17AA7950DC008209944E898F69A7BD10A23C839D341E935FD5CA,0
C:\Users\Administrator\AppData\Local\DuckStation\savestates\HASH-988F2BB1598856E3_6.sav,other_or_unknown,,0,4,wrapper_candidate,0x801A2074,0x801A2304,656,0,0,383715790A2728D924E52648E3024066833BDD4D7E0529A4805DA0374A82916B,392
C:\Users\Administrator\AppData\Local\DuckStation\savestates\HASH-988F2BB1598856E3_6.sav,other_or_unknown,,0,4,ui_or_coord_table,0x801A7460,0x801A7860,1024,0,0,AE731994622A66BB4AFD184EDD558F96D4431082338EEF654C07BA30239C4E0D,903
C:\Users\Administrator\AppData\Local\DuckStation\savestates\HASH-988F2BB1598856E3_7.sav,other_or_unknown,,0,4,e2_or_wrapper,0x8018FCD0,0x8018FDC5,245,0,0,4816801FC4700CE9FAE1D2E6537F553ACE63B6B3CD6DB30B9BB4A7D8505BAA3B,131
C:\Users\Administrator\AppData\Local\DuckStation\savestates\HASH-988F2BB1598856E3_7.sav,other_or_unknown,,0,4,bank_helper,0x80193B44,0x80193BC4,128,1,1,38723A2E5E8A17AA7950DC008209944E898F69A7BD10A23C839D341E935FD5CA,0
C:\Users\Administrator\AppData\Local\DuckStation\savestates\HASH-988F2BB1598856E3_7.sav,other_or_unknown,,0,4,wrapper_candidate,0x801A2074,0x801A2304,656,0,0,383715790A2728D924E52648E3024066833BDD4D7E0529A4805DA0374A82916B,392
C:\Users\Administrator\AppData\Local\DuckStation\savestates\HASH-988F2BB1598856E3_7.sav,other_or_unknown,,0,4,ui_or_coord_table,0x801A7460,0x801A7860,1024,0,0,AE731994622A66BB4AFD184EDD558F96D4431082338EEF654C07BA30239C4E0D,903
C:\Users\Administrator\AppData\Local\DuckStation\savestates\HASH-988F2BB1598856E3_resume.sav,other_or_unknown,,0,4,e2_or_wrapper,0x8018FCD0,0x8018FDC5,245,0,0,4816801FC4700CE9FAE1D2E6537F553ACE63B6B3CD6DB30B9BB4A7D8505BAA3B,131
C:\Users\Administrator\AppData\Local\DuckStation\savestates\HASH-988F2BB1598856E3_resume.sav,other_or_unknown,,0,4,bank_helper,0x80193B44,0x80193BC4,128,1,1,38723A2E5E8A17AA7950DC008209944E898F69A7BD10A23C839D341E935FD5CA,0
C:\Users\Administrator\AppData\Local\DuckStation\savestates\HASH-988F2BB1598856E3_resume.sav,other_or_unknown,,0,4,wrapper_candidate,0x801A2074,0x801A2304,656,0,0,383715790A2728D924E52648E3024066833BDD4D7E0529A4805DA0374A82916B,392
C:\Users\Administrator\AppData\Local\DuckStation\savestates\HASH-988F2BB1598856E3_resume.sav,other_or_unknown,,0,4,ui_or_coord_table,0x801A7460,0x801A7860,1024,0,0,AE731994622A66BB4AFD184EDD558F96D4431082338EEF654C07BA30239C4E0D,903
C:\Users\Administrator\AppData\Local\DuckStation\savestates\HASH-98AAF6872030081F_1.sav,other_or_unknown,,0,4,e2_or_wrapper,0x8018FCD0,0x8018FDC5,245,0,0,4816801FC4700CE9FAE1D2E6537F553ACE63B6B3CD6DB30B9BB4A7D8505BAA3B,131
C:\Users\Administrator\AppData\Local\DuckStation\savestates\HASH-98AAF6872030081F_1.sav,other_or_unknown,,0,4,bank_helper,0x80193B44,0x80193BC4,128,1,1,38723A2E5E8A17AA7950DC008209944E898F69A7BD10A23C839D341E935FD5CA,0
C:\Users\Administrator\AppData\Local\DuckStation\savestates\HASH-98AAF6872030081F_1.sav,other_or_unknown,,0,4,wrapper_candidate,0x801A2074,0x801A2304,656,0,0,1E15736151818F3704604741CFF14ED779E87B7A954A9251A29F3DF5D5FFE76D,414
C:\Users\Administrator\AppData\Local\DuckStation\savestates\HASH-98AAF6872030081F_1.sav,other_or_unknown,,0,4,ui_or_coord_table,0x801A7460,0x801A7860,1024,0,0,7A56DABFAC185758C37F88C94734B3338CA1DE8F7B7B4EC178D64907759E9893,904
C:\Users\Administrator\AppData\Local\DuckStation\savestates\HASH-98AAF6872030081F_2.sav,other_or_unknown,,0,4,e2_or_wrapper,0x8018FCD0,0x8018FDC5,245,0,0,4816801FC4700CE9FAE1D2E6537F553ACE63B6B3CD6DB30B9BB4A7D8505BAA3B,131
C:\Users\Administrator\AppData\Local\DuckStation\savestates\HASH-98AAF6872030081F_2.sav,other_or_unknown,,0,4,bank_helper,0x80193B44,0x80193BC4,128,1,1,38723A2E5E8A17AA7950DC008209944E898F69A7BD10A23C839D341E935FD5CA,0
C:\Users\Administrator\AppData\Local\DuckStation\savestates\HASH-98AAF6872030081F_2.sav,other_or_unknown,,0,4,wrapper_candidate,0x801A2074,0x801A2304,656,0,0,1E15736151818F3704604741CFF14ED779E87B7A954A9251A29F3DF5D5FFE76D,414
C:\Users\Administrator\AppData\Local\DuckStation\savestates\HASH-98AAF6872030081F_2.sav,other_or_unknown,,0,4,ui_or_coord_table,0x801A7460,0x801A7860,1024,0,0,7A56DABFAC185758C37F88C94734B3338CA1DE8F7B7B4EC178D64907759E9893,904
C:\Users\Administrator\AppData\Local\DuckStation\savestates\HASH-98AAF6872030081F_3.sav,other_or_unknown,,0,4,e2_or_wrapper,0x8018FCD0,0x8018FDC5,245,0,0,4816801FC4700CE9FAE1D2E6537F553ACE63B6B3CD6DB30B9BB4A7D8505BAA3B,131
C:\Users\Administrator\AppData\Local\DuckStation\savestates\HASH-98AAF6872030081F_3.sav,other_or_unknown,,0,4,bank_helper,0x80193B44,0x80193BC4,128,1,1,38723A2E5E8A17AA7950DC008209944E898F69A7BD10A23C839D341E935FD5CA,0
C:\Users\Administrator\AppData\Local\DuckStation\savestates\HASH-98AAF6872030081F_3.sav,other_or_unknown,,0,4,wrapper_candidate,0x801A2074,0x801A2304,656,0,0,1E15736151818F3704604741CFF14ED779E87B7A954A9251A29F3DF5D5FFE76D,414
C:\Users\Administrator\AppData\Local\DuckStation\savestates\HASH-98AAF6872030081F_3.sav,other_or_unknown,,0,4,ui_or_coord_table,0x801A7460,0x801A7860,1024,0,0,7A56DABFAC185758C37F88C94734B3338CA1DE8F7B7B4EC178D64907759E9893,904
C:\Users\Administrator\AppData\Local\DuckStation\savestates\HASH-98AAF6872030081F_resume.sav,other_or_unknown,,0,4,e2_or_wrapper,0x8018FCD0,0x8018FDC5,245,0,0,4816801FC4700CE9FAE1D2E6537F553ACE63B6B3CD6DB30B9BB4A7D8505BAA3B,131
C:\Users\Administrator\AppData\Local\DuckStation\savestates\HASH-98AAF6872030081F_resume.sav,other_or_unknown,,0,4,bank_helper,0x80193B44,0x80193BC4,128,1,1,38723A2E5E8A17AA7950DC008209944E898F69A7BD10A23C839D341E935FD5CA,0
C:\Users\Administrator\AppData\Local\DuckStation\savestates\HASH-98AAF6872030081F_resume.sav,other_or_unknown,,0,4,wrapper_candidate,0x801A2074,0x801A2304,656,0,0,1E15736151818F3704604741CFF14ED779E87B7A954A9251A29F3DF5D5FFE76D,414
C:\Users\Administrator\AppData\Local\DuckStation\savestates\HASH-98AAF6872030081F_resume.sav,other_or_unknown,,0,4,ui_or_coord_table,0x801A7460,0x801A7860,1024,0,0,7A56DABFAC185758C37F88C94734B3338CA1DE8F7B7B4EC178D64907759E9893,904
C:\Users\Administrator\AppData\Local\DuckStation\savestates\HASH-999E7BB4F1B32474_resume.sav,other_or_unknown,,0,4,e2_or_wrapper,0x8018FCD0,0x8018FDC5,245,0,0,4816801FC4700CE9FAE1D2E6537F553ACE63B6B3CD6DB30B9BB4A7D8505BAA3B,131
C:\Users\Administrator\AppData\Local\DuckStation\savestates\HASH-999E7BB4F1B32474_resume.sav,other_or_unknown,,0,4,bank_helper,0x80193B44,0x80193BC4,128,1,1,38723A2E5E8A17AA7950DC008209944E898F69A7BD10A23C839D341E935FD5CA,0
C:\Users\Administrator\AppData\Local\DuckStation\savestates\HASH-999E7BB4F1B32474_resume.sav,other_or_unknown,,0,4,wrapper_candidate,0x801A2074,0x801A2304,656,1,1,E06E79CDFEDFC6D6107B945613E65B2DE3A209E40115B9B00AB048D2B91CD7D5,0
C:\Users\Administrator\AppData\Local\DuckStation\savestates\HASH-999E7BB4F1B32474_resume.sav,other_or_unknown,,0,4,ui_or_coord_table,0x801A7460,0x801A7860,1024,0,0,15BA54950B33EAFCA7D3B9A0693AB182E36B43C9DF68B5194E69137EAFDD92F7,934
C:\Users\Administrator\AppData\Local\DuckStation\savestates\HASH-9BD6171E5513C3D5_1.sav,other_or_unknown,,0,4,e2_or_wrapper,0x8018FCD0,0x8018FDC5,245,0,0,4816801FC4700CE9FAE1D2E6537F553ACE63B6B3CD6DB30B9BB4A7D8505BAA3B,131
C:\Users\Administrator\AppData\Local\DuckStation\savestates\HASH-9BD6171E5513C3D5_1.sav,other_or_unknown,,0,4,bank_helper,0x80193B44,0x80193BC4,128,1,1,38723A2E5E8A17AA7950DC008209944E898F69A7BD10A23C839D341E935FD5CA,0
C:\Users\Administrator\AppData\Local\DuckStation\savestates\HASH-9BD6171E5513C3D5_1.sav,other_or_unknown,,0,4,wrapper_candidate,0x801A2074,0x801A2304,656,0,0,1504E45F5E16E56DD51D79050DB055CFA2F002DEDC801E79081AAAA07E431DF2,421
C:\Users\Administrator\AppData\Local\DuckStation\savestates\HASH-9BD6171E5513C3D5_1.sav,other_or_unknown,,0,4,ui_or_coord_table,0x801A7460,0x801A7860,1024,0,0,1D21DFB09ECA87573B9A1509C8743C98188072E2FC466A7191CBB4DA12C9355A,854
C:\Users\Administrator\AppData\Local\DuckStation\savestates\HASH-9BD6171E5513C3D5_2.sav,other_or_unknown,,0,4,e2_or_wrapper,0x8018FCD0,0x8018FDC5,245,0,0,4816801FC4700CE9FAE1D2E6537F553ACE63B6B3CD6DB30B9BB4A7D8505BAA3B,131
C:\Users\Administrator\AppData\Local\DuckStation\savestates\HASH-9BD6171E5513C3D5_2.sav,other_or_unknown,,0,4,bank_helper,0x80193B44,0x80193BC4,128,1,1,38723A2E5E8A17AA7950DC008209944E898F69A7BD10A23C839D341E935FD5CA,0
C:\Users\Administrator\AppData\Local\DuckStation\savestates\HASH-9BD6171E5513C3D5_2.sav,other_or_unknown,,0,4,wrapper_candidate,0x801A2074,0x801A2304,656,0,0,1504E45F5E16E56DD51D79050DB055CFA2F002DEDC801E79081AAAA07E431DF2,421
C:\Users\Administrator\AppData\Local\DuckStation\savestates\HASH-9BD6171E5513C3D5_2.sav,other_or_unknown,,0,4,ui_or_coord_table,0x801A7460,0x801A7860,1024,0,0,1D21DFB09ECA87573B9A1509C8743C98188072E2FC466A7191CBB4DA12C9355A,854
C:\Users\Administrator\AppData\Local\DuckStation\savestates\HASH-9BD6171E5513C3D5_3.sav,other_or_unknown,,0,4,e2_or_wrapper,0x8018FCD0,0x8018FDC5,245,0,0,4816801FC4700CE9FAE1D2E6537F553ACE63B6B3CD6DB30B9BB4A7D8505BAA3B,131
C:\Users\Administrator\AppData\Local\DuckStation\savestates\HASH-9BD6171E5513C3D5_3.sav,other_or_unknown,,0,4,bank_helper,0x80193B44,0x80193BC4,128,1,1,38723A2E5E8A17AA7950DC008209944E898F69A7BD10A23C839D341E935FD5CA,0
C:\Users\Administrator\AppData\Local\DuckStation\savestates\HASH-9BD6171E5513C3D5_3.sav,other_or_unknown,,0,4,wrapper_candidate,0x801A2074,0x801A2304,656,0,0,1504E45F5E16E56DD51D79050DB055CFA2F002DEDC801E79081AAAA07E431DF2,421
C:\Users\Administrator\AppData\Local\DuckStation\savestates\HASH-9BD6171E5513C3D5_3.sav,other_or_unknown,,0,4,ui_or_coord_table,0x801A7460,0x801A7860,1024,0,0,1D21DFB09ECA87573B9A1509C8743C98188072E2FC466A7191CBB4DA12C9355A,854
C:\Users\Administrator\AppData\Local\DuckStation\savestates\HASH-9BD6171E5513C3D5_4.sav,other_or_unknown,,0,4,e2_or_wrapper,0x8018FCD0,0x8018FDC5,245,0,0,4816801FC4700CE9FAE1D2E6537F553ACE63B6B3CD6DB30B9BB4A7D8505BAA3B,131
C:\Users\Administrator\AppData\Local\DuckStation\savestates\HASH-9BD6171E5513C3D5_4.sav,other_or_unknown,,0,4,bank_helper,0x80193B44,0x80193BC4,128,1,1,38723A2E5E8A17AA7950DC008209944E898F69A7BD10A23C839D341E935FD5CA,0
C:\Users\Administrator\AppData\Local\DuckStation\savestates\HASH-9BD6171E5513C3D5_4.sav,other_or_unknown,,0,4,wrapper_candidate,0x801A2074,0x801A2304,656,0,0,1504E45F5E16E56DD51D79050DB055CFA2F002DEDC801E79081AAAA07E431DF2,421
C:\Users\Administrator\AppData\Local\DuckStation\savestates\HASH-9BD6171E5513C3D5_4.sav,other_or_unknown,,0,4,ui_or_coord_table,0x801A7460,0x801A7860,1024,0,0,1D21DFB09ECA87573B9A1509C8743C98188072E2FC466A7191CBB4DA12C9355A,854
C:\Users\Administrator\AppData\Local\DuckStation\savestates\HASH-9BD6171E5513C3D5_5.sav,other_or_unknown,,0,4,e2_or_wrapper,0x8018FCD0,0x8018FDC5,245,0,0,4816801FC4700CE9FAE1D2E6537F553ACE63B6B3CD6DB30B9BB4A7D8505BAA3B,131
C:\Users\Administrator\AppData\Local\DuckStation\savestates\HASH-9BD6171E5513C3D5_5.sav,other_or_unknown,,0,4,bank_helper,0x80193B44,0x80193BC4,128,1,1,38723A2E5E8A17AA7950DC008209944E898F69A7BD10A23C839D341E935FD5CA,0
C:\Users\Administrator\AppData\Local\DuckStation\savestates\HASH-9BD6171E5513C3D5_5.sav,other_or_unknown,,0,4,wrapper_candidate,0x801A2074,0x801A2304,656,0,0,1504E45F5E16E56DD51D79050DB055CFA2F002DEDC801E79081AAAA07E431DF2,421
C:\Users\Administrator\AppData\Local\DuckStation\savestates\HASH-9BD6171E5513C3D5_5.sav,other_or_unknown,,0,4,ui_or_coord_table,0x801A7460,0x801A7860,1024,0,0,1D21DFB09ECA87573B9A1509C8743C98188072E2FC466A7191CBB4DA12C9355A,854
C:\Users\Administrator\AppData\Local\DuckStation\savestates\HASH-9BD6171E5513C3D5_6.sav,other_or_unknown,,0,4,e2_or_wrapper,0x8018FCD0,0x8018FDC5,245,0,0,4816801FC4700CE9FAE1D2E6537F553ACE63B6B3CD6DB30B9BB4A7D8505BAA3B,131
C:\Users\Administrator\AppData\Local\DuckStation\savestates\HASH-9BD6171E5513C3D5_6.sav,other_or_unknown,,0,4,bank_helper,0x80193B44,0x80193BC4,128,1,1,38723A2E5E8A17AA7950DC008209944E898F69A7BD10A23C839D341E935FD5CA,0
C:\Users\Administrator\AppData\Local\DuckStation\savestates\HASH-9BD6171E5513C3D5_6.sav,other_or_unknown,,0,4,wrapper_candidate,0x801A2074,0x801A2304,656,0,0,1504E45F5E16E56DD51D79050DB055CFA2F002DEDC801E79081AAAA07E431DF2,421
C:\Users\Administrator\AppData\Local\DuckStation\savestates\HASH-9BD6171E5513C3D5_6.sav,other_or_unknown,,0,4,ui_or_coord_table,0x801A7460,0x801A7860,1024,0,0,1D21DFB09ECA87573B9A1509C8743C98188072E2FC466A7191CBB4DA12C9355A,854
C:\Users\Administrator\AppData\Local\DuckStation\savestates\HASH-9BD6171E5513C3D5_7.sav,other_or_unknown,,0,4,e2_or_wrapper,0x8018FCD0,0x8018FDC5,245,0,0,4816801FC4700CE9FAE1D2E6537F553ACE63B6B3CD6DB30B9BB4A7D8505BAA3B,131
C:\Users\Administrator\AppData\Local\DuckStation\savestates\HASH-9BD6171E5513C3D5_7.sav,other_or_unknown,,0,4,bank_helper,0x80193B44,0x80193BC4,128,1,1,38723A2E5E8A17AA7950DC008209944E898F69A7BD10A23C839D341E935FD5CA,0
C:\Users\Administrator\AppData\Local\DuckStation\savestates\HASH-9BD6171E5513C3D5_7.sav,other_or_unknown,,0,4,wrapper_candidate,0x801A2074,0x801A2304,656,0,0,1504E45F5E16E56DD51D79050DB055CFA2F002DEDC801E79081AAAA07E431DF2,421
C:\Users\Administrator\AppData\Local\DuckStation\savestates\HASH-9BD6171E5513C3D5_7.sav,other_or_unknown,,0,4,ui_or_coord_table,0x801A7460,0x801A7860,1024,0,0,1D21DFB09ECA87573B9A1509C8743C98188072E2FC466A7191CBB4DA12C9355A,854
C:\Users\Administrator\AppData\Local\DuckStation\savestates\HASH-9BD6171E5513C3D5_8.sav,other_or_unknown,,0,4,e2_or_wrapper,0x8018FCD0,0x8018FDC5,245,0,0,4816801FC4700CE9FAE1D2E6537F553ACE63B6B3CD6DB30B9BB4A7D8505BAA3B,131
C:\Users\Administrator\AppData\Local\DuckStation\savestates\HASH-9BD6171E5513C3D5_8.sav,other_or_unknown,,0,4,bank_helper,0x80193B44,0x80193BC4,128,1,1,38723A2E5E8A17AA7950DC008209944E898F69A7BD10A23C839D341E935FD5CA,0
C:\Users\Administrator\AppData\Local\DuckStation\savestates\HASH-9BD6171E5513C3D5_8.sav,other_or_unknown,,0,4,wrapper_candidate,0x801A2074,0x801A2304,656,0,0,1504E45F5E16E56DD51D79050DB055CFA2F002DEDC801E79081AAAA07E431DF2,421
C:\Users\Administrator\AppData\Local\DuckStation\savestates\HASH-9BD6171E5513C3D5_8.sav,other_or_unknown,,0,4,ui_or_coord_table,0x801A7460,0x801A7860,1024,0,0,1D21DFB09ECA87573B9A1509C8743C98188072E2FC466A7191CBB4DA12C9355A,854
C:\Users\Administrator\AppData\Local\DuckStation\savestates\HASH-9BD6171E5513C3D5_9.sav,other_or_unknown,,0,4,e2_or_wrapper,0x8018FCD0,0x8018FDC5,245,0,0,4816801FC4700CE9FAE1D2E6537F553ACE63B6B3CD6DB30B9BB4A7D8505BAA3B,131
C:\Users\Administrator\AppData\Local\DuckStation\savestates\HASH-9BD6171E5513C3D5_9.sav,other_or_unknown,,0,4,bank_helper,0x80193B44,0x80193BC4,128,1,1,38723A2E5E8A17AA7950DC008209944E898F69A7BD10A23C839D341E935FD5CA,0
C:\Users\Administrator\AppData\Local\DuckStation\savestates\HASH-9BD6171E5513C3D5_9.sav,other_or_unknown,,0,4,wrapper_candidate,0x801A2074,0x801A2304,656,0,0,1504E45F5E16E56DD51D79050DB055CFA2F002DEDC801E79081AAAA07E431DF2,421
C:\Users\Administrator\AppData\Local\DuckStation\savestates\HASH-9BD6171E5513C3D5_9.sav,other_or_unknown,,0,4,ui_or_coord_table,0x801A7460,0x801A7860,1024,0,0,1D21DFB09ECA87573B9A1509C8743C98188072E2FC466A7191CBB4DA12C9355A,854
C:\Users\Administrator\AppData\Local\DuckStation\savestates\HASH-9BD6171E5513C3D5_resume.sav,other_or_unknown,,0,4,e2_or_wrapper,0x8018FCD0,0x8018FDC5,245,0,0,4816801FC4700CE9FAE1D2E6537F553ACE63B6B3CD6DB30B9BB4A7D8505BAA3B,131
C:\Users\Administrator\AppData\Local\DuckStation\savestates\HASH-9BD6171E5513C3D5_resume.sav,other_or_unknown,,0,4,bank_helper,0x80193B44,0x80193BC4,128,1,1,38723A2E5E8A17AA7950DC008209944E898F69A7BD10A23C839D341E935FD5CA,0
C:\Users\Administrator\AppData\Local\DuckStation\savestates\HASH-9BD6171E5513C3D5_resume.sav,other_or_unknown,,0,4,wrapper_candidate,0x801A2074,0x801A2304,656,0,0,1504E45F5E16E56DD51D79050DB055CFA2F002DEDC801E79081AAAA07E431DF2,421
C:\Users\Administrator\AppData\Local\DuckStation\savestates\HASH-9BD6171E5513C3D5_resume.sav,other_or_unknown,,0,4,ui_or_coord_table,0x801A7460,0x801A7860,1024,0,0,1D21DFB09ECA87573B9A1509C8743C98188072E2FC466A7191CBB4DA12C9355A,854
C:\Users\Administrator\AppData\Local\DuckStation\savestates\HASH-9C791F6466AF1DFA_1.sav,other_or_unknown,,0,4,e2_or_wrapper,0x8018FCD0,0x8018FDC5,245,0,0,4816801FC4700CE9FAE1D2E6537F553ACE63B6B3CD6DB30B9BB4A7D8505BAA3B,131
C:\Users\Administrator\AppData\Local\DuckStation\savestates\HASH-9C791F6466AF1DFA_1.sav,other_or_unknown,,0,4,bank_helper,0x80193B44,0x80193BC4,128,1,1,38723A2E5E8A17AA7950DC008209944E898F69A7BD10A23C839D341E935FD5CA,0
C:\Users\Administrator\AppData\Local\DuckStation\savestates\HASH-9C791F6466AF1DFA_1.sav,other_or_unknown,,0,4,wrapper_candidate,0x801A2074,0x801A2304,656,0,0,C34D8EB30730A00F88041FC59870561406A904742B073EE2B004A36D3FA9845D,415
C:\Users\Administrator\AppData\Local\DuckStation\savestates\HASH-9C791F6466AF1DFA_1.sav,other_or_unknown,,0,4,ui_or_coord_table,0x801A7460,0x801A7860,1024,0,0,8F60FD7E8A15440AF540247D705B6EC4115092E85BC96126D9C8329E4895860E,931
C:\Users\Administrator\AppData\Local\DuckStation\savestates\HASH-9C791F6466AF1DFA_2.sav,other_or_unknown,,0,4,e2_or_wrapper,0x8018FCD0,0x8018FDC5,245,0,0,4816801FC4700CE9FAE1D2E6537F553ACE63B6B3CD6DB30B9BB4A7D8505BAA3B,131
C:\Users\Administrator\AppData\Local\DuckStation\savestates\HASH-9C791F6466AF1DFA_2.sav,other_or_unknown,,0,4,bank_helper,0x80193B44,0x80193BC4,128,1,1,38723A2E5E8A17AA7950DC008209944E898F69A7BD10A23C839D341E935FD5CA,0
C:\Users\Administrator\AppData\Local\DuckStation\savestates\HASH-9C791F6466AF1DFA_2.sav,other_or_unknown,,0,4,wrapper_candidate,0x801A2074,0x801A2304,656,0,0,C34D8EB30730A00F88041FC59870561406A904742B073EE2B004A36D3FA9845D,415
C:\Users\Administrator\AppData\Local\DuckStation\savestates\HASH-9C791F6466AF1DFA_2.sav,other_or_unknown,,0,4,ui_or_coord_table,0x801A7460,0x801A7860,1024,0,0,8F60FD7E8A15440AF540247D705B6EC4115092E85BC96126D9C8329E4895860E,931
C:\Users\Administrator\AppData\Local\DuckStation\savestates\HASH-9C791F6466AF1DFA_resume.sav,other_or_unknown,,0,4,e2_or_wrapper,0x8018FCD0,0x8018FDC5,245,0,0,4816801FC4700CE9FAE1D2E6537F553ACE63B6B3CD6DB30B9BB4A7D8505BAA3B,131
C:\Users\Administrator\AppData\Local\DuckStation\savestates\HASH-9C791F6466AF1DFA_resume.sav,other_or_unknown,,0,4,bank_helper,0x80193B44,0x80193BC4,128,1,1,38723A2E5E8A17AA7950DC008209944E898F69A7BD10A23C839D341E935FD5CA,0
C:\Users\Administrator\AppData\Local\DuckStation\savestates\HASH-9C791F6466AF1DFA_resume.sav,other_or_unknown,,0,4,wrapper_candidate,0x801A2074,0x801A2304,656,0,0,C34D8EB30730A00F88041FC59870561406A904742B073EE2B004A36D3FA9845D,415
C:\Users\Administrator\AppData\Local\DuckStation\savestates\HASH-9C791F6466AF1DFA_resume.sav,other_or_unknown,,0,4,ui_or_coord_table,0x801A7460,0x801A7860,1024,0,0,8F60FD7E8A15440AF540247D705B6EC4115092E85BC96126D9C8329E4895860E,931
C:\Users\Administrator\AppData\Local\DuckStation\savestates\HASH-9C7D2BC99085BD50_1.sav,other_or_unknown,,0,4,e2_or_wrapper,0x8018FCD0,0x8018FDC5,245,0,0,4816801FC4700CE9FAE1D2E6537F553ACE63B6B3CD6DB30B9BB4A7D8505BAA3B,131
C:\Users\Administrator\AppData\Local\DuckStation\savestates\HASH-9C7D2BC99085BD50_1.sav,other_or_unknown,,0,4,bank_helper,0x80193B44,0x80193BC4,128,1,1,38723A2E5E8A17AA7950DC008209944E898F69A7BD10A23C839D341E935FD5CA,0
C:\Users\Administrator\AppData\Local\DuckStation\savestates\HASH-9C7D2BC99085BD50_1.sav,other_or_unknown,,0,4,wrapper_candidate,0x801A2074,0x801A2304,656,0,0,1E15736151818F3704604741CFF14ED779E87B7A954A9251A29F3DF5D5FFE76D,414
C:\Users\Administrator\AppData\Local\DuckStation\savestates\HASH-9C7D2BC99085BD50_1.sav,other_or_unknown,,0,4,ui_or_coord_table,0x801A7460,0x801A7860,1024,0,0,CFA9BDD358BC30B2EB3347F977B686411EC7CBE4B8D14746AFDD6AEA9E33AFEC,902
C:\Users\Administrator\AppData\Local\DuckStation\savestates\HASH-9C7D2BC99085BD50_2.sav,other_or_unknown,,0,4,e2_or_wrapper,0x8018FCD0,0x8018FDC5,245,0,0,4816801FC4700CE9FAE1D2E6537F553ACE63B6B3CD6DB30B9BB4A7D8505BAA3B,131
C:\Users\Administrator\AppData\Local\DuckStation\savestates\HASH-9C7D2BC99085BD50_2.sav,other_or_unknown,,0,4,bank_helper,0x80193B44,0x80193BC4,128,1,1,38723A2E5E8A17AA7950DC008209944E898F69A7BD10A23C839D341E935FD5CA,0
C:\Users\Administrator\AppData\Local\DuckStation\savestates\HASH-9C7D2BC99085BD50_2.sav,other_or_unknown,,0,4,wrapper_candidate,0x801A2074,0x801A2304,656,0,0,1E15736151818F3704604741CFF14ED779E87B7A954A9251A29F3DF5D5FFE76D,414
C:\Users\Administrator\AppData\Local\DuckStation\savestates\HASH-9C7D2BC99085BD50_2.sav,other_or_unknown,,0,4,ui_or_coord_table,0x801A7460,0x801A7860,1024,0,0,CFA9BDD358BC30B2EB3347F977B686411EC7CBE4B8D14746AFDD6AEA9E33AFEC,902
C:\Users\Administrator\AppData\Local\DuckStation\savestates\HASH-9C7D2BC99085BD50_3.sav,other_or_unknown,,0,4,e2_or_wrapper,0x8018FCD0,0x8018FDC5,245,0,0,4816801FC4700CE9FAE1D2E6537F553ACE63B6B3CD6DB30B9BB4A7D8505BAA3B,131
C:\Users\Administrator\AppData\Local\DuckStation\savestates\HASH-9C7D2BC99085BD50_3.sav,other_or_unknown,,0,4,bank_helper,0x80193B44,0x80193BC4,128,1,1,38723A2E5E8A17AA7950DC008209944E898F69A7BD10A23C839D341E935FD5CA,0
C:\Users\Administrator\AppData\Local\DuckStation\savestates\HASH-9C7D2BC99085BD50_3.sav,other_or_unknown,,0,4,wrapper_candidate,0x801A2074,0x801A2304,656,0,0,1E15736151818F3704604741CFF14ED779E87B7A954A9251A29F3DF5D5FFE76D,414
C:\Users\Administrator\AppData\Local\DuckStation\savestates\HASH-9C7D2BC99085BD50_3.sav,other_or_unknown,,0,4,ui_or_coord_table,0x801A7460,0x801A7860,1024,0,0,CFA9BDD358BC30B2EB3347F977B686411EC7CBE4B8D14746AFDD6AEA9E33AFEC,902
C:\Users\Administrator\AppData\Local\DuckStation\savestates\HASH-9C7D2BC99085BD50_4.sav,other_or_unknown,,0,4,e2_or_wrapper,0x8018FCD0,0x8018FDC5,245,0,0,4816801FC4700CE9FAE1D2E6537F553ACE63B6B3CD6DB30B9BB4A7D8505BAA3B,131
C:\Users\Administrator\AppData\Local\DuckStation\savestates\HASH-9C7D2BC99085BD50_4.sav,other_or_unknown,,0,4,bank_helper,0x80193B44,0x80193BC4,128,1,1,38723A2E5E8A17AA7950DC008209944E898F69A7BD10A23C839D341E935FD5CA,0
C:\Users\Administrator\AppData\Local\DuckStation\savestates\HASH-9C7D2BC99085BD50_4.sav,other_or_unknown,,0,4,wrapper_candidate,0x801A2074,0x801A2304,656,0,0,1E15736151818F3704604741CFF14ED779E87B7A954A9251A29F3DF5D5FFE76D,414
C:\Users\Administrator\AppData\Local\DuckStation\savestates\HASH-9C7D2BC99085BD50_4.sav,other_or_unknown,,0,4,ui_or_coord_table,0x801A7460,0x801A7860,1024,0,0,CFA9BDD358BC30B2EB3347F977B686411EC7CBE4B8D14746AFDD6AEA9E33AFEC,902
C:\Users\Administrator\AppData\Local\DuckStation\savestates\HASH-9C7D2BC99085BD50_5.sav,other_or_unknown,,0,4,e2_or_wrapper,0x8018FCD0,0x8018FDC5,245,0,0,4816801FC4700CE9FAE1D2E6537F553ACE63B6B3CD6DB30B9BB4A7D8505BAA3B,131
C:\Users\Administrator\AppData\Local\DuckStation\savestates\HASH-9C7D2BC99085BD50_5.sav,other_or_unknown,,0,4,bank_helper,0x80193B44,0x80193BC4,128,1,1,38723A2E5E8A17AA7950DC008209944E898F69A7BD10A23C839D341E935FD5CA,0
C:\Users\Administrator\AppData\Local\DuckStation\savestates\HASH-9C7D2BC99085BD50_5.sav,other_or_unknown,,0,4,wrapper_candidate,0x801A2074,0x801A2304,656,0,0,1E15736151818F3704604741CFF14ED779E87B7A954A9251A29F3DF5D5FFE76D,414
C:\Users\Administrator\AppData\Local\DuckStation\savestates\HASH-9C7D2BC99085BD50_5.sav,other_or_unknown,,0,4,ui_or_coord_table,0x801A7460,0x801A7860,1024,0,0,CFA9BDD358BC30B2EB3347F977B686411EC7CBE4B8D14746AFDD6AEA9E33AFEC,902
C:\Users\Administrator\AppData\Local\DuckStation\savestates\HASH-9C7D2BC99085BD50_6.sav,other_or_unknown,,0,4,e2_or_wrapper,0x8018FCD0,0x8018FDC5,245,0,0,4816801FC4700CE9FAE1D2E6537F553ACE63B6B3CD6DB30B9BB4A7D8505BAA3B,131
C:\Users\Administrator\AppData\Local\DuckStation\savestates\HASH-9C7D2BC99085BD50_6.sav,other_or_unknown,,0,4,bank_helper,0x80193B44,0x80193BC4,128,1,1,38723A2E5E8A17AA7950DC008209944E898F69A7BD10A23C839D341E935FD5CA,0
C:\Users\Administrator\AppData\Local\DuckStation\savestates\HASH-9C7D2BC99085BD50_6.sav,other_or_unknown,,0,4,wrapper_candidate,0x801A2074,0x801A2304,656,0,0,1E15736151818F3704604741CFF14ED779E87B7A954A9251A29F3DF5D5FFE76D,414
C:\Users\Administrator\AppData\Local\DuckStation\savestates\HASH-9C7D2BC99085BD50_6.sav,other_or_unknown,,0,4,ui_or_coord_table,0x801A7460,0x801A7860,1024,0,0,CFA9BDD358BC30B2EB3347F977B686411EC7CBE4B8D14746AFDD6AEA9E33AFEC,902
C:\Users\Administrator\AppData\Local\DuckStation\savestates\HASH-9C7D2BC99085BD50_7.sav,other_or_unknown,,0,4,e2_or_wrapper,0x8018FCD0,0x8018FDC5,245,0,0,4816801FC4700CE9FAE1D2E6537F553ACE63B6B3CD6DB30B9BB4A7D8505BAA3B,131
C:\Users\Administrator\AppData\Local\DuckStation\savestates\HASH-9C7D2BC99085BD50_7.sav,other_or_unknown,,0,4,bank_helper,0x80193B44,0x80193BC4,128,1,1,38723A2E5E8A17AA7950DC008209944E898F69A7BD10A23C839D341E935FD5CA,0
C:\Users\Administrator\AppData\Local\DuckStation\savestates\HASH-9C7D2BC99085BD50_7.sav,other_or_unknown,,0,4,wrapper_candidate,0x801A2074,0x801A2304,656,0,0,1E15736151818F3704604741CFF14ED779E87B7A954A9251A29F3DF5D5FFE76D,414
C:\Users\Administrator\AppData\Local\DuckStation\savestates\HASH-9C7D2BC99085BD50_7.sav,other_or_unknown,,0,4,ui_or_coord_table,0x801A7460,0x801A7860,1024,0,0,CFA9BDD358BC30B2EB3347F977B686411EC7CBE4B8D14746AFDD6AEA9E33AFEC,902
C:\Users\Administrator\AppData\Local\DuckStation\savestates\HASH-9C7D2BC99085BD50_8.sav,other_or_unknown,,0,4,e2_or_wrapper,0x8018FCD0,0x8018FDC5,245,0,0,4816801FC4700CE9FAE1D2E6537F553ACE63B6B3CD6DB30B9BB4A7D8505BAA3B,131
C:\Users\Administrator\AppData\Local\DuckStation\savestates\HASH-9C7D2BC99085BD50_8.sav,other_or_unknown,,0,4,bank_helper,0x80193B44,0x80193BC4,128,1,1,38723A2E5E8A17AA7950DC008209944E898F69A7BD10A23C839D341E935FD5CA,0
C:\Users\Administrator\AppData\Local\DuckStation\savestates\HASH-9C7D2BC99085BD50_8.sav,other_or_unknown,,0,4,wrapper_candidate,0x801A2074,0x801A2304,656,0,0,1E15736151818F3704604741CFF14ED779E87B7A954A9251A29F3DF5D5FFE76D,414
C:\Users\Administrator\AppData\Local\DuckStation\savestates\HASH-9C7D2BC99085BD50_8.sav,other_or_unknown,,0,4,ui_or_coord_table,0x801A7460,0x801A7860,1024,0,0,CFA9BDD358BC30B2EB3347F977B686411EC7CBE4B8D14746AFDD6AEA9E33AFEC,902
C:\Users\Administrator\AppData\Local\DuckStation\savestates\HASH-9C7D2BC99085BD50_9.sav,other_or_unknown,,0,4,e2_or_wrapper,0x8018FCD0,0x8018FDC5,245,0,0,4816801FC4700CE9FAE1D2E6537F553ACE63B6B3CD6DB30B9BB4A7D8505BAA3B,131
C:\Users\Administrator\AppData\Local\DuckStation\savestates\HASH-9C7D2BC99085BD50_9.sav,other_or_unknown,,0,4,bank_helper,0x80193B44,0x80193BC4,128,1,1,38723A2E5E8A17AA7950DC008209944E898F69A7BD10A23C839D341E935FD5CA,0
C:\Users\Administrator\AppData\Local\DuckStation\savestates\HASH-9C7D2BC99085BD50_9.sav,other_or_unknown,,0,4,wrapper_candidate,0x801A2074,0x801A2304,656,0,0,1E15736151818F3704604741CFF14ED779E87B7A954A9251A29F3DF5D5FFE76D,414
C:\Users\Administrator\AppData\Local\DuckStation\savestates\HASH-9C7D2BC99085BD50_9.sav,other_or_unknown,,0,4,ui_or_coord_table,0x801A7460,0x801A7860,1024,0,0,CFA9BDD358BC30B2EB3347F977B686411EC7CBE4B8D14746AFDD6AEA9E33AFEC,902
C:\Users\Administrator\AppData\Local\DuckStation\savestates\HASH-9C7D2BC99085BD50_resume.sav,other_or_unknown,,0,4,e2_or_wrapper,0x8018FCD0,0x8018FDC5,245,0,0,4816801FC4700CE9FAE1D2E6537F553ACE63B6B3CD6DB30B9BB4A7D8505BAA3B,131
C:\Users\Administrator\AppData\Local\DuckStation\savestates\HASH-9C7D2BC99085BD50_resume.sav,other_or_unknown,,0,4,bank_helper,0x80193B44,0x80193BC4,128,1,1,38723A2E5E8A17AA7950DC008209944E898F69A7BD10A23C839D341E935FD5CA,0
C:\Users\Administrator\AppData\Local\DuckStation\savestates\HASH-9C7D2BC99085BD50_resume.sav,other_or_unknown,,0,4,wrapper_candidate,0x801A2074,0x801A2304,656,0,0,1E15736151818F3704604741CFF14ED779E87B7A954A9251A29F3DF5D5FFE76D,414
C:\Users\Administrator\AppData\Local\DuckStation\savestates\HASH-9C7D2BC99085BD50_resume.sav,other_or_unknown,,0,4,ui_or_coord_table,0x801A7460,0x801A7860,1024,0,0,CFA9BDD358BC30B2EB3347F977B686411EC7CBE4B8D14746AFDD6AEA9E33AFEC,902
C:\Users\Administrator\AppData\Local\DuckStation\savestates\HASH-9E6E415F0358AAEF_1.sav,other_or_unknown,,0,4,e2_or_wrapper,0x8018FCD0,0x8018FDC5,245,0,0,438FCE6A5A5A4918835D5ED72E5E53EC2E1EB95094E3E10CB871AE9E93DD6855,165
C:\Users\Administrator\AppData\Local\DuckStation\savestates\HASH-9E6E415F0358AAEF_1.sav,other_or_unknown,,0,4,bank_helper,0x80193B44,0x80193BC4,128,1,1,38723A2E5E8A17AA7950DC008209944E898F69A7BD10A23C839D341E935FD5CA,0
C:\Users\Administrator\AppData\Local\DuckStation\savestates\HASH-9E6E415F0358AAEF_1.sav,other_or_unknown,,0,4,wrapper_candidate,0x801A2074,0x801A2304,656,1,1,E06E79CDFEDFC6D6107B945613E65B2DE3A209E40115B9B00AB048D2B91CD7D5,0
C:\Users\Administrator\AppData\Local\DuckStation\savestates\HASH-9E6E415F0358AAEF_1.sav,other_or_unknown,,0,4,ui_or_coord_table,0x801A7460,0x801A7860,1024,1,0,5F70BF18A086007016E948B04AED3B82103A36BEA41755B6CDDFAF10ACE3C6EF,0
C:\Users\Administrator\AppData\Local\DuckStation\savestates\HASH-9E6E415F0358AAEF_2.sav,other_or_unknown,,0,4,e2_or_wrapper,0x8018FCD0,0x8018FDC5,245,0,0,438FCE6A5A5A4918835D5ED72E5E53EC2E1EB95094E3E10CB871AE9E93DD6855,165
C:\Users\Administrator\AppData\Local\DuckStation\savestates\HASH-9E6E415F0358AAEF_2.sav,other_or_unknown,,0,4,bank_helper,0x80193B44,0x80193BC4,128,1,1,38723A2E5E8A17AA7950DC008209944E898F69A7BD10A23C839D341E935FD5CA,0
C:\Users\Administrator\AppData\Local\DuckStation\savestates\HASH-9E6E415F0358AAEF_2.sav,other_or_unknown,,0,4,wrapper_candidate,0x801A2074,0x801A2304,656,1,1,E06E79CDFEDFC6D6107B945613E65B2DE3A209E40115B9B00AB048D2B91CD7D5,0
C:\Users\Administrator\AppData\Local\DuckStation\savestates\HASH-9E6E415F0358AAEF_2.sav,other_or_unknown,,0,4,ui_or_coord_table,0x801A7460,0x801A7860,1024,1,0,5F70BF18A086007016E948B04AED3B82103A36BEA41755B6CDDFAF10ACE3C6EF,0
C:\Users\Administrator\AppData\Local\DuckStation\savestates\HASH-9E6E415F0358AAEF_resume.sav,other_or_unknown,,0,4,e2_or_wrapper,0x8018FCD0,0x8018FDC5,245,0,0,438FCE6A5A5A4918835D5ED72E5E53EC2E1EB95094E3E10CB871AE9E93DD6855,165
C:\Users\Administrator\AppData\Local\DuckStation\savestates\HASH-9E6E415F0358AAEF_resume.sav,other_or_unknown,,0,4,bank_helper,0x80193B44,0x80193BC4,128,1,1,38723A2E5E8A17AA7950DC008209944E898F69A7BD10A23C839D341E935FD5CA,0
C:\Users\Administrator\AppData\Local\DuckStation\savestates\HASH-9E6E415F0358AAEF_resume.sav,other_or_unknown,,0,4,wrapper_candidate,0x801A2074,0x801A2304,656,1,1,E06E79CDFEDFC6D6107B945613E65B2DE3A209E40115B9B00AB048D2B91CD7D5,0
C:\Users\Administrator\AppData\Local\DuckStation\savestates\HASH-9E6E415F0358AAEF_resume.sav,other_or_unknown,,0,4,ui_or_coord_table,0x801A7460,0x801A7860,1024,1,0,5F70BF18A086007016E948B04AED3B82103A36BEA41755B6CDDFAF10ACE3C6EF,0
C:\Users\Administrator\AppData\Local\DuckStation\savestates\HASH-A13992E51BF4BB39_1.sav,other_or_unknown,,0,4,e2_or_wrapper,0x8018FCD0,0x8018FDC5,245,0,0,4816801FC4700CE9FAE1D2E6537F553ACE63B6B3CD6DB30B9BB4A7D8505BAA3B,131
C:\Users\Administrator\AppData\Local\DuckStation\savestates\HASH-A13992E51BF4BB39_1.sav,other_or_unknown,,0,4,bank_helper,0x80193B44,0x80193BC4,128,1,1,38723A2E5E8A17AA7950DC008209944E898F69A7BD10A23C839D341E935FD5CA,0
C:\Users\Administrator\AppData\Local\DuckStation\savestates\HASH-A13992E51BF4BB39_1.sav,other_or_unknown,,0,4,wrapper_candidate,0x801A2074,0x801A2304,656,0,0,383715790A2728D924E52648E3024066833BDD4D7E0529A4805DA0374A82916B,392
C:\Users\Administrator\AppData\Local\DuckStation\savestates\HASH-A13992E51BF4BB39_1.sav,other_or_unknown,,0,4,ui_or_coord_table,0x801A7460,0x801A7860,1024,0,0,7A56DABFAC185758C37F88C94734B3338CA1DE8F7B7B4EC178D64907759E9893,904
C:\Users\Administrator\AppData\Local\DuckStation\savestates\HASH-A13992E51BF4BB39_2.sav,other_or_unknown,,0,4,e2_or_wrapper,0x8018FCD0,0x8018FDC5,245,0,0,4816801FC4700CE9FAE1D2E6537F553ACE63B6B3CD6DB30B9BB4A7D8505BAA3B,131
C:\Users\Administrator\AppData\Local\DuckStation\savestates\HASH-A13992E51BF4BB39_2.sav,other_or_unknown,,0,4,bank_helper,0x80193B44,0x80193BC4,128,1,1,38723A2E5E8A17AA7950DC008209944E898F69A7BD10A23C839D341E935FD5CA,0
C:\Users\Administrator\AppData\Local\DuckStation\savestates\HASH-A13992E51BF4BB39_2.sav,other_or_unknown,,0,4,wrapper_candidate,0x801A2074,0x801A2304,656,0,0,383715790A2728D924E52648E3024066833BDD4D7E0529A4805DA0374A82916B,392
C:\Users\Administrator\AppData\Local\DuckStation\savestates\HASH-A13992E51BF4BB39_2.sav,other_or_unknown,,0,4,ui_or_coord_table,0x801A7460,0x801A7860,1024,0,0,7A56DABFAC185758C37F88C94734B3338CA1DE8F7B7B4EC178D64907759E9893,904
C:\Users\Administrator\AppData\Local\DuckStation\savestates\HASH-A13992E51BF4BB39_3.sav,other_or_unknown,,0,4,e2_or_wrapper,0x8018FCD0,0x8018FDC5,245,0,0,4816801FC4700CE9FAE1D2E6537F553ACE63B6B3CD6DB30B9BB4A7D8505BAA3B,131
C:\Users\Administrator\AppData\Local\DuckStation\savestates\HASH-A13992E51BF4BB39_3.sav,other_or_unknown,,0,4,bank_helper,0x80193B44,0x80193BC4,128,1,1,38723A2E5E8A17AA7950DC008209944E898F69A7BD10A23C839D341E935FD5CA,0
C:\Users\Administrator\AppData\Local\DuckStation\savestates\HASH-A13992E51BF4BB39_3.sav,other_or_unknown,,0,4,wrapper_candidate,0x801A2074,0x801A2304,656,0,0,383715790A2728D924E52648E3024066833BDD4D7E0529A4805DA0374A82916B,392
C:\Users\Administrator\AppData\Local\DuckStation\savestates\HASH-A13992E51BF4BB39_3.sav,other_or_unknown,,0,4,ui_or_coord_table,0x801A7460,0x801A7860,1024,0,0,7A56DABFAC185758C37F88C94734B3338CA1DE8F7B7B4EC178D64907759E9893,904
C:\Users\Administrator\AppData\Local\DuckStation\savestates\HASH-A13992E51BF4BB39_4.sav,other_or_unknown,,0,4,e2_or_wrapper,0x8018FCD0,0x8018FDC5,245,0,0,4816801FC4700CE9FAE1D2E6537F553ACE63B6B3CD6DB30B9BB4A7D8505BAA3B,131
C:\Users\Administrator\AppData\Local\DuckStation\savestates\HASH-A13992E51BF4BB39_4.sav,other_or_unknown,,0,4,bank_helper,0x80193B44,0x80193BC4,128,1,1,38723A2E5E8A17AA7950DC008209944E898F69A7BD10A23C839D341E935FD5CA,0
C:\Users\Administrator\AppData\Local\DuckStation\savestates\HASH-A13992E51BF4BB39_4.sav,other_or_unknown,,0,4,wrapper_candidate,0x801A2074,0x801A2304,656,0,0,383715790A2728D924E52648E3024066833BDD4D7E0529A4805DA0374A82916B,392
C:\Users\Administrator\AppData\Local\DuckStation\savestates\HASH-A13992E51BF4BB39_4.sav,other_or_unknown,,0,4,ui_or_coord_table,0x801A7460,0x801A7860,1024,0,0,7A56DABFAC185758C37F88C94734B3338CA1DE8F7B7B4EC178D64907759E9893,904
C:\Users\Administrator\AppData\Local\DuckStation\savestates\HASH-A13992E51BF4BB39_5.sav,other_or_unknown,,0,4,e2_or_wrapper,0x8018FCD0,0x8018FDC5,245,0,0,4816801FC4700CE9FAE1D2E6537F553ACE63B6B3CD6DB30B9BB4A7D8505BAA3B,131
C:\Users\Administrator\AppData\Local\DuckStation\savestates\HASH-A13992E51BF4BB39_5.sav,other_or_unknown,,0,4,bank_helper,0x80193B44,0x80193BC4,128,1,1,38723A2E5E8A17AA7950DC008209944E898F69A7BD10A23C839D341E935FD5CA,0
C:\Users\Administrator\AppData\Local\DuckStation\savestates\HASH-A13992E51BF4BB39_5.sav,other_or_unknown,,0,4,wrapper_candidate,0x801A2074,0x801A2304,656,0,0,383715790A2728D924E52648E3024066833BDD4D7E0529A4805DA0374A82916B,392
C:\Users\Administrator\AppData\Local\DuckStation\savestates\HASH-A13992E51BF4BB39_5.sav,other_or_unknown,,0,4,ui_or_coord_table,0x801A7460,0x801A7860,1024,0,0,7A56DABFAC185758C37F88C94734B3338CA1DE8F7B7B4EC178D64907759E9893,904
C:\Users\Administrator\AppData\Local\DuckStation\savestates\HASH-A13992E51BF4BB39_6.sav,other_or_unknown,,0,4,e2_or_wrapper,0x8018FCD0,0x8018FDC5,245,0,0,4816801FC4700CE9FAE1D2E6537F553ACE63B6B3CD6DB30B9BB4A7D8505BAA3B,131
C:\Users\Administrator\AppData\Local\DuckStation\savestates\HASH-A13992E51BF4BB39_6.sav,other_or_unknown,,0,4,bank_helper,0x80193B44,0x80193BC4,128,1,1,38723A2E5E8A17AA7950DC008209944E898F69A7BD10A23C839D341E935FD5CA,0
C:\Users\Administrator\AppData\Local\DuckStation\savestates\HASH-A13992E51BF4BB39_6.sav,other_or_unknown,,0,4,wrapper_candidate,0x801A2074,0x801A2304,656,0,0,383715790A2728D924E52648E3024066833BDD4D7E0529A4805DA0374A82916B,392
C:\Users\Administrator\AppData\Local\DuckStation\savestates\HASH-A13992E51BF4BB39_6.sav,other_or_unknown,,0,4,ui_or_coord_table,0x801A7460,0x801A7860,1024,0,0,7A56DABFAC185758C37F88C94734B3338CA1DE8F7B7B4EC178D64907759E9893,904
C:\Users\Administrator\AppData\Local\DuckStation\savestates\HASH-A13992E51BF4BB39_resume.sav,other_or_unknown,,0,4,e2_or_wrapper,0x8018FCD0,0x8018FDC5,245,0,0,4816801FC4700CE9FAE1D2E6537F553ACE63B6B3CD6DB30B9BB4A7D8505BAA3B,131
C:\Users\Administrator\AppData\Local\DuckStation\savestates\HASH-A13992E51BF4BB39_resume.sav,other_or_unknown,,0,4,bank_helper,0x80193B44,0x80193BC4,128,1,1,38723A2E5E8A17AA7950DC008209944E898F69A7BD10A23C839D341E935FD5CA,0
C:\Users\Administrator\AppData\Local\DuckStation\savestates\HASH-A13992E51BF4BB39_resume.sav,other_or_unknown,,0,4,wrapper_candidate,0x801A2074,0x801A2304,656,0,0,383715790A2728D924E52648E3024066833BDD4D7E0529A4805DA0374A82916B,392
C:\Users\Administrator\AppData\Local\DuckStation\savestates\HASH-A13992E51BF4BB39_resume.sav,other_or_unknown,,0,4,ui_or_coord_table,0x801A7460,0x801A7860,1024,0,0,7A56DABFAC185758C37F88C94734B3338CA1DE8F7B7B4EC178D64907759E9893,904
C:\Users\Administrator\AppData\Local\DuckStation\savestates\HASH-A3551CA06913FCC3_1.sav,other_or_unknown,,0,4,e2_or_wrapper,0x8018FCD0,0x8018FDC5,245,0,0,4816801FC4700CE9FAE1D2E6537F553ACE63B6B3CD6DB30B9BB4A7D8505BAA3B,131
C:\Users\Administrator\AppData\Local\DuckStation\savestates\HASH-A3551CA06913FCC3_1.sav,other_or_unknown,,0,4,bank_helper,0x80193B44,0x80193BC4,128,1,1,38723A2E5E8A17AA7950DC008209944E898F69A7BD10A23C839D341E935FD5CA,0
C:\Users\Administrator\AppData\Local\DuckStation\savestates\HASH-A3551CA06913FCC3_1.sav,other_or_unknown,,0,4,wrapper_candidate,0x801A2074,0x801A2304,656,0,0,1E15736151818F3704604741CFF14ED779E87B7A954A9251A29F3DF5D5FFE76D,414
C:\Users\Administrator\AppData\Local\DuckStation\savestates\HASH-A3551CA06913FCC3_1.sav,other_or_unknown,,0,4,ui_or_coord_table,0x801A7460,0x801A7860,1024,0,0,7A56DABFAC185758C37F88C94734B3338CA1DE8F7B7B4EC178D64907759E9893,904
C:\Users\Administrator\AppData\Local\DuckStation\savestates\HASH-A3551CA06913FCC3_2.sav,other_or_unknown,,0,4,e2_or_wrapper,0x8018FCD0,0x8018FDC5,245,0,0,4816801FC4700CE9FAE1D2E6537F553ACE63B6B3CD6DB30B9BB4A7D8505BAA3B,131
C:\Users\Administrator\AppData\Local\DuckStation\savestates\HASH-A3551CA06913FCC3_2.sav,other_or_unknown,,0,4,bank_helper,0x80193B44,0x80193BC4,128,1,1,38723A2E5E8A17AA7950DC008209944E898F69A7BD10A23C839D341E935FD5CA,0
C:\Users\Administrator\AppData\Local\DuckStation\savestates\HASH-A3551CA06913FCC3_2.sav,other_or_unknown,,0,4,wrapper_candidate,0x801A2074,0x801A2304,656,0,0,1E15736151818F3704604741CFF14ED779E87B7A954A9251A29F3DF5D5FFE76D,414
C:\Users\Administrator\AppData\Local\DuckStation\savestates\HASH-A3551CA06913FCC3_2.sav,other_or_unknown,,0,4,ui_or_coord_table,0x801A7460,0x801A7860,1024,0,0,7A56DABFAC185758C37F88C94734B3338CA1DE8F7B7B4EC178D64907759E9893,904
C:\Users\Administrator\AppData\Local\DuckStation\savestates\HASH-A3551CA06913FCC3_3.sav,other_or_unknown,,0,4,e2_or_wrapper,0x8018FCD0,0x8018FDC5,245,0,0,4816801FC4700CE9FAE1D2E6537F553ACE63B6B3CD6DB30B9BB4A7D8505BAA3B,131
C:\Users\Administrator\AppData\Local\DuckStation\savestates\HASH-A3551CA06913FCC3_3.sav,other_or_unknown,,0,4,bank_helper,0x80193B44,0x80193BC4,128,1,1,38723A2E5E8A17AA7950DC008209944E898F69A7BD10A23C839D341E935FD5CA,0
C:\Users\Administrator\AppData\Local\DuckStation\savestates\HASH-A3551CA06913FCC3_3.sav,other_or_unknown,,0,4,wrapper_candidate,0x801A2074,0x801A2304,656,0,0,1E15736151818F3704604741CFF14ED779E87B7A954A9251A29F3DF5D5FFE76D,414
C:\Users\Administrator\AppData\Local\DuckStation\savestates\HASH-A3551CA06913FCC3_3.sav,other_or_unknown,,0,4,ui_or_coord_table,0x801A7460,0x801A7860,1024,0,0,7A56DABFAC185758C37F88C94734B3338CA1DE8F7B7B4EC178D64907759E9893,904
C:\Users\Administrator\AppData\Local\DuckStation\savestates\HASH-A3551CA06913FCC3_4.sav,other_or_unknown,,0,4,e2_or_wrapper,0x8018FCD0,0x8018FDC5,245,0,0,4816801FC4700CE9FAE1D2E6537F553ACE63B6B3CD6DB30B9BB4A7D8505BAA3B,131
C:\Users\Administrator\AppData\Local\DuckStation\savestates\HASH-A3551CA06913FCC3_4.sav,other_or_unknown,,0,4,bank_helper,0x80193B44,0x80193BC4,128,1,1,38723A2E5E8A17AA7950DC008209944E898F69A7BD10A23C839D341E935FD5CA,0
C:\Users\Administrator\AppData\Local\DuckStation\savestates\HASH-A3551CA06913FCC3_4.sav,other_or_unknown,,0,4,wrapper_candidate,0x801A2074,0x801A2304,656,0,0,1E15736151818F3704604741CFF14ED779E87B7A954A9251A29F3DF5D5FFE76D,414
C:\Users\Administrator\AppData\Local\DuckStation\savestates\HASH-A3551CA06913FCC3_4.sav,other_or_unknown,,0,4,ui_or_coord_table,0x801A7460,0x801A7860,1024,0,0,7A56DABFAC185758C37F88C94734B3338CA1DE8F7B7B4EC178D64907759E9893,904
C:\Users\Administrator\AppData\Local\DuckStation\savestates\HASH-A3551CA06913FCC3_5.sav,other_or_unknown,,0,4,e2_or_wrapper,0x8018FCD0,0x8018FDC5,245,0,0,4816801FC4700CE9FAE1D2E6537F553ACE63B6B3CD6DB30B9BB4A7D8505BAA3B,131
C:\Users\Administrator\AppData\Local\DuckStation\savestates\HASH-A3551CA06913FCC3_5.sav,other_or_unknown,,0,4,bank_helper,0x80193B44,0x80193BC4,128,1,1,38723A2E5E8A17AA7950DC008209944E898F69A7BD10A23C839D341E935FD5CA,0
C:\Users\Administrator\AppData\Local\DuckStation\savestates\HASH-A3551CA06913FCC3_5.sav,other_or_unknown,,0,4,wrapper_candidate,0x801A2074,0x801A2304,656,0,0,1E15736151818F3704604741CFF14ED779E87B7A954A9251A29F3DF5D5FFE76D,414
C:\Users\Administrator\AppData\Local\DuckStation\savestates\HASH-A3551CA06913FCC3_5.sav,other_or_unknown,,0,4,ui_or_coord_table,0x801A7460,0x801A7860,1024,0,0,7A56DABFAC185758C37F88C94734B3338CA1DE8F7B7B4EC178D64907759E9893,904
C:\Users\Administrator\AppData\Local\DuckStation\savestates\HASH-A3551CA06913FCC3_6.sav,other_or_unknown,,0,4,e2_or_wrapper,0x8018FCD0,0x8018FDC5,245,0,0,4816801FC4700CE9FAE1D2E6537F553ACE63B6B3CD6DB30B9BB4A7D8505BAA3B,131
C:\Users\Administrator\AppData\Local\DuckStation\savestates\HASH-A3551CA06913FCC3_6.sav,other_or_unknown,,0,4,bank_helper,0x80193B44,0x80193BC4,128,1,1,38723A2E5E8A17AA7950DC008209944E898F69A7BD10A23C839D341E935FD5CA,0
C:\Users\Administrator\AppData\Local\DuckStation\savestates\HASH-A3551CA06913FCC3_6.sav,other_or_unknown,,0,4,wrapper_candidate,0x801A2074,0x801A2304,656,0,0,1E15736151818F3704604741CFF14ED779E87B7A954A9251A29F3DF5D5FFE76D,414
C:\Users\Administrator\AppData\Local\DuckStation\savestates\HASH-A3551CA06913FCC3_6.sav,other_or_unknown,,0,4,ui_or_coord_table,0x801A7460,0x801A7860,1024,0,0,7A56DABFAC185758C37F88C94734B3338CA1DE8F7B7B4EC178D64907759E9893,904
C:\Users\Administrator\AppData\Local\DuckStation\savestates\HASH-A3551CA06913FCC3_7.sav,other_or_unknown,,0,4,e2_or_wrapper,0x8018FCD0,0x8018FDC5,245,0,0,4816801FC4700CE9FAE1D2E6537F553ACE63B6B3CD6DB30B9BB4A7D8505BAA3B,131
C:\Users\Administrator\AppData\Local\DuckStation\savestates\HASH-A3551CA06913FCC3_7.sav,other_or_unknown,,0,4,bank_helper,0x80193B44,0x80193BC4,128,1,1,38723A2E5E8A17AA7950DC008209944E898F69A7BD10A23C839D341E935FD5CA,0
C:\Users\Administrator\AppData\Local\DuckStation\savestates\HASH-A3551CA06913FCC3_7.sav,other_or_unknown,,0,4,wrapper_candidate,0x801A2074,0x801A2304,656,0,0,383715790A2728D924E52648E3024066833BDD4D7E0529A4805DA0374A82916B,392
C:\Users\Administrator\AppData\Local\DuckStation\savestates\HASH-A3551CA06913FCC3_7.sav,other_or_unknown,,0,4,ui_or_coord_table,0x801A7460,0x801A7860,1024,0,0,7A56DABFAC185758C37F88C94734B3338CA1DE8F7B7B4EC178D64907759E9893,904
C:\Users\Administrator\AppData\Local\DuckStation\savestates\HASH-A3551CA06913FCC3_8.sav,other_or_unknown,,0,4,e2_or_wrapper,0x8018FCD0,0x8018FDC5,245,0,0,4816801FC4700CE9FAE1D2E6537F553ACE63B6B3CD6DB30B9BB4A7D8505BAA3B,131
C:\Users\Administrator\AppData\Local\DuckStation\savestates\HASH-A3551CA06913FCC3_8.sav,other_or_unknown,,0,4,bank_helper,0x80193B44,0x80193BC4,128,1,1,38723A2E5E8A17AA7950DC008209944E898F69A7BD10A23C839D341E935FD5CA,0
C:\Users\Administrator\AppData\Local\DuckStation\savestates\HASH-A3551CA06913FCC3_8.sav,other_or_unknown,,0,4,wrapper_candidate,0x801A2074,0x801A2304,656,0,0,383715790A2728D924E52648E3024066833BDD4D7E0529A4805DA0374A82916B,392
C:\Users\Administrator\AppData\Local\DuckStation\savestates\HASH-A3551CA06913FCC3_8.sav,other_or_unknown,,0,4,ui_or_coord_table,0x801A7460,0x801A7860,1024,0,0,7A56DABFAC185758C37F88C94734B3338CA1DE8F7B7B4EC178D64907759E9893,904
C:\Users\Administrator\AppData\Local\DuckStation\savestates\HASH-A3551CA06913FCC3_resume.sav,other_or_unknown,,0,4,e2_or_wrapper,0x8018FCD0,0x8018FDC5,245,0,0,4816801FC4700CE9FAE1D2E6537F553ACE63B6B3CD6DB30B9BB4A7D8505BAA3B,131
C:\Users\Administrator\AppData\Local\DuckStation\savestates\HASH-A3551CA06913FCC3_resume.sav,other_or_unknown,,0,4,bank_helper,0x80193B44,0x80193BC4,128,1,1,38723A2E5E8A17AA7950DC008209944E898F69A7BD10A23C839D341E935FD5CA,0
C:\Users\Administrator\AppData\Local\DuckStation\savestates\HASH-A3551CA06913FCC3_resume.sav,other_or_unknown,,0,4,wrapper_candidate,0x801A2074,0x801A2304,656,0,0,383715790A2728D924E52648E3024066833BDD4D7E0529A4805DA0374A82916B,392
C:\Users\Administrator\AppData\Local\DuckStation\savestates\HASH-A3551CA06913FCC3_resume.sav,other_or_unknown,,0,4,ui_or_coord_table,0x801A7460,0x801A7860,1024,0,0,7A56DABFAC185758C37F88C94734B3338CA1DE8F7B7B4EC178D64907759E9893,904
C:\Users\Administrator\AppData\Local\DuckStation\savestates\HASH-A49790637D5E2A06_1.sav,other_or_unknown,,0,4,e2_or_wrapper,0x8018FCD0,0x8018FDC5,245,0,0,4816801FC4700CE9FAE1D2E6537F553ACE63B6B3CD6DB30B9BB4A7D8505BAA3B,131
C:\Users\Administrator\AppData\Local\DuckStation\savestates\HASH-A49790637D5E2A06_1.sav,other_or_unknown,,0,4,bank_helper,0x80193B44,0x80193BC4,128,1,1,38723A2E5E8A17AA7950DC008209944E898F69A7BD10A23C839D341E935FD5CA,0
C:\Users\Administrator\AppData\Local\DuckStation\savestates\HASH-A49790637D5E2A06_1.sav,other_or_unknown,,0,4,wrapper_candidate,0x801A2074,0x801A2304,656,0,0,1E15736151818F3704604741CFF14ED779E87B7A954A9251A29F3DF5D5FFE76D,414
C:\Users\Administrator\AppData\Local\DuckStation\savestates\HASH-A49790637D5E2A06_1.sav,other_or_unknown,,0,4,ui_or_coord_table,0x801A7460,0x801A7860,1024,0,0,5E0A5269C4200CAB198436A0E31290031B795805D8668A2C643597580AB0FD97,902
C:\Users\Administrator\AppData\Local\DuckStation\savestates\HASH-A49790637D5E2A06_2.sav,other_or_unknown,,0,4,e2_or_wrapper,0x8018FCD0,0x8018FDC5,245,0,0,4816801FC4700CE9FAE1D2E6537F553ACE63B6B3CD6DB30B9BB4A7D8505BAA3B,131
C:\Users\Administrator\AppData\Local\DuckStation\savestates\HASH-A49790637D5E2A06_2.sav,other_or_unknown,,0,4,bank_helper,0x80193B44,0x80193BC4,128,1,1,38723A2E5E8A17AA7950DC008209944E898F69A7BD10A23C839D341E935FD5CA,0
C:\Users\Administrator\AppData\Local\DuckStation\savestates\HASH-A49790637D5E2A06_2.sav,other_or_unknown,,0,4,wrapper_candidate,0x801A2074,0x801A2304,656,0,0,1E15736151818F3704604741CFF14ED779E87B7A954A9251A29F3DF5D5FFE76D,414
C:\Users\Administrator\AppData\Local\DuckStation\savestates\HASH-A49790637D5E2A06_2.sav,other_or_unknown,,0,4,ui_or_coord_table,0x801A7460,0x801A7860,1024,0,0,5E0A5269C4200CAB198436A0E31290031B795805D8668A2C643597580AB0FD97,902
C:\Users\Administrator\AppData\Local\DuckStation\savestates\HASH-A49790637D5E2A06_resume.sav,other_or_unknown,,0,4,e2_or_wrapper,0x8018FCD0,0x8018FDC5,245,0,0,4816801FC4700CE9FAE1D2E6537F553ACE63B6B3CD6DB30B9BB4A7D8505BAA3B,131
C:\Users\Administrator\AppData\Local\DuckStation\savestates\HASH-A49790637D5E2A06_resume.sav,other_or_unknown,,0,4,bank_helper,0x80193B44,0x80193BC4,128,1,1,38723A2E5E8A17AA7950DC008209944E898F69A7BD10A23C839D341E935FD5CA,0
C:\Users\Administrator\AppData\Local\DuckStation\savestates\HASH-A49790637D5E2A06_resume.sav,other_or_unknown,,0,4,wrapper_candidate,0x801A2074,0x801A2304,656,0,0,1E15736151818F3704604741CFF14ED779E87B7A954A9251A29F3DF5D5FFE76D,414
C:\Users\Administrator\AppData\Local\DuckStation\savestates\HASH-A49790637D5E2A06_resume.sav,other_or_unknown,,0,4,ui_or_coord_table,0x801A7460,0x801A7860,1024,0,0,5E0A5269C4200CAB198436A0E31290031B795805D8668A2C643597580AB0FD97,902
C:\Users\Administrator\AppData\Local\DuckStation\savestates\HASH-A4BC7954AA31D105_1.sav,other_or_unknown,,0,4,e2_or_wrapper,0x8018FCD0,0x8018FDC5,245,0,0,4816801FC4700CE9FAE1D2E6537F553ACE63B6B3CD6DB30B9BB4A7D8505BAA3B,131
C:\Users\Administrator\AppData\Local\DuckStation\savestates\HASH-A4BC7954AA31D105_1.sav,other_or_unknown,,0,4,bank_helper,0x80193B44,0x80193BC4,128,1,1,38723A2E5E8A17AA7950DC008209944E898F69A7BD10A23C839D341E935FD5CA,0
C:\Users\Administrator\AppData\Local\DuckStation\savestates\HASH-A4BC7954AA31D105_1.sav,other_or_unknown,,0,4,wrapper_candidate,0x801A2074,0x801A2304,656,0,0,B612497C556A8EF84008900934595AEE18AF2468D6DDD5A3967851A27E05FCFD,414
C:\Users\Administrator\AppData\Local\DuckStation\savestates\HASH-A4BC7954AA31D105_1.sav,other_or_unknown,,0,4,ui_or_coord_table,0x801A7460,0x801A7860,1024,0,0,7A56DABFAC185758C37F88C94734B3338CA1DE8F7B7B4EC178D64907759E9893,904
C:\Users\Administrator\AppData\Local\DuckStation\savestates\HASH-A4BC7954AA31D105_2.sav,other_or_unknown,,0,4,e2_or_wrapper,0x8018FCD0,0x8018FDC5,245,0,0,4816801FC4700CE9FAE1D2E6537F553ACE63B6B3CD6DB30B9BB4A7D8505BAA3B,131
C:\Users\Administrator\AppData\Local\DuckStation\savestates\HASH-A4BC7954AA31D105_2.sav,other_or_unknown,,0,4,bank_helper,0x80193B44,0x80193BC4,128,1,1,38723A2E5E8A17AA7950DC008209944E898F69A7BD10A23C839D341E935FD5CA,0
C:\Users\Administrator\AppData\Local\DuckStation\savestates\HASH-A4BC7954AA31D105_2.sav,other_or_unknown,,0,4,wrapper_candidate,0x801A2074,0x801A2304,656,0,0,B612497C556A8EF84008900934595AEE18AF2468D6DDD5A3967851A27E05FCFD,414
C:\Users\Administrator\AppData\Local\DuckStation\savestates\HASH-A4BC7954AA31D105_2.sav,other_or_unknown,,0,4,ui_or_coord_table,0x801A7460,0x801A7860,1024,0,0,7A56DABFAC185758C37F88C94734B3338CA1DE8F7B7B4EC178D64907759E9893,904
C:\Users\Administrator\AppData\Local\DuckStation\savestates\HASH-A4BC7954AA31D105_3.sav,other_or_unknown,,0,4,e2_or_wrapper,0x8018FCD0,0x8018FDC5,245,0,0,4816801FC4700CE9FAE1D2E6537F553ACE63B6B3CD6DB30B9BB4A7D8505BAA3B,131
C:\Users\Administrator\AppData\Local\DuckStation\savestates\HASH-A4BC7954AA31D105_3.sav,other_or_unknown,,0,4,bank_helper,0x80193B44,0x80193BC4,128,1,1,38723A2E5E8A17AA7950DC008209944E898F69A7BD10A23C839D341E935FD5CA,0
C:\Users\Administrator\AppData\Local\DuckStation\savestates\HASH-A4BC7954AA31D105_3.sav,other_or_unknown,,0,4,wrapper_candidate,0x801A2074,0x801A2304,656,0,0,B612497C556A8EF84008900934595AEE18AF2468D6DDD5A3967851A27E05FCFD,414
C:\Users\Administrator\AppData\Local\DuckStation\savestates\HASH-A4BC7954AA31D105_3.sav,other_or_unknown,,0,4,ui_or_coord_table,0x801A7460,0x801A7860,1024,0,0,7A56DABFAC185758C37F88C94734B3338CA1DE8F7B7B4EC178D64907759E9893,904
C:\Users\Administrator\AppData\Local\DuckStation\savestates\HASH-A4BC7954AA31D105_4.sav,other_or_unknown,,0,4,e2_or_wrapper,0x8018FCD0,0x8018FDC5,245,0,0,4816801FC4700CE9FAE1D2E6537F553ACE63B6B3CD6DB30B9BB4A7D8505BAA3B,131
C:\Users\Administrator\AppData\Local\DuckStation\savestates\HASH-A4BC7954AA31D105_4.sav,other_or_unknown,,0,4,bank_helper,0x80193B44,0x80193BC4,128,1,1,38723A2E5E8A17AA7950DC008209944E898F69A7BD10A23C839D341E935FD5CA,0
C:\Users\Administrator\AppData\Local\DuckStation\savestates\HASH-A4BC7954AA31D105_4.sav,other_or_unknown,,0,4,wrapper_candidate,0x801A2074,0x801A2304,656,0,0,79104CF4AA8578A80FD1ED29B193E30D5034D337835D2004EFD400F5B41C2D87,392
C:\Users\Administrator\AppData\Local\DuckStation\savestates\HASH-A4BC7954AA31D105_4.sav,other_or_unknown,,0,4,ui_or_coord_table,0x801A7460,0x801A7860,1024,0,0,7A56DABFAC185758C37F88C94734B3338CA1DE8F7B7B4EC178D64907759E9893,904
C:\Users\Administrator\AppData\Local\DuckStation\savestates\HASH-A4BC7954AA31D105_resume.sav,other_or_unknown,,0,4,e2_or_wrapper,0x8018FCD0,0x8018FDC5,245,0,0,4816801FC4700CE9FAE1D2E6537F553ACE63B6B3CD6DB30B9BB4A7D8505BAA3B,131
C:\Users\Administrator\AppData\Local\DuckStation\savestates\HASH-A4BC7954AA31D105_resume.sav,other_or_unknown,,0,4,bank_helper,0x80193B44,0x80193BC4,128,1,1,38723A2E5E8A17AA7950DC008209944E898F69A7BD10A23C839D341E935FD5CA,0
C:\Users\Administrator\AppData\Local\DuckStation\savestates\HASH-A4BC7954AA31D105_resume.sav,other_or_unknown,,0,4,wrapper_candidate,0x801A2074,0x801A2304,656,0,0,79104CF4AA8578A80FD1ED29B193E30D5034D337835D2004EFD400F5B41C2D87,392
C:\Users\Administrator\AppData\Local\DuckStation\savestates\HASH-A4BC7954AA31D105_resume.sav,other_or_unknown,,0,4,ui_or_coord_table,0x801A7460,0x801A7860,1024,0,0,7A56DABFAC185758C37F88C94734B3338CA1DE8F7B7B4EC178D64907759E9893,904
C:\Users\Administrator\AppData\Local\DuckStation\savestates\HASH-A54E58096FC7ACD_1.sav,other_or_unknown,,0,4,e2_or_wrapper,0x8018FCD0,0x8018FDC5,245,0,0,4816801FC4700CE9FAE1D2E6537F553ACE63B6B3CD6DB30B9BB4A7D8505BAA3B,131
C:\Users\Administrator\AppData\Local\DuckStation\savestates\HASH-A54E58096FC7ACD_1.sav,other_or_unknown,,0,4,bank_helper,0x80193B44,0x80193BC4,128,1,1,38723A2E5E8A17AA7950DC008209944E898F69A7BD10A23C839D341E935FD5CA,0
C:\Users\Administrator\AppData\Local\DuckStation\savestates\HASH-A54E58096FC7ACD_1.sav,other_or_unknown,,0,4,wrapper_candidate,0x801A2074,0x801A2304,656,1,1,E06E79CDFEDFC6D6107B945613E65B2DE3A209E40115B9B00AB048D2B91CD7D5,0
C:\Users\Administrator\AppData\Local\DuckStation\savestates\HASH-A54E58096FC7ACD_1.sav,other_or_unknown,,0,4,ui_or_coord_table,0x801A7460,0x801A7860,1024,0,0,426E9DDCC33664FAE1E5A48AD8C10328E56E686647E5E675A44C9643701EFEC2,932
C:\Users\Administrator\AppData\Local\DuckStation\savestates\HASH-A54E58096FC7ACD_resume.sav,other_or_unknown,,0,4,e2_or_wrapper,0x8018FCD0,0x8018FDC5,245,0,0,4816801FC4700CE9FAE1D2E6537F553ACE63B6B3CD6DB30B9BB4A7D8505BAA3B,131
C:\Users\Administrator\AppData\Local\DuckStation\savestates\HASH-A54E58096FC7ACD_resume.sav,other_or_unknown,,0,4,bank_helper,0x80193B44,0x80193BC4,128,1,1,38723A2E5E8A17AA7950DC008209944E898F69A7BD10A23C839D341E935FD5CA,0
C:\Users\Administrator\AppData\Local\DuckStation\savestates\HASH-A54E58096FC7ACD_resume.sav,other_or_unknown,,0,4,wrapper_candidate,0x801A2074,0x801A2304,656,1,1,E06E79CDFEDFC6D6107B945613E65B2DE3A209E40115B9B00AB048D2B91CD7D5,0
C:\Users\Administrator\AppData\Local\DuckStation\savestates\HASH-A54E58096FC7ACD_resume.sav,other_or_unknown,,0,4,ui_or_coord_table,0x801A7460,0x801A7860,1024,0,0,426E9DDCC33664FAE1E5A48AD8C10328E56E686647E5E675A44C9643701EFEC2,932
C:\Users\Administrator\AppData\Local\DuckStation\savestates\HASH-A9C1F25DFEC01C5A_1.sav,other_or_unknown,,0,4,e2_or_wrapper,0x8018FCD0,0x8018FDC5,245,1,0,02D8F3F83865737E056CCDF3D1BF8DCD4D3B68CE8CB63F3663F092AFA6174958,0
C:\Users\Administrator\AppData\Local\DuckStation\savestates\HASH-A9C1F25DFEC01C5A_1.sav,other_or_unknown,,0,4,bank_helper,0x80193B44,0x80193BC4,128,1,1,38723A2E5E8A17AA7950DC008209944E898F69A7BD10A23C839D341E935FD5CA,0
C:\Users\Administrator\AppData\Local\DuckStation\savestates\HASH-A9C1F25DFEC01C5A_1.sav,other_or_unknown,,0,4,wrapper_candidate,0x801A2074,0x801A2304,656,1,1,E06E79CDFEDFC6D6107B945613E65B2DE3A209E40115B9B00AB048D2B91CD7D5,0
C:\Users\Administrator\AppData\Local\DuckStation\savestates\HASH-A9C1F25DFEC01C5A_1.sav,other_or_unknown,,0,4,ui_or_coord_table,0x801A7460,0x801A7860,1024,1,0,5F70BF18A086007016E948B04AED3B82103A36BEA41755B6CDDFAF10ACE3C6EF,0
C:\Users\Administrator\AppData\Local\DuckStation\savestates\HASH-A9C1F25DFEC01C5A_resume.sav,other_or_unknown,,0,4,e2_or_wrapper,0x8018FCD0,0x8018FDC5,245,1,0,02D8F3F83865737E056CCDF3D1BF8DCD4D3B68CE8CB63F3663F092AFA6174958,0
C:\Users\Administrator\AppData\Local\DuckStation\savestates\HASH-A9C1F25DFEC01C5A_resume.sav,other_or_unknown,,0,4,bank_helper,0x80193B44,0x80193BC4,128,1,1,38723A2E5E8A17AA7950DC008209944E898F69A7BD10A23C839D341E935FD5CA,0
C:\Users\Administrator\AppData\Local\DuckStation\savestates\HASH-A9C1F25DFEC01C5A_resume.sav,other_or_unknown,,0,4,wrapper_candidate,0x801A2074,0x801A2304,656,1,1,E06E79CDFEDFC6D6107B945613E65B2DE3A209E40115B9B00AB048D2B91CD7D5,0
C:\Users\Administrator\AppData\Local\DuckStation\savestates\HASH-A9C1F25DFEC01C5A_resume.sav,other_or_unknown,,0,4,ui_or_coord_table,0x801A7460,0x801A7860,1024,1,0,5F70BF18A086007016E948B04AED3B82103A36BEA41755B6CDDFAF10ACE3C6EF,0
C:\Users\Administrator\AppData\Local\DuckStation\savestates\HASH-AC09FFC1FA717841_1.sav,other_or_unknown,,0,4,e2_or_wrapper,0x8018FCD0,0x8018FDC5,245,0,0,4816801FC4700CE9FAE1D2E6537F553ACE63B6B3CD6DB30B9BB4A7D8505BAA3B,131
C:\Users\Administrator\AppData\Local\DuckStation\savestates\HASH-AC09FFC1FA717841_1.sav,other_or_unknown,,0,4,bank_helper,0x80193B44,0x80193BC4,128,1,1,38723A2E5E8A17AA7950DC008209944E898F69A7BD10A23C839D341E935FD5CA,0
C:\Users\Administrator\AppData\Local\DuckStation\savestates\HASH-AC09FFC1FA717841_1.sav,other_or_unknown,,0,4,wrapper_candidate,0x801A2074,0x801A2304,656,1,1,E06E79CDFEDFC6D6107B945613E65B2DE3A209E40115B9B00AB048D2B91CD7D5,0
C:\Users\Administrator\AppData\Local\DuckStation\savestates\HASH-AC09FFC1FA717841_1.sav,other_or_unknown,,0,4,ui_or_coord_table,0x801A7460,0x801A7860,1024,0,0,426E9DDCC33664FAE1E5A48AD8C10328E56E686647E5E675A44C9643701EFEC2,932
C:\Users\Administrator\AppData\Local\DuckStation\savestates\HASH-AC09FFC1FA717841_resume.sav,other_or_unknown,,0,4,e2_or_wrapper,0x8018FCD0,0x8018FDC5,245,0,0,4816801FC4700CE9FAE1D2E6537F553ACE63B6B3CD6DB30B9BB4A7D8505BAA3B,131
C:\Users\Administrator\AppData\Local\DuckStation\savestates\HASH-AC09FFC1FA717841_resume.sav,other_or_unknown,,0,4,bank_helper,0x80193B44,0x80193BC4,128,1,1,38723A2E5E8A17AA7950DC008209944E898F69A7BD10A23C839D341E935FD5CA,0
C:\Users\Administrator\AppData\Local\DuckStation\savestates\HASH-AC09FFC1FA717841_resume.sav,other_or_unknown,,0,4,wrapper_candidate,0x801A2074,0x801A2304,656,1,1,E06E79CDFEDFC6D6107B945613E65B2DE3A209E40115B9B00AB048D2B91CD7D5,0
C:\Users\Administrator\AppData\Local\DuckStation\savestates\HASH-AC09FFC1FA717841_resume.sav,other_or_unknown,,0,4,ui_or_coord_table,0x801A7460,0x801A7860,1024,0,0,426E9DDCC33664FAE1E5A48AD8C10328E56E686647E5E675A44C9643701EFEC2,932
C:\Users\Administrator\AppData\Local\DuckStation\savestates\HASH-AC756735D1D5A162_resume.sav,other_or_unknown,,0,4,e2_or_wrapper,0x8018FCD0,0x8018FDC5,245,0,0,4816801FC4700CE9FAE1D2E6537F553ACE63B6B3CD6DB30B9BB4A7D8505BAA3B,131
C:\Users\Administrator\AppData\Local\DuckStation\savestates\HASH-AC756735D1D5A162_resume.sav,other_or_unknown,,0,4,bank_helper,0x80193B44,0x80193BC4,128,1,1,38723A2E5E8A17AA7950DC008209944E898F69A7BD10A23C839D341E935FD5CA,0
C:\Users\Administrator\AppData\Local\DuckStation\savestates\HASH-AC756735D1D5A162_resume.sav,other_or_unknown,,0,4,wrapper_candidate,0x801A2074,0x801A2304,656,0,0,EA8100A258DEBE8CE504716BA0ECE557266B58A45A356D95310879762E9AD4AD,421
C:\Users\Administrator\AppData\Local\DuckStation\savestates\HASH-AC756735D1D5A162_resume.sav,other_or_unknown,,0,4,ui_or_coord_table,0x801A7460,0x801A7860,1024,0,0,54F516CCF75B9BFC66404945F46AE4298FAAB5A32C95656A75C99A893ED0F9ED,932
C:\Users\Administrator\AppData\Local\DuckStation\savestates\HASH-B00F0BD4DEE59A14_resume.sav,other_or_unknown,,0,4,e2_or_wrapper,0x8018FCD0,0x8018FDC5,245,0,0,4816801FC4700CE9FAE1D2E6537F553ACE63B6B3CD6DB30B9BB4A7D8505BAA3B,131
C:\Users\Administrator\AppData\Local\DuckStation\savestates\HASH-B00F0BD4DEE59A14_resume.sav,other_or_unknown,,0,4,bank_helper,0x80193B44,0x80193BC4,128,1,1,38723A2E5E8A17AA7950DC008209944E898F69A7BD10A23C839D341E935FD5CA,0
C:\Users\Administrator\AppData\Local\DuckStation\savestates\HASH-B00F0BD4DEE59A14_resume.sav,other_or_unknown,,0,4,wrapper_candidate,0x801A2074,0x801A2304,656,0,0,EA8100A258DEBE8CE504716BA0ECE557266B58A45A356D95310879762E9AD4AD,421
C:\Users\Administrator\AppData\Local\DuckStation\savestates\HASH-B00F0BD4DEE59A14_resume.sav,other_or_unknown,,0,4,ui_or_coord_table,0x801A7460,0x801A7860,1024,0,0,54F516CCF75B9BFC66404945F46AE4298FAAB5A32C95656A75C99A893ED0F9ED,932
C:\Users\Administrator\AppData\Local\DuckStation\savestates\HASH-B180A4271A3C7054_resume.sav,other_or_unknown,,0,4,e2_or_wrapper,0x8018FCD0,0x8018FDC5,245,0,0,4816801FC4700CE9FAE1D2E6537F553ACE63B6B3CD6DB30B9BB4A7D8505BAA3B,131
C:\Users\Administrator\AppData\Local\DuckStation\savestates\HASH-B180A4271A3C7054_resume.sav,other_or_unknown,,0,4,bank_helper,0x80193B44,0x80193BC4,128,1,1,38723A2E5E8A17AA7950DC008209944E898F69A7BD10A23C839D341E935FD5CA,0
C:\Users\Administrator\AppData\Local\DuckStation\savestates\HASH-B180A4271A3C7054_resume.sav,other_or_unknown,,0,4,wrapper_candidate,0x801A2074,0x801A2304,656,0,0,EA8100A258DEBE8CE504716BA0ECE557266B58A45A356D95310879762E9AD4AD,421
C:\Users\Administrator\AppData\Local\DuckStation\savestates\HASH-B180A4271A3C7054_resume.sav,other_or_unknown,,0,4,ui_or_coord_table,0x801A7460,0x801A7860,1024,0,0,CC404882047F29A70252E1963C057BDC7359350F7C21C6B7563CE24B4015A67B,404
C:\Users\Administrator\AppData\Local\DuckStation\savestates\HASH-B3623EAD0785EC6C_1.sav,other_or_unknown,,0,4,e2_or_wrapper,0x8018FCD0,0x8018FDC5,245,0,0,4816801FC4700CE9FAE1D2E6537F553ACE63B6B3CD6DB30B9BB4A7D8505BAA3B,131
C:\Users\Administrator\AppData\Local\DuckStation\savestates\HASH-B3623EAD0785EC6C_1.sav,other_or_unknown,,0,4,bank_helper,0x80193B44,0x80193BC4,128,1,1,38723A2E5E8A17AA7950DC008209944E898F69A7BD10A23C839D341E935FD5CA,0
C:\Users\Administrator\AppData\Local\DuckStation\savestates\HASH-B3623EAD0785EC6C_1.sav,other_or_unknown,,0,4,wrapper_candidate,0x801A2074,0x801A2304,656,0,0,E90E922F9EE45640D4F2C7D1D28A4F1F5E318ADEFD64BDFB2A6AA0F8F98A7820,360
C:\Users\Administrator\AppData\Local\DuckStation\savestates\HASH-B3623EAD0785EC6C_1.sav,other_or_unknown,,0,4,ui_or_coord_table,0x801A7460,0x801A7860,1024,0,0,426E9DDCC33664FAE1E5A48AD8C10328E56E686647E5E675A44C9643701EFEC2,932
C:\Users\Administrator\AppData\Local\DuckStation\savestates\HASH-B3623EAD0785EC6C_resume.sav,other_or_unknown,,0,4,e2_or_wrapper,0x8018FCD0,0x8018FDC5,245,0,0,4816801FC4700CE9FAE1D2E6537F553ACE63B6B3CD6DB30B9BB4A7D8505BAA3B,131
C:\Users\Administrator\AppData\Local\DuckStation\savestates\HASH-B3623EAD0785EC6C_resume.sav,other_or_unknown,,0,4,bank_helper,0x80193B44,0x80193BC4,128,1,1,38723A2E5E8A17AA7950DC008209944E898F69A7BD10A23C839D341E935FD5CA,0
C:\Users\Administrator\AppData\Local\DuckStation\savestates\HASH-B3623EAD0785EC6C_resume.sav,other_or_unknown,,0,4,wrapper_candidate,0x801A2074,0x801A2304,656,0,0,E90E922F9EE45640D4F2C7D1D28A4F1F5E318ADEFD64BDFB2A6AA0F8F98A7820,360
C:\Users\Administrator\AppData\Local\DuckStation\savestates\HASH-B3623EAD0785EC6C_resume.sav,other_or_unknown,,0,4,ui_or_coord_table,0x801A7460,0x801A7860,1024,0,0,426E9DDCC33664FAE1E5A48AD8C10328E56E686647E5E675A44C9643701EFEC2,932
C:\Users\Administrator\AppData\Local\DuckStation\savestates\HASH-B7F5DA136F6591DD_1.sav,other_or_unknown,,0,4,e2_or_wrapper,0x8018FCD0,0x8018FDC5,245,1,0,02D8F3F83865737E056CCDF3D1BF8DCD4D3B68CE8CB63F3663F092AFA6174958,0
C:\Users\Administrator\AppData\Local\DuckStation\savestates\HASH-B7F5DA136F6591DD_1.sav,other_or_unknown,,0,4,bank_helper,0x80193B44,0x80193BC4,128,1,1,38723A2E5E8A17AA7950DC008209944E898F69A7BD10A23C839D341E935FD5CA,0
C:\Users\Administrator\AppData\Local\DuckStation\savestates\HASH-B7F5DA136F6591DD_1.sav,other_or_unknown,,0,4,wrapper_candidate,0x801A2074,0x801A2304,656,1,1,E06E79CDFEDFC6D6107B945613E65B2DE3A209E40115B9B00AB048D2B91CD7D5,0
C:\Users\Administrator\AppData\Local\DuckStation\savestates\HASH-B7F5DA136F6591DD_1.sav,other_or_unknown,,0,4,ui_or_coord_table,0x801A7460,0x801A7860,1024,1,0,5F70BF18A086007016E948B04AED3B82103A36BEA41755B6CDDFAF10ACE3C6EF,0
C:\Users\Administrator\AppData\Local\DuckStation\savestates\HASH-B7F5DA136F6591DD_resume.sav,other_or_unknown,,0,4,e2_or_wrapper,0x8018FCD0,0x8018FDC5,245,1,0,02D8F3F83865737E056CCDF3D1BF8DCD4D3B68CE8CB63F3663F092AFA6174958,0
C:\Users\Administrator\AppData\Local\DuckStation\savestates\HASH-B7F5DA136F6591DD_resume.sav,other_or_unknown,,0,4,bank_helper,0x80193B44,0x80193BC4,128,1,1,38723A2E5E8A17AA7950DC008209944E898F69A7BD10A23C839D341E935FD5CA,0
C:\Users\Administrator\AppData\Local\DuckStation\savestates\HASH-B7F5DA136F6591DD_resume.sav,other_or_unknown,,0,4,wrapper_candidate,0x801A2074,0x801A2304,656,1,1,E06E79CDFEDFC6D6107B945613E65B2DE3A209E40115B9B00AB048D2B91CD7D5,0
C:\Users\Administrator\AppData\Local\DuckStation\savestates\HASH-B7F5DA136F6591DD_resume.sav,other_or_unknown,,0,4,ui_or_coord_table,0x801A7460,0x801A7860,1024,1,0,5F70BF18A086007016E948B04AED3B82103A36BEA41755B6CDDFAF10ACE3C6EF,0
C:\Users\Administrator\AppData\Local\DuckStation\savestates\HASH-B956EB79BA7801D1_1.sav,other_or_unknown,,0,4,e2_or_wrapper,0x8018FCD0,0x8018FDC5,245,0,0,4816801FC4700CE9FAE1D2E6537F553ACE63B6B3CD6DB30B9BB4A7D8505BAA3B,131
C:\Users\Administrator\AppData\Local\DuckStation\savestates\HASH-B956EB79BA7801D1_1.sav,other_or_unknown,,0,4,bank_helper,0x80193B44,0x80193BC4,128,1,1,38723A2E5E8A17AA7950DC008209944E898F69A7BD10A23C839D341E935FD5CA,0
C:\Users\Administrator\AppData\Local\DuckStation\savestates\HASH-B956EB79BA7801D1_1.sav,other_or_unknown,,0,4,wrapper_candidate,0x801A2074,0x801A2304,656,0,0,EA8100A258DEBE8CE504716BA0ECE557266B58A45A356D95310879762E9AD4AD,421
C:\Users\Administrator\AppData\Local\DuckStation\savestates\HASH-B956EB79BA7801D1_1.sav,other_or_unknown,,0,4,ui_or_coord_table,0x801A7460,0x801A7860,1024,0,0,54F516CCF75B9BFC66404945F46AE4298FAAB5A32C95656A75C99A893ED0F9ED,932
C:\Users\Administrator\AppData\Local\DuckStation\savestates\HASH-B956EB79BA7801D1_2.sav,other_or_unknown,,0,4,e2_or_wrapper,0x8018FCD0,0x8018FDC5,245,0,0,4816801FC4700CE9FAE1D2E6537F553ACE63B6B3CD6DB30B9BB4A7D8505BAA3B,131
C:\Users\Administrator\AppData\Local\DuckStation\savestates\HASH-B956EB79BA7801D1_2.sav,other_or_unknown,,0,4,bank_helper,0x80193B44,0x80193BC4,128,1,1,38723A2E5E8A17AA7950DC008209944E898F69A7BD10A23C839D341E935FD5CA,0
C:\Users\Administrator\AppData\Local\DuckStation\savestates\HASH-B956EB79BA7801D1_2.sav,other_or_unknown,,0,4,wrapper_candidate,0x801A2074,0x801A2304,656,0,0,EA8100A258DEBE8CE504716BA0ECE557266B58A45A356D95310879762E9AD4AD,421
C:\Users\Administrator\AppData\Local\DuckStation\savestates\HASH-B956EB79BA7801D1_2.sav,other_or_unknown,,0,4,ui_or_coord_table,0x801A7460,0x801A7860,1024,0,0,54F516CCF75B9BFC66404945F46AE4298FAAB5A32C95656A75C99A893ED0F9ED,932
C:\Users\Administrator\AppData\Local\DuckStation\savestates\HASH-B956EB79BA7801D1_3.sav,other_or_unknown,,0,4,e2_or_wrapper,0x8018FCD0,0x8018FDC5,245,0,0,4816801FC4700CE9FAE1D2E6537F553ACE63B6B3CD6DB30B9BB4A7D8505BAA3B,131
C:\Users\Administrator\AppData\Local\DuckStation\savestates\HASH-B956EB79BA7801D1_3.sav,other_or_unknown,,0,4,bank_helper,0x80193B44,0x80193BC4,128,1,1,38723A2E5E8A17AA7950DC008209944E898F69A7BD10A23C839D341E935FD5CA,0
C:\Users\Administrator\AppData\Local\DuckStation\savestates\HASH-B956EB79BA7801D1_3.sav,other_or_unknown,,0,4,wrapper_candidate,0x801A2074,0x801A2304,656,0,0,EA8100A258DEBE8CE504716BA0ECE557266B58A45A356D95310879762E9AD4AD,421
C:\Users\Administrator\AppData\Local\DuckStation\savestates\HASH-B956EB79BA7801D1_3.sav,other_or_unknown,,0,4,ui_or_coord_table,0x801A7460,0x801A7860,1024,0,0,54F516CCF75B9BFC66404945F46AE4298FAAB5A32C95656A75C99A893ED0F9ED,932
C:\Users\Administrator\AppData\Local\DuckStation\savestates\HASH-B956EB79BA7801D1_4.sav,other_or_unknown,,0,4,e2_or_wrapper,0x8018FCD0,0x8018FDC5,245,0,0,4816801FC4700CE9FAE1D2E6537F553ACE63B6B3CD6DB30B9BB4A7D8505BAA3B,131
C:\Users\Administrator\AppData\Local\DuckStation\savestates\HASH-B956EB79BA7801D1_4.sav,other_or_unknown,,0,4,bank_helper,0x80193B44,0x80193BC4,128,1,1,38723A2E5E8A17AA7950DC008209944E898F69A7BD10A23C839D341E935FD5CA,0
C:\Users\Administrator\AppData\Local\DuckStation\savestates\HASH-B956EB79BA7801D1_4.sav,other_or_unknown,,0,4,wrapper_candidate,0x801A2074,0x801A2304,656,0,0,EA8100A258DEBE8CE504716BA0ECE557266B58A45A356D95310879762E9AD4AD,421
C:\Users\Administrator\AppData\Local\DuckStation\savestates\HASH-B956EB79BA7801D1_4.sav,other_or_unknown,,0,4,ui_or_coord_table,0x801A7460,0x801A7860,1024,0,0,54F516CCF75B9BFC66404945F46AE4298FAAB5A32C95656A75C99A893ED0F9ED,932
C:\Users\Administrator\AppData\Local\DuckStation\savestates\HASH-B956EB79BA7801D1_5.sav,other_or_unknown,,0,4,e2_or_wrapper,0x8018FCD0,0x8018FDC5,245,0,0,4816801FC4700CE9FAE1D2E6537F553ACE63B6B3CD6DB30B9BB4A7D8505BAA3B,131
C:\Users\Administrator\AppData\Local\DuckStation\savestates\HASH-B956EB79BA7801D1_5.sav,other_or_unknown,,0,4,bank_helper,0x80193B44,0x80193BC4,128,1,1,38723A2E5E8A17AA7950DC008209944E898F69A7BD10A23C839D341E935FD5CA,0
C:\Users\Administrator\AppData\Local\DuckStation\savestates\HASH-B956EB79BA7801D1_5.sav,other_or_unknown,,0,4,wrapper_candidate,0x801A2074,0x801A2304,656,0,0,EA8100A258DEBE8CE504716BA0ECE557266B58A45A356D95310879762E9AD4AD,421
C:\Users\Administrator\AppData\Local\DuckStation\savestates\HASH-B956EB79BA7801D1_5.sav,other_or_unknown,,0,4,ui_or_coord_table,0x801A7460,0x801A7860,1024,0,0,54F516CCF75B9BFC66404945F46AE4298FAAB5A32C95656A75C99A893ED0F9ED,932
C:\Users\Administrator\AppData\Local\DuckStation\savestates\HASH-B956EB79BA7801D1_6.sav,other_or_unknown,,0,4,e2_or_wrapper,0x8018FCD0,0x8018FDC5,245,0,0,4816801FC4700CE9FAE1D2E6537F553ACE63B6B3CD6DB30B9BB4A7D8505BAA3B,131
C:\Users\Administrator\AppData\Local\DuckStation\savestates\HASH-B956EB79BA7801D1_6.sav,other_or_unknown,,0,4,bank_helper,0x80193B44,0x80193BC4,128,1,1,38723A2E5E8A17AA7950DC008209944E898F69A7BD10A23C839D341E935FD5CA,0
C:\Users\Administrator\AppData\Local\DuckStation\savestates\HASH-B956EB79BA7801D1_6.sav,other_or_unknown,,0,4,wrapper_candidate,0x801A2074,0x801A2304,656,0,0,EA8100A258DEBE8CE504716BA0ECE557266B58A45A356D95310879762E9AD4AD,421
C:\Users\Administrator\AppData\Local\DuckStation\savestates\HASH-B956EB79BA7801D1_6.sav,other_or_unknown,,0,4,ui_or_coord_table,0x801A7460,0x801A7860,1024,0,0,54F516CCF75B9BFC66404945F46AE4298FAAB5A32C95656A75C99A893ED0F9ED,932
C:\Users\Administrator\AppData\Local\DuckStation\savestates\HASH-B956EB79BA7801D1_7.sav,other_or_unknown,,0,4,e2_or_wrapper,0x8018FCD0,0x8018FDC5,245,0,0,4816801FC4700CE9FAE1D2E6537F553ACE63B6B3CD6DB30B9BB4A7D8505BAA3B,131
C:\Users\Administrator\AppData\Local\DuckStation\savestates\HASH-B956EB79BA7801D1_7.sav,other_or_unknown,,0,4,bank_helper,0x80193B44,0x80193BC4,128,1,1,38723A2E5E8A17AA7950DC008209944E898F69A7BD10A23C839D341E935FD5CA,0
C:\Users\Administrator\AppData\Local\DuckStation\savestates\HASH-B956EB79BA7801D1_7.sav,other_or_unknown,,0,4,wrapper_candidate,0x801A2074,0x801A2304,656,0,0,EA8100A258DEBE8CE504716BA0ECE557266B58A45A356D95310879762E9AD4AD,421
C:\Users\Administrator\AppData\Local\DuckStation\savestates\HASH-B956EB79BA7801D1_7.sav,other_or_unknown,,0,4,ui_or_coord_table,0x801A7460,0x801A7860,1024,0,0,54F516CCF75B9BFC66404945F46AE4298FAAB5A32C95656A75C99A893ED0F9ED,932
C:\Users\Administrator\AppData\Local\DuckStation\savestates\HASH-B956EB79BA7801D1_resume.sav,other_or_unknown,,0,4,e2_or_wrapper,0x8018FCD0,0x8018FDC5,245,0,0,4816801FC4700CE9FAE1D2E6537F553ACE63B6B3CD6DB30B9BB4A7D8505BAA3B,131
C:\Users\Administrator\AppData\Local\DuckStation\savestates\HASH-B956EB79BA7801D1_resume.sav,other_or_unknown,,0,4,bank_helper,0x80193B44,0x80193BC4,128,1,1,38723A2E5E8A17AA7950DC008209944E898F69A7BD10A23C839D341E935FD5CA,0
C:\Users\Administrator\AppData\Local\DuckStation\savestates\HASH-B956EB79BA7801D1_resume.sav,other_or_unknown,,0,4,wrapper_candidate,0x801A2074,0x801A2304,656,0,0,EA8100A258DEBE8CE504716BA0ECE557266B58A45A356D95310879762E9AD4AD,421
C:\Users\Administrator\AppData\Local\DuckStation\savestates\HASH-B956EB79BA7801D1_resume.sav,other_or_unknown,,0,4,ui_or_coord_table,0x801A7460,0x801A7860,1024,0,0,54F516CCF75B9BFC66404945F46AE4298FAAB5A32C95656A75C99A893ED0F9ED,932
C:\Users\Administrator\AppData\Local\DuckStation\savestates\HASH-BA9993606EBB07D4_1.sav,other_or_unknown,,0,4,e2_or_wrapper,0x8018FCD0,0x8018FDC5,245,0,0,4816801FC4700CE9FAE1D2E6537F553ACE63B6B3CD6DB30B9BB4A7D8505BAA3B,131
C:\Users\Administrator\AppData\Local\DuckStation\savestates\HASH-BA9993606EBB07D4_1.sav,other_or_unknown,,0,4,bank_helper,0x80193B44,0x80193BC4,128,1,1,38723A2E5E8A17AA7950DC008209944E898F69A7BD10A23C839D341E935FD5CA,0
C:\Users\Administrator\AppData\Local\DuckStation\savestates\HASH-BA9993606EBB07D4_1.sav,other_or_unknown,,0,4,wrapper_candidate,0x801A2074,0x801A2304,656,0,0,B6819BC534929274CFA9ABAD79EAAD3C2D01675201421D40141CD93C3A521384,400
C:\Users\Administrator\AppData\Local\DuckStation\savestates\HASH-BA9993606EBB07D4_1.sav,other_or_unknown,,0,4,ui_or_coord_table,0x801A7460,0x801A7860,1024,0,0,233F93025333DCA06B3DF1466AD166FA4966A863A54D7362E2AD5F1E157C3F5B,934
C:\Users\Administrator\AppData\Local\DuckStation\savestates\HASH-BA9993606EBB07D4_resume.sav,other_or_unknown,,0,4,e2_or_wrapper,0x8018FCD0,0x8018FDC5,245,0,0,4816801FC4700CE9FAE1D2E6537F553ACE63B6B3CD6DB30B9BB4A7D8505BAA3B,131
C:\Users\Administrator\AppData\Local\DuckStation\savestates\HASH-BA9993606EBB07D4_resume.sav,other_or_unknown,,0,4,bank_helper,0x80193B44,0x80193BC4,128,1,1,38723A2E5E8A17AA7950DC008209944E898F69A7BD10A23C839D341E935FD5CA,0
C:\Users\Administrator\AppData\Local\DuckStation\savestates\HASH-BA9993606EBB07D4_resume.sav,other_or_unknown,,0,4,wrapper_candidate,0x801A2074,0x801A2304,656,0,0,B6819BC534929274CFA9ABAD79EAAD3C2D01675201421D40141CD93C3A521384,400
C:\Users\Administrator\AppData\Local\DuckStation\savestates\HASH-BA9993606EBB07D4_resume.sav,other_or_unknown,,0,4,ui_or_coord_table,0x801A7460,0x801A7860,1024,0,0,233F93025333DCA06B3DF1466AD166FA4966A863A54D7362E2AD5F1E157C3F5B,934
C:\Users\Administrator\AppData\Local\DuckStation\savestates\HASH-BC62B33BBB9C452A_1.sav,other_or_unknown,,0,4,e2_or_wrapper,0x8018FCD0,0x8018FDC5,245,0,0,4816801FC4700CE9FAE1D2E6537F553ACE63B6B3CD6DB30B9BB4A7D8505BAA3B,131
C:\Users\Administrator\AppData\Local\DuckStation\savestates\HASH-BC62B33BBB9C452A_1.sav,other_or_unknown,,0,4,bank_helper,0x80193B44,0x80193BC4,128,1,1,38723A2E5E8A17AA7950DC008209944E898F69A7BD10A23C839D341E935FD5CA,0
C:\Users\Administrator\AppData\Local\DuckStation\savestates\HASH-BC62B33BBB9C452A_1.sav,other_or_unknown,,0,4,wrapper_candidate,0x801A2074,0x801A2304,656,0,0,9AC093630A4A34D47A5164B93B93CE8E62AE55B10185086C69D4FDF2A7E342BE,414
C:\Users\Administrator\AppData\Local\DuckStation\savestates\HASH-BC62B33BBB9C452A_1.sav,other_or_unknown,,0,4,ui_or_coord_table,0x801A7460,0x801A7860,1024,0,0,7A56DABFAC185758C37F88C94734B3338CA1DE8F7B7B4EC178D64907759E9893,904
C:\Users\Administrator\AppData\Local\DuckStation\savestates\HASH-BC62B33BBB9C452A_2.sav,other_or_unknown,,0,4,e2_or_wrapper,0x8018FCD0,0x8018FDC5,245,0,0,4816801FC4700CE9FAE1D2E6537F553ACE63B6B3CD6DB30B9BB4A7D8505BAA3B,131
C:\Users\Administrator\AppData\Local\DuckStation\savestates\HASH-BC62B33BBB9C452A_2.sav,other_or_unknown,,0,4,bank_helper,0x80193B44,0x80193BC4,128,1,1,38723A2E5E8A17AA7950DC008209944E898F69A7BD10A23C839D341E935FD5CA,0
C:\Users\Administrator\AppData\Local\DuckStation\savestates\HASH-BC62B33BBB9C452A_2.sav,other_or_unknown,,0,4,wrapper_candidate,0x801A2074,0x801A2304,656,0,0,9AC093630A4A34D47A5164B93B93CE8E62AE55B10185086C69D4FDF2A7E342BE,414
C:\Users\Administrator\AppData\Local\DuckStation\savestates\HASH-BC62B33BBB9C452A_2.sav,other_or_unknown,,0,4,ui_or_coord_table,0x801A7460,0x801A7860,1024,0,0,7A56DABFAC185758C37F88C94734B3338CA1DE8F7B7B4EC178D64907759E9893,904
C:\Users\Administrator\AppData\Local\DuckStation\savestates\HASH-BC62B33BBB9C452A_3.sav,other_or_unknown,,0,4,e2_or_wrapper,0x8018FCD0,0x8018FDC5,245,0,0,4816801FC4700CE9FAE1D2E6537F553ACE63B6B3CD6DB30B9BB4A7D8505BAA3B,131
C:\Users\Administrator\AppData\Local\DuckStation\savestates\HASH-BC62B33BBB9C452A_3.sav,other_or_unknown,,0,4,bank_helper,0x80193B44,0x80193BC4,128,1,1,38723A2E5E8A17AA7950DC008209944E898F69A7BD10A23C839D341E935FD5CA,0
C:\Users\Administrator\AppData\Local\DuckStation\savestates\HASH-BC62B33BBB9C452A_3.sav,other_or_unknown,,0,4,wrapper_candidate,0x801A2074,0x801A2304,656,0,0,383715790A2728D924E52648E3024066833BDD4D7E0529A4805DA0374A82916B,392
C:\Users\Administrator\AppData\Local\DuckStation\savestates\HASH-BC62B33BBB9C452A_3.sav,other_or_unknown,,0,4,ui_or_coord_table,0x801A7460,0x801A7860,1024,0,0,7A56DABFAC185758C37F88C94734B3338CA1DE8F7B7B4EC178D64907759E9893,904
C:\Users\Administrator\AppData\Local\DuckStation\savestates\HASH-BC62B33BBB9C452A_4.sav,other_or_unknown,,0,4,e2_or_wrapper,0x8018FCD0,0x8018FDC5,245,0,0,4816801FC4700CE9FAE1D2E6537F553ACE63B6B3CD6DB30B9BB4A7D8505BAA3B,131
C:\Users\Administrator\AppData\Local\DuckStation\savestates\HASH-BC62B33BBB9C452A_4.sav,other_or_unknown,,0,4,bank_helper,0x80193B44,0x80193BC4,128,1,1,38723A2E5E8A17AA7950DC008209944E898F69A7BD10A23C839D341E935FD5CA,0
C:\Users\Administrator\AppData\Local\DuckStation\savestates\HASH-BC62B33BBB9C452A_4.sav,other_or_unknown,,0,4,wrapper_candidate,0x801A2074,0x801A2304,656,0,0,383715790A2728D924E52648E3024066833BDD4D7E0529A4805DA0374A82916B,392
C:\Users\Administrator\AppData\Local\DuckStation\savestates\HASH-BC62B33BBB9C452A_4.sav,other_or_unknown,,0,4,ui_or_coord_table,0x801A7460,0x801A7860,1024,0,0,7A56DABFAC185758C37F88C94734B3338CA1DE8F7B7B4EC178D64907759E9893,904
C:\Users\Administrator\AppData\Local\DuckStation\savestates\HASH-BC62B33BBB9C452A_5.sav,other_or_unknown,,0,4,e2_or_wrapper,0x8018FCD0,0x8018FDC5,245,0,0,4816801FC4700CE9FAE1D2E6537F553ACE63B6B3CD6DB30B9BB4A7D8505BAA3B,131
C:\Users\Administrator\AppData\Local\DuckStation\savestates\HASH-BC62B33BBB9C452A_5.sav,other_or_unknown,,0,4,bank_helper,0x80193B44,0x80193BC4,128,1,1,38723A2E5E8A17AA7950DC008209944E898F69A7BD10A23C839D341E935FD5CA,0
C:\Users\Administrator\AppData\Local\DuckStation\savestates\HASH-BC62B33BBB9C452A_5.sav,other_or_unknown,,0,4,wrapper_candidate,0x801A2074,0x801A2304,656,0,0,383715790A2728D924E52648E3024066833BDD4D7E0529A4805DA0374A82916B,392
C:\Users\Administrator\AppData\Local\DuckStation\savestates\HASH-BC62B33BBB9C452A_5.sav,other_or_unknown,,0,4,ui_or_coord_table,0x801A7460,0x801A7860,1024,0,0,7A56DABFAC185758C37F88C94734B3338CA1DE8F7B7B4EC178D64907759E9893,904
C:\Users\Administrator\AppData\Local\DuckStation\savestates\HASH-BC62B33BBB9C452A_resume.sav,other_or_unknown,,0,4,e2_or_wrapper,0x8018FCD0,0x8018FDC5,245,0,0,4816801FC4700CE9FAE1D2E6537F553ACE63B6B3CD6DB30B9BB4A7D8505BAA3B,131
C:\Users\Administrator\AppData\Local\DuckStation\savestates\HASH-BC62B33BBB9C452A_resume.sav,other_or_unknown,,0,4,bank_helper,0x80193B44,0x80193BC4,128,1,1,38723A2E5E8A17AA7950DC008209944E898F69A7BD10A23C839D341E935FD5CA,0
C:\Users\Administrator\AppData\Local\DuckStation\savestates\HASH-BC62B33BBB9C452A_resume.sav,other_or_unknown,,0,4,wrapper_candidate,0x801A2074,0x801A2304,656,0,0,383715790A2728D924E52648E3024066833BDD4D7E0529A4805DA0374A82916B,392
C:\Users\Administrator\AppData\Local\DuckStation\savestates\HASH-BC62B33BBB9C452A_resume.sav,other_or_unknown,,0,4,ui_or_coord_table,0x801A7460,0x801A7860,1024,0,0,7A56DABFAC185758C37F88C94734B3338CA1DE8F7B7B4EC178D64907759E9893,904
C:\Users\Administrator\AppData\Local\DuckStation\savestates\HASH-BCDFD43E492EB996_1.sav,other_or_unknown,,0,4,e2_or_wrapper,0x8018FCD0,0x8018FDC5,245,0,0,4816801FC4700CE9FAE1D2E6537F553ACE63B6B3CD6DB30B9BB4A7D8505BAA3B,131
C:\Users\Administrator\AppData\Local\DuckStation\savestates\HASH-BCDFD43E492EB996_1.sav,other_or_unknown,,0,4,bank_helper,0x80193B44,0x80193BC4,128,1,1,38723A2E5E8A17AA7950DC008209944E898F69A7BD10A23C839D341E935FD5CA,0
C:\Users\Administrator\AppData\Local\DuckStation\savestates\HASH-BCDFD43E492EB996_1.sav,other_or_unknown,,0,4,wrapper_candidate,0x801A2074,0x801A2304,656,0,0,9F9753550092390B0293CF905889EC7CFD847A2D3262AE49BF786DD0B835A78D,415
C:\Users\Administrator\AppData\Local\DuckStation\savestates\HASH-BCDFD43E492EB996_1.sav,other_or_unknown,,0,4,ui_or_coord_table,0x801A7460,0x801A7860,1024,0,0,8F60FD7E8A15440AF540247D705B6EC4115092E85BC96126D9C8329E4895860E,931
C:\Users\Administrator\AppData\Local\DuckStation\savestates\HASH-BCDFD43E492EB996_resume.sav,other_or_unknown,,0,4,e2_or_wrapper,0x8018FCD0,0x8018FDC5,245,0,0,4816801FC4700CE9FAE1D2E6537F553ACE63B6B3CD6DB30B9BB4A7D8505BAA3B,131
C:\Users\Administrator\AppData\Local\DuckStation\savestates\HASH-BCDFD43E492EB996_resume.sav,other_or_unknown,,0,4,bank_helper,0x80193B44,0x80193BC4,128,1,1,38723A2E5E8A17AA7950DC008209944E898F69A7BD10A23C839D341E935FD5CA,0
C:\Users\Administrator\AppData\Local\DuckStation\savestates\HASH-BCDFD43E492EB996_resume.sav,other_or_unknown,,0,4,wrapper_candidate,0x801A2074,0x801A2304,656,0,0,9F9753550092390B0293CF905889EC7CFD847A2D3262AE49BF786DD0B835A78D,415
C:\Users\Administrator\AppData\Local\DuckStation\savestates\HASH-BCDFD43E492EB996_resume.sav,other_or_unknown,,0,4,ui_or_coord_table,0x801A7460,0x801A7860,1024,0,0,8F60FD7E8A15440AF540247D705B6EC4115092E85BC96126D9C8329E4895860E,931
C:\Users\Administrator\AppData\Local\DuckStation\savestates\HASH-BE3A0FE91BD000F2_1.sav,other_or_unknown,,0,4,e2_or_wrapper,0x8018FCD0,0x8018FDC5,245,0,0,4816801FC4700CE9FAE1D2E6537F553ACE63B6B3CD6DB30B9BB4A7D8505BAA3B,131
C:\Users\Administrator\AppData\Local\DuckStation\savestates\HASH-BE3A0FE91BD000F2_1.sav,other_or_unknown,,0,4,bank_helper,0x80193B44,0x80193BC4,128,1,1,38723A2E5E8A17AA7950DC008209944E898F69A7BD10A23C839D341E935FD5CA,0
C:\Users\Administrator\AppData\Local\DuckStation\savestates\HASH-BE3A0FE91BD000F2_1.sav,other_or_unknown,,0,4,wrapper_candidate,0x801A2074,0x801A2304,656,0,0,DED7DE7DE3E1DC3C0B11BD69BC16D2386DC394C467AE6D344826751914873B88,414
C:\Users\Administrator\AppData\Local\DuckStation\savestates\HASH-BE3A0FE91BD000F2_1.sav,other_or_unknown,,0,4,ui_or_coord_table,0x801A7460,0x801A7860,1024,0,0,7A56DABFAC185758C37F88C94734B3338CA1DE8F7B7B4EC178D64907759E9893,904
C:\Users\Administrator\AppData\Local\DuckStation\savestates\HASH-BE3A0FE91BD000F2_2.sav,other_or_unknown,,0,4,e2_or_wrapper,0x8018FCD0,0x8018FDC5,245,0,0,4816801FC4700CE9FAE1D2E6537F553ACE63B6B3CD6DB30B9BB4A7D8505BAA3B,131
C:\Users\Administrator\AppData\Local\DuckStation\savestates\HASH-BE3A0FE91BD000F2_2.sav,other_or_unknown,,0,4,bank_helper,0x80193B44,0x80193BC4,128,1,1,38723A2E5E8A17AA7950DC008209944E898F69A7BD10A23C839D341E935FD5CA,0
C:\Users\Administrator\AppData\Local\DuckStation\savestates\HASH-BE3A0FE91BD000F2_2.sav,other_or_unknown,,0,4,wrapper_candidate,0x801A2074,0x801A2304,656,0,0,383715790A2728D924E52648E3024066833BDD4D7E0529A4805DA0374A82916B,392
C:\Users\Administrator\AppData\Local\DuckStation\savestates\HASH-BE3A0FE91BD000F2_2.sav,other_or_unknown,,0,4,ui_or_coord_table,0x801A7460,0x801A7860,1024,0,0,7A56DABFAC185758C37F88C94734B3338CA1DE8F7B7B4EC178D64907759E9893,904
C:\Users\Administrator\AppData\Local\DuckStation\savestates\HASH-BE3A0FE91BD000F2_3.sav,other_or_unknown,,0,4,e2_or_wrapper,0x8018FCD0,0x8018FDC5,245,0,0,4816801FC4700CE9FAE1D2E6537F553ACE63B6B3CD6DB30B9BB4A7D8505BAA3B,131
C:\Users\Administrator\AppData\Local\DuckStation\savestates\HASH-BE3A0FE91BD000F2_3.sav,other_or_unknown,,0,4,bank_helper,0x80193B44,0x80193BC4,128,1,1,38723A2E5E8A17AA7950DC008209944E898F69A7BD10A23C839D341E935FD5CA,0
C:\Users\Administrator\AppData\Local\DuckStation\savestates\HASH-BE3A0FE91BD000F2_3.sav,other_or_unknown,,0,4,wrapper_candidate,0x801A2074,0x801A2304,656,0,0,DED7DE7DE3E1DC3C0B11BD69BC16D2386DC394C467AE6D344826751914873B88,414
C:\Users\Administrator\AppData\Local\DuckStation\savestates\HASH-BE3A0FE91BD000F2_3.sav,other_or_unknown,,0,4,ui_or_coord_table,0x801A7460,0x801A7860,1024,0,0,7A56DABFAC185758C37F88C94734B3338CA1DE8F7B7B4EC178D64907759E9893,904
C:\Users\Administrator\AppData\Local\DuckStation\savestates\HASH-BF7296DCC156CC8A_1.sav,other_or_unknown,,0,4,e2_or_wrapper,0x8018FCD0,0x8018FDC5,245,0,0,4816801FC4700CE9FAE1D2E6537F553ACE63B6B3CD6DB30B9BB4A7D8505BAA3B,131
C:\Users\Administrator\AppData\Local\DuckStation\savestates\HASH-BF7296DCC156CC8A_1.sav,other_or_unknown,,0,4,bank_helper,0x80193B44,0x80193BC4,128,1,1,38723A2E5E8A17AA7950DC008209944E898F69A7BD10A23C839D341E935FD5CA,0
C:\Users\Administrator\AppData\Local\DuckStation\savestates\HASH-BF7296DCC156CC8A_1.sav,other_or_unknown,,0,4,wrapper_candidate,0x801A2074,0x801A2304,656,0,0,1E15736151818F3704604741CFF14ED779E87B7A954A9251A29F3DF5D5FFE76D,414
C:\Users\Administrator\AppData\Local\DuckStation\savestates\HASH-BF7296DCC156CC8A_1.sav,other_or_unknown,,0,4,ui_or_coord_table,0x801A7460,0x801A7860,1024,0,0,7A56DABFAC185758C37F88C94734B3338CA1DE8F7B7B4EC178D64907759E9893,904
C:\Users\Administrator\AppData\Local\DuckStation\savestates\HASH-BF7296DCC156CC8A_2.sav,other_or_unknown,,0,4,e2_or_wrapper,0x8018FCD0,0x8018FDC5,245,0,0,4816801FC4700CE9FAE1D2E6537F553ACE63B6B3CD6DB30B9BB4A7D8505BAA3B,131
C:\Users\Administrator\AppData\Local\DuckStation\savestates\HASH-BF7296DCC156CC8A_2.sav,other_or_unknown,,0,4,bank_helper,0x80193B44,0x80193BC4,128,1,1,38723A2E5E8A17AA7950DC008209944E898F69A7BD10A23C839D341E935FD5CA,0
C:\Users\Administrator\AppData\Local\DuckStation\savestates\HASH-BF7296DCC156CC8A_2.sav,other_or_unknown,,0,4,wrapper_candidate,0x801A2074,0x801A2304,656,0,0,1E15736151818F3704604741CFF14ED779E87B7A954A9251A29F3DF5D5FFE76D,414
C:\Users\Administrator\AppData\Local\DuckStation\savestates\HASH-BF7296DCC156CC8A_2.sav,other_or_unknown,,0,4,ui_or_coord_table,0x801A7460,0x801A7860,1024,0,0,7A56DABFAC185758C37F88C94734B3338CA1DE8F7B7B4EC178D64907759E9893,904
C:\Users\Administrator\AppData\Local\DuckStation\savestates\HASH-BF7296DCC156CC8A_3.sav,other_or_unknown,,0,4,e2_or_wrapper,0x8018FCD0,0x8018FDC5,245,0,0,4816801FC4700CE9FAE1D2E6537F553ACE63B6B3CD6DB30B9BB4A7D8505BAA3B,131
C:\Users\Administrator\AppData\Local\DuckStation\savestates\HASH-BF7296DCC156CC8A_3.sav,other_or_unknown,,0,4,bank_helper,0x80193B44,0x80193BC4,128,1,1,38723A2E5E8A17AA7950DC008209944E898F69A7BD10A23C839D341E935FD5CA,0
C:\Users\Administrator\AppData\Local\DuckStation\savestates\HASH-BF7296DCC156CC8A_3.sav,other_or_unknown,,0,4,wrapper_candidate,0x801A2074,0x801A2304,656,0,0,1E15736151818F3704604741CFF14ED779E87B7A954A9251A29F3DF5D5FFE76D,414
C:\Users\Administrator\AppData\Local\DuckStation\savestates\HASH-BF7296DCC156CC8A_3.sav,other_or_unknown,,0,4,ui_or_coord_table,0x801A7460,0x801A7860,1024,0,0,7A56DABFAC185758C37F88C94734B3338CA1DE8F7B7B4EC178D64907759E9893,904
C:\Users\Administrator\AppData\Local\DuckStation\savestates\HASH-BF7296DCC156CC8A_4.sav,other_or_unknown,,0,4,e2_or_wrapper,0x8018FCD0,0x8018FDC5,245,0,0,4816801FC4700CE9FAE1D2E6537F553ACE63B6B3CD6DB30B9BB4A7D8505BAA3B,131
C:\Users\Administrator\AppData\Local\DuckStation\savestates\HASH-BF7296DCC156CC8A_4.sav,other_or_unknown,,0,4,bank_helper,0x80193B44,0x80193BC4,128,1,1,38723A2E5E8A17AA7950DC008209944E898F69A7BD10A23C839D341E935FD5CA,0
C:\Users\Administrator\AppData\Local\DuckStation\savestates\HASH-BF7296DCC156CC8A_4.sav,other_or_unknown,,0,4,wrapper_candidate,0x801A2074,0x801A2304,656,0,0,1E15736151818F3704604741CFF14ED779E87B7A954A9251A29F3DF5D5FFE76D,414
C:\Users\Administrator\AppData\Local\DuckStation\savestates\HASH-BF7296DCC156CC8A_4.sav,other_or_unknown,,0,4,ui_or_coord_table,0x801A7460,0x801A7860,1024,0,0,7A56DABFAC185758C37F88C94734B3338CA1DE8F7B7B4EC178D64907759E9893,904
C:\Users\Administrator\AppData\Local\DuckStation\savestates\HASH-BF7296DCC156CC8A_5.sav,other_or_unknown,,0,4,e2_or_wrapper,0x8018FCD0,0x8018FDC5,245,0,0,4816801FC4700CE9FAE1D2E6537F553ACE63B6B3CD6DB30B9BB4A7D8505BAA3B,131
C:\Users\Administrator\AppData\Local\DuckStation\savestates\HASH-BF7296DCC156CC8A_5.sav,other_or_unknown,,0,4,bank_helper,0x80193B44,0x80193BC4,128,1,1,38723A2E5E8A17AA7950DC008209944E898F69A7BD10A23C839D341E935FD5CA,0
C:\Users\Administrator\AppData\Local\DuckStation\savestates\HASH-BF7296DCC156CC8A_5.sav,other_or_unknown,,0,4,wrapper_candidate,0x801A2074,0x801A2304,656,0,0,1E15736151818F3704604741CFF14ED779E87B7A954A9251A29F3DF5D5FFE76D,414
C:\Users\Administrator\AppData\Local\DuckStation\savestates\HASH-BF7296DCC156CC8A_5.sav,other_or_unknown,,0,4,ui_or_coord_table,0x801A7460,0x801A7860,1024,0,0,7A56DABFAC185758C37F88C94734B3338CA1DE8F7B7B4EC178D64907759E9893,904
C:\Users\Administrator\AppData\Local\DuckStation\savestates\HASH-BF7296DCC156CC8A_6.sav,other_or_unknown,,0,4,e2_or_wrapper,0x8018FCD0,0x8018FDC5,245,0,0,4816801FC4700CE9FAE1D2E6537F553ACE63B6B3CD6DB30B9BB4A7D8505BAA3B,131
C:\Users\Administrator\AppData\Local\DuckStation\savestates\HASH-BF7296DCC156CC8A_6.sav,other_or_unknown,,0,4,bank_helper,0x80193B44,0x80193BC4,128,1,1,38723A2E5E8A17AA7950DC008209944E898F69A7BD10A23C839D341E935FD5CA,0
C:\Users\Administrator\AppData\Local\DuckStation\savestates\HASH-BF7296DCC156CC8A_6.sav,other_or_unknown,,0,4,wrapper_candidate,0x801A2074,0x801A2304,656,0,0,383715790A2728D924E52648E3024066833BDD4D7E0529A4805DA0374A82916B,392
C:\Users\Administrator\AppData\Local\DuckStation\savestates\HASH-BF7296DCC156CC8A_6.sav,other_or_unknown,,0,4,ui_or_coord_table,0x801A7460,0x801A7860,1024,0,0,7A56DABFAC185758C37F88C94734B3338CA1DE8F7B7B4EC178D64907759E9893,904
C:\Users\Administrator\AppData\Local\DuckStation\savestates\HASH-BF7296DCC156CC8A_7.sav,other_or_unknown,,0,4,e2_or_wrapper,0x8018FCD0,0x8018FDC5,245,0,0,4816801FC4700CE9FAE1D2E6537F553ACE63B6B3CD6DB30B9BB4A7D8505BAA3B,131
C:\Users\Administrator\AppData\Local\DuckStation\savestates\HASH-BF7296DCC156CC8A_7.sav,other_or_unknown,,0,4,bank_helper,0x80193B44,0x80193BC4,128,1,1,38723A2E5E8A17AA7950DC008209944E898F69A7BD10A23C839D341E935FD5CA,0
C:\Users\Administrator\AppData\Local\DuckStation\savestates\HASH-BF7296DCC156CC8A_7.sav,other_or_unknown,,0,4,wrapper_candidate,0x801A2074,0x801A2304,656,0,0,383715790A2728D924E52648E3024066833BDD4D7E0529A4805DA0374A82916B,392
C:\Users\Administrator\AppData\Local\DuckStation\savestates\HASH-BF7296DCC156CC8A_7.sav,other_or_unknown,,0,4,ui_or_coord_table,0x801A7460,0x801A7860,1024,0,0,7A56DABFAC185758C37F88C94734B3338CA1DE8F7B7B4EC178D64907759E9893,904
C:\Users\Administrator\AppData\Local\DuckStation\savestates\HASH-BF7296DCC156CC8A_8.sav,other_or_unknown,,0,4,e2_or_wrapper,0x8018FCD0,0x8018FDC5,245,0,0,4816801FC4700CE9FAE1D2E6537F553ACE63B6B3CD6DB30B9BB4A7D8505BAA3B,131
C:\Users\Administrator\AppData\Local\DuckStation\savestates\HASH-BF7296DCC156CC8A_8.sav,other_or_unknown,,0,4,bank_helper,0x80193B44,0x80193BC4,128,1,1,38723A2E5E8A17AA7950DC008209944E898F69A7BD10A23C839D341E935FD5CA,0
C:\Users\Administrator\AppData\Local\DuckStation\savestates\HASH-BF7296DCC156CC8A_8.sav,other_or_unknown,,0,4,wrapper_candidate,0x801A2074,0x801A2304,656,0,0,383715790A2728D924E52648E3024066833BDD4D7E0529A4805DA0374A82916B,392
C:\Users\Administrator\AppData\Local\DuckStation\savestates\HASH-BF7296DCC156CC8A_8.sav,other_or_unknown,,0,4,ui_or_coord_table,0x801A7460,0x801A7860,1024,0,0,7A56DABFAC185758C37F88C94734B3338CA1DE8F7B7B4EC178D64907759E9893,904
C:\Users\Administrator\AppData\Local\DuckStation\savestates\HASH-BF7296DCC156CC8A_resume.sav,other_or_unknown,,0,4,e2_or_wrapper,0x8018FCD0,0x8018FDC5,245,0,0,4816801FC4700CE9FAE1D2E6537F553ACE63B6B3CD6DB30B9BB4A7D8505BAA3B,131
C:\Users\Administrator\AppData\Local\DuckStation\savestates\HASH-BF7296DCC156CC8A_resume.sav,other_or_unknown,,0,4,bank_helper,0x80193B44,0x80193BC4,128,1,1,38723A2E5E8A17AA7950DC008209944E898F69A7BD10A23C839D341E935FD5CA,0
C:\Users\Administrator\AppData\Local\DuckStation\savestates\HASH-BF7296DCC156CC8A_resume.sav,other_or_unknown,,0,4,wrapper_candidate,0x801A2074,0x801A2304,656,0,0,383715790A2728D924E52648E3024066833BDD4D7E0529A4805DA0374A82916B,392
C:\Users\Administrator\AppData\Local\DuckStation\savestates\HASH-BF7296DCC156CC8A_resume.sav,other_or_unknown,,0,4,ui_or_coord_table,0x801A7460,0x801A7860,1024,0,0,7A56DABFAC185758C37F88C94734B3338CA1DE8F7B7B4EC178D64907759E9893,904
C:\Users\Administrator\AppData\Local\DuckStation\savestates\HASH-C038BEED046B66AC_1.sav,other_or_unknown,,0,4,e2_or_wrapper,0x8018FCD0,0x8018FDC5,245,0,0,4816801FC4700CE9FAE1D2E6537F553ACE63B6B3CD6DB30B9BB4A7D8505BAA3B,131
C:\Users\Administrator\AppData\Local\DuckStation\savestates\HASH-C038BEED046B66AC_1.sav,other_or_unknown,,0,4,bank_helper,0x80193B44,0x80193BC4,128,1,1,38723A2E5E8A17AA7950DC008209944E898F69A7BD10A23C839D341E935FD5CA,0
C:\Users\Administrator\AppData\Local\DuckStation\savestates\HASH-C038BEED046B66AC_1.sav,other_or_unknown,,0,4,wrapper_candidate,0x801A2074,0x801A2304,656,0,0,C1D58FE427843CF39EEE971104D4E64699811C74B8814995A2C357A656748CC0,415
C:\Users\Administrator\AppData\Local\DuckStation\savestates\HASH-C038BEED046B66AC_1.sav,other_or_unknown,,0,4,ui_or_coord_table,0x801A7460,0x801A7860,1024,0,0,7A56DABFAC185758C37F88C94734B3338CA1DE8F7B7B4EC178D64907759E9893,904
C:\Users\Administrator\AppData\Local\DuckStation\savestates\HASH-C038BEED046B66AC_2.sav,other_or_unknown,,0,4,e2_or_wrapper,0x8018FCD0,0x8018FDC5,245,0,0,4816801FC4700CE9FAE1D2E6537F553ACE63B6B3CD6DB30B9BB4A7D8505BAA3B,131
C:\Users\Administrator\AppData\Local\DuckStation\savestates\HASH-C038BEED046B66AC_2.sav,other_or_unknown,,0,4,bank_helper,0x80193B44,0x80193BC4,128,1,1,38723A2E5E8A17AA7950DC008209944E898F69A7BD10A23C839D341E935FD5CA,0
C:\Users\Administrator\AppData\Local\DuckStation\savestates\HASH-C038BEED046B66AC_2.sav,other_or_unknown,,0,4,wrapper_candidate,0x801A2074,0x801A2304,656,0,0,C1D58FE427843CF39EEE971104D4E64699811C74B8814995A2C357A656748CC0,415
C:\Users\Administrator\AppData\Local\DuckStation\savestates\HASH-C038BEED046B66AC_2.sav,other_or_unknown,,0,4,ui_or_coord_table,0x801A7460,0x801A7860,1024,0,0,7A56DABFAC185758C37F88C94734B3338CA1DE8F7B7B4EC178D64907759E9893,904
C:\Users\Administrator\AppData\Local\DuckStation\savestates\HASH-C038BEED046B66AC_3.sav,other_or_unknown,,0,4,e2_or_wrapper,0x8018FCD0,0x8018FDC5,245,0,0,4816801FC4700CE9FAE1D2E6537F553ACE63B6B3CD6DB30B9BB4A7D8505BAA3B,131
C:\Users\Administrator\AppData\Local\DuckStation\savestates\HASH-C038BEED046B66AC_3.sav,other_or_unknown,,0,4,bank_helper,0x80193B44,0x80193BC4,128,1,1,38723A2E5E8A17AA7950DC008209944E898F69A7BD10A23C839D341E935FD5CA,0
C:\Users\Administrator\AppData\Local\DuckStation\savestates\HASH-C038BEED046B66AC_3.sav,other_or_unknown,,0,4,wrapper_candidate,0x801A2074,0x801A2304,656,0,0,C1D58FE427843CF39EEE971104D4E64699811C74B8814995A2C357A656748CC0,415
C:\Users\Administrator\AppData\Local\DuckStation\savestates\HASH-C038BEED046B66AC_3.sav,other_or_unknown,,0,4,ui_or_coord_table,0x801A7460,0x801A7860,1024,0,0,7A56DABFAC185758C37F88C94734B3338CA1DE8F7B7B4EC178D64907759E9893,904
C:\Users\Administrator\AppData\Local\DuckStation\savestates\HASH-C038BEED046B66AC_4.sav,other_or_unknown,,0,4,e2_or_wrapper,0x8018FCD0,0x8018FDC5,245,0,0,4816801FC4700CE9FAE1D2E6537F553ACE63B6B3CD6DB30B9BB4A7D8505BAA3B,131
C:\Users\Administrator\AppData\Local\DuckStation\savestates\HASH-C038BEED046B66AC_4.sav,other_or_unknown,,0,4,bank_helper,0x80193B44,0x80193BC4,128,1,1,38723A2E5E8A17AA7950DC008209944E898F69A7BD10A23C839D341E935FD5CA,0
C:\Users\Administrator\AppData\Local\DuckStation\savestates\HASH-C038BEED046B66AC_4.sav,other_or_unknown,,0,4,wrapper_candidate,0x801A2074,0x801A2304,656,0,0,C1D58FE427843CF39EEE971104D4E64699811C74B8814995A2C357A656748CC0,415
C:\Users\Administrator\AppData\Local\DuckStation\savestates\HASH-C038BEED046B66AC_4.sav,other_or_unknown,,0,4,ui_or_coord_table,0x801A7460,0x801A7860,1024,0,0,7A56DABFAC185758C37F88C94734B3338CA1DE8F7B7B4EC178D64907759E9893,904
C:\Users\Administrator\AppData\Local\DuckStation\savestates\HASH-C038BEED046B66AC_resume.sav,other_or_unknown,,0,4,e2_or_wrapper,0x8018FCD0,0x8018FDC5,245,0,0,4816801FC4700CE9FAE1D2E6537F553ACE63B6B3CD6DB30B9BB4A7D8505BAA3B,131
C:\Users\Administrator\AppData\Local\DuckStation\savestates\HASH-C038BEED046B66AC_resume.sav,other_or_unknown,,0,4,bank_helper,0x80193B44,0x80193BC4,128,1,1,38723A2E5E8A17AA7950DC008209944E898F69A7BD10A23C839D341E935FD5CA,0
C:\Users\Administrator\AppData\Local\DuckStation\savestates\HASH-C038BEED046B66AC_resume.sav,other_or_unknown,,0,4,wrapper_candidate,0x801A2074,0x801A2304,656,0,0,C1D58FE427843CF39EEE971104D4E64699811C74B8814995A2C357A656748CC0,415
C:\Users\Administrator\AppData\Local\DuckStation\savestates\HASH-C038BEED046B66AC_resume.sav,other_or_unknown,,0,4,ui_or_coord_table,0x801A7460,0x801A7860,1024,0,0,7A56DABFAC185758C37F88C94734B3338CA1DE8F7B7B4EC178D64907759E9893,904
C:\Users\Administrator\AppData\Local\DuckStation\savestates\HASH-C0A60BDB0ED2AE33_resume.sav,other_or_unknown,,0,4,e2_or_wrapper,0x8018FCD0,0x8018FDC5,245,0,0,4816801FC4700CE9FAE1D2E6537F553ACE63B6B3CD6DB30B9BB4A7D8505BAA3B,131
C:\Users\Administrator\AppData\Local\DuckStation\savestates\HASH-C0A60BDB0ED2AE33_resume.sav,other_or_unknown,,0,4,bank_helper,0x80193B44,0x80193BC4,128,1,1,38723A2E5E8A17AA7950DC008209944E898F69A7BD10A23C839D341E935FD5CA,0
C:\Users\Administrator\AppData\Local\DuckStation\savestates\HASH-C0A60BDB0ED2AE33_resume.sav,other_or_unknown,,0,4,wrapper_candidate,0x801A2074,0x801A2304,656,0,0,1E15736151818F3704604741CFF14ED779E87B7A954A9251A29F3DF5D5FFE76D,414
C:\Users\Administrator\AppData\Local\DuckStation\savestates\HASH-C0A60BDB0ED2AE33_resume.sav,other_or_unknown,,0,4,ui_or_coord_table,0x801A7460,0x801A7860,1024,0,0,5E0A5269C4200CAB198436A0E31290031B795805D8668A2C643597580AB0FD97,902
C:\Users\Administrator\AppData\Local\DuckStation\savestates\HASH-C190ECB4B3F23F5C_resume.sav,other_or_unknown,,0,4,e2_or_wrapper,0x8018FCD0,0x8018FDC5,245,0,0,4816801FC4700CE9FAE1D2E6537F553ACE63B6B3CD6DB30B9BB4A7D8505BAA3B,131
C:\Users\Administrator\AppData\Local\DuckStation\savestates\HASH-C190ECB4B3F23F5C_resume.sav,other_or_unknown,,0,4,bank_helper,0x80193B44,0x80193BC4,128,1,1,38723A2E5E8A17AA7950DC008209944E898F69A7BD10A23C839D341E935FD5CA,0
C:\Users\Administrator\AppData\Local\DuckStation\savestates\HASH-C190ECB4B3F23F5C_resume.sav,other_or_unknown,,0,4,wrapper_candidate,0x801A2074,0x801A2304,656,0,0,1E15736151818F3704604741CFF14ED779E87B7A954A9251A29F3DF5D5FFE76D,414
C:\Users\Administrator\AppData\Local\DuckStation\savestates\HASH-C190ECB4B3F23F5C_resume.sav,other_or_unknown,,0,4,ui_or_coord_table,0x801A7460,0x801A7860,1024,0,0,CFA9BDD358BC30B2EB3347F977B686411EC7CBE4B8D14746AFDD6AEA9E33AFEC,902
C:\Users\Administrator\AppData\Local\DuckStation\savestates\HASH-C221744B576800FC_1.sav,other_or_unknown,,0,4,e2_or_wrapper,0x8018FCD0,0x8018FDC5,245,0,0,4816801FC4700CE9FAE1D2E6537F553ACE63B6B3CD6DB30B9BB4A7D8505BAA3B,131
C:\Users\Administrator\AppData\Local\DuckStation\savestates\HASH-C221744B576800FC_1.sav,other_or_unknown,,0,4,bank_helper,0x80193B44,0x80193BC4,128,1,1,38723A2E5E8A17AA7950DC008209944E898F69A7BD10A23C839D341E935FD5CA,0
C:\Users\Administrator\AppData\Local\DuckStation\savestates\HASH-C221744B576800FC_1.sav,other_or_unknown,,0,4,wrapper_candidate,0x801A2074,0x801A2304,656,0,0,B612497C556A8EF84008900934595AEE18AF2468D6DDD5A3967851A27E05FCFD,414
C:\Users\Administrator\AppData\Local\DuckStation\savestates\HASH-C221744B576800FC_1.sav,other_or_unknown,,0,4,ui_or_coord_table,0x801A7460,0x801A7860,1024,0,0,7A56DABFAC185758C37F88C94734B3338CA1DE8F7B7B4EC178D64907759E9893,904
C:\Users\Administrator\AppData\Local\DuckStation\savestates\HASH-C221744B576800FC_2.sav,other_or_unknown,,0,4,e2_or_wrapper,0x8018FCD0,0x8018FDC5,245,0,0,4816801FC4700CE9FAE1D2E6537F553ACE63B6B3CD6DB30B9BB4A7D8505BAA3B,131
C:\Users\Administrator\AppData\Local\DuckStation\savestates\HASH-C221744B576800FC_2.sav,other_or_unknown,,0,4,bank_helper,0x80193B44,0x80193BC4,128,1,1,38723A2E5E8A17AA7950DC008209944E898F69A7BD10A23C839D341E935FD5CA,0
C:\Users\Administrator\AppData\Local\DuckStation\savestates\HASH-C221744B576800FC_2.sav,other_or_unknown,,0,4,wrapper_candidate,0x801A2074,0x801A2304,656,0,0,B612497C556A8EF84008900934595AEE18AF2468D6DDD5A3967851A27E05FCFD,414
C:\Users\Administrator\AppData\Local\DuckStation\savestates\HASH-C221744B576800FC_2.sav,other_or_unknown,,0,4,ui_or_coord_table,0x801A7460,0x801A7860,1024,0,0,7A56DABFAC185758C37F88C94734B3338CA1DE8F7B7B4EC178D64907759E9893,904
C:\Users\Administrator\AppData\Local\DuckStation\savestates\HASH-C221744B576800FC_3.sav,other_or_unknown,,0,4,e2_or_wrapper,0x8018FCD0,0x8018FDC5,245,0,0,4816801FC4700CE9FAE1D2E6537F553ACE63B6B3CD6DB30B9BB4A7D8505BAA3B,131
C:\Users\Administrator\AppData\Local\DuckStation\savestates\HASH-C221744B576800FC_3.sav,other_or_unknown,,0,4,bank_helper,0x80193B44,0x80193BC4,128,1,1,38723A2E5E8A17AA7950DC008209944E898F69A7BD10A23C839D341E935FD5CA,0
C:\Users\Administrator\AppData\Local\DuckStation\savestates\HASH-C221744B576800FC_3.sav,other_or_unknown,,0,4,wrapper_candidate,0x801A2074,0x801A2304,656,0,0,B612497C556A8EF84008900934595AEE18AF2468D6DDD5A3967851A27E05FCFD,414
C:\Users\Administrator\AppData\Local\DuckStation\savestates\HASH-C221744B576800FC_3.sav,other_or_unknown,,0,4,ui_or_coord_table,0x801A7460,0x801A7860,1024,0,0,7A56DABFAC185758C37F88C94734B3338CA1DE8F7B7B4EC178D64907759E9893,904
C:\Users\Administrator\AppData\Local\DuckStation\savestates\HASH-C221744B576800FC_4.sav,other_or_unknown,,0,4,e2_or_wrapper,0x8018FCD0,0x8018FDC5,245,0,0,4816801FC4700CE9FAE1D2E6537F553ACE63B6B3CD6DB30B9BB4A7D8505BAA3B,131
C:\Users\Administrator\AppData\Local\DuckStation\savestates\HASH-C221744B576800FC_4.sav,other_or_unknown,,0,4,bank_helper,0x80193B44,0x80193BC4,128,1,1,38723A2E5E8A17AA7950DC008209944E898F69A7BD10A23C839D341E935FD5CA,0
C:\Users\Administrator\AppData\Local\DuckStation\savestates\HASH-C221744B576800FC_4.sav,other_or_unknown,,0,4,wrapper_candidate,0x801A2074,0x801A2304,656,0,0,B612497C556A8EF84008900934595AEE18AF2468D6DDD5A3967851A27E05FCFD,414
C:\Users\Administrator\AppData\Local\DuckStation\savestates\HASH-C221744B576800FC_4.sav,other_or_unknown,,0,4,ui_or_coord_table,0x801A7460,0x801A7860,1024,0,0,7A56DABFAC185758C37F88C94734B3338CA1DE8F7B7B4EC178D64907759E9893,904
C:\Users\Administrator\AppData\Local\DuckStation\savestates\HASH-C221744B576800FC_resume.sav,other_or_unknown,,0,4,e2_or_wrapper,0x8018FCD0,0x8018FDC5,245,0,0,4816801FC4700CE9FAE1D2E6537F553ACE63B6B3CD6DB30B9BB4A7D8505BAA3B,131
C:\Users\Administrator\AppData\Local\DuckStation\savestates\HASH-C221744B576800FC_resume.sav,other_or_unknown,,0,4,bank_helper,0x80193B44,0x80193BC4,128,1,1,38723A2E5E8A17AA7950DC008209944E898F69A7BD10A23C839D341E935FD5CA,0
C:\Users\Administrator\AppData\Local\DuckStation\savestates\HASH-C221744B576800FC_resume.sav,other_or_unknown,,0,4,wrapper_candidate,0x801A2074,0x801A2304,656,0,0,B612497C556A8EF84008900934595AEE18AF2468D6DDD5A3967851A27E05FCFD,414
C:\Users\Administrator\AppData\Local\DuckStation\savestates\HASH-C221744B576800FC_resume.sav,other_or_unknown,,0,4,ui_or_coord_table,0x801A7460,0x801A7860,1024,0,0,7A56DABFAC185758C37F88C94734B3338CA1DE8F7B7B4EC178D64907759E9893,904
C:\Users\Administrator\AppData\Local\DuckStation\savestates\HASH-C304457798351401_1.sav,other_or_unknown,,0,4,e2_or_wrapper,0x8018FCD0,0x8018FDC5,245,0,0,4816801FC4700CE9FAE1D2E6537F553ACE63B6B3CD6DB30B9BB4A7D8505BAA3B,131
C:\Users\Administrator\AppData\Local\DuckStation\savestates\HASH-C304457798351401_1.sav,other_or_unknown,,0,4,bank_helper,0x80193B44,0x80193BC4,128,1,1,38723A2E5E8A17AA7950DC008209944E898F69A7BD10A23C839D341E935FD5CA,0
C:\Users\Administrator\AppData\Local\DuckStation\savestates\HASH-C304457798351401_1.sav,other_or_unknown,,0,4,wrapper_candidate,0x801A2074,0x801A2304,656,0,0,9AC093630A4A34D47A5164B93B93CE8E62AE55B10185086C69D4FDF2A7E342BE,414
C:\Users\Administrator\AppData\Local\DuckStation\savestates\HASH-C304457798351401_1.sav,other_or_unknown,,0,4,ui_or_coord_table,0x801A7460,0x801A7860,1024,0,0,7A56DABFAC185758C37F88C94734B3338CA1DE8F7B7B4EC178D64907759E9893,904
C:\Users\Administrator\AppData\Local\DuckStation\savestates\HASH-C304457798351401_2.sav,other_or_unknown,,0,4,e2_or_wrapper,0x8018FCD0,0x8018FDC5,245,0,0,4816801FC4700CE9FAE1D2E6537F553ACE63B6B3CD6DB30B9BB4A7D8505BAA3B,131
C:\Users\Administrator\AppData\Local\DuckStation\savestates\HASH-C304457798351401_2.sav,other_or_unknown,,0,4,bank_helper,0x80193B44,0x80193BC4,128,1,1,38723A2E5E8A17AA7950DC008209944E898F69A7BD10A23C839D341E935FD5CA,0
C:\Users\Administrator\AppData\Local\DuckStation\savestates\HASH-C304457798351401_2.sav,other_or_unknown,,0,4,wrapper_candidate,0x801A2074,0x801A2304,656,0,0,9AC093630A4A34D47A5164B93B93CE8E62AE55B10185086C69D4FDF2A7E342BE,414
C:\Users\Administrator\AppData\Local\DuckStation\savestates\HASH-C304457798351401_2.sav,other_or_unknown,,0,4,ui_or_coord_table,0x801A7460,0x801A7860,1024,0,0,7A56DABFAC185758C37F88C94734B3338CA1DE8F7B7B4EC178D64907759E9893,904
C:\Users\Administrator\AppData\Local\DuckStation\savestates\HASH-C304457798351401_3.sav,other_or_unknown,,0,4,e2_or_wrapper,0x8018FCD0,0x8018FDC5,245,0,0,4816801FC4700CE9FAE1D2E6537F553ACE63B6B3CD6DB30B9BB4A7D8505BAA3B,131
C:\Users\Administrator\AppData\Local\DuckStation\savestates\HASH-C304457798351401_3.sav,other_or_unknown,,0,4,bank_helper,0x80193B44,0x80193BC4,128,1,1,38723A2E5E8A17AA7950DC008209944E898F69A7BD10A23C839D341E935FD5CA,0
C:\Users\Administrator\AppData\Local\DuckStation\savestates\HASH-C304457798351401_3.sav,other_or_unknown,,0,4,wrapper_candidate,0x801A2074,0x801A2304,656,0,0,9AC093630A4A34D47A5164B93B93CE8E62AE55B10185086C69D4FDF2A7E342BE,414
C:\Users\Administrator\AppData\Local\DuckStation\savestates\HASH-C304457798351401_3.sav,other_or_unknown,,0,4,ui_or_coord_table,0x801A7460,0x801A7860,1024,0,0,7A56DABFAC185758C37F88C94734B3338CA1DE8F7B7B4EC178D64907759E9893,904
C:\Users\Administrator\AppData\Local\DuckStation\savestates\HASH-C304457798351401_resume.sav,other_or_unknown,,0,4,e2_or_wrapper,0x8018FCD0,0x8018FDC5,245,0,0,4816801FC4700CE9FAE1D2E6537F553ACE63B6B3CD6DB30B9BB4A7D8505BAA3B,131
C:\Users\Administrator\AppData\Local\DuckStation\savestates\HASH-C304457798351401_resume.sav,other_or_unknown,,0,4,bank_helper,0x80193B44,0x80193BC4,128,1,1,38723A2E5E8A17AA7950DC008209944E898F69A7BD10A23C839D341E935FD5CA,0
C:\Users\Administrator\AppData\Local\DuckStation\savestates\HASH-C304457798351401_resume.sav,other_or_unknown,,0,4,wrapper_candidate,0x801A2074,0x801A2304,656,0,0,9AC093630A4A34D47A5164B93B93CE8E62AE55B10185086C69D4FDF2A7E342BE,414
C:\Users\Administrator\AppData\Local\DuckStation\savestates\HASH-C304457798351401_resume.sav,other_or_unknown,,0,4,ui_or_coord_table,0x801A7460,0x801A7860,1024,0,0,7A56DABFAC185758C37F88C94734B3338CA1DE8F7B7B4EC178D64907759E9893,904
C:\Users\Administrator\AppData\Local\DuckStation\savestates\HASH-C3CB4AF2CA2A0162_1.sav,other_or_unknown,,0,4,e2_or_wrapper,0x8018FCD0,0x8018FDC5,245,0,0,4816801FC4700CE9FAE1D2E6537F553ACE63B6B3CD6DB30B9BB4A7D8505BAA3B,131
C:\Users\Administrator\AppData\Local\DuckStation\savestates\HASH-C3CB4AF2CA2A0162_1.sav,other_or_unknown,,0,4,bank_helper,0x80193B44,0x80193BC4,128,1,1,38723A2E5E8A17AA7950DC008209944E898F69A7BD10A23C839D341E935FD5CA,0
C:\Users\Administrator\AppData\Local\DuckStation\savestates\HASH-C3CB4AF2CA2A0162_1.sav,other_or_unknown,,0,4,wrapper_candidate,0x801A2074,0x801A2304,656,0,0,33F0E1D7C9AE8A6B22C677E3C38A93D9BA1ACBB43C1296FBB1D4B6BC69D0F517,371
C:\Users\Administrator\AppData\Local\DuckStation\savestates\HASH-C3CB4AF2CA2A0162_1.sav,other_or_unknown,,0,4,ui_or_coord_table,0x801A7460,0x801A7860,1024,0,0,8F60FD7E8A15440AF540247D705B6EC4115092E85BC96126D9C8329E4895860E,931
C:\Users\Administrator\AppData\Local\DuckStation\savestates\HASH-C3CB4AF2CA2A0162_2.sav,other_or_unknown,,0,4,e2_or_wrapper,0x8018FCD0,0x8018FDC5,245,0,0,4816801FC4700CE9FAE1D2E6537F553ACE63B6B3CD6DB30B9BB4A7D8505BAA3B,131
C:\Users\Administrator\AppData\Local\DuckStation\savestates\HASH-C3CB4AF2CA2A0162_2.sav,other_or_unknown,,0,4,bank_helper,0x80193B44,0x80193BC4,128,1,1,38723A2E5E8A17AA7950DC008209944E898F69A7BD10A23C839D341E935FD5CA,0
C:\Users\Administrator\AppData\Local\DuckStation\savestates\HASH-C3CB4AF2CA2A0162_2.sav,other_or_unknown,,0,4,wrapper_candidate,0x801A2074,0x801A2304,656,0,0,33F0E1D7C9AE8A6B22C677E3C38A93D9BA1ACBB43C1296FBB1D4B6BC69D0F517,371
C:\Users\Administrator\AppData\Local\DuckStation\savestates\HASH-C3CB4AF2CA2A0162_2.sav,other_or_unknown,,0,4,ui_or_coord_table,0x801A7460,0x801A7860,1024,0,0,8F60FD7E8A15440AF540247D705B6EC4115092E85BC96126D9C8329E4895860E,931
C:\Users\Administrator\AppData\Local\DuckStation\savestates\HASH-C3CB4AF2CA2A0162_resume.sav,other_or_unknown,,0,4,e2_or_wrapper,0x8018FCD0,0x8018FDC5,245,0,0,4816801FC4700CE9FAE1D2E6537F553ACE63B6B3CD6DB30B9BB4A7D8505BAA3B,131
C:\Users\Administrator\AppData\Local\DuckStation\savestates\HASH-C3CB4AF2CA2A0162_resume.sav,other_or_unknown,,0,4,bank_helper,0x80193B44,0x80193BC4,128,1,1,38723A2E5E8A17AA7950DC008209944E898F69A7BD10A23C839D341E935FD5CA,0
C:\Users\Administrator\AppData\Local\DuckStation\savestates\HASH-C3CB4AF2CA2A0162_resume.sav,other_or_unknown,,0,4,wrapper_candidate,0x801A2074,0x801A2304,656,0,0,33F0E1D7C9AE8A6B22C677E3C38A93D9BA1ACBB43C1296FBB1D4B6BC69D0F517,371
C:\Users\Administrator\AppData\Local\DuckStation\savestates\HASH-C3CB4AF2CA2A0162_resume.sav,other_or_unknown,,0,4,ui_or_coord_table,0x801A7460,0x801A7860,1024,0,0,8F60FD7E8A15440AF540247D705B6EC4115092E85BC96126D9C8329E4895860E,931
C:\Users\Administrator\AppData\Local\DuckStation\savestates\HASH-C4975BB856A7E99A_1.sav,other_or_unknown,,0,4,e2_or_wrapper,0x8018FCD0,0x8018FDC5,245,0,0,5386825F012DFFC210E46F9861277A2877BB92A2D21573296DBB4BD5BDD11361,37
C:\Users\Administrator\AppData\Local\DuckStation\savestates\HASH-C4975BB856A7E99A_1.sav,other_or_unknown,,0,4,bank_helper,0x80193B44,0x80193BC4,128,1,1,38723A2E5E8A17AA7950DC008209944E898F69A7BD10A23C839D341E935FD5CA,0
C:\Users\Administrator\AppData\Local\DuckStation\savestates\HASH-C4975BB856A7E99A_1.sav,other_or_unknown,,0,4,wrapper_candidate,0x801A2074,0x801A2304,656,1,1,E06E79CDFEDFC6D6107B945613E65B2DE3A209E40115B9B00AB048D2B91CD7D5,0
C:\Users\Administrator\AppData\Local\DuckStation\savestates\HASH-C4975BB856A7E99A_1.sav,other_or_unknown,,0,4,ui_or_coord_table,0x801A7460,0x801A7860,1024,1,0,5F70BF18A086007016E948B04AED3B82103A36BEA41755B6CDDFAF10ACE3C6EF,0
C:\Users\Administrator\AppData\Local\DuckStation\savestates\HASH-C4975BB856A7E99A_2.sav,other_or_unknown,,0,4,e2_or_wrapper,0x8018FCD0,0x8018FDC5,245,0,0,5386825F012DFFC210E46F9861277A2877BB92A2D21573296DBB4BD5BDD11361,37
C:\Users\Administrator\AppData\Local\DuckStation\savestates\HASH-C4975BB856A7E99A_2.sav,other_or_unknown,,0,4,bank_helper,0x80193B44,0x80193BC4,128,1,1,38723A2E5E8A17AA7950DC008209944E898F69A7BD10A23C839D341E935FD5CA,0
C:\Users\Administrator\AppData\Local\DuckStation\savestates\HASH-C4975BB856A7E99A_2.sav,other_or_unknown,,0,4,wrapper_candidate,0x801A2074,0x801A2304,656,1,1,E06E79CDFEDFC6D6107B945613E65B2DE3A209E40115B9B00AB048D2B91CD7D5,0
C:\Users\Administrator\AppData\Local\DuckStation\savestates\HASH-C4975BB856A7E99A_2.sav,other_or_unknown,,0,4,ui_or_coord_table,0x801A7460,0x801A7860,1024,1,0,5F70BF18A086007016E948B04AED3B82103A36BEA41755B6CDDFAF10ACE3C6EF,0
C:\Users\Administrator\AppData\Local\DuckStation\savestates\HASH-C4975BB856A7E99A_3.sav,other_or_unknown,,0,4,e2_or_wrapper,0x8018FCD0,0x8018FDC5,245,0,0,5386825F012DFFC210E46F9861277A2877BB92A2D21573296DBB4BD5BDD11361,37
C:\Users\Administrator\AppData\Local\DuckStation\savestates\HASH-C4975BB856A7E99A_3.sav,other_or_unknown,,0,4,bank_helper,0x80193B44,0x80193BC4,128,1,1,38723A2E5E8A17AA7950DC008209944E898F69A7BD10A23C839D341E935FD5CA,0
C:\Users\Administrator\AppData\Local\DuckStation\savestates\HASH-C4975BB856A7E99A_3.sav,other_or_unknown,,0,4,wrapper_candidate,0x801A2074,0x801A2304,656,1,1,E06E79CDFEDFC6D6107B945613E65B2DE3A209E40115B9B00AB048D2B91CD7D5,0
C:\Users\Administrator\AppData\Local\DuckStation\savestates\HASH-C4975BB856A7E99A_3.sav,other_or_unknown,,0,4,ui_or_coord_table,0x801A7460,0x801A7860,1024,1,0,5F70BF18A086007016E948B04AED3B82103A36BEA41755B6CDDFAF10ACE3C6EF,0
C:\Users\Administrator\AppData\Local\DuckStation\savestates\HASH-C4975BB856A7E99A_resume.sav,other_or_unknown,,0,4,e2_or_wrapper,0x8018FCD0,0x8018FDC5,245,0,0,5386825F012DFFC210E46F9861277A2877BB92A2D21573296DBB4BD5BDD11361,37
C:\Users\Administrator\AppData\Local\DuckStation\savestates\HASH-C4975BB856A7E99A_resume.sav,other_or_unknown,,0,4,bank_helper,0x80193B44,0x80193BC4,128,1,1,38723A2E5E8A17AA7950DC008209944E898F69A7BD10A23C839D341E935FD5CA,0
C:\Users\Administrator\AppData\Local\DuckStation\savestates\HASH-C4975BB856A7E99A_resume.sav,other_or_unknown,,0,4,wrapper_candidate,0x801A2074,0x801A2304,656,1,1,E06E79CDFEDFC6D6107B945613E65B2DE3A209E40115B9B00AB048D2B91CD7D5,0
C:\Users\Administrator\AppData\Local\DuckStation\savestates\HASH-C4975BB856A7E99A_resume.sav,other_or_unknown,,0,4,ui_or_coord_table,0x801A7460,0x801A7860,1024,1,0,5F70BF18A086007016E948B04AED3B82103A36BEA41755B6CDDFAF10ACE3C6EF,0
C:\Users\Administrator\AppData\Local\DuckStation\savestates\HASH-C70DD0843775831D_1.sav,other_or_unknown,,0,4,e2_or_wrapper,0x8018FCD0,0x8018FDC5,245,0,0,4816801FC4700CE9FAE1D2E6537F553ACE63B6B3CD6DB30B9BB4A7D8505BAA3B,131
C:\Users\Administrator\AppData\Local\DuckStation\savestates\HASH-C70DD0843775831D_1.sav,other_or_unknown,,0,4,bank_helper,0x80193B44,0x80193BC4,128,1,1,38723A2E5E8A17AA7950DC008209944E898F69A7BD10A23C839D341E935FD5CA,0
C:\Users\Administrator\AppData\Local\DuckStation\savestates\HASH-C70DD0843775831D_1.sav,other_or_unknown,,0,4,wrapper_candidate,0x801A2074,0x801A2304,656,0,0,4969A9A366108A03EF14CC063AC38B0D3EFB51902FA31B8A492F96284671C673,414
C:\Users\Administrator\AppData\Local\DuckStation\savestates\HASH-C70DD0843775831D_1.sav,other_or_unknown,,0,4,ui_or_coord_table,0x801A7460,0x801A7860,1024,0,0,7A56DABFAC185758C37F88C94734B3338CA1DE8F7B7B4EC178D64907759E9893,904
C:\Users\Administrator\AppData\Local\DuckStation\savestates\HASH-C70DD0843775831D_2.sav,other_or_unknown,,0,4,e2_or_wrapper,0x8018FCD0,0x8018FDC5,245,0,0,4816801FC4700CE9FAE1D2E6537F553ACE63B6B3CD6DB30B9BB4A7D8505BAA3B,131
C:\Users\Administrator\AppData\Local\DuckStation\savestates\HASH-C70DD0843775831D_2.sav,other_or_unknown,,0,4,bank_helper,0x80193B44,0x80193BC4,128,1,1,38723A2E5E8A17AA7950DC008209944E898F69A7BD10A23C839D341E935FD5CA,0
C:\Users\Administrator\AppData\Local\DuckStation\savestates\HASH-C70DD0843775831D_2.sav,other_or_unknown,,0,4,wrapper_candidate,0x801A2074,0x801A2304,656,0,0,4969A9A366108A03EF14CC063AC38B0D3EFB51902FA31B8A492F96284671C673,414
C:\Users\Administrator\AppData\Local\DuckStation\savestates\HASH-C70DD0843775831D_2.sav,other_or_unknown,,0,4,ui_or_coord_table,0x801A7460,0x801A7860,1024,0,0,7A56DABFAC185758C37F88C94734B3338CA1DE8F7B7B4EC178D64907759E9893,904
C:\Users\Administrator\AppData\Local\DuckStation\savestates\HASH-C70DD0843775831D_3.sav,other_or_unknown,,0,4,e2_or_wrapper,0x8018FCD0,0x8018FDC5,245,0,0,4816801FC4700CE9FAE1D2E6537F553ACE63B6B3CD6DB30B9BB4A7D8505BAA3B,131
C:\Users\Administrator\AppData\Local\DuckStation\savestates\HASH-C70DD0843775831D_3.sav,other_or_unknown,,0,4,bank_helper,0x80193B44,0x80193BC4,128,1,1,38723A2E5E8A17AA7950DC008209944E898F69A7BD10A23C839D341E935FD5CA,0
C:\Users\Administrator\AppData\Local\DuckStation\savestates\HASH-C70DD0843775831D_3.sav,other_or_unknown,,0,4,wrapper_candidate,0x801A2074,0x801A2304,656,0,0,383715790A2728D924E52648E3024066833BDD4D7E0529A4805DA0374A82916B,392
C:\Users\Administrator\AppData\Local\DuckStation\savestates\HASH-C70DD0843775831D_3.sav,other_or_unknown,,0,4,ui_or_coord_table,0x801A7460,0x801A7860,1024,0,0,7A56DABFAC185758C37F88C94734B3338CA1DE8F7B7B4EC178D64907759E9893,904
C:\Users\Administrator\AppData\Local\DuckStation\savestates\HASH-C70DD0843775831D_4.sav,other_or_unknown,,0,4,e2_or_wrapper,0x8018FCD0,0x8018FDC5,245,0,0,4816801FC4700CE9FAE1D2E6537F553ACE63B6B3CD6DB30B9BB4A7D8505BAA3B,131
C:\Users\Administrator\AppData\Local\DuckStation\savestates\HASH-C70DD0843775831D_4.sav,other_or_unknown,,0,4,bank_helper,0x80193B44,0x80193BC4,128,1,1,38723A2E5E8A17AA7950DC008209944E898F69A7BD10A23C839D341E935FD5CA,0
C:\Users\Administrator\AppData\Local\DuckStation\savestates\HASH-C70DD0843775831D_4.sav,other_or_unknown,,0,4,wrapper_candidate,0x801A2074,0x801A2304,656,0,0,383715790A2728D924E52648E3024066833BDD4D7E0529A4805DA0374A82916B,392
C:\Users\Administrator\AppData\Local\DuckStation\savestates\HASH-C70DD0843775831D_4.sav,other_or_unknown,,0,4,ui_or_coord_table,0x801A7460,0x801A7860,1024,0,0,7A56DABFAC185758C37F88C94734B3338CA1DE8F7B7B4EC178D64907759E9893,904
C:\Users\Administrator\AppData\Local\DuckStation\savestates\HASH-C70DD0843775831D_5.sav,other_or_unknown,,0,4,e2_or_wrapper,0x8018FCD0,0x8018FDC5,245,0,0,4816801FC4700CE9FAE1D2E6537F553ACE63B6B3CD6DB30B9BB4A7D8505BAA3B,131
C:\Users\Administrator\AppData\Local\DuckStation\savestates\HASH-C70DD0843775831D_5.sav,other_or_unknown,,0,4,bank_helper,0x80193B44,0x80193BC4,128,1,1,38723A2E5E8A17AA7950DC008209944E898F69A7BD10A23C839D341E935FD5CA,0
C:\Users\Administrator\AppData\Local\DuckStation\savestates\HASH-C70DD0843775831D_5.sav,other_or_unknown,,0,4,wrapper_candidate,0x801A2074,0x801A2304,656,0,0,383715790A2728D924E52648E3024066833BDD4D7E0529A4805DA0374A82916B,392
C:\Users\Administrator\AppData\Local\DuckStation\savestates\HASH-C70DD0843775831D_5.sav,other_or_unknown,,0,4,ui_or_coord_table,0x801A7460,0x801A7860,1024,0,0,7A56DABFAC185758C37F88C94734B3338CA1DE8F7B7B4EC178D64907759E9893,904
C:\Users\Administrator\AppData\Local\DuckStation\savestates\HASH-C70DD0843775831D_resume.sav,other_or_unknown,,0,4,e2_or_wrapper,0x8018FCD0,0x8018FDC5,245,0,0,4816801FC4700CE9FAE1D2E6537F553ACE63B6B3CD6DB30B9BB4A7D8505BAA3B,131
C:\Users\Administrator\AppData\Local\DuckStation\savestates\HASH-C70DD0843775831D_resume.sav,other_or_unknown,,0,4,bank_helper,0x80193B44,0x80193BC4,128,1,1,38723A2E5E8A17AA7950DC008209944E898F69A7BD10A23C839D341E935FD5CA,0
C:\Users\Administrator\AppData\Local\DuckStation\savestates\HASH-C70DD0843775831D_resume.sav,other_or_unknown,,0,4,wrapper_candidate,0x801A2074,0x801A2304,656,0,0,383715790A2728D924E52648E3024066833BDD4D7E0529A4805DA0374A82916B,392
C:\Users\Administrator\AppData\Local\DuckStation\savestates\HASH-C70DD0843775831D_resume.sav,other_or_unknown,,0,4,ui_or_coord_table,0x801A7460,0x801A7860,1024,0,0,7A56DABFAC185758C37F88C94734B3338CA1DE8F7B7B4EC178D64907759E9893,904
C:\Users\Administrator\AppData\Local\DuckStation\savestates\HASH-C89A37DB904675D1_resume.sav,other_or_unknown,,0,4,e2_or_wrapper,0x8018FCD0,0x8018FDC5,245,0,0,4816801FC4700CE9FAE1D2E6537F553ACE63B6B3CD6DB30B9BB4A7D8505BAA3B,131
C:\Users\Administrator\AppData\Local\DuckStation\savestates\HASH-C89A37DB904675D1_resume.sav,other_or_unknown,,0,4,bank_helper,0x80193B44,0x80193BC4,128,1,1,38723A2E5E8A17AA7950DC008209944E898F69A7BD10A23C839D341E935FD5CA,0
C:\Users\Administrator\AppData\Local\DuckStation\savestates\HASH-C89A37DB904675D1_resume.sav,other_or_unknown,,0,4,wrapper_candidate,0x801A2074,0x801A2304,656,0,0,15AE9631F997B853BA682F5E9D1CEE16A9845083B2F71534C3277A012BEA63B6,415
C:\Users\Administrator\AppData\Local\DuckStation\savestates\HASH-C89A37DB904675D1_resume.sav,other_or_unknown,,0,4,ui_or_coord_table,0x801A7460,0x801A7860,1024,0,0,B1FC1032320CF8CDFCEB0C80F4F47C4DECF03A30E00A52A6D3D364F6105275B4,932
C:\Users\Administrator\AppData\Local\DuckStation\savestates\HASH-C96A3C48292D6BFD_resume.sav,other_or_unknown,,0,4,e2_or_wrapper,0x8018FCD0,0x8018FDC5,245,0,0,4816801FC4700CE9FAE1D2E6537F553ACE63B6B3CD6DB30B9BB4A7D8505BAA3B,131
C:\Users\Administrator\AppData\Local\DuckStation\savestates\HASH-C96A3C48292D6BFD_resume.sav,other_or_unknown,,0,4,bank_helper,0x80193B44,0x80193BC4,128,1,1,38723A2E5E8A17AA7950DC008209944E898F69A7BD10A23C839D341E935FD5CA,0
C:\Users\Administrator\AppData\Local\DuckStation\savestates\HASH-C96A3C48292D6BFD_resume.sav,other_or_unknown,,0,4,wrapper_candidate,0x801A2074,0x801A2304,656,0,0,EA8100A258DEBE8CE504716BA0ECE557266B58A45A356D95310879762E9AD4AD,421
C:\Users\Administrator\AppData\Local\DuckStation\savestates\HASH-C96A3C48292D6BFD_resume.sav,other_or_unknown,,0,4,ui_or_coord_table,0x801A7460,0x801A7860,1024,0,0,D45223CEDC12519CBD8B7C63B381BB6044870265106F1C8646C4F384835417A3,817
C:\Users\Administrator\AppData\Local\DuckStation\savestates\HASH-CAA521161EBF5AAC_1.sav,other_or_unknown,,0,4,e2_or_wrapper,0x8018FCD0,0x8018FDC5,245,0,0,4816801FC4700CE9FAE1D2E6537F553ACE63B6B3CD6DB30B9BB4A7D8505BAA3B,131
C:\Users\Administrator\AppData\Local\DuckStation\savestates\HASH-CAA521161EBF5AAC_1.sav,other_or_unknown,,0,4,bank_helper,0x80193B44,0x80193BC4,128,1,1,38723A2E5E8A17AA7950DC008209944E898F69A7BD10A23C839D341E935FD5CA,0
C:\Users\Administrator\AppData\Local\DuckStation\savestates\HASH-CAA521161EBF5AAC_1.sav,other_or_unknown,,0,4,wrapper_candidate,0x801A2074,0x801A2304,656,0,0,D367D06CAEDF1441615F4E60270CE3AD033EB9F3B6AD2C39D1919ED0AF8566F6,421
C:\Users\Administrator\AppData\Local\DuckStation\savestates\HASH-CAA521161EBF5AAC_1.sav,other_or_unknown,,0,4,ui_or_coord_table,0x801A7460,0x801A7860,1024,0,0,F0215EA69C2564FA425F60DA2A3715715C1ED0B7E4B63F5B8C85D4440DB6A491,817
C:\Users\Administrator\AppData\Local\DuckStation\savestates\HASH-CAA521161EBF5AAC_2.sav,other_or_unknown,,0,4,e2_or_wrapper,0x8018FCD0,0x8018FDC5,245,0,0,4816801FC4700CE9FAE1D2E6537F553ACE63B6B3CD6DB30B9BB4A7D8505BAA3B,131
C:\Users\Administrator\AppData\Local\DuckStation\savestates\HASH-CAA521161EBF5AAC_2.sav,other_or_unknown,,0,4,bank_helper,0x80193B44,0x80193BC4,128,1,1,38723A2E5E8A17AA7950DC008209944E898F69A7BD10A23C839D341E935FD5CA,0
C:\Users\Administrator\AppData\Local\DuckStation\savestates\HASH-CAA521161EBF5AAC_2.sav,other_or_unknown,,0,4,wrapper_candidate,0x801A2074,0x801A2304,656,0,0,D367D06CAEDF1441615F4E60270CE3AD033EB9F3B6AD2C39D1919ED0AF8566F6,421
C:\Users\Administrator\AppData\Local\DuckStation\savestates\HASH-CAA521161EBF5AAC_2.sav,other_or_unknown,,0,4,ui_or_coord_table,0x801A7460,0x801A7860,1024,0,0,F0215EA69C2564FA425F60DA2A3715715C1ED0B7E4B63F5B8C85D4440DB6A491,817
C:\Users\Administrator\AppData\Local\DuckStation\savestates\HASH-CAA521161EBF5AAC_3.sav,other_or_unknown,,0,4,e2_or_wrapper,0x8018FCD0,0x8018FDC5,245,0,0,4816801FC4700CE9FAE1D2E6537F553ACE63B6B3CD6DB30B9BB4A7D8505BAA3B,131
C:\Users\Administrator\AppData\Local\DuckStation\savestates\HASH-CAA521161EBF5AAC_3.sav,other_or_unknown,,0,4,bank_helper,0x80193B44,0x80193BC4,128,1,1,38723A2E5E8A17AA7950DC008209944E898F69A7BD10A23C839D341E935FD5CA,0
C:\Users\Administrator\AppData\Local\DuckStation\savestates\HASH-CAA521161EBF5AAC_3.sav,other_or_unknown,,0,4,wrapper_candidate,0x801A2074,0x801A2304,656,0,0,D367D06CAEDF1441615F4E60270CE3AD033EB9F3B6AD2C39D1919ED0AF8566F6,421
C:\Users\Administrator\AppData\Local\DuckStation\savestates\HASH-CAA521161EBF5AAC_3.sav,other_or_unknown,,0,4,ui_or_coord_table,0x801A7460,0x801A7860,1024,0,0,F0215EA69C2564FA425F60DA2A3715715C1ED0B7E4B63F5B8C85D4440DB6A491,817
C:\Users\Administrator\AppData\Local\DuckStation\savestates\HASH-CAA521161EBF5AAC_4.sav,other_or_unknown,,0,4,e2_or_wrapper,0x8018FCD0,0x8018FDC5,245,0,0,4816801FC4700CE9FAE1D2E6537F553ACE63B6B3CD6DB30B9BB4A7D8505BAA3B,131
C:\Users\Administrator\AppData\Local\DuckStation\savestates\HASH-CAA521161EBF5AAC_4.sav,other_or_unknown,,0,4,bank_helper,0x80193B44,0x80193BC4,128,1,1,38723A2E5E8A17AA7950DC008209944E898F69A7BD10A23C839D341E935FD5CA,0
C:\Users\Administrator\AppData\Local\DuckStation\savestates\HASH-CAA521161EBF5AAC_4.sav,other_or_unknown,,0,4,wrapper_candidate,0x801A2074,0x801A2304,656,0,0,D367D06CAEDF1441615F4E60270CE3AD033EB9F3B6AD2C39D1919ED0AF8566F6,421
C:\Users\Administrator\AppData\Local\DuckStation\savestates\HASH-CAA521161EBF5AAC_4.sav,other_or_unknown,,0,4,ui_or_coord_table,0x801A7460,0x801A7860,1024,0,0,F0215EA69C2564FA425F60DA2A3715715C1ED0B7E4B63F5B8C85D4440DB6A491,817
C:\Users\Administrator\AppData\Local\DuckStation\savestates\HASH-CAA521161EBF5AAC_5.sav,other_or_unknown,,0,4,e2_or_wrapper,0x8018FCD0,0x8018FDC5,245,0,0,4816801FC4700CE9FAE1D2E6537F553ACE63B6B3CD6DB30B9BB4A7D8505BAA3B,131
C:\Users\Administrator\AppData\Local\DuckStation\savestates\HASH-CAA521161EBF5AAC_5.sav,other_or_unknown,,0,4,bank_helper,0x80193B44,0x80193BC4,128,1,1,38723A2E5E8A17AA7950DC008209944E898F69A7BD10A23C839D341E935FD5CA,0
C:\Users\Administrator\AppData\Local\DuckStation\savestates\HASH-CAA521161EBF5AAC_5.sav,other_or_unknown,,0,4,wrapper_candidate,0x801A2074,0x801A2304,656,0,0,D367D06CAEDF1441615F4E60270CE3AD033EB9F3B6AD2C39D1919ED0AF8566F6,421
C:\Users\Administrator\AppData\Local\DuckStation\savestates\HASH-CAA521161EBF5AAC_5.sav,other_or_unknown,,0,4,ui_or_coord_table,0x801A7460,0x801A7860,1024,0,0,F0215EA69C2564FA425F60DA2A3715715C1ED0B7E4B63F5B8C85D4440DB6A491,817
C:\Users\Administrator\AppData\Local\DuckStation\savestates\HASH-CAA521161EBF5AAC_6.sav,other_or_unknown,,0,4,e2_or_wrapper,0x8018FCD0,0x8018FDC5,245,0,0,4816801FC4700CE9FAE1D2E6537F553ACE63B6B3CD6DB30B9BB4A7D8505BAA3B,131
C:\Users\Administrator\AppData\Local\DuckStation\savestates\HASH-CAA521161EBF5AAC_6.sav,other_or_unknown,,0,4,bank_helper,0x80193B44,0x80193BC4,128,1,1,38723A2E5E8A17AA7950DC008209944E898F69A7BD10A23C839D341E935FD5CA,0
C:\Users\Administrator\AppData\Local\DuckStation\savestates\HASH-CAA521161EBF5AAC_6.sav,other_or_unknown,,0,4,wrapper_candidate,0x801A2074,0x801A2304,656,0,0,D367D06CAEDF1441615F4E60270CE3AD033EB9F3B6AD2C39D1919ED0AF8566F6,421
C:\Users\Administrator\AppData\Local\DuckStation\savestates\HASH-CAA521161EBF5AAC_6.sav,other_or_unknown,,0,4,ui_or_coord_table,0x801A7460,0x801A7860,1024,0,0,F0215EA69C2564FA425F60DA2A3715715C1ED0B7E4B63F5B8C85D4440DB6A491,817
C:\Users\Administrator\AppData\Local\DuckStation\savestates\HASH-CAA521161EBF5AAC_7.sav,other_or_unknown,,0,4,e2_or_wrapper,0x8018FCD0,0x8018FDC5,245,0,0,4816801FC4700CE9FAE1D2E6537F553ACE63B6B3CD6DB30B9BB4A7D8505BAA3B,131
C:\Users\Administrator\AppData\Local\DuckStation\savestates\HASH-CAA521161EBF5AAC_7.sav,other_or_unknown,,0,4,bank_helper,0x80193B44,0x80193BC4,128,1,1,38723A2E5E8A17AA7950DC008209944E898F69A7BD10A23C839D341E935FD5CA,0
C:\Users\Administrator\AppData\Local\DuckStation\savestates\HASH-CAA521161EBF5AAC_7.sav,other_or_unknown,,0,4,wrapper_candidate,0x801A2074,0x801A2304,656,0,0,D367D06CAEDF1441615F4E60270CE3AD033EB9F3B6AD2C39D1919ED0AF8566F6,421
C:\Users\Administrator\AppData\Local\DuckStation\savestates\HASH-CAA521161EBF5AAC_7.sav,other_or_unknown,,0,4,ui_or_coord_table,0x801A7460,0x801A7860,1024,0,0,F0215EA69C2564FA425F60DA2A3715715C1ED0B7E4B63F5B8C85D4440DB6A491,817
C:\Users\Administrator\AppData\Local\DuckStation\savestates\HASH-CAA521161EBF5AAC_8.sav,other_or_unknown,,0,4,e2_or_wrapper,0x8018FCD0,0x8018FDC5,245,0,0,4816801FC4700CE9FAE1D2E6537F553ACE63B6B3CD6DB30B9BB4A7D8505BAA3B,131
C:\Users\Administrator\AppData\Local\DuckStation\savestates\HASH-CAA521161EBF5AAC_8.sav,other_or_unknown,,0,4,bank_helper,0x80193B44,0x80193BC4,128,1,1,38723A2E5E8A17AA7950DC008209944E898F69A7BD10A23C839D341E935FD5CA,0
C:\Users\Administrator\AppData\Local\DuckStation\savestates\HASH-CAA521161EBF5AAC_8.sav,other_or_unknown,,0,4,wrapper_candidate,0x801A2074,0x801A2304,656,0,0,D367D06CAEDF1441615F4E60270CE3AD033EB9F3B6AD2C39D1919ED0AF8566F6,421
C:\Users\Administrator\AppData\Local\DuckStation\savestates\HASH-CAA521161EBF5AAC_8.sav,other_or_unknown,,0,4,ui_or_coord_table,0x801A7460,0x801A7860,1024,0,0,F0215EA69C2564FA425F60DA2A3715715C1ED0B7E4B63F5B8C85D4440DB6A491,817
C:\Users\Administrator\AppData\Local\DuckStation\savestates\HASH-CAA521161EBF5AAC_resume.sav,other_or_unknown,,0,4,e2_or_wrapper,0x8018FCD0,0x8018FDC5,245,0,0,4816801FC4700CE9FAE1D2E6537F553ACE63B6B3CD6DB30B9BB4A7D8505BAA3B,131
C:\Users\Administrator\AppData\Local\DuckStation\savestates\HASH-CAA521161EBF5AAC_resume.sav,other_or_unknown,,0,4,bank_helper,0x80193B44,0x80193BC4,128,1,1,38723A2E5E8A17AA7950DC008209944E898F69A7BD10A23C839D341E935FD5CA,0
C:\Users\Administrator\AppData\Local\DuckStation\savestates\HASH-CAA521161EBF5AAC_resume.sav,other_or_unknown,,0,4,wrapper_candidate,0x801A2074,0x801A2304,656,0,0,D367D06CAEDF1441615F4E60270CE3AD033EB9F3B6AD2C39D1919ED0AF8566F6,421
C:\Users\Administrator\AppData\Local\DuckStation\savestates\HASH-CAA521161EBF5AAC_resume.sav,other_or_unknown,,0,4,ui_or_coord_table,0x801A7460,0x801A7860,1024,0,0,F0215EA69C2564FA425F60DA2A3715715C1ED0B7E4B63F5B8C85D4440DB6A491,817
C:\Users\Administrator\AppData\Local\DuckStation\savestates\HASH-CC4CB9D5A18B8279_1.sav,other_or_unknown,,0,4,e2_or_wrapper,0x8018FCD0,0x8018FDC5,245,0,0,4816801FC4700CE9FAE1D2E6537F553ACE63B6B3CD6DB30B9BB4A7D8505BAA3B,131
C:\Users\Administrator\AppData\Local\DuckStation\savestates\HASH-CC4CB9D5A18B8279_1.sav,other_or_unknown,,0,4,bank_helper,0x80193B44,0x80193BC4,128,1,1,38723A2E5E8A17AA7950DC008209944E898F69A7BD10A23C839D341E935FD5CA,0
C:\Users\Administrator\AppData\Local\DuckStation\savestates\HASH-CC4CB9D5A18B8279_1.sav,other_or_unknown,,0,4,wrapper_candidate,0x801A2074,0x801A2304,656,0,0,9AC093630A4A34D47A5164B93B93CE8E62AE55B10185086C69D4FDF2A7E342BE,414
C:\Users\Administrator\AppData\Local\DuckStation\savestates\HASH-CC4CB9D5A18B8279_1.sav,other_or_unknown,,0,4,ui_or_coord_table,0x801A7460,0x801A7860,1024,0,0,7A56DABFAC185758C37F88C94734B3338CA1DE8F7B7B4EC178D64907759E9893,904
C:\Users\Administrator\AppData\Local\DuckStation\savestates\HASH-CC4CB9D5A18B8279_2.sav,other_or_unknown,,0,4,e2_or_wrapper,0x8018FCD0,0x8018FDC5,245,0,0,4816801FC4700CE9FAE1D2E6537F553ACE63B6B3CD6DB30B9BB4A7D8505BAA3B,131
C:\Users\Administrator\AppData\Local\DuckStation\savestates\HASH-CC4CB9D5A18B8279_2.sav,other_or_unknown,,0,4,bank_helper,0x80193B44,0x80193BC4,128,1,1,38723A2E5E8A17AA7950DC008209944E898F69A7BD10A23C839D341E935FD5CA,0
C:\Users\Administrator\AppData\Local\DuckStation\savestates\HASH-CC4CB9D5A18B8279_2.sav,other_or_unknown,,0,4,wrapper_candidate,0x801A2074,0x801A2304,656,0,0,9AC093630A4A34D47A5164B93B93CE8E62AE55B10185086C69D4FDF2A7E342BE,414
C:\Users\Administrator\AppData\Local\DuckStation\savestates\HASH-CC4CB9D5A18B8279_2.sav,other_or_unknown,,0,4,ui_or_coord_table,0x801A7460,0x801A7860,1024,0,0,7A56DABFAC185758C37F88C94734B3338CA1DE8F7B7B4EC178D64907759E9893,904
C:\Users\Administrator\AppData\Local\DuckStation\savestates\HASH-CC4CB9D5A18B8279_resume.sav,other_or_unknown,,0,4,e2_or_wrapper,0x8018FCD0,0x8018FDC5,245,0,0,4816801FC4700CE9FAE1D2E6537F553ACE63B6B3CD6DB30B9BB4A7D8505BAA3B,131
C:\Users\Administrator\AppData\Local\DuckStation\savestates\HASH-CC4CB9D5A18B8279_resume.sav,other_or_unknown,,0,4,bank_helper,0x80193B44,0x80193BC4,128,1,1,38723A2E5E8A17AA7950DC008209944E898F69A7BD10A23C839D341E935FD5CA,0
C:\Users\Administrator\AppData\Local\DuckStation\savestates\HASH-CC4CB9D5A18B8279_resume.sav,other_or_unknown,,0,4,wrapper_candidate,0x801A2074,0x801A2304,656,0,0,9AC093630A4A34D47A5164B93B93CE8E62AE55B10185086C69D4FDF2A7E342BE,414
C:\Users\Administrator\AppData\Local\DuckStation\savestates\HASH-CC4CB9D5A18B8279_resume.sav,other_or_unknown,,0,4,ui_or_coord_table,0x801A7460,0x801A7860,1024,0,0,7A56DABFAC185758C37F88C94734B3338CA1DE8F7B7B4EC178D64907759E9893,904
C:\Users\Administrator\AppData\Local\DuckStation\savestates\HASH-D057AE94B060E34C_1.sav,other_or_unknown,,0,4,e2_or_wrapper,0x8018FCD0,0x8018FDC5,245,0,0,4816801FC4700CE9FAE1D2E6537F553ACE63B6B3CD6DB30B9BB4A7D8505BAA3B,131
C:\Users\Administrator\AppData\Local\DuckStation\savestates\HASH-D057AE94B060E34C_1.sav,other_or_unknown,,0,4,bank_helper,0x80193B44,0x80193BC4,128,1,1,38723A2E5E8A17AA7950DC008209944E898F69A7BD10A23C839D341E935FD5CA,0
C:\Users\Administrator\AppData\Local\DuckStation\savestates\HASH-D057AE94B060E34C_1.sav,other_or_unknown,,0,4,wrapper_candidate,0x801A2074,0x801A2304,656,0,0,149808E186921E986B86713578C09B29CFD3A8CC92C8D707B48FE660646BA6A9,342
C:\Users\Administrator\AppData\Local\DuckStation\savestates\HASH-D057AE94B060E34C_1.sav,other_or_unknown,,0,4,ui_or_coord_table,0x801A7460,0x801A7860,1024,0,0,426E9DDCC33664FAE1E5A48AD8C10328E56E686647E5E675A44C9643701EFEC2,932
C:\Users\Administrator\AppData\Local\DuckStation\savestates\HASH-D057AE94B060E34C_2.sav,other_or_unknown,,0,4,e2_or_wrapper,0x8018FCD0,0x8018FDC5,245,0,0,4816801FC4700CE9FAE1D2E6537F553ACE63B6B3CD6DB30B9BB4A7D8505BAA3B,131
C:\Users\Administrator\AppData\Local\DuckStation\savestates\HASH-D057AE94B060E34C_2.sav,other_or_unknown,,0,4,bank_helper,0x80193B44,0x80193BC4,128,1,1,38723A2E5E8A17AA7950DC008209944E898F69A7BD10A23C839D341E935FD5CA,0
C:\Users\Administrator\AppData\Local\DuckStation\savestates\HASH-D057AE94B060E34C_2.sav,other_or_unknown,,0,4,wrapper_candidate,0x801A2074,0x801A2304,656,0,0,149808E186921E986B86713578C09B29CFD3A8CC92C8D707B48FE660646BA6A9,342
C:\Users\Administrator\AppData\Local\DuckStation\savestates\HASH-D057AE94B060E34C_2.sav,other_or_unknown,,0,4,ui_or_coord_table,0x801A7460,0x801A7860,1024,0,0,426E9DDCC33664FAE1E5A48AD8C10328E56E686647E5E675A44C9643701EFEC2,932
C:\Users\Administrator\AppData\Local\DuckStation\savestates\HASH-D057AE94B060E34C_resume.sav,other_or_unknown,,0,4,e2_or_wrapper,0x8018FCD0,0x8018FDC5,245,0,0,4816801FC4700CE9FAE1D2E6537F553ACE63B6B3CD6DB30B9BB4A7D8505BAA3B,131
C:\Users\Administrator\AppData\Local\DuckStation\savestates\HASH-D057AE94B060E34C_resume.sav,other_or_unknown,,0,4,bank_helper,0x80193B44,0x80193BC4,128,1,1,38723A2E5E8A17AA7950DC008209944E898F69A7BD10A23C839D341E935FD5CA,0
C:\Users\Administrator\AppData\Local\DuckStation\savestates\HASH-D057AE94B060E34C_resume.sav,other_or_unknown,,0,4,wrapper_candidate,0x801A2074,0x801A2304,656,0,0,149808E186921E986B86713578C09B29CFD3A8CC92C8D707B48FE660646BA6A9,342
C:\Users\Administrator\AppData\Local\DuckStation\savestates\HASH-D057AE94B060E34C_resume.sav,other_or_unknown,,0,4,ui_or_coord_table,0x801A7460,0x801A7860,1024,0,0,426E9DDCC33664FAE1E5A48AD8C10328E56E686647E5E675A44C9643701EFEC2,932
C:\Users\Administrator\AppData\Local\DuckStation\savestates\HASH-D0D35C3AE69BF236_1.sav,other_or_unknown,,0,4,e2_or_wrapper,0x8018FCD0,0x8018FDC5,245,0,0,4816801FC4700CE9FAE1D2E6537F553ACE63B6B3CD6DB30B9BB4A7D8505BAA3B,131
C:\Users\Administrator\AppData\Local\DuckStation\savestates\HASH-D0D35C3AE69BF236_1.sav,other_or_unknown,,0,4,bank_helper,0x80193B44,0x80193BC4,128,1,1,38723A2E5E8A17AA7950DC008209944E898F69A7BD10A23C839D341E935FD5CA,0
C:\Users\Administrator\AppData\Local\DuckStation\savestates\HASH-D0D35C3AE69BF236_1.sav,other_or_unknown,,0,4,wrapper_candidate,0x801A2074,0x801A2304,656,1,1,E06E79CDFEDFC6D6107B945613E65B2DE3A209E40115B9B00AB048D2B91CD7D5,0
C:\Users\Administrator\AppData\Local\DuckStation\savestates\HASH-D0D35C3AE69BF236_1.sav,other_or_unknown,,0,4,ui_or_coord_table,0x801A7460,0x801A7860,1024,0,0,32949B678CA76A729980765E767EFD0121654284A3D7DB3B882655C95F44F9ED,932
C:\Users\Administrator\AppData\Local\DuckStation\savestates\HASH-D0D35C3AE69BF236_resume.sav,other_or_unknown,,0,4,e2_or_wrapper,0x8018FCD0,0x8018FDC5,245,0,0,4816801FC4700CE9FAE1D2E6537F553ACE63B6B3CD6DB30B9BB4A7D8505BAA3B,131
C:\Users\Administrator\AppData\Local\DuckStation\savestates\HASH-D0D35C3AE69BF236_resume.sav,other_or_unknown,,0,4,bank_helper,0x80193B44,0x80193BC4,128,1,1,38723A2E5E8A17AA7950DC008209944E898F69A7BD10A23C839D341E935FD5CA,0
C:\Users\Administrator\AppData\Local\DuckStation\savestates\HASH-D0D35C3AE69BF236_resume.sav,other_or_unknown,,0,4,wrapper_candidate,0x801A2074,0x801A2304,656,1,1,E06E79CDFEDFC6D6107B945613E65B2DE3A209E40115B9B00AB048D2B91CD7D5,0
C:\Users\Administrator\AppData\Local\DuckStation\savestates\HASH-D0D35C3AE69BF236_resume.sav,other_or_unknown,,0,4,ui_or_coord_table,0x801A7460,0x801A7860,1024,0,0,32949B678CA76A729980765E767EFD0121654284A3D7DB3B882655C95F44F9ED,932
C:\Users\Administrator\AppData\Local\DuckStation\savestates\HASH-D1CEA69A9476F77_1.sav,other_or_unknown,,0,4,e2_or_wrapper,0x8018FCD0,0x8018FDC5,245,0,0,4816801FC4700CE9FAE1D2E6537F553ACE63B6B3CD6DB30B9BB4A7D8505BAA3B,131
C:\Users\Administrator\AppData\Local\DuckStation\savestates\HASH-D1CEA69A9476F77_1.sav,other_or_unknown,,0,4,bank_helper,0x80193B44,0x80193BC4,128,1,1,38723A2E5E8A17AA7950DC008209944E898F69A7BD10A23C839D341E935FD5CA,0
C:\Users\Administrator\AppData\Local\DuckStation\savestates\HASH-D1CEA69A9476F77_1.sav,other_or_unknown,,0,4,wrapper_candidate,0x801A2074,0x801A2304,656,0,0,383715790A2728D924E52648E3024066833BDD4D7E0529A4805DA0374A82916B,392
C:\Users\Administrator\AppData\Local\DuckStation\savestates\HASH-D1CEA69A9476F77_1.sav,other_or_unknown,,0,4,ui_or_coord_table,0x801A7460,0x801A7860,1024,0,0,7A56DABFAC185758C37F88C94734B3338CA1DE8F7B7B4EC178D64907759E9893,904
C:\Users\Administrator\AppData\Local\DuckStation\savestates\HASH-D1CEA69A9476F77_2.sav,other_or_unknown,,0,4,e2_or_wrapper,0x8018FCD0,0x8018FDC5,245,0,0,4816801FC4700CE9FAE1D2E6537F553ACE63B6B3CD6DB30B9BB4A7D8505BAA3B,131
C:\Users\Administrator\AppData\Local\DuckStation\savestates\HASH-D1CEA69A9476F77_2.sav,other_or_unknown,,0,4,bank_helper,0x80193B44,0x80193BC4,128,1,1,38723A2E5E8A17AA7950DC008209944E898F69A7BD10A23C839D341E935FD5CA,0
C:\Users\Administrator\AppData\Local\DuckStation\savestates\HASH-D1CEA69A9476F77_2.sav,other_or_unknown,,0,4,wrapper_candidate,0x801A2074,0x801A2304,656,0,0,383715790A2728D924E52648E3024066833BDD4D7E0529A4805DA0374A82916B,392
C:\Users\Administrator\AppData\Local\DuckStation\savestates\HASH-D1CEA69A9476F77_2.sav,other_or_unknown,,0,4,ui_or_coord_table,0x801A7460,0x801A7860,1024,0,0,7A56DABFAC185758C37F88C94734B3338CA1DE8F7B7B4EC178D64907759E9893,904
C:\Users\Administrator\AppData\Local\DuckStation\savestates\HASH-D1CEA69A9476F77_3.sav,other_or_unknown,,0,4,e2_or_wrapper,0x8018FCD0,0x8018FDC5,245,0,0,4816801FC4700CE9FAE1D2E6537F553ACE63B6B3CD6DB30B9BB4A7D8505BAA3B,131
C:\Users\Administrator\AppData\Local\DuckStation\savestates\HASH-D1CEA69A9476F77_3.sav,other_or_unknown,,0,4,bank_helper,0x80193B44,0x80193BC4,128,1,1,38723A2E5E8A17AA7950DC008209944E898F69A7BD10A23C839D341E935FD5CA,0
C:\Users\Administrator\AppData\Local\DuckStation\savestates\HASH-D1CEA69A9476F77_3.sav,other_or_unknown,,0,4,wrapper_candidate,0x801A2074,0x801A2304,656,0,0,383715790A2728D924E52648E3024066833BDD4D7E0529A4805DA0374A82916B,392
C:\Users\Administrator\AppData\Local\DuckStation\savestates\HASH-D1CEA69A9476F77_3.sav,other_or_unknown,,0,4,ui_or_coord_table,0x801A7460,0x801A7860,1024,0,0,7A56DABFAC185758C37F88C94734B3338CA1DE8F7B7B4EC178D64907759E9893,904
C:\Users\Administrator\AppData\Local\DuckStation\savestates\HASH-D1CEA69A9476F77_4.sav,other_or_unknown,,0,4,e2_or_wrapper,0x8018FCD0,0x8018FDC5,245,0,0,4816801FC4700CE9FAE1D2E6537F553ACE63B6B3CD6DB30B9BB4A7D8505BAA3B,131
C:\Users\Administrator\AppData\Local\DuckStation\savestates\HASH-D1CEA69A9476F77_4.sav,other_or_unknown,,0,4,bank_helper,0x80193B44,0x80193BC4,128,1,1,38723A2E5E8A17AA7950DC008209944E898F69A7BD10A23C839D341E935FD5CA,0
C:\Users\Administrator\AppData\Local\DuckStation\savestates\HASH-D1CEA69A9476F77_4.sav,other_or_unknown,,0,4,wrapper_candidate,0x801A2074,0x801A2304,656,0,0,383715790A2728D924E52648E3024066833BDD4D7E0529A4805DA0374A82916B,392
C:\Users\Administrator\AppData\Local\DuckStation\savestates\HASH-D1CEA69A9476F77_4.sav,other_or_unknown,,0,4,ui_or_coord_table,0x801A7460,0x801A7860,1024,0,0,7A56DABFAC185758C37F88C94734B3338CA1DE8F7B7B4EC178D64907759E9893,904
C:\Users\Administrator\AppData\Local\DuckStation\savestates\HASH-D1CEA69A9476F77_resume.sav,other_or_unknown,,0,4,e2_or_wrapper,0x8018FCD0,0x8018FDC5,245,0,0,4816801FC4700CE9FAE1D2E6537F553ACE63B6B3CD6DB30B9BB4A7D8505BAA3B,131
C:\Users\Administrator\AppData\Local\DuckStation\savestates\HASH-D1CEA69A9476F77_resume.sav,other_or_unknown,,0,4,bank_helper,0x80193B44,0x80193BC4,128,1,1,38723A2E5E8A17AA7950DC008209944E898F69A7BD10A23C839D341E935FD5CA,0
C:\Users\Administrator\AppData\Local\DuckStation\savestates\HASH-D1CEA69A9476F77_resume.sav,other_or_unknown,,0,4,wrapper_candidate,0x801A2074,0x801A2304,656,0,0,383715790A2728D924E52648E3024066833BDD4D7E0529A4805DA0374A82916B,392
C:\Users\Administrator\AppData\Local\DuckStation\savestates\HASH-D1CEA69A9476F77_resume.sav,other_or_unknown,,0,4,ui_or_coord_table,0x801A7460,0x801A7860,1024,0,0,7A56DABFAC185758C37F88C94734B3338CA1DE8F7B7B4EC178D64907759E9893,904
C:\Users\Administrator\AppData\Local\DuckStation\savestates\HASH-D4B9B4A1E9860C0A_1.sav,other_or_unknown,,0,4,e2_or_wrapper,0x8018FCD0,0x8018FDC5,245,0,0,4816801FC4700CE9FAE1D2E6537F553ACE63B6B3CD6DB30B9BB4A7D8505BAA3B,131
C:\Users\Administrator\AppData\Local\DuckStation\savestates\HASH-D4B9B4A1E9860C0A_1.sav,other_or_unknown,,0,4,bank_helper,0x80193B44,0x80193BC4,128,1,1,38723A2E5E8A17AA7950DC008209944E898F69A7BD10A23C839D341E935FD5CA,0
C:\Users\Administrator\AppData\Local\DuckStation\savestates\HASH-D4B9B4A1E9860C0A_1.sav,other_or_unknown,,0,4,wrapper_candidate,0x801A2074,0x801A2304,656,0,0,2F5561FFC3C64C49CC43BF04C576E53260A422DBBD21B3B1AA34AF1076815D59,415
C:\Users\Administrator\AppData\Local\DuckStation\savestates\HASH-D4B9B4A1E9860C0A_1.sav,other_or_unknown,,0,4,ui_or_coord_table,0x801A7460,0x801A7860,1024,0,0,B1FC1032320CF8CDFCEB0C80F4F47C4DECF03A30E00A52A6D3D364F6105275B4,932
C:\Users\Administrator\AppData\Local\DuckStation\savestates\HASH-D4B9B4A1E9860C0A_2.sav,other_or_unknown,,0,4,e2_or_wrapper,0x8018FCD0,0x8018FDC5,245,0,0,4816801FC4700CE9FAE1D2E6537F553ACE63B6B3CD6DB30B9BB4A7D8505BAA3B,131
C:\Users\Administrator\AppData\Local\DuckStation\savestates\HASH-D4B9B4A1E9860C0A_2.sav,other_or_unknown,,0,4,bank_helper,0x80193B44,0x80193BC4,128,1,1,38723A2E5E8A17AA7950DC008209944E898F69A7BD10A23C839D341E935FD5CA,0
C:\Users\Administrator\AppData\Local\DuckStation\savestates\HASH-D4B9B4A1E9860C0A_2.sav,other_or_unknown,,0,4,wrapper_candidate,0x801A2074,0x801A2304,656,0,0,2F5561FFC3C64C49CC43BF04C576E53260A422DBBD21B3B1AA34AF1076815D59,415
C:\Users\Administrator\AppData\Local\DuckStation\savestates\HASH-D4B9B4A1E9860C0A_2.sav,other_or_unknown,,0,4,ui_or_coord_table,0x801A7460,0x801A7860,1024,0,0,B1FC1032320CF8CDFCEB0C80F4F47C4DECF03A30E00A52A6D3D364F6105275B4,932
C:\Users\Administrator\AppData\Local\DuckStation\savestates\HASH-D4B9B4A1E9860C0A_resume.sav,other_or_unknown,,0,4,e2_or_wrapper,0x8018FCD0,0x8018FDC5,245,0,0,4816801FC4700CE9FAE1D2E6537F553ACE63B6B3CD6DB30B9BB4A7D8505BAA3B,131
C:\Users\Administrator\AppData\Local\DuckStation\savestates\HASH-D4B9B4A1E9860C0A_resume.sav,other_or_unknown,,0,4,bank_helper,0x80193B44,0x80193BC4,128,1,1,38723A2E5E8A17AA7950DC008209944E898F69A7BD10A23C839D341E935FD5CA,0
C:\Users\Administrator\AppData\Local\DuckStation\savestates\HASH-D4B9B4A1E9860C0A_resume.sav,other_or_unknown,,0,4,wrapper_candidate,0x801A2074,0x801A2304,656,0,0,2F5561FFC3C64C49CC43BF04C576E53260A422DBBD21B3B1AA34AF1076815D59,415
C:\Users\Administrator\AppData\Local\DuckStation\savestates\HASH-D4B9B4A1E9860C0A_resume.sav,other_or_unknown,,0,4,ui_or_coord_table,0x801A7460,0x801A7860,1024,0,0,B1FC1032320CF8CDFCEB0C80F4F47C4DECF03A30E00A52A6D3D364F6105275B4,932
C:\Users\Administrator\AppData\Local\DuckStation\savestates\HASH-D7026BDED5E54CE6_1.sav,other_or_unknown,,0,4,e2_or_wrapper,0x8018FCD0,0x8018FDC5,245,0,0,4816801FC4700CE9FAE1D2E6537F553ACE63B6B3CD6DB30B9BB4A7D8505BAA3B,131
C:\Users\Administrator\AppData\Local\DuckStation\savestates\HASH-D7026BDED5E54CE6_1.sav,other_or_unknown,,0,4,bank_helper,0x80193B44,0x80193BC4,128,1,1,38723A2E5E8A17AA7950DC008209944E898F69A7BD10A23C839D341E935FD5CA,0
C:\Users\Administrator\AppData\Local\DuckStation\savestates\HASH-D7026BDED5E54CE6_1.sav,other_or_unknown,,0,4,wrapper_candidate,0x801A2074,0x801A2304,656,0,0,C34D8EB30730A00F88041FC59870561406A904742B073EE2B004A36D3FA9845D,415
C:\Users\Administrator\AppData\Local\DuckStation\savestates\HASH-D7026BDED5E54CE6_1.sav,other_or_unknown,,0,4,ui_or_coord_table,0x801A7460,0x801A7860,1024,0,0,8F60FD7E8A15440AF540247D705B6EC4115092E85BC96126D9C8329E4895860E,931
C:\Users\Administrator\AppData\Local\DuckStation\savestates\HASH-D7026BDED5E54CE6_resume.sav,other_or_unknown,,0,4,e2_or_wrapper,0x8018FCD0,0x8018FDC5,245,0,0,4816801FC4700CE9FAE1D2E6537F553ACE63B6B3CD6DB30B9BB4A7D8505BAA3B,131
C:\Users\Administrator\AppData\Local\DuckStation\savestates\HASH-D7026BDED5E54CE6_resume.sav,other_or_unknown,,0,4,bank_helper,0x80193B44,0x80193BC4,128,1,1,38723A2E5E8A17AA7950DC008209944E898F69A7BD10A23C839D341E935FD5CA,0
C:\Users\Administrator\AppData\Local\DuckStation\savestates\HASH-D7026BDED5E54CE6_resume.sav,other_or_unknown,,0,4,wrapper_candidate,0x801A2074,0x801A2304,656,0,0,C34D8EB30730A00F88041FC59870561406A904742B073EE2B004A36D3FA9845D,415
C:\Users\Administrator\AppData\Local\DuckStation\savestates\HASH-D7026BDED5E54CE6_resume.sav,other_or_unknown,,0,4,ui_or_coord_table,0x801A7460,0x801A7860,1024,0,0,8F60FD7E8A15440AF540247D705B6EC4115092E85BC96126D9C8329E4895860E,931
C:\Users\Administrator\AppData\Local\DuckStation\savestates\HASH-D74281F928F8E924_resume.sav,other_or_unknown,,0,4,e2_or_wrapper,0x8018FCD0,0x8018FDC5,245,0,0,4816801FC4700CE9FAE1D2E6537F553ACE63B6B3CD6DB30B9BB4A7D8505BAA3B,131
C:\Users\Administrator\AppData\Local\DuckStation\savestates\HASH-D74281F928F8E924_resume.sav,other_or_unknown,,0,4,bank_helper,0x80193B44,0x80193BC4,128,1,1,38723A2E5E8A17AA7950DC008209944E898F69A7BD10A23C839D341E935FD5CA,0
C:\Users\Administrator\AppData\Local\DuckStation\savestates\HASH-D74281F928F8E924_resume.sav,other_or_unknown,,0,4,wrapper_candidate,0x801A2074,0x801A2304,656,0,0,1E15736151818F3704604741CFF14ED779E87B7A954A9251A29F3DF5D5FFE76D,414
C:\Users\Administrator\AppData\Local\DuckStation\savestates\HASH-D74281F928F8E924_resume.sav,other_or_unknown,,0,4,ui_or_coord_table,0x801A7460,0x801A7860,1024,0,0,5E0A5269C4200CAB198436A0E31290031B795805D8668A2C643597580AB0FD97,902
C:\Users\Administrator\AppData\Local\DuckStation\savestates\HASH-D998FD1B7F1926DC_1.sav,other_or_unknown,,0,4,e2_or_wrapper,0x8018FCD0,0x8018FDC5,245,0,0,4816801FC4700CE9FAE1D2E6537F553ACE63B6B3CD6DB30B9BB4A7D8505BAA3B,131
C:\Users\Administrator\AppData\Local\DuckStation\savestates\HASH-D998FD1B7F1926DC_1.sav,other_or_unknown,,0,4,bank_helper,0x80193B44,0x80193BC4,128,1,1,38723A2E5E8A17AA7950DC008209944E898F69A7BD10A23C839D341E935FD5CA,0
C:\Users\Administrator\AppData\Local\DuckStation\savestates\HASH-D998FD1B7F1926DC_1.sav,other_or_unknown,,0,4,wrapper_candidate,0x801A2074,0x801A2304,656,0,0,9AC093630A4A34D47A5164B93B93CE8E62AE55B10185086C69D4FDF2A7E342BE,414
C:\Users\Administrator\AppData\Local\DuckStation\savestates\HASH-D998FD1B7F1926DC_1.sav,other_or_unknown,,0,4,ui_or_coord_table,0x801A7460,0x801A7860,1024,0,0,7A56DABFAC185758C37F88C94734B3338CA1DE8F7B7B4EC178D64907759E9893,904
C:\Users\Administrator\AppData\Local\DuckStation\savestates\HASH-D998FD1B7F1926DC_2.sav,other_or_unknown,,0,4,e2_or_wrapper,0x8018FCD0,0x8018FDC5,245,0,0,4816801FC4700CE9FAE1D2E6537F553ACE63B6B3CD6DB30B9BB4A7D8505BAA3B,131
C:\Users\Administrator\AppData\Local\DuckStation\savestates\HASH-D998FD1B7F1926DC_2.sav,other_or_unknown,,0,4,bank_helper,0x80193B44,0x80193BC4,128,1,1,38723A2E5E8A17AA7950DC008209944E898F69A7BD10A23C839D341E935FD5CA,0
C:\Users\Administrator\AppData\Local\DuckStation\savestates\HASH-D998FD1B7F1926DC_2.sav,other_or_unknown,,0,4,wrapper_candidate,0x801A2074,0x801A2304,656,0,0,9AC093630A4A34D47A5164B93B93CE8E62AE55B10185086C69D4FDF2A7E342BE,414
C:\Users\Administrator\AppData\Local\DuckStation\savestates\HASH-D998FD1B7F1926DC_2.sav,other_or_unknown,,0,4,ui_or_coord_table,0x801A7460,0x801A7860,1024,0,0,7A56DABFAC185758C37F88C94734B3338CA1DE8F7B7B4EC178D64907759E9893,904
C:\Users\Administrator\AppData\Local\DuckStation\savestates\HASH-D998FD1B7F1926DC_resume.sav,other_or_unknown,,0,4,e2_or_wrapper,0x8018FCD0,0x8018FDC5,245,0,0,4816801FC4700CE9FAE1D2E6537F553ACE63B6B3CD6DB30B9BB4A7D8505BAA3B,131
C:\Users\Administrator\AppData\Local\DuckStation\savestates\HASH-D998FD1B7F1926DC_resume.sav,other_or_unknown,,0,4,bank_helper,0x80193B44,0x80193BC4,128,1,1,38723A2E5E8A17AA7950DC008209944E898F69A7BD10A23C839D341E935FD5CA,0
C:\Users\Administrator\AppData\Local\DuckStation\savestates\HASH-D998FD1B7F1926DC_resume.sav,other_or_unknown,,0,4,wrapper_candidate,0x801A2074,0x801A2304,656,0,0,9AC093630A4A34D47A5164B93B93CE8E62AE55B10185086C69D4FDF2A7E342BE,414
C:\Users\Administrator\AppData\Local\DuckStation\savestates\HASH-D998FD1B7F1926DC_resume.sav,other_or_unknown,,0,4,ui_or_coord_table,0x801A7460,0x801A7860,1024,0,0,7A56DABFAC185758C37F88C94734B3338CA1DE8F7B7B4EC178D64907759E9893,904
C:\Users\Administrator\AppData\Local\DuckStation\savestates\HASH-DA2823B0BBB822CA_1.sav,other_or_unknown,,0,4,e2_or_wrapper,0x8018FCD0,0x8018FDC5,245,0,0,4816801FC4700CE9FAE1D2E6537F553ACE63B6B3CD6DB30B9BB4A7D8505BAA3B,131
C:\Users\Administrator\AppData\Local\DuckStation\savestates\HASH-DA2823B0BBB822CA_1.sav,other_or_unknown,,0,4,bank_helper,0x80193B44,0x80193BC4,128,0,0,84B8FF67274DACC06146C1919062946836307BC19ECBF861F5D05832C371B65A,100
C:\Users\Administrator\AppData\Local\DuckStation\savestates\HASH-DA2823B0BBB822CA_1.sav,other_or_unknown,,0,4,wrapper_candidate,0x801A2074,0x801A2304,656,0,0,81C69D8128E5D04131980FD75A5A49DDA45BBEB4AF662F7572BC1A7EFE69772F,419
C:\Users\Administrator\AppData\Local\DuckStation\savestates\HASH-DA2823B0BBB822CA_1.sav,other_or_unknown,,0,4,ui_or_coord_table,0x801A7460,0x801A7860,1024,0,0,7A56DABFAC185758C37F88C94734B3338CA1DE8F7B7B4EC178D64907759E9893,904
C:\Users\Administrator\AppData\Local\DuckStation\savestates\HASH-DA2823B0BBB822CA_2.sav,other_or_unknown,,0,4,e2_or_wrapper,0x8018FCD0,0x8018FDC5,245,0,0,4816801FC4700CE9FAE1D2E6537F553ACE63B6B3CD6DB30B9BB4A7D8505BAA3B,131
C:\Users\Administrator\AppData\Local\DuckStation\savestates\HASH-DA2823B0BBB822CA_2.sav,other_or_unknown,,0,4,bank_helper,0x80193B44,0x80193BC4,128,0,0,84B8FF67274DACC06146C1919062946836307BC19ECBF861F5D05832C371B65A,100
C:\Users\Administrator\AppData\Local\DuckStation\savestates\HASH-DA2823B0BBB822CA_2.sav,other_or_unknown,,0,4,wrapper_candidate,0x801A2074,0x801A2304,656,0,0,81C69D8128E5D04131980FD75A5A49DDA45BBEB4AF662F7572BC1A7EFE69772F,419
C:\Users\Administrator\AppData\Local\DuckStation\savestates\HASH-DA2823B0BBB822CA_2.sav,other_or_unknown,,0,4,ui_or_coord_table,0x801A7460,0x801A7860,1024,0,0,7A56DABFAC185758C37F88C94734B3338CA1DE8F7B7B4EC178D64907759E9893,904
C:\Users\Administrator\AppData\Local\DuckStation\savestates\HASH-DA2823B0BBB822CA_3.sav,other_or_unknown,,0,4,e2_or_wrapper,0x8018FCD0,0x8018FDC5,245,0,0,4816801FC4700CE9FAE1D2E6537F553ACE63B6B3CD6DB30B9BB4A7D8505BAA3B,131
C:\Users\Administrator\AppData\Local\DuckStation\savestates\HASH-DA2823B0BBB822CA_3.sav,other_or_unknown,,0,4,bank_helper,0x80193B44,0x80193BC4,128,0,0,84B8FF67274DACC06146C1919062946836307BC19ECBF861F5D05832C371B65A,100
C:\Users\Administrator\AppData\Local\DuckStation\savestates\HASH-DA2823B0BBB822CA_3.sav,other_or_unknown,,0,4,wrapper_candidate,0x801A2074,0x801A2304,656,0,0,81C69D8128E5D04131980FD75A5A49DDA45BBEB4AF662F7572BC1A7EFE69772F,419
C:\Users\Administrator\AppData\Local\DuckStation\savestates\HASH-DA2823B0BBB822CA_3.sav,other_or_unknown,,0,4,ui_or_coord_table,0x801A7460,0x801A7860,1024,0,0,7A56DABFAC185758C37F88C94734B3338CA1DE8F7B7B4EC178D64907759E9893,904
C:\Users\Administrator\AppData\Local\DuckStation\savestates\HASH-DA2823B0BBB822CA_4.sav,other_or_unknown,,0,4,e2_or_wrapper,0x8018FCD0,0x8018FDC5,245,0,0,4816801FC4700CE9FAE1D2E6537F553ACE63B6B3CD6DB30B9BB4A7D8505BAA3B,131
C:\Users\Administrator\AppData\Local\DuckStation\savestates\HASH-DA2823B0BBB822CA_4.sav,other_or_unknown,,0,4,bank_helper,0x80193B44,0x80193BC4,128,0,0,84B8FF67274DACC06146C1919062946836307BC19ECBF861F5D05832C371B65A,100
C:\Users\Administrator\AppData\Local\DuckStation\savestates\HASH-DA2823B0BBB822CA_4.sav,other_or_unknown,,0,4,wrapper_candidate,0x801A2074,0x801A2304,656,0,0,81C69D8128E5D04131980FD75A5A49DDA45BBEB4AF662F7572BC1A7EFE69772F,419
C:\Users\Administrator\AppData\Local\DuckStation\savestates\HASH-DA2823B0BBB822CA_4.sav,other_or_unknown,,0,4,ui_or_coord_table,0x801A7460,0x801A7860,1024,0,0,7A56DABFAC185758C37F88C94734B3338CA1DE8F7B7B4EC178D64907759E9893,904
C:\Users\Administrator\AppData\Local\DuckStation\savestates\HASH-DA2823B0BBB822CA_resume.sav,other_or_unknown,,0,4,e2_or_wrapper,0x8018FCD0,0x8018FDC5,245,0,0,4816801FC4700CE9FAE1D2E6537F553ACE63B6B3CD6DB30B9BB4A7D8505BAA3B,131
C:\Users\Administrator\AppData\Local\DuckStation\savestates\HASH-DA2823B0BBB822CA_resume.sav,other_or_unknown,,0,4,bank_helper,0x80193B44,0x80193BC4,128,0,0,84B8FF67274DACC06146C1919062946836307BC19ECBF861F5D05832C371B65A,100
C:\Users\Administrator\AppData\Local\DuckStation\savestates\HASH-DA2823B0BBB822CA_resume.sav,other_or_unknown,,0,4,wrapper_candidate,0x801A2074,0x801A2304,656,0,0,81C69D8128E5D04131980FD75A5A49DDA45BBEB4AF662F7572BC1A7EFE69772F,419
C:\Users\Administrator\AppData\Local\DuckStation\savestates\HASH-DA2823B0BBB822CA_resume.sav,other_or_unknown,,0,4,ui_or_coord_table,0x801A7460,0x801A7860,1024,0,0,7A56DABFAC185758C37F88C94734B3338CA1DE8F7B7B4EC178D64907759E9893,904
C:\Users\Administrator\AppData\Local\DuckStation\savestates\HASH-DD6DF2FDE952565B_1.sav,other_or_unknown,,0,4,e2_or_wrapper,0x8018FCD0,0x8018FDC5,245,0,0,4816801FC4700CE9FAE1D2E6537F553ACE63B6B3CD6DB30B9BB4A7D8505BAA3B,131
C:\Users\Administrator\AppData\Local\DuckStation\savestates\HASH-DD6DF2FDE952565B_1.sav,other_or_unknown,,0,4,bank_helper,0x80193B44,0x80193BC4,128,1,1,38723A2E5E8A17AA7950DC008209944E898F69A7BD10A23C839D341E935FD5CA,0
C:\Users\Administrator\AppData\Local\DuckStation\savestates\HASH-DD6DF2FDE952565B_1.sav,other_or_unknown,,0,4,wrapper_candidate,0x801A2074,0x801A2304,656,0,0,9AC093630A4A34D47A5164B93B93CE8E62AE55B10185086C69D4FDF2A7E342BE,414
C:\Users\Administrator\AppData\Local\DuckStation\savestates\HASH-DD6DF2FDE952565B_1.sav,other_or_unknown,,0,4,ui_or_coord_table,0x801A7460,0x801A7860,1024,0,0,0AF9F5C3BC38E51CE8BDF58A9EB1A8012A0CF35CC594469A4E8CC1B3C58174B8,902
C:\Users\Administrator\AppData\Local\DuckStation\savestates\HASH-DD6DF2FDE952565B_2.sav,other_or_unknown,,0,4,e2_or_wrapper,0x8018FCD0,0x8018FDC5,245,0,0,4816801FC4700CE9FAE1D2E6537F553ACE63B6B3CD6DB30B9BB4A7D8505BAA3B,131
C:\Users\Administrator\AppData\Local\DuckStation\savestates\HASH-DD6DF2FDE952565B_2.sav,other_or_unknown,,0,4,bank_helper,0x80193B44,0x80193BC4,128,1,1,38723A2E5E8A17AA7950DC008209944E898F69A7BD10A23C839D341E935FD5CA,0
C:\Users\Administrator\AppData\Local\DuckStation\savestates\HASH-DD6DF2FDE952565B_2.sav,other_or_unknown,,0,4,wrapper_candidate,0x801A2074,0x801A2304,656,0,0,9AC093630A4A34D47A5164B93B93CE8E62AE55B10185086C69D4FDF2A7E342BE,414
C:\Users\Administrator\AppData\Local\DuckStation\savestates\HASH-DD6DF2FDE952565B_2.sav,other_or_unknown,,0,4,ui_or_coord_table,0x801A7460,0x801A7860,1024,0,0,0AF9F5C3BC38E51CE8BDF58A9EB1A8012A0CF35CC594469A4E8CC1B3C58174B8,902
C:\Users\Administrator\AppData\Local\DuckStation\savestates\HASH-DD6DF2FDE952565B_3.sav,other_or_unknown,,0,4,e2_or_wrapper,0x8018FCD0,0x8018FDC5,245,0,0,4816801FC4700CE9FAE1D2E6537F553ACE63B6B3CD6DB30B9BB4A7D8505BAA3B,131
C:\Users\Administrator\AppData\Local\DuckStation\savestates\HASH-DD6DF2FDE952565B_3.sav,other_or_unknown,,0,4,bank_helper,0x80193B44,0x80193BC4,128,1,1,38723A2E5E8A17AA7950DC008209944E898F69A7BD10A23C839D341E935FD5CA,0
C:\Users\Administrator\AppData\Local\DuckStation\savestates\HASH-DD6DF2FDE952565B_3.sav,other_or_unknown,,0,4,wrapper_candidate,0x801A2074,0x801A2304,656,0,0,9AC093630A4A34D47A5164B93B93CE8E62AE55B10185086C69D4FDF2A7E342BE,414
C:\Users\Administrator\AppData\Local\DuckStation\savestates\HASH-DD6DF2FDE952565B_3.sav,other_or_unknown,,0,4,ui_or_coord_table,0x801A7460,0x801A7860,1024,0,0,0AF9F5C3BC38E51CE8BDF58A9EB1A8012A0CF35CC594469A4E8CC1B3C58174B8,902
C:\Users\Administrator\AppData\Local\DuckStation\savestates\HASH-DD6DF2FDE952565B_4.sav,other_or_unknown,,0,4,e2_or_wrapper,0x8018FCD0,0x8018FDC5,245,0,0,4816801FC4700CE9FAE1D2E6537F553ACE63B6B3CD6DB30B9BB4A7D8505BAA3B,131
C:\Users\Administrator\AppData\Local\DuckStation\savestates\HASH-DD6DF2FDE952565B_4.sav,other_or_unknown,,0,4,bank_helper,0x80193B44,0x80193BC4,128,1,1,38723A2E5E8A17AA7950DC008209944E898F69A7BD10A23C839D341E935FD5CA,0
C:\Users\Administrator\AppData\Local\DuckStation\savestates\HASH-DD6DF2FDE952565B_4.sav,other_or_unknown,,0,4,wrapper_candidate,0x801A2074,0x801A2304,656,0,0,383715790A2728D924E52648E3024066833BDD4D7E0529A4805DA0374A82916B,392
C:\Users\Administrator\AppData\Local\DuckStation\savestates\HASH-DD6DF2FDE952565B_4.sav,other_or_unknown,,0,4,ui_or_coord_table,0x801A7460,0x801A7860,1024,0,0,0AF9F5C3BC38E51CE8BDF58A9EB1A8012A0CF35CC594469A4E8CC1B3C58174B8,902
C:\Users\Administrator\AppData\Local\DuckStation\savestates\HASH-DD6DF2FDE952565B_5.sav,other_or_unknown,,0,4,e2_or_wrapper,0x8018FCD0,0x8018FDC5,245,0,0,4816801FC4700CE9FAE1D2E6537F553ACE63B6B3CD6DB30B9BB4A7D8505BAA3B,131
C:\Users\Administrator\AppData\Local\DuckStation\savestates\HASH-DD6DF2FDE952565B_5.sav,other_or_unknown,,0,4,bank_helper,0x80193B44,0x80193BC4,128,1,1,38723A2E5E8A17AA7950DC008209944E898F69A7BD10A23C839D341E935FD5CA,0
C:\Users\Administrator\AppData\Local\DuckStation\savestates\HASH-DD6DF2FDE952565B_5.sav,other_or_unknown,,0,4,wrapper_candidate,0x801A2074,0x801A2304,656,0,0,383715790A2728D924E52648E3024066833BDD4D7E0529A4805DA0374A82916B,392
C:\Users\Administrator\AppData\Local\DuckStation\savestates\HASH-DD6DF2FDE952565B_5.sav,other_or_unknown,,0,4,ui_or_coord_table,0x801A7460,0x801A7860,1024,0,0,0AF9F5C3BC38E51CE8BDF58A9EB1A8012A0CF35CC594469A4E8CC1B3C58174B8,902
C:\Users\Administrator\AppData\Local\DuckStation\savestates\HASH-DD6DF2FDE952565B_6.sav,other_or_unknown,,0,4,e2_or_wrapper,0x8018FCD0,0x8018FDC5,245,0,0,4816801FC4700CE9FAE1D2E6537F553ACE63B6B3CD6DB30B9BB4A7D8505BAA3B,131
C:\Users\Administrator\AppData\Local\DuckStation\savestates\HASH-DD6DF2FDE952565B_6.sav,other_or_unknown,,0,4,bank_helper,0x80193B44,0x80193BC4,128,1,1,38723A2E5E8A17AA7950DC008209944E898F69A7BD10A23C839D341E935FD5CA,0
C:\Users\Administrator\AppData\Local\DuckStation\savestates\HASH-DD6DF2FDE952565B_6.sav,other_or_unknown,,0,4,wrapper_candidate,0x801A2074,0x801A2304,656,0,0,383715790A2728D924E52648E3024066833BDD4D7E0529A4805DA0374A82916B,392
C:\Users\Administrator\AppData\Local\DuckStation\savestates\HASH-DD6DF2FDE952565B_6.sav,other_or_unknown,,0,4,ui_or_coord_table,0x801A7460,0x801A7860,1024,0,0,0AF9F5C3BC38E51CE8BDF58A9EB1A8012A0CF35CC594469A4E8CC1B3C58174B8,902
C:\Users\Administrator\AppData\Local\DuckStation\savestates\HASH-DD6DF2FDE952565B_resume.sav,other_or_unknown,,0,4,e2_or_wrapper,0x8018FCD0,0x8018FDC5,245,0,0,4816801FC4700CE9FAE1D2E6537F553ACE63B6B3CD6DB30B9BB4A7D8505BAA3B,131
C:\Users\Administrator\AppData\Local\DuckStation\savestates\HASH-DD6DF2FDE952565B_resume.sav,other_or_unknown,,0,4,bank_helper,0x80193B44,0x80193BC4,128,1,1,38723A2E5E8A17AA7950DC008209944E898F69A7BD10A23C839D341E935FD5CA,0
C:\Users\Administrator\AppData\Local\DuckStation\savestates\HASH-DD6DF2FDE952565B_resume.sav,other_or_unknown,,0,4,wrapper_candidate,0x801A2074,0x801A2304,656,0,0,383715790A2728D924E52648E3024066833BDD4D7E0529A4805DA0374A82916B,392
C:\Users\Administrator\AppData\Local\DuckStation\savestates\HASH-DD6DF2FDE952565B_resume.sav,other_or_unknown,,0,4,ui_or_coord_table,0x801A7460,0x801A7860,1024,0,0,0AF9F5C3BC38E51CE8BDF58A9EB1A8012A0CF35CC594469A4E8CC1B3C58174B8,902
C:\Users\Administrator\AppData\Local\DuckStation\savestates\HASH-DDC7B8D4BB278C66_resume.sav,other_or_unknown,,0,4,e2_or_wrapper,0x8018FCD0,0x8018FDC5,245,0,0,4816801FC4700CE9FAE1D2E6537F553ACE63B6B3CD6DB30B9BB4A7D8505BAA3B,131
C:\Users\Administrator\AppData\Local\DuckStation\savestates\HASH-DDC7B8D4BB278C66_resume.sav,other_or_unknown,,0,4,bank_helper,0x80193B44,0x80193BC4,128,1,1,38723A2E5E8A17AA7950DC008209944E898F69A7BD10A23C839D341E935FD5CA,0
C:\Users\Administrator\AppData\Local\DuckStation\savestates\HASH-DDC7B8D4BB278C66_resume.sav,other_or_unknown,,0,4,wrapper_candidate,0x801A2074,0x801A2304,656,1,1,E06E79CDFEDFC6D6107B945613E65B2DE3A209E40115B9B00AB048D2B91CD7D5,0
C:\Users\Administrator\AppData\Local\DuckStation\savestates\HASH-DDC7B8D4BB278C66_resume.sav,other_or_unknown,,0,4,ui_or_coord_table,0x801A7460,0x801A7860,1024,0,0,15BA54950B33EAFCA7D3B9A0693AB182E36B43C9DF68B5194E69137EAFDD92F7,934
C:\Users\Administrator\AppData\Local\DuckStation\savestates\HASH-DE2D9449B487CDF9_1.sav,other_or_unknown,,0,4,e2_or_wrapper,0x8018FCD0,0x8018FDC5,245,0,0,4816801FC4700CE9FAE1D2E6537F553ACE63B6B3CD6DB30B9BB4A7D8505BAA3B,131
C:\Users\Administrator\AppData\Local\DuckStation\savestates\HASH-DE2D9449B487CDF9_1.sav,other_or_unknown,,0,4,bank_helper,0x80193B44,0x80193BC4,128,1,1,38723A2E5E8A17AA7950DC008209944E898F69A7BD10A23C839D341E935FD5CA,0
C:\Users\Administrator\AppData\Local\DuckStation\savestates\HASH-DE2D9449B487CDF9_1.sav,other_or_unknown,,0,4,wrapper_candidate,0x801A2074,0x801A2304,656,0,0,E36EFCF32AC974CE40D8FF6C3D25E9E44860CCF04F44C0A764154D34923264D1,421
C:\Users\Administrator\AppData\Local\DuckStation\savestates\HASH-DE2D9449B487CDF9_1.sav,other_or_unknown,,0,4,ui_or_coord_table,0x801A7460,0x801A7860,1024,0,0,54F516CCF75B9BFC66404945F46AE4298FAAB5A32C95656A75C99A893ED0F9ED,932
C:\Users\Administrator\AppData\Local\DuckStation\savestates\HASH-DE2D9449B487CDF9_2.sav,other_or_unknown,,0,4,e2_or_wrapper,0x8018FCD0,0x8018FDC5,245,0,0,4816801FC4700CE9FAE1D2E6537F553ACE63B6B3CD6DB30B9BB4A7D8505BAA3B,131
C:\Users\Administrator\AppData\Local\DuckStation\savestates\HASH-DE2D9449B487CDF9_2.sav,other_or_unknown,,0,4,bank_helper,0x80193B44,0x80193BC4,128,1,1,38723A2E5E8A17AA7950DC008209944E898F69A7BD10A23C839D341E935FD5CA,0
C:\Users\Administrator\AppData\Local\DuckStation\savestates\HASH-DE2D9449B487CDF9_2.sav,other_or_unknown,,0,4,wrapper_candidate,0x801A2074,0x801A2304,656,0,0,E36EFCF32AC974CE40D8FF6C3D25E9E44860CCF04F44C0A764154D34923264D1,421
C:\Users\Administrator\AppData\Local\DuckStation\savestates\HASH-DE2D9449B487CDF9_2.sav,other_or_unknown,,0,4,ui_or_coord_table,0x801A7460,0x801A7860,1024,0,0,54F516CCF75B9BFC66404945F46AE4298FAAB5A32C95656A75C99A893ED0F9ED,932
C:\Users\Administrator\AppData\Local\DuckStation\savestates\HASH-DE2D9449B487CDF9_3.sav,other_or_unknown,,0,4,e2_or_wrapper,0x8018FCD0,0x8018FDC5,245,0,0,4816801FC4700CE9FAE1D2E6537F553ACE63B6B3CD6DB30B9BB4A7D8505BAA3B,131
C:\Users\Administrator\AppData\Local\DuckStation\savestates\HASH-DE2D9449B487CDF9_3.sav,other_or_unknown,,0,4,bank_helper,0x80193B44,0x80193BC4,128,1,1,38723A2E5E8A17AA7950DC008209944E898F69A7BD10A23C839D341E935FD5CA,0
C:\Users\Administrator\AppData\Local\DuckStation\savestates\HASH-DE2D9449B487CDF9_3.sav,other_or_unknown,,0,4,wrapper_candidate,0x801A2074,0x801A2304,656,0,0,E36EFCF32AC974CE40D8FF6C3D25E9E44860CCF04F44C0A764154D34923264D1,421
C:\Users\Administrator\AppData\Local\DuckStation\savestates\HASH-DE2D9449B487CDF9_3.sav,other_or_unknown,,0,4,ui_or_coord_table,0x801A7460,0x801A7860,1024,0,0,54F516CCF75B9BFC66404945F46AE4298FAAB5A32C95656A75C99A893ED0F9ED,932
C:\Users\Administrator\AppData\Local\DuckStation\savestates\HASH-DE2D9449B487CDF9_4.sav,other_or_unknown,,0,4,e2_or_wrapper,0x8018FCD0,0x8018FDC5,245,0,0,4816801FC4700CE9FAE1D2E6537F553ACE63B6B3CD6DB30B9BB4A7D8505BAA3B,131
C:\Users\Administrator\AppData\Local\DuckStation\savestates\HASH-DE2D9449B487CDF9_4.sav,other_or_unknown,,0,4,bank_helper,0x80193B44,0x80193BC4,128,1,1,38723A2E5E8A17AA7950DC008209944E898F69A7BD10A23C839D341E935FD5CA,0
C:\Users\Administrator\AppData\Local\DuckStation\savestates\HASH-DE2D9449B487CDF9_4.sav,other_or_unknown,,0,4,wrapper_candidate,0x801A2074,0x801A2304,656,0,0,E36EFCF32AC974CE40D8FF6C3D25E9E44860CCF04F44C0A764154D34923264D1,421
C:\Users\Administrator\AppData\Local\DuckStation\savestates\HASH-DE2D9449B487CDF9_4.sav,other_or_unknown,,0,4,ui_or_coord_table,0x801A7460,0x801A7860,1024,0,0,54F516CCF75B9BFC66404945F46AE4298FAAB5A32C95656A75C99A893ED0F9ED,932
C:\Users\Administrator\AppData\Local\DuckStation\savestates\HASH-DE2D9449B487CDF9_5.sav,other_or_unknown,,0,4,e2_or_wrapper,0x8018FCD0,0x8018FDC5,245,0,0,4816801FC4700CE9FAE1D2E6537F553ACE63B6B3CD6DB30B9BB4A7D8505BAA3B,131
C:\Users\Administrator\AppData\Local\DuckStation\savestates\HASH-DE2D9449B487CDF9_5.sav,other_or_unknown,,0,4,bank_helper,0x80193B44,0x80193BC4,128,1,1,38723A2E5E8A17AA7950DC008209944E898F69A7BD10A23C839D341E935FD5CA,0
C:\Users\Administrator\AppData\Local\DuckStation\savestates\HASH-DE2D9449B487CDF9_5.sav,other_or_unknown,,0,4,wrapper_candidate,0x801A2074,0x801A2304,656,0,0,E36EFCF32AC974CE40D8FF6C3D25E9E44860CCF04F44C0A764154D34923264D1,421
C:\Users\Administrator\AppData\Local\DuckStation\savestates\HASH-DE2D9449B487CDF9_5.sav,other_or_unknown,,0,4,ui_or_coord_table,0x801A7460,0x801A7860,1024,0,0,54F516CCF75B9BFC66404945F46AE4298FAAB5A32C95656A75C99A893ED0F9ED,932
C:\Users\Administrator\AppData\Local\DuckStation\savestates\HASH-DE2D9449B487CDF9_6.sav,other_or_unknown,,0,4,e2_or_wrapper,0x8018FCD0,0x8018FDC5,245,0,0,4816801FC4700CE9FAE1D2E6537F553ACE63B6B3CD6DB30B9BB4A7D8505BAA3B,131
C:\Users\Administrator\AppData\Local\DuckStation\savestates\HASH-DE2D9449B487CDF9_6.sav,other_or_unknown,,0,4,bank_helper,0x80193B44,0x80193BC4,128,1,1,38723A2E5E8A17AA7950DC008209944E898F69A7BD10A23C839D341E935FD5CA,0
C:\Users\Administrator\AppData\Local\DuckStation\savestates\HASH-DE2D9449B487CDF9_6.sav,other_or_unknown,,0,4,wrapper_candidate,0x801A2074,0x801A2304,656,0,0,E36EFCF32AC974CE40D8FF6C3D25E9E44860CCF04F44C0A764154D34923264D1,421
C:\Users\Administrator\AppData\Local\DuckStation\savestates\HASH-DE2D9449B487CDF9_6.sav,other_or_unknown,,0,4,ui_or_coord_table,0x801A7460,0x801A7860,1024,0,0,54F516CCF75B9BFC66404945F46AE4298FAAB5A32C95656A75C99A893ED0F9ED,932
C:\Users\Administrator\AppData\Local\DuckStation\savestates\HASH-DE2D9449B487CDF9_7.sav,other_or_unknown,,0,4,e2_or_wrapper,0x8018FCD0,0x8018FDC5,245,0,0,4816801FC4700CE9FAE1D2E6537F553ACE63B6B3CD6DB30B9BB4A7D8505BAA3B,131
C:\Users\Administrator\AppData\Local\DuckStation\savestates\HASH-DE2D9449B487CDF9_7.sav,other_or_unknown,,0,4,bank_helper,0x80193B44,0x80193BC4,128,1,1,38723A2E5E8A17AA7950DC008209944E898F69A7BD10A23C839D341E935FD5CA,0
C:\Users\Administrator\AppData\Local\DuckStation\savestates\HASH-DE2D9449B487CDF9_7.sav,other_or_unknown,,0,4,wrapper_candidate,0x801A2074,0x801A2304,656,0,0,E36EFCF32AC974CE40D8FF6C3D25E9E44860CCF04F44C0A764154D34923264D1,421
C:\Users\Administrator\AppData\Local\DuckStation\savestates\HASH-DE2D9449B487CDF9_7.sav,other_or_unknown,,0,4,ui_or_coord_table,0x801A7460,0x801A7860,1024,0,0,54F516CCF75B9BFC66404945F46AE4298FAAB5A32C95656A75C99A893ED0F9ED,932
C:\Users\Administrator\AppData\Local\DuckStation\savestates\HASH-DE2D9449B487CDF9_resume.sav,other_or_unknown,,0,4,e2_or_wrapper,0x8018FCD0,0x8018FDC5,245,1,0,02D8F3F83865737E056CCDF3D1BF8DCD4D3B68CE8CB63F3663F092AFA6174958,0
C:\Users\Administrator\AppData\Local\DuckStation\savestates\HASH-DE2D9449B487CDF9_resume.sav,other_or_unknown,,0,4,bank_helper,0x80193B44,0x80193BC4,128,1,1,38723A2E5E8A17AA7950DC008209944E898F69A7BD10A23C839D341E935FD5CA,0
C:\Users\Administrator\AppData\Local\DuckStation\savestates\HASH-DE2D9449B487CDF9_resume.sav,other_or_unknown,,0,4,wrapper_candidate,0x801A2074,0x801A2304,656,1,1,E06E79CDFEDFC6D6107B945613E65B2DE3A209E40115B9B00AB048D2B91CD7D5,0
C:\Users\Administrator\AppData\Local\DuckStation\savestates\HASH-DE2D9449B487CDF9_resume.sav,other_or_unknown,,0,4,ui_or_coord_table,0x801A7460,0x801A7860,1024,1,0,5F70BF18A086007016E948B04AED3B82103A36BEA41755B6CDDFAF10ACE3C6EF,0
C:\Users\Administrator\AppData\Local\DuckStation\savestates\HASH-DF22979C4D8DD12D_1.sav,other_or_unknown,,0,4,e2_or_wrapper,0x8018FCD0,0x8018FDC5,245,0,0,4816801FC4700CE9FAE1D2E6537F553ACE63B6B3CD6DB30B9BB4A7D8505BAA3B,131
C:\Users\Administrator\AppData\Local\DuckStation\savestates\HASH-DF22979C4D8DD12D_1.sav,other_or_unknown,,0,4,bank_helper,0x80193B44,0x80193BC4,128,1,1,38723A2E5E8A17AA7950DC008209944E898F69A7BD10A23C839D341E935FD5CA,0
C:\Users\Administrator\AppData\Local\DuckStation\savestates\HASH-DF22979C4D8DD12D_1.sav,other_or_unknown,,0,4,wrapper_candidate,0x801A2074,0x801A2304,656,0,0,49009B7ECF11F0BAE5467DBCCABA7419FCF1DBB0E7D0885BE8E09F3B3BDCB802,363
C:\Users\Administrator\AppData\Local\DuckStation\savestates\HASH-DF22979C4D8DD12D_1.sav,other_or_unknown,,0,4,ui_or_coord_table,0x801A7460,0x801A7860,1024,0,0,8F60FD7E8A15440AF540247D705B6EC4115092E85BC96126D9C8329E4895860E,931
C:\Users\Administrator\AppData\Local\DuckStation\savestates\HASH-DF22979C4D8DD12D_2.sav,other_or_unknown,,0,4,e2_or_wrapper,0x8018FCD0,0x8018FDC5,245,0,0,4816801FC4700CE9FAE1D2E6537F553ACE63B6B3CD6DB30B9BB4A7D8505BAA3B,131
C:\Users\Administrator\AppData\Local\DuckStation\savestates\HASH-DF22979C4D8DD12D_2.sav,other_or_unknown,,0,4,bank_helper,0x80193B44,0x80193BC4,128,1,1,38723A2E5E8A17AA7950DC008209944E898F69A7BD10A23C839D341E935FD5CA,0
C:\Users\Administrator\AppData\Local\DuckStation\savestates\HASH-DF22979C4D8DD12D_2.sav,other_or_unknown,,0,4,wrapper_candidate,0x801A2074,0x801A2304,656,0,0,49009B7ECF11F0BAE5467DBCCABA7419FCF1DBB0E7D0885BE8E09F3B3BDCB802,363
C:\Users\Administrator\AppData\Local\DuckStation\savestates\HASH-DF22979C4D8DD12D_2.sav,other_or_unknown,,0,4,ui_or_coord_table,0x801A7460,0x801A7860,1024,0,0,8F60FD7E8A15440AF540247D705B6EC4115092E85BC96126D9C8329E4895860E,931
C:\Users\Administrator\AppData\Local\DuckStation\savestates\HASH-DF22979C4D8DD12D_3.sav,other_or_unknown,,0,4,e2_or_wrapper,0x8018FCD0,0x8018FDC5,245,0,0,4816801FC4700CE9FAE1D2E6537F553ACE63B6B3CD6DB30B9BB4A7D8505BAA3B,131
C:\Users\Administrator\AppData\Local\DuckStation\savestates\HASH-DF22979C4D8DD12D_3.sav,other_or_unknown,,0,4,bank_helper,0x80193B44,0x80193BC4,128,1,1,38723A2E5E8A17AA7950DC008209944E898F69A7BD10A23C839D341E935FD5CA,0
C:\Users\Administrator\AppData\Local\DuckStation\savestates\HASH-DF22979C4D8DD12D_3.sav,other_or_unknown,,0,4,wrapper_candidate,0x801A2074,0x801A2304,656,0,0,49009B7ECF11F0BAE5467DBCCABA7419FCF1DBB0E7D0885BE8E09F3B3BDCB802,363
C:\Users\Administrator\AppData\Local\DuckStation\savestates\HASH-DF22979C4D8DD12D_3.sav,other_or_unknown,,0,4,ui_or_coord_table,0x801A7460,0x801A7860,1024,0,0,8F60FD7E8A15440AF540247D705B6EC4115092E85BC96126D9C8329E4895860E,931
C:\Users\Administrator\AppData\Local\DuckStation\savestates\HASH-DF22979C4D8DD12D_4.sav,other_or_unknown,,0,4,e2_or_wrapper,0x8018FCD0,0x8018FDC5,245,0,0,4816801FC4700CE9FAE1D2E6537F553ACE63B6B3CD6DB30B9BB4A7D8505BAA3B,131
C:\Users\Administrator\AppData\Local\DuckStation\savestates\HASH-DF22979C4D8DD12D_4.sav,other_or_unknown,,0,4,bank_helper,0x80193B44,0x80193BC4,128,1,1,38723A2E5E8A17AA7950DC008209944E898F69A7BD10A23C839D341E935FD5CA,0
C:\Users\Administrator\AppData\Local\DuckStation\savestates\HASH-DF22979C4D8DD12D_4.sav,other_or_unknown,,0,4,wrapper_candidate,0x801A2074,0x801A2304,656,0,0,49009B7ECF11F0BAE5467DBCCABA7419FCF1DBB0E7D0885BE8E09F3B3BDCB802,363
C:\Users\Administrator\AppData\Local\DuckStation\savestates\HASH-DF22979C4D8DD12D_4.sav,other_or_unknown,,0,4,ui_or_coord_table,0x801A7460,0x801A7860,1024,0,0,8F60FD7E8A15440AF540247D705B6EC4115092E85BC96126D9C8329E4895860E,931
C:\Users\Administrator\AppData\Local\DuckStation\savestates\HASH-DF22979C4D8DD12D_5.sav,other_or_unknown,,0,4,e2_or_wrapper,0x8018FCD0,0x8018FDC5,245,0,0,4816801FC4700CE9FAE1D2E6537F553ACE63B6B3CD6DB30B9BB4A7D8505BAA3B,131
C:\Users\Administrator\AppData\Local\DuckStation\savestates\HASH-DF22979C4D8DD12D_5.sav,other_or_unknown,,0,4,bank_helper,0x80193B44,0x80193BC4,128,1,1,38723A2E5E8A17AA7950DC008209944E898F69A7BD10A23C839D341E935FD5CA,0
C:\Users\Administrator\AppData\Local\DuckStation\savestates\HASH-DF22979C4D8DD12D_5.sav,other_or_unknown,,0,4,wrapper_candidate,0x801A2074,0x801A2304,656,0,0,49009B7ECF11F0BAE5467DBCCABA7419FCF1DBB0E7D0885BE8E09F3B3BDCB802,363
C:\Users\Administrator\AppData\Local\DuckStation\savestates\HASH-DF22979C4D8DD12D_5.sav,other_or_unknown,,0,4,ui_or_coord_table,0x801A7460,0x801A7860,1024,0,0,8F60FD7E8A15440AF540247D705B6EC4115092E85BC96126D9C8329E4895860E,931
C:\Users\Administrator\AppData\Local\DuckStation\savestates\HASH-DF22979C4D8DD12D_6.sav,other_or_unknown,,0,4,e2_or_wrapper,0x8018FCD0,0x8018FDC5,245,0,0,4816801FC4700CE9FAE1D2E6537F553ACE63B6B3CD6DB30B9BB4A7D8505BAA3B,131
C:\Users\Administrator\AppData\Local\DuckStation\savestates\HASH-DF22979C4D8DD12D_6.sav,other_or_unknown,,0,4,bank_helper,0x80193B44,0x80193BC4,128,1,1,38723A2E5E8A17AA7950DC008209944E898F69A7BD10A23C839D341E935FD5CA,0
C:\Users\Administrator\AppData\Local\DuckStation\savestates\HASH-DF22979C4D8DD12D_6.sav,other_or_unknown,,0,4,wrapper_candidate,0x801A2074,0x801A2304,656,0,0,49009B7ECF11F0BAE5467DBCCABA7419FCF1DBB0E7D0885BE8E09F3B3BDCB802,363
C:\Users\Administrator\AppData\Local\DuckStation\savestates\HASH-DF22979C4D8DD12D_6.sav,other_or_unknown,,0,4,ui_or_coord_table,0x801A7460,0x801A7860,1024,0,0,8F60FD7E8A15440AF540247D705B6EC4115092E85BC96126D9C8329E4895860E,931
C:\Users\Administrator\AppData\Local\DuckStation\savestates\HASH-DF22979C4D8DD12D_7.sav,other_or_unknown,,0,4,e2_or_wrapper,0x8018FCD0,0x8018FDC5,245,0,0,4816801FC4700CE9FAE1D2E6537F553ACE63B6B3CD6DB30B9BB4A7D8505BAA3B,131
C:\Users\Administrator\AppData\Local\DuckStation\savestates\HASH-DF22979C4D8DD12D_7.sav,other_or_unknown,,0,4,bank_helper,0x80193B44,0x80193BC4,128,1,1,38723A2E5E8A17AA7950DC008209944E898F69A7BD10A23C839D341E935FD5CA,0
C:\Users\Administrator\AppData\Local\DuckStation\savestates\HASH-DF22979C4D8DD12D_7.sav,other_or_unknown,,0,4,wrapper_candidate,0x801A2074,0x801A2304,656,0,0,49009B7ECF11F0BAE5467DBCCABA7419FCF1DBB0E7D0885BE8E09F3B3BDCB802,363
C:\Users\Administrator\AppData\Local\DuckStation\savestates\HASH-DF22979C4D8DD12D_7.sav,other_or_unknown,,0,4,ui_or_coord_table,0x801A7460,0x801A7860,1024,0,0,8F60FD7E8A15440AF540247D705B6EC4115092E85BC96126D9C8329E4895860E,931
C:\Users\Administrator\AppData\Local\DuckStation\savestates\HASH-DF22979C4D8DD12D_resume.sav,other_or_unknown,,0,4,e2_or_wrapper,0x8018FCD0,0x8018FDC5,245,0,0,4816801FC4700CE9FAE1D2E6537F553ACE63B6B3CD6DB30B9BB4A7D8505BAA3B,131
C:\Users\Administrator\AppData\Local\DuckStation\savestates\HASH-DF22979C4D8DD12D_resume.sav,other_or_unknown,,0,4,bank_helper,0x80193B44,0x80193BC4,128,1,1,38723A2E5E8A17AA7950DC008209944E898F69A7BD10A23C839D341E935FD5CA,0
C:\Users\Administrator\AppData\Local\DuckStation\savestates\HASH-DF22979C4D8DD12D_resume.sav,other_or_unknown,,0,4,wrapper_candidate,0x801A2074,0x801A2304,656,0,0,49009B7ECF11F0BAE5467DBCCABA7419FCF1DBB0E7D0885BE8E09F3B3BDCB802,363
C:\Users\Administrator\AppData\Local\DuckStation\savestates\HASH-DF22979C4D8DD12D_resume.sav,other_or_unknown,,0,4,ui_or_coord_table,0x801A7460,0x801A7860,1024,0,0,8F60FD7E8A15440AF540247D705B6EC4115092E85BC96126D9C8329E4895860E,931
C:\Users\Administrator\AppData\Local\DuckStation\savestates\HASH-DF4A25F86397969D_resume.sav,other_or_unknown,,0,4,e2_or_wrapper,0x8018FCD0,0x8018FDC5,245,0,0,4816801FC4700CE9FAE1D2E6537F553ACE63B6B3CD6DB30B9BB4A7D8505BAA3B,131
C:\Users\Administrator\AppData\Local\DuckStation\savestates\HASH-DF4A25F86397969D_resume.sav,other_or_unknown,,0,4,bank_helper,0x80193B44,0x80193BC4,128,1,1,38723A2E5E8A17AA7950DC008209944E898F69A7BD10A23C839D341E935FD5CA,0
C:\Users\Administrator\AppData\Local\DuckStation\savestates\HASH-DF4A25F86397969D_resume.sav,other_or_unknown,,0,4,wrapper_candidate,0x801A2074,0x801A2304,656,0,0,D58F8901C93CEEF95738D380C689DEB0187D9B63F320959A3D6783DBE8438558,409
C:\Users\Administrator\AppData\Local\DuckStation\savestates\HASH-DF4A25F86397969D_resume.sav,other_or_unknown,,0,4,ui_or_coord_table,0x801A7460,0x801A7860,1024,0,0,8F60FD7E8A15440AF540247D705B6EC4115092E85BC96126D9C8329E4895860E,931
C:\Users\Administrator\AppData\Local\DuckStation\savestates\HASH-DF8E4CEB26B8ECFB_1.sav,other_or_unknown,,0,4,e2_or_wrapper,0x8018FCD0,0x8018FDC5,245,0,0,4816801FC4700CE9FAE1D2E6537F553ACE63B6B3CD6DB30B9BB4A7D8505BAA3B,131
C:\Users\Administrator\AppData\Local\DuckStation\savestates\HASH-DF8E4CEB26B8ECFB_1.sav,other_or_unknown,,0,4,bank_helper,0x80193B44,0x80193BC4,128,1,1,38723A2E5E8A17AA7950DC008209944E898F69A7BD10A23C839D341E935FD5CA,0
C:\Users\Administrator\AppData\Local\DuckStation\savestates\HASH-DF8E4CEB26B8ECFB_1.sav,other_or_unknown,,0,4,wrapper_candidate,0x801A2074,0x801A2304,656,0,0,29C9D9EA9EDD05888DE1637AEF0CEB1E8A10CA348FD124FDEB3E6ADD548E8750,341
C:\Users\Administrator\AppData\Local\DuckStation\savestates\HASH-DF8E4CEB26B8ECFB_1.sav,other_or_unknown,,0,4,ui_or_coord_table,0x801A7460,0x801A7860,1024,0,0,426E9DDCC33664FAE1E5A48AD8C10328E56E686647E5E675A44C9643701EFEC2,932
C:\Users\Administrator\AppData\Local\DuckStation\savestates\HASH-DF8E4CEB26B8ECFB_resume.sav,other_or_unknown,,0,4,e2_or_wrapper,0x8018FCD0,0x8018FDC5,245,0,0,4816801FC4700CE9FAE1D2E6537F553ACE63B6B3CD6DB30B9BB4A7D8505BAA3B,131
C:\Users\Administrator\AppData\Local\DuckStation\savestates\HASH-DF8E4CEB26B8ECFB_resume.sav,other_or_unknown,,0,4,bank_helper,0x80193B44,0x80193BC4,128,1,1,38723A2E5E8A17AA7950DC008209944E898F69A7BD10A23C839D341E935FD5CA,0
C:\Users\Administrator\AppData\Local\DuckStation\savestates\HASH-DF8E4CEB26B8ECFB_resume.sav,other_or_unknown,,0,4,wrapper_candidate,0x801A2074,0x801A2304,656,0,0,29C9D9EA9EDD05888DE1637AEF0CEB1E8A10CA348FD124FDEB3E6ADD548E8750,341
C:\Users\Administrator\AppData\Local\DuckStation\savestates\HASH-DF8E4CEB26B8ECFB_resume.sav,other_or_unknown,,0,4,ui_or_coord_table,0x801A7460,0x801A7860,1024,0,0,426E9DDCC33664FAE1E5A48AD8C10328E56E686647E5E675A44C9643701EFEC2,932
C:\Users\Administrator\AppData\Local\DuckStation\savestates\HASH-E415CF8A9D6CA771_1.sav,other_or_unknown,,0,4,e2_or_wrapper,0x8018FCD0,0x8018FDC5,245,0,0,4816801FC4700CE9FAE1D2E6537F553ACE63B6B3CD6DB30B9BB4A7D8505BAA3B,131
C:\Users\Administrator\AppData\Local\DuckStation\savestates\HASH-E415CF8A9D6CA771_1.sav,other_or_unknown,,0,4,bank_helper,0x80193B44,0x80193BC4,128,1,1,38723A2E5E8A17AA7950DC008209944E898F69A7BD10A23C839D341E935FD5CA,0
C:\Users\Administrator\AppData\Local\DuckStation\savestates\HASH-E415CF8A9D6CA771_1.sav,other_or_unknown,,0,4,wrapper_candidate,0x801A2074,0x801A2304,656,0,0,1E15736151818F3704604741CFF14ED779E87B7A954A9251A29F3DF5D5FFE76D,414
C:\Users\Administrator\AppData\Local\DuckStation\savestates\HASH-E415CF8A9D6CA771_1.sav,other_or_unknown,,0,4,ui_or_coord_table,0x801A7460,0x801A7860,1024,0,0,5E0A5269C4200CAB198436A0E31290031B795805D8668A2C643597580AB0FD97,902
C:\Users\Administrator\AppData\Local\DuckStation\savestates\HASH-E415CF8A9D6CA771_2.sav,other_or_unknown,,0,4,e2_or_wrapper,0x8018FCD0,0x8018FDC5,245,0,0,4816801FC4700CE9FAE1D2E6537F553ACE63B6B3CD6DB30B9BB4A7D8505BAA3B,131
C:\Users\Administrator\AppData\Local\DuckStation\savestates\HASH-E415CF8A9D6CA771_2.sav,other_or_unknown,,0,4,bank_helper,0x80193B44,0x80193BC4,128,1,1,38723A2E5E8A17AA7950DC008209944E898F69A7BD10A23C839D341E935FD5CA,0
C:\Users\Administrator\AppData\Local\DuckStation\savestates\HASH-E415CF8A9D6CA771_2.sav,other_or_unknown,,0,4,wrapper_candidate,0x801A2074,0x801A2304,656,0,0,1E15736151818F3704604741CFF14ED779E87B7A954A9251A29F3DF5D5FFE76D,414
C:\Users\Administrator\AppData\Local\DuckStation\savestates\HASH-E415CF8A9D6CA771_2.sav,other_or_unknown,,0,4,ui_or_coord_table,0x801A7460,0x801A7860,1024,0,0,5E0A5269C4200CAB198436A0E31290031B795805D8668A2C643597580AB0FD97,902
C:\Users\Administrator\AppData\Local\DuckStation\savestates\HASH-E415CF8A9D6CA771_3.sav,other_or_unknown,,0,4,e2_or_wrapper,0x8018FCD0,0x8018FDC5,245,0,0,4816801FC4700CE9FAE1D2E6537F553ACE63B6B3CD6DB30B9BB4A7D8505BAA3B,131
C:\Users\Administrator\AppData\Local\DuckStation\savestates\HASH-E415CF8A9D6CA771_3.sav,other_or_unknown,,0,4,bank_helper,0x80193B44,0x80193BC4,128,1,1,38723A2E5E8A17AA7950DC008209944E898F69A7BD10A23C839D341E935FD5CA,0
C:\Users\Administrator\AppData\Local\DuckStation\savestates\HASH-E415CF8A9D6CA771_3.sav,other_or_unknown,,0,4,wrapper_candidate,0x801A2074,0x801A2304,656,0,0,1E15736151818F3704604741CFF14ED779E87B7A954A9251A29F3DF5D5FFE76D,414
C:\Users\Administrator\AppData\Local\DuckStation\savestates\HASH-E415CF8A9D6CA771_3.sav,other_or_unknown,,0,4,ui_or_coord_table,0x801A7460,0x801A7860,1024,0,0,5E0A5269C4200CAB198436A0E31290031B795805D8668A2C643597580AB0FD97,902
C:\Users\Administrator\AppData\Local\DuckStation\savestates\HASH-E415CF8A9D6CA771_4.sav,other_or_unknown,,0,4,e2_or_wrapper,0x8018FCD0,0x8018FDC5,245,0,0,4816801FC4700CE9FAE1D2E6537F553ACE63B6B3CD6DB30B9BB4A7D8505BAA3B,131
C:\Users\Administrator\AppData\Local\DuckStation\savestates\HASH-E415CF8A9D6CA771_4.sav,other_or_unknown,,0,4,bank_helper,0x80193B44,0x80193BC4,128,1,1,38723A2E5E8A17AA7950DC008209944E898F69A7BD10A23C839D341E935FD5CA,0
C:\Users\Administrator\AppData\Local\DuckStation\savestates\HASH-E415CF8A9D6CA771_4.sav,other_or_unknown,,0,4,wrapper_candidate,0x801A2074,0x801A2304,656,0,0,1E15736151818F3704604741CFF14ED779E87B7A954A9251A29F3DF5D5FFE76D,414
C:\Users\Administrator\AppData\Local\DuckStation\savestates\HASH-E415CF8A9D6CA771_4.sav,other_or_unknown,,0,4,ui_or_coord_table,0x801A7460,0x801A7860,1024,0,0,5E0A5269C4200CAB198436A0E31290031B795805D8668A2C643597580AB0FD97,902
C:\Users\Administrator\AppData\Local\DuckStation\savestates\HASH-E415CF8A9D6CA771_resume.sav,other_or_unknown,,0,4,e2_or_wrapper,0x8018FCD0,0x8018FDC5,245,0,0,4816801FC4700CE9FAE1D2E6537F553ACE63B6B3CD6DB30B9BB4A7D8505BAA3B,131
C:\Users\Administrator\AppData\Local\DuckStation\savestates\HASH-E415CF8A9D6CA771_resume.sav,other_or_unknown,,0,4,bank_helper,0x80193B44,0x80193BC4,128,1,1,38723A2E5E8A17AA7950DC008209944E898F69A7BD10A23C839D341E935FD5CA,0
C:\Users\Administrator\AppData\Local\DuckStation\savestates\HASH-E415CF8A9D6CA771_resume.sav,other_or_unknown,,0,4,wrapper_candidate,0x801A2074,0x801A2304,656,0,0,1E15736151818F3704604741CFF14ED779E87B7A954A9251A29F3DF5D5FFE76D,414
C:\Users\Administrator\AppData\Local\DuckStation\savestates\HASH-E415CF8A9D6CA771_resume.sav,other_or_unknown,,0,4,ui_or_coord_table,0x801A7460,0x801A7860,1024,0,0,5E0A5269C4200CAB198436A0E31290031B795805D8668A2C643597580AB0FD97,902
C:\Users\Administrator\AppData\Local\DuckStation\savestates\HASH-E61396D5DD7B597B_1.sav,other_or_unknown,,0,4,e2_or_wrapper,0x8018FCD0,0x8018FDC5,245,0,0,4816801FC4700CE9FAE1D2E6537F553ACE63B6B3CD6DB30B9BB4A7D8505BAA3B,131
C:\Users\Administrator\AppData\Local\DuckStation\savestates\HASH-E61396D5DD7B597B_1.sav,other_or_unknown,,0,4,bank_helper,0x80193B44,0x80193BC4,128,1,1,38723A2E5E8A17AA7950DC008209944E898F69A7BD10A23C839D341E935FD5CA,0
C:\Users\Administrator\AppData\Local\DuckStation\savestates\HASH-E61396D5DD7B597B_1.sav,other_or_unknown,,0,4,wrapper_candidate,0x801A2074,0x801A2304,656,1,1,E06E79CDFEDFC6D6107B945613E65B2DE3A209E40115B9B00AB048D2B91CD7D5,0
C:\Users\Administrator\AppData\Local\DuckStation\savestates\HASH-E61396D5DD7B597B_1.sav,other_or_unknown,,0,4,ui_or_coord_table,0x801A7460,0x801A7860,1024,1,0,5F70BF18A086007016E948B04AED3B82103A36BEA41755B6CDDFAF10ACE3C6EF,0
C:\Users\Administrator\AppData\Local\DuckStation\savestates\HASH-E61396D5DD7B597B_2.sav,other_or_unknown,,0,4,e2_or_wrapper,0x8018FCD0,0x8018FDC5,245,0,0,4816801FC4700CE9FAE1D2E6537F553ACE63B6B3CD6DB30B9BB4A7D8505BAA3B,131
C:\Users\Administrator\AppData\Local\DuckStation\savestates\HASH-E61396D5DD7B597B_2.sav,other_or_unknown,,0,4,bank_helper,0x80193B44,0x80193BC4,128,1,1,38723A2E5E8A17AA7950DC008209944E898F69A7BD10A23C839D341E935FD5CA,0
C:\Users\Administrator\AppData\Local\DuckStation\savestates\HASH-E61396D5DD7B597B_2.sav,other_or_unknown,,0,4,wrapper_candidate,0x801A2074,0x801A2304,656,1,1,E06E79CDFEDFC6D6107B945613E65B2DE3A209E40115B9B00AB048D2B91CD7D5,0
C:\Users\Administrator\AppData\Local\DuckStation\savestates\HASH-E61396D5DD7B597B_2.sav,other_or_unknown,,0,4,ui_or_coord_table,0x801A7460,0x801A7860,1024,1,0,5F70BF18A086007016E948B04AED3B82103A36BEA41755B6CDDFAF10ACE3C6EF,0
C:\Users\Administrator\AppData\Local\DuckStation\savestates\HASH-E61396D5DD7B597B_3.sav,other_or_unknown,,0,4,e2_or_wrapper,0x8018FCD0,0x8018FDC5,245,0,0,4816801FC4700CE9FAE1D2E6537F553ACE63B6B3CD6DB30B9BB4A7D8505BAA3B,131
C:\Users\Administrator\AppData\Local\DuckStation\savestates\HASH-E61396D5DD7B597B_3.sav,other_or_unknown,,0,4,bank_helper,0x80193B44,0x80193BC4,128,1,1,38723A2E5E8A17AA7950DC008209944E898F69A7BD10A23C839D341E935FD5CA,0
C:\Users\Administrator\AppData\Local\DuckStation\savestates\HASH-E61396D5DD7B597B_3.sav,other_or_unknown,,0,4,wrapper_candidate,0x801A2074,0x801A2304,656,1,1,E06E79CDFEDFC6D6107B945613E65B2DE3A209E40115B9B00AB048D2B91CD7D5,0
C:\Users\Administrator\AppData\Local\DuckStation\savestates\HASH-E61396D5DD7B597B_3.sav,other_or_unknown,,0,4,ui_or_coord_table,0x801A7460,0x801A7860,1024,1,0,5F70BF18A086007016E948B04AED3B82103A36BEA41755B6CDDFAF10ACE3C6EF,0
C:\Users\Administrator\AppData\Local\DuckStation\savestates\HASH-E61396D5DD7B597B_4.sav,other_or_unknown,,0,4,e2_or_wrapper,0x8018FCD0,0x8018FDC5,245,0,0,4816801FC4700CE9FAE1D2E6537F553ACE63B6B3CD6DB30B9BB4A7D8505BAA3B,131
C:\Users\Administrator\AppData\Local\DuckStation\savestates\HASH-E61396D5DD7B597B_4.sav,other_or_unknown,,0,4,bank_helper,0x80193B44,0x80193BC4,128,1,1,38723A2E5E8A17AA7950DC008209944E898F69A7BD10A23C839D341E935FD5CA,0
C:\Users\Administrator\AppData\Local\DuckStation\savestates\HASH-E61396D5DD7B597B_4.sav,other_or_unknown,,0,4,wrapper_candidate,0x801A2074,0x801A2304,656,1,1,E06E79CDFEDFC6D6107B945613E65B2DE3A209E40115B9B00AB048D2B91CD7D5,0
C:\Users\Administrator\AppData\Local\DuckStation\savestates\HASH-E61396D5DD7B597B_4.sav,other_or_unknown,,0,4,ui_or_coord_table,0x801A7460,0x801A7860,1024,1,0,5F70BF18A086007016E948B04AED3B82103A36BEA41755B6CDDFAF10ACE3C6EF,0
C:\Users\Administrator\AppData\Local\DuckStation\savestates\HASH-E61396D5DD7B597B_5.sav,other_or_unknown,,0,4,e2_or_wrapper,0x8018FCD0,0x8018FDC5,245,0,0,4816801FC4700CE9FAE1D2E6537F553ACE63B6B3CD6DB30B9BB4A7D8505BAA3B,131
C:\Users\Administrator\AppData\Local\DuckStation\savestates\HASH-E61396D5DD7B597B_5.sav,other_or_unknown,,0,4,bank_helper,0x80193B44,0x80193BC4,128,1,1,38723A2E5E8A17AA7950DC008209944E898F69A7BD10A23C839D341E935FD5CA,0
C:\Users\Administrator\AppData\Local\DuckStation\savestates\HASH-E61396D5DD7B597B_5.sav,other_or_unknown,,0,4,wrapper_candidate,0x801A2074,0x801A2304,656,1,1,E06E79CDFEDFC6D6107B945613E65B2DE3A209E40115B9B00AB048D2B91CD7D5,0
C:\Users\Administrator\AppData\Local\DuckStation\savestates\HASH-E61396D5DD7B597B_5.sav,other_or_unknown,,0,4,ui_or_coord_table,0x801A7460,0x801A7860,1024,1,0,5F70BF18A086007016E948B04AED3B82103A36BEA41755B6CDDFAF10ACE3C6EF,0
C:\Users\Administrator\AppData\Local\DuckStation\savestates\HASH-E61396D5DD7B597B_6.sav,other_or_unknown,,0,4,e2_or_wrapper,0x8018FCD0,0x8018FDC5,245,0,0,4816801FC4700CE9FAE1D2E6537F553ACE63B6B3CD6DB30B9BB4A7D8505BAA3B,131
C:\Users\Administrator\AppData\Local\DuckStation\savestates\HASH-E61396D5DD7B597B_6.sav,other_or_unknown,,0,4,bank_helper,0x80193B44,0x80193BC4,128,1,1,38723A2E5E8A17AA7950DC008209944E898F69A7BD10A23C839D341E935FD5CA,0
C:\Users\Administrator\AppData\Local\DuckStation\savestates\HASH-E61396D5DD7B597B_6.sav,other_or_unknown,,0,4,wrapper_candidate,0x801A2074,0x801A2304,656,1,1,E06E79CDFEDFC6D6107B945613E65B2DE3A209E40115B9B00AB048D2B91CD7D5,0
C:\Users\Administrator\AppData\Local\DuckStation\savestates\HASH-E61396D5DD7B597B_6.sav,other_or_unknown,,0,4,ui_or_coord_table,0x801A7460,0x801A7860,1024,1,0,5F70BF18A086007016E948B04AED3B82103A36BEA41755B6CDDFAF10ACE3C6EF,0
C:\Users\Administrator\AppData\Local\DuckStation\savestates\HASH-E61396D5DD7B597B_7.sav,other_or_unknown,,0,4,e2_or_wrapper,0x8018FCD0,0x8018FDC5,245,0,0,4816801FC4700CE9FAE1D2E6537F553ACE63B6B3CD6DB30B9BB4A7D8505BAA3B,131
C:\Users\Administrator\AppData\Local\DuckStation\savestates\HASH-E61396D5DD7B597B_7.sav,other_or_unknown,,0,4,bank_helper,0x80193B44,0x80193BC4,128,1,1,38723A2E5E8A17AA7950DC008209944E898F69A7BD10A23C839D341E935FD5CA,0
C:\Users\Administrator\AppData\Local\DuckStation\savestates\HASH-E61396D5DD7B597B_7.sav,other_or_unknown,,0,4,wrapper_candidate,0x801A2074,0x801A2304,656,1,1,E06E79CDFEDFC6D6107B945613E65B2DE3A209E40115B9B00AB048D2B91CD7D5,0
C:\Users\Administrator\AppData\Local\DuckStation\savestates\HASH-E61396D5DD7B597B_7.sav,other_or_unknown,,0,4,ui_or_coord_table,0x801A7460,0x801A7860,1024,1,0,5F70BF18A086007016E948B04AED3B82103A36BEA41755B6CDDFAF10ACE3C6EF,0
C:\Users\Administrator\AppData\Local\DuckStation\savestates\HASH-E61396D5DD7B597B_8.sav,other_or_unknown,,0,4,e2_or_wrapper,0x8018FCD0,0x8018FDC5,245,0,0,4816801FC4700CE9FAE1D2E6537F553ACE63B6B3CD6DB30B9BB4A7D8505BAA3B,131
C:\Users\Administrator\AppData\Local\DuckStation\savestates\HASH-E61396D5DD7B597B_8.sav,other_or_unknown,,0,4,bank_helper,0x80193B44,0x80193BC4,128,1,1,38723A2E5E8A17AA7950DC008209944E898F69A7BD10A23C839D341E935FD5CA,0
C:\Users\Administrator\AppData\Local\DuckStation\savestates\HASH-E61396D5DD7B597B_8.sav,other_or_unknown,,0,4,wrapper_candidate,0x801A2074,0x801A2304,656,1,1,E06E79CDFEDFC6D6107B945613E65B2DE3A209E40115B9B00AB048D2B91CD7D5,0
C:\Users\Administrator\AppData\Local\DuckStation\savestates\HASH-E61396D5DD7B597B_8.sav,other_or_unknown,,0,4,ui_or_coord_table,0x801A7460,0x801A7860,1024,1,0,5F70BF18A086007016E948B04AED3B82103A36BEA41755B6CDDFAF10ACE3C6EF,0
C:\Users\Administrator\AppData\Local\DuckStation\savestates\HASH-E61396D5DD7B597B_resume.sav,other_or_unknown,,0,4,e2_or_wrapper,0x8018FCD0,0x8018FDC5,245,0,0,4816801FC4700CE9FAE1D2E6537F553ACE63B6B3CD6DB30B9BB4A7D8505BAA3B,131
C:\Users\Administrator\AppData\Local\DuckStation\savestates\HASH-E61396D5DD7B597B_resume.sav,other_or_unknown,,0,4,bank_helper,0x80193B44,0x80193BC4,128,1,1,38723A2E5E8A17AA7950DC008209944E898F69A7BD10A23C839D341E935FD5CA,0
C:\Users\Administrator\AppData\Local\DuckStation\savestates\HASH-E61396D5DD7B597B_resume.sav,other_or_unknown,,0,4,wrapper_candidate,0x801A2074,0x801A2304,656,1,1,E06E79CDFEDFC6D6107B945613E65B2DE3A209E40115B9B00AB048D2B91CD7D5,0
C:\Users\Administrator\AppData\Local\DuckStation\savestates\HASH-E61396D5DD7B597B_resume.sav,other_or_unknown,,0,4,ui_or_coord_table,0x801A7460,0x801A7860,1024,1,0,5F70BF18A086007016E948B04AED3B82103A36BEA41755B6CDDFAF10ACE3C6EF,0
C:\Users\Administrator\AppData\Local\DuckStation\savestates\HASH-E7364CF79EDD019F_1.sav,other_or_unknown,,0,4,e2_or_wrapper,0x8018FCD0,0x8018FDC5,245,0,0,4816801FC4700CE9FAE1D2E6537F553ACE63B6B3CD6DB30B9BB4A7D8505BAA3B,131
C:\Users\Administrator\AppData\Local\DuckStation\savestates\HASH-E7364CF79EDD019F_1.sav,other_or_unknown,,0,4,bank_helper,0x80193B44,0x80193BC4,128,1,1,38723A2E5E8A17AA7950DC008209944E898F69A7BD10A23C839D341E935FD5CA,0
C:\Users\Administrator\AppData\Local\DuckStation\savestates\HASH-E7364CF79EDD019F_1.sav,other_or_unknown,,0,4,wrapper_candidate,0x801A2074,0x801A2304,656,0,0,1E15736151818F3704604741CFF14ED779E87B7A954A9251A29F3DF5D5FFE76D,414
C:\Users\Administrator\AppData\Local\DuckStation\savestates\HASH-E7364CF79EDD019F_1.sav,other_or_unknown,,0,4,ui_or_coord_table,0x801A7460,0x801A7860,1024,0,0,5E0A5269C4200CAB198436A0E31290031B795805D8668A2C643597580AB0FD97,902
C:\Users\Administrator\AppData\Local\DuckStation\savestates\HASH-E7364CF79EDD019F_resume.sav,other_or_unknown,,0,4,e2_or_wrapper,0x8018FCD0,0x8018FDC5,245,0,0,4816801FC4700CE9FAE1D2E6537F553ACE63B6B3CD6DB30B9BB4A7D8505BAA3B,131
C:\Users\Administrator\AppData\Local\DuckStation\savestates\HASH-E7364CF79EDD019F_resume.sav,other_or_unknown,,0,4,bank_helper,0x80193B44,0x80193BC4,128,1,1,38723A2E5E8A17AA7950DC008209944E898F69A7BD10A23C839D341E935FD5CA,0
C:\Users\Administrator\AppData\Local\DuckStation\savestates\HASH-E7364CF79EDD019F_resume.sav,other_or_unknown,,0,4,wrapper_candidate,0x801A2074,0x801A2304,656,0,0,1E15736151818F3704604741CFF14ED779E87B7A954A9251A29F3DF5D5FFE76D,414
C:\Users\Administrator\AppData\Local\DuckStation\savestates\HASH-E7364CF79EDD019F_resume.sav,other_or_unknown,,0,4,ui_or_coord_table,0x801A7460,0x801A7860,1024,0,0,5E0A5269C4200CAB198436A0E31290031B795805D8668A2C643597580AB0FD97,902
C:\Users\Administrator\AppData\Local\DuckStation\savestates\HASH-E7AB47E37AEB2C59_resume.sav,other_or_unknown,,0,4,e2_or_wrapper,0x8018FCD0,0x8018FDC5,245,0,0,4816801FC4700CE9FAE1D2E6537F553ACE63B6B3CD6DB30B9BB4A7D8505BAA3B,131
C:\Users\Administrator\AppData\Local\DuckStation\savestates\HASH-E7AB47E37AEB2C59_resume.sav,other_or_unknown,,0,4,bank_helper,0x80193B44,0x80193BC4,128,1,1,38723A2E5E8A17AA7950DC008209944E898F69A7BD10A23C839D341E935FD5CA,0
C:\Users\Administrator\AppData\Local\DuckStation\savestates\HASH-E7AB47E37AEB2C59_resume.sav,other_or_unknown,,0,4,wrapper_candidate,0x801A2074,0x801A2304,656,0,0,EA8100A258DEBE8CE504716BA0ECE557266B58A45A356D95310879762E9AD4AD,421
C:\Users\Administrator\AppData\Local\DuckStation\savestates\HASH-E7AB47E37AEB2C59_resume.sav,other_or_unknown,,0,4,ui_or_coord_table,0x801A7460,0x801A7860,1024,0,0,CE73FEA3FB08FA917B82A4F26978B3CBA1D1E4F642A11C6806D3D9234BDAE14B,820
C:\Users\Administrator\AppData\Local\DuckStation\savestates\HASH-E831AF9678AFD0B0_1.sav,other_or_unknown,,0,4,e2_or_wrapper,0x8018FCD0,0x8018FDC5,245,1,0,02D8F3F83865737E056CCDF3D1BF8DCD4D3B68CE8CB63F3663F092AFA6174958,0
C:\Users\Administrator\AppData\Local\DuckStation\savestates\HASH-E831AF9678AFD0B0_1.sav,other_or_unknown,,0,4,bank_helper,0x80193B44,0x80193BC4,128,1,1,38723A2E5E8A17AA7950DC008209944E898F69A7BD10A23C839D341E935FD5CA,0
C:\Users\Administrator\AppData\Local\DuckStation\savestates\HASH-E831AF9678AFD0B0_1.sav,other_or_unknown,,0,4,wrapper_candidate,0x801A2074,0x801A2304,656,1,1,E06E79CDFEDFC6D6107B945613E65B2DE3A209E40115B9B00AB048D2B91CD7D5,0
C:\Users\Administrator\AppData\Local\DuckStation\savestates\HASH-E831AF9678AFD0B0_1.sav,other_or_unknown,,0,4,ui_or_coord_table,0x801A7460,0x801A7860,1024,1,0,5F70BF18A086007016E948B04AED3B82103A36BEA41755B6CDDFAF10ACE3C6EF,0
C:\Users\Administrator\AppData\Local\DuckStation\savestates\HASH-E8C8C4E642CBDB4D_1.sav,other_or_unknown,,0,4,e2_or_wrapper,0x8018FCD0,0x8018FDC5,245,0,0,4816801FC4700CE9FAE1D2E6537F553ACE63B6B3CD6DB30B9BB4A7D8505BAA3B,131
C:\Users\Administrator\AppData\Local\DuckStation\savestates\HASH-E8C8C4E642CBDB4D_1.sav,other_or_unknown,,0,4,bank_helper,0x80193B44,0x80193BC4,128,1,1,38723A2E5E8A17AA7950DC008209944E898F69A7BD10A23C839D341E935FD5CA,0
C:\Users\Administrator\AppData\Local\DuckStation\savestates\HASH-E8C8C4E642CBDB4D_1.sav,other_or_unknown,,0,4,wrapper_candidate,0x801A2074,0x801A2304,656,1,1,E06E79CDFEDFC6D6107B945613E65B2DE3A209E40115B9B00AB048D2B91CD7D5,0
C:\Users\Administrator\AppData\Local\DuckStation\savestates\HASH-E8C8C4E642CBDB4D_1.sav,other_or_unknown,,0,4,ui_or_coord_table,0x801A7460,0x801A7860,1024,0,0,426E9DDCC33664FAE1E5A48AD8C10328E56E686647E5E675A44C9643701EFEC2,932
C:\Users\Administrator\AppData\Local\DuckStation\savestates\HASH-E8C8C4E642CBDB4D_resume.sav,other_or_unknown,,0,4,e2_or_wrapper,0x8018FCD0,0x8018FDC5,245,0,0,4816801FC4700CE9FAE1D2E6537F553ACE63B6B3CD6DB30B9BB4A7D8505BAA3B,131
C:\Users\Administrator\AppData\Local\DuckStation\savestates\HASH-E8C8C4E642CBDB4D_resume.sav,other_or_unknown,,0,4,bank_helper,0x80193B44,0x80193BC4,128,1,1,38723A2E5E8A17AA7950DC008209944E898F69A7BD10A23C839D341E935FD5CA,0
C:\Users\Administrator\AppData\Local\DuckStation\savestates\HASH-E8C8C4E642CBDB4D_resume.sav,other_or_unknown,,0,4,wrapper_candidate,0x801A2074,0x801A2304,656,1,1,E06E79CDFEDFC6D6107B945613E65B2DE3A209E40115B9B00AB048D2B91CD7D5,0
C:\Users\Administrator\AppData\Local\DuckStation\savestates\HASH-E8C8C4E642CBDB4D_resume.sav,other_or_unknown,,0,4,ui_or_coord_table,0x801A7460,0x801A7860,1024,0,0,426E9DDCC33664FAE1E5A48AD8C10328E56E686647E5E675A44C9643701EFEC2,932
C:\Users\Administrator\AppData\Local\DuckStation\savestates\HASH-EA05C669DD77B689_resume.sav,other_or_unknown,,0,4,e2_or_wrapper,0x8018FCD0,0x8018FDC5,245,0,0,2B45F50EAFEF577177C38CE0F0CC9CE4C7DB44D8A03BD2F5EEEF1E79BE4BA7A9,155
C:\Users\Administrator\AppData\Local\DuckStation\savestates\HASH-EA05C669DD77B689_resume.sav,other_or_unknown,,0,4,bank_helper,0x80193B44,0x80193BC4,128,0,0,1325BD632219655F1DE53476DA39D0764F5338D0E77DB1A1DD67897C84DCE31C,34
C:\Users\Administrator\AppData\Local\DuckStation\savestates\HASH-EA05C669DD77B689_resume.sav,other_or_unknown,,0,4,wrapper_candidate,0x801A2074,0x801A2304,656,1,1,E06E79CDFEDFC6D6107B945613E65B2DE3A209E40115B9B00AB048D2B91CD7D5,0
C:\Users\Administrator\AppData\Local\DuckStation\savestates\HASH-EA05C669DD77B689_resume.sav,other_or_unknown,,0,4,ui_or_coord_table,0x801A7460,0x801A7860,1024,1,0,5F70BF18A086007016E948B04AED3B82103A36BEA41755B6CDDFAF10ACE3C6EF,0
C:\Users\Administrator\AppData\Local\DuckStation\savestates\HASH-EB6915FE435E3501_1.sav,other_or_unknown,,0,4,e2_or_wrapper,0x8018FCD0,0x8018FDC5,245,0,0,4816801FC4700CE9FAE1D2E6537F553ACE63B6B3CD6DB30B9BB4A7D8505BAA3B,131
C:\Users\Administrator\AppData\Local\DuckStation\savestates\HASH-EB6915FE435E3501_1.sav,other_or_unknown,,0,4,bank_helper,0x80193B44,0x80193BC4,128,0,0,B52E175EB6F9441D32F8D8D886529B250143E493A207C4F03C54C9E1C96D78A4,100
C:\Users\Administrator\AppData\Local\DuckStation\savestates\HASH-EB6915FE435E3501_1.sav,other_or_unknown,,0,4,wrapper_candidate,0x801A2074,0x801A2304,656,0,0,1E15736151818F3704604741CFF14ED779E87B7A954A9251A29F3DF5D5FFE76D,414
C:\Users\Administrator\AppData\Local\DuckStation\savestates\HASH-EB6915FE435E3501_1.sav,other_or_unknown,,0,4,ui_or_coord_table,0x801A7460,0x801A7860,1024,0,0,7A56DABFAC185758C37F88C94734B3338CA1DE8F7B7B4EC178D64907759E9893,904
C:\Users\Administrator\AppData\Local\DuckStation\savestates\HASH-EB6915FE435E3501_resume.sav,other_or_unknown,,0,4,e2_or_wrapper,0x8018FCD0,0x8018FDC5,245,0,0,4816801FC4700CE9FAE1D2E6537F553ACE63B6B3CD6DB30B9BB4A7D8505BAA3B,131
C:\Users\Administrator\AppData\Local\DuckStation\savestates\HASH-EB6915FE435E3501_resume.sav,other_or_unknown,,0,4,bank_helper,0x80193B44,0x80193BC4,128,0,0,B52E175EB6F9441D32F8D8D886529B250143E493A207C4F03C54C9E1C96D78A4,100
C:\Users\Administrator\AppData\Local\DuckStation\savestates\HASH-EB6915FE435E3501_resume.sav,other_or_unknown,,0,4,wrapper_candidate,0x801A2074,0x801A2304,656,0,0,1E15736151818F3704604741CFF14ED779E87B7A954A9251A29F3DF5D5FFE76D,414
C:\Users\Administrator\AppData\Local\DuckStation\savestates\HASH-EB6915FE435E3501_resume.sav,other_or_unknown,,0,4,ui_or_coord_table,0x801A7460,0x801A7860,1024,0,0,7A56DABFAC185758C37F88C94734B3338CA1DE8F7B7B4EC178D64907759E9893,904
C:\Users\Administrator\AppData\Local\DuckStation\savestates\HASH-EB7336F0BCB56D30_resume.sav,other_or_unknown,,0,4,e2_or_wrapper,0x8018FCD0,0x8018FDC5,245,0,0,4816801FC4700CE9FAE1D2E6537F553ACE63B6B3CD6DB30B9BB4A7D8505BAA3B,131
C:\Users\Administrator\AppData\Local\DuckStation\savestates\HASH-EB7336F0BCB56D30_resume.sav,other_or_unknown,,0,4,bank_helper,0x80193B44,0x80193BC4,128,1,1,38723A2E5E8A17AA7950DC008209944E898F69A7BD10A23C839D341E935FD5CA,0
C:\Users\Administrator\AppData\Local\DuckStation\savestates\HASH-EB7336F0BCB56D30_resume.sav,other_or_unknown,,0,4,wrapper_candidate,0x801A2074,0x801A2304,656,1,1,E06E79CDFEDFC6D6107B945613E65B2DE3A209E40115B9B00AB048D2B91CD7D5,0
C:\Users\Administrator\AppData\Local\DuckStation\savestates\HASH-EB7336F0BCB56D30_resume.sav,other_or_unknown,,0,4,ui_or_coord_table,0x801A7460,0x801A7860,1024,0,0,15BA54950B33EAFCA7D3B9A0693AB182E36B43C9DF68B5194E69137EAFDD92F7,934
C:\Users\Administrator\AppData\Local\DuckStation\savestates\HASH-ECF8E0818BA57C90_resume.sav,other_or_unknown,,0,4,e2_or_wrapper,0x8018FCD0,0x8018FDC5,245,1,0,02D8F3F83865737E056CCDF3D1BF8DCD4D3B68CE8CB63F3663F092AFA6174958,0
C:\Users\Administrator\AppData\Local\DuckStation\savestates\HASH-ECF8E0818BA57C90_resume.sav,other_or_unknown,,0,4,bank_helper,0x80193B44,0x80193BC4,128,1,1,38723A2E5E8A17AA7950DC008209944E898F69A7BD10A23C839D341E935FD5CA,0
C:\Users\Administrator\AppData\Local\DuckStation\savestates\HASH-ECF8E0818BA57C90_resume.sav,other_or_unknown,,0,4,wrapper_candidate,0x801A2074,0x801A2304,656,1,1,E06E79CDFEDFC6D6107B945613E65B2DE3A209E40115B9B00AB048D2B91CD7D5,0
C:\Users\Administrator\AppData\Local\DuckStation\savestates\HASH-ECF8E0818BA57C90_resume.sav,other_or_unknown,,0,4,ui_or_coord_table,0x801A7460,0x801A7860,1024,0,0,CB9586ADA508B33539F2622F6EBD88E1E413B4990DC9650DA71C3B4EBCE503C3,149
C:\Users\Administrator\AppData\Local\DuckStation\savestates\HASH-ED102BDF40D4529_resume.sav,other_or_unknown,,0,4,e2_or_wrapper,0x8018FCD0,0x8018FDC5,245,0,0,4816801FC4700CE9FAE1D2E6537F553ACE63B6B3CD6DB30B9BB4A7D8505BAA3B,131
C:\Users\Administrator\AppData\Local\DuckStation\savestates\HASH-ED102BDF40D4529_resume.sav,other_or_unknown,,0,4,bank_helper,0x80193B44,0x80193BC4,128,1,1,38723A2E5E8A17AA7950DC008209944E898F69A7BD10A23C839D341E935FD5CA,0
C:\Users\Administrator\AppData\Local\DuckStation\savestates\HASH-ED102BDF40D4529_resume.sav,other_or_unknown,,0,4,wrapper_candidate,0x801A2074,0x801A2304,656,0,0,15AE9631F997B853BA682F5E9D1CEE16A9845083B2F71534C3277A012BEA63B6,415
C:\Users\Administrator\AppData\Local\DuckStation\savestates\HASH-ED102BDF40D4529_resume.sav,other_or_unknown,,0,4,ui_or_coord_table,0x801A7460,0x801A7860,1024,0,0,B1FC1032320CF8CDFCEB0C80F4F47C4DECF03A30E00A52A6D3D364F6105275B4,932
C:\Users\Administrator\AppData\Local\DuckStation\savestates\HASH-F426FCFED7706537_resume.sav,other_or_unknown,,0,4,e2_or_wrapper,0x8018FCD0,0x8018FDC5,245,0,0,4816801FC4700CE9FAE1D2E6537F553ACE63B6B3CD6DB30B9BB4A7D8505BAA3B,131
C:\Users\Administrator\AppData\Local\DuckStation\savestates\HASH-F426FCFED7706537_resume.sav,other_or_unknown,,0,4,bank_helper,0x80193B44,0x80193BC4,128,1,1,38723A2E5E8A17AA7950DC008209944E898F69A7BD10A23C839D341E935FD5CA,0
C:\Users\Administrator\AppData\Local\DuckStation\savestates\HASH-F426FCFED7706537_resume.sav,other_or_unknown,,0,4,wrapper_candidate,0x801A2074,0x801A2304,656,0,0,EA8100A258DEBE8CE504716BA0ECE557266B58A45A356D95310879762E9AD4AD,421
C:\Users\Administrator\AppData\Local\DuckStation\savestates\HASH-F426FCFED7706537_resume.sav,other_or_unknown,,0,4,ui_or_coord_table,0x801A7460,0x801A7860,1024,0,0,54F516CCF75B9BFC66404945F46AE4298FAAB5A32C95656A75C99A893ED0F9ED,932
C:\Users\Administrator\AppData\Local\DuckStation\savestates\HASH-F77B93444B57A83E_resume.sav,other_or_unknown,,0,4,e2_or_wrapper,0x8018FCD0,0x8018FDC5,245,0,0,4816801FC4700CE9FAE1D2E6537F553ACE63B6B3CD6DB30B9BB4A7D8505BAA3B,131
C:\Users\Administrator\AppData\Local\DuckStation\savestates\HASH-F77B93444B57A83E_resume.sav,other_or_unknown,,0,4,bank_helper,0x80193B44,0x80193BC4,128,1,1,38723A2E5E8A17AA7950DC008209944E898F69A7BD10A23C839D341E935FD5CA,0
C:\Users\Administrator\AppData\Local\DuckStation\savestates\HASH-F77B93444B57A83E_resume.sav,other_or_unknown,,0,4,wrapper_candidate,0x801A2074,0x801A2304,656,0,0,EA8100A258DEBE8CE504716BA0ECE557266B58A45A356D95310879762E9AD4AD,421
C:\Users\Administrator\AppData\Local\DuckStation\savestates\HASH-F77B93444B57A83E_resume.sav,other_or_unknown,,0,4,ui_or_coord_table,0x801A7460,0x801A7860,1024,0,0,CE73FEA3FB08FA917B82A4F26978B3CBA1D1E4F642A11C6806D3D9234BDAE14B,820
C:\Users\Administrator\AppData\Local\DuckStation\savestates\HASH-F87C5DE24FF2F66F_1.sav,other_or_unknown,,0,4,e2_or_wrapper,0x8018FCD0,0x8018FDC5,245,0,0,4816801FC4700CE9FAE1D2E6537F553ACE63B6B3CD6DB30B9BB4A7D8505BAA3B,131
C:\Users\Administrator\AppData\Local\DuckStation\savestates\HASH-F87C5DE24FF2F66F_1.sav,other_or_unknown,,0,4,bank_helper,0x80193B44,0x80193BC4,128,1,1,38723A2E5E8A17AA7950DC008209944E898F69A7BD10A23C839D341E935FD5CA,0
C:\Users\Administrator\AppData\Local\DuckStation\savestates\HASH-F87C5DE24FF2F66F_1.sav,other_or_unknown,,0,4,wrapper_candidate,0x801A2074,0x801A2304,656,1,1,E06E79CDFEDFC6D6107B945613E65B2DE3A209E40115B9B00AB048D2B91CD7D5,0
C:\Users\Administrator\AppData\Local\DuckStation\savestates\HASH-F87C5DE24FF2F66F_1.sav,other_or_unknown,,0,4,ui_or_coord_table,0x801A7460,0x801A7860,1024,0,0,15BA54950B33EAFCA7D3B9A0693AB182E36B43C9DF68B5194E69137EAFDD92F7,934
C:\Users\Administrator\AppData\Local\DuckStation\savestates\HASH-F87C5DE24FF2F66F_resume.sav,other_or_unknown,,0,4,e2_or_wrapper,0x8018FCD0,0x8018FDC5,245,0,0,4816801FC4700CE9FAE1D2E6537F553ACE63B6B3CD6DB30B9BB4A7D8505BAA3B,131
C:\Users\Administrator\AppData\Local\DuckStation\savestates\HASH-F87C5DE24FF2F66F_resume.sav,other_or_unknown,,0,4,bank_helper,0x80193B44,0x80193BC4,128,1,1,38723A2E5E8A17AA7950DC008209944E898F69A7BD10A23C839D341E935FD5CA,0
C:\Users\Administrator\AppData\Local\DuckStation\savestates\HASH-F87C5DE24FF2F66F_resume.sav,other_or_unknown,,0,4,wrapper_candidate,0x801A2074,0x801A2304,656,1,1,E06E79CDFEDFC6D6107B945613E65B2DE3A209E40115B9B00AB048D2B91CD7D5,0
C:\Users\Administrator\AppData\Local\DuckStation\savestates\HASH-F87C5DE24FF2F66F_resume.sav,other_or_unknown,,0,4,ui_or_coord_table,0x801A7460,0x801A7860,1024,0,0,15BA54950B33EAFCA7D3B9A0693AB182E36B43C9DF68B5194E69137EAFDD92F7,934
C:\Users\Administrator\AppData\Local\DuckStation\savestates\HASH-FAFC77B9D472EFCF_1.sav,other_or_unknown,,0,4,e2_or_wrapper,0x8018FCD0,0x8018FDC5,245,0,0,4816801FC4700CE9FAE1D2E6537F553ACE63B6B3CD6DB30B9BB4A7D8505BAA3B,131
C:\Users\Administrator\AppData\Local\DuckStation\savestates\HASH-FAFC77B9D472EFCF_1.sav,other_or_unknown,,0,4,bank_helper,0x80193B44,0x80193BC4,128,1,1,38723A2E5E8A17AA7950DC008209944E898F69A7BD10A23C839D341E935FD5CA,0
C:\Users\Administrator\AppData\Local\DuckStation\savestates\HASH-FAFC77B9D472EFCF_1.sav,other_or_unknown,,0,4,wrapper_candidate,0x801A2074,0x801A2304,656,0,0,F3ADA85DC3EBD7F44A719593DE276B48D2422C87E7E38B90FDF30EF6E71CF533,415
C:\Users\Administrator\AppData\Local\DuckStation\savestates\HASH-FAFC77B9D472EFCF_1.sav,other_or_unknown,,0,4,ui_or_coord_table,0x801A7460,0x801A7860,1024,0,0,B1FC1032320CF8CDFCEB0C80F4F47C4DECF03A30E00A52A6D3D364F6105275B4,932
C:\Users\Administrator\AppData\Local\DuckStation\savestates\HASH-FAFC77B9D472EFCF_resume.sav,other_or_unknown,,0,4,e2_or_wrapper,0x8018FCD0,0x8018FDC5,245,0,0,4816801FC4700CE9FAE1D2E6537F553ACE63B6B3CD6DB30B9BB4A7D8505BAA3B,131
C:\Users\Administrator\AppData\Local\DuckStation\savestates\HASH-FAFC77B9D472EFCF_resume.sav,other_or_unknown,,0,4,bank_helper,0x80193B44,0x80193BC4,128,1,1,38723A2E5E8A17AA7950DC008209944E898F69A7BD10A23C839D341E935FD5CA,0
C:\Users\Administrator\AppData\Local\DuckStation\savestates\HASH-FAFC77B9D472EFCF_resume.sav,other_or_unknown,,0,4,wrapper_candidate,0x801A2074,0x801A2304,656,0,0,F3ADA85DC3EBD7F44A719593DE276B48D2422C87E7E38B90FDF30EF6E71CF533,415
C:\Users\Administrator\AppData\Local\DuckStation\savestates\HASH-FAFC77B9D472EFCF_resume.sav,other_or_unknown,,0,4,ui_or_coord_table,0x801A7460,0x801A7860,1024,0,0,B1FC1032320CF8CDFCEB0C80F4F47C4DECF03A30E00A52A6D3D364F6105275B4,932
C:\Users\Administrator\AppData\Local\DuckStation\savestates\HASH-FC646A7DC8ED5EF_1.sav,other_or_unknown,,0,4,e2_or_wrapper,0x8018FCD0,0x8018FDC5,245,0,0,4816801FC4700CE9FAE1D2E6537F553ACE63B6B3CD6DB30B9BB4A7D8505BAA3B,131
C:\Users\Administrator\AppData\Local\DuckStation\savestates\HASH-FC646A7DC8ED5EF_1.sav,other_or_unknown,,0,4,bank_helper,0x80193B44,0x80193BC4,128,1,1,38723A2E5E8A17AA7950DC008209944E898F69A7BD10A23C839D341E935FD5CA,0
C:\Users\Administrator\AppData\Local\DuckStation\savestates\HASH-FC646A7DC8ED5EF_1.sav,other_or_unknown,,0,4,wrapper_candidate,0x801A2074,0x801A2304,656,1,1,E06E79CDFEDFC6D6107B945613E65B2DE3A209E40115B9B00AB048D2B91CD7D5,0
C:\Users\Administrator\AppData\Local\DuckStation\savestates\HASH-FC646A7DC8ED5EF_1.sav,other_or_unknown,,0,4,ui_or_coord_table,0x801A7460,0x801A7860,1024,1,0,5F70BF18A086007016E948B04AED3B82103A36BEA41755B6CDDFAF10ACE3C6EF,0
C:\Users\Administrator\AppData\Local\DuckStation\savestates\HASH-FC646A7DC8ED5EF_2.sav,other_or_unknown,,0,4,e2_or_wrapper,0x8018FCD0,0x8018FDC5,245,0,0,4816801FC4700CE9FAE1D2E6537F553ACE63B6B3CD6DB30B9BB4A7D8505BAA3B,131
C:\Users\Administrator\AppData\Local\DuckStation\savestates\HASH-FC646A7DC8ED5EF_2.sav,other_or_unknown,,0,4,bank_helper,0x80193B44,0x80193BC4,128,1,1,38723A2E5E8A17AA7950DC008209944E898F69A7BD10A23C839D341E935FD5CA,0
C:\Users\Administrator\AppData\Local\DuckStation\savestates\HASH-FC646A7DC8ED5EF_2.sav,other_or_unknown,,0,4,wrapper_candidate,0x801A2074,0x801A2304,656,1,1,E06E79CDFEDFC6D6107B945613E65B2DE3A209E40115B9B00AB048D2B91CD7D5,0
C:\Users\Administrator\AppData\Local\DuckStation\savestates\HASH-FC646A7DC8ED5EF_2.sav,other_or_unknown,,0,4,ui_or_coord_table,0x801A7460,0x801A7860,1024,1,0,5F70BF18A086007016E948B04AED3B82103A36BEA41755B6CDDFAF10ACE3C6EF,0
C:\Users\Administrator\AppData\Local\DuckStation\savestates\HASH-FC78BB70A362C359_1.sav,other_or_unknown,,0,4,e2_or_wrapper,0x8018FCD0,0x8018FDC5,245,0,0,4816801FC4700CE9FAE1D2E6537F553ACE63B6B3CD6DB30B9BB4A7D8505BAA3B,131
C:\Users\Administrator\AppData\Local\DuckStation\savestates\HASH-FC78BB70A362C359_1.sav,other_or_unknown,,0,4,bank_helper,0x80193B44,0x80193BC4,128,1,1,38723A2E5E8A17AA7950DC008209944E898F69A7BD10A23C839D341E935FD5CA,0
C:\Users\Administrator\AppData\Local\DuckStation\savestates\HASH-FC78BB70A362C359_1.sav,other_or_unknown,,0,4,wrapper_candidate,0x801A2074,0x801A2304,656,0,0,1E15736151818F3704604741CFF14ED779E87B7A954A9251A29F3DF5D5FFE76D,414
C:\Users\Administrator\AppData\Local\DuckStation\savestates\HASH-FC78BB70A362C359_1.sav,other_or_unknown,,0,4,ui_or_coord_table,0x801A7460,0x801A7860,1024,0,0,5E0A5269C4200CAB198436A0E31290031B795805D8668A2C643597580AB0FD97,902
C:\Users\Administrator\AppData\Local\DuckStation\savestates\HASH-FC78BB70A362C359_2.sav,other_or_unknown,,0,4,e2_or_wrapper,0x8018FCD0,0x8018FDC5,245,0,0,4816801FC4700CE9FAE1D2E6537F553ACE63B6B3CD6DB30B9BB4A7D8505BAA3B,131
C:\Users\Administrator\AppData\Local\DuckStation\savestates\HASH-FC78BB70A362C359_2.sav,other_or_unknown,,0,4,bank_helper,0x80193B44,0x80193BC4,128,1,1,38723A2E5E8A17AA7950DC008209944E898F69A7BD10A23C839D341E935FD5CA,0
C:\Users\Administrator\AppData\Local\DuckStation\savestates\HASH-FC78BB70A362C359_2.sav,other_or_unknown,,0,4,wrapper_candidate,0x801A2074,0x801A2304,656,0,0,1E15736151818F3704604741CFF14ED779E87B7A954A9251A29F3DF5D5FFE76D,414
C:\Users\Administrator\AppData\Local\DuckStation\savestates\HASH-FC78BB70A362C359_2.sav,other_or_unknown,,0,4,ui_or_coord_table,0x801A7460,0x801A7860,1024,0,0,5E0A5269C4200CAB198436A0E31290031B795805D8668A2C643597580AB0FD97,902
C:\Users\Administrator\AppData\Local\DuckStation\savestates\HASH-FC78BB70A362C359_3.sav,other_or_unknown,,0,4,e2_or_wrapper,0x8018FCD0,0x8018FDC5,245,0,0,4816801FC4700CE9FAE1D2E6537F553ACE63B6B3CD6DB30B9BB4A7D8505BAA3B,131
C:\Users\Administrator\AppData\Local\DuckStation\savestates\HASH-FC78BB70A362C359_3.sav,other_or_unknown,,0,4,bank_helper,0x80193B44,0x80193BC4,128,1,1,38723A2E5E8A17AA7950DC008209944E898F69A7BD10A23C839D341E935FD5CA,0
C:\Users\Administrator\AppData\Local\DuckStation\savestates\HASH-FC78BB70A362C359_3.sav,other_or_unknown,,0,4,wrapper_candidate,0x801A2074,0x801A2304,656,0,0,1E15736151818F3704604741CFF14ED779E87B7A954A9251A29F3DF5D5FFE76D,414
C:\Users\Administrator\AppData\Local\DuckStation\savestates\HASH-FC78BB70A362C359_3.sav,other_or_unknown,,0,4,ui_or_coord_table,0x801A7460,0x801A7860,1024,0,0,5E0A5269C4200CAB198436A0E31290031B795805D8668A2C643597580AB0FD97,902
C:\Users\Administrator\AppData\Local\DuckStation\savestates\HASH-FC78BB70A362C359_4.sav,other_or_unknown,,0,4,e2_or_wrapper,0x8018FCD0,0x8018FDC5,245,0,0,4816801FC4700CE9FAE1D2E6537F553ACE63B6B3CD6DB30B9BB4A7D8505BAA3B,131
C:\Users\Administrator\AppData\Local\DuckStation\savestates\HASH-FC78BB70A362C359_4.sav,other_or_unknown,,0,4,bank_helper,0x80193B44,0x80193BC4,128,1,1,38723A2E5E8A17AA7950DC008209944E898F69A7BD10A23C839D341E935FD5CA,0
C:\Users\Administrator\AppData\Local\DuckStation\savestates\HASH-FC78BB70A362C359_4.sav,other_or_unknown,,0,4,wrapper_candidate,0x801A2074,0x801A2304,656,0,0,1E15736151818F3704604741CFF14ED779E87B7A954A9251A29F3DF5D5FFE76D,414
C:\Users\Administrator\AppData\Local\DuckStation\savestates\HASH-FC78BB70A362C359_4.sav,other_or_unknown,,0,4,ui_or_coord_table,0x801A7460,0x801A7860,1024,0,0,5E0A5269C4200CAB198436A0E31290031B795805D8668A2C643597580AB0FD97,902
C:\Users\Administrator\AppData\Local\DuckStation\savestates\HASH-FC78BB70A362C359_resume.sav,other_or_unknown,,0,4,e2_or_wrapper,0x8018FCD0,0x8018FDC5,245,0,0,4816801FC4700CE9FAE1D2E6537F553ACE63B6B3CD6DB30B9BB4A7D8505BAA3B,131
C:\Users\Administrator\AppData\Local\DuckStation\savestates\HASH-FC78BB70A362C359_resume.sav,other_or_unknown,,0,4,bank_helper,0x80193B44,0x80193BC4,128,1,1,38723A2E5E8A17AA7950DC008209944E898F69A7BD10A23C839D341E935FD5CA,0
C:\Users\Administrator\AppData\Local\DuckStation\savestates\HASH-FC78BB70A362C359_resume.sav,other_or_unknown,,0,4,wrapper_candidate,0x801A2074,0x801A2304,656,0,0,1E15736151818F3704604741CFF14ED779E87B7A954A9251A29F3DF5D5FFE76D,414
C:\Users\Administrator\AppData\Local\DuckStation\savestates\HASH-FC78BB70A362C359_resume.sav,other_or_unknown,,0,4,ui_or_coord_table,0x801A7460,0x801A7860,1024,0,0,5E0A5269C4200CAB198436A0E31290031B795805D8668A2C643597580AB0FD97,902
C:\Users\Administrator\AppData\Local\DuckStation\savestates\HASH-FD48DA531BA9D8C7_resume.sav,other_or_unknown,,0,4,e2_or_wrapper,0x8018FCD0,0x8018FDC5,245,0,0,4816801FC4700CE9FAE1D2E6537F553ACE63B6B3CD6DB30B9BB4A7D8505BAA3B,131
C:\Users\Administrator\AppData\Local\DuckStation\savestates\HASH-FD48DA531BA9D8C7_resume.sav,other_or_unknown,,0,4,bank_helper,0x80193B44,0x80193BC4,128,1,1,38723A2E5E8A17AA7950DC008209944E898F69A7BD10A23C839D341E935FD5CA,0
C:\Users\Administrator\AppData\Local\DuckStation\savestates\HASH-FD48DA531BA9D8C7_resume.sav,other_or_unknown,,0,4,wrapper_candidate,0x801A2074,0x801A2304,656,0,0,EA8100A258DEBE8CE504716BA0ECE557266B58A45A356D95310879762E9AD4AD,421
C:\Users\Administrator\AppData\Local\DuckStation\savestates\HASH-FD48DA531BA9D8C7_resume.sav,other_or_unknown,,0,4,ui_or_coord_table,0x801A7460,0x801A7860,1024,0,0,F0215EA69C2564FA425F60DA2A3715715C1ED0B7E4B63F5B8C85D4440DB6A491,817
C:\Users\Administrator\AppData\Local\DuckStation\savestates\HASH-FD57765860D7D8B9_1.sav,other_or_unknown,,0,4,e2_or_wrapper,0x8018FCD0,0x8018FDC5,245,0,0,4816801FC4700CE9FAE1D2E6537F553ACE63B6B3CD6DB30B9BB4A7D8505BAA3B,131
C:\Users\Administrator\AppData\Local\DuckStation\savestates\HASH-FD57765860D7D8B9_1.sav,other_or_unknown,,0,4,bank_helper,0x80193B44,0x80193BC4,128,1,1,38723A2E5E8A17AA7950DC008209944E898F69A7BD10A23C839D341E935FD5CA,0
C:\Users\Administrator\AppData\Local\DuckStation\savestates\HASH-FD57765860D7D8B9_1.sav,other_or_unknown,,0,4,wrapper_candidate,0x801A2074,0x801A2304,656,0,0,BE786B5039BD987877E1D41F5A72B3745F29480E14B0856C1896D36F13C24E92,353
C:\Users\Administrator\AppData\Local\DuckStation\savestates\HASH-FD57765860D7D8B9_1.sav,other_or_unknown,,0,4,ui_or_coord_table,0x801A7460,0x801A7860,1024,0,0,426E9DDCC33664FAE1E5A48AD8C10328E56E686647E5E675A44C9643701EFEC2,932
C:\Users\Administrator\AppData\Local\DuckStation\savestates\HASH-FD57765860D7D8B9_resume.sav,other_or_unknown,,0,4,e2_or_wrapper,0x8018FCD0,0x8018FDC5,245,0,0,4816801FC4700CE9FAE1D2E6537F553ACE63B6B3CD6DB30B9BB4A7D8505BAA3B,131
C:\Users\Administrator\AppData\Local\DuckStation\savestates\HASH-FD57765860D7D8B9_resume.sav,other_or_unknown,,0,4,bank_helper,0x80193B44,0x80193BC4,128,1,1,38723A2E5E8A17AA7950DC008209944E898F69A7BD10A23C839D341E935FD5CA,0
C:\Users\Administrator\AppData\Local\DuckStation\savestates\HASH-FD57765860D7D8B9_resume.sav,other_or_unknown,,0,4,wrapper_candidate,0x801A2074,0x801A2304,656,0,0,BE786B5039BD987877E1D41F5A72B3745F29480E14B0856C1896D36F13C24E92,353
C:\Users\Administrator\AppData\Local\DuckStation\savestates\HASH-FD57765860D7D8B9_resume.sav,other_or_unknown,,0,4,ui_or_coord_table,0x801A7460,0x801A7860,1024,0,0,426E9DDCC33664FAE1E5A48AD8C10328E56E686647E5E675A44C9643701EFEC2,932
C:\Users\Administrator\AppData\Local\DuckStation\savestates\HASH-FE27CFD4E73EF39_1.sav,other_or_unknown,,0,4,e2_or_wrapper,0x8018FCD0,0x8018FDC5,245,0,0,4816801FC4700CE9FAE1D2E6537F553ACE63B6B3CD6DB30B9BB4A7D8505BAA3B,131
C:\Users\Administrator\AppData\Local\DuckStation\savestates\HASH-FE27CFD4E73EF39_1.sav,other_or_unknown,,0,4,bank_helper,0x80193B44,0x80193BC4,128,1,1,38723A2E5E8A17AA7950DC008209944E898F69A7BD10A23C839D341E935FD5CA,0
C:\Users\Administrator\AppData\Local\DuckStation\savestates\HASH-FE27CFD4E73EF39_1.sav,other_or_unknown,,0,4,wrapper_candidate,0x801A2074,0x801A2304,656,0,0,2AEADA7A7F292C5C538A488BD30E38DD3403751038B53393C17D24F3AFE36D76,353
C:\Users\Administrator\AppData\Local\DuckStation\savestates\HASH-FE27CFD4E73EF39_1.sav,other_or_unknown,,0,4,ui_or_coord_table,0x801A7460,0x801A7860,1024,0,0,426E9DDCC33664FAE1E5A48AD8C10328E56E686647E5E675A44C9643701EFEC2,932
C:\Users\Administrator\AppData\Local\DuckStation\savestates\HASH-FE27CFD4E73EF39_2.sav,other_or_unknown,,0,4,e2_or_wrapper,0x8018FCD0,0x8018FDC5,245,0,0,4816801FC4700CE9FAE1D2E6537F553ACE63B6B3CD6DB30B9BB4A7D8505BAA3B,131
C:\Users\Administrator\AppData\Local\DuckStation\savestates\HASH-FE27CFD4E73EF39_2.sav,other_or_unknown,,0,4,bank_helper,0x80193B44,0x80193BC4,128,1,1,38723A2E5E8A17AA7950DC008209944E898F69A7BD10A23C839D341E935FD5CA,0
C:\Users\Administrator\AppData\Local\DuckStation\savestates\HASH-FE27CFD4E73EF39_2.sav,other_or_unknown,,0,4,wrapper_candidate,0x801A2074,0x801A2304,656,0,0,2AEADA7A7F292C5C538A488BD30E38DD3403751038B53393C17D24F3AFE36D76,353
C:\Users\Administrator\AppData\Local\DuckStation\savestates\HASH-FE27CFD4E73EF39_2.sav,other_or_unknown,,0,4,ui_or_coord_table,0x801A7460,0x801A7860,1024,0,0,426E9DDCC33664FAE1E5A48AD8C10328E56E686647E5E675A44C9643701EFEC2,932
C:\Users\Administrator\AppData\Local\DuckStation\savestates\HASH-FE27CFD4E73EF39_3.sav,other_or_unknown,,0,4,e2_or_wrapper,0x8018FCD0,0x8018FDC5,245,0,0,4816801FC4700CE9FAE1D2E6537F553ACE63B6B3CD6DB30B9BB4A7D8505BAA3B,131
C:\Users\Administrator\AppData\Local\DuckStation\savestates\HASH-FE27CFD4E73EF39_3.sav,other_or_unknown,,0,4,bank_helper,0x80193B44,0x80193BC4,128,1,1,38723A2E5E8A17AA7950DC008209944E898F69A7BD10A23C839D341E935FD5CA,0
C:\Users\Administrator\AppData\Local\DuckStation\savestates\HASH-FE27CFD4E73EF39_3.sav,other_or_unknown,,0,4,wrapper_candidate,0x801A2074,0x801A2304,656,0,0,2AEADA7A7F292C5C538A488BD30E38DD3403751038B53393C17D24F3AFE36D76,353
C:\Users\Administrator\AppData\Local\DuckStation\savestates\HASH-FE27CFD4E73EF39_3.sav,other_or_unknown,,0,4,ui_or_coord_table,0x801A7460,0x801A7860,1024,0,0,426E9DDCC33664FAE1E5A48AD8C10328E56E686647E5E675A44C9643701EFEC2,932
C:\Users\Administrator\AppData\Local\DuckStation\savestates\HASH-FE27CFD4E73EF39_4.sav,other_or_unknown,,0,4,e2_or_wrapper,0x8018FCD0,0x8018FDC5,245,0,0,4816801FC4700CE9FAE1D2E6537F553ACE63B6B3CD6DB30B9BB4A7D8505BAA3B,131
C:\Users\Administrator\AppData\Local\DuckStation\savestates\HASH-FE27CFD4E73EF39_4.sav,other_or_unknown,,0,4,bank_helper,0x80193B44,0x80193BC4,128,1,1,38723A2E5E8A17AA7950DC008209944E898F69A7BD10A23C839D341E935FD5CA,0
C:\Users\Administrator\AppData\Local\DuckStation\savestates\HASH-FE27CFD4E73EF39_4.sav,other_or_unknown,,0,4,wrapper_candidate,0x801A2074,0x801A2304,656,0,0,2AEADA7A7F292C5C538A488BD30E38DD3403751038B53393C17D24F3AFE36D76,353
C:\Users\Administrator\AppData\Local\DuckStation\savestates\HASH-FE27CFD4E73EF39_4.sav,other_or_unknown,,0,4,ui_or_coord_table,0x801A7460,0x801A7860,1024,0,0,426E9DDCC33664FAE1E5A48AD8C10328E56E686647E5E675A44C9643701EFEC2,932
C:\Users\Administrator\AppData\Local\DuckStation\savestates\HASH-FE27CFD4E73EF39_5.sav,other_or_unknown,,0,4,e2_or_wrapper,0x8018FCD0,0x8018FDC5,245,0,0,4816801FC4700CE9FAE1D2E6537F553ACE63B6B3CD6DB30B9BB4A7D8505BAA3B,131
C:\Users\Administrator\AppData\Local\DuckStation\savestates\HASH-FE27CFD4E73EF39_5.sav,other_or_unknown,,0,4,bank_helper,0x80193B44,0x80193BC4,128,1,1,38723A2E5E8A17AA7950DC008209944E898F69A7BD10A23C839D341E935FD5CA,0
C:\Users\Administrator\AppData\Local\DuckStation\savestates\HASH-FE27CFD4E73EF39_5.sav,other_or_unknown,,0,4,wrapper_candidate,0x801A2074,0x801A2304,656,0,0,2AEADA7A7F292C5C538A488BD30E38DD3403751038B53393C17D24F3AFE36D76,353
C:\Users\Administrator\AppData\Local\DuckStation\savestates\HASH-FE27CFD4E73EF39_5.sav,other_or_unknown,,0,4,ui_or_coord_table,0x801A7460,0x801A7860,1024,0,0,426E9DDCC33664FAE1E5A48AD8C10328E56E686647E5E675A44C9643701EFEC2,932
C:\Users\Administrator\AppData\Local\DuckStation\savestates\HASH-FE27CFD4E73EF39_6.sav,other_or_unknown,,0,4,e2_or_wrapper,0x8018FCD0,0x8018FDC5,245,0,0,4816801FC4700CE9FAE1D2E6537F553ACE63B6B3CD6DB30B9BB4A7D8505BAA3B,131
C:\Users\Administrator\AppData\Local\DuckStation\savestates\HASH-FE27CFD4E73EF39_6.sav,other_or_unknown,,0,4,bank_helper,0x80193B44,0x80193BC4,128,1,1,38723A2E5E8A17AA7950DC008209944E898F69A7BD10A23C839D341E935FD5CA,0
C:\Users\Administrator\AppData\Local\DuckStation\savestates\HASH-FE27CFD4E73EF39_6.sav,other_or_unknown,,0,4,wrapper_candidate,0x801A2074,0x801A2304,656,0,0,2AEADA7A7F292C5C538A488BD30E38DD3403751038B53393C17D24F3AFE36D76,353
C:\Users\Administrator\AppData\Local\DuckStation\savestates\HASH-FE27CFD4E73EF39_6.sav,other_or_unknown,,0,4,ui_or_coord_table,0x801A7460,0x801A7860,1024,0,0,426E9DDCC33664FAE1E5A48AD8C10328E56E686647E5E675A44C9643701EFEC2,932
C:\Users\Administrator\AppData\Local\DuckStation\savestates\HASH-FE27CFD4E73EF39_resume.sav,other_or_unknown,,0,4,e2_or_wrapper,0x8018FCD0,0x8018FDC5,245,0,0,4816801FC4700CE9FAE1D2E6537F553ACE63B6B3CD6DB30B9BB4A7D8505BAA3B,131
C:\Users\Administrator\AppData\Local\DuckStation\savestates\HASH-FE27CFD4E73EF39_resume.sav,other_or_unknown,,0,4,bank_helper,0x80193B44,0x80193BC4,128,1,1,38723A2E5E8A17AA7950DC008209944E898F69A7BD10A23C839D341E935FD5CA,0
C:\Users\Administrator\AppData\Local\DuckStation\savestates\HASH-FE27CFD4E73EF39_resume.sav,other_or_unknown,,0,4,wrapper_candidate,0x801A2074,0x801A2304,656,0,0,2AEADA7A7F292C5C538A488BD30E38DD3403751038B53393C17D24F3AFE36D76,353
C:\Users\Administrator\AppData\Local\DuckStation\savestates\HASH-FE27CFD4E73EF39_resume.sav,other_or_unknown,,0,4,ui_or_coord_table,0x801A7460,0x801A7860,1024,0,0,426E9DDCC33664FAE1E5A48AD8C10328E56E686647E5E675A44C9643701EFEC2,932
C:\Users\Administrator\AppData\Local\DuckStation\savestates\HASH-FF95219BECFFC579_resume.sav,other_or_unknown,,0,4,e2_or_wrapper,0x8018FCD0,0x8018FDC5,245,1,0,02D8F3F83865737E056CCDF3D1BF8DCD4D3B68CE8CB63F3663F092AFA6174958,0
C:\Users\Administrator\AppData\Local\DuckStation\savestates\HASH-FF95219BECFFC579_resume.sav,other_or_unknown,,0,4,bank_helper,0x80193B44,0x80193BC4,128,1,1,38723A2E5E8A17AA7950DC008209944E898F69A7BD10A23C839D341E935FD5CA,0
C:\Users\Administrator\AppData\Local\DuckStation\savestates\HASH-FF95219BECFFC579_resume.sav,other_or_unknown,,0,4,wrapper_candidate,0x801A2074,0x801A2304,656,1,1,E06E79CDFEDFC6D6107B945613E65B2DE3A209E40115B9B00AB048D2B91CD7D5,0
C:\Users\Administrator\AppData\Local\DuckStation\savestates\HASH-FF95219BECFFC579_resume.sav,other_or_unknown,,0,4,ui_or_coord_table,0x801A7460,0x801A7860,1024,1,0,5F70BF18A086007016E948B04AED3B82103A36BEA41755B6CDDFAF10ACE3C6EF,0
C:\Users\Administrator\AppData\Local\DuckStation\savestates\HASH-FFDD56518DBEA85D_1.sav,other_or_unknown,,0,4,e2_or_wrapper,0x8018FCD0,0x8018FDC5,245,0,0,4816801FC4700CE9FAE1D2E6537F553ACE63B6B3CD6DB30B9BB4A7D8505BAA3B,131
C:\Users\Administrator\AppData\Local\DuckStation\savestates\HASH-FFDD56518DBEA85D_1.sav,other_or_unknown,,0,4,bank_helper,0x80193B44,0x80193BC4,128,1,1,38723A2E5E8A17AA7950DC008209944E898F69A7BD10A23C839D341E935FD5CA,0
C:\Users\Administrator\AppData\Local\DuckStation\savestates\HASH-FFDD56518DBEA85D_1.sav,other_or_unknown,,0,4,wrapper_candidate,0x801A2074,0x801A2304,656,0,0,1E15736151818F3704604741CFF14ED779E87B7A954A9251A29F3DF5D5FFE76D,414
C:\Users\Administrator\AppData\Local\DuckStation\savestates\HASH-FFDD56518DBEA85D_1.sav,other_or_unknown,,0,4,ui_or_coord_table,0x801A7460,0x801A7860,1024,0,0,CFA9BDD358BC30B2EB3347F977B686411EC7CBE4B8D14746AFDD6AEA9E33AFEC,902
C:\Users\Administrator\AppData\Local\DuckStation\savestates\HASH-FFDD56518DBEA85D_2.sav,other_or_unknown,,0,4,e2_or_wrapper,0x8018FCD0,0x8018FDC5,245,0,0,4816801FC4700CE9FAE1D2E6537F553ACE63B6B3CD6DB30B9BB4A7D8505BAA3B,131
C:\Users\Administrator\AppData\Local\DuckStation\savestates\HASH-FFDD56518DBEA85D_2.sav,other_or_unknown,,0,4,bank_helper,0x80193B44,0x80193BC4,128,1,1,38723A2E5E8A17AA7950DC008209944E898F69A7BD10A23C839D341E935FD5CA,0
C:\Users\Administrator\AppData\Local\DuckStation\savestates\HASH-FFDD56518DBEA85D_2.sav,other_or_unknown,,0,4,wrapper_candidate,0x801A2074,0x801A2304,656,0,0,1E15736151818F3704604741CFF14ED779E87B7A954A9251A29F3DF5D5FFE76D,414
C:\Users\Administrator\AppData\Local\DuckStation\savestates\HASH-FFDD56518DBEA85D_2.sav,other_or_unknown,,0,4,ui_or_coord_table,0x801A7460,0x801A7860,1024,0,0,CFA9BDD358BC30B2EB3347F977B686411EC7CBE4B8D14746AFDD6AEA9E33AFEC,902
C:\Users\Administrator\AppData\Local\DuckStation\savestates\HASH-FFDD56518DBEA85D_3.sav,other_or_unknown,,0,4,e2_or_wrapper,0x8018FCD0,0x8018FDC5,245,0,0,4816801FC4700CE9FAE1D2E6537F553ACE63B6B3CD6DB30B9BB4A7D8505BAA3B,131
C:\Users\Administrator\AppData\Local\DuckStation\savestates\HASH-FFDD56518DBEA85D_3.sav,other_or_unknown,,0,4,bank_helper,0x80193B44,0x80193BC4,128,1,1,38723A2E5E8A17AA7950DC008209944E898F69A7BD10A23C839D341E935FD5CA,0
C:\Users\Administrator\AppData\Local\DuckStation\savestates\HASH-FFDD56518DBEA85D_3.sav,other_or_unknown,,0,4,wrapper_candidate,0x801A2074,0x801A2304,656,0,0,1E15736151818F3704604741CFF14ED779E87B7A954A9251A29F3DF5D5FFE76D,414
C:\Users\Administrator\AppData\Local\DuckStation\savestates\HASH-FFDD56518DBEA85D_3.sav,other_or_unknown,,0,4,ui_or_coord_table,0x801A7460,0x801A7860,1024,0,0,CFA9BDD358BC30B2EB3347F977B686411EC7CBE4B8D14746AFDD6AEA9E33AFEC,902
C:\Users\Administrator\AppData\Local\DuckStation\savestates\HASH-FFDD56518DBEA85D_4.sav,other_or_unknown,,0,4,e2_or_wrapper,0x8018FCD0,0x8018FDC5,245,0,0,4816801FC4700CE9FAE1D2E6537F553ACE63B6B3CD6DB30B9BB4A7D8505BAA3B,131
C:\Users\Administrator\AppData\Local\DuckStation\savestates\HASH-FFDD56518DBEA85D_4.sav,other_or_unknown,,0,4,bank_helper,0x80193B44,0x80193BC4,128,1,1,38723A2E5E8A17AA7950DC008209944E898F69A7BD10A23C839D341E935FD5CA,0
C:\Users\Administrator\AppData\Local\DuckStation\savestates\HASH-FFDD56518DBEA85D_4.sav,other_or_unknown,,0,4,wrapper_candidate,0x801A2074,0x801A2304,656,0,0,1E15736151818F3704604741CFF14ED779E87B7A954A9251A29F3DF5D5FFE76D,414
C:\Users\Administrator\AppData\Local\DuckStation\savestates\HASH-FFDD56518DBEA85D_4.sav,other_or_unknown,,0,4,ui_or_coord_table,0x801A7460,0x801A7860,1024,0,0,CFA9BDD358BC30B2EB3347F977B686411EC7CBE4B8D14746AFDD6AEA9E33AFEC,902
C:\Users\Administrator\AppData\Local\DuckStation\savestates\HASH-FFDD56518DBEA85D_5.sav,other_or_unknown,,0,4,e2_or_wrapper,0x8018FCD0,0x8018FDC5,245,0,0,4816801FC4700CE9FAE1D2E6537F553ACE63B6B3CD6DB30B9BB4A7D8505BAA3B,131
C:\Users\Administrator\AppData\Local\DuckStation\savestates\HASH-FFDD56518DBEA85D_5.sav,other_or_unknown,,0,4,bank_helper,0x80193B44,0x80193BC4,128,1,1,38723A2E5E8A17AA7950DC008209944E898F69A7BD10A23C839D341E935FD5CA,0
C:\Users\Administrator\AppData\Local\DuckStation\savestates\HASH-FFDD56518DBEA85D_5.sav,other_or_unknown,,0,4,wrapper_candidate,0x801A2074,0x801A2304,656,0,0,1E15736151818F3704604741CFF14ED779E87B7A954A9251A29F3DF5D5FFE76D,414
C:\Users\Administrator\AppData\Local\DuckStation\savestates\HASH-FFDD56518DBEA85D_5.sav,other_or_unknown,,0,4,ui_or_coord_table,0x801A7460,0x801A7860,1024,0,0,CFA9BDD358BC30B2EB3347F977B686411EC7CBE4B8D14746AFDD6AEA9E33AFEC,902
C:\Users\Administrator\AppData\Local\DuckStation\savestates\HASH-FFDD56518DBEA85D_6.sav,other_or_unknown,,0,4,e2_or_wrapper,0x8018FCD0,0x8018FDC5,245,0,0,4816801FC4700CE9FAE1D2E6537F553ACE63B6B3CD6DB30B9BB4A7D8505BAA3B,131
C:\Users\Administrator\AppData\Local\DuckStation\savestates\HASH-FFDD56518DBEA85D_6.sav,other_or_unknown,,0,4,bank_helper,0x80193B44,0x80193BC4,128,1,1,38723A2E5E8A17AA7950DC008209944E898F69A7BD10A23C839D341E935FD5CA,0
C:\Users\Administrator\AppData\Local\DuckStation\savestates\HASH-FFDD56518DBEA85D_6.sav,other_or_unknown,,0,4,wrapper_candidate,0x801A2074,0x801A2304,656,0,0,1E15736151818F3704604741CFF14ED779E87B7A954A9251A29F3DF5D5FFE76D,414
C:\Users\Administrator\AppData\Local\DuckStation\savestates\HASH-FFDD56518DBEA85D_6.sav,other_or_unknown,,0,4,ui_or_coord_table,0x801A7460,0x801A7860,1024,0,0,CFA9BDD358BC30B2EB3347F977B686411EC7CBE4B8D14746AFDD6AEA9E33AFEC,902
C:\Users\Administrator\AppData\Local\DuckStation\savestates\HASH-FFDD56518DBEA85D_resume.sav,other_or_unknown,,0,4,e2_or_wrapper,0x8018FCD0,0x8018FDC5,245,0,0,4816801FC4700CE9FAE1D2E6537F553ACE63B6B3CD6DB30B9BB4A7D8505BAA3B,131
C:\Users\Administrator\AppData\Local\DuckStation\savestates\HASH-FFDD56518DBEA85D_resume.sav,other_or_unknown,,0,4,bank_helper,0x80193B44,0x80193BC4,128,1,1,38723A2E5E8A17AA7950DC008209944E898F69A7BD10A23C839D341E935FD5CA,0
C:\Users\Administrator\AppData\Local\DuckStation\savestates\HASH-FFDD56518DBEA85D_resume.sav,other_or_unknown,,0,4,wrapper_candidate,0x801A2074,0x801A2304,656,0,0,1E15736151818F3704604741CFF14ED779E87B7A954A9251A29F3DF5D5FFE76D,414
C:\Users\Administrator\AppData\Local\DuckStation\savestates\HASH-FFDD56518DBEA85D_resume.sav,other_or_unknown,,0,4,ui_or_coord_table,0x801A7460,0x801A7860,1024,0,0,CFA9BDD358BC30B2EB3347F977B686411EC7CBE4B8D14746AFDD6AEA9E33AFEC,902
C:\Users\Administrator\AppData\Local\DuckStation\savestates\SLUS-01224_resume.sav,other_or_unknown,,0,4,e2_or_wrapper,0x8018FCD0,0x8018FDC5,245,0,0,A4DB076ADD55FEB3C2B2B581EFC485AEB9702AC618501E83009C8BFAC9131579,172
C:\Users\Administrator\AppData\Local\DuckStation\savestates\SLUS-01224_resume.sav,other_or_unknown,,0,4,bank_helper,0x80193B44,0x80193BC4,128,0,0,4DA32C36CDC7DEA84A036A5828C2D5835B267D2CA5C570F930BC135996CB8A33,86
C:\Users\Administrator\AppData\Local\DuckStation\savestates\SLUS-01224_resume.sav,other_or_unknown,,0,4,wrapper_candidate,0x801A2074,0x801A2304,656,0,0,0D80D68F6BEDD33A05758F01582D9AD401F4C67FA70D9B0E736852EB418EB350,156
C:\Users\Administrator\AppData\Local\DuckStation\savestates\SLUS-01224_resume.sav,other_or_unknown,,0,4,ui_or_coord_table,0x801A7460,0x801A7860,1024,0,0,023AEFC264F0AD45626F72ED41FA00270905E87006FE06786A5FEC2BA18DBA47,1023
