file,offset,score,speaker,ours,reference,reference_speaker,episode,japanese
1/S1011.DAT,0x478AA,0.05,,"3천 년이나 계속 타오르는 정령의 산, 시온의 불꽃.",,,,もう3000年も燃え続けている精霊(せいれい)の山 / シオンの炎。
1/S1011.DAT,0x47902,0.17,,대체 이 불꽃에는 어떤 의미가 있는 거지...?,,,,いつたい / この炎にどんな意味が・・？
1/S1011.DAT,0x47954,0.14,,그런 걸 신경 쓰고 있을 때가 아니야!,,,,そんなこと / 気にしている場合じゃない!
1/S1011.DAT,0x4799E,0.14,,해가 바뀌면 팔렌시아 성에서 마중이 올 거야. 그게 우리 일족의 규율이야...,,,,年が明ければ / パレンシア城から むかえが来るそれがわが一族のおきて・・。
1/S1011.DAT,0x479FC,0.14,,그리고 신의 피를 이은 백성의 딸로서 왕자와 결혼하게 되는 거야.,,,,そして / 神の血をひく民の娘として / 王子と結婚させられる。
1/S1011.DAT,0x47A54,0.08,,그런 건 사양이야.,,,,そんなのは、ごめんだわ。
1/S1011.DAT,0x47AD2,0.12,,...후우. 아무 일도 일어나지 않았잖아.,,,,・・ふう<CTRL:E4:3D> / 何も起こらなかつたじゃない。
1/S1011.DAT,0x47B3E,0.06,,잘도 시온의 불꽃을 껐구나! 3천 년이라는 긴 시간 동안 나를 가두어 둔 불꽃을...,,,,よくぞ シオンの炎を消した! / 3000年もの長きにわたり / われを封じ込めし炎を・・。
1/S1013.DAT,0x478EA,0.12,,모든 것은 시온산의 불꽃을 껐던 그날부터 시작됐어.,,,,・・すベては / このシオンの炎を消した / あの時から始まつた。
1/S1013.DAT,0x47948,0.08,,그래서 이 불꽃을 다시 끄면 모든 게 끝날 것만 같아.,,,,だから この炎を / もう一度消すと / 終わつてしまう気がする。
1/S1013.DAT,0x479AC,0.40,,쿠쿠루...,"쿠쿠루, 괜찮아?",아크,5,<CTRL:E4:3D>ククル・・。
1/S1013.DAT,0x47A1C,0.09,,너와 헤어지고 싶지 않아...,,,,<CTRL:E4:3D>連れたくない・・。
1/S1013.DAT,0x47A90,0.25,,"쿠쿠루, 부탁해.","쿠쿠루, 괜찮아?",아크,5,ククル、頼む。
1/S1013.DAT,0x47B2E,0.07,아크데몬,"아크데몬: 이번에야말로 성궤의 봉인을 풀 생각인가 보군, 용자여!",,,,アークデーモン  / 今度こそ、<G:90>聖柩<G:89>の封印を / 解く気のようだな / 勇者よ!
1/S1013.DAT,0x47B8E,0.12,아크 데몬,아크 데몬: 네놈을 내 손으로 죽여야만 삼천 년의 저주에서 벗어날 수 있다.,,,,アークデーモン  / 貴様を俺の手で殺すこによつて / 俺は初めて3000年の呪いから / 解放される。
1/S1013.DAT,0x47BF8,0.08,아크데몬,아크데몬: 성궤는 사르바시오 폭포에 놓여 있다.,,,,アークデーモン  / <G:90>聖柩<G:89>はサルバシオの滝に / 置いてある。
1/S1013.DAT,0x47C4C,0.12,아크 데몬,아크 데몬: 그곳에서 결판을 내자.,,,,アークデーモン  / 貴様とは そこで決着をつけよう。
1/S1021.DAT,0x4785C,0.17,,아이템이 있습니다. 약초를 발견했습니다.,,,,アイテムがあります。 / <G:90>薬草<G:89>をみつけました。
1/S1021.DAT,0x478AC,0.12,,여기 있던 것은 이미 주웠다.,,,,ここにあつたものはもうひろいました。
1/S1021.DAT,0x47914,0.18,,아이템이 있습니다. 돌을 발견했습니다.,,,,アイテムがあります。 / <G:90>石<G:89>をみつけました。
1/S1021.DAT,0x47962,0.15,,여기 있던 돌은 이미 주웠습니다.,,,,ここにあつた<G:90>石<G:89>はもうひろいました。
1/S1021.DAT,0x479AA,0.05,,이걸 던지면 웬만한 적은 쓰러뜨릴 수 있겠어.,,,,これをぶつければ、 / 少しくらいの敵だつたら / 倒せるかもしれないな。
1/S1021.DAT,0x47A26,0.00,어머니,어머니: 아!,,,,アークの母  / あ!
1/S1021.DAT,0x47A82,0.15,,아이템이 있습니다. 마법의 카트를 발견했습니다.,,,,アイテムがあります。 / <G:90>魔法のカート<G:89>をみつけました。
1/S1021.DAT,0x47AD6,0.04,어머니,어머니: 그걸 가져가도 별로 좋은 일은 없을 텐데.,,,,アークの母  / それをもつていつても、 / 何もいいことはないかも / しれないわよ。
1/S1021.DAT,0x47B34,0.07,,그렇진 않을 거야. 그럼 가져갈게.,,,,そんなことないだろ。<CTRL:E4:29> / じゃ、もつていくよ。
1/S1021.DAT,0x47B7E,0.05,어머니,어머니: 모처럼 준 거니까 꼭 장비해서 쓰렴.,,,,アークの母  / せつかくあげたんだから、 / ちゃんとそうびしてつかうのよ。
1/S1021.DAT,0x47BD8,0.22,,알았어.,나는 네가 해낼줄 알았어!,아크,4,わかつたよ。
1/S1021.DAT,0x47C38,0.19,,아버지의 유품인 갑옷과 검을 찾았다.,,,,父のかたみのよろいと剣をみつけました。
1/S1021.DAT,0x47CDE,0.29,어머니,어머니: 아버지의 갑옷과 검은 안쪽 방 상자에 있어.,아버지의 갑옷과 검이 이 상자에 있었지!이 잠금을 풀 방법을 찾아봐야겠군...,아크,2,アークの母  / お父さんのよろいと剣はおくの部屋の / はこの中よ。
1/S1021.DAT,0x47D46,0.67,,"엄마, 걱정하지 마...",걱정하지 마.,아크,6,母さん、心配しないで・・。
1/S1021.DAT,0x47D8A,0.20,어머니,어머니: 아크... 이것도 가져가렴.,아크... 이것을 가지고 가거라...,어머니,2,アークの母  / ・・・アーク<CTRL:E4:3D> / これをもつていきなさい。<CTRL:E4:3D>
1/S1021.DAT,0x47DE4,0.23,,카이저 글로브를 받았습니다.,예! .......... 찾았습니다.,군인들,21,<G:90>カイザーグローフ<G:89>をもらいました。
1/S1021.DAT,0x47E30,0.27,,부활의 약을 받았습니다.,예! .......... 찾았습니다.,군인들,21,<G:90>復活の薬<G:89>をもらいました。
1/S1021.DAT,0x47E7A,0.27,,회복 과일을 받았습니다.,예! .......... 찾았습니다.,군인들,21,<G:90>回復果物<G:89>をもらいました。
1/S1021.DAT,0x47EC8,0.33,,성수를 받았습니다.,예! .......... 찾았습니다.,군인들,21,<G:90>聖水<G:89>をもらいました。
1/S1021.DAT,0x47F0E,0.33,어머니,어머니: 아크...,오... 아크야...,어머니,2,アークの母  / アーク<CTRL:E4:15>・<CTRL:E4:15>・<CTRL:E4:15>・
1/S1021.DAT,0x4807A,0.21,,아버지의 갑옷과 검이 여기 있는 건 알고 있지만...,아버지의 갑옷과 검이 이 상자에 있었지!이 잠금을 풀 방법을 찾아봐야겠군...,아크,2,父さんのかたみのよろいと剣 / この中にあるのは / 分かつているんだけど。
1/S1021.DAT,0x480D6,0.06,,자물쇠가 잠겨 있다니...,,,,カベが かかつてるなんて・・。
1/S1021.DAT,0x48196,0.10,,"엄마, 그날 밤도 오늘처럼 눈보라가 심했지?",,,,母さん<CTRL:E4:0B>、 / あの日も、今夜みたいにすごい / ふぶきだつたんだよね？
1/S1021.DAT,0x481F0,0.17,,오늘 밤 산에 가면 아버지가 우리를 두고 사라진 이유를 알 수 있을 것 같아.,,,,俺、今夜 山へ行けば / 父さんが母さんと俺をおいて / 消えたわけが分かる気がするんだ
1/S1021.DAT,0x48250,0.23,어머니,어머니: 네 아버지는... 죽었단다.,네 아버지는 오래 전에 죽었단다... 이제 받아들일 때도 되지 않았느냐 아크야...,어머니,2,アークの母  / あなたのお父さんはね、 / <CTRL:E4:29>死んだのよ・・。
1/S1021.DAT,0x482A8,0.16,,아버지가 죽었다니 거짓말이야! 그렇게 강한 분이 쉽게 죽을 리 없어.,,,,父さんが死んだなんてうそだろ？<CTRL:E4:3D>あの強かつた父さんが / かんたんに死ぬはすない。
1/S1021.DAT,0x48308,0.09,어머니,어머니: 산에는 분명 무서운 괴물이 있어...,,,,アークの母  / 山にはきつと / 恐ろしいモンスターがいて・・。
1/S1021.DAT,0x48360,0.13,,괴물이 아버지를 죽였다면 내가 원수를 갚겠어!,,,,もしも、父さんが / モンスターに殺されたのなら / ・・俺が父さんの敵(かたき)を討つてやる!
1/S1021.DAT,0x483C6,0.10,,엄마... 내 눈으로 직접 확인하고 싶어.,,,,母さん・・ / 俺、自分自身の目で / 確かめたいんだよ。
1/S1021.DAT,0x48420,0.33,어머니,어머니: 아크...,오... 아크야...,어머니,2,アークの母  / アーク・・。
1/S1021.DAT,0x48496,0.00,,엄마...,,,,母さん・・。
1/S1021.DAT,0x48512,0.07,어머니,어머니: 그이가 떠난 지 십 년... 결국 그이 말대로 됐구나.,,,,アークの母  / あの人が旅にでて10年 / あの人の言葉通りになつてしまつた。
1/S1021.DAT,0x485E8,0.14,어머니,어머니: 여보... 정말 가야만 해요?,,,,アークの母  / あなた・・<CTRL:E4:15> / どうしても行つてしまうの。
1/S1021.DAT,0x4863C,0.13,아버지,"아버지: 이해해 줘, 포르타. 이 세계의 운명이 걸린 일이야.",,,,アークの父  / 分かつてくれ、ポルタ。 / この世界の運命に / かかわることなのだ。
1/S1021.DAT,0x4869A,0.09,어머니,어머니: 왜 당신이어야 해요...? 나와 아크는 어떻게 하라고요?,,,,アークの母  / なんであなたが・・。<CTRL:E4:3D> / 私とアークはどうすればいいの・・？
1/S1021.DAT,0x486F8,0.17,아버지,아버지: 미안하오. 하지만 내가 아니면...,,,,アークの父  / ・・すまない。 / だが私がやらなければ・・。
1/S1021.DAT,0x4874E,0.07,어머니,어머니: 싫어요! 난 평범한 행복만 있으면 돼요...,,,,アークの母  / いやです! / 私はごくふつうの幸せがあれば・。
1/S1021.DAT,0x487A2,0.16,아버지,"아버지: 십 년 뒤 오늘, 봉인이 풀리고 산이 다시 날뛸 거다. 그때 아크는 산으로 향한다.",,,,アークの父  / 10年後の今日、封印(ふういん)が / 解かれ、再び山が荒れる・・。 / その時アークは山へ向かう。
1/S1021.DAT,0x48818,0.10,어머니,어머니: 산이 날뛴다고요?,,,,アークの母  / 山が荒れる？
1/S1021.DAT,0x4885A,0.06,아버지,아버지: 봉인됐던 괴물이 나타날 거다.,,,,アークの父  / 封印(ふういん)されていた / モンスターが現れる。
1/S1021.DAT,0x488B0,0.08,어머니,어머니: 그런 곳에 아크를 보내다니... 그만하세요! 전부 다!,,,,アークの母  / そんな所へ あの子が・・。 / やめて下さい!何もかも!
1/S1021.DAT,0x48908,0.10,아버지,아버지: 포르타... 그날까지 우리 아이 아크를 부탁하오!,,,,アークの父  / ポルタ・・ / その日まで我が子を / <CTRL:E4:15>アークをたのんだぞ!
1/S1021.DAT,0x48A4E,0.20,,아버지의 유품을 장비해야겠어.,이것은 아버지의!,,10,父さんのかたみを / 身に付けなくちゃ。
1/S1021.DAT,0x48AC6,0.16,,아버지의 유품은 안쪽 방 상자에 있을 거야.,,,,父さんのかたみは、おくの / はこの中にあるはすだ。
1/S1021.DAT,0x48B14,0.06,,말을 걸거나 물건을 찾을 때는 가까이 다가가 결정 버튼을 누르면 돼.,,,,話しかけるときも、 / アイテムをさがすときも、 / 近づいてから<CTRL:E7:02>をおすんだ。
1/S1021.DAT,0x48C34,0.12,,이번만큼은 내 힘으로 해내고 싶어.,,,,どうしても、自分の力で / やつてみたいんだ。
1/S1021.DAT,0x48C88,0.12,,엄마에게 한마디 하고 가야 해.,,,,母さんに、一言いわなきゃ。
1/S1021.DAT,0x48CF8,0.06,,말을 걸거나 물건을 찾을 때는 가까이 다가가 결정 버튼을 누르면 돼.,,,,話しかけるときも、 / アイテムをさがすときも、 / 近づいてから<CTRL:E7:02>をおすんだ。
1/S1021.DAT,0x48DA6,0.13,어머니,"어머니: 요슈아, 아크를 지켜 주세요...",,,,アークの母  / ヨシュア、アークを守つて・・。
1/S1022.DAT,0x4789A,0.07,,"그럼 엄마, 다녀올게.",,,,それじゃ母さん、行くからね。
1/S1022.DAT,0x478DC,0.00,어머니,어머니: ...,,,,アークの母  / ・・・。
1/S1022.DAT,0x47940,0.17,어머니,어머니: 너도 떠나는 거니?,,,,アークの母  / おまえも、いつてしまうのかい？
1/S1022.DAT,0x479A2,0.13,,별일 아니야. 왕의 부름을 받아 팔렌시아로 가는 것뿐이야.,,,,そんな、大したこじゃないよ。 / 王様に呼ばれて / パレンシアの都に行くだけ / じゃないか。
1/S1022.DAT,0x47A06,0.09,,병사가 되면 엄마도 편히 지낼 수 있어.,,,,兵士にとりたてられれば / 母さんにも楽してもらえる。
1/S1022.DAT,0x47A62,0.09,어머니,어머니: 몸조심하렴. 힘들면 언제든 돌아오고.,,,,アークの母  / ・・体を大切にね。<CTRL:E4:3D> / つらくなつたら / いつでも戻つておいで。
1/S1022.DAT,0x47ACA,0.20,어머니,어머니: 아크... 이것도 가져가렴.,아크... 이것을 가지고 가거라...,어머니,2,アークの母  / ・・・アーク<CTRL:E4:3D> / これをもつていきなさい。<CTRL:E4:3D>
1/S1022.DAT,0x47B24,0.23,,질풍의 반다나를 받았습니다.,예! .......... 찾았습니다.,군인들,21,<G:90>しつぷうのバンダナ<G:89>をもらいました。
1/S1022.DAT,0x47B70,0.27,,부활의 약을 받았습니다.,예! .......... 찾았습니다.,군인들,21,<G:90>復活の薬<G:89>をもらいました。
1/S1022.DAT,0x47BB8,0.33,,성수를 받았습니다.,예! .......... 찾았습니다.,군인들,21,<G:90>聖水<G:89>をもらいました。
1/S1022.DAT,0x47C0E,0.50,,응. 그렇게 걱정하지 마.,걱정하지 마.,아크,6,ああ / そんなに心配するなつて。
1/S1022.DAT,0x47C68,0.33,어머니,어머니: 아크...,오... 아크야...,어머니,2,アークの母  / アーク・・。
1/S1023.DAT,0x478BC,0.08,어머니,어머니: 지치면 언제든 돌아오렴.,,,,アークの母  / つかれたらいつでも戻つておいで。
1/S1023.DAT,0x4790C,0.33,,약초를 받았습니다.,예! .......... 찾았습니다.,군인들,21,<G:90>薬草<G:89>をもらいました。
1/S1023.DAT,0x47952,0.14,어머니,어머니: 아버지가 남긴 편지가 있는데 읽어 볼래?|괜찮아|읽는다,,,,アークの母  / 父さんの置き手紙があるけどよむかい？ / <CTRL:E5:03>ベつにいい。 / <CTRL:E5:03>よむ。
1/S1023.DAT,0x479C0,0.13,어머니,어머니: 무리하지 말거라.,,,,アークの母  / 無理するんじゃないよ。
1/S1023.DAT,0x47A40,0.07,아버지의 편지,아버지의 편지: 네 여행에 도움이 되길 바라며 쓴다. 목숨을 소중히 여기고 끝까지 싸워라.,,,,父の手紙  / おまえの旅の助けになればと思い / これを書いている。 / 命を大切に、戦いぬいてくれ。
1/S1023.DAT,0x47AB0,0.08,,|강해지려면|작전을 세우려면|적에게 피해를 입지 않으려면|다음 페이지,,,,<CTRL:E5:03>強くなるためには / <CTRL:E5:03>作戦をたてるには / <CTRL:E5:03>敵からダメージを受けないためには1<CTRL:E5:03>次のページ
1/S1023.DAT,0x47B30,0.04,<CTRL,"<CTRL:E5>""피해 줄이기 2<CTRL:E5>""전투 요령
<CTRL:E5>""그만 읽기",,,,<CTRL:E5:03>敵からダメージを受けないためには2<CTRL:E5:03>うまく戦うには / <CTRL:E5:03>よむのやめる。
1/S1023.DAT,0x47BA0,0.09,,어느 나라든 언제나 괴물이 출몰하는 장소가 있다.,,,,どこの国にも、いつ行つてもモンスターのいる場所がある。
1/S1023.DAT,0x47BEE,0.08,,그곳에서 거듭 싸우면 계속 강해질 수 있다.,,,,ここで何度も戦えば、 / どんどん強くなれるはすだ。
1/S1023.DAT,0x47C3C,0.07,,그 장소의 괴물은 진행해도 바뀌지 않는다. 원하는 수련 수준에 맞춰 장소를 고르면 된다.,,,,この場所のモンスターはゲームが進んでも変わらないので、鍛えたいレベルに / 合わせて場所を選ベばよいだろう。
1/S1023.DAT,0x47CB8,0.10,,숲이나 동굴 같은 곳에서는 뜻밖의 곳에서 적이 나와 당하는 일이 있다.,,,,森や洞窟などでは、思わぬところから / 敵がきてやられるこがある。
1/S1023.DAT,0x47D0E,0.05,,"자신의 턴일 때 LR 버튼을 동시에 눌러 프리 커서로 만들어서,",,,,自分のターンの時に、LRボタンを同時におしてフリーカーソルにして、
1/S1023.DAT,0x47D66,0.06,,자유 커서로 적의 위치와 지형을 살피고 작전을 세워라.,,,,これを使つて、モンスターの場所、マップをよく見て作戦を立てるのだ。
1/S1023.DAT,0x47DCA,0.07,,적을 공격하면 반격을 받아 피해를 입을 수 있다.,,,,敵に攻撃した場合に、反撃をされ、 / ダメージを受けることがある。
1/S1023.DAT,0x47E20,0.09,,반격을 피하려면 적의 옆이나 뒤로 돌아가 공격해라.,,,,これを避けるためには、 / 敵の後ろかよこに / 回り込んで攻撃することだ。
1/S1023.DAT,0x47E78,0.12,,공격받을 때는 정면을 향하도록 하면 적에게 반격하기 쉽다.,,,,逆に、自分が攻撃される時になるベく、 / 正面からになるようにすると / 敵に反撃しやすい。
1/S1023.DAT,0x47EDA,0.07,,전투에서는 이런 작은 차이가 중요하다.,,,,戦いは、小さなこのつみかさねが / 大切なのだ。
1/S1023.DAT,0x47F32,0.09,,마법이나 아이템을 던지는 공격은 절대 반격받지 않는다.,,,,魔法攻撃とアイテムを投げつける攻撃は、絶対に敵の反撃を受けない。
1/S1023.DAT,0x47F8C,0.06,,다만 적에게 피해를 주는 아이템은 한정돼 있다.,,,,ただし、敵にダメージを与えられる / アイテムはかぎられている。
1/S1023.DAT,0x47FE0,0.09,,우선은 돌을 던지는 것이 좋다.,,,,とりあえすは、石を投げつけるのがいいだろう。
1/S1023.DAT,0x48036,0.09,,"분열하는 몬스터는 HP가 절반이 되지만, 쓰러뜨렸을 때 받는 경험치는 변하지 않는다.",,,,分れつするモンスターは、 / HPが半分になるが、倒した時にもらえる経験値は変わらない。
1/S1023.DAT,0x4809C,0.05,,이 점을 잘 이용해라.,,,,これを利用するといいだろう。
1/S1023.DAT,0x48142,0.00,,"엄마, 약초 좀 줘.",,,,母さん、薬草くれよ。
1/S1023.DAT,0x48182,0.07,어머니,"어머니: 아크, 잘 들으렴. 집에는 이제 약초가 없어...",,,,アークの母  / アーク、よく聞くのよ / うちにはもう薬草はないの・・。
1/S1023.DAT,0x481DC,0.14,어머니,어머니: 네 힘으로 어떻게든 해 보렴.,,,,アークの母  / 自分の力で何とかしてちょうだい。
1/S1023.DAT,0x48306,0.08,어머니,어머니: 정말 너한테는 못 당하겠구나...,,,,アークの母  / 母さん、あなたにはまけたわ・・。
1/S1023.DAT,0x48358,0.27,,힘의 열매를 받았습니다.,예! .......... 찾았습니다.,군인들,21,<G:90>ちからの実<G:89>をもらいました。
1/S1023.DAT,0x4839E,0.25,,파로의 열매를 받았습니다.,예! .......... 찾았습니다.,군인들,21,<G:90>パロの実<G:89>をもらいました。
1/S1023.DAT,0x483E4,0.21,,생명의 나무 열매를 받았습니다.,예! .......... 찾았습니다.,군인들,21,<G:90>いのちの木の実<G:89>をもらいました。
1/S1023.DAT,0x484C6,0.14,어머니,어머니: 이제 정말 아무것도 없어...,,,,アークの母  / もう、何も無いのよ・・・
1/S1023.DAT,0x4853C,0.10,어머니,어머니: 예전엔 저런 아이가 아니었는데...,,,,アークの母  / (むかしはあんな子じゃなかつたのに・・)
1/S1041.DAT,0x479BA,0.12,아크 데몬,아크 데몬: 네가 봉인을 풀어 버린 용자인가?,,,,アークデーモン  / おまえが封印(ふういん)を / 解いた勇者か？
1/S1041.DAT,0x47A12,0.35,,네가 아버지를 죽인 놈이구나!,너...너는 내 아버지를 죽인 놈 중의 하나구나!,아크,2,・・父さんを殺したヤツだな!
1/S1041.DAT,0x47A56,0.12,아크 데몬,아크 데몬: 무슨 소린지 모르겠군. 난 봉인을 푼 용자를 죽이고...,,,,アークデーモン  / 何のこだかわからんな。 / 俺は封印(ふういん)を解いた / 勇者を殺し・・
1/S1041.DAT,0x47ABE,0.05,아크 데몬,아크 데몬: 삼천 년의 저주를 끊어 내겠다!,,,,アークデーモン  / 3000年の呪(のろ)いを / たち切るのだ!
1/S1041.DAT,0x47B12,0.06,아크 데몬,아크 데몬: 각오해라!,,,,アークデーモン  / かくごするがいい!
1/S1041.DAT,0x47BB8,0.09,아크 데몬,아크 데몬: 아니야! 이런 놈이 아니다! 날 깨운 자는 어디 있지?,,,,アークデーモン  / 違う!こんなヤツじゃない! / どこにいる？ / 俺を呼びさましたヤツは!
1/S1041.DAT,0x47C86,0.12,,이런 곳에서 죽는 건가...,,,,こんなところで / 死んでしまうのか・・。
1/S1041.DAT,0x47CD2,0.00,,제길...,,,,ちくしょう・・。
1/S1041.DAT,0x47DD2,0.25,,"뭐, 뭐지?",이건 뭐지?,아크,19,な、なんだ？
1/S1041.DAT,0x47E22,0.20,,힘이 솟아오른다!,엔딩 롤이 오른다.,,21,力がみなぎつてくる!
1/S1041.DAT,0x47E68,0.29,,일어나세요.,"일어나라, 아크.",???,2,立ちなさい。
1/S1041.DAT,0x47EA4,0.25,,누구지?,카사돌이란게 누구지?,,18,誰？
1/S1041.DAT,0x47EE2,0.20,산의 정령,산의 정령: 저는 이 산의 정령입니다...,산의 정상,,1,山の精霊  / 私はこの山の精霊(せいれい)・・。
1/S1041.DAT,0x47F2E,0.16,산의 정령,산의 정령: 줄곧 이곳에서 성궤를 봉인하는 불꽃을 지켜보아 왔습니다.,,,,山の精霊  / すつとここで<G:90>聖柩<G:89>(せいひつ)を / 封印(ふういん)する / 炎を見守つて来ました。
1/S1041.DAT,0x47F9E,0.08,산의 정령,산의 정령: 산 정상의 사당에 불을 붙이세요. 그러면 마물은 사라집니다.,,,,山の精霊  / 山頂へ向かいなさい。 / 山頂の社(やしろ)に炎をともすと / モンスターは消えます。
1/S1041.DAT,0x48008,0.09,,알겠어. 불을 붙이면 되는 거지?,,,,わかつた。 / 火をつければ いいんだね？
1/S1041.DAT,0x48058,0.13,산의 정령,산의 정령: 그렇습니다. 하지만 당신은 언젠가 다시 불을 끄러 오게 됩니다.,,,,山の精霊  / ええ<CTRL:E4:3D> / しかし、あなたはもう一度 / 炎を消しにくることになります。
1/S1041.DAT,0x480C0,0.05,,왜지?,,,,なぜ？
1/S1041.DAT,0x480F6,0.29,산의 정령,산의 정령: 그것이 당신의 운명이기 때문입니다.,그것이 너의 운명이다.,불의 가디언,2,山の精霊  / それが、あなたの運命なのです。
1/S1041.DAT,0x48142,0.33,,운명?,운명이라....,,12,運命？
1/S1041.DAT,0x48178,0.16,산의 정령,산의 정령: 인류는 지금 멸망을 향해 치닫고 있습니다.,,,,山の精霊  / 人類は滅亡(めつぼう)に向かつて / 突き進んでいます。
1/S1041.DAT,0x481D2,0.13,산의 정령,산의 정령: 당신은 그 멸망을 막을 운명을 짊어지고 있습니다.,,,,山の精霊  / あなたはそれを止める運命を / せおつているんです。
1/S1041.DAT,0x48226,0.10,산의 정령,산의 정령: 성궤의 힘을 손에 넣음으로써...,,,,山の精霊  / <G:90>聖柩<G:89>の力を / 手に入れるこによつて・・。
1/S1041.DAT,0x4827A,0.20,,인류가 멸망한다고?,"그때, 거기서 그는 인류가 멸망한 것이라는 예언을 보게 됐다.",,5,人が滅びる？
1/S1041.DAT,0x482BC,0.15,산의 정령,산의 정령: 당신의 아버지는 멸망을 막기 위해 우리 정령들과 약속했습니다.,,,,山の精霊  / あなたのお父さんが、われわれ精霊と / 約束をしました。<CTRL:E4:3D> / 滅亡をくい止めるために。
1/S1041.DAT,0x48326,0.14,산의 정령,산의 정령: 그리고 마침내 당신이 이곳에 왔습니다.,,,,山の精霊  / そして、あなたはやつてきたのです。
1/S1041.DAT,0x48378,0.15,산의 정령,산의 정령: 약속에 따라 마물과 싸울 힘을 당신에게 드리겠습니다.,,,,山の精霊  / 約束に従い、モンスターと戦う力を / あなたに与えます。
1/S1041.DAT,0x483D2,0.15,,갑자기 그런 말을 해도 무슨 뜻인지 모르겠어...,,,,そんなこ言われたつて / 何のこだか分かんないよ・・。
1/S1041.DAT,0x48428,0.14,산의 정령,산의 정령: 때가 되면 알게 될 겁니다. 부탁드립니다.,,,,山の精霊  / 今にきつと分かります。 / たのみましたよ。
1/S1041.DAT,0x48498,0.21,,아크는 정령의 힘을 손에 넣었다.,아크는 가디언의 힘을 받았다.,,2,アークは精霊の力を手に入れた。
1/S1061.DAT,0x478A4,0.17,,이제 여기까지면 돼.,,,,もう、ここでいいよ。
1/S1061.DAT,0x47904,0.09,쿠쿠루,쿠쿠루: 그 뒤에 우리 일족의 계율이라는 고문서를 읽어 봤어.,,,,私ね / あの後、一族のおきてとされてる古文書(こもんじょ)を / よんでみたの。
1/S1061.DAT,0x47966,0.11,쿠쿠루,쿠쿠루: 거기에는 이렇게 쓰여 있었어...,,,,それに書かれていたのはね・・
1/S1061.DAT,0x479AA,0.07,,스메리아는 조화의 힘으로 일하는 나라. 화이트 가문은 조화를 이루기 위한 실을 짜는 가문.,,,,スメリアは /   和の力をもつて働く国。 / ワイト家は和するための /   糸をつむぎおる家。
1/S1061.DAT,0x47A12,0.04,,"화이트 가문의 딸은 든든한 받침이 되는 씨실. 세상이 무너질 때 불길처럼 치솟는 날실이 나타나,",,,,ワイト家の娘は /   強きささえとなるよこ糸。 / 世落ちる時、 /   火のぼるいきおいのたて糸現れ、
1/S1061.DAT,0x47A80,0.07,쿠쿠루,쿠쿠루: 그를 섬겨 세상을 바른길로 이끌라.,,,,これにつかえ /   この世を正しきにみちびく。
1/S1061.DAT,0x47ACC,0.08,쿠쿠루,쿠쿠루: 세상이 끝나려 할 때 나타날 용자를 도우라는 뜻인 것 같아.,,,,つまり、世が終わりかけた時に / 現れる勇者を助けて / はたらくつてことだと思うの。
1/S1061.DAT,0x47B40,0.12,쿠쿠루,쿠쿠루: 굉장한 이야기지?,,,,何だか、すごい話でしょ。
1/S1061.DAT,0x47B94,0.10,아크,아크: 그날 만난 정령도 인류의 멸망과 내 운명을 말했지만...,,,,そう言えば、あの夜会つた精霊も人が滅びるとか / 俺の運命とか言つてたけど、
1/S1061.DAT,0x47BF0,0.15,아크,아크: 그런 것보다 난 아버지를 만나고 싶어.,,,,・・そんなこより、俺 / 父さんに会いたいんだ。
1/S1061.DAT,0x47C3E,0.18,아크,아크: 난 마을을 떠날 거야. 팔렌시아성에 가면 뭔가 알 수 있겠지.,,,,とにかく俺は村を出て行く。 / パレンシア城に行けば / 何か分かるかもしれない。
1/S1061.DAT,0x47CC0,0.25,쿠쿠루,"쿠쿠루: 아크, 나...",오... 아크야...,어머니,2,・・アーク、あたし・・
1/S1061.DAT,0x47D04,0.12,쿠쿠루,쿠쿠루: 나도 네 뒤를 따라갈게.,,,,あなたのあとを / 追いかけていくわ。
1/S1061.DAT,0x47D52,0.40,아크,아크: 쿠쿠루...,"쿠쿠루, 괜찮아?",아크,5,ククル・・。
1/S1061.DAT,0x47DA0,0.10,쿠쿠루,쿠쿠루: 널 좋아해서 그러는 건 아니야.,,,,別に好きだからとか / そういうんじゃないの。
1/S1061.DAT,0x47DEC,0.08,,"나는 알 수 있어. 너는 날실이고, 내가 따라야 할 길이야.",,,,私には分かる。<CTRL:E4:15> / あなたはたて糸で<CTRL:E4:15> / 私のしたがう道なのよ。
1/S1061.DAT,0x47E44,0.00,아크,아크: 길?,,,,道？
1/S1061.DAT,0x47E7C,0.14,쿠쿠루,"쿠쿠루: 그래, 길.",,,,そう、道。
1/S1061.DAT,0x47EB6,0.18,쿠쿠루,쿠쿠루: 네가 나아가는 곳에 길이 생길 거야.,,,,あなたが進んでいく時 / そこに道が出来る。
1/S1061.DAT,0x47F02,0.11,쿠쿠루,쿠쿠루: 그 길이 어디로 이어지는지는 나도 모르지만...,,,,それがどこに続いているのか、 / 私には分からないけど・・
1/S1061.DAT,0x47F56,0.08,,나는 그 길을 걸어가게 될 것 같은 기분이 들어.,,,,私はその道を / 歩いていくような気がするの。
1/S1061.DAT,0x47FA2,0.10,쿠쿠루,쿠쿠루: 고문서에는 일족에게 전해지는 신비한 힘도 적혀 있었어.,,,,古文書には、一族に伝わる / 不思議な力についても / 書いてあつた。
1/S1061.DAT,0x48000,0.07,쿠쿠루,"쿠쿠루: 지금은 함께 못 가지만, 반드시 그 힘을 얻어서 널 따라갈게.",,,,今は一緒には行けないけど / かならす その力を手に入れて / あなたを追いかけるわ。
1/S1061.DAT,0x48076,0.08,아크,아크: 알겠어. 그럼 난 이만 갈게...,,,,・・わかつた。<CTRL:E4:3D> / じゃ行くから・・。
1/S1061.DAT,0x480C8,0.50,쿠쿠루,"쿠쿠루: 아크, 몸조심해.","""아크.. 조심해...""",,3,アーク、元気でね。
1/S1071.DAT,0x478D6,0.06,촌장,"촌장: 자, 이 앞부터는 너희 화이트 가문의 사람만 들어갈 수 있다.",,,,村長  / さあ、この先から先は / おまえ達ワイト家の者しか入れない。
1/S1071.DAT,0x47932,0.15,,약속대로 이 마을에서 내보내 줄 거지? 정말로 자유롭게 해 줄 거지?,,,,約束どおり、 / この村から出してくれるの？ / 本当に自由にしてくれるの？
1/S1071.DAT,0x4798E,0.08,촌장,"촌장: 아아, 물론이지. 하지만 그 전에 시온산 정상에 있는 봉인의 불꽃을...",,,,村長  / ああ本当だとも。 / でもその前に、シオン山の山頂にある / 封印(ふういん)の炎を・・。
1/S1071.DAT,0x479FA,0.17,,알고 있어.,,,,分かつてる。
1/S1072.DAT,0x478CC,0.06,촌장,촌장: 신의 피를 이은 일족만 들어갈 수 있도록 결계가 지키던 시온산의 불꽃도...,,,,村長  / 神の血を引く一族しか入れない / 結界(けつかい)に守られた / シオン山の炎も
1/S1072.DAT,0x47932,0.11,촌장,촌장: 이 말괄량이 덕분에 마침내 꺼지는구나.,,,,村長  / じゃじゃ馬娘のおかげで / ついに消えるか。
1/S1072.DAT,0x47996,0.25,촌장,촌장: 돌아왔구나...,마침내 돌아왔군..,,8,村長  / もどつて来たようだな・・。<CTRL:E4:79>
1/S1072.DAT,0x479F4,0.38,촌장,"촌장: 오오, 기다리고 있었네.",기다리고?,,11,村長  / おお、待ちかねたぞ。<CTRL:E4:5B>
1/S1072.DAT,0x47A68,0.38,촌장,촌장: 무슨 일이냐?,무슨 일이 생긴 거지?,여인,1,村長  / どうした？
1/S1072.DAT,0x47AA8,0.19,,목소리가... 아주 무서운 목소리가 들렸어요. 분명 좋지 않은 일이 생길 것 같아요...,,,,声が・・ / とても恐ろしい声がした。 / きつと、よくないこが / 起きる気がする・・。
1/S1072.DAT,0x47B0E,0.17,촌장,"촌장: 쿠쿠루도 의외로 겁이 많구나. 자, 돌아가자.",,,,村長  / ククルも意外とおくびょうだな。<CTRL:E4:3D> / さっ、帰ろう。
1/S1072.DAT,0x47B94,0.07,촌장,촌장: 후후후... 잘됐군. 안델 대신에게 상을 많이 받아야겠어...,,,,村長  / フフフ・・うまくいつた。<CTRL:E4:3D> / アンデル大臣にたつぷりと / ほうびをもらわねば・・。
1/S1072.DAT,0x47C24,0.09,,"그날 밤, 시온산에는 십 년 만의 눈보라가 몰아쳤다.",,,, /  /  /  /  /  / その夜、シオン山は /     10年ぶりのふぶきにみまわれた<CTRL:E4:3D><CTRL:E4:3D><CTRL:E4:3D><CTRL:E4:3D><CTRL:E4:3D><CTRL:E4:3D>
21/S2011.DAT,0x4791A,0.44,,여기가 팔렌시아성인가...,팔렌시아 성,,19,これが、パレンシア城か・・。
21/S2011.DAT,0x47AAA,0.18,,뭐지? 전쟁이라도 시작되나?,,,,何だ？ 戦争が始まるのか？
21/S2011.DAT,0x47AF6,0.29,,이봐! 기다려 줘!,잠깐 기다려!,아크,19,おーい!<CTRL:E4:3D> / 待つてくれよー!
21/S2011.DAT,0x47BAC,0.23,병사,"병사: 꼬마야, 팔렌시아성에는 무슨 일이지? 여긴 아이들 놀이터가 아니다!","""이 성에 무슨 일이지? 여긴 어린이들이 올만한 곳이 아니야.""",,3,兵士  / パレンシア城に何の用だ小僧(こぞう)。ここは子供の遊び場ではないぞ!
21/S2011.DAT,0x47C0C,0.12,,놀러 온 게 아니야. 나는 토우빌에서 온 아크. 왕께서 부르셨어.,,,,遊びに来たんじゃない。 / 俺はトウヴィルから来たアーク。王様に呼ばれたんだ。
21/S2011.DAT,0x47C68,0.25,병사,병사: 토우빌의 아크. 이렇게 어린아이였다니...,"""토우빌의 아크가 왔습니다.""",,3,兵士  / トウヴィルのアーク。 / こんな子供だつたのか・・。
21/S2011.DAT,0x47CC0,0.10,병사,병사: 이야기는 들었다. 들어가도 좋다.,,,,兵士  / 話は聞いている。 / 通つてよし。
21/S2012.DAT,0x478A6,0.07,병사,병사: 국왕의 명을 마친 뒤 돌아오시오.,,,,兵士  / 王の命を果たしてから戻られよ。
21/S2013.DAT,0x478C6,0.12,병사,병사: 국왕 폐하께서 기대하고 계신다. 좋은 결과를 가지고 돌아오도록.,,,,兵士  / 王はお前に期待しておられる。 / 良い結果を持ち帰るのだぞ。
21/S2013.DAT,0x47A5E,0.10,병사,"병사: 뭐야, 이 술 취한 자는!?",,,,兵士  / 何だ、このヨッパライは!？
21/S2013.DAT,0x47AAA,0.10,,"뭐라고, 이 자식아!",,,,なんだと、このやろう!
21/S2013.DAT,0x47AE8,0.10,,나도 안에 들여보내라고 하는 거야!,,,,おれも中に入れろつてんだよ!
21/S2013.DAT,0x47B2A,0.08,병사,병사: 시끄러워! 저쪽으로 꺼져!!,,,,兵士  / うるさい! / あつちにいつてろ!!
21/S2013.DAT,0x47B6A,0.10,,나는... 야마모토다!!,,,,おれは<CTRL:E4:3D><CTRL:E4:3D><CTRL:E4:3D>ヤマモトだっ!!<CTRL:E4:3D><CTRL:E4:3D>
21/S2013.DAT,0x47B9A,0.05,병사,"병사: 이봐! 그만두, 그만두지 못해!!",,,,兵士  / こら! / やめろ、やめないか!!
21/S2013.DAT,0x47BDA,0.07,,"병사 
어서 비켜라！！",,,,兵士  / さつさとどけろ!!
21/S2013.DAT,0x47C00,0.06,,"어엇, 어어어어...",,,,お、と・と・と・と<CTRL:E4:3D>
21/S2013.DAT,0x47C34,0.03,,우게에에에에에에에!,,,,うげえええええええ
21/S2013.DAT,0x47C80,0.20,,무슨 일입니까?,무슨 일이 생긴 거지?,여인,1,どうしたんですか？
21/S2013.DAT,0x47CBC,0.12,병사,병사: 시내의 술 취한 자가 난동을 부리고 있다고.,,,,兵士  / ダウンタウンのヨッパライがあばれてるんだよ。
21/S2013.DAT,0x47D20,0.40,,괜찮아?,"쿠쿠루, 괜찮아?",아크,5,大丈夫？
21/S2013.DAT,0x47D5E,0.04,,"리에 양, 귀엽구먼.",,,,リエちゃんかわいいのふ
21/S2013.DAT,0x47D9E,0.12,,나와 함께 언제 한번 가지 않겠나!,,,,わしと一緒にいつっいどうじゃ!
21/S2013.DAT,0x47E08,0.08,,듣기 좋구먼. 잠이 확 깨버렸어.,,,,きくのふ / よいがさめちまつたわい
21/S2013.DAT,0x47E4C,0.08,리에,"리에: 너, 토슈와 제법 좋은 승부를 할 수 있겠는걸.",,,,リエちゃん / あんた、トッシュといい勝負ができるな
21/S2013.DAT,0x47E9A,0.14,,시내에 올 일이 있으면 만나게 해 줄게.,,,,ダウンタウンに来ることがあつたら / あわせてやるぜ
21/S2013.DAT,0x47EE6,0.14,,"자, 집에 돌아갈까!",,,,さーて、うちに帰るか!
21/S2013.DAT,0x47F48,0.22,,괜찮으려나...,"폐하, 괜찮으십니까?",아크,20,大丈夫かしら・・・
21/S2014.DAT,0x478F8,0.25,,돌아왔구나.,마침내 돌아왔군..,,8,もどつてきたな。
21/S2014.DAT,0x47934,0.07,,오랜만인 것 같아.,,,,ひさしぶりな気がする。
21/S2014.DAT,0x47974,0.10,,여러 일도 있었으니까.,,,,いろいろあつたしね。
21/S2014.DAT,0x47AC0,0.00,,뭘까...?,,,,なんだろう・・？
21/S2014.DAT,0x47AFE,0.10,,분명 죄인일 거라고 생각하는데...,,,,きつと罪人(ざいにん)だと / 思うんだけど・・。
21/S2014.DAT,0x47B4E,0.04,,죄인? 눈이 고왔어.,,,,罪人？ / きれいな目をしていたわよ。
21/S2014.DAT,0x47BA2,0.19,병사,병사: 아크인가? 왕과의 약속은 다했나?,,,,兵士1  / アークか？ / 王との約束を果たしたのか？
21/S2014.DAT,0x47BF4,0.17,,그래.,,,,ああ。
21/S2014.DAT,0x47C2C,0.09,,그런데 방금 사람은?,,,,ところで今のは？
21/S2014.DAT,0x47C66,0.05,병사,"병사: 아, 저자는 시내의 경호원일세.",,,,兵士1  / あっ、あれはダウンタウンの用心棒。
21/S2014.DAT,0x47CB2,0.11,병사,병사: 굉장히 실력이 뛰어난 녀석이라는군...,,,,兵士1  / えらくうでが立つヤツらしいが・・。
21/S2014.DAT,0x47D08,0.07,,무슨 못된 짓을 한 거야?,,,,何か悪いことしたの？
21/S2014.DAT,0x47D4C,0.10,병사1,"병사1: 자세히는 모르지만, 대신이 발령한 팔렌시아 개조 계획에 반대했다는군.",,,,兵士1  / くわしくはしらんが / 大臣の発令したパレンシア改造計画に / たてついたらしい。
21/S2014.DAT,0x47DB2,0.38,,팔렌시아 개조 계획?,팔렌시아 성,,19,パレンシア改造計画？
21/S2014.DAT,0x47DF2,0.09,병사1,"병사1: 팔렌시아의 안전을 위해 주민을 가려서, 군의 허가 없이는 드나들지 못하게 할 모양이야.",,,,兵士1  / パレンシアの安全のために住民を選び / 軍の許可なく出入りできないように / するらしい。
21/S2014.DAT,0x47E5C,0.08,병사1,병사1: 내몰리는 주민들이 반대하는 모양이지만...,,,,兵士1  / 追い出される住民が / 反対してるようだが・・。
21/S2014.DAT,0x47EB2,0.12,병사2,"병사2: 이봐, 수다가 너무 지나치잖아!",,,,兵士2  / こら、おしゃベりが過ぎるぞ!
21/S2014.DAT,0x47EFC,0.19,병사2,"병사2: 아크, 왕께서 기다리고 계신다. 어서 가는 게 좋겠어.",,,,兵士2  / アーク、王がお待ちかねだ。 / 早く行くがいい。
21/S2021.DAT,0x4857C,0.12,,어째서 도시 한복판에 마물이 있는 거지?,,,,なんで、こんな街の中に / モンスターがいるの？
21/S2021.DAT,0x4860E,0.21,,큰일이야! 여자아이가 마물에게 공격받고 있어!,"봐, 어떤 여자가 몬스터에게 공격당하고 있어!",포코,5,大変だ! / 女の子がモンスターに / おそわれてる!
21/S2021.DAT,0x48666,0.40,아크,아크: 쿠쿠루!,"쿠쿠루, 괜찮아?",아크,5,ククル!
21/S2021.DAT,0x486B0,0.29,쿠쿠루,"쿠쿠루: 아크, 이게 어떻게 된 일이야?","아크, 이건 무슨 일이야?",쿠쿠루,5,アーク、どうなつてるの？
21/S2021.DAT,0x486FC,0.10,아크,아크: 우리가 쓰러뜨린 마물이 복수하러 온 거야. 지금 구해 줄 테니 기다려!,,,,俺達が倒したモンスターが / 仕返しにやつてきたんだ。 / 今、助けるから待つてろ!
21/S2021.DAT,0x48830,1.00,아크,"아크: 쿠쿠루, 괜찮아?","쿠쿠루, 괜찮아?",아크,5,ククル、大丈夫か？
21/S2021.DAT,0x48870,0.08,쿠쿠루,쿠쿠루: 나도 제법 잘 싸우지?,,,,私だつて / りつっに戦えるでしょ？
21/S2021.DAT,0x488FE,0.40,아크,아크: 쿠쿠루...,"쿠쿠루, 괜찮아?",아크,5,ククル・・。
21/S2021.DAT,0x4893A,0.06,쿠쿠루,"쿠쿠루: 약속대로 힘을 얻어 왔는데, 갑자기 너무 많이 썼나 봐...",,,,約束どおり、<CTRL:E4:3D>力を手に入れて<CTRL:E4:29> / 来たんだけど<CTRL:E4:3D> / 急に使いすぎたみたい。
21/S2021.DAT,0x4899E,0.20,쿠쿠루,쿠쿠루: 괜찮아. 조금만 쉬면...,"쿠쿠루, 괜찮아?",아크,5,大丈夫、<CTRL:E4:3D>ちょつと休めば・・。
21/S2021.DAT,0x489EA,0.40,아크,아크: 말하지 마.,걱정하지 마.,아크,6,しゃベるな。
21/S2021.DAT,0x48A26,0.11,아크,아크: 쉬게 해야 해.,,,,休ませなきゃ。
21/S2022.DAT,0x47918,0.26,,마지막 돌이 설마 이 성의 지하에 있을 줄이야...,마지막 돌이 이 성에 있다고 했지.,아크,19,最後の石がまさかこの城の地下にあるとはな・・。
21/S2022.DAT,0x47968,0.11,,왕도 모르시는 거겠지. 나는 대신이 수상하다고 생각해.,,,,王も知らないんでしょう。 / 私は大臣が怪しいと思うな。
21/S2022.DAT,0x479B8,0.11,,누구를 믿을 수 있을지 모르겠어. 정면으로 가도 방해받을 뿐이겠지.,,,,誰が信用できるかわからない。 / まともに行つても邪魔される / だけだろうしな。
21/S2022.DAT,0x47A1E,0.08,,강행 돌파할 수밖에 없잖아!,,,,強行突破(きょうこうとつっ) / しかねえだろうが!
21/S2022.DAT,0x47A6E,0.11,,하지만 어디로 돌이 있는 지하에 간단 말이냐?,,,,でもどこから石のある / 地下に行くんじゃ？
21/S2022.DAT,0x47AB8,0.09,,지하로 통하는 길이라면 곳간이나 감옥밖에는 생각할 수 없겠군.,,,,地下へ通じる道なら / 倉庫か牢屋しか / 考えられないなっ。
21/S2022.DAT,0x47B10,0.12,,그러고 보니 전에 몬스터가 있었던 곳은 지하 창고였어.,,,,そう言えば、前にモンスターが / いたのは地下倉庫だつた。
21/S2022.DAT,0x47B62,0.17,,"좋아, 지하 창고로 가 보자!",,,,よし、地下倉庫に行つてみよう!
21/S2022.DAT,0x47C3C,0.15,병사1,병사1: 아크 님이신가. 왕의 임무는 끝내셨습니까?,,,,兵士1  / アーク殿か。 / 王の任を終えたのか？
21/S2022.DAT,0x47C8C,0.11,,"아니, 그런 건 아니지만...",,,,いや / そうじゃないんだけど・・。
21/S2022.DAT,0x47CE2,0.09,,"잠시 부탁이 있는데, 성의 지하 창고로 가고 싶어.",,,,ちょつとそのこで / 城の地下倉庫に行きたいんだ。
21/S2022.DAT,0x47D30,0.08,병사2,병사2: 그거라면 안델 님의 허가를 받으면 되지 않나.,,,,兵士2  / それならアンデル様の / 許可をとればいいではないか。
21/S2022.DAT,0x47D86,0.07,,그게 안 되니까 부탁하는 건데...,,,,それができないから / 頼んでるのに・・。
21/S2022.DAT,0x47F2A,0.14,,거칠게 나오는군.,,,,手荒なこをしおる。
21/S2022.DAT,0x47F68,0.05,,이제 물러설 수는 없군.,,,,もう後にはひけんな。
21/S2031.DAT,0x47932,0.33,대신,"대신: 토우빌의 아크, 들어오너라.","""토우빌의 아크가 왔습니다.""",,3,大臣  / トウヴィルのアーク、入るがよい。
21/S2033.DAT,0x47936,0.08,쿠쿠루,쿠쿠루: 반역자라는 게 아까 그 사람인가?,,,,謀反人つてさつきの人？
21/S2033.DAT,0x47978,0.05,아크,아크: 아마도.,,,,多分。
21/S2033.DAT,0x479B0,0.11,쿠쿠루,쿠쿠루: 마음에 걸려.,,,,気になるなっ。
21/S2033.DAT,0x479EC,0.00,아크,아크: 뭐가?,,,,何が？
21/S2033.DAT,0x47A24,0.13,쿠쿠루,쿠쿠루: 그런 사람처럼 보이지 않았어.,,,,だつてそんな人に見えなかつた。
21/S2033.DAT,0x47A68,0.11,아크,아크: 저 대신도 뭔가 수상하고.,,,,あの大臣も何か怪しいしな。
21/S2033.DAT,0x47AAA,0.11,쿠쿠루,"쿠쿠루: 포코, 지하 감옥이 어디인지 알아?",,,,ポコ、地下牢の場所知つてる？
21/S2033.DAT,0x47AEE,0.12,포코,"포코: 응, 알고는 있지만...",,,,うん、そりゃ知つてるけど・・。
21/S2033.DAT,0x47B34,0.08,아크,아크: 그럼 결정됐네.,,,,決まりだな。
21/S2033.DAT,0x47B6E,0.17,쿠쿠루,"쿠쿠루: 자, 안내해 줘.",,,,さつ、案内して。
21/S2033.DAT,0x47BAC,0.11,포코,포코: 이래도 되는 걸까...,,,,いいのかなっ・・。
21/S2034.DAT,0x47994,0.07,대신,"대신: 흥! 계획은 조금 틀어졌지만, 너희들 덕분에 수고를 던 셈이군.",,,,大臣  / フンッ / 少し計画はくるつたが、 / おまえらのおかげで手聞がはぶけたわ。
21/S2034.DAT,0x479F8,0.14,대신,대신: 왕께서 기다리신다. 어서 가 보아라.,,,,大臣  / 王がお待ちだ。早くいつてやれ。
21/S2041.DAT,0x47EFE,0.11,,에리어 MAP을 열까요?|연다|열지 않는다,,,,<CTRL:E5:03>エリアMAPをオープンしますか？ / <CTRL:E5:03>オープンする / <CTRL:E5:03>オープンしない / 
21/S2041.DAT,0x47FF8,0.15,승무원,"승무원: 아크 님이시군요. 이제 미르마나로 출발하겠습니다만,",,,,乗員  / アーク殿ですね。 / これからミルマーナに出発しますが、
21/S2041.DAT,0x4804E,0.17,승무원,승무원: 미르마나 입국 후에는 군 본부의 허가 없이는 다른 나라로 갈 수 없습니다.,,,,乗員  / ミルマーナに入国後は / 軍本部の許可がないと / 他の国には行くことができません。
21/S2041.DAT,0x480B4,0.21,승무원,승무원: 미르마나를 황폐하게 만드는 몬스터들은 우리나라보다 강력하다고 합니다.,또한 미루마나의 몬스터는 이곳의 몬스터들보다 강력합니다.,,6,乗員  / ミルマーナを荒らすモンスター達は / わが国より強力だといいます。
21/S2041.DAT,0x48118,0.27,승무원,승무원: 자신은 있으십니까?,"폐하, 괜찮으십니까?",아크,20,乗員  / 自信はありますか？
21/S2041.DAT,0x48160,0.06,<CTRL,"<CTRL:E5>#물론이야！
<CTRL:E5>#조금 자신이 없어··。
<CTRL:E5>#아직 싸우는 법을 몰라。",,,,<CTRL:E5:04>もちろん! / <CTRL:E5:04>ちょつと自信がないな・・。 / <CTRL:E5:04>まだ戦い方がわからないや。
21/S2041.DAT,0x481CC,0.09,승무원,"승무원: 그럼, 타십시오.",,,,乗員  / では、お乗り下さい。
21/S2041.DAT,0x482C2,0.19,승무원,승무원: 자신이 생길 때까지 기다리고 있겠습니다.,,,,乗員  / 自信がつくまでお待ちしております。
21/S2041.DAT,0x4834C,0.09,승무원,승무원: (자신이 없어도 정도가 있지.),,,,乗員  / (自信がないにもほどがあるよな)
21/S2041.DAT,0x48398,0.11,,응? 뭐라고 했어?,,,,え？<CTRL:E4:3D>何か言つた？
21/S2041.DAT,0x483D4,0.11,,"승무원 
아뇨……아무것도 아닙니다。",,,,乗員  / いえ・・なにも。
21/S2041.DAT,0x48440,0.23,승무원,승무원: 무엇이 알고 싶으십니까?,"폐하, 괜찮으십니까?",아크,20,乗員  / 何が知りたいですか？
21/S2041.DAT,0x48488,0.04,<CTRL,"<CTRL:E5>#강해지는 방법
<CTRL:E5>#전투 요령
<CTRL:E5>#그만",,,,<CTRL:E5:04>どうすれば強くなれるの？ / <CTRL:E5:04>何か戦いのコツはあるの？ / <CTRL:E5:04>やつっり、いいや。
21/S2041.DAT,0x484FE,0.12,승무원,"승무원: 어느 나라에나, 언제 가도 몬스터가 있는 장소가 있습니다.",,,,乗員  / どこの国にも、いつ行つてもモンスターのいる場所があります。
21/S2041.DAT,0x48554,0.14,승무원,승무원: 여기서 여러 번이고 싸우면 점점 강해질 수 있습니다.,,,,乗員  / ここで何度も戦えば、 / どんどん強くなれます。
21/S2041.DAT,0x485A6,0.12,승무원,"승무원: 이곳의 몬스터는 게임이 진행되어도 변하지 않으니, 단련하고 싶은 사람의 레벨에 맞춰 장소를 고를 수 있습니다.",,,,乗員  / この場所のモンスターはゲームが進んでも変わらないので、鍛えたい人のレベルに / 合わせて場所を選ベます。
21/S2041.DAT,0x4861A,0.06,승무원,승무원: 게임이 끝날 때까지 이런 장소는 합계 10곳 이상이 됩니다.,,,,乗員  / ゲームが終わるまでに、こういう場所は、合計10カ所以上になります。
21/S2041.DAT,0x48684,0.06,승무원,승무원: 자신의 턴일 때 LR 버튼을 동시에 누르면 프리 커서가 됩니다.,,,,乗員  / 自分のターンの時に、LRボタンを同時におすとフリーカーソルになります。
21/S2041.DAT,0x486E4,0.08,승무원,승무원: 이것을 써서 몬스터의 장소와 지형을 잘 보고 작전을 세워 보면 어떻겠습니까?,,,,乗員  / これを使つて、モンスターの場所、地形をよく見て作戦を立ててはどうでしょう？
21/S2041.DAT,0x48746,0.10,승무원,"승무원: 그 밖에 분열하는 몬스터는 HP가 절반이 되지만, 쓰러뜨렸을 때 받는 경험치는 변하지 않습니다.",,,,乗員  / 他には、分れつするモンスターは、HPが半分になりますが、倒した時にもらえる / 経験値は変わりません。
21/S2041.DAT,0x487BA,0.16,승무원,승무원: 이것을 이용해 보면 어떻겠습니까?,,,,乗員  / これを利用してみてはどうでしょう？
21/S2041.DAT,0x4880A,0.16,승무원,"승무원: 그러면 미르마나를 향해 출발하겠습니다만, 자신은 있으십니까?",,,,乗員  / それでは、 / ミルマーナに向けて出発しますが、 / 自信はありますか？
21/S2042.DAT,0x47F5A,0.16,초핀,초핀: 왕의 허가 없이 비행선에 태워 드릴 수는 없습니다.,,,,チョピン  / 王の許可なく、飛行船にお乗せするわけにはいきません。
21/S2042.DAT,0x47FF0,0.12,초핀,초핀: 더 도와드릴까요?|괜찮아|하나만 더,,,,チョピン  / 何か私でお力になれるこはありますか？ / <CTRL:E5:03>ベつにない。 / <CTRL:E5:03>ちょつと教えてほしい。
21/S2042.DAT,0x48064,0.17,초핀,초핀: 그럼 조심히 다녀오세요.,,,,チョピン  / それでは、お気をつけて。
21/S2042.DAT,0x480D4,0.23,초핀,초핀: 무엇이 알고 싶으십니까?,"폐하, 괜찮으십니까?",아크,20,チョピン  / 何が知りたいですか？
21/S2042.DAT,0x4811E,0.07,,|강해지는 법|전투 요령|그만,,,,<CTRL:E5:04>どうすれば強くなれるの？ / <CTRL:E5:04>何か戦いのコツはあるの？ / <CTRL:E5:04>やつっり、いいや。
21/S2042.DAT,0x48194,0.10,초핀,초핀: 어느 나라든 언제든 마물과 싸울 수 있는 장소가 있습니다.,,,,チョピン  / どこの国にも、いつ行つてもモンスターのいる場所があります。
21/S2042.DAT,0x481EA,0.10,초핀,초핀: 그곳에서 여러 번 싸우면 계속 강해질 수 있습니다.,,,,チョピン  / ここで何度も戦えば、 / どんどん強くなれます。
21/S2042.DAT,0x4823C,0.06,초핀,"초핀: 그곳의 마물은 이야기가 진행되어도 강해지지 않으니, 수련할 사람의 수준에 맞춰 장소를 고르세요.",,,,チョピン  / この場所のモンスターはゲームが進んでも変わらないので、鍛えたい人のレベルに / 合わせて場所を選ベます。
21/S2042.DAT,0x482B0,0.05,초핀,초핀: 이런 장소는 게임이 끝날 때까지 모두 열 곳 이상 생깁니다.,,,,チョピン  / ゲームが終わるまでに、こういう場所は、合計10カ所以上になります。
21/S2042.DAT,0x4831C,0.06,초핀,초핀: 자신의 턴일 때 LR 버튼을 동시에 누르면 프리 커서가 됩니다.,,,,チョピン  / 自分のターンの時に、LRボタンを同時におすとフリーカーソルになります。
21/S2042.DAT,0x4837E,0.05,초핀,초핀: 자유 커서로 마물의 위치와 지형을 살핀 뒤 작전을 세워 보세요.,,,,チョピン  / これを使つて、モンスターの場所、地形をよく見て作戦を立ててはどうでしょう？
21/S2042.DAT,0x483E0,0.10,초핀,"초핀: 그 밖에 분열하는 몬스터는 HP가 절반이 되지만, 쓰러뜨렸을 때 받는 경험치는 변하지 않습니다.",,,,チョピン  / 他には、分れつするモンスターは、HPが半分になりますが、倒した時にもらえる / 経験値は変わりません。
21/S2042.DAT,0x48454,0.08,초핀,초핀: 이 점을 잘 활용해 보세요.,,,,チョピン  / これを利用してみてはどうでしょう？
21/S2043.DAT,0x47FC4,0.19,병사,병사: 국왕께서 기다리고 계십니다. 성으로 와 주십시오.,,,,兵士  / 国王がお待ちです。 / 城においで下さい。
21/S2044.DAT,0x47FB8,0.12,,"초핀 
국왕께 말씀은 들었습니다。
<CTRL:E4>저는 초핀입니다。",,,,チョピン  / 王から話は聞いております。 / <CTRL:E4:3D>私はチョピン。
21/S2044.DAT,0x4800A,0.18,초핀,초핀: 여러분의 여행을 돕도록 왕께 명을 받았습니다.,,,,チョピン  / みなさまの旅のお手伝いをするよう / 王より命じられております。
21/S2044.DAT,0x48064,0.10,초핀,초핀: 무엇인가 모르는 것이 있으면 물어봐 주십시오.,,,,チョピン  / なにかわからないことがあれば、 / 聞いてみて下さい。
21/S2044.DAT,0x480B8,0.14,초핀,"초핀: 아크 님, 앞으로도 잘 부탁드립니다.",,,,チョピン  / アーク様 / 今後ともよろしくおねがいいたします。
21/S2044.DAT,0x4810A,0.09,초핀,"초핀: 자, 타십시오.",,,,チョピン  / では、お乗り下さい。
21/S2044.DAT,0x481D8,1.00,,잠깐 기다려!,잠깐 기다려!,아크,19,チョットまつた!<CTRL:E4:3D>
21/S2044.DAT,0x4821E,0.20,,"당신, 이 배의...",네.. 혹시 당신이 그것을?,,11,あなた、この聞の・・。
21/S2044.DAT,0x48268,0.16,,"이유는 분명하지 않지만, 너희를 따라가겠어.",,,,理由ははつきりしないが / おまえ等について行こうと思う。
21/S2044.DAT,0x482BC,0.09,,이 배의 힘이 있으면 발목을 잡지는 않을 거다.,,,,この聞の力があれば / 足手まといにはならないはすだ。
21/S2044.DAT,0x4831A,0.13,,"왔는가 왔는가, 기다리고 있었느니라. 자네가 없으면 앞으로 힘들 테니 말이야.",,,,来たか来たか / 待つておつたぞ。 / おぬしがいないとこれから先 / つらいからのう。
21/S2044.DAT,0x48388,0.12,,"뭐야, 이 영감은!",,,,何だこのじじいはつ!
21/S2044.DAT,0x483D4,0.07,,흥! 아직 마음의 단련이 부족하구나.,,,,ふんつ! / まだ心の鍛練(たんれん)が / なつておらん。
21/S2044.DAT,0x48428,0.20,,"아크, 걱정하지 마. 이 녀석도 정해진 동료 중 한 명이야.",걱정하지 마.,아크,6,アーク、心配せんでいい。 / こやつも定められた仲聞の1人。
21/S2044.DAT,0x4847E,0.12,,정해졌다고?,,,,定められた？
21/S2044.DAT,0x484C8,0.06,,그렇다. 내 옛 여행 때부터 정해진 영혼이지.,,,,そうじゃ、わしの古の旅から / 定められた魂じゃ。
21/S2044.DAT,0x48518,0.11,,그럼 우리는 옛날에 함께 여행한 적이 있는 거야?,,,,じゃあ、ぼくらは昔いつしょに / 旅をしたことがあるの？
21/S2044.DAT,0x4856A,0.07,,"그렇지, 혼은 돌고 도는 법. 예전에 스메리아로 성궤를 옮겨 온 동료들이 다시 모이는 것이니라.",,,,そうじゃ、魂はめぐる。 / かつてスメリアに<G:90>聖柩<G:89>を運んできた仲聞が再び集まるのじゃ。
21/S2044.DAT,0x485D0,0.14,,그렇게 말해도...,,,,そう言われても・・。
21/S2044.DAT,0x48610,0.08,,좋잖아. 앞으로의 여행은 분명 힘들 테니까.,,,,いいじゃない。 / これからの旅はきつと大変なんだから。
21/S2044.DAT,0x48668,0.10,,"그럼 결정이군. 나는 토슈, 잘 부탁하지.",,,,じゃあ決まりだな。 / 俺はトッシュ。よろしく頼むぜ。
21/S2044.DAT,0x48750,0.21,초핀,초핀: 언제든 정비하여 기다리고 있습니다.,기다리고?,,11,チョピン  / いつでも整備してお待ちしております。
21/S2045.DAT,0x47546,0.33,초핀,초핀: 출발하시겠습니까?,그래도 떠나시겠습니까?,,6,チョピン  / 出発なさいますか？
21/S2045.DAT,0x4758E,0.10,,|출발|그만|정보,,,,<CTRL:E5:03>出発する / <CTRL:E5:03>出発しない / <CTRL:E5:03>いろいろ教えて!
21/S2045.DAT,0x475EA,0.12,초핀,"초핀: 그럼, 이쪽으로.",,,,チョピン  / では、こちらへ。
21/S2045.DAT,0x47710,0.21,초핀,초핀: 언제든 정비하여 기다리고 있습니다.,기다리고?,,11,チョピン  / いつでも整備してお待ちしております。
21/S2045.DAT,0x478CC,0.33,초핀,초핀: 출발하시겠습니까?,그래도 떠나시겠습니까?,,6,チョピン  / 出発なさいますか？
21/S2045.DAT,0x47914,0.10,,|출발|그만|정보,,,,<CTRL:E5:03>出発する / <CTRL:E5:03>出発しない / <CTRL:E5:03>いろいろ教えて!
21/S2045.DAT,0x47970,0.12,초핀,"초핀: 그럼, 이쪽으로.",,,,チョピン  / では、こちらへ
21/S2045.DAT,0x47A92,0.21,초핀,초핀: 언제든 정비하여 기다리고 있습니다.,기다리고?,,11,チョピン  / いつでも整備してお待ちしております。
21/S2045.DAT,0x47BEA,0.33,초핀,초핀: 출발하시겠습니까?,그래도 떠나시겠습니까?,,6,チョピン  / 出発なさいますか？
21/S2045.DAT,0x47C32,0.09,,|출발|그만|정보 2,,,,<CTRL:E5:03>出発する / <CTRL:E5:03>出発しない / <CTRL:E5:03>いろいろ教えて! その2
21/S2045.DAT,0x47C92,0.33,초핀,초핀: 출발하시겠습니까?,그래도 떠나시겠습니까?,,6,チョピン  / 出発なさいますか？
21/S2045.DAT,0x47CDA,0.08,,|출발|그만|유용한 정보,,,,<CTRL:E5:03>出発する / <CTRL:E5:03>出発しない / <CTRL:E5:03>耳よりな話を聞きたい!
21/S2045.DAT,0x47D3A,0.12,초핀,"초핀: 그럼, 이쪽으로.",,,,チョピン  / では、こちらへ
21/S2045.DAT,0x47E62,0.21,초핀,초핀: 언제든 정비하여 기다리고 있습니다.,기다리고?,,11,チョピン  / いつでも整備してお待ちしております。
21/S2045.DAT,0x47ED2,0.23,초핀,초핀: 무엇이 알고 싶으십니까?,"폐하, 괜찮으십니까?",아크,20,チョピン  / 何が知りたいですか？
21/S2045.DAT,0x47F1C,0.06,,|아이템 정보|방향과 반격|그만,,,,<CTRL:E5:03>アイテム・アクセサリーの効果。 / <CTRL:E5:03>戦闘の方向と反撃。 / <CTRL:E5:03>やつっり、いいや。
21/S2045.DAT,0x47F94,0.08,초핀,"초핀: 아이템, 장신구, 특수 능력은 커서로 고르고 있을 때 L이나 R 버튼을 누르면 그 효과를 볼 수 있습니다.",,,,チョピン  / アイテム・アクセサリー・特しゅ能力は、カーソルで選んでいる時にLかRボタンをおすことで、その効果を見れます。
21/S2045.DAT,0x4800E,0.07,초핀,초핀: 특히 특수 능력은 필요한 MP와 지금 MP가 표시되니 많이 활용해 주십시오.,,,,チョピン  / 特に、特しゅ能力は必要なMPと / 現在のMPが表示されるので / 大いに利用して下さい。
21/S2045.DAT,0x48082,0.08,초핀,"초핀: 아이템으로 던져서 피해를 주는 것은 돌, 폭탄, 큰 폭탄 세 가지입니다.",,,,チョピン  / アイテムで投げてダメージを与えるものは石・爆弾・大きな爆弾の3つです。
21/S2045.DAT,0x480E4,0.09,초핀,초핀: 아이템 던지기는 반격당하지 않으므로 강한 적에게도 안전한 공격 수단입니다.,,,,チョピン  / アイテム投げは反撃されないので / 強い敵でも安全な攻撃手段です。
21/S2045.DAT,0x48150,0.10,초핀,"초핀: 적을 공격했을 때 반격을 받아, 피해를 입을 때가 있습니다.",,,,チョピン  / 敵に攻撃した場合に、反撃をされ、 / ダメージを受けることがあります。
21/S2045.DAT,0x481AE,0.11,초핀,초핀: 이를 피하려면 적의 뒤나 옆으로 돌아 들어가 공격하면 됩니다.,,,,チョピン  / これを避けるためには、 / 敵の後ろかよこに / 回り込んで攻撃することです。
21/S2045.DAT,0x4820E,0.07,초핀,초핀: 반대로 자신이 공격받을 때는 되도록 정면을 향하게 하면 적에게 반격하기 쉬워집니다.,,,,チョピン  / 逆に、自分が攻撃される時になるベく、 / 正面からになるようにしむけると / 敵に反撃しやすくなります。
21/S2045.DAT,0x4827E,0.07,초핀,초핀: 특수 공격도 아이템을 던지는 것과 마찬가지로 절대로 적의 반격을 받지 않는 공격 수단입니다.,,,,チョピン  / 特しゅ攻撃もアイテムを投げるのと同じく絶対に敵の反撃を受けない攻撃手段です。
21/S2045.DAT,0x48300,0.23,초핀,초핀: 무엇이 알고 싶으십니까?,"폐하, 괜찮으십니까?",아크,20,チョピン  / 何が知りたいですか？
21/S2045.DAT,0x4834A,0.09,,|전투 요령 2|유용한 정보|그만,,,,<CTRL:E5:03>バトルの心得 その2 / <CTRL:E5:03>耳よりな話 / <CTRL:E5:03>やつっり、いいや。
21/S2045.DAT,0x483B6,0.12,,|몬스터 상성|경험치|성장 조언|그만,,,,<CTRL:E5:03>モンスターとの相しょう / <CTRL:E5:03>経験値について / <CTRL:E5:03>成長のアトバイス / <CTRL:E5:03>やつっり、いいや。
21/S2045.DAT,0x48436,0.10,초핀,초핀: 이쪽의 공격이 몬스터에게 통하지 않는 것은 레벨 차이 외에 상성이 나쁜 경우가 있기 때문입니다.,,,,チョピン  / こちらの攻撃がモンスターにきかないのはレベルの違い以外に、相しょうが悪い / 場合があります。
21/S2045.DAT,0x484A4,0.10,초핀,초핀: 예를 들어 마법을 사용하는 몬스터는 마법 공격에 강한 법입니다.,,,,チョピン  / 例えば、魔法を使用するモンスターは、 / 魔法攻撃には強いもんです。
21/S2045.DAT,0x48506,0.11,초핀,초핀: 그 밖에 날아다니는 몬스터에게는 바람 마법이 잘 통하는 경우도 있습니다.,,,,チョピン  / 他には、飛んでいるモンスターには、 / 風の魔法がよくきくとかもあります。
21/S2045.DAT,0x48568,0.10,초핀,초핀: 싸움은 머리를 쓰지 않으면 안 됩니다. 힘만으로는 안 되는 법입니다.,,,,チョピン  / 戦いは頭を使わなきゃいけません。 / 力だけじゃだめなんですよ。
21/S2045.DAT,0x485C4,0.09,,말해 주는군.,,,,言つてくれるぜ。
21/S2045.DAT,0x4860A,0.12,초핀,초핀: 강한 상대를 정해 싸우면 그만큼 많은 경험을 쌓을 수 있습니다.,,,,チョピン  / 強い相手を選んで戦うと、それだけ多くの経験をつめます。
21/S2045.DAT,0x48664,0.08,초핀,"초핀: 경험은 공격했을 때도, 공격받았을 때도 얻을 수 있습니다. 언제나 도전하는 마음으로 맞서 주십시오.",,,,チョピン  / 経験は、攻撃した時も、された時も / 得られます。 / いつもチャレンジする心で挑んで下さい。
21/S2045.DAT,0x486D2,0.13,,어딘가 조금 의욕이 나기 시작했어.,,,,なんだか、ちょつとやる気に / なつてきたな。
21/S2045.DAT,0x4871A,0.09,초핀,초핀: 다만 피해가 0인 경우에는 안 됩니다.,,,,チョピン  / ただし、 / ダメージが0の場合はだめですよ。
21/S2045.DAT,0x487B2,0.08,초핀,초핀: 동료가 늘어나면 전투에서의 역할에 따라 레벨 차이가 더 생기게 됩니다.,,,,チョピン  / 仲聞がふえてくると、戦闘での役わりに / よりレベルにさが出てきます。
21/S2045.DAT,0x48810,0.10,초핀,초핀: 모든 사람이 공격에 알맞은 것은 아닙니다.,,,,チョピン  / すベての人が攻撃に向いているわけでは / ありません。
21/S2045.DAT,0x48866,0.10,초핀,초핀: 캐릭터들의 방어력이 비슷한 수치가 되도록 신경 써 보시는 건 어떻겠습니까?,,,,チョピン  / キャラクターの防ご値が近い値になるように気をつけてみてはどうでしょう？
21/S2045.DAT,0x488C8,0.11,초핀,초핀: 그러면 금방 당해 버리는 낙오자는 없어질 겁니다.,,,,チョピン  / きつと、 / すぐやられてしまう落ちこぼれは / いなくなりますよ。
21/S2045.DAT,0x48926,0.10,,낙오자라니 누구를 말하는 게냐?,,,,落ちこぼれとは誰のことじゃ？
21/S2045.DAT,0x48972,0.19,,|아라라토스 유적|미르마나의 이후|라마다 수행|그만,,,,<CTRL:E5:03>アララトスの遺跡ダンジョン / <CTRL:E5:03>ミルマーナのその後 / <CTRL:E5:03>ラマダ寺での修行 / <CTRL:E5:03>やつっり、いいや。
21/S2045.DAT,0x489F6,0.17,초핀,초핀: 아라라토스의 유적 던전은 상당히 층이 많은 모양입니다.,,,,チョピン  / アララトスの遺跡ダンジョンは / 相当に階層が深いようです。
21/S2045.DAT,0x48A54,0.10,초핀,"초핀: 그 안에는 몬스터가 지키고 있는, 그곳에서만 얻을 수 있는 액세서리도 있다고 들었습니다.",,,,チョピン  / なかには、モンスターに守られた、 / あそこにしかないアクセサリーもあると / 聞きます。
21/S2045.DAT,0x48ABA,0.14,초핀,"초핀: 힘 시험도 할 겸, 때로는 가 보는 것도 좋지 않겠습니까?",,,,チョピン  / 力試しもかねて、時には行つてみるのも / よいのでは？
21/S2045.DAT,0x48B10,0.07,,"그래, 너희 힘으로 보물을 계속 손에 넣는 게야!",,,,そうじゃ、おまえらの力で宝を / どんどん手に入れるんじゃ!
21/S2045.DAT,0x48B62,0.07,,물론 손에 넣은 뒤에는 나에게 맡기거라. 크크크크크.,,,,もちろん、手に入れた後はわしにまかせんしゃい。 / キャッキャッキャッキャッ。
21/S2045.DAT,0x48BC0,0.08,,맡길 리가 없잖아!,,,,まかせる訳ないでしょ!
21/S2045.DAT,0x48C0A,0.15,초핀,초핀: 토요케 숲의 베미의 정령을 기억하십니까?,,,,チョピン  / トヨーケの森のベみの精霊を / おぼえていますか？
21/S2045.DAT,0x48C5E,0.18,초핀,초핀: 그녀는 언제나 우리를 지켜봐 주고 있습니다.,,,,チョピン  / 彼女はいつも我々を見守つてくれて / います。
21/S2045.DAT,0x48CB2,0.09,초핀,"초핀: 미르마나에는 세 곳의 배틀 에어리어가 있다고 하니, 때로는 가서 이야기를 듣는 것도 좋겠습니다.",,,,チョピン  / ミルマーナには、3カ所バトルエリアが / あるこですし、時には行つて、 / 話を聞くのもよいでしょう。
21/S2045.DAT,0x48D1E,0.09,초핀,초핀: 가면 만능약을 받을 수 있는 모양입니다.,,,,チョピン  / 行くと万能薬をもらえるようですよ。
21/S2045.DAT,0x48D6E,0.12,,친절하기도 하군.,,,,やさしいのう。
21/S2045.DAT,0x48DB4,0.07,초핀,초핀: 라마다에 남은 승려들은 절을 수행의 장소로 개방하고 있는 모양입니다.,,,,チョピン  / ラマダに残つた僧達は、 / 寺を修行の場として / 解放しているようです。
21/S2045.DAT,0x48E16,0.09,초핀,초핀: 자신의 강함을 시험하고 싶어졌을 때 들러 보시는 건 어떻겠습니까?,,,,チョピン  / 自分の強さを試したくなつた場合に、 / 立ちよつてみてはどうでしょう。
21/S2045.DAT,0x48E78,0.04,,제자들아....,,,,弟子達よ・・・・。
21/S2045.DAT,0x48EC0,0.11,초핀,초핀: 어느 것에 관해 말씀드릴까요?,,,,チョピン  / どれについてお話ししましょう？
21/S2045.DAT,0x48F18,0.06,,|스톤 서클|링 위치 설정|소환수에 대해|다음 페이지,,,,<CTRL:E5:03>ストーンサークル / <CTRL:E5:03>リングの位置設定 / <CTRL:E5:03>召喚獣について / <CTRL:E5:03>次のページ
21/S2045.DAT,0x48F94,0.07,,|포코의 악기|투기장|키토우올|그만,,,,<CTRL:E5:03>ポコの楽器 / <CTRL:E5:03>闘技場 / <CTRL:E5:03>キートウオール / <CTRL:E5:03>やつっりいいや。
21/S2045.DAT,0x49006,0.05,,|스톤 서클|링 위치 설정|소환수|다음 페이지,,,,<CTRL:E5:03>ストーンサークル / <CTRL:E5:03>リングの位置設定 / <CTRL:E5:03>召喚獣 / <CTRL:E5:03>次のページ
21/S2045.DAT,0x4907E,0.06,,|포코의 악기|투기장|키토우올|다음 페이지,,,,<CTRL:E5:03>ポコの楽器 / <CTRL:E5:03>闘技場 / <CTRL:E5:03>キートウオール / <CTRL:E5:03>次のページ
21/S2045.DAT,0x490F0,0.05,,|라마다사의 수행|로맨싱 스톤|장신구 비단 띠|그만,,,,<CTRL:E5:03>ラマダ寺の修行 / <CTRL:E5:03>ロマンシングストーン / <CTRL:E5:03>アクセサリー<G:90>きぬのおび<G:89> / <CTRL:E5:03>やつっりいいや。
21/S2045.DAT,0x4916A,0.10,초핀,초핀: 고겐 님이 동료가 된 뒤에 오르카스 언덕의 스톤 서클에 가 보셨습니까?,,,,チョピン  / ゴーゲンさんが仲聞になつた後にオルカスの丘のストーンサークルへ行きましたか？
21/S2045.DAT,0x491CE,0.11,초핀,초핀: 여기서는 어떤 아이템을 얻을 수 있습니다. 스톤 서클에서만 말이지요...,,,,チョピン  / ここでは、あるアイテムが手に入ります。ストーンサークルだけに・・。
21/S2045.DAT,0x4922E,0.05,초핀,초핀: 전투 중 자신의 턴에 스타트 버튼을 누르면 스테이터스를 볼 수 있지요.,,,,チョピン  / バトル中に、自分のターンで / スタートボタンをおすと / ステータスを見れますよね。
21/S2045.DAT,0x49292,0.07,초핀,초핀: 그때 커서와  로 링 안의 기술을 고르고 아이콘의 위치를 바꾸어 놓을 수 있습니다.,,,,チョピン  / その時に、カーソルと<CTRL:E7:02>でリングの中の技を選んでアイコンの位置を変えられるんです。
21/S2045.DAT,0x492FC,0.09,초핀,초핀: 이것은 한 번 바꾸면 저장되므로 언제나 사용할 수 있습니다.,,,,チョピン  / これは、一度変えるとセーフされるので / すつと使えますよ。
21/S2045.DAT,0x4935A,0.12,초핀,초핀: 소환수는 전부 합쳐 둘까지 있다고 들었습니다. 그중에는 찾기 어려운 것도 있는 모양이니 여기저기 찾아 보십시오.,,,,チョピン  / 召喚獣は全部で6までなると聞いております。中には見つかりにくいものもいるようなのであちこち探してみて下さい。
21/S2045.DAT,0x493D4,0.09,초핀,초핀: 포코 님의 악기는 전부 여섯 개라고 들었습니다. 모두 찾으면 상당히 강한 부대가 될 수 있겠군요.,,,,チョピン  / ポコ様の楽器は、全部で8つになると聞いております。全部見つかると、かなり強い兵隊になれそうですね。
21/S2045.DAT,0x4944A,0.10,초핀,초핀: 그 뒤의 투기장에서는 배틀에서 이긴 수를 세고 있는 모양입니다.,,,,チョピン  / その後の闘技場では、バトルに勝つた数を数えているみたいですね。
21/S2045.DAT,0x494A6,0.09,초핀,초핀: 분명 좋은 일이 있을 테니 힘내서 기록을 세워 주십시오.,,,,チョピン  / きつと、いいことがありますから / がんばつて記ろくを作つて下さい。
21/S2045.DAT,0x49506,0.08,초핀,초핀: 고겐 님의 키토우올 마법의 불에 큰 폭탄을 던져 넣으면 대폭발이 일어난다고 합니다.,,,,チョピン  / ゴーゲン様のキートウオールの魔法の火に<G:90>大きな爆弾<G:89>を投げ込むと大爆発が / 起こるそうです。
21/S2045.DAT,0x4957A,0.12,초핀,초핀: 몬스터가 많은 곳에서 써 보시는 건 어떻겠습니까?,,,,チョピン  / モンスターの多いところで使つてみては / どうでしょう。
21/S2045.DAT,0x495D4,0.07,초핀,"초핀: 라마다사에서는 등급을 두고 수행을 하고 있는 모양인데, 그것을 모두 끝내면 얻을 수 있는 액세서리가 있는 모양입니다.",,,,チョピン  / ラマダ寺では、ランクを設けて修行を行つているようですが、その全てを終えると手に入るアクセサリーがあるようです。
21/S2045.DAT,0x4964A,0.12,초핀,초핀: 다만 라마다사에서 받을 수 있는 것은 아닌 모양입니다만...,,,,チョピン  / ただ、ラマダ寺でもらえるわけではないようですが・・・。
21/S2045.DAT,0x496A6,0.11,초핀,"초핀: 로맨싱 스톤이 있는 곳을 알아냈습니다. 하나는 스메리아의 토우빌, 하나는 유적 던전, 하나는 고겐 님이, 마지막 하나는 아크 님의 아버님이 가지고 계셨던 모양입니다.",,,,チョピン  / ロマンシングストーンのある場所がわかりました。1つはスメリアのトウヴィル・1つは遺跡ダンジョン、1つはゴーゲン様が、最後の1つはアークさんの父上が持つてらつしゃつたみたいですね。
21/S2045.DAT,0x49744,0.08,초핀,초핀: 전투에서 경험치가 두 배가 되는 장신구가 있는 모양입니다. 이름은 비단 띠. 누구나 쓸 수 있는 것 같군요.,,,,チョピン  / 戦闘での経験値が倍になるアクセサリーがあるようです。名前は<G:90>きぬのおび<G:89>。 / 誰でも使えるようですね。
22/S2046.DAT,0x47FA8,0.12,,이대로 돌아가면 붙잡히고 만다.,,,,このまま戻れば捕まつちまうぞ。
22/S2046.DAT,0x47FEC,0.18,,"그럼, 어떻게 할 거야?",,,,じゃあ、どうするの？
22/S2046.DAT,0x4802A,0.08,,이 몸에게 좋은 생각이 있느니라.,,,,このわしに、 / いい考えがあるんじゃが。
22/S2046.DAT,0x48074,0.22,,어떻게 할 건데?,어떻게 그 사실을?,,13,どうするんだ？
22/S2046.DAT,0x480B0,0.13,,"자자, 이 촌가라 님에게 맡기거라.",,,,まあまあ、 / このチョンガラ様にまかせなさい。
22/S2046.DAT,0x480FC,0.15,,"할아버지, 잠깐 귀를 빌려 줘...",,,,じいさん、 / ちょつと耳をかせ・・。
22/S2046.DAT,0x48146,0.06,,호오... 이런... 그거 좋구먼!,,,,ほお・・ / <CTRL:E4:3D>なんと・・・ / <CTRL:E4:3D>そりゃいいわい!
22/S2046.DAT,0x4819A,0.22,,괜찮으려나.,"폐하, 괜찮으십니까?",아크,20,大丈夫かなっ。
22/S2046.DAT,0x48242,0.09,,아이고 도착했다. 도착했다고!!,,,,いやー着いた。<CTRL:E4:3D>着いたぞー!!<CTRL:E4:3D>
22/S2046.DAT,0x4829E,0.13,,"콜록, 콜록, 콜록, 콜록. 공기가 더러운 나라로군.",,,,ごほつ・<CTRL:E4:15>ごほつ・<CTRL:E4:15>ごほ・<CTRL:E4:0B>ごほつ / <CTRL:E4:3D>空気のきたない国であるな。
22/S2046.DAT,0x48302,0.12,,정말이지.,,,,全くですなっ。
22/S2046.DAT,0x48358,0.08,병사,"병사: 뭐야, 입국 연락은 받지 못했는데.",,,,兵士  / 何だなんだ、 / 入国の連らくは受けていないぞ。
22/S2046.DAT,0x483A0,0.15,,"아이고, 실례를 범했습니다!!",,,,アイヤー、<CTRL:E4:3D><CTRL:E4:3D> / 失礼をばつかまつつた!!<CTRL:E4:3D>
22/S2046.DAT,0x483DC,0.08,,"연락을 넣으려 했다만, 비행선 통신기 상태가 나빠서 말이야.",,,,連らくを入れようと思つたンじゃがねえ、<CTRL:E4:3D><CTRL:E4:3D>飛行船の通信機の調子が悪うてのふ。<CTRL:E4:3D>
22/S2046.DAT,0x4844A,0.18,,"이야, 큰일이구먼!",,,,いやー、<CTRL:E4:3D>まいつたまいつた!<CTRL:E4:3D>
22/S2046.DAT,0x48494,0.06,병사,병사: 좋으니 신분 증명이 될 만한 것을 보여라!,,,,兵士  / いいから身分証明書になるものを見せなさい!
22/S2046.DAT,0x484EA,0.17,,어라? 신분증명서라고? 그게 무엇입니까요?,,,,はて？<CTRL:E4:3D><CTRL:E4:3D>身分証明書とな？ / <CTRL:E4:3D><CTRL:E4:3D>ソレハ、ナンデスカイナ？
22/S2046.DAT,0x4854A,0.33,,무슨 일이신지요?,부르셨습니까. 마스터? 무슨 일이신지.,,15,ナンデショウナ？
22/S2046.DAT,0x4858A,0.10,병사,"병사: 여권이다, 여권! 설마 가지고 있지 않은 건가? 수상한 녀석 같으니.",,,,兵士  / パスポートだよ、パスポート! / まさか持つてないのか？ / あやしい奴め。
22/S2046.DAT,0x485F4,0.10,,"뭐, 무슨 무례한 짓을! 이분을 누구로 아느냐.",,,,な、何と無礼な! / こちらの方をどなたと心得る。<CTRL:E4:3D><CTRL:E4:3D>
22/S2046.DAT,0x48646,0.00,병사,병사: ???,,,,兵士  / ？？？
22/S2046.DAT,0x48686,0.13,,"영감, 말해 주게, 말해 주게.",,,,<CTRL:E4:3D><CTRL:E4:3D>爺、<CTRL:E4:3D><CTRL:E4:3D>言つてやつて、言つてやつて。<CTRL:E4:3D>
22/S2046.DAT,0x486DC,0.05,,"이분은 클라프 왕국의 왕자, 톤 가바 헤모촌 님이시다!!",,,,このお方はな、クラーフ王国王子トン・ガバ・へモチョン様なるぞ!!
22/S2046.DAT,0x48730,0.13,병사,병사: 클라프 왕국? 왕자? 당신이??,,,,兵士  / クラーフ王国？王子？ / あんたが？？
22/S2046.DAT,0x48780,0.11,,"응, 그렇단다. 이분이.",,,,うん、そうなのよ、これが。
22/S2046.DAT,0x487C0,0.10,병사,"병사: 하아, 하지만 클라프 왕국 같은 나라는 들어 본 적도...",,,,兵士  / はあ、しかしクラーフ王国などという国は聞いたこも・・。
22/S2046.DAT,0x4881A,0.08,,"무슨 소리냐!! 남쪽 바다에 떠 있는 이 세상의 낙원, 클라프 섬을 모른단 말이냐, 네놈!",,,,ぶっつかもん!!なんようにうかぶこの世の楽えん、クラーフ島を知らんてか、おぬし!<CTRL:E4:3D><CTRL:E4:3D>
22/S2046.DAT,0x4887C,0.08,병사,"병사: 아니, 들어 본 적이 있는 것 같기도 하고, 없는 것 같기도 하고...",,,,兵士  / いや、聞いたこがあるような、ないような・・。
22/S2046.DAT,0x488D2,0.05,,"그 섬을 다스리고 계신 분이 이분의 아버님, 왕 중의 왕!! 톤 시란 노데스케토 님이시다.",,,,その島をおさめてらつしゃるのが / この方のお父上、王の中の王!! / トン・シラン・ノデスケト様なのだベさ。
22/S2046.DAT,0x4893E,0.13,병사,"병사: 이, 이건 실례했습니다. 그러면 뒤에 계신 분들은?",,,,兵士  / こ、これは失礼しました。すると、後ろの方々は？
22/S2046.DAT,0x48996,0.11,,우리 나라의 대신들이지요.,,,,我が国の大臣達だがねえー<CTRL:E4:3D><CTRL:E4:3D>
22/S2046.DAT,0x489E8,0.05,헤모,헤모: 헤모오오오!!,,,,へモ へモーーーー!!
22/S2046.DAT,0x48A30,0.07,병사,병사: 그래서 이번 입국 목적은...?,,,,兵士  / それで、今回の入国の目的は・・？
22/S2046.DAT,0x48A80,0.17,,"뭐, 뭐라고 하는 겐가 자네?",,,,<CTRL:E4:3D>なーにを言つとるのかね<CTRL:E4:3D>チミィ？<CTRL:E4:3D><CTRL:E4:3D>
22/S2046.DAT,0x48AD2,0.09,,"당신네 왕이 죽었다기에 먼 곳에서 날아왔단 말이오, 정말.",,,,おたくの王様が死んだゆうから遠ろはるばる飛んできたさアルよ、まつたく<CTRL:E4:3D>
22/S2046.DAT,0x48B32,0.05,,"아 피곤해라, 으으으.",,,,あーつかれたわ、<CTRL:E4:3D><CTRL:E4:3D>うーーー。<CTRL:E4:3D>
22/S2046.DAT,0x48B78,0.12,병사,병사: 하지만 왕의 장례는 삼 일 전에 끝났습니다만.,,,,兵士  / しかし、王のそうぎは3日前に終わりましたよ
22/S2046.DAT,0x48BCE,0.00,,어?,,,,え？<CTRL:E4:3D>
22/S2046.DAT,0x48C0C,0.11,,끝나 버렸다고!?,,,,終わつちゃつたとな!？<CTRL:E4:3D>
22/S2046.DAT,0x48C4C,0.00,병사,병사: 예.,,,,兵士  / ええ。
22/S2046.DAT,0x48C8C,0.33,,으아앗! 이게 무슨 일이야!!,아크. 무슨... 무슨 일이야?,,10,うがあっっっ! / <CTRL:E4:3D>どないひょーーー!!<CTRL:E4:3D>
22/S2046.DAT,0x48CDC,0.21,,난처하군요. 이대로는 돌아갈 수 없습니다.,저도 알 수 없습니다.,,10,こまりましたな、<CTRL:E4:3D>このままじゃ帰れませんわ<CTRL:E4:3D>
22/S2046.DAT,0x48D28,0.16,병사,"병사: 저, 그러시다면 왕의 능에 참배하고 가 주시겠습니까?",,,,兵士  / あの、それならば、王のはかにお参りしていつてくれませんか？
22/S2046.DAT,0x48D82,0.00,,뭐?,,,,なに？<CTRL:E4:3D>
22/S2046.DAT,0x48DC0,0.20,,무덤이라고!?,지금 돌이.. 슬픔 이라고..,,18,はかとな!？<CTRL:E4:3D>
22/S2046.DAT,0x48DFA,0.09,병사,"병사: 예, 그러시면 분명 돌아가신 왕께서도 좋아하실 겁니다.",,,,兵士  / はい、それならばきつと亡き王もお喜びになられますよ。
22/S2046.DAT,0x48E54,0.26,,"그, 그거 좋은 생각이군. 당장 가 보도록 하지!",일단은 가보도록 하지..,,13,そ、そりゃー良い考えであるな。<CTRL:E4:3D>さつそく参るとしようぞ!
22/S2046.DAT,0x48EAC,0.38,,"그렇군요. 가자, 너희들!",그렇군요.,,8,そうですな、<CTRL:E4:3D>行くぞお前達!
22/S2046.DAT,0x48EFE,0.05,헤모,헤모: 헤모오오오!!,,,,へモ へモーーーー!!
22/S2046.DAT,0x48F86,0.00,병사,병사: ?,,,,兵士  / ？
22/S2046.DAT,0x490BA,0.33,바치,바치: 출발하시겠습니까?,그래도 떠나시겠습니까?,,6,バッチ  / 出発なさいますか？
22/S2046.DAT,0x49102,0.12,,|출발|그만,,,,<CTRL:E5:03>出発する / <CTRL:E5:03>出発しない
22/S2046.DAT,0x49150,0.12,바치,바치: 다녀오십시오.,,,,バッチ  / 行つてらつしゃいませ
22/S2046.DAT,0x49276,0.21,바치,바치: 언제든 정비하여 기다리고 있습니다.,기다리고?,,11,バッチ  / いつでも整備してお待ちしております。
22/S2047.DAT,0x47FD2,0.57,,"다들, 잠깐 기다려 줘.",잠깐 기다려!,아크,19,みんな、ちょつと待つてくれ。
22/S2047.DAT,0x48042,0.22,,"우리는 지금부터 팔렌시아 성으로 돌아가지만, 이제 여기에 다시 돌아오지 못할지도 몰라.","내가 만약 팔렌시아 성으로 돌아가게 되면, 두 번 다시 만나지 못하겠죠.",아크,19,俺達は今から / パレンシア城に戻るけど / もうここに戻つてこられないかもしれないんだ。
22/S2047.DAT,0x480A2,0.08,,지금까지 정말 고마웠어.,,,,<CTRL:E4:3D>今までどうもありがとう。
22/S2047.DAT,0x480E8,0.12,초핀,초핀: 저는 국왕의 명을 따를 뿐입니다. 따로 감사하실 필요는 없습니다.,,,,チョピン  / 私は、国王の命に従つただけです。 / 別段お礼には及びません。
22/S2047.DAT,0x48146,0.20,,고마워,고마워. 다시 만나도록 하자.,아크,21,ありがとう。
22/S2047.DAT,0x4818E,0.09,,"흥, 정 없는 놈들이군.",,,,ちつ / <CTRL:E4:3D>愛想のねえ野郎どもだぜ。
22/S2047.DAT,0x481D8,0.25,,"기다렸지, 가자.","괜찮겠지, 가자.",아크,6,待たせた、行こう。
22/S2047.DAT,0x48232,0.20,,잘 있어.,곧 너를 만나러 올게. 잘 있어!,아크,21,あばよ。
22/S2051.DAT,0x478A6,0.71,국왕,국왕: 네가 아크인가?,"""그래. 네가 아크인가?""",,3,国王  / おまえが、アークか？
22/S2051.DAT,0x478F0,0.00,아크,아크: 예.,,,,はい。
22/S2051.DAT,0x4792C,0.08,국왕,국왕: 시온산에서의 활약은 들었다. 신기한 힘을 지녔다고 하더구나.,,,,国王  / シオン山での活やく / わしの耳にも入つておる。 / 変わつた力を持つているそうじゃな？
22/S2051.DAT,0x4799C,0.22,아크,아크: 산의 정령에게서 힘을 받았습니다.,저는 가디언의 힘과 축복을 받았습니다.,,6,山で精霊(せいれい)から力を / もらいました。
22/S2051.DAT,0x479EC,0.15,국왕,국왕: 정령에게서?,,,,国王  / 精霊とな？
22/S2051.DAT,0x47A28,0.10,국왕,국왕: 그래서 정령이 네게 뭐라고 하더냐?,,,,国王  / それで、精霊はおまえに / なんと言つた？
22/S2051.DAT,0x47A7C,0.12,아크,아크: 정령은 인류가 멸망할 거라고 했습니다.,,,,はい<CTRL:E4:0B> / 精霊は 人が滅びると / 言つていました。
22/S2051.DAT,0x47AD0,0.18,국왕,국왕: 인류가 멸망한다고... 그것은...,,,,国王  / 人類が滅びるとな。 / それは・・。
22/S2051.DAT,0x47B22,0.10,대신,대신: 아크라고 했지. 함부로 그런 말을 입에 담는 게 아니다.,,,,大臣  / アークと申したな。 / めつたなこを口にするものではない。
22/S2051.DAT,0x47B7E,0.10,대신,"대신: 왕이시여, 이런 아이의 말 따위는...",,,,大臣  / 王よ、このような子供の話など・・・。
22/S2051.DAT,0x47BD2,0.07,국왕,국왕: 세상이 멸망한다... 황태자였던 형이 사라질 때도 그런 말을 했지...,,,,国王  / 世界が滅びる・・皇太子であつた兄が / 姿を消した時にもそんなこを・・。
22/S2051.DAT,0x47C38,0.12,국왕,"국왕: 아크여, 너에게 부탁이 있다. 우리나라에 전해 내려오는 성궤에 관한 것이다...",,,,国王  / アークよ、お前にたのみがある。わが国に伝わる<G:90>聖柩<G:89>(せいひつ)にかするものだ・・。
22/S2051.DAT,0x47CA4,0.12,대신,대신: 이 자가 전설의 용자라고 정해진 것도 아닙니다. 아직 그 이야기는 이르다고 생각합니다만.,,,,大臣  / この者が伝説の勇者だと / 決まつたわけではないのですぞ。 / まだその話は早いかと。
22/S2051.DAT,0x47D0E,0.08,국왕,국왕: 그렇다면 어찌하면 좋겠는가?,,,,国王  / ではどうすれば良い。
22/S2051.DAT,0x47D50,0.11,대신,대신: 제게 맡겨 주십시오.,,,,大臣  / 私におまかせを。
22/S2051.DAT,0x47D9C,0.11,대신,"대신: 아크인지 뭔지, 네가 정말 정령의 힘을 얻은 자인지 시험해 보겠다.",,,,大臣  / アークとやら、お前が本当に / 精霊の力をさすかつた者かどうかを / 試させてもらおう。
22/S2051.DAT,0x47E00,0.14,대신,대신: 여기서 북쪽으로 가면 코르보 평원이라는 곳이 있다.,,,,大臣  / ここから北にいくと / コルボ平原という場所がある。
22/S2051.DAT,0x47E54,0.15,대신,대신: 저기 있는 몬스터를 없애 주었으면 한다.,,,,大臣  / そこのモンスターを退治して欲しいのだ。
22/S2051.DAT,0x47EA2,0.06,대신,대신: 이미 토벌 부대가 출발해 있다.,,,,大臣  / すでに、討伐(とうばつ)部隊が / 出発しておる。
22/S2051.DAT,0x47EF6,0.07,대신,대신: 당장 가서 그들 앞에서 그 힘을 보여 보아라.,,,,大臣  / すぐ行つて彼らの前で / その力をみせてみるがよい。
22/S2051.DAT,0x47F4A,0.80,아크,아크: 알겠습니다.,네 알겠습니다.,정체불명의 인물,7,はい。
22/S2051.DAT,0x47F86,0.25,국왕,국왕: 기대하마.,기대하도록 하겠네.,,6,国王  / 期待しておるぞ。
22/S2052.DAT,0x47908,0.31,,코르보 평원의 몬스터 토벌 보고를 하러 왔습니다.,콜보 평원의 몬스터들을 전부 해치우고 왔습니다.,아크,4,コルボ平原の / モンスター討伐(とうばつ)の / 報告に来ました。
22/S2052.DAT,0x47962,0.09,대신,대신: 왜 토벌 부대의 자들이 없는 거지?,,,,大臣  / なぜ、討伐部隊の者がおらん？
22/S2052.DAT,0x479BC,0.07,포코,포코: 그 일은 제가... 그러니까...,,,,それにかしては、ぼくが、 / あの<CTRL:E4:15>・<CTRL:E4:0B>・<CTRL:E4:15>・その<CTRL:E4:0B>・<CTRL:E4:15>・<CTRL:E4:0B>・
22/S2052.DAT,0x47A16,0.10,대신,대신: 너는?,,,,大臣  / おまえは？
22/S2052.DAT,0x47A5A,0.11,포코,"포코: 예, 토벌대 소속 포코입니다.",,,,はい、討伐部隊のポコです。
22/S2052.DAT,0x47AA0,0.14,대신,대신: 네가?,,,,大臣  / お前が？
22/S2052.DAT,0x47ADE,0.38,포코,포코: 예... 저를 제외한 토벌대는 전멸했습니다.,예. 장군님. 그곳의 군대는 전멸했습니다.. 저를 제외하곤...,포코,4,はい、それで、その・・部隊は / ぼくをのぞいて全滅(ぜんめつ)したんです。
22/S2052.DAT,0x47B42,0.12,국왕,국왕: 뭐라고? 전멸했다고!,,,,国王  / なに？全滅とな!
22/S2052.DAT,0x47B8A,0.21,대신,대신: 거짓말하지 마라. 그 부대는 군에서도 왕을 지키는 최고의 병사들이야.,"뭐? 전멸했다고? 거짓말 하지 마라! 그곳으로 보는 군대는 최고의 정예들이란 말이다! 너는 지금 책임을 피하려 거짓말 하는 게 아니냐?""",장관,4,大臣  / うそをつくな。 / あの部隊は軍の中でも王をお守りする最高の兵士達だぞ。
22/S2052.DAT,0x47C40,0.18,아크,아크: 아닙니다. 명령대로 토벌했습니다.,,,,いいえ、ご命令どおり / 退治してきました。
22/S2052.DAT,0x47C8C,0.16,아크,아크: 하지만 그곳의 마물은 끝없이 나타나고 있습니다.,,,,ただ、あそこのモンスターは / いくらでも出てきてますよ。
22/S2052.DAT,0x47CE0,0.17,국왕,국왕: 끝없이 나타난다고!,,,,国王  / 何、いくらでも!
22/S2052.DAT,0x47D26,0.08,대신,대신: 너희 같은 아이들만으로 저 부대를 전멸시킨 몬스터를 쓰러뜨릴 수 있을 리가 없잖아.,,,,大臣  / おまえ達のような子供だけで、あの部隊を全滅させたモンスターを倒せるわけがないだろう。
22/S2052.DAT,0x47D9C,0.22,병사,병사: 보고드립니다! 마물들이 팔렌시아성으로 진격 중입니다. 곧 성에 도달합니다!,"폐하, 몬스터들이 팔렌시아 성으로 쳐들어오고 있습니다! 곧 게이트를 지날 것으로 보입니다.",병사,4,兵士  / 報告いたします。モンスターがパレンシア城に向かつて来ております。 / 今にも城に達するかと。
22/S2052.DAT,0x47E0E,0.17,국왕,국왕: 벌써 코앞이라고!,,,,国王  / 今にもとな!
22/S2052.DAT,0x47E52,0.14,대신,대신: 병사들은 뭘 하고 있는 게냐!,,,,大臣  / 兵達は何をしておる!
22/S2052.DAT,0x47E94,0.23,병사,병사: 전혀 상대가 되지 않습니다...,멀지 않았습니다.,아크,19,兵士  / それが、いつこうに芽が立たす・・。
22/S2052.DAT,0x47EE8,0.16,아크,아크: 제 말이 거짓인지 아닌지 직접 보여 드리겠습니다.,,,,じゃあ、俺の言つたことが / うそかどうかお目にかけますよ。
22/S2052.DAT,0x47F40,0.20,아크,"아크: 가자, 포코!",미안.. 가자!,아크,19,行くぞポコ。
22/S2052.DAT,0x47FA0,0.17,국왕,국왕: 직접 보여 주겠다고!,,,,国王  / お目にかけるとな!
22/S2053.DAT,0x478CE,0.09,국왕,국왕: 마물들을 훌륭히 물리쳐 주었구나.,,,,国王  / よくぞ、モンスターを追いはらつてくれた
22/S2053.DAT,0x47928,0.21,아크,아크: 이제 저희의 힘을 믿어 주시겠습니까?,그래도 떠나시겠습니까?,,6,俺達の力が / わかつてもらえましたか？
22/S2053.DAT,0x4797A,0.13,대신,대신: 알겠다고 했다고!?,,,,大臣  / わかつたかだと!？
22/S2053.DAT,0x479BA,0.09,대신,대신: 네가 이야기하는 분을 누구라고 생각하는 거냐.,,,,大臣  / おまえの話しているお方を / どなただと思つているのだ。
22/S2053.DAT,0x47A1E,0.14,국왕,"국왕: 그만하게, 안델!",,,,国王  / やめないかアンデル!
22/S2053.DAT,0x47A60,0.11,국왕,국왕: 괜찮지 않은가. 틀림없이 이들의 힘으로 우리가 구원받았으니.,,,,国王  / いいではないか。 / 聞違いなくこの者達の力で / 救われたのだから。
22/S2053.DAT,0x47AC0,0.14,국왕,국왕: 쓸데없는 의심을 해서 미안하구나.,,,,国王  / つまらぬこを言つて悪かつたな。
22/S2053.DAT,0x47B0E,0.06,국왕,"국왕: 그럼, 방금 말한 성궤를 네가 찾아 주었으면 하는데...",,,,国王  / では、この聞話しかけた / <G:90>聖柩<G:89>(せいひつ)を、おまえに / さがしてもらおうと思うのじゃが・・。
22/S2053.DAT,0x47B80,0.07,국왕,국왕: 그 전에 이 나라의 전설과 내 형에 관해 이야기해야겠구나.,,,,国王  / その前に、この国に伝わる伝説と / わしの兄について話さなければならん。
22/S2054.DAT,0x4792E,0.17,,미르마나의 보고를 하러 왔습니다.,,,,ミルマーナの報告にきました
22/S2054.DAT,0x47970,0.10,대신,대신: 수고했다. 하지만 공교롭게도 국왕께서는 편찮으신 모양이다. 대신 내가 이야기를 듣도록 하지.,,,,大臣  / ご苦労 / だがあいにく国王はぐあいが悪いようだ / 代わつて私が話を聞こう
22/S2054.DAT,0x479DE,0.16,병사,병사: 대신께 보고드립니다. 모반인 토슈를 지하 감옥에 가두었습니다.,,,,兵士  / 大臣に報告いたします / 謀反人(むほんにん)トッシュを / 地下牢に捕らえました
22/S2054.DAT,0x47A44,0.10,대신,"대신: 그런가, 좋아. 알겠다.",,,,大臣  / そうか、よしわかつた
22/S2054.DAT,0x47A86,0.20,대신,대신: 급한 일이 생긴 모양이군. 이야기는 나중에 듣도록 하지.,"아주 좋아. 바로 가보도록 하... 오, 아크. 아쉽게도 급한일이 생겨버렸군. 명령에 대한 보고는 나중에 듣도록 하겠다. 해산하도록.",,8,大臣  / 急用ができたようだ / 話は後ほど聞くとしよう
22/S2054.DAT,0x47AD6,0.11,대신,대신: 물러가 보아라.,,,,大臣  / 下がるがよい
22/S2055.DAT,0x478F0,0.14,국왕,"국왕: 그러면 형이 네 아비라고, 정령이 말했다는 것이냐?",,,,国王  / それでは、兄がお前の父だと / 精霊が言つたのだな？
22/S2055.DAT,0x4794A,0.00,,예.,,,,はい。
22/S2055.DAT,0x47980,0.12,대신,대신: 무슨 말을! 너 같은 자가 왕가의 피를 이었다니...,,,,大臣  / 何を言うか! / おまえのような者が / 王家の血をひくなどと・。
22/S2055.DAT,0x479E0,0.11,대신,"대신: 왕이시여, 이 자는 왕가를 빼앗으려 하고 있을지도 모르겠습니다.",,,,大臣  / 王よ、この者は王家乗つ取りをもくろんでおるやも。
22/S2055.DAT,0x47A94,0.18,국왕,"국왕: 아크라 했나, 그 이야기가 사실임을 보일 물건은 있는가?",,,,国王  / アークとやら、 / 何かその話がまことであると / 示すものはあるのか？
22/S2055.DAT,0x47AFC,0.17,,정령이 이것을 아버지에게서 맡았다고...,,,,精霊が、これを父からあすかつたと・・。
22/S2055.DAT,0x47B58,0.08,국왕,국왕: 이것은 틀림없이 스메리아 왕가에 전해지는 용자의 증표.,,,,国王  / これはまさしく、 / スメリア王家に伝わる<G:90>勇者の証し<G:89>。
22/S2055.DAT,0x47C24,0.10,국왕,국왕: 성궤와 정령과 형 사이에 무슨 관계가 있다는 것이냐?,,,,国王  / <G:90>聖柩<G:89>(せいひつ)と精霊と兄との聞にどんなか係があるというのだ？
22/S2055.DAT,0x47CF0,0.16,국왕,국왕: 어째서 우리의 미래가... 대체 우리가 무엇을 했다는 것이냐?,,,,国王  / なぜ、我々の未来が・・。 / いつたい我々が何をしたというのだ？
22/S2055.DAT,0x47D54,0.20,,스스로의 욕망을 위해 자연과 이 세계를 파괴하고 바꾸어 가는...,자연을 파괴하고 그들이 열망하는 대로 세계를 바꾸어 나갔지.,,14,自らの欲望のために自然を / そしてこの世界を破壊し、作り変えていく・・。
22/S2055.DAT,0x47DB6,0.12,,우리는 정말 해서는 안 될 일에 손을 대고 있는지도 모르겠습니다.,,,,わたしたちは、本当はやつてはいけないこに手をつけているのかも知れません。
22/S2055.DAT,0x47E14,0.09,국왕,국왕: 정령의 나라라 불리는 스메리아도 예외는 아닌 것인가...,,,,国王  / 精霊の国と呼ばれるスメリアも / 例外ではないわけか・・。
22/S2055.DAT,0x47E6C,0.07,국왕,국왕: 형이 왕가에서 뛰쳐나간 것도 그런 스메리아의 모습을 참을 수 없었기 때문일지도 모르겠구나.,,,,国王  / 兄が王家から飛び出したのも / そんなスメリアの姿がたまらなかつたからかもしれん。
22/S2055.DAT,0x47EDE,0.11,국왕,국왕: 그렇다면 대체 어떻게 하면 좋단 말이냐?,,,,国王  / で、いつたいどうすればいいのじゃ？
22/S2055.DAT,0x47F2E,0.18,,모르겠습니다. 다만 정령은 토우빌로 돌아가면 아버지가 남긴 메시지가 있다고 말했습니다.,,,,わかりません。 / ただ、精霊はトウヴィルに戻れば父からのメッセージがあると / 言つていました。
22/S2055.DAT,0x47F94,0.19,,그리고 그것을 따르는 것이다.,,,,そしてそれにしたがえと。
22/S2055.DAT,0x47FD8,0.08,국왕,국왕: 알겠다. 너는 형의 메시지에 따라 행동해 다오. 할 수 있는 일은 무엇이든 하겠다.,,,,国王  / わかつた、お前は兄のメッセージに / したがつて行動してくれ。 / できるこは何でもしよう。
22/S2055.DAT,0x4803E,0.12,국왕,국왕: 그것이 형을 대신해 이 자리에 오른 내게 남은 역할이다.,,,,国王  / それが兄に代わつてこの位についた私の / せめてもの役目だ。
22/S2055.DAT,0x480B0,0.50,,감사합니다.,"와우, 감사합니다. 폐하!",,12,ありがとうございます。
22/S2055.DAT,0x48108,0.16,병사,병사: 반역자 토슈가 감옥을 부수고 도망쳤습니다.,,,,兵士  / 謀反人トッシュが / 牢をやぶり逃亡しました。
22/S2055.DAT,0x48180,0.12,대신,대신: 뭐라! 토벌대를 내어 당장 붙잡아라!,,,,大臣  / なに! / 討伐隊をだし、すぐに捕まえよ!
22/S2055.DAT,0x481EC,0.00,병사,병사: 앗!,,,,兵士  / はつ!
22/S2056.DAT,0x478AE,0.08,국왕,"국왕: 어떤가, 성궤에 대해 무언가 알아냈는가?",,,,国王  / どうだ / <G:90>聖柩<G:89>にかして何かわかつたか？
22/S2056.DAT,0x47904,0.13,,"아니요, 아직 아무것도요.",,,,いえ、まだなにも。
22/S2056.DAT,0x47946,0.18,국왕,국왕: 어서 토우빌로 향해 형의 메시지를 받아 다오.,,,,国王  / 早くトウヴィルに向かい兄のメッセージを受け取つてくれ。
22/S2056.DAT,0x479A0,0.07,국왕,국왕: 뭔가 알게 되면 보고하러 와 주게.,,,,国王  / 何かわかつたら報告に来てくれ。
22/S2056.DAT,0x479F0,0.00,,네.,,,,はい。
22/S2056.DAT,0x47A90,0.08,국왕,"국왕: 어떤가, 성궤에 대해 무언가 알아냈는가?",,,,国王  / どうだ / <G:90>聖柩<G:89>にかして何かわかつたか？
22/S2056.DAT,0x47AE6,0.11,,네. 아버지의 편지로 옛일을 쓴 전기가 있다는 것을 알게 되었습니다.,,,,はい / 父さんからの手紙で / 古(いにしえ)のこを書いた / 伝記があるこがわかりました
22/S2056.DAT,0x47B4A,0.16,,그것을 찾으러 오르카스 언덕으로 향하겠습니다.,,,,それを探しにオルカスの丘に / むかいます
22/S2056.DAT,0x47B9A,0.07,국왕,국왕: 음. 또 뭔가 알게 되면 보고하러 와 주게.,,,,国王  / うむ / また何かわかつたら報告に来てくれ
22/S2057.DAT,0x478F0,0.33,국왕,국왕: 오대 정령의 돌이라...,5개의 돌이라..,,12,国王  / 5大精霊の石か・・。
22/S2057.DAT,0x4793C,0.36,아크,아크: 아마 세계 곳곳에 흩어져 있을 겁니다.,예. 그것들은 세계 곳곳에 흩어져있다고 합니다. 폐하.,,12,はい、おそらく世界かくちに / ちらばつているかと。
22/S2057.DAT,0x4798E,0.12,국왕,국왕: 좋다. 앞으로 내 비행선을 자유롭게 사용하거라.,,,,国王  / よし、わしの飛行船を / 今後自由に使つてよいぞ。
22/S2057.DAT,0x479E2,0.18,국왕,국왕: 그리고 이것도 가져가거라.,,,,国王  / それと、これも持つていくがよい。
22/S2057.DAT,0x47A30,0.14,,사나운 사자 북을 손에 넣었다.,,,,<G:90>荒獅子太鼓<G:89>を手に入れた。
22/S2057.DAT,0x47A7C,0.38,아크,아크: 이 북은 무엇입니까?,"오, 이 멋진 물건은 무엇입니까!",,12,この太鼓は？
22/S2057.DAT,0x47ABC,0.09,국왕,국왕: 성에 전해지는 신비한 힘을 지닌 북이다. 언젠가 도움이 될 게다.,,,,国王  / この城に伝わる不思議な力をもつ太鼓だ / 何かの役に立つじゃろう。
22/S2057.DAT,0x47B28,0.44,아크,"아크: 가, 감사합니다.","와우, 감사합니다. 폐하!",,12,あ、ありがとうございます。
22/S2057.DAT,0x47B6E,0.08,국왕,국왕: 한시라도 빨리 다섯 돌을 모아 돌아오너라.,,,,国王  / 一刻も早く5つの石を集めて戻るのだ。
22/S2057.DAT,0x47BC2,0.00,아크,아크: 예.,,,,はい。
22/S2058.DAT,0x478AE,0.12,국왕,국왕: 비행선 상태는 어떤가?,,,,国王  / 飛行船の調子はどうだ？
22/S2058.DAT,0x478F4,0.05,국왕,국왕: 나도 요즘 아주 쇠약해진 모양이야.,,,,国王  / わしも最近、すつかりおとろえてしまつたようじゃ。
22/S2058.DAT,0x47946,0.09,국왕,국왕: 이제 오래 살지 못할지도 모르겠군.,,,,国王  / もう長くないかもしれん。
22/S2058.DAT,0x4798A,0.11,국왕,국왕: 무슨 일이 있어도 내가 살아 있는 동안에 성궤를 손에 넣어 다오.,,,,国王  / なんとしても、わしの目のくろいうちに / <G:90>聖柩<G:89>を手に入れてくれ。
22/S2059.DAT,0x478B4,0.09,국왕,국왕: 정령은 그런 일을...,,,,国王  / 精霊はそんなこを・・。
22/S2059.DAT,0x478F8,0.11,국왕,국왕: 정령의 이야기를 듣고서야 처음으로 우리들의 잘못을 알게 되다니.,,,,国王  / 精霊の話を聞いて、始めて自分たちの過ちを知るとは。
22/S2059.DAT,0x4794A,0.05,국왕,"국왕: 나도 한 나라를 다스리는 자로서, 잘 새겨 두겠네.",,,,国王  / わしも、一国を治める者として、よく心に刻んでおこう。
22/S2059.DAT,0x4799E,0.10,국왕,국왕: 또 정령의 메시지를 전해 주게.,,,,国王  / また、精霊のメッセージを伝えてくれ。
22/S205A.DAT,0x478AE,0.07,대신,"대신: 그렇군, 돌은 두 개 모았나. 좋아, 좋아. 그 기세로 빨리 다섯 개를 모아 주게.",,,,大臣  / そうか、石は2つ集まつたか。よしよし、その調子で早く5つ集めてくれ。
22/S205A.DAT,0x47912,0.09,국왕,"국왕: 아크여, 다섯 개의 돌이 모여 인류의 미래가 보일 때에는 나도 조화로운 나라를 만들고 싶구나.",,,,国王  / アークよ、5つの石が集まり / 人類の未来が見えた時には / 私も、調和のとれた国を造ろうと思う。
22/S205A.DAT,0x4797E,0.12,국왕,국왕: 그러기 위해서라도 다섯 개의 돌을 무슨 일이 있어도 모아 주게. 부탁하네.,,,,国王  / その為にも、5つの石をなんとしても集めてくれ。たのんだぞ。
22/S205B.DAT,0x478AE,0.05,대신,대신: 국왕께서 요즘 몸을 상하셔서 말이지...,,,,大臣  / 国王が最近お体を壊されてな・・。
22/S205B.DAT,0x478FC,0.05,대신,"대신: 그런가, 돌은 세 개 모았나. 이제 하나 남았군.",,,,大臣  / そうか、石は3つ集まつたか。 / あと一つだな。
22/S205B.DAT,0x4794C,0.19,대신,대신: 네 번째 돌은 어디에 있는 것이냐?,,,,大臣  / 4つ目の石はどこにあるのだ？
22/S205B.DAT,0x47994,0.19,,아리바샤에 있다고...,,,,アリバーシャにあると・・。
22/S205B.DAT,0x479D6,0.10,대신,대신: 아리바샤인가... 알겠다. 어서 모아서 돌아오거라.,,,,大臣  / アリバーシャか・・、分かつた。 / 早く集めて戻るのだぞ。
22/S205C.DAT,0x47A8E,0.42,,"스메리아 왕, 괜찮으십니까?!","폐하, 괜찮으십니까?",아크,20,スメリア王、大丈夫ですか？!
22/S205C.DAT,0x47B2A,0.07,스메리아 왕,스메리아 왕: 그놈은 로마리아가 보내온 자였다...,,,,スメリア王  / やつは<CTRL:E4:29>ロマリアが / 送り込んだ男だつた・・。<CTRL:E4:3D>
22/S205C.DAT,0x47B82,0.09,스메리아 왕,"스메리아 왕: 이 나라에 몬스터를 불러들여 나라를 혼란에 빠뜨린 것도,",,,,スメリア王  / この国に<CTRL:E4:33>モンスターを<CTRL:E4:33>呼び起こし / <CTRL:E4:33>国を混乱させていたのも、<CTRL:E4:33>
22/S205C.DAT,0x47C2C,0.08,,"왕님, 정신 차리십시오.",,,,王様、しつかりしてください。
22/S205C.DAT,0x47C5C,0.07,스메리아 왕,스메리아 왕: 그놈들은 성궤를 노리고 있다. 성궤의 힘을 넘겨주어서는 안 된다.,,,,スメリア王  / やつらは<CTRL:E4:3D><G:90>聖柩<G:89>(せいひつ)をねらつている。 / <CTRL:E4:29><G:90>聖柩<G:89>の力を<CTRL:E4:3D>渡してはならん。
22/S205C.DAT,0x47CC8,0.29,,알겠습니다. 이제 말씀하지 마세요.,"""괜찮습니다. 어머니 걱정하지 마세요.""",,3,わかりました / もうしゃベらないで。
22/S205C.DAT,0x47D6E,0.15,스메리아 왕,스메리아 왕: 네 아버지 요슈아를 미르마나로 보내 둔 것은,,,,スメリア王  / おまえの父<CTRL:E4:33>ヨシュアを<CTRL:E4:33> / ミルマーナに送り込んだのは<CTRL:E4:3D>
22/S205C.DAT,0x47E24,0.11,스메리아 왕,스메리아 왕: 나는 왕이 되고 싶었다.,,,,スメリア王  / 私は王になりたかつた。
22/S205C.DAT,0x47F32,0.10,스메리아 왕,스메리아 왕: 형에게... 한마디 사과하고 싶었다....,,,,スメリア王  / 兄に<CTRL:E4:3D>・<CTRL:E4:29>・<CTRL:E4:3D>一言<CTRL:E4:3D>あやまりた<CTRL:E4:29>かつ<CTRL:E4:29>た<CTRL:E4:29>・<CTRL:E4:29>・<CTRL:E4:29>・<CTRL:E4:29>・。
22/S205C.DAT,0x47F9E,0.14,,스메리아 왕!,,,,スメリア王!
23/S2061.DAT,0x4853A,0.20,,이상하네... 마물 토벌대는 대체 어디로 간 거지?,이상하군..군대는 어디에 있는 거지?,아크,4,おかしいな・・<CTRL:E4:3D> / モンスター討伐(とうばつ)部隊はどこにいつたんだろう？
23/S2061.DAT,0x48618,0.10,,제발 목숨만은 살려 주세요. 부탁입니다!,,,,どうか命だけは助けて下さい。 / おねがいします。
23/S2061.DAT,0x48666,0.09,,"살려 줘, 살려 줘, 살려 줘... 죽고 싶지 않아.",,,,助けて・<CTRL:E4:0B>助けて・<CTRL:E4:0B>助けて・・。 / 死にたくないよう。
23/S2061.DAT,0x48700,0.11,,뭐야. 난 또 마물인 줄 알았잖아.,,,,なんだ。 / てつきりモンスターだと思つて。
23/S2061.DAT,0x4874C,0.16,,대원들이 아무리 기다려도 돌아오지 않았어.,,,,部隊のみんながいくら待つても / 戻つて来ないんだ。
23/S2061.DAT,0x4879C,0.07,,마물에게 당한 게 틀림없다고 생각해서 혼자 숨어 있었는데...,,,,きつとモンスターにやられちゃつたんだと思つて一人でかくれていたんだけど・・。
23/S2061.DAT,0x487F8,0.13,,한심한 병사로군.,,,,だらしない兵隊だなっ。
23/S2061.DAT,0x4883E,0.08,포코,포코: 난 포코야.,,,,ぼくは、ポコ。
23/S2061.DAT,0x4887A,0.09,포코,포코: 애초에 군인은 체질이 아니야. 싸우는 것보다 악기를 연주하는 게 훨씬 즐거운걸.,,,,もともと兵隊なんて / 向いてないんだ。 / あらそいこよりも、楽器をならしている方が楽しいんだもん。
23/S2061.DAT,0x488E4,0.14,,나는 아크. 토우빌에서 와서 우선 몬스터 퇴치를 도우라고 왕께 명을 받았어.,,,,俺はアーク。 / トウヴィルからやつてきて / とりあえすモンスター退治を / 手伝うように王に命じられたんだ
23/S2061.DAT,0x48954,0.09,포코,포코: 마물이 나타나기 전에 어서 도망치자.,,,,早く逃げようよ。 / モンスターが現われる前に・・。
23/S2061.DAT,0x489EE,0.11,좀비,좀비: 아직 살아남은 자가 있었나!,,,,ゾンビ  / まだ生き残りがいたか!
23/S2061.DAT,0x48A44,0.09,포코,"포코: 으악, 나타났어! 어떡하지!?",,,,あっっっ、来ちゃつた!<CTRL:E4:15> / どうしよう!？
23/S2061.DAT,0x48A8E,0.07,아크,아크: 시끄러워! 싸우는 수밖에 없잖아!,,,,ごちゃごちゃ言うなよ / 戦うしかないだろ!
23/S2061.DAT,0x48AD8,0.11,포코,"포코: 싸우라니, 난 군악대라 무기도 없단 말이야!",,,,戦うつたつて、僕は楽隊だから / 武器は持つてないよ。
23/S2061.DAT,0x48B2C,0.08,아크,아크: 그럼 악기로 싸워!,,,,だつたら楽器で戦え!
23/S2061.DAT,0x48B6C,0.17,아크,아크: 간다!,,,,行くぞ!
23/S2071.DAT,0x47890,0.18,,"아버지, 편히 잠드세요.",,,,親父、やすらかに眠つてくれ。
23/S2071.DAT,0x478E2,0.09,,이렇게 살기 힘든 나라는 떠나 버릴까...,,,,こんな住みにくい国 / 出ちまうか・・。
23/S2071.DAT,0x4797E,0.06,,놈들을 모두 때려죽여서 원수를 갚아 줄 수도 있는데.,,,,やつらを全てたたき殺して、 / 敵(かたき)をとつて / やれるのに。
23/S2071.DAT,0x479EE,0.21,,네 힘은 정해진 목적을 위해 쓰는 것이다.,안 된다.. 네 힘은 고귀한 목적을 위해서만 사용하거라.,,12,おまえの力は、 / さだめられし目的のために使うもの。
23/S2071.DAT,0x47A4C,0.38,,"누, 누구냐!?",누..누구냐? 이리 나와라!,,12,だ、だれだ!？
23/S2071.DAT,0x47A8E,0.12,,네 검에 서린 정령이다.,,,,おまえのかたなに宿る精霊。
23/S2071.DAT,0x47AD6,0.08,검의 정령,검의 정령: 네 기술에는 분노밖에 없다.,,,,かたなの精霊  / おまえの技には<G:90>怒り<G:89>しかない。
23/S2071.DAT,0x47B34,0.08,,용서 못 할 놈이 있으니까 베어 버릴 뿐이야. 뭐가 잘못이라는 거냐?,,,,ゆるせねえやつがいるから / たたき切るだけだ。 / 何がいけねえ？
23/S2071.DAT,0x47B88,0.17,검의 정령,검의 정령: 그 끝에 무엇이 있다는 것이냐?,,,,かたなの精霊  / その先になにがあるというのだ？
23/S2071.DAT,0x47BDC,0.00,,큭...,,,,ぐつ・・。
23/S2071.DAT,0x47C16,0.09,검의 정령,검의 정령: 성에서 만난 소년과 행동을 함께해라.,,,,かたなの精霊  / 城で出会つた少年と行動を共にしろ。
23/S2071.DAT,0x47C66,0.25,검의 정령,검의 정령: 그곳에서 너와 나의 운명이 보이게 될 것이다.,그것이 너의 운명이다.,불의 가디언,2,かたなの精霊  / そこにおまえと私の / 運命が見えてくるはす。
23/S2071.DAT,0x47CB8,0.09,검의 정령,검의 정령: 그들은 이 나라를 떠나 버린다. 서둘러라...,,,,かたなの精霊  / 彼らはこの国から出てしまう、急げ・・。
23/S2071.DAT,0x47D12,0.18,,"이봐, 아직 이야기는 끝나지 않았어!",,,,こら、まだ話は終つてねえぞ!
23/S2071.DAT,0x47D76,1.00,,운명이라...,운명이라....,,12,運命か・・。
23/S2081.DAT,0x47890,0.20,대신,대신: 스메리아 왕은 토우빌의 아크라는 소년에게 성궤를 찾게 할 모양입니다.,토우빌의 아크라고 합니다. 세실리아 왕을 대표하여 찾아뵙습니다.,아크,6,大臣  / スメリア王は、トウヴィルのアークという少年に<G:90>聖柩<G:89>を探させるようです。
23/S2081.DAT,0x478F0,0.11,거울,거울: 네 잔꾀가 용자를 깨워 버린 것은 아니냐?,,,,鏡  / おまえの小細工が、勇者を / めざめさせてしまつたのではないのか？
23/S2081.DAT,0x4794C,0.12,대신,대신: 아직 그자가 용자라고 정해진 것은...,,,,大臣  / まだやつが勇者と決まつたわけでは・・。
23/S2081.DAT,0x4799A,0.20,대신,대신: 그자는 미르마나로 향하고 있습니다.,그것이 우리의 미래를 위협하고 있습니다.,,10,大臣  / やつはミルマーナに向かいます。
23/S2081.DAT,0x479E2,0.08,거울,거울: 좋다. 야군 장군에게 그자의 힘을 시험하게 하라.,,,,鏡  / よし、ヤグン将軍にやつの力を試させよう
23/S2081.DAT,0x47A2E,0.06,거울,거울: 그자가 용자라면 대비는 있겠지?,,,,鏡  / もし、やつが本物の勇者だと知れた時の / 考えはあるのだろうな？
23/S2081.DAT,0x47A88,0.19,대신,"대신: 예, 생각해 두었습니다.",,,,大臣  / はつ、考えてございます。
23/S2082.DAT,0x47890,0.75,대신,대신: 아크가 미르마나에서 돌아왔습니다.,아크가 미루마나에서 돌아왔습니다.,,10,大臣  / アークがミルマーナより戻つてまいり / ました。
23/S2082.DAT,0x478E0,0.12,거울,거울: 야군 장군에게 들었다.,,,,鏡  / ヤグン将軍より聞いておる。
23/S2082.DAT,0x47926,0.19,대신,대신: 그자의 정령력은 계속 성장하고 있습니다.,,,,大臣  / やつの精霊力はどんどん成長しています。
23/S2082.DAT,0x47972,0.17,거울,거울: 알겠다. 아크에 관해 장군들에게 알리겠다.,,,,鏡  / わかつた、 / アークの存在を将軍達に伝えよう。
23/S2082.DAT,0x479C4,0.13,거울,거울: 성궤를 어리석은 인간들에게 넘겨주어서는 안 된다.,,,,鏡  / <G:90>聖柩<G:89>をおろかな人聞どもに / 渡してはならん。
23/S2082.DAT,0x47A16,0.80,대신,대신: 알겠습니다.,네 알겠습니다.,정체불명의 인물,7,大臣  / 承知しました。
23/S2082.DAT,0x47A56,0.14,대신,대신: 먼저 그놈의 아버지가 보내온 메시지가 도착하는 토우빌을 철저히 조사하겠습니다.,,,,大臣  / ます、ヤツの父親からのメッセージが届くトウヴィルをてつてい的に調ベます。
23/S2082.DAT,0x47ABA,0.21,거울,거울: 좋은 보고를 기다리겠다.,"5개의 돌을 찾게 되면 지체없이 이곳으로 돌아오게, 너희들의 보고를 기다리겠다.",,12,鏡  / 良い報告を待つておるぞ。
23/S2082.DAT,0x47B00,0.00,대신,대신: 예!,,,,大臣  / はつ!
31/S3011.DAT,0x47FEE,0.12,병사,병사: 스메리아국에서 온 사절을 환영합니다. 군 본부까지 안내하겠습니다.,,,,兵士  / スメリア国からの使者をかんげいします。軍本部までご案内いたします。
31/S3012.DAT,0x47F50,0.15,초핀,초핀: 국왕의 명을 마치시면 곧 출발하겠습니다. 힘내세요.,,,,チョピン  / 王の命を果たされたらすぐに出発します / がんばつてください。
31/S3012.DAT,0x47FAC,0.22,아크,아크: ...알았어.,나는 네가 해낼줄 알았어!,아크,4,・・・わかつた。
31/S3012.DAT,0x47FF0,0.11,초핀,초핀: 무언가 제가 도움이 될 일이 있습니까?|없어|좀 물어보고 싶어,,,,チョピン  / 何か私でお力になれるこはありますか？ / <CTRL:E5:03>ベつにない。 / <CTRL:E5:03>ちょつと教えてほしい。
31/S3012.DAT,0x48064,0.17,초핀,초핀: 그럼 조심히 다녀오세요.,,,,チョピン  / それでは、お気をつけて。
31/S3012.DAT,0x480D4,0.10,초핀,초핀: 무엇을 알고 싶으세요?,,,,チョピン  / 何が知りたいですか？
31/S3012.DAT,0x4811E,0.09,,|어떻게 하면 강해져?|무슨 싸움 요령이 있어?|그만,,,,<CTRL:E5:04>どうすれば強くなれるの？ / <CTRL:E5:04>何か戦いのコツはあるの？ / <CTRL:E5:04>やつっり、いいや。
31/S3012.DAT,0x48194,0.10,초핀,초핀: 어느 나라든 언제든 마물과 싸울 수 있는 장소가 있습니다.,,,,チョピン  / どこの国にも、いつ行つてもモンスターのいる場所があります。
31/S3012.DAT,0x481EA,0.10,초핀,초핀: 그곳에서 여러 번 싸우면 계속 강해질 수 있습니다.,,,,チョピン  / ここで何度も戦えば、 / どんどん強くなれます。
31/S3012.DAT,0x4823C,0.06,초핀,"초핀: 그곳의 마물은 이야기가 진행되어도 강해지지 않으니, 수련할 사람의 수준에 맞춰 장소를 고르세요.",,,,チョピン  / この場所のモンスターはゲームが進んでも変わらないので、鍛えたい人のレベルに / 合わせて場所を選ベます。
31/S3012.DAT,0x482B0,0.05,초핀,초핀: 이런 장소는 게임이 끝날 때까지 모두 열 곳 이상 생깁니다.,,,,チョピン  / ゲームが終わるまでに、こういう場所は、合計10カ所以上になります。
31/S3012.DAT,0x4831C,0.06,초핀,초핀: 자신의 턴일 때 LR 버튼을 동시에 누르면 프리 커서가 됩니다.,,,,チョピン  / 自分のターンの時に、LRボタンを同時におすとフリーカーソルになります。
31/S3012.DAT,0x4837E,0.05,초핀,초핀: 자유 커서로 마물의 위치와 지형을 살핀 뒤 작전을 세워 보세요.,,,,チョピン  / これを使つて、モンスターの場所、地形をよく見て作戦を立ててはどうでしょう？
31/S3012.DAT,0x483E0,0.10,초핀,"초핀: 그 밖에 분열하는 몬스터는 HP가 절반이 되지만, 쓰러뜨렸을 때 받는 경험치는 변하지 않습니다.",,,,チョピン  / 他には、分れつするモンスターは、HPが半分になりますが、倒した時にもらえる / 経験値は変わりません。
31/S3012.DAT,0x48454,0.08,초핀,초핀: 이 점을 잘 활용해 보세요.,,,,チョピン  / これを利用してみてはどうでしょう？
31/S3013.DAT,0x47F98,0.12,승무원,승무원: 수고하셨습니다. 스메리아로 돌아갈 준비는 되셨습니까?,,,,乗員  / ご苦労さまでした。 / スメリアに戻る、準備はできましたか？
31/S3013.DAT,0x47FF6,0.07,,|물론이야|조금 더 있을래|더 알려 줘,,,,<CTRL:E5:04>もちろん! / <CTRL:E5:04>もうちょつといたいな・・。 / <CTRL:E5:04>いろいろ教えて欲しいんだけど。
31/S3013.DAT,0x48066,0.25,승무원,승무원: 그러면 곧 출발하겠습니다.,네 알겠습니다.,정체불명의 인물,7,乗員  / では、さつそく出発します。
31/S3013.DAT,0x48180,0.20,승무원,승무원: 준비가 될 때까지 기다리고 있겠습니다.,기다리고?,,11,乗員  / 準備ができるまでお待ちしています。
31/S3013.DAT,0x481EE,0.23,승무원,승무원: 무엇이 알고 싶으십니까?,"폐하, 괜찮으십니까?",아크,20,乗員  / 何が知りたいですか？
31/S3013.DAT,0x48236,0.06,,|강해지는 법|전투 요령|다른 정보|그만,,,,<CTRL:E5:03>どうすれば強くなれるの？ / <CTRL:E5:03>何か戦いのコツはあるの？ / <CTRL:E5:03>他に何かある？ / <CTRL:E5:03>やつっり、いいや。
31/S3013.DAT,0x482BA,0.13,승무원,"승무원: 이 나라에는 세 곳, 언제 가도 몬스터가 있는 장소가 있습니다.",,,,乗員  / この国には3カ所、いつ行つても / モンスターのいる場所があります。
31/S3013.DAT,0x48314,0.14,승무원,승무원: 여기서 여러 번이고 싸우면 점점 강해질 수 있습니다.,,,,乗員  / ここで何度も戦えば、 / どんどん強くなれます。
31/S3013.DAT,0x48366,0.10,승무원,승무원: 출발할 때까지 단련하면 강해져서 스메리아로 돌아갈 수 있습니다.,,,,乗員  / 出発まで、鍛えれば強くなつてスメリアに戻れますよ。
31/S3013.DAT,0x483C6,0.08,승무원,승무원: 프리 커서로 맵을 확인하고 계십니까? 자신의 턴에 LR 동시에 누르시면 됩니다.,,,,乗員  / フリーカーソルでマップをチェック / してますか？ / 自分のターンでLR同時おしですよ。
31/S3013.DAT,0x48430,0.11,승무원,"승무원: 요수도 늘어날 때 HP가 절반이 되지만, 쓰러뜨렸을 때 받는 경험치는 변하지 않습니다.",,,,乗員  / 妖樹も、ふえる時にHPが半分に / なりますが、倒した時にもらえる / 経験値は変わりませんよ。
31/S3013.DAT,0x484AC,0.06,승무원,승무원: 한 번 다녀온 뒤에도 갈 수 있는 길이 이어진 장소에는 여러 번인가 찾아가 보십시오.,,,,乗員  / 一度行つた後も、行けるじょう状の / 続いている場所には、何度か足を運んで / みて下さい。
31/S3013.DAT,0x48516,0.14,승무원,승무원: 분명 좋은 일이 있을 겁니다.,,,,乗員  / きつと、いいことがありますよ。
31/S3013.DAT,0x4855E,0.08,승무원,승무원: 또 자유롭게 돌아다닐 수 있는 곳에서는  를 여러 곳에서 눌러 보십시오.,,,,乗員  / また、自由に歩き回れる場所では、<CTRL:E7:02>をいろんな所でおしてみて下さい。
31/S3013.DAT,0x485BA,0.08,승무원,승무원: 뭔가 대단한 것을 얻는 일이 있는 모양입니다.,,,,乗員  / 何か大こなものをひろうことがあるみたいですよ。
31/S3013.DAT,0x4860E,0.21,승무원,승무원: 그러면 준비는 되셨습니까?,"부르셨습니까, 장군?",정체불명의 인물,7,乗員  / それでは、準備はいいですか？
31/S3014.DAT,0x46546,0.33,초핀,초핀: 출발하시겠습니까?,그래도 떠나시겠습니까?,,6,チョピン  / 出発なさいますか？
31/S3014.DAT,0x4658E,0.10,,|출발|그만|정보,,,,<CTRL:E5:03>出発する / <CTRL:E5:03>出発しない / <CTRL:E5:03>いろいろ教えて!
31/S3014.DAT,0x465EA,0.12,초핀,"초핀: 그럼, 이쪽으로.",,,,チョピン  / では、こちらへ。
31/S3014.DAT,0x4670A,0.21,초핀,초핀: 언제든 정비하여 기다리고 있습니다.,기다리고?,,11,チョピン  / いつでも整備してお待ちしております。
31/S3014.DAT,0x468D2,0.33,초핀,초핀: 출발하시겠습니까?,그래도 떠나시겠습니까?,,6,チョピン  / 出発なさいますか？
31/S3014.DAT,0x4691A,0.10,,|출발|그만|정보,,,,<CTRL:E5:03>出発する / <CTRL:E5:03>出発しない / <CTRL:E5:03>いろいろ教えて!
31/S3014.DAT,0x46976,0.12,초핀,"초핀: 그럼, 이쪽으로.",,,,チョピン  / では、こちらへ。
31/S3014.DAT,0x46AA2,0.21,초핀,초핀: 언제든 정비하여 기다리고 있습니다.,기다리고?,,11,チョピン  / いつでも整備してお待ちしております。
31/S3014.DAT,0x46C00,0.33,초핀,초핀: 출발하시겠습니까?,그래도 떠나시겠습니까?,,6,チョピン  / 出発なさいますか？
31/S3014.DAT,0x46C48,0.09,,|출발|그만|정보 2,,,,<CTRL:E5:03>出発する / <CTRL:E5:03>出発しない / <CTRL:E5:03>いろいろ教えて! その2
31/S3014.DAT,0x46CA8,0.33,초핀,초핀: 출발하시겠습니까?,그래도 떠나시겠습니까?,,6,チョピン  / 出発なさいますか？
31/S3014.DAT,0x46CF0,0.08,,|출발|그만|유용한 정보,,,,<CTRL:E5:03>出発する / <CTRL:E5:03>出発しない / <CTRL:E5:03>耳よりな話を聞きたい!
31/S3014.DAT,0x46D50,0.12,초핀,"초핀: 그럼, 이쪽으로.",,,,チョピン  / では、こちらへ。
31/S3014.DAT,0x46E82,0.21,초핀,초핀: 언제든 정비하여 기다리고 있습니다.,기다리고?,,11,チョピン  / いつでも整備してお待ちしております。
31/S3014.DAT,0x46EF2,0.23,초핀,초핀: 무엇을 알고 싶으십니까?,"폐하, 괜찮으십니까?",아크,20,チョピン  / 何が知りたいですか？
31/S3014.DAT,0x46F3C,0.06,,|아이템 정보|방향과 반격|그만,,,,<CTRL:E5:03>アイテム・アクセサリーの効果。 / <CTRL:E5:03>戦闘の方向と反撃。 / <CTRL:E5:03>やつっり、いいや。
31/S3014.DAT,0x46FB4,0.08,초핀,"초핀: 아이템, 장신구, 특수 능력은 커서로 고르고 있을 때 L이나 R 버튼을 누르면 그 효과를 볼 수 있습니다.",,,,チョピン  / アイテム・アクセサリー・特しゅ能力は、カーソルで選んでいる時にLかRボタンをおすことで、その効果を見れます。
31/S3014.DAT,0x4702E,0.07,초핀,초핀: 특히 특수 능력은 필요한 MP와 지금 MP가 표시되니 많이 활용해 주십시오.,,,,チョピン  / 特に、特しゅ能力は必要なMPと / 現在のMPが表示されるので / 大いに利用して下さい。
31/S3014.DAT,0x470A2,0.08,초핀,"초핀: 아이템으로 던져서 피해를 주는 것은 돌, 작은 폭탄, 큰 폭탄 세 가지입니다.",,,,チョピン  / アイテムで投げてダメージを与えるものは石・小さい爆弾・大きい爆弾の3つです。
31/S3014.DAT,0x47108,0.09,초핀,초핀: 아이템 던지기는 반격당하지 않으므로 강한 적에게도 안전한 공격 수단입니다.,,,,チョピン  / アイテム投げは反撃されないので / 強い敵でも安全な攻撃手段です。
31/S3014.DAT,0x47174,0.10,초핀,"초핀: 적을 공격했을 때 반격을 받아, 피해를 입을 때가 있습니다.",,,,チョピン  / 敵に攻撃した場合に、反撃をされ、 / ダメージを受けることがあります。
31/S3014.DAT,0x471D2,0.11,초핀,초핀: 이를 피하려면 적의 뒤나 옆으로 돌아 들어가 공격하면 됩니다.,,,,チョピン  / これを避けるためには、 / 敵の後ろかよこに / 回り込んで攻撃することです。
31/S3014.DAT,0x47232,0.07,초핀,초핀: 반대로 자신이 공격받을 때는 되도록 정면을 향하게 하면 적에게 반격하기 쉬워집니다.,,,,チョピン  / 逆に、自分が攻撃される時になるベく、 / 正面からになるようにしむけると / 敵に反撃しやすくなります。
31/S3014.DAT,0x472A2,0.07,초핀,초핀: 특수 공격도 아이템을 던지는 것과 마찬가지로 절대로 적의 반격을 받지 않는 공격 수단입니다.,,,,チョピン  / 特しゅ攻撃もアイテムを投げるのと同じく絶対に敵の反撃を受けない攻撃手段です。
31/S3014.DAT,0x47324,0.23,초핀,초핀: 무엇을 알고 싶으십니까?,"폐하, 괜찮으십니까?",아크,20,チョピン  / 何が知りたいですか？
31/S3014.DAT,0x4736E,0.09,,|전투 요령 2|유용한 정보|그만,,,,<CTRL:E5:03>バトルの心得 その2 / <CTRL:E5:03>耳よりな話 / <CTRL:E5:03>やつっり、いいや。
31/S3014.DAT,0x473DA,0.12,,|몬스터 상성|경험치|성장 조언|그만,,,,<CTRL:E5:03>モンスターとの相しょう / <CTRL:E5:03>経験値について / <CTRL:E5:03>成長のアトバイス / <CTRL:E5:03>やつっり、いいや。
31/S3014.DAT,0x4745A,0.10,초핀,초핀: 이쪽의 공격이 몬스터에게 통하지 않는 것은 레벨 차이 외에 상성이 나쁜 경우가 있기 때문입니다.,,,,チョピン  / こちらの攻撃がモンスターにきかないのはレベルの違い以外に、相しょうが悪い / 場合があります。
31/S3014.DAT,0x474C8,0.10,초핀,초핀: 예를 들어 마법을 사용하는 몬스터는 마법 공격에 강한 법입니다.,,,,チョピン  / 例えば、魔法を使用するモンスターは、 / 魔法攻撃には強いもんです。
31/S3014.DAT,0x4752A,0.11,초핀,초핀: 그 밖에 날아다니는 몬스터에게는 바람 마법이 잘 통하는 경우도 있습니다.,,,,チョピン  / 他には、飛んでいるモンスターには、 / 風の魔法がよくきくとかもあります。
31/S3014.DAT,0x4758C,0.10,초핀,초핀: 싸움은 머리를 쓰지 않으면 안 됩니다. 힘만으로는 안 되는 법입니다.,,,,チョピン  / 戦いは頭を使わなきゃいけません。 / 力だけじゃだめなんですよ。
31/S3014.DAT,0x475E8,0.09,,말해 주는군.,,,,言つてくれるぜ。
31/S3014.DAT,0x4762E,0.12,초핀,초핀: 강한 상대를 정해 싸우면 그만큼 많은 경험을 쌓을 수 있습니다.,,,,チョピン  / 強い相手を選んで戦うと、それだけ多くの経験をつめます。
31/S3014.DAT,0x47688,0.08,초핀,"초핀: 경험은 공격했을 때도, 공격받았을 때도 얻을 수 있습니다. 언제나 도전하는 마음으로 맞서 주십시오.",,,,チョピン  / 経験は、攻撃した時も、された時も / 得られます。 / いつもチャレンジする心で挑んで下さい。
31/S3014.DAT,0x476F6,0.13,,어딘가 조금 의욕이 나기 시작했어.,,,,なんだか、ちょつとやる気に / なつてきたな。
31/S3014.DAT,0x4773E,0.09,초핀,초핀: 다만 피해가 0인 경우에는 안 됩니다.,,,,チョピン  / ただし、 / ダメージが0の場合はだめですよ。
31/S3014.DAT,0x477D6,0.08,초핀,초핀: 동료가 늘어나면 전투에서의 역할에 따라 레벨 차이가 더 생기게 됩니다.,,,,チョピン  / 仲聞がふえてくると、戦闘での役わりに / よりレベルにさが出てきます。
31/S3014.DAT,0x47834,0.10,초핀,초핀: 모든 사람이 공격에 알맞은 것은 아닙니다.,,,,チョピン  / すベての人が攻撃に向いているわけでは / ありません。
31/S3014.DAT,0x4788A,0.10,초핀,초핀: 캐릭터들의 방어력이 비슷한 수치가 되도록 신경 써 보시는 건 어떻겠습니까?,,,,チョピン  / キャラクターの防ご値が近い値になるように気をつけてみてはどうでしょう？
31/S3014.DAT,0x478EC,0.11,초핀,초핀: 그러면 금방 당해 버리는 낙오자는 없어질 겁니다.,,,,チョピン  / きつと、 / すぐやられてしまう落ちこぼれは / いなくなりますよ。
31/S3014.DAT,0x4794A,0.10,,낙오자라니 누구를 말하는 게냐?,,,,落ちこぼれとは誰のことじゃ？
31/S3014.DAT,0x47996,0.19,,|아라라토스 유적|미르마나의 이후|라마다 수행|그만,,,,<CTRL:E5:03>アララトスの遺跡ダンジョン / <CTRL:E5:03>ミルマーナのその後 / <CTRL:E5:03>ラマダ寺での修行 / <CTRL:E5:03>やつっり、いいや。
31/S3014.DAT,0x47A1A,0.17,초핀,초핀: 아라라토스의 유적 던전은 상당히 층이 많은 모양입니다.,,,,チョピン  / アララトスの遺跡ダンジョンは / 相当に階層が深いようです。
31/S3014.DAT,0x47A78,0.10,초핀,"초핀: 그 안에는 몬스터가 지키고 있는, 그곳에서만 얻을 수 있는 액세서리도 있다고 들었습니다.",,,,チョピン  / なかには、モンスターに守られた、 / あそこにしかないアクセサリーもあると / 聞きます。
31/S3014.DAT,0x47ADE,0.14,초핀,"초핀: 힘 시험도 할 겸, 때로는 가 보는 것도 좋지 않겠습니까?",,,,チョピン  / 力試しもかねて、時には行つてみるのも / よいのでは？
31/S3014.DAT,0x47B34,0.07,,"그래, 너희 힘으로 보물을 계속 손에 넣는 게야!",,,,そうじゃ、おまえらの力で宝を / どんどん手に入れるんじゃ!
31/S3014.DAT,0x47B86,0.07,,물론 손에 넣은 뒤에는 나에게 맡기거라. 크크크크크.,,,,もちろん、手に入れた後はわしにまかせんしゃい。 / キャッキャッキャッキャッ。
31/S3014.DAT,0x47BE4,0.08,,맡길 리가 없잖아!,,,,まかせる訳ないでしょ!
31/S3014.DAT,0x47C2E,0.15,초핀,초핀: 토요케 숲의 베미의 정령을 기억하십니까?,,,,チョピン  / トヨーケの森のベみの精霊を / おぼえていますか？
31/S3014.DAT,0x47C82,0.18,초핀,초핀: 그녀는 언제나 우리를 지켜봐 주고 있습니다.,,,,チョピン  / 彼女はいつも我々を見守つてくれて / います。
31/S3014.DAT,0x47CD6,0.09,초핀,"초핀: 미르마나에는 세 곳의 배틀 에어리어가 있다고 하니, 때로는 가서 이야기를 듣는 것도 좋겠습니다.",,,,チョピン  / ミルマーナには、3カ所バトルエリアが / あるこですし、時には行つて、 / 話を聞くのもよいでしょう。
31/S3014.DAT,0x47D42,0.09,초핀,초핀: 가면 만능약을 받을 수 있는 모양입니다.,,,,チョピン  / 行くと万能薬をもらえるようですよ。
31/S3014.DAT,0x47D92,0.12,,친절하기도 하군.,,,,やさしいのう。
31/S3014.DAT,0x47DD8,0.07,초핀,초핀: 라마다에 남은 승려들은 절을 수행의 장소로 개방하고 있는 모양입니다.,,,,チョピン  / ラマダに残つた僧達は、 / 寺を修行の場として / 解放しているようです。
31/S3014.DAT,0x47E3A,0.09,초핀,초핀: 자신의 강함을 시험하고 싶어졌을 때 들러 보시는 건 어떻겠습니까?,,,,チョピン  / 自分の強さを試したくなつた場合に、 / 立ちよつてみてはどうでしょう。
31/S3014.DAT,0x47E9C,0.04,,제자들아....,,,,弟子達よ・・・・。
31/S3014.DAT,0x47EE4,0.11,초핀,초핀: 어느 것에 관해 말씀드릴까요?,,,,チョピン  / どれについてお話ししましょう？
31/S3014.DAT,0x47F3C,0.06,,|스톤 서클|링 위치 설정|소환수에 대해|다음 페이지,,,,<CTRL:E5:03>ストーンサークル / <CTRL:E5:03>リングの位置設定 / <CTRL:E5:03>召喚獣について / <CTRL:E5:03>次のページ
31/S3014.DAT,0x47FB8,0.07,,|포코의 악기|투기장|키토우올|그만,,,,<CTRL:E5:03>ポコの楽器 / <CTRL:E5:03>闘技場 / <CTRL:E5:03>キートウオール / <CTRL:E5:03>やつっりいいや。
31/S3014.DAT,0x4802A,0.05,,|스톤 서클|링 위치 설정|소환수|다음 페이지,,,,<CTRL:E5:03>ストーンサークル / <CTRL:E5:03>リングの位置設定 / <CTRL:E5:03>召喚獣 / <CTRL:E5:03>次のページ
31/S3014.DAT,0x480A2,0.06,,|포코의 악기|투기장|키토우올|다음 페이지,,,,<CTRL:E5:03>ポコの楽器 / <CTRL:E5:03>闘技場 / <CTRL:E5:03>キートウオール / <CTRL:E5:03>次のページ
31/S3014.DAT,0x48114,0.05,,|라마다사의 수행|로맨싱 스톤|장신구 비단 띠|그만,,,,<CTRL:E5:03>ラマダ寺の修行 / <CTRL:E5:03>ロマンシングストーン / <CTRL:E5:03>アクセサリー<G:90>きぬのおび<G:89> / <CTRL:E5:03>やつっりいいや。
31/S3014.DAT,0x4818E,0.10,초핀,초핀: 고겐 님이 동료가 된 뒤에 오르카스 언덕의 스톤 서클에 가 보셨습니까?,,,,チョピン  / ゴーゲンさんが仲聞になつた後にオルカスの丘のストーンサークルへ行きましたか？
31/S3014.DAT,0x481F2,0.11,초핀,초핀: 여기서는 어떤 아이템을 얻을 수 있습니다. 스톤 서클에서만 말이지요...,,,,チョピン  / ここでは、あるアイテムが手に入ります。ストーンサークルだけに・・。
31/S3014.DAT,0x48252,0.05,초핀,초핀: 전투 중 자신의 턴에 스타트 버튼을 누르면 스테이터스를 볼 수 있지요.,,,,チョピン  / バトル中に、自分のターンで / スタートボタンをおすと / ステータスを見れますよね。
31/S3014.DAT,0x482B6,0.07,초핀,초핀: 그때 커서와  로 링 안의 기술을 고르고 아이콘의 위치를 바꾸어 놓을 수 있습니다.,,,,チョピン  / その時に、カーソルと<CTRL:E7:02>でリングの中の技を選んでアイコンの位置を変えられるんです。
31/S3014.DAT,0x48320,0.09,초핀,초핀: 이것은 한 번 바꾸면 저장되므로 언제나 사용할 수 있습니다.,,,,チョピン  / これは、一度変えるとセーフされるので / すつと使えますよ。
31/S3014.DAT,0x4837E,0.12,초핀,초핀: 소환수는 전부 합쳐 둘까지 있다고 들었습니다. 그중에는 찾기 어려운 것도 있는 모양이니 여기저기 찾아 보십시오.,,,,チョピン  / 召喚獣は全部で6までなると聞いております。中には見つかりにくいものもいるようなのであちこち探してみて下さい。
31/S3014.DAT,0x483F8,0.09,초핀,초핀: 포코 님의 악기는 전부 여섯 개라고 들었습니다. 모두 찾으면 상당히 강한 부대가 될 수 있겠군요.,,,,チョピン  / ポコ様の楽器は、全部で8つになると聞いております。全部見つかると、かなり強い兵隊になれそうですね。
31/S3014.DAT,0x4846E,0.10,초핀,초핀: 그 뒤의 투기장에서는 배틀에서 이긴 수를 세고 있는 모양입니다.,,,,チョピン  / その後の闘技場では、バトルに勝つた数を数えているみたいですね。
31/S3014.DAT,0x484CA,0.09,초핀,초핀: 분명 좋은 일이 있을 테니 힘내서 기록을 세워 주십시오.,,,,チョピン  / きつと、いいことがありますから / がんばつて記ろくを作つて下さい。
31/S3014.DAT,0x4852A,0.08,초핀,초핀: 고겐 님의 키토우올 마법의 불에 큰 폭탄을 던져 넣으면 대폭발이 일어난다고 합니다.,,,,チョピン  / ゴーゲン様のキートウオールの魔法の火に<G:90>大きい爆弾<G:89>を投げ込むと大爆発が / 起こるそうです。
31/S3014.DAT,0x4859E,0.12,초핀,초핀: 몬스터가 많은 곳에서 써 보시는 건 어떻겠습니까?,,,,チョピン  / モンスターの多いところで使つてみては / どうでしょう。
31/S3014.DAT,0x485F8,0.07,초핀,"초핀: 라마다사에서는 등급을 두고 수행을 하고 있는 모양인데, 그것을 모두 끝내면 얻을 수 있는 액세서리가 있는 모양입니다.",,,,チョピン  / ラマダ寺では、ランクを設けて修行を行つているようですが、その全てを終えると手に入るアクセサリーがあるようです。
31/S3014.DAT,0x4866E,0.12,초핀,초핀: 다만 라마다사에서 받을 수 있는 것은 아닌 모양입니다만...,,,,チョピン  / ただ、ラマダ寺でもらえるわけではないようですが・・・。
31/S3014.DAT,0x486CA,0.13,초핀,"초핀: 로맨싱 스톤이 있는 곳을 알아냈습니다. 하나는 스메리아의 토우빌, 하나는 아라라토스의 유적 던전,",,,,チョピン  / ロマンシングストーンのある場所がわかりました。1つはスメリアのトウヴィル / 1つはアララトスの遺跡ダンジョン、
31/S3014.DAT,0x4873E,0.11,초핀,"초핀: 하나는 고겐 님이, 마지막 하나는 아크 님의 아버님이 가지고 계신 모양입니다.",,,,チョピン  / 1つはゴーゲン様が、最後の1つはアークさんの父上が持つてらつしゃつたみたいですね。
31/S3014.DAT,0x487A8,0.08,초핀,초핀: 전투에서 경험치가 두 배가 되는 장신구가 있는 모양입니다. 이름은 비단 띠. 누구나 쓸 수 있는 것 같군요.,,,,チョピン  / 戦闘での経験値が倍なるアクセサリーがあるようです。名前は<G:90>きぬのおび<G:89>。 / 誰でも使えるようですね。
31/S3022.DAT,0x47CBA,0.25,,우리 셋만으로도 괜찮겠지?,"괜찮겠지, 가자.",아크,6,私たち3人でも / だいじょうぶよね？
31/S3022.DAT,0x47D06,0.07,,카카라스의 숲은 가지 않아도 되려나.,,,,<G:90>カカラスの森<G:89>は行かなくていいのかな。
31/S3022.DAT,0x47D52,0.10,,우리 셋만으로 괜찮을까?,,,,3人でだいじょうぶかな？
31/S3022.DAT,0x47D96,0.10,병사,병사: 너희가 몬스터를 쓰러뜨리겠다며 건방진 소리를 하는 꼬마들이냐?,,,,兵士  / おまえ等が、モンスターを倒すなどと / 生意気(なまいき)を言つてるガキか？
31/S3022.DAT,0x47DF8,0.08,병사,"병사: 우리 군인들에게 맡기고, 잠자코 하는 말이나 들으면 되는 거다.",,,,兵士  / 俺達軍人にまかせて、だまつて言うこを / 聞いてればいいんだ。
31/S3022.DAT,0x47E54,0.07,병사,병사: 야군 님은 이 나라 제일이다. 거스르면 큰일을 당할 거야.,,,,兵士  / ヤグン様は、この国のナンバー1だ。 / さからうとひい目にあうぞ。
31/S3022.DAT,0x47EB2,0.09,병사,병사: 루와지의 숲과 셈바라의 늪에 가는 건가. 그곳 몬스터는 강하다고.,,,,兵士  / <G:90>ルワジの森<G:89>と<G:90>センバラの沼<G:89>に / いくのか。 / あそこのモンスターは強いぞ。
31/S3022.DAT,0x47F16,0.11,병사,병사: 우선 카카라스의 숲에서 힘 시험이라도 해 보는 게 어떤가.,,,,兵士  / ます<G:90>カカラスの森<G:89>で力だめしでも / してみたらどうだ。
31/S3022.DAT,0x47F72,0.07,병사,병사: 야군 님이 로마리아에서 장군으로 온 뒤로 몬스터가 거리를 습격하는 일이 없어졌지.,,,,兵士  / ヤグン様が将軍としてロマリアから来てから、モンスターが街をおそうこがなくなつた。
31/S3022.DAT,0x47FD4,0.10,병사,병사: 과연 우리 대장군! ...하지만 장군이 몬스터와 싸우는 건 한 번도 본 적이 없단 말이지.,,,,兵士  / さすがわれらが大将軍!<CTRL:E4:3D> / ・・でも、将軍がモンスターと戦うのを / 一度もみたこないなっ。
31/S3022.DAT,0x48044,0.18,병사,"병사: 방해야, 방해! 여기는 아이들이 나다닐 곳이 아니야.",,,,兵士  / じゃまだ、じゃまだ! / ここは、子供のうろちょろする場所じゃないぞ。
31/S3022.DAT,0x480A4,0.10,병사,병사: 아무래도 스파이가 있는 모양이야. 조심해야지...,,,,兵士  / どうもスパイがいるらしいぞ。 / 気をつけねば・・。
31/S3022.DAT,0x4811A,0.10,노인,노인: 전쟁이 끝났나 했더니 이번에는 몬스터라니.,,,,老人  / 戦争が終わつたとおもつたら / 今度はモンスターじゃ。
31/S3022.DAT,0x4816E,0.08,노인,노인: 언제쯤이면 편안히 살 수 있을까...,,,,老人  / いつになつたら落ち着いてくらせるんじゃろう・・。
31/S3022.DAT,0x481CC,0.10,아이,"아이: 아저씨, 저에게도 이야기하게 해 줘.",,,,子供  / おじいちゃん、わたしにもおはなしさせてよ。
31/S3022.DAT,0x4821A,0.08,노인,노인: 모르는 형에게 가까이 가면 안 돼.,,,,老人  / 知らないおにいさんにちかづくんじゃないよ。
31/S3022.DAT,0x4826A,0.15,,위험하지 않다는데도.,,,,あぶなくないつてのに。
31/S3022.DAT,0x482B4,0.11,남자,남자: 몬스터와 싸우기 위한 임시 군대일 텐데...,,,,男  / モンスターと戦うための / 臨時(りんじ)の軍のはすなのに・・。
31/S3022.DAT,0x4830C,0.07,남자,남자: 어딘가 나라를 빼앗긴 것 같은 기분이... 그렇게 생각하는 건 나뿐일까요?,,,,男  / なんだか / 国を乗つ取られたみたいな気が・・。 / そんな風に思うのは私だけでしょうかね？
31/S3022.DAT,0x48378,0.11,남자,남자: 제가 여기 있는 것은 비밀입니다.,,,,男  / 私がここにいることはないしょですよ。
31/S3022.DAT,0x4855A,0.15,병사,병사: 준비가 되면 말씀해 주십시오. 출구에서 기다리고 있겠습니다.,,,,兵士  / 準備ができたら声をかけて下さい。 / 出口のところでおまちしております。
31/S3022.DAT,0x485D6,0.11,,화가 나 버렸어.,,,,頭に来ちゃつたわ。
31/S3022.DAT,0x48614,0.14,,처음부터 우리가 몬스터와 싸울 수 없다고 생각하는 모양이야.,,,,はじめつから私達をモンスターと戦えるわけないつて思つてる / みたい。
31/S3022.DAT,0x4866A,0.29,,하지만 어떻게 하지?,응... 하지만.....,,8,でもどうするの？
31/S3022.DAT,0x486A6,0.09,,우리가 몬스터를 쓰러뜨려 보이는 수밖에 없겠지. 장군이 아이로 보지 못하게.,,,,俺達が、モンスターを倒して見せるしかないだろう。 / 将軍が子供あつかいできないように。
31/S3022.DAT,0x48708,0.12,,어떤 몬스터인지도 모르는데... 괜찮을까?,,,,どんなモンスターかもわからないのに・・大丈夫かな？
31/S3022.DAT,0x4875A,0.11,,"그만큼 말했으니 할 수밖에 없겠지, 쿠쿠루?",,,,あれだけ言つたんだ。 / やるしかないだろう、ククル？
31/S3022.DAT,0x487AE,0.17,,그래.,,,,そうね。
31/S3022.DAT,0x48822,0.21,병사,병사: 출발하시겠습니까?|출발한다|그만둔다,그래도 떠나시겠습니까?,,6,兵士  / 出発なさいますか？ / <CTRL:E5:03>出発する / <CTRL:E5:03>やつっりやめる
31/S3022.DAT,0x48882,0.13,병사,병사: 준비가 되면 말씀해 주십시오.,,,,兵士  / 準備ができたら声をかけて下さい。
31/S3022.DAT,0x488E4,0.06,병사,병사: 그러면 갑시다.,,,,兵士  / それではいきましょう。
31/S3022.DAT,0x489C4,0.11,,당신은 가지 않아도 돼요. 여기서 자고 있어요.,,,,あなたは、行かなくていいわよ。ここで眠つてなさい。
31/S3022.DAT,0x48A12,0.07,,"자, 갑시다.",,,,さっ、いきましょ。
31/S3022.DAT,0x48A50,0.12,쿠쿠루,쿠쿠루: 이렇게 해도 괜찮을까?,,,,こんなこして大丈夫？
31/S3022.DAT,0x48A90,0.10,,우리만으로 몬스터를 쓰러뜨리지 않으면 의미 없잖아?,,,,私達だけで / モンスターを倒さなきゃ / 意味ないでしょ？
31/S3022.DAT,0x48AE4,0.40,,그렇군. 가자.,그렇군요.,,8,そうだな。 / 行こう。
31/S3023.DAT,0x47CCA,0.10,,"그런데 그 야군이라는 장군, 싫은 녀석이지?",,,,それにしても / あの、ヤグンつて将軍 / ヤな奴だよね。
31/S3023.DAT,0x47D22,0.10,,스메리아가 그립다,,,,スメリアに帰りたくなつてきたなっ。
31/S3023.DAT,0x47D6C,0.09,,병사|벌써 겁먹었나?,,,,兵士  / なんだ、もう弱音をはいてるのか？
31/S3023.DAT,0x47DB6,0.13,,병사|너희론 무리다!,,,,兵士  / おまえ等には無理なんだよ!
31/S3023.DAT,0x47E04,0.08,,병사|괴물이 강하다고?,,,,兵士  / モンスターが強くて大変だつて？
31/S3023.DAT,0x47E4C,0.09,병사,병사: 카카라스의 숲 몬스터라면 너희도 이길 수 있겠지?,,,,兵士  / <G:90>カカラスの森<G:89>のモンスターだつたら / おまえらでも勝てるだろ？
31/S3023.DAT,0x47EAC,0.08,병사,병사: 숲에 가고 싶다고? 거기는 군 정기 수송 열차로만 갈 수 있어.,,,,兵士  / 森にいきたいんだつて？ / あそこには軍の定期ゆ送列車でしか行けないぜ。
31/S3023.DAT,0x47F10,0.08,,병사|장군 허가 없인 못 타.,,,,兵士  / もちろん将軍の許可がなくては乗れないぜ
31/S3023.DAT,0x47F64,0.05,,병사|식량 수송대가 자꾸 습격받아|열차를 쓰게 됐지.,,,,兵士  / 食ベ物を運んでいるところをモンスターにすいぶんおそわれたから、列車を使うこにしたんだ。
31/S3023.DAT,0x47FCE,0.07,,병사|국민은 우리 덕에 산다.,,,,兵士  / 国民は、我等のおかげで食いつなげるつてわけだ。
31/S3023.DAT,0x48026,0.12,,병사|여기 괴물은 강하지?,,,,兵士  / どうだ？この国のモンスターは手強いだろ
31/S3023.DAT,0x48072,0.09,,병사|힘껏 해 봐라.,,,,兵士  / まつ、せいぜいがんばりな。
31/S3023.DAT,0x480BC,0.15,병사,병사: 역시 스파이가 있는 모양이야. 어디에 있는 걸까?,,,,兵士  / やつっりスパイがいるみたいだ。 / どこにいるんだろう？
31/S3023.DAT,0x48114,0.11,,병사|장군과의 약속을 지켜라.,,,,兵士  / 将軍との約束を果たしてから来て下さい。
31/S3023.DAT,0x4816E,0.09,노인,노인: 그런가. 자네 스메리아에서 왔나?,,,,老人  / そうかい。 / おまえさんスメリアから来たんかい。
31/S3023.DAT,0x481C0,0.09,노인,노인: 사람끼리 서로 죽이다니 서러운 일이구먼.,,,,老人  / 人聞同士が殺しあうなんて悲しいこじゃのう。
31/S3023.DAT,0x48232,0.09,,아이|형은 어디서 왔어?|놀아 줄래?,,,,子供  / おにいちゃん、どこからきたの？ / あそんでくれる？
31/S3023.DAT,0x482A8,0.11,,아이|이거 줄게,,,,子供  / これあげる。
31/S3023.DAT,0x482E6,0.38,,돌을 받았습니다.,예! .......... 찾았습니다.,군인들,21,<G:90>石<G:89>をもらいました。
31/S3023.DAT,0x48326,0.20,,고마워,고마워. 다시 만나도록 하자.,아크,21,ありがとう。
31/S3023.DAT,0x48362,0.14,,아이|돌은 다 줬어.|다음에 봐.,,,,子供  / 石はさつきのでぜんぶだから、またこんどね。
31/S3023.DAT,0x483BC,0.08,남자,"남자: 토요케의 숲은 예전에는 베미의 숲이라 불렸고, 국민이 믿는 대상이었습니다만...",,,,男  / トヨーケの森は、かつてはベみの森とよばれ、国民の信こうの対しょうだつたのですが・・、
31/S3023.DAT,0x48426,0.10,,남자|이젠 괴물 소굴입니다.,,,,男  / 今じゃ、モンスターの住みかになつてしまいました。
31/S3023.DAT,0x4847C,0.08,,남자|제법 잘 섞여든 것 같군.,,,,男  / しかし、われながらうまくとけこんでると思うなっ。
31/S3023.DAT,0x486CA,0.12,,나가?,,,,外に出るの？
31/S3023.DAT,0x4870A,0.17,,|나간다|그만,,,,<CTRL:E5:03>外に出る / <CTRL:E5:03>やつっりやめる
31/S3024.DAT,0x45CC8,0.11,,병사|이젠 들어갈 일 없소.,,,,兵士  / もう入る必要はないでしょう。
31/S3024.DAT,0x45D18,0.07,,이젠 텅 비었어.,,,,いまさらここに来ても何もないわね。
31/S3024.DAT,0x45D64,0.00,,또왔네,,,,またきたね。
31/S3024.DAT,0x45DA4,0.06,,"누구나 할 것 없이, 한심하기 그지없군.",,,,どいつもこいつも、だらしないねえ。
31/S3024.DAT,0x45DF0,0.05,,늘 한가하구먼.,,,,ここは、あいかわらすひまじゃのう。
31/S3024.DAT,0x45E3C,0.08,,여긴 그대로군.,,,,ここは変わつていないようだな。
31/S3024.DAT,0x45E86,0.00,,뭐 없나?,,,,何か落ちてないかね。
31/S3024.DAT,0x45ECA,0.07,,병사|흥!|좀 강하다고 우쭐대지 마.,,,,兵士  / ふんつ。 / ちょつと強いからつて調子にのるんじゃないぞ。
31/S3024.DAT,0x45F28,0.07,병사,병사: 열차는 주로 먹을 것을 수송하는 데 쓰고 있지.,,,,兵士  / 列車は主に食ベ物のゆ送に使つている。
31/S3024.DAT,0x45F7A,0.07,,병사|국민은 우리 덕에 산다.,,,,兵士  / 国民は、我等のおかげで食いつなげるつてわけだ。
31/S3024.DAT,0x45FD2,0.10,,병사|저건 로마리아 중고래.|거긴 더 좋은 열차가 있나?,,,,兵士  / あの列車は、ロマリアからのお下がりらしいぜ。むこうじゃもつとすごいのが走つてるのかなっ？
31/S3024.DAT,0x46038,0.06,,병사|로마리아 몰라?|서쪽 최대 강국이야.,,,,兵士  / え、おまえロマリアも知らないの。西にあるこの世界1の大国だよ。
31/S3024.DAT,0x46096,0.11,,병사|20년 전|스메리아와 전쟁,,,,兵士  / この国は20年前、スメリアと戦争してたんだ。
31/S3024.DAT,0x460E4,0.09,,병사|뭐 달라질 건 없지만.,,,,兵士  / だからどうしたつてわけでもないんだがな・・。
31/S3024.DAT,0x4613A,0.10,병사,병사: 역시 아무리 생각해도 스파이가 있다고밖에 생각할 수 없는데.,,,,兵士  / やつっり、どう考えても / スパイがいるとしか思えないんだが。
31/S3024.DAT,0x46190,0.07,병사,병사: 진심으로 말하는 거냐고? 실례로군!,,,,兵士  / まじめに言つてるのかつて？<CTRL:E4:3D> / 失礼な!
31/S3024.DAT,0x461E4,0.09,,병사|강하다며?|우리 군에 들어올래?,,,,兵士  / あんた強いらしいな？ / うちの軍隊に入らないか？
31/S3024.DAT,0x46262,0.04,,노인|괴물 뒤론|군 식량을 사야 해.,,,,老人  / モンスターが出てから、 / 食ベ物は軍からかわなきゃならん。
31/S3024.DAT,0x462BA,0.06,,노인|싸진 않다네.,,,,老人  / それが決して安くないんじゃよ。
31/S3024.DAT,0x46308,0.04,,노인|괴물 출몰 뒤론|군에서 식량을 사야 해.,,,,老人  / モンスターが出てから、食ベ物は軍からかわなきゃならん。
31/S3024.DAT,0x4635E,0.12,,노인|그게 결코 싸지 않다네.,,,,老人  / それが決して安くないんじゃよ。
31/S3024.DAT,0x463A6,0.12,아이,"아이: 앗, 그린 슬라임 버스터 형이다.",,,,子供  / あつ、ぐりーんすらいむばすたーのおにいちゃんだ。
31/S3024.DAT,0x463FE,0.04,,노인|괴물 출몰 뒤론|군에서 식량을 사야 해.,,,,老人  / モンスターが出てから、食ベ物は軍からかわなきゃならん。
31/S3024.DAT,0x46454,0.12,,노인|그게 결코 싸지 않다네.,,,,老人  / それが決して安くないんじゃよ。
31/S3024.DAT,0x4649C,0.06,,아이|앗! 엘리멘털 버스터 형이다.,,,,子供  / あつ、 / えれめんたるばすたーのおにいちゃんだ。
31/S3024.DAT,0x464F2,0.04,,노인|괴물 출몰 뒤론|군에서 식량을 사야 해.,,,,老人  / モンスターが出てから、食ベ物は軍からかわなきゃならん。
31/S3024.DAT,0x46548,0.12,,노인|그게 결코 싸지 않다네.,,,,老人  / それが決して安くないんじゃよ。
31/S3024.DAT,0x46590,0.11,,아이|앗! 돌 마스터 버스터 형이다.,,,,子供  / あつ、 / どーるますたーばすたーのおにいちゃんだ
31/S3024.DAT,0x465E6,0.04,,노인|괴물 출몰 뒤론|군에서 식량을 사야 해.,,,,老人  / モンスターが出てから、食ベ物は軍からかわなきゃならん。
31/S3024.DAT,0x4663C,0.12,,노인|그게 결코 싸지 않다네.,,,,老人  / それが決して安くないんじゃよ。
31/S3024.DAT,0x46684,0.07,,아이|앗! 자이언트 배트 버스터다.,,,,子供  / あつ、 / じゃいあんとばつとばすたーのおにいちゃんだ。
31/S3024.DAT,0x466DE,0.04,,노인|괴물 출몰 뒤론|군에서 식량을 사야 해.,,,,老人  / モンスターが出てから、食ベ物は軍からかわなきゃならん。
31/S3024.DAT,0x46734,0.12,,노인|그게 결코 싸지 않다네.,,,,老人  / それが決して安くないんじゃよ。
31/S3024.DAT,0x4677C,0.07,,아이|앗! 프리지 버스터 형이다.,,,,子供  / あつ、 / ふりーじーばすたーのおにいちゃんだ。
31/S3024.DAT,0x467D2,0.04,,노인|괴물 출몰 뒤론|군에서 식량을 사야 해.,,,,老人  / モンスターが出てから、食ベ物は軍からかわなきゃならん。
31/S3024.DAT,0x46828,0.12,,노인|그게 결코 싸지 않다네.,,,,老人  / それが決して安くないんじゃよ。
31/S3024.DAT,0x46870,0.08,,아이|앗! 야생 헤모지 버스터다.,,,,子供  / あつ、 / やせいへもじーばすたーのおにいちゃんだ。
31/S3024.DAT,0x468C8,0.04,,노인|괴물 출몰 뒤론|군에서 식량을 사야 해.,,,,老人  / モンスターが出てから、食ベ物は軍からかわなきゃならん。
31/S3024.DAT,0x4691E,0.12,,노인|그게 결코 싸지 않다네.,,,,老人  / それが決して安くないんじゃよ。
31/S3024.DAT,0x46966,0.07,,아이|앗! 뱀파이어 배트 버스터다.,,,,子供  / あつ、 / ばんばいやばつとばすたーのおにいちゃんだ。
31/S3024.DAT,0x469BE,0.04,,노인|괴물 출몰 뒤론|군에서 식량을 사야 해.,,,,老人  / モンスターが出てから、食ベ物は軍からかわなきゃならん。
31/S3024.DAT,0x46A14,0.12,,노인|그게 결코 싸지 않다네.,,,,老人  / それが決して安くないんじゃよ。
31/S3024.DAT,0x46A5C,0.08,,아이|앗! 데스 플레임 버스터다.,,,,子供  / あつ、 / ですふれいむばすたーのおにいちゃんだ。
31/S3024.DAT,0x46AB2,0.04,,노인|괴물 출몰 뒤론|군에서 식량을 사야 해.,,,,老人  / モンスターが出てから、食ベ物は軍からかわなきゃならん。
31/S3024.DAT,0x46B08,0.12,,노인|그게 결코 싸지 않다네.,,,,老人  / それが決して安くないんじゃよ。
31/S3024.DAT,0x46B50,0.07,,아이|앗! 광대 버스터 형이다.,,,,子供  / あつ、 / どうけしばすたーのおにいちゃんだ。
31/S3024.DAT,0x46BA4,0.04,,노인|괴물 출몰 뒤론|군에서 식량을 사야 해.,,,,老人  / モンスターが出てから、食ベ物は軍からかわなきゃならん。
31/S3024.DAT,0x46BFA,0.12,,노인|그게 결코 싸지 않다네.,,,,老人  / それが決して安くないんじゃよ。
31/S3024.DAT,0x46C42,0.11,,아이|앗! 애시드 슬라임 버스터다.,,,,子供  / あつ、 / あしつどすらいむばすたーのおにいちゃんだ。
31/S3024.DAT,0x46C9A,0.04,,노인|괴물 출몰 뒤론|군에서 식량을 사야 해.,,,,老人  / モンスターが出てから、食ベ物は軍からかわなきゃならん。
31/S3024.DAT,0x46CF0,0.12,,노인|그게 결코 싸지 않다네.,,,,老人  / それが決して安くないんじゃよ。
31/S3024.DAT,0x46D38,0.11,,아이|앗! 엘리멘털 마스터 버스터다.,,,,子供  / あつ、 / えれめんたるますたーばすたーのおにいちゃんだ。
31/S3024.DAT,0x46D92,0.04,,노인|괴물 출몰 뒤론|군에서 식량을 사야 해.,,,,老人  / モンスターが出てから、食ベ物は軍からかわなきゃならん。
31/S3024.DAT,0x46DE8,0.12,,노인|그게 결코 싸지 않다네.,,,,老人  / それが決して安くないんじゃよ。
31/S3024.DAT,0x46E30,0.08,,아이|상대가 사라졌네.|대단해. 이거 줄게.,,,,子供  / あつ、もうあいてがいなくなつたんだね。すごくつよいんだ。これあげる。
31/S3024.DAT,0x46EA8,0.25,,여신의 기도를 받았습니다.,예! .......... 찾았습니다.,군인들,21,<G:90>女神のいのり<G:89>をもらいました。
31/S3024.DAT,0x46EF6,0.04,,노인|괴물 출몰 뒤론|군에서 식량을 사야 해.,,,,老人  / モンスターが出てから、食ベ物は軍からかわなきゃならん。
31/S3024.DAT,0x46F4C,0.12,,노인|그게 결코 싸지 않다네.,,,,老人  / それが決して安くないんじゃよ。
31/S3024.DAT,0x46F94,0.08,,아이|상대가 없네.|준 거 쓰고 있어?,,,,子供  / あつ、もうあいてがいないおにいちゃんだ。さつきあげたの、つかつてる？
31/S3024.DAT,0x46FFA,0.08,남자,"남자: 토요케의 숲은 예전에는 베미의 숲이라 불렸고, 국민이 믿는 대상이었습니다만...",,,,男  / トヨーケの森は、かつてはベみの森とよばれ、国民の信こうの対しょうだつたのですが・・、
31/S3024.DAT,0x47064,0.15,,남자|이젠 괴물 소굴이 됐습니다.,,,,男  / 今じゃ、モンスターの住みかになつてしまつた。
31/S3024.DAT,0x470B8,0.09,,남자|이제 제멋대로입니다.|히히히히!,,,,男  / もうやりたいほうだいですよ。 / ひゃひゃひゃひゃひゃつ。
31/S3024.DAT,0x476B8,0.13,,병사|들어가십시오.,,,,兵士  / おはいりください。
31/S3024.DAT,0x477C2,0.12,,나가?,,,,外に出るの？
31/S3024.DAT,0x47802,0.17,,|나간다|그만,,,,<CTRL:E5:03>外に出る / <CTRL:E5:03>やつっりやめるか
31/S3024.DAT,0x47F68,0.40,,|아크|쿠쿠루|토슈,"아크, 쿠쿠루. 키스한다.",,21,攻撃  / <CTRL:E5:03>アーク / <CTRL:E5:03>ククル / <CTRL:E5:03>トッシュ
31/S3024.DAT,0x47FD2,0.03,,|망자|갑옷|아르마,,,,防ご  / <CTRL:E5:03>がいこつ / <CTRL:E5:03>よつっらい / <CTRL:E5:03>あるまじろ
31/S3024.DAT,0x48052,0.07,,|강공격|일반|약공격,,,,どうする？ / <CTRL:E5:03>さいきょうこうげき / <CTRL:E5:03>ふつうこうげき / <CTRL:E5:03>よわいこうげき / 
31/S3024.DAT,0x48280,0.06,,의 대미지,,,,<CTRL:E8:10>のダメージ
31/S3031.DAT,0x47A4C,0.15,병사,병사: 스메리아에서 온 사절을 모시고 왔습니다.,,,,兵士  / スメリアからの使者をおつれしました。
31/S3031.DAT,0x47AB0,0.08,야군,"야군: 이런 아이들을 상대하게 되다니, 나도 우습게 보인 모양이군.",,,,ヤグン  / こんな子供の相手をさせられるとは / わしもばかにされたものだな。
31/S3031.DAT,0x47B9C,0.14,,스메리아에서 온 아크입니다.,,,,スメリアから来たアークです。
31/S3031.DAT,0x47BDC,0.08,야군,야군: 미르마나 국군 본부 장군 야군입니다. 토요케 숲에 가고 싶으셨지요?,,,,ヤグン  / ミルマーナ国軍本部将軍のヤグンです。 / トヨーケの森に行きたいんでしたな？
31/S3031.DAT,0x47C40,0.10,야군,야군: 하지만 그건 아이들에게는 무리입니다. 너무 위험해요.,,,,ヤグン  / しかしながら、それは子供には無理だな / 危険すぎる。
31/S3031.DAT,0x47C98,0.13,야군,"야군: 모처럼 와 주셔서 죄송합니다만, 돌아가 주실 수밖에 없겠군요.",,,,ヤグン  / まあわざわざ来てもらつて / ご苦労なことだが / お帰りいただくしかないですな。
31/S3031.DAT,0x47D12,0.10,,"잠깐, 너무 심한 말 아닌가요?",,,,ちょつと、すいぶんな言い草じゃない。
31/S3031.DAT,0x47D5A,0.08,,"아이들이라니, 이래 보여도 스메리아 왕의 명으로 온 거예요.",,,,子供、子供つて / これでもスメリア王の命で来ているのよ。
31/S3031.DAT,0x47DAC,0.12,,제대로 상대하는 것이 도리 아닌가요?,,,,きちんと対するのが / すじつてもんじゃないの？
31/S3031.DAT,0x47E08,0.15,야군,"야군: 이건 실례했습니다, 아가씨.",,,,ヤグン  / これは失礼しましたな、お嬢さん。
31/S3031.DAT,0x47E54,0.06,야군,야군: 다만 정령의 나라에서 불가사의한 힘을 지닌 전사가 오셨다고 들었기에...,,,,ヤグン  / ただ、私は精霊の国から不思議な力を持つた戦士がいらつしゃると聞いていたものですから・・。
31/S3031.DAT,0x47EBE,0.09,야군,야군: 게다가 지금 숲은 몬스터투성이라 아주 위험한 곳입니다.,,,,ヤグン  / しかも今、森はモンスターだらけで大変 / 危険な場所なんですよ。
31/S3031.DAT,0x47F1A,0.10,야군,야군: 사절께서 목숨이라도 잃으시면 스메리아 왕께 면목이 서지 않습니다.,,,,ヤグン  / 使者の方が命でも落とされたら / それこそスメリア王に申しわけが立たない
31/S3031.DAT,0x47F8C,0.17,야군,야군: 하하하하하.,,,,ヤグン  / はつはつはつはつ。
31/S3031.DAT,0x47FDE,0.12,,"방금 말한, 신기한 힘을 지닌 전사가 우리입니다. 나이는 관계없지 않습니까?",,,,今言つた、不思議な力を持つ戦士が俺達です。 / 年はか係ないでしょう？
31/S3031.DAT,0x4803A,0.06,,그래. 너처럼 배 나온 장군보다 훨씬 잘 싸울 수 있을걸!,,,,そうよ。 / あんたみたいに / 腹が出た将軍より / りつっに戦えるはすだわ!
31/S3031.DAT,0x480B0,0.12,야군,야군: ...좋습니다. 여러분의 힘을 보여 주시지요.,,,,ヤグン  / ・・いいでしょう。 / あなたがたの力を見せてもらいましょう。
31/S3031.DAT,0x4810A,0.19,야군,야군: 최근에는 이 근처에도 몬스터가 나타나오.,,,,ヤグン  / 最近はこの付近でもモンスターが現われる
31/S3031.DAT,0x4815A,0.09,야군,야군: 그러니 그 힘을 써서 몬스터를 쓰러뜨려 주시지요.,,,,ヤグン  / そこで、その力とやらを使つて / モンスターを倒していただきましょう。
31/S3031.DAT,0x481B6,0.09,야군,야군: 이 근처의 몬스터도 쓰러뜨리지 못한다면 숲에는 도저히 갈 수 없으니까요.,,,,ヤグン  / このあたりのモンスターも倒せないようでは、森にはとうてい行けませんからな。
31/S3031.DAT,0x48246,0.07,야군,야군: 이분들이 전장을 구경하고 싶어 하신다. 네가 동행하여 보여 드려라.,,,,ヤグン  / この方達が、戦場を見学したいそうだ。 / おまえが同行してお見せしろ。
31/S3031.DAT,0x482A2,0.07,야군,야군: 만일의 일이 있으면 큰일이다. 잘 지켜 드려라.,,,,ヤグン  / もしものこがあつたら一大こだぞ。 / 心してお守りするのだ。
31/S3031.DAT,0x48308,0.13,야군,야군: 여러분을 루와지의 숲과 셈바라의 늪 두 곳으로 안내하게 하겠습니다.,,,,ヤグン  / みなさんを / <G:90>ルワジの森<G:89>、<G:90>センバラの沼<G:89> / の2か所に案内させます。
31/S3031.DAT,0x4836C,0.12,야군,야군: 우선 저기 몬스터와 싸워 보십시오.,,,,ヤグン  / ますは、そこのモンスターと / 戦つてみて下さい。
31/S3031.DAT,0x483BC,0.16,야군,야군: 그러면 훌륭한 전과를 기대하고 있겠습니다.,,,,ヤグン  / それでは、すばらしい戦果を期待して / おりますぞ。
31/S3031.DAT,0x4841E,0.14,야군,야군: 데려가라.,,,,ヤグン  / お連れしろ。
31/S3031.DAT,0x4845E,0.00,병사,병사: 옛!,,,,兵士  / はつ。
31/S3032.DAT,0x4794E,0.12,,이제 더는 아이 취급할 수 없겠지?,,,,これでもう子供扱いできないでしょう？
31/S3032.DAT,0x47994,0.20,야군,야군: 알겠습니다. 숲까지 가는 열차 탑승을 허가하지요.,네 알겠습니다.,정체불명의 인물,7,ヤグン  / わかりました。 / 森までの列車の乗車を許可しましょう。
31/S3032.DAT,0x479EE,0.10,야군,야군: 다만 저곳은 우리도 애를 먹고 있는 장소다.,,,,ヤグン  / ただし、あそこは / 我々でも手をやいている場所だ。
31/S3032.DAT,0x47A40,0.13,야군,야군: 만일 무슨 일이 있어도 우리는 책임을 지지 않겠소.,,,,ヤグン  / もしものこがあつても / 我々は責任をもちませんぞ。
31/S3032.DAT,0x47AA2,0.12,,알고 있습니다. 그때는 스메리아 왕께 그렇게 전해 주십시오.,,,,わかつています。 / その時は、スメリア王には / そう伝えて下さい。
31/S3032.DAT,0x47AF8,0.12,,그럼.,,,,じゃっ。
31/S3032.DAT,0x47B62,0.11,야군,"야군: 아이인 줄 알았는데, 아무래도 전설의 용자일지도 모르겠군.",,,,ヤグン  / 子供だと思つていたが / どうやら伝説の勇者かもしれん。
31/S3032.DAT,0x47BBA,0.07,야군,야군: 지금부터 시동하는 편이 좋을 듯하군.,,,,ヤグン  / 今のうちに始動したほうがよさそうだな。
31/S3032.DAT,0x47C3C,0.11,몬스터,몬스터: 제게 맡겨 주십시오.,,,,モンスター  / 私におまかせください。
31/S3032.DAT,0x47C8E,0.07,야군,"야군: 좋아, 네가 놈들을 숲까지 안내해라.",,,,ヤグン  / よし、お前がやつらを森まで案内してやれ
31/S3032.DAT,0x47CDC,0.11,야군,야군: 그리고 숲에서 시동해라.,,,,ヤグン  / そして森で始動しろ。
31/S3032.DAT,0x47D2E,0.80,몬스터,몬스터: 알겠습니다.,네 알겠습니다.,정체불명의 인물,7,モンスター  / 承知しました。
32/S3051.DAT,0x48D62,0.12,병사,병사: 여기부터는 몬스터가 나오는 위험한 곳입니다.,,,,兵士  / ここからはモンスターが出る危険な場所です。
32/S3051.DAT,0x48DB0,0.10,병사,병사: 계속 따라와 주십시오.,,,,兵士  / 連れすついて来てください。
32/S3051.DAT,0x48E70,0.12,,이 근처에서 사라졌는데 말이야...,,,,このあたりで / 消えたんだけどなっ・・。
32/S3061.DAT,0x478D6,0.22,,정말 아름다운 곳이야.,아름다워!,쿠쿠루,7,なんてきれいな所なの。
32/S3061.DAT,0x47916,0.07,,마치 다른 숲 같아.,,,,まるで別の森みたいだ。
32/S3061.DAT,0x4795E,0.09,,예전에는 숲 전체가 이곳과 같았습니다. 당신들 인간이 저렇게 만들어 버렸지요.,,,,かつては森全部がここと同じでした。 / あなたたち人聞が、あのようにして / しまつたのです。
32/S3061.DAT,0x47A9C,0.30,베미의 정령,"베미의 정령: 기다리고 있었습니다, 아크.",기다리고?,,11,ベみの精霊  / まつていましたよアーク。
32/S3061.DAT,0x47AE4,0.25,,기다렸다고?,우릴 왜 기다렸죠?,,13,まつてた？
32/S3061.DAT,0x47B1C,0.12,베미의 정령,베미의 정령: 그래요. 20년 전 당신의 아버지를 도와준 뒤로 줄곧 이 날을 기다렸지요.,,,,ベみの精霊  / そう、20年前あなたのお父さんを助けてから、すうつとこの日をね。
32/S3061.DAT,0x47B7A,0.38,,아버지가 여기에?,"!!! 내,.... 내 아버지가?",,18,父さんがここに？
32/S3061.DAT,0x47BB4,0.11,은혜의 정령,"은혜의 정령: 그래, 스메리아의 황태자였던 요슈아 왕자, 네 아버지란다.",,,,ベみの精霊  / そう、スメリアの皇太子だつた / ヨシュア王子、<CTRL:E4:29> / あなたのお父さんよ。
32/S3061.DAT,0x47C18,0.33,,뭐어!! 아크의 아버지가 왕이었을지도 모른다는 거야?,아크의 아버지가 왕족이었다고!?,쿠쿠루,7,えー!! / アークのお父さんが、 / 王様だつたかもしれないの？
32/S3061.DAT,0x47C6E,0.14,,왜 아버지는 왕가를 떠난 거야?,,,,なぜ、父さんは王家を出たの？
32/S3061.DAT,0x47CB0,0.10,베미의 정령,베미의 정령: 요슈아는 이 나라에서 다음 국왕이 될 사람이라는 이유로 하마터면 죽임을 당했어요.,,,,ベみの精霊  / ヨシュアは、この国で殺されかけたの、 / 次の国王であるという理由でね。
32/S3061.DAT,0x47D12,0.09,베미의 정령,베미의 정령: 심한 상처를 입고 이 숲으로 도망쳐 온 그를 내가 도와주었어요.,,,,ベみの精霊  / ひどい傷をおつてこの森に逃げ込んだ彼を私が助けたの。
32/S3061.DAT,0x47D6C,0.08,베미의 정령,베미의 정령: 그런데 의식을 되찾은 요슈아의 입에서 나온 것은 죽음을 바라는 말이었어요.,,,,ベみの精霊  / ところが、意識(いしき)を取り戻した / ヨシュアの口から出たのは、死を望む言葉だつた。
32/S3061.DAT,0x47DDA,0.09,베미의 정령,베미의 정령: 그는 인간들끼리의 싸움에 지쳐 있었어요.,,,,ベみの精霊  / 彼は人聞同士の争いに / つかれていたのです。
32/S3061.DAT,0x47E2E,0.14,베미의 정령,베미의 정령: 그리고 그로 인해 이 세계가 파괴되어 가는 것에 절망하고 있었지요.,,,,ベみの精霊  / そしてまた、それによつてこの世界が / 破壊(はかい)されてゆくこに絶望して / いたの。
32/S3061.DAT,0x47EA2,0.09,,잠깐만! 인간은 정말 멸망하는 거야?,,,,ちょつと待つて!<CTRL:E4:0B> / 人は本当に滅亡するの？
32/S3061.DAT,0x47EEE,0.19,베미의 정령,베미의 정령: 인간은 스스로를 이 세계의 지배자라고 믿고 있습니다.,,,,ベみの精霊  / 人は、自らをこの世界の支配者と / 思い込んでいます。
32/S3061.DAT,0x47F46,0.11,베미의 정령,베미의 정령: 이 세계에 태어나 문명을 세워 번영하는 것을 당연한 일이라고 생각하고 있지요.,,,,ベみの精霊  / この世界に生まれ、文明を築き栄えるのを当たり前のことだと思つているのです。
32/S3061.DAT,0x47FAC,0.12,베미의 정령,베미의 정령: 그리고 세계를 자신들의 욕망대로 파괴하기 시작했습니다.,,,,ベみの精霊  / そして、世界を自らの欲望のままに破壊し始めました。
32/S3061.DAT,0x4802C,0.13,,모든 인간이 나쁜 건 아니야!,,,,すベての人聞が / 悪い訳じゃないさ!
32/S3061.DAT,0x48074,0.10,베미의 정령,베미의 정령: 요슈아도 같은 말을 했어요. 그래서 나는 그에게 마지막 희망과 시련을 주었습니다.,,,,ベみの精霊  / ヨシュアも同じこを言いました。 / ですから、私は彼に最後の希望(きぼう)と試練(しれん)をあたえたのです。
32/S3061.DAT,0x480EC,0.12,베미의 정령,베미의 정령: 인간의 미래를 없애지 않기 위해서요.,,,,ベみの精霊  / 人の未来を無くさないための。
32/S3061.DAT,0x48136,0.12,베미의 정령,베미의 정령: 그리고 그는 그 벽을 당신에게 맡기고 싸우고 있습니다.,,,,ベみの精霊  / そして、彼はそのカベをあなたにたくして戦つているのです
32/S3061.DAT,0x48190,0.15,,그런 말을 들어도 어떻게 해야 할지...,,,,そんなこ言われたつて、 / どうすればいいのか・・。
32/S3061.DAT,0x481DE,0.13,베미의 정령,베미의 정령: 당신이 무엇을 하지 않으면 안 되는지는 당신이 정할 일입니다.,,,,ベみの精霊  / あなたが、何をしなくてはならないかは、あなたが決めるこです。
32/S3061.DAT,0x48236,0.10,베미의 정령,베미의 정령: 당신이 무엇을 보고 어떻게 행동하느냐가 인류의 운명을 바꾸는 겁니다.,,,,ベみの精霊  / あなたが何を見て、どう行動するかが / 人類の運命を変えるのです
32/S3061.DAT,0x48292,0.08,베미의 정령,베미의 정령: 이것을 받으세요. 당신에게 전해 주었으면 한다며 요슈아가 맡긴 것입니다.,,,,ベみの精霊  / これを受け取りなさい。 / あなたに渡してほしいと / ヨシュアからあすかつていたものです。
32/S3061.DAT,0x48302,0.21,,용자의 증표를 손에 넣었다.,마침내 바람의 오브를 손에 넣었군.,,17,<G:90>勇者の証し<G:89>を手に入れた。
32/S3061.DAT,0x48344,0.21,은혜의 정령,"은혜의 정령: 자, 스메리아의 토우빌로 돌아가거라.",토우빌로,,10,ベみの精霊  / さあ、 / スメリアのトウヴィルに戻りなさい。
32/S3061.DAT,0x48396,0.17,베미의 정령,베미의 정령: 당신의 아버지가 길잡이를 보여 줄 겁니다.,,,,ベみの精霊  / あなたのお父さんが、道標(みちしるベ)を示すでしょう。
32/S3061.DAT,0x48450,0.15,,아버지는... 아버지는 살아 계신 건가요?,,,,父さんは・、 / 父さんは生きているのかい？
32/S3061.DAT,0x484CE,0.21,,스메리아로 돌아가요.,"좋아, 충분해. 바로 팔렌시아로 돌아가자!",,11,スメリアに戻りましょう。
32/S3061.DAT,0x4850E,0.16,,아버지가 살아 계시면 분명 만날 수 있을 거야.,,,,お父さんが生きていれば、 / きつと会えるよ。
32/S3061.DAT,0x4855A,0.13,,하지만 굉장한 이야기가 되어 버렸네.,,,,でも、何か大変な話になつて / 来ちゃつたね。
32/S3061.DAT,0x485B4,0.32,,"좋아, 스메리아로 돌아가자!","좋아, 충분해. 바로 팔렌시아로 돌아가자!",,11,よし、スメリアに戻るぞ!
32/S3062.DAT,0x47D3A,0.13,베미의 정령,베미의 정령: 당신이 무엇을 하지 않으면 안 되는지는 당신이 정할 일입니다.,,,,ベみの精霊  / あなたが、何をしなくてはならないかは、あなたが決めるこです。
32/S3062.DAT,0x47D92,0.10,베미의 정령,베미의 정령: 당신이 무엇을 보고 어떻게 행동하는지가 인류의 운명을 바꾸는 것입니다.,,,,ベみの精霊  / あなたが何を見て、どう行動するかが人類の運命を変えるのです。
32/S3062.DAT,0x47DEE,0.08,베미의 정령,"베미의 정령: 이제부터 일어나는 일을 보고, 듣고, 생각해서 행동하는 것입니다.",,,,ベみの精霊  / これから起こることを見、聞き、そして考えて行動するのです。
32/S3062.DAT,0x47E48,0.38,은혜의 정령,"은혜의 정령: 자, 토우빌로 향하거라.",토우빌로,,10,ベみの精霊  / さっ、トウヴィルへ向かいなさい。
32/S3062.DAT,0x47E9A,0.17,,만능약을 손에 넣었다.,,,,<G:90>万能薬<G:89>を手に入れた。
32/S3063.DAT,0x47D2A,0.06,베미의 정령,베미의 정령: 빛의 정령은 다섯 대정령 가운데서도 가장 인간을 이해하는 정령입니다.,,,,ベみの精霊  / 光の精霊は5大精霊のなかでも / 一番人聞に理解のある精霊です。
32/S3063.DAT,0x47D88,0.11,은혜의 정령,은혜의 정령: 그는 그곳에서 너희의 역사를 계속 지켜보고 있었단다.,,,,ベみの精霊  / 彼は、あそこで、あなたがたの歴史を / 見続けていたのです。
32/S3063.DAT,0x47DE4,0.09,은혜의 정령,"은혜의 정령: 잊혀도, 붙잡혀 있어도...",,,,ベみの精霊  / 忘れられても、<CTRL:E4:3D>とじこめられても・・。<CTRL:E4:3D>
32/S3063.DAT,0x47E38,0.17,베미의 정령,베미의 정령: 그의 말을 잘 되새기고 행동하도록 하세요.,,,,ベみの精霊  / 彼の言葉を、よくかみしめて / 行動するのですよ。
32/S3063.DAT,0x47E94,0.25,베미의 정령,"베미의 정령: 자, 그레이시느로 향하세요.",그레이시누로,,14,ベみの精霊  / さっ、グレイシーヌへ向かいなさい。
32/S3063.DAT,0x47EE6,0.17,,만능약을 손에 넣었다.,,,,<G:90>万能薬<G:89>を手に入れた。
32/S3064.DAT,0x47D2A,0.13,베미의 정령,"베미의 정령: 모든 것은 자기들만의 것이라는 마음이,",,,,ベみの精霊  / 全てのものは自分達だけのものだという気持ちが、
32/S3064.DAT,0x47D7E,0.11,베미의 정령,베미의 정령: 마침내 싸움으로 인한 빼앗음을 낳습니다.,,,,ベみの精霊  / 遂には争いによる奪いあいを生みます。
32/S3064.DAT,0x47DCE,0.14,베미의 정령,베미의 정령: 땅의 정령의 말을 잊지 마세요.,,,,ベみの精霊  / 土の精霊の言葉を、忘れないでください。
32/S3064.DAT,0x47E22,0.17,,만능약을 손에 넣었다.,,,,<G:90>万能薬<G:89>を手に入れた。
32/S3065.DAT,0x47D2A,0.10,베미의 정령,"베미의 정령: 해도 비도, 그리고 바람도 모두 이유가 있어서 지금과 같이 있는 것입니다.",,,,ベみの精霊  / 日の光もあめも、そして、風も / すベて理由があつて / 今のようになつているのです。
32/S3065.DAT,0x47D92,0.08,베미의 정령,베미의 정령: 사람에게 편리해도 모든 생물에게 들어맞는 것은 아닙니다. 바람의 정령은 그 말을 하고 싶었던 거예요.,,,,ベみの精霊  / 人に都合がよくても全ての生き物にはあてはまらない。風の精霊はそのこを言いたかつたんですよ。
32/S3065.DAT,0x47E02,0.17,,만능약을 손에 넣었다.,,,,<G:90>万能薬<G:89>を手に入れた。
32/S3066.DAT,0x47D2A,0.08,베미의 정령,"베미의 정령: 이 숲도 아리바샤의 사막도, 한 번 무너진 자연의 조화는 부술 때만큼 쉽게 돌아오지 않습니다.",,,,ベみの精霊  / この森も、アリバーシャの砂漠も / 一度崩れてしまつた自然のバランスは / 壊す時ほどは簡単に戻りません。
32/S3066.DAT,0x47DA2,0.09,베미의 정령,베미의 정령: 그리고 그 사람의 아이는 긴 시간을 거쳐 그 죄의 무게를 알게 됩니다.,,,,ベみの精霊  / そして、その者の子供は / 長い時聞を経て / その罪のおもさを知ります。
32/S3066.DAT,0x47E02,0.14,베미의 정령,베미의 정령: 하지만 그래서는 이미 때가 지난 것입니다.,,,,ベみの精霊  / でも、それではおそいのです。
32/S3066.DAT,0x47E4A,0.07,베미의 정령,베미의 정령: 아리바샤의 메마른 땅과 물의 정령의 말을 마음에 새겨 두세요.,,,,ベみの精霊  / アリバーシャのかわいた土地と / 水の精霊の言葉を / 心にとめておいてください。
32/S3066.DAT,0x47EB2,0.17,,만능약을 손에 넣었다.,,,,<G:90>万能薬<G:89>を手に入れた。
32/S3067.DAT,0x47D2A,0.12,베미의 정령,베미의 정령: 살아 있는 모든 것은 에릴베를 자기 안에 지니고 있습니다.,,,,ベみの精霊  / 生きる者全ては / エリルベーを自分の中に持つています。
32/S3067.DAT,0x47D86,0.11,베미의 정령,"베미의 정령: 하지만 사람은 때로 자연에게서, 때로 사람에게서도 빼앗아 자기 에릴베를 늘립니다.",,,,ベみの精霊  / しかし、人は時には自然から / 時には人からも奪い取り / 自分のエリルベーを高めます。
32/S3067.DAT,0x47DF2,0.16,베미의 정령,베미의 정령: 에릴베는 이 세계를 돌고 있습니다.,,,,ベみの精霊  / エリルベーは / この世界をまわつています。
32/S3067.DAT,0x47E46,0.05,베미의 정령,베미의 정령: 누구 한 사람만이 빼앗아 혼자 가져서는 안 됩니다.,,,,ベみの精霊  / 誰かだけが奪い / ひとりじめしてはならないのです。
32/S3067.DAT,0x47E9C,0.08,베미의 정령,베미의 정령: 불의 정령의 모습에 눈물을 흘린 당신들이라면 알 수 있을 겁니다.,,,,ベみの精霊  / 炎の精霊の姿に涙した / あなた達にはわかるはすです。
32/S3067.DAT,0x47EF6,0.17,,만능약을 손에 넣었다.,,,,<G:90>万能薬<G:89>を手に入れた。
32/S3068.DAT,0x47E20,0.12,베미의 정령,베미의 정령: 지금까지 내 말에 귀를 기울여 주셨습니다.,,,,ベみの精霊  / よくいままで私の言葉に / 耳をかたむけてくれました。
32/S3068.DAT,0x47E76,0.09,베미의 정령,베미의 정령: 당신들이라면 인간을 이끌 수 있겠지요.,,,,ベみの精霊  / あなた達ならば / 人聞を導くことができるでしょう。
32/S3068.DAT,0x47EE8,0.11,베미의 정령,"베미의 정령: 자, 나의 선물입니다.",,,,ベみの精霊  / さっ、私からのおくり物です。
32/S3068.DAT,0x47F3A,0.18,베미의 정령,베미의 정령: 이제 당신들에게 할 말은 없습니다.,,,,ベみの精霊  / もうあなた達に話すことはありません。
32/S3068.DAT,0x47F86,0.07,베미의 정령,베미의 정령: 몸소 몸으로 알게 된 경험을 살려 올바른 길을 찾아 나아가세요.,,,,ベみの精霊  / 身を持つて知つた経験を生かして / 正しい道をみつけて進みなさい。
32/S3068.DAT,0x47FE8,0.20,베미의 정령,베미의 정령: 나는 언제나 보고 있습니다.,그럼 떠나보겠습니다.,아크,5,ベみの精霊  / 私はいつもみています。
32/S3068.DAT,0x48032,0.17,,만능약을 손에 넣었다.,,,,<G:90>万能薬<G:89>を手に入れた。
4/S4011.DAT,0x48586,0.46,,지하 감옥은 이 아래층이야.,감옥은 여기 아래층이야.,,9,地下牢はこの下の階だよ。
4/S4011.DAT,0x485E8,0.14,병사1,병사1: 대왕이 가장 두려워하던 나라라고는 도저히 생각되지 않는군.,,,,兵士1  / 大王が最も恐<CTRL:E1:01>れていた国とは / とても思えんな。
4/S4011.DAT,0x4863C,0.12,병사2,"병사2: 그래, 왕가의 힘도 떨어지고 있어.",,,,兵士2  / ああ、王家の力も落ちている。
4/S4011.DAT,0x48686,0.14,병사3,병사3: 이대로 두면 우리가 아무것도 하지 않아도 안에서 무너져 갈 거야.,,,,兵士3  / このままいけば、俺達が何もしなくても / 内部からくさつていくさ。
4/S4011.DAT,0x486E0,0.23,병사1,병사1: 우선 팔렌시아의 대청소부터다.,팔렌시아 성,,19,兵士1  / ます、パレンシアの大掃除からだな。
4/S4011.DAT,0x4873C,0.07,,너희만은 용서 못 해!,,,,てめえらだけはゆるさねえ!
4/S4011.DAT,0x4879C,0.16,병사1,"병사1: 어떻게 나온 거지, 죽을 곳을 찾았군.",,,,兵士1  / どうやつて出て来た、死にぞこないが。
4/S4011.DAT,0x487EA,0.07,,"너희 같은 인간의 목숨을 아무렇지도 않게 여기는 놈들을 쳐죽이기 전에는,",,,,てめえらのような / 人の命を何とも思わねえヤツ等をぶつ殺すまでは、
4/S4011.DAT,0x48842,0.10,,죽을 수는 없다고.,,,,殺されるわけには / いかねえんだよ。
4/S4011.DAT,0x48888,0.09,병사2,병사2: 인간의 목숨? 너희 인간의 시대는 이제 끝나는 거다.,,,,兵士2  / 人の命？ / おまえ等人聞の時代はもう終わるんだ。
4/S4011.DAT,0x488DE,0.08,,말이 많아! 한꺼번에 베어 버리겠다!,,,,つベこベぬかしてるんじゃねえ!かたつっしから / ぶつた切つてやる!
4/S4011.DAT,0x48936,0.13,병사1,병사1: 좋다! 인간의 저력을 분명히 보여 주마.,,,,兵士1  / よかろう!人聞の底力さを / 思い知らせてやろう。
4/S4011.DAT,0x4898E,0.07,,괴물이!,,,,化け物がつ!
4/S4011.DAT,0x48A24,0.06,,우게에아.,,,,うげえあ。
4/S4011.DAT,0x48A6C,0.19,,어떻게 된 거야? 병사가 몬스터라니...?,,,,どうなつてるんだ？ / 兵士がモンスターだなんて・・？
4/S4011.DAT,0x48ABE,0.11,,몬스터 대 죄인... 어느 쪽이 나쁜 놈인 거야?,,,,モンスター対罪人・<CTRL:E4:0B>・<CTRL:E4:0B>・<CTRL:E4:0B> / どつちが悪いやつなの？
4/S4011.DAT,0x48B1A,0.25,,거울이... 빛나고 있어...,이건 빛나는 거울이야....,,9,鏡が・・光つてる・・。
4/S4011.DAT,0x48B60,0.12,,거울?,,,,鏡？
4/S4011.DAT,0x48B98,0.11,,"일족에게 전해지는 것으로, 용자를 이끄는 힘이 있다고 전해져.",,,,一族に伝わるもので、勇者を導く力があると言われているの。
4/S4011.DAT,0x48BEC,0.07,,그에게도 정령의 힘이 서려 있는 모양이야...,,,,彼にも精霊(せいれい)の力が / 宿(やど)つているみたい・・。
4/S4011.DAT,0x48C44,0.11,,싸울 상대는 정해졌군. 가자!,,,,戦う相手は決まつたな。 / いくぞ!
4/S4011.DAT,0x48CD6,0.09,,뭔지는 모르겠지만 힘이 넘쳐 오른다. 이제 너희에게 질 것 같지 않아!,,,,何だか知らねえが / 力がみなぎつてきた。 / <CTRL:E4:29>もうてめえらに負ける気が / しないぜ!
4/S4011.DAT,0x48D4C,0.08,,이 나라를 괴물에게 넘겨주지 않겠어!,,,,この国を、 / 化け物にはわたさないぞ!
4/S4011.DAT,0x48E64,0.13,,성의 병사들까지 몬스터로 둔갑하다니...,,,,城の兵隊にまでモンスターが / 化けてるなんて・・。
4/S4011.DAT,0x48EC4,0.07,,"그런데 당신, 어쩌다 붙잡힌 거야?",,,,ところであなた、 / どうして捕まつたの？
4/S4011.DAT,0x48F24,0.05,,너희와는 관계없어.,,,,おまえらにはか係ない。
4/S4011.DAT,0x48F6C,0.13,,나는 변하지 않는 편이 좋아.,,,,俺にはかわらない方がいい。
4/S4011.DAT,0x48FC2,0.07,,일단 감사는 해 두지.,,,,一応、礼をいつとくぜ。
4/S4012.DAT,0x4796C,0.11,,분명 뭔가 있을 거야.,,,,きつと何かあるはすだ。
4/S4012.DAT,0x47A9A,0.33,,"좋아, 가자!","좋아, 바로 가자!",아크,19,よし、行くぞ!
4/S4021.DAT,0x47992,0.21,병사1,병사1: 팔렌시아 최고의 경호원도 잘됐군.,팔렌시아 성,,19,兵士1  / パレンシアきつての用心棒も / ざまあねえな。
4/S4021.DAT,0x479E4,0.06,병사2,병사2: 조용히 있어 줘서 정말 도움이 됐어.,,,,兵士2  / おとなしくしてくれたんで / ホント助かつたぜ。
4/S4021.DAT,0x47A38,0.17,,나를 어떻게 할 셈이지?,,,,俺をどうする？
4/S4021.DAT,0x47A72,0.07,병사1,병사1: 모르지.,,,,兵士1  / さあな。
4/S4021.DAT,0x47AB0,0.10,,대체 너희는 이 나라를 어떻게 할 생각이냐.,,,,いつたいお前等 / この国をどうする気なんだ。
4/S4021.DAT,0x47AFA,0.10,병사2,"병사2: 개조하는 거지, 살기 좋게.",,,,兵士2  / 改造するのさ、住みやすくな。
4/S4021.DAT,0x47B4C,0.17,병사2,병사2: 하하하하.,,,,兵士2  / はつはつはつは。
4/S4021.DAT,0x47B8E,0.13,,무슨 개조냐. 살고 있는 사람들을 뭐라고 생각하는 거야!,,,,何が改造だ。 / 住んでる人聞を何だと / 思つてやがる!
4/S4021.DAT,0x47BE4,0.07,병사1,병사1: 마음껏 떠들고 있으면 돼. 그럼 이만.,,,,兵士1  / せいぜいほざいてればいいさ / じゃあな。
4/S4022.DAT,0x47986,0.08,병사1,병사1: 네 처분이 결정됐어.,,,,兵士1  / おまえのあつかいが決まつたぞ。
4/S4022.DAT,0x479CE,0.10,병사2,병사2: 사형이다.,,,,兵士2  / 死刑だ。
4/S4022.DAT,0x47A0C,0.13,병사2,병사2: 대신이 밀고 있는 팔렌시아 개조 계획에 맞선 죄로 말이지.,,,,兵士2  / 大臣の進めているパレンシアの改造計画にたてついた罪でな。
4/S4022.DAT,0x47A68,0.08,,"너희, 약속만은 지켜 줄 거지!",,,,おまえら、約束だけは守つてくれるんだろうな!
4/S4022.DAT,0x47AB4,0.12,병사1,병사1: 약속? 그게 뭐야?,,,,兵士1  / 約束？なんだそりゃ？
4/S4022.DAT,0x47AFA,0.08,,두목과 동생분들의 목숨과 맞바꿔서 나는 이렇게 하고 있는 거야.,,,,親分と弟分どもの命と / 引き替えに / 俺はこうしてるんだ。
4/S4022.DAT,0x47B4E,0.09,병사1,"병사1: 아, 그 비실비실한 영감과 얼빠진 꼬마 놈들 말인가?",,,,兵士1  / あっ、あのよぼよぼのじいさんとフヌケの小僧共のこか？
4/S4022.DAT,0x47BA4,0.06,병사1,병사1: 지금쯤은 사이좋게 저승에 가 있을걸.,,,,兵士1  / 今頃は仲良くあの世にいつてるぜ。
4/S4022.DAT,0x47BF6,0.09,병사2,병사2: 그런데 잘도 타는군.,,,,兵士2  / しかし、よく燃えたなっ。
4/S4022.DAT,0x47C4A,0.00,병사1,병사1: 앗.,,,,兵士1  / あっ。
4/S4022.DAT,0x47C90,0.13,,네놈들...!!,,,,きさまらっ・・!!
4/S4022.DAT,0x47CEA,0.09,병사1,병사1: 화를 내도 어찌할 수 있는 것도 아니잖아.,,,,兵士1  / 怒つた所でどうしようもねえだろう。
4/S4022.DAT,0x47D34,0.08,병사1,병사1: 결행은 내일이다. 곧 그놈들과 같은 곳으로 갈 수 있을 거야.,,,,兵士1  / 決行は明日だ。 / すぐにあいつらと一緒の所へ行けるさ。
4/S4022.DAT,0x47D9A,0.08,병사2,병사2: 그때까지 마음껏 분해하고 있으면 돼.,,,,兵士2  / それまでせいぜい、 / くやしがつてるがいいさ。
4/S4022.DAT,0x47E1E,0.05,,두목님... 동생분들...,,,,親分・・・。 / 弟分たち・・・。
4/S4031.DAT,0x4798E,0.09,,엄마... 어디로 간 거야...?,,,,母さん・<CTRL:E4:0B>・<CTRL:E4:0B>・<CTRL:E4:0B> / どこにいつたんだ・・？
4/S4031.DAT,0x479E6,0.60,,"아크, 무슨 일이... 대체 무슨 일이야...?",아크. 무슨... 무슨 일이야?,,10,アーク、なにが・・ / 一体何が・・？
4/S4031.DAT,0x47A3A,0.10,,마을 상황은?,,,,村の様子は？
4/S4031.DAT,0x47A76,0.12,,아무도 없어. 텅 비었어.,,,,だれもいない。 / もぬけのカラだよ。
4/S4031.DAT,0x47AC0,0.08,,뭔가 아주 거대한 힘이 움직이고 있는 것 같아.,,,,何かとつても大きな力が動いてるみたいね。
4/S4031.DAT,0x47B0E,0.18,,젠장! 난... 난 어떻게 해야 해!,,,,ちくしょう! / 俺は・<CTRL:E4:0B>・<CTRL:E4:0B>・<CTRL:E4:0B> / 俺はどうしたらいいんだ!
4/S4031.DAT,0x47B76,0.11,배달부,배달부: 당신이 아크 씨? 당신 앞으로 온 편지요.,,,,配達人  / あんたがアークさん？<CTRL:E4:21> / あんたあての手紙だよ。<CTRL:E4:41>
4/S4031.DAT,0x47C0A,0.22,,아버지로부터야...,"!!! 내,.... 내 아버지가?",,18,父さんからだ・・。
4/S4031.DAT,0x47C50,0.33,,아크,오... 아크야...,어머니,2,アーク
4/S4031.DAT,0x47C86,0.08,,"네 소문이 내게 들려왔다. 그로부터도 벌써 10년, 빠르구나.",,,,おまえのうわさが私のもとにとどいた。 / あれからもう10年、早いものだ。
4/S4031.DAT,0x47CDE,0.12,,미르마나의 정령에게 들었겠지. 인간의 역사가 끝나려 하고 있다.,,,,ミルマーナの精霊から聞いているだろう / 人の歴史が終ろうとしているのだ。
4/S4031.DAT,0x47D38,0.09,,우리를 구할 성궤는 스메리아에 있다. 하지만 그 힘을 손에 넣기 위해서는,,,,我々を救う<G:90>聖柩<G:89>はスメリアにある。 / しかし、その力を手に入れる為には
4/S4031.DAT,0x47D92,0.09,,이 세계를 이루는 여러 정령들의 이해를 얻지 않으면 안 된다.,,,,この世界を形作るさまざまな精霊達の / 理解を得なくてはならないのだ。
4/S4031.DAT,0x47DEE,0.24,,하지만 그들 대부분은 인간에게 배신당해 마음을 닫고 있다.,그들 대부분은 인간에게 상처를 받아와서 그들의 마음은 우리에게 닫혀있지.,,10,しかし彼らの多くは人に裏切られ / 心をとざしている。
4/S4031.DAT,0x47E40,0.08,,너는 정령들을 욕망에 찬 자들에게서 구해 내고,,,,おまえには、精霊を欲望にみちた者達から救い出し
4/S4031.DAT,0x47E8C,0.10,,정령이 다시 한번 마음을 열게 하는 역할을 해 주었으면 한다.,,,,精霊にもう一度心を開かせる役目を / 果たして欲しい。
4/S4031.DAT,0x47EDE,0.16,,"확실히 나는 한때 인간이라는 것에 실망했지만,",,,,確かに私は一度は人聞というものに / 失望したが、
4/S4031.DAT,0x47F2C,0.09,,역시 그래도 인간은 훌륭한 존재라고 생각한다.,,,,やはりそれでも / 人聞はすばらしいものだと思つている。
4/S4031.DAT,0x47F7A,0.10,,앞으로 네 여행에 도움이 될 옛 전기는 토우빌 안쪽의,,,,おまえのこれからの旅の助けになる / 古の伝記は、トウヴィルのおくの
4/S4031.DAT,0x47FD4,0.09,,오르카스 언덕의 스톤 서클에 남겨져 있다.,,,,オルカスの丘のストーンサークルに残されている。
4/S4031.DAT,0x48020,0.11,,죽은 줄로만 알았던 아버지에게서 갑자기 이런 편지가 온다는 것은,,,,突然、死んだものとばかり思つていた父親からこのような手紙が届くことで
4/S4031.DAT,0x4807A,0.08,,너 자신도 당황스럽겠지.,,,,おまえ自身もとまどうであろう。
4/S4031.DAT,0x480BC,0.10,,이것이 편지가 아니라 실제로 너를 눈앞에 두고 전하고 함께 행동할 수 있다면,,,,これが手紙などではなく、じつさいにおまえを目の前にして伝え、共に行動できれば
4/S4031.DAT,0x48118,0.08,,"얼마나 훌륭한 일일까, 하고 나는 생각한다.",,,,どれほどすばらしいことだろう、と私は思う。
4/S4031.DAT,0x48160,0.27,,"하지만 나에게는 나의 역할이 있고, 이것은 너에게 맡겨진 운명이다.","하지만 불행하게도, 나에게는 해야만 할 일이 있고 이것은 너의 일이란다.",,10,しかし、私には私の役目があり / これはお前にたくされた運命なのだ。
4/S4031.DAT,0x481B4,0.15,,스스로의 힘으로 길을 열어 다오.,,,,自らの力で道をきり開いてくれ。
4/S4031.DAT,0x481F8,0.19,,사랑하는 내 아들에게. 아버지로부터,,,,愛する我が子へ。 /              父より
4/S4031.DAT,0x4825E,0.08,,이렇게 되면 아무 일도 없던 것으로 넘길 수는 없겠어...,,,,このこにかると / 無こにはすみそうもない・・。
4/S4031.DAT,0x482AE,0.13,,"쿠쿠루, 포코. 그래도 따라와 줄래?",,,,ククル、ポコ / それでも付いて来てくれるかい？
4/S4031.DAT,0x482FA,0.09,,"나는 겁쟁이라 아무것도 못 하지만, 아크와 있으면 용기가 솟아나.",,,,僕は弱虫で何も出来ないけど / アークといると勇気が出て来るんだ。
4/S4031.DAT,0x48352,0.12,,여기서 도망치면 옛날로 되돌아가는 거야.,,,,ここで逃げ出したら、 / 昔に逆戻りだ。
4/S4031.DAT,0x4839C,0.17,,따라갈게.,,,,ついていくよ。
4/S4031.DAT,0x483D8,0.09,,당신이 길을 떠날 때 말했잖아. 이것은 내 길이기도 하다고.,,,,あなたが旅立つ時に言つたはすよこれは私の道でもあるの。
4/S4031.DAT,0x4842A,0.34,,어머니를 찾을 단서는 아무것도 없어.,"그래... 그런데, 우리는 어디서부터 시작해야 하지? 어머니를 찾을 단서가 아무것도 없어.",,10,母さんをさがすための手がかりは何もない。
4/S4031.DAT,0x48474,0.10,,단지 알고 있는 건 아마 모든 것이 하나로 이어져 있다는 거야.,,,,ただ分かつてるのは、 / 多分 全てが一つに / つながつてることだ。
4/S4031.DAT,0x484CC,0.11,,아버지를 믿고 앞으로 나아갈 수밖에 없겠지.,,,,父さんを信じて前に進む / しかないな。
4/S4031.DAT,0x48516,0.15,,좋아! 우선 전기를 손에 넣자.,,,,よし! / ます伝記を手に入れよう。
4/S4031.DAT,0x4856C,0.06,,오르카스 언덕은 이쪽이야.,,,,オルカスの丘はこつちだ。
4/S4032.DAT,0x481FA,0.18,,우편함에는 아무것도 들어 있지 않습니다.,,,,ポストには何も入つていません。
4/S4032.DAT,0x48260,0.15,,아이템이 있습니다. 로맨싱 스톤을 발견했습니다,,,,アイテムがあります。 / <G:90>ロマンシングストーン<G:89>を見つけました
4/S4032.DAT,0x482B6,0.12,,여기에 있던 것은 이미 주웠다.,,,,ここにあつたものはもうひろいました
4/S4032.DAT,0x48302,0.07,,자유롭게 걸어 다닐 수 있을 때는 여기저기서 결정 버튼을 눌러 봐. 뭔가 떨어져 있을지도 몰라.,,,,じゆうにあるけるときは、いろんなところで<CTRL:E7:02>をおしてみてね。何かおちているかもしれないよ。
4/S4032.DAT,0x4836A,0.06,,우편함은 때때로 보러 오는 편이 좋겠어.,,,,ポストはときどき見に来た方がいいね。
4/S4032.DAT,0x483B0,0.07,,다른 곳에 가고 싶을 때는 별을 건너 오른쪽이 보이게 하면 돼.,,,,別のところへ行きたいときは、はしをわたつてみぎがわからでるんだよ。
4/S4032.DAT,0x4840E,0.10,,그러려나.,,,,としかのお。
4/S4032.DAT,0x4844E,0.11,,아니잖아.,,,,としじゃねえよ。
4/S4032.DAT,0x48490,0.00,,음.,,,,うむ。
4/S4032.DAT,0x484CE,0.20,,그렇다네.,그렇군요.,,8,としじゃよ。
4/S4033.DAT,0x47C74,0.11,,요슈아에게서 편지가 왔어.,,,,ヨシュアから手紙がきています
4/S4033.DAT,0x47CDC,0.15,,다음 정령은 그레이시누에게. 읽으시겠습니까?|읽는다|읽지 않는다,,,,<G:90>次の精霊はグレイシーヌに<G:89> / よみますか？ / <CTRL:E5:03>よむ / <CTRL:E5:03>よまない
4/S4033.DAT,0x47D90,0.10,,"아크야, 이 편지를 과연 네가 손에 넣어 읽고 있을까?",,,,アークよ、この手紙を果たしておまえが手に入れてよんでいるだろうか？
4/S4033.DAT,0x47DE6,0.09,,적은 우리가 행동을 시작한 것을 아는 모양이다.,,,,敵は私たちが行動を始めたのに / 気付いているようだ。
4/S4033.DAT,0x47E34,0.09,,앞으로 네게 연락을 취하는 것은 점점 어려워지겠지.,,,,今後お前に連らくを取るのはますます / 難しくなるだろう。
4/S4033.DAT,0x47E86,0.07,,나는 앞으로도 이곳으로 편지를 계속 보내겠다. 너도 가끔 보러 와 다오.,,,,私は手紙を今後もここに送り続ける。 / おまえも時々見に来てくれ。
4/S4033.DAT,0x47EDC,0.07,,그런데 빛의 정령에게서 돌을 받은 모양이구나. 다음 정령은 그레이시느에 있다. 서둘러 출발해 다오.,,,,ところで光の精霊から石を受け取つた / ようだな。 / 次の精霊はグレイシーヌにいる。 / 急いで出発してくれ。
4/S4033.DAT,0x47F4A,0.25,,아크에게. 아버지로부터,- 소중한 아크에게,,10,アークへ /             父より
4/S4033.DAT,0x47F94,0.06,,적이라는 건 대체 뭘까? 분명 큰 힘은 느껴지지만...,,,,敵つていうのは、 / 一体何なんだろう？<CTRL:E4:3D> / 確かに大きな力は感じるけど・・
4/S4033.DAT,0x47FF4,0.08,,우리끼리 끝까지 싸워 나갈 수 있을까?,,,,僕たちで戦いぬけるのかなっ？
4/S4033.DAT,0x48060,0.15,,아이템이 있습니다. 로맨싱 스톤을 발견했습니다,,,,アイテムがあります。 / <G:90>ロマンシングストーン<G:89>を見つけました
4/S4033.DAT,0x480B6,0.12,,여기 있던 것은 이미 주웠다.,,,,ここにあつたものはもうひろいました。
4/S4033.DAT,0x48102,0.08,,전투 때는  를 함께 누르면 프리 커서가 돼.,,,,戦闘のときは<CTRL:E7:07><CTRL:E7:06>をいつしょにおすとフリーカーソルになるよ。
4/S4033.DAT,0x48156,0.12,,프리 커서일 때는  를 누르면 원래대로 돌아와.,,,,フリーカーソルのときは<CTRL:E7:03>をおすともとにもどるよ。
4/S4033.DAT,0x481A6,0.08,,싸울 때는 될 수 있는 한 적의 뒤로 돌아 들어가는 편이 좋은 것 같아.,,,,たたかうときは、できるだけ / 敵の後ろにまわりこんだ方が / いいみたいね。
4/S4033.DAT,0x48200,0.09,,적들 중에도 이쪽의 등을 노리고 오는 녀석이 있어.,,,,敵の中にも、こつちのせなかをねらつてくるやつがいるよ。
4/S4033.DAT,0x48256,0.09,,스메리아도 미르마나도 몬스터가 없어지지 않네.,,,,スメリアもミルマーナも、モンスターがいなくならないね。
4/S4033.DAT,0x482A6,0.19,,어떻게 해야 없어질까?,,,,どうしたらいなくなるのかな。
4/S4033.DAT,0x482EA,0.14,,몬스터가 너무 강해서 어떻게 해도 이길 수 없을 때는 어찌하지?,,,,モンスターが強くて、どうやつても勝てないときはどうしよう。
4/S4033.DAT,0x4833C,0.09,,몬스터가 있는 곳에서 힘내서 더 강해지면 되는 걸까?,,,,モンスターのいるところでがんばつて、もつと強くなればいいのかな。
4/S4033.DAT,0x48398,0.09,,나이를 먹었구먼. 요즘 자꾸 물건을 잊어버린단 말이야.,,,,としかのお。<CTRL:E4:15> / さいきんよくものを / わすれるんじゃが。
4/S4033.DAT,0x483EA,0.11,,중요한 것은 잊지 않도록 해.,,,,かんじんなことはわすれないようにしてよ。
4/S4033.DAT,0x48432,0.12,,"정말이지, 많이 아는 건지 아닌 건지...",,,,まつたく、 / ものしりなのか / そうじゃないのか・・。
4/S4033.DAT,0x4848C,0.11,,아니잖아.,,,,としじゃねえよ。
4/S4033.DAT,0x484CE,0.00,,음.,,,,うむ。
4/S4033.DAT,0x4850C,0.11,,내 조사는 도움이 되지. 새로 발견한 몬스터는 되도록 조사하도록 하게.,,,,わしのすかんは役に立つぞ。 / あたらしく見つけたモンスターはできるだけ<G:90>調ベる<G:89>ようにするこつた。
4/S4033.DAT,0x48574,0.10,,기본 중의 기본이야. 알고 있느냐?,,,,きほんちゅうのきほんじゃ。 / わかつとるのか？
4/S4033.DAT,0x485C8,0.05,,|당연|처음,,,,<CTRL:E5:03>とうぜんだよ / <CTRL:E5:03>はじめて聞いた
4/S4033.DAT,0x4861C,0.12,,당연하다고? 그렇다고 별일이 있는 건 아니지만 말이야.,,,,とうぜんとな？<CTRL:E4:29> / だからつてどうということもないがの。
4/S4033.DAT,0x48674,0.11,,처음이라고? 수행이 부족하구나.,,,,初めてとな？<CTRL:E4:29> / 修行がたりんぞ。
4/S4033.DAT,0x486BC,0.06,,모조리 조사해 두고 도움이 안 되면 어찌할 셈이야?,,,,しらベまくつて / 役に立たなかつたら / どうしてくれるんだよ。
4/S4033.DAT,0x48712,0.09,,그런가. 전부 조사하면 뭔가 좋은 일이 있을지도 모르지.,,,,しつたことか。 / ぜんぶしらベたら何かいいことがあるかもしれんぞ。
4/S4033.DAT,0x48768,0.11,,‘있을지도 모른다’가 아니야. 어차피 아무것도 없겠지.,,,,かもしれない<CTRL:E4:29>じゃないよ。 / どうせなにもないんだろ。
4/S4033.DAT,0x487B8,0.09,,친구에게 자랑할 수 있을 정도는 있을지도 모르겠구나.,,,,ともだちにじまんできるくらいはあるかもしれんがのう。
4/S4034.DAT,0x47CC8,0.11,,요슈아에게서 편지가 왔어.,,,,ヨシュアから手紙がきています
4/S4034.DAT,0x47D30,0.14,,다음 정령은 카데르에게. 읽으시겠습니까?|읽는다|읽지 않는다,,,,<G:90>次の精霊はカーデルに<G:89> / よみますか？ / <CTRL:E5:03>よむ / <CTRL:E5:03>よまない
4/S4034.DAT,0x47DE2,0.07,,"아크야, 땅의 정령에게서 돌을 받은 모양이구나. 그렇다면 네 명의 전사도 모였겠지.",,,,アークよ、地の精霊から石を受け取つたようだな。 / ということは、7人の戦士も / 集まつているのだろう。
4/S4034.DAT,0x47E4A,0.05,,그들과 힘을 합쳐 이 싸움을 끝까지 이겨 다오. 다음 정령은 카델에 있다. 무투 대회에 참가해야 한다.,,,,彼らと力を合わせてこの戦いを勝ちぬいてくれ。 / 次の精霊はカーデルにいる。 / 武闘大会に参加するのだ。
4/S4034.DAT,0x47EB6,0.06,,그 앞에 정령과의 만남이 있다. 이것은 내가 주는 선물이다. 이것을 써서 대회를 끝까지 이겨 다오.,,,,その先に精霊との出会いがある。 / これは私からのおくり物だ。 / これを使つて大会を勝ちぬいてくれ。
4/S4034.DAT,0x47F1E,0.09,,"그렇게 말하고 싶지만, 이 돌은 하나만으로는 아무 효과도 없는 모양이야.",,,,と言いたいところだが、 / この石は1つだけでは何の効果もないらしい。
4/S4034.DAT,0x47F74,0.07,,"나머지 돌을 찾을 수 있다면, 어쩌면 엄청난 힘을 손에 넣을지도 몰라.",,,,残りの石を見つけることができれば、 / あるいは何かとほうもない力が / 手に入るのかもしれない。
4/S4034.DAT,0x47FD8,0.10,,그리고 대회 주최자 록토르에게는 조심하도록 해.,,,,あと大会の主さい者のロクトールには気をつけるように。
4/S4034.DAT,0x48026,0.25,,아크에게. 아버지로부터,- 소중한 아크에게,,10,アークへ /             父より
4/S4034.DAT,0x4808C,0.11,,편지 속에 아이템이 들어 있습니다. 로맨싱 스톤을 손에 넣었습니다,,,,手紙の中にアイテムが入つています。 / <G:90>ロマンシングストーン<G:89>を手に入れました
4/S4034.DAT,0x48116,0.15,,아이템이 있습니다. 로맨싱 스톤을 발견했습니다,,,,アイテムがあります。 / <G:90>ロマンシングストーン<G:89>を見つけました
4/S4034.DAT,0x4816C,0.12,,여기에 있던 것은 이미 주웠다.,,,,ここにあつたものはもうひろいました
4/S4034.DAT,0x481B8,0.16,,"한 번 갔던 곳이라도, 시간이 지나면 다시 가 보는 편이 좋아.",,,,一度行つたところでも、しばらくしたらまた行つてみた方がいいよ
4/S4034.DAT,0x4820C,0.16,,어쩌면 뭔가 달라져 있을지도 모르니까.,,,,もしかしたら、何か変わつているかもしれないしね。
4/S4034.DAT,0x4825C,0.16,,"한 번 갔던 곳이라도, 시간이 지나면 다시 가 보는 편이 좋아.",,,,一度行つたところでも、しばらくしたらまた行つてみた方がいいよ
4/S4034.DAT,0x482B0,0.16,,어쩌면 뭔가 달라져 있을지도 모르니까.,,,,もしかしたら、何か変わつているかもしれないしね。
4/S4034.DAT,0x48304,0.06,,"아이템은 자신에게 써도 되고 가까운 동료나 적에게도 쓸 수 있지만,",,,,アイテムは自分に使つてもいいし近くの仲聞にも敵にも使えるけど
4/S4034.DAT,0x4835A,0.10,,가끔 던진 아이템을 받아 버리는 녀석이 있어.,,,,ときどき、投げたアイテムを / 受け取つちゃうやつがいるんだ。
4/S4034.DAT,0x483B0,0.04,,던지기의 레벨이 2가 되면 맞았을 때 대미지가 커져.,,,,<G:90>投げる<G:89>のレベルが2になるとあたつたときのダメージが大きくなるよ。
4/S4034.DAT,0x48408,0.10,,받아 버리는 녀석인가. 그렇구나. 조심해야겠어.,,,,受け取つちゃうやつか。 / そうか。気をつけなきゃ。
4/S4034.DAT,0x4845E,0.12,,"마법이 레벨업하면 효과 범위가 바뀌는 일이 있는데,",,,,魔法がレベルアップすると、効果の匠囲が変わることがあるんじゃが、
4/S4034.DAT,0x484BC,0.07,,이때 범위 자체를 움직일 수 있게 되는 일도 있지.,,,,このときに匠囲そのものを / 動かせるようになることもあるんじゃ。
4/S4034.DAT,0x48518,0.09,,죽어 간 동료들을 위해서라도 나는 해내겠어.,,,,死んでいつた仲聞のためにも、 / おれはやるぜ。
4/S4034.DAT,0x4856C,0.00,,음.,,,,うむ。
4/S4034.DAT,0x485AA,0.05,,도감은 쓰고 있느냐? 모처럼 있으니 활용하는 게 좋단다.,,,,すかんは使つておるか？<CTRL:E4:29> / せつかくあるんじゃから活用した方がいいぞ。
4/S4034.DAT,0x48606,0.07,,그렇게까지 써도 말이지. 이 도감에 정이라도 들었나 보군.,,,,そんなに使つてもね。<CTRL:E4:29> / このすかんに思い入れでもあるのかな。
4/S4034.DAT,0x4865C,0.12,,사람 말을 들어야지.,,,,人の言うことは聞くもんじゃ。
4/S4034.DAT,0x4869E,0.11,,들을지는 스스로 결정할 일이잖아.,,,,聞くかどうかは自分で決めることだろ。
4/S4034.DAT,0x486E4,0.09,,말귀가 어두운 녀석이로구나.,,,,物わかりの悪いやつじゃのう。
4/S4034.DAT,0x48728,0.09,,그런가?,,,,そうかなっ。
4/S4035.DAT,0x47CC8,0.11,,요슈아에게서 편지가 왔어.,,,,ヨシュアから手紙がきています
4/S4035.DAT,0x47D30,0.14,,다음 정령은 아리바샤에게. 읽으시겠습니까?|읽는다|읽지 않는다,,,,<G:90>次の精霊はアリバーシャに<G:89> / よみますか？ / <CTRL:E5:03>よむ / <CTRL:E5:03>よまない
4/S4035.DAT,0x47DE4,0.12,,"아크야, 너는 이미 세 정령과 만나 그들의 돌을 얻었다.",,,,アークよ、おまえはもう3精霊と出会い、そして彼らの石を得た。
4/S4035.DAT,0x47E36,0.08,,돌은 곧 그들의 의지다. 그리고 너에게도 이 세계의 모습이 보이기 시작했겠지.,,,,石はすなわち彼らの意志だ。 / そして、おまえにもこの世界の / 姿が見えてきたであろう。
4/S4035.DAT,0x47E98,0.10,,우리를 몰아붙이는 것은 우리 자신이다.,,,,わたしたちを追い込んでいるのは、 / わたしたち自身なのだ。
4/S4035.DAT,0x47EEA,0.09,,다음 정령은 아리바샤에 있다. 그곳에는 물의 정령을 계속 지키는 사류족이라는 일족이 있다.,,,,次の精霊はアリバーシャにいる。 / そこには、水の精霊を守り続ける / サリュ族という一族がいる。
4/S4035.DAT,0x47F50,0.11,,그들을 도와 물의 정령을 지켜 다오.,,,,彼らを助けて、水の精霊を守つてくれ。
4/S4035.DAT,0x47F98,0.25,,아크에게. 아버지로부터,- 소중한 아크에게,,10,アークへ /             父より
4/S4035.DAT,0x4800A,0.15,,아이템이 있습니다. 로맨싱 스톤을 발견했습니다,,,,アイテムがあります。 / <G:90>ロマンシングストーン<G:89>を見つけました
4/S4035.DAT,0x48060,0.12,,여기에 있던 것은 이미 주웠다.,,,,ここにあつたものはもうひろいました
4/S4035.DAT,0x480AC,0.06,,아무리 해도 대미지를 줄 수 없을 때는 여러 가지 마법을 시험해 보는 편이 좋아.,,,,どうしてもダメージを与えられないときは、 / 魔法をいろいろ試してみた方がいいよ。
4/S4035.DAT,0x48112,0.07,,아무리 레벨 업해도 배울 수 없는 능력도 여러 가지 있는 모양이야.,,,,どんなにレベルアップしても、 / おぼえられない能力もいくつかあるみたい。
4/S4035.DAT,0x48174,0.09,,내가 레벨 업해서 강해지면 싸움이 편해질 게다.,,,,わしがレベルアップして強くなれば、戦いが楽になるぞい。
4/S4035.DAT,0x481C8,0.08,,계속 마법을 써서 빨리 강해지는 편이 좋은 게야.,,,,どんどん魔法を使つて、早く強くなつた方がいいのじゃ。
4/S4035.DAT,0x4821C,0.07,,자기만 강해지고 싶은 거냐?,,,,自分だけ強くなりたいんじゃあ？
4/S4035.DAT,0x48260,0.12,,바보 녀석!,,,,ばかもん!
4/S4035.DAT,0x482A0,0.13,,이 싸움이 끝날 때까지 나는 술 마시는 걸 그만두겠어.,,,,この戦いが終わるまで、おれはさけを飲むのをやめるぜ。
4/S4035.DAT,0x482F0,0.11,,그런 걸 누가 믿겠어.,,,,そんなこと、だれも信じないよ。
4/S4035.DAT,0x48334,0.12,,"그래, 어차피 무리니까. 어차피 무리라면 마음껏 마시겠어.",,,,そうか、どうせ無理だしな。<CTRL:E4:29> / どうせ無理ならガンガン飲むぜ。
4/S4035.DAT,0x48390,0.13,,그런데 술의 정령이라는 건 없나?,,,,ところで、さけの精霊つてのはいないのか？
4/S4035.DAT,0x483D8,0.11,,(있어도 만나고 싶지는 않은...),,,,(いてもお目にかかりたくないような<CTRL:E4:15>・<CTRL:E4:15>・<CTRL:E4:15>・)
4/S4035.DAT,0x4842E,0.00,,음.,,,,うむ。
4/S4035.DAT,0x4846C,0.07,,모프리는 쓰고 있나? 장소에 따라서는 이만큼 쓸 만한 녀석도 드물다네.,,,,モフリーは使つとるか？ / 場所によつてはこれほど使えるやつもめすらしいぞ。
4/S4035.DAT,0x484C8,0.10,,내 소환 몬스터는 쓸 만한 녀석뿐이니까 말이야.,,,,わしの召喚モンスターは使えるやつばかりじゃからのう。
4/S4035.DAT,0x4851A,0.17,,하하하하하.,,,,わつ<CTRL:E4:15>はつ<CTRL:E4:15>はつ<CTRL:E4:15>はつ<CTRL:E4:15>はつ<CTRL:E4:15>は。
4/S4035.DAT,0x4856C,0.12,,그러면 좋겠지만.,,,,だといいけど。
4/S4036.DAT,0x47C74,0.11,,요슈아에게서 편지가 왔어.,,,,ヨシュアから手紙がきています
4/S4036.DAT,0x47CDC,0.14,,마지막 정령은 스메리아에. 읽으시겠습니까?|읽는다|읽지 않는다,,,,<G:90>最後の精霊はスメリアに<G:89> / よみますか？ / <CTRL:E5:03>よむ / <CTRL:E5:03>よまない
4/S4036.DAT,0x47D8E,0.15,,"아크야, 마지막 정령은 스메리아의 팔렌시아에 있다.",,,,アークよ、 / 最後の精霊は、 / スメリアのパレンシアにいる。
4/S4036.DAT,0x47DE0,0.10,,그리고 그곳은 사악한 욕망이 모여 있는 곳이기도 하다. 조심해서 향해 다오.,,,,そしてそこは、邪悪な欲望の集まつている場所でもある。 / 心して向かつてくれ。
4/S4036.DAT,0x47E40,0.11,,5대 정령의 돌을 모은 뒤에는 네 운명이 크게 움직일 것이다. 결코 굴하지 말고 맞서 다오.,,,,5大精霊の石を集めた後におまえの運命が大きく動くであろう。 / 決してくじけす立ち向かつてくれ。
4/S4036.DAT,0x47EA6,0.25,,아크에게. 아버지로부터,- 소중한 아크에게,,10,アークへ /             父より
4/S4036.DAT,0x47F18,0.15,,아이템이 있습니다. 로맨싱 스톤을 발견했습니다,,,,アイテムがあります。 / <G:90>ロマンシングストーン<G:89>を見つけました
4/S4036.DAT,0x47F6E,0.12,,여기에 있던 것은 이미 주웠다.,,,,ここにあつたものはもうひろいました
4/S4036.DAT,0x47FBA,0.09,,효과를 모르는 아이템은 스스로 조사할 수밖에 없는 걸까?,,,,効果の分からないアイテムは、 / 自分で調ベるしかないのかな。
4/S4036.DAT,0x48010,0.06,,그런 것에 자세한 동료가 있으면 좋았을 텐데.,,,,そういうのに詳しい仲聞がいればよかつたのに。
4/S4036.DAT,0x4805C,0.10,,고겐도 별로 믿을 만하지 않고 말이야.,,,,ゴーゲンもあまりあてにならないしな。
4/S4036.DAT,0x480AA,0.00,,뭘까?,,,,なにかな。
4/S4036.DAT,0x480EA,0.10,,무엇이든 물어보거라. 나는 어떤 일이든 알고 있단다.,,,,何でも聞いてみなさい。 / わしはどのようなことでも知つておるぞ。
4/S4036.DAT,0x4813E,0.11,,효과를 모르는 아이템이 있는데...,,,,効果の分からないアイテムがあるんだけど・・・
4/S4036.DAT,0x4818E,0.10,,그건 스스로 알아보는 게지.,,,,それは、自分で調ベることじゃ。
4/S4036.DAT,0x481D4,0.17,,뭐든 알고 있다고 했잖아?,,,,何でも知つているつて言つたじゃないか？
4/S4036.DAT,0x4821C,0.08,,"뭐, 가끔은 모르는 일도 있단다.",,,,まあ、たまには分からないこともあるぞ。
4/S4036.DAT,0x48264,0.12,,"(박식하지 않아, 절대 박식하지 않아...)",,,,(物知りじゃない、ぜつたい物知りじゃない・・・)
4/S4036.DAT,0x482C0,0.15,,술의 정령 이야기 말인데...,,,,さけの精霊の話だが・・・。
4/S4036.DAT,0x48308,0.09,,"술도 여러 가지가 있으니, 각각 모두 다른 정령이 있는 건가?",,,,さけにもいろいろあるからな。 / それぞれみんな別の精霊がいるのか？
4/S4036.DAT,0x4835E,0.12,,(내가 알 게 뭐야!),,,,(知つたことか!)
4/S4036.DAT,0x483A2,0.00,,음.,,,,うむ。
4/S4036.DAT,0x483DA,0.12,,(너무 떠들지 마.),,,,(あまりしゃベらないな)
4/S4036.DAT,0x48422,0.07,,케락은 언제나 꺼내 두고 레벨 업시키는 편이 좋아.,,,,ケラックはいつでも出しておいてレベルアップさせた方がいいぞ。
4/S4041.DAT,0x47950,0.08,,여기가 편지 속 장소야,,,,ここが、父さんの手紙に書いてあつた場所だ。
4/S4041.DAT,0x479A4,0.00,,휴 지쳤어,,,,ぼく、もうつかれちゃつたよ。
4/S4041.DAT,0x479F4,0.33,,뭐지,이건 뭐지?,아크,19,これは何かしら？
4/S4041.DAT,0x47A3E,0.12,,표면에 뭔가 있다.,,,,表面に何かあるぞ。
4/S4041.DAT,0x47AA4,0.06,,"돌에 잠든 기억을 아는 자여, 그 힘으로 내 뜻에 응답하라.",,,,石に眠りし記憶を認めし者 /  / その力をもつて我が意にこたえよ。<CTRL:E4:79><CTRL:E4:3D><CTRL:E4:3D>
4/S4061.DAT,0x478AE,0.12,,어딘가 상태가 이상해...,,,,なんか様子が変ね・・。
4/S4061.DAT,0x478F8,0.08,,내가 집을 보고 올게.,,,,俺、家を見てくる。
4/S4062.DAT,0x47872,0.17,,이제 여기로 돌아와도 아무것도 없겠군...,,,,もうここに戻つても、 / 何もないなっ・・。
5/S5011.DAT,0x48004,0.23,,"기다리고 있었어, 동쪽에서 온 사람.",기다리고?,,11,待つてたよ、 / 東方からの人。
5/S5011.DAT,0x48048,0.43,,기다리고 있었다고?,기다리고?,,11,待つてたつて？
5/S5011.DAT,0x48084,0.13,,정령을 만나러 왔지?,,,,精霊(せいれい)に会いにきたんだろ？
5/S5011.DAT,0x480CA,0.43,,어떻게 그걸?,어떻게 그 사실을?,,13,何でそれを？
5/S5011.DAT,0x4810A,0.09,,이쪽도 장사니까 말이야.,,,,こつちも商売だからねェ。
5/S5011.DAT,0x4815A,0.04,,"장사가 뭐냐고, 이 자식아! 한 대 맞아 볼래, 이 자식아!",,,,商売とは何だ、てめえ! / <CTRL:E4:3D><CTRL:E4:3D><CTRL:E4:3D>ひい目あいてえか、こらっ!<CTRL:E4:3D>
5/S5011.DAT,0x481C6,0.14,,햣햣햣! 이거 강해 보이는군.,,,,ひゃひゃひゃつ! / こりゃ強そうだわ。
5/S5011.DAT,0x4820E,0.11,,아무튼 내 가게로 와서 이야기를 들어 줘.,,,,とにかくわしの店にきて話を / 聞いてくれ。
5/S5011.DAT,0x4825E,0.07,,"이쪽이다, 이쪽이다. 어서, 어서.",,,,こつちじゃ、こつちじゃ、 / 早う、早う。<CTRL:E4:3D>
5/S5011.DAT,0x482A2,0.25,,어떻게 할래?,어떻게 그 사실을?,,13,どうする？
5/S5011.DAT,0x482DC,0.14,,이끌리는 대로... 갈 수밖에 없겠군.,,,,みちびかれるままにか<CTRL:E4:0B>・<CTRL:E4:0B>・<CTRL:E4:0B>・。 / <CTRL:E4:0B>行くしかないなっ。
5/S5012.DAT,0x47FC4,0.33,초핀,초핀: 출발하시겠습니까?,그래도 떠나시겠습니까?,,6,チョピン  / 出発なさいますか？
5/S5012.DAT,0x4800C,0.12,,|출발|그만,,,,<CTRL:E5:03>出発する / <CTRL:E5:03>出発しない
5/S5012.DAT,0x4805A,0.09,초핀,"초핀: 자, 타십시오.",,,,チョピン  / では、お乗り下さい。
5/S5012.DAT,0x480EE,0.33,,기다려라아!,잠깐 기다려!,아크,19,まつてくれえ!<CTRL:E4:3D><CTRL:E4:3D><CTRL:E4:3D>
5/S5012.DAT,0x48158,0.07,,나도 데려가 주게!,,,,わしも連れてつてくれえ!
5/S5012.DAT,0x481A2,0.16,,왜? 손익 때문에만 움직이는 게 아니었나?,,,,なぜ？ / <CTRL:E4:3D>損得でしか動かないんじゃ / ないのか？
5/S5012.DAT,0x481FA,0.08,,너희와 함께 정령 이야기를 듣는 동안 생각이 바뀌었어.,,,,おまえらと一緒に / 精霊の話を聞いてるうちに / 考えが変わつてな。
5/S5012.DAT,0x48252,0.11,,"뭐, 좋지 않겠나. 내 항아리의 몬스터들은 믿음직스럽다네.",,,,まあいいじゃろうが。 / わしのつぼのモンスター達は / 頼りになるぞ。
5/S5012.DAT,0x482B8,0.17,,"고겐, 다음 목적지는?",,,,ゴーゲン、次の目的地は？
5/S5012.DAT,0x48318,0.24,,돌은 다음 돌로 우리를 이끈다...,우리를 이끈건.... 나의 아버지!?,,11,石は次の石に我々を導く・・。<CTRL:E4:3D>
5/S5012.DAT,0x4837C,0.10,,빛의 돌... 동방의 라마다 땅에 대지의 힘이 잠들다.,,,,光の石  / <CTRL:E4:3D>・・・東<CTRL:E4:15>方<CTRL:E4:15>の<CTRL:E4:3D>・ラ<CTRL:E4:15>マ<CTRL:E4:15>ダの<CTRL:E4:3D>・地<CTRL:E4:15>に / <CTRL:E4:3D>・大<CTRL:E4:15>地<CTRL:E4:15>の<CTRL:E4:15>力<CTRL:E4:15>が<CTRL:E4:3D>・眠<CTRL:E4:15>る。<CTRL:E4:3D>
5/S5012.DAT,0x4842E,0.12,,그러고 보니 그레이시느의 라마다에는 신기한 힘을 지닌 일단이 있다는 이야기가 있어.,,,,そういえば / グレイシーヌのラマダには / 不思議な力を持つ一団が / いると言う話だ。
5/S5012.DAT,0x4849A,0.16,,"좋아, 다음은 그레이시느를 목표로 출발이다!",,,,よし、次はグレイシーヌを目指して出発だ!
5/S5012.DAT,0x4859A,0.21,초핀,초핀: 언제든 정비하여 기다리고 있습니다.,기다리고?,,11,チョピン  / いつでも整備してお待ちしております。
5/S5013.DAT,0x47538,0.33,초핀,초핀: 출발하시겠습니까?,그래도 떠나시겠습니까?,,6,チョピン  / 出発なさいますか？
5/S5013.DAT,0x47580,0.10,,|출발|그만|정보,,,,<CTRL:E5:03>出発する / <CTRL:E5:03>出発しない / <CTRL:E5:03>いろいろ教えて!
5/S5013.DAT,0x475DC,0.12,초핀,"초핀: 그럼, 이쪽으로.",,,,チョピン  / では、こちらへ。
5/S5013.DAT,0x47702,0.21,초핀,초핀: 언제든 정비하여 기다리고 있습니다.,기다리고?,,11,チョピン  / いつでも整備してお待ちしております。
5/S5013.DAT,0x478B6,0.33,초핀,초핀: 출발하시겠습니까?,그래도 떠나시겠습니까?,,6,チョピン  / 出発なさいますか？
5/S5013.DAT,0x478FE,0.10,,|출발|그만|정보,,,,<CTRL:E5:03>出発する / <CTRL:E5:03>出発しない / <CTRL:E5:03>いろいろ教えて!
5/S5013.DAT,0x4795A,0.12,초핀,"초핀: 그럼, 이쪽으로.",,,,チョピン  / では、こちらへ
5/S5013.DAT,0x47A84,0.21,초핀,초핀: 언제든 정비하여 기다리고 있습니다.,기다리고?,,11,チョピン  / いつでも整備してお待ちしております。
5/S5013.DAT,0x47BCE,0.33,초핀,초핀: 출발하시겠습니까?,그래도 떠나시겠습니까?,,6,チョピン  / 出発なさいますか？
5/S5013.DAT,0x47C16,0.09,,|출발|그만|정보 2,,,,<CTRL:E5:03>出発する / <CTRL:E5:03>出発しない / <CTRL:E5:03>いろいろ教えて! その2
5/S5013.DAT,0x47C76,0.33,초핀,초핀: 출발하시겠습니까?,그래도 떠나시겠습니까?,,6,チョピン  / 出発なさいますか？
5/S5013.DAT,0x47CBE,0.08,,|출발|그만|유용한 정보,,,,<CTRL:E5:03>出発する / <CTRL:E5:03>出発しない / <CTRL:E5:03>耳よりな話を聞きたい!
5/S5013.DAT,0x47D1E,0.12,초핀,"초핀: 그럼, 이쪽으로.",,,,チョピン  / では、こちらへ
5/S5013.DAT,0x47E4E,0.21,초핀,초핀: 언제든 정비하여 기다리고 있습니다.,기다리고?,,11,チョピン  / いつでも整備してお待ちしております。
5/S5013.DAT,0x47EBE,0.23,초핀,초핀: 무엇을 알고 싶으십니까?,"폐하, 괜찮으십니까?",아크,20,チョピン  / 何が知りたいですか？
5/S5013.DAT,0x47F08,0.06,,|아이템 정보|방향과 반격|그만,,,,<CTRL:E5:03>アイテム・アクセサリーの効果。 / <CTRL:E5:03>戦闘の方向と反撃。 / <CTRL:E5:03>やつっり、いいや。
5/S5013.DAT,0x47F80,0.08,초핀,"초핀: 아이템, 장신구, 특수 능력은 커서로 고르고 있을 때 L이나 R 버튼을 누르면 그 효과를 볼 수 있습니다.",,,,チョピン  / アイテム・アクセサリー・特しゅ能力は、カーソルで選んでいる時にLかRボタンをおすことで、その効果を見れます。
5/S5013.DAT,0x47FFA,0.07,초핀,초핀: 특히 특수 능력은 필요한 MP와 지금 MP가 표시되니 많이 활용해 주십시오.,,,,チョピン  / 特に、特しゅ能力は必要なMPと / 現在のMPが表示されるので / 大いに利用して下さい。
5/S5013.DAT,0x4806E,0.08,초핀,"초핀: 아이템으로 던져서 피해를 주는 것은 돌, 폭탄, 큰 폭탄 세 가지입니다.",,,,チョピン  / アイテムで投げてダメージを与えるものは石・爆弾・大きな爆弾の3つです。
5/S5013.DAT,0x480D0,0.09,초핀,초핀: 아이템 던지기는 반격당하지 않으므로 강한 적에게도 안전한 공격 수단입니다.,,,,チョピン  / アイテム投げは反撃されないので / 強い敵でも安全な攻撃手段です。
5/S5013.DAT,0x4813C,0.10,초핀,"초핀: 적을 공격했을 때 반격을 받아, 피해를 입을 때가 있습니다.",,,,チョピン  / 敵に攻撃した場合に、反撃をされ、 / ダメージを受けることがあります。
5/S5013.DAT,0x4819A,0.11,초핀,초핀: 이를 피하려면 적의 뒤나 옆으로 돌아 들어가 공격하면 됩니다.,,,,チョピン  / これを避けるためには、 / 敵の後ろかよこに / 回り込んで攻撃することです。
5/S5013.DAT,0x481FA,0.07,초핀,초핀: 반대로 자신이 공격받을 때는 되도록 정면을 향하게 하면 적에게 반격하기 쉬워집니다.,,,,チョピン  / 逆に、自分が攻撃される時になるベく、 / 正面からになるようにしむけると / 敵に反撃しやすくなります。
5/S5013.DAT,0x4826A,0.07,초핀,초핀: 특수 공격도 아이템을 던지는 것과 마찬가지로 절대로 적의 반격을 받지 않는 공격 수단입니다.,,,,チョピン  / 特しゅ攻撃もアイテムを投げるのと同じく絶対に敵の反撃を受けない攻撃手段です。
5/S5013.DAT,0x482EC,0.23,초핀,초핀: 무엇을 알고 싶으십니까?,"폐하, 괜찮으십니까?",아크,20,チョピン  / 何が知りたいですか？
5/S5013.DAT,0x48336,0.09,,|전투 요령 2|유용한 정보|그만,,,,<CTRL:E5:03>バトルの心得 その2 / <CTRL:E5:03>耳よりな話 / <CTRL:E5:03>やつっり、いいや。
5/S5013.DAT,0x483A2,0.12,,|몬스터 상성|경험치|성장 조언|그만,,,,<CTRL:E5:03>モンスターとの相しょう / <CTRL:E5:03>経験値について / <CTRL:E5:03>成長のアトバイス / <CTRL:E5:03>やつっり、いいや。
5/S5013.DAT,0x48422,0.10,초핀,초핀: 이쪽의 공격이 몬스터에게 통하지 않는 것은 레벨 차이 외에 상성이 나쁜 경우가 있기 때문입니다.,,,,チョピン  / こちらの攻撃がモンスターにきかないのはレベルの違い以外に、相しょうが悪い / 場合があります。
5/S5013.DAT,0x48490,0.10,초핀,초핀: 예를 들어 마법을 사용하는 몬스터는 마법 공격에 강한 법입니다.,,,,チョピン  / 例えば、魔法を使用するモンスターは、 / 魔法攻撃には強いもんです。
5/S5013.DAT,0x484F2,0.11,초핀,초핀: 그 밖에 날아다니는 몬스터에게는 바람 마법이 잘 통하는 경우도 있습니다.,,,,チョピン  / 他には、飛んでいるモンスターには、 / 風の魔法がよくきくとかもあります。
5/S5013.DAT,0x48554,0.10,초핀,초핀: 싸움은 머리를 쓰지 않으면 안 됩니다. 힘만으로는 안 되는 법입니다.,,,,チョピン  / 戦いは頭を使わなきゃいけません。 / 力だけじゃだめなんですよ。
5/S5013.DAT,0x485B0,0.09,,말해 주는군.,,,,言つてくれるぜ。
5/S5013.DAT,0x485F6,0.12,초핀,초핀: 강한 상대를 정해 싸우면 그만큼 많은 경험을 쌓을 수 있습니다.,,,,チョピン  / 強い相手を選んで戦うと、それだけ多くの経験をつめます。
5/S5013.DAT,0x48650,0.08,초핀,"초핀: 경험은 공격했을 때도, 공격받았을 때도 얻을 수 있습니다. 언제나 도전하는 마음으로 맞서 주십시오.",,,,チョピン  / 経験は、攻撃した時も、された時も / 得られます。 / いつもチャレンジする心で挑んで下さい。
5/S5013.DAT,0x486BE,0.13,,어딘가 조금 의욕이 나기 시작했어.,,,,なんだか、ちょつとやる気に / なつてきたな。
5/S5013.DAT,0x48706,0.09,초핀,초핀: 다만 피해가 0인 경우에는 안 됩니다.,,,,チョピン  / ただし、 / ダメージが0の場合はだめですよ。
5/S5013.DAT,0x4879E,0.08,초핀,초핀: 동료가 늘어나면 전투에서의 역할에 따라 레벨 차이가 더 생기게 됩니다.,,,,チョピン  / 仲聞がふえてくると、戦闘での役わりに / よりレベルにさが出てきます。
5/S5013.DAT,0x487FC,0.10,초핀,초핀: 모든 사람이 공격에 알맞은 것은 아닙니다.,,,,チョピン  / すベての人が攻撃に向いているわけでは / ありません。
5/S5013.DAT,0x48852,0.10,초핀,초핀: 캐릭터들의 방어력이 비슷한 수치가 되도록 신경 써 보시는 건 어떻겠습니까?,,,,チョピン  / キャラクターの防ご値が近い値になるように気をつけてみてはどうでしょう？
5/S5013.DAT,0x488B4,0.11,초핀,초핀: 그러면 금방 당해 버리는 낙오자는 없어질 겁니다.,,,,チョピン  / きつと、 / すぐやられてしまう落ちこぼれは / いなくなりますよ。
5/S5013.DAT,0x48912,0.10,,낙오자라니 누구를 말하는 게냐?,,,,落ちこぼれとは誰のことじゃ？
5/S5013.DAT,0x4895E,0.19,,|아라라토스 유적|미르마나의 이후|라마다 수행|그만,,,,<CTRL:E5:03>アララトスの遺跡ダンジョン / <CTRL:E5:03>ミルマーナのその後 / <CTRL:E5:03>ラマダ寺での修行 / <CTRL:E5:03>やつっり、いいや。
5/S5013.DAT,0x489E2,0.17,초핀,초핀: 아라라토스의 유적 던전은 상당히 층이 많은 모양입니다.,,,,チョピン  / アララトスの遺跡ダンジョンは / 相当に階層が深いようです。
5/S5013.DAT,0x48A40,0.10,초핀,"초핀: 그 안에는 몬스터가 지키고 있는, 그곳에서만 얻을 수 있는 액세서리도 있다고 들었습니다.",,,,チョピン  / なかには、モンスターに守られた、 / あそこにしかないアクセサリーもあると / 聞きます。
5/S5013.DAT,0x48AA6,0.14,초핀,"초핀: 힘 시험도 할 겸, 때로는 가 보는 것도 좋지 않겠습니까?",,,,チョピン  / 力試しもかねて、時には行つてみるのも / よいのでは？
5/S5013.DAT,0x48AFC,0.07,,"그래, 너희 힘으로 보물을 계속 손에 넣는 게야!",,,,そうじゃ、おまえらの力で宝を / どんどん手に入れるんじゃ!
5/S5013.DAT,0x48B4E,0.07,,물론 손에 넣은 뒤에는 나에게 맡기거라. 크크크크크.,,,,もちろん、手に入れた後はわしにまかせんしゃい。 / キャッキャッキャッキャッ。
5/S5013.DAT,0x48BAC,0.08,,맡길 리가 없잖아!,,,,まかせる訳ないでしょ!
5/S5013.DAT,0x48BF6,0.15,초핀,초핀: 토요케 숲의 베미의 정령을 기억하십니까?,,,,チョピン  / トヨーケの森のベみの精霊を / おぼえていますか？
5/S5013.DAT,0x48C4A,0.18,초핀,초핀: 그녀는 언제나 우리를 지켜봐 주고 있습니다.,,,,チョピン  / 彼女はいつも我々を見守つてくれて / います。
5/S5013.DAT,0x48C9E,0.09,초핀,"초핀: 미르마나에는 세 곳의 배틀 에어리어가 있다고 하니, 때로는 가서 이야기를 듣는 것도 좋겠습니다.",,,,チョピン  / ミルマーナには、3カ所バトルエリアが / あるこですし、時には行つて、 / 話を聞くのもよいでしょう。
5/S5013.DAT,0x48D0A,0.09,초핀,초핀: 가면 만능약을 받을 수 있는 모양입니다.,,,,チョピン  / 行くと万能薬をもらえるようですよ。
5/S5013.DAT,0x48D5A,0.12,,친절하기도 하군.,,,,やさしいのう。
5/S5013.DAT,0x48DA0,0.07,초핀,초핀: 라마다에 남은 승려들은 절을 수행의 장소로 개방하고 있는 모양입니다.,,,,チョピン  / ラマダに残つた僧達は、 / 寺を修行の場として / 解放しているようです。
5/S5013.DAT,0x48E02,0.09,초핀,초핀: 자신의 강함을 시험하고 싶어졌을 때 들러 보시는 건 어떻겠습니까?,,,,チョピン  / 自分の強さを試したくなつた場合に、 / 立ちよつてみてはどうでしょう。
5/S5013.DAT,0x48E64,0.04,,제자들아....,,,,弟子達よ・・・・。
5/S5013.DAT,0x48EAC,0.11,초핀,초핀: 어느 것에 관해 말씀드릴까요?,,,,チョピン  / どれについてお話ししましょう？
5/S5013.DAT,0x48F04,0.06,,|스톤 서클|링 위치 설정|소환수에 대해|다음 페이지,,,,<CTRL:E5:03>ストーンサークル / <CTRL:E5:03>リングの位置設定 / <CTRL:E5:03>召喚獣について / <CTRL:E5:03>次のページ
5/S5013.DAT,0x48F80,0.07,,|포코의 악기|투기장|키토우올|그만,,,,<CTRL:E5:03>ポコの楽器 / <CTRL:E5:03>闘技場 / <CTRL:E5:03>キートウオール / <CTRL:E5:03>やつっりいいや。
5/S5013.DAT,0x48FF2,0.05,,|스톤 서클|링 위치 설정|소환수|다음 페이지,,,,<CTRL:E5:03>ストーンサークル / <CTRL:E5:03>リングの位置設定 / <CTRL:E5:03>召喚獣 / <CTRL:E5:03>次のページ
5/S5013.DAT,0x4906A,0.06,,|포코의 악기|투기장|키토우올|다음 페이지,,,,<CTRL:E5:03>ポコの楽器 / <CTRL:E5:03>闘技場 / <CTRL:E5:03>キートウオール / <CTRL:E5:03>次のページ
5/S5013.DAT,0x490DC,0.05,,|라마다사의 수행|로맨싱 스톤|장신구 비단 띠|그만,,,,<CTRL:E5:03>ラマダ寺の修行 / <CTRL:E5:03>ロマンシングストーン / <CTRL:E5:03>アクセサリー<G:90>きぬのおび<G:89> / <CTRL:E5:03>やつっりいいや。
5/S5013.DAT,0x49156,0.10,초핀,초핀: 고겐 님이 동료가 된 뒤에 오르카스 언덕의 스톤 서클에 가 보셨습니까?,,,,チョピン  / ゴーゲンさんが仲聞になつた後にオルカスの丘のストーンサークルへ行きましたか？
5/S5013.DAT,0x491BA,0.11,초핀,초핀: 여기서는 어떤 아이템을 얻을 수 있습니다. 스톤 서클에서만 말이지요...,,,,チョピン  / ここでは、あるアイテムが手に入ります。ストーンサークルだけに・・。
5/S5013.DAT,0x4921A,0.05,초핀,초핀: 전투 중 자신의 턴에 스타트 버튼을 누르면 스테이터스를 볼 수 있지요.,,,,チョピン  / バトル中に、自分のターンで / スタートボタンをおすと / ステータスを見れますよね。
5/S5013.DAT,0x4927E,0.07,초핀,초핀: 그때 커서와  로 링 안의 기술을 고르고 아이콘의 위치를 바꾸어 놓을 수 있습니다.,,,,チョピン  / その時に、カーソルと<CTRL:E7:02>でリングの中の技を選んでアイコンの位置を変えられるんです。
5/S5013.DAT,0x492E8,0.09,초핀,초핀: 이것은 한 번 바꾸면 저장되므로 언제나 사용할 수 있습니다.,,,,チョピン  / これは、一度変えるとセーフされるので / すつと使えますよ。
5/S5013.DAT,0x49346,0.12,초핀,초핀: 소환수는 전부 합쳐 둘까지 있다고 들었습니다. 그중에는 찾기 어려운 것도 있는 모양이니 여기저기 찾아 보십시오.,,,,チョピン  / 召喚獣は全部で6までなると聞いております。中には見つかりにくいものもいるようなのであちこち探してみて下さい。
5/S5013.DAT,0x493C0,0.09,초핀,초핀: 포코 님의 악기는 전부 여섯 개라고 들었습니다. 모두 찾으면 상당히 강한 부대가 될 수 있겠군요.,,,,チョピン  / ポコ様の楽器は、全部で8つになると聞いております。全部見つかると、かなり強い兵隊になれそうですね。
5/S5013.DAT,0x49436,0.10,초핀,초핀: 그 뒤의 투기장에서는 배틀에서 이긴 수를 세고 있는 모양입니다.,,,,チョピン  / その後の闘技場では、バトルに勝つた数を数えているみたいですね。
5/S5013.DAT,0x49492,0.09,초핀,초핀: 분명 좋은 일이 있을 테니 힘내서 기록을 세워 주십시오.,,,,チョピン  / きつと、いいことがありますから / がんばつて記ろくを作つて下さい。
5/S5013.DAT,0x494F2,0.08,초핀,초핀: 고겐 님의 키토우올 마법의 불에 큰 폭탄을 던져 넣으면 대폭발이 일어난다고 합니다.,,,,チョピン  / ゴーゲン様のキートウオールの魔法の火に<G:90>大きな爆弾<G:89>を投げ込むと大爆発が / 起こるそうです。
5/S5013.DAT,0x49566,0.12,초핀,초핀: 몬스터가 많은 곳에서 써 보시는 건 어떻겠습니까?,,,,チョピン  / モンスターの多いところで使つてみては / どうでしょう。
5/S5013.DAT,0x495C0,0.07,초핀,"초핀: 라마다사에서는 등급을 두고 수행을 하고 있는 모양인데, 그것을 모두 끝내면 얻을 수 있는 액세서리가 있는 모양입니다.",,,,チョピン  / ラマダ寺では、ランクを設けて修行を行つているようですが、その全てを終えると手に入るアクセサリーがあるようです。
5/S5013.DAT,0x49636,0.12,초핀,초핀: 다만 라마다사에서 받을 수 있는 것은 아닌 모양입니다만...,,,,チョピン  / ただ、ラマダ寺でもらえるわけではないようですが・・・。
5/S5013.DAT,0x49692,0.13,초핀,"초핀: 로맨싱 스톤이 있는 곳을 알아냈습니다. 하나는 스메리아의 토우빌, 하나는 아라라토스의 유적 던전,",,,,チョピン  / ロマンシングストーンのある場所がわかりました。1つはスメリアのトウヴィル / 1つはアララトスの遺跡ダンジョン、
5/S5013.DAT,0x49706,0.11,초핀,"초핀: 하나는 고겐 님이, 마지막 하나는 아크 님의 아버님이 가지고 계신 모양입니다.",,,,チョピン  / 1つはゴーゲン様が、最後の1つはアークさんの父上が持つてらつしゃつたみたいですね。
5/S5013.DAT,0x49770,0.08,초핀,초핀: 전투에서 경험치가 두 배가 되는 장신구가 있는 모양입니다. 이름은 비단 띠. 누구나 쓸 수 있는 것 같군요.,,,,チョピン  / 戦闘での経験値が倍なるアクセサリーがあるようです。名前は<G:90>きぬのおび<G:89>。 / 誰でも使えるようですね。
5/S5021.DAT,0x4791C,0.38,,"기다렸지, 기다렸지. 무엇부터 이야기할까?",기다리게 해서 죄송합니다. 무엇부터 이야기 할까요?,,13,おまたせ、おまたせ。 / 何から話そうかい？
5/S5021.DAT,0x47966,0.12,,우리가 알고 싶은 건 이 나라 정령이 있는 곳뿐이야.,,,,俺達が知りたいのはこの国の精霊のいる場所だけだ。
5/S5021.DAT,0x479B2,0.14,,"자자, 자네들은 여기가 어떤 나라인지 알고 있나?",,,,まあまあ、 / おまえさん、ここがどういう国か知つてるのか？
5/S5021.DAT,0x47A04,0.07,,"여기는 3천 년 전 대붕괴 뒤에 사람이 처음으로 거리를 만들고, 그것이 크게 발전한 곳이야.",,,,ここは3000年前 / 大崩壊(だいほうかい)の後 / 人が最初に街を作り / それが大きくなりできたところ。
5/S5021.DAT,0x47A74,0.30,,"즉, 우리 인간의 역사가 시작된 곳이라는 뜻이지.","그 말은 즉, 이곳이 우리들의 역사가 시작된 곳이란 말이죠.",,13,つまり、わしら人聞の歴史が / 始まつた場所ということだ。
5/S5021.DAT,0x47AC8,0.10,,그래서 유적도 많지.,,,,だから遺跡(いせき)も多い。
5/S5021.DAT,0x47B0E,0.07,,나는 거기서 보물을 찾아내어 장사로 삼는 모험가란 말이지.,,,,わしはそこで、 / 宝物を探し出しては / 商売にしておる冒険家 / なんじゃ。
5/S5021.DAT,0x47B70,0.10,,네 장사 이야기를 듣고 있는 게 아니야.,,,,てめえの商売の話を / 聞いてるんじゃねえぞ。
5/S5021.DAT,0x47BBC,0.14,,"알겠어, 알겠어.",,,,わかつとる / わかつとる。
5/S5021.DAT,0x47BFE,0.08,,"그래서 자네들이 알고 싶어 하는 건 말이지,",,,,で、おまえさんの知りたがつて / いるこだが、
5/S5021.DAT,0x47C48,0.12,,인간이 새로이 역사를 시작한 최초의 장소에는 빛의 정령이 지금도 있다고 전해진다네.,,,,人があらたに歴史を始めた / 最初の場所には光の精霊が今もいるといわれているんじゃ。
5/S5021.DAT,0x47CAC,0.25,,그곳은 이 나라 어디에 있는 거야?,이상하군..군대는 어디에 있는 거지?,아크,4,その場所は、 / この国のどこなんだ？
5/S5021.DAT,0x47CF2,0.07,,그건 그렇게 간단히 가르쳐 줄 수는 없지.,,,,それは、そうかんたんには / 教えられんなっ。
5/S5021.DAT,0x47D3E,0.14,,이제부터가 장사 이야기라는 거지?,,,,ここからが、 / 商売の話つてわけね？
5/S5021.DAT,0x47D86,0.12,,"아가씨, 눈치가 빠르구나.",,,,お嬢ちゃん、察しが早いね。
5/S5021.DAT,0x47DCA,0.14,,유적의 보물은 좋은 물건일수록 강한 몬스터가 지키고 있어.,,,,で、話は遺跡に戻るんだが / 遺跡の宝はいい物ほど強い / モンスターが守つている。
5/S5021.DAT,0x47E30,0.10,,그래서 나 혼자서는 손에 넣고 싶어도 얻을 수 없는 것뿐이란 말이지.,,,,だから、わし一人では手に入れ / たくても手に入れられないもの / ばかりなんじゃ。
5/S5021.DAT,0x47E8C,0.11,,어떤 유적으로 안내할 테니 거기서 내가 원하는 보물을 가져다 줘.,,,,ある遺跡に案内するから / そこでわしの欲しい宝を取つて / きてくれ。
5/S5021.DAT,0x47EEA,0.17,,그 대신 빛의 정령이 있는 곳을 가르쳐 주지.,,,,それと引きかえに光の精霊の / 居場所を教えよう。
5/S5021.DAT,0x47F3A,0.40,,어딘가 믿을 수 없는데.,믿을 수 없는 소릴!,,13,なんか信用できねえな。
5/S5021.DAT,0x47F7C,0.11,,거짓말 따위는 안 한다네.,,,,うそなどつかんわい。
5/S5021.DAT,0x47FC8,0.17,,"이 남자 말, 믿을 수 있어?",,,,この男の話、信用できるの？
5/S5021.DAT,0x4800C,0.14,,"음, 하는 말은 틀리지 않았어.",,,,うむ、言つているこは聞違つて / おらん。
5/S5021.DAT,0x4806C,0.08,,믿자. 달리 단서가 있는 것도 아니니까.,,,,信用しよう。 / 他に手がかりが / あるわけじゃないし。
5/S5021.DAT,0x480BE,0.11,,아버지도 이 땅에 있었어. 관계가 없지는 않겠지.,,,,父さんもこの地にいたんだ。 / 無か係じゃないだろう。
5/S5021.DAT,0x48110,0.40,,아버지...?,"!!! 내,.... 내 아버지가?",,18,父さん・・？
5/S5021.DAT,0x4814C,0.00,,왜?,,,,何か？
5/S5021.DAT,0x48184,0.21,,"...아니, 아니야. 그럼 바로 유적의 위치를 가르쳐 주지.","아니, 아무것도 아니야. 촌가라는 너희들에게 유적의 위치를 알려주도록 하지,",,13,・・いやいや。 / では、さつそく遺跡の場所を教えよう。
5/S5021.DAT,0x481D8,0.11,,그곳 지하 5층에 있는 소환의 항아리를 가져와 주었으면 하네.,,,,そこの地下5階にある / <G:90>召喚のつぼ<G:89>を取つて来て / 欲しいんじゃ。
5/S5021.DAT,0x48234,0.18,,"이 유적은 더 아래층이 있지만,",,,,この遺跡は深くもつと下の階層があるが、
5/S5021.DAT,0x48280,0.13,,아래층일수록 강한 몬스터가 있는 모양이야.,,,,深い階層ほど強いモンスターがおるようじゃ。
5/S5021.DAT,0x482CE,0.16,,신이 나서 자꾸 아래로 내려가면 두 번 다시 돌아오지 못할 거야.,,,,調子にのつてどんどん下に行くと2度と帰つてこれなくなるぞ。
5/S5021.DAT,0x48328,0.00,,햣햣햣햣햣.,,,,ひゃつひゃつひゃつひゃつひゃつ
5/S5021.DAT,0x4837A,0.08,,내일이라도 출발한다면 오늘 밤은 여기 머물러도 좋다네. 방값은 서비스야.,,,,明日にでも出発するとして / 今夜はここにとまつていいぞ。 / 宿代はサービスじゃ。
5/S5021.DAT,0x483DC,0.12,,하나하나 신경 거슬리는 녀석이군.,,,,いちいち気にくわねえやつだぜ。
5/S5022.DAT,0x47878,0.14,,"뭐야, 아직 가져오지 않았나.",,,,なんじゃ / まだ取つてきとらんのか。
5/S5022.DAT,0x478C0,0.12,,잊었나?,,,,忘れたのか？
5/S5022.DAT,0x478FC,0.08,,지하 5층에 있는 소환의 항아리라네.,,,,地下5階にある / <G:90>召喚のつぼ<G:89>じゃぞ。
5/S5022.DAT,0x47950,0.10,,빨리 하지 않으면 정령이 달아나 버린다!,,,,はやくしないと / 精霊が逃げちまうぞ!
5/S5023.DAT,0x4792E,0.10,,"훌륭하군, 소환의 항아리를 손에 넣은 모양이구나.",,,,見こ、<G:90>召喚のつぼ<G:89>を / 手に入れたようだな。
5/S5023.DAT,0x4797C,0.08,,"아아, 약속을 지켜 주시겠지?",,,,ああ / 約束を果たしてもらおうか。
5/S5023.DAT,0x479C4,0.08,,우선 물건을 보여 주게.,,,,ます、ものを見せてもらおう。
5/S5023.DAT,0x47A38,0.07,,확실히 소환의 항아리로군. 그런데 어째서 정령 따위를 만나고 싶은 겐가?,,,,たしかに<G:90>召喚のつぼ<G:89>だ。 / しかし、なんで、精霊なんぞに / 会いたいんじゃ？
5/S5023.DAT,0x47A96,0.10,,값이 될 만한 이야기인가?,,,,何か金になる話か？
5/S5023.DAT,0x47AD4,0.11,,"뭐, 네가 알아듣게 말하자면 인간의 미래를 위해서라고 할까?",,,,まあ、お前にわかるように言えば人聞の未来の為というこかのう？
5/S5023.DAT,0x47B2A,0.18,,"응, 나도 잘 모르겠어.",,,,うん、自分でもよくわからないんだ。
5/S5023.DAT,0x47B70,0.10,,그저 만나야만 한다는 생각이 들어.,,,,ただ会わなきゃならないつて気がする。
5/S5023.DAT,0x47BB6,0.18,,손익 계산만으로 사람이 움직이는 건 아니야.,,,,損得すくでばかりで / 人は動くものではないわ。
5/S5023.DAT,0x47C04,0.14,,"손익만으로 사람은 움직이지 않는다, 인가...?",,,,損得ばかりで / 人は動かん、か・・？
5/S5024.DAT,0x478E8,0.19,,무슨 말을 하는 거야. 이야기가 진행되지 않잖아.,,,,何言つてんだ。 / 話が進まねえだろう。
5/S5024.DAT,0x47932,0.11,,"어? 아아... 좋아, 그럼 내일 출발하기로 하지.",,,,あ？<CTRL:E4:0B>ああ・・。<CTRL:E4:3D> / よし / じゃ明日出発するとしよう。
5/S5025.DAT,0x47A44,0.12,,"음, 역시 자기 집은 편안하군.",,,,んー / やつっり自分の家は落ち着くの。
5/S5025.DAT,0x47A9C,0.00,,응!?,,,,ん!？
5/S5025.DAT,0x47AE6,0.09,,이런! 잘생긴 녀석이구나.,,,,なんと! / ハンサムなやつじゃの。
5/S5025.DAT,0x47BB4,0.19,,"잠깐, 왜 촌가라가 두 명이나 있는 거야!?",,,,ちょつと、 / どうしてチョンガラが二人もいるのよ!？
5/S5025.DAT,0x47C2A,0.09,,"어머, 어머, 정말 귀엽구나!!",,,,<CTRL:E4:3D>な / <CTRL:E4:3D>な / <CTRL:E4:3D>なんてカワイイの!!
5/S5025.DAT,0x47C94,0.11,,"잠깐, 다들 왜 이래...?",,,,ちょつと / <CTRL:E4:3D>みんなどうしたのよ・・・。
5/S5025.DAT,0x47CE0,0.25,,"너, 아버지잖아!!","!!! 내,.... 내 아버지가?",,18,おまえ、オトンじゃな!!
5/S5025.DAT,0x47D46,0.21,,내 집에 아버지가 머물러 있다니...,"!!! 내,.... 내 아버지가?",,18,わしの家にオトンが住み着いとるとは・・・。
5/S5025.DAT,0x47DA4,0.03,,우효효효효! 또 수집품이 늘었구먼!,,,,うひょひょひょひょ! / またコレクションがふえたわい!
5/S5025.DAT,0x47E08,0.04,,"다들, 적당히 좀 해...",,,,みんな<CTRL:E4:3D> / いいかげんにしてよ・・・。
5/S5025.DAT,0x47F9C,0.22,,가게에는 아무도 없어...,완전히 철거당했네. 여기에는 아무도 없는 걸로 보여...,,10,店にはだれもいない・・。
5/S5026.DAT,0x47872,0.11,,이래도 되는 걸까? 분명 보물은 손에 넣었지만...,,,,・・これでいいんじゃろうか？<CTRL:E4:3D> / 確かに宝は手に入つたけど・・。
5/S5031.DAT,0x495A8,0.13,,여기가 출구군. 가자!,,,,ここが出口だな / <CTRL:E4:3D>行くぞ!
5/S5032.DAT,0x478FE,0.15,,신세를 졌다. 여기서부터는 우리끼리 갈 수 있다.,,,,世話になつた。ここからは自分達でいける。
5/S5032.DAT,0x47946,0.07,,"그런가, 그럼 잘 있게.",,,,そうか、それではさらばじゃ。
5/S5032.DAT,0x479E4,0.12,,나도 돌아가야지.,,,,わしも帰ろう。
5/S5041.DAT,0x4798A,0.14,빛의 정령,빛의 정령: 역시 여기까지 와 주었구나.,,,,光の精霊  / やはりここまできてくれたね。
5/S5041.DAT,0x479D2,0.12,빛의 정령,빛의 정령: 인간의 대표로서 그대가 들어 주었으면 한다.,,,,光の精霊  / 人聞の代表として君に聞いて欲しい。
5/S5041.DAT,0x47A22,0.16,빛의 정령,"빛의 정령: 인간은 우리의 존재를 잊고 자연을 파괴하고 비틀어,",,,,光の精霊  / 人聞は僕等の存在を忘れ、自然を破壊し / ねじまげ、
5/S5041.DAT,0x47A7E,0.07,빛의 정령,빛의 정령: 자신들의 왕국을 쌓아 올렸어.,,,,光の精霊  / 自分達の王国を築き上げていつた。
5/S5041.DAT,0x47ACA,0.10,빛의 정령,빛의 정령: 그리고 우리의 힘이 약해져 몬스터가 나타나기 시작했어. 하지만 아직 인간은 잘못을 깨닫지 못해.,,,,光の精霊  / そして、僕等の力が弱まり / モンスターが現れだした。 / でもまだ人聞は過ちに気がつかない。
5/S5041.DAT,0x47B36,0.11,빛의 정령,"빛의 정령: 아크, 다른 정령들을 가두고 있는 몬스터를 쓰러뜨려 그들을 풀어 주고,",,,,光の精霊  / アーク、他の精霊達を封じ込めている / モンスターを倒して、彼らを開放し、
5/S5041.DAT,0x47B9C,0.11,빛의 정령,빛의 정령: 그 목소리에 귀를 기울여 주었으면 해.,,,,光の精霊  / その声に耳をかたむけて欲しいんだ。
5/S5041.DAT,0x47BEA,0.12,빛의 정령,빛의 정령: 인간들이 무엇을 해 왔는지에.,,,,光の精霊  / 自分達人聞が何をやつて来たかを。
5/S5041.DAT,0x47C34,0.09,빛의 정령,빛의 정령: 나는 너희와도 만났고 인간을 믿고 있어.,,,,光の精霊  / 僕は君達とも出会えたし / 人聞を信じてる。
5/S5041.DAT,0x47C86,0.11,빛의 정령,빛의 정령: 그 증표로 빛의 돌과 왕의 상을 주겠다.,,,,光の精霊  / その証しとして<G:90>光の石<G:89>と<G:90>王様の像<G:89>を渡すよ。
5/S5041.DAT,0x47D30,0.25,,빛의 돌을 손에 넣었다.,빛의 돌을 획득했다.,,14,<G:90>光の石<G:89>を手に入れた。
5/S5041.DAT,0x47D74,0.17,,왕의 상을 손에 넣었다.,,,,<G:90>王様の像<G:89>を手に入れた。
5/S5041.DAT,0x47DB4,0.14,빛의 정령,"빛의 정령: 아크, 부탁할게...",,,,光の精霊  / アーク、たのんだよ・・。
5/S5041.DAT,0x47E0C,0.07,,그건 부하의 공을 자기 것으로 만들 수 있다는 왕의 상 아닌가.,,,,それは、家来のてがらを自分のものにできるという<G:90>王様の像<G:89>ではないか。
5/S5041.DAT,0x47E66,0.12,,내 것이다! 왕의 상은 내 것이란 말이다!!,,,,わしのじゃぞ! / <G:90>王様の像<G:89>はわしのじゃぞ!!
5/S5052.DAT,0x47904,0.17,,이건 대단해!,,,,こりゃすごい!
5/S5052.DAT,0x479AE,0.10,,"시, 실수했다!",,,,し、しまつた!
5/S5052.DAT,0x47A90,0.10,,"아니, 살았다 살았어. 고마워하겠어.",,,,いや助かつた、助かつた / 礼を言うぞ
5/S5052.DAT,0x47ADA,0.07,,고맙다는 말은 하겠지만 보물은 나누지 않을 거야. 말만 하는 건 공짜니까.,,,,礼は言うが宝はわけんぞ / 言うだけならただだからな
5/S5052.DAT,0x47B28,0.16,요슈아,요슈아: 사람은 욕망을 위해서만 사는 것이 아니다.,,,,ヨシュア  / 人は欲望の為にだけ生きるのではない
5/S5052.DAT,0x47B78,0.11,요슈아,요슈아: 머지않아 네 앞에 욕망 때문이 아니라 싸우는 소년이 나타날 것이다.,,,,ヨシュア  / 近いうちにおまえの前に、 / 欲望の為でなく戦う少年が現れるだろう
5/S5052.DAT,0x47BD8,0.08,요슈아,요슈아: 방금 구한 목숨을 그 사람을 위해 써 주지 않겠는가?,,,,ヨシュア  / いま助けた命、その者の為に使つては / くれまいか？
5/S5052.DAT,0x47C2E,0.16,요슈아,요슈아: 그 소년은 빛의 정령을 찾아 동쪽 스메리아에서 올 것이다.,,,,ヨシュア  / その少年は、光の精霊を探して東の / スメリア国からやつてくるはすだ
5/S5052.DAT,0x47C90,0.12,,"욕심 없는 인간은 없다고 생각하네만... 뭐, 좋다. 약속은 못 하겠네.",,,,欲のない人聞なぞおらんと思うがのう<CTRL:E4:3D> / まあいい、約束はできんぞ
6/S6011.DAT,0x47FFC,0.09,,"촌가라, 그 수상한 일행에 관해서 가르쳐 줄 수 없나?",,,,チョンガラ、例の不思議な一団にかして教えてくれないか？
6/S6011.DAT,0x48052,0.11,,나도 남에게 들은 이야기라 자세히는 모르지만...,,,,わしも人から聞いた話なので / 詳しくは知らんが<CTRL:E4:0B>・<CTRL:E4:0B>・<CTRL:E4:0B>・<CTRL:E4:0B>。
6/S6012.DAT,0x47FA0,0.07,,어딘가 불안한데.,,,,なんだか、おつかないなっ。
6/S6012.DAT,0x47FE2,0.14,,"뭐, 어디에나 아군은 있는 법이지.",,,,なーに / どこにでも味方はおるもんじゃよ
6/S6012.DAT,0x48032,0.11,,그럼 할아버지가 말한 옛 영혼의 동료가 권법가들 가운데 있는 거야?,,,,じゃ、おじいさんの言う古の魂の仲聞が拳法使いの中にいるの？
6/S6012.DAT,0x48090,0.08,,그건 어떨까. 후후후.,,,,それはどうじゃろうな。 / <CTRL:E4:3D>ふふつ、ふふつ、ふふつ。
6/S6012.DAT,0x480F2,0.09,,이 항아리 영감까지 영혼의 동료라고 하잖아. 영감이 말하는 것도 믿을 수 없겠네.,,,,このつぼオヤジさえ / 魂の仲聞だつていつてるんだ、 / じじいの言つてるこも / あてになんねえな。
6/S6012.DAT,0x4815E,0.08,,"항아리 영감이라니, 나더러 하는 말이냐!?",,,,つぼオヤジとはわしのこか!？
6/S6012.DAT,0x481A6,0.10,,"뭐야, 한판 해 볼 테냐!",,,,なんだっ、やるんかこらっ!
6/S6012.DAT,0x48214,0.09,,어쨌든 그 절에 가 보자.,,,,とにかく、 / <CTRL:E4:3D>その寺に行つてみよう。
6/S6013.DAT,0x47FE8,0.33,초핀,초핀: 출발하시겠습니까?,그래도 떠나시겠습니까?,,6,チョピン  / 出発なさいますか？
6/S6013.DAT,0x48030,0.12,,|출발|그만,,,,<CTRL:E5:03>出発する / <CTRL:E5:03>出発しない
6/S6013.DAT,0x4807E,0.09,초핀,"초핀: 자, 타십시오.",,,,チョピン  / では、お乗り下さい。
6/S6013.DAT,0x480E0,0.09,,마침내 영혼으로 이어진 전사 네 명이 모였다는 말이지.,,,,やつと、魂でつながつた戦士が / 7人そろつたわけじゃ。
6/S6013.DAT,0x4813E,0.00,,뭐냐?,,,,何じゃ？
6/S6013.DAT,0x48176,0.62,,아무 말도 안 했잖아!,아무 말도 안했어!,,16,何も言つてねーじゃねえか!
6/S6013.DAT,0x481C6,0.17,,"고겐, 다음 목적지는?",,,,ゴーゲン、次の目的地は？
6/S6013.DAT,0x4822C,0.24,,돌은 다음 돌로 우리를 이끈다...,우리를 이끈건.... 나의 아버지!?,,11,石は次の石に我々を導く・・。<CTRL:E4:3D>
6/S6013.DAT,0x48290,0.17,,대지의 돌... 서방의 카데르 땅에 봉인된 바람의 힘.,,,,地の石  / <CTRL:E4:3D>・・・西<CTRL:E4:15>方<CTRL:E4:15>の<CTRL:E4:3D>・カー<CTRL:E4:15>デ<CTRL:E4:15>ルの<CTRL:E4:3D>・地に / <CTRL:E4:3D>・封<CTRL:E4:15>じ<CTRL:E4:3D>込<CTRL:E4:15>め<CTRL:E4:15>ら<CTRL:E4:15>れ<CTRL:E4:15>し<CTRL:E4:3D>・<CTRL:E4:15>風の<CTRL:E4:3D>力<CTRL:E4:3D>。
6/S6013.DAT,0x4834E,0.09,,"카데르라면 해마다 무투 대회가 있고, 그 상품이 바람의 오브라는 것이었던 걸로 기억하는데?",,,,カーデルなら、毎年武闘大会があつて、そこの賞品が / <G:90>風のオーフ<G:89>というものだつたように記憶しておるが？
6/S6013.DAT,0x483BE,0.15,,바람의 오브? 옛것은 아니로군... 들어 본 적이 없다.,,,,<G:90>風のオーフ<G:89>？古のものではないな・・・。 / <CTRL:E4:3D>聞いたことがない。
6/S6013.DAT,0x48424,0.09,,"좋아, 어쨌든 그 무술 대회에 가 보자.",,,,よし、とにかくその武闘大会に行つてみよう。
6/S6013.DAT,0x484A4,0.09,라마다 승려,라마다 승려: 앞으로 절은 수행의 장소로 널리 개방해 갈 생각입니다.,,,,ラマダ僧  / 以後、寺は修行の場として / 広く開放してゆくつもりです。
6/S6013.DAT,0x48500,0.08,라마다 승,라마다 승: 기회가 있으시면 꼭 들러 주십시오.,,,,ラマダ僧  / 機会があつたならば、 / ぜひお立ちより下さい。
6/S6013.DAT,0x485A2,0.21,초핀,초핀: 언제든 정비하여 기다리고 있습니다.,기다리고?,,11,チョピン  / いつでも整備してお待ちしております。
6/S6014.DAT,0x475F0,0.33,초핀,초핀: 출발하시겠습니까?,그래도 떠나시겠습니까?,,6,チョピン  / 出発なさいますか？
6/S6014.DAT,0x47638,0.12,,|출발|그만,,,,<CTRL:E5:03>出発する / <CTRL:E5:03>出発しない
6/S6014.DAT,0x47686,0.12,초핀,"초핀: 그럼, 이쪽으로.",,,,チョピン  / では、こちらへ
6/S6014.DAT,0x477A4,0.21,초핀,초핀: 언제든 정비하여 기다리고 있습니다.,기다리고?,,11,チョピン  / いつでも整備してお待ちしております。
6/S6014.DAT,0x47902,0.33,초핀,초핀: 출발하시겠습니까?,그래도 떠나시겠습니까?,,6,チョピン  / 出発なさいますか？
6/S6014.DAT,0x4794A,0.09,,|출발|그만|정보 2,,,,<CTRL:E5:03>出発する / <CTRL:E5:03>出発しない / <CTRL:E5:03>いろいろ教えて! その2
6/S6014.DAT,0x479AA,0.33,초핀,초핀: 출발하시겠습니까?,그래도 떠나시겠습니까?,,6,チョピン  / 出発なさいますか？
6/S6014.DAT,0x479F2,0.08,,|출발|그만|유용한 정보,,,,<CTRL:E5:03>出発する / <CTRL:E5:03>出発しない / <CTRL:E5:03>耳よりな話を聞きたい!
6/S6014.DAT,0x47A52,0.12,초핀,"초핀: 그럼, 이쪽으로.",,,,チョピン  / では、こちらへ
6/S6014.DAT,0x47B76,0.21,초핀,초핀: 언제든 정비하여 기다리고 있습니다.,기다리고?,,11,チョピン  / いつでも整備してお待ちしております。
6/S6014.DAT,0x47EA2,0.33,초핀,초핀: 출발하시겠습니까?,그래도 떠나시겠습니까?,,6,チョピン  / 出発なさいますか？
6/S6014.DAT,0x47EEA,0.12,,|출발|그만,,,,<CTRL:E5:03>出発する / <CTRL:E5:03>出発しない
6/S6014.DAT,0x47F38,0.12,초핀,"초핀: 그럼, 이쪽으로.",,,,チョピン  / では、こちらへ
6/S6014.DAT,0x48050,0.08,,이상한 간판이네...,,,,へんなカンバンね・・・
6/S6014.DAT,0x480DC,0.21,초핀,초핀: 언제든 정비하여 기다리고 있습니다.,기다리고?,,11,チョピン  / いつでも整備してお待ちしております。
6/S6014.DAT,0x48298,0.23,초핀,초핀: 무엇을 알고 싶으십니까?,"폐하, 괜찮으십니까?",아크,20,チョピン  / 何が知りたいですか？
6/S6014.DAT,0x482E2,0.09,,|전투 요령 2|유용한 정보|그만,,,,<CTRL:E5:03>バトルの心得 その2 / <CTRL:E5:03>耳よりな話 / <CTRL:E5:03>やつっり、いいや。
6/S6014.DAT,0x4834E,0.12,,|몬스터 상성|경험치|성장 조언|그만,,,,<CTRL:E5:03>モンスターとの相しょう / <CTRL:E5:03>経験値について / <CTRL:E5:03>成長のアトバイス / <CTRL:E5:03>やつっり、いいや。
6/S6014.DAT,0x483CE,0.10,초핀,초핀: 이쪽의 공격이 몬스터에게 통하지 않는 것은 레벨 차이 외에 상성이 나쁜 경우가 있기 때문입니다.,,,,チョピン  / こちらの攻撃がモンスターにきかないのはレベルの違い以外に、相しょうが悪い / 場合があります。
6/S6014.DAT,0x4843C,0.10,초핀,초핀: 예를 들어 마법을 사용하는 몬스터는 마법 공격에 강한 법입니다.,,,,チョピン  / 例えば、魔法を使用するモンスターは、 / 魔法攻撃には強いもんです。
6/S6014.DAT,0x4849E,0.11,초핀,초핀: 그 밖에 날아다니는 몬스터에게는 바람 마법이 잘 통하는 경우도 있습니다.,,,,チョピン  / 他には、飛んでいるモンスターには、 / 風の魔法がよくきくとかもあります。
6/S6014.DAT,0x48500,0.10,초핀,초핀: 싸움은 머리를 쓰지 않으면 안 됩니다. 힘만으로는 안 되는 법입니다.,,,,チョピン  / 戦いは頭を使わなきゃいけません。 / 力だけじゃだめなんですよ。
6/S6014.DAT,0x4855C,0.09,,말해 주는군.,,,,言つてくれるぜ。
6/S6014.DAT,0x485A2,0.12,초핀,초핀: 강한 상대를 정해 싸우면 그만큼 많은 경험을 쌓을 수 있습니다.,,,,チョピン  / 強い相手を選んで戦うと、それだけ多くの経験をつめます。
6/S6014.DAT,0x485FC,0.08,초핀,"초핀: 경험은 공격했을 때도, 공격받았을 때도 얻을 수 있습니다. 언제나 도전하는 마음으로 맞서 주십시오.",,,,チョピン  / 経験は、攻撃した時も、された時も / 得られます。 / いつもチャレンジする心で挑んで下さい。
6/S6014.DAT,0x4866A,0.13,,어딘가 조금 의욕이 나기 시작했어.,,,,なんだか、ちょつとやる気に / なつてきたな。
6/S6014.DAT,0x486B2,0.09,초핀,초핀: 다만 피해가 0인 경우에는 안 됩니다.,,,,チョピン  / ただし、 / ダメージが0の場合はだめですよ。
6/S6014.DAT,0x4874A,0.08,초핀,초핀: 동료가 늘어나면 전투에서의 역할에 따라 레벨 차이가 더 생기게 됩니다.,,,,チョピン  / 仲聞がふえてくると、戦闘での役わりに / よりレベルにさが出てきます。
6/S6014.DAT,0x487A8,0.10,초핀,초핀: 모든 사람이 공격에 알맞은 것은 아닙니다.,,,,チョピン  / すベての人が攻撃に向いているわけでは / ありません。
6/S6014.DAT,0x487FE,0.10,초핀,초핀: 캐릭터들의 방어력이 비슷한 수치가 되도록 신경 써 보시는 건 어떻겠습니까?,,,,チョピン  / キャラクターの防ご値が近い値になるように気をつけてみてはどうでしょう？
6/S6014.DAT,0x48860,0.11,초핀,초핀: 그러면 금방 당해 버리는 낙오자는 없어질 겁니다.,,,,チョピン  / きつと、 / すぐやられてしまう落ちこぼれは / いなくなりますよ。
6/S6014.DAT,0x488BE,0.10,,낙오자라니 누구를 말하는 게냐?,,,,落ちこぼれとは誰のことじゃ？
6/S6014.DAT,0x4890A,0.19,,|아라라토스 유적|미르마나의 이후|라마다 수행|그만,,,,<CTRL:E5:03>アララトスの遺跡ダンジョン / <CTRL:E5:03>ミルマーナのその後 / <CTRL:E5:03>ラマダ寺での修行 / <CTRL:E5:03>やつっり、いいや。
6/S6014.DAT,0x4898E,0.17,초핀,초핀: 아라라토스의 유적 던전은 상당히 층이 많은 모양입니다.,,,,チョピン  / アララトスの遺跡ダンジョンは / 相当に階層が深いようです。
6/S6014.DAT,0x489EC,0.10,초핀,"초핀: 그 안에는 몬스터가 지키고 있는, 그곳에서만 얻을 수 있는 액세서리도 있다고 들었습니다.",,,,チョピン  / なかには、モンスターに守られた、 / あそこにしかないアクセサリーもあると / 聞きます。
6/S6014.DAT,0x48A52,0.14,초핀,"초핀: 힘 시험도 할 겸, 때로는 가 보는 것도 좋지 않겠습니까?",,,,チョピン  / 力試しもかねて、時には行つてみるのも / よいのでは？
6/S6014.DAT,0x48AA8,0.07,,"그래, 너희 힘으로 보물을 계속 손에 넣는 게야!",,,,そうじゃ、おまえらの力で宝を / どんどん手に入れるんじゃ!
6/S6014.DAT,0x48AFA,0.07,,물론 손에 넣은 뒤에는 나에게 맡기거라. 크크크크크.,,,,もちろん、手に入れた後はわしにまかせんしゃい。 / キャッキャッキャッキャッ。
6/S6014.DAT,0x48B58,0.08,,맡길 리가 없잖아!,,,,まかせる訳ないでしょ!
6/S6014.DAT,0x48BA2,0.15,초핀,초핀: 토요케 숲의 베미의 정령을 기억하십니까?,,,,チョピン  / トヨーケの森のベみの精霊を / おぼえていますか？
6/S6014.DAT,0x48BF6,0.18,초핀,초핀: 그녀는 언제나 우리를 지켜봐 주고 있습니다.,,,,チョピン  / 彼女はいつも我々を見守つてくれて / います。
6/S6014.DAT,0x48C4A,0.09,초핀,"초핀: 미르마나에는 세 곳의 배틀 에어리어가 있다고 하니, 때로는 가서 이야기를 듣는 것도 좋겠습니다.",,,,チョピン  / ミルマーナには、3カ所バトルエリアが / あるこですし、時には行つて、 / 話を聞くのもよいでしょう。
6/S6014.DAT,0x48CB6,0.09,초핀,초핀: 가면 만능약을 받을 수 있는 모양입니다.,,,,チョピン  / 行くと万能薬をもらえるようですよ。
6/S6014.DAT,0x48D06,0.12,,친절하기도 하군.,,,,やさしいのう。
6/S6014.DAT,0x48D4C,0.07,초핀,초핀: 라마다에 남은 승려들은 절을 수행의 장소로 개방하고 있는 모양입니다.,,,,チョピン  / ラマダに残つた僧達は、 / 寺を修行の場として / 解放しているようです。
6/S6014.DAT,0x48DAE,0.09,초핀,초핀: 자신의 강함을 시험하고 싶어졌을 때 들러 보시는 건 어떻겠습니까?,,,,チョピン  / 自分の強さを試したくなつた場合に、 / 立ちよつてみてはどうでしょう。
6/S6014.DAT,0x48E10,0.04,,제자들아....,,,,弟子達よ・・・・。
6/S6014.DAT,0x48E58,0.11,초핀,초핀: 어느 것에 관해 말씀드릴까요?,,,,チョピン  / どれについてお話ししましょう？
6/S6014.DAT,0x48EB0,0.06,,|스톤 서클|링 위치 설정|소환수에 대해|다음 페이지,,,,<CTRL:E5:03>ストーンサークル / <CTRL:E5:03>リングの位置設定 / <CTRL:E5:03>召喚獣について / <CTRL:E5:03>次のページ
6/S6014.DAT,0x48F2C,0.07,,|포코의 악기|투기장|키토우올|그만,,,,<CTRL:E5:03>ポコの楽器 / <CTRL:E5:03>闘技場 / <CTRL:E5:03>キートウオール / <CTRL:E5:03>やつっりいいや。
6/S6014.DAT,0x48F9E,0.05,,|스톤 서클|링 위치 설정|소환수|다음 페이지,,,,<CTRL:E5:03>ストーンサークル / <CTRL:E5:03>リングの位置設定 / <CTRL:E5:03>召喚獣 / <CTRL:E5:03>次のページ
6/S6014.DAT,0x49016,0.06,,|포코의 악기|투기장|키토우올|다음 페이지,,,,<CTRL:E5:03>ポコの楽器 / <CTRL:E5:03>闘技場 / <CTRL:E5:03>キートウオール / <CTRL:E5:03>次のページ
6/S6014.DAT,0x49088,0.05,,|라마다사의 수행|로맨싱 스톤|장신구 비단 띠|그만,,,,<CTRL:E5:03>ラマダ寺の修行 / <CTRL:E5:03>ロマンシングストーン / <CTRL:E5:03>アクセサリー<G:90>きぬのおび<G:89> / <CTRL:E5:03>やつっりいいや。
6/S6014.DAT,0x49102,0.10,초핀,초핀: 고겐 님이 동료가 된 뒤에 오르카스 언덕의 스톤 서클에 가 보셨습니까?,,,,チョピン  / ゴーゲンさんが仲聞になつた後にオルカスの丘のストーンサークルへ行きましたか？
6/S6014.DAT,0x49166,0.11,초핀,초핀: 여기서는 어떤 아이템을 얻을 수 있습니다. 스톤 서클에서만 말이지요...,,,,チョピン  / ここでは、あるアイテムが手に入ります。ストーンサークルだけに・・。
6/S6014.DAT,0x491C6,0.05,초핀,초핀: 전투 중 자신의 턴에 스타트 버튼을 누르면 스테이터스를 볼 수 있지요.,,,,チョピン  / バトル中に、自分のターンで / スタートボタンをおすと / ステータスを見れますよね。
6/S6014.DAT,0x4922A,0.07,초핀,초핀: 그때 커서와  로 링 안의 기술을 고르고 아이콘의 위치를 바꾸어 놓을 수 있습니다.,,,,チョピン  / その時に、カーソルと<CTRL:E7:02>でリングの中の技を選んでアイコンの位置を変えられるんです。
6/S6014.DAT,0x49294,0.09,초핀,초핀: 이것은 한 번 바꾸면 저장되므로 언제나 사용할 수 있습니다.,,,,チョピン  / これは、一度変えるとセーフされるので / すつと使えますよ。
6/S6014.DAT,0x492F2,0.12,초핀,초핀: 소환수는 전부 합쳐 둘까지 있다고 들었습니다. 그중에는 찾기 어려운 것도 있는 모양이니 여기저기 찾아 보십시오.,,,,チョピン  / 召喚獣は全部で6までなると聞いております。中には見つかりにくいものもいるようなのであちこち探してみて下さい。
6/S6014.DAT,0x4936C,0.09,초핀,초핀: 포코 님의 악기는 전부 여섯 개라고 들었습니다. 모두 찾으면 상당히 강한 부대가 될 수 있겠군요.,,,,チョピン  / ポコ様の楽器は、全部で8つになると聞いております。全部見つかると、かなり強い兵隊になれそうですね。
6/S6014.DAT,0x493E2,0.10,초핀,초핀: 그 뒤의 투기장에서는 배틀에서 이긴 수를 세고 있는 모양입니다.,,,,チョピン  / その後の闘技場では、バトルに勝つた数を数えているみたいですね。
6/S6014.DAT,0x4943E,0.09,초핀,초핀: 분명 좋은 일이 있을 테니 힘내서 기록을 세워 주십시오.,,,,チョピン  / きつと、いいことがありますから / がんばつて記ろくを作つて下さい。
6/S6014.DAT,0x4949E,0.08,초핀,초핀: 고겐 님의 키토우올 마법의 불에 큰 폭탄을 던져 넣으면 대폭발이 일어난다고 합니다.,,,,チョピン  / ゴーゲン様のキートウオールの魔法の火に<G:90>大きな爆弾<G:89>を投げ込むと大爆発が / 起こるそうです。
6/S6014.DAT,0x49512,0.12,초핀,초핀: 몬스터가 많은 곳에서 써 보시는 건 어떻겠습니까?,,,,チョピン  / モンスターの多いところで使つてみては / どうでしょう。
6/S6014.DAT,0x4956C,0.07,초핀,"초핀: 라마다사에서는 등급을 두고 수행을 하고 있는 모양인데, 그것을 모두 끝내면 얻을 수 있는 액세서리가 있는 모양입니다.",,,,チョピン  / ラマダ寺では、ランクを設けて修行を行つているようですが、その全てを終えると手に入るアクセサリーがあるようです。
6/S6014.DAT,0x495E2,0.12,초핀,초핀: 다만 라마다사에서 받을 수 있는 것은 아닌 모양입니다만...,,,,チョピン  / ただ、ラマダ寺でもらえるわけではないようですが・・・。
6/S6014.DAT,0x4963E,0.13,초핀,"초핀: 로맨싱 스톤이 있는 곳을 알아냈습니다. 하나는 스메리아의 토우빌, 하나는 아라라토스의 유적 던전,",,,,チョピン  / ロマンシングストーンのある場所がわかりました。1つはスメリアのトウヴィル / 1つはアララトスの遺跡ダンジョン、
6/S6014.DAT,0x496B2,0.11,초핀,"초핀: 하나는 고겐 님이, 마지막 하나는 아크 님의 아버님이 가지고 계신 모양입니다.",,,,チョピン  / 1つはゴーゲン様が、最後の1つはアークさんの父上が持つてらつしゃつたみたいですね。
6/S6014.DAT,0x4971C,0.08,초핀,초핀: 전투에서 경험치가 두 배가 되는 장신구가 있는 모양입니다. 이름은 비단 띠. 누구나 쓸 수 있는 것 같군요.,,,,チョピン  / 戦闘での経験値が倍になるアクセサリーがあるようです。名前は<G:90>きぬのおび<G:89>。 / 誰でも使えるようですね。
6/S6021.DAT,0x48498,0.17,,"봐 봐, 방향 전환의 피리를 손에 넣었어.",,,,みてみて / <G:90>向き直りの笛<G:89>を手にいれちゃつた
6/S6021.DAT,0x485C4,0.18,,이런 괴물에게 마음대로 이용당하고 있었다니...,,,,こんな化け物にいいように利用されていたなんて<CTRL:E4:15>・<CTRL:E4:15>・<CTRL:E4:15>・
6/S6021.DAT,0x4861C,0.07,,목적을 잊고 단련하여 강해지는 일에만 집착한 마음을 몬스터가 파고든 거구나.,,,,目的を忘れ、鍛えて強くなるこだけに執着した心に、モンスターがつけこんだのね。
6/S6021.DAT,0x48684,0.06,,그럼 우선 라마다 산까지 안내를 받아 볼까.,,,,では、<CTRL:E4:0B>ますラマダ山まで案内してもらおうかのう
6/S6022.DAT,0x47A14,0.07,,"이 나라에 2천 년 동안 전해 내려오는 권법을 쓰는 집단으로, 라마다교라는 가르침 아래 수행에 힘쓰는 승려들인 모양이야.",,,,この国に2000年聞 / うけつがれている拳法を使う集団で / ラマダ教という教えのもとで / 修行にはげむ僧達らしい。
6/S6022.DAT,0x47A62,0.06,,그곳에서의 수련을 견딘 자는 강철처럼 강인한 몸과 기라는 것을 써서,,,,そこでの修練にたえた者は / はがねのように強じんな体と / <G:90>気<G:89>というものを使つて
6/S6022.DAT,0x47A9C,0.13,,"동료에게 피해를
줄 수 있는 모양이야.",,,,連れた者にダメージを / 与えることができるらしい。
6/S6022.DAT,0x47AC4,0.10,,"어쨌든 인간 병기로서
두려움의 대상이라는 이야기야.",,,,なんでも、人聞兵器として / 恐れられているつていう話じゃ。
6/S6031.DAT,0x478E4,0.16,승정,승정: 그자들이 이쪽으로 오고 있는 듯합니다.,,,,僧正  / 例のヤツらが、こちらに向かつて / いるようです。
6/S6031.DAT,0x47944,0.09,대승정,대승정: 목적은 라마다 산 정령의 구출인가......,,,,大僧正  / 目的はラマダ山の精霊の救出か / <CTRL:E4:3D>・・・・・。
6/S6031.DAT,0x479AC,0.07,승정,"승정: 결국은 살과 피를 지닌 인간일 뿐, 두려워할 것은 없겠지요.",,,,僧正  / しょせん生身の人聞 / 恐るるに足らんじゃろう。
6/S6031.DAT,0x47A1A,0.10,승정,승정: 그자들을 우습게 보지 않는 편이 좋습니다. 어딘가 큰 힘이 느껴집니다.,,,,僧正  / やつらをあまくみない方がいい / なにやら大きな力を感じる。
6/S6031.DAT,0x47A7E,0.40,대승정,대승정: 이가를 불러라.,흐음! 이가를 불러오거라!,,15,大僧正  / イーガを呼ベ。
6/S6031.DAT,0x47AEA,0.45,,"부르셨습니까, 대승정님.","부르셨습니까, 장군?",정체불명의 인물,7,お呼びでしょうか大僧正様。
6/S6031.DAT,0x47B2A,0.08,대승정,"대승정: 이가여, 우리가 지켜 온 라마다 산정의 대경전을 빼앗으러 오는 자들이 있다.",,,,大僧正  / イーガよ、我等の守りつづけるラマダ山頂の大経典(だいきょうてん)を奪いにくるものがいる。
6/S6031.DAT,0x47B96,0.07,대승정,대승정: 네 주먹으로 없애 버려 주겠느냐.,,,,大僧正  / おまえの拳で消し去つてはくれぬか。
6/S6031.DAT,0x47BE6,0.09,,우리조차 돌아온 적 없는 라마다 산에 들어가려 하다니.,,,,我々でさえ帰つたことのない / ラマダ山に入ろうとは。
6/S6031.DAT,0x47C34,0.13,대승정,대승정: 대경전이 밖으로 나가면 봉인의 기술이 드러나 무서운 일이 벌어진다.,,,,大僧正  / 大経典を持ち出されれば / 封印の技が明らかになり / 恐ろしいこになる。
6/S6031.DAT,0x47C98,0.11,대승정,대승정: 부탁한다.,,,,大僧正  / 頼んだぞ。
6/S6031.DAT,0x47CD8,0.80,,알겠습니다.,네 알겠습니다.,정체불명의 인물,7,承知。
6/S6032.DAT,0x47994,0.21,,"대승정님, 드릴 말씀이 있습니다.",실례하오나 장관님. 보고드릴 것이 있습니다.,,8,大僧正様、<CTRL:E4:3D>お話がございます。
6/S6032.DAT,0x479DE,0.13,대승정,대승정: 무슨 소리를 하는 게냐! 그들이 누구인지는 네게 전했을 터이다.,,,,大僧正  / 何を言つておるのだ! / その者達が何者かはお前に伝えたはす。
6/S6032.DAT,0x47A36,0.10,대승정,대승정: 그자들을 데리고 이 방에 들어온다는 것은 우리를 배신하는 것과 같다. 알겠느냐?!,,,,大僧正  / そヤツらを連れてこの部屋に入つてくるというこは、我らを裏切ることとるが、 / よいか!？
6/S6032.DAT,0x47AA2,0.10,,무슨 말씀이십니까? 저는 그저 이 절의 가르침이...,,,,何をおつしゃいますか？ / <CTRL:E4:3D>ただ私はこの寺の教えが・・。
6/S6032.DAT,0x47AF8,0.12,,아무것도 보이지 않는다고 생각하는 거야? 더러운 짓은 그만두세요.,,,,何もみえてないと思つているの？みつともないまねは / およしなさい。
6/S6032.DAT,0x47B62,0.10,,거울에 비친 당신의 모습은 대승정도 무엇도 아닌 그저 몬스터야!,,,,鏡に映るあなたの姿は / 大僧正でもなんでもない / ただのモンスターよ!
6/S6032.DAT,0x47C38,0.00,대승정,대승정: 베에엑!,,,,大僧正  / ベャー!<CTRL:E4:29>
6/S6032.DAT,0x47C94,0.14,,이 아래는 도장이야!,,,,この下は道場だ!
6/S6041.DAT,0x48626,0.12,,이것이 본산의 모습이란 말인가...,,,,これが、<CTRL:E4:3D> / 本山の姿なのか・・。
6/S6041.DAT,0x4867E,0.11,,분명 대승정이 몬스터에게 자리를 빼앗긴 때 망가진 거겠지.,,,,きつと大僧正がモンスターに / 取つて代わられた時に、 / 荒らされたんでしょうね。
6/S6041.DAT,0x486E6,0.14,,경전도 없는 건가.,,,,経典も無いのか。
6/S6041.DAT,0x48724,0.07,,그런 것에 의지하니 안 되는 거다!,,,,そんなもんに頼つとるからいかんのだ!
6/S6041.DAT,0x487C0,0.06,대지의 정령,대지의 정령: 라마다의 기술은 대지와 대기의 힘을 기로 내보내는 기술. 대지에 대한 감사로 비로소 가능해지는 것이다.,,,,地の精霊  / ラマダの技は / 大地と大気の力を<G:90>気<G:89>として出す技 / 大地への感謝によつて可能になるものだ。
6/S6041.DAT,0x4882E,0.07,땅의 정령,땅의 정령: 그것을 모양만 따라 하며 계승하니 이렇게 되어 버린 게다.,,,,地の精霊  / それを、小手先ばかりまねて / 継承(けいしょう)するからこうなつて / しまう。
6/S6041.DAT,0x488A2,0.36,,당신은 땅의 정령?,당신은 땅의 가디언이군.,,16,あなたは地の精霊？
6/S6041.DAT,0x488DE,0.11,대지의 정령,대지의 정령: 그렇다. 이 기술은 인간끼리 다투기 위해 내려 준 것이 아니다.,,,,地の精霊  / いかにも / <CTRL:E4:3D>この技は、人聞同士の争いこのために / 授けたのではない。
6/S6041.DAT,0x48940,0.06,대지의 정령,"대지의 정령: 자신들이 마시는 공기, 먹는 것과 마찬가지로 어느새 당연히 자기들이 얻는 것이라 여기기에 어긋나기 시작하는 것이다.",,,,地の精霊  / 自分達がすう空気、食ベる物と同じ様に / いつの聞にか、当然自分達が得られるものと思い込むからゆがみ始める。
6/S6041.DAT,0x489C2,0.11,땅의 정령,땅의 정령: 너희 인간만을 위한 것은 아무것도 없다.,,,,地の精霊  / おまえら人聞だけのためのものなど / 何もないんじゃ。
6/S6041.DAT,0x48A16,0.14,땅의 정령,땅의 정령: 있는 것은 이 세상에 사는 모든 것이 함께 나누는 것뿐이다.,,,,地の精霊  / あるのは、 / この世界に生きるもの全てが / 分かちあうものばかりじゃ。
6/S6041.DAT,0x48A76,0.12,대지의 정령,대지의 정령: 이것을 잊지 말거라. 그 약속 아래 대지의 돌을 주겠다.,,,,地の精霊  / このこを、忘れるでないぞ / その約束のもとに<G:90>地の石<G:89>を渡そう。
6/S6041.DAT,0x48B1A,0.16,,대지의 돌을 손에 넣었다.,,,,<G:90>地の石<G:89>を手に入れた。
6/S6041.DAT,0x48B6C,0.20,땅의 정령,땅의 정령: 우리는 언제나 지켜보고 있다.,우리는 동일한 경로를 걷고 있다고.,,10,地の精霊  / わしらはいつでも見ているぞ。
6/S6051.DAT,0x47AB4,0.09,,여기가 라마다사인가...,,,,これがラマダ寺か・・。
6/S6051.DAT,0x47AF6,0.11,,듣자 하니 이곳을 지나가는 것 말고는 라마다 산으로 들어가는 길이 없다고 해.,,,,話ではここを通る以外に / ラマダ山への入り口は / ないというこだ。
6/S6051.DAT,0x47BA8,0.06,,라마다 산의 경전을 원하는 모양이다만 산 안에는 한 걸음도 들여놓을 수 없다.,,,,ラマダ山の経典を欲しいらしいが山の中には一歩も入れるわけにはいかん。
6/S6051.DAT,0x47C04,0.15,,경전? 우리는 산에 사는 정령과 이야기하고 싶을 뿐이다.,,,,経典？<CTRL:E4:3D> / 我々は山に住む精霊と話をしたいだけだ。
6/S6051.DAT,0x47C56,0.08,,이 지경이 되고도 아직 거짓말을 하는가. 대승정님께서는 모든 것을 다 보고 계신다.,,,,この期に及んでまだ嘘をつくのかこちらは大僧正様が / 何もかもお見通しだ。
6/S6051.DAT,0x47CB2,0.13,,무슨 말을 해도 소용없는 모양이네.,,,,何を言つてもむだのようね。
6/S6051.DAT,0x47CF4,0.09,,"우리도 좀 사정이 있어서 말이야, 양보할 수는 없네.",,,,我々も、ちとわけありでのう / ゆするわけにはいかんのじゃ。
6/S6051.DAT,0x47D48,0.08,,하지만 여기서 싸우면 우리도 필사적이다. 아마 많은 사람이 죽겠지.,,,,しかし / ここで闘えばわしらも必死じゃ / おそらく多くの死人が出る / じゃろう。
6/S6051.DAT,0x47DB6,0.11,,우리 승병은 죽음을 두려워하지 않는다!,,,,我が僧兵は死など恐れん!
6/S6051.DAT,0x47DF8,0.20,,뭐 그리 흥분하지 마라.,걱정하지 마.,아크,6,まあそうあつくなるな。
6/S6051.DAT,0x47E46,0.18,,이 소년과 자네가 일대일 승부를 하는 건 어떻겠나?,,,,この少年とお主で一対一の勝負をするというのはどうじゃ？
6/S6051.DAT,0x47E9A,0.17,,그가 지면 우리는 조용히 돌아가겠다. 하지만 우리가 이긴다면 우리 이야기를 들어 주게.,,,,彼が負ければ我々はおとなしく / 帰ろう。 / しかし我々が勝つた場合は / わしらの話を聞いてもらおう。
6/S6051.DAT,0x47F14,0.07,,좋다. 잔꾀를 부릴 생각은 말거라.,,,,よかろう<CTRL:E4:3D><CTRL:E4:3D> / 小ざかしいこを考えるでないぞ。
6/S6052.DAT,0x4792C,0.12,제자,제자: 라마다 산의 상황은 어떻습니까?,,,,弟子  / ラマダ山の様子はどうですか？
6/S6053.DAT,0x47A66,0.24,,저도 동행하게 해 주시겠습니까?,그래도 떠나시겠습니까?,,6,私も、同行させては / もらえまいか？
6/S6053.DAT,0x47AAE,0.11,,"제가 삼십 년 동안 잃어버린 것을, 여러분과 여행하며 되찾을 수 있을 것 같습니다.",,,,自分が30年聞で、失つてしまつたものを、あなたがたと旅することで取り戻せそうな気がする。
6/S6053.DAT,0x47B12,0.08,,이쪽으로서도 든든하긴 한데...,,,,こつちとしても頼もしいんだけど・・・。
6/S6053.DAT,0x47B62,0.10,,잘 부탁하네.,,,,よろしくたのむ。
6/S6053.DAT,0x47BB4,0.12,,나는 이분들과 동행하기로 했다.,,,,私はこの方達と / 同行することにした。
6/S6053.DAT,0x47BFC,0.08,,이곳은 어느새 사악한 절이 되어 버렸다. 이제 여기서 가르칠 것은 아무것도 없다.,,,,ここはいつの聞にか、いまわしい寺となつてしまつた。 / もうここで教えることは / 何もない。
6/S6053.DAT,0x47C60,0.10,,이제부터는 각자 자신의 길을 찾아가면 좋겠다.,,,,これからは、それぞれ自分達の道を探していくといい。
6/S6053.DAT,0x47CBC,0.10,제자,제자: 이가 사범님. 우리 안에 있는 것이 사악한 가르침뿐은 아닙니다.,,,,弟子  / イーガ師匠(しはん)。 / 我らの中にあるのは邪悪な教えだけではありません。
6/S6053.DAT,0x47D2E,0.10,제자,제자: 당신은 우리에게 자신의 잘못을 바로잡는 것을 두려워하지 않는 용기를 가르쳐 주셨습니다.,,,,弟子  / あなたは我らに / 自分の聞違いを正すこを恐れない / 勇気を教えてくれました。
6/S6053.DAT,0x47D9E,0.14,제자,제자: 스승님이 돌아오실 때까지 이 절은 우리가 지키겠습니다.,,,,弟子  / 師匠がお戻りになるまで / この寺は我らが守つております。
6/S6053.DAT,0x47E32,0.20,,고마워...,고마워. 다시 만나도록 하자.,아크,21,<CTRL:E4:3D>ありがとう・・・<CTRL:E4:3D>。
6/S6053.DAT,0x47E7A,0.09,,나는 이 사람들과의 여행이 끝나면 다시 이곳으로 돌아와 처음부터 다시 시작하고 싶어.,,,,私はこの人達との旅の後<CTRL:E4:3D> / 再びここに戻り<CTRL:E4:3D> / 一からやり直したいと思う。<CTRL:E4:79>
6/S6053.DAT,0x47EDA,0.09,,뒤를 부탁해!,,,,<CTRL:E4:3D>後を頼む!<CTRL:E4:3D><CTRL:E4:3D>
6/S6054.DAT,0x45002,0.00,,|초핀|초비|초스케|초카라,,,,<CTRL:E5:03>チョピン / <CTRL:E5:03>チョビン / <CTRL:E5:03>チョースケ / <CTRL:E5:03>チョンガラ
6/S6054.DAT,0x4506E,0.00,라마다 승,라마다 승: 정답!!,,,,ラマダ僧  / 正解!!
6/S6054.DAT,0x450AC,0.22,라마다 승,라마다 승: 스파이는 어디에 있었지?,이상하군..군대는 어디에 있는 거지?,아크,4,ラマダ僧  / スパイはどこにいた？
6/S6054.DAT,0x450F6,0.18,,|밀마|스메|아라라|카델,,,,<CTRL:E5:03>ミルマーナ / <CTRL:E5:03>スメリア / <CTRL:E5:03>アララトス / <CTRL:E5:03>カーデル
6/S6054.DAT,0x45160,0.00,라마다 승,라마다 승: 정답!!,,,,ラマダ僧  / 正解!!
6/S6054.DAT,0x4519E,0.08,라마다 승,라마다 승: 세이브 데이터의 심벌이 되어 있는 것은?,,,,ラマダ僧  / セーフデータのシンボルになつているのは？
6/S6054.DAT,0x451F4,0.33,,|아크|쿠쿠루|다다|헤모,"아크, 쿠쿠루. 키스한다.",,21,<CTRL:E5:03>アーク / <CTRL:E5:03>ククル / <CTRL:E5:03>タイトルロゴ / <CTRL:E5:03>へモジー
6/S6054.DAT,0x4525C,0.00,라마다 승,라마다 승: 정답!!,,,,ラマダ僧  / 正解!!
6/S6054.DAT,0x4529A,0.10,라마다 승,라마다 승: 스메리아의 다운타운에 있는 네 녀석의 이름은?,,,,ラマダ僧  / スメリアのダウンタウンにいるよつっらいの名前は？
6/S6054.DAT,0x452F2,0.05,,|오카|야모|야오|시타,,,,<CTRL:E5:03>オカモト / <CTRL:E5:03>ヤマモト / <CTRL:E5:03>ヤマオキ / <CTRL:E5:03>ヤマシタ
6/S6054.DAT,0x4535A,0.00,라마다 승,라마다 승: 정답!!,,,,ラマダ僧  / 正解!!
6/S6054.DAT,0x45398,0.20,라마다 승,라마다 승: 아크 더 래드의 속편은?,(아크더래드2에서 안델이 열었던 그 봉인..),,5,ラマダ僧  / アークザラットのぞくへんは？
6/S6054.DAT,0x453E6,0.06,,|예|아마|확실|고민,,,,<CTRL:E5:03>でる / <CTRL:E5:03>でるかも / <CTRL:E5:03>でるのでは / <CTRL:E5:03>なやむ
6/S6054.DAT,0x4544A,0.11,라마다 승,라마다 승: 정답!! 정말이냐?,,,,ラマダ僧  / 正解!!本当だな？
6/S6054.DAT,0x4548E,0.19,라마다 승,라마다 승: 아크 더 래드의 스태프는?,,,,ラマダ僧  / アークザラットのスタッフは？
6/S6054.DAT,0x454DC,0.07,,|10|200|20|고민,,,,<CTRL:E5:03>150人 / <CTRL:E5:03>200人 / <CTRL:E5:03>250人 / <CTRL:E5:03>なやむ
6/S6054.DAT,0x45542,0.00,라마다 승,라마다 승: 정답!!,,,,ラマダ僧  / 正解!!
6/S6054.DAT,0x45580,0.05,라마다 승려,라마다 승려: 수도의 군 오피스에는 사실 지하 50층 던전이...,,,,ラマダ僧  / 首都の軍オフィスには、実は地下50階のダンジョンが・・
6/S6054.DAT,0x455E0,0.05,,|있음|없음|제작|여행,,,,<CTRL:E5:03>ある / <CTRL:E5:03>ない / <CTRL:E5:03>作りたかつた / <CTRL:E5:03>行きたかつた
6/S6054.DAT,0x45648,0.00,라마다 승,라마다 승: 정답!!,,,,ラマダ僧  / 正解!!
6/S6054.DAT,0x45686,0.10,라마다 승,라마다 승: 유적 던전의 가장 아래에 있는 것은?,,,,ラマダ僧  / 遺跡ダンジョンの一番下にいるものは？
6/S6054.DAT,0x456DA,0.14,,|저|그|어|비밀,,,,<CTRL:E5:03>あれ / <CTRL:E5:03>それ / <CTRL:E5:03>どれ / <CTRL:E5:03>ないしょ
6/S6054.DAT,0x4573A,0.00,라마다 승,라마다 승: 정답!!,,,,ラマダ僧  / 正解!!
6/S6054.DAT,0x45778,0.08,라마다 승려,라마다 승려: 라마다 절에서 문이 열렸을 때 안에 보이는 사람의 수는?,,,,ラマダ僧  / ラマダ寺でとびらが開いたときに中に見える人の数は？
6/S6054.DAT,0x45836,0.00,라마다 승,라마다 승: 정답!!,,,,ラマダ僧  / 正解!!
6/S6054.DAT,0x45874,0.18,라마다 승,라마다 승: 스톤 서클에서 촌가라가 찾은 아이템은?,,,,ラマダ僧  / ストーンサークルでチョンガラが見つけたアイテムは？
6/S6054.DAT,0x458CE,0.06,,|대단함|고장|찌그러진|달라붙음,,,,<CTRL:E5:03>すごいアイテム / <CTRL:E5:03>こわれたアイテム / <CTRL:E5:03>つぶれたアイテム / <CTRL:E5:03>ねばねば
6/S6054.DAT,0x45940,0.00,라마다 승,라마다 승: 정답!!,,,,ラマダ僧  / 正解!!
6/S6054.DAT,0x4597E,0.03,라마다 승,라마다 승: 초코의 머리카락 빛은?,,,,ラマダ僧  / ちょこのかみのけのいろは？
6/S6054.DAT,0x459CA,0.08,,|황금|갈|빨강|누구?,,,,<CTRL:E5:03>きいろ / <CTRL:E5:03>わけあつてちゃいろ / <CTRL:E5:03>本当はあか / <CTRL:E5:03>それはだれ？
6/S6054.DAT,0x45A38,0.00,라마다 승,라마다 승: 정답!!,,,,ラマダ僧  / 正解!!
6/S6054.DAT,0x45A80,0.00,라마다 승,라마다 승: 대정답!!,,,,ラマダ僧  / 大正解!!
6/S6054.DAT,0x45AC8,0.07,라마다 승,라마다 승: 내 문제를 모두 맞힌 건 네가 처음이다. 상으로 이걸 주마.,,,,ラマダ僧  / 私のもんだいに全て正解したのはおまえが初めてだ。ほうびにこれをやろう。
6/S6054.DAT,0x45B2C,0.07,라마다 승,라마다 승: 내 문제를 모두 맞힌 건 네가 두 번째다. 상으로 이걸 주마.,,,,ラマダ僧  / 私のもんだいに全て正解したのはおまえが2人めだ。ほうびにこれをやろう。
6/S6054.DAT,0x45BAA,0.25,,고대의 반지를 받았습니다.,예! .......... 찾았습니다.,군인들,21,<G:90>古代のゆびわ<G:89>をもらいました。
6/S6054.DAT,0x45BF4,0.12,,그런데 이미 가지고 있지 않느냐? 놀리지 마라.,,,,と思つたが、もう持つているではないか？ひやかすでない。
6/S6054.DAT,0x45C42,0.09,,"이 세계에는 정령의 돌 말고도, 모두 모으면 효과가 나타나는 돌이 하나 더 있다고 들었다.",,,,この世界には、精霊の石ともう一つ、全て集めることによつて効果があらわれる石があると聞く。
6/S6054.DAT,0x45CA6,0.07,,그 돌은 모험가들을 위험에서 구해 줄 위대한 힘이 될 것이다.,,,,その石は、ぼうけんしゃたちを危険からすくう、大いなる力となるであろう。
6/S6054.DAT,0x45D02,0.15,라마다 승,라마다 승: 늘 목적을 가지고 행동하는 게 좋다.,,,,ラマダ僧  / 常に目的を持つて行動するがよい。
6/S6054.DAT,0x45D52,0.10,라마다 승,"라마다 승: 그건 틀렸지만, 노력은 인정해 주마.",,,,ラマダ僧  / それはまちがいだが、がんばりはみとめよう。
6/S6054.DAT,0x45DA0,0.10,라마다 승,라마다 승: 그러니 이걸 주마.,,,,ラマダ僧  / よつて、これをあげよう。
6/S6054.DAT,0x45DEA,0.38,,돌을 받았습니다.,예! .......... 찾았습니다.,군인들,21,<G:90>石<G:89>をもらいました。
6/S6054.DAT,0x45E2E,0.09,라마다 승,라마다 승: 수행이 부족한 모양이구나. 다시 해 보는 게 좋겠다.,,,,ラマダ僧  / 修行が足りないようだ。 / 出直してくるがよい。
6/S6054.DAT,0x45F00,0.20,라마다 승,라마다 승: 정말 잘했습니다. 이것을 드리겠습니다.,네 알겠습니다.,정체불명의 인물,7,ラマダ僧  / よくがんばりましたね。これをさし上げましょう。
6/S6054.DAT,0x45F6E,0.23,,환수의 어금니를 받았습니다.,예! .......... 찾았습니다.,군인들,21,<G:90>幻獣の牙<G:89>をもらいました。
6/S6054.DAT,0x45FDC,0.11,라마다 승려,라마다 승려: 이거 이거. 그린 슬라임 버스터 여러분.,,,,ラマダ僧  / これはこれは。 / グリーンスライムバスターのかたがた。
6/S6054.DAT,0x46032,0.06,라마다 승려,라마다 승려: 이거 이거. 엘리멘탈 버스터 여러분.,,,,ラマダ僧  / これはこれは。 / エレメンタルバスターのかたがた。
6/S6054.DAT,0x46088,0.11,라마다 승려,라마다 승려: 이거 이거. 톨 마스터 버스터 여러분.,,,,ラマダ僧  / これはこれは。 / トールマスターバスターのかたがた。
6/S6054.DAT,0x460DE,0.06,라마다 승려,라마다 승려: 이거 이거. 자이언트 배트 버스터 여러분.,,,,ラマダ僧  / これはこれは。 / ジャイアントバットバスターのかたがた。
6/S6054.DAT,0x46136,0.07,라마다 승려,라마다 승려: 이거 이거. 프리지 버스터 여러분.,,,,ラマダ僧  / これはこれは。 / フリージーバスターのかたがた。
6/S6054.DAT,0x4618A,0.06,라마다 승려,라마다 승려: 이거 이거. 야생 헤모지 버스터 여러분.,,,,ラマダ僧  / これはこれは。 / 野生へモジーバスターのかたがた。
6/S6054.DAT,0x461E2,0.06,라마다 승려,라마다 승려: 이거 이거. 뱀파이어 배트 버스터 여러분.,,,,ラマダ僧  / これはこれは。 / ヴァンパイアバットバスターのかたがた。
6/S6054.DAT,0x4623C,0.06,라마다 승려,라마다 승려: 이거 이거. 데스 플레임 버스터 여러분.,,,,ラマダ僧  / これはこれは。 / デスフレイムバスターのかたがた。
6/S6054.DAT,0x46290,0.07,라마다 승려,라마다 승려: 이거 이거. 광대 버스터 여러분.,,,,ラマダ僧  / これはこれは。 / 道化師バスターのかたがた。
6/S6054.DAT,0x462E4,0.10,라마다 승려,라마다 승려: 이거 이거. 애시드 슬라임 버스터 여러분.,,,,ラマダ僧  / これはこれは。 / アシットスライムバスターのかたがた。
6/S6054.DAT,0x4633A,0.10,라마다 승려,라마다 승려: 이거 이거. 엘리멘탈 마스터 버스터 여러분.,,,,ラマダ僧  / これはこれは。 / エレメンタルマスターバスターのかたがた。
6/S6054.DAT,0x46394,0.14,라마다 승,라마다 승: 처음 도전하시는군요. 그러면 우선 몸풀기부터 하도록 하지요.,,,,ラマダ僧  / 初めての挑戦ですね。それでは、ますは小手調ベということで。
6/S6054.DAT,0x463F0,0.12,라마다 승,라마다 승: 힘내 주십시오.,,,,ラマダ僧  / がんばつて下さい。
6/S6054.DAT,0x46440,0.13,라마다 승,라마다 승: 두 번째 도전이시군요. 그러면 이 정도는 어떻겠습니까?,,,,ラマダ僧  / 2度目の挑戦ですね。それでは、これくらいのところでどうでしょうか？
6/S6054.DAT,0x4649C,0.12,라마다 승,라마다 승: 힘내 주십시오.,,,,ラマダ僧  / がんばつて下さい。
6/S6054.DAT,0x464EC,0.13,라마다 승,라마다 승: 세 번째 도전이시군요. 그러면 이 정도는 어떻겠습니까?,,,,ラマダ僧  / 3度目の挑戦ですね。それでは、これくらいのところでどうでしょうか？
6/S6054.DAT,0x46548,0.12,라마다 승,라마다 승: 힘내 주십시오.,,,,ラマダ僧  / がんばつて下さい。
6/S6054.DAT,0x46598,0.08,라마다 승,라마다 승: 네 번째 도전이시군요. 아직은 이 정도겠지요?,,,,ラマダ僧  / 4度目の挑戦ですね。まだまだ、こんなところでしょうか？
6/S6054.DAT,0x465EE,0.12,라마다 승,라마다 승: 힘내 주십시오.,,,,ラマダ僧  / がんばつて下さい。
6/S6054.DAT,0x4663E,0.07,라마다 승,라마다 승: 다섯 번째 도전이시군요. 슬슬 진심으로 싸워 주십시오.,,,,ラマダ僧  / 5度目の挑戦ですね。そろそろ、本気で闘つて下さい。
6/S6054.DAT,0x46692,0.12,라마다 승,라마다 승: 힘내 주십시오.,,,,ラマダ僧  / がんばつて下さい。
6/S6054.DAT,0x466E2,0.10,라마다 승,라마다 승: 두 번째 도전이시군요.,,,,ラマダ僧  / 6度目の挑戦ですね。
6/S6054.DAT,0x46728,0.12,라마다 승,라마다 승: 힘내 주십시오.,,,,ラマダ僧  / がんばつて下さい。
6/S6054.DAT,0x46778,0.07,라마다 승,"라마다 승: 네 번째 도전이시군요. 슬슬 힘들어지셨겠지만, 힘내시는군요.",,,,ラマダ僧  / 7度目の挑戦ですね。そろそろつらくなつてきたでしょうが、がんばりますね。
6/S6054.DAT,0x467D8,0.12,라마다 승,라마다 승: 힘내 주십시오.,,,,ラマダ僧  / がんばつて下さい。
6/S6054.DAT,0x46828,0.12,라마다 승,라마다 승: 여섯 번째 도전이시군요. 그러면 이 정도는 어떻겠습니까?,,,,ラマダ僧  / 8度目の挑戦ですね。それでは、これくらいのところでどうでしょうか？
6/S6054.DAT,0x46884,0.12,라마다 승,라마다 승: 힘내 주십시오.,,,,ラマダ僧  / がんばつて下さい。
6/S6054.DAT,0x468D4,0.11,라마다 승,라마다 승: 9번째 도전이군요. 그럼 이쯤에서 어떠십니까?,,,,ラマダ僧  / 9度目の挑戦ですね。それでは、これくらいのところでどうでしょうか？
6/S6054.DAT,0x46930,0.12,라마다 승,라마다 승: 힘내 주십시오.,,,,ラマダ僧  / がんばつて下さい。
6/S6054.DAT,0x46980,0.13,라마다 승,라마다 승: 열 번째 도전이시군요. 그러면 이 정도는 어떻겠습니까?,,,,ラマダ僧  / 10度目の挑戦ですね。それでは、これくらいのところでどうでしょうか？
6/S6054.DAT,0x469DE,0.12,라마다 승,라마다 승: 힘내 주십시오.,,,,ラマダ僧  / がんばつて下さい。
6/S6054.DAT,0x46A2E,0.11,라마다 승,라마다 승: 열한 번째 도전이시군요. 일단 이것으로 마지막입니다.,,,,ラマダ僧  / 11度目の挑戦ですね。いちおう、これで最後になります。
6/S6054.DAT,0x46A86,0.12,라마다 승,라마다 승: 힘내 주십시오.,,,,ラマダ僧  / がんばつて下さい。
6/S6054.DAT,0x46AD6,0.12,,더는 상대할 사람이 없습니다. 모처럼이지만 물러나 주십시오.,,,,もう相手になるものがいません。せつかくですがお引きとり下さい。
7/S7011.DAT,0x47FEE,0.33,초핀,초핀: 출발하시겠습니까?,그래도 떠나시겠습니까?,,6,チョピン  / 出発なさいますか？
7/S7011.DAT,0x48036,0.12,,|출발|그만,,,,<CTRL:E5:03>出発する / <CTRL:E5:03>出発しない
7/S7011.DAT,0x4808C,0.09,초핀,"초핀: 자, 타십시오.",,,,チョピン  / では、お乗り下さい。
7/S7011.DAT,0x480EC,0.07,,"정말이지, 영감님 노망에는 마음이 조마조마하다니까.",,,,まつたく、爺いのぼけにも / 冷や冷やさせられるぜ。
7/S7011.DAT,0x48158,0.09,,알고 있는 건지 모르고 있는 건지 구별이 안 가는 점이 곤란하단 말이야.,,,,わかつてるんだか / わかつてないんだか / 区別がつかない所が / 困るのよね。
7/S7011.DAT,0x481C4,0.00,,"후훗, 후훗, 후훗, 후훗",,,,<CTRL:E4:29>ふふつ、<CTRL:E4:15>ふふつ、<CTRL:E4:15>ふふつ、ふふつ
7/S7011.DAT,0x4821A,0.17,,"고겐, 다음 목적지는?",,,,ゴーゲン、次の目的地は？
7/S7011.DAT,0x48280,0.24,,돌은 다음 돌로 우리를 이끈다...,우리를 이끈건.... 나의 아버지!?,,11,石は次の石に我々を導く・・。<CTRL:E4:3D>
7/S7011.DAT,0x482E4,0.17,,바람의 돌... 사막의 아리바샤 땅에서 잊힌 물의 힘.,,,,風の石  / <CTRL:E4:3D>・・・砂<CTRL:E4:15>漠<CTRL:E4:15>の<CTRL:E4:3D>・ア<CTRL:E4:15>リ<CTRL:E4:15>バ<CTRL:E4:15>ー<CTRL:E4:15>シャ<CTRL:E4:15>の<CTRL:E4:3D>・地で / <CTRL:E4:3D>・忘れ<CTRL:E4:15>ら<CTRL:E4:15>れ<CTRL:E4:15>し<CTRL:E4:3D>・<CTRL:E4:15>水の<CTRL:E4:3D>力<CTRL:E4:3D>。
7/S7011.DAT,0x48396,0.10,,이번에는 나라밖에 모르는 건가... 어쨌든 가 보고 나서 생각하자.,,,,今回は、国しかわからないか・・<CTRL:E4:3D> / とにかく行つてみてから考えよう。
7/S7011.DAT,0x4847E,0.21,초핀,초핀: 언제든 정비하여 기다리고 있습니다.,기다리고?,,11,チョピン  / いつでも整備してお待ちしております。
7/S7012.DAT,0x47014,0.15,,지금 콜로세움에서는 무투 대회를 열고 있습니다.,,,,ただいまコロシアムでは、 / 武闘大会を開さいしております。
7/S7012.DAT,0x47066,0.10,,곧 개회사가 시작됩니다. 서둘러 주십시오.,,,,まもなく開会のあいさつが始まります。 / お急ぎ下さい。
7/S7012.DAT,0x47A2C,0.33,초핀,초핀: 출발하시겠습니까?,그래도 떠나시겠습니까?,,6,チョピン  / 出発なさいますか？
7/S7012.DAT,0x47A74,0.09,,|출발|그만|정보 2,,,,<CTRL:E5:03>出発する / <CTRL:E5:03>出発しない / <CTRL:E5:03>いろいろ教えて! その2
7/S7012.DAT,0x47AD4,0.33,초핀,초핀: 출발하시겠습니까?,그래도 떠나시겠습니까?,,6,チョピン  / 出発なさいますか？
7/S7012.DAT,0x47B1C,0.08,,|출발|그만|유용한 정보,,,,<CTRL:E5:03>出発する / <CTRL:E5:03>出発しない / <CTRL:E5:03>耳よりな話を聞きたい!
7/S7012.DAT,0x47B7C,0.12,초핀,"초핀: 그럼, 이쪽으로.",,,,チョピン  / では、こちらへ
7/S7012.DAT,0x47CA6,0.21,초핀,초핀: 언제든 정비하여 기다리고 있습니다.,기다리고?,,11,チョピン  / いつでも整備してお待ちしております。
7/S7012.DAT,0x47D90,0.23,초핀,초핀: 무엇이 알고 싶으십니까?,"폐하, 괜찮으십니까?",아크,20,チョピン  / 何が知りたいですか？
7/S7012.DAT,0x47DDA,0.09,,|전투 요령 2|유용한 정보|그만,,,,<CTRL:E5:03>バトルの心得 その2 / <CTRL:E5:03>耳よりな話 / <CTRL:E5:03>やつっり、いいや。
7/S7012.DAT,0x47E46,0.12,,|몬스터 상성|경험치|성장 조언|그만,,,,<CTRL:E5:03>モンスターとの相しょう / <CTRL:E5:03>経験値について / <CTRL:E5:03>成長のアトバイス / <CTRL:E5:03>やつっり、いいや。
7/S7012.DAT,0x47EC6,0.10,초핀,초핀: 이쪽의 공격이 몬스터에게 통하지 않는 것은 레벨 차이 외에 상성이 나쁜 경우가 있기 때문입니다.,,,,チョピン  / こちらの攻撃がモンスターにきかないのはレベルの違い以外に、相しょうが悪い / 場合があります。
7/S7012.DAT,0x47F34,0.10,초핀,초핀: 예를 들어 마법을 사용하는 몬스터는 마법 공격에 강한 법입니다.,,,,チョピン  / 例えば、魔法を使用するモンスターは、 / 魔法攻撃には強いもんです。
7/S7012.DAT,0x47F96,0.11,초핀,초핀: 그 밖에 날아다니는 몬스터에게는 바람 마법이 잘 통하는 경우도 있습니다.,,,,チョピン  / 他には、飛んでいるモンスターには、 / 風の魔法がよくきくとかもあります。
7/S7012.DAT,0x47FF8,0.10,초핀,초핀: 싸움은 머리를 쓰지 않으면 안 됩니다. 힘만으로는 안 되는 법입니다.,,,,チョピン  / 戦いは頭を使わなきゃいけません。 / 力だけじゃだめなんですよ。
7/S7012.DAT,0x48054,0.09,,말해 주는군.,,,,言つてくれるぜ。
7/S7012.DAT,0x4809A,0.12,초핀,초핀: 강한 상대를 정해 싸우면 그만큼 많은 경험을 쌓을 수 있습니다.,,,,チョピン  / 強い相手を選んで戦うと、それだけ多くの経験をつめます。
7/S7012.DAT,0x480F4,0.08,초핀,"초핀: 경험은 공격했을 때도, 공격받았을 때도 얻을 수 있습니다. 언제나 도전하는 마음으로 맞서 주십시오.",,,,チョピン  / 経験は、攻撃した時も、された時も / 得られます。 / いつもチャレンジする心で挑んで下さい。
7/S7012.DAT,0x48162,0.13,,어딘가 조금 의욕이 나기 시작했어.,,,,なんだか、ちょつとやる気に / なつてきたな。
7/S7012.DAT,0x481AA,0.09,초핀,초핀: 다만 피해가 0인 경우에는 안 됩니다.,,,,チョピン  / ただし、 / ダメージが0の場合はだめですよ。
7/S7012.DAT,0x48242,0.08,초핀,초핀: 동료가 늘어나면 전투에서의 역할에 따라 레벨 차이가 더 생기게 됩니다.,,,,チョピン  / 仲聞がふえてくると、戦闘での役わりに / よりレベルにさが出てきます。
7/S7012.DAT,0x482A0,0.10,초핀,초핀: 모든 사람이 공격에 알맞은 것은 아닙니다.,,,,チョピン  / すベての人が攻撃に向いているわけでは / ありません。
7/S7012.DAT,0x482F6,0.10,초핀,초핀: 캐릭터들의 방어력이 비슷한 수치가 되도록 신경 써 보시는 건 어떻겠습니까?,,,,チョピン  / キャラクターの防ご値が近い値になるように気をつけてみてはどうでしょう？
7/S7012.DAT,0x48358,0.11,초핀,초핀: 그러면 금방 당해 버리는 낙오자는 없어질 겁니다.,,,,チョピン  / きつと、 / すぐやられてしまう落ちこぼれは / いなくなりますよ。
7/S7012.DAT,0x483B6,0.10,,낙오자라니 누구를 말하는 게냐?,,,,落ちこぼれとは誰のことじゃ？
7/S7012.DAT,0x48402,0.19,,|아라라토스 유적|미르마나의 이후|라마다 수행|그만,,,,<CTRL:E5:03>アララトスの遺跡ダンジョン / <CTRL:E5:03>ミルマーナのその後 / <CTRL:E5:03>ラマダ寺での修行 / <CTRL:E5:03>やつっり、いいや。
7/S7012.DAT,0x48486,0.17,초핀,초핀: 아라라토스의 유적 던전은 상당히 층이 많은 모양입니다.,,,,チョピン  / アララトスの遺跡ダンジョンは / 相当に階層が深いようです。
7/S7012.DAT,0x484E4,0.10,초핀,"초핀: 그 안에는 몬스터가 지키고 있는, 그곳에서만 얻을 수 있는 액세서리도 있다고 들었습니다.",,,,チョピン  / なかには、モンスターに守られた、 / あそこにしかないアクセサリーもあると / 聞きます。
7/S7012.DAT,0x4854A,0.14,초핀,"초핀: 힘 시험도 할 겸, 때로는 가 보는 것도 좋지 않겠습니까?",,,,チョピン  / 力試しもかねて、時には行つてみるのも / よいのでは？
7/S7012.DAT,0x485A0,0.07,,"그래, 너희 힘으로 보물을 계속 손에 넣는 게야!",,,,そうじゃ、おまえらの力で宝を / どんどん手に入れるんじゃ!
7/S7012.DAT,0x485F2,0.07,,물론 손에 넣은 뒤에는 나에게 맡기거라. 크크크크크.,,,,もちろん、手に入れた後はわしにまかせんしゃい。 / キャッキャッキャッキャッ。
7/S7012.DAT,0x48650,0.08,,맡길 리가 없잖아!,,,,まかせる訳ないでしょ!
7/S7012.DAT,0x4869A,0.15,초핀,초핀: 토요케 숲의 베미의 정령을 기억하십니까?,,,,チョピン  / トヨーケの森のベみの精霊を / おぼえていますか？
7/S7012.DAT,0x486EE,0.18,초핀,초핀: 그녀는 언제나 우리를 지켜봐 주고 있습니다.,,,,チョピン  / 彼女はいつも我々を見守つてくれて / います。
7/S7012.DAT,0x48742,0.09,초핀,"초핀: 미르마나에는 세 곳의 배틀 에어리어가 있다고 하니, 때로는 가서 이야기를 듣는 것도 좋겠습니다.",,,,チョピン  / ミルマーナには、3カ所バトルエリアが / あるこですし、時には行つて、 / 話を聞くのもよいでしょう。
7/S7012.DAT,0x487AE,0.09,초핀,초핀: 가면 만능약을 받을 수 있는 모양입니다.,,,,チョピン  / 行くと万能薬をもらえるようですよ。
7/S7012.DAT,0x487FE,0.12,,친절하기도 하군.,,,,やさしいのう。
7/S7012.DAT,0x48844,0.07,초핀,초핀: 라마다에 남은 승려들은 절을 수행의 장소로 개방하고 있는 모양입니다.,,,,チョピン  / ラマダに残つた僧達は、 / 寺を修行の場として / 解放しているようです。
7/S7012.DAT,0x488A6,0.09,초핀,초핀: 자신의 강함을 시험하고 싶어졌을 때 들러 보시는 건 어떻겠습니까?,,,,チョピン  / 自分の強さを試したくなつた場合に、 / 立ちよつてみてはどうでしょう。
7/S7012.DAT,0x48908,0.04,,제자들아....,,,,弟子達よ・・・・。
7/S7012.DAT,0x48950,0.11,초핀,초핀: 어느 것에 관해 말씀드릴까요?,,,,チョピン  / どれについてお話ししましょう？
7/S7012.DAT,0x489A8,0.06,,|스톤 서클|링 위치 설정|소환수에 대해|다음 페이지,,,,<CTRL:E5:03>ストーンサークル / <CTRL:E5:03>リングの位置設定 / <CTRL:E5:03>召喚獣について / <CTRL:E5:03>次のページ
7/S7012.DAT,0x48A24,0.07,,|포코의 악기|투기장|키토우올|그만,,,,<CTRL:E5:03>ポコの楽器 / <CTRL:E5:03>闘技場 / <CTRL:E5:03>キートウオール / <CTRL:E5:03>やつっりいいや。
7/S7012.DAT,0x48A96,0.05,,|스톤 서클|링 위치 설정|소환수|다음 페이지,,,,<CTRL:E5:03>ストーンサークル / <CTRL:E5:03>リングの位置設定 / <CTRL:E5:03>召喚獣 / <CTRL:E5:03>次のページ
7/S7012.DAT,0x48B0E,0.06,,|포코의 악기|투기장|키토우올|다음 페이지,,,,<CTRL:E5:03>ポコの楽器 / <CTRL:E5:03>闘技場 / <CTRL:E5:03>キートウオール / <CTRL:E5:03>次のページ
7/S7012.DAT,0x48B80,0.05,,|라마다사의 수행|로맨싱 스톤|장신구 비단 띠|그만,,,,<CTRL:E5:03>ラマダ寺の修行 / <CTRL:E5:03>ロマンシングストーン / <CTRL:E5:03>アクセサリー<G:90>きぬのおび<G:89> / <CTRL:E5:03>やつっりいいや。
7/S7012.DAT,0x48BFA,0.10,초핀,초핀: 고겐 님이 동료가 된 뒤에 오르카스 언덕의 스톤 서클에 가 보셨습니까?,,,,チョピン  / ゴーゲンさんが仲聞になつた後にオルカスの丘のストーンサークルへ行きましたか？
7/S7012.DAT,0x48C5E,0.11,초핀,초핀: 여기서는 어떤 아이템을 얻을 수 있습니다. 스톤 서클에서만 말이지요...,,,,チョピン  / ここでは、あるアイテムが手に入ります。ストーンサークルだけに・・。
7/S7012.DAT,0x48CBE,0.05,초핀,초핀: 전투 중 자신의 턴에 스타트 버튼을 누르면 스테이터스를 볼 수 있지요.,,,,チョピン  / バトル中に、自分のターンで / スタートボタンをおすと / ステータスを見れますよね。
7/S7012.DAT,0x48D22,0.07,초핀,초핀: 그때 커서와  로 링 안의 기술을 고르고 아이콘의 위치를 바꾸어 놓을 수 있습니다.,,,,チョピン  / その時に、カーソルと<CTRL:E7:02>でリングの中の技を選んでアイコンの位置を変えられるんです。
7/S7012.DAT,0x48D8C,0.09,초핀,초핀: 이것은 한 번 바꾸면 저장되므로 언제나 사용할 수 있습니다.,,,,チョピン  / これは、一度変えるとセーフされるので / すつと使えますよ。
7/S7012.DAT,0x48DEA,0.12,초핀,초핀: 소환수는 전부 합쳐 둘까지 있다고 들었습니다. 그중에는 찾기 어려운 것도 있는 모양이니 여기저기 찾아 보십시오.,,,,チョピン  / 召喚獣は全部で6までなると聞いております。中には見つかりにくいものもいるようなのであちこち探してみて下さい。
7/S7012.DAT,0x48E64,0.09,초핀,초핀: 포코 님의 악기는 전부 여섯 개라고 들었습니다. 모두 찾으면 상당히 강한 부대가 될 수 있겠군요.,,,,チョピン  / ポコ様の楽器は、全部で8つになると聞いております。全部見つかると、かなり強い兵隊になれそうですね。
7/S7012.DAT,0x48EDA,0.10,초핀,초핀: 그 뒤의 투기장에서는 배틀에서 이긴 수를 세고 있는 모양입니다.,,,,チョピン  / その後の闘技場では、バトルに勝つた数を数えているみたいですね。
7/S7012.DAT,0x48F36,0.09,초핀,초핀: 분명 좋은 일이 있을 테니 힘내서 기록을 세워 주십시오.,,,,チョピン  / きつと、いいことがありますから / がんばつて記ろくを作つて下さい。
7/S7012.DAT,0x48F96,0.08,초핀,초핀: 고겐 님의 키토우올 마법의 불에 큰 폭탄을 던져 넣으면 대폭발이 일어난다고 합니다.,,,,チョピン  / ゴーゲン様のキートウオールの魔法の火に<G:90>大きな爆弾<G:89>を投げ込むと大爆発が / 起こるそうです。
7/S7012.DAT,0x4900A,0.12,초핀,초핀: 몬스터가 많은 곳에서 써 보시는 건 어떻겠습니까?,,,,チョピン  / モンスターの多いところで使つてみては / どうでしょう。
7/S7012.DAT,0x49064,0.07,초핀,"초핀: 라마다사에서는 등급을 두고 수행을 하고 있는 모양인데, 그것을 모두 끝내면 얻을 수 있는 액세서리가 있는 모양입니다.",,,,チョピン  / ラマダ寺では、ランクを設けて修行を行つているようですが、その全てを終えると手に入るアクセサリーがあるようです。
7/S7012.DAT,0x490DA,0.12,초핀,초핀: 다만 라마다사에서 받을 수 있는 것은 아닌 모양입니다만...,,,,チョピン  / ただ、ラマダ寺でもらえるわけではないようですが・・・。
7/S7012.DAT,0x49136,0.13,초핀,"초핀: 로맨싱 스톤이 있는 곳을 알아냈습니다. 하나는 스메리아의 토우빌, 하나는 아라라토스의 유적 던전,",,,,チョピン  / ロマンシングストーンのある場所がわかりました。1つはスメリアのトウヴィル / 1つはアララトスの遺跡ダンジョン、
7/S7012.DAT,0x491AA,0.11,초핀,"초핀: 하나는 고겐 님이, 마지막 하나는 아크 님의 아버님이 가지고 계신 모양입니다.",,,,チョピン  / 1つはゴーゲン様が、最後の1つはアークさんの父上が持つてらつしゃつたみたいですね。
7/S7012.DAT,0x49214,0.08,초핀,초핀: 전투에서 경험치가 두 배가 되는 장신구가 있는 모양입니다. 이름은 비단 띠. 누구나 쓸 수 있는 것 같군요.,,,,チョピン  / 戦闘での経験値が倍になるアクセサリーがあるようです。名前は<G:90>きぬのおび<G:89>。 / 誰でも使えるようですね。
7/S7021.DAT,0x47D58,0.03,,변경?|변경|유지,,,,こうたいしようか？ / <CTRL:E5:03>こうたいする / <CTRL:E5:03>こうたいしない
7/S7021.DAT,0x47E66,0.03,,변경?|변경|유지,,,,こうたいしようか？ / <CTRL:E5:03>こうたいする / <CTRL:E5:03>こうたいしない
7/S7021.DAT,0x47F74,0.03,,변경?|변경|유지,,,,こうたいしようか？ / <CTRL:E5:03>こうたいする / <CTRL:E5:03>こうたいしない
7/S7021.DAT,0x48082,0.03,,변경?|변경|유지,,,,こうたいしようか？ / <CTRL:E5:03>こうたいする / <CTRL:E5:03>こうたいしない
7/S7021.DAT,0x48190,0.03,,변경?|변경|유지,,,,こうたいしようか？ / <CTRL:E5:03>こうたいする / <CTRL:E5:03>こうたいしない
7/S7021.DAT,0x4829E,0.03,,변경?|변경|유지,,,,こうたいしようか？ / <CTRL:E5:03>こうたいする / <CTRL:E5:03>こうたいしない
7/S7021.DAT,0x483AC,0.03,,변경?|변경|유지,,,,こうたいしようか？ / <CTRL:E5:03>こうたいする / <CTRL:E5:03>こうたいしない
7/S7021.DAT,0x48448,0.17,,아이템이 있습니다. 약초를 발견했습니다.,,,,アイテムがあります。 / <G:90>薬草<G:89>を見つけました。
7/S7021.DAT,0x48498,0.12,,여기 있던 것은 이미 주웠다.,,,,ここにあつたものはもうひろいました。
7/S7021.DAT,0x484E2,0.12,대회 위원,"대회 위원: 아아, 바쁘다 바빠.",,,,大会委員  / ああいそがしい、いそがしい。
7/S7021.DAT,0x48530,0.08,대회 위원,대회 위원: 출전 희망자가 많아서 큰일입니다.,,,,大会委員  / 出場希望者が多くて大変です。
7/S7021.DAT,0x48582,0.12,출전자,출전자: 내가 나가는 이상 바람의 오브는 받아 놓은 거나 마찬가지지.,,,,出場者  / おれが出るからには、<G:90>風のオーフ<G:89>はもらつたようなものだな。
7/S7021.DAT,0x485DE,0.06,출전자,출전자: 토르노 데 반코는 강하다. 어지간해서는 이길 수 없어.,,,,出場者  / <G:90>トルノ・デ・バンコ<G:89>は強い。 / ちょつとやそつとでは勝てないぞ。
7/S7021.DAT,0x48640,0.15,출전자,출전자: 더 강한 녀석은 없는 거야?,,,,出場者  / もつと強いやつはいないのか？
7/S7021.DAT,0x48D26,0.08,,출전할까요?|출전|그만,,,,大会委員  / 参加なさいますか？ / <CTRL:E5:03>参加する / <CTRL:E5:03>参加しない
7/S7021.DAT,0x48D8C,0.22,대회 위원,대회 위원: 그렇습니까.,"부르셨습니까, 장군?",정체불명의 인물,7,大会委員  / そうですか。
7/S7021.DAT,0x48DD0,0.12,대회 위원,대회 위원: 내 뒤에 서지 마십시오. 어떻게 되어도 책임지지 않습니다.,,,,大会委員  / 私の後ろに立たないで下さい。 / どうなつても知りませんよ。
7/S7021.DAT,0x48E32,0.25,대회 위원,대회 위원: 어느 분이 참가하시겠습니까?,그래도 떠나시겠습니까?,,6,大会委員  / どなたが参加なさいますか？
7/S7021.DAT,0x48EA4,0.27,,|아크|쿠쿠루|토슈|다음 페이지,"아크, 쿠쿠루. 키스한다.",,21,<CTRL:E5:03>アーク / <CTRL:E5:03>ククル / <CTRL:E5:03>トッシュ / <CTRL:E5:03>次のページ / 
7/S7021.DAT,0x48F16,0.07,,맞나?|예|아니오,,,,<CTRL:E2:01>さんですね。 / <CTRL:E5:03>はい / <CTRL:E5:03>まちがえました / 
7/S7021.DAT,0x48F82,0.07,,맞나?|예|아니오,,,,<CTRL:E2:02>さんですね。 / <CTRL:E5:03>はい / <CTRL:E5:03>まちがえました / 
7/S7021.DAT,0x48FEE,0.07,,맞나?|예|아니오,,,,<CTRL:E2:03>さんですね。 / <CTRL:E5:03>おう / <CTRL:E5:03>まちがえたぜ / 
7/S7021.DAT,0x4908E,0.09,,|포코|고겐|이가|다음 페이지,,,,<CTRL:E5:03>ポコ / <CTRL:E5:03>ゴーゲン / <CTRL:E5:03>イーガ / <CTRL:E5:03>次のページ / 
7/S7021.DAT,0x49102,0.07,,맞나?|예|아니오,,,,<CTRL:E2:04>さんですね。 / <CTRL:E5:03>うん / <CTRL:E5:03>やつっりやだ / 
7/S7021.DAT,0x4916C,0.07,,맞나?|예|아니오,,,,<CTRL:E2:05>さんですね。 / <CTRL:E5:03>やる / <CTRL:E5:03>やめるわい / 
7/S7021.DAT,0x491D0,0.00,,맞나?|예,,,,<CTRL:E2:06>さんですね。 / <CTRL:E5:03>うむ
7/S7021.DAT,0x4921C,0.16,,|촌가라|다음 페이지|그만두기|밖으로 나가기,,,,<CTRL:E5:03>チョンガラ / <CTRL:E5:03>次のページ / <CTRL:E5:03>やつっりやめる / <CTRL:E5:03>外に出る
7/S7021.DAT,0x4929E,0.07,,맞나?|예|아니오,,,,<CTRL:E2:08>さんですね。 / <CTRL:E5:03>わしかい / <CTRL:E5:03>いやじゃ / 
7/S7021.DAT,0x49316,0.06,안내 방송,안내 방송: 곧 대회 주최자이신 록토르 님의 인사말이 시작됩니다.,,,,アナウンス  / まもなく、大会の主さい者である / ロクトール様からの / あいさつが始まります。
7/S7021.DAT,0x4947A,0.11,안내 방송,안내 방송: 곧 참가자 접수를 마감합니다. 서둘러 주십시오.,,,,アナウンス  / 聞もなく参加者の受付をしめ切ります。 / お急ぎ下さい。
7/S7022.DAT,0x47CC8,0.10,대회 위원,대회 위원: 1회전에 참가하실 분은  씨입니다. 본인께서 나와 주십시오.,,,,大会委員  / 1回戦に参加されるのは<CTRL:E2:01>さんです。ご本人がおねがいします。
7/S7022.DAT,0x47D22,0.10,대회 위원,대회 위원: 1회전에 참가하실 분은  씨입니다. 본인께서 나와 주십시오.,,,,大会委員  / 1回戦に参加されるのは<CTRL:E2:02>さんです。ご本人がおねがいします。
7/S7022.DAT,0x47D7C,0.10,대회 위원,대회 위원: 1회전에 참가하실 분은  씨입니다. 본인께서 나와 주십시오.,,,,大会委員  / 1回戦に参加されるのは<CTRL:E2:03>さんです。ご本人がおねがいします。
7/S7022.DAT,0x47DD6,0.10,대회 위원,대회 위원: 1회전에 참가하실 분은  씨입니다. 본인께서 나와 주십시오.,,,,大会委員  / 1回戦に参加されるのは<CTRL:E2:04>さんです。ご本人がおねがいします。
7/S7022.DAT,0x47E30,0.10,대회 위원,대회 위원: 1회전에 참가하실 분은  씨입니다. 본인께서 나와 주십시오.,,,,大会委員  / 1回戦に参加されるのは<CTRL:E2:05>さんです。ご本人がおねがいします。
7/S7022.DAT,0x47E8A,0.10,대회 위원,대회 위원: 1회전에 참가하실 분은  씨입니다. 본인께서 나와 주십시오.,,,,大会委員  / 1回戦に参加されるのは<CTRL:E2:06>さんです。ご本人がおねがいします。
7/S7022.DAT,0x47EE4,0.10,대회 위원,대회 위원: 1회전에 참가하실 분은  씨입니다. 본인께서 나와 주십시오.,,,,大会委員  / 1回戦に参加されるのは<CTRL:E2:08>さんです。ご本人がおねがいします。
7/S7022.DAT,0x47FCE,0.03,,변경?|변경|유지,,,,こうたいしようか？ / <CTRL:E5:03>こうたいする / <CTRL:E5:03>こうたいしない
7/S7022.DAT,0x480DC,0.03,,변경?|변경|유지,,,,こうたいする？ / <CTRL:E5:03>こうたいする / <CTRL:E5:03>こうたいしない
7/S7022.DAT,0x481E8,0.03,,변경?|변경|유지,,,,おれかい？ / <CTRL:E5:03>こうたいする / <CTRL:E5:03>こうたいしない
7/S7022.DAT,0x482F2,0.03,,변경?|변경|유지,,,,ぼくかな？ / <CTRL:E5:03>こうたいする / <CTRL:E5:03>こうたいしない
7/S7022.DAT,0x483FC,0.03,,변경?|변경|유지,,,,わしかね？ / <CTRL:E5:03>こうたいする / <CTRL:E5:03>こうたいしない
7/S7022.DAT,0x48506,0.03,,변경?|변경|유지,,,,かわるか？ / <CTRL:E5:03>こうたいする / <CTRL:E5:03>こうたいしない
7/S7022.DAT,0x48610,0.03,,변경?|변경|유지,,,,こうたいしようかね？ / <CTRL:E5:03>こうたいする / <CTRL:E5:03>こうたいしない
7/S7022.DAT,0x486AE,0.17,,아이템이 있습니다. 약초를 발견했습니다.,,,,アイテムがあります。 / <G:90>薬草<G:89>を見つけました。
7/S7022.DAT,0x486FE,0.12,,여기에 있던 것은 이미 주웠다.,,,,ここにあつたものはもうひろいました
7/S7022.DAT,0x48748,0.14,대회 위원,"대회 위원: 아아, 한가해. 오늘은 왜 이렇게 한가한 거지?",,,,大会委員  / ああひまだ、今日はどうしてこんなにひまなんだ。
7/S7022.DAT,0x487A0,0.12,대회 위원,대회 위원: 동료들이 일을 떠넘겨서 힘듭니다.,,,,大会委員  / 仲聞に仕こをおしつけられて、大変です。
7/S7022.DAT,0x487F6,0.25,출전자,출전자: 바람의 오브를 손에 넣은 자에게는 반드시 불행이 찾아온다고 들었다.,마침내 바람의 오브를 손에 넣었군.,,17,出場者  / <G:90>風のオーフ<G:89>を手に入れた者には / 必す不幸がおとすれると聞く。
7/S7022.DAT,0x48852,0.08,출전자,출전자: 그런데도 손에 넣고 싶어 하는 건 그만큼 탐나기 때문인가.,,,,出場者  / それでも手に入れたいと考えるのは / その欲しさゆえか。
7/S7022.DAT,0x488AA,0.09,,불행이 어쨌다는 거야.,,,,不幸がなんだつてんだ。
7/S7022.DAT,0x488F0,0.07,출전자,출전자: 라마다사에서 수행하면 뭐시기 버스터라는 칭호를 받을 수 있는 모양이야.,,,,出場者  / ラマダ寺で修行すると、なんとかばすたーとかいうしょうごうがもらえるらしいぞ。
7/S7022.DAT,0x48956,0.16,출전자,출전자: 오늘은 몸이 안 좋으니 내일 하자.,,,,出場者  / 今日は調子が悪いから明日にしよう。
7/S7022.DAT,0x489B6,0.11,,1회전 준비?|예|아직입니다,,,,大会委員  / 1回戦の準備はいいですか？ / <CTRL:E5:03>はい / <CTRL:E5:03>まだです
7/S7022.DAT,0x48A1E,0.08,대회 위원,대회 위원: 빨리 준비하고 오십시오.,,,,大会委員  / 早く準備をしてきて下さい。
7/S7022.DAT,0x48A6C,0.12,대회 위원,대회 위원: 내 뒤에 서지 마십시오. 어떻게 되어도 책임지지 않습니다.,,,,大会委員  / 私の後ろに立たないで下さい。どうなつても知りませんよ。
7/S7022.DAT,0x48ACC,0.20,대회 위원,대회 위원: 투기장으로 들어가십시오.,아크. 성으로 들어간다.,,3,大会委員  / 闘技場へ入つて下さい。
7/S7022.DAT,0x49196,0.13,,처음부터?|다시|계속,,,,エントリーをやりなおしますか。 / <CTRL:E5:03>やりなおす / <CTRL:E5:03>つづける
7/S7023.DAT,0x47D58,0.03,,변경?|변경|유지,,,,こうたいしようか？ / <CTRL:E5:03>こうたいする / <CTRL:E5:03>こうたいしない
7/S7023.DAT,0x47E66,0.03,,변경?|변경|유지,,,,こうたいする？ / <CTRL:E5:03>こうたいする / <CTRL:E5:03>こうたいしない
7/S7023.DAT,0x47F72,0.03,,변경?|변경|유지,,,,かわつてやろうか？ / <CTRL:E5:03>こうたいする / <CTRL:E5:03>こうたいしない
7/S7023.DAT,0x48080,0.03,,변경?|변경|유지,,,,ぼくとかわる？ / <CTRL:E5:03>こうたいする / <CTRL:E5:03>こうたいしない
7/S7023.DAT,0x4818C,0.03,,변경?|변경|유지,,,,わしか？ / <CTRL:E5:03>こうたいする / <CTRL:E5:03>こうたいしない
7/S7023.DAT,0x48296,0.03,,변경?|변경|유지,,,,かわるか？ / <CTRL:E5:03>こうたいする / <CTRL:E5:03>こうたいしない
7/S7023.DAT,0x483A0,0.03,,변경?|변경|유지,,,,こうたいするかい？ / <CTRL:E5:03>こうたいする / <CTRL:E5:03>こうたいしない
7/S7023.DAT,0x4843C,0.17,,아이템이 있습니다. 약초를 발견했습니다.,,,,アイテムがあります。 / <G:90>薬草<G:89>を見つけました。
7/S7023.DAT,0x4848C,0.12,,여기 있던 것은 이미 주웠다.,,,,ここにあつたものはもうひろいました。
7/S7023.DAT,0x484D6,0.12,대회 위원,"대회 위원: 아아, 바쁘다 바빠.",,,,大会委員  / ああいそがしい、いそがしい。
7/S7023.DAT,0x48524,0.07,대회 위원,대회 위원: 오늘은 동료에게 일을 떠넘겨 버렸지. 덕분에 느긋하게 있을 수 있어.,,,,大会委員  / 今日は仲聞に仕こをおしつけてやつたよ。おかげでゆつくりできる。
7/S7023.DAT,0x48588,0.12,출전자,"출전자: 이 세계에는 대지의 돌, 물의 돌, 불의 돌, 바람의 돌, 빛의 돌이라는 돌이 있어서,",,,,出場者  / この世界には、<G:90>地の石<G:89><G:90>水の石<G:89><G:90>火の石<G:89><G:90>風の石<G:89><G:90>光の石<G:89>とかいう石があつて、
7/S7023.DAT,0x485EE,0.05,출전자,출전자: 다섯 개를 모으면 뭔가 일어난다는 모양이야.,,,,出場者  / 5つ集めると何かおこるらしいぞ。
7/S7023.DAT,0x4863A,0.13,,무슨 일이 일어날 거라고 해도 말이지. 큰부자라도 될 수 있는 걸까?,,,,何かおこるつて言われてもね。 / 大金持ちにでもなれるのかなあ。
7/S7023.DAT,0x48694,0.11,출전자,"출전자: 토르노 데 반코 말인데, 그놈은 인간다운 구석이라곤 하나도 없는 전투 기계라고 생각하는 편이 좋아.",,,,出場者  / <G:90>トルノ・デ・バンコ<G:89>だが / ヤツは人聞らしさのかけらもない / 戦闘マシンだと思つた方がいいぞ。
7/S7023.DAT,0x486FE,0.09,출전자,출전자: 봐주고 있어서는 그 녀석에게 이길 수 없으니까.,,,,出場者  / なさけをかけていては / やつには勝てないからな。
7/S7023.DAT,0x48754,0.06,출전자,출전자: 오늘은 몸 상태가 좋으니 힘낼 거야. 너도 힘내.,,,,出場者  / 今日は調子がいいからがんばるぞ。 / おまえもがんばれよ。
7/S7023.DAT,0x487B0,0.10,아나운서,아나운서: 2회전에 참가하실 분은  씨입니다. 본인께서 나와 주십시오.,,,,アナウンサー  / 2回戦に参加されるのは<CTRL:E2:01>さんです。 / ご本人がおねがいします。
7/S7023.DAT,0x4880E,0.10,아나운서,아나운서: 2회전에 참가하실 분은  씨입니다. 본인께서 나와 주십시오.,,,,アナウンサー  / 2回戦に参加されるのは<CTRL:E2:02>さんです。 / ご本人がおねがいします。
7/S7023.DAT,0x4886C,0.10,아나운서,아나운서: 2회전에 참가하실 분은  씨입니다. 본인께서 나와 주십시오.,,,,アナウンサー  / 2回戦に参加されるのは<CTRL:E2:03>さんです。 / ご本人がおねがいします。
7/S7023.DAT,0x488CA,0.10,아나운서,아나운서: 2회전에 참가하실 분은  씨입니다. 본인께서 나와 주십시오.,,,,アナウンサー  / 2回戦に参加されるのは<CTRL:E2:04>さんです。 / ご本人がおねがいします。
7/S7023.DAT,0x48928,0.10,아나운서,아나운서: 2회전에 참가하실 분은  씨입니다. 본인께서 나와 주십시오.,,,,アナウンサー  / 2回戦に参加されるのは<CTRL:E2:05>さんです。 / ご本人がおねがいします。
7/S7023.DAT,0x48986,0.10,아나운서,아나운서: 2회전에 참가하실 분은  씨입니다. 본인께서 나와 주십시오.,,,,アナウンサー  / 2回戦に参加されるのは<CTRL:E2:06>さんです。 / ご本人がおねがいします。
7/S7023.DAT,0x489E4,0.10,아나운서,아나운서: 2회전에 참가하실 분은  씨입니다. 본인께서 나와 주십시오.,,,,アナウンサー  / 2回戦に参加されるのは<CTRL:E2:08>さんです。 / ご本人がおねがいします。
7/S7023.DAT,0x48A4E,0.11,,2회전 준비?|예|아직입니다,,,,大会委員  / 2回戦の準備はいいですか？ / <CTRL:E5:03>はい / <CTRL:E5:03>まだです
7/S7023.DAT,0x48AB6,0.08,대회 위원,대회 위원: 빨리 준비하고 오십시오.,,,,大会委員  / 早く準備をしてきて下さい。
7/S7023.DAT,0x48B04,0.12,대회 위원,대회 위원: 내 뒤에 서지 마십시오. 어떻게 되어도 책임지지 않습니다.,,,,大会委員  / 私の後ろに立たないで下さい。どうなつても知りませんよ。
7/S7023.DAT,0x491C6,0.13,,처음부터?|다시|계속,,,,エントリーをやりなおしますか。 / <CTRL:E5:03>やりなおす / <CTRL:E5:03>つづける
7/S7023.DAT,0x4922C,0.09,,1회전부터?|예|아니오,,,,1回戦からやりなおしになります。よろしいですか？ / <CTRL:E5:03>はい / <CTRL:E5:03>とんでもない
7/S7023.DAT,0x492C0,0.20,대회 위원,대회 위원: 투기장으로 들어가십시오.,아크. 성으로 들어간다.,,3,大会委員  / 闘技場へ入つて下さい。
7/S7024.DAT,0x47D58,0.03,,변경?|변경|유지,,,,こうたいしようか？ / <CTRL:E5:03>こうたいする / <CTRL:E5:03>こうたいしない
7/S7024.DAT,0x47E66,0.03,,변경?|변경|유지,,,,こうたいする？ / <CTRL:E5:03>こうたいする / <CTRL:E5:03>こうたいしない
7/S7024.DAT,0x47F72,0.03,,변경?|변경|유지,,,,おれかい？ / <CTRL:E5:03>こうたいする / <CTRL:E5:03>こうたいしない
7/S7024.DAT,0x4807C,0.03,,변경?|변경|유지,,,,ぼくだね？ / <CTRL:E5:03>こうたいする / <CTRL:E5:03>こうたいしない
7/S7024.DAT,0x48186,0.03,,변경?|변경|유지,,,,こうたいしようかの？ / <CTRL:E5:03>こうたいする / <CTRL:E5:03>こうたいしない
7/S7024.DAT,0x48296,0.03,,변경?|변경|유지,,,,かわるか？ / <CTRL:E5:03>こうたいする / <CTRL:E5:03>こうたいしない
7/S7024.DAT,0x483A0,0.03,,변경?|변경|유지,,,,こうたいしようかね？ / <CTRL:E5:03>こうたいする / <CTRL:E5:03>こうたいしない
7/S7024.DAT,0x4843E,0.17,,아이템이 있습니다. 약초를 발견했습니다.,,,,アイテムがあります。 / <G:90>薬草<G:89>を見つけました。
7/S7024.DAT,0x4848E,0.12,,여기에 있던 것은 이미 주웠다.,,,,ここにあつたものはもうひろいました
7/S7024.DAT,0x484D8,0.10,아나운서,아나운서: 준결승에 참가하실 분은  씨입니다. 본인께서 나와 주십시오.,,,,アナウンサー  / 準決勝に参加されるのは<CTRL:E2:01>さんです。 / ご本人がおねがいします。
7/S7024.DAT,0x48536,0.10,아나운서,아나운서: 준결승에 참가하실 분은  씨입니다. 본인께서 나와 주십시오.,,,,アナウンサー  / 準決勝に参加されるのは<CTRL:E2:02>さんです。 / ご本人がおねがいします。
7/S7024.DAT,0x48594,0.10,아나운서,아나운서: 준결승에 참가하실 분은  씨입니다. 본인께서 나와 주십시오.,,,,アナウンサー  / 準決勝に参加されるのは<CTRL:E2:03>さんです。 / ご本人がおねがいします。
7/S7024.DAT,0x485F2,0.10,아나운서,아나운서: 준결승에 참가하실 분은  씨입니다. 본인께서 나와 주십시오.,,,,アナウンサー  / 準決勝に参加されるのは<CTRL:E2:04>さんです。 / ご本人がおねがいします。
7/S7024.DAT,0x48650,0.10,아나운서,아나운서: 준결승에 참가하실 분은  씨입니다. 본인께서 나와 주십시오.,,,,アナウンサー  / 準決勝に参加されるのは<CTRL:E2:05>さんです。 / ご本人がおねがいします。
7/S7024.DAT,0x486AE,0.10,아나운서,아나운서: 준결승에 참가하실 분은  씨입니다. 본인께서 나와 주십시오.,,,,アナウンサー  / 準決勝に参加されるのは<CTRL:E2:06>さんです。 / ご本人がおねがいします。
7/S7024.DAT,0x4870C,0.10,아나운서,아나운서: 준결승에 참가하실 분은  씨입니다. 본인께서 나와 주십시오.,,,,アナウンサー  / 準決勝に参加されるのは<CTRL:E2:08>さんです。 / ご本人がおねがいします。
7/S7024.DAT,0x4876A,0.11,대회 위원,대회 위원: 이쯤 되면 남아 있는 것은 실력에 자신 있는 강자들뿐입니다.,,,,大会委員  / このあたりともなると / 残つているのはうでじまんの / 強者ばかりです。
7/S7024.DAT,0x487D0,0.09,대회 위원,대회 위원: 시합 전에는 준비 운동을 잊지 말아 주십시오.,,,,大会委員  / 試合前には準備運動を忘れないで下さいね。
7/S7024.DAT,0x48824,0.08,대회 위원,대회 위원: 시합 시작 직후에 아무것도 못 하고 쓰러지는 분도 있답니다.,,,,大会委員  / 試合開始直後に何もせすにたおれる人もいるんですよ。
7/S7024.DAT,0x4887E,0.17,,그런 사람이 출전하는 게 이상하다고 생각하는데...,,,,そんな人が出場するのがおかしいと思うんだけど・・？
7/S7024.DAT,0x488D2,0.07,출전자,"출전자: 다음 대회에 나가려고 했는데, 점점 자신이 없어졌어. 너는 괜찮아?",,,,出場者  / おれは次の大会に出ようと思つているんだが、だんだん自信がなくなつてきたぞ。 / おまえは大丈夫か？
7/S7024.DAT,0x48940,0.11,,나보다 약한 녀석을 만나러 간다는 건가.,,,,おれより弱いやつに会いに行く、つてか。
7/S7024.DAT,0x4898C,0.08,출전자,출전자: 너도 여기까지 남았구나. 제법인걸. 하지만 토르노 데 반코는 강해.,,,,出場者  / おまえもここまで残つたのか。 / なかなかやるな。 / だが、<G:90>トルノ・デ・バンコ<G:89>は強いぞ。
7/S7024.DAT,0x489F6,0.17,,대체 이 녀석은 무슨 말을 하고 싶은 거야?,,,,こいつはいつたい何が言いたいんだ？
7/S7024.DAT,0x48A40,0.08,출전자,출전자: 한심하지만 져 버렸어. 두루 둘러보고 나서 돌아가기로 하자.,,,,出場者  / なさけないが負けてしまつた。 / ひととおり見てから帰ることにしよう。
7/S7024.DAT,0x48AAE,0.11,,준결승 준비?|예|아직입니다,,,,大会委員  / 準決勝の準備はいいですか？ / <CTRL:E5:03>はい / <CTRL:E5:03>まだです
7/S7024.DAT,0x48B18,0.08,대회 위원,대회 위원: 빨리 준비하고 오십시오.,,,,大会委員  / 早く準備をしてきて下さい。
7/S7024.DAT,0x48B66,0.12,대회 위원,대회 위원: 내 뒤에 서지 마십시오. 어떻게 되어도 책임지지 않습니다.,,,,大会委員  / 私の後ろに立たないで下さい。 / どうなつても知りませんよ。
7/S7024.DAT,0x4922A,0.13,,처음부터?|다시|계속,,,,エントリーをやりなおしますか。 / <CTRL:E5:03>やりなおす / <CTRL:E5:03>つづける
7/S7024.DAT,0x49290,0.09,,1회전부터?|예|아니오,,,,1回戦からやりなおしになります。よろしいですか？ / <CTRL:E5:03>はい / <CTRL:E5:03>とんでもない
7/S7024.DAT,0x49324,0.20,대회 위원,대회 위원: 투기장으로 들어가십시오.,아크. 성으로 들어간다.,,3,大会委員  / 闘技場へ入つて下さい。
7/S7025.DAT,0x47CC8,0.10,아나운서,아나운서: 결승에 참가하실 분은  씨입니다. 본인께서 나와 주십시오.,,,,アナウンサー  / 決勝に参加されるのは<CTRL:E2:01>さんです。 / ご本人がおねがいします。
7/S7025.DAT,0x47D24,0.10,아나운서,아나운서: 결승에 참가하실 분은  씨입니다. 본인께서 나와 주십시오.,,,,アナウンサー  / 決勝に参加されるのは<CTRL:E2:02>さんです。 / ご本人がおねがいします。
7/S7025.DAT,0x47D80,0.10,아나운서,아나운서: 결승에 참가하실 분은  씨입니다. 본인께서 나와 주십시오.,,,,アナウンサー  / 決勝に参加されるのは<CTRL:E2:03>さんです。 / ご本人がおねがいします。
7/S7025.DAT,0x47DDC,0.10,아나운서,아나운서: 결승에 참가하실 분은  씨입니다. 본인께서 나와 주십시오.,,,,アナウンサー  / 決勝に参加されるのは<CTRL:E2:04>さんです。 / ご本人がおねがいします。
7/S7025.DAT,0x47E38,0.10,아나운서,아나운서: 결승에 참가하실 분은  씨입니다. 본인께서 나와 주십시오.,,,,アナウンサー  / 決勝に参加されるのは<CTRL:E2:05>さんです。 / ご本人がおねがいします。
7/S7025.DAT,0x47E94,0.10,아나운서,아나운서: 결승에 참가하실 분은  씨입니다. 본인께서 나와 주십시오.,,,,アナウンサー  / 決勝に参加されるのは<CTRL:E2:06>さんです。 / ご本人がおねがいします。
7/S7025.DAT,0x47EF0,0.10,아나운서,아나운서: 결승에 참가하실 분은  씨입니다. 본인께서 나와 주십시오.,,,,アナウンサー  / 決勝に参加されるのは<CTRL:E2:08>さんです。 / ご本人がおねがいします。
7/S7025.DAT,0x47FDC,0.03,,변경?|변경|유지,,,,こうたいしようか？ / <CTRL:E5:03>こうたいする / <CTRL:E5:03>こうたいしない
7/S7025.DAT,0x480EA,0.03,,변경?|변경|유지,,,,かわろうか？ / <CTRL:E5:03>こうたいする / <CTRL:E5:03>こうたいしない
7/S7025.DAT,0x481F6,0.03,,변경?|변경|유지,,,,おれのばんだな？ / <CTRL:E5:03>こうたいする / <CTRL:E5:03>こうたいしない
7/S7025.DAT,0x48304,0.03,,변경?|변경|유지,,,,ぼく？ / <CTRL:E5:03>こうたいする / <CTRL:E5:03>こうたいしない
7/S7025.DAT,0x4840C,0.03,,변경?|변경|유지,,,,わしかな、やつっり？ / <CTRL:E5:03>こうたいする / <CTRL:E5:03>こうたいしない
7/S7025.DAT,0x4851C,0.03,,변경?|변경|유지,,,,む？ / <CTRL:E5:03>こうたいする / <CTRL:E5:03>こうたいしない
7/S7025.DAT,0x48624,0.03,,변경?|변경|유지,,,,こうたい？こうたい？ / <CTRL:E5:03>こうたいする / <CTRL:E5:03>こうたいしない
7/S7025.DAT,0x486C2,0.17,,아이템이 있습니다. 약초를 발견했습니다.,,,,アイテムがあります。 / <G:90>薬草<G:89>を見つけました。
7/S7025.DAT,0x48712,0.12,,여기에 있던 것은 이미 주웠다.,,,,ここにあつたものはもうひろいました
7/S7025.DAT,0x4875C,0.09,대회 위원,대회 위원: 드디어 결승전입니다. 여기까지 왔으니 질 수는 없겠군요.,,,,大会委員  / やつと決勝戦です。 / ここまできたら負けられませんね。
7/S7025.DAT,0x487B8,0.09,대회 위원,대회 위원: 이번에는 지금까지 없던 접전이었습니다. 하지만 어느 쪽이 남아도 토르노 데 반코에게는 이길 수 없겠지요.,,,,大会委員  / 今回は今までになくせつせんでした。 / しかし、どちらが残つても、<G:90>トルノ・デ・バンコ<G:89>には勝てないでしょうね。
7/S7025.DAT,0x4882E,0.06,,...엑스플로오전!!(분노),,,,・・えくすぷろーおじょん!!(怒)
7/S7025.DAT,0x48880,0.13,출전자,출전자: 아주 자신감을 잃어버렸어.,,,,出場者  / すつかり自信をなくしてしまつたよ。
7/S7025.DAT,0x488CC,0.09,,그런가.,,,,そうかのう。
7/S7025.DAT,0x48906,0.11,,그 말은 내가 할 말이구나.,,,,そりゃわしのせりふじゃ。
7/S7025.DAT,0x4894A,0.07,출전자,출전자: 져 버렸어... 이런 일도 있겠지. 내일부터 다시 힘내면 되겠지.,,,,出場者  / 負けてしまつた・・。 / こういうこともあるだろうな。 / また明日からがんばればいいよな。
7/S7025.DAT,0x489BA,0.07,출전자,출전자: 싸움에 강해지는 것만이 수행은 아니야. 정말로 강해지려면 마음의 단련도 필요해.,,,,出場者  / 戦いに強くなることだけが修行じゃない。本当に強くなるには、 / 心の鍛練も必要だ。
7/S7025.DAT,0x48A26,0.12,,그런 건 말 안 해도 알고 있어.,,,,そんなこと、言われなくても分かつてるさ。
7/S7025.DAT,0x48A6E,0.12,,정말 알고 있는 게냐?,,,,これ、本当に分かつておるのか？
7/S7025.DAT,0x48AC2,0.11,,결승 준비?|예|아직입니다,,,,大会委員  / 決勝の準備はいいですか？ / <CTRL:E5:03>はい / <CTRL:E5:03>まだです
7/S7025.DAT,0x48B2A,0.08,대회 위원,대회 위원: 빨리 준비하고 오십시오.,,,,大会委員  / 早く準備をしてきて下さい。
7/S7025.DAT,0x48B78,0.12,대회 위원,대회 위원: 내 뒤에 서지 마십시오. 어떻게 되어도 책임지지 않습니다.,,,,大会委員  / 私の後ろに立たないで下さい。どうなつても知りませんよ。
7/S7025.DAT,0x4923A,0.13,,처음부터?|다시|계속,,,,エントリーをやりなおしますか。 / <CTRL:E5:03>やりなおす / <CTRL:E5:03>つづける
7/S7025.DAT,0x492A0,0.09,,1회전부터?|예|아니오,,,,1回戦からやりなおしになります。よろしいですか？ / <CTRL:E5:03>はい / <CTRL:E5:03>とんでもない
7/S7025.DAT,0x49334,0.20,대회 위원,대회 위원: 투기장으로 들어가십시오.,아크. 성으로 들어간다.,,3,大会委員  / 闘技場へ入つて下さい。
7/S7026.DAT,0x47CC8,0.09,아나운서,아나운서: 오브 쟁탈전에 참가하실 분은  씨입니다. 본인께서 나와 주십시오.,,,,アナウンサー  / オーフ争奪戦に参加されるのは<CTRL:E2:01>さんです。 / ご本人がおねがいします。
7/S7026.DAT,0x47D2A,0.09,아나운서,아나운서: 오브 쟁탈전에 참가하실 분은  씨입니다. 본인께서 나와 주십시오.,,,,アナウンサー  / オーフ争奪戦に参加されるのは<CTRL:E2:02>さんです。 / ご本人がおねがいします。
7/S7026.DAT,0x47D8C,0.09,아나운서,아나운서: 오브 쟁탈전에 참가하실 분은  씨입니다. 본인께서 나와 주십시오.,,,,アナウンサー  / オーフ争奪戦に参加されるのは<CTRL:E2:03>さんです。 / ご本人がおねがいします。
7/S7026.DAT,0x47DEE,0.09,아나운서,아나운서: 오브 쟁탈전에 참가하실 분은  씨입니다. 본인께서 나와 주십시오.,,,,アナウンサー  / オーフ争奪戦に参加されるのは<CTRL:E2:04>さんです。 / ご本人がおねがいします。
7/S7026.DAT,0x47E50,0.09,아나운서,아나운서: 오브 쟁탈전에 참가하실 분은  씨입니다. 본인께서 나와 주십시오.,,,,アナウンサー  / オーフ争奪戦に参加されるのは<CTRL:E2:05>さんです。 / ご本人がおねがいします。
7/S7026.DAT,0x47EB2,0.09,아나운서,아나운서: 오브 쟁탈전에 참가하실 분은  씨입니다. 본인께서 나와 주십시오.,,,,アナウンサー  / オーフ争奪戦に参加されるのは<CTRL:E2:06>さんです。 / ご本人がおねがいします。
7/S7026.DAT,0x47F14,0.09,아나운서,아나운서: 오브 쟁탈전에 참가하실 분은  씨입니다. 본인께서 나와 주십시오.,,,,アナウンサー  / オーフ争奪戦に参加されるのは<CTRL:E2:08>さんです。 / ご本人がおねがいします。
7/S7026.DAT,0x48006,0.03,,변경?|변경|유지,,,,こうたいか？ / <CTRL:E5:03>こうたいする / <CTRL:E5:03>こうたいしない
7/S7026.DAT,0x48112,0.03,,변경?|변경|유지,,,,かわろうか？ / <CTRL:E5:03>こうたいする / <CTRL:E5:03>こうたいしない
7/S7026.DAT,0x4821E,0.03,,변경?|변경|유지,,,,おれだぜ、やつっり。 / <CTRL:E5:03>こうたいする / <CTRL:E5:03>こうたいしない
7/S7026.DAT,0x4832E,0.03,,변경?|변경|유지,,,,こうたいしようよ。 / <CTRL:E5:03>こうたいする / <CTRL:E5:03>こうたいしない
7/S7026.DAT,0x4843C,0.03,,변경?|변경|유지,,,,こうたいかの？ / <CTRL:E5:03>こうたいする / <CTRL:E5:03>こうたいしない
7/S7026.DAT,0x48548,0.03,,변경?|변경|유지,,,,うむ？ / <CTRL:E5:03>こうたいする / <CTRL:E5:03>こうたいしない
7/S7026.DAT,0x48650,0.03,,변경?|변경|유지,,,,こうたいしようかね？ / <CTRL:E5:03>こうたいする / <CTRL:E5:03>こうたいしない
7/S7026.DAT,0x486EE,0.17,,아이템이 있습니다. 약초를 발견했습니다.,,,,アイテムがあります。 / <G:90>薬草<G:89>を見つけました。
7/S7026.DAT,0x4873E,0.12,,여기에 있던 것은 이미 주웠다.,,,,ここにあつたものはもうひろいました
7/S7026.DAT,0x48788,0.08,대회 위원,"대회 위원: 일단 이걸로 마지막이니까요. 힘내십시오. 아아 바빠, 바빠.",,,,大会委員  / 一応、これで最後ですからね。<CTRL:E4:3D> / がんばりましょう。<CTRL:E4:3D> / ああいそがしい、いそがしい。
7/S7026.DAT,0x487F6,0.25,,일단은?,일단은 가보도록 하지..,,13,いちおう？
7/S7026.DAT,0x48830,0.08,,요즘 두목은 변신하니까 말이야.,,,,最近の親玉は変身するからなあ。
7/S7026.DAT,0x4887A,0.09,,안 하면 좋겠는데.,,,,しないといいけど。
7/S7026.DAT,0x488BC,0.19,대회 위원,대회 위원: 이번 상품은 그 바람의 오브니까요. 손에 넣어서 어쩌려는 걸까요?,,,,大会委員  / 今回の賞品はあの<G:90>風のオーフ<G:89>ですからね。 / 手に入れてどうしようつてんでしょうね？
7/S7026.DAT,0x48926,0.13,,이 녀석들은 출전자 얼굴도 모르는 건가?,,,,こいつら出場者のかおも知らねえのか？
7/S7026.DAT,0x4896C,0.12,,기억해 주지 않는 건가?,,,,おぼえてもらえんのかね？
7/S7026.DAT,0x489AC,0.05,,시끄러워,,,,うるせえぞ、たこ。
7/S7026.DAT,0x489EA,0.20,,"자자자, 진정 진정.",아자자자자!,,9,まあまあまあ、<CTRL:E4:3D>まままま。
7/S7026.DAT,0x48A66,0.12,출전자,출전자: 내가 나가는 이상 바람의 오브는 받아 놓은 거나 마찬가지지,,,,出場者  / おれが出るからには、 / <G:90>風のオーフ<G:89>はもらつたようなものだな
7/S7026.DAT,0x48AC0,0.13,,시간이 거꾸로 돌아가고 있는 사람이 있어...,,,,時聞が逆戻りしている人がいる・・・。
7/S7026.DAT,0x48B10,0.12,,우리도 돌아가고 싶으면 다시 참가 신청하면 되지.,,,,わしらも戻りたかつたら / エントリーし直せばよい。
7/S7026.DAT,0x48B64,0.09,출전자,출전자: 이 정도까지 해낼 줄이야. 내 원수도 갚아 줘.,,,,出場者  / まさかここまでやるとはな。 / おれのかたきを討つてくれよ。
7/S7026.DAT,0x48BBC,0.14,,맡겨 두라니까.,,,,まかせておけつて。
7/S7026.DAT,0x48BFA,0.11,,그런 것 때문에 하는 게 아니야. 정말이지.,,,,そんなことのために / やつてるんじゃないよ。 / まつたく。
7/S7026.DAT,0x48C4E,0.08,,어쨌든 힘내자.,,,,どちらにしても、がんばるぞ。
7/S7026.DAT,0x48C94,0.08,출전자,출전자: 그만둘 거라면 지금이야.,,,,出場者  / やめるなら今のうちだぞ。
7/S7026.DAT,0x48CDA,0.08,,그만둘 리가 없잖아.,,,,やめるわけねえだろ。
7/S7026.DAT,0x48D28,0.11,,오브전 준비?|예|아직입니다,,,,大会委員  / オーフ争奪戦の準備はいいですか？ / <CTRL:E5:03>はい / <CTRL:E5:03>まだです
7/S7026.DAT,0x48D96,0.08,대회 위원,대회 위원: 빨리 준비하고 오십시오.,,,,大会委員  / 早く準備をしてきて下さい。
7/S7026.DAT,0x48DE4,0.12,대회 위원,대회 위원: 내 뒤에 서지 마십시오. 어떻게 되어도 책임지지 않습니다.,,,,大会委員  / 私の後ろに立たないで下さい。どうなつても知りませんよ。
7/S7026.DAT,0x494A6,0.13,,처음부터?|다시|계속,,,,エントリーをやりなおしますか。 / <CTRL:E5:03>やりなおす / <CTRL:E5:03>つづける
7/S7026.DAT,0x4950C,0.09,,1회전부터?|예|아니오,,,,1回戦からやりなおしになります。よろしいですか？ / <CTRL:E5:03>はい / <CTRL:E5:03>とんでもない
7/S7026.DAT,0x495A0,0.20,대회 위원,대회 위원: 투기장으로 들어가십시오.,아크. 성으로 들어간다.,,3,大会委員  / 闘技場へ入つて下さい。
7/S7027.DAT,0x485DC,0.12,록토르,록토르: 정말 강하셨군요.,,,,ロクトール  / 本当に強かつたですねえ。
7/S7027.DAT,0x48662,0.11,로크톨,로크톨: 하지만 오브는 이대로 넘겨 드릴 수는 없지요.,,,,ロクトール  / しかし、<CTRL:E4:3D>オーフは<CTRL:E4:3D>このまま / 渡すわけにはいかないですよ。<CTRL:E4:3D><CTRL:E4:3D>
7/S7027.DAT,0x48720,0.06,,이렇게 매번 우승자를 나중에 죽여서 상품인 오브를 도로 빼앗고,,,,こうして / 毎回優勝者を後から殺しては / 賞品のオーフを奪い返して
7/S7027.DAT,0x4877C,0.12,,몬스터를 우승자로 둔갑시키고 있었군요.,,,,モンスターをチャンピオンに / 化けさせていたのね。
7/S7027.DAT,0x487E2,0.11,로크톨,"로크톨: 아가씨, 생각하신 그대로입니다.",,,,ロクトール  / お嬢さん、お察しのとおりですよ。<CTRL:E4:3D><CTRL:E4:3D><CTRL:E4:3D>
7/S7027.DAT,0x4883A,0.29,로크톨,"로크톨: 그럼, 죽어 주셔야겠습니다.",그럼 떠나보겠습니다.,아크,5,ロクトール  / では、死んでもらいましょう。<CTRL:E4:3D><CTRL:E4:3D><CTRL:E4:3D>
7/S7027.DAT,0x48DD8,0.13,,잘했구나.,,,,ようやつたのう。
7/S7027.DAT,0x48E16,0.17,,역시 아크네.,,,,さすがアークね。
7/S7027.DAT,0x48E52,0.08,,"기개도 없어 보이는 애송이들이었지만, 일단 칭찬해 주지.",,,,骨のなさそうな野郎共だつたが / 一応ほめてやるぜ。
7/S7027.DAT,0x48EB0,0.14,,잘했어.,,,,よくやつたな。
7/S7027.DAT,0x48EEC,0.14,,당신이 여기까지 해낼 줄이야.,,,,あなたがここまでやるとはね。
7/S7027.DAT,0x48F2E,0.11,,너를 다시 봤다.,,,,お前を見直したぞ。
7/S7027.DAT,0x48F6E,0.14,,잘했어.,,,,よくやつたな。
7/S7027.DAT,0x48FAA,0.22,,역시 쿠쿠루구나.,"쿠쿠루, 괜찮아?",아크,5,さすがククルだね。
7/S7027.DAT,0x48FE8,0.08,,"기개도 없어 보이는 애송이들이었지만, 일단 칭찬해 주지.",,,,骨のなさそうな野郎共だつたが / 一応ほめてやるぜ。
7/S7027.DAT,0x4903E,0.14,,잘했어.,,,,よくやつたな。
7/S7027.DAT,0x4907A,0.10,,역시네.,,,,さすがね。
7/S7027.DAT,0x490B4,0.11,,다시 봤다.,,,,見直したぞ。
7/S7027.DAT,0x490F2,0.14,,잘했어.,,,,よくやつたな。
7/S7027.DAT,0x4912E,0.10,,역시네.,,,,さすがね。
7/S7027.DAT,0x49168,0.08,,"기개도 없어 보이는 애송이들이었지만, 일단 칭찬해 주지.",,,,骨のなさそうな野郎共だつたが / 一応ほめてやるぜ。
7/S7027.DAT,0x491BE,0.14,,잘했어.,,,,よくやつたな。
7/S7027.DAT,0x491FA,0.14,,당신이 여기까지 해낼 줄이야.,,,,あなたがここまでやるとはね。
7/S7027.DAT,0x4923C,0.08,,"기개도 없어 보이는 애송이들이었지만, 일단 칭찬해 주지.",,,,骨のなさそうな野郎共だつたが / 一応ほめてやるぜ。
7/S7027.DAT,0x49292,0.14,,잘했어.,,,,よくやつたな。
7/S7027.DAT,0x492CE,0.14,,당신이 여기까지 해낼 줄이야.,,,,あなたがここまでやるとはね。
7/S7027.DAT,0x49310,0.08,,"기개도 없어 보이는 애송이들이었지만, 일단 칭찬해 주지.",,,,骨のなさそうな野郎共だつたが / 一応ほめてやるぜ。
7/S7028.DAT,0x46D58,0.03,,변경?|변경|유지,,,,こうたいしようか？ / <CTRL:E5:03>こうたいする / <CTRL:E5:03>こうたいしない
7/S7028.DAT,0x46E66,0.03,,변경?|변경|유지,,,,こうたいする？ / <CTRL:E5:03>こうたいする / <CTRL:E5:03>こうたいしない
7/S7028.DAT,0x46F72,0.03,,변경?|변경|유지,,,,こうたいか？ / <CTRL:E5:03>こうたいする / <CTRL:E5:03>こうたいしない
7/S7028.DAT,0x4707E,0.03,,변경?|변경|유지,,,,こうたい？こうたい？ / <CTRL:E5:03>こうたいする / <CTRL:E5:03>こうたいしない
7/S7028.DAT,0x4718E,0.03,,변경?|변경|유지,,,,こうたいしようかの？ / <CTRL:E5:03>こうたいする / <CTRL:E5:03>こうたいしない
7/S7028.DAT,0x4729E,0.03,,변경?|변경|유지,,,,む？ / <CTRL:E5:03>こうたいする / <CTRL:E5:03>こうたいしない
7/S7028.DAT,0x473A6,0.03,,변경?|변경|유지,,,,こうたいかね？ / <CTRL:E5:03>こうたいする / <CTRL:E5:03>こうたいしない
7/S7028.DAT,0x47440,0.17,,아이템이 있습니다. 약초를 발견했습니다.,,,,アイテムがあります。 / <G:90>薬草<G:89>を見つけました。
7/S7028.DAT,0x47490,0.12,,여기에 있던 것은 이미 주웠다.,,,,ここにあつたものはもうひろいました
7/S7028.DAT,0x474DA,0.11,대회 위원,"대회 위원: 아아, 바쁘다 바빠. 나는 언제까지 여기서 계속 일해야 하는 걸까요?",,,,大会委員  / ああいそがしい、いそがしい。 / わたしはいつまでここではたらき続ければいいのでしょうか？
7/S7028.DAT,0x47544,0.13,,보물찾이라도 할까.,,,,宝探しでもするかね。
7/S7028.DAT,0x47584,0.14,,"하자, 하자.",,,,しよう、しよう。
7/S7028.DAT,0x475C0,0.18,,볼일이 끝나면 말이지.,,,,用がすんだらね。
7/S7028.DAT,0x47602,0.08,대회 위원,대회 위원: 출전 희망자가 많아서 큰일입니다.,,,,大会委員  / 出場希望者が多くて大変です。
7/S7028.DAT,0x47650,0.10,,"뭐 그건, 우리도 이렇게 와 있는 셈이고...",,,,まあそれは、ぼくらもこうして来ているわけだし・・・。
7/S7028.DAT,0x476A4,0.19,,먼저 나아가는 편이 좋지 않을까?,,,,先に進んだ方が良くはないか？
7/S7028.DAT,0x476EE,0.39,출전자,출전자: 바람의 오브를 손에 넣었다면서. 선수를 빼앗겼군.,마침내 바람의 오브를 손에 넣었군.,,17,出場者  / <G:90>風のオーフ<G:89>を手に入れたそうじゃないか。先をこされたな。
7/S7028.DAT,0x47746,0.07,,선수를 빼앗길 수는 없었으니까 말이야.,,,,先をこされるわけにはいかんかつたからの。
7/S7028.DAT,0x47790,0.15,,남의 손에 넘어가면 분했을 테니까.,,,,他人の手に渡つたらやつかいだつたよ。
7/S7028.DAT,0x477DC,0.06,출전자,출전자: 토르노 데 반코는 강하다. 어지간해서는 이길 수 없어.,,,,出場者  / <G:90>トルノ・デ・バンコ<G:89>は強い。 / ちょつとやそつとでは勝てないぞ。
7/S7028.DAT,0x47838,0.13,출전자,"출전자: 어, 이겼다고? 그런 말도 안 되는.",,,,出場者  / え、勝つたつて？<CTRL:E4:3D> / そんなばかな。
7/S7028.DAT,0x4788C,0.15,출전자,출전자: 더 강한 녀석은 없는 거야?,,,,出場者  / もつと強いやつはいないのか？
7/S7028.DAT,0x478D6,0.13,,모르겠는데.,,,,わかつてないな。
7/S7028.DAT,0x47912,0.23,,모르겠어.,어디서부터 잘못된 건지 모르겠어!,,10,わかつてねえな。
7/S7028.DAT,0x4794E,0.14,,모르겠소.,,,,わかつとらん。
7/S7028.DAT,0x4798A,0.21,,모르겠어어!,어디서부터 잘못된 건지 모르겠어!,,10,わかつとらあーん!
7/S7028.DAT,0x48028,0.08,,출전할까요?|출전|그만,,,,大会委員  / 参加なさいますか？ / <CTRL:E5:03>参加する / <CTRL:E5:03>参加しない
7/S7028.DAT,0x48094,0.22,대회 위원,대회 위원: 그렇습니까.,"부르셨습니까, 장군?",정체불명의 인물,7,大会委員  / そうですか。
7/S7028.DAT,0x480D8,0.12,대회 위원,대회 위원: 내 뒤에 서지 마십시오. 어떻게 되어도 책임지지 않습니다.,,,,大会委員  / 私の後ろに立たないで下さい。どうなつても知りませんよ。
7/S7028.DAT,0x48166,0.09,대회 위원,대회 위원: 끈질기시군요. 저는 끈질긴 사람을 싫어합니다.,,,,大会委員  / しつこいですね。 / 私はしつこい人はきらいです。
7/S7028.DAT,0x481B8,0.11,대회 위원,대회 위원: 이것을 드릴 테니 봐주십시오.,,,,大会委員  / これをさし上げますから / かんベんして下さい。
7/S7028.DAT,0x48228,0.24,,클라비스의 책을 받았습니다.,저는 가디언의 힘과 축복을 받았습니다.,,6,<G:90>クラヴィスの本<G:89>をもらいました。
7/S7028.DAT,0x4827C,0.25,대회 위원,대회 위원: 어느 분이 참가하시겠습니까?,그래도 떠나시겠습니까?,,6,大会委員  / どなたが参加なさいますか？
7/S7028.DAT,0x482EE,0.27,,|아크|쿠쿠루|토슈|다음 페이지,"아크, 쿠쿠루. 키스한다.",,21,<CTRL:E5:03>アーク / <CTRL:E5:03>ククル / <CTRL:E5:03>トッシュ / <CTRL:E5:03>次のページ / 
7/S7028.DAT,0x48360,0.07,,맞나?|예|아니오,,,,<CTRL:E2:01>さんですね。 / <CTRL:E5:03>はい / <CTRL:E5:03>まちがえました / 
7/S7028.DAT,0x483CC,0.07,,맞나?|예|아니오,,,,<CTRL:E2:02>さんですね。 / <CTRL:E5:03>はい / <CTRL:E5:03>まちがえました / 
7/S7028.DAT,0x48438,0.07,,맞나?|예|아니오,,,,<CTRL:E2:03>さんですね。 / <CTRL:E5:03>おう / <CTRL:E5:03>まちがえたぜ / 
7/S7028.DAT,0x484D8,0.09,,|포코|고겐|이가|다음 페이지,,,,<CTRL:E5:03>ポコ / <CTRL:E5:03>ゴーゲン / <CTRL:E5:03>イーガ / <CTRL:E5:03>次のページ / 
7/S7028.DAT,0x4854C,0.07,,맞나?|예|아니오,,,,<CTRL:E2:04>さんですね。 / <CTRL:E5:03>うん / <CTRL:E5:03>やつっりやだ / 
7/S7028.DAT,0x485B6,0.07,,맞나?|예|아니오,,,,<CTRL:E2:05>さんですね。 / <CTRL:E5:03>やる / <CTRL:E5:03>やめるわい / 
7/S7028.DAT,0x4861A,0.00,,맞나?|예,,,,<CTRL:E2:06>さんですね。 / <CTRL:E5:03>うむ
7/S7028.DAT,0x48666,0.16,,|촌가라|다음 페이지|그만두기|밖으로 나가기,,,,<CTRL:E5:03>チョンガラ / <CTRL:E5:03>次のページ / <CTRL:E5:03>やつっりやめる / <CTRL:E5:03>外に出る
7/S7028.DAT,0x486E8,0.07,,맞나?|예|아니오,,,,<CTRL:E2:08>さんですね。 / <CTRL:E5:03>わしかい / <CTRL:E5:03>いやじゃ / 
7/S7028.DAT,0x4878C,0.13,,대전 상대가 정해졌습니다. 힘내십시오.,,,,対戦相手が決まりました。 / がんばつてください。
7/S7028.DAT,0x489F6,0.11,안내,안내: 예고 없이 참가자 접수를 마감합니다. 서둘러 주십시오.,,,,アナウンス  / 聞もなく参加者の受付をしめ切ります。お急ぎ下さい。
7/S7028.DAT,0x48A70,0.33,대회 위원,대회 위원: 참가하시겠습니까?,그래도 떠나시겠습니까?,,6,大会委員 参加なさいますか？
7/S7028.DAT,0x48AB8,0.09,,|출전|그만|비밀 투기장,,,,<CTRL:E5:03>参加する / <CTRL:E5:03>参加しない / <CTRL:E5:03>ヤミ闘技場に参加する
7/S7028.DAT,0x48B1E,0.17,대회 위원,대회 위원: 살아서 돌아오지 못할지도 모르겠습니다.,,,,大会委員  / 生きて帰れないかもしれませんよ。
7/S7028.DAT,0x48B70,0.12,,정말 할까요?|승리|나중에,,,,大会委員  / 本当にいいんですか？ / <CTRL:E5:03>ぜつたい勝てる! / <CTRL:E5:03>まだやり残したことが・
7/S7031.DAT,0x478B8,0.14,로크톨,"로크톨: 축하합니다, 당신이 진정한 용자입니다. 자, 상품인 바람의 오브를 드리지요.",,,,ロクトール  / おめでとう、あなたが真の勇者だ。 / <CTRL:E4:3D>さあ、賞品の<G:90>風のオーフ<G:89>を渡そう。
7/S7031.DAT,0x47928,0.16,로크톨,로크톨: 포코 님은 참 잘해 주셨으니 이것도 드리겠습니다.,,,,ロクトール  / ポコさんはよくがんばつてくれましたのでこれもさしあげましょう。
7/S7031.DAT,0x47986,0.21,,장난감 반지를 손에 넣었다,마침내 바람의 오브를 손에 넣었군.,,17,<G:90>おもちゃのゆびわ<G:89>を手に入れた
7/S7031.DAT,0x47A3C,0.11,로크톨,로크톨: 챔피언에게 큰 박수를...,,,,ロクトール  / <CTRL:E4:15>チャンピオンに<CTRL:E4:79>大きなはく手を・・。
7/S7032.DAT,0x4786E,0.07,로크톨,로크톨: 모이신 여러분.,,,,ロクトール  / お集まりのみなさん。
7/S7032.DAT,0x478BA,0.17,로크톨,로크톨: 이 무투 대회의 상품은 저 바람의 오브입니다.,,,,ロクトール  / この武闘大会の賞品は<CTRL:E4:3D> / あの<G:90>風のオーフ<G:89>です。<CTRL:E4:79>
7/S7032.DAT,0x4791A,0.06,로크톨,"로크톨: 오래전 킨담 왕국에서 만들어졌고,",,,,ロクトール  / 古くは<CTRL:E4:47>キンダム王国で<CTRL:E4:79>造られ、<CTRL:E4:3D>
7/S7032.DAT,0x47972,0.04,로크톨,"로크톨: 그 뒤 왕위를 이어 그 주인이 되는 자는 반드시 비참하게 죽었으며,",,,,ロクトール  / その後<CTRL:E4:3D>王位を継いで / その持ち主になる者は / 必す<CTRL:E4:79>底業(ひごう)の死をとげ、
7/S7032.DAT,0x479EC,0.09,로크톨,로크톨: 왕가가 멸망한 뒤에도 권력자와 부호 사이에서 그 탐욕과 두려움으로 전해 내려온 물건입니다.,,,,ロクトール  / 王家滅亡後も<CTRL:E4:3D>権力者や富豪(ふごう)の聞に<CTRL:E4:3D>その欲しさと<CTRL:E4:29>恐怖で<CTRL:E4:3D>かたり継がれて<CTRL:E4:3D>きたものです。<CTRL:E4:3D>
7/S7032.DAT,0x47A72,0.08,로크톨,로크톨: 그야말로 이 피로 피를 다투는 무투 대회의 승자에게 어 울 리 는 물 건 이 아 니 겠 습 니 까?,,,,ロクトール  / まさに、<CTRL:E4:3D>この血で血を争う / 武闘大会の勝者にふ<CTRL:E4:0B>さ<CTRL:E4:0B>わ<CTRL:E4:0B>し<CTRL:E4:0B>い / <CTRL:E4:0B>も<CTRL:E4:0B>の<CTRL:E4:0B>で<CTRL:E4:0B>は<CTRL:E4:07>な<CTRL:E4:07>い<CTRL:E4:07>で<CTRL:E4:07>し<CTRL:E4:07>ょ<CTRL:E4:07>う<CTRL:E4:07>か<CTRL:E4:07>？<CTRL:E4:3D>
7/S7032.DAT,0x47B24,0.12,로크톨,로크톨: 하지만 이 대회의 승자에게는 또 하나의 시련이 기다리고 있습니다!,,,,ロクトール  / しかし、<CTRL:E4:79>この大会の勝者には<CTRL:E4:47>もう一つの<CTRL:E4:29> / 試練(しれん)が待つている!。<CTRL:E4:51>
7/S7032.DAT,0x47B92,0.09,로크톨,로크톨: 전 대회 챔피언 토르노 데 반코를 쓰러뜨려야만 하는 것입니다.,,,,ロクトール  / 前回<CTRL:E4:51>のチャンピオン / <CTRL:E4:3D><G:90>トルノ・デ・バンコ<G:89>を倒さなくてはならないのです。
7/S7032.DAT,0x47C00,0.13,로크톨,"로크톨: 자, 그러면 생과 죽음을 건 싸움의 막을 올 려 보 지 않 으 시 겠 습 니 까!",,,,ロクトール  / さあ、<CTRL:E4:3D>それでは<CTRL:E4:29>生と<CTRL:E4:5B>死をかけた<CTRL:E4:5B>戦いの火ぶたを<CTRL:E4:51>切<CTRL:E4:06>つ<CTRL:E4:06>て<CTRL:E4:06>落<CTRL:E4:06>と<CTRL:E4:06>そ<CTRL:E4:06>う<CTRL:E4:06>で<CTRL:E4:06>は<CTRL:E4:06>あ<CTRL:E4:06>り<CTRL:E4:06>ま<CTRL:E4:06>せ<CTRL:E4:06>ん<CTRL:E4:06>か<CTRL:E4:06>!。
8/S8011.DAT,0x4801A,0.11,남자,남자: 스메리아의 아크 님이시군요.,,,,男  / スメリアのアークさんですね。
8/S8011.DAT,0x48060,0.20,,네. 당신은?,당신은 땅의 가디언이군.,,16,はい。 / <CTRL:E4:3D>あなたは？
8/S8011.DAT,0x4809E,0.07,남자,남자: 저는 이 나라에 오래전부터 살며 줄곧 물의 정령님을 지켜 온 사류족 사람입니다.,,,,男  / 私は、この国に古くから住んで / すつと水の精霊様を守つている / サリュ族の者です。
8/S8011.DAT,0x48102,0.09,남자,남자: 요슈아 님께서 당신을 저희 마을로 안내하라고 하셨습니다.,,,,男  / ヨシュア様からあなたを / 我々の村へご案内するように / と言われております。
8/S8011.DAT,0x48166,0.25,,아버지한테서!?,"!!! 내,.... 내 아버지가?",,18,父さんから!？
8/S8011.DAT,0x481B6,0.08,남자,"남자: 예, 요슈아 님께는 큰 신세를 졌습니다. 자, 이쪽으로 오시지요.",,,,男  / はい、ヨシュア様には / 大変お世話になりました。 / <CTRL:E4:3D>さ、こちらへどうぞ。
8/S8012.DAT,0x47FDA,0.33,초핀,초핀: 출발하시겠습니까?,그래도 떠나시겠습니까?,,6,チョピン 出発なさいますか？
8/S8012.DAT,0x48020,0.12,,|출발|그만,,,,<CTRL:E5:03>出発する / <CTRL:E5:03>出発しない
8/S8012.DAT,0x4806E,0.09,초핀,초핀: 그럼 타십시오.,,,,チョピン では、お乗り下さい
8/S8012.DAT,0x480D4,0.11,,"자, 남은 건 이제 하나야. 고겐, 다음 목적지는?",,,,さあ、残りはあと1つだ。 / <CTRL:E4:3D>ゴーゲン、次の目的地は？
8/S8012.DAT,0x48146,0.24,,돌은 다음 돌로 우리를 이끈다...,우리를 이끈건.... 나의 아버지!?,,11,石は次の石に我々を導く・・<CTRL:E4:3D>。
8/S8012.DAT,0x481B0,0.10,,물의 돌... 정령의 나라 스메리아 땅의 성 아래에 탄식하는 불의 힘.,,,,水の石  / <CTRL:E4:3D>・・・精<CTRL:E4:15>霊<CTRL:E4:15>の<CTRL:E4:3D>国スメ<CTRL:E4:15>リ<CTRL:E4:15>アの<CTRL:E4:3D>・地の / <CTRL:E4:3D>・城<CTRL:E4:15>の<CTRL:E4:3D>下<CTRL:E4:15>に<CTRL:E4:15>嘆き<CTRL:E4:15>し<CTRL:E4:3D>・<CTRL:E4:15>火の<CTRL:E4:3D>力<CTRL:E4:3D>。
8/S8012.DAT,0x48260,0.22,,팔렌시아 성 지하에 마지막 불의 돌이 있었다니.,팔렌시아 성,,19,パレンシア城の地下に / 最後の火の石があつたなんて。
8/S8012.DAT,0x482B2,0.08,,무언가 사악한 것이 느껴져.,,,,何か邪悪なものを感じる。
8/S8012.DAT,0x482F6,0.12,,탄식한다고까지 하고 있고 말이야.,,,,<G:90>嘆きし<G:89>なんて言つてるしね。
8/S8012.DAT,0x48340,0.06,,저 성에 들끓고 있는 놈들을 쓸어버릴 기회다. 나도 함께한다!,,,,あの城にはびこつている / ヤツ等を一掃するチャンスだ。 / 俺はのつたぜ!
8/S8012.DAT,0x483A2,0.11,,물러설 수 없는 싸움인 것은 알고 있다.,,,,引けぬ戦いは承知の上。
8/S8012.DAT,0x48466,0.19,초핀,초핀: 언제든 정비해 놓고 기다리고 있겠습니다.,,,,チョピン いつでも整備してお待ちしております。
8/S8013.DAT,0x4766E,0.33,초핀,초핀: 출발하시겠습니까?,그래도 떠나시겠습니까?,,6,チョピン  / 出発なさいますか？
8/S8013.DAT,0x476B6,0.08,,|출발|그만|유용한 정보,,,,<CTRL:E5:03>出発する / <CTRL:E5:03>出発しない / <CTRL:E5:03>耳よりな話を聞きたい!
8/S8013.DAT,0x47716,0.12,초핀,"초핀: 그럼, 이쪽으로.",,,,チョピン  / では、こちらへ
8/S8013.DAT,0x47846,0.21,초핀,초핀: 언제든 정비하여 기다리고 있습니다.,기다리고?,,11,チョピン  / いつでも整備してお待ちしております。
8/S8013.DAT,0x4793E,0.11,초핀,초핀: 어느 것에 관해 말씀드릴까요?,,,,チョピン  / どれについてお話ししましょう？
8/S8013.DAT,0x47996,0.06,,|스톤 서클|링 위치 설정|소환수에 대해|다음 페이지,,,,<CTRL:E5:03>ストーンサークル / <CTRL:E5:03>リングの位置設定 / <CTRL:E5:03>召喚獣について / <CTRL:E5:03>次のページ
8/S8013.DAT,0x47A12,0.07,,|포코의 악기|투기장|키토우올|그만,,,,<CTRL:E5:03>ポコの楽器 / <CTRL:E5:03>闘技場 / <CTRL:E5:03>キートウオール / <CTRL:E5:03>やつっりいいや。
8/S8013.DAT,0x47A84,0.05,,|스톤 서클|링 위치 설정|소환수|다음 페이지,,,,<CTRL:E5:03>ストーンサークル / <CTRL:E5:03>リングの位置設定 / <CTRL:E5:03>召喚獣 / <CTRL:E5:03>次のページ
8/S8013.DAT,0x47AFC,0.06,,|포코의 악기|투기장|키토우올|다음 페이지,,,,<CTRL:E5:03>ポコの楽器 / <CTRL:E5:03>闘技場 / <CTRL:E5:03>キートウオール / <CTRL:E5:03>次のページ
8/S8013.DAT,0x47B6E,0.05,,|라마다사의 수행|로맨싱 스톤|장신구 비단 띠|그만,,,,<CTRL:E5:03>ラマダ寺の修行 / <CTRL:E5:03>ロマンシングストーン / <CTRL:E5:03>アクセサリー<G:90>きぬのおび<G:89> / <CTRL:E5:03>やつっりいいや。
8/S8013.DAT,0x47BE8,0.10,초핀,초핀: 고겐 님이 동료가 된 뒤에 오르카스 언덕의 스톤 서클에 가 보셨습니까?,,,,チョピン  / ゴーゲンさんが仲聞になつた後にオルカスの丘のストーンサークルへ行きましたか？
8/S8013.DAT,0x47C4C,0.11,초핀,초핀: 여기서는 어떤 아이템을 얻을 수 있습니다. 스톤 서클에서만 말이지요...,,,,チョピン  / ここでは、あるアイテムが手に入ります。ストーンサークルだけに・・。
8/S8013.DAT,0x47CAC,0.05,초핀,초핀: 전투 중 자신의 턴에 스타트 버튼을 누르면 스테이터스를 볼 수 있지요.,,,,チョピン  / バトル中に、自分のターンで / スタートボタンをおすと / ステータスを見れますよね。
8/S8013.DAT,0x47D10,0.07,초핀,초핀: 그때 커서와  로 링 안의 기술을 고르고 아이콘의 위치를 바꾸어 놓을 수 있습니다.,,,,チョピン  / その時に、カーソルと<CTRL:E7:02>でリングの中の技を選んでアイコンの位置を変えられるんです。
8/S8013.DAT,0x47D7A,0.09,초핀,초핀: 이것은 한 번 바꾸면 저장되므로 언제나 사용할 수 있습니다.,,,,チョピン  / これは、一度変えるとセーフされるので / すつと使えますよ。
8/S8013.DAT,0x47DD8,0.12,초핀,초핀: 소환수는 전부 합쳐 둘까지 있다고 들었습니다. 그중에는 찾기 어려운 것도 있는 모양이니 여기저기 찾아 보십시오.,,,,チョピン  / 召喚獣は全部で6までなると聞いております。中には見つかりにくいものもいるようなのであちこち探してみて下さい。
8/S8013.DAT,0x47E52,0.09,초핀,초핀: 포코 님의 악기는 전부 여섯 개라고 들었습니다. 모두 찾으면 상당히 강한 부대가 될 수 있겠군요.,,,,チョピン  / ポコ様の楽器は、全部で8つになると聞いております。全部見つかると、かなり強い兵隊になれそうですね。
8/S8013.DAT,0x47EC8,0.10,초핀,초핀: 그 뒤의 투기장에서는 배틀에서 이긴 수를 세고 있는 모양입니다.,,,,チョピン  / その後の闘技場では、バトルに勝つた数を数えているみたいですね。
8/S8013.DAT,0x47F24,0.09,초핀,초핀: 분명 좋은 일이 있을 테니 힘내서 기록을 세워 주십시오.,,,,チョピン  / きつと、いいことがありますから / がんばつて記ろくを作つて下さい。
8/S8013.DAT,0x47F84,0.08,초핀,초핀: 고겐 님의 키토우올 마법의 불에 큰 폭탄을 던져 넣으면 대폭발이 일어난다고 합니다.,,,,チョピン  / ゴーゲン様のキートウオールの魔法の火に<G:90>大きな爆弾<G:89>を投げ込むと大爆発が / 起こるそうです。
8/S8013.DAT,0x47FF8,0.12,초핀,초핀: 몬스터가 많은 곳에서 써 보시는 건 어떻겠습니까?,,,,チョピン  / モンスターの多いところで使つてみては / どうでしょう。
8/S8013.DAT,0x48052,0.07,초핀,"초핀: 라마다사에서는 등급을 두고 수행을 하고 있는 모양인데, 그것을 모두 끝내면 얻을 수 있는 액세서리가 있는 모양입니다.",,,,チョピン  / ラマダ寺では、ランクを設けて修行を行つているようですが、その全てを終えると手に入るアクセサリーがあるようです。
8/S8013.DAT,0x480C8,0.12,초핀,초핀: 다만 라마다사에서 받을 수 있는 것은 아닌 모양입니다만...,,,,チョピン  / ただ、ラマダ寺でもらえるわけではないようですが・・・。
8/S8013.DAT,0x48124,0.13,초핀,"초핀: 로맨싱 스톤이 있는 곳을 알아냈습니다. 하나는 스메리아의 토우빌, 하나는 아라라토스의 유적 던전,",,,,チョピン  / ロマンシングストーンのある場所がわかりました。1つはスメリアのトウヴィル / 1つはアララトスの遺跡ダンジョン、
8/S8013.DAT,0x48198,0.11,초핀,"초핀: 하나는 고겐 님이, 마지막 하나는 아크 님의 아버님이 가지고 계신 모양입니다.",,,,チョピン  / 1つはゴーゲン様が、最後の1つはアークさんの父上が持つてらつしゃつたみたいですね。
8/S8013.DAT,0x48202,0.08,초핀,초핀: 전투에서 경험치가 두 배가 되는 장신구가 있는 모양입니다. 이름은 비단 띠. 누구나 쓸 수 있는 것 같군요.,,,,チョピン  / 戦闘での経験値が倍になるアクセサリーがあるようです。名前は<G:90>きぬのおび<G:89>。 / 誰でも使えるようですね。
8/S8021.DAT,0x47A9E,0.14,사류족 남자,사류족 남자: 저곳이 우리 마을입니다.,,,,サリュ族の男  / あれが我々の村です。
8/S8021.DAT,0x47B1C,0.18,사류족 남자,사류족 남자: 아젠다 고지에서 온 우리 조상이 처음 살았던 곳입니다.,,,,サリュ族の男  / アゼンダ高地から来た我々の祖先が / 最初に住んだ場所です。
8/S8021.DAT,0x47B8C,0.11,사류족 남자,"사류족 남자: 그 시절 이곳은 물과 초목이 풍부한, 매우 살기 좋은 땅이었다고 들었습니다.",,,,サリュ族の男  / そのころは、ここは水とみどりの豊かな / それは住みやすい土地だつた / と聞いております。
8/S8021.DAT,0x47BFA,0.06,,이 사막의 나라가? 선뜻 믿기 어려운 이야기네.,,,,この砂漠の国が？ / 急には信じられない話ね。
8/S8021.DAT,0x47C46,0.08,사류족 남자,사류족 남자: 공항에서 큰 건물이 보였을 겁니다.,,,,サリュ族の男  / 空港から大きな建物が見えたでしょう。
8/S8021.DAT,0x47CB0,0.11,,"굉장히 투박한 건물이었는데, 저것은 무엇이냐?",,,,えらく無骨(ぶこつ)な / 建物だつたが、あれは何じゃ？
8/S8021.DAT,0x47D10,0.09,사류족 남자,사류족 남자: 저것은 동력석을 캐는 곳입니다.,,,,サリュ族の男  / あれは動力石の採使場(さいくつじょう)です。
8/S8021.DAT,0x47D7A,0.08,사류족 남자,사류족 남자: 동력석은 이제 모든 나라에서 기계를 움직이는 원천이 된 것입니다.,,,,サリュ族の男  / 動力石は、今ではあらゆる国で / 機械を動かす源となつているものです。
8/S8021.DAT,0x47DF2,0.07,사류족 남자,"사류족 남자: 천 년 전에 로마리아에서 온 남자가 동력석을 이용해,",,,,サリュ族の男  / 1000年前に、ロマリアから来た男が / 動力石を使つて、
8/S8021.DAT,0x47E4C,0.11,사류족 남자,사류족 남자: 다른 나라에 팔아넘기는 장사를 시작했습니다.,,,,サリュ族の男  / 他の国へ売りつける商売を始めました。
8/S8021.DAT,0x47EA0,0.08,사류족 남자,사류족 남자: 동력석은 비싸게 팔려 나라가 단숨에 부유해졌습니다.,,,,サリュ族の男  / 動力石は、高値で売れ / 国はにわかに富みました。
8/S8021.DAT,0x47F0E,0.11,사류족 남자,사류족 남자: 하지만 급격한 캐는 일은 자연에 이상을 일으킨 것입니다.,,,,サリュ族の男  / ところが急な採使は自然に / くるいを生じさせたのです。
8/S8021.DAT,0x47F6A,0.12,사류족 남자,사류족 남자: 점점 나라가 메말라 가기 시작했습니다.,,,,サリュ族の男  / 少しすつ、国はかわきはじめました。
8/S8021.DAT,0x47FC6,0.09,사류족 남자,사류족 남자: 그리고 이제는 나라가 아주 사막화되어 버렸습니다.,,,,サリュ族の男  / そして今では、 / 国はすつかり砂漠化してしまいました。
8/S8021.DAT,0x4802E,0.12,사류족 남자,사류족 남자: 하지만 그 남자의 자손이 이 나라를 다스리고 있습니다.,,,,サリュ族の男  / しかし、その男の子孫が / この国を治めているのです。
8/S8021.DAT,0x48096,0.11,,이런 일이.,,,,なんてことだ。
8/S8021.DAT,0x480D0,0.13,사류족 남자,사류족 남자: 갑시다. 장로님에게서 들어 주셨으면 하는 이야기가 있습니다.,,,,サリュ族の男  / まいりましょう。 / 長老から聞いて頂きたい話があります。
8/S8021.DAT,0x48296,0.22,사류족 남자,"사류족 남자: 마, 마을이, 마을이...",으아아아아. 내...내... 마을이!,,18,サリュ族の男  / <CTRL:E4:3D>む・村が、村が・・。
8/S8021.DAT,0x48310,0.36,,무슨 일이 일어난 거지!?,무슨 일이 생긴 거지?,여인,1,何が起きたんだ!？
8/S8031.DAT,0x4856C,0.10,사류족 남자,"사류족 남자: 이, 이런 일이!?",,,,サリュ族の男  / な、なんてことだ!？<CTRL:E4:3D><CTRL:E4:3D>
8/S8031.DAT,0x48588,0.25,사류족 남자,사류족 남자: 장로님...,장로니임!!!,,18,サリュ族の男  / 長老・・<CTRL:E4:3D>。
8/S8031.DAT,0x485FA,0.09,,심하다... 너 무 심하다...,,,,ひどい・・<CTRL:E4:3D>。 / ひ<CTRL:E4:0B>ど<CTRL:E4:3D>すぎる・・<CTRL:E4:3D>。
8/S8031.DAT,0x48662,0.10,,살아남은 사람은 없는가?,,,,生き残つた人はいないのか？
8/S8031.DAT,0x486E8,0.27,매트 버틀러,매트 버틀러: 물의 신전의 벽은 손에 넣었나?,물의 신전,,18,マットバトラー  / 水の神殿のカベは手に入つたか？
8/S8031.DAT,0x48736,0.12,레드 스켈레톤,레드 스켈레톤: 우가아!,,,,レットスケルトン  / うがー!
8/S8031.DAT,0x48778,0.23,매트 버틀러,"매트 버틀러: 좋아, 카사토르 님이 기다리고 계신다. 철수한다.",아주 좋아. 카사돌 님께서 기다리고 계실 거다. 가자.,,18,マットバトラー  / よし、カサトール様がお待ちかねだ。 / 引きあげるぞ。
8/S8031.DAT,0x487D2,0.50,,기다려!,잠깐 기다려!,아크,19,待て!
8/S8031.DAT,0x4881C,0.07,매트 버틀러,"매트 버틀러: 뭐냐, 네놈은?!",,,,マットバトラー  / なんだ、きさまは!？
8/S8031.DAT,0x48864,0.09,,너희가 이런 짓을 한 거냐?,,,,おまえらがこんなこをしたのか？
8/S8031.DAT,0x488A6,0.08,매트 버틀러,"매트 버틀러: 그렇다면 어찌할 건데, 꼬마!",,,,マットバトラー  / だとしたらどうなんだ、小僧!
8/S8031.DAT,0x488F4,0.17,,용서할 수 없어!,,,,ゆるすわけにはいかない!
8/S8041.DAT,0x479BC,0.11,,기다려! 너를 그 신전에 들여보낼 수는 없다!,,,,待て! / <CTRL:E4:3D>お前をその神殿に / 入れるわけにはいかない!
8/S8041.DAT,0x47A1C,0.07,카사토르,카사토르: 네놈이 적국 스메리아의 전사인가. 여기저기서 우리를 방해하고 있는 모양이구나.,,,,カサトール  / きさまが敵のスメリアの戦士か。 / あちこちで我々の邪魔を / してくれているようだな。
8/S8041.DAT,0x47A94,0.09,,방해? 당신들이 하고 있는 짓이 이 세계를 점점 나쁘게 만들고 있는 거야.,,,,邪魔？<CTRL:E4:3D> / あなた達のやつているこが / この世界を / どんどん悪くしているのよ。
8/S8041.DAT,0x47B08,0.12,카사토르,카사토르: 세상이 나빠지고 있다고? 네가 뭔데 그런 말을 하지!,,,,カサトール  / 世界が悪くなつてるだと？ / 何様のつもりだ!
8/S8041.DAT,0x47B5A,0.06,카사토르,"카사토르: 이용할 수 있는 것은 철저히 이용하고, 살 가치도 없는 어린것들을 없애는 게 뭐가 나쁘지?",,,,カサトール  / 利用できるものをとことん利用し / 生きる価値もないようなク供を / 消し去つて何が悪い？
8/S8041.DAT,0x47BDA,0.08,,무슨 짓을... 용서 못 해!,,,,何てこを・・・ / 許さん!
8/S8041.DAT,0x47C32,0.10,카사토르,"카사토르: 네 상대는 내 몬스터, 그라 아피스와 코 아피스다!",,,,カサトール  / きさまの相手は / 我がモンスター / グラ・アピスとコ・アピス達だ!
8/S8041.DAT,0x47C9C,0.08,카사토르,카사토르: 나와 승부하고 싶거든 이겨서 신전까지 와라! 올 수 있다면 말이지만.,,,,カサトール  / 俺と勝負がしたくば / 勝つて神殿まで来い! / <CTRL:E4:3D>来られればの話だがな。
8/S8051.DAT,0x48688,0.17,,왜 사류족 마을을 파괴했지?,,,,なぜ、サリュ族の村を破壊した？
8/S8051.DAT,0x486F0,0.05,카사토르,카사토르: 집요한 놈 같으니!,,,,カサトール  / しつこいやつめ!
8/S8051.DAT,0x48732,0.13,카사토르,"카사토르: 좋아, 신전의 벽이 필요했을 뿐이다.",,,,カサトール  / まあいい、 / 神殿のカベが欲しかつたのでな。
8/S8051.DAT,0x48786,0.06,카사토르,카사토르: 제법 재미있는 구경거리였겠지.,,,,カサトール  / なかなかおもしろい見世物だつたろう。
8/S8051.DAT,0x487D4,0.18,카사토르,카사토르: 어린것들을 죽이는 데 그 이상의 이유 따위는 없다.,,,,カサトール  / ク供どもを殺すのに、 / それ以上の理由などない。
8/S8051.DAT,0x4884A,0.09,,"네놈들, 썩었어! 썩 을 대 로 썩 었 어!!",,,,きさまら、くさつてる!<CTRL:E4:79> / く<CTRL:E4:0B>さ<CTRL:E4:0B>り<CTRL:E4:3D>きつてる!!<CTRL:E4:3D>
8/S8051.DAT,0x488E4,0.06,카사토르,"카사토르: 훗! 약한 놈일수록 잘 떠드는 법이지. 좋다, 바라는 대로 시동해 주마.",,,,カサトール  / ふつ! / 弱いやつほどよくほえる<CTRL:E4:3D>。 / よかろう、望みどおり始動してやる。
8/S8061.DAT,0x479B6,0.07,,사막 지하에 이렇게 물을 가득 머금은 곳이 있다니...,,,,砂漠の地下にこんな水を / たたえた場所があるなんて・・。
8/S8061.DAT,0x47A0A,0.09,,시원하고 기분 좋아.,,,,すすしくて気持ちいい。
8/S8061.DAT,0x47A4A,0.08,,물의 베미가 몸에 전해져 오는 것 같아.,,,,水のベみが体に伝わつてくるようだわ。
8/S8061.DAT,0x47A98,0.10,,"뭐야, 너희는? 도와준 건 고맙지만 허가도 없이 들어오지 않았으면 하는데.",,,,なんだいあんたたちは。 / 助けてくれたのはありがたいけど / 許可もなく入らないで欲しいわね。
8/S8061.DAT,0x47B20,0.15,,당신이 물의 정령이군요.,,,,あなたが、水の精霊ね。
8/S8061.DAT,0x47B6C,0.08,물의 정령,물의 정령: 그렇단다. 물의 베미를 관장하고 있지.,,,,水の精霊  / そうとも、水のベみをつかさどるね。
8/S8061.DAT,0x47BB6,0.07,물의 정령,물의 정령: 그런데 이런 지하 아래쪽에 혼자 숨어 누구에게도 고마움 받지 못하고 있구나.,,,,水の精霊  / それが、こんな地下深くでひつそりと / 誰にもありがたがられすにねえ。
8/S8061.DAT,0x47C22,0.07,물의 정령,물의 정령: 우습게 보지 마라. 이 나라는 원래 풍요로운 나라였단다.,,,,水の精霊  / わらつちゃうじゃないの。 / この国はもともと / ゆたかな国だつたんだよ。
8/S8061.DAT,0x47C80,0.06,물의 정령,물의 정령: 경고를 해도 듣지를 않아.,,,,水の精霊  / 警告をしても聞きやしない。
8/S8061.DAT,0x47CD6,0.08,물의 정령,물의 정령: 자기들이 하는 일이 어떤 결과를 낳는지 알고는 있느냐?,,,,水の精霊  / 自分達のやつているこが / どういう結果をうむのか / わかつてるのかい？
8/S8061.DAT,0x47D3E,0.08,,사람들은 그것을 배울 때가 올 겁니다. 실제로 우리도 이렇게...,,,,人はそれを / 学ぶ時がくるはすです。 / 現に俺達もこうして・・。
8/S8061.DAT,0x47DA2,0.08,물의 정령,물의 정령: 알겠어. 도움을 받았으니 감사해야겠지.,,,,水の精霊  / わかつたわよ。 / 助けてもらつたんだ、感謝しなくちゃね。
8/S8061.DAT,0x47E5E,0.25,,물의 돌을 손에 넣었다.,물의 돌을 획득했다.,,18,<G:90>水の石<G:89>を手に入れた。
8/S8061.DAT,0x47EBE,0.07,물의 정령,물의 정령: 그 아이는 바람의 정령에게서 맡은 후진. 쓸모 있는 녀석이니 데려가거라.,,,,水の精霊  / その子は / 風の精霊からあすかつた<G:90>フウジン<G:89> / 役に立つ奴だから連れていきな。
8/S8061.DAT,0x47F22,0.09,물의 정령,물의 정령: 내가 한 말을 잊지 말아라.,,,,水の精霊  / 私の言つたこ忘れないでおくれよ。
8/S8061.DAT,0x47F6C,0.10,물의 정령,물의 정령: 그것을 모르는 놈들에게 내 힘을 빌려줄 수는 없어!,,,,水の精霊  / それがわかんないヤツ等に / 私の力はかさないよ!
8/S8061.DAT,0x47FC8,0.12,물의 정령,물의 정령: 겸사겸사 이 나라의 몬스터도 퇴치해 다오! 그만큼 보답은 하마.,,,,水の精霊  / ついでにこの国の / モンスター退治をしていつておくれよ! / その分お礼はするからさ。
8/S8061.DAT,0x4802E,0.06,물의 정령,물의 정령: 할 거면 아주 백 마리쯤 퇴치해 다오.,,,,水の精霊  / どうせだつたら、 / どーんと100ぐらい退治しとくれ。
8/S8062.DAT,0x4791C,0.12,물의 정령,물의 정령: 잘 와 주었구나.,,,,水の精霊  / よく来てくれたね。
8/S8062.DAT,0x479C0,0.08,물의 정령,물의 정령: 이 나라를 사악한 자들로부터 지켜 준 보답을 하마.,,,,水の精霊  / この国を悪しきものたちから / 守つてくれたお礼をするよ。
8/S8062.DAT,0x47A60,0.08,물의 정령,물의 정령: 이 나라를 사악한 자들로부터 지켜 준 보답을 하마.,,,,水の精霊  / この国を悪しきものたちから / 守つてくれたお礼をするよ。
8/S8062.DAT,0x47B00,0.09,물의 정령,물의 정령: 너희들의 행적은 내가 언제나 지켜보고 있다.,,,,水の精霊  / あんたたちの行いを、私はいつでも見ているよ。
8/S8062.DAT,0x47B70,0.33,,약초를 받았습니다.,예! .......... 찾았습니다.,군인들,21,<G:90>薬草<G:89>をもらいました。
8/S8062.DAT,0x47BB6,0.30,,큰 폭탄을 받았습니다.,예! .......... 찾았습니다.,군인들,21,<G:90>大きい爆弾<G:89>をもらいました。
8/S8062.DAT,0x47C00,0.25,,여신의 기도를 받았습니다.,예! .......... 찾았습니다.,군인들,21,<G:90>女神のいのり<G:89>をもらいました。
8/S8062.DAT,0x47C4A,0.25,,넘치는 과실을 받았습니다.,저는 가디언의 힘과 축복을 받았습니다.,,6,<G:90>みなぎる果実<G:89>をもらいました。
8/S8062.DAT,0x47C96,0.38,,돌을 받았습니다.,예! .......... 찾았습니다.,군인들,21,<G:90>石<G:89>をもらいました。
8/S8062.DAT,0x47CDA,0.24,,어지러운 보석을 받았습니다.,저는 가디언의 힘과 축복을 받았습니다.,,6,<G:90>乱れる宝石<G:89>をもらいました。
8/S8062.DAT,0x47D2C,0.27,,기합 나팔을 받았습니다.,예! .......... 찾았습니다.,군인들,21,<G:90>気合いラッパ<G:89>をもらいました。
8/S8062.DAT,0x47D70,0.12,물의 정령,물의 정령: 몬스터 한 마리에게 큰 피해를 주는 나팔이야.,,,,水の精霊  / モンスター1体に大ダメージをあたえるラッパだよ。
8/S8062.DAT,0x47DC4,0.11,,고마워. 분명 도움이 될 거야.,,,,ありがとう。きつと役に立つよ。
9/S9012.DAT,0x4799E,0.13,,"좋아, 철수하자!",,,,よし、引き上げよう!
9/S9012.DAT,0x479DE,0.38,,기다려!! 저것을 봐.,기다려! 저길 봐!,쿠쿠루,19,待つて!! / あれを見て。
9/S9012.DAT,0x47A9A,0.08,데스,데스: 그렇게 쉽게 놓아줄 수는 없지.,,,,デス  / そう簡単に逃がすわけにはいかない。
9/S9012.DAT,0x47AE6,0.19,데스,데스: 엘리베이터의 줄을 끊고 한꺼번에 작동시켜 주마.,,,,デス  / エレベータのロープを切つて / まとめて始動してやる。
9/S9012.DAT,0x47B5A,0.11,,그렇게는 못 하게 해!,,,,そんなこさせるか!。
9/S9012.DAT,0x47B98,0.09,,녀석들은 내가 맡을게. 먼저 가 있어.,,,,やつらは俺が引き受ける。 / 先に行つててくれ。
9/S9012.DAT,0x47C00,0.27,,기다려! 나도 갈래.,"어이, 기다려! 나는 더... 어이?",,12,待つて!私もいく。
9/S9013.DAT,0x4795C,0.06,,별일 없었던 거구나. 다행이야!,,,,無こだつたんだね。 / よかつた!
9/S9013.DAT,0x479A2,0.11,,잘난 체하기는.,,,,かつこつけやがつて。
9/S9013.DAT,0x479E0,0.18,,걱정했다.,,,,心配したぞ。
9/S9013.DAT,0x47A2E,0.07,,성이 무너질지도 몰라. 국왕을 구해 내야 해.,,,,城が崩れるかも知れない。 / 王を助けださなきゃ。
9/S9021.DAT,0x48536,0.25,,뭐야?!,ㅁ...ㅁ...ㅁ...ㅁ..ㅁ..무...뭐야?,쿠쿠루,2,何だ!？
9/S9021.DAT,0x48572,0.15,,도망쳤다고 생각하는 거냐!,,,, / 逃げ切れたと思つているのか!<CTRL:E4:5B>
9/S9031.DAT,0x4865C,0.17,소장,"소장: 네놈들, 어떻게 들어왔지?!",,,,所長  / きさまらどうやつて入つた!？
9/S9031.DAT,0x486C4,0.06,소장,소장: 서둘러 대신님께 연락해!,,,,所長  / 急いで、大臣様に連らくしろ!
9/S9031.DAT,0x4873C,0.13,소장,"소장: 하하, 토우빌에서 왔다는 애송이로군.",,,,所長  / ははっ、トウヴィルから / 来たとかいう小僧だな。
9/S9031.DAT,0x4878E,0.13,소장,"소장: 불꽃의 정령을 되찾으러 온 거냐? 좋아, 여기서 시동해 주마.",,,,所長  / 炎の精霊を取り返しにきたのか？ / よし、ここで始動してやる。<CTRL:E4:3D><CTRL:E4:3D>
9/S9051.DAT,0x4795A,0.06,,특별 방송,,,,特別番組
9/S9051.DAT,0x479B4,0.14,아나운서,아나운서: 매우 서러운 소식을 전해 드려야 합니다.,,,,アナウンサー  / 大変悲しいお知らせをしなくては / なりません。
9/S9051.DAT,0x47A1C,0.05,아나운서,아나운서: 오늘 새벽,,,,アナウンサー  / 本日未明
9/S9051.DAT,0x47A6A,0.12,아나운서,아나운서: 스메리아 국왕이 살해당했습니다.,,,,アナウンサー  / スメリア国王が暗殺されました。
9/S9051.DAT,0x47AC8,0.06,아나운서,아나운서: 게다가,,,,アナウンサー  / さらに
9/S9051.DAT,0x47B0C,0.21,아나운서,아나운서: 도적들은 팔렌시아 성을 폭파한 뒤 도주했습니다.,팔렌시아 성,,19,アナウンサー  / 賊はパレンシア城を爆破の動に / 逃走しました。
9/S9051.DAT,0x47B72,0.08,아나운서,"아나운서: 도적은 토우빌 마을 출신인 아크 에다 리코르누를 주모자로 하는 7명으로,",,,,アナウンサー  / 賊はトウヴィル村出身の / アーク・エダ・リコルヌを / 首謀者とする7人で、
9/S9051.DAT,0x47BEE,0.12,아나운서,"아나운서: 지금,",,,,アナウンサー  / 現在、
9/S9051.DAT,0x47C34,0.13,아나운서,아나운서: 국왕 전용 비행선을 빼앗아 도주 중입니다.,,,,アナウンサー  / 国王専用飛行船を奪つて逃走中です。
9/S9051.DAT,0x47C9C,0.07,아나운서,"아나운서: 그러면,",,,,アナウンサー  / それでは、
9/S9051.DAT,0x47CE8,0.07,아나운서,아나운서: 임시 국가안전위원회의,,,,アナウンサー  / 臨時国家安全委員会の
9/S9051.DAT,0x47D38,0.20,아나운서,아나운서: 안델 대신의 말씀입니다.,"당신의 말씀대로, 마스터.",,15,アナウンサー  / アンデル大臣からの言葉です。
9/S9051.DAT,0x47D9C,0.11,안델 대신,안델 대신: 이 혼란이 진정될 때까지 임시 안전 위원회를 설립해 국가 운영을 하겠습니다.,,,,アンデル大臣  / この混乱が落ち着くまで / 臨時安全委員会を設立し / 国家運営を行います。
9/S9051.DAT,0x47E08,0.20,안델 대신,안델 대신: 운영은 위원장인 제가 맡겠습니다.,네 알겠습니다.,정체불명의 인물,7,アンデル大臣  / 運営には委員長として私があたります。
9/S9051.DAT,0x47E58,0.14,안델 대신,안델 대신: 앞으로는 지금 건설 중인 팔렌시아 타워에서 국민에게 지시를 내리겠습니다.,,,,アンデル大臣  / 今後は現在建設中のパレンシアタワーより国民に指示を行います。
9/S9051.DAT,0x47EBA,0.16,안델 대신,안델 대신: 먼저 오늘부터 팔렌시아에 계엄령을 내립니다.,,,,アンデル大臣  / ます本日より / パレンシアに戒厳令をしきます。
9/S9051.DAT,0x47F12,0.10,안델 대신,안델 대신: 대단히 불행한 사태입니다만 국민 여러분께는 침착한 대처를 당부드립니다.,,,,アンデル大臣  / 大変、不幸なこ状ですが / 国民には冷静な対処を認めます。
9/S9051.DAT,0x47F86,0.07,아나운서,아나운서: 이어서...,,,,アナウンサー  / 続きまして・・
B/SB021.DAT,0x47A50,0.11,성궤,"성궤: 나의 힘을 인정한 자여, 그때가 왔다면 힘을 빌려주마.",,,,聖柩  / われの力を認めし者よ / その時が来たというならば力をかそう。
B/SB021.DAT,0x47AB0,0.10,성궤,성궤: 하지만 그러기 위해서는 너희 인간이 자기 자신을 끊어 낼 수 있는 강함을 지녀야 한다.,,,,聖柩  / しかし、そのためにはおまえ達人聞が / おのれをたち切る強さを / 持たねばならない。
B/SB021.DAT,0x47B14,0.10,성궤,"성궤: 자, 나의 시련을 받아라. 너희 자신들의 그림자 분신과 싸우는 것이다.",,,,聖柩  / さっ、我が試練を受けるがいい。おのれ達自身の暗分身と戦うのだ。
B/SB022.DAT,0x478D8,0.14,,"아크, 너희들의 마음은 분명히 받았다.",,,,アーク、おまえたちの気持ちは / 確かに受け取つた。
B/SB022.DAT,0x47948,0.07,하늘의 목소리,하늘의 목소리: 멸망을 막기 위한 마지막 힘 따위는 없다. 여기 있는 것은 예전에 너희가 지녔던 힘.,,,,天の声  / 滅亡を防ぐための最後の力などない。 / ここにあるのは、かつておまえたちが / 持つていた力。
B/SB022.DAT,0x47990,0.11,하늘의 목소리,하늘의 목소리: 모든 것을 사랑하고 아끼는 마음. 그리고 모든 것을 지키는 힘이다.,,,,天の声  / 全てを愛しいつくしむ心。 / そして全てを守る力だ。
B/SB022.DAT,0x479C2,0.08,하늘의 목소리,하늘의 목소리: 그러나 너희 인간은 역사를 거듭하는 사이 그 마음을 잊고 힘을 잃어버렸다.,,,,天の声  / しかしおまえたち人聞は / 歴史をかさねるうちに / その心を忘れ力を失つてしまつた。
B/SB022.DAT,0x47A04,0.09,하늘의 목소리,"하늘의 목소리: 성궤 안에 있는 보물이란 곧, 여기까지의 고난을 이겨 내고",,,,天の声  / <G:90>聖柩<G:89>の中にある宝とはすなわち / ここまでの苦難を乗りこえ
B/SB022.DAT,0x47A3C,0.08,하늘의 목소리,"하늘의 목소리: 보고 듣고, 그리고 슬퍼하고 괴로워하며 성장해 온 아크, 너 자신이다.",,,,天の声  / 見聞き、そして悲しみ、苦しみ / 成長してきたアーク、お前自身だ。
B/SB022.DAT,0x47A74,0.14,하늘의 목소리,하늘의 목소리: 그리고 모든 것을 사랑하는 마음을 지닌 인간들이다.,,,,天の声  / そして全ての愛する心を持つた / 人聞たちなのだ。
B/SB022.DAT,0x47AC0,0.09,하늘의 목소리,"하늘의 목소리: 자, 스스로가 가져야 할 힘을 손에 넣어라.",,,,天の声  / さあ自らが持つベき力を手にするがよい。
B/SB022.DAT,0x47B0C,0.28,,아크는 용자의 힘을 손에 넣었다.,아크는 용기의 힘을 획득했다.,,21,アークは<G:90>勇者の力<G:89>を手に入れた。
B/SB022.DAT,0x47B2A,0.19,,쿠쿠루는 성모의 힘을 손에 넣었다.,,,,ククルは<G:90>聖母の力<G:89>を手に入れた。
B/SB022.DAT,0x47B48,0.10,하늘의 목소리,하늘의 목소리: 너희들의 미래는 자신의 욕망에 사로잡혀 자신을 잃어버린 인간들과,,,,天の声  / おまえ達の未来は自らの欲望にしばられ / おのれを見失つている人聞達と
B/SB022.DAT,0x47B82,0.10,하늘의 목소리,하늘의 목소리: 그 사이를 파고드는 몬스터들 때문에 멸망을 향해 나아가고 있다.,,,,天の声  / そこにつけ込むモンスター達によつて / 滅亡にむけて進んでいる。
B/SB022.DAT,0x47BBA,0.10,하늘의 목소리,하늘의 목소리: 이대로라면 몬스터와 함께 인간도 이 세상에서 사라지게 될 것이다.,,,,天の声  / このままではモンスターと共に / 人聞もこの世界から消え去るであろう。
B/SB022.DAT,0x47BF4,0.11,하늘의 목소리,"하늘의 목소리: 아크여, 얻은 힘을 써서 다른 동료들과 힘을 합쳐 사람들을 깨우고 이끌어라.",,,,天の声  / アークよ、得た力を使い / 他の仲聞と力をあわせ / 人々を気付かせみちびくのだ。
B/SB022.DAT,0x47C36,0.09,하늘의 목소리,"하늘의 목소리: 그리고 쿠쿠루여, 너는 이제부터 세계에서 닫히는 토우빌에 남아",,,,天の声  / そしてククルよ / おまえはこれより、世界からとじる / トウヴィルに残り
B/SB022.DAT,0x47C72,0.11,하늘의 목소리,하늘의 목소리: 깨어난 백성의 힘을 모아 아크를 지키고 떠받쳐라.,,,,天の声  / 目ざめた民の力を集め / アークを守り支えるのだ。
B/SB022.DAT,0x47D4A,0.10,대지의 정령,대지의 정령: 배우고 있는 모양이구나. 분별을 아는 자에게는 자연도 힘을 준다. 우리 정령이라 해서 예외는 아니다.,,,,地の精霊  / 学んでおるようじゃな。 / わきまえた者には自然も力を与える。 / わしら精霊とて例外ではない。
B/SB022.DAT,0x47D9E,0.12,물의 정령,물의 정령: 너희들을 보고 인간을 조금 다시 보게 됐어. 힘내렴.,,,,水の精霊  / あんた達を見てて人聞を少し見直したよ / がんばんなさいよ。
B/SB022.DAT,0x47DDE,0.06,바람의 정령,"바람의 정령: 자, 이제부터가 진짜 고비다. 우리도 전면적으로 힘을 보태지. 마음껏 날뛰고 오너라.",,,,風の精霊  / さて、これからが本当の正ねん場じゃ。 / わしらも全面的に手をかす。 / 存分に暴れてこい。
B/SB022.DAT,0x47E32,0.08,불의 정령,불의 정령: 이제야말로 너희의 말인 인간 스스로의 잘못을 바로잡는 용기를 보여 줄 때다.,,,,火の精霊  / 今こそ、お前達の言葉である、 / <G:90>人聞の自らの過ちを正す勇気<G:89> / を見せてもらうときじゃ。
B/SB022.DAT,0x47E84,0.08,빛의 정령,"빛의 정령: 아크, 너는 내가 믿었던 그대로의 인간이었어. 하지만 잘못된 길을 가고 있는 사람들도 있어.",,,,光の精霊  / アーク、君は僕の信じた通りの人聞だつたでも聞違つた道を進んでいる人達もいる。
B/SB022.DAT,0x47EC6,0.13,빛의 정령,빛의 정령: 그것을 바로잡을 수 있는 건 너희들뿐이야. 훌륭한 미래를 기대하고 있어.,,,,光の精霊  / それを正せるのは君たちしかいない。 / すばらしい未来を期待してるよ。
B/SB022.DAT,0x47F00,0.09,하늘의 목소리,"하늘의 목소리: 자, 가거라. 미래는 너희가 열어 가는 것이다.",,,,天の声  / さあ、ゆくがよい。 / 未来はお前達が切り開くのだ。
B/SB041.DAT,0x47986,0.44,,대체 무슨 일이야!,아크. 무슨... 무슨 일이야?,,10,一体何だつてんだ!
B/SB041.DAT,0x479C8,0.09,,히이이!,,,,ひえええ!
B/SB041.DAT,0x479DC,0.14,,시작됐군.,,,,始まつたか。
B/SB041.DAT,0x479F8,0.00,,에?,,,,えつ？
B/SB041.DAT,0x47A84,0.33,,아크!,오... 아크야...,어머니,2,アーク!
B/SB041.DAT,0x47AAA,0.00,,자,,,,さっ、それぞれの役目を果たすのだ。
B/SB041.DAT,0x47AEE,0.11,,아크는 바다로 향해 세계로 날아가라.,,,,アークはうみへ向かい、世界へ飛び立て。
B/SB041.DAT,0x47B22,0.13,,쿠쿠루는 닫히는 토우빌로 들어가 용자 아크를 떠받치는 것이다.,,,,ククルはとじるトウヴィルに入り、 / 勇者アークをささえるのだ。
B/SB041.DAT,0x47B7C,0.10,,이대로면 우리도 휩쓸리고 말아!,,,,このままじゃ俺達も飲み込まれちまうぜ!
B/SB071.DAT,0x47E54,0.11,,앞으로 나아가면 이제 돌아올 수 없게 될지도 모른다.,,,,先に進めば / もう戻れなくなるかもしれない。
B/SB071.DAT,0x47EA6,0.09,,괜찮을까?|물론|그만,,,,それでもいいか？ /  / <CTRL:E5:03>もちろん / <CTRL:E5:03>やつっりやめよう。
B/SB071.DAT,0x47F0E,0.14,,고겐,,,,ゴーゲン頼む。
B/SB072.DAT,0x47DCE,0.00,,어,,,,え<CTRL:FF:04>
B/SB072.DAT,0x47EBE,0.33,,이건...,이건 뭐지?,아크,19,これは・・。
B/SB072.DAT,0x47F1E,0.10,대신,"대신: 아무래도 성궤를 손에 넣은 모양이군. 수고했다, 수고했어.",,,,大臣  / どうやら<G:90>聖柩<G:89>を手に入れたようだな / ご苦労、ご苦労。
B/SB072.DAT,0x47F7E,0.08,,네놈!,,,,きさまつ!
B/SB072.DAT,0x47FEC,0.11,대신,대신: 동굴을 조사해라! 성궤가 있을 것이다.,,,,大臣  / 洞窟を調ベろ! / <G:90>聖柩<G:89>があるはすだ。
B/SB072.DAT,0x4803C,0.00,병사,병사: 옛!,,,,兵士  / はつ。
B/SB072.DAT,0x480F6,0.29,병사,병사: 있었습니다.,네 알겠습니다.,정체불명의 인물,7,兵士  / ありました。
B/SB072.DAT,0x48134,0.13,대신,"대신: 좋아, 이놈들을 끌고 가라!",,,,大臣  / よし、こいつらを引き立てろ!
B/SB072.DAT,0x4819C,0.09,,할 수 있으면 해 봐라! 너희도 무사하지 못할 거다!,,,,やれるもんならやつてみやがれ!てめえらもただじゃ済まねえぞ!
B/SB072.DAT,0x481FE,0.05,,다들 그만두!,,,,みんなやめるんだ!
B/SB072.DAT,0x48268,0.11,대신,대신: 그게 좋을 거다. 우리는 토우빌 마을 사람들의 목숨을 어떻게든 할 수 있으니 말이다.,,,,大臣  / それがよかろう。 / われらはトウヴィルの村人の命を / どうにでもできるのだからな。
B/SB072.DAT,0x482CC,0.18,대신,대신: 용자라 해도 어머니의 목숨은 소중하겠지.,,,,大臣  / 勇者とて、母親の命は大切だろう。
B/SB072.DAT,0x48320,0.17,대신,대신: 하하하하하.,,,,大臣  / はつはつはつはつはつ。
C1/SC011.DAT,0x46DE6,0.13,,전투가 된다. 괜찮나?|예|그만둔다,,,,戦闘になるぞ。いいか？ / <CTRL:E5:03>はい / <CTRL:E5:03>やつっりやめる
C1/SC011.DAT,0x46E48,0.12,,전투가 될 거야. 괜찮아?|예|그만둔다,,,,戦闘になるよ。いいの？ / <CTRL:E5:03>はい / <CTRL:E5:03>やつっりやめる
C1/SC011.DAT,0x46EAA,0.20,,할 거다. 물론 괜찮겠지|예|그만둔다,"괜찮겠지, 가자.",아크,6,やるぜ。もちろんいいよな / <CTRL:E5:03>はい / <CTRL:E5:03>やつっりやめる
C1/SC011.DAT,0x46F0E,0.11,,"전투가 되는데, 괜찮으려나?|예|그만둔다",,,,戦闘になるけど、いいのかな？ / <CTRL:E5:03>はい / <CTRL:E5:03>やつっりやめる
C1/SC011.DAT,0x46F74,0.12,,전투가 되는데 괜찮겠나?|예|그만둔다,,,,戦闘になるがいいのかな？ / <CTRL:E5:03>はい / <CTRL:E5:03>やつっりやめる
C1/SC011.DAT,0x46FD8,0.09,,괜찮나?|예|그만둔다,,,,いいか？ / <CTRL:E5:03>はい / <CTRL:E5:03>やつっりやめる
C1/SC011.DAT,0x47034,0.14,,어떻게 할까|한다|그만둔다,,,,どうしようかね / <CTRL:E5:03>やる / <CTRL:E5:03>やつっりやめる
C1/SC011.DAT,0x48DEA,0.08,,나도 싸울까,,,,おれもたたかつてやろうか
C1/SC021.DAT,0x46DE6,0.12,,전투?|예|그만,,,,戦闘になるぞ。いいか？ / <CTRL:E5:03>はい / <CTRL:E5:03>やつっりやめる
C1/SC021.DAT,0x46E48,0.12,,전투?|예|그만,,,,戦闘になるよ。いいの？ / <CTRL:E5:03>はい / <CTRL:E5:03>やつっりやめる
C1/SC021.DAT,0x46EAA,0.12,,전투?|예|그만,,,,やるぜ。もちろんいいよな / <CTRL:E5:03>はい / <CTRL:E5:03>やつっりやめる
C1/SC021.DAT,0x46F0E,0.12,,전투?|예|그만,,,,戦闘になるけど、いいのかな？ / <CTRL:E5:03>はい / <CTRL:E5:03>やつっりやめる
C1/SC021.DAT,0x46F74,0.12,,전투?|예|그만,,,,戦闘になるがいいのかな？ / <CTRL:E5:03>はい / <CTRL:E5:03>やつっりやめる
C1/SC021.DAT,0x46FD8,0.12,,전투?|예|그만,,,,いいか？ / <CTRL:E5:03>はい / <CTRL:E5:03>やつっりやめる
C1/SC021.DAT,0x47034,0.09,,할까?|한다|그만,,,,どうしようかね / <CTRL:E5:03>やる / <CTRL:E5:03>やつっりやめる
C1/SC031.DAT,0x46DE6,0.12,,전투?|예|그만,,,,戦闘になるぞ。いいか？ / <CTRL:E5:03>はい / <CTRL:E5:03>やつっりやめる
C1/SC031.DAT,0x46E48,0.12,,전투?|예|그만,,,,戦闘になるよ。いいの？ / <CTRL:E5:03>はい / <CTRL:E5:03>やつっりやめる
C1/SC031.DAT,0x46EAA,0.12,,전투?|예|그만,,,,やるぜ。もちろんいいよな / <CTRL:E5:03>はい / <CTRL:E5:03>やつっりやめる
C1/SC031.DAT,0x46F0E,0.12,,전투?|예|그만,,,,戦闘になるけど、いいのかな？ / <CTRL:E5:03>はい / <CTRL:E5:03>やつっりやめる
C1/SC031.DAT,0x46F74,0.12,,전투?|예|그만,,,,戦闘になるがいいのかな？ / <CTRL:E5:03>はい / <CTRL:E5:03>やつっりやめる
C1/SC031.DAT,0x46FD8,0.12,,전투?|예|그만,,,,いいか？ / <CTRL:E5:03>はい / <CTRL:E5:03>やつっりやめる
C1/SC031.DAT,0x47034,0.09,,할까?|한다|그만,,,,どうしようかね / <CTRL:E5:03>やる / <CTRL:E5:03>やつっりやめる
C1/SC041.DAT,0x46DE6,0.12,,전투?|예|그만,,,,戦闘になるぞ。いいか？ / <CTRL:E5:03>はい / <CTRL:E5:03>やつっりやめる
C1/SC041.DAT,0x46E48,0.12,,전투?|예|그만,,,,戦闘になるよ。いいの？ / <CTRL:E5:03>はい / <CTRL:E5:03>やつっりやめる
C1/SC041.DAT,0x46EAA,0.12,,전투?|예|그만,,,,やるぜ。もちろんいいよな / <CTRL:E5:03>はい / <CTRL:E5:03>やつっりやめる
C1/SC041.DAT,0x46F0E,0.12,,전투?|예|그만,,,,戦闘になるけど、いいのかな？ / <CTRL:E5:03>はい / <CTRL:E5:03>やつっりやめる
C1/SC041.DAT,0x46F74,0.12,,전투?|예|그만,,,,戦闘になるがいいのかな？ / <CTRL:E5:03>はい / <CTRL:E5:03>やつっりやめる
C1/SC041.DAT,0x46FD8,0.12,,전투?|예|그만,,,,いいか？ / <CTRL:E5:03>はい / <CTRL:E5:03>やつっりやめる
C1/SC041.DAT,0x47034,0.09,,할까?|한다|그만,,,,どうしようかね / <CTRL:E5:03>やる / <CTRL:E5:03>やつっりやめる
C1/SC051.DAT,0x46DE6,0.12,,전투?|예|그만,,,,戦闘になるぞ。いいか？ / <CTRL:E5:03>はい / <CTRL:E5:03>やつっりやめる
C1/SC051.DAT,0x46E48,0.12,,전투?|예|그만,,,,戦闘になるよ。いいの？ / <CTRL:E5:03>はい / <CTRL:E5:03>やつっりやめる
C1/SC051.DAT,0x46EAA,0.12,,전투?|예|그만,,,,やるぜ。もちろんいいよな / <CTRL:E5:03>はい / <CTRL:E5:03>やつっりやめる
C1/SC051.DAT,0x46F0E,0.12,,전투?|예|그만,,,,戦闘になるけど、いいのかな？ / <CTRL:E5:03>はい / <CTRL:E5:03>やつっりやめる
C1/SC051.DAT,0x46F74,0.12,,전투?|예|그만,,,,戦闘になるがいいのかな？ / <CTRL:E5:03>はい / <CTRL:E5:03>やつっりやめる
C1/SC051.DAT,0x46FD8,0.12,,전투?|예|그만,,,,いいか？ / <CTRL:E5:03>はい / <CTRL:E5:03>やつっりやめる
C1/SC051.DAT,0x47034,0.09,,할까?|한다|그만,,,,どうしようかね / <CTRL:E5:03>やる / <CTRL:E5:03>やつっりやめる
C1/SC061.DAT,0x46DE6,0.12,,전투?|예|그만,,,,戦闘になるぞ。いいか？ / <CTRL:E5:03>はい / <CTRL:E5:03>やつっりやめる
C1/SC061.DAT,0x46E48,0.12,,전투?|예|그만,,,,戦闘になるよ。いいの？ / <CTRL:E5:03>はい / <CTRL:E5:03>やつっりやめる
C1/SC061.DAT,0x46EAA,0.12,,전투?|예|그만,,,,やるぜ。もちろんいいよな / <CTRL:E5:03>はい / <CTRL:E5:03>やつっりやめる
C1/SC061.DAT,0x46F0E,0.12,,전투?|예|그만,,,,戦闘になるけど、いいのかな？ / <CTRL:E5:03>はい / <CTRL:E5:03>やつっりやめる
C1/SC061.DAT,0x46F74,0.12,,전투?|예|그만,,,,戦闘になるがいいのかな？ / <CTRL:E5:03>はい / <CTRL:E5:03>やつっりやめる
C1/SC061.DAT,0x46FD8,0.12,,전투?|예|그만,,,,いいか？ / <CTRL:E5:03>はい / <CTRL:E5:03>やつっりやめる
C1/SC061.DAT,0x47034,0.09,,할까?|한다|그만,,,,どうしようかね / <CTRL:E5:03>やる / <CTRL:E5:03>やつっりやめる
C1/SC081.DAT,0x46DE6,0.12,,전투?|예|그만,,,,戦闘になるぞ。いいか？ / <CTRL:E5:03>はい / <CTRL:E5:03>やつっりやめる
C1/SC081.DAT,0x46E48,0.12,,전투?|예|그만,,,,戦闘になるよ。いいの？ / <CTRL:E5:03>はい / <CTRL:E5:03>やつっりやめる
C1/SC081.DAT,0x46EAA,0.10,,시작할까?|예|그만,,,,んつ、どりゃーーー。 / <CTRL:E5:03>はい / <CTRL:E5:03>やつっりやめる
C1/SC081.DAT,0x46F0C,0.05,,아파도 할까?|예|그만,,,,ひいのやだな。でもやる？ / <CTRL:E5:03>はい / <CTRL:E5:03>やつっりやめる
C1/SC081.DAT,0x46F70,0.12,,전투?|예|그만,,,,戦闘になるがいいのかな？ / <CTRL:E5:03>はい / <CTRL:E5:03>やつっりやめる
C1/SC081.DAT,0x46FD4,0.12,,전투?|예|그만,,,,いいか？ / <CTRL:E5:03>はい / <CTRL:E5:03>やつっりやめる
C1/SC081.DAT,0x47030,0.10,,갈까|간다|그만,,,,いくかね / <CTRL:E5:03>いく / <CTRL:E5:03>やつっりやめる
C1/SC091.DAT,0x46DE6,0.20,,준비됐나?|예|그만,모든 준비가 됐나?,,21,いつでもいいぞ / <CTRL:E5:03>はい / <CTRL:E5:03>やつっりやめる
C1/SC091.DAT,0x46E44,0.05,,맡겨 두게|예|그만,,,,まかせなさい / <CTRL:E5:03>はい / <CTRL:E5:03>やつっりやめる
C1/SC091.DAT,0x46EA2,0.10,,시작할까?|예|그만,,,,ぬふりゃーーー。 / <CTRL:E5:03>はい / <CTRL:E5:03>やつっりやめる
C1/SC091.DAT,0x46F04,0.12,,전투?|예|그만,,,,やつっりいく？ / <CTRL:E5:03>はい / <CTRL:E5:03>やつっりやめる
C1/SC091.DAT,0x46F62,0.12,,전투?|예|그만,,,,いいのかな？ / <CTRL:E5:03>はい / <CTRL:E5:03>やつっりやめる
C1/SC091.DAT,0x46FC0,0.12,,전투?|예|그만,,,,いいか？ / <CTRL:E5:03>はい / <CTRL:E5:03>やつっりやめる
C1/SC091.DAT,0x4701C,0.09,,할까?|한다|그만,,,,わしゃイヤだが、やるかね / <CTRL:E5:03>やる / <CTRL:E5:03>やつっりやめる
C2/SC0A1.DAT,0x46DE6,0.12,,전투?|예|그만,,,,戦闘になるぞ。いいか？ / <CTRL:E5:03>はい / <CTRL:E5:03>やつっりやめる
C2/SC0A1.DAT,0x46E48,0.12,,전투?|예|그만,,,,戦いたい？ / <CTRL:E5:03>はい / <CTRL:E5:03>やつっりやめる
C2/SC0A1.DAT,0x46EA4,0.12,,전투?|예|그만,,,,やろうぜ / <CTRL:E5:03>はい / <CTRL:E5:03>やつっりやめる
C2/SC0A1.DAT,0x46F00,0.12,,전투?|예|그만,,,,戦闘になるけど、いいのかな？ / <CTRL:E5:03>はい / <CTRL:E5:03>やつっりやめる
C2/SC0A1.DAT,0x46F66,0.12,,전투?|예|그만,,,,戦闘になるがいいのかな？ / <CTRL:E5:03>はい / <CTRL:E5:03>やつっりやめる
C2/SC0A1.DAT,0x46FCA,0.12,,전투?|예|그만,,,,いいか？ / <CTRL:E5:03>はい / <CTRL:E5:03>やつっりやめる
C2/SC0A1.DAT,0x47026,0.09,,할까?|한다|그만,,,,どうしようかね / <CTRL:E5:03>やる / <CTRL:E5:03>やつっりやめる
C2/SC0B6.DAT,0x45C3A,0.22,,축하합니다!,곧 도착할 듯합니다.,,15,おめでとうございます!
C2/SC0B6.DAT,0x45C78,0.11,,지금까지의 승리 횟수는  회입니다.,,,,今までの勝利回数は<CTRL:E8:13>回です。<CTRL:E4:3D>
C2/SC0B6.DAT,0x45CD4,0.10,,승리 횟수 10회를 달성하신 분께는 조금 기쁜 상품이 있습니다. 힘내 주십시오.,,,,勝利回数10回の方には、 / ちょつとうれしい賞品がございます。 / がんばつて下さい。
C2/SC0B6.DAT,0x45D4E,0.22,,축하합니다!,곧 도착할 듯합니다.,,15,おめでとうございます!
C2/SC0B6.DAT,0x45D8C,0.11,,지금까지의 승리 횟수는  회입니다.,,,,今までの勝利回数は<CTRL:E8:13>回です。<CTRL:E4:3D>
C2/SC0B6.DAT,0x45DE8,0.11,,20회까지 앞으로  회입니다. 힘내 주십시오.,,,,20回までのこり<CTRL:E8:21>回です。 / がんばつて下さい。
C2/SC0B6.DAT,0x45E4C,0.22,,축하합니다!,곧 도착할 듯합니다.,,15,おめでとうございます!
C2/SC0B6.DAT,0x45E8A,0.11,,지금까지의 승리 횟수는  회입니다.,,,,今までの勝利回数は<CTRL:E8:13>回です。<CTRL:E4:3D>
C2/SC0B6.DAT,0x45EE6,0.11,,40회까지 앞으로  회입니다. 힘내 주십시오.,,,,40回までのこり<CTRL:E8:21>回です。 / がんばつて下さい。
C2/SC0B6.DAT,0x45F4A,0.22,,축하합니다!,곧 도착할 듯합니다.,,15,おめでとうございます!
C2/SC0B6.DAT,0x45F88,0.11,,지금까지의 승리 횟수는  회입니다.,,,,今までの勝利回数は<CTRL:E8:13>回です。<CTRL:E4:3D>
C2/SC0B6.DAT,0x45FE4,0.11,,80회까지 앞으로  회입니다. 힘내 주십시오.,,,,80回までのこり<CTRL:E8:21>回です。 / がんばつて下さい。
C2/SC0B6.DAT,0x46048,0.22,,축하합니다!,곧 도착할 듯합니다.,,15,おめでとうございます!
C2/SC0B6.DAT,0x46086,0.11,,지금까지의 승리 횟수는  회입니다.,,,,今までの勝利回数は<CTRL:E8:13>回です。<CTRL:E4:3D>
C2/SC0B6.DAT,0x460E2,0.11,,120회까지 앞으로  회입니다. 힘내 주십시오.,,,,120回までのこり<CTRL:E8:21>回です。 / がんばつて下さい。
C2/SC0B6.DAT,0x46146,0.22,,축하합니다!,곧 도착할 듯합니다.,,15,おめでとうございます!
C2/SC0B6.DAT,0x46184,0.11,,지금까지의 승리 횟수는  회입니다.,,,,今までの勝利回数は<CTRL:E8:13>回です。<CTRL:E4:3D>
C2/SC0B6.DAT,0x461E0,0.11,,160회까지 앞으로  회입니다. 힘내 주십시오.,,,,160回までのこり<CTRL:E8:21>回です。 / がんばつて下さい。
C2/SC0B6.DAT,0x46244,0.22,,축하합니다!,곧 도착할 듯합니다.,,15,おめでとうございます!
C2/SC0B6.DAT,0x46282,0.11,,지금까지의 승리 횟수는  회입니다.,,,,今までの勝利回数は<CTRL:E8:13>回です。<CTRL:E4:3D>
C2/SC0B6.DAT,0x462DE,0.11,,200회까지 앞으로  회입니다. 힘내 주십시오.,,,,200回までのこり<CTRL:E8:21>回です。 / がんばつて下さい。
C2/SC0B6.DAT,0x46342,0.22,,축하합니다!,곧 도착할 듯합니다.,,15,おめでとうございます!
C2/SC0B6.DAT,0x46380,0.11,,지금까지의 승리 횟수는  회입니다.,,,,今までの勝利回数は<CTRL:E8:13>回です。<CTRL:E4:3D>
C2/SC0B6.DAT,0x463DC,0.10,,1000회까지 앞으로  회입니다. 포기하지 말고 힘내 주십시오.,,,,1000回までのこり<CTRL:E8:21>回です。 / あきらめないで、がんばつて下さい。
C2/SC0B6.DAT,0x4644A,0.22,,축하합니다!,곧 도착할 듯합니다.,,15,おめでとうございます!
C2/SC0B6.DAT,0x4648E,0.11,,10회째 승리를 기려 선물이 있습니다. 다음 상품 중에서 고르십시오.,,,,10回目の勝利をきねんして / プレゼントがございます。 / 次の商品からお選び下さい。
C2/SC0B6.DAT,0x464F8,0.05,,|넘치는 과실|큰 폭탄|약화의 구슬|부활의 약,,,,<CTRL:E5:03><G:90>みなぎる果実<G:89> / <CTRL:E5:03><G:90>大きい爆弾<G:89> / <CTRL:E5:03><G:90>弱りの玉<G:89> / <CTRL:E5:03><G:90>復活の薬<G:89>
C2/SC0B6.DAT,0x46572,0.15,,넘치는 과실을 손에 넣었다.,,,,<G:90>みなぎる果実<G:89>を手にいれた。
C2/SC0B6.DAT,0x465B6,0.07,,20번째 승리를 목표로 힘내 주십시오.,,,,20回目の勝利を目指して / がんばつて下さい。
C2/SC0B6.DAT,0x4660A,0.17,,큰 폭탄을 손에 넣었다.,,,,<G:90>大きい爆弾<G:89>を手にいれた。
C2/SC0B6.DAT,0x4664C,0.07,,20번째 승리를 목표로 힘내 주십시오.,,,,20回目の勝利を目指して / がんばつて下さい。
C2/SC0B6.DAT,0x466A0,0.15,,약화의 구슬을 손에 넣었다.,,,,<G:90>弱りの玉<G:89>を手にいれた。
C2/SC0B6.DAT,0x466E2,0.07,,20번째 승리를 목표로 힘내 주십시오.,,,,20回目の勝利を目指して / がんばつて下さい。
C2/SC0B6.DAT,0x46736,0.16,,부활의 약을 손에 넣었다.,,,,<G:90>復活の薬<G:89>を手にいれた。
C2/SC0B6.DAT,0x46778,0.07,,20번째 승리를 목표로 힘내 주십시오.,,,,20回目の勝利を目指して / がんばつて下さい。
C2/SC0B6.DAT,0x467D6,0.22,,축하합니다!,곧 도착할 듯합니다.,,15,おめでとうございます!
C2/SC0B6.DAT,0x4681A,0.11,,20회째 승리를 기려 선물이 있습니다. 다음 상품 중에서 고르십시오.,,,,20回目の勝利をきねんして / プレゼントがございます。 / 次の商品からお選び下さい。
C2/SC0B6.DAT,0x46884,0.05,,|힘의 열매|파로의 열매|생명의 나무 열매|마력의 샘,,,,<CTRL:E5:03><G:90>ちからの実<G:89> / <CTRL:E5:03><G:90>パロの実<G:89> / <CTRL:E5:03><G:90>いのちの木の実<G:89> / <CTRL:E5:03><G:90>魔力の泉<G:89>
C2/SC0B6.DAT,0x468FA,0.22,,힘의 열매를 손에 넣었다.,마침내 바람의 오브를 손에 넣었군.,,17,<G:90>ちからの実<G:89>を手にいれた。
C2/SC0B6.DAT,0x4693C,0.07,,40번째 승리를 목표로 힘내 주십시오.,,,,40回目の勝利を目指して / がんばつて下さい。
C2/SC0B6.DAT,0x46990,0.21,,파로의 열매를 손에 넣었다.,마침내 바람의 오브를 손에 넣었군.,,17,<G:90>パロの実<G:89>を手にいれた。
C2/SC0B6.DAT,0x469D0,0.07,,40번째 승리를 목표로 힘내 주십시오.,,,,40回目の勝利を目指して / がんばつて下さい。
C2/SC0B6.DAT,0x46A24,0.19,,생명의 나무 열매를 손에 넣었다.,,,,<G:90>いのちの木の実<G:89>を手にいれた。
C2/SC0B6.DAT,0x46A68,0.07,,40번째 승리를 목표로 힘내 주십시오.,,,,40回目の勝利を目指して / がんばつて下さい。
C2/SC0B6.DAT,0x46ABC,0.16,,마력의 샘을 손에 넣었다.,,,,<G:90>魔力の泉<G:89>を手にいれた。
C2/SC0B6.DAT,0x46AFE,0.07,,40번째 승리를 목표로 힘내 주십시오.,,,,40回目の勝利を目指して / がんばつて下さい。
C2/SC0B6.DAT,0x46B5C,0.22,,축하합니다!,곧 도착할 듯합니다.,,15,おめでとうございます!
C2/SC0B6.DAT,0x46BA0,0.11,,40회째 승리를 기려 선물이 있습니다. 다음 상품 중에서 고르십시오.,,,,40回目の勝利をきねんして / プレゼントがございます。 / 次の商品からお選び下さい。
C2/SC0B6.DAT,0x46C0A,0.05,,|얼음의 수호|불꽃의 수호|마법의 카트|질풍의 반다나,,,,<CTRL:E5:03><G:90>氷の守り<G:89> / <CTRL:E5:03><G:90>炎の守り<G:89> / <CTRL:E5:03><G:90>魔法のカート<G:89> / <CTRL:E5:03><G:90>しつぷうのバンダナ<G:89>
C2/SC0B6.DAT,0x46C84,0.21,,얼음의 수호를 손에 넣었다.,마침내 바람의 오브를 손에 넣었군.,,17,<G:90>氷の守り<G:89>を手にいれた。
C2/SC0B6.DAT,0x46CC6,0.07,,60번째 승리를 목표로 힘내 주십시오.,,,,80回目の勝利を目指して / がんばつて下さい。
C2/SC0B6.DAT,0x46D1A,0.21,,불꽃의 수호를 손에 넣었다.,마침내 바람의 오브를 손에 넣었군.,,17,<G:90>炎の守り<G:89>を手にいれた。
C2/SC0B6.DAT,0x46D5A,0.07,,60번째 승리를 목표로 힘내 주십시오.,,,,80回目の勝利を目指して / がんばつて下さい。
C2/SC0B6.DAT,0x46DAE,0.21,,마법의 카트를 손에 넣었다.,마침내 바람의 오브를 손에 넣었군.,,17,<G:90>魔法のカート<G:89>を手にいれた。
C2/SC0B6.DAT,0x46DF2,0.07,,60번째 승리를 목표로 힘내 주십시오.,,,,80回目の勝利を目指して / がんばつて下さい。
C2/SC0B6.DAT,0x46E46,0.20,,질풍의 반다나를 손에 넣었다.,마침내 바람의 오브를 손에 넣었군.,,17,<G:90>しつぷうのバンダナ<G:89>を手にいれた。
C2/SC0B6.DAT,0x46E8C,0.07,,60번째 승리를 목표로 힘내 주십시오.,,,,80回目の勝利を目指して / がんばつて下さい。
C2/SC0B6.DAT,0x46EEA,0.22,,축하합니다!,곧 도착할 듯합니다.,,15,おめでとうございます!
C2/SC0B6.DAT,0x46F2E,0.11,,80회째 승리를 기려 선물이 있습니다. 다음 상품 중에서 고르십시오.,,,,80回目の勝利をきねんして / プレゼントがございます。 / 次の商品からお選び下さい。
C2/SC0B6.DAT,0x46F98,0.04,,|슬리플리스 카트|안티헤모지|거울|선글라스,,,,<CTRL:E5:03><G:90>スリープレスカート<G:89> / <CTRL:E5:03><G:90>アンチへモジー<G:89> / <CTRL:E5:03><G:90>鏡<G:89> / <CTRL:E5:03><G:90>サングラス<G:89>
C2/SC0B6.DAT,0x4700E,0.19,,슬리플리스 카트를 손에 넣었다.,,,,<G:90>スリープレスカート<G:89>を手にいれた。
C2/SC0B6.DAT,0x47054,0.07,,120번째 승리를 목표로 힘내 주십시오.,,,,120回目の勝利を目指して / がんばつて下さい。
C2/SC0B6.DAT,0x470A8,0.21,,안티헤모지를 손에 넣었다.,마침내 바람의 오브를 손에 넣었군.,,17,<G:90>アンチへモジー<G:89>を手にいれた。
C2/SC0B6.DAT,0x470EC,0.07,,120번째 승리를 목표로 힘내 주십시오.,,,,120回目の勝利を目指して / がんばつて下さい。
C2/SC0B6.DAT,0x47140,0.18,,거울을 손에 넣었다.,,,,<G:90>鏡<G:89>を手にいれた。
C2/SC0B6.DAT,0x4717E,0.07,,120번째 승리를 목표로 힘내 주십시오.,,,,120回目の勝利を目指して / がんばつて下さい。
C2/SC0B6.DAT,0x471D2,0.22,,선글라스를 손에 넣었다.,마침내 바람의 오브를 손에 넣었군.,,17,<G:90>サングラス<G:89>を手にいれた。
C2/SC0B6.DAT,0x47212,0.07,,120번째 승리를 목표로 힘내 주십시오.,,,,120回目の勝利を目指して / がんばつて下さい。
C2/SC0B6.DAT,0x47270,0.22,,축하합니다!,곧 도착할 듯합니다.,,15,おめでとうございます!
C2/SC0B6.DAT,0x472B4,0.11,,120회째 승리를 기려 선물이 있습니다. 다음 상품 중에서 고르십시오.,,,,120回目の勝利をきねんして / プレゼントがございます。 / 次の商品からお選び下さい。
C2/SC0B6.DAT,0x4731A,0.03,,|디르의 어금니,,,, / <CTRL:E5:03><G:90>ディールの牙<G:89>
C2/SC0B6.DAT,0x47360,0.20,,디르의 어금니를 손에 넣었다.,마침내 바람의 오브를 손에 넣었군.,,17,<G:90>ディールの牙<G:89>を手にいれた。
C2/SC0B6.DAT,0x473A4,0.07,,120번째 승리를 목표로 힘내 주십시오.,,,,160回目の勝利を目指して / がんばつて下さい。
C2/SC0B6.DAT,0x47402,0.22,,축하합니다!,곧 도착할 듯합니다.,,15,おめでとうございます!
C2/SC0B6.DAT,0x47446,0.11,,160회째 승리를 기려 선물이 있습니다. 다음 상품 중에서 고르십시오.,,,,160回目の勝利をきねんして / プレゼントがございます。 / 次の商品からお選び下さい。
C2/SC0B6.DAT,0x474B2,0.08,,|파워 리스트|하이퍼 부츠|치유의 부적|조개껍데기,,,,<CTRL:E5:03><G:90>パワーリスト<G:89> / <CTRL:E5:03><G:90>ハイパーフーツ<G:89> / <CTRL:E5:03><G:90>いやしのお守り<G:89> / <CTRL:E5:03><G:90>貝がら<G:89>
C2/SC0B6.DAT,0x4752A,0.21,,파워 리스트를 손에 넣었다.,마침내 바람의 오브를 손에 넣었군.,,17,<G:90>パワーリスト<G:89>を手にいれた。
C2/SC0B6.DAT,0x4756C,0.07,,200번째 승리를 목표로 힘내 주십시오.,,,,200回目の勝利を目指して / がんばつて下さい。
C2/SC0B6.DAT,0x475C0,0.21,,하이퍼 부츠를 손에 넣었다.,마침내 바람의 오브를 손에 넣었군.,,17,<G:90>ハイパーフーツ<G:89>を手にいれた。
C2/SC0B6.DAT,0x47604,0.07,,200번째 승리를 목표로 힘내 주십시오.,,,,200回目の勝利を目指して / がんばつて下さい。
C2/SC0B6.DAT,0x47658,0.19,,치유의 부적을 손에 넣었다.,,,,<G:90>いやしのお守り<G:89>を手にいれた。
C2/SC0B6.DAT,0x4769C,0.07,,200번째 승리를 목표로 힘내 주십시오.,,,,200回目の勝利を目指して / がんばつて下さい。
C2/SC0B6.DAT,0x476F0,0.21,,조개껍데기를 손에 넣었다.,마침내 바람의 오브를 손에 넣었군.,,17,<G:90>貝がら<G:89>を手にいれた。
C2/SC0B6.DAT,0x47730,0.07,,200번째 승리를 목표로 힘내 주십시오.,,,,200回目の勝利を目指して / がんばつて下さい。
C2/SC0B6.DAT,0x4778E,0.22,,축하합니다!,곧 도착할 듯합니다.,,15,おめでとうございます!
C2/SC0B6.DAT,0x477D2,0.11,,200회째 승리를 기려 선물이 있습니다. 다음 상품 중에서 고르십시오.,,,,200回目の勝利をきねんして / プレゼントがございます。 / 次の商品からお選び下さい。
C2/SC0B6.DAT,0x47838,0.02,,|환상의 건틀릿,,,, / <CTRL:E5:03><G:90>幻のこて<G:89>
C2/SC0B6.DAT,0x4787C,0.14,,환상의 건틀릿을 손에 넣었다.,,,,<G:90>幻のこて<G:89>を手にいれた。
C2/SC0B6.DAT,0x478BC,0.07,,1000번째 승리를 목표로 힘내 주십시오.,,,,1000回目の勝利を目指して / がんばつて下さい。
C2/SC0B6.DAT,0x4791C,0.22,,축하합니다!,곧 도착할 듯합니다.,,15,おめでとうございます!
C2/SC0B6.DAT,0x47960,0.11,,1000회째 승리를 기려 선물이 있습니다. 다음 상품 중에서 고르십시오.,,,,1000回目の勝利をきねんして / プレゼントがございます。 / 次の商品からお選び下さい。
C2/SC0B6.DAT,0x479C6,0.07,,|투기장 창고의 내용물,,,, / <CTRL:E5:03><G:90>闘技場の倉庫の中身<G:89>
C2/SC0B6.DAT,0x47A12,0.15,,넘치는 과실을 손에 넣었다.,,,,<G:90>みなぎる果実<G:89>を手にいれた。
C2/SC0B6.DAT,0x47A5A,0.17,,큰 폭탄을 손에 넣었다.,,,,<G:90>大きい爆弾<G:89>を手にいれた。
C2/SC0B6.DAT,0x47AA0,0.15,,약화의 구슬을 손에 넣었다.,,,,<G:90>弱りの玉<G:89>を手にいれた。
C2/SC0B6.DAT,0x47AE6,0.16,,부활의 약을 손에 넣었다.,,,,<G:90>復活の薬<G:89>を手にいれた。
C2/SC0B6.DAT,0x47B2C,0.22,,힘의 열매를 손에 넣었다.,마침내 바람의 오브를 손에 넣었군.,,17,<G:90>ちからの実<G:89>を手にいれた。
C2/SC0B6.DAT,0x47B72,0.21,,파로의 열매를 손에 넣었다.,마침내 바람의 오브를 손에 넣었군.,,17,<G:90>パロの実<G:89>を手にいれた。
C2/SC0B6.DAT,0x47BB6,0.19,,생명의 나무 열매를 손에 넣었다.,,,,<G:90>いのちの木の実<G:89>を手にいれた。
C2/SC0B6.DAT,0x47BFE,0.16,,마력의 샘을 손에 넣었다.,,,,<G:90>魔力の泉<G:89>を手にいれた。
C2/SC0B6.DAT,0x47C44,0.21,,얼음의 수호를 손에 넣었다.,마침내 바람의 오브를 손에 넣었군.,,17,<G:90>氷の守り<G:89>を手にいれた。
C2/SC0B6.DAT,0x47C8A,0.21,,불꽃의 수호를 손에 넣었다.,마침내 바람의 오브를 손에 넣었군.,,17,<G:90>炎の守り<G:89>を手にいれた。
C2/SC0B6.DAT,0x47CCE,0.21,,마법의 카트를 손에 넣었다.,마침내 바람의 오브를 손에 넣었군.,,17,<G:90>魔法のカート<G:89>を手にいれた。
C2/SC0B6.DAT,0x47D16,0.20,,질풍의 반다나를 손에 넣었다.,마침내 바람의 오브를 손에 넣었군.,,17,<G:90>しつぷうのバンダナ<G:89>を手にいれた。
C2/SC0B6.DAT,0x47D60,0.19,,슬리플리스 카트를 손에 넣었다.,,,,<G:90>スリープレスカート<G:89>を手にいれた。
C2/SC0B6.DAT,0x47DAA,0.21,,안티헤모지를 손에 넣었다.,마침내 바람의 오브를 손에 넣었군.,,17,<G:90>アンチへモジー<G:89>を手にいれた。
C2/SC0B6.DAT,0x47DF2,0.18,,거울을 손에 넣었다.,,,,<G:90>鏡<G:89>を手にいれた。
C2/SC0B6.DAT,0x47E34,0.22,,선글라스를 손에 넣었다.,마침내 바람의 오브를 손에 넣었군.,,17,<G:90>サングラス<G:89>を手にいれた。
C2/SC0B6.DAT,0x47E78,0.21,,파워 리스트를 손에 넣었다.,마침내 바람의 오브를 손에 넣었군.,,17,<G:90>パワーリスト<G:89>を手にいれた。
C2/SC0B6.DAT,0x47EBE,0.21,,하이퍼 부츠를 손에 넣었다.,마침내 바람의 오브를 손에 넣었군.,,17,<G:90>ハイパーフーツ<G:89>を手にいれた。
C2/SC0B6.DAT,0x47F06,0.19,,치유의 부적을 손에 넣었다.,,,,<G:90>いやしのお守り<G:89>を手にいれた。
C2/SC0B6.DAT,0x47F4E,0.21,,조개껍데기를 손에 넣었다.,마침내 바람의 오브를 손에 넣었군.,,17,<G:90>貝がら<G:89>を手にいれた。
C2/SC0B6.DAT,0x47F92,0.14,,환상의 건틀릿을 손에 넣었다.,,,,<G:90>幻のこて<G:89>を手にいれた。
C2/SC0B6.DAT,0x47FD6,0.19,,바이올렛 레이서를 손에 넣었다.,,,,<G:90>バイオレットレーサー<G:89>を手にいれた。
C2/SC0B6.DAT,0x48020,0.15,,일각수의 뿔을 손에 넣었다.,,,,<G:90>一角獣の角<G:89>を手にいれた。
C2/SC0B6.DAT,0x48064,0.16,,이제 상품은 없습니다만 힘내 주십시오.,,,,もう賞品はありませんが / がんばつて下さい。<CTRL:E4:3D>
C2/SC0C1.DAT,0x489BC,0.10,,"오오, 이런 곳에 순수한 헤모지가 있구먼.",,,,おー / こんな所に / じゅんせい<G:90>へモジー<G:89>が / いたわい。
C2/SC0C1.DAT,0x48A18,0.08,,"...그렇지, 당장 조사해야겠구먼.",,,,・・そうじゃ / さつそく<G:90>調ベる<G:89>じゃい。
C2/SC0C1.DAT,0x48A90,0.20,,어라...,이거나 먹어라!,,9,およ・・。
C2/SC0C1.DAT,0x48AEC,0.06,,"오오, 이런, 나까지 헤모지가 되어 버렸구먼.",,,,おお / なんとわしまで<G:90>へモジー<G:89>に / なつてしもうたわい。
C2/SC0C1.DAT,0x48B40,0.06,,일단 내 수집품에 더해 두겠네,,,,とりあえすわしのコレクションに加えるぞい
C2/SC0C1.DAT,0x48B88,0.06,,"벌었다, 벌었어. 우히히히",,,,もうけ、もうけ / うつひゃつひゃ
C2/SC0C1.DAT,0x48BDE,0.18,,소환수 헤모지를 손에 넣었습니다,,,,召喚獣<G:90>へモジー<G:89>を手に入れました
D/SD011.DAT,0x47900,0.16,,불꽃이 꺼진 뒤 산속에서 대체 무슨 일이...,,,,炎が消えたこで、 / いつたい山の中で何が・・。
D/SD011.DAT,0x47958,0.12,,내가 벌인 일이니 내 손으로 해결해야 해.,,,,私のせいなんだから、 / 自分でなんとかしなきゃ。
D/SD011.DAT,0x479E0,0.08,,누구야...? 여긴 왜 왔지?,,,,誰・・・何しにここへ？
D/SD011.DAT,0x47A20,0.18,,난 아크야. 너야말로 누구지?,,,,俺はアーク / おまえこそ誰なんだ？
D/SD011.DAT,0x47A66,0.12,,"난 시온산의 봉인을 지키는 일족, 쿠쿠루야.",,,,私はシオン山の封印(ふういん)を守る一族のククル。
D/SD011.DAT,0x47AB8,0.08,,하지만 그 운명에 얽매이기 싫어서 봉인의 불꽃을 꺼 버렸어.,,,,でもその運命にしばられたくなくて、この山の封印の炎を消してしまつたの。
D/SD011.DAT,0x47B14,0.10,,그러자 갑자기 산이 날뛰기 시작했어. 그래서 불을 다시 붙이려고...,,,,そうしたら急に山が荒れだして / 私、もう一度炎をともそうと思つて・・。
D/SD011.DAT,0x47BAE,0.19,,안 돼! 산에서 무서운 목소리가 들렸어. 불꽃을 꺼서 무언가 깨어난 거야.,,,,だめ!今恐ろしい声が山から聞こえたわ。 / 炎を消したこで何かが目をさましたのよ。
D/SD011.DAT,0x47C0E,0.05,,내가 저지른 일 때문에 네가 위험해질 거야...,,,,私のやつたこであなたが危険な目に・・。
D/SD011.DAT,0x47C5A,0.16,,산에 괴물이 있다면 십 년 전 아버지를 죽인 놈일 거야. 누가 말려도 난 간다.,,,,もし、山に化け物がいるなら、そいつは10年前、父さんを殺したやつに違いない。 / 誰が止めようと俺は行くぜ。
D/SD011.DAT,0x47D78,0.33,,아크...,오... 아크야...,어머니,2,アーク・。<CTRL:E4:97>
D/SD012.DAT,0x478B8,0.12,아크 데몬,아크 데몬: 네가 봉인의 불꽃을 꺼 준 자인가?,,,,アークデーモン  / おまえが封印(ふういん)の炎を / 消してくれたのか？
D/SD012.DAT,0x47954,0.07,아크 데몬,"아크 데몬: 감사하고 싶지만, 널 죽이지 않고서는 자유로워질 수 없어서 말이지.",,,,アークデーモン  / 礼を言いたいところだが / おまえを殺さないこには / 自由になれんのでな。
D/SD013.DAT,0x4789C,0.05,아크 데몬,아크 데몬: 삼천 년 동안 쌓인 내 분노를 받고 죽어라!,,,,アークデーモン  / 我が3000年のいかりを受けて / 死ぬがいい。
D/SD013.DAT,0x47902,0.00,,꺄악!,,,,きゃっっ。
D/SD013.DAT,0x4793A,0.33,아크 데몬,아크 데몬: 뭐지!?,이건 뭐지?,아크,19,アークデーモン  / なんだ!？<CTRL:E4:28>
D/SD013.DAT,0x47976,0.15,아크 데몬,아크 데몬: 누가 다시 불꽃을...,,,,アークデーモン  / 誰が再び炎を・・・。<CTRL:E4:28>
D/SD013.DAT,0x47A0E,0.14,,그리고 며칠 뒤...,,,, /  /  /  /  /      それから数日後<CTRL:E4:79>
D/SD013.DAT,0x47A2C,0.21,,"소문은 팔렌시아 왕도까지 퍼졌고, 아크는 성으로 불려 갔다.",아크. 팔렌시아 성으로 향한다.,,3, /  /  /  /  うわさはパレンシアの都にまで伝わり /  /    アークは城に呼びだされた
D/SD014.DAT,0x4794C,0.14,,"여기서부터는 우리만 들어갈 수 있어. 쿠쿠루, 가자.",,,,ここから先は俺達しか入れない。ククル、行こう。
D/SD014.DAT,0x479BE,0.40,,"다들, 기다려 줘.","""헤이,헤이, 거기들! 기다려줘!""",,3,みんな、待つてて。
D/SD014.DAT,0x479FC,0.17,,걱정이네...,,,,心配だなっ・・。
D/SD014.DAT,0x47A3C,0.21,,무슨 일이라도 생기면 다들 도와주러 와 줄 거잖아?,"무슨 일이라도 있나, 아가씨?",시장,1,何かあつたら / みんな助けに来てくれるでしょ？
D/SD014.DAT,0x47A8E,0.04,,틀림없구먼.,,,,ちげえねえや。
D/SD014.DAT,0x47AD2,0.08,,다녀올게.,,,,行つてくる。
D/SD015.DAT,0x4791C,0.09,,봉인의 불꽃이 꺼졌어!,,,,封印の炎が消えた!
D/SD015.DAT,0x4795C,0.20,,그 녀석들이 걱정돼.,이 녀석들이 날 두고 가려고 해?,고겐,21,奴等が心配だぜ。
D/SD015.DAT,0x4799C,0.07,,서둘러 구하러 가야 해!,,,,急いで助けに行かなくつちゃ!
D/SD015.DAT,0x47A5E,0.10,,우리도 가겠네.,,,,わしらもいくぞい。
D/SD015.DAT,0x47A9C,0.80,,알겠습니다.,네 알겠습니다.,정체불명의 인물,7,承知。
D/SD015.DAT,0x47B44,0.10,,"자, 나도 가 볼까.",,,,さて、わしも行くかのう。
D/SD021.DAT,0x479AC,0.15,,봉인을 풀러 가자!,,,,封印を解きにいくぞ。
D/SD021.DAT,0x479EE,0.07,,내가 태어난 마을에 들어가는데 이런 일이 벌어질 줄이야.,,,,自分の生まれた村に入るのに / こんな話になるなんてね。
D/SD021.DAT,0x47A40,0.08,,이제 우리들만의 문제가 아니게 된 것 같아.,,,,もう僕たちだけのもんだいじゃ / なくなつてると思うんだ。
D/SD021.DAT,0x47AA0,0.19,,네가 그런 말을 하게 될 줄이야.,,,,お前がそんなこ言うように / なるたっな。
D/SD021.DAT,0x47AF6,0.08,,데헤헤...,,,,デへへ・・。
D/SD021.DAT,0x47B42,0.15,,피해 갈 수 없는 길도 있다.,,,,避けて通れぬ道もある。
D/SD021.DAT,0x47B8E,0.09,,제법 말이 되는 소리를 하게 됐구먼.,,,,いつっしのこを言うように / なつてきたわい。
D/SD021.DAT,0x47BDE,0.00,,후훗후훗후훗.,,,,ふふつふふつふふつ。
D/SD021.DAT,0x47E0A,0.12,,이제 여기로 돌아와도 아무것도 없겠네...,,,,もうここに戻つても何もないなっ・・。
D/SD031.DAT,0x45924,0.08,,"보기와 달리 강하구먼, 너희들.",,,,みかけによらす強いのう。 / おまえたち。
D/SD031.DAT,0x4596E,0.18,,아까 그 몬스터에게 붙잡혀 있던 할아버지다.,,,,さつきのモンスターに捕らえられていたおじいさんだ。
D/SD031.DAT,0x459BC,0.25,,"할아버지, 당신은 누구야?","실례지만, 당신은 누구십니까?",,11,じいさん、あんた誰だい？
D/SD031.DAT,0x459FE,0.07,,내 이름은 고겐. 너희 바람대로 3천 년의 시간을 넘어 다시 나타났지.,,,,わしの名はゴーゲン。 / おまえらの望み通り / 3000年の時をこえて再び現れてやつたぞ。
D/SD031.DAT,0x45A66,0.18,,다시 나타났다고...,,,,現れてやつたぞつて・・。
D/SD031.DAT,0x45AAA,0.09,,"너희들, 옛 전기를 읽고 온 것이겠지.",,,,おまえたち、古の<G:90>伝記<G:89>を / 認めてきたんじゃろうが。
D/SD031.DAT,0x45AFE,0.20,,그럼 당신이...?,네.. 혹시 당신이 그것을?,,11,じゃっあんたが・・？
D/SD031.DAT,0x45B3E,0.10,,그렇다. 내가 너희를 이끌 살아 있는 전기지.,,,,いかにも。 / わしがおまえらをみちびく生きた伝記じゃ。
D/SD031.DAT,0x45B96,0.00,,후후후후후후후후후후후후후.,,,,ふふつふふつふふつふふつふふつふふつ
D/SD031.DAT,0x45BEA,0.10,,"자, 다시 물어보겠는데 성궤의 힘을 손에 넣으려면 어떻게 해야 하지?",,,,じゃっ、改めて聞くけど / <G:90>聖柩<G:89>の力を手に入れるには / どうすればいいんだい？
D/SD031.DAT,0x45C48,0.10,,내가 다시 깨어났다는 것은 정령들에게 이변이 일어나고 있다는 뜻이겠지.,,,,わしが再びめざめたというこは、精霊達に異変が起こつているのじゃろう。
D/SD031.DAT,0x45CA4,0.09,,우선 이 세계를 이루는 5대 정령을 구해야 하네.,,,,ますこの世界を形成する5大精霊を救わねばのう。
D/SD031.DAT,0x45CF4,0.11,,5대 정령?,,,,5大精霊？
D/SD031.DAT,0x45D2E,0.10,,그렇지. 이 세계를 만들고 움직이는 모든 정령들의 대표,,,,そうじゃ。 / この世界を形作り、動かしている全ての精霊達の代表
D/SD031.DAT,0x45D88,0.07,,"그것이 땅, 물, 불, 바람, 빛의 5요소를 관장하는 정령이니라.",,,,それが、地 水 火 風 光<CTRL:E4:0B> の5要素をつかさどる精霊じゃ。
D/SD031.DAT,0x45DE8,0.09,,"정령들은 너를 인정하면 돌, 곧 의지를 너에게 맡긴다.",,,,精霊達は、おまえをみとめれば / 石、すなわち意志をおまえに / たくす。
D/SD031.DAT,0x45E42,0.07,,그 돌 다섯 개를 모아 시온산의 봉인을 해제하는 거야.,,,,その石を5つ集め、シオン山の / 封印を解くのだ。
D/SD031.DAT,0x45E92,0.19,,그럼 어떻게 그 정령들을 찾아내지?,,,,じゃあ、どうやつてその精霊達をさがしだすの？
D/SD031.DAT,0x45EDC,0.09,,정령의 인도가 있으면 만날 수 있다. 너희를 이 땅으로 이끈 것은 무엇이지?,,,,それは、精霊からのみちびきがあれば会える。 / おまえらをこの地にみちびいたものは何じゃ？
D/SD031.DAT,0x45F3C,0.20,,이끈 것...? 아버지가 보내온 편지구나!,"!!! 내,.... 내 아버지가?",,18,みちびいたもの・<CTRL:E4:0B>・<CTRL:E4:0B>・<CTRL:E4:15>？ / 父さんからの手紙か!
D/SD031.DAT,0x45F8E,0.11,,그건 어디서 온 것이려나?,,,,それはどこから来たものかのう？
D/SD031.DAT,0x45FDA,0.44,,아라라토스에서 왔어!,아라라토스로,,12,アララトスからだ!
D/SD031.DAT,0x46018,0.07,,상당히 먼 곳에서 왔구나.,,,,すいぶん遠いところからね。
D/SD031.DAT,0x4605A,0.46,,비행선이 필요하겠군.,비행선이 하나 필요하겠는걸.,,11,飛行船が必要だなっ。
D/SD031.DAT,0x4609C,0.26,,좋아. 스메리아 왕의 힘을 빌리자.,"좋아, 폐하의 힘을 빌리도록 하자.",,11,よし / スメリア王の力を借りよう。
D/SD031.DAT,0x460E2,0.14,,이야기는 정해진 모양이구먼. 그럼 가 볼까.,,,,話は決まつたようじゃのう。 / では行くとしようか。
D/SD031.DAT,0x46130,0.15,,에? 할아버지도 따라오는 거야!?,,,,えつ？ / おじいさんもついて来るの!？
D/SD031.DAT,0x46190,0.14,,이 바보 놈!!,,,,ばかもん!!
D/SD031.DAT,0x461D2,0.13,,고대의 대마도사 고겐 님이 힘이 되어 주겠다고 하는데.,,,,古の大魔導師ゴーゲン様が、力になつてやろうというに。
D/SD031.DAT,0x46226,0.10,,그럼 엄청난 마법을 쓸 수 있겠네.,,,,じゃっ、ものすごい魔法が使えるんだ。
D/SD031.DAT,0x46276,0.12,,"그렇다, 그러할 터인데...?",,,,いかにも、そのはすじゃが・・？
D/SD031.DAT,0x462BC,0.10,,어딘가 믿음직하지 않네...,,,,なんか頼りないわね・・。
D/SD031.DAT,0x46306,0.44,,어쨌든 팔렌시아로 돌아가자!,"좋아, 충분해. 바로 팔렌시아로 돌아가자!",,11,とにかくパレンシアに戻ろう!
D/SD031.DAT,0x4637E,0.11,,오랜만에 크게 활약할 수 있겠구나.,,,,ひさしぶりに / 大暴れできそうじゃわい。
D/SD031.DAT,0x463DA,0.08,,어라? 이 돌은 뭐였더라...,,,,はて？ / この石はなんだつたじゃろう・・<CTRL:E4:3D>
D/SD031.DAT,0x463FC,0.18,,로맨싱 스톤을 가지고 있었다!,,,,ロマンシングストーンをもつていた!<CTRL:E4:3D>
D/SD031.DAT,0x46564,0.07,,이제부터 음성이 잘 들리지 않게 되니 소리를 조금 올려 줘,,,,これから音声が聞きにくくなるのすこしボリュームを上げてね
D/SD031.DAT,0x465EE,0.14,,굉장한 아이템을 손에 넣었다!,,,,<G:90>すごいアイテム<G:89>を手に入れた!
D/SD031.DAT,0x4672A,0.12,,촌가라의 굉장한 아이템을 빼앗았다!,,,,チョンガラの<G:90>すごいアイテム<G:89>をうばつた!<CTRL:E4:3D>
D/SD031.DAT,0x467FC,0.07,,굉장한 아이템을 되찾았다!,,,,<G:90>すごいアイテム<G:89>をとりかえした!<CTRL:E4:3D>
D/SD031.DAT,0x4699E,0.14,,굉장한 아이템을 빼앗아 들었다!,,,,<G:90>すごいアイテム<G:89>をとりあげた!
D/SD031.DAT,0x46A2A,0.16,,굉장한 아이템이 부서져 날아갔다!,,,,<G:90>すごいアイテム<G:89>がこわれてとんだ!
D/SD031.DAT,0x46A88,0.09,,부서진 아이템을 알아차리지 못했다.,,,,<G:90>こわれたアイテム<G:89>に気づいていない。
D/SD031.DAT,0x48A5A,0.19,,돌을 손에 넣었다!,,,,石を手に入れた!
D/SD031.DAT,0x48AA4,0.19,,돌을 손에 넣었다!,,,,石を手に入れた!
D/SD071.DAT,0x48620,0.15,,"젠장, 산에도 몬스터가 넘쳐나고 있어.",,,,くそ、山にも / モンスターがあふれてる。
D/SD071.DAT,0x48668,0.10,,몬스터는 정령력이 강한 곳에 모이는 거야.,,,,モンスターは / 精霊力の強い所に集まるのよ。
D/SD071.DAT,0x486B4,0.11,,어서 성궤가 있는 곳으로 가야 하는데...,,,,早く<G:90>聖柩<G:89>の所へ / 行かなくちゃならないのに・・。
D/SD071.DAT,0x48782,0.09,,와 줬다고. 약속대로 말이야!,,,,来てやつたぜ。<CTRL:E4:3D> / 約束通りな!
D/SD071.DAT,0x487CA,0.29,,둘 다 괜찮아?,"쿠쿠루, 괜찮아?",아크,5,二人とも大丈夫？
D/SD071.DAT,0x488AA,0.05,,어서 산을 내려가자. 성궤는 사르바시오 폭포다!,,,,早く山を下りよう。 / <G:90>聖柩<G:89>はサルバシオの滝だ!
E5/SE05A.DAT,0x48734,0.14,,"후후후, 용케 여기까지 왔구나.",,,,ふふふ、<CTRL:E4:3D>よくぞここまできた。<CTRL:E4:3D>
E5/SE05A.DAT,0x48750,0.12,,하지만! 과연 이 나를 쓰러뜨릴 수 있을까,,,,しかし!<CTRL:E4:3D> / はたして、このわたしをたおせるかな<CTRL:E4:3D><CTRL:E4:3D>
E5/SE05A.DAT,0x48772,0.12,,"후후후후... 하고, 아무도 없잖아!?",,,,ふふふふ<CTRL:E4:3D>・<CTRL:E4:3D>・<CTRL:E4:3D>・<CTRL:E4:3D><CTRL:E4:3D><CTRL:E4:3D>て、 / <CTRL:E4:3D>だれもいないじゃない!？<CTRL:E4:3D><CTRL:E4:3D>
E5/SE05A.DAT,0x487B6,0.11,,"이쪽 이쪽, 뒤에 있어!",,,,こつちこつち、後ろにいるよ!<CTRL:E4:3D><CTRL:E4:3D>
E5/SE05A.DAT,0x487E0,0.14,,"어, 뒤 라 고",,,,え、<CTRL:E4:3D>うしろ<CTRL:E4:3D>
E5/SE05A.DAT,0x487F2,0.07,,어찌 이렇게 비겁한 놈들이야! 나를 뒤에서 덮치다니!,,,,なんて、ひきょうなやつらなの!<CTRL:E4:3D> / わたしを後ろからおそうなんて!<CTRL:E4:3D><CTRL:E4:3D>
E5/SE05A.DAT,0x4881C,0.14,,"기다려, 지금 그쪽으로 가서 짓이겨 놓고 으깨 놓고...",,,,まつていなさい、いまそつちにいつてベッタベッタのメッタメッタに・・・<CTRL:E4:3D><CTRL:E4:3D>
E5/SE05A.DAT,0x48854,0.00,,"무, 거, 무 거 워",,,,う、<CTRL:E4:3D>お、<CTRL:E4:3D>おもい<CTRL:E4:3D><CTRL:E4:3D>
E5/SE05A.DAT,0x48874,0.17,,아 프 다 아 아 아 아 아!,,,,いつだああああああい!<CTRL:E4:3D>
E5/SE05A.DAT,0x48894,0.05,,제법인걸. 이제 용서 안 해! 에잇!,,,,なかなかやるわね、 / もうゆるさないわ!<CTRL:E4:3D>えい!<CTRL:E4:3D>
E5/SE05A.DAT,0x488C8,0.07,,역시 이쪽이 좋네!,,,,やつっりこつちの方がいいわね!<CTRL:E4:3D><CTRL:E4:3D>
E5/SE05A.DAT,0x488EE,0.22,,"나와라, 몬스터!!","몬스터, 도망간다.",,16,いでよ、モンスター!!<CTRL:E4:3D>
E5/SE05A.DAT,0x48922,0.00,,"자, 승부야!",,,,じゃあ、勝負よ!<CTRL:E4:3D>
E5/SE05A.DAT,0x48948,0.14,,뒤라고 말하고 있는데...,,,,後ろだつていつてるのに・・・<CTRL:E4:3D>
E5/SE05A.DAT,0x48BF8,0.10,,아 재미있었다,,,,あーおもしろかつた<CTRL:E4:3D>
E5/SE05A.DAT,0x48C08,0.10,,"나, 정했어! 너희들의 친구가 되겠어!!",,,,わたし、決めたわ!<CTRL:E4:3D> / あなた達のおともだちになる!!<CTRL:E4:3D>
E5/SE05A.DAT,0x48C32,0.14,,친구라고 해도...,,,,おともだちつていつても・・・<CTRL:E4:3D>
E5/SE05A.DAT,0x48C52,0.09,,나는 세계 제일의 대마법사 초코. 잘 부탁해.,,,,わたしは世界一の大魔法使いチョコ。どうぞよろしく。<CTRL:E4:3D><CTRL:E4:3D>
E5/SE05A.DAT,0x48C8A,0.09,,나랑 놀고 싶을 때는 촌가라 씨의 항아리로 불러 줘!,,,,わたしと遊びたいときは、チョンガラさんのつぼでよんでね!<CTRL:E4:3D><CTRL:E4:3D>
E5/SE05A.DAT,0x48CBC,0.08,,"다만 스메리아의 코르보 평원, 쿠이나 언덕, 카라간 평야",,,,ただし、スメリアの<G:90>コルボ平原<G:89><G:90>クイナの丘<G:89><G:90>カラガン平野<G:89><CTRL:E4:3D><CTRL:E4:3D><CTRL:E4:3D>
E5/SE05A.DAT,0x48CEC,0.05,,"미르마나의 루와지의 숲, 카카라스의 숲, 셈바라의 늪",,,,ミルマーナの<G:90>ルワジの森<G:89><G:90>カカラスの森<G:89><G:90>センバラの沼<G:89><CTRL:E4:3D><CTRL:E4:3D><CTRL:E4:3D>
E5/SE05A.DAT,0x48D1A,0.04,,"아리바샤의 레이덴 유적, 사라 사막, 이슈마의 바위터",,,,アリバーシャの<G:90>レイデン遺跡<G:89><G:90>サラ砂漠<G:89><G:90>イシュマのいわ場<G:89><CTRL:E4:3D><CTRL:E4:3D><CTRL:E4:3D>
E5/SE05A.DAT,0x48D54,0.08,,"아니면 시, 러, 어!",,,,じゃないと、<CTRL:E4:3D>い・や・よつ!<CTRL:E4:3D>
E5/SE05A.DAT,0x48D7A,0.13,,그럼 또 보자!!,,,,じゃあ、またねー!!<CTRL:E4:3D>
E5/SE05A.DAT,0x48FF6,0.18,,어서 오세요! 초코예요!!,,,,いらしゃいませ! / ちょこでえーす!!<CTRL:E4:3D><CTRL:E4:3D>
E5/SE05A.DAT,0x49012,0.12,,"자, 다 같이 놀아요!",,,,さあ、みんなでおどりましょう!<CTRL:E4:3D>
E5/SE05A.DAT,0x49036,0.08,,"와아, 재미있다!",,,,わーい、おもしろーい!<CTRL:E4:3D>
E5/SE05A.DAT,0x49072,0.10,,눈이 어지러운데...,,,,めがまわるよふ・・・<CTRL:E4:3D>
E5/SE05A.DAT,0x490B2,0.11,,"으앙, 누가 좀 세워 줘...",,,,ふえーん、だれかとめてえ・・・
F/SF021.DAT,0x47DA2,0.04,,엄청난 대회였네.,,,,とんでもない大会だつたね。
F/SF021.DAT,0x47DE4,0.11,,하지만 우리 정령들을 만나야 하는 일은 전혀 끝나지 않았어.,,,,でも私達の精霊に会うつて用は / 全然済んでないのよ。
F/SF021.DAT,0x47E36,0.09,,"아아, 대체 이 오브와 정령에게 무슨 관계가 있는 걸까?",,,,ああ / <CTRL:E4:3D>一体このオーフと精霊にどんな / か係があるんだろう？
F/SF021.DAT,0x47E9C,0.09,,"어디, 나에게도 보여 주지 않겠나.",,,,どれ、 / わしにも見せてくれんかのう。<CTRL:E4:3D>
F/SF021.DAT,0x47F12,0.22,,아름다운 물건이구먼.,아름다워!,쿠쿠루,7,きれいなもんじゃのう。
F/SF021.DAT,0x47F50,0.14,,어이쿠 쿠 쿠 쿠 쿠,,,,おつと<CTRL:E4:15>と<CTRL:E4:06>と<CTRL:E4:06>と<CTRL:E4:06>と<CTRL:E4:3D>
F/SF021.DAT,0x47F86,0.04,,큰일 났다!,,,,しもたっー!
F/SF021.DAT,0x47FF2,0.10,바람의 정령,바람의 정령: 드디어 나왔구나.,,,,風の精霊  / やつと出られたぞい。
F/SF021.DAT,0x48036,0.10,바람의 정령,바람의 정령: 바람을 마음대로 부리려 한 상인이 몬스터와 거래하여 나를 봉인해 두었지.,,,,風の精霊  / 風を自由にあやつろうと思つた商人が / モンスターと取り引きして、 / わしを封じ込めおつた。
F/SF021.DAT,0x480A2,0.07,바람의 정령,바람의 정령: 바람이 부는 데에는 이유가 있다. 제멋대로인 욕망으로 바꾸어서는 안 되는데 말이야.,,,,風の精霊  / 風が吹くのには理由がある、 / 勝手な欲望で変えてはならんのにのう。
F/SF021.DAT,0x48104,0.20,,당신이 바람의 정령이야?,바람의 돌,,17,あなた風の精霊？
F/SF021.DAT,0x4813E,0.08,바람의 정령,바람의 정령: 그렇다. 봉인된 이백 년 동안 줄곧 인간들이 서로 죽이는 가운데서 오가고 있었지.,,,,風の精霊  / いかにも。封じ込められた600年の聞、すつと人聞の殺しあいの中でやりとりされておつた。
F/SF021.DAT,0x481A6,0.08,바람의 정령,바람의 정령: 너희가 오브를 부수지 않았더라면 이것이 계속됐을 거라고 생각하니 정말 소름이 끼치는구나.,,,,風の精霊  / お前らがオーフを壊してくれなければ、 / これがすつと続いたかと思うとさすがに / ぞつとするぞ。
F/SF021.DAT,0x48212,0.11,,인간의 무지는 때때로 많은 불행을 낳는다. 하지만 인간은 배우고 알 수 있어.,,,,人の無知は時として多くの悲劇を生む。しかし、人は学び知るこができる。
F/SF021.DAT,0x4826E,0.08,,그리고 알고자 하는 마음을 받치는 것도 또한 욕망이 아닐까.,,,,そして知ろうとする気持ちを支えているのもまた欲ではなかろうか。
F/SF021.DAT,0x482C2,0.16,바람의 정령,바람의 정령: 이 오브를 부순 너희가 하는 말이라면 믿겠지만 말이야.,,,,風の精霊  / このオーフを壊したおまえらが言うんじゃ信じるけどのう。
F/SF021.DAT,0x48318,0.21,바람의 정령,바람의 정령: 너희를 믿은 증표로 바람의 돌을 주겠다.,바람의 돌을 획득했다.,,17,風の精霊  / お前らを信じた証として<G:90>風の石<G:89>を渡そう。
F/SF021.DAT,0x483A8,0.33,,바람의 돌을 손에 넣었다,바람의 돌,,17,<G:90>風の石<G:89>を手に入れた
F/SF021.DAT,0x483E6,0.36,,비극의 안경을 손에 넣었다,비극의 안경을 획득했다.,,17,<G:90>悲劇の眼鏡<G:89>を手に入れた
F/SF021.DAT,0x4842E,0.12,바람의 정령,"바람의 정령: 그래, 내 분신을 물과 불의 정령에게 맡겨 두었지. 받아 가거라.",,,,風の精霊  / そうそう、わたしの分身を水と火の精霊にあすけてあるんじゃ。 / 受け取るがいいじゃろう。
F/SF021.DAT,0x48496,0.09,바람의 정령,바람의 정령: 모처럼 믿었으니 배신하지 말아 다오.,,,,風の精霊  / せつかく信じたんじゃ、 / 裏切らんでくれよ。
F/SF031.DAT,0x4847C,0.14,,응? 뭔가 떨어져 있어.,,,,んつ、何か落ちてる
F/SF031.DAT,0x484BA,0.13,,몬스터 배 속에 있었던 거구나.,,,,モンスターのおなかの中にあつたのね
F/SF031.DAT,0x48500,0.10,,"이, 이건... 비실비실 나팔이다! 이런 곳에 있었다니",,,,こつ、これは・・・ / <G:90>へろへろラッパ<G:89>だ! / こんなところにあつたなんて
F/SF031.DAT,0x4856C,0.15,,비실비실 나팔을 손에 넣었습니다,,,,<G:90>へろへろラッパ<G:89>を手に入れました
F/SF041.DAT,0x4799C,0.04,,이게 대체!?,,,,これは一体!？
F/SF041.DAT,0x479E4,0.12,탱크 속의 것,탱크 속의 것: 나는 불꽃의 정령. 이 연구소에 붙잡혀 줄곧 힘을 빨리고 있었다.,,,,タンクの中のもの  / <CTRL:E4:3D>私は炎の精霊。<CTRL:E4:3D> / この研究所に捕らえられ / すつと力をすい取られ続けていた。
F/SF041.DAT,0x47A62,0.38,,힘을 빼앗기고 있어?,힘을 빼앗겨?,쿠쿠루,19,力をすい取られる？
F/SF041.DAT,0x47AAC,0.08,불꽃의 정령,"불꽃의 정령: 그래, 이 연구소는 새로운 에릴베 연구를 하고 있다. 즉 생명력 에릴베다.",,,,炎の精霊  / そう、この研究所は<CTRL:E4:15>あたらしい<CTRL:E4:0B> / エリルベーの研究を<CTRL:E4:15>している<CTRL:E4:3D>。 / つまり生命力エリルベーだ。
F/SF041.DAT,0x47B26,0.09,불꽃의 정령,불꽃의 정령: 불꽃의 정령인 나를 붙잡아 에릴베를 계속 빼앗아 왔다.,,,,炎の精霊  / 炎の精霊である<CTRL:E4:15>私を捕らえ<CTRL:E4:0B> / エリルベーを<CTRL:E4:15>とり続けてきた。
F/SF041.DAT,0x47B86,0.13,불꽃의 정령,불꽃의 정령: 이 나라가 급격히 번영하기 시작한 것은 그 때문이다.,,,,炎の精霊  / この国が<CTRL:E4:15>急げきに<CTRL:E4:15> / はん栄しだしたのは<CTRL:E4:0B>そのせいだ。
F/SF041.DAT,0x47BE0,0.09,불꽃의 정령,불꽃의 정령: 에릴베는 서로 나누어 주며 올려 가는 것이지 상대에게서 억지로 빼앗는 것이 아니다.,,,,炎の精霊  / エリルベーは<CTRL:E4:15>たがいに分け与え / <CTRL:E4:15>高めてゆくもので / 相手から無理に<CTRL:E4:15>奪いとるものではない。
F/SF041.DAT,0x47C58,0.10,불꽃의 정령,"불꽃의 정령: 부탁한다, 도와다오. 이 탱크를 부수어 다오.",,,,炎の精霊  / 頼む、<CTRL:E4:15>助けてくれ。 / <CTRL:E4:3D>このタンクを<CTRL:E4:15>壊してくれ。
F/SF041.DAT,0x47CEC,0.07,불꽃의 정령,불꽃의 정령: 고 맙 다.,,,,炎の精霊  / あ<CTRL:E4:0B>り<CTRL:E4:0B>が<CTRL:E4:0B>と<CTRL:E4:15>う<CTRL:E4:3D>。
F/SF041.DAT,0x47D2C,0.12,,나도 감사를 표하겠다.,,,, / 私からも礼を言おう。
F/SF041.DAT,0x47DA8,0.10,불의 정령,불의 정령: 나는 불의 정령. 나의 하위 정령인 불꽃의 정령을 풀어 준 데 대해 인사를 해야겠구나.,,,,火の精霊  / 私は火の精霊。私の下位精霊である / 炎の精霊を開放してくれた / 礼を言わなくてはなるまい。
F/SF041.DAT,0x47E22,0.09,불의 정령,불의 정령: 하지만 나는 이 같은 일을 시작한 인간을 용서할 수 없다.,,,,火の精霊  / ただ、私はこのようなことを始めた / 人聞を許すわけにはいかない。
F/SF041.DAT,0x47E8C,0.13,불의 정령,"불의 정령: 인간들은 자연을 제멋대로 바꾸어 놓을 뿐만 아니라,",,,,火の精霊  / 人聞達は、自然を自分勝手に / 作りかえるばかりではなく、
F/SF041.DAT,0x47EE4,0.10,불의 정령,불의 정령: 생물이 가진 생명을 에릴베로 바꾸는 일을 생각하기 시작했다.,,,,火の精霊  / 生き物の持つている生命をエリルベーに / かえることを考えはじめた。
F/SF041.DAT,0x47F56,0.12,불의 정령,불의 정령: 그리고 마침내 세계 생명의 근원인 정령에게 눈을 돌린 것이다.,,,,火の精霊  / そして、ついに世界の命の源である / 精霊に目をつけたのだ。
F/SF041.DAT,0x47FB0,0.13,불의 정령,불의 정령: 끝을 모르는 그 욕망은 대체 무엇이냐?!,,,,火の精霊  / このとどまるところを知らぬ欲望は / なんなのだ？!
F/SF041.DAT,0x48014,0.10,불의 정령,불의 정령: 스스로는 아무것도 낳지 않으면서 우리가 낳은 생명을 가지고 놀며 세계의 지배자인 양 구는구나.,,,,火の精霊  / 自分では何も産み出さす / 我々の産み出した生命をもて遊び / 世界の支配者気取りだ。
F/SF041.DAT,0x48090,0.11,,...분명 인간들의 욕망은 많은 비극을 계속 낳고 있다.,,,,・・確かに人聞達の欲望は / 多くの悲劇(ひげき)を / 生み続けている。
F/SF041.DAT,0x480F2,0.12,,그리고 나는 어느 비극도 막지 못했어...,,,,そして、俺はどの悲劇も / 止めるこはできなかつた・・。
F/SF041.DAT,0x48168,0.22,,"불의 정령이여. 인간은 아무것도 낳지 못한다고 했지만,",어리석은 인간 녀석들! 인간은 절대 아무것도 만들어내지 못한다!,,19,火の精霊よ。 / 人聞は何も産み出さないと言つたが
F/SF041.DAT,0x481B6,0.11,,단 하나 낳아낼 수 있는 것이 있다.,,,,ひとつだけ / 産み出せるものがある。
F/SF041.DAT,0x48204,0.17,,그것은 인간이다.,,,,それは人聞だ。
F/SF041.DAT,0x4824E,0.17,,이 소년의 눈물에 거짓은 없다.,,,,この少年の涙にいつわりはない。
F/SF041.DAT,0x48294,0.15,,아이들은 부모들의 잘못을 바로잡을 용기와 힘을 가지고 있다.,,,,子供達は親達の誤りを / 正す勇気と力を持つているのだ。
F/SF041.DAT,0x482EE,0.10,,"모든 것을 무로 돌리는 것 말고 해결할 방법이 있다면,",,,,何もかも無に戻す / という以外に / 解決する方法があれば
F/SF041.DAT,0x48344,0.09,,나는 그대에게 져 보고 싶구먼.,,,,わしはそのほうに / 負けてみたいと思うがのう。
F/SF041.DAT,0x4839E,0.09,불의 정령,불의 정령: 이 나에게 설교를 하다니...,,,,火の精霊  / このわしに説教をするとはな・・・。
F/SF041.DAT,0x4842C,0.09,불의 정령,"불의 정령: 좋다. 그대의 말, 소년의 눈물. 그리고 불꽃의 정령을 풀어 준 용기를 믿고",,,,火の精霊  / よかろう。お主の言葉、少年の涙。 / そして炎の精霊を開放してくれた / 勇気を信じて
F/SF041.DAT,0x4849A,0.11,불의 정령,불의 정령: 너희에게 져 주겠다!,,,,火の精霊  / お主達に負けてみよう!
F/SF041.DAT,0x484E8,0.10,불의 정령,"불의 정령: 나오너라, 라이진!",,,,火の精霊  / いでよ、<G:90>ライジン<G:89>!
F/SF041.DAT,0x48542,0.12,불의 정령,불의 정령: 너희를 도울 라이진이다. 데려가는 것이 좋겠다.,,,,火の精霊  / お主等の手助けをする<G:90>ライジン<G:89>だ。 / 持つていくがよい。
F/SF041.DAT,0x485AC,0.27,불의 정령,"불의 정령: 자, 불의 돌을 받아라.",불의 돌을 획득했다.,,19,火の精霊  / さあ<G:90>火の石<G:89>を受け取れ。
F/SF041.DAT,0x48648,0.25,,불의 돌을 손에 넣었다.,불의 돌을 획득했다.,,19,<G:90>火の石<G:89>を手に入れた。
F/SF041.DAT,0x48688,0.11,불의 정령,"불의 정령: 소년이여, 그 눈물을 흘렸을 때의 마음을 잊지 마라!",,,,火の精霊  / 少年よ、その涙を流した時の気持ち / 忘れるでないぞ!
F/SF041.DAT,0x48708,0.10,소장,소장: 이 대 로 끝 날 거 라 생 각 하 지 마 라. 너 희 들 과 함 께 이 곳 을 날 려 주 마.,,,,所長  / このまま<CTRL:E4:15>で<CTRL:E4:15>すむと<CTRL:E4:15>思<CTRL:E4:15>う<CTRL:E4:15>なよ。 / <CTRL:E4:3D>お<CTRL:E4:15>前<CTRL:E4:15>等<CTRL:E4:15>もろ<CTRL:E4:15>とも / ここをふき飛ばしてくれ<CTRL:E4:3D>る。<CTRL:E4:3D>
F/SF041.DAT,0x48798,0.15,경고,경고: 폭파 장치가 작동했습니다.,,,,警告 / <CTRL:E4:3D>爆破装置が<CTRL:E4:3D> / 作動しました。<CTRL:E4:3D>
F/SF041.DAT,0x487BC,0.13,,이 연구소는 곧 폭발합니다.,,,, / この研究所は<CTRL:E4:3D>聞もなく爆発します。<CTRL:E4:3D>
F/SF041.DAT,0x487DA,0.24,,즉시 대피해 주십시오.,"6초 뒤, 이 연구소 주변과 연구소는 폭파될 것입니다. 모든 사람들은 즉시 대피해주십시오.",,19, / ただちに避難して下さい。<CTRL:E4:3D>
F/SF041.DAT,0x4881E,0.12,,상황이 위험해지고 있군.,,,,やばいこになつてきやがつたぜ。
F/SF041.DAT,0x48862,0.12,,탈출하자.,,,,脱出しよう。
F/SF051.DAT,0x47886,0.16,토벌병,토벌병: 보고드립니다.,,,,討伐兵  / 報告いたします。<CTRL:E4:3D><CTRL:E4:3D>
F/SF051.DAT,0x478A0,0.19,토벌병,토벌병: 아크와 그 일당은 그 뒤 수사에도 불구하고 행방을 알 수 없습니다.,,,,討伐兵  / アークとその一味は / その後の捜索にもかかわらす / 行方がわかりません。<CTRL:E4:3D><CTRL:E4:3D>
F/SF051.DAT,0x478D8,0.12,토벌병,토벌병: 아무래도 지형이 크게 바뀌어 버려서...,,,,討伐兵  / なにぶん、大きく地形が / 変わつてしまつており・・。<CTRL:E4:3D><CTRL:E4:3D>
F/SF051.DAT,0x4791A,0.12,안델,안델: 알겠다. 수사를 중단하도록 지시를 내려라.,,,,アンデル  / わかつた。 / 捜査を打ち切るように指示をだせ。<CTRL:E4:3D><CTRL:E4:3D>
F/SF051.DAT,0x4796A,0.06,안델,안델: ...뭐 좋다. 어차피 이 나라에 이제 그놈들이 있을 곳 따위는 없으니 말이다.,,,,アンデル  / ・・・<CTRL:E4:3D>まあよい<CTRL:E4:3D> / どうせこの国にもうヤツ等の / いられる場所などないのだからな。<CTRL:E4:3D><CTRL:E4:3D><CTRL:E4:3D>
F/SF051.DAT,0x479CA,0.00,안델,안델: 후후후후.,,,,アンデル  / フフフフ。<CTRL:E4:3D><CTRL:E4:3D>
F/SF051.DAT,0x479DE,0.14,안델,안델: 와하하하하하하하!!,,,,アンデル  / ワハハハハハハハ!!<CTRL:E4:3D><CTRL:E4:3D><CTRL:E4:3D><CTRL:E4:3D><CTRL:E4:3D><CTRL:E4:3D>
F/SF081.DAT,0x47888,0.11,부하,부하: 형님은 정말 강하시네요. 제가 다 자랑스럽습니다.,,,,弟分  / 兄貴は強ええなっ。 / 俺、はなが高いつすよ。
F/SF081.DAT,0x478E2,0.10,두목,"두목: 토슈, 우리는 사회의 낙오자다.",,,,親分  / トッシュ、俺達は社会のはみだしものだ。
F/SF081.DAT,0x4792E,0.08,두목,두목: 하지만 우리 같은 놈들이 아니면 지킬 수 없는 녀석들도 있다는 걸 잊지 마라.,,,,親分  / だがそんな俺達じゃねえと守れないヤツらもいるつてこを忘れるんじゃねえぞ。
F/SF081.DAT,0x47996,0.16,부하,"부하: 형님, 저는 여기서 보는 팔렌시아가 제일 좋습니다.",,,,弟分  / 兄貴、俺ここから見るパレンシアが一番好きなんすよ。
F/SF081.DAT,0x479EC,0.10,부하,부하: 우리가 사는 다운타운도 근사하게 보이잖아요.,,,,弟分  / 俺達が住んでるダウンタウンだつてりつっにみえちまう。
F/SF081.DAT,0x47A48,0.05,두목,두목: 이제 슬슬 조직을 네게 맡기고 이런 곳에서 여생을 보내고 싶구나.,,,,親分  / そろそろ組をおまえにまかせて、 / こんなところでよせいを過ごしてえ / もんだ。
F/SF091.DAT,0x47880,0.11,,이 나라 왕가에는 옛적에 스메리아로 옮겨진 성궤에 관한 전설이 대대로 전해지고 있다.,,,,この国の王家には / 古(いにしえ)にスメリアに運ばれた / <G:90>聖柩<G:89>にかする伝説が / 代々伝えられている。
F/SF091.DAT,0x478F0,0.16,,"전설에 따르면,",,,,それによると
F/SF091.DAT,0x47928,0.05,,"옛날 인간의 왕이 오만해져 천계로 올라 신마저 지배하려 했고,",,,,かつて、人の王がおごりたかぶり / 天界に帰り、神をも支配しようとしたため
F/SF091.DAT,0x47984,0.09,,신의 노여움을 사 인류는 한 번 멸망했다고 한다.,,,,神の怒りをかい、 / 一度、人類は滅亡しているというのだ。
F/SF091.DAT,0x479D8,0.08,,그때 세상의 끝을 전해 들은 소수의 사람들이,,,,その時に、神から人の世の終わりを / 知らされたわすかな人々が
F/SF091.DAT,0x47A2C,0.09,,인류의 유산을 성궤에 담아 신이 정한 땅 스메리아로 여행했다는 것이다.,,,,人類の遺産(いさん)を<G:90>聖柩<G:89>につめ / 神の定(さだ)めた地スメリアに旅をしたというのだ。
F/SF091.DAT,0x47A92,0.10,,그리고 그 성궤는 다시 인류가 멸망의 위기에 처했을 때,,,,そして、その<G:90>聖柩<G:89>は、 / 再び人類が滅亡の危機(きき)に / ひんした時
F/SF091.DAT,0x47AF0,0.07,,용자가 봉인을 풀어 성궤가 유일한 구원이 되리라 전해진다.,,,,勇者によりその封印をとかれ / ただひとつの救いとなるだろう。 / と、伝えられている。
F/SF091.DAT,0x47B52,0.12,,"아무도 그 전설을 믿지 않았지만, 내 형은 믿고 계셨다.",,,,その伝説を信じる者などいなかつた。 / <CTRL:E4:3D>だが、わしの兄は信じておつたのだ。
F/SF091.DAT,0x47BB0,0.12,,"형은 이십 년 전 전쟁을 막으려 미르마나로 떠났고,",,,,その兄は、20年前 / わが国との戦争をやめさせるために / ミルマーナへ出かけて行き
F/SF091.DAT,0x47C0E,0.08,,토요케 숲에서 사라지고 말았다...,,,,トヨーケの森で行方不明になつて / しまつたのだが・・。
F/SF0A1.DAT,0x478B8,0.08,,용서 못 해...!,,,,ゆるせねえ・・!
F/SF0A1.DAT,0x478F8,0.07,,절대로 용서 못 해!,,,,絶対許せねえ!
F/SF0A1.DAT,0x47948,0.05,,우호오오오오!!,,,,うふおおおおお!!<CTRL:E4:3D>
F/SF0B1.DAT,0x478C4,0.21,국왕,국왕: 그때 형이 남긴 것이 인류가 멸망한다는 말이다.,"그때, 거기서 그는 인류가 멸망한 것이라는 예언을 보게 됐다.",,5,国王  / その時、兄の残したのが / <G:90>人類が滅亡する<G:89>という言葉なのだ。
F/SF0B1.DAT,0x47926,0.06,대신,대신: 국왕께서까지 그런 말씀을 하시면...,,,,大臣  / 王までそのようなこをもうされては・・。
F/SF0B1.DAT,0x47978,0.07,국왕,국왕: 몬스터가 날뛰고 이상한 일이 계속되는 지금에 와서 형의 말과 이 전설이 떠오르는구나.,,,,国王  / モンスターがあばれ、異常なことが続く今になつて兄の言葉と、この伝説が思い起こされるのだ。
F/SF0B1.DAT,0x479E4,0.08,국왕,"국왕: 아크여, 포코와 둘이 미르마나의 토요케 숲에 가서 형이 무엇을 보았는지,",,,,国王  / アークよ、ポコとふたりでミルマーナの / トヨーケの森に行き兄が何を見たか、
F/SF0B1.DAT,0x47A46,0.13,국왕,"국왕: 그리고 성궤가 이 나라 어디에 있는지, 어떻게 하면 손에 넣을 수 있는지",,,,国王  / そして<G:90>聖柩<G:89>がこの国のどこにあるのかどうすれば手に入れることができるのか
F/SF0B1.DAT,0x47AA4,0.14,국왕,국왕: 그것을 조사해 오너라.,,,,国王  / それを調ベてきて欲しいのじゃ。
F/SF0B1.DAT,0x47AFC,0.14,,"국왕님, 저도 두 분과 동행하게 해 주세요.",,,,王様、私も2人に同行させてください。
F/SF0B1.DAT,0x47B5A,0.10,국왕,국왕: 너는?,,,,国王  / おまえは？
F/SF0B1.DAT,0x47B9E,0.16,,"성지 시온산을 대대로 지키는 일족의 딸, 쿠쿠루라고 합니다.",,,,聖地シオン山を代々守る一族の娘でククルともうします。
F/SF0B1.DAT,0x47BF6,0.18,국왕,국왕: 네가 토우빌의 화이트 가문의 딸이냐.,,,,国王  / おまえが、トウヴィルのワイト家の娘か。
F/SF0B1.DAT,0x47C4E,0.12,,제 힘은 왕가만을 위한 것이 아니라,,,,私の力は、王家だけのためのものではなく
F/SF0B1.DAT,0x47C96,0.15,,용자와 힘을 합쳐 인간의 미래를 만들기 위한 것이라고 고문서에서 알았습니다.,,,,勇者と力を合わせ人の未来をつくるためのものと古文書で知りました。
F/SF0B1.DAT,0x47CF0,0.18,,그것을 증명하고 싶습니다.,,,,そのこを証明したいのです。
F/SF0B1.DAT,0x47D32,0.06,대신,대신: 너 같은 어린 계집애가...,,,,大臣  / おまえのような小娘が・・。
F/SF0B1.DAT,0x47D80,0.11,국왕,국왕: 좋다. 셋이서 가거라. 공항에 비행선을 준비시켜 두었다.,,,,国王  / よかろう。 / 3人でゆくがよい。 / 空港に飛行船を用意させてある。
F/SF0B1.DAT,0x47DE2,0.25,국왕,국왕: 기대하마.,기대하도록 하겠네.,,6,国王  / 期待しておるぞ。
F/SF0B1.DAT,0x47E3C,0.22,,맡겨 주세요.,고겐. 힘을 써주세요.,아크,21,まかせてください。
F/SF0D1.DAT,0x4788C,0.10,,하면 잘하잖아.,,,,やればできるじゃないか。
F/SF0D1.DAT,0x478DA,0.10,,아크는 신기해. 너와 있으면 힘이 솟는 것 같아.,,,,アークつて不思議だね。<CTRL:E4:3D> / 君といると力がわいてくる / 気がする。
F/SF0D1.DAT,0x4793C,0.14,,아무튼 성으로 돌아가 국왕께 보고해야 해.,,,,とにかく城に帰つて、 / 王様に報告しなきゃ。
F/SF0E1.DAT,0x4793A,0.09,사류족 남자,"사류족 남자: 장로님, 정신 차리십시오.",,,,サリュ族の男  / 長老、お気を確かに。
F/SF0E1.DAT,0x47990,0.12,장로,장로: 그분이 요슈아 님께서 말씀하신 분인가?,,,,長老  / その方が、ヨシュア殿の / おつしゃつていた方か？
F/SF0E1.DAT,0x479E2,0.17,사류족 남자,"사류족 남자: 예, 스메리아의 아크 님입니다.",,,,サリュ族の男  / はい、スメリアのアーク殿です。
F/SF0E1.DAT,0x47A3E,0.10,,너무 말씀하지 않는 편이...,,,,あまり話をしないほうが・・。
F/SF0E1.DAT,0x47A9E,0.09,장로,장로: 우리는 시대에 뒤처진 백성. 잊혀 스러진다면 그 또한 운명.,,,,長老  / 我々は、時代に取り残された民。 / <CTRL:E4:3D>忘れられて、ほろぶならば / それもまた運命。
F/SF0E1.DAT,0x47B06,0.14,장로,장로: 다만 이것만은 전해 두고 싶습니다.,,,,長老  / <CTRL:E4:3D>ただこれだけは / お伝えしておきたいのです。
F/SF0E1.DAT,0x47B56,0.14,장로,장로: 정령들은 모두 비밀을 품고 있습니다. 그것은 이 세계의 비밀입니다.,,,,長老  / 精霊達はみなひみをかかえております。 / <CTRL:E4:3D>それはこの世界のひみなのです。
F/SF0E1.DAT,0x47BB6,0.11,장로,장로: 요슈아 님께 당신은 인간의 미래를 향한 희망이라고 들었습니다. 아직 끝내서는 안 됩니다.,,,,長老  / ヨシュア殿からあなたさまは / 人の未来への希望だとお聞きしました。<CTRL:E4:3D> / まだ終わらせてはいけないのです。
F/SF0E1.DAT,0x47C28,0.07,장로,장로: 이것은 이 마을에 전해지는 부적입니다. 무언가에 도움이 되기를.,,,,長老  / <CTRL:E4:3D>これは、この村に伝わるお守りです。 / 何かのお役に立てて下さい。
F/SF0E1.DAT,0x47C8C,0.21,,장로의 방패를 손에 넣었다.,마침내 바람의 오브를 손에 넣었군.,,17,<G:90>長老の盾<G:89>を手に入れた。
F/SF0E1.DAT,0x47CCC,0.26,장로,장로: 카사토르는 잊힌 물의 신전으로 향하고 있습니다.,물의 신전으로,,18,長老  / <CTRL:E4:3D>カサトールは忘れ去られた / 水の神殿に 向かつております。
F/SF0E1.DAT,0x47D14,0.17,장로,장로: 물의 정 령 을 지 켜 ... 주 ...,,,,長老  / 水の精<CTRL:E4:0B>霊<CTRL:E4:0B>をまもつ<CTRL:E4:3D>・て・・<CTRL:E4:3D>くだ<CTRL:E4:3D>・<CTRL:E4:3D>・<CTRL:E4:3D>・<CTRL:E4:3D>
F/SF0E1.DAT,0x47D6C,0.20,사류족 남자,"사류족 남자: 자, 장로님!",장로니임!!!,,18,サリュ族の男  / ちょ、長老!
F/SF0E1.DAT,0x47DDC,0.12,,카사토르라는 자는 누구야?,,,,カサトールつていうのは / 何者なの？
F/SF0E1.DAT,0x47E20,0.12,사류족 남자,사류족 남자: 아리바샤 국왕 아래 장군입니다.,,,,サリュ族の男  / アリバーシャ国王の配下の将軍です。
F/SF0E1.DAT,0x47E70,0.09,사류족 남자,"사류족 남자: 사람 목숨을 아무렇지도 않게 여기는, 몬스터보다 더한 놈입니다. 그놈은, 그놈만은 용서할 수 없어!",,,,サリュ族の男  / 人の命など何とも思わない / モンスターよりもひどい男です。<CTRL:E4:3D> / ヤツは、ヤツだけは許せない!
F/SF0E1.DAT,0x47EE0,0.21,,"물의 정령이 위험해. 아크, 빨리 신전으로 가야 해!",물의 신전으로,,18,水の精霊が危ない。 / アーク早く神殿へ向かわなきゃ!
F/SF0E1.DAT,0x47F34,0.33,,아크...?,오... 아크야...,어머니,2,アーク<CTRL:E4:3D>・<CTRL:E4:0B>・<CTRL:E4:0B>・<CTRL:E4:0B>・？
F/SF0E1.DAT,0x47F86,0.07,,"무언가를 알아도, 배워도 내 눈앞에서 비극은 사라지지 않아...",,,,何かを知つても、<CTRL:E4:3D>学んでも<CTRL:E4:07> / 俺の目の前から悲劇は消えない・・。
F/SF0E1.DAT,0x47FE4,0.11,,나는 어찌 이렇게 무력한 걸까...,,,,<CTRL:E4:3D><CTRL:E4:3D>おれは<CTRL:E4:3D>なんて無力なんだ・・。<CTRL:E4:3D>
F/SF0F1.DAT,0x47910,0.08,,"알겠느냐, 우리에게 봉인의 기술 따위는 필요 없다. 산으로 돌아가는 데에는 다른 용무가 있다.",,,,わかつたか、この我々に封印の技など必要ではない。 / 山に帰るのは別の用じゃ。
F/SF0F1.DAT,0x47974,0.07,,한결같이 주먹을 단련해 온 내가...,,,,ひたすら拳を鍛(きた)え続けた私が・・。
F/SF0F1.DAT,0x479C2,0.09,,나는 그저 가르침대로 수행해 왔을 뿐이야...,,,,私はただ教えの通り修行をしてきた・・。
F/SF0F1.DAT,0x47A0E,0.05,,그 가르침이 어느새 뒤틀려 버린 모양이구먼.,,,,その教えが、いつの聞にかゆがめられてしまつたようだのう。
F/SF0F1.DAT,0x47A6A,0.14,,대승정이라는 자와 이야기를 하고 싶다. 괜찮겠지.,,,,大僧正とやらと話がしたい。 / かまわんじゃろう。
F/SF0F1.DAT,0x47ADA,0.14,,"기다려 줘, 나도 이야기하고 싶어. 안내하지.",,,,待つてくれ、 / 私も話がしたい。 / 案内しよう。
