category,id,status,severity,finding,evidence
EXE_UI,equipment_name:14,CONFIRMED_DEFECT,LOW,"Source Violet Racer (ree-saa) has unvoiced SA, but current Korean says Laser (reijeo).",Original COMM glyph sheet original_ui_03.png row33; pointer0x804DC; original raw=AF 65 8F 6F 82 5C 6F 31 77 31; actual current=바이올렛 레이저
EXE_UI,equipment_name:26,CONFIRMED_DEFECT,LOW,Source Diiru fang is transliterated as Deil; the source vowel sequence is different.,Original COMM glyph sheet original_ui_03.png row45; pointer0x8050C; original raw=81 DD 03 31 53 1C DE B0; actual current=데일의 이빨
EXE_UI,equipment_name:42,CONFIRMED_DEFECT,LOW,"Source jigoku no SCOPE is rendered as hell's SNOOP, a glyph misreading.",Original COMM glyph sheet original_ui_04.png row61; pointer0x8054C; original raw=4A 79 3E 1C 47 D1 31 DD 55; actual current=지옥의 스누프
EXE_UI,equipment_name:48,CONFIRMED_DEFECT,LOW,"Source Reira hair ornament is rendered as Rira, changing the proper name.",Original COMM glyph sheet original_ui_05.png row67; pointer0x80564; original raw=6F 65 57 1C 20 6D 20 DD 3D 39; actual current=리라의 머리장식
EXE_UI,equipment_name:55,CONFIRMED_DEFECT,MEDIUM,"Source Sun HAT (boushi) becomes Sun MIRROR, changing the object type.",Original COMM glyph sheet original_ui_05.png row74; pointer0x80580; original raw=DD A9 DF 07 1C D2 26 1E; actual current=태양의 거울
EXE_UI,equipment_name:57,CONFIRMED_DEFECT,LOW,"Source Kuravisu book becomes Klaus book, changing the proper name.",Original COMM glyph sheet original_ui_05.png row76; pointer0x80588; original raw=4E 57 DD 39 DD 03 47 1C 92; actual current=클라우스의 책
EXE_UI,equipment_name:61,CONFIRMED_DEFECT,LOW,"Source Furei crest becomes Pony crest, changing the proper name.",Original COMM glyph sheet original_ui_05.png row80; pointer0x80598; original raw=A6 6F 65 1C DE 56 DE 34; actual current=포니의 문장
EXE_UI,equipment_description:30,CONFIRMED_DEFECT,MEDIUM,"Source says enemies ALMOST ALWAYS drop an item when defeated; current says RARE ITEM acquisition, changing probability into rarity.",Original COMM glyph sheet original_ui_08.png row113; pointer0x80B0C; original raw=BD 2F DD 83 2B 36 DD 05 D2 42 65 DB D8 2A 56 27 2B; actual current=적 처치 시 희귀 아이템 획득
EXE_UI,equipment_description:48,CONFIRMED_DEFECT,HIGH,"Caster/recipient reversed: current says Kukuru RECEIVES resurrection with full HP; original code tests the CASTER'S equipment, giving her resurrected target full HP.","Original COMM glyph sheet original_ui_09.png row131; pointer0x80B54; original raw=DD 2C DE 49 DD 1B DD 51 30 DD FA DD 90 DD 2B 50 30 DD 2C DE 49 1E 27 2B 09 4E 4E 53 0A; actual current=부활 마법을 받으면|체력 전부 회복(쿠쿠루); equipment_mechanics_followup.json: 8012E394 s0=a0 actor; 8012E3B8 equipped(actor,0x31); 8012E438 target_id=actor+AA; 8012E43C call 80128D78 with a3=equipment result; 80128D8C saves equipment flag; 80128DA4 skips half-HP removal when flag nonzero; 80128DAC..28DC8 reads newly created recipient maximum HP at +14 and removes half only without equipment; 8012E474..2E484 subsequently charges MP to same actor, separating actor from new recipient"
EXE_UI,equipment_description:49,CONFIRMED_DEFECT,MEDIUM,"Damage variation is real but incomplete: equipment doubles variability also used in healing, including the recipient's contribution. Source general variation wording was narrowed to damage.","Original COMM glyph sheet original_ui_09.png row132; pointer0x80B58; original raw=DD 42 1F 39 28 8C 32 2A 50 44 3E 1D 39 27 2B; actual current=피해 편차 증가; equipment_mechanics_followup.json: equipment49 raw 00 01 1A 00 64 00: percentage increase 100 to stat 0x1A; 80174D50..74DF4 reads original stat and computes original + original*100/100; getter table 8011B844 -> 80175368 reads stat +30; 801744E0..74544 applies base + trunc(base*(rand(2*spread)-spread)/100); 80173038 physical, 801731D8 magic, 80173330 item use spread; 8017354C,80173554 sum caster/recipient spread; 80173580 applies same variation to healing"
EXE_UI,consumable_name:8,CONFIRMED_DEFECT,LOW,"Source is poisonous medicine (dokuyaku), current says poisonous HERB; source distinguishes it from medicinal herb.",Original COMM glyph sheet original_ui_10.png row155; pointer0x80CBC; original raw=DD CF DD 58; actual current=독초
EXE_UI,consumable_name:16,CONFIRMED_DEFECT,LOW,"Source attack BOTTLE (bin) becomes attack JAR, conflating the vessel with summoning tsubo.",Original COMM glyph sheet original_ui_11.png row163; pointer0x80CDC; original raw=D0 B1 DE C0; actual current=공격 항아리
EXE_UI,skill_name:43,CONFIRMED_DEFECT,LOW,Original Odon rendered Oton: voiced DO misread as TO; same discrepancy in character85/description43,original_ui_16.png inventory row 254; pointer 0x8126C; V375 decoded current='오톤'
EXE_UI,skill_name:47,NEEDS_SOURCE_CONFIRMATION,MEDIUM,Original floor creation translated bridge creation; narrower construction meaning needs original gameplay evidence,original_ui_17.png inventory row 258; pointer 0x8127C; V375 decoded current='다리 만들기'
EXE_UI,skill_name:56,CONFIRMED_DEFECT,LOW,Original Dust Ruin rendered Dust Rune; distinct ruin/rune name lost,original_ui_17.png inventory row 267; pointer 0x812A0; V375 decoded current='더스트 룬'
EXE_UI,skill_description:20,CONFIRMED_DEFECT,LOW,"Original fires many bombs AT ONCE; current says consecutive fire, changing simultaneous to sequential animation",original_ui_19.png inventory row 290; pointer 0x81758; V375 decoded current='폭탄을 연속 발사'
EXE_UI,skill_description:24,CONFIRMED_DEFECT,MEDIUM,"Original EVERYONE FACES SAME DIRECTION AS POCO; current invents Poni and says toward Poni direction, losing same-facing relation",original_ui_19.png inventory row 294; pointer 0x81768; V375 decoded current='전원이 포니 방향으로 전환'
EXE_UI,skill_description:29,NEEDS_SOURCE_CONFIRMATION,MEDIUM,Original creates a mass of flame; current says flame BARRIER. Shape/obstruction claim needs original effect evidence,original_ui_19.png inventory row 299; pointer 0x8177C; V375 decoded current='불꽃 장벽 생성'
EXE_UI,skill_description:32,CONFIRMED_DEFECT,MEDIUM,Original locks every eligible enemy in a radius-2 target area; current one-enemy restriction is false. Original target collector and marking loop both iterate all matching actors.,original_ui_19.png inventory row 302; pointer 0x81788; V375 decoded current='적 하나 고정'; original area80170028..80170270; collector80128004; Iga callback8012EBA8 marking8012EBE4..8012EC04; skill_integrity_followup.json two-target CPU PASS
EXE_UI,skill_description:33,CONFIRMED_DEFECT,MEDIUM,Original explicitly shoots light at enemies locked by MIND-EYE TECHNIQUE; current omits named prerequisite skill,original_ui_19.png inventory row 303; pointer 0x8178C; V375 decoded current='고정한 적에게 광탄 발사'
EXE_UI,skill_description:37,CONFIRMED_DEFECT,MEDIUM,Original removes enemies A CERTAIN AMOUNT WEAKER THAN SELF; current weak enemies omits relative-strength condition,original_ui_20.png inventory row 307; pointer 0x8179C; V375 decoded current='약한 적을 소멸'
EXE_UI,skill_description:43,CONFIRMED_DEFECT,LOW,Original summons Odon; current Oton repeats voiced DO misread from name43/character85,original_ui_20.png inventory row 313; pointer 0x817B4; V375 decoded current='오톤 소환'
EXE_UI,skill_description:47,NEEDS_SOURCE_CONFIRMATION,MEDIUM,Original creates FLOOR in inaccessible places; current bridge claims narrower structure. Confirm original placement effect,original_ui_20.png inventory row 317; pointer 0x817C4; V375 decoded current='갈 수 없는 곳에 다리 생성'
EXE_UI,character_name:4,CONFIRMED_DEFECT,HIGH,Original Gogen ID4 currently Iga: identities exchanged,original_ui_21.png inventory row 333; pointer 0x81B5C; V375 decoded current='이가'
EXE_UI,character_name:5,CONFIRMED_DEFECT,HIGH,Original Iga ID5 currently Gogen: identities exchanged,original_ui_21.png inventory row 334; pointer 0x81B60; V375 decoded current='고겐'
EXE_UI,character_name:15,CONFIRMED_DEFECT,MEDIUM,Original NINJA rendered Ganja: species name misread,original_ui_22.png inventory row 344; pointer 0x81B88; V375 decoded current='간자'
EXE_UI,character_name:35,CONFIRMED_DEFECT,MEDIUM,Original SUPER SHINOBI rendered SUPER ZOMBIE: different monster identity,original_ui_23.png inventory row 364; pointer 0x81BD8; V375 decoded current='슈퍼 좀비'
EXE_UI,character_name:62,CONFIRMED_DEFECT,MEDIUM,Original STUN GOLEM rendered STONE GOLEM: modifier changed,original_ui_25.png inventory row 391; pointer 0x81C44; V375 decoded current='스톤 골렘'
EXE_UI,character_name:72,CONFIRMED_DEFECT,MEDIUM,Original KO ABIS rendered NI ABIS: KO misread as NI,original_ui_26.png inventory row 401; pointer 0x81C6C; V375 decoded current='니 아비스'
EXE_UI,character_name:85,CONFIRMED_DEFECT,LOW,Original ODON rendered OTON: voiced DO misread; also name43/description43,original_ui_26.png inventory row 414; pointer 0x81CA0; V375 decoded current='오톤'
EXE_UI,character_name:104,CONFIRMED_DEFECT,HIGH,Original DARK GOGEN rendered DARK IGA: ID4/5 swap propagated to dark counterpart104,original_ui_28.png inventory row 433; pointer 0x81CEC; V375 decoded current='다크 이가'
EXE_UI,character_name:105,CONFIRMED_DEFECT,HIGH,Original DARK IGA rendered DARK GOGEN: ID4/5 swap propagated to dark counterpart105,original_ui_28.png inventory row 434; pointer 0x81CF0; V375 decoded current='다크 고겐'
EXE_UI,ui_pointer:781B8,NEEDS_SOURCE_CONFIRMATION,MEDIUM,Direct original caller8012C7CC passes to8012D734 after selector drawing8012D220; load-only menu reachability still not fully traced.,Original MIPS disassembly; extra_system_probe.py contexts and configuration80160810..80160928
EXE_UI,region_name:3,CONFIRMED_DEFECT,MEDIUM,オルニス(오르니스)를 오르카스로 오독.,current=오르카스 언덕; source glyph=original_ui_28.png ID region_name:3; original bytes=8F 53 DD 56 47 1C DE F2; V375 pointer=0x8019D128
EXE_UI,region_name:5,CONFIRMED_DEFECT,MEDIUM,コルボ(코르보)를 니르로 오독.,current=니르 평원; source glyph=original_ui_28.png ID region_name:5; original bytes=D1 53 DD A1 DE BE DE EB; V375 pointer=0x8019BE78
EXE_UI,region_name:7,CONFIRMED_DEFECT,MEDIUM,クイナ(쿠이나)의 イ 누락: 쿠나.,current=쿠나 언덕; source glyph=original_ui_28.png ID region_name:7; original bytes=4E 65 7C 1C DE F2; V375 pointer=0x8019BD95
EXE_UI,region_name:12,CONFIRMED_DEFECT,MEDIUM,ニカラス(니카라스)를 카카라스로 오독.,current=카카라스 숲; source glyph=original_ui_29.png ID region_name:12; original bytes=DD 56 BC 57 47 1C DD 10; V375 pointer=0x8019C126
EXE_UI,region_name:13,CONFIRMED_DEFECT,MEDIUM,沼(늪)를 늘로 오자.,current=센바라 늘; source glyph=original_ui_29.png ID region_name:13; original bytes=DD 60 34 AF 57 1C DF 34; V375 pointer=0x8019BBF9
EXE_UI,region_name:20,CONFIRMED_DEFECT,MEDIUM,アゼンダ(아젠다)의 ン 누락: 아제다.,current=아제다 고지; source glyph=original_ui_29.png ID region_name:20; original bytes=42 DD F8 34 67 DD DD 90; V375 pointer=0x8019BE94
EXE_UI,region_name:26,CONFIRMED_DEFECT,MEDIUM,イシュマ(이슈마)를 라슈마로 오독.,current=라슈마 암장; source glyph=original_ui_29.png ID region_name:26; original bytes=65 60 AB 64 1C 1B 43 89; V375 pointer=0x8019BAAC
EXE_UI,region_name:27,CONFIRMED_DEFECT,MEDIUM,ニーデル(니델)을 카델로 오독.,current=카델 공항; source glyph=original_ui_29.png ID region_name:27; original bytes=DD 56 31 81 53 DD 18 DD 4A; V375 pointer=0x8019C130
EXE_UI,ui_pointer:81EFC,CONFIRMED_DEFECT,MEDIUM,ニーデル(니델)을 카델로 오독.,current=카델; source glyph=original_ui_30.png ID ui_pointer:81EFC; original bytes=DD 56 31 81 53; V375 pointer=0x8019AFDC
EXE_UI,location_name:17,CONFIRMED_DEFECT,MEDIUM,オルニス(오르니스)를 오르카스로 오독. region_name:3과 같은 원문/현행 쌍.,current=오르카스 언덕; source glyph=original_ui_31.png ID location_name:17; original bytes=8F 53 DD 56 47 1C DE F2; V375 pointer=0x8019D128
EXE_UI,location_name:21,CONFIRMED_DEFECT,MEDIUM,アゼンダ(아젠다)의 ン 누락: 아제다.,current=아제다 고지 동굴; source glyph=original_ui_31.png ID location_name:21; original bytes=42 DD F8 34 67 DD DD 90 DF 1A DF 48; V375 pointer=0x8019C8FA
EXE_UI,location_name:22,CONFIRMED_DEFECT,MEDIUM,アゼンダ(아젠다)의 ン 누락: 아제다.,current=아제다 고지 외부; source glyph=original_ui_31.png ID location_name:22; original bytes=42 DD F8 34 67 DD DD 90 DD 6B; V375 pointer=0x8019AB7C
EXE_UI,location_name:29,CONFIRMED_DEFECT,MEDIUM,ニーデル(니델)을 카델로 오독.,current=카델 공항; source glyph=original_ui_32.png ID location_name:29; original bytes=DD 56 31 81 53 DD 18 DD 4A; V375 pointer=0x8019C130
EXE_UI,location_name:30,CONFIRMED_DEFECT,MEDIUM,コロシアム(콜로세움)을 니로시암으로 오독.,current=니로시암 대기실; source glyph=original_ui_32.png ID location_name:30; original bytes=D1 A2 60 42 D8 7D 20 46 DE DF; V375 pointer=0x8019AB66
EXE_UI,location_name:31,CONFIRMED_DEFECT,MEDIUM,コロシアム(콜로세움)을 니로시암으로 오독.,current=니로시암 무대; source glyph=original_ui_32.png ID location_name:31; original bytes=D1 A2 60 42 D8 CA 1F 1B; V375 pointer=0x8019C25C
EXE_UI,location_name:42,CONFIRMED_DEFECT,MEDIUM,コルボ(코르보)를 니르로 오독.,current=니르 평원; source glyph=original_ui_33.png ID location_name:42; original bytes=D1 53 DD A1 DE BE DE EB; V375 pointer=0x8019BE78
EXE_UI,location_name:44,CONFIRMED_DEFECT,MEDIUM,クイナ(쿠이나)의 イ 누락: 쿠나.,current=쿠나 언덕; source glyph=original_ui_33.png ID location_name:44; original bytes=4E 65 7C 1C DE F2; V375 pointer=0x8019BD95
EXE_UI,location_name:46,CONFIRMED_DEFECT,MEDIUM,ニカラス(니카라스)를 카카라스로 오독.,current=카카라스 숲; source glyph=original_ui_33.png ID location_name:46; original bytes=DD 56 BC 57 47 1C DD 10; V375 pointer=0x8019C126
EXE_UI,location_name:47,CONFIRMED_DEFECT,MEDIUM,沼(늪)를 늘로 오자.,current=센바라 늘; source glyph=original_ui_33.png ID location_name:47; original bytes=DD 60 34 AF 57 1C DF 34; V375 pointer=0x8019BBF9
EXE_UI,location_name:50,CONFIRMED_DEFECT,MEDIUM,イシュマ(이슈마)를 라슈마로 오독.,current=라슈마 암장; source glyph=original_ui_33.png ID location_name:50; original bytes=65 60 AB 64 1C 1B 43 89; V375 pointer=0x8019BAAC
EXE_UI,location_name:51,CONFIRMED_DEFECT,MEDIUM,コロシアム(콜로세움)을 니로시암으로 오독.,current=니로시암 투기장; source glyph=original_ui_33.png ID location_name:51; original bytes=D1 A2 60 42 D8 93 DD 4C 89; V375 pointer=0x8019AB71
EXE_UI,ui_pointer:82348,CONFIRMED_DEFECT,MEDIUM,원문 E707/E706 대상 변경 버튼 코드가 삭제되어 현행 대상 변경만 남음. 입력 방법 정보 누락.,current=대상 변경; source glyph=original_ui_34.png ID ui_pointer:82348; original bytes=E7 07 E7 06 30 AC DE 92 2F 20 46 33 32 27 2B; V375 pointer=0x8019AEA8
EXE_UI,ui_pointer:82354,CONFIRMED_DEFECT,MEDIUM,원문 E701로 능력 선택 안내의 방향 입력 코드 삭제.,current=스킬을 선택하세요; source glyph=original_ui_34.png ID ui_pointer:82354; original bytes=E7 01 30 DD 80 61 2F DE 0A 2D 30 70 3A 1B; V375 pointer=0x8019C7B7
EXE_UI,ui_pointer:82358,CONFIRMED_DEFECT,MEDIUM,원문 E703으로 취소한다는 안내의 취소 버튼 코드 삭제.,current=돌아갑니다; source glyph=original_ui_34.png ID ui_pointer:82358; original bytes=E7 03 30 DD 4E D6 34 DD 60 53 1E 27 2B; V375 pointer=0x8019ADC7
EXE_UI,ui_pointer:82360,NEEDS_SOURCE_CONFIRMATION,MEDIUM,Indexed help bank: additional L/R instruction still needs all-input-state proof. No direct static pointer xref found.,Original MIPS disassembly; extra_system_probe.py contexts and configuration80160810..80160928
EXE_UI,ui_pointer:8236C,CONFIRMED_DEFECT,MEDIUM,원문 빈 장소를 E701로 선택 안내의 방향 입력 코드 삭제.,current=비어 있는 곳을 선택하세요; source glyph=original_ui_34.png ID ui_pointer:8236C; original bytes=DD 18 1B 21 1B 22 89 C2 2F E7 01 30 DE 0A 2D 30 70 3A 1B; V375 pointer=0x8019B568
EXE_UI,ui_pointer:82948,CONFIRMED_DEFECT,HIGH,毒攻撃(독 공격)을 해로운 공격으로 번역하여 특정 독 상태 정보 누락.,current=해로운 공격; source glyph=original_ui_37.png ID ui_pointer:82948; original bytes=DD CF D0 B1; V375 pointer=0x8019C292
EXE_UI,ui_pointer:82950,CONFIRMED_DEFECT,MEDIUM,"동일 원문 기술의 이름이 main skill_name:51에서는 폭렬 수리검, 이 UI 별도 포인터에서는 폭발 수리검로 달라짐.",current=폭발 수리검; source glyph=original_ui_38.png ID ui_pointer:82950; original bytes=58 3E 32 45 87 DD FE DD 8D; V375 pointer=0x8019C144
EXE_UI,ui_pointer:8295C,CONFIRMED_DEFECT,MEDIUM,"동일 원문 기술의 이름이 main skill_name:25에서는 익스플로전, 이 UI 별도 포인터에서는 대폭발로 달라짐.",current=대폭발; source glyph=original_ui_38.png ID ui_pointer:8295C; original bytes=DD 23 4E 47 DD 55 A2 31 7F 69 34; V375 pointer=0x8019AEAE
EXE_UI,ui_pointer:82960,CONFIRMED_DEFECT,MEDIUM,"동일 원문 기술의 이름이 main skill_name:28에서는 윈드 슬래셔, 이 UI 별도 포인터에서는 바람 검로 달라짐.",current=바람 검; source glyph=original_ui_38.png ID ui_pointer:82960; original bytes=71 65 34 95 47 57 82 60 D6 31; V375 pointer=0x8019BD8D
EXE_UI,ui_pointer:82964,CONFIRMED_DEFECT,MEDIUM,"동일 원문 기술의 이름이 main skill_name:30에서는 썬더 스톰, 이 UI 별도 포인터에서는 전기 폭풍로 달라짐.",current=전기 폭풍; source glyph=original_ui_38.png ID ui_pointer:82964; original bytes=77 34 67 31 47 5C 31 D8; V375 pointer=0x8019BCE5
EXE_UI,ui_pointer:8296C,CONFIRMED_DEFECT,MEDIUM,"동일 원문 기술의 이름이 main skill_name:7에서는 디포이즌, 이 UI 별도 포인터에서는 해로운 기운 제거로 달라짐. 독 해제를 일반 유해 효과 해제로 넓힌 표현이기도 함.",current=해로운 기운 제거; source glyph=original_ui_38.png ID ui_pointer:8296C; original bytes=81 D7 65 DE 1F 34; V375 pointer=0x8019C040
EXE_UI,ui_pointer:82970,CONFIRMED_DEFECT,MEDIUM,"동일 원문 기술의 이름이 main skill_name:10에서는 천벌, 이 UI 별도 포인터에서는 하늘의 심판로 달라짐.",current=하늘의 심판; source glyph=original_ui_38.png ID ui_pointer:82970; original bytes=DD 26 1C 3A 58 44; V375 pointer=0x8019C277
EXE_UI,ui_pointer:82974,CONFIRMED_DEFECT,MEDIUM,"동일 원문 기술의 이름이 main skill_name:11에서는 리저렉션, 이 UI 별도 포인터에서는 부활로 달라짐.",current=부활; source glyph=original_ui_38.png ID ui_pointer:82974; original bytes=6B DD C8 6F 4E 60 69 34; V375 pointer=0x8019B04F
EXE_UI,ui_pointer:82980,CONFIRMED_DEFECT,MEDIUM,"동일 원문 기술의 이름이 main skill_name:6에서는 큐어, 이 UI 별도 포인터에서는 회복로 달라짐.",current=회복; source glyph=original_ui_38.png ID ui_pointer:82980; original bytes=DD 4E AB 42; V375 pointer=0x8019B053
EXE_UI,ui_pointer:82988,CONFIRMED_DEFECT,HIGH,毒のきり(독 안개)를 해로운 기운으로 번역하여 독/안개 정보 누락.,current=해로운 기운; source glyph=original_ui_38.png ID ui_pointer:82988; original bytes=DD CF 1C 44 39; V375 pointer=0x8019BEBE
EXE_UI,ui_pointer:82998,CONFIRMED_DEFECT,MEDIUM,"동일 원문 기술의 이름이 main skill_name:54에서는 사방 공격, 이 UI 별도 포인터에서는 주위 공격로 달라짐.",current=주위 공격; source glyph=original_ui_39.png ID ui_pointer:82998; original bytes=1E DE 20 26 1B D0 B1; V375 pointer=0x8019BC9D
EXE_UI,ui_pointer:829B0,CONFIRMED_DEFECT,MEDIUM,"동일 원문 기술의 이름이 main skill_name:53에서는 지옥으로 가는 계단, 이 UI 별도 포인터에서는 지옥의 계단로 달라짐.",current=지옥의 계단; source glyph=original_ui_39.png ID ui_pointer:829B0; original bytes=4A 79 3E 8A 1C DD B2 DE 61; V375 pointer=0x8019C62E
EXE_UI,ui_pointer:829D0,CONFIRMED_DEFECT,MEDIUM,"동일 원문 기술의 이름이 main skill_name:57에서는 요미의 날개, 이 UI 별도 포인터에서는 황천 비행로 달라짐.",current=황천 비행; source glyph=original_ui_40.png ID ui_pointer:829D0; original bytes=3D 6D 1C 45 58 3A; V375 pointer=0x8019C234
EXE_UI,ui_pointer:829D8,CONFIRMED_DEFECT,HIGH,실제 원문 デスボール(데스 볼/죽음의 공)을 죽음 회복으로 오독. 공격명에 회복이라는 다른 의미 부여.,current=죽음 회복; source glyph=original_ui_40.png ID ui_pointer:829D8; original bytes=81 47 DD A1 31 53; V375 pointer=0x8019BDE5
EXE_UI,ui_pointer:829DC,CONFIRMED_DEFECT,MEDIUM,실제 원문 ダストルーイン(더스트 루인)의 ruin을 rune/문양으로 오독한 더스트 문양. main skill_name:56 더스트 룬과도 불일치.,current=더스트 문양; source glyph=original_ui_40.png ID ui_pointer:829DC; original bytes=67 47 5C 53 31 65 34; V375 pointer=0x8019AC8F
EXE_UI,ui_pointer:829E8,CONFIRMED_DEFECT,MEDIUM,"동일 원문 기술의 이름이 main skill_name:2에서는 토탈 힐링, 이 UI 별도 포인터에서는 전체 회복로 달라짐.",current=전체 회복; source glyph=original_ui_40.png ID ui_pointer:829E8; original bytes=5C 31 62 53 DD B5 31 6B 34 80; V375 pointer=0x8019BCFD
EXE_UI,ui_pointer:829F4,CONFIRMED_DEFECT,MEDIUM,"동일 원문 기술의 이름이 main skill_name:5에서는 메테오 폴, 이 UI 별도 포인터에서는 별 내리기로 달라짐.",current=별 내리기; source glyph=original_ui_40.png ID ui_pointer:829F4; original bytes=78 DB 8F A6 DE B4 31 53; V375 pointer=0x8019AE4C
EXE_UI,ui_pointer:829F8,CONFIRMED_DEFECT,MEDIUM,"동일 원문 기술의 이름이 main skill_name:6에서는 큐어, 이 UI 별도 포인터에서는 회복로 달라짐.",current=회복; source glyph=original_ui_40.png ID ui_pointer:829F8; original bytes=DD 4E AB 42; V375 pointer=0x8019B053
EXE_UI,ui_pointer:829FC,CONFIRMED_DEFECT,MEDIUM,"동일 원문 기술의 이름이 main skill_name:7에서는 디포이즌, 이 UI 별도 포인터에서는 해로운 기운 제거로 달라짐. 독 해제를 일반 유해 효과 해제로 넓힌 표현이기도 함.",current=해로운 기운 제거; source glyph=original_ui_40.png ID ui_pointer:829FC; original bytes=81 D7 65 DE 1F 34; V375 pointer=0x8019C040
EXE_UI,ui_pointer:82A08,CONFIRMED_DEFECT,MEDIUM,"동일 원문 기술의 이름이 main skill_name:10에서는 천벌, 이 UI 별도 포인터에서는 하늘의 심판로 달라짐.",current=하늘의 심판; source glyph=original_ui_40.png ID ui_pointer:82A08; original bytes=DD 26 1C 3A 58 44; V375 pointer=0x8019C277
EXE_UI,ui_pointer:82A0C,CONFIRMED_DEFECT,MEDIUM,"동일 원문 기술의 이름이 main skill_name:11에서는 리저렉션, 이 UI 별도 포인터에서는 부활로 달라짐.",current=부활; source glyph=original_ui_40.png ID ui_pointer:82A0C; original bytes=6B DD C8 6F 4E 60 69 34; V375 pointer=0x8019B04F
EXE_UI,ui_pointer:82A14,CONFIRMED_DEFECT,MEDIUM,"동일 원문 기술의 이름이 main skill_name:13에서는 앵화뇌폭참, 이 UI 별도 포인터에서는 토슈 비기로 달라짐.",current=토슈 비기; source glyph=original_ui_41.png ID ui_pointer:82A14; original bytes=DE 3C DE 1B DD A5 DD 41 DD 5C; V375 pointer=0x8019BD45
EXE_UI,ui_pointer:82A18,CONFIRMED_DEFECT,MEDIUM,"동일 원문 기술의 이름이 main skill_name:14에서는 주박검, 이 UI 별도 포인터에서는 봉인검로 달라짐.",current=봉인검; source glyph=original_ui_41.png ID ui_pointer:82A18; original bytes=DE 35 DE 94 DD 8D; V375 pointer=0x8019AF44
EXE_UI,ui_pointer:82A1C,CONFIRMED_DEFECT,MEDIUM,"동일 원문 기술의 이름이 main skill_name:15에서는 진공참, 이 UI 별도 포인터에서는 진공검로 달라짐.",current=진공검; source glyph=original_ui_41.png ID ui_pointer:82A1C; original bytes=DE 9F DD 18 DD 5C; V375 pointer=0x8019AE1B
EXE_UI,ui_pointer:82A20,CONFIRMED_DEFECT,MEDIUM,"동일 원문 기술의 이름이 main skill_name:16에서는 호영참, 이 UI 별도 포인터에서는 그림자검로 달라짐.",current=그림자검; source glyph=original_ui_41.png ID ui_pointer:82A20; original bytes=DE E9 DE 81 DD 5C; V375 pointer=0x8019BEA9
EXE_UI,ui_pointer:82A24,CONFIRMED_DEFECT,MEDIUM,戦の小太鼓(전투의 작은 북)를 전투 큰 북으로 번역해 크기 반전. main skill_name:17 전투의 북과도 불일치.,current=전투 큰 북; source glyph=original_ui_41.png ID ui_pointer:82A24; original bytes=63 1C DD 88 DD A9 DD F1; V375 pointer=0x8019C2FE
EXE_UI,ui_pointer:82A28,CONFIRMED_DEFECT,MEDIUM,荒獅子太鼓는 main skill_name:18 황사자 북인데 이곳은 황사자태고. 같은 기술 악기 표기 불일치.,current=황사자태고; source glyph=original_ui_41.png ID ui_pointer:82A28; original bytes=DD C0 DE A7 96 DD A9 DD F1; V375 pointer=0x8019BE25
EXE_UI,ui_pointer:82A30,CONFIRMED_DEFECT,MEDIUM,"동일 원문 기술의 이름이 main skill_name:20에서는 탈진 나팔, 이 UI 별도 포인터에서는 비틀비틀 나팔로 달라짐.",current=비틀비틀 나팔; source glyph=original_ui_41.png ID ui_pointer:82A30; original bytes=8A 55 8A 55 57 82 A3; V375 pointer=0x8019C7EB
EXE_UI,ui_pointer:82A38,CONFIRMED_DEFECT,MEDIUM,"동일 원문 기술의 이름이 main skill_name:22에서는 둔화 베이스, 이 UI 별도 포인터에서는 느림의 연주로 달라짐.",current=느림의 연주; source glyph=original_ui_41.png ID ui_pointer:82A38; original bytes=1C 55 27 1C DD B4 31 47; V375 pointer=0x8019C2F5
EXE_UI,ui_pointer:82A40,CONFIRMED_DEFECT,MEDIUM,"동일 원문 기술의 이름이 main skill_name:24에서는 방향전환 피리, 이 UI 별도 포인터에서는 방향잡이 피리로 달라짐.",current=방향잡이 피리; source glyph=original_ui_41.png ID ui_pointer:82A40; original bytes=DD 01 44 DD 85 39 1C DE 2F; V375 pointer=0x8019AACC
EXE_UI,ui_pointer:82A44,CONFIRMED_DEFECT,MEDIUM,"동일 원문 기술의 이름이 main skill_name:25에서는 익스플로전, 이 UI 별도 포인터에서는 대폭발로 달라짐.",current=대폭발; source glyph=original_ui_41.png ID ui_pointer:82A44; original bytes=DD 23 4E 47 DD 55 A2 31 7F 69 34; V375 pointer=0x8019AEAE
EXE_UI,ui_pointer:82A50,CONFIRMED_DEFECT,MEDIUM,"동일 원문 기술의 이름이 main skill_name:28에서는 윈드 슬래셔, 이 UI 별도 포인터에서는 바람 검로 달라짐.",current=바람 검; source glyph=original_ui_42.png ID ui_pointer:82A50; original bytes=71 65 34 95 47 57 82 60 D6 31; V375 pointer=0x8019BD8D
EXE_UI,ui_pointer:82A54,CONFIRMED_DEFECT,MEDIUM,"동일 원문 기술의 이름이 main skill_name:30에서는 썬더 스톰, 이 UI 별도 포인터에서는 전기 폭풍로 달라짐.",current=전기 폭풍; source glyph=original_ui_42.png ID ui_pointer:82A54; original bytes=77 34 67 31 47 5C 31 D8; V375 pointer=0x8019BCE5
EXE_UI,ui_pointer:82A58,CONFIRMED_DEFECT,MEDIUM,"동일 원문 기술의 이름이 main skill_name:34에서는 선풍격축, 이 UI 별도 포인터에서는 회오리 차기로 달라짐.",current=회오리 차기; source glyph=original_ui_42.png ID ui_pointer:82A58; original bytes=DE 9C C1 B1 DE A3; V375 pointer=0x8019BD25
EXE_UI,ui_pointer:82A60,CONFIRMED_DEFECT,MEDIUM,"동일 원문 기술의 이름이 main skill_name:36에서는 귀신류영파, 이 UI 별도 포인터에서는 유령 파동로 달라짐.",current=유령 파동; source glyph=original_ui_42.png ID ui_pointer:82A60; original bytes=DE F4 DD 2F DE 24 DE 81 DE 5B; V375 pointer=0x8019BD4D
EXE_UI,ui_pointer:82A7C,CONFIRMED_DEFECT,MEDIUM,"동일 원문 기술의 이름이 main skill_name:48에서는 풍뢰파, 이 UI 별도 포인터에서는 바람 전기로 달라짐.",current=바람 전기; source glyph=original_ui_42.png ID ui_pointer:82A7C; original bytes=C1 DD A5 DD 62; V375 pointer=0x8019BD85
EXE_UI,ui_pointer:82A80,CONFIRMED_DEFECT,MEDIUM,"동일 원문 기술의 이름이 main skill_name:50에서는 빙의, 이 UI 별도 포인터에서는 몸 가져오기로 달라짐.",current=몸 가져오기; source glyph=original_ui_42.png ID ui_pointer:82A80; original bytes=DD 43 39 DE FC 39; V375 pointer=0x8019BBE7
EXE_UI,ui_pointer:82A84,CONFIRMED_DEFECT,MEDIUM,"동일 원문 기술의 이름이 main skill_name:58에서는 의욕 없음, 이 UI 별도 포인터에서는 기운 없음로 달라짐.",current=기운 없음; source glyph=original_ui_42.png ID ui_pointer:82A84; original bytes=40 22 A9 1D 1E; V375 pointer=0x8019AE9C
EXE_UI,ui_pointer:82AC8,NEEDS_SOURCE_CONFIRMATION,MEDIUM,Direct original consumer801666F4 stages equipment prompt and registers callback8016674C; all callers being pre-battle not yet proven.,Original MIPS disassembly; extra_system_probe.py contexts and configuration80160810..80160928
EXE_UI,extra_ui:82630,CONFIRMED_DEFECT,MEDIUM,Original 勝 (wins) becomes 위 (rank/up). Original win counter renderer loads at80156898 and draws at801568A0.,original COMM pixels independently rendered in-memory; bytes=d5; current=위 bytes=8e; candidate refs=0x80156898
EXE_UI,extra_ui:82634,CONFIRMED_DEFECT,HIGH,"Original pixel 負 (losses) becomes 로 분<CODE:E0ED>, corrupt text. Original loss-counter draw8015691C. Known-buried exception did not mean repaired.",original COMM pixels independently rendered in-memory; bytes=dd cb; current=로 분<CODE:E0ED> bytes=d5 dc 92 e0 ed; candidate refs=0x80156914
EXE_UI,extra_ui:8299C,CONFIRMED_DEFECT,MEDIUM,Original flame label selects an empty font cell through the current native text renderer.,flame_glyph.json: real 8016B248 CPU renderer; CLUT7FC0 / font cell196 / zero ink; three width scenarios.
EXE_UI,extra_ui:82A68,CONFIRMED_DEFECT,MEDIUM,Original ????? unknown-entry label becomes empty. Explicit unknown branches draw this pointer at8015652C and80156AE0; not an original empty placeholder.,"original COMM pixels independently rendered in-memory; bytes=3c 3c 3c 3c 3c; current= bytes=; candidate refs=0x80156524,0x80156abc"
EXE_UI,extra_ui:82AE8,CONFIRMED_DEFECT,LOW,Native CJK state-editor label is unchanged bytes but Korean glyph mapping changes its visible meaning. Six-entry bank drawn80157E8C. Ordinary-player reachability NOT proven; keep debug/state editor scope separate.,original COMM pixels independently rendered in-memory; bytes=dd bd; current=겨 bytes=dd bd; candidate refs=0x80157e78
EXE_UI,extra_ui:82AEC,CONFIRMED_DEFECT,LOW,Native CJK state-editor label is unchanged bytes but Korean glyph mapping changes its visible meaning. Six-entry bank drawn80157E8C. Ordinary-player reachability NOT proven; keep debug/state editor scope separate.,original COMM pixels independently rendered in-memory; bytes=dd 99; current=느 bytes=dd 99; candidate refs=
EXE_UI,extra_ui:82AF0,CONFIRMED_DEFECT,LOW,Native CJK state-editor label is unchanged bytes but Korean glyph mapping changes its visible meaning. Six-entry bank drawn80157E8C. Ordinary-player reachability NOT proven; keep debug/state editor scope separate.,original COMM pixels independently rendered in-memory; bytes=de 34; current=평 bytes=de 34; candidate refs=
EXE_UI,extra_ui:82AF4,CONFIRMED_DEFECT,LOW,Native CJK state-editor label is unchanged bytes but Korean glyph mapping changes its visible meaning. Six-entry bank drawn80157E8C. Ordinary-player reachability NOT proven; keep debug/state editor scope separate.,original COMM pixels independently rendered in-memory; bytes=ce; current=  bytes=ce; candidate refs=
EXE_UI,extra_ui:82AF8,CONFIRMED_DEFECT,LOW,Native CJK state-editor label is unchanged bytes but Korean glyph mapping changes its visible meaning. Six-entry bank drawn80157E8C. Ordinary-player reachability NOT proven; keep debug/state editor scope separate.,original COMM pixels independently rendered in-memory; bytes=90; current=조 bytes=90; candidate refs=
EXE_UI,extra_ui:82AFC,CONFIRMED_DEFECT,LOW,Native CJK state-editor label is unchanged bytes but Korean glyph mapping changes its visible meaning. Six-entry bank drawn80157E8C. Ordinary-player reachability NOT proven; keep debug/state editor scope separate.,original COMM pixels independently rendered in-memory; bytes=dd d2; current=태 bytes=dd d2; candidate refs=
DAT_UI,21/S2041.DAT:47D5A,NEEDS_SOURCE_CONFIRMATION,MEDIUM,Original E502 family is already nonsensical under original COMM glyphs; alternate consumer/codebook or obsolete data must be resolved before calling it valid prose or safe nontext. No inferred translation proposed.,"Actual V375 decoded via E2 BankA/BankB; original/current bytes in dat_ui_candidates.csv; index=3; original catalog sources=['story_corpus', 'script_original_full']"
DAT_UI,21/S2041.DAT:47DD4,NEEDS_SOURCE_CONFIRMATION,MEDIUM,Original E502 family is already nonsensical under original COMM glyphs; alternate consumer/codebook or obsolete data must be resolved before calling it valid prose or safe nontext. No inferred translation proposed.,"Actual V375 decoded via E2 BankA/BankB; original/current bytes in dat_ui_candidates.csv; index=4; original catalog sources=['story_corpus', 'script_original_full']"
DAT_UI,21/S2041.DAT:47E2C,NEEDS_SOURCE_CONFIRMATION,MEDIUM,Original E502 family is already nonsensical under original COMM glyphs; alternate consumer/codebook or obsolete data must be resolved before calling it valid prose or safe nontext. No inferred translation proposed.,"Actual V375 decoded via E2 BankA/BankB; original/current bytes in dat_ui_candidates.csv; index=5; original catalog sources=['story_corpus', 'script_original_full']"
DAT_UI,21/S2041.DAT:47E86,NEEDS_SOURCE_CONFIRMATION,MEDIUM,Original E502 family is already nonsensical under original COMM glyphs; alternate consumer/codebook or obsolete data must be resolved before calling it valid prose or safe nontext. No inferred translation proposed.,"Actual V375 decoded via E2 BankA/BankB; original/current bytes in dat_ui_candidates.csv; index=6; original catalog sources=['story_corpus', 'script_original_full']"
DAT_UI,21/S2042.DAT:47D5A,NEEDS_SOURCE_CONFIRMATION,MEDIUM,Original E502 family is already nonsensical under original COMM glyphs; alternate consumer/codebook or obsolete data must be resolved before calling it valid prose or safe nontext. No inferred translation proposed.,"Actual V375 decoded via E2 BankA/BankB; original/current bytes in dat_ui_candidates.csv; index=10; original catalog sources=['story_corpus', 'script_original_full']"
DAT_UI,21/S2042.DAT:47DD4,NEEDS_SOURCE_CONFIRMATION,MEDIUM,Original E502 family is already nonsensical under original COMM glyphs; alternate consumer/codebook or obsolete data must be resolved before calling it valid prose or safe nontext. No inferred translation proposed.,"Actual V375 decoded via E2 BankA/BankB; original/current bytes in dat_ui_candidates.csv; index=11; original catalog sources=['story_corpus', 'script_original_full']"
DAT_UI,21/S2042.DAT:47E2C,NEEDS_SOURCE_CONFIRMATION,MEDIUM,Original E502 family is already nonsensical under original COMM glyphs; alternate consumer/codebook or obsolete data must be resolved before calling it valid prose or safe nontext. No inferred translation proposed.,"Actual V375 decoded via E2 BankA/BankB; original/current bytes in dat_ui_candidates.csv; index=12; original catalog sources=['story_corpus', 'script_original_full']"
DAT_UI,21/S2042.DAT:47E86,NEEDS_SOURCE_CONFIRMATION,MEDIUM,Original E502 family is already nonsensical under original COMM glyphs; alternate consumer/codebook or obsolete data must be resolved before calling it valid prose or safe nontext. No inferred translation proposed.,"Actual V375 decoded via E2 BankA/BankB; original/current bytes in dat_ui_candidates.csv; index=13; original catalog sources=['story_corpus', 'script_original_full']"
DAT_UI,21/S2043.DAT:47D5A,NEEDS_SOURCE_CONFIRMATION,MEDIUM,Original E502 family is already nonsensical under original COMM glyphs; alternate consumer/codebook or obsolete data must be resolved before calling it valid prose or safe nontext. No inferred translation proposed.,"Actual V375 decoded via E2 BankA/BankB; original/current bytes in dat_ui_candidates.csv; index=16; original catalog sources=['story_corpus', 'script_original_full']"
DAT_UI,21/S2043.DAT:47DD4,NEEDS_SOURCE_CONFIRMATION,MEDIUM,Original E502 family is already nonsensical under original COMM glyphs; alternate consumer/codebook or obsolete data must be resolved before calling it valid prose or safe nontext. No inferred translation proposed.,"Actual V375 decoded via E2 BankA/BankB; original/current bytes in dat_ui_candidates.csv; index=17; original catalog sources=['story_corpus', 'script_original_full']"
DAT_UI,21/S2043.DAT:47E2C,NEEDS_SOURCE_CONFIRMATION,MEDIUM,Original E502 family is already nonsensical under original COMM glyphs; alternate consumer/codebook or obsolete data must be resolved before calling it valid prose or safe nontext. No inferred translation proposed.,"Actual V375 decoded via E2 BankA/BankB; original/current bytes in dat_ui_candidates.csv; index=18; original catalog sources=['story_corpus', 'script_original_full']"
DAT_UI,21/S2043.DAT:47E86,NEEDS_SOURCE_CONFIRMATION,MEDIUM,Original E502 family is already nonsensical under original COMM glyphs; alternate consumer/codebook or obsolete data must be resolved before calling it valid prose or safe nontext. No inferred translation proposed.,"Actual V375 decoded via E2 BankA/BankB; original/current bytes in dat_ui_candidates.csv; index=19; original catalog sources=['story_corpus', 'script_original_full']"
DAT_UI,21/S2044.DAT:47D5A,NEEDS_SOURCE_CONFIRMATION,MEDIUM,Original E502 family is already nonsensical under original COMM glyphs; alternate consumer/codebook or obsolete data must be resolved before calling it valid prose or safe nontext. No inferred translation proposed.,"Actual V375 decoded via E2 BankA/BankB; original/current bytes in dat_ui_candidates.csv; index=20; original catalog sources=['story_corpus', 'script_original_full']"
DAT_UI,21/S2044.DAT:47DD4,NEEDS_SOURCE_CONFIRMATION,MEDIUM,Original E502 family is already nonsensical under original COMM glyphs; alternate consumer/codebook or obsolete data must be resolved before calling it valid prose or safe nontext. No inferred translation proposed.,"Actual V375 decoded via E2 BankA/BankB; original/current bytes in dat_ui_candidates.csv; index=21; original catalog sources=['story_corpus', 'script_original_full']"
DAT_UI,21/S2044.DAT:47E2C,NEEDS_SOURCE_CONFIRMATION,MEDIUM,Original E502 family is already nonsensical under original COMM glyphs; alternate consumer/codebook or obsolete data must be resolved before calling it valid prose or safe nontext. No inferred translation proposed.,"Actual V375 decoded via E2 BankA/BankB; original/current bytes in dat_ui_candidates.csv; index=22; original catalog sources=['story_corpus', 'script_original_full']"
DAT_UI,21/S2044.DAT:47E86,NEEDS_SOURCE_CONFIRMATION,MEDIUM,Original E502 family is already nonsensical under original COMM glyphs; alternate consumer/codebook or obsolete data must be resolved before calling it valid prose or safe nontext. No inferred translation proposed.,"Actual V375 decoded via E2 BankA/BankB; original/current bytes in dat_ui_candidates.csv; index=23; original catalog sources=['story_corpus', 'script_original_full']"
DAT_UI,21/S2045.DAT:46D5A,NEEDS_SOURCE_CONFIRMATION,MEDIUM,Original E502 family is already nonsensical under original COMM glyphs; alternate consumer/codebook or obsolete data must be resolved before calling it valid prose or safe nontext. No inferred translation proposed.,"Actual V375 decoded via E2 BankA/BankB; original/current bytes in dat_ui_candidates.csv; index=24; original catalog sources=['story_corpus', 'script_original_full']"
DAT_UI,21/S2045.DAT:46DD4,NEEDS_SOURCE_CONFIRMATION,MEDIUM,Original E502 family is already nonsensical under original COMM glyphs; alternate consumer/codebook or obsolete data must be resolved before calling it valid prose or safe nontext. No inferred translation proposed.,"Actual V375 decoded via E2 BankA/BankB; original/current bytes in dat_ui_candidates.csv; index=25; original catalog sources=['story_corpus', 'script_original_full']"
DAT_UI,21/S2045.DAT:46E2C,NEEDS_SOURCE_CONFIRMATION,MEDIUM,Original E502 family is already nonsensical under original COMM glyphs; alternate consumer/codebook or obsolete data must be resolved before calling it valid prose or safe nontext. No inferred translation proposed.,"Actual V375 decoded via E2 BankA/BankB; original/current bytes in dat_ui_candidates.csv; index=26; original catalog sources=['story_corpus', 'script_original_full']"
DAT_UI,21/S2045.DAT:46E86,NEEDS_SOURCE_CONFIRMATION,MEDIUM,Original E502 family is already nonsensical under original COMM glyphs; alternate consumer/codebook or obsolete data must be resolved before calling it valid prose or safe nontext. No inferred translation proposed.,"Actual V375 decoded via E2 BankA/BankB; original/current bytes in dat_ui_candidates.csv; index=27; original catalog sources=['story_corpus', 'script_original_full']"
DAT_UI,21/S2045.DAT:48F94,CONFIRMED_DEFECT,MEDIUM,"Original glyphs say ヒートウォール (Heat Wall), but current menu says 키토우올. Main skill_name29 is 히트 월. Original heat spell name was misread and its tutorial menu no longer matches the selectable skill.","Actual V375 decoded via E2 BankA/BankB; original/current bytes in dat_ui_candidates.csv; index=37; original catalog sources=['story_corpus', 'script_original_full', 'story_all_choices_v21_translation.csv']"
DAT_UI,21/S2045.DAT:4907E,CONFIRMED_DEFECT,MEDIUM,"Original glyphs say ヒートウォール (Heat Wall), but current menu says 키토우올. Main skill_name29 is 히트 월. Original heat spell name was misread and its tutorial menu no longer matches the selectable skill.","Actual V375 decoded via E2 BankA/BankB; original/current bytes in dat_ui_candidates.csv; index=39; original catalog sources=['story_corpus', 'script_original_full', 'story_all_choices_v21_translation.csv']"
DAT_UI,21/S2045.DAT:490F0,CONFIRMED_DEFECT,MEDIUM,Same equipment きぬのおび is 비단 띠 here versus equipment_name4 비단 허리띠. Cross-UI item name inconsistency; do not alter its mechanics.,"Actual V375 decoded via E2 BankA/BankB; original/current bytes in dat_ui_candidates.csv; index=40; original catalog sources=['story_corpus', 'script_original_full', 'story_all_choices_v21_translation.csv']"
DAT_UI,22/S2046.DAT:47D5A,NEEDS_SOURCE_CONFIRMATION,MEDIUM,Original E502 family is already nonsensical under original COMM glyphs; alternate consumer/codebook or obsolete data must be resolved before calling it valid prose or safe nontext. No inferred translation proposed.,"Actual V375 decoded via E2 BankA/BankB; original/current bytes in dat_ui_candidates.csv; index=41; original catalog sources=['story_corpus', 'script_original_full']"
DAT_UI,22/S2046.DAT:47DD4,NEEDS_SOURCE_CONFIRMATION,MEDIUM,Original E502 family is already nonsensical under original COMM glyphs; alternate consumer/codebook or obsolete data must be resolved before calling it valid prose or safe nontext. No inferred translation proposed.,"Actual V375 decoded via E2 BankA/BankB; original/current bytes in dat_ui_candidates.csv; index=42; original catalog sources=['story_corpus', 'script_original_full']"
DAT_UI,22/S2046.DAT:47E2C,NEEDS_SOURCE_CONFIRMATION,MEDIUM,Original E502 family is already nonsensical under original COMM glyphs; alternate consumer/codebook or obsolete data must be resolved before calling it valid prose or safe nontext. No inferred translation proposed.,"Actual V375 decoded via E2 BankA/BankB; original/current bytes in dat_ui_candidates.csv; index=43; original catalog sources=['story_corpus', 'script_original_full']"
DAT_UI,22/S2046.DAT:47E86,NEEDS_SOURCE_CONFIRMATION,MEDIUM,Original E502 family is already nonsensical under original COMM glyphs; alternate consumer/codebook or obsolete data must be resolved before calling it valid prose or safe nontext. No inferred translation proposed.,"Actual V375 decoded via E2 BankA/BankB; original/current bytes in dat_ui_candidates.csv; index=44; original catalog sources=['story_corpus', 'script_original_full']"
DAT_UI,22/S2047.DAT:47D5A,NEEDS_SOURCE_CONFIRMATION,MEDIUM,Original E502 family is already nonsensical under original COMM glyphs; alternate consumer/codebook or obsolete data must be resolved before calling it valid prose or safe nontext. No inferred translation proposed.,"Actual V375 decoded via E2 BankA/BankB; original/current bytes in dat_ui_candidates.csv; index=46; original catalog sources=['story_corpus', 'script_original_full']"
DAT_UI,22/S2047.DAT:47DD4,NEEDS_SOURCE_CONFIRMATION,MEDIUM,Original E502 family is already nonsensical under original COMM glyphs; alternate consumer/codebook or obsolete data must be resolved before calling it valid prose or safe nontext. No inferred translation proposed.,"Actual V375 decoded via E2 BankA/BankB; original/current bytes in dat_ui_candidates.csv; index=47; original catalog sources=['story_corpus', 'script_original_full']"
DAT_UI,22/S2047.DAT:47E2C,NEEDS_SOURCE_CONFIRMATION,MEDIUM,Original E502 family is already nonsensical under original COMM glyphs; alternate consumer/codebook or obsolete data must be resolved before calling it valid prose or safe nontext. No inferred translation proposed.,"Actual V375 decoded via E2 BankA/BankB; original/current bytes in dat_ui_candidates.csv; index=48; original catalog sources=['story_corpus', 'script_original_full']"
DAT_UI,22/S2047.DAT:47E86,NEEDS_SOURCE_CONFIRMATION,MEDIUM,Original E502 family is already nonsensical under original COMM glyphs; alternate consumer/codebook or obsolete data must be resolved before calling it valid prose or safe nontext. No inferred translation proposed.,"Actual V375 decoded via E2 BankA/BankB; original/current bytes in dat_ui_candidates.csv; index=49; original catalog sources=['story_corpus', 'script_original_full']"
DAT_UI,31/S3011.DAT:47D5A,NEEDS_SOURCE_CONFIRMATION,MEDIUM,Original E502 family is already nonsensical under original COMM glyphs; alternate consumer/codebook or obsolete data must be resolved before calling it valid prose or safe nontext. No inferred translation proposed.,"Actual V375 decoded via E2 BankA/BankB; original/current bytes in dat_ui_candidates.csv; index=50; original catalog sources=['story_corpus', 'script_original_full']"
DAT_UI,31/S3011.DAT:47DD4,NEEDS_SOURCE_CONFIRMATION,MEDIUM,Original E502 family is already nonsensical under original COMM glyphs; alternate consumer/codebook or obsolete data must be resolved before calling it valid prose or safe nontext. No inferred translation proposed.,"Actual V375 decoded via E2 BankA/BankB; original/current bytes in dat_ui_candidates.csv; index=51; original catalog sources=['story_corpus', 'script_original_full']"
DAT_UI,31/S3011.DAT:47E2C,NEEDS_SOURCE_CONFIRMATION,MEDIUM,Original E502 family is already nonsensical under original COMM glyphs; alternate consumer/codebook or obsolete data must be resolved before calling it valid prose or safe nontext. No inferred translation proposed.,"Actual V375 decoded via E2 BankA/BankB; original/current bytes in dat_ui_candidates.csv; index=52; original catalog sources=['story_corpus', 'script_original_full']"
DAT_UI,31/S3011.DAT:47E86,NEEDS_SOURCE_CONFIRMATION,MEDIUM,Original E502 family is already nonsensical under original COMM glyphs; alternate consumer/codebook or obsolete data must be resolved before calling it valid prose or safe nontext. No inferred translation proposed.,"Actual V375 decoded via E2 BankA/BankB; original/current bytes in dat_ui_candidates.csv; index=53; original catalog sources=['story_corpus', 'script_original_full']"
DAT_UI,31/S3012.DAT:47D5A,NEEDS_SOURCE_CONFIRMATION,MEDIUM,Original E502 family is already nonsensical under original COMM glyphs; alternate consumer/codebook or obsolete data must be resolved before calling it valid prose or safe nontext. No inferred translation proposed.,"Actual V375 decoded via E2 BankA/BankB; original/current bytes in dat_ui_candidates.csv; index=54; original catalog sources=['story_corpus', 'script_original_full']"
DAT_UI,31/S3012.DAT:47DD4,NEEDS_SOURCE_CONFIRMATION,MEDIUM,Original E502 family is already nonsensical under original COMM glyphs; alternate consumer/codebook or obsolete data must be resolved before calling it valid prose or safe nontext. No inferred translation proposed.,"Actual V375 decoded via E2 BankA/BankB; original/current bytes in dat_ui_candidates.csv; index=55; original catalog sources=['story_corpus', 'script_original_full']"
DAT_UI,31/S3012.DAT:47E2C,NEEDS_SOURCE_CONFIRMATION,MEDIUM,Original E502 family is already nonsensical under original COMM glyphs; alternate consumer/codebook or obsolete data must be resolved before calling it valid prose or safe nontext. No inferred translation proposed.,"Actual V375 decoded via E2 BankA/BankB; original/current bytes in dat_ui_candidates.csv; index=56; original catalog sources=['story_corpus', 'script_original_full']"
DAT_UI,31/S3012.DAT:47E86,NEEDS_SOURCE_CONFIRMATION,MEDIUM,Original E502 family is already nonsensical under original COMM glyphs; alternate consumer/codebook or obsolete data must be resolved before calling it valid prose or safe nontext. No inferred translation proposed.,"Actual V375 decoded via E2 BankA/BankB; original/current bytes in dat_ui_candidates.csv; index=57; original catalog sources=['story_corpus', 'script_original_full']"
DAT_UI,31/S3013.DAT:47D5A,NEEDS_SOURCE_CONFIRMATION,MEDIUM,Original E502 family is already nonsensical under original COMM glyphs; alternate consumer/codebook or obsolete data must be resolved before calling it valid prose or safe nontext. No inferred translation proposed.,"Actual V375 decoded via E2 BankA/BankB; original/current bytes in dat_ui_candidates.csv; index=60; original catalog sources=['story_corpus', 'script_original_full']"
DAT_UI,31/S3013.DAT:47DD4,NEEDS_SOURCE_CONFIRMATION,MEDIUM,Original E502 family is already nonsensical under original COMM glyphs; alternate consumer/codebook or obsolete data must be resolved before calling it valid prose or safe nontext. No inferred translation proposed.,"Actual V375 decoded via E2 BankA/BankB; original/current bytes in dat_ui_candidates.csv; index=61; original catalog sources=['story_corpus', 'script_original_full']"
DAT_UI,31/S3013.DAT:47E2C,NEEDS_SOURCE_CONFIRMATION,MEDIUM,Original E502 family is already nonsensical under original COMM glyphs; alternate consumer/codebook or obsolete data must be resolved before calling it valid prose or safe nontext. No inferred translation proposed.,"Actual V375 decoded via E2 BankA/BankB; original/current bytes in dat_ui_candidates.csv; index=62; original catalog sources=['story_corpus', 'script_original_full']"
DAT_UI,31/S3013.DAT:47E86,NEEDS_SOURCE_CONFIRMATION,MEDIUM,Original E502 family is already nonsensical under original COMM glyphs; alternate consumer/codebook or obsolete data must be resolved before calling it valid prose or safe nontext. No inferred translation proposed.,"Actual V375 decoded via E2 BankA/BankB; original/current bytes in dat_ui_candidates.csv; index=63; original catalog sources=['story_corpus', 'script_original_full']"
DAT_UI,31/S3014.DAT:45D5A,NEEDS_SOURCE_CONFIRMATION,MEDIUM,Original E502 family is already nonsensical under original COMM glyphs; alternate consumer/codebook or obsolete data must be resolved before calling it valid prose or safe nontext. No inferred translation proposed.,"Actual V375 decoded via E2 BankA/BankB; original/current bytes in dat_ui_candidates.csv; index=66; original catalog sources=['story_corpus', 'script_original_full']"
DAT_UI,31/S3014.DAT:45DD4,NEEDS_SOURCE_CONFIRMATION,MEDIUM,Original E502 family is already nonsensical under original COMM glyphs; alternate consumer/codebook or obsolete data must be resolved before calling it valid prose or safe nontext. No inferred translation proposed.,"Actual V375 decoded via E2 BankA/BankB; original/current bytes in dat_ui_candidates.csv; index=67; original catalog sources=['story_corpus', 'script_original_full']"
DAT_UI,31/S3014.DAT:45E2C,NEEDS_SOURCE_CONFIRMATION,MEDIUM,Original E502 family is already nonsensical under original COMM glyphs; alternate consumer/codebook or obsolete data must be resolved before calling it valid prose or safe nontext. No inferred translation proposed.,"Actual V375 decoded via E2 BankA/BankB; original/current bytes in dat_ui_candidates.csv; index=68; original catalog sources=['story_corpus', 'script_original_full']"
DAT_UI,31/S3014.DAT:45E86,NEEDS_SOURCE_CONFIRMATION,MEDIUM,Original E502 family is already nonsensical under original COMM glyphs; alternate consumer/codebook or obsolete data must be resolved before calling it valid prose or safe nontext. No inferred translation proposed.,"Actual V375 decoded via E2 BankA/BankB; original/current bytes in dat_ui_candidates.csv; index=69; original catalog sources=['story_corpus', 'script_original_full']"
DAT_UI,31/S3014.DAT:47FB8,CONFIRMED_DEFECT,MEDIUM,"Original glyphs say ヒートウォール (Heat Wall), but current menu says 키토우올. Main skill_name29 is 히트 월. Original heat spell name was misread and its tutorial menu no longer matches the selectable skill.","Actual V375 decoded via E2 BankA/BankB; original/current bytes in dat_ui_candidates.csv; index=79; original catalog sources=['story_corpus', 'script_original_full', 'story_all_choices_v21_translation.csv']"
DAT_UI,31/S3014.DAT:480A2,CONFIRMED_DEFECT,MEDIUM,"Original glyphs say ヒートウォール (Heat Wall), but current menu says 키토우올. Main skill_name29 is 히트 월. Original heat spell name was misread and its tutorial menu no longer matches the selectable skill.","Actual V375 decoded via E2 BankA/BankB; original/current bytes in dat_ui_candidates.csv; index=81; original catalog sources=['story_corpus', 'script_original_full', 'story_all_choices_v21_translation.csv']"
DAT_UI,31/S3014.DAT:48114,CONFIRMED_DEFECT,MEDIUM,Same equipment きぬのおび is 비단 띠 here versus equipment_name4 비단 허리띠. Cross-UI item name inconsistency; do not alter its mechanics.,"Actual V375 decoded via E2 BankA/BankB; original/current bytes in dat_ui_candidates.csv; index=82; original catalog sources=['story_corpus', 'script_original_full', 'story_all_choices_v21_translation.csv']"
DAT_UI,31/S3024.DAT:47F68,CONFIRMED_DEFECT,MEDIUM,Original 攻撃: heading removed to spaces; names remain but attack-side role label disappears. Tutorial/debug reachability must be established separately.,"Actual V375 decoded via E2 BankA/BankB; original/current bytes in dat_ui_candidates.csv; index=86; original catalog sources=['story_corpus', 'script_original_full', 'story_all_choices_v21_translation.csv']"
DAT_UI,31/S3024.DAT:47FD2,CONFIRMED_DEFECT,HIGH,"Original 防御: heading removed; original よっぱらい (drunkard) option becomes 갑옷 (armor). Source glyphs directly checked. Other enemy names are abbreviated, but this option changes identity.","Actual V375 decoded via E2 BankA/BankB; original/current bytes in dat_ui_candidates.csv; index=87; original catalog sources=['story_corpus', 'script_original_full', 'story_all_choices_v21_translation.csv']"
DAT_UI,31/S3024.DAT:48052,CONFIRMED_DEFECT,MEDIUM,"Original どうする？ question removed and 最強攻撃 becomes 강공격. Strongest-versus-normal/weak distinction is weakened; this appears test/tutorial selection, reachability not yet proven.","Actual V375 decoded via E2 BankA/BankB; original/current bytes in dat_ui_candidates.csv; index=88; original catalog sources=['story_corpus', 'script_original_full', 'story_all_choices_v21_translation.csv']"
DAT_UI,4/S4033.DAT:47CDC,CONFIRMED_DEFECT,MEDIUM,Current 그레이시느 differs from resident region/world/location 그레이시누 for identical グレイシーヌ. Cross-UI location name inconsistency.,"Actual V375 decoded via E2 BankA/BankB; original/current bytes in dat_ui_candidates.csv; index=89; original catalog sources=['story_corpus', 'script_original_full', 'story_all_choices_v21_translation.csv']"
DAT_UI,4/S4034.DAT:47D30,CONFIRMED_DEFECT,MEDIUM,"Original source pixels say ニーデル (Nidel), not historical guess カーデル. Current 카델 propagates the same confirmed resident place-name misread.","Actual V375 decoded via E2 BankA/BankB; original/current bytes in dat_ui_candidates.csv; index=91; original catalog sources=['story_corpus', 'script_original_full', 'story_all_choices_v21_translation.csv']"
DAT_UI,5/S5011.DAT:47D5A,NEEDS_SOURCE_CONFIRMATION,MEDIUM,Original E502 family is already nonsensical under original COMM glyphs; alternate consumer/codebook or obsolete data must be resolved before calling it valid prose or safe nontext. No inferred translation proposed.,"Actual V375 decoded via E2 BankA/BankB; original/current bytes in dat_ui_candidates.csv; index=94; original catalog sources=['story_corpus', 'script_original_full']"
DAT_UI,5/S5011.DAT:47DD4,NEEDS_SOURCE_CONFIRMATION,MEDIUM,Original E502 family is already nonsensical under original COMM glyphs; alternate consumer/codebook or obsolete data must be resolved before calling it valid prose or safe nontext. No inferred translation proposed.,"Actual V375 decoded via E2 BankA/BankB; original/current bytes in dat_ui_candidates.csv; index=95; original catalog sources=['story_corpus', 'script_original_full']"
DAT_UI,5/S5011.DAT:47E2C,NEEDS_SOURCE_CONFIRMATION,MEDIUM,Original E502 family is already nonsensical under original COMM glyphs; alternate consumer/codebook or obsolete data must be resolved before calling it valid prose or safe nontext. No inferred translation proposed.,"Actual V375 decoded via E2 BankA/BankB; original/current bytes in dat_ui_candidates.csv; index=96; original catalog sources=['story_corpus', 'script_original_full']"
DAT_UI,5/S5011.DAT:47E86,NEEDS_SOURCE_CONFIRMATION,MEDIUM,Original E502 family is already nonsensical under original COMM glyphs; alternate consumer/codebook or obsolete data must be resolved before calling it valid prose or safe nontext. No inferred translation proposed.,"Actual V375 decoded via E2 BankA/BankB; original/current bytes in dat_ui_candidates.csv; index=97; original catalog sources=['story_corpus', 'script_original_full']"
DAT_UI,5/S5012.DAT:47D5A,NEEDS_SOURCE_CONFIRMATION,MEDIUM,Original E502 family is already nonsensical under original COMM glyphs; alternate consumer/codebook or obsolete data must be resolved before calling it valid prose or safe nontext. No inferred translation proposed.,"Actual V375 decoded via E2 BankA/BankB; original/current bytes in dat_ui_candidates.csv; index=98; original catalog sources=['story_corpus', 'script_original_full']"
DAT_UI,5/S5012.DAT:47DD4,NEEDS_SOURCE_CONFIRMATION,MEDIUM,Original E502 family is already nonsensical under original COMM glyphs; alternate consumer/codebook or obsolete data must be resolved before calling it valid prose or safe nontext. No inferred translation proposed.,"Actual V375 decoded via E2 BankA/BankB; original/current bytes in dat_ui_candidates.csv; index=99; original catalog sources=['story_corpus', 'script_original_full']"
DAT_UI,5/S5012.DAT:47E2C,NEEDS_SOURCE_CONFIRMATION,MEDIUM,Original E502 family is already nonsensical under original COMM glyphs; alternate consumer/codebook or obsolete data must be resolved before calling it valid prose or safe nontext. No inferred translation proposed.,"Actual V375 decoded via E2 BankA/BankB; original/current bytes in dat_ui_candidates.csv; index=100; original catalog sources=['story_corpus', 'script_original_full']"
DAT_UI,5/S5012.DAT:47E86,NEEDS_SOURCE_CONFIRMATION,MEDIUM,Original E502 family is already nonsensical under original COMM glyphs; alternate consumer/codebook or obsolete data must be resolved before calling it valid prose or safe nontext. No inferred translation proposed.,"Actual V375 decoded via E2 BankA/BankB; original/current bytes in dat_ui_candidates.csv; index=101; original catalog sources=['story_corpus', 'script_original_full']"
DAT_UI,5/S5013.DAT:46D5A,NEEDS_SOURCE_CONFIRMATION,MEDIUM,Original E502 family is already nonsensical under original COMM glyphs; alternate consumer/codebook or obsolete data must be resolved before calling it valid prose or safe nontext. No inferred translation proposed.,"Actual V375 decoded via E2 BankA/BankB; original/current bytes in dat_ui_candidates.csv; index=103; original catalog sources=['story_corpus', 'script_original_full']"
DAT_UI,5/S5013.DAT:46DD4,NEEDS_SOURCE_CONFIRMATION,MEDIUM,Original E502 family is already nonsensical under original COMM glyphs; alternate consumer/codebook or obsolete data must be resolved before calling it valid prose or safe nontext. No inferred translation proposed.,"Actual V375 decoded via E2 BankA/BankB; original/current bytes in dat_ui_candidates.csv; index=104; original catalog sources=['story_corpus', 'script_original_full']"
DAT_UI,5/S5013.DAT:46E2C,NEEDS_SOURCE_CONFIRMATION,MEDIUM,Original E502 family is already nonsensical under original COMM glyphs; alternate consumer/codebook or obsolete data must be resolved before calling it valid prose or safe nontext. No inferred translation proposed.,"Actual V375 decoded via E2 BankA/BankB; original/current bytes in dat_ui_candidates.csv; index=105; original catalog sources=['story_corpus', 'script_original_full']"
DAT_UI,5/S5013.DAT:46E86,NEEDS_SOURCE_CONFIRMATION,MEDIUM,Original E502 family is already nonsensical under original COMM glyphs; alternate consumer/codebook or obsolete data must be resolved before calling it valid prose or safe nontext. No inferred translation proposed.,"Actual V375 decoded via E2 BankA/BankB; original/current bytes in dat_ui_candidates.csv; index=106; original catalog sources=['story_corpus', 'script_original_full']"
DAT_UI,5/S5013.DAT:48F80,CONFIRMED_DEFECT,MEDIUM,"Original glyphs say ヒートウォール (Heat Wall), but current menu says 키토우올. Main skill_name29 is 히트 월. Original heat spell name was misread and its tutorial menu no longer matches the selectable skill.","Actual V375 decoded via E2 BankA/BankB; original/current bytes in dat_ui_candidates.csv; index=116; original catalog sources=['story_corpus', 'script_original_full', 'story_all_choices_v21_translation.csv']"
DAT_UI,5/S5013.DAT:4906A,CONFIRMED_DEFECT,MEDIUM,"Original glyphs say ヒートウォール (Heat Wall), but current menu says 키토우올. Main skill_name29 is 히트 월. Original heat spell name was misread and its tutorial menu no longer matches the selectable skill.","Actual V375 decoded via E2 BankA/BankB; original/current bytes in dat_ui_candidates.csv; index=118; original catalog sources=['story_corpus', 'script_original_full', 'story_all_choices_v21_translation.csv']"
DAT_UI,5/S5013.DAT:490DC,CONFIRMED_DEFECT,MEDIUM,Same equipment きぬのおび is 비단 띠 here versus equipment_name4 비단 허리띠. Cross-UI item name inconsistency; do not alter its mechanics.,"Actual V375 decoded via E2 BankA/BankB; original/current bytes in dat_ui_candidates.csv; index=119; original catalog sources=['story_corpus', 'script_original_full', 'story_all_choices_v21_translation.csv']"
DAT_UI,6/S6011.DAT:47D5A,NEEDS_SOURCE_CONFIRMATION,MEDIUM,Original E502 family is already nonsensical under original COMM glyphs; alternate consumer/codebook or obsolete data must be resolved before calling it valid prose or safe nontext. No inferred translation proposed.,"Actual V375 decoded via E2 BankA/BankB; original/current bytes in dat_ui_candidates.csv; index=120; original catalog sources=['story_corpus', 'script_original_full']"
DAT_UI,6/S6011.DAT:47DD4,NEEDS_SOURCE_CONFIRMATION,MEDIUM,Original E502 family is already nonsensical under original COMM glyphs; alternate consumer/codebook or obsolete data must be resolved before calling it valid prose or safe nontext. No inferred translation proposed.,"Actual V375 decoded via E2 BankA/BankB; original/current bytes in dat_ui_candidates.csv; index=121; original catalog sources=['story_corpus', 'script_original_full']"
DAT_UI,6/S6011.DAT:47E2C,NEEDS_SOURCE_CONFIRMATION,MEDIUM,Original E502 family is already nonsensical under original COMM glyphs; alternate consumer/codebook or obsolete data must be resolved before calling it valid prose or safe nontext. No inferred translation proposed.,"Actual V375 decoded via E2 BankA/BankB; original/current bytes in dat_ui_candidates.csv; index=122; original catalog sources=['story_corpus', 'script_original_full']"
DAT_UI,6/S6011.DAT:47E86,NEEDS_SOURCE_CONFIRMATION,MEDIUM,Original E502 family is already nonsensical under original COMM glyphs; alternate consumer/codebook or obsolete data must be resolved before calling it valid prose or safe nontext. No inferred translation proposed.,"Actual V375 decoded via E2 BankA/BankB; original/current bytes in dat_ui_candidates.csv; index=123; original catalog sources=['story_corpus', 'script_original_full']"
DAT_UI,6/S6012.DAT:47D5A,NEEDS_SOURCE_CONFIRMATION,MEDIUM,Original E502 family is already nonsensical under original COMM glyphs; alternate consumer/codebook or obsolete data must be resolved before calling it valid prose or safe nontext. No inferred translation proposed.,"Actual V375 decoded via E2 BankA/BankB; original/current bytes in dat_ui_candidates.csv; index=124; original catalog sources=['story_corpus', 'script_original_full']"
DAT_UI,6/S6012.DAT:47DD4,NEEDS_SOURCE_CONFIRMATION,MEDIUM,Original E502 family is already nonsensical under original COMM glyphs; alternate consumer/codebook or obsolete data must be resolved before calling it valid prose or safe nontext. No inferred translation proposed.,"Actual V375 decoded via E2 BankA/BankB; original/current bytes in dat_ui_candidates.csv; index=125; original catalog sources=['story_corpus', 'script_original_full']"
DAT_UI,6/S6012.DAT:47E2C,NEEDS_SOURCE_CONFIRMATION,MEDIUM,Original E502 family is already nonsensical under original COMM glyphs; alternate consumer/codebook or obsolete data must be resolved before calling it valid prose or safe nontext. No inferred translation proposed.,"Actual V375 decoded via E2 BankA/BankB; original/current bytes in dat_ui_candidates.csv; index=126; original catalog sources=['story_corpus', 'script_original_full']"
DAT_UI,6/S6012.DAT:47E86,NEEDS_SOURCE_CONFIRMATION,MEDIUM,Original E502 family is already nonsensical under original COMM glyphs; alternate consumer/codebook or obsolete data must be resolved before calling it valid prose or safe nontext. No inferred translation proposed.,"Actual V375 decoded via E2 BankA/BankB; original/current bytes in dat_ui_candidates.csv; index=127; original catalog sources=['story_corpus', 'script_original_full']"
DAT_UI,6/S6013.DAT:47D5A,NEEDS_SOURCE_CONFIRMATION,MEDIUM,Original E502 family is already nonsensical under original COMM glyphs; alternate consumer/codebook or obsolete data must be resolved before calling it valid prose or safe nontext. No inferred translation proposed.,"Actual V375 decoded via E2 BankA/BankB; original/current bytes in dat_ui_candidates.csv; index=128; original catalog sources=['story_corpus', 'script_original_full']"
DAT_UI,6/S6013.DAT:47DD4,NEEDS_SOURCE_CONFIRMATION,MEDIUM,Original E502 family is already nonsensical under original COMM glyphs; alternate consumer/codebook or obsolete data must be resolved before calling it valid prose or safe nontext. No inferred translation proposed.,"Actual V375 decoded via E2 BankA/BankB; original/current bytes in dat_ui_candidates.csv; index=129; original catalog sources=['story_corpus', 'script_original_full']"
DAT_UI,6/S6013.DAT:47E2C,NEEDS_SOURCE_CONFIRMATION,MEDIUM,Original E502 family is already nonsensical under original COMM glyphs; alternate consumer/codebook or obsolete data must be resolved before calling it valid prose or safe nontext. No inferred translation proposed.,"Actual V375 decoded via E2 BankA/BankB; original/current bytes in dat_ui_candidates.csv; index=130; original catalog sources=['story_corpus', 'script_original_full']"
DAT_UI,6/S6013.DAT:47E86,NEEDS_SOURCE_CONFIRMATION,MEDIUM,Original E502 family is already nonsensical under original COMM glyphs; alternate consumer/codebook or obsolete data must be resolved before calling it valid prose or safe nontext. No inferred translation proposed.,"Actual V375 decoded via E2 BankA/BankB; original/current bytes in dat_ui_candidates.csv; index=131; original catalog sources=['story_corpus', 'script_original_full']"
DAT_UI,6/S6014.DAT:46D5A,NEEDS_SOURCE_CONFIRMATION,MEDIUM,Original E502 family is already nonsensical under original COMM glyphs; alternate consumer/codebook or obsolete data must be resolved before calling it valid prose or safe nontext. No inferred translation proposed.,"Actual V375 decoded via E2 BankA/BankB; original/current bytes in dat_ui_candidates.csv; index=133; original catalog sources=['story_corpus', 'script_original_full']"
DAT_UI,6/S6014.DAT:46DD4,NEEDS_SOURCE_CONFIRMATION,MEDIUM,Original E502 family is already nonsensical under original COMM glyphs; alternate consumer/codebook or obsolete data must be resolved before calling it valid prose or safe nontext. No inferred translation proposed.,"Actual V375 decoded via E2 BankA/BankB; original/current bytes in dat_ui_candidates.csv; index=134; original catalog sources=['story_corpus', 'script_original_full']"
DAT_UI,6/S6014.DAT:46E2C,NEEDS_SOURCE_CONFIRMATION,MEDIUM,Original E502 family is already nonsensical under original COMM glyphs; alternate consumer/codebook or obsolete data must be resolved before calling it valid prose or safe nontext. No inferred translation proposed.,"Actual V375 decoded via E2 BankA/BankB; original/current bytes in dat_ui_candidates.csv; index=135; original catalog sources=['story_corpus', 'script_original_full']"
DAT_UI,6/S6014.DAT:46E86,NEEDS_SOURCE_CONFIRMATION,MEDIUM,Original E502 family is already nonsensical under original COMM glyphs; alternate consumer/codebook or obsolete data must be resolved before calling it valid prose or safe nontext. No inferred translation proposed.,"Actual V375 decoded via E2 BankA/BankB; original/current bytes in dat_ui_candidates.csv; index=136; original catalog sources=['story_corpus', 'script_original_full']"
DAT_UI,6/S6014.DAT:48F2C,CONFIRMED_DEFECT,MEDIUM,"Original glyphs say ヒートウォール (Heat Wall), but current menu says 키토우올. Main skill_name29 is 히트 월. Original heat spell name was misread and its tutorial menu no longer matches the selectable skill.","Actual V375 decoded via E2 BankA/BankB; original/current bytes in dat_ui_candidates.csv; index=145; original catalog sources=['story_corpus', 'script_original_full', 'story_all_choices_v21_translation.csv']"
DAT_UI,6/S6014.DAT:49016,CONFIRMED_DEFECT,MEDIUM,"Original glyphs say ヒートウォール (Heat Wall), but current menu says 키토우올. Main skill_name29 is 히트 월. Original heat spell name was misread and its tutorial menu no longer matches the selectable skill.","Actual V375 decoded via E2 BankA/BankB; original/current bytes in dat_ui_candidates.csv; index=147; original catalog sources=['story_corpus', 'script_original_full', 'story_all_choices_v21_translation.csv']"
DAT_UI,6/S6014.DAT:49088,CONFIRMED_DEFECT,MEDIUM,Same equipment きぬのおび is 비단 띠 here versus equipment_name4 비단 허리띠. Cross-UI item name inconsistency; do not alter its mechanics.,"Actual V375 decoded via E2 BankA/BankB; original/current bytes in dat_ui_candidates.csv; index=148; original catalog sources=['story_corpus', 'script_original_full', 'story_all_choices_v21_translation.csv']"
DAT_UI,6/S6054.DAT:43E3C,CONFIRMED_DEFECT,MEDIUM,Original パレンシア uses current 파렌시아 in quiz versus resident 팔렌시아. Same named location rendered inconsistently.,Actual V375 decoded via E2 BankA/BankB; original/current bytes in dat_ui_candidates.csv; index=161; original catalog sources=['quiz107']
DAT_UI,6/S6054.DAT:44428,CONFIRMED_DEFECT,MEDIUM,Original パレンシア uses current 파렌시아 in quiz versus resident 팔렌시아. Same named location rendered inconsistently.,Actual V375 decoded via E2 BankA/BankB; original/current bytes in dat_ui_candidates.csv; index=177; original catalog sources=['quiz107']
DAT_UI,6/S6054.DAT:45002,NEEDS_SOURCE_CONFIRMATION,MEDIUM,"Quiz チョビン is rendered 초비, whereas original final ン is present. Need established NPC name glossary/other actual dialogue comparison before prescribing 초빈; choices remain distinct.","Actual V375 decoded via E2 BankA/BankB; original/current bytes in dat_ui_candidates.csv; index=212; original catalog sources=['story_corpus', 'script_original_full', 'quiz107', 'story_all_choices_v21_translation.csv']"
DAT_UI,6/S6054.DAT:4506E,CONFIRMED_DEFECT,LOW,Same Ramada monk switches from earlier 승려: ...입니다/하십시오 to 라마다승려/...다/주마/인정하마 forms within the quiz/reward sequence; character label and speech-register consistency defect. Correct-answer facts are not changed by this finding.,"Actual V375 decoded via E2 BankA/BankB; original/current bytes in dat_ui_candidates.csv; index=213; original catalog sources=['story_corpus', 'script_original_full', 'quiz107']"
DAT_UI,6/S6054.DAT:450AC,CONFIRMED_DEFECT,LOW,Same Ramada monk switches from earlier 승려: ...입니다/하십시오 to 라마다승려/...다/주마/인정하마 forms within the quiz/reward sequence; character label and speech-register consistency defect. Correct-answer facts are not changed by this finding.,"Actual V375 decoded via E2 BankA/BankB; original/current bytes in dat_ui_candidates.csv; index=214; original catalog sources=['story_corpus', 'script_original_full', 'quiz107']"
DAT_UI,6/S6054.DAT:450F6,CONFIRMED_DEFECT,MEDIUM,"Original source pixels say ニーデル (Nidel), not historical guess カーデル. Current 카델 propagates the same confirmed resident place-name misread.","Actual V375 decoded via E2 BankA/BankB; original/current bytes in dat_ui_candidates.csv; index=215; original catalog sources=['story_corpus', 'script_original_full', 'quiz107', 'story_all_choices_v21_translation.csv']"
DAT_UI,6/S6054.DAT:45160,CONFIRMED_DEFECT,LOW,Same Ramada monk switches from earlier 승려: ...입니다/하십시오 to 라마다승려/...다/주마/인정하마 forms within the quiz/reward sequence; character label and speech-register consistency defect. Correct-answer facts are not changed by this finding.,"Actual V375 decoded via E2 BankA/BankB; original/current bytes in dat_ui_candidates.csv; index=216; original catalog sources=['story_corpus', 'script_original_full', 'quiz107']"
DAT_UI,6/S6054.DAT:4519E,CONFIRMED_DEFECT,LOW,Same Ramada monk switches from earlier 승려: ...입니다/하십시오 to 라마다승려/...다/주마/인정하마 forms within the quiz/reward sequence; character label and speech-register consistency defect. Correct-answer facts are not changed by this finding.,"Actual V375 decoded via E2 BankA/BankB; original/current bytes in dat_ui_candidates.csv; index=217; original catalog sources=['story_corpus', 'script_original_full', 'quiz107']"
DAT_UI,6/S6054.DAT:4525C,CONFIRMED_DEFECT,LOW,Same Ramada monk switches from earlier 승려: ...입니다/하십시오 to 라마다승려/...다/주마/인정하마 forms within the quiz/reward sequence; character label and speech-register consistency defect. Correct-answer facts are not changed by this finding.,"Actual V375 decoded via E2 BankA/BankB; original/current bytes in dat_ui_candidates.csv; index=219; original catalog sources=['story_corpus', 'script_original_full', 'quiz107']"
DAT_UI,6/S6054.DAT:4529A,CONFIRMED_DEFECT,LOW,Same Ramada monk switches from earlier 승려: ...입니다/하십시오 to 라마다승려/...다/주마/인정하마 forms within the quiz/reward sequence; character label and speech-register consistency defect. Correct-answer facts are not changed by this finding.,"Actual V375 decoded via E2 BankA/BankB; original/current bytes in dat_ui_candidates.csv; index=220; original catalog sources=['story_corpus', 'script_original_full', 'quiz107']"
DAT_UI,6/S6054.DAT:4535A,CONFIRMED_DEFECT,LOW,Same Ramada monk switches from earlier 승려: ...입니다/하십시오 to 라마다승려/...다/주마/인정하마 forms within the quiz/reward sequence; character label and speech-register consistency defect. Correct-answer facts are not changed by this finding.,"Actual V375 decoded via E2 BankA/BankB; original/current bytes in dat_ui_candidates.csv; index=222; original catalog sources=['story_corpus', 'script_original_full', 'quiz107']"
DAT_UI,6/S6054.DAT:45398,CONFIRMED_DEFECT,LOW,Same Ramada monk switches from earlier 승려: ...입니다/하십시오 to 라마다승려/...다/주마/인정하마 forms within the quiz/reward sequence; character label and speech-register consistency defect. Correct-answer facts are not changed by this finding.,"Actual V375 decoded via E2 BankA/BankB; original/current bytes in dat_ui_candidates.csv; index=223; original catalog sources=['story_corpus', 'script_original_full', 'quiz107']"
DAT_UI,6/S6054.DAT:4544A,CONFIRMED_DEFECT,LOW,Same Ramada monk switches from earlier 승려: ...입니다/하십시오 to 라마다승려/...다/주마/인정하마 forms within the quiz/reward sequence; character label and speech-register consistency defect. Correct-answer facts are not changed by this finding.,"Actual V375 decoded via E2 BankA/BankB; original/current bytes in dat_ui_candidates.csv; index=225; original catalog sources=['story_corpus', 'script_original_full', 'quiz107']"
DAT_UI,6/S6054.DAT:4548E,CONFIRMED_DEFECT,LOW,Same Ramada monk switches from earlier 승려: ...입니다/하십시오 to 라마다승려/...다/주마/인정하마 forms within the quiz/reward sequence; character label and speech-register consistency defect. Correct-answer facts are not changed by this finding.,"Actual V375 decoded via E2 BankA/BankB; original/current bytes in dat_ui_candidates.csv; index=226; original catalog sources=['story_corpus', 'script_original_full', 'quiz107']"
DAT_UI,6/S6054.DAT:45542,CONFIRMED_DEFECT,LOW,Same Ramada monk switches from earlier 승려: ...입니다/하십시오 to 라마다승려/...다/주마/인정하마 forms within the quiz/reward sequence; character label and speech-register consistency defect. Correct-answer facts are not changed by this finding.,"Actual V375 decoded via E2 BankA/BankB; original/current bytes in dat_ui_candidates.csv; index=228; original catalog sources=['story_corpus', 'script_original_full', 'quiz107']"
DAT_UI,6/S6054.DAT:45580,CONFIRMED_DEFECT,LOW,Same Ramada monk switches from earlier 승려: ...입니다/하십시오 to 라마다승려/...다/주마/인정하마 forms within the quiz/reward sequence; character label and speech-register consistency defect. Correct-answer facts are not changed by this finding.,"Actual V375 decoded via E2 BankA/BankB; original/current bytes in dat_ui_candidates.csv; index=229; original catalog sources=['story_corpus', 'script_original_full', 'quiz107']"
DAT_UI,6/S6054.DAT:45648,CONFIRMED_DEFECT,LOW,Same Ramada monk switches from earlier 승려: ...입니다/하십시오 to 라마다승려/...다/주마/인정하마 forms within the quiz/reward sequence; character label and speech-register consistency defect. Correct-answer facts are not changed by this finding.,"Actual V375 decoded via E2 BankA/BankB; original/current bytes in dat_ui_candidates.csv; index=231; original catalog sources=['story_corpus', 'script_original_full', 'quiz107']"
DAT_UI,6/S6054.DAT:45686,CONFIRMED_DEFECT,LOW,Same Ramada monk switches from earlier 승려: ...입니다/하십시오 to 라마다승려/...다/주마/인정하마 forms within the quiz/reward sequence; character label and speech-register consistency defect. Correct-answer facts are not changed by this finding.,"Actual V375 decoded via E2 BankA/BankB; original/current bytes in dat_ui_candidates.csv; index=232; original catalog sources=['story_corpus', 'script_original_full', 'quiz107']"
DAT_UI,6/S6054.DAT:4573A,CONFIRMED_DEFECT,LOW,Same Ramada monk switches from earlier 승려: ...입니다/하십시오 to 라마다승려/...다/주마/인정하마 forms within the quiz/reward sequence; character label and speech-register consistency defect. Correct-answer facts are not changed by this finding.,"Actual V375 decoded via E2 BankA/BankB; original/current bytes in dat_ui_candidates.csv; index=234; original catalog sources=['story_corpus', 'script_original_full', 'quiz107']"
DAT_UI,6/S6054.DAT:45778,CONFIRMED_DEFECT,LOW,Same Ramada monk switches from earlier 승려: ...입니다/하십시오 to 라마다승려/...다/주마/인정하마 forms within the quiz/reward sequence; character label and speech-register consistency defect. Correct-answer facts are not changed by this finding.,"Actual V375 decoded via E2 BankA/BankB; original/current bytes in dat_ui_candidates.csv; index=235; original catalog sources=['story_corpus', 'script_original_full', 'quiz107']"
DAT_UI,6/S6054.DAT:45836,CONFIRMED_DEFECT,LOW,Same Ramada monk switches from earlier 승려: ...입니다/하십시오 to 라마다승려/...다/주마/인정하마 forms within the quiz/reward sequence; character label and speech-register consistency defect. Correct-answer facts are not changed by this finding.,"Actual V375 decoded via E2 BankA/BankB; original/current bytes in dat_ui_candidates.csv; index=237; original catalog sources=['story_corpus', 'script_original_full', 'quiz107']"
DAT_UI,6/S6054.DAT:45874,CONFIRMED_DEFECT,LOW,Same Ramada monk switches from earlier 승려: ...입니다/하십시오 to 라마다승려/...다/주마/인정하마 forms within the quiz/reward sequence; character label and speech-register consistency defect. Correct-answer facts are not changed by this finding.,"Actual V375 decoded via E2 BankA/BankB; original/current bytes in dat_ui_candidates.csv; index=238; original catalog sources=['story_corpus', 'script_original_full', 'quiz107']"
DAT_UI,6/S6054.DAT:45940,CONFIRMED_DEFECT,LOW,Same Ramada monk switches from earlier 승려: ...입니다/하십시오 to 라마다승려/...다/주마/인정하마 forms within the quiz/reward sequence; character label and speech-register consistency defect. Correct-answer facts are not changed by this finding.,"Actual V375 decoded via E2 BankA/BankB; original/current bytes in dat_ui_candidates.csv; index=240; original catalog sources=['story_corpus', 'script_original_full', 'quiz107']"
DAT_UI,6/S6054.DAT:4597E,CONFIRMED_DEFECT,LOW,Same Ramada monk switches from earlier 승려: ...입니다/하십시오 to 라마다승려/...다/주마/인정하마 forms within the quiz/reward sequence; character label and speech-register consistency defect. Correct-answer facts are not changed by this finding.,"Actual V375 decoded via E2 BankA/BankB; original/current bytes in dat_ui_candidates.csv; index=241; original catalog sources=['story_corpus', 'script_original_full', 'quiz107']"
DAT_UI,6/S6054.DAT:45A38,CONFIRMED_DEFECT,LOW,Same Ramada monk switches from earlier 승려: ...입니다/하십시오 to 라마다승려/...다/주마/인정하마 forms within the quiz/reward sequence; character label and speech-register consistency defect. Correct-answer facts are not changed by this finding.,"Actual V375 decoded via E2 BankA/BankB; original/current bytes in dat_ui_candidates.csv; index=243; original catalog sources=['story_corpus', 'script_original_full', 'quiz107']"
DAT_UI,6/S6054.DAT:45A80,CONFIRMED_DEFECT,LOW,Same Ramada monk switches from earlier 승려: ...입니다/하십시오 to 라마다승려/...다/주마/인정하마 forms within the quiz/reward sequence; character label and speech-register consistency defect. Correct-answer facts are not changed by this finding.,"Actual V375 decoded via E2 BankA/BankB; original/current bytes in dat_ui_candidates.csv; index=244; original catalog sources=['story_corpus', 'script_original_full', 'quiz107']"
DAT_UI,6/S6054.DAT:45AC8,CONFIRMED_DEFECT,LOW,Same Ramada monk switches from earlier 승려: ...입니다/하십시오 to 라마다승려/...다/주마/인정하마 forms within the quiz/reward sequence; character label and speech-register consistency defect. Correct-answer facts are not changed by this finding.,"Actual V375 decoded via E2 BankA/BankB; original/current bytes in dat_ui_candidates.csv; index=245; original catalog sources=['story_corpus', 'script_original_full', 'quiz107']"
DAT_UI,6/S6054.DAT:45B2C,CONFIRMED_DEFECT,LOW,Same Ramada monk switches from earlier 승려: ...입니다/하십시오 to 라마다승려/...다/주마/인정하마 forms within the quiz/reward sequence; character label and speech-register consistency defect. Correct-answer facts are not changed by this finding.,"Actual V375 decoded via E2 BankA/BankB; original/current bytes in dat_ui_candidates.csv; index=246; original catalog sources=['story_corpus', 'script_original_full', 'quiz107']"
DAT_UI,6/S6054.DAT:45BF4,CONFIRMED_DEFECT,LOW,Same Ramada monk switches from earlier 승려: ...입니다/하십시오 to 라마다승려/...다/주마/인정하마 forms within the quiz/reward sequence; character label and speech-register consistency defect. Correct-answer facts are not changed by this finding.,"Actual V375 decoded via E2 BankA/BankB; original/current bytes in dat_ui_candidates.csv; index=248; original catalog sources=['story_corpus', 'script_original_full', 'quiz107']"
DAT_UI,6/S6054.DAT:45C42,CONFIRMED_DEFECT,LOW,Same Ramada monk switches from earlier 승려: ...입니다/하십시오 to 라마다승려/...다/주마/인정하마 forms within the quiz/reward sequence; character label and speech-register consistency defect. Correct-answer facts are not changed by this finding.,"Actual V375 decoded via E2 BankA/BankB; original/current bytes in dat_ui_candidates.csv; index=249; original catalog sources=['story_corpus', 'script_original_full', 'quiz107']"
DAT_UI,6/S6054.DAT:45CA6,CONFIRMED_DEFECT,LOW,Same Ramada monk switches from earlier 승려: ...입니다/하십시오 to 라마다승려/...다/주마/인정하마 forms within the quiz/reward sequence; character label and speech-register consistency defect. Correct-answer facts are not changed by this finding.,"Actual V375 decoded via E2 BankA/BankB; original/current bytes in dat_ui_candidates.csv; index=250; original catalog sources=['story_corpus', 'script_original_full', 'quiz107']"
DAT_UI,6/S6054.DAT:45D52,CONFIRMED_DEFECT,LOW,Same Ramada monk switches from earlier 승려: ...입니다/하십시오 to 라마다승려/...다/주마/인정하마 forms within the quiz/reward sequence; character label and speech-register consistency defect. Correct-answer facts are not changed by this finding.,"Actual V375 decoded via E2 BankA/BankB; original/current bytes in dat_ui_candidates.csv; index=252; original catalog sources=['story_corpus', 'script_original_full', 'quiz107']"
DAT_UI,6/S6054.DAT:45DA0,CONFIRMED_DEFECT,LOW,Same Ramada monk switches from earlier 승려: ...입니다/하십시오 to 라마다승려/...다/주마/인정하마 forms within the quiz/reward sequence; character label and speech-register consistency defect. Correct-answer facts are not changed by this finding.,"Actual V375 decoded via E2 BankA/BankB; original/current bytes in dat_ui_candidates.csv; index=253; original catalog sources=['story_corpus', 'script_original_full', 'quiz107']"
DAT_UI,7/S7011.DAT:47D5A,NEEDS_SOURCE_CONFIRMATION,MEDIUM,Original E502 family is already nonsensical under original COMM glyphs; alternate consumer/codebook or obsolete data must be resolved before calling it valid prose or safe nontext. No inferred translation proposed.,"Actual V375 decoded via E2 BankA/BankB; original/current bytes in dat_ui_candidates.csv; index=256; original catalog sources=['story_corpus', 'script_original_full']"
DAT_UI,7/S7011.DAT:47DD4,NEEDS_SOURCE_CONFIRMATION,MEDIUM,Original E502 family is already nonsensical under original COMM glyphs; alternate consumer/codebook or obsolete data must be resolved before calling it valid prose or safe nontext. No inferred translation proposed.,"Actual V375 decoded via E2 BankA/BankB; original/current bytes in dat_ui_candidates.csv; index=257; original catalog sources=['story_corpus', 'script_original_full']"
DAT_UI,7/S7011.DAT:47E2C,NEEDS_SOURCE_CONFIRMATION,MEDIUM,Original E502 family is already nonsensical under original COMM glyphs; alternate consumer/codebook or obsolete data must be resolved before calling it valid prose or safe nontext. No inferred translation proposed.,"Actual V375 decoded via E2 BankA/BankB; original/current bytes in dat_ui_candidates.csv; index=258; original catalog sources=['story_corpus', 'script_original_full']"
DAT_UI,7/S7011.DAT:47E86,NEEDS_SOURCE_CONFIRMATION,MEDIUM,Original E502 family is already nonsensical under original COMM glyphs; alternate consumer/codebook or obsolete data must be resolved before calling it valid prose or safe nontext. No inferred translation proposed.,"Actual V375 decoded via E2 BankA/BankB; original/current bytes in dat_ui_candidates.csv; index=259; original catalog sources=['story_corpus', 'script_original_full']"
DAT_UI,7/S7012.DAT:46D5A,NEEDS_SOURCE_CONFIRMATION,MEDIUM,Original E502 family is already nonsensical under original COMM glyphs; alternate consumer/codebook or obsolete data must be resolved before calling it valid prose or safe nontext. No inferred translation proposed.,"Actual V375 decoded via E2 BankA/BankB; original/current bytes in dat_ui_candidates.csv; index=261; original catalog sources=['story_corpus', 'script_original_full']"
DAT_UI,7/S7012.DAT:46DD4,NEEDS_SOURCE_CONFIRMATION,MEDIUM,Original E502 family is already nonsensical under original COMM glyphs; alternate consumer/codebook or obsolete data must be resolved before calling it valid prose or safe nontext. No inferred translation proposed.,"Actual V375 decoded via E2 BankA/BankB; original/current bytes in dat_ui_candidates.csv; index=262; original catalog sources=['story_corpus', 'script_original_full']"
DAT_UI,7/S7012.DAT:46E2C,NEEDS_SOURCE_CONFIRMATION,MEDIUM,Original E502 family is already nonsensical under original COMM glyphs; alternate consumer/codebook or obsolete data must be resolved before calling it valid prose or safe nontext. No inferred translation proposed.,"Actual V375 decoded via E2 BankA/BankB; original/current bytes in dat_ui_candidates.csv; index=263; original catalog sources=['story_corpus', 'script_original_full']"
DAT_UI,7/S7012.DAT:46E86,NEEDS_SOURCE_CONFIRMATION,MEDIUM,Original E502 family is already nonsensical under original COMM glyphs; alternate consumer/codebook or obsolete data must be resolved before calling it valid prose or safe nontext. No inferred translation proposed.,"Actual V375 decoded via E2 BankA/BankB; original/current bytes in dat_ui_candidates.csv; index=264; original catalog sources=['story_corpus', 'script_original_full']"
DAT_UI,7/S7012.DAT:48A24,CONFIRMED_DEFECT,MEDIUM,"Original glyphs say ヒートウォール (Heat Wall), but current menu says 키토우올. Main skill_name29 is 히트 월. Original heat spell name was misread and its tutorial menu no longer matches the selectable skill.","Actual V375 decoded via E2 BankA/BankB; original/current bytes in dat_ui_candidates.csv; index=271; original catalog sources=['story_corpus', 'script_original_full', 'story_all_choices_v21_translation.csv']"
DAT_UI,7/S7012.DAT:48B0E,CONFIRMED_DEFECT,MEDIUM,"Original glyphs say ヒートウォール (Heat Wall), but current menu says 키토우올. Main skill_name29 is 히트 월. Original heat spell name was misread and its tutorial menu no longer matches the selectable skill.","Actual V375 decoded via E2 BankA/BankB; original/current bytes in dat_ui_candidates.csv; index=273; original catalog sources=['story_corpus', 'script_original_full', 'story_all_choices_v21_translation.csv']"
DAT_UI,7/S7012.DAT:48B80,CONFIRMED_DEFECT,MEDIUM,Same equipment きぬのおび is 비단 띠 here versus equipment_name4 비단 허리띠. Cross-UI item name inconsistency; do not alter its mechanics.,"Actual V375 decoded via E2 BankA/BankB; original/current bytes in dat_ui_candidates.csv; index=274; original catalog sources=['story_corpus', 'script_original_full', 'story_all_choices_v21_translation.csv']"
DAT_UI,7/S7021.DAT:48F16,CONFIRMED_DEFECT,MEDIUM,"Original selected-character E2 name + さんですね confirmation loses the name entirely (맞나?/맞습니까?). Current confirmation no longer repeats whom the player selected. Most rows also flatten polite NPC speech. V373 only fixed one question register, not this missing identity.","Actual V375 decoded via E2 BankA/BankB; original/current bytes in dat_ui_candidates.csv; index=284; original catalog sources=['story_corpus', 'script_original_full', 'story_all_choices_v21_translation.csv']"
DAT_UI,7/S7021.DAT:48F82,CONFIRMED_DEFECT,MEDIUM,"Original selected-character E2 name + さんですね confirmation loses the name entirely (맞나?/맞습니까?). Current confirmation no longer repeats whom the player selected. Most rows also flatten polite NPC speech. V373 only fixed one question register, not this missing identity.","Actual V375 decoded via E2 BankA/BankB; original/current bytes in dat_ui_candidates.csv; index=285; original catalog sources=['story_corpus', 'script_original_full', 'story_all_choices_v21_translation.csv']"
DAT_UI,7/S7021.DAT:48FEE,CONFIRMED_DEFECT,MEDIUM,"Original selected-character E2 name + さんですね confirmation loses the name entirely (맞나?/맞습니까?). Current confirmation no longer repeats whom the player selected. Most rows also flatten polite NPC speech. V373 only fixed one question register, not this missing identity.","Actual V375 decoded via E2 BankA/BankB; original/current bytes in dat_ui_candidates.csv; index=286; original catalog sources=['story_corpus', 'script_original_full', 'story_all_choices_v21_translation.csv']"
DAT_UI,7/S7021.DAT:49102,CONFIRMED_DEFECT,MEDIUM,"Original selected-character E2 name + さんですね confirmation loses the name entirely (맞나?/맞습니까?). Current confirmation no longer repeats whom the player selected. Most rows also flatten polite NPC speech. V373 only fixed one question register, not this missing identity.","Actual V375 decoded via E2 BankA/BankB; original/current bytes in dat_ui_candidates.csv; index=288; original catalog sources=['story_corpus', 'script_original_full', 'story_all_choices_v21_translation.csv']"
DAT_UI,7/S7021.DAT:4916C,CONFIRMED_DEFECT,MEDIUM,"Original selected-character E2 name + さんですね confirmation loses the name entirely (맞나?/맞습니까?). Current confirmation no longer repeats whom the player selected. Most rows also flatten polite NPC speech. V373 only fixed one question register, not this missing identity.","Actual V375 decoded via E2 BankA/BankB; original/current bytes in dat_ui_candidates.csv; index=289; original catalog sources=['story_corpus', 'script_original_full', 'story_all_choices_v21_translation.csv']"
DAT_UI,7/S7021.DAT:491D0,CONFIRMED_DEFECT,MEDIUM,"Original selected-character E2 name + さんですね confirmation loses the name entirely (맞나?/맞습니까?). Current confirmation no longer repeats whom the player selected. Most rows also flatten polite NPC speech. V373 only fixed one question register, not this missing identity.","Actual V375 decoded via E2 BankA/BankB; original/current bytes in dat_ui_candidates.csv; index=290; original catalog sources=['story_corpus', 'script_original_full', 'story_all_choices_v21_translation.csv']"
DAT_UI,7/S7021.DAT:4929E,CONFIRMED_DEFECT,MEDIUM,"Original selected-character E2 name + さんですね confirmation loses the name entirely (맞나?/맞습니까?). Current confirmation no longer repeats whom the player selected. Most rows also flatten polite NPC speech. V373 only fixed one question register, not this missing identity.","Actual V375 decoded via E2 BankA/BankB; original/current bytes in dat_ui_candidates.csv; index=292; original catalog sources=['story_corpus', 'script_original_full', 'story_all_choices_v21_translation.csv']"
DAT_UI,7/S7022.DAT:49196,CONFIRMED_DEFECT,MEDIUM,"Original asks whether to redo entry/registration (エントリーをやりなおしますか), but current 처음부터? omits what restarts. Material action-scope information missing; following round-reset confirmation is separate.","Actual V375 decoded via E2 BankA/BankB; original/current bytes in dat_ui_candidates.csv; index=301; original catalog sources=['story_corpus', 'script_original_full', 'story_all_choices_v21_translation.csv']"
DAT_UI,7/S7023.DAT:491C6,CONFIRMED_DEFECT,MEDIUM,"Original asks whether to redo entry/registration (エントリーをやりなおしますか), but current 처음부터? omits what restarts. Material action-scope information missing; following round-reset confirmation is separate.","Actual V375 decoded via E2 BankA/BankB; original/current bytes in dat_ui_candidates.csv; index=310; original catalog sources=['story_corpus', 'script_original_full', 'story_all_choices_v21_translation.csv']"
DAT_UI,7/S7024.DAT:4922A,CONFIRMED_DEFECT,MEDIUM,"Original asks whether to redo entry/registration (エントリーをやりなおしますか), but current 처음부터? omits what restarts. Material action-scope information missing; following round-reset confirmation is separate.","Actual V375 decoded via E2 BankA/BankB; original/current bytes in dat_ui_candidates.csv; index=320; original catalog sources=['story_corpus', 'script_original_full', 'story_all_choices_v21_translation.csv']"
DAT_UI,7/S7025.DAT:4923A,CONFIRMED_DEFECT,MEDIUM,"Original asks whether to redo entry/registration (エントリーをやりなおしますか), but current 처음부터? omits what restarts. Material action-scope information missing; following round-reset confirmation is separate.","Actual V375 decoded via E2 BankA/BankB; original/current bytes in dat_ui_candidates.csv; index=330; original catalog sources=['story_corpus', 'script_original_full', 'story_all_choices_v21_translation.csv']"
DAT_UI,7/S7026.DAT:494A6,CONFIRMED_DEFECT,MEDIUM,"Original asks whether to redo entry/registration (エントリーをやりなおしますか), but current 처음부터? omits what restarts. Material action-scope information missing; following round-reset confirmation is separate.","Actual V375 decoded via E2 BankA/BankB; original/current bytes in dat_ui_candidates.csv; index=340; original catalog sources=['story_corpus', 'script_original_full', 'story_all_choices_v21_translation.csv']"
DAT_UI,7/S7028.DAT:48360,CONFIRMED_DEFECT,MEDIUM,"Original selected-character E2 name + さんですね confirmation loses the name entirely (맞나?/맞습니까?). Current confirmation no longer repeats whom the player selected. Most rows also flatten polite NPC speech. V373 only fixed one question register, not this missing identity.","Actual V375 decoded via E2 BankA/BankB; original/current bytes in dat_ui_candidates.csv; index=351; original catalog sources=['story_corpus', 'script_original_full', 'story_all_choices_v21_translation.csv']"
DAT_UI,7/S7028.DAT:483CC,CONFIRMED_DEFECT,MEDIUM,"Original selected-character E2 name + さんですね confirmation loses the name entirely (맞나?/맞습니까?). Current confirmation no longer repeats whom the player selected. Most rows also flatten polite NPC speech. V373 only fixed one question register, not this missing identity.","Actual V375 decoded via E2 BankA/BankB; original/current bytes in dat_ui_candidates.csv; index=352; original catalog sources=['story_corpus', 'script_original_full', 'story_all_choices_v21_translation.csv']"
DAT_UI,7/S7028.DAT:48438,CONFIRMED_DEFECT,MEDIUM,"Original selected-character E2 name + さんですね confirmation loses the name entirely (맞나?/맞습니까?). Current confirmation no longer repeats whom the player selected. Most rows also flatten polite NPC speech. V373 only fixed one question register, not this missing identity.","Actual V375 decoded via E2 BankA/BankB; original/current bytes in dat_ui_candidates.csv; index=353; original catalog sources=['story_corpus', 'script_original_full', 'story_all_choices_v21_translation.csv']"
DAT_UI,7/S7028.DAT:4854C,CONFIRMED_DEFECT,MEDIUM,"Original selected-character E2 name + さんですね confirmation loses the name entirely (맞나?/맞습니까?). Current confirmation no longer repeats whom the player selected. Most rows also flatten polite NPC speech. V373 only fixed one question register, not this missing identity.","Actual V375 decoded via E2 BankA/BankB; original/current bytes in dat_ui_candidates.csv; index=355; original catalog sources=['story_corpus', 'script_original_full', 'story_all_choices_v21_translation.csv']"
DAT_UI,7/S7028.DAT:485B6,CONFIRMED_DEFECT,MEDIUM,"Original selected-character E2 name + さんですね confirmation loses the name entirely (맞나?/맞습니까?). Current confirmation no longer repeats whom the player selected. Most rows also flatten polite NPC speech. V373 only fixed one question register, not this missing identity.","Actual V375 decoded via E2 BankA/BankB; original/current bytes in dat_ui_candidates.csv; index=356; original catalog sources=['story_corpus', 'script_original_full', 'story_all_choices_v21_translation.csv']"
DAT_UI,7/S7028.DAT:4861A,CONFIRMED_DEFECT,MEDIUM,"Original selected-character E2 name + さんですね confirmation loses the name entirely (맞나?/맞습니까?). Current confirmation no longer repeats whom the player selected. Most rows also flatten polite NPC speech. V373 only fixed one question register, not this missing identity.","Actual V375 decoded via E2 BankA/BankB; original/current bytes in dat_ui_candidates.csv; index=357; original catalog sources=['story_corpus', 'script_original_full', 'story_all_choices_v21_translation.csv']"
DAT_UI,7/S7028.DAT:486E8,CONFIRMED_DEFECT,MEDIUM,"Original selected-character E2 name + さんですね confirmation loses the name entirely (맞나?/맞습니까?). Current confirmation no longer repeats whom the player selected. Most rows also flatten polite NPC speech. V373 only fixed one question register, not this missing identity.","Actual V375 decoded via E2 BankA/BankB; original/current bytes in dat_ui_candidates.csv; index=359; original catalog sources=['story_corpus', 'script_original_full', 'story_all_choices_v21_translation.csv']"
DAT_UI,8/S8011.DAT:47D5A,NEEDS_SOURCE_CONFIRMATION,MEDIUM,Original E502 family is already nonsensical under original COMM glyphs; alternate consumer/codebook or obsolete data must be resolved before calling it valid prose or safe nontext. No inferred translation proposed.,"Actual V375 decoded via E2 BankA/BankB; original/current bytes in dat_ui_candidates.csv; index=362; original catalog sources=['story_corpus', 'script_original_full']"
DAT_UI,8/S8011.DAT:47DD4,NEEDS_SOURCE_CONFIRMATION,MEDIUM,Original E502 family is already nonsensical under original COMM glyphs; alternate consumer/codebook or obsolete data must be resolved before calling it valid prose or safe nontext. No inferred translation proposed.,"Actual V375 decoded via E2 BankA/BankB; original/current bytes in dat_ui_candidates.csv; index=363; original catalog sources=['story_corpus', 'script_original_full']"
DAT_UI,8/S8011.DAT:47E2C,NEEDS_SOURCE_CONFIRMATION,MEDIUM,Original E502 family is already nonsensical under original COMM glyphs; alternate consumer/codebook or obsolete data must be resolved before calling it valid prose or safe nontext. No inferred translation proposed.,"Actual V375 decoded via E2 BankA/BankB; original/current bytes in dat_ui_candidates.csv; index=364; original catalog sources=['story_corpus', 'script_original_full']"
DAT_UI,8/S8011.DAT:47E86,NEEDS_SOURCE_CONFIRMATION,MEDIUM,Original E502 family is already nonsensical under original COMM glyphs; alternate consumer/codebook or obsolete data must be resolved before calling it valid prose or safe nontext. No inferred translation proposed.,"Actual V375 decoded via E2 BankA/BankB; original/current bytes in dat_ui_candidates.csv; index=365; original catalog sources=['story_corpus', 'script_original_full']"
DAT_UI,8/S8012.DAT:47D5A,NEEDS_SOURCE_CONFIRMATION,MEDIUM,Original E502 family is already nonsensical under original COMM glyphs; alternate consumer/codebook or obsolete data must be resolved before calling it valid prose or safe nontext. No inferred translation proposed.,"Actual V375 decoded via E2 BankA/BankB; original/current bytes in dat_ui_candidates.csv; index=366; original catalog sources=['story_corpus', 'script_original_full']"
DAT_UI,8/S8012.DAT:47DD4,NEEDS_SOURCE_CONFIRMATION,MEDIUM,Original E502 family is already nonsensical under original COMM glyphs; alternate consumer/codebook or obsolete data must be resolved before calling it valid prose or safe nontext. No inferred translation proposed.,"Actual V375 decoded via E2 BankA/BankB; original/current bytes in dat_ui_candidates.csv; index=367; original catalog sources=['story_corpus', 'script_original_full']"
DAT_UI,8/S8012.DAT:47E2C,NEEDS_SOURCE_CONFIRMATION,MEDIUM,Original E502 family is already nonsensical under original COMM glyphs; alternate consumer/codebook or obsolete data must be resolved before calling it valid prose or safe nontext. No inferred translation proposed.,"Actual V375 decoded via E2 BankA/BankB; original/current bytes in dat_ui_candidates.csv; index=368; original catalog sources=['story_corpus', 'script_original_full']"
DAT_UI,8/S8012.DAT:47E86,NEEDS_SOURCE_CONFIRMATION,MEDIUM,Original E502 family is already nonsensical under original COMM glyphs; alternate consumer/codebook or obsolete data must be resolved before calling it valid prose or safe nontext. No inferred translation proposed.,"Actual V375 decoded via E2 BankA/BankB; original/current bytes in dat_ui_candidates.csv; index=369; original catalog sources=['story_corpus', 'script_original_full']"
DAT_UI,8/S8013.DAT:46D5A,NEEDS_SOURCE_CONFIRMATION,MEDIUM,Original E502 family is already nonsensical under original COMM glyphs; alternate consumer/codebook or obsolete data must be resolved before calling it valid prose or safe nontext. No inferred translation proposed.,"Actual V375 decoded via E2 BankA/BankB; original/current bytes in dat_ui_candidates.csv; index=371; original catalog sources=['story_corpus', 'script_original_full']"
DAT_UI,8/S8013.DAT:46DD4,NEEDS_SOURCE_CONFIRMATION,MEDIUM,Original E502 family is already nonsensical under original COMM glyphs; alternate consumer/codebook or obsolete data must be resolved before calling it valid prose or safe nontext. No inferred translation proposed.,"Actual V375 decoded via E2 BankA/BankB; original/current bytes in dat_ui_candidates.csv; index=372; original catalog sources=['story_corpus', 'script_original_full']"
DAT_UI,8/S8013.DAT:46E2C,NEEDS_SOURCE_CONFIRMATION,MEDIUM,Original E502 family is already nonsensical under original COMM glyphs; alternate consumer/codebook or obsolete data must be resolved before calling it valid prose or safe nontext. No inferred translation proposed.,"Actual V375 decoded via E2 BankA/BankB; original/current bytes in dat_ui_candidates.csv; index=373; original catalog sources=['story_corpus', 'script_original_full']"
DAT_UI,8/S8013.DAT:46E86,NEEDS_SOURCE_CONFIRMATION,MEDIUM,Original E502 family is already nonsensical under original COMM glyphs; alternate consumer/codebook or obsolete data must be resolved before calling it valid prose or safe nontext. No inferred translation proposed.,"Actual V375 decoded via E2 BankA/BankB; original/current bytes in dat_ui_candidates.csv; index=374; original catalog sources=['story_corpus', 'script_original_full']"
DAT_UI,8/S8013.DAT:47A12,CONFIRMED_DEFECT,MEDIUM,"Original glyphs say ヒートウォール (Heat Wall), but current menu says 키토우올. Main skill_name29 is 히트 월. Original heat spell name was misread and its tutorial menu no longer matches the selectable skill.","Actual V375 decoded via E2 BankA/BankB; original/current bytes in dat_ui_candidates.csv; index=377; original catalog sources=['story_corpus', 'script_original_full', 'story_all_choices_v21_translation.csv']"
DAT_UI,8/S8013.DAT:47AFC,CONFIRMED_DEFECT,MEDIUM,"Original glyphs say ヒートウォール (Heat Wall), but current menu says 키토우올. Main skill_name29 is 히트 월. Original heat spell name was misread and its tutorial menu no longer matches the selectable skill.","Actual V375 decoded via E2 BankA/BankB; original/current bytes in dat_ui_candidates.csv; index=379; original catalog sources=['story_corpus', 'script_original_full', 'story_all_choices_v21_translation.csv']"
DAT_UI,8/S8013.DAT:47B6E,CONFIRMED_DEFECT,MEDIUM,Same equipment きぬのおび is 비단 띠 here versus equipment_name4 비단 허리띠. Cross-UI item name inconsistency; do not alter its mechanics.,"Actual V375 decoded via E2 BankA/BankB; original/current bytes in dat_ui_candidates.csv; index=380; original catalog sources=['story_corpus', 'script_original_full', 'story_all_choices_v21_translation.csv']"
DAT_UI,B/SB072.DAT:487A6,NEEDS_SOURCE_CONFIRMATION,HIGH,Embedded NUL/control/opcode-looking source candidate B/SB072:487A6; ordinary prose decoding is not valid evidence. Root VM/canonical false-extraction audit must establish its consumer.,Actual V375 decoded via E2 BankA/BankB; original/current bytes in dat_ui_candidates.csv; index=382; original catalog sources=['story_corpus']
DAT_UI,C2/SC0B6.DAT:464F8,CONFIRMED_DEFECT,MEDIUM,Quiz/menu item labels differ from resident inventory: 넘치는 과실 vs 넘치는 열매; 약화의 구슬 vs 약화 구슬; 부활의 약 vs 부활약. Numerical/effect identities not altered in this row.,"Actual V375 decoded via E2 BankA/BankB; original/current bytes in dat_ui_candidates.csv; index=446; original catalog sources=['story_corpus', 'script_original_full', 'story_all_choices_v21_translation.csv']"
DAT_UI,C2/SC0B6.DAT:46884,CONFIRMED_DEFECT,MEDIUM,Quiz/menu 생명의 나무 열매 differs from resident consumable_name21 생명의 열매 for the same original item.,"Actual V375 decoded via E2 BankA/BankB; original/current bytes in dat_ui_candidates.csv; index=447; original catalog sources=['story_corpus', 'script_original_full', 'story_all_choices_v21_translation.csv']"
DAT_UI,C2/SC0B6.DAT:46C0A,CONFIRMED_DEFECT,MEDIUM,Current 마법의 카트 / 슬리플리스 카트 misread original カード and differ from resident 마법 카드 / 수면 방지 카드. Original BC3195 suffix is byte-exact with memory-card label; earlier ガード visual suspicion was disproved.,"Actual V375 decoded via E2 BankA/BankB; original/current bytes in dat_ui_candidates.csv; index=448; original catalog sources=['story_corpus', 'script_original_full', 'story_all_choices_v21_translation.csv']"
DAT_UI,C2/SC0B6.DAT:46F98,CONFIRMED_DEFECT,MEDIUM,Current 마법의 카트 / 슬리플리스 카트 misread original カード and differ from resident 마법 카드 / 수면 방지 카드. Original BC3195 suffix is byte-exact with memory-card label; earlier ガード visual suspicion was disproved.,"Actual V375 decoded via E2 BankA/BankB; original/current bytes in dat_ui_candidates.csv; index=449; original catalog sources=['story_corpus', 'script_original_full', 'story_all_choices_v21_translation.csv']"
DAT_UI,C2/SC0B6.DAT:4731A,CONFIRMED_DEFECT,MEDIUM,Original ディールの牙 item becomes 디르의 어금니 here versus resident equipment_name26 데일의 이빨. Both refer to same original item; reconcile with original glyph/source approval.,"Actual V375 decoded via E2 BankA/BankB; original/current bytes in dat_ui_candidates.csv; index=450; original catalog sources=['story_corpus', 'script_original_full', 'story_all_choices_v21_translation.csv']"
DAT_UI,1/S1023.DAT:483E4,CONFIRMED_DEFECT,MEDIUM,"Repeated item name differs from resident inventory: 생명의 나무 열매 vs 생명의 열매, or 비단 띠 vs 비단 허리띠. Same original item, consistency correction required.","Actual V375 decoded via E2 BankA/BankB; original/current bytes in dat_ui_candidates.csv; index=480; original catalog sources=['story_corpus', 'script_original_full']"
DAT_UI,21/S2045.DAT:47F94,CONFIRMED_DEFECT,LOW,"Instruction omits source condition カーソルで選んでいる時 (while selected with cursor), so L/R help activation context is missing. Other duplicate at31/S3014 preserves this condition.","Actual V375 decoded via E2 BankA/BankB; original/current bytes in dat_ui_candidates.csv; index=525; original catalog sources=['story_corpus', 'script_original_full']"
DAT_UI,21/S2045.DAT:4916A,CONFIRMED_DEFECT,MEDIUM,"Source オルニスの丘 is misread as 오르카스 언덕, same defect as resident region_name3/location_name17. Original name byte sequence crosschecked to glyph-verified resident source.","Actual V375 decoded via E2 BankA/BankB; original/current bytes in dat_ui_candidates.csv; index=564; original catalog sources=['story_corpus', 'script_original_full']"
DAT_UI,21/S2045.DAT:49506,CONFIRMED_DEFECT,MEDIUM,"ヒートウォール is mistranslated 키토우올 in the big-bomb detonation tutorial; selectable skill_name29 says 히트 월, so the actionable spell hint does not match the skill menu.","Actual V375 decoded via E2 BankA/BankB; original/current bytes in dat_ui_candidates.csv; index=573; original catalog sources=['story_corpus', 'script_original_full']"
DAT_UI,21/S2045.DAT:49744,CONFIRMED_DEFECT,MEDIUM,"Repeated item name differs from resident inventory: 생명의 나무 열매 vs 생명의 열매, or 비단 띠 vs 비단 허리띠. Same original item, consistency correction required.","Actual V375 decoded via E2 BankA/BankB; original/current bytes in dat_ui_candidates.csv; index=578; original catalog sources=['story_corpus', 'script_original_full']"
DAT_UI,31/S3014.DAT:4818E,CONFIRMED_DEFECT,MEDIUM,"Source オルニスの丘 is misread as 오르카스 언덕, same defect as resident region_name3/location_name17. Original name byte sequence crosschecked to glyph-verified resident source.","Actual V375 decoded via E2 BankA/BankB; original/current bytes in dat_ui_candidates.csv; index=655; original catalog sources=['story_corpus', 'script_original_full']"
DAT_UI,31/S3014.DAT:4852A,CONFIRMED_DEFECT,MEDIUM,"ヒートウォール is mistranslated 키토우올 in the big-bomb detonation tutorial; selectable skill_name29 says 히트 월, so the actionable spell hint does not match the skill menu.","Actual V375 decoded via E2 BankA/BankB; original/current bytes in dat_ui_candidates.csv; index=664; original catalog sources=['story_corpus', 'script_original_full']"
DAT_UI,31/S3014.DAT:487A8,CONFIRMED_DEFECT,MEDIUM,"Repeated item name differs from resident inventory: 생명의 나무 열매 vs 생명의 열매, or 비단 띠 vs 비단 허리띠. Same original item, consistency correction required.","Actual V375 decoded via E2 BankA/BankB; original/current bytes in dat_ui_candidates.csv; index=670; original catalog sources=['story_corpus', 'script_original_full']"
DAT_UI,5/S5013.DAT:49156,CONFIRMED_DEFECT,MEDIUM,"Source オルニスの丘 is misread as 오르카스 언덕, same defect as resident region_name3/location_name17. Original name byte sequence crosschecked to glyph-verified resident source.","Actual V375 decoded via E2 BankA/BankB; original/current bytes in dat_ui_candidates.csv; index=721; original catalog sources=['story_corpus', 'script_original_full']"
DAT_UI,5/S5013.DAT:494F2,CONFIRMED_DEFECT,MEDIUM,"ヒートウォール is mistranslated 키토우올 in the big-bomb detonation tutorial; selectable skill_name29 says 히트 월, so the actionable spell hint does not match the skill menu.","Actual V375 decoded via E2 BankA/BankB; original/current bytes in dat_ui_candidates.csv; index=730; original catalog sources=['story_corpus', 'script_original_full']"
DAT_UI,5/S5013.DAT:49770,CONFIRMED_DEFECT,MEDIUM,"Repeated item name differs from resident inventory: 생명의 나무 열매 vs 생명의 열매, or 비단 띠 vs 비단 허리띠. Same original item, consistency correction required.","Actual V375 decoded via E2 BankA/BankB; original/current bytes in dat_ui_candidates.csv; index=736; original catalog sources=['story_corpus', 'script_original_full']"
DAT_UI,6/S6014.DAT:49102,CONFIRMED_DEFECT,MEDIUM,"Source オルニスの丘 is misread as 오르카스 언덕, same defect as resident region_name3/location_name17. Original name byte sequence crosschecked to glyph-verified resident source.","Actual V375 decoded via E2 BankA/BankB; original/current bytes in dat_ui_candidates.csv; index=779; original catalog sources=['story_corpus', 'script_original_full']"
DAT_UI,6/S6014.DAT:4949E,CONFIRMED_DEFECT,MEDIUM,"ヒートウォール is mistranslated 키토우올 in the big-bomb detonation tutorial; selectable skill_name29 says 히트 월, so the actionable spell hint does not match the skill menu.","Actual V375 decoded via E2 BankA/BankB; original/current bytes in dat_ui_candidates.csv; index=788; original catalog sources=['story_corpus', 'script_original_full']"
DAT_UI,6/S6014.DAT:4971C,CONFIRMED_DEFECT,MEDIUM,"Repeated item name differs from resident inventory: 생명의 나무 열매 vs 생명의 열매, or 비단 띠 vs 비단 허리띠. Same original item, consistency correction required.","Actual V375 decoded via E2 BankA/BankB; original/current bytes in dat_ui_candidates.csv; index=794; original catalog sources=['story_corpus', 'script_original_full']"
DAT_UI,7/S7012.DAT:48BFA,CONFIRMED_DEFECT,MEDIUM,"Source オルニスの丘 is misread as 오르카스 언덕, same defect as resident region_name3/location_name17. Original name byte sequence crosschecked to glyph-verified resident source.","Actual V375 decoded via E2 BankA/BankB; original/current bytes in dat_ui_candidates.csv; index=832; original catalog sources=['story_corpus', 'script_original_full']"
DAT_UI,7/S7012.DAT:48F96,CONFIRMED_DEFECT,MEDIUM,"ヒートウォール is mistranslated 키토우올 in the big-bomb detonation tutorial; selectable skill_name29 says 히트 월, so the actionable spell hint does not match the skill menu.","Actual V375 decoded via E2 BankA/BankB; original/current bytes in dat_ui_candidates.csv; index=841; original catalog sources=['story_corpus', 'script_original_full']"
DAT_UI,7/S7012.DAT:49214,CONFIRMED_DEFECT,MEDIUM,"Repeated item name differs from resident inventory: 생명의 나무 열매 vs 생명의 열매, or 비단 띠 vs 비단 허리띠. Same original item, consistency correction required.","Actual V375 decoded via E2 BankA/BankB; original/current bytes in dat_ui_candidates.csv; index=847; original catalog sources=['story_corpus', 'script_original_full']"
DAT_UI,8/S8013.DAT:47BE8,CONFIRMED_DEFECT,MEDIUM,"Source オルニスの丘 is misread as 오르카스 언덕, same defect as resident region_name3/location_name17. Original name byte sequence crosschecked to glyph-verified resident source.","Actual V375 decoded via E2 BankA/BankB; original/current bytes in dat_ui_candidates.csv; index=852; original catalog sources=['story_corpus', 'script_original_full']"
DAT_UI,8/S8013.DAT:47F84,CONFIRMED_DEFECT,MEDIUM,"ヒートウォール is mistranslated 키토우올 in the big-bomb detonation tutorial; selectable skill_name29 says 히트 월, so the actionable spell hint does not match the skill menu.","Actual V375 decoded via E2 BankA/BankB; original/current bytes in dat_ui_candidates.csv; index=861; original catalog sources=['story_corpus', 'script_original_full']"
DAT_UI,8/S8013.DAT:48202,CONFIRMED_DEFECT,MEDIUM,"Repeated item name differs from resident inventory: 생명의 나무 열매 vs 생명의 열매, or 비단 띠 vs 비단 허리띠. Same original item, consistency correction required.","Actual V375 decoded via E2 BankA/BankB; original/current bytes in dat_ui_candidates.csv; index=867; original catalog sources=['story_corpus', 'script_original_full']"
