id,status,severity,original_japanese,current_korean,pointer_offset,finding,evidence,next_action,review_source
equipment_name:0,PASS_SEMANTIC,NONE,炎の守り,불꽃의 수호,0x804A4,Flame protection: meaning preserved.,Original COMM glyph sheet original_ui_02.png row19; pointer0x804A4; original raw=BF 1C DD 1E 39; actual current=불꽃의 수호,No semantic change indicated; runtime/display validation remains separate.,equipment_review.csv
equipment_name:1,PASS_SEMANTIC,NONE,氷の守り,얼음의 수호,0x804A8,Ice protection: meaning preserved.,Original COMM glyph sheet original_ui_02.png row20; pointer0x804A8; original raw=DF 14 1C DD 1E 39; actual current=얼음의 수호,No semantic change indicated; runtime/display validation remains separate.,equipment_review.csv
equipment_name:2,PASS_SEMANTIC,NONE,アンチへモジー,안티 헤모지,0x804AC,Anti-Hemoji: name and prevention concept preserved.,Original COMM glyph sheet original_ui_02.png row21; pointer0x804AC; original raw=42 34 6C DD 3B 5F 7F 31; actual current=안티 헤모지,No semantic change indicated; runtime/display validation remains separate.,equipment_review.csv
equipment_name:3,PASS_SEMANTIC,NONE,いやしのお守り,치유의 부적,0x804B0,Healing charm: meaning preserved.,Original COMM glyph sheet original_ui_02.png row22; pointer0x804B0; original raw=1B 40 1E 1C 3B DD 1E 39; actual current=치유의 부적,No semantic change indicated; runtime/display validation remains separate.,equipment_review.csv
equipment_name:4,PASS_SEMANTIC,NONE,きぬのおび,비단 허리띠,0x804B4,Silk belt: meaning preserved.,Original COMM glyph sheet original_ui_02.png row23; pointer0x804B4; original raw=44 DD 4F 1C 3B 99; actual current=비단 허리띠,No semantic change indicated; runtime/display validation remains separate.,equipment_review.csv
equipment_name:5,PASS_SEMANTIC,NONE,魔法のカート,마법 카드,0x804B8,"Magic card: meaning preserved. Final BC3195 matches native memory-card label exactly; source is CARD, not GUARD.",Original COMM glyph sheet original_ui_02.png row24; pointer0x804B8; original raw=DD 1B DD 51 1C BC 31 95; actual current=마법 카드,No semantic change indicated; runtime/display validation remains separate.,equipment_review.csv
equipment_name:6,ACCEPTABLE_ABBREVIATION,NONE,スリー<N:フ:11><N:リ:12>スカート,수면 방지 카드,0x804BC,"Sleepless card: functional translation as sleep-prevention card is acceptable. BC3195 is CARD, not GUARD.",Original COMM glyph sheet original_ui_02.png row25; pointer0x804BC; original raw=47 6B 31 DD 55 6F 47 BC 31 95; actual current=수면 방지 카드,No semantic change indicated; runtime/display validation remains separate.,equipment_review.csv
equipment_name:7,PASS_SEMANTIC,NONE,パワーアーム,파워 암,0x804C0,Power arm: transliteration preserved.,Original COMM glyph sheet original_ui_02.png row26; pointer0x804C0; original raw=A3 DD A0 31 42 31 D8; actual current=파워 암,No semantic change indicated; runtime/display validation remains separate.,equipment_review.csv
equipment_name:8,PASS_SEMANTIC,NONE,カ<N:｣:11><N:ザ:8>ー<N:ク:12>ローフ,카이저 글러브,0x804C4,Kaiser glove: transliteration preserved.,Original COMM glyph sheet original_ui_02.png row27; pointer0x804C4; original raw=BC 65 DD C8 31 80 A2 31 C9; actual current=카이저 글러브,No semantic change indicated; runtime/display validation remains separate.,equipment_review.csv
equipment_name:9,ACCEPTABLE_ABBREVIATION,NONE,幻のこて,환상의 장갑,0x804C8,Phantom gauntlet: glove is a close functional rendering of kote.,Original COMM glyph sheet original_ui_02.png row28; pointer0x804C8; original raw=DD F2 1C 2E 21; actual current=환상의 장갑,No semantic change indicated; runtime/display validation remains separate.,equipment_review.csv
equipment_name:10,PASS_SEMANTIC,NONE,サン<N:ク:12>ラス,선글라스,0x804CC,Sunglasses: meaning preserved.,Original COMM glyph sheet original_ui_02.png row29; pointer0x804CC; original raw=77 34 80 57 47; actual current=선글라스,No semantic change indicated; runtime/display validation remains separate.,equipment_review.csv
equipment_name:11,ACCEPTABLE_ABBREVIATION,NONE,当て方の絵巻,명중의 두루마리,0x804D0,Scroll of how to hit: accuracy-scroll abbreviation preserves meaning.,Original COMM glyph sheet original_ui_02.png row30; pointer0x804D0; original raw=DD 42 21 C4 1C DE F7 DE F6; actual current=명중의 두루마리,No semantic change indicated; runtime/display validation remains separate.,equipment_review.csv
equipment_name:12,ACCEPTABLE_ABBREVIATION,NONE,ぶん投げの絵巻,투척의 두루마리,0x804D4,Hurling scroll: throwing-scroll abbreviation supported by its explicit enhanced-throw description.,Original COMM glyph sheet original_ui_02.png row31; pointer0x804D4; original raw=CA 2D DE 04 9C 1C DE F7 DE F6; actual current=투척의 두루마리,No semantic change indicated; runtime/display validation remains separate.,equipment_review.csv
equipment_name:13,PASS_SEMANTIC,NONE,神のこぶし,신의 주먹,0x804D8,God's fist: meaning preserved.,Original COMM glyph sheet original_ui_02.png row32; pointer0x804D8; original raw=DD 2F 1C 2E CA 1E; actual current=신의 주먹,No semantic change indicated; runtime/display validation remains separate.,equipment_review.csv
equipment_name:14,CONFIRMED_DEFECT,LOW,バ<N:｣:11>オ<N:リ:12>ット<N:リ:12>ーサー,바이올렛 레이저,0x804DC,"Source Violet Racer (ree-saa) has unvoiced SA, but current Korean says Laser (reijeo).",Original COMM glyph sheet original_ui_03.png row33; pointer0x804DC; original raw=AF 65 8F 6F 82 5C 6F 31 77 31; actual current=바이올렛 레이저,Review source-faithful correction proposal; user approval before canonical edits.,equipment_review.csv
equipment_name:15,PASS_SEMANTIC,NONE,<N:ネ:13>ック<N:リ:12>ス,목걸이,0x804E0,Necklace: meaning preserved.,Original COMM glyph sheet original_ui_03.png row34; pointer0x804E0; original raw=DD C6 82 4E 6F 47; actual current=목걸이,No semantic change indicated; runtime/display validation remains separate.,equipment_review.csv
equipment_name:16,PASS_SEMANTIC,NONE,じ<N:ぃ:20>す,염주,0x804E4,Juzu: correctly translated as prayer beads.,Original COMM glyph sheet original_ui_03.png row35; pointer0x804E4; original raw=4A DE 20 8C; actual current=염주,No semantic change indicated; runtime/display validation remains separate.,equipment_review.csv
equipment_name:17,PASS_SEMANTIC,NONE,長老のはちまき,장로의 머리띠,0x804E8,Elder's headband: meaning preserved.,Original COMM glyph sheet original_ui_03.png row36; pointer0x804E8; original raw=D4 A8 1C 28 4B 27 44; actual current=장로의 머리띠,No semantic change indicated; runtime/display validation remains separate.,equipment_review.csv
equipment_name:18,PASS_SEMANTIC,NONE,しつ<N:ぷ:23>うのバンダナ,질풍의 반다나,0x804EC,Gale bandana: meaning preserved.,Original COMM glyph sheet original_ui_03.png row37; pointer0x804EC; original raw=1E 29 DE B5 26 1C AF 34 67 7C; actual current=질풍의 반다나,No semantic change indicated; runtime/display validation remains separate.,equipment_review.csv
equipment_name:19,PASS_SEMANTIC,NONE,<N:ハ:12><N:｣:11>パーフーツ,하이퍼 부츠,0x804F0,Hyper boots: transliteration preserved.,Original COMM glyph sheet original_ui_03.png row38; pointer0x804F0; original raw=DD A2 65 A3 31 C9 31 DF 01; actual current=하이퍼 부츠,No semantic change indicated; runtime/display validation remains separate.,equipment_review.csv
equipment_name:20,PASS_SEMANTIC,NONE,まにあわせのくつ,임시 신발,0x804F4,Makeshift shoes: meaning preserved.,Original COMM glyph sheet original_ui_03.png row39; pointer0x804F4; original raw=27 23 3F 43 59 1C 3E 45; actual current=임시 신발,No semantic change indicated; runtime/display validation remains separate.,equipment_review.csv
equipment_name:21,ACCEPTABLE_ABBREVIATION,NONE,フ<N:リ:12>ス<N:リ:12>ット,팔찌 1,0x804F8,Bracelet: suffix1 added to distinguish the two same-name source items with different effects.,Original COMM glyph sheet original_ui_03.png row40; pointer0x804F8; original raw=C9 6F 47 6F 82 5C; actual current=팔찌 1,No semantic change indicated; runtime/display validation remains separate.,equipment_review.csv
equipment_name:22,ACCEPTABLE_ABBREVIATION,NONE,フ<N:リ:12>ス<N:リ:12>ット,팔찌 2,0x804FC,Bracelet: suffix2 added to distinguish the two same-name source items with different effects.,Original COMM glyph sheet original_ui_03.png row41; pointer0x804FC; original raw=C9 6F 47 6F 82 5C; actual current=팔찌 2,No semantic change indicated; runtime/display validation remains separate.,equipment_review.csv
equipment_name:23,PASS_SEMANTIC,NONE,技のフ<N:リ:12>ス<N:リ:12>ット,기술의 팔찌,0x80500,Technique bracelet: meaning preserved.,Original COMM glyph sheet original_ui_03.png row42; pointer0x80500; original raw=DD 4C 1C C9 6F 47 6F 82 5C; actual current=기술의 팔찌,No semantic change indicated; runtime/display validation remains separate.,equipment_review.csv
equipment_name:24,PASS_SEMANTIC,NONE,女神のいのり,여신의 기도,0x80504,Goddess's prayer: meaning preserved.,Original COMM glyph sheet original_ui_03.png row43; pointer0x80504; original raw=DE 6B DD 2F 1C 1B 1C 39; actual current=여신의 기도,No semantic change indicated; runtime/display validation remains separate.,equipment_review.csv
equipment_name:25,PASS_SEMANTIC,NONE,パワーリスト,파워 리스트,0x80508,Power wrist: transliteration preserved.,Original COMM glyph sheet original_ui_03.png row44; pointer0x80508; original raw=A3 DD A0 31 6B 47 5C; actual current=파워 리스트,No semantic change indicated; runtime/display validation remains separate.,equipment_review.csv
equipment_name:26,CONFIRMED_DEFECT,LOW,デ<N:ｲ:6>ールの<N:牙:4>,데일의 이빨,0x8050C,Source Diiru fang is transliterated as Deil; the source vowel sequence is different.,Original COMM glyph sheet original_ui_03.png row45; pointer0x8050C; original raw=81 DD 03 31 53 1C DE B0; actual current=데일의 이빨,Review source-faithful correction proposal; user approval before canonical edits.,equipment_review.csv
equipment_name:27,PASS_SEMANTIC,NONE,幻獣の<N:牙:4>,환수의 이빨,0x80510,Phantom beast fang: meaning preserved.,Original COMM glyph sheet original_ui_03.png row46; pointer0x80510; original raw=DD F2 DE 6E 1C DE B0; actual current=환수의 이빨,No semantic change indicated; runtime/display validation remains separate.,equipment_review.csv
equipment_name:28,PASS_SEMANTIC,NONE,しおかぜの調ベ,바닷바람의 선율,0x80514,Sea-breeze melody: meaning preserved.,Original COMM glyph sheet original_ui_03.png row47; pointer0x80514; original raw=1E 3B 20 A7 1C DD 86 DD 35; actual current=바닷바람의 선율,No semantic change indicated; runtime/display validation remains separate.,equipment_review.csv
equipment_name:29,PASS_SEMANTIC,NONE,<N:貝:2>がら,조개껍데기,0x80518,Seashell: meaning preserved.,Original COMM glyph sheet original_ui_03.png row48; pointer0x80518; original raw=DF 50 2A 33; actual current=조개껍데기,No semantic change indicated; runtime/display validation remains separate.,equipment_review.csv
equipment_name:30,PASS_SEMANTIC,NONE,一角獣の角,유니콘의 뿔,0x8051C,Unicorn horn: meaning preserved.,Original COMM glyph sheet original_ui_04.png row49; pointer0x8051C; original raw=8E DE 7C DE 6E 1C DE 7C; actual current=유니콘의 뿔,No semantic change indicated; runtime/display validation remains separate.,equipment_review.csv
equipment_name:31,PASS_SEMANTIC,NONE,<N:悲:5>劇のめがね,비극의 안경,0x80520,Tragic spectacles: meaning preserved.,Original COMM glyph sheet original_ui_04.png row50; pointer0x80520; original raw=DD BA DE 15 1C 51 2A 4C; actual current=비극의 안경,No semantic change indicated; runtime/display validation remains separate.,equipment_review.csv
equipment_name:32,PASS_SEMANTIC,NONE,鏡,거울,0x80524,Mirror: meaning preserved.,Original COMM glyph sheet original_ui_04.png row51; pointer0x80524; original raw=DD AE; actual current=거울,No semantic change indicated; runtime/display validation remains separate.,equipment_review.csv
equipment_name:33,PASS_SEMANTIC,NONE,古代の<N:ｴ:24>びわ,고대의 반지,0x80528,Ancient ring: meaning preserved.,Original COMM glyph sheet original_ui_04.png row52; pointer0x80528; original raw=DD 69 DD A8 1C DD 04 99 43; actual current=고대의 반지,No semantic change indicated; runtime/display validation remains separate.,equipment_review.csv
equipment_name:34,PASS_SEMANTIC,NONE,幻の<N:ｴ:24>びわ,환상의 반지,0x8052C,Phantom ring: meaning preserved.,Original COMM glyph sheet original_ui_04.png row53; pointer0x8052C; original raw=DD F2 1C DD 04 99 43; actual current=환상의 반지,No semantic change indicated; runtime/display validation remains separate.,equipment_review.csv
equipment_name:35,PASS_SEMANTIC,NONE,魔導の<N:ｴ:24>びわ,마도의 반지,0x80530,Magic ring: meaning preserved.,Original COMM glyph sheet original_ui_04.png row54; pointer0x80530; original raw=DD 1B DE 03 1C DD 04 99 43; actual current=마도의 반지,No semantic change indicated; runtime/display validation remains separate.,equipment_review.csv
equipment_name:36,PASS_SEMANTIC,NONE,おもちゃの<N:ｴ:24>びわ,장난감 반지,0x80534,Toy ring: meaning preserved.,Original COMM glyph sheet original_ui_04.png row55; pointer0x80534; original raw=3B 38 4B 48 1C DD 04 99 43; actual current=장난감 반지,No semantic change indicated; runtime/display validation remains separate.,equipment_review.csv
equipment_name:37,PASS_SEMANTIC,NONE,<N:毒:1>よけの<N:ｴ:24>びわ,독막이 반지,0x80538,Poison-ward ring: meaning preserved.,Original COMM glyph sheet original_ui_04.png row56; pointer0x80538; original raw=DD CF 3D 49 1C DD 04 99 43; actual current=독막이 반지,No semantic change indicated; runtime/display validation remains separate.,equipment_review.csv
equipment_name:38,PASS_SEMANTIC,NONE,幻の盾,환상의 방패,0x8053C,Phantom shield: meaning preserved.,Original COMM glyph sheet original_ui_04.png row57; pointer0x8053C; original raw=DD F2 1C DE DB; actual current=환상의 방패,No semantic change indicated; runtime/display validation remains separate.,equipment_review.csv
equipment_name:39,PASS_SEMANTIC,NONE,戦士の守り,전사의 수호,0x80540,Warrior's protection: meaning preserved.,Original COMM glyph sheet original_ui_04.png row58; pointer0x80540; original raw=63 68 1C DD 1E 39; actual current=전사의 수호,No semantic change indicated; runtime/display validation remains separate.,equipment_review.csv
equipment_name:40,PASS_SEMANTIC,NONE,長老の盾,장로의 방패,0x80544,Elder's shield: meaning preserved.,Original COMM glyph sheet original_ui_04.png row59; pointer0x80544; original raw=D4 A8 1C DE DB; actual current=장로의 방패,No semantic change indicated; runtime/display validation remains separate.,equipment_review.csv
equipment_name:41,PASS_SEMANTIC,NONE,強力な<N:杖:1>,강력한 지팡이,0x80548,Powerful staff: meaning preserved.,Original COMM glyph sheet original_ui_04.png row60; pointer0x80548; original raw=DD 19 61 1D DF 32; actual current=강력한 지팡이,No semantic change indicated; runtime/display validation remains separate.,equipment_review.csv
equipment_name:42,CONFIRMED_DEFECT,LOW,じごくのスニー<N:フ:11>,지옥의 스누프,0x8054C,"Source jigoku no SCOPE is rendered as hell's SNOOP, a glyph misreading.",Original COMM glyph sheet original_ui_04.png row61; pointer0x8054C; original raw=4A 79 3E 1C 47 D1 31 DD 55; actual current=지옥의 스누프,Review source-faithful correction proposal; user approval before canonical edits.,equipment_review.csv
equipment_name:43,PASS_SEMANTIC,NONE,王様の像,왕의 상,0x80550,King's statue: meaning preserved.,Original COMM glyph sheet original_ui_04.png row62; pointer0x80550; original raw=5D CB 1C DE 64; actual current=왕의 상,No semantic change indicated; runtime/display validation remains separate.,equipment_review.csv
equipment_name:44,PASS_SEMANTIC,NONE,たかの像,매의 상,0x80554,Hawk statue: meaning preserved.,Original COMM glyph sheet original_ui_04.png row63; pointer0x80554; original raw=1F 20 1C DE 64; actual current=매의 상,No semantic change indicated; runtime/display validation remains separate.,equipment_review.csv
equipment_name:45,PASS_SEMANTIC,NONE,まがいの像,모조상,0x80558,Imitation statue: meaning preserved.,Original COMM glyph sheet original_ui_04.png row64; pointer0x80558; original raw=27 2A 1B 1C DE 64; actual current=모조상,No semantic change indicated; runtime/display validation remains separate.,equipment_review.csv
equipment_name:46,PASS_SEMANTIC,NONE,たん剣,단검,0x8055C,Dagger: meaning preserved.,Original COMM glyph sheet original_ui_05.png row65; pointer0x8055C; original raw=1F 2D DD 8D; actual current=단검,No semantic change indicated; runtime/display validation remains separate.,equipment_review.csv
equipment_name:47,PASS_SEMANTIC,NONE,幻の剣,환상의 검,0x80560,Phantom sword: meaning preserved.,Original COMM glyph sheet original_ui_05.png row66; pointer0x80560; original raw=DD F2 1C DD 8D; actual current=환상의 검,No semantic change indicated; runtime/display validation remains separate.,equipment_review.csv
equipment_name:48,CONFIRMED_DEFECT,LOW,<N:リ:12><N:｣:11>ラのかみか<N:ざ:2>り,리라의 머리장식,0x80564,"Source Reira hair ornament is rendered as Rira, changing the proper name.",Original COMM glyph sheet original_ui_05.png row67; pointer0x80564; original raw=6F 65 57 1C 20 6D 20 DD 3D 39; actual current=리라의 머리장식,Review source-faithful correction proposal; user approval before canonical edits.,equipment_review.csv
equipment_name:49,PASS_SEMANTIC,NONE,乱れる宝石,요동치는 보석,0x80568,Turbulent jewel: the imagery is preserved.,Original COMM glyph sheet original_ui_05.png row68; pointer0x80568; original raw=DE 54 32 22 DD C9 94; actual current=요동치는 보석,No semantic change indicated; runtime/display validation remains separate.,equipment_review.csv
equipment_name:50,PASS_SEMANTIC,NONE,アーマーストーン,아머 스톤,0x8056C,Armor stone: transliteration preserved.,Original COMM glyph sheet original_ui_05.png row69; pointer0x8056C; original raw=42 31 64 31 47 5C 31 34; actual current=아머 스톤,No semantic change indicated; runtime/display validation remains separate.,equipment_review.csv
equipment_name:51,PASS_SEMANTIC,NONE,ロマンシン<N:ク:12>ストーン,로맨싱 스톤,0x80570,Romancing stone: transliteration preserved.,Original COMM glyph sheet original_ui_05.png row70; pointer0x80570; original raw=A2 64 34 60 34 80 47 5C 31 34; actual current=로맨싱 스톤,No semantic change indicated; runtime/display validation remains separate.,equipment_review.csv
equipment_name:52,PASS_SEMANTIC,NONE,ロマンシン<N:ク:12>ストーン,로맨싱 스톤,0x80574,Romancing stone: source genuinely repeats the same name.,Original COMM glyph sheet original_ui_05.png row71; pointer0x80574; original raw=A2 64 34 60 34 80 47 5C 31 34; actual current=로맨싱 스톤,No semantic change indicated; runtime/display validation remains separate.,equipment_review.csv
equipment_name:53,PASS_SEMANTIC,NONE,ロマンシン<N:ク:12>ストーン,로맨싱 스톤,0x80578,Romancing stone: source genuinely repeats the same name.,Original COMM glyph sheet original_ui_05.png row72; pointer0x80578; original raw=A2 64 34 60 34 80 47 5C 31 34; actual current=로맨싱 스톤,No semantic change indicated; runtime/display validation remains separate.,equipment_review.csv
equipment_name:54,PASS_SEMANTIC,NONE,ロマンシン<N:ク:12>ストーン,로맨싱 스톤,0x8057C,Romancing stone: source genuinely repeats the same name.,Original COMM glyph sheet original_ui_05.png row73; pointer0x8057C; original raw=A2 64 34 60 34 80 47 5C 31 34; actual current=로맨싱 스톤,No semantic change indicated; runtime/display validation remains separate.,equipment_review.csv
equipment_name:55,CONFIRMED_DEFECT,MEDIUM,太陽の<N:げ:26>うし,태양의 거울,0x80580,"Source Sun HAT (boushi) becomes Sun MIRROR, changing the object type.",Original COMM glyph sheet original_ui_05.png row74; pointer0x80580; original raw=DD A9 DF 07 1C D2 26 1E; actual current=태양의 거울,Review source-faithful correction proposal; user approval before canonical edits.,equipment_review.csv
equipment_name:56,PASS_SEMANTIC,NONE,おし花の本,압화 책,0x80584,Pressed-flower book: meaning preserved.,Original COMM glyph sheet original_ui_05.png row75; pointer0x80584; original raw=3B 1E DE 1B 1C 92; actual current=압화 책,No semantic change indicated; runtime/display validation remains separate.,equipment_review.csv
equipment_name:57,CONFIRMED_DEFECT,LOW,クラウ<N:ｲ:6>スの本,클라우스의 책,0x80588,"Source Kuravisu book becomes Klaus book, changing the proper name.",Original COMM glyph sheet original_ui_05.png row76; pointer0x80588; original raw=4E 57 DD 39 DD 03 47 1C 92; actual current=클라우스의 책,Review source-faithful correction proposal; user approval before canonical edits.,equipment_review.csv
equipment_name:58,PASS_SEMANTIC,NONE,音楽集,음악집,0x8058C,Music collection: meaning preserved.,Original COMM glyph sheet original_ui_05.png row77; pointer0x8058C; original raw=DE F9 DD DF DD 5A; actual current=음악집,No semantic change indicated; runtime/display validation remains separate.,equipment_review.csv
equipment_name:59,PASS_SEMANTIC,NONE,ラークの紋章,라크의 문장,0x80590,Lark crest: transliteration preserved.,Original COMM glyph sheet original_ui_05.png row78; pointer0x80590; original raw=57 31 4E 1C DE 56 DE 34; actual current=라크의 문장,No semantic change indicated; runtime/display validation remains separate.,equipment_review.csv
equipment_name:60,PASS_SEMANTIC,NONE,<N:ｴ:24>かりの紋章,유카리의 문장,0x80594,Yukari crest: source sound retained; whether Yukari is a personal name is not assumed.,Original COMM glyph sheet original_ui_05.png row79; pointer0x80594; original raw=DD 04 20 39 1C DE 56 DE 34; actual current=유카리의 문장,No semantic change indicated; runtime/display validation remains separate.,equipment_review.csv
equipment_name:61,CONFIRMED_DEFECT,LOW,フ<N:リ:12><N:｣:11>の紋章,포니의 문장,0x80598,"Source Furei crest becomes Pony crest, changing the proper name.",Original COMM glyph sheet original_ui_05.png row80; pointer0x80598; original raw=A6 6F 65 1C DE 56 DE 34; actual current=포니의 문장,Review source-faithful correction proposal; user approval before canonical edits.,equipment_review.csv
equipment_name:62,PASS_SEMANTIC,NONE,勇者の証,용자의 증표,0x8059C,Hero's proof: meaning preserved.,Original COMM glyph sheet original_ui_06.png row81; pointer0x8059C; original raw=DD 47 7E 1C DE 0C; actual current=용자의 증표,No semantic change indicated; runtime/display validation remains separate.,equipment_review.csv
equipment_name:63,PASS_SEMANTIC,NONE,？？？？？,?????,0x805A0,Five question marks in both source and current; not an empty/untranslated slot.,Original COMM glyph sheet original_ui_06.png row82; pointer0x805A0; original raw=3C 3C 3C 3C 3C; actual current=?????,No semantic change indicated; runtime/display validation remains separate.,equipment_review.csv
equipment_description:0,ACCEPTABLE_ABBREVIATION,NONE,炎系の攻撃に強くなります,불 계열 공격에 강함,0x80A94,Resistance to flame attacks retained.,Original COMM glyph sheet original_ui_06.png row83; pointer0x80A94; original raw=BF DE ED 1C D0 B1 23 DD 19 3E 1D 39 27 2B; actual current=불 계열 공격에 강함,No semantic change indicated; runtime/display validation remains separate.,equipment_review.csv
equipment_description:1,ACCEPTABLE_ABBREVIATION,NONE,水系の攻撃に強くなります,물 계열 공격에 강함,0x80A98,Resistance to water attacks retained.,Original COMM glyph sheet original_ui_06.png row84; pointer0x80A98; original raw=B8 DE ED 1C D0 B1 23 DD 19 3E 1D 39 27 2B; actual current=물 계열 공격에 강함,No semantic change indicated; runtime/display validation remains separate.,equipment_review.csv
equipment_description:2,ACCEPTABLE_ABBREVIATION,NONE,<N:ｌ:5>へモジーへを回避します,헤모지 방지,0x80A9C,Prevents Hemoji status retained.,Original COMM glyph sheet original_ui_06.png row85; pointer0x80A9C; original raw=5B DD 3B 5F 7F 31 5A 2F 9E DD 96 1E 27 2B; actual current=헤모지 방지,No semantic change indicated; runtime/display validation remains separate.,equipment_review.csv
equipment_description:3,ACCEPTABLE_ABBREVIATION,NONE,自分の<N:Π:10><N:Ｐ:10>の回復量が大きくなります,자신의 체력 회복량 증가,0x80AA0,Increases own HP recovery amount retained.,Original COMM glyph sheet original_ui_06.png row86; pointer0x80AA0; original raw=A4 B2 1C DD FA DD 90 1C 9E DD 2C DD 46 2A 50 44 3E 1D 39 27 2B; actual current=자신의 체력 회복량 증가,No semantic change indicated; runtime/display validation remains separate.,equipment_review.csv
equipment_description:4,ACCEPTABLE_ABBREVIATION,NONE,戦闘で入る経験値が2倍になります,획득 경험치 2배,0x80AA4,Doubles battle experience retained.,Original COMM glyph sheet original_ui_06.png row87; pointer0x80AA4; original raw=63 93 30 86 22 DD DE DE 75 DD D2 2A 13 DF 17 23 1D 39 27 2B; actual current=획득 경험치 2배,No semantic change indicated; runtime/display validation remains separate.,equipment_review.csv
equipment_description:5,ACCEPTABLE_ABBREVIATION,NONE,魔力が10<N:X:20>上昇します,마력 10% 상승,0x80AA8,Magic power +10% retained.,Original COMM glyph sheet original_ui_06.png row88; pointer0x80AA8; original raw=DD 1B 61 2A 12 11 06 B9 DD 59 1E 27 2B; actual current=마력 10% 상승,No semantic change indicated; runtime/display validation remains separate.,equipment_review.csv
equipment_description:6,ACCEPTABLE_ABBREVIATION,NONE,<N:ｌ:5><N:眠:5>りへを回避します,수면 방지,0x80AAC,Prevents sleep retained.,Original COMM glyph sheet original_ui_06.png row89; pointer0x80AAC; original raw=5B DD B9 39 5A 2F 9E DD 96 1E 27 2B; actual current=수면 방지,No semantic change indicated; runtime/display validation remains separate.,equipment_review.csv
equipment_description:7,ACCEPTABLE_ABBREVIATION,NONE,防御力が30<N:X:20>上昇します（チョン<N:力:5>ラ）,촌가라의 방어력|30% 상승,0x80AB0,Chongara defense +30% retained.,Original COMM glyph sheet original_ui_06.png row90; pointer0x80AB0; original raw=DD A6 DD AD 61 2A 14 11 06 B9 DD 59 1E 27 2B 09 6C 69 34 DD 02 57 0A; actual current=촌가라의 방어력|30% 상승,No semantic change indicated; runtime/display validation remains separate.,equipment_review.csv
equipment_description:8,ACCEPTABLE_ABBREVIATION,NONE,<N:ｌ:5>投げるへが<N:リ:12>ベル1になります,던지기 레벨 1,0x80AB4,Throw becomes level1 retained.,Original COMM glyph sheet original_ui_06.png row91; pointer0x80AB4; original raw=5B DE 04 9C 22 5A 2A 6F DD B4 53 12 23 1D 39 27 2B; actual current=던지기 레벨 1,No semantic change indicated; runtime/display validation remains separate.,equipment_review.csv
equipment_description:9,ACCEPTABLE_ABBREVIATION,NONE,攻撃力が<N:ｃ:12>0<N:X:20>上昇します,공격력 50% 상승,0x80AB8,Attack +50% retained.,Original COMM glyph sheet original_ui_06.png row92; pointer0x80AB8; original raw=D0 B1 61 2A 16 11 06 B9 DD 59 1E 27 2B; actual current=공격력 50% 상승,No semantic change indicated; runtime/display validation remains separate.,equipment_review.csv
equipment_description:10,ACCEPTABLE_ABBREVIATION,NONE,<N:ｌ:5>暗闇へを回避します,암흑 방지,0x80ABC,Prevents darkness retained.,Original COMM glyph sheet original_ui_06.png row93; pointer0x80ABC; original raw=5B DE B3 DE B2 5A 2F 9E DD 96 1E 27 2B; actual current=암흑 방지,No semantic change indicated; runtime/display validation remains separate.,equipment_review.csv
equipment_description:11,ACCEPTABLE_ABBREVIATION,NONE,攻撃が<N:非:1>常に当たりやすくなります,공격이 매우 잘 명중함,0x80AC0,Attacks become very accurate retained.,Original COMM glyph sheet original_ui_06.png row94; pointer0x80AC0; original raw=D0 B1 2A DE 5A DE 68 23 DD 42 1F 39 40 2B 3E 1D 39 27 2B; actual current=공격이 매우 잘 명중함,No semantic change indicated; runtime/display validation remains separate.,equipment_review.csv
equipment_description:12,ACCEPTABLE_ABBREVIATION,NONE,<N:ｌ:5>投げるへが<N:ｌ:5>ぶん投げるへになります,던지기가 강력 투척으로 변화,0x80AC4,Throw changes to strong hurl retained.,Original COMM glyph sheet original_ui_06.png row95; pointer0x80AC4; original raw=5B DE 04 9C 22 5A 2A 5B CA 2D DE 04 9C 22 5A 23 1D 39 27 2B; actual current=던지기가 강력 투척으로 변화,No semantic change indicated; runtime/display validation remains separate.,equipment_review.csv
equipment_description:13,ACCEPTABLE_ABBREVIATION,NONE,攻撃が特定の敵に強くなります,특정 적에게 추가 피해,0x80AC8,Attacks stronger against specific enemies retained as additional damage.,Original COMM glyph sheet original_ui_06.png row96; pointer0x80AC8; original raw=D0 B1 2A DE 96 DD 97 1C BD 23 DD 19 3E 1D 39 27 2B; actual current=특정 적에게 추가 피해,No semantic change indicated; runtime/display validation remains separate.,equipment_review.csv
equipment_description:14,ACCEPTABLE_ABBREVIATION,NONE,攻撃が必す当たるようになります,공격이 반드시 명중,0x80ACC,Attacks always hit retained.,Original COMM glyph sheet original_ui_07.png row97; pointer0x80ACC; original raw=D0 B1 2A DD CC 8C DD 42 1F 22 3D 26 23 1D 39 27 2B; actual current=공격이 반드시 명중,No semantic change indicated; runtime/display validation remains separate.,equipment_review.csv
equipment_description:15,ACCEPTABLE_ABBREVIATION,NONE,<N:リ:12>ベルアッ<N:フ:11>時に<N:Π:10><N:Ｐ:10>の伸びが大きくなります,레벨업 시 최대 체력 증가량 상승,0x80AD0,Increased maximum HP growth on level-up retained.,Original COMM glyph sheet original_ui_07.png row98; pointer0x80AD0; original raw=6F DD B4 53 42 82 DD 55 CF 23 DD FA DD 90 1C DF 31 99 2A 50 44 3E 1D 39 27 2B; actual current=레벨업 시 최대 체력 증가량 상승,No semantic change indicated; runtime/display validation remains separate.,equipment_review.csv
equipment_description:16,ACCEPTABLE_ABBREVIATION,NONE,魔力が30<N:X:20>上昇します （<N:ニ:13>ーゲン）,고겐 마력 30% 상승,0x80AD4,Gogen magic +30% retained; separate character-display swap does not invalidate this source owner.,Original COMM glyph sheet original_ui_07.png row99; pointer0x80AD4; original raw=DD 1B 61 2A 14 11 06 B9 DD 59 1E 27 2B 01 09 DD 3C 31 DD 4D 34 0A; actual current=고겐 마력 30% 상승,No semantic change indicated; runtime/display validation remains separate.,equipment_review.csv
equipment_description:17,ACCEPTABLE_ABBREVIATION,NONE,攻撃が当たりやすくなります,공격이 잘 명중함,0x80AD8,Improved hit chance retained.,Original COMM glyph sheet original_ui_07.png row100; pointer0x80AD8; original raw=D0 B1 2A DD 42 1F 39 40 2B 3E 1D 39 27 2B; actual current=공격이 잘 명중함,No semantic change indicated; runtime/display validation remains separate.,equipment_review.csv
equipment_description:18,ACCEPTABLE_ABBREVIATION,NONE,すばやさが10<N:X:20>上昇します,민첩 10% 상승,0x80ADC,Agility +10% retained.,Original COMM glyph sheet original_ui_07.png row101; pointer0x80ADC; original raw=2B 58 40 3A 2A 12 11 06 B9 DD 59 1E 27 2B; actual current=민첩 10% 상승,No semantic change indicated; runtime/display validation remains separate.,equipment_review.csv
equipment_description:19,ACCEPTABLE_ABBREVIATION,NONE,すばやさが30<N:X:20>上昇します,민첩 30% 상승,0x80AE0,Agility +30% retained.,Original COMM glyph sheet original_ui_07.png row102; pointer0x80AE0; original raw=2B 58 40 3A 2A 14 11 06 B9 DD 59 1E 27 2B; actual current=민첩 30% 상승,No semantic change indicated; runtime/display validation remains separate.,equipment_review.csv
equipment_description:20,ACCEPTABLE_ABBREVIATION,NONE,<N:ｌ:5>ジャン<N:フ:11>へが<N:リ:12>ベル1になります,점프 레벨 1,0x80AE4,Jump becomes level1 retained.,Original COMM glyph sheet original_ui_07.png row103; pointer0x80AE4; original raw=5B 7F D6 34 DD 55 5A 2A 6F DD B4 53 12 23 1D 39 27 2B; actual current=점프 레벨 1,No semantic change indicated; runtime/display validation remains separate.,equipment_review.csv
equipment_description:21,ACCEPTABLE_ABBREVIATION,NONE,反撃しやすくなります,반격률 상승,0x80AE8,Higher counterattack chance retained.,Original COMM glyph sheet original_ui_07.png row104; pointer0x80AE8; original raw=DE 02 B1 1E 40 2B 3E 1D 39 27 2B; actual current=반격률 상승,No semantic change indicated; runtime/display validation remains separate.,equipment_review.csv
equipment_description:22,ACCEPTABLE_ABBREVIATION,NONE,<N:ｌ:5>受け取るへが<N:リ:12>ベル1になります,받기 레벨 1,0x80AEC,Catch becomes level1 retained.,Original COMM glyph sheet original_ui_07.png row105; pointer0x80AEC; original raw=5B DD 68 49 DD 29 22 5A 2A 6F DD B4 53 12 23 1D 39 27 2B; actual current=받기 레벨 1,No semantic change indicated; runtime/display validation remains separate.,equipment_review.csv
equipment_description:23,ACCEPTABLE_ABBREVIATION,NONE,<N:ｌ:5>受け取るへが<N:ｌ:5>投げ返すへになります,받기가 되던지기로 변화,0x80AF0,Catch changes to throw-back retained.,Original COMM glyph sheet original_ui_07.png row106; pointer0x80AF0; original raw=5B DD 68 49 DD 29 22 5A 2A 5B DE 04 9C DE 57 2B 5A 23 1D 39 27 2B; actual current=받기가 되던지기로 변화,No semantic change indicated; runtime/display validation remains separate.,equipment_review.csv
equipment_description:24,ACCEPTABLE_ABBREVIATION,NONE,半分の<N:∪:20><N:Ｐ:10>で能力を使用できます,특수 능력의 MP 소비량|절반으로 감소,0x80AF4,Special ability MP consumption halved retained.,Original COMM glyph sheet original_ui_07.png row107; pointer0x80AF4; original raw=DF 16 B2 1C DE 4F DD 90 30 DD 80 61 2F DD 33 DD 3E 30 44 27 2B; actual current=특수 능력의 MP 소비량|절반으로 감소,No semantic change indicated; runtime/display validation remains separate.,equipment_review.csv
equipment_description:25,ACCEPTABLE_ABBREVIATION,NONE,攻撃力が30<N:X:20>上昇します,공격력 30% 상승,0x80AF8,Attack +30% retained.,Original COMM glyph sheet original_ui_07.png row108; pointer0x80AF8; original raw=D0 B1 61 2A 14 11 06 B9 DD 59 1E 27 2B; actual current=공격력 30% 상승,No semantic change indicated; runtime/display validation remains separate.,equipment_review.csv
equipment_description:26,ACCEPTABLE_ABBREVIATION,NONE,反撃ダメージが大きくなります（<N:｣:11>ー<N:力:5>）,이가 반격 피해 증가,0x80AFC,Iga counterattack damage increases retained.,Original COMM glyph sheet original_ui_07.png row109; pointer0x80AFC; original raw=DE 02 B1 67 78 31 7F 2A 50 44 3E 1D 39 27 2B 09 65 31 DD 02 0A; actual current=이가 반격 피해 증가,No semantic change indicated; runtime/display validation remains separate.,equipment_review.csv
equipment_description:27,ACCEPTABLE_ABBREVIATION,NONE,効果はわかつていません,효과 불명,0x80B00,Effect unknown in original too; not an omitted translation.,Original COMM glyph sheet original_ui_07.png row110; pointer0x80B00; original raw=DD C1 DD 1F 28 43 20 29 21 1B 27 59 2D; actual current=효과 불명,No semantic change indicated; runtime/display validation remains separate.,equipment_review.csv
equipment_description:28,ACCEPTABLE_ABBREVIATION,NONE,行動する度まわりの<N:午:15>ャラを回復します（ククル）,쿠쿠루가 행동할 때마다|주변 인물 회복,0x80B04,Kukuru heals surrounding characters each action retained.,Original COMM glyph sheet original_ui_07.png row111; pointer0x80B04; original raw=74 DC 2B 22 DD 20 27 43 39 1C DD 4E D6 57 2F 9E DD 2C 1E 27 2B 09 4E 4E 53 0A; actual current=쿠쿠루가 행동할 때마다|주변 인물 회복,No semantic change indicated; runtime/display validation remains separate.,equipment_review.csv
equipment_description:29,ACCEPTABLE_ABBREVIATION,NONE,敵がア<N:｣:11>テムを落としやすくなります,아이템 드롭률 상승,0x80B08,Enemies become more likely to drop items retained.,Original COMM glyph sheet original_ui_07.png row112; pointer0x80B08; original raw=BD 2A 42 65 DB D8 2F DD A4 36 1E 40 2B 3E 1D 39 27 2B; actual current=아이템 드롭률 상승,No semantic change indicated; runtime/display validation remains separate.,equipment_review.csv
equipment_description:30,CONFIRMED_DEFECT,MEDIUM,敵を倒すとほ<N:げ:26>ア<N:｣:11>テムが出ます,적 처치 시 희귀 아이템 획득,0x80B0C,"Source says enemies ALMOST ALWAYS drop an item when defeated; current says RARE ITEM acquisition, changing probability into rarity.",Original COMM glyph sheet original_ui_08.png row113; pointer0x80B0C; original raw=BD 2F DD 83 2B 36 DD 05 D2 42 65 DB D8 2A 56 27 2B; actual current=적 처치 시 희귀 아이템 획득,Review source-faithful correction proposal; user approval before canonical edits.,equipment_review.csv
equipment_description:31,ACCEPTABLE_ABBREVIATION,NONE,効果はわかつていません,효과 불명,0x80B10,Effect unknown in original too.,Original COMM glyph sheet original_ui_08.png row114; pointer0x80B10; original raw=DD C1 DD 1F 28 43 20 29 21 1B 27 59 2D; actual current=효과 불명,No semantic change indicated; runtime/display validation remains separate.,equipment_review.csv
equipment_description:32,ACCEPTABLE_ABBREVIATION,NONE,<N:ｌ:5>石化へを回避します,석화 방지,0x80B14,Prevents petrification retained.,Original COMM glyph sheet original_ui_08.png row115; pointer0x80B14; original raw=5B 94 DD 7C 5A 2F 9E DD 96 1E 27 2B; actual current=석화 방지,No semantic change indicated; runtime/display validation remains separate.,equipment_review.csv
equipment_description:33,ACCEPTABLE_ABBREVIATION,NONE,効果はわかつていません （アーク）,아크 전용 효과 불명,0x80B18,Effect unknown with Arc owner retained.,Original COMM glyph sheet original_ui_08.png row116; pointer0x80B18; original raw=DD C1 DD 1F 28 43 20 29 21 1B 27 59 2D 01 09 42 31 4E 0A; actual current=아크 전용 효과 불명,No semantic change indicated; runtime/display validation remains separate.,equipment_review.csv
equipment_description:34,ACCEPTABLE_ABBREVIATION,NONE,魔力が<N:ｃ:12>0<N:X:20>上昇します,마력 50% 상승,0x80B1C,Magic +50% retained.,Original COMM glyph sheet original_ui_08.png row117; pointer0x80B1C; original raw=DD 1B 61 2A 16 11 06 B9 DD 59 1E 27 2B; actual current=마력 50% 상승,No semantic change indicated; runtime/display validation remains separate.,equipment_review.csv
equipment_description:35,ACCEPTABLE_ABBREVIATION,NONE,魔力が30<N:X:20>上昇します,마력 30% 상승,0x80B20,Magic +30% retained.,Original COMM glyph sheet original_ui_08.png row118; pointer0x80B20; original raw=DD 1B 61 2A 14 11 06 B9 DD 59 1E 27 2B; actual current=마력 30% 상승,No semantic change indicated; runtime/display validation remains separate.,equipment_review.csv
equipment_description:36,ACCEPTABLE_ABBREVIATION,NONE,<N:ｌ:5>向き直りの笛への効果が<N:∪:20><N:∧:11><N:Ｐ:10>全体（ポニ）,방향전환 피리 효과가|전장 전체로 확대(포코),0x80B24,Poco turn-around flute expands to whole map retained.,Original COMM glyph sheet original_ui_08.png row119; pointer0x80B24; original raw=5B DD 01 44 DD 85 39 1C DE 2F 5A 1C DD C1 DD 1F 2A DE 4F DE 83 DD 90 DD 08 DD 2D 09 D7 D1 0A; actual current=방향전환 피리 효과가|전장 전체로 확대(포코),No semantic change indicated; runtime/display validation remains separate.,equipment_review.csv
equipment_description:37,ACCEPTABLE_ABBREVIATION,NONE,<N:ｌ:5><N:毒:1>へを回避します,독 방지,0x80B28,Prevents poison retained.,Original COMM glyph sheet original_ui_08.png row120; pointer0x80B28; original raw=5B DD CF 5A 2F 9E DD 96 1E 27 2B; actual current=독 방지,No semantic change indicated; runtime/display validation remains separate.,equipment_review.csv
equipment_description:38,ACCEPTABLE_ABBREVIATION,NONE,防御力が<N:ｃ:12>0<N:X:20>上昇します,방어력 50% 상승,0x80B2C,Defense +50% retained.,Original COMM glyph sheet original_ui_08.png row121; pointer0x80B2C; original raw=DD A6 DD AD 61 2A 16 11 06 B9 DD 59 1E 27 2B; actual current=방어력 50% 상승,No semantic change indicated; runtime/display validation remains separate.,equipment_review.csv
equipment_description:39,ACCEPTABLE_ABBREVIATION,NONE,防御力が30<N:X:20>上昇します,방어력 30% 상승,0x80B30,Defense +30% retained.,Original COMM glyph sheet original_ui_08.png row122; pointer0x80B30; original raw=DD A6 DD AD 61 2A 14 11 06 B9 DD 59 1E 27 2B; actual current=방어력 30% 상승,No semantic change indicated; runtime/display validation remains separate.,equipment_review.csv
equipment_description:40,ACCEPTABLE_ABBREVIATION,NONE,防御しやすくなります,방어율 상승,0x80B34,Improved guarding chance retained.,Original COMM glyph sheet original_ui_08.png row123; pointer0x80B34; original raw=DD A6 DD AD 1E 40 2B 3E 1D 39 27 2B; actual current=방어율 상승,No semantic change indicated; runtime/display validation remains separate.,equipment_review.csv
equipment_description:41,ACCEPTABLE_ABBREVIATION,NONE,攻撃力が<N:７:11>0<N:X:20>上昇します（<N:ニ:13>ーゲン）,고겐 공격력 70% 상승,0x80B38,Gogen attack +70% is exactly the source owner/effect. Do not swap with description42.,Original COMM glyph sheet original_ui_08.png row124; pointer0x80B38; original raw=D0 B1 61 2A 18 11 06 B9 DD 59 1E 27 2B 09 DD 3C 31 DD 4D 34 0A; actual current=고겐 공격력 70% 상승,No semantic change indicated; runtime/display validation remains separate.,equipment_review.csv
equipment_description:42,ACCEPTABLE_ABBREVIATION,NONE,<N:ｌ:5>心<N:眼:3>法への<N:乾:16>囲が広くなります（<N:｣:11>ー<N:力:5>）,이가 심안법 범위 확장,0x80B3C,Iga mind-eye technique range expansion is exactly the source owner/effect. Do not swap with description41.,Original COMM glyph sheet original_ui_08.png row125; pointer0x80B3C; original raw=5B DD 11 DE 7B DD 51 5A 1C DE 93 DF 5B 2A DF 43 3E 1D 39 27 2B 09 65 31 DD 02 0A; actual current=이가 심안법 범위 확장,No semantic change indicated; runtime/display validation remains separate.,equipment_review.csv
equipment_description:43,ACCEPTABLE_ABBREVIATION,NONE,召喚<N:午:15>ャラの経験値が自分に入ります（チョン<N:力:5>ラ）,소환수가 얻은 경험치를|촌가라가 받음,0x80B40,Chongara receives summoned character experience retained.,Original COMM glyph sheet original_ui_08.png row126; pointer0x80B40; original raw=DD 78 DD 7B DD 4E D6 57 1C DD DE DE 75 DD D2 2A A4 B2 23 86 39 27 2B 09 6C 69 34 DD 02 57 0A; actual current=소환수가 얻은 경험치를|촌가라가 받음,No semantic change indicated; runtime/display validation remains separate.,equipment_review.csv
equipment_description:44,ACCEPTABLE_ABBREVIATION,NONE,<N:ｌ:5>沈黙へを回避します,침묵 방지,0x80B44,Prevents silence retained.,Original COMM glyph sheet original_ui_08.png row127; pointer0x80B44; original raw=5B DF 1E DE 8B 5A 2F 9E DD 96 1E 27 2B; actual current=침묵 방지,No semantic change indicated; runtime/display validation remains separate.,equipment_review.csv
equipment_description:45,ACCEPTABLE_ABBREVIATION,NONE,攻撃を避けやすくなります,회피율 상승,0x80B48,Improved evasion retained.,Original COMM glyph sheet original_ui_08.png row128; pointer0x80B48; original raw=D0 B1 2F DD 96 49 40 2B 3E 1D 39 27 2B; actual current=회피율 상승,No semantic change indicated; runtime/display validation remains separate.,equipment_review.csv
equipment_description:46,ACCEPTABLE_ABBREVIATION,NONE,攻撃力が10<N:X:20>上昇します,공격력 10% 상승,0x80B4C,Attack +10% retained.,Original COMM glyph sheet original_ui_09.png row129; pointer0x80B4C; original raw=D0 B1 61 2A 12 11 06 B9 DD 59 1E 27 2B; actual current=공격력 10% 상승,No semantic change indicated; runtime/display validation remains separate.,equipment_review.csv
equipment_description:47,ACCEPTABLE_ABBREVIATION,NONE,<N:与:3>えるダメージの当たりはすれが大きくなります,주는 피해량의|차이가 커진다,0x80B50,Source explicitly says inflicted damage variation increases; current retains that statement.,Original COMM glyph sheet original_ui_09.png row130; pointer0x80B50; original raw=DD 3F 46 22 67 78 31 7F 1C DD 42 1F 39 28 8C 32 2A 50 44 3E 1D 39 27 2B; actual current=주는 피해량의|차이가 커진다,No semantic change indicated; runtime/display validation remains separate.,equipment_review.csv
equipment_description:48,CONFIRMED_DEFECT,HIGH,復活魔法で<N:Π:10><N:Ｐ:10>最大で復活します（ククル）,부활 마법을 받으면|체력 전부 회복(쿠쿠루),0x80B54,"Caster/recipient reversed: current says Kukuru RECEIVES resurrection with full HP; original code tests the CASTER'S equipment, giving her resurrected target full HP.","Original COMM glyph sheet original_ui_09.png row131; pointer0x80B54; original raw=DD 2C DE 49 DD 1B DD 51 30 DD FA DD 90 DD 2B 50 30 DD 2C DE 49 1E 27 2B 09 4E 4E 53 0A; actual current=부활 마법을 받으면|체력 전부 회복(쿠쿠루); equipment_mechanics_followup.json: 8012E394 s0=a0 actor; 8012E3B8 equipped(actor,0x31); 8012E438 target_id=actor+AA; 8012E43C call 80128D78 with a3=equipment result; 80128D8C saves equipment flag; 80128DA4 skips half-HP removal when flag nonzero; 80128DAC..28DC8 reads newly created recipient maximum HP at +14 and removes half only without equipment; 8012E474..2E484 subsequently charges MP to same actor, separating actor from new recipient",Review source-faithful correction proposal; user approval before canonical edits.,equipment_review.csv
equipment_description:49,CONFIRMED_DEFECT,MEDIUM,当たりはすれが大きくなります,피해 편차 증가,0x80B58,"Damage variation is real but incomplete: equipment doubles variability also used in healing, including the recipient's contribution. Source general variation wording was narrowed to damage.","Original COMM glyph sheet original_ui_09.png row132; pointer0x80B58; original raw=DD 42 1F 39 28 8C 32 2A 50 44 3E 1D 39 27 2B; actual current=피해 편차 증가; equipment_mechanics_followup.json: equipment49 raw 00 01 1A 00 64 00: percentage increase 100 to stat 0x1A; 80174D50..74DF4 reads original stat and computes original + original*100/100; getter table 8011B844 -> 80175368 reads stat +30; 801744E0..74544 applies base + trunc(base*(rand(2*spread)-spread)/100); 80173038 physical, 801731D8 magic, 80173330 item use spread; 8017354C,80173554 sum caster/recipient spread; 80173580 applies same variation to healing",Review source-faithful correction proposal; user approval before canonical edits.,equipment_review.csv
equipment_description:50,ACCEPTABLE_ABBREVIATION,NONE,防御力が10<N:X:20>上昇します,방어력 10% 상승,0x80B5C,Defense +10% retained.,Original COMM glyph sheet original_ui_09.png row133; pointer0x80B5C; original raw=DD A6 DD AD 61 2A 12 11 06 B9 DD 59 1E 27 2B; actual current=방어력 10% 상승,No semantic change indicated; runtime/display validation remains separate.,equipment_review.csv
equipment_description:51,ACCEPTABLE_ABBREVIATION,NONE,効果はわかつていません,효과 불명,0x80B60,Effect unknown in original too.,Original COMM glyph sheet original_ui_09.png row134; pointer0x80B60; original raw=DD C1 DD 1F 28 43 20 29 21 1B 27 59 2D; actual current=효과 불명,No semantic change indicated; runtime/display validation remains separate.,equipment_review.csv
equipment_description:52,ACCEPTABLE_ABBREVIATION,NONE,効果はわかつていません,효과 불명,0x80B64,Effect unknown in original too; repeated source entry.,Original COMM glyph sheet original_ui_09.png row135; pointer0x80B64; original raw=DD C1 DD 1F 28 43 20 29 21 1B 27 59 2D; actual current=효과 불명,No semantic change indicated; runtime/display validation remains separate.,equipment_review.csv
equipment_description:53,ACCEPTABLE_ABBREVIATION,NONE,効果はわかつていません,효과 불명,0x80B68,Effect unknown in original too; repeated source entry.,Original COMM glyph sheet original_ui_09.png row136; pointer0x80B68; original raw=DD C1 DD 1F 28 43 20 29 21 1B 27 59 2D; actual current=효과 불명,No semantic change indicated; runtime/display validation remains separate.,equipment_review.csv
equipment_description:54,ACCEPTABLE_ABBREVIATION,NONE,効果はわかつていません,효과 불명,0x80B6C,Effect unknown in original too; repeated source entry.,Original COMM glyph sheet original_ui_09.png row137; pointer0x80B6C; original raw=DD C1 DD 1F 28 43 20 29 21 1B 27 59 2D; actual current=효과 불명,No semantic change indicated; runtime/display validation remains separate.,equipment_review.csv
equipment_description:55,ACCEPTABLE_ABBREVIATION,NONE,行動するたびに<N:Π:10><N:Ｐ:10>が回復します,행동할 때마다 체력 회복,0x80B70,HP recovery every action retained.,Original COMM glyph sheet original_ui_09.png row138; pointer0x80B70; original raw=74 DC 2B 22 1F 99 23 DD FA DD 90 2A 9E DD 2C 1E 27 2B; actual current=행동할 때마다 체력 회복,No semantic change indicated; runtime/display validation remains separate.,equipment_review.csv
equipment_description:56,ACCEPTABLE_ABBREVIATION,NONE,攻撃が<N:非:1>常に当たりやすくなります（トッシュ）,토슈의 공격이|매우 잘 명중함,0x80B74,Tosh very high hit chance retained.,Original COMM glyph sheet original_ui_09.png row139; pointer0x80B74; original raw=D0 B1 2A DE 5A DE 68 23 DD 42 1F 39 40 2B 3E 1D 39 27 2B 09 5C 82 60 AB 0A; actual current=토슈의 공격이|매우 잘 명중함,No semantic change indicated; runtime/display validation remains separate.,equipment_review.csv
equipment_description:57,ACCEPTABLE_ABBREVIATION,NONE,全ステータスしょう害を回避します,모든 상태 이상 방지,0x80B78,Prevents all status ailments retained.,Original COMM glyph sheet original_ui_09.png row140; pointer0x80B78; original raw=DD 08 47 DB 31 62 47 1E 73 26 DE 7E 2F 9E DD 96 1E 27 2B; actual current=모든 상태 이상 방지,No semantic change indicated; runtime/display validation remains separate.,equipment_review.csv
equipment_description:58,ACCEPTABLE_ABBREVIATION,NONE,魔力が30<N:X:20>上昇します （ポニ）,포코 마력 30% 상승,0x80B7C,Poco magic +30% retained.,Original COMM glyph sheet original_ui_09.png row141; pointer0x80B7C; original raw=DD 1B 61 2A 14 11 06 B9 DD 59 1E 27 2B 01 09 D7 D1 0A; actual current=포코 마력 30% 상승,No semantic change indicated; runtime/display validation remains separate.,equipment_review.csv
equipment_description:59,ACCEPTABLE_ABBREVIATION,NONE,<N:ｌ:5>マ<N:ヒ:5>へを回避します,마비 방지,0x80B80,Prevents paralysis retained.,Original COMM glyph sheet original_ui_09.png row142; pointer0x80B80; original raw=5B 64 DD B5 5A 2F 9E DD 96 1E 27 2B; actual current=마비 방지,No semantic change indicated; runtime/display validation remains separate.,equipment_review.csv
equipment_description:60,ACCEPTABLE_ABBREVIATION,NONE,桜花雷爆斬でマ<N:ヒ:5>させることができます（トッシュ）,토슈의 앵화뇌폭참에|마비 효과 추가,0x80B84,Tosh cherry-blossom thunder strike gains paralysis retained.,Original COMM glyph sheet original_ui_09.png row143; pointer0x80B84; original raw=DE 3C DE 1B DD A5 DD 41 DD 5C 30 64 DD B5 3A 59 22 2E 36 2A 30 44 27 2B 09 5C 82 60 AB 0A; actual current=토슈의 앵화뇌폭참에|마비 효과 추가,No semantic change indicated; runtime/display validation remains separate.,equipment_review.csv
equipment_description:61,ACCEPTABLE_ABBREVIATION,NONE,攻撃が特定の敵に強くなります,특정 적에게 추가 피해,0x80B88,Attacks stronger against specific enemies retained as additional damage.,Original COMM glyph sheet original_ui_09.png row144; pointer0x80B88; original raw=D0 B1 2A DE 96 DD 97 1C BD 23 DD 19 3E 1D 39 27 2B; actual current=특정 적에게 추가 피해,No semantic change indicated; runtime/display validation remains separate.,equipment_review.csv
equipment_description:62,ACCEPTABLE_ABBREVIATION,NONE,行動するごとに<N:∪:20><N:Ｐ:10>が回復します（アーク）,아크가 행동할 때마다|MP 회복,0x80B8C,Arc recovers MP every action retained.,Original COMM glyph sheet original_ui_10.png row145; pointer0x80B8C; original raw=74 DC 2B 22 79 36 23 DE 4F DD 90 2A 9E DD 2C 1E 27 2B 09 42 31 4E 0A; actual current=아크가 행동할 때마다|MP 회복,No semantic change indicated; runtime/display validation remains separate.,equipment_review.csv
equipment_description:63,PASS_SEMANTIC,NONE,？？？？？,?????,0x80B90,Five question marks in both source and current; not an empty/untranslated slot.,Original COMM glyph sheet original_ui_10.png row146; pointer0x80B90; original raw=3C 3C 3C 3C 3C; actual current=?????,No semantic change indicated; runtime/display validation remains separate.,equipment_review.csv
consumable_name:0,PASS_SEMANTIC,NONE,ねばねば,끈끈이,0x80C9C,Sticky substance: meaning retained.,Original COMM glyph sheet original_ui_10.png row147; pointer0x80C9C; original raw=4C 58 4C 58; actual current=끈끈이,No semantic change indicated; runtime/display validation remains separate.,equipment_review.csv
consumable_name:1,PASS_SEMANTIC,NONE,やる気<N:г:23>リー,의욕 젤리,0x80CA0,Motivation jelly: meaning retained.,Original COMM glyph sheet original_ui_10.png row148; pointer0x80CA0; original raw=40 22 A9 DD F8 6B 31; actual current=의욕 젤리,No semantic change indicated; runtime/display validation remains separate.,equipment_review.csv
consumable_name:2,PASS_SEMANTIC,NONE,みなぎる果実,넘치는 열매,0x80CA4,Overflowing fruit: meaning retained.,Original COMM glyph sheet original_ui_10.png row149; pointer0x80CA4; original raw=6D 1D DD 7D 22 DD 1F DE 37; actual current=넘치는 열매,No semantic change indicated; runtime/display validation remains separate.,equipment_review.csv
consumable_name:3,PASS_SEMANTIC,NONE,回復果物,회복 열매,0x80CA8,Recovery fruit: meaning retained.,Original COMM glyph sheet original_ui_10.png row150; pointer0x80CA8; original raw=9E DD 2C DD 1F DD 49; actual current=회복 열매,No semantic change indicated; runtime/display validation remains separate.,equipment_review.csv
consumable_name:4,ACCEPTABLE_ABBREVIATION,NONE,しびれるりんご,마비 사과,0x80CAC,Numbing apple: paralysis apple preserves its function.,Original COMM glyph sheet original_ui_10.png row151; pointer0x80CAC; original raw=1E 99 32 22 39 2D 79; actual current=마비 사과,No semantic change indicated; runtime/display validation remains separate.,equipment_review.csv
consumable_name:5,PASS_SEMANTIC,NONE,石,돌,0x80CB0,Stone: meaning retained.,Original COMM glyph sheet original_ui_10.png row152; pointer0x80CB0; original raw=94; actual current=돌,No semantic change indicated; runtime/display validation remains separate.,equipment_review.csv
consumable_name:6,PASS_SEMANTIC,NONE,<N:リ:12>ニの草,레코의 풀,0x80CB4,Reko grass: name retained.,Original COMM glyph sheet original_ui_10.png row153; pointer0x80CB4; original raw=6F D1 1C DD 65; actual current=레코의 풀,No semantic change indicated; runtime/display validation remains separate.,equipment_review.csv
consumable_name:7,PASS_SEMANTIC,NONE,薬草,약초,0x80CB8,Medicinal herb: meaning retained.,Original COMM glyph sheet original_ui_10.png row154; pointer0x80CB8; original raw=DD 58 DD 65; actual current=약초,No semantic change indicated; runtime/display validation remains separate.,equipment_review.csv
consumable_name:8,CONFIRMED_DEFECT,LOW,<N:毒:1>薬,독초,0x80CBC,"Source is poisonous medicine (dokuyaku), current says poisonous HERB; source distinguishes it from medicinal herb.",Original COMM glyph sheet original_ui_10.png row155; pointer0x80CBC; original raw=DD CF DD 58; actual current=독초,Review source-faithful correction proposal; user approval before canonical edits.,equipment_review.csv
consumable_name:9,PASS_SEMANTIC,NONE,ルウの薬,루우의 약,0x80CC0,Ruu medicine: name retained.,Original COMM glyph sheet original_ui_10.png row156; pointer0x80CC0; original raw=53 71 1C DD 58; actual current=루우의 약,No semantic change indicated; runtime/display validation remains separate.,equipment_review.csv
consumable_name:10,PASS_SEMANTIC,NONE,すばやさの薬,민첩의 약,0x80CC4,Agility medicine: meaning retained.,Original COMM glyph sheet original_ui_10.png row157; pointer0x80CC4; original raw=2B 58 40 3A 1C DD 58; actual current=민첩의 약,No semantic change indicated; runtime/display validation remains separate.,equipment_review.csv
consumable_name:11,PASS_SEMANTIC,NONE,小さい爆弾,작은 폭탄,0x80CC8,Small bomb: size retained.,Original COMM glyph sheet original_ui_10.png row158; pointer0x80CC8; original raw=DD 88 3A 1B DD 41 DE 06; actual current=작은 폭탄,No semantic change indicated; runtime/display validation remains separate.,equipment_review.csv
consumable_name:12,PASS_SEMANTIC,NONE,大きい爆弾,큰 폭탄,0x80CCC,Large bomb: size retained.,Original COMM glyph sheet original_ui_10.png row159; pointer0x80CCC; original raw=50 44 1B DD 41 DE 06; actual current=큰 폭탄,No semantic change indicated; runtime/display validation remains separate.,equipment_review.csv
consumable_name:13,PASS_SEMANTIC,NONE,万能薬,만능약,0x80CD0,Universal medicine: meaning retained.,Original COMM glyph sheet original_ui_10.png row160; pointer0x80CD0; original raw=DF 0B DD 80 DD 58; actual current=만능약,No semantic change indicated; runtime/display validation remains separate.,equipment_review.csv
consumable_name:14,PASS_SEMANTIC,NONE,聖水,성수,0x80CD4,Holy water: meaning retained.,Original COMM glyph sheet original_ui_11.png row161; pointer0x80CD4; original raw=CD B8; actual current=성수,No semantic change indicated; runtime/display validation remains separate.,equipment_review.csv
consumable_name:15,PASS_SEMANTIC,NONE,復活の薬,부활약,0x80CD8,Resurrection medicine: meaning retained.,Original COMM glyph sheet original_ui_11.png row162; pointer0x80CD8; original raw=DD 2C DE 49 1C DD 58; actual current=부활약,No semantic change indicated; runtime/display validation remains separate.,equipment_review.csv
consumable_name:16,CONFIRMED_DEFECT,LOW,攻撃瓶,공격 항아리,0x80CDC,"Source attack BOTTLE (bin) becomes attack JAR, conflating the vessel with summoning tsubo.",Original COMM glyph sheet original_ui_11.png row163; pointer0x80CDC; original raw=D0 B1 DE C0; actual current=공격 항아리,Review source-faithful correction proposal; user approval before canonical edits.,equipment_review.csv
consumable_name:17,PASS_SEMANTIC,NONE,<N:眠:5>り玉,수면 구슬,0x80CE0,Sleep orb: meaning retained.,Original COMM glyph sheet original_ui_11.png row164; pointer0x80CE0; original raw=DD B9 39 DE EF; actual current=수면 구슬,No semantic change indicated; runtime/display validation remains separate.,equipment_review.csv
consumable_name:18,PASS_SEMANTIC,NONE,弱りの玉,약화 구슬,0x80CE4,Weakening orb: meaning retained.,Original COMM glyph sheet original_ui_11.png row165; pointer0x80CE4; original raw=DD ED 39 1C DE EF; actual current=약화 구슬,No semantic change indicated; runtime/display validation remains separate.,equipment_review.csv
consumable_name:19,PASS_SEMANTIC,NONE,ちからの実,힘의 열매,0x80CE8,Power fruit: meaning retained.,Original COMM glyph sheet original_ui_11.png row166; pointer0x80CE8; original raw=4B 20 33 1C DE 37; actual current=힘의 열매,No semantic change indicated; runtime/display validation remains separate.,equipment_review.csv
consumable_name:20,PASS_SEMANTIC,NONE,パロの実,파로의 열매,0x80CEC,Paro fruit: name retained.,Original COMM glyph sheet original_ui_11.png row167; pointer0x80CEC; original raw=A3 A2 1C DE 37; actual current=파로의 열매,No semantic change indicated; runtime/display validation remains separate.,equipment_review.csv
consumable_name:21,PASS_SEMANTIC,NONE,いのちの木の実,생명의 열매,0x80CF0,Life-tree fruit: life fruit is faithful.,Original COMM glyph sheet original_ui_11.png row168; pointer0x80CF0; original raw=1B 1C 4B 1C DF 0A 1C DE 37; actual current=생명의 열매,No semantic change indicated; runtime/display validation remains separate.,equipment_review.csv
consumable_name:22,PASS_SEMANTIC,NONE,魔力の葉,마력의 잎,0x80CF4,Magic leaf: meaning retained.,Original COMM glyph sheet original_ui_11.png row169; pointer0x80CF4; original raw=DD 1B 61 1C DD 61; actual current=마력의 잎,No semantic change indicated; runtime/display validation remains separate.,equipment_review.csv
consumable_name:23,PASS_SEMANTIC,NONE,魔力の泉,마력의 샘,0x80CF8,Magic spring: meaning retained.,Original COMM glyph sheet original_ui_11.png row170; pointer0x80CF8; original raw=DD 1B 61 1C DF 2B; actual current=마력의 샘,No semantic change indicated; runtime/display validation remains separate.,equipment_review.csv
consumable_name:24,ACCEPTABLE_ABBREVIATION,NONE,目つぶしの草,눈가림 풀,0x80CFC,Blinding grass: eye-obscuring grass preserves function.,Original COMM glyph sheet original_ui_11.png row171; pointer0x80CFC; original raw=AC 45 CA 1E 1C DD 65; actual current=눈가림 풀,No semantic change indicated; runtime/display validation remains separate.,equipment_review.csv
consumable_name:25,PASS_SEMANTIC,NONE,苦い葉,쓴 잎,0x80D00,Bitter leaf: meaning retained.,Original COMM glyph sheet original_ui_11.png row172; pointer0x80D00; original raw=DD F3 1B DD 61; actual current=쓴 잎,No semantic change indicated; runtime/display validation remains separate.,equipment_review.csv
consumable_name:26,ACCEPTABLE_ABBREVIATION,NONE,石解け<N:ハ:12>リ,석화 해제침,0x80D04,Stone-dissolving needle: petrification-removal needle preserves function.,Original COMM glyph sheet original_ui_11.png row173; pointer0x80D04; original raw=94 DD 34 49 DD A2 6B; actual current=석화 해제침,No semantic change indicated; runtime/display validation remains separate.,equipment_review.csv
consumable_name:27,ACCEPTABLE_ABBREVIATION,NONE,痛烈な<N:ハ:12>リ,침묵 해제침,0x80D08,Piercing needle: silence-removal needle deliberately uses its matching description effect as the name.,Original COMM glyph sheet original_ui_11.png row174; pointer0x80D08; original raw=DE 30 DE 85 1D DD A2 6B; actual current=침묵 해제침,No semantic change indicated; runtime/display validation remains separate.,equipment_review.csv
consumable_name:28,PASS_SEMANTIC,NONE,召喚のつ<N:げ:26>,소환 항아리,0x80D0C,Summoning jar: meaning retained.,Original COMM glyph sheet original_ui_11.png row175; pointer0x80D0C; original raw=DD 78 DD 7B 1C 45 D2; actual current=소환 항아리,No semantic change indicated; runtime/display validation remains separate.,equipment_review.csv
consumable_name:29,PASS_SEMANTIC,NONE,？？？？？,?????,0x80D10,Five question marks retained from source.,Original COMM glyph sheet original_ui_11.png row176; pointer0x80D10; original raw=3C 3C 3C 3C 3C; actual current=?????,No semantic change indicated; runtime/display validation remains separate.,equipment_review.csv
consumable_name:30,PASS_SEMANTIC,NONE,？？？？？,?????,0x80D14,Five question marks retained from source.,Original COMM glyph sheet original_ui_12.png row177; pointer0x80D14; original raw=3C 3C 3C 3C 3C; actual current=?????,No semantic change indicated; runtime/display validation remains separate.,equipment_review.csv
consumable_name:31,PASS_SEMANTIC,NONE,？？？？？,?????,0x80D18,Five question marks retained from source.,Original COMM glyph sheet original_ui_12.png row178; pointer0x80D18; original raw=3C 3C 3C 3C 3C; actual current=?????,No semantic change indicated; runtime/display validation remains separate.,equipment_review.csv
consumable_description:0,ACCEPTABLE_ABBREVIATION,NONE,一時的にすばやさを下げます,민첩 일시 감소,0x80F14,Temporary agility reduction retained.,Original COMM glyph sheet original_ui_12.png row179; pointer0x80F14; original raw=8E CF DD 53 23 2B 58 40 3A 2F 70 9C 27 2B; actual current=민첩 일시 감소,No semantic change indicated; runtime/display validation remains separate.,equipment_review.csv
consumable_description:1,ACCEPTABLE_ABBREVIATION,NONE,<N:ｌ:5>へモジーへを元に戻します,헤모지 회복,0x80F18,Reverts Hemoji status retained.,Original COMM glyph sheet original_ui_12.png row180; pointer0x80F18; original raw=5B DD 3B 5F 7F 31 5A 2F DE 74 23 D9 1E 27 2B; actual current=헤모지 회복,No semantic change indicated; runtime/display validation remains separate.,equipment_review.csv
consumable_description:2,ACCEPTABLE_ABBREVIATION,NONE,<N:リ:12>ベルアッ<N:フ:11>します,레벨 1 상승,0x80F1C,"Level1 increase confirmed by original code: sets next-level EXP threshold, then one level-up subtracts it to zero; level60 cap unchanged.",Original COMM glyph sheet original_ui_12.png row181; pointer0x80F1C; original raw=6F DD B4 53 42 82 DD 55 1E 27 2B; actual current=레벨 1 상승; equipment_mechanics_followup.json: consumable table row2 801A1CF0 = 05 00 00 00; 80164ED8 dispatch type5 -> 80164F4C -> 80164F64; item index2 -> 80164FAC; 80164FBC guards level<60; 80164FC8/64FD8 threshold function to both stats+8; 80173DA8 threshold = current level * character coefficient; 80173BCC checks exp >= threshold; 80173E54/73E70 subtract threshold; 80173E88/73EA0 increment level once; Decoded arithmetic verified for 8 party IDs x levels1..59 =472 cases; no CPU harness claimed,No semantic change indicated; runtime/display validation remains separate.,equipment_review.csv
consumable_description:3,ACCEPTABLE_ABBREVIATION,NONE,<N:Π:10><N:Ｐ:10>が<N:ｃ:9>0ポ<N:｣:11>ント回復します,체력 60 회복,0x80F20,"HP recovery60 retained, verified numeral in original pixels.",Original COMM glyph sheet original_ui_12.png row182; pointer0x80F20; original raw=DD FA DD 90 2A 17 11 D7 65 34 5C 9E DD 2C 1E 27 2B; actual current=체력 60 회복,No semantic change indicated; runtime/display validation remains separate.,equipment_review.csv
consumable_description:4,ACCEPTABLE_ABBREVIATION,NONE,しびれて動けなくなります,마비로 움직일 수 없음,0x80F24,Paralysis prevents movement retained.,Original COMM glyph sheet original_ui_12.png row183; pointer0x80F24; original raw=1E 99 32 21 DC 49 1D 3E 1D 39 27 2B; actual current=마비로 움직일 수 없음,No semantic change indicated; runtime/display validation remains separate.,equipment_review.csv
consumable_description:5,ACCEPTABLE_ABBREVIATION,NONE,ぶつけてダメージを<N:与:3>えます,던져서 피해,0x80F28,Thrown impact causes damage retained.,Original COMM glyph sheet original_ui_12.png row184; pointer0x80F28; original raw=CA 45 49 21 67 78 31 7F 2F DD 3F 46 27 2B; actual current=던져서 피해,No semantic change indicated; runtime/display validation remains separate.,equipment_review.csv
consumable_description:6,ACCEPTABLE_ABBREVIATION,NONE,防御力が上がります,방어력 상승,0x80F2C,Defense increase retained; source does not say temporary.,Original COMM glyph sheet original_ui_12.png row185; pointer0x80F2C; original raw=DD A6 DD AD 61 2A B9 2A 39 27 2B; actual current=방어력 상승,No semantic change indicated; runtime/display validation remains separate.,equipment_review.csv
consumable_description:7,ACCEPTABLE_ABBREVIATION,NONE,<N:Π:10><N:Ｐ:10>が20ポ<N:｣:11>ント回復します,체력 20 회복,0x80F30,HP recovery20 retained.,Original COMM glyph sheet original_ui_12.png row186; pointer0x80F30; original raw=DD FA DD 90 2A 13 11 D7 65 34 5C 9E DD 2C 1E 27 2B; actual current=체력 20 회복,No semantic change indicated; runtime/display validation remains separate.,equipment_review.csv
consumable_description:8,ACCEPTABLE_ABBREVIATION,NONE,<N:毒:1>を<N:振:2>りまきます,독을 퍼지게 함,0x80F34,Spreads poison retained.,Original COMM glyph sheet original_ui_12.png row187; pointer0x80F34; original raw=DD CF 2F DE D9 39 27 44 27 2B; actual current=독을 퍼지게 함,No semantic change indicated; runtime/display validation remains separate.,equipment_review.csv
consumable_description:9,ACCEPTABLE_ABBREVIATION,NONE,しびれを取りのぞきます,마비 회복,0x80F38,Removes paralysis retained.,Original COMM glyph sheet original_ui_12.png row188; pointer0x80F38; original raw=1E 99 32 2F DD 29 39 1C 6A 44 27 2B; actual current=마비 회복,No semantic change indicated; runtime/display validation remains separate.,equipment_review.csv
consumable_description:10,ACCEPTABLE_ABBREVIATION,NONE,一時的にすばやさを上げます,민첩 일시 상승,0x80F3C,Temporary agility increase retained.,Original COMM glyph sheet original_ui_12.png row189; pointer0x80F3C; original raw=8E CF DD 53 23 2B 58 40 3A 2F B9 9C 27 2B; actual current=민첩 일시 상승,No semantic change indicated; runtime/display validation remains separate.,equipment_review.csv
consumable_description:11,ACCEPTABLE_ABBREVIATION,NONE,爆発します,폭발 피해,0x80F40,Explosion retained as explosion damage.,Original COMM glyph sheet original_ui_12.png row190; pointer0x80F40; original raw=DD 41 76 1E 27 2B; actual current=폭발 피해,No semantic change indicated; runtime/display validation remains separate.,equipment_review.csv
consumable_description:12,ACCEPTABLE_ABBREVIATION,NONE,爆発します,큰 폭발 피해,0x80F44,Explosion expanded to large explosion using this same item's large-bomb name; no numerical claim added.,Original COMM glyph sheet original_ui_12.png row191; pointer0x80F44; original raw=DD 41 76 1E 27 2B; actual current=큰 폭발 피해,No semantic change indicated; runtime/display validation remains separate.,equipment_review.csv
consumable_description:13,ACCEPTABLE_ABBREVIATION,NONE,ほとんどのステータス傷害を回復します,대부분의 상태 이상 회복,0x80F48,"Recovers MOST status ailments retained, not incorrectly changed to all.",Original COMM glyph sheet original_ui_12.png row192; pointer0x80F48; original raw=DD 05 36 2D 54 1C 47 DB 31 62 47 DE 6A DE 7E 2F 9E DD 2C 1E 27 2B; actual current=대부분의 상태 이상 회복,No semantic change indicated; runtime/display validation remains separate.,equipment_review.csv
consumable_description:14,ACCEPTABLE_ABBREVIATION,NONE,<N:毒:1>を取りのぞきます,독 회복,0x80F4C,Removes poison retained.,Original COMM glyph sheet original_ui_13.png row193; pointer0x80F4C; original raw=DD CF 2F DD 29 39 1C 6A 44 27 2B; actual current=독 회복,No semantic change indicated; runtime/display validation remains separate.,equipment_review.csv
consumable_description:15,ACCEPTABLE_ABBREVIATION,NONE,戦闘不能<N:午:15>ャラクタを復活させます,쓰러진 대상 부활,0x80F50,Revives incapacitated character retained.,Original COMM glyph sheet original_ui_13.png row194; pointer0x80F50; original raw=63 93 DD 71 DD 80 DD 4E D6 57 4E 62 2F DD 2C DE 49 3A 59 27 2B; actual current=쓰러진 대상 부활,No semantic change indicated; runtime/display validation remains separate.,equipment_review.csv
consumable_description:16,ACCEPTABLE_ABBREVIATION,NONE,一時的に攻撃力を上げます,공격력 일시 상승,0x80F54,Temporary attack increase retained.,Original COMM glyph sheet original_ui_13.png row195; pointer0x80F54; original raw=8E CF DD 53 23 D0 B1 61 2F B9 9C 27 2B; actual current=공격력 일시 상승,No semantic change indicated; runtime/display validation remains separate.,equipment_review.csv
consumable_description:17,ACCEPTABLE_ABBREVIATION,NONE,<N:眠:5>らせます,수면 부여,0x80F58,Induces sleep retained.,Original COMM glyph sheet original_ui_13.png row196; pointer0x80F58; original raw=DD B9 33 59 27 2B; actual current=수면 부여,No semantic change indicated; runtime/display validation remains separate.,equipment_review.csv
consumable_description:18,ACCEPTABLE_ABBREVIATION,NONE,一時的に攻撃力・防御力を下げます,공격력과 방어력이|일시적으로 감소,0x80F5C,Temporary attack AND defense reduction retained.,Original COMM glyph sheet original_ui_13.png row197; pointer0x80F5C; original raw=8E CF DD 53 23 D0 B1 61 2C DD A6 DD AD 61 2F 70 9C 27 2B; actual current=공격력과 방어력이|일시적으로 감소,No semantic change indicated; runtime/display validation remains separate.,equipment_review.csv
consumable_description:19,ACCEPTABLE_ABBREVIATION,NONE,攻撃力が上がります,공격력 상승,0x80F60,Attack increase retained; source does not say temporary.,Original COMM glyph sheet original_ui_13.png row198; pointer0x80F60; original raw=D0 B1 61 2A B9 2A 39 27 2B; actual current=공격력 상승,No semantic change indicated; runtime/display validation remains separate.,equipment_review.csv
consumable_description:20,ACCEPTABLE_ABBREVIATION,NONE,すばやさが上がります,민첩 상승,0x80F64,Agility increase retained; source does not say temporary.,Original COMM glyph sheet original_ui_13.png row199; pointer0x80F64; original raw=2B 58 40 3A 2A B9 2A 39 27 2B; actual current=민첩 상승,No semantic change indicated; runtime/display validation remains separate.,equipment_review.csv
consumable_description:21,ACCEPTABLE_ABBREVIATION,NONE,<N:Π:10><N:Ｐ:10>の最大値が2ポ<N:｣:11>ント上がります,최대 체력 2 상승,0x80F68,Maximum HP +2 retained.,Original COMM glyph sheet original_ui_13.png row200; pointer0x80F68; original raw=DD FA DD 90 1C DD 2B 50 DD D2 2A 13 D7 65 34 5C B9 2A 39 27 2B; actual current=최대 체력 2 상승,No semantic change indicated; runtime/display validation remains separate.,equipment_review.csv
consumable_description:22,ACCEPTABLE_ABBREVIATION,NONE,魔力が上がります,마력 상승,0x80F6C,Magic increase retained.,Original COMM glyph sheet original_ui_13.png row201; pointer0x80F6C; original raw=DD 1B 61 2A B9 2A 39 27 2B; actual current=마력 상승,No semantic change indicated; runtime/display validation remains separate.,equipment_review.csv
consumable_description:23,ACCEPTABLE_ABBREVIATION,NONE,<N:∪:20><N:Ｐ:10>の最大値が2ポ<N:｣:11>ント上がります,최대 MP 2 상승,0x80F70,Maximum MP +2 retained.,Original COMM glyph sheet original_ui_13.png row202; pointer0x80F70; original raw=DE 4F DD 90 1C DD 2B 50 DD D2 2A 13 D7 65 34 5C B9 2A 39 27 2B; actual current=최대 MP 2 상승,No semantic change indicated; runtime/display validation remains separate.,equipment_review.csv
consumable_description:24,ACCEPTABLE_ABBREVIATION,NONE,<N:振:2>りまくと、目が見えなくなります,사용하면 눈이|보이지 않게 함,0x80F74,Spreading it causes blindness retained; source does not explicitly identify recipient here.,Original COMM glyph sheet original_ui_13.png row203; pointer0x80F74; original raw=DE D9 39 27 3E 36 24 AC 2A A0 46 1D 3E 1D 39 27 2B; actual current=사용하면 눈이|보이지 않게 함,No semantic change indicated; runtime/display validation remains separate.,equipment_review.csv
consumable_description:25,ACCEPTABLE_ABBREVIATION,NONE,一時的に防御力を上げます,방어력 일시 상승,0x80F78,Temporary defense increase retained.,Original COMM glyph sheet original_ui_13.png row204; pointer0x80F78; original raw=8E CF DD 53 23 DD A6 DD AD 61 2F B9 9C 27 2B; actual current=방어력 일시 상승,No semantic change indicated; runtime/display validation remains separate.,equipment_review.csv
consumable_description:26,ACCEPTABLE_ABBREVIATION,NONE,石化から元に戻ります,석화 회복,0x80F7C,Reverts petrification retained.,Original COMM glyph sheet original_ui_13.png row205; pointer0x80F7C; original raw=94 DD 7C 20 33 DE 74 23 D9 39 27 2B; actual current=석화 회복,No semantic change indicated; runtime/display validation remains separate.,equipment_review.csv
consumable_description:27,ACCEPTABLE_ABBREVIATION,NONE,封じられた魔法が使えるようになります,봉인된 마법을|다시 쓸 수 있게 함,0x80F80,Sealed magic becomes usable again retained.,Original COMM glyph sheet original_ui_13.png row206; pointer0x80F80; original raw=DD 0F 4A 33 32 1F DD 1B DD 51 2A DD 33 46 22 3D 26 23 1D 39 27 2B; actual current=봉인된 마법을|다시 쓸 수 있게 함,No semantic change indicated; runtime/display validation remains separate.,equipment_review.csv
consumable_description:28,ACCEPTABLE_ABBREVIATION,NONE,チョン<N:力:5>ラがモンスターを召喚するのに使います,촌가라가 몬스터를|소환할 때 사용,0x80F84,Chongara uses this to summon monsters retained.,Original COMM glyph sheet original_ui_13.png row207; pointer0x80F84; original raw=6C 69 34 DD 02 57 2A 5F 34 47 62 31 2F DD 78 DD 7B 2B 22 1C 23 DD 33 1B 27 2B; actual current=촌가라가 몬스터를|소환할 때 사용,No semantic change indicated; runtime/display validation remains separate.,equipment_review.csv
consumable_description:29,PASS_SEMANTIC,NONE,？？？？？,?????,0x80F88,Five question marks retained from source.,Original COMM glyph sheet original_ui_13.png row208; pointer0x80F88; original raw=3C 3C 3C 3C 3C; actual current=?????,No semantic change indicated; runtime/display validation remains separate.,equipment_review.csv
consumable_description:30,PASS_SEMANTIC,NONE,？？？？？,?????,0x80F8C,Five question marks retained from source.,Original COMM glyph sheet original_ui_14.png row209; pointer0x80F8C; original raw=3C 3C 3C 3C 3C; actual current=?????,No semantic change indicated; runtime/display validation remains separate.,equipment_review.csv
consumable_description:31,PASS_SEMANTIC,NONE,？？？？？,?????,0x80F90,Five question marks retained from source.,Original COMM glyph sheet original_ui_14.png row210; pointer0x80F90; original raw=3C 3C 3C 3C 3C; actual current=?????,No semantic change indicated; runtime/display validation remains separate.,equipment_review.csv
skill_name:0,EMPTY_PLACEHOLDER,NONE,,,0x811C0,Empty skill ID0,original_ui_14.png inventory row 211; pointer 0x811C0; V375 decoded current='',Preserve original blank slot; do not count as untranslated,skills_characters_review.csv
skill_name:1,PASS_SEMANTIC,NONE,バーン<N:ク:12>ラウント,번 그라운드,0x811C4,Burn Ground name preserved,original_ui_14.png inventory row 212; pointer 0x811C4; V375 decoded current='번 그라운드',Semantic comparison only; separate CPU/render/game regression required,skills_characters_review.csv
skill_name:2,PASS_SEMANTIC,NONE,トータル<N:ヒ:5>ーリン<N:ク:12>,토탈 힐링,0x811C8,Total Healing name preserved,original_ui_14.png inventory row 213; pointer 0x811C8; V375 decoded current='토탈 힐링',Semantic comparison only; separate CPU/render/game regression required,skills_characters_review.csv
skill_name:3,PASS_SEMANTIC,NONE,ゲ<N:｣:11>ルフラッシュ,게일 플래시,0x811CC,Gale Flash name preserved,original_ui_14.png inventory row 214; pointer 0x811CC; V375 decoded current='게일 플래시',Semantic comparison only; separate CPU/render/game regression required,skills_characters_review.csv
skill_name:4,PASS_SEMANTIC,NONE,スロウエ<N:ネ:13>ミー,슬로우 에너미,0x811D0,Slow Enemy name preserved,original_ui_14.png inventory row 215; pointer 0x811D0; V375 decoded current='슬로우 에너미',Semantic comparison only; separate CPU/render/game regression required,skills_characters_review.csv
skill_name:5,PASS_SEMANTIC,NONE,メテオフ<N:｣:13>ール,메테오 폴,0x811D4,Meteor Fall name preserved,original_ui_14.png inventory row 216; pointer 0x811D4; V375 decoded current='메테오 폴',Semantic comparison only; separate CPU/render/game regression required,skills_characters_review.csv
skill_name:6,PASS_SEMANTIC,NONE,<N:午:15>ュア,큐어,0x811D8,Cure name preserved,original_ui_14.png inventory row 217; pointer 0x811D8; V375 decoded current='큐어',Semantic comparison only; separate CPU/render/game regression required,skills_characters_review.csv
skill_name:7,PASS_SEMANTIC,NONE,デポ<N:｣:11><N:ス:15>ン,디포이즌,0x811DC,Depoison name preserved,original_ui_14.png inventory row 218; pointer 0x811DC; V375 decoded current='디포이즌',Semantic comparison only; separate CPU/render/game regression required,skills_characters_review.csv
skill_name:8,PASS_SEMANTIC,NONE,サ<N:｣:11><N:リ:12>ント,사일런트,0x811E0,Silent name preserved,original_ui_14.png inventory row 219; pointer 0x811E0; V375 decoded current='사일런트',Semantic comparison only; separate CPU/render/game regression required,skills_characters_review.csv
skill_name:9,PASS_SEMANTIC,NONE,リフ<N:リ:12>ッシュ,리프레시,0x811E4,Refresh name preserved,original_ui_14.png inventory row 220; pointer 0x811E4; V375 decoded current='리프레시',Semantic comparison only; separate CPU/render/game regression required,skills_characters_review.csv
skill_name:10,PASS_SEMANTIC,NONE,天のさばき,천벌,0x811E8,Heaven judgement translated as heavenly punishment,original_ui_14.png inventory row 221; pointer 0x811E8; V375 decoded current='천벌',Semantic comparison only; separate CPU/render/game regression required,skills_characters_review.csv
skill_name:11,PASS_SEMANTIC,NONE,リ<N:ザ:8><N:リ:12>クション,리저렉션,0x811EC,Resurrection name preserved,original_ui_14.png inventory row 222; pointer 0x811EC; V375 decoded current='리저렉션',Semantic comparison only; separate CPU/render/game regression required,skills_characters_review.csv
skill_name:12,PASS_SEMANTIC,NONE,デ<N:ｲ:6>バ<N:｣:11>ト,디바이드,0x811F0,Divide name preserved,original_ui_14.png inventory row 223; pointer 0x811F0; V375 decoded current='디바이드',Semantic comparison only; separate CPU/render/game regression required,skills_characters_review.csv
skill_name:13,PASS_SEMANTIC,NONE,桜花雷爆斬,앵화뇌폭참,0x811F4,Cherry blossom thunder explosive slash: Sino-Korean reading preserved,original_ui_14.png inventory row 224; pointer 0x811F4; V375 decoded current='앵화뇌폭참',Semantic comparison only; separate CPU/render/game regression required,skills_characters_review.csv
skill_name:14,PASS_SEMANTIC,NONE,呪縛剣,주박검,0x811F8,Binding curse sword: Sino-Korean reading preserved,original_ui_15.png inventory row 225; pointer 0x811F8; V375 decoded current='주박검',Semantic comparison only; separate CPU/render/game regression required,skills_characters_review.csv
skill_name:15,PASS_SEMANTIC,NONE,<N:真:2><N:空:2>斬,진공참,0x811FC,Vacuum slash: Sino-Korean reading preserved,original_ui_15.png inventory row 226; pointer 0x811FC; V375 decoded current='진공참',Semantic comparison only; separate CPU/render/game regression required,skills_characters_review.csv
skill_name:16,PASS_SEMANTIC,NONE,<N:虎:5><N:影:1>斬,호영참,0x81200,Tiger shadow slash: Sino-Korean reading preserved,original_ui_15.png inventory row 227; pointer 0x81200; V375 decoded current='호영참',Semantic comparison only; separate CPU/render/game regression required,skills_characters_review.csv
skill_name:17,ACCEPTABLE_ABBREVIATION,NONE,戦の小太鼓,전투의 북,0x81204,Battle small drum: small-size modifier omitted without changing effect,original_ui_15.png inventory row 228; pointer 0x81204; V375 decoded current='전투의 북',Meaning retained as noted; separate CPU/render/game regression required,skills_characters_review.csv
skill_name:18,PASS_SEMANTIC,NONE,荒獅子太鼓,황사자 북,0x81208,Wild lion drum: Sino-Korean reading and drum preserved,original_ui_15.png inventory row 229; pointer 0x81208; V375 decoded current='황사자 북',Semantic comparison only; separate CPU/render/game regression required,skills_characters_review.csv
skill_name:19,PASS_SEMANTIC,NONE,気合いラッパ,기합 나팔,0x8120C,Fighting spirit trumpet preserved,original_ui_15.png inventory row 230; pointer 0x8120C; V375 decoded current='기합 나팔',Semantic comparison only; separate CPU/render/game regression required,skills_characters_review.csv
skill_name:20,PASS_SEMANTIC,NONE,へろへろラッパ,탈진 나팔,0x81210,Exhaustion trumpet meaning preserved,original_ui_15.png inventory row 231; pointer 0x81210; V375 decoded current='탈진 나팔',Semantic comparison only; separate CPU/render/game regression required,skills_characters_review.csv
skill_name:21,PASS_SEMANTIC,NONE,いやしのたてごと,치유의 하프,0x81214,Healing harp preserved,original_ui_15.png inventory row 232; pointer 0x81214; V375 decoded current='치유의 하프',Semantic comparison only; separate CPU/render/game regression required,skills_characters_review.csv
skill_name:22,PASS_SEMANTIC,NONE,のろまのベース,둔화 베이스,0x81218,Sluggish bass meaning preserved,original_ui_15.png inventory row 233; pointer 0x81218; V375 decoded current='둔화 베이스',Semantic comparison only; separate CPU/render/game regression required,skills_characters_review.csv
skill_name:23,PASS_SEMANTIC,NONE,い<N:駄:2>天のオカリナ,위타천 오카리나,0x8121C,Idaten ocarina proper deity name preserved,original_ui_15.png inventory row 234; pointer 0x8121C; V375 decoded current='위타천 오카리나',Semantic comparison only; separate CPU/render/game regression required,skills_characters_review.csv
skill_name:24,PASS_SEMANTIC,NONE,向き直りの笛,방향전환 피리,0x81220,Turn-facing flute meaning preserved,original_ui_15.png inventory row 235; pointer 0x81220; V375 decoded current='방향전환 피리',Semantic comparison only; separate CPU/render/game regression required,skills_characters_review.csv
skill_name:25,PASS_SEMANTIC,NONE,エクス<N:フ:11>ロージョン,익스플로전,0x81224,Explosion name preserved,original_ui_15.png inventory row 236; pointer 0x81224; V375 decoded current='익스플로전',Semantic comparison only; separate CPU/render/game regression required,skills_characters_review.csv
skill_name:26,PASS_SEMANTIC,NONE,トリーム<N:メ:6>ック,드림 노크,0x81228,Dream Knock name preserved,original_ui_15.png inventory row 237; pointer 0x81228; V375 decoded current='드림 노크',Semantic comparison only; separate CPU/render/game regression required,skills_characters_review.csv
skill_name:27,PASS_SEMANTIC,NONE,ダ<N:｣:11>ヤモントダスト,다이아몬드 더스트,0x8122C,Diamond Dust name preserved,original_ui_15.png inventory row 238; pointer 0x8122C; V375 decoded current='다이아몬드 더스트',Semantic comparison only; separate CPU/render/game regression required,skills_characters_review.csv
skill_name:28,PASS_SEMANTIC,NONE,ウ<N:｣:11>ントスラッシャー,윈드 슬래셔,0x81230,Wind Slasher name preserved,original_ui_15.png inventory row 239; pointer 0x81230; V375 decoded current='윈드 슬래셔',Semantic comparison only; separate CPU/render/game regression required,skills_characters_review.csv
skill_name:29,PASS_SEMANTIC,NONE,<N:ヒ:5>ートウ<N:｣:13>ール,히트 월,0x81234,Heat Wall name preserved,original_ui_15.png inventory row 240; pointer 0x81234; V375 decoded current='히트 월',Semantic comparison only; separate CPU/render/game regression required,skills_characters_review.csv
skill_name:30,PASS_SEMANTIC,NONE,サンダーストーム,썬더 스톰,0x81238,Thunder Storm name preserved,original_ui_16.png inventory row 241; pointer 0x81238; V375 decoded current='썬더 스톰',Semantic comparison only; separate CPU/render/game regression required,skills_characters_review.csv
skill_name:31,PASS_SEMANTIC,NONE,テ<N:リ:12>ポート,텔레포트,0x8123C,Teleport name preserved,original_ui_16.png inventory row 242; pointer 0x8123C; V375 decoded current='텔레포트',Semantic comparison only; separate CPU/render/game regression required,skills_characters_review.csv
skill_name:32,PASS_SEMANTIC,NONE,心<N:眼:3>法,심안법,0x81240,Mind-eye technique Sino-Korean reading preserved,original_ui_16.png inventory row 243; pointer 0x81240; V375 decoded current='심안법',Semantic comparison only; separate CPU/render/game regression required,skills_characters_review.csv
skill_name:33,PASS_SEMANTIC,NONE,<N:退:3>魔光弾,퇴마광탄,0x81244,Exorcism light shot Sino-Korean reading preserved,original_ui_16.png inventory row 244; pointer 0x81244; V375 decoded current='퇴마광탄',Semantic comparison only; separate CPU/render/game regression required,skills_characters_review.csv
skill_name:34,PASS_SEMANTIC,NONE,旋風撃蹴,선풍격축,0x81248,Whirlwind strike kick Sino-Korean reading preserved,original_ui_16.png inventory row 245; pointer 0x81248; V375 decoded current='선풍격축',Semantic comparison only; separate CPU/render/game regression required,skills_characters_review.csv
skill_name:35,PASS_SEMANTIC,NONE,流星爆,유성폭,0x8124C,Meteor burst Sino-Korean reading preserved,original_ui_16.png inventory row 246; pointer 0x8124C; V375 decoded current='유성폭',Semantic comparison only; separate CPU/render/game regression required,skills_characters_review.csv
skill_name:36,PASS_SEMANTIC,NONE,鬼神流<N:影:1><N:波:1>,귀신류영파,0x81250,Demon style shadow wave Sino-Korean reading preserved,original_ui_16.png inventory row 247; pointer 0x81250; V375 decoded current='귀신류영파',Semantic comparison only; separate CPU/render/game regression required,skills_characters_review.csv
skill_name:37,PASS_SEMANTIC,NONE,滅掌烈破,멸장열파,0x81254,Destroying palm fierce break Sino-Korean reading preserved,original_ui_16.png inventory row 248; pointer 0x81254; V375 decoded current='멸장열파',Semantic comparison only; separate CPU/render/game regression required,skills_characters_review.csv
skill_name:38,PASS_SEMANTIC,NONE,<N:ゲ:16>ラック,케락,0x81258,Kerak matches character80 and description38,original_ui_16.png inventory row 249; pointer 0x81258; V375 decoded current='케락',Semantic comparison only; separate CPU/render/game regression required,skills_characters_review.csv
skill_name:39,PASS_SEMANTIC,NONE,モフリー,모프리,0x8125C,Mofri matches character82 and description39,original_ui_16.png inventory row 250; pointer 0x8125C; V375 decoded current='모프리',Semantic comparison only; separate CPU/render/game regression required,skills_characters_review.csv
skill_name:40,PASS_SEMANTIC,NONE,フウジン,후우진,0x81260,Fujin matches character83 and description40,original_ui_16.png inventory row 251; pointer 0x81260; V375 decoded current='후우진',Semantic comparison only; separate CPU/render/game regression required,skills_characters_review.csv
skill_name:41,PASS_SEMANTIC,NONE,ラ<N:｣:11>ジン,라이진,0x81264,Raijin matches character84 and description41,original_ui_16.png inventory row 252; pointer 0x81264; V375 decoded current='라이진',Semantic comparison only; separate CPU/render/game regression required,skills_characters_review.csv
skill_name:42,PASS_SEMANTIC,NONE,へモジー,헤모지,0x81268,Hemoji matches character87 and description42,original_ui_16.png inventory row 253; pointer 0x81268; V375 decoded current='헤모지',Semantic comparison only; separate CPU/render/game regression required,skills_characters_review.csv
skill_name:43,CONFIRMED_DEFECT,LOW,オトン,오톤,0x8126C,Original Odon rendered Oton: voiced DO misread as TO; same discrepancy in character85/description43,original_ui_16.png inventory row 254; pointer 0x8126C; V375 decoded current='오톤',Approve corrected wording/name before edits; verify all counterpart labels and final display,skills_characters_review.csv
skill_name:44,PASS_SEMANTIC,NONE,調ベる,조사,0x81270,Investigate command matches monster inspection description,original_ui_16.png inventory row 255; pointer 0x81270; V375 decoded current='조사',Semantic comparison only; separate CPU/render/game regression required,skills_characters_review.csv
skill_name:45,PASS_SEMANTIC,NONE,ちょこ,초코,0x81274,Choko matches character86 and description45,original_ui_16.png inventory row 256; pointer 0x81274; V375 decoded current='초코',Semantic comparison only; separate CPU/render/game regression required,skills_characters_review.csv
skill_name:46,PASS_SEMANTIC,NONE,回復,회복,0x81278,Recovery command meaning preserved,original_ui_17.png inventory row 257; pointer 0x81278; V375 decoded current='회복',Semantic comparison only; separate CPU/render/game regression required,skills_characters_review.csv
skill_name:47,NEEDS_SOURCE_CONFIRMATION,MEDIUM,<N:ｴ:24>か造り,다리 만들기,0x8127C,Original floor creation translated bridge creation; narrower construction meaning needs original gameplay evidence,original_ui_17.png inventory row 258; pointer 0x8127C; V375 decoded current='다리 만들기',Inspect original effect/consumer behavior to resolve added claim,skills_characters_review.csv
skill_name:48,PASS_SEMANTIC,NONE,風雷破,풍뢰파,0x81280,Wind thunder wave name preserved; partner checked separately in description48,original_ui_17.png inventory row 259; pointer 0x81280; V375 decoded current='풍뢰파',Semantic comparison only; separate CPU/render/game regression required,skills_characters_review.csv
skill_name:49,PASS_SEMANTIC,NONE,風雷破,풍뢰파,0x81284,Wind thunder wave name preserved; partner checked separately in description49,original_ui_17.png inventory row 260; pointer 0x81284; V375 decoded current='풍뢰파',Semantic comparison only; separate CPU/render/game regression required,skills_characters_review.csv
skill_name:50,PASS_SEMANTIC,NONE,乗り移り,빙의,0x81288,Possession meaning preserved,original_ui_17.png inventory row 261; pointer 0x81288; V375 decoded current='빙의',Semantic comparison only; separate CPU/render/game regression required,skills_characters_review.csv
skill_name:51,PASS_SEMANTIC,NONE,バク<N:リ:12>ツ手裏剣,폭렬 수리검,0x8128C,Explosive shuriken meaning preserved,original_ui_17.png inventory row 262; pointer 0x8128C; V375 decoded current='폭렬 수리검',Semantic comparison only; separate CPU/render/game regression required,skills_characters_review.csv
skill_name:52,PASS_SEMANTIC,NONE,自爆,자폭,0x81290,Self-destruction meaning preserved,original_ui_17.png inventory row 263; pointer 0x81290; V375 decoded current='자폭',Semantic comparison only; separate CPU/render/game regression required,skills_characters_review.csv
skill_name:53,PASS_SEMANTIC,NONE,ジ<N:ニ:13>クへの階段,지옥으로 가는 계단,0x81294,Stairs to hell meaning preserved,original_ui_17.png inventory row 264; pointer 0x81294; V375 decoded current='지옥으로 가는 계단',Semantic comparison only; separate CPU/render/game regression required,skills_characters_review.csv
skill_name:54,PASS_SEMANTIC,NONE,4方向,사방 공격,0x81298,"Four directions translated four-way attack, consistent with description54",original_ui_17.png inventory row 265; pointer 0x81298; V375 decoded current='사방 공격',Semantic comparison only; separate CPU/render/game regression required,skills_characters_review.csv
skill_name:55,PASS_SEMANTIC,NONE,炎雷崩,염뢰붕,0x8129C,Flame thunder collapse Sino-Korean reading preserved,original_ui_17.png inventory row 266; pointer 0x8129C; V375 decoded current='염뢰붕',Semantic comparison only; separate CPU/render/game regression required,skills_characters_review.csv
skill_name:56,CONFIRMED_DEFECT,LOW,ダスト・ルー<N:｣:11>ン,더스트 룬,0x812A0,Original Dust Ruin rendered Dust Rune; distinct ruin/rune name lost,original_ui_17.png inventory row 267; pointer 0x812A0; V375 decoded current='더스트 룬',Approve corrected wording/name before edits; verify all counterpart labels and final display,skills_characters_review.csv
skill_name:57,PASS_SEMANTIC,NONE,ヨミのつばさ,요미의 날개,0x812A4,Yomi wings name preserved,original_ui_17.png inventory row 268; pointer 0x812A4; V375 decoded current='요미의 날개',Semantic comparison only; separate CPU/render/game regression required,skills_characters_review.csv
skill_name:58,PASS_SEMANTIC,NONE,やる気なし,의욕 없음,0x812A8,No motivation meaning preserved,original_ui_17.png inventory row 269; pointer 0x812A8; V375 decoded current='의욕 없음',Semantic comparison only; separate CPU/render/game regression required,skills_characters_review.csv
skill_description:0,EMPTY_PLACEHOLDER,NONE,,,0x81708,Empty description for skill0,original_ui_17.png inventory row 270; pointer 0x81708; V375 decoded current='',Preserve original blank slot; do not count as untranslated,skills_characters_review.csv
skill_description:1,ACCEPTABLE_ABBREVIATION,NONE,ようがんを発生させ敵にダメージを<N:与:3>えます,용암으로 적에게 피해,0x8170C,Creates lava damaging enemies; creation animation shortened,original_ui_17.png inventory row 271; pointer 0x8170C; V375 decoded current='용암으로 적에게 피해',Meaning retained as noted; separate CPU/render/game regression required,skills_characters_review.csv
skill_description:2,PASS_SEMANTIC,NONE,ステ<N:｣:11>タス傷害と体力を回復します,상태 이상과 체력 회복,0x81710,Both status ailments and health recovery preserved,original_ui_17.png inventory row 272; pointer 0x81710; V375 decoded current='상태 이상과 체력 회복',Semantic comparison only; separate CPU/render/game regression required,skills_characters_review.csv
skill_description:3,PASS_SEMANTIC,NONE,いくうかんからの攻撃で敵にダメージを<N:与:3>えます,이공간 공격으로 피해,0x81714,Other-dimensional attack damage preserved,original_ui_18.png inventory row 273; pointer 0x81714; V375 decoded current='이공간 공격으로 피해',Semantic comparison only; separate CPU/render/game regression required,skills_characters_review.csv
skill_description:4,PASS_SEMANTIC,NONE,敵の素早さを下げます,적 민첩 감소,0x81718,Enemy agility decrease: target and direction preserved,original_ui_18.png inventory row 274; pointer 0x81718; V375 decoded current='적 민첩 감소',Semantic comparison only; separate CPU/render/game regression required,skills_characters_review.csv
skill_description:5,PASS_SEMANTIC,NONE,いんせきが落下しまわりの敵にダメージを<N:与:3>えます,운석으로 주변 적 피해,0x8171C,Meteor damage to nearby enemies: area preserved,original_ui_18.png inventory row 275; pointer 0x8171C; V375 decoded current='운석으로 주변 적 피해',Semantic comparison only; separate CPU/render/game regression required,skills_characters_review.csv
skill_description:6,PASS_SEMANTIC,NONE,体力を回復します,체력 회복,0x81720,Health recovery preserved,original_ui_18.png inventory row 276; pointer 0x81720; V375 decoded current='체력 회복',Semantic comparison only; separate CPU/render/game regression required,skills_characters_review.csv
skill_description:7,PASS_SEMANTIC,NONE,<N:毒:1>を消しさります,독 해제,0x81724,Poison removal preserved,original_ui_18.png inventory row 277; pointer 0x81724; V375 decoded current='독 해제',Semantic comparison only; separate CPU/render/game regression required,skills_characters_review.csv
skill_description:8,PASS_SEMANTIC,NONE,敵の魔法を封じ込めます,적의 마법 봉인,0x81728,Enemy magic sealing preserved,original_ui_18.png inventory row 278; pointer 0x81728; V375 decoded current='적의 마법 봉인',Semantic comparison only; separate CPU/render/game regression required,skills_characters_review.csv
skill_description:9,PASS_SEMANTIC,NONE,ステ<N:｣:11>タス傷害を回復します,상태 이상 회복,0x8172C,Status ailment recovery preserved,original_ui_18.png inventory row 279; pointer 0x8172C; V375 decoded current='상태 이상 회복',Semantic comparison only; separate CPU/render/game regression required,skills_characters_review.csv
skill_description:10,ACCEPTABLE_ABBREVIATION,NONE,天使が画面外に飛んでいき<N:リ:12>ー<N:ザ:8>ーで攻撃します,천사의 광선 공격,0x81730,"Angel flies offscreen and fires laser; offscreen animation detail omitted, attack preserved",original_ui_18.png inventory row 280; pointer 0x81730; V375 decoded current='천사의 광선 공격',Meaning retained as noted; separate CPU/render/game regression required,skills_characters_review.csv
skill_description:11,PASS_SEMANTIC,NONE,戦闘不能になつた味方を呼び戻せます,쓰러진 아군 부활,0x81734,Revives combat-incapacitated allies: target and condition preserved,original_ui_18.png inventory row 281; pointer 0x81734; V375 decoded current='쓰러진 아군 부활',Semantic comparison only; separate CPU/render/game regression required,skills_characters_review.csv
skill_description:12,PASS_SEMANTIC,NONE,敵の体力をすいとり味方に分け<N:与:3>えます,적 체력을 흡수해 아군 회복,0x81738,Drains enemy health and distributes to allies: drain and ally recovery preserved,original_ui_18.png inventory row 282; pointer 0x81738; V375 decoded current='적 체력을 흡수해 아군 회복',Semantic comparison only; separate CPU/render/game regression required,skills_characters_review.csv
skill_description:13,ACCEPTABLE_ABBREVIATION,NONE,敵一体に必殺の剣で斬りつけます,적 하나에 필살검,0x8173C,One enemy hit by fatal sword: single target preserved,original_ui_18.png inventory row 283; pointer 0x8173C; V375 decoded current='적 하나에 필살검',Meaning retained as noted; separate CPU/render/game regression required,skills_characters_review.csv
skill_description:14,PASS_SEMANTIC,NONE,敵をマ<N:ヒ:5>させます,적에게 마비 부여,0x81740,Inflicts enemy paralysis preserved,original_ui_18.png inventory row 284; pointer 0x81740; V375 decoded current='적에게 마비 부여',Semantic comparison only; separate CPU/render/game regression required,skills_characters_review.csv
skill_description:15,PASS_SEMANTIC,NONE,2ます先の敵を斬りつけます,두 칸 앞의 적 공격,0x81744,Attacks enemy TWO tiles ahead: distance preserved,original_ui_18.png inventory row 285; pointer 0x81744; V375 decoded current='두 칸 앞의 적 공격',Semantic comparison only; separate CPU/render/game regression required,skills_characters_review.csv
skill_description:16,PASS_SEMANTIC,NONE,敵に向かつて走り込んで斬りつけます,돌진하며 적 공격,0x81748,Runs toward enemy and slashes: charging attack preserved,original_ui_18.png inventory row 286; pointer 0x81748; V375 decoded current='돌진하며 적 공격',Semantic comparison only; separate CPU/render/game regression required,skills_characters_review.csv
skill_description:17,PASS_SEMANTIC,NONE,味方の攻撃力を上げます,아군 공격력 상승,0x8174C,Raises ally attack power: target and direction preserved,original_ui_18.png inventory row 287; pointer 0x8174C; V375 decoded current='아군 공격력 상승',Semantic comparison only; separate CPU/render/game regression required,skills_characters_review.csv
skill_description:18,ACCEPTABLE_ABBREVIATION,NONE,<N:波:1>動<N:リ:12>ー<N:ザ:8>ー弾を撃ちます,파동 광선 발사,0x81750,Wave laser bullets shortened to wave beam; attack preserved,original_ui_18.png inventory row 288; pointer 0x81750; V375 decoded current='파동 광선 발사',Meaning retained as noted; separate CPU/render/game regression required,skills_characters_review.csv
skill_description:19,PASS_SEMANTIC,NONE,<N:遠:1>くの敵を気合で攻撃します,먼 적을 기합으로 공격,0x81754,Attacks distant enemy with fighting spirit: distance preserved,original_ui_19.png inventory row 289; pointer 0x81754; V375 decoded current='먼 적을 기합으로 공격',Semantic comparison only; separate CPU/render/game regression required,skills_characters_review.csv
skill_description:20,CONFIRMED_DEFECT,LOW,一度にたくさんの爆弾を撃ちます,폭탄을 연속 발사,0x81758,"Original fires many bombs AT ONCE; current says consecutive fire, changing simultaneous to sequential animation",original_ui_19.png inventory row 290; pointer 0x81758; V375 decoded current='폭탄을 연속 발사',Approve corrected wording/name before edits; verify all counterpart labels and final display,skills_characters_review.csv
skill_description:21,PASS_SEMANTIC,NONE,味方の体力を回復します,아군 체력 회복,0x8175C,Ally health recovery preserved,original_ui_19.png inventory row 291; pointer 0x8175C; V375 decoded current='아군 체력 회복',Semantic comparison only; separate CPU/render/game regression required,skills_characters_review.csv
skill_description:22,PASS_SEMANTIC,NONE,敵のすばやさを下げます,적 민첩 감소,0x81760,Enemy agility decrease preserved,original_ui_19.png inventory row 292; pointer 0x81760; V375 decoded current='적 민첩 감소',Semantic comparison only; separate CPU/render/game regression required,skills_characters_review.csv
skill_description:23,PASS_SEMANTIC,NONE,味方のすばやさを上げます,아군 민첩 상승,0x81764,Ally agility increase preserved,original_ui_19.png inventory row 293; pointer 0x81764; V375 decoded current='아군 민첩 상승',Semantic comparison only; separate CPU/render/game regression required,skills_characters_review.csv
skill_description:24,CONFIRMED_DEFECT,MEDIUM,全員がポニと同じ方向に向きを変えます,전원이 포니 방향으로 전환,0x81768,"Original EVERYONE FACES SAME DIRECTION AS POCO; current invents Poni and says toward Poni direction, losing same-facing relation",original_ui_19.png inventory row 294; pointer 0x81768; V375 decoded current='전원이 포니 방향으로 전환',Approve corrected wording/name before edits; verify all counterpart labels and final display,skills_characters_review.csv
skill_description:25,ACCEPTABLE_ABBREVIATION,NONE,すごい炎で敵をつつみこみダメージを<N:与:3>えます,거대한 불꽃으로 피해,0x8176C,Large flames envelop enemy causing damage; enveloping animation shortened,original_ui_19.png inventory row 295; pointer 0x8176C; V375 decoded current='거대한 불꽃으로 피해',Meaning retained as noted; separate CPU/render/game regression required,skills_characters_review.csv
skill_description:26,PASS_SEMANTIC,NONE,敵を<N:眠:5>らせます,적에게 수면 부여,0x81770,Inflicts sleep on enemy preserved,original_ui_19.png inventory row 296; pointer 0x81770; V375 decoded current='적에게 수면 부여',Semantic comparison only; separate CPU/render/game regression required,skills_characters_review.csv
skill_description:27,PASS_SEMANTIC,NONE,すごいふぶきを起こして敵にダメージを<N:与:3>えます,눈보라로 적에게 피해,0x81774,Blizzard damages enemies: element preserved,original_ui_19.png inventory row 297; pointer 0x81774; V375 decoded current='눈보라로 적에게 피해',Semantic comparison only; separate CPU/render/game regression required,skills_characters_review.csv
skill_description:28,PASS_SEMANTIC,NONE,すごい風を起こして敵にダメージを<N:与:3>えます,강풍으로 적에게 피해,0x81778,Strong wind damages enemies: element preserved,original_ui_19.png inventory row 298; pointer 0x81778; V375 decoded current='강풍으로 적에게 피해',Semantic comparison only; separate CPU/render/game regression required,skills_characters_review.csv
skill_description:29,NEEDS_SOURCE_CONFIRMATION,MEDIUM,炎のかたまりを作りだします,불꽃 장벽 생성,0x8177C,Original creates a mass of flame; current says flame BARRIER. Shape/obstruction claim needs original effect evidence,original_ui_19.png inventory row 299; pointer 0x8177C; V375 decoded current='불꽃 장벽 생성',Inspect original effect/consumer behavior to resolve added claim,skills_characters_review.csv
skill_description:30,PASS_SEMANTIC,NONE,すごい雷を落として敵にダメージを<N:与:3>えます,번개로 적에게 피해,0x81780,Lightning damages enemies: element preserved,original_ui_19.png inventory row 300; pointer 0x81780; V375 decoded current='번개로 적에게 피해',Semantic comparison only; separate CPU/render/game regression required,skills_characters_review.csv
skill_description:31,PASS_SEMANTIC,NONE,まわりの味方を連れてテ<N:リ:12>ポートします,주변 아군과 순간이동,0x81784,Teleports with nearby allies: accompanying area preserved,original_ui_19.png inventory row 301; pointer 0x81784; V375 decoded current='주변 아군과 순간이동',Semantic comparison only; separate CPU/render/game regression required,skills_characters_review.csv
skill_description:32,CONFIRMED_DEFECT,MEDIUM,敵<N:午:15>ャラクタをロックします,적 하나 고정,0x81788,Original locks every eligible enemy in a radius-2 target area; current one-enemy restriction is false. Original target collector and marking loop both iterate all matching actors.,original_ui_19.png inventory row 302; pointer 0x81788; V375 decoded current='적 하나 고정'; original area80170028..80170270; collector80128004; Iga callback8012EBA8 marking8012EBE4..8012EC04; skill_integrity_followup.json two-target CPU PASS,Remove false single-enemy restriction; approve wording and retest area/target indicators,skills_characters_review.csv
skill_description:33,CONFIRMED_DEFECT,MEDIUM,心<N:眼:3>法でロックした敵に対して光弾を撃ち込みます,고정한 적에게 광탄 발사,0x8178C,Original explicitly shoots light at enemies locked by MIND-EYE TECHNIQUE; current omits named prerequisite skill,original_ui_19.png inventory row 303; pointer 0x8178C; V375 decoded current='고정한 적에게 광탄 발사',Approve corrected wording/name before edits; verify all counterpart labels and final display,skills_characters_review.csv
skill_description:34,PASS_SEMANTIC,NONE,自分のまわりにいる敵<N:午:15>ャラクタを攻撃します,주변 적 공격,0x81790,Attacks enemies around self: relative area preserved,original_ui_19.png inventory row 304; pointer 0x81790; V375 decoded current='주변 적 공격',Semantic comparison only; separate CPU/render/game regression required,skills_characters_review.csv
skill_description:35,PASS_SEMANTIC,NONE,たつまきで敵をすいあげて地上にたたき落とします,회오리로 띄워 내리찍음,0x81794,Whirlwind lifts enemies and slams them down: attack preserved,original_ui_20.png inventory row 305; pointer 0x81794; V375 decoded current='회오리로 띄워 내리찍음',Semantic comparison only; separate CPU/render/game regression required,skills_characters_review.csv
skill_description:36,PASS_SEMANTIC,NONE,自分の残像を敵に向かつてぶつけます,잔상을 날려 공격,0x81798,Throws own afterimage toward enemy: afterimage attack preserved,original_ui_20.png inventory row 306; pointer 0x81798; V375 decoded current='잔상을 날려 공격',Semantic comparison only; separate CPU/render/game regression required,skills_characters_review.csv
skill_description:37,CONFIRMED_DEFECT,MEDIUM,自分よりある程度弱い敵を消し去ります,약한 적을 소멸,0x8179C,Original removes enemies A CERTAIN AMOUNT WEAKER THAN SELF; current weak enemies omits relative-strength condition,original_ui_20.png inventory row 307; pointer 0x8179C; V375 decoded current='약한 적을 소멸',Approve corrected wording/name before edits; verify all counterpart labels and final display,skills_characters_review.csv
skill_description:38,PASS_SEMANTIC,NONE,<N:ｌ:5><N:ゲ:16>ラックへを召喚します,케락 소환,0x817A0,"Summons Kerak, consistent with name38/character80",original_ui_20.png inventory row 308; pointer 0x817A0; V375 decoded current='케락 소환',Semantic comparison only; separate CPU/render/game regression required,skills_characters_review.csv
skill_description:39,PASS_SEMANTIC,NONE,<N:ｌ:5>モフリーへを召喚します,모프리 소환,0x817A4,"Summons Mofri, consistent with name39/character82",original_ui_20.png inventory row 309; pointer 0x817A4; V375 decoded current='모프리 소환',Semantic comparison only; separate CPU/render/game regression required,skills_characters_review.csv
skill_description:40,PASS_SEMANTIC,NONE,<N:ｌ:5>フウジンへを召喚します,후우진 소환,0x817A8,"Summons Fujin, consistent with name40/character83",original_ui_20.png inventory row 310; pointer 0x817A8; V375 decoded current='후우진 소환',Semantic comparison only; separate CPU/render/game regression required,skills_characters_review.csv
skill_description:41,PASS_SEMANTIC,NONE,<N:ｌ:5>ラ<N:｣:11>ジンへを召喚します,라이진 소환,0x817AC,"Summons Raijin, consistent with name41/character84",original_ui_20.png inventory row 311; pointer 0x817AC; V375 decoded current='라이진 소환',Semantic comparison only; separate CPU/render/game regression required,skills_characters_review.csv
skill_description:42,PASS_SEMANTIC,NONE,<N:ｌ:5>へモジーへを召喚します,헤모지 소환,0x817B0,"Summons Hemoji, consistent with name42/character87",original_ui_20.png inventory row 312; pointer 0x817B0; V375 decoded current='헤모지 소환',Semantic comparison only; separate CPU/render/game regression required,skills_characters_review.csv
skill_description:43,CONFIRMED_DEFECT,LOW,<N:ｌ:5>オトンへを召喚します,오톤 소환,0x817B4,Original summons Odon; current Oton repeats voiced DO misread from name43/character85,original_ui_20.png inventory row 313; pointer 0x817B4; V375 decoded current='오톤 소환',Approve corrected wording/name before edits; verify all counterpart labels and final display,skills_characters_review.csv
skill_description:44,PASS_SEMANTIC,NONE,モンスターを調ベます,몬스터 정보 조사,0x817B8,Inspects monsters: target preserved,original_ui_20.png inventory row 314; pointer 0x817B8; V375 decoded current='몬스터 정보 조사',Semantic comparison only; separate CPU/render/game regression required,skills_characters_review.csv
skill_description:45,PASS_SEMANTIC,NONE,<N:ｌ:5>ちょこへを召喚します,초코 소환,0x817BC,"Summons Choko, consistent with name45/character86",original_ui_20.png inventory row 315; pointer 0x817BC; V375 decoded current='초코 소환',Semantic comparison only; separate CPU/render/game regression required,skills_characters_review.csv
skill_description:46,PASS_SEMANTIC,NONE,味方を回復します,아군 회복,0x817C0,Recovers allies: target preserved,original_ui_20.png inventory row 316; pointer 0x817C0; V375 decoded current='아군 회복',Semantic comparison only; separate CPU/render/game regression required,skills_characters_review.csv
skill_description:47,NEEDS_SOURCE_CONFIRMATION,MEDIUM,行けないところに<N:ｴ:24>かを造ります,갈 수 없는 곳에 다리 생성,0x817C4,Original creates FLOOR in inaccessible places; current bridge claims narrower structure. Confirm original placement effect,original_ui_20.png inventory row 317; pointer 0x817C4; V375 decoded current='갈 수 없는 곳에 다리 생성',Inspect original effect/consumer behavior to resolve added claim,skills_characters_review.csv
skill_description:48,PASS_SEMANTIC,NONE,ラ<N:｣:11>ジンとの合体魔法,라이진과 합체 마법,0x817C8,Combination magic WITH RAIJIN: partner preserved,original_ui_20.png inventory row 318; pointer 0x817C8; V375 decoded current='라이진과 합체 마법',Semantic comparison only; separate CPU/render/game regression required,skills_characters_review.csv
skill_description:49,PASS_SEMANTIC,NONE,フウジンとの合体魔法,후우진과 합체 마법,0x817CC,Combination magic WITH FUJIN: partner preserved,original_ui_20.png inventory row 319; pointer 0x817CC; V375 decoded current='후우진과 합체 마법',Semantic comparison only; separate CPU/render/game regression required,skills_characters_review.csv
skill_description:50,PASS_SEMANTIC,NONE,敵に乗り移れます,적에게 빙의,0x817D0,Possesses enemy: target preserved,original_ui_20.png inventory row 320; pointer 0x817D0; V375 decoded current='적에게 빙의',Semantic comparison only; separate CPU/render/game regression required,skills_characters_review.csv
skill_description:51,PASS_SEMANTIC,NONE,まわりに手裏剣をばらまきます,주변에 수리검 난사,0x817D4,Scatters shuriken around self: area preserved,original_ui_21.png inventory row 321; pointer 0x817D4; V375 decoded current='주변에 수리검 난사',Semantic comparison only; separate CPU/render/game regression required,skills_characters_review.csv
skill_description:52,PASS_SEMANTIC,NONE,自爆します,자폭 공격,0x817D8,Self-destructs: meaning preserved,original_ui_21.png inventory row 322; pointer 0x817D8; V375 decoded current='자폭 공격',Semantic comparison only; separate CPU/render/game regression required,skills_characters_review.csv
skill_description:53,PASS_SEMANTIC,NONE,かまフーメランで敵を攻撃します,낫 부메랑으로 공격,0x817DC,Attacks with scythe boomerang: weapon preserved,original_ui_21.png inventory row 323; pointer 0x817DC; V375 decoded current='낫 부메랑으로 공격',Semantic comparison only; separate CPU/render/game regression required,skills_characters_review.csv
skill_description:54,PASS_SEMANTIC,NONE,まわりの敵にダメージを<N:与:3>えます,주변 적에게 피해,0x817E0,Damages nearby enemies: area and target preserved,original_ui_21.png inventory row 324; pointer 0x817E0; V375 decoded current='주변 적에게 피해',Semantic comparison only; separate CPU/render/game regression required,skills_characters_review.csv
skill_description:55,PASS_SEMANTIC,NONE,まわりの敵にダメージを<N:与:3>えます,주변 적에게 피해,0x817E4,Damages nearby enemies: area and target preserved,original_ui_21.png inventory row 325; pointer 0x817E4; V375 decoded current='주변 적에게 피해',Semantic comparison only; separate CPU/render/game regression required,skills_characters_review.csv
skill_description:56,PASS_SEMANTIC,NONE,直せん上の敵をなぎはらいます,직선상의 적 공격,0x817E8,Sweeps enemies in straight line: shape preserved,original_ui_21.png inventory row 326; pointer 0x817E8; V375 decoded current='직선상의 적 공격',Semantic comparison only; separate CPU/render/game regression required,skills_characters_review.csv
skill_description:57,PASS_SEMANTIC,NONE,つばさをはためかせ風でダメージを<N:与:3>えます,날갯짓으로 바람 피해,0x817EC,Flaps wings to deal wind damage: element preserved,original_ui_21.png inventory row 327; pointer 0x817EC; V375 decoded current='날갯짓으로 바람 피해',Semantic comparison only; separate CPU/render/game regression required,skills_characters_review.csv
skill_description:58,PASS_SEMANTIC,NONE,敵をへモジーにします,적을 헤모지 상태로 만듦,0x817F0,Turns enemy into Hemoji: transformation/status meaning preserved,original_ui_21.png inventory row 328; pointer 0x817F0; V375 decoded current='적을 헤모지 상태로 만듦',Semantic comparison only; separate CPU/render/game regression required,skills_characters_review.csv
character_name:0,PASS_SEMANTIC,NONE,アーク,아크,0x81B4C,Arc preserved,original_ui_21.png inventory row 329; pointer 0x81B4C; V375 decoded current='아크',Semantic comparison only; separate CPU/render/game regression required,skills_characters_review.csv
character_name:1,PASS_SEMANTIC,NONE,ククル,쿠쿠루,0x81B50,Kukuru preserved,original_ui_21.png inventory row 330; pointer 0x81B50; V375 decoded current='쿠쿠루',Semantic comparison only; separate CPU/render/game regression required,skills_characters_review.csv
character_name:2,PASS_SEMANTIC,NONE,トッシュ,토슈,0x81B54,Tosh preserved,original_ui_21.png inventory row 331; pointer 0x81B54; V375 decoded current='토슈',Semantic comparison only; separate CPU/render/game regression required,skills_characters_review.csv
character_name:3,PASS_SEMANTIC,NONE,ポニ,포코,0x81B58,Poco preserved; historical Japanese OCR Poni is wrong,original_ui_21.png inventory row 332; pointer 0x81B58; V375 decoded current='포코',Semantic comparison only; separate CPU/render/game regression required,skills_characters_review.csv
character_name:4,CONFIRMED_DEFECT,HIGH,<N:ニ:13>ーゲン,이가,0x81B5C,Original Gogen ID4 currently Iga: identities exchanged,original_ui_21.png inventory row 333; pointer 0x81B5C; V375 decoded current='이가',Approve corrected wording/name before edits; verify all counterpart labels and final display,skills_characters_review.csv
character_name:5,CONFIRMED_DEFECT,HIGH,<N:｣:11>ー<N:力:5>,고겐,0x81B60,Original Iga ID5 currently Gogen: identities exchanged,original_ui_21.png inventory row 334; pointer 0x81B60; V375 decoded current='고겐',Approve corrected wording/name before edits; verify all counterpart labels and final display,skills_characters_review.csv
character_name:6,PASS_SEMANTIC,NONE,マーシャル,마샬,0x81B64,Marshall preserved,original_ui_21.png inventory row 335; pointer 0x81B64; V375 decoded current='마샬',Semantic comparison only; separate CPU/render/game regression required,skills_characters_review.csv
character_name:7,PASS_SEMANTIC,NONE,チョン<N:力:5>ラ,촌가라,0x81B68,Chongara preserved,original_ui_21.png inventory row 336; pointer 0x81B68; V375 decoded current='촌가라',Semantic comparison only; separate CPU/render/game regression required,skills_characters_review.csv
character_name:8,EMPTY_PLACEHOLDER,NONE,,,0x81B6C,Empty name8,original_ui_22.png inventory row 337; pointer 0x81B6C; V375 decoded current='',Preserve original blank slot; do not count as untranslated,skills_characters_review.csv
character_name:9,EMPTY_PLACEHOLDER,NONE,,,0x81B70,Empty name9,original_ui_22.png inventory row 338; pointer 0x81B70; V375 decoded current='',Preserve original blank slot; do not count as untranslated,skills_characters_review.csv
character_name:10,EMPTY_PLACEHOLDER,NONE,,,0x81B74,Empty name10,original_ui_22.png inventory row 339; pointer 0x81B74; V375 decoded current='',Preserve original blank slot; do not count as untranslated,skills_characters_review.csv
character_name:11,PASS_SEMANTIC,NONE,ス<N:ゲ:16>ルトン,스켈레톤,0x81B78,Skeleton preserved,original_ui_22.png inventory row 340; pointer 0x81B78; V375 decoded current='스켈레톤',Semantic comparison only; separate CPU/render/game regression required,skills_characters_review.csv
character_name:12,PASS_SEMANTIC,NONE,<N:ニ:13>ースト,고스트,0x81B7C,Ghost preserved,original_ui_22.png inventory row 341; pointer 0x81B7C; V375 decoded current='고스트',Semantic comparison only; separate CPU/render/game regression required,skills_characters_review.csv
character_name:13,PASS_SEMANTIC,NONE,<N:ゾ:12>ン<N:ビ:5>,좀비,0x81B80,Zombie preserved,original_ui_22.png inventory row 342; pointer 0x81B80; V375 decoded current='좀비',Semantic comparison only; separate CPU/render/game regression required,skills_characters_review.csv
character_name:14,PASS_SEMANTIC,NONE,<N:ク:12>リーンスラ<N:｣:11>ム,그린 슬라임,0x81B84,Green Slime preserved,original_ui_22.png inventory row 343; pointer 0x81B84; V375 decoded current='그린 슬라임',Semantic comparison only; separate CPU/render/game regression required,skills_characters_review.csv
character_name:15,CONFIRMED_DEFECT,MEDIUM,カンジャ,간자,0x81B88,Original NINJA rendered Ganja: species name misread,original_ui_22.png inventory row 344; pointer 0x81B88; V375 decoded current='간자',Approve corrected wording/name before edits; verify all counterpart labels and final display,skills_characters_review.csv
character_name:16,PASS_SEMANTIC,NONE,メ<N:｣:11>ジ,메이지,0x81B8C,Mage preserved,original_ui_22.png inventory row 345; pointer 0x81B8C; V375 decoded current='메이지',Semantic comparison only; separate CPU/render/game regression required,skills_characters_review.csv
character_name:17,PASS_SEMANTIC,NONE,フ<N:=:12><N:｣:11>ター,파이터,0x81B90,Fighter preserved,original_ui_22.png inventory row 346; pointer 0x81B90; V375 decoded current='파이터',Semantic comparison only; separate CPU/render/game regression required,skills_characters_review.csv
character_name:18,PASS_SEMANTIC,NONE,破戒僧,파계승,0x81B94,Apostate monk preserved,original_ui_22.png inventory row 347; pointer 0x81B94; V375 decoded current='파계승',Semantic comparison only; separate CPU/render/game regression required,skills_characters_review.csv
character_name:19,PASS_SEMANTIC,NONE,ジャ<N:｣:11>アントバット,자이언트 배트,0x81B98,Giant Bat preserved,original_ui_22.png inventory row 348; pointer 0x81B98; V375 decoded current='자이언트 배트',Semantic comparison only; separate CPU/render/game regression required,skills_characters_review.csv
character_name:20,PASS_SEMANTIC,NONE,トールマスター,돌 마스터,0x81B9C,Doll Master rendered Dol Master: name preserved,original_ui_22.png inventory row 349; pointer 0x81B9C; V375 decoded current='돌 마스터',Semantic comparison only; separate CPU/render/game regression required,skills_characters_review.csv
character_name:21,PASS_SEMANTIC,NONE,死神,사신,0x81BA0,Death spirit translated Sasin preserved,original_ui_22.png inventory row 350; pointer 0x81BA0; V375 decoded current='사신',Semantic comparison only; separate CPU/render/game regression required,skills_characters_review.csv
character_name:22,PASS_SEMANTIC,NONE,エ<N:リ:12>メンタル,엘리멘탈,0x81BA4,Elemental preserved,original_ui_22.png inventory row 351; pointer 0x81BA4; V375 decoded current='엘리멘탈',Semantic comparison only; separate CPU/render/game regression required,skills_characters_review.csv
character_name:23,PASS_SEMANTIC,NONE,妖樹,요수,0x81BA8,Demonic tree Sino-Korean reading preserved,original_ui_22.png inventory row 352; pointer 0x81BA8; V375 decoded current='요수',Semantic comparison only; separate CPU/render/game regression required,skills_characters_review.csv
character_name:24,ACCEPTABLE_ABBREVIATION,NONE,フ<N:=:12>ンタ<N:ス:15>ム,팬텀,0x81BAC,"Phantasm rendered Phantom: related apparition meaning accepted as adaptation, not exact transliteration",original_ui_23.png inventory row 353; pointer 0x81BAC; V375 decoded current='팬텀',Meaning retained as noted; separate CPU/render/game regression required,skills_characters_review.csv
character_name:25,PASS_SEMANTIC,NONE,シート<N:リ:12><N:｣:11>ク,시드레이크,0x81BB0,Sea Drake name preserved,original_ui_23.png inventory row 354; pointer 0x81BB0; V375 decoded current='시드레이크',Semantic comparison only; separate CPU/render/game regression required,skills_characters_review.csv
character_name:26,PASS_SEMANTIC,NONE,マ<N:｣:11>テ<N:ｲ:6>フラ<N:｣:11>,마이티 플라이,0x81BB4,Mighty Fly preserved,original_ui_23.png inventory row 355; pointer 0x81BB4; V375 decoded current='마이티 플라이',Semantic comparison only; separate CPU/render/game regression required,skills_characters_review.csv
character_name:27,PASS_SEMANTIC,NONE,<N:午:15>ラートッ<N:ク:12>,킬러 도그,0x81BB8,Killer Dog preserved,original_ui_23.png inventory row 356; pointer 0x81BB8; V375 decoded current='킬러 도그',Semantic comparison only; separate CPU/render/game regression required,skills_characters_review.csv
character_name:28,PASS_SEMANTIC,NONE,<N:リ:12>ットス<N:ゲ:16>ルトン,레드 스켈레톤,0x81BBC,Red Skeleton preserved,original_ui_23.png inventory row 357; pointer 0x81BBC; V375 decoded current='레드 스켈레톤',Semantic comparison only; separate CPU/render/game regression required,skills_characters_review.csv
character_name:29,PASS_SEMANTIC,NONE,フラックスカル,블랙 스컬,0x81BC0,Black Skull preserved,original_ui_23.png inventory row 358; pointer 0x81BC0; V375 decoded current='블랙 스컬',Semantic comparison only; separate CPU/render/game regression required,skills_characters_review.csv
character_name:30,PASS_SEMANTIC,NONE,<N:リ:12><N:｣:11>ス,레이스,0x81BC4,Wraith preserved,original_ui_23.png inventory row 359; pointer 0x81BC4; V375 decoded current='레이스',Semantic comparison only; separate CPU/render/game regression required,skills_characters_review.csv
character_name:31,PASS_SEMANTIC,NONE,<N:ク:12>ール,구울,0x81BC8,Ghoul preserved,original_ui_23.png inventory row 360; pointer 0x81BC8; V375 decoded current='구울',Semantic comparison only; separate CPU/render/game regression required,skills_characters_review.csv
character_name:32,PASS_SEMANTIC,NONE,フリージー,프리지,0x81BCC,Freezy preserved,original_ui_23.png inventory row 361; pointer 0x81BCC; V375 decoded current='프리지',Semantic comparison only; separate CPU/render/game regression required,skills_characters_review.csv
character_name:33,PASS_SEMANTIC,NONE,アシットスラ<N:｣:11>ム,애시드 슬라임,0x81BD0,Acid Slime preserved,original_ui_23.png inventory row 362; pointer 0x81BD0; V375 decoded current='애시드 슬라임',Semantic comparison only; separate CPU/render/game regression required,skills_characters_review.csv
character_name:34,PASS_SEMANTIC,NONE,アサッシン,어새신,0x81BD4,Assassin preserved,original_ui_23.png inventory row 363; pointer 0x81BD4; V375 decoded current='어새신',Semantic comparison only; separate CPU/render/game regression required,skills_characters_review.csv
character_name:35,CONFIRMED_DEFECT,MEDIUM,スーパーシ<N:メ:6><N:ビ:5>,슈퍼 좀비,0x81BD8,Original SUPER SHINOBI rendered SUPER ZOMBIE: different monster identity,original_ui_23.png inventory row 364; pointer 0x81BD8; V375 decoded current='슈퍼 좀비',Approve corrected wording/name before edits; verify all counterpart labels and final display,skills_characters_review.csv
character_name:36,PASS_SEMANTIC,NONE,ウ<N:｣:11>ッチクラフト,위치 크래프트,0x81BDC,Witchcraft preserved,original_ui_23.png inventory row 365; pointer 0x81BDC; V375 decoded current='위치 크래프트',Semantic comparison only; separate CPU/render/game regression required,skills_characters_review.csv
character_name:37,PASS_SEMANTIC,NONE,ソーサラー,소서러,0x81BE0,Sorcerer preserved,original_ui_23.png inventory row 366; pointer 0x81BE0; V375 decoded current='소서러',Semantic comparison only; separate CPU/render/game regression required,skills_characters_review.csv
character_name:38,PASS_SEMANTIC,NONE,<N:ネ:13>クロマンサー,네크로맨서,0x81BE4,Necromancer preserved,original_ui_23.png inventory row 367; pointer 0x81BE4; V375 decoded current='네크로맨서',Semantic comparison only; separate CPU/render/game regression required,skills_characters_review.csv
character_name:39,PASS_SEMANTIC,NONE,ウ<N:ｲ:6><N:ザ:8>ート,위저드,0x81BE8,Wizard preserved,original_ui_23.png inventory row 368; pointer 0x81BE8; V375 decoded current='위저드',Semantic comparison only; separate CPU/render/game regression required,skills_characters_review.csv
character_name:40,PASS_SEMANTIC,NONE,闇法師,암법사,0x81BEC,Dark priest meaning preserved,original_ui_24.png inventory row 369; pointer 0x81BEC; V375 decoded current='암법사',Semantic comparison only; separate CPU/render/game regression required,skills_characters_review.csv
character_name:41,ACCEPTABLE_ABBREVIATION,NONE,修験者,수행자,0x81BF0,Shugen practitioner translated practitioner: religious subtype generalized,original_ui_24.png inventory row 370; pointer 0x81BF0; V375 decoded current='수행자',Meaning retained as noted; separate CPU/render/game regression required,skills_characters_review.csv
character_name:42,PASS_SEMANTIC,NONE,下法師,하법사,0x81BF4,Original lower priest Sino-Korean reading preserved,original_ui_24.png inventory row 371; pointer 0x81BF4; V375 decoded current='하법사',Semantic comparison only; separate CPU/render/game regression required,skills_characters_review.csv
character_name:43,PASS_SEMANTIC,NONE,<N:ネ:13><N:ビ:5>ュラス,네뷰러스,0x81BF8,Nebulous transliteration preserved,original_ui_24.png inventory row 372; pointer 0x81BF8; V375 decoded current='네뷰러스',Semantic comparison only; separate CPU/render/game regression required,skills_characters_review.csv
character_name:44,PASS_SEMANTIC,NONE,道化師,광대,0x81BFC,Clown meaning preserved,original_ui_24.png inventory row 373; pointer 0x81BFC; V375 decoded current='광대',Semantic comparison only; separate CPU/render/game regression required,skills_characters_review.csv
character_name:45,PASS_SEMANTIC,NONE,デス<N:ハ:12>ウント,데스 하운드,0x81C00,Death Hound preserved,original_ui_24.png inventory row 374; pointer 0x81C00; V375 decoded current='데스 하운드',Semantic comparison only; separate CPU/render/game regression required,skills_characters_review.csv
character_name:46,PASS_SEMANTIC,NONE,デス,데스,0x81C04,Death name preserved,original_ui_24.png inventory row 375; pointer 0x81C04; V375 decoded current='데스',Semantic comparison only; separate CPU/render/game regression required,skills_characters_review.csv
character_name:47,PASS_SEMANTIC,NONE,ウ<N:=:12>ンパ<N:｣:11>アバット,뱀파이어 배트,0x81C08,Vampire Bat preserved,original_ui_24.png inventory row 376; pointer 0x81C08; V375 decoded current='뱀파이어 배트',Semantic comparison only; separate CPU/render/game regression required,skills_characters_review.csv
character_name:48,PASS_SEMANTIC,NONE,ソートマン,소드맨,0x81C0C,Swordman preserved,original_ui_24.png inventory row 377; pointer 0x81C0C; V375 decoded current='소드맨',Semantic comparison only; separate CPU/render/game regression required,skills_characters_review.csv
character_name:49,PASS_SEMANTIC,NONE,ナ<N:｣:11>トマスター,나이트 마스터,0x81C10,Knight Master preserved,original_ui_24.png inventory row 378; pointer 0x81C10; V375 decoded current='나이트 마스터',Semantic comparison only; separate CPU/render/game regression required,skills_characters_review.csv
character_name:50,PASS_SEMANTIC,NONE,<N:ク:12><N:リ:12>ートナ<N:｣:11>ト,그레이트 나이트,0x81C14,Great Knight preserved,original_ui_24.png inventory row 379; pointer 0x81C14; V375 decoded current='그레이트 나이트',Semantic comparison only; separate CPU/render/game regression required,skills_characters_review.csv
character_name:51,PASS_SEMANTIC,NONE,ポ<N:｣:11><N:ス:15>ンスモッ<N:ク:12>,포이즌 스모그,0x81C18,Poison Smog preserved,original_ui_24.png inventory row 380; pointer 0x81C18; V375 decoded current='포이즌 스모그',Semantic comparison only; separate CPU/render/game regression required,skills_characters_review.csv
character_name:52,PASS_SEMANTIC,NONE,メデューサリ<N:ザ:8>ート,메두사 리자드,0x81C1C,Medusa Lizard preserved,original_ui_24.png inventory row 381; pointer 0x81C1C; V375 decoded current='메두사 리자드',Semantic comparison only; separate CPU/render/game regression required,skills_characters_review.csv
character_name:53,PASS_SEMANTIC,NONE,トラ<N:ニ:13>ンフラ<N:｣:11>,드래곤 플라이,0x81C20,Dragonfly preserved,original_ui_24.png inventory row 382; pointer 0x81C20; V375 decoded current='드래곤 플라이',Semantic comparison only; separate CPU/render/game regression required,skills_characters_review.csv
character_name:54,PASS_SEMANTIC,NONE,マントラッ<N:フ:11>,맨트랩,0x81C24,Mantrap preserved,original_ui_24.png inventory row 383; pointer 0x81C24; V375 decoded current='맨트랩',Semantic comparison only; separate CPU/render/game regression required,skills_characters_review.csv
character_name:55,PASS_SEMANTIC,NONE,デスフ<N:リ:12><N:｣:11>ム,데스 플레임,0x81C28,Death Flame preserved,original_ui_24.png inventory row 384; pointer 0x81C28; V375 decoded current='데스 플레임',Semantic comparison only; separate CPU/render/game regression required,skills_characters_review.csv
character_name:56,PASS_SEMANTIC,NONE,エ<N:リ:12>メンタルマスター,엘리멘탈 마스터,0x81C2C,Elemental Master preserved,original_ui_25.png inventory row 385; pointer 0x81C2C; V375 decoded current='엘리멘탈 마스터',Semantic comparison only; separate CPU/render/game regression required,skills_characters_review.csv
character_name:57,PASS_SEMANTIC,NONE,<N:｣:11>ー<N:力:5>,이가,0x81C30,Iga correctly preserved here; SAME original name as ID5 but current labels disagree,original_ui_25.png inventory row 386; pointer 0x81C30; V375 decoded current='이가',Semantic comparison only; separate CPU/render/game regression required,skills_characters_review.csv
character_name:58,EMPTY_PLACEHOLDER,NONE,,,0x81C34,Empty name58,original_ui_25.png inventory row 387; pointer 0x81C34; V375 decoded current='',Preserve original blank slot; do not count as untranslated,skills_characters_review.csv
character_name:59,PASS_SEMANTIC,NONE,野生へモジー,야생 헤모지,0x81C38,Wild Hemoji preserved,original_ui_25.png inventory row 388; pointer 0x81C38; V375 decoded current='야생 헤모지',Semantic comparison only; separate CPU/render/game regression required,skills_characters_review.csv
character_name:60,PASS_SEMANTIC,NONE,<N:リ:12>ッサーデーモン,레서 데몬,0x81C3C,Lesser Demon preserved,original_ui_25.png inventory row 389; pointer 0x81C3C; V375 decoded current='레서 데몬',Semantic comparison only; separate CPU/render/game regression required,skills_characters_review.csv
character_name:61,PASS_SEMANTIC,NONE,<N:ク:12><N:リ:12>ーターデーモン,그레이터 데몬,0x81C40,Greater Demon preserved,original_ui_25.png inventory row 390; pointer 0x81C40; V375 decoded current='그레이터 데몬',Semantic comparison only; separate CPU/render/game regression required,skills_characters_review.csv
character_name:62,CONFIRMED_DEFECT,MEDIUM,スタン<N:ニ:13>ー<N:リ:12>ム,스톤 골렘,0x81C44,Original STUN GOLEM rendered STONE GOLEM: modifier changed,original_ui_25.png inventory row 391; pointer 0x81C44; V375 decoded current='스톤 골렘',Approve corrected wording/name before edits; verify all counterpart labels and final display,skills_characters_review.csv
character_name:63,PASS_SEMANTIC,NONE,ワ<N:｣:11>バーン,와이번,0x81C48,Wyvern preserved,original_ui_25.png inventory row 392; pointer 0x81C48; V375 decoded current='와이번',Semantic comparison only; separate CPU/render/game regression required,skills_characters_review.csv
character_name:64,PASS_SEMANTIC,NONE,マットバトラー,매드 배틀러,0x81C4C,Mad Battler transliteration retained,original_ui_25.png inventory row 393; pointer 0x81C4C; V375 decoded current='매드 배틀러',Semantic comparison only; separate CPU/render/game regression required,skills_characters_review.csv
character_name:65,PASS_SEMANTIC,NONE,アークデーモン,아크 데몬,0x81C50,Arc Demon preserved,original_ui_25.png inventory row 394; pointer 0x81C50; V375 decoded current='아크 데몬',Semantic comparison only; separate CPU/render/game regression required,skills_characters_review.csv
character_name:66,PASS_SEMANTIC,NONE,フ<N:=:12><N:｣:11>ア<N:ニ:13>ー<N:リ:12>ム,파이어 골렘,0x81C54,Fire Golem preserved,original_ui_25.png inventory row 395; pointer 0x81C54; V375 decoded current='파이어 골렘',Semantic comparison only; separate CPU/render/game regression required,skills_characters_review.csv
character_name:67,PASS_SEMANTIC,NONE,カッパートラ<N:ニ:13>ン,코퍼 드래곤,0x81C58,Copper Dragon transliteration preserved,original_ui_25.png inventory row 396; pointer 0x81C58; V375 decoded current='코퍼 드래곤',Semantic comparison only; separate CPU/render/game regression required,skills_characters_review.csv
character_name:68,PASS_SEMANTIC,NONE,<N:ク:12><N:リ:12>ートサー<N:へ:4>ント,그레이트 서펀트,0x81C5C,Great Serpent preserved,original_ui_25.png inventory row 397; pointer 0x81C5C; V375 decoded current='그레이트 서펀트',Semantic comparison only; separate CPU/render/game regression required,skills_characters_review.csv
character_name:69,PASS_SEMANTIC,NONE,修行僧,수행승,0x81C60,Training monk meaning preserved,original_ui_25.png inventory row 398; pointer 0x81C60; V375 decoded current='수행승',Semantic comparison only; separate CPU/render/game regression required,skills_characters_review.csv
character_name:70,PASS_SEMANTIC,NONE,ラマダ大僧正,라마다 대승정,0x81C64,Ramada high priest meaning preserved,original_ui_25.png inventory row 399; pointer 0x81C64; V375 decoded current='라마다 대승정',Semantic comparison only; separate CPU/render/game regression required,skills_characters_review.csv
character_name:71,PASS_SEMANTIC,NONE,<N:ク:12>ラ・アピス,그라 아비스,0x81C68,Gra Abis preserved,original_ui_25.png inventory row 400; pointer 0x81C68; V375 decoded current='그라 아비스',Semantic comparison only; separate CPU/render/game regression required,skills_characters_review.csv
character_name:72,CONFIRMED_DEFECT,MEDIUM,ニ・アピス,니 아비스,0x81C6C,Original KO ABIS rendered NI ABIS: KO misread as NI,original_ui_26.png inventory row 401; pointer 0x81C6C; V375 decoded current='니 아비스',Approve corrected wording/name before edits; verify all counterpart labels and final display,skills_characters_review.csv
character_name:73,PASS_SEMANTIC,NONE,ラリュウ<N:午:15>,라류우키,0x81C70,Raryuki transliteration preserved,original_ui_26.png inventory row 402; pointer 0x81C70; V375 decoded current='라류우키',Semantic comparison only; separate CPU/render/game regression required,skills_characters_review.csv
character_name:74,PASS_SEMANTIC,NONE,<N:ヒ:5>ョウエン<N:午:15>,효엔키,0x81C74,Hyoenki transliteration preserved,original_ui_26.png inventory row 403; pointer 0x81C74; V375 decoded current='효엔키',Semantic comparison only; separate CPU/render/game regression required,skills_characters_review.csv
character_name:75,PASS_SEMANTIC,NONE,ムル・アピス,무르 아비스,0x81C78,Muru Abis preserved,original_ui_26.png inventory row 404; pointer 0x81C78; V375 decoded current='무르 아비스',Semantic comparison only; separate CPU/render/game regression required,skills_characters_review.csv
character_name:76,PASS_SEMANTIC,NONE,ラ・アピス,라 아비스,0x81C7C,Ra Abis preserved,original_ui_26.png inventory row 405; pointer 0x81C7C; V375 decoded current='라 아비스',Semantic comparison only; separate CPU/render/game regression required,skills_characters_review.csv
character_name:77,PASS_SEMANTIC,NONE,ちょこ,초코,0x81C80,Choko preserved,original_ui_26.png inventory row 406; pointer 0x81C80; V375 decoded current='초코',Semantic comparison only; separate CPU/render/game regression required,skills_characters_review.csv
character_name:78,PASS_SEMANTIC,NONE,たからばこ,보물상자,0x81C84,Treasure chest preserved,original_ui_26.png inventory row 407; pointer 0x81C84; V375 decoded current='보물상자',Semantic comparison only; separate CPU/render/game regression required,skills_characters_review.csv
character_name:79,PASS_SEMANTIC,NONE,たからばこ,보물상자,0x81C88,Treasure chest preserved,original_ui_26.png inventory row 408; pointer 0x81C88; V375 decoded current='보물상자',Semantic comparison only; separate CPU/render/game regression required,skills_characters_review.csv
character_name:80,PASS_SEMANTIC,NONE,<N:ゲ:16>ラック,케락,0x81C8C,"Kerak preserved, matches skill38",original_ui_26.png inventory row 409; pointer 0x81C8C; V375 decoded current='케락',Semantic comparison only; separate CPU/render/game regression required,skills_characters_review.csv
character_name:81,EMPTY_PLACEHOLDER,NONE,,,0x81C90,Empty name81,original_ui_26.png inventory row 410; pointer 0x81C90; V375 decoded current='',Preserve original blank slot; do not count as untranslated,skills_characters_review.csv
character_name:82,PASS_SEMANTIC,NONE,モフリー,모프리,0x81C94,"Mofri preserved, matches skill39",original_ui_26.png inventory row 411; pointer 0x81C94; V375 decoded current='모프리',Semantic comparison only; separate CPU/render/game regression required,skills_characters_review.csv
character_name:83,PASS_SEMANTIC,NONE,フウジン,후우진,0x81C98,"Fujin preserved, matches skill40",original_ui_26.png inventory row 412; pointer 0x81C98; V375 decoded current='후우진',Semantic comparison only; separate CPU/render/game regression required,skills_characters_review.csv
character_name:84,PASS_SEMANTIC,NONE,ラ<N:｣:11>ジン,라이진,0x81C9C,"Raijin preserved, matches skill41",original_ui_26.png inventory row 413; pointer 0x81C9C; V375 decoded current='라이진',Semantic comparison only; separate CPU/render/game regression required,skills_characters_review.csv
character_name:85,CONFIRMED_DEFECT,LOW,オトン,오톤,0x81CA0,Original ODON rendered OTON: voiced DO misread; also name43/description43,original_ui_26.png inventory row 414; pointer 0x81CA0; V375 decoded current='오톤',Approve corrected wording/name before edits; verify all counterpart labels and final display,skills_characters_review.csv
character_name:86,PASS_SEMANTIC,NONE,ちょこ,초코,0x81CA4,"Choko preserved, matches skill45",original_ui_26.png inventory row 415; pointer 0x81CA4; V375 decoded current='초코',Semantic comparison only; separate CPU/render/game regression required,skills_characters_review.csv
character_name:87,PASS_SEMANTIC,NONE,へモジー,헤모지,0x81CA8,"Hemoji preserved, matches skill42",original_ui_26.png inventory row 416; pointer 0x81CA8; V375 decoded current='헤모지',Semantic comparison only; separate CPU/render/game regression required,skills_characters_review.csv
character_name:88,PASS_SEMANTIC,NONE,炎,불꽃,0x81CAC,Flame preserved,original_ui_27.png inventory row 417; pointer 0x81CAC; V375 decoded current='불꽃',Semantic comparison only; separate CPU/render/game regression required,skills_characters_review.csv
character_name:89,EMPTY_PLACEHOLDER,NONE,,,0x81CB0,Empty name89,original_ui_27.png inventory row 418; pointer 0x81CB0; V375 decoded current='',Preserve original blank slot; do not count as untranslated,skills_characters_review.csv
character_name:90,EMPTY_PLACEHOLDER,NONE,,,0x81CB4,Empty name90,original_ui_27.png inventory row 419; pointer 0x81CB4; V375 decoded current='',Preserve original blank slot; do not count as untranslated,skills_characters_review.csv
character_name:91,EMPTY_PLACEHOLDER,NONE,,,0x81CB8,Empty name91,original_ui_27.png inventory row 420; pointer 0x81CB8; V375 decoded current='',Preserve original blank slot; do not count as untranslated,skills_characters_review.csv
character_name:92,EMPTY_PLACEHOLDER,NONE,,,0x81CBC,Empty name92,original_ui_27.png inventory row 421; pointer 0x81CBC; V375 decoded current='',Preserve original blank slot; do not count as untranslated,skills_characters_review.csv
character_name:93,EMPTY_PLACEHOLDER,NONE,,,0x81CC0,Empty name93,original_ui_27.png inventory row 422; pointer 0x81CC0; V375 decoded current='',Preserve original blank slot; do not count as untranslated,skills_characters_review.csv
character_name:94,EMPTY_PLACEHOLDER,NONE,,,0x81CC4,Empty name94,original_ui_27.png inventory row 423; pointer 0x81CC4; V375 decoded current='',Preserve original blank slot; do not count as untranslated,skills_characters_review.csv
character_name:95,EMPTY_PLACEHOLDER,NONE,,,0x81CC8,Empty name95,original_ui_27.png inventory row 424; pointer 0x81CC8; V375 decoded current='',Preserve original blank slot; do not count as untranslated,skills_characters_review.csv
character_name:96,EMPTY_PLACEHOLDER,NONE,,,0x81CCC,Empty name96,original_ui_27.png inventory row 425; pointer 0x81CCC; V375 decoded current='',Preserve original blank slot; do not count as untranslated,skills_characters_review.csv
character_name:97,EMPTY_PLACEHOLDER,NONE,,,0x81CD0,Empty name97,original_ui_27.png inventory row 426; pointer 0x81CD0; V375 decoded current='',Preserve original blank slot; do not count as untranslated,skills_characters_review.csv
character_name:98,EMPTY_PLACEHOLDER,NONE,,,0x81CD4,Empty name98,original_ui_27.png inventory row 427; pointer 0x81CD4; V375 decoded current='',Preserve original blank slot; do not count as untranslated,skills_characters_review.csv
character_name:99,EMPTY_PLACEHOLDER,NONE,,,0x81CD8,Empty name99,original_ui_27.png inventory row 428; pointer 0x81CD8; V375 decoded current='',Preserve original blank slot; do not count as untranslated,skills_characters_review.csv
character_name:100,PASS_SEMANTIC,NONE,ダークアーク,다크 아크,0x81CDC,"Dark Arc preserved, matches base0",original_ui_27.png inventory row 429; pointer 0x81CDC; V375 decoded current='다크 아크',Semantic comparison only; separate CPU/render/game regression required,skills_characters_review.csv
character_name:101,PASS_SEMANTIC,NONE,ダークククル,다크 쿠쿠루,0x81CE0,"Dark Kukuru preserved, matches base1",original_ui_27.png inventory row 430; pointer 0x81CE0; V375 decoded current='다크 쿠쿠루',Semantic comparison only; separate CPU/render/game regression required,skills_characters_review.csv
character_name:102,PASS_SEMANTIC,NONE,ダークトッシュ,다크 토슈,0x81CE4,"Dark Tosh preserved, matches base2",original_ui_27.png inventory row 431; pointer 0x81CE4; V375 decoded current='다크 토슈',Semantic comparison only; separate CPU/render/game regression required,skills_characters_review.csv
character_name:103,PASS_SEMANTIC,NONE,ダークポニ,다크 포코,0x81CE8,"Dark Poco preserved, matches base3",original_ui_27.png inventory row 432; pointer 0x81CE8; V375 decoded current='다크 포코',Semantic comparison only; separate CPU/render/game regression required,skills_characters_review.csv
character_name:104,CONFIRMED_DEFECT,HIGH,ダーク<N:ニ:13>ーゲン,다크 이가,0x81CEC,Original DARK GOGEN rendered DARK IGA: ID4/5 swap propagated to dark counterpart104,original_ui_28.png inventory row 433; pointer 0x81CEC; V375 decoded current='다크 이가',Approve corrected wording/name before edits; verify all counterpart labels and final display,skills_characters_review.csv
character_name:105,CONFIRMED_DEFECT,HIGH,ダーク<N:｣:11>ー<N:力:5>,다크 고겐,0x81CF0,Original DARK IGA rendered DARK GOGEN: ID4/5 swap propagated to dark counterpart105,original_ui_28.png inventory row 434; pointer 0x81CF0; V375 decoded current='다크 고겐',Approve corrected wording/name before edits; verify all counterpart labels and final display,skills_characters_review.csv
character_name:106,PASS_SEMANTIC,NONE,ダークマーシャル,다크 마샬,0x81CF4,"Dark Marshall preserved, matches base6",original_ui_28.png inventory row 435; pointer 0x81CF4; V375 decoded current='다크 마샬',Semantic comparison only; separate CPU/render/game regression required,skills_characters_review.csv
character_name:107,PASS_SEMANTIC,NONE,ダークチョン<N:力:5>ラ,다크 촌가라,0x81CF8,"Dark Chongara preserved, matches base7",original_ui_28.png inventory row 436; pointer 0x81CF8; V375 decoded current='다크 촌가라',Semantic comparison only; separate CPU/render/game regression required,skills_characters_review.csv
card_label:1,PASS_SEMANTIC,NONE,カート1,카드 1,0x78088,원문/현행을 직접 대조해 의미·대상·명령의 실질 변화 없음. 장음/일반 음역 차이는 오류로 세지 않음.,current=카드 1; source glyph=original_ui_01.png ID card_label:1; original bytes=BC 31 95 12; V375 pointer=0x80192878,실제 화면/동작 검증은 별도,system_location_review.csv
card_label:2,PASS_SEMANTIC,NONE,カート2,카드 2,0x7808C,원문/현행을 직접 대조해 의미·대상·명령의 실질 변화 없음. 장음/일반 음역 차이는 오류로 세지 않음.,current=카드 2; source glyph=original_ui_01.png ID card_label:2; original bytes=BC 31 95 13; V375 pointer=0x80192880,실제 화면/동작 검증은 별도,system_location_review.csv
ui_pointer:780E8,PASS_SEMANTIC,NONE,はじめから,처음부터,0x780E8,원문/현행을 직접 대조해 의미·대상·명령의 실질 변화 없음. 장음/일반 음역 차이는 오류로 세지 않음.,current=처음부터; source glyph=original_ui_01.png ID ui_pointer:780E8; original bytes=28 4A 51 20 33; V375 pointer=0x8019AF3E,실제 화면/동작 검증은 별도,system_location_review.csv
ui_pointer:780EC,PASS_SEMANTIC,NONE,セーフされていません,저장 데이터가 없습니다,0x780EC,원문/현행을 직접 대조해 의미·대상·명령의 실질 변화 없음. 장음/일반 음역 차이는 오류로 세지 않음.,current=저장 데이터가 없습니다; source glyph=original_ui_01.png ID ui_pointer:780EC; original bytes=DD 60 31 C9 3A 32 21 1B 27 59 2D; V375 pointer=0x8019C712,실제 화면/동작 검증은 별도,system_location_review.csv
ui_pointer:780F0,PASS_SEMANTIC,NONE,カートにあきがありません,메모리 카드에 남은 공간이 없습니다,0x780F0,원문/현행을 직접 대조해 의미·대상·명령의 실질 변화 없음. 장음/일반 음역 차이는 오류로 세지 않음.,current=메모리 카드에 남은 공간이 없습니다; source glyph=original_ui_01.png ID ui_pointer:780F0; original bytes=BC 31 95 23 3F 44 2A 3F 39 27 59 2D; V375 pointer=0x8019B472,실제 화면/동작 검증은 별도,system_location_review.csv
ui_pointer:780F4,PASS_SEMANTIC,NONE,このままつづける,그대로 계속하기,0x780F4,원문/현행을 직접 대조해 의미·대상·명령의 실질 변화 없음. 장음/일반 음역 차이는 오류로 세지 않음.,current=그대로 계속하기; source glyph=original_ui_01.png ID ui_pointer:780F4; original bytes=2E 1C 27 27 45 DD F9 49 22; V375 pointer=0x8019AB9D,실제 화면/동작 검증은 별도,system_location_review.csv
ui_pointer:780F8,PASS_SEMANTIC,NONE,データがこわれています,데이터가 손상되었습니다,0x780F8,원문/현행을 직접 대조해 의미·대상·명령의 실질 변화 없음. 장음/일반 음역 차이는 오류로 세지 않음.,current=데이터가 손상되었습니다; source glyph=original_ui_01.png ID ui_pointer:780F8; original bytes=81 31 62 2A 2E 43 32 21 1B 27 2B; V375 pointer=0x8019C7DE,실제 화면/동작 검증은 별도,system_location_review.csv
ui_pointer:781B8,NEEDS_SOURCE_CONFIRMATION,MEDIUM,データをえらんでください,불러올 데이터를 선택하세요,0x781B8,Direct original caller8012C7CC passes to8012D734 after selector drawing8012D220; load-only menu reachability still not fully traced.,Original MIPS disassembly; extra_system_probe.py contexts and configuration80160810..80160928,Root must merge this update with original 255-row review; unresolved caller traces remain,extra_system_review.csv
ui_pointer:781BC,PASS_SEMANTIC,NONE,メモリーカートをつかわすにゲームをつづけますか？,메모리 카드 없이 계속하시겠습니까?,0x781BC,원문/현행을 직접 대조해 의미·대상·명령의 실질 변화 없음. 장음/일반 음역 차이는 오류로 세지 않음.,current=메모리 카드 없이 계속하시겠습니까?; source glyph=original_ui_01.png ID ui_pointer:781BC; original bytes=78 5F 6B 31 BC 31 95 2F 45 20 43 8C 23 DD 4D 31 D8 2F 45 DD F9 49 27 2B 20 3C; V375 pointer=0x8019C514,실제 화면/동작 검증은 별도,system_location_review.csv
ui_pointer:781C0,ACCEPTABLE_ABBREVIATION,LOW,メモリーカートをセットして<CTRL:E7>！<N:卞:16>タンをおしてください,메모리 카드를 넣고 확인 버튼을 누르세요,0x781C0,확인 버튼 E702 아이콘을 일반어 확인 버튼으로 의역; 동작 의미 유지.,current=메모리 카드를 넣고 확인 버튼을 누르세요; source glyph=original_ui_01.png ID ui_pointer:781C0; original bytes=78 5F 6B 31 BC 31 95 2F DD 60 82 5C 1E 21 E7 02 DD A1 62 34 2F 3B 1E 21 3E 35 3A 1B; V375 pointer=0x8019B3D2,실제 화면/동작 검증은 별도,system_location_review.csv
ui_pointer:781C4,PASS_SEMANTIC,NONE,どちらのカートをつかいますか？,어느 카드를 사용하시겠습니까?,0x781C4,원문/현행을 직접 대조해 의미·대상·명령의 실질 변화 없음. 장음/일반 음역 차이는 오류로 세지 않음.,current=어느 카드를 사용하시겠습니까?; source glyph=original_ui_01.png ID ui_pointer:781C4; original bytes=54 4B 33 1C BC 31 95 2F 45 20 1B 27 2B 20 3C; V375 pointer=0x8019B51C,실제 화면/동작 검증은 별도,system_location_review.csv
ui_pointer:781C8,PASS_SEMANTIC,NONE,メモリーカートをフ<N:｣:13>ーマットしますか？,메모리 카드를 초기화하시겠습니까?,0x781C8,원문/현행을 직접 대조해 의미·대상·명령의 실질 변화 없음. 장음/일반 음역 차이는 오류로 세지 않음.,current=메모리 카드를 초기화하시겠습니까?; source glyph=original_ui_01.png ID ui_pointer:781C8; original bytes=78 5F 6B 31 BC 31 95 2F A6 DE B4 31 64 82 5C 1E 27 2B 20 3C; V375 pointer=0x8019C5B2,실제 화면/동작 검증은 별도,system_location_review.csv
ui_pointer:781CC,PASS_SEMANTIC,NONE,メモリーカートがいつっいですがゲームをつづけますか？,메모리 카드가 가득합니다. 계속하시겠습니까?,0x781CC,원문/현행을 직접 대조해 의미·대상·명령의 실질 변화 없음. 장음/일반 음역 차이는 오류로 세지 않음.,current=메모리 카드가 가득합니다. 계속하시겠습니까?; source glyph=original_ui_01.png ID ui_pointer:781CC; original bytes=78 5F 6B 31 BC 31 95 2A 1B 29 75 1B 30 2B 2A DD 4D 31 D8 2F 45 DD F9 49 27 2B 20 3C; V375 pointer=0x8019B394,실제 화면/동작 검증은 별도,system_location_review.csv
ui_pointer:781D0,PASS_SEMANTIC,NONE,いらないフ<N:=:12><N:｣:11>ルをけすか、ベつのカートをセットしてください,쓰지 않는 데이터를 지우거나 다른 카드를 넣으세요,0x781D0,원문/현행을 직접 대조해 의미·대상·명령의 실질 변화 없음. 장음/일반 음역 차이는 오류로 세지 않음.,current=쓰지 않는 데이터를 지우거나 다른 카드를 넣으세요; source glyph=original_ui_01.png ID ui_pointer:781D0; original bytes=1B 33 1D 1B A6 DE 4E 65 53 2F 49 2B 20 24 DD 35 45 1C BC 31 95 2F DD 60 82 5C 1E 21 3E 35 3A 1B; V375 pointer=0x8019B3B3,실제 화면/동작 검증은 별도,system_location_review.csv
ui_pointer:78220,PASS_SEMANTIC,NONE,メモリーカートをチ<N:±:6>ックしています,메모리 카드를 확인하고 있습니다,0x78220,원문/현행을 직접 대조해 의미·대상·명령의 실질 변화 없음. 장음/일반 음역 차이는 오류로 세지 않음.,current=메모리 카드를 확인하고 있습니다; source glyph=original_ui_01.png ID ui_pointer:78220; original bytes=78 5F 6B 31 BC 31 95 2F 6C DF 5D 82 4E 1E 21 1B 27 2B; V375 pointer=0x8019C5DD,실제 화면/동작 검증은 별도,system_location_review.csv
ui_pointer:78224,PASS_SEMANTIC,NONE,メモリーカートをフ<N:｣:13>ーマットしています,메모리 카드를 초기화하고 있습니다,0x78224,원문/현행을 직접 대조해 의미·대상·명령의 실질 변화 없음. 장음/일반 음역 차이는 오류로 세지 않음.,current=메모리 카드를 초기화하고 있습니다; source glyph=original_ui_01.png ID ui_pointer:78224; original bytes=78 5F 6B 31 BC 31 95 2F A6 DE B4 31 64 82 5C 1E 21 1B 27 2B; V375 pointer=0x8019C59C,실제 화면/동작 검증은 별도,system_location_review.csv
ui_pointer:78228,PASS_SEMANTIC,NONE,データをセーフしています,데이터를 저장하고 있습니다,0x78228,원문/현행을 직접 대조해 의미·대상·명령의 실질 변화 없음. 장음/일반 음역 차이는 오류로 세지 않음.,current=데이터를 저장하고 있습니다; source glyph=original_ui_02.png ID ui_pointer:78228; original bytes=81 31 62 2F DD 60 31 C9 1E 21 1B 27 2B; V375 pointer=0x8019B804,실제 화면/동작 검증은 별도,system_location_review.csv
ui_pointer:7822C,PASS_SEMANTIC,NONE,データをロートしています,데이터를 불러오고 있습니다,0x7822C,원문/현행을 직접 대조해 의미·대상·명령의 실질 변화 없음. 장음/일반 음역 차이는 오류로 세지 않음.,current=데이터를 불러오고 있습니다; source glyph=original_ui_02.png ID ui_pointer:7822C; original bytes=81 31 62 2F A2 31 95 1E 21 1B 27 2B; V375 pointer=0x8019B7F4,실제 화면/동작 검증은 별도,system_location_review.csv
region_name:0,PASS_SEMANTIC,NONE,スメリア<N:空:2>港,스메리아 공항,0x81E38,원문/현행을 직접 대조해 의미·대상·명령의 실질 변화 없음. 장음/일반 음역 차이는 오류로 세지 않음.,current=스메리아 공항; source glyph=original_ui_28.png ID region_name:0; original bytes=47 78 6B 42 DD 18 DD 4A; V375 pointer=0x8019ABD4,실제 화면/동작 검증은 별도,system_location_review.csv
region_name:1,PASS_SEMANTIC,NONE,トウウ<N:ｲ:6>ル,토우빌,0x81E3C,원문/현행을 직접 대조해 의미·대상·명령의 실질 변화 없음. 장음/일반 음역 차이는 오류로 세지 않음.,current=토우빌; source glyph=original_ui_28.png ID region_name:1; original bytes=5C 71 DD 39 DD 03 53; V375 pointer=0x8019AFA0,실제 화면/동작 검증은 별도,system_location_review.csv
region_name:2,PASS_SEMANTIC,NONE,パ<N:リ:12>ンシア城,팔렌시아 성,0x81E40,원문/현행을 직접 대조해 의미·대상·명령의 실질 변화 없음. 장음/일반 음역 차이는 오류로 세지 않음.,current=팔렌시아 성; source glyph=original_ui_28.png ID region_name:2; original bytes=A3 6F 34 60 42 DD 17; V375 pointer=0x8019C176,실제 화면/동작 검증은 별도,system_location_review.csv
region_name:3,CONFIRMED_DEFECT,MEDIUM,オルカスの丘,오르카스 언덕,0x81E44,オルニス(오르니스)를 오르카스로 오독.,current=오르카스 언덕; source glyph=original_ui_28.png ID region_name:3; original bytes=8F 53 DD 56 47 1C DE F2; V375 pointer=0x8019D128,번역 승인 후 동일 원문 표시 경로를 함께 교정; 실제 표시/호출 확인,system_location_review.csv
region_name:4,PASS_SEMANTIC,NONE,封印の滝,봉인의 폭포,0x81E48,원문/현행을 직접 대조해 의미·대상·명령의 실질 변화 없음. 장음/일반 음역 차이는 오류로 세지 않음.,current=봉인의 폭포; source glyph=original_ui_28.png ID region_name:4; original bytes=DD 0F DD 44 1C DE 31; V375 pointer=0x8019C1BC,실제 화면/동작 검증은 별도,system_location_review.csv
region_name:5,CONFIRMED_DEFECT,MEDIUM,ニル<N:卞:16>平原,니르 평원,0x81E4C,コルボ(코르보)를 니르로 오독.,current=니르 평원; source glyph=original_ui_28.png ID region_name:5; original bytes=D1 53 DD A1 DE BE DE EB; V375 pointer=0x8019BE78,번역 승인 후 동일 원문 표시 경로를 함께 교정; 실제 표시/호출 확인,system_location_review.csv
region_name:6,PASS_SEMANTIC,NONE,カラ<N:力:5>ン平野,카라간 평야,0x81E50,원문/현행을 직접 대조해 의미·대상·명령의 실질 변화 없음. 장음/일반 음역 차이는 오류로 세지 않음.,current=카라간 평야; source glyph=original_ui_28.png ID region_name:6; original bytes=BC 57 DD 02 34 DE BE DD E7; V375 pointer=0x8019C11C,실제 화면/동작 검증은 별도,system_location_review.csv
region_name:7,CONFIRMED_DEFECT,MEDIUM,ク<N:｣:11>ナの丘,쿠나 언덕,0x81E54,クイナ(쿠이나)의 イ 누락: 쿠나.,current=쿠나 언덕; source glyph=original_ui_28.png ID region_name:7; original bytes=4E 65 7C 1C DE F2; V375 pointer=0x8019BD95,번역 승인 후 동일 원문 표시 경로를 함께 교정; 실제 표시/호출 확인,system_location_review.csv
region_name:8,PASS_SEMANTIC,NONE,ミルマーナ<N:空:2>港,미르마나 공항,0x81E58,원문/현행을 직접 대조해 의미·대상·명령의 실질 변화 없음. 장음/일반 음역 차이는 오류로 세지 않음.,current=미르마나 공항; source glyph=original_ui_28.png ID region_name:8; original bytes=DD 3A 53 64 31 7C DD 18 DD 4A; V375 pointer=0x8019B182,실제 화면/동작 검증은 별도,system_location_review.csv
region_name:9,PASS_SEMANTIC,NONE,首都の軍本部,수도 군본부,0x81E5C,원문/현행을 직접 대조해 의미·대상·명령의 실질 변화 없음. 장음/일반 음역 차이는 오류로 세지 않음.,current=수도 군본부; source glyph=original_ui_28.png ID region_name:9; original bytes=DE DD DE 98 1C BA 92 DD 25; V375 pointer=0x8019BD05,실제 화면/동작 검증은 별도,system_location_review.csv
region_name:10,PASS_SEMANTIC,NONE,トヨー<N:ゲ:16>の森,토요케 숲,0x81E60,원문/현행을 직접 대조해 의미·대상·명령의 실질 변화 없음. 장음/일반 음역 차이는 오류로 세지 않음.,current=토요케 숲; source glyph=original_ui_28.png ID region_name:10; original bytes=5C DD 14 31 DD 6D 1C DD 10; V375 pointer=0x8019BD3D,실제 화면/동작 검증은 별도,system_location_review.csv
region_name:11,PASS_SEMANTIC,NONE,ルワジの森,루와지 숲,0x81E64,원문/현행을 직접 대조해 의미·대상·명령의 실질 변화 없음. 장음/일반 음역 차이는 오류로 세지 않음.,current=루와지 숲; source glyph=original_ui_28.png ID region_name:11; original bytes=53 DD A0 7F 1C DD 10; V375 pointer=0x8019BDAD,실제 화면/동작 검증은 별도,system_location_review.csv
region_name:12,CONFIRMED_DEFECT,MEDIUM,カカラスの森,카카라스 숲,0x81E68,ニカラス(니카라스)를 카카라스로 오독.,current=카카라스 숲; source glyph=original_ui_29.png ID region_name:12; original bytes=DD 56 BC 57 47 1C DD 10; V375 pointer=0x8019C126,번역 승인 후 동일 원문 표시 경로를 함께 교정; 실제 표시/호출 확인,system_location_review.csv
region_name:13,CONFIRMED_DEFECT,MEDIUM,センバラの沼,센바라 늘,0x81E6C,沼(늪)를 늘로 오자.,current=센바라 늘; source glyph=original_ui_29.png ID region_name:13; original bytes=DD 60 34 AF 57 1C DF 34; V375 pointer=0x8019BBF9,번역 승인 후 동일 원문 표시 경로를 함께 교정; 실제 표시/호출 확인,system_location_review.csv
region_name:14,PASS_SEMANTIC,NONE,<N:ク:12><N:リ:12><N:｣:11>シーヌ<N:空:2>港,그레이시누 공항,0x81E70,원문/현행을 직접 대조해 의미·대상·명령의 실질 변화 없음. 장음/일반 음역 차이는 오류로 세지 않음.,current=그레이시누 공항; source glyph=original_ui_29.png ID region_name:14; original bytes=80 6F 65 60 31 DD C7 DD 18 DD 4A; V375 pointer=0x8019C79D,실제 화면/동작 검증은 별도,system_location_review.csv
region_name:15,PASS_SEMANTIC,NONE,ラマダ寺,라마다사,0x81E74,원문/현행을 직접 대조해 의미·대상·명령의 실질 변화 없음. 장음/일반 음역 차이는 오류로 세지 않음.,current=라마다사; source glyph=original_ui_29.png ID region_name:15; original bytes=57 64 67 DD 9E; V375 pointer=0x8019AFAF,실제 화면/동작 검증은 별도,system_location_review.csv
region_name:16,PASS_SEMANTIC,NONE,ラマダ山,라마다산,0x81E78,원문/현행을 직접 대조해 의미·대상·명령의 실질 변화 없음. 장음/일반 음역 차이는 오류로 세지 않음.,current=라마다산; source glyph=original_ui_29.png ID region_name:16; original bytes=57 64 67 9B; V375 pointer=0x8019AEFC,실제 화면/동작 검증은 별도,system_location_review.csv
region_name:17,PASS_SEMANTIC,NONE,アララトス<N:空:2>港,아라라토스 공항,0x81E7C,원문/현행을 직접 대조해 의미·대상·명령의 실질 변화 없음. 장음/일반 음역 차이는 오류로 세지 않음.,current=아라라토스 공항; source glyph=original_ui_29.png ID region_name:17; original bytes=42 57 57 5C 47 DD 18 DD 4A; V375 pointer=0x8019AB92,실제 화면/동작 검증은 별도,system_location_review.csv
region_name:18,PASS_SEMANTIC,NONE,チョン<N:力:5>ラの店,촌가라의 가게,0x81E80,원문/현행을 직접 대조해 의미·대상·명령의 실질 변화 없음. 장음/일반 음역 차이는 오류로 세지 않음.,current=촌가라의 가게; source glyph=original_ui_29.png ID region_name:18; original bytes=6C 69 34 DD 02 57 1C DE 5F; V375 pointer=0x8019BD7D,실제 화면/동작 검증은 별도,system_location_review.csv
region_name:19,PASS_SEMANTIC,NONE,遺跡ダンジョン,유적 던전,0x81E84,원문/현행을 직접 대조해 의미·대상·명령의 실질 변화 없음. 장음/일반 음역 차이는 오류로 세지 않음.,current=유적 던전; source glyph=original_ui_29.png ID region_name:19; original bytes=DD 8F DD 9D 67 34 7F 69 34; V375 pointer=0x8019BD55,실제 화면/동작 검증은 별도,system_location_review.csv
region_name:20,CONFIRMED_DEFECT,MEDIUM,ア<N:г:23>ンダ高地,아제다 고지,0x81E88,アゼンダ(아젠다)의 ン 누락: 아제다.,current=아제다 고지; source glyph=original_ui_29.png ID region_name:20; original bytes=42 DD F8 34 67 DD DD 90; V375 pointer=0x8019BE94,번역 승인 후 동일 원문 표시 경로를 함께 교정; 실제 표시/호출 확인,system_location_review.csv
region_name:21,PASS_SEMANTIC,NONE,アリバーシャ<N:空:2>港,아리바샤 공항,0x81E8C,원문/현행을 직접 대조해 의미·대상·명령의 실질 변화 없음. 장음/일반 음역 차이는 오류로 세지 않음.,current=아리바샤 공항; source glyph=original_ui_29.png ID region_name:21; original bytes=42 6B AF 31 60 D6 DD 18 DD 4A; V375 pointer=0x8019C8EE,실제 화면/동작 검증은 별도,system_location_review.csv
region_name:22,PASS_SEMANTIC,NONE,サリュ族の村,사류족 마을,0x81E90,원문/현행을 직접 대조해 의미·대상·명령의 실질 변화 없음. 장음/일반 음역 차이는 오류로 세지 않음.,current=사류족 마을; source glyph=original_ui_29.png ID region_name:22; original bytes=77 6B AB DD 9C 1C DD 0B; V375 pointer=0x8019C2B6,실제 화면/동작 검증은 별도,system_location_review.csv
region_name:23,PASS_SEMANTIC,NONE,水の神殿,물의 신전,0x81E94,원문/현행을 직접 대조해 의미·대상·명령의 실질 변화 없음. 장음/일반 음역 차이는 오류로 세지 않음.,current=물의 신전; source glyph=original_ui_29.png ID region_name:23; original bytes=B8 1C DD 2F DD 84; V375 pointer=0x8019AED8,실제 화면/동작 검증은 별도,system_location_review.csv
region_name:24,PASS_SEMANTIC,NONE,<N:リ:12><N:｣:11>デン遺跡,리덴 유적,0x81E98,원문/현행을 직접 대조해 의미·대상·명령의 실질 변화 없음. 장음/일반 음역 차이는 오류로 세지 않음.,current=리덴 유적; source glyph=original_ui_29.png ID region_name:24; original bytes=6F 65 81 34 DD 8F DD 9D; V375 pointer=0x8019BC6D,실제 화면/동작 검증은 별도,system_location_review.csv
region_name:25,PASS_SEMANTIC,NONE,サラ砂漠,사라 사막,0x81E9C,원문/현행을 직접 대조해 의미·대상·명령의 실질 변화 없음. 장음/일반 음역 차이는 오류로 세지 않음.,current=사라 사막; source glyph=original_ui_29.png ID region_name:25; original bytes=77 57 DE 3D DE 2D; V375 pointer=0x8019BEE1,실제 화면/동작 검증은 별도,system_location_review.csv
region_name:26,CONFIRMED_DEFECT,MEDIUM,<N:｣:11>シュマのいわ場,라슈마 암장,0x81EA0,イシュマ(이슈마)를 라슈마로 오독.,current=라슈마 암장; source glyph=original_ui_29.png ID region_name:26; original bytes=65 60 AB 64 1C 1B 43 89; V375 pointer=0x8019BAAC,번역 승인 후 동일 원문 표시 경로를 함께 교정; 실제 표시/호출 확인,system_location_review.csv
region_name:27,CONFIRMED_DEFECT,MEDIUM,カーデル<N:空:2>港,카델 공항,0x81EA4,ニーデル(니델)을 카델로 오독.,current=카델 공항; source glyph=original_ui_29.png ID region_name:27; original bytes=DD 56 31 81 53 DD 18 DD 4A; V375 pointer=0x8019C130,번역 승인 후 동일 원문 표시 경로를 함께 교정; 실제 표시/호출 확인,system_location_review.csv
region_name:28,PASS_SEMANTIC,NONE,闘技場,투기장,0x81EA8,원문/현행을 직접 대조해 의미·대상·명령의 실질 변화 없음. 장음/일반 음역 차이는 오류로 세지 않음.,current=투기장; source glyph=original_ui_30.png ID region_name:28; original bytes=93 DD 4C 89; V375 pointer=0x8019AFE1,실제 화면/동작 검증은 별도,system_location_review.csv
region_name:29,PASS_SEMANTIC,NONE,クラフ島,클라프섬,0x81EAC,원문/현행을 직접 대조해 의미·대상·명령의 실질 변화 없음. 장음/일반 음역 차이는 오류로 세지 않음.,current=클라프섬; source glyph=original_ui_30.png ID region_name:29; original bytes=4E 57 A6 DE 05; V375 pointer=0x8019BE15,실제 화면/동작 검증은 별도,system_location_review.csv
ui_pointer:81EE8,PASS_SEMANTIC,NONE,スメリア,스메리아,0x81EE8,원문/현행을 직접 대조해 의미·대상·명령의 실질 변화 없음. 장음/일반 음역 차이는 오류로 세지 않음.,current=스메리아; source glyph=original_ui_30.png ID ui_pointer:81EE8; original bytes=47 78 6B 42; V375 pointer=0x8019AEA2,실제 화면/동작 검증은 별도,system_location_review.csv
ui_pointer:81EEC,PASS_SEMANTIC,NONE,ミルマーナ,미르마나,0x81EEC,원문/현행을 직접 대조해 의미·대상·명령의 실질 변화 없음. 장음/일반 음역 차이는 오류로 세지 않음.,current=미르마나; source glyph=original_ui_30.png ID ui_pointer:81EEC; original bytes=DD 3A 53 64 31 7C; V375 pointer=0x8019C8D5,실제 화면/동작 검증은 별도,system_location_review.csv
ui_pointer:81EF0,PASS_SEMANTIC,NONE,<N:ク:12><N:リ:12><N:｣:11>シーヌ,그레이시누,0x81EF0,원문/현행을 직접 대조해 의미·대상·명령의 실질 변화 없음. 장음/일반 음역 차이는 오류로 세지 않음.,current=그레이시누; source glyph=original_ui_30.png ID ui_pointer:81EF0; original bytes=80 6F 65 60 31 DD C7; V375 pointer=0x8019BC3D,실제 화면/동작 검증은 별도,system_location_review.csv
ui_pointer:81EF4,PASS_SEMANTIC,NONE,アララトス,아라라토스,0x81EF4,원문/현행을 직접 대조해 의미·대상·명령의 실질 변화 없음. 장음/일반 음역 차이는 오류로 세지 않음.,current=아라라토스; source glyph=original_ui_30.png ID ui_pointer:81EF4; original bytes=42 57 57 5C 47; V375 pointer=0x8019AE90,실제 화면/동작 검증은 별도,system_location_review.csv
ui_pointer:81EF8,PASS_SEMANTIC,NONE,アリバーシャ,아리바샤,0x81EF8,원문/현행을 직접 대조해 의미·대상·명령의 실질 변화 없음. 장음/일반 음역 차이는 오류로 세지 않음.,current=아리바샤; source glyph=original_ui_30.png ID ui_pointer:81EF8; original bytes=42 6B AF 31 60 D6; V375 pointer=0x8019BE86,실제 화면/동작 검증은 별도,system_location_review.csv
ui_pointer:81EFC,CONFIRMED_DEFECT,MEDIUM,カーデル,카델,0x81EFC,ニーデル(니델)을 카델로 오독.,current=카델; source glyph=original_ui_30.png ID ui_pointer:81EFC; original bytes=DD 56 31 81 53; V375 pointer=0x8019AFDC,번역 승인 후 동일 원문 표시 경로를 함께 교정; 실제 표시/호출 확인,system_location_review.csv
ui_pointer:81F00,PASS_SEMANTIC,NONE,ジークラフ島,지크라프섬,0x81F00,원문/현행을 직접 대조해 의미·대상·명령의 실질 변화 없음. 장음/일반 음역 차이는 오류로 세지 않음.,current=지크라프섬; source glyph=original_ui_30.png ID ui_pointer:81F00; original bytes=7F 31 4E 57 A6 DE 05; V375 pointer=0x8019BC1D,실제 화면/동작 검증은 별도,system_location_review.csv
location_name:0,EMPTY_PLACEHOLDER,NONE,,,0x82170,원본과 현행 모두 빈 location_name:0 placeholder.,current=; source glyph=original_ui_30.png ID location_name:0; original bytes=; V375 pointer=0x8019B0AD,실제 화면/동작 검증은 별도,system_location_review.csv
location_name:1,PASS_SEMANTIC,NONE,山頂の社,산정의 사당,0x82174,원문/현행을 직접 대조해 의미·대상·명령의 실질 변화 없음. 장음/일반 음역 차이는 오류로 세지 않음.,current=산정의 사당; source glyph=original_ui_30.png ID location_name:1; original bytes=9B DD EA 1C DE A5; V375 pointer=0x8019BB18,실제 화면/동작 검증은 별도,system_location_review.csv
location_name:2,PASS_SEMANTIC,NONE,アークの家,아크의 집,0x82178,원문/현행을 직접 대조해 의미·대상·명령의 실질 변화 없음. 장음/일반 음역 차이는 오류로 세지 않음.,current=아크의 집; source glyph=original_ui_30.png ID location_name:2; original bytes=42 31 4E 1C DD 5E; V375 pointer=0x8019BE8D,실제 화면/동작 검증은 별도,system_location_review.csv
location_name:3,PASS_SEMANTIC,NONE,精霊の山,정령의 산,0x8217C,원문/현행을 직접 대조해 의미·대상·명령의 실질 변화 없음. 장음/일반 음역 차이는 오류로 세지 않음.,current=정령의 산; source glyph=original_ui_30.png ID location_name:3; original bytes=4D 4F 1C 9B; V375 pointer=0x8019BED3,실제 화면/동작 검증은 별도,system_location_review.csv
location_name:4,PASS_SEMANTIC,NONE,村の門,마을 입구,0x82180,원문/현행을 직접 대조해 의미·대상·명령의 실질 변화 없음. 장음/일반 음역 차이는 오류로 세지 않음.,current=마을 입구; source glyph=original_ui_30.png ID location_name:4; original bytes=DD 0B 1C DD FF; V375 pointer=0x8019AEC0,실제 화면/동작 검증은 별도,system_location_review.csv
location_name:5,PASS_SEMANTIC,NONE,精霊の山,정령의 산,0x82184,원문/현행을 직접 대조해 의미·대상·명령의 실질 변화 없음. 장음/일반 음역 차이는 오류로 세지 않음.,current=정령의 산; source glyph=original_ui_30.png ID location_name:5; original bytes=4D 4F 1C 9B; V375 pointer=0x8019BED3,실제 화면/동작 검증은 별도,system_location_review.csv
location_name:6,PASS_SEMANTIC,NONE,パ<N:リ:12>ンシア城,팔렌시아 성,0x82188,원문/현행을 직접 대조해 의미·대상·명령의 실질 변화 없음. 장음/일반 음역 차이는 오류로 세지 않음.,current=팔렌시아 성; source glyph=original_ui_30.png ID location_name:6; original bytes=A3 6F 34 60 42 DD 17; V375 pointer=0x8019C176,실제 화면/동작 검증은 별도,system_location_review.csv
location_name:7,PASS_SEMANTIC,NONE,謁見の聞,알현실,0x8218C,원문/현행을 직접 대조해 의미·대상·명령의 실질 변화 없음. 장음/일반 음역 차이는 오류로 세지 않음.,current=알현실; source glyph=original_ui_31.png ID location_name:7; original bytes=DF 54 A0 1C 88; V375 pointer=0x8019ADFF,실제 화면/동작 검증은 별도,system_location_review.csv
location_name:8,PASS_SEMANTIC,NONE,スメリア<N:空:2>港,스메리아 공항,0x82190,원문/현행을 직접 대조해 의미·대상·명령의 실질 변화 없음. 장음/일반 음역 차이는 오류로 세지 않음.,current=스메리아 공항; source glyph=original_ui_31.png ID location_name:8; original bytes=47 78 6B 42 DD 18 DD 4A; V375 pointer=0x8019ABD4,실제 화면/동작 검증은 별도,system_location_review.csv
location_name:9,ACCEPTABLE_ABBREVIATION,LOW,パ<N:リ:12>ンシアを見おろす丘,팔렌시아 전망대,0x82194,팔렌시아를 내려다보는 언덕을 팔렌시아 전망대로 의역.,current=팔렌시아 전망대; source glyph=original_ui_31.png ID location_name:9; original bytes=A3 6F 34 60 42 2F A0 3B 55 2B DE F2; V375 pointer=0x8019AB08,실제 화면/동작 검증은 별도,system_location_review.csv
location_name:10,PASS_SEMANTIC,NONE,大臣の部屋,대신의 방,0x82198,원문/현행을 직접 대조해 의미·대상·명령의 실질 변화 없음. 장음/일반 음역 차이는 오류로 세지 않음.,current=대신의 방; source glyph=original_ui_31.png ID location_name:10; original bytes=50 8B 1C DD 25 DE 1C; V375 pointer=0x8019BEE8,실제 화면/동작 검증은 별도,system_location_review.csv
location_name:11,PASS_SEMANTIC,NONE,ミルマーナ<N:空:2>港,미르마나 공항,0x8219C,원문/현행을 직접 대조해 의미·대상·명령의 실질 변화 없음. 장음/일반 음역 차이는 오류로 세지 않음.,current=미르마나 공항; source glyph=original_ui_31.png ID location_name:11; original bytes=DD 3A 53 64 31 7C DD 18 DD 4A; V375 pointer=0x8019B182,실제 화면/동작 검증은 별도,system_location_review.csv
location_name:12,PASS_SEMANTIC,NONE,ミルマーナ軍本部,미르마나 군본부,0x821A0,원문/현행을 직접 대조해 의미·대상·명령의 실질 변화 없음. 장음/일반 음역 차이는 오류로 세지 않음.,current=미르마나 군본부; source glyph=original_ui_31.png ID location_name:12; original bytes=DD 3A 53 64 31 7C BA 92 DD 25; V375 pointer=0x8019C21F,실제 화면/동작 검증은 별도,system_location_review.csv
location_name:13,PASS_SEMANTIC,NONE,将軍の部屋,장군의 방,0x821A4,원문/현행을 직접 대조해 의미·대상·명령의 실질 변화 없음. 장음/일반 음역 차이는 오류로 세지 않음.,current=장군의 방; source glyph=original_ui_31.png ID location_name:13; original bytes=DD 89 BA 1C DD 25 DE 1C; V375 pointer=0x8019ADC0,실제 화면/동작 검증은 별도,system_location_review.csv
location_name:14,PASS_SEMANTIC,NONE,トヨー<N:ゲ:16>の森,토요케 숲,0x821A8,원문/현행을 직접 대조해 의미·대상·명령의 실질 변화 없음. 장음/일반 음역 차이는 오류로 세지 않음.,current=토요케 숲; source glyph=original_ui_31.png ID location_name:14; original bytes=5C DD 14 31 DD 6D 1C DD 10; V375 pointer=0x8019BD3D,실제 화면/동작 검증은 별도,system_location_review.csv
location_name:15,ACCEPTABLE_ABBREVIATION,LOW,パ<N:リ:12>ンシア城地下倉庫,팔렌시아 지하창고,0x821AC,팔렌시아 성 지하창고의 성 생략.,current=팔렌시아 지하창고; source glyph=original_ui_31.png ID location_name:15; original bytes=A3 6F 34 60 42 DD 17 90 70 DE 32 DE 3F; V375 pointer=0x8019C860,실제 화면/동작 검증은 별도,system_location_review.csv
location_name:16,ACCEPTABLE_ABBREVIATION,LOW,パ<N:リ:12>ンシア城地下<N:牢:2>,팔렌시아 지하감옥,0x821B0,팔렌시아 성 지하감옥의 성 생략.,current=팔렌시아 지하감옥; source glyph=original_ui_31.png ID location_name:16; original bytes=A3 6F 34 60 42 DD 17 90 70 DE 21; V375 pointer=0x8019C74A,실제 화면/동작 검증은 별도,system_location_review.csv
location_name:17,CONFIRMED_DEFECT,MEDIUM,オルカスの丘,오르카스 언덕,0x821B4,オルニス(오르니스)를 오르카스로 오독. region_name:3과 같은 원문/현행 쌍.,current=오르카스 언덕; source glyph=original_ui_31.png ID location_name:17; original bytes=8F 53 DD 56 47 1C DE F2; V375 pointer=0x8019D128,번역 승인 후 동일 원문 표시 경로를 함께 교정; 실제 표시/호출 확인,system_location_review.csv
location_name:18,PASS_SEMANTIC,NONE,幻界,환계,0x821B8,원문/현행을 직접 대조해 의미·대상·명령의 실질 변화 없음. 장음/일반 음역 차이는 오류로 세지 않음.,current=환계; source glyph=original_ui_31.png ID location_name:18; original bytes=DD F2 DD 12; V375 pointer=0x8019AFEB,실제 화면/동작 검증은 별도,system_location_review.csv
location_name:19,PASS_SEMANTIC,NONE,アララトス<N:空:2>港,아라라토스 공항,0x821BC,원문/현행을 직접 대조해 의미·대상·명령의 실질 변화 없음. 장음/일반 음역 차이는 오류로 세지 않음.,current=아라라토스 공항; source glyph=original_ui_31.png ID location_name:19; original bytes=42 57 57 5C 47 DD 18 DD 4A; V375 pointer=0x8019AB92,실제 화면/동작 검증은 별도,system_location_review.csv
location_name:20,PASS_SEMANTIC,NONE,チョン<N:力:5>ラの店,촌가라의 가게,0x821C0,원문/현행을 직접 대조해 의미·대상·명령의 실질 변화 없음. 장음/일반 음역 차이는 오류로 세지 않음.,current=촌가라의 가게; source glyph=original_ui_31.png ID location_name:20; original bytes=6C 69 34 DD 02 57 1C DE 5F; V375 pointer=0x8019BD7D,실제 화면/동작 검증은 별도,system_location_review.csv
location_name:21,CONFIRMED_DEFECT,MEDIUM,ア<N:г:23>ンダ高地洞<N:窟:10>,아제다 고지 동굴,0x821C4,アゼンダ(아젠다)의 ン 누락: 아제다.,current=아제다 고지 동굴; source glyph=original_ui_31.png ID location_name:21; original bytes=42 DD F8 34 67 DD DD 90 DF 1A DF 48; V375 pointer=0x8019C8FA,번역 승인 후 동일 원문 표시 경로를 함께 교정; 실제 표시/호출 확인,system_location_review.csv
location_name:22,CONFIRMED_DEFECT,MEDIUM,ア<N:г:23>ンダ高地外,아제다 고지 외부,0x821C8,アゼンダ(아젠다)의 ン 누락: 아제다.,current=아제다 고지 외부; source glyph=original_ui_31.png ID location_name:22; original bytes=42 DD F8 34 67 DD DD 90 DD 6B; V375 pointer=0x8019AB7C,번역 승인 후 동일 원문 표시 경로를 함께 교정; 실제 표시/호출 확인,system_location_review.csv
location_name:23,PASS_SEMANTIC,NONE,遺跡ダンジョン,유적 던전,0x821CC,원문/현행을 직접 대조해 의미·대상·명령의 실질 변화 없음. 장음/일반 음역 차이는 오류로 세지 않음.,current=유적 던전; source glyph=original_ui_32.png ID location_name:23; original bytes=DD 8F DD 9D 67 34 7F 69 34; V375 pointer=0x8019BD55,실제 화면/동작 검증은 별도,system_location_review.csv
location_name:24,PASS_SEMANTIC,NONE,<N:ク:12><N:リ:12><N:｣:11>シーヌ<N:空:2>港,그레이시누 공항,0x821D0,원문/현행을 직접 대조해 의미·대상·명령의 실질 변화 없음. 장음/일반 음역 차이는 오류로 세지 않음.,current=그레이시누 공항; source glyph=original_ui_32.png ID location_name:24; original bytes=80 6F 65 60 31 DD C7 DD 18 DD 4A; V375 pointer=0x8019C79D,실제 화면/동작 검증은 별도,system_location_review.csv
location_name:25,PASS_SEMANTIC,NONE,ラマダ寺道場,라마다사 도장,0x821D4,원문/현행을 직접 대조해 의미·대상·명령의 실질 변화 없음. 장음/일반 음역 차이는 오류로 세지 않음.,current=라마다사 도장; source glyph=original_ui_32.png ID location_name:25; original bytes=57 64 67 DD 9E DD 52 89; V375 pointer=0x8019BD5D,실제 화면/동작 검증은 별도,system_location_review.csv
location_name:26,PASS_SEMANTIC,NONE,ラマダ寺僧正の部屋,라마다사 승정의 방,0x821D8,원문/현행을 직접 대조해 의미·대상·명령의 실질 변화 없음. 장음/일반 음역 차이는 오류로 세지 않음.,current=라마다사 승정의 방; source glyph=original_ui_32.png ID location_name:26; original bytes=57 64 67 DD 9E 84 C7 1C DD 25 DE 1C; V375 pointer=0x8019AA84,실제 화면/동작 검증은 별도,system_location_review.csv
location_name:27,PASS_SEMANTIC,NONE,ラマダ山頂,라마다산 정상,0x821DC,원문/현행을 직접 대조해 의미·대상·명령의 실질 변화 없음. 장음/일반 음역 차이는 오류로 세지 않음.,current=라마다산 정상; source glyph=original_ui_32.png ID location_name:27; original bytes=57 64 67 9B DD EA; V375 pointer=0x8019C33D,실제 화면/동작 검증은 별도,system_location_review.csv
location_name:28,PASS_SEMANTIC,NONE,ラマダ寺,라마다사,0x821E0,원문/현행을 직접 대조해 의미·대상·명령의 실질 변화 없음. 장음/일반 음역 차이는 오류로 세지 않음.,current=라마다사; source glyph=original_ui_32.png ID location_name:28; original bytes=57 64 67 DD 9E; V375 pointer=0x8019AFAF,실제 화면/동작 검증은 별도,system_location_review.csv
location_name:29,CONFIRMED_DEFECT,MEDIUM,カーデル<N:空:2>港,카델 공항,0x821E4,ニーデル(니델)을 카델로 오독.,current=카델 공항; source glyph=original_ui_32.png ID location_name:29; original bytes=DD 56 31 81 53 DD 18 DD 4A; V375 pointer=0x8019C130,번역 승인 후 동일 원문 표시 경로를 함께 교정; 실제 표시/호출 확인,system_location_review.csv
location_name:30,CONFIRMED_DEFECT,MEDIUM,ニロシアムひかえ室,니로시암 대기실,0x821E8,コロシアム(콜로세움)을 니로시암으로 오독.,current=니로시암 대기실; source glyph=original_ui_32.png ID location_name:30; original bytes=D1 A2 60 42 D8 7D 20 46 DE DF; V375 pointer=0x8019AB66,번역 승인 후 동일 원문 표시 경로를 함께 교정; 실제 표시/호출 확인,system_location_review.csv
location_name:31,CONFIRMED_DEFECT,MEDIUM,ニロシアムぶたい,니로시암 무대,0x821EC,コロシアム(콜로세움)을 니로시암으로 오독.,current=니로시암 무대; source glyph=original_ui_32.png ID location_name:31; original bytes=D1 A2 60 42 D8 CA 1F 1B; V375 pointer=0x8019C25C,번역 승인 후 동일 원문 표시 경로를 함께 교정; 실제 표시/호출 확인,system_location_review.csv
location_name:32,PASS_SEMANTIC,NONE,アリバーシャ<N:空:2>港,아리바샤 공항,0x821F0,원문/현행을 직접 대조해 의미·대상·명령의 실질 변화 없음. 장음/일반 음역 차이는 오류로 세지 않음.,current=아리바샤 공항; source glyph=original_ui_32.png ID location_name:32; original bytes=42 6B AF 31 60 D6 DD 18 DD 4A; V375 pointer=0x8019C8EE,실제 화면/동작 검증은 별도,system_location_review.csv
location_name:33,PASS_SEMANTIC,NONE,サリュ族の村,사류족 마을,0x821F4,원문/현행을 직접 대조해 의미·대상·명령의 실질 변화 없음. 장음/일반 음역 차이는 오류로 세지 않음.,current=사류족 마을; source glyph=original_ui_32.png ID location_name:33; original bytes=77 6B AB DD 9C 1C DD 0B; V375 pointer=0x8019C2B6,실제 화면/동작 검증은 별도,system_location_review.csv
location_name:34,PASS_SEMANTIC,NONE,水の神殿,물의 신전,0x821F8,원문/현행을 직접 대조해 의미·대상·명령의 실질 변화 없음. 장음/일반 음역 차이는 오류로 세지 않음.,current=물의 신전; source glyph=original_ui_32.png ID location_name:34; original bytes=B8 1C DD 2F DD 84; V375 pointer=0x8019AED8,실제 화면/동작 검증은 별도,system_location_review.csv
location_name:35,PASS_SEMANTIC,NONE,地下エ<N:リ:12>ベータ,지하 엘리베이터,0x821FC,원문/현행을 직접 대조해 의미·대상·명령의 실질 변화 없음. 장음/일반 음역 차이는 오류로 세지 않음.,current=지하 엘리베이터; source glyph=original_ui_32.png ID location_name:35; original bytes=90 70 DD 23 6F DD B4 31 62; V375 pointer=0x8019AB50,실제 화면/동작 검증은 별도,system_location_review.csv
location_name:36,PASS_SEMANTIC,NONE,地下バ<N:｣:11>オ<N:研:23><N:究:1>室,지하 바이오 연구실,0x82200,원문/현행을 직접 대조해 의미·대상·명령의 실질 변화 없음. 장음/일반 음역 차이는 오류로 세지 않음.,current=지하 바이오 연구실; source glyph=original_ui_32.png ID location_name:36; original bytes=90 70 AF 65 8F DE 41 DE 46 DE DF; V375 pointer=0x8019B956,실제 화면/동작 검증은 별도,system_location_review.csv
location_name:37,PASS_SEMANTIC,NONE,パ<N:リ:12>ンシア<N:街:4>頭,팔렌시아 시가지,0x82204,원문/현행을 직접 대조해 의미·대상·명령의 실질 변화 없음. 장음/일반 음역 차이는 오류로 세지 않음.,current=팔렌시아 시가지; source glyph=original_ui_32.png ID location_name:37; original bytes=A3 6F 34 60 42 DE 7D DE 5C; V375 pointer=0x8019AC6E,실제 화면/동작 검증은 별도,system_location_review.csv
location_name:38,PASS_SEMANTIC,NONE,聖柩封印の滝外,성관 봉인의 폭포 외부,0x82208,원문/현행을 직접 대조해 의미·대상·명령의 실질 변화 없음. 장음/일반 음역 차이는 오류로 세지 않음.,current=성관 봉인의 폭포 외부; source glyph=original_ui_32.png ID location_name:38; original bytes=CD DD 1A DD 0F DD 44 1C DE 31 DD 6B; V375 pointer=0x8019B620,실제 화면/동작 검증은 별도,system_location_review.csv
location_name:39,PASS_SEMANTIC,NONE,聖柩封印の滝内,성관 봉인의 폭포 내부,0x8220C,원문/현행을 직접 대조해 의미·대상·명령의 실질 변화 없음. 장음/일반 음역 차이는 오류로 세지 않음.,current=성관 봉인의 폭포 내부; source glyph=original_ui_33.png ID location_name:39; original bytes=CD DD 1A DD 0F DD 44 1C DE 31 DD 81; V375 pointer=0x8019B69C,실제 화면/동작 검증은 별도,system_location_review.csv
location_name:40,PASS_SEMANTIC,NONE,トウウ<N:ｲ:6>ルがん<N:ヘ:5>き,토우빌 암벽,0x82210,원문/현행을 직접 대조해 의미·대상·명령의 실질 변화 없음. 장음/일반 음역 차이는 오류로 세지 않음.,current=토우빌 암벽; source glyph=original_ui_33.png ID location_name:40; original bytes=5C 71 DD 39 DD 03 53 2A 2D DF 5F 44; V375 pointer=0x8019C0A4,실제 화면/동작 검증은 별도,system_location_review.csv
location_name:41,PASS_SEMANTIC,NONE,うみベの飛<N:空:2>挺,해변의 비행선,0x82214,원문/현행을 직접 대조해 의미·대상·명령의 실질 변화 없음. 장음/일반 음역 차이는 오류로 세지 않음.,current=해변의 비행선; source glyph=original_ui_33.png ID location_name:41; original bytes=26 6D DD 35 1C DD 72 DD 18 DE C8; V375 pointer=0x8019ABB3,실제 화면/동작 검증은 별도,system_location_review.csv
location_name:42,CONFIRMED_DEFECT,MEDIUM,ニル<N:卞:16>平原,니르 평원,0x82218,コルボ(코르보)를 니르로 오독.,current=니르 평원; source glyph=original_ui_33.png ID location_name:42; original bytes=D1 53 DD A1 DE BE DE EB; V375 pointer=0x8019BE78,번역 승인 후 동일 원문 표시 경로를 함께 교정; 실제 표시/호출 확인,system_location_review.csv
location_name:43,PASS_SEMANTIC,NONE,カラ<N:力:5>ン平野,카라간 평야,0x8221C,원문/현행을 직접 대조해 의미·대상·명령의 실질 변화 없음. 장음/일반 음역 차이는 오류로 세지 않음.,current=카라간 평야; source glyph=original_ui_33.png ID location_name:43; original bytes=BC 57 DD 02 34 DE BE DD E7; V375 pointer=0x8019C11C,실제 화면/동작 검증은 별도,system_location_review.csv
location_name:44,CONFIRMED_DEFECT,MEDIUM,ク<N:｣:11>ナの丘,쿠나 언덕,0x82220,クイナ(쿠이나)의 イ 누락: 쿠나.,current=쿠나 언덕; source glyph=original_ui_33.png ID location_name:44; original bytes=4E 65 7C 1C DE F2; V375 pointer=0x8019BD95,번역 승인 후 동일 원문 표시 경로를 함께 교정; 실제 표시/호출 확인,system_location_review.csv
location_name:45,PASS_SEMANTIC,NONE,ルワジの森,루와지 숲,0x82224,원문/현행을 직접 대조해 의미·대상·명령의 실질 변화 없음. 장음/일반 음역 차이는 오류로 세지 않음.,current=루와지 숲; source glyph=original_ui_33.png ID location_name:45; original bytes=53 DD A0 7F 1C DD 10; V375 pointer=0x8019BDAD,실제 화면/동작 검증은 별도,system_location_review.csv
location_name:46,CONFIRMED_DEFECT,MEDIUM,カカラスの森,카카라스 숲,0x82228,ニカラス(니카라스)를 카카라스로 오독.,current=카카라스 숲; source glyph=original_ui_33.png ID location_name:46; original bytes=DD 56 BC 57 47 1C DD 10; V375 pointer=0x8019C126,번역 승인 후 동일 원문 표시 경로를 함께 교정; 실제 표시/호출 확인,system_location_review.csv
location_name:47,CONFIRMED_DEFECT,MEDIUM,センバラの沼,센바라 늘,0x8222C,沼(늪)를 늘로 오자.,current=센바라 늘; source glyph=original_ui_33.png ID location_name:47; original bytes=DD 60 34 AF 57 1C DF 34; V375 pointer=0x8019BBF9,번역 승인 후 동일 원문 표시 경로를 함께 교정; 실제 표시/호출 확인,system_location_review.csv
location_name:48,PASS_SEMANTIC,NONE,<N:リ:12><N:｣:11>デン遺跡,리덴 유적,0x82230,원문/현행을 직접 대조해 의미·대상·명령의 실질 변화 없음. 장음/일반 음역 차이는 오류로 세지 않음.,current=리덴 유적; source glyph=original_ui_33.png ID location_name:48; original bytes=6F 65 81 34 DD 8F DD 9D; V375 pointer=0x8019BC6D,실제 화면/동작 검증은 별도,system_location_review.csv
location_name:49,PASS_SEMANTIC,NONE,サラ砂漠,사라 사막,0x82234,원문/현행을 직접 대조해 의미·대상·명령의 실질 변화 없음. 장음/일반 음역 차이는 오류로 세지 않음.,current=사라 사막; source glyph=original_ui_33.png ID location_name:49; original bytes=77 57 DE 3D DE 2D; V375 pointer=0x8019BEE1,실제 화면/동작 검증은 별도,system_location_review.csv
location_name:50,CONFIRMED_DEFECT,MEDIUM,<N:｣:11>シュマのいわ場,라슈마 암장,0x82238,イシュマ(이슈마)를 라슈마로 오독.,current=라슈마 암장; source glyph=original_ui_33.png ID location_name:50; original bytes=65 60 AB 64 1C 1B 43 89; V375 pointer=0x8019BAAC,번역 승인 후 동일 원문 표시 경로를 함께 교정; 실제 표시/호출 확인,system_location_review.csv
location_name:51,CONFIRMED_DEFECT,MEDIUM,ニロシアム闘技場,니로시암 투기장,0x8223C,コロシアム(콜로세움)을 니로시암으로 오독.,current=니로시암 투기장; source glyph=original_ui_33.png ID location_name:51; original bytes=D1 A2 60 42 D8 93 DD 4C 89; V375 pointer=0x8019AB71,번역 승인 후 동일 원문 표시 경로를 함께 교정; 실제 표시/호출 확인,system_location_review.csv
location_name:52,PASS_SEMANTIC,NONE,ラマダ寺道場,라마다사 도장,0x82240,원문/현행을 직접 대조해 의미·대상·명령의 실질 변화 없음. 장음/일반 음역 차이는 오류로 세지 않음.,current=라마다사 도장; source glyph=original_ui_33.png ID location_name:52; original bytes=57 64 67 DD 9E DD 52 89; V375 pointer=0x8019BD5D,실제 화면/동작 검증은 별도,system_location_review.csv
location_name:53,PASS_SEMANTIC,NONE,クラーフ島<N:空:2>港,클라프섬 공항,0x82244,원문/현행을 직접 대조해 의미·대상·명령의 실질 변화 없음. 장음/일반 음역 차이는 오류로 세지 않음.,current=클라프섬 공항; source glyph=original_ui_33.png ID location_name:53; original bytes=4E 57 31 A6 DE 05 DD 18 DD 4A; V375 pointer=0x8019C8BB,실제 화면/동작 검증은 별도,system_location_review.csv
location_name:54,PASS_SEMANTIC,NONE,クラーフとう最上階,클라프탑 최상층,0x82248,원문/현행을 직접 대조해 의미·대상·명령의 실질 변화 없음. 장음/일반 음역 차이는 오류로 세지 않음.,current=클라프탑 최상층; source glyph=original_ui_33.png ID location_name:54; original bytes=4E 57 31 A6 36 26 DD 2B B9 DD B2; V375 pointer=0x8019C766,실제 화면/동작 검증은 별도,system_location_review.csv
ui_pointer:82348,CONFIRMED_DEFECT,MEDIUM,<CTRL:E7><N:＆:4><CTRL:E7><N:X:20>で目標をかえられます,대상 변경,0x82348,원문 E707/E706 대상 변경 버튼 코드가 삭제되어 현행 대상 변경만 남음. 입력 방법 정보 누락.,current=대상 변경; source glyph=original_ui_34.png ID ui_pointer:82348; original bytes=E7 07 E7 06 30 AC DE 92 2F 20 46 33 32 27 2B; V375 pointer=0x8019AEA8,번역 승인 후 동일 원문 표시 경로를 함께 교정; 실제 표시/호출 확인,system_location_review.csv
ui_pointer:8234C,PASS_SEMANTIC,NONE,<CTRL:E7>！で攻撃、<CTRL:E7><N:＄:1>でリン<N:ク:12>を<N:閂:11>きます,<CTRL:E702>공격  <CTRL:E705>링 열기,0x8234C,원문/현행을 직접 대조해 의미·대상·명령의 실질 변화 없음. 장음/일반 음역 차이는 오류로 세지 않음.,current=<CTRL:E702>공격  <CTRL:E705>링 열기; source glyph=original_ui_34.png ID ui_pointer:8234C; original bytes=E7 02 30 D0 B1 24 E7 05 30 6B 34 80 2F DD E0 44 27 2B; V375 pointer=0x8019B144,실제 화면/동작 검증은 별도,system_location_review.csv
ui_pointer:82350,PASS_SEMANTIC,NONE,<CTRL:E7>”で行動終了、<CTRL:E7>’でステ<N:｣:11>タスを<N:表:12><N:示:2>します,<CTRL:E703>행동 끝  <CTRL:E708>상태 확인,0x82350,원문/현행을 직접 대조해 의미·대상·명령의 실질 변화 없음. 장음/일반 음역 차이는 오류로 세지 않음.,current=<CTRL:E703>행동 끝  <CTRL:E708>상태 확인; source glyph=original_ui_34.png ID ui_pointer:82350; original bytes=E7 03 30 74 DC DD 79 DE B8 24 E7 08 30 47 DB 65 62 47 2F DE 59 DE 6F 1E 27 2B; V375 pointer=0x8019B155,실제 화면/동작 검증은 별도,system_location_review.csv
ui_pointer:82354,CONFIRMED_DEFECT,MEDIUM,<CTRL:E7> で能力を選んで下さい,스킬을 선택하세요,0x82354,원문 E701로 능력 선택 안내의 방향 입력 코드 삭제.,current=스킬을 선택하세요; source glyph=original_ui_34.png ID ui_pointer:82354; original bytes=E7 01 30 DD 80 61 2F DE 0A 2D 30 70 3A 1B; V375 pointer=0x8019C7B7,번역 승인 후 동일 원문 표시 경로를 함께 교정; 실제 표시/호출 확인,system_location_review.csv
ui_pointer:82358,CONFIRMED_DEFECT,MEDIUM,<CTRL:E7>”で<N:午:15>ャンセルします,돌아갑니다,0x82358,원문 E703으로 취소한다는 안내의 취소 버튼 코드 삭제.,current=돌아갑니다; source glyph=original_ui_34.png ID ui_pointer:82358; original bytes=E7 03 30 DD 4E D6 34 DD 60 53 1E 27 2B; V375 pointer=0x8019ADC7,번역 승인 후 동일 원문 표시 경로를 함께 교정; 실제 표시/호출 확인,system_location_review.csv
ui_pointer:8235C,PASS_SEMANTIC,NONE,<CTRL:E7>！で決定、<CTRL:E7>”で<N:午:15>ャンセルします,<CTRL:E702>결정  <CTRL:E703>돌아가기,0x8235C,원문/현행을 직접 대조해 의미·대상·명령의 실질 변화 없음. 장음/일반 음역 차이는 오류로 세지 않음.,current=<CTRL:E702>결정  <CTRL:E703>돌아가기; source glyph=original_ui_34.png ID ui_pointer:8235C; original bytes=E7 02 30 9D DD 97 24 E7 03 30 DD 4E D6 34 DD 60 53 1E 27 2B; V375 pointer=0x8019B16A,실제 화면/동작 검증은 별도,system_location_review.csv
ui_pointer:82360,NEEDS_SOURCE_CONFIRMATION,MEDIUM,次は目標を選びます,L과 R로 다음 대상을 선택합니다.,0x82360,Indexed help bank: additional L/R instruction still needs all-input-state proof. No direct static pointer xref found.,Original MIPS disassembly; extra_system_probe.py contexts and configuration80160810..80160928,Root must merge this update with original 255-row review; unresolved caller traces remain,extra_system_review.csv
ui_pointer:82364,PASS_SEMANTIC,NONE,決定するとまわりに能力を使います,결정하면 주변에 스킬을 사용합니다,0x82364,원문/현행을 직접 대조해 의미·대상·명령의 실질 변화 없음. 장음/일반 음역 차이는 오류로 세지 않음.,current=결정하면 주변에 스킬을 사용합니다; source glyph=original_ui_34.png ID ui_pointer:82364; original bytes=9D DD 97 2B 22 36 27 43 39 23 DD 80 61 2F DD 33 1B 27 2B; V375 pointer=0x8019C543,실제 화면/동작 검증은 별도,system_location_review.csv
ui_pointer:82368,PASS_SEMANTIC,NONE,決定すると向いている方向に能力を使います,결정하면 보는 방향에 스킬을 사용합니다,0x82368,원문/현행을 직접 대조해 의미·대상·명령의 실질 변화 없음. 장음/일반 음역 차이는 오류로 세지 않음.,current=결정하면 보는 방향에 스킬을 사용합니다; source glyph=original_ui_34.png ID ui_pointer:82368; original bytes=9D DD 97 2B 22 36 DD 01 1B 21 1B 22 C4 DD 01 23 DD 80 61 2F DD 33 1B 27 2B; V375 pointer=0x8019B3EE,실제 화면/동작 검증은 별도,system_location_review.csv
ui_pointer:8236C,CONFIRMED_DEFECT,MEDIUM,<N:空:2>いている場所を<CTRL:E7> で選んで下さい,비어 있는 곳을 선택하세요,0x8236C,원문 빈 장소를 E701로 선택 안내의 방향 입력 코드 삭제.,current=비어 있는 곳을 선택하세요; source glyph=original_ui_34.png ID ui_pointer:8236C; original bytes=DD 18 1B 21 1B 22 89 C2 2F E7 01 30 DE 0A 2D 30 70 3A 1B; V375 pointer=0x8019B568,번역 승인 후 동일 원문 표시 경로를 함께 교정; 실제 표시/호출 확인,system_location_review.csv
ui_pointer:82370,PASS_SEMANTIC,NONE,決定すると能力を使います,결정하면 스킬을 사용합니다,0x82370,원문/현행을 직접 대조해 의미·대상·명령의 실질 변화 없음. 장음/일반 음역 차이는 오류로 세지 않음.,current=결정하면 스킬을 사용합니다; source glyph=original_ui_34.png ID ui_pointer:82370; original bytes=9D DD 97 2B 22 36 DD 80 61 2F DD 33 1B 27 2B; V375 pointer=0x8019B57B,실제 화면/동작 검증은 별도,system_location_review.csv
ui_pointer:82374,PASS_SEMANTIC,NONE,<CTRL:E7>”<CTRL:E7><N:＄:1>で<N:午:15>ャラを選んで下さい,<CTRL:E703><CTRL:E705> 인물을 선택하세요,0x82374,원문/현행을 직접 대조해 의미·대상·명령의 실질 변화 없음. 장음/일반 음역 차이는 오류로 세지 않음.,current=<CTRL:E703><CTRL:E705> 인물을 선택하세요; source glyph=original_ui_34.png ID ui_pointer:82374; original bytes=E7 03 E7 05 30 DD 4E D6 57 2F DE 0A 2D 30 70 3A 1B; V375 pointer=0x8019B58E,실제 화면/동작 검증은 별도,system_location_review.csv
ui_pointer:82378,PASS_SEMANTIC,NONE, <CTRL:E7>’で戦闘に入ります,<CTRL:E708> 전투 시작,0x82378,원문/현행을 직접 대조해 의미·대상·명령의 실질 변화 없음. 장음/일반 음역 차이는 오류로 세지 않음.,current=<CTRL:E708> 전투 시작; source glyph=original_ui_34.png ID ui_pointer:82378; original bytes=01 E7 08 30 63 93 23 86 39 27 2B; V375 pointer=0x8019AA24,실제 화면/동작 검증은 별도,system_location_review.csv
ui_pointer:823A4,ACCEPTABLE_ABBREVIATION,LOW,ステージクリア,승리!,0x823A4,스테이지 클리어를 승리로 짧게 표현.,current=승리!; source glyph=original_ui_34.png ID ui_pointer:823A4; original bytes=47 DB 31 7F 4E 6B 42; V375 pointer=0x8019B047,실제 화면/동작 검증은 별도,system_location_review.csv
ui_pointer:823A8,PASS_SEMANTIC,NONE,ゲームオーバー,게임 오버,0x823A8,원문/현행을 직접 대조해 의미·대상·명령의 실질 변화 없음. 장음/일반 음역 차이는 오류로 세지 않음.,current=게임 오버; source glyph=original_ui_34.png ID ui_pointer:823A8; original bytes=DD 4D 31 D8 8F 31 AF 31; V375 pointer=0x8019BEF6,실제 화면/동작 검증은 별도,system_location_review.csv
ui_pointer:823AC,HUD_BINARY,NONE, <N:t:5>,<CODE:DFE7><CODE:DFF4>,0x823AC,storage_class=HUD_BINARY: packed native HUD fragments; 일반 번역문 범위 제외. 바이너리/글리프 렌더 검증 필요.,current=<CODE:DFE7><CODE:DFF4>; source glyph=original_ui_34.png ID ui_pointer:823AC; original bytes=01 DF 60; V375 pointer=0x8019B1E4,실제 화면/동작 검증은 별도,system_location_review.csv
ui_pointer:823B0,HUD_BINARY,NONE,地下,지하 ,0x823B0,storage_class=HUD_BINARY: packed native HUD fragments; 일반 번역문 범위 제외. 바이너리/글리프 렌더 검증 필요.,current=지하 ; source glyph=original_ui_35.png ID ui_pointer:823B0; original bytes=90 70; V375 pointer=0x8019B1F4,실제 화면/동작 검증은 별도,system_location_review.csv
ui_pointer:823B4,HUD_BINARY,NONE,階,층,0x823B4,storage_class=HUD_BINARY: packed native HUD fragments; 일반 번역문 범위 제외. 바이너리/글리프 렌더 검증 필요.,current=층; source glyph=original_ui_35.png ID ui_pointer:823B4; original bytes=DD B2; V375 pointer=0x8019C95C,실제 화면/동작 검증은 별도,system_location_review.csv
ui_pointer:823B8,HUD_BINARY,NONE, <N:∪:20>,<CODE:DFE7><CODE:DFF5>,0x823B8,storage_class=HUD_BINARY: packed native HUD fragments; 일반 번역문 범위 제외. 바이너리/글리프 렌더 검증 필요.,current=<CODE:DFE7><CODE:DFF5>; source glyph=original_ui_35.png ID ui_pointer:823B8; original bytes=01 DE 4F; V375 pointer=0x8019B1E9,실제 화면/동작 검증은 별도,system_location_review.csv
ui_pointer:823BC,HUD_BINARY,NONE,<N:Ｐ:10>,<CODE:DFF6>,0x823BC,storage_class=HUD_BINARY: packed native HUD fragments; 일반 번역문 범위 제외. 바이너리/글리프 렌더 검증 필요.,current=<CODE:DFF6>; source glyph=original_ui_35.png ID ui_pointer:823BC; original bytes=DD 90; V375 pointer=0x8019B1EE,실제 화면/동작 검증은 별도,system_location_review.csv
ui_pointer:823D8,ACCEPTABLE_ABBREVIATION,LOW,<N:ｌ:5>石化へ,돌 상태,0x823D8,석화를 돌 상태로 풀이.,current=돌 상태; source glyph=original_ui_35.png ID ui_pointer:823D8; original bytes=5B 94 DD 7C 5A; V375 pointer=0x8019AEE4,실제 화면/동작 검증은 별도,system_location_review.csv
ui_pointer:823DC,PASS_SEMANTIC,NONE,<N:ｌ:5>マ<N:ヒ:5>へ,마비,0x823DC,원문/현행을 직접 대조해 의미·대상·명령의 실질 변화 없음. 장음/일반 음역 차이는 오류로 세지 않음.,current=마비; source glyph=original_ui_35.png ID ui_pointer:823DC; original bytes=5B 64 DD B5 5A; V375 pointer=0x8019B037,실제 화면/동작 검증은 별도,system_location_review.csv
ui_pointer:823E0,PASS_SEMANTIC,NONE,<N:ｌ:5><N:眠:5>りへ,수면,0x823E0,원문/현행을 직접 대조해 의미·대상·명령의 실질 변화 없음. 장음/일반 음역 차이는 오류로 세지 않음.,current=수면; source glyph=original_ui_35.png ID ui_pointer:823E0; original bytes=5B DD B9 39 5A; V375 pointer=0x8019B09E,실제 화면/동작 검증은 별도,system_location_review.csv
ui_pointer:82444,PASS_SEMANTIC,NONE,データのセーフ・ロート,데이터 저장 불러오기,0x82444,원문/현행을 직접 대조해 의미·대상·명령의 실질 변화 없음. 장음/일반 음역 차이는 오류로 세지 않음.,current=데이터 저장 불러오기; source glyph=original_ui_35.png ID ui_pointer:82444; original bytes=81 31 62 1C DD 60 31 C9 2C A2 31 95; V375 pointer=0x8019B980,실제 화면/동작 검증은 별도,system_location_review.csv
ui_pointer:82448,PASS_SEMANTIC,NONE,データのセーフ,데이터 저장,0x82448,원문/현행을 직접 대조해 의미·대상·명령의 실질 변화 없음. 장음/일반 음역 차이는 오류로 세지 않음.,current=데이터 저장; source glyph=original_ui_35.png ID ui_pointer:82448; original bytes=81 31 62 1C DD 60 31 C9; V375 pointer=0x8019BD2D,실제 화면/동작 검증은 별도,system_location_review.csv
ui_pointer:8244C,PASS_SEMANTIC,NONE,データのロート,데이터 불러오기,0x8244C,원문/현행을 직접 대조해 의미·대상·명령의 실질 변화 없음. 장음/일반 음역 차이는 오류로 세지 않음.,current=데이터 불러오기; source glyph=original_ui_35.png ID ui_pointer:8244C; original bytes=81 31 62 1C A2 31 95; V375 pointer=0x8019C090,실제 화면/동작 검증은 별도,system_location_review.csv
ui_pointer:82450,PASS_SEMANTIC,NONE,カートを選んで下さい,카드를 선택하세요,0x82450,원문/현행을 직접 대조해 의미·대상·명령의 실질 변화 없음. 장음/일반 음역 차이는 오류로 세지 않음.,current=카드를 선택하세요; source glyph=original_ui_35.png ID ui_pointer:82450; original bytes=BC 31 95 2F DE 0A 2D 30 70 3A 1B; V375 pointer=0x8019C82C,실제 화면/동작 검증은 별도,system_location_review.csv
ui_pointer:82454,PASS_SEMANTIC,NONE,カート1,카드 1,0x82454,원문/현행을 직접 대조해 의미·대상·명령의 실질 변화 없음. 장음/일반 음역 차이는 오류로 세지 않음.,current=카드 1; source glyph=original_ui_35.png ID ui_pointer:82454; original bytes=BC 31 95 12; V375 pointer=0x8019AF26,실제 화면/동작 검증은 별도,system_location_review.csv
ui_pointer:82458,PASS_SEMANTIC,NONE,カート2,카드 2,0x82458,원문/현행을 직접 대조해 의미·대상·명령의 실질 변화 없음. 장음/일반 음역 차이는 오류로 세지 않음.,current=카드 2; source glyph=original_ui_35.png ID ui_pointer:82458; original bytes=BC 31 95 13; V375 pointer=0x8019AF20,실제 화면/동작 검증은 별도,system_location_review.csv
ui_pointer:8245C,PASS_SEMANTIC,NONE,フ<N:=:12><N:｣:11>ルを選んで下さい,파일을 선택하세요,0x8245C,원문/현행을 직접 대조해 의미·대상·명령의 실질 변화 없음. 장음/일반 음역 차이는 오류로 세지 않음.,current=파일을 선택하세요; source glyph=original_ui_35.png ID ui_pointer:8245C; original bytes=A6 DE 4E 65 53 2F DE 0A 2D 30 70 3A 1B; V375 pointer=0x8019C86D,실제 화면/동작 검증은 별도,system_location_review.csv
ui_pointer:82460,PASS_SEMANTIC,NONE,メモリーカートがありません,메모리 카드가 없습니다,0x82460,원문/현행을 직접 대조해 의미·대상·명령의 실질 변화 없음. 장음/일반 음역 차이는 오류로 세지 않음.,current=메모리 카드가 없습니다; source glyph=original_ui_35.png ID ui_pointer:82460; original bytes=78 5F 6B 31 BC 31 95 2A 3F 39 27 59 2D; V375 pointer=0x8019B8FC,실제 화면/동작 검증은 별도,system_location_review.csv
ui_pointer:82474,PASS_SEMANTIC,NONE,へを手に入れた,」를 손에 넣었습니다.,0x82474,원문/현행을 직접 대조해 의미·대상·명령의 실질 변화 없음. 장음/일반 음역 차이는 오류로 세지 않음.,current=」를 손에 넣었습니다.; source glyph=original_ui_35.png ID ui_pointer:82474; original bytes=5A 2F 87 23 86 32 1F; V375 pointer=0x8019D10B,실제 화면/동작 검증은 별도,system_location_review.csv
ui_pointer:82498,PASS_SEMANTIC,NONE,ステージ内で得た経験値,스테이지에서 얻은 경험치,0x82498,원문/현행을 직접 대조해 의미·대상·명령의 실질 변화 없음. 장음/일반 음역 차이는 오류로 세지 않음.,current=스테이지에서 얻은 경험치; source glyph=original_ui_36.png ID ui_pointer:82498; original bytes=47 DB 31 7F DD 81 30 DD A7 1F DD DE DE 75 DD D2; V375 pointer=0x8019B5C6,실제 화면/동작 검증은 별도,system_location_review.csv
ui_pointer:8249C,PASS_SEMANTIC,NONE,倒した敵の数,격파한 적 수,0x8249C,원문/현행을 직접 대조해 의미·대상·명령의 실질 변화 없음. 장음/일반 음역 차이는 오류로 세지 않음.,current=격파한 적 수; source glyph=original_ui_36.png ID ui_pointer:8249C; original bytes=DD 83 1E 1F BD 1C DE D7; V375 pointer=0x8019AC2C,실제 화면/동작 검증은 별도,system_location_review.csv
ui_pointer:82518,PASS_SEMANTIC,NONE,<N:リ:12>ベルアッ<N:フ:11>！！,레벨 상승!!,0x82518,원문/현행을 직접 대조해 의미·대상·명령의 실질 변화 없음. 장음/일반 음역 차이는 오류로 세지 않음.,current=레벨 상승!!; source glyph=original_ui_36.png ID ui_pointer:82518; original bytes=6F DD B4 53 42 82 DD 55 02 02; V375 pointer=0x8019C16C,실제 화면/동작 검증은 별도,system_location_review.csv
ui_pointer:8251C,PASS_SEMANTIC,NONE,最大<N:ヒ:5>ットポ<N:｣:11>ント,최대 체력,0x8251C,원문/현행을 직접 대조해 의미·대상·명령의 실질 변화 없음. 장음/일반 음역 차이는 오류로 세지 않음.,current=최대 체력; source glyph=original_ui_36.png ID ui_pointer:8251C; original bytes=DD 2B 50 DD B5 82 5C D7 65 34 5C; V375 pointer=0x8019C216,실제 화면/동작 검증은 별도,system_location_review.csv
ui_pointer:82520,PASS_SEMANTIC,NONE,最大マジックポ<N:｣:11>ント,최대 마력,0x82520,원문/현행을 직접 대조해 의미·대상·명령의 실질 변화 없음. 장음/일반 음역 차이는 오류로 세지 않음.,current=최대 마력; source glyph=original_ui_36.png ID ui_pointer:82520; original bytes=DD 2B 50 64 7F 82 4E D7 65 34 5C; V375 pointer=0x8019BBDE,실제 화면/동작 검증은 별도,system_location_review.csv
ui_pointer:82524,PASS_SEMANTIC,NONE,攻撃力,공격력,0x82524,원문/현행을 직접 대조해 의미·대상·명령의 실질 변화 없음. 장음/일반 음역 차이는 오류로 세지 않음.,current=공격력; source glyph=original_ui_36.png ID ui_pointer:82524; original bytes=D0 B1 61; V375 pointer=0x8019BD9D,실제 화면/동작 검증은 별도,system_location_review.csv
ui_pointer:82528,PASS_SEMANTIC,NONE,防御力,방어력,0x82528,원문/현행을 직접 대조해 의미·대상·명령의 실질 변화 없음. 장음/일반 음역 차이는 오류로 세지 않음.,current=방어력; source glyph=original_ui_36.png ID ui_pointer:82528; original bytes=DD A6 DD AD 61; V375 pointer=0x8019AE06,실제 화면/동작 검증은 별도,system_location_review.csv
ui_pointer:8252C,PASS_SEMANTIC,NONE,魔力,마력,0x8252C,원문/현행을 직접 대조해 의미·대상·명령의 실질 변화 없음. 장음/일반 음역 차이는 오류로 세지 않음.,current=마력; source glyph=original_ui_36.png ID ui_pointer:8252C; original bytes=DD 1B 61; V375 pointer=0x8019AF82,실제 화면/동작 검증은 별도,system_location_review.csv
ui_pointer:82530,PASS_SEMANTIC,NONE,すばやさ,민첩성,0x82530,원문/현행을 직접 대조해 의미·대상·명령의 실질 변화 없음. 장음/일반 음역 차이는 오류로 세지 않음.,current=민첩성; source glyph=original_ui_36.png ID ui_pointer:82530; original bytes=2B 58 40 3A; V375 pointer=0x8019BE0D,실제 화면/동작 검증은 별도,system_location_review.csv
ui_pointer:82538,PASS_SEMANTIC,NONE,上がつた, 상승,0x82538,원문/현행을 직접 대조해 의미·대상·명령의 실질 변화 없음. 장음/일반 음역 차이는 오류로 세지 않음.,current= 상승; source glyph=original_ui_36.png ID ui_pointer:82538; original bytes=B9 2A 29 1F; V375 pointer=0x8019FCF0,실제 화면/동작 검증은 별도,system_location_review.csv
ui_pointer:8253C,PASS_SEMANTIC,NONE,ジャン<N:フ:11>,점프,0x8253C,원문/현행을 직접 대조해 의미·대상·명령의 실질 변화 없음. 장음/일반 음역 차이는 오류로 세지 않음.,current=점프; source glyph=original_ui_36.png ID ui_pointer:8253C; original bytes=7F D6 34 DD 55; V375 pointer=0x8019B009,실제 화면/동작 검증은 별도,system_location_review.csv
ui_pointer:82540,PASS_SEMANTIC,NONE,投げ,던지기,0x82540,원문/현행을 직접 대조해 의미·대상·명령의 실질 변화 없음. 장음/일반 음역 차이는 오류로 세지 않음.,current=던지기; source glyph=original_ui_36.png ID ui_pointer:82540; original bytes=DE 04 9C; V375 pointer=0x8019AFC8,실제 화면/동작 검증은 별도,system_location_review.csv
ui_pointer:82544,PASS_SEMANTIC,NONE,受け,받기,0x82544,원문/현행을 직접 대조해 의미·대상·명령의 실질 변화 없음. 장음/일반 음역 차이는 오류로 세지 않음.,current=받기; source glyph=original_ui_36.png ID ui_pointer:82544; original bytes=DD 68 49; V375 pointer=0x8019B06F,실제 화면/동작 검증은 별도,system_location_review.csv
ui_pointer:82548,PASS_SEMANTIC,NONE,反撃,반격,0x82548,원문/현행을 직접 대조해 의미·대상·명령의 실질 변화 없음. 장음/일반 음역 차이는 오류로 세지 않음.,current=반격; source glyph=original_ui_36.png ID ui_pointer:82548; original bytes=DE 02 B1; V375 pointer=0x8019AFE6,실제 화면/동작 검증은 별도,system_location_review.csv
ui_pointer:8254C,PASS_SEMANTIC,NONE,<N:リ:12>ベルが上がつた,레벨 상승,0x8254C,원문/현행을 직접 대조해 의미·대상·명령의 실질 변화 없음. 장음/일반 음역 차이는 오류로 세지 않음.,current=레벨 상승; source glyph=original_ui_36.png ID ui_pointer:8254C; original bytes=6F DD B4 53 2A B9 2A 29 1F; V375 pointer=0x8019BDC5,실제 화면/동작 검증은 별도,system_location_review.csv
ui_pointer:82554,PASS_SEMANTIC,NONE,へをお<N:げ:26>えた,」를 배웠다.,0x82554,원문/현행을 직접 대조해 의미·대상·명령의 실질 변화 없음. 장음/일반 음역 차이는 오류로 세지 않음.,current=」를 배웠다.; source glyph=original_ui_36.png ID ui_pointer:82554; original bytes=5A 2F 3B D2 46 1F; V375 pointer=0x8019D119,실제 화면/동작 검증은 별도,system_location_review.csv
ui_pointer:825C8,PASS_SEMANTIC,NONE,サウント出力,사운드 출력,0x825C8,원문/현행을 직접 대조해 의미·대상·명령의 실질 변화 없음. 장음/일반 음역 차이는 오류로 세지 않음.,current=사운드 출력; source glyph=original_ui_37.png ID ui_pointer:825C8; original bytes=77 71 34 95 56 61; V375 pointer=0x8019BC85,실제 화면/동작 검증은 별도,system_location_review.csv
ui_pointer:825CC,PASS_SEMANTIC,NONE,パットななめ入力,대각선 입력,0x825CC,원문/현행을 직접 대조해 의미·대상·명령의 실질 변화 없음. 장음/일반 음역 차이는 오류로 세지 않음.,current=대각선 입력; source glyph=original_ui_37.png ID ui_pointer:825CC; original bytes=A3 82 95 1D 1D 51 86 61; V375 pointer=0x8019C054,실제 화면/동작 검증은 별도,system_location_review.csv
ui_pointer:825D0,ACCEPTABLE_ABBREVIATION,LOW,<N:午:15>ャンセルかくにん,돌아가기 확인,0x825D0,취소 확인을 돌아가기 확인으로 표현.,current=돌아가기 확인; source glyph=original_ui_37.png ID ui_pointer:825D0; original bytes=DD 4E D6 34 DD 60 53 20 3E 23 2D; V375 pointer=0x8019C310,실제 화면/동작 검증은 별도,system_location_review.csv
ui_pointer:825D4,ACCEPTABLE_ABBREVIATION,LOW,へル<N:フ:11>ウ<N:｣:11>ントウ,도움말 보기,0x825D4,도움말 창을 도움말 보기로 표현.,current=도움말 보기; source glyph=original_ui_37.png ID ui_pointer:825D4; original bytes=DD 3B 53 DD 55 71 65 34 95 71; V375 pointer=0x8019BC7D,실제 화면/동작 검증은 별도,system_location_review.csv
ui_pointer:825D8,ACCEPTABLE_ABBREVIATION,LOW,チョン<N:力:5>ラのモンスターすかんを<N:閂:11>く,몬스터 도감,0x825D8,촌가라의 몬스터 도감을 연다에서 소유자/열기 생략; 기능 유지.,current=몬스터 도감; source glyph=original_ui_37.png ID ui_pointer:825D8; original bytes=6C 69 34 DD 02 57 1C 5F 34 47 62 31 8C 20 2D 2F DD E0 3E; V375 pointer=0x8019BD15,실제 화면/동작 검증은 별도,system_location_review.csv
ui_pointer:825DC,PASS_SEMANTIC,NONE,ステ<N:リ:12>オ,스테레오,0x825DC,원문/현행을 직접 대조해 의미·대상·명령의 실질 변화 없음. 장음/일반 음역 차이는 오류로 세지 않음.,current=스테레오; source glyph=original_ui_37.png ID ui_pointer:825DC; original bytes=47 DB 6F 8F; V375 pointer=0x8019BECC,실제 화면/동작 검증은 별도,system_location_review.csv
ui_pointer:825E0,PASS_SEMANTIC,NONE,モ<N:メ:6>ラル,모노,0x825E0,원문/현행을 직접 대조해 의미·대상·명령의 실질 변화 없음. 장음/일반 음역 차이는 오류로 세지 않음.,current=모노; source glyph=original_ui_37.png ID ui_pointer:825E0; original bytes=5F DD 5F 57 53; V375 pointer=0x8019B043,실제 화면/동작 검증은 별도,system_location_review.csv
ui_pointer:825E4,PASS_SEMANTIC,NONE,ふつう,일반,0x825E4,원문/현행을 직접 대조해 의미·대상·명령의 실질 변화 없음. 장음/일반 음역 차이는 오류로 세지 않음.,current=일반; source glyph=original_ui_37.png ID ui_pointer:825E4; original bytes=97 45 26; V375 pointer=0x8019B04B,실제 화면/동작 검증은 별도,system_location_review.csv
ui_pointer:825E8,ACCEPTABLE_ABBREVIATION,LOW,よくする,사용,0x825E8,Resolved option context: original configuration row1 pairs825E4 normal /825E8 improve; current 일반/사용 expresses normal versus enhanced input. Table loop801608A8/801608C0 proves pairing.,Original MIPS disassembly; extra_system_probe.py contexts and configuration80160810..80160928,Root must merge this update with original 255-row review; unresolved caller traces remain,extra_system_review.csv
ui_pointer:825EC,PASS_SEMANTIC,NONE,しない,사용안함,0x825EC,원문/현행을 직접 대조해 의미·대상·명령의 실질 변화 없음. 장음/일반 음역 차이는 오류로 세지 않음.,current=사용안함; source glyph=original_ui_37.png ID ui_pointer:825EC; original bytes=1E 1D 1B; V375 pointer=0x8019C2A4,실제 화면/동작 검증은 별도,system_location_review.csv
ui_pointer:8262C,PASS_SEMANTIC,NONE,対戦せいせき,대전 성적,0x8262C,원문/현행을 직접 대조해 의미·대상·명령의 실질 변화 없음. 장음/일반 음역 차이는 오류로 세지 않음.,current=대전 성적; source glyph=original_ui_37.png ID ui_pointer:8262C; original bytes=DD 9A 63 59 1B 59 44; V375 pointer=0x8019BC95,실제 화면/동작 검증은 별도,system_location_review.csv
ui_pointer:82638,ACCEPTABLE_ABBREVIATION,LOW,能力,기량,0x82638,능력을 기량으로 표현.,current=기량; source glyph=original_ui_37.png ID ui_pointer:82638; original bytes=DD 80 61; V375 pointer=0x8019B095,실제 화면/동작 검증은 별도,system_location_review.csv
ui_pointer:8293C,PASS_SEMANTIC,NONE,マ<N:ヒ:5>攻撃,마비 공격,0x8293C,원문/현행을 직접 대조해 의미·대상·명령의 실질 변화 없음. 장음/일반 음역 차이는 오류로 세지 않음.,current=마비 공격; source glyph=original_ui_37.png ID ui_pointer:8293C; original bytes=64 DD B5 D0 B1; V375 pointer=0x8019C2DA,실제 화면/동작 검증은 별도,system_location_review.csv
ui_pointer:82940,PASS_SEMANTIC,NONE,頭なげ,머리 던지기,0x82940,원문/현행을 직접 대조해 의미·대상·명령의 실질 변화 없음. 장음/일반 음역 차이는 오류로 세지 않음.,current=머리 던지기; source glyph=original_ui_37.png ID ui_pointer:82940; original bytes=DE 5C 1D 9C; V375 pointer=0x8019BB33,실제 화면/동작 검증은 별도,system_location_review.csv
ui_pointer:82944,PASS_SEMANTIC,NONE,サ<N:｣:11><N:リ:12>ント,사일런트,0x82944,원문/현행을 직접 대조해 의미·대상·명령의 실질 변화 없음. 장음/일반 음역 차이는 오류로 세지 않음.,current=사일런트; source glyph=original_ui_37.png ID ui_pointer:82944; original bytes=77 65 6F 34 5C; V375 pointer=0x8019BEDA,실제 화면/동작 검증은 별도,system_location_review.csv
ui_pointer:82948,CONFIRMED_DEFECT,HIGH,<N:毒:1>攻撃,해로운 공격,0x82948,毒攻撃(독 공격)을 해로운 공격으로 번역하여 특정 독 상태 정보 누락.,current=해로운 공격; source glyph=original_ui_37.png ID ui_pointer:82948; original bytes=DD CF D0 B1; V375 pointer=0x8019C292,번역 승인 후 동일 원문 표시 경로를 함께 교정; 실제 표시/호출 확인,system_location_review.csv
ui_pointer:8294C,PASS_SEMANTIC,NONE,ぶんれつ,분열,0x8294C,원문/현행을 직접 대조해 의미·대상·명령의 실질 변화 없음. 장음/일반 음역 차이는 오류로 세지 않음.,current=분열; source glyph=original_ui_38.png ID ui_pointer:8294C; original bytes=CA 2D 32 45; V375 pointer=0x8019B063,실제 화면/동작 검증은 별도,system_location_review.csv
ui_pointer:82950,CONFIRMED_DEFECT,MEDIUM,ばくれつ手裏剣,폭발 수리검,0x82950,"동일 원문 기술의 이름이 main skill_name:51에서는 폭렬 수리검, 이 UI 별도 포인터에서는 폭발 수리검로 달라짐.",current=폭발 수리검; source glyph=original_ui_38.png ID ui_pointer:82950; original bytes=58 3E 32 45 87 DD FE DD 8D; V375 pointer=0x8019C144,번역 승인 후 동일 원문 표시 경로를 함께 교정; 실제 표시/호출 확인,system_location_review.csv
ui_pointer:82954,PASS_SEMANTIC,NONE,自爆,자폭,0x82954,원문/현행을 직접 대조해 의미·대상·명령의 실질 변화 없음. 장음/일반 음역 차이는 오류로 세지 않음.,current=자폭; source glyph=original_ui_38.png ID ui_pointer:82954; original bytes=A4 DD 41; V375 pointer=0x8019B027,실제 화면/동작 검증은 별도,system_location_review.csv
ui_pointer:82958,PASS_SEMANTIC,NONE,トリーム<N:メ:6>ック,드림 노크,0x82958,원문/현행을 직접 대조해 의미·대상·명령의 실질 변화 없음. 장음/일반 음역 차이는 오류로 세지 않음.,current=드림 노크; source glyph=original_ui_38.png ID ui_pointer:82958; original bytes=95 6B 31 D8 DD 5F 82 4E; V375 pointer=0x8019BC45,실제 화면/동작 검증은 별도,system_location_review.csv
ui_pointer:8295C,CONFIRMED_DEFECT,MEDIUM,エクス<N:フ:11>ロージョン,대폭발,0x8295C,"동일 원문 기술의 이름이 main skill_name:25에서는 익스플로전, 이 UI 별도 포인터에서는 대폭발로 달라짐.",current=대폭발; source glyph=original_ui_38.png ID ui_pointer:8295C; original bytes=DD 23 4E 47 DD 55 A2 31 7F 69 34; V375 pointer=0x8019AEAE,번역 승인 후 동일 원문 표시 경로를 함께 교정; 실제 표시/호출 확인,system_location_review.csv
ui_pointer:82960,CONFIRMED_DEFECT,MEDIUM,ウ<N:｣:11>ントスラッシャー,바람 검,0x82960,"동일 원문 기술의 이름이 main skill_name:28에서는 윈드 슬래셔, 이 UI 별도 포인터에서는 바람 검로 달라짐.",current=바람 검; source glyph=original_ui_38.png ID ui_pointer:82960; original bytes=71 65 34 95 47 57 82 60 D6 31; V375 pointer=0x8019BD8D,번역 승인 후 동일 원문 표시 경로를 함께 교정; 실제 표시/호출 확인,system_location_review.csv
ui_pointer:82964,CONFIRMED_DEFECT,MEDIUM,サンダーストーム,전기 폭풍,0x82964,"동일 원문 기술의 이름이 main skill_name:30에서는 썬더 스톰, 이 UI 별도 포인터에서는 전기 폭풍로 달라짐.",current=전기 폭풍; source glyph=original_ui_38.png ID ui_pointer:82964; original bytes=77 34 67 31 47 5C 31 D8; V375 pointer=0x8019BCE5,번역 승인 후 동일 원문 표시 경로를 함께 교정; 실제 표시/호출 확인,system_location_review.csv
ui_pointer:82968,PASS_SEMANTIC,NONE,ダ<N:｣:11>アモントダスト,다이아몬드 더스트,0x82968,원문/현행을 직접 대조해 의미·대상·명령의 실질 변화 없음. 장음/일반 음역 차이는 오류로 세지 않음.,current=다이아몬드 더스트; source glyph=original_ui_38.png ID ui_pointer:82968; original bytes=67 65 42 5F 34 95 67 47 5C; V375 pointer=0x8019C8E2,실제 화면/동작 검증은 별도,system_location_review.csv
ui_pointer:8296C,CONFIRMED_DEFECT,MEDIUM,デポ<N:｣:11><N:ス:15>ン,해로운 기운 제거,0x8296C,"동일 원문 기술의 이름이 main skill_name:7에서는 디포이즌, 이 UI 별도 포인터에서는 해로운 기운 제거로 달라짐. 독 해제를 일반 유해 효과 해제로 넓힌 표현이기도 함.",current=해로운 기운 제거; source glyph=original_ui_38.png ID ui_pointer:8296C; original bytes=81 D7 65 DE 1F 34; V375 pointer=0x8019C040,번역 승인 후 동일 원문 표시 경로를 함께 교정; 실제 표시/호출 확인,system_location_review.csv
ui_pointer:82970,CONFIRMED_DEFECT,MEDIUM,天のさばき,하늘의 심판,0x82970,"동일 원문 기술의 이름이 main skill_name:10에서는 천벌, 이 UI 별도 포인터에서는 하늘의 심판로 달라짐.",current=하늘의 심판; source glyph=original_ui_38.png ID ui_pointer:82970; original bytes=DD 26 1C 3A 58 44; V375 pointer=0x8019C277,번역 승인 후 동일 원문 표시 경로를 함께 교정; 실제 표시/호출 확인,system_location_review.csv
ui_pointer:82974,CONFIRMED_DEFECT,MEDIUM,リ<N:ザ:8><N:リ:12>クション,부활,0x82974,"동일 원문 기술의 이름이 main skill_name:11에서는 리저렉션, 이 UI 별도 포인터에서는 부활로 달라짐.",current=부활; source glyph=original_ui_38.png ID ui_pointer:82974; original bytes=6B DD C8 6F 4E 60 69 34; V375 pointer=0x8019B04F,번역 승인 후 동일 원문 표시 경로를 함께 교정; 실제 표시/호출 확인,system_location_review.csv
ui_pointer:82978,PASS_SEMANTIC,NONE,デ<N:ｲ:6>バ<N:｣:11>ト,디바이드,0x82978,원문/현행을 직접 대조해 의미·대상·명령의 실질 변화 없음. 장음/일반 음역 차이는 오류로 세지 않음.,current=디바이드; source glyph=original_ui_38.png ID ui_pointer:82978; original bytes=81 DD 03 AF 65 95; V375 pointer=0x8019AE45,실제 화면/동작 검증은 별도,system_location_review.csv
ui_pointer:8297C,PASS_SEMANTIC,NONE,<N:振:2>りおろし,내려치기,0x8297C,원문/현행을 직접 대조해 의미·대상·명령의 실질 변화 없음. 장음/일반 음역 차이는 오류로 세지 않음.,current=내려치기; source glyph=original_ui_38.png ID ui_pointer:8297C; original bytes=DE D9 39 3B 55 1E; V375 pointer=0x8019AEC6,실제 화면/동작 검증은 별도,system_location_review.csv
ui_pointer:82980,CONFIRMED_DEFECT,MEDIUM,<N:午:15>ュア,회복,0x82980,"동일 원문 기술의 이름이 main skill_name:6에서는 큐어, 이 UI 별도 포인터에서는 회복로 달라짐.",current=회복; source glyph=original_ui_38.png ID ui_pointer:82980; original bytes=DD 4E AB 42; V375 pointer=0x8019B053,번역 승인 후 동일 원문 표시 경로를 함께 교정; 실제 표시/호출 확인,system_location_review.csv
ui_pointer:82984,PASS_SEMANTIC,NONE,つつみこみ,감싸기,0x82984,원문/현행을 직접 대조해 의미·대상·명령의 실질 변화 없음. 장음/일반 음역 차이는 오류로 세지 않음.,current=감싸기; source glyph=original_ui_38.png ID ui_pointer:82984; original bytes=45 45 6D 2E 6D; V375 pointer=0x8019AF2C,실제 화면/동작 검증은 별도,system_location_review.csv
ui_pointer:82988,CONFIRMED_DEFECT,HIGH,<N:毒:1>のきり,해로운 기운,0x82988,毒のきり(독 안개)를 해로운 기운으로 번역하여 독/안개 정보 누락.,current=해로운 기운; source glyph=original_ui_38.png ID ui_pointer:82988; original bytes=DD CF 1C 44 39; V375 pointer=0x8019BEBE,번역 승인 후 동일 원문 표시 경로를 함께 교정; 실제 표시/호출 확인,system_location_review.csv
ui_pointer:8298C,PASS_SEMANTIC,NONE,き<N:ぃ:20>うけつ,피 빨기,0x8298C,원문/현행을 직접 대조해 의미·대상·명령의 실질 변화 없음. 장음/일반 음역 차이는 오류로 세지 않음.,current=피 빨기; source glyph=original_ui_39.png ID ui_pointer:8298C; original bytes=44 DE 20 26 49 45; V375 pointer=0x8019AE0D,실제 화면/동작 검증은 별도,system_location_review.csv
ui_pointer:82990,PASS_SEMANTIC,NONE,ちょうおんっ,초음파,0x82990,원문/현행을 직접 대조해 의미·대상·명령의 실질 변화 없음. 장음/일반 음역 차이는 오류로 세지 않음.,current=초음파; source glyph=original_ui_39.png ID ui_pointer:82990; original bytes=4B 73 26 3B 2D 75; V375 pointer=0x8019AF7D,실제 화면/동작 검증은 별도,system_location_review.csv
ui_pointer:82994,ACCEPTABLE_ABBREVIATION,LOW,石化,돌 상태,0x82994,석화를 돌 상태로 풀이.,current=돌 상태; source glyph=original_ui_39.png ID ui_pointer:82994; original bytes=94 DD 7C; V375 pointer=0x8019AEE4,실제 화면/동작 검증은 별도,system_location_review.csv
ui_pointer:82998,CONFIRMED_DEFECT,MEDIUM,し<N:ぃ:20>うい攻撃,주위 공격,0x82998,"동일 원문 기술의 이름이 main skill_name:54에서는 사방 공격, 이 UI 별도 포인터에서는 주위 공격로 달라짐.",current=주위 공격; source glyph=original_ui_39.png ID ui_pointer:82998; original bytes=1E DE 20 26 1B D0 B1; V375 pointer=0x8019BC9D,번역 승인 후 동일 원문 표시 경로를 함께 교정; 실제 표시/호출 확인,system_location_review.csv
ui_pointer:829A0,PASS_SEMANTIC,NONE,たたきつけ,강타,0x829A0,원문/현행을 직접 대조해 의미·대상·명령의 실질 변화 없음. 장음/일반 음역 차이는 오류로 세지 않음.,current=강타; source glyph=original_ui_39.png ID ui_pointer:829A0; original bytes=1F 1F 44 45 49; V375 pointer=0x8019AFCD,실제 화면/동작 검증은 별도,system_location_review.csv
ui_pointer:829A4,PASS_SEMANTIC,NONE,かふん攻撃,꽃가루 공격,0x829A4,원문/현행을 직접 대조해 의미·대상·명령의 실질 변화 없음. 장음/일반 음역 차이는 오류로 세지 않음.,current=꽃가루 공격; source glyph=original_ui_39.png ID ui_pointer:829A4; original bytes=20 97 2D D0 B1; V375 pointer=0x8019AC79,실제 화면/동작 검증은 별도,system_location_review.csv
ui_pointer:829A8,PASS_SEMANTIC,NONE,たねとばし,씨 날리기,0x829A8,원문/현행을 직접 대조해 의미·대상·명령의 실질 변화 없음. 장음/일반 음역 차이는 오류로 세지 않음.,current=씨 날리기; source glyph=original_ui_39.png ID ui_pointer:829A8; original bytes=1F 4C 36 58 1E; V375 pointer=0x8019BDCD,실제 화면/동작 검증은 별도,system_location_review.csv
ui_pointer:829AC,ACCEPTABLE_ABBREVIATION,LOW,くろの雷,검은 전기,0x829AC,검은 번개를 검은 전기로 완화.,current=검은 전기; source glyph=original_ui_39.png ID ui_pointer:829AC; original bytes=3E 55 1C DD A5; V375 pointer=0x8019AE3E,실제 화면/동작 검증은 별도,system_location_review.csv
ui_pointer:829B0,CONFIRMED_DEFECT,MEDIUM,じごくへの階段,지옥의 계단,0x829B0,"동일 원문 기술의 이름이 main skill_name:53에서는 지옥으로 가는 계단, 이 UI 별도 포인터에서는 지옥의 계단로 달라짐.",current=지옥의 계단; source glyph=original_ui_39.png ID ui_pointer:829B0; original bytes=4A 79 3E 8A 1C DD B2 DE 61; V375 pointer=0x8019C62E,번역 승인 후 동일 원문 표시 경로를 함께 교정; 실제 표시/호출 확인,system_location_review.csv
ui_pointer:829B4,ACCEPTABLE_ABBREVIATION,LOW,死のふち,죽음의 문,0x829B4,죽음의 가장자리/심연을 죽음의 문으로 비직역 명명.,current=죽음의 문; source glyph=original_ui_39.png ID ui_pointer:829B4; original bytes=DD 22 1C 97 4B; V375 pointer=0x8019BDDD,실제 화면/동작 검증은 별도,system_location_review.csv
ui_pointer:829B8,PASS_SEMANTIC,NONE,合体,합체,0x829B8,원문/현행을 직접 대조해 의미·대상·명령의 실질 변화 없음. 장음/일반 음역 차이는 오류로 세지 않음.,current=합체; source glyph=original_ui_39.png ID ui_pointer:829B8; original bytes=DD AC DD 2D; V375 pointer=0x8019AFC3,실제 화면/동작 검증은 별도,system_location_review.csv
ui_pointer:829BC,ACCEPTABLE_ABBREVIATION,LOW,暗闇,시야 차단,0x829BC,암흑 상태를 시야 차단으로 기능 풀이.,current=시야 차단; source glyph=original_ui_39.png ID ui_pointer:829BC; original bytes=DE B3 DE B2; V375 pointer=0x8019BC5D,실제 화면/동작 검증은 별도,system_location_review.csv
ui_pointer:829C0,PASS_SEMANTIC,NONE,人形らんぶ,인형 난무,0x829C0,원문/현행을 직접 대조해 의미·대상·명령의 실질 변화 없음. 장음/일반 음역 차이는 오류로 세지 않음.,current=인형 난무; source glyph=original_ui_39.png ID ui_pointer:829C0; original bytes=52 DE 42 33 2D CA; V375 pointer=0x8019BC8D,실제 화면/동작 검증은 별도,system_location_review.csv
ui_pointer:829C4,PASS_SEMANTIC,NONE,へモジー,헤모지,0x829C4,원문/현행을 직접 대조해 의미·대상·명령의 실질 변화 없음. 장음/일반 음역 차이는 오류로 세지 않음.,current=헤모지; source glyph=original_ui_39.png ID ui_pointer:829C4; original bytes=DD 3B 5F 7F 31; V375 pointer=0x8019B004,실제 화면/동작 검증은 별도,system_location_review.csv
ui_pointer:829C8,ACCEPTABLE_ABBREVIATION,LOW,雷しんは,전기 파동,0x829C8,雷しんは를 전기 파동으로 풀이.,current=전기 파동; source glyph=original_ui_39.png ID ui_pointer:829C8; original bytes=DD A5 1E 2D 28; V375 pointer=0x8019BCED,실제 화면/동작 검증은 별도,system_location_review.csv
ui_pointer:829CC,ACCEPTABLE_ABBREVIATION,LOW,炎しんは,불꽃 파동,0x829CC,炎しんは를 불꽃 파동으로 풀이.,current=불꽃 파동; source glyph=original_ui_39.png ID ui_pointer:829CC; original bytes=BF 1E 2D 28; V375 pointer=0x8019C0EA,실제 화면/동작 검증은 별도,system_location_review.csv
ui_pointer:829D0,CONFIRMED_DEFECT,MEDIUM,よみのつばさ,황천 비행,0x829D0,"동일 원문 기술의 이름이 main skill_name:57에서는 요미의 날개, 이 UI 별도 포인터에서는 황천 비행로 달라짐.",current=황천 비행; source glyph=original_ui_40.png ID ui_pointer:829D0; original bytes=3D 6D 1C 45 58 3A; V375 pointer=0x8019C234,번역 승인 후 동일 원문 표시 경로를 함께 교정; 실제 표시/호출 확인,system_location_review.csv
ui_pointer:829D4,ACCEPTABLE_ABBREVIATION,LOW,<N:波:1>黙,마법 봉인,0x829D4,실제 원문 沈黙을 마법 봉인으로 기능 풀이.,current=마법 봉인; source glyph=original_ui_40.png ID ui_pointer:829D4; original bytes=DE 5B DE 8B; V375 pointer=0x8019BCDD,실제 화면/동작 검증은 별도,system_location_review.csv
ui_pointer:829D8,CONFIRMED_DEFECT,HIGH,デス<N:卞:16>ール,죽음 회복,0x829D8,실제 원문 デスボール(데스 볼/죽음의 공)을 죽음 회복으로 오독. 공격명에 회복이라는 다른 의미 부여.,current=죽음 회복; source glyph=original_ui_40.png ID ui_pointer:829D8; original bytes=81 47 DD A1 31 53; V375 pointer=0x8019BDE5,번역 승인 후 동일 원문 표시 경로를 함께 교정; 실제 표시/호출 확인,system_location_review.csv
ui_pointer:829DC,CONFIRMED_DEFECT,MEDIUM,ダストルー<N:｣:11>ン,더스트 문양,0x829DC,실제 원문 ダストルーイン(더스트 루인)의 ruin을 rune/문양으로 오독한 더스트 문양. main skill_name:56 더스트 룬과도 불일치.,current=더스트 문양; source glyph=original_ui_40.png ID ui_pointer:829DC; original bytes=67 47 5C 53 31 65 34; V375 pointer=0x8019AC8F,번역 승인 후 동일 원문 표시 경로를 함께 교정; 실제 표시/호출 확인,system_location_review.csv
ui_pointer:829E0,PASS_SEMANTIC,NONE,かみつき,물기,0x829E0,원문/현행을 직접 대조해 의미·대상·명령의 실질 변화 없음. 장음/일반 음역 차이는 오류로 세지 않음.,current=물기; source glyph=original_ui_40.png ID ui_pointer:829E0; original bytes=20 6D 45 44; V375 pointer=0x8019B0A1,실제 화면/동작 검증은 별도,system_location_review.csv
ui_pointer:829E4,PASS_SEMANTIC,NONE,バーン<N:ク:12>ラウント,번 그라운드,0x829E4,원문/현행을 직접 대조해 의미·대상·명령의 실질 변화 없음. 장음/일반 음역 차이는 오류로 세지 않음.,current=번 그라운드; source glyph=original_ui_40.png ID ui_pointer:829E4; original bytes=AF 31 34 80 57 71 34 95; V375 pointer=0x8019ADEA,실제 화면/동작 검증은 별도,system_location_review.csv
ui_pointer:829E8,CONFIRMED_DEFECT,MEDIUM,トータル<N:ヒ:5>ーリン<N:ク:12>,전체 회복,0x829E8,"동일 원문 기술의 이름이 main skill_name:2에서는 토탈 힐링, 이 UI 별도 포인터에서는 전체 회복로 달라짐.",current=전체 회복; source glyph=original_ui_40.png ID ui_pointer:829E8; original bytes=5C 31 62 53 DD B5 31 6B 34 80; V375 pointer=0x8019BCFD,번역 승인 후 동일 원문 표시 경로를 함께 교정; 실제 표시/호출 확인,system_location_review.csv
ui_pointer:829EC,PASS_SEMANTIC,NONE,ゲ<N:｣:11>ルフラッシュ,게일 플래시,0x829EC,원문/현행을 직접 대조해 의미·대상·명령의 실질 변화 없음. 장음/일반 음역 차이는 오류로 세지 않음.,current=게일 플래시; source glyph=original_ui_40.png ID ui_pointer:829EC; original bytes=DD 4D 65 53 A6 57 82 60 AB; V375 pointer=0x8019C2D1,실제 화면/동작 검증은 별도,system_location_review.csv
ui_pointer:829F0,PASS_SEMANTIC,NONE,スロウエ<N:ネ:13>ミー,슬로우 에너미,0x829F0,원문/현행을 직접 대조해 의미·대상·명령의 실질 변화 없음. 장음/일반 음역 차이는 오류로 세지 않음.,current=슬로우 에너미; source glyph=original_ui_40.png ID ui_pointer:829F0; original bytes=47 A2 71 DD 23 DD C6 DD 3A 31; V375 pointer=0x8019C1EE,실제 화면/동작 검증은 별도,system_location_review.csv
ui_pointer:829F4,CONFIRMED_DEFECT,MEDIUM,メテオフ<N:｣:13>ール,별 내리기,0x829F4,"동일 원문 기술의 이름이 main skill_name:5에서는 메테오 폴, 이 UI 별도 포인터에서는 별 내리기로 달라짐.",current=별 내리기; source glyph=original_ui_40.png ID ui_pointer:829F4; original bytes=78 DB 8F A6 DE B4 31 53; V375 pointer=0x8019AE4C,번역 승인 후 동일 원문 표시 경로를 함께 교정; 실제 표시/호출 확인,system_location_review.csv
ui_pointer:829F8,CONFIRMED_DEFECT,MEDIUM,<N:午:15>ュア,회복,0x829F8,"동일 원문 기술의 이름이 main skill_name:6에서는 큐어, 이 UI 별도 포인터에서는 회복로 달라짐.",current=회복; source glyph=original_ui_40.png ID ui_pointer:829F8; original bytes=DD 4E AB 42; V375 pointer=0x8019B053,번역 승인 후 동일 원문 표시 경로를 함께 교정; 실제 표시/호출 확인,system_location_review.csv
ui_pointer:829FC,CONFIRMED_DEFECT,MEDIUM,デポ<N:｣:11><N:ス:15>ン,해로운 기운 제거,0x829FC,"동일 원문 기술의 이름이 main skill_name:7에서는 디포이즌, 이 UI 별도 포인터에서는 해로운 기운 제거로 달라짐. 독 해제를 일반 유해 효과 해제로 넓힌 표현이기도 함.",current=해로운 기운 제거; source glyph=original_ui_40.png ID ui_pointer:829FC; original bytes=81 D7 65 DE 1F 34; V375 pointer=0x8019C040,번역 승인 후 동일 원문 표시 경로를 함께 교정; 실제 표시/호출 확인,system_location_review.csv
ui_pointer:82A00,PASS_SEMANTIC,NONE,サ<N:｣:11><N:リ:12>ント,사일런트,0x82A00,원문/현행을 직접 대조해 의미·대상·명령의 실질 변화 없음. 장음/일반 음역 차이는 오류로 세지 않음.,current=사일런트; source glyph=original_ui_40.png ID ui_pointer:82A00; original bytes=77 65 6F 34 5C; V375 pointer=0x8019BEDA,실제 화면/동작 검증은 별도,system_location_review.csv
ui_pointer:82A04,PASS_SEMANTIC,NONE,リフ<N:リ:12>ッシュ,리프레시,0x82A04,원문/현행을 직접 대조해 의미·대상·명령의 실질 변화 없음. 장음/일반 음역 차이는 오류로 세지 않음.,current=리프레시; source glyph=original_ui_40.png ID ui_pointer:82A04; original bytes=6B A6 6F 82 60 AB; V375 pointer=0x8019BEC5,실제 화면/동작 검증은 별도,system_location_review.csv
ui_pointer:82A08,CONFIRMED_DEFECT,MEDIUM,天のさばき,하늘의 심판,0x82A08,"동일 원문 기술의 이름이 main skill_name:10에서는 천벌, 이 UI 별도 포인터에서는 하늘의 심판로 달라짐.",current=하늘의 심판; source glyph=original_ui_40.png ID ui_pointer:82A08; original bytes=DD 26 1C 3A 58 44; V375 pointer=0x8019C277,번역 승인 후 동일 원문 표시 경로를 함께 교정; 실제 표시/호출 확인,system_location_review.csv
ui_pointer:82A0C,CONFIRMED_DEFECT,MEDIUM,リ<N:ザ:8><N:リ:12>クション,부활,0x82A0C,"동일 원문 기술의 이름이 main skill_name:11에서는 리저렉션, 이 UI 별도 포인터에서는 부활로 달라짐.",current=부활; source glyph=original_ui_40.png ID ui_pointer:82A0C; original bytes=6B DD C8 6F 4E 60 69 34; V375 pointer=0x8019B04F,번역 승인 후 동일 원문 표시 경로를 함께 교정; 실제 표시/호출 확인,system_location_review.csv
ui_pointer:82A10,PASS_SEMANTIC,NONE,デ<N:ｲ:6>バ<N:｣:11>ト,디바이드,0x82A10,원문/현행을 직접 대조해 의미·대상·명령의 실질 변화 없음. 장음/일반 음역 차이는 오류로 세지 않음.,current=디바이드; source glyph=original_ui_41.png ID ui_pointer:82A10; original bytes=81 DD 03 AF 65 95; V375 pointer=0x8019AE45,실제 화면/동작 검증은 별도,system_location_review.csv
ui_pointer:82A14,CONFIRMED_DEFECT,MEDIUM,桜花雷爆斬,토슈 비기,0x82A14,"동일 원문 기술의 이름이 main skill_name:13에서는 앵화뇌폭참, 이 UI 별도 포인터에서는 토슈 비기로 달라짐.",current=토슈 비기; source glyph=original_ui_41.png ID ui_pointer:82A14; original bytes=DE 3C DE 1B DD A5 DD 41 DD 5C; V375 pointer=0x8019BD45,번역 승인 후 동일 원문 표시 경로를 함께 교정; 실제 표시/호출 확인,system_location_review.csv
ui_pointer:82A18,CONFIRMED_DEFECT,MEDIUM,呪縛剣,봉인검,0x82A18,"동일 원문 기술의 이름이 main skill_name:14에서는 주박검, 이 UI 별도 포인터에서는 봉인검로 달라짐.",current=봉인검; source glyph=original_ui_41.png ID ui_pointer:82A18; original bytes=DE 35 DE 94 DD 8D; V375 pointer=0x8019AF44,번역 승인 후 동일 원문 표시 경로를 함께 교정; 실제 표시/호출 확인,system_location_review.csv
ui_pointer:82A1C,CONFIRMED_DEFECT,MEDIUM,<N:真:2><N:空:2>斬,진공검,0x82A1C,"동일 원문 기술의 이름이 main skill_name:15에서는 진공참, 이 UI 별도 포인터에서는 진공검로 달라짐.",current=진공검; source glyph=original_ui_41.png ID ui_pointer:82A1C; original bytes=DE 9F DD 18 DD 5C; V375 pointer=0x8019AE1B,번역 승인 후 동일 원문 표시 경로를 함께 교정; 실제 표시/호출 확인,system_location_review.csv
ui_pointer:82A20,CONFIRMED_DEFECT,MEDIUM,<N:虎:5><N:影:1>斬,그림자검,0x82A20,"동일 원문 기술의 이름이 main skill_name:16에서는 호영참, 이 UI 별도 포인터에서는 그림자검로 달라짐.",current=그림자검; source glyph=original_ui_41.png ID ui_pointer:82A20; original bytes=DE E9 DE 81 DD 5C; V375 pointer=0x8019BEA9,번역 승인 후 동일 원문 표시 경로를 함께 교정; 실제 표시/호출 확인,system_location_review.csv
ui_pointer:82A24,CONFIRMED_DEFECT,MEDIUM,戦の小太鼓,전투 큰 북,0x82A24,戦の小太鼓(전투의 작은 북)를 전투 큰 북으로 번역해 크기 반전. main skill_name:17 전투의 북과도 불일치.,current=전투 큰 북; source glyph=original_ui_41.png ID ui_pointer:82A24; original bytes=63 1C DD 88 DD A9 DD F1; V375 pointer=0x8019C2FE,번역 승인 후 동일 원문 표시 경로를 함께 교정; 실제 표시/호출 확인,system_location_review.csv
ui_pointer:82A28,CONFIRMED_DEFECT,MEDIUM,荒獅子太鼓,황사자태고,0x82A28,荒獅子太鼓는 main skill_name:18 황사자 북인데 이곳은 황사자태고. 같은 기술 악기 표기 불일치.,current=황사자태고; source glyph=original_ui_41.png ID ui_pointer:82A28; original bytes=DD C0 DE A7 96 DD A9 DD F1; V375 pointer=0x8019BE25,번역 승인 후 동일 원문 표시 경로를 함께 교정; 실제 표시/호출 확인,system_location_review.csv
ui_pointer:82A2C,PASS_SEMANTIC,NONE,気合いラッパ,기합 나팔,0x82A2C,원문/현행을 직접 대조해 의미·대상·명령의 실질 변화 없음. 장음/일반 음역 차이는 오류로 세지 않음.,current=기합 나팔; source glyph=original_ui_41.png ID ui_pointer:82A2C; original bytes=A9 DD AC 1B 57 82 A3; V375 pointer=0x8019BC55,실제 화면/동작 검증은 별도,system_location_review.csv
ui_pointer:82A30,CONFIRMED_DEFECT,MEDIUM,へろへろラッパ,비틀비틀 나팔,0x82A30,"동일 원문 기술의 이름이 main skill_name:20에서는 탈진 나팔, 이 UI 별도 포인터에서는 비틀비틀 나팔로 달라짐.",current=비틀비틀 나팔; source glyph=original_ui_41.png ID ui_pointer:82A30; original bytes=8A 55 8A 55 57 82 A3; V375 pointer=0x8019C7EB,번역 승인 후 동일 원문 표시 경로를 함께 교정; 실제 표시/호출 확인,system_location_review.csv
ui_pointer:82A34,PASS_SEMANTIC,NONE,いやしのたてごと,치유의 하프,0x82A34,원문/현행을 직접 대조해 의미·대상·명령의 실질 변화 없음. 장음/일반 음역 차이는 오류로 세지 않음.,current=치유의 하프; source glyph=original_ui_41.png ID ui_pointer:82A34; original bytes=1B 40 1E 1C 1F 21 79 36; V375 pointer=0x8019BAEB,실제 화면/동작 검증은 별도,system_location_review.csv
ui_pointer:82A38,CONFIRMED_DEFECT,MEDIUM,のろまのベース,느림의 연주,0x82A38,"동일 원문 기술의 이름이 main skill_name:22에서는 둔화 베이스, 이 UI 별도 포인터에서는 느림의 연주로 달라짐.",current=느림의 연주; source glyph=original_ui_41.png ID ui_pointer:82A38; original bytes=1C 55 27 1C DD B4 31 47; V375 pointer=0x8019C2F5,번역 승인 후 동일 원문 표시 경로를 함께 교정; 실제 표시/호출 확인,system_location_review.csv
ui_pointer:82A3C,PASS_SEMANTIC,NONE,い<N:駄:2>天のオカリナ,위타천 오카리나,0x82A3C,원문/현행을 직접 대조해 의미·대상·명령의 실질 변화 없음. 장음/일반 음역 차이는 오류로 세지 않음.,current=위타천 오카리나; source glyph=original_ui_41.png ID ui_pointer:82A3C; original bytes=1B DE CD DD 26 1C 8F BC 6B 7C; V375 pointer=0x8019AA78,실제 화면/동작 검증은 별도,system_location_review.csv
ui_pointer:82A40,CONFIRMED_DEFECT,MEDIUM,向き直りの笛,방향잡이 피리,0x82A40,"동일 원문 기술의 이름이 main skill_name:24에서는 방향전환 피리, 이 UI 별도 포인터에서는 방향잡이 피리로 달라짐.",current=방향잡이 피리; source glyph=original_ui_41.png ID ui_pointer:82A40; original bytes=DD 01 44 DD 85 39 1C DE 2F; V375 pointer=0x8019AACC,번역 승인 후 동일 원문 표시 경로를 함께 교정; 실제 표시/호출 확인,system_location_review.csv
ui_pointer:82A44,CONFIRMED_DEFECT,MEDIUM,エクス<N:フ:11>ロージョン,대폭발,0x82A44,"동일 원문 기술의 이름이 main skill_name:25에서는 익스플로전, 이 UI 별도 포인터에서는 대폭발로 달라짐.",current=대폭발; source glyph=original_ui_41.png ID ui_pointer:82A44; original bytes=DD 23 4E 47 DD 55 A2 31 7F 69 34; V375 pointer=0x8019AEAE,번역 승인 후 동일 원문 표시 경로를 함께 교정; 실제 표시/호출 확인,system_location_review.csv
ui_pointer:82A48,PASS_SEMANTIC,NONE,トリーム<N:メ:6>ック,드림 노크,0x82A48,원문/현행을 직접 대조해 의미·대상·명령의 실질 변화 없음. 장음/일반 음역 차이는 오류로 세지 않음.,current=드림 노크; source glyph=original_ui_41.png ID ui_pointer:82A48; original bytes=95 6B 31 D8 DD 5F 82 4E; V375 pointer=0x8019BC45,실제 화면/동작 검증은 별도,system_location_review.csv
ui_pointer:82A4C,PASS_SEMANTIC,NONE,ダ<N:｣:11>ヤモントダスト,다이아몬드 더스트,0x82A4C,원문/현행을 직접 대조해 의미·대상·명령의 실질 변화 없음. 장음/일반 음역 차이는 오류로 세지 않음.,current=다이아몬드 더스트; source glyph=original_ui_41.png ID ui_pointer:82A4C; original bytes=67 65 BB 5F 34 95 67 47 5C; V375 pointer=0x8019C8E2,실제 화면/동작 검증은 별도,system_location_review.csv
ui_pointer:82A50,CONFIRMED_DEFECT,MEDIUM,ウ<N:｣:11>ントスラッシャー,바람 검,0x82A50,"동일 원문 기술의 이름이 main skill_name:28에서는 윈드 슬래셔, 이 UI 별도 포인터에서는 바람 검로 달라짐.",current=바람 검; source glyph=original_ui_42.png ID ui_pointer:82A50; original bytes=71 65 34 95 47 57 82 60 D6 31; V375 pointer=0x8019BD8D,번역 승인 후 동일 원문 표시 경로를 함께 교정; 실제 표시/호출 확인,system_location_review.csv
ui_pointer:82A54,CONFIRMED_DEFECT,MEDIUM,サンダーストーム,전기 폭풍,0x82A54,"동일 원문 기술의 이름이 main skill_name:30에서는 썬더 스톰, 이 UI 별도 포인터에서는 전기 폭풍로 달라짐.",current=전기 폭풍; source glyph=original_ui_42.png ID ui_pointer:82A54; original bytes=77 34 67 31 47 5C 31 D8; V375 pointer=0x8019BCE5,번역 승인 후 동일 원문 표시 경로를 함께 교정; 실제 표시/호출 확인,system_location_review.csv
ui_pointer:82A58,CONFIRMED_DEFECT,MEDIUM,旋風撃蹴,회오리 차기,0x82A58,"동일 원문 기술의 이름이 main skill_name:34에서는 선풍격축, 이 UI 별도 포인터에서는 회오리 차기로 달라짐.",current=회오리 차기; source glyph=original_ui_42.png ID ui_pointer:82A58; original bytes=DE 9C C1 B1 DE A3; V375 pointer=0x8019BD25,번역 승인 후 동일 원문 표시 경로를 함께 교정; 실제 표시/호출 확인,system_location_review.csv
ui_pointer:82A5C,PASS_SEMANTIC,NONE,流星爆,유성폭,0x82A5C,원문/현행을 직접 대조해 의미·대상·명령의 실질 변화 없음. 장음/일반 음역 차이는 오류로 세지 않음.,current=유성폭; source glyph=original_ui_42.png ID ui_pointer:82A5C; original bytes=DE 24 DE D6 DD 41; V375 pointer=0x8019AEF0,실제 화면/동작 검증은 별도,system_location_review.csv
ui_pointer:82A60,CONFIRMED_DEFECT,MEDIUM,鬼神流<N:影:1><N:波:1>,유령 파동,0x82A60,"동일 원문 기술의 이름이 main skill_name:36에서는 귀신류영파, 이 UI 별도 포인터에서는 유령 파동로 달라짐.",current=유령 파동; source glyph=original_ui_42.png ID ui_pointer:82A60; original bytes=DE F4 DD 2F DE 24 DE 81 DE 5B; V375 pointer=0x8019BD4D,번역 승인 후 동일 원문 표시 경로를 함께 교정; 실제 표시/호출 확인,system_location_review.csv
ui_pointer:82A64,PASS_SEMANTIC,NONE,滅掌烈破,멸장열파,0x82A64,원문/현행을 직접 대조해 의미·대상·명령의 실질 변화 없음. 장음/일반 음역 차이는 오류로 세지 않음.,current=멸장열파; source glyph=original_ui_42.png ID ui_pointer:82A64; original bytes=DD 40 DE DA DE 85 DD 62; V375 pointer=0x8019BDFD,실제 화면/동작 검증은 별도,system_location_review.csv
ui_pointer:82A6C,PASS_SEMANTIC,NONE,召喚,불러내기,0x82A6C,원문/현행을 직접 대조해 의미·대상·명령의 실질 변화 없음. 장음/일반 음역 차이는 오류로 세지 않음.,current=불러내기; source glyph=original_ui_42.png ID ui_pointer:82A6C; original bytes=DD 78 DD 7B; V375 pointer=0x8019AF14,실제 화면/동작 검증은 별도,system_location_review.csv
ui_pointer:82A70,PASS_SEMANTIC,NONE,調ベる,조사,0x82A70,원문/현행을 직접 대조해 의미·대상·명령의 실질 변화 없음. 장음/일반 음역 차이는 오류로 세지 않음.,current=조사; source glyph=original_ui_42.png ID ui_pointer:82A70; original bytes=DD 86 DD 35 22; V375 pointer=0x8019B0AA,실제 화면/동작 검증은 별도,system_location_review.csv
ui_pointer:82A74,PASS_SEMANTIC,NONE,回復,회복,0x82A74,원문/현행을 직접 대조해 의미·대상·명령의 실질 변화 없음. 장음/일반 음역 차이는 오류로 세지 않음.,current=회복; source glyph=original_ui_42.png ID ui_pointer:82A74; original bytes=9E DD 2C; V375 pointer=0x8019B053,실제 화면/동작 검증은 별도,system_location_review.csv
ui_pointer:82A78,ACCEPTABLE_ABBREVIATION,LOW,<N:ｴ:24>か造り,다리 만들기,0x82A78,ゆか造り(바닥 만들기)를 다리 만들기로 기능 의역; main skill_name:47과 일치.,current=다리 만들기; source glyph=original_ui_42.png ID ui_pointer:82A78; original bytes=DD 04 20 DD D5 39; V375 pointer=0x8019BE55,실제 화면/동작 검증은 별도,system_location_review.csv
ui_pointer:82A7C,CONFIRMED_DEFECT,MEDIUM,風雷破,바람 전기,0x82A7C,"동일 원문 기술의 이름이 main skill_name:48에서는 풍뢰파, 이 UI 별도 포인터에서는 바람 전기로 달라짐.",current=바람 전기; source glyph=original_ui_42.png ID ui_pointer:82A7C; original bytes=C1 DD A5 DD 62; V375 pointer=0x8019BD85,번역 승인 후 동일 원문 표시 경로를 함께 교정; 실제 표시/호출 확인,system_location_review.csv
ui_pointer:82A80,CONFIRMED_DEFECT,MEDIUM,乗り移り,몸 가져오기,0x82A80,"동일 원문 기술의 이름이 main skill_name:50에서는 빙의, 이 UI 별도 포인터에서는 몸 가져오기로 달라짐.",current=몸 가져오기; source glyph=original_ui_42.png ID ui_pointer:82A80; original bytes=DD 43 39 DE FC 39; V375 pointer=0x8019BBE7,번역 승인 후 동일 원문 표시 경로를 함께 교정; 실제 표시/호출 확인,system_location_review.csv
ui_pointer:82A84,CONFIRMED_DEFECT,MEDIUM,やる気なし,기운 없음,0x82A84,"동일 원문 기술의 이름이 main skill_name:58에서는 의욕 없음, 이 UI 별도 포인터에서는 기운 없음로 달라짐.",current=기운 없음; source glyph=original_ui_42.png ID ui_pointer:82A84; original bytes=40 22 A9 1D 1E; V375 pointer=0x8019AE9C,번역 승인 후 동일 원문 표시 경로를 함께 교정; 실제 표시/호출 확인,system_location_review.csv
ui_pointer:82AC0,PASS_SEMANTIC,NONE,はい  いいえ,예      아니요,0x82AC0,원문/현행을 직접 대조해 의미·대상·명령의 실질 변화 없음. 장음/일반 음역 차이는 오류로 세지 않음.,current=예      아니요; source glyph=original_ui_42.png ID ui_pointer:82AC0; original bytes=28 1B 01 01 1B 1B 46; V375 pointer=0x8019AC00,실제 화면/동작 검증은 별도,system_location_review.csv
ui_pointer:82AC4,PASS_SEMANTIC,NONE,  セーフしますか？  ,저장하시겠습니까?,0x82AC4,원문/현행을 직접 대조해 의미·대상·명령의 실질 변화 없음. 장음/일반 음역 차이는 오류로 세지 않음.,current=저장하시겠습니까?; source glyph=original_ui_42.png ID ui_pointer:82AC4; original bytes=01 01 DD 60 31 C9 1E 27 2B 20 3C 01 01; V375 pointer=0x8019AC42,실제 화면/동작 검증은 별도,system_location_review.csv
ui_pointer:82AC8,NEEDS_SOURCE_CONFIRMATION,MEDIUM, 装備をととのえますか？ ,전투 전 장비를 정비하시겠습니까?,0x82AC8,Direct original consumer801666F4 stages equipment prompt and registers callback8016674C; all callers being pre-battle not yet proven.,Original MIPS disassembly; extra_system_probe.py contexts and configuration80160810..80160928,Root must merge this update with original 255-row review; unresolved caller traces remain,extra_system_review.csv
ui_pointer:82ACC,ACCEPTABLE_ABBREVIATION,LOW,  よろしいですか？  ,진행하시겠습니까?,0x82ACC,일반 확인 よろしいですか를 진행하시겠습니까로 의역.,current=진행하시겠습니까?; source glyph=original_ui_43.png ID ui_pointer:82ACC; original bytes=01 01 3D 55 1E 1B 30 2B 20 3C 01 01; V375 pointer=0x8019AAF0,실제 화면/동작 검증은 별도,system_location_review.csv
extra_ui:780DC,HUD_BINARY,NONE,See evidence / original source pixels,See evidence,,"1 → DFEA: native digit fragment, indexed 3-entry selector. Unknown prose decode is not glyph failure.",original COMM pixels independently rendered in-memory; bytes=12; current=<CODE:DFEA> bytes=df ea; candidate refs=0x8012d2ac; indexed bank load8012D2B4 -> draw8012D2C0,Validate current glyph pixels and actual reachability; approve corrections only after review,extra_system_review.csv
extra_ui:780E0,HUD_BINARY,NONE,See evidence / original source pixels,See evidence,,"2 → DFEB: native digit fragment, same selector bank.",original COMM pixels independently rendered in-memory; bytes=13; current=<CODE:DFEB> bytes=df eb; candidate refs=; indexed bank load8012D2B4 -> draw8012D2C0,Validate current glyph pixels and actual reachability; approve corrections only after review,extra_system_review.csv
extra_ui:780E4,HUD_BINARY,NONE,See evidence / original source pixels,See evidence,,"3 → DFEC: native digit fragment, same selector bank.",original COMM pixels independently rendered in-memory; bytes=14; current=<CODE:DFEC> bytes=df ec; candidate refs=; indexed bank load8012D2B4 -> draw8012D2C0,Validate current glyph pixels and actual reachability; approve corrections only after review,extra_system_review.csv
extra_ui:780FC,HUD_BINARY,NONE,See evidence / original source pixels,See evidence,,"Original pixels L → DFF4: native HUD letter, not Japanese word.",original COMM pixels independently rendered in-memory; bytes=df 60; current=<CODE:DFF4> bytes=df f4; candidate refs=0x8012d3f4,Validate current glyph pixels and actual reachability; approve corrections only after review,extra_system_review.csv
extra_ui:78244,HUD_BINARY,NONE,See evidence / original source pixels,See evidence,,Original pixel is colon : (raw25 is NOT ASCII % here). Current DFF7 native HUD punctuation.,original COMM pixels independently rendered in-memory; bytes=25; current=<CODE:DFF7> bytes=df f7; candidate refs=0x8012d4b4,Validate current glyph pixels and actual reachability; approve corrections only after review,extra_system_review.csv
extra_ui:82470,PASS_SEMANTIC,NONE,See evidence / original source pixels,See evidence,,Original opening corner quote 「 matches current 「; item acquisition message component.,original COMM pixels independently rendered in-memory; bytes=5b; current=「 bytes=df 2d; candidate refs=0x8015f668,No semantic correction needed; runtime validation remains separate,extra_system_review.csv
extra_ui:82534,ACCEPTABLE_ABBREVIATION,LOW,See evidence / original source pixels,See evidence,,"Japanese subject particle が becomes space in stat-number-increase message, e.g. 공격력 N 상승. Meaning preserved.",original COMM pixels independently rendered in-memory; bytes=2a; current=  bytes=a1; candidate refs=0x8016042c,No semantic correction needed; runtime validation remains separate,extra_system_review.csv
extra_ui:82550,PASS_SEMANTIC,NONE,See evidence / original source pixels,See evidence,,Original opening corner quote 「 matches current 「; learned-skill message component.,"original COMM pixels independently rendered in-memory; bytes=5b; current=「 bytes=df 2d; candidate refs=0x8016053c,0x801605cc",No semantic correction needed; runtime validation remains separate,extra_system_review.csv
extra_ui:82558,ACCEPTABLE_ABBREVIATION,LOW,See evidence / original source pixels,See evidence,,"Original 」の becomes 」 plus space; possessive particle omitted in named-skill level-up component, meaning retained.",original COMM pixels independently rendered in-memory; bytes=5a 1c; current=」  bytes=df 09 a1; candidate refs=0x80160604,No semantic correction needed; runtime validation remains separate,extra_system_review.csv
extra_ui:825F0,PASS_SEMANTIC,NONE,See evidence / original source pixels,See evidence,,"する → 확인함 is the affirmative cancel-confirmation option, not a generic verb. Table consumer proves row pairing.",original COMM pixels independently rendered in-memory; bytes=2b 22; current=확인함 bytes=de 2b 35 dd cf; candidate refs=; configuration loop80160894..801608CC: base825C8+(row*8)+0x14 and +0x18; row2 cancel confirm / row3 help,No semantic correction needed; runtime validation remains separate,extra_system_review.csv
extra_ui:825F4,PASS_SEMANTIC,NONE,See evidence / original source pixels,See evidence,,あり → 보기 is help-window ON option; paired with なし.,original COMM pixels independently rendered in-memory; bytes=3f 39; current=보기 bytes=60 24; candidate refs=; configuration loop80160894..801608CC: base825C8+(row*8)+0x14 and +0x18; row2 cancel confirm / row3 help,No semantic correction needed; runtime validation remains separate,extra_system_review.csv
extra_ui:825F8,PASS_SEMANTIC,NONE,See evidence / original source pixels,See evidence,,なし → 안 보기 is help-window OFF option; paired with あり.,original COMM pixels independently rendered in-memory; bytes=1d 1e; current=안 보기 bytes=94 a1 60 24; candidate refs=; configuration loop80160894..801608CC: base825C8+(row*8)+0x14 and +0x18; row2 cancel confirm / row3 help,No semantic correction needed; runtime validation remains separate,extra_system_review.csv
extra_ui:82630,CONFIRMED_DEFECT,MEDIUM,See evidence / original source pixels,See evidence,,Original 勝 (wins) becomes 위 (rank/up). Original win counter renderer loads at80156898 and draws at801568A0.,original COMM pixels independently rendered in-memory; bytes=d5; current=위 bytes=8e; candidate refs=0x80156898,Validate current glyph pixels and actual reachability; approve corrections only after review,extra_system_review.csv
extra_ui:82634,CONFIRMED_DEFECT,HIGH,See evidence / original source pixels,See evidence,,"Original pixel 負 (losses) becomes 로 분<CODE:E0ED>, corrupt text. Original loss-counter draw8015691C. Known-buried exception did not mean repaired.",original COMM pixels independently rendered in-memory; bytes=dd cb; current=로 분<CODE:E0ED> bytes=d5 dc 92 e0 ed; candidate refs=0x80156914,Validate current glyph pixels and actual reachability; approve corrections only after review,extra_system_review.csv
extra_ui:8299C,CONFIRMED_DEFECT,MEDIUM,See evidence / original source pixels,See evidence,,Original flame label selects an empty font cell through the current native text renderer.,flame_glyph.json: real 8016B248 CPU renderer; CLUT7FC0 / font cell196 / zero ink; three width scenarios.,Restore a valid flame label; verify the actual monster-menu scene.,flame_glyph.json (supersedes extra_system_review.csv)
extra_ui:82A68,CONFIRMED_DEFECT,MEDIUM,See evidence / original source pixels,See evidence,,Original ????? unknown-entry label becomes empty. Explicit unknown branches draw this pointer at8015652C and80156AE0; not an original empty placeholder.,"original COMM pixels independently rendered in-memory; bytes=3c 3c 3c 3c 3c; current= bytes=; candidate refs=0x80156524,0x80156abc",Validate current glyph pixels and actual reachability; approve corrections only after review,extra_system_review.csv
extra_ui:82938,EMPTY_PLACEHOLDER,NONE,See evidence / original source pixels,See evidence,,"Original/current empty bank index0; indexed aliases consumed at80156F90,801632E0,80171CA0.","original COMM pixels independently rendered in-memory; bytes=; current= bytes=; candidate refs=0x80156f78,0x801632cc,0x80171c8c",No semantic correction needed; runtime validation remains separate,extra_system_review.csv
extra_ui:82AE8,CONFIRMED_DEFECT,LOW,See evidence / original source pixels,See evidence,,Native CJK state-editor label is unchanged bytes but Korean glyph mapping changes its visible meaning. Six-entry bank drawn80157E8C. Ordinary-player reachability NOT proven; keep debug/state editor scope separate.,original COMM pixels independently rendered in-memory; bytes=dd bd; current=겨 bytes=dd bd; candidate refs=0x80157e78,Validate current glyph pixels and actual reachability; approve corrections only after review,extra_system_review.csv
extra_ui:82AEC,CONFIRMED_DEFECT,LOW,See evidence / original source pixels,See evidence,,Native CJK state-editor label is unchanged bytes but Korean glyph mapping changes its visible meaning. Six-entry bank drawn80157E8C. Ordinary-player reachability NOT proven; keep debug/state editor scope separate.,original COMM pixels independently rendered in-memory; bytes=dd 99; current=느 bytes=dd 99; candidate refs=,Validate current glyph pixels and actual reachability; approve corrections only after review,extra_system_review.csv
extra_ui:82AF0,CONFIRMED_DEFECT,LOW,See evidence / original source pixels,See evidence,,Native CJK state-editor label is unchanged bytes but Korean glyph mapping changes its visible meaning. Six-entry bank drawn80157E8C. Ordinary-player reachability NOT proven; keep debug/state editor scope separate.,original COMM pixels independently rendered in-memory; bytes=de 34; current=평 bytes=de 34; candidate refs=,Validate current glyph pixels and actual reachability; approve corrections only after review,extra_system_review.csv
extra_ui:82AF4,CONFIRMED_DEFECT,LOW,See evidence / original source pixels,See evidence,,Native CJK state-editor label is unchanged bytes but Korean glyph mapping changes its visible meaning. Six-entry bank drawn80157E8C. Ordinary-player reachability NOT proven; keep debug/state editor scope separate.,original COMM pixels independently rendered in-memory; bytes=ce; current=  bytes=ce; candidate refs=,Validate current glyph pixels and actual reachability; approve corrections only after review,extra_system_review.csv
extra_ui:82AF8,CONFIRMED_DEFECT,LOW,See evidence / original source pixels,See evidence,,Native CJK state-editor label is unchanged bytes but Korean glyph mapping changes its visible meaning. Six-entry bank drawn80157E8C. Ordinary-player reachability NOT proven; keep debug/state editor scope separate.,original COMM pixels independently rendered in-memory; bytes=90; current=조 bytes=90; candidate refs=,Validate current glyph pixels and actual reachability; approve corrections only after review,extra_system_review.csv
extra_ui:82AFC,CONFIRMED_DEFECT,LOW,See evidence / original source pixels,See evidence,,Native CJK state-editor label is unchanged bytes but Korean glyph mapping changes its visible meaning. Six-entry bank drawn80157E8C. Ordinary-player reachability NOT proven; keep debug/state editor scope separate.,original COMM pixels independently rendered in-memory; bytes=dd d2; current=태 bytes=dd d2; candidate refs=,Validate current glyph pixels and actual reachability; approve corrections only after review,extra_system_review.csv
ascii_format:8D6A8,PASS_SEMANTIC,NONE,See evidence / original source pixels,See evidence,,ASCII numeric format '%2d' unchanged; not native game text.,Original/current bytes 253264; static ref 8012D418 calls sprintf801759B8; B2E4 at8012D43C,Formatting bytes preserved; no prose translation required,extra_system_review.csv
ascii_format:8D6AC,PASS_SEMANTIC,NONE,See evidence / original source pixels,See evidence,,ASCII numeric format '%4d' unchanged; not native game text.,Original/current bytes 253464; static ref 8012D480 calls sprintf801759B8; B2E4 at8012D4A4,Formatting bytes preserved; no prose translation required,extra_system_review.csv
ascii_format:8D6B0,PASS_SEMANTIC,NONE,See evidence / original source pixels,See evidence,,ASCII numeric format '%02d' unchanged; not native game text.,Original/current bytes 25303264; static ref 8012D508 calls sprintf801759B8; B2E4 at8012D528,Formatting bytes preserved; no prose translation required,extra_system_review.csv
ascii_format:8DA88,PASS_SEMANTIC,NONE,See evidence / original source pixels,See evidence,,ASCII numeric format '%04d' unchanged; not native game text.,Original/current bytes 25303464; static ref 80157EBC calls sprintf801759B8; B2E4 at80157F2C,Formatting bytes preserved; no prose translation required,extra_system_review.csv
ascii_format:8DA90,PASS_SEMANTIC,NONE,See evidence / original source pixels,See evidence,,ASCII numeric format '%05d' unchanged; not native game text.,Original/current bytes 25303564; static ref 80157EEC calls sprintf801759B8; B2E4 at80157F2C,Formatting bytes preserved; no prose translation required,extra_system_review.csv
ascii_format:8DA98,PASS_SEMANTIC,NONE,See evidence / original source pixels,See evidence,,ASCII numeric format '%03d' unchanged; not native game text.,Original/current bytes 25303364; static ref 80157F10 calls sprintf801759B8; B2E4 at80157F2C,Formatting bytes preserved; no prose translation required,extra_system_review.csv
ascii_format:8DAB8,PASS_SEMANTIC,NONE,See evidence / original source pixels,See evidence,,ASCII numeric format '%d' unchanged; not native game text.,Original/current bytes 2564; static ref 80160450 calls sprintf801759B8; stat message numeric component80160440 onward,Formatting bytes preserved; no prose translation required,extra_system_review.csv
ascii_format:8DAC0,PASS_SEMANTIC,NONE,See evidence / original source pixels,See evidence,,ASCII numeric format '%d' unchanged; not native game text.,Original/current bytes 2564; static ref 80162150 calls sprintf801759B8; B324 at80162160,Formatting bytes preserved; no prose translation required,extra_system_review.csv
ascii_format:8DAC4,PASS_SEMANTIC,NONE,See evidence / original source pixels,See evidence,,ASCII numeric format '%02d' unchanged; not native game text.,Original/current bytes 25303264; static ref 801621C0 calls sprintf801759B8; B324 at801621D0,Formatting bytes preserved; no prose translation required,extra_system_review.csv
ascii_format:8DACC,PASS_SEMANTIC,NONE,See evidence / original source pixels,See evidence,,ASCII numeric format ' %02d' unchanged; not native game text.,Original/current bytes 2025303264; static ref 80164074 calls sprintf801759B8; B324 at80164088,Formatting bytes preserved; no prose translation required,extra_system_review.csv
ascii_format:8DAD4,PASS_SEMANTIC,NONE,See evidence / original source pixels,See evidence,,ASCII numeric format ' %02d' unchanged; not native game text.,Original/current bytes 2025303264; static ref 80164B48 calls sprintf801759B8; B324 at80164B5C,Formatting bytes preserved; no prose translation required,extra_system_review.csv
ascii_format:8DAFC,PASS_SEMANTIC,NONE,See evidence / original source pixels,See evidence,,ASCII numeric format '%d' unchanged; not native game text.,Original/current bytes 2564; static ref 80169768 calls sprintf801759B8; native floor composite80169774..80169798,Formatting bytes preserved; no prose translation required,extra_system_review.csv
ascii_format:8DB00,PASS_SEMANTIC,NONE,See evidence / original source pixels,See evidence,,ASCII numeric format '%%%dd' unchanged; not native game text.,Original/current bytes 2525256464; static ref 8016B1E8 calls sprintf801759B8; dynamic format builder8016B1BC then numeric draw,Formatting bytes preserved; no prose translation required,extra_system_review.csv
ascii_format:8DB08,PASS_SEMANTIC,NONE,See evidence / original source pixels,See evidence,,ASCII numeric format '%%+%dd' unchanged; not native game text.,Original/current bytes 25252b256464; static ref 8016B200 calls sprintf801759B8; dynamic signed format builder8016B1BC then numeric draw,Formatting bytes preserved; no prose translation required,extra_system_review.csv
ascii_format:8DB10,PASS_SEMANTIC,NONE,See evidence / original source pixels,See evidence,,ASCII numeric format '%d' unchanged; not native game text.,Original/current bytes 2564; static ref 8016BD0C calls sprintf801759B8; native number converter8016BD20; text substitution helper,Formatting bytes preserved; no prose translation required,extra_system_review.csv
ascii_format:00DB4,PASS_SEMANTIC,NONE,See evidence / original source pixels,See evidence,,Additional ASCII numeric format '%2d     %3d/%3d     %3d/%3d' is byte-exact in original/current.,ascii_format_census.csv; direct_print_calls.csv; numeric formatter wrappers/native ASCII consumers.,No text correction needed; actual numeric rendering and bounds are separate.,ascii_format_census.csv
ascii_format:00E04,PASS_SEMANTIC,NONE,See evidence / original source pixels,See evidence,,Additional ASCII numeric format '%03d/%03d' is byte-exact in original/current.,ascii_format_census.csv; direct_print_calls.csv; numeric formatter wrappers/native ASCII consumers.,No text correction needed; actual numeric rendering and bounds are separate.,ascii_format_census.csv
ascii_format:8DA64,PASS_SEMANTIC,NONE,See evidence / original source pixels,See evidence,,Additional ASCII numeric format '%3d' is byte-exact in original/current.,ascii_format_census.csv; direct_print_calls.csv; numeric formatter wrappers/native ASCII consumers.,No text correction needed; actual numeric rendering and bounds are separate.,ascii_format_census.csv
ascii_format:8DA6C,PASS_SEMANTIC,NONE,See evidence / original source pixels,See evidence,,Additional ASCII numeric format '%2d' is byte-exact in original/current.,ascii_format_census.csv; direct_print_calls.csv; numeric formatter wrappers/native ASCII consumers.,No text correction needed; actual numeric rendering and bounds are separate.,ascii_format_census.csv
ascii_format:8DA70,PASS_SEMANTIC,NONE,See evidence / original source pixels,See evidence,,Additional ASCII numeric format '%1d' is byte-exact in original/current.,ascii_format_census.csv; direct_print_calls.csv; numeric formatter wrappers/native ASCII consumers.,No text correction needed; actual numeric rendering and bounds are separate.,ascii_format_census.csv
ascii_format:8DA74,PASS_SEMANTIC,NONE,See evidence / original source pixels,See evidence,,Additional ASCII numeric format '%4d' is byte-exact in original/current.,ascii_format_census.csv; direct_print_calls.csv; numeric formatter wrappers/native ASCII consumers.,No text correction needed; actual numeric rendering and bounds are separate.,ascii_format_census.csv
ascii_format:8DAB0,PASS_SEMANTIC,NONE,See evidence / original source pixels,See evidence,,Additional ASCII numeric format '%3d/%3d' is byte-exact in original/current.,ascii_format_census.csv; direct_print_calls.csv; numeric formatter wrappers/native ASCII consumers.,No text correction needed; actual numeric rendering and bounds are separate.,ascii_format_census.csv
ascii_format:8DADC,PASS_SEMANTIC,NONE,See evidence / original source pixels,See evidence,,Additional ASCII numeric format '%2d ' is byte-exact in original/current.,ascii_format_census.csv; direct_print_calls.csv; numeric formatter wrappers/native ASCII consumers.,No text correction needed; actual numeric rendering and bounds are separate.,ascii_format_census.csv
ascii_format:8DAE4,PASS_SEMANTIC,NONE,See evidence / original source pixels,See evidence,,Additional ASCII numeric format '%3d/%3d' is byte-exact in original/current.,ascii_format_census.csv; direct_print_calls.csv; numeric formatter wrappers/native ASCII consumers.,No text correction needed; actual numeric rendering and bounds are separate.,ascii_format_census.csv
ascii_format:8DAEC,PASS_SEMANTIC,NONE,See evidence / original source pixels,See evidence,,Additional ASCII numeric format '%2d' is byte-exact in original/current.,ascii_format_census.csv; direct_print_calls.csv; numeric formatter wrappers/native ASCII consumers.,No text correction needed; actual numeric rendering and bounds are separate.,ascii_format_census.csv
ascii_format:8DAF0,PASS_SEMANTIC,NONE,See evidence / original source pixels,See evidence,,Additional ASCII numeric format ' %d' is byte-exact in original/current.,ascii_format_census.csv; direct_print_calls.csv; numeric formatter wrappers/native ASCII consumers.,No text correction needed; actual numeric rendering and bounds are separate.,ascii_format_census.csv
ascii_format:8DAF4,PASS_SEMANTIC,NONE,See evidence / original source pixels,See evidence,,Additional ASCII numeric format '%5d/%5d' is byte-exact in original/current.,ascii_format_census.csv; direct_print_calls.csv; numeric formatter wrappers/native ASCII consumers.,No text correction needed; actual numeric rendering and bounds are separate.,ascii_format_census.csv
