file,extension,size,is_analysis,is_game_candidate,in_patch_zip,patch_size,patch_equals_work
1/S1011.DAT,.DAT,305152,0,1,1,305152,0
1/S1011.IMG,.IMG,196608,0,1,0,,
1/S1012.DAT,.DAT,305152,0,1,0,,
1/S1012.IMG,.IMG,323584,0,1,0,,
1/S1013.DAT,.DAT,305152,0,1,1,305152,0
1/S1013.IMG,.IMG,323584,0,1,0,,
1/S1021.DAT,.DAT,305152,0,1,1,305152,0
1/S1021.IMG,.IMG,323584,0,1,0,,
1/S1022.DAT,.DAT,305152,0,1,1,305152,0
1/S1022.IMG,.IMG,323584,0,1,0,,
1/S1023.DAT,.DAT,305152,0,1,1,305152,0
1/S1023.IMG,.IMG,196608,0,1,0,,
1/S1031.DAT,.DAT,305152,0,1,1,305152,0
1/S1031.IMG,.IMG,196608,0,1,0,,
1/S1032.DAT,.DAT,305152,0,1,0,,
1/S1032.IMG,.IMG,323584,0,1,0,,
1/S1041.DAT,.DAT,305152,0,1,1,305152,0
1/S1041.IMG,.IMG,323584,0,1,0,,
1/S1051.DAT,.DAT,305152,0,1,1,305152,1
1/S1051.IMG,.IMG,323584,0,1,0,,
1/S1061.DAT,.DAT,305152,0,1,1,305152,0
1/S1061.IMG,.IMG,196608,0,1,0,,
1/S1071.DAT,.DAT,305152,0,1,1,305152,0
1/S1071.IMG,.IMG,323584,0,1,0,,
1/S1072.DAT,.DAT,305152,0,1,1,305152,0
1/S1072.IMG,.IMG,196608,0,1,0,,
21/S2011.DAT,.DAT,305152,0,1,1,305152,0
21/S2011.IMG,.IMG,323584,0,1,0,,
21/S2012.DAT,.DAT,305152,0,1,1,305152,0
21/S2012.IMG,.IMG,323584,0,1,0,,
21/S2013.DAT,.DAT,305152,0,1,0,,
21/S2013.IMG,.IMG,323584,0,1,0,,
21/S2014.DAT,.DAT,305152,0,1,0,,
21/S2014.IMG,.IMG,323584,0,1,0,,
21/S2021.DAT,.DAT,305152,0,1,1,305152,0
21/S2021.IMG,.IMG,323584,0,1,0,,
21/S2022.DAT,.DAT,305152,0,1,0,,
21/S2022.IMG,.IMG,323584,0,1,0,,
21/S2031.DAT,.DAT,305152,0,1,1,305152,0
21/S2031.IMG,.IMG,323584,0,1,0,,
21/S2032.DAT,.DAT,305152,0,1,0,,
21/S2032.IMG,.IMG,323584,0,1,0,,
21/S2033.DAT,.DAT,305152,0,1,1,305152,0
21/S2033.IMG,.IMG,196608,0,1,0,,
21/S2034.DAT,.DAT,305152,0,1,0,,
21/S2034.IMG,.IMG,323584,0,1,0,,
21/S2041.DAT,.DAT,305152,0,1,1,305152,0
21/S2041.IMG,.IMG,323584,0,1,0,,
21/S2042.DAT,.DAT,305152,0,1,0,,
21/S2042.IMG,.IMG,323584,0,1,0,,
21/S2043.DAT,.DAT,305152,0,1,0,,
21/S2043.IMG,.IMG,323584,0,1,0,,
21/S2044.DAT,.DAT,305152,0,1,0,,
21/S2044.IMG,.IMG,323584,0,1,0,,
21/S2045.DAT,.DAT,305152,0,1,0,,
21/S2045.IMG,.IMG,323584,0,1,0,,
22/S2046.DAT,.DAT,305152,0,1,0,,
22/S2046.IMG,.IMG,323584,0,1,0,,
22/S2047.DAT,.DAT,305152,0,1,0,,
22/S2047.IMG,.IMG,323584,0,1,0,,
22/S2051.DAT,.DAT,305152,0,1,1,305152,0
22/S2051.IMG,.IMG,196608,0,1,0,,
22/S2052.DAT,.DAT,305152,0,1,1,305152,0
22/S2052.IMG,.IMG,323584,0,1,0,,
22/S2053.DAT,.DAT,305152,0,1,1,305152,0
22/S2053.IMG,.IMG,196608,0,1,0,,
22/S2054.DAT,.DAT,305152,0,1,0,,
22/S2054.IMG,.IMG,323584,0,1,0,,
22/S2055.DAT,.DAT,305152,0,1,0,,
22/S2055.IMG,.IMG,323584,0,1,0,,
22/S2056.DAT,.DAT,305152,0,1,0,,
22/S2056.IMG,.IMG,323584,0,1,0,,
22/S2057.DAT,.DAT,305152,0,1,1,305152,0
22/S2057.IMG,.IMG,323584,0,1,0,,
22/S2058.DAT,.DAT,305152,0,1,0,,
22/S2058.IMG,.IMG,323584,0,1,0,,
22/S2059.DAT,.DAT,305152,0,1,0,,
22/S2059.IMG,.IMG,323584,0,1,0,,
22/S205A.DAT,.DAT,305152,0,1,0,,
22/S205A.IMG,.IMG,323584,0,1,0,,
22/S205B.DAT,.DAT,305152,0,1,0,,
22/S205B.IMG,.IMG,323584,0,1,0,,
22/S205C.DAT,.DAT,305152,0,1,0,,
22/S205C.IMG,.IMG,196608,0,1,0,,
23/S2061.DAT,.DAT,305152,0,1,1,305152,0
23/S2061.IMG,.IMG,323584,0,1,0,,
23/S2071.DAT,.DAT,305152,0,1,0,,
23/S2071.IMG,.IMG,323584,0,1,0,,
23/S2081.DAT,.DAT,305152,0,1,1,305152,0
23/S2081.IMG,.IMG,323584,0,1,0,,
23/S2082.DAT,.DAT,305152,0,1,1,305152,0
23/S2082.IMG,.IMG,323584,0,1,0,,
31/S3011.DAT,.DAT,305152,0,1,1,305152,0
31/S3011.IMG,.IMG,323584,0,1,0,,
31/S3012.DAT,.DAT,305152,0,1,1,305152,0
31/S3012.IMG,.IMG,323584,0,1,0,,
31/S3013.DAT,.DAT,305152,0,1,0,,
31/S3013.IMG,.IMG,323584,0,1,0,,
31/S3014.DAT,.DAT,305152,0,1,0,,
31/S3014.IMG,.IMG,323584,0,1,0,,
31/S3021.DAT,.DAT,305152,0,1,0,,
31/S3021.IMG,.IMG,323584,0,1,0,,
31/S3022.DAT,.DAT,305152,0,1,1,305152,0
31/S3022.IMG,.IMG,323584,0,1,0,,
31/S3023.DAT,.DAT,305152,0,1,1,305152,0
31/S3023.IMG,.IMG,323584,0,1,0,,
31/S3024.DAT,.DAT,305152,0,1,1,305152,0
31/S3024.IMG,.IMG,323584,0,1,0,,
31/S3031.DAT,.DAT,305152,0,1,1,305152,0
31/S3031.IMG,.IMG,323584,0,1,0,,
31/S3032.DAT,.DAT,305152,0,1,0,,
31/S3032.IMG,.IMG,323584,0,1,0,,
31/S3041.DAT,.DAT,305152,0,1,0,,
31/S3041.IMG,.IMG,323584,0,1,0,,
32/S3051.DAT,.DAT,305152,0,1,0,,
32/S3051.IMG,.IMG,323584,0,1,0,,
32/S3061.DAT,.DAT,305152,0,1,0,,
32/S3061.IMG,.IMG,323584,0,1,0,,
32/S3062.DAT,.DAT,305152,0,1,0,,
32/S3062.IMG,.IMG,323584,0,1,0,,
32/S3063.DAT,.DAT,305152,0,1,0,,
32/S3063.IMG,.IMG,323584,0,1,0,,
32/S3064.DAT,.DAT,305152,0,1,0,,
32/S3064.IMG,.IMG,323584,0,1,0,,
32/S3065.DAT,.DAT,305152,0,1,0,,
32/S3065.IMG,.IMG,323584,0,1,0,,
32/S3066.DAT,.DAT,305152,0,1,0,,
32/S3066.IMG,.IMG,323584,0,1,0,,
32/S3067.DAT,.DAT,305152,0,1,0,,
32/S3067.IMG,.IMG,323584,0,1,0,,
32/S3068.DAT,.DAT,305152,0,1,0,,
32/S3068.IMG,.IMG,323584,0,1,0,,
4/S4011.DAT,.DAT,305152,0,1,0,,
4/S4011.IMG,.IMG,323584,0,1,0,,
4/S4012.DAT,.DAT,305152,0,1,0,,
4/S4012.IMG,.IMG,196608,0,1,0,,
4/S4013.DAT,.DAT,305152,0,1,0,,
4/S4013.IMG,.IMG,196608,0,1,0,,
4/S4021.DAT,.DAT,305152,0,1,0,,
4/S4021.IMG,.IMG,323584,0,1,0,,
4/S4022.DAT,.DAT,305152,0,1,0,,
4/S4022.IMG,.IMG,323584,0,1,0,,
4/S4031.DAT,.DAT,305152,0,1,0,,
4/S4031.IMG,.IMG,196608,0,1,0,,
4/S4032.DAT,.DAT,305152,0,1,0,,
4/S4032.IMG,.IMG,323584,0,1,0,,
4/S4033.DAT,.DAT,305152,0,1,0,,
4/S4033.IMG,.IMG,323584,0,1,0,,
4/S4034.DAT,.DAT,305152,0,1,0,,
4/S4034.IMG,.IMG,323584,0,1,0,,
4/S4035.DAT,.DAT,305152,0,1,0,,
4/S4035.IMG,.IMG,323584,0,1,0,,
4/S4036.DAT,.DAT,305152,0,1,0,,
4/S4036.IMG,.IMG,323584,0,1,0,,
4/S4041.DAT,.DAT,305152,0,1,1,305152,0
4/S4041.IMG,.IMG,323584,0,1,0,,
4/S4051.DAT,.DAT,305152,0,1,0,,
4/S4051.IMG,.IMG,323584,0,1,0,,
4/S4061.DAT,.DAT,305152,0,1,0,,
4/S4061.IMG,.IMG,323584,0,1,0,,
4/S4062.DAT,.DAT,305152,0,1,0,,
4/S4062.IMG,.IMG,323584,0,1,0,,
5/S5011.DAT,.DAT,305152,0,1,0,,
5/S5011.IMG,.IMG,323584,0,1,0,,
5/S5012.DAT,.DAT,305152,0,1,0,,
5/S5012.IMG,.IMG,323584,0,1,0,,
5/S5013.DAT,.DAT,305152,0,1,0,,
5/S5013.IMG,.IMG,323584,0,1,0,,
5/S5021.DAT,.DAT,305152,0,1,0,,
5/S5021.IMG,.IMG,323584,0,1,0,,
5/S5022.DAT,.DAT,305152,0,1,0,,
5/S5022.IMG,.IMG,323584,0,1,0,,
5/S5023.DAT,.DAT,305152,0,1,0,,
5/S5023.IMG,.IMG,323584,0,1,0,,
5/S5024.DAT,.DAT,305152,0,1,0,,
5/S5024.IMG,.IMG,323584,0,1,0,,
5/S5025.DAT,.DAT,305152,0,1,0,,
5/S5025.IMG,.IMG,323584,0,1,0,,
5/S5026.DAT,.DAT,305152,0,1,0,,
5/S5026.IMG,.IMG,323584,0,1,0,,
5/S5031.DAT,.DAT,305152,0,1,0,,
5/S5031.IMG,.IMG,323584,0,1,0,,
5/S5032.DAT,.DAT,305152,0,1,0,,
5/S5032.IMG,.IMG,323584,0,1,0,,
5/S5041.DAT,.DAT,305152,0,1,0,,
5/S5041.IMG,.IMG,323584,0,1,0,,
5/S5051.DAT,.DAT,305152,0,1,0,,
5/S5051.IMG,.IMG,323584,0,1,0,,
5/S5052.DAT,.DAT,305152,0,1,0,,
5/S5052.IMG,.IMG,323584,0,1,0,,
6/S6011.DAT,.DAT,305152,0,1,0,,
6/S6011.IMG,.IMG,323584,0,1,0,,
6/S6012.DAT,.DAT,305152,0,1,0,,
6/S6012.IMG,.IMG,323584,0,1,0,,
6/S6013.DAT,.DAT,305152,0,1,0,,
6/S6013.IMG,.IMG,323584,0,1,0,,
6/S6014.DAT,.DAT,305152,0,1,0,,
6/S6014.IMG,.IMG,323584,0,1,0,,
6/S6021.DAT,.DAT,305152,0,1,0,,
6/S6021.IMG,.IMG,323584,0,1,0,,
6/S6022.DAT,.DAT,305152,0,1,0,,
6/S6022.IMG,.IMG,323584,0,1,0,,
6/S6031.DAT,.DAT,305152,0,1,0,,
6/S6031.IMG,.IMG,323584,0,1,0,,
6/S6032.DAT,.DAT,305152,0,1,0,,
6/S6032.IMG,.IMG,323584,0,1,0,,
6/S6041.DAT,.DAT,305152,0,1,0,,
6/S6041.IMG,.IMG,323584,0,1,0,,
6/S6051.DAT,.DAT,305152,0,1,0,,
6/S6051.IMG,.IMG,323584,0,1,0,,
6/S6052.DAT,.DAT,305152,0,1,0,,
6/S6052.IMG,.IMG,323584,0,1,0,,
6/S6053.DAT,.DAT,305152,0,1,0,,
6/S6053.IMG,.IMG,323584,0,1,0,,
6/S6054.DAT,.DAT,305152,0,1,0,,
6/S6054.IMG,.IMG,323584,0,1,0,,
7/S7011.DAT,.DAT,305152,0,1,0,,
7/S7011.IMG,.IMG,323584,0,1,0,,
7/S7012.DAT,.DAT,305152,0,1,0,,
7/S7012.IMG,.IMG,323584,0,1,0,,
7/S7021.DAT,.DAT,305152,0,1,0,,
7/S7021.IMG,.IMG,323584,0,1,0,,
7/S7022.DAT,.DAT,305152,0,1,0,,
7/S7022.IMG,.IMG,323584,0,1,0,,
7/S7023.DAT,.DAT,305152,0,1,0,,
7/S7023.IMG,.IMG,323584,0,1,0,,
7/S7024.DAT,.DAT,305152,0,1,0,,
7/S7024.IMG,.IMG,323584,0,1,0,,
7/S7025.DAT,.DAT,305152,0,1,0,,
7/S7025.IMG,.IMG,323584,0,1,0,,
7/S7026.DAT,.DAT,305152,0,1,0,,
7/S7026.IMG,.IMG,323584,0,1,0,,
7/S7027.DAT,.DAT,305152,0,1,0,,
7/S7027.IMG,.IMG,323584,0,1,0,,
7/S7028.DAT,.DAT,305152,0,1,0,,
7/S7028.IMG,.IMG,323584,0,1,0,,
7/S7031.DAT,.DAT,305152,0,1,0,,
7/S7031.IMG,.IMG,323584,0,1,0,,
7/S7032.DAT,.DAT,305152,0,1,0,,
7/S7032.IMG,.IMG,323584,0,1,0,,
8/S8011.DAT,.DAT,305152,0,1,0,,
8/S8011.IMG,.IMG,323584,0,1,0,,
8/S8012.DAT,.DAT,305152,0,1,0,,
8/S8012.IMG,.IMG,323584,0,1,0,,
8/S8013.DAT,.DAT,305152,0,1,0,,
8/S8013.IMG,.IMG,323584,0,1,0,,
8/S8021.DAT,.DAT,305152,0,1,0,,
8/S8021.IMG,.IMG,323584,0,1,0,,
8/S8031.DAT,.DAT,305152,0,1,0,,
8/S8031.IMG,.IMG,323584,0,1,0,,
8/S8041.DAT,.DAT,305152,0,1,0,,
8/S8041.IMG,.IMG,323584,0,1,0,,
8/S8051.DAT,.DAT,305152,0,1,0,,
8/S8051.IMG,.IMG,323584,0,1,0,,
8/S8061.DAT,.DAT,305152,0,1,0,,
8/S8061.IMG,.IMG,323584,0,1,0,,
8/S8062.DAT,.DAT,305152,0,1,0,,
8/S8062.IMG,.IMG,323584,0,1,0,,
9/S9011.DAT,.DAT,305152,0,1,0,,
9/S9011.IMG,.IMG,323584,0,1,0,,
9/S9012.DAT,.DAT,305152,0,1,0,,
9/S9012.IMG,.IMG,323584,0,1,0,,
9/S9013.DAT,.DAT,305152,0,1,0,,
9/S9013.IMG,.IMG,323584,0,1,0,,
9/S9021.DAT,.DAT,305152,0,1,0,,
9/S9021.IMG,.IMG,323584,0,1,0,,
9/S9031.DAT,.DAT,305152,0,1,0,,
9/S9031.IMG,.IMG,323584,0,1,0,,
9/S9041.DAT,.DAT,305152,0,1,0,,
9/S9051.DAT,.DAT,305152,0,1,0,,
9/S9051.IMG,.IMG,323584,0,1,0,,
analysis/batch_slots_2026-07-12/slot1.state.bin,.BIN,3816869,1,0,0,,
analysis/batch_slots_2026-07-12/slot1.thumbnail.bin,.BIN,196608,1,0,0,,
analysis/batch_slots_2026-07-12/slot1.thumbnail.png,.PNG,37961,1,0,0,,
analysis/batch_slots_2026-07-12/slot10.state.bin,.BIN,3816869,1,0,0,,
analysis/batch_slots_2026-07-12/slot10.thumbnail.bin,.BIN,196608,1,0,0,,
analysis/batch_slots_2026-07-12/slot10.thumbnail.png,.PNG,58421,1,0,0,,
analysis/batch_slots_2026-07-12/slot2.state.bin,.BIN,3816869,1,0,0,,
analysis/batch_slots_2026-07-12/slot2.thumbnail.bin,.BIN,196608,1,0,0,,
analysis/batch_slots_2026-07-12/slot2.thumbnail.png,.PNG,53850,1,0,0,,
analysis/batch_slots_2026-07-12/slot3.state.bin,.BIN,3816869,1,0,0,,
analysis/batch_slots_2026-07-12/slot3.thumbnail.bin,.BIN,196608,1,0,0,,
analysis/batch_slots_2026-07-12/slot3.thumbnail.png,.PNG,107454,1,0,0,,
analysis/batch_slots_2026-07-12/slot4.state.bin,.BIN,3833253,1,0,0,,
analysis/batch_slots_2026-07-12/slot4.thumbnail.bin,.BIN,196608,1,0,0,,
analysis/batch_slots_2026-07-12/slot4.thumbnail.png,.PNG,108768,1,0,0,,
analysis/batch_slots_2026-07-12/slot5.state.bin,.BIN,3833253,1,0,0,,
analysis/batch_slots_2026-07-12/slot5.thumbnail.bin,.BIN,196608,1,0,0,,
analysis/batch_slots_2026-07-12/slot5.thumbnail.png,.PNG,108202,1,0,0,,
analysis/batch_slots_2026-07-12/slot6.state.bin,.BIN,3816869,1,0,0,,
analysis/batch_slots_2026-07-12/slot6.thumbnail.bin,.BIN,196608,1,0,0,,
analysis/batch_slots_2026-07-12/slot6.thumbnail.png,.PNG,105817,1,0,0,,
analysis/batch_slots_2026-07-12/slot7.state.bin,.BIN,3816869,1,0,0,,
analysis/batch_slots_2026-07-12/slot7.thumbnail.bin,.BIN,196608,1,0,0,,
analysis/batch_slots_2026-07-12/slot7.thumbnail.png,.PNG,107457,1,0,0,,
analysis/batch_slots_2026-07-12/slot8.state.bin,.BIN,3816869,1,0,0,,
analysis/batch_slots_2026-07-12/slot8.thumbnail.bin,.BIN,196608,1,0,0,,
analysis/batch_slots_2026-07-12/slot8.thumbnail.png,.PNG,58045,1,0,0,,
analysis/batch_slots_2026-07-12/slot9.state.bin,.BIN,3816869,1,0,0,,
analysis/batch_slots_2026-07-12/slot9.thumbnail.bin,.BIN,196608,1,0,0,,
analysis/batch_slots_2026-07-12/slot9.thumbnail.png,.PNG,55294,1,0,0,,
analysis/city_slots_2026-07-12/slot1.state.bin,.BIN,3833253,1,0,0,,
analysis/city_slots_2026-07-12/slot1.thumbnail.bin,.BIN,196608,1,0,0,,
analysis/city_slots_2026-07-12/slot1.thumbnail.png,.PNG,63508,1,0,0,,
analysis/city_slots_2026-07-12/slot2.state.bin,.BIN,3833253,1,0,0,,
analysis/city_slots_2026-07-12/slot2.thumbnail.bin,.BIN,196608,1,0,0,,
analysis/city_slots_2026-07-12/slot2.thumbnail.png,.PNG,59505,1,0,0,,
analysis/city_slots_2026-07-12/slot3.state.bin,.BIN,3833253,1,0,0,,
analysis/city_slots_2026-07-12/slot3.thumbnail.bin,.BIN,196608,1,0,0,,
analysis/city_slots_2026-07-12/slot3.thumbnail.png,.PNG,59367,1,0,0,,
analysis/city_slots_2026-07-12/slot4.state.bin,.BIN,3833253,1,0,0,,
analysis/city_slots_2026-07-12/slot4.thumbnail.bin,.BIN,196608,1,0,0,,
analysis/city_slots_2026-07-12/slot4.thumbnail.png,.PNG,61549,1,0,0,,
analysis/city_slots_2026-07-12/slot5.state.bin,.BIN,3833253,1,0,0,,
analysis/city_slots_2026-07-12/slot5.thumbnail.bin,.BIN,196608,1,0,0,,
analysis/city_slots_2026-07-12/slot5.thumbnail.png,.PNG,58518,1,0,0,,
analysis/city_slots_2026-07-12/slot6.state.bin,.BIN,3833253,1,0,0,,
analysis/city_slots_2026-07-12/slot6.thumbnail.bin,.BIN,196608,1,0,0,,
analysis/city_slots_2026-07-12/slot6.thumbnail.png,.PNG,58201,1,0,0,,
analysis/city_slots_2026-07-12/slot7.state.bin,.BIN,3816869,1,0,0,,
analysis/city_slots_2026-07-12/slot7.thumbnail.bin,.BIN,196608,1,0,0,,
analysis/city_slots_2026-07-12/slot7.thumbnail.png,.PNG,37964,1,0,0,,
analysis/city_slots_2026-07-12/slot8.state.bin,.BIN,3816869,1,0,0,,
analysis/city_slots_2026-07-12/slot8.thumbnail.bin,.BIN,196608,1,0,0,,
analysis/city_slots_2026-07-12/slot8.thumbnail.png,.PNG,53852,1,0,0,,
analysis/city_slots_2026-07-12/slot9.state.bin,.BIN,3816869,1,0,0,,
analysis/city_slots_2026-07-12/slot9.thumbnail.bin,.BIN,196608,1,0,0,,
analysis/city_slots_2026-07-12/slot9.thumbnail.png,.PNG,55021,1,0,0,,
analysis/comm_page0.png,.PNG,28708,1,0,0,,
analysis/current_live_2026-07-16_2055/ram.bin,.BIN,2097152,1,0,0,,
analysis/current_live_2026-07-16_2055/savestate_dialogues.csv,.CSV,138,1,0,0,,
analysis/current_live_2026-07-16_2055/savestate_script_map.json,.JSON,961,1,0,0,,
analysis/current_live_2026-07-16_2055_wide/savestate_dialogues.csv,.CSV,138,1,0,0,,
analysis/current_live_2026-07-16_2055_wide/savestate_script_map.json,.JSON,1914,1,0,0,,
analysis/current_live_2026-07-16_2150/map_original_a/savestate_dialogues.csv,.CSV,2513,1,0,0,,
analysis/current_live_2026-07-16_2150/map_original_a/savestate_script_map.json,.JSON,7191,1,0,0,,
analysis/current_live_2026-07-16_2150/map_original_b/savestate_dialogues.csv,.CSV,2513,1,0,0,,
analysis/current_live_2026-07-16_2150/map_original_b/savestate_script_map.json,.JSON,7191,1,0,0,,
analysis/current_live_2026-07-16_2150/map_original_c/savestate_dialogues.csv,.CSV,138,1,0,0,,
analysis/current_live_2026-07-16_2150/map_original_c/savestate_script_map.json,.JSON,1079,1,0,0,,
analysis/current_live_2026-07-16_2150/map_out_a/savestate_dialogues.csv,.CSV,2513,1,0,0,,
analysis/current_live_2026-07-16_2150/map_out_a/savestate_script_map.json,.JSON,7154,1,0,0,,
analysis/current_live_2026-07-16_2150/map_out_b/savestate_dialogues.csv,.CSV,2513,1,0,0,,
analysis/current_live_2026-07-16_2150/map_out_b/savestate_script_map.json,.JSON,7154,1,0,0,,
analysis/current_live_2026-07-16_2150/map_out_c/savestate_dialogues.csv,.CSV,138,1,0,0,,
analysis/current_live_2026-07-16_2150/map_out_c/savestate_script_map.json,.JSON,1008,1,0,0,,
analysis/current_live_2026-07-16_2150/ram_a.bin,.BIN,2097152,1,0,0,,
analysis/current_live_2026-07-16_2150/ram_b.bin,.BIN,2097152,1,0,0,,
analysis/current_live_2026-07-16_2150/ram_c.bin,.BIN,2097152,1,0,0,,
analysis/current_resume_map_2026-07-13/savestate_dialogues.csv,.CSV,2633,1,0,0,,
analysis/current_resume_map_2026-07-13/savestate_script_map.json,.JSON,7150,1,0,0,,
analysis/current_slot1_2026-07-16_evening/savestate_dialogues.csv,.CSV,396,1,0,0,,
analysis/current_slot1_2026-07-16_evening/savestate_script_map.json,.JSON,1794,1,0,0,,
analysis/current_slot4_2026-07-16/savestate_dialogues.csv,.CSV,138,1,0,0,,
analysis/current_slot4_2026-07-16/savestate_script_map.json,.JSON,1872,1,0,0,,
analysis/current_slots_1_to_4_2026-07-16/savestate_dialogues.csv,.CSV,2964,1,0,0,,
analysis/current_slots_1_to_4_2026-07-16/savestate_script_map.json,.JSON,11144,1,0,0,,
analysis/current_slots_3_4_wide_2026-07-16/savestate_dialogues.csv,.CSV,989,1,0,0,,
analysis/current_slots_3_4_wide_2026-07-16/savestate_script_map.json,.JSON,4704,1,0,0,,
analysis/cursor_slots_2026-07-13/slot1.png,.PNG,56435,1,0,0,,
analysis/cursor_slots_2026-07-13/slot1.state.bin,.BIN,3833253,1,0,0,,
analysis/cursor_slots_2026-07-13/slot1.thumb.bgra,.BGRA,196608,1,0,0,,
analysis/cursor_slots_2026-07-13/slot1.vram.png,.PNG,335227,1,0,0,,
analysis/cursor_slots_2026-07-13/slot2.png,.PNG,53859,1,0,0,,
analysis/cursor_slots_2026-07-13/slot2.state.bin,.BIN,3833253,1,0,0,,
analysis/cursor_slots_2026-07-13/slot2.thumb.bgra,.BGRA,196608,1,0,0,,
analysis/cursor_slots_2026-07-13/slot3.png,.PNG,57969,1,0,0,,
analysis/cursor_slots_2026-07-13/slot3.state.bin,.BIN,3833253,1,0,0,,
analysis/cursor_slots_2026-07-13/slot3.thumb.bgra,.BGRA,196608,1,0,0,,
analysis/cursor_slots_2026-07-13/slot4.png,.PNG,58858,1,0,0,,
analysis/cursor_slots_2026-07-13/slot4.state.bin,.BIN,3833253,1,0,0,,
analysis/cursor_slots_2026-07-13/slot4.thumb.bgra,.BGRA,196608,1,0,0,,
analysis/cursor_slots_retry_2026-07-13/cursor_native_crops.png,.PNG,6660,1,0,0,,
analysis/cursor_slots_retry_2026-07-13/slot1.fb0.png,.PNG,30207,1,0,0,,
analysis/cursor_slots_retry_2026-07-13/slot1.fb256.png,.PNG,26875,1,0,0,,
analysis/cursor_slots_retry_2026-07-13/slot1.native.png,.PNG,30795,1,0,0,,
analysis/cursor_slots_retry_2026-07-13/slot1.png,.PNG,59380,1,0,0,,
analysis/cursor_slots_retry_2026-07-13/slot1.state.bin,.BIN,3820965,1,0,0,,
analysis/cursor_slots_retry_2026-07-13/slot1.thumb.bgra,.BGRA,196608,1,0,0,,
analysis/cursor_slots_retry_2026-07-13/slot2.native.png,.PNG,28989,1,0,0,,
analysis/cursor_slots_retry_2026-07-13/slot2.png,.PNG,58335,1,0,0,,
analysis/cursor_slots_retry_2026-07-13/slot2.state.bin,.BIN,3820965,1,0,0,,
analysis/cursor_slots_retry_2026-07-13/slot2.thumb.bgra,.BGRA,196608,1,0,0,,
analysis/cursor_slots_retry_2026-07-13/slot3.native.png,.PNG,28656,1,0,0,,
analysis/cursor_slots_retry_2026-07-13/slot3.png,.PNG,57986,1,0,0,,
analysis/cursor_slots_retry_2026-07-13/slot3.state.bin,.BIN,3820965,1,0,0,,
analysis/cursor_slots_retry_2026-07-13/slot3.thumb.bgra,.BGRA,196608,1,0,0,,
analysis/cursor_slots_retry_2026-07-13/slot4.native.png,.PNG,29801,1,0,0,,
analysis/cursor_slots_retry_2026-07-13/slot4.png,.PNG,59114,1,0,0,,
analysis/cursor_slots_retry_2026-07-13/slot4.state.bin,.BIN,3829157,1,0,0,,
analysis/cursor_slots_retry_2026-07-13/slot4.thumb.bgra,.BGRA,196608,1,0,0,,
analysis/d_sd011_extended_current_target.csv,.CSV,443,1,0,0,,
analysis/d_sd011_live_slot1_target.csv,.CSV,373,1,0,0,,
analysis/d_sd031_snow_targets.csv,.CSV,1089,1,0,0,,
analysis/dialog_block_candidates.csv,.CSV,1746621,1,0,0,,
analysis/dialog_block_candidates_summary.md,.MD,4753,1,0,0,,
analysis/duckstation_after_load.png,.PNG,134202,1,0,0,,
analysis/duckstation_detached.png,.PNG,173346,1,0,0,,
analysis/duckstation_gdb_boot.png,.PNG,133916,1,0,0,,
analysis/duckstation_normal_restart.png,.PNG,89367,1,0,0,,
analysis/duckstation_restored.png,.PNG,166191,1,0,0,,
analysis/duckstation_system_menu.png,.PNG,676265,1,0,0,,
analysis/event_return_abc_2026-07-13/live_1.bin,.BIN,2097152,1,0,0,,
analysis/event_return_abc_2026-07-13/live_2.bin,.BIN,2097152,1,0,0,,
analysis/event_return_abc_2026-07-13/live_3.bin,.BIN,2097152,1,0,0,,
analysis/event_return_abc_2026-07-13/mapped/savestate_dialogues.csv,.CSV,11148,1,0,0,,
analysis/event_return_abc_2026-07-13/mapped/savestate_script_map.json,.JSON,27677,1,0,0,,
analysis/event_return_abc_2026-07-13/mapped_live/savestate_dialogues.csv,.CSV,3021,1,0,0,,
analysis/event_return_abc_2026-07-13/mapped_live/savestate_script_map.json,.JSON,7490,1,0,0,,
analysis/event_return_abc_2026-07-13/slot1.png,.PNG,56023,1,0,0,,
analysis/event_return_abc_2026-07-13/slot1.state.bin,.BIN,3816869,1,0,0,,
analysis/event_return_abc_2026-07-13/slot1.thumb.bgra,.BGRA,196608,1,0,0,,
analysis/event_return_abc_2026-07-13/slot2.png,.PNG,21436,1,0,0,,
analysis/event_return_abc_2026-07-13/slot2.state.bin,.BIN,3816869,1,0,0,,
analysis/event_return_abc_2026-07-13/slot2.thumb.bgra,.BGRA,196608,1,0,0,,
analysis/event_return_abc_2026-07-13/slot3.png,.PNG,20952,1,0,0,,
analysis/event_return_abc_2026-07-13/slot3.state.bin,.BIN,3816869,1,0,0,,
analysis/event_return_abc_2026-07-13/slot3.thumb.bgra,.BGRA,196608,1,0,0,,
analysis/event_return_abc_2026-07-13/slot4.png,.PNG,24263,1,0,0,,
analysis/event_return_abc_2026-07-13/slot4.state.bin,.BIN,3816869,1,0,0,,
analysis/event_return_abc_2026-07-13/slot4.thumb.bgra,.BGRA,196608,1,0,0,,
analysis/event_return_abc_2026-07-13/slot5.png,.PNG,57575,1,0,0,,
analysis/event_return_abc_2026-07-13/slot5.state.bin,.BIN,3816869,1,0,0,,
analysis/event_return_abc_2026-07-13/slot5.thumb.bgra,.BGRA,196608,1,0,0,,
analysis/gdb_slot2_actual_transition.json,.JSON,13160,1,0,0,,
analysis/gdb_slot2_script_pointer_hit.json,.JSON,3823,1,0,0,,
analysis/latest_throne_split_2026-07-13/resume.state.bin,.BIN,3816869,1,0,0,,
analysis/latest_throne_split_2026-07-13/resume.thumbnail.bin,.BIN,196608,1,0,0,,
analysis/latest_throne_split_2026-07-13/resume.thumbnail.png,.PNG,58049,1,0,0,,
analysis/latest_throne_split_2026-07-13/slot1.state.bin,.BIN,3824758,1,0,0,,
analysis/latest_throne_split_2026-07-13/slot1.thumbnail.bin,.BIN,196608,1,0,0,,
analysis/latest_throne_split_2026-07-13/slot1.thumbnail.png,.PNG,47229,1,0,0,,
analysis/latest_throne_split_2026-07-13/slot2.state.bin,.BIN,3816869,1,0,0,,
analysis/latest_throne_split_2026-07-13/slot2.thumbnail.bin,.BIN,196608,1,0,0,,
analysis/latest_throne_split_2026-07-13/slot2.thumbnail.png,.PNG,57575,1,0,0,,
analysis/latest_throne_split_2026-07-13/slot3.state.bin,.BIN,3816869,1,0,0,,
analysis/latest_throne_split_2026-07-13/slot3.thumbnail.bin,.BIN,196608,1,0,0,,
analysis/latest_throne_split_2026-07-13/slot3.thumbnail.png,.PNG,56680,1,0,0,,
analysis/live_dialogue_after.bin,.BIN,8388608,1,0,0,,
analysis/live_dialogue_before.bin,.BIN,8388608,1,0,0,,
analysis/live_ram_candidate_a.bin,.BIN,2097152,1,0,0,,
analysis/live_ram_candidate_a_next.bin,.BIN,2097152,1,0,0,,
analysis/live_ram_candidate_b.bin,.BIN,2097152,1,0,0,,
analysis/live_ram_candidate_b_next.bin,.BIN,2097152,1,0,0,,
analysis/live_ram_slot2_after.bin,.BIN,2097152,1,0,0,,
analysis/live_ram_slot2_before.bin,.BIN,2097152,1,0,0,,
analysis/live_ram_slot2_next_dialogue.bin,.BIN,2097152,1,0,0,,
analysis/live_s1071_v05_a.ram.bin,.BIN,2097152,1,0,0,,
analysis/live_s1071_v05_b.ram.bin,.BIN,2097152,1,0,0,,
analysis/next_bulk_latest_states/build_report.txt,.TXT,2907,1,0,0,,
analysis/next_bulk_latest_states/savestate_dialogues.csv,.CSV,2526,1,0,0,,
analysis/next_bulk_latest_states/savestate_script_map.json,.JSON,10995,1,0,0,,
analysis/next_bulk_latest_states/thumbs/next_states_montage.png,.PNG,927321,1,0,0,,
analysis/next_bulk_latest_states/thumbs/resume.bgra,.BGRA,196608,1,0,0,,
analysis/next_bulk_latest_states/thumbs/resume.png,.PNG,79408,1,0,0,,
analysis/next_bulk_latest_states/thumbs/slot1.bgra,.BGRA,196608,1,0,0,,
analysis/next_bulk_latest_states/thumbs/slot1.png,.PNG,67472,1,0,0,,
analysis/next_bulk_latest_states/thumbs/slot2.bgra,.BGRA,196608,1,0,0,,
analysis/next_bulk_latest_states/thumbs/slot2.png,.PNG,93407,1,0,0,,
analysis/next_bulk_latest_states/thumbs/slot3.bgra,.BGRA,196608,1,0,0,,
analysis/next_bulk_latest_states/thumbs/slot3.png,.PNG,52359,1,0,0,,
analysis/next_bulk_latest_states/verification_report.txt,.TXT,414,1,0,0,,
analysis/pair_slots_2026-07-12/mapped/savestate_dialogues.csv,.CSV,16891,1,0,0,,
analysis/pair_slots_2026-07-12/mapped/savestate_script_map.json,.JSON,46102,1,0,0,,
analysis/pair_slots_2026-07-12/mapped_original/savestate_dialogues.csv,.CSV,16891,1,0,0,,
analysis/pair_slots_2026-07-12/mapped_original/savestate_script_map.json,.JSON,46420,1,0,0,,
analysis/pair_slots_2026-07-12/slot1.state.bin,.BIN,3816869,1,0,0,,
analysis/pair_slots_2026-07-12/slot1.thumbnail.bin,.BIN,196608,1,0,0,,
analysis/pair_slots_2026-07-12/slot1.thumbnail.png,.PNG,105533,1,0,0,,
analysis/pair_slots_2026-07-12/slot10.state.bin,.BIN,3816869,1,0,0,,
analysis/pair_slots_2026-07-12/slot10.thumbnail.bin,.BIN,196608,1,0,0,,
analysis/pair_slots_2026-07-12/slot10.thumbnail.png,.PNG,56988,1,0,0,,
analysis/pair_slots_2026-07-12/slot2.state.bin,.BIN,3816869,1,0,0,,
analysis/pair_slots_2026-07-12/slot2.thumbnail.bin,.BIN,196608,1,0,0,,
analysis/pair_slots_2026-07-12/slot2.thumbnail.png,.PNG,105923,1,0,0,,
analysis/pair_slots_2026-07-12/slot3.state.bin,.BIN,3816869,1,0,0,,
analysis/pair_slots_2026-07-12/slot3.thumbnail.bin,.BIN,196608,1,0,0,,
analysis/pair_slots_2026-07-12/slot3.thumbnail.png,.PNG,56748,1,0,0,,
analysis/pair_slots_2026-07-12/slot4.state.bin,.BIN,3816869,1,0,0,,
analysis/pair_slots_2026-07-12/slot4.thumbnail.bin,.BIN,196608,1,0,0,,
analysis/pair_slots_2026-07-12/slot4.thumbnail.png,.PNG,58354,1,0,0,,
analysis/pair_slots_2026-07-12/slot5.state.bin,.BIN,3816869,1,0,0,,
analysis/pair_slots_2026-07-12/slot5.thumbnail.bin,.BIN,196608,1,0,0,,
analysis/pair_slots_2026-07-12/slot5.thumbnail.png,.PNG,25263,1,0,0,,
analysis/pair_slots_2026-07-12/slot6.state.bin,.BIN,3816869,1,0,0,,
analysis/pair_slots_2026-07-12/slot6.thumbnail.bin,.BIN,196608,1,0,0,,
analysis/pair_slots_2026-07-12/slot6.thumbnail.png,.PNG,32516,1,0,0,,
analysis/pair_slots_2026-07-12/slot7.state.bin,.BIN,3816869,1,0,0,,
analysis/pair_slots_2026-07-12/slot7.thumbnail.bin,.BIN,196608,1,0,0,,
analysis/pair_slots_2026-07-12/slot7.thumbnail.png,.PNG,57579,1,0,0,,
analysis/pair_slots_2026-07-12/slot8.state.bin,.BIN,3816869,1,0,0,,
analysis/pair_slots_2026-07-12/slot8.thumbnail.bin,.BIN,196608,1,0,0,,
analysis/pair_slots_2026-07-12/slot8.thumbnail.png,.PNG,56680,1,0,0,,
analysis/pair_slots_2026-07-12/slot9.state.bin,.BIN,3816869,1,0,0,,
analysis/pair_slots_2026-07-12/slot9.thumbnail.bin,.BIN,196608,1,0,0,,
analysis/pair_slots_2026-07-12/slot9.thumbnail.png,.PNG,57252,1,0,0,,
analysis/post_throne_choices_slots_1_to_7/savestate_dialogues.csv,.CSV,1944,1,0,0,,
analysis/post_throne_choices_slots_1_to_7/savestate_script_map.json,.JSON,16063,1,0,0,,
analysis/post_throne_choices_slots_1_to_7/thumbs/slot1.bgra,.BGRA,196608,1,0,0,,
analysis/post_throne_choices_slots_1_to_7/thumbs/slot1.png,.PNG,61881,1,0,0,,
analysis/post_throne_choices_slots_1_to_7/thumbs/slot2.bgra,.BGRA,196608,1,0,0,,
analysis/post_throne_choices_slots_1_to_7/thumbs/slot2.png,.PNG,62739,1,0,0,,
analysis/post_throne_choices_slots_1_to_7/thumbs/slot3.bgra,.BGRA,196608,1,0,0,,
analysis/post_throne_choices_slots_1_to_7/thumbs/slot3.png,.PNG,62272,1,0,0,,
analysis/post_throne_choices_slots_1_to_7/thumbs/slot4.bgra,.BGRA,196608,1,0,0,,
analysis/post_throne_choices_slots_1_to_7/thumbs/slot4.png,.PNG,62431,1,0,0,,
analysis/post_throne_choices_slots_1_to_7/thumbs/slot5.bgra,.BGRA,196608,1,0,0,,
analysis/post_throne_choices_slots_1_to_7/thumbs/slot5.png,.PNG,61649,1,0,0,,
analysis/post_throne_choices_slots_1_to_7/thumbs/slot6.bgra,.BGRA,196608,1,0,0,,
analysis/post_throne_choices_slots_1_to_7/thumbs/slot6.png,.PNG,61103,1,0,0,,
analysis/post_throne_choices_slots_1_to_7/thumbs/slot7.bgra,.BGRA,196608,1,0,0,,
analysis/post_throne_choices_slots_1_to_7/thumbs/slot7.png,.PNG,62605,1,0,0,,
analysis/post_throne_choices_slots_1_to_7/thumbs/slots_1_to_7_montage.png,.PNG,859573,1,0,0,,
analysis/s1031_live_current_target.csv,.CSV,382,1,0,0,,
analysis/savestate_extract_2026-07-11/slot2.state.bin,.BIN,3833253,1,0,0,,
analysis/savestate_extract_2026-07-11/slot3.state.bin,.BIN,3833253,1,0,0,,
analysis/savestate_extract_2026-07-11/slot4.state.bin,.BIN,3833253,1,0,0,,
analysis/savestate_extract_2026-07-11/slot5.state.bin,.BIN,3816869,1,0,0,,
analysis/savestate_extract_2026-07-11/slot6.state.bin,.BIN,3816869,1,0,0,,
analysis/savestate_extract_2026-07-11/slot7.state.bin,.BIN,3816869,1,0,0,,
analysis/savestate_extract_2026-07-12/slot1.state.bin,.BIN,3833253,1,0,0,,
analysis/savestate_extract_2026-07-12/slot2.state.bin,.BIN,3816869,1,0,0,,
analysis/savestate_extract_2026-07-12/slot3.state.bin,.BIN,3816869,1,0,0,,
analysis/savestate_extract_2026-07-12/slot4.state.bin,.BIN,3816869,1,0,0,,
analysis/savestate_extract_2026-07-12/slot4.thumbnail.bin,.BIN,196608,1,0,0,,
analysis/savestate_extract_2026-07-12/slot4.thumbnail.png,.PNG,41768,1,0,0,,
analysis/savestate_extract_2026-07-12/slot5.state.bin,.BIN,3816869,1,0,0,,
analysis/savestate_extract_2026-07-12/slot5.thumbnail.bin,.BIN,196608,1,0,0,,
analysis/savestate_extract_2026-07-12/slot5.thumbnail.png,.PNG,41884,1,0,0,,
analysis/savestate_extract_2026-07-12/slot6.state.bin,.BIN,3816869,1,0,0,,
analysis/savestate_extract_2026-07-12/slot7.state.bin,.BIN,3816869,1,0,0,,
analysis/savestate_extract_2026-07-12/slot7.thumbnail.bin,.BIN,196608,1,0,0,,
analysis/savestate_extract_2026-07-12/slot7.thumbnail.png,.PNG,38956,1,0,0,,
analysis/savestate_extract_2026-07-12/slot9.state.bin,.BIN,3816869,1,0,0,,
analysis/savestate_extract_2026-07-12/slot9.thumbnail.bin,.BIN,196608,1,0,0,,
analysis/savestate_extract_2026-07-12/slot9.thumbnail.png,.PNG,1227,1,0,0,,
analysis/scene_slots_2026-07-12/slot1.state.bin,.BIN,3816869,1,0,0,,
analysis/scene_slots_2026-07-12/slot1.thumbnail.bin,.BIN,196608,1,0,0,,
analysis/scene_slots_2026-07-12/slot1.thumbnail.png,.PNG,104703,1,0,0,,
analysis/scene_slots_2026-07-12/slot10.state.bin,.BIN,3816869,1,0,0,,
analysis/scene_slots_2026-07-12/slot10.thumbnail.bin,.BIN,196608,1,0,0,,
analysis/scene_slots_2026-07-12/slot10.thumbnail.png,.PNG,60221,1,0,0,,
analysis/scene_slots_2026-07-12/slot2.state.bin,.BIN,3816869,1,0,0,,
analysis/scene_slots_2026-07-12/slot2.thumbnail.bin,.BIN,196608,1,0,0,,
analysis/scene_slots_2026-07-12/slot2.thumbnail.png,.PNG,105018,1,0,0,,
analysis/scene_slots_2026-07-12/slot3.state.bin,.BIN,3816869,1,0,0,,
analysis/scene_slots_2026-07-12/slot3.thumbnail.bin,.BIN,196608,1,0,0,,
analysis/scene_slots_2026-07-12/slot3.thumbnail.png,.PNG,106241,1,0,0,,
analysis/scene_slots_2026-07-12/slot4.state.bin,.BIN,3816869,1,0,0,,
analysis/scene_slots_2026-07-12/slot4.thumbnail.bin,.BIN,196608,1,0,0,,
analysis/scene_slots_2026-07-12/slot4.thumbnail.png,.PNG,105379,1,0,0,,
analysis/scene_slots_2026-07-12/slot5.state.bin,.BIN,3816869,1,0,0,,
analysis/scene_slots_2026-07-12/slot5.thumbnail.bin,.BIN,196608,1,0,0,,
analysis/scene_slots_2026-07-12/slot5.thumbnail.png,.PNG,106110,1,0,0,,
analysis/scene_slots_2026-07-12/slot6.state.bin,.BIN,3816869,1,0,0,,
analysis/scene_slots_2026-07-12/slot6.thumbnail.bin,.BIN,196608,1,0,0,,
analysis/scene_slots_2026-07-12/slot6.thumbnail.png,.PNG,104594,1,0,0,,
analysis/scene_slots_2026-07-12/slot7.state.bin,.BIN,3816869,1,0,0,,
analysis/scene_slots_2026-07-12/slot7.thumbnail.bin,.BIN,196608,1,0,0,,
analysis/scene_slots_2026-07-12/slot7.thumbnail.png,.PNG,104394,1,0,0,,
analysis/scene_slots_2026-07-12/slot8.state.bin,.BIN,3816869,1,0,0,,
analysis/scene_slots_2026-07-12/slot8.thumbnail.bin,.BIN,196608,1,0,0,,
analysis/scene_slots_2026-07-12/slot8.thumbnail.png,.PNG,104954,1,0,0,,
analysis/slot1_2026-07-16_2116/savestate_dialogues.csv,.CSV,138,1,0,0,,
analysis/slot1_2026-07-16_2116/savestate_script_map.json,.JSON,2036,1,0,0,,
analysis/story_choice_layout_v20_report.txt,.TXT,538,1,0,0,,
analysis/story_corpus/japanese_glyph_map.csv,.CSV,41003,1,0,0,,
analysis/story_corpus/one_byte_glyph_atlas.png,.PNG,44413,1,0,0,,
analysis/story_corpus/one_byte_rows_16_63.png,.PNG,13445,1,0,0,,
analysis/story_corpus/story_corpus.csv,.CSV,1747359,1,0,0,,
analysis/story_corpus/story_corpus_summary.md,.MD,2630,1,0,0,,
analysis/story_e2_bank79_v14_report.txt,.TXT,238,1,0,0,,
analysis/story_house_to_throne_e2_v15_report.txt,.TXT,23133,1,0,0,,
analysis/story_intro_complete_e2_v16_report.txt,.TXT,13490,1,0,0,,
analysis/story_intro_dialogue_spacing_v07_report.txt,.TXT,187,1,0,0,,
analysis/story_intro_dialogue_width11_v08_report.txt,.TXT,257,1,0,0,,
analysis/story_intro_e2_bank_proof_v3_report.txt,.TXT,436,1,0,0,,
analysis/story_intro_e2_expanded_v01_report.txt,.TXT,1787,1,0,0,,
analysis/story_intro_e2_expanded_v02_report.txt,.TXT,1787,1,0,0,,
analysis/story_intro_e2_expanded_v03_report.txt,.TXT,1897,1,0,0,,
analysis/story_intro_e2_expanded_v04_report.txt,.TXT,1897,1,0,0,,
analysis/story_intro_e2_expanded_v05_report.txt,.TXT,1897,1,0,0,,
analysis/story_intro_e2_expanded_v06_report.txt,.TXT,1897,1,0,0,,
analysis/story_intro_e2_pointer_proof_v2_report.txt,.TXT,394,1,0,0,,
analysis/story_intro_e2_skip_v11_report.txt,.TXT,212,1,0,0,,
analysis/story_intro_e2ff_longtext_proof_report.txt,.TXT,1130,1,0,0,,
analysis/story_intro_halfwidth_space_v09_report.txt,.TXT,171,1,0,0,,
analysis/story_intro_halfwidth_space_v10_report.txt,.TXT,199,1,0,0,,
analysis/story_intro_stable_v01_build_report.txt,.TXT,890,1,0,0,,
analysis/story_legacy_tone_e2_v18_report.txt,.TXT,8134,1,0,0,,
analysis/story_minister_s3022_s3031_e2_v19_report.txt,.TXT,12776,1,0,0,,
analysis/story_punctuation_v12_report.txt,.TXT,233,1,0,0,,
analysis/story_s1072_e2_v13_report.txt,.TXT,1441,1,0,0,,
analysis/story_s3023_s3024_bulk_build_report.txt,.TXT,4595,1,0,0,,
analysis/story_verified_returns_e2_v17_report.txt,.TXT,5655,1,0,0,,
analysis/throne_10slots_2026-07-13_1337/current_after_slot10_a.ram.bin,.BIN,2097152,1,0,0,,
analysis/throne_10slots_2026-07-13_1337/current_after_slot10_b.ram.bin,.BIN,2097152,1,0,0,,
analysis/throne_10slots_2026-07-13_1337/resume.png,.PNG,57577,1,0,0,,
analysis/throne_10slots_2026-07-13_1337/resume.state.bin,.BIN,3816869,1,0,0,,
analysis/throne_10slots_2026-07-13_1337/resume.thumb.bgra,.BGRA,196608,1,0,0,,
analysis/throne_10slots_2026-07-13_1337/slot1.png,.PNG,57575,1,0,0,,
analysis/throne_10slots_2026-07-13_1337/slot1.state.bin,.BIN,3816869,1,0,0,,
analysis/throne_10slots_2026-07-13_1337/slot1.thumb.bgra,.BGRA,196608,1,0,0,,
analysis/throne_10slots_2026-07-13_1337/slot10.png,.PNG,56663,1,0,0,,
analysis/throne_10slots_2026-07-13_1337/slot10.state.bin,.BIN,3816869,1,0,0,,
analysis/throne_10slots_2026-07-13_1337/slot10.thumb.bgra,.BGRA,196608,1,0,0,,
analysis/throne_10slots_2026-07-13_1337/slot2.png,.PNG,56678,1,0,0,,
analysis/throne_10slots_2026-07-13_1337/slot2.state.bin,.BIN,3816869,1,0,0,,
analysis/throne_10slots_2026-07-13_1337/slot2.thumb.bgra,.BGRA,196608,1,0,0,,
analysis/throne_10slots_2026-07-13_1337/slot3.png,.PNG,58818,1,0,0,,
analysis/throne_10slots_2026-07-13_1337/slot3.state.bin,.BIN,3816869,1,0,0,,
analysis/throne_10slots_2026-07-13_1337/slot3.thumb.bgra,.BGRA,196608,1,0,0,,
analysis/throne_10slots_2026-07-13_1337/slot4.png,.PNG,57631,1,0,0,,
analysis/throne_10slots_2026-07-13_1337/slot4.state.bin,.BIN,3816869,1,0,0,,
analysis/throne_10slots_2026-07-13_1337/slot4.thumb.bgra,.BGRA,196608,1,0,0,,
analysis/throne_10slots_2026-07-13_1337/slot5.png,.PNG,58059,1,0,0,,
analysis/throne_10slots_2026-07-13_1337/slot5.state.bin,.BIN,3816869,1,0,0,,
analysis/throne_10slots_2026-07-13_1337/slot5.thumb.bgra,.BGRA,196608,1,0,0,,
analysis/throne_10slots_2026-07-13_1337/slot6.png,.PNG,56484,1,0,0,,
analysis/throne_10slots_2026-07-13_1337/slot6.state.bin,.BIN,3816869,1,0,0,,
analysis/throne_10slots_2026-07-13_1337/slot6.thumb.bgra,.BGRA,196608,1,0,0,,
analysis/throne_10slots_2026-07-13_1337/slot7.png,.PNG,58330,1,0,0,,
analysis/throne_10slots_2026-07-13_1337/slot7.state.bin,.BIN,3816869,1,0,0,,
analysis/throne_10slots_2026-07-13_1337/slot7.thumb.bgra,.BGRA,196608,1,0,0,,
analysis/throne_10slots_2026-07-13_1337/slot8.png,.PNG,55548,1,0,0,,
analysis/throne_10slots_2026-07-13_1337/slot8.state.bin,.BIN,3816869,1,0,0,,
analysis/throne_10slots_2026-07-13_1337/slot8.thumb.bgra,.BGRA,196608,1,0,0,,
analysis/throne_10slots_2026-07-13_1337/slot9.png,.PNG,58783,1,0,0,,
analysis/throne_10slots_2026-07-13_1337/slot9.state.bin,.BIN,3816869,1,0,0,,
analysis/throne_10slots_2026-07-13_1337/slot9.thumb.bgra,.BGRA,196608,1,0,0,,
analysis/throne_slots_2026-07-12/slot1.state.bin,.BIN,3816869,1,0,0,,
analysis/throne_slots_2026-07-12/slot1.thumbnail.bin,.BIN,196608,1,0,0,,
analysis/throne_slots_2026-07-12/slot1.thumbnail.png,.PNG,58816,1,0,0,,
analysis/throne_slots_2026-07-12/slot10.state.bin,.BIN,3816869,1,0,0,,
analysis/throne_slots_2026-07-12/slot10.thumbnail.bin,.BIN,196608,1,0,0,,
analysis/throne_slots_2026-07-12/slot10.thumbnail.png,.PNG,59292,1,0,0,,
analysis/throne_slots_2026-07-12/slot2.state.bin,.BIN,3816869,1,0,0,,
analysis/throne_slots_2026-07-12/slot2.thumbnail.bin,.BIN,196608,1,0,0,,
analysis/throne_slots_2026-07-12/slot2.thumbnail.png,.PNG,57627,1,0,0,,
analysis/throne_slots_2026-07-12/slot3.state.bin,.BIN,3816869,1,0,0,,
analysis/throne_slots_2026-07-12/slot3.thumbnail.bin,.BIN,196608,1,0,0,,
analysis/throne_slots_2026-07-12/slot3.thumbnail.png,.PNG,58059,1,0,0,,
analysis/throne_slots_2026-07-12/slot4.state.bin,.BIN,3816869,1,0,0,,
analysis/throne_slots_2026-07-12/slot4.thumbnail.bin,.BIN,196608,1,0,0,,
analysis/throne_slots_2026-07-12/slot4.thumbnail.png,.PNG,56482,1,0,0,,
analysis/throne_slots_2026-07-12/slot5.state.bin,.BIN,3816869,1,0,0,,
analysis/throne_slots_2026-07-12/slot5.thumbnail.bin,.BIN,196608,1,0,0,,
analysis/throne_slots_2026-07-12/slot5.thumbnail.png,.PNG,58325,1,0,0,,
analysis/throne_slots_2026-07-12/slot6.state.bin,.BIN,3816869,1,0,0,,
analysis/throne_slots_2026-07-12/slot6.thumbnail.bin,.BIN,196608,1,0,0,,
analysis/throne_slots_2026-07-12/slot6.thumbnail.png,.PNG,55553,1,0,0,,
analysis/throne_slots_2026-07-12/slot7.state.bin,.BIN,3816869,1,0,0,,
analysis/throne_slots_2026-07-12/slot7.thumbnail.bin,.BIN,196608,1,0,0,,
analysis/throne_slots_2026-07-12/slot7.thumbnail.png,.PNG,58786,1,0,0,,
analysis/throne_slots_2026-07-12/slot8.state.bin,.BIN,3816869,1,0,0,,
analysis/throne_slots_2026-07-12/slot8.thumbnail.bin,.BIN,196608,1,0,0,,
analysis/throne_slots_2026-07-12/slot8.thumbnail.png,.PNG,56661,1,0,0,,
analysis/throne_slots_2026-07-12/slot9.state.bin,.BIN,3816869,1,0,0,,
analysis/throne_slots_2026-07-12/slot9.thumbnail.bin,.BIN,196608,1,0,0,,
analysis/throne_slots_2026-07-12/slot9.thumbnail.png,.PNG,58378,1,0,0,,
analysis/ui_sources/COMM.DAT,.DAT,737280,1,0,0,,
analysis/ui_sources/COMM.IMG,.IMG,458752,1,0,0,,
analysis/ui_sources/PSX.EXE,.EXE,581632,1,0,0,,
B/SB011.DAT,.DAT,305152,0,1,0,,
B/SB011.IMG,.IMG,323584,0,1,0,,
B/SB021.DAT,.DAT,305152,0,1,0,,
B/SB021.IMG,.IMG,323584,0,1,0,,
B/SB022.DAT,.DAT,305152,0,1,0,,
B/SB022.IMG,.IMG,323584,0,1,0,,
B/SB031.DAT,.DAT,335872,0,1,0,,
B/SB041.DAT,.DAT,305152,0,1,0,,
B/SB041.IMG,.IMG,323584,0,1,0,,
B/SB051.DAT,.DAT,305152,0,1,0,,
B/SB051.IMG,.IMG,323584,0,1,0,,
B/SB061.DAT,.DAT,335872,0,1,0,,
B/SB071.DAT,.DAT,305152,0,1,0,,
B/SB071.IMG,.IMG,323584,0,1,0,,
B/SB072.DAT,.DAT,305152,0,1,0,,
B/SB072.IMG,.IMG,323584,0,1,0,,
B/SB081.DAT,.DAT,305152,0,1,0,,
B/SB081.IMG,.IMG,323584,0,1,0,,
C1/SC011.DAT,.DAT,305152,0,1,1,305152,0
C1/SC011.IMG,.IMG,323584,0,1,0,,
C1/SC021.DAT,.DAT,305152,0,1,0,,
C1/SC021.IMG,.IMG,323584,0,1,0,,
C1/SC031.DAT,.DAT,305152,0,1,0,,
C1/SC031.IMG,.IMG,323584,0,1,0,,
C1/SC041.DAT,.DAT,305152,0,1,0,,
C1/SC041.IMG,.IMG,323584,0,1,0,,
C1/SC051.DAT,.DAT,305152,0,1,0,,
C1/SC051.IMG,.IMG,323584,0,1,0,,
C1/SC061.DAT,.DAT,305152,0,1,0,,
C1/SC061.IMG,.IMG,323584,0,1,0,,
C1/SC071.DAT,.DAT,335872,0,1,0,,
C1/SC072.DAT,.DAT,335872,0,1,0,,
C1/SC081.DAT,.DAT,305152,0,1,0,,
C1/SC081.IMG,.IMG,323584,0,1,0,,
C1/SC091.DAT,.DAT,305152,0,1,0,,
C1/SC091.IMG,.IMG,323584,0,1,0,,
C2/SC0A1.DAT,.DAT,305152,0,1,0,,
C2/SC0A1.IMG,.IMG,323584,0,1,0,,
C2/SC0B1.DAT,.DAT,305152,0,1,0,,
C2/SC0B1.IMG,.IMG,323584,0,1,0,,
C2/SC0B2.DAT,.DAT,305152,0,1,0,,
C2/SC0B2.IMG,.IMG,323584,0,1,0,,
C2/SC0B3.DAT,.DAT,305152,0,1,0,,
C2/SC0B3.IMG,.IMG,323584,0,1,0,,
C2/SC0B4.DAT,.DAT,305152,0,1,0,,
C2/SC0B4.IMG,.IMG,323584,0,1,0,,
C2/SC0B5.DAT,.DAT,305152,0,1,0,,
C2/SC0B5.IMG,.IMG,323584,0,1,0,,
C2/SC0B6.DAT,.DAT,305152,0,1,0,,
C2/SC0B6.IMG,.IMG,323584,0,1,0,,
C2/SC0C1.DAT,.DAT,305152,0,1,0,,
C2/SC0C1.IMG,.IMG,323584,0,1,0,,
COMM.DAT,.DAT,737280,0,1,0,,
COMM.IMG,.IMG,458752,0,1,1,458752,0
COMM.SND,.SND,354304,0,1,0,,
D/SD011.DAT,.DAT,305152,0,1,1,305152,0
D/SD011.IMG,.IMG,323584,0,1,0,,
D/SD012.DAT,.DAT,305152,0,1,1,305152,0
D/SD012.IMG,.IMG,323584,0,1,0,,
D/SD013.DAT,.DAT,305152,0,1,1,305152,0
D/SD013.IMG,.IMG,196608,0,1,0,,
D/SD014.DAT,.DAT,305152,0,1,0,,
D/SD014.IMG,.IMG,196608,0,1,0,,
D/SD015.DAT,.DAT,305152,0,1,0,,
D/SD015.IMG,.IMG,323584,0,1,0,,
D/SD021.DAT,.DAT,305152,0,1,0,,
D/SD021.IMG,.IMG,323584,0,1,0,,
D/SD031.DAT,.DAT,305152,0,1,1,305152,1
D/SD031.IMG,.IMG,323584,0,1,0,,
D/SD041.DAT,.DAT,305152,0,1,0,,
D/SD041.IMG,.IMG,319488,0,1,0,,
D/SD051.DAT,.DAT,305152,0,1,0,,
D/SD061.DAT,.DAT,305152,0,1,0,,
D/SD071.DAT,.DAT,305152,0,1,0,,
D/SD071.IMG,.IMG,323584,0,1,0,,
E1/SE01.IMG,.IMG,323584,0,1,0,,
E1/SE011.DAT,.DAT,305152,0,1,0,,
E1/SE012.DAT,.DAT,305152,0,1,0,,
E1/SE013.DAT,.DAT,305152,0,1,0,,
E1/SE014.DAT,.DAT,305152,0,1,0,,
E1/SE015.DAT,.DAT,305152,0,1,0,,
E1/SE016.DAT,.DAT,305152,0,1,0,,
E1/SE017.DAT,.DAT,305152,0,1,0,,
E1/SE018.DAT,.DAT,305152,0,1,0,,
E1/SE019.DAT,.DAT,305152,0,1,0,,
E1/SE01A.DAT,.DAT,305152,0,1,0,,
E2/SE02.IMG,.IMG,323584,0,1,0,,
E2/SE021.DAT,.DAT,305152,0,1,0,,
E2/SE022.DAT,.DAT,305152,0,1,0,,
E2/SE023.DAT,.DAT,305152,0,1,0,,
E2/SE024.DAT,.DAT,305152,0,1,0,,
E2/SE025.DAT,.DAT,305152,0,1,0,,
E2/SE026.DAT,.DAT,305152,0,1,0,,
E2/SE027.DAT,.DAT,305152,0,1,0,,
E2/SE028.DAT,.DAT,305152,0,1,0,,
E2/SE029.DAT,.DAT,305152,0,1,0,,
E2/SE02A.DAT,.DAT,305152,0,1,0,,
E3/SE03.IMG,.IMG,323584,0,1,0,,
E3/SE031.DAT,.DAT,305152,0,1,0,,
E3/SE032.DAT,.DAT,305152,0,1,0,,
E3/SE033.DAT,.DAT,305152,0,1,0,,
E3/SE034.DAT,.DAT,305152,0,1,0,,
E3/SE035.DAT,.DAT,305152,0,1,0,,
E3/SE036.DAT,.DAT,305152,0,1,0,,
E3/SE037.DAT,.DAT,305152,0,1,0,,
E3/SE038.DAT,.DAT,305152,0,1,0,,
E3/SE039.DAT,.DAT,305152,0,1,0,,
E3/SE03A.DAT,.DAT,305152,0,1,0,,
E4/SE04.IMG,.IMG,323584,0,1,0,,
E4/SE041.DAT,.DAT,305152,0,1,0,,
E4/SE042.DAT,.DAT,305152,0,1,0,,
E4/SE043.DAT,.DAT,305152,0,1,0,,
E4/SE044.DAT,.DAT,305152,0,1,0,,
E4/SE045.DAT,.DAT,305152,0,1,0,,
E4/SE046.DAT,.DAT,305152,0,1,0,,
E4/SE047.DAT,.DAT,305152,0,1,0,,
E4/SE048.DAT,.DAT,305152,0,1,0,,
E4/SE049.DAT,.DAT,305152,0,1,0,,
E4/SE04A.DAT,.DAT,305152,0,1,0,,
E5/SE05.IMG,.IMG,323584,0,1,0,,
E5/SE051.DAT,.DAT,305152,0,1,0,,
E5/SE052.DAT,.DAT,305152,0,1,0,,
E5/SE053.DAT,.DAT,305152,0,1,0,,
E5/SE054.DAT,.DAT,305152,0,1,0,,
E5/SE055.DAT,.DAT,305152,0,1,0,,
E5/SE056.DAT,.DAT,305152,0,1,0,,
E5/SE057.DAT,.DAT,305152,0,1,0,,
E5/SE058.DAT,.DAT,305152,0,1,0,,
E5/SE059.DAT,.DAT,305152,0,1,0,,
E5/SE05A.DAT,.DAT,305152,0,1,0,,
F/SF011.DAT,.DAT,305152,0,1,0,,
F/SF011.IMG,.IMG,323584,0,1,0,,
F/SF021.DAT,.DAT,305152,0,1,0,,
F/SF021.IMG,.IMG,323584,0,1,0,,
F/SF031.DAT,.DAT,305152,0,1,0,,
F/SF031.IMG,.IMG,323584,0,1,0,,
F/SF041.DAT,.DAT,305152,0,1,0,,
F/SF041.IMG,.IMG,323584,0,1,0,,
F/SF051.DAT,.DAT,305152,0,1,0,,
F/SF051.IMG,.IMG,196608,0,1,0,,
F/SF061.DAT,.DAT,305152,0,1,0,,
F/SF061.IMG,.IMG,323584,0,1,0,,
F/SF071.DAT,.DAT,305152,0,1,0,,
F/SF071.IMG,.IMG,323584,0,1,0,,
F/SF081.DAT,.DAT,305152,0,1,0,,
F/SF081.IMG,.IMG,323584,0,1,0,,
F/SF091.DAT,.DAT,305152,0,1,1,305152,0
F/SF091.IMG,.IMG,323584,0,1,0,,
F/SF0A1.DAT,.DAT,305152,0,1,0,,
F/SF0A1.IMG,.IMG,323584,0,1,0,,
F/SF0B1.DAT,.DAT,305152,0,1,1,305152,0
F/SF0B1.IMG,.IMG,196608,0,1,0,,
F/SF0C1.DAT,.DAT,305152,0,1,0,,
F/SF0C1.IMG,.IMG,323584,0,1,0,,
F/SF0D1.DAT,.DAT,305152,0,1,1,305152,0
F/SF0D1.IMG,.IMG,323584,0,1,0,,
F/SF0E1.DAT,.DAT,305152,0,1,0,,
F/SF0E1.IMG,.IMG,323584,0,1,0,,
F/SF0F1.DAT,.DAT,305152,0,1,0,,
F/SF0F1.IMG,.IMG,323584,0,1,0,,
F/SF0H1.IMG,.IMG,323584,0,1,0,,
font_trials/contact_sheet.png,.PNG,38134,0,0,0,,
license_data.dat,.DAT,28032,0,1,0,,
MAP/AREA0BG.DAT,.DAT,33280,0,1,0,,
MAP/AREA0MAP.DAT,.DAT,193536,0,1,0,,
MAP/AREA1BG.DAT,.DAT,33280,0,1,0,,
MAP/AREA1MAP.DAT,.DAT,193536,0,1,0,,
MAP/AREA2BG.DAT,.DAT,33280,0,1,0,,
MAP/AREA2MAP.DAT,.DAT,193536,0,1,0,,
MAP/AREA3BG.DAT,.DAT,33280,0,1,0,,
MAP/AREA3MAP.DAT,.DAT,193536,0,1,0,,
MAP/AREA4BG.DAT,.DAT,33280,0,1,0,,
MAP/AREA4MAP.DAT,.DAT,193536,0,1,0,,
MAP/AREA5MAP.DAT,.DAT,193536,0,1,0,,
MAP/AREA6MAP.DAT,.DAT,193536,0,1,0,,
MAP/SMAP.DAT,.DAT,305152,0,1,0,,
MAP/WORLDMAP.DAT,.DAT,292864,0,1,0,,
package_story_test_23_s1072_safe_boundaries/files/1/S1011.DAT,.DAT,305152,0,1,0,,
package_story_test_23_s1072_safe_boundaries/files/1/S1011.IMG,.IMG,196608,0,1,0,,
package_story_test_23_s1072_safe_boundaries/files/1/S1012.DAT,.DAT,305152,0,1,0,,
package_story_test_23_s1072_safe_boundaries/files/1/S1012.IMG,.IMG,323584,0,1,0,,
package_story_test_23_s1072_safe_boundaries/files/1/S1013.DAT,.DAT,305152,0,1,0,,
package_story_test_23_s1072_safe_boundaries/files/1/S1013.IMG,.IMG,323584,0,1,0,,
package_story_test_23_s1072_safe_boundaries/files/1/S1021.DAT,.DAT,305152,0,1,0,,
package_story_test_23_s1072_safe_boundaries/files/1/S1021.IMG,.IMG,323584,0,1,0,,
package_story_test_23_s1072_safe_boundaries/files/1/S1022.DAT,.DAT,305152,0,1,0,,
package_story_test_23_s1072_safe_boundaries/files/1/S1022.IMG,.IMG,323584,0,1,0,,
package_story_test_23_s1072_safe_boundaries/files/1/S1023.DAT,.DAT,305152,0,1,0,,
package_story_test_23_s1072_safe_boundaries/files/1/S1023.IMG,.IMG,196608,0,1,0,,
package_story_test_23_s1072_safe_boundaries/files/1/S1031.DAT,.DAT,305152,0,1,0,,
package_story_test_23_s1072_safe_boundaries/files/1/S1031.IMG,.IMG,196608,0,1,0,,
package_story_test_23_s1072_safe_boundaries/files/1/S1032.DAT,.DAT,305152,0,1,0,,
package_story_test_23_s1072_safe_boundaries/files/1/S1032.IMG,.IMG,323584,0,1,0,,
package_story_test_23_s1072_safe_boundaries/files/1/S1041.DAT,.DAT,305152,0,1,0,,
package_story_test_23_s1072_safe_boundaries/files/1/S1041.IMG,.IMG,323584,0,1,0,,
package_story_test_23_s1072_safe_boundaries/files/1/S1051.DAT,.DAT,305152,0,1,0,,
package_story_test_23_s1072_safe_boundaries/files/1/S1051.IMG,.IMG,323584,0,1,0,,
package_story_test_23_s1072_safe_boundaries/files/1/S1061.DAT,.DAT,305152,0,1,0,,
package_story_test_23_s1072_safe_boundaries/files/1/S1061.IMG,.IMG,196608,0,1,0,,
package_story_test_23_s1072_safe_boundaries/files/1/S1071.DAT,.DAT,305152,0,1,0,,
package_story_test_23_s1072_safe_boundaries/files/1/S1071.IMG,.IMG,323584,0,1,0,,
package_story_test_23_s1072_safe_boundaries/files/1/S1072.DAT,.DAT,305152,0,1,0,,
package_story_test_23_s1072_safe_boundaries/files/1/S1072.IMG,.IMG,196608,0,1,0,,
package_story_test_23_s1072_safe_boundaries/files/21/S2011.DAT,.DAT,305152,0,1,0,,
package_story_test_23_s1072_safe_boundaries/files/21/S2011.IMG,.IMG,323584,0,1,0,,
package_story_test_23_s1072_safe_boundaries/files/21/S2012.DAT,.DAT,305152,0,1,0,,
package_story_test_23_s1072_safe_boundaries/files/21/S2012.IMG,.IMG,323584,0,1,0,,
package_story_test_23_s1072_safe_boundaries/files/21/S2013.DAT,.DAT,305152,0,1,0,,
package_story_test_23_s1072_safe_boundaries/files/21/S2013.IMG,.IMG,323584,0,1,0,,
package_story_test_23_s1072_safe_boundaries/files/21/S2014.DAT,.DAT,305152,0,1,0,,
package_story_test_23_s1072_safe_boundaries/files/21/S2014.IMG,.IMG,323584,0,1,0,,
package_story_test_23_s1072_safe_boundaries/files/21/S2021.DAT,.DAT,305152,0,1,0,,
package_story_test_23_s1072_safe_boundaries/files/21/S2021.IMG,.IMG,323584,0,1,0,,
package_story_test_23_s1072_safe_boundaries/files/21/S2022.DAT,.DAT,305152,0,1,0,,
package_story_test_23_s1072_safe_boundaries/files/21/S2022.IMG,.IMG,323584,0,1,0,,
package_story_test_23_s1072_safe_boundaries/files/21/S2031.DAT,.DAT,305152,0,1,0,,
package_story_test_23_s1072_safe_boundaries/files/21/S2031.IMG,.IMG,323584,0,1,0,,
package_story_test_23_s1072_safe_boundaries/files/21/S2032.DAT,.DAT,305152,0,1,0,,
package_story_test_23_s1072_safe_boundaries/files/21/S2032.IMG,.IMG,323584,0,1,0,,
package_story_test_23_s1072_safe_boundaries/files/21/S2033.DAT,.DAT,305152,0,1,0,,
package_story_test_23_s1072_safe_boundaries/files/21/S2033.IMG,.IMG,196608,0,1,0,,
package_story_test_23_s1072_safe_boundaries/files/21/S2034.DAT,.DAT,305152,0,1,0,,
package_story_test_23_s1072_safe_boundaries/files/21/S2034.IMG,.IMG,323584,0,1,0,,
package_story_test_23_s1072_safe_boundaries/files/21/S2041.DAT,.DAT,305152,0,1,0,,
package_story_test_23_s1072_safe_boundaries/files/21/S2041.IMG,.IMG,323584,0,1,0,,
package_story_test_23_s1072_safe_boundaries/files/21/S2042.DAT,.DAT,305152,0,1,0,,
package_story_test_23_s1072_safe_boundaries/files/21/S2042.IMG,.IMG,323584,0,1,0,,
package_story_test_23_s1072_safe_boundaries/files/21/S2043.DAT,.DAT,305152,0,1,0,,
package_story_test_23_s1072_safe_boundaries/files/21/S2043.IMG,.IMG,323584,0,1,0,,
package_story_test_23_s1072_safe_boundaries/files/21/S2044.DAT,.DAT,305152,0,1,0,,
package_story_test_23_s1072_safe_boundaries/files/21/S2044.IMG,.IMG,323584,0,1,0,,
package_story_test_23_s1072_safe_boundaries/files/21/S2045.DAT,.DAT,305152,0,1,0,,
package_story_test_23_s1072_safe_boundaries/files/21/S2045.IMG,.IMG,323584,0,1,0,,
package_story_test_23_s1072_safe_boundaries/files/22/S2046.DAT,.DAT,305152,0,1,0,,
package_story_test_23_s1072_safe_boundaries/files/22/S2046.IMG,.IMG,323584,0,1,0,,
package_story_test_23_s1072_safe_boundaries/files/22/S2047.DAT,.DAT,305152,0,1,0,,
package_story_test_23_s1072_safe_boundaries/files/22/S2047.IMG,.IMG,323584,0,1,0,,
package_story_test_23_s1072_safe_boundaries/files/22/S2051.DAT,.DAT,305152,0,1,0,,
package_story_test_23_s1072_safe_boundaries/files/22/S2051.IMG,.IMG,196608,0,1,0,,
package_story_test_23_s1072_safe_boundaries/files/22/S2052.DAT,.DAT,305152,0,1,0,,
package_story_test_23_s1072_safe_boundaries/files/22/S2052.IMG,.IMG,323584,0,1,0,,
package_story_test_23_s1072_safe_boundaries/files/22/S2053.DAT,.DAT,305152,0,1,0,,
package_story_test_23_s1072_safe_boundaries/files/22/S2053.IMG,.IMG,196608,0,1,0,,
package_story_test_23_s1072_safe_boundaries/files/22/S2054.DAT,.DAT,305152,0,1,0,,
package_story_test_23_s1072_safe_boundaries/files/22/S2054.IMG,.IMG,323584,0,1,0,,
package_story_test_23_s1072_safe_boundaries/files/22/S2055.DAT,.DAT,305152,0,1,0,,
package_story_test_23_s1072_safe_boundaries/files/22/S2055.IMG,.IMG,323584,0,1,0,,
package_story_test_23_s1072_safe_boundaries/files/22/S2056.DAT,.DAT,305152,0,1,0,,
package_story_test_23_s1072_safe_boundaries/files/22/S2056.IMG,.IMG,323584,0,1,0,,
package_story_test_23_s1072_safe_boundaries/files/22/S2057.DAT,.DAT,305152,0,1,0,,
package_story_test_23_s1072_safe_boundaries/files/22/S2057.IMG,.IMG,323584,0,1,0,,
package_story_test_23_s1072_safe_boundaries/files/22/S2058.DAT,.DAT,305152,0,1,0,,
package_story_test_23_s1072_safe_boundaries/files/22/S2058.IMG,.IMG,323584,0,1,0,,
package_story_test_23_s1072_safe_boundaries/files/22/S2059.DAT,.DAT,305152,0,1,0,,
package_story_test_23_s1072_safe_boundaries/files/22/S2059.IMG,.IMG,323584,0,1,0,,
package_story_test_23_s1072_safe_boundaries/files/22/S205A.DAT,.DAT,305152,0,1,0,,
package_story_test_23_s1072_safe_boundaries/files/22/S205A.IMG,.IMG,323584,0,1,0,,
package_story_test_23_s1072_safe_boundaries/files/22/S205B.DAT,.DAT,305152,0,1,0,,
package_story_test_23_s1072_safe_boundaries/files/22/S205B.IMG,.IMG,323584,0,1,0,,
package_story_test_23_s1072_safe_boundaries/files/22/S205C.DAT,.DAT,305152,0,1,0,,
package_story_test_23_s1072_safe_boundaries/files/22/S205C.IMG,.IMG,196608,0,1,0,,
package_story_test_23_s1072_safe_boundaries/files/23/S2061.DAT,.DAT,305152,0,1,0,,
package_story_test_23_s1072_safe_boundaries/files/23/S2061.IMG,.IMG,323584,0,1,0,,
package_story_test_23_s1072_safe_boundaries/files/23/S2071.DAT,.DAT,305152,0,1,0,,
package_story_test_23_s1072_safe_boundaries/files/23/S2071.IMG,.IMG,323584,0,1,0,,
package_story_test_23_s1072_safe_boundaries/files/23/S2081.DAT,.DAT,305152,0,1,0,,
package_story_test_23_s1072_safe_boundaries/files/23/S2081.IMG,.IMG,323584,0,1,0,,
package_story_test_23_s1072_safe_boundaries/files/23/S2082.DAT,.DAT,305152,0,1,0,,
package_story_test_23_s1072_safe_boundaries/files/23/S2082.IMG,.IMG,323584,0,1,0,,
package_story_test_23_s1072_safe_boundaries/files/31/S3011.DAT,.DAT,305152,0,1,0,,
package_story_test_23_s1072_safe_boundaries/files/31/S3011.IMG,.IMG,323584,0,1,0,,
package_story_test_23_s1072_safe_boundaries/files/31/S3012.DAT,.DAT,305152,0,1,0,,
package_story_test_23_s1072_safe_boundaries/files/31/S3012.IMG,.IMG,323584,0,1,0,,
package_story_test_23_s1072_safe_boundaries/files/31/S3013.DAT,.DAT,305152,0,1,0,,
package_story_test_23_s1072_safe_boundaries/files/31/S3013.IMG,.IMG,323584,0,1,0,,
package_story_test_23_s1072_safe_boundaries/files/31/S3014.DAT,.DAT,305152,0,1,0,,
package_story_test_23_s1072_safe_boundaries/files/31/S3014.IMG,.IMG,323584,0,1,0,,
package_story_test_23_s1072_safe_boundaries/files/31/S3021.DAT,.DAT,305152,0,1,0,,
package_story_test_23_s1072_safe_boundaries/files/31/S3021.IMG,.IMG,323584,0,1,0,,
package_story_test_23_s1072_safe_boundaries/files/31/S3022.DAT,.DAT,305152,0,1,0,,
package_story_test_23_s1072_safe_boundaries/files/31/S3022.IMG,.IMG,323584,0,1,0,,
package_story_test_23_s1072_safe_boundaries/files/31/S3023.DAT,.DAT,305152,0,1,0,,
package_story_test_23_s1072_safe_boundaries/files/31/S3023.IMG,.IMG,323584,0,1,0,,
package_story_test_23_s1072_safe_boundaries/files/31/S3024.DAT,.DAT,305152,0,1,0,,
package_story_test_23_s1072_safe_boundaries/files/31/S3024.IMG,.IMG,323584,0,1,0,,
package_story_test_23_s1072_safe_boundaries/files/31/S3031.DAT,.DAT,305152,0,1,0,,
package_story_test_23_s1072_safe_boundaries/files/31/S3031.IMG,.IMG,323584,0,1,0,,
package_story_test_23_s1072_safe_boundaries/files/31/S3032.DAT,.DAT,305152,0,1,0,,
package_story_test_23_s1072_safe_boundaries/files/31/S3032.IMG,.IMG,323584,0,1,0,,
package_story_test_23_s1072_safe_boundaries/files/31/S3041.DAT,.DAT,305152,0,1,0,,
package_story_test_23_s1072_safe_boundaries/files/31/S3041.IMG,.IMG,323584,0,1,0,,
package_story_test_23_s1072_safe_boundaries/files/32/S3051.DAT,.DAT,305152,0,1,0,,
package_story_test_23_s1072_safe_boundaries/files/32/S3051.IMG,.IMG,323584,0,1,0,,
package_story_test_23_s1072_safe_boundaries/files/32/S3061.DAT,.DAT,305152,0,1,0,,
package_story_test_23_s1072_safe_boundaries/files/32/S3061.IMG,.IMG,323584,0,1,0,,
package_story_test_23_s1072_safe_boundaries/files/32/S3062.DAT,.DAT,305152,0,1,0,,
package_story_test_23_s1072_safe_boundaries/files/32/S3062.IMG,.IMG,323584,0,1,0,,
package_story_test_23_s1072_safe_boundaries/files/32/S3063.DAT,.DAT,305152,0,1,0,,
package_story_test_23_s1072_safe_boundaries/files/32/S3063.IMG,.IMG,323584,0,1,0,,
package_story_test_23_s1072_safe_boundaries/files/32/S3064.DAT,.DAT,305152,0,1,0,,
package_story_test_23_s1072_safe_boundaries/files/32/S3064.IMG,.IMG,323584,0,1,0,,
package_story_test_23_s1072_safe_boundaries/files/32/S3065.DAT,.DAT,305152,0,1,0,,
package_story_test_23_s1072_safe_boundaries/files/32/S3065.IMG,.IMG,323584,0,1,0,,
package_story_test_23_s1072_safe_boundaries/files/32/S3066.DAT,.DAT,305152,0,1,0,,
package_story_test_23_s1072_safe_boundaries/files/32/S3066.IMG,.IMG,323584,0,1,0,,
package_story_test_23_s1072_safe_boundaries/files/32/S3067.DAT,.DAT,305152,0,1,0,,
package_story_test_23_s1072_safe_boundaries/files/32/S3067.IMG,.IMG,323584,0,1,0,,
package_story_test_23_s1072_safe_boundaries/files/32/S3068.DAT,.DAT,305152,0,1,0,,
package_story_test_23_s1072_safe_boundaries/files/32/S3068.IMG,.IMG,323584,0,1,0,,
package_story_test_23_s1072_safe_boundaries/files/4/S4011.DAT,.DAT,305152,0,1,0,,
package_story_test_23_s1072_safe_boundaries/files/4/S4011.IMG,.IMG,323584,0,1,0,,
package_story_test_23_s1072_safe_boundaries/files/4/S4012.DAT,.DAT,305152,0,1,0,,
package_story_test_23_s1072_safe_boundaries/files/4/S4012.IMG,.IMG,196608,0,1,0,,
package_story_test_23_s1072_safe_boundaries/files/4/S4013.DAT,.DAT,305152,0,1,0,,
package_story_test_23_s1072_safe_boundaries/files/4/S4013.IMG,.IMG,196608,0,1,0,,
package_story_test_23_s1072_safe_boundaries/files/4/S4021.DAT,.DAT,305152,0,1,0,,
package_story_test_23_s1072_safe_boundaries/files/4/S4021.IMG,.IMG,323584,0,1,0,,
package_story_test_23_s1072_safe_boundaries/files/4/S4022.DAT,.DAT,305152,0,1,0,,
package_story_test_23_s1072_safe_boundaries/files/4/S4022.IMG,.IMG,323584,0,1,0,,
package_story_test_23_s1072_safe_boundaries/files/4/S4031.DAT,.DAT,305152,0,1,0,,
package_story_test_23_s1072_safe_boundaries/files/4/S4031.IMG,.IMG,196608,0,1,0,,
package_story_test_23_s1072_safe_boundaries/files/4/S4032.DAT,.DAT,305152,0,1,0,,
package_story_test_23_s1072_safe_boundaries/files/4/S4032.IMG,.IMG,323584,0,1,0,,
package_story_test_23_s1072_safe_boundaries/files/4/S4033.DAT,.DAT,305152,0,1,0,,
package_story_test_23_s1072_safe_boundaries/files/4/S4033.IMG,.IMG,323584,0,1,0,,
package_story_test_23_s1072_safe_boundaries/files/4/S4034.DAT,.DAT,305152,0,1,0,,
package_story_test_23_s1072_safe_boundaries/files/4/S4034.IMG,.IMG,323584,0,1,0,,
package_story_test_23_s1072_safe_boundaries/files/4/S4035.DAT,.DAT,305152,0,1,0,,
package_story_test_23_s1072_safe_boundaries/files/4/S4035.IMG,.IMG,323584,0,1,0,,
package_story_test_23_s1072_safe_boundaries/files/4/S4036.DAT,.DAT,305152,0,1,0,,
package_story_test_23_s1072_safe_boundaries/files/4/S4036.IMG,.IMG,323584,0,1,0,,
package_story_test_23_s1072_safe_boundaries/files/4/S4041.DAT,.DAT,305152,0,1,0,,
package_story_test_23_s1072_safe_boundaries/files/4/S4041.IMG,.IMG,323584,0,1,0,,
package_story_test_23_s1072_safe_boundaries/files/4/S4051.DAT,.DAT,305152,0,1,0,,
package_story_test_23_s1072_safe_boundaries/files/4/S4051.IMG,.IMG,323584,0,1,0,,
package_story_test_23_s1072_safe_boundaries/files/4/S4061.DAT,.DAT,305152,0,1,0,,
package_story_test_23_s1072_safe_boundaries/files/4/S4061.IMG,.IMG,323584,0,1,0,,
package_story_test_23_s1072_safe_boundaries/files/4/S4062.DAT,.DAT,305152,0,1,0,,
package_story_test_23_s1072_safe_boundaries/files/4/S4062.IMG,.IMG,323584,0,1,0,,
package_story_test_23_s1072_safe_boundaries/files/5/S5011.DAT,.DAT,305152,0,1,0,,
package_story_test_23_s1072_safe_boundaries/files/5/S5011.IMG,.IMG,323584,0,1,0,,
package_story_test_23_s1072_safe_boundaries/files/5/S5012.DAT,.DAT,305152,0,1,0,,
package_story_test_23_s1072_safe_boundaries/files/5/S5012.IMG,.IMG,323584,0,1,0,,
package_story_test_23_s1072_safe_boundaries/files/5/S5013.DAT,.DAT,305152,0,1,0,,
package_story_test_23_s1072_safe_boundaries/files/5/S5013.IMG,.IMG,323584,0,1,0,,
package_story_test_23_s1072_safe_boundaries/files/5/S5021.DAT,.DAT,305152,0,1,0,,
package_story_test_23_s1072_safe_boundaries/files/5/S5021.IMG,.IMG,323584,0,1,0,,
package_story_test_23_s1072_safe_boundaries/files/5/S5022.DAT,.DAT,305152,0,1,0,,
package_story_test_23_s1072_safe_boundaries/files/5/S5022.IMG,.IMG,323584,0,1,0,,
package_story_test_23_s1072_safe_boundaries/files/5/S5023.DAT,.DAT,305152,0,1,0,,
package_story_test_23_s1072_safe_boundaries/files/5/S5023.IMG,.IMG,323584,0,1,0,,
package_story_test_23_s1072_safe_boundaries/files/5/S5024.DAT,.DAT,305152,0,1,0,,
package_story_test_23_s1072_safe_boundaries/files/5/S5024.IMG,.IMG,323584,0,1,0,,
package_story_test_23_s1072_safe_boundaries/files/5/S5025.DAT,.DAT,305152,0,1,0,,
package_story_test_23_s1072_safe_boundaries/files/5/S5025.IMG,.IMG,323584,0,1,0,,
package_story_test_23_s1072_safe_boundaries/files/5/S5026.DAT,.DAT,305152,0,1,0,,
package_story_test_23_s1072_safe_boundaries/files/5/S5026.IMG,.IMG,323584,0,1,0,,
package_story_test_23_s1072_safe_boundaries/files/5/S5031.DAT,.DAT,305152,0,1,0,,
package_story_test_23_s1072_safe_boundaries/files/5/S5031.IMG,.IMG,323584,0,1,0,,
package_story_test_23_s1072_safe_boundaries/files/5/S5032.DAT,.DAT,305152,0,1,0,,
package_story_test_23_s1072_safe_boundaries/files/5/S5032.IMG,.IMG,323584,0,1,0,,
package_story_test_23_s1072_safe_boundaries/files/5/S5041.DAT,.DAT,305152,0,1,0,,
package_story_test_23_s1072_safe_boundaries/files/5/S5041.IMG,.IMG,323584,0,1,0,,
package_story_test_23_s1072_safe_boundaries/files/5/S5051.DAT,.DAT,305152,0,1,0,,
package_story_test_23_s1072_safe_boundaries/files/5/S5051.IMG,.IMG,323584,0,1,0,,
package_story_test_23_s1072_safe_boundaries/files/5/S5052.DAT,.DAT,305152,0,1,0,,
package_story_test_23_s1072_safe_boundaries/files/5/S5052.IMG,.IMG,323584,0,1,0,,
package_story_test_23_s1072_safe_boundaries/files/6/S6011.DAT,.DAT,305152,0,1,0,,
package_story_test_23_s1072_safe_boundaries/files/6/S6011.IMG,.IMG,323584,0,1,0,,
package_story_test_23_s1072_safe_boundaries/files/6/S6012.DAT,.DAT,305152,0,1,0,,
package_story_test_23_s1072_safe_boundaries/files/6/S6012.IMG,.IMG,323584,0,1,0,,
package_story_test_23_s1072_safe_boundaries/files/6/S6013.DAT,.DAT,305152,0,1,0,,
package_story_test_23_s1072_safe_boundaries/files/6/S6013.IMG,.IMG,323584,0,1,0,,
package_story_test_23_s1072_safe_boundaries/files/6/S6014.DAT,.DAT,305152,0,1,0,,
package_story_test_23_s1072_safe_boundaries/files/6/S6014.IMG,.IMG,323584,0,1,0,,
package_story_test_23_s1072_safe_boundaries/files/6/S6021.DAT,.DAT,305152,0,1,0,,
package_story_test_23_s1072_safe_boundaries/files/6/S6021.IMG,.IMG,323584,0,1,0,,
package_story_test_23_s1072_safe_boundaries/files/6/S6022.DAT,.DAT,305152,0,1,0,,
package_story_test_23_s1072_safe_boundaries/files/6/S6022.IMG,.IMG,323584,0,1,0,,
package_story_test_23_s1072_safe_boundaries/files/6/S6031.DAT,.DAT,305152,0,1,0,,
package_story_test_23_s1072_safe_boundaries/files/6/S6031.IMG,.IMG,323584,0,1,0,,
package_story_test_23_s1072_safe_boundaries/files/6/S6032.DAT,.DAT,305152,0,1,0,,
package_story_test_23_s1072_safe_boundaries/files/6/S6032.IMG,.IMG,323584,0,1,0,,
package_story_test_23_s1072_safe_boundaries/files/6/S6041.DAT,.DAT,305152,0,1,0,,
package_story_test_23_s1072_safe_boundaries/files/6/S6041.IMG,.IMG,323584,0,1,0,,
package_story_test_23_s1072_safe_boundaries/files/6/S6051.DAT,.DAT,305152,0,1,0,,
package_story_test_23_s1072_safe_boundaries/files/6/S6051.IMG,.IMG,323584,0,1,0,,
package_story_test_23_s1072_safe_boundaries/files/6/S6052.DAT,.DAT,305152,0,1,0,,
package_story_test_23_s1072_safe_boundaries/files/6/S6052.IMG,.IMG,323584,0,1,0,,
package_story_test_23_s1072_safe_boundaries/files/6/S6053.DAT,.DAT,305152,0,1,0,,
package_story_test_23_s1072_safe_boundaries/files/6/S6053.IMG,.IMG,323584,0,1,0,,
package_story_test_23_s1072_safe_boundaries/files/6/S6054.DAT,.DAT,305152,0,1,0,,
package_story_test_23_s1072_safe_boundaries/files/6/S6054.IMG,.IMG,323584,0,1,0,,
package_story_test_23_s1072_safe_boundaries/files/7/S7011.DAT,.DAT,305152,0,1,0,,
package_story_test_23_s1072_safe_boundaries/files/7/S7011.IMG,.IMG,323584,0,1,0,,
package_story_test_23_s1072_safe_boundaries/files/7/S7012.DAT,.DAT,305152,0,1,0,,
package_story_test_23_s1072_safe_boundaries/files/7/S7012.IMG,.IMG,323584,0,1,0,,
package_story_test_23_s1072_safe_boundaries/files/7/S7021.DAT,.DAT,305152,0,1,0,,
package_story_test_23_s1072_safe_boundaries/files/7/S7021.IMG,.IMG,323584,0,1,0,,
package_story_test_23_s1072_safe_boundaries/files/7/S7022.DAT,.DAT,305152,0,1,0,,
package_story_test_23_s1072_safe_boundaries/files/7/S7022.IMG,.IMG,323584,0,1,0,,
package_story_test_23_s1072_safe_boundaries/files/7/S7023.DAT,.DAT,305152,0,1,0,,
package_story_test_23_s1072_safe_boundaries/files/7/S7023.IMG,.IMG,323584,0,1,0,,
package_story_test_23_s1072_safe_boundaries/files/7/S7024.DAT,.DAT,305152,0,1,0,,
package_story_test_23_s1072_safe_boundaries/files/7/S7024.IMG,.IMG,323584,0,1,0,,
package_story_test_23_s1072_safe_boundaries/files/7/S7025.DAT,.DAT,305152,0,1,0,,
package_story_test_23_s1072_safe_boundaries/files/7/S7025.IMG,.IMG,323584,0,1,0,,
package_story_test_23_s1072_safe_boundaries/files/7/S7026.DAT,.DAT,305152,0,1,0,,
package_story_test_23_s1072_safe_boundaries/files/7/S7026.IMG,.IMG,323584,0,1,0,,
package_story_test_23_s1072_safe_boundaries/files/7/S7027.DAT,.DAT,305152,0,1,0,,
package_story_test_23_s1072_safe_boundaries/files/7/S7027.IMG,.IMG,323584,0,1,0,,
package_story_test_23_s1072_safe_boundaries/files/7/S7028.DAT,.DAT,305152,0,1,0,,
package_story_test_23_s1072_safe_boundaries/files/7/S7028.IMG,.IMG,323584,0,1,0,,
package_story_test_23_s1072_safe_boundaries/files/7/S7031.DAT,.DAT,305152,0,1,0,,
package_story_test_23_s1072_safe_boundaries/files/7/S7031.IMG,.IMG,323584,0,1,0,,
package_story_test_23_s1072_safe_boundaries/files/7/S7032.DAT,.DAT,305152,0,1,0,,
package_story_test_23_s1072_safe_boundaries/files/7/S7032.IMG,.IMG,323584,0,1,0,,
package_story_test_23_s1072_safe_boundaries/files/8/S8011.DAT,.DAT,305152,0,1,0,,
package_story_test_23_s1072_safe_boundaries/files/8/S8011.IMG,.IMG,323584,0,1,0,,
package_story_test_23_s1072_safe_boundaries/files/8/S8012.DAT,.DAT,305152,0,1,0,,
package_story_test_23_s1072_safe_boundaries/files/8/S8012.IMG,.IMG,323584,0,1,0,,
package_story_test_23_s1072_safe_boundaries/files/8/S8013.DAT,.DAT,305152,0,1,0,,
package_story_test_23_s1072_safe_boundaries/files/8/S8013.IMG,.IMG,323584,0,1,0,,
package_story_test_23_s1072_safe_boundaries/files/8/S8021.DAT,.DAT,305152,0,1,0,,
package_story_test_23_s1072_safe_boundaries/files/8/S8021.IMG,.IMG,323584,0,1,0,,
package_story_test_23_s1072_safe_boundaries/files/8/S8031.DAT,.DAT,305152,0,1,0,,
package_story_test_23_s1072_safe_boundaries/files/8/S8031.IMG,.IMG,323584,0,1,0,,
package_story_test_23_s1072_safe_boundaries/files/8/S8041.DAT,.DAT,305152,0,1,0,,
package_story_test_23_s1072_safe_boundaries/files/8/S8041.IMG,.IMG,323584,0,1,0,,
package_story_test_23_s1072_safe_boundaries/files/8/S8051.DAT,.DAT,305152,0,1,0,,
package_story_test_23_s1072_safe_boundaries/files/8/S8051.IMG,.IMG,323584,0,1,0,,
package_story_test_23_s1072_safe_boundaries/files/8/S8061.DAT,.DAT,305152,0,1,0,,
package_story_test_23_s1072_safe_boundaries/files/8/S8061.IMG,.IMG,323584,0,1,0,,
package_story_test_23_s1072_safe_boundaries/files/8/S8062.DAT,.DAT,305152,0,1,0,,
package_story_test_23_s1072_safe_boundaries/files/8/S8062.IMG,.IMG,323584,0,1,0,,
package_story_test_23_s1072_safe_boundaries/files/9/S9011.DAT,.DAT,305152,0,1,0,,
package_story_test_23_s1072_safe_boundaries/files/9/S9011.IMG,.IMG,323584,0,1,0,,
package_story_test_23_s1072_safe_boundaries/files/9/S9012.DAT,.DAT,305152,0,1,0,,
package_story_test_23_s1072_safe_boundaries/files/9/S9012.IMG,.IMG,323584,0,1,0,,
package_story_test_23_s1072_safe_boundaries/files/9/S9013.DAT,.DAT,305152,0,1,0,,
package_story_test_23_s1072_safe_boundaries/files/9/S9013.IMG,.IMG,323584,0,1,0,,
package_story_test_23_s1072_safe_boundaries/files/9/S9021.DAT,.DAT,305152,0,1,0,,
package_story_test_23_s1072_safe_boundaries/files/9/S9021.IMG,.IMG,323584,0,1,0,,
package_story_test_23_s1072_safe_boundaries/files/9/S9031.DAT,.DAT,305152,0,1,0,,
package_story_test_23_s1072_safe_boundaries/files/9/S9031.IMG,.IMG,323584,0,1,0,,
package_story_test_23_s1072_safe_boundaries/files/9/S9041.DAT,.DAT,305152,0,1,0,,
package_story_test_23_s1072_safe_boundaries/files/9/S9051.DAT,.DAT,305152,0,1,0,,
package_story_test_23_s1072_safe_boundaries/files/9/S9051.IMG,.IMG,323584,0,1,0,,
package_story_test_23_s1072_safe_boundaries/files/B/SB011.DAT,.DAT,305152,0,1,0,,
package_story_test_23_s1072_safe_boundaries/files/B/SB011.IMG,.IMG,323584,0,1,0,,
package_story_test_23_s1072_safe_boundaries/files/B/SB021.DAT,.DAT,305152,0,1,0,,
package_story_test_23_s1072_safe_boundaries/files/B/SB021.IMG,.IMG,323584,0,1,0,,
package_story_test_23_s1072_safe_boundaries/files/B/SB022.DAT,.DAT,305152,0,1,0,,
package_story_test_23_s1072_safe_boundaries/files/B/SB022.IMG,.IMG,323584,0,1,0,,
package_story_test_23_s1072_safe_boundaries/files/B/SB031.DAT,.DAT,335872,0,1,0,,
package_story_test_23_s1072_safe_boundaries/files/B/SB041.DAT,.DAT,305152,0,1,0,,
package_story_test_23_s1072_safe_boundaries/files/B/SB041.IMG,.IMG,323584,0,1,0,,
package_story_test_23_s1072_safe_boundaries/files/B/SB051.DAT,.DAT,305152,0,1,0,,
package_story_test_23_s1072_safe_boundaries/files/B/SB051.IMG,.IMG,323584,0,1,0,,
package_story_test_23_s1072_safe_boundaries/files/B/SB061.DAT,.DAT,335872,0,1,0,,
package_story_test_23_s1072_safe_boundaries/files/B/SB071.DAT,.DAT,305152,0,1,0,,
package_story_test_23_s1072_safe_boundaries/files/B/SB071.IMG,.IMG,323584,0,1,0,,
package_story_test_23_s1072_safe_boundaries/files/B/SB072.DAT,.DAT,305152,0,1,0,,
package_story_test_23_s1072_safe_boundaries/files/B/SB072.IMG,.IMG,323584,0,1,0,,
package_story_test_23_s1072_safe_boundaries/files/B/SB081.DAT,.DAT,305152,0,1,0,,
package_story_test_23_s1072_safe_boundaries/files/B/SB081.IMG,.IMG,323584,0,1,0,,
package_story_test_23_s1072_safe_boundaries/files/C1/SC011.DAT,.DAT,305152,0,1,0,,
package_story_test_23_s1072_safe_boundaries/files/C1/SC011.IMG,.IMG,323584,0,1,0,,
package_story_test_23_s1072_safe_boundaries/files/C1/SC021.DAT,.DAT,305152,0,1,0,,
package_story_test_23_s1072_safe_boundaries/files/C1/SC021.IMG,.IMG,323584,0,1,0,,
package_story_test_23_s1072_safe_boundaries/files/C1/SC031.DAT,.DAT,305152,0,1,0,,
package_story_test_23_s1072_safe_boundaries/files/C1/SC031.IMG,.IMG,323584,0,1,0,,
package_story_test_23_s1072_safe_boundaries/files/C1/SC041.DAT,.DAT,305152,0,1,0,,
package_story_test_23_s1072_safe_boundaries/files/C1/SC041.IMG,.IMG,323584,0,1,0,,
package_story_test_23_s1072_safe_boundaries/files/C1/SC051.DAT,.DAT,305152,0,1,0,,
package_story_test_23_s1072_safe_boundaries/files/C1/SC051.IMG,.IMG,323584,0,1,0,,
package_story_test_23_s1072_safe_boundaries/files/C1/SC061.DAT,.DAT,305152,0,1,0,,
package_story_test_23_s1072_safe_boundaries/files/C1/SC061.IMG,.IMG,323584,0,1,0,,
package_story_test_23_s1072_safe_boundaries/files/C1/SC071.DAT,.DAT,335872,0,1,0,,
package_story_test_23_s1072_safe_boundaries/files/C1/SC072.DAT,.DAT,335872,0,1,0,,
package_story_test_23_s1072_safe_boundaries/files/C1/SC081.DAT,.DAT,305152,0,1,0,,
package_story_test_23_s1072_safe_boundaries/files/C1/SC081.IMG,.IMG,323584,0,1,0,,
package_story_test_23_s1072_safe_boundaries/files/C1/SC091.DAT,.DAT,305152,0,1,0,,
package_story_test_23_s1072_safe_boundaries/files/C1/SC091.IMG,.IMG,323584,0,1,0,,
package_story_test_23_s1072_safe_boundaries/files/C2/SC0A1.DAT,.DAT,305152,0,1,0,,
package_story_test_23_s1072_safe_boundaries/files/C2/SC0A1.IMG,.IMG,323584,0,1,0,,
package_story_test_23_s1072_safe_boundaries/files/C2/SC0B1.DAT,.DAT,305152,0,1,0,,
package_story_test_23_s1072_safe_boundaries/files/C2/SC0B1.IMG,.IMG,323584,0,1,0,,
package_story_test_23_s1072_safe_boundaries/files/C2/SC0B2.DAT,.DAT,305152,0,1,0,,
package_story_test_23_s1072_safe_boundaries/files/C2/SC0B2.IMG,.IMG,323584,0,1,0,,
package_story_test_23_s1072_safe_boundaries/files/C2/SC0B3.DAT,.DAT,305152,0,1,0,,
package_story_test_23_s1072_safe_boundaries/files/C2/SC0B3.IMG,.IMG,323584,0,1,0,,
package_story_test_23_s1072_safe_boundaries/files/C2/SC0B4.DAT,.DAT,305152,0,1,0,,
package_story_test_23_s1072_safe_boundaries/files/C2/SC0B4.IMG,.IMG,323584,0,1,0,,
package_story_test_23_s1072_safe_boundaries/files/C2/SC0B5.DAT,.DAT,305152,0,1,0,,
package_story_test_23_s1072_safe_boundaries/files/C2/SC0B5.IMG,.IMG,323584,0,1,0,,
package_story_test_23_s1072_safe_boundaries/files/C2/SC0B6.DAT,.DAT,305152,0,1,0,,
package_story_test_23_s1072_safe_boundaries/files/C2/SC0B6.IMG,.IMG,323584,0,1,0,,
package_story_test_23_s1072_safe_boundaries/files/C2/SC0C1.DAT,.DAT,305152,0,1,0,,
package_story_test_23_s1072_safe_boundaries/files/C2/SC0C1.IMG,.IMG,323584,0,1,0,,
package_story_test_23_s1072_safe_boundaries/files/COMM.DAT,.DAT,737280,0,1,0,,
package_story_test_23_s1072_safe_boundaries/files/COMM.IMG,.IMG,458752,0,1,0,,
package_story_test_23_s1072_safe_boundaries/files/COMM.SND,.SND,354304,0,1,0,,
package_story_test_23_s1072_safe_boundaries/files/D/SD011.DAT,.DAT,305152,0,1,0,,
package_story_test_23_s1072_safe_boundaries/files/D/SD011.IMG,.IMG,323584,0,1,0,,
package_story_test_23_s1072_safe_boundaries/files/D/SD012.DAT,.DAT,305152,0,1,0,,
package_story_test_23_s1072_safe_boundaries/files/D/SD012.IMG,.IMG,323584,0,1,0,,
package_story_test_23_s1072_safe_boundaries/files/D/SD013.DAT,.DAT,305152,0,1,0,,
package_story_test_23_s1072_safe_boundaries/files/D/SD013.IMG,.IMG,196608,0,1,0,,
package_story_test_23_s1072_safe_boundaries/files/D/SD014.DAT,.DAT,305152,0,1,0,,
package_story_test_23_s1072_safe_boundaries/files/D/SD014.IMG,.IMG,196608,0,1,0,,
package_story_test_23_s1072_safe_boundaries/files/D/SD015.DAT,.DAT,305152,0,1,0,,
package_story_test_23_s1072_safe_boundaries/files/D/SD015.IMG,.IMG,323584,0,1,0,,
package_story_test_23_s1072_safe_boundaries/files/D/SD021.DAT,.DAT,305152,0,1,0,,
package_story_test_23_s1072_safe_boundaries/files/D/SD021.IMG,.IMG,323584,0,1,0,,
package_story_test_23_s1072_safe_boundaries/files/D/SD031.DAT,.DAT,305152,0,1,0,,
package_story_test_23_s1072_safe_boundaries/files/D/SD031.IMG,.IMG,323584,0,1,0,,
package_story_test_23_s1072_safe_boundaries/files/D/SD041.DAT,.DAT,305152,0,1,0,,
package_story_test_23_s1072_safe_boundaries/files/D/SD041.IMG,.IMG,319488,0,1,0,,
package_story_test_23_s1072_safe_boundaries/files/D/SD051.DAT,.DAT,305152,0,1,0,,
package_story_test_23_s1072_safe_boundaries/files/D/SD061.DAT,.DAT,305152,0,1,0,,
package_story_test_23_s1072_safe_boundaries/files/D/SD071.DAT,.DAT,305152,0,1,0,,
package_story_test_23_s1072_safe_boundaries/files/D/SD071.IMG,.IMG,323584,0,1,0,,
package_story_test_23_s1072_safe_boundaries/files/E1/SE01.IMG,.IMG,323584,0,1,0,,
package_story_test_23_s1072_safe_boundaries/files/E1/SE011.DAT,.DAT,305152,0,1,0,,
package_story_test_23_s1072_safe_boundaries/files/E1/SE012.DAT,.DAT,305152,0,1,0,,
package_story_test_23_s1072_safe_boundaries/files/E1/SE013.DAT,.DAT,305152,0,1,0,,
package_story_test_23_s1072_safe_boundaries/files/E1/SE014.DAT,.DAT,305152,0,1,0,,
package_story_test_23_s1072_safe_boundaries/files/E1/SE015.DAT,.DAT,305152,0,1,0,,
package_story_test_23_s1072_safe_boundaries/files/E1/SE016.DAT,.DAT,305152,0,1,0,,
package_story_test_23_s1072_safe_boundaries/files/E1/SE017.DAT,.DAT,305152,0,1,0,,
package_story_test_23_s1072_safe_boundaries/files/E1/SE018.DAT,.DAT,305152,0,1,0,,
package_story_test_23_s1072_safe_boundaries/files/E1/SE019.DAT,.DAT,305152,0,1,0,,
package_story_test_23_s1072_safe_boundaries/files/E1/SE01A.DAT,.DAT,305152,0,1,0,,
package_story_test_23_s1072_safe_boundaries/files/E2/SE02.IMG,.IMG,323584,0,1,0,,
package_story_test_23_s1072_safe_boundaries/files/E2/SE021.DAT,.DAT,305152,0,1,0,,
package_story_test_23_s1072_safe_boundaries/files/E2/SE022.DAT,.DAT,305152,0,1,0,,
package_story_test_23_s1072_safe_boundaries/files/E2/SE023.DAT,.DAT,305152,0,1,0,,
package_story_test_23_s1072_safe_boundaries/files/E2/SE024.DAT,.DAT,305152,0,1,0,,
package_story_test_23_s1072_safe_boundaries/files/E2/SE025.DAT,.DAT,305152,0,1,0,,
package_story_test_23_s1072_safe_boundaries/files/E2/SE026.DAT,.DAT,305152,0,1,0,,
package_story_test_23_s1072_safe_boundaries/files/E2/SE027.DAT,.DAT,305152,0,1,0,,
package_story_test_23_s1072_safe_boundaries/files/E2/SE028.DAT,.DAT,305152,0,1,0,,
package_story_test_23_s1072_safe_boundaries/files/E2/SE029.DAT,.DAT,305152,0,1,0,,
package_story_test_23_s1072_safe_boundaries/files/E2/SE02A.DAT,.DAT,305152,0,1,0,,
package_story_test_23_s1072_safe_boundaries/files/E3/SE03.IMG,.IMG,323584,0,1,0,,
package_story_test_23_s1072_safe_boundaries/files/E3/SE031.DAT,.DAT,305152,0,1,0,,
package_story_test_23_s1072_safe_boundaries/files/E3/SE032.DAT,.DAT,305152,0,1,0,,
package_story_test_23_s1072_safe_boundaries/files/E3/SE033.DAT,.DAT,305152,0,1,0,,
package_story_test_23_s1072_safe_boundaries/files/E3/SE034.DAT,.DAT,305152,0,1,0,,
package_story_test_23_s1072_safe_boundaries/files/E3/SE035.DAT,.DAT,305152,0,1,0,,
package_story_test_23_s1072_safe_boundaries/files/E3/SE036.DAT,.DAT,305152,0,1,0,,
package_story_test_23_s1072_safe_boundaries/files/E3/SE037.DAT,.DAT,305152,0,1,0,,
package_story_test_23_s1072_safe_boundaries/files/E3/SE038.DAT,.DAT,305152,0,1,0,,
package_story_test_23_s1072_safe_boundaries/files/E3/SE039.DAT,.DAT,305152,0,1,0,,
package_story_test_23_s1072_safe_boundaries/files/E3/SE03A.DAT,.DAT,305152,0,1,0,,
package_story_test_23_s1072_safe_boundaries/files/E4/SE04.IMG,.IMG,323584,0,1,0,,
package_story_test_23_s1072_safe_boundaries/files/E4/SE041.DAT,.DAT,305152,0,1,0,,
package_story_test_23_s1072_safe_boundaries/files/E4/SE042.DAT,.DAT,305152,0,1,0,,
package_story_test_23_s1072_safe_boundaries/files/E4/SE043.DAT,.DAT,305152,0,1,0,,
package_story_test_23_s1072_safe_boundaries/files/E4/SE044.DAT,.DAT,305152,0,1,0,,
package_story_test_23_s1072_safe_boundaries/files/E4/SE045.DAT,.DAT,305152,0,1,0,,
package_story_test_23_s1072_safe_boundaries/files/E4/SE046.DAT,.DAT,305152,0,1,0,,
package_story_test_23_s1072_safe_boundaries/files/E4/SE047.DAT,.DAT,305152,0,1,0,,
package_story_test_23_s1072_safe_boundaries/files/E4/SE048.DAT,.DAT,305152,0,1,0,,
package_story_test_23_s1072_safe_boundaries/files/E4/SE049.DAT,.DAT,305152,0,1,0,,
package_story_test_23_s1072_safe_boundaries/files/E4/SE04A.DAT,.DAT,305152,0,1,0,,
package_story_test_23_s1072_safe_boundaries/files/E5/SE05.IMG,.IMG,323584,0,1,0,,
package_story_test_23_s1072_safe_boundaries/files/E5/SE051.DAT,.DAT,305152,0,1,0,,
package_story_test_23_s1072_safe_boundaries/files/E5/SE052.DAT,.DAT,305152,0,1,0,,
package_story_test_23_s1072_safe_boundaries/files/E5/SE053.DAT,.DAT,305152,0,1,0,,
package_story_test_23_s1072_safe_boundaries/files/E5/SE054.DAT,.DAT,305152,0,1,0,,
package_story_test_23_s1072_safe_boundaries/files/E5/SE055.DAT,.DAT,305152,0,1,0,,
package_story_test_23_s1072_safe_boundaries/files/E5/SE056.DAT,.DAT,305152,0,1,0,,
package_story_test_23_s1072_safe_boundaries/files/E5/SE057.DAT,.DAT,305152,0,1,0,,
package_story_test_23_s1072_safe_boundaries/files/E5/SE058.DAT,.DAT,305152,0,1,0,,
package_story_test_23_s1072_safe_boundaries/files/E5/SE059.DAT,.DAT,305152,0,1,0,,
package_story_test_23_s1072_safe_boundaries/files/E5/SE05A.DAT,.DAT,305152,0,1,0,,
package_story_test_23_s1072_safe_boundaries/files/F/SF011.DAT,.DAT,305152,0,1,0,,
package_story_test_23_s1072_safe_boundaries/files/F/SF011.IMG,.IMG,323584,0,1,0,,
package_story_test_23_s1072_safe_boundaries/files/F/SF021.DAT,.DAT,305152,0,1,0,,
package_story_test_23_s1072_safe_boundaries/files/F/SF021.IMG,.IMG,323584,0,1,0,,
package_story_test_23_s1072_safe_boundaries/files/F/SF031.DAT,.DAT,305152,0,1,0,,
package_story_test_23_s1072_safe_boundaries/files/F/SF031.IMG,.IMG,323584,0,1,0,,
package_story_test_23_s1072_safe_boundaries/files/F/SF041.DAT,.DAT,305152,0,1,0,,
package_story_test_23_s1072_safe_boundaries/files/F/SF041.IMG,.IMG,323584,0,1,0,,
package_story_test_23_s1072_safe_boundaries/files/F/SF051.DAT,.DAT,305152,0,1,0,,
package_story_test_23_s1072_safe_boundaries/files/F/SF051.IMG,.IMG,196608,0,1,0,,
package_story_test_23_s1072_safe_boundaries/files/F/SF061.DAT,.DAT,305152,0,1,0,,
package_story_test_23_s1072_safe_boundaries/files/F/SF061.IMG,.IMG,323584,0,1,0,,
package_story_test_23_s1072_safe_boundaries/files/F/SF071.DAT,.DAT,305152,0,1,0,,
package_story_test_23_s1072_safe_boundaries/files/F/SF071.IMG,.IMG,323584,0,1,0,,
package_story_test_23_s1072_safe_boundaries/files/F/SF081.DAT,.DAT,305152,0,1,0,,
package_story_test_23_s1072_safe_boundaries/files/F/SF081.IMG,.IMG,323584,0,1,0,,
package_story_test_23_s1072_safe_boundaries/files/F/SF091.DAT,.DAT,305152,0,1,0,,
package_story_test_23_s1072_safe_boundaries/files/F/SF091.IMG,.IMG,323584,0,1,0,,
package_story_test_23_s1072_safe_boundaries/files/F/SF0A1.DAT,.DAT,305152,0,1,0,,
package_story_test_23_s1072_safe_boundaries/files/F/SF0A1.IMG,.IMG,323584,0,1,0,,
package_story_test_23_s1072_safe_boundaries/files/F/SF0B1.DAT,.DAT,305152,0,1,0,,
package_story_test_23_s1072_safe_boundaries/files/F/SF0B1.IMG,.IMG,196608,0,1,0,,
package_story_test_23_s1072_safe_boundaries/files/F/SF0C1.DAT,.DAT,305152,0,1,0,,
package_story_test_23_s1072_safe_boundaries/files/F/SF0C1.IMG,.IMG,323584,0,1,0,,
package_story_test_23_s1072_safe_boundaries/files/F/SF0D1.DAT,.DAT,305152,0,1,0,,
package_story_test_23_s1072_safe_boundaries/files/F/SF0D1.IMG,.IMG,323584,0,1,0,,
package_story_test_23_s1072_safe_boundaries/files/F/SF0E1.DAT,.DAT,305152,0,1,0,,
package_story_test_23_s1072_safe_boundaries/files/F/SF0E1.IMG,.IMG,323584,0,1,0,,
package_story_test_23_s1072_safe_boundaries/files/F/SF0F1.DAT,.DAT,305152,0,1,0,,
package_story_test_23_s1072_safe_boundaries/files/F/SF0F1.IMG,.IMG,323584,0,1,0,,
package_story_test_23_s1072_safe_boundaries/files/F/SF0H1.IMG,.IMG,323584,0,1,0,,
package_story_test_23_s1072_safe_boundaries/files/license_data.dat,.DAT,28032,0,1,0,,
package_story_test_23_s1072_safe_boundaries/files/MAP/AREA0BG.DAT,.DAT,33280,0,1,0,,
package_story_test_23_s1072_safe_boundaries/files/MAP/AREA0MAP.DAT,.DAT,193536,0,1,0,,
package_story_test_23_s1072_safe_boundaries/files/MAP/AREA1BG.DAT,.DAT,33280,0,1,0,,
package_story_test_23_s1072_safe_boundaries/files/MAP/AREA1MAP.DAT,.DAT,193536,0,1,0,,
package_story_test_23_s1072_safe_boundaries/files/MAP/AREA2BG.DAT,.DAT,33280,0,1,0,,
package_story_test_23_s1072_safe_boundaries/files/MAP/AREA2MAP.DAT,.DAT,193536,0,1,0,,
package_story_test_23_s1072_safe_boundaries/files/MAP/AREA3BG.DAT,.DAT,33280,0,1,0,,
package_story_test_23_s1072_safe_boundaries/files/MAP/AREA3MAP.DAT,.DAT,193536,0,1,0,,
package_story_test_23_s1072_safe_boundaries/files/MAP/AREA4BG.DAT,.DAT,33280,0,1,0,,
package_story_test_23_s1072_safe_boundaries/files/MAP/AREA4MAP.DAT,.DAT,193536,0,1,0,,
package_story_test_23_s1072_safe_boundaries/files/MAP/AREA5MAP.DAT,.DAT,193536,0,1,0,,
package_story_test_23_s1072_safe_boundaries/files/MAP/AREA6MAP.DAT,.DAT,193536,0,1,0,,
package_story_test_23_s1072_safe_boundaries/files/MAP/SMAP.DAT,.DAT,305152,0,1,0,,
package_story_test_23_s1072_safe_boundaries/files/MAP/WORLDMAP.DAT,.DAT,292864,0,1,0,,
package_story_test_23_s1072_safe_boundaries/files/PSX.EXE,.EXE,581632,0,1,0,,
package_story_test_23_s1072_safe_boundaries/files/S000.DAT,.DAT,305152,0,1,0,,
package_story_test_23_s1072_safe_boundaries/files/S000.IMG,.IMG,323584,0,1,0,,
package_story_test_23_s1072_safe_boundaries/files/SYSTEM.CNF,.CNF,64,0,1,0,,
package_story_test_23_s1072_safe_boundaries/files/XA/ARC1.XA,.XA,1457664,0,1,0,,
package_story_test_23_s1072_safe_boundaries/files/XA/ARC2.XA,.XA,1382912,0,1,0,,
package_story_test_23_s1072_safe_boundaries/files/XA/ARC3.XA,.XA,1607168,0,1,0,,
package_story_test_23_s1072_safe_boundaries/files/XA/ARC4.XA,.XA,1009152,0,1,0,,
package_story_test_23_s1072_safe_boundaries/files/XA/ARC5.XA,.XA,1308160,0,1,0,,
package_story_test_23_s1072_safe_boundaries/files/XA/ARC6.XA,.XA,4634624,0,1,0,,
package_story_test_23_s1072_safe_boundaries/files/XA/CHONG1.XA,.XA,1495040,0,1,0,,
package_story_test_23_s1072_safe_boundaries/files/XA/CHONG2.XA,.XA,1308160,0,1,0,,
package_story_test_23_s1072_safe_boundaries/files/XA/CHONG3.XA,.XA,1233408,0,1,0,,
package_story_test_23_s1072_safe_boundaries/files/XA/CHONG4.XA,.XA,1308160,0,1,0,,
package_story_test_23_s1072_safe_boundaries/files/XA/CHONG5.XA,.XA,2560256,0,1,0,,
package_story_test_23_s1072_safe_boundaries/files/XA/CHONG6.XA,.XA,1700608,0,1,0,,
package_story_test_23_s1072_safe_boundaries/files/XA/GORGEN1.XA,.XA,1681920,0,1,0,,
package_story_test_23_s1072_safe_boundaries/files/XA/GORGEN2.XA,.XA,1569792,0,1,0,,
package_story_test_23_s1072_safe_boundaries/files/XA/GORGEN3.XA,.XA,2055680,0,1,0,,
package_story_test_23_s1072_safe_boundaries/files/XA/GORGEN4.XA,.XA,1943552,0,1,0,,
package_story_test_23_s1072_safe_boundaries/files/XA/GORGEN5.XA,.XA,1906176,0,1,0,,
package_story_test_23_s1072_safe_boundaries/files/XA/GORGEN6.XA,.XA,2578944,0,1,0,,
package_story_test_23_s1072_safe_boundaries/files/XA/GORGEN7.XA,.XA,3774976,0,1,0,,
package_story_test_23_s1072_safe_boundaries/files/XA/IGA1.XA,.XA,1158656,0,1,0,,
package_story_test_23_s1072_safe_boundaries/files/XA/IGA2.XA,.XA,1233408,0,1,0,,
package_story_test_23_s1072_safe_boundaries/files/XA/IGA3.XA,.XA,859648,0,1,0,,
package_story_test_23_s1072_safe_boundaries/files/XA/IGA4.XA,.XA,2578944,0,1,0,,
package_story_test_23_s1072_safe_boundaries/files/XA/IGA5.XA,.XA,2522880,0,1,0,,
package_story_test_23_s1072_safe_boundaries/files/XA/KUKURU1.XA,.XA,1569792,0,1,0,,
package_story_test_23_s1072_safe_boundaries/files/XA/KUKURU2.XA,.XA,1756672,0,1,0,,
package_story_test_23_s1072_safe_boundaries/files/XA/KUKURU3.XA,.XA,1420288,0,1,0,,
package_story_test_23_s1072_safe_boundaries/files/XA/KUKURU4.XA,.XA,1569792,0,1,0,,
package_story_test_23_s1072_safe_boundaries/files/XA/KUKURU5.XA,.XA,1382912,0,1,0,,
package_story_test_23_s1072_safe_boundaries/files/XA/KUKURU6.XA,.XA,2578944,0,1,0,,
package_story_test_23_s1072_safe_boundaries/files/XA/KUKURU7.XA,.XA,3102208,0,1,0,,
package_story_test_23_s1072_safe_boundaries/files/XA/POKO1.XA,.XA,1308160,0,1,0,,
package_story_test_23_s1072_safe_boundaries/files/XA/POKO2.XA,.XA,1196032,0,1,0,,
package_story_test_23_s1072_safe_boundaries/files/XA/POKO3.XA,.XA,1569792,0,1,0,,
package_story_test_23_s1072_safe_boundaries/files/XA/POKO4.XA,.XA,1308160,0,1,0,,
package_story_test_23_s1072_safe_boundaries/files/XA/POKO5.XA,.XA,1196032,0,1,0,,
package_story_test_23_s1072_safe_boundaries/files/XA/POKO6.XA,.XA,2560256,0,1,0,,
package_story_test_23_s1072_safe_boundaries/files/XA/POKO7.XA,.XA,3737600,0,1,0,,
package_story_test_23_s1072_safe_boundaries/files/XA/TOSH1.XA,.XA,1495040,0,1,0,,
package_story_test_23_s1072_safe_boundaries/files/XA/TOSH2.XA,.XA,1308160,0,1,0,,
package_story_test_23_s1072_safe_boundaries/files/XA/TOSH3.XA,.XA,1607168,0,1,0,,
package_story_test_23_s1072_safe_boundaries/files/XA/TOSH4.XA,.XA,1382912,0,1,0,,
package_story_test_23_s1072_safe_boundaries/files/XA/TOSH5.XA,.XA,1831424,0,1,0,,
package_story_test_23_s1072_safe_boundaries/files/XA/TOSH6.XA,.XA,2578944,0,1,0,,
package_story_test_23_s1072_safe_boundaries/files/XA/XEVENT1.XA,.XA,17473280,0,1,0,,
package_story_test_23_s1072_safe_boundaries/files/XA/XEVENT2.XA,.XA,2821888,0,1,0,,
package_story_test_23_s1072_safe_boundaries/files/XA/XEVENT3.XA,.XA,1812736,0,1,0,,
package_story_test_23_s1072_safe_boundaries/files/XA/XEVENT4.XA,.XA,1270784,0,1,0,,
package_story_test_23_s1072_safe_boundaries/files/XA/XEVENT5.XA,.XA,7120128,0,1,0,,
package_story_test_23_s1072_safe_boundaries/files/XA/XXBGM.XA,.XA,67725312,0,1,0,,
package_story_test_23_s1072_safe_boundaries/files/XMV/OPEN.STR,.STR,51859200,0,1,0,,
package_story_test_23_s1072_safe_boundaries/files/XMV/S304.STR,.STR,10537696,0,1,0,,
package_story_test_23_s1072_safe_boundaries/files/XMV/S904.STR,.STR,4576224,0,1,0,,
package_story_test_23_s1072_safe_boundaries/files/XMV/SB03.STR,.STR,6050240,0,1,0,,
package_story_test_23_s1072_safe_boundaries/files/XMV/SC071.STR,.STR,4608000,0,1,0,,
package_story_test_23_s1072_safe_boundaries/files/XMV/SC072.STR,.STR,4608000,0,1,0,,
package_story_test_23_s1072_safe_boundaries/files/XMV/YEND.STR,.STR,158380800,0,1,0,,
package_story_test_23_s1072_safe_boundaries/files/XMV/YONE.STR,.STR,48892480,0,1,0,,
package_story_test_23_s1072_safe_boundaries/PACKAGE_REPORT.txt,.TXT,761,0,0,0,,
package_story_test_23_s1072_safe_boundaries/story_test_23_s1072_safe_boundaries.xml,.XML,67993,0,0,0,,
package_story_test_23_s1072_safe_boundaries/story_test_23_s1072_safe_boundaries_lba.txt,.TXT,79156,0,0,0,,
PSX.EXE,.EXE,581632,0,1,1,581632,0
S000.DAT,.DAT,305152,0,1,0,,
S000.IMG,.IMG,323584,0,1,0,,
story_bulk3_plus_d_house_gamefiles/1/S1011.DAT,.DAT,305152,0,1,0,,
story_bulk3_plus_d_house_gamefiles/1/S1013.DAT,.DAT,305152,0,1,0,,
story_bulk3_plus_d_house_gamefiles/1/S1021.DAT,.DAT,305152,0,1,0,,
story_bulk3_plus_d_house_gamefiles/1/S1022.DAT,.DAT,305152,0,1,0,,
story_bulk3_plus_d_house_gamefiles/1/S1023.DAT,.DAT,305152,0,1,0,,
story_bulk3_plus_d_house_gamefiles/1/S1041.DAT,.DAT,305152,0,1,0,,
story_bulk3_plus_d_house_gamefiles/1/S1051.DAT,.DAT,305152,0,1,0,,
story_bulk3_plus_d_house_gamefiles/1/S1061.DAT,.DAT,305152,0,1,0,,
story_bulk3_plus_d_house_gamefiles/1/S1071.DAT,.DAT,305152,0,1,0,,
story_bulk3_plus_d_house_gamefiles/1/S1072.DAT,.DAT,305152,0,1,0,,
story_bulk3_plus_d_house_gamefiles/COMM.IMG,.IMG,458752,0,1,0,,
story_bulk3_plus_d_house_gamefiles/D/SD012.DAT,.DAT,305152,0,1,0,,
story_bulk3_plus_d_house_gamefiles/D/SD013.DAT,.DAT,305152,0,1,0,,
story_bulk3_plus_d_house_repack_verify_gamefiles/1/S1011.DAT,.DAT,305152,0,1,0,,
story_bulk3_plus_d_house_repack_verify_gamefiles/1/S1013.DAT,.DAT,305152,0,1,0,,
story_bulk3_plus_d_house_repack_verify_gamefiles/1/S1021.DAT,.DAT,305152,0,1,0,,
story_bulk3_plus_d_house_repack_verify_gamefiles/1/S1022.DAT,.DAT,305152,0,1,0,,
story_bulk3_plus_d_house_repack_verify_gamefiles/1/S1023.DAT,.DAT,305152,0,1,0,,
story_bulk3_plus_d_house_repack_verify_gamefiles/1/S1041.DAT,.DAT,305152,0,1,0,,
story_bulk3_plus_d_house_repack_verify_gamefiles/1/S1051.DAT,.DAT,305152,0,1,0,,
story_bulk3_plus_d_house_repack_verify_gamefiles/1/S1061.DAT,.DAT,305152,0,1,0,,
story_bulk3_plus_d_house_repack_verify_gamefiles/1/S1071.DAT,.DAT,305152,0,1,0,,
story_bulk3_plus_d_house_repack_verify_gamefiles/1/S1072.DAT,.DAT,305152,0,1,0,,
story_bulk3_plus_d_house_repack_verify_gamefiles/COMM.IMG,.IMG,458752,0,1,0,,
story_bulk3_plus_d_house_repack_verify_gamefiles/D/SD012.DAT,.DAT,305152,0,1,0,,
story_bulk3_plus_d_house_repack_verify_gamefiles/D/SD013.DAT,.DAT,305152,0,1,0,,
story_bulk3_plus_s1072_room_build/1/S1072.DAT,.DAT,305152,0,1,0,,
story_bulk3_plus_s1072_room_build/BUILD_REPORT.txt,.TXT,1464,0,0,0,,
story_bulk3_plus_s1072_room_build/COMM.IMG,.IMG,458752,0,1,0,,
story_bulk3_plus_s1072_room_build_patch_with_report.zip,.ZIP,945906,0,0,0,,
story_bulk3_plus_s1072_room_gamefiles/1/S1011.DAT,.DAT,305152,0,1,0,,
story_bulk3_plus_s1072_room_gamefiles/1/S1013.DAT,.DAT,305152,0,1,0,,
story_bulk3_plus_s1072_room_gamefiles/1/S1021.DAT,.DAT,305152,0,1,0,,
story_bulk3_plus_s1072_room_gamefiles/1/S1022.DAT,.DAT,305152,0,1,0,,
story_bulk3_plus_s1072_room_gamefiles/1/S1023.DAT,.DAT,305152,0,1,0,,
story_bulk3_plus_s1072_room_gamefiles/1/S1041.DAT,.DAT,305152,0,1,0,,
story_bulk3_plus_s1072_room_gamefiles/1/S1051.DAT,.DAT,305152,0,1,0,,
story_bulk3_plus_s1072_room_gamefiles/1/S1061.DAT,.DAT,305152,0,1,0,,
story_bulk3_plus_s1072_room_gamefiles/1/S1071.DAT,.DAT,305152,0,1,0,,
story_bulk3_plus_s1072_room_gamefiles/1/S1072.DAT,.DAT,305152,0,1,0,,
story_bulk3_plus_s1072_room_gamefiles/COMM.IMG,.IMG,458752,0,1,0,,
story_bulk3_s1072_room_highslot_gamefiles/1/S1011.DAT,.DAT,305152,0,1,0,,
story_bulk3_s1072_room_highslot_gamefiles/1/S1013.DAT,.DAT,305152,0,1,0,,
story_bulk3_s1072_room_highslot_gamefiles/1/S1021.DAT,.DAT,305152,0,1,0,,
story_bulk3_s1072_room_highslot_gamefiles/1/S1022.DAT,.DAT,305152,0,1,0,,
story_bulk3_s1072_room_highslot_gamefiles/1/S1023.DAT,.DAT,305152,0,1,0,,
story_bulk3_s1072_room_highslot_gamefiles/1/S1041.DAT,.DAT,305152,0,1,0,,
story_bulk3_s1072_room_highslot_gamefiles/1/S1051.DAT,.DAT,305152,0,1,0,,
story_bulk3_s1072_room_highslot_gamefiles/1/S1061.DAT,.DAT,305152,0,1,0,,
story_bulk3_s1072_room_highslot_gamefiles/1/S1071.DAT,.DAT,305152,0,1,0,,
story_bulk3_s1072_room_highslot_gamefiles/1/S1072.DAT,.DAT,305152,0,1,0,,
story_bulk3_s1072_room_highslot_gamefiles/COMM.IMG,.IMG,458752,0,1,0,,
story_d_house_highslot_build/BUILD_REPORT.txt,.TXT,876,0,0,0,,
story_d_house_highslot_build/D/SD012.DAT,.DAT,305152,0,1,0,,
story_d_house_highslot_build/D/SD013.DAT,.DAT,305152,0,1,0,,
story_d_house_highslot_build_with_report.zip,.ZIP,1046107,0,0,0,,
story_d_house_highslot_manifest.csv,.CSV,687,0,0,0,,
story_d_sd011_extended_current_manifest.csv,.CSV,144,0,0,0,,
story_d_sd031_snow_manifest.csv,.CSV,388,0,0,0,,
story_house_d_sd031_snow_build/BUILD_REPORT.txt,.TXT,551,0,0,0,,
story_house_d_sd031_snow_build/D/SD031.DAT,.DAT,305152,0,1,0,,
story_house_live_s1031_blocking_build/1/S1031.DAT,.DAT,305152,0,1,0,,
story_house_live_s1031_blocking_build/BUILD_REPORT.txt,.TXT,345,0,0,0,,
story_house_live_sd011_extended_build/BUILD_REPORT.txt,.TXT,351,0,0,0,,
story_house_live_sd011_extended_build/D/SD011.DAT,.DAT,305152,0,1,0,,
story_house_s1021_all_control0000_build/1/S1021.DAT,.DAT,305152,0,1,0,,
story_house_s1021_all_control0000_build/BUILD_REPORT.txt,.TXT,969,0,0,0,,
story_house_s1021_control0000_build/1/S1021.DAT,.DAT,305152,0,1,0,,
story_house_s1021_control0000_build/BUILD_REPORT.txt,.TXT,899,0,0,0,,
story_house_s1021_control0000_manifest.csv,.CSV,885,0,0,0,,
story_house_s1021_s1022_complete_build/1/S1022.DAT,.DAT,305152,0,1,0,,
story_house_s1021_s1022_complete_build/BUILD_REPORT.txt,.TXT,575,0,0,0,,
story_house_s1021_s1041_complete_build/1/S1041.DAT,.DAT,305152,0,1,0,,
story_house_s1021_s1041_complete_build/BUILD_REPORT.txt,.TXT,897,0,0,0,,
story_house_s1041_all_build/1/S1041.DAT,.DAT,305152,0,1,0,,
story_house_s1041_all_build/BUILD_REPORT.txt,.TXT,1624,0,0,0,,
story_house_s1041_all_build_with_report.zip,.ZIP,1142140,0,0,0,,
story_house_s1041_all_manifest.csv,.CSV,1630,0,0,0,,
story_house_sd011_all_build/BUILD_REPORT.txt,.TXT,897,0,0,0,,
story_house_sd011_all_build/D/SD011.DAT,.DAT,305152,0,1,0,,
story_house_sd011_all_build_with_report.zip,.ZIP,1141798,0,0,0,,
story_house_sd011_build/BUILD_REPORT.txt,.TXT,329,0,0,0,,
story_house_sd011_build/D/SD011.DAT,.DAT,305152,0,1,0,,
story_house_sd011_build_with_report.zip,.ZIP,1141737,0,0,0,,
story_house_sd011_live_slots_1_to_4_build/BUILD_REPORT.txt,.TXT,348,0,0,0,,
story_house_sd011_live_slots_1_to_4_build/D/SD011.DAT,.DAT,305152,0,1,0,,
story_house_sd011_live_slots_2_to_4_build/BUILD_REPORT.txt,.TXT,442,0,0,0,,
story_house_sd011_live_slots_2_to_4_build/D/SD011.DAT,.DAT,305152,0,1,0,,
story_house_sd011_manifest.csv,.CSV,775,0,0,0,,
story_manifest_build/1/S1072.DAT,.DAT,305152,0,1,0,,
story_manifest_build/BUILD_REPORT.txt,.TXT,1497,0,0,0,,
story_manifest_build/COMM.IMG,.IMG,458752,0,1,0,,
story_progress_bulk/1/S1013.DAT,.DAT,305152,0,1,0,,
story_progress_bulk/1/S1021.DAT,.DAT,305152,0,1,0,,
story_progress_bulk/1/S1022.DAT,.DAT,305152,0,1,0,,
story_progress_bulk/1/S1023.DAT,.DAT,305152,0,1,0,,
story_progress_bulk/1/S1041.DAT,.DAT,305152,0,1,0,,
story_progress_bulk/1/S1061.DAT,.DAT,305152,0,1,0,,
story_progress_bulk/1/S1072.DAT,.DAT,305152,0,1,0,,
story_progress_bulk/BUILD_REPORT.txt,.TXT,9507,0,0,0,,
story_progress_bulk2/1/S1013.DAT,.DAT,305152,0,1,0,,
story_progress_bulk2/1/S1021.DAT,.DAT,305152,0,1,0,,
story_progress_bulk2/1/S1022.DAT,.DAT,305152,0,1,0,,
story_progress_bulk2/1/S1023.DAT,.DAT,305152,0,1,0,,
story_progress_bulk2/1/S1041.DAT,.DAT,305152,0,1,0,,
story_progress_bulk2/1/S1051.DAT,.DAT,305152,0,1,0,,
story_progress_bulk2/1/S1061.DAT,.DAT,305152,0,1,0,,
story_progress_bulk2/1/S1072.DAT,.DAT,305152,0,1,0,,
story_progress_bulk2/BUILD_REPORT.txt,.TXT,9776,0,0,0,,
story_progress_bulk3_all_1/1/S1011.DAT,.DAT,305152,0,1,0,,
story_progress_bulk3_all_1/1/S1013.DAT,.DAT,305152,0,1,0,,
story_progress_bulk3_all_1/1/S1021.DAT,.DAT,305152,0,1,0,,
story_progress_bulk3_all_1/1/S1022.DAT,.DAT,305152,0,1,0,,
story_progress_bulk3_all_1/1/S1023.DAT,.DAT,305152,0,1,0,,
story_progress_bulk3_all_1/1/S1041.DAT,.DAT,305152,0,1,0,,
story_progress_bulk3_all_1/1/S1051.DAT,.DAT,305152,0,1,0,,
story_progress_bulk3_all_1/1/S1061.DAT,.DAT,305152,0,1,0,,
story_progress_bulk3_all_1/1/S1071.DAT,.DAT,305152,0,1,0,,
story_progress_bulk3_all_1/1/S1072.DAT,.DAT,305152,0,1,0,,
story_progress_bulk3_all_1/BUILD_REPORT.txt,.TXT,10843,0,0,0,,
story_progress_safe/1/S1072.DAT,.DAT,305152,0,1,0,,
story_progress_safe/BUILD_REPORT.txt,.TXT,1027,0,0,0,,
story_s1021_control0000_remaining_manifest.csv,.CSV,1022,0,0,0,,
story_s1022_remaining_control0000_manifest.csv,.CSV,441,0,0,0,,
story_s1031_live_current_manifest.csv,.CSV,126,0,0,0,,
story_s1041_ark_mother_manifest.csv,.CSV,138,0,0,0,,
story_s1041_build/1/S1041.DAT,.DAT,305152,0,1,0,,
story_s1041_build/BUILD_REPORT.txt,.TXT,352,0,0,0,,
story_s1041_build_with_report.zip,.ZIP,353808,0,0,0,,
story_s1041_control0000_missing_manifest.csv,.CSV,923,0,0,0,,
story_s1041_final_patch_files/1/S1041.DAT,.DAT,305152,0,1,0,,
story_s1041_final_patch_files/COMM.IMG,.IMG,458752,0,1,0,,
story_sd011_live_slot1_manifest.csv,.CSV,149,0,0,0,,
story_sd011_live_unpatched_slots_manifest.csv,.CSV,273,0,0,0,,
story_test_01/1/S1071.DAT,.DAT,305152,0,1,0,,
story_test_01/COMM.IMG,.IMG,458752,0,1,0,,
story_test_01/TEST_INFO.txt,.TXT,760,0,0,0,,
story_test_02/1/S1071.DAT,.DAT,305152,0,1,0,,
story_test_02/CHARMAP.txt,.TXT,243,0,0,0,,
story_test_02/COMM.IMG,.IMG,458752,0,1,0,,
story_test_02/TEST_INFO.txt,.TXT,732,0,0,0,,
story_test_03/1/S1071.DAT,.DAT,305152,0,1,0,,
story_test_03/CHARMAP.txt,.TXT,245,0,0,0,,
story_test_03/COMM.IMG,.IMG,458752,0,1,0,,
story_test_03/TEST_INFO.txt,.TXT,682,0,0,0,,
story_test_04/1/S1071.DAT,.DAT,305152,0,1,0,,
story_test_04/CHARMAP.txt,.TXT,296,0,0,0,,
story_test_04/COMM.IMG,.IMG,458752,0,1,0,,
story_test_04/TEST_INFO.txt,.TXT,765,0,0,0,,
story_test_05/1/S1071.DAT,.DAT,305152,0,1,0,,
story_test_05/CHARMAP.txt,.TXT,322,0,0,0,,
story_test_05/COMM.IMG,.IMG,458752,0,1,0,,
story_test_05/TEST_INFO.txt,.TXT,664,0,0,0,,
story_test_06/1/S1071.DAT,.DAT,305152,0,1,0,,
story_test_06/CHARMAP.txt,.TXT,274,0,0,0,,
story_test_06/COMM.IMG,.IMG,458752,0,1,0,,
story_test_06/TEST_INFO.txt,.TXT,693,0,0,0,,
story_test_07/1/S1071.DAT,.DAT,305152,0,1,0,,
story_test_07/CHARMAP.txt,.TXT,113,0,0,0,,
story_test_07/COMM.IMG,.IMG,458752,0,1,0,,
story_test_07/TEST_INFO.txt,.TXT,522,0,0,0,,
story_test_08_twobyte_locator/1/S1071.DAT,.DAT,305152,0,1,0,,
story_test_08_twobyte_locator/COMM.IMG,.IMG,458752,0,1,0,,
story_test_08_twobyte_locator/TEST_INFO.txt,.TXT,553,0,0,0,,
story_test_09_twobyte_mapc/1/S1071.DAT,.DAT,305152,0,1,0,,
story_test_09_twobyte_mapc/COMM.IMG,.IMG,458752,0,1,0,,
story_test_09_twobyte_mapc/TEST_INFO.txt,.TXT,504,0,0,0,,
story_test_10_twobyte_grid_locator/1/S1071.DAT,.DAT,305152,0,1,0,,
story_test_10_twobyte_grid_locator/COMM.IMG,.IMG,458752,0,1,0,,
story_test_10_twobyte_grid_locator/TEST_INFO.txt,.TXT,283,0,0,0,,
story_test_11_remaining_slots_probe/1/S1071.DAT,.DAT,305152,0,1,0,,
story_test_11_remaining_slots_probe/CHARMAP.txt,.TXT,375,0,0,0,,
story_test_11_remaining_slots_probe/COMM.IMG,.IMG,458752,0,1,0,,
story_test_11_remaining_slots_probe/TEST_INFO.txt,.TXT,652,0,0,0,,
story_test_12_stable_extra_font/1/S1071.DAT,.DAT,305152,0,1,0,,
story_test_12_stable_extra_font/CHARMAP.txt,.TXT,337,0,0,0,,
story_test_12_stable_extra_font/COMM.IMG,.IMG,458752,0,1,0,,
story_test_12_stable_extra_font/TEST_INFO.txt,.TXT,609,0,0,0,,
story_test_13_s1011_first_block_probe/1/S1011.DAT,.DAT,305152,0,1,0,,
story_test_13_s1011_first_block_probe/1/S1071.DAT,.DAT,305152,0,1,0,,
story_test_13_s1011_first_block_probe/CHARMAP.txt,.TXT,339,0,0,0,,
story_test_13_s1011_first_block_probe/COMM.IMG,.IMG,458752,0,1,0,,
story_test_13_s1011_first_block_probe/TEST_INFO.txt,.TXT,656,0,0,0,,
story_test_14_s1011_two_blocks/1/S1011.DAT,.DAT,305152,0,1,0,,
story_test_14_s1011_two_blocks/1/S1071.DAT,.DAT,305152,0,1,0,,
story_test_14_s1011_two_blocks/CHARMAP.txt,.TXT,340,0,0,0,,
story_test_14_s1011_two_blocks/COMM.IMG,.IMG,458752,0,1,0,,
story_test_14_s1011_two_blocks/TEST_INFO.txt,.TXT,530,0,0,0,,
story_test_15_s1011_three_blocks/1/S1011.DAT,.DAT,305152,0,1,0,,
story_test_15_s1011_three_blocks/1/S1071.DAT,.DAT,305152,0,1,0,,
story_test_15_s1011_three_blocks/CHARMAP.txt,.TXT,342,0,0,0,,
story_test_15_s1011_three_blocks/COMM.IMG,.IMG,458752,0,1,0,,
story_test_15_s1011_three_blocks/TEST_INFO.txt,.TXT,537,0,0,0,,
story_test_16_s1011_four_blocks/1/S1011.DAT,.DAT,305152,0,1,0,,
story_test_16_s1011_four_blocks/1/S1071.DAT,.DAT,305152,0,1,0,,
story_test_16_s1011_four_blocks/CHARMAP.txt,.TXT,341,0,0,0,,
story_test_16_s1011_four_blocks/COMM.IMG,.IMG,458752,0,1,0,,
story_test_16_s1011_four_blocks/TEST_INFO.txt,.TXT,579,0,0,0,,
story_test_17_s1011_nine_blocks/1/S1011.DAT,.DAT,305152,0,1,0,,
story_test_17_s1011_nine_blocks/1/S1071.DAT,.DAT,305152,0,1,0,,
story_test_17_s1011_nine_blocks/CHARMAP.txt,.TXT,341,0,0,0,,
story_test_17_s1011_nine_blocks/COMM.IMG,.IMG,458752,0,1,0,,
story_test_17_s1011_nine_blocks/TEST_INFO.txt,.TXT,619,0,0,0,,
story_test_18_s1011_nine_blocks_fix_block8/1/S1011.DAT,.DAT,305152,0,1,0,,
story_test_18_s1011_nine_blocks_fix_block8/1/S1071.DAT,.DAT,305152,0,1,0,,
story_test_18_s1011_nine_blocks_fix_block8/CHARMAP.txt,.TXT,341,0,0,0,,
story_test_18_s1011_nine_blocks_fix_block8/COMM.IMG,.IMG,458752,0,1,0,,
story_test_18_s1011_nine_blocks_fix_block8/TEST_INFO.txt,.TXT,619,0,0,0,,
story_test_19_low_slot_probe_s1013/1/S1011.DAT,.DAT,305152,0,1,0,,
story_test_19_low_slot_probe_s1013/1/S1013.DAT,.DAT,305152,0,1,0,,
story_test_19_low_slot_probe_s1013/1/S1071.DAT,.DAT,305152,0,1,0,,
story_test_19_low_slot_probe_s1013/CHARMAP.txt,.TXT,429,0,0,0,,
story_test_19_low_slot_probe_s1013/COMM.IMG,.IMG,458752,0,1,0,,
story_test_19_low_slot_probe_s1013/TEST_INFO.txt,.TXT,768,0,0,0,,
story_test_20_s1072_first_blocks/1/S1011.DAT,.DAT,305152,0,1,0,,
story_test_20_s1072_first_blocks/1/S1071.DAT,.DAT,305152,0,1,0,,
story_test_20_s1072_first_blocks/1/S1072.DAT,.DAT,305152,0,1,0,,
story_test_20_s1072_first_blocks/CHARMAP.txt,.TXT,514,0,0,0,,
story_test_20_s1072_first_blocks/COMM.IMG,.IMG,458752,0,1,0,,
story_test_20_s1072_first_blocks/TEST_INFO.txt,.TXT,713,0,0,0,,
story_test_21_s1072_visible_batch/1/S1011.DAT,.DAT,305152,0,1,0,,
story_test_21_s1072_visible_batch/1/S1071.DAT,.DAT,305152,0,1,0,,
story_test_21_s1072_visible_batch/1/S1072.DAT,.DAT,305152,0,1,0,,
story_test_21_s1072_visible_batch/CHARMAP.txt,.TXT,560,0,0,0,,
story_test_21_s1072_visible_batch/COMM.IMG,.IMG,458752,0,1,0,,
story_test_21_s1072_visible_batch/TEST_INFO.txt,.TXT,780,0,0,0,,
story_test_22_s1072_add_kukuru_block/1/S1011.DAT,.DAT,305152,0,1,0,,
story_test_22_s1072_add_kukuru_block/1/S1071.DAT,.DAT,305152,0,1,0,,
story_test_22_s1072_add_kukuru_block/1/S1072.DAT,.DAT,305152,0,1,0,,
story_test_22_s1072_add_kukuru_block/COMM.IMG,.IMG,458752,0,1,0,,
story_test_22_s1072_add_kukuru_block/TEST_INFO.txt,.TXT,596,0,0,0,,
story_test_23_s1072_safe_boundaries/1/S1011.DAT,.DAT,305152,0,1,0,,
story_test_23_s1072_safe_boundaries/1/S1071.DAT,.DAT,305152,0,1,0,,
story_test_23_s1072_safe_boundaries/1/S1072.DAT,.DAT,305152,0,1,0,,
story_test_23_s1072_safe_boundaries/COMM.IMG,.IMG,458752,0,1,0,,
story_test_23_s1072_safe_boundaries/TEST_INFO.txt,.TXT,168,0,0,0,,
story_test_24_s1072_first_block_stable_only/1/S1011.DAT,.DAT,305152,0,1,0,,
story_test_24_s1072_first_block_stable_only/1/S1071.DAT,.DAT,305152,0,1,0,,
story_test_24_s1072_first_block_stable_only/1/S1072.DAT,.DAT,305152,0,1,0,,
story_test_24_s1072_first_block_stable_only/COMM.IMG,.IMG,458752,0,1,0,,
story_test_24_s1072_first_block_stable_only/TEST_INFO.txt,.TXT,524,0,0,0,,
story_test_25_s1072_second_block_stable_only/1/S1011.DAT,.DAT,305152,0,1,0,,
story_test_25_s1072_second_block_stable_only/1/S1071.DAT,.DAT,305152,0,1,0,,
story_test_25_s1072_second_block_stable_only/1/S1072.DAT,.DAT,305152,0,1,0,,
story_test_25_s1072_second_block_stable_only/COMM.IMG,.IMG,458752,0,1,0,,
story_test_25_s1072_second_block_stable_only/TEST_INFO.txt,.TXT,523,0,0,0,,
XA/ARC1.XA,.XA,1457664,0,1,0,,
XA/ARC2.XA,.XA,1382912,0,1,0,,
XA/ARC3.XA,.XA,1607168,0,1,0,,
XA/ARC4.XA,.XA,1009152,0,1,0,,
XA/ARC5.XA,.XA,1308160,0,1,0,,
XA/ARC6.XA,.XA,4634624,0,1,0,,
XA/CHONG1.XA,.XA,1495040,0,1,0,,
XA/CHONG2.XA,.XA,1308160,0,1,0,,
XA/CHONG3.XA,.XA,1233408,0,1,0,,
XA/CHONG4.XA,.XA,1308160,0,1,0,,
XA/CHONG5.XA,.XA,2560256,0,1,0,,
XA/CHONG6.XA,.XA,1700608,0,1,0,,
XA/GORGEN1.XA,.XA,1681920,0,1,0,,
XA/GORGEN2.XA,.XA,1569792,0,1,0,,
XA/GORGEN3.XA,.XA,2055680,0,1,0,,
XA/GORGEN4.XA,.XA,1943552,0,1,0,,
XA/GORGEN5.XA,.XA,1906176,0,1,0,,
XA/GORGEN6.XA,.XA,2578944,0,1,0,,
XA/GORGEN7.XA,.XA,3774976,0,1,0,,
XA/IGA1.XA,.XA,1158656,0,1,0,,
XA/IGA2.XA,.XA,1233408,0,1,0,,
XA/IGA3.XA,.XA,859648,0,1,0,,
XA/IGA4.XA,.XA,2578944,0,1,0,,
XA/IGA5.XA,.XA,2522880,0,1,0,,
XA/KUKURU1.XA,.XA,1569792,0,1,0,,
XA/KUKURU2.XA,.XA,1756672,0,1,0,,
XA/KUKURU3.XA,.XA,1420288,0,1,0,,
XA/KUKURU4.XA,.XA,1569792,0,1,0,,
XA/KUKURU5.XA,.XA,1382912,0,1,0,,
XA/KUKURU6.XA,.XA,2578944,0,1,0,,
XA/KUKURU7.XA,.XA,3102208,0,1,0,,
XA/POKO1.XA,.XA,1308160,0,1,0,,
XA/POKO2.XA,.XA,1196032,0,1,0,,
XA/POKO3.XA,.XA,1569792,0,1,0,,
XA/POKO4.XA,.XA,1308160,0,1,0,,
XA/POKO5.XA,.XA,1196032,0,1,0,,
XA/POKO6.XA,.XA,2560256,0,1,0,,
XA/POKO7.XA,.XA,3737600,0,1,0,,
XA/TOSH1.XA,.XA,1495040,0,1,0,,
XA/TOSH2.XA,.XA,1308160,0,1,0,,
XA/TOSH3.XA,.XA,1607168,0,1,0,,
XA/TOSH4.XA,.XA,1382912,0,1,0,,
XA/TOSH5.XA,.XA,1831424,0,1,0,,
XA/TOSH6.XA,.XA,2578944,0,1,0,,
XA/XEVENT1.XA,.XA,17473280,0,1,0,,
XA/XEVENT2.XA,.XA,2821888,0,1,0,,
XA/XEVENT3.XA,.XA,1812736,0,1,0,,
XA/XEVENT4.XA,.XA,1270784,0,1,0,,
XA/XEVENT5.XA,.XA,7120128,0,1,0,,
XA/XXBGM.XA,.XA,67725312,0,1,0,,
XMV/OPEN.STR,.STR,51859200,0,1,0,,
XMV/S304.STR,.STR,10537696,0,1,0,,
XMV/S904.STR,.STR,4576224,0,1,0,,
XMV/SB03.STR,.STR,6050240,0,1,0,,
XMV/SC071.STR,.STR,4608000,0,1,0,,
XMV/SC072.STR,.STR,4608000,0,1,0,,
XMV/YEND.STR,.STR,158380800,0,1,0,,
XMV/YONE.STR,.STR,48892480,0,1,0,,
