file,offset,capacity,confidence,in_patch_zip,status,disk_id,slot,metadata,expected_metadata,external_has_terminator,decoded_jp
1/S1011.DAT,0x478AA,35,high,1,e2_valid,0x81,0,33,33,1,もう3000年も燃え続けている精霊（せいれい）の山 / シオンの炎。
1/S1011.DAT,0x47902,23,high,1,e2_valid,0x82,1,21,21,1,いつたい / この炎にどんな意味が・・？
1/S1011.DAT,0x47954,21,high,1,e2_valid,0x83,2,19,19,1,そんなこと / 気にしている場合じゃない！
1/S1011.DAT,0x4799E,42,high,1,e2_valid,0x84,3,40,40,1,年が明ければ / パ<N:リ:12:6F>ンシア城から むかえが来るそれがわが一族のおきて・・。
1/S1011.DAT,0x479FC,36,high,1,e2_valid,0x85,4,34,34,1,そして / 神の血をひく民の<N:娘:5:DE01>として / 王子と結婚させられる。
1/S1011.DAT,0x47A54,12,high,1,e2_valid,0x86,5,10,10,1,そんなのは、ごめんだわ。
1/S1011.DAT,0x47AD2,26,high,1,e2_valid,0x87,6,24,24,1,・・ふ<N:っ:4:DD57><CTRL:E4>よ / 何も起こらなかつたじゃない。
1/S1011.DAT,0x47B3E,49,high,1,e2_valid,0x88,7,47,47,1,よくぞ シオンの炎を消した！ / 3000年もの長きにわたり / われを封じ込めし炎を・・。
1/S1011.DAT,0x47BB2,5,high,1,e2_valid,0x89,8,3,3,1,・・？
1/S1013.DAT,0x478EA,36,high,1,e2_valid,0x81,0,34,34,1,・・すベては / このシオンの炎を消した / あの時から始まつた。
1/S1013.DAT,0x47948,34,high,1,e2_valid,0x82,1,32,32,1,だから この炎を / もう一度消すと / 終わつてしまう気がする。
1/S1013.DAT,0x479AC,10,high,1,e2_valid,0x83,2,8,8,1,<CTRL:E4>よククル・・。
1/S1013.DAT,0x47A1C,14,high,1,e2_valid,0x84,3,12,12,1,<CTRL:E4>よ<N:離:3:DE88>れたくない・・。
1/S1013.DAT,0x47A90,8,high,1,e2_valid,0x85,4,6,6,1,ククル、頼む。
1/S1013.DAT,0x47B2E,45,high,1,e2_valid,0x86,5,43,43,1,アークデーモン / 今度こそ、<N:ｌ:5:5B>聖柩への封印を / 解く気のようだな / 勇者よ！
1/S1013.DAT,0x47B8E,55,high,1,e2_valid,0x87,6,53,53,1,アークデーモン / 貴様を俺の手で殺すこによつて / 俺は初めて3000年の呪いから / 解放される。
1/S1013.DAT,0x47BF8,34,high,1,e2_valid,0x88,7,32,32,1,アークデーモン / <N:ｌ:5:5B>聖柩へはサルバシオの滝に / 置いてある。
1/S1013.DAT,0x47C4C,28,high,1,e2_valid,0x89,8,26,26,1,アークデーモン / 貴様とは そこで決着をつけよう。
1/S1021.DAT,0x4785C,26,high,1,e2_valid,0x81,0,24,24,1,ア<N:｣:11:65>テムがあります。 / <N:ｌ:5:5B>薬草へをみつけました。
1/S1021.DAT,0x478AC,18,high,1,e2_valid,0x82,1,16,16,1,ここにあつたものはもうひろいました。
1/S1021.DAT,0x47914,23,high,1,e2_valid,0x83,2,21,21,1,ア<N:｣:11:65>テムがあります。 / <N:ｌ:5:5B>石へをみつけました。
1/S1021.DAT,0x47962,19,high,1,e2_valid,0x84,3,17,17,1,ここにあつた<N:ｌ:5:5B>石へはもうひろいました。
1/S1021.DAT,0x479AA,37,high,1,e2_valid,0x85,4,35,35,1,これをぶつければ、 / 少しくらいの敵だつたら / 倒せるかもしれないな。
1/S1021.DAT,0x47A26,11,high,1,e2_valid,0x86,5,9,9,1,アークの母 / あ！
1/S1021.DAT,0x47A82,30,high,1,e2_valid,0x87,6,28,28,1,ア<N:｣:11:65>テムがあります。 / <N:ｌ:5:5B>魔法のカートへをみつけました。
1/S1021.DAT,0x47AD6,42,high,1,e2_valid,0x88,7,40,40,1,アークの母 / それをもつていつても、 / 何もいいことはないかも / しれないわよ。
1/S1021.DAT,0x47B34,24,high,1,e2_valid,0x89,8,22,22,1,そんなことないだろ。<CTRL:E4>つ / じゃ、もつていくよ。
1/S1021.DAT,0x47B7E,38,high,1,e2_valid,0x8A,9,36,36,1,アークの母 / せつかくあげたんだから、 / ちゃんとそうびしてつかうのよ。
1/S1021.DAT,0x47BD8,6,high,1,e2_valid,0x8B,10,4,4,1,わかつたよ。
1/S1021.DAT,0x47C38,20,high,1,e2_valid,0x8C,11,18,18,1,父のかたみのよろいと剣をみつけました。
1/S1021.DAT,0x47CDE,38,high,1,e2_valid,0x8D,12,36,36,1,アークの母 / お父さんのよろいと剣はおくの部屋の / はこの中よ。
1/S1021.DAT,0x47D46,18,high,1,e2_valid,0x8E,13,16,16,1,母さん、心配しないで・・。
1/S1021.DAT,0x47D8A,36,high,1,e2_valid,0x8F,14,34,34,1,アークの母 / ・・・アーク<CTRL:E4>よ / これをもつていきなさい。<CTRL:E4>よ
1/S1021.DAT,0x47DE4,21,high,1,e2_valid,0x90,15,19,19,1,<N:ｌ:5:5B>カ<N:｣:11:65><N:ザ:8:DDC8>ー<N:ク:12:80>ローフへをもらいました。
1/S1021.DAT,0x47E30,19,high,1,e2_valid,0x91,16,17,17,1,<N:ｌ:5:5B>復活の薬へをもらいました。
1/S1021.DAT,0x47E7A,19,high,1,e2_valid,0x92,17,17,17,1,<N:ｌ:5:5B>回復果物へをもらいました。
1/S1021.DAT,0x47EC8,14,high,1,e2_valid,0x93,18,12,12,1,<N:ｌ:5:5B>聖水へをもらいました。
1/S1021.DAT,0x47F0E,21,high,1,e2_valid,0x94,19,19,19,1,アークの母 / アーク<CTRL:E4>4・<CTRL:E4>4・<CTRL:E4>4・
1/S1021.DAT,0x4807A,40,high,1,e2_valid,0x95,20,38,38,1,父さんのかたみのよろいと剣 / この中にあるのは / 分かつているんだけど。
1/S1021.DAT,0x480D6,18,high,1,e2_valid,0x96,21,16,16,1,カ<N:午:19:DDB6>が かかつてるなんて・・。
1/S1021.DAT,0x48148,5,high,1,e2_valid,0x97,22,3,3,1,・・！
1/S1021.DAT,0x48196,38,high,1,e2_valid,0x98,23,36,36,1,母さん<CTRL:E4><N:*:7:0B>、 / あの日も、今<N:夜:9:DE25>みたいにすごい / ふぶきだつたんだよね？
1/S1021.DAT,0x481F0,45,high,1,e2_valid,0x99,24,43,43,1,俺、今<N:夜:9:DE25> 山へ行けば / 父さんが母さんと俺をおいて / 消えたわけが分かる気がするんだ
1/S1021.DAT,0x48250,35,high,1,e2_valid,0x9A,25,33,33,1,アークの母 / あなたのお父さんはね、 / <CTRL:E4>つ死んだのよ・・。
1/S1021.DAT,0x482A8,45,high,1,e2_valid,0x9B,26,43,43,1,父さんが死んだなんてうそだろ？<CTRL:E4>よあの強かつた父さんが / かんたんに死ぬはすない。
1/S1021.DAT,0x48308,35,high,1,e2_valid,0x9C,27,33,33,1,アークの母 / 山にはきつと / 恐ろしいモンスターがいて・・。
1/S1021.DAT,0x48360,50,high,1,e2_valid,0x9D,28,48,48,1,もしも、父さんが / モンスターに殺されたのなら / ・・俺が父さんの敵（かたき）を討つてやる！
1/S1021.DAT,0x483C6,32,high,1,e2_valid,0x9E,29,30,30,1,母さん・・ / 俺、自分自身の目で / 確かめたいんだよ。
1/S1021.DAT,0x48420,17,high,1,e2_valid,0x9F,30,15,15,1,アークの母 / アーク・・。
1/S1021.DAT,0x48496,9,high,1,e2_valid,0xA0,31,7,7,1,母さん・・。
1/S1021.DAT,0x48512,42,high,1,e2_valid,0xA1,32,40,40,1,アークの母 / あの人が旅にでて10年 / あの人の言葉通りになつてしまつた。
1/S1021.DAT,0x485E8,33,high,1,e2_valid,0xA2,33,31,31,1,アークの母 / あなた・・<CTRL:E4>4 / どうしても行つてしまうの。
1/S1021.DAT,0x4863C,43,high,1,e2_valid,0xA3,34,41,41,1,アークの父 / 分かつてくれ、ポルタ。 / この世界の運命に / かかわることなのだ。
1/S1021.DAT,0x4869A,44,high,1,e2_valid,0xA4,35,42,42,1,アークの母 / なんであなたが・・。<CTRL:E4>よ / 私とアークはどうすればいいの・・？
1/S1021.DAT,0x486F8,36,high,1,e2_valid,0xA5,36,34,34,1,アークの父 / ・・すまない。 / だが私がやらなければ・・。
1/S1021.DAT,0x4874E,34,high,1,e2_valid,0xA6,37,32,32,1,アークの母 / いやです！ / 私はごくふつうの幸せがあれば・。
1/S1021.DAT,0x487A2,67,high,1,e2_valid,0xA7,38,65,65,1,アークの父 / 10年後の今日、封印（ふういん）が / 解かれ、再び山が荒れる・・。 / その時アークは山へ向かう。
1/S1021.DAT,0x48818,16,high,1,e2_valid,0xA8,39,14,14,1,アークの母 / 山が荒れる？
1/S1021.DAT,0x4885A,36,high,1,e2_valid,0xAA,40,34,34,1,アークの父 / 封印（ふういん）されていた / モンスターが現れる。
1/S1021.DAT,0x488B0,38,high,1,e2_valid,0xAB,41,36,36,1,アークの母 / そんな所へ あの子が・・。 / やめて下さい！何もかも！
1/S1021.DAT,0x48908,41,high,1,e2_valid,0xAC,42,39,39,1,アークの父 / ポルタ・・ / その日まで我が子を / <CTRL:E4>4アークをたのんだぞ！
1/S1021.DAT,0x48A4E,21,high,1,e2_valid,0xAD,43,19,19,1,父さんのかたみを / 身に付けなくちゃ。
1/S1021.DAT,0x48AC6,26,high,1,e2_valid,0xAE,44,24,24,1,父さんのかたみは、おくの / はこの中にあるはすだ。
1/S1021.DAT,0x48B14,41,high,1,e2_valid,0xAF,45,39,39,1,話しかけるときも、 / ア<N:｣:11:65>テムをさがすときも、 / 近づいてから<CTRL:E7>！をおすんだ。
1/S1021.DAT,0x48C34,22,high,1,e2_valid,0xB0,46,20,20,1,どうしても、自分の力で / やつてみたいんだ。
1/S1021.DAT,0x48C88,14,high,1,e2_valid,0xB1,47,12,12,1,母さんに、一言いわなきゃ。
1/S1021.DAT,0x48CF8,41,high,1,e2_valid,0xB2,48,39,39,1,話しかけるときも、 / ア<N:｣:11:65>テムをさがすときも、 / 近づいてから<CTRL:E7>！をおすんだ。
1/S1021.DAT,0x48DA6,28,high,1,e2_valid,0xB3,49,26,26,1,アークの母 / ヨシュア、アークを守つて・・。
1/S1022.DAT,0x4789A,15,high,1,e2_valid,0x81,0,13,13,1,それじゃ母さん、行くからね。
1/S1022.DAT,0x478DC,16,high,1,e2_valid,0x82,1,14,14,1,アークの母 / ・・・。
1/S1022.DAT,0x47940,24,high,1,e2_valid,0x83,2,22,22,1,アークの母 / おまえも、いつてしまうのかい？
1/S1022.DAT,0x479A2,47,high,1,e2_valid,0x84,3,45,45,1,そんな、大したこじゃないよ。 / 王様に呼ばれて / パ<N:リ:12:6F>ンシアの都に行くだけ / じゃないか。
1/S1022.DAT,0x47A06,28,high,1,e2_valid,0x85,4,26,26,1,兵士にとりたてられれば / 母さんにも楽してもらえる。
1/S1022.DAT,0x47A62,46,high,1,e2_valid,0x86,5,44,44,1,アークの母 / ・・体を大切にね。<CTRL:E4>よ / つらくなつたら / いつでも戻つておいで。
1/S1022.DAT,0x47ACA,36,high,1,e2_valid,0x87,6,34,34,1,アークの母 / ・・・アーク<CTRL:E4>よ / これをもつていきなさい。<CTRL:E4>よ
1/S1022.DAT,0x47B24,22,high,1,e2_valid,0x88,7,20,20,1,<N:ｌ:5:5B>しつ<G:DEB5:655>うのバンダナへをもらいました。
1/S1022.DAT,0x47B70,17,high,1,e2_valid,0x89,8,15,15,1,<N:ｌ:5:5B>復活の薬へをもらいました。
1/S1022.DAT,0x47BB8,12,high,1,e2_valid,0x8A,9,10,10,1,<N:ｌ:5:5B>聖水へをもらいました。
1/S1022.DAT,0x47C0E,20,high,1,e2_valid,0x8B,10,18,18,1,ああ / そんなに心配するなつて。
1/S1022.DAT,0x47C68,17,high,1,e2_valid,0x8C,11,15,15,1,アークの母 / アーク・・。
1/S1023.DAT,0x478BC,25,high,1,e2_valid,0x81,0,23,23,1,アークの母 / つかれたらいつでも戻つておいで。
1/S1023.DAT,0x4790C,14,high,1,e2_valid,0x82,1,12,12,1,<N:ｌ:5:5B>薬草へをもらいました。
1/S1023.DAT,0x47952,47,high,1,inline_changed,,,,,,アークの母 / 父さんの置き手紙があるけどよむかい？ / <CTRL:E5>”ベつにいい。 / <CTRL:E5>”よむ。
1/S1023.DAT,0x479C0,22,high,1,e2_valid,0x83,2,20,20,1,アークの母 / 無理するんじゃないよ。
1/S1023.DAT,0x47A40,55,high,1,e2_valid,0x84,3,53,53,1,父の手紙 / おまえの旅の助けになればと思い / これを書いている。 / 命を大切に、戦いぬいてくれ。
1/S1023.DAT,0x47AB0,55,high,1,inline_changed,,,,,,<CTRL:E5>”強くなるためには / <CTRL:E5>”作戦をたてるには / <CTRL:E5>”敵からダメージを受けないためには1<CTRL:E5>”次の<N:へ:4:DDF7>ージ
1/S1023.DAT,0x47B30,40,high,1,inline_changed,,,,,,<CTRL:E5>”敵からダメージを受けないためには2<CTRL:E5>”うまく戦うには / <CTRL:E5>”よむのやめる。
1/S1023.DAT,0x47BA0,27,high,1,e2_valid,0x85,4,25,25,1,どこの国にも、いつ行つてもモンスターのいる場所がある。
1/S1023.DAT,0x47BEE,27,high,1,e2_valid,0x86,5,25,25,1,ここで何度も戦えば、 / どんどん強くなれるはすだ。
1/S1023.DAT,0x47C3C,61,high,1,e2_valid,0x87,6,59,59,1,この場所のモンスターはゲームが進んでも変わらないので、鍛えたい<N:リ:12:6F>ベルに / 合わせて場所を選ベばよいだろう。
1/S1023.DAT,0x47CB8,36,high,1,e2_valid,0x88,7,34,34,1,森や洞<N:窟:10:DF48>などでは、思わぬところから / 敵がきてやられるこがある。
1/S1023.DAT,0x47D0E,38,high,1,e2_valid,0x89,8,36,36,1,自分のターンの時に、<N:t:5:DF60><N:Β:7:DF03><N:卞:16:DDA1>タンを同時におしてフリーカーソルにして、
1/S1023.DAT,0x47D66,37,high,1,e2_valid,0x8A,9,35,35,1,これを使つて、モンスターの場所、マッ<N:フ:11:DD55>をよく見て作戦を立てるのだ。
1/S1023.DAT,0x47DCA,35,high,1,e2_valid,0x8B,10,33,33,1,敵に攻撃した場合に、反撃をされ、 / ダメージを受けることがある。
1/S1023.DAT,0x47E20,38,high,1,e2_valid,0x8C,11,36,36,1,これを避けるためには、 / 敵の後ろかよこに / 回り込んで攻撃することだ。
1/S1023.DAT,0x47E78,48,high,1,e2_valid,0x8D,12,46,46,1,逆に、自分が攻撃される時になるベく、 / 正面からになるようにすると / 敵に反撃しやすい。
1/S1023.DAT,0x47EDA,25,high,1,e2_valid,0x8E,13,23,23,1,戦いは、小さなこのつみかさねが / 大切なのだ。
1/S1023.DAT,0x47F32,39,high,1,e2_valid,0x8F,14,37,37,1,魔法攻撃とア<N:｣:11:65>テムを投げつける攻撃は、絶対に敵の反撃を受けない。
1/S1023.DAT,0x47F8C,33,high,1,e2_valid,0x90,15,31,31,1,ただし、敵にダメージを<N:与:3:DD3F>えられる / ア<N:｣:11:65>テムはかぎられている。
1/S1023.DAT,0x47FE0,23,high,1,e2_valid,0x91,16,21,21,1,とりあえすは、石を投げつけるのがいいだろう。
1/S1023.DAT,0x48036,51,high,1,e2_valid,0x92,17,49,49,1,分れつするモンスターは、 / <N:Π:10:DDFA><N:Ｐ:10:DD90>が半分になるが、倒した時にもらえる経験値は変わらない。
1/S1023.DAT,0x4809C,16,high,1,e2_valid,0x93,18,14,14,1,これを利用するといいだろう。
1/S1023.DAT,0x48142,13,high,1,e2_valid,0x94,19,11,11,1,母さん、薬草くれよ。
1/S1023.DAT,0x48182,40,high,1,e2_valid,0x95,20,38,38,1,アークの母 / アーク、よく聞くのよ / うちにはもう薬草はないの・・。
1/S1023.DAT,0x481DC,25,high,1,e2_valid,0x96,21,23,23,1,アークの母 / 自分の力で何とかしてちょうだい。
1/S1023.DAT,0x48232,5,high,1,e2_valid,0x97,22,3,3,1,・・・・・
1/S1023.DAT,0x48306,28,high,1,e2_valid,0x98,23,26,26,1,アークの母 / 母さん、あなたにはまけたわ・・。
1/S1023.DAT,0x48358,16,high,1,e2_valid,0x99,24,14,14,1,<N:ｌ:5:5B>ちからの実へをもらいました。
1/S1023.DAT,0x4839E,15,high,1,e2_valid,0x9A,25,13,13,1,<N:ｌ:5:5B>パロの実へをもらいました。
1/S1023.DAT,0x483E4,19,high,1,e2_valid,0x9B,26,17,17,1,<N:ｌ:5:5B>いのちの木の実へをもらいました。
1/S1023.DAT,0x484C6,25,high,1,e2_valid,0x9C,27,23,23,1,アークの母 / もう、何も無いのよ・・・
1/S1023.DAT,0x4853C,31,high,1,e2_valid,0x9D,28,29,29,1,アークの母 / （むかしはあんな子じゃなかつたのに・・）
1/S1031.DAT,0x4782A,5,medium,1,original,,,,,,る<CTRL:00>の<CTRL:00><N:X:20:06>
1/S1032.DAT,0x4782E,5,medium,0,original,,,,,,る<CTRL:00>し<CTRL:00><N:X:20:06>
1/S1041.DAT,0x4782E,5,medium,1,original,,,,,,る<CTRL:00>し<CTRL:00><N:X:20:06>
1/S1041.DAT,0x4794A,7,high,1,e2_valid,0x81,0,5,5,1,・・！
1/S1041.DAT,0x479BA,36,high,1,e2_valid,0x82,1,34,34,1,アークデーモン / おまえが封印（ふういん）を / 解いた勇者か？
1/S1041.DAT,0x47A12,18,high,1,e2_valid,0x83,2,16,16,1,・・父さんを殺したヤツだな！
1/S1041.DAT,0x47A56,53,high,1,e2_valid,0x84,3,51,51,1,アークデーモン / 何のこだかわからんな。 / 俺は封印（ふういん）を解いた / 勇者を殺し・・
1/S1041.DAT,0x47ABE,34,high,1,e2_valid,0x85,4,32,32,1,アークデーモン / 3000年の呪（のろ）いを / たち切るのだ！
1/S1041.DAT,0x47B12,19,high,1,e2_valid,0x86,5,17,17,1,アークデーモン / かくごするがいい！
1/S1041.DAT,0x47BB8,49,high,1,e2_valid,0x87,6,47,47,1,アークデーモン / 違う！こんなヤツじゃない！ / どこにいる？ / 俺を呼びさましたヤツは！
1/S1041.DAT,0x47C86,23,high,1,e2_valid,0x88,7,21,21,1,こんなところで / 死んでしまうのか・・。
1/S1041.DAT,0x47CD2,10,high,1,e2_valid,0x89,8,8,8,1,ちくしょう・・。
1/S1041.DAT,0x47DD2,6,high,1,e2_valid,0x8A,9,4,4,1,な、なんだ？
1/S1041.DAT,0x47E22,11,high,1,e2_valid,0x8B,10,9,9,1,力がみなぎつてくる！
1/S1041.DAT,0x47E68,7,high,1,e2_valid,0x8C,11,5,5,1,立ちなさい。
1/S1041.DAT,0x47EA4,3,high,1,e2_valid,0x8D,12,1,1,1,誰？
1/S1041.DAT,0x47EE2,26,high,1,e2_valid,0x8E,13,24,24,1,山の精霊 / 私はこの山の精霊（せいれい）・・。
1/S1041.DAT,0x47F2E,53,high,1,e2_valid,0x8F,14,51,51,1,山の精霊 / すつとここで<N:ｌ:5:5B>聖柩へ（せいひつ）を / 封印（ふういん）する / 炎を見守つて来ました。
1/S1041.DAT,0x47F9E,53,high,1,e2_valid,0x90,15,51,51,1,山の精霊 / 山頂へ向かいなさい。 / 山頂の社（やしろ）に炎をともすと / モンスターは消えます。
1/S1041.DAT,0x48008,21,high,1,e2_valid,0x91,16,19,19,1,わかつた。 / 火をつければ いいんだね？
1/S1041.DAT,0x48058,44,high,1,e2_valid,0x92,17,42,42,1,山の精霊 / ええ<CTRL:E4>よ / しかし、あなたはもう一度 / 炎を消しにくることになります。
1/S1041.DAT,0x480C0,3,high,1,e2_valid,0x93,18,1,1,1,なぜ？
1/S1041.DAT,0x480F6,23,high,1,e2_valid,0x94,19,21,21,1,山の精霊 / それが、あなたの運命なのです。
1/S1041.DAT,0x48142,4,high,1,e2_valid,0x95,20,2,2,1,運命？
1/S1041.DAT,0x48178,40,high,1,e2_valid,0x96,21,38,38,1,山の精霊 / 人類は滅亡（めつ<G:D2:209>う）に向かつて / <N:突:2:DE95>き進んでいます。
1/S1041.DAT,0x481D2,34,high,1,e2_valid,0x97,22,32,32,1,山の精霊 / あなたはそれを止める運命を / せおつているんです。
1/S1041.DAT,0x48226,32,high,1,e2_valid,0x98,23,30,30,1,山の精霊 / <N:ｌ:5:5B>聖柩への力を / 手に入れるこによつて・・。
1/S1041.DAT,0x4827A,7,high,1,e2_valid,0x99,24,5,5,1,人が滅びる？
1/S1041.DAT,0x482BC,55,high,1,e2_valid,0x9A,25,53,53,1,山の精霊 / あなたのお父さんが、われわれ精霊と / 約束をしました。<CTRL:E4>よ / 滅亡をくい止めるために。
1/S1041.DAT,0x48326,24,high,1,e2_valid,0x9B,26,22,22,1,山の精霊 / そして、あなたはやつてきたのです。
1/S1041.DAT,0x48378,38,high,1,e2_valid,0x9C,27,36,36,1,山の精霊 / 約束に従い、モンスターと戦う力を / あなたに<N:与:3:DD3F>えます。
1/S1041.DAT,0x483D2,28,high,1,e2_valid,0x9D,28,26,26,1,そんなこ言われたつて / 何のこだか分かんないよ・・。
1/S1041.DAT,0x48428,28,high,1,e2_valid,0x9E,29,26,26,1,山の精霊 / 今にきつと分かります。 / たのみましたよ。
1/S1041.DAT,0x48498,15,high,1,e2_valid,0x9F,30,13,13,1,アークは精霊の力を手に入れた。
1/S1041.DAT,0x485CC,225,medium,1,original,,,,,,<N:＄:1:05><CTRL:00><N:‐:2:0E><CTRL:00><N:７:11:18><CTRL:00><N:＄:1:05><CTRL:00> <CTRL:00>”<CTRL:00>’<CTRL:00>地<CTRL:FF>”<CTRL:00><N:X:20:06><CTRL:00>攻<CTRL:FF>”<CTRL:00><N:≠:16:04><CTRL:00><CTRL:FB><CTRL:FF>”<CTRL:00>”<CTRL:00>’<CTRL:00>”<CTRL:00><N:＄:1:05><CTRL:00><N:ﾉ:6:10><CTRL:00>”<CTRL:00><N:＆:4:07><CTRL:00>1<CTRL:00><N:‐:2:0E><CTRL:00><N:３:14:19><CTRL:00>”<CTRL:00>！<CTRL:00>大<CTRL:00><N:＄:1:05><CTRL:00> <CTRL:00><N:‐:2:0E><CTRL:00>”<CTRL:00><N:＄:1:05><CTRL:00><N:＄:1:05><CTRL:00><N:‐:2:0E><CTRL:00><N:ｃ:9:17><CTRL:00><N:＄:1:05><CTRL:00>！<CTRL:00><N:‐:2:0E><CTRL:00><N:７:11:18><CTRL:00><N:＄:1:05><CTRL:00> <CTRL:00>”<CTRL:00>（<CTRL:00>地<CTRL:FF>”<CTRL:00><N:＆:4:07><CTRL:00>攻<CTRL:FF>”<CTRL:00><N:≠:16:04><CTRL:00><CTRL:FB><CTRL:FF>”<CTRL:00>”<CTRL:00>’<CTRL:00>”<CTRL:00><N:＄:1:05><CTRL:00><N:ﾉ:6:10><CTRL:00>”<CTRL:00><N:＆:4:07><CTRL:00>1<CTRL:00><N:‐:2:0E><CTRL:00><N:３:14:19><CTRL:00>”<CTRL:00>！<CTRL:00>大<CTRL:00><N:＄:1:05><CTRL:00> <CTRL:00><N:‐:2:0E><CTRL:00>”<CTRL:00><N:＄:1:05><CTRL:00><N:＄:1:05><CTRL:00><N:‐:2:0E><CTRL:00><N:ｃ:9:17><CTRL:00><N:＄:1:05><CTRL:00>！<CTRL:00><N:‐:2:0E><CTRL:00><N:７:11:18><CTRL:00><N:＄:1:05><CTRL:00> <CTRL:00>”<CTRL:00>）<CTRL:00>地<CTRL:FF>”<CTRL:00>’<CTRL:00>攻<CTRL:FF>”<CTRL:00><N:＄:1:05><CTRL:00><CTRL:FB><CTRL:FF>”<CTRL:00>”<CTRL:00>’<CTRL:00>”<CTRL:00><N:＄:1:05><CTRL:00><N:ﾉ:6:10><CTRL:00>”<CTRL:00><N:＆:4:07><CTRL:00>1<CTRL:00><N:‐:2:0E><CTRL:00><N:３:14:19><CTRL:00>”<CTRL:00>！<CTRL:00>大<CTRL:00><N:＄:1:05><CTRL:00> <CTRL:00><N:‐:2:0E><CTRL:00>”<CTRL:00>”<CTRL:00>じ<CTRL:00><CTRL:F0><CTRL:FF><N:‐:2:0E><CTRL:00><N:≠:16:04><CTRL:00>（<CTRL:00>て
1/S1041.DAT,0x48600,173,medium,1,original,,,,,,！<CTRL:00>大<CTRL:00><N:＄:1:05><CTRL:00> <CTRL:00><N:‐:2:0E><CTRL:00>”<CTRL:00><N:＄:1:05><CTRL:00><N:＄:1:05><CTRL:00><N:‐:2:0E><CTRL:00><N:ｃ:9:17><CTRL:00><N:＄:1:05><CTRL:00>！<CTRL:00><N:‐:2:0E><CTRL:00><N:７:11:18><CTRL:00><N:＄:1:05><CTRL:00> <CTRL:00>”<CTRL:00>（<CTRL:00>地<CTRL:FF>”<CTRL:00><N:＆:4:07><CTRL:00>攻<CTRL:FF>”<CTRL:00><N:≠:16:04><CTRL:00><CTRL:FB><CTRL:FF>”<CTRL:00>”<CTRL:00>’<CTRL:00>”<CTRL:00><N:＄:1:05><CTRL:00><N:ﾉ:6:10><CTRL:00>”<CTRL:00><N:＆:4:07><CTRL:00>1<CTRL:00><N:‐:2:0E><CTRL:00><N:３:14:19><CTRL:00>”<CTRL:00>！<CTRL:00>大<CTRL:00><N:＄:1:05><CTRL:00> <CTRL:00><N:‐:2:0E><CTRL:00>”<CTRL:00><N:＄:1:05><CTRL:00><N:＄:1:05><CTRL:00><N:‐:2:0E><CTRL:00><N:ｃ:9:17><CTRL:00><N:＄:1:05><CTRL:00>！<CTRL:00><N:‐:2:0E><CTRL:00><N:７:11:18><CTRL:00><N:＄:1:05><CTRL:00> <CTRL:00>”<CTRL:00>）<CTRL:00>地<CTRL:FF>”<CTRL:00>’<CTRL:00>攻<CTRL:FF>”<CTRL:00><N:＄:1:05><CTRL:00><CTRL:FB><CTRL:FF>”<CTRL:00>”<CTRL:00>’<CTRL:00>”<CTRL:00><N:＄:1:05><CTRL:00><N:ﾉ:6:10><CTRL:00>”<CTRL:00><N:＆:4:07><CTRL:00>1<CTRL:00><N:‐:2:0E><CTRL:00><N:３:14:19><CTRL:00>”<CTRL:00>！<CTRL:00>大<CTRL:00><N:＄:1:05><CTRL:00> <CTRL:00><N:‐:2:0E><CTRL:00>”<CTRL:00>”<CTRL:00>じ<CTRL:00><CTRL:F0><CTRL:FF><N:‐:2:0E><CTRL:00><N:≠:16:04><CTRL:00>（<CTRL:00>て
1/S1041.DAT,0x48616,151,medium,1,original,,,,,,！<CTRL:00><N:‐:2:0E><CTRL:00><N:７:11:18><CTRL:00><N:＄:1:05><CTRL:00> <CTRL:00>”<CTRL:00>（<CTRL:00>地<CTRL:FF>”<CTRL:00><N:＆:4:07><CTRL:00>攻<CTRL:FF>”<CTRL:00><N:≠:16:04><CTRL:00><CTRL:FB><CTRL:FF>”<CTRL:00>”<CTRL:00>’<CTRL:00>”<CTRL:00><N:＄:1:05><CTRL:00><N:ﾉ:6:10><CTRL:00>”<CTRL:00><N:＆:4:07><CTRL:00>1<CTRL:00><N:‐:2:0E><CTRL:00><N:３:14:19><CTRL:00>”<CTRL:00>！<CTRL:00>大<CTRL:00><N:＄:1:05><CTRL:00> <CTRL:00><N:‐:2:0E><CTRL:00>”<CTRL:00><N:＄:1:05><CTRL:00><N:＄:1:05><CTRL:00><N:‐:2:0E><CTRL:00><N:ｃ:9:17><CTRL:00><N:＄:1:05><CTRL:00>！<CTRL:00><N:‐:2:0E><CTRL:00><N:７:11:18><CTRL:00><N:＄:1:05><CTRL:00> <CTRL:00>”<CTRL:00>）<CTRL:00>地<CTRL:FF>”<CTRL:00>’<CTRL:00>攻<CTRL:FF>”<CTRL:00><N:＄:1:05><CTRL:00><CTRL:FB><CTRL:FF>”<CTRL:00>”<CTRL:00>’<CTRL:00>”<CTRL:00><N:＄:1:05><CTRL:00><N:ﾉ:6:10><CTRL:00>”<CTRL:00><N:＆:4:07><CTRL:00>1<CTRL:00><N:‐:2:0E><CTRL:00><N:３:14:19><CTRL:00>”<CTRL:00>！<CTRL:00>大<CTRL:00><N:＄:1:05><CTRL:00> <CTRL:00><N:‐:2:0E><CTRL:00>”<CTRL:00>”<CTRL:00>じ<CTRL:00><CTRL:F0><CTRL:FF><N:‐:2:0E><CTRL:00><N:≠:16:04><CTRL:00>（<CTRL:00>て
1/S1041.DAT,0x4864A,99,medium,1,original,,,,,,！<CTRL:00>大<CTRL:00><N:＄:1:05><CTRL:00> <CTRL:00><N:‐:2:0E><CTRL:00>”<CTRL:00><N:＄:1:05><CTRL:00><N:＄:1:05><CTRL:00><N:‐:2:0E><CTRL:00><N:ｃ:9:17><CTRL:00><N:＄:1:05><CTRL:00>！<CTRL:00><N:‐:2:0E><CTRL:00><N:７:11:18><CTRL:00><N:＄:1:05><CTRL:00> <CTRL:00>”<CTRL:00>）<CTRL:00>地<CTRL:FF>”<CTRL:00>’<CTRL:00>攻<CTRL:FF>”<CTRL:00><N:＄:1:05><CTRL:00><CTRL:FB><CTRL:FF>”<CTRL:00>”<CTRL:00>’<CTRL:00>”<CTRL:00><N:＄:1:05><CTRL:00><N:ﾉ:6:10><CTRL:00>”<CTRL:00><N:＆:4:07><CTRL:00>1<CTRL:00><N:‐:2:0E><CTRL:00><N:３:14:19><CTRL:00>”<CTRL:00>！<CTRL:00>大<CTRL:00><N:＄:1:05><CTRL:00> <CTRL:00><N:‐:2:0E><CTRL:00>”<CTRL:00>”<CTRL:00>じ<CTRL:00><CTRL:F0><CTRL:FF><N:‐:2:0E><CTRL:00><N:≠:16:04><CTRL:00>（<CTRL:00>て
1/S1041.DAT,0x48660,77,medium,1,original,,,,,,！<CTRL:00><N:‐:2:0E><CTRL:00><N:７:11:18><CTRL:00><N:＄:1:05><CTRL:00> <CTRL:00>”<CTRL:00>）<CTRL:00>地<CTRL:FF>”<CTRL:00>’<CTRL:00>攻<CTRL:FF>”<CTRL:00><N:＄:1:05><CTRL:00><CTRL:FB><CTRL:FF>”<CTRL:00>”<CTRL:00>’<CTRL:00>”<CTRL:00><N:＄:1:05><CTRL:00><N:ﾉ:6:10><CTRL:00>”<CTRL:00><N:＆:4:07><CTRL:00>1<CTRL:00><N:‐:2:0E><CTRL:00><N:３:14:19><CTRL:00>”<CTRL:00>！<CTRL:00>大<CTRL:00><N:＄:1:05><CTRL:00> <CTRL:00><N:‐:2:0E><CTRL:00>”<CTRL:00>”<CTRL:00>じ<CTRL:00><CTRL:F0><CTRL:FF><N:‐:2:0E><CTRL:00><N:≠:16:04><CTRL:00>（<CTRL:00>て
1/S1041.DAT,0x48694,25,medium,1,original,,,,,,！<CTRL:00>大<CTRL:00><N:＄:1:05><CTRL:00> <CTRL:00><N:‐:2:0E><CTRL:00>”<CTRL:00>”<CTRL:00>じ<CTRL:00><CTRL:F0><CTRL:FF><N:‐:2:0E><CTRL:00><N:≠:16:04><CTRL:00>（<CTRL:00>て
1/S1051.DAT,0x479F8,49,medium,1,original,,,,,,<CTRL:00><N:ъ:14:1A><CTRL:00>し<CTRL:00>す<CTRL:00><N:．:2:0F><CTRL:00>う<CTRL:00> <CTRL:00>ん<CTRL:00><N:ｃ:12:16><CTRL:00>は<CTRL:00>3 に<CTRL:00>す<CTRL:00><N:ﾉ:6:10><CTRL:00>う<CTRL:00> <CTRL:00>ん<CTRL:00><N:ｃ:9:17><CTRL:00>は<CTRL:00>3 に<CTRL:00> <CTRL:00>ー か<CTRL:00>
1/S1051.DAT,0x47A1C,13,medium,1,original,,,,,,は<CTRL:00>3 に<CTRL:00> <CTRL:00>ー か<CTRL:00>
1/S1051.DAT,0x47BF4,49,medium,1,original,,,,,,<CTRL:00><N:ъ:14:1A><CTRL:00>し<CTRL:00>す<CTRL:00><N:．:2:0F><CTRL:00>う<CTRL:00> <CTRL:00>ん<CTRL:00><N:ｃ:12:16><CTRL:00>は<CTRL:00>1！に<CTRL:00>す<CTRL:00><N:ﾉ:6:10><CTRL:00>う<CTRL:00> <CTRL:00>ん<CTRL:00><N:ｃ:9:17><CTRL:00>は<CTRL:00>1！に<CTRL:00> <CTRL:00>を！か<CTRL:00>
1/S1051.DAT,0x47C18,13,medium,1,original,,,,,,は<CTRL:00>1！に<CTRL:00> <CTRL:00>を！か<CTRL:00>
1/S1051.DAT,0x47E18,21,medium,1,original,,,,,,<CTRL:00><N:ъ:14:1A><CTRL:00>し<CTRL:00>す<CTRL:00><N:*:7:0B><CTRL:00><N:ｃ:9:17><CTRL:00>す<CTRL:00>”<CTRL:00>う<CTRL:00> <CTRL:00>ま
1/S1051.DAT,0x47E24,9,medium,1,original,,,,,,す<CTRL:00>”<CTRL:00>う<CTRL:00> <CTRL:00>ま
1/S1051.DAT,0x48090,21,medium,1,original,,,,,,<CTRL:00><N:ъ:14:1A><CTRL:00>し<CTRL:00>す<CTRL:00><N:*:7:0B><CTRL:00><N:ｃ:9:17><CTRL:00>す<CTRL:00>”<CTRL:00>う<CTRL:00> <CTRL:00>ま
1/S1051.DAT,0x4809C,9,medium,1,original,,,,,,す<CTRL:00>”<CTRL:00>う<CTRL:00> <CTRL:00>ま
1/S1051.DAT,0x482A8,21,medium,1,original,,,,,,<CTRL:00><N:ъ:14:1A><CTRL:00>し<CTRL:00>す<CTRL:00><N:*:7:0B><CTRL:00><N:ｃ:9:17><CTRL:00>す<CTRL:00>”<CTRL:00>う<CTRL:00> <CTRL:00>ま
1/S1051.DAT,0x482B4,9,medium,1,original,,,,,,す<CTRL:00>”<CTRL:00>う<CTRL:00> <CTRL:00>ま
1/S1051.DAT,0x48498,21,medium,1,original,,,,,,<CTRL:00><N:ъ:14:1A><CTRL:00>し<CTRL:00>す<CTRL:00><N:*:7:0B><CTRL:00><N:ｃ:9:17><CTRL:00>す<CTRL:00>”<CTRL:00>う<CTRL:00> <CTRL:00>ま
1/S1051.DAT,0x484A4,9,medium,1,original,,,,,,す<CTRL:00>”<CTRL:00>う<CTRL:00> <CTRL:00>ま
1/S1051.DAT,0x48598,7,medium,1,original,,,,,,<CTRL:00><N:ъ:14:1A><CTRL:00>し<CTRL:00>
1/S1051.DAT,0x488F6,9,medium,1,original,,,,,,す<CTRL:00>”<CTRL:00>う<CTRL:00> <CTRL:00>ま
1/S1051.DAT,0x489AA,9,medium,1,original,,,,,,す<CTRL:00>”<CTRL:00>う<CTRL:00> <CTRL:00>ま
1/S1051.DAT,0x48AD8,9,medium,1,original,,,,,,す<CTRL:00>”<CTRL:00>う<CTRL:00> <CTRL:00>ま
1/S1051.DAT,0x48CEC,9,medium,1,original,,,,,,す<CTRL:00>”<CTRL:00>う<CTRL:00> <CTRL:00>ま
1/S1051.DAT,0x48D8C,9,medium,1,original,,,,,,す<CTRL:00>”<CTRL:00>う<CTRL:00> <CTRL:00>ま
1/S1051.DAT,0x48E02,9,medium,1,original,,,,,,す<CTRL:00>”<CTRL:00>う<CTRL:00> <CTRL:00>ま
1/S1051.DAT,0x48EFE,9,medium,1,original,,,,,,す<CTRL:00>”<CTRL:00>う<CTRL:00> <CTRL:00>ま
1/S1051.DAT,0x4922A,9,medium,1,original,,,,,,す<CTRL:00>”<CTRL:00>う<CTRL:00> <CTRL:00>ま
1/S1061.DAT,0x478A4,10,high,1,e2_valid,0x81,0,8,8,1,もう、ここでいいよ。
1/S1061.DAT,0x47904,45,high,1,e2_valid,0x82,1,43,43,1,私ね / あの後、一族のおきてとされてる古文書（こもんじょ）を / よんでみたの。
1/S1061.DAT,0x47966,17,high,1,e2_valid,0x83,2,15,15,1,それに書かれていたのはね・・
1/S1061.DAT,0x479AA,54,high,1,e2_valid,0x84,3,52,52,1,スメリアは /   和の力をもつて働く国。 / ワ<N:｣:11:65>ト家は和するための /   <N:糸:2:DE70>をつむぎおる家。
1/S1061.DAT,0x47A12,59,high,1,e2_valid,0x85,4,57,57,1,ワ<N:｣:11:65>ト家の<N:娘:5:DE01>は /   強きささえとなるよこ<N:糸:2:DE70>。 / 世落ちる時、 /   火の<G:D2:209>るいきおいのたて<N:糸:2:DE70>現れ、
1/S1061.DAT,0x47A80,23,high,1,e2_valid,0x86,5,21,21,1,これにつかえ /   この世を正しきにみちびく。
1/S1061.DAT,0x47ACC,45,high,1,e2_valid,0x87,6,43,43,1,つまり、世が終わりかけた時に / 現れる勇者を助けて / はたらくつてことだと思うの。
1/S1061.DAT,0x47B40,12,high,1,e2_valid,0x88,7,10,10,1,何だか、すごい話でしょ。
1/S1061.DAT,0x47B94,40,high,1,e2_valid,0x89,8,38,38,1,そう言えば、あの<N:夜:9:DE25>会つた精霊も人が滅びるとか / 俺の運命とか言つてたけど、
1/S1061.DAT,0x47BF0,25,high,1,e2_valid,0x8A,9,23,23,1,・・そんなこより、俺 / 父さんに会いたいんだ。
1/S1061.DAT,0x47C3E,43,high,1,e2_valid,0x8B,10,41,41,1,とにかく俺は村を出て行く。 / パ<N:リ:12:6F>ンシア城に行けば / 何か分かるかもしれない。
1/S1061.DAT,0x47CC0,15,high,1,e2_valid,0x8C,11,13,13,1,・・アーク、あたし・・
1/S1061.DAT,0x47D04,19,high,1,e2_valid,0x8D,12,17,17,1,あなたのあとを / 追いかけていくわ。
1/S1061.DAT,0x47D52,8,high,1,e2_valid,0x8E,13,6,6,1,ククル・・。
1/S1061.DAT,0x47DA0,24,high,1,e2_valid,0x8F,14,22,22,1,別に好きだからとか / そういうんじゃないの。
1/S1061.DAT,0x47DEC,36,high,1,e2_valid,0x90,15,34,34,1,私には分かる。<CTRL:E4>4 / あなたはたて<N:糸:2:DE70>で<CTRL:E4>4 / 私のしたがう道なのよ。
1/S1061.DAT,0x47E44,3,high,1,e2_valid,0x91,16,1,1,1,道？
1/S1061.DAT,0x47E7C,6,high,1,e2_valid,0x92,17,4,4,1,そう、道。
1/S1061.DAT,0x47EB6,23,high,1,e2_valid,0x93,18,21,21,1,あなたが進んでいく時 / そこに道が出来る。
1/S1061.DAT,0x47F02,31,high,1,e2_valid,0x94,19,29,29,1,それがどこに続いているのか、 / 私には分からないけど・・
1/S1061.DAT,0x47F56,24,high,1,e2_valid,0x95,20,22,22,1,私はその道を / <N:歩:6:DEBD>いていくような気がするの。
1/S1061.DAT,0x47FA2,41,high,1,e2_valid,0x96,21,39,39,1,古文書には、一族に伝わる / 不思<N:犠:18:DDF4>な力についても / 書いてあつた。
1/S1061.DAT,0x48000,43,high,1,e2_valid,0x97,22,41,41,1,今は一緒には行けないけど / かならす その力を手に入れて / あなたを追いかけるわ。
1/S1061.DAT,0x48076,24,high,1,e2_valid,0x98,23,22,22,1,・・わかつた。<CTRL:E4>よ / じゃ行くから・・。
1/S1061.DAT,0x480C8,10,high,1,e2_valid,0x99,24,8,8,1,アーク、元気でね。
1/S1071.DAT,0x478D6,39,high,1,e2_valid,0x81,0,37,37,1,村長 / さあ、この門から先は / おまえ達ワ<N:｣:11:65>ト家の者しか入れない。
1/S1071.DAT,0x47932,41,high,1,e2_valid,0x82,1,39,39,1,約束どおり、 / この村から出してくれるの？ / 本当に自由にしてくれるの？
1/S1071.DAT,0x4798E,55,high,1,e2_valid,0x83,2,53,53,1,村長 / ああ本当だとも。 / でもその前に、シオン山の山頂にある / 封印（ふういん）の炎を・・。
1/S1071.DAT,0x479FA,6,high,1,e2_valid,0x84,3,4,4,1,分かつてる。
1/S1071.DAT,0x47A4A,13,medium,1,original,,,,,,0<CTRL:00><N:X:20:06><CTRL:00>今<CTRL:00><N:＆:4:07><CTRL:00>！<CTRL:00>ジ て
1/S1071.DAT,0x47AFA,5,medium,1,original,,,,,,<CTRL:FE><CTRL:FF>（<CTRL:00><N:ﾉ:6:10>
1/S1071.DAT,0x47B0C,7,medium,1,original,,,,,,”<CTRL:00><N:３:14:19><CTRL:00>”<CTRL:00><N:ﾉ:6:10>
1/S1071.DAT,0x47B20,7,medium,1,original,,,,,,”<CTRL:00><N:３:14:19><CTRL:00>！<CTRL:00><N:ﾉ:6:10>
1/S1071.DAT,0x47B3A,3,medium,1,original,,,,,,”<CTRL:00>3
1/S1072.DAT,0x478CC,51,high,1,e2_valid,0x81,0,49,49,1,村長 / 神の血を引く一族しか入れない / 結界（けつかい）に守られた / シオン山の炎も
1/S1072.DAT,0x47932,30,high,1,e2_valid,0x82,1,28,28,1,村長 / じゃじゃ馬<N:娘:5:DE01>のおかげで / ついに消えるか。
1/S1072.DAT,0x47996,23,high,1,e2_valid,0x83,2,21,21,1,村長 / もどつて来たようだな・・。<CTRL:E4>ご
1/S1072.DAT,0x479F4,18,high,1,e2_valid,0x84,3,16,16,1,村長 / おお、待ちかねたぞ。<CTRL:E4><N:ｌ:5:5B>
1/S1072.DAT,0x47A30,5,high,1,e2_valid,0x85,4,3,3,1,・・。
1/S1072.DAT,0x47A68,11,high,1,e2_valid,0x86,5,9,9,1,村長 / どうした？
1/S1072.DAT,0x47AA8,52,high,1,e2_valid,0x87,6,50,50,1,声が・・ / とても恐ろしい声がした。 / きつと、よくないこが / 起きる気がする・・。
1/S1072.DAT,0x47B0E,35,high,1,e2_valid,0x88,7,33,33,1,村長 / ククルも意外とおくびょうだな。<CTRL:E4>よ / さっ、帰ろう。
1/S1072.DAT,0x47B94,54,high,1,e2_valid,0x89,8,52,52,1,村長 / フフフ・・うまくいつた。<CTRL:E4>よ / アンデル大臣にたつ<G:DEB5:655>りと / ほうびをもらわねば・・。
1/S1072.DAT,0x47C24,55,high,1,e2_valid,0x8A,9,53,53,1,その<N:夜:9:DE25>、シオン山は /     10年ぶりのふぶきにみまわれた<CTRL:E4>よ<CTRL:E4>よ<CTRL:E4>よ<CTRL:E4>よ<CTRL:E4>よ<CTRL:E4>よ
21/S2011.DAT,0x4791A,17,high,1,e2_valid,0x81,0,15,15,1,これが、パ<N:リ:12:6F>ンシア城か・・。
21/S2011.DAT,0x47AAA,15,high,1,e2_valid,0x82,1,13,13,1,何だ？ 戦争が始まるのか？
21/S2011.DAT,0x47AF6,16,high,1,e2_valid,0x83,2,14,14,1,おーい！<CTRL:E4>よ / 待つてくれよー！
21/S2011.DAT,0x47BAC,44,high,1,e2_valid,0x84,3,42,42,1,兵士 / パ<N:リ:12:6F>ンシア城に何の用だ小僧（こぞう）。ここは子供の遊び場ではないぞ！
21/S2011.DAT,0x47C0C,42,high,1,e2_valid,0x85,4,40,40,1,遊びに来たんじゃない。 / 俺はトウウ<N:ｲ:6:DD03>ルから来たアーク。王様に呼ばれたんだ。
21/S2011.DAT,0x47C68,37,high,1,e2_valid,0x86,5,35,35,1,兵士 / トウウ<N:ｲ:6:DD03>ルのアーク。 / こんな子供だつたのか・・。
21/S2011.DAT,0x47CC0,22,high,1,e2_valid,0x87,6,20,20,1,兵士 / 話は聞いている。 / 通つてよし。
21/S2012.DAT,0x478A6,21,high,1,e2_valid,0x81,0,19,19,1,兵士 / 王の命を果たしてから戻られよ。
21/S2012.DAT,0x478F0,4,high,1,e2_valid,0x82,1,2,2,1,・・
21/S2013.DAT,0x478C6,40,high,0,original,,,,,,兵士 / 王はお前に期待しておられる。 / 良い結果を持ち帰るのだぞ。
21/S2013.DAT,0x47922,3,high,0,original,,,,,,・・・
21/S2013.DAT,0x47A5E,19,high,0,original,,,,,,兵士 / 何だ、このヨッパラ<N:｣:11:65>は！？
21/S2013.DAT,0x47AAA,11,high,0,original,,,,,,なんだと、このやろう！
21/S2013.DAT,0x47AE8,15,high,0,original,,,,,,おれも中に入れろつてんだよ！
21/S2013.DAT,0x47B2A,22,high,0,original,,,,,,兵士 / うるさい！ / あつちにいつてろ！！
21/S2013.DAT,0x47B6A,21,medium,0,original,,,,,,おれは<CTRL:E4>よ<CTRL:E4>よ<CTRL:E4>よヤマモトだっ！！<CTRL:E4>よ<CTRL:E4>よ
21/S2013.DAT,0x47B9A,21,high,0,original,,,,,,兵士 / こら！ / やめろ、やめないか！！
21/S2013.DAT,0x47BDA,16,high,0,original,,,,,,兵士 / さつさとどけろ！！
21/S2013.DAT,0x47C00,19,high,0,original,,,,,,お、と・と・と・と<CTRL:E4>よ
21/S2013.DAT,0x47C34,9,high,0,original,,,,,,うげ<N:ぇ:2:C0>えええ<N:ぇ:2:C0>ええ
21/S2013.DAT,0x47C80,9,high,0,original,,,,,,どうしたんですか？
21/S2013.DAT,0x47CBC,28,high,0,original,,,,,,兵士 / ダウンタウンのヨッパラ<N:｣:11:65>があばれてるんだよ。
21/S2013.DAT,0x47D20,6,high,0,original,,,,,,大丈夫？
21/S2013.DAT,0x47D5E,14,high,0,original,,,,,,<N:ネ:13:DDC6>エちゃんかわいいの<N:ぉ:8:DD45>
21/S2013.DAT,0x47D9E,16,high,0,original,,,,,,わしと一緒にいつっいどうじゃ！
21/S2013.DAT,0x47E08,18,high,0,original,,,,,,きくの<N:ぉ:8:DD45> / よいがさめちまつたわい
21/S2013.DAT,0x47E4C,28,high,0,original,,,,,,<N:ネ:13:DDC6>エちゃん / あんた、トッシュといい勝負ができるな
21/S2013.DAT,0x47E9A,25,high,0,original,,,,,,ダウンタウンに来ることがあつたら / あわせてやるぜ
21/S2013.DAT,0x47EE6,12,high,0,original,,,,,,さーて、うちに帰るか！
21/S2013.DAT,0x47F48,11,high,0,original,,,,,,大丈夫かしら・・・
21/S2014.DAT,0x478F8,8,high,0,original,,,,,,もどつてきたな。
21/S2014.DAT,0x47934,11,high,0,original,,,,,,ひさしぶりな気がする。
21/S2014.DAT,0x47974,10,high,0,original,,,,,,いろいろあつたしね。
21/S2014.DAT,0x47AC0,10,high,0,original,,,,,,なんだろう・・？
21/S2014.DAT,0x47AFE,28,high,0,original,,,,,,きつと罪人（<N:ざ:2:DD3D>いにん）だと / 思うんだけど・・。
21/S2014.DAT,0x47B4E,19,high,0,original,,,,,,罪人？ / きれいな目をしていたわよ。
21/S2014.DAT,0x47BA2,29,high,0,original,,,,,,兵士1 / アークか？ / 王との約束を果たしたのか？
21/S2014.DAT,0x47BF4,3,high,0,original,,,,,,ああ。
21/S2014.DAT,0x47C2C,8,high,0,original,,,,,,ところで今のは？
21/S2014.DAT,0x47C66,26,high,0,original,,,,,,兵士1 / あっ、あれはダウンタウンの用心棒。
21/S2014.DAT,0x47CB2,27,high,0,original,,,,,,兵士1 / えらくうでが立つヤツらしいが・・。
21/S2014.DAT,0x47D08,11,high,0,original,,,,,,何か悪いことしたの？
21/S2014.DAT,0x47D4C,50,high,0,original,,,,,,兵士1 / くわしくはしらんが / 大臣の発令したパ<N:リ:12:6F>ンシア改造計画に / たてついたらしい。
21/S2014.DAT,0x47DB2,14,high,0,original,,,,,,パ<N:リ:12:6F>ンシア改造計画？
21/S2014.DAT,0x47DF2,56,high,0,original,,,,,,兵士1 / パ<N:リ:12:6F>ンシアの安全のために住民を選び / 軍の許可なく出入りできないように / するらしい。
21/S2014.DAT,0x47E5C,36,high,0,original,,,,,,兵士1 / 追い出される住民が / 反対してるようだが・・。
21/S2014.DAT,0x47EB2,23,high,0,original,,,,,,兵士2 / こら、おしゃベりが過ぎるぞ！
21/S2014.DAT,0x47EFC,30,high,0,original,,,,,,兵士2 / アーク、王がお待ちかねだ。 / 早く行くがいい。
21/S2021.DAT,0x469EE,49,medium,1,original,,,,,,<CTRL:00><N:ъ:14:1A><CTRL:00>し<CTRL:00>す<CTRL:00><N:．:2:0F><CTRL:00>う<CTRL:00> <CTRL:00>ん<CTRL:00><N:ｃ:12:16><CTRL:00>は<CTRL:00><N:．:2:0F> に<CTRL:00>す<CTRL:00><N:ﾉ:6:10><CTRL:00>う<CTRL:00> <CTRL:00>ん<CTRL:00><N:ｃ:9:17><CTRL:00>は<CTRL:00><N:．:2:0F> に<CTRL:00> <CTRL:00>・ か<CTRL:00>
21/S2021.DAT,0x46A12,13,medium,1,original,,,,,,は<CTRL:00><N:．:2:0F> に<CTRL:00> <CTRL:00>・ か<CTRL:00>
21/S2021.DAT,0x46BEA,49,medium,1,original,,,,,,<CTRL:00><N:ъ:14:1A><CTRL:00>し<CTRL:00>す<CTRL:00><N:．:2:0F><CTRL:00>う<CTRL:00> <CTRL:00>ん<CTRL:00><N:ｃ:12:16><CTRL:00>は<CTRL:00>，！に<CTRL:00>す<CTRL:00><N:ﾉ:6:10><CTRL:00>う<CTRL:00> <CTRL:00>ん<CTRL:00><N:ｃ:9:17><CTRL:00>は<CTRL:00>，！に<CTRL:00> <CTRL:00>が！か<CTRL:00>
21/S2021.DAT,0x46C0E,13,medium,1,original,,,,,,は<CTRL:00>，！に<CTRL:00> <CTRL:00>が！か<CTRL:00>
21/S2021.DAT,0x46E0E,21,medium,1,original,,,,,,<CTRL:00><N:ъ:14:1A><CTRL:00>し<CTRL:00>す<CTRL:00><N:*:7:0B><CTRL:00><N:ｃ:9:17><CTRL:00>す<CTRL:00>”<CTRL:00>う<CTRL:00> <CTRL:00>ま
21/S2021.DAT,0x46E1A,9,medium,1,original,,,,,,す<CTRL:00>”<CTRL:00>う<CTRL:00> <CTRL:00>ま
21/S2021.DAT,0x47086,21,medium,1,original,,,,,,<CTRL:00><N:ъ:14:1A><CTRL:00>し<CTRL:00>す<CTRL:00><N:*:7:0B><CTRL:00><N:ｃ:9:17><CTRL:00>す<CTRL:00>”<CTRL:00>う<CTRL:00> <CTRL:00>ま
21/S2021.DAT,0x47092,9,medium,1,original,,,,,,す<CTRL:00>”<CTRL:00>う<CTRL:00> <CTRL:00>ま
21/S2021.DAT,0x4729E,21,medium,1,original,,,,,,<CTRL:00><N:ъ:14:1A><CTRL:00>し<CTRL:00>す<CTRL:00><N:*:7:0B><CTRL:00><N:ｃ:9:17><CTRL:00>す<CTRL:00>”<CTRL:00>う<CTRL:00> <CTRL:00>ま
21/S2021.DAT,0x472AA,9,medium,1,original,,,,,,す<CTRL:00>”<CTRL:00>う<CTRL:00> <CTRL:00>ま
21/S2021.DAT,0x4748E,21,medium,1,original,,,,,,<CTRL:00><N:ъ:14:1A><CTRL:00>し<CTRL:00>す<CTRL:00><N:*:7:0B><CTRL:00><N:ｃ:9:17><CTRL:00>す<CTRL:00>”<CTRL:00>う<CTRL:00> <CTRL:00>ま
21/S2021.DAT,0x4749A,9,medium,1,original,,,,,,す<CTRL:00>”<CTRL:00>う<CTRL:00> <CTRL:00>ま
21/S2021.DAT,0x4758E,7,medium,1,original,,,,,,<CTRL:00><N:ъ:14:1A><CTRL:00>し<CTRL:00>
21/S2021.DAT,0x478EC,9,medium,1,original,,,,,,す<CTRL:00>”<CTRL:00>う<CTRL:00> <CTRL:00>ま
21/S2021.DAT,0x479A0,9,medium,1,original,,,,,,す<CTRL:00>”<CTRL:00>う<CTRL:00> <CTRL:00>ま
21/S2021.DAT,0x47ACE,9,medium,1,original,,,,,,す<CTRL:00>”<CTRL:00>う<CTRL:00> <CTRL:00>ま
21/S2021.DAT,0x47CE2,9,medium,1,original,,,,,,す<CTRL:00>”<CTRL:00>う<CTRL:00> <CTRL:00>ま
21/S2021.DAT,0x47D82,9,medium,1,original,,,,,,す<CTRL:00>”<CTRL:00>う<CTRL:00> <CTRL:00>ま
21/S2021.DAT,0x47DF8,9,medium,1,original,,,,,,す<CTRL:00>”<CTRL:00>う<CTRL:00> <CTRL:00>ま
21/S2021.DAT,0x47EF4,9,medium,1,original,,,,,,す<CTRL:00>”<CTRL:00>う<CTRL:00> <CTRL:00>ま
21/S2021.DAT,0x48220,9,medium,1,original,,,,,,す<CTRL:00>”<CTRL:00>う<CTRL:00> <CTRL:00>ま
21/S2021.DAT,0x4857C,25,high,1,e2_valid,0x99,24,23,23,1,なんで、こんな<N:街:4:DE7D>の中に / モンスターがいるの？
21/S2021.DAT,0x4860E,27,high,1,e2_valid,0x9A,25,25,25,1,大変だ！ / 女の子がモンスターに / おそわれてる！
21/S2021.DAT,0x48666,4,high,1,e2_valid,0x9B,26,2,2,1,ククル！
21/S2021.DAT,0x486B0,12,high,1,e2_valid,0x9C,27,10,10,1,アーク、どうなつてるの？
21/S2021.DAT,0x486FC,46,high,1,e2_valid,0x9D,28,44,44,1,俺達が倒したモンスターが / 仕返しにやつてきたんだ。 / 今、助けるから待つてろ！
21/S2021.DAT,0x48830,11,high,1,e2_valid,0x9E,29,9,9,1,ククル、大丈夫か？
21/S2021.DAT,0x48870,17,high,1,e2_valid,0x9F,30,15,15,1,私だつて / りつっに戦えるでしょ？
21/S2021.DAT,0x488FE,8,high,1,e2_valid,0xA0,31,6,6,1,ククル・・。
21/S2021.DAT,0x4893A,47,high,1,e2_valid,0xA1,32,45,45,1,約束どおり、<CTRL:E4>よ力を手に入れて<CTRL:E4>つ / 来たんだけど<CTRL:E4>よ / 急に使いすぎたみたい。
21/S2021.DAT,0x4899E,23,high,1,e2_valid,0xA2,33,21,21,1,大丈夫、<CTRL:E4>よちょつと休めば・・。
21/S2021.DAT,0x489EA,7,high,1,e2_valid,0xA3,34,5,5,1,しゃベるな。
21/S2021.DAT,0x48A26,8,high,1,e2_valid,0xA4,35,6,6,1,休ませなきゃ。
21/S2022.DAT,0x47918,27,high,0,original,,,,,,最後の石がまさかこの城の地下にあるとはな・・。
21/S2022.DAT,0x47968,28,high,0,original,,,,,,王も知らないんでしょう。 / 私は大臣が<N:怪:2:DEF8>しいと思うな。
21/S2022.DAT,0x479B8,44,high,0,original,,,,,,誰が信用できるかわからない。 / まともに行つても<N:邪:1:DE36>魔される / だけだろうしな。
21/S2022.DAT,0x47A1E,28,high,0,original,,,,,,強行<N:突:2:DE95>破（きょうこうとつっ） / しかね<N:ぇ:2:C0>だろうが！
21/S2022.DAT,0x47A6E,21,high,0,original,,,,,,でもどこから石のある / 地下に行くんじゃ？
21/S2022.DAT,0x47AB8,36,high,0,original,,,,,,地下へ通じる道なら / 倉庫か<N:牢:2:DE21>屋しか / 考えられないなっ。
21/S2022.DAT,0x47B10,30,high,0,original,,,,,,そう言えば、前にモンスターが / いたのは地下倉庫だつた。
21/S2022.DAT,0x47B62,17,high,0,original,,,,,,よし、地下倉庫に行つてみよう！
21/S2022.DAT,0x47C3C,27,high,0,original,,,,,,兵士1 / アーク殿か。 / 王の任を終えたのか？
21/S2022.DAT,0x47C8C,19,high,0,original,,,,,,いや / そうじゃないんだけど・・。
21/S2022.DAT,0x47CE2,27,high,0,original,,,,,,ちょつとそのこで / 城の地下倉庫に行きたいんだ。
21/S2022.DAT,0x47D30,34,high,0,original,,,,,,兵士2 / それならアンデル様の / 許可をとればいいではないか。
21/S2022.DAT,0x47D86,23,high,0,original,,,,,,それができないから / 頼んでるのに・・。
21/S2022.DAT,0x47F2A,10,high,0,original,,,,,,手荒なこをしおる。
21/S2022.DAT,0x47F68,10,high,0,original,,,,,,もう後にはひけんな。
21/S2031.DAT,0x47932,23,high,1,e2_valid,0x81,0,21,21,1,大臣 / トウウ<N:ｲ:6:DD03>ルのアーク、入るがよい。
21/S2031.DAT,0x47B92,5,medium,1,original,,,,,,<CTRL:00>’2<CTRL:00><N:ｃ:9:17>
21/S2031.DAT,0x47B98,5,medium,1,original,,,,,,<CTRL:00>’1<CTRL:00>1
21/S2031.DAT,0x47BC2,5,medium,1,original,,,,,,<CTRL:00>）2<CTRL:00><N:３:14:19>
21/S2031.DAT,0x47BC8,79,medium,1,original,,,,,,<CTRL:00>）1<CTRL:00>3<CTRL:00><N:ク:12:80><N:*:7:0B>2<CTRL:00>3<CTRL:00><N:ク:12:80><N:*:7:0B>1<CTRL:00><N:ъ:14:1A><CTRL:00><N:ク:12:80><N:*:7:0B>2<CTRL:00><N:ъ:14:1A><CTRL:00><N:ク:12:80><N:*:7:0B><N:*:7:0B><CTRL:00><CTRL:FF><CTRL:FF><N:ﾉ:6:10><CTRL:00><N:３:14:19><CTRL:00><CTRL:F7><CTRL:FF>う<CTRL:00><N:＆:4:07><CTRL:00><CTRL:FF><CTRL:FF><N:ﾉ:6:10><CTRL:00>4<CTRL:00>！！<N:＆:4:07><CTRL:00><CTRL:FF><CTRL:FF><N:ｃ:12:16><CTRL:00><N:ъ:14:1A><CTRL:00><N:＆:4:07>！う<CTRL:00><N:‐:2:0E><CTRL:00>（<CTRL:00><N:‐:2:0E><CTRL:00>）<CTRL:00>（<CTRL:00><N:‐:2:0E><CTRL:00>（<CTRL:00><N:‐:2:0E><CTRL:00>）<CTRL:00>（
21/S2031.DAT,0x47BEA,45,medium,1,original,,,,,,<CTRL:F7><CTRL:FF>う<CTRL:00><N:＆:4:07><CTRL:00><CTRL:FF><CTRL:FF><N:ﾉ:6:10><CTRL:00>4<CTRL:00>！！<N:＆:4:07><CTRL:00><CTRL:FF><CTRL:FF><N:ｃ:12:16><CTRL:00><N:ъ:14:1A><CTRL:00><N:＆:4:07>！う<CTRL:00><N:‐:2:0E><CTRL:00>（<CTRL:00><N:‐:2:0E><CTRL:00>）<CTRL:00>（<CTRL:00><N:‐:2:0E><CTRL:00>（<CTRL:00><N:‐:2:0E><CTRL:00>）<CTRL:00>（
21/S2032.DAT,0x47B6E,5,medium,0,original,,,,,,<CTRL:00>’2<CTRL:00><N:ｃ:9:17>
21/S2032.DAT,0x47B74,5,medium,0,original,,,,,,<CTRL:00>’1<CTRL:00>1
21/S2032.DAT,0x47B9E,5,medium,0,original,,,,,,<CTRL:00>）2<CTRL:00><N:３:14:19>
21/S2032.DAT,0x47BA4,79,medium,0,original,,,,,,<CTRL:00>）1<CTRL:00>3<CTRL:00><N:ク:12:80><N:*:7:0B>2<CTRL:00>3<CTRL:00><N:ク:12:80><N:*:7:0B>1<CTRL:00><N:ъ:14:1A><CTRL:00><N:ク:12:80><N:*:7:0B>2<CTRL:00><N:ъ:14:1A><CTRL:00><N:ク:12:80><N:*:7:0B><N:*:7:0B><CTRL:00><CTRL:FF><CTRL:FF><N:ﾉ:6:10><CTRL:00><N:３:14:19><CTRL:00><CTRL:F7><CTRL:FF>う<CTRL:00><N:＆:4:07><CTRL:00><CTRL:FF><CTRL:FF><N:ﾉ:6:10><CTRL:00>4<CTRL:00><CTRL:F0> <N:＆:4:07><CTRL:00><CTRL:FF><CTRL:FF><N:ｃ:12:16><CTRL:00><N:ъ:14:1A><CTRL:00><CTRL:F5> う<CTRL:00><N:‐:2:0E><CTRL:00>（<CTRL:00><N:‐:2:0E><CTRL:00>）<CTRL:00>（<CTRL:00><N:‐:2:0E><CTRL:00>（<CTRL:00><N:‐:2:0E><CTRL:00>）<CTRL:00>（
21/S2032.DAT,0x47BC6,45,medium,0,original,,,,,,<CTRL:F7><CTRL:FF>う<CTRL:00><N:＆:4:07><CTRL:00><CTRL:FF><CTRL:FF><N:ﾉ:6:10><CTRL:00>4<CTRL:00><CTRL:F0> <N:＆:4:07><CTRL:00><CTRL:FF><CTRL:FF><N:ｃ:12:16><CTRL:00><N:ъ:14:1A><CTRL:00><CTRL:F5> う<CTRL:00><N:‐:2:0E><CTRL:00>（<CTRL:00><N:‐:2:0E><CTRL:00>）<CTRL:00>（<CTRL:00><N:‐:2:0E><CTRL:00>（<CTRL:00><N:‐:2:0E><CTRL:00>）<CTRL:00>（
21/S2033.DAT,0x47936,13,high,1,e2_valid,0x81,0,11,11,1,謀反人つてさつきの人？
21/S2033.DAT,0x47978,4,high,1,e2_valid,0x82,1,2,2,1,多分。
21/S2033.DAT,0x479B0,7,high,1,e2_valid,0x83,2,5,5,1,気になるなっ。
21/S2033.DAT,0x479EC,3,high,1,e2_valid,0x84,3,1,1,1,何が？
21/S2033.DAT,0x47A24,15,high,1,e2_valid,0x85,4,13,13,1,だつてそんな人に見えなかつた。
21/S2033.DAT,0x47A68,14,high,1,e2_valid,0x86,5,12,12,1,あの大臣も何か<N:怪:2:DEF8>しいしな。
21/S2033.DAT,0x47AAA,15,high,1,e2_valid,0x87,6,13,13,1,ポニ、地下<N:牢:2:DE21>の場所知つてる？
21/S2033.DAT,0x47AEE,17,high,1,e2_valid,0x88,7,15,15,1,うん、そりゃ知つてるけど・・。
21/S2033.DAT,0x47B34,6,high,1,e2_valid,0x89,8,4,4,1,決まりだな。
21/S2033.DAT,0x47B6E,10,high,1,e2_valid,0x8A,9,8,8,1,さつ、案内して。
21/S2033.DAT,0x47BAC,11,high,1,e2_valid,0x8B,10,9,9,1,いいのかなっ・・。
21/S2033.DAT,0x47D48,5,medium,1,original,,,,,,<CTRL:00>’2<CTRL:00><N:ｃ:9:17>
21/S2033.DAT,0x47D4E,5,medium,1,original,,,,,,<CTRL:00>’1<CTRL:00>1
21/S2033.DAT,0x47D78,5,medium,1,original,,,,,,<CTRL:00>）2<CTRL:00><N:３:14:19>
21/S2033.DAT,0x47DA0,45,medium,1,original,,,,,,<CTRL:F7><CTRL:FF>う<CTRL:00><N:＆:4:07><CTRL:00><CTRL:FF><CTRL:FF><N:ﾉ:6:10><CTRL:00>4<CTRL:00><N:力:5:DD02><N:＆:4:07><CTRL:00><CTRL:FF><CTRL:FF><N:ｃ:12:16><CTRL:00><N:ъ:14:1A><CTRL:00><CTRL:E2>！う<CTRL:00><N:‐:2:0E><CTRL:00>（<CTRL:00><N:‐:2:0E><CTRL:00>）<CTRL:00>（<CTRL:00><N:‐:2:0E><CTRL:00>（<CTRL:00><N:‐:2:0E><CTRL:00>）<CTRL:00>（
21/S2034.DAT,0x47994,44,high,0,original,,,,,,大臣 / フンッ / 少し計画はくるつたが、 / おまえらのおかげで手聞がはぶけたわ。
21/S2034.DAT,0x479F8,21,high,0,original,,,,,,大臣 / 王がお待ちだ。早くいつてやれ。
21/S2041.DAT,0x4782E,5,medium,1,original,,,,,,る<CTRL:00>し<CTRL:00><N:X:20:06>
21/S2041.DAT,0x47870,37,medium,1,original,,,,,,ふ！’<CTRL:00><N:７:11:18><CTRL:00>ふ！’<CTRL:00>の<CTRL:00>ふ！’<CTRL:00>な<CTRL:00>ふ！’<CTRL:00>し<CTRL:00>ふ！<N:＆:4:07><CTRL:00><CTRL:FF><CTRL:FF>の<CTRL:00>し<CTRL:00>ぞ！て
21/S2041.DAT,0x478EC,27,medium,1,original,,,,,,一！<N:＆:4:07><CTRL:00><N:７:11:18><CTRL:00>一！<N:＆:4:07><CTRL:00>の<CTRL:00>一！<N:＆:4:07><CTRL:00>な<CTRL:00>一！<N:＆:4:07><CTRL:00>し<CTRL:00>一！て
21/S2041.DAT,0x4794C,73,medium,1,original,,,,,,石<CTRL:00><N:ぇ:2:C0>！攻’！<CTRL:00><N:X:20:06><CTRL:00>に<CTRL:00>門<N:*:7:0B><CTRL:00><CTRL:FF><CTRL:FF><N:７:11:18><CTRL:00>た<CTRL:00><CTRL:F7><CTRL:FF>う<CTRL:00><N:≠:16:04><CTRL:00>な<CTRL:00>石<CTRL:00><N:ク:12:80>（<N:ﾉ:6:10><CTRL:FF>！<CTRL:00>，<CTRL:00><N:≠:16:04><CTRL:00>の<CTRL:00>石<CTRL:00><N:ク:12:80>（見！！<CTRL:00>，<CTRL:00><N:≠:16:04><CTRL:00>し<CTRL:00>石<CTRL:00>か’<G:E005:989>！<CTRL:00>，<CTRL:00><N:≠:16:04><CTRL:00><N:７:11:18><CTRL:00>石
21/S2041.DAT,0x479A2,31,medium,1,original,,,,,,石<CTRL:00><N:ぇ:2:C0>！攻’！<CTRL:00><N:≠:16:04><CTRL:00>に<CTRL:00>門<N:*:7:0B><CTRL:00><CTRL:FF><CTRL:FF><N:７:11:18><CTRL:00>た<CTRL:00><CTRL:F7><CTRL:FF>う<CTRL:00><N:≠:16:04><CTRL:00><N:ъ:14:1A><CTRL:00>石
21/S2041.DAT,0x479DC,29,medium,1,original,,,,,,<CTRL:00><CTRL:FF>0<CTRL:00><N:ъ:14:1A><CTRL:00>や<CTRL:00>0<CTRL:00>た<CTRL:00>や<CTRL:00>0<CTRL:00><N:７:11:18><CTRL:00>や<CTRL:00>う<CTRL:00>ら<CTRL:00>”<CTRL:00>で！て
21/S2041.DAT,0x47A2C,111,medium,1,original,,,,,,敵 <N:＆:4:07><CTRL:00><N:７:11:18><CTRL:00>敵 <N:＆:4:07><CTRL:00>の<CTRL:00>敵 <N:＆:4:07><CTRL:00>な<CTRL:00>敵 <N:＆:4:07><CTRL:00>し<CTRL:00>敵 う<CTRL:00>’<CTRL:00><N:３:14:19><CTRL:00>ど！’<CTRL:00><N:７:11:18><CTRL:00>じ！’<CTRL:00>の<CTRL:00>マ！’<CTRL:00>な<CTRL:00>タ！’<CTRL:00>し<CTRL:00>シ！う<CTRL:00>’<CTRL:00><N:３:14:19><CTRL:00>出！’<CTRL:00><N:７:11:18><CTRL:00>ね！’<CTRL:00>の<CTRL:00>下！’<CTRL:00>な<CTRL:00>何！’<CTRL:00>し<CTRL:00>チ！う<CTRL:00>を<CTRL:00>”<CTRL:00>ゃ う<CTRL:00>ら<CTRL:00>”<CTRL:00>2！に<CTRL:00>ろ て
21/S2041.DAT,0x47A4C,79,medium,1,original,,,,,,ど！’<CTRL:00><N:７:11:18><CTRL:00>じ！’<CTRL:00>の<CTRL:00>マ！’<CTRL:00>な<CTRL:00>タ！’<CTRL:00>し<CTRL:00>シ！う<CTRL:00>’<CTRL:00><N:３:14:19><CTRL:00>出！’<CTRL:00><N:７:11:18><CTRL:00>ね！’<CTRL:00>の<CTRL:00>下！’<CTRL:00>な<CTRL:00>何！’<CTRL:00>し<CTRL:00>チ！う<CTRL:00>を<CTRL:00>”<CTRL:00>ゃ う<CTRL:00>ら<CTRL:00>”<CTRL:00>2！に<CTRL:00>ろ て
21/S2041.DAT,0x47A6C,47,medium,1,original,,,,,,出！’<CTRL:00><N:７:11:18><CTRL:00>ね！’<CTRL:00>の<CTRL:00>下！’<CTRL:00>な<CTRL:00>何！’<CTRL:00>し<CTRL:00>チ！う<CTRL:00>を<CTRL:00>”<CTRL:00>ゃ う<CTRL:00>ら<CTRL:00>”<CTRL:00>2！に<CTRL:00>ろ て
21/S2041.DAT,0x47AC0,22,medium,1,original,,,,,,<N:ｌ:5:5B>！’<CTRL:00><N:７:11:18><CTRL:00>霊！う<CTRL:00> <CTRL:00>！<CTRL:00><CTRL:FC>  <CTRL:00><N:≠:16:04><CTRL:00><CTRL:FC>
21/S2041.DAT,0x47AE6,27,medium,1,original,,,,,,て！<N:＆:4:07><CTRL:00><N:７:11:18><CTRL:00>て！<N:＆:4:07><CTRL:00>の<CTRL:00>て！<N:＆:4:07><CTRL:00>な<CTRL:00>て！<N:＆:4:07><CTRL:00>し<CTRL:00>て！う
21/S2041.DAT,0x47D3C,8,medium,1,original,,,,,,精。ンを？らわた
21/S2041.DAT,0x47D5A,45,medium,1,original,,,,,,<CTRL:E5>！値ひれ<N:究:1:DE46>投ミベ<CTRL:E6><CTRL:00><CTRL:E5>！場ふ<N:究:1:DE46>投ミベ<CTRL:E6><CTRL:00><CTRL:E5>！年 が精ん<CTRL:E6><CTRL:00><CTRL:E5>！もー出っん<CTRL:E6>
21/S2041.DAT,0x47DB2,8,medium,1,original,,,,,,よとすをゃで王ン
21/S2041.DAT,0x47DD4,49,medium,1,original,,,,,,<CTRL:E5>！じ者ひれ話<N:空:2:DD18><CTRL:E6><CTRL:00><CTRL:E5>！運き臣ま<G:D2:209>話<N:空:2:DD18><CTRL:E6><CTRL:00><CTRL:E5>！フダ<N:リ:12:6F>ねま負話<N:空:2:DD18><CTRL:E6><CTRL:00><CTRL:E5>！解い装ま火<CTRL:E6>
21/S2041.DAT,0x47E2C,50,medium,1,original,,,,,,<CTRL:E5>！れどどめじ話<N:空:2:DD18><CTRL:E6><CTRL:00><CTRL:E5>！れひウまねニ話<N:空:2:DD18><CTRL:E6><CTRL:00><CTRL:E5>！必ま直き話<N:空:2:DD18><CTRL:E6><CTRL:00><CTRL:E5>！解い装ま火<CTRL:E6>
21/S2041.DAT,0x47E86,25,medium,1,original,,,,,,<CTRL:E5>！はどま受金話<N:空:2:DD18><CTRL:E6><CTRL:00><CTRL:E5>！解い装ま火<CTRL:E6>
21/S2041.DAT,0x47EFE,48,high,1,inline_changed,,,,,,<CTRL:E5>”エリア<N:∪:20:DE4F><N:∧:11:DE83><N:Ｐ:10:DD90>をオー<N:フ:11:DD55>ンしますか？ / <CTRL:E5>”オー<N:フ:11:DD55>ンする / <CTRL:E5>”オー<N:フ:11:DD55>ンしない
21/S2041.DAT,0x47FF8,35,high,1,e2_valid,0x81,0,33,33,1,乗員 / アーク殿ですね。 / これからミルマーナに出発しますが、
21/S2041.DAT,0x4804E,51,high,1,e2_valid,0x82,1,49,49,1,乗員 / ミルマーナに入国後は / 軍本部の許可がないと / 他の国には行くことができません。
21/S2041.DAT,0x480B4,41,high,1,e2_valid,0x83,2,39,39,1,乗員 / ミルマーナを荒らすモンスター達は / わが国より強力だといいます。
21/S2041.DAT,0x48118,16,high,1,e2_valid,0x84,3,14,14,1,乗員 / 自信はありますか？
21/S2041.DAT,0x48160,44,high,1,inline_changed,,,,,,<CTRL:E5><N:≠:16:04>もちろん！ / <CTRL:E5><N:≠:16:04>ちょつと自信がないな・・。 / <CTRL:E5><N:≠:16:04>まだ戦い方がわからないや。
21/S2041.DAT,0x481CC,17,high,1,e2_valid,0x85,4,15,15,1,乗員 / では、お乗り下さい。
21/S2041.DAT,0x482C2,24,high,1,e2_valid,0x86,5,22,22,1,乗員 / 自信がつくまでお待ちしております。
21/S2041.DAT,0x4834C,24,high,1,e2_valid,0x87,6,22,22,1,乗員 / （自信がないにもほどがあるよな）
21/S2041.DAT,0x48398,10,high,1,e2_valid,0x88,7,8,8,1,え？<CTRL:E4>よ何か言つた？
21/S2041.DAT,0x483D4,22,high,1,e2_valid,0x89,8,20,20,1,乗員 / いえ・・なにも。
21/S2041.DAT,0x48440,16,high,1,e2_valid,0x8A,9,14,14,1,乗員 / 何が知りたいですか？
21/S2041.DAT,0x48488,45,high,1,inline_changed,,,,,,<CTRL:E5><N:≠:16:04>どうすれば強くなれるの？ / <CTRL:E5><N:≠:16:04>何か戦いのニツはあるの？ / <CTRL:E5><N:≠:16:04>やつっり、いいや。
21/S2041.DAT,0x484FE,35,high,1,e2_valid,0x8B,10,33,33,1,乗員 / どこの国にも、いつ行つてもモンスターのいる場所があります。
21/S2041.DAT,0x48554,31,high,1,e2_valid,0x8C,11,29,29,1,乗員 / ここで何度も戦えば、 / どんどん強くなれます。
21/S2041.DAT,0x485A6,65,high,1,e2_valid,0x8D,12,63,63,1,乗員 / この場所のモンスターはゲームが進んでも変わらないので、鍛えたい人の<N:リ:12:6F>ベルに / 合わせて場所を選ベます。
21/S2041.DAT,0x4861A,44,high,1,e2_valid,0x8E,13,42,42,1,乗員 / ゲームが終わるまでに、こういう場所は、合計10カ所以上になります。
21/S2041.DAT,0x48684,46,high,1,e2_valid,0x8F,14,44,44,1,乗員 / 自分のターンの時に、<N:t:5:DF60><N:Β:7:DF03><N:卞:16:DDA1>タンを同時におすとフリーカーソルになります。
21/S2041.DAT,0x486E4,47,high,1,e2_valid,0x90,15,45,45,1,乗員 / これを使つて、モンスターの場所、地形をよく見て作戦を立ててはどうでしょう？
21/S2041.DAT,0x48746,65,high,1,e2_valid,0x91,16,63,63,1,乗員 / 他には、分れつするモンスターは、<N:Π:10:DDFA><N:Ｐ:10:DD90>が半分になりますが、倒した時にもらえる / 経験値は変わりません。
21/S2041.DAT,0x487BA,25,high,1,e2_valid,0x92,17,23,23,1,乗員 / これを利用してみてはどうでしょう？
21/S2041.DAT,0x4880A,43,high,1,e2_valid,0x93,18,41,41,1,乗員 / それでは、 / ミルマーナに向けて出発しますが、 / 自信はありますか？
21/S2042.DAT,0x4782E,5,medium,0,original,,,,,,る<CTRL:00>し<CTRL:00><N:X:20:06>
21/S2042.DAT,0x47870,37,medium,0,original,,,,,,ふ！’<CTRL:00><N:７:11:18><CTRL:00>ふ！’<CTRL:00>の<CTRL:00>ふ！’<CTRL:00>な<CTRL:00>ふ！’<CTRL:00>し<CTRL:00>ふ！<N:＆:4:07><CTRL:00><CTRL:FF><CTRL:FF>の<CTRL:00>し<CTRL:00>ぞ！て
21/S2042.DAT,0x478EC,27,medium,0,original,,,,,,一！<N:＆:4:07><CTRL:00><N:７:11:18><CTRL:00>一！<N:＆:4:07><CTRL:00>の<CTRL:00>一！<N:＆:4:07><CTRL:00>な<CTRL:00>一！<N:＆:4:07><CTRL:00>し<CTRL:00>一！て
21/S2042.DAT,0x4794C,73,medium,0,original,,,,,,石<CTRL:00><N:ぇ:2:C0>！攻’！<CTRL:00><N:X:20:06><CTRL:00>に<CTRL:00>門<N:*:7:0B><CTRL:00><CTRL:FF><CTRL:FF><N:７:11:18><CTRL:00>た<CTRL:00><CTRL:F7><CTRL:FF>う<CTRL:00><N:≠:16:04><CTRL:00>な<CTRL:00>石<CTRL:00><N:ク:12:80>（<N:ﾉ:6:10><CTRL:FF>！<CTRL:00>，<CTRL:00><N:≠:16:04><CTRL:00>の<CTRL:00>石<CTRL:00><N:ク:12:80>（見！！<CTRL:00>，<CTRL:00><N:≠:16:04><CTRL:00>し<CTRL:00>石<CTRL:00>か’<G:E005:989>！<CTRL:00>，<CTRL:00><N:≠:16:04><CTRL:00><N:７:11:18><CTRL:00>石
21/S2042.DAT,0x479A2,31,medium,0,original,,,,,,石<CTRL:00><N:ぇ:2:C0>！攻’！<CTRL:00><N:≠:16:04><CTRL:00>に<CTRL:00>門<N:*:7:0B><CTRL:00><CTRL:FF><CTRL:FF><N:７:11:18><CTRL:00>た<CTRL:00><CTRL:F7><CTRL:FF>う<CTRL:00><N:≠:16:04><CTRL:00><N:ъ:14:1A><CTRL:00>石
21/S2042.DAT,0x479DC,29,medium,0,original,,,,,,<CTRL:00><CTRL:FF>0<CTRL:00><N:ъ:14:1A><CTRL:00>や<CTRL:00>0<CTRL:00>た<CTRL:00>や<CTRL:00>0<CTRL:00><N:７:11:18><CTRL:00>や<CTRL:00>う<CTRL:00>ら<CTRL:00>”<CTRL:00>で！て
21/S2042.DAT,0x47A2C,111,medium,0,original,,,,,,敵 <N:＆:4:07><CTRL:00><N:７:11:18><CTRL:00>敵 <N:＆:4:07><CTRL:00>の<CTRL:00>敵 <N:＆:4:07><CTRL:00>な<CTRL:00>敵 <N:＆:4:07><CTRL:00>し<CTRL:00>敵 う<CTRL:00>’<CTRL:00><N:３:14:19><CTRL:00>ど！’<CTRL:00><N:７:11:18><CTRL:00>じ！’<CTRL:00>の<CTRL:00>マ！’<CTRL:00>な<CTRL:00>タ！’<CTRL:00>し<CTRL:00>シ！う<CTRL:00>’<CTRL:00><N:３:14:19><CTRL:00>出！’<CTRL:00><N:７:11:18><CTRL:00>ね！’<CTRL:00>の<CTRL:00>下！’<CTRL:00>な<CTRL:00>何！’<CTRL:00>し<CTRL:00>チ！う<CTRL:00>を<CTRL:00>”<CTRL:00>ゃ う<CTRL:00>ら<CTRL:00>”<CTRL:00>2！に<CTRL:00>ろ て
21/S2042.DAT,0x47A4C,79,medium,0,original,,,,,,ど！’<CTRL:00><N:７:11:18><CTRL:00>じ！’<CTRL:00>の<CTRL:00>マ！’<CTRL:00>な<CTRL:00>タ！’<CTRL:00>し<CTRL:00>シ！う<CTRL:00>’<CTRL:00><N:３:14:19><CTRL:00>出！’<CTRL:00><N:７:11:18><CTRL:00>ね！’<CTRL:00>の<CTRL:00>下！’<CTRL:00>な<CTRL:00>何！’<CTRL:00>し<CTRL:00>チ！う<CTRL:00>を<CTRL:00>”<CTRL:00>ゃ う<CTRL:00>ら<CTRL:00>”<CTRL:00>2！に<CTRL:00>ろ て
21/S2042.DAT,0x47A6C,47,medium,0,original,,,,,,出！’<CTRL:00><N:７:11:18><CTRL:00>ね！’<CTRL:00>の<CTRL:00>下！’<CTRL:00>な<CTRL:00>何！’<CTRL:00>し<CTRL:00>チ！う<CTRL:00>を<CTRL:00>”<CTRL:00>ゃ う<CTRL:00>ら<CTRL:00>”<CTRL:00>2！に<CTRL:00>ろ て
21/S2042.DAT,0x47AC0,22,medium,0,original,,,,,,<N:ｌ:5:5B>！’<CTRL:00><N:７:11:18><CTRL:00>霊！う<CTRL:00> <CTRL:00>！<CTRL:00><CTRL:FC>  <CTRL:00><N:≠:16:04><CTRL:00><CTRL:FC>
21/S2042.DAT,0x47AE6,27,medium,0,original,,,,,,て！<N:＆:4:07><CTRL:00><N:７:11:18><CTRL:00>て！<N:＆:4:07><CTRL:00>の<CTRL:00>て！<N:＆:4:07><CTRL:00>な<CTRL:00>て！<N:＆:4:07><CTRL:00>し<CTRL:00>て！う
21/S2042.DAT,0x47D3C,8,medium,0,original,,,,,,精。ンを？らわた
21/S2042.DAT,0x47D5A,45,medium,0,original,,,,,,<CTRL:E5>！値ひれ<N:究:1:DE46>投ミベ<CTRL:E6><CTRL:00><CTRL:E5>！場ふ<N:究:1:DE46>投ミベ<CTRL:E6><CTRL:00><CTRL:E5>！年 が精ん<CTRL:E6><CTRL:00><CTRL:E5>！もー出っん<CTRL:E6>
21/S2042.DAT,0x47DB2,8,medium,0,original,,,,,,よとすをゃで王ン
21/S2042.DAT,0x47DD4,49,medium,0,original,,,,,,<CTRL:E5>！じ者ひれ話<N:空:2:DD18><CTRL:E6><CTRL:00><CTRL:E5>！運き臣ま<G:D2:209>話<N:空:2:DD18><CTRL:E6><CTRL:00><CTRL:E5>！フダ<N:リ:12:6F>ねま負話<N:空:2:DD18><CTRL:E6><CTRL:00><CTRL:E5>！解い装ま火<CTRL:E6>
21/S2042.DAT,0x47E2C,50,medium,0,original,,,,,,<CTRL:E5>！れどどめじ話<N:空:2:DD18><CTRL:E6><CTRL:00><CTRL:E5>！れひウまねニ話<N:空:2:DD18><CTRL:E6><CTRL:00><CTRL:E5>！必ま直き話<N:空:2:DD18><CTRL:E6><CTRL:00><CTRL:E5>！解い装ま火<CTRL:E6>
21/S2042.DAT,0x47E86,25,medium,0,original,,,,,,<CTRL:E5>！はどま受金話<N:空:2:DD18><CTRL:E6><CTRL:00><CTRL:E5>！解い装ま火<CTRL:E6>
21/S2042.DAT,0x47F5A,38,high,0,original,,,,,,チョピン / 王の許可なく、飛行<N:船:6:DE0B>にお乗せするわけにはいきません。
21/S2042.DAT,0x47FB4,3,high,0,original,,,,,,・・・
21/S2042.DAT,0x47FF0,53,high,0,original,,,,,,チョピン / 何か私でお力になれるこはありますか？ / <CTRL:E5>”ベつにない。 / <CTRL:E5>”ちょつと教えてほしい。
21/S2042.DAT,0x48064,19,high,0,original,,,,,,チョピン / それでは、お気をつけて。
21/S2042.DAT,0x480D4,17,high,0,original,,,,,,チョピン / 何が知りたいですか？
21/S2042.DAT,0x4811E,45,high,0,original,,,,,,<CTRL:E5><N:≠:16:04>どうすれば強くなれるの？ / <CTRL:E5><N:≠:16:04>何か戦いのニツはあるの？ / <CTRL:E5><N:≠:16:04>やつっり、いいや。
21/S2042.DAT,0x48194,36,high,0,original,,,,,,チョピン / どこの国にも、いつ行つてもモンスターのいる場所があります。
21/S2042.DAT,0x481EA,32,high,0,original,,,,,,チョピン / ここで何度も戦えば、 / どんどん強くなれます。
21/S2042.DAT,0x4823C,66,high,0,original,,,,,,チョピン / この場所のモンスターはゲームが進んでも変わらないので、鍛えたい人の<N:リ:12:6F>ベルに / 合わせて場所を選ベます。
21/S2042.DAT,0x482B0,45,high,0,original,,,,,,チョピン / ゲームが終わるまでに、こういう場所は、合計10カ所以上になります。
21/S2042.DAT,0x4831C,47,high,0,original,,,,,,チョピン / 自分のターンの時に、<N:t:5:DF60><N:Β:7:DF03><N:卞:16:DDA1>タンを同時におすとフリーカーソルになります。
21/S2042.DAT,0x4837E,48,high,0,original,,,,,,チョピン / これを使つて、モンスターの場所、地形をよく見て作戦を立ててはどうでしょう？
21/S2042.DAT,0x483E0,66,high,0,original,,,,,,チョピン / 他には、分れつするモンスターは、<N:Π:10:DDFA><N:Ｐ:10:DD90>が半分になりますが、倒した時にもらえる / 経験値は変わりません。
21/S2042.DAT,0x48454,26,high,0,original,,,,,,チョピン / これを利用してみてはどうでしょう？
21/S2043.DAT,0x4782E,5,medium,0,original,,,,,,る<CTRL:00>し<CTRL:00><N:X:20:06>
21/S2043.DAT,0x47870,37,medium,0,original,,,,,,ふ！’<CTRL:00><N:７:11:18><CTRL:00>ふ！’<CTRL:00>の<CTRL:00>ふ！’<CTRL:00>な<CTRL:00>ふ！’<CTRL:00>し<CTRL:00>ふ！<N:＆:4:07><CTRL:00><CTRL:FF><CTRL:FF>の<CTRL:00>し<CTRL:00>ぞ！て
21/S2043.DAT,0x478EC,27,medium,0,original,,,,,,一！<N:＆:4:07><CTRL:00><N:７:11:18><CTRL:00>一！<N:＆:4:07><CTRL:00>の<CTRL:00>一！<N:＆:4:07><CTRL:00>な<CTRL:00>一！<N:＆:4:07><CTRL:00>し<CTRL:00>一！て
21/S2043.DAT,0x4794C,73,medium,0,original,,,,,,石<CTRL:00><N:ぇ:2:C0>！攻’！<CTRL:00><N:X:20:06><CTRL:00>に<CTRL:00>門<N:*:7:0B><CTRL:00><CTRL:FF><CTRL:FF><N:７:11:18><CTRL:00>た<CTRL:00><CTRL:F7><CTRL:FF>う<CTRL:00><N:≠:16:04><CTRL:00>な<CTRL:00>石<CTRL:00><N:ク:12:80>（<N:ﾉ:6:10><CTRL:FF>！<CTRL:00>，<CTRL:00><N:≠:16:04><CTRL:00>の<CTRL:00>石<CTRL:00><N:ク:12:80>（見！！<CTRL:00>，<CTRL:00><N:≠:16:04><CTRL:00>し<CTRL:00>石<CTRL:00>か’<G:E005:989>！<CTRL:00>，<CTRL:00><N:≠:16:04><CTRL:00><N:７:11:18><CTRL:00>石
21/S2043.DAT,0x479A2,31,medium,0,original,,,,,,石<CTRL:00><N:ぇ:2:C0>！攻’！<CTRL:00><N:≠:16:04><CTRL:00>に<CTRL:00>門<N:*:7:0B><CTRL:00><CTRL:FF><CTRL:FF><N:７:11:18><CTRL:00>た<CTRL:00><CTRL:F7><CTRL:FF>う<CTRL:00><N:≠:16:04><CTRL:00><N:ъ:14:1A><CTRL:00>石
21/S2043.DAT,0x479DC,29,medium,0,original,,,,,,<CTRL:00><CTRL:FF>0<CTRL:00><N:ъ:14:1A><CTRL:00>や<CTRL:00>0<CTRL:00>た<CTRL:00>や<CTRL:00>0<CTRL:00><N:７:11:18><CTRL:00>や<CTRL:00>う<CTRL:00>ら<CTRL:00>”<CTRL:00>で！て
21/S2043.DAT,0x47A2C,111,medium,0,original,,,,,,敵 <N:＆:4:07><CTRL:00><N:７:11:18><CTRL:00>敵 <N:＆:4:07><CTRL:00>の<CTRL:00>敵 <N:＆:4:07><CTRL:00>な<CTRL:00>敵 <N:＆:4:07><CTRL:00>し<CTRL:00>敵 う<CTRL:00>’<CTRL:00><N:３:14:19><CTRL:00>ど！’<CTRL:00><N:７:11:18><CTRL:00>じ！’<CTRL:00>の<CTRL:00>マ！’<CTRL:00>な<CTRL:00>タ！’<CTRL:00>し<CTRL:00>シ！う<CTRL:00>’<CTRL:00><N:３:14:19><CTRL:00>出！’<CTRL:00><N:７:11:18><CTRL:00>ね！’<CTRL:00>の<CTRL:00>下！’<CTRL:00>な<CTRL:00>何！’<CTRL:00>し<CTRL:00>チ！う<CTRL:00>を<CTRL:00>”<CTRL:00>ゃ う<CTRL:00>ら<CTRL:00>”<CTRL:00>2！に<CTRL:00>ろ て
21/S2043.DAT,0x47A4C,79,medium,0,original,,,,,,ど！’<CTRL:00><N:７:11:18><CTRL:00>じ！’<CTRL:00>の<CTRL:00>マ！’<CTRL:00>な<CTRL:00>タ！’<CTRL:00>し<CTRL:00>シ！う<CTRL:00>’<CTRL:00><N:３:14:19><CTRL:00>出！’<CTRL:00><N:７:11:18><CTRL:00>ね！’<CTRL:00>の<CTRL:00>下！’<CTRL:00>な<CTRL:00>何！’<CTRL:00>し<CTRL:00>チ！う<CTRL:00>を<CTRL:00>”<CTRL:00>ゃ う<CTRL:00>ら<CTRL:00>”<CTRL:00>2！に<CTRL:00>ろ て
21/S2043.DAT,0x47A6C,47,medium,0,original,,,,,,出！’<CTRL:00><N:７:11:18><CTRL:00>ね！’<CTRL:00>の<CTRL:00>下！’<CTRL:00>な<CTRL:00>何！’<CTRL:00>し<CTRL:00>チ！う<CTRL:00>を<CTRL:00>”<CTRL:00>ゃ う<CTRL:00>ら<CTRL:00>”<CTRL:00>2！に<CTRL:00>ろ て
21/S2043.DAT,0x47AC0,22,medium,0,original,,,,,,<N:ｌ:5:5B>！’<CTRL:00><N:７:11:18><CTRL:00>霊！う<CTRL:00> <CTRL:00>！<CTRL:00><CTRL:FC>  <CTRL:00><N:≠:16:04><CTRL:00><CTRL:FC>
21/S2043.DAT,0x47AE6,27,medium,0,original,,,,,,て！<N:＆:4:07><CTRL:00><N:７:11:18><CTRL:00>て！<N:＆:4:07><CTRL:00>の<CTRL:00>て！<N:＆:4:07><CTRL:00>な<CTRL:00>て！<N:＆:4:07><CTRL:00>し<CTRL:00>て！う
21/S2043.DAT,0x47D3C,8,medium,0,original,,,,,,精。ンを？らわた
21/S2043.DAT,0x47D5A,45,medium,0,original,,,,,,<CTRL:E5>！値ひれ<N:究:1:DE46>投ミベ<CTRL:E6><CTRL:00><CTRL:E5>！場ふ<N:究:1:DE46>投ミベ<CTRL:E6><CTRL:00><CTRL:E5>！年 が精ん<CTRL:E6><CTRL:00><CTRL:E5>！もー出っん<CTRL:E6>
21/S2043.DAT,0x47DB2,8,medium,0,original,,,,,,よとすをゃで王ン
21/S2043.DAT,0x47DD4,49,medium,0,original,,,,,,<CTRL:E5>！じ者ひれ話<N:空:2:DD18><CTRL:E6><CTRL:00><CTRL:E5>！運き臣ま<G:D2:209>話<N:空:2:DD18><CTRL:E6><CTRL:00><CTRL:E5>！フダ<N:リ:12:6F>ねま負話<N:空:2:DD18><CTRL:E6><CTRL:00><CTRL:E5>！解い装ま火<CTRL:E6>
21/S2043.DAT,0x47E2C,50,medium,0,original,,,,,,<CTRL:E5>！れどどめじ話<N:空:2:DD18><CTRL:E6><CTRL:00><CTRL:E5>！れひウまねニ話<N:空:2:DD18><CTRL:E6><CTRL:00><CTRL:E5>！必ま直き話<N:空:2:DD18><CTRL:E6><CTRL:00><CTRL:E5>！解い装ま火<CTRL:E6>
21/S2043.DAT,0x47E86,25,medium,0,original,,,,,,<CTRL:E5>！はどま受金話<N:空:2:DD18><CTRL:E6><CTRL:00><CTRL:E5>！解い装ま火<CTRL:E6>
21/S2043.DAT,0x47FC4,26,high,0,original,,,,,,兵士 / 国王がお待ちです。 / 城においで下さい。
21/S2044.DAT,0x4782E,5,medium,0,original,,,,,,る<CTRL:00>し<CTRL:00><N:X:20:06>
21/S2044.DAT,0x47870,37,medium,0,original,,,,,,ふ！’<CTRL:00><N:７:11:18><CTRL:00>ふ！’<CTRL:00>の<CTRL:00>ふ！’<CTRL:00>な<CTRL:00>ふ！’<CTRL:00>し<CTRL:00>ふ！<N:＆:4:07><CTRL:00><CTRL:FF><CTRL:FF>の<CTRL:00>し<CTRL:00>ぞ！て
21/S2044.DAT,0x478EC,27,medium,0,original,,,,,,一！<N:＆:4:07><CTRL:00><N:７:11:18><CTRL:00>一！<N:＆:4:07><CTRL:00>の<CTRL:00>一！<N:＆:4:07><CTRL:00>な<CTRL:00>一！<N:＆:4:07><CTRL:00>し<CTRL:00>一！て
21/S2044.DAT,0x4794C,73,medium,0,original,,,,,,石<CTRL:00><N:ぇ:2:C0>！攻’！<CTRL:00><N:X:20:06><CTRL:00>に<CTRL:00>門<N:*:7:0B><CTRL:00><CTRL:FF><CTRL:FF><N:７:11:18><CTRL:00>た<CTRL:00><CTRL:F7><CTRL:FF>う<CTRL:00><N:≠:16:04><CTRL:00>な<CTRL:00>石<CTRL:00><N:ク:12:80>（<N:ﾉ:6:10><CTRL:FF>！<CTRL:00>，<CTRL:00><N:≠:16:04><CTRL:00>の<CTRL:00>石<CTRL:00><N:ク:12:80>（見！！<CTRL:00>，<CTRL:00><N:≠:16:04><CTRL:00>し<CTRL:00>石<CTRL:00>か’<G:E005:989>！<CTRL:00>，<CTRL:00><N:≠:16:04><CTRL:00><N:７:11:18><CTRL:00>石
21/S2044.DAT,0x479A2,31,medium,0,original,,,,,,石<CTRL:00><N:ぇ:2:C0>！攻’！<CTRL:00><N:≠:16:04><CTRL:00>に<CTRL:00>門<N:*:7:0B><CTRL:00><CTRL:FF><CTRL:FF><N:７:11:18><CTRL:00>た<CTRL:00><CTRL:F7><CTRL:FF>う<CTRL:00><N:≠:16:04><CTRL:00><N:ъ:14:1A><CTRL:00>石
21/S2044.DAT,0x479DC,29,medium,0,original,,,,,,<CTRL:00><CTRL:FF>0<CTRL:00><N:ъ:14:1A><CTRL:00>や<CTRL:00>0<CTRL:00>た<CTRL:00>や<CTRL:00>0<CTRL:00><N:７:11:18><CTRL:00>や<CTRL:00>う<CTRL:00>ら<CTRL:00>”<CTRL:00>で！て
21/S2044.DAT,0x47A2C,111,medium,0,original,,,,,,敵 <N:＆:4:07><CTRL:00><N:７:11:18><CTRL:00>敵 <N:＆:4:07><CTRL:00>の<CTRL:00>敵 <N:＆:4:07><CTRL:00>な<CTRL:00>敵 <N:＆:4:07><CTRL:00>し<CTRL:00>敵 う<CTRL:00>’<CTRL:00><N:３:14:19><CTRL:00>ど！’<CTRL:00><N:７:11:18><CTRL:00>じ！’<CTRL:00>の<CTRL:00>マ！’<CTRL:00>な<CTRL:00>タ！’<CTRL:00>し<CTRL:00>シ！う<CTRL:00>’<CTRL:00><N:３:14:19><CTRL:00>出！’<CTRL:00><N:７:11:18><CTRL:00>ね！’<CTRL:00>の<CTRL:00>下！’<CTRL:00>な<CTRL:00>何！’<CTRL:00>し<CTRL:00>チ！う<CTRL:00>を<CTRL:00>”<CTRL:00>ゃ う<CTRL:00>ら<CTRL:00>”<CTRL:00>2！に<CTRL:00>ろ て
21/S2044.DAT,0x47A4C,79,medium,0,original,,,,,,ど！’<CTRL:00><N:７:11:18><CTRL:00>じ！’<CTRL:00>の<CTRL:00>マ！’<CTRL:00>な<CTRL:00>タ！’<CTRL:00>し<CTRL:00>シ！う<CTRL:00>’<CTRL:00><N:３:14:19><CTRL:00>出！’<CTRL:00><N:７:11:18><CTRL:00>ね！’<CTRL:00>の<CTRL:00>下！’<CTRL:00>な<CTRL:00>何！’<CTRL:00>し<CTRL:00>チ！う<CTRL:00>を<CTRL:00>”<CTRL:00>ゃ う<CTRL:00>ら<CTRL:00>”<CTRL:00>2！に<CTRL:00>ろ て
21/S2044.DAT,0x47A6C,47,medium,0,original,,,,,,出！’<CTRL:00><N:７:11:18><CTRL:00>ね！’<CTRL:00>の<CTRL:00>下！’<CTRL:00>な<CTRL:00>何！’<CTRL:00>し<CTRL:00>チ！う<CTRL:00>を<CTRL:00>”<CTRL:00>ゃ う<CTRL:00>ら<CTRL:00>”<CTRL:00>2！に<CTRL:00>ろ て
21/S2044.DAT,0x47AC0,22,medium,0,original,,,,,,<N:ｌ:5:5B>！’<CTRL:00><N:７:11:18><CTRL:00>霊！う<CTRL:00> <CTRL:00>！<CTRL:00><CTRL:FC>  <CTRL:00><N:≠:16:04><CTRL:00><CTRL:FC>
21/S2044.DAT,0x47AE6,27,medium,0,original,,,,,,て！<N:＆:4:07><CTRL:00><N:７:11:18><CTRL:00>て！<N:＆:4:07><CTRL:00>の<CTRL:00>て！<N:＆:4:07><CTRL:00>な<CTRL:00>て！<N:＆:4:07><CTRL:00>し<CTRL:00>て！う
21/S2044.DAT,0x47D3C,8,medium,0,original,,,,,,精。ンを？らわた
21/S2044.DAT,0x47D5A,45,medium,0,original,,,,,,<CTRL:E5>！値ひれ<N:究:1:DE46>投ミベ<CTRL:E6><CTRL:00><CTRL:E5>！場ふ<N:究:1:DE46>投ミベ<CTRL:E6><CTRL:00><CTRL:E5>！年 が精ん<CTRL:E6><CTRL:00><CTRL:E5>！もー出っん<CTRL:E6>
21/S2044.DAT,0x47DB2,8,medium,0,original,,,,,,よとすをゃで王ン
21/S2044.DAT,0x47DD4,49,medium,0,original,,,,,,<CTRL:E5>！じ者ひれ話<N:空:2:DD18><CTRL:E6><CTRL:00><CTRL:E5>！運き臣ま<G:D2:209>話<N:空:2:DD18><CTRL:E6><CTRL:00><CTRL:E5>！フダ<N:リ:12:6F>ねま負話<N:空:2:DD18><CTRL:E6><CTRL:00><CTRL:E5>！解い装ま火<CTRL:E6>
21/S2044.DAT,0x47E2C,50,medium,0,original,,,,,,<CTRL:E5>！れどどめじ話<N:空:2:DD18><CTRL:E6><CTRL:00><CTRL:E5>！れひウまねニ話<N:空:2:DD18><CTRL:E6><CTRL:00><CTRL:E5>！必ま直き話<N:空:2:DD18><CTRL:E6><CTRL:00><CTRL:E5>！解い装ま火<CTRL:E6>
21/S2044.DAT,0x47E86,25,medium,0,original,,,,,,<CTRL:E5>！はどま受金話<N:空:2:DD18><CTRL:E6><CTRL:00><CTRL:E5>！解い装ま火<CTRL:E6>
21/S2044.DAT,0x47FB8,31,high,0,original,,,,,,チョピン / 王から話は聞いております。 / <CTRL:E4>よ私はチョピン。
21/S2044.DAT,0x4800A,40,high,0,original,,,,,,チョピン / みなさまの旅のお手伝いをするよう / 王より命じられております。
21/S2044.DAT,0x48064,33,high,0,original,,,,,,チョピン / なにかわからないことがあれば、 / 聞いてみて下さい。
21/S2044.DAT,0x480B8,31,high,0,original,,,,,,チョピン / アーク様 / 今後ともよろしくおねがいいたします。
21/S2044.DAT,0x4810A,18,high,0,original,,,,,,チョピン / では、お乗り下さい。
21/S2044.DAT,0x481D8,10,high,0,original,,,,,,チョットまつた！<CTRL:E4>よ
21/S2044.DAT,0x4821E,13,high,0,original,,,,,,あなた、この聞の・・。
21/S2044.DAT,0x48268,31,high,0,original,,,,,,理由ははつきりしないが / おまえ等について行こうと思う。
21/S2044.DAT,0x482BC,27,high,0,original,,,,,,この聞の力があれば / 足手まといにはならないはすだ。
21/S2044.DAT,0x4831A,44,high,0,original,,,,,,来たか来たか / 待つておつたぞ。 / おぬしがいないとこれから先 / つらいからの<N:っ:4:DD57>。
21/S2044.DAT,0x48388,10,high,0,original,,,,,,何だこのじじいはつ！
21/S2044.DAT,0x483D4,31,high,0,original,,,,,,ふんつ！ / まだ心の鍛練（たんれん）が / なつておらん。
21/S2044.DAT,0x48428,33,high,0,original,,,,,,アーク、心配せんでいい。 / こやつも定められた仲聞の1人。
21/S2044.DAT,0x4847E,7,high,0,original,,,,,,定められた？
21/S2044.DAT,0x484C8,28,high,0,original,,,,,,そうじゃ、わしの古の旅から / 定められた魂じゃ。
21/S2044.DAT,0x48518,29,high,0,original,,,,,,じゃあ、<G:D2:209>くらは昔いつしょに / 旅をしたことがあるの？
21/S2044.DAT,0x4856A,50,high,0,original,,,,,,そうじゃ、魂はめ<N:く:4:DDB7>る。 / かつてスメリアに<N:ｌ:5:5B>聖柩へを運んできた仲聞が再び集まるのじゃ。
21/S2044.DAT,0x485D0,12,high,0,original,,,,,,そう言われても・・。
21/S2044.DAT,0x48610,29,high,0,original,,,,,,いいじゃない。 / これからの旅はきつと大変なんだから。
21/S2044.DAT,0x48668,27,high,0,original,,,,,,じゃあ決まりだな。 / 俺はトッシュ。よろしく頼むぜ。
21/S2044.DAT,0x48750,26,high,0,original,,,,,,チョピン / いつでも整備してお待ちしております。
21/S2045.DAT,0x4682E,5,medium,0,original,,,,,,る<CTRL:00>し<CTRL:00><N:X:20:06>
21/S2045.DAT,0x46870,37,medium,0,original,,,,,,ふ！’<CTRL:00><N:７:11:18><CTRL:00>ふ！’<CTRL:00>の<CTRL:00>ふ！’<CTRL:00>な<CTRL:00>ふ！’<CTRL:00>し<CTRL:00>ふ！<N:＆:4:07><CTRL:00><CTRL:FF><CTRL:FF>の<CTRL:00>し<CTRL:00>ぞ！て
21/S2045.DAT,0x468EC,27,medium,0,original,,,,,,一！<N:＆:4:07><CTRL:00><N:７:11:18><CTRL:00>一！<N:＆:4:07><CTRL:00>の<CTRL:00>一！<N:＆:4:07><CTRL:00>な<CTRL:00>一！<N:＆:4:07><CTRL:00>し<CTRL:00>一！て
21/S2045.DAT,0x4694C,73,medium,0,original,,,,,,石<CTRL:00><N:ぇ:2:C0>！攻’！<CTRL:00><N:X:20:06><CTRL:00>に<CTRL:00>門<N:*:7:0B><CTRL:00><CTRL:FF><CTRL:FF><N:７:11:18><CTRL:00>た<CTRL:00><CTRL:F7><CTRL:FF>う<CTRL:00><N:≠:16:04><CTRL:00>な<CTRL:00>石<CTRL:00><N:ク:12:80>（<N:ﾉ:6:10><CTRL:FF>！<CTRL:00>，<CTRL:00><N:≠:16:04><CTRL:00>の<CTRL:00>石<CTRL:00><N:ク:12:80>（見！！<CTRL:00>，<CTRL:00><N:≠:16:04><CTRL:00>し<CTRL:00>石<CTRL:00>か’<G:E005:989>！<CTRL:00>，<CTRL:00><N:≠:16:04><CTRL:00><N:７:11:18><CTRL:00>石
21/S2045.DAT,0x469A2,31,medium,0,original,,,,,,石<CTRL:00><N:ぇ:2:C0>！攻’！<CTRL:00><N:≠:16:04><CTRL:00>に<CTRL:00>門<N:*:7:0B><CTRL:00><CTRL:FF><CTRL:FF><N:７:11:18><CTRL:00>た<CTRL:00><CTRL:F7><CTRL:FF>う<CTRL:00><N:≠:16:04><CTRL:00><N:ъ:14:1A><CTRL:00>石
21/S2045.DAT,0x469DC,29,medium,0,original,,,,,,<CTRL:00><CTRL:FF>0<CTRL:00><N:ъ:14:1A><CTRL:00>や<CTRL:00>0<CTRL:00>た<CTRL:00>や<CTRL:00>0<CTRL:00><N:７:11:18><CTRL:00>や<CTRL:00>う<CTRL:00>ら<CTRL:00>”<CTRL:00>で！て
21/S2045.DAT,0x46A2C,111,medium,0,original,,,,,,敵 <N:＆:4:07><CTRL:00><N:７:11:18><CTRL:00>敵 <N:＆:4:07><CTRL:00>の<CTRL:00>敵 <N:＆:4:07><CTRL:00>な<CTRL:00>敵 <N:＆:4:07><CTRL:00>し<CTRL:00>敵 う<CTRL:00>’<CTRL:00><N:３:14:19><CTRL:00>ど！’<CTRL:00><N:７:11:18><CTRL:00>じ！’<CTRL:00>の<CTRL:00>マ！’<CTRL:00>な<CTRL:00>タ！’<CTRL:00>し<CTRL:00>シ！う<CTRL:00>’<CTRL:00><N:３:14:19><CTRL:00>出！’<CTRL:00><N:７:11:18><CTRL:00>ね！’<CTRL:00>の<CTRL:00>下！’<CTRL:00>な<CTRL:00>何！’<CTRL:00>し<CTRL:00>チ！う<CTRL:00>を<CTRL:00>”<CTRL:00>ゃ う<CTRL:00>ら<CTRL:00>”<CTRL:00>2！に<CTRL:00>ろ て
21/S2045.DAT,0x46A4C,79,medium,0,original,,,,,,ど！’<CTRL:00><N:７:11:18><CTRL:00>じ！’<CTRL:00>の<CTRL:00>マ！’<CTRL:00>な<CTRL:00>タ！’<CTRL:00>し<CTRL:00>シ！う<CTRL:00>’<CTRL:00><N:３:14:19><CTRL:00>出！’<CTRL:00><N:７:11:18><CTRL:00>ね！’<CTRL:00>の<CTRL:00>下！’<CTRL:00>な<CTRL:00>何！’<CTRL:00>し<CTRL:00>チ！う<CTRL:00>を<CTRL:00>”<CTRL:00>ゃ う<CTRL:00>ら<CTRL:00>”<CTRL:00>2！に<CTRL:00>ろ て
21/S2045.DAT,0x46A6C,47,medium,0,original,,,,,,出！’<CTRL:00><N:７:11:18><CTRL:00>ね！’<CTRL:00>の<CTRL:00>下！’<CTRL:00>な<CTRL:00>何！’<CTRL:00>し<CTRL:00>チ！う<CTRL:00>を<CTRL:00>”<CTRL:00>ゃ う<CTRL:00>ら<CTRL:00>”<CTRL:00>2！に<CTRL:00>ろ て
21/S2045.DAT,0x46AC0,22,medium,0,original,,,,,,<N:ｌ:5:5B>！’<CTRL:00><N:７:11:18><CTRL:00>霊！う<CTRL:00> <CTRL:00>！<CTRL:00><CTRL:FC>  <CTRL:00><N:≠:16:04><CTRL:00><CTRL:FC>
21/S2045.DAT,0x46AE6,27,medium,0,original,,,,,,て！<N:＆:4:07><CTRL:00><N:７:11:18><CTRL:00>て！<N:＆:4:07><CTRL:00>の<CTRL:00>て！<N:＆:4:07><CTRL:00>な<CTRL:00>て！<N:＆:4:07><CTRL:00>し<CTRL:00>て！う
21/S2045.DAT,0x46D3C,8,medium,0,original,,,,,,精。ンを？らわた
21/S2045.DAT,0x46D5A,45,medium,0,original,,,,,,<CTRL:E5>！値ひれ<N:究:1:DE46>投ミベ<CTRL:E6><CTRL:00><CTRL:E5>！場ふ<N:究:1:DE46>投ミベ<CTRL:E6><CTRL:00><CTRL:E5>！年 が精ん<CTRL:E6><CTRL:00><CTRL:E5>！もー出っん<CTRL:E6>
21/S2045.DAT,0x46DB2,8,medium,0,original,,,,,,よとすをゃで王ン
21/S2045.DAT,0x46DD4,49,medium,0,original,,,,,,<CTRL:E5>！じ者ひれ話<N:空:2:DD18><CTRL:E6><CTRL:00><CTRL:E5>！運き臣ま<G:D2:209>話<N:空:2:DD18><CTRL:E6><CTRL:00><CTRL:E5>！フダ<N:リ:12:6F>ねま負話<N:空:2:DD18><CTRL:E6><CTRL:00><CTRL:E5>！解い装ま火<CTRL:E6>
21/S2045.DAT,0x46E2C,50,medium,0,original,,,,,,<CTRL:E5>！れどどめじ話<N:空:2:DD18><CTRL:E6><CTRL:00><CTRL:E5>！れひウまねニ話<N:空:2:DD18><CTRL:E6><CTRL:00><CTRL:E5>！必ま直き話<N:空:2:DD18><CTRL:E6><CTRL:00><CTRL:E5>！解い装ま火<CTRL:E6>
21/S2045.DAT,0x46E86,25,medium,0,original,,,,,,<CTRL:E5>！はどま受金話<N:空:2:DD18><CTRL:E6><CTRL:00><CTRL:E5>！解い装ま火<CTRL:E6>
21/S2045.DAT,0x47546,16,high,0,original,,,,,,チョピン / 出発なさいますか？
21/S2045.DAT,0x4758E,28,high,0,original,,,,,,<CTRL:E5>”出発する / <CTRL:E5>”出発しない / <CTRL:E5>”いろいろ教えて！
21/S2045.DAT,0x475EA,15,high,0,original,,,,,,チョピン / では、こちらへ。
21/S2045.DAT,0x47710,26,high,0,original,,,,,,チョピン / いつでも整備してお待ちしております。
21/S2045.DAT,0x478CC,16,high,0,original,,,,,,チョピン / 出発なさいますか？
21/S2045.DAT,0x47914,28,high,0,original,,,,,,<CTRL:E5>”出発する / <CTRL:E5>”出発しない / <CTRL:E5>”いろいろ教えて！
21/S2045.DAT,0x47970,14,high,0,original,,,,,,チョピン / では、こちらへ
21/S2045.DAT,0x47A92,26,high,0,original,,,,,,チョピン / いつでも整備してお待ちしております。
21/S2045.DAT,0x47BEA,16,high,0,original,,,,,,チョピン / 出発なさいますか？
21/S2045.DAT,0x47C32,32,high,0,original,,,,,,<CTRL:E5>”出発する / <CTRL:E5>”出発しない / <CTRL:E5>”いろいろ教えて！ その2
21/S2045.DAT,0x47C92,16,high,0,original,,,,,,チョピン / 出発なさいますか？
21/S2045.DAT,0x47CDA,31,high,0,original,,,,,,<CTRL:E5>”出発する / <CTRL:E5>”出発しない / <CTRL:E5>”耳よりな話を聞きたい！
21/S2045.DAT,0x47D3A,14,high,0,original,,,,,,チョピン / では、こちらへ
21/S2045.DAT,0x47E62,26,high,0,original,,,,,,チョピン / いつでも整備してお待ちしております。
21/S2045.DAT,0x47ED2,17,high,0,original,,,,,,チョピン / 何が知りたいですか？
21/S2045.DAT,0x47F1C,48,high,0,original,,,,,,<CTRL:E5>”ア<N:｣:11:65>テム・アクセサリーの効果。 / <CTRL:E5>”戦闘の方向と反撃。 / <CTRL:E5>”やつっり、いいや。
21/S2045.DAT,0x47F94,72,high,0,original,,,,,,チョピン / ア<N:｣:11:65>テム・アクセサリー・特し<N:ぃ:20:DE20>能力は、カーソルで選んでいる時に<N:t:5:DF60>か<N:Β:7:DF03><N:卞:16:DDA1>タンをおすことで、その効果を見れます。
21/S2045.DAT,0x4800E,66,high,0,original,,,,,,チョピン / 特に、特し<N:ぃ:20:DE20>能力は必要な<N:∪:20:DE4F><N:Ｐ:10:DD90>と / 現在の<N:∪:20:DE4F><N:Ｐ:10:DD90>が<N:表:12:DE59><N:示:2:DE6F>されるので / 大いに利用して下さい。
21/S2045.DAT,0x48082,48,high,0,original,,,,,,チョピン / ア<N:｣:11:65>テムで投げてダメージを<N:与:3:DD3F>えるものは石・爆弾・大きな爆弾の3つです。
21/S2045.DAT,0x480E4,45,high,0,original,,,,,,チョピン / ア<N:｣:11:65>テム投げは反撃されないので / 強い敵でも安全な攻撃手段です。
21/S2045.DAT,0x48150,44,high,0,original,,,,,,チョピン / 敵に攻撃した場合に、反撃をされ、 / ダメージを受けることがあります。
21/S2045.DAT,0x481AE,46,high,0,original,,,,,,チョピン / これを避けるためには、 / 敵の後ろかよこに / 回り込んで攻撃することです。
21/S2045.DAT,0x4820E,61,high,0,original,,,,,,チョピン / 逆に、自分が攻撃される時になるベく、 / 正面からになるようにしむけると / 敵に反撃しやすくなります。
21/S2045.DAT,0x4827E,54,high,0,original,,,,,,チョピン / 特し<N:ぃ:20:DE20>攻撃もア<N:｣:11:65>テムを投げるのと同じく絶対に敵の反撃を受けない攻撃手段です。
21/S2045.DAT,0x48300,17,high,0,original,,,,,,チョピン / 何が知りたいですか？
21/S2045.DAT,0x4834A,37,high,0,original,,,,,,<CTRL:E5>”バトルの心得 その2 / <CTRL:E5>”耳よりな話 / <CTRL:E5>”やつっり、いいや。
21/S2045.DAT,0x483B6,54,high,0,original,,,,,,<CTRL:E5>”モンスターとの相しょう / <CTRL:E5>”経験値について / <CTRL:E5>”成長のアトバ<N:｣:11:65>ス / <CTRL:E5>”やつっり、いいや。
21/S2045.DAT,0x48436,60,high,0,original,,,,,,チョピン / こちらの攻撃がモンスターにきかないのは<N:リ:12:6F>ベルの違い以外に、相しょうが悪い / 場合があります。
21/S2045.DAT,0x484A4,48,high,0,original,,,,,,チョピン / 例えば、魔法を使用するモンスターは、 / 魔法攻撃には強いもんです。
21/S2045.DAT,0x48506,47,high,0,original,,,,,,チョピン / 他には、飛んでいるモンスターには、 / 風の魔法がよくきくとかもあります。
21/S2045.DAT,0x48568,40,high,0,original,,,,,,チョピン / 戦いは頭を使わなきゃいけません。 / 力だけじゃだめなんですよ。
21/S2045.DAT,0x485C4,8,high,0,original,,,,,,言つてくれるぜ。
21/S2045.DAT,0x4860A,40,high,0,original,,,,,,チョピン / 強い相手を選んで戦うと、それだけ多くの経験をつめます。
21/S2045.DAT,0x48664,57,high,0,original,,,,,,チョピン / 経験は、攻撃した時も、された時も / 得られます。 / いつもチャ<N:リ:12:6F>ンジする心で挑んで下さい。
21/S2045.DAT,0x486D2,22,high,0,original,,,,,,なんだか、ちょつとやる気に / なつてきたな。
21/S2045.DAT,0x4871A,30,high,0,original,,,,,,チョピン / ただし、 / ダメージが0の場合はだめですよ。
21/S2045.DAT,0x4876C,7,high,0,original,,,,,,・・・。
21/S2045.DAT,0x487B2,43,high,0,original,,,,,,チョピン / 仲聞がふえてくると、戦闘での役わりに / より<N:リ:12:6F>ベルにさが出てきます。
21/S2045.DAT,0x48810,35,high,0,original,,,,,,チョピン / すベての人が攻撃に向いているわけでは / ありません。
21/S2045.DAT,0x48866,48,high,0,original,,,,,,チョピン / <N:午:15:DD4E>ャラクターの防御値が近い値になるように気をつけてみてはどうでしょう？
21/S2045.DAT,0x488C8,41,high,0,original,,,,,,チョピン / きつと、 / す<N:く:4:DDB7>やられてしまう落ちこ<G:D2:209>れは / いなくなりますよ。
21/S2045.DAT,0x48926,16,high,0,original,,,,,,落ちこ<G:D2:209>れとは誰のことじゃ？
21/S2045.DAT,0x48972,58,high,0,original,,,,,,<CTRL:E5>”アララトスの遺跡ダンジョン / <CTRL:E5>”ミルマーナのその後 / <CTRL:E5>”ラマダ寺での修行 / <CTRL:E5>”やつっり、いいや。
21/S2045.DAT,0x489F6,43,high,0,original,,,,,,チョピン / アララトスの遺跡ダンジョンは / 相当に階層が<N:深:11:DEA0>いようです。
21/S2045.DAT,0x48A54,52,high,0,original,,,,,,チョピン / なかには、モンスターに守られた、 / あそこにしかないアクセサリーもあると / 聞きます。
21/S2045.DAT,0x48ABA,34,high,0,original,,,,,,チョピン / 力試しもかねて、時には行つてみるのも / よいのでは？
21/S2045.DAT,0x48B10,30,high,0,original,,,,,,そうじゃ、おまえらの力で宝を / どんどん手に入れるんじゃ！
21/S2045.DAT,0x48B62,42,high,0,original,,,,,,もちろん、手に入れた後はわしにまかせんしゃい。 / <N:ヒ:5:DDB5>ャッ<N:ヒ:5:DDB5>ャッ<N:ヒ:5:DDB5>ャッ<N:ヒ:5:DDB5>ャッ。
21/S2045.DAT,0x48BC0,12,high,0,original,,,,,,まかせる訳ないでしょ！
21/S2045.DAT,0x48C0A,34,high,0,original,,,,,,チョピン / トヨー<N:ゲ:16:DD6D>の森のベみの精霊を / お<G:D2:209>えていますか？
21/S2045.DAT,0x48C5E,33,high,0,original,,,,,,チョピン / 彼女はいつも我<N:く:18:DD06>を見守つてくれて / います。
21/S2045.DAT,0x48CB2,58,high,0,original,,,,,,チョピン / ミルマーナには、3カ所バトルエリアが / あるこですし、時には行つて、 / 話を聞くのもよいでしょう。
21/S2045.DAT,0x48D1E,27,high,0,original,,,,,,チョピン / 行くと万能薬をもらえるようですよ。
21/S2045.DAT,0x48D6E,8,high,0,original,,,,,,やさし<N:∴:12:DEB6>のう。
21/S2045.DAT,0x48DB4,47,high,0,original,,,,,,チョピン / ラマダに残つた僧達は、 / 寺を修行の場として / 解放しているようです。
21/S2045.DAT,0x48E16,45,high,0,original,,,,,,チョピン / 自分の強さを試したくなつた場合に、 / 立ちよつてみてはどうでしょう。
21/S2045.DAT,0x48E78,10,high,0,original,,,,,,弟子達よ・・・・。
21/S2045.DAT,0x48EC0,22,high,0,original,,,,,,チョピン / どれについてお話ししましょう？
21/S2045.DAT,0x48F18,51,high,0,original,,,,,,<CTRL:E5>”ストーンサークル / <CTRL:E5>”リン<N:ク:12:80>の位置設定 / <CTRL:E5>”召喚獣について / <CTRL:E5>”次の<N:へ:4:DDF7>ージ
21/S2045.DAT,0x48F94,42,high,0,original,,,,,,<CTRL:E5>”ポニの楽器 / <CTRL:E5>”闘技場 / <CTRL:E5>”<N:ヒ:5:DDB5>ートウ<N:｣:13:DEB4>ール / <CTRL:E5>”やつっりいいや。
21/S2045.DAT,0x49006,47,high,0,original,,,,,,<CTRL:E5>”ストーンサークル / <CTRL:E5>”リン<N:ク:12:80>の位置設定 / <CTRL:E5>”召喚獣 / <CTRL:E5>”次の<N:へ:4:DDF7>ージ
21/S2045.DAT,0x4907E,41,high,0,original,,,,,,<CTRL:E5>”ポニの楽器 / <CTRL:E5>”闘技場 / <CTRL:E5>”<N:ヒ:5:DDB5>ートウ<N:｣:13:DEB4>ール / <CTRL:E5>”次の<N:へ:4:DDF7>ージ
21/S2045.DAT,0x490F0,56,high,0,original,,,,,,<CTRL:E5>”ラマダ寺の修行 / <CTRL:E5>”ロマンシン<N:ク:12:80>ストーン / <CTRL:E5>”アクセサリー<N:ｌ:5:5B>きぬのおびへ / <CTRL:E5>”やつっりいいや。
21/S2045.DAT,0x4916A,50,high,0,original,,,,,,チョピン / <N:ニ:13:DD3C>ーゲンさんが仲聞になつた後にオルカスの丘のストーンサークルへ行きましたか？
21/S2045.DAT,0x491CE,42,high,0,original,,,,,,チョピン / ここでは、あるア<N:｣:11:65>テムが手に入ります。ストーンサークルだけに・・。
21/S2045.DAT,0x4922E,50,high,0,original,,,,,,チョピン / バトル中に、自分のターンで / スタート<N:卞:16:DDA1>タンをおすと / ステータスを見れますよね。
21/S2045.DAT,0x49292,55,high,0,original,,,,,,チョピン / その時に、カーソルと<CTRL:E7>！でリン<N:ク:12:80>の中の技を選んでア<N:｣:11:65>ニンの位置を変えられるんです。
21/S2045.DAT,0x492FC,40,high,0,original,,,,,,チョピン / これは、一度変えるとセーフされるので / すつと使えますよ。
21/S2045.DAT,0x4935A,68,high,0,original,,,,,,チョピン / 召喚獣は全部で<N:ｃ:9:17>までなると聞いております。中には見つかりにくいものもいるようなのであちこち探してみて下さい。
21/S2045.DAT,0x493D4,64,high,0,original,,,,,,チョピン / ポニ様の楽器は、全部で<N:３:14:19>つになると聞いております。全部見つかると、かなり強い兵隊になれそうですね。
21/S2045.DAT,0x4944A,41,high,0,original,,,,,,チョピン / その後の闘技場では、バトルに勝つた数を数えているみたいですね。
21/S2045.DAT,0x494A6,42,high,0,original,,,,,,チョピン / きつと、いいことがありますから / がんばつて記ろくを作つて下さい。
21/S2045.DAT,0x49506,66,high,0,original,,,,,,チョピン / <N:ニ:13:DD3C>ーゲン様の<N:ヒ:5:DDB5>ートウ<N:｣:13:DEB4>ールの魔法の火に<N:ｌ:5:5B>大きな爆弾へを投げ込むと大爆発が / 起こるそうです。
21/S2045.DAT,0x4957A,36,high,0,original,,,,,,チョピン / モンスターの多いところで使つてみては / どうでしょう。
21/S2045.DAT,0x495D4,68,high,0,original,,,,,,チョピン / ラマダ寺では、ランクを設けて修行を行つているようですが、その全てを終えると手に入るアクセサリーがあるようです。
21/S2045.DAT,0x4964A,38,high,0,original,,,,,,チョピン / ただ、ラマダ寺でもらえるわけではないようですが・・・。
21/S2045.DAT,0x496A6,104,high,0,original,,,,,,チョピン / ロマンシン<N:ク:12:80>ストーンのある場所がわかりました。1つはスメリアのトウウ<N:ｲ:6:DD03>ル・1つは遺跡ダンジョン、1つは<N:ニ:13:DD3C>ーゲン様が、最後の1つはアークさんの父上が持つてらつしゃつたみたいですね。
21/S2045.DAT,0x49744,67,high,0,original,,,,,,チョピン / 戦闘での経験値が倍になるアクセサリーがあるようです。名前は<N:ｌ:5:5B>きぬのおびへ。 / 誰でも使えるようですね。
22/S2046.DAT,0x4782E,5,medium,0,original,,,,,,る<CTRL:00>し<CTRL:00><N:X:20:06>
22/S2046.DAT,0x47870,37,medium,0,original,,,,,,ふ！’<CTRL:00><N:７:11:18><CTRL:00>ふ！’<CTRL:00>の<CTRL:00>ふ！’<CTRL:00>な<CTRL:00>ふ！’<CTRL:00>し<CTRL:00>ふ！<N:＆:4:07><CTRL:00><CTRL:FF><CTRL:FF>の<CTRL:00>し<CTRL:00>ぞ！て
22/S2046.DAT,0x478EC,27,medium,0,original,,,,,,一！<N:＆:4:07><CTRL:00><N:７:11:18><CTRL:00>一！<N:＆:4:07><CTRL:00>の<CTRL:00>一！<N:＆:4:07><CTRL:00>な<CTRL:00>一！<N:＆:4:07><CTRL:00>し<CTRL:00>一！て
22/S2046.DAT,0x4794C,73,medium,0,original,,,,,,石<CTRL:00><N:ぇ:2:C0>！攻’！<CTRL:00><N:X:20:06><CTRL:00>に<CTRL:00>門<N:*:7:0B><CTRL:00><CTRL:FF><CTRL:FF><N:７:11:18><CTRL:00>た<CTRL:00><CTRL:F7><CTRL:FF>う<CTRL:00><N:≠:16:04><CTRL:00>な<CTRL:00>石<CTRL:00><N:ク:12:80>（<N:ﾉ:6:10><CTRL:FF>！<CTRL:00>，<CTRL:00><N:≠:16:04><CTRL:00>の<CTRL:00>石<CTRL:00><N:ク:12:80>（見！！<CTRL:00>，<CTRL:00><N:≠:16:04><CTRL:00>し<CTRL:00>石<CTRL:00>か’<G:E005:989>！<CTRL:00>，<CTRL:00><N:≠:16:04><CTRL:00><N:７:11:18><CTRL:00>石
22/S2046.DAT,0x479A2,31,medium,0,original,,,,,,石<CTRL:00><N:ぇ:2:C0>！攻’！<CTRL:00><N:≠:16:04><CTRL:00>に<CTRL:00>門<N:*:7:0B><CTRL:00><CTRL:FF><CTRL:FF><N:７:11:18><CTRL:00>た<CTRL:00><CTRL:F7><CTRL:FF>う<CTRL:00><N:≠:16:04><CTRL:00><N:ъ:14:1A><CTRL:00>石
22/S2046.DAT,0x479DC,29,medium,0,original,,,,,,<CTRL:00><CTRL:FF>0<CTRL:00><N:ъ:14:1A><CTRL:00>や<CTRL:00>0<CTRL:00>た<CTRL:00>や<CTRL:00>0<CTRL:00><N:７:11:18><CTRL:00>や<CTRL:00>う<CTRL:00>ら<CTRL:00>”<CTRL:00>で！て
22/S2046.DAT,0x47A2C,111,medium,0,original,,,,,,敵 <N:＆:4:07><CTRL:00><N:７:11:18><CTRL:00>敵 <N:＆:4:07><CTRL:00>の<CTRL:00>敵 <N:＆:4:07><CTRL:00>な<CTRL:00>敵 <N:＆:4:07><CTRL:00>し<CTRL:00>敵 う<CTRL:00>’<CTRL:00><N:３:14:19><CTRL:00>ど！’<CTRL:00><N:７:11:18><CTRL:00>じ！’<CTRL:00>の<CTRL:00>マ！’<CTRL:00>な<CTRL:00>タ！’<CTRL:00>し<CTRL:00>シ！う<CTRL:00>’<CTRL:00><N:３:14:19><CTRL:00>出！’<CTRL:00><N:７:11:18><CTRL:00>ね！’<CTRL:00>の<CTRL:00>下！’<CTRL:00>な<CTRL:00>何！’<CTRL:00>し<CTRL:00>チ！う<CTRL:00>を<CTRL:00>”<CTRL:00>ゃ う<CTRL:00>ら<CTRL:00>”<CTRL:00>2！に<CTRL:00>ろ て
22/S2046.DAT,0x47A4C,79,medium,0,original,,,,,,ど！’<CTRL:00><N:７:11:18><CTRL:00>じ！’<CTRL:00>の<CTRL:00>マ！’<CTRL:00>な<CTRL:00>タ！’<CTRL:00>し<CTRL:00>シ！う<CTRL:00>’<CTRL:00><N:３:14:19><CTRL:00>出！’<CTRL:00><N:７:11:18><CTRL:00>ね！’<CTRL:00>の<CTRL:00>下！’<CTRL:00>な<CTRL:00>何！’<CTRL:00>し<CTRL:00>チ！う<CTRL:00>を<CTRL:00>”<CTRL:00>ゃ う<CTRL:00>ら<CTRL:00>”<CTRL:00>2！に<CTRL:00>ろ て
22/S2046.DAT,0x47A6C,47,medium,0,original,,,,,,出！’<CTRL:00><N:７:11:18><CTRL:00>ね！’<CTRL:00>の<CTRL:00>下！’<CTRL:00>な<CTRL:00>何！’<CTRL:00>し<CTRL:00>チ！う<CTRL:00>を<CTRL:00>”<CTRL:00>ゃ う<CTRL:00>ら<CTRL:00>”<CTRL:00>2！に<CTRL:00>ろ て
22/S2046.DAT,0x47AC0,22,medium,0,original,,,,,,<N:ｌ:5:5B>！’<CTRL:00><N:７:11:18><CTRL:00>霊！う<CTRL:00> <CTRL:00>！<CTRL:00><CTRL:FC>  <CTRL:00><N:≠:16:04><CTRL:00><CTRL:FC>
22/S2046.DAT,0x47AE6,27,medium,0,original,,,,,,て！<N:＆:4:07><CTRL:00><N:７:11:18><CTRL:00>て！<N:＆:4:07><CTRL:00>の<CTRL:00>て！<N:＆:4:07><CTRL:00>な<CTRL:00>て！<N:＆:4:07><CTRL:00>し<CTRL:00>て！う
22/S2046.DAT,0x47D3C,8,medium,0,original,,,,,,精。ンを？らわた
22/S2046.DAT,0x47D5A,45,medium,0,original,,,,,,<CTRL:E5>！値ひれ<N:究:1:DE46>投ミベ<CTRL:E6><CTRL:00><CTRL:E5>！場ふ<N:究:1:DE46>投ミベ<CTRL:E6><CTRL:00><CTRL:E5>！年 が精ん<CTRL:E6><CTRL:00><CTRL:E5>！もー出っん<CTRL:E6>
22/S2046.DAT,0x47DB2,8,medium,0,original,,,,,,よとすをゃで王ン
22/S2046.DAT,0x47DD4,49,medium,0,original,,,,,,<CTRL:E5>！じ者ひれ話<N:空:2:DD18><CTRL:E6><CTRL:00><CTRL:E5>！運き臣ま<G:D2:209>話<N:空:2:DD18><CTRL:E6><CTRL:00><CTRL:E5>！フダ<N:リ:12:6F>ねま負話<N:空:2:DD18><CTRL:E6><CTRL:00><CTRL:E5>！解い装ま火<CTRL:E6>
22/S2046.DAT,0x47E2C,50,medium,0,original,,,,,,<CTRL:E5>！れどどめじ話<N:空:2:DD18><CTRL:E6><CTRL:00><CTRL:E5>！れひウまねニ話<N:空:2:DD18><CTRL:E6><CTRL:00><CTRL:E5>！必ま直き話<N:空:2:DD18><CTRL:E6><CTRL:00><CTRL:E5>！解い装ま火<CTRL:E6>
22/S2046.DAT,0x47E86,25,medium,0,original,,,,,,<CTRL:E5>！はどま受金話<N:空:2:DD18><CTRL:E6><CTRL:00><CTRL:E5>！解い装ま火<CTRL:E6>
22/S2046.DAT,0x47FA8,16,high,0,original,,,,,,このまま戻れば<N:捕:1:DE91>まつちまうぞ。
22/S2046.DAT,0x47FEC,10,high,0,original,,,,,,じゃあ、どうするの？
22/S2046.DAT,0x4802A,21,high,0,original,,,,,,このわしに、 / いい考えがあるんじゃが。
22/S2046.DAT,0x48074,7,high,0,original,,,,,,どうするんだ？
22/S2046.DAT,0x480B0,24,high,0,original,,,,,,まあまあ、 / このチョン<N:力:5:DD02>ラ様にまかせなさい。
22/S2046.DAT,0x480FC,21,high,0,original,,,,,,じいさん、 / ちょつと耳をかせ・・。
22/S2046.DAT,0x48146,32,high,0,original,,,,,,ほお・・ / <CTRL:E4>よなんと・・・ / <CTRL:E4>よそりゃいいわい！
22/S2046.DAT,0x4819A,9,high,0,original,,,,,,大丈夫かなっ。
22/S2046.DAT,0x48242,22,high,0,original,,,,,,いやー着いた。<CTRL:E4>よ着いたぞー！！<CTRL:E4>よ
22/S2046.DAT,0x4829E,44,high,0,original,,,,,,ごほつ・<CTRL:E4>4ごほつ・<CTRL:E4>4ごほ・<CTRL:E4><N:*:7:0B>ごほつ / <CTRL:E4>よ<N:空:2:DD18>気のきたない国であるな。
22/S2046.DAT,0x48302,8,high,0,original,,,,,,全くですなっ。
22/S2046.DAT,0x48358,30,high,0,original,,,,,,兵士 / 何だなんだ、 / 入国の連らくは受けていないぞ。
22/S2046.DAT,0x483A0,27,high,0,original,,,,,,ア<N:｣:11:65>ヤー、<CTRL:E4>よ<CTRL:E4>よ / 失礼をばつかまつつた！！<CTRL:E4>よ
22/S2046.DAT,0x483DC,53,high,0,original,,,,,,連らくを入れようと思つたンじゃがね<N:ぇ:2:C0>、<CTRL:E4>よ<CTRL:E4>よ飛行<N:船:6:DE0B>の通信機の調子が悪うての<N:ぉ:8:DD45>。<CTRL:E4>よ
22/S2046.DAT,0x4844A,17,high,0,original,,,,,,いやー、<CTRL:E4>よまいつたまいつた！<CTRL:E4>よ
22/S2046.DAT,0x48494,30,high,0,original,,,,,,兵士 / いいから身分証明書になるものを見せなさい！
22/S2046.DAT,0x484EA,39,high,0,original,,,,,,はて？<CTRL:E4>よ<CTRL:E4>よ身分証明書とな？ / <CTRL:E4>よ<CTRL:E4>よソ<N:リ:12:6F><N:ハ:12:DDA2>、ナンデスカ<N:｣:11:65>ナ？
22/S2046.DAT,0x4854A,8,high,0,original,,,,,,ナンデショウナ？
22/S2046.DAT,0x4858A,43,high,0,original,,,,,,兵士 / パスポートだよ、パスポート！ / まさか持つてないのか？ / あやしい奴め。
22/S2046.DAT,0x485F4,32,high,0,original,,,,,,な、何と無礼な！ / こちらの方をどなたと心得る。<CTRL:E4>よ<CTRL:E4>よ
22/S2046.DAT,0x48646,8,high,0,original,,,,,,兵士 / ？？？
22/S2046.DAT,0x48686,29,high,0,original,,,,,,<CTRL:E4>よ<CTRL:E4>よ爺、<CTRL:E4>よ<CTRL:E4>よ言つてやつて、言つてやつて。<CTRL:E4>よ
22/S2046.DAT,0x486DC,34,high,0,original,,,,,,このお方はな、クラーフ王国王子トン・<N:力:5:DD02>バ・へモチョン様なるぞ！！
22/S2046.DAT,0x48730,23,high,0,original,,,,,,兵士 / クラーフ王国？王子？ / あんたが？？
22/S2046.DAT,0x48780,13,high,0,original,,,,,,うん、そうなのよ、これが。
22/S2046.DAT,0x487C0,34,high,0,original,,,,,,兵士 / はあ、しかしクラーフ王国などという国は聞いたこも・・。
22/S2046.DAT,0x4881A,47,high,0,original,,,,,,ぶっつかもん！！なんようにうかぶこの世の楽えん、クラーフ島を知らんてか、おぬし！<CTRL:E4>よ<CTRL:E4>よ
22/S2046.DAT,0x4887C,29,high,0,original,,,,,,兵士 / いや、聞いたこがあるような、ないような・・。
22/S2046.DAT,0x488D2,58,high,0,original,,,,,,その島をおさめてらつしゃるのが / この方のお父上、王の中の王！！ / トン・シラン・<N:メ:6:DD5F>デス<N:ゲ:16:DD6D>ト様なのだベさ。
22/S2046.DAT,0x4893E,31,high,0,original,,,,,,兵士 / こ、これは失礼しました。すると、後ろの方<N:く:18:DD06>は？
22/S2046.DAT,0x48996,16,high,0,original,,,,,,我が国の大臣達だがね<N:ぇ:2:C0>ー<CTRL:E4>よ<CTRL:E4>よ
22/S2046.DAT,0x489E8,13,high,0,original,,,,,,へモ へモーーーー！！
22/S2046.DAT,0x48A30,24,high,0,original,,,,,,兵士 / それで、今回の入国の目的は・・？
22/S2046.DAT,0x48A80,25,high,0,original,,,,,,<CTRL:E4>よなーにを言つとるのかね<CTRL:E4>よチミ<N:ｲ:6:DD03>？<CTRL:E4>よ<CTRL:E4>よ
22/S2046.DAT,0x48AD2,40,high,0,original,,,,,,おたくの王様が死んだ<G:DD04:223>うから<N:遠:1:DE4C>ろはるばる飛んできたさアルよ、まつたく<CTRL:E4>よ
22/S2046.DAT,0x48B32,19,high,0,original,,,,,,あーつかれたわ、<CTRL:E4>よ<CTRL:E4>ようーーー。<CTRL:E4>よ
22/S2046.DAT,0x48B78,29,high,0,original,,,,,,兵士 / しかし、王のそうぎは3日前に終わりましたよ
22/S2046.DAT,0x48BCE,6,high,0,original,,,,,,え？<CTRL:E4>よ
22/S2046.DAT,0x48C0C,14,high,0,original,,,,,,終わつちゃつたとな！？<CTRL:E4>よ
22/S2046.DAT,0x48C4C,8,high,0,original,,,,,,兵士 / ええ。
22/S2046.DAT,0x48C8C,23,high,0,original,,,,,,うがあっっっ！ / <CTRL:E4>よどないひょーーー！！<CTRL:E4>よ
22/S2046.DAT,0x48CDC,25,high,0,original,,,,,,こまりましたな、<CTRL:E4>よこのままじゃ帰れませんわ<CTRL:E4>よ
22/S2046.DAT,0x48D28,34,high,0,original,,,,,,兵士 / あの、それならば、王のはかにお参りしていつてくれませんか？
22/S2046.DAT,0x48D82,5,high,0,original,,,,,,なに？<CTRL:E4>よ
22/S2046.DAT,0x48DC0,8,high,0,original,,,,,,はかとな！？<CTRL:E4>よ
22/S2046.DAT,0x48DFA,33,high,0,original,,,,,,兵士 / はい、それならばきつと亡き王もお喜びになられますよ。
22/S2046.DAT,0x48E54,31,high,0,original,,,,,,そ、そりゃー良い考えであるな。<CTRL:E4>よさつそく参るとしようぞ！
22/S2046.DAT,0x48EAC,15,high,0,original,,,,,,そうですな、<CTRL:E4>よ行くぞお前達！
22/S2046.DAT,0x48EFE,13,high,0,original,,,,,,へモ へモーーーー！！
22/S2046.DAT,0x48F86,8,high,0,original,,,,,,兵士 / ？
22/S2046.DAT,0x490BA,15,high,0,original,,,,,,バッチ / 出発なさいますか？
22/S2046.DAT,0x49102,15,high,0,original,,,,,,<CTRL:E5>”出発する / <CTRL:E5>”出発しない
22/S2046.DAT,0x49150,16,high,0,original,,,,,,バッチ / 行つてらつしゃいませ
22/S2046.DAT,0x49276,25,high,0,original,,,,,,バッチ / いつでも整備してお待ちしております。
22/S2046.DAT,0x49430,21,medium,0,original,,,,,,（<CTRL:00><N:‐:2:0E><CTRL:00><N:７:11:18><CTRL:00>（<CTRL:00><N:‐:2:0E><CTRL:00><N:３:14:19><CTRL:00>（<CTRL:00><N:‐:2:0E><CTRL:00>）<CTRL:00>（<CTRL:00><N:‐:2:0E>
22/S2046.DAT,0x4943C,9,medium,0,original,,,,,,（<CTRL:00><N:‐:2:0E><CTRL:00>）<CTRL:00>（<CTRL:00><N:‐:2:0E>
22/S2047.DAT,0x4782E,5,medium,0,original,,,,,,る<CTRL:00>し<CTRL:00><N:X:20:06>
22/S2047.DAT,0x47870,37,medium,0,original,,,,,,ふ！’<CTRL:00><N:７:11:18><CTRL:00>ふ！’<CTRL:00>の<CTRL:00>ふ！’<CTRL:00>な<CTRL:00>ふ！’<CTRL:00>し<CTRL:00>ふ！<N:＆:4:07><CTRL:00><CTRL:FF><CTRL:FF>の<CTRL:00>し<CTRL:00>ぞ！て
22/S2047.DAT,0x478EC,27,medium,0,original,,,,,,一！<N:＆:4:07><CTRL:00><N:７:11:18><CTRL:00>一！<N:＆:4:07><CTRL:00>の<CTRL:00>一！<N:＆:4:07><CTRL:00>な<CTRL:00>一！<N:＆:4:07><CTRL:00>し<CTRL:00>一！て
22/S2047.DAT,0x4794C,73,medium,0,original,,,,,,石<CTRL:00><N:ぇ:2:C0>！攻’！<CTRL:00><N:X:20:06><CTRL:00>に<CTRL:00>門<N:*:7:0B><CTRL:00><CTRL:FF><CTRL:FF><N:７:11:18><CTRL:00>た<CTRL:00><CTRL:F7><CTRL:FF>う<CTRL:00><N:≠:16:04><CTRL:00>な<CTRL:00>石<CTRL:00><N:ク:12:80>（<N:ﾉ:6:10><CTRL:FF>！<CTRL:00>，<CTRL:00><N:≠:16:04><CTRL:00>の<CTRL:00>石<CTRL:00><N:ク:12:80>（見！！<CTRL:00>，<CTRL:00><N:≠:16:04><CTRL:00>し<CTRL:00>石<CTRL:00>か’<G:E005:989>！<CTRL:00>，<CTRL:00><N:≠:16:04><CTRL:00><N:７:11:18><CTRL:00>石
22/S2047.DAT,0x479A2,31,medium,0,original,,,,,,石<CTRL:00><N:ぇ:2:C0>！攻’！<CTRL:00><N:≠:16:04><CTRL:00>に<CTRL:00>門<N:*:7:0B><CTRL:00><CTRL:FF><CTRL:FF><N:７:11:18><CTRL:00>た<CTRL:00><CTRL:F7><CTRL:FF>う<CTRL:00><N:≠:16:04><CTRL:00><N:ъ:14:1A><CTRL:00>石
22/S2047.DAT,0x479DC,29,medium,0,original,,,,,,<CTRL:00><CTRL:FF>0<CTRL:00><N:ъ:14:1A><CTRL:00>や<CTRL:00>0<CTRL:00>た<CTRL:00>や<CTRL:00>0<CTRL:00><N:７:11:18><CTRL:00>や<CTRL:00>う<CTRL:00>ら<CTRL:00>”<CTRL:00>で！て
22/S2047.DAT,0x47A2C,111,medium,0,original,,,,,,敵 <N:＆:4:07><CTRL:00><N:７:11:18><CTRL:00>敵 <N:＆:4:07><CTRL:00>の<CTRL:00>敵 <N:＆:4:07><CTRL:00>な<CTRL:00>敵 <N:＆:4:07><CTRL:00>し<CTRL:00>敵 う<CTRL:00>’<CTRL:00><N:３:14:19><CTRL:00>ど！’<CTRL:00><N:７:11:18><CTRL:00>じ！’<CTRL:00>の<CTRL:00>マ！’<CTRL:00>な<CTRL:00>タ！’<CTRL:00>し<CTRL:00>シ！う<CTRL:00>’<CTRL:00><N:３:14:19><CTRL:00>出！’<CTRL:00><N:７:11:18><CTRL:00>ね！’<CTRL:00>の<CTRL:00>下！’<CTRL:00>な<CTRL:00>何！’<CTRL:00>し<CTRL:00>チ！う<CTRL:00>を<CTRL:00>”<CTRL:00>ゃ う<CTRL:00>ら<CTRL:00>”<CTRL:00>2！に<CTRL:00>ろ て
22/S2047.DAT,0x47A4C,79,medium,0,original,,,,,,ど！’<CTRL:00><N:７:11:18><CTRL:00>じ！’<CTRL:00>の<CTRL:00>マ！’<CTRL:00>な<CTRL:00>タ！’<CTRL:00>し<CTRL:00>シ！う<CTRL:00>’<CTRL:00><N:３:14:19><CTRL:00>出！’<CTRL:00><N:７:11:18><CTRL:00>ね！’<CTRL:00>の<CTRL:00>下！’<CTRL:00>な<CTRL:00>何！’<CTRL:00>し<CTRL:00>チ！う<CTRL:00>を<CTRL:00>”<CTRL:00>ゃ う<CTRL:00>ら<CTRL:00>”<CTRL:00>2！に<CTRL:00>ろ て
22/S2047.DAT,0x47A6C,47,medium,0,original,,,,,,出！’<CTRL:00><N:７:11:18><CTRL:00>ね！’<CTRL:00>の<CTRL:00>下！’<CTRL:00>な<CTRL:00>何！’<CTRL:00>し<CTRL:00>チ！う<CTRL:00>を<CTRL:00>”<CTRL:00>ゃ う<CTRL:00>ら<CTRL:00>”<CTRL:00>2！に<CTRL:00>ろ て
22/S2047.DAT,0x47AC0,22,medium,0,original,,,,,,<N:ｌ:5:5B>！’<CTRL:00><N:７:11:18><CTRL:00>霊！う<CTRL:00> <CTRL:00>！<CTRL:00><CTRL:FC>  <CTRL:00><N:≠:16:04><CTRL:00><CTRL:FC>
22/S2047.DAT,0x47AE6,27,medium,0,original,,,,,,て！<N:＆:4:07><CTRL:00><N:７:11:18><CTRL:00>て！<N:＆:4:07><CTRL:00>の<CTRL:00>て！<N:＆:4:07><CTRL:00>な<CTRL:00>て！<N:＆:4:07><CTRL:00>し<CTRL:00>て！う
22/S2047.DAT,0x47D3C,8,medium,0,original,,,,,,精。ンを？らわた
22/S2047.DAT,0x47D5A,45,medium,0,original,,,,,,<CTRL:E5>！値ひれ<N:究:1:DE46>投ミベ<CTRL:E6><CTRL:00><CTRL:E5>！場ふ<N:究:1:DE46>投ミベ<CTRL:E6><CTRL:00><CTRL:E5>！年 が精ん<CTRL:E6><CTRL:00><CTRL:E5>！もー出っん<CTRL:E6>
22/S2047.DAT,0x47DB2,8,medium,0,original,,,,,,よとすをゃで王ン
22/S2047.DAT,0x47DD4,49,medium,0,original,,,,,,<CTRL:E5>！じ者ひれ話<N:空:2:DD18><CTRL:E6><CTRL:00><CTRL:E5>！運き臣ま<G:D2:209>話<N:空:2:DD18><CTRL:E6><CTRL:00><CTRL:E5>！フダ<N:リ:12:6F>ねま負話<N:空:2:DD18><CTRL:E6><CTRL:00><CTRL:E5>！解い装ま火<CTRL:E6>
22/S2047.DAT,0x47E2C,50,medium,0,original,,,,,,<CTRL:E5>！れどどめじ話<N:空:2:DD18><CTRL:E6><CTRL:00><CTRL:E5>！れひウまねニ話<N:空:2:DD18><CTRL:E6><CTRL:00><CTRL:E5>！必ま直き話<N:空:2:DD18><CTRL:E6><CTRL:00><CTRL:E5>！解い装ま火<CTRL:E6>
22/S2047.DAT,0x47E86,25,medium,0,original,,,,,,<CTRL:E5>！はどま受金話<N:空:2:DD18><CTRL:E6><CTRL:00><CTRL:E5>！解い装ま火<CTRL:E6>
22/S2047.DAT,0x47FD2,14,high,0,original,,,,,,みんな、ちょつと待つてくれ。
22/S2047.DAT,0x48042,44,high,0,original,,,,,,俺達は今から / パ<N:リ:12:6F>ンシア城に戻るけど / もうここに戻つてこられないかもしれないんだ。
22/S2047.DAT,0x480A2,14,high,0,original,,,,,,<CTRL:E4>よ今までどうもありがとう。
22/S2047.DAT,0x480E8,42,high,0,original,,,,,,チョピン / 私は、国王の命に従つただけです。 / 別段お礼には及びません。
22/S2047.DAT,0x48146,6,high,0,original,,,,,,ありがとう。
22/S2047.DAT,0x4818E,22,high,0,original,,,,,,ちつ / <CTRL:E4>よ愛<N:悲:18:DF28>のねえ野郎どもだぜ。
22/S2047.DAT,0x481D8,9,high,0,original,,,,,,待たせた、行こう。
22/S2047.DAT,0x48232,4,high,0,original,,,,,,あばよ。
22/S2051.DAT,0x4782A,5,medium,1,original,,,,,,る<CTRL:00>の<CTRL:00><N:X:20:06>
22/S2051.DAT,0x478A6,15,high,1,e2_valid,0x81,0,13,13,1,国王 / おまえが、アークか？
22/S2051.DAT,0x478F0,3,high,1,e2_valid,0x82,1,1,1,1,はい。
22/S2051.DAT,0x4792C,53,high,1,e2_valid,0x83,2,51,51,1,国王 / シオン山での活やく / わしの耳にも入つておる。 / 変わつた力を持つているそうじゃな？
22/S2051.DAT,0x4799C,23,high,1,e2_valid,0x84,3,21,21,1,山で精霊（せいれい）から力を / もらいました。
22/S2051.DAT,0x479EC,10,high,1,e2_valid,0x85,4,8,8,1,国王 / 精霊とな？
22/S2051.DAT,0x47A28,25,high,1,e2_valid,0x86,5,23,23,1,国王 / それで、精霊はおまえに / なんと言つた？
22/S2051.DAT,0x47A7C,27,high,1,e2_valid,0x87,6,25,25,1,はい<CTRL:E4><N:*:7:0B> / 精霊は 人が滅びると / 言つていました。
22/S2051.DAT,0x47AD0,26,high,1,e2_valid,0x88,7,24,24,1,国王 / 人類が滅びるとな。 / それは・・。
22/S2051.DAT,0x47B22,35,high,1,e2_valid,0x89,8,33,33,1,大臣 / アークと申したな。 / めつたなこを<G:DE13:493>にするものではない。
22/S2051.DAT,0x47B7E,27,high,1,e2_valid,0x8A,9,25,25,1,大臣 / 王よ、このような子供の話など・・・。
22/S2051.DAT,0x47BD2,51,high,1,e2_valid,0x8B,10,49,49,1,国王 / 世界が滅びる・・皇太子であつた兄が / 姿を消した時にもそんなこを・・。
22/S2051.DAT,0x47C38,52,high,1,e2_valid,0x8C,11,50,50,1,国王 / アークよ、お前にたのみがある。わが国に伝わる<N:ｌ:5:5B>聖柩へ（せいひつ）に<N:閤:15:DDB1>するものだ・・。
22/S2051.DAT,0x47CA4,50,high,1,e2_valid,0x8D,12,48,48,1,大臣 / この者が伝説の勇者だと / 決まつたわけではないのですぞ。 / まだその話は早いかと。
22/S2051.DAT,0x47D0E,16,high,1,e2_valid,0x8E,13,14,14,1,国王 / ではどうすれば良い。
22/S2051.DAT,0x47D50,13,high,1,e2_valid,0x8F,14,11,11,1,大臣 / 私におまかせを。
22/S2051.DAT,0x47D9C,49,high,1,e2_valid,0x90,15,47,47,1,大臣 / アークとやら、お前が本当に / 精霊の力をさすかつた者かどうかを / 試させてもらおう。
22/S2051.DAT,0x47E00,34,high,1,e2_valid,0x91,16,32,32,1,大臣 / ここから北にいくと / ニル<N:卞:16:DDA1>平原という場所がある。
22/S2051.DAT,0x47E54,27,high,1,e2_valid,0x92,17,25,25,1,大臣 / そこのモンスターを<N:退:3:DE63>治して欲しいのだ。
22/S2051.DAT,0x47EA2,33,high,1,e2_valid,0x93,18,31,31,1,大臣 / すでに、討伐（とうばつ）部隊が / 出発しておる。
22/S2051.DAT,0x47EF6,32,high,1,e2_valid,0x94,19,30,30,1,大臣 / す<N:く:4:DDB7>行つて彼らの前で / その力をみせてみるがよい。
22/S2051.DAT,0x47F4A,3,high,1,e2_valid,0x95,20,1,1,1,はい。
22/S2051.DAT,0x47F86,14,high,1,e2_valid,0x96,21,12,12,1,国王 / 期待しておるぞ。
22/S2051.DAT,0x47FF6,6,medium,1,original,,,,,,ひ<CTRL:00>大<N:*:7:0B>か<N:＄:1:05>
22/S2052.DAT,0x47908,39,high,1,e2_valid,0x81,0,37,37,1,ニル<N:卞:16:DDA1>平原の / モンスター討伐（とうばつ）の / 報告に来ました。
22/S2052.DAT,0x47962,23,high,1,e2_valid,0x82,1,21,21,1,大臣 / なぜ、討伐部隊の者がおらん？
22/S2052.DAT,0x479BC,39,high,1,e2_valid,0x83,2,37,37,1,それに<N:閤:15:DDB1>しては、<G:D2:209>くが、 / あの<CTRL:E4>4・<CTRL:E4><N:*:7:0B>・<CTRL:E4>4・その<CTRL:E4><N:*:7:0B>・<CTRL:E4>4・<CTRL:E4><N:*:7:0B>・
22/S2052.DAT,0x47A16,10,high,1,e2_valid,0x84,3,8,8,1,大臣 / おまえは？
22/S2052.DAT,0x47A5A,19,high,1,e2_valid,0x85,4,17,17,1,はい、討伐部隊のポニです。
22/S2052.DAT,0x47AA0,9,high,1,e2_valid,0x86,5,7,7,1,大臣 / お前が？
22/S2052.DAT,0x47ADE,43,high,1,e2_valid,0x87,6,41,41,1,はい、それで、その・・部隊は / <G:D2:209>くをのぞいて全滅（ぜんめつ）したんです。
22/S2052.DAT,0x47B42,15,high,1,e2_valid,0x88,7,13,13,1,国王 / なに？全滅とな！
22/S2052.DAT,0x47B8A,46,high,1,e2_valid,0x89,8,44,44,1,大臣 / うそをつくな。 / あの部隊は軍の中でも王をお守りする最高の兵士達だぞ。
22/S2052.DAT,0x47BEA,33,high,1,e2_valid,0x8A,9,31,31,1,大臣 / ・・<CTRL:E4>よ / では、おまえ達は逃げ帰つて来たのか？
22/S2052.DAT,0x47C40,24,high,1,e2_valid,0x8B,10,22,22,1,いいえ、ご命令どおり / <N:退:3:DE63>治してきました。
22/S2052.DAT,0x47C8C,28,high,1,e2_valid,0x8C,11,26,26,1,ただ、あそこのモンスターは / いくらでも出てきてますよ。
22/S2052.DAT,0x47CE0,13,high,1,e2_valid,0x8D,12,11,11,1,国王 / 何、いくらでも！
22/S2052.DAT,0x47D26,53,high,1,e2_valid,0x8E,13,51,51,1,大臣 / おまえ達のような子供だけで、あの部隊を全滅させたモンスターを倒せるわけがないだろう。
22/S2052.DAT,0x47D9C,57,high,1,e2_valid,0x8F,14,55,55,1,兵士 / 報告いたします。モンスターがパ<N:リ:12:6F>ンシア城に向かつて来ております。 / 今にも城に達するかと。
22/S2052.DAT,0x47E0E,11,high,1,e2_valid,0x90,15,9,9,1,国王 / 今にもとな！
22/S2052.DAT,0x47E52,15,high,1,e2_valid,0x91,16,13,13,1,大臣 / 兵達は何をしておる！
22/S2052.DAT,0x47E94,26,high,1,e2_valid,0x92,17,24,24,1,兵士 / それが、いつこうに<N:歯:2:DF3A>が立たす・・。
22/S2052.DAT,0x47EE8,29,high,1,e2_valid,0x93,18,27,27,1,じゃあ、俺の言つたことが / うそかどうかお目にかけますよ。
22/S2052.DAT,0x47F40,6,high,1,e2_valid,0x94,19,4,4,1,行くぞポニ。
22/S2052.DAT,0x47FA0,14,high,1,e2_valid,0x95,20,12,12,1,国王 / お目にかけるとな！
22/S2052.DAT,0x4816C,6,medium,1,original,,,,,,ひ<CTRL:00>大<N:*:7:0B>か<N:＄:1:05>
22/S2053.DAT,0x4782A,5,medium,1,original,,,,,,る<CTRL:00>の<CTRL:00><N:X:20:06>
22/S2053.DAT,0x478CE,25,high,1,e2_valid,0x81,0,23,23,1,国王 / よくぞ、モンスターを追いはらつてくれた
22/S2053.DAT,0x47928,19,high,1,e2_valid,0x82,1,17,17,1,俺達の力が / わかつてもらえましたか？
22/S2053.DAT,0x4797A,14,high,1,e2_valid,0x83,2,12,12,1,大臣 / わかつたかだと！？
22/S2053.DAT,0x479BA,32,high,1,e2_valid,0x84,3,30,30,1,大臣 / おまえの話しているお方を / どなただと思つているのだ。
22/S2053.DAT,0x47A1E,15,high,1,e2_valid,0x85,4,13,13,1,国王 / やめないかアンデル！
22/S2053.DAT,0x47A60,40,high,1,e2_valid,0x86,5,38,38,1,国王 / いいではないか。 / 聞違いなくこの者達の力で / 救われたのだから。
22/S2053.DAT,0x47AC0,22,high,1,e2_valid,0x87,6,20,20,1,国王 / つまらぬこを言つて悪かつたな。
22/S2053.DAT,0x47B0E,57,high,1,e2_valid,0x88,7,55,55,1,国王 / では、この聞話しかけた / <N:ｌ:5:5B>聖柩へ（せいひつ）を、おまえに / さがしてもらおうと思うのじゃが・・。
22/S2053.DAT,0x47B80,44,high,1,e2_valid,0x89,8,42,42,1,国王 / その前に、この国に伝わる伝説と / わしの兄について話さなければならん。
22/S2053.DAT,0x47CAC,6,medium,1,original,,,,,,ひ<CTRL:00>大<N:*:7:0B>か<N:＄:1:05>
22/S2054.DAT,0x4792E,16,high,0,original,,,,,,ミルマーナの報告にきました
22/S2054.DAT,0x47970,46,high,0,original,,,,,,大臣 / ご苦<N:労:5:DE50> / だがあいにく国王は<N:く:4:DDB7>あいが悪いようだ / 代わつて私が話を聞こう
22/S2054.DAT,0x479DE,51,high,0,original,,,,,,兵士 / 大臣に報告いたします / 謀反人（むほんにん）トッシュを / 地下<N:牢:2:DE21>に<N:捕:1:DE91>らえました
22/S2054.DAT,0x47A44,15,high,0,original,,,,,,大臣 / そうか、よしわかつた
22/S2054.DAT,0x47A86,30,high,0,original,,,,,,大臣 / 急用ができたようだ / 話は後ほど聞くとしよう
22/S2054.DAT,0x47AD6,11,high,0,original,,,,,,大臣 / 下がるがよい
22/S2054.DAT,0x47B6E,6,medium,0,original,,,,,,ひ<CTRL:00>大<N:*:7:0B>か<N:＄:1:05>
22/S2055.DAT,0x478F0,31,high,0,original,,,,,,国王 / それでは、兄がお前の父だと / 精霊が言つたのだな？
22/S2055.DAT,0x4794A,3,high,0,original,,,,,,はい。
22/S2055.DAT,0x47980,39,high,0,original,,,,,,大臣 / 何を言うか！ / おまえのような者が / 王家の血をひくなどと・。
22/S2055.DAT,0x479E0,32,high,0,original,,,,,,大臣 / 王よ、この者は王家乗つ取りをもくろんでおるやも。
22/S2055.DAT,0x47A38,35,high,0,original,,,,,,国王 / 乗つ取りとな。<CTRL:E4>よ / このような子供がそのような・。
22/S2055.DAT,0x47A94,40,high,0,original,,,,,,国王 / アークとやら、 / 何かその話がまことであると / <N:示:2:DE6F>すものはあるのか？
22/S2055.DAT,0x47AFC,21,high,0,original,,,,,,精霊が、これを父からあすかつたと・・。
22/S2055.DAT,0x47B58,37,high,0,original,,,,,,国王 / これはまさしく、 / スメリア王家に伝わる<N:ｌ:5:5B>勇者の証しへ。
22/S2055.DAT,0x47BC4,34,high,0,original,,,,,,国王 / そうか、<CTRL:E4>よ / 兄が生きているかもしれんのか・・。
22/S2055.DAT,0x47C24,42,high,0,original,,,,,,国王 / <N:ｌ:5:5B>聖柩へ（せいひつ）と精霊と兄との聞にどんな<N:閤:15:DDB1>係があるというのだ？
22/S2055.DAT,0x47C88,47,high,0,original,,,,,,わかりません。<CTRL:E4>よ / 精霊は、父さんと、人の未来を / かけた約束をしたと言つていました。
22/S2055.DAT,0x47CF0,41,high,0,original,,,,,,国王 / なぜ、我<N:く:18:DD06>の未来が・・。 / いつたい我<N:く:18:DD06>が何をしたというのだ？
22/S2055.DAT,0x47D54,46,high,0,original,,,,,,自らの欲望のために自然を / そしてこの世界を破壊し、作り変えていく・・。
22/S2055.DAT,0x47DB6,37,high,0,original,,,,,,わたしたちは、本当はやつてはいけないこに手をつけているのかも知れません。
22/S2055.DAT,0x47E14,38,high,0,original,,,,,,国王 / 精霊の国と呼ばれるスメリアも / 例外ではないわけか・・。
22/S2055.DAT,0x47E6C,49,high,0,original,,,,,,国王 / 兄が王家から飛び出したのも / そんなスメリアの姿がたまらなかつたからかもしれん。
22/S2055.DAT,0x47EDE,22,high,0,original,,,,,,国王 / で、いつたいどうすればいいのじゃ？
22/S2055.DAT,0x47F2E,50,high,0,original,,,,,,わかりません。 / ただ、精霊はトウウ<N:ｲ:6:DD03>ルに戻れば父からのメッセージがあると / 言つていました。
22/S2055.DAT,0x47F94,12,high,0,original,,,,,,そしてそれにしたがえと。
22/S2055.DAT,0x47FD8,51,high,0,original,,,,,,国王 / わかつた、お前は兄のメッセージに / したがつて行動してくれ。 / できるこは何でもしよう。
22/S2055.DAT,0x4803E,37,high,0,original,,,,,,国王 / それが兄に代わつてこの位についた私の / せめてもの役目だ。
22/S2055.DAT,0x480B0,12,high,0,original,,,,,,ありがとうご<N:ざ:2:DD3D>います。
22/S2055.DAT,0x48108,32,high,0,original,,,,,,兵士 / 謀反人トッシュが / <N:牢:2:DE21>をやぶり逃亡しました。
22/S2055.DAT,0x48180,30,high,0,original,,,,,,大臣 / なに！ / 討伐隊をだし、す<N:く:4:DDB7>に<N:捕:1:DE91>まえよ！
22/S2055.DAT,0x481EC,8,high,0,original,,,,,,兵士 / はつ！
22/S2055.DAT,0x483D6,6,medium,0,original,,,,,,ひ<CTRL:00>大<N:*:7:0B>か<N:＄:1:05>
22/S2056.DAT,0x478AE,28,high,0,original,,,,,,国王 / どうだ / <N:ｌ:5:5B>聖柩へに<N:閤:15:DDB1>して何かわかつたか？
22/S2056.DAT,0x47904,9,high,0,original,,,,,,いえ、まだなにも。
22/S2056.DAT,0x47946,40,high,0,original,,,,,,国王 / 早くトウウ<N:ｲ:6:DD03>ルに向かい兄のメッセージを受け取つてくれ。
22/S2056.DAT,0x479A0,22,high,0,original,,,,,,国王 / 何かわかつたら報告に来てくれ。
22/S2056.DAT,0x479F0,3,high,0,original,,,,,,はい。
22/S2056.DAT,0x47A90,28,high,0,original,,,,,,国王 / どうだ / <N:ｌ:5:5B>聖柩へに<N:閤:15:DDB1>して何かわかつたか？
22/S2056.DAT,0x47AE6,48,high,0,original,,,,,,はい / 父さんからの手紙で / 古（いにしえ）のこを書いた / 伝記があるこがわかりました
22/S2056.DAT,0x47B4A,23,high,0,original,,,,,,それを探しにオルカスの丘に / むかいます
22/S2056.DAT,0x47B9A,27,high,0,original,,,,,,国王 / うむ / また何かわかつたら報告に来てくれ
22/S2056.DAT,0x47C74,6,medium,0,original,,,,,,ひ<CTRL:00>大<N:*:7:0B>か<N:＄:1:05>
22/S2057.DAT,0x478F0,17,high,1,e2_valid,0x81,0,15,15,1,国王 / <N:ｃ:12:16>大精霊の石か・・。
22/S2057.DAT,0x4793C,26,high,1,e2_valid,0x82,1,24,24,1,はい、おそらく世界かくちに / ちらばつているかと。
22/S2057.DAT,0x4798E,33,high,1,e2_valid,0x83,2,31,31,1,国王 / よし、わしの飛行<N:船:6:DE0B>を / 今後自由に使つてよいぞ。
22/S2057.DAT,0x479E2,22,high,1,e2_valid,0x84,3,20,20,1,国王 / それと、これも持つていくがよい。
22/S2057.DAT,0x47A30,18,high,1,e2_valid,0x85,4,16,16,1,<N:ｌ:5:5B>荒獅子太鼓へを手に入れた。
22/S2057.DAT,0x47A7C,8,high,1,e2_valid,0x86,5,6,6,1,この太鼓は？
22/S2057.DAT,0x47ABC,44,high,1,e2_valid,0x87,6,42,42,1,国王 / この城に伝わる不思<N:犠:18:DDF4>な力をもつ太鼓だ / 何かの役に立つじゃろう。
22/S2057.DAT,0x47B28,14,high,1,e2_valid,0x88,7,12,12,1,あ、ありがとうご<N:ざ:2:DD3D>います。
22/S2057.DAT,0x47B6E,26,high,1,e2_valid,0x89,8,24,24,1,国王 / 一刻も早く<N:ｃ:12:16>つの石を集めて戻るのだ。
22/S2057.DAT,0x47BC2,3,high,1,e2_valid,0x8A,9,1,1,1,はい。
22/S2057.DAT,0x47C28,6,medium,1,original,,,,,,ひ<CTRL:00>大<N:*:7:0B>か<N:＄:1:05>
22/S2058.DAT,0x478AE,19,high,0,original,,,,,,国王 / 飛行<N:船:6:DE0B>の調子はどうだ？
22/S2058.DAT,0x478F4,31,high,0,original,,,,,,国王 / わしも最近、すつかりおとろえてしまつたようじゃ。
22/S2058.DAT,0x47946,17,high,0,original,,,,,,国王 / もう長くないかもしれん。
22/S2058.DAT,0x4798A,39,high,0,original,,,,,,国王 / なんとしても、わしの目のくろいうちに / <N:ｌ:5:5B>聖柩へを手に入れてくれ。
22/S2058.DAT,0x47A14,6,medium,0,original,,,,,,ひ<CTRL:00>大<N:*:7:0B>か<N:＄:1:05>
22/S2059.DAT,0x478B4,18,high,0,original,,,,,,国王 / 精霊はそんなこを・・。
22/S2059.DAT,0x478F8,32,high,0,original,,,,,,国王 / 精霊の話を聞いて、始めて自分たちの過ちを知るとは。
22/S2059.DAT,0x4794A,34,high,0,original,,,,,,国王 / わしも、一国を治める者として、よく心に刻んでおこう。
22/S2059.DAT,0x4799E,25,high,0,original,,,,,,国王 / また、精霊のメッセージを伝えてくれ。
22/S2059.DAT,0x47A20,6,medium,0,original,,,,,,ひ<CTRL:00>大<N:*:7:0B>か<N:＄:1:05>
22/S205A.DAT,0x478AE,43,high,0,original,,,,,,大臣 / そうか、石は2つ集まつたか。よしよし、その調子で早く<N:ｃ:12:16>つ集めてくれ。
22/S205A.DAT,0x47912,58,high,0,original,,,,,,国王 / アークよ、<N:ｃ:12:16>つの石が集まり / 人類の未来が見えた時には / 私も、調和のとれた国を造ろうと思う。
22/S205A.DAT,0x4797E,36,high,0,original,,,,,,国王 / その為にも、<N:ｃ:12:16>つの石をなんとしても集めてくれ。たのんだぞ。
22/S205A.DAT,0x47A12,6,medium,0,original,,,,,,ひ<CTRL:00>大<N:*:7:0B>か<N:＄:1:05>
22/S205B.DAT,0x478AE,27,high,0,original,,,,,,大臣 / 国王が最近お体を壊されてな・・。
22/S205B.DAT,0x478FC,30,high,0,original,,,,,,大臣 / そうか、石は3つ集まつたか。 / あと一<N:息:1:DF26>だな。
22/S205B.DAT,0x4794C,19,high,0,original,,,,,,大臣 / 4つ目の石はどこにあるのだ？
22/S205B.DAT,0x47994,15,high,0,original,,,,,,アリバーシャにあると・・。
22/S205B.DAT,0x479D6,37,high,0,original,,,,,,大臣 / アリバーシャか・・、分かつた。 / 早く集めて戻るのだぞ。
22/S205B.DAT,0x47A5E,6,medium,0,original,,,,,,ひ<CTRL:00>大<N:*:7:0B>か<N:＄:1:05>
22/S205C.DAT,0x479BA,11,medium,0,original,,,,,,<CTRL:F7><CTRL:FF><N:*:7:0B><CTRL:00><N:ъ:14:1A><CTRL:00><CTRL:F7><CTRL:FF>0<CTRL:00>，
22/S205C.DAT,0x47A02,5,medium,0,original,,,,,,<CTRL:00> 0<CTRL:00><N:７:11:18>
22/S205C.DAT,0x47A0E,5,medium,0,original,,,,,,<CTRL:00> 0<CTRL:00><N:ъ:14:1A>
22/S205C.DAT,0x47A8E,16,high,0,original,,,,,,スメリア王、大丈夫ですか？！
22/S205C.DAT,0x47AD8,32,high,0,original,,,,,,スメリア王 / 大臣に・・、アンデルにやられた・・。<CTRL:E4>つ
22/S205C.DAT,0x47B2A,38,high,0,original,,,,,,スメリア王 / やつは<CTRL:E4>つロマリアが / 送り込んだ男だつた・・。<CTRL:E4>よ
22/S205C.DAT,0x47B82,49,high,0,original,,,,,,スメリア王 / この国に<CTRL:E4>らモンスターを<CTRL:E4>ら呼び起こし / <CTRL:E4>ら国を<N:混:4:DEE4>乱させていたのも、<CTRL:E4>ら
22/S205C.DAT,0x47BE6,39,high,0,original,,,,,,スメリア王 / ロマリアの<CTRL:E4>ら / 世界支配のためだつたのだ・・。<CTRL:E4>ら
22/S205C.DAT,0x47C2C,14,high,0,original,,,,,,王様、しつかりしてください。
22/S205C.DAT,0x47C5C,56,high,0,original,,,,,,スメリア王 / やつらは<CTRL:E4>よ<N:ｌ:5:5B>聖柩へ（せいひつ）をねらつている。 / <CTRL:E4>つ<N:ｌ:5:5B>聖柩への力を<CTRL:E4>よ渡してはならん。
22/S205C.DAT,0x47CC8,19,high,0,original,,,,,,わかりました / もうしゃベらないで。
22/S205C.DAT,0x47D0E,46,high,0,original,,,,,,スメリア王 / アーク、<CTRL:E4>よおまえに<CTRL:E4>つ最後に言つて / おかなくては<CTRL:E4>らならないこがある。
22/S205C.DAT,0x47D6E,43,high,0,original,,,,,,スメリア王 / おまえの父<CTRL:E4>らヨシュアを<CTRL:E4>ら / ミルマーナに送り込んだのは<CTRL:E4>よ
22/S205C.DAT,0x47DCC,37,high,0,original,,,,,,スメリア王 / 大臣のアンデルに / そそのかされたわしなのだ。
22/S205C.DAT,0x47E24,19,high,0,original,,,,,,スメリア王 / 私は王になりたかつた。
22/S205C.DAT,0x47E6A,54,high,0,original,,,,,,スメリア王 / 人気の<CTRL:E4>ら高かつた / 兄さえ<CTRL:E4>らいなければと思い・・<CTRL:E4>よ / あんなこを・・。
22/S205C.DAT,0x47ED2,46,high,0,original,,,,,,スメリア王 / しかし、<CTRL:E4>よ世界をうれう兄こそが<CTRL:E4>よ / 王にふさわしかつた・・。
22/S205C.DAT,0x47F32,50,high,0,original,,,,,,スメリア王 / 兄に<CTRL:E4>よ・<CTRL:E4>つ・<CTRL:E4>よ一言<CTRL:E4>よあやまりた<CTRL:E4>つかつ<CTRL:E4>つた<CTRL:E4>つ・<CTRL:E4>つ・<CTRL:E4>つ・<CTRL:E4>つ・。
22/S205C.DAT,0x47F9E,6,high,0,original,,,,,,スメリア王！
22/S205C.DAT,0x48022,3,medium,0,original,,,,,,言<N:X:20:06>て
22/S205C.DAT,0x48030,3,medium,0,original,,,,,,見<N:X:20:06>て
22/S205C.DAT,0x480BA,5,medium,0,original,,,,,,2<CTRL:00>と<N:＆:4:07>て
22/S205C.DAT,0x480D6,3,medium,0,original,,,,,,<N:X:20:06><CTRL:00>力
22/S205C.DAT,0x4813E,35,high,0,original,,,,,,早ようせんかい！<CTRL:E4>ご / こんな所で / 死ぬのはいやじゃぞい！<CTRL:E4><CTRL:F1>
22/S205C.DAT,0x481C4,25,high,0,original,,,,,,だめだ！<CTRL:E4>よ / 下の階段がくすれちゃつた！<CTRL:E4><CTRL:F1>
22/S205C.DAT,0x482A4,41,high,0,original,,,,,,チョピン / 屋上に飛行<N:船:6:DE0B>が待つております。<CTRL:E4>よ / さあ、急いで上へ！<CTRL:E4>ご
23/S2061.DAT,0x46848,59,medium,1,original,,,,,,か<CTRL:00>、<CTRL:00><N:*:7:0B><CTRL:00><N:７:11:18><CTRL:00>、<CTRL:00><N:ｌ:6:0C><CTRL:00> <CTRL:00> <CTRL:00>け<CTRL:00>て<CTRL:00> <CTRL:00> <CTRL:00>か<CTRL:00>、<CTRL:00><N:*:7:0B><CTRL:00><N:７:11:18><CTRL:00>、<CTRL:00><N:ｌ:6:0C><CTRL:00>！<CTRL:00> <CTRL:00>け<CTRL:00>て<CTRL:00> <CTRL:00>ー<CTRL:00>か<CTRL:00>が<CTRL:00><N:*:7:0B><CTRL:00>0<CTRL:00>、<CTRL:00><N:ｌ:6:0C>
23/S2061.DAT,0x469F4,49,medium,1,original,,,,,,<CTRL:00><N:ъ:14:1A><CTRL:00>し<CTRL:00>す<CTRL:00><N:．:2:0F><CTRL:00>う<CTRL:00> <CTRL:00>ん<CTRL:00><N:ｃ:12:16><CTRL:00>は<CTRL:00>1 に<CTRL:00>す<CTRL:00><N:ﾉ:6:10><CTRL:00>う<CTRL:00> <CTRL:00>ん<CTRL:00><N:ｃ:9:17><CTRL:00>は<CTRL:00>1 に<CTRL:00> <CTRL:00>を か<CTRL:00>
23/S2061.DAT,0x46A18,13,medium,1,original,,,,,,は<CTRL:00>1 に<CTRL:00> <CTRL:00>を か<CTRL:00>
23/S2061.DAT,0x46BF0,49,medium,1,original,,,,,,<CTRL:00><N:ъ:14:1A><CTRL:00>し<CTRL:00>す<CTRL:00><N:．:2:0F><CTRL:00>う<CTRL:00> <CTRL:00>ん<CTRL:00><N:ｃ:12:16><CTRL:00>は<CTRL:00><N:ﾉ:6:10>！に<CTRL:00>す<CTRL:00><N:ﾉ:6:10><CTRL:00>う<CTRL:00> <CTRL:00>ん<CTRL:00><N:ｃ:9:17><CTRL:00>は<CTRL:00><N:ﾉ:6:10>！に<CTRL:00> <CTRL:00>ん！か<CTRL:00>
23/S2061.DAT,0x46C14,13,medium,1,original,,,,,,は<CTRL:00><N:ﾉ:6:10>！に<CTRL:00> <CTRL:00>ん！か<CTRL:00>
23/S2061.DAT,0x46E14,21,medium,1,original,,,,,,<CTRL:00><N:ъ:14:1A><CTRL:00>し<CTRL:00>す<CTRL:00><N:*:7:0B><CTRL:00><N:ｃ:9:17><CTRL:00>す<CTRL:00>”<CTRL:00>う<CTRL:00> <CTRL:00>ま
23/S2061.DAT,0x46E20,9,medium,1,original,,,,,,す<CTRL:00>”<CTRL:00>う<CTRL:00> <CTRL:00>ま
23/S2061.DAT,0x4708C,21,medium,1,original,,,,,,<CTRL:00><N:ъ:14:1A><CTRL:00>し<CTRL:00>す<CTRL:00><N:*:7:0B><CTRL:00><N:ｃ:9:17><CTRL:00>す<CTRL:00>”<CTRL:00>う<CTRL:00> <CTRL:00>ま
23/S2061.DAT,0x47098,9,medium,1,original,,,,,,す<CTRL:00>”<CTRL:00>う<CTRL:00> <CTRL:00>ま
23/S2061.DAT,0x472A4,21,medium,1,original,,,,,,<CTRL:00><N:ъ:14:1A><CTRL:00>し<CTRL:00>す<CTRL:00><N:*:7:0B><CTRL:00><N:ｃ:9:17><CTRL:00>す<CTRL:00>”<CTRL:00>う<CTRL:00> <CTRL:00>ま
23/S2061.DAT,0x472B0,9,medium,1,original,,,,,,す<CTRL:00>”<CTRL:00>う<CTRL:00> <CTRL:00>ま
23/S2061.DAT,0x47494,21,medium,1,original,,,,,,<CTRL:00><N:ъ:14:1A><CTRL:00>し<CTRL:00>す<CTRL:00><N:*:7:0B><CTRL:00><N:ｃ:9:17><CTRL:00>す<CTRL:00>”<CTRL:00>う<CTRL:00> <CTRL:00>ま
23/S2061.DAT,0x474A0,9,medium,1,original,,,,,,す<CTRL:00>”<CTRL:00>う<CTRL:00> <CTRL:00>ま
23/S2061.DAT,0x47594,7,medium,1,original,,,,,,<CTRL:00><N:ъ:14:1A><CTRL:00>し<CTRL:00>
23/S2061.DAT,0x478F2,9,medium,1,original,,,,,,す<CTRL:00>”<CTRL:00>う<CTRL:00> <CTRL:00>ま
23/S2061.DAT,0x479A6,9,medium,1,original,,,,,,す<CTRL:00>”<CTRL:00>う<CTRL:00> <CTRL:00>ま
23/S2061.DAT,0x47AD4,9,medium,1,original,,,,,,す<CTRL:00>”<CTRL:00>う<CTRL:00> <CTRL:00>ま
23/S2061.DAT,0x47CE8,9,medium,1,original,,,,,,す<CTRL:00>”<CTRL:00>う<CTRL:00> <CTRL:00>ま
23/S2061.DAT,0x47D88,9,medium,1,original,,,,,,す<CTRL:00>”<CTRL:00>う<CTRL:00> <CTRL:00>ま
23/S2061.DAT,0x47DFE,9,medium,1,original,,,,,,す<CTRL:00>”<CTRL:00>う<CTRL:00> <CTRL:00>ま
23/S2061.DAT,0x47EFA,9,medium,1,original,,,,,,す<CTRL:00>”<CTRL:00>う<CTRL:00> <CTRL:00>ま
23/S2061.DAT,0x48226,9,medium,1,original,,,,,,す<CTRL:00>”<CTRL:00>う<CTRL:00> <CTRL:00>ま
23/S2061.DAT,0x4853A,44,high,1,e2_valid,0x81,0,42,42,1,おかしいな・・<CTRL:E4>よ / モンスター討伐（とうばつ）部隊はどこにいつたんだろう？
23/S2061.DAT,0x48618,25,high,1,e2_valid,0x82,1,23,23,1,どうか命だけは助けて下さい。 / おねがいします。
23/S2061.DAT,0x48666,40,high,1,e2_valid,0x83,2,38,38,1,助けて・<CTRL:E4><N:*:7:0B>助けて・<CTRL:E4><N:*:7:0B>助けて・・。 / 死にたくないよ<N:っ:4:DD57>。
23/S2061.DAT,0x48700,23,high,1,e2_valid,0x84,3,21,21,1,なんだ。 / てつきりモンスターだと思つて。
23/S2061.DAT,0x4874C,27,high,1,e2_valid,0x85,4,25,25,1,部隊のみんながいくら待つても / 戻つて来ないんだ。
23/S2061.DAT,0x4879C,40,high,1,e2_valid,0x86,5,38,38,1,きつとモンスターにやられちゃつたんだと思つて一人でかくれていたんだけど・・。
23/S2061.DAT,0x487F8,12,high,1,e2_valid,0x87,6,10,10,1,だらしない兵隊だなっ。
23/S2061.DAT,0x4883E,7,high,1,e2_valid,0x88,7,5,5,1,<G:D2:209>くは、ポニ。
23/S2061.DAT,0x4887A,54,high,1,e2_valid,0x89,8,52,52,1,もともと兵隊なんて / 向いてないんだ。 / あらそいこよりも、楽器をならしている方が楽しいんだもん。
23/S2061.DAT,0x488E4,59,high,1,e2_valid,0x8A,9,57,57,1,俺はアーク。 / トウウ<N:ｲ:6:DD03>ルからやつてきて / とりあえすモンスター<N:退:3:DE63>治を / 手伝うように王に命じられたんだ
23/S2061.DAT,0x48954,30,high,1,e2_valid,0x8B,10,28,28,1,早く逃げようよ。 / モンスターが現われる前に・・。
23/S2061.DAT,0x489EE,21,high,1,e2_valid,0x8C,11,19,19,1,<N:ゾ:12:DF02>ン<N:ビ:5:DE1E> / まだ生き残りがいたか！
23/S2061.DAT,0x48A44,22,high,1,e2_valid,0x8D,12,20,20,1,あっっっ、来ちゃつた！<CTRL:E4>4 / どうしよう！？
23/S2061.DAT,0x48A8E,21,high,1,e2_valid,0x8E,13,19,19,1,ごちゃごちゃ言うなよ / 戦うしかないだろ！
23/S2061.DAT,0x48AD8,32,high,1,e2_valid,0x8F,14,30,30,1,戦うつたつて、僕は楽隊だから / <N:武:3:DE28>器は持つてないよ。
23/S2061.DAT,0x48B2C,12,high,1,e2_valid,0x90,15,10,10,1,だつたら楽器で戦え！
23/S2061.DAT,0x48B6C,4,high,1,e2_valid,0x91,16,2,2,1,行くぞ！
23/S2071.DAT,0x47890,16,high,0,original,,,,,,親父、やすらかに<N:眠:5:DDB9>つてくれ。
23/S2071.DAT,0x478E2,22,high,0,original,,,,,,こんな住みにくい国 / 出ちまうか・・。
23/S2071.DAT,0x4792C,29,high,0,original,,,,,,くそつ！<CTRL:E4>よ / あの時、宿つた力が / いつでも出せれば、
23/S2071.DAT,0x4797E,35,high,0,original,,,,,,やつらを全てたたき殺して、 / 敵（かたき）をとつて / やれるのに。
23/S2071.DAT,0x479EE,28,high,0,original,,,,,,おまえの力は、 / さだめられし目的のために使うもの。
23/S2071.DAT,0x47A4C,7,high,0,original,,,,,,だ、だれだ！？
23/S2071.DAT,0x47A8E,14,high,0,original,,,,,,おまえのかたなに宿る精霊。
23/S2071.DAT,0x47AD6,27,high,0,original,,,,,,かたなの精霊 / おまえの技には<N:ｌ:5:5B><N:怒:1:DE5D>りへしかない。
23/S2071.DAT,0x47B34,34,high,0,original,,,,,,<G:DD04:223>るせね<N:ぇ:2:C0>やつがいるから / たたき斬るだけだ。 / 何がいけね<N:ぇ:2:C0>？
23/S2071.DAT,0x47B88,25,high,0,original,,,,,,かたなの精霊 / その先になにがあるというのだ？
23/S2071.DAT,0x47BDC,8,high,0,original,,,,,,<N:く:4:DDB7>つ・・。
23/S2071.DAT,0x47C16,29,high,0,original,,,,,,かたなの精霊 / 城で出会つた少年と行動を共にしろ。
23/S2071.DAT,0x47C66,32,high,0,original,,,,,,かたなの精霊 / そこにおまえと私の / 運命が見えてくるはす。
23/S2071.DAT,0x47CB8,32,high,0,original,,,,,,かたなの精霊 / 彼らはこの国から出てしまう、急げ・・。
23/S2071.DAT,0x47D12,15,high,0,original,,,,,,こら、まだ話は終つてね<N:ぇ:2:C0>ぞ！
23/S2071.DAT,0x47D76,9,high,0,original,,,,,,運命か・・。
23/S2081.DAT,0x4782E,5,medium,1,original,,,,,,る<CTRL:00>し<CTRL:00><N:X:20:06>
23/S2081.DAT,0x47890,46,high,1,e2_valid,0x81,0,44,44,1,大臣 / スメリア王は、トウウ<N:ｲ:6:DD03>ルのアークという少年に<N:ｌ:5:5B>聖柩へを探させるようです。
23/S2081.DAT,0x478F0,42,high,1,e2_valid,0x82,1,40,40,1,鏡 / おまえの小細工が、勇者を / め<N:ざ:2:DD3D>めさせてしまつたのではないのか？
23/S2081.DAT,0x4794C,27,high,1,e2_valid,0x83,2,25,25,1,大臣 / まだやつが勇者と決まつたわけでは・・。
23/S2081.DAT,0x4799A,22,high,1,e2_valid,0x84,3,20,20,1,大臣 / やつはミルマーナに向かいます。
23/S2081.DAT,0x479E2,26,high,1,e2_valid,0x85,4,24,24,1,鏡 / よし、ヤ<N:ク:12:80>ン将軍にやつの力を試させよう
23/S2081.DAT,0x47A2E,39,high,1,e2_valid,0x86,5,37,37,1,鏡 / もし、やつが本物の勇者だと知れた時の / 考えはあるのだろうな？
23/S2081.DAT,0x47A88,19,high,1,e2_valid,0x87,6,17,17,1,大臣 / はつ、考えてご<N:ざ:2:DD3D>います。
23/S2082.DAT,0x4782E,5,medium,1,original,,,,,,る<CTRL:00>し<CTRL:00><N:X:20:06>
23/S2082.DAT,0x47890,29,high,1,e2_valid,0x81,0,27,27,1,大臣 / アークがミルマーナより戻つてまいり / ました。
23/S2082.DAT,0x478E0,19,high,1,e2_valid,0x82,1,17,17,1,鏡 / ヤ<N:ク:12:80>ン将軍より聞いておる。
23/S2082.DAT,0x47926,25,high,1,e2_valid,0x83,2,23,23,1,大臣 / やつの精霊力はどんどん成長しています。
23/S2082.DAT,0x47972,32,high,1,e2_valid,0x84,3,30,30,1,鏡 / わかつた、 / アークの存在を将軍達に伝えよう。
23/S2082.DAT,0x479C4,31,high,1,e2_valid,0x85,4,29,29,1,鏡 / <N:ｌ:5:5B>聖柩へをおろかな人聞どもに / 渡してはならん。
23/S2082.DAT,0x47A16,13,high,1,e2_valid,0x86,5,11,11,1,大臣 / 承知しました。
23/S2082.DAT,0x47A56,50,high,1,e2_valid,0x87,6,48,48,1,大臣 / ます、ヤツの父親からのメッセージが届くトウウ<N:ｲ:6:DD03>ルをてつてい的に調ベます。
23/S2082.DAT,0x47ABA,20,high,1,e2_valid,0x88,7,18,18,1,鏡 / 良い報告を待つておるぞ。
23/S2082.DAT,0x47B00,8,high,1,e2_valid,0x89,8,6,6,1,大臣 / はつ！
31/S3011.DAT,0x4782E,5,medium,1,original,,,,,,る<CTRL:00>し<CTRL:00><N:X:20:06>
31/S3011.DAT,0x47870,37,medium,1,original,,,,,,ふ！’<CTRL:00><N:７:11:18><CTRL:00>ふ！’<CTRL:00>の<CTRL:00>ふ！’<CTRL:00>な<CTRL:00>ふ！’<CTRL:00>し<CTRL:00>ふ！<N:＆:4:07><CTRL:00><CTRL:FF><CTRL:FF>の<CTRL:00>し<CTRL:00>ぞ！て
31/S3011.DAT,0x478EC,27,medium,1,original,,,,,,一！<N:＆:4:07><CTRL:00><N:７:11:18><CTRL:00>一！<N:＆:4:07><CTRL:00>の<CTRL:00>一！<N:＆:4:07><CTRL:00>な<CTRL:00>一！<N:＆:4:07><CTRL:00>し<CTRL:00>一！て
31/S3011.DAT,0x4794C,73,medium,1,original,,,,,,石<CTRL:00><N:ぇ:2:C0>！攻’！<CTRL:00><N:X:20:06><CTRL:00>に<CTRL:00>門<N:*:7:0B><CTRL:00><CTRL:FF><CTRL:FF><N:７:11:18><CTRL:00>た<CTRL:00><CTRL:F7><CTRL:FF>う<CTRL:00><N:≠:16:04><CTRL:00>な<CTRL:00>石<CTRL:00><N:ク:12:80>（<N:ﾉ:6:10><CTRL:FF>！<CTRL:00>，<CTRL:00><N:≠:16:04><CTRL:00>の<CTRL:00>石<CTRL:00><N:ク:12:80>（見！！<CTRL:00>，<CTRL:00><N:≠:16:04><CTRL:00>し<CTRL:00>石<CTRL:00>か’<G:E005:989>！<CTRL:00>，<CTRL:00><N:≠:16:04><CTRL:00><N:７:11:18><CTRL:00>石
31/S3011.DAT,0x479A2,31,medium,1,original,,,,,,石<CTRL:00><N:ぇ:2:C0>！攻’！<CTRL:00><N:≠:16:04><CTRL:00>に<CTRL:00>門<N:*:7:0B><CTRL:00><CTRL:FF><CTRL:FF><N:７:11:18><CTRL:00>た<CTRL:00><CTRL:F7><CTRL:FF>う<CTRL:00><N:≠:16:04><CTRL:00><N:ъ:14:1A><CTRL:00>石
31/S3011.DAT,0x479DC,29,medium,1,original,,,,,,<CTRL:00><CTRL:FF>0<CTRL:00><N:ъ:14:1A><CTRL:00>や<CTRL:00>0<CTRL:00>た<CTRL:00>や<CTRL:00>0<CTRL:00><N:７:11:18><CTRL:00>や<CTRL:00>う<CTRL:00>ら<CTRL:00>”<CTRL:00>で！て
31/S3011.DAT,0x47A2C,111,medium,1,original,,,,,,敵 <N:＆:4:07><CTRL:00><N:７:11:18><CTRL:00>敵 <N:＆:4:07><CTRL:00>の<CTRL:00>敵 <N:＆:4:07><CTRL:00>な<CTRL:00>敵 <N:＆:4:07><CTRL:00>し<CTRL:00>敵 う<CTRL:00>’<CTRL:00><N:３:14:19><CTRL:00>ど！’<CTRL:00><N:７:11:18><CTRL:00>じ！’<CTRL:00>の<CTRL:00>マ！’<CTRL:00>な<CTRL:00>タ！’<CTRL:00>し<CTRL:00>シ！う<CTRL:00>’<CTRL:00><N:３:14:19><CTRL:00>出！’<CTRL:00><N:７:11:18><CTRL:00>ね！’<CTRL:00>の<CTRL:00>下！’<CTRL:00>な<CTRL:00>何！’<CTRL:00>し<CTRL:00>チ！う<CTRL:00>を<CTRL:00>”<CTRL:00>ゃ う<CTRL:00>ら<CTRL:00>”<CTRL:00>2！に<CTRL:00>ろ て
31/S3011.DAT,0x47A4C,79,medium,1,original,,,,,,ど！’<CTRL:00><N:７:11:18><CTRL:00>じ！’<CTRL:00>の<CTRL:00>マ！’<CTRL:00>な<CTRL:00>タ！’<CTRL:00>し<CTRL:00>シ！う<CTRL:00>’<CTRL:00><N:３:14:19><CTRL:00>出！’<CTRL:00><N:７:11:18><CTRL:00>ね！’<CTRL:00>の<CTRL:00>下！’<CTRL:00>な<CTRL:00>何！’<CTRL:00>し<CTRL:00>チ！う<CTRL:00>を<CTRL:00>”<CTRL:00>ゃ う<CTRL:00>ら<CTRL:00>”<CTRL:00>2！に<CTRL:00>ろ て
31/S3011.DAT,0x47A6C,47,medium,1,original,,,,,,出！’<CTRL:00><N:７:11:18><CTRL:00>ね！’<CTRL:00>の<CTRL:00>下！’<CTRL:00>な<CTRL:00>何！’<CTRL:00>し<CTRL:00>チ！う<CTRL:00>を<CTRL:00>”<CTRL:00>ゃ う<CTRL:00>ら<CTRL:00>”<CTRL:00>2！に<CTRL:00>ろ て
31/S3011.DAT,0x47AC0,22,medium,1,original,,,,,,<N:ｌ:5:5B>！’<CTRL:00><N:７:11:18><CTRL:00>霊！う<CTRL:00> <CTRL:00>！<CTRL:00><CTRL:FC>  <CTRL:00><N:≠:16:04><CTRL:00><CTRL:FC>
31/S3011.DAT,0x47AE6,27,medium,1,original,,,,,,て！<N:＆:4:07><CTRL:00><N:７:11:18><CTRL:00>て！<N:＆:4:07><CTRL:00>の<CTRL:00>て！<N:＆:4:07><CTRL:00>な<CTRL:00>て！<N:＆:4:07><CTRL:00>し<CTRL:00>て！う
31/S3011.DAT,0x47D3C,8,medium,1,original,,,,,,精。ンを？らわた
31/S3011.DAT,0x47D5A,45,medium,1,original,,,,,,<CTRL:E5>！値ひれ<N:究:1:DE46>投ミベ<CTRL:E6><CTRL:00><CTRL:E5>！場ふ<N:究:1:DE46>投ミベ<CTRL:E6><CTRL:00><CTRL:E5>！年 が精ん<CTRL:E6><CTRL:00><CTRL:E5>！もー出っん<CTRL:E6>
31/S3011.DAT,0x47DB2,8,medium,1,original,,,,,,よとすをゃで王ン
31/S3011.DAT,0x47DD4,49,medium,1,original,,,,,,<CTRL:E5>！じ者ひれ話<N:空:2:DD18><CTRL:E6><CTRL:00><CTRL:E5>！運き臣ま<G:D2:209>話<N:空:2:DD18><CTRL:E6><CTRL:00><CTRL:E5>！フダ<N:リ:12:6F>ねま負話<N:空:2:DD18><CTRL:E6><CTRL:00><CTRL:E5>！解い装ま火<CTRL:E6>
31/S3011.DAT,0x47E2C,50,medium,1,original,,,,,,<CTRL:E5>！れどどめじ話<N:空:2:DD18><CTRL:E6><CTRL:00><CTRL:E5>！れひウまねニ話<N:空:2:DD18><CTRL:E6><CTRL:00><CTRL:E5>！必ま直き話<N:空:2:DD18><CTRL:E6><CTRL:00><CTRL:E5>！解い装ま火<CTRL:E6>
31/S3011.DAT,0x47E86,25,medium,1,original,,,,,,<CTRL:E5>！はどま受金話<N:空:2:DD18><CTRL:E6><CTRL:00><CTRL:E5>！解い装ま火<CTRL:E6>
31/S3011.DAT,0x47FEE,42,high,1,inline_changed,,,,,,兵士 / スメリア国からの使者をかんげいします。軍本部までご案内いたします。
31/S3011.DAT,0x48090,11,medium,1,original,,,,,,！<CTRL:00>達<N:≠:16:04><N:＆:4:07><CTRL:00><N:*:7:0B><CTRL:00>石<N:≠:16:04>て
31/S3012.DAT,0x4782E,5,medium,1,original,,,,,,る<CTRL:00>し<CTRL:00><N:X:20:06>
31/S3012.DAT,0x47870,37,medium,1,original,,,,,,ふ！’<CTRL:00><N:７:11:18><CTRL:00>ふ！’<CTRL:00>の<CTRL:00>ふ！’<CTRL:00>な<CTRL:00>ふ！’<CTRL:00>し<CTRL:00>ふ！<N:＆:4:07><CTRL:00><CTRL:FF><CTRL:FF>の<CTRL:00>し<CTRL:00>ぞ！て
31/S3012.DAT,0x478EC,27,medium,1,original,,,,,,一！<N:＆:4:07><CTRL:00><N:７:11:18><CTRL:00>一！<N:＆:4:07><CTRL:00>の<CTRL:00>一！<N:＆:4:07><CTRL:00>な<CTRL:00>一！<N:＆:4:07><CTRL:00>し<CTRL:00>一！て
31/S3012.DAT,0x4794C,73,medium,1,original,,,,,,石<CTRL:00><N:ぇ:2:C0>！攻’！<CTRL:00><N:X:20:06><CTRL:00>に<CTRL:00>門<N:*:7:0B><CTRL:00><CTRL:FF><CTRL:FF><N:７:11:18><CTRL:00>た<CTRL:00><CTRL:F7><CTRL:FF>う<CTRL:00><N:≠:16:04><CTRL:00>な<CTRL:00>石<CTRL:00><N:ク:12:80>（<N:ﾉ:6:10><CTRL:FF>！<CTRL:00>，<CTRL:00><N:≠:16:04><CTRL:00>の<CTRL:00>石<CTRL:00><N:ク:12:80>（見！！<CTRL:00>，<CTRL:00><N:≠:16:04><CTRL:00>し<CTRL:00>石<CTRL:00>か’<G:E005:989>！<CTRL:00>，<CTRL:00><N:≠:16:04><CTRL:00><N:７:11:18><CTRL:00>石
31/S3012.DAT,0x479A2,31,medium,1,original,,,,,,石<CTRL:00><N:ぇ:2:C0>！攻’！<CTRL:00><N:≠:16:04><CTRL:00>に<CTRL:00>門<N:*:7:0B><CTRL:00><CTRL:FF><CTRL:FF><N:７:11:18><CTRL:00>た<CTRL:00><CTRL:F7><CTRL:FF>う<CTRL:00><N:≠:16:04><CTRL:00><N:ъ:14:1A><CTRL:00>石
31/S3012.DAT,0x479DC,29,medium,1,original,,,,,,<CTRL:00><CTRL:FF>0<CTRL:00><N:ъ:14:1A><CTRL:00>や<CTRL:00>0<CTRL:00>た<CTRL:00>や<CTRL:00>0<CTRL:00><N:７:11:18><CTRL:00>や<CTRL:00>う<CTRL:00>ら<CTRL:00>”<CTRL:00>で！て
31/S3012.DAT,0x47A2C,111,medium,1,original,,,,,,敵 <N:＆:4:07><CTRL:00><N:７:11:18><CTRL:00>敵 <N:＆:4:07><CTRL:00>の<CTRL:00>敵 <N:＆:4:07><CTRL:00>な<CTRL:00>敵 <N:＆:4:07><CTRL:00>し<CTRL:00>敵 う<CTRL:00>’<CTRL:00><N:３:14:19><CTRL:00>ど！’<CTRL:00><N:７:11:18><CTRL:00>じ！’<CTRL:00>の<CTRL:00>マ！’<CTRL:00>な<CTRL:00>タ！’<CTRL:00>し<CTRL:00>シ！う<CTRL:00>’<CTRL:00><N:３:14:19><CTRL:00>出！’<CTRL:00><N:７:11:18><CTRL:00>ね！’<CTRL:00>の<CTRL:00>下！’<CTRL:00>な<CTRL:00>何！’<CTRL:00>し<CTRL:00>チ！う<CTRL:00>を<CTRL:00>”<CTRL:00>ゃ う<CTRL:00>ら<CTRL:00>”<CTRL:00>2！に<CTRL:00>ろ て
31/S3012.DAT,0x47A4C,79,medium,1,original,,,,,,ど！’<CTRL:00><N:７:11:18><CTRL:00>じ！’<CTRL:00>の<CTRL:00>マ！’<CTRL:00>な<CTRL:00>タ！’<CTRL:00>し<CTRL:00>シ！う<CTRL:00>’<CTRL:00><N:３:14:19><CTRL:00>出！’<CTRL:00><N:７:11:18><CTRL:00>ね！’<CTRL:00>の<CTRL:00>下！’<CTRL:00>な<CTRL:00>何！’<CTRL:00>し<CTRL:00>チ！う<CTRL:00>を<CTRL:00>”<CTRL:00>ゃ う<CTRL:00>ら<CTRL:00>”<CTRL:00>2！に<CTRL:00>ろ て
31/S3012.DAT,0x47A6C,47,medium,1,original,,,,,,出！’<CTRL:00><N:７:11:18><CTRL:00>ね！’<CTRL:00>の<CTRL:00>下！’<CTRL:00>な<CTRL:00>何！’<CTRL:00>し<CTRL:00>チ！う<CTRL:00>を<CTRL:00>”<CTRL:00>ゃ う<CTRL:00>ら<CTRL:00>”<CTRL:00>2！に<CTRL:00>ろ て
31/S3012.DAT,0x47AC0,22,medium,1,original,,,,,,<N:ｌ:5:5B>！’<CTRL:00><N:７:11:18><CTRL:00>霊！う<CTRL:00> <CTRL:00>！<CTRL:00><CTRL:FC>  <CTRL:00><N:≠:16:04><CTRL:00><CTRL:FC>
31/S3012.DAT,0x47AE6,27,medium,1,original,,,,,,て！<N:＆:4:07><CTRL:00><N:７:11:18><CTRL:00>て！<N:＆:4:07><CTRL:00>の<CTRL:00>て！<N:＆:4:07><CTRL:00>な<CTRL:00>て！<N:＆:4:07><CTRL:00>し<CTRL:00>て！う
31/S3012.DAT,0x47D3C,8,medium,1,original,,,,,,精。ンを？らわた
31/S3012.DAT,0x47D5A,45,medium,1,original,,,,,,<CTRL:E5>！値ひれ<N:究:1:DE46>投ミベ<CTRL:E6><CTRL:00><CTRL:E5>！場ふ<N:究:1:DE46>投ミベ<CTRL:E6><CTRL:00><CTRL:E5>！年 が精ん<CTRL:E6><CTRL:00><CTRL:E5>！もー出っん<CTRL:E6>
31/S3012.DAT,0x47DB2,8,medium,1,original,,,,,,よとすをゃで王ン
31/S3012.DAT,0x47DD4,49,medium,1,original,,,,,,<CTRL:E5>！じ者ひれ話<N:空:2:DD18><CTRL:E6><CTRL:00><CTRL:E5>！運き臣ま<G:D2:209>話<N:空:2:DD18><CTRL:E6><CTRL:00><CTRL:E5>！フダ<N:リ:12:6F>ねま負話<N:空:2:DD18><CTRL:E6><CTRL:00><CTRL:E5>！解い装ま火<CTRL:E6>
31/S3012.DAT,0x47E2C,50,medium,1,original,,,,,,<CTRL:E5>！れどどめじ話<N:空:2:DD18><CTRL:E6><CTRL:00><CTRL:E5>！れひウまねニ話<N:空:2:DD18><CTRL:E6><CTRL:00><CTRL:E5>！必ま直き話<N:空:2:DD18><CTRL:E6><CTRL:00><CTRL:E5>！解い装ま火<CTRL:E6>
31/S3012.DAT,0x47E86,25,medium,1,original,,,,,,<CTRL:E5>！はどま受金話<N:空:2:DD18><CTRL:E6><CTRL:00><CTRL:E5>！解い装ま火<CTRL:E6>
31/S3012.DAT,0x47F50,39,high,1,e2_valid,0x81,0,37,37,1,チョピン / 王の命を果たされたらす<N:く:4:DDB7>に出発します / がんばつてください。
31/S3012.DAT,0x47FAC,11,high,1,e2_valid,0x82,1,9,9,1,・・・わかつた。
31/S3012.DAT,0x47FF0,53,high,1,e2_hybrid_or_metadata_mismatch,0x83,2,25,51,1,チョピン / 何か私でお力になれるこはありますか？ / <CTRL:E5>”ベつにない。 / <CTRL:E5>”ちょつと教えてほしい。
31/S3012.DAT,0x48064,19,high,1,e2_valid,0x84,3,17,17,1,チョピン / それでは、お気をつけて。
31/S3012.DAT,0x480D4,17,high,1,e2_valid,0x85,4,15,15,1,チョピン / 何が知りたいですか？
31/S3012.DAT,0x4811E,45,high,1,inline_changed,,,,,,<CTRL:E5><N:≠:16:04>どうすれば強くなれるの？ / <CTRL:E5><N:≠:16:04>何か戦いのニツはあるの？ / <CTRL:E5><N:≠:16:04>やつっり、いいや。
31/S3012.DAT,0x48194,36,high,1,e2_valid,0x86,5,34,34,1,チョピン / どこの国にも、いつ行つてもモンスターのいる場所があります。
31/S3012.DAT,0x481EA,32,high,1,e2_valid,0x87,6,30,30,1,チョピン / ここで何度も戦えば、 / どんどん強くなれます。
31/S3012.DAT,0x4823C,66,high,1,e2_valid,0x88,7,64,64,1,チョピン / この場所のモンスターはゲームが進んでも変わらないので、鍛えたい人の<N:リ:12:6F>ベルに / 合わせて場所を選ベます。
31/S3012.DAT,0x482B0,45,high,1,e2_valid,0x89,8,43,43,1,チョピン / ゲームが終わるまでに、こういう場所は、合計10カ所以上になります。
31/S3012.DAT,0x4831C,47,high,1,e2_valid,0x8A,9,45,45,1,チョピン / 自分のターンの時に、<N:t:5:DF60><N:Β:7:DF03><N:卞:16:DDA1>タンを同時におすとフリーカーソルになります。
31/S3012.DAT,0x4837E,48,high,1,e2_valid,0x8B,10,46,46,1,チョピン / これを使つて、モンスターの場所、地形をよく見て作戦を立ててはどうでしょう？
31/S3012.DAT,0x483E0,66,high,1,e2_valid,0x8C,11,64,64,1,チョピン / 他には、分れつするモンスターは、<N:Π:10:DDFA><N:Ｐ:10:DD90>が半分になりますが、倒した時にもらえる / 経験値は変わりません。
31/S3012.DAT,0x48454,26,high,1,e2_valid,0x8D,12,24,24,1,チョピン / これを利用してみてはどうでしょう？
31/S3013.DAT,0x4782E,5,medium,0,original,,,,,,る<CTRL:00>し<CTRL:00><N:X:20:06>
31/S3013.DAT,0x47870,37,medium,0,original,,,,,,ふ！’<CTRL:00><N:７:11:18><CTRL:00>ふ！’<CTRL:00>の<CTRL:00>ふ！’<CTRL:00>な<CTRL:00>ふ！’<CTRL:00>し<CTRL:00>ふ！<N:＆:4:07><CTRL:00><CTRL:FF><CTRL:FF>の<CTRL:00>し<CTRL:00>ぞ！て
31/S3013.DAT,0x478EC,27,medium,0,original,,,,,,一！<N:＆:4:07><CTRL:00><N:７:11:18><CTRL:00>一！<N:＆:4:07><CTRL:00>の<CTRL:00>一！<N:＆:4:07><CTRL:00>な<CTRL:00>一！<N:＆:4:07><CTRL:00>し<CTRL:00>一！て
31/S3013.DAT,0x4794C,73,medium,0,original,,,,,,石<CTRL:00><N:ぇ:2:C0>！攻’！<CTRL:00><N:X:20:06><CTRL:00>に<CTRL:00>門<N:*:7:0B><CTRL:00><CTRL:FF><CTRL:FF><N:７:11:18><CTRL:00>た<CTRL:00><CTRL:F7><CTRL:FF>う<CTRL:00><N:≠:16:04><CTRL:00>な<CTRL:00>石<CTRL:00><N:ク:12:80>（<N:ﾉ:6:10><CTRL:FF>！<CTRL:00>，<CTRL:00><N:≠:16:04><CTRL:00>の<CTRL:00>石<CTRL:00><N:ク:12:80>（見！！<CTRL:00>，<CTRL:00><N:≠:16:04><CTRL:00>し<CTRL:00>石<CTRL:00>か’<G:E005:989>！<CTRL:00>，<CTRL:00><N:≠:16:04><CTRL:00><N:７:11:18><CTRL:00>石
31/S3013.DAT,0x479A2,31,medium,0,original,,,,,,石<CTRL:00><N:ぇ:2:C0>！攻’！<CTRL:00><N:≠:16:04><CTRL:00>に<CTRL:00>門<N:*:7:0B><CTRL:00><CTRL:FF><CTRL:FF><N:７:11:18><CTRL:00>た<CTRL:00><CTRL:F7><CTRL:FF>う<CTRL:00><N:≠:16:04><CTRL:00><N:ъ:14:1A><CTRL:00>石
31/S3013.DAT,0x479DC,29,medium,0,original,,,,,,<CTRL:00><CTRL:FF>0<CTRL:00><N:ъ:14:1A><CTRL:00>や<CTRL:00>0<CTRL:00>た<CTRL:00>や<CTRL:00>0<CTRL:00><N:７:11:18><CTRL:00>や<CTRL:00>う<CTRL:00>ら<CTRL:00>”<CTRL:00>で！て
31/S3013.DAT,0x47A2C,111,medium,0,original,,,,,,敵 <N:＆:4:07><CTRL:00><N:７:11:18><CTRL:00>敵 <N:＆:4:07><CTRL:00>の<CTRL:00>敵 <N:＆:4:07><CTRL:00>な<CTRL:00>敵 <N:＆:4:07><CTRL:00>し<CTRL:00>敵 う<CTRL:00>’<CTRL:00><N:３:14:19><CTRL:00>ど！’<CTRL:00><N:７:11:18><CTRL:00>じ！’<CTRL:00>の<CTRL:00>マ！’<CTRL:00>な<CTRL:00>タ！’<CTRL:00>し<CTRL:00>シ！う<CTRL:00>’<CTRL:00><N:３:14:19><CTRL:00>出！’<CTRL:00><N:７:11:18><CTRL:00>ね！’<CTRL:00>の<CTRL:00>下！’<CTRL:00>な<CTRL:00>何！’<CTRL:00>し<CTRL:00>チ！う<CTRL:00>を<CTRL:00>”<CTRL:00>ゃ う<CTRL:00>ら<CTRL:00>”<CTRL:00>2！に<CTRL:00>ろ て
31/S3013.DAT,0x47A4C,79,medium,0,original,,,,,,ど！’<CTRL:00><N:７:11:18><CTRL:00>じ！’<CTRL:00>の<CTRL:00>マ！’<CTRL:00>な<CTRL:00>タ！’<CTRL:00>し<CTRL:00>シ！う<CTRL:00>’<CTRL:00><N:３:14:19><CTRL:00>出！’<CTRL:00><N:７:11:18><CTRL:00>ね！’<CTRL:00>の<CTRL:00>下！’<CTRL:00>な<CTRL:00>何！’<CTRL:00>し<CTRL:00>チ！う<CTRL:00>を<CTRL:00>”<CTRL:00>ゃ う<CTRL:00>ら<CTRL:00>”<CTRL:00>2！に<CTRL:00>ろ て
31/S3013.DAT,0x47A6C,47,medium,0,original,,,,,,出！’<CTRL:00><N:７:11:18><CTRL:00>ね！’<CTRL:00>の<CTRL:00>下！’<CTRL:00>な<CTRL:00>何！’<CTRL:00>し<CTRL:00>チ！う<CTRL:00>を<CTRL:00>”<CTRL:00>ゃ う<CTRL:00>ら<CTRL:00>”<CTRL:00>2！に<CTRL:00>ろ て
31/S3013.DAT,0x47AC0,22,medium,0,original,,,,,,<N:ｌ:5:5B>！’<CTRL:00><N:７:11:18><CTRL:00>霊！う<CTRL:00> <CTRL:00>！<CTRL:00><CTRL:FC>  <CTRL:00><N:≠:16:04><CTRL:00><CTRL:FC>
31/S3013.DAT,0x47AE6,27,medium,0,original,,,,,,て！<N:＆:4:07><CTRL:00><N:７:11:18><CTRL:00>て！<N:＆:4:07><CTRL:00>の<CTRL:00>て！<N:＆:4:07><CTRL:00>な<CTRL:00>て！<N:＆:4:07><CTRL:00>し<CTRL:00>て！う
31/S3013.DAT,0x47D3C,8,medium,0,original,,,,,,精。ンを？らわた
31/S3013.DAT,0x47D5A,45,medium,0,original,,,,,,<CTRL:E5>！値ひれ<N:究:1:DE46>投ミベ<CTRL:E6><CTRL:00><CTRL:E5>！場ふ<N:究:1:DE46>投ミベ<CTRL:E6><CTRL:00><CTRL:E5>！年 が精ん<CTRL:E6><CTRL:00><CTRL:E5>！もー出っん<CTRL:E6>
31/S3013.DAT,0x47DB2,8,medium,0,original,,,,,,よとすをゃで王ン
31/S3013.DAT,0x47DD4,49,medium,0,original,,,,,,<CTRL:E5>！じ者ひれ話<N:空:2:DD18><CTRL:E6><CTRL:00><CTRL:E5>！運き臣ま<G:D2:209>話<N:空:2:DD18><CTRL:E6><CTRL:00><CTRL:E5>！フダ<N:リ:12:6F>ねま負話<N:空:2:DD18><CTRL:E6><CTRL:00><CTRL:E5>！解い装ま火<CTRL:E6>
31/S3013.DAT,0x47E2C,50,medium,0,original,,,,,,<CTRL:E5>！れどどめじ話<N:空:2:DD18><CTRL:E6><CTRL:00><CTRL:E5>！れひウまねニ話<N:空:2:DD18><CTRL:E6><CTRL:00><CTRL:E5>！必ま直き話<N:空:2:DD18><CTRL:E6><CTRL:00><CTRL:E5>！解い装ま火<CTRL:E6>
31/S3013.DAT,0x47E86,25,medium,0,original,,,,,,<CTRL:E5>！はどま受金話<N:空:2:DD18><CTRL:E6><CTRL:00><CTRL:E5>！解い装ま火<CTRL:E6>
31/S3013.DAT,0x47F98,38,high,0,original,,,,,,乗員 / ご苦<N:労:5:DE50>さまでした。 / スメリアに戻る、準備はできましたか？
31/S3013.DAT,0x47FF6,47,high,0,original,,,,,,<CTRL:E5><N:≠:16:04>もちろん！ / <CTRL:E5><N:≠:16:04>もうちょつといたいな・・。 / <CTRL:E5><N:≠:16:04>いろいろ教えて欲しいんだけど。
31/S3013.DAT,0x48066,19,high,0,original,,,,,,乗員 / では、さつそく出発します。
31/S3013.DAT,0x48180,24,high,0,original,,,,,,乗員 / 準備ができるまでお待ちしています。
31/S3013.DAT,0x481EE,16,high,0,original,,,,,,乗員 / 何が知りたいですか？
31/S3013.DAT,0x48236,57,high,0,original,,,,,,<CTRL:E5>”どうすれば強くなれるの？ / <CTRL:E5>”何か戦いのニツはあるの？ / <CTRL:E5>”他に何かある？ / <CTRL:E5>”やつっり、いいや。
31/S3013.DAT,0x482BA,39,high,0,original,,,,,,乗員 / この国には3カ所、いつ行つても / モンスターのいる場所があります。
31/S3013.DAT,0x48314,31,high,0,original,,,,,,乗員 / ここで何度も戦えば、 / どんどん強くなれます。
31/S3013.DAT,0x48366,33,high,0,original,,,,,,乗員 / 出発まで、鍛えれば強くなつてスメリアに戻れますよ。
31/S3013.DAT,0x483C6,55,high,0,original,,,,,,乗員 / フリーカーソルでマッ<N:フ:11:DD55>をチ<N:±:6:DF5D>ック / してますか？ / 自分のターンで<N:t:5:DF60><N:Β:7:DF03>同時おしですよ。
31/S3013.DAT,0x48430,62,high,0,original,,,,,,乗員 / 妖樹も、ふえる時に<N:Π:10:DDFA><N:Ｐ:10:DD90>が半分に / なりますが、倒した時にもらえる / 経験値は変わりませんよ。
31/S3013.DAT,0x484AC,56,high,0,original,,,,,,乗員 / 一度行つた後も、行けるじょう<N:態:20:DF23>の / 続いている場所には、何度か足を運んで / みて下さい。
31/S3013.DAT,0x48516,21,high,0,original,,,,,,乗員 / きつと、いいことがありますよ。
31/S3013.DAT,0x4855E,42,high,0,original,,,,,,乗員 / また、自由に<N:歩:6:DEBD>き回れる場所では、<CTRL:E7>！をいろんな所でおしてみて下さい。
31/S3013.DAT,0x485BA,29,high,0,original,,,,,,乗員 / 何か大こなものをひろうことがあるみたいですよ。
31/S3013.DAT,0x4860E,21,high,0,original,,,,,,乗員 / それでは、準備はいいですか？
31/S3014.DAT,0x4582E,5,medium,0,original,,,,,,る<CTRL:00>し<CTRL:00><N:X:20:06>
31/S3014.DAT,0x45870,37,medium,0,original,,,,,,ふ！’<CTRL:00><N:７:11:18><CTRL:00>ふ！’<CTRL:00>の<CTRL:00>ふ！’<CTRL:00>な<CTRL:00>ふ！’<CTRL:00>し<CTRL:00>ふ！<N:＆:4:07><CTRL:00><CTRL:FF><CTRL:FF>の<CTRL:00>し<CTRL:00>ぞ！て
31/S3014.DAT,0x458EC,27,medium,0,original,,,,,,一！<N:＆:4:07><CTRL:00><N:７:11:18><CTRL:00>一！<N:＆:4:07><CTRL:00>の<CTRL:00>一！<N:＆:4:07><CTRL:00>な<CTRL:00>一！<N:＆:4:07><CTRL:00>し<CTRL:00>一！て
31/S3014.DAT,0x4594C,73,medium,0,original,,,,,,石<CTRL:00><N:ぇ:2:C0>！攻’！<CTRL:00><N:X:20:06><CTRL:00>に<CTRL:00>門<N:*:7:0B><CTRL:00><CTRL:FF><CTRL:FF><N:７:11:18><CTRL:00>た<CTRL:00><CTRL:F7><CTRL:FF>う<CTRL:00><N:≠:16:04><CTRL:00>な<CTRL:00>石<CTRL:00><N:ク:12:80>（<N:ﾉ:6:10><CTRL:FF>！<CTRL:00>，<CTRL:00><N:≠:16:04><CTRL:00>の<CTRL:00>石<CTRL:00><N:ク:12:80>（見！！<CTRL:00>，<CTRL:00><N:≠:16:04><CTRL:00>し<CTRL:00>石<CTRL:00>か’<G:E005:989>！<CTRL:00>，<CTRL:00><N:≠:16:04><CTRL:00><N:７:11:18><CTRL:00>石
31/S3014.DAT,0x459A2,31,medium,0,original,,,,,,石<CTRL:00><N:ぇ:2:C0>！攻’！<CTRL:00><N:≠:16:04><CTRL:00>に<CTRL:00>門<N:*:7:0B><CTRL:00><CTRL:FF><CTRL:FF><N:７:11:18><CTRL:00>た<CTRL:00><CTRL:F7><CTRL:FF>う<CTRL:00><N:≠:16:04><CTRL:00><N:ъ:14:1A><CTRL:00>石
31/S3014.DAT,0x459DC,29,medium,0,original,,,,,,<CTRL:00><CTRL:FF>0<CTRL:00><N:ъ:14:1A><CTRL:00>や<CTRL:00>0<CTRL:00>た<CTRL:00>や<CTRL:00>0<CTRL:00><N:７:11:18><CTRL:00>や<CTRL:00>う<CTRL:00>ら<CTRL:00>”<CTRL:00>で！て
31/S3014.DAT,0x45A2C,111,medium,0,original,,,,,,敵 <N:＆:4:07><CTRL:00><N:７:11:18><CTRL:00>敵 <N:＆:4:07><CTRL:00>の<CTRL:00>敵 <N:＆:4:07><CTRL:00>な<CTRL:00>敵 <N:＆:4:07><CTRL:00>し<CTRL:00>敵 う<CTRL:00>’<CTRL:00><N:３:14:19><CTRL:00>ど！’<CTRL:00><N:７:11:18><CTRL:00>じ！’<CTRL:00>の<CTRL:00>マ！’<CTRL:00>な<CTRL:00>タ！’<CTRL:00>し<CTRL:00>シ！う<CTRL:00>’<CTRL:00><N:３:14:19><CTRL:00>出！’<CTRL:00><N:７:11:18><CTRL:00>ね！’<CTRL:00>の<CTRL:00>下！’<CTRL:00>な<CTRL:00>何！’<CTRL:00>し<CTRL:00>チ！う<CTRL:00>を<CTRL:00>”<CTRL:00>ゃ う<CTRL:00>ら<CTRL:00>”<CTRL:00>2！に<CTRL:00>ろ て
31/S3014.DAT,0x45A4C,79,medium,0,original,,,,,,ど！’<CTRL:00><N:７:11:18><CTRL:00>じ！’<CTRL:00>の<CTRL:00>マ！’<CTRL:00>な<CTRL:00>タ！’<CTRL:00>し<CTRL:00>シ！う<CTRL:00>’<CTRL:00><N:３:14:19><CTRL:00>出！’<CTRL:00><N:７:11:18><CTRL:00>ね！’<CTRL:00>の<CTRL:00>下！’<CTRL:00>な<CTRL:00>何！’<CTRL:00>し<CTRL:00>チ！う<CTRL:00>を<CTRL:00>”<CTRL:00>ゃ う<CTRL:00>ら<CTRL:00>”<CTRL:00>2！に<CTRL:00>ろ て
31/S3014.DAT,0x45A6C,47,medium,0,original,,,,,,出！’<CTRL:00><N:７:11:18><CTRL:00>ね！’<CTRL:00>の<CTRL:00>下！’<CTRL:00>な<CTRL:00>何！’<CTRL:00>し<CTRL:00>チ！う<CTRL:00>を<CTRL:00>”<CTRL:00>ゃ う<CTRL:00>ら<CTRL:00>”<CTRL:00>2！に<CTRL:00>ろ て
31/S3014.DAT,0x45AC0,22,medium,0,original,,,,,,<N:ｌ:5:5B>！’<CTRL:00><N:７:11:18><CTRL:00>霊！う<CTRL:00> <CTRL:00>！<CTRL:00><CTRL:FC>  <CTRL:00><N:≠:16:04><CTRL:00><CTRL:FC>
31/S3014.DAT,0x45AE6,27,medium,0,original,,,,,,て！<N:＆:4:07><CTRL:00><N:７:11:18><CTRL:00>て！<N:＆:4:07><CTRL:00>の<CTRL:00>て！<N:＆:4:07><CTRL:00>な<CTRL:00>て！<N:＆:4:07><CTRL:00>し<CTRL:00>て！う
31/S3014.DAT,0x45D3C,8,medium,0,original,,,,,,精。ンを？らわた
31/S3014.DAT,0x45D5A,45,medium,0,original,,,,,,<CTRL:E5>！値ひれ<N:究:1:DE46>投ミベ<CTRL:E6><CTRL:00><CTRL:E5>！場ふ<N:究:1:DE46>投ミベ<CTRL:E6><CTRL:00><CTRL:E5>！年 が精ん<CTRL:E6><CTRL:00><CTRL:E5>！もー出っん<CTRL:E6>
31/S3014.DAT,0x45DB2,8,medium,0,original,,,,,,よとすをゃで王ン
31/S3014.DAT,0x45DD4,49,medium,0,original,,,,,,<CTRL:E5>！じ者ひれ話<N:空:2:DD18><CTRL:E6><CTRL:00><CTRL:E5>！運き臣ま<G:D2:209>話<N:空:2:DD18><CTRL:E6><CTRL:00><CTRL:E5>！フダ<N:リ:12:6F>ねま負話<N:空:2:DD18><CTRL:E6><CTRL:00><CTRL:E5>！解い装ま火<CTRL:E6>
31/S3014.DAT,0x45E2C,50,medium,0,original,,,,,,<CTRL:E5>！れどどめじ話<N:空:2:DD18><CTRL:E6><CTRL:00><CTRL:E5>！れひウまねニ話<N:空:2:DD18><CTRL:E6><CTRL:00><CTRL:E5>！必ま直き話<N:空:2:DD18><CTRL:E6><CTRL:00><CTRL:E5>！解い装ま火<CTRL:E6>
31/S3014.DAT,0x45E86,25,medium,0,original,,,,,,<CTRL:E5>！はどま受金話<N:空:2:DD18><CTRL:E6><CTRL:00><CTRL:E5>！解い装ま火<CTRL:E6>
31/S3014.DAT,0x46546,16,high,0,original,,,,,,チョピン / 出発なさいますか？
31/S3014.DAT,0x4658E,28,high,0,original,,,,,,<CTRL:E5>”出発する / <CTRL:E5>”出発しない / <CTRL:E5>”いろいろ教えて！
31/S3014.DAT,0x465EA,15,high,0,original,,,,,,チョピン / では、こちらへ。
31/S3014.DAT,0x4670A,26,high,0,original,,,,,,チョピン / いつでも整備してお待ちしております。
31/S3014.DAT,0x468D2,16,high,0,original,,,,,,チョピン / 出発なさいますか？
31/S3014.DAT,0x4691A,28,high,0,original,,,,,,<CTRL:E5>”出発する / <CTRL:E5>”出発しない / <CTRL:E5>”いろいろ教えて！
31/S3014.DAT,0x46976,15,high,0,original,,,,,,チョピン / では、こちらへ。
31/S3014.DAT,0x46AA2,26,high,0,original,,,,,,チョピン / いつでも整備してお待ちしております。
31/S3014.DAT,0x46C00,16,high,0,original,,,,,,チョピン / 出発なさいますか？
31/S3014.DAT,0x46C48,32,high,0,original,,,,,,<CTRL:E5>”出発する / <CTRL:E5>”出発しない / <CTRL:E5>”いろいろ教えて！ その2
31/S3014.DAT,0x46CA8,16,high,0,original,,,,,,チョピン / 出発なさいますか？
31/S3014.DAT,0x46CF0,31,high,0,original,,,,,,<CTRL:E5>”出発する / <CTRL:E5>”出発しない / <CTRL:E5>”耳よりな話を聞きたい！
31/S3014.DAT,0x46D50,15,high,0,original,,,,,,チョピン / では、こちらへ。
31/S3014.DAT,0x46E82,26,high,0,original,,,,,,チョピン / いつでも整備してお待ちしております。
31/S3014.DAT,0x46EF2,17,high,0,original,,,,,,チョピン / 何が知りたいですか？
31/S3014.DAT,0x46F3C,48,high,0,original,,,,,,<CTRL:E5>”ア<N:｣:11:65>テム・アクセサリーの効果。 / <CTRL:E5>”戦闘の方向と反撃。 / <CTRL:E5>”やつっり、いいや。
31/S3014.DAT,0x46FB4,72,high,0,original,,,,,,チョピン / ア<N:｣:11:65>テム・アクセサリー・特し<N:ぃ:20:DE20>能力は、カーソルで選んでいる時に<N:t:5:DF60>か<N:Β:7:DF03><N:卞:16:DDA1>タンをおすことで、その効果を見れます。
31/S3014.DAT,0x4702E,66,high,0,original,,,,,,チョピン / 特に、特し<N:ぃ:20:DE20>能力は必要な<N:∪:20:DE4F><N:Ｐ:10:DD90>と / 現在の<N:∪:20:DE4F><N:Ｐ:10:DD90>が<N:表:12:DE59><N:示:2:DE6F>されるので / 大いに利用して下さい。
31/S3014.DAT,0x470A2,52,high,0,original,,,,,,チョピン / ア<N:｣:11:65>テムで投げてダメージを<N:与:3:DD3F>えるものは石・小さい爆弾・大きい爆弾の3つです。
31/S3014.DAT,0x47108,45,high,0,original,,,,,,チョピン / ア<N:｣:11:65>テム投げは反撃されないので / 強い敵でも安全な攻撃手段です。
31/S3014.DAT,0x47174,44,high,0,original,,,,,,チョピン / 敵に攻撃した場合に、反撃をされ、 / ダメージを受けることがあります。
31/S3014.DAT,0x471D2,46,high,0,original,,,,,,チョピン / これを避けるためには、 / 敵の後ろかよこに / 回り込んで攻撃することです。
31/S3014.DAT,0x47232,61,high,0,original,,,,,,チョピン / 逆に、自分が攻撃される時になるベく、 / 正面からになるようにしむけると / 敵に反撃しやすくなります。
31/S3014.DAT,0x472A2,54,high,0,original,,,,,,チョピン / 特し<N:ぃ:20:DE20>攻撃もア<N:｣:11:65>テムを投げるのと同じく絶対に敵の反撃を受けない攻撃手段です。
31/S3014.DAT,0x47324,17,high,0,original,,,,,,チョピン / 何が知りたいですか？
31/S3014.DAT,0x4736E,37,high,0,original,,,,,,<CTRL:E5>”バトルの心得 その2 / <CTRL:E5>”耳よりな話 / <CTRL:E5>”やつっり、いいや。
31/S3014.DAT,0x473DA,54,high,0,original,,,,,,<CTRL:E5>”モンスターとの相しょう / <CTRL:E5>”経験値について / <CTRL:E5>”成長のアトバ<N:｣:11:65>ス / <CTRL:E5>”やつっり、いいや。
31/S3014.DAT,0x4745A,60,high,0,original,,,,,,チョピン / こちらの攻撃がモンスターにきかないのは<N:リ:12:6F>ベルの違い以外に、相しょうが悪い / 場合があります。
31/S3014.DAT,0x474C8,48,high,0,original,,,,,,チョピン / 例えば、魔法を使用するモンスターは、 / 魔法攻撃には強いもんです。
31/S3014.DAT,0x4752A,47,high,0,original,,,,,,チョピン / 他には、飛んでいるモンスターには、 / 風の魔法がよくきくとかもあります。
31/S3014.DAT,0x4758C,40,high,0,original,,,,,,チョピン / 戦いは頭を使わなきゃいけません。 / 力だけじゃだめなんですよ。
31/S3014.DAT,0x475E8,8,high,0,original,,,,,,言つてくれるぜ。
31/S3014.DAT,0x4762E,40,high,0,original,,,,,,チョピン / 強い相手を選んで戦うと、それだけ多くの経験をつめます。
31/S3014.DAT,0x47688,57,high,0,original,,,,,,チョピン / 経験は、攻撃した時も、された時も / 得られます。 / いつもチャ<N:リ:12:6F>ンジする心で挑んで下さい。
31/S3014.DAT,0x476F6,22,high,0,original,,,,,,なんだか、ちょつとやる気に / なつてきたな。
31/S3014.DAT,0x4773E,30,high,0,original,,,,,,チョピン / ただし、 / ダメージが0の場合はだめですよ。
31/S3014.DAT,0x47790,7,high,0,original,,,,,,・・・。
31/S3014.DAT,0x477D6,43,high,0,original,,,,,,チョピン / 仲聞がふえてくると、戦闘での役わりに / より<N:リ:12:6F>ベルにさが出てきます。
31/S3014.DAT,0x47834,35,high,0,original,,,,,,チョピン / すベての人が攻撃に向いているわけでは / ありません。
31/S3014.DAT,0x4788A,48,high,0,original,,,,,,チョピン / <N:午:15:DD4E>ャラクターの防御値が近い値になるように気をつけてみてはどうでしょう？
31/S3014.DAT,0x478EC,41,high,0,original,,,,,,チョピン / きつと、 / す<N:く:4:DDB7>やられてしまう落ちこ<G:D2:209>れは / いなくなりますよ。
31/S3014.DAT,0x4794A,16,high,0,original,,,,,,落ちこ<G:D2:209>れとは誰のことじゃ？
31/S3014.DAT,0x47996,58,high,0,original,,,,,,<CTRL:E5>”アララトスの遺跡ダンジョン / <CTRL:E5>”ミルマーナのその後 / <CTRL:E5>”ラマダ寺での修行 / <CTRL:E5>”やつっり、いいや。
31/S3014.DAT,0x47A1A,43,high,0,original,,,,,,チョピン / アララトスの遺跡ダンジョンは / 相当に階層が<N:深:11:DEA0>いようです。
31/S3014.DAT,0x47A78,52,high,0,original,,,,,,チョピン / なかには、モンスターに守られた、 / あそこにしかないアクセサリーもあると / 聞きます。
31/S3014.DAT,0x47ADE,34,high,0,original,,,,,,チョピン / 力試しもかねて、時には行つてみるのも / よいのでは？
31/S3014.DAT,0x47B34,30,high,0,original,,,,,,そうじゃ、おまえらの力で宝を / どんどん手に入れるんじゃ！
31/S3014.DAT,0x47B86,42,high,0,original,,,,,,もちろん、手に入れた後はわしにまかせんしゃい。 / <N:ヒ:5:DDB5>ャッ<N:ヒ:5:DDB5>ャッ<N:ヒ:5:DDB5>ャッ<N:ヒ:5:DDB5>ャッ。
31/S3014.DAT,0x47BE4,12,high,0,original,,,,,,まかせる訳ないでしょ！
31/S3014.DAT,0x47C2E,34,high,0,original,,,,,,チョピン / トヨー<N:ゲ:16:DD6D>の森のベみの精霊を / お<G:D2:209>えていますか？
31/S3014.DAT,0x47C82,33,high,0,original,,,,,,チョピン / 彼女はいつも我<N:く:18:DD06>を見守つてくれて / います。
31/S3014.DAT,0x47CD6,58,high,0,original,,,,,,チョピン / ミルマーナには、3カ所バトルエリアが / あるこですし、時には行つて、 / 話を聞くのもよいでしょう。
31/S3014.DAT,0x47D42,27,high,0,original,,,,,,チョピン / 行くと万能薬をもらえるようですよ。
31/S3014.DAT,0x47D92,8,high,0,original,,,,,,やさし<N:∴:12:DEB6>のう。
31/S3014.DAT,0x47DD8,47,high,0,original,,,,,,チョピン / ラマダに残つた僧達は、 / 寺を修行の場として / 解放しているようです。
31/S3014.DAT,0x47E3A,45,high,0,original,,,,,,チョピン / 自分の強さを試したくなつた場合に、 / 立ちよつてみてはどうでしょう。
31/S3014.DAT,0x47E9C,10,high,0,original,,,,,,弟子達よ・・・・。
31/S3014.DAT,0x47EE4,22,high,0,original,,,,,,チョピン / どれについてお話ししましょう？
31/S3014.DAT,0x47F3C,51,high,0,original,,,,,,<CTRL:E5>”ストーンサークル / <CTRL:E5>”リン<N:ク:12:80>の位置設定 / <CTRL:E5>”召喚獣について / <CTRL:E5>”次の<N:へ:4:DDF7>ージ
31/S3014.DAT,0x47FB8,42,high,0,original,,,,,,<CTRL:E5>”ポニの楽器 / <CTRL:E5>”闘技場 / <CTRL:E5>”<N:ヒ:5:DDB5>ートウ<N:｣:13:DEB4>ール / <CTRL:E5>”やつっりいいや。
31/S3014.DAT,0x4802A,47,high,0,original,,,,,,<CTRL:E5>”ストーンサークル / <CTRL:E5>”リン<N:ク:12:80>の位置設定 / <CTRL:E5>”召喚獣 / <CTRL:E5>”次の<N:へ:4:DDF7>ージ
31/S3014.DAT,0x480A2,41,high,0,original,,,,,,<CTRL:E5>”ポニの楽器 / <CTRL:E5>”闘技場 / <CTRL:E5>”<N:ヒ:5:DDB5>ートウ<N:｣:13:DEB4>ール / <CTRL:E5>”次の<N:へ:4:DDF7>ージ
31/S3014.DAT,0x48114,56,high,0,original,,,,,,<CTRL:E5>”ラマダ寺の修行 / <CTRL:E5>”ロマンシン<N:ク:12:80>ストーン / <CTRL:E5>”アクセサリー<N:ｌ:5:5B>きぬのおびへ / <CTRL:E5>”やつっりいいや。
31/S3014.DAT,0x4818E,50,high,0,original,,,,,,チョピン / <N:ニ:13:DD3C>ーゲンさんが仲聞になつた後にオルカスの丘のストーンサークルへ行きましたか？
31/S3014.DAT,0x481F2,42,high,0,original,,,,,,チョピン / ここでは、あるア<N:｣:11:65>テムが手に入ります。ストーンサークルだけに・・。
31/S3014.DAT,0x48252,50,high,0,original,,,,,,チョピン / バトル中に、自分のターンで / スタート<N:卞:16:DDA1>タンをおすと / ステータスを見れますよね。
31/S3014.DAT,0x482B6,55,high,0,original,,,,,,チョピン / その時に、カーソルと<CTRL:E7>！でリン<N:ク:12:80>の中の技を選んでア<N:｣:11:65>ニンの位置を変えられるんです。
31/S3014.DAT,0x48320,40,high,0,original,,,,,,チョピン / これは、一度変えるとセーフされるので / すつと使えますよ。
31/S3014.DAT,0x4837E,68,high,0,original,,,,,,チョピン / 召喚獣は全部で<N:ｃ:9:17>までなると聞いております。中には見つかりにくいものもいるようなのであちこち探してみて下さい。
31/S3014.DAT,0x483F8,64,high,0,original,,,,,,チョピン / ポニ様の楽器は、全部で<N:３:14:19>つになると聞いております。全部見つかると、かなり強い兵隊になれそうですね。
31/S3014.DAT,0x4846E,41,high,0,original,,,,,,チョピン / その後の闘技場では、バトルに勝つた数を数えているみたいですね。
31/S3014.DAT,0x484CA,42,high,0,original,,,,,,チョピン / きつと、いいことがありますから / がんばつて記ろくを作つて下さい。
31/S3014.DAT,0x4852A,66,high,0,original,,,,,,チョピン / <N:ニ:13:DD3C>ーゲン様の<N:ヒ:5:DDB5>ートウ<N:｣:13:DEB4>ールの魔法の火に<N:ｌ:5:5B>大きい爆弾へを投げ込むと大爆発が / 起こるそうです。
31/S3014.DAT,0x4859E,36,high,0,original,,,,,,チョピン / モンスターの多いところで使つてみては / どうでしょう。
31/S3014.DAT,0x485F8,68,high,0,original,,,,,,チョピン / ラマダ寺では、ランクを設けて修行を行つているようですが、その全てを終えると手に入るアクセサリーがあるようです。
31/S3014.DAT,0x4866E,38,high,0,original,,,,,,チョピン / ただ、ラマダ寺でもらえるわけではないようですが・・・。
31/S3014.DAT,0x486CA,66,high,0,original,,,,,,チョピン / ロマンシン<N:ク:12:80>ストーンのある場所がわかりました。1つはスメリアのトウウ<N:ｲ:6:DD03>ル / 1つはアララトスの遺跡ダンジョン、
31/S3014.DAT,0x4873E,52,high,0,original,,,,,,チョピン / 1つは<N:ニ:13:DD3C>ーゲン様が、最後の1つはアークさんの父上が持つてらつしゃつたみたいですね。
31/S3014.DAT,0x487A8,66,high,0,original,,,,,,チョピン / 戦闘での経験値が倍なるアクセサリーがあるようです。名前は<N:ｌ:5:5B>きぬのおびへ。 / 誰でも使えるようですね。
31/S3021.DAT,0x47980,21,medium,0,original,,,,,,が<CTRL:00> <CTRL:00><N:＆:4:07><CTRL:00><N:ъ:14:1A><CTRL:00>が<CTRL:00><N:＆:4:07><CTRL:00><N:＆:4:07><CTRL:00>い<CTRL:00>は<CTRL:00>！<CTRL:00><N:＆:4:07>
31/S3021.DAT,0x479A8,49,medium,0,original,,,,,,ダ<CTRL:00>う<CTRL:00>り<CTRL:00><N:３:14:19><CTRL:00>ウ<CTRL:00>う<CTRL:00>が<CTRL:00>1<CTRL:00>る<CTRL:00><N:７:11:18><CTRL:00>が<CTRL:00>1<CTRL:00>に<CTRL:00><N:３:14:19><CTRL:00>が<CTRL:00> <CTRL:00><N:＆:4:07><CTRL:00><N:ъ:14:1A><CTRL:00>が<CTRL:00><N:＆:4:07><CTRL:00><N:＆:4:07><CTRL:00>い<CTRL:00>は<CTRL:00>！<CTRL:00><N:＆:4:07>
31/S3021.DAT,0x479B0,41,medium,0,original,,,,,,ウ<CTRL:00>う<CTRL:00>が<CTRL:00>1<CTRL:00>る<CTRL:00><N:７:11:18><CTRL:00>が<CTRL:00>1<CTRL:00>に<CTRL:00><N:３:14:19><CTRL:00>が<CTRL:00> <CTRL:00><N:＆:4:07><CTRL:00><N:ъ:14:1A><CTRL:00>が<CTRL:00><N:＆:4:07><CTRL:00><N:＆:4:07><CTRL:00>い<CTRL:00>は<CTRL:00>！<CTRL:00><N:＆:4:07>
31/S3021.DAT,0x479C4,21,medium,0,original,,,,,,が<CTRL:00> <CTRL:00><N:＆:4:07><CTRL:00><N:ъ:14:1A><CTRL:00>が<CTRL:00><N:＆:4:07><CTRL:00><N:＆:4:07><CTRL:00>い<CTRL:00>は<CTRL:00>！<CTRL:00><N:＆:4:07>
31/S3021.DAT,0x479EC,57,medium,0,original,,,,,,会<CTRL:00>う<CTRL:00>り<CTRL:00><N:３:14:19><CTRL:00>私<CTRL:00>う<CTRL:00>が<CTRL:00><N:ﾉ:6:10><CTRL:00><N:ъ:14:1A><CTRL:00><N:７:11:18><CTRL:00>が<CTRL:00><N:＄:1:05><CTRL:00><N:ъ:14:1A><CTRL:00>の<CTRL:00>が<CTRL:00><N:ﾉ:6:10><CTRL:00>い<CTRL:00><N:３:14:19><CTRL:00>が<CTRL:00> <CTRL:00><N:＆:4:07><CTRL:00><N:ъ:14:1A><CTRL:00>が<CTRL:00><N:＆:4:07><CTRL:00><N:＆:4:07><CTRL:00>い<CTRL:00>は<CTRL:00>！<CTRL:00><N:＆:4:07>
31/S3021.DAT,0x479F4,49,medium,0,original,,,,,,私<CTRL:00>う<CTRL:00>が<CTRL:00><N:ﾉ:6:10><CTRL:00><N:ъ:14:1A><CTRL:00><N:７:11:18><CTRL:00>が<CTRL:00><N:＄:1:05><CTRL:00><N:ъ:14:1A><CTRL:00>の<CTRL:00>が<CTRL:00><N:ﾉ:6:10><CTRL:00>い<CTRL:00><N:３:14:19><CTRL:00>が<CTRL:00> <CTRL:00><N:＆:4:07><CTRL:00><N:ъ:14:1A><CTRL:00>が<CTRL:00><N:＆:4:07><CTRL:00><N:＆:4:07><CTRL:00>い<CTRL:00>は<CTRL:00>！<CTRL:00><N:＆:4:07>
31/S3021.DAT,0x47A10,21,medium,0,original,,,,,,が<CTRL:00> <CTRL:00><N:＆:4:07><CTRL:00><N:ъ:14:1A><CTRL:00>が<CTRL:00><N:＆:4:07><CTRL:00><N:＆:4:07><CTRL:00>い<CTRL:00>は<CTRL:00>！<CTRL:00><N:＆:4:07>
31/S3021.DAT,0x47A4C,21,medium,0,original,,,,,,が<CTRL:00> <CTRL:00><N:＆:4:07><CTRL:00><N:ъ:14:1A><CTRL:00>が<CTRL:00><N:＆:4:07><CTRL:00><N:＆:4:07><CTRL:00>い<CTRL:00>は<CTRL:00>！<CTRL:00><N:＆:4:07>
31/S3021.DAT,0x47A74,65,medium,0,original,,,,,,思<CTRL:00>う<CTRL:00>り<CTRL:00><N:３:14:19><CTRL:00>自<CTRL:00>う<CTRL:00>り<CTRL:00><N:３:14:19><CTRL:00>オ<CTRL:00>う<CTRL:00>が<CTRL:00>1<CTRL:00><N:ъ:14:1A><CTRL:00><N:７:11:18><CTRL:00>が<CTRL:00><N:＄:1:05><CTRL:00><N:ъ:14:1A><CTRL:00>な<CTRL:00>が<CTRL:00>1<CTRL:00>い<CTRL:00><N:３:14:19><CTRL:00>が<CTRL:00> <CTRL:00><N:＆:4:07><CTRL:00><N:ъ:14:1A><CTRL:00>が<CTRL:00><N:＆:4:07><CTRL:00><N:＆:4:07><CTRL:00>い<CTRL:00>は<CTRL:00>！<CTRL:00><N:＆:4:07>
31/S3021.DAT,0x47A7C,57,medium,0,original,,,,,,自<CTRL:00>う<CTRL:00>り<CTRL:00><N:３:14:19><CTRL:00>オ<CTRL:00>う<CTRL:00>が<CTRL:00>1<CTRL:00><N:ъ:14:1A><CTRL:00><N:７:11:18><CTRL:00>が<CTRL:00><N:＄:1:05><CTRL:00><N:ъ:14:1A><CTRL:00>な<CTRL:00>が<CTRL:00>1<CTRL:00>い<CTRL:00><N:３:14:19><CTRL:00>が<CTRL:00> <CTRL:00><N:＆:4:07><CTRL:00><N:ъ:14:1A><CTRL:00>が<CTRL:00><N:＆:4:07><CTRL:00><N:＆:4:07><CTRL:00>い<CTRL:00>は<CTRL:00>！<CTRL:00><N:＆:4:07>
31/S3021.DAT,0x47A84,49,medium,0,original,,,,,,オ<CTRL:00>う<CTRL:00>が<CTRL:00>1<CTRL:00><N:ъ:14:1A><CTRL:00><N:７:11:18><CTRL:00>が<CTRL:00><N:＄:1:05><CTRL:00><N:ъ:14:1A><CTRL:00>な<CTRL:00>が<CTRL:00>1<CTRL:00>い<CTRL:00><N:３:14:19><CTRL:00>が<CTRL:00> <CTRL:00><N:＆:4:07><CTRL:00><N:ъ:14:1A><CTRL:00>が<CTRL:00><N:＆:4:07><CTRL:00><N:＆:4:07><CTRL:00>い<CTRL:00>は<CTRL:00>！<CTRL:00><N:＆:4:07>
31/S3021.DAT,0x47AA0,21,medium,0,original,,,,,,が<CTRL:00> <CTRL:00><N:＆:4:07><CTRL:00><N:ъ:14:1A><CTRL:00>が<CTRL:00><N:＆:4:07><CTRL:00><N:＆:4:07><CTRL:00>い<CTRL:00>は<CTRL:00>！<CTRL:00><N:＆:4:07>
31/S3021.DAT,0x47AC8,65,medium,0,original,,,,,,気<CTRL:00>う<CTRL:00>り<CTRL:00><N:３:14:19><CTRL:00>前<CTRL:00>う<CTRL:00>り<CTRL:00><N:３:14:19><CTRL:00>闘<CTRL:00>う<CTRL:00>が<CTRL:00>1<CTRL:00><N:ъ:14:1A><CTRL:00><N:７:11:18><CTRL:00>が<CTRL:00><N:＄:1:05><CTRL:00><N:ъ:14:1A><CTRL:00>な<CTRL:00>が<CTRL:00>1<CTRL:00>い<CTRL:00><N:３:14:19><CTRL:00>が<CTRL:00> <CTRL:00><N:＆:4:07><CTRL:00><N:ъ:14:1A><CTRL:00>が<CTRL:00><N:＆:4:07><CTRL:00><N:＆:4:07><CTRL:00>い<CTRL:00>は<CTRL:00>！<CTRL:00><N:＆:4:07>
31/S3021.DAT,0x47AD0,57,medium,0,original,,,,,,前<CTRL:00>う<CTRL:00>り<CTRL:00><N:３:14:19><CTRL:00>闘<CTRL:00>う<CTRL:00>が<CTRL:00>1<CTRL:00><N:ъ:14:1A><CTRL:00><N:７:11:18><CTRL:00>が<CTRL:00><N:＄:1:05><CTRL:00><N:ъ:14:1A><CTRL:00>な<CTRL:00>が<CTRL:00>1<CTRL:00>い<CTRL:00><N:３:14:19><CTRL:00>が<CTRL:00> <CTRL:00><N:＆:4:07><CTRL:00><N:ъ:14:1A><CTRL:00>が<CTRL:00><N:＆:4:07><CTRL:00><N:＆:4:07><CTRL:00>い<CTRL:00>は<CTRL:00>！<CTRL:00><N:＆:4:07>
31/S3021.DAT,0x47AD8,49,medium,0,original,,,,,,闘<CTRL:00>う<CTRL:00>が<CTRL:00>1<CTRL:00><N:ъ:14:1A><CTRL:00><N:７:11:18><CTRL:00>が<CTRL:00><N:＄:1:05><CTRL:00><N:ъ:14:1A><CTRL:00>な<CTRL:00>が<CTRL:00>1<CTRL:00>い<CTRL:00><N:３:14:19><CTRL:00>が<CTRL:00> <CTRL:00><N:＆:4:07><CTRL:00><N:ъ:14:1A><CTRL:00>が<CTRL:00><N:＆:4:07><CTRL:00><N:＆:4:07><CTRL:00>い<CTRL:00>は<CTRL:00>！<CTRL:00><N:＆:4:07>
31/S3021.DAT,0x47AF4,21,medium,0,original,,,,,,が<CTRL:00> <CTRL:00><N:＆:4:07><CTRL:00><N:ъ:14:1A><CTRL:00>が<CTRL:00><N:＆:4:07><CTRL:00><N:＆:4:07><CTRL:00>い<CTRL:00>は<CTRL:00>！<CTRL:00><N:＆:4:07>
31/S3021.DAT,0x47B1C,13,medium,0,original,,,,,,ふ<CTRL:00>う<CTRL:00>り<CTRL:00><N:３:14:19><CTRL:00>山<CTRL:00>う<CTRL:00>が
31/S3021.DAT,0x47B24,5,medium,0,original,,,,,,山<CTRL:00>う<CTRL:00>が
31/S3021.DAT,0x47B7C,253,medium,0,original,,,,,,か<CTRL:00>が<CTRL:00> <CTRL:00><N:＆:4:07><CTRL:00><N:３:14:19><CTRL:00>る<CTRL:00>つ！が<CTRL:00><N:X:20:06><CTRL:00><N:７:11:18><CTRL:00>か<CTRL:00>が<CTRL:00> <CTRL:00><N:＆:4:07><CTRL:00><N:７:11:18><CTRL:00>が<CTRL:00><N:≠:16:04><CTRL:00><N:３:14:19><CTRL:00>か<CTRL:00>が<CTRL:00> <CTRL:00><N:＆:4:07><CTRL:00><N:３:14:19><CTRL:00>る<CTRL:00>つ！が<CTRL:00><N:X:20:06><CTRL:00><N:７:11:18><CTRL:00>か<CTRL:00>が<CTRL:00> <CTRL:00><N:＆:4:07><CTRL:00><N:７:11:18><CTRL:00>る<CTRL:00>つ！が<CTRL:00><N:≠:16:04><CTRL:00><N:７:11:18><CTRL:00>か<CTRL:00>が<CTRL:00> <CTRL:00><N:＆:4:07><CTRL:00><N:７:11:18><CTRL:00>が<CTRL:00><N:X:20:06><CTRL:00><N:３:14:19><CTRL:00>か<CTRL:00>が<CTRL:00> <CTRL:00><N:＆:4:07><CTRL:00><N:３:14:19><CTRL:00>る<CTRL:00>つ！が<CTRL:00><N:X:20:06><CTRL:00><N:３:14:19><CTRL:00>か<CTRL:00>が<CTRL:00> <CTRL:00><N:＆:4:07><CTRL:00><N:３:14:19><CTRL:00>る<CTRL:00>つ！が<CTRL:00><N:≠:16:04><CTRL:00><N:７:11:18><CTRL:00>か<CTRL:00>が<CTRL:00> <CTRL:00><N:＆:4:07><CTRL:00><N:７:11:18><CTRL:00>が<CTRL:00><N:X:20:06><CTRL:00><N:３:14:19><CTRL:00>か<CTRL:00>が<CTRL:00> <CTRL:00><N:＆:4:07><CTRL:00><N:３:14:19><CTRL:00>る<CTRL:00>つ！が<CTRL:00><N:≠:16:04><CTRL:00><N:７:11:18><CTRL:00>か<CTRL:00>が<CTRL:00> <CTRL:00><N:＆:4:07><CTRL:00><N:７:11:18><CTRL:00>る<CTRL:00>つ！が<CTRL:00><N:≠:16:04><CTRL:00><N:７:11:18><CTRL:00>か<CTRL:00>が<CTRL:00> <CTRL:00><N:＆:4:07><CTRL:00><N:７:11:18><CTRL:00>が<CTRL:00><N:≠:16:04><CTRL:00><N:３:14:19><CTRL:00>か<CTRL:00>が<CTRL:00> <CTRL:00><N:＆:4:07><CTRL:00><N:３:14:19><CTRL:00>に<CTRL:00>石 う<CTRL:00>る<CTRL:00>ル！”<CTRL:00><G:E001:985><CTRL:F0><CTRL:FF><N:‐:2:0E><CTRL:00> <CTRL:00><N:．:2:0F><CTRL:00><N:＄:1:05><CTRL:00>？<CTRL:00><N:‐:2:0E><CTRL:00>！<CTRL:00>（<CTRL:00>”<CTRL:00><N:ぇ:2:C0> <CTRL:F0><CTRL:FF><N:‐:2:0E>
31/S3021.DAT,0x47B86,243,medium,0,original,,,,,,る<CTRL:00>つ！が<CTRL:00><N:X:20:06><CTRL:00><N:７:11:18><CTRL:00>か<CTRL:00>が<CTRL:00> <CTRL:00><N:＆:4:07><CTRL:00><N:７:11:18><CTRL:00>が<CTRL:00><N:≠:16:04><CTRL:00><N:３:14:19><CTRL:00>か<CTRL:00>が<CTRL:00> <CTRL:00><N:＆:4:07><CTRL:00><N:３:14:19><CTRL:00>る<CTRL:00>つ！が<CTRL:00><N:X:20:06><CTRL:00><N:７:11:18><CTRL:00>か<CTRL:00>が<CTRL:00> <CTRL:00><N:＆:4:07><CTRL:00><N:７:11:18><CTRL:00>る<CTRL:00>つ！が<CTRL:00><N:≠:16:04><CTRL:00><N:７:11:18><CTRL:00>か<CTRL:00>が<CTRL:00> <CTRL:00><N:＆:4:07><CTRL:00><N:７:11:18><CTRL:00>が<CTRL:00><N:X:20:06><CTRL:00><N:３:14:19><CTRL:00>か<CTRL:00>が<CTRL:00> <CTRL:00><N:＆:4:07><CTRL:00><N:３:14:19><CTRL:00>る<CTRL:00>つ！が<CTRL:00><N:X:20:06><CTRL:00><N:３:14:19><CTRL:00>か<CTRL:00>が<CTRL:00> <CTRL:00><N:＆:4:07><CTRL:00><N:３:14:19><CTRL:00>る<CTRL:00>つ！が<CTRL:00><N:≠:16:04><CTRL:00><N:７:11:18><CTRL:00>か<CTRL:00>が<CTRL:00> <CTRL:00><N:＆:4:07><CTRL:00><N:７:11:18><CTRL:00>が<CTRL:00><N:X:20:06><CTRL:00><N:３:14:19><CTRL:00>か<CTRL:00>が<CTRL:00> <CTRL:00><N:＆:4:07><CTRL:00><N:３:14:19><CTRL:00>る<CTRL:00>つ！が<CTRL:00><N:≠:16:04><CTRL:00><N:７:11:18><CTRL:00>か<CTRL:00>が<CTRL:00> <CTRL:00><N:＆:4:07><CTRL:00><N:７:11:18><CTRL:00>る<CTRL:00>つ！が<CTRL:00><N:≠:16:04><CTRL:00><N:７:11:18><CTRL:00>か<CTRL:00>が<CTRL:00> <CTRL:00><N:＆:4:07><CTRL:00><N:７:11:18><CTRL:00>が<CTRL:00><N:≠:16:04><CTRL:00><N:３:14:19><CTRL:00>か<CTRL:00>が<CTRL:00> <CTRL:00><N:＆:4:07><CTRL:00><N:３:14:19><CTRL:00>に<CTRL:00>石 う<CTRL:00>る<CTRL:00>ル！”<CTRL:00><G:E001:985><CTRL:F0><CTRL:FF><N:‐:2:0E><CTRL:00> <CTRL:00><N:．:2:0F><CTRL:00><N:＄:1:05><CTRL:00>？<CTRL:00><N:‐:2:0E><CTRL:00>！<CTRL:00>（<CTRL:00>”<CTRL:00><N:ぇ:2:C0> <CTRL:F0><CTRL:FF><N:‐:2:0E>
31/S3021.DAT,0x47BA0,217,medium,0,original,,,,,,か<CTRL:00>が<CTRL:00> <CTRL:00><N:＆:4:07><CTRL:00><N:３:14:19><CTRL:00>る<CTRL:00>つ！が<CTRL:00><N:X:20:06><CTRL:00><N:７:11:18><CTRL:00>か<CTRL:00>が<CTRL:00> <CTRL:00><N:＆:4:07><CTRL:00><N:７:11:18><CTRL:00>る<CTRL:00>つ！が<CTRL:00><N:≠:16:04><CTRL:00><N:７:11:18><CTRL:00>か<CTRL:00>が<CTRL:00> <CTRL:00><N:＆:4:07><CTRL:00><N:７:11:18><CTRL:00>が<CTRL:00><N:X:20:06><CTRL:00><N:３:14:19><CTRL:00>か<CTRL:00>が<CTRL:00> <CTRL:00><N:＆:4:07><CTRL:00><N:３:14:19><CTRL:00>る<CTRL:00>つ！が<CTRL:00><N:X:20:06><CTRL:00><N:３:14:19><CTRL:00>か<CTRL:00>が<CTRL:00> <CTRL:00><N:＆:4:07><CTRL:00><N:３:14:19><CTRL:00>る<CTRL:00>つ！が<CTRL:00><N:≠:16:04><CTRL:00><N:７:11:18><CTRL:00>か<CTRL:00>が<CTRL:00> <CTRL:00><N:＆:4:07><CTRL:00><N:７:11:18><CTRL:00>が<CTRL:00><N:X:20:06><CTRL:00><N:３:14:19><CTRL:00>か<CTRL:00>が<CTRL:00> <CTRL:00><N:＆:4:07><CTRL:00><N:３:14:19><CTRL:00>る<CTRL:00>つ！が<CTRL:00><N:≠:16:04><CTRL:00><N:７:11:18><CTRL:00>か<CTRL:00>が<CTRL:00> <CTRL:00><N:＆:4:07><CTRL:00><N:７:11:18><CTRL:00>る<CTRL:00>つ！が<CTRL:00><N:≠:16:04><CTRL:00><N:７:11:18><CTRL:00>か<CTRL:00>が<CTRL:00> <CTRL:00><N:＆:4:07><CTRL:00><N:７:11:18><CTRL:00>が<CTRL:00><N:≠:16:04><CTRL:00><N:３:14:19><CTRL:00>か<CTRL:00>が<CTRL:00> <CTRL:00><N:＆:4:07><CTRL:00><N:３:14:19><CTRL:00>に<CTRL:00>石 う<CTRL:00>る<CTRL:00>ル！”<CTRL:00><G:E001:985><CTRL:F0><CTRL:FF><N:‐:2:0E><CTRL:00> <CTRL:00><N:．:2:0F><CTRL:00><N:＄:1:05><CTRL:00>？<CTRL:00><N:‐:2:0E><CTRL:00>！<CTRL:00>（<CTRL:00>”<CTRL:00><N:ぇ:2:C0> <CTRL:F0><CTRL:FF><N:‐:2:0E>
31/S3021.DAT,0x47BAA,207,medium,0,original,,,,,,る<CTRL:00>つ！が<CTRL:00><N:X:20:06><CTRL:00><N:７:11:18><CTRL:00>か<CTRL:00>が<CTRL:00> <CTRL:00><N:＆:4:07><CTRL:00><N:７:11:18><CTRL:00>る<CTRL:00>つ！が<CTRL:00><N:≠:16:04><CTRL:00><N:７:11:18><CTRL:00>か<CTRL:00>が<CTRL:00> <CTRL:00><N:＆:4:07><CTRL:00><N:７:11:18><CTRL:00>が<CTRL:00><N:X:20:06><CTRL:00><N:３:14:19><CTRL:00>か<CTRL:00>が<CTRL:00> <CTRL:00><N:＆:4:07><CTRL:00><N:３:14:19><CTRL:00>る<CTRL:00>つ！が<CTRL:00><N:X:20:06><CTRL:00><N:３:14:19><CTRL:00>か<CTRL:00>が<CTRL:00> <CTRL:00><N:＆:4:07><CTRL:00><N:３:14:19><CTRL:00>る<CTRL:00>つ！が<CTRL:00><N:≠:16:04><CTRL:00><N:７:11:18><CTRL:00>か<CTRL:00>が<CTRL:00> <CTRL:00><N:＆:4:07><CTRL:00><N:７:11:18><CTRL:00>が<CTRL:00><N:X:20:06><CTRL:00><N:３:14:19><CTRL:00>か<CTRL:00>が<CTRL:00> <CTRL:00><N:＆:4:07><CTRL:00><N:３:14:19><CTRL:00>る<CTRL:00>つ！が<CTRL:00><N:≠:16:04><CTRL:00><N:７:11:18><CTRL:00>か<CTRL:00>が<CTRL:00> <CTRL:00><N:＆:4:07><CTRL:00><N:７:11:18><CTRL:00>る<CTRL:00>つ！が<CTRL:00><N:≠:16:04><CTRL:00><N:７:11:18><CTRL:00>か<CTRL:00>が<CTRL:00> <CTRL:00><N:＆:4:07><CTRL:00><N:７:11:18><CTRL:00>が<CTRL:00><N:≠:16:04><CTRL:00><N:３:14:19><CTRL:00>か<CTRL:00>が<CTRL:00> <CTRL:00><N:＆:4:07><CTRL:00><N:３:14:19><CTRL:00>に<CTRL:00>石 う<CTRL:00>る<CTRL:00>ル！”<CTRL:00><G:E001:985><CTRL:F0><CTRL:FF><N:‐:2:0E><CTRL:00> <CTRL:00><N:．:2:0F><CTRL:00><N:＄:1:05><CTRL:00>？<CTRL:00><N:‐:2:0E><CTRL:00>！<CTRL:00>（<CTRL:00>”<CTRL:00><N:ぇ:2:C0> <CTRL:F0><CTRL:FF><N:‐:2:0E>
31/S3021.DAT,0x47BD8,161,medium,0,original,,,,,,か<CTRL:00>が<CTRL:00> <CTRL:00><N:＆:4:07><CTRL:00><N:３:14:19><CTRL:00>る<CTRL:00>つ！が<CTRL:00><N:X:20:06><CTRL:00><N:３:14:19><CTRL:00>か<CTRL:00>が<CTRL:00> <CTRL:00><N:＆:4:07><CTRL:00><N:３:14:19><CTRL:00>る<CTRL:00>つ！が<CTRL:00><N:≠:16:04><CTRL:00><N:７:11:18><CTRL:00>か<CTRL:00>が<CTRL:00> <CTRL:00><N:＆:4:07><CTRL:00><N:７:11:18><CTRL:00>が<CTRL:00><N:X:20:06><CTRL:00><N:３:14:19><CTRL:00>か<CTRL:00>が<CTRL:00> <CTRL:00><N:＆:4:07><CTRL:00><N:３:14:19><CTRL:00>る<CTRL:00>つ！が<CTRL:00><N:≠:16:04><CTRL:00><N:７:11:18><CTRL:00>か<CTRL:00>が<CTRL:00> <CTRL:00><N:＆:4:07><CTRL:00><N:７:11:18><CTRL:00>る<CTRL:00>つ！が<CTRL:00><N:≠:16:04><CTRL:00><N:７:11:18><CTRL:00>か<CTRL:00>が<CTRL:00> <CTRL:00><N:＆:4:07><CTRL:00><N:７:11:18><CTRL:00>が<CTRL:00><N:≠:16:04><CTRL:00><N:３:14:19><CTRL:00>か<CTRL:00>が<CTRL:00> <CTRL:00><N:＆:4:07><CTRL:00><N:３:14:19><CTRL:00>に<CTRL:00>石 う<CTRL:00>る<CTRL:00>ル！”<CTRL:00><G:E001:985><CTRL:F0><CTRL:FF><N:‐:2:0E><CTRL:00> <CTRL:00><N:．:2:0F><CTRL:00><N:＄:1:05><CTRL:00>？<CTRL:00><N:‐:2:0E><CTRL:00>！<CTRL:00>（<CTRL:00>”<CTRL:00><N:ぇ:2:C0> <CTRL:F0><CTRL:FF><N:‐:2:0E>
31/S3021.DAT,0x47BE2,151,medium,0,original,,,,,,る<CTRL:00>つ！が<CTRL:00><N:X:20:06><CTRL:00><N:３:14:19><CTRL:00>か<CTRL:00>が<CTRL:00> <CTRL:00><N:＆:4:07><CTRL:00><N:３:14:19><CTRL:00>る<CTRL:00>つ！が<CTRL:00><N:≠:16:04><CTRL:00><N:７:11:18><CTRL:00>か<CTRL:00>が<CTRL:00> <CTRL:00><N:＆:4:07><CTRL:00><N:７:11:18><CTRL:00>が<CTRL:00><N:X:20:06><CTRL:00><N:３:14:19><CTRL:00>か<CTRL:00>が<CTRL:00> <CTRL:00><N:＆:4:07><CTRL:00><N:３:14:19><CTRL:00>る<CTRL:00>つ！が<CTRL:00><N:≠:16:04><CTRL:00><N:７:11:18><CTRL:00>か<CTRL:00>が<CTRL:00> <CTRL:00><N:＆:4:07><CTRL:00><N:７:11:18><CTRL:00>る<CTRL:00>つ！が<CTRL:00><N:≠:16:04><CTRL:00><N:７:11:18><CTRL:00>か<CTRL:00>が<CTRL:00> <CTRL:00><N:＆:4:07><CTRL:00><N:７:11:18><CTRL:00>が<CTRL:00><N:≠:16:04><CTRL:00><N:３:14:19><CTRL:00>か<CTRL:00>が<CTRL:00> <CTRL:00><N:＆:4:07><CTRL:00><N:３:14:19><CTRL:00>に<CTRL:00>石 う<CTRL:00>る<CTRL:00>ル！”<CTRL:00><G:E001:985><CTRL:F0><CTRL:FF><N:‐:2:0E><CTRL:00> <CTRL:00><N:．:2:0F><CTRL:00><N:＄:1:05><CTRL:00>？<CTRL:00><N:‐:2:0E><CTRL:00>！<CTRL:00>（<CTRL:00>”<CTRL:00><N:ぇ:2:C0> <CTRL:F0><CTRL:FF><N:‐:2:0E>
31/S3021.DAT,0x47BEC,141,medium,0,original,,,,,,か<CTRL:00>が<CTRL:00> <CTRL:00><N:＆:4:07><CTRL:00><N:３:14:19><CTRL:00>る<CTRL:00>つ！が<CTRL:00><N:≠:16:04><CTRL:00><N:７:11:18><CTRL:00>か<CTRL:00>が<CTRL:00> <CTRL:00><N:＆:4:07><CTRL:00><N:７:11:18><CTRL:00>が<CTRL:00><N:X:20:06><CTRL:00><N:３:14:19><CTRL:00>か<CTRL:00>が<CTRL:00> <CTRL:00><N:＆:4:07><CTRL:00><N:３:14:19><CTRL:00>る<CTRL:00>つ！が<CTRL:00><N:≠:16:04><CTRL:00><N:７:11:18><CTRL:00>か<CTRL:00>が<CTRL:00> <CTRL:00><N:＆:4:07><CTRL:00><N:７:11:18><CTRL:00>る<CTRL:00>つ！が<CTRL:00><N:≠:16:04><CTRL:00><N:７:11:18><CTRL:00>か<CTRL:00>が<CTRL:00> <CTRL:00><N:＆:4:07><CTRL:00><N:７:11:18><CTRL:00>が<CTRL:00><N:≠:16:04><CTRL:00><N:３:14:19><CTRL:00>か<CTRL:00>が<CTRL:00> <CTRL:00><N:＆:4:07><CTRL:00><N:３:14:19><CTRL:00>に<CTRL:00>石 う<CTRL:00>る<CTRL:00>ル！”<CTRL:00><G:E001:985><CTRL:F0><CTRL:FF><N:‐:2:0E><CTRL:00> <CTRL:00><N:．:2:0F><CTRL:00><N:＄:1:05><CTRL:00>？<CTRL:00><N:‐:2:0E><CTRL:00>！<CTRL:00>（<CTRL:00>”<CTRL:00><N:ぇ:2:C0> <CTRL:F0><CTRL:FF><N:‐:2:0E>
31/S3021.DAT,0x47BF6,131,medium,0,original,,,,,,る<CTRL:00>つ！が<CTRL:00><N:≠:16:04><CTRL:00><N:７:11:18><CTRL:00>か<CTRL:00>が<CTRL:00> <CTRL:00><N:＆:4:07><CTRL:00><N:７:11:18><CTRL:00>が<CTRL:00><N:X:20:06><CTRL:00><N:３:14:19><CTRL:00>か<CTRL:00>が<CTRL:00> <CTRL:00><N:＆:4:07><CTRL:00><N:３:14:19><CTRL:00>る<CTRL:00>つ！が<CTRL:00><N:≠:16:04><CTRL:00><N:７:11:18><CTRL:00>か<CTRL:00>が<CTRL:00> <CTRL:00><N:＆:4:07><CTRL:00><N:７:11:18><CTRL:00>る<CTRL:00>つ！が<CTRL:00><N:≠:16:04><CTRL:00><N:７:11:18><CTRL:00>か<CTRL:00>が<CTRL:00> <CTRL:00><N:＆:4:07><CTRL:00><N:７:11:18><CTRL:00>が<CTRL:00><N:≠:16:04><CTRL:00><N:３:14:19><CTRL:00>か<CTRL:00>が<CTRL:00> <CTRL:00><N:＆:4:07><CTRL:00><N:３:14:19><CTRL:00>に<CTRL:00>石 う<CTRL:00>る<CTRL:00>ル！”<CTRL:00><G:E001:985><CTRL:F0><CTRL:FF><N:‐:2:0E><CTRL:00> <CTRL:00><N:．:2:0F><CTRL:00><N:＄:1:05><CTRL:00>？<CTRL:00><N:‐:2:0E><CTRL:00>！<CTRL:00>（<CTRL:00>”<CTRL:00><N:ぇ:2:C0> <CTRL:F0><CTRL:FF><N:‐:2:0E>
31/S3021.DAT,0x47C10,105,medium,0,original,,,,,,か<CTRL:00>が<CTRL:00> <CTRL:00><N:＆:4:07><CTRL:00><N:３:14:19><CTRL:00>る<CTRL:00>つ！が<CTRL:00><N:≠:16:04><CTRL:00><N:７:11:18><CTRL:00>か<CTRL:00>が<CTRL:00> <CTRL:00><N:＆:4:07><CTRL:00><N:７:11:18><CTRL:00>る<CTRL:00>つ！が<CTRL:00><N:≠:16:04><CTRL:00><N:７:11:18><CTRL:00>か<CTRL:00>が<CTRL:00> <CTRL:00><N:＆:4:07><CTRL:00><N:７:11:18><CTRL:00>が<CTRL:00><N:≠:16:04><CTRL:00><N:３:14:19><CTRL:00>か<CTRL:00>が<CTRL:00> <CTRL:00><N:＆:4:07><CTRL:00><N:３:14:19><CTRL:00>に<CTRL:00>石 う<CTRL:00>る<CTRL:00>ル！”<CTRL:00><G:E001:985><CTRL:F0><CTRL:FF><N:‐:2:0E><CTRL:00> <CTRL:00><N:．:2:0F><CTRL:00><N:＄:1:05><CTRL:00>？<CTRL:00><N:‐:2:0E><CTRL:00>！<CTRL:00>（<CTRL:00>”<CTRL:00><N:ぇ:2:C0> <CTRL:F0><CTRL:FF><N:‐:2:0E>
31/S3021.DAT,0x47C1A,95,medium,0,original,,,,,,る<CTRL:00>つ！が<CTRL:00><N:≠:16:04><CTRL:00><N:７:11:18><CTRL:00>か<CTRL:00>が<CTRL:00> <CTRL:00><N:＆:4:07><CTRL:00><N:７:11:18><CTRL:00>る<CTRL:00>つ！が<CTRL:00><N:≠:16:04><CTRL:00><N:７:11:18><CTRL:00>か<CTRL:00>が<CTRL:00> <CTRL:00><N:＆:4:07><CTRL:00><N:７:11:18><CTRL:00>が<CTRL:00><N:≠:16:04><CTRL:00><N:３:14:19><CTRL:00>か<CTRL:00>が<CTRL:00> <CTRL:00><N:＆:4:07><CTRL:00><N:３:14:19><CTRL:00>に<CTRL:00>石 う<CTRL:00>る<CTRL:00>ル！”<CTRL:00><G:E001:985><CTRL:F0><CTRL:FF><N:‐:2:0E><CTRL:00> <CTRL:00><N:．:2:0F><CTRL:00><N:＄:1:05><CTRL:00>？<CTRL:00><N:‐:2:0E><CTRL:00>！<CTRL:00>（<CTRL:00>”<CTRL:00><N:ぇ:2:C0> <CTRL:F0><CTRL:FF><N:‐:2:0E>
31/S3021.DAT,0x47C48,49,medium,0,original,,,,,,か<CTRL:00>が<CTRL:00> <CTRL:00><N:＆:4:07><CTRL:00><N:３:14:19><CTRL:00>に<CTRL:00>石 う<CTRL:00>る<CTRL:00>ル！”<CTRL:00><G:E001:985><CTRL:F0><CTRL:FF><N:‐:2:0E><CTRL:00> <CTRL:00><N:．:2:0F><CTRL:00><N:＄:1:05><CTRL:00>？<CTRL:00><N:‐:2:0E><CTRL:00>！<CTRL:00>（<CTRL:00>”<CTRL:00><N:ぇ:2:C0> <CTRL:F0><CTRL:FF><N:‐:2:0E>
31/S3021.DAT,0x47C52,39,medium,0,original,,,,,,に<CTRL:00>石 う<CTRL:00>る<CTRL:00>ル！”<CTRL:00><G:E001:985><CTRL:F0><CTRL:FF><N:‐:2:0E><CTRL:00> <CTRL:00><N:．:2:0F><CTRL:00><N:＄:1:05><CTRL:00>？<CTRL:00><N:‐:2:0E><CTRL:00>！<CTRL:00>（<CTRL:00>”<CTRL:00><N:ぇ:2:C0> <CTRL:F0><CTRL:FF><N:‐:2:0E>
31/S3021.DAT,0x47E46,5,medium,0,original,,,,,,<CTRL:00>や！て
31/S3021.DAT,0x48068,57,medium,0,original,,,,,,。<N:≠:16:04>る<CTRL:00>ア<N:≠:16:04>る<CTRL:00> <CTRL:00><N:ｌ:6:0C><CTRL:00><N:*:7:0B><CTRL:00><N:．:2:0F><CTRL:00>，<CTRL:00>0<CTRL:00>”<CTRL:00><N:‐:2:0E><CTRL:00>”<CTRL:00>（<CTRL:00>が<CTRL:00>4<CTRL:00>’<CTRL:00><N:≠:16:04><CTRL:00>が<CTRL:00> <CTRL:00><N:＆:4:07><CTRL:00>’<CTRL:00>が<CTRL:00><N:X:20:06><CTRL:00><N:＆:4:07><CTRL:00> <CTRL:00>は<CTRL:00>”<CTRL:00><N:＆:4:07>
31/S3022.DAT,0x479C4,21,medium,1,original,,,,,,が<CTRL:00> <CTRL:00><N:＆:4:07><CTRL:00><N:ъ:14:1A><CTRL:00>が<CTRL:00><N:＆:4:07><CTRL:00><N:＆:4:07><CTRL:00>い<CTRL:00>は<CTRL:00>！<CTRL:00><N:＆:4:07>
31/S3022.DAT,0x479EC,49,medium,1,original,,,,,,場<CTRL:00>う<CTRL:00>り<CTRL:00><N:３:14:19><CTRL:00>闘<CTRL:00>う<CTRL:00>が<CTRL:00>1<CTRL:00>る<CTRL:00><N:７:11:18><CTRL:00>が<CTRL:00>1<CTRL:00>に<CTRL:00><N:３:14:19><CTRL:00>が<CTRL:00> <CTRL:00><N:＆:4:07><CTRL:00><N:ъ:14:1A><CTRL:00>が<CTRL:00><N:＆:4:07><CTRL:00><N:＆:4:07><CTRL:00>い<CTRL:00>は<CTRL:00>！<CTRL:00><N:＆:4:07>
31/S3022.DAT,0x479F4,41,medium,1,original,,,,,,闘<CTRL:00>う<CTRL:00>が<CTRL:00>1<CTRL:00>る<CTRL:00><N:７:11:18><CTRL:00>が<CTRL:00>1<CTRL:00>に<CTRL:00><N:３:14:19><CTRL:00>が<CTRL:00> <CTRL:00><N:＆:4:07><CTRL:00><N:ъ:14:1A><CTRL:00>が<CTRL:00><N:＆:4:07><CTRL:00><N:＆:4:07><CTRL:00>い<CTRL:00>は<CTRL:00>！<CTRL:00><N:＆:4:07>
31/S3022.DAT,0x47A08,21,medium,1,original,,,,,,が<CTRL:00> <CTRL:00><N:＆:4:07><CTRL:00><N:ъ:14:1A><CTRL:00>が<CTRL:00><N:＆:4:07><CTRL:00><N:＆:4:07><CTRL:00>い<CTRL:00>は<CTRL:00>！<CTRL:00><N:＆:4:07>
31/S3022.DAT,0x47A30,57,medium,1,original,,,,,,決<CTRL:00>う<CTRL:00>り<CTRL:00><N:３:14:19><CTRL:00>ぜ<CTRL:00>う<CTRL:00>が<CTRL:00><N:ﾉ:6:10><CTRL:00><N:ъ:14:1A><CTRL:00><N:７:11:18><CTRL:00>が<CTRL:00><N:＄:1:05><CTRL:00><N:ъ:14:1A><CTRL:00>の<CTRL:00>が<CTRL:00><N:ﾉ:6:10><CTRL:00>い<CTRL:00><N:３:14:19><CTRL:00>が<CTRL:00> <CTRL:00><N:＆:4:07><CTRL:00><N:ъ:14:1A><CTRL:00>が<CTRL:00><N:＆:4:07><CTRL:00><N:＆:4:07><CTRL:00>い<CTRL:00>は<CTRL:00>！<CTRL:00><N:＆:4:07>
31/S3022.DAT,0x47A38,49,medium,1,original,,,,,,ぜ<CTRL:00>う<CTRL:00>が<CTRL:00><N:ﾉ:6:10><CTRL:00><N:ъ:14:1A><CTRL:00><N:７:11:18><CTRL:00>が<CTRL:00><N:＄:1:05><CTRL:00><N:ъ:14:1A><CTRL:00>の<CTRL:00>が<CTRL:00><N:ﾉ:6:10><CTRL:00>い<CTRL:00><N:３:14:19><CTRL:00>が<CTRL:00> <CTRL:00><N:＆:4:07><CTRL:00><N:ъ:14:1A><CTRL:00>が<CTRL:00><N:＆:4:07><CTRL:00><N:＆:4:07><CTRL:00>い<CTRL:00>は<CTRL:00>！<CTRL:00><N:＆:4:07>
31/S3022.DAT,0x47A54,21,medium,1,original,,,,,,が<CTRL:00> <CTRL:00><N:＆:4:07><CTRL:00><N:ъ:14:1A><CTRL:00>が<CTRL:00><N:＆:4:07><CTRL:00><N:＆:4:07><CTRL:00>い<CTRL:00>は<CTRL:00>！<CTRL:00><N:＆:4:07>
31/S3022.DAT,0x47A90,21,medium,1,original,,,,,,が<CTRL:00> <CTRL:00><N:＆:4:07><CTRL:00><N:ъ:14:1A><CTRL:00>が<CTRL:00><N:＆:4:07><CTRL:00><N:＆:4:07><CTRL:00>い<CTRL:00>は<CTRL:00>！<CTRL:00><N:＆:4:07>
31/S3022.DAT,0x47AB8,65,medium,1,original,,,,,,風<CTRL:00>う<CTRL:00>り<CTRL:00><N:３:14:19><CTRL:00>知<CTRL:00>う<CTRL:00>り<CTRL:00><N:３:14:19><CTRL:00>撃<CTRL:00>う<CTRL:00>が<CTRL:00>1<CTRL:00><N:ъ:14:1A><CTRL:00><N:７:11:18><CTRL:00>が<CTRL:00><N:＄:1:05><CTRL:00><N:ъ:14:1A><CTRL:00>な<CTRL:00>が<CTRL:00>1<CTRL:00>い<CTRL:00><N:３:14:19><CTRL:00>が<CTRL:00> <CTRL:00><N:＆:4:07><CTRL:00><N:ъ:14:1A><CTRL:00>が<CTRL:00><N:＆:4:07><CTRL:00><N:＆:4:07><CTRL:00>い<CTRL:00>は<CTRL:00>！<CTRL:00><N:＆:4:07>
31/S3022.DAT,0x47AC0,57,medium,1,original,,,,,,知<CTRL:00>う<CTRL:00>り<CTRL:00><N:３:14:19><CTRL:00>撃<CTRL:00>う<CTRL:00>が<CTRL:00>1<CTRL:00><N:ъ:14:1A><CTRL:00><N:７:11:18><CTRL:00>が<CTRL:00><N:＄:1:05><CTRL:00><N:ъ:14:1A><CTRL:00>な<CTRL:00>が<CTRL:00>1<CTRL:00>い<CTRL:00><N:３:14:19><CTRL:00>が<CTRL:00> <CTRL:00><N:＆:4:07><CTRL:00><N:ъ:14:1A><CTRL:00>が<CTRL:00><N:＆:4:07><CTRL:00><N:＆:4:07><CTRL:00>い<CTRL:00>は<CTRL:00>！<CTRL:00><N:＆:4:07>
31/S3022.DAT,0x47AC8,49,medium,1,original,,,,,,撃<CTRL:00>う<CTRL:00>が<CTRL:00>1<CTRL:00><N:ъ:14:1A><CTRL:00><N:７:11:18><CTRL:00>が<CTRL:00><N:＄:1:05><CTRL:00><N:ъ:14:1A><CTRL:00>な<CTRL:00>が<CTRL:00>1<CTRL:00>い<CTRL:00><N:３:14:19><CTRL:00>が<CTRL:00> <CTRL:00><N:＆:4:07><CTRL:00><N:ъ:14:1A><CTRL:00>が<CTRL:00><N:＆:4:07><CTRL:00><N:＆:4:07><CTRL:00>い<CTRL:00>は<CTRL:00>！<CTRL:00><N:＆:4:07>
31/S3022.DAT,0x47AE4,21,medium,1,original,,,,,,が<CTRL:00> <CTRL:00><N:＆:4:07><CTRL:00><N:ъ:14:1A><CTRL:00>が<CTRL:00><N:＆:4:07><CTRL:00><N:＆:4:07><CTRL:00>い<CTRL:00>は<CTRL:00>！<CTRL:00><N:＆:4:07>
31/S3022.DAT,0x47B0C,65,medium,1,original,,,,,,様<CTRL:00>う<CTRL:00>り<CTRL:00><N:３:14:19><CTRL:00>攻<CTRL:00>う<CTRL:00>り<CTRL:00><N:３:14:19><CTRL:00>む<CTRL:00>う<CTRL:00>が<CTRL:00>1<CTRL:00><N:ъ:14:1A><CTRL:00><N:７:11:18><CTRL:00>が<CTRL:00><N:＄:1:05><CTRL:00><N:ъ:14:1A><CTRL:00>な<CTRL:00>が<CTRL:00>1<CTRL:00>い<CTRL:00><N:３:14:19><CTRL:00>が<CTRL:00> <CTRL:00><N:＆:4:07><CTRL:00><N:ъ:14:1A><CTRL:00>が<CTRL:00><N:＆:4:07><CTRL:00><N:＆:4:07><CTRL:00>い<CTRL:00>は<CTRL:00>！<CTRL:00><N:＆:4:07>
31/S3022.DAT,0x47B14,57,medium,1,original,,,,,,攻<CTRL:00>う<CTRL:00>り<CTRL:00><N:３:14:19><CTRL:00>む<CTRL:00>う<CTRL:00>が<CTRL:00>1<CTRL:00><N:ъ:14:1A><CTRL:00><N:７:11:18><CTRL:00>が<CTRL:00><N:＄:1:05><CTRL:00><N:ъ:14:1A><CTRL:00>な<CTRL:00>が<CTRL:00>1<CTRL:00>い<CTRL:00><N:３:14:19><CTRL:00>が<CTRL:00> <CTRL:00><N:＆:4:07><CTRL:00><N:ъ:14:1A><CTRL:00>が<CTRL:00><N:＆:4:07><CTRL:00><N:＆:4:07><CTRL:00>い<CTRL:00>は<CTRL:00>！<CTRL:00><N:＆:4:07>
31/S3022.DAT,0x47B1C,49,medium,1,original,,,,,,む<CTRL:00>う<CTRL:00>が<CTRL:00>1<CTRL:00><N:ъ:14:1A><CTRL:00><N:７:11:18><CTRL:00>が<CTRL:00><N:＄:1:05><CTRL:00><N:ъ:14:1A><CTRL:00>な<CTRL:00>が<CTRL:00>1<CTRL:00>い<CTRL:00><N:３:14:19><CTRL:00>が<CTRL:00> <CTRL:00><N:＆:4:07><CTRL:00><N:ъ:14:1A><CTRL:00>が<CTRL:00><N:＆:4:07><CTRL:00><N:＆:4:07><CTRL:00>い<CTRL:00>は<CTRL:00>！<CTRL:00><N:＆:4:07>
31/S3022.DAT,0x47B38,21,medium,1,original,,,,,,が<CTRL:00> <CTRL:00><N:＆:4:07><CTRL:00><N:ъ:14:1A><CTRL:00>が<CTRL:00><N:＆:4:07><CTRL:00><N:＆:4:07><CTRL:00>い<CTRL:00>は<CTRL:00>！<CTRL:00><N:＆:4:07>
31/S3022.DAT,0x47B60,13,medium,1,original,,,,,,上<CTRL:00>う<CTRL:00>り<CTRL:00><N:３:14:19><CTRL:00>敵<CTRL:00>う<CTRL:00>が
31/S3022.DAT,0x47B68,5,medium,1,original,,,,,,敵<CTRL:00>う<CTRL:00>が
31/S3022.DAT,0x47BC0,225,medium,1,original,,,,,,か<CTRL:00>が<CTRL:00> <CTRL:00><N:＆:4:07><CTRL:00><N:３:14:19><CTRL:00>る<CTRL:00>ち！が<CTRL:00><N:X:20:06><CTRL:00><N:７:11:18><CTRL:00>か<CTRL:00>が<CTRL:00> <CTRL:00><N:＆:4:07><CTRL:00><N:７:11:18><CTRL:00>が<CTRL:00><N:≠:16:04><CTRL:00><N:３:14:19><CTRL:00>か<CTRL:00>が<CTRL:00> <CTRL:00><N:＆:4:07><CTRL:00><N:３:14:19><CTRL:00>る<CTRL:00>ち！が<CTRL:00><N:X:20:06><CTRL:00><N:７:11:18><CTRL:00>か<CTRL:00>が<CTRL:00> <CTRL:00><N:＆:4:07><CTRL:00><N:７:11:18><CTRL:00>る<CTRL:00>ち！が<CTRL:00><N:≠:16:04><CTRL:00><N:７:11:18><CTRL:00>か<CTRL:00>が<CTRL:00> <CTRL:00><N:＆:4:07><CTRL:00><N:７:11:18><CTRL:00>が<CTRL:00><N:X:20:06><CTRL:00><N:３:14:19><CTRL:00>か<CTRL:00>が<CTRL:00> <CTRL:00><N:＆:4:07><CTRL:00><N:３:14:19><CTRL:00>る<CTRL:00>ち！が<CTRL:00><N:X:20:06><CTRL:00><N:３:14:19><CTRL:00>か<CTRL:00>が<CTRL:00> <CTRL:00><N:＆:4:07><CTRL:00><N:３:14:19><CTRL:00>る<CTRL:00>ち！が<CTRL:00><N:≠:16:04><CTRL:00><N:７:11:18><CTRL:00>か<CTRL:00>が<CTRL:00> <CTRL:00><N:＆:4:07><CTRL:00><N:７:11:18><CTRL:00>が<CTRL:00><N:X:20:06><CTRL:00><N:３:14:19><CTRL:00>か<CTRL:00>が<CTRL:00> <CTRL:00><N:＆:4:07><CTRL:00><N:３:14:19><CTRL:00>る<CTRL:00>ち！が<CTRL:00><N:≠:16:04><CTRL:00><N:７:11:18><CTRL:00>か<CTRL:00>が<CTRL:00> <CTRL:00><N:＆:4:07><CTRL:00><N:７:11:18><CTRL:00>る<CTRL:00>ち！が<CTRL:00><N:≠:16:04><CTRL:00><N:７:11:18><CTRL:00>か<CTRL:00>が<CTRL:00> <CTRL:00><N:＆:4:07><CTRL:00><N:７:11:18><CTRL:00>が<CTRL:00><N:≠:16:04><CTRL:00><N:３:14:19><CTRL:00>か<CTRL:00>が<CTRL:00> <CTRL:00><N:＆:4:07><CTRL:00><N:３:14:19><CTRL:00>に<CTRL:00>役 う<CTRL:00>る<CTRL:00>ポ<N:＄:1:05>て
31/S3022.DAT,0x47BCA,215,medium,1,original,,,,,,る<CTRL:00>ち！が<CTRL:00><N:X:20:06><CTRL:00><N:７:11:18><CTRL:00>か<CTRL:00>が<CTRL:00> <CTRL:00><N:＆:4:07><CTRL:00><N:７:11:18><CTRL:00>が<CTRL:00><N:≠:16:04><CTRL:00><N:３:14:19><CTRL:00>か<CTRL:00>が<CTRL:00> <CTRL:00><N:＆:4:07><CTRL:00><N:３:14:19><CTRL:00>る<CTRL:00>ち！が<CTRL:00><N:X:20:06><CTRL:00><N:７:11:18><CTRL:00>か<CTRL:00>が<CTRL:00> <CTRL:00><N:＆:4:07><CTRL:00><N:７:11:18><CTRL:00>る<CTRL:00>ち！が<CTRL:00><N:≠:16:04><CTRL:00><N:７:11:18><CTRL:00>か<CTRL:00>が<CTRL:00> <CTRL:00><N:＆:4:07><CTRL:00><N:７:11:18><CTRL:00>が<CTRL:00><N:X:20:06><CTRL:00><N:３:14:19><CTRL:00>か<CTRL:00>が<CTRL:00> <CTRL:00><N:＆:4:07><CTRL:00><N:３:14:19><CTRL:00>る<CTRL:00>ち！が<CTRL:00><N:X:20:06><CTRL:00><N:３:14:19><CTRL:00>か<CTRL:00>が<CTRL:00> <CTRL:00><N:＆:4:07><CTRL:00><N:３:14:19><CTRL:00>る<CTRL:00>ち！が<CTRL:00><N:≠:16:04><CTRL:00><N:７:11:18><CTRL:00>か<CTRL:00>が<CTRL:00> <CTRL:00><N:＆:4:07><CTRL:00><N:７:11:18><CTRL:00>が<CTRL:00><N:X:20:06><CTRL:00><N:３:14:19><CTRL:00>か<CTRL:00>が<CTRL:00> <CTRL:00><N:＆:4:07><CTRL:00><N:３:14:19><CTRL:00>る<CTRL:00>ち！が<CTRL:00><N:≠:16:04><CTRL:00><N:７:11:18><CTRL:00>か<CTRL:00>が<CTRL:00> <CTRL:00><N:＆:4:07><CTRL:00><N:７:11:18><CTRL:00>る<CTRL:00>ち！が<CTRL:00><N:≠:16:04><CTRL:00><N:７:11:18><CTRL:00>か<CTRL:00>が<CTRL:00> <CTRL:00><N:＆:4:07><CTRL:00><N:７:11:18><CTRL:00>が<CTRL:00><N:≠:16:04><CTRL:00><N:３:14:19><CTRL:00>か<CTRL:00>が<CTRL:00> <CTRL:00><N:＆:4:07><CTRL:00><N:３:14:19><CTRL:00>に<CTRL:00>役 う<CTRL:00>る<CTRL:00>ポ<N:＄:1:05>て
31/S3022.DAT,0x47BE4,189,medium,1,original,,,,,,か<CTRL:00>が<CTRL:00> <CTRL:00><N:＆:4:07><CTRL:00><N:３:14:19><CTRL:00>る<CTRL:00>ち！が<CTRL:00><N:X:20:06><CTRL:00><N:７:11:18><CTRL:00>か<CTRL:00>が<CTRL:00> <CTRL:00><N:＆:4:07><CTRL:00><N:７:11:18><CTRL:00>る<CTRL:00>ち！が<CTRL:00><N:≠:16:04><CTRL:00><N:７:11:18><CTRL:00>か<CTRL:00>が<CTRL:00> <CTRL:00><N:＆:4:07><CTRL:00><N:７:11:18><CTRL:00>が<CTRL:00><N:X:20:06><CTRL:00><N:３:14:19><CTRL:00>か<CTRL:00>が<CTRL:00> <CTRL:00><N:＆:4:07><CTRL:00><N:３:14:19><CTRL:00>る<CTRL:00>ち！が<CTRL:00><N:X:20:06><CTRL:00><N:３:14:19><CTRL:00>か<CTRL:00>が<CTRL:00> <CTRL:00><N:＆:4:07><CTRL:00><N:３:14:19><CTRL:00>る<CTRL:00>ち！が<CTRL:00><N:≠:16:04><CTRL:00><N:７:11:18><CTRL:00>か<CTRL:00>が<CTRL:00> <CTRL:00><N:＆:4:07><CTRL:00><N:７:11:18><CTRL:00>が<CTRL:00><N:X:20:06><CTRL:00><N:３:14:19><CTRL:00>か<CTRL:00>が<CTRL:00> <CTRL:00><N:＆:4:07><CTRL:00><N:３:14:19><CTRL:00>る<CTRL:00>ち！が<CTRL:00><N:≠:16:04><CTRL:00><N:７:11:18><CTRL:00>か<CTRL:00>が<CTRL:00> <CTRL:00><N:＆:4:07><CTRL:00><N:７:11:18><CTRL:00>る<CTRL:00>ち！が<CTRL:00><N:≠:16:04><CTRL:00><N:７:11:18><CTRL:00>か<CTRL:00>が<CTRL:00> <CTRL:00><N:＆:4:07><CTRL:00><N:７:11:18><CTRL:00>が<CTRL:00><N:≠:16:04><CTRL:00><N:３:14:19><CTRL:00>か<CTRL:00>が<CTRL:00> <CTRL:00><N:＆:4:07><CTRL:00><N:３:14:19><CTRL:00>に<CTRL:00>役 う<CTRL:00>る<CTRL:00>ポ<N:＄:1:05>て
31/S3022.DAT,0x47BEE,179,medium,1,original,,,,,,る<CTRL:00>ち！が<CTRL:00><N:X:20:06><CTRL:00><N:７:11:18><CTRL:00>か<CTRL:00>が<CTRL:00> <CTRL:00><N:＆:4:07><CTRL:00><N:７:11:18><CTRL:00>る<CTRL:00>ち！が<CTRL:00><N:≠:16:04><CTRL:00><N:７:11:18><CTRL:00>か<CTRL:00>が<CTRL:00> <CTRL:00><N:＆:4:07><CTRL:00><N:７:11:18><CTRL:00>が<CTRL:00><N:X:20:06><CTRL:00><N:３:14:19><CTRL:00>か<CTRL:00>が<CTRL:00> <CTRL:00><N:＆:4:07><CTRL:00><N:３:14:19><CTRL:00>る<CTRL:00>ち！が<CTRL:00><N:X:20:06><CTRL:00><N:３:14:19><CTRL:00>か<CTRL:00>が<CTRL:00> <CTRL:00><N:＆:4:07><CTRL:00><N:３:14:19><CTRL:00>る<CTRL:00>ち！が<CTRL:00><N:≠:16:04><CTRL:00><N:７:11:18><CTRL:00>か<CTRL:00>が<CTRL:00> <CTRL:00><N:＆:4:07><CTRL:00><N:７:11:18><CTRL:00>が<CTRL:00><N:X:20:06><CTRL:00><N:３:14:19><CTRL:00>か<CTRL:00>が<CTRL:00> <CTRL:00><N:＆:4:07><CTRL:00><N:３:14:19><CTRL:00>る<CTRL:00>ち！が<CTRL:00><N:≠:16:04><CTRL:00><N:７:11:18><CTRL:00>か<CTRL:00>が<CTRL:00> <CTRL:00><N:＆:4:07><CTRL:00><N:７:11:18><CTRL:00>る<CTRL:00>ち！が<CTRL:00><N:≠:16:04><CTRL:00><N:７:11:18><CTRL:00>か<CTRL:00>が<CTRL:00> <CTRL:00><N:＆:4:07><CTRL:00><N:７:11:18><CTRL:00>が<CTRL:00><N:≠:16:04><CTRL:00><N:３:14:19><CTRL:00>か<CTRL:00>が<CTRL:00> <CTRL:00><N:＆:4:07><CTRL:00><N:３:14:19><CTRL:00>に<CTRL:00>役 う<CTRL:00>る<CTRL:00>ポ<N:＄:1:05>て
31/S3022.DAT,0x47C1C,133,medium,1,original,,,,,,か<CTRL:00>が<CTRL:00> <CTRL:00><N:＆:4:07><CTRL:00><N:３:14:19><CTRL:00>る<CTRL:00>ち！が<CTRL:00><N:X:20:06><CTRL:00><N:３:14:19><CTRL:00>か<CTRL:00>が<CTRL:00> <CTRL:00><N:＆:4:07><CTRL:00><N:３:14:19><CTRL:00>る<CTRL:00>ち！が<CTRL:00><N:≠:16:04><CTRL:00><N:７:11:18><CTRL:00>か<CTRL:00>が<CTRL:00> <CTRL:00><N:＆:4:07><CTRL:00><N:７:11:18><CTRL:00>が<CTRL:00><N:X:20:06><CTRL:00><N:３:14:19><CTRL:00>か<CTRL:00>が<CTRL:00> <CTRL:00><N:＆:4:07><CTRL:00><N:３:14:19><CTRL:00>る<CTRL:00>ち！が<CTRL:00><N:≠:16:04><CTRL:00><N:７:11:18><CTRL:00>か<CTRL:00>が<CTRL:00> <CTRL:00><N:＆:4:07><CTRL:00><N:７:11:18><CTRL:00>る<CTRL:00>ち！が<CTRL:00><N:≠:16:04><CTRL:00><N:７:11:18><CTRL:00>か<CTRL:00>が<CTRL:00> <CTRL:00><N:＆:4:07><CTRL:00><N:７:11:18><CTRL:00>が<CTRL:00><N:≠:16:04><CTRL:00><N:３:14:19><CTRL:00>か<CTRL:00>が<CTRL:00> <CTRL:00><N:＆:4:07><CTRL:00><N:３:14:19><CTRL:00>に<CTRL:00>役 う<CTRL:00>る<CTRL:00>ポ<N:＄:1:05>て
31/S3022.DAT,0x47C26,123,medium,1,original,,,,,,る<CTRL:00>ち！が<CTRL:00><N:X:20:06><CTRL:00><N:３:14:19><CTRL:00>か<CTRL:00>が<CTRL:00> <CTRL:00><N:＆:4:07><CTRL:00><N:３:14:19><CTRL:00>る<CTRL:00>ち！が<CTRL:00><N:≠:16:04><CTRL:00><N:７:11:18><CTRL:00>か<CTRL:00>が<CTRL:00> <CTRL:00><N:＆:4:07><CTRL:00><N:７:11:18><CTRL:00>が<CTRL:00><N:X:20:06><CTRL:00><N:３:14:19><CTRL:00>か<CTRL:00>が<CTRL:00> <CTRL:00><N:＆:4:07><CTRL:00><N:３:14:19><CTRL:00>る<CTRL:00>ち！が<CTRL:00><N:≠:16:04><CTRL:00><N:７:11:18><CTRL:00>か<CTRL:00>が<CTRL:00> <CTRL:00><N:＆:4:07><CTRL:00><N:７:11:18><CTRL:00>る<CTRL:00>ち！が<CTRL:00><N:≠:16:04><CTRL:00><N:７:11:18><CTRL:00>か<CTRL:00>が<CTRL:00> <CTRL:00><N:＆:4:07><CTRL:00><N:７:11:18><CTRL:00>が<CTRL:00><N:≠:16:04><CTRL:00><N:３:14:19><CTRL:00>か<CTRL:00>が<CTRL:00> <CTRL:00><N:＆:4:07><CTRL:00><N:３:14:19><CTRL:00>に<CTRL:00>役 う<CTRL:00>る<CTRL:00>ポ<N:＄:1:05>て
31/S3022.DAT,0x47C30,113,medium,1,original,,,,,,か<CTRL:00>が<CTRL:00> <CTRL:00><N:＆:4:07><CTRL:00><N:３:14:19><CTRL:00>る<CTRL:00>ち！が<CTRL:00><N:≠:16:04><CTRL:00><N:７:11:18><CTRL:00>か<CTRL:00>が<CTRL:00> <CTRL:00><N:＆:4:07><CTRL:00><N:７:11:18><CTRL:00>が<CTRL:00><N:X:20:06><CTRL:00><N:３:14:19><CTRL:00>か<CTRL:00>が<CTRL:00> <CTRL:00><N:＆:4:07><CTRL:00><N:３:14:19><CTRL:00>る<CTRL:00>ち！が<CTRL:00><N:≠:16:04><CTRL:00><N:７:11:18><CTRL:00>か<CTRL:00>が<CTRL:00> <CTRL:00><N:＆:4:07><CTRL:00><N:７:11:18><CTRL:00>る<CTRL:00>ち！が<CTRL:00><N:≠:16:04><CTRL:00><N:７:11:18><CTRL:00>か<CTRL:00>が<CTRL:00> <CTRL:00><N:＆:4:07><CTRL:00><N:７:11:18><CTRL:00>が<CTRL:00><N:≠:16:04><CTRL:00><N:３:14:19><CTRL:00>か<CTRL:00>が<CTRL:00> <CTRL:00><N:＆:4:07><CTRL:00><N:３:14:19><CTRL:00>に<CTRL:00>役 う<CTRL:00>る<CTRL:00>ポ<N:＄:1:05>て
31/S3022.DAT,0x47C3A,103,medium,1,original,,,,,,る<CTRL:00>ち！が<CTRL:00><N:≠:16:04><CTRL:00><N:７:11:18><CTRL:00>か<CTRL:00>が<CTRL:00> <CTRL:00><N:＆:4:07><CTRL:00><N:７:11:18><CTRL:00>が<CTRL:00><N:X:20:06><CTRL:00><N:３:14:19><CTRL:00>か<CTRL:00>が<CTRL:00> <CTRL:00><N:＆:4:07><CTRL:00><N:３:14:19><CTRL:00>る<CTRL:00>ち！が<CTRL:00><N:≠:16:04><CTRL:00><N:７:11:18><CTRL:00>か<CTRL:00>が<CTRL:00> <CTRL:00><N:＆:4:07><CTRL:00><N:７:11:18><CTRL:00>る<CTRL:00>ち！が<CTRL:00><N:≠:16:04><CTRL:00><N:７:11:18><CTRL:00>か<CTRL:00>が<CTRL:00> <CTRL:00><N:＆:4:07><CTRL:00><N:７:11:18><CTRL:00>が<CTRL:00><N:≠:16:04><CTRL:00><N:３:14:19><CTRL:00>か<CTRL:00>が<CTRL:00> <CTRL:00><N:＆:4:07><CTRL:00><N:３:14:19><CTRL:00>に<CTRL:00>役 う<CTRL:00>る<CTRL:00>ポ<N:＄:1:05>て
31/S3022.DAT,0x47C54,77,medium,1,original,,,,,,か<CTRL:00>が<CTRL:00> <CTRL:00><N:＆:4:07><CTRL:00><N:３:14:19><CTRL:00>る<CTRL:00>ち！が<CTRL:00><N:≠:16:04><CTRL:00><N:７:11:18><CTRL:00>か<CTRL:00>が<CTRL:00> <CTRL:00><N:＆:4:07><CTRL:00><N:７:11:18><CTRL:00>る<CTRL:00>ち！が<CTRL:00><N:≠:16:04><CTRL:00><N:７:11:18><CTRL:00>か<CTRL:00>が<CTRL:00> <CTRL:00><N:＆:4:07><CTRL:00><N:７:11:18><CTRL:00>が<CTRL:00><N:≠:16:04><CTRL:00><N:３:14:19><CTRL:00>か<CTRL:00>が<CTRL:00> <CTRL:00><N:＆:4:07><CTRL:00><N:３:14:19><CTRL:00>に<CTRL:00>役 う<CTRL:00>る<CTRL:00>ポ<N:＄:1:05>て
31/S3022.DAT,0x47C5E,67,medium,1,original,,,,,,る<CTRL:00>ち！が<CTRL:00><N:≠:16:04><CTRL:00><N:７:11:18><CTRL:00>か<CTRL:00>が<CTRL:00> <CTRL:00><N:＆:4:07><CTRL:00><N:７:11:18><CTRL:00>る<CTRL:00>ち！が<CTRL:00><N:≠:16:04><CTRL:00><N:７:11:18><CTRL:00>か<CTRL:00>が<CTRL:00> <CTRL:00><N:＆:4:07><CTRL:00><N:７:11:18><CTRL:00>が<CTRL:00><N:≠:16:04><CTRL:00><N:３:14:19><CTRL:00>か<CTRL:00>が<CTRL:00> <CTRL:00><N:＆:4:07><CTRL:00><N:３:14:19><CTRL:00>に<CTRL:00>役 う<CTRL:00>る<CTRL:00>ポ<N:＄:1:05>て
31/S3022.DAT,0x47C8C,21,medium,1,original,,,,,,か<CTRL:00>が<CTRL:00> <CTRL:00><N:＆:4:07><CTRL:00><N:３:14:19><CTRL:00>に<CTRL:00>役 う<CTRL:00>る<CTRL:00>ポ<N:＄:1:05>て
31/S3022.DAT,0x47C96,11,medium,1,original,,,,,,に<CTRL:00>役 う<CTRL:00>る<CTRL:00>ポ<N:＄:1:05>て
31/S3022.DAT,0x47CBA,18,high,1,e2_valid,0x81,0,16,16,1,私たち3人でも / だいじょうぶよね？
31/S3022.DAT,0x47D06,22,high,1,e2_valid,0x82,1,20,20,1,<N:ｌ:5:5B>カカラスの森へは行かなくていいのかな。
31/S3022.DAT,0x47D52,12,high,1,e2_valid,0x83,2,10,10,1,3人でだいじょうぶかな？
31/S3022.DAT,0x47D96,48,high,1,e2_valid,0x84,3,46,46,1,兵士 / おまえ等が、モンスターを倒すなどと / 生意気（なまいき）を言つてる<N:力:5:DD02><N:午:15:DD4E>か？
31/S3022.DAT,0x47DF8,35,high,1,e2_valid,0x85,4,33,33,1,兵士 / 俺達軍人にまかせて、だまつて言うこを / 聞いてればいいんだ。
31/S3022.DAT,0x47E54,38,high,1,e2_valid,0x86,5,36,36,1,兵士 / ヤ<N:ク:12:80>ン様は、この国のナンバー1だ。 / さからうと痛い目にあうぞ。
31/S3022.DAT,0x47EB2,50,high,1,e2_valid,0x87,6,48,48,1,兵士 / <N:ｌ:5:5B>ルワジの森へと<N:ｌ:5:5B>センバラの沼へに / いくのか。 / あそこのモンスターは強いぞ。
31/S3022.DAT,0x47F16,35,high,1,e2_valid,0x88,7,33,33,1,兵士 / ます<N:ｌ:5:5B>カカラスの森へで力だめしでも / してみたらどうだ。
31/S3022.DAT,0x47F72,47,high,1,e2_valid,0x89,8,45,45,1,兵士 / ヤ<N:ク:12:80>ン様が将軍としてロマリアから来てから、モンスターが<N:街:4:DE7D>をおそうこがなくなつた。
31/S3022.DAT,0x47FD4,56,high,1,e2_valid,0x8A,9,54,54,1,兵士 / さすがわれらが大将軍！<CTRL:E4>よ / ・・でも、将軍がモンスターと戦うのを / 一度もみたこないなっ。
31/S3022.DAT,0x48044,40,high,1,e2_valid,0x8B,10,38,38,1,兵士 / じゃまだ、じゃまだ！ / ここは、子供のうろちょろする場所じゃないぞ。
31/S3022.DAT,0x480A4,32,high,1,e2_valid,0x8C,11,30,30,1,兵士 / どうもスパ<N:｣:11:65>がいるらしいぞ。 / 気をつけねば・・。
31/S3022.DAT,0x4811A,34,high,1,e2_valid,0x8D,12,32,32,1,老人 / 戦争が終わつたとおもつたら / 今度はモンスターじゃ。
31/S3022.DAT,0x4816E,33,high,1,e2_valid,0x8E,13,31,31,1,老人 / いつになつたら落ち着いてくらせるんじゃろう・・。
31/S3022.DAT,0x481CC,27,high,1,e2_valid,0x8F,14,25,25,1,子供 / おじいちゃん、わたしにもおはなしさせてよ。
31/S3022.DAT,0x4821A,27,high,1,e2_valid,0x90,15,25,25,1,老人 / 知らないおにいさんにちかづくんじゃないよ。
31/S3022.DAT,0x4826A,11,high,1,e2_valid,0x91,16,9,9,1,あぶなくないつてのに。
31/S3022.DAT,0x482B4,38,high,1,e2_valid,0x92,17,36,36,1,男 / モンスターと戦うための / 臨時（りんじ）の軍のはすなのに・・。
31/S3022.DAT,0x4830C,52,high,1,e2_valid,0x93,18,50,50,1,男 / なんだか / 国を乗つ取られたみたいな気が・・。 / そんな風に思うのは私だけでしょうかね？
31/S3022.DAT,0x48378,22,high,1,e2_valid,0x94,19,20,20,1,男 / 私がここにいることはないしょですよ。
31/S3022.DAT,0x484B2,48,medium,1,original,,,,,,し”<N:‐:2:0E><CTRL:00><N:ъ:14:1A><CTRL:00>精”<N:‐:2:0E><CTRL:00>い<CTRL:00>俺”<N:‐:2:0E><CTRL:00>の<CTRL:00><N:ｃ:12:16><N:≠:16:04><N:‐:2:0E><CTRL:00>な<CTRL:00>え<N:≠:16:04><N:‐:2:0E><CTRL:00><N:ﾉ:6:10><CTRL:00>ピ<N:≠:16:04><N:‐:2:0E><CTRL:00>0<CTRL:00>ち<N:＄:1:05><N:‐:2:0E><CTRL:00>1<CTRL:00>話<N:＄:1:05><N:*:7:0B><CTRL:00><CTRL:FF><CTRL:FF>
31/S3022.DAT,0x4855A,43,high,1,e2_valid,0x95,20,41,41,1,兵士 / 準備ができたら声をかけて下さい。 / 出<G:DE13:493>のところでおまちしております。
31/S3022.DAT,0x485D6,10,high,1,e2_valid,0x96,21,8,8,1,頭に来ちゃつたわ。
31/S3022.DAT,0x48614,34,high,1,e2_valid,0x97,22,32,32,1,はじめつから私達をモンスターと戦えるわけないつて思つてる / みたい。
31/S3022.DAT,0x4866A,8,high,1,e2_valid,0x98,23,6,6,1,でもどうするの？
31/S3022.DAT,0x486A6,46,high,1,e2_valid,0x99,24,44,44,1,俺達が、モンスターを倒して見せるしかないだろう。 / 将軍が子供あつかいできないように。
31/S3022.DAT,0x48708,29,high,1,e2_valid,0x9A,25,27,27,1,どんなモンスターかもわからないのに・・大丈夫かな？
31/S3022.DAT,0x4875A,26,high,1,e2_valid,0x9B,26,24,24,1,あれだけ言つたんだ。 / やるしかないだろう、ククル？
31/S3022.DAT,0x487AE,4,high,1,e2_valid,0x9C,27,2,2,1,そうね。
31/S3022.DAT,0x48822,33,high,1,inline_changed,,,,,,兵士 / 出発なさいますか？ / <CTRL:E5>”出発する / <CTRL:E5>”やつっりやめる
31/S3022.DAT,0x48882,23,high,1,e2_valid,0x9D,28,21,21,1,兵士 / 準備ができたら声をかけて下さい。
31/S3022.DAT,0x488E4,16,high,1,e2_valid,0x9E,29,14,14,1,兵士 / それではいきましょう。
31/S3022.DAT,0x489C4,26,high,1,e2_valid,0x9F,30,24,24,1,あなたは、行かなくていいわよ。ここで<N:眠:5:DDB9>つてなさい。
31/S3022.DAT,0x48A12,9,high,1,e2_valid,0xA0,31,7,7,1,さっ、いきましょ。
31/S3022.DAT,0x48A50,12,high,1,e2_valid,0xA1,32,10,10,1,こんなこして大丈夫？
31/S3022.DAT,0x48A90,31,high,1,e2_valid,0xA2,33,29,29,1,私達だけで / モンスターを倒さなきゃ / 意味ないでしょ？
31/S3022.DAT,0x48AE4,13,high,1,e2_valid,0xA3,34,11,11,1,そうだな。 / 行こう。
31/S3022.DAT,0x48D78,57,medium,1,original,,,,,,炎）る<CTRL:00>ぶ）る<CTRL:00> <CTRL:00><N:ｌ:6:0C><CTRL:00><N:*:7:0B><CTRL:00><N:．:2:0F><CTRL:00>，<CTRL:00>0<CTRL:00>”<CTRL:00><N:‐:2:0E><CTRL:00>”<CTRL:00>（<CTRL:00>が<CTRL:00>4<CTRL:00>’<CTRL:00><N:≠:16:04><CTRL:00>が<CTRL:00> <CTRL:00><N:＆:4:07><CTRL:00>’<CTRL:00>が<CTRL:00><N:X:20:06><CTRL:00><N:＆:4:07><CTRL:00> <CTRL:00>は<CTRL:00>”<CTRL:00><N:＆:4:07>
31/S3023.DAT,0x479D4,21,medium,1,original,,,,,,が<CTRL:00> <CTRL:00><N:＆:4:07><CTRL:00><N:ъ:14:1A><CTRL:00>が<CTRL:00><N:＆:4:07><CTRL:00><N:＆:4:07><CTRL:00>い<CTRL:00>は<CTRL:00>！<CTRL:00><N:＆:4:07>
31/S3023.DAT,0x479FC,49,medium,1,original,,,,,,言<CTRL:00>う<CTRL:00>り<CTRL:00><N:３:14:19><CTRL:00>山<CTRL:00>う<CTRL:00>が<CTRL:00>1<CTRL:00>る<CTRL:00><N:７:11:18><CTRL:00>が<CTRL:00>1<CTRL:00>に<CTRL:00><N:３:14:19><CTRL:00>が<CTRL:00> <CTRL:00><N:＆:4:07><CTRL:00><N:ъ:14:1A><CTRL:00>が<CTRL:00><N:＆:4:07><CTRL:00><N:＆:4:07><CTRL:00>い<CTRL:00>は<CTRL:00>！<CTRL:00><N:＆:4:07>
31/S3023.DAT,0x47A04,41,medium,1,original,,,,,,山<CTRL:00>う<CTRL:00>が<CTRL:00>1<CTRL:00>る<CTRL:00><N:７:11:18><CTRL:00>が<CTRL:00>1<CTRL:00>に<CTRL:00><N:３:14:19><CTRL:00>が<CTRL:00> <CTRL:00><N:＆:4:07><CTRL:00><N:ъ:14:1A><CTRL:00>が<CTRL:00><N:＆:4:07><CTRL:00><N:＆:4:07><CTRL:00>い<CTRL:00>は<CTRL:00>！<CTRL:00><N:＆:4:07>
31/S3023.DAT,0x47A18,21,medium,1,original,,,,,,が<CTRL:00> <CTRL:00><N:＆:4:07><CTRL:00><N:ъ:14:1A><CTRL:00>が<CTRL:00><N:＆:4:07><CTRL:00><N:＆:4:07><CTRL:00>い<CTRL:00>は<CTRL:00>！<CTRL:00><N:＆:4:07>
31/S3023.DAT,0x47A40,57,medium,1,original,,,,,,参<CTRL:00>う<CTRL:00>り<CTRL:00><N:３:14:19><CTRL:00>バ<CTRL:00>う<CTRL:00>が<CTRL:00><N:ﾉ:6:10><CTRL:00><N:ъ:14:1A><CTRL:00><N:７:11:18><CTRL:00>が<CTRL:00><N:＄:1:05><CTRL:00><N:ъ:14:1A><CTRL:00>の<CTRL:00>が<CTRL:00><N:ﾉ:6:10><CTRL:00>い<CTRL:00><N:３:14:19><CTRL:00>が<CTRL:00> <CTRL:00><N:＆:4:07><CTRL:00><N:ъ:14:1A><CTRL:00>が<CTRL:00><N:＆:4:07><CTRL:00><N:＆:4:07><CTRL:00>い<CTRL:00>は<CTRL:00>！<CTRL:00><N:＆:4:07>
31/S3023.DAT,0x47A48,49,medium,1,original,,,,,,バ<CTRL:00>う<CTRL:00>が<CTRL:00><N:ﾉ:6:10><CTRL:00><N:ъ:14:1A><CTRL:00><N:７:11:18><CTRL:00>が<CTRL:00><N:＄:1:05><CTRL:00><N:ъ:14:1A><CTRL:00>の<CTRL:00>が<CTRL:00><N:ﾉ:6:10><CTRL:00>い<CTRL:00><N:３:14:19><CTRL:00>が<CTRL:00> <CTRL:00><N:＆:4:07><CTRL:00><N:ъ:14:1A><CTRL:00>が<CTRL:00><N:＆:4:07><CTRL:00><N:＆:4:07><CTRL:00>い<CTRL:00>は<CTRL:00>！<CTRL:00><N:＆:4:07>
31/S3023.DAT,0x47A64,21,medium,1,original,,,,,,が<CTRL:00> <CTRL:00><N:＆:4:07><CTRL:00><N:ъ:14:1A><CTRL:00>が<CTRL:00><N:＆:4:07><CTRL:00><N:＆:4:07><CTRL:00>い<CTRL:00>は<CTRL:00>！<CTRL:00><N:＆:4:07>
31/S3023.DAT,0x47AA0,21,medium,1,original,,,,,,が<CTRL:00> <CTRL:00><N:＆:4:07><CTRL:00><N:ъ:14:1A><CTRL:00>が<CTRL:00><N:＆:4:07><CTRL:00><N:＆:4:07><CTRL:00>い<CTRL:00>は<CTRL:00>！<CTRL:00><N:＆:4:07>
31/S3023.DAT,0x47AC8,65,medium,1,original,,,,,,フ<CTRL:00>う<CTRL:00>り<CTRL:00><N:３:14:19><CTRL:00>世<CTRL:00>う<CTRL:00>り<CTRL:00><N:３:14:19><CTRL:00>上<CTRL:00>う<CTRL:00>が<CTRL:00>1<CTRL:00><N:ъ:14:1A><CTRL:00><N:７:11:18><CTRL:00>が<CTRL:00><N:＄:1:05><CTRL:00><N:ъ:14:1A><CTRL:00>な<CTRL:00>が<CTRL:00>1<CTRL:00>い<CTRL:00><N:３:14:19><CTRL:00>が<CTRL:00> <CTRL:00><N:＆:4:07><CTRL:00><N:ъ:14:1A><CTRL:00>が<CTRL:00><N:＆:4:07><CTRL:00><N:＆:4:07><CTRL:00>い<CTRL:00>は<CTRL:00>！<CTRL:00><N:＆:4:07>
31/S3023.DAT,0x47AD0,57,medium,1,original,,,,,,世<CTRL:00>う<CTRL:00>り<CTRL:00><N:３:14:19><CTRL:00>上<CTRL:00>う<CTRL:00>が<CTRL:00>1<CTRL:00><N:ъ:14:1A><CTRL:00><N:７:11:18><CTRL:00>が<CTRL:00><N:＄:1:05><CTRL:00><N:ъ:14:1A><CTRL:00>な<CTRL:00>が<CTRL:00>1<CTRL:00>い<CTRL:00><N:３:14:19><CTRL:00>が<CTRL:00> <CTRL:00><N:＆:4:07><CTRL:00><N:ъ:14:1A><CTRL:00>が<CTRL:00><N:＆:4:07><CTRL:00><N:＆:4:07><CTRL:00>い<CTRL:00>は<CTRL:00>！<CTRL:00><N:＆:4:07>
31/S3023.DAT,0x47AD8,49,medium,1,original,,,,,,上<CTRL:00>う<CTRL:00>が<CTRL:00>1<CTRL:00><N:ъ:14:1A><CTRL:00><N:７:11:18><CTRL:00>が<CTRL:00><N:＄:1:05><CTRL:00><N:ъ:14:1A><CTRL:00>な<CTRL:00>が<CTRL:00>1<CTRL:00>い<CTRL:00><N:３:14:19><CTRL:00>が<CTRL:00> <CTRL:00><N:＆:4:07><CTRL:00><N:ъ:14:1A><CTRL:00>が<CTRL:00><N:＆:4:07><CTRL:00><N:＆:4:07><CTRL:00>い<CTRL:00>は<CTRL:00>！<CTRL:00><N:＆:4:07>
31/S3023.DAT,0x47AF4,21,medium,1,original,,,,,,が<CTRL:00> <CTRL:00><N:＆:4:07><CTRL:00><N:ъ:14:1A><CTRL:00>が<CTRL:00><N:＆:4:07><CTRL:00><N:＆:4:07><CTRL:00>い<CTRL:00>は<CTRL:00>！<CTRL:00><N:＆:4:07>
31/S3023.DAT,0x47B1C,65,medium,1,original,,,,,,聞<CTRL:00>う<CTRL:00>り<CTRL:00><N:３:14:19><CTRL:00>ム<CTRL:00>う<CTRL:00>り<CTRL:00><N:３:14:19><CTRL:00>敵<CTRL:00>う<CTRL:00>が<CTRL:00>1<CTRL:00><N:ъ:14:1A><CTRL:00><N:７:11:18><CTRL:00>が<CTRL:00><N:＄:1:05><CTRL:00><N:ъ:14:1A><CTRL:00>な<CTRL:00>が<CTRL:00>1<CTRL:00>い<CTRL:00><N:３:14:19><CTRL:00>が<CTRL:00> <CTRL:00><N:＆:4:07><CTRL:00><N:ъ:14:1A><CTRL:00>が<CTRL:00><N:＆:4:07><CTRL:00><N:＆:4:07><CTRL:00>い<CTRL:00>は<CTRL:00>！<CTRL:00><N:＆:4:07>
31/S3023.DAT,0x47B24,57,medium,1,original,,,,,,ム<CTRL:00>う<CTRL:00>り<CTRL:00><N:３:14:19><CTRL:00>敵<CTRL:00>う<CTRL:00>が<CTRL:00>1<CTRL:00><N:ъ:14:1A><CTRL:00><N:７:11:18><CTRL:00>が<CTRL:00><N:＄:1:05><CTRL:00><N:ъ:14:1A><CTRL:00>な<CTRL:00>が<CTRL:00>1<CTRL:00>い<CTRL:00><N:３:14:19><CTRL:00>が<CTRL:00> <CTRL:00><N:＆:4:07><CTRL:00><N:ъ:14:1A><CTRL:00>が<CTRL:00><N:＆:4:07><CTRL:00><N:＆:4:07><CTRL:00>い<CTRL:00>は<CTRL:00>！<CTRL:00><N:＆:4:07>
31/S3023.DAT,0x47B2C,49,medium,1,original,,,,,,敵<CTRL:00>う<CTRL:00>が<CTRL:00>1<CTRL:00><N:ъ:14:1A><CTRL:00><N:７:11:18><CTRL:00>が<CTRL:00><N:＄:1:05><CTRL:00><N:ъ:14:1A><CTRL:00>な<CTRL:00>が<CTRL:00>1<CTRL:00>い<CTRL:00><N:３:14:19><CTRL:00>が<CTRL:00> <CTRL:00><N:＆:4:07><CTRL:00><N:ъ:14:1A><CTRL:00>が<CTRL:00><N:＆:4:07><CTRL:00><N:＆:4:07><CTRL:00>い<CTRL:00>は<CTRL:00>！<CTRL:00><N:＆:4:07>
31/S3023.DAT,0x47B48,21,medium,1,original,,,,,,が<CTRL:00> <CTRL:00><N:＆:4:07><CTRL:00><N:ъ:14:1A><CTRL:00>が<CTRL:00><N:＆:4:07><CTRL:00><N:＆:4:07><CTRL:00>い<CTRL:00>は<CTRL:00>！<CTRL:00><N:＆:4:07>
31/S3023.DAT,0x47B70,13,medium,1,original,,,,,,風<CTRL:00>う<CTRL:00>り<CTRL:00><N:３:14:19><CTRL:00>備<CTRL:00>う<CTRL:00>が
31/S3023.DAT,0x47B78,5,medium,1,original,,,,,,備<CTRL:00>う<CTRL:00>が
31/S3023.DAT,0x47BD0,225,medium,1,original,,,,,,か<CTRL:00>が<CTRL:00> <CTRL:00><N:＆:4:07><CTRL:00><N:３:14:19><CTRL:00>る<CTRL:00>ル！が<CTRL:00><N:X:20:06><CTRL:00><N:７:11:18><CTRL:00>か<CTRL:00>が<CTRL:00> <CTRL:00><N:＆:4:07><CTRL:00><N:７:11:18><CTRL:00>が<CTRL:00><N:≠:16:04><CTRL:00><N:３:14:19><CTRL:00>か<CTRL:00>が<CTRL:00> <CTRL:00><N:＆:4:07><CTRL:00><N:３:14:19><CTRL:00>る<CTRL:00>ル！が<CTRL:00><N:X:20:06><CTRL:00><N:７:11:18><CTRL:00>か<CTRL:00>が<CTRL:00> <CTRL:00><N:＆:4:07><CTRL:00><N:７:11:18><CTRL:00>る<CTRL:00>ル！が<CTRL:00><N:≠:16:04><CTRL:00><N:７:11:18><CTRL:00>か<CTRL:00>が<CTRL:00> <CTRL:00><N:＆:4:07><CTRL:00><N:７:11:18><CTRL:00>が<CTRL:00><N:X:20:06><CTRL:00><N:３:14:19><CTRL:00>か<CTRL:00>が<CTRL:00> <CTRL:00><N:＆:4:07><CTRL:00><N:３:14:19><CTRL:00>る<CTRL:00>ル！が<CTRL:00><N:X:20:06><CTRL:00><N:３:14:19><CTRL:00>か<CTRL:00>が<CTRL:00> <CTRL:00><N:＆:4:07><CTRL:00><N:３:14:19><CTRL:00>る<CTRL:00>ル！が<CTRL:00><N:≠:16:04><CTRL:00><N:７:11:18><CTRL:00>か<CTRL:00>が<CTRL:00> <CTRL:00><N:＆:4:07><CTRL:00><N:７:11:18><CTRL:00>が<CTRL:00><N:X:20:06><CTRL:00><N:３:14:19><CTRL:00>か<CTRL:00>が<CTRL:00> <CTRL:00><N:＆:4:07><CTRL:00><N:３:14:19><CTRL:00>る<CTRL:00>ル！が<CTRL:00><N:≠:16:04><CTRL:00><N:７:11:18><CTRL:00>か<CTRL:00>が<CTRL:00> <CTRL:00><N:＆:4:07><CTRL:00><N:７:11:18><CTRL:00>る<CTRL:00>ル！が<CTRL:00><N:≠:16:04><CTRL:00><N:７:11:18><CTRL:00>か<CTRL:00>が<CTRL:00> <CTRL:00><N:＆:4:07><CTRL:00><N:７:11:18><CTRL:00>が<CTRL:00><N:≠:16:04><CTRL:00><N:３:14:19><CTRL:00>か<CTRL:00>が<CTRL:00> <CTRL:00><N:＆:4:07><CTRL:00><N:３:14:19><CTRL:00>に<CTRL:00>我 う<CTRL:00>る<CTRL:00>ト<N:X:20:06>て
31/S3023.DAT,0x47BDA,215,medium,1,original,,,,,,る<CTRL:00>ル！が<CTRL:00><N:X:20:06><CTRL:00><N:７:11:18><CTRL:00>か<CTRL:00>が<CTRL:00> <CTRL:00><N:＆:4:07><CTRL:00><N:７:11:18><CTRL:00>が<CTRL:00><N:≠:16:04><CTRL:00><N:３:14:19><CTRL:00>か<CTRL:00>が<CTRL:00> <CTRL:00><N:＆:4:07><CTRL:00><N:３:14:19><CTRL:00>る<CTRL:00>ル！が<CTRL:00><N:X:20:06><CTRL:00><N:７:11:18><CTRL:00>か<CTRL:00>が<CTRL:00> <CTRL:00><N:＆:4:07><CTRL:00><N:７:11:18><CTRL:00>る<CTRL:00>ル！が<CTRL:00><N:≠:16:04><CTRL:00><N:７:11:18><CTRL:00>か<CTRL:00>が<CTRL:00> <CTRL:00><N:＆:4:07><CTRL:00><N:７:11:18><CTRL:00>が<CTRL:00><N:X:20:06><CTRL:00><N:３:14:19><CTRL:00>か<CTRL:00>が<CTRL:00> <CTRL:00><N:＆:4:07><CTRL:00><N:３:14:19><CTRL:00>る<CTRL:00>ル！が<CTRL:00><N:X:20:06><CTRL:00><N:３:14:19><CTRL:00>か<CTRL:00>が<CTRL:00> <CTRL:00><N:＆:4:07><CTRL:00><N:３:14:19><CTRL:00>る<CTRL:00>ル！が<CTRL:00><N:≠:16:04><CTRL:00><N:７:11:18><CTRL:00>か<CTRL:00>が<CTRL:00> <CTRL:00><N:＆:4:07><CTRL:00><N:７:11:18><CTRL:00>が<CTRL:00><N:X:20:06><CTRL:00><N:３:14:19><CTRL:00>か<CTRL:00>が<CTRL:00> <CTRL:00><N:＆:4:07><CTRL:00><N:３:14:19><CTRL:00>る<CTRL:00>ル！が<CTRL:00><N:≠:16:04><CTRL:00><N:７:11:18><CTRL:00>か<CTRL:00>が<CTRL:00> <CTRL:00><N:＆:4:07><CTRL:00><N:７:11:18><CTRL:00>る<CTRL:00>ル！が<CTRL:00><N:≠:16:04><CTRL:00><N:７:11:18><CTRL:00>か<CTRL:00>が<CTRL:00> <CTRL:00><N:＆:4:07><CTRL:00><N:７:11:18><CTRL:00>が<CTRL:00><N:≠:16:04><CTRL:00><N:３:14:19><CTRL:00>か<CTRL:00>が<CTRL:00> <CTRL:00><N:＆:4:07><CTRL:00><N:３:14:19><CTRL:00>に<CTRL:00>我 う<CTRL:00>る<CTRL:00>ト<N:X:20:06>て
31/S3023.DAT,0x47BF4,189,medium,1,original,,,,,,か<CTRL:00>が<CTRL:00> <CTRL:00><N:＆:4:07><CTRL:00><N:３:14:19><CTRL:00>る<CTRL:00>ル！が<CTRL:00><N:X:20:06><CTRL:00><N:７:11:18><CTRL:00>か<CTRL:00>が<CTRL:00> <CTRL:00><N:＆:4:07><CTRL:00><N:７:11:18><CTRL:00>る<CTRL:00>ル！が<CTRL:00><N:≠:16:04><CTRL:00><N:７:11:18><CTRL:00>か<CTRL:00>が<CTRL:00> <CTRL:00><N:＆:4:07><CTRL:00><N:７:11:18><CTRL:00>が<CTRL:00><N:X:20:06><CTRL:00><N:３:14:19><CTRL:00>か<CTRL:00>が<CTRL:00> <CTRL:00><N:＆:4:07><CTRL:00><N:３:14:19><CTRL:00>る<CTRL:00>ル！が<CTRL:00><N:X:20:06><CTRL:00><N:３:14:19><CTRL:00>か<CTRL:00>が<CTRL:00> <CTRL:00><N:＆:4:07><CTRL:00><N:３:14:19><CTRL:00>る<CTRL:00>ル！が<CTRL:00><N:≠:16:04><CTRL:00><N:７:11:18><CTRL:00>か<CTRL:00>が<CTRL:00> <CTRL:00><N:＆:4:07><CTRL:00><N:７:11:18><CTRL:00>が<CTRL:00><N:X:20:06><CTRL:00><N:３:14:19><CTRL:00>か<CTRL:00>が<CTRL:00> <CTRL:00><N:＆:4:07><CTRL:00><N:３:14:19><CTRL:00>る<CTRL:00>ル！が<CTRL:00><N:≠:16:04><CTRL:00><N:７:11:18><CTRL:00>か<CTRL:00>が<CTRL:00> <CTRL:00><N:＆:4:07><CTRL:00><N:７:11:18><CTRL:00>る<CTRL:00>ル！が<CTRL:00><N:≠:16:04><CTRL:00><N:７:11:18><CTRL:00>か<CTRL:00>が<CTRL:00> <CTRL:00><N:＆:4:07><CTRL:00><N:７:11:18><CTRL:00>が<CTRL:00><N:≠:16:04><CTRL:00><N:３:14:19><CTRL:00>か<CTRL:00>が<CTRL:00> <CTRL:00><N:＆:4:07><CTRL:00><N:３:14:19><CTRL:00>に<CTRL:00>我 う<CTRL:00>る<CTRL:00>ト<N:X:20:06>て
31/S3023.DAT,0x47BFE,179,medium,1,original,,,,,,る<CTRL:00>ル！が<CTRL:00><N:X:20:06><CTRL:00><N:７:11:18><CTRL:00>か<CTRL:00>が<CTRL:00> <CTRL:00><N:＆:4:07><CTRL:00><N:７:11:18><CTRL:00>る<CTRL:00>ル！が<CTRL:00><N:≠:16:04><CTRL:00><N:７:11:18><CTRL:00>か<CTRL:00>が<CTRL:00> <CTRL:00><N:＆:4:07><CTRL:00><N:７:11:18><CTRL:00>が<CTRL:00><N:X:20:06><CTRL:00><N:３:14:19><CTRL:00>か<CTRL:00>が<CTRL:00> <CTRL:00><N:＆:4:07><CTRL:00><N:３:14:19><CTRL:00>る<CTRL:00>ル！が<CTRL:00><N:X:20:06><CTRL:00><N:３:14:19><CTRL:00>か<CTRL:00>が<CTRL:00> <CTRL:00><N:＆:4:07><CTRL:00><N:３:14:19><CTRL:00>る<CTRL:00>ル！が<CTRL:00><N:≠:16:04><CTRL:00><N:７:11:18><CTRL:00>か<CTRL:00>が<CTRL:00> <CTRL:00><N:＆:4:07><CTRL:00><N:７:11:18><CTRL:00>が<CTRL:00><N:X:20:06><CTRL:00><N:３:14:19><CTRL:00>か<CTRL:00>が<CTRL:00> <CTRL:00><N:＆:4:07><CTRL:00><N:３:14:19><CTRL:00>る<CTRL:00>ル！が<CTRL:00><N:≠:16:04><CTRL:00><N:７:11:18><CTRL:00>か<CTRL:00>が<CTRL:00> <CTRL:00><N:＆:4:07><CTRL:00><N:７:11:18><CTRL:00>る<CTRL:00>ル！が<CTRL:00><N:≠:16:04><CTRL:00><N:７:11:18><CTRL:00>か<CTRL:00>が<CTRL:00> <CTRL:00><N:＆:4:07><CTRL:00><N:７:11:18><CTRL:00>が<CTRL:00><N:≠:16:04><CTRL:00><N:３:14:19><CTRL:00>か<CTRL:00>が<CTRL:00> <CTRL:00><N:＆:4:07><CTRL:00><N:３:14:19><CTRL:00>に<CTRL:00>我 う<CTRL:00>る<CTRL:00>ト<N:X:20:06>て
31/S3023.DAT,0x47C2C,133,medium,1,original,,,,,,か<CTRL:00>が<CTRL:00> <CTRL:00><N:＆:4:07><CTRL:00><N:３:14:19><CTRL:00>る<CTRL:00>ル！が<CTRL:00><N:X:20:06><CTRL:00><N:３:14:19><CTRL:00>か<CTRL:00>が<CTRL:00> <CTRL:00><N:＆:4:07><CTRL:00><N:３:14:19><CTRL:00>る<CTRL:00>ル！が<CTRL:00><N:≠:16:04><CTRL:00><N:７:11:18><CTRL:00>か<CTRL:00>が<CTRL:00> <CTRL:00><N:＆:4:07><CTRL:00><N:７:11:18><CTRL:00>が<CTRL:00><N:X:20:06><CTRL:00><N:３:14:19><CTRL:00>か<CTRL:00>が<CTRL:00> <CTRL:00><N:＆:4:07><CTRL:00><N:３:14:19><CTRL:00>る<CTRL:00>ル！が<CTRL:00><N:≠:16:04><CTRL:00><N:７:11:18><CTRL:00>か<CTRL:00>が<CTRL:00> <CTRL:00><N:＆:4:07><CTRL:00><N:７:11:18><CTRL:00>る<CTRL:00>ル！が<CTRL:00><N:≠:16:04><CTRL:00><N:７:11:18><CTRL:00>か<CTRL:00>が<CTRL:00> <CTRL:00><N:＆:4:07><CTRL:00><N:７:11:18><CTRL:00>が<CTRL:00><N:≠:16:04><CTRL:00><N:３:14:19><CTRL:00>か<CTRL:00>が<CTRL:00> <CTRL:00><N:＆:4:07><CTRL:00><N:３:14:19><CTRL:00>に<CTRL:00>我 う<CTRL:00>る<CTRL:00>ト<N:X:20:06>て
31/S3023.DAT,0x47C36,123,medium,1,original,,,,,,る<CTRL:00>ル！が<CTRL:00><N:X:20:06><CTRL:00><N:３:14:19><CTRL:00>か<CTRL:00>が<CTRL:00> <CTRL:00><N:＆:4:07><CTRL:00><N:３:14:19><CTRL:00>る<CTRL:00>ル！が<CTRL:00><N:≠:16:04><CTRL:00><N:７:11:18><CTRL:00>か<CTRL:00>が<CTRL:00> <CTRL:00><N:＆:4:07><CTRL:00><N:７:11:18><CTRL:00>が<CTRL:00><N:X:20:06><CTRL:00><N:３:14:19><CTRL:00>か<CTRL:00>が<CTRL:00> <CTRL:00><N:＆:4:07><CTRL:00><N:３:14:19><CTRL:00>る<CTRL:00>ル！が<CTRL:00><N:≠:16:04><CTRL:00><N:７:11:18><CTRL:00>か<CTRL:00>が<CTRL:00> <CTRL:00><N:＆:4:07><CTRL:00><N:７:11:18><CTRL:00>る<CTRL:00>ル！が<CTRL:00><N:≠:16:04><CTRL:00><N:７:11:18><CTRL:00>か<CTRL:00>が<CTRL:00> <CTRL:00><N:＆:4:07><CTRL:00><N:７:11:18><CTRL:00>が<CTRL:00><N:≠:16:04><CTRL:00><N:３:14:19><CTRL:00>か<CTRL:00>が<CTRL:00> <CTRL:00><N:＆:4:07><CTRL:00><N:３:14:19><CTRL:00>に<CTRL:00>我 う<CTRL:00>る<CTRL:00>ト<N:X:20:06>て
31/S3023.DAT,0x47C40,113,medium,1,original,,,,,,か<CTRL:00>が<CTRL:00> <CTRL:00><N:＆:4:07><CTRL:00><N:３:14:19><CTRL:00>る<CTRL:00>ル！が<CTRL:00><N:≠:16:04><CTRL:00><N:７:11:18><CTRL:00>か<CTRL:00>が<CTRL:00> <CTRL:00><N:＆:4:07><CTRL:00><N:７:11:18><CTRL:00>が<CTRL:00><N:X:20:06><CTRL:00><N:３:14:19><CTRL:00>か<CTRL:00>が<CTRL:00> <CTRL:00><N:＆:4:07><CTRL:00><N:３:14:19><CTRL:00>る<CTRL:00>ル！が<CTRL:00><N:≠:16:04><CTRL:00><N:７:11:18><CTRL:00>か<CTRL:00>が<CTRL:00> <CTRL:00><N:＆:4:07><CTRL:00><N:７:11:18><CTRL:00>る<CTRL:00>ル！が<CTRL:00><N:≠:16:04><CTRL:00><N:７:11:18><CTRL:00>か<CTRL:00>が<CTRL:00> <CTRL:00><N:＆:4:07><CTRL:00><N:７:11:18><CTRL:00>が<CTRL:00><N:≠:16:04><CTRL:00><N:３:14:19><CTRL:00>か<CTRL:00>が<CTRL:00> <CTRL:00><N:＆:4:07><CTRL:00><N:３:14:19><CTRL:00>に<CTRL:00>我 う<CTRL:00>る<CTRL:00>ト<N:X:20:06>て
31/S3023.DAT,0x47C4A,103,medium,1,original,,,,,,る<CTRL:00>ル！が<CTRL:00><N:≠:16:04><CTRL:00><N:７:11:18><CTRL:00>か<CTRL:00>が<CTRL:00> <CTRL:00><N:＆:4:07><CTRL:00><N:７:11:18><CTRL:00>が<CTRL:00><N:X:20:06><CTRL:00><N:３:14:19><CTRL:00>か<CTRL:00>が<CTRL:00> <CTRL:00><N:＆:4:07><CTRL:00><N:３:14:19><CTRL:00>る<CTRL:00>ル！が<CTRL:00><N:≠:16:04><CTRL:00><N:７:11:18><CTRL:00>か<CTRL:00>が<CTRL:00> <CTRL:00><N:＆:4:07><CTRL:00><N:７:11:18><CTRL:00>る<CTRL:00>ル！が<CTRL:00><N:≠:16:04><CTRL:00><N:７:11:18><CTRL:00>か<CTRL:00>が<CTRL:00> <CTRL:00><N:＆:4:07><CTRL:00><N:７:11:18><CTRL:00>が<CTRL:00><N:≠:16:04><CTRL:00><N:３:14:19><CTRL:00>か<CTRL:00>が<CTRL:00> <CTRL:00><N:＆:4:07><CTRL:00><N:３:14:19><CTRL:00>に<CTRL:00>我 う<CTRL:00>る<CTRL:00>ト<N:X:20:06>て
31/S3023.DAT,0x47C64,77,medium,1,original,,,,,,か<CTRL:00>が<CTRL:00> <CTRL:00><N:＆:4:07><CTRL:00><N:３:14:19><CTRL:00>る<CTRL:00>ル！が<CTRL:00><N:≠:16:04><CTRL:00><N:７:11:18><CTRL:00>か<CTRL:00>が<CTRL:00> <CTRL:00><N:＆:4:07><CTRL:00><N:７:11:18><CTRL:00>る<CTRL:00>ル！が<CTRL:00><N:≠:16:04><CTRL:00><N:７:11:18><CTRL:00>か<CTRL:00>が<CTRL:00> <CTRL:00><N:＆:4:07><CTRL:00><N:７:11:18><CTRL:00>が<CTRL:00><N:≠:16:04><CTRL:00><N:３:14:19><CTRL:00>か<CTRL:00>が<CTRL:00> <CTRL:00><N:＆:4:07><CTRL:00><N:３:14:19><CTRL:00>に<CTRL:00>我 う<CTRL:00>る<CTRL:00>ト<N:X:20:06>て
31/S3023.DAT,0x47C6E,67,medium,1,original,,,,,,る<CTRL:00>ル！が<CTRL:00><N:≠:16:04><CTRL:00><N:７:11:18><CTRL:00>か<CTRL:00>が<CTRL:00> <CTRL:00><N:＆:4:07><CTRL:00><N:７:11:18><CTRL:00>る<CTRL:00>ル！が<CTRL:00><N:≠:16:04><CTRL:00><N:７:11:18><CTRL:00>か<CTRL:00>が<CTRL:00> <CTRL:00><N:＆:4:07><CTRL:00><N:７:11:18><CTRL:00>が<CTRL:00><N:≠:16:04><CTRL:00><N:３:14:19><CTRL:00>か<CTRL:00>が<CTRL:00> <CTRL:00><N:＆:4:07><CTRL:00><N:３:14:19><CTRL:00>に<CTRL:00>我 う<CTRL:00>る<CTRL:00>ト<N:X:20:06>て
31/S3023.DAT,0x47C9C,21,medium,1,original,,,,,,か<CTRL:00>が<CTRL:00> <CTRL:00><N:＆:4:07><CTRL:00><N:３:14:19><CTRL:00>に<CTRL:00>我 う<CTRL:00>る<CTRL:00>ト<N:X:20:06>て
31/S3023.DAT,0x47CA6,11,medium,1,original,,,,,,に<CTRL:00>我 う<CTRL:00>る<CTRL:00>ト<N:X:20:06>て
31/S3023.DAT,0x47CCA,29,high,1,original,,,,,,それにしても / あの、ヤ<N:ク:12:80>ンつて将軍 / ヤな奴だよね。
31/S3023.DAT,0x47D22,18,high,1,inline_changed,,,,,,スメリアに帰りたくなつてきたなっ。
31/S3023.DAT,0x47D6C,23,high,1,inline_changed,,,,,,兵士 / なんだ、もう弱音をはいてるのか？
31/S3023.DAT,0x47DB6,21,high,1,inline_changed,,,,,,兵士 / おまえ等には無理なんだよ！
31/S3023.DAT,0x47E04,22,high,1,inline_changed,,,,,,兵士 / モンスターが強くて大変だつて？
31/S3023.DAT,0x47E4C,39,high,1,original,,,,,,兵士 / <N:ｌ:5:5B>カカラスの森へのモンスターだつたら / おまえらでも勝てるだろ？
31/S3023.DAT,0x47EAC,49,high,1,original,,,,,,兵士 / 森にいきたいんだつて？ / あそこには軍の定期<G:DD04:223>送列車でしか行けないぜ。
31/S3023.DAT,0x47F10,28,high,1,inline_changed,,,,,,兵士 / もちろん将軍の許可がなくては乗れないぜ
31/S3023.DAT,0x47F64,55,high,1,inline_changed,,,,,,兵士 / 食ベ物を運んでいるところをモンスターにすいぶんおそわれたから、列車を使うこにしたんだ。
31/S3023.DAT,0x47FCE,31,high,1,inline_changed,,,,,,兵士 / 国民は、我等のおかげで食いつなげるつてわけだ。
31/S3023.DAT,0x48026,25,high,1,inline_changed,,,,,,兵士 / どうだ？この国のモンスターは手強いだろ
31/S3023.DAT,0x48072,18,high,1,inline_changed,,,,,,兵士 / まつ、せいぜいがんばりな。
31/S3023.DAT,0x480BC,32,high,1,original,,,,,,兵士 / やつっりスパ<N:｣:11:65>がいるみたいだ。 / どこにいるんだろう？
31/S3023.DAT,0x48114,28,high,1,inline_changed,,,,,,兵士 / 将軍との約束を果たしてから来て下さい。
31/S3023.DAT,0x4816E,31,high,1,original,,,,,,老人 / そうか<N:∴:12:DEB6>。 / おまえさんスメリアから来たんか<N:∴:12:DEB6>。
31/S3023.DAT,0x481C0,29,high,1,original,,,,,,老人 / 人聞同士が殺しあうなんて<N:悲:5:DDBA>しいこじゃのう。
31/S3023.DAT,0x48232,31,high,1,inline_changed,,,,,,子供 / おにいちゃん、どこからきたの？ / あそんでくれる？
31/S3023.DAT,0x482A8,12,high,1,inline_changed,,,,,,子供 / これあげる。
31/S3023.DAT,0x482E6,11,high,1,original,,,,,,<N:ｌ:5:5B>石へをもらいました。
31/S3023.DAT,0x48326,6,high,1,inline_changed,,,,,,ありがとう。
31/S3023.DAT,0x48362,27,high,1,inline_changed,,,,,,子供 / 石はさつきのでぜんぶだから、またこんどね。
31/S3023.DAT,0x483BC,55,high,1,original,,,,,,男 / トヨー<N:ゲ:16:DD6D>の森は、かつてはベみの森とよばれ、国民の信こうの対しょうだつたのですが・・、
31/S3023.DAT,0x48426,29,high,1,inline_changed,,,,,,男 / 今じゃ、モンスターの住みかになつてしまいました。
31/S3023.DAT,0x4847C,28,high,1,inline_changed,,,,,,男 / しかし、われながらうまくとけこんでると思うなっ。
31/S3023.DAT,0x485C0,58,medium,1,original,,,,,,<CTRL:F6>！<N:‐:2:0E><CTRL:00><N:ъ:14:1A><CTRL:00>じ”<N:‐:2:0E><CTRL:00>い<CTRL:00>フ”<N:‐:2:0E><CTRL:00>の<CTRL:00><N:＆:4:07><N:≠:16:04><N:‐:2:0E><CTRL:00>な<CTRL:00>人<N:≠:16:04><N:‐:2:0E><CTRL:00><N:ﾉ:6:10><CTRL:00>老<N:≠:16:04><N:‐:2:0E><CTRL:00>0<CTRL:00>時<N:＄:1:05><N:‐:2:0E><CTRL:00>1<CTRL:00>れ<N:X:20:06><N:‐:2:0E><CTRL:00><CTRL:FF><CTRL:FF>’<CTRL:00>（<CTRL:00>者<N:≠:16:04><N:*:7:0B><CTRL:00><CTRL:FF><CTRL:FF>
31/S3023.DAT,0x486CA,7,high,1,inline_changed,,,,,,外に出るの？
31/S3023.DAT,0x4870A,18,high,1,original,,,,,,<CTRL:E5>”外に出る / <CTRL:E5>”やつっりやめる
31/S3023.DAT,0x487B4,57,medium,1,original,,,,,,伝る<CTRL:00><CTRL:E8><N:＆:4:07>る<CTRL:00> <CTRL:00><N:ｌ:6:0C><CTRL:00><N:*:7:0B><CTRL:00><N:．:2:0F><CTRL:00>，<CTRL:00>0<CTRL:00>”<CTRL:00><N:‐:2:0E><CTRL:00>”<CTRL:00>（<CTRL:00>が<CTRL:00>4<CTRL:00>’<CTRL:00><N:≠:16:04><CTRL:00>が<CTRL:00> <CTRL:00><N:＆:4:07><CTRL:00>’<CTRL:00>が<CTRL:00><N:X:20:06><CTRL:00><N:＆:4:07><CTRL:00> <CTRL:00>は<CTRL:00>”<CTRL:00><N:＆:4:07>
31/S3024.DAT,0x459D4,21,medium,1,original,,,,,,が<CTRL:00> <CTRL:00><N:＆:4:07><CTRL:00><N:ъ:14:1A><CTRL:00>が<CTRL:00><N:＆:4:07><CTRL:00><N:＆:4:07><CTRL:00>い<CTRL:00>は<CTRL:00>！<CTRL:00><N:＆:4:07>
31/S3024.DAT,0x459FC,49,medium,1,original,,,,,,言<CTRL:00>う<CTRL:00>り<CTRL:00><N:３:14:19><CTRL:00>山<CTRL:00>う<CTRL:00>が<CTRL:00>1<CTRL:00>る<CTRL:00><N:７:11:18><CTRL:00>が<CTRL:00>1<CTRL:00>に<CTRL:00><N:３:14:19><CTRL:00>が<CTRL:00> <CTRL:00><N:＆:4:07><CTRL:00><N:ъ:14:1A><CTRL:00>が<CTRL:00><N:＆:4:07><CTRL:00><N:＆:4:07><CTRL:00>い<CTRL:00>は<CTRL:00>！<CTRL:00><N:＆:4:07>
31/S3024.DAT,0x45A04,41,medium,1,original,,,,,,山<CTRL:00>う<CTRL:00>が<CTRL:00>1<CTRL:00>る<CTRL:00><N:７:11:18><CTRL:00>が<CTRL:00>1<CTRL:00>に<CTRL:00><N:３:14:19><CTRL:00>が<CTRL:00> <CTRL:00><N:＆:4:07><CTRL:00><N:ъ:14:1A><CTRL:00>が<CTRL:00><N:＆:4:07><CTRL:00><N:＆:4:07><CTRL:00>い<CTRL:00>は<CTRL:00>！<CTRL:00><N:＆:4:07>
31/S3024.DAT,0x45A18,21,medium,1,original,,,,,,が<CTRL:00> <CTRL:00><N:＆:4:07><CTRL:00><N:ъ:14:1A><CTRL:00>が<CTRL:00><N:＆:4:07><CTRL:00><N:＆:4:07><CTRL:00>い<CTRL:00>は<CTRL:00>！<CTRL:00><N:＆:4:07>
31/S3024.DAT,0x45A40,57,medium,1,original,,,,,,参<CTRL:00>う<CTRL:00>り<CTRL:00><N:３:14:19><CTRL:00>バ<CTRL:00>う<CTRL:00>が<CTRL:00><N:ﾉ:6:10><CTRL:00><N:ъ:14:1A><CTRL:00><N:７:11:18><CTRL:00>が<CTRL:00><N:＄:1:05><CTRL:00><N:ъ:14:1A><CTRL:00>の<CTRL:00>が<CTRL:00><N:ﾉ:6:10><CTRL:00>い<CTRL:00><N:３:14:19><CTRL:00>が<CTRL:00> <CTRL:00><N:＆:4:07><CTRL:00><N:ъ:14:1A><CTRL:00>が<CTRL:00><N:＆:4:07><CTRL:00><N:＆:4:07><CTRL:00>い<CTRL:00>は<CTRL:00>！<CTRL:00><N:＆:4:07>
31/S3024.DAT,0x45A48,49,medium,1,original,,,,,,バ<CTRL:00>う<CTRL:00>が<CTRL:00><N:ﾉ:6:10><CTRL:00><N:ъ:14:1A><CTRL:00><N:７:11:18><CTRL:00>が<CTRL:00><N:＄:1:05><CTRL:00><N:ъ:14:1A><CTRL:00>の<CTRL:00>が<CTRL:00><N:ﾉ:6:10><CTRL:00>い<CTRL:00><N:３:14:19><CTRL:00>が<CTRL:00> <CTRL:00><N:＆:4:07><CTRL:00><N:ъ:14:1A><CTRL:00>が<CTRL:00><N:＆:4:07><CTRL:00><N:＆:4:07><CTRL:00>い<CTRL:00>は<CTRL:00>！<CTRL:00><N:＆:4:07>
31/S3024.DAT,0x45A64,21,medium,1,original,,,,,,が<CTRL:00> <CTRL:00><N:＆:4:07><CTRL:00><N:ъ:14:1A><CTRL:00>が<CTRL:00><N:＆:4:07><CTRL:00><N:＆:4:07><CTRL:00>い<CTRL:00>は<CTRL:00>！<CTRL:00><N:＆:4:07>
31/S3024.DAT,0x45AA0,21,medium,1,original,,,,,,が<CTRL:00> <CTRL:00><N:＆:4:07><CTRL:00><N:ъ:14:1A><CTRL:00>が<CTRL:00><N:＆:4:07><CTRL:00><N:＆:4:07><CTRL:00>い<CTRL:00>は<CTRL:00>！<CTRL:00><N:＆:4:07>
31/S3024.DAT,0x45AC8,65,medium,1,original,,,,,,フ<CTRL:00>う<CTRL:00>り<CTRL:00><N:３:14:19><CTRL:00>世<CTRL:00>う<CTRL:00>り<CTRL:00><N:３:14:19><CTRL:00>上<CTRL:00>う<CTRL:00>が<CTRL:00>1<CTRL:00><N:ъ:14:1A><CTRL:00><N:７:11:18><CTRL:00>が<CTRL:00><N:＄:1:05><CTRL:00><N:ъ:14:1A><CTRL:00>な<CTRL:00>が<CTRL:00>1<CTRL:00>い<CTRL:00><N:３:14:19><CTRL:00>が<CTRL:00> <CTRL:00><N:＆:4:07><CTRL:00><N:ъ:14:1A><CTRL:00>が<CTRL:00><N:＆:4:07><CTRL:00><N:＆:4:07><CTRL:00>い<CTRL:00>は<CTRL:00>！<CTRL:00><N:＆:4:07>
31/S3024.DAT,0x45AD0,57,medium,1,original,,,,,,世<CTRL:00>う<CTRL:00>り<CTRL:00><N:３:14:19><CTRL:00>上<CTRL:00>う<CTRL:00>が<CTRL:00>1<CTRL:00><N:ъ:14:1A><CTRL:00><N:７:11:18><CTRL:00>が<CTRL:00><N:＄:1:05><CTRL:00><N:ъ:14:1A><CTRL:00>な<CTRL:00>が<CTRL:00>1<CTRL:00>い<CTRL:00><N:３:14:19><CTRL:00>が<CTRL:00> <CTRL:00><N:＆:4:07><CTRL:00><N:ъ:14:1A><CTRL:00>が<CTRL:00><N:＆:4:07><CTRL:00><N:＆:4:07><CTRL:00>い<CTRL:00>は<CTRL:00>！<CTRL:00><N:＆:4:07>
31/S3024.DAT,0x45AD8,49,medium,1,original,,,,,,上<CTRL:00>う<CTRL:00>が<CTRL:00>1<CTRL:00><N:ъ:14:1A><CTRL:00><N:７:11:18><CTRL:00>が<CTRL:00><N:＄:1:05><CTRL:00><N:ъ:14:1A><CTRL:00>な<CTRL:00>が<CTRL:00>1<CTRL:00>い<CTRL:00><N:３:14:19><CTRL:00>が<CTRL:00> <CTRL:00><N:＆:4:07><CTRL:00><N:ъ:14:1A><CTRL:00>が<CTRL:00><N:＆:4:07><CTRL:00><N:＆:4:07><CTRL:00>い<CTRL:00>は<CTRL:00>！<CTRL:00><N:＆:4:07>
31/S3024.DAT,0x45AF4,21,medium,1,original,,,,,,が<CTRL:00> <CTRL:00><N:＆:4:07><CTRL:00><N:ъ:14:1A><CTRL:00>が<CTRL:00><N:＆:4:07><CTRL:00><N:＆:4:07><CTRL:00>い<CTRL:00>は<CTRL:00>！<CTRL:00><N:＆:4:07>
31/S3024.DAT,0x45B1C,65,medium,1,original,,,,,,聞<CTRL:00>う<CTRL:00>り<CTRL:00><N:３:14:19><CTRL:00>ム<CTRL:00>う<CTRL:00>り<CTRL:00><N:３:14:19><CTRL:00>敵<CTRL:00>う<CTRL:00>が<CTRL:00>1<CTRL:00><N:ъ:14:1A><CTRL:00><N:７:11:18><CTRL:00>が<CTRL:00><N:＄:1:05><CTRL:00><N:ъ:14:1A><CTRL:00>な<CTRL:00>が<CTRL:00>1<CTRL:00>い<CTRL:00><N:３:14:19><CTRL:00>が<CTRL:00> <CTRL:00><N:＆:4:07><CTRL:00><N:ъ:14:1A><CTRL:00>が<CTRL:00><N:＆:4:07><CTRL:00><N:＆:4:07><CTRL:00>い<CTRL:00>は<CTRL:00>！<CTRL:00><N:＆:4:07>
31/S3024.DAT,0x45B24,57,medium,1,original,,,,,,ム<CTRL:00>う<CTRL:00>り<CTRL:00><N:３:14:19><CTRL:00>敵<CTRL:00>う<CTRL:00>が<CTRL:00>1<CTRL:00><N:ъ:14:1A><CTRL:00><N:７:11:18><CTRL:00>が<CTRL:00><N:＄:1:05><CTRL:00><N:ъ:14:1A><CTRL:00>な<CTRL:00>が<CTRL:00>1<CTRL:00>い<CTRL:00><N:３:14:19><CTRL:00>が<CTRL:00> <CTRL:00><N:＆:4:07><CTRL:00><N:ъ:14:1A><CTRL:00>が<CTRL:00><N:＆:4:07><CTRL:00><N:＆:4:07><CTRL:00>い<CTRL:00>は<CTRL:00>！<CTRL:00><N:＆:4:07>
31/S3024.DAT,0x45B2C,49,medium,1,original,,,,,,敵<CTRL:00>う<CTRL:00>が<CTRL:00>1<CTRL:00><N:ъ:14:1A><CTRL:00><N:７:11:18><CTRL:00>が<CTRL:00><N:＄:1:05><CTRL:00><N:ъ:14:1A><CTRL:00>な<CTRL:00>が<CTRL:00>1<CTRL:00>い<CTRL:00><N:３:14:19><CTRL:00>が<CTRL:00> <CTRL:00><N:＆:4:07><CTRL:00><N:ъ:14:1A><CTRL:00>が<CTRL:00><N:＆:4:07><CTRL:00><N:＆:4:07><CTRL:00>い<CTRL:00>は<CTRL:00>！<CTRL:00><N:＆:4:07>
31/S3024.DAT,0x45B48,21,medium,1,original,,,,,,が<CTRL:00> <CTRL:00><N:＆:4:07><CTRL:00><N:ъ:14:1A><CTRL:00>が<CTRL:00><N:＆:4:07><CTRL:00><N:＆:4:07><CTRL:00>い<CTRL:00>は<CTRL:00>！<CTRL:00><N:＆:4:07>
31/S3024.DAT,0x45B70,13,medium,1,original,,,,,,風<CTRL:00>う<CTRL:00>り<CTRL:00><N:３:14:19><CTRL:00>備<CTRL:00>う<CTRL:00>が
31/S3024.DAT,0x45B78,5,medium,1,original,,,,,,備<CTRL:00>う<CTRL:00>が
31/S3024.DAT,0x45BD0,225,medium,1,original,,,,,,か<CTRL:00>が<CTRL:00> <CTRL:00><N:＆:4:07><CTRL:00><N:３:14:19><CTRL:00>る<CTRL:00>ル！が<CTRL:00><N:X:20:06><CTRL:00><N:７:11:18><CTRL:00>か<CTRL:00>が<CTRL:00> <CTRL:00><N:＆:4:07><CTRL:00><N:７:11:18><CTRL:00>が<CTRL:00><N:≠:16:04><CTRL:00><N:３:14:19><CTRL:00>か<CTRL:00>が<CTRL:00> <CTRL:00><N:＆:4:07><CTRL:00><N:３:14:19><CTRL:00>る<CTRL:00>ル！が<CTRL:00><N:X:20:06><CTRL:00><N:７:11:18><CTRL:00>か<CTRL:00>が<CTRL:00> <CTRL:00><N:＆:4:07><CTRL:00><N:７:11:18><CTRL:00>る<CTRL:00>ル！が<CTRL:00><N:≠:16:04><CTRL:00><N:７:11:18><CTRL:00>か<CTRL:00>が<CTRL:00> <CTRL:00><N:＆:4:07><CTRL:00><N:７:11:18><CTRL:00>が<CTRL:00><N:X:20:06><CTRL:00><N:３:14:19><CTRL:00>か<CTRL:00>が<CTRL:00> <CTRL:00><N:＆:4:07><CTRL:00><N:３:14:19><CTRL:00>る<CTRL:00>ル！が<CTRL:00><N:X:20:06><CTRL:00><N:３:14:19><CTRL:00>か<CTRL:00>が<CTRL:00> <CTRL:00><N:＆:4:07><CTRL:00><N:３:14:19><CTRL:00>る<CTRL:00>ル！が<CTRL:00><N:≠:16:04><CTRL:00><N:７:11:18><CTRL:00>か<CTRL:00>が<CTRL:00> <CTRL:00><N:＆:4:07><CTRL:00><N:７:11:18><CTRL:00>が<CTRL:00><N:X:20:06><CTRL:00><N:３:14:19><CTRL:00>か<CTRL:00>が<CTRL:00> <CTRL:00><N:＆:4:07><CTRL:00><N:３:14:19><CTRL:00>る<CTRL:00>ル！が<CTRL:00><N:≠:16:04><CTRL:00><N:７:11:18><CTRL:00>か<CTRL:00>が<CTRL:00> <CTRL:00><N:＆:4:07><CTRL:00><N:７:11:18><CTRL:00>る<CTRL:00>ル！が<CTRL:00><N:≠:16:04><CTRL:00><N:７:11:18><CTRL:00>か<CTRL:00>が<CTRL:00> <CTRL:00><N:＆:4:07><CTRL:00><N:７:11:18><CTRL:00>が<CTRL:00><N:≠:16:04><CTRL:00><N:３:14:19><CTRL:00>か<CTRL:00>が<CTRL:00> <CTRL:00><N:＆:4:07><CTRL:00><N:３:14:19><CTRL:00>に<CTRL:00>我 う<CTRL:00>る<CTRL:00>ひ<N:ｌ:6:0C>て
31/S3024.DAT,0x45BDA,215,medium,1,original,,,,,,る<CTRL:00>ル！が<CTRL:00><N:X:20:06><CTRL:00><N:７:11:18><CTRL:00>か<CTRL:00>が<CTRL:00> <CTRL:00><N:＆:4:07><CTRL:00><N:７:11:18><CTRL:00>が<CTRL:00><N:≠:16:04><CTRL:00><N:３:14:19><CTRL:00>か<CTRL:00>が<CTRL:00> <CTRL:00><N:＆:4:07><CTRL:00><N:３:14:19><CTRL:00>る<CTRL:00>ル！が<CTRL:00><N:X:20:06><CTRL:00><N:７:11:18><CTRL:00>か<CTRL:00>が<CTRL:00> <CTRL:00><N:＆:4:07><CTRL:00><N:７:11:18><CTRL:00>る<CTRL:00>ル！が<CTRL:00><N:≠:16:04><CTRL:00><N:７:11:18><CTRL:00>か<CTRL:00>が<CTRL:00> <CTRL:00><N:＆:4:07><CTRL:00><N:７:11:18><CTRL:00>が<CTRL:00><N:X:20:06><CTRL:00><N:３:14:19><CTRL:00>か<CTRL:00>が<CTRL:00> <CTRL:00><N:＆:4:07><CTRL:00><N:３:14:19><CTRL:00>る<CTRL:00>ル！が<CTRL:00><N:X:20:06><CTRL:00><N:３:14:19><CTRL:00>か<CTRL:00>が<CTRL:00> <CTRL:00><N:＆:4:07><CTRL:00><N:３:14:19><CTRL:00>る<CTRL:00>ル！が<CTRL:00><N:≠:16:04><CTRL:00><N:７:11:18><CTRL:00>か<CTRL:00>が<CTRL:00> <CTRL:00><N:＆:4:07><CTRL:00><N:７:11:18><CTRL:00>が<CTRL:00><N:X:20:06><CTRL:00><N:３:14:19><CTRL:00>か<CTRL:00>が<CTRL:00> <CTRL:00><N:＆:4:07><CTRL:00><N:３:14:19><CTRL:00>る<CTRL:00>ル！が<CTRL:00><N:≠:16:04><CTRL:00><N:７:11:18><CTRL:00>か<CTRL:00>が<CTRL:00> <CTRL:00><N:＆:4:07><CTRL:00><N:７:11:18><CTRL:00>る<CTRL:00>ル！が<CTRL:00><N:≠:16:04><CTRL:00><N:７:11:18><CTRL:00>か<CTRL:00>が<CTRL:00> <CTRL:00><N:＆:4:07><CTRL:00><N:７:11:18><CTRL:00>が<CTRL:00><N:≠:16:04><CTRL:00><N:３:14:19><CTRL:00>か<CTRL:00>が<CTRL:00> <CTRL:00><N:＆:4:07><CTRL:00><N:３:14:19><CTRL:00>に<CTRL:00>我 う<CTRL:00>る<CTRL:00>ひ<N:ｌ:6:0C>て
31/S3024.DAT,0x45BF4,189,medium,1,original,,,,,,か<CTRL:00>が<CTRL:00> <CTRL:00><N:＆:4:07><CTRL:00><N:３:14:19><CTRL:00>る<CTRL:00>ル！が<CTRL:00><N:X:20:06><CTRL:00><N:７:11:18><CTRL:00>か<CTRL:00>が<CTRL:00> <CTRL:00><N:＆:4:07><CTRL:00><N:７:11:18><CTRL:00>る<CTRL:00>ル！が<CTRL:00><N:≠:16:04><CTRL:00><N:７:11:18><CTRL:00>か<CTRL:00>が<CTRL:00> <CTRL:00><N:＆:4:07><CTRL:00><N:７:11:18><CTRL:00>が<CTRL:00><N:X:20:06><CTRL:00><N:３:14:19><CTRL:00>か<CTRL:00>が<CTRL:00> <CTRL:00><N:＆:4:07><CTRL:00><N:３:14:19><CTRL:00>る<CTRL:00>ル！が<CTRL:00><N:X:20:06><CTRL:00><N:３:14:19><CTRL:00>か<CTRL:00>が<CTRL:00> <CTRL:00><N:＆:4:07><CTRL:00><N:３:14:19><CTRL:00>る<CTRL:00>ル！が<CTRL:00><N:≠:16:04><CTRL:00><N:７:11:18><CTRL:00>か<CTRL:00>が<CTRL:00> <CTRL:00><N:＆:4:07><CTRL:00><N:７:11:18><CTRL:00>が<CTRL:00><N:X:20:06><CTRL:00><N:３:14:19><CTRL:00>か<CTRL:00>が<CTRL:00> <CTRL:00><N:＆:4:07><CTRL:00><N:３:14:19><CTRL:00>る<CTRL:00>ル！が<CTRL:00><N:≠:16:04><CTRL:00><N:７:11:18><CTRL:00>か<CTRL:00>が<CTRL:00> <CTRL:00><N:＆:4:07><CTRL:00><N:７:11:18><CTRL:00>る<CTRL:00>ル！が<CTRL:00><N:≠:16:04><CTRL:00><N:７:11:18><CTRL:00>か<CTRL:00>が<CTRL:00> <CTRL:00><N:＆:4:07><CTRL:00><N:７:11:18><CTRL:00>が<CTRL:00><N:≠:16:04><CTRL:00><N:３:14:19><CTRL:00>か<CTRL:00>が<CTRL:00> <CTRL:00><N:＆:4:07><CTRL:00><N:３:14:19><CTRL:00>に<CTRL:00>我 う<CTRL:00>る<CTRL:00>ひ<N:ｌ:6:0C>て
31/S3024.DAT,0x45BFE,179,medium,1,original,,,,,,る<CTRL:00>ル！が<CTRL:00><N:X:20:06><CTRL:00><N:７:11:18><CTRL:00>か<CTRL:00>が<CTRL:00> <CTRL:00><N:＆:4:07><CTRL:00><N:７:11:18><CTRL:00>る<CTRL:00>ル！が<CTRL:00><N:≠:16:04><CTRL:00><N:７:11:18><CTRL:00>か<CTRL:00>が<CTRL:00> <CTRL:00><N:＆:4:07><CTRL:00><N:７:11:18><CTRL:00>が<CTRL:00><N:X:20:06><CTRL:00><N:３:14:19><CTRL:00>か<CTRL:00>が<CTRL:00> <CTRL:00><N:＆:4:07><CTRL:00><N:３:14:19><CTRL:00>る<CTRL:00>ル！が<CTRL:00><N:X:20:06><CTRL:00><N:３:14:19><CTRL:00>か<CTRL:00>が<CTRL:00> <CTRL:00><N:＆:4:07><CTRL:00><N:３:14:19><CTRL:00>る<CTRL:00>ル！が<CTRL:00><N:≠:16:04><CTRL:00><N:７:11:18><CTRL:00>か<CTRL:00>が<CTRL:00> <CTRL:00><N:＆:4:07><CTRL:00><N:７:11:18><CTRL:00>が<CTRL:00><N:X:20:06><CTRL:00><N:３:14:19><CTRL:00>か<CTRL:00>が<CTRL:00> <CTRL:00><N:＆:4:07><CTRL:00><N:３:14:19><CTRL:00>る<CTRL:00>ル！が<CTRL:00><N:≠:16:04><CTRL:00><N:７:11:18><CTRL:00>か<CTRL:00>が<CTRL:00> <CTRL:00><N:＆:4:07><CTRL:00><N:７:11:18><CTRL:00>る<CTRL:00>ル！が<CTRL:00><N:≠:16:04><CTRL:00><N:７:11:18><CTRL:00>か<CTRL:00>が<CTRL:00> <CTRL:00><N:＆:4:07><CTRL:00><N:７:11:18><CTRL:00>が<CTRL:00><N:≠:16:04><CTRL:00><N:３:14:19><CTRL:00>か<CTRL:00>が<CTRL:00> <CTRL:00><N:＆:4:07><CTRL:00><N:３:14:19><CTRL:00>に<CTRL:00>我 う<CTRL:00>る<CTRL:00>ひ<N:ｌ:6:0C>て
31/S3024.DAT,0x45C2C,133,medium,1,original,,,,,,か<CTRL:00>が<CTRL:00> <CTRL:00><N:＆:4:07><CTRL:00><N:３:14:19><CTRL:00>る<CTRL:00>ル！が<CTRL:00><N:X:20:06><CTRL:00><N:３:14:19><CTRL:00>か<CTRL:00>が<CTRL:00> <CTRL:00><N:＆:4:07><CTRL:00><N:３:14:19><CTRL:00>る<CTRL:00>ル！が<CTRL:00><N:≠:16:04><CTRL:00><N:７:11:18><CTRL:00>か<CTRL:00>が<CTRL:00> <CTRL:00><N:＆:4:07><CTRL:00><N:７:11:18><CTRL:00>が<CTRL:00><N:X:20:06><CTRL:00><N:３:14:19><CTRL:00>か<CTRL:00>が<CTRL:00> <CTRL:00><N:＆:4:07><CTRL:00><N:３:14:19><CTRL:00>る<CTRL:00>ル！が<CTRL:00><N:≠:16:04><CTRL:00><N:７:11:18><CTRL:00>か<CTRL:00>が<CTRL:00> <CTRL:00><N:＆:4:07><CTRL:00><N:７:11:18><CTRL:00>る<CTRL:00>ル！が<CTRL:00><N:≠:16:04><CTRL:00><N:７:11:18><CTRL:00>か<CTRL:00>が<CTRL:00> <CTRL:00><N:＆:4:07><CTRL:00><N:７:11:18><CTRL:00>が<CTRL:00><N:≠:16:04><CTRL:00><N:３:14:19><CTRL:00>か<CTRL:00>が<CTRL:00> <CTRL:00><N:＆:4:07><CTRL:00><N:３:14:19><CTRL:00>に<CTRL:00>我 う<CTRL:00>る<CTRL:00>ひ<N:ｌ:6:0C>て
31/S3024.DAT,0x45C36,123,medium,1,original,,,,,,る<CTRL:00>ル！が<CTRL:00><N:X:20:06><CTRL:00><N:３:14:19><CTRL:00>か<CTRL:00>が<CTRL:00> <CTRL:00><N:＆:4:07><CTRL:00><N:３:14:19><CTRL:00>る<CTRL:00>ル！が<CTRL:00><N:≠:16:04><CTRL:00><N:７:11:18><CTRL:00>か<CTRL:00>が<CTRL:00> <CTRL:00><N:＆:4:07><CTRL:00><N:７:11:18><CTRL:00>が<CTRL:00><N:X:20:06><CTRL:00><N:３:14:19><CTRL:00>か<CTRL:00>が<CTRL:00> <CTRL:00><N:＆:4:07><CTRL:00><N:３:14:19><CTRL:00>る<CTRL:00>ル！が<CTRL:00><N:≠:16:04><CTRL:00><N:７:11:18><CTRL:00>か<CTRL:00>が<CTRL:00> <CTRL:00><N:＆:4:07><CTRL:00><N:７:11:18><CTRL:00>る<CTRL:00>ル！が<CTRL:00><N:≠:16:04><CTRL:00><N:７:11:18><CTRL:00>か<CTRL:00>が<CTRL:00> <CTRL:00><N:＆:4:07><CTRL:00><N:７:11:18><CTRL:00>が<CTRL:00><N:≠:16:04><CTRL:00><N:３:14:19><CTRL:00>か<CTRL:00>が<CTRL:00> <CTRL:00><N:＆:4:07><CTRL:00><N:３:14:19><CTRL:00>に<CTRL:00>我 う<CTRL:00>る<CTRL:00>ひ<N:ｌ:6:0C>て
31/S3024.DAT,0x45C40,113,medium,1,original,,,,,,か<CTRL:00>が<CTRL:00> <CTRL:00><N:＆:4:07><CTRL:00><N:３:14:19><CTRL:00>る<CTRL:00>ル！が<CTRL:00><N:≠:16:04><CTRL:00><N:７:11:18><CTRL:00>か<CTRL:00>が<CTRL:00> <CTRL:00><N:＆:4:07><CTRL:00><N:７:11:18><CTRL:00>が<CTRL:00><N:X:20:06><CTRL:00><N:３:14:19><CTRL:00>か<CTRL:00>が<CTRL:00> <CTRL:00><N:＆:4:07><CTRL:00><N:３:14:19><CTRL:00>る<CTRL:00>ル！が<CTRL:00><N:≠:16:04><CTRL:00><N:７:11:18><CTRL:00>か<CTRL:00>が<CTRL:00> <CTRL:00><N:＆:4:07><CTRL:00><N:７:11:18><CTRL:00>る<CTRL:00>ル！が<CTRL:00><N:≠:16:04><CTRL:00><N:７:11:18><CTRL:00>か<CTRL:00>が<CTRL:00> <CTRL:00><N:＆:4:07><CTRL:00><N:７:11:18><CTRL:00>が<CTRL:00><N:≠:16:04><CTRL:00><N:３:14:19><CTRL:00>か<CTRL:00>が<CTRL:00> <CTRL:00><N:＆:4:07><CTRL:00><N:３:14:19><CTRL:00>に<CTRL:00>我 う<CTRL:00>る<CTRL:00>ひ<N:ｌ:6:0C>て
31/S3024.DAT,0x45C4A,103,medium,1,original,,,,,,る<CTRL:00>ル！が<CTRL:00><N:≠:16:04><CTRL:00><N:７:11:18><CTRL:00>か<CTRL:00>が<CTRL:00> <CTRL:00><N:＆:4:07><CTRL:00><N:７:11:18><CTRL:00>が<CTRL:00><N:X:20:06><CTRL:00><N:３:14:19><CTRL:00>か<CTRL:00>が<CTRL:00> <CTRL:00><N:＆:4:07><CTRL:00><N:３:14:19><CTRL:00>る<CTRL:00>ル！が<CTRL:00><N:≠:16:04><CTRL:00><N:７:11:18><CTRL:00>か<CTRL:00>が<CTRL:00> <CTRL:00><N:＆:4:07><CTRL:00><N:７:11:18><CTRL:00>る<CTRL:00>ル！が<CTRL:00><N:≠:16:04><CTRL:00><N:７:11:18><CTRL:00>か<CTRL:00>が<CTRL:00> <CTRL:00><N:＆:4:07><CTRL:00><N:７:11:18><CTRL:00>が<CTRL:00><N:≠:16:04><CTRL:00><N:３:14:19><CTRL:00>か<CTRL:00>が<CTRL:00> <CTRL:00><N:＆:4:07><CTRL:00><N:３:14:19><CTRL:00>に<CTRL:00>我 う<CTRL:00>る<CTRL:00>ひ<N:ｌ:6:0C>て
31/S3024.DAT,0x45C64,77,medium,1,original,,,,,,か<CTRL:00>が<CTRL:00> <CTRL:00><N:＆:4:07><CTRL:00><N:３:14:19><CTRL:00>る<CTRL:00>ル！が<CTRL:00><N:≠:16:04><CTRL:00><N:７:11:18><CTRL:00>か<CTRL:00>が<CTRL:00> <CTRL:00><N:＆:4:07><CTRL:00><N:７:11:18><CTRL:00>る<CTRL:00>ル！が<CTRL:00><N:≠:16:04><CTRL:00><N:７:11:18><CTRL:00>か<CTRL:00>が<CTRL:00> <CTRL:00><N:＆:4:07><CTRL:00><N:７:11:18><CTRL:00>が<CTRL:00><N:≠:16:04><CTRL:00><N:３:14:19><CTRL:00>か<CTRL:00>が<CTRL:00> <CTRL:00><N:＆:4:07><CTRL:00><N:３:14:19><CTRL:00>に<CTRL:00>我 う<CTRL:00>る<CTRL:00>ひ<N:ｌ:6:0C>て
31/S3024.DAT,0x45C6E,67,medium,1,original,,,,,,る<CTRL:00>ル！が<CTRL:00><N:≠:16:04><CTRL:00><N:７:11:18><CTRL:00>か<CTRL:00>が<CTRL:00> <CTRL:00><N:＆:4:07><CTRL:00><N:７:11:18><CTRL:00>る<CTRL:00>ル！が<CTRL:00><N:≠:16:04><CTRL:00><N:７:11:18><CTRL:00>か<CTRL:00>が<CTRL:00> <CTRL:00><N:＆:4:07><CTRL:00><N:７:11:18><CTRL:00>が<CTRL:00><N:≠:16:04><CTRL:00><N:３:14:19><CTRL:00>か<CTRL:00>が<CTRL:00> <CTRL:00><N:＆:4:07><CTRL:00><N:３:14:19><CTRL:00>に<CTRL:00>我 う<CTRL:00>る<CTRL:00>ひ<N:ｌ:6:0C>て
31/S3024.DAT,0x45C9C,21,medium,1,original,,,,,,か<CTRL:00>が<CTRL:00> <CTRL:00><N:＆:4:07><CTRL:00><N:３:14:19><CTRL:00>に<CTRL:00>我 う<CTRL:00>る<CTRL:00>ひ<N:ｌ:6:0C>て
31/S3024.DAT,0x45CA6,11,medium,1,original,,,,,,に<CTRL:00>我 う<CTRL:00>る<CTRL:00>ひ<N:ｌ:6:0C>て
31/S3024.DAT,0x45CC8,21,high,1,inline_changed,,,,,,兵士 / もう入る必要はないでしょう。
31/S3024.DAT,0x45D18,17,high,1,inline_changed,,,,,,いまさらここに来ても何もないわね。
31/S3024.DAT,0x45D64,6,high,1,inline_changed,,,,,,またきたね。
31/S3024.DAT,0x45DA4,17,high,1,original,,,,,,どいつもこいつも、だらしないね<N:ぇ:2:C0>。
31/S3024.DAT,0x45DF0,17,high,1,inline_changed,,,,,,ここは、あいかわらすひまじゃのう。
31/S3024.DAT,0x45E3C,16,high,1,inline_changed,,,,,,ここは変わつていないようだな。
31/S3024.DAT,0x45E86,11,high,1,inline_changed,,,,,,何か落ちてないかね。
31/S3024.DAT,0x45ECA,37,high,1,inline_changed,,,,,,兵士 / ふんつ。 / ちょつと強いからつて調子にのるんじゃないぞ。
31/S3024.DAT,0x45F28,32,high,1,original,,,,,,兵士 / 列車は主に食ベ物の<G:DD04:223>送に使つている。
31/S3024.DAT,0x45F7A,31,high,1,inline_changed,,,,,,兵士 / 国民は、我等のおかげで食いつなげるつてわけだ。
31/S3024.DAT,0x45FD2,52,high,1,inline_changed,,,,,,兵士 / あの列車は、ロマリアからのお下がりらしいぜ。むこうじゃもつとすごいのが走つてるのかなっ？
31/S3024.DAT,0x46038,38,high,1,inline_changed,,,,,,兵士 / え、おまえロマリアも知らないの。西にあるこの世界1の大国だよ。
31/S3024.DAT,0x46096,28,high,1,inline_changed,,,,,,兵士 / この国は20年前、スメリアと戦争してたんだ。
31/S3024.DAT,0x460E4,29,high,1,inline_changed,,,,,,兵士 / だからどうしたつてわけでもないんだがな・・。
31/S3024.DAT,0x4613A,36,high,1,original,,,,,,兵士 / やつっり、どう考えても / スパ<N:｣:11:65>がいるとしか思えないんだが。
31/S3024.DAT,0x46190,28,high,1,original,,,,,,兵士 / まじめに言つてるのかつて？<CTRL:E4>よ / 失礼な！
31/S3024.DAT,0x461E4,31,high,1,inline_changed,,,,,,兵士 / あんた強いらしいな？ / うちの軍隊に入らないか？
31/S3024.DAT,0x46262,37,high,1,inline_changed,,,,,,老人 / モンスターが出てから、 / 食ベ物は軍からかわなきゃならん。
31/S3024.DAT,0x462BA,21,high,1,inline_changed,,,,,,老人 / それが決して安くないんじゃよ。
31/S3024.DAT,0x46308,35,high,1,inline_changed,,,,,,老人 / モンスターが出てから、食ベ物は軍からかわなきゃならん。
31/S3024.DAT,0x4635E,21,high,1,inline_changed,,,,,,老人 / それが決して安くないんじゃよ。
31/S3024.DAT,0x463A6,31,high,1,original,,,,,,子供 / あつ、<N:く:4:DDB7>りーんすらいむばすたーのおにいちゃんだ。
31/S3024.DAT,0x463FE,35,high,1,inline_changed,,,,,,老人 / モンスターが出てから、食ベ物は軍からかわなきゃならん。
31/S3024.DAT,0x46454,21,high,1,inline_changed,,,,,,老人 / それが決して安くないんじゃよ。
31/S3024.DAT,0x4649C,30,high,1,inline_changed,,,,,,子供 / あつ、 / えれめんたるばすたーのおにいちゃんだ。
31/S3024.DAT,0x464F2,35,high,1,inline_changed,,,,,,老人 / モンスターが出てから、食ベ物は軍からかわなきゃならん。
31/S3024.DAT,0x46548,21,high,1,inline_changed,,,,,,老人 / それが決して安くないんじゃよ。
31/S3024.DAT,0x46590,30,high,1,inline_changed,,,,,,子供 / あつ、 / どーるますたーばすたーのおにいちゃんだ
31/S3024.DAT,0x465E6,35,high,1,inline_changed,,,,,,老人 / モンスターが出てから、食ベ物は軍からかわなきゃならん。
31/S3024.DAT,0x4663C,21,high,1,inline_changed,,,,,,老人 / それが決して安くないんじゃよ。
31/S3024.DAT,0x46684,33,high,1,inline_changed,,,,,,子供 / あつ、 / じゃいあんとばつとばすたーのおにいちゃんだ。
31/S3024.DAT,0x466DE,35,high,1,inline_changed,,,,,,老人 / モンスターが出てから、食ベ物は軍からかわなきゃならん。
31/S3024.DAT,0x46734,21,high,1,inline_changed,,,,,,老人 / それが決して安くないんじゃよ。
31/S3024.DAT,0x4677C,29,high,1,inline_changed,,,,,,子供 / あつ、 / ふりーじーばすたーのおにいちゃんだ。
31/S3024.DAT,0x467D2,35,high,1,inline_changed,,,,,,老人 / モンスターが出てから、食ベ物は軍からかわなきゃならん。
31/S3024.DAT,0x46828,21,high,1,inline_changed,,,,,,老人 / それが決して安くないんじゃよ。
31/S3024.DAT,0x46870,31,high,1,inline_changed,,,,,,子供 / あつ、 / やせいへもじーばすたーのおにいちゃんだ。
31/S3024.DAT,0x468C8,35,high,1,inline_changed,,,,,,老人 / モンスターが出てから、食ベ物は軍からかわなきゃならん。
31/S3024.DAT,0x4691E,21,high,1,inline_changed,,,,,,老人 / それが決して安くないんじゃよ。
31/S3024.DAT,0x46966,32,high,1,inline_changed,,,,,,子供 / あつ、 / ばんばいやばつとばすたーのおにいちゃんだ。
31/S3024.DAT,0x469BE,35,high,1,inline_changed,,,,,,老人 / モンスターが出てから、食ベ物は軍からかわなきゃならん。
31/S3024.DAT,0x46A14,21,high,1,inline_changed,,,,,,老人 / それが決して安くないんじゃよ。
31/S3024.DAT,0x46A5C,30,high,1,inline_changed,,,,,,子供 / あつ、 / ですふれいむばすたーのおにいちゃんだ。
31/S3024.DAT,0x46AB2,35,high,1,inline_changed,,,,,,老人 / モンスターが出てから、食ベ物は軍からかわなきゃならん。
31/S3024.DAT,0x46B08,21,high,1,inline_changed,,,,,,老人 / それが決して安くないんじゃよ。
31/S3024.DAT,0x46B50,28,high,1,inline_changed,,,,,,子供 / あつ、 / どうけしばすたーのおにいちゃんだ。
31/S3024.DAT,0x46BA4,35,high,1,inline_changed,,,,,,老人 / モンスターが出てから、食ベ物は軍からかわなきゃならん。
31/S3024.DAT,0x46BFA,21,high,1,inline_changed,,,,,,老人 / それが決して安くないんじゃよ。
31/S3024.DAT,0x46C42,32,high,1,inline_changed,,,,,,子供 / あつ、 / あしつどすらいむばすたーのおにいちゃんだ。
31/S3024.DAT,0x46C9A,35,high,1,inline_changed,,,,,,老人 / モンスターが出てから、食ベ物は軍からかわなきゃならん。
31/S3024.DAT,0x46CF0,21,high,1,inline_changed,,,,,,老人 / それが決して安くないんじゃよ。
31/S3024.DAT,0x46D38,34,high,1,inline_changed,,,,,,子供 / あつ、 / えれめんたるますたーばすたーのおにいちゃんだ。
31/S3024.DAT,0x46D92,35,high,1,inline_changed,,,,,,老人 / モンスターが出てから、食ベ物は軍からかわなきゃならん。
31/S3024.DAT,0x46DE8,21,high,1,inline_changed,,,,,,老人 / それが決して安くないんじゃよ。
31/S3024.DAT,0x46E30,40,high,1,inline_changed,,,,,,子供 / あつ、もうあいてがいなくなつたんだね。すごくつよいんだ。これあげる。
31/S3024.DAT,0x46EA8,18,high,1,original,,,,,,<N:ｌ:5:5B>女神のいのりへをもらいました。
31/S3024.DAT,0x46EF6,35,high,1,inline_changed,,,,,,老人 / モンスターが出てから、食ベ物は軍からかわなきゃならん。
31/S3024.DAT,0x46F4C,21,high,1,inline_changed,,,,,,老人 / それが決して安くないんじゃよ。
31/S3024.DAT,0x46F94,40,high,1,inline_changed,,,,,,子供 / あつ、もうあいてがいないおにいちゃんだ。さつきあげたの、つかつてる？
31/S3024.DAT,0x46FFA,55,high,1,original,,,,,,男 / トヨー<N:ゲ:16:DD6D>の森は、かつてはベみの森とよばれ、国民の信こうの対しょうだつたのですが・・、
31/S3024.DAT,0x47064,27,high,1,inline_changed,,,,,,男 / 今じゃ、モンスターの住みかになつてしまつた。
31/S3024.DAT,0x470B8,33,high,1,inline_changed,,,,,,男 / もうやりたいほうだいですよ。 / ひゃひゃひゃひゃひゃつ。
31/S3024.DAT,0x475C8,43,medium,1,original,,,,,,聞”<N:‐:2:0E><CTRL:00><N:ъ:14:1A><CTRL:00><N:ｲ:6:DD03><N:‐:2:0E><CTRL:00>い<CTRL:00>あ<N:≠:16:04><N:‐:2:0E><CTRL:00>の<CTRL:00>言<N:≠:16:04><N:‐:2:0E><CTRL:00>な<CTRL:00><CTRL:E6><N:≠:16:04><N:‐:2:0E><CTRL:00>0<CTRL:00><CTRL:EE><N:*:7:0B><N:‐:2:0E><CTRL:00>1<CTRL:00>大<N:ｌ:6:0C>ま<CTRL:00> <CTRL:00><N:｣:11:65>
31/S3024.DAT,0x476B8,14,high,1,inline_changed,,,,,,兵士 / おはいりください。
31/S3024.DAT,0x477C2,7,high,1,inline_changed,,,,,,外に出るの？
31/S3024.DAT,0x47802,19,high,1,original,,,,,,<CTRL:E5>”外に出る / <CTRL:E5>”やつっりやめるか
31/S3024.DAT,0x478B6,57,medium,1,original,,,,,,国<N:ﾉ:6:10>る<CTRL:00>ョ<N:ﾉ:6:10>る<CTRL:00> <CTRL:00><N:ｌ:6:0C><CTRL:00><N:*:7:0B><CTRL:00><N:．:2:0F><CTRL:00>，<CTRL:00>0<CTRL:00>”<CTRL:00><N:‐:2:0E><CTRL:00>”<CTRL:00>（<CTRL:00>が<CTRL:00>4<CTRL:00>’<CTRL:00><N:≠:16:04><CTRL:00>が<CTRL:00> <CTRL:00><N:＆:4:07><CTRL:00>’<CTRL:00>が<CTRL:00><N:X:20:06><CTRL:00><N:＆:4:07><CTRL:00> <CTRL:00>は<CTRL:00>”<CTRL:00><N:＆:4:07>
31/S3024.DAT,0x47F68,25,high,1,original,,,,,,攻撃 / <CTRL:E5>”アーク / <CTRL:E5>”ククル / <CTRL:E5>”トッシュ
31/S3024.DAT,0x47FD2,31,high,1,original,,,,,,防御 / <CTRL:E5>”がいこつ / <CTRL:E5>”よつっらい / <CTRL:E5>”あるまじろ
31/S3024.DAT,0x48052,42,high,1,original,,,,,,どうする？ / <CTRL:E5>”さいきょうこうげき / <CTRL:E5>”ふつうこうげき / <CTRL:E5>”よわいこうげき
31/S3024.DAT,0x48280,7,high,1,original,,,,,,<CTRL:E8><N:ﾉ:6:10>のダメージ
31/S3024.DAT,0x483DA,7,medium,1,original,,,,,,か<CTRL:00>て<CTRL:00>る<CTRL:00>が
31/S3024.DAT,0x483EC,7,medium,1,original,,,,,,か<CTRL:00>て<CTRL:00>る<CTRL:00>う
31/S3031.DAT,0x47A4C,24,high,1,e2_valid,0x81,0,22,22,1,兵士 / スメリアからの使者をおつれしました。
31/S3031.DAT,0x47AB0,40,high,1,e2_valid,0x82,1,38,38,1,ヤ<N:ク:12:80>ン / こんな子供の相手をさせられるとは / わしもばかにされたものだな。
31/S3031.DAT,0x47B9C,14,high,1,e2_valid,0x83,2,12,12,1,スメリアから来たアークです。
31/S3031.DAT,0x47BDC,49,high,1,e2_valid,0x84,3,47,47,1,ヤ<N:ク:12:80>ン / ミルマーナ国軍本部将軍のヤ<N:ク:12:80>ンです。 / トヨー<N:ゲ:16:DD6D>の森に行きたいんでしたな？
31/S3031.DAT,0x47C40,38,high,1,e2_valid,0x85,4,36,36,1,ヤ<N:ク:12:80>ン / しかしながら、それは子供には無理だな / 危険すぎる。
31/S3031.DAT,0x47C98,50,high,1,e2_valid,0x86,5,48,48,1,ヤ<N:ク:12:80>ン / まあわ<N:ざ:2:DD3D>わ<N:ざ:2:DD3D>来てもらつて / ご苦<N:労:5:DE50>なことだが / お帰りいただくしかないですな。
31/S3031.DAT,0x47D12,19,high,1,e2_valid,0x87,6,17,17,1,ちょつと、すいぶんな言い草じゃない。
31/S3031.DAT,0x47D5A,30,high,1,e2_valid,0x88,7,28,28,1,子供、子供つて / これでもスメリア王の命で来ているのよ。
31/S3031.DAT,0x47DAC,24,high,1,e2_valid,0x89,8,22,22,1,きちんと対するのが / すじつてもんじゃないの？
31/S3031.DAT,0x47E08,25,high,1,e2_valid,0x8A,9,23,23,1,ヤ<N:ク:12:80>ン / これは失礼しましたな、お嬢さん。
31/S3031.DAT,0x47E54,55,high,1,e2_valid,0x8B,10,53,53,1,ヤ<N:ク:12:80>ン / ただ、私は精霊の国から不思<N:犠:18:DDF4>な力を持つた戦士がいらつしゃると聞いていたものですから・・。
31/S3031.DAT,0x47EBE,41,high,1,e2_valid,0x8C,11,39,39,1,ヤ<N:ク:12:80>ン / しかも今、森はモンスターだらけで大変 / 危険な場所なんですよ。
31/S3031.DAT,0x47F1A,45,high,1,e2_valid,0x8D,12,43,43,1,ヤ<N:ク:12:80>ン / 使者の方が命でも落とされたら / それこそスメリア王に申しわけが立たない
31/S3031.DAT,0x47F8C,15,high,1,e2_valid,0x8E,13,13,13,1,ヤ<N:ク:12:80>ン / はつはつはつはつ。
31/S3031.DAT,0x47FDE,39,high,1,e2_valid,0x8F,14,37,37,1,今言つた、不思<N:犠:18:DDF4>な力を持つ戦士が俺達です。 / 年は<N:閤:15:DDB1>係ないでしょう？
31/S3031.DAT,0x4803A,41,high,1,e2_valid,0x90,15,39,39,1,そうよ。 / あんたみたいに / <N:腹:1:DF11>が出た将軍より / りつっに戦えるはすだわ！
31/S3031.DAT,0x480B0,40,high,1,e2_valid,0x91,16,38,38,1,ヤ<N:ク:12:80>ン / ・・いいでしょう。 / あなたがたの力を見せてもらいましょう。
31/S3031.DAT,0x4810A,30,high,1,e2_valid,0x92,17,28,28,1,ヤ<N:ク:12:80>ン / 最近はこの付近でもモンスターが現われる
31/S3031.DAT,0x4815A,42,high,1,e2_valid,0x93,18,40,40,1,ヤ<N:ク:12:80>ン / そこで、その力とやらを使つて / モンスターを倒していただきましょう。
31/S3031.DAT,0x481B6,45,high,1,e2_valid,0x94,19,43,43,1,ヤ<N:ク:12:80>ン / このあたりのモンスターも倒せないようでは、森にはとうてい行けませんからな。
31/S3031.DAT,0x48246,42,high,1,e2_valid,0x95,20,40,40,1,ヤ<N:ク:12:80>ン / この方達が、戦場を見学したいそうだ。 / おまえが同行してお見せしろ。
31/S3031.DAT,0x482A2,37,high,1,e2_valid,0x96,21,35,35,1,ヤ<N:ク:12:80>ン / もしものこがあつたら一大こだぞ。 / 心してお守りするのだ。
31/S3031.DAT,0x48308,49,high,1,e2_valid,0x97,22,47,47,1,ヤ<N:ク:12:80>ン / みなさんを / <N:ｌ:5:5B>ルワジの森へ、<N:ｌ:5:5B>センバラの沼へ / の2か所に案内させます。
31/S3031.DAT,0x4836C,30,high,1,e2_valid,0x98,23,28,28,1,ヤ<N:ク:12:80>ン / ますは、そこのモンスターと / 戦つてみて下さい。
31/S3031.DAT,0x483BC,33,high,1,e2_valid,0x99,24,31,31,1,ヤ<N:ク:12:80>ン / それでは、すばらしい戦果を期待して / おりますぞ。
31/S3031.DAT,0x4841E,13,high,1,e2_valid,0x9A,25,11,11,1,ヤ<N:ク:12:80>ン / お連れしろ。
31/S3031.DAT,0x4845E,8,high,1,e2_valid,0x9B,26,6,6,1,兵士 / はつ。
31/S3031.DAT,0x4861E,95,medium,1,original,,,,,,・ <N:‐:2:0E><CTRL:00>4<CTRL:00>（<CTRL:00><N:‐:2:0E><CTRL:00>”<CTRL:00>！<CTRL:00>か<CTRL:00><CTRL:F0><CTRL:FF><N:＄:1:05><CTRL:00>）<CTRL:00><N:‐:2:0E><CTRL:00><N:．:2:0F><CTRL:00><N:＄:1:05><CTRL:00>は<CTRL:00>（<CTRL:00>！<CTRL:00>シ<CTRL:00><N:ﾉ:6:10><CTRL:00><N:‐:2:0E><CTRL:00> <CTRL:00><N:．:2:0F><CTRL:00><N:*:7:0B><CTRL:00><N:X:20:06><CTRL:00>（<CTRL:00><N:‐:2:0E><CTRL:00><N:ﾉ:6:10><CTRL:00><N:＄:1:05><CTRL:00>は<CTRL:00>（<CTRL:00><N:‐:2:0E><CTRL:00><N:＄:1:05><CTRL:00><N:＄:1:05><CTRL:00>は<CTRL:00>（<CTRL:00><N:‐:2:0E><CTRL:00>0<CTRL:00><N:＄:1:05><CTRL:00>は<CTRL:00>（<CTRL:00><N:*:7:0B><CTRL:00><N:＄:1:05><CTRL:00><N:‐:2:0E><CTRL:00>）<CTRL:00>”<CTRL:00>も<CTRL:00><N:ﾉ:6:10><CTRL:00><N:‐:2:0E>
31/S3032.DAT,0x4794E,20,high,0,original,,,,,,これでもう子供扱いできないでしょう？
31/S3032.DAT,0x47994,40,high,0,original,,,,,,ヤ<N:ク:12:80>ン / わかりました。 / 森までの列車の乗車を許可しましょう。
31/S3032.DAT,0x479EE,32,high,0,original,,,,,,ヤ<N:ク:12:80>ン / ただし、あそこは / 我<N:く:18:DD06>でも手をやいている場所だ。
31/S3032.DAT,0x47A40,34,high,0,original,,,,,,ヤ<N:ク:12:80>ン / もしものこがあつても / 我<N:く:18:DD06>は責任をもちませんぞ。
31/S3032.DAT,0x47AA2,34,high,0,original,,,,,,わかつています。 / その時は、スメリア王には / そう伝えて下さい。
31/S3032.DAT,0x47AF8,4,high,0,original,,,,,,じゃっ。
31/S3032.DAT,0x47B62,37,high,0,original,,,,,,ヤ<N:ク:12:80>ン / 子供だと思つていたが / どうやら伝説の勇者かもしれん。
31/S3032.DAT,0x47BBA,28,high,0,original,,,,,,ヤ<N:ク:12:80>ン / 今のうちに始末したほうがよさそうだな。
31/S3032.DAT,0x47C3C,19,high,0,original,,,,,,モンスター / 私におまかせください。
31/S3032.DAT,0x47C8E,28,high,0,original,,,,,,ヤ<N:ク:12:80>ン / よし、お前がやつらを森まで案内してやれ
31/S3032.DAT,0x47CDC,19,high,0,original,,,,,,ヤ<N:ク:12:80>ン / そして森で始末しろ。
31/S3032.DAT,0x47D2E,16,high,0,original,,,,,,モンスター / 承知しました。
31/S3032.DAT,0x47F08,95,medium,0,original,,,,,,・ <N:‐:2:0E><CTRL:00>4<CTRL:00>（<CTRL:00><N:‐:2:0E><CTRL:00>”<CTRL:00>！<CTRL:00>か<CTRL:00><CTRL:F0><CTRL:FF><N:＄:1:05><CTRL:00>）<CTRL:00><N:‐:2:0E><CTRL:00><N:．:2:0F><CTRL:00><N:＄:1:05><CTRL:00>は<CTRL:00>（<CTRL:00>！<CTRL:00>シ<CTRL:00><N:ﾉ:6:10><CTRL:00><N:‐:2:0E><CTRL:00> <CTRL:00><N:．:2:0F><CTRL:00><N:*:7:0B><CTRL:00><N:X:20:06><CTRL:00>（<CTRL:00><N:‐:2:0E><CTRL:00><N:ﾉ:6:10><CTRL:00><N:＄:1:05><CTRL:00>は<CTRL:00>（<CTRL:00><N:‐:2:0E><CTRL:00><N:＄:1:05><CTRL:00><N:＄:1:05><CTRL:00>は<CTRL:00>（<CTRL:00><N:‐:2:0E><CTRL:00>0<CTRL:00><N:＄:1:05><CTRL:00>は<CTRL:00>（<CTRL:00><N:*:7:0B><CTRL:00><N:＄:1:05><CTRL:00><N:‐:2:0E><CTRL:00>）<CTRL:00>”<CTRL:00>も<CTRL:00><N:ﾉ:6:10><CTRL:00><N:‐:2:0E>
32/S3051.DAT,0x471EE,49,medium,0,original,,,,,,<CTRL:00><N:ъ:14:1A><CTRL:00>し<CTRL:00>す<CTRL:00><N:．:2:0F><CTRL:00>う<CTRL:00> <CTRL:00>ん<CTRL:00><N:ｃ:12:16><CTRL:00>は<CTRL:00><N:．:2:0F> に<CTRL:00>す<CTRL:00><N:ﾉ:6:10><CTRL:00>う<CTRL:00> <CTRL:00>ん<CTRL:00><N:ｃ:9:17><CTRL:00>は<CTRL:00><N:．:2:0F> に<CTRL:00> <CTRL:00>・ か<CTRL:00>
32/S3051.DAT,0x47212,13,medium,0,original,,,,,,は<CTRL:00><N:．:2:0F> に<CTRL:00> <CTRL:00>・ か<CTRL:00>
32/S3051.DAT,0x473EA,49,medium,0,original,,,,,,<CTRL:00><N:ъ:14:1A><CTRL:00>し<CTRL:00>す<CTRL:00><N:．:2:0F><CTRL:00>う<CTRL:00> <CTRL:00>ん<CTRL:00><N:ｃ:12:16><CTRL:00>は<CTRL:00>，！に<CTRL:00>す<CTRL:00><N:ﾉ:6:10><CTRL:00>う<CTRL:00> <CTRL:00>ん<CTRL:00><N:ｃ:9:17><CTRL:00>は<CTRL:00>，！に<CTRL:00> <CTRL:00>が！か<CTRL:00>
32/S3051.DAT,0x4740E,13,medium,0,original,,,,,,は<CTRL:00>，！に<CTRL:00> <CTRL:00>が！か<CTRL:00>
32/S3051.DAT,0x4760E,21,medium,0,original,,,,,,<CTRL:00><N:ъ:14:1A><CTRL:00>し<CTRL:00>す<CTRL:00><N:*:7:0B><CTRL:00><N:ｃ:9:17><CTRL:00>す<CTRL:00>”<CTRL:00>う<CTRL:00> <CTRL:00>ま
32/S3051.DAT,0x4761A,9,medium,0,original,,,,,,す<CTRL:00>”<CTRL:00>う<CTRL:00> <CTRL:00>ま
32/S3051.DAT,0x47886,21,medium,0,original,,,,,,<CTRL:00><N:ъ:14:1A><CTRL:00>し<CTRL:00>す<CTRL:00><N:*:7:0B><CTRL:00><N:ｃ:9:17><CTRL:00>す<CTRL:00>”<CTRL:00>う<CTRL:00> <CTRL:00>ま
32/S3051.DAT,0x47892,9,medium,0,original,,,,,,す<CTRL:00>”<CTRL:00>う<CTRL:00> <CTRL:00>ま
32/S3051.DAT,0x47A9E,21,medium,0,original,,,,,,<CTRL:00><N:ъ:14:1A><CTRL:00>し<CTRL:00>す<CTRL:00><N:*:7:0B><CTRL:00><N:ｃ:9:17><CTRL:00>す<CTRL:00>”<CTRL:00>う<CTRL:00> <CTRL:00>ま
32/S3051.DAT,0x47AAA,9,medium,0,original,,,,,,す<CTRL:00>”<CTRL:00>う<CTRL:00> <CTRL:00>ま
32/S3051.DAT,0x47C8E,21,medium,0,original,,,,,,<CTRL:00><N:ъ:14:1A><CTRL:00>し<CTRL:00>す<CTRL:00><N:*:7:0B><CTRL:00><N:ｃ:9:17><CTRL:00>す<CTRL:00>”<CTRL:00>う<CTRL:00> <CTRL:00>ま
32/S3051.DAT,0x47C9A,9,medium,0,original,,,,,,す<CTRL:00>”<CTRL:00>う<CTRL:00> <CTRL:00>ま
32/S3051.DAT,0x47D8E,7,medium,0,original,,,,,,<CTRL:00><N:ъ:14:1A><CTRL:00>し<CTRL:00>
32/S3051.DAT,0x480EC,9,medium,0,original,,,,,,す<CTRL:00>”<CTRL:00>う<CTRL:00> <CTRL:00>ま
32/S3051.DAT,0x481A0,9,medium,0,original,,,,,,す<CTRL:00>”<CTRL:00>う<CTRL:00> <CTRL:00>ま
32/S3051.DAT,0x482CE,9,medium,0,original,,,,,,す<CTRL:00>”<CTRL:00>う<CTRL:00> <CTRL:00>ま
32/S3051.DAT,0x484E2,9,medium,0,original,,,,,,す<CTRL:00>”<CTRL:00>う<CTRL:00> <CTRL:00>ま
32/S3051.DAT,0x48582,9,medium,0,original,,,,,,す<CTRL:00>”<CTRL:00>う<CTRL:00> <CTRL:00>ま
32/S3051.DAT,0x485F8,9,medium,0,original,,,,,,す<CTRL:00>”<CTRL:00>う<CTRL:00> <CTRL:00>ま
32/S3051.DAT,0x486F4,9,medium,0,original,,,,,,す<CTRL:00>”<CTRL:00>う<CTRL:00> <CTRL:00>ま
32/S3051.DAT,0x48A20,9,medium,0,original,,,,,,す<CTRL:00>”<CTRL:00>う<CTRL:00> <CTRL:00>ま
32/S3051.DAT,0x48D62,28,high,0,original,,,,,,兵士 / ここからはモンスターが出る危険な場所です。
32/S3051.DAT,0x48DB0,19,high,0,original,,,,,,兵士 / <N:離:3:DE88>れすついて来てください。
32/S3051.DAT,0x48E70,23,high,0,original,,,,,,このあたりで / 消えたんだけどなっ・・。
32/S3061.DAT,0x478D6,11,high,0,original,,,,,,なんてきれいな所なの。
32/S3061.DAT,0x47916,13,high,0,original,,,,,,まるで別の森みたいだ。
32/S3061.DAT,0x4795E,49,high,0,original,,,,,,かつては森全部がここと同じでした。 / あなたたち人聞が、あのようにして / しまつたのです。
32/S3061.DAT,0x47A9C,20,high,0,original,,,,,,ベみの精霊 / まつていましたよアーク。
32/S3061.DAT,0x47AE4,5,high,0,original,,,,,,まつてた？
32/S3061.DAT,0x47B1C,42,high,0,original,,,,,,ベみの精霊 / そう、20年前あなたのお父さんを助けてから、すうつとこの日をね。
32/S3061.DAT,0x47B7A,8,high,0,original,,,,,,父さんがここに？
32/S3061.DAT,0x47BB4,48,high,0,original,,,,,,ベみの精霊 / そう、スメリアの皇太子だつた / ヨシュア王子、<CTRL:E4>つ / あなたのお父さんよ。
32/S3061.DAT,0x47C18,33,high,0,original,,,,,,えー！！ / アークのお父さんが、 / 王様だつたかもしれないの？
32/S3061.DAT,0x47C6E,15,high,0,original,,,,,,なぜ、父さんは王家を出たの？
32/S3061.DAT,0x47CB0,48,high,0,original,,,,,,ベみの精霊 / ヨシュアは、この国で殺されかけたの、 / 次の国王であるという理由でね。
32/S3061.DAT,0x47D12,40,high,0,original,,,,,,ベみの精霊 / ひどい傷をおつてこの森に逃げ込んだ彼を私が助けたの。
32/S3061.DAT,0x47D6C,59,high,0,original,,,,,,ベみの精霊 / ところが、意識（いしき）を取り戻した / ヨシュアの<G:DE13:493>から出たのは、死を望む言葉だつた。
32/S3061.DAT,0x47DDA,33,high,0,original,,,,,,ベみの精霊 / 彼は人聞同士の争いに / つかれていたのです。
32/S3061.DAT,0x47E2E,57,high,0,original,,,,,,ベみの精霊 / そしてまた、それによつてこの世界が / 破壊（はかい）されて<G:DD04:223>くこに絶望して / いたの。
32/S3061.DAT,0x47EA2,26,high,0,original,,,,,,ちょつと待つて！<CTRL:E4><N:*:7:0B> / 人は本当に滅亡するの？
32/S3061.DAT,0x47EEE,38,high,0,original,,,,,,ベみの精霊 / 人は、自らをこの世界の支配者と / 思い込んでいます。
32/S3061.DAT,0x47F46,52,high,0,original,,,,,,ベみの精霊 / この世界に生まれ、文明を築き<N:栄:1:DF55>えるのを当たり前のことだと思つているのです。
32/S3061.DAT,0x47FAC,39,high,0,original,,,,,,ベみの精霊 / そして、世界を自らの欲望のままに破壊し始めました。
32/S3061.DAT,0x4802C,21,high,0,original,,,,,,すベての人聞が / 悪い訳じゃないさ！
32/S3061.DAT,0x48074,69,high,0,original,,,,,,ベみの精霊 / ヨシュアも同じこを言いました。 / ですから、私は彼に最後の希望（き<G:D2:209>う）と試練（しれん）をあたえたのです。
32/S3061.DAT,0x480EC,24,high,0,original,,,,,,ベみの精霊 / 人の未来を無くさないための。
32/S3061.DAT,0x48136,37,high,0,original,,,,,,ベみの精霊 / そして、彼はそのカ<N:午:19:DDB6>をあなたにたくして戦つているのです
32/S3061.DAT,0x48190,27,high,0,original,,,,,,そんなこ言われたつて、 / どうすればいいのか・・。
32/S3061.DAT,0x481DE,38,high,0,original,,,,,,ベみの精霊 / あなたが、何をしなくてはならないかは、あなたが決めるこです。
32/S3061.DAT,0x48236,42,high,0,original,,,,,,ベみの精霊 / あなたが何を見て、どう行動するかが / 人類の運命を変えるのです
32/S3061.DAT,0x48292,57,high,0,original,,,,,,ベみの精霊 / これを受け取りなさい。 / あなたに渡してほしいと / ヨシュアからあすかつていたものです。
32/S3061.DAT,0x48302,16,high,0,original,,,,,,<N:ｌ:5:5B>勇者の証しへを手に入れた。
32/S3061.DAT,0x48344,32,high,0,original,,,,,,ベみの精霊 / さあ、 / スメリアのトウウ<N:ｲ:6:DD03>ルに戻りなさい。
32/S3061.DAT,0x48396,39,high,0,original,,,,,,ベみの精霊 / あなたのお父さんが、道標（みちしるベ）を<N:示:2:DE6F>すでしょう。
32/S3061.DAT,0x48450,25,high,0,original,,,,,,父さんは・、 / 父さんは生きているのかい？
32/S3061.DAT,0x484CE,12,high,0,original,,,,,,スメリアに戻りましょう。
32/S3061.DAT,0x4850E,23,high,0,original,,,,,,お父さんが生きていれば、 / きつと会えるよ。
32/S3061.DAT,0x4855A,23,high,0,original,,,,,,でも、何か大変な話になつて / 来ちゃつたね。
32/S3061.DAT,0x485B4,12,high,0,original,,,,,,よし、スメリアに戻るぞ！
32/S3062.DAT,0x47D3A,38,high,0,original,,,,,,ベみの精霊 / あなたが、何をしなくてはならないかは、あなたが決めるこです。
32/S3062.DAT,0x47D92,41,high,0,original,,,,,,ベみの精霊 / あなたが何を見て、どう行動するかが人類の運命を変えるのです。
32/S3062.DAT,0x47DEE,39,high,0,original,,,,,,ベみの精霊 / これから起こることを見、聞き、そして考えて行動するのです。
32/S3062.DAT,0x47E48,27,high,0,original,,,,,,ベみの精霊 / さっ、トウウ<N:ｲ:6:DD03>ルへ向かいなさい。
32/S3062.DAT,0x47E9A,15,high,0,original,,,,,,<N:ｌ:5:5B>万能薬へを手に入れた。
32/S3063.DAT,0x47D2A,43,high,0,original,,,,,,ベみの精霊 / 光の精霊は<N:ｃ:12:16>大精霊のなかでも / 一番人聞に理解のある精霊です。
32/S3063.DAT,0x47D88,41,high,0,original,,,,,,ベみの精霊 / 彼は、あそこで、あなたがたの<N:麿:16:DE23><N:史:5:DE3A>を / 見続けていたのです。
32/S3063.DAT,0x47DE4,33,high,0,original,,,,,,ベみの精霊 / <N:忘:1:DD48>れられても、<CTRL:E4>よとじこめられても・・。<CTRL:E4>よ
32/S3063.DAT,0x47E38,34,high,0,original,,,,,,ベみの精霊 / 彼の言葉を、よくかみしめて / 行動するのですよ。
32/S3063.DAT,0x47E94,27,high,0,original,,,,,,ベみの精霊 / さっ、<N:ク:12:80><N:リ:12:6F><N:｣:11:65>シーヌへ向かいなさい。
32/S3063.DAT,0x47EE6,15,high,0,original,,,,,,<N:ｌ:5:5B>万能薬へを手に入れた。
32/S3064.DAT,0x47D2A,33,high,0,original,,,,,,ベみの精霊 / 全てのものは自分達だけのものだという気持ちが、
32/S3064.DAT,0x47D7E,30,high,0,original,,,,,,ベみの精霊 / 遂には争いによる奪いあいを生みます。
32/S3064.DAT,0x47DCE,30,high,0,original,,,,,,ベみの精霊 / 土の精霊の言葉を、<N:忘:1:DD48>れないでください。
32/S3064.DAT,0x47E22,15,high,0,original,,,,,,<N:ｌ:5:5B>万能薬へを手に入れた。
32/S3065.DAT,0x47D2A,54,high,0,original,,,,,,ベみの精霊 / 日の光もあめも、そして、風も / すベて理由があつて / 今のようになつているのです。
32/S3065.DAT,0x47D92,58,high,0,original,,,,,,ベみの精霊 / 人に都合がよくても全ての生き物にはあてはまらない。風の精霊はそのこを言いたかつたんですよ。
32/S3065.DAT,0x47E02,15,high,0,original,,,,,,<N:ｌ:5:5B>万能薬へを手に入れた。
32/S3066.DAT,0x47D2A,69,high,0,original,,,,,,ベみの精霊 / この森も、アリバーシャの砂漠も / 一度崩れてしまつた自然のバランスは / 壊す時ほどは簡単に戻りません。
32/S3066.DAT,0x47DA2,46,high,0,original,,,,,,ベみの精霊 / そして、その者の子供は / 長い時聞を経て / その罪のおもさを知ります。
32/S3066.DAT,0x47E02,22,high,0,original,,,,,,ベみの精霊 / でも、それではおそいのです。
32/S3066.DAT,0x47E4A,50,high,0,original,,,,,,ベみの精霊 / アリバーシャのかわいた土地と / 水の精霊の言葉を / 心にとめておいてください。
32/S3066.DAT,0x47EB2,15,high,0,original,,,,,,<N:ｌ:5:5B>万能薬へを手に入れた。
32/S3067.DAT,0x47D2A,42,high,0,original,,,,,,ベみの精霊 / 生きる者全ては / エ<N:ネ:13:DDC6>ル<N:午:19:DDB6>ーを自分の中に持つています。
32/S3067.DAT,0x47D86,57,high,0,original,,,,,,ベみの精霊 / しかし、人は時には自然から / 時には人からも奪い取り / 自分のエ<N:ネ:13:DDC6>ル<N:午:19:DDB6>ーを高めます。
32/S3067.DAT,0x47DF2,33,high,0,original,,,,,,ベみの精霊 / エ<N:ネ:13:DDC6>ル<N:午:19:DDB6>ーは / この世界をまわつています。
32/S3067.DAT,0x47E46,35,high,0,original,,,,,,ベみの精霊 / 誰かだけが奪い / ひとりじめしてはならないのです。
32/S3067.DAT,0x47E9C,36,high,0,original,,,,,,ベみの精霊 / 炎の精霊の姿に涙した / あなた達にはわかるはすです。
32/S3067.DAT,0x47EF6,15,high,0,original,,,,,,<N:ｌ:5:5B>万能薬へを手に入れた。
32/S3068.DAT,0x47E20,36,high,0,original,,,,,,ベみの精霊 / よくいままで私の言葉に / 耳をかたむけてくれました。
32/S3068.DAT,0x47E76,34,high,0,original,,,,,,ベみの精霊 / あなた達ならば / 人聞を導くことができるでしょう。
32/S3068.DAT,0x47EE8,23,high,0,original,,,,,,ベみの精霊 / さっ、私からのおくり物です。
32/S3068.DAT,0x47F3A,26,high,0,original,,,,,,ベみの精霊 / もうあなた達に話すことはありません。
32/S3068.DAT,0x47F86,47,high,0,original,,,,,,ベみの精霊 / 身を持つて知つた経験を生かして / 正しい道をみつけて進みなさい。
32/S3068.DAT,0x47FE8,19,high,0,original,,,,,,ベみの精霊 / 私はいつもみています。
32/S3068.DAT,0x48032,15,high,0,original,,,,,,<N:ｌ:5:5B>万能薬へを手に入れた。
4/S4011.DAT,0x469EE,49,medium,0,original,,,,,,<CTRL:00><N:ъ:14:1A><CTRL:00>し<CTRL:00>す<CTRL:00><N:．:2:0F><CTRL:00>う<CTRL:00> <CTRL:00>ん<CTRL:00><N:ｃ:12:16><CTRL:00>は<CTRL:00><N:．:2:0F> に<CTRL:00>す<CTRL:00><N:ﾉ:6:10><CTRL:00>う<CTRL:00> <CTRL:00>ん<CTRL:00><N:ｃ:9:17><CTRL:00>は<CTRL:00><N:．:2:0F> に<CTRL:00> <CTRL:00>・ か<CTRL:00>
4/S4011.DAT,0x46A12,13,medium,0,original,,,,,,は<CTRL:00><N:．:2:0F> に<CTRL:00> <CTRL:00>・ か<CTRL:00>
4/S4011.DAT,0x46BEA,49,medium,0,original,,,,,,<CTRL:00><N:ъ:14:1A><CTRL:00>し<CTRL:00>す<CTRL:00><N:．:2:0F><CTRL:00>う<CTRL:00> <CTRL:00>ん<CTRL:00><N:ｃ:12:16><CTRL:00>は<CTRL:00>，！に<CTRL:00>す<CTRL:00><N:ﾉ:6:10><CTRL:00>う<CTRL:00> <CTRL:00>ん<CTRL:00><N:ｃ:9:17><CTRL:00>は<CTRL:00>，！に<CTRL:00> <CTRL:00>が！か<CTRL:00>
4/S4011.DAT,0x46C0E,13,medium,0,original,,,,,,は<CTRL:00>，！に<CTRL:00> <CTRL:00>が！か<CTRL:00>
4/S4011.DAT,0x46E0E,21,medium,0,original,,,,,,<CTRL:00><N:ъ:14:1A><CTRL:00>し<CTRL:00>す<CTRL:00><N:*:7:0B><CTRL:00><N:ｃ:9:17><CTRL:00>す<CTRL:00>”<CTRL:00>う<CTRL:00> <CTRL:00>ま
4/S4011.DAT,0x46E1A,9,medium,0,original,,,,,,す<CTRL:00>”<CTRL:00>う<CTRL:00> <CTRL:00>ま
4/S4011.DAT,0x47086,21,medium,0,original,,,,,,<CTRL:00><N:ъ:14:1A><CTRL:00>し<CTRL:00>す<CTRL:00><N:*:7:0B><CTRL:00><N:ｃ:9:17><CTRL:00>す<CTRL:00>”<CTRL:00>う<CTRL:00> <CTRL:00>ま
4/S4011.DAT,0x47092,9,medium,0,original,,,,,,す<CTRL:00>”<CTRL:00>う<CTRL:00> <CTRL:00>ま
4/S4011.DAT,0x4729E,21,medium,0,original,,,,,,<CTRL:00><N:ъ:14:1A><CTRL:00>し<CTRL:00>す<CTRL:00><N:*:7:0B><CTRL:00><N:ｃ:9:17><CTRL:00>す<CTRL:00>”<CTRL:00>う<CTRL:00> <CTRL:00>ま
4/S4011.DAT,0x472AA,9,medium,0,original,,,,,,す<CTRL:00>”<CTRL:00>う<CTRL:00> <CTRL:00>ま
4/S4011.DAT,0x4748E,21,medium,0,original,,,,,,<CTRL:00><N:ъ:14:1A><CTRL:00>し<CTRL:00>す<CTRL:00><N:*:7:0B><CTRL:00><N:ｃ:9:17><CTRL:00>す<CTRL:00>”<CTRL:00>う<CTRL:00> <CTRL:00>ま
4/S4011.DAT,0x4749A,9,medium,0,original,,,,,,す<CTRL:00>”<CTRL:00>う<CTRL:00> <CTRL:00>ま
4/S4011.DAT,0x4758E,7,medium,0,original,,,,,,<CTRL:00><N:ъ:14:1A><CTRL:00>し<CTRL:00>
4/S4011.DAT,0x478EC,9,medium,0,original,,,,,,す<CTRL:00>”<CTRL:00>う<CTRL:00> <CTRL:00>ま
4/S4011.DAT,0x479A0,9,medium,0,original,,,,,,す<CTRL:00>”<CTRL:00>う<CTRL:00> <CTRL:00>ま
4/S4011.DAT,0x47ACE,9,medium,0,original,,,,,,す<CTRL:00>”<CTRL:00>う<CTRL:00> <CTRL:00>ま
4/S4011.DAT,0x47CE2,9,medium,0,original,,,,,,す<CTRL:00>”<CTRL:00>う<CTRL:00> <CTRL:00>ま
4/S4011.DAT,0x47D82,9,medium,0,original,,,,,,す<CTRL:00>”<CTRL:00>う<CTRL:00> <CTRL:00>ま
4/S4011.DAT,0x47DF8,9,medium,0,original,,,,,,す<CTRL:00>”<CTRL:00>う<CTRL:00> <CTRL:00>ま
4/S4011.DAT,0x47EF4,9,medium,0,original,,,,,,す<CTRL:00>”<CTRL:00>う<CTRL:00> <CTRL:00>ま
4/S4011.DAT,0x48220,9,medium,0,original,,,,,,す<CTRL:00>”<CTRL:00>う<CTRL:00> <CTRL:00>ま
4/S4011.DAT,0x48586,14,medium,0,original,,,,,,地下<N:牢:2:DE21>はこの下の階だよ。
4/S4011.DAT,0x485E8,33,high,0,original,,,,,,兵士1 / 大王が最も恐<CTRL:E1> れていた国とは / とても思えんな。
4/S4011.DAT,0x4863C,24,high,0,original,,,,,,兵士2 / ああ、王家の力も落ちている。
4/S4011.DAT,0x48686,40,high,0,original,,,,,,兵士3 / このままいけば、俺達が何もしなくても / 内部からくさつていくさ。
4/S4011.DAT,0x486E0,25,high,0,original,,,,,,兵士1 / ます、パ<N:リ:12:6F>ンシアの大掃<N:除:2:DF35>からだな。
4/S4011.DAT,0x4873C,14,high,0,original,,,,,,てめえらだけは<G:DD04:223>るさね<N:ぇ:2:C0>！
4/S4011.DAT,0x4879C,25,high,0,original,,,,,,兵士1 / どうやつて出て来た、死にぞこないが。
4/S4011.DAT,0x487EA,36,high,0,original,,,,,,てめえらのような / 人の命を何とも思わね<N:ぇ:2:C0>ヤツ等をぶつ殺すまでは、
4/S4011.DAT,0x48842,19,high,0,original,,,,,,殺されるわけには / いかね<N:ぇ:2:C0>んだよ。
4/S4011.DAT,0x48888,33,high,0,original,,,,,,兵士2 / 人の命？ / おまえ等人聞の時代はもう終わるんだ。
4/S4011.DAT,0x488DE,37,high,0,original,,,,,,つベこベぬかしてるんじゃね<N:ぇ:2:C0>！かたつっしから / ぶつた斬つてやる！
4/S4011.DAT,0x48936,31,high,0,original,,,,,,兵士1 / よかろう！人聞の<N:非:1:DE5A>力さを / 思い知らせてやろう。
4/S4011.DAT,0x4898E,8,high,0,original,,,,,,化け物がつ！
4/S4011.DAT,0x48A24,5,high,0,original,,,,,,うげ<N:ぇ:2:C0>あ。
4/S4011.DAT,0x48A6C,30,high,0,original,,,,,,どうなつてるんだ？ / 兵士がモンスターだなんて・・？
4/S4011.DAT,0x48ABE,33,high,0,original,,,,,,モンスター対罪人・<CTRL:E4><N:*:7:0B>・<CTRL:E4><N:*:7:0B>・<CTRL:E4><N:*:7:0B> / どつちが悪いやつなの？
4/S4011.DAT,0x48B1A,17,high,0,original,,,,,,鏡が・・光つてる・・。
4/S4011.DAT,0x48B60,3,high,0,original,,,,,,鏡？
4/S4011.DAT,0x48B98,32,high,0,original,,,,,,一族に伝わるもので、勇者を導く力があると言われているの。
4/S4011.DAT,0x48BEC,35,high,0,original,,,,,,彼にも精霊（せいれい）の力が / 宿（やど）つているみたい・・。
4/S4011.DAT,0x48C44,20,high,0,original,,,,,,戦う相手は決まつたな。 / いくぞ！
4/S4011.DAT,0x48CD6,45,high,0,original,,,,,,何だか知らね<N:ぇ:2:C0>が / 力がみなぎつてきた。 / <CTRL:E4>つもうてめえらに負ける気が / しないぜ！
4/S4011.DAT,0x48D4C,21,high,0,original,,,,,,この国を、 / 化け物にはわたさないぞ！
4/S4011.DAT,0x48E64,30,high,0,original,,,,,,城の兵隊にまでモンスターが / 化けてるなんて・・。
4/S4011.DAT,0x48EC4,21,high,0,original,,,,,,ところであなた、 / どうして<N:捕:1:DE91>まつたの？
4/S4011.DAT,0x48F24,13,high,0,original,,,,,,おまえらには<N:閤:15:DDB1>係ない。
4/S4011.DAT,0x48F6C,14,high,0,original,,,,,,俺には<N:閤:15:DDB1>わらない方がいい。
4/S4011.DAT,0x48FC2,13,high,0,original,,,,,,一応、礼をいつとくぜ。
4/S4012.DAT,0x4782A,5,medium,0,original,,,,,,る<CTRL:00>の<CTRL:00><N:X:20:06>
4/S4012.DAT,0x4796C,11,high,0,original,,,,,,きつと何かあるはすだ。
4/S4012.DAT,0x47A9A,7,high,0,original,,,,,,よし、行くぞ！
4/S4013.DAT,0x4782A,5,medium,0,original,,,,,,る<CTRL:00>の<CTRL:00><N:X:20:06>
4/S4013.DAT,0x47952,29,medium,0,original,,,,,,<CTRL:00><CTRL:F0><CTRL:FF>”<CTRL:00> <CTRL:00><N:ﾉ:6:10><CTRL:00>”<CTRL:00> <CTRL:00><N:ﾉ:6:10><CTRL:00>”<CTRL:00> <CTRL:00><CTRL:F0><CTRL:FF>）<CTRL:00>老<CTRL:00>（<CTRL:00>！
4/S4013.DAT,0x4797C,3,medium,0,original,,,,,,（<CTRL:00>！
4/S4013.DAT,0x479A6,3,medium,0,original,,,,,,（<CTRL:00>！
4/S4021.DAT,0x47900,5,medium,0,original,,,,,,！<CTRL:00>っ！て
4/S4021.DAT,0x47992,32,high,0,original,,,,,,兵士1 / パ<N:リ:12:6F>ンシアきつての用心棒も / <N:ざ:2:DD3D>まあね<N:ぇ:2:C0>な。
4/S4021.DAT,0x479E4,31,high,0,original,,,,,,兵士2 / おとなしくしてくれたんで / <N:卞:12:DEFF>ント助かつたぜ。
4/S4021.DAT,0x47A38,7,high,0,original,,,,,,俺をどうする？
4/S4021.DAT,0x47A72,10,high,0,original,,,,,,兵士1 / さあな。
4/S4021.DAT,0x47AB0,23,high,0,original,,,,,,いつたいお前等 / この国をどうする気なんだ。
4/S4021.DAT,0x47AFA,25,high,0,original,,,,,,兵士2 / 改造するのさ、住みやすくな。
4/S4021.DAT,0x47B4C,14,high,0,original,,,,,,兵士2 / はつはつはつは。
4/S4021.DAT,0x47B8E,30,high,0,original,,,,,,何が改造だ。 / 住んでる人聞を何だと / 思つてやがる！
4/S4021.DAT,0x47BE4,28,high,0,original,,,,,,兵士1 / せいぜいほ<N:ざ:2:DD3D>いてればいいさ / じゃあな。
4/S4021.DAT,0x47D68,65,medium,0,original,,,,,,・ <N:‐:2:0E><CTRL:00>0<CTRL:00>！<CTRL:00>か<CTRL:00><N:ﾉ:6:10><CTRL:00><N:‐:2:0E><CTRL:00>2<CTRL:00>（<CTRL:00><N:‐:2:0E><CTRL:00> <CTRL:00>（<CTRL:00><N:‐:2:0E><CTRL:00>’<CTRL:00>！<CTRL:00>や <CTRL:F0><CTRL:FF>（<CTRL:00><N:‐:2:0E><CTRL:00><N:X:20:06><CTRL:00>（<CTRL:00><N:‐:2:0E><CTRL:00><N:＆:4:07><CTRL:00>（<CTRL:00><N:‐:2:0E><CTRL:00>’<CTRL:00>！<CTRL:00>や <CTRL:F0><CTRL:FF>（<CTRL:00><N:‐:2:0E><CTRL:00>！<CTRL:00>（
4/S4022.DAT,0x47986,21,high,0,original,,,,,,兵士1 / おまえのあつかいが決まつたぞ。
4/S4022.DAT,0x479CE,12,high,0,original,,,,,,兵士2 / 死刑だ。
4/S4022.DAT,0x47A0C,40,high,0,original,,,,,,兵士2 / 大臣の進めているパ<N:リ:12:6F>ンシアの改造計画にたてついた罪でな。
4/S4022.DAT,0x47A68,25,high,0,original,,,,,,おまえら、約束だけは守つてくれるんだろうな！
4/S4022.DAT,0x47AB4,18,high,0,original,,,,,,兵士1 / 約束？なんだそりゃ？
4/S4022.DAT,0x47AFA,33,high,0,original,,,,,,親分と弟分どもの命と / 引き替えに / 俺はこうしてるんだ。
4/S4022.DAT,0x47B4E,36,high,0,original,,,,,,兵士1 / あっ、あのよ<G:D2:209>よ<G:D2:209>のじいさんとフヌ<N:ゲ:16:DD6D>の小僧共のこか？
4/S4022.DAT,0x47BA4,25,high,0,original,,,,,,兵士1 / 今頃は仲良くあの世にいつてるぜ。
4/S4022.DAT,0x47BF6,19,high,0,original,,,,,,兵士2 / しかし、よく燃えたなっ。
4/S4022.DAT,0x47C4A,9,high,0,original,,,,,,兵士1 / あっ。
4/S4022.DAT,0x47C90,11,high,0,original,,,,,,きさまらっ・・！！
4/S4022.DAT,0x47CEA,24,high,0,original,,,,,,兵士1 / <N:怒:1:DE5D>つた所でどうしようもね<N:ぇ:2:C0>だろう。
4/S4022.DAT,0x47D34,37,high,0,original,,,,,,兵士1 / 決行は明日だ。 / す<N:く:4:DDB7>にあいつらと一緒の所へ行けるさ。
4/S4022.DAT,0x47D9A,29,high,0,original,,,,,,兵士2 / それまでせいぜい、 / くやしがつてるがいいさ。
4/S4022.DAT,0x47E1E,26,high,0,original,,,,,,親分・・・。 / 弟分たち・・・。
4/S4031.DAT,0x4798E,28,high,0,original,,,,,,母さん・<CTRL:E4><N:*:7:0B>・<CTRL:E4><N:*:7:0B>・<CTRL:E4><N:*:7:0B> / どこにいつたんだ・・？
4/S4031.DAT,0x479E6,23,high,0,original,,,,,,アーク、なにが・・ / 一体何が・・？
4/S4031.DAT,0x47A3A,7,high,0,original,,,,,,村の様子は？
4/S4031.DAT,0x47A76,21,high,0,original,,,,,,だれもいない。 / もぬけのカラだよ。
4/S4031.DAT,0x47AC0,20,high,0,original,,,,,,何かとつても大きな力が動いてるみたいね。
4/S4031.DAT,0x47B0E,33,high,0,original,,,,,,ちくしょう！ / 俺は・<CTRL:E4><N:*:7:0B>・<CTRL:E4><N:*:7:0B>・<CTRL:E4><N:*:7:0B> / 俺はどうしたらいいんだ！
4/S4031.DAT,0x47B76,35,high,0,original,,,,,,配達人 / あんたがアークさん？<CTRL:E4>て / あんたあての手紙だよ。<CTRL:E4>そ
4/S4031.DAT,0x47C0A,11,high,0,original,,,,,,父さんからだ・・。
4/S4031.DAT,0x47C50,3,high,0,original,,,,,,アーク
4/S4031.DAT,0x47C86,37,high,0,original,,,,,,おまえのうわさが私のもとにとどいた。 / あれからもう10年、早いものだ。
4/S4031.DAT,0x47CDE,40,high,0,original,,,,,,ミルマーナの精霊から聞いているだろう / 人の<N:麿:16:DE23><N:史:5:DE3A>が終ろうとしているのだ。
4/S4031.DAT,0x47D38,40,high,0,original,,,,,,我<N:く:18:DD06>を救う<N:ｌ:5:5B>聖柩へはスメリアにある。 / しかし、その力を手に入れる為には
4/S4031.DAT,0x47D92,41,high,0,original,,,,,,この世界を形作るさま<N:ざ:2:DD3D>まな精霊達の / 了解を得なくてはならないのだ。
4/S4031.DAT,0x47DEE,32,high,0,original,,,,,,しかし彼らの多くは人に裏切られ / 心をと<N:ざ:2:DD3D>している。
4/S4031.DAT,0x47E40,26,high,0,original,,,,,,おまえには、精霊を欲望にみちた者達から救い出し
4/S4031.DAT,0x47E8C,31,high,0,original,,,,,,精霊にもう一度心を<N:閂:11:DDE0>かせる役目を / 果たして欲しい。
4/S4031.DAT,0x47EDE,28,high,0,original,,,,,,確かに私は一度は人聞というものに / 失望したが、
4/S4031.DAT,0x47F2C,27,high,0,original,,,,,,やはりそれでも / 人聞はすばらしいものだと思つている。
4/S4031.DAT,0x47F7A,40,high,0,original,,,,,,おまえのこれからの旅の助けになる / 古の伝記は、トウウ<N:ｲ:6:DD03>ルのおくの
4/S4031.DAT,0x47FD4,26,high,0,original,,,,,,オルカスの丘のストーンサークルに残されている。
4/S4031.DAT,0x48020,40,high,0,original,,,,,,<N:突:2:DE95>然、死んだものとばかり思つていた父親からこのような手紙が届くことで
4/S4031.DAT,0x4807A,16,high,0,original,,,,,,おまえ自身もとまどうであろう。
4/S4031.DAT,0x480BC,41,high,0,original,,,,,,これが手紙などではなく、じつさいにおまえを目の前にして伝え、共に行動できれば
4/S4031.DAT,0x48118,22,high,0,original,,,,,,どれほどすばらしいことだろう、と私は思う。
4/S4031.DAT,0x48160,34,high,0,original,,,,,,しかし、私には私の役目があり / これはお前にたくされた運命なのだ。
4/S4031.DAT,0x481B4,17,high,0,original,,,,,,自らの力で道をきり<N:閂:11:DDE0>いてくれ。
4/S4031.DAT,0x481F8,27,high,0,original,,,,,,愛する我が子へ。 /              父より
4/S4031.DAT,0x4825E,27,high,0,original,,,,,,このこに<N:閤:15:DDB1>ると / 無こにはすみそうもない・・。
4/S4031.DAT,0x482AE,24,high,0,original,,,,,,ククル、ポニ / それでも付いて来てくれるかい？
4/S4031.DAT,0x482FA,36,high,0,original,,,,,,僕は弱虫で何も出来ないけど / アークといると勇気が出て来るんだ。
4/S4031.DAT,0x48352,22,high,0,original,,,,,,ここで逃げ出したら、 / 昔に逆戻りだ。
4/S4031.DAT,0x4839C,7,high,0,original,,,,,,ついていくよ。
4/S4031.DAT,0x483D8,30,high,0,original,,,,,,あなたが旅立つ時に言つたはすよこれは私の道でもあるの。
4/S4031.DAT,0x4842A,21,high,0,original,,,,,,母さんをさがすための手がかりは何もない。
4/S4031.DAT,0x48474,35,high,0,original,,,,,,ただ分かつてるのは、 / 多分 全てが一つに / つながつてることだ。
4/S4031.DAT,0x484CC,21,high,0,original,,,,,,父さんを信じて前に進む / しかないな。
4/S4031.DAT,0x48516,19,high,0,original,,,,,,よし！ / ます伝記を手に入れよう。
4/S4031.DAT,0x4856C,14,high,0,original,,,,,,オルカスの丘はこつちだ。
4/S4031.DAT,0x48722,15,medium,0,original,,,,,,<N:ﾉ:6:10><CTRL:00><N:＄:1:05><CTRL:00> <CTRL:00>！<CTRL:00>水<CTRL:00>か<CTRL:00>（<CTRL:00><N:‐:2:0E>
4/S4031.DAT,0x48754,13,medium,0,original,,,,,,<CTRL:E7><CTRL:FF><N:＄:1:05><CTRL:00> <CTRL:00>！<CTRL:00><N:ぇ:2:C0><CTRL:00>か<CTRL:00>（
4/S4032.DAT,0x47980,21,medium,0,original,,,,,,が<CTRL:00> <CTRL:00><N:＆:4:07><CTRL:00><N:ъ:14:1A><CTRL:00>が<CTRL:00><N:＆:4:07><CTRL:00><N:＆:4:07><CTRL:00>い<CTRL:00>は<CTRL:00>！<CTRL:00><N:＆:4:07>
4/S4032.DAT,0x479A8,49,medium,0,original,,,,,,ダ<CTRL:00>う<CTRL:00>り<CTRL:00><N:３:14:19><CTRL:00>ウ<CTRL:00>う<CTRL:00>が<CTRL:00>1<CTRL:00>る<CTRL:00><N:７:11:18><CTRL:00>が<CTRL:00>1<CTRL:00>に<CTRL:00><N:３:14:19><CTRL:00>が<CTRL:00> <CTRL:00><N:＆:4:07><CTRL:00><N:ъ:14:1A><CTRL:00>が<CTRL:00><N:＆:4:07><CTRL:00><N:＆:4:07><CTRL:00>い<CTRL:00>は<CTRL:00>！<CTRL:00><N:＆:4:07>
4/S4032.DAT,0x479B0,41,medium,0,original,,,,,,ウ<CTRL:00>う<CTRL:00>が<CTRL:00>1<CTRL:00>る<CTRL:00><N:７:11:18><CTRL:00>が<CTRL:00>1<CTRL:00>に<CTRL:00><N:３:14:19><CTRL:00>が<CTRL:00> <CTRL:00><N:＆:4:07><CTRL:00><N:ъ:14:1A><CTRL:00>が<CTRL:00><N:＆:4:07><CTRL:00><N:＆:4:07><CTRL:00>い<CTRL:00>は<CTRL:00>！<CTRL:00><N:＆:4:07>
4/S4032.DAT,0x479C4,21,medium,0,original,,,,,,が<CTRL:00> <CTRL:00><N:＆:4:07><CTRL:00><N:ъ:14:1A><CTRL:00>が<CTRL:00><N:＆:4:07><CTRL:00><N:＆:4:07><CTRL:00>い<CTRL:00>は<CTRL:00>！<CTRL:00><N:＆:4:07>
4/S4032.DAT,0x479EC,57,medium,0,original,,,,,,会<CTRL:00>う<CTRL:00>り<CTRL:00><N:３:14:19><CTRL:00>私<CTRL:00>う<CTRL:00>が<CTRL:00><N:ﾉ:6:10><CTRL:00><N:ъ:14:1A><CTRL:00><N:７:11:18><CTRL:00>が<CTRL:00><N:＄:1:05><CTRL:00><N:ъ:14:1A><CTRL:00>の<CTRL:00>が<CTRL:00><N:ﾉ:6:10><CTRL:00>い<CTRL:00><N:３:14:19><CTRL:00>が<CTRL:00> <CTRL:00><N:＆:4:07><CTRL:00><N:ъ:14:1A><CTRL:00>が<CTRL:00><N:＆:4:07><CTRL:00><N:＆:4:07><CTRL:00>い<CTRL:00>は<CTRL:00>！<CTRL:00><N:＆:4:07>
4/S4032.DAT,0x479F4,49,medium,0,original,,,,,,私<CTRL:00>う<CTRL:00>が<CTRL:00><N:ﾉ:6:10><CTRL:00><N:ъ:14:1A><CTRL:00><N:７:11:18><CTRL:00>が<CTRL:00><N:＄:1:05><CTRL:00><N:ъ:14:1A><CTRL:00>の<CTRL:00>が<CTRL:00><N:ﾉ:6:10><CTRL:00>い<CTRL:00><N:３:14:19><CTRL:00>が<CTRL:00> <CTRL:00><N:＆:4:07><CTRL:00><N:ъ:14:1A><CTRL:00>が<CTRL:00><N:＆:4:07><CTRL:00><N:＆:4:07><CTRL:00>い<CTRL:00>は<CTRL:00>！<CTRL:00><N:＆:4:07>
4/S4032.DAT,0x47A10,21,medium,0,original,,,,,,が<CTRL:00> <CTRL:00><N:＆:4:07><CTRL:00><N:ъ:14:1A><CTRL:00>が<CTRL:00><N:＆:4:07><CTRL:00><N:＆:4:07><CTRL:00>い<CTRL:00>は<CTRL:00>！<CTRL:00><N:＆:4:07>
4/S4032.DAT,0x47A4C,21,medium,0,original,,,,,,が<CTRL:00> <CTRL:00><N:＆:4:07><CTRL:00><N:ъ:14:1A><CTRL:00>が<CTRL:00><N:＆:4:07><CTRL:00><N:＆:4:07><CTRL:00>い<CTRL:00>は<CTRL:00>！<CTRL:00><N:＆:4:07>
4/S4032.DAT,0x47A74,65,medium,0,original,,,,,,思<CTRL:00>う<CTRL:00>り<CTRL:00><N:３:14:19><CTRL:00>自<CTRL:00>う<CTRL:00>り<CTRL:00><N:３:14:19><CTRL:00>オ<CTRL:00>う<CTRL:00>が<CTRL:00>1<CTRL:00><N:ъ:14:1A><CTRL:00><N:７:11:18><CTRL:00>が<CTRL:00><N:＄:1:05><CTRL:00><N:ъ:14:1A><CTRL:00>な<CTRL:00>が<CTRL:00>1<CTRL:00>い<CTRL:00><N:３:14:19><CTRL:00>が<CTRL:00> <CTRL:00><N:＆:4:07><CTRL:00><N:ъ:14:1A><CTRL:00>が<CTRL:00><N:＆:4:07><CTRL:00><N:＆:4:07><CTRL:00>い<CTRL:00>は<CTRL:00>！<CTRL:00><N:＆:4:07>
4/S4032.DAT,0x47A7C,57,medium,0,original,,,,,,自<CTRL:00>う<CTRL:00>り<CTRL:00><N:３:14:19><CTRL:00>オ<CTRL:00>う<CTRL:00>が<CTRL:00>1<CTRL:00><N:ъ:14:1A><CTRL:00><N:７:11:18><CTRL:00>が<CTRL:00><N:＄:1:05><CTRL:00><N:ъ:14:1A><CTRL:00>な<CTRL:00>が<CTRL:00>1<CTRL:00>い<CTRL:00><N:３:14:19><CTRL:00>が<CTRL:00> <CTRL:00><N:＆:4:07><CTRL:00><N:ъ:14:1A><CTRL:00>が<CTRL:00><N:＆:4:07><CTRL:00><N:＆:4:07><CTRL:00>い<CTRL:00>は<CTRL:00>！<CTRL:00><N:＆:4:07>
4/S4032.DAT,0x47A84,49,medium,0,original,,,,,,オ<CTRL:00>う<CTRL:00>が<CTRL:00>1<CTRL:00><N:ъ:14:1A><CTRL:00><N:７:11:18><CTRL:00>が<CTRL:00><N:＄:1:05><CTRL:00><N:ъ:14:1A><CTRL:00>な<CTRL:00>が<CTRL:00>1<CTRL:00>い<CTRL:00><N:３:14:19><CTRL:00>が<CTRL:00> <CTRL:00><N:＆:4:07><CTRL:00><N:ъ:14:1A><CTRL:00>が<CTRL:00><N:＆:4:07><CTRL:00><N:＆:4:07><CTRL:00>い<CTRL:00>は<CTRL:00>！<CTRL:00><N:＆:4:07>
4/S4032.DAT,0x47AA0,21,medium,0,original,,,,,,が<CTRL:00> <CTRL:00><N:＆:4:07><CTRL:00><N:ъ:14:1A><CTRL:00>が<CTRL:00><N:＆:4:07><CTRL:00><N:＆:4:07><CTRL:00>い<CTRL:00>は<CTRL:00>！<CTRL:00><N:＆:4:07>
4/S4032.DAT,0x47AC8,65,medium,0,original,,,,,,気<CTRL:00>う<CTRL:00>り<CTRL:00><N:３:14:19><CTRL:00>前<CTRL:00>う<CTRL:00>り<CTRL:00><N:３:14:19><CTRL:00>闘<CTRL:00>う<CTRL:00>が<CTRL:00>1<CTRL:00><N:ъ:14:1A><CTRL:00><N:７:11:18><CTRL:00>が<CTRL:00><N:＄:1:05><CTRL:00><N:ъ:14:1A><CTRL:00>な<CTRL:00>が<CTRL:00>1<CTRL:00>い<CTRL:00><N:３:14:19><CTRL:00>が<CTRL:00> <CTRL:00><N:＆:4:07><CTRL:00><N:ъ:14:1A><CTRL:00>が<CTRL:00><N:＆:4:07><CTRL:00><N:＆:4:07><CTRL:00>い<CTRL:00>は<CTRL:00>！<CTRL:00><N:＆:4:07>
4/S4032.DAT,0x47AD0,57,medium,0,original,,,,,,前<CTRL:00>う<CTRL:00>り<CTRL:00><N:３:14:19><CTRL:00>闘<CTRL:00>う<CTRL:00>が<CTRL:00>1<CTRL:00><N:ъ:14:1A><CTRL:00><N:７:11:18><CTRL:00>が<CTRL:00><N:＄:1:05><CTRL:00><N:ъ:14:1A><CTRL:00>な<CTRL:00>が<CTRL:00>1<CTRL:00>い<CTRL:00><N:３:14:19><CTRL:00>が<CTRL:00> <CTRL:00><N:＆:4:07><CTRL:00><N:ъ:14:1A><CTRL:00>が<CTRL:00><N:＆:4:07><CTRL:00><N:＆:4:07><CTRL:00>い<CTRL:00>は<CTRL:00>！<CTRL:00><N:＆:4:07>
4/S4032.DAT,0x47AD8,49,medium,0,original,,,,,,闘<CTRL:00>う<CTRL:00>が<CTRL:00>1<CTRL:00><N:ъ:14:1A><CTRL:00><N:７:11:18><CTRL:00>が<CTRL:00><N:＄:1:05><CTRL:00><N:ъ:14:1A><CTRL:00>な<CTRL:00>が<CTRL:00>1<CTRL:00>い<CTRL:00><N:３:14:19><CTRL:00>が<CTRL:00> <CTRL:00><N:＆:4:07><CTRL:00><N:ъ:14:1A><CTRL:00>が<CTRL:00><N:＆:4:07><CTRL:00><N:＆:4:07><CTRL:00>い<CTRL:00>は<CTRL:00>！<CTRL:00><N:＆:4:07>
4/S4032.DAT,0x47AF4,21,medium,0,original,,,,,,が<CTRL:00> <CTRL:00><N:＆:4:07><CTRL:00><N:ъ:14:1A><CTRL:00>が<CTRL:00><N:＆:4:07><CTRL:00><N:＆:4:07><CTRL:00>い<CTRL:00>は<CTRL:00>！<CTRL:00><N:＆:4:07>
4/S4032.DAT,0x47B1C,13,medium,0,original,,,,,,ふ<CTRL:00>う<CTRL:00>り<CTRL:00><N:３:14:19><CTRL:00>山<CTRL:00>う<CTRL:00>が
4/S4032.DAT,0x47B24,5,medium,0,original,,,,,,山<CTRL:00>う<CTRL:00>が
4/S4032.DAT,0x47B7C,221,medium,0,original,,,,,,か<CTRL:00>が<CTRL:00> <CTRL:00><N:＆:4:07><CTRL:00><N:３:14:19><CTRL:00>る<CTRL:00>つ！が<CTRL:00><N:X:20:06><CTRL:00><N:７:11:18><CTRL:00>か<CTRL:00>が<CTRL:00> <CTRL:00><N:＆:4:07><CTRL:00><N:７:11:18><CTRL:00>が<CTRL:00><N:≠:16:04><CTRL:00><N:３:14:19><CTRL:00>か<CTRL:00>が<CTRL:00> <CTRL:00><N:＆:4:07><CTRL:00><N:３:14:19><CTRL:00>る<CTRL:00>つ！が<CTRL:00><N:X:20:06><CTRL:00><N:７:11:18><CTRL:00>か<CTRL:00>が<CTRL:00> <CTRL:00><N:＆:4:07><CTRL:00><N:７:11:18><CTRL:00>る<CTRL:00>つ！が<CTRL:00><N:≠:16:04><CTRL:00><N:７:11:18><CTRL:00>か<CTRL:00>が<CTRL:00> <CTRL:00><N:＆:4:07><CTRL:00><N:７:11:18><CTRL:00>が<CTRL:00><N:X:20:06><CTRL:00><N:３:14:19><CTRL:00>か<CTRL:00>が<CTRL:00> <CTRL:00><N:＆:4:07><CTRL:00><N:３:14:19><CTRL:00>る<CTRL:00>つ！が<CTRL:00><N:X:20:06><CTRL:00><N:３:14:19><CTRL:00>か<CTRL:00>が<CTRL:00> <CTRL:00><N:＆:4:07><CTRL:00><N:３:14:19><CTRL:00>る<CTRL:00>つ！が<CTRL:00><N:≠:16:04><CTRL:00><N:７:11:18><CTRL:00>か<CTRL:00>が<CTRL:00> <CTRL:00><N:＆:4:07><CTRL:00><N:７:11:18><CTRL:00>が<CTRL:00><N:X:20:06><CTRL:00><N:３:14:19><CTRL:00>か<CTRL:00>が<CTRL:00> <CTRL:00><N:＆:4:07><CTRL:00><N:３:14:19><CTRL:00>る<CTRL:00>つ！が<CTRL:00><N:≠:16:04><CTRL:00><N:７:11:18><CTRL:00>か<CTRL:00>が<CTRL:00> <CTRL:00><N:＆:4:07><CTRL:00><N:７:11:18><CTRL:00>る<CTRL:00>つ！が<CTRL:00><N:≠:16:04><CTRL:00><N:７:11:18><CTRL:00>か<CTRL:00>が<CTRL:00> <CTRL:00><N:＆:4:07><CTRL:00><N:７:11:18><CTRL:00>が<CTRL:00><N:≠:16:04><CTRL:00><N:３:14:19><CTRL:00>か<CTRL:00>が<CTRL:00> <CTRL:00><N:＆:4:07><CTRL:00><N:３:14:19><CTRL:00>に<CTRL:00>石 う<CTRL:00>ら
4/S4032.DAT,0x47B86,211,medium,0,original,,,,,,る<CTRL:00>つ！が<CTRL:00><N:X:20:06><CTRL:00><N:７:11:18><CTRL:00>か<CTRL:00>が<CTRL:00> <CTRL:00><N:＆:4:07><CTRL:00><N:７:11:18><CTRL:00>が<CTRL:00><N:≠:16:04><CTRL:00><N:３:14:19><CTRL:00>か<CTRL:00>が<CTRL:00> <CTRL:00><N:＆:4:07><CTRL:00><N:３:14:19><CTRL:00>る<CTRL:00>つ！が<CTRL:00><N:X:20:06><CTRL:00><N:７:11:18><CTRL:00>か<CTRL:00>が<CTRL:00> <CTRL:00><N:＆:4:07><CTRL:00><N:７:11:18><CTRL:00>る<CTRL:00>つ！が<CTRL:00><N:≠:16:04><CTRL:00><N:７:11:18><CTRL:00>か<CTRL:00>が<CTRL:00> <CTRL:00><N:＆:4:07><CTRL:00><N:７:11:18><CTRL:00>が<CTRL:00><N:X:20:06><CTRL:00><N:３:14:19><CTRL:00>か<CTRL:00>が<CTRL:00> <CTRL:00><N:＆:4:07><CTRL:00><N:３:14:19><CTRL:00>る<CTRL:00>つ！が<CTRL:00><N:X:20:06><CTRL:00><N:３:14:19><CTRL:00>か<CTRL:00>が<CTRL:00> <CTRL:00><N:＆:4:07><CTRL:00><N:３:14:19><CTRL:00>る<CTRL:00>つ！が<CTRL:00><N:≠:16:04><CTRL:00><N:７:11:18><CTRL:00>か<CTRL:00>が<CTRL:00> <CTRL:00><N:＆:4:07><CTRL:00><N:７:11:18><CTRL:00>が<CTRL:00><N:X:20:06><CTRL:00><N:３:14:19><CTRL:00>か<CTRL:00>が<CTRL:00> <CTRL:00><N:＆:4:07><CTRL:00><N:３:14:19><CTRL:00>る<CTRL:00>つ！が<CTRL:00><N:≠:16:04><CTRL:00><N:７:11:18><CTRL:00>か<CTRL:00>が<CTRL:00> <CTRL:00><N:＆:4:07><CTRL:00><N:７:11:18><CTRL:00>る<CTRL:00>つ！が<CTRL:00><N:≠:16:04><CTRL:00><N:７:11:18><CTRL:00>か<CTRL:00>が<CTRL:00> <CTRL:00><N:＆:4:07><CTRL:00><N:７:11:18><CTRL:00>が<CTRL:00><N:≠:16:04><CTRL:00><N:３:14:19><CTRL:00>か<CTRL:00>が<CTRL:00> <CTRL:00><N:＆:4:07><CTRL:00><N:３:14:19><CTRL:00>に<CTRL:00>石 う<CTRL:00>ら
4/S4032.DAT,0x47BA0,185,medium,0,original,,,,,,か<CTRL:00>が<CTRL:00> <CTRL:00><N:＆:4:07><CTRL:00><N:３:14:19><CTRL:00>る<CTRL:00>つ！が<CTRL:00><N:X:20:06><CTRL:00><N:７:11:18><CTRL:00>か<CTRL:00>が<CTRL:00> <CTRL:00><N:＆:4:07><CTRL:00><N:７:11:18><CTRL:00>る<CTRL:00>つ！が<CTRL:00><N:≠:16:04><CTRL:00><N:７:11:18><CTRL:00>か<CTRL:00>が<CTRL:00> <CTRL:00><N:＆:4:07><CTRL:00><N:７:11:18><CTRL:00>が<CTRL:00><N:X:20:06><CTRL:00><N:３:14:19><CTRL:00>か<CTRL:00>が<CTRL:00> <CTRL:00><N:＆:4:07><CTRL:00><N:３:14:19><CTRL:00>る<CTRL:00>つ！が<CTRL:00><N:X:20:06><CTRL:00><N:３:14:19><CTRL:00>か<CTRL:00>が<CTRL:00> <CTRL:00><N:＆:4:07><CTRL:00><N:３:14:19><CTRL:00>る<CTRL:00>つ！が<CTRL:00><N:≠:16:04><CTRL:00><N:７:11:18><CTRL:00>か<CTRL:00>が<CTRL:00> <CTRL:00><N:＆:4:07><CTRL:00><N:７:11:18><CTRL:00>が<CTRL:00><N:X:20:06><CTRL:00><N:３:14:19><CTRL:00>か<CTRL:00>が<CTRL:00> <CTRL:00><N:＆:4:07><CTRL:00><N:３:14:19><CTRL:00>る<CTRL:00>つ！が<CTRL:00><N:≠:16:04><CTRL:00><N:７:11:18><CTRL:00>か<CTRL:00>が<CTRL:00> <CTRL:00><N:＆:4:07><CTRL:00><N:７:11:18><CTRL:00>る<CTRL:00>つ！が<CTRL:00><N:≠:16:04><CTRL:00><N:７:11:18><CTRL:00>か<CTRL:00>が<CTRL:00> <CTRL:00><N:＆:4:07><CTRL:00><N:７:11:18><CTRL:00>が<CTRL:00><N:≠:16:04><CTRL:00><N:３:14:19><CTRL:00>か<CTRL:00>が<CTRL:00> <CTRL:00><N:＆:4:07><CTRL:00><N:３:14:19><CTRL:00>に<CTRL:00>石 う<CTRL:00>ら
4/S4032.DAT,0x47BAA,175,medium,0,original,,,,,,る<CTRL:00>つ！が<CTRL:00><N:X:20:06><CTRL:00><N:７:11:18><CTRL:00>か<CTRL:00>が<CTRL:00> <CTRL:00><N:＆:4:07><CTRL:00><N:７:11:18><CTRL:00>る<CTRL:00>つ！が<CTRL:00><N:≠:16:04><CTRL:00><N:７:11:18><CTRL:00>か<CTRL:00>が<CTRL:00> <CTRL:00><N:＆:4:07><CTRL:00><N:７:11:18><CTRL:00>が<CTRL:00><N:X:20:06><CTRL:00><N:３:14:19><CTRL:00>か<CTRL:00>が<CTRL:00> <CTRL:00><N:＆:4:07><CTRL:00><N:３:14:19><CTRL:00>る<CTRL:00>つ！が<CTRL:00><N:X:20:06><CTRL:00><N:３:14:19><CTRL:00>か<CTRL:00>が<CTRL:00> <CTRL:00><N:＆:4:07><CTRL:00><N:３:14:19><CTRL:00>る<CTRL:00>つ！が<CTRL:00><N:≠:16:04><CTRL:00><N:７:11:18><CTRL:00>か<CTRL:00>が<CTRL:00> <CTRL:00><N:＆:4:07><CTRL:00><N:７:11:18><CTRL:00>が<CTRL:00><N:X:20:06><CTRL:00><N:３:14:19><CTRL:00>か<CTRL:00>が<CTRL:00> <CTRL:00><N:＆:4:07><CTRL:00><N:３:14:19><CTRL:00>る<CTRL:00>つ！が<CTRL:00><N:≠:16:04><CTRL:00><N:７:11:18><CTRL:00>か<CTRL:00>が<CTRL:00> <CTRL:00><N:＆:4:07><CTRL:00><N:７:11:18><CTRL:00>る<CTRL:00>つ！が<CTRL:00><N:≠:16:04><CTRL:00><N:７:11:18><CTRL:00>か<CTRL:00>が<CTRL:00> <CTRL:00><N:＆:4:07><CTRL:00><N:７:11:18><CTRL:00>が<CTRL:00><N:≠:16:04><CTRL:00><N:３:14:19><CTRL:00>か<CTRL:00>が<CTRL:00> <CTRL:00><N:＆:4:07><CTRL:00><N:３:14:19><CTRL:00>に<CTRL:00>石 う<CTRL:00>ら
4/S4032.DAT,0x47BD8,129,medium,0,original,,,,,,か<CTRL:00>が<CTRL:00> <CTRL:00><N:＆:4:07><CTRL:00><N:３:14:19><CTRL:00>る<CTRL:00>つ！が<CTRL:00><N:X:20:06><CTRL:00><N:３:14:19><CTRL:00>か<CTRL:00>が<CTRL:00> <CTRL:00><N:＆:4:07><CTRL:00><N:３:14:19><CTRL:00>る<CTRL:00>つ！が<CTRL:00><N:≠:16:04><CTRL:00><N:７:11:18><CTRL:00>か<CTRL:00>が<CTRL:00> <CTRL:00><N:＆:4:07><CTRL:00><N:７:11:18><CTRL:00>が<CTRL:00><N:X:20:06><CTRL:00><N:３:14:19><CTRL:00>か<CTRL:00>が<CTRL:00> <CTRL:00><N:＆:4:07><CTRL:00><N:３:14:19><CTRL:00>る<CTRL:00>つ！が<CTRL:00><N:≠:16:04><CTRL:00><N:７:11:18><CTRL:00>か<CTRL:00>が<CTRL:00> <CTRL:00><N:＆:4:07><CTRL:00><N:７:11:18><CTRL:00>る<CTRL:00>つ！が<CTRL:00><N:≠:16:04><CTRL:00><N:７:11:18><CTRL:00>か<CTRL:00>が<CTRL:00> <CTRL:00><N:＆:4:07><CTRL:00><N:７:11:18><CTRL:00>が<CTRL:00><N:≠:16:04><CTRL:00><N:３:14:19><CTRL:00>か<CTRL:00>が<CTRL:00> <CTRL:00><N:＆:4:07><CTRL:00><N:３:14:19><CTRL:00>に<CTRL:00>石 う<CTRL:00>ら
4/S4032.DAT,0x47BE2,119,medium,0,original,,,,,,る<CTRL:00>つ！が<CTRL:00><N:X:20:06><CTRL:00><N:３:14:19><CTRL:00>か<CTRL:00>が<CTRL:00> <CTRL:00><N:＆:4:07><CTRL:00><N:３:14:19><CTRL:00>る<CTRL:00>つ！が<CTRL:00><N:≠:16:04><CTRL:00><N:７:11:18><CTRL:00>か<CTRL:00>が<CTRL:00> <CTRL:00><N:＆:4:07><CTRL:00><N:７:11:18><CTRL:00>が<CTRL:00><N:X:20:06><CTRL:00><N:３:14:19><CTRL:00>か<CTRL:00>が<CTRL:00> <CTRL:00><N:＆:4:07><CTRL:00><N:３:14:19><CTRL:00>る<CTRL:00>つ！が<CTRL:00><N:≠:16:04><CTRL:00><N:７:11:18><CTRL:00>か<CTRL:00>が<CTRL:00> <CTRL:00><N:＆:4:07><CTRL:00><N:７:11:18><CTRL:00>る<CTRL:00>つ！が<CTRL:00><N:≠:16:04><CTRL:00><N:７:11:18><CTRL:00>か<CTRL:00>が<CTRL:00> <CTRL:00><N:＆:4:07><CTRL:00><N:７:11:18><CTRL:00>が<CTRL:00><N:≠:16:04><CTRL:00><N:３:14:19><CTRL:00>か<CTRL:00>が<CTRL:00> <CTRL:00><N:＆:4:07><CTRL:00><N:３:14:19><CTRL:00>に<CTRL:00>石 う<CTRL:00>ら
4/S4032.DAT,0x47BEC,109,medium,0,original,,,,,,か<CTRL:00>が<CTRL:00> <CTRL:00><N:＆:4:07><CTRL:00><N:３:14:19><CTRL:00>る<CTRL:00>つ！が<CTRL:00><N:≠:16:04><CTRL:00><N:７:11:18><CTRL:00>か<CTRL:00>が<CTRL:00> <CTRL:00><N:＆:4:07><CTRL:00><N:７:11:18><CTRL:00>が<CTRL:00><N:X:20:06><CTRL:00><N:３:14:19><CTRL:00>か<CTRL:00>が<CTRL:00> <CTRL:00><N:＆:4:07><CTRL:00><N:３:14:19><CTRL:00>る<CTRL:00>つ！が<CTRL:00><N:≠:16:04><CTRL:00><N:７:11:18><CTRL:00>か<CTRL:00>が<CTRL:00> <CTRL:00><N:＆:4:07><CTRL:00><N:７:11:18><CTRL:00>る<CTRL:00>つ！が<CTRL:00><N:≠:16:04><CTRL:00><N:７:11:18><CTRL:00>か<CTRL:00>が<CTRL:00> <CTRL:00><N:＆:4:07><CTRL:00><N:７:11:18><CTRL:00>が<CTRL:00><N:≠:16:04><CTRL:00><N:３:14:19><CTRL:00>か<CTRL:00>が<CTRL:00> <CTRL:00><N:＆:4:07><CTRL:00><N:３:14:19><CTRL:00>に<CTRL:00>石 う<CTRL:00>ら
4/S4032.DAT,0x47BF6,99,medium,0,original,,,,,,る<CTRL:00>つ！が<CTRL:00><N:≠:16:04><CTRL:00><N:７:11:18><CTRL:00>か<CTRL:00>が<CTRL:00> <CTRL:00><N:＆:4:07><CTRL:00><N:７:11:18><CTRL:00>が<CTRL:00><N:X:20:06><CTRL:00><N:３:14:19><CTRL:00>か<CTRL:00>が<CTRL:00> <CTRL:00><N:＆:4:07><CTRL:00><N:３:14:19><CTRL:00>る<CTRL:00>つ！が<CTRL:00><N:≠:16:04><CTRL:00><N:７:11:18><CTRL:00>か<CTRL:00>が<CTRL:00> <CTRL:00><N:＆:4:07><CTRL:00><N:７:11:18><CTRL:00>る<CTRL:00>つ！が<CTRL:00><N:≠:16:04><CTRL:00><N:７:11:18><CTRL:00>か<CTRL:00>が<CTRL:00> <CTRL:00><N:＆:4:07><CTRL:00><N:７:11:18><CTRL:00>が<CTRL:00><N:≠:16:04><CTRL:00><N:３:14:19><CTRL:00>か<CTRL:00>が<CTRL:00> <CTRL:00><N:＆:4:07><CTRL:00><N:３:14:19><CTRL:00>に<CTRL:00>石 う<CTRL:00>ら
4/S4032.DAT,0x47C10,73,medium,0,original,,,,,,か<CTRL:00>が<CTRL:00> <CTRL:00><N:＆:4:07><CTRL:00><N:３:14:19><CTRL:00>る<CTRL:00>つ！が<CTRL:00><N:≠:16:04><CTRL:00><N:７:11:18><CTRL:00>か<CTRL:00>が<CTRL:00> <CTRL:00><N:＆:4:07><CTRL:00><N:７:11:18><CTRL:00>る<CTRL:00>つ！が<CTRL:00><N:≠:16:04><CTRL:00><N:７:11:18><CTRL:00>か<CTRL:00>が<CTRL:00> <CTRL:00><N:＆:4:07><CTRL:00><N:７:11:18><CTRL:00>が<CTRL:00><N:≠:16:04><CTRL:00><N:３:14:19><CTRL:00>か<CTRL:00>が<CTRL:00> <CTRL:00><N:＆:4:07><CTRL:00><N:３:14:19><CTRL:00>に<CTRL:00>石 う<CTRL:00>ら
4/S4032.DAT,0x47C1A,63,medium,0,original,,,,,,る<CTRL:00>つ！が<CTRL:00><N:≠:16:04><CTRL:00><N:７:11:18><CTRL:00>か<CTRL:00>が<CTRL:00> <CTRL:00><N:＆:4:07><CTRL:00><N:７:11:18><CTRL:00>る<CTRL:00>つ！が<CTRL:00><N:≠:16:04><CTRL:00><N:７:11:18><CTRL:00>か<CTRL:00>が<CTRL:00> <CTRL:00><N:＆:4:07><CTRL:00><N:７:11:18><CTRL:00>が<CTRL:00><N:≠:16:04><CTRL:00><N:３:14:19><CTRL:00>か<CTRL:00>が<CTRL:00> <CTRL:00><N:＆:4:07><CTRL:00><N:３:14:19><CTRL:00>に<CTRL:00>石 う<CTRL:00>ら
4/S4032.DAT,0x47C48,17,medium,0,original,,,,,,か<CTRL:00>が<CTRL:00> <CTRL:00><N:＆:4:07><CTRL:00><N:３:14:19><CTRL:00>に<CTRL:00>石 う<CTRL:00>ら
4/S4032.DAT,0x47C52,7,medium,0,original,,,,,,に<CTRL:00>石 う<CTRL:00>ら
4/S4032.DAT,0x47D3C,5,medium,0,original,,,,,,<CTRL:00>と<CTRL:00>）<N:≠:16:04>
4/S4032.DAT,0x481FA,15,high,0,original,,,,,,ポストには何も入つていません。
4/S4032.DAT,0x48260,31,high,0,original,,,,,,ア<N:｣:11:65>テムがあります。 / <N:ｌ:5:5B>ロマンシン<N:ク:12:80>ストーンへを見つけました
4/S4032.DAT,0x482B6,17,high,0,original,,,,,,ここにあつたものはもうひろいました
4/S4032.DAT,0x48302,46,high,0,original,,,,,,じ<G:DD04:223>うにあるけるときは、いろんなところで<CTRL:E7>！をおしてみてね。何かおちているかもしれないよ。
4/S4032.DAT,0x4836A,18,high,0,original,,,,,,ポストはときどき見に来た方がいいね。
4/S4032.DAT,0x483B0,35,high,0,original,,,,,,別のところへ行きたいときは、はしをわたつてみぎがわからでるんだよ。
4/S4032.DAT,0x4840E,6,high,0,original,,,,,,としかのお。
4/S4032.DAT,0x4844E,8,high,0,original,,,,,,としじゃねえよ。
4/S4032.DAT,0x48490,3,high,0,original,,,,,,うむ。
4/S4032.DAT,0x484CE,6,high,0,original,,,,,,としじゃよ。
4/S4033.DAT,0x47980,21,medium,0,original,,,,,,が<CTRL:00> <CTRL:00><N:＆:4:07><CTRL:00><N:ъ:14:1A><CTRL:00>が<CTRL:00><N:＆:4:07><CTRL:00><N:＆:4:07><CTRL:00>い<CTRL:00>は<CTRL:00>！<CTRL:00><N:＆:4:07>
4/S4033.DAT,0x479A8,49,medium,0,original,,,,,,ダ<CTRL:00>う<CTRL:00>り<CTRL:00><N:３:14:19><CTRL:00>ウ<CTRL:00>う<CTRL:00>が<CTRL:00>1<CTRL:00>る<CTRL:00><N:７:11:18><CTRL:00>が<CTRL:00>1<CTRL:00>に<CTRL:00><N:３:14:19><CTRL:00>が<CTRL:00> <CTRL:00><N:＆:4:07><CTRL:00><N:ъ:14:1A><CTRL:00>が<CTRL:00><N:＆:4:07><CTRL:00><N:＆:4:07><CTRL:00>い<CTRL:00>は<CTRL:00>！<CTRL:00><N:＆:4:07>
4/S4033.DAT,0x479B0,41,medium,0,original,,,,,,ウ<CTRL:00>う<CTRL:00>が<CTRL:00>1<CTRL:00>る<CTRL:00><N:７:11:18><CTRL:00>が<CTRL:00>1<CTRL:00>に<CTRL:00><N:３:14:19><CTRL:00>が<CTRL:00> <CTRL:00><N:＆:4:07><CTRL:00><N:ъ:14:1A><CTRL:00>が<CTRL:00><N:＆:4:07><CTRL:00><N:＆:4:07><CTRL:00>い<CTRL:00>は<CTRL:00>！<CTRL:00><N:＆:4:07>
4/S4033.DAT,0x479C4,21,medium,0,original,,,,,,が<CTRL:00> <CTRL:00><N:＆:4:07><CTRL:00><N:ъ:14:1A><CTRL:00>が<CTRL:00><N:＆:4:07><CTRL:00><N:＆:4:07><CTRL:00>い<CTRL:00>は<CTRL:00>！<CTRL:00><N:＆:4:07>
4/S4033.DAT,0x479EC,57,medium,0,original,,,,,,会<CTRL:00>う<CTRL:00>り<CTRL:00><N:３:14:19><CTRL:00>私<CTRL:00>う<CTRL:00>が<CTRL:00><N:ﾉ:6:10><CTRL:00><N:ъ:14:1A><CTRL:00><N:７:11:18><CTRL:00>が<CTRL:00><N:＄:1:05><CTRL:00><N:ъ:14:1A><CTRL:00>の<CTRL:00>が<CTRL:00><N:ﾉ:6:10><CTRL:00>い<CTRL:00><N:３:14:19><CTRL:00>が<CTRL:00> <CTRL:00><N:＆:4:07><CTRL:00><N:ъ:14:1A><CTRL:00>が<CTRL:00><N:＆:4:07><CTRL:00><N:＆:4:07><CTRL:00>い<CTRL:00>は<CTRL:00>！<CTRL:00><N:＆:4:07>
4/S4033.DAT,0x479F4,49,medium,0,original,,,,,,私<CTRL:00>う<CTRL:00>が<CTRL:00><N:ﾉ:6:10><CTRL:00><N:ъ:14:1A><CTRL:00><N:７:11:18><CTRL:00>が<CTRL:00><N:＄:1:05><CTRL:00><N:ъ:14:1A><CTRL:00>の<CTRL:00>が<CTRL:00><N:ﾉ:6:10><CTRL:00>い<CTRL:00><N:３:14:19><CTRL:00>が<CTRL:00> <CTRL:00><N:＆:4:07><CTRL:00><N:ъ:14:1A><CTRL:00>が<CTRL:00><N:＆:4:07><CTRL:00><N:＆:4:07><CTRL:00>い<CTRL:00>は<CTRL:00>！<CTRL:00><N:＆:4:07>
4/S4033.DAT,0x47A10,21,medium,0,original,,,,,,が<CTRL:00> <CTRL:00><N:＆:4:07><CTRL:00><N:ъ:14:1A><CTRL:00>が<CTRL:00><N:＆:4:07><CTRL:00><N:＆:4:07><CTRL:00>い<CTRL:00>は<CTRL:00>！<CTRL:00><N:＆:4:07>
4/S4033.DAT,0x47A4C,21,medium,0,original,,,,,,が<CTRL:00> <CTRL:00><N:＆:4:07><CTRL:00><N:ъ:14:1A><CTRL:00>が<CTRL:00><N:＆:4:07><CTRL:00><N:＆:4:07><CTRL:00>い<CTRL:00>は<CTRL:00>！<CTRL:00><N:＆:4:07>
4/S4033.DAT,0x47A74,65,medium,0,original,,,,,,思<CTRL:00>う<CTRL:00>り<CTRL:00><N:３:14:19><CTRL:00>自<CTRL:00>う<CTRL:00>り<CTRL:00><N:３:14:19><CTRL:00>オ<CTRL:00>う<CTRL:00>が<CTRL:00>1<CTRL:00><N:ъ:14:1A><CTRL:00><N:７:11:18><CTRL:00>が<CTRL:00><N:＄:1:05><CTRL:00><N:ъ:14:1A><CTRL:00>な<CTRL:00>が<CTRL:00>1<CTRL:00>い<CTRL:00><N:３:14:19><CTRL:00>が<CTRL:00> <CTRL:00><N:＆:4:07><CTRL:00><N:ъ:14:1A><CTRL:00>が<CTRL:00><N:＆:4:07><CTRL:00><N:＆:4:07><CTRL:00>い<CTRL:00>は<CTRL:00>！<CTRL:00><N:＆:4:07>
4/S4033.DAT,0x47A7C,57,medium,0,original,,,,,,自<CTRL:00>う<CTRL:00>り<CTRL:00><N:３:14:19><CTRL:00>オ<CTRL:00>う<CTRL:00>が<CTRL:00>1<CTRL:00><N:ъ:14:1A><CTRL:00><N:７:11:18><CTRL:00>が<CTRL:00><N:＄:1:05><CTRL:00><N:ъ:14:1A><CTRL:00>な<CTRL:00>が<CTRL:00>1<CTRL:00>い<CTRL:00><N:３:14:19><CTRL:00>が<CTRL:00> <CTRL:00><N:＆:4:07><CTRL:00><N:ъ:14:1A><CTRL:00>が<CTRL:00><N:＆:4:07><CTRL:00><N:＆:4:07><CTRL:00>い<CTRL:00>は<CTRL:00>！<CTRL:00><N:＆:4:07>
4/S4033.DAT,0x47A84,49,medium,0,original,,,,,,オ<CTRL:00>う<CTRL:00>が<CTRL:00>1<CTRL:00><N:ъ:14:1A><CTRL:00><N:７:11:18><CTRL:00>が<CTRL:00><N:＄:1:05><CTRL:00><N:ъ:14:1A><CTRL:00>な<CTRL:00>が<CTRL:00>1<CTRL:00>い<CTRL:00><N:３:14:19><CTRL:00>が<CTRL:00> <CTRL:00><N:＆:4:07><CTRL:00><N:ъ:14:1A><CTRL:00>が<CTRL:00><N:＆:4:07><CTRL:00><N:＆:4:07><CTRL:00>い<CTRL:00>は<CTRL:00>！<CTRL:00><N:＆:4:07>
4/S4033.DAT,0x47AA0,21,medium,0,original,,,,,,が<CTRL:00> <CTRL:00><N:＆:4:07><CTRL:00><N:ъ:14:1A><CTRL:00>が<CTRL:00><N:＆:4:07><CTRL:00><N:＆:4:07><CTRL:00>い<CTRL:00>は<CTRL:00>！<CTRL:00><N:＆:4:07>
4/S4033.DAT,0x47AC8,65,medium,0,original,,,,,,気<CTRL:00>う<CTRL:00>り<CTRL:00><N:３:14:19><CTRL:00>前<CTRL:00>う<CTRL:00>り<CTRL:00><N:３:14:19><CTRL:00>闘<CTRL:00>う<CTRL:00>が<CTRL:00>1<CTRL:00><N:ъ:14:1A><CTRL:00><N:７:11:18><CTRL:00>が<CTRL:00><N:＄:1:05><CTRL:00><N:ъ:14:1A><CTRL:00>な<CTRL:00>が<CTRL:00>1<CTRL:00>い<CTRL:00><N:３:14:19><CTRL:00>が<CTRL:00> <CTRL:00><N:＆:4:07><CTRL:00><N:ъ:14:1A><CTRL:00>が<CTRL:00><N:＆:4:07><CTRL:00><N:＆:4:07><CTRL:00>い<CTRL:00>は<CTRL:00>！<CTRL:00><N:＆:4:07>
4/S4033.DAT,0x47AD0,57,medium,0,original,,,,,,前<CTRL:00>う<CTRL:00>り<CTRL:00><N:３:14:19><CTRL:00>闘<CTRL:00>う<CTRL:00>が<CTRL:00>1<CTRL:00><N:ъ:14:1A><CTRL:00><N:７:11:18><CTRL:00>が<CTRL:00><N:＄:1:05><CTRL:00><N:ъ:14:1A><CTRL:00>な<CTRL:00>が<CTRL:00>1<CTRL:00>い<CTRL:00><N:３:14:19><CTRL:00>が<CTRL:00> <CTRL:00><N:＆:4:07><CTRL:00><N:ъ:14:1A><CTRL:00>が<CTRL:00><N:＆:4:07><CTRL:00><N:＆:4:07><CTRL:00>い<CTRL:00>は<CTRL:00>！<CTRL:00><N:＆:4:07>
4/S4033.DAT,0x47AD8,49,medium,0,original,,,,,,闘<CTRL:00>う<CTRL:00>が<CTRL:00>1<CTRL:00><N:ъ:14:1A><CTRL:00><N:７:11:18><CTRL:00>が<CTRL:00><N:＄:1:05><CTRL:00><N:ъ:14:1A><CTRL:00>な<CTRL:00>が<CTRL:00>1<CTRL:00>い<CTRL:00><N:３:14:19><CTRL:00>が<CTRL:00> <CTRL:00><N:＆:4:07><CTRL:00><N:ъ:14:1A><CTRL:00>が<CTRL:00><N:＆:4:07><CTRL:00><N:＆:4:07><CTRL:00>い<CTRL:00>は<CTRL:00>！<CTRL:00><N:＆:4:07>
4/S4033.DAT,0x47AF4,21,medium,0,original,,,,,,が<CTRL:00> <CTRL:00><N:＆:4:07><CTRL:00><N:ъ:14:1A><CTRL:00>が<CTRL:00><N:＆:4:07><CTRL:00><N:＆:4:07><CTRL:00>い<CTRL:00>は<CTRL:00>！<CTRL:00><N:＆:4:07>
4/S4033.DAT,0x47B1C,13,medium,0,original,,,,,,ふ<CTRL:00>う<CTRL:00>り<CTRL:00><N:３:14:19><CTRL:00>山<CTRL:00>う<CTRL:00>が
4/S4033.DAT,0x47B24,5,medium,0,original,,,,,,山<CTRL:00>う<CTRL:00>が
4/S4033.DAT,0x47B7C,225,medium,0,original,,,,,,か<CTRL:00>が<CTRL:00> <CTRL:00><N:＆:4:07><CTRL:00><N:３:14:19><CTRL:00>る<CTRL:00>つ！が<CTRL:00><N:X:20:06><CTRL:00><N:７:11:18><CTRL:00>か<CTRL:00>が<CTRL:00> <CTRL:00><N:＆:4:07><CTRL:00><N:７:11:18><CTRL:00>が<CTRL:00><N:≠:16:04><CTRL:00><N:３:14:19><CTRL:00>か<CTRL:00>が<CTRL:00> <CTRL:00><N:＆:4:07><CTRL:00><N:３:14:19><CTRL:00>る<CTRL:00>つ！が<CTRL:00><N:X:20:06><CTRL:00><N:７:11:18><CTRL:00>か<CTRL:00>が<CTRL:00> <CTRL:00><N:＆:4:07><CTRL:00><N:７:11:18><CTRL:00>る<CTRL:00>つ！が<CTRL:00><N:≠:16:04><CTRL:00><N:７:11:18><CTRL:00>か<CTRL:00>が<CTRL:00> <CTRL:00><N:＆:4:07><CTRL:00><N:７:11:18><CTRL:00>が<CTRL:00><N:X:20:06><CTRL:00><N:３:14:19><CTRL:00>か<CTRL:00>が<CTRL:00> <CTRL:00><N:＆:4:07><CTRL:00><N:３:14:19><CTRL:00>る<CTRL:00>つ！が<CTRL:00><N:X:20:06><CTRL:00><N:３:14:19><CTRL:00>か<CTRL:00>が<CTRL:00> <CTRL:00><N:＆:4:07><CTRL:00><N:３:14:19><CTRL:00>る<CTRL:00>つ！が<CTRL:00><N:≠:16:04><CTRL:00><N:７:11:18><CTRL:00>か<CTRL:00>が<CTRL:00> <CTRL:00><N:＆:4:07><CTRL:00><N:７:11:18><CTRL:00>が<CTRL:00><N:X:20:06><CTRL:00><N:３:14:19><CTRL:00>か<CTRL:00>が<CTRL:00> <CTRL:00><N:＆:4:07><CTRL:00><N:３:14:19><CTRL:00>る<CTRL:00>つ！が<CTRL:00><N:≠:16:04><CTRL:00><N:７:11:18><CTRL:00>か<CTRL:00>が<CTRL:00> <CTRL:00><N:＆:4:07><CTRL:00><N:７:11:18><CTRL:00>る<CTRL:00>つ！が<CTRL:00><N:≠:16:04><CTRL:00><N:７:11:18><CTRL:00>か<CTRL:00>が<CTRL:00> <CTRL:00><N:＆:4:07><CTRL:00><N:７:11:18><CTRL:00>が<CTRL:00><N:≠:16:04><CTRL:00><N:３:14:19><CTRL:00>か<CTRL:00>が<CTRL:00> <CTRL:00><N:＆:4:07><CTRL:00><N:３:14:19><CTRL:00>に<CTRL:00>石 う<CTRL:00>る<CTRL:00><CTRL:F9><N:＆:4:07>て
4/S4033.DAT,0x47B86,215,medium,0,original,,,,,,る<CTRL:00>つ！が<CTRL:00><N:X:20:06><CTRL:00><N:７:11:18><CTRL:00>か<CTRL:00>が<CTRL:00> <CTRL:00><N:＆:4:07><CTRL:00><N:７:11:18><CTRL:00>が<CTRL:00><N:≠:16:04><CTRL:00><N:３:14:19><CTRL:00>か<CTRL:00>が<CTRL:00> <CTRL:00><N:＆:4:07><CTRL:00><N:３:14:19><CTRL:00>る<CTRL:00>つ！が<CTRL:00><N:X:20:06><CTRL:00><N:７:11:18><CTRL:00>か<CTRL:00>が<CTRL:00> <CTRL:00><N:＆:4:07><CTRL:00><N:７:11:18><CTRL:00>る<CTRL:00>つ！が<CTRL:00><N:≠:16:04><CTRL:00><N:７:11:18><CTRL:00>か<CTRL:00>が<CTRL:00> <CTRL:00><N:＆:4:07><CTRL:00><N:７:11:18><CTRL:00>が<CTRL:00><N:X:20:06><CTRL:00><N:３:14:19><CTRL:00>か<CTRL:00>が<CTRL:00> <CTRL:00><N:＆:4:07><CTRL:00><N:３:14:19><CTRL:00>る<CTRL:00>つ！が<CTRL:00><N:X:20:06><CTRL:00><N:３:14:19><CTRL:00>か<CTRL:00>が<CTRL:00> <CTRL:00><N:＆:4:07><CTRL:00><N:３:14:19><CTRL:00>る<CTRL:00>つ！が<CTRL:00><N:≠:16:04><CTRL:00><N:７:11:18><CTRL:00>か<CTRL:00>が<CTRL:00> <CTRL:00><N:＆:4:07><CTRL:00><N:７:11:18><CTRL:00>が<CTRL:00><N:X:20:06><CTRL:00><N:３:14:19><CTRL:00>か<CTRL:00>が<CTRL:00> <CTRL:00><N:＆:4:07><CTRL:00><N:３:14:19><CTRL:00>る<CTRL:00>つ！が<CTRL:00><N:≠:16:04><CTRL:00><N:７:11:18><CTRL:00>か<CTRL:00>が<CTRL:00> <CTRL:00><N:＆:4:07><CTRL:00><N:７:11:18><CTRL:00>る<CTRL:00>つ！が<CTRL:00><N:≠:16:04><CTRL:00><N:７:11:18><CTRL:00>か<CTRL:00>が<CTRL:00> <CTRL:00><N:＆:4:07><CTRL:00><N:７:11:18><CTRL:00>が<CTRL:00><N:≠:16:04><CTRL:00><N:３:14:19><CTRL:00>か<CTRL:00>が<CTRL:00> <CTRL:00><N:＆:4:07><CTRL:00><N:３:14:19><CTRL:00>に<CTRL:00>石 う<CTRL:00>る<CTRL:00><CTRL:F9><N:＆:4:07>て
4/S4033.DAT,0x47BA0,189,medium,0,original,,,,,,か<CTRL:00>が<CTRL:00> <CTRL:00><N:＆:4:07><CTRL:00><N:３:14:19><CTRL:00>る<CTRL:00>つ！が<CTRL:00><N:X:20:06><CTRL:00><N:７:11:18><CTRL:00>か<CTRL:00>が<CTRL:00> <CTRL:00><N:＆:4:07><CTRL:00><N:７:11:18><CTRL:00>る<CTRL:00>つ！が<CTRL:00><N:≠:16:04><CTRL:00><N:７:11:18><CTRL:00>か<CTRL:00>が<CTRL:00> <CTRL:00><N:＆:4:07><CTRL:00><N:７:11:18><CTRL:00>が<CTRL:00><N:X:20:06><CTRL:00><N:３:14:19><CTRL:00>か<CTRL:00>が<CTRL:00> <CTRL:00><N:＆:4:07><CTRL:00><N:３:14:19><CTRL:00>る<CTRL:00>つ！が<CTRL:00><N:X:20:06><CTRL:00><N:３:14:19><CTRL:00>か<CTRL:00>が<CTRL:00> <CTRL:00><N:＆:4:07><CTRL:00><N:３:14:19><CTRL:00>る<CTRL:00>つ！が<CTRL:00><N:≠:16:04><CTRL:00><N:７:11:18><CTRL:00>か<CTRL:00>が<CTRL:00> <CTRL:00><N:＆:4:07><CTRL:00><N:７:11:18><CTRL:00>が<CTRL:00><N:X:20:06><CTRL:00><N:３:14:19><CTRL:00>か<CTRL:00>が<CTRL:00> <CTRL:00><N:＆:4:07><CTRL:00><N:３:14:19><CTRL:00>る<CTRL:00>つ！が<CTRL:00><N:≠:16:04><CTRL:00><N:７:11:18><CTRL:00>か<CTRL:00>が<CTRL:00> <CTRL:00><N:＆:4:07><CTRL:00><N:７:11:18><CTRL:00>る<CTRL:00>つ！が<CTRL:00><N:≠:16:04><CTRL:00><N:７:11:18><CTRL:00>か<CTRL:00>が<CTRL:00> <CTRL:00><N:＆:4:07><CTRL:00><N:７:11:18><CTRL:00>が<CTRL:00><N:≠:16:04><CTRL:00><N:３:14:19><CTRL:00>か<CTRL:00>が<CTRL:00> <CTRL:00><N:＆:4:07><CTRL:00><N:３:14:19><CTRL:00>に<CTRL:00>石 う<CTRL:00>る<CTRL:00><CTRL:F9><N:＆:4:07>て
4/S4033.DAT,0x47BAA,179,medium,0,original,,,,,,る<CTRL:00>つ！が<CTRL:00><N:X:20:06><CTRL:00><N:７:11:18><CTRL:00>か<CTRL:00>が<CTRL:00> <CTRL:00><N:＆:4:07><CTRL:00><N:７:11:18><CTRL:00>る<CTRL:00>つ！が<CTRL:00><N:≠:16:04><CTRL:00><N:７:11:18><CTRL:00>か<CTRL:00>が<CTRL:00> <CTRL:00><N:＆:4:07><CTRL:00><N:７:11:18><CTRL:00>が<CTRL:00><N:X:20:06><CTRL:00><N:３:14:19><CTRL:00>か<CTRL:00>が<CTRL:00> <CTRL:00><N:＆:4:07><CTRL:00><N:３:14:19><CTRL:00>る<CTRL:00>つ！が<CTRL:00><N:X:20:06><CTRL:00><N:３:14:19><CTRL:00>か<CTRL:00>が<CTRL:00> <CTRL:00><N:＆:4:07><CTRL:00><N:３:14:19><CTRL:00>る<CTRL:00>つ！が<CTRL:00><N:≠:16:04><CTRL:00><N:７:11:18><CTRL:00>か<CTRL:00>が<CTRL:00> <CTRL:00><N:＆:4:07><CTRL:00><N:７:11:18><CTRL:00>が<CTRL:00><N:X:20:06><CTRL:00><N:３:14:19><CTRL:00>か<CTRL:00>が<CTRL:00> <CTRL:00><N:＆:4:07><CTRL:00><N:３:14:19><CTRL:00>る<CTRL:00>つ！が<CTRL:00><N:≠:16:04><CTRL:00><N:７:11:18><CTRL:00>か<CTRL:00>が<CTRL:00> <CTRL:00><N:＆:4:07><CTRL:00><N:７:11:18><CTRL:00>る<CTRL:00>つ！が<CTRL:00><N:≠:16:04><CTRL:00><N:７:11:18><CTRL:00>か<CTRL:00>が<CTRL:00> <CTRL:00><N:＆:4:07><CTRL:00><N:７:11:18><CTRL:00>が<CTRL:00><N:≠:16:04><CTRL:00><N:３:14:19><CTRL:00>か<CTRL:00>が<CTRL:00> <CTRL:00><N:＆:4:07><CTRL:00><N:３:14:19><CTRL:00>に<CTRL:00>石 う<CTRL:00>る<CTRL:00><CTRL:F9><N:＆:4:07>て
4/S4033.DAT,0x47BD8,133,medium,0,original,,,,,,か<CTRL:00>が<CTRL:00> <CTRL:00><N:＆:4:07><CTRL:00><N:３:14:19><CTRL:00>る<CTRL:00>つ！が<CTRL:00><N:X:20:06><CTRL:00><N:３:14:19><CTRL:00>か<CTRL:00>が<CTRL:00> <CTRL:00><N:＆:4:07><CTRL:00><N:３:14:19><CTRL:00>る<CTRL:00>つ！が<CTRL:00><N:≠:16:04><CTRL:00><N:７:11:18><CTRL:00>か<CTRL:00>が<CTRL:00> <CTRL:00><N:＆:4:07><CTRL:00><N:７:11:18><CTRL:00>が<CTRL:00><N:X:20:06><CTRL:00><N:３:14:19><CTRL:00>か<CTRL:00>が<CTRL:00> <CTRL:00><N:＆:4:07><CTRL:00><N:３:14:19><CTRL:00>る<CTRL:00>つ！が<CTRL:00><N:≠:16:04><CTRL:00><N:７:11:18><CTRL:00>か<CTRL:00>が<CTRL:00> <CTRL:00><N:＆:4:07><CTRL:00><N:７:11:18><CTRL:00>る<CTRL:00>つ！が<CTRL:00><N:≠:16:04><CTRL:00><N:７:11:18><CTRL:00>か<CTRL:00>が<CTRL:00> <CTRL:00><N:＆:4:07><CTRL:00><N:７:11:18><CTRL:00>が<CTRL:00><N:≠:16:04><CTRL:00><N:３:14:19><CTRL:00>か<CTRL:00>が<CTRL:00> <CTRL:00><N:＆:4:07><CTRL:00><N:３:14:19><CTRL:00>に<CTRL:00>石 う<CTRL:00>る<CTRL:00><CTRL:F9><N:＆:4:07>て
4/S4033.DAT,0x47BE2,123,medium,0,original,,,,,,る<CTRL:00>つ！が<CTRL:00><N:X:20:06><CTRL:00><N:３:14:19><CTRL:00>か<CTRL:00>が<CTRL:00> <CTRL:00><N:＆:4:07><CTRL:00><N:３:14:19><CTRL:00>る<CTRL:00>つ！が<CTRL:00><N:≠:16:04><CTRL:00><N:７:11:18><CTRL:00>か<CTRL:00>が<CTRL:00> <CTRL:00><N:＆:4:07><CTRL:00><N:７:11:18><CTRL:00>が<CTRL:00><N:X:20:06><CTRL:00><N:３:14:19><CTRL:00>か<CTRL:00>が<CTRL:00> <CTRL:00><N:＆:4:07><CTRL:00><N:３:14:19><CTRL:00>る<CTRL:00>つ！が<CTRL:00><N:≠:16:04><CTRL:00><N:７:11:18><CTRL:00>か<CTRL:00>が<CTRL:00> <CTRL:00><N:＆:4:07><CTRL:00><N:７:11:18><CTRL:00>る<CTRL:00>つ！が<CTRL:00><N:≠:16:04><CTRL:00><N:７:11:18><CTRL:00>か<CTRL:00>が<CTRL:00> <CTRL:00><N:＆:4:07><CTRL:00><N:７:11:18><CTRL:00>が<CTRL:00><N:≠:16:04><CTRL:00><N:３:14:19><CTRL:00>か<CTRL:00>が<CTRL:00> <CTRL:00><N:＆:4:07><CTRL:00><N:３:14:19><CTRL:00>に<CTRL:00>石 う<CTRL:00>る<CTRL:00><CTRL:F9><N:＆:4:07>て
4/S4033.DAT,0x47BEC,113,medium,0,original,,,,,,か<CTRL:00>が<CTRL:00> <CTRL:00><N:＆:4:07><CTRL:00><N:３:14:19><CTRL:00>る<CTRL:00>つ！が<CTRL:00><N:≠:16:04><CTRL:00><N:７:11:18><CTRL:00>か<CTRL:00>が<CTRL:00> <CTRL:00><N:＆:4:07><CTRL:00><N:７:11:18><CTRL:00>が<CTRL:00><N:X:20:06><CTRL:00><N:３:14:19><CTRL:00>か<CTRL:00>が<CTRL:00> <CTRL:00><N:＆:4:07><CTRL:00><N:３:14:19><CTRL:00>る<CTRL:00>つ！が<CTRL:00><N:≠:16:04><CTRL:00><N:７:11:18><CTRL:00>か<CTRL:00>が<CTRL:00> <CTRL:00><N:＆:4:07><CTRL:00><N:７:11:18><CTRL:00>る<CTRL:00>つ！が<CTRL:00><N:≠:16:04><CTRL:00><N:７:11:18><CTRL:00>か<CTRL:00>が<CTRL:00> <CTRL:00><N:＆:4:07><CTRL:00><N:７:11:18><CTRL:00>が<CTRL:00><N:≠:16:04><CTRL:00><N:３:14:19><CTRL:00>か<CTRL:00>が<CTRL:00> <CTRL:00><N:＆:4:07><CTRL:00><N:３:14:19><CTRL:00>に<CTRL:00>石 う<CTRL:00>る<CTRL:00><CTRL:F9><N:＆:4:07>て
4/S4033.DAT,0x47BF6,103,medium,0,original,,,,,,る<CTRL:00>つ！が<CTRL:00><N:≠:16:04><CTRL:00><N:７:11:18><CTRL:00>か<CTRL:00>が<CTRL:00> <CTRL:00><N:＆:4:07><CTRL:00><N:７:11:18><CTRL:00>が<CTRL:00><N:X:20:06><CTRL:00><N:３:14:19><CTRL:00>か<CTRL:00>が<CTRL:00> <CTRL:00><N:＆:4:07><CTRL:00><N:３:14:19><CTRL:00>る<CTRL:00>つ！が<CTRL:00><N:≠:16:04><CTRL:00><N:７:11:18><CTRL:00>か<CTRL:00>が<CTRL:00> <CTRL:00><N:＆:4:07><CTRL:00><N:７:11:18><CTRL:00>る<CTRL:00>つ！が<CTRL:00><N:≠:16:04><CTRL:00><N:７:11:18><CTRL:00>か<CTRL:00>が<CTRL:00> <CTRL:00><N:＆:4:07><CTRL:00><N:７:11:18><CTRL:00>が<CTRL:00><N:≠:16:04><CTRL:00><N:３:14:19><CTRL:00>か<CTRL:00>が<CTRL:00> <CTRL:00><N:＆:4:07><CTRL:00><N:３:14:19><CTRL:00>に<CTRL:00>石 う<CTRL:00>る<CTRL:00><CTRL:F9><N:＆:4:07>て
4/S4033.DAT,0x47C10,77,medium,0,original,,,,,,か<CTRL:00>が<CTRL:00> <CTRL:00><N:＆:4:07><CTRL:00><N:３:14:19><CTRL:00>る<CTRL:00>つ！が<CTRL:00><N:≠:16:04><CTRL:00><N:７:11:18><CTRL:00>か<CTRL:00>が<CTRL:00> <CTRL:00><N:＆:4:07><CTRL:00><N:７:11:18><CTRL:00>る<CTRL:00>つ！が<CTRL:00><N:≠:16:04><CTRL:00><N:７:11:18><CTRL:00>か<CTRL:00>が<CTRL:00> <CTRL:00><N:＆:4:07><CTRL:00><N:７:11:18><CTRL:00>が<CTRL:00><N:≠:16:04><CTRL:00><N:３:14:19><CTRL:00>か<CTRL:00>が<CTRL:00> <CTRL:00><N:＆:4:07><CTRL:00><N:３:14:19><CTRL:00>に<CTRL:00>石 う<CTRL:00>る<CTRL:00><CTRL:F9><N:＆:4:07>て
4/S4033.DAT,0x47C1A,67,medium,0,original,,,,,,る<CTRL:00>つ！が<CTRL:00><N:≠:16:04><CTRL:00><N:７:11:18><CTRL:00>か<CTRL:00>が<CTRL:00> <CTRL:00><N:＆:4:07><CTRL:00><N:７:11:18><CTRL:00>る<CTRL:00>つ！が<CTRL:00><N:≠:16:04><CTRL:00><N:７:11:18><CTRL:00>か<CTRL:00>が<CTRL:00> <CTRL:00><N:＆:4:07><CTRL:00><N:７:11:18><CTRL:00>が<CTRL:00><N:≠:16:04><CTRL:00><N:３:14:19><CTRL:00>か<CTRL:00>が<CTRL:00> <CTRL:00><N:＆:4:07><CTRL:00><N:３:14:19><CTRL:00>に<CTRL:00>石 う<CTRL:00>る<CTRL:00><CTRL:F9><N:＆:4:07>て
4/S4033.DAT,0x47C48,21,medium,0,original,,,,,,か<CTRL:00>が<CTRL:00> <CTRL:00><N:＆:4:07><CTRL:00><N:３:14:19><CTRL:00>に<CTRL:00>石 う<CTRL:00>る<CTRL:00><CTRL:F9><N:＆:4:07>て
4/S4033.DAT,0x47C52,11,medium,0,original,,,,,,に<CTRL:00>石 う<CTRL:00>る<CTRL:00><CTRL:F9><N:＆:4:07>て
4/S4033.DAT,0x47C74,16,high,0,original,,,,,,ヨシュアから手紙がきています
4/S4033.DAT,0x47CDC,38,high,0,original,,,,,,<N:ｌ:5:5B>次の精霊は<N:ク:12:80><N:リ:12:6F><N:｣:11:65>シーヌにへ / よみますか？ / <CTRL:E5>”よむ / <CTRL:E5>”よまない
4/S4033.DAT,0x47D90,35,high,0,original,,,,,,アークよ、この手紙を果たしておまえが手に入れてよんでいるだろうか？
4/S4033.DAT,0x47DE6,28,high,0,original,,,,,,敵は私たちが行動を始めたのに / 気付いているようだ。
4/S4033.DAT,0x47E34,31,high,0,original,,,,,,今後お前に連らくを取るのはますます / 難しくなるだろう。
4/S4033.DAT,0x47E86,36,high,0,original,,,,,,私は手紙を今後もここに送り続ける。 / おまえも時<N:く:18:DD06>見に来てくれ。
4/S4033.DAT,0x47EDC,59,high,0,original,,,,,,ところで光の精霊から石を受け取つた / ようだな。 / 次の精霊は<N:ク:12:80><N:リ:12:6F><N:｣:11:65>シーヌにいる。 / 急いで出発してくれ。
4/S4033.DAT,0x47F4A,21,high,0,original,,,,,,アークへ /             父より
4/S4033.DAT,0x47F94,43,high,0,original,,,,,,敵つていうのは、 / 一体何なんだろう？<CTRL:E4>よ / 確かに大きな力は<N:感:1:DE48>じるけど・・
4/S4033.DAT,0x47FF4,16,high,0,original,,,,,,僕たちで戦いぬけるのかなっ？
4/S4033.DAT,0x48060,31,high,0,original,,,,,,ア<N:｣:11:65>テムがあります。 / <N:ｌ:5:5B>ロマンシン<N:ク:12:80>ストーンへを見つけました
4/S4033.DAT,0x480B6,18,high,0,original,,,,,,ここにあつたものはもうひろいました。
4/S4033.DAT,0x48102,32,high,0,original,,,,,,戦闘のときは<CTRL:E7><N:＆:4:07><CTRL:E7><N:X:20:06>をいつしょにおすとフリーカーソルになるよ。
4/S4033.DAT,0x48156,26,high,0,original,,,,,,フリーカーソルのときは<CTRL:E7>”をおすともとにもどるよ。
4/S4033.DAT,0x481A6,37,high,0,original,,,,,,たたかうときは、できるだけ / 敵の後ろにまわりこんだ方が / いいみたいね。
4/S4033.DAT,0x48200,28,high,0,original,,,,,,敵の中にも、こつちのせなかをねらつてくるやつがいるよ。
4/S4033.DAT,0x48256,28,high,0,original,,,,,,スメリアもミルマーナも、モンスターがいなくならないね。
4/S4033.DAT,0x482A6,14,high,0,original,,,,,,どうしたらいなくなるのかな。
4/S4033.DAT,0x482EA,30,high,0,original,,,,,,モンスターが強くて、どうやつても勝てないときはどうしよう。
4/S4033.DAT,0x4833C,33,high,0,original,,,,,,モンスターのいるところでがんばつて、もつと強くなればいいのかな。
4/S4033.DAT,0x48398,30,high,0,original,,,,,,としかのお。<CTRL:E4>4 / さいきんよくものを / わすれるんじゃが。
4/S4033.DAT,0x483EA,20,high,0,original,,,,,,かんじんなことはわすれないようにしてよ。
4/S4033.DAT,0x48432,31,high,0,original,,,,,,まつたく、 / ものしりなのか / そうじゃないのか・・。
4/S4033.DAT,0x4848C,8,high,0,original,,,,,,としじゃねえよ。
4/S4033.DAT,0x484CE,3,high,0,original,,,,,,うむ。
4/S4033.DAT,0x4850C,52,high,0,original,,,,,,わしのすかんは役に立つぞ。 / あたらしく見つけたモンスターはできるだけ<N:ｌ:5:5B>調ベるへようにするこつた。
4/S4033.DAT,0x48574,26,high,0,original,,,,,,きほんち<N:ぃ:20:DE20>うのきほんじゃ。 / わかつとるのか？
4/S4033.DAT,0x485C8,19,high,0,original,,,,,,<CTRL:E5>”とうぜんだよ / <CTRL:E5>”はじめて聞いた
4/S4033.DAT,0x4861C,29,high,0,original,,,,,,とうぜんとな？<CTRL:E4>つ / だからつてどうということもないがの。
4/S4033.DAT,0x48674,20,high,0,original,,,,,,初めてとな？<CTRL:E4>つ / 修行がたりんぞ。
4/S4033.DAT,0x486BC,33,high,0,original,,,,,,しらベまくつて / 役に立たなかつたら / どうしてくれるんだよ。
4/S4033.DAT,0x48712,34,high,0,original,,,,,,しつたことか。 / ぜんぶしらベたら何かいいことがあるかもしれんぞ。
4/S4033.DAT,0x48768,28,high,0,original,,,,,,かもしれない<CTRL:E4>つじゃないよ。 / どうせなにもないんだろ。
4/S4033.DAT,0x487B8,26,high,0,original,,,,,,ともだちにじまんできるくらいはあるかもしれんがのう。
4/S4033.DAT,0x488DC,5,medium,0,original,,,,,,<CTRL:00>と<CTRL:00>）<N:≠:16:04>
4/S4034.DAT,0x479D4,21,medium,0,original,,,,,,が<CTRL:00> <CTRL:00><N:＆:4:07><CTRL:00><N:ъ:14:1A><CTRL:00>が<CTRL:00><N:＆:4:07><CTRL:00><N:＆:4:07><CTRL:00>い<CTRL:00>は<CTRL:00>！<CTRL:00><N:＆:4:07>
4/S4034.DAT,0x479FC,49,medium,0,original,,,,,,言<CTRL:00>う<CTRL:00>り<CTRL:00><N:３:14:19><CTRL:00>山<CTRL:00>う<CTRL:00>が<CTRL:00>1<CTRL:00>る<CTRL:00><N:７:11:18><CTRL:00>が<CTRL:00>1<CTRL:00>に<CTRL:00><N:３:14:19><CTRL:00>が<CTRL:00> <CTRL:00><N:＆:4:07><CTRL:00><N:ъ:14:1A><CTRL:00>が<CTRL:00><N:＆:4:07><CTRL:00><N:＆:4:07><CTRL:00>い<CTRL:00>は<CTRL:00>！<CTRL:00><N:＆:4:07>
4/S4034.DAT,0x47A04,41,medium,0,original,,,,,,山<CTRL:00>う<CTRL:00>が<CTRL:00>1<CTRL:00>る<CTRL:00><N:７:11:18><CTRL:00>が<CTRL:00>1<CTRL:00>に<CTRL:00><N:３:14:19><CTRL:00>が<CTRL:00> <CTRL:00><N:＆:4:07><CTRL:00><N:ъ:14:1A><CTRL:00>が<CTRL:00><N:＆:4:07><CTRL:00><N:＆:4:07><CTRL:00>い<CTRL:00>は<CTRL:00>！<CTRL:00><N:＆:4:07>
4/S4034.DAT,0x47A18,21,medium,0,original,,,,,,が<CTRL:00> <CTRL:00><N:＆:4:07><CTRL:00><N:ъ:14:1A><CTRL:00>が<CTRL:00><N:＆:4:07><CTRL:00><N:＆:4:07><CTRL:00>い<CTRL:00>は<CTRL:00>！<CTRL:00><N:＆:4:07>
4/S4034.DAT,0x47A40,57,medium,0,original,,,,,,参<CTRL:00>う<CTRL:00>り<CTRL:00><N:３:14:19><CTRL:00>バ<CTRL:00>う<CTRL:00>が<CTRL:00><N:ﾉ:6:10><CTRL:00><N:ъ:14:1A><CTRL:00><N:７:11:18><CTRL:00>が<CTRL:00><N:＄:1:05><CTRL:00><N:ъ:14:1A><CTRL:00>の<CTRL:00>が<CTRL:00><N:ﾉ:6:10><CTRL:00>い<CTRL:00><N:３:14:19><CTRL:00>が<CTRL:00> <CTRL:00><N:＆:4:07><CTRL:00><N:ъ:14:1A><CTRL:00>が<CTRL:00><N:＆:4:07><CTRL:00><N:＆:4:07><CTRL:00>い<CTRL:00>は<CTRL:00>！<CTRL:00><N:＆:4:07>
4/S4034.DAT,0x47A48,49,medium,0,original,,,,,,バ<CTRL:00>う<CTRL:00>が<CTRL:00><N:ﾉ:6:10><CTRL:00><N:ъ:14:1A><CTRL:00><N:７:11:18><CTRL:00>が<CTRL:00><N:＄:1:05><CTRL:00><N:ъ:14:1A><CTRL:00>の<CTRL:00>が<CTRL:00><N:ﾉ:6:10><CTRL:00>い<CTRL:00><N:３:14:19><CTRL:00>が<CTRL:00> <CTRL:00><N:＆:4:07><CTRL:00><N:ъ:14:1A><CTRL:00>が<CTRL:00><N:＆:4:07><CTRL:00><N:＆:4:07><CTRL:00>い<CTRL:00>は<CTRL:00>！<CTRL:00><N:＆:4:07>
4/S4034.DAT,0x47A64,21,medium,0,original,,,,,,が<CTRL:00> <CTRL:00><N:＆:4:07><CTRL:00><N:ъ:14:1A><CTRL:00>が<CTRL:00><N:＆:4:07><CTRL:00><N:＆:4:07><CTRL:00>い<CTRL:00>は<CTRL:00>！<CTRL:00><N:＆:4:07>
4/S4034.DAT,0x47AA0,21,medium,0,original,,,,,,が<CTRL:00> <CTRL:00><N:＆:4:07><CTRL:00><N:ъ:14:1A><CTRL:00>が<CTRL:00><N:＆:4:07><CTRL:00><N:＆:4:07><CTRL:00>い<CTRL:00>は<CTRL:00>！<CTRL:00><N:＆:4:07>
4/S4034.DAT,0x47AC8,65,medium,0,original,,,,,,フ<CTRL:00>う<CTRL:00>り<CTRL:00><N:３:14:19><CTRL:00>世<CTRL:00>う<CTRL:00>り<CTRL:00><N:３:14:19><CTRL:00>上<CTRL:00>う<CTRL:00>が<CTRL:00>1<CTRL:00><N:ъ:14:1A><CTRL:00><N:７:11:18><CTRL:00>が<CTRL:00><N:＄:1:05><CTRL:00><N:ъ:14:1A><CTRL:00>な<CTRL:00>が<CTRL:00>1<CTRL:00>い<CTRL:00><N:３:14:19><CTRL:00>が<CTRL:00> <CTRL:00><N:＆:4:07><CTRL:00><N:ъ:14:1A><CTRL:00>が<CTRL:00><N:＆:4:07><CTRL:00><N:＆:4:07><CTRL:00>い<CTRL:00>は<CTRL:00>！<CTRL:00><N:＆:4:07>
4/S4034.DAT,0x47AD0,57,medium,0,original,,,,,,世<CTRL:00>う<CTRL:00>り<CTRL:00><N:３:14:19><CTRL:00>上<CTRL:00>う<CTRL:00>が<CTRL:00>1<CTRL:00><N:ъ:14:1A><CTRL:00><N:７:11:18><CTRL:00>が<CTRL:00><N:＄:1:05><CTRL:00><N:ъ:14:1A><CTRL:00>な<CTRL:00>が<CTRL:00>1<CTRL:00>い<CTRL:00><N:３:14:19><CTRL:00>が<CTRL:00> <CTRL:00><N:＆:4:07><CTRL:00><N:ъ:14:1A><CTRL:00>が<CTRL:00><N:＆:4:07><CTRL:00><N:＆:4:07><CTRL:00>い<CTRL:00>は<CTRL:00>！<CTRL:00><N:＆:4:07>
4/S4034.DAT,0x47AD8,49,medium,0,original,,,,,,上<CTRL:00>う<CTRL:00>が<CTRL:00>1<CTRL:00><N:ъ:14:1A><CTRL:00><N:７:11:18><CTRL:00>が<CTRL:00><N:＄:1:05><CTRL:00><N:ъ:14:1A><CTRL:00>な<CTRL:00>が<CTRL:00>1<CTRL:00>い<CTRL:00><N:３:14:19><CTRL:00>が<CTRL:00> <CTRL:00><N:＆:4:07><CTRL:00><N:ъ:14:1A><CTRL:00>が<CTRL:00><N:＆:4:07><CTRL:00><N:＆:4:07><CTRL:00>い<CTRL:00>は<CTRL:00>！<CTRL:00><N:＆:4:07>
4/S4034.DAT,0x47AF4,21,medium,0,original,,,,,,が<CTRL:00> <CTRL:00><N:＆:4:07><CTRL:00><N:ъ:14:1A><CTRL:00>が<CTRL:00><N:＆:4:07><CTRL:00><N:＆:4:07><CTRL:00>い<CTRL:00>は<CTRL:00>！<CTRL:00><N:＆:4:07>
4/S4034.DAT,0x47B1C,65,medium,0,original,,,,,,聞<CTRL:00>う<CTRL:00>り<CTRL:00><N:３:14:19><CTRL:00>ム<CTRL:00>う<CTRL:00>り<CTRL:00><N:３:14:19><CTRL:00>敵<CTRL:00>う<CTRL:00>が<CTRL:00>1<CTRL:00><N:ъ:14:1A><CTRL:00><N:７:11:18><CTRL:00>が<CTRL:00><N:＄:1:05><CTRL:00><N:ъ:14:1A><CTRL:00>な<CTRL:00>が<CTRL:00>1<CTRL:00>い<CTRL:00><N:３:14:19><CTRL:00>が<CTRL:00> <CTRL:00><N:＆:4:07><CTRL:00><N:ъ:14:1A><CTRL:00>が<CTRL:00><N:＆:4:07><CTRL:00><N:＆:4:07><CTRL:00>い<CTRL:00>は<CTRL:00>！<CTRL:00><N:＆:4:07>
4/S4034.DAT,0x47B24,57,medium,0,original,,,,,,ム<CTRL:00>う<CTRL:00>り<CTRL:00><N:３:14:19><CTRL:00>敵<CTRL:00>う<CTRL:00>が<CTRL:00>1<CTRL:00><N:ъ:14:1A><CTRL:00><N:７:11:18><CTRL:00>が<CTRL:00><N:＄:1:05><CTRL:00><N:ъ:14:1A><CTRL:00>な<CTRL:00>が<CTRL:00>1<CTRL:00>い<CTRL:00><N:３:14:19><CTRL:00>が<CTRL:00> <CTRL:00><N:＆:4:07><CTRL:00><N:ъ:14:1A><CTRL:00>が<CTRL:00><N:＆:4:07><CTRL:00><N:＆:4:07><CTRL:00>い<CTRL:00>は<CTRL:00>！<CTRL:00><N:＆:4:07>
4/S4034.DAT,0x47B2C,49,medium,0,original,,,,,,敵<CTRL:00>う<CTRL:00>が<CTRL:00>1<CTRL:00><N:ъ:14:1A><CTRL:00><N:７:11:18><CTRL:00>が<CTRL:00><N:＄:1:05><CTRL:00><N:ъ:14:1A><CTRL:00>な<CTRL:00>が<CTRL:00>1<CTRL:00>い<CTRL:00><N:３:14:19><CTRL:00>が<CTRL:00> <CTRL:00><N:＆:4:07><CTRL:00><N:ъ:14:1A><CTRL:00>が<CTRL:00><N:＆:4:07><CTRL:00><N:＆:4:07><CTRL:00>い<CTRL:00>は<CTRL:00>！<CTRL:00><N:＆:4:07>
4/S4034.DAT,0x47B48,21,medium,0,original,,,,,,が<CTRL:00> <CTRL:00><N:＆:4:07><CTRL:00><N:ъ:14:1A><CTRL:00>が<CTRL:00><N:＆:4:07><CTRL:00><N:＆:4:07><CTRL:00>い<CTRL:00>は<CTRL:00>！<CTRL:00><N:＆:4:07>
4/S4034.DAT,0x47B70,13,medium,0,original,,,,,,風<CTRL:00>う<CTRL:00>り<CTRL:00><N:３:14:19><CTRL:00>備<CTRL:00>う<CTRL:00>が
4/S4034.DAT,0x47B78,5,medium,0,original,,,,,,備<CTRL:00>う<CTRL:00>が
4/S4034.DAT,0x47BD0,225,medium,0,original,,,,,,か<CTRL:00>が<CTRL:00> <CTRL:00><N:＆:4:07><CTRL:00><N:３:14:19><CTRL:00>る<CTRL:00>ル！が<CTRL:00><N:X:20:06><CTRL:00><N:７:11:18><CTRL:00>か<CTRL:00>が<CTRL:00> <CTRL:00><N:＆:4:07><CTRL:00><N:７:11:18><CTRL:00>が<CTRL:00><N:≠:16:04><CTRL:00><N:３:14:19><CTRL:00>か<CTRL:00>が<CTRL:00> <CTRL:00><N:＆:4:07><CTRL:00><N:３:14:19><CTRL:00>る<CTRL:00>ル！が<CTRL:00><N:X:20:06><CTRL:00><N:７:11:18><CTRL:00>か<CTRL:00>が<CTRL:00> <CTRL:00><N:＆:4:07><CTRL:00><N:７:11:18><CTRL:00>る<CTRL:00>ル！が<CTRL:00><N:≠:16:04><CTRL:00><N:７:11:18><CTRL:00>か<CTRL:00>が<CTRL:00> <CTRL:00><N:＆:4:07><CTRL:00><N:７:11:18><CTRL:00>が<CTRL:00><N:X:20:06><CTRL:00><N:３:14:19><CTRL:00>か<CTRL:00>が<CTRL:00> <CTRL:00><N:＆:4:07><CTRL:00><N:３:14:19><CTRL:00>る<CTRL:00>ル！が<CTRL:00><N:X:20:06><CTRL:00><N:３:14:19><CTRL:00>か<CTRL:00>が<CTRL:00> <CTRL:00><N:＆:4:07><CTRL:00><N:３:14:19><CTRL:00>る<CTRL:00>ル！が<CTRL:00><N:≠:16:04><CTRL:00><N:７:11:18><CTRL:00>か<CTRL:00>が<CTRL:00> <CTRL:00><N:＆:4:07><CTRL:00><N:７:11:18><CTRL:00>が<CTRL:00><N:X:20:06><CTRL:00><N:３:14:19><CTRL:00>か<CTRL:00>が<CTRL:00> <CTRL:00><N:＆:4:07><CTRL:00><N:３:14:19><CTRL:00>る<CTRL:00>ル！が<CTRL:00><N:≠:16:04><CTRL:00><N:７:11:18><CTRL:00>か<CTRL:00>が<CTRL:00> <CTRL:00><N:＆:4:07><CTRL:00><N:７:11:18><CTRL:00>る<CTRL:00>ル！が<CTRL:00><N:≠:16:04><CTRL:00><N:７:11:18><CTRL:00>か<CTRL:00>が<CTRL:00> <CTRL:00><N:＆:4:07><CTRL:00><N:７:11:18><CTRL:00>が<CTRL:00><N:≠:16:04><CTRL:00><N:３:14:19><CTRL:00>か<CTRL:00>が<CTRL:00> <CTRL:00><N:＆:4:07><CTRL:00><N:３:14:19><CTRL:00>に<CTRL:00>我 う<CTRL:00>る<CTRL:00>ぜ<N:＆:4:07>て
4/S4034.DAT,0x47BDA,215,medium,0,original,,,,,,る<CTRL:00>ル！が<CTRL:00><N:X:20:06><CTRL:00><N:７:11:18><CTRL:00>か<CTRL:00>が<CTRL:00> <CTRL:00><N:＆:4:07><CTRL:00><N:７:11:18><CTRL:00>が<CTRL:00><N:≠:16:04><CTRL:00><N:３:14:19><CTRL:00>か<CTRL:00>が<CTRL:00> <CTRL:00><N:＆:4:07><CTRL:00><N:３:14:19><CTRL:00>る<CTRL:00>ル！が<CTRL:00><N:X:20:06><CTRL:00><N:７:11:18><CTRL:00>か<CTRL:00>が<CTRL:00> <CTRL:00><N:＆:4:07><CTRL:00><N:７:11:18><CTRL:00>る<CTRL:00>ル！が<CTRL:00><N:≠:16:04><CTRL:00><N:７:11:18><CTRL:00>か<CTRL:00>が<CTRL:00> <CTRL:00><N:＆:4:07><CTRL:00><N:７:11:18><CTRL:00>が<CTRL:00><N:X:20:06><CTRL:00><N:３:14:19><CTRL:00>か<CTRL:00>が<CTRL:00> <CTRL:00><N:＆:4:07><CTRL:00><N:３:14:19><CTRL:00>る<CTRL:00>ル！が<CTRL:00><N:X:20:06><CTRL:00><N:３:14:19><CTRL:00>か<CTRL:00>が<CTRL:00> <CTRL:00><N:＆:4:07><CTRL:00><N:３:14:19><CTRL:00>る<CTRL:00>ル！が<CTRL:00><N:≠:16:04><CTRL:00><N:７:11:18><CTRL:00>か<CTRL:00>が<CTRL:00> <CTRL:00><N:＆:4:07><CTRL:00><N:７:11:18><CTRL:00>が<CTRL:00><N:X:20:06><CTRL:00><N:３:14:19><CTRL:00>か<CTRL:00>が<CTRL:00> <CTRL:00><N:＆:4:07><CTRL:00><N:３:14:19><CTRL:00>る<CTRL:00>ル！が<CTRL:00><N:≠:16:04><CTRL:00><N:７:11:18><CTRL:00>か<CTRL:00>が<CTRL:00> <CTRL:00><N:＆:4:07><CTRL:00><N:７:11:18><CTRL:00>る<CTRL:00>ル！が<CTRL:00><N:≠:16:04><CTRL:00><N:７:11:18><CTRL:00>か<CTRL:00>が<CTRL:00> <CTRL:00><N:＆:4:07><CTRL:00><N:７:11:18><CTRL:00>が<CTRL:00><N:≠:16:04><CTRL:00><N:３:14:19><CTRL:00>か<CTRL:00>が<CTRL:00> <CTRL:00><N:＆:4:07><CTRL:00><N:３:14:19><CTRL:00>に<CTRL:00>我 う<CTRL:00>る<CTRL:00>ぜ<N:＆:4:07>て
4/S4034.DAT,0x47BF4,189,medium,0,original,,,,,,か<CTRL:00>が<CTRL:00> <CTRL:00><N:＆:4:07><CTRL:00><N:３:14:19><CTRL:00>る<CTRL:00>ル！が<CTRL:00><N:X:20:06><CTRL:00><N:７:11:18><CTRL:00>か<CTRL:00>が<CTRL:00> <CTRL:00><N:＆:4:07><CTRL:00><N:７:11:18><CTRL:00>る<CTRL:00>ル！が<CTRL:00><N:≠:16:04><CTRL:00><N:７:11:18><CTRL:00>か<CTRL:00>が<CTRL:00> <CTRL:00><N:＆:4:07><CTRL:00><N:７:11:18><CTRL:00>が<CTRL:00><N:X:20:06><CTRL:00><N:３:14:19><CTRL:00>か<CTRL:00>が<CTRL:00> <CTRL:00><N:＆:4:07><CTRL:00><N:３:14:19><CTRL:00>る<CTRL:00>ル！が<CTRL:00><N:X:20:06><CTRL:00><N:３:14:19><CTRL:00>か<CTRL:00>が<CTRL:00> <CTRL:00><N:＆:4:07><CTRL:00><N:３:14:19><CTRL:00>る<CTRL:00>ル！が<CTRL:00><N:≠:16:04><CTRL:00><N:７:11:18><CTRL:00>か<CTRL:00>が<CTRL:00> <CTRL:00><N:＆:4:07><CTRL:00><N:７:11:18><CTRL:00>が<CTRL:00><N:X:20:06><CTRL:00><N:３:14:19><CTRL:00>か<CTRL:00>が<CTRL:00> <CTRL:00><N:＆:4:07><CTRL:00><N:３:14:19><CTRL:00>る<CTRL:00>ル！が<CTRL:00><N:≠:16:04><CTRL:00><N:７:11:18><CTRL:00>か<CTRL:00>が<CTRL:00> <CTRL:00><N:＆:4:07><CTRL:00><N:７:11:18><CTRL:00>る<CTRL:00>ル！が<CTRL:00><N:≠:16:04><CTRL:00><N:７:11:18><CTRL:00>か<CTRL:00>が<CTRL:00> <CTRL:00><N:＆:4:07><CTRL:00><N:７:11:18><CTRL:00>が<CTRL:00><N:≠:16:04><CTRL:00><N:３:14:19><CTRL:00>か<CTRL:00>が<CTRL:00> <CTRL:00><N:＆:4:07><CTRL:00><N:３:14:19><CTRL:00>に<CTRL:00>我 う<CTRL:00>る<CTRL:00>ぜ<N:＆:4:07>て
4/S4034.DAT,0x47BFE,179,medium,0,original,,,,,,る<CTRL:00>ル！が<CTRL:00><N:X:20:06><CTRL:00><N:７:11:18><CTRL:00>か<CTRL:00>が<CTRL:00> <CTRL:00><N:＆:4:07><CTRL:00><N:７:11:18><CTRL:00>る<CTRL:00>ル！が<CTRL:00><N:≠:16:04><CTRL:00><N:７:11:18><CTRL:00>か<CTRL:00>が<CTRL:00> <CTRL:00><N:＆:4:07><CTRL:00><N:７:11:18><CTRL:00>が<CTRL:00><N:X:20:06><CTRL:00><N:３:14:19><CTRL:00>か<CTRL:00>が<CTRL:00> <CTRL:00><N:＆:4:07><CTRL:00><N:３:14:19><CTRL:00>る<CTRL:00>ル！が<CTRL:00><N:X:20:06><CTRL:00><N:３:14:19><CTRL:00>か<CTRL:00>が<CTRL:00> <CTRL:00><N:＆:4:07><CTRL:00><N:３:14:19><CTRL:00>る<CTRL:00>ル！が<CTRL:00><N:≠:16:04><CTRL:00><N:７:11:18><CTRL:00>か<CTRL:00>が<CTRL:00> <CTRL:00><N:＆:4:07><CTRL:00><N:７:11:18><CTRL:00>が<CTRL:00><N:X:20:06><CTRL:00><N:３:14:19><CTRL:00>か<CTRL:00>が<CTRL:00> <CTRL:00><N:＆:4:07><CTRL:00><N:３:14:19><CTRL:00>る<CTRL:00>ル！が<CTRL:00><N:≠:16:04><CTRL:00><N:７:11:18><CTRL:00>か<CTRL:00>が<CTRL:00> <CTRL:00><N:＆:4:07><CTRL:00><N:７:11:18><CTRL:00>る<CTRL:00>ル！が<CTRL:00><N:≠:16:04><CTRL:00><N:７:11:18><CTRL:00>か<CTRL:00>が<CTRL:00> <CTRL:00><N:＆:4:07><CTRL:00><N:７:11:18><CTRL:00>が<CTRL:00><N:≠:16:04><CTRL:00><N:３:14:19><CTRL:00>か<CTRL:00>が<CTRL:00> <CTRL:00><N:＆:4:07><CTRL:00><N:３:14:19><CTRL:00>に<CTRL:00>我 う<CTRL:00>る<CTRL:00>ぜ<N:＆:4:07>て
4/S4034.DAT,0x47C2C,133,medium,0,original,,,,,,か<CTRL:00>が<CTRL:00> <CTRL:00><N:＆:4:07><CTRL:00><N:３:14:19><CTRL:00>る<CTRL:00>ル！が<CTRL:00><N:X:20:06><CTRL:00><N:３:14:19><CTRL:00>か<CTRL:00>が<CTRL:00> <CTRL:00><N:＆:4:07><CTRL:00><N:３:14:19><CTRL:00>る<CTRL:00>ル！が<CTRL:00><N:≠:16:04><CTRL:00><N:７:11:18><CTRL:00>か<CTRL:00>が<CTRL:00> <CTRL:00><N:＆:4:07><CTRL:00><N:７:11:18><CTRL:00>が<CTRL:00><N:X:20:06><CTRL:00><N:３:14:19><CTRL:00>か<CTRL:00>が<CTRL:00> <CTRL:00><N:＆:4:07><CTRL:00><N:３:14:19><CTRL:00>る<CTRL:00>ル！が<CTRL:00><N:≠:16:04><CTRL:00><N:７:11:18><CTRL:00>か<CTRL:00>が<CTRL:00> <CTRL:00><N:＆:4:07><CTRL:00><N:７:11:18><CTRL:00>る<CTRL:00>ル！が<CTRL:00><N:≠:16:04><CTRL:00><N:７:11:18><CTRL:00>か<CTRL:00>が<CTRL:00> <CTRL:00><N:＆:4:07><CTRL:00><N:７:11:18><CTRL:00>が<CTRL:00><N:≠:16:04><CTRL:00><N:３:14:19><CTRL:00>か<CTRL:00>が<CTRL:00> <CTRL:00><N:＆:4:07><CTRL:00><N:３:14:19><CTRL:00>に<CTRL:00>我 う<CTRL:00>る<CTRL:00>ぜ<N:＆:4:07>て
4/S4034.DAT,0x47C36,123,medium,0,original,,,,,,る<CTRL:00>ル！が<CTRL:00><N:X:20:06><CTRL:00><N:３:14:19><CTRL:00>か<CTRL:00>が<CTRL:00> <CTRL:00><N:＆:4:07><CTRL:00><N:３:14:19><CTRL:00>る<CTRL:00>ル！が<CTRL:00><N:≠:16:04><CTRL:00><N:７:11:18><CTRL:00>か<CTRL:00>が<CTRL:00> <CTRL:00><N:＆:4:07><CTRL:00><N:７:11:18><CTRL:00>が<CTRL:00><N:X:20:06><CTRL:00><N:３:14:19><CTRL:00>か<CTRL:00>が<CTRL:00> <CTRL:00><N:＆:4:07><CTRL:00><N:３:14:19><CTRL:00>る<CTRL:00>ル！が<CTRL:00><N:≠:16:04><CTRL:00><N:７:11:18><CTRL:00>か<CTRL:00>が<CTRL:00> <CTRL:00><N:＆:4:07><CTRL:00><N:７:11:18><CTRL:00>る<CTRL:00>ル！が<CTRL:00><N:≠:16:04><CTRL:00><N:７:11:18><CTRL:00>か<CTRL:00>が<CTRL:00> <CTRL:00><N:＆:4:07><CTRL:00><N:７:11:18><CTRL:00>が<CTRL:00><N:≠:16:04><CTRL:00><N:３:14:19><CTRL:00>か<CTRL:00>が<CTRL:00> <CTRL:00><N:＆:4:07><CTRL:00><N:３:14:19><CTRL:00>に<CTRL:00>我 う<CTRL:00>る<CTRL:00>ぜ<N:＆:4:07>て
4/S4034.DAT,0x47C40,113,medium,0,original,,,,,,か<CTRL:00>が<CTRL:00> <CTRL:00><N:＆:4:07><CTRL:00><N:３:14:19><CTRL:00>る<CTRL:00>ル！が<CTRL:00><N:≠:16:04><CTRL:00><N:７:11:18><CTRL:00>か<CTRL:00>が<CTRL:00> <CTRL:00><N:＆:4:07><CTRL:00><N:７:11:18><CTRL:00>が<CTRL:00><N:X:20:06><CTRL:00><N:３:14:19><CTRL:00>か<CTRL:00>が<CTRL:00> <CTRL:00><N:＆:4:07><CTRL:00><N:３:14:19><CTRL:00>る<CTRL:00>ル！が<CTRL:00><N:≠:16:04><CTRL:00><N:７:11:18><CTRL:00>か<CTRL:00>が<CTRL:00> <CTRL:00><N:＆:4:07><CTRL:00><N:７:11:18><CTRL:00>る<CTRL:00>ル！が<CTRL:00><N:≠:16:04><CTRL:00><N:７:11:18><CTRL:00>か<CTRL:00>が<CTRL:00> <CTRL:00><N:＆:4:07><CTRL:00><N:７:11:18><CTRL:00>が<CTRL:00><N:≠:16:04><CTRL:00><N:３:14:19><CTRL:00>か<CTRL:00>が<CTRL:00> <CTRL:00><N:＆:4:07><CTRL:00><N:３:14:19><CTRL:00>に<CTRL:00>我 う<CTRL:00>る<CTRL:00>ぜ<N:＆:4:07>て
4/S4034.DAT,0x47C4A,103,medium,0,original,,,,,,る<CTRL:00>ル！が<CTRL:00><N:≠:16:04><CTRL:00><N:７:11:18><CTRL:00>か<CTRL:00>が<CTRL:00> <CTRL:00><N:＆:4:07><CTRL:00><N:７:11:18><CTRL:00>が<CTRL:00><N:X:20:06><CTRL:00><N:３:14:19><CTRL:00>か<CTRL:00>が<CTRL:00> <CTRL:00><N:＆:4:07><CTRL:00><N:３:14:19><CTRL:00>る<CTRL:00>ル！が<CTRL:00><N:≠:16:04><CTRL:00><N:７:11:18><CTRL:00>か<CTRL:00>が<CTRL:00> <CTRL:00><N:＆:4:07><CTRL:00><N:７:11:18><CTRL:00>る<CTRL:00>ル！が<CTRL:00><N:≠:16:04><CTRL:00><N:７:11:18><CTRL:00>か<CTRL:00>が<CTRL:00> <CTRL:00><N:＆:4:07><CTRL:00><N:７:11:18><CTRL:00>が<CTRL:00><N:≠:16:04><CTRL:00><N:３:14:19><CTRL:00>か<CTRL:00>が<CTRL:00> <CTRL:00><N:＆:4:07><CTRL:00><N:３:14:19><CTRL:00>に<CTRL:00>我 う<CTRL:00>る<CTRL:00>ぜ<N:＆:4:07>て
4/S4034.DAT,0x47C64,77,medium,0,original,,,,,,か<CTRL:00>が<CTRL:00> <CTRL:00><N:＆:4:07><CTRL:00><N:３:14:19><CTRL:00>る<CTRL:00>ル！が<CTRL:00><N:≠:16:04><CTRL:00><N:７:11:18><CTRL:00>か<CTRL:00>が<CTRL:00> <CTRL:00><N:＆:4:07><CTRL:00><N:７:11:18><CTRL:00>る<CTRL:00>ル！が<CTRL:00><N:≠:16:04><CTRL:00><N:７:11:18><CTRL:00>か<CTRL:00>が<CTRL:00> <CTRL:00><N:＆:4:07><CTRL:00><N:７:11:18><CTRL:00>が<CTRL:00><N:≠:16:04><CTRL:00><N:３:14:19><CTRL:00>か<CTRL:00>が<CTRL:00> <CTRL:00><N:＆:4:07><CTRL:00><N:３:14:19><CTRL:00>に<CTRL:00>我 う<CTRL:00>る<CTRL:00>ぜ<N:＆:4:07>て
4/S4034.DAT,0x47C6E,67,medium,0,original,,,,,,る<CTRL:00>ル！が<CTRL:00><N:≠:16:04><CTRL:00><N:７:11:18><CTRL:00>か<CTRL:00>が<CTRL:00> <CTRL:00><N:＆:4:07><CTRL:00><N:７:11:18><CTRL:00>る<CTRL:00>ル！が<CTRL:00><N:≠:16:04><CTRL:00><N:７:11:18><CTRL:00>か<CTRL:00>が<CTRL:00> <CTRL:00><N:＆:4:07><CTRL:00><N:７:11:18><CTRL:00>が<CTRL:00><N:≠:16:04><CTRL:00><N:３:14:19><CTRL:00>か<CTRL:00>が<CTRL:00> <CTRL:00><N:＆:4:07><CTRL:00><N:３:14:19><CTRL:00>に<CTRL:00>我 う<CTRL:00>る<CTRL:00>ぜ<N:＆:4:07>て
4/S4034.DAT,0x47C9C,21,medium,0,original,,,,,,か<CTRL:00>が<CTRL:00> <CTRL:00><N:＆:4:07><CTRL:00><N:３:14:19><CTRL:00>に<CTRL:00>我 う<CTRL:00>る<CTRL:00>ぜ<N:＆:4:07>て
4/S4034.DAT,0x47CA6,11,medium,0,original,,,,,,に<CTRL:00>我 う<CTRL:00>る<CTRL:00>ぜ<N:＆:4:07>て
4/S4034.DAT,0x47CC8,16,high,0,original,,,,,,ヨシュアから手紙がきています
4/S4034.DAT,0x47D30,36,high,0,original,,,,,,<N:ｌ:5:5B>次の精霊はカーデルにへ / よみますか？ / <CTRL:E5>”よむ / <CTRL:E5>”よまない
4/S4034.DAT,0x47DE2,54,high,0,original,,,,,,アークよ、地の精霊から石を受け取つたようだな。 / ということは、<N:７:11:18>人の戦士も / 集まつているのだろう。
4/S4034.DAT,0x47E4A,57,high,0,original,,,,,,彼らと力を合わせてこの戦いを勝ちぬいてくれ。 / 次の精霊はカーデルにいる。 / <N:武:3:DE28>闘大会に参加するのだ。
4/S4034.DAT,0x47EB6,53,high,0,original,,,,,,その先に精霊との出会いがある。 / これは私からのおくり物だ。 / これを使つて大会を勝ちぬいてくれ。
4/S4034.DAT,0x47F1E,36,high,0,original,,,,,,と言いたいところだが、 / この石は1つだけでは何の効果もないらしい。
4/S4034.DAT,0x47F74,49,high,0,original,,,,,,残りの石を見つけることができれば、 / あるいは何かとほうもない力が / 手に入るのかもしれない。
4/S4034.DAT,0x47FD8,27,high,0,original,,,,,,あと大会の主さい者のロクトールには気をつけるように。
4/S4034.DAT,0x48026,21,high,0,original,,,,,,アークへ /             父より
4/S4034.DAT,0x4808C,41,high,0,original,,,,,,手紙の中にア<N:｣:11:65>テムが入つています。 / <N:ｌ:5:5B>ロマンシン<N:ク:12:80>ストーンへを手に入れました
4/S4034.DAT,0x48116,31,high,0,original,,,,,,ア<N:｣:11:65>テムがあります。 / <N:ｌ:5:5B>ロマンシン<N:ク:12:80>ストーンへを見つけました
4/S4034.DAT,0x4816C,17,high,0,original,,,,,,ここにあつたものはもうひろいました
4/S4034.DAT,0x481B8,31,high,0,original,,,,,,一度行つたところでも、しばらくしたらまた行つてみた方がいいよ
4/S4034.DAT,0x4820C,25,high,0,original,,,,,,もしかしたら、何か変わつているかもしれないしね。
4/S4034.DAT,0x4825C,31,high,0,original,,,,,,一度行つたところでも、しばらくしたらまた行つてみた方がいいよ
4/S4034.DAT,0x482B0,25,high,0,original,,,,,,もしかしたら、何か変わつているかもしれないしね。
4/S4034.DAT,0x48304,34,high,0,original,,,,,,ア<N:｣:11:65>テムは自分に使つてもいいし近くの仲聞にも敵にも使えるけど
4/S4034.DAT,0x4835A,33,high,0,original,,,,,,ときどき、投げたア<N:｣:11:65>テムを / 受け取つちゃうやつがいるんだ。
4/S4034.DAT,0x483B0,36,high,0,original,,,,,,<N:ｌ:5:5B>投げるへの<N:リ:12:6F>ベルが2になるとあたつたときのダメージが大きくなるよ。
4/S4034.DAT,0x48408,27,high,0,original,,,,,,受け取つちゃうやつか。 / そうか。気をつけなきゃ。
4/S4034.DAT,0x4845E,41,high,0,original,,,,,,魔法が<N:リ:12:6F>ベルアッ<N:フ:11:DD55>すると、効果の<N:乾:16:DE93>囲が変わることがあるんじゃが、
4/S4034.DAT,0x484BC,34,high,0,original,,,,,,このときに<N:乾:16:DE93>囲そのものを / 動かせるようになることもあるんじゃ。
4/S4034.DAT,0x48518,25,high,0,original,,,,,,死んでいつた仲聞のためにも、 / おれはやるぜ。
4/S4034.DAT,0x4856C,3,high,0,original,,,,,,うむ。
4/S4034.DAT,0x485AA,39,high,0,original,,,,,,すかんは使つておるか？<CTRL:E4>つ / せつかくあるんじゃから活用した方がいいぞ。
4/S4034.DAT,0x48606,33,high,0,original,,,,,,そんなに使つてもね。<CTRL:E4>つ / このすかんに思い入れでもあるのかな。
4/S4034.DAT,0x4865C,14,high,0,original,,,,,,人の言うことは聞くもんじゃ。
4/S4034.DAT,0x4869E,18,high,0,original,,,,,,聞くかどうかは自分で決めることだろ。
4/S4034.DAT,0x486E4,16,high,0,original,,,,,,物わかりの悪いやつじゃのう。
4/S4034.DAT,0x48728,6,high,0,original,,,,,,そうかなっ。
4/S4034.DAT,0x48838,5,medium,0,original,,,,,,<CTRL:00>と<CTRL:00>）<N:≠:16:04>
4/S4035.DAT,0x479D4,21,medium,0,original,,,,,,が<CTRL:00> <CTRL:00><N:＆:4:07><CTRL:00><N:ъ:14:1A><CTRL:00>が<CTRL:00><N:＆:4:07><CTRL:00><N:＆:4:07><CTRL:00>い<CTRL:00>は<CTRL:00>！<CTRL:00><N:＆:4:07>
4/S4035.DAT,0x479FC,49,medium,0,original,,,,,,言<CTRL:00>う<CTRL:00>り<CTRL:00><N:３:14:19><CTRL:00>山<CTRL:00>う<CTRL:00>が<CTRL:00>1<CTRL:00>る<CTRL:00><N:７:11:18><CTRL:00>が<CTRL:00>1<CTRL:00>に<CTRL:00><N:３:14:19><CTRL:00>が<CTRL:00> <CTRL:00><N:＆:4:07><CTRL:00><N:ъ:14:1A><CTRL:00>が<CTRL:00><N:＆:4:07><CTRL:00><N:＆:4:07><CTRL:00>い<CTRL:00>は<CTRL:00>！<CTRL:00><N:＆:4:07>
4/S4035.DAT,0x47A04,41,medium,0,original,,,,,,山<CTRL:00>う<CTRL:00>が<CTRL:00>1<CTRL:00>る<CTRL:00><N:７:11:18><CTRL:00>が<CTRL:00>1<CTRL:00>に<CTRL:00><N:３:14:19><CTRL:00>が<CTRL:00> <CTRL:00><N:＆:4:07><CTRL:00><N:ъ:14:1A><CTRL:00>が<CTRL:00><N:＆:4:07><CTRL:00><N:＆:4:07><CTRL:00>い<CTRL:00>は<CTRL:00>！<CTRL:00><N:＆:4:07>
4/S4035.DAT,0x47A18,21,medium,0,original,,,,,,が<CTRL:00> <CTRL:00><N:＆:4:07><CTRL:00><N:ъ:14:1A><CTRL:00>が<CTRL:00><N:＆:4:07><CTRL:00><N:＆:4:07><CTRL:00>い<CTRL:00>は<CTRL:00>！<CTRL:00><N:＆:4:07>
4/S4035.DAT,0x47A40,57,medium,0,original,,,,,,参<CTRL:00>う<CTRL:00>り<CTRL:00><N:３:14:19><CTRL:00>バ<CTRL:00>う<CTRL:00>が<CTRL:00><N:ﾉ:6:10><CTRL:00><N:ъ:14:1A><CTRL:00><N:７:11:18><CTRL:00>が<CTRL:00><N:＄:1:05><CTRL:00><N:ъ:14:1A><CTRL:00>の<CTRL:00>が<CTRL:00><N:ﾉ:6:10><CTRL:00>い<CTRL:00><N:３:14:19><CTRL:00>が<CTRL:00> <CTRL:00><N:＆:4:07><CTRL:00><N:ъ:14:1A><CTRL:00>が<CTRL:00><N:＆:4:07><CTRL:00><N:＆:4:07><CTRL:00>い<CTRL:00>は<CTRL:00>！<CTRL:00><N:＆:4:07>
4/S4035.DAT,0x47A48,49,medium,0,original,,,,,,バ<CTRL:00>う<CTRL:00>が<CTRL:00><N:ﾉ:6:10><CTRL:00><N:ъ:14:1A><CTRL:00><N:７:11:18><CTRL:00>が<CTRL:00><N:＄:1:05><CTRL:00><N:ъ:14:1A><CTRL:00>の<CTRL:00>が<CTRL:00><N:ﾉ:6:10><CTRL:00>い<CTRL:00><N:３:14:19><CTRL:00>が<CTRL:00> <CTRL:00><N:＆:4:07><CTRL:00><N:ъ:14:1A><CTRL:00>が<CTRL:00><N:＆:4:07><CTRL:00><N:＆:4:07><CTRL:00>い<CTRL:00>は<CTRL:00>！<CTRL:00><N:＆:4:07>
4/S4035.DAT,0x47A64,21,medium,0,original,,,,,,が<CTRL:00> <CTRL:00><N:＆:4:07><CTRL:00><N:ъ:14:1A><CTRL:00>が<CTRL:00><N:＆:4:07><CTRL:00><N:＆:4:07><CTRL:00>い<CTRL:00>は<CTRL:00>！<CTRL:00><N:＆:4:07>
4/S4035.DAT,0x47AA0,21,medium,0,original,,,,,,が<CTRL:00> <CTRL:00><N:＆:4:07><CTRL:00><N:ъ:14:1A><CTRL:00>が<CTRL:00><N:＆:4:07><CTRL:00><N:＆:4:07><CTRL:00>い<CTRL:00>は<CTRL:00>！<CTRL:00><N:＆:4:07>
4/S4035.DAT,0x47AC8,65,medium,0,original,,,,,,フ<CTRL:00>う<CTRL:00>り<CTRL:00><N:３:14:19><CTRL:00>世<CTRL:00>う<CTRL:00>り<CTRL:00><N:３:14:19><CTRL:00>上<CTRL:00>う<CTRL:00>が<CTRL:00>1<CTRL:00><N:ъ:14:1A><CTRL:00><N:７:11:18><CTRL:00>が<CTRL:00><N:＄:1:05><CTRL:00><N:ъ:14:1A><CTRL:00>な<CTRL:00>が<CTRL:00>1<CTRL:00>い<CTRL:00><N:３:14:19><CTRL:00>が<CTRL:00> <CTRL:00><N:＆:4:07><CTRL:00><N:ъ:14:1A><CTRL:00>が<CTRL:00><N:＆:4:07><CTRL:00><N:＆:4:07><CTRL:00>い<CTRL:00>は<CTRL:00>！<CTRL:00><N:＆:4:07>
4/S4035.DAT,0x47AD0,57,medium,0,original,,,,,,世<CTRL:00>う<CTRL:00>り<CTRL:00><N:３:14:19><CTRL:00>上<CTRL:00>う<CTRL:00>が<CTRL:00>1<CTRL:00><N:ъ:14:1A><CTRL:00><N:７:11:18><CTRL:00>が<CTRL:00><N:＄:1:05><CTRL:00><N:ъ:14:1A><CTRL:00>な<CTRL:00>が<CTRL:00>1<CTRL:00>い<CTRL:00><N:３:14:19><CTRL:00>が<CTRL:00> <CTRL:00><N:＆:4:07><CTRL:00><N:ъ:14:1A><CTRL:00>が<CTRL:00><N:＆:4:07><CTRL:00><N:＆:4:07><CTRL:00>い<CTRL:00>は<CTRL:00>！<CTRL:00><N:＆:4:07>
4/S4035.DAT,0x47AD8,49,medium,0,original,,,,,,上<CTRL:00>う<CTRL:00>が<CTRL:00>1<CTRL:00><N:ъ:14:1A><CTRL:00><N:７:11:18><CTRL:00>が<CTRL:00><N:＄:1:05><CTRL:00><N:ъ:14:1A><CTRL:00>な<CTRL:00>が<CTRL:00>1<CTRL:00>い<CTRL:00><N:３:14:19><CTRL:00>が<CTRL:00> <CTRL:00><N:＆:4:07><CTRL:00><N:ъ:14:1A><CTRL:00>が<CTRL:00><N:＆:4:07><CTRL:00><N:＆:4:07><CTRL:00>い<CTRL:00>は<CTRL:00>！<CTRL:00><N:＆:4:07>
4/S4035.DAT,0x47AF4,21,medium,0,original,,,,,,が<CTRL:00> <CTRL:00><N:＆:4:07><CTRL:00><N:ъ:14:1A><CTRL:00>が<CTRL:00><N:＆:4:07><CTRL:00><N:＆:4:07><CTRL:00>い<CTRL:00>は<CTRL:00>！<CTRL:00><N:＆:4:07>
4/S4035.DAT,0x47B1C,65,medium,0,original,,,,,,聞<CTRL:00>う<CTRL:00>り<CTRL:00><N:３:14:19><CTRL:00>ム<CTRL:00>う<CTRL:00>り<CTRL:00><N:３:14:19><CTRL:00>敵<CTRL:00>う<CTRL:00>が<CTRL:00>1<CTRL:00><N:ъ:14:1A><CTRL:00><N:７:11:18><CTRL:00>が<CTRL:00><N:＄:1:05><CTRL:00><N:ъ:14:1A><CTRL:00>な<CTRL:00>が<CTRL:00>1<CTRL:00>い<CTRL:00><N:３:14:19><CTRL:00>が<CTRL:00> <CTRL:00><N:＆:4:07><CTRL:00><N:ъ:14:1A><CTRL:00>が<CTRL:00><N:＆:4:07><CTRL:00><N:＆:4:07><CTRL:00>い<CTRL:00>は<CTRL:00>！<CTRL:00><N:＆:4:07>
4/S4035.DAT,0x47B24,57,medium,0,original,,,,,,ム<CTRL:00>う<CTRL:00>り<CTRL:00><N:３:14:19><CTRL:00>敵<CTRL:00>う<CTRL:00>が<CTRL:00>1<CTRL:00><N:ъ:14:1A><CTRL:00><N:７:11:18><CTRL:00>が<CTRL:00><N:＄:1:05><CTRL:00><N:ъ:14:1A><CTRL:00>な<CTRL:00>が<CTRL:00>1<CTRL:00>い<CTRL:00><N:３:14:19><CTRL:00>が<CTRL:00> <CTRL:00><N:＆:4:07><CTRL:00><N:ъ:14:1A><CTRL:00>が<CTRL:00><N:＆:4:07><CTRL:00><N:＆:4:07><CTRL:00>い<CTRL:00>は<CTRL:00>！<CTRL:00><N:＆:4:07>
4/S4035.DAT,0x47B2C,49,medium,0,original,,,,,,敵<CTRL:00>う<CTRL:00>が<CTRL:00>1<CTRL:00><N:ъ:14:1A><CTRL:00><N:７:11:18><CTRL:00>が<CTRL:00><N:＄:1:05><CTRL:00><N:ъ:14:1A><CTRL:00>な<CTRL:00>が<CTRL:00>1<CTRL:00>い<CTRL:00><N:３:14:19><CTRL:00>が<CTRL:00> <CTRL:00><N:＆:4:07><CTRL:00><N:ъ:14:1A><CTRL:00>が<CTRL:00><N:＆:4:07><CTRL:00><N:＆:4:07><CTRL:00>い<CTRL:00>は<CTRL:00>！<CTRL:00><N:＆:4:07>
4/S4035.DAT,0x47B48,21,medium,0,original,,,,,,が<CTRL:00> <CTRL:00><N:＆:4:07><CTRL:00><N:ъ:14:1A><CTRL:00>が<CTRL:00><N:＆:4:07><CTRL:00><N:＆:4:07><CTRL:00>い<CTRL:00>は<CTRL:00>！<CTRL:00><N:＆:4:07>
4/S4035.DAT,0x47B70,13,medium,0,original,,,,,,風<CTRL:00>う<CTRL:00>り<CTRL:00><N:３:14:19><CTRL:00>備<CTRL:00>う<CTRL:00>が
4/S4035.DAT,0x47B78,5,medium,0,original,,,,,,備<CTRL:00>う<CTRL:00>が
4/S4035.DAT,0x47BD0,225,medium,0,original,,,,,,か<CTRL:00>が<CTRL:00> <CTRL:00><N:＆:4:07><CTRL:00><N:３:14:19><CTRL:00>る<CTRL:00>ル！が<CTRL:00><N:X:20:06><CTRL:00><N:７:11:18><CTRL:00>か<CTRL:00>が<CTRL:00> <CTRL:00><N:＆:4:07><CTRL:00><N:７:11:18><CTRL:00>が<CTRL:00><N:≠:16:04><CTRL:00><N:３:14:19><CTRL:00>か<CTRL:00>が<CTRL:00> <CTRL:00><N:＆:4:07><CTRL:00><N:３:14:19><CTRL:00>る<CTRL:00>ル！が<CTRL:00><N:X:20:06><CTRL:00><N:７:11:18><CTRL:00>か<CTRL:00>が<CTRL:00> <CTRL:00><N:＆:4:07><CTRL:00><N:７:11:18><CTRL:00>る<CTRL:00>ル！が<CTRL:00><N:≠:16:04><CTRL:00><N:７:11:18><CTRL:00>か<CTRL:00>が<CTRL:00> <CTRL:00><N:＆:4:07><CTRL:00><N:７:11:18><CTRL:00>が<CTRL:00><N:X:20:06><CTRL:00><N:３:14:19><CTRL:00>か<CTRL:00>が<CTRL:00> <CTRL:00><N:＆:4:07><CTRL:00><N:３:14:19><CTRL:00>る<CTRL:00>ル！が<CTRL:00><N:X:20:06><CTRL:00><N:３:14:19><CTRL:00>か<CTRL:00>が<CTRL:00> <CTRL:00><N:＆:4:07><CTRL:00><N:３:14:19><CTRL:00>る<CTRL:00>ル！が<CTRL:00><N:≠:16:04><CTRL:00><N:７:11:18><CTRL:00>か<CTRL:00>が<CTRL:00> <CTRL:00><N:＆:4:07><CTRL:00><N:７:11:18><CTRL:00>が<CTRL:00><N:X:20:06><CTRL:00><N:３:14:19><CTRL:00>か<CTRL:00>が<CTRL:00> <CTRL:00><N:＆:4:07><CTRL:00><N:３:14:19><CTRL:00>る<CTRL:00>ル！が<CTRL:00><N:≠:16:04><CTRL:00><N:７:11:18><CTRL:00>か<CTRL:00>が<CTRL:00> <CTRL:00><N:＆:4:07><CTRL:00><N:７:11:18><CTRL:00>る<CTRL:00>ル！が<CTRL:00><N:≠:16:04><CTRL:00><N:７:11:18><CTRL:00>か<CTRL:00>が<CTRL:00> <CTRL:00><N:＆:4:07><CTRL:00><N:７:11:18><CTRL:00>が<CTRL:00><N:≠:16:04><CTRL:00><N:３:14:19><CTRL:00>か<CTRL:00>が<CTRL:00> <CTRL:00><N:＆:4:07><CTRL:00><N:３:14:19><CTRL:00>に<CTRL:00>我 う<CTRL:00>る<CTRL:00>ぶ<N:X:20:06>て
4/S4035.DAT,0x47BDA,215,medium,0,original,,,,,,る<CTRL:00>ル！が<CTRL:00><N:X:20:06><CTRL:00><N:７:11:18><CTRL:00>か<CTRL:00>が<CTRL:00> <CTRL:00><N:＆:4:07><CTRL:00><N:７:11:18><CTRL:00>が<CTRL:00><N:≠:16:04><CTRL:00><N:３:14:19><CTRL:00>か<CTRL:00>が<CTRL:00> <CTRL:00><N:＆:4:07><CTRL:00><N:３:14:19><CTRL:00>る<CTRL:00>ル！が<CTRL:00><N:X:20:06><CTRL:00><N:７:11:18><CTRL:00>か<CTRL:00>が<CTRL:00> <CTRL:00><N:＆:4:07><CTRL:00><N:７:11:18><CTRL:00>る<CTRL:00>ル！が<CTRL:00><N:≠:16:04><CTRL:00><N:７:11:18><CTRL:00>か<CTRL:00>が<CTRL:00> <CTRL:00><N:＆:4:07><CTRL:00><N:７:11:18><CTRL:00>が<CTRL:00><N:X:20:06><CTRL:00><N:３:14:19><CTRL:00>か<CTRL:00>が<CTRL:00> <CTRL:00><N:＆:4:07><CTRL:00><N:３:14:19><CTRL:00>る<CTRL:00>ル！が<CTRL:00><N:X:20:06><CTRL:00><N:３:14:19><CTRL:00>か<CTRL:00>が<CTRL:00> <CTRL:00><N:＆:4:07><CTRL:00><N:３:14:19><CTRL:00>る<CTRL:00>ル！が<CTRL:00><N:≠:16:04><CTRL:00><N:７:11:18><CTRL:00>か<CTRL:00>が<CTRL:00> <CTRL:00><N:＆:4:07><CTRL:00><N:７:11:18><CTRL:00>が<CTRL:00><N:X:20:06><CTRL:00><N:３:14:19><CTRL:00>か<CTRL:00>が<CTRL:00> <CTRL:00><N:＆:4:07><CTRL:00><N:３:14:19><CTRL:00>る<CTRL:00>ル！が<CTRL:00><N:≠:16:04><CTRL:00><N:７:11:18><CTRL:00>か<CTRL:00>が<CTRL:00> <CTRL:00><N:＆:4:07><CTRL:00><N:７:11:18><CTRL:00>る<CTRL:00>ル！が<CTRL:00><N:≠:16:04><CTRL:00><N:７:11:18><CTRL:00>か<CTRL:00>が<CTRL:00> <CTRL:00><N:＆:4:07><CTRL:00><N:７:11:18><CTRL:00>が<CTRL:00><N:≠:16:04><CTRL:00><N:３:14:19><CTRL:00>か<CTRL:00>が<CTRL:00> <CTRL:00><N:＆:4:07><CTRL:00><N:３:14:19><CTRL:00>に<CTRL:00>我 う<CTRL:00>る<CTRL:00>ぶ<N:X:20:06>て
4/S4035.DAT,0x47BF4,189,medium,0,original,,,,,,か<CTRL:00>が<CTRL:00> <CTRL:00><N:＆:4:07><CTRL:00><N:３:14:19><CTRL:00>る<CTRL:00>ル！が<CTRL:00><N:X:20:06><CTRL:00><N:７:11:18><CTRL:00>か<CTRL:00>が<CTRL:00> <CTRL:00><N:＆:4:07><CTRL:00><N:７:11:18><CTRL:00>る<CTRL:00>ル！が<CTRL:00><N:≠:16:04><CTRL:00><N:７:11:18><CTRL:00>か<CTRL:00>が<CTRL:00> <CTRL:00><N:＆:4:07><CTRL:00><N:７:11:18><CTRL:00>が<CTRL:00><N:X:20:06><CTRL:00><N:３:14:19><CTRL:00>か<CTRL:00>が<CTRL:00> <CTRL:00><N:＆:4:07><CTRL:00><N:３:14:19><CTRL:00>る<CTRL:00>ル！が<CTRL:00><N:X:20:06><CTRL:00><N:３:14:19><CTRL:00>か<CTRL:00>が<CTRL:00> <CTRL:00><N:＆:4:07><CTRL:00><N:３:14:19><CTRL:00>る<CTRL:00>ル！が<CTRL:00><N:≠:16:04><CTRL:00><N:７:11:18><CTRL:00>か<CTRL:00>が<CTRL:00> <CTRL:00><N:＆:4:07><CTRL:00><N:７:11:18><CTRL:00>が<CTRL:00><N:X:20:06><CTRL:00><N:３:14:19><CTRL:00>か<CTRL:00>が<CTRL:00> <CTRL:00><N:＆:4:07><CTRL:00><N:３:14:19><CTRL:00>る<CTRL:00>ル！が<CTRL:00><N:≠:16:04><CTRL:00><N:７:11:18><CTRL:00>か<CTRL:00>が<CTRL:00> <CTRL:00><N:＆:4:07><CTRL:00><N:７:11:18><CTRL:00>る<CTRL:00>ル！が<CTRL:00><N:≠:16:04><CTRL:00><N:７:11:18><CTRL:00>か<CTRL:00>が<CTRL:00> <CTRL:00><N:＆:4:07><CTRL:00><N:７:11:18><CTRL:00>が<CTRL:00><N:≠:16:04><CTRL:00><N:３:14:19><CTRL:00>か<CTRL:00>が<CTRL:00> <CTRL:00><N:＆:4:07><CTRL:00><N:３:14:19><CTRL:00>に<CTRL:00>我 う<CTRL:00>る<CTRL:00>ぶ<N:X:20:06>て
4/S4035.DAT,0x47BFE,179,medium,0,original,,,,,,る<CTRL:00>ル！が<CTRL:00><N:X:20:06><CTRL:00><N:７:11:18><CTRL:00>か<CTRL:00>が<CTRL:00> <CTRL:00><N:＆:4:07><CTRL:00><N:７:11:18><CTRL:00>る<CTRL:00>ル！が<CTRL:00><N:≠:16:04><CTRL:00><N:７:11:18><CTRL:00>か<CTRL:00>が<CTRL:00> <CTRL:00><N:＆:4:07><CTRL:00><N:７:11:18><CTRL:00>が<CTRL:00><N:X:20:06><CTRL:00><N:３:14:19><CTRL:00>か<CTRL:00>が<CTRL:00> <CTRL:00><N:＆:4:07><CTRL:00><N:３:14:19><CTRL:00>る<CTRL:00>ル！が<CTRL:00><N:X:20:06><CTRL:00><N:３:14:19><CTRL:00>か<CTRL:00>が<CTRL:00> <CTRL:00><N:＆:4:07><CTRL:00><N:３:14:19><CTRL:00>る<CTRL:00>ル！が<CTRL:00><N:≠:16:04><CTRL:00><N:７:11:18><CTRL:00>か<CTRL:00>が<CTRL:00> <CTRL:00><N:＆:4:07><CTRL:00><N:７:11:18><CTRL:00>が<CTRL:00><N:X:20:06><CTRL:00><N:３:14:19><CTRL:00>か<CTRL:00>が<CTRL:00> <CTRL:00><N:＆:4:07><CTRL:00><N:３:14:19><CTRL:00>る<CTRL:00>ル！が<CTRL:00><N:≠:16:04><CTRL:00><N:７:11:18><CTRL:00>か<CTRL:00>が<CTRL:00> <CTRL:00><N:＆:4:07><CTRL:00><N:７:11:18><CTRL:00>る<CTRL:00>ル！が<CTRL:00><N:≠:16:04><CTRL:00><N:７:11:18><CTRL:00>か<CTRL:00>が<CTRL:00> <CTRL:00><N:＆:4:07><CTRL:00><N:７:11:18><CTRL:00>が<CTRL:00><N:≠:16:04><CTRL:00><N:３:14:19><CTRL:00>か<CTRL:00>が<CTRL:00> <CTRL:00><N:＆:4:07><CTRL:00><N:３:14:19><CTRL:00>に<CTRL:00>我 う<CTRL:00>る<CTRL:00>ぶ<N:X:20:06>て
4/S4035.DAT,0x47C2C,133,medium,0,original,,,,,,か<CTRL:00>が<CTRL:00> <CTRL:00><N:＆:4:07><CTRL:00><N:３:14:19><CTRL:00>る<CTRL:00>ル！が<CTRL:00><N:X:20:06><CTRL:00><N:３:14:19><CTRL:00>か<CTRL:00>が<CTRL:00> <CTRL:00><N:＆:4:07><CTRL:00><N:３:14:19><CTRL:00>る<CTRL:00>ル！が<CTRL:00><N:≠:16:04><CTRL:00><N:７:11:18><CTRL:00>か<CTRL:00>が<CTRL:00> <CTRL:00><N:＆:4:07><CTRL:00><N:７:11:18><CTRL:00>が<CTRL:00><N:X:20:06><CTRL:00><N:３:14:19><CTRL:00>か<CTRL:00>が<CTRL:00> <CTRL:00><N:＆:4:07><CTRL:00><N:３:14:19><CTRL:00>る<CTRL:00>ル！が<CTRL:00><N:≠:16:04><CTRL:00><N:７:11:18><CTRL:00>か<CTRL:00>が<CTRL:00> <CTRL:00><N:＆:4:07><CTRL:00><N:７:11:18><CTRL:00>る<CTRL:00>ル！が<CTRL:00><N:≠:16:04><CTRL:00><N:７:11:18><CTRL:00>か<CTRL:00>が<CTRL:00> <CTRL:00><N:＆:4:07><CTRL:00><N:７:11:18><CTRL:00>が<CTRL:00><N:≠:16:04><CTRL:00><N:３:14:19><CTRL:00>か<CTRL:00>が<CTRL:00> <CTRL:00><N:＆:4:07><CTRL:00><N:３:14:19><CTRL:00>に<CTRL:00>我 う<CTRL:00>る<CTRL:00>ぶ<N:X:20:06>て
4/S4035.DAT,0x47C36,123,medium,0,original,,,,,,る<CTRL:00>ル！が<CTRL:00><N:X:20:06><CTRL:00><N:３:14:19><CTRL:00>か<CTRL:00>が<CTRL:00> <CTRL:00><N:＆:4:07><CTRL:00><N:３:14:19><CTRL:00>る<CTRL:00>ル！が<CTRL:00><N:≠:16:04><CTRL:00><N:７:11:18><CTRL:00>か<CTRL:00>が<CTRL:00> <CTRL:00><N:＆:4:07><CTRL:00><N:７:11:18><CTRL:00>が<CTRL:00><N:X:20:06><CTRL:00><N:３:14:19><CTRL:00>か<CTRL:00>が<CTRL:00> <CTRL:00><N:＆:4:07><CTRL:00><N:３:14:19><CTRL:00>る<CTRL:00>ル！が<CTRL:00><N:≠:16:04><CTRL:00><N:７:11:18><CTRL:00>か<CTRL:00>が<CTRL:00> <CTRL:00><N:＆:4:07><CTRL:00><N:７:11:18><CTRL:00>る<CTRL:00>ル！が<CTRL:00><N:≠:16:04><CTRL:00><N:７:11:18><CTRL:00>か<CTRL:00>が<CTRL:00> <CTRL:00><N:＆:4:07><CTRL:00><N:７:11:18><CTRL:00>が<CTRL:00><N:≠:16:04><CTRL:00><N:３:14:19><CTRL:00>か<CTRL:00>が<CTRL:00> <CTRL:00><N:＆:4:07><CTRL:00><N:３:14:19><CTRL:00>に<CTRL:00>我 う<CTRL:00>る<CTRL:00>ぶ<N:X:20:06>て
4/S4035.DAT,0x47C40,113,medium,0,original,,,,,,か<CTRL:00>が<CTRL:00> <CTRL:00><N:＆:4:07><CTRL:00><N:３:14:19><CTRL:00>る<CTRL:00>ル！が<CTRL:00><N:≠:16:04><CTRL:00><N:７:11:18><CTRL:00>か<CTRL:00>が<CTRL:00> <CTRL:00><N:＆:4:07><CTRL:00><N:７:11:18><CTRL:00>が<CTRL:00><N:X:20:06><CTRL:00><N:３:14:19><CTRL:00>か<CTRL:00>が<CTRL:00> <CTRL:00><N:＆:4:07><CTRL:00><N:３:14:19><CTRL:00>る<CTRL:00>ル！が<CTRL:00><N:≠:16:04><CTRL:00><N:７:11:18><CTRL:00>か<CTRL:00>が<CTRL:00> <CTRL:00><N:＆:4:07><CTRL:00><N:７:11:18><CTRL:00>る<CTRL:00>ル！が<CTRL:00><N:≠:16:04><CTRL:00><N:７:11:18><CTRL:00>か<CTRL:00>が<CTRL:00> <CTRL:00><N:＆:4:07><CTRL:00><N:７:11:18><CTRL:00>が<CTRL:00><N:≠:16:04><CTRL:00><N:３:14:19><CTRL:00>か<CTRL:00>が<CTRL:00> <CTRL:00><N:＆:4:07><CTRL:00><N:３:14:19><CTRL:00>に<CTRL:00>我 う<CTRL:00>る<CTRL:00>ぶ<N:X:20:06>て
4/S4035.DAT,0x47C4A,103,medium,0,original,,,,,,る<CTRL:00>ル！が<CTRL:00><N:≠:16:04><CTRL:00><N:７:11:18><CTRL:00>か<CTRL:00>が<CTRL:00> <CTRL:00><N:＆:4:07><CTRL:00><N:７:11:18><CTRL:00>が<CTRL:00><N:X:20:06><CTRL:00><N:３:14:19><CTRL:00>か<CTRL:00>が<CTRL:00> <CTRL:00><N:＆:4:07><CTRL:00><N:３:14:19><CTRL:00>る<CTRL:00>ル！が<CTRL:00><N:≠:16:04><CTRL:00><N:７:11:18><CTRL:00>か<CTRL:00>が<CTRL:00> <CTRL:00><N:＆:4:07><CTRL:00><N:７:11:18><CTRL:00>る<CTRL:00>ル！が<CTRL:00><N:≠:16:04><CTRL:00><N:７:11:18><CTRL:00>か<CTRL:00>が<CTRL:00> <CTRL:00><N:＆:4:07><CTRL:00><N:７:11:18><CTRL:00>が<CTRL:00><N:≠:16:04><CTRL:00><N:３:14:19><CTRL:00>か<CTRL:00>が<CTRL:00> <CTRL:00><N:＆:4:07><CTRL:00><N:３:14:19><CTRL:00>に<CTRL:00>我 う<CTRL:00>る<CTRL:00>ぶ<N:X:20:06>て
4/S4035.DAT,0x47C64,77,medium,0,original,,,,,,か<CTRL:00>が<CTRL:00> <CTRL:00><N:＆:4:07><CTRL:00><N:３:14:19><CTRL:00>る<CTRL:00>ル！が<CTRL:00><N:≠:16:04><CTRL:00><N:７:11:18><CTRL:00>か<CTRL:00>が<CTRL:00> <CTRL:00><N:＆:4:07><CTRL:00><N:７:11:18><CTRL:00>る<CTRL:00>ル！が<CTRL:00><N:≠:16:04><CTRL:00><N:７:11:18><CTRL:00>か<CTRL:00>が<CTRL:00> <CTRL:00><N:＆:4:07><CTRL:00><N:７:11:18><CTRL:00>が<CTRL:00><N:≠:16:04><CTRL:00><N:３:14:19><CTRL:00>か<CTRL:00>が<CTRL:00> <CTRL:00><N:＆:4:07><CTRL:00><N:３:14:19><CTRL:00>に<CTRL:00>我 う<CTRL:00>る<CTRL:00>ぶ<N:X:20:06>て
4/S4035.DAT,0x47C6E,67,medium,0,original,,,,,,る<CTRL:00>ル！が<CTRL:00><N:≠:16:04><CTRL:00><N:７:11:18><CTRL:00>か<CTRL:00>が<CTRL:00> <CTRL:00><N:＆:4:07><CTRL:00><N:７:11:18><CTRL:00>る<CTRL:00>ル！が<CTRL:00><N:≠:16:04><CTRL:00><N:７:11:18><CTRL:00>か<CTRL:00>が<CTRL:00> <CTRL:00><N:＆:4:07><CTRL:00><N:７:11:18><CTRL:00>が<CTRL:00><N:≠:16:04><CTRL:00><N:３:14:19><CTRL:00>か<CTRL:00>が<CTRL:00> <CTRL:00><N:＆:4:07><CTRL:00><N:３:14:19><CTRL:00>に<CTRL:00>我 う<CTRL:00>る<CTRL:00>ぶ<N:X:20:06>て
4/S4035.DAT,0x47C9C,21,medium,0,original,,,,,,か<CTRL:00>が<CTRL:00> <CTRL:00><N:＆:4:07><CTRL:00><N:３:14:19><CTRL:00>に<CTRL:00>我 う<CTRL:00>る<CTRL:00>ぶ<N:X:20:06>て
4/S4035.DAT,0x47CA6,11,medium,0,original,,,,,,に<CTRL:00>我 う<CTRL:00>る<CTRL:00>ぶ<N:X:20:06>て
4/S4035.DAT,0x47CC8,16,high,0,original,,,,,,ヨシュアから手紙がきています
4/S4035.DAT,0x47D30,37,high,0,original,,,,,,<N:ｌ:5:5B>次の精霊はアリバーシャにへ / よみますか？ / <CTRL:E5>”よむ / <CTRL:E5>”よまない
4/S4035.DAT,0x47DE4,32,high,0,original,,,,,,アークよ、おまえはもう3精霊と出会い、そして彼らの石を得た。
4/S4035.DAT,0x47E36,48,high,0,original,,,,,,石はすなわち彼らの意<N:志:1:DF3B>だ。 / そして、おまえにもこの世界の / 姿が見えてきたであろう。
4/S4035.DAT,0x47E98,32,high,0,original,,,,,,わたしたちを追い込んでいるのは、 / わたしたち自身なのだ。
4/S4035.DAT,0x47EEA,52,high,0,original,,,,,,次の精霊はアリバーシャにいる。 / そこには、水の精霊を守り続ける / サリュ族という一族がいる。
4/S4035.DAT,0x47F50,21,high,0,original,,,,,,彼らを助けて、水の精霊を守つてくれ。
4/S4035.DAT,0x47F98,21,high,0,original,,,,,,アークへ /             父より
4/S4035.DAT,0x4800A,31,high,0,original,,,,,,ア<N:｣:11:65>テムがあります。 / <N:ｌ:5:5B>ロマンシン<N:ク:12:80>ストーンへを見つけました
4/S4035.DAT,0x48060,17,high,0,original,,,,,,ここにあつたものはもうひろいました
4/S4035.DAT,0x480AC,44,high,0,original,,,,,,どうしてもダメージを<N:与:3:DD3F>えられないときは、 / 魔法をいろいろ試してみた方がいいよ。
4/S4035.DAT,0x48112,39,high,0,original,,,,,,どんなに<N:リ:12:6F>ベルアッ<N:フ:11:DD55>しても、 / お<G:D2:209>えられない能力もいくつかあるみたい。
4/S4035.DAT,0x48174,31,high,0,original,,,,,,わしが<N:リ:12:6F>ベルアッ<N:フ:11:DD55>して強くなれば、戦いが楽になるぞい。
4/S4035.DAT,0x481C8,31,high,0,original,,,,,,どんどん魔法を使つて、早く強くなつた方がいいのじゃ。
4/S4035.DAT,0x4821C,16,high,0,original,,,,,,自分だけ強くなりたいんじゃあ？
4/S4035.DAT,0x48260,5,high,0,original,,,,,,ばかもん！
4/S4035.DAT,0x482A0,28,high,0,original,,,,,,この戦いが終わるまで、おれはさけを飲むのをやめるぜ。
4/S4035.DAT,0x482F0,16,high,0,original,,,,,,そんなこと、だれも信じないよ。
4/S4035.DAT,0x48334,39,high,0,original,,,,,,そうか、どうせ無理だしな。<CTRL:E4>つ / どうせ無理なら<N:力:5:DD02>ン<N:力:5:DD02>ン飲むぜ。
4/S4035.DAT,0x48390,20,high,0,original,,,,,,ところで、さけの精霊つてのはいないのか？
4/S4035.DAT,0x483D8,27,high,0,original,,,,,,（いてもお目にかかりたくないような<CTRL:E4>4・<CTRL:E4>4・<CTRL:E4>4・）
4/S4035.DAT,0x4842E,3,high,0,original,,,,,,うむ。
4/S4035.DAT,0x4846C,40,high,0,original,,,,,,モフリーは使つとるか？ / 場所によつてはこれほど使えるやつもめすらしいぞ。
4/S4035.DAT,0x484C8,29,high,0,original,,,,,,わしの召喚モンスターは使えるやつばかりじゃからのう。
4/S4035.DAT,0x4851A,22,high,0,original,,,,,,わつ<CTRL:E4>4はつ<CTRL:E4>4はつ<CTRL:E4>4はつ<CTRL:E4>4はつ<CTRL:E4>4は。
4/S4035.DAT,0x4856C,7,high,0,original,,,,,,だといいけど。
4/S4035.DAT,0x4867E,5,medium,0,original,,,,,,<CTRL:00>と<CTRL:00>）<N:≠:16:04>
4/S4036.DAT,0x47980,21,medium,0,original,,,,,,が<CTRL:00> <CTRL:00><N:＆:4:07><CTRL:00><N:ъ:14:1A><CTRL:00>が<CTRL:00><N:＆:4:07><CTRL:00><N:＆:4:07><CTRL:00>い<CTRL:00>は<CTRL:00>！<CTRL:00><N:＆:4:07>
4/S4036.DAT,0x479A8,49,medium,0,original,,,,,,ダ<CTRL:00>う<CTRL:00>り<CTRL:00><N:３:14:19><CTRL:00>ウ<CTRL:00>う<CTRL:00>が<CTRL:00>1<CTRL:00>る<CTRL:00><N:７:11:18><CTRL:00>が<CTRL:00>1<CTRL:00>に<CTRL:00><N:３:14:19><CTRL:00>が<CTRL:00> <CTRL:00><N:＆:4:07><CTRL:00><N:ъ:14:1A><CTRL:00>が<CTRL:00><N:＆:4:07><CTRL:00><N:＆:4:07><CTRL:00>い<CTRL:00>は<CTRL:00>！<CTRL:00><N:＆:4:07>
4/S4036.DAT,0x479B0,41,medium,0,original,,,,,,ウ<CTRL:00>う<CTRL:00>が<CTRL:00>1<CTRL:00>る<CTRL:00><N:７:11:18><CTRL:00>が<CTRL:00>1<CTRL:00>に<CTRL:00><N:３:14:19><CTRL:00>が<CTRL:00> <CTRL:00><N:＆:4:07><CTRL:00><N:ъ:14:1A><CTRL:00>が<CTRL:00><N:＆:4:07><CTRL:00><N:＆:4:07><CTRL:00>い<CTRL:00>は<CTRL:00>！<CTRL:00><N:＆:4:07>
4/S4036.DAT,0x479C4,21,medium,0,original,,,,,,が<CTRL:00> <CTRL:00><N:＆:4:07><CTRL:00><N:ъ:14:1A><CTRL:00>が<CTRL:00><N:＆:4:07><CTRL:00><N:＆:4:07><CTRL:00>い<CTRL:00>は<CTRL:00>！<CTRL:00><N:＆:4:07>
4/S4036.DAT,0x479EC,57,medium,0,original,,,,,,会<CTRL:00>う<CTRL:00>り<CTRL:00><N:３:14:19><CTRL:00>私<CTRL:00>う<CTRL:00>が<CTRL:00><N:ﾉ:6:10><CTRL:00><N:ъ:14:1A><CTRL:00><N:７:11:18><CTRL:00>が<CTRL:00><N:＄:1:05><CTRL:00><N:ъ:14:1A><CTRL:00>の<CTRL:00>が<CTRL:00><N:ﾉ:6:10><CTRL:00>い<CTRL:00><N:３:14:19><CTRL:00>が<CTRL:00> <CTRL:00><N:＆:4:07><CTRL:00><N:ъ:14:1A><CTRL:00>が<CTRL:00><N:＆:4:07><CTRL:00><N:＆:4:07><CTRL:00>い<CTRL:00>は<CTRL:00>！<CTRL:00><N:＆:4:07>
4/S4036.DAT,0x479F4,49,medium,0,original,,,,,,私<CTRL:00>う<CTRL:00>が<CTRL:00><N:ﾉ:6:10><CTRL:00><N:ъ:14:1A><CTRL:00><N:７:11:18><CTRL:00>が<CTRL:00><N:＄:1:05><CTRL:00><N:ъ:14:1A><CTRL:00>の<CTRL:00>が<CTRL:00><N:ﾉ:6:10><CTRL:00>い<CTRL:00><N:３:14:19><CTRL:00>が<CTRL:00> <CTRL:00><N:＆:4:07><CTRL:00><N:ъ:14:1A><CTRL:00>が<CTRL:00><N:＆:4:07><CTRL:00><N:＆:4:07><CTRL:00>い<CTRL:00>は<CTRL:00>！<CTRL:00><N:＆:4:07>
4/S4036.DAT,0x47A10,21,medium,0,original,,,,,,が<CTRL:00> <CTRL:00><N:＆:4:07><CTRL:00><N:ъ:14:1A><CTRL:00>が<CTRL:00><N:＆:4:07><CTRL:00><N:＆:4:07><CTRL:00>い<CTRL:00>は<CTRL:00>！<CTRL:00><N:＆:4:07>
4/S4036.DAT,0x47A4C,21,medium,0,original,,,,,,が<CTRL:00> <CTRL:00><N:＆:4:07><CTRL:00><N:ъ:14:1A><CTRL:00>が<CTRL:00><N:＆:4:07><CTRL:00><N:＆:4:07><CTRL:00>い<CTRL:00>は<CTRL:00>！<CTRL:00><N:＆:4:07>
4/S4036.DAT,0x47A74,65,medium,0,original,,,,,,思<CTRL:00>う<CTRL:00>り<CTRL:00><N:３:14:19><CTRL:00>自<CTRL:00>う<CTRL:00>り<CTRL:00><N:３:14:19><CTRL:00>オ<CTRL:00>う<CTRL:00>が<CTRL:00>1<CTRL:00><N:ъ:14:1A><CTRL:00><N:７:11:18><CTRL:00>が<CTRL:00><N:＄:1:05><CTRL:00><N:ъ:14:1A><CTRL:00>な<CTRL:00>が<CTRL:00>1<CTRL:00>い<CTRL:00><N:３:14:19><CTRL:00>が<CTRL:00> <CTRL:00><N:＆:4:07><CTRL:00><N:ъ:14:1A><CTRL:00>が<CTRL:00><N:＆:4:07><CTRL:00><N:＆:4:07><CTRL:00>い<CTRL:00>は<CTRL:00>！<CTRL:00><N:＆:4:07>
4/S4036.DAT,0x47A7C,57,medium,0,original,,,,,,自<CTRL:00>う<CTRL:00>り<CTRL:00><N:３:14:19><CTRL:00>オ<CTRL:00>う<CTRL:00>が<CTRL:00>1<CTRL:00><N:ъ:14:1A><CTRL:00><N:７:11:18><CTRL:00>が<CTRL:00><N:＄:1:05><CTRL:00><N:ъ:14:1A><CTRL:00>な<CTRL:00>が<CTRL:00>1<CTRL:00>い<CTRL:00><N:３:14:19><CTRL:00>が<CTRL:00> <CTRL:00><N:＆:4:07><CTRL:00><N:ъ:14:1A><CTRL:00>が<CTRL:00><N:＆:4:07><CTRL:00><N:＆:4:07><CTRL:00>い<CTRL:00>は<CTRL:00>！<CTRL:00><N:＆:4:07>
4/S4036.DAT,0x47A84,49,medium,0,original,,,,,,オ<CTRL:00>う<CTRL:00>が<CTRL:00>1<CTRL:00><N:ъ:14:1A><CTRL:00><N:７:11:18><CTRL:00>が<CTRL:00><N:＄:1:05><CTRL:00><N:ъ:14:1A><CTRL:00>な<CTRL:00>が<CTRL:00>1<CTRL:00>い<CTRL:00><N:３:14:19><CTRL:00>が<CTRL:00> <CTRL:00><N:＆:4:07><CTRL:00><N:ъ:14:1A><CTRL:00>が<CTRL:00><N:＆:4:07><CTRL:00><N:＆:4:07><CTRL:00>い<CTRL:00>は<CTRL:00>！<CTRL:00><N:＆:4:07>
4/S4036.DAT,0x47AA0,21,medium,0,original,,,,,,が<CTRL:00> <CTRL:00><N:＆:4:07><CTRL:00><N:ъ:14:1A><CTRL:00>が<CTRL:00><N:＆:4:07><CTRL:00><N:＆:4:07><CTRL:00>い<CTRL:00>は<CTRL:00>！<CTRL:00><N:＆:4:07>
4/S4036.DAT,0x47AC8,65,medium,0,original,,,,,,気<CTRL:00>う<CTRL:00>り<CTRL:00><N:３:14:19><CTRL:00>前<CTRL:00>う<CTRL:00>り<CTRL:00><N:３:14:19><CTRL:00>闘<CTRL:00>う<CTRL:00>が<CTRL:00>1<CTRL:00><N:ъ:14:1A><CTRL:00><N:７:11:18><CTRL:00>が<CTRL:00><N:＄:1:05><CTRL:00><N:ъ:14:1A><CTRL:00>な<CTRL:00>が<CTRL:00>1<CTRL:00>い<CTRL:00><N:３:14:19><CTRL:00>が<CTRL:00> <CTRL:00><N:＆:4:07><CTRL:00><N:ъ:14:1A><CTRL:00>が<CTRL:00><N:＆:4:07><CTRL:00><N:＆:4:07><CTRL:00>い<CTRL:00>は<CTRL:00>！<CTRL:00><N:＆:4:07>
4/S4036.DAT,0x47AD0,57,medium,0,original,,,,,,前<CTRL:00>う<CTRL:00>り<CTRL:00><N:３:14:19><CTRL:00>闘<CTRL:00>う<CTRL:00>が<CTRL:00>1<CTRL:00><N:ъ:14:1A><CTRL:00><N:７:11:18><CTRL:00>が<CTRL:00><N:＄:1:05><CTRL:00><N:ъ:14:1A><CTRL:00>な<CTRL:00>が<CTRL:00>1<CTRL:00>い<CTRL:00><N:３:14:19><CTRL:00>が<CTRL:00> <CTRL:00><N:＆:4:07><CTRL:00><N:ъ:14:1A><CTRL:00>が<CTRL:00><N:＆:4:07><CTRL:00><N:＆:4:07><CTRL:00>い<CTRL:00>は<CTRL:00>！<CTRL:00><N:＆:4:07>
4/S4036.DAT,0x47AD8,49,medium,0,original,,,,,,闘<CTRL:00>う<CTRL:00>が<CTRL:00>1<CTRL:00><N:ъ:14:1A><CTRL:00><N:７:11:18><CTRL:00>が<CTRL:00><N:＄:1:05><CTRL:00><N:ъ:14:1A><CTRL:00>な<CTRL:00>が<CTRL:00>1<CTRL:00>い<CTRL:00><N:３:14:19><CTRL:00>が<CTRL:00> <CTRL:00><N:＆:4:07><CTRL:00><N:ъ:14:1A><CTRL:00>が<CTRL:00><N:＆:4:07><CTRL:00><N:＆:4:07><CTRL:00>い<CTRL:00>は<CTRL:00>！<CTRL:00><N:＆:4:07>
4/S4036.DAT,0x47AF4,21,medium,0,original,,,,,,が<CTRL:00> <CTRL:00><N:＆:4:07><CTRL:00><N:ъ:14:1A><CTRL:00>が<CTRL:00><N:＆:4:07><CTRL:00><N:＆:4:07><CTRL:00>い<CTRL:00>は<CTRL:00>！<CTRL:00><N:＆:4:07>
4/S4036.DAT,0x47B1C,13,medium,0,original,,,,,,ふ<CTRL:00>う<CTRL:00>り<CTRL:00><N:３:14:19><CTRL:00>山<CTRL:00>う<CTRL:00>が
4/S4036.DAT,0x47B24,5,medium,0,original,,,,,,山<CTRL:00>う<CTRL:00>が
4/S4036.DAT,0x47B7C,225,medium,0,original,,,,,,か<CTRL:00>が<CTRL:00> <CTRL:00><N:＆:4:07><CTRL:00><N:３:14:19><CTRL:00>る<CTRL:00>つ！が<CTRL:00><N:X:20:06><CTRL:00><N:７:11:18><CTRL:00>か<CTRL:00>が<CTRL:00> <CTRL:00><N:＆:4:07><CTRL:00><N:７:11:18><CTRL:00>が<CTRL:00><N:≠:16:04><CTRL:00><N:３:14:19><CTRL:00>か<CTRL:00>が<CTRL:00> <CTRL:00><N:＆:4:07><CTRL:00><N:３:14:19><CTRL:00>る<CTRL:00>つ！が<CTRL:00><N:X:20:06><CTRL:00><N:７:11:18><CTRL:00>か<CTRL:00>が<CTRL:00> <CTRL:00><N:＆:4:07><CTRL:00><N:７:11:18><CTRL:00>る<CTRL:00>つ！が<CTRL:00><N:≠:16:04><CTRL:00><N:７:11:18><CTRL:00>か<CTRL:00>が<CTRL:00> <CTRL:00><N:＆:4:07><CTRL:00><N:７:11:18><CTRL:00>が<CTRL:00><N:X:20:06><CTRL:00><N:３:14:19><CTRL:00>か<CTRL:00>が<CTRL:00> <CTRL:00><N:＆:4:07><CTRL:00><N:３:14:19><CTRL:00>る<CTRL:00>つ！が<CTRL:00><N:X:20:06><CTRL:00><N:３:14:19><CTRL:00>か<CTRL:00>が<CTRL:00> <CTRL:00><N:＆:4:07><CTRL:00><N:３:14:19><CTRL:00>る<CTRL:00>つ！が<CTRL:00><N:≠:16:04><CTRL:00><N:７:11:18><CTRL:00>か<CTRL:00>が<CTRL:00> <CTRL:00><N:＆:4:07><CTRL:00><N:７:11:18><CTRL:00>が<CTRL:00><N:X:20:06><CTRL:00><N:３:14:19><CTRL:00>か<CTRL:00>が<CTRL:00> <CTRL:00><N:＆:4:07><CTRL:00><N:３:14:19><CTRL:00>る<CTRL:00>つ！が<CTRL:00><N:≠:16:04><CTRL:00><N:７:11:18><CTRL:00>か<CTRL:00>が<CTRL:00> <CTRL:00><N:＆:4:07><CTRL:00><N:７:11:18><CTRL:00>る<CTRL:00>つ！が<CTRL:00><N:≠:16:04><CTRL:00><N:７:11:18><CTRL:00>か<CTRL:00>が<CTRL:00> <CTRL:00><N:＆:4:07><CTRL:00><N:７:11:18><CTRL:00>が<CTRL:00><N:≠:16:04><CTRL:00><N:３:14:19><CTRL:00>か<CTRL:00>が<CTRL:00> <CTRL:00><N:＆:4:07><CTRL:00><N:３:14:19><CTRL:00>に<CTRL:00>石 う<CTRL:00>る<CTRL:00>れ<N:X:20:06>て
4/S4036.DAT,0x47B86,215,medium,0,original,,,,,,る<CTRL:00>つ！が<CTRL:00><N:X:20:06><CTRL:00><N:７:11:18><CTRL:00>か<CTRL:00>が<CTRL:00> <CTRL:00><N:＆:4:07><CTRL:00><N:７:11:18><CTRL:00>が<CTRL:00><N:≠:16:04><CTRL:00><N:３:14:19><CTRL:00>か<CTRL:00>が<CTRL:00> <CTRL:00><N:＆:4:07><CTRL:00><N:３:14:19><CTRL:00>る<CTRL:00>つ！が<CTRL:00><N:X:20:06><CTRL:00><N:７:11:18><CTRL:00>か<CTRL:00>が<CTRL:00> <CTRL:00><N:＆:4:07><CTRL:00><N:７:11:18><CTRL:00>る<CTRL:00>つ！が<CTRL:00><N:≠:16:04><CTRL:00><N:７:11:18><CTRL:00>か<CTRL:00>が<CTRL:00> <CTRL:00><N:＆:4:07><CTRL:00><N:７:11:18><CTRL:00>が<CTRL:00><N:X:20:06><CTRL:00><N:３:14:19><CTRL:00>か<CTRL:00>が<CTRL:00> <CTRL:00><N:＆:4:07><CTRL:00><N:３:14:19><CTRL:00>る<CTRL:00>つ！が<CTRL:00><N:X:20:06><CTRL:00><N:３:14:19><CTRL:00>か<CTRL:00>が<CTRL:00> <CTRL:00><N:＆:4:07><CTRL:00><N:３:14:19><CTRL:00>る<CTRL:00>つ！が<CTRL:00><N:≠:16:04><CTRL:00><N:７:11:18><CTRL:00>か<CTRL:00>が<CTRL:00> <CTRL:00><N:＆:4:07><CTRL:00><N:７:11:18><CTRL:00>が<CTRL:00><N:X:20:06><CTRL:00><N:３:14:19><CTRL:00>か<CTRL:00>が<CTRL:00> <CTRL:00><N:＆:4:07><CTRL:00><N:３:14:19><CTRL:00>る<CTRL:00>つ！が<CTRL:00><N:≠:16:04><CTRL:00><N:７:11:18><CTRL:00>か<CTRL:00>が<CTRL:00> <CTRL:00><N:＆:4:07><CTRL:00><N:７:11:18><CTRL:00>る<CTRL:00>つ！が<CTRL:00><N:≠:16:04><CTRL:00><N:７:11:18><CTRL:00>か<CTRL:00>が<CTRL:00> <CTRL:00><N:＆:4:07><CTRL:00><N:７:11:18><CTRL:00>が<CTRL:00><N:≠:16:04><CTRL:00><N:３:14:19><CTRL:00>か<CTRL:00>が<CTRL:00> <CTRL:00><N:＆:4:07><CTRL:00><N:３:14:19><CTRL:00>に<CTRL:00>石 う<CTRL:00>る<CTRL:00>れ<N:X:20:06>て
4/S4036.DAT,0x47BA0,189,medium,0,original,,,,,,か<CTRL:00>が<CTRL:00> <CTRL:00><N:＆:4:07><CTRL:00><N:３:14:19><CTRL:00>る<CTRL:00>つ！が<CTRL:00><N:X:20:06><CTRL:00><N:７:11:18><CTRL:00>か<CTRL:00>が<CTRL:00> <CTRL:00><N:＆:4:07><CTRL:00><N:７:11:18><CTRL:00>る<CTRL:00>つ！が<CTRL:00><N:≠:16:04><CTRL:00><N:７:11:18><CTRL:00>か<CTRL:00>が<CTRL:00> <CTRL:00><N:＆:4:07><CTRL:00><N:７:11:18><CTRL:00>が<CTRL:00><N:X:20:06><CTRL:00><N:３:14:19><CTRL:00>か<CTRL:00>が<CTRL:00> <CTRL:00><N:＆:4:07><CTRL:00><N:３:14:19><CTRL:00>る<CTRL:00>つ！が<CTRL:00><N:X:20:06><CTRL:00><N:３:14:19><CTRL:00>か<CTRL:00>が<CTRL:00> <CTRL:00><N:＆:4:07><CTRL:00><N:３:14:19><CTRL:00>る<CTRL:00>つ！が<CTRL:00><N:≠:16:04><CTRL:00><N:７:11:18><CTRL:00>か<CTRL:00>が<CTRL:00> <CTRL:00><N:＆:4:07><CTRL:00><N:７:11:18><CTRL:00>が<CTRL:00><N:X:20:06><CTRL:00><N:３:14:19><CTRL:00>か<CTRL:00>が<CTRL:00> <CTRL:00><N:＆:4:07><CTRL:00><N:３:14:19><CTRL:00>る<CTRL:00>つ！が<CTRL:00><N:≠:16:04><CTRL:00><N:７:11:18><CTRL:00>か<CTRL:00>が<CTRL:00> <CTRL:00><N:＆:4:07><CTRL:00><N:７:11:18><CTRL:00>る<CTRL:00>つ！が<CTRL:00><N:≠:16:04><CTRL:00><N:７:11:18><CTRL:00>か<CTRL:00>が<CTRL:00> <CTRL:00><N:＆:4:07><CTRL:00><N:７:11:18><CTRL:00>が<CTRL:00><N:≠:16:04><CTRL:00><N:３:14:19><CTRL:00>か<CTRL:00>が<CTRL:00> <CTRL:00><N:＆:4:07><CTRL:00><N:３:14:19><CTRL:00>に<CTRL:00>石 う<CTRL:00>る<CTRL:00>れ<N:X:20:06>て
4/S4036.DAT,0x47BAA,179,medium,0,original,,,,,,る<CTRL:00>つ！が<CTRL:00><N:X:20:06><CTRL:00><N:７:11:18><CTRL:00>か<CTRL:00>が<CTRL:00> <CTRL:00><N:＆:4:07><CTRL:00><N:７:11:18><CTRL:00>る<CTRL:00>つ！が<CTRL:00><N:≠:16:04><CTRL:00><N:７:11:18><CTRL:00>か<CTRL:00>が<CTRL:00> <CTRL:00><N:＆:4:07><CTRL:00><N:７:11:18><CTRL:00>が<CTRL:00><N:X:20:06><CTRL:00><N:３:14:19><CTRL:00>か<CTRL:00>が<CTRL:00> <CTRL:00><N:＆:4:07><CTRL:00><N:３:14:19><CTRL:00>る<CTRL:00>つ！が<CTRL:00><N:X:20:06><CTRL:00><N:３:14:19><CTRL:00>か<CTRL:00>が<CTRL:00> <CTRL:00><N:＆:4:07><CTRL:00><N:３:14:19><CTRL:00>る<CTRL:00>つ！が<CTRL:00><N:≠:16:04><CTRL:00><N:７:11:18><CTRL:00>か<CTRL:00>が<CTRL:00> <CTRL:00><N:＆:4:07><CTRL:00><N:７:11:18><CTRL:00>が<CTRL:00><N:X:20:06><CTRL:00><N:３:14:19><CTRL:00>か<CTRL:00>が<CTRL:00> <CTRL:00><N:＆:4:07><CTRL:00><N:３:14:19><CTRL:00>る<CTRL:00>つ！が<CTRL:00><N:≠:16:04><CTRL:00><N:７:11:18><CTRL:00>か<CTRL:00>が<CTRL:00> <CTRL:00><N:＆:4:07><CTRL:00><N:７:11:18><CTRL:00>る<CTRL:00>つ！が<CTRL:00><N:≠:16:04><CTRL:00><N:７:11:18><CTRL:00>か<CTRL:00>が<CTRL:00> <CTRL:00><N:＆:4:07><CTRL:00><N:７:11:18><CTRL:00>が<CTRL:00><N:≠:16:04><CTRL:00><N:３:14:19><CTRL:00>か<CTRL:00>が<CTRL:00> <CTRL:00><N:＆:4:07><CTRL:00><N:３:14:19><CTRL:00>に<CTRL:00>石 う<CTRL:00>る<CTRL:00>れ<N:X:20:06>て
4/S4036.DAT,0x47BD8,133,medium,0,original,,,,,,か<CTRL:00>が<CTRL:00> <CTRL:00><N:＆:4:07><CTRL:00><N:３:14:19><CTRL:00>る<CTRL:00>つ！が<CTRL:00><N:X:20:06><CTRL:00><N:３:14:19><CTRL:00>か<CTRL:00>が<CTRL:00> <CTRL:00><N:＆:4:07><CTRL:00><N:３:14:19><CTRL:00>る<CTRL:00>つ！が<CTRL:00><N:≠:16:04><CTRL:00><N:７:11:18><CTRL:00>か<CTRL:00>が<CTRL:00> <CTRL:00><N:＆:4:07><CTRL:00><N:７:11:18><CTRL:00>が<CTRL:00><N:X:20:06><CTRL:00><N:３:14:19><CTRL:00>か<CTRL:00>が<CTRL:00> <CTRL:00><N:＆:4:07><CTRL:00><N:３:14:19><CTRL:00>る<CTRL:00>つ！が<CTRL:00><N:≠:16:04><CTRL:00><N:７:11:18><CTRL:00>か<CTRL:00>が<CTRL:00> <CTRL:00><N:＆:4:07><CTRL:00><N:７:11:18><CTRL:00>る<CTRL:00>つ！が<CTRL:00><N:≠:16:04><CTRL:00><N:７:11:18><CTRL:00>か<CTRL:00>が<CTRL:00> <CTRL:00><N:＆:4:07><CTRL:00><N:７:11:18><CTRL:00>が<CTRL:00><N:≠:16:04><CTRL:00><N:３:14:19><CTRL:00>か<CTRL:00>が<CTRL:00> <CTRL:00><N:＆:4:07><CTRL:00><N:３:14:19><CTRL:00>に<CTRL:00>石 う<CTRL:00>る<CTRL:00>れ<N:X:20:06>て
4/S4036.DAT,0x47BE2,123,medium,0,original,,,,,,る<CTRL:00>つ！が<CTRL:00><N:X:20:06><CTRL:00><N:３:14:19><CTRL:00>か<CTRL:00>が<CTRL:00> <CTRL:00><N:＆:4:07><CTRL:00><N:３:14:19><CTRL:00>る<CTRL:00>つ！が<CTRL:00><N:≠:16:04><CTRL:00><N:７:11:18><CTRL:00>か<CTRL:00>が<CTRL:00> <CTRL:00><N:＆:4:07><CTRL:00><N:７:11:18><CTRL:00>が<CTRL:00><N:X:20:06><CTRL:00><N:３:14:19><CTRL:00>か<CTRL:00>が<CTRL:00> <CTRL:00><N:＆:4:07><CTRL:00><N:３:14:19><CTRL:00>る<CTRL:00>つ！が<CTRL:00><N:≠:16:04><CTRL:00><N:７:11:18><CTRL:00>か<CTRL:00>が<CTRL:00> <CTRL:00><N:＆:4:07><CTRL:00><N:７:11:18><CTRL:00>る<CTRL:00>つ！が<CTRL:00><N:≠:16:04><CTRL:00><N:７:11:18><CTRL:00>か<CTRL:00>が<CTRL:00> <CTRL:00><N:＆:4:07><CTRL:00><N:７:11:18><CTRL:00>が<CTRL:00><N:≠:16:04><CTRL:00><N:３:14:19><CTRL:00>か<CTRL:00>が<CTRL:00> <CTRL:00><N:＆:4:07><CTRL:00><N:３:14:19><CTRL:00>に<CTRL:00>石 う<CTRL:00>る<CTRL:00>れ<N:X:20:06>て
4/S4036.DAT,0x47BEC,113,medium,0,original,,,,,,か<CTRL:00>が<CTRL:00> <CTRL:00><N:＆:4:07><CTRL:00><N:３:14:19><CTRL:00>る<CTRL:00>つ！が<CTRL:00><N:≠:16:04><CTRL:00><N:７:11:18><CTRL:00>か<CTRL:00>が<CTRL:00> <CTRL:00><N:＆:4:07><CTRL:00><N:７:11:18><CTRL:00>が<CTRL:00><N:X:20:06><CTRL:00><N:３:14:19><CTRL:00>か<CTRL:00>が<CTRL:00> <CTRL:00><N:＆:4:07><CTRL:00><N:３:14:19><CTRL:00>る<CTRL:00>つ！が<CTRL:00><N:≠:16:04><CTRL:00><N:７:11:18><CTRL:00>か<CTRL:00>が<CTRL:00> <CTRL:00><N:＆:4:07><CTRL:00><N:７:11:18><CTRL:00>る<CTRL:00>つ！が<CTRL:00><N:≠:16:04><CTRL:00><N:７:11:18><CTRL:00>か<CTRL:00>が<CTRL:00> <CTRL:00><N:＆:4:07><CTRL:00><N:７:11:18><CTRL:00>が<CTRL:00><N:≠:16:04><CTRL:00><N:３:14:19><CTRL:00>か<CTRL:00>が<CTRL:00> <CTRL:00><N:＆:4:07><CTRL:00><N:３:14:19><CTRL:00>に<CTRL:00>石 う<CTRL:00>る<CTRL:00>れ<N:X:20:06>て
4/S4036.DAT,0x47BF6,103,medium,0,original,,,,,,る<CTRL:00>つ！が<CTRL:00><N:≠:16:04><CTRL:00><N:７:11:18><CTRL:00>か<CTRL:00>が<CTRL:00> <CTRL:00><N:＆:4:07><CTRL:00><N:７:11:18><CTRL:00>が<CTRL:00><N:X:20:06><CTRL:00><N:３:14:19><CTRL:00>か<CTRL:00>が<CTRL:00> <CTRL:00><N:＆:4:07><CTRL:00><N:３:14:19><CTRL:00>る<CTRL:00>つ！が<CTRL:00><N:≠:16:04><CTRL:00><N:７:11:18><CTRL:00>か<CTRL:00>が<CTRL:00> <CTRL:00><N:＆:4:07><CTRL:00><N:７:11:18><CTRL:00>る<CTRL:00>つ！が<CTRL:00><N:≠:16:04><CTRL:00><N:７:11:18><CTRL:00>か<CTRL:00>が<CTRL:00> <CTRL:00><N:＆:4:07><CTRL:00><N:７:11:18><CTRL:00>が<CTRL:00><N:≠:16:04><CTRL:00><N:３:14:19><CTRL:00>か<CTRL:00>が<CTRL:00> <CTRL:00><N:＆:4:07><CTRL:00><N:３:14:19><CTRL:00>に<CTRL:00>石 う<CTRL:00>る<CTRL:00>れ<N:X:20:06>て
4/S4036.DAT,0x47C10,77,medium,0,original,,,,,,か<CTRL:00>が<CTRL:00> <CTRL:00><N:＆:4:07><CTRL:00><N:３:14:19><CTRL:00>る<CTRL:00>つ！が<CTRL:00><N:≠:16:04><CTRL:00><N:７:11:18><CTRL:00>か<CTRL:00>が<CTRL:00> <CTRL:00><N:＆:4:07><CTRL:00><N:７:11:18><CTRL:00>る<CTRL:00>つ！が<CTRL:00><N:≠:16:04><CTRL:00><N:７:11:18><CTRL:00>か<CTRL:00>が<CTRL:00> <CTRL:00><N:＆:4:07><CTRL:00><N:７:11:18><CTRL:00>が<CTRL:00><N:≠:16:04><CTRL:00><N:３:14:19><CTRL:00>か<CTRL:00>が<CTRL:00> <CTRL:00><N:＆:4:07><CTRL:00><N:３:14:19><CTRL:00>に<CTRL:00>石 う<CTRL:00>る<CTRL:00>れ<N:X:20:06>て
4/S4036.DAT,0x47C1A,67,medium,0,original,,,,,,る<CTRL:00>つ！が<CTRL:00><N:≠:16:04><CTRL:00><N:７:11:18><CTRL:00>か<CTRL:00>が<CTRL:00> <CTRL:00><N:＆:4:07><CTRL:00><N:７:11:18><CTRL:00>る<CTRL:00>つ！が<CTRL:00><N:≠:16:04><CTRL:00><N:７:11:18><CTRL:00>か<CTRL:00>が<CTRL:00> <CTRL:00><N:＆:4:07><CTRL:00><N:７:11:18><CTRL:00>が<CTRL:00><N:≠:16:04><CTRL:00><N:３:14:19><CTRL:00>か<CTRL:00>が<CTRL:00> <CTRL:00><N:＆:4:07><CTRL:00><N:３:14:19><CTRL:00>に<CTRL:00>石 う<CTRL:00>る<CTRL:00>れ<N:X:20:06>て
4/S4036.DAT,0x47C48,21,medium,0,original,,,,,,か<CTRL:00>が<CTRL:00> <CTRL:00><N:＆:4:07><CTRL:00><N:３:14:19><CTRL:00>に<CTRL:00>石 う<CTRL:00>る<CTRL:00>れ<N:X:20:06>て
4/S4036.DAT,0x47C52,11,medium,0,original,,,,,,に<CTRL:00>石 う<CTRL:00>る<CTRL:00>れ<N:X:20:06>て
4/S4036.DAT,0x47C74,16,high,0,original,,,,,,ヨシュアから手紙がきています
4/S4036.DAT,0x47CDC,36,high,0,original,,,,,,<N:ｌ:5:5B>最後の精霊はスメリアにへ / よみますか？ / <CTRL:E5>”よむ / <CTRL:E5>”よまない
4/S4036.DAT,0x47D8E,31,high,0,original,,,,,,アークよ、 / 最後の精霊は、 / スメリアのパ<N:リ:12:6F>ンシアにいる。
4/S4036.DAT,0x47DE0,45,high,0,original,,,,,,そしてそこは、<N:邪:1:DE36>悪な欲望の集まつている場所でもある。 / 心して向かつてくれ。
4/S4036.DAT,0x47E40,51,high,0,original,,,,,,<N:ｃ:12:16>大精霊の石を集めた後におまえの運命が大きく動くであろう。 / 決してくじけす立ち向かつてくれ。
4/S4036.DAT,0x47EA6,21,high,0,original,,,,,,アークへ /             父より
4/S4036.DAT,0x47F18,31,high,0,original,,,,,,ア<N:｣:11:65>テムがあります。 / <N:ｌ:5:5B>ロマンシン<N:ク:12:80>ストーンへを見つけました
4/S4036.DAT,0x47F6E,17,high,0,original,,,,,,ここにあつたものはもうひろいました
4/S4036.DAT,0x47FBA,34,high,0,original,,,,,,効果の分からないア<N:｣:11:65>テムは、 / 自分で調ベるしかないのかな。
4/S4036.DAT,0x48010,24,high,0,original,,,,,,そういうのに詳しい仲聞がいればよかつたのに。
4/S4036.DAT,0x4805C,20,high,0,original,,,,,,<N:ニ:13:DD3C>ーゲンもあまりあてにならないしな。
4/S4036.DAT,0x480AA,5,high,0,original,,,,,,なにかな。
4/S4036.DAT,0x480EA,32,high,0,original,,,,,,何でも聞いてみなさい。 / わしはどのようなことでも知つておるぞ。
4/S4036.DAT,0x4813E,27,high,0,original,,,,,,効果の分からないア<N:｣:11:65>テムがあるんだけど・・・
4/S4036.DAT,0x4818E,17,high,0,original,,,,,,それは、自分で調ベることじゃ。
4/S4036.DAT,0x481D4,19,high,0,original,,,,,,何でも知つているつて言つたじゃないか？
4/S4036.DAT,0x4821C,19,high,0,original,,,,,,まあ、たまには分からないこともあるぞ。
4/S4036.DAT,0x48264,33,high,0,original,,,,,,（物知りじゃない、ぜつたい物知りじゃない・・・）
4/S4036.DAT,0x482C0,20,high,0,original,,,,,,さけの精霊の話だが・・・。
4/S4036.DAT,0x48308,34,high,0,original,,,,,,さけにもいろいろあるからな。 / それぞれみんな別の精霊がいるのか？
4/S4036.DAT,0x4835E,9,high,0,original,,,,,,（知つたことか！）
4/S4036.DAT,0x483A2,3,high,0,original,,,,,,うむ。
4/S4036.DAT,0x483DA,13,high,0,original,,,,,,（あまりしゃベらないな）
4/S4036.DAT,0x48422,33,high,0,original,,,,,,<N:ゲ:16:DD6D>ラックはいつでも出しておいて<N:リ:12:6F>ベルアッ<N:フ:11:DD55>させた方がいいぞ。
4/S4036.DAT,0x4854E,5,medium,0,original,,,,,,<CTRL:00>と<CTRL:00>）<N:≠:16:04>
4/S4036.DAT,0x48924,45,medium,0,original,,,,,,こ！<N:‐:2:0E><CTRL:00> <CTRL:00>攻”<N:‐:2:0E><CTRL:00>”<CTRL:00>ゃ<N:≠:16:04><N:‐:2:0E><CTRL:00><N:≠:16:04><CTRL:00>士<N:≠:16:04><N:‐:2:0E><CTRL:00>！<CTRL:00>ル<N:＄:1:05><N:‐:2:0E><CTRL:00><N:＄:1:05><CTRL:00>方<N:＄:1:05><N:‐:2:0E><CTRL:00><N:X:20:06><CTRL:00><N:≠:16:04><N:X:20:06><N:‐:2:0E><CTRL:00><N:７:11:18><CTRL:00>ウ”3
4/S4041.DAT,0x47950,23,high,1,inline_changed,,,,,,ここが、父さんの手紙に書いてあつた場所だ。
4/S4041.DAT,0x479A4,14,high,1,inline_changed,,,,,,<G:D2:209>く、もうつかれちゃつたよ。
4/S4041.DAT,0x479F4,8,high,1,inline_changed,,,,,,これは何かしら？
4/S4041.DAT,0x47A3E,11,high,1,inline_changed,,,,,,<N:表:12:DE59>面に何かあるぞ。
4/S4041.DAT,0x47AA4,43,high,1,inline_changed,,,,,,石に<N:眠:5:DDB9>りし記憶を<N:求:3:DE79>めし者 /  / その力をもつて我が意にこたえよ。<CTRL:E4>ご<CTRL:E4>よ<CTRL:E4>よ
4/S4051.DAT,0x479F8,49,medium,0,original,,,,,,<CTRL:00><N:ъ:14:1A><CTRL:00>し<CTRL:00>す<CTRL:00><N:．:2:0F><CTRL:00>う<CTRL:00> <CTRL:00>ん<CTRL:00><N:ｃ:12:16><CTRL:00>は<CTRL:00>3 に<CTRL:00>す<CTRL:00><N:ﾉ:6:10><CTRL:00>う<CTRL:00> <CTRL:00>ん<CTRL:00><N:ｃ:9:17><CTRL:00>は<CTRL:00>3 に<CTRL:00> <CTRL:00>ー か<CTRL:00>
4/S4051.DAT,0x47A1C,13,medium,0,original,,,,,,は<CTRL:00>3 に<CTRL:00> <CTRL:00>ー か<CTRL:00>
4/S4051.DAT,0x47BF4,49,medium,0,original,,,,,,<CTRL:00><N:ъ:14:1A><CTRL:00>し<CTRL:00>す<CTRL:00><N:．:2:0F><CTRL:00>う<CTRL:00> <CTRL:00>ん<CTRL:00><N:ｃ:12:16><CTRL:00>は<CTRL:00>1！に<CTRL:00>す<CTRL:00><N:ﾉ:6:10><CTRL:00>う<CTRL:00> <CTRL:00>ん<CTRL:00><N:ｃ:9:17><CTRL:00>は<CTRL:00>1！に<CTRL:00> <CTRL:00>を！か<CTRL:00>
4/S4051.DAT,0x47C18,13,medium,0,original,,,,,,は<CTRL:00>1！に<CTRL:00> <CTRL:00>を！か<CTRL:00>
4/S4051.DAT,0x47E18,21,medium,0,original,,,,,,<CTRL:00><N:ъ:14:1A><CTRL:00>し<CTRL:00>す<CTRL:00><N:*:7:0B><CTRL:00><N:ｃ:9:17><CTRL:00>す<CTRL:00>”<CTRL:00>う<CTRL:00> <CTRL:00>ま
4/S4051.DAT,0x47E24,9,medium,0,original,,,,,,す<CTRL:00>”<CTRL:00>う<CTRL:00> <CTRL:00>ま
4/S4051.DAT,0x48090,21,medium,0,original,,,,,,<CTRL:00><N:ъ:14:1A><CTRL:00>し<CTRL:00>す<CTRL:00><N:*:7:0B><CTRL:00><N:ｃ:9:17><CTRL:00>す<CTRL:00>”<CTRL:00>う<CTRL:00> <CTRL:00>ま
4/S4051.DAT,0x4809C,9,medium,0,original,,,,,,す<CTRL:00>”<CTRL:00>う<CTRL:00> <CTRL:00>ま
4/S4051.DAT,0x482A8,21,medium,0,original,,,,,,<CTRL:00><N:ъ:14:1A><CTRL:00>し<CTRL:00>す<CTRL:00><N:*:7:0B><CTRL:00><N:ｃ:9:17><CTRL:00>す<CTRL:00>”<CTRL:00>う<CTRL:00> <CTRL:00>ま
4/S4051.DAT,0x482B4,9,medium,0,original,,,,,,す<CTRL:00>”<CTRL:00>う<CTRL:00> <CTRL:00>ま
4/S4051.DAT,0x48498,21,medium,0,original,,,,,,<CTRL:00><N:ъ:14:1A><CTRL:00>し<CTRL:00>す<CTRL:00><N:*:7:0B><CTRL:00><N:ｃ:9:17><CTRL:00>す<CTRL:00>”<CTRL:00>う<CTRL:00> <CTRL:00>ま
4/S4051.DAT,0x484A4,9,medium,0,original,,,,,,す<CTRL:00>”<CTRL:00>う<CTRL:00> <CTRL:00>ま
4/S4051.DAT,0x48598,7,medium,0,original,,,,,,<CTRL:00><N:ъ:14:1A><CTRL:00>し<CTRL:00>
4/S4051.DAT,0x488F6,9,medium,0,original,,,,,,す<CTRL:00>”<CTRL:00>う<CTRL:00> <CTRL:00>ま
4/S4051.DAT,0x489AA,9,medium,0,original,,,,,,す<CTRL:00>”<CTRL:00>う<CTRL:00> <CTRL:00>ま
4/S4051.DAT,0x48AD8,9,medium,0,original,,,,,,す<CTRL:00>”<CTRL:00>う<CTRL:00> <CTRL:00>ま
4/S4051.DAT,0x48CEC,9,medium,0,original,,,,,,す<CTRL:00>”<CTRL:00>う<CTRL:00> <CTRL:00>ま
4/S4051.DAT,0x48D8C,9,medium,0,original,,,,,,す<CTRL:00>”<CTRL:00>う<CTRL:00> <CTRL:00>ま
4/S4051.DAT,0x48E02,9,medium,0,original,,,,,,す<CTRL:00>”<CTRL:00>う<CTRL:00> <CTRL:00>ま
4/S4051.DAT,0x48EFE,9,medium,0,original,,,,,,す<CTRL:00>”<CTRL:00>う<CTRL:00> <CTRL:00>ま
4/S4051.DAT,0x4922A,9,medium,0,original,,,,,,す<CTRL:00>”<CTRL:00>う<CTRL:00> <CTRL:00>ま
4/S4061.DAT,0x478AE,14,high,0,original,,,,,,なんか様子が変ね・・。
4/S4061.DAT,0x478F8,10,high,0,original,,,,,,俺、家を見てくる。
4/S4062.DAT,0x47872,23,high,0,original,,,,,,もうここに戻つても、 / 何もないなっ・・。
5/S5011.DAT,0x4782E,5,medium,0,original,,,,,,る<CTRL:00>し<CTRL:00><N:X:20:06>
5/S5011.DAT,0x47870,37,medium,0,original,,,,,,ふ！’<CTRL:00><N:７:11:18><CTRL:00>ふ！’<CTRL:00>の<CTRL:00>ふ！’<CTRL:00>な<CTRL:00>ふ！’<CTRL:00>し<CTRL:00>ふ！<N:＆:4:07><CTRL:00><CTRL:FF><CTRL:FF>の<CTRL:00>し<CTRL:00>ぞ！て
5/S5011.DAT,0x478EC,27,medium,0,original,,,,,,一！<N:＆:4:07><CTRL:00><N:７:11:18><CTRL:00>一！<N:＆:4:07><CTRL:00>の<CTRL:00>一！<N:＆:4:07><CTRL:00>な<CTRL:00>一！<N:＆:4:07><CTRL:00>し<CTRL:00>一！て
5/S5011.DAT,0x4794C,73,medium,0,original,,,,,,石<CTRL:00><N:ぇ:2:C0>！攻’！<CTRL:00><N:X:20:06><CTRL:00>に<CTRL:00>門<N:*:7:0B><CTRL:00><CTRL:FF><CTRL:FF><N:７:11:18><CTRL:00>た<CTRL:00><CTRL:F7><CTRL:FF>う<CTRL:00><N:≠:16:04><CTRL:00>な<CTRL:00>石<CTRL:00><N:ク:12:80>（<N:ﾉ:6:10><CTRL:FF>！<CTRL:00>，<CTRL:00><N:≠:16:04><CTRL:00>の<CTRL:00>石<CTRL:00><N:ク:12:80>（見！！<CTRL:00>，<CTRL:00><N:≠:16:04><CTRL:00>し<CTRL:00>石<CTRL:00>か’<G:E005:989>！<CTRL:00>，<CTRL:00><N:≠:16:04><CTRL:00><N:７:11:18><CTRL:00>石
5/S5011.DAT,0x479A2,31,medium,0,original,,,,,,石<CTRL:00><N:ぇ:2:C0>！攻’！<CTRL:00><N:≠:16:04><CTRL:00>に<CTRL:00>門<N:*:7:0B><CTRL:00><CTRL:FF><CTRL:FF><N:７:11:18><CTRL:00>た<CTRL:00><CTRL:F7><CTRL:FF>う<CTRL:00><N:≠:16:04><CTRL:00><N:ъ:14:1A><CTRL:00>石
5/S5011.DAT,0x479DC,29,medium,0,original,,,,,,<CTRL:00><CTRL:FF>0<CTRL:00><N:ъ:14:1A><CTRL:00>や<CTRL:00>0<CTRL:00>た<CTRL:00>や<CTRL:00>0<CTRL:00><N:７:11:18><CTRL:00>や<CTRL:00>う<CTRL:00>ら<CTRL:00>”<CTRL:00>で！て
5/S5011.DAT,0x47A2C,111,medium,0,original,,,,,,敵 <N:＆:4:07><CTRL:00><N:７:11:18><CTRL:00>敵 <N:＆:4:07><CTRL:00>の<CTRL:00>敵 <N:＆:4:07><CTRL:00>な<CTRL:00>敵 <N:＆:4:07><CTRL:00>し<CTRL:00>敵 う<CTRL:00>’<CTRL:00><N:３:14:19><CTRL:00>ど！’<CTRL:00><N:７:11:18><CTRL:00>じ！’<CTRL:00>の<CTRL:00>マ！’<CTRL:00>な<CTRL:00>タ！’<CTRL:00>し<CTRL:00>シ！う<CTRL:00>’<CTRL:00><N:３:14:19><CTRL:00>出！’<CTRL:00><N:７:11:18><CTRL:00>ね！’<CTRL:00>の<CTRL:00>下！’<CTRL:00>な<CTRL:00>何！’<CTRL:00>し<CTRL:00>チ！う<CTRL:00>を<CTRL:00>”<CTRL:00>ゃ う<CTRL:00>ら<CTRL:00>”<CTRL:00>2！に<CTRL:00>ろ て
5/S5011.DAT,0x47A4C,79,medium,0,original,,,,,,ど！’<CTRL:00><N:７:11:18><CTRL:00>じ！’<CTRL:00>の<CTRL:00>マ！’<CTRL:00>な<CTRL:00>タ！’<CTRL:00>し<CTRL:00>シ！う<CTRL:00>’<CTRL:00><N:３:14:19><CTRL:00>出！’<CTRL:00><N:７:11:18><CTRL:00>ね！’<CTRL:00>の<CTRL:00>下！’<CTRL:00>な<CTRL:00>何！’<CTRL:00>し<CTRL:00>チ！う<CTRL:00>を<CTRL:00>”<CTRL:00>ゃ う<CTRL:00>ら<CTRL:00>”<CTRL:00>2！に<CTRL:00>ろ て
5/S5011.DAT,0x47A6C,47,medium,0,original,,,,,,出！’<CTRL:00><N:７:11:18><CTRL:00>ね！’<CTRL:00>の<CTRL:00>下！’<CTRL:00>な<CTRL:00>何！’<CTRL:00>し<CTRL:00>チ！う<CTRL:00>を<CTRL:00>”<CTRL:00>ゃ う<CTRL:00>ら<CTRL:00>”<CTRL:00>2！に<CTRL:00>ろ て
5/S5011.DAT,0x47AC0,22,medium,0,original,,,,,,<N:ｌ:5:5B>！’<CTRL:00><N:７:11:18><CTRL:00>霊！う<CTRL:00> <CTRL:00>！<CTRL:00><CTRL:FC>  <CTRL:00><N:≠:16:04><CTRL:00><CTRL:FC>
5/S5011.DAT,0x47AE6,27,medium,0,original,,,,,,て！<N:＆:4:07><CTRL:00><N:７:11:18><CTRL:00>て！<N:＆:4:07><CTRL:00>の<CTRL:00>て！<N:＆:4:07><CTRL:00>な<CTRL:00>て！<N:＆:4:07><CTRL:00>し<CTRL:00>て！う
5/S5011.DAT,0x47D3C,8,medium,0,original,,,,,,精。ンを？らわた
5/S5011.DAT,0x47D5A,45,medium,0,original,,,,,,<CTRL:E5>！値ひれ<N:究:1:DE46>投ミベ<CTRL:E6><CTRL:00><CTRL:E5>！場ふ<N:究:1:DE46>投ミベ<CTRL:E6><CTRL:00><CTRL:E5>！年 が精ん<CTRL:E6><CTRL:00><CTRL:E5>！もー出っん<CTRL:E6>
5/S5011.DAT,0x47DB2,8,medium,0,original,,,,,,よとすをゃで王ン
5/S5011.DAT,0x47DD4,49,medium,0,original,,,,,,<CTRL:E5>！じ者ひれ話<N:空:2:DD18><CTRL:E6><CTRL:00><CTRL:E5>！運き臣ま<G:D2:209>話<N:空:2:DD18><CTRL:E6><CTRL:00><CTRL:E5>！フダ<N:リ:12:6F>ねま負話<N:空:2:DD18><CTRL:E6><CTRL:00><CTRL:E5>！解い装ま火<CTRL:E6>
5/S5011.DAT,0x47E2C,50,medium,0,original,,,,,,<CTRL:E5>！れどどめじ話<N:空:2:DD18><CTRL:E6><CTRL:00><CTRL:E5>！れひウまねニ話<N:空:2:DD18><CTRL:E6><CTRL:00><CTRL:E5>！必ま直き話<N:空:2:DD18><CTRL:E6><CTRL:00><CTRL:E5>！解い装ま火<CTRL:E6>
5/S5011.DAT,0x47E86,25,medium,0,original,,,,,,<CTRL:E5>！はどま受金話<N:空:2:DD18><CTRL:E6><CTRL:00><CTRL:E5>！解い装ま火<CTRL:E6>
5/S5011.DAT,0x48004,16,high,0,original,,,,,,待つてたよ、 / 東方からの人。
5/S5011.DAT,0x48048,7,high,0,original,,,,,,待つてたつて？
5/S5011.DAT,0x48084,18,high,0,original,,,,,,精霊（せいれい）に会いにきたんだろ？
5/S5011.DAT,0x480CA,6,high,0,original,,,,,,何でそれを？
5/S5011.DAT,0x4810A,15,high,0,original,,,,,,こつちも商売だからね<N:±:6:DF5D>。
5/S5011.DAT,0x4815A,37,high,0,original,,,,,,商売とは何だ、てめ<N:ぇ:2:C0>！ / <CTRL:E4>よ<CTRL:E4>よ<CTRL:E4>よ痛い目あいて<N:ぇ:2:C0>か、こらっ！<CTRL:E4>よ
5/S5011.DAT,0x481C6,20,high,0,original,,,,,,ひゃひゃひゃつ！ / こりゃ強そうだわ。
5/S5011.DAT,0x4820E,22,high,0,original,,,,,,とにかくわしの店にきて話を / 聞いてくれ。
5/S5011.DAT,0x4825E,26,high,0,original,,,,,,こつちじゃ、こつちじゃ、 / 早う、早う。<CTRL:E4>よ
5/S5011.DAT,0x482A2,5,high,0,original,,,,,,どうする？
5/S5011.DAT,0x482DC,33,high,0,original,,,,,,みちびかれるままにか<CTRL:E4><N:*:7:0B>・<CTRL:E4><N:*:7:0B>・<CTRL:E4><N:*:7:0B>・。 / <CTRL:E4><N:*:7:0B>行くしかないなっ。
5/S5012.DAT,0x4782E,5,medium,0,original,,,,,,る<CTRL:00>し<CTRL:00><N:X:20:06>
5/S5012.DAT,0x47870,37,medium,0,original,,,,,,ふ！’<CTRL:00><N:７:11:18><CTRL:00>ふ！’<CTRL:00>の<CTRL:00>ふ！’<CTRL:00>な<CTRL:00>ふ！’<CTRL:00>し<CTRL:00>ふ！<N:＆:4:07><CTRL:00><CTRL:FF><CTRL:FF>の<CTRL:00>し<CTRL:00>ぞ！て
5/S5012.DAT,0x478EC,27,medium,0,original,,,,,,一！<N:＆:4:07><CTRL:00><N:７:11:18><CTRL:00>一！<N:＆:4:07><CTRL:00>の<CTRL:00>一！<N:＆:4:07><CTRL:00>な<CTRL:00>一！<N:＆:4:07><CTRL:00>し<CTRL:00>一！て
5/S5012.DAT,0x4794C,73,medium,0,original,,,,,,石<CTRL:00><N:ぇ:2:C0>！攻’！<CTRL:00><N:X:20:06><CTRL:00>に<CTRL:00>門<N:*:7:0B><CTRL:00><CTRL:FF><CTRL:FF><N:７:11:18><CTRL:00>た<CTRL:00><CTRL:F7><CTRL:FF>う<CTRL:00><N:≠:16:04><CTRL:00>な<CTRL:00>石<CTRL:00><N:ク:12:80>（<N:ﾉ:6:10><CTRL:FF>！<CTRL:00>，<CTRL:00><N:≠:16:04><CTRL:00>の<CTRL:00>石<CTRL:00><N:ク:12:80>（見！！<CTRL:00>，<CTRL:00><N:≠:16:04><CTRL:00>し<CTRL:00>石<CTRL:00>か’<G:E005:989>！<CTRL:00>，<CTRL:00><N:≠:16:04><CTRL:00><N:７:11:18><CTRL:00>石
5/S5012.DAT,0x479A2,31,medium,0,original,,,,,,石<CTRL:00><N:ぇ:2:C0>！攻’！<CTRL:00><N:≠:16:04><CTRL:00>に<CTRL:00>門<N:*:7:0B><CTRL:00><CTRL:FF><CTRL:FF><N:７:11:18><CTRL:00>た<CTRL:00><CTRL:F7><CTRL:FF>う<CTRL:00><N:≠:16:04><CTRL:00><N:ъ:14:1A><CTRL:00>石
5/S5012.DAT,0x479DC,29,medium,0,original,,,,,,<CTRL:00><CTRL:FF>0<CTRL:00><N:ъ:14:1A><CTRL:00>や<CTRL:00>0<CTRL:00>た<CTRL:00>や<CTRL:00>0<CTRL:00><N:７:11:18><CTRL:00>や<CTRL:00>う<CTRL:00>ら<CTRL:00>”<CTRL:00>で！て
5/S5012.DAT,0x47A2C,111,medium,0,original,,,,,,敵 <N:＆:4:07><CTRL:00><N:７:11:18><CTRL:00>敵 <N:＆:4:07><CTRL:00>の<CTRL:00>敵 <N:＆:4:07><CTRL:00>な<CTRL:00>敵 <N:＆:4:07><CTRL:00>し<CTRL:00>敵 う<CTRL:00>’<CTRL:00><N:３:14:19><CTRL:00>ど！’<CTRL:00><N:７:11:18><CTRL:00>じ！’<CTRL:00>の<CTRL:00>マ！’<CTRL:00>な<CTRL:00>タ！’<CTRL:00>し<CTRL:00>シ！う<CTRL:00>’<CTRL:00><N:３:14:19><CTRL:00>出！’<CTRL:00><N:７:11:18><CTRL:00>ね！’<CTRL:00>の<CTRL:00>下！’<CTRL:00>な<CTRL:00>何！’<CTRL:00>し<CTRL:00>チ！う<CTRL:00>を<CTRL:00>”<CTRL:00>ゃ う<CTRL:00>ら<CTRL:00>”<CTRL:00>2！に<CTRL:00>ろ て
5/S5012.DAT,0x47A4C,79,medium,0,original,,,,,,ど！’<CTRL:00><N:７:11:18><CTRL:00>じ！’<CTRL:00>の<CTRL:00>マ！’<CTRL:00>な<CTRL:00>タ！’<CTRL:00>し<CTRL:00>シ！う<CTRL:00>’<CTRL:00><N:３:14:19><CTRL:00>出！’<CTRL:00><N:７:11:18><CTRL:00>ね！’<CTRL:00>の<CTRL:00>下！’<CTRL:00>な<CTRL:00>何！’<CTRL:00>し<CTRL:00>チ！う<CTRL:00>を<CTRL:00>”<CTRL:00>ゃ う<CTRL:00>ら<CTRL:00>”<CTRL:00>2！に<CTRL:00>ろ て
5/S5012.DAT,0x47A6C,47,medium,0,original,,,,,,出！’<CTRL:00><N:７:11:18><CTRL:00>ね！’<CTRL:00>の<CTRL:00>下！’<CTRL:00>な<CTRL:00>何！’<CTRL:00>し<CTRL:00>チ！う<CTRL:00>を<CTRL:00>”<CTRL:00>ゃ う<CTRL:00>ら<CTRL:00>”<CTRL:00>2！に<CTRL:00>ろ て
5/S5012.DAT,0x47AC0,22,medium,0,original,,,,,,<N:ｌ:5:5B>！’<CTRL:00><N:７:11:18><CTRL:00>霊！う<CTRL:00> <CTRL:00>！<CTRL:00><CTRL:FC>  <CTRL:00><N:≠:16:04><CTRL:00><CTRL:FC>
5/S5012.DAT,0x47AE6,27,medium,0,original,,,,,,て！<N:＆:4:07><CTRL:00><N:７:11:18><CTRL:00>て！<N:＆:4:07><CTRL:00>の<CTRL:00>て！<N:＆:4:07><CTRL:00>な<CTRL:00>て！<N:＆:4:07><CTRL:00>し<CTRL:00>て！う
5/S5012.DAT,0x47D3C,8,medium,0,original,,,,,,精。ンを？らわた
5/S5012.DAT,0x47D5A,45,medium,0,original,,,,,,<CTRL:E5>！値ひれ<N:究:1:DE46>投ミベ<CTRL:E6><CTRL:00><CTRL:E5>！場ふ<N:究:1:DE46>投ミベ<CTRL:E6><CTRL:00><CTRL:E5>！年 が精ん<CTRL:E6><CTRL:00><CTRL:E5>！もー出っん<CTRL:E6>
5/S5012.DAT,0x47DB2,8,medium,0,original,,,,,,よとすをゃで王ン
5/S5012.DAT,0x47DD4,49,medium,0,original,,,,,,<CTRL:E5>！じ者ひれ話<N:空:2:DD18><CTRL:E6><CTRL:00><CTRL:E5>！運き臣ま<G:D2:209>話<N:空:2:DD18><CTRL:E6><CTRL:00><CTRL:E5>！フダ<N:リ:12:6F>ねま負話<N:空:2:DD18><CTRL:E6><CTRL:00><CTRL:E5>！解い装ま火<CTRL:E6>
5/S5012.DAT,0x47E2C,50,medium,0,original,,,,,,<CTRL:E5>！れどどめじ話<N:空:2:DD18><CTRL:E6><CTRL:00><CTRL:E5>！れひウまねニ話<N:空:2:DD18><CTRL:E6><CTRL:00><CTRL:E5>！必ま直き話<N:空:2:DD18><CTRL:E6><CTRL:00><CTRL:E5>！解い装ま火<CTRL:E6>
5/S5012.DAT,0x47E86,25,medium,0,original,,,,,,<CTRL:E5>！はどま受金話<N:空:2:DD18><CTRL:E6><CTRL:00><CTRL:E5>！解い装ま火<CTRL:E6>
5/S5012.DAT,0x47FC4,16,high,0,original,,,,,,チョピン / 出発なさいますか？
5/S5012.DAT,0x4800C,15,high,0,original,,,,,,<CTRL:E5>”出発する / <CTRL:E5>”出発しない
5/S5012.DAT,0x4805A,18,high,0,original,,,,,,チョピン / では、お乗り下さい。
5/S5012.DAT,0x480EE,15,high,0,original,,,,,,まつてくれ<N:ぇ:2:C0>！<CTRL:E4>よ<CTRL:E4>よ<CTRL:E4>よ
5/S5012.DAT,0x48158,13,high,0,original,,,,,,わしも連れてつてくれ<N:ぇ:2:C0>！
5/S5012.DAT,0x481A2,28,high,0,original,,,,,,なぜ？ / <CTRL:E4>よ損得でしか動かないんじゃ / ないのか？
5/S5012.DAT,0x481FA,36,high,0,original,,,,,,おまえらと一緒に / 精霊の話を聞いてるうちに / 考えが変わつてな。
5/S5012.DAT,0x48252,35,high,0,original,,,,,,まあいいじゃろうが。 / わしのつ<G:D2:209>のモンスター達は / 頼りになるぞ。
5/S5012.DAT,0x482B8,16,high,0,original,,,,,,<N:ニ:13:DD3C>ーゲン、次の目的地は？
5/S5012.DAT,0x48318,21,high,0,original,,,,,,石は次の石に我<N:く:18:DD06>を導く・・。<CTRL:E4>よ
5/S5012.DAT,0x4837C,83,high,0,original,,,,,,光の石 / <CTRL:E4>よ・・・東<CTRL:E4>4方<CTRL:E4>4の<CTRL:E4>よ・ラ<CTRL:E4>4マ<CTRL:E4>4ダの<CTRL:E4>よ・地<CTRL:E4>4に / <CTRL:E4>よ・大<CTRL:E4>4地<CTRL:E4>4の<CTRL:E4>4力<CTRL:E4>4が<CTRL:E4>よ・<N:眠:5:DDB9><CTRL:E4>4る。<CTRL:E4>よ
5/S5012.DAT,0x4842E,47,high,0,original,,,,,,そういえば / <N:ク:12:80><N:リ:12:6F><N:｣:11:65>シーヌのラマダには / 不思<N:犠:18:DDF4>な力を持つ一団が / いると言う話だ。
5/S5012.DAT,0x4849A,23,high,0,original,,,,,,よし、次は<N:ク:12:80><N:リ:12:6F><N:｣:11:65>シーヌを目指して出発だ！
5/S5012.DAT,0x4859A,26,high,0,original,,,,,,チョピン / いつでも整備してお待ちしております。
5/S5013.DAT,0x4682E,5,medium,0,original,,,,,,る<CTRL:00>し<CTRL:00><N:X:20:06>
5/S5013.DAT,0x46870,37,medium,0,original,,,,,,ふ！’<CTRL:00><N:７:11:18><CTRL:00>ふ！’<CTRL:00>の<CTRL:00>ふ！’<CTRL:00>な<CTRL:00>ふ！’<CTRL:00>し<CTRL:00>ふ！<N:＆:4:07><CTRL:00><CTRL:FF><CTRL:FF>の<CTRL:00>し<CTRL:00>ぞ！て
5/S5013.DAT,0x468EC,27,medium,0,original,,,,,,一！<N:＆:4:07><CTRL:00><N:７:11:18><CTRL:00>一！<N:＆:4:07><CTRL:00>の<CTRL:00>一！<N:＆:4:07><CTRL:00>な<CTRL:00>一！<N:＆:4:07><CTRL:00>し<CTRL:00>一！て
5/S5013.DAT,0x4694C,73,medium,0,original,,,,,,石<CTRL:00><N:ぇ:2:C0>！攻’！<CTRL:00><N:X:20:06><CTRL:00>に<CTRL:00>門<N:*:7:0B><CTRL:00><CTRL:FF><CTRL:FF><N:７:11:18><CTRL:00>た<CTRL:00><CTRL:F7><CTRL:FF>う<CTRL:00><N:≠:16:04><CTRL:00>な<CTRL:00>石<CTRL:00><N:ク:12:80>（<N:ﾉ:6:10><CTRL:FF>！<CTRL:00>，<CTRL:00><N:≠:16:04><CTRL:00>の<CTRL:00>石<CTRL:00><N:ク:12:80>（見！！<CTRL:00>，<CTRL:00><N:≠:16:04><CTRL:00>し<CTRL:00>石<CTRL:00>か’<G:E005:989>！<CTRL:00>，<CTRL:00><N:≠:16:04><CTRL:00><N:７:11:18><CTRL:00>石
5/S5013.DAT,0x469A2,31,medium,0,original,,,,,,石<CTRL:00><N:ぇ:2:C0>！攻’！<CTRL:00><N:≠:16:04><CTRL:00>に<CTRL:00>門<N:*:7:0B><CTRL:00><CTRL:FF><CTRL:FF><N:７:11:18><CTRL:00>た<CTRL:00><CTRL:F7><CTRL:FF>う<CTRL:00><N:≠:16:04><CTRL:00><N:ъ:14:1A><CTRL:00>石
5/S5013.DAT,0x469DC,29,medium,0,original,,,,,,<CTRL:00><CTRL:FF>0<CTRL:00><N:ъ:14:1A><CTRL:00>や<CTRL:00>0<CTRL:00>た<CTRL:00>や<CTRL:00>0<CTRL:00><N:７:11:18><CTRL:00>や<CTRL:00>う<CTRL:00>ら<CTRL:00>”<CTRL:00>で！て
5/S5013.DAT,0x46A2C,111,medium,0,original,,,,,,敵 <N:＆:4:07><CTRL:00><N:７:11:18><CTRL:00>敵 <N:＆:4:07><CTRL:00>の<CTRL:00>敵 <N:＆:4:07><CTRL:00>な<CTRL:00>敵 <N:＆:4:07><CTRL:00>し<CTRL:00>敵 う<CTRL:00>’<CTRL:00><N:３:14:19><CTRL:00>ど！’<CTRL:00><N:７:11:18><CTRL:00>じ！’<CTRL:00>の<CTRL:00>マ！’<CTRL:00>な<CTRL:00>タ！’<CTRL:00>し<CTRL:00>シ！う<CTRL:00>’<CTRL:00><N:３:14:19><CTRL:00>出！’<CTRL:00><N:７:11:18><CTRL:00>ね！’<CTRL:00>の<CTRL:00>下！’<CTRL:00>な<CTRL:00>何！’<CTRL:00>し<CTRL:00>チ！う<CTRL:00>を<CTRL:00>”<CTRL:00>ゃ う<CTRL:00>ら<CTRL:00>”<CTRL:00>2！に<CTRL:00>ろ て
5/S5013.DAT,0x46A4C,79,medium,0,original,,,,,,ど！’<CTRL:00><N:７:11:18><CTRL:00>じ！’<CTRL:00>の<CTRL:00>マ！’<CTRL:00>な<CTRL:00>タ！’<CTRL:00>し<CTRL:00>シ！う<CTRL:00>’<CTRL:00><N:３:14:19><CTRL:00>出！’<CTRL:00><N:７:11:18><CTRL:00>ね！’<CTRL:00>の<CTRL:00>下！’<CTRL:00>な<CTRL:00>何！’<CTRL:00>し<CTRL:00>チ！う<CTRL:00>を<CTRL:00>”<CTRL:00>ゃ う<CTRL:00>ら<CTRL:00>”<CTRL:00>2！に<CTRL:00>ろ て
5/S5013.DAT,0x46A6C,47,medium,0,original,,,,,,出！’<CTRL:00><N:７:11:18><CTRL:00>ね！’<CTRL:00>の<CTRL:00>下！’<CTRL:00>な<CTRL:00>何！’<CTRL:00>し<CTRL:00>チ！う<CTRL:00>を<CTRL:00>”<CTRL:00>ゃ う<CTRL:00>ら<CTRL:00>”<CTRL:00>2！に<CTRL:00>ろ て
5/S5013.DAT,0x46AC0,22,medium,0,original,,,,,,<N:ｌ:5:5B>！’<CTRL:00><N:７:11:18><CTRL:00>霊！う<CTRL:00> <CTRL:00>！<CTRL:00><CTRL:FC>  <CTRL:00><N:≠:16:04><CTRL:00><CTRL:FC>
5/S5013.DAT,0x46AE6,27,medium,0,original,,,,,,て！<N:＆:4:07><CTRL:00><N:７:11:18><CTRL:00>て！<N:＆:4:07><CTRL:00>の<CTRL:00>て！<N:＆:4:07><CTRL:00>な<CTRL:00>て！<N:＆:4:07><CTRL:00>し<CTRL:00>て！う
5/S5013.DAT,0x46D3C,8,medium,0,original,,,,,,精。ンを？らわた
5/S5013.DAT,0x46D5A,45,medium,0,original,,,,,,<CTRL:E5>！値ひれ<N:究:1:DE46>投ミベ<CTRL:E6><CTRL:00><CTRL:E5>！場ふ<N:究:1:DE46>投ミベ<CTRL:E6><CTRL:00><CTRL:E5>！年 が精ん<CTRL:E6><CTRL:00><CTRL:E5>！もー出っん<CTRL:E6>
5/S5013.DAT,0x46DB2,8,medium,0,original,,,,,,よとすをゃで王ン
5/S5013.DAT,0x46DD4,49,medium,0,original,,,,,,<CTRL:E5>！じ者ひれ話<N:空:2:DD18><CTRL:E6><CTRL:00><CTRL:E5>！運き臣ま<G:D2:209>話<N:空:2:DD18><CTRL:E6><CTRL:00><CTRL:E5>！フダ<N:リ:12:6F>ねま負話<N:空:2:DD18><CTRL:E6><CTRL:00><CTRL:E5>！解い装ま火<CTRL:E6>
5/S5013.DAT,0x46E2C,50,medium,0,original,,,,,,<CTRL:E5>！れどどめじ話<N:空:2:DD18><CTRL:E6><CTRL:00><CTRL:E5>！れひウまねニ話<N:空:2:DD18><CTRL:E6><CTRL:00><CTRL:E5>！必ま直き話<N:空:2:DD18><CTRL:E6><CTRL:00><CTRL:E5>！解い装ま火<CTRL:E6>
5/S5013.DAT,0x46E86,25,medium,0,original,,,,,,<CTRL:E5>！はどま受金話<N:空:2:DD18><CTRL:E6><CTRL:00><CTRL:E5>！解い装ま火<CTRL:E6>
5/S5013.DAT,0x47538,16,high,0,original,,,,,,チョピン / 出発なさいますか？
5/S5013.DAT,0x47580,28,high,0,original,,,,,,<CTRL:E5>”出発する / <CTRL:E5>”出発しない / <CTRL:E5>”いろいろ教えて！
5/S5013.DAT,0x475DC,15,high,0,original,,,,,,チョピン / では、こちらへ。
5/S5013.DAT,0x47702,26,high,0,original,,,,,,チョピン / いつでも整備してお待ちしております。
5/S5013.DAT,0x478B6,16,high,0,original,,,,,,チョピン / 出発なさいますか？
5/S5013.DAT,0x478FE,28,high,0,original,,,,,,<CTRL:E5>”出発する / <CTRL:E5>”出発しない / <CTRL:E5>”いろいろ教えて！
5/S5013.DAT,0x4795A,14,high,0,original,,,,,,チョピン / では、こちらへ
5/S5013.DAT,0x47A84,26,high,0,original,,,,,,チョピン / いつでも整備してお待ちしております。
5/S5013.DAT,0x47BCE,16,high,0,original,,,,,,チョピン / 出発なさいますか？
5/S5013.DAT,0x47C16,32,high,0,original,,,,,,<CTRL:E5>”出発する / <CTRL:E5>”出発しない / <CTRL:E5>”いろいろ教えて！ その2
5/S5013.DAT,0x47C76,16,high,0,original,,,,,,チョピン / 出発なさいますか？
5/S5013.DAT,0x47CBE,31,high,0,original,,,,,,<CTRL:E5>”出発する / <CTRL:E5>”出発しない / <CTRL:E5>”耳よりな話を聞きたい！
5/S5013.DAT,0x47D1E,14,high,0,original,,,,,,チョピン / では、こちらへ
5/S5013.DAT,0x47E4E,26,high,0,original,,,,,,チョピン / いつでも整備してお待ちしております。
5/S5013.DAT,0x47EBE,17,high,0,original,,,,,,チョピン / 何が知りたいですか？
5/S5013.DAT,0x47F08,48,high,0,original,,,,,,<CTRL:E5>”ア<N:｣:11:65>テム・アクセサリーの効果。 / <CTRL:E5>”戦闘の方向と反撃。 / <CTRL:E5>”やつっり、いいや。
5/S5013.DAT,0x47F80,72,high,0,original,,,,,,チョピン / ア<N:｣:11:65>テム・アクセサリー・特し<N:ぃ:20:DE20>能力は、カーソルで選んでいる時に<N:t:5:DF60>か<N:Β:7:DF03><N:卞:16:DDA1>タンをおすことで、その効果を見れます。
5/S5013.DAT,0x47FFA,66,high,0,original,,,,,,チョピン / 特に、特し<N:ぃ:20:DE20>能力は必要な<N:∪:20:DE4F><N:Ｐ:10:DD90>と / 現在の<N:∪:20:DE4F><N:Ｐ:10:DD90>が<N:表:12:DE59><N:示:2:DE6F>されるので / 大いに利用して下さい。
5/S5013.DAT,0x4806E,48,high,0,original,,,,,,チョピン / ア<N:｣:11:65>テムで投げてダメージを<N:与:3:DD3F>えるものは石・爆弾・大きな爆弾の3つです。
5/S5013.DAT,0x480D0,45,high,0,original,,,,,,チョピン / ア<N:｣:11:65>テム投げは反撃されないので / 強い敵でも安全な攻撃手段です。
5/S5013.DAT,0x4813C,44,high,0,original,,,,,,チョピン / 敵に攻撃した場合に、反撃をされ、 / ダメージを受けることがあります。
5/S5013.DAT,0x4819A,46,high,0,original,,,,,,チョピン / これを避けるためには、 / 敵の後ろかよこに / 回り込んで攻撃することです。
5/S5013.DAT,0x481FA,61,high,0,original,,,,,,チョピン / 逆に、自分が攻撃される時になるベく、 / 正面からになるようにしむけると / 敵に反撃しやすくなります。
5/S5013.DAT,0x4826A,54,high,0,original,,,,,,チョピン / 特し<N:ぃ:20:DE20>攻撃もア<N:｣:11:65>テムを投げるのと同じく絶対に敵の反撃を受けない攻撃手段です。
5/S5013.DAT,0x482EC,17,high,0,original,,,,,,チョピン / 何が知りたいですか？
5/S5013.DAT,0x48336,37,high,0,original,,,,,,<CTRL:E5>”バトルの心得 その2 / <CTRL:E5>”耳よりな話 / <CTRL:E5>”やつっり、いいや。
5/S5013.DAT,0x483A2,54,high,0,original,,,,,,<CTRL:E5>”モンスターとの相しょう / <CTRL:E5>”経験値について / <CTRL:E5>”成長のアトバ<N:｣:11:65>ス / <CTRL:E5>”やつっり、いいや。
5/S5013.DAT,0x48422,60,high,0,original,,,,,,チョピン / こちらの攻撃がモンスターにきかないのは<N:リ:12:6F>ベルの違い以外に、相しょうが悪い / 場合があります。
5/S5013.DAT,0x48490,48,high,0,original,,,,,,チョピン / 例えば、魔法を使用するモンスターは、 / 魔法攻撃には強いもんです。
5/S5013.DAT,0x484F2,47,high,0,original,,,,,,チョピン / 他には、飛んでいるモンスターには、 / 風の魔法がよくきくとかもあります。
5/S5013.DAT,0x48554,40,high,0,original,,,,,,チョピン / 戦いは頭を使わなきゃいけません。 / 力だけじゃだめなんですよ。
5/S5013.DAT,0x485B0,8,high,0,original,,,,,,言つてくれるぜ。
5/S5013.DAT,0x485F6,40,high,0,original,,,,,,チョピン / 強い相手を選んで戦うと、それだけ多くの経験をつめます。
5/S5013.DAT,0x48650,57,high,0,original,,,,,,チョピン / 経験は、攻撃した時も、された時も / 得られます。 / いつもチャ<N:リ:12:6F>ンジする心で挑んで下さい。
5/S5013.DAT,0x486BE,22,high,0,original,,,,,,なんだか、ちょつとやる気に / なつてきたな。
5/S5013.DAT,0x48706,30,high,0,original,,,,,,チョピン / ただし、 / ダメージが0の場合はだめですよ。
5/S5013.DAT,0x48758,7,high,0,original,,,,,,・・・。
5/S5013.DAT,0x4879E,43,high,0,original,,,,,,チョピン / 仲聞がふえてくると、戦闘での役わりに / より<N:リ:12:6F>ベルにさが出てきます。
5/S5013.DAT,0x487FC,35,high,0,original,,,,,,チョピン / すベての人が攻撃に向いているわけでは / ありません。
5/S5013.DAT,0x48852,48,high,0,original,,,,,,チョピン / <N:午:15:DD4E>ャラクターの防御値が近い値になるように気をつけてみてはどうでしょう？
5/S5013.DAT,0x488B4,41,high,0,original,,,,,,チョピン / きつと、 / す<N:く:4:DDB7>やられてしまう落ちこ<G:D2:209>れは / いなくなりますよ。
5/S5013.DAT,0x48912,16,high,0,original,,,,,,落ちこ<G:D2:209>れとは誰のことじゃ？
5/S5013.DAT,0x4895E,58,high,0,original,,,,,,<CTRL:E5>”アララトスの遺跡ダンジョン / <CTRL:E5>”ミルマーナのその後 / <CTRL:E5>”ラマダ寺での修行 / <CTRL:E5>”やつっり、いいや。
5/S5013.DAT,0x489E2,43,high,0,original,,,,,,チョピン / アララトスの遺跡ダンジョンは / 相当に階層が<N:深:11:DEA0>いようです。
5/S5013.DAT,0x48A40,52,high,0,original,,,,,,チョピン / なかには、モンスターに守られた、 / あそこにしかないアクセサリーもあると / 聞きます。
5/S5013.DAT,0x48AA6,34,high,0,original,,,,,,チョピン / 力試しもかねて、時には行つてみるのも / よいのでは？
5/S5013.DAT,0x48AFC,30,high,0,original,,,,,,そうじゃ、おまえらの力で宝を / どんどん手に入れるんじゃ！
5/S5013.DAT,0x48B4E,42,high,0,original,,,,,,もちろん、手に入れた後はわしにまかせんしゃい。 / <N:ヒ:5:DDB5>ャッ<N:ヒ:5:DDB5>ャッ<N:ヒ:5:DDB5>ャッ<N:ヒ:5:DDB5>ャッ。
5/S5013.DAT,0x48BAC,12,high,0,original,,,,,,まかせる訳ないでしょ！
5/S5013.DAT,0x48BF6,34,high,0,original,,,,,,チョピン / トヨー<N:ゲ:16:DD6D>の森のベみの精霊を / お<G:D2:209>えていますか？
5/S5013.DAT,0x48C4A,33,high,0,original,,,,,,チョピン / 彼女はいつも我<N:く:18:DD06>を見守つてくれて / います。
5/S5013.DAT,0x48C9E,58,high,0,original,,,,,,チョピン / ミルマーナには、3カ所バトルエリアが / あるこですし、時には行つて、 / 話を聞くのもよいでしょう。
5/S5013.DAT,0x48D0A,27,high,0,original,,,,,,チョピン / 行くと万能薬をもらえるようですよ。
5/S5013.DAT,0x48D5A,8,high,0,original,,,,,,やさし<N:∴:12:DEB6>のう。
5/S5013.DAT,0x48DA0,47,high,0,original,,,,,,チョピン / ラマダに残つた僧達は、 / 寺を修行の場として / 解放しているようです。
5/S5013.DAT,0x48E02,45,high,0,original,,,,,,チョピン / 自分の強さを試したくなつた場合に、 / 立ちよつてみてはどうでしょう。
5/S5013.DAT,0x48E64,10,high,0,original,,,,,,弟子達よ・・・・。
5/S5013.DAT,0x48EAC,22,high,0,original,,,,,,チョピン / どれについてお話ししましょう？
5/S5013.DAT,0x48F04,51,high,0,original,,,,,,<CTRL:E5>”ストーンサークル / <CTRL:E5>”リン<N:ク:12:80>の位置設定 / <CTRL:E5>”召喚獣について / <CTRL:E5>”次の<N:へ:4:DDF7>ージ
5/S5013.DAT,0x48F80,42,high,0,original,,,,,,<CTRL:E5>”ポニの楽器 / <CTRL:E5>”闘技場 / <CTRL:E5>”<N:ヒ:5:DDB5>ートウ<N:｣:13:DEB4>ール / <CTRL:E5>”やつっりいいや。
5/S5013.DAT,0x48FF2,47,high,0,original,,,,,,<CTRL:E5>”ストーンサークル / <CTRL:E5>”リン<N:ク:12:80>の位置設定 / <CTRL:E5>”召喚獣 / <CTRL:E5>”次の<N:へ:4:DDF7>ージ
5/S5013.DAT,0x4906A,41,high,0,original,,,,,,<CTRL:E5>”ポニの楽器 / <CTRL:E5>”闘技場 / <CTRL:E5>”<N:ヒ:5:DDB5>ートウ<N:｣:13:DEB4>ール / <CTRL:E5>”次の<N:へ:4:DDF7>ージ
5/S5013.DAT,0x490DC,56,high,0,original,,,,,,<CTRL:E5>”ラマダ寺の修行 / <CTRL:E5>”ロマンシン<N:ク:12:80>ストーン / <CTRL:E5>”アクセサリー<N:ｌ:5:5B>きぬのおびへ / <CTRL:E5>”やつっりいいや。
5/S5013.DAT,0x49156,50,high,0,original,,,,,,チョピン / <N:ニ:13:DD3C>ーゲンさんが仲聞になつた後にオルカスの丘のストーンサークルへ行きましたか？
5/S5013.DAT,0x491BA,42,high,0,original,,,,,,チョピン / ここでは、あるア<N:｣:11:65>テムが手に入ります。ストーンサークルだけに・・。
5/S5013.DAT,0x4921A,50,high,0,original,,,,,,チョピン / バトル中に、自分のターンで / スタート<N:卞:16:DDA1>タンをおすと / ステータスを見れますよね。
5/S5013.DAT,0x4927E,55,high,0,original,,,,,,チョピン / その時に、カーソルと<CTRL:E7>！でリン<N:ク:12:80>の中の技を選んでア<N:｣:11:65>ニンの位置を変えられるんです。
5/S5013.DAT,0x492E8,40,high,0,original,,,,,,チョピン / これは、一度変えるとセーフされるので / すつと使えますよ。
5/S5013.DAT,0x49346,68,high,0,original,,,,,,チョピン / 召喚獣は全部で<N:ｃ:9:17>までなると聞いております。中には見つかりにくいものもいるようなのであちこち探してみて下さい。
5/S5013.DAT,0x493C0,64,high,0,original,,,,,,チョピン / ポニ様の楽器は、全部で<N:３:14:19>つになると聞いております。全部見つかると、かなり強い兵隊になれそうですね。
5/S5013.DAT,0x49436,41,high,0,original,,,,,,チョピン / その後の闘技場では、バトルに勝つた数を数えているみたいですね。
5/S5013.DAT,0x49492,42,high,0,original,,,,,,チョピン / きつと、いいことがありますから / がんばつて記ろくを作つて下さい。
5/S5013.DAT,0x494F2,66,high,0,original,,,,,,チョピン / <N:ニ:13:DD3C>ーゲン様の<N:ヒ:5:DDB5>ートウ<N:｣:13:DEB4>ールの魔法の火に<N:ｌ:5:5B>大きな爆弾へを投げ込むと大爆発が / 起こるそうです。
5/S5013.DAT,0x49566,36,high,0,original,,,,,,チョピン / モンスターの多いところで使つてみては / どうでしょう。
5/S5013.DAT,0x495C0,68,high,0,original,,,,,,チョピン / ラマダ寺では、ランクを設けて修行を行つているようですが、その全てを終えると手に入るアクセサリーがあるようです。
5/S5013.DAT,0x49636,38,high,0,original,,,,,,チョピン / ただ、ラマダ寺でもらえるわけではないようですが・・・。
5/S5013.DAT,0x49692,66,high,0,original,,,,,,チョピン / ロマンシン<N:ク:12:80>ストーンのある場所がわかりました。1つはスメリアのトウウ<N:ｲ:6:DD03>ル / 1つはアララトスの遺跡ダンジョン、
5/S5013.DAT,0x49706,52,high,0,original,,,,,,チョピン / 1つは<N:ニ:13:DD3C>ーゲン様が、最後の1つはアークさんの父上が持つてらつしゃつたみたいですね。
5/S5013.DAT,0x49770,66,high,0,original,,,,,,チョピン / 戦闘での経験値が倍なるアクセサリーがあるようです。名前は<N:ｌ:5:5B>きぬのおびへ。 / 誰でも使えるようですね。
5/S5021.DAT,0x4791C,21,high,0,original,,,,,,おまたせ、おまたせ。 / 何から話そうかい？
5/S5021.DAT,0x47966,24,high,0,original,,,,,,俺達が知りたいのはこの国の精霊のいる場所だけだ。
5/S5021.DAT,0x479B2,29,high,0,original,,,,,,まあまあ、 / おまえさん、ここがどういう国か知つてるのか？
5/S5021.DAT,0x47A04,59,high,0,original,,,,,,ここは3000年前 / 大崩壊（だいほうかい）の後 / 人が最初に<N:街:4:DE7D>を作り / それが大きくなりできたところ。
5/S5021.DAT,0x47A74,31,high,0,original,,,,,,つまり、わしら人聞の<N:麿:16:DE23><N:史:5:DE3A>が / 始まつた場所ということだ。
5/S5021.DAT,0x47AC8,17,high,0,original,,,,,,だから遺跡（いせき）も多い。
5/S5021.DAT,0x47B0E,45,high,0,original,,,,,,わしはそこで、 / 宝物を探し出しては / 商売にしておる冒険家 / なんじゃ。
5/S5021.DAT,0x47B70,24,high,0,original,,,,,,てめ<N:ぇ:2:C0>の商売の話を / 聞いてるんじゃね<N:ぇ:2:C0>ぞ。
5/S5021.DAT,0x47BBC,13,high,0,original,,,,,,わかつとる / わかつとる。
5/S5021.DAT,0x47BFE,22,high,0,original,,,,,,で、おまえさんの知りたがつて / いるこだが、
5/S5021.DAT,0x47C48,47,high,0,original,,,,,,人があらたに<N:麿:16:DE23><N:史:5:DE3A>を始めた / 最初の場所には光の精霊が今もいるといわれているんじゃ。
5/S5021.DAT,0x47CAC,18,high,0,original,,,,,,その場所は、 / この国のどこなんだ？
5/S5021.DAT,0x47CF2,23,high,0,original,,,,,,それは、そうかんたんには / 教えられんなっ。
5/S5021.DAT,0x47D3E,20,high,0,original,,,,,,ここからが、 / 商売の話つてわけね？
5/S5021.DAT,0x47D86,16,high,0,original,,,,,,お嬢ちゃん、察しが早いね。
5/S5021.DAT,0x47DCA,49,high,0,original,,,,,,で、話は遺跡に戻るんだが / 遺跡の宝はいい物ほど強い / モンスターが守つている。
5/S5021.DAT,0x47E30,40,high,0,original,,,,,,だから、わし一人では手に入れ / たくても手に入れられないもの / ばかりなんじゃ。
5/S5021.DAT,0x47E8C,41,high,0,original,,,,,,ある遺跡に案内するから / そこでわしの欲しい宝を取つて / きてくれ。
5/S5021.DAT,0x47EEA,28,high,0,original,,,,,,それと引きかえに光の精霊の / 居場所を教えよう。
5/S5021.DAT,0x47F3A,13,high,0,original,,,,,,なんか信用できね<N:ぇ:2:C0>な。
5/S5021.DAT,0x47F7C,10,high,0,original,,,,,,うそなどつかんわい。
5/S5021.DAT,0x47FC8,15,high,0,original,,,,,,この男の話、信用できるの？
5/S5021.DAT,0x4800C,21,high,0,original,,,,,,うむ、言つているこは聞違つて / おらん。
5/S5021.DAT,0x4806C,30,high,0,original,,,,,,信用しよう。 / 他に手がかりが / あるわけじゃないし。
5/S5021.DAT,0x480BE,29,high,0,original,,,,,,父さんもこの地にいたんだ。 / 無<N:閤:15:DDB1>係じゃないだろう。
5/S5021.DAT,0x48110,8,high,0,original,,,,,,父さん・・？
5/S5021.DAT,0x4814C,3,high,0,original,,,,,,何か？
5/S5021.DAT,0x48184,32,high,0,original,,,,,,・・いやいや。 / では、さつそく遺跡の場所を教えよう。
5/S5021.DAT,0x481D8,39,high,0,original,,,,,,そこの地下<N:ｃ:12:16>階にある / <N:ｌ:5:5B>召喚のつ<G:D2:209>へを取つて来て / 欲しいんじゃ。
5/S5021.DAT,0x48234,24,high,0,original,,,,,,この遺跡は<N:深:11:DEA0>くもつと下の階層があるが、
5/S5021.DAT,0x48280,26,high,0,original,,,,,,<N:深:11:DEA0>い階層ほど強いモンスターがおるようじゃ。
5/S5021.DAT,0x482CE,32,high,0,original,,,,,,調子にのつてどんどん下に行くと2度と<G:DE5E:568>つてこれなくなるぞ。
5/S5021.DAT,0x48328,15,high,0,original,,,,,,ひゃつひゃつひゃつひゃつひゃつ
5/S5021.DAT,0x4837A,46,high,0,original,,,,,,明日にでも出発するとして / 今<N:夜:9:DE25>はここにとまつていいぞ。 / 宿代はサー<N:ビ:5:DE1E>スじゃ。
5/S5021.DAT,0x483DC,15,high,0,original,,,,,,いちいち気にくわね<N:ぇ:2:C0>やつだぜ。
5/S5022.DAT,0x47878,19,high,0,original,,,,,,なんじゃ / まだ取つてきとらんのか。
5/S5022.DAT,0x478C0,7,high,0,original,,,,,,<N:忘:1:DD48>れたのか？
5/S5022.DAT,0x478FC,23,high,0,original,,,,,,地下<N:ｃ:12:16>階にある / <N:ｌ:5:5B>召喚のつ<G:D2:209>へじゃぞ。
5/S5022.DAT,0x47950,20,high,0,original,,,,,,はやくしないと / 精霊が逃げちまうぞ！
5/S5023.DAT,0x4792E,25,high,0,original,,,,,,見こ、<N:ｌ:5:5B>召喚のつ<G:D2:209>へを / 手に入れたようだな。
5/S5023.DAT,0x4797C,20,high,0,original,,,,,,ああ / 約束を果たしてもらおうか。
5/S5023.DAT,0x479C4,14,high,0,original,,,,,,ます、ものを見せてもらおう。
5/S5023.DAT,0x47A38,41,high,0,original,,,,,,たしかに<N:ｌ:5:5B>召喚のつ<G:D2:209>へだ。 / しかし、なんで、精霊なんぞに / 会いたいんじゃ？
5/S5023.DAT,0x47A96,10,high,0,original,,,,,,何か金になる話か？
5/S5023.DAT,0x47AD4,33,high,0,original,,,,,,まあ、お前にわかるように言えば人聞の未来の為というこかの<N:っ:4:DD57>？
5/S5023.DAT,0x47B2A,17,high,0,original,,,,,,うん、自分でもよくわからないんだ。
5/S5023.DAT,0x47B70,18,high,0,original,,,,,,ただ会わなきゃならないつて気がする。
5/S5023.DAT,0x47BB6,25,high,0,original,,,,,,損得すくでばかりで / 人は動くものではないわ。
5/S5023.DAT,0x47C04,22,high,0,original,,,,,,損得ばかりで / 人は動かん、か・・？
5/S5024.DAT,0x478E8,21,high,0,original,,,,,,何黙つてんだ。 / 話が進まね<N:ぇ:2:C0>だろう。
5/S5024.DAT,0x47932,34,high,0,original,,,,,,あ？<CTRL:E4><N:*:7:0B>ああ・・。<CTRL:E4>よ / よし / じゃ明日出発するとしよう。
5/S5025.DAT,0x47A44,22,high,0,original,,,,,,んー / やつっり自分の家は落ち着くの。
5/S5025.DAT,0x47A9C,3,high,0,original,,,,,,ん！？
5/S5025.DAT,0x47AE6,18,high,0,original,,,,,,なんと！ / <N:ハ:12:DDA2>ンサムなやつじゃの。
5/S5025.DAT,0x47BB4,28,high,0,original,,,,,,ちょつと、 / どうしてチョン<N:力:5:DD02>ラが二人もいるのよ！？
5/S5025.DAT,0x47C2A,23,high,0,original,,,,,,<CTRL:E4>よな / <CTRL:E4>よな / <CTRL:E4>よなんてカワ<N:｣:11:65><N:｣:11:65>の！！
5/S5025.DAT,0x47C94,24,high,0,original,,,,,,ちょつと / <CTRL:E4>よみんなどうしたのよ・・・。
5/S5025.DAT,0x47CE0,12,high,0,original,,,,,,おまえ、オトンじゃな！！
5/S5025.DAT,0x47D46,27,high,0,original,,,,,,わしの家にオトンが住み着いとるとは・・・。
5/S5025.DAT,0x47DA4,27,high,0,original,,,,,,うひょひょひょひょ！ / またニ<N:リ:12:6F>クションがふえたわい！
5/S5025.DAT,0x47E08,23,high,0,original,,,,,,みんな<CTRL:E4>よ / いいかげんにしてよ・・・。
5/S5025.DAT,0x47F9C,15,high,0,original,,,,,,店にはだれもいない・・。
5/S5026.DAT,0x47872,39,high,0,original,,,,,,・・これでいいんじゃろうか？<CTRL:E4>よ / 確かに宝は手に入つたけど・・。
5/S5031.DAT,0x479F8,49,medium,0,original,,,,,,<CTRL:00><N:ъ:14:1A><CTRL:00>し<CTRL:00>す<CTRL:00><N:．:2:0F><CTRL:00>う<CTRL:00> <CTRL:00>ん<CTRL:00><N:ｃ:12:16><CTRL:00>は<CTRL:00>3 に<CTRL:00>す<CTRL:00><N:ﾉ:6:10><CTRL:00>う<CTRL:00> <CTRL:00>ん<CTRL:00><N:ｃ:9:17><CTRL:00>は<CTRL:00>3 に<CTRL:00> <CTRL:00>ー か<CTRL:00>
5/S5031.DAT,0x47A1C,13,medium,0,original,,,,,,は<CTRL:00>3 に<CTRL:00> <CTRL:00>ー か<CTRL:00>
5/S5031.DAT,0x47BF4,49,medium,0,original,,,,,,<CTRL:00><N:ъ:14:1A><CTRL:00>し<CTRL:00>す<CTRL:00><N:．:2:0F><CTRL:00>う<CTRL:00> <CTRL:00>ん<CTRL:00><N:ｃ:12:16><CTRL:00>は<CTRL:00>1！に<CTRL:00>す<CTRL:00><N:ﾉ:6:10><CTRL:00>う<CTRL:00> <CTRL:00>ん<CTRL:00><N:ｃ:9:17><CTRL:00>は<CTRL:00>1！に<CTRL:00> <CTRL:00>を！か<CTRL:00>
5/S5031.DAT,0x47C18,13,medium,0,original,,,,,,は<CTRL:00>1！に<CTRL:00> <CTRL:00>を！か<CTRL:00>
5/S5031.DAT,0x47E18,21,medium,0,original,,,,,,<CTRL:00><N:ъ:14:1A><CTRL:00>し<CTRL:00>す<CTRL:00><N:*:7:0B><CTRL:00><N:ｃ:9:17><CTRL:00>す<CTRL:00>”<CTRL:00>う<CTRL:00> <CTRL:00>ま
5/S5031.DAT,0x47E24,9,medium,0,original,,,,,,す<CTRL:00>”<CTRL:00>う<CTRL:00> <CTRL:00>ま
5/S5031.DAT,0x48090,21,medium,0,original,,,,,,<CTRL:00><N:ъ:14:1A><CTRL:00>し<CTRL:00>す<CTRL:00><N:*:7:0B><CTRL:00><N:ｃ:9:17><CTRL:00>す<CTRL:00>”<CTRL:00>う<CTRL:00> <CTRL:00>ま
5/S5031.DAT,0x4809C,9,medium,0,original,,,,,,す<CTRL:00>”<CTRL:00>う<CTRL:00> <CTRL:00>ま
5/S5031.DAT,0x482A8,21,medium,0,original,,,,,,<CTRL:00><N:ъ:14:1A><CTRL:00>し<CTRL:00>す<CTRL:00><N:*:7:0B><CTRL:00><N:ｃ:9:17><CTRL:00>す<CTRL:00>”<CTRL:00>う<CTRL:00> <CTRL:00>ま
5/S5031.DAT,0x482B4,9,medium,0,original,,,,,,す<CTRL:00>”<CTRL:00>う<CTRL:00> <CTRL:00>ま
5/S5031.DAT,0x48498,21,medium,0,original,,,,,,<CTRL:00><N:ъ:14:1A><CTRL:00>し<CTRL:00>す<CTRL:00><N:*:7:0B><CTRL:00><N:ｃ:9:17><CTRL:00>す<CTRL:00>”<CTRL:00>う<CTRL:00> <CTRL:00>ま
5/S5031.DAT,0x484A4,9,medium,0,original,,,,,,す<CTRL:00>”<CTRL:00>う<CTRL:00> <CTRL:00>ま
5/S5031.DAT,0x48598,7,medium,0,original,,,,,,<CTRL:00><N:ъ:14:1A><CTRL:00>し<CTRL:00>
5/S5031.DAT,0x488F6,9,medium,0,original,,,,,,す<CTRL:00>”<CTRL:00>う<CTRL:00> <CTRL:00>ま
5/S5031.DAT,0x489AA,9,medium,0,original,,,,,,す<CTRL:00>”<CTRL:00>う<CTRL:00> <CTRL:00>ま
5/S5031.DAT,0x48AD8,9,medium,0,original,,,,,,す<CTRL:00>”<CTRL:00>う<CTRL:00> <CTRL:00>ま
5/S5031.DAT,0x48CEC,9,medium,0,original,,,,,,す<CTRL:00>”<CTRL:00>う<CTRL:00> <CTRL:00>ま
5/S5031.DAT,0x48D8C,9,medium,0,original,,,,,,す<CTRL:00>”<CTRL:00>う<CTRL:00> <CTRL:00>ま
5/S5031.DAT,0x48E02,9,medium,0,original,,,,,,す<CTRL:00>”<CTRL:00>う<CTRL:00> <CTRL:00>ま
5/S5031.DAT,0x48EFE,9,medium,0,original,,,,,,す<CTRL:00>”<CTRL:00>う<CTRL:00> <CTRL:00>ま
5/S5031.DAT,0x4922A,9,medium,0,original,,,,,,す<CTRL:00>”<CTRL:00>う<CTRL:00> <CTRL:00>ま
5/S5031.DAT,0x495A8,16,high,0,original,,,,,,ここが出<G:DE13:493>だな / <CTRL:E4>よ行くぞ！
5/S5031.DAT,0x499E0,110,medium,0,original,,,,,,（<CTRL:00><CTRL:FF><CTRL:FF>2<CTRL:00> <CTRL:00>”<CTRL:00><N:ｃ:9:17><CTRL:00>2<CTRL:00><N:ъ:14:1A><CTRL:00><N:ﾉ:6:10><CTRL:00><CTRL:FF><CTRL:FF>2<CTRL:00><N:＄:1:05><CTRL:00>2<CTRL:00>）<CTRL:00>2<CTRL:00>！<CTRL:00>）<CTRL:00><CTRL:FF><CTRL:FF>く<CTRL:00>2<CTRL:00><N:X:20:06><CTRL:00>ん<CTRL:00><N:３:14:19><CTRL:00><N:ｌ:6:0C><CTRL:00><N:≠:16:04><CTRL:00>だ<CTRL:00><N:３:14:19><CTRL:00>0<CTRL:00>）<CTRL:00>1<CTRL:00><N:３:14:19><CTRL:00>（<CTRL:00><N:＆:4:07><CTRL:00><CTRL:FF><CTRL:FF>霊<CTRL:00><N:ъ:14:1A><CTRL:00>0<CTRL:00><N:．:2:0F><CTRL:00>霊<CTRL:00> <CTRL:00>！<CTRL:00><N:X:20:06><CTRL:00>霊<CTRL:00><N:X:20:06><CTRL:00>2<CTRL:00>2<CTRL:00>霊<CTRL:00><N:．:2:0F><CTRL:00>（<CTRL:00>3<CTRL:00>霊<CTRL:00><N:ｃ:9:17><CTRL:00>’<CTRL:00><N:ｃ:12:16><CTRL:00><CTRL:FF><CTRL:FF>
5/S5031.DAT,0x499EC,98,medium,0,original,,,,,,2<CTRL:00><N:ъ:14:1A><CTRL:00><N:ﾉ:6:10><CTRL:00><CTRL:FF><CTRL:FF>2<CTRL:00><N:＄:1:05><CTRL:00>2<CTRL:00>）<CTRL:00>2<CTRL:00>！<CTRL:00>）<CTRL:00><CTRL:FF><CTRL:FF>く<CTRL:00>2<CTRL:00><N:X:20:06><CTRL:00>ん<CTRL:00><N:３:14:19><CTRL:00><N:ｌ:6:0C><CTRL:00><N:≠:16:04><CTRL:00>だ<CTRL:00><N:３:14:19><CTRL:00>0<CTRL:00>）<CTRL:00>1<CTRL:00><N:３:14:19><CTRL:00>（<CTRL:00><N:＆:4:07><CTRL:00><CTRL:FF><CTRL:FF>霊<CTRL:00><N:ъ:14:1A><CTRL:00>0<CTRL:00><N:．:2:0F><CTRL:00>霊<CTRL:00> <CTRL:00>！<CTRL:00><N:X:20:06><CTRL:00>霊<CTRL:00><N:X:20:06><CTRL:00>2<CTRL:00>2<CTRL:00>霊<CTRL:00><N:．:2:0F><CTRL:00>（<CTRL:00>3<CTRL:00>霊<CTRL:00><N:ｃ:9:17><CTRL:00>’<CTRL:00><N:ｃ:12:16><CTRL:00><CTRL:FF><CTRL:FF>
5/S5031.DAT,0x49A0E,64,medium,0,original,,,,,,<N:ｌ:6:0C><CTRL:00><N:≠:16:04><CTRL:00>だ<CTRL:00><N:３:14:19><CTRL:00>0<CTRL:00>）<CTRL:00>1<CTRL:00><N:３:14:19><CTRL:00>（<CTRL:00><N:＆:4:07><CTRL:00><CTRL:FF><CTRL:FF>霊<CTRL:00><N:ъ:14:1A><CTRL:00>0<CTRL:00><N:．:2:0F><CTRL:00>霊<CTRL:00> <CTRL:00>！<CTRL:00><N:X:20:06><CTRL:00>霊<CTRL:00><N:X:20:06><CTRL:00>2<CTRL:00>2<CTRL:00>霊<CTRL:00><N:．:2:0F><CTRL:00>（<CTRL:00>3<CTRL:00>霊<CTRL:00><N:ｃ:9:17><CTRL:00>’<CTRL:00><N:ｃ:12:16><CTRL:00><CTRL:FF><CTRL:FF>
5/S5031.DAT,0x49A16,56,medium,0,original,,,,,,0<CTRL:00>）<CTRL:00>1<CTRL:00><N:３:14:19><CTRL:00>（<CTRL:00><N:＆:4:07><CTRL:00><CTRL:FF><CTRL:FF>霊<CTRL:00><N:ъ:14:1A><CTRL:00>0<CTRL:00><N:．:2:0F><CTRL:00>霊<CTRL:00> <CTRL:00>！<CTRL:00><N:X:20:06><CTRL:00>霊<CTRL:00><N:X:20:06><CTRL:00>2<CTRL:00>2<CTRL:00>霊<CTRL:00><N:．:2:0F><CTRL:00>（<CTRL:00>3<CTRL:00>霊<CTRL:00><N:ｃ:9:17><CTRL:00>’<CTRL:00><N:ｃ:12:16><CTRL:00><CTRL:FF><CTRL:FF>
5/S5031.DAT,0x49A1E,48,medium,0,original,,,,,,（<CTRL:00><N:＆:4:07><CTRL:00><CTRL:FF><CTRL:FF>霊<CTRL:00><N:ъ:14:1A><CTRL:00>0<CTRL:00><N:．:2:0F><CTRL:00>霊<CTRL:00> <CTRL:00>！<CTRL:00><N:X:20:06><CTRL:00>霊<CTRL:00><N:X:20:06><CTRL:00>2<CTRL:00>2<CTRL:00>霊<CTRL:00><N:．:2:0F><CTRL:00>（<CTRL:00>3<CTRL:00>霊<CTRL:00><N:ｃ:9:17><CTRL:00>’<CTRL:00><N:ｃ:12:16><CTRL:00><CTRL:FF><CTRL:FF>
5/S5031.DAT,0x49A48,6,medium,0,original,,,,,,’<CTRL:00><N:ｃ:12:16><CTRL:00><CTRL:FF><CTRL:FF>
5/S5032.DAT,0x478FE,20,high,0,original,,,,,,世話になつた。ここからは自分達でいける。
5/S5032.DAT,0x47946,14,high,0,original,,,,,,そうか、それではさらばじゃ。
5/S5032.DAT,0x479E4,8,high,0,original,,,,,,わしも帰ろう。
5/S5041.DAT,0x4798A,22,high,0,original,,,,,,光の精霊 / やはりここまできてくれたね。
5/S5041.DAT,0x479D2,29,high,0,original,,,,,,光の精霊 / 人聞の代<N:表:12:DE59>として君に聞いて欲しい。
5/S5041.DAT,0x47A22,41,high,0,original,,,,,,光の精霊 / 人聞は僕等の存在を<N:忘:1:DD48>れ、自然を破壊し / ねじまげ、
5/S5041.DAT,0x47A7E,25,high,0,original,,,,,,光の精霊 / 自分達の王国を築き上げていつた。
5/S5041.DAT,0x47ACA,58,high,0,original,,,,,,光の精霊 / そして、僕等の力が弱まり / モンスターが現れだした。 / でもまだ人聞は過ちに気がつかない。
5/S5041.DAT,0x47B36,51,high,0,original,,,,,,光の精霊 / アーク、他の精霊達を封じ込めている / モンスターを倒して、彼らを<N:閂:11:DDE0>放し、
5/S5041.DAT,0x47B9C,28,high,0,original,,,,,,光の精霊 / その声に耳をかたむけて欲しいんだ。
5/S5041.DAT,0x47BEA,24,high,0,original,,,,,,光の精霊 / 自分達人聞が何をやつて来たかを。
5/S5041.DAT,0x47C34,32,high,0,original,,,,,,光の精霊 / 僕は君達とも出会えたし / 人聞を信じてる。
5/S5041.DAT,0x47C86,36,high,0,original,,,,,,光の精霊 / その証しとして<N:ｌ:5:5B>光の石へと<N:ｌ:5:5B>王様の像へを渡すよ。
5/S5041.DAT,0x47D30,13,high,0,original,,,,,,<N:ｌ:5:5B>光の石へを手に入れた。
5/S5041.DAT,0x47D74,14,high,0,original,,,,,,<N:ｌ:5:5B>王様の像へを手に入れた。
5/S5041.DAT,0x47DB4,22,high,0,original,,,,,,光の精霊 / アーク、たのんだよ・・。
5/S5041.DAT,0x47E0C,37,high,0,original,,,,,,それは、家来のてがらを自分のものにできるという<N:ｌ:5:5B>王様の像へではないか。
5/S5041.DAT,0x47E66,25,high,0,original,,,,,,わしのじゃぞ！ / <N:ｌ:5:5B>王様の像へはわしのじゃぞ！！
5/S5052.DAT,0x47904,7,high,0,original,,,,,,こりゃすごい！
5/S5052.DAT,0x479AE,7,high,0,original,,,,,,し、しまつた！
5/S5052.DAT,0x47A90,21,high,0,original,,,,,,いや助かつた、助かつた / 礼を言うぞ
5/S5052.DAT,0x47ADA,27,high,0,original,,,,,,礼は言うが宝はわけんぞ / 言うだけならただだからな
5/S5052.DAT,0x47B28,29,high,0,original,,,,,,ヨシュア / 人は欲望の為にだけ生きるのではない
5/S5052.DAT,0x47B78,46,high,0,original,,,,,,ヨシュア / 近いうちにおまえの前に、 / 欲望の為でなく戦う少年が現れるだろう
5/S5052.DAT,0x47BD8,36,high,0,original,,,,,,ヨシュア / いま助けた命、その者の為に使つては / くれまいか？
5/S5052.DAT,0x47C2E,45,high,0,original,,,,,,ヨシュア / その少年は、光の精霊を探して東の / スメリア国からやつてくるはすだ
5/S5052.DAT,0x47C90,38,high,0,original,,,,,,欲のない人聞なぞおらんと思うがのう<CTRL:E4>よ / まあいい、約束はできんぞ
6/S6011.DAT,0x4782E,5,medium,0,original,,,,,,る<CTRL:00>し<CTRL:00><N:X:20:06>
6/S6011.DAT,0x47870,37,medium,0,original,,,,,,ふ！’<CTRL:00><N:７:11:18><CTRL:00>ふ！’<CTRL:00>の<CTRL:00>ふ！’<CTRL:00>な<CTRL:00>ふ！’<CTRL:00>し<CTRL:00>ふ！<N:＆:4:07><CTRL:00><CTRL:FF><CTRL:FF>の<CTRL:00>し<CTRL:00>ぞ！て
6/S6011.DAT,0x478EC,27,medium,0,original,,,,,,一！<N:＆:4:07><CTRL:00><N:７:11:18><CTRL:00>一！<N:＆:4:07><CTRL:00>の<CTRL:00>一！<N:＆:4:07><CTRL:00>な<CTRL:00>一！<N:＆:4:07><CTRL:00>し<CTRL:00>一！て
6/S6011.DAT,0x4794C,73,medium,0,original,,,,,,石<CTRL:00><N:ぇ:2:C0>！攻’！<CTRL:00><N:X:20:06><CTRL:00>に<CTRL:00>門<N:*:7:0B><CTRL:00><CTRL:FF><CTRL:FF><N:７:11:18><CTRL:00>た<CTRL:00><CTRL:F7><CTRL:FF>う<CTRL:00><N:≠:16:04><CTRL:00>な<CTRL:00>石<CTRL:00><N:ク:12:80>（<N:ﾉ:6:10><CTRL:FF>！<CTRL:00>，<CTRL:00><N:≠:16:04><CTRL:00>の<CTRL:00>石<CTRL:00><N:ク:12:80>（見！！<CTRL:00>，<CTRL:00><N:≠:16:04><CTRL:00>し<CTRL:00>石<CTRL:00>か’<G:E005:989>！<CTRL:00>，<CTRL:00><N:≠:16:04><CTRL:00><N:７:11:18><CTRL:00>石
6/S6011.DAT,0x479A2,31,medium,0,original,,,,,,石<CTRL:00><N:ぇ:2:C0>！攻’！<CTRL:00><N:≠:16:04><CTRL:00>に<CTRL:00>門<N:*:7:0B><CTRL:00><CTRL:FF><CTRL:FF><N:７:11:18><CTRL:00>た<CTRL:00><CTRL:F7><CTRL:FF>う<CTRL:00><N:≠:16:04><CTRL:00><N:ъ:14:1A><CTRL:00>石
6/S6011.DAT,0x479DC,29,medium,0,original,,,,,,<CTRL:00><CTRL:FF>0<CTRL:00><N:ъ:14:1A><CTRL:00>や<CTRL:00>0<CTRL:00>た<CTRL:00>や<CTRL:00>0<CTRL:00><N:７:11:18><CTRL:00>や<CTRL:00>う<CTRL:00>ら<CTRL:00>”<CTRL:00>で！て
6/S6011.DAT,0x47A2C,111,medium,0,original,,,,,,敵 <N:＆:4:07><CTRL:00><N:７:11:18><CTRL:00>敵 <N:＆:4:07><CTRL:00>の<CTRL:00>敵 <N:＆:4:07><CTRL:00>な<CTRL:00>敵 <N:＆:4:07><CTRL:00>し<CTRL:00>敵 う<CTRL:00>’<CTRL:00><N:３:14:19><CTRL:00>ど！’<CTRL:00><N:７:11:18><CTRL:00>じ！’<CTRL:00>の<CTRL:00>マ！’<CTRL:00>な<CTRL:00>タ！’<CTRL:00>し<CTRL:00>シ！う<CTRL:00>’<CTRL:00><N:３:14:19><CTRL:00>出！’<CTRL:00><N:７:11:18><CTRL:00>ね！’<CTRL:00>の<CTRL:00>下！’<CTRL:00>な<CTRL:00>何！’<CTRL:00>し<CTRL:00>チ！う<CTRL:00>を<CTRL:00>”<CTRL:00>ゃ う<CTRL:00>ら<CTRL:00>”<CTRL:00>2！に<CTRL:00>ろ て
6/S6011.DAT,0x47A4C,79,medium,0,original,,,,,,ど！’<CTRL:00><N:７:11:18><CTRL:00>じ！’<CTRL:00>の<CTRL:00>マ！’<CTRL:00>な<CTRL:00>タ！’<CTRL:00>し<CTRL:00>シ！う<CTRL:00>’<CTRL:00><N:３:14:19><CTRL:00>出！’<CTRL:00><N:７:11:18><CTRL:00>ね！’<CTRL:00>の<CTRL:00>下！’<CTRL:00>な<CTRL:00>何！’<CTRL:00>し<CTRL:00>チ！う<CTRL:00>を<CTRL:00>”<CTRL:00>ゃ う<CTRL:00>ら<CTRL:00>”<CTRL:00>2！に<CTRL:00>ろ て
6/S6011.DAT,0x47A6C,47,medium,0,original,,,,,,出！’<CTRL:00><N:７:11:18><CTRL:00>ね！’<CTRL:00>の<CTRL:00>下！’<CTRL:00>な<CTRL:00>何！’<CTRL:00>し<CTRL:00>チ！う<CTRL:00>を<CTRL:00>”<CTRL:00>ゃ う<CTRL:00>ら<CTRL:00>”<CTRL:00>2！に<CTRL:00>ろ て
6/S6011.DAT,0x47AC0,22,medium,0,original,,,,,,<N:ｌ:5:5B>！’<CTRL:00><N:７:11:18><CTRL:00>霊！う<CTRL:00> <CTRL:00>！<CTRL:00><CTRL:FC>  <CTRL:00><N:≠:16:04><CTRL:00><CTRL:FC>
6/S6011.DAT,0x47AE6,27,medium,0,original,,,,,,て！<N:＆:4:07><CTRL:00><N:７:11:18><CTRL:00>て！<N:＆:4:07><CTRL:00>の<CTRL:00>て！<N:＆:4:07><CTRL:00>な<CTRL:00>て！<N:＆:4:07><CTRL:00>し<CTRL:00>て！う
6/S6011.DAT,0x47D3C,8,medium,0,original,,,,,,精。ンを？らわた
6/S6011.DAT,0x47D5A,45,medium,0,original,,,,,,<CTRL:E5>！値ひれ<N:究:1:DE46>投ミベ<CTRL:E6><CTRL:00><CTRL:E5>！場ふ<N:究:1:DE46>投ミベ<CTRL:E6><CTRL:00><CTRL:E5>！年 が精ん<CTRL:E6><CTRL:00><CTRL:E5>！もー出っん<CTRL:E6>
6/S6011.DAT,0x47DB2,8,medium,0,original,,,,,,よとすをゃで王ン
6/S6011.DAT,0x47DD4,49,medium,0,original,,,,,,<CTRL:E5>！じ者ひれ話<N:空:2:DD18><CTRL:E6><CTRL:00><CTRL:E5>！運き臣ま<G:D2:209>話<N:空:2:DD18><CTRL:E6><CTRL:00><CTRL:E5>！フダ<N:リ:12:6F>ねま負話<N:空:2:DD18><CTRL:E6><CTRL:00><CTRL:E5>！解い装ま火<CTRL:E6>
6/S6011.DAT,0x47E2C,50,medium,0,original,,,,,,<CTRL:E5>！れどどめじ話<N:空:2:DD18><CTRL:E6><CTRL:00><CTRL:E5>！れひウまねニ話<N:空:2:DD18><CTRL:E6><CTRL:00><CTRL:E5>！必ま直き話<N:空:2:DD18><CTRL:E6><CTRL:00><CTRL:E5>！解い装ま火<CTRL:E6>
6/S6011.DAT,0x47E86,25,medium,0,original,,,,,,<CTRL:E5>！はどま受金話<N:空:2:DD18><CTRL:E6><CTRL:00><CTRL:E5>！解い装ま火<CTRL:E6>
6/S6011.DAT,0x47FFC,34,high,0,original,,,,,,チョン<N:力:5:DD02>ラ、例の不思<N:犠:18:DDF4>な一団に<N:閤:15:DDB1>して教えてくれないか？
6/S6011.DAT,0x48052,36,high,0,original,,,,,,わしも人から聞いた話なので / 詳しくは知らんが<CTRL:E4><N:*:7:0B>・<CTRL:E4><N:*:7:0B>・<CTRL:E4><N:*:7:0B>・<CTRL:E4><N:*:7:0B>。
6/S6011.DAT,0x480B0,9,medium,0,original,,,,,,と<CTRL:00><N:｣:11:65><CTRL:00><N:‐:2:0E><CTRL:00>）<CTRL:00>！
6/S6012.DAT,0x4782E,5,medium,0,original,,,,,,る<CTRL:00>し<CTRL:00><N:X:20:06>
6/S6012.DAT,0x47870,37,medium,0,original,,,,,,ふ！’<CTRL:00><N:７:11:18><CTRL:00>ふ！’<CTRL:00>の<CTRL:00>ふ！’<CTRL:00>な<CTRL:00>ふ！’<CTRL:00>し<CTRL:00>ふ！<N:＆:4:07><CTRL:00><CTRL:FF><CTRL:FF>の<CTRL:00>し<CTRL:00>ぞ！て
6/S6012.DAT,0x478EC,27,medium,0,original,,,,,,一！<N:＆:4:07><CTRL:00><N:７:11:18><CTRL:00>一！<N:＆:4:07><CTRL:00>の<CTRL:00>一！<N:＆:4:07><CTRL:00>な<CTRL:00>一！<N:＆:4:07><CTRL:00>し<CTRL:00>一！て
6/S6012.DAT,0x4794C,73,medium,0,original,,,,,,石<CTRL:00><N:ぇ:2:C0>！攻’！<CTRL:00><N:X:20:06><CTRL:00>に<CTRL:00>門<N:*:7:0B><CTRL:00><CTRL:FF><CTRL:FF><N:７:11:18><CTRL:00>た<CTRL:00><CTRL:F7><CTRL:FF>う<CTRL:00><N:≠:16:04><CTRL:00>な<CTRL:00>石<CTRL:00><N:ク:12:80>（<N:ﾉ:6:10><CTRL:FF>！<CTRL:00>，<CTRL:00><N:≠:16:04><CTRL:00>の<CTRL:00>石<CTRL:00><N:ク:12:80>（見！！<CTRL:00>，<CTRL:00><N:≠:16:04><CTRL:00>し<CTRL:00>石<CTRL:00>か’<G:E005:989>！<CTRL:00>，<CTRL:00><N:≠:16:04><CTRL:00><N:７:11:18><CTRL:00>石
6/S6012.DAT,0x479A2,31,medium,0,original,,,,,,石<CTRL:00><N:ぇ:2:C0>！攻’！<CTRL:00><N:≠:16:04><CTRL:00>に<CTRL:00>門<N:*:7:0B><CTRL:00><CTRL:FF><CTRL:FF><N:７:11:18><CTRL:00>た<CTRL:00><CTRL:F7><CTRL:FF>う<CTRL:00><N:≠:16:04><CTRL:00><N:ъ:14:1A><CTRL:00>石
6/S6012.DAT,0x479DC,29,medium,0,original,,,,,,<CTRL:00><CTRL:FF>0<CTRL:00><N:ъ:14:1A><CTRL:00>や<CTRL:00>0<CTRL:00>た<CTRL:00>や<CTRL:00>0<CTRL:00><N:７:11:18><CTRL:00>や<CTRL:00>う<CTRL:00>ら<CTRL:00>”<CTRL:00>で！て
6/S6012.DAT,0x47A2C,111,medium,0,original,,,,,,敵 <N:＆:4:07><CTRL:00><N:７:11:18><CTRL:00>敵 <N:＆:4:07><CTRL:00>の<CTRL:00>敵 <N:＆:4:07><CTRL:00>な<CTRL:00>敵 <N:＆:4:07><CTRL:00>し<CTRL:00>敵 う<CTRL:00>’<CTRL:00><N:３:14:19><CTRL:00>ど！’<CTRL:00><N:７:11:18><CTRL:00>じ！’<CTRL:00>の<CTRL:00>マ！’<CTRL:00>な<CTRL:00>タ！’<CTRL:00>し<CTRL:00>シ！う<CTRL:00>’<CTRL:00><N:３:14:19><CTRL:00>出！’<CTRL:00><N:７:11:18><CTRL:00>ね！’<CTRL:00>の<CTRL:00>下！’<CTRL:00>な<CTRL:00>何！’<CTRL:00>し<CTRL:00>チ！う<CTRL:00>を<CTRL:00>”<CTRL:00>ゃ う<CTRL:00>ら<CTRL:00>”<CTRL:00>2！に<CTRL:00>ろ て
6/S6012.DAT,0x47A4C,79,medium,0,original,,,,,,ど！’<CTRL:00><N:７:11:18><CTRL:00>じ！’<CTRL:00>の<CTRL:00>マ！’<CTRL:00>な<CTRL:00>タ！’<CTRL:00>し<CTRL:00>シ！う<CTRL:00>’<CTRL:00><N:３:14:19><CTRL:00>出！’<CTRL:00><N:７:11:18><CTRL:00>ね！’<CTRL:00>の<CTRL:00>下！’<CTRL:00>な<CTRL:00>何！’<CTRL:00>し<CTRL:00>チ！う<CTRL:00>を<CTRL:00>”<CTRL:00>ゃ う<CTRL:00>ら<CTRL:00>”<CTRL:00>2！に<CTRL:00>ろ て
6/S6012.DAT,0x47A6C,47,medium,0,original,,,,,,出！’<CTRL:00><N:７:11:18><CTRL:00>ね！’<CTRL:00>の<CTRL:00>下！’<CTRL:00>な<CTRL:00>何！’<CTRL:00>し<CTRL:00>チ！う<CTRL:00>を<CTRL:00>”<CTRL:00>ゃ う<CTRL:00>ら<CTRL:00>”<CTRL:00>2！に<CTRL:00>ろ て
6/S6012.DAT,0x47AC0,22,medium,0,original,,,,,,<N:ｌ:5:5B>！’<CTRL:00><N:７:11:18><CTRL:00>霊！う<CTRL:00> <CTRL:00>！<CTRL:00><CTRL:FC>  <CTRL:00><N:≠:16:04><CTRL:00><CTRL:FC>
6/S6012.DAT,0x47AE6,27,medium,0,original,,,,,,て！<N:＆:4:07><CTRL:00><N:７:11:18><CTRL:00>て！<N:＆:4:07><CTRL:00>の<CTRL:00>て！<N:＆:4:07><CTRL:00>な<CTRL:00>て！<N:＆:4:07><CTRL:00>し<CTRL:00>て！う
6/S6012.DAT,0x47D3C,8,medium,0,original,,,,,,精。ンを？らわた
6/S6012.DAT,0x47D5A,45,medium,0,original,,,,,,<CTRL:E5>！値ひれ<N:究:1:DE46>投ミベ<CTRL:E6><CTRL:00><CTRL:E5>！場ふ<N:究:1:DE46>投ミベ<CTRL:E6><CTRL:00><CTRL:E5>！年 が精ん<CTRL:E6><CTRL:00><CTRL:E5>！もー出っん<CTRL:E6>
6/S6012.DAT,0x47DB2,8,medium,0,original,,,,,,よとすをゃで王ン
6/S6012.DAT,0x47DD4,49,medium,0,original,,,,,,<CTRL:E5>！じ者ひれ話<N:空:2:DD18><CTRL:E6><CTRL:00><CTRL:E5>！運き臣ま<G:D2:209>話<N:空:2:DD18><CTRL:E6><CTRL:00><CTRL:E5>！フダ<N:リ:12:6F>ねま負話<N:空:2:DD18><CTRL:E6><CTRL:00><CTRL:E5>！解い装ま火<CTRL:E6>
6/S6012.DAT,0x47E2C,50,medium,0,original,,,,,,<CTRL:E5>！れどどめじ話<N:空:2:DD18><CTRL:E6><CTRL:00><CTRL:E5>！れひウまねニ話<N:空:2:DD18><CTRL:E6><CTRL:00><CTRL:E5>！必ま直き話<N:空:2:DD18><CTRL:E6><CTRL:00><CTRL:E5>！解い装ま火<CTRL:E6>
6/S6012.DAT,0x47E86,25,medium,0,original,,,,,,<CTRL:E5>！はどま受金話<N:空:2:DD18><CTRL:E6><CTRL:00><CTRL:E5>！解い装ま火<CTRL:E6>
6/S6012.DAT,0x47FA0,13,high,0,original,,,,,,なんだか、おつかないなっ。
6/S6012.DAT,0x47FE2,21,high,0,original,,,,,,なーに / どこにでも味方はおるもんじゃよ
6/S6012.DAT,0x48032,36,high,0,original,,,,,,じゃ、おじいさんの言う古の魂の仲聞が拳法使いの中にいるの？
6/S6012.DAT,0x48090,34,high,0,original,,,,,,それはどうじゃろうな。 / <CTRL:E4>よふ<N:ぉ:8:DD45>つ、ふ<N:ぉ:8:DD45>つ、ふ<N:ぉ:8:DD45>つ。
6/S6012.DAT,0x480F2,50,high,0,original,,,,,,このつ<G:D2:209>オヤジさえ / 魂の仲聞だつていつてるんだ、 / じじいの言つてるこも / あてになんね<N:ぇ:2:C0>な。
6/S6012.DAT,0x4815E,14,high,0,original,,,,,,つ<G:D2:209>オヤジとはわしのこか！？
6/S6012.DAT,0x481A6,13,high,0,original,,,,,,なんだっ、やるんかこらっ！
6/S6012.DAT,0x48214,23,high,0,original,,,,,,とにかく、 / <CTRL:E4>よその寺に行つてみよう。
6/S6013.DAT,0x4782E,5,medium,0,original,,,,,,る<CTRL:00>し<CTRL:00><N:X:20:06>
6/S6013.DAT,0x47870,37,medium,0,original,,,,,,ふ！’<CTRL:00><N:７:11:18><CTRL:00>ふ！’<CTRL:00>の<CTRL:00>ふ！’<CTRL:00>な<CTRL:00>ふ！’<CTRL:00>し<CTRL:00>ふ！<N:＆:4:07><CTRL:00><CTRL:FF><CTRL:FF>の<CTRL:00>し<CTRL:00>ぞ！て
6/S6013.DAT,0x478EC,27,medium,0,original,,,,,,一！<N:＆:4:07><CTRL:00><N:７:11:18><CTRL:00>一！<N:＆:4:07><CTRL:00>の<CTRL:00>一！<N:＆:4:07><CTRL:00>な<CTRL:00>一！<N:＆:4:07><CTRL:00>し<CTRL:00>一！て
6/S6013.DAT,0x4794C,73,medium,0,original,,,,,,石<CTRL:00><N:ぇ:2:C0>！攻’！<CTRL:00><N:X:20:06><CTRL:00>に<CTRL:00>門<N:*:7:0B><CTRL:00><CTRL:FF><CTRL:FF><N:７:11:18><CTRL:00>た<CTRL:00><CTRL:F7><CTRL:FF>う<CTRL:00><N:≠:16:04><CTRL:00>な<CTRL:00>石<CTRL:00><N:ク:12:80>（<N:ﾉ:6:10><CTRL:FF>！<CTRL:00>，<CTRL:00><N:≠:16:04><CTRL:00>の<CTRL:00>石<CTRL:00><N:ク:12:80>（見！！<CTRL:00>，<CTRL:00><N:≠:16:04><CTRL:00>し<CTRL:00>石<CTRL:00>か’<G:E005:989>！<CTRL:00>，<CTRL:00><N:≠:16:04><CTRL:00><N:７:11:18><CTRL:00>石
6/S6013.DAT,0x479A2,31,medium,0,original,,,,,,石<CTRL:00><N:ぇ:2:C0>！攻’！<CTRL:00><N:≠:16:04><CTRL:00>に<CTRL:00>門<N:*:7:0B><CTRL:00><CTRL:FF><CTRL:FF><N:７:11:18><CTRL:00>た<CTRL:00><CTRL:F7><CTRL:FF>う<CTRL:00><N:≠:16:04><CTRL:00><N:ъ:14:1A><CTRL:00>石
6/S6013.DAT,0x479DC,29,medium,0,original,,,,,,<CTRL:00><CTRL:FF>0<CTRL:00><N:ъ:14:1A><CTRL:00>や<CTRL:00>0<CTRL:00>た<CTRL:00>や<CTRL:00>0<CTRL:00><N:７:11:18><CTRL:00>や<CTRL:00>う<CTRL:00>ら<CTRL:00>”<CTRL:00>で！て
6/S6013.DAT,0x47A2C,111,medium,0,original,,,,,,敵 <N:＆:4:07><CTRL:00><N:７:11:18><CTRL:00>敵 <N:＆:4:07><CTRL:00>の<CTRL:00>敵 <N:＆:4:07><CTRL:00>な<CTRL:00>敵 <N:＆:4:07><CTRL:00>し<CTRL:00>敵 う<CTRL:00>’<CTRL:00><N:３:14:19><CTRL:00>ど！’<CTRL:00><N:７:11:18><CTRL:00>じ！’<CTRL:00>の<CTRL:00>マ！’<CTRL:00>な<CTRL:00>タ！’<CTRL:00>し<CTRL:00>シ！う<CTRL:00>’<CTRL:00><N:３:14:19><CTRL:00>出！’<CTRL:00><N:７:11:18><CTRL:00>ね！’<CTRL:00>の<CTRL:00>下！’<CTRL:00>な<CTRL:00>何！’<CTRL:00>し<CTRL:00>チ！う<CTRL:00>を<CTRL:00>”<CTRL:00>ゃ う<CTRL:00>ら<CTRL:00>”<CTRL:00>2！に<CTRL:00>ろ て
6/S6013.DAT,0x47A4C,79,medium,0,original,,,,,,ど！’<CTRL:00><N:７:11:18><CTRL:00>じ！’<CTRL:00>の<CTRL:00>マ！’<CTRL:00>な<CTRL:00>タ！’<CTRL:00>し<CTRL:00>シ！う<CTRL:00>’<CTRL:00><N:３:14:19><CTRL:00>出！’<CTRL:00><N:７:11:18><CTRL:00>ね！’<CTRL:00>の<CTRL:00>下！’<CTRL:00>な<CTRL:00>何！’<CTRL:00>し<CTRL:00>チ！う<CTRL:00>を<CTRL:00>”<CTRL:00>ゃ う<CTRL:00>ら<CTRL:00>”<CTRL:00>2！に<CTRL:00>ろ て
6/S6013.DAT,0x47A6C,47,medium,0,original,,,,,,出！’<CTRL:00><N:７:11:18><CTRL:00>ね！’<CTRL:00>の<CTRL:00>下！’<CTRL:00>な<CTRL:00>何！’<CTRL:00>し<CTRL:00>チ！う<CTRL:00>を<CTRL:00>”<CTRL:00>ゃ う<CTRL:00>ら<CTRL:00>”<CTRL:00>2！に<CTRL:00>ろ て
6/S6013.DAT,0x47AC0,22,medium,0,original,,,,,,<N:ｌ:5:5B>！’<CTRL:00><N:７:11:18><CTRL:00>霊！う<CTRL:00> <CTRL:00>！<CTRL:00><CTRL:FC>  <CTRL:00><N:≠:16:04><CTRL:00><CTRL:FC>
6/S6013.DAT,0x47AE6,27,medium,0,original,,,,,,て！<N:＆:4:07><CTRL:00><N:７:11:18><CTRL:00>て！<N:＆:4:07><CTRL:00>の<CTRL:00>て！<N:＆:4:07><CTRL:00>な<CTRL:00>て！<N:＆:4:07><CTRL:00>し<CTRL:00>て！う
6/S6013.DAT,0x47D3C,8,medium,0,original,,,,,,精。ンを？らわた
6/S6013.DAT,0x47D5A,45,medium,0,original,,,,,,<CTRL:E5>！値ひれ<N:究:1:DE46>投ミベ<CTRL:E6><CTRL:00><CTRL:E5>！場ふ<N:究:1:DE46>投ミベ<CTRL:E6><CTRL:00><CTRL:E5>！年 が精ん<CTRL:E6><CTRL:00><CTRL:E5>！もー出っん<CTRL:E6>
6/S6013.DAT,0x47DB2,8,medium,0,original,,,,,,よとすをゃで王ン
6/S6013.DAT,0x47DD4,49,medium,0,original,,,,,,<CTRL:E5>！じ者ひれ話<N:空:2:DD18><CTRL:E6><CTRL:00><CTRL:E5>！運き臣ま<G:D2:209>話<N:空:2:DD18><CTRL:E6><CTRL:00><CTRL:E5>！フダ<N:リ:12:6F>ねま負話<N:空:2:DD18><CTRL:E6><CTRL:00><CTRL:E5>！解い装ま火<CTRL:E6>
6/S6013.DAT,0x47E2C,50,medium,0,original,,,,,,<CTRL:E5>！れどどめじ話<N:空:2:DD18><CTRL:E6><CTRL:00><CTRL:E5>！れひウまねニ話<N:空:2:DD18><CTRL:E6><CTRL:00><CTRL:E5>！必ま直き話<N:空:2:DD18><CTRL:E6><CTRL:00><CTRL:E5>！解い装ま火<CTRL:E6>
6/S6013.DAT,0x47E86,25,medium,0,original,,,,,,<CTRL:E5>！はどま受金話<N:空:2:DD18><CTRL:E6><CTRL:00><CTRL:E5>！解い装ま火<CTRL:E6>
6/S6013.DAT,0x47FE8,16,high,0,original,,,,,,チョピン / 出発なさいますか？
6/S6013.DAT,0x48030,15,high,0,original,,,,,,<CTRL:E5>”出発する / <CTRL:E5>”出発しない
6/S6013.DAT,0x4807E,18,high,0,original,,,,,,チョピン / では、お乗り下さい。
6/S6013.DAT,0x480E0,28,high,0,original,,,,,,やつと、魂でつながつた戦士が / <N:７:11:18>人そろつたわけじゃ。
6/S6013.DAT,0x4813E,4,high,0,original,,,,,,何じゃ？
6/S6013.DAT,0x48176,13,high,0,original,,,,,,何も言つてねーじゃね<N:ぇ:2:C0>か！
6/S6013.DAT,0x481C6,16,high,0,original,,,,,,<N:ニ:13:DD3C>ーゲン、次の目的地は？
6/S6013.DAT,0x4822C,21,high,0,original,,,,,,石は次の石に我<N:く:18:DD06>を導く・・。<CTRL:E4>よ
6/S6013.DAT,0x48290,90,high,0,original,,,,,,地の石 / <CTRL:E4>よ・・・西<CTRL:E4>4方<CTRL:E4>4の<CTRL:E4>よ・カー<CTRL:E4>4デ<CTRL:E4>4ルの<CTRL:E4>よ・地に / <CTRL:E4>よ・封<CTRL:E4>4じ<CTRL:E4>よ込<CTRL:E4>4め<CTRL:E4>4ら<CTRL:E4>4れ<CTRL:E4>4し<CTRL:E4>よ・<CTRL:E4>4風の<CTRL:E4>よ力<CTRL:E4>よ。
6/S6013.DAT,0x4834E,59,high,0,original,,,,,,カーデルなら、<N:毎:2:DEBC>年<N:武:3:DE28>闘大会があつて、そこの賞品が / <N:ｌ:5:5B>風のオーフへというものだつたように記憶しておるが？
6/S6013.DAT,0x483BE,41,high,0,original,,,,,,<N:ｌ:5:5B>風のオーフへ？古のものではないな・・・。 / <CTRL:E4>よ聞いたことがない。
6/S6013.DAT,0x48424,22,high,0,original,,,,,,よし、とにかくその<N:武:3:DE28>闘大会に行つてみよう。
6/S6013.DAT,0x484A4,42,high,0,original,,,,,,ラマダ僧 / 以後、寺は修行の場として / 広く<N:閂:11:DDE0>放して<G:DD04:223>くつもりです。
6/S6013.DAT,0x48500,32,high,0,original,,,,,,ラマダ僧 / 機会があつたならば、 / ぜひお立ちより下さい。
6/S6013.DAT,0x485A2,26,high,0,original,,,,,,チョピン / いつでも整備してお待ちしております。
6/S6014.DAT,0x4682E,5,medium,0,original,,,,,,る<CTRL:00>し<CTRL:00><N:X:20:06>
6/S6014.DAT,0x46870,37,medium,0,original,,,,,,ふ！’<CTRL:00><N:７:11:18><CTRL:00>ふ！’<CTRL:00>の<CTRL:00>ふ！’<CTRL:00>な<CTRL:00>ふ！’<CTRL:00>し<CTRL:00>ふ！<N:＆:4:07><CTRL:00><CTRL:FF><CTRL:FF>の<CTRL:00>し<CTRL:00>ぞ！て
6/S6014.DAT,0x468EC,27,medium,0,original,,,,,,一！<N:＆:4:07><CTRL:00><N:７:11:18><CTRL:00>一！<N:＆:4:07><CTRL:00>の<CTRL:00>一！<N:＆:4:07><CTRL:00>な<CTRL:00>一！<N:＆:4:07><CTRL:00>し<CTRL:00>一！て
6/S6014.DAT,0x4694C,73,medium,0,original,,,,,,石<CTRL:00><N:ぇ:2:C0>！攻’！<CTRL:00><N:X:20:06><CTRL:00>に<CTRL:00>門<N:*:7:0B><CTRL:00><CTRL:FF><CTRL:FF><N:７:11:18><CTRL:00>た<CTRL:00><CTRL:F7><CTRL:FF>う<CTRL:00><N:≠:16:04><CTRL:00>な<CTRL:00>石<CTRL:00><N:ク:12:80>（<N:ﾉ:6:10><CTRL:FF>！<CTRL:00>，<CTRL:00><N:≠:16:04><CTRL:00>の<CTRL:00>石<CTRL:00><N:ク:12:80>（見！！<CTRL:00>，<CTRL:00><N:≠:16:04><CTRL:00>し<CTRL:00>石<CTRL:00>か’<G:E005:989>！<CTRL:00>，<CTRL:00><N:≠:16:04><CTRL:00><N:７:11:18><CTRL:00>石
6/S6014.DAT,0x469A2,31,medium,0,original,,,,,,石<CTRL:00><N:ぇ:2:C0>！攻’！<CTRL:00><N:≠:16:04><CTRL:00>に<CTRL:00>門<N:*:7:0B><CTRL:00><CTRL:FF><CTRL:FF><N:７:11:18><CTRL:00>た<CTRL:00><CTRL:F7><CTRL:FF>う<CTRL:00><N:≠:16:04><CTRL:00><N:ъ:14:1A><CTRL:00>石
6/S6014.DAT,0x469DC,29,medium,0,original,,,,,,<CTRL:00><CTRL:FF>0<CTRL:00><N:ъ:14:1A><CTRL:00>や<CTRL:00>0<CTRL:00>た<CTRL:00>や<CTRL:00>0<CTRL:00><N:７:11:18><CTRL:00>や<CTRL:00>う<CTRL:00>ら<CTRL:00>”<CTRL:00>で！て
6/S6014.DAT,0x46A2C,111,medium,0,original,,,,,,敵 <N:＆:4:07><CTRL:00><N:７:11:18><CTRL:00>敵 <N:＆:4:07><CTRL:00>の<CTRL:00>敵 <N:＆:4:07><CTRL:00>な<CTRL:00>敵 <N:＆:4:07><CTRL:00>し<CTRL:00>敵 う<CTRL:00>’<CTRL:00><N:３:14:19><CTRL:00>ど！’<CTRL:00><N:７:11:18><CTRL:00>じ！’<CTRL:00>の<CTRL:00>マ！’<CTRL:00>な<CTRL:00>タ！’<CTRL:00>し<CTRL:00>シ！う<CTRL:00>’<CTRL:00><N:３:14:19><CTRL:00>出！’<CTRL:00><N:７:11:18><CTRL:00>ね！’<CTRL:00>の<CTRL:00>下！’<CTRL:00>な<CTRL:00>何！’<CTRL:00>し<CTRL:00>チ！う<CTRL:00>を<CTRL:00>”<CTRL:00>ゃ う<CTRL:00>ら<CTRL:00>”<CTRL:00>2！に<CTRL:00>ろ て
6/S6014.DAT,0x46A4C,79,medium,0,original,,,,,,ど！’<CTRL:00><N:７:11:18><CTRL:00>じ！’<CTRL:00>の<CTRL:00>マ！’<CTRL:00>な<CTRL:00>タ！’<CTRL:00>し<CTRL:00>シ！う<CTRL:00>’<CTRL:00><N:３:14:19><CTRL:00>出！’<CTRL:00><N:７:11:18><CTRL:00>ね！’<CTRL:00>の<CTRL:00>下！’<CTRL:00>な<CTRL:00>何！’<CTRL:00>し<CTRL:00>チ！う<CTRL:00>を<CTRL:00>”<CTRL:00>ゃ う<CTRL:00>ら<CTRL:00>”<CTRL:00>2！に<CTRL:00>ろ て
6/S6014.DAT,0x46A6C,47,medium,0,original,,,,,,出！’<CTRL:00><N:７:11:18><CTRL:00>ね！’<CTRL:00>の<CTRL:00>下！’<CTRL:00>な<CTRL:00>何！’<CTRL:00>し<CTRL:00>チ！う<CTRL:00>を<CTRL:00>”<CTRL:00>ゃ う<CTRL:00>ら<CTRL:00>”<CTRL:00>2！に<CTRL:00>ろ て
6/S6014.DAT,0x46AC0,22,medium,0,original,,,,,,<N:ｌ:5:5B>！’<CTRL:00><N:７:11:18><CTRL:00>霊！う<CTRL:00> <CTRL:00>！<CTRL:00><CTRL:FC>  <CTRL:00><N:≠:16:04><CTRL:00><CTRL:FC>
6/S6014.DAT,0x46AE6,27,medium,0,original,,,,,,て！<N:＆:4:07><CTRL:00><N:７:11:18><CTRL:00>て！<N:＆:4:07><CTRL:00>の<CTRL:00>て！<N:＆:4:07><CTRL:00>な<CTRL:00>て！<N:＆:4:07><CTRL:00>し<CTRL:00>て！う
6/S6014.DAT,0x46D3C,8,medium,0,original,,,,,,精。ンを？らわた
6/S6014.DAT,0x46D5A,45,medium,0,original,,,,,,<CTRL:E5>！値ひれ<N:究:1:DE46>投ミベ<CTRL:E6><CTRL:00><CTRL:E5>！場ふ<N:究:1:DE46>投ミベ<CTRL:E6><CTRL:00><CTRL:E5>！年 が精ん<CTRL:E6><CTRL:00><CTRL:E5>！もー出っん<CTRL:E6>
6/S6014.DAT,0x46DB2,8,medium,0,original,,,,,,よとすをゃで王ン
6/S6014.DAT,0x46DD4,49,medium,0,original,,,,,,<CTRL:E5>！じ者ひれ話<N:空:2:DD18><CTRL:E6><CTRL:00><CTRL:E5>！運き臣ま<G:D2:209>話<N:空:2:DD18><CTRL:E6><CTRL:00><CTRL:E5>！フダ<N:リ:12:6F>ねま負話<N:空:2:DD18><CTRL:E6><CTRL:00><CTRL:E5>！解い装ま火<CTRL:E6>
6/S6014.DAT,0x46E2C,50,medium,0,original,,,,,,<CTRL:E5>！れどどめじ話<N:空:2:DD18><CTRL:E6><CTRL:00><CTRL:E5>！れひウまねニ話<N:空:2:DD18><CTRL:E6><CTRL:00><CTRL:E5>！必ま直き話<N:空:2:DD18><CTRL:E6><CTRL:00><CTRL:E5>！解い装ま火<CTRL:E6>
6/S6014.DAT,0x46E86,25,medium,0,original,,,,,,<CTRL:E5>！はどま受金話<N:空:2:DD18><CTRL:E6><CTRL:00><CTRL:E5>！解い装ま火<CTRL:E6>
6/S6014.DAT,0x475F0,16,high,0,original,,,,,,チョピン / 出発なさいますか？
6/S6014.DAT,0x47638,15,high,0,original,,,,,,<CTRL:E5>”出発する / <CTRL:E5>”出発しない
6/S6014.DAT,0x47686,14,high,0,original,,,,,,チョピン / では、こちらへ
6/S6014.DAT,0x477A4,26,high,0,original,,,,,,チョピン / いつでも整備してお待ちしております。
6/S6014.DAT,0x47902,16,high,0,original,,,,,,チョピン / 出発なさいますか？
6/S6014.DAT,0x4794A,32,high,0,original,,,,,,<CTRL:E5>”出発する / <CTRL:E5>”出発しない / <CTRL:E5>”いろいろ教えて！ その2
6/S6014.DAT,0x479AA,16,high,0,original,,,,,,チョピン / 出発なさいますか？
6/S6014.DAT,0x479F2,31,high,0,original,,,,,,<CTRL:E5>”出発する / <CTRL:E5>”出発しない / <CTRL:E5>”耳よりな話を聞きたい！
6/S6014.DAT,0x47A52,14,high,0,original,,,,,,チョピン / では、こちらへ
6/S6014.DAT,0x47B76,26,high,0,original,,,,,,チョピン / いつでも整備してお待ちしております。
6/S6014.DAT,0x47EA2,16,high,0,original,,,,,,チョピン / 出発なさいますか？
6/S6014.DAT,0x47EEA,15,high,0,original,,,,,,<CTRL:E5>”出発する / <CTRL:E5>”出発しない
6/S6014.DAT,0x47F38,14,high,0,original,,,,,,チョピン / では、こちらへ
6/S6014.DAT,0x48050,11,high,0,original,,,,,,へんなカンバンね・・・
6/S6014.DAT,0x480DC,26,high,0,original,,,,,,チョピン / いつでも整備してお待ちしております。
6/S6014.DAT,0x48298,17,high,0,original,,,,,,チョピン / 何が知りたいですか？
6/S6014.DAT,0x482E2,37,high,0,original,,,,,,<CTRL:E5>”バトルの心得 その2 / <CTRL:E5>”耳よりな話 / <CTRL:E5>”やつっり、いいや。
6/S6014.DAT,0x4834E,54,high,0,original,,,,,,<CTRL:E5>”モンスターとの相しょう / <CTRL:E5>”経験値について / <CTRL:E5>”成長のアトバ<N:｣:11:65>ス / <CTRL:E5>”やつっり、いいや。
6/S6014.DAT,0x483CE,60,high,0,original,,,,,,チョピン / こちらの攻撃がモンスターにきかないのは<N:リ:12:6F>ベルの違い以外に、相しょうが悪い / 場合があります。
6/S6014.DAT,0x4843C,48,high,0,original,,,,,,チョピン / 例えば、魔法を使用するモンスターは、 / 魔法攻撃には強いもんです。
6/S6014.DAT,0x4849E,47,high,0,original,,,,,,チョピン / 他には、飛んでいるモンスターには、 / 風の魔法がよくきくとかもあります。
6/S6014.DAT,0x48500,40,high,0,original,,,,,,チョピン / 戦いは頭を使わなきゃいけません。 / 力だけじゃだめなんですよ。
6/S6014.DAT,0x4855C,8,high,0,original,,,,,,言つてくれるぜ。
6/S6014.DAT,0x485A2,40,high,0,original,,,,,,チョピン / 強い相手を選んで戦うと、それだけ多くの経験をつめます。
6/S6014.DAT,0x485FC,57,high,0,original,,,,,,チョピン / 経験は、攻撃した時も、された時も / 得られます。 / いつもチャ<N:リ:12:6F>ンジする心で挑んで下さい。
6/S6014.DAT,0x4866A,22,high,0,original,,,,,,なんだか、ちょつとやる気に / なつてきたな。
6/S6014.DAT,0x486B2,30,high,0,original,,,,,,チョピン / ただし、 / ダメージが0の場合はだめですよ。
6/S6014.DAT,0x48704,7,high,0,original,,,,,,・・・。
6/S6014.DAT,0x4874A,43,high,0,original,,,,,,チョピン / 仲聞がふえてくると、戦闘での役わりに / より<N:リ:12:6F>ベルにさが出てきます。
6/S6014.DAT,0x487A8,35,high,0,original,,,,,,チョピン / すベての人が攻撃に向いているわけでは / ありません。
6/S6014.DAT,0x487FE,48,high,0,original,,,,,,チョピン / <N:午:15:DD4E>ャラクターの防御値が近い値になるように気をつけてみてはどうでしょう？
6/S6014.DAT,0x48860,41,high,0,original,,,,,,チョピン / きつと、 / す<N:く:4:DDB7>やられてしまう落ちこ<G:D2:209>れは / いなくなりますよ。
6/S6014.DAT,0x488BE,16,high,0,original,,,,,,落ちこ<G:D2:209>れとは誰のことじゃ？
6/S6014.DAT,0x4890A,58,high,0,original,,,,,,<CTRL:E5>”アララトスの遺跡ダンジョン / <CTRL:E5>”ミルマーナのその後 / <CTRL:E5>”ラマダ寺での修行 / <CTRL:E5>”やつっり、いいや。
6/S6014.DAT,0x4898E,43,high,0,original,,,,,,チョピン / アララトスの遺跡ダンジョンは / 相当に階層が<N:深:11:DEA0>いようです。
6/S6014.DAT,0x489EC,52,high,0,original,,,,,,チョピン / なかには、モンスターに守られた、 / あそこにしかないアクセサリーもあると / 聞きます。
6/S6014.DAT,0x48A52,34,high,0,original,,,,,,チョピン / 力試しもかねて、時には行つてみるのも / よいのでは？
6/S6014.DAT,0x48AA8,30,high,0,original,,,,,,そうじゃ、おまえらの力で宝を / どんどん手に入れるんじゃ！
6/S6014.DAT,0x48AFA,42,high,0,original,,,,,,もちろん、手に入れた後はわしにまかせんしゃい。 / <N:ヒ:5:DDB5>ャッ<N:ヒ:5:DDB5>ャッ<N:ヒ:5:DDB5>ャッ<N:ヒ:5:DDB5>ャッ。
6/S6014.DAT,0x48B58,12,high,0,original,,,,,,まかせる訳ないでしょ！
6/S6014.DAT,0x48BA2,34,high,0,original,,,,,,チョピン / トヨー<N:ゲ:16:DD6D>の森のベみの精霊を / お<G:D2:209>えていますか？
6/S6014.DAT,0x48BF6,33,high,0,original,,,,,,チョピン / 彼女はいつも我<N:く:18:DD06>を見守つてくれて / います。
6/S6014.DAT,0x48C4A,58,high,0,original,,,,,,チョピン / ミルマーナには、3カ所バトルエリアが / あるこですし、時には行つて、 / 話を聞くのもよいでしょう。
6/S6014.DAT,0x48CB6,27,high,0,original,,,,,,チョピン / 行くと万能薬をもらえるようですよ。
6/S6014.DAT,0x48D06,8,high,0,original,,,,,,やさし<N:∴:12:DEB6>のう。
6/S6014.DAT,0x48D4C,47,high,0,original,,,,,,チョピン / ラマダに残つた僧達は、 / 寺を修行の場として / 解放しているようです。
6/S6014.DAT,0x48DAE,45,high,0,original,,,,,,チョピン / 自分の強さを試したくなつた場合に、 / 立ちよつてみてはどうでしょう。
6/S6014.DAT,0x48E10,10,high,0,original,,,,,,弟子達よ・・・・。
6/S6014.DAT,0x48E58,22,high,0,original,,,,,,チョピン / どれについてお話ししましょう？
6/S6014.DAT,0x48EB0,51,high,0,original,,,,,,<CTRL:E5>”ストーンサークル / <CTRL:E5>”リン<N:ク:12:80>の位置設定 / <CTRL:E5>”召喚獣について / <CTRL:E5>”次の<N:へ:4:DDF7>ージ
6/S6014.DAT,0x48F2C,42,high,0,original,,,,,,<CTRL:E5>”ポニの楽器 / <CTRL:E5>”闘技場 / <CTRL:E5>”<N:ヒ:5:DDB5>ートウ<N:｣:13:DEB4>ール / <CTRL:E5>”やつっりいいや。
6/S6014.DAT,0x48F9E,47,high,0,original,,,,,,<CTRL:E5>”ストーンサークル / <CTRL:E5>”リン<N:ク:12:80>の位置設定 / <CTRL:E5>”召喚獣 / <CTRL:E5>”次の<N:へ:4:DDF7>ージ
6/S6014.DAT,0x49016,41,high,0,original,,,,,,<CTRL:E5>”ポニの楽器 / <CTRL:E5>”闘技場 / <CTRL:E5>”<N:ヒ:5:DDB5>ートウ<N:｣:13:DEB4>ール / <CTRL:E5>”次の<N:へ:4:DDF7>ージ
6/S6014.DAT,0x49088,56,high,0,original,,,,,,<CTRL:E5>”ラマダ寺の修行 / <CTRL:E5>”ロマンシン<N:ク:12:80>ストーン / <CTRL:E5>”アクセサリー<N:ｌ:5:5B>きぬのおびへ / <CTRL:E5>”やつっりいいや。
6/S6014.DAT,0x49102,50,high,0,original,,,,,,チョピン / <N:ニ:13:DD3C>ーゲンさんが仲聞になつた後にオルカスの丘のストーンサークルへ行きましたか？
6/S6014.DAT,0x49166,42,high,0,original,,,,,,チョピン / ここでは、あるア<N:｣:11:65>テムが手に入ります。ストーンサークルだけに・・。
6/S6014.DAT,0x491C6,50,high,0,original,,,,,,チョピン / バトル中に、自分のターンで / スタート<N:卞:16:DDA1>タンをおすと / ステータスを見れますよね。
6/S6014.DAT,0x4922A,55,high,0,original,,,,,,チョピン / その時に、カーソルと<CTRL:E7>！でリン<N:ク:12:80>の中の技を選んでア<N:｣:11:65>ニンの位置を変えられるんです。
6/S6014.DAT,0x49294,40,high,0,original,,,,,,チョピン / これは、一度変えるとセーフされるので / すつと使えますよ。
6/S6014.DAT,0x492F2,68,high,0,original,,,,,,チョピン / 召喚獣は全部で<N:ｃ:9:17>までなると聞いております。中には見つかりにくいものもいるようなのであちこち探してみて下さい。
6/S6014.DAT,0x4936C,64,high,0,original,,,,,,チョピン / ポニ様の楽器は、全部で<N:３:14:19>つになると聞いております。全部見つかると、かなり強い兵隊になれそうですね。
6/S6014.DAT,0x493E2,41,high,0,original,,,,,,チョピン / その後の闘技場では、バトルに勝つた数を数えているみたいですね。
6/S6014.DAT,0x4943E,42,high,0,original,,,,,,チョピン / きつと、いいことがありますから / がんばつて記ろくを作つて下さい。
6/S6014.DAT,0x4949E,66,high,0,original,,,,,,チョピン / <N:ニ:13:DD3C>ーゲン様の<N:ヒ:5:DDB5>ートウ<N:｣:13:DEB4>ールの魔法の火に<N:ｌ:5:5B>大きな爆弾へを投げ込むと大爆発が / 起こるそうです。
6/S6014.DAT,0x49512,36,high,0,original,,,,,,チョピン / モンスターの多いところで使つてみては / どうでしょう。
6/S6014.DAT,0x4956C,68,high,0,original,,,,,,チョピン / ラマダ寺では、ランクを設けて修行を行つているようですが、その全てを終えると手に入るアクセサリーがあるようです。
6/S6014.DAT,0x495E2,38,high,0,original,,,,,,チョピン / ただ、ラマダ寺でもらえるわけではないようですが・・・。
6/S6014.DAT,0x4963E,66,high,0,original,,,,,,チョピン / ロマンシン<N:ク:12:80>ストーンのある場所がわかりました。1つはスメリアのトウウ<N:ｲ:6:DD03>ル / 1つはアララトスの遺跡ダンジョン、
6/S6014.DAT,0x496B2,52,high,0,original,,,,,,チョピン / 1つは<N:ニ:13:DD3C>ーゲン様が、最後の1つはアークさんの父上が持つてらつしゃつたみたいですね。
6/S6014.DAT,0x4971C,67,high,0,original,,,,,,チョピン / 戦闘での経験値が倍になるアクセサリーがあるようです。名前は<N:ｌ:5:5B>きぬのおびへ。 / 誰でも使えるようですね。
6/S6021.DAT,0x469FC,49,medium,0,original,,,,,,<CTRL:00><N:ъ:14:1A><CTRL:00>し<CTRL:00>す<CTRL:00><N:．:2:0F><CTRL:00>う<CTRL:00> <CTRL:00>ん<CTRL:00><N:ｃ:12:16><CTRL:00>は<CTRL:00><N:ｃ:12:16> に<CTRL:00>す<CTRL:00><N:ﾉ:6:10><CTRL:00>う<CTRL:00> <CTRL:00>ん<CTRL:00><N:ｃ:9:17><CTRL:00>は<CTRL:00><N:ｃ:12:16> に<CTRL:00> <CTRL:00>ら か<CTRL:00>
6/S6021.DAT,0x46A20,13,medium,0,original,,,,,,は<CTRL:00><N:ｃ:12:16> に<CTRL:00> <CTRL:00>ら か<CTRL:00>
6/S6021.DAT,0x46BF8,49,medium,0,original,,,,,,<CTRL:00><N:ъ:14:1A><CTRL:00>し<CTRL:00>す<CTRL:00><N:．:2:0F><CTRL:00>う<CTRL:00> <CTRL:00>ん<CTRL:00><N:ｃ:12:16><CTRL:00>は<CTRL:00>3！に<CTRL:00>す<CTRL:00><N:ﾉ:6:10><CTRL:00>う<CTRL:00> <CTRL:00>ん<CTRL:00><N:ｃ:9:17><CTRL:00>は<CTRL:00>3！に<CTRL:00> <CTRL:00>ー！か<CTRL:00>
6/S6021.DAT,0x46C1C,13,medium,0,original,,,,,,は<CTRL:00>3！に<CTRL:00> <CTRL:00>ー！か<CTRL:00>
6/S6021.DAT,0x46E1C,21,medium,0,original,,,,,,<CTRL:00><N:ъ:14:1A><CTRL:00>し<CTRL:00>す<CTRL:00><N:*:7:0B><CTRL:00><N:ｃ:9:17><CTRL:00>す<CTRL:00>”<CTRL:00>う<CTRL:00> <CTRL:00>ま
6/S6021.DAT,0x46E28,9,medium,0,original,,,,,,す<CTRL:00>”<CTRL:00>う<CTRL:00> <CTRL:00>ま
6/S6021.DAT,0x47094,21,medium,0,original,,,,,,<CTRL:00><N:ъ:14:1A><CTRL:00>し<CTRL:00>す<CTRL:00><N:*:7:0B><CTRL:00><N:ｃ:9:17><CTRL:00>す<CTRL:00>”<CTRL:00>う<CTRL:00> <CTRL:00>ま
6/S6021.DAT,0x470A0,9,medium,0,original,,,,,,す<CTRL:00>”<CTRL:00>う<CTRL:00> <CTRL:00>ま
6/S6021.DAT,0x472AC,21,medium,0,original,,,,,,<CTRL:00><N:ъ:14:1A><CTRL:00>し<CTRL:00>す<CTRL:00><N:*:7:0B><CTRL:00><N:ｃ:9:17><CTRL:00>す<CTRL:00>”<CTRL:00>う<CTRL:00> <CTRL:00>ま
6/S6021.DAT,0x472B8,9,medium,0,original,,,,,,す<CTRL:00>”<CTRL:00>う<CTRL:00> <CTRL:00>ま
6/S6021.DAT,0x4749C,21,medium,0,original,,,,,,<CTRL:00><N:ъ:14:1A><CTRL:00>し<CTRL:00>す<CTRL:00><N:*:7:0B><CTRL:00><N:ｃ:9:17><CTRL:00>す<CTRL:00>”<CTRL:00>う<CTRL:00> <CTRL:00>ま
6/S6021.DAT,0x474A8,9,medium,0,original,,,,,,す<CTRL:00>”<CTRL:00>う<CTRL:00> <CTRL:00>ま
6/S6021.DAT,0x4759C,7,medium,0,original,,,,,,<CTRL:00><N:ъ:14:1A><CTRL:00>し<CTRL:00>
6/S6021.DAT,0x478FA,9,medium,0,original,,,,,,す<CTRL:00>”<CTRL:00>う<CTRL:00> <CTRL:00>ま
6/S6021.DAT,0x479AE,9,medium,0,original,,,,,,す<CTRL:00>”<CTRL:00>う<CTRL:00> <CTRL:00>ま
6/S6021.DAT,0x47ADC,9,medium,0,original,,,,,,す<CTRL:00>”<CTRL:00>う<CTRL:00> <CTRL:00>ま
6/S6021.DAT,0x47CF0,9,medium,0,original,,,,,,す<CTRL:00>”<CTRL:00>う<CTRL:00> <CTRL:00>ま
6/S6021.DAT,0x47D90,9,medium,0,original,,,,,,す<CTRL:00>”<CTRL:00>う<CTRL:00> <CTRL:00>ま
6/S6021.DAT,0x47E06,9,medium,0,original,,,,,,す<CTRL:00>”<CTRL:00>う<CTRL:00> <CTRL:00>ま
6/S6021.DAT,0x47F02,9,medium,0,original,,,,,,す<CTRL:00>”<CTRL:00>う<CTRL:00> <CTRL:00>ま
6/S6021.DAT,0x4822E,9,medium,0,original,,,,,,す<CTRL:00>”<CTRL:00>う<CTRL:00> <CTRL:00>ま
6/S6021.DAT,0x48498,26,high,0,original,,,,,,みてみて / <N:ｌ:5:5B>向き直りの笛へを手にいれちゃつた
6/S6021.DAT,0x485C4,35,high,0,original,,,,,,こんな化け物にいいように利用されていたなんて<CTRL:E4>4・<CTRL:E4>4・<CTRL:E4>4・
6/S6021.DAT,0x4861C,45,high,0,original,,,,,,目的を<N:忘:1:DD48>れ、鍛えて強くなるこだけに執着した心に、モンスターがつけこんだのね。
6/S6021.DAT,0x48684,27,high,0,original,,,,,,では、<CTRL:E4><N:*:7:0B>ますラマダ山まで案内してもらおうかの<N:っ:4:DD57>
6/S6022.DAT,0x4782E,5,medium,0,original,,,,,,る<CTRL:00>し<CTRL:00><N:X:20:06>
6/S6022.DAT,0x4798E,107,medium,0,original,,,,,,ご<CTRL:00><N:ク:12:80>0<CTRL:00>1<N:X:20:06><CTRL:00> <CTRL:00><N:≠:16:04><CTRL:00><N:７:11:18><CTRL:00>ご<CTRL:00><N:ク:12:80>2<CTRL:00>1<N:X:20:06><CTRL:00> <CTRL:00><N:≠:16:04><CTRL:00><N:３:14:19><CTRL:00>ご<CTRL:00><N:ク:12:80>4<CTRL:00>1<N:X:20:06><CTRL:00> <CTRL:00><N:≠:16:04><CTRL:00><N:ъ:14:1A><CTRL:00>ご<CTRL:00><N:ク:12:80><N:７:11:18><CTRL:00>1<N:X:20:06><CTRL:00> <CTRL:00><N:≠:16:04><CTRL:00>い<CTRL:00>ご<CTRL:00><N:ク:12:80><N:ъ:14:1A><CTRL:00>1<N:X:20:06><CTRL:00> <CTRL:00><N:≠:16:04><CTRL:00>の<CTRL:00>ご<CTRL:00><N:ク:12:80>の<CTRL:00>1<N:X:20:06><CTRL:00> <CTRL:00><N:≠:16:04><CTRL:00>な<CTRL:00>ご<CTRL:00><N:ク:12:80>た<CTRL:00>1<N:X:20:06><CTRL:00> <CTRL:00><N:≠:16:04><CTRL:00>し<CTRL:00>ご<CTRL:00><N:ク:12:80>て<CTRL:00>1<N:X:20:06><CTRL:00>
6/S6022.DAT,0x479AA,79,medium,0,original,,,,,,ご<CTRL:00><N:ク:12:80>4<CTRL:00>1<N:X:20:06><CTRL:00> <CTRL:00><N:≠:16:04><CTRL:00><N:ъ:14:1A><CTRL:00>ご<CTRL:00><N:ク:12:80><N:７:11:18><CTRL:00>1<N:X:20:06><CTRL:00> <CTRL:00><N:≠:16:04><CTRL:00>い<CTRL:00>ご<CTRL:00><N:ク:12:80><N:ъ:14:1A><CTRL:00>1<N:X:20:06><CTRL:00> <CTRL:00><N:≠:16:04><CTRL:00>の<CTRL:00>ご<CTRL:00><N:ク:12:80>の<CTRL:00>1<N:X:20:06><CTRL:00> <CTRL:00><N:≠:16:04><CTRL:00>な<CTRL:00>ご<CTRL:00><N:ク:12:80>た<CTRL:00>1<N:X:20:06><CTRL:00> <CTRL:00><N:≠:16:04><CTRL:00>し<CTRL:00>ご<CTRL:00><N:ク:12:80>て<CTRL:00>1<N:X:20:06><CTRL:00>
6/S6022.DAT,0x47A14,65,high,0,original,,,,,,この国に2000年聞 / うけつがれている拳法を使う集団で / ラマダ教という教えのもとで / 修行にはげむ僧達らしい。
6/S6022.DAT,0x47A62,46,high,0,original,,,,,,そこでの修練にたえた者は / はがねのように強じんな体と / <N:ｌ:5:5B>気へというものを使つて
6/S6022.DAT,0x47A9C,27,high,0,original,,,,,,<N:離:3:DE88>れた者にダメージを / <N:与:3:DD3F>えることができるらしい。
6/S6022.DAT,0x47AC4,31,high,0,original,,,,,,なんでも、人聞兵器として / 恐れられているつていう話じゃ。
6/S6031.DAT,0x478E4,32,high,0,original,,,,,,僧正 / 例のヤツらが、こちらに向かつて / いるようです。
6/S6031.DAT,0x47944,40,high,0,original,,,,,,大僧正 / 目的はラマダ山の精霊の救出か / <CTRL:E4>よ・・・・・。
6/S6031.DAT,0x479AC,32,high,0,original,,,,,,僧正 / しょせん生身の人聞 / 恐るるに足らんじゃろう。
6/S6031.DAT,0x47A1A,35,high,0,original,,,,,,僧正 / やつらをあまくみない方がいい / なにやら大きな力を<N:感:1:DE48>じる。
6/S6031.DAT,0x47A7E,16,high,0,original,,,,,,大僧正 / <N:｣:11:65>ー<N:力:5:DD02>を呼ベ。
6/S6031.DAT,0x47AEA,14,high,0,original,,,,,,お呼びでしょうか大僧正様。
6/S6031.DAT,0x47B2A,58,high,0,original,,,,,,大僧正 / <N:｣:11:65>ー<N:力:5:DD02>よ、我等の守りつづけるラマダ山頂の大経典（だいきょうてん）を奪いにくるものがいる。
6/S6031.DAT,0x47B96,27,high,0,original,,,,,,大僧正 / おまえの拳で消し去つてはくれぬか。
6/S6031.DAT,0x47BE6,28,high,0,original,,,,,,我<N:く:18:DD06>でさえ<G:DE5E:568>つたことのない / ラマダ山に入ろうとは。
6/S6031.DAT,0x47C34,49,high,0,original,,,,,,大僧正 / 大経典を持ち出されれば / 封印の技が明らかになり / 恐ろしいこになる。
6/S6031.DAT,0x47C98,12,high,0,original,,,,,,大僧正 / 頼んだぞ。
6/S6031.DAT,0x47CD8,4,high,0,original,,,,,,承知。
6/S6032.DAT,0x47994,17,high,0,original,,,,,,大僧正様、<CTRL:E4>よお話がご<N:ざ:2:DD3D>います。
6/S6032.DAT,0x479DE,37,high,0,original,,,,,,大僧正 / 何を言つておるのだ！ / その者達が何者かはお前に伝えたはす。
6/S6032.DAT,0x47A36,55,high,0,original,,,,,,大僧正 / そヤツらを連れてこの部屋に入つてくるというこは、我らを裏切ることとるが、 / よいか！？
6/S6032.DAT,0x47AA2,33,high,0,original,,,,,,何をおつしゃいますか？ / <CTRL:E4>よただ私はこの寺の教えが・・。
6/S6032.DAT,0x47AF8,33,high,0,original,,,,,,何もみえてないと思つているの？みつともないまねは / およしなさい。
6/S6032.DAT,0x47B62,40,high,0,original,,,,,,鏡に映るあなたの姿は / 大僧正でもなんでもない / ただのモンスターよ！
6/S6032.DAT,0x47C38,13,high,0,original,,,,,,大僧正 / <N:午:19:DDB6>ャー！<CTRL:E4>つ
6/S6032.DAT,0x47C94,9,high,0,original,,,,,,この下は道場だ！
6/S6041.DAT,0x469F6,49,medium,0,original,,,,,,<CTRL:00><N:ъ:14:1A><CTRL:00>し<CTRL:00>す<CTRL:00><N:．:2:0F><CTRL:00>う<CTRL:00> <CTRL:00>ん<CTRL:00><N:ｃ:12:16><CTRL:00>は<CTRL:00>2 に<CTRL:00>す<CTRL:00><N:ﾉ:6:10><CTRL:00>う<CTRL:00> <CTRL:00>ん<CTRL:00><N:ｃ:9:17><CTRL:00>は<CTRL:00>2 に<CTRL:00> <CTRL:00>で か<CTRL:00>
6/S6041.DAT,0x46A1A,13,medium,0,original,,,,,,は<CTRL:00>2 に<CTRL:00> <CTRL:00>で か<CTRL:00>
6/S6041.DAT,0x46BF2,49,medium,0,original,,,,,,<CTRL:00><N:ъ:14:1A><CTRL:00>し<CTRL:00>す<CTRL:00><N:．:2:0F><CTRL:00>う<CTRL:00> <CTRL:00>ん<CTRL:00><N:ｃ:12:16><CTRL:00>は<CTRL:00>0！に<CTRL:00>す<CTRL:00><N:ﾉ:6:10><CTRL:00>う<CTRL:00> <CTRL:00>ん<CTRL:00><N:ｃ:9:17><CTRL:00>は<CTRL:00>0！に<CTRL:00> <CTRL:00>こ！か<CTRL:00>
6/S6041.DAT,0x46C16,13,medium,0,original,,,,,,は<CTRL:00>0！に<CTRL:00> <CTRL:00>こ！か<CTRL:00>
6/S6041.DAT,0x46E16,21,medium,0,original,,,,,,<CTRL:00><N:ъ:14:1A><CTRL:00>し<CTRL:00>す<CTRL:00><N:*:7:0B><CTRL:00><N:ｃ:9:17><CTRL:00>す<CTRL:00>”<CTRL:00>う<CTRL:00> <CTRL:00>ま
6/S6041.DAT,0x46E22,9,medium,0,original,,,,,,す<CTRL:00>”<CTRL:00>う<CTRL:00> <CTRL:00>ま
6/S6041.DAT,0x4708E,21,medium,0,original,,,,,,<CTRL:00><N:ъ:14:1A><CTRL:00>し<CTRL:00>す<CTRL:00><N:*:7:0B><CTRL:00><N:ｃ:9:17><CTRL:00>す<CTRL:00>”<CTRL:00>う<CTRL:00> <CTRL:00>ま
6/S6041.DAT,0x4709A,9,medium,0,original,,,,,,す<CTRL:00>”<CTRL:00>う<CTRL:00> <CTRL:00>ま
6/S6041.DAT,0x472A6,21,medium,0,original,,,,,,<CTRL:00><N:ъ:14:1A><CTRL:00>し<CTRL:00>す<CTRL:00><N:*:7:0B><CTRL:00><N:ｃ:9:17><CTRL:00>す<CTRL:00>”<CTRL:00>う<CTRL:00> <CTRL:00>ま
6/S6041.DAT,0x472B2,9,medium,0,original,,,,,,す<CTRL:00>”<CTRL:00>う<CTRL:00> <CTRL:00>ま
6/S6041.DAT,0x47496,21,medium,0,original,,,,,,<CTRL:00><N:ъ:14:1A><CTRL:00>し<CTRL:00>す<CTRL:00><N:*:7:0B><CTRL:00><N:ｃ:9:17><CTRL:00>す<CTRL:00>”<CTRL:00>う<CTRL:00> <CTRL:00>ま
6/S6041.DAT,0x474A2,9,medium,0,original,,,,,,す<CTRL:00>”<CTRL:00>う<CTRL:00> <CTRL:00>ま
6/S6041.DAT,0x47596,7,medium,0,original,,,,,,<CTRL:00><N:ъ:14:1A><CTRL:00>し<CTRL:00>
6/S6041.DAT,0x478F4,9,medium,0,original,,,,,,す<CTRL:00>”<CTRL:00>う<CTRL:00> <CTRL:00>ま
6/S6041.DAT,0x479A8,9,medium,0,original,,,,,,す<CTRL:00>”<CTRL:00>う<CTRL:00> <CTRL:00>ま
6/S6041.DAT,0x47AD6,9,medium,0,original,,,,,,す<CTRL:00>”<CTRL:00>う<CTRL:00> <CTRL:00>ま
6/S6041.DAT,0x47CEA,9,medium,0,original,,,,,,す<CTRL:00>”<CTRL:00>う<CTRL:00> <CTRL:00>ま
6/S6041.DAT,0x47D8A,9,medium,0,original,,,,,,す<CTRL:00>”<CTRL:00>う<CTRL:00> <CTRL:00>ま
6/S6041.DAT,0x47E00,9,medium,0,original,,,,,,す<CTRL:00>”<CTRL:00>う<CTRL:00> <CTRL:00>ま
6/S6041.DAT,0x47EFC,9,medium,0,original,,,,,,す<CTRL:00>”<CTRL:00>う<CTRL:00> <CTRL:00>ま
6/S6041.DAT,0x48228,9,medium,0,original,,,,,,す<CTRL:00>”<CTRL:00>う<CTRL:00> <CTRL:00>ま
6/S6041.DAT,0x48626,21,high,0,original,,,,,,これが、<CTRL:E4>よ / 本山の姿なのか・・。
6/S6041.DAT,0x4867E,43,high,0,original,,,,,,きつと大僧正がモンスターに / 取つて代わられた時に、 / 荒らされたんでしょうね。
6/S6041.DAT,0x486E6,11,high,0,original,,,,,,経典も無いのか。
6/S6041.DAT,0x48724,19,high,0,original,,,,,,そんなもんに頼つとるからいかんのだ！
6/S6041.DAT,0x487C0,59,high,0,original,,,,,,地の精霊 / ラマダの技は / 大地と大気の力を<N:ｌ:5:5B>気へとして出す技 / 大地への<N:感:1:DE48>謝によつて可能になるものだ。
6/S6041.DAT,0x4882E,50,high,0,original,,,,,,地の精霊 / それを、小手先ばかりまねて / 継承（けいしょう）するからこうなつて / しまう。
6/S6041.DAT,0x488A2,9,high,0,original,,,,,,あなたは地の精霊？
6/S6041.DAT,0x488DE,47,high,0,original,,,,,,地の精霊 / いかにも / <CTRL:E4>よこの技は、人聞同士の争いこのために / 授けたのではない。
6/S6041.DAT,0x48940,71,high,0,original,,,,,,地の精霊 / 自分達がすう<N:空:2:DD18>気、食ベる物と同じ様に / いつの聞にか、当然自分達が得られるものと思い込むから<G:DD04:223>がみ始める。
6/S6041.DAT,0x489C2,33,high,0,original,,,,,,地の精霊 / おまえら人聞だけのためのものなど / 何もないんじゃ。
6/S6041.DAT,0x48A16,45,high,0,original,,,,,,地の精霊 / あるのは、 / この世界に生きるもの全てが / 分かちあうものばかりじゃ。
6/S6041.DAT,0x48A76,43,high,0,original,,,,,,地の精霊 / このこを、<N:忘:1:DD48>れるでないぞ / その約束のもとに<N:ｌ:5:5B>地の石へを渡そう。
6/S6041.DAT,0x48B1A,12,high,0,original,,,,,,<N:ｌ:5:5B>地の石へを手に入れた。
6/S6041.DAT,0x48B6C,21,high,0,original,,,,,,地の精霊 / わしらはいつでも見ているぞ。
6/S6041.DAT,0x48BB2,31,medium,0,original,,,,,,と<CTRL:00>リ<CTRL:00><N:*:7:0B><CTRL:00><N:≠:16:04><CTRL:00><N:＄:1:05><CTRL:00> <CTRL:00><N:‐:2:0E><CTRL:00>）<CTRL:00>”<CTRL:00>か<CTRL:00><CTRL:F8><CTRL:FF><N:*:7:0B><CTRL:00>！<CTRL:00><N:＄:1:05><CTRL:00> <CTRL:00><N:‐:2:0E>
6/S6041.DAT,0x499DC,78,medium,0,original,,,,,,，<CTRL:00>と<CTRL:00>お<CTRL:00><N:ｃ:12:16><CTRL:00><N:‐:2:0E><CTRL:00><CTRL:FF><CTRL:FF>お<CTRL:00><N:７:11:18><CTRL:00><N:．:2:0F><CTRL:00><CTRL:FF><CTRL:FF>か<CTRL:00>，<CTRL:00>）<CTRL:00><CTRL:FF><CTRL:FF>か<CTRL:00><N:‐:2:0E><CTRL:00>）<CTRL:00><CTRL:FF><CTRL:FF>か<CTRL:00><N:．:2:0F><CTRL:00>）<CTRL:00>3<CTRL:00>か<CTRL:00>’<CTRL:00>’<CTRL:00><CTRL:FF><CTRL:FF>か<CTRL:00>3<CTRL:00>’<CTRL:00><CTRL:FF><CTRL:FF>か<CTRL:00>）<CTRL:00><N:*:7:0B><CTRL:00><CTRL:FF><CTRL:FF>か<CTRL:00>1<CTRL:00><N:*:7:0B><CTRL:00><CTRL:FF><CTRL:FF><CTRL:FF><CTRL:FF>
6/S6051.DAT,0x47AB4,14,high,0,original,,,,,,これがラマダ寺か・・。
6/S6051.DAT,0x47AF6,37,high,0,original,,,,,,話ではここを通る以外に / ラマダ山への入り<G:DE13:493>は / ないというこだ。
6/S6051.DAT,0x47BA8,39,high,0,original,,,,,,ラマダ山の経典を欲しいらしいが山の中には一<N:歩:6:DEBD>も入れるわけにはいかん。
6/S6051.DAT,0x47C04,30,high,0,original,,,,,,経典？<CTRL:E4>よ / 我<N:く:18:DD06>は山に住む精霊と話をしたいだけだ。
6/S6051.DAT,0x47C56,40,high,0,original,,,,,,この期に及んでまだ嘘をつくのかこちらは大僧正様が / 何もかもお見通しだ。
6/S6051.DAT,0x47CB2,13,high,0,original,,,,,,何を言つてもむだのようね。
6/S6051.DAT,0x47CF4,32,high,0,original,,,,,,我<N:く:18:DD06>も、ちとわけありでの<N:っ:4:DD57> / <G:DD04:223>するわけにはいかんのじゃ。
6/S6051.DAT,0x47D48,44,high,0,original,,,,,,しかし / ここで闘えばわしらも必死じゃ / おそらく多くの死人が出る / じゃろう。
6/S6051.DAT,0x47DB6,14,high,0,original,,,,,,我が僧兵は死など恐れん！
6/S6051.DAT,0x47DF8,11,high,0,original,,,,,,まあそうあつくなるな。
6/S6051.DAT,0x47E46,31,high,0,original,,,,,,この少年とお主で一対一の勝負をするというのはどうじゃ？
6/S6051.DAT,0x47E9A,56,high,0,original,,,,,,彼が負ければ我<N:く:18:DD06>はおとなしく / 帰ろう。 / しかし我<N:く:18:DD06>が勝つた場合は / わしらの話を聞いてもらおう。
6/S6051.DAT,0x47F14,28,high,0,original,,,,,,よかろう<CTRL:E4>よ<CTRL:E4>よ / 小<N:ざ:2:DD3D>かしいこを考えるでないぞ。
6/S6052.DAT,0x4792C,20,high,0,original,,,,,,弟子 / ラマダ山の様子はどうですか？
6/S6053.DAT,0x47A66,19,high,0,original,,,,,,私も、同行させては / もらえまいか？
6/S6053.DAT,0x47AAE,47,high,0,original,,,,,,自分が30年聞で、失つてしまつたものを、あなたがたと旅することで取り戻せそうな気がする。
6/S6053.DAT,0x47B12,28,high,0,original,,,,,,こつちとしても頼もしいんだけど・・・。
6/S6053.DAT,0x47B62,8,high,0,original,,,,,,よろしくたのむ。
6/S6053.DAT,0x47BB4,20,high,0,original,,,,,,私はこの方達と / 同行することにした。
6/S6053.DAT,0x47BFC,47,high,0,original,,,,,,ここはいつの聞にか、いまわしい寺となつてしまつた。 / もうここで教えることは / 何もない。
6/S6053.DAT,0x47C60,27,high,0,original,,,,,,これからは、それぞれ自分達の道を探していくといい。
6/S6053.DAT,0x47CBC,50,high,0,original,,,,,,弟子 / <N:｣:11:65>ー<N:力:5:DD02>師<N:乾:16:DE93>（しはん）。 / 我らの中にあるのは<N:邪:1:DE36>悪な教えだけではありません。
6/S6053.DAT,0x47D2E,48,high,0,original,,,,,,弟子 / あなたは我らに / 自分の聞違いを正すこを恐れない / 勇気を教えてくれました。
6/S6053.DAT,0x47D9E,38,high,0,original,,,,,,弟子 / 師<N:乾:16:DE93>がお戻りになるまで / この寺は我らが守つております。
6/S6053.DAT,0x47E32,19,high,0,original,,,,,,<CTRL:E4>よありがとう・・・<CTRL:E4>よ。
6/S6053.DAT,0x47E7A,44,high,0,original,,,,,,私はこの人達との旅の後<CTRL:E4>よ / 再びここに戻り<CTRL:E4>よ / 一からやり直したいと思う。<CTRL:E4>ご
6/S6053.DAT,0x47EDA,12,high,0,original,,,,,,<CTRL:E4>よ後を頼む！<CTRL:E4>よ<CTRL:E4>よ
6/S6054.DAT,0x45002,35,high,0,original,,,,,,<CTRL:E5>”チョピン / <CTRL:E5>”チョ<N:ビ:5:DE1E>ン / <CTRL:E5>”チョース<N:ゲ:16:DD6D> / <CTRL:E5>”チョン<N:力:5:DD02>ラ
6/S6054.DAT,0x4506E,12,high,0,original,,,,,,ラマダ僧 / 正解！！
6/S6054.DAT,0x450AC,17,high,0,original,,,,,,ラマダ僧 / スパ<N:｣:11:65>はどこにいた？
6/S6054.DAT,0x450F6,34,high,0,original,,,,,,<CTRL:E5>”ミルマーナ / <CTRL:E5>”スメリア / <CTRL:E5>”アララトス / <CTRL:E5>”カーデル
6/S6054.DAT,0x45160,12,high,0,original,,,,,,ラマダ僧 / 正解！！
6/S6054.DAT,0x4519E,29,high,0,original,,,,,,ラマダ僧 / セーフデータのシン<N:卞:16:DDA1>ルになつているのは？
6/S6054.DAT,0x451F4,32,high,0,original,,,,,,<CTRL:E5>”アーク / <CTRL:E5>”ククル / <CTRL:E5>”タ<N:｣:11:65>トルロ<N:ニ:13:DD3C> / <CTRL:E5>”へモジー
6/S6054.DAT,0x4525C,12,high,0,original,,,,,,ラマダ僧 / 正解！！
6/S6054.DAT,0x4529A,32,high,0,original,,,,,,ラマダ僧 / スメリアのダウンタウンにいるよつっらいの名前は？
6/S6054.DAT,0x452F2,31,high,0,original,,,,,,<CTRL:E5>”オカモト / <CTRL:E5>”ヤマモト / <CTRL:E5>”ヤマオ<N:午:15:DD4E> / <CTRL:E5>”ヤマシタ
6/S6054.DAT,0x4535A,12,high,0,original,,,,,,ラマダ僧 / 正解！！
6/S6054.DAT,0x45398,22,high,0,original,,,,,,ラマダ僧 / アーク<N:ザ:8:DDC8>ラットのぞくへんは？
6/S6054.DAT,0x453E6,28,high,0,original,,,,,,<CTRL:E5>”でる / <CTRL:E5>”でるかも / <CTRL:E5>”でるのでは / <CTRL:E5>”なやむ
6/S6054.DAT,0x4544A,18,high,0,original,,,,,,ラマダ僧 / 正解！！本当だな？
6/S6054.DAT,0x4548E,22,high,0,original,,,,,,ラマダ僧 / アーク<N:ザ:8:DDC8>ラットのスタッフは？
6/S6054.DAT,0x454DC,29,high,0,original,,,,,,<CTRL:E5>”1<N:ｃ:12:16>0人 / <CTRL:E5>”200人 / <CTRL:E5>”2<N:ｃ:12:16>0人 / <CTRL:E5>”なやむ
6/S6054.DAT,0x45542,12,high,0,original,,,,,,ラマダ僧 / 正解！！
6/S6054.DAT,0x45580,39,high,0,original,,,,,,ラマダ僧 / 首都の軍オフ<N:ｲ:6:DD03>スには、実は地下<N:ｃ:12:16>0階のダンジョンが・・
6/S6054.DAT,0x455E0,31,high,0,original,,,,,,<CTRL:E5>”ある / <CTRL:E5>”ない / <CTRL:E5>”作りたかつた / <CTRL:E5>”行きたかつた
6/S6054.DAT,0x45648,12,high,0,original,,,,,,ラマダ僧 / 正解！！
6/S6054.DAT,0x45686,28,high,0,original,,,,,,ラマダ僧 / 遺跡ダンジョンの一番下にいるものは？
6/S6054.DAT,0x456DA,24,high,0,original,,,,,,<CTRL:E5>”あれ / <CTRL:E5>”それ / <CTRL:E5>”どれ / <CTRL:E5>”ないしょ
6/S6054.DAT,0x4573A,12,high,0,original,,,,,,ラマダ僧 / 正解！！
6/S6054.DAT,0x45778,36,high,0,original,,,,,,ラマダ僧 / ラマダ寺でとびらが<N:閂:11:DDE0>いたときに中に見える人の数は？
6/S6054.DAT,0x457D4,26,high,0,original,,,,,,<CTRL:E5>”20人 / <CTRL:E5>”21人 / <CTRL:E5>”22人 / <CTRL:E5>”23人
6/S6054.DAT,0x45836,12,high,0,original,,,,,,ラマダ僧 / 正解！！
6/S6054.DAT,0x45874,33,high,0,original,,,,,,ラマダ僧 / ストーンサークルでチョン<N:力:5:DD02>ラが見つけたア<N:｣:11:65>テムは？
6/S6054.DAT,0x458CE,41,high,0,original,,,,,,<CTRL:E5>”すごいア<N:｣:11:65>テム / <CTRL:E5>”こわれたア<N:｣:11:65>テム / <CTRL:E5>”つぶれたア<N:｣:11:65>テム / <CTRL:E5>”ねばねば
6/S6054.DAT,0x45940,12,high,0,original,,,,,,ラマダ僧 / 正解！！
6/S6054.DAT,0x4597E,20,high,0,original,,,,,,ラマダ僧 / ちょこのかみのけのいろは？
6/S6054.DAT,0x459CA,38,high,0,original,,,,,,<CTRL:E5>”きいろ / <CTRL:E5>”わけあつてちゃいろ / <CTRL:E5>”本当はあか / <CTRL:E5>”それはだれ？
6/S6054.DAT,0x45A38,12,high,0,original,,,,,,ラマダ僧 / 正解！！
6/S6054.DAT,0x45A80,13,high,0,original,,,,,,ラマダ僧 / 大正解！！
6/S6054.DAT,0x45AC8,46,high,0,original,,,,,,ラマダ僧 / 私のもんだいに全て正解したのはおまえが初めてだ。ほうびにこれをやろう。
6/S6054.DAT,0x45B2C,45,high,0,original,,,,,,ラマダ僧 / 私のもんだいに全て正解したのはおまえが2人めだ。ほうびにこれをやろう。
6/S6054.DAT,0x45BAA,19,high,0,original,,,,,,<N:ｌ:5:5B>古代の<G:DD04:223>びわへをもらいました。
6/S6054.DAT,0x45BF4,28,high,0,original,,,,,,と思つたが、もう持つているではないか？ひやかすでない。
6/S6054.DAT,0x45C42,49,high,0,original,,,,,,この世界には、精霊の石ともう一つ、全て集めることによつて効果があらわれる石があると聞く。
6/S6054.DAT,0x45CA6,37,high,0,original,,,,,,その石は、<G:D2:209>うけんしゃたちを危険からすくう、大いなる力となるであろう。
6/S6054.DAT,0x45D02,26,high,0,original,,,,,,ラマダ僧 / 常に目的を持つて行動するがよい。
6/S6054.DAT,0x45D52,28,high,0,original,,,,,,ラマダ僧 / それはまちがいだが、がんばりはみとめよう。
6/S6054.DAT,0x45DA0,19,high,0,original,,,,,,ラマダ僧 / よつて、これをあげよう。
6/S6054.DAT,0x45DEA,11,high,0,original,,,,,,<N:ｌ:5:5B>石へをもらいました。
6/S6054.DAT,0x45E2E,33,high,0,original,,,,,,ラマダ僧 / 修行が足りないようだ。 / 出直してくるがよい。
6/S6054.DAT,0x45F00,30,high,0,original,,,,,,ラマダ僧 / よくがんばりましたね。これをさし上げましょう。
6/S6054.DAT,0x45F6E,17,high,0,original,,,,,,<N:ｌ:5:5B>幻獣の<N:牙:4:DEB0>へをもらいました。
6/S6054.DAT,0x45FDC,34,high,0,original,,,,,,ラマダ僧 / これはこれは。 / <N:ク:12:80>リーンスラ<N:｣:11:65>ムバスターのかたがた。
6/S6054.DAT,0x46032,33,high,0,original,,,,,,ラマダ僧 / これはこれは。 / エ<N:リ:12:6F>メンタルバスターのかたがた。
6/S6054.DAT,0x46088,33,high,0,original,,,,,,ラマダ僧 / これはこれは。 / トールマスターバスターのかたがた。
6/S6054.DAT,0x460DE,35,high,0,original,,,,,,ラマダ僧 / これはこれは。 / ジャ<N:｣:11:65>アントバットバスターのかたがた。
6/S6054.DAT,0x46136,31,high,0,original,,,,,,ラマダ僧 / これはこれは。 / フリージーバスターのかたがた。
6/S6054.DAT,0x4618A,35,high,0,original,,,,,,ラマダ僧 / これはこれは。 / 野生へモジーバスターのかたがた。
6/S6054.DAT,0x461E2,37,high,0,original,,,,,,ラマダ僧 / これはこれは。 / ウ<N:=:12:DE4E>ンパ<N:｣:11:65>アバットバスターのかたがた。
6/S6054.DAT,0x4623C,32,high,0,original,,,,,,ラマダ僧 / これはこれは。 / デスフ<N:リ:12:6F><N:｣:11:65>ムバスターのかたがた。
6/S6054.DAT,0x46290,32,high,0,original,,,,,,ラマダ僧 / これはこれは。 / 道化師バスターのかたがた。
6/S6054.DAT,0x462E4,34,high,0,original,,,,,,ラマダ僧 / これはこれは。 / アシットスラ<N:｣:11:65>ムバスターのかたがた。
6/S6054.DAT,0x4633A,37,high,0,original,,,,,,ラマダ僧 / これはこれは。 / エ<N:リ:12:6F>メンタルマスターバスターのかたがた。
6/S6054.DAT,0x46394,41,high,0,original,,,,,,ラマダ僧 / 初めての挑戦ですね。それでは、ますは小手調ベということで。
6/S6054.DAT,0x463F0,16,high,0,original,,,,,,ラマダ僧 / がんばつて下さい。
6/S6054.DAT,0x46440,42,high,0,original,,,,,,ラマダ僧 / 2度目の挑戦ですね。それでは、これくらいのところでどうでしょうか？
6/S6054.DAT,0x4649C,16,high,0,original,,,,,,ラマダ僧 / がんばつて下さい。
6/S6054.DAT,0x464EC,42,high,0,original,,,,,,ラマダ僧 / 3度目の挑戦ですね。それでは、これくらいのところでどうでしょうか？
6/S6054.DAT,0x46548,16,high,0,original,,,,,,ラマダ僧 / がんばつて下さい。
6/S6054.DAT,0x46598,36,high,0,original,,,,,,ラマダ僧 / 4度目の挑戦ですね。まだまだ、こんなところでしょうか？
6/S6054.DAT,0x465EE,16,high,0,original,,,,,,ラマダ僧 / がんばつて下さい。
6/S6054.DAT,0x4663E,34,high,0,original,,,,,,ラマダ僧 / <N:ｃ:12:16>度目の挑戦ですね。そろそろ、本気で闘つて下さい。
6/S6054.DAT,0x46692,16,high,0,original,,,,,,ラマダ僧 / がんばつて下さい。
6/S6054.DAT,0x466E2,19,high,0,original,,,,,,ラマダ僧 / <N:ｃ:9:17>度目の挑戦ですね。
6/S6054.DAT,0x46728,16,high,0,original,,,,,,ラマダ僧 / がんばつて下さい。
6/S6054.DAT,0x46778,45,high,0,original,,,,,,ラマダ僧 / <N:７:11:18>度目の挑戦ですね。そろそろつらくなつてきたでしょうが、がんばりますね。
6/S6054.DAT,0x467D8,16,high,0,original,,,,,,ラマダ僧 / がんばつて下さい。
6/S6054.DAT,0x46828,42,high,0,original,,,,,,ラマダ僧 / <N:３:14:19>度目の挑戦ですね。それでは、これくらいのところでどうでしょうか？
6/S6054.DAT,0x46884,16,high,0,original,,,,,,ラマダ僧 / がんばつて下さい。
6/S6054.DAT,0x468D4,42,high,0,original,,,,,,ラマダ僧 / <N:ъ:14:1A>度目の挑戦ですね。それでは、これくらいのところでどうでしょうか？
6/S6054.DAT,0x46930,16,high,0,original,,,,,,ラマダ僧 / がんばつて下さい。
6/S6054.DAT,0x46980,43,high,0,original,,,,,,ラマダ僧 / 10度目の挑戦ですね。それでは、これくらいのところでどうでしょうか？
6/S6054.DAT,0x469DE,16,high,0,original,,,,,,ラマダ僧 / がんばつて下さい。
6/S6054.DAT,0x46A2E,37,high,0,original,,,,,,ラマダ僧 / 11度目の挑戦ですね。いちおう、これで最後になります。
6/S6054.DAT,0x46A86,16,high,0,original,,,,,,ラマダ僧 / がんばつて下さい。
6/S6054.DAT,0x46AD6,33,high,0,original,,,,,,もう相手になるものがいません。せつかくですがお引きとり下さい。
7/S7011.DAT,0x4782E,5,medium,0,original,,,,,,る<CTRL:00>し<CTRL:00><N:X:20:06>
7/S7011.DAT,0x47870,37,medium,0,original,,,,,,ふ！’<CTRL:00><N:７:11:18><CTRL:00>ふ！’<CTRL:00>の<CTRL:00>ふ！’<CTRL:00>な<CTRL:00>ふ！’<CTRL:00>し<CTRL:00>ふ！<N:＆:4:07><CTRL:00><CTRL:FF><CTRL:FF>の<CTRL:00>し<CTRL:00>ぞ！て
7/S7011.DAT,0x478EC,27,medium,0,original,,,,,,一！<N:＆:4:07><CTRL:00><N:７:11:18><CTRL:00>一！<N:＆:4:07><CTRL:00>の<CTRL:00>一！<N:＆:4:07><CTRL:00>な<CTRL:00>一！<N:＆:4:07><CTRL:00>し<CTRL:00>一！て
7/S7011.DAT,0x4794C,73,medium,0,original,,,,,,石<CTRL:00><N:ぇ:2:C0>！攻’！<CTRL:00><N:X:20:06><CTRL:00>に<CTRL:00>門<N:*:7:0B><CTRL:00><CTRL:FF><CTRL:FF><N:７:11:18><CTRL:00>た<CTRL:00><CTRL:F7><CTRL:FF>う<CTRL:00><N:≠:16:04><CTRL:00>な<CTRL:00>石<CTRL:00><N:ク:12:80>（<N:ﾉ:6:10><CTRL:FF>！<CTRL:00>，<CTRL:00><N:≠:16:04><CTRL:00>の<CTRL:00>石<CTRL:00><N:ク:12:80>（見！！<CTRL:00>，<CTRL:00><N:≠:16:04><CTRL:00>し<CTRL:00>石<CTRL:00>か’<G:E005:989>！<CTRL:00>，<CTRL:00><N:≠:16:04><CTRL:00><N:７:11:18><CTRL:00>石
7/S7011.DAT,0x479A2,31,medium,0,original,,,,,,石<CTRL:00><N:ぇ:2:C0>！攻’！<CTRL:00><N:≠:16:04><CTRL:00>に<CTRL:00>門<N:*:7:0B><CTRL:00><CTRL:FF><CTRL:FF><N:７:11:18><CTRL:00>た<CTRL:00><CTRL:F7><CTRL:FF>う<CTRL:00><N:≠:16:04><CTRL:00><N:ъ:14:1A><CTRL:00>石
7/S7011.DAT,0x479DC,29,medium,0,original,,,,,,<CTRL:00><CTRL:FF>0<CTRL:00><N:ъ:14:1A><CTRL:00>や<CTRL:00>0<CTRL:00>た<CTRL:00>や<CTRL:00>0<CTRL:00><N:７:11:18><CTRL:00>や<CTRL:00>う<CTRL:00>ら<CTRL:00>”<CTRL:00>で！て
7/S7011.DAT,0x47A2C,111,medium,0,original,,,,,,敵 <N:＆:4:07><CTRL:00><N:７:11:18><CTRL:00>敵 <N:＆:4:07><CTRL:00>の<CTRL:00>敵 <N:＆:4:07><CTRL:00>な<CTRL:00>敵 <N:＆:4:07><CTRL:00>し<CTRL:00>敵 う<CTRL:00>’<CTRL:00><N:３:14:19><CTRL:00>ど！’<CTRL:00><N:７:11:18><CTRL:00>じ！’<CTRL:00>の<CTRL:00>マ！’<CTRL:00>な<CTRL:00>タ！’<CTRL:00>し<CTRL:00>シ！う<CTRL:00>’<CTRL:00><N:３:14:19><CTRL:00>出！’<CTRL:00><N:７:11:18><CTRL:00>ね！’<CTRL:00>の<CTRL:00>下！’<CTRL:00>な<CTRL:00>何！’<CTRL:00>し<CTRL:00>チ！う<CTRL:00>を<CTRL:00>”<CTRL:00>ゃ う<CTRL:00>ら<CTRL:00>”<CTRL:00>2！に<CTRL:00>ろ て
7/S7011.DAT,0x47A4C,79,medium,0,original,,,,,,ど！’<CTRL:00><N:７:11:18><CTRL:00>じ！’<CTRL:00>の<CTRL:00>マ！’<CTRL:00>な<CTRL:00>タ！’<CTRL:00>し<CTRL:00>シ！う<CTRL:00>’<CTRL:00><N:３:14:19><CTRL:00>出！’<CTRL:00><N:７:11:18><CTRL:00>ね！’<CTRL:00>の<CTRL:00>下！’<CTRL:00>な<CTRL:00>何！’<CTRL:00>し<CTRL:00>チ！う<CTRL:00>を<CTRL:00>”<CTRL:00>ゃ う<CTRL:00>ら<CTRL:00>”<CTRL:00>2！に<CTRL:00>ろ て
7/S7011.DAT,0x47A6C,47,medium,0,original,,,,,,出！’<CTRL:00><N:７:11:18><CTRL:00>ね！’<CTRL:00>の<CTRL:00>下！’<CTRL:00>な<CTRL:00>何！’<CTRL:00>し<CTRL:00>チ！う<CTRL:00>を<CTRL:00>”<CTRL:00>ゃ う<CTRL:00>ら<CTRL:00>”<CTRL:00>2！に<CTRL:00>ろ て
7/S7011.DAT,0x47AC0,22,medium,0,original,,,,,,<N:ｌ:5:5B>！’<CTRL:00><N:７:11:18><CTRL:00>霊！う<CTRL:00> <CTRL:00>！<CTRL:00><CTRL:FC>  <CTRL:00><N:≠:16:04><CTRL:00><CTRL:FC>
7/S7011.DAT,0x47AE6,27,medium,0,original,,,,,,て！<N:＆:4:07><CTRL:00><N:７:11:18><CTRL:00>て！<N:＆:4:07><CTRL:00>の<CTRL:00>て！<N:＆:4:07><CTRL:00>な<CTRL:00>て！<N:＆:4:07><CTRL:00>し<CTRL:00>て！う
7/S7011.DAT,0x47D3C,8,medium,0,original,,,,,,精。ンを？らわた
7/S7011.DAT,0x47D5A,45,medium,0,original,,,,,,<CTRL:E5>！値ひれ<N:究:1:DE46>投ミベ<CTRL:E6><CTRL:00><CTRL:E5>！場ふ<N:究:1:DE46>投ミベ<CTRL:E6><CTRL:00><CTRL:E5>！年 が精ん<CTRL:E6><CTRL:00><CTRL:E5>！もー出っん<CTRL:E6>
7/S7011.DAT,0x47DB2,8,medium,0,original,,,,,,よとすをゃで王ン
7/S7011.DAT,0x47DD4,49,medium,0,original,,,,,,<CTRL:E5>！じ者ひれ話<N:空:2:DD18><CTRL:E6><CTRL:00><CTRL:E5>！運き臣ま<G:D2:209>話<N:空:2:DD18><CTRL:E6><CTRL:00><CTRL:E5>！フダ<N:リ:12:6F>ねま負話<N:空:2:DD18><CTRL:E6><CTRL:00><CTRL:E5>！解い装ま火<CTRL:E6>
7/S7011.DAT,0x47E2C,50,medium,0,original,,,,,,<CTRL:E5>！れどどめじ話<N:空:2:DD18><CTRL:E6><CTRL:00><CTRL:E5>！れひウまねニ話<N:空:2:DD18><CTRL:E6><CTRL:00><CTRL:E5>！必ま直き話<N:空:2:DD18><CTRL:E6><CTRL:00><CTRL:E5>！解い装ま火<CTRL:E6>
7/S7011.DAT,0x47E86,25,medium,0,original,,,,,,<CTRL:E5>！はどま受金話<N:空:2:DD18><CTRL:E6><CTRL:00><CTRL:E5>！解い装ま火<CTRL:E6>
7/S7011.DAT,0x47FEE,16,high,0,original,,,,,,チョピン / 出発なさいますか？
7/S7011.DAT,0x48036,15,high,0,original,,,,,,<CTRL:E5>”出発する / <CTRL:E5>”出発しない
7/S7011.DAT,0x4808C,18,high,0,original,,,,,,チョピン / では、お乗り下さい。
7/S7011.DAT,0x480EC,28,high,0,original,,,,,,まつたく、爺いの<G:D2:209>けにも / 冷や冷やさせられるぜ。
7/S7011.DAT,0x48158,41,high,0,original,,,,,,わかつてるんだか / わかつてないんだか / 区別がつかない所が / 困るのよね。
7/S7011.DAT,0x481C4,27,high,0,original,,,,,,<CTRL:E4>つふ<N:ぉ:8:DD45>つ、<CTRL:E4>4ふ<N:ぉ:8:DD45>つ、<CTRL:E4>4ふ<N:ぉ:8:DD45>つ、ふ<N:ぉ:8:DD45>つ
7/S7011.DAT,0x4821A,16,high,0,original,,,,,,<N:ニ:13:DD3C>ーゲン、次の目的地は？
7/S7011.DAT,0x48280,21,high,0,original,,,,,,石は次の石に我<N:く:18:DD06>を導く・・。<CTRL:E4>よ
7/S7011.DAT,0x482E4,89,high,0,original,,,,,,風の石 / <CTRL:E4>よ・・・砂<CTRL:E4>4漠<CTRL:E4>4の<CTRL:E4>よ・ア<CTRL:E4>4リ<CTRL:E4>4バ<CTRL:E4>4ー<CTRL:E4>4シャ<CTRL:E4>4の<CTRL:E4>よ・地で / <CTRL:E4>よ・<N:忘:1:DD48>れ<CTRL:E4>4ら<CTRL:E4>4れ<CTRL:E4>4し<CTRL:E4>よ・<CTRL:E4>4水の<CTRL:E4>よ力<CTRL:E4>よ。
7/S7011.DAT,0x48396,40,high,0,original,,,,,,今回は、国しかわからないか・・<CTRL:E4>よ / とにかく行つてみてから考えよう。
7/S7011.DAT,0x4847E,26,high,0,original,,,,,,チョピン / いつでも整備してお待ちしております。
7/S7012.DAT,0x4682E,5,medium,0,original,,,,,,る<CTRL:00>し<CTRL:00><N:X:20:06>
7/S7012.DAT,0x46870,37,medium,0,original,,,,,,ふ！’<CTRL:00><N:７:11:18><CTRL:00>ふ！’<CTRL:00>の<CTRL:00>ふ！’<CTRL:00>な<CTRL:00>ふ！’<CTRL:00>し<CTRL:00>ふ！<N:＆:4:07><CTRL:00><CTRL:FF><CTRL:FF>の<CTRL:00>し<CTRL:00>ぞ！て
7/S7012.DAT,0x468EC,27,medium,0,original,,,,,,一！<N:＆:4:07><CTRL:00><N:７:11:18><CTRL:00>一！<N:＆:4:07><CTRL:00>の<CTRL:00>一！<N:＆:4:07><CTRL:00>な<CTRL:00>一！<N:＆:4:07><CTRL:00>し<CTRL:00>一！て
7/S7012.DAT,0x4694C,73,medium,0,original,,,,,,石<CTRL:00><N:ぇ:2:C0>！攻’！<CTRL:00><N:X:20:06><CTRL:00>に<CTRL:00>門<N:*:7:0B><CTRL:00><CTRL:FF><CTRL:FF><N:７:11:18><CTRL:00>た<CTRL:00><CTRL:F7><CTRL:FF>う<CTRL:00><N:≠:16:04><CTRL:00>な<CTRL:00>石<CTRL:00><N:ク:12:80>（<N:ﾉ:6:10><CTRL:FF>！<CTRL:00>，<CTRL:00><N:≠:16:04><CTRL:00>の<CTRL:00>石<CTRL:00><N:ク:12:80>（見！！<CTRL:00>，<CTRL:00><N:≠:16:04><CTRL:00>し<CTRL:00>石<CTRL:00>か’<G:E005:989>！<CTRL:00>，<CTRL:00><N:≠:16:04><CTRL:00><N:７:11:18><CTRL:00>石
7/S7012.DAT,0x469A2,31,medium,0,original,,,,,,石<CTRL:00><N:ぇ:2:C0>！攻’！<CTRL:00><N:≠:16:04><CTRL:00>に<CTRL:00>門<N:*:7:0B><CTRL:00><CTRL:FF><CTRL:FF><N:７:11:18><CTRL:00>た<CTRL:00><CTRL:F7><CTRL:FF>う<CTRL:00><N:≠:16:04><CTRL:00><N:ъ:14:1A><CTRL:00>石
7/S7012.DAT,0x469DC,29,medium,0,original,,,,,,<CTRL:00><CTRL:FF>0<CTRL:00><N:ъ:14:1A><CTRL:00>や<CTRL:00>0<CTRL:00>た<CTRL:00>や<CTRL:00>0<CTRL:00><N:７:11:18><CTRL:00>や<CTRL:00>う<CTRL:00>ら<CTRL:00>”<CTRL:00>で！て
7/S7012.DAT,0x46A2C,111,medium,0,original,,,,,,敵 <N:＆:4:07><CTRL:00><N:７:11:18><CTRL:00>敵 <N:＆:4:07><CTRL:00>の<CTRL:00>敵 <N:＆:4:07><CTRL:00>な<CTRL:00>敵 <N:＆:4:07><CTRL:00>し<CTRL:00>敵 う<CTRL:00>’<CTRL:00><N:３:14:19><CTRL:00>ど！’<CTRL:00><N:７:11:18><CTRL:00>じ！’<CTRL:00>の<CTRL:00>マ！’<CTRL:00>な<CTRL:00>タ！’<CTRL:00>し<CTRL:00>シ！う<CTRL:00>’<CTRL:00><N:３:14:19><CTRL:00>出！’<CTRL:00><N:７:11:18><CTRL:00>ね！’<CTRL:00>の<CTRL:00>下！’<CTRL:00>な<CTRL:00>何！’<CTRL:00>し<CTRL:00>チ！う<CTRL:00>を<CTRL:00>”<CTRL:00>ゃ う<CTRL:00>ら<CTRL:00>”<CTRL:00>2！に<CTRL:00>ろ て
7/S7012.DAT,0x46A4C,79,medium,0,original,,,,,,ど！’<CTRL:00><N:７:11:18><CTRL:00>じ！’<CTRL:00>の<CTRL:00>マ！’<CTRL:00>な<CTRL:00>タ！’<CTRL:00>し<CTRL:00>シ！う<CTRL:00>’<CTRL:00><N:３:14:19><CTRL:00>出！’<CTRL:00><N:７:11:18><CTRL:00>ね！’<CTRL:00>の<CTRL:00>下！’<CTRL:00>な<CTRL:00>何！’<CTRL:00>し<CTRL:00>チ！う<CTRL:00>を<CTRL:00>”<CTRL:00>ゃ う<CTRL:00>ら<CTRL:00>”<CTRL:00>2！に<CTRL:00>ろ て
7/S7012.DAT,0x46A6C,47,medium,0,original,,,,,,出！’<CTRL:00><N:７:11:18><CTRL:00>ね！’<CTRL:00>の<CTRL:00>下！’<CTRL:00>な<CTRL:00>何！’<CTRL:00>し<CTRL:00>チ！う<CTRL:00>を<CTRL:00>”<CTRL:00>ゃ う<CTRL:00>ら<CTRL:00>”<CTRL:00>2！に<CTRL:00>ろ て
7/S7012.DAT,0x46AC0,22,medium,0,original,,,,,,<N:ｌ:5:5B>！’<CTRL:00><N:７:11:18><CTRL:00>霊！う<CTRL:00> <CTRL:00>！<CTRL:00><CTRL:FC>  <CTRL:00><N:≠:16:04><CTRL:00><CTRL:FC>
7/S7012.DAT,0x46AE6,27,medium,0,original,,,,,,て！<N:＆:4:07><CTRL:00><N:７:11:18><CTRL:00>て！<N:＆:4:07><CTRL:00>の<CTRL:00>て！<N:＆:4:07><CTRL:00>な<CTRL:00>て！<N:＆:4:07><CTRL:00>し<CTRL:00>て！う
7/S7012.DAT,0x46D3C,8,medium,0,original,,,,,,精。ンを？らわた
7/S7012.DAT,0x46D5A,45,medium,0,original,,,,,,<CTRL:E5>！値ひれ<N:究:1:DE46>投ミベ<CTRL:E6><CTRL:00><CTRL:E5>！場ふ<N:究:1:DE46>投ミベ<CTRL:E6><CTRL:00><CTRL:E5>！年 が精ん<CTRL:E6><CTRL:00><CTRL:E5>！もー出っん<CTRL:E6>
7/S7012.DAT,0x46DB2,8,medium,0,original,,,,,,よとすをゃで王ン
7/S7012.DAT,0x46DD4,49,medium,0,original,,,,,,<CTRL:E5>！じ者ひれ話<N:空:2:DD18><CTRL:E6><CTRL:00><CTRL:E5>！運き臣ま<G:D2:209>話<N:空:2:DD18><CTRL:E6><CTRL:00><CTRL:E5>！フダ<N:リ:12:6F>ねま負話<N:空:2:DD18><CTRL:E6><CTRL:00><CTRL:E5>！解い装ま火<CTRL:E6>
7/S7012.DAT,0x46E2C,50,medium,0,original,,,,,,<CTRL:E5>！れどどめじ話<N:空:2:DD18><CTRL:E6><CTRL:00><CTRL:E5>！れひウまねニ話<N:空:2:DD18><CTRL:E6><CTRL:00><CTRL:E5>！必ま直き話<N:空:2:DD18><CTRL:E6><CTRL:00><CTRL:E5>！解い装ま火<CTRL:E6>
7/S7012.DAT,0x46E86,25,medium,0,original,,,,,,<CTRL:E5>！はどま受金話<N:空:2:DD18><CTRL:E6><CTRL:00><CTRL:E5>！解い装ま火<CTRL:E6>
7/S7012.DAT,0x47014,31,high,0,original,,,,,,ただいまニロシアムでは、 / <N:武:3:DE28>闘大会を<N:閂:11:DDE0>さいしております。
7/S7012.DAT,0x47066,31,high,0,original,,,,,,まもなく<N:閂:11:DDE0>会のあいさつが始まります。 / お急ぎ下さい。
7/S7012.DAT,0x47A2C,16,high,0,original,,,,,,チョピン / 出発なさいますか？
7/S7012.DAT,0x47A74,32,high,0,original,,,,,,<CTRL:E5>”出発する / <CTRL:E5>”出発しない / <CTRL:E5>”いろいろ教えて！ その2
7/S7012.DAT,0x47AD4,16,high,0,original,,,,,,チョピン / 出発なさいますか？
7/S7012.DAT,0x47B1C,31,high,0,original,,,,,,<CTRL:E5>”出発する / <CTRL:E5>”出発しない / <CTRL:E5>”耳よりな話を聞きたい！
7/S7012.DAT,0x47B7C,14,high,0,original,,,,,,チョピン / では、こちらへ
7/S7012.DAT,0x47CA6,26,high,0,original,,,,,,チョピン / いつでも整備してお待ちしております。
7/S7012.DAT,0x47D90,17,high,0,original,,,,,,チョピン / 何が知りたいですか？
7/S7012.DAT,0x47DDA,37,high,0,original,,,,,,<CTRL:E5>”バトルの心得 その2 / <CTRL:E5>”耳よりな話 / <CTRL:E5>”やつっり、いいや。
7/S7012.DAT,0x47E46,54,high,0,original,,,,,,<CTRL:E5>”モンスターとの相しょう / <CTRL:E5>”経験値について / <CTRL:E5>”成長のアトバ<N:｣:11:65>ス / <CTRL:E5>”やつっり、いいや。
7/S7012.DAT,0x47EC6,60,high,0,original,,,,,,チョピン / こちらの攻撃がモンスターにきかないのは<N:リ:12:6F>ベルの違い以外に、相しょうが悪い / 場合があります。
7/S7012.DAT,0x47F34,48,high,0,original,,,,,,チョピン / 例えば、魔法を使用するモンスターは、 / 魔法攻撃には強いもんです。
7/S7012.DAT,0x47F96,47,high,0,original,,,,,,チョピン / 他には、飛んでいるモンスターには、 / 風の魔法がよくきくとかもあります。
7/S7012.DAT,0x47FF8,40,high,0,original,,,,,,チョピン / 戦いは頭を使わなきゃいけません。 / 力だけじゃだめなんですよ。
7/S7012.DAT,0x48054,8,high,0,original,,,,,,言つてくれるぜ。
7/S7012.DAT,0x4809A,40,high,0,original,,,,,,チョピン / 強い相手を選んで戦うと、それだけ多くの経験をつめます。
7/S7012.DAT,0x480F4,57,high,0,original,,,,,,チョピン / 経験は、攻撃した時も、された時も / 得られます。 / いつもチャ<N:リ:12:6F>ンジする心で挑んで下さい。
7/S7012.DAT,0x48162,22,high,0,original,,,,,,なんだか、ちょつとやる気に / なつてきたな。
7/S7012.DAT,0x481AA,30,high,0,original,,,,,,チョピン / ただし、 / ダメージが0の場合はだめですよ。
7/S7012.DAT,0x481FC,7,high,0,original,,,,,,・・・。
7/S7012.DAT,0x48242,43,high,0,original,,,,,,チョピン / 仲聞がふえてくると、戦闘での役わりに / より<N:リ:12:6F>ベルにさが出てきます。
7/S7012.DAT,0x482A0,35,high,0,original,,,,,,チョピン / すベての人が攻撃に向いているわけでは / ありません。
7/S7012.DAT,0x482F6,48,high,0,original,,,,,,チョピン / <N:午:15:DD4E>ャラクターの防御値が近い値になるように気をつけてみてはどうでしょう？
7/S7012.DAT,0x48358,41,high,0,original,,,,,,チョピン / きつと、 / す<N:く:4:DDB7>やられてしまう落ちこ<G:D2:209>れは / いなくなりますよ。
7/S7012.DAT,0x483B6,16,high,0,original,,,,,,落ちこ<G:D2:209>れとは誰のことじゃ？
7/S7012.DAT,0x48402,58,high,0,original,,,,,,<CTRL:E5>”アララトスの遺跡ダンジョン / <CTRL:E5>”ミルマーナのその後 / <CTRL:E5>”ラマダ寺での修行 / <CTRL:E5>”やつっり、いいや。
7/S7012.DAT,0x48486,43,high,0,original,,,,,,チョピン / アララトスの遺跡ダンジョンは / 相当に階層が<N:深:11:DEA0>いようです。
7/S7012.DAT,0x484E4,52,high,0,original,,,,,,チョピン / なかには、モンスターに守られた、 / あそこにしかないアクセサリーもあると / 聞きます。
7/S7012.DAT,0x4854A,34,high,0,original,,,,,,チョピン / 力試しもかねて、時には行つてみるのも / よいのでは？
7/S7012.DAT,0x485A0,30,high,0,original,,,,,,そうじゃ、おまえらの力で宝を / どんどん手に入れるんじゃ！
7/S7012.DAT,0x485F2,42,high,0,original,,,,,,もちろん、手に入れた後はわしにまかせんしゃい。 / <N:ヒ:5:DDB5>ャッ<N:ヒ:5:DDB5>ャッ<N:ヒ:5:DDB5>ャッ<N:ヒ:5:DDB5>ャッ。
7/S7012.DAT,0x48650,12,high,0,original,,,,,,まかせる訳ないでしょ！
7/S7012.DAT,0x4869A,34,high,0,original,,,,,,チョピン / トヨー<N:ゲ:16:DD6D>の森のベみの精霊を / お<G:D2:209>えていますか？
7/S7012.DAT,0x486EE,33,high,0,original,,,,,,チョピン / 彼女はいつも我<N:く:18:DD06>を見守つてくれて / います。
7/S7012.DAT,0x48742,58,high,0,original,,,,,,チョピン / ミルマーナには、3カ所バトルエリアが / あるこですし、時には行つて、 / 話を聞くのもよいでしょう。
7/S7012.DAT,0x487AE,27,high,0,original,,,,,,チョピン / 行くと万能薬をもらえるようですよ。
7/S7012.DAT,0x487FE,8,high,0,original,,,,,,やさし<N:∴:12:DEB6>のう。
7/S7012.DAT,0x48844,47,high,0,original,,,,,,チョピン / ラマダに残つた僧達は、 / 寺を修行の場として / 解放しているようです。
7/S7012.DAT,0x488A6,45,high,0,original,,,,,,チョピン / 自分の強さを試したくなつた場合に、 / 立ちよつてみてはどうでしょう。
7/S7012.DAT,0x48908,10,high,0,original,,,,,,弟子達よ・・・・。
7/S7012.DAT,0x48950,22,high,0,original,,,,,,チョピン / どれについてお話ししましょう？
7/S7012.DAT,0x489A8,51,high,0,original,,,,,,<CTRL:E5>”ストーンサークル / <CTRL:E5>”リン<N:ク:12:80>の位置設定 / <CTRL:E5>”召喚獣について / <CTRL:E5>”次の<N:へ:4:DDF7>ージ
7/S7012.DAT,0x48A24,42,high,0,original,,,,,,<CTRL:E5>”ポニの楽器 / <CTRL:E5>”闘技場 / <CTRL:E5>”<N:ヒ:5:DDB5>ートウ<N:｣:13:DEB4>ール / <CTRL:E5>”やつっりいいや。
7/S7012.DAT,0x48A96,47,high,0,original,,,,,,<CTRL:E5>”ストーンサークル / <CTRL:E5>”リン<N:ク:12:80>の位置設定 / <CTRL:E5>”召喚獣 / <CTRL:E5>”次の<N:へ:4:DDF7>ージ
7/S7012.DAT,0x48B0E,41,high,0,original,,,,,,<CTRL:E5>”ポニの楽器 / <CTRL:E5>”闘技場 / <CTRL:E5>”<N:ヒ:5:DDB5>ートウ<N:｣:13:DEB4>ール / <CTRL:E5>”次の<N:へ:4:DDF7>ージ
7/S7012.DAT,0x48B80,56,high,0,original,,,,,,<CTRL:E5>”ラマダ寺の修行 / <CTRL:E5>”ロマンシン<N:ク:12:80>ストーン / <CTRL:E5>”アクセサリー<N:ｌ:5:5B>きぬのおびへ / <CTRL:E5>”やつっりいいや。
7/S7012.DAT,0x48BFA,50,high,0,original,,,,,,チョピン / <N:ニ:13:DD3C>ーゲンさんが仲聞になつた後にオルカスの丘のストーンサークルへ行きましたか？
7/S7012.DAT,0x48C5E,42,high,0,original,,,,,,チョピン / ここでは、あるア<N:｣:11:65>テムが手に入ります。ストーンサークルだけに・・。
7/S7012.DAT,0x48CBE,50,high,0,original,,,,,,チョピン / バトル中に、自分のターンで / スタート<N:卞:16:DDA1>タンをおすと / ステータスを見れますよね。
7/S7012.DAT,0x48D22,55,high,0,original,,,,,,チョピン / その時に、カーソルと<CTRL:E7>！でリン<N:ク:12:80>の中の技を選んでア<N:｣:11:65>ニンの位置を変えられるんです。
7/S7012.DAT,0x48D8C,40,high,0,original,,,,,,チョピン / これは、一度変えるとセーフされるので / すつと使えますよ。
7/S7012.DAT,0x48DEA,68,high,0,original,,,,,,チョピン / 召喚獣は全部で<N:ｃ:9:17>までなると聞いております。中には見つかりにくいものもいるようなのであちこち探してみて下さい。
7/S7012.DAT,0x48E64,64,high,0,original,,,,,,チョピン / ポニ様の楽器は、全部で<N:３:14:19>つになると聞いております。全部見つかると、かなり強い兵隊になれそうですね。
7/S7012.DAT,0x48EDA,41,high,0,original,,,,,,チョピン / その後の闘技場では、バトルに勝つた数を数えているみたいですね。
7/S7012.DAT,0x48F36,42,high,0,original,,,,,,チョピン / きつと、いいことがありますから / がんばつて記ろくを作つて下さい。
7/S7012.DAT,0x48F96,66,high,0,original,,,,,,チョピン / <N:ニ:13:DD3C>ーゲン様の<N:ヒ:5:DDB5>ートウ<N:｣:13:DEB4>ールの魔法の火に<N:ｌ:5:5B>大きな爆弾へを投げ込むと大爆発が / 起こるそうです。
7/S7012.DAT,0x4900A,36,high,0,original,,,,,,チョピン / モンスターの多いところで使つてみては / どうでしょう。
7/S7012.DAT,0x49064,68,high,0,original,,,,,,チョピン / ラマダ寺では、ランクを設けて修行を行つているようですが、その全てを終えると手に入るアクセサリーがあるようです。
7/S7012.DAT,0x490DA,38,high,0,original,,,,,,チョピン / ただ、ラマダ寺でもらえるわけではないようですが・・・。
7/S7012.DAT,0x49136,66,high,0,original,,,,,,チョピン / ロマンシン<N:ク:12:80>ストーンのある場所がわかりました。1つはスメリアのトウウ<N:ｲ:6:DD03>ル / 1つはアララトスの遺跡ダンジョン、
7/S7012.DAT,0x491AA,52,high,0,original,,,,,,チョピン / 1つは<N:ニ:13:DD3C>ーゲン様が、最後の1つはアークさんの父上が持つてらつしゃつたみたいですね。
7/S7012.DAT,0x49214,67,high,0,original,,,,,,チョピン / 戦闘での経験値が倍になるアクセサリーがあるようです。名前は<N:ｌ:5:5B>きぬのおびへ。 / 誰でも使えるようですね。
7/S7021.DAT,0x479D4,21,medium,0,original,,,,,,が<CTRL:00> <CTRL:00><N:＆:4:07><CTRL:00><N:ъ:14:1A><CTRL:00>が<CTRL:00><N:＆:4:07><CTRL:00><N:＆:4:07><CTRL:00>い<CTRL:00>は<CTRL:00>！<CTRL:00><N:＆:4:07>
7/S7021.DAT,0x479FC,49,medium,0,original,,,,,,言<CTRL:00>う<CTRL:00>り<CTRL:00><N:３:14:19><CTRL:00>山<CTRL:00>う<CTRL:00>が<CTRL:00>1<CTRL:00>る<CTRL:00><N:７:11:18><CTRL:00>が<CTRL:00>1<CTRL:00>に<CTRL:00><N:３:14:19><CTRL:00>が<CTRL:00> <CTRL:00><N:＆:4:07><CTRL:00><N:ъ:14:1A><CTRL:00>が<CTRL:00><N:＆:4:07><CTRL:00><N:＆:4:07><CTRL:00>い<CTRL:00>は<CTRL:00>！<CTRL:00><N:＆:4:07>
7/S7021.DAT,0x47A04,41,medium,0,original,,,,,,山<CTRL:00>う<CTRL:00>が<CTRL:00>1<CTRL:00>る<CTRL:00><N:７:11:18><CTRL:00>が<CTRL:00>1<CTRL:00>に<CTRL:00><N:３:14:19><CTRL:00>が<CTRL:00> <CTRL:00><N:＆:4:07><CTRL:00><N:ъ:14:1A><CTRL:00>が<CTRL:00><N:＆:4:07><CTRL:00><N:＆:4:07><CTRL:00>い<CTRL:00>は<CTRL:00>！<CTRL:00><N:＆:4:07>
7/S7021.DAT,0x47A18,21,medium,0,original,,,,,,が<CTRL:00> <CTRL:00><N:＆:4:07><CTRL:00><N:ъ:14:1A><CTRL:00>が<CTRL:00><N:＆:4:07><CTRL:00><N:＆:4:07><CTRL:00>い<CTRL:00>は<CTRL:00>！<CTRL:00><N:＆:4:07>
7/S7021.DAT,0x47A40,57,medium,0,original,,,,,,参<CTRL:00>う<CTRL:00>り<CTRL:00><N:３:14:19><CTRL:00>バ<CTRL:00>う<CTRL:00>が<CTRL:00><N:ﾉ:6:10><CTRL:00><N:ъ:14:1A><CTRL:00><N:７:11:18><CTRL:00>が<CTRL:00><N:＄:1:05><CTRL:00><N:ъ:14:1A><CTRL:00>の<CTRL:00>が<CTRL:00><N:ﾉ:6:10><CTRL:00>い<CTRL:00><N:３:14:19><CTRL:00>が<CTRL:00> <CTRL:00><N:＆:4:07><CTRL:00><N:ъ:14:1A><CTRL:00>が<CTRL:00><N:＆:4:07><CTRL:00><N:＆:4:07><CTRL:00>い<CTRL:00>は<CTRL:00>！<CTRL:00><N:＆:4:07>
7/S7021.DAT,0x47A48,49,medium,0,original,,,,,,バ<CTRL:00>う<CTRL:00>が<CTRL:00><N:ﾉ:6:10><CTRL:00><N:ъ:14:1A><CTRL:00><N:７:11:18><CTRL:00>が<CTRL:00><N:＄:1:05><CTRL:00><N:ъ:14:1A><CTRL:00>の<CTRL:00>が<CTRL:00><N:ﾉ:6:10><CTRL:00>い<CTRL:00><N:３:14:19><CTRL:00>が<CTRL:00> <CTRL:00><N:＆:4:07><CTRL:00><N:ъ:14:1A><CTRL:00>が<CTRL:00><N:＆:4:07><CTRL:00><N:＆:4:07><CTRL:00>い<CTRL:00>は<CTRL:00>！<CTRL:00><N:＆:4:07>
7/S7021.DAT,0x47A64,21,medium,0,original,,,,,,が<CTRL:00> <CTRL:00><N:＆:4:07><CTRL:00><N:ъ:14:1A><CTRL:00>が<CTRL:00><N:＆:4:07><CTRL:00><N:＆:4:07><CTRL:00>い<CTRL:00>は<CTRL:00>！<CTRL:00><N:＆:4:07>
7/S7021.DAT,0x47AA0,21,medium,0,original,,,,,,が<CTRL:00> <CTRL:00><N:＆:4:07><CTRL:00><N:ъ:14:1A><CTRL:00>が<CTRL:00><N:＆:4:07><CTRL:00><N:＆:4:07><CTRL:00>い<CTRL:00>は<CTRL:00>！<CTRL:00><N:＆:4:07>
7/S7021.DAT,0x47AC8,65,medium,0,original,,,,,,フ<CTRL:00>う<CTRL:00>り<CTRL:00><N:３:14:19><CTRL:00>世<CTRL:00>う<CTRL:00>り<CTRL:00><N:３:14:19><CTRL:00>上<CTRL:00>う<CTRL:00>が<CTRL:00>1<CTRL:00><N:ъ:14:1A><CTRL:00><N:７:11:18><CTRL:00>が<CTRL:00><N:＄:1:05><CTRL:00><N:ъ:14:1A><CTRL:00>な<CTRL:00>が<CTRL:00>1<CTRL:00>い<CTRL:00><N:３:14:19><CTRL:00>が<CTRL:00> <CTRL:00><N:＆:4:07><CTRL:00><N:ъ:14:1A><CTRL:00>が<CTRL:00><N:＆:4:07><CTRL:00><N:＆:4:07><CTRL:00>い<CTRL:00>は<CTRL:00>！<CTRL:00><N:＆:4:07>
7/S7021.DAT,0x47AD0,57,medium,0,original,,,,,,世<CTRL:00>う<CTRL:00>り<CTRL:00><N:３:14:19><CTRL:00>上<CTRL:00>う<CTRL:00>が<CTRL:00>1<CTRL:00><N:ъ:14:1A><CTRL:00><N:７:11:18><CTRL:00>が<CTRL:00><N:＄:1:05><CTRL:00><N:ъ:14:1A><CTRL:00>な<CTRL:00>が<CTRL:00>1<CTRL:00>い<CTRL:00><N:３:14:19><CTRL:00>が<CTRL:00> <CTRL:00><N:＆:4:07><CTRL:00><N:ъ:14:1A><CTRL:00>が<CTRL:00><N:＆:4:07><CTRL:00><N:＆:4:07><CTRL:00>い<CTRL:00>は<CTRL:00>！<CTRL:00><N:＆:4:07>
7/S7021.DAT,0x47AD8,49,medium,0,original,,,,,,上<CTRL:00>う<CTRL:00>が<CTRL:00>1<CTRL:00><N:ъ:14:1A><CTRL:00><N:７:11:18><CTRL:00>が<CTRL:00><N:＄:1:05><CTRL:00><N:ъ:14:1A><CTRL:00>な<CTRL:00>が<CTRL:00>1<CTRL:00>い<CTRL:00><N:３:14:19><CTRL:00>が<CTRL:00> <CTRL:00><N:＆:4:07><CTRL:00><N:ъ:14:1A><CTRL:00>が<CTRL:00><N:＆:4:07><CTRL:00><N:＆:4:07><CTRL:00>い<CTRL:00>は<CTRL:00>！<CTRL:00><N:＆:4:07>
7/S7021.DAT,0x47AF4,21,medium,0,original,,,,,,が<CTRL:00> <CTRL:00><N:＆:4:07><CTRL:00><N:ъ:14:1A><CTRL:00>が<CTRL:00><N:＆:4:07><CTRL:00><N:＆:4:07><CTRL:00>い<CTRL:00>は<CTRL:00>！<CTRL:00><N:＆:4:07>
7/S7021.DAT,0x47B1C,65,medium,0,original,,,,,,聞<CTRL:00>う<CTRL:00>り<CTRL:00><N:３:14:19><CTRL:00>ム<CTRL:00>う<CTRL:00>り<CTRL:00><N:３:14:19><CTRL:00>敵<CTRL:00>う<CTRL:00>が<CTRL:00>1<CTRL:00><N:ъ:14:1A><CTRL:00><N:７:11:18><CTRL:00>が<CTRL:00><N:＄:1:05><CTRL:00><N:ъ:14:1A><CTRL:00>な<CTRL:00>が<CTRL:00>1<CTRL:00>い<CTRL:00><N:３:14:19><CTRL:00>が<CTRL:00> <CTRL:00><N:＆:4:07><CTRL:00><N:ъ:14:1A><CTRL:00>が<CTRL:00><N:＆:4:07><CTRL:00><N:＆:4:07><CTRL:00>い<CTRL:00>は<CTRL:00>！<CTRL:00><N:＆:4:07>
7/S7021.DAT,0x47B24,57,medium,0,original,,,,,,ム<CTRL:00>う<CTRL:00>り<CTRL:00><N:３:14:19><CTRL:00>敵<CTRL:00>う<CTRL:00>が<CTRL:00>1<CTRL:00><N:ъ:14:1A><CTRL:00><N:７:11:18><CTRL:00>が<CTRL:00><N:＄:1:05><CTRL:00><N:ъ:14:1A><CTRL:00>な<CTRL:00>が<CTRL:00>1<CTRL:00>い<CTRL:00><N:３:14:19><CTRL:00>が<CTRL:00> <CTRL:00><N:＆:4:07><CTRL:00><N:ъ:14:1A><CTRL:00>が<CTRL:00><N:＆:4:07><CTRL:00><N:＆:4:07><CTRL:00>い<CTRL:00>は<CTRL:00>！<CTRL:00><N:＆:4:07>
7/S7021.DAT,0x47B2C,49,medium,0,original,,,,,,敵<CTRL:00>う<CTRL:00>が<CTRL:00>1<CTRL:00><N:ъ:14:1A><CTRL:00><N:７:11:18><CTRL:00>が<CTRL:00><N:＄:1:05><CTRL:00><N:ъ:14:1A><CTRL:00>な<CTRL:00>が<CTRL:00>1<CTRL:00>い<CTRL:00><N:３:14:19><CTRL:00>が<CTRL:00> <CTRL:00><N:＆:4:07><CTRL:00><N:ъ:14:1A><CTRL:00>が<CTRL:00><N:＆:4:07><CTRL:00><N:＆:4:07><CTRL:00>い<CTRL:00>は<CTRL:00>！<CTRL:00><N:＆:4:07>
7/S7021.DAT,0x47B48,21,medium,0,original,,,,,,が<CTRL:00> <CTRL:00><N:＆:4:07><CTRL:00><N:ъ:14:1A><CTRL:00>が<CTRL:00><N:＆:4:07><CTRL:00><N:＆:4:07><CTRL:00>い<CTRL:00>は<CTRL:00>！<CTRL:00><N:＆:4:07>
7/S7021.DAT,0x47B70,13,medium,0,original,,,,,,風<CTRL:00>う<CTRL:00>り<CTRL:00><N:３:14:19><CTRL:00>備<CTRL:00>う<CTRL:00>が
7/S7021.DAT,0x47B78,5,medium,0,original,,,,,,備<CTRL:00>う<CTRL:00>が
7/S7021.DAT,0x47BD0,253,medium,0,original,,,,,,か<CTRL:00>が<CTRL:00> <CTRL:00><N:＆:4:07><CTRL:00><N:３:14:19><CTRL:00>る<CTRL:00>ル！が<CTRL:00><N:X:20:06><CTRL:00><N:７:11:18><CTRL:00>か<CTRL:00>が<CTRL:00> <CTRL:00><N:＆:4:07><CTRL:00><N:７:11:18><CTRL:00>が<CTRL:00><N:≠:16:04><CTRL:00><N:３:14:19><CTRL:00>か<CTRL:00>が<CTRL:00> <CTRL:00><N:＆:4:07><CTRL:00><N:３:14:19><CTRL:00>る<CTRL:00>ル！が<CTRL:00><N:X:20:06><CTRL:00><N:７:11:18><CTRL:00>か<CTRL:00>が<CTRL:00> <CTRL:00><N:＆:4:07><CTRL:00><N:７:11:18><CTRL:00>る<CTRL:00>ル！が<CTRL:00><N:≠:16:04><CTRL:00><N:７:11:18><CTRL:00>か<CTRL:00>が<CTRL:00> <CTRL:00><N:＆:4:07><CTRL:00><N:７:11:18><CTRL:00>が<CTRL:00><N:X:20:06><CTRL:00><N:３:14:19><CTRL:00>か<CTRL:00>が<CTRL:00> <CTRL:00><N:＆:4:07><CTRL:00><N:３:14:19><CTRL:00>る<CTRL:00>ル！が<CTRL:00><N:X:20:06><CTRL:00><N:３:14:19><CTRL:00>か<CTRL:00>が<CTRL:00> <CTRL:00><N:＆:4:07><CTRL:00><N:３:14:19><CTRL:00>る<CTRL:00>ル！が<CTRL:00><N:≠:16:04><CTRL:00><N:７:11:18><CTRL:00>か<CTRL:00>が<CTRL:00> <CTRL:00><N:＆:4:07><CTRL:00><N:７:11:18><CTRL:00>が<CTRL:00><N:X:20:06><CTRL:00><N:３:14:19><CTRL:00>か<CTRL:00>が<CTRL:00> <CTRL:00><N:＆:4:07><CTRL:00><N:３:14:19><CTRL:00>る<CTRL:00>ル！が<CTRL:00><N:≠:16:04><CTRL:00><N:７:11:18><CTRL:00>か<CTRL:00>が<CTRL:00> <CTRL:00><N:＆:4:07><CTRL:00><N:７:11:18><CTRL:00>る<CTRL:00>ル！が<CTRL:00><N:≠:16:04><CTRL:00><N:７:11:18><CTRL:00>か<CTRL:00>が<CTRL:00> <CTRL:00><N:＆:4:07><CTRL:00><N:７:11:18><CTRL:00>が<CTRL:00><N:≠:16:04><CTRL:00><N:３:14:19><CTRL:00>か<CTRL:00>が<CTRL:00> <CTRL:00><N:＆:4:07><CTRL:00><N:３:14:19><CTRL:00>に<CTRL:00>我 う<CTRL:00>る<CTRL:00>お<N:＆:4:07>が<CTRL:00><N:ﾉ:6:10><CTRL:00><N:．:2:0F><CTRL:00>、<CTRL:00>が<CTRL:00>’<CTRL:00><N:．:2:0F><CTRL:00>た<CTRL:00>が<CTRL:00> <CTRL:00><N:＆:4:07><CTRL:00><N:．:2:0F><CTRL:00>は<CTRL:00>”<CTRL:00><N:＆:4:07>
7/S7021.DAT,0x47BDA,243,medium,0,original,,,,,,る<CTRL:00>ル！が<CTRL:00><N:X:20:06><CTRL:00><N:７:11:18><CTRL:00>か<CTRL:00>が<CTRL:00> <CTRL:00><N:＆:4:07><CTRL:00><N:７:11:18><CTRL:00>が<CTRL:00><N:≠:16:04><CTRL:00><N:３:14:19><CTRL:00>か<CTRL:00>が<CTRL:00> <CTRL:00><N:＆:4:07><CTRL:00><N:３:14:19><CTRL:00>る<CTRL:00>ル！が<CTRL:00><N:X:20:06><CTRL:00><N:７:11:18><CTRL:00>か<CTRL:00>が<CTRL:00> <CTRL:00><N:＆:4:07><CTRL:00><N:７:11:18><CTRL:00>る<CTRL:00>ル！が<CTRL:00><N:≠:16:04><CTRL:00><N:７:11:18><CTRL:00>か<CTRL:00>が<CTRL:00> <CTRL:00><N:＆:4:07><CTRL:00><N:７:11:18><CTRL:00>が<CTRL:00><N:X:20:06><CTRL:00><N:３:14:19><CTRL:00>か<CTRL:00>が<CTRL:00> <CTRL:00><N:＆:4:07><CTRL:00><N:３:14:19><CTRL:00>る<CTRL:00>ル！が<CTRL:00><N:X:20:06><CTRL:00><N:３:14:19><CTRL:00>か<CTRL:00>が<CTRL:00> <CTRL:00><N:＆:4:07><CTRL:00><N:３:14:19><CTRL:00>る<CTRL:00>ル！が<CTRL:00><N:≠:16:04><CTRL:00><N:７:11:18><CTRL:00>か<CTRL:00>が<CTRL:00> <CTRL:00><N:＆:4:07><CTRL:00><N:７:11:18><CTRL:00>が<CTRL:00><N:X:20:06><CTRL:00><N:３:14:19><CTRL:00>か<CTRL:00>が<CTRL:00> <CTRL:00><N:＆:4:07><CTRL:00><N:３:14:19><CTRL:00>る<CTRL:00>ル！が<CTRL:00><N:≠:16:04><CTRL:00><N:７:11:18><CTRL:00>か<CTRL:00>が<CTRL:00> <CTRL:00><N:＆:4:07><CTRL:00><N:７:11:18><CTRL:00>る<CTRL:00>ル！が<CTRL:00><N:≠:16:04><CTRL:00><N:７:11:18><CTRL:00>か<CTRL:00>が<CTRL:00> <CTRL:00><N:＆:4:07><CTRL:00><N:７:11:18><CTRL:00>が<CTRL:00><N:≠:16:04><CTRL:00><N:３:14:19><CTRL:00>か<CTRL:00>が<CTRL:00> <CTRL:00><N:＆:4:07><CTRL:00><N:３:14:19><CTRL:00>に<CTRL:00>我 う<CTRL:00>る<CTRL:00>お<N:＆:4:07>が<CTRL:00><N:ﾉ:6:10><CTRL:00><N:．:2:0F><CTRL:00>、<CTRL:00>が<CTRL:00>’<CTRL:00><N:．:2:0F><CTRL:00>た<CTRL:00>が<CTRL:00> <CTRL:00><N:＆:4:07><CTRL:00><N:．:2:0F><CTRL:00>は<CTRL:00>”<CTRL:00><N:＆:4:07>
7/S7021.DAT,0x47BF4,217,medium,0,original,,,,,,か<CTRL:00>が<CTRL:00> <CTRL:00><N:＆:4:07><CTRL:00><N:３:14:19><CTRL:00>る<CTRL:00>ル！が<CTRL:00><N:X:20:06><CTRL:00><N:７:11:18><CTRL:00>か<CTRL:00>が<CTRL:00> <CTRL:00><N:＆:4:07><CTRL:00><N:７:11:18><CTRL:00>る<CTRL:00>ル！が<CTRL:00><N:≠:16:04><CTRL:00><N:７:11:18><CTRL:00>か<CTRL:00>が<CTRL:00> <CTRL:00><N:＆:4:07><CTRL:00><N:７:11:18><CTRL:00>が<CTRL:00><N:X:20:06><CTRL:00><N:３:14:19><CTRL:00>か<CTRL:00>が<CTRL:00> <CTRL:00><N:＆:4:07><CTRL:00><N:３:14:19><CTRL:00>る<CTRL:00>ル！が<CTRL:00><N:X:20:06><CTRL:00><N:３:14:19><CTRL:00>か<CTRL:00>が<CTRL:00> <CTRL:00><N:＆:4:07><CTRL:00><N:３:14:19><CTRL:00>る<CTRL:00>ル！が<CTRL:00><N:≠:16:04><CTRL:00><N:７:11:18><CTRL:00>か<CTRL:00>が<CTRL:00> <CTRL:00><N:＆:4:07><CTRL:00><N:７:11:18><CTRL:00>が<CTRL:00><N:X:20:06><CTRL:00><N:３:14:19><CTRL:00>か<CTRL:00>が<CTRL:00> <CTRL:00><N:＆:4:07><CTRL:00><N:３:14:19><CTRL:00>る<CTRL:00>ル！が<CTRL:00><N:≠:16:04><CTRL:00><N:７:11:18><CTRL:00>か<CTRL:00>が<CTRL:00> <CTRL:00><N:＆:4:07><CTRL:00><N:７:11:18><CTRL:00>る<CTRL:00>ル！が<CTRL:00><N:≠:16:04><CTRL:00><N:７:11:18><CTRL:00>か<CTRL:00>が<CTRL:00> <CTRL:00><N:＆:4:07><CTRL:00><N:７:11:18><CTRL:00>が<CTRL:00><N:≠:16:04><CTRL:00><N:３:14:19><CTRL:00>か<CTRL:00>が<CTRL:00> <CTRL:00><N:＆:4:07><CTRL:00><N:３:14:19><CTRL:00>に<CTRL:00>我 う<CTRL:00>る<CTRL:00>お<N:＆:4:07>が<CTRL:00><N:ﾉ:6:10><CTRL:00><N:．:2:0F><CTRL:00>、<CTRL:00>が<CTRL:00>’<CTRL:00><N:．:2:0F><CTRL:00>た<CTRL:00>が<CTRL:00> <CTRL:00><N:＆:4:07><CTRL:00><N:．:2:0F><CTRL:00>は<CTRL:00>”<CTRL:00><N:＆:4:07>
7/S7021.DAT,0x47BFE,207,medium,0,original,,,,,,る<CTRL:00>ル！が<CTRL:00><N:X:20:06><CTRL:00><N:７:11:18><CTRL:00>か<CTRL:00>が<CTRL:00> <CTRL:00><N:＆:4:07><CTRL:00><N:７:11:18><CTRL:00>る<CTRL:00>ル！が<CTRL:00><N:≠:16:04><CTRL:00><N:７:11:18><CTRL:00>か<CTRL:00>が<CTRL:00> <CTRL:00><N:＆:4:07><CTRL:00><N:７:11:18><CTRL:00>が<CTRL:00><N:X:20:06><CTRL:00><N:３:14:19><CTRL:00>か<CTRL:00>が<CTRL:00> <CTRL:00><N:＆:4:07><CTRL:00><N:３:14:19><CTRL:00>る<CTRL:00>ル！が<CTRL:00><N:X:20:06><CTRL:00><N:３:14:19><CTRL:00>か<CTRL:00>が<CTRL:00> <CTRL:00><N:＆:4:07><CTRL:00><N:３:14:19><CTRL:00>る<CTRL:00>ル！が<CTRL:00><N:≠:16:04><CTRL:00><N:７:11:18><CTRL:00>か<CTRL:00>が<CTRL:00> <CTRL:00><N:＆:4:07><CTRL:00><N:７:11:18><CTRL:00>が<CTRL:00><N:X:20:06><CTRL:00><N:３:14:19><CTRL:00>か<CTRL:00>が<CTRL:00> <CTRL:00><N:＆:4:07><CTRL:00><N:３:14:19><CTRL:00>る<CTRL:00>ル！が<CTRL:00><N:≠:16:04><CTRL:00><N:７:11:18><CTRL:00>か<CTRL:00>が<CTRL:00> <CTRL:00><N:＆:4:07><CTRL:00><N:７:11:18><CTRL:00>る<CTRL:00>ル！が<CTRL:00><N:≠:16:04><CTRL:00><N:７:11:18><CTRL:00>か<CTRL:00>が<CTRL:00> <CTRL:00><N:＆:4:07><CTRL:00><N:７:11:18><CTRL:00>が<CTRL:00><N:≠:16:04><CTRL:00><N:３:14:19><CTRL:00>か<CTRL:00>が<CTRL:00> <CTRL:00><N:＆:4:07><CTRL:00><N:３:14:19><CTRL:00>に<CTRL:00>我 う<CTRL:00>る<CTRL:00>お<N:＆:4:07>が<CTRL:00><N:ﾉ:6:10><CTRL:00><N:．:2:0F><CTRL:00>、<CTRL:00>が<CTRL:00>’<CTRL:00><N:．:2:0F><CTRL:00>た<CTRL:00>が<CTRL:00> <CTRL:00><N:＆:4:07><CTRL:00><N:．:2:0F><CTRL:00>は<CTRL:00>”<CTRL:00><N:＆:4:07>
7/S7021.DAT,0x47C2C,161,medium,0,original,,,,,,か<CTRL:00>が<CTRL:00> <CTRL:00><N:＆:4:07><CTRL:00><N:３:14:19><CTRL:00>る<CTRL:00>ル！が<CTRL:00><N:X:20:06><CTRL:00><N:３:14:19><CTRL:00>か<CTRL:00>が<CTRL:00> <CTRL:00><N:＆:4:07><CTRL:00><N:３:14:19><CTRL:00>る<CTRL:00>ル！が<CTRL:00><N:≠:16:04><CTRL:00><N:７:11:18><CTRL:00>か<CTRL:00>が<CTRL:00> <CTRL:00><N:＆:4:07><CTRL:00><N:７:11:18><CTRL:00>が<CTRL:00><N:X:20:06><CTRL:00><N:３:14:19><CTRL:00>か<CTRL:00>が<CTRL:00> <CTRL:00><N:＆:4:07><CTRL:00><N:３:14:19><CTRL:00>る<CTRL:00>ル！が<CTRL:00><N:≠:16:04><CTRL:00><N:７:11:18><CTRL:00>か<CTRL:00>が<CTRL:00> <CTRL:00><N:＆:4:07><CTRL:00><N:７:11:18><CTRL:00>る<CTRL:00>ル！が<CTRL:00><N:≠:16:04><CTRL:00><N:７:11:18><CTRL:00>か<CTRL:00>が<CTRL:00> <CTRL:00><N:＆:4:07><CTRL:00><N:７:11:18><CTRL:00>が<CTRL:00><N:≠:16:04><CTRL:00><N:３:14:19><CTRL:00>か<CTRL:00>が<CTRL:00> <CTRL:00><N:＆:4:07><CTRL:00><N:３:14:19><CTRL:00>に<CTRL:00>我 う<CTRL:00>る<CTRL:00>お<N:＆:4:07>が<CTRL:00><N:ﾉ:6:10><CTRL:00><N:．:2:0F><CTRL:00>、<CTRL:00>が<CTRL:00>’<CTRL:00><N:．:2:0F><CTRL:00>た<CTRL:00>が<CTRL:00> <CTRL:00><N:＆:4:07><CTRL:00><N:．:2:0F><CTRL:00>は<CTRL:00>”<CTRL:00><N:＆:4:07>
7/S7021.DAT,0x47C36,151,medium,0,original,,,,,,る<CTRL:00>ル！が<CTRL:00><N:X:20:06><CTRL:00><N:３:14:19><CTRL:00>か<CTRL:00>が<CTRL:00> <CTRL:00><N:＆:4:07><CTRL:00><N:３:14:19><CTRL:00>る<CTRL:00>ル！が<CTRL:00><N:≠:16:04><CTRL:00><N:７:11:18><CTRL:00>か<CTRL:00>が<CTRL:00> <CTRL:00><N:＆:4:07><CTRL:00><N:７:11:18><CTRL:00>が<CTRL:00><N:X:20:06><CTRL:00><N:３:14:19><CTRL:00>か<CTRL:00>が<CTRL:00> <CTRL:00><N:＆:4:07><CTRL:00><N:３:14:19><CTRL:00>る<CTRL:00>ル！が<CTRL:00><N:≠:16:04><CTRL:00><N:７:11:18><CTRL:00>か<CTRL:00>が<CTRL:00> <CTRL:00><N:＆:4:07><CTRL:00><N:７:11:18><CTRL:00>る<CTRL:00>ル！が<CTRL:00><N:≠:16:04><CTRL:00><N:７:11:18><CTRL:00>か<CTRL:00>が<CTRL:00> <CTRL:00><N:＆:4:07><CTRL:00><N:７:11:18><CTRL:00>が<CTRL:00><N:≠:16:04><CTRL:00><N:３:14:19><CTRL:00>か<CTRL:00>が<CTRL:00> <CTRL:00><N:＆:4:07><CTRL:00><N:３:14:19><CTRL:00>に<CTRL:00>我 う<CTRL:00>る<CTRL:00>お<N:＆:4:07>が<CTRL:00><N:ﾉ:6:10><CTRL:00><N:．:2:0F><CTRL:00>、<CTRL:00>が<CTRL:00>’<CTRL:00><N:．:2:0F><CTRL:00>た<CTRL:00>が<CTRL:00> <CTRL:00><N:＆:4:07><CTRL:00><N:．:2:0F><CTRL:00>は<CTRL:00>”<CTRL:00><N:＆:4:07>
7/S7021.DAT,0x47C40,141,medium,0,original,,,,,,か<CTRL:00>が<CTRL:00> <CTRL:00><N:＆:4:07><CTRL:00><N:３:14:19><CTRL:00>る<CTRL:00>ル！が<CTRL:00><N:≠:16:04><CTRL:00><N:７:11:18><CTRL:00>か<CTRL:00>が<CTRL:00> <CTRL:00><N:＆:4:07><CTRL:00><N:７:11:18><CTRL:00>が<CTRL:00><N:X:20:06><CTRL:00><N:３:14:19><CTRL:00>か<CTRL:00>が<CTRL:00> <CTRL:00><N:＆:4:07><CTRL:00><N:３:14:19><CTRL:00>る<CTRL:00>ル！が<CTRL:00><N:≠:16:04><CTRL:00><N:７:11:18><CTRL:00>か<CTRL:00>が<CTRL:00> <CTRL:00><N:＆:4:07><CTRL:00><N:７:11:18><CTRL:00>る<CTRL:00>ル！が<CTRL:00><N:≠:16:04><CTRL:00><N:７:11:18><CTRL:00>か<CTRL:00>が<CTRL:00> <CTRL:00><N:＆:4:07><CTRL:00><N:７:11:18><CTRL:00>が<CTRL:00><N:≠:16:04><CTRL:00><N:３:14:19><CTRL:00>か<CTRL:00>が<CTRL:00> <CTRL:00><N:＆:4:07><CTRL:00><N:３:14:19><CTRL:00>に<CTRL:00>我 う<CTRL:00>る<CTRL:00>お<N:＆:4:07>が<CTRL:00><N:ﾉ:6:10><CTRL:00><N:．:2:0F><CTRL:00>、<CTRL:00>が<CTRL:00>’<CTRL:00><N:．:2:0F><CTRL:00>た<CTRL:00>が<CTRL:00> <CTRL:00><N:＆:4:07><CTRL:00><N:．:2:0F><CTRL:00>は<CTRL:00>”<CTRL:00><N:＆:4:07>
7/S7021.DAT,0x47C4A,131,medium,0,original,,,,,,る<CTRL:00>ル！が<CTRL:00><N:≠:16:04><CTRL:00><N:７:11:18><CTRL:00>か<CTRL:00>が<CTRL:00> <CTRL:00><N:＆:4:07><CTRL:00><N:７:11:18><CTRL:00>が<CTRL:00><N:X:20:06><CTRL:00><N:３:14:19><CTRL:00>か<CTRL:00>が<CTRL:00> <CTRL:00><N:＆:4:07><CTRL:00><N:３:14:19><CTRL:00>る<CTRL:00>ル！が<CTRL:00><N:≠:16:04><CTRL:00><N:７:11:18><CTRL:00>か<CTRL:00>が<CTRL:00> <CTRL:00><N:＆:4:07><CTRL:00><N:７:11:18><CTRL:00>る<CTRL:00>ル！が<CTRL:00><N:≠:16:04><CTRL:00><N:７:11:18><CTRL:00>か<CTRL:00>が<CTRL:00> <CTRL:00><N:＆:4:07><CTRL:00><N:７:11:18><CTRL:00>が<CTRL:00><N:≠:16:04><CTRL:00><N:３:14:19><CTRL:00>か<CTRL:00>が<CTRL:00> <CTRL:00><N:＆:4:07><CTRL:00><N:３:14:19><CTRL:00>に<CTRL:00>我 う<CTRL:00>る<CTRL:00>お<N:＆:4:07>が<CTRL:00><N:ﾉ:6:10><CTRL:00><N:．:2:0F><CTRL:00>、<CTRL:00>が<CTRL:00>’<CTRL:00><N:．:2:0F><CTRL:00>た<CTRL:00>が<CTRL:00> <CTRL:00><N:＆:4:07><CTRL:00><N:．:2:0F><CTRL:00>は<CTRL:00>”<CTRL:00><N:＆:4:07>
7/S7021.DAT,0x47C64,105,medium,0,original,,,,,,か<CTRL:00>が<CTRL:00> <CTRL:00><N:＆:4:07><CTRL:00><N:３:14:19><CTRL:00>る<CTRL:00>ル！が<CTRL:00><N:≠:16:04><CTRL:00><N:７:11:18><CTRL:00>か<CTRL:00>が<CTRL:00> <CTRL:00><N:＆:4:07><CTRL:00><N:７:11:18><CTRL:00>る<CTRL:00>ル！が<CTRL:00><N:≠:16:04><CTRL:00><N:７:11:18><CTRL:00>か<CTRL:00>が<CTRL:00> <CTRL:00><N:＆:4:07><CTRL:00><N:７:11:18><CTRL:00>が<CTRL:00><N:≠:16:04><CTRL:00><N:３:14:19><CTRL:00>か<CTRL:00>が<CTRL:00> <CTRL:00><N:＆:4:07><CTRL:00><N:３:14:19><CTRL:00>に<CTRL:00>我 う<CTRL:00>る<CTRL:00>お<N:＆:4:07>が<CTRL:00><N:ﾉ:6:10><CTRL:00><N:．:2:0F><CTRL:00>、<CTRL:00>が<CTRL:00>’<CTRL:00><N:．:2:0F><CTRL:00>た<CTRL:00>が<CTRL:00> <CTRL:00><N:＆:4:07><CTRL:00><N:．:2:0F><CTRL:00>は<CTRL:00>”<CTRL:00><N:＆:4:07>
7/S7021.DAT,0x47C6E,95,medium,0,original,,,,,,る<CTRL:00>ル！が<CTRL:00><N:≠:16:04><CTRL:00><N:７:11:18><CTRL:00>か<CTRL:00>が<CTRL:00> <CTRL:00><N:＆:4:07><CTRL:00><N:７:11:18><CTRL:00>る<CTRL:00>ル！が<CTRL:00><N:≠:16:04><CTRL:00><N:７:11:18><CTRL:00>か<CTRL:00>が<CTRL:00> <CTRL:00><N:＆:4:07><CTRL:00><N:７:11:18><CTRL:00>が<CTRL:00><N:≠:16:04><CTRL:00><N:３:14:19><CTRL:00>か<CTRL:00>が<CTRL:00> <CTRL:00><N:＆:4:07><CTRL:00><N:３:14:19><CTRL:00>に<CTRL:00>我 う<CTRL:00>る<CTRL:00>お<N:＆:4:07>が<CTRL:00><N:ﾉ:6:10><CTRL:00><N:．:2:0F><CTRL:00>、<CTRL:00>が<CTRL:00>’<CTRL:00><N:．:2:0F><CTRL:00>た<CTRL:00>が<CTRL:00> <CTRL:00><N:＆:4:07><CTRL:00><N:．:2:0F><CTRL:00>は<CTRL:00>”<CTRL:00><N:＆:4:07>
7/S7021.DAT,0x47C9C,49,medium,0,original,,,,,,か<CTRL:00>が<CTRL:00> <CTRL:00><N:＆:4:07><CTRL:00><N:３:14:19><CTRL:00>に<CTRL:00>我 う<CTRL:00>る<CTRL:00>お<N:＆:4:07>が<CTRL:00><N:ﾉ:6:10><CTRL:00><N:．:2:0F><CTRL:00>、<CTRL:00>が<CTRL:00>’<CTRL:00><N:．:2:0F><CTRL:00>た<CTRL:00>が<CTRL:00> <CTRL:00><N:＆:4:07><CTRL:00><N:．:2:0F><CTRL:00>は<CTRL:00>”<CTRL:00><N:＆:4:07>
7/S7021.DAT,0x47CA6,39,medium,0,original,,,,,,に<CTRL:00>我 う<CTRL:00>る<CTRL:00>お<N:＆:4:07>が<CTRL:00><N:ﾉ:6:10><CTRL:00><N:．:2:0F><CTRL:00>、<CTRL:00>が<CTRL:00>’<CTRL:00><N:．:2:0F><CTRL:00>た<CTRL:00>が<CTRL:00> <CTRL:00><N:＆:4:07><CTRL:00><N:．:2:0F><CTRL:00>は<CTRL:00>”<CTRL:00><N:＆:4:07>
7/S7021.DAT,0x47D58,30,high,0,original,,,,,,こうたいしようか？ / <CTRL:E5>”こうたいする / <CTRL:E5>”こうたいしない
7/S7021.DAT,0x47E66,30,high,0,original,,,,,,こうたいしようか？ / <CTRL:E5>”こうたいする / <CTRL:E5>”こうたいしない
7/S7021.DAT,0x47F74,30,high,0,original,,,,,,こうたいしようか？ / <CTRL:E5>”こうたいする / <CTRL:E5>”こうたいしない
7/S7021.DAT,0x48082,30,high,0,original,,,,,,こうたいしようか？ / <CTRL:E5>”こうたいする / <CTRL:E5>”こうたいしない
7/S7021.DAT,0x48190,30,high,0,original,,,,,,こうたいしようか？ / <CTRL:E5>”こうたいする / <CTRL:E5>”こうたいしない
7/S7021.DAT,0x4829E,30,high,0,original,,,,,,こうたいしようか？ / <CTRL:E5>”こうたいする / <CTRL:E5>”こうたいしない
7/S7021.DAT,0x483AC,30,high,0,original,,,,,,こうたいしようか？ / <CTRL:E5>”こうたいする / <CTRL:E5>”こうたいしない
7/S7021.DAT,0x48448,26,high,0,original,,,,,,ア<N:｣:11:65>テムがあります。 / <N:ｌ:5:5B>薬草へを見つけました。
7/S7021.DAT,0x48498,18,high,0,original,,,,,,ここにあつたものはもうひろいました。
7/S7021.DAT,0x484E2,22,high,0,original,,,,,,大会委員 / ああいそがしい、いそがしい。
7/S7021.DAT,0x48530,26,high,0,original,,,,,,大会委員 / 出場希望者が多くて大変です。
7/S7021.DAT,0x48582,36,high,0,original,,,,,,出場者 / おれが出るからには、<N:ｌ:5:5B>風のオーフへはもらつたようなものだな。
7/S7021.DAT,0x485DE,41,high,0,original,,,,,,出場者 / <N:ｌ:5:5B>トル<N:メ:6:DD5F>・デ・バンニへは強い。 / ちょつとやそつとでは勝てないぞ。
7/S7021.DAT,0x48640,21,high,0,original,,,,,,出場者 / もつと強いやつはいないのか？
7/S7021.DAT,0x48D26,34,high,0,original,,,,,,大会委員 / 参加なさいますか？ / <CTRL:E5>”参加する / <CTRL:E5>”参加しない
7/S7021.DAT,0x48D8C,14,high,0,original,,,,,,大会委員 / そうですか。
7/S7021.DAT,0x48DD0,38,high,0,original,,,,,,大会委員 / 私の後ろに立たないで下さい。 / どうなつても知りませんよ。
7/S7021.DAT,0x48E32,21,high,0,original,,,,,,大会委員 / どなたが参加なさいますか？
7/S7021.DAT,0x48EA4,33,high,0,original,,,,,,<CTRL:E5>”アーク / <CTRL:E5>”ククル / <CTRL:E5>”トッシュ / <CTRL:E5>”次の<N:へ:4:DDF7>ージ
7/S7021.DAT,0x48F16,27,high,0,original,,,,,,<CTRL:E2> さんですね。 / <CTRL:E5>”はい / <CTRL:E5>”まちがえました
7/S7021.DAT,0x48F82,27,high,0,original,,,,,,<CTRL:E2>！さんですね。 / <CTRL:E5>”はい / <CTRL:E5>”まちがえました
7/S7021.DAT,0x48FEE,26,high,0,original,,,,,,<CTRL:E2>”さんですね。 / <CTRL:E5>”おう / <CTRL:E5>”まちがえたぜ
7/S7021.DAT,0x4908E,35,high,0,original,,,,,,<CTRL:E5>”ポニ / <CTRL:E5>”<N:ニ:13:DD3C>ーゲン / <CTRL:E5>”<N:｣:11:65>ー<N:力:5:DD02> / <CTRL:E5>”次の<N:へ:4:DDF7>ージ
7/S7021.DAT,0x49102,26,high,0,original,,,,,,<CTRL:E2><N:≠:16:04>さんですね。 / <CTRL:E5>”うん / <CTRL:E5>”やつっりやだ
7/S7021.DAT,0x4916C,25,high,0,original,,,,,,<CTRL:E2><N:＄:1:05>さんですね。 / <CTRL:E5>”やる / <CTRL:E5>”やめるわい
7/S7021.DAT,0x491D0,14,high,0,original,,,,,,<CTRL:E2><N:X:20:06>さんですね。 / <CTRL:E5>”うむ
7/S7021.DAT,0x4921C,39,high,0,original,,,,,,<CTRL:E5>”チョン<N:力:5:DD02>ラ / <CTRL:E5>”次の<N:へ:4:DDF7>ージ / <CTRL:E5>”やつっりやめる / <CTRL:E5>”外に出る
7/S7021.DAT,0x4929E,26,high,0,original,,,,,,<CTRL:E2>’さんですね。 / <CTRL:E5>”わしかい / <CTRL:E5>”いやじゃ
7/S7021.DAT,0x49316,49,high,0,original,,,,,,アナウンス / まもなく、大会の主さい者である / ロクトール様からの / あいさつが始まります。
7/S7021.DAT,0x4947A,40,high,0,original,,,,,,アナウンス / 聞もなく参加者の受付をしめ切ります。 / お急ぎ下さい。
7/S7022.DAT,0x479D4,21,medium,0,original,,,,,,が<CTRL:00> <CTRL:00><N:＆:4:07><CTRL:00><N:ъ:14:1A><CTRL:00>が<CTRL:00><N:＆:4:07><CTRL:00><N:＆:4:07><CTRL:00>い<CTRL:00>は<CTRL:00>！<CTRL:00><N:＆:4:07>
7/S7022.DAT,0x479FC,49,medium,0,original,,,,,,言<CTRL:00>う<CTRL:00>り<CTRL:00><N:３:14:19><CTRL:00>山<CTRL:00>う<CTRL:00>が<CTRL:00>1<CTRL:00>る<CTRL:00><N:７:11:18><CTRL:00>が<CTRL:00>1<CTRL:00>に<CTRL:00><N:３:14:19><CTRL:00>が<CTRL:00> <CTRL:00><N:＆:4:07><CTRL:00><N:ъ:14:1A><CTRL:00>が<CTRL:00><N:＆:4:07><CTRL:00><N:＆:4:07><CTRL:00>い<CTRL:00>は<CTRL:00>！<CTRL:00><N:＆:4:07>
7/S7022.DAT,0x47A04,41,medium,0,original,,,,,,山<CTRL:00>う<CTRL:00>が<CTRL:00>1<CTRL:00>る<CTRL:00><N:７:11:18><CTRL:00>が<CTRL:00>1<CTRL:00>に<CTRL:00><N:３:14:19><CTRL:00>が<CTRL:00> <CTRL:00><N:＆:4:07><CTRL:00><N:ъ:14:1A><CTRL:00>が<CTRL:00><N:＆:4:07><CTRL:00><N:＆:4:07><CTRL:00>い<CTRL:00>は<CTRL:00>！<CTRL:00><N:＆:4:07>
7/S7022.DAT,0x47A18,21,medium,0,original,,,,,,が<CTRL:00> <CTRL:00><N:＆:4:07><CTRL:00><N:ъ:14:1A><CTRL:00>が<CTRL:00><N:＆:4:07><CTRL:00><N:＆:4:07><CTRL:00>い<CTRL:00>は<CTRL:00>！<CTRL:00><N:＆:4:07>
7/S7022.DAT,0x47A40,57,medium,0,original,,,,,,参<CTRL:00>う<CTRL:00>り<CTRL:00><N:３:14:19><CTRL:00>バ<CTRL:00>う<CTRL:00>が<CTRL:00><N:ﾉ:6:10><CTRL:00><N:ъ:14:1A><CTRL:00><N:７:11:18><CTRL:00>が<CTRL:00><N:＄:1:05><CTRL:00><N:ъ:14:1A><CTRL:00>の<CTRL:00>が<CTRL:00><N:ﾉ:6:10><CTRL:00>い<CTRL:00><N:３:14:19><CTRL:00>が<CTRL:00> <CTRL:00><N:＆:4:07><CTRL:00><N:ъ:14:1A><CTRL:00>が<CTRL:00><N:＆:4:07><CTRL:00><N:＆:4:07><CTRL:00>い<CTRL:00>は<CTRL:00>！<CTRL:00><N:＆:4:07>
7/S7022.DAT,0x47A48,49,medium,0,original,,,,,,バ<CTRL:00>う<CTRL:00>が<CTRL:00><N:ﾉ:6:10><CTRL:00><N:ъ:14:1A><CTRL:00><N:７:11:18><CTRL:00>が<CTRL:00><N:＄:1:05><CTRL:00><N:ъ:14:1A><CTRL:00>の<CTRL:00>が<CTRL:00><N:ﾉ:6:10><CTRL:00>い<CTRL:00><N:３:14:19><CTRL:00>が<CTRL:00> <CTRL:00><N:＆:4:07><CTRL:00><N:ъ:14:1A><CTRL:00>が<CTRL:00><N:＆:4:07><CTRL:00><N:＆:4:07><CTRL:00>い<CTRL:00>は<CTRL:00>！<CTRL:00><N:＆:4:07>
7/S7022.DAT,0x47A64,21,medium,0,original,,,,,,が<CTRL:00> <CTRL:00><N:＆:4:07><CTRL:00><N:ъ:14:1A><CTRL:00>が<CTRL:00><N:＆:4:07><CTRL:00><N:＆:4:07><CTRL:00>い<CTRL:00>は<CTRL:00>！<CTRL:00><N:＆:4:07>
7/S7022.DAT,0x47AA0,21,medium,0,original,,,,,,が<CTRL:00> <CTRL:00><N:＆:4:07><CTRL:00><N:ъ:14:1A><CTRL:00>が<CTRL:00><N:＆:4:07><CTRL:00><N:＆:4:07><CTRL:00>い<CTRL:00>は<CTRL:00>！<CTRL:00><N:＆:4:07>
7/S7022.DAT,0x47AC8,65,medium,0,original,,,,,,フ<CTRL:00>う<CTRL:00>り<CTRL:00><N:３:14:19><CTRL:00>世<CTRL:00>う<CTRL:00>り<CTRL:00><N:３:14:19><CTRL:00>上<CTRL:00>う<CTRL:00>が<CTRL:00>1<CTRL:00><N:ъ:14:1A><CTRL:00><N:７:11:18><CTRL:00>が<CTRL:00><N:＄:1:05><CTRL:00><N:ъ:14:1A><CTRL:00>な<CTRL:00>が<CTRL:00>1<CTRL:00>い<CTRL:00><N:３:14:19><CTRL:00>が<CTRL:00> <CTRL:00><N:＆:4:07><CTRL:00><N:ъ:14:1A><CTRL:00>が<CTRL:00><N:＆:4:07><CTRL:00><N:＆:4:07><CTRL:00>い<CTRL:00>は<CTRL:00>！<CTRL:00><N:＆:4:07>
7/S7022.DAT,0x47AD0,57,medium,0,original,,,,,,世<CTRL:00>う<CTRL:00>り<CTRL:00><N:３:14:19><CTRL:00>上<CTRL:00>う<CTRL:00>が<CTRL:00>1<CTRL:00><N:ъ:14:1A><CTRL:00><N:７:11:18><CTRL:00>が<CTRL:00><N:＄:1:05><CTRL:00><N:ъ:14:1A><CTRL:00>な<CTRL:00>が<CTRL:00>1<CTRL:00>い<CTRL:00><N:３:14:19><CTRL:00>が<CTRL:00> <CTRL:00><N:＆:4:07><CTRL:00><N:ъ:14:1A><CTRL:00>が<CTRL:00><N:＆:4:07><CTRL:00><N:＆:4:07><CTRL:00>い<CTRL:00>は<CTRL:00>！<CTRL:00><N:＆:4:07>
7/S7022.DAT,0x47AD8,49,medium,0,original,,,,,,上<CTRL:00>う<CTRL:00>が<CTRL:00>1<CTRL:00><N:ъ:14:1A><CTRL:00><N:７:11:18><CTRL:00>が<CTRL:00><N:＄:1:05><CTRL:00><N:ъ:14:1A><CTRL:00>な<CTRL:00>が<CTRL:00>1<CTRL:00>い<CTRL:00><N:３:14:19><CTRL:00>が<CTRL:00> <CTRL:00><N:＆:4:07><CTRL:00><N:ъ:14:1A><CTRL:00>が<CTRL:00><N:＆:4:07><CTRL:00><N:＆:4:07><CTRL:00>い<CTRL:00>は<CTRL:00>！<CTRL:00><N:＆:4:07>
7/S7022.DAT,0x47AF4,21,medium,0,original,,,,,,が<CTRL:00> <CTRL:00><N:＆:4:07><CTRL:00><N:ъ:14:1A><CTRL:00>が<CTRL:00><N:＆:4:07><CTRL:00><N:＆:4:07><CTRL:00>い<CTRL:00>は<CTRL:00>！<CTRL:00><N:＆:4:07>
7/S7022.DAT,0x47B1C,65,medium,0,original,,,,,,聞<CTRL:00>う<CTRL:00>り<CTRL:00><N:３:14:19><CTRL:00>ム<CTRL:00>う<CTRL:00>り<CTRL:00><N:３:14:19><CTRL:00>敵<CTRL:00>う<CTRL:00>が<CTRL:00>1<CTRL:00><N:ъ:14:1A><CTRL:00><N:７:11:18><CTRL:00>が<CTRL:00><N:＄:1:05><CTRL:00><N:ъ:14:1A><CTRL:00>な<CTRL:00>が<CTRL:00>1<CTRL:00>い<CTRL:00><N:３:14:19><CTRL:00>が<CTRL:00> <CTRL:00><N:＆:4:07><CTRL:00><N:ъ:14:1A><CTRL:00>が<CTRL:00><N:＆:4:07><CTRL:00><N:＆:4:07><CTRL:00>い<CTRL:00>は<CTRL:00>！<CTRL:00><N:＆:4:07>
7/S7022.DAT,0x47B24,57,medium,0,original,,,,,,ム<CTRL:00>う<CTRL:00>り<CTRL:00><N:３:14:19><CTRL:00>敵<CTRL:00>う<CTRL:00>が<CTRL:00>1<CTRL:00><N:ъ:14:1A><CTRL:00><N:７:11:18><CTRL:00>が<CTRL:00><N:＄:1:05><CTRL:00><N:ъ:14:1A><CTRL:00>な<CTRL:00>が<CTRL:00>1<CTRL:00>い<CTRL:00><N:３:14:19><CTRL:00>が<CTRL:00> <CTRL:00><N:＆:4:07><CTRL:00><N:ъ:14:1A><CTRL:00>が<CTRL:00><N:＆:4:07><CTRL:00><N:＆:4:07><CTRL:00>い<CTRL:00>は<CTRL:00>！<CTRL:00><N:＆:4:07>
7/S7022.DAT,0x47B2C,49,medium,0,original,,,,,,敵<CTRL:00>う<CTRL:00>が<CTRL:00>1<CTRL:00><N:ъ:14:1A><CTRL:00><N:７:11:18><CTRL:00>が<CTRL:00><N:＄:1:05><CTRL:00><N:ъ:14:1A><CTRL:00>な<CTRL:00>が<CTRL:00>1<CTRL:00>い<CTRL:00><N:３:14:19><CTRL:00>が<CTRL:00> <CTRL:00><N:＆:4:07><CTRL:00><N:ъ:14:1A><CTRL:00>が<CTRL:00><N:＆:4:07><CTRL:00><N:＆:4:07><CTRL:00>い<CTRL:00>は<CTRL:00>！<CTRL:00><N:＆:4:07>
7/S7022.DAT,0x47B48,21,medium,0,original,,,,,,が<CTRL:00> <CTRL:00><N:＆:4:07><CTRL:00><N:ъ:14:1A><CTRL:00>が<CTRL:00><N:＆:4:07><CTRL:00><N:＆:4:07><CTRL:00>い<CTRL:00>は<CTRL:00>！<CTRL:00><N:＆:4:07>
7/S7022.DAT,0x47B70,13,medium,0,original,,,,,,風<CTRL:00>う<CTRL:00>り<CTRL:00><N:３:14:19><CTRL:00>備<CTRL:00>う<CTRL:00>が
7/S7022.DAT,0x47B78,5,medium,0,original,,,,,,備<CTRL:00>う<CTRL:00>が
7/S7022.DAT,0x47BD0,225,medium,0,original,,,,,,か<CTRL:00>が<CTRL:00> <CTRL:00><N:＆:4:07><CTRL:00><N:３:14:19><CTRL:00>る<CTRL:00>ル！が<CTRL:00><N:X:20:06><CTRL:00><N:７:11:18><CTRL:00>か<CTRL:00>が<CTRL:00> <CTRL:00><N:＆:4:07><CTRL:00><N:７:11:18><CTRL:00>が<CTRL:00><N:≠:16:04><CTRL:00><N:３:14:19><CTRL:00>か<CTRL:00>が<CTRL:00> <CTRL:00><N:＆:4:07><CTRL:00><N:３:14:19><CTRL:00>る<CTRL:00>ル！が<CTRL:00><N:X:20:06><CTRL:00><N:７:11:18><CTRL:00>か<CTRL:00>が<CTRL:00> <CTRL:00><N:＆:4:07><CTRL:00><N:７:11:18><CTRL:00>る<CTRL:00>ル！が<CTRL:00><N:≠:16:04><CTRL:00><N:７:11:18><CTRL:00>か<CTRL:00>が<CTRL:00> <CTRL:00><N:＆:4:07><CTRL:00><N:７:11:18><CTRL:00>が<CTRL:00><N:X:20:06><CTRL:00><N:３:14:19><CTRL:00>か<CTRL:00>が<CTRL:00> <CTRL:00><N:＆:4:07><CTRL:00><N:３:14:19><CTRL:00>る<CTRL:00>ル！が<CTRL:00><N:X:20:06><CTRL:00><N:３:14:19><CTRL:00>か<CTRL:00>が<CTRL:00> <CTRL:00><N:＆:4:07><CTRL:00><N:３:14:19><CTRL:00>る<CTRL:00>ル！が<CTRL:00><N:≠:16:04><CTRL:00><N:７:11:18><CTRL:00>か<CTRL:00>が<CTRL:00> <CTRL:00><N:＆:4:07><CTRL:00><N:７:11:18><CTRL:00>が<CTRL:00><N:X:20:06><CTRL:00><N:３:14:19><CTRL:00>か<CTRL:00>が<CTRL:00> <CTRL:00><N:＆:4:07><CTRL:00><N:３:14:19><CTRL:00>る<CTRL:00>ル！が<CTRL:00><N:≠:16:04><CTRL:00><N:７:11:18><CTRL:00>か<CTRL:00>が<CTRL:00> <CTRL:00><N:＆:4:07><CTRL:00><N:７:11:18><CTRL:00>る<CTRL:00>ル！が<CTRL:00><N:≠:16:04><CTRL:00><N:７:11:18><CTRL:00>か<CTRL:00>が<CTRL:00> <CTRL:00><N:＆:4:07><CTRL:00><N:７:11:18><CTRL:00>が<CTRL:00><N:≠:16:04><CTRL:00><N:３:14:19><CTRL:00>か<CTRL:00>が<CTRL:00> <CTRL:00><N:＆:4:07><CTRL:00><N:３:14:19><CTRL:00>に<CTRL:00>我 う<CTRL:00>る<CTRL:00>臣（て
7/S7022.DAT,0x47BDA,215,medium,0,original,,,,,,る<CTRL:00>ル！が<CTRL:00><N:X:20:06><CTRL:00><N:７:11:18><CTRL:00>か<CTRL:00>が<CTRL:00> <CTRL:00><N:＆:4:07><CTRL:00><N:７:11:18><CTRL:00>が<CTRL:00><N:≠:16:04><CTRL:00><N:３:14:19><CTRL:00>か<CTRL:00>が<CTRL:00> <CTRL:00><N:＆:4:07><CTRL:00><N:３:14:19><CTRL:00>る<CTRL:00>ル！が<CTRL:00><N:X:20:06><CTRL:00><N:７:11:18><CTRL:00>か<CTRL:00>が<CTRL:00> <CTRL:00><N:＆:4:07><CTRL:00><N:７:11:18><CTRL:00>る<CTRL:00>ル！が<CTRL:00><N:≠:16:04><CTRL:00><N:７:11:18><CTRL:00>か<CTRL:00>が<CTRL:00> <CTRL:00><N:＆:4:07><CTRL:00><N:７:11:18><CTRL:00>が<CTRL:00><N:X:20:06><CTRL:00><N:３:14:19><CTRL:00>か<CTRL:00>が<CTRL:00> <CTRL:00><N:＆:4:07><CTRL:00><N:３:14:19><CTRL:00>る<CTRL:00>ル！が<CTRL:00><N:X:20:06><CTRL:00><N:３:14:19><CTRL:00>か<CTRL:00>が<CTRL:00> <CTRL:00><N:＆:4:07><CTRL:00><N:３:14:19><CTRL:00>る<CTRL:00>ル！が<CTRL:00><N:≠:16:04><CTRL:00><N:７:11:18><CTRL:00>か<CTRL:00>が<CTRL:00> <CTRL:00><N:＆:4:07><CTRL:00><N:７:11:18><CTRL:00>が<CTRL:00><N:X:20:06><CTRL:00><N:３:14:19><CTRL:00>か<CTRL:00>が<CTRL:00> <CTRL:00><N:＆:4:07><CTRL:00><N:３:14:19><CTRL:00>る<CTRL:00>ル！が<CTRL:00><N:≠:16:04><CTRL:00><N:７:11:18><CTRL:00>か<CTRL:00>が<CTRL:00> <CTRL:00><N:＆:4:07><CTRL:00><N:７:11:18><CTRL:00>る<CTRL:00>ル！が<CTRL:00><N:≠:16:04><CTRL:00><N:７:11:18><CTRL:00>か<CTRL:00>が<CTRL:00> <CTRL:00><N:＆:4:07><CTRL:00><N:７:11:18><CTRL:00>が<CTRL:00><N:≠:16:04><CTRL:00><N:３:14:19><CTRL:00>か<CTRL:00>が<CTRL:00> <CTRL:00><N:＆:4:07><CTRL:00><N:３:14:19><CTRL:00>に<CTRL:00>我 う<CTRL:00>る<CTRL:00>臣（て
7/S7022.DAT,0x47BF4,189,medium,0,original,,,,,,か<CTRL:00>が<CTRL:00> <CTRL:00><N:＆:4:07><CTRL:00><N:３:14:19><CTRL:00>る<CTRL:00>ル！が<CTRL:00><N:X:20:06><CTRL:00><N:７:11:18><CTRL:00>か<CTRL:00>が<CTRL:00> <CTRL:00><N:＆:4:07><CTRL:00><N:７:11:18><CTRL:00>る<CTRL:00>ル！が<CTRL:00><N:≠:16:04><CTRL:00><N:７:11:18><CTRL:00>か<CTRL:00>が<CTRL:00> <CTRL:00><N:＆:4:07><CTRL:00><N:７:11:18><CTRL:00>が<CTRL:00><N:X:20:06><CTRL:00><N:３:14:19><CTRL:00>か<CTRL:00>が<CTRL:00> <CTRL:00><N:＆:4:07><CTRL:00><N:３:14:19><CTRL:00>る<CTRL:00>ル！が<CTRL:00><N:X:20:06><CTRL:00><N:３:14:19><CTRL:00>か<CTRL:00>が<CTRL:00> <CTRL:00><N:＆:4:07><CTRL:00><N:３:14:19><CTRL:00>る<CTRL:00>ル！が<CTRL:00><N:≠:16:04><CTRL:00><N:７:11:18><CTRL:00>か<CTRL:00>が<CTRL:00> <CTRL:00><N:＆:4:07><CTRL:00><N:７:11:18><CTRL:00>が<CTRL:00><N:X:20:06><CTRL:00><N:３:14:19><CTRL:00>か<CTRL:00>が<CTRL:00> <CTRL:00><N:＆:4:07><CTRL:00><N:３:14:19><CTRL:00>る<CTRL:00>ル！が<CTRL:00><N:≠:16:04><CTRL:00><N:７:11:18><CTRL:00>か<CTRL:00>が<CTRL:00> <CTRL:00><N:＆:4:07><CTRL:00><N:７:11:18><CTRL:00>る<CTRL:00>ル！が<CTRL:00><N:≠:16:04><CTRL:00><N:７:11:18><CTRL:00>か<CTRL:00>が<CTRL:00> <CTRL:00><N:＆:4:07><CTRL:00><N:７:11:18><CTRL:00>が<CTRL:00><N:≠:16:04><CTRL:00><N:３:14:19><CTRL:00>か<CTRL:00>が<CTRL:00> <CTRL:00><N:＆:4:07><CTRL:00><N:３:14:19><CTRL:00>に<CTRL:00>我 う<CTRL:00>る<CTRL:00>臣（て
7/S7022.DAT,0x47BFE,179,medium,0,original,,,,,,る<CTRL:00>ル！が<CTRL:00><N:X:20:06><CTRL:00><N:７:11:18><CTRL:00>か<CTRL:00>が<CTRL:00> <CTRL:00><N:＆:4:07><CTRL:00><N:７:11:18><CTRL:00>る<CTRL:00>ル！が<CTRL:00><N:≠:16:04><CTRL:00><N:７:11:18><CTRL:00>か<CTRL:00>が<CTRL:00> <CTRL:00><N:＆:4:07><CTRL:00><N:７:11:18><CTRL:00>が<CTRL:00><N:X:20:06><CTRL:00><N:３:14:19><CTRL:00>か<CTRL:00>が<CTRL:00> <CTRL:00><N:＆:4:07><CTRL:00><N:３:14:19><CTRL:00>る<CTRL:00>ル！が<CTRL:00><N:X:20:06><CTRL:00><N:３:14:19><CTRL:00>か<CTRL:00>が<CTRL:00> <CTRL:00><N:＆:4:07><CTRL:00><N:３:14:19><CTRL:00>る<CTRL:00>ル！が<CTRL:00><N:≠:16:04><CTRL:00><N:７:11:18><CTRL:00>か<CTRL:00>が<CTRL:00> <CTRL:00><N:＆:4:07><CTRL:00><N:７:11:18><CTRL:00>が<CTRL:00><N:X:20:06><CTRL:00><N:３:14:19><CTRL:00>か<CTRL:00>が<CTRL:00> <CTRL:00><N:＆:4:07><CTRL:00><N:３:14:19><CTRL:00>る<CTRL:00>ル！が<CTRL:00><N:≠:16:04><CTRL:00><N:７:11:18><CTRL:00>か<CTRL:00>が<CTRL:00> <CTRL:00><N:＆:4:07><CTRL:00><N:７:11:18><CTRL:00>る<CTRL:00>ル！が<CTRL:00><N:≠:16:04><CTRL:00><N:７:11:18><CTRL:00>か<CTRL:00>が<CTRL:00> <CTRL:00><N:＆:4:07><CTRL:00><N:７:11:18><CTRL:00>が<CTRL:00><N:≠:16:04><CTRL:00><N:３:14:19><CTRL:00>か<CTRL:00>が<CTRL:00> <CTRL:00><N:＆:4:07><CTRL:00><N:３:14:19><CTRL:00>に<CTRL:00>我 う<CTRL:00>る<CTRL:00>臣（て
7/S7022.DAT,0x47C2C,133,medium,0,original,,,,,,か<CTRL:00>が<CTRL:00> <CTRL:00><N:＆:4:07><CTRL:00><N:３:14:19><CTRL:00>る<CTRL:00>ル！が<CTRL:00><N:X:20:06><CTRL:00><N:３:14:19><CTRL:00>か<CTRL:00>が<CTRL:00> <CTRL:00><N:＆:4:07><CTRL:00><N:３:14:19><CTRL:00>る<CTRL:00>ル！が<CTRL:00><N:≠:16:04><CTRL:00><N:７:11:18><CTRL:00>か<CTRL:00>が<CTRL:00> <CTRL:00><N:＆:4:07><CTRL:00><N:７:11:18><CTRL:00>が<CTRL:00><N:X:20:06><CTRL:00><N:３:14:19><CTRL:00>か<CTRL:00>が<CTRL:00> <CTRL:00><N:＆:4:07><CTRL:00><N:３:14:19><CTRL:00>る<CTRL:00>ル！が<CTRL:00><N:≠:16:04><CTRL:00><N:７:11:18><CTRL:00>か<CTRL:00>が<CTRL:00> <CTRL:00><N:＆:4:07><CTRL:00><N:７:11:18><CTRL:00>る<CTRL:00>ル！が<CTRL:00><N:≠:16:04><CTRL:00><N:７:11:18><CTRL:00>か<CTRL:00>が<CTRL:00> <CTRL:00><N:＆:4:07><CTRL:00><N:７:11:18><CTRL:00>が<CTRL:00><N:≠:16:04><CTRL:00><N:３:14:19><CTRL:00>か<CTRL:00>が<CTRL:00> <CTRL:00><N:＆:4:07><CTRL:00><N:３:14:19><CTRL:00>に<CTRL:00>我 う<CTRL:00>る<CTRL:00>臣（て
7/S7022.DAT,0x47C36,123,medium,0,original,,,,,,る<CTRL:00>ル！が<CTRL:00><N:X:20:06><CTRL:00><N:３:14:19><CTRL:00>か<CTRL:00>が<CTRL:00> <CTRL:00><N:＆:4:07><CTRL:00><N:３:14:19><CTRL:00>る<CTRL:00>ル！が<CTRL:00><N:≠:16:04><CTRL:00><N:７:11:18><CTRL:00>か<CTRL:00>が<CTRL:00> <CTRL:00><N:＆:4:07><CTRL:00><N:７:11:18><CTRL:00>が<CTRL:00><N:X:20:06><CTRL:00><N:３:14:19><CTRL:00>か<CTRL:00>が<CTRL:00> <CTRL:00><N:＆:4:07><CTRL:00><N:３:14:19><CTRL:00>る<CTRL:00>ル！が<CTRL:00><N:≠:16:04><CTRL:00><N:７:11:18><CTRL:00>か<CTRL:00>が<CTRL:00> <CTRL:00><N:＆:4:07><CTRL:00><N:７:11:18><CTRL:00>る<CTRL:00>ル！が<CTRL:00><N:≠:16:04><CTRL:00><N:７:11:18><CTRL:00>か<CTRL:00>が<CTRL:00> <CTRL:00><N:＆:4:07><CTRL:00><N:７:11:18><CTRL:00>が<CTRL:00><N:≠:16:04><CTRL:00><N:３:14:19><CTRL:00>か<CTRL:00>が<CTRL:00> <CTRL:00><N:＆:4:07><CTRL:00><N:３:14:19><CTRL:00>に<CTRL:00>我 う<CTRL:00>る<CTRL:00>臣（て
7/S7022.DAT,0x47C40,113,medium,0,original,,,,,,か<CTRL:00>が<CTRL:00> <CTRL:00><N:＆:4:07><CTRL:00><N:３:14:19><CTRL:00>る<CTRL:00>ル！が<CTRL:00><N:≠:16:04><CTRL:00><N:７:11:18><CTRL:00>か<CTRL:00>が<CTRL:00> <CTRL:00><N:＆:4:07><CTRL:00><N:７:11:18><CTRL:00>が<CTRL:00><N:X:20:06><CTRL:00><N:３:14:19><CTRL:00>か<CTRL:00>が<CTRL:00> <CTRL:00><N:＆:4:07><CTRL:00><N:３:14:19><CTRL:00>る<CTRL:00>ル！が<CTRL:00><N:≠:16:04><CTRL:00><N:７:11:18><CTRL:00>か<CTRL:00>が<CTRL:00> <CTRL:00><N:＆:4:07><CTRL:00><N:７:11:18><CTRL:00>る<CTRL:00>ル！が<CTRL:00><N:≠:16:04><CTRL:00><N:７:11:18><CTRL:00>か<CTRL:00>が<CTRL:00> <CTRL:00><N:＆:4:07><CTRL:00><N:７:11:18><CTRL:00>が<CTRL:00><N:≠:16:04><CTRL:00><N:３:14:19><CTRL:00>か<CTRL:00>が<CTRL:00> <CTRL:00><N:＆:4:07><CTRL:00><N:３:14:19><CTRL:00>に<CTRL:00>我 う<CTRL:00>る<CTRL:00>臣（て
7/S7022.DAT,0x47C4A,103,medium,0,original,,,,,,る<CTRL:00>ル！が<CTRL:00><N:≠:16:04><CTRL:00><N:７:11:18><CTRL:00>か<CTRL:00>が<CTRL:00> <CTRL:00><N:＆:4:07><CTRL:00><N:７:11:18><CTRL:00>が<CTRL:00><N:X:20:06><CTRL:00><N:３:14:19><CTRL:00>か<CTRL:00>が<CTRL:00> <CTRL:00><N:＆:4:07><CTRL:00><N:３:14:19><CTRL:00>る<CTRL:00>ル！が<CTRL:00><N:≠:16:04><CTRL:00><N:７:11:18><CTRL:00>か<CTRL:00>が<CTRL:00> <CTRL:00><N:＆:4:07><CTRL:00><N:７:11:18><CTRL:00>る<CTRL:00>ル！が<CTRL:00><N:≠:16:04><CTRL:00><N:７:11:18><CTRL:00>か<CTRL:00>が<CTRL:00> <CTRL:00><N:＆:4:07><CTRL:00><N:７:11:18><CTRL:00>が<CTRL:00><N:≠:16:04><CTRL:00><N:３:14:19><CTRL:00>か<CTRL:00>が<CTRL:00> <CTRL:00><N:＆:4:07><CTRL:00><N:３:14:19><CTRL:00>に<CTRL:00>我 う<CTRL:00>る<CTRL:00>臣（て
7/S7022.DAT,0x47C64,77,medium,0,original,,,,,,か<CTRL:00>が<CTRL:00> <CTRL:00><N:＆:4:07><CTRL:00><N:３:14:19><CTRL:00>る<CTRL:00>ル！が<CTRL:00><N:≠:16:04><CTRL:00><N:７:11:18><CTRL:00>か<CTRL:00>が<CTRL:00> <CTRL:00><N:＆:4:07><CTRL:00><N:７:11:18><CTRL:00>る<CTRL:00>ル！が<CTRL:00><N:≠:16:04><CTRL:00><N:７:11:18><CTRL:00>か<CTRL:00>が<CTRL:00> <CTRL:00><N:＆:4:07><CTRL:00><N:７:11:18><CTRL:00>が<CTRL:00><N:≠:16:04><CTRL:00><N:３:14:19><CTRL:00>か<CTRL:00>が<CTRL:00> <CTRL:00><N:＆:4:07><CTRL:00><N:３:14:19><CTRL:00>に<CTRL:00>我 う<CTRL:00>る<CTRL:00>臣（て
7/S7022.DAT,0x47C6E,67,medium,0,original,,,,,,る<CTRL:00>ル！が<CTRL:00><N:≠:16:04><CTRL:00><N:７:11:18><CTRL:00>か<CTRL:00>が<CTRL:00> <CTRL:00><N:＆:4:07><CTRL:00><N:７:11:18><CTRL:00>る<CTRL:00>ル！が<CTRL:00><N:≠:16:04><CTRL:00><N:７:11:18><CTRL:00>か<CTRL:00>が<CTRL:00> <CTRL:00><N:＆:4:07><CTRL:00><N:７:11:18><CTRL:00>が<CTRL:00><N:≠:16:04><CTRL:00><N:３:14:19><CTRL:00>か<CTRL:00>が<CTRL:00> <CTRL:00><N:＆:4:07><CTRL:00><N:３:14:19><CTRL:00>に<CTRL:00>我 う<CTRL:00>る<CTRL:00>臣（て
7/S7022.DAT,0x47C9C,21,medium,0,original,,,,,,か<CTRL:00>が<CTRL:00> <CTRL:00><N:＆:4:07><CTRL:00><N:３:14:19><CTRL:00>に<CTRL:00>我 う<CTRL:00>る<CTRL:00>臣（て
7/S7022.DAT,0x47CA6,11,medium,0,original,,,,,,に<CTRL:00>我 う<CTRL:00>る<CTRL:00>臣（て
7/S7022.DAT,0x47CC8,38,high,0,original,,,,,,大会委員 / 1回戦に参加されるのは<CTRL:E2> さんです。ご本人がおねがいします。
7/S7022.DAT,0x47D22,38,high,0,original,,,,,,大会委員 / 1回戦に参加されるのは<CTRL:E2>！さんです。ご本人がおねがいします。
7/S7022.DAT,0x47D7C,38,high,0,original,,,,,,大会委員 / 1回戦に参加されるのは<CTRL:E2>”さんです。ご本人がおねがいします。
7/S7022.DAT,0x47DD6,38,high,0,original,,,,,,大会委員 / 1回戦に参加されるのは<CTRL:E2><N:≠:16:04>さんです。ご本人がおねがいします。
7/S7022.DAT,0x47E30,38,high,0,original,,,,,,大会委員 / 1回戦に参加されるのは<CTRL:E2><N:＄:1:05>さんです。ご本人がおねがいします。
7/S7022.DAT,0x47E8A,38,high,0,original,,,,,,大会委員 / 1回戦に参加されるのは<CTRL:E2><N:X:20:06>さんです。ご本人がおねがいします。
7/S7022.DAT,0x47EE4,38,high,0,original,,,,,,大会委員 / 1回戦に参加されるのは<CTRL:E2>’さんです。ご本人がおねがいします。
7/S7022.DAT,0x47FCE,30,high,0,original,,,,,,こうたいしようか？ / <CTRL:E5>”こうたいする / <CTRL:E5>”こうたいしない
7/S7022.DAT,0x480DC,28,high,0,original,,,,,,こうたいする？ / <CTRL:E5>”こうたいする / <CTRL:E5>”こうたいしない
7/S7022.DAT,0x481E8,26,high,0,original,,,,,,おれかい？ / <CTRL:E5>”こうたいする / <CTRL:E5>”こうたいしない
7/S7022.DAT,0x482F2,26,high,0,original,,,,,,<G:D2:209>くかな？ / <CTRL:E5>”こうたいする / <CTRL:E5>”こうたいしない
7/S7022.DAT,0x483FC,26,high,0,original,,,,,,わしかね？ / <CTRL:E5>”こうたいする / <CTRL:E5>”こうたいしない
7/S7022.DAT,0x48506,26,high,0,original,,,,,,かわるか？ / <CTRL:E5>”こうたいする / <CTRL:E5>”こうたいしない
7/S7022.DAT,0x48610,31,high,0,original,,,,,,こうたいしようかね？ / <CTRL:E5>”こうたいする / <CTRL:E5>”こうたいしない
7/S7022.DAT,0x486AE,26,high,0,original,,,,,,ア<N:｣:11:65>テムがあります。 / <N:ｌ:5:5B>薬草へを見つけました。
7/S7022.DAT,0x486FE,17,high,0,original,,,,,,ここにあつたものはもうひろいました
7/S7022.DAT,0x48748,32,high,0,original,,,,,,大会委員 / ああひまだ、今日はどうしてこんなにひまなんだ。
7/S7022.DAT,0x487A0,30,high,0,original,,,,,,大会委員 / 仲聞に仕こをおしつけられて、大変です。
7/S7022.DAT,0x487F6,41,high,0,original,,,,,,出場者 / <N:ｌ:5:5B>風のオーフへを手に入れた者には / 必す不幸がおとすれると聞く。
7/S7022.DAT,0x48852,36,high,0,original,,,,,,出場者 / それでも手に入れたいと考えるのは / その美しさ<G:DD04:223>えか。
7/S7022.DAT,0x488AA,13,high,0,original,,,,,,不幸がなんだつてんだ。
7/S7022.DAT,0x488F0,46,high,0,original,,,,,,出場者 / ラマダ寺で修行すると、なんとかばすたーとかいうしょうごうがもらえるらしいぞ。
7/S7022.DAT,0x48956,28,high,0,original,,,,,,出場者 / 今日は調子が悪いから明日にしよう。
7/S7022.DAT,0x489B6,36,high,0,original,,,,,,大会委員 / 1回戦の準備はいいですか？ / <CTRL:E5>”はい / <CTRL:E5>”まだです
7/S7022.DAT,0x48A1E,23,high,0,original,,,,,,大会委員 / 早く準備をしてきて下さい。
7/S7022.DAT,0x48A6C,36,high,0,original,,,,,,大会委員 / 私の後ろに立たないで下さい。どうなつても知りませんよ。
7/S7022.DAT,0x48ACC,20,high,0,original,,,,,,大会委員 / 闘技場へ入つて下さい。
7/S7022.DAT,0x49196,34,high,0,original,,,,,,エントリーをやりなおしますか。 / <CTRL:E5>”やりなおす / <CTRL:E5>”つづける
7/S7023.DAT,0x479D4,21,medium,0,original,,,,,,が<CTRL:00> <CTRL:00><N:＆:4:07><CTRL:00><N:ъ:14:1A><CTRL:00>が<CTRL:00><N:＆:4:07><CTRL:00><N:＆:4:07><CTRL:00>い<CTRL:00>は<CTRL:00>！<CTRL:00><N:＆:4:07>
7/S7023.DAT,0x479FC,49,medium,0,original,,,,,,言<CTRL:00>う<CTRL:00>り<CTRL:00><N:３:14:19><CTRL:00>山<CTRL:00>う<CTRL:00>が<CTRL:00>1<CTRL:00>る<CTRL:00><N:７:11:18><CTRL:00>が<CTRL:00>1<CTRL:00>に<CTRL:00><N:３:14:19><CTRL:00>が<CTRL:00> <CTRL:00><N:＆:4:07><CTRL:00><N:ъ:14:1A><CTRL:00>が<CTRL:00><N:＆:4:07><CTRL:00><N:＆:4:07><CTRL:00>い<CTRL:00>は<CTRL:00>！<CTRL:00><N:＆:4:07>
7/S7023.DAT,0x47A04,41,medium,0,original,,,,,,山<CTRL:00>う<CTRL:00>が<CTRL:00>1<CTRL:00>る<CTRL:00><N:７:11:18><CTRL:00>が<CTRL:00>1<CTRL:00>に<CTRL:00><N:３:14:19><CTRL:00>が<CTRL:00> <CTRL:00><N:＆:4:07><CTRL:00><N:ъ:14:1A><CTRL:00>が<CTRL:00><N:＆:4:07><CTRL:00><N:＆:4:07><CTRL:00>い<CTRL:00>は<CTRL:00>！<CTRL:00><N:＆:4:07>
7/S7023.DAT,0x47A18,21,medium,0,original,,,,,,が<CTRL:00> <CTRL:00><N:＆:4:07><CTRL:00><N:ъ:14:1A><CTRL:00>が<CTRL:00><N:＆:4:07><CTRL:00><N:＆:4:07><CTRL:00>い<CTRL:00>は<CTRL:00>！<CTRL:00><N:＆:4:07>
7/S7023.DAT,0x47A40,57,medium,0,original,,,,,,参<CTRL:00>う<CTRL:00>り<CTRL:00><N:３:14:19><CTRL:00>バ<CTRL:00>う<CTRL:00>が<CTRL:00><N:ﾉ:6:10><CTRL:00><N:ъ:14:1A><CTRL:00><N:７:11:18><CTRL:00>が<CTRL:00><N:＄:1:05><CTRL:00><N:ъ:14:1A><CTRL:00>の<CTRL:00>が<CTRL:00><N:ﾉ:6:10><CTRL:00>い<CTRL:00><N:３:14:19><CTRL:00>が<CTRL:00> <CTRL:00><N:＆:4:07><CTRL:00><N:ъ:14:1A><CTRL:00>が<CTRL:00><N:＆:4:07><CTRL:00><N:＆:4:07><CTRL:00>い<CTRL:00>は<CTRL:00>！<CTRL:00><N:＆:4:07>
7/S7023.DAT,0x47A48,49,medium,0,original,,,,,,バ<CTRL:00>う<CTRL:00>が<CTRL:00><N:ﾉ:6:10><CTRL:00><N:ъ:14:1A><CTRL:00><N:７:11:18><CTRL:00>が<CTRL:00><N:＄:1:05><CTRL:00><N:ъ:14:1A><CTRL:00>の<CTRL:00>が<CTRL:00><N:ﾉ:6:10><CTRL:00>い<CTRL:00><N:３:14:19><CTRL:00>が<CTRL:00> <CTRL:00><N:＆:4:07><CTRL:00><N:ъ:14:1A><CTRL:00>が<CTRL:00><N:＆:4:07><CTRL:00><N:＆:4:07><CTRL:00>い<CTRL:00>は<CTRL:00>！<CTRL:00><N:＆:4:07>
7/S7023.DAT,0x47A64,21,medium,0,original,,,,,,が<CTRL:00> <CTRL:00><N:＆:4:07><CTRL:00><N:ъ:14:1A><CTRL:00>が<CTRL:00><N:＆:4:07><CTRL:00><N:＆:4:07><CTRL:00>い<CTRL:00>は<CTRL:00>！<CTRL:00><N:＆:4:07>
7/S7023.DAT,0x47AA0,21,medium,0,original,,,,,,が<CTRL:00> <CTRL:00><N:＆:4:07><CTRL:00><N:ъ:14:1A><CTRL:00>が<CTRL:00><N:＆:4:07><CTRL:00><N:＆:4:07><CTRL:00>い<CTRL:00>は<CTRL:00>！<CTRL:00><N:＆:4:07>
7/S7023.DAT,0x47AC8,65,medium,0,original,,,,,,フ<CTRL:00>う<CTRL:00>り<CTRL:00><N:３:14:19><CTRL:00>世<CTRL:00>う<CTRL:00>り<CTRL:00><N:３:14:19><CTRL:00>上<CTRL:00>う<CTRL:00>が<CTRL:00>1<CTRL:00><N:ъ:14:1A><CTRL:00><N:７:11:18><CTRL:00>が<CTRL:00><N:＄:1:05><CTRL:00><N:ъ:14:1A><CTRL:00>な<CTRL:00>が<CTRL:00>1<CTRL:00>い<CTRL:00><N:３:14:19><CTRL:00>が<CTRL:00> <CTRL:00><N:＆:4:07><CTRL:00><N:ъ:14:1A><CTRL:00>が<CTRL:00><N:＆:4:07><CTRL:00><N:＆:4:07><CTRL:00>い<CTRL:00>は<CTRL:00>！<CTRL:00><N:＆:4:07>
7/S7023.DAT,0x47AD0,57,medium,0,original,,,,,,世<CTRL:00>う<CTRL:00>り<CTRL:00><N:３:14:19><CTRL:00>上<CTRL:00>う<CTRL:00>が<CTRL:00>1<CTRL:00><N:ъ:14:1A><CTRL:00><N:７:11:18><CTRL:00>が<CTRL:00><N:＄:1:05><CTRL:00><N:ъ:14:1A><CTRL:00>な<CTRL:00>が<CTRL:00>1<CTRL:00>い<CTRL:00><N:３:14:19><CTRL:00>が<CTRL:00> <CTRL:00><N:＆:4:07><CTRL:00><N:ъ:14:1A><CTRL:00>が<CTRL:00><N:＆:4:07><CTRL:00><N:＆:4:07><CTRL:00>い<CTRL:00>は<CTRL:00>！<CTRL:00><N:＆:4:07>
7/S7023.DAT,0x47AD8,49,medium,0,original,,,,,,上<CTRL:00>う<CTRL:00>が<CTRL:00>1<CTRL:00><N:ъ:14:1A><CTRL:00><N:７:11:18><CTRL:00>が<CTRL:00><N:＄:1:05><CTRL:00><N:ъ:14:1A><CTRL:00>な<CTRL:00>が<CTRL:00>1<CTRL:00>い<CTRL:00><N:３:14:19><CTRL:00>が<CTRL:00> <CTRL:00><N:＆:4:07><CTRL:00><N:ъ:14:1A><CTRL:00>が<CTRL:00><N:＆:4:07><CTRL:00><N:＆:4:07><CTRL:00>い<CTRL:00>は<CTRL:00>！<CTRL:00><N:＆:4:07>
7/S7023.DAT,0x47AF4,21,medium,0,original,,,,,,が<CTRL:00> <CTRL:00><N:＆:4:07><CTRL:00><N:ъ:14:1A><CTRL:00>が<CTRL:00><N:＆:4:07><CTRL:00><N:＆:4:07><CTRL:00>い<CTRL:00>は<CTRL:00>！<CTRL:00><N:＆:4:07>
7/S7023.DAT,0x47B1C,65,medium,0,original,,,,,,聞<CTRL:00>う<CTRL:00>り<CTRL:00><N:３:14:19><CTRL:00>ム<CTRL:00>う<CTRL:00>り<CTRL:00><N:３:14:19><CTRL:00>敵<CTRL:00>う<CTRL:00>が<CTRL:00>1<CTRL:00><N:ъ:14:1A><CTRL:00><N:７:11:18><CTRL:00>が<CTRL:00><N:＄:1:05><CTRL:00><N:ъ:14:1A><CTRL:00>な<CTRL:00>が<CTRL:00>1<CTRL:00>い<CTRL:00><N:３:14:19><CTRL:00>が<CTRL:00> <CTRL:00><N:＆:4:07><CTRL:00><N:ъ:14:1A><CTRL:00>が<CTRL:00><N:＆:4:07><CTRL:00><N:＆:4:07><CTRL:00>い<CTRL:00>は<CTRL:00>！<CTRL:00><N:＆:4:07>
7/S7023.DAT,0x47B24,57,medium,0,original,,,,,,ム<CTRL:00>う<CTRL:00>り<CTRL:00><N:３:14:19><CTRL:00>敵<CTRL:00>う<CTRL:00>が<CTRL:00>1<CTRL:00><N:ъ:14:1A><CTRL:00><N:７:11:18><CTRL:00>が<CTRL:00><N:＄:1:05><CTRL:00><N:ъ:14:1A><CTRL:00>な<CTRL:00>が<CTRL:00>1<CTRL:00>い<CTRL:00><N:３:14:19><CTRL:00>が<CTRL:00> <CTRL:00><N:＆:4:07><CTRL:00><N:ъ:14:1A><CTRL:00>が<CTRL:00><N:＆:4:07><CTRL:00><N:＆:4:07><CTRL:00>い<CTRL:00>は<CTRL:00>！<CTRL:00><N:＆:4:07>
7/S7023.DAT,0x47B2C,49,medium,0,original,,,,,,敵<CTRL:00>う<CTRL:00>が<CTRL:00>1<CTRL:00><N:ъ:14:1A><CTRL:00><N:７:11:18><CTRL:00>が<CTRL:00><N:＄:1:05><CTRL:00><N:ъ:14:1A><CTRL:00>な<CTRL:00>が<CTRL:00>1<CTRL:00>い<CTRL:00><N:３:14:19><CTRL:00>が<CTRL:00> <CTRL:00><N:＆:4:07><CTRL:00><N:ъ:14:1A><CTRL:00>が<CTRL:00><N:＆:4:07><CTRL:00><N:＆:4:07><CTRL:00>い<CTRL:00>は<CTRL:00>！<CTRL:00><N:＆:4:07>
7/S7023.DAT,0x47B48,21,medium,0,original,,,,,,が<CTRL:00> <CTRL:00><N:＆:4:07><CTRL:00><N:ъ:14:1A><CTRL:00>が<CTRL:00><N:＆:4:07><CTRL:00><N:＆:4:07><CTRL:00>い<CTRL:00>は<CTRL:00>！<CTRL:00><N:＆:4:07>
7/S7023.DAT,0x47B70,13,medium,0,original,,,,,,風<CTRL:00>う<CTRL:00>り<CTRL:00><N:３:14:19><CTRL:00>備<CTRL:00>う<CTRL:00>が
7/S7023.DAT,0x47B78,5,medium,0,original,,,,,,備<CTRL:00>う<CTRL:00>が
7/S7023.DAT,0x47BD0,253,medium,0,original,,,,,,か<CTRL:00>が<CTRL:00> <CTRL:00><N:＆:4:07><CTRL:00><N:３:14:19><CTRL:00>る<CTRL:00>ル！が<CTRL:00><N:X:20:06><CTRL:00><N:７:11:18><CTRL:00>か<CTRL:00>が<CTRL:00> <CTRL:00><N:＆:4:07><CTRL:00><N:７:11:18><CTRL:00>が<CTRL:00><N:≠:16:04><CTRL:00><N:３:14:19><CTRL:00>か<CTRL:00>が<CTRL:00> <CTRL:00><N:＆:4:07><CTRL:00><N:３:14:19><CTRL:00>る<CTRL:00>ル！が<CTRL:00><N:X:20:06><CTRL:00><N:７:11:18><CTRL:00>か<CTRL:00>が<CTRL:00> <CTRL:00><N:＆:4:07><CTRL:00><N:７:11:18><CTRL:00>る<CTRL:00>ル！が<CTRL:00><N:≠:16:04><CTRL:00><N:７:11:18><CTRL:00>か<CTRL:00>が<CTRL:00> <CTRL:00><N:＆:4:07><CTRL:00><N:７:11:18><CTRL:00>が<CTRL:00><N:X:20:06><CTRL:00><N:３:14:19><CTRL:00>か<CTRL:00>が<CTRL:00> <CTRL:00><N:＆:4:07><CTRL:00><N:３:14:19><CTRL:00>る<CTRL:00>ル！が<CTRL:00><N:X:20:06><CTRL:00><N:３:14:19><CTRL:00>か<CTRL:00>が<CTRL:00> <CTRL:00><N:＆:4:07><CTRL:00><N:３:14:19><CTRL:00>る<CTRL:00>ル！が<CTRL:00><N:≠:16:04><CTRL:00><N:７:11:18><CTRL:00>か<CTRL:00>が<CTRL:00> <CTRL:00><N:＆:4:07><CTRL:00><N:７:11:18><CTRL:00>が<CTRL:00><N:X:20:06><CTRL:00><N:３:14:19><CTRL:00>か<CTRL:00>が<CTRL:00> <CTRL:00><N:＆:4:07><CTRL:00><N:３:14:19><CTRL:00>る<CTRL:00>ル！が<CTRL:00><N:≠:16:04><CTRL:00><N:７:11:18><CTRL:00>か<CTRL:00>が<CTRL:00> <CTRL:00><N:＆:4:07><CTRL:00><N:７:11:18><CTRL:00>る<CTRL:00>ル！が<CTRL:00><N:≠:16:04><CTRL:00><N:７:11:18><CTRL:00>か<CTRL:00>が<CTRL:00> <CTRL:00><N:＆:4:07><CTRL:00><N:７:11:18><CTRL:00>が<CTRL:00><N:≠:16:04><CTRL:00><N:３:14:19><CTRL:00>か<CTRL:00>が<CTRL:00> <CTRL:00><N:＆:4:07><CTRL:00><N:３:14:19><CTRL:00>に<CTRL:00>我 う<CTRL:00>る<CTRL:00>パ（が<CTRL:00><N:ﾉ:6:10><CTRL:00><N:．:2:0F><CTRL:00>、<CTRL:00>が<CTRL:00>’<CTRL:00><N:．:2:0F><CTRL:00>た<CTRL:00>が<CTRL:00> <CTRL:00><N:＆:4:07><CTRL:00><N:．:2:0F><CTRL:00>は<CTRL:00>”<CTRL:00><N:＆:4:07>
7/S7023.DAT,0x47BDA,243,medium,0,original,,,,,,る<CTRL:00>ル！が<CTRL:00><N:X:20:06><CTRL:00><N:７:11:18><CTRL:00>か<CTRL:00>が<CTRL:00> <CTRL:00><N:＆:4:07><CTRL:00><N:７:11:18><CTRL:00>が<CTRL:00><N:≠:16:04><CTRL:00><N:３:14:19><CTRL:00>か<CTRL:00>が<CTRL:00> <CTRL:00><N:＆:4:07><CTRL:00><N:３:14:19><CTRL:00>る<CTRL:00>ル！が<CTRL:00><N:X:20:06><CTRL:00><N:７:11:18><CTRL:00>か<CTRL:00>が<CTRL:00> <CTRL:00><N:＆:4:07><CTRL:00><N:７:11:18><CTRL:00>る<CTRL:00>ル！が<CTRL:00><N:≠:16:04><CTRL:00><N:７:11:18><CTRL:00>か<CTRL:00>が<CTRL:00> <CTRL:00><N:＆:4:07><CTRL:00><N:７:11:18><CTRL:00>が<CTRL:00><N:X:20:06><CTRL:00><N:３:14:19><CTRL:00>か<CTRL:00>が<CTRL:00> <CTRL:00><N:＆:4:07><CTRL:00><N:３:14:19><CTRL:00>る<CTRL:00>ル！が<CTRL:00><N:X:20:06><CTRL:00><N:３:14:19><CTRL:00>か<CTRL:00>が<CTRL:00> <CTRL:00><N:＆:4:07><CTRL:00><N:３:14:19><CTRL:00>る<CTRL:00>ル！が<CTRL:00><N:≠:16:04><CTRL:00><N:７:11:18><CTRL:00>か<CTRL:00>が<CTRL:00> <CTRL:00><N:＆:4:07><CTRL:00><N:７:11:18><CTRL:00>が<CTRL:00><N:X:20:06><CTRL:00><N:３:14:19><CTRL:00>か<CTRL:00>が<CTRL:00> <CTRL:00><N:＆:4:07><CTRL:00><N:３:14:19><CTRL:00>る<CTRL:00>ル！が<CTRL:00><N:≠:16:04><CTRL:00><N:７:11:18><CTRL:00>か<CTRL:00>が<CTRL:00> <CTRL:00><N:＆:4:07><CTRL:00><N:７:11:18><CTRL:00>る<CTRL:00>ル！が<CTRL:00><N:≠:16:04><CTRL:00><N:７:11:18><CTRL:00>か<CTRL:00>が<CTRL:00> <CTRL:00><N:＆:4:07><CTRL:00><N:７:11:18><CTRL:00>が<CTRL:00><N:≠:16:04><CTRL:00><N:３:14:19><CTRL:00>か<CTRL:00>が<CTRL:00> <CTRL:00><N:＆:4:07><CTRL:00><N:３:14:19><CTRL:00>に<CTRL:00>我 う<CTRL:00>る<CTRL:00>パ（が<CTRL:00><N:ﾉ:6:10><CTRL:00><N:．:2:0F><CTRL:00>、<CTRL:00>が<CTRL:00>’<CTRL:00><N:．:2:0F><CTRL:00>た<CTRL:00>が<CTRL:00> <CTRL:00><N:＆:4:07><CTRL:00><N:．:2:0F><CTRL:00>は<CTRL:00>”<CTRL:00><N:＆:4:07>
7/S7023.DAT,0x47BF4,217,medium,0,original,,,,,,か<CTRL:00>が<CTRL:00> <CTRL:00><N:＆:4:07><CTRL:00><N:３:14:19><CTRL:00>る<CTRL:00>ル！が<CTRL:00><N:X:20:06><CTRL:00><N:７:11:18><CTRL:00>か<CTRL:00>が<CTRL:00> <CTRL:00><N:＆:4:07><CTRL:00><N:７:11:18><CTRL:00>る<CTRL:00>ル！が<CTRL:00><N:≠:16:04><CTRL:00><N:７:11:18><CTRL:00>か<CTRL:00>が<CTRL:00> <CTRL:00><N:＆:4:07><CTRL:00><N:７:11:18><CTRL:00>が<CTRL:00><N:X:20:06><CTRL:00><N:３:14:19><CTRL:00>か<CTRL:00>が<CTRL:00> <CTRL:00><N:＆:4:07><CTRL:00><N:３:14:19><CTRL:00>る<CTRL:00>ル！が<CTRL:00><N:X:20:06><CTRL:00><N:３:14:19><CTRL:00>か<CTRL:00>が<CTRL:00> <CTRL:00><N:＆:4:07><CTRL:00><N:３:14:19><CTRL:00>る<CTRL:00>ル！が<CTRL:00><N:≠:16:04><CTRL:00><N:７:11:18><CTRL:00>か<CTRL:00>が<CTRL:00> <CTRL:00><N:＆:4:07><CTRL:00><N:７:11:18><CTRL:00>が<CTRL:00><N:X:20:06><CTRL:00><N:３:14:19><CTRL:00>か<CTRL:00>が<CTRL:00> <CTRL:00><N:＆:4:07><CTRL:00><N:３:14:19><CTRL:00>る<CTRL:00>ル！が<CTRL:00><N:≠:16:04><CTRL:00><N:７:11:18><CTRL:00>か<CTRL:00>が<CTRL:00> <CTRL:00><N:＆:4:07><CTRL:00><N:７:11:18><CTRL:00>る<CTRL:00>ル！が<CTRL:00><N:≠:16:04><CTRL:00><N:７:11:18><CTRL:00>か<CTRL:00>が<CTRL:00> <CTRL:00><N:＆:4:07><CTRL:00><N:７:11:18><CTRL:00>が<CTRL:00><N:≠:16:04><CTRL:00><N:３:14:19><CTRL:00>か<CTRL:00>が<CTRL:00> <CTRL:00><N:＆:4:07><CTRL:00><N:３:14:19><CTRL:00>に<CTRL:00>我 う<CTRL:00>る<CTRL:00>パ（が<CTRL:00><N:ﾉ:6:10><CTRL:00><N:．:2:0F><CTRL:00>、<CTRL:00>が<CTRL:00>’<CTRL:00><N:．:2:0F><CTRL:00>た<CTRL:00>が<CTRL:00> <CTRL:00><N:＆:4:07><CTRL:00><N:．:2:0F><CTRL:00>は<CTRL:00>”<CTRL:00><N:＆:4:07>
7/S7023.DAT,0x47BFE,207,medium,0,original,,,,,,る<CTRL:00>ル！が<CTRL:00><N:X:20:06><CTRL:00><N:７:11:18><CTRL:00>か<CTRL:00>が<CTRL:00> <CTRL:00><N:＆:4:07><CTRL:00><N:７:11:18><CTRL:00>る<CTRL:00>ル！が<CTRL:00><N:≠:16:04><CTRL:00><N:７:11:18><CTRL:00>か<CTRL:00>が<CTRL:00> <CTRL:00><N:＆:4:07><CTRL:00><N:７:11:18><CTRL:00>が<CTRL:00><N:X:20:06><CTRL:00><N:３:14:19><CTRL:00>か<CTRL:00>が<CTRL:00> <CTRL:00><N:＆:4:07><CTRL:00><N:３:14:19><CTRL:00>る<CTRL:00>ル！が<CTRL:00><N:X:20:06><CTRL:00><N:３:14:19><CTRL:00>か<CTRL:00>が<CTRL:00> <CTRL:00><N:＆:4:07><CTRL:00><N:３:14:19><CTRL:00>る<CTRL:00>ル！が<CTRL:00><N:≠:16:04><CTRL:00><N:７:11:18><CTRL:00>か<CTRL:00>が<CTRL:00> <CTRL:00><N:＆:4:07><CTRL:00><N:７:11:18><CTRL:00>が<CTRL:00><N:X:20:06><CTRL:00><N:３:14:19><CTRL:00>か<CTRL:00>が<CTRL:00> <CTRL:00><N:＆:4:07><CTRL:00><N:３:14:19><CTRL:00>る<CTRL:00>ル！が<CTRL:00><N:≠:16:04><CTRL:00><N:７:11:18><CTRL:00>か<CTRL:00>が<CTRL:00> <CTRL:00><N:＆:4:07><CTRL:00><N:７:11:18><CTRL:00>る<CTRL:00>ル！が<CTRL:00><N:≠:16:04><CTRL:00><N:７:11:18><CTRL:00>か<CTRL:00>が<CTRL:00> <CTRL:00><N:＆:4:07><CTRL:00><N:７:11:18><CTRL:00>が<CTRL:00><N:≠:16:04><CTRL:00><N:３:14:19><CTRL:00>か<CTRL:00>が<CTRL:00> <CTRL:00><N:＆:4:07><CTRL:00><N:３:14:19><CTRL:00>に<CTRL:00>我 う<CTRL:00>る<CTRL:00>パ（が<CTRL:00><N:ﾉ:6:10><CTRL:00><N:．:2:0F><CTRL:00>、<CTRL:00>が<CTRL:00>’<CTRL:00><N:．:2:0F><CTRL:00>た<CTRL:00>が<CTRL:00> <CTRL:00><N:＆:4:07><CTRL:00><N:．:2:0F><CTRL:00>は<CTRL:00>”<CTRL:00><N:＆:4:07>
7/S7023.DAT,0x47C2C,161,medium,0,original,,,,,,か<CTRL:00>が<CTRL:00> <CTRL:00><N:＆:4:07><CTRL:00><N:３:14:19><CTRL:00>る<CTRL:00>ル！が<CTRL:00><N:X:20:06><CTRL:00><N:３:14:19><CTRL:00>か<CTRL:00>が<CTRL:00> <CTRL:00><N:＆:4:07><CTRL:00><N:３:14:19><CTRL:00>る<CTRL:00>ル！が<CTRL:00><N:≠:16:04><CTRL:00><N:７:11:18><CTRL:00>か<CTRL:00>が<CTRL:00> <CTRL:00><N:＆:4:07><CTRL:00><N:７:11:18><CTRL:00>が<CTRL:00><N:X:20:06><CTRL:00><N:３:14:19><CTRL:00>か<CTRL:00>が<CTRL:00> <CTRL:00><N:＆:4:07><CTRL:00><N:３:14:19><CTRL:00>る<CTRL:00>ル！が<CTRL:00><N:≠:16:04><CTRL:00><N:７:11:18><CTRL:00>か<CTRL:00>が<CTRL:00> <CTRL:00><N:＆:4:07><CTRL:00><N:７:11:18><CTRL:00>る<CTRL:00>ル！が<CTRL:00><N:≠:16:04><CTRL:00><N:７:11:18><CTRL:00>か<CTRL:00>が<CTRL:00> <CTRL:00><N:＆:4:07><CTRL:00><N:７:11:18><CTRL:00>が<CTRL:00><N:≠:16:04><CTRL:00><N:３:14:19><CTRL:00>か<CTRL:00>が<CTRL:00> <CTRL:00><N:＆:4:07><CTRL:00><N:３:14:19><CTRL:00>に<CTRL:00>我 う<CTRL:00>る<CTRL:00>パ（が<CTRL:00><N:ﾉ:6:10><CTRL:00><N:．:2:0F><CTRL:00>、<CTRL:00>が<CTRL:00>’<CTRL:00><N:．:2:0F><CTRL:00>た<CTRL:00>が<CTRL:00> <CTRL:00><N:＆:4:07><CTRL:00><N:．:2:0F><CTRL:00>は<CTRL:00>”<CTRL:00><N:＆:4:07>
7/S7023.DAT,0x47C36,151,medium,0,original,,,,,,る<CTRL:00>ル！が<CTRL:00><N:X:20:06><CTRL:00><N:３:14:19><CTRL:00>か<CTRL:00>が<CTRL:00> <CTRL:00><N:＆:4:07><CTRL:00><N:３:14:19><CTRL:00>る<CTRL:00>ル！が<CTRL:00><N:≠:16:04><CTRL:00><N:７:11:18><CTRL:00>か<CTRL:00>が<CTRL:00> <CTRL:00><N:＆:4:07><CTRL:00><N:７:11:18><CTRL:00>が<CTRL:00><N:X:20:06><CTRL:00><N:３:14:19><CTRL:00>か<CTRL:00>が<CTRL:00> <CTRL:00><N:＆:4:07><CTRL:00><N:３:14:19><CTRL:00>る<CTRL:00>ル！が<CTRL:00><N:≠:16:04><CTRL:00><N:７:11:18><CTRL:00>か<CTRL:00>が<CTRL:00> <CTRL:00><N:＆:4:07><CTRL:00><N:７:11:18><CTRL:00>る<CTRL:00>ル！が<CTRL:00><N:≠:16:04><CTRL:00><N:７:11:18><CTRL:00>か<CTRL:00>が<CTRL:00> <CTRL:00><N:＆:4:07><CTRL:00><N:７:11:18><CTRL:00>が<CTRL:00><N:≠:16:04><CTRL:00><N:３:14:19><CTRL:00>か<CTRL:00>が<CTRL:00> <CTRL:00><N:＆:4:07><CTRL:00><N:３:14:19><CTRL:00>に<CTRL:00>我 う<CTRL:00>る<CTRL:00>パ（が<CTRL:00><N:ﾉ:6:10><CTRL:00><N:．:2:0F><CTRL:00>、<CTRL:00>が<CTRL:00>’<CTRL:00><N:．:2:0F><CTRL:00>た<CTRL:00>が<CTRL:00> <CTRL:00><N:＆:4:07><CTRL:00><N:．:2:0F><CTRL:00>は<CTRL:00>”<CTRL:00><N:＆:4:07>
7/S7023.DAT,0x47C40,141,medium,0,original,,,,,,か<CTRL:00>が<CTRL:00> <CTRL:00><N:＆:4:07><CTRL:00><N:３:14:19><CTRL:00>る<CTRL:00>ル！が<CTRL:00><N:≠:16:04><CTRL:00><N:７:11:18><CTRL:00>か<CTRL:00>が<CTRL:00> <CTRL:00><N:＆:4:07><CTRL:00><N:７:11:18><CTRL:00>が<CTRL:00><N:X:20:06><CTRL:00><N:３:14:19><CTRL:00>か<CTRL:00>が<CTRL:00> <CTRL:00><N:＆:4:07><CTRL:00><N:３:14:19><CTRL:00>る<CTRL:00>ル！が<CTRL:00><N:≠:16:04><CTRL:00><N:７:11:18><CTRL:00>か<CTRL:00>が<CTRL:00> <CTRL:00><N:＆:4:07><CTRL:00><N:７:11:18><CTRL:00>る<CTRL:00>ル！が<CTRL:00><N:≠:16:04><CTRL:00><N:７:11:18><CTRL:00>か<CTRL:00>が<CTRL:00> <CTRL:00><N:＆:4:07><CTRL:00><N:７:11:18><CTRL:00>が<CTRL:00><N:≠:16:04><CTRL:00><N:３:14:19><CTRL:00>か<CTRL:00>が<CTRL:00> <CTRL:00><N:＆:4:07><CTRL:00><N:３:14:19><CTRL:00>に<CTRL:00>我 う<CTRL:00>る<CTRL:00>パ（が<CTRL:00><N:ﾉ:6:10><CTRL:00><N:．:2:0F><CTRL:00>、<CTRL:00>が<CTRL:00>’<CTRL:00><N:．:2:0F><CTRL:00>た<CTRL:00>が<CTRL:00> <CTRL:00><N:＆:4:07><CTRL:00><N:．:2:0F><CTRL:00>は<CTRL:00>”<CTRL:00><N:＆:4:07>
7/S7023.DAT,0x47C4A,131,medium,0,original,,,,,,る<CTRL:00>ル！が<CTRL:00><N:≠:16:04><CTRL:00><N:７:11:18><CTRL:00>か<CTRL:00>が<CTRL:00> <CTRL:00><N:＆:4:07><CTRL:00><N:７:11:18><CTRL:00>が<CTRL:00><N:X:20:06><CTRL:00><N:３:14:19><CTRL:00>か<CTRL:00>が<CTRL:00> <CTRL:00><N:＆:4:07><CTRL:00><N:３:14:19><CTRL:00>る<CTRL:00>ル！が<CTRL:00><N:≠:16:04><CTRL:00><N:７:11:18><CTRL:00>か<CTRL:00>が<CTRL:00> <CTRL:00><N:＆:4:07><CTRL:00><N:７:11:18><CTRL:00>る<CTRL:00>ル！が<CTRL:00><N:≠:16:04><CTRL:00><N:７:11:18><CTRL:00>か<CTRL:00>が<CTRL:00> <CTRL:00><N:＆:4:07><CTRL:00><N:７:11:18><CTRL:00>が<CTRL:00><N:≠:16:04><CTRL:00><N:３:14:19><CTRL:00>か<CTRL:00>が<CTRL:00> <CTRL:00><N:＆:4:07><CTRL:00><N:３:14:19><CTRL:00>に<CTRL:00>我 う<CTRL:00>る<CTRL:00>パ（が<CTRL:00><N:ﾉ:6:10><CTRL:00><N:．:2:0F><CTRL:00>、<CTRL:00>が<CTRL:00>’<CTRL:00><N:．:2:0F><CTRL:00>た<CTRL:00>が<CTRL:00> <CTRL:00><N:＆:4:07><CTRL:00><N:．:2:0F><CTRL:00>は<CTRL:00>”<CTRL:00><N:＆:4:07>
7/S7023.DAT,0x47C64,105,medium,0,original,,,,,,か<CTRL:00>が<CTRL:00> <CTRL:00><N:＆:4:07><CTRL:00><N:３:14:19><CTRL:00>る<CTRL:00>ル！が<CTRL:00><N:≠:16:04><CTRL:00><N:７:11:18><CTRL:00>か<CTRL:00>が<CTRL:00> <CTRL:00><N:＆:4:07><CTRL:00><N:７:11:18><CTRL:00>る<CTRL:00>ル！が<CTRL:00><N:≠:16:04><CTRL:00><N:７:11:18><CTRL:00>か<CTRL:00>が<CTRL:00> <CTRL:00><N:＆:4:07><CTRL:00><N:７:11:18><CTRL:00>が<CTRL:00><N:≠:16:04><CTRL:00><N:３:14:19><CTRL:00>か<CTRL:00>が<CTRL:00> <CTRL:00><N:＆:4:07><CTRL:00><N:３:14:19><CTRL:00>に<CTRL:00>我 う<CTRL:00>る<CTRL:00>パ（が<CTRL:00><N:ﾉ:6:10><CTRL:00><N:．:2:0F><CTRL:00>、<CTRL:00>が<CTRL:00>’<CTRL:00><N:．:2:0F><CTRL:00>た<CTRL:00>が<CTRL:00> <CTRL:00><N:＆:4:07><CTRL:00><N:．:2:0F><CTRL:00>は<CTRL:00>”<CTRL:00><N:＆:4:07>
7/S7023.DAT,0x47C6E,95,medium,0,original,,,,,,る<CTRL:00>ル！が<CTRL:00><N:≠:16:04><CTRL:00><N:７:11:18><CTRL:00>か<CTRL:00>が<CTRL:00> <CTRL:00><N:＆:4:07><CTRL:00><N:７:11:18><CTRL:00>る<CTRL:00>ル！が<CTRL:00><N:≠:16:04><CTRL:00><N:７:11:18><CTRL:00>か<CTRL:00>が<CTRL:00> <CTRL:00><N:＆:4:07><CTRL:00><N:７:11:18><CTRL:00>が<CTRL:00><N:≠:16:04><CTRL:00><N:３:14:19><CTRL:00>か<CTRL:00>が<CTRL:00> <CTRL:00><N:＆:4:07><CTRL:00><N:３:14:19><CTRL:00>に<CTRL:00>我 う<CTRL:00>る<CTRL:00>パ（が<CTRL:00><N:ﾉ:6:10><CTRL:00><N:．:2:0F><CTRL:00>、<CTRL:00>が<CTRL:00>’<CTRL:00><N:．:2:0F><CTRL:00>た<CTRL:00>が<CTRL:00> <CTRL:00><N:＆:4:07><CTRL:00><N:．:2:0F><CTRL:00>は<CTRL:00>”<CTRL:00><N:＆:4:07>
7/S7023.DAT,0x47C9C,49,medium,0,original,,,,,,か<CTRL:00>が<CTRL:00> <CTRL:00><N:＆:4:07><CTRL:00><N:３:14:19><CTRL:00>に<CTRL:00>我 う<CTRL:00>る<CTRL:00>パ（が<CTRL:00><N:ﾉ:6:10><CTRL:00><N:．:2:0F><CTRL:00>、<CTRL:00>が<CTRL:00>’<CTRL:00><N:．:2:0F><CTRL:00>た<CTRL:00>が<CTRL:00> <CTRL:00><N:＆:4:07><CTRL:00><N:．:2:0F><CTRL:00>は<CTRL:00>”<CTRL:00><N:＆:4:07>
7/S7023.DAT,0x47CA6,39,medium,0,original,,,,,,に<CTRL:00>我 う<CTRL:00>る<CTRL:00>パ（が<CTRL:00><N:ﾉ:6:10><CTRL:00><N:．:2:0F><CTRL:00>、<CTRL:00>が<CTRL:00>’<CTRL:00><N:．:2:0F><CTRL:00>た<CTRL:00>が<CTRL:00> <CTRL:00><N:＆:4:07><CTRL:00><N:．:2:0F><CTRL:00>は<CTRL:00>”<CTRL:00><N:＆:4:07>
7/S7023.DAT,0x47D58,30,high,0,original,,,,,,こうたいしようか？ / <CTRL:E5>”こうたいする / <CTRL:E5>”こうたいしない
7/S7023.DAT,0x47E66,28,high,0,original,,,,,,こうたいする？ / <CTRL:E5>”こうたいする / <CTRL:E5>”こうたいしない
7/S7023.DAT,0x47F72,30,high,0,original,,,,,,かわつてやろうか？ / <CTRL:E5>”こうたいする / <CTRL:E5>”こうたいしない
7/S7023.DAT,0x48080,28,high,0,original,,,,,,<G:D2:209>くとかわる？ / <CTRL:E5>”こうたいする / <CTRL:E5>”こうたいしない
7/S7023.DAT,0x4818C,25,high,0,original,,,,,,わしか？ / <CTRL:E5>”こうたいする / <CTRL:E5>”こうたいしない
7/S7023.DAT,0x48296,26,high,0,original,,,,,,かわるか？ / <CTRL:E5>”こうたいする / <CTRL:E5>”こうたいしない
7/S7023.DAT,0x483A0,30,high,0,original,,,,,,こうたいするかい？ / <CTRL:E5>”こうたいする / <CTRL:E5>”こうたいしない
7/S7023.DAT,0x4843C,26,high,0,original,,,,,,ア<N:｣:11:65>テムがあります。 / <N:ｌ:5:5B>薬草へを見つけました。
7/S7023.DAT,0x4848C,18,high,0,original,,,,,,ここにあつたものはもうひろいました。
7/S7023.DAT,0x484D6,22,high,0,original,,,,,,大会委員 / ああいそがしい、いそがしい。
7/S7023.DAT,0x48524,43,high,0,original,,,,,,大会委員 / 今日は仲聞に仕こをおしつけてやつたよ。おかげで<G:DD04:223>つくりできる。
7/S7023.DAT,0x48588,51,high,0,original,,,,,,出場者 / この世界には、<N:ｌ:5:5B>地の石へ<N:ｌ:5:5B>水の石へ<N:ｌ:5:5B>火の石へ<N:ｌ:5:5B>風の石へ<N:ｌ:5:5B>光の石へとかいう石があつて、
7/S7023.DAT,0x485EE,23,high,0,original,,,,,,出場者 / <N:ｃ:12:16>つ集めると何かおこるらしいぞ。
7/S7023.DAT,0x4863A,33,high,0,original,,,,,,何かおこるつて言われてもね。 / 大金持ちにでもなれるのかなあ。
7/S7023.DAT,0x48694,56,high,0,original,,,,,,出場者 / <N:ｌ:5:5B>トル<N:メ:6:DD5F>・デ・バンニへだが / ヤツは人聞らしさのかけらもない / 戦闘マシンだと思つた方がいいぞ。
7/S7023.DAT,0x486FE,30,high,0,original,,,,,,出場者 / なさけをかけていては / やつには勝てないからな。
7/S7023.DAT,0x48754,36,high,0,original,,,,,,出場者 / 今日は調子がいいからがんばるぞ。 / おまえもがんばれよ。
7/S7023.DAT,0x487B0,41,high,0,original,,,,,,アナウンサー / 2回戦に参加されるのは<CTRL:E2> さんです。 / ご本人がおねがいします。
7/S7023.DAT,0x4880E,41,high,0,original,,,,,,アナウンサー / 2回戦に参加されるのは<CTRL:E2>！さんです。 / ご本人がおねがいします。
7/S7023.DAT,0x4886C,41,high,0,original,,,,,,アナウンサー / 2回戦に参加されるのは<CTRL:E2>”さんです。 / ご本人がおねがいします。
7/S7023.DAT,0x488CA,41,high,0,original,,,,,,アナウンサー / 2回戦に参加されるのは<CTRL:E2><N:≠:16:04>さんです。 / ご本人がおねがいします。
7/S7023.DAT,0x48928,41,high,0,original,,,,,,アナウンサー / 2回戦に参加されるのは<CTRL:E2><N:＄:1:05>さんです。 / ご本人がおねがいします。
7/S7023.DAT,0x48986,41,high,0,original,,,,,,アナウンサー / 2回戦に参加されるのは<CTRL:E2><N:X:20:06>さんです。 / ご本人がおねがいします。
7/S7023.DAT,0x489E4,41,high,0,original,,,,,,アナウンサー / 2回戦に参加されるのは<CTRL:E2>’さんです。 / ご本人がおねがいします。
7/S7023.DAT,0x48A4E,36,high,0,original,,,,,,大会委員 / 2回戦の準備はいいですか？ / <CTRL:E5>”はい / <CTRL:E5>”まだです
7/S7023.DAT,0x48AB6,23,high,0,original,,,,,,大会委員 / 早く準備をしてきて下さい。
7/S7023.DAT,0x48B04,36,high,0,original,,,,,,大会委員 / 私の後ろに立たないで下さい。どうなつても知りませんよ。
7/S7023.DAT,0x491C6,34,high,0,original,,,,,,エントリーをやりなおしますか。 / <CTRL:E5>”やりなおす / <CTRL:E5>”つづける
7/S7023.DAT,0x4922C,40,high,0,original,,,,,,1回戦からやりなおしになります。よろしいですか？ / <CTRL:E5>”はい / <CTRL:E5>”とんでもない
7/S7023.DAT,0x492C0,20,high,0,original,,,,,,大会委員 / 闘技場へ入つて下さい。
7/S7024.DAT,0x479D4,21,medium,0,original,,,,,,が<CTRL:00> <CTRL:00><N:＆:4:07><CTRL:00><N:ъ:14:1A><CTRL:00>が<CTRL:00><N:＆:4:07><CTRL:00><N:＆:4:07><CTRL:00>い<CTRL:00>は<CTRL:00>！<CTRL:00><N:＆:4:07>
7/S7024.DAT,0x479FC,49,medium,0,original,,,,,,言<CTRL:00>う<CTRL:00>り<CTRL:00><N:３:14:19><CTRL:00>山<CTRL:00>う<CTRL:00>が<CTRL:00>1<CTRL:00>る<CTRL:00><N:７:11:18><CTRL:00>が<CTRL:00>1<CTRL:00>に<CTRL:00><N:３:14:19><CTRL:00>が<CTRL:00> <CTRL:00><N:＆:4:07><CTRL:00><N:ъ:14:1A><CTRL:00>が<CTRL:00><N:＆:4:07><CTRL:00><N:＆:4:07><CTRL:00>い<CTRL:00>は<CTRL:00>！<CTRL:00><N:＆:4:07>
7/S7024.DAT,0x47A04,41,medium,0,original,,,,,,山<CTRL:00>う<CTRL:00>が<CTRL:00>1<CTRL:00>る<CTRL:00><N:７:11:18><CTRL:00>が<CTRL:00>1<CTRL:00>に<CTRL:00><N:３:14:19><CTRL:00>が<CTRL:00> <CTRL:00><N:＆:4:07><CTRL:00><N:ъ:14:1A><CTRL:00>が<CTRL:00><N:＆:4:07><CTRL:00><N:＆:4:07><CTRL:00>い<CTRL:00>は<CTRL:00>！<CTRL:00><N:＆:4:07>
7/S7024.DAT,0x47A18,21,medium,0,original,,,,,,が<CTRL:00> <CTRL:00><N:＆:4:07><CTRL:00><N:ъ:14:1A><CTRL:00>が<CTRL:00><N:＆:4:07><CTRL:00><N:＆:4:07><CTRL:00>い<CTRL:00>は<CTRL:00>！<CTRL:00><N:＆:4:07>
7/S7024.DAT,0x47A40,57,medium,0,original,,,,,,参<CTRL:00>う<CTRL:00>り<CTRL:00><N:３:14:19><CTRL:00>バ<CTRL:00>う<CTRL:00>が<CTRL:00><N:ﾉ:6:10><CTRL:00><N:ъ:14:1A><CTRL:00><N:７:11:18><CTRL:00>が<CTRL:00><N:＄:1:05><CTRL:00><N:ъ:14:1A><CTRL:00>の<CTRL:00>が<CTRL:00><N:ﾉ:6:10><CTRL:00>い<CTRL:00><N:３:14:19><CTRL:00>が<CTRL:00> <CTRL:00><N:＆:4:07><CTRL:00><N:ъ:14:1A><CTRL:00>が<CTRL:00><N:＆:4:07><CTRL:00><N:＆:4:07><CTRL:00>い<CTRL:00>は<CTRL:00>！<CTRL:00><N:＆:4:07>
7/S7024.DAT,0x47A48,49,medium,0,original,,,,,,バ<CTRL:00>う<CTRL:00>が<CTRL:00><N:ﾉ:6:10><CTRL:00><N:ъ:14:1A><CTRL:00><N:７:11:18><CTRL:00>が<CTRL:00><N:＄:1:05><CTRL:00><N:ъ:14:1A><CTRL:00>の<CTRL:00>が<CTRL:00><N:ﾉ:6:10><CTRL:00>い<CTRL:00><N:３:14:19><CTRL:00>が<CTRL:00> <CTRL:00><N:＆:4:07><CTRL:00><N:ъ:14:1A><CTRL:00>が<CTRL:00><N:＆:4:07><CTRL:00><N:＆:4:07><CTRL:00>い<CTRL:00>は<CTRL:00>！<CTRL:00><N:＆:4:07>
7/S7024.DAT,0x47A64,21,medium,0,original,,,,,,が<CTRL:00> <CTRL:00><N:＆:4:07><CTRL:00><N:ъ:14:1A><CTRL:00>が<CTRL:00><N:＆:4:07><CTRL:00><N:＆:4:07><CTRL:00>い<CTRL:00>は<CTRL:00>！<CTRL:00><N:＆:4:07>
7/S7024.DAT,0x47AA0,21,medium,0,original,,,,,,が<CTRL:00> <CTRL:00><N:＆:4:07><CTRL:00><N:ъ:14:1A><CTRL:00>が<CTRL:00><N:＆:4:07><CTRL:00><N:＆:4:07><CTRL:00>い<CTRL:00>は<CTRL:00>！<CTRL:00><N:＆:4:07>
7/S7024.DAT,0x47AC8,65,medium,0,original,,,,,,フ<CTRL:00>う<CTRL:00>り<CTRL:00><N:３:14:19><CTRL:00>世<CTRL:00>う<CTRL:00>り<CTRL:00><N:３:14:19><CTRL:00>上<CTRL:00>う<CTRL:00>が<CTRL:00>1<CTRL:00><N:ъ:14:1A><CTRL:00><N:７:11:18><CTRL:00>が<CTRL:00><N:＄:1:05><CTRL:00><N:ъ:14:1A><CTRL:00>な<CTRL:00>が<CTRL:00>1<CTRL:00>い<CTRL:00><N:３:14:19><CTRL:00>が<CTRL:00> <CTRL:00><N:＆:4:07><CTRL:00><N:ъ:14:1A><CTRL:00>が<CTRL:00><N:＆:4:07><CTRL:00><N:＆:4:07><CTRL:00>い<CTRL:00>は<CTRL:00>！<CTRL:00><N:＆:4:07>
7/S7024.DAT,0x47AD0,57,medium,0,original,,,,,,世<CTRL:00>う<CTRL:00>り<CTRL:00><N:３:14:19><CTRL:00>上<CTRL:00>う<CTRL:00>が<CTRL:00>1<CTRL:00><N:ъ:14:1A><CTRL:00><N:７:11:18><CTRL:00>が<CTRL:00><N:＄:1:05><CTRL:00><N:ъ:14:1A><CTRL:00>な<CTRL:00>が<CTRL:00>1<CTRL:00>い<CTRL:00><N:３:14:19><CTRL:00>が<CTRL:00> <CTRL:00><N:＆:4:07><CTRL:00><N:ъ:14:1A><CTRL:00>が<CTRL:00><N:＆:4:07><CTRL:00><N:＆:4:07><CTRL:00>い<CTRL:00>は<CTRL:00>！<CTRL:00><N:＆:4:07>
7/S7024.DAT,0x47AD8,49,medium,0,original,,,,,,上<CTRL:00>う<CTRL:00>が<CTRL:00>1<CTRL:00><N:ъ:14:1A><CTRL:00><N:７:11:18><CTRL:00>が<CTRL:00><N:＄:1:05><CTRL:00><N:ъ:14:1A><CTRL:00>な<CTRL:00>が<CTRL:00>1<CTRL:00>い<CTRL:00><N:３:14:19><CTRL:00>が<CTRL:00> <CTRL:00><N:＆:4:07><CTRL:00><N:ъ:14:1A><CTRL:00>が<CTRL:00><N:＆:4:07><CTRL:00><N:＆:4:07><CTRL:00>い<CTRL:00>は<CTRL:00>！<CTRL:00><N:＆:4:07>
7/S7024.DAT,0x47AF4,21,medium,0,original,,,,,,が<CTRL:00> <CTRL:00><N:＆:4:07><CTRL:00><N:ъ:14:1A><CTRL:00>が<CTRL:00><N:＆:4:07><CTRL:00><N:＆:4:07><CTRL:00>い<CTRL:00>は<CTRL:00>！<CTRL:00><N:＆:4:07>
7/S7024.DAT,0x47B1C,65,medium,0,original,,,,,,聞<CTRL:00>う<CTRL:00>り<CTRL:00><N:３:14:19><CTRL:00>ム<CTRL:00>う<CTRL:00>り<CTRL:00><N:３:14:19><CTRL:00>敵<CTRL:00>う<CTRL:00>が<CTRL:00>1<CTRL:00><N:ъ:14:1A><CTRL:00><N:７:11:18><CTRL:00>が<CTRL:00><N:＄:1:05><CTRL:00><N:ъ:14:1A><CTRL:00>な<CTRL:00>が<CTRL:00>1<CTRL:00>い<CTRL:00><N:３:14:19><CTRL:00>が<CTRL:00> <CTRL:00><N:＆:4:07><CTRL:00><N:ъ:14:1A><CTRL:00>が<CTRL:00><N:＆:4:07><CTRL:00><N:＆:4:07><CTRL:00>い<CTRL:00>は<CTRL:00>！<CTRL:00><N:＆:4:07>
7/S7024.DAT,0x47B24,57,medium,0,original,,,,,,ム<CTRL:00>う<CTRL:00>り<CTRL:00><N:３:14:19><CTRL:00>敵<CTRL:00>う<CTRL:00>が<CTRL:00>1<CTRL:00><N:ъ:14:1A><CTRL:00><N:７:11:18><CTRL:00>が<CTRL:00><N:＄:1:05><CTRL:00><N:ъ:14:1A><CTRL:00>な<CTRL:00>が<CTRL:00>1<CTRL:00>い<CTRL:00><N:３:14:19><CTRL:00>が<CTRL:00> <CTRL:00><N:＆:4:07><CTRL:00><N:ъ:14:1A><CTRL:00>が<CTRL:00><N:＆:4:07><CTRL:00><N:＆:4:07><CTRL:00>い<CTRL:00>は<CTRL:00>！<CTRL:00><N:＆:4:07>
7/S7024.DAT,0x47B2C,49,medium,0,original,,,,,,敵<CTRL:00>う<CTRL:00>が<CTRL:00>1<CTRL:00><N:ъ:14:1A><CTRL:00><N:７:11:18><CTRL:00>が<CTRL:00><N:＄:1:05><CTRL:00><N:ъ:14:1A><CTRL:00>な<CTRL:00>が<CTRL:00>1<CTRL:00>い<CTRL:00><N:３:14:19><CTRL:00>が<CTRL:00> <CTRL:00><N:＆:4:07><CTRL:00><N:ъ:14:1A><CTRL:00>が<CTRL:00><N:＆:4:07><CTRL:00><N:＆:4:07><CTRL:00>い<CTRL:00>は<CTRL:00>！<CTRL:00><N:＆:4:07>
7/S7024.DAT,0x47B48,21,medium,0,original,,,,,,が<CTRL:00> <CTRL:00><N:＆:4:07><CTRL:00><N:ъ:14:1A><CTRL:00>が<CTRL:00><N:＆:4:07><CTRL:00><N:＆:4:07><CTRL:00>い<CTRL:00>は<CTRL:00>！<CTRL:00><N:＆:4:07>
7/S7024.DAT,0x47B70,13,medium,0,original,,,,,,風<CTRL:00>う<CTRL:00>り<CTRL:00><N:３:14:19><CTRL:00>備<CTRL:00>う<CTRL:00>が
7/S7024.DAT,0x47B78,5,medium,0,original,,,,,,備<CTRL:00>う<CTRL:00>が
7/S7024.DAT,0x47BD0,253,medium,0,original,,,,,,か<CTRL:00>が<CTRL:00> <CTRL:00><N:＆:4:07><CTRL:00><N:３:14:19><CTRL:00>る<CTRL:00>ル！が<CTRL:00><N:X:20:06><CTRL:00><N:７:11:18><CTRL:00>か<CTRL:00>が<CTRL:00> <CTRL:00><N:＆:4:07><CTRL:00><N:７:11:18><CTRL:00>が<CTRL:00><N:≠:16:04><CTRL:00><N:３:14:19><CTRL:00>か<CTRL:00>が<CTRL:00> <CTRL:00><N:＆:4:07><CTRL:00><N:３:14:19><CTRL:00>る<CTRL:00>ル！が<CTRL:00><N:X:20:06><CTRL:00><N:７:11:18><CTRL:00>か<CTRL:00>が<CTRL:00> <CTRL:00><N:＆:4:07><CTRL:00><N:７:11:18><CTRL:00>る<CTRL:00>ル！が<CTRL:00><N:≠:16:04><CTRL:00><N:７:11:18><CTRL:00>か<CTRL:00>が<CTRL:00> <CTRL:00><N:＆:4:07><CTRL:00><N:７:11:18><CTRL:00>が<CTRL:00><N:X:20:06><CTRL:00><N:３:14:19><CTRL:00>か<CTRL:00>が<CTRL:00> <CTRL:00><N:＆:4:07><CTRL:00><N:３:14:19><CTRL:00>る<CTRL:00>ル！が<CTRL:00><N:X:20:06><CTRL:00><N:３:14:19><CTRL:00>か<CTRL:00>が<CTRL:00> <CTRL:00><N:＆:4:07><CTRL:00><N:３:14:19><CTRL:00>る<CTRL:00>ル！が<CTRL:00><N:≠:16:04><CTRL:00><N:７:11:18><CTRL:00>か<CTRL:00>が<CTRL:00> <CTRL:00><N:＆:4:07><CTRL:00><N:７:11:18><CTRL:00>が<CTRL:00><N:X:20:06><CTRL:00><N:３:14:19><CTRL:00>か<CTRL:00>が<CTRL:00> <CTRL:00><N:＆:4:07><CTRL:00><N:３:14:19><CTRL:00>る<CTRL:00>ル！が<CTRL:00><N:≠:16:04><CTRL:00><N:７:11:18><CTRL:00>か<CTRL:00>が<CTRL:00> <CTRL:00><N:＆:4:07><CTRL:00><N:７:11:18><CTRL:00>る<CTRL:00>ル！が<CTRL:00><N:≠:16:04><CTRL:00><N:７:11:18><CTRL:00>か<CTRL:00>が<CTRL:00> <CTRL:00><N:＆:4:07><CTRL:00><N:７:11:18><CTRL:00>が<CTRL:00><N:≠:16:04><CTRL:00><N:３:14:19><CTRL:00>か<CTRL:00>が<CTRL:00> <CTRL:00><N:＆:4:07><CTRL:00><N:３:14:19><CTRL:00>に<CTRL:00>我 う<CTRL:00>る<CTRL:00>勝（が<CTRL:00><N:ﾉ:6:10><CTRL:00><N:．:2:0F><CTRL:00>、<CTRL:00>が<CTRL:00>’<CTRL:00><N:．:2:0F><CTRL:00>た<CTRL:00>が<CTRL:00> <CTRL:00><N:＆:4:07><CTRL:00><N:．:2:0F><CTRL:00>は<CTRL:00>”<CTRL:00><N:＆:4:07>
7/S7024.DAT,0x47BDA,243,medium,0,original,,,,,,る<CTRL:00>ル！が<CTRL:00><N:X:20:06><CTRL:00><N:７:11:18><CTRL:00>か<CTRL:00>が<CTRL:00> <CTRL:00><N:＆:4:07><CTRL:00><N:７:11:18><CTRL:00>が<CTRL:00><N:≠:16:04><CTRL:00><N:３:14:19><CTRL:00>か<CTRL:00>が<CTRL:00> <CTRL:00><N:＆:4:07><CTRL:00><N:３:14:19><CTRL:00>る<CTRL:00>ル！が<CTRL:00><N:X:20:06><CTRL:00><N:７:11:18><CTRL:00>か<CTRL:00>が<CTRL:00> <CTRL:00><N:＆:4:07><CTRL:00><N:７:11:18><CTRL:00>る<CTRL:00>ル！が<CTRL:00><N:≠:16:04><CTRL:00><N:７:11:18><CTRL:00>か<CTRL:00>が<CTRL:00> <CTRL:00><N:＆:4:07><CTRL:00><N:７:11:18><CTRL:00>が<CTRL:00><N:X:20:06><CTRL:00><N:３:14:19><CTRL:00>か<CTRL:00>が<CTRL:00> <CTRL:00><N:＆:4:07><CTRL:00><N:３:14:19><CTRL:00>る<CTRL:00>ル！が<CTRL:00><N:X:20:06><CTRL:00><N:３:14:19><CTRL:00>か<CTRL:00>が<CTRL:00> <CTRL:00><N:＆:4:07><CTRL:00><N:３:14:19><CTRL:00>る<CTRL:00>ル！が<CTRL:00><N:≠:16:04><CTRL:00><N:７:11:18><CTRL:00>か<CTRL:00>が<CTRL:00> <CTRL:00><N:＆:4:07><CTRL:00><N:７:11:18><CTRL:00>が<CTRL:00><N:X:20:06><CTRL:00><N:３:14:19><CTRL:00>か<CTRL:00>が<CTRL:00> <CTRL:00><N:＆:4:07><CTRL:00><N:３:14:19><CTRL:00>る<CTRL:00>ル！が<CTRL:00><N:≠:16:04><CTRL:00><N:７:11:18><CTRL:00>か<CTRL:00>が<CTRL:00> <CTRL:00><N:＆:4:07><CTRL:00><N:７:11:18><CTRL:00>る<CTRL:00>ル！が<CTRL:00><N:≠:16:04><CTRL:00><N:７:11:18><CTRL:00>か<CTRL:00>が<CTRL:00> <CTRL:00><N:＆:4:07><CTRL:00><N:７:11:18><CTRL:00>が<CTRL:00><N:≠:16:04><CTRL:00><N:３:14:19><CTRL:00>か<CTRL:00>が<CTRL:00> <CTRL:00><N:＆:4:07><CTRL:00><N:３:14:19><CTRL:00>に<CTRL:00>我 う<CTRL:00>る<CTRL:00>勝（が<CTRL:00><N:ﾉ:6:10><CTRL:00><N:．:2:0F><CTRL:00>、<CTRL:00>が<CTRL:00>’<CTRL:00><N:．:2:0F><CTRL:00>た<CTRL:00>が<CTRL:00> <CTRL:00><N:＆:4:07><CTRL:00><N:．:2:0F><CTRL:00>は<CTRL:00>”<CTRL:00><N:＆:4:07>
7/S7024.DAT,0x47BF4,217,medium,0,original,,,,,,か<CTRL:00>が<CTRL:00> <CTRL:00><N:＆:4:07><CTRL:00><N:３:14:19><CTRL:00>る<CTRL:00>ル！が<CTRL:00><N:X:20:06><CTRL:00><N:７:11:18><CTRL:00>か<CTRL:00>が<CTRL:00> <CTRL:00><N:＆:4:07><CTRL:00><N:７:11:18><CTRL:00>る<CTRL:00>ル！が<CTRL:00><N:≠:16:04><CTRL:00><N:７:11:18><CTRL:00>か<CTRL:00>が<CTRL:00> <CTRL:00><N:＆:4:07><CTRL:00><N:７:11:18><CTRL:00>が<CTRL:00><N:X:20:06><CTRL:00><N:３:14:19><CTRL:00>か<CTRL:00>が<CTRL:00> <CTRL:00><N:＆:4:07><CTRL:00><N:３:14:19><CTRL:00>る<CTRL:00>ル！が<CTRL:00><N:X:20:06><CTRL:00><N:３:14:19><CTRL:00>か<CTRL:00>が<CTRL:00> <CTRL:00><N:＆:4:07><CTRL:00><N:３:14:19><CTRL:00>る<CTRL:00>ル！が<CTRL:00><N:≠:16:04><CTRL:00><N:７:11:18><CTRL:00>か<CTRL:00>が<CTRL:00> <CTRL:00><N:＆:4:07><CTRL:00><N:７:11:18><CTRL:00>が<CTRL:00><N:X:20:06><CTRL:00><N:３:14:19><CTRL:00>か<CTRL:00>が<CTRL:00> <CTRL:00><N:＆:4:07><CTRL:00><N:３:14:19><CTRL:00>る<CTRL:00>ル！が<CTRL:00><N:≠:16:04><CTRL:00><N:７:11:18><CTRL:00>か<CTRL:00>が<CTRL:00> <CTRL:00><N:＆:4:07><CTRL:00><N:７:11:18><CTRL:00>る<CTRL:00>ル！が<CTRL:00><N:≠:16:04><CTRL:00><N:７:11:18><CTRL:00>か<CTRL:00>が<CTRL:00> <CTRL:00><N:＆:4:07><CTRL:00><N:７:11:18><CTRL:00>が<CTRL:00><N:≠:16:04><CTRL:00><N:３:14:19><CTRL:00>か<CTRL:00>が<CTRL:00> <CTRL:00><N:＆:4:07><CTRL:00><N:３:14:19><CTRL:00>に<CTRL:00>我 う<CTRL:00>る<CTRL:00>勝（が<CTRL:00><N:ﾉ:6:10><CTRL:00><N:．:2:0F><CTRL:00>、<CTRL:00>が<CTRL:00>’<CTRL:00><N:．:2:0F><CTRL:00>た<CTRL:00>が<CTRL:00> <CTRL:00><N:＆:4:07><CTRL:00><N:．:2:0F><CTRL:00>は<CTRL:00>”<CTRL:00><N:＆:4:07>
7/S7024.DAT,0x47BFE,207,medium,0,original,,,,,,る<CTRL:00>ル！が<CTRL:00><N:X:20:06><CTRL:00><N:７:11:18><CTRL:00>か<CTRL:00>が<CTRL:00> <CTRL:00><N:＆:4:07><CTRL:00><N:７:11:18><CTRL:00>る<CTRL:00>ル！が<CTRL:00><N:≠:16:04><CTRL:00><N:７:11:18><CTRL:00>か<CTRL:00>が<CTRL:00> <CTRL:00><N:＆:4:07><CTRL:00><N:７:11:18><CTRL:00>が<CTRL:00><N:X:20:06><CTRL:00><N:３:14:19><CTRL:00>か<CTRL:00>が<CTRL:00> <CTRL:00><N:＆:4:07><CTRL:00><N:３:14:19><CTRL:00>る<CTRL:00>ル！が<CTRL:00><N:X:20:06><CTRL:00><N:３:14:19><CTRL:00>か<CTRL:00>が<CTRL:00> <CTRL:00><N:＆:4:07><CTRL:00><N:３:14:19><CTRL:00>る<CTRL:00>ル！が<CTRL:00><N:≠:16:04><CTRL:00><N:７:11:18><CTRL:00>か<CTRL:00>が<CTRL:00> <CTRL:00><N:＆:4:07><CTRL:00><N:７:11:18><CTRL:00>が<CTRL:00><N:X:20:06><CTRL:00><N:３:14:19><CTRL:00>か<CTRL:00>が<CTRL:00> <CTRL:00><N:＆:4:07><CTRL:00><N:３:14:19><CTRL:00>る<CTRL:00>ル！が<CTRL:00><N:≠:16:04><CTRL:00><N:７:11:18><CTRL:00>か<CTRL:00>が<CTRL:00> <CTRL:00><N:＆:4:07><CTRL:00><N:７:11:18><CTRL:00>る<CTRL:00>ル！が<CTRL:00><N:≠:16:04><CTRL:00><N:７:11:18><CTRL:00>か<CTRL:00>が<CTRL:00> <CTRL:00><N:＆:4:07><CTRL:00><N:７:11:18><CTRL:00>が<CTRL:00><N:≠:16:04><CTRL:00><N:３:14:19><CTRL:00>か<CTRL:00>が<CTRL:00> <CTRL:00><N:＆:4:07><CTRL:00><N:３:14:19><CTRL:00>に<CTRL:00>我 う<CTRL:00>る<CTRL:00>勝（が<CTRL:00><N:ﾉ:6:10><CTRL:00><N:．:2:0F><CTRL:00>、<CTRL:00>が<CTRL:00>’<CTRL:00><N:．:2:0F><CTRL:00>た<CTRL:00>が<CTRL:00> <CTRL:00><N:＆:4:07><CTRL:00><N:．:2:0F><CTRL:00>は<CTRL:00>”<CTRL:00><N:＆:4:07>
7/S7024.DAT,0x47C2C,161,medium,0,original,,,,,,か<CTRL:00>が<CTRL:00> <CTRL:00><N:＆:4:07><CTRL:00><N:３:14:19><CTRL:00>る<CTRL:00>ル！が<CTRL:00><N:X:20:06><CTRL:00><N:３:14:19><CTRL:00>か<CTRL:00>が<CTRL:00> <CTRL:00><N:＆:4:07><CTRL:00><N:３:14:19><CTRL:00>る<CTRL:00>ル！が<CTRL:00><N:≠:16:04><CTRL:00><N:７:11:18><CTRL:00>か<CTRL:00>が<CTRL:00> <CTRL:00><N:＆:4:07><CTRL:00><N:７:11:18><CTRL:00>が<CTRL:00><N:X:20:06><CTRL:00><N:３:14:19><CTRL:00>か<CTRL:00>が<CTRL:00> <CTRL:00><N:＆:4:07><CTRL:00><N:３:14:19><CTRL:00>る<CTRL:00>ル！が<CTRL:00><N:≠:16:04><CTRL:00><N:７:11:18><CTRL:00>か<CTRL:00>が<CTRL:00> <CTRL:00><N:＆:4:07><CTRL:00><N:７:11:18><CTRL:00>る<CTRL:00>ル！が<CTRL:00><N:≠:16:04><CTRL:00><N:７:11:18><CTRL:00>か<CTRL:00>が<CTRL:00> <CTRL:00><N:＆:4:07><CTRL:00><N:７:11:18><CTRL:00>が<CTRL:00><N:≠:16:04><CTRL:00><N:３:14:19><CTRL:00>か<CTRL:00>が<CTRL:00> <CTRL:00><N:＆:4:07><CTRL:00><N:３:14:19><CTRL:00>に<CTRL:00>我 う<CTRL:00>る<CTRL:00>勝（が<CTRL:00><N:ﾉ:6:10><CTRL:00><N:．:2:0F><CTRL:00>、<CTRL:00>が<CTRL:00>’<CTRL:00><N:．:2:0F><CTRL:00>た<CTRL:00>が<CTRL:00> <CTRL:00><N:＆:4:07><CTRL:00><N:．:2:0F><CTRL:00>は<CTRL:00>”<CTRL:00><N:＆:4:07>
7/S7024.DAT,0x47C36,151,medium,0,original,,,,,,る<CTRL:00>ル！が<CTRL:00><N:X:20:06><CTRL:00><N:３:14:19><CTRL:00>か<CTRL:00>が<CTRL:00> <CTRL:00><N:＆:4:07><CTRL:00><N:３:14:19><CTRL:00>る<CTRL:00>ル！が<CTRL:00><N:≠:16:04><CTRL:00><N:７:11:18><CTRL:00>か<CTRL:00>が<CTRL:00> <CTRL:00><N:＆:4:07><CTRL:00><N:７:11:18><CTRL:00>が<CTRL:00><N:X:20:06><CTRL:00><N:３:14:19><CTRL:00>か<CTRL:00>が<CTRL:00> <CTRL:00><N:＆:4:07><CTRL:00><N:３:14:19><CTRL:00>る<CTRL:00>ル！が<CTRL:00><N:≠:16:04><CTRL:00><N:７:11:18><CTRL:00>か<CTRL:00>が<CTRL:00> <CTRL:00><N:＆:4:07><CTRL:00><N:７:11:18><CTRL:00>る<CTRL:00>ル！が<CTRL:00><N:≠:16:04><CTRL:00><N:７:11:18><CTRL:00>か<CTRL:00>が<CTRL:00> <CTRL:00><N:＆:4:07><CTRL:00><N:７:11:18><CTRL:00>が<CTRL:00><N:≠:16:04><CTRL:00><N:３:14:19><CTRL:00>か<CTRL:00>が<CTRL:00> <CTRL:00><N:＆:4:07><CTRL:00><N:３:14:19><CTRL:00>に<CTRL:00>我 う<CTRL:00>る<CTRL:00>勝（が<CTRL:00><N:ﾉ:6:10><CTRL:00><N:．:2:0F><CTRL:00>、<CTRL:00>が<CTRL:00>’<CTRL:00><N:．:2:0F><CTRL:00>た<CTRL:00>が<CTRL:00> <CTRL:00><N:＆:4:07><CTRL:00><N:．:2:0F><CTRL:00>は<CTRL:00>”<CTRL:00><N:＆:4:07>
7/S7024.DAT,0x47C40,141,medium,0,original,,,,,,か<CTRL:00>が<CTRL:00> <CTRL:00><N:＆:4:07><CTRL:00><N:３:14:19><CTRL:00>る<CTRL:00>ル！が<CTRL:00><N:≠:16:04><CTRL:00><N:７:11:18><CTRL:00>か<CTRL:00>が<CTRL:00> <CTRL:00><N:＆:4:07><CTRL:00><N:７:11:18><CTRL:00>が<CTRL:00><N:X:20:06><CTRL:00><N:３:14:19><CTRL:00>か<CTRL:00>が<CTRL:00> <CTRL:00><N:＆:4:07><CTRL:00><N:３:14:19><CTRL:00>る<CTRL:00>ル！が<CTRL:00><N:≠:16:04><CTRL:00><N:７:11:18><CTRL:00>か<CTRL:00>が<CTRL:00> <CTRL:00><N:＆:4:07><CTRL:00><N:７:11:18><CTRL:00>る<CTRL:00>ル！が<CTRL:00><N:≠:16:04><CTRL:00><N:７:11:18><CTRL:00>か<CTRL:00>が<CTRL:00> <CTRL:00><N:＆:4:07><CTRL:00><N:７:11:18><CTRL:00>が<CTRL:00><N:≠:16:04><CTRL:00><N:３:14:19><CTRL:00>か<CTRL:00>が<CTRL:00> <CTRL:00><N:＆:4:07><CTRL:00><N:３:14:19><CTRL:00>に<CTRL:00>我 う<CTRL:00>る<CTRL:00>勝（が<CTRL:00><N:ﾉ:6:10><CTRL:00><N:．:2:0F><CTRL:00>、<CTRL:00>が<CTRL:00>’<CTRL:00><N:．:2:0F><CTRL:00>た<CTRL:00>が<CTRL:00> <CTRL:00><N:＆:4:07><CTRL:00><N:．:2:0F><CTRL:00>は<CTRL:00>”<CTRL:00><N:＆:4:07>
7/S7024.DAT,0x47C4A,131,medium,0,original,,,,,,る<CTRL:00>ル！が<CTRL:00><N:≠:16:04><CTRL:00><N:７:11:18><CTRL:00>か<CTRL:00>が<CTRL:00> <CTRL:00><N:＆:4:07><CTRL:00><N:７:11:18><CTRL:00>が<CTRL:00><N:X:20:06><CTRL:00><N:３:14:19><CTRL:00>か<CTRL:00>が<CTRL:00> <CTRL:00><N:＆:4:07><CTRL:00><N:３:14:19><CTRL:00>る<CTRL:00>ル！が<CTRL:00><N:≠:16:04><CTRL:00><N:７:11:18><CTRL:00>か<CTRL:00>が<CTRL:00> <CTRL:00><N:＆:4:07><CTRL:00><N:７:11:18><CTRL:00>る<CTRL:00>ル！が<CTRL:00><N:≠:16:04><CTRL:00><N:７:11:18><CTRL:00>か<CTRL:00>が<CTRL:00> <CTRL:00><N:＆:4:07><CTRL:00><N:７:11:18><CTRL:00>が<CTRL:00><N:≠:16:04><CTRL:00><N:３:14:19><CTRL:00>か<CTRL:00>が<CTRL:00> <CTRL:00><N:＆:4:07><CTRL:00><N:３:14:19><CTRL:00>に<CTRL:00>我 う<CTRL:00>る<CTRL:00>勝（が<CTRL:00><N:ﾉ:6:10><CTRL:00><N:．:2:0F><CTRL:00>、<CTRL:00>が<CTRL:00>’<CTRL:00><N:．:2:0F><CTRL:00>た<CTRL:00>が<CTRL:00> <CTRL:00><N:＆:4:07><CTRL:00><N:．:2:0F><CTRL:00>は<CTRL:00>”<CTRL:00><N:＆:4:07>
7/S7024.DAT,0x47C64,105,medium,0,original,,,,,,か<CTRL:00>が<CTRL:00> <CTRL:00><N:＆:4:07><CTRL:00><N:３:14:19><CTRL:00>る<CTRL:00>ル！が<CTRL:00><N:≠:16:04><CTRL:00><N:７:11:18><CTRL:00>か<CTRL:00>が<CTRL:00> <CTRL:00><N:＆:4:07><CTRL:00><N:７:11:18><CTRL:00>る<CTRL:00>ル！が<CTRL:00><N:≠:16:04><CTRL:00><N:７:11:18><CTRL:00>か<CTRL:00>が<CTRL:00> <CTRL:00><N:＆:4:07><CTRL:00><N:７:11:18><CTRL:00>が<CTRL:00><N:≠:16:04><CTRL:00><N:３:14:19><CTRL:00>か<CTRL:00>が<CTRL:00> <CTRL:00><N:＆:4:07><CTRL:00><N:３:14:19><CTRL:00>に<CTRL:00>我 う<CTRL:00>る<CTRL:00>勝（が<CTRL:00><N:ﾉ:6:10><CTRL:00><N:．:2:0F><CTRL:00>、<CTRL:00>が<CTRL:00>’<CTRL:00><N:．:2:0F><CTRL:00>た<CTRL:00>が<CTRL:00> <CTRL:00><N:＆:4:07><CTRL:00><N:．:2:0F><CTRL:00>は<CTRL:00>”<CTRL:00><N:＆:4:07>
7/S7024.DAT,0x47C6E,95,medium,0,original,,,,,,る<CTRL:00>ル！が<CTRL:00><N:≠:16:04><CTRL:00><N:７:11:18><CTRL:00>か<CTRL:00>が<CTRL:00> <CTRL:00><N:＆:4:07><CTRL:00><N:７:11:18><CTRL:00>る<CTRL:00>ル！が<CTRL:00><N:≠:16:04><CTRL:00><N:７:11:18><CTRL:00>か<CTRL:00>が<CTRL:00> <CTRL:00><N:＆:4:07><CTRL:00><N:７:11:18><CTRL:00>が<CTRL:00><N:≠:16:04><CTRL:00><N:３:14:19><CTRL:00>か<CTRL:00>が<CTRL:00> <CTRL:00><N:＆:4:07><CTRL:00><N:３:14:19><CTRL:00>に<CTRL:00>我 う<CTRL:00>る<CTRL:00>勝（が<CTRL:00><N:ﾉ:6:10><CTRL:00><N:．:2:0F><CTRL:00>、<CTRL:00>が<CTRL:00>’<CTRL:00><N:．:2:0F><CTRL:00>た<CTRL:00>が<CTRL:00> <CTRL:00><N:＆:4:07><CTRL:00><N:．:2:0F><CTRL:00>は<CTRL:00>”<CTRL:00><N:＆:4:07>
7/S7024.DAT,0x47C9C,49,medium,0,original,,,,,,か<CTRL:00>が<CTRL:00> <CTRL:00><N:＆:4:07><CTRL:00><N:３:14:19><CTRL:00>に<CTRL:00>我 う<CTRL:00>る<CTRL:00>勝（が<CTRL:00><N:ﾉ:6:10><CTRL:00><N:．:2:0F><CTRL:00>、<CTRL:00>が<CTRL:00>’<CTRL:00><N:．:2:0F><CTRL:00>た<CTRL:00>が<CTRL:00> <CTRL:00><N:＆:4:07><CTRL:00><N:．:2:0F><CTRL:00>は<CTRL:00>”<CTRL:00><N:＆:4:07>
7/S7024.DAT,0x47CA6,39,medium,0,original,,,,,,に<CTRL:00>我 う<CTRL:00>る<CTRL:00>勝（が<CTRL:00><N:ﾉ:6:10><CTRL:00><N:．:2:0F><CTRL:00>、<CTRL:00>が<CTRL:00>’<CTRL:00><N:．:2:0F><CTRL:00>た<CTRL:00>が<CTRL:00> <CTRL:00><N:＆:4:07><CTRL:00><N:．:2:0F><CTRL:00>は<CTRL:00>”<CTRL:00><N:＆:4:07>
7/S7024.DAT,0x47D58,30,high,0,original,,,,,,こうたいしようか？ / <CTRL:E5>”こうたいする / <CTRL:E5>”こうたいしない
7/S7024.DAT,0x47E66,28,high,0,original,,,,,,こうたいする？ / <CTRL:E5>”こうたいする / <CTRL:E5>”こうたいしない
7/S7024.DAT,0x47F72,26,high,0,original,,,,,,おれかい？ / <CTRL:E5>”こうたいする / <CTRL:E5>”こうたいしない
7/S7024.DAT,0x4807C,26,high,0,original,,,,,,<G:D2:209>くだね？ / <CTRL:E5>”こうたいする / <CTRL:E5>”こうたいしない
7/S7024.DAT,0x48186,31,high,0,original,,,,,,こうたいしようかの？ / <CTRL:E5>”こうたいする / <CTRL:E5>”こうたいしない
7/S7024.DAT,0x48296,26,high,0,original,,,,,,かわるか？ / <CTRL:E5>”こうたいする / <CTRL:E5>”こうたいしない
7/S7024.DAT,0x483A0,31,high,0,original,,,,,,こうたいしようかね？ / <CTRL:E5>”こうたいする / <CTRL:E5>”こうたいしない
7/S7024.DAT,0x4843E,26,high,0,original,,,,,,ア<N:｣:11:65>テムがあります。 / <N:ｌ:5:5B>薬草へを見つけました。
7/S7024.DAT,0x4848E,17,high,0,original,,,,,,ここにあつたものはもうひろいました
7/S7024.DAT,0x484D8,42,high,0,original,,,,,,アナウンサー / 準決勝に参加されるのは<CTRL:E2> さんです。 / ご本人がおねがいします。
7/S7024.DAT,0x48536,42,high,0,original,,,,,,アナウンサー / 準決勝に参加されるのは<CTRL:E2>！さんです。 / ご本人がおねがいします。
7/S7024.DAT,0x48594,42,high,0,original,,,,,,アナウンサー / 準決勝に参加されるのは<CTRL:E2>”さんです。 / ご本人がおねがいします。
7/S7024.DAT,0x485F2,42,high,0,original,,,,,,アナウンサー / 準決勝に参加されるのは<CTRL:E2><N:≠:16:04>さんです。 / ご本人がおねがいします。
7/S7024.DAT,0x48650,42,high,0,original,,,,,,アナウンサー / 準決勝に参加されるのは<CTRL:E2><N:＄:1:05>さんです。 / ご本人がおねがいします。
7/S7024.DAT,0x486AE,42,high,0,original,,,,,,アナウンサー / 準決勝に参加されるのは<CTRL:E2><N:X:20:06>さんです。 / ご本人がおねがいします。
7/S7024.DAT,0x4870C,42,high,0,original,,,,,,アナウンサー / 準決勝に参加されるのは<CTRL:E2>’さんです。 / ご本人がおねがいします。
7/S7024.DAT,0x4876A,45,high,0,original,,,,,,大会委員 / このあたりともなると / 残つているのはうでじまんの / 強者ばかりです。
7/S7024.DAT,0x487D0,33,high,0,original,,,,,,大会委員 / 試合前には準備運動を<N:忘:1:DD48>れないで下さいね。
7/S7024.DAT,0x48824,38,high,0,original,,,,,,大会委員 / 試合<N:閂:11:DDE0>始直後に何もせすにたおれる人もいるんですよ。
7/S7024.DAT,0x4887E,27,high,0,original,,,,,,そんな人が出場するのがおかしいと思うんだけど・・？
7/S7024.DAT,0x488D2,58,high,0,original,,,,,,出場者 / おれは次の大会に出ようと思つているんだが、だんだん自信がなくなつてきたぞ。 / おまえは大丈夫か？
7/S7024.DAT,0x48940,20,high,0,original,,,,,,おれより弱いやつに会いに行く、つてか。
7/S7024.DAT,0x4898C,54,high,0,original,,,,,,出場者 / おまえもここまで残つたのか。 / なかなかやるな。 / だが、<N:ｌ:5:5B>トル<N:メ:6:DD5F>・デ・バンニへは強いぞ。
7/S7024.DAT,0x489F6,17,high,0,original,,,,,,こいつはいつたい何が言いたいんだ？
7/S7024.DAT,0x48A40,42,high,0,original,,,,,,出場者 / なさけないが負けてしまつた。 / ひととおり見てから帰ることにしよう。
7/S7024.DAT,0x48AAE,37,high,0,original,,,,,,大会委員 / 準決勝の準備はいいですか？ / <CTRL:E5>”はい / <CTRL:E5>”まだです
7/S7024.DAT,0x48B18,23,high,0,original,,,,,,大会委員 / 早く準備をしてきて下さい。
7/S7024.DAT,0x48B66,38,high,0,original,,,,,,大会委員 / 私の後ろに立たないで下さい。 / どうなつても知りませんよ。
7/S7024.DAT,0x4922A,34,high,0,original,,,,,,エントリーをやりなおしますか。 / <CTRL:E5>”やりなおす / <CTRL:E5>”つづける
7/S7024.DAT,0x49290,40,high,0,original,,,,,,1回戦からやりなおしになります。よろしいですか？ / <CTRL:E5>”はい / <CTRL:E5>”とんでもない
7/S7024.DAT,0x49324,20,high,0,original,,,,,,大会委員 / 闘技場へ入つて下さい。
7/S7025.DAT,0x479D4,21,medium,0,original,,,,,,が<CTRL:00> <CTRL:00><N:＆:4:07><CTRL:00><N:ъ:14:1A><CTRL:00>が<CTRL:00><N:＆:4:07><CTRL:00><N:＆:4:07><CTRL:00>い<CTRL:00>は<CTRL:00>！<CTRL:00><N:＆:4:07>
7/S7025.DAT,0x479FC,49,medium,0,original,,,,,,言<CTRL:00>う<CTRL:00>り<CTRL:00><N:３:14:19><CTRL:00>山<CTRL:00>う<CTRL:00>が<CTRL:00>1<CTRL:00>る<CTRL:00><N:７:11:18><CTRL:00>が<CTRL:00>1<CTRL:00>に<CTRL:00><N:３:14:19><CTRL:00>が<CTRL:00> <CTRL:00><N:＆:4:07><CTRL:00><N:ъ:14:1A><CTRL:00>が<CTRL:00><N:＆:4:07><CTRL:00><N:＆:4:07><CTRL:00>い<CTRL:00>は<CTRL:00>！<CTRL:00><N:＆:4:07>
7/S7025.DAT,0x47A04,41,medium,0,original,,,,,,山<CTRL:00>う<CTRL:00>が<CTRL:00>1<CTRL:00>る<CTRL:00><N:７:11:18><CTRL:00>が<CTRL:00>1<CTRL:00>に<CTRL:00><N:３:14:19><CTRL:00>が<CTRL:00> <CTRL:00><N:＆:4:07><CTRL:00><N:ъ:14:1A><CTRL:00>が<CTRL:00><N:＆:4:07><CTRL:00><N:＆:4:07><CTRL:00>い<CTRL:00>は<CTRL:00>！<CTRL:00><N:＆:4:07>
7/S7025.DAT,0x47A18,21,medium,0,original,,,,,,が<CTRL:00> <CTRL:00><N:＆:4:07><CTRL:00><N:ъ:14:1A><CTRL:00>が<CTRL:00><N:＆:4:07><CTRL:00><N:＆:4:07><CTRL:00>い<CTRL:00>は<CTRL:00>！<CTRL:00><N:＆:4:07>
7/S7025.DAT,0x47A40,57,medium,0,original,,,,,,参<CTRL:00>う<CTRL:00>り<CTRL:00><N:３:14:19><CTRL:00>バ<CTRL:00>う<CTRL:00>が<CTRL:00><N:ﾉ:6:10><CTRL:00><N:ъ:14:1A><CTRL:00><N:７:11:18><CTRL:00>が<CTRL:00><N:＄:1:05><CTRL:00><N:ъ:14:1A><CTRL:00>の<CTRL:00>が<CTRL:00><N:ﾉ:6:10><CTRL:00>い<CTRL:00><N:３:14:19><CTRL:00>が<CTRL:00> <CTRL:00><N:＆:4:07><CTRL:00><N:ъ:14:1A><CTRL:00>が<CTRL:00><N:＆:4:07><CTRL:00><N:＆:4:07><CTRL:00>い<CTRL:00>は<CTRL:00>！<CTRL:00><N:＆:4:07>
7/S7025.DAT,0x47A48,49,medium,0,original,,,,,,バ<CTRL:00>う<CTRL:00>が<CTRL:00><N:ﾉ:6:10><CTRL:00><N:ъ:14:1A><CTRL:00><N:７:11:18><CTRL:00>が<CTRL:00><N:＄:1:05><CTRL:00><N:ъ:14:1A><CTRL:00>の<CTRL:00>が<CTRL:00><N:ﾉ:6:10><CTRL:00>い<CTRL:00><N:３:14:19><CTRL:00>が<CTRL:00> <CTRL:00><N:＆:4:07><CTRL:00><N:ъ:14:1A><CTRL:00>が<CTRL:00><N:＆:4:07><CTRL:00><N:＆:4:07><CTRL:00>い<CTRL:00>は<CTRL:00>！<CTRL:00><N:＆:4:07>
7/S7025.DAT,0x47A64,21,medium,0,original,,,,,,が<CTRL:00> <CTRL:00><N:＆:4:07><CTRL:00><N:ъ:14:1A><CTRL:00>が<CTRL:00><N:＆:4:07><CTRL:00><N:＆:4:07><CTRL:00>い<CTRL:00>は<CTRL:00>！<CTRL:00><N:＆:4:07>
7/S7025.DAT,0x47AA0,21,medium,0,original,,,,,,が<CTRL:00> <CTRL:00><N:＆:4:07><CTRL:00><N:ъ:14:1A><CTRL:00>が<CTRL:00><N:＆:4:07><CTRL:00><N:＆:4:07><CTRL:00>い<CTRL:00>は<CTRL:00>！<CTRL:00><N:＆:4:07>
7/S7025.DAT,0x47AC8,65,medium,0,original,,,,,,フ<CTRL:00>う<CTRL:00>り<CTRL:00><N:３:14:19><CTRL:00>世<CTRL:00>う<CTRL:00>り<CTRL:00><N:３:14:19><CTRL:00>上<CTRL:00>う<CTRL:00>が<CTRL:00>1<CTRL:00><N:ъ:14:1A><CTRL:00><N:７:11:18><CTRL:00>が<CTRL:00><N:＄:1:05><CTRL:00><N:ъ:14:1A><CTRL:00>な<CTRL:00>が<CTRL:00>1<CTRL:00>い<CTRL:00><N:３:14:19><CTRL:00>が<CTRL:00> <CTRL:00><N:＆:4:07><CTRL:00><N:ъ:14:1A><CTRL:00>が<CTRL:00><N:＆:4:07><CTRL:00><N:＆:4:07><CTRL:00>い<CTRL:00>は<CTRL:00>！<CTRL:00><N:＆:4:07>
7/S7025.DAT,0x47AD0,57,medium,0,original,,,,,,世<CTRL:00>う<CTRL:00>り<CTRL:00><N:３:14:19><CTRL:00>上<CTRL:00>う<CTRL:00>が<CTRL:00>1<CTRL:00><N:ъ:14:1A><CTRL:00><N:７:11:18><CTRL:00>が<CTRL:00><N:＄:1:05><CTRL:00><N:ъ:14:1A><CTRL:00>な<CTRL:00>が<CTRL:00>1<CTRL:00>い<CTRL:00><N:３:14:19><CTRL:00>が<CTRL:00> <CTRL:00><N:＆:4:07><CTRL:00><N:ъ:14:1A><CTRL:00>が<CTRL:00><N:＆:4:07><CTRL:00><N:＆:4:07><CTRL:00>い<CTRL:00>は<CTRL:00>！<CTRL:00><N:＆:4:07>
7/S7025.DAT,0x47AD8,49,medium,0,original,,,,,,上<CTRL:00>う<CTRL:00>が<CTRL:00>1<CTRL:00><N:ъ:14:1A><CTRL:00><N:７:11:18><CTRL:00>が<CTRL:00><N:＄:1:05><CTRL:00><N:ъ:14:1A><CTRL:00>な<CTRL:00>が<CTRL:00>1<CTRL:00>い<CTRL:00><N:３:14:19><CTRL:00>が<CTRL:00> <CTRL:00><N:＆:4:07><CTRL:00><N:ъ:14:1A><CTRL:00>が<CTRL:00><N:＆:4:07><CTRL:00><N:＆:4:07><CTRL:00>い<CTRL:00>は<CTRL:00>！<CTRL:00><N:＆:4:07>
7/S7025.DAT,0x47AF4,21,medium,0,original,,,,,,が<CTRL:00> <CTRL:00><N:＆:4:07><CTRL:00><N:ъ:14:1A><CTRL:00>が<CTRL:00><N:＆:4:07><CTRL:00><N:＆:4:07><CTRL:00>い<CTRL:00>は<CTRL:00>！<CTRL:00><N:＆:4:07>
7/S7025.DAT,0x47B1C,65,medium,0,original,,,,,,聞<CTRL:00>う<CTRL:00>り<CTRL:00><N:３:14:19><CTRL:00>ム<CTRL:00>う<CTRL:00>り<CTRL:00><N:３:14:19><CTRL:00>敵<CTRL:00>う<CTRL:00>が<CTRL:00>1<CTRL:00><N:ъ:14:1A><CTRL:00><N:７:11:18><CTRL:00>が<CTRL:00><N:＄:1:05><CTRL:00><N:ъ:14:1A><CTRL:00>な<CTRL:00>が<CTRL:00>1<CTRL:00>い<CTRL:00><N:３:14:19><CTRL:00>が<CTRL:00> <CTRL:00><N:＆:4:07><CTRL:00><N:ъ:14:1A><CTRL:00>が<CTRL:00><N:＆:4:07><CTRL:00><N:＆:4:07><CTRL:00>い<CTRL:00>は<CTRL:00>！<CTRL:00><N:＆:4:07>
7/S7025.DAT,0x47B24,57,medium,0,original,,,,,,ム<CTRL:00>う<CTRL:00>り<CTRL:00><N:３:14:19><CTRL:00>敵<CTRL:00>う<CTRL:00>が<CTRL:00>1<CTRL:00><N:ъ:14:1A><CTRL:00><N:７:11:18><CTRL:00>が<CTRL:00><N:＄:1:05><CTRL:00><N:ъ:14:1A><CTRL:00>な<CTRL:00>が<CTRL:00>1<CTRL:00>い<CTRL:00><N:３:14:19><CTRL:00>が<CTRL:00> <CTRL:00><N:＆:4:07><CTRL:00><N:ъ:14:1A><CTRL:00>が<CTRL:00><N:＆:4:07><CTRL:00><N:＆:4:07><CTRL:00>い<CTRL:00>は<CTRL:00>！<CTRL:00><N:＆:4:07>
7/S7025.DAT,0x47B2C,49,medium,0,original,,,,,,敵<CTRL:00>う<CTRL:00>が<CTRL:00>1<CTRL:00><N:ъ:14:1A><CTRL:00><N:７:11:18><CTRL:00>が<CTRL:00><N:＄:1:05><CTRL:00><N:ъ:14:1A><CTRL:00>な<CTRL:00>が<CTRL:00>1<CTRL:00>い<CTRL:00><N:３:14:19><CTRL:00>が<CTRL:00> <CTRL:00><N:＆:4:07><CTRL:00><N:ъ:14:1A><CTRL:00>が<CTRL:00><N:＆:4:07><CTRL:00><N:＆:4:07><CTRL:00>い<CTRL:00>は<CTRL:00>！<CTRL:00><N:＆:4:07>
7/S7025.DAT,0x47B48,21,medium,0,original,,,,,,が<CTRL:00> <CTRL:00><N:＆:4:07><CTRL:00><N:ъ:14:1A><CTRL:00>が<CTRL:00><N:＆:4:07><CTRL:00><N:＆:4:07><CTRL:00>い<CTRL:00>は<CTRL:00>！<CTRL:00><N:＆:4:07>
7/S7025.DAT,0x47B70,13,medium,0,original,,,,,,風<CTRL:00>う<CTRL:00>り<CTRL:00><N:３:14:19><CTRL:00>備<CTRL:00>う<CTRL:00>が
7/S7025.DAT,0x47B78,5,medium,0,original,,,,,,備<CTRL:00>う<CTRL:00>が
7/S7025.DAT,0x47BD0,225,medium,0,original,,,,,,か<CTRL:00>が<CTRL:00> <CTRL:00><N:＆:4:07><CTRL:00><N:３:14:19><CTRL:00>る<CTRL:00>ル！が<CTRL:00><N:X:20:06><CTRL:00><N:７:11:18><CTRL:00>か<CTRL:00>が<CTRL:00> <CTRL:00><N:＆:4:07><CTRL:00><N:７:11:18><CTRL:00>が<CTRL:00><N:≠:16:04><CTRL:00><N:３:14:19><CTRL:00>か<CTRL:00>が<CTRL:00> <CTRL:00><N:＆:4:07><CTRL:00><N:３:14:19><CTRL:00>る<CTRL:00>ル！が<CTRL:00><N:X:20:06><CTRL:00><N:７:11:18><CTRL:00>か<CTRL:00>が<CTRL:00> <CTRL:00><N:＆:4:07><CTRL:00><N:７:11:18><CTRL:00>る<CTRL:00>ル！が<CTRL:00><N:≠:16:04><CTRL:00><N:７:11:18><CTRL:00>か<CTRL:00>が<CTRL:00> <CTRL:00><N:＆:4:07><CTRL:00><N:７:11:18><CTRL:00>が<CTRL:00><N:X:20:06><CTRL:00><N:３:14:19><CTRL:00>か<CTRL:00>が<CTRL:00> <CTRL:00><N:＆:4:07><CTRL:00><N:３:14:19><CTRL:00>る<CTRL:00>ル！が<CTRL:00><N:X:20:06><CTRL:00><N:３:14:19><CTRL:00>か<CTRL:00>が<CTRL:00> <CTRL:00><N:＆:4:07><CTRL:00><N:３:14:19><CTRL:00>る<CTRL:00>ル！が<CTRL:00><N:≠:16:04><CTRL:00><N:７:11:18><CTRL:00>か<CTRL:00>が<CTRL:00> <CTRL:00><N:＆:4:07><CTRL:00><N:７:11:18><CTRL:00>が<CTRL:00><N:X:20:06><CTRL:00><N:３:14:19><CTRL:00>か<CTRL:00>が<CTRL:00> <CTRL:00><N:＆:4:07><CTRL:00><N:３:14:19><CTRL:00>る<CTRL:00>ル！が<CTRL:00><N:≠:16:04><CTRL:00><N:７:11:18><CTRL:00>か<CTRL:00>が<CTRL:00> <CTRL:00><N:＆:4:07><CTRL:00><N:７:11:18><CTRL:00>る<CTRL:00>ル！が<CTRL:00><N:≠:16:04><CTRL:00><N:７:11:18><CTRL:00>か<CTRL:00>が<CTRL:00> <CTRL:00><N:＆:4:07><CTRL:00><N:７:11:18><CTRL:00>が<CTRL:00><N:≠:16:04><CTRL:00><N:３:14:19><CTRL:00>か<CTRL:00>が<CTRL:00> <CTRL:00><N:＆:4:07><CTRL:00><N:３:14:19><CTRL:00>に<CTRL:00>我 う<CTRL:00>る<CTRL:00>持て
7/S7025.DAT,0x47BDA,215,medium,0,original,,,,,,る<CTRL:00>ル！が<CTRL:00><N:X:20:06><CTRL:00><N:７:11:18><CTRL:00>か<CTRL:00>が<CTRL:00> <CTRL:00><N:＆:4:07><CTRL:00><N:７:11:18><CTRL:00>が<CTRL:00><N:≠:16:04><CTRL:00><N:３:14:19><CTRL:00>か<CTRL:00>が<CTRL:00> <CTRL:00><N:＆:4:07><CTRL:00><N:３:14:19><CTRL:00>る<CTRL:00>ル！が<CTRL:00><N:X:20:06><CTRL:00><N:７:11:18><CTRL:00>か<CTRL:00>が<CTRL:00> <CTRL:00><N:＆:4:07><CTRL:00><N:７:11:18><CTRL:00>る<CTRL:00>ル！が<CTRL:00><N:≠:16:04><CTRL:00><N:７:11:18><CTRL:00>か<CTRL:00>が<CTRL:00> <CTRL:00><N:＆:4:07><CTRL:00><N:７:11:18><CTRL:00>が<CTRL:00><N:X:20:06><CTRL:00><N:３:14:19><CTRL:00>か<CTRL:00>が<CTRL:00> <CTRL:00><N:＆:4:07><CTRL:00><N:３:14:19><CTRL:00>る<CTRL:00>ル！が<CTRL:00><N:X:20:06><CTRL:00><N:３:14:19><CTRL:00>か<CTRL:00>が<CTRL:00> <CTRL:00><N:＆:4:07><CTRL:00><N:３:14:19><CTRL:00>る<CTRL:00>ル！が<CTRL:00><N:≠:16:04><CTRL:00><N:７:11:18><CTRL:00>か<CTRL:00>が<CTRL:00> <CTRL:00><N:＆:4:07><CTRL:00><N:７:11:18><CTRL:00>が<CTRL:00><N:X:20:06><CTRL:00><N:３:14:19><CTRL:00>か<CTRL:00>が<CTRL:00> <CTRL:00><N:＆:4:07><CTRL:00><N:３:14:19><CTRL:00>る<CTRL:00>ル！が<CTRL:00><N:≠:16:04><CTRL:00><N:７:11:18><CTRL:00>か<CTRL:00>が<CTRL:00> <CTRL:00><N:＆:4:07><CTRL:00><N:７:11:18><CTRL:00>る<CTRL:00>ル！が<CTRL:00><N:≠:16:04><CTRL:00><N:７:11:18><CTRL:00>か<CTRL:00>が<CTRL:00> <CTRL:00><N:＆:4:07><CTRL:00><N:７:11:18><CTRL:00>が<CTRL:00><N:≠:16:04><CTRL:00><N:３:14:19><CTRL:00>か<CTRL:00>が<CTRL:00> <CTRL:00><N:＆:4:07><CTRL:00><N:３:14:19><CTRL:00>に<CTRL:00>我 う<CTRL:00>る<CTRL:00>持て
7/S7025.DAT,0x47BF4,189,medium,0,original,,,,,,か<CTRL:00>が<CTRL:00> <CTRL:00><N:＆:4:07><CTRL:00><N:３:14:19><CTRL:00>る<CTRL:00>ル！が<CTRL:00><N:X:20:06><CTRL:00><N:７:11:18><CTRL:00>か<CTRL:00>が<CTRL:00> <CTRL:00><N:＆:4:07><CTRL:00><N:７:11:18><CTRL:00>る<CTRL:00>ル！が<CTRL:00><N:≠:16:04><CTRL:00><N:７:11:18><CTRL:00>か<CTRL:00>が<CTRL:00> <CTRL:00><N:＆:4:07><CTRL:00><N:７:11:18><CTRL:00>が<CTRL:00><N:X:20:06><CTRL:00><N:３:14:19><CTRL:00>か<CTRL:00>が<CTRL:00> <CTRL:00><N:＆:4:07><CTRL:00><N:３:14:19><CTRL:00>る<CTRL:00>ル！が<CTRL:00><N:X:20:06><CTRL:00><N:３:14:19><CTRL:00>か<CTRL:00>が<CTRL:00> <CTRL:00><N:＆:4:07><CTRL:00><N:３:14:19><CTRL:00>る<CTRL:00>ル！が<CTRL:00><N:≠:16:04><CTRL:00><N:７:11:18><CTRL:00>か<CTRL:00>が<CTRL:00> <CTRL:00><N:＆:4:07><CTRL:00><N:７:11:18><CTRL:00>が<CTRL:00><N:X:20:06><CTRL:00><N:３:14:19><CTRL:00>か<CTRL:00>が<CTRL:00> <CTRL:00><N:＆:4:07><CTRL:00><N:３:14:19><CTRL:00>る<CTRL:00>ル！が<CTRL:00><N:≠:16:04><CTRL:00><N:７:11:18><CTRL:00>か<CTRL:00>が<CTRL:00> <CTRL:00><N:＆:4:07><CTRL:00><N:７:11:18><CTRL:00>る<CTRL:00>ル！が<CTRL:00><N:≠:16:04><CTRL:00><N:７:11:18><CTRL:00>か<CTRL:00>が<CTRL:00> <CTRL:00><N:＆:4:07><CTRL:00><N:７:11:18><CTRL:00>が<CTRL:00><N:≠:16:04><CTRL:00><N:３:14:19><CTRL:00>か<CTRL:00>が<CTRL:00> <CTRL:00><N:＆:4:07><CTRL:00><N:３:14:19><CTRL:00>に<CTRL:00>我 う<CTRL:00>る<CTRL:00>持て
7/S7025.DAT,0x47BFE,179,medium,0,original,,,,,,る<CTRL:00>ル！が<CTRL:00><N:X:20:06><CTRL:00><N:７:11:18><CTRL:00>か<CTRL:00>が<CTRL:00> <CTRL:00><N:＆:4:07><CTRL:00><N:７:11:18><CTRL:00>る<CTRL:00>ル！が<CTRL:00><N:≠:16:04><CTRL:00><N:７:11:18><CTRL:00>か<CTRL:00>が<CTRL:00> <CTRL:00><N:＆:4:07><CTRL:00><N:７:11:18><CTRL:00>が<CTRL:00><N:X:20:06><CTRL:00><N:３:14:19><CTRL:00>か<CTRL:00>が<CTRL:00> <CTRL:00><N:＆:4:07><CTRL:00><N:３:14:19><CTRL:00>る<CTRL:00>ル！が<CTRL:00><N:X:20:06><CTRL:00><N:３:14:19><CTRL:00>か<CTRL:00>が<CTRL:00> <CTRL:00><N:＆:4:07><CTRL:00><N:３:14:19><CTRL:00>る<CTRL:00>ル！が<CTRL:00><N:≠:16:04><CTRL:00><N:７:11:18><CTRL:00>か<CTRL:00>が<CTRL:00> <CTRL:00><N:＆:4:07><CTRL:00><N:７:11:18><CTRL:00>が<CTRL:00><N:X:20:06><CTRL:00><N:３:14:19><CTRL:00>か<CTRL:00>が<CTRL:00> <CTRL:00><N:＆:4:07><CTRL:00><N:３:14:19><CTRL:00>る<CTRL:00>ル！が<CTRL:00><N:≠:16:04><CTRL:00><N:７:11:18><CTRL:00>か<CTRL:00>が<CTRL:00> <CTRL:00><N:＆:4:07><CTRL:00><N:７:11:18><CTRL:00>る<CTRL:00>ル！が<CTRL:00><N:≠:16:04><CTRL:00><N:７:11:18><CTRL:00>か<CTRL:00>が<CTRL:00> <CTRL:00><N:＆:4:07><CTRL:00><N:７:11:18><CTRL:00>が<CTRL:00><N:≠:16:04><CTRL:00><N:３:14:19><CTRL:00>か<CTRL:00>が<CTRL:00> <CTRL:00><N:＆:4:07><CTRL:00><N:３:14:19><CTRL:00>に<CTRL:00>我 う<CTRL:00>る<CTRL:00>持て
7/S7025.DAT,0x47C2C,133,medium,0,original,,,,,,か<CTRL:00>が<CTRL:00> <CTRL:00><N:＆:4:07><CTRL:00><N:３:14:19><CTRL:00>る<CTRL:00>ル！が<CTRL:00><N:X:20:06><CTRL:00><N:３:14:19><CTRL:00>か<CTRL:00>が<CTRL:00> <CTRL:00><N:＆:4:07><CTRL:00><N:３:14:19><CTRL:00>る<CTRL:00>ル！が<CTRL:00><N:≠:16:04><CTRL:00><N:７:11:18><CTRL:00>か<CTRL:00>が<CTRL:00> <CTRL:00><N:＆:4:07><CTRL:00><N:７:11:18><CTRL:00>が<CTRL:00><N:X:20:06><CTRL:00><N:３:14:19><CTRL:00>か<CTRL:00>が<CTRL:00> <CTRL:00><N:＆:4:07><CTRL:00><N:３:14:19><CTRL:00>る<CTRL:00>ル！が<CTRL:00><N:≠:16:04><CTRL:00><N:７:11:18><CTRL:00>か<CTRL:00>が<CTRL:00> <CTRL:00><N:＆:4:07><CTRL:00><N:７:11:18><CTRL:00>る<CTRL:00>ル！が<CTRL:00><N:≠:16:04><CTRL:00><N:７:11:18><CTRL:00>か<CTRL:00>が<CTRL:00> <CTRL:00><N:＆:4:07><CTRL:00><N:７:11:18><CTRL:00>が<CTRL:00><N:≠:16:04><CTRL:00><N:３:14:19><CTRL:00>か<CTRL:00>が<CTRL:00> <CTRL:00><N:＆:4:07><CTRL:00><N:３:14:19><CTRL:00>に<CTRL:00>我 う<CTRL:00>る<CTRL:00>持て
7/S7025.DAT,0x47C36,123,medium,0,original,,,,,,る<CTRL:00>ル！が<CTRL:00><N:X:20:06><CTRL:00><N:３:14:19><CTRL:00>か<CTRL:00>が<CTRL:00> <CTRL:00><N:＆:4:07><CTRL:00><N:３:14:19><CTRL:00>る<CTRL:00>ル！が<CTRL:00><N:≠:16:04><CTRL:00><N:７:11:18><CTRL:00>か<CTRL:00>が<CTRL:00> <CTRL:00><N:＆:4:07><CTRL:00><N:７:11:18><CTRL:00>が<CTRL:00><N:X:20:06><CTRL:00><N:３:14:19><CTRL:00>か<CTRL:00>が<CTRL:00> <CTRL:00><N:＆:4:07><CTRL:00><N:３:14:19><CTRL:00>る<CTRL:00>ル！が<CTRL:00><N:≠:16:04><CTRL:00><N:７:11:18><CTRL:00>か<CTRL:00>が<CTRL:00> <CTRL:00><N:＆:4:07><CTRL:00><N:７:11:18><CTRL:00>る<CTRL:00>ル！が<CTRL:00><N:≠:16:04><CTRL:00><N:７:11:18><CTRL:00>か<CTRL:00>が<CTRL:00> <CTRL:00><N:＆:4:07><CTRL:00><N:７:11:18><CTRL:00>が<CTRL:00><N:≠:16:04><CTRL:00><N:３:14:19><CTRL:00>か<CTRL:00>が<CTRL:00> <CTRL:00><N:＆:4:07><CTRL:00><N:３:14:19><CTRL:00>に<CTRL:00>我 う<CTRL:00>る<CTRL:00>持て
7/S7025.DAT,0x47C40,113,medium,0,original,,,,,,か<CTRL:00>が<CTRL:00> <CTRL:00><N:＆:4:07><CTRL:00><N:３:14:19><CTRL:00>る<CTRL:00>ル！が<CTRL:00><N:≠:16:04><CTRL:00><N:７:11:18><CTRL:00>か<CTRL:00>が<CTRL:00> <CTRL:00><N:＆:4:07><CTRL:00><N:７:11:18><CTRL:00>が<CTRL:00><N:X:20:06><CTRL:00><N:３:14:19><CTRL:00>か<CTRL:00>が<CTRL:00> <CTRL:00><N:＆:4:07><CTRL:00><N:３:14:19><CTRL:00>る<CTRL:00>ル！が<CTRL:00><N:≠:16:04><CTRL:00><N:７:11:18><CTRL:00>か<CTRL:00>が<CTRL:00> <CTRL:00><N:＆:4:07><CTRL:00><N:７:11:18><CTRL:00>る<CTRL:00>ル！が<CTRL:00><N:≠:16:04><CTRL:00><N:７:11:18><CTRL:00>か<CTRL:00>が<CTRL:00> <CTRL:00><N:＆:4:07><CTRL:00><N:７:11:18><CTRL:00>が<CTRL:00><N:≠:16:04><CTRL:00><N:３:14:19><CTRL:00>か<CTRL:00>が<CTRL:00> <CTRL:00><N:＆:4:07><CTRL:00><N:３:14:19><CTRL:00>に<CTRL:00>我 う<CTRL:00>る<CTRL:00>持て
7/S7025.DAT,0x47C4A,103,medium,0,original,,,,,,る<CTRL:00>ル！が<CTRL:00><N:≠:16:04><CTRL:00><N:７:11:18><CTRL:00>か<CTRL:00>が<CTRL:00> <CTRL:00><N:＆:4:07><CTRL:00><N:７:11:18><CTRL:00>が<CTRL:00><N:X:20:06><CTRL:00><N:３:14:19><CTRL:00>か<CTRL:00>が<CTRL:00> <CTRL:00><N:＆:4:07><CTRL:00><N:３:14:19><CTRL:00>る<CTRL:00>ル！が<CTRL:00><N:≠:16:04><CTRL:00><N:７:11:18><CTRL:00>か<CTRL:00>が<CTRL:00> <CTRL:00><N:＆:4:07><CTRL:00><N:７:11:18><CTRL:00>る<CTRL:00>ル！が<CTRL:00><N:≠:16:04><CTRL:00><N:７:11:18><CTRL:00>か<CTRL:00>が<CTRL:00> <CTRL:00><N:＆:4:07><CTRL:00><N:７:11:18><CTRL:00>が<CTRL:00><N:≠:16:04><CTRL:00><N:３:14:19><CTRL:00>か<CTRL:00>が<CTRL:00> <CTRL:00><N:＆:4:07><CTRL:00><N:３:14:19><CTRL:00>に<CTRL:00>我 う<CTRL:00>る<CTRL:00>持て
7/S7025.DAT,0x47C64,77,medium,0,original,,,,,,か<CTRL:00>が<CTRL:00> <CTRL:00><N:＆:4:07><CTRL:00><N:３:14:19><CTRL:00>る<CTRL:00>ル！が<CTRL:00><N:≠:16:04><CTRL:00><N:７:11:18><CTRL:00>か<CTRL:00>が<CTRL:00> <CTRL:00><N:＆:4:07><CTRL:00><N:７:11:18><CTRL:00>る<CTRL:00>ル！が<CTRL:00><N:≠:16:04><CTRL:00><N:７:11:18><CTRL:00>か<CTRL:00>が<CTRL:00> <CTRL:00><N:＆:4:07><CTRL:00><N:７:11:18><CTRL:00>が<CTRL:00><N:≠:16:04><CTRL:00><N:３:14:19><CTRL:00>か<CTRL:00>が<CTRL:00> <CTRL:00><N:＆:4:07><CTRL:00><N:３:14:19><CTRL:00>に<CTRL:00>我 う<CTRL:00>る<CTRL:00>持て
7/S7025.DAT,0x47C6E,67,medium,0,original,,,,,,る<CTRL:00>ル！が<CTRL:00><N:≠:16:04><CTRL:00><N:７:11:18><CTRL:00>か<CTRL:00>が<CTRL:00> <CTRL:00><N:＆:4:07><CTRL:00><N:７:11:18><CTRL:00>る<CTRL:00>ル！が<CTRL:00><N:≠:16:04><CTRL:00><N:７:11:18><CTRL:00>か<CTRL:00>が<CTRL:00> <CTRL:00><N:＆:4:07><CTRL:00><N:７:11:18><CTRL:00>が<CTRL:00><N:≠:16:04><CTRL:00><N:３:14:19><CTRL:00>か<CTRL:00>が<CTRL:00> <CTRL:00><N:＆:4:07><CTRL:00><N:３:14:19><CTRL:00>に<CTRL:00>我 う<CTRL:00>る<CTRL:00>持て
7/S7025.DAT,0x47C9C,21,medium,0,original,,,,,,か<CTRL:00>が<CTRL:00> <CTRL:00><N:＆:4:07><CTRL:00><N:３:14:19><CTRL:00>に<CTRL:00>我 う<CTRL:00>る<CTRL:00>持て
7/S7025.DAT,0x47CA6,11,medium,0,original,,,,,,に<CTRL:00>我 う<CTRL:00>る<CTRL:00>持て
7/S7025.DAT,0x47CC8,40,high,0,original,,,,,,アナウンサー / 決勝に参加されるのは<CTRL:E2> さんです。 / ご本人がおねがいします。
7/S7025.DAT,0x47D24,40,high,0,original,,,,,,アナウンサー / 決勝に参加されるのは<CTRL:E2>！さんです。 / ご本人がおねがいします。
7/S7025.DAT,0x47D80,40,high,0,original,,,,,,アナウンサー / 決勝に参加されるのは<CTRL:E2>”さんです。 / ご本人がおねがいします。
7/S7025.DAT,0x47DDC,40,high,0,original,,,,,,アナウンサー / 決勝に参加されるのは<CTRL:E2><N:≠:16:04>さんです。 / ご本人がおねがいします。
7/S7025.DAT,0x47E38,40,high,0,original,,,,,,アナウンサー / 決勝に参加されるのは<CTRL:E2><N:＄:1:05>さんです。 / ご本人がおねがいします。
7/S7025.DAT,0x47E94,40,high,0,original,,,,,,アナウンサー / 決勝に参加されるのは<CTRL:E2><N:X:20:06>さんです。 / ご本人がおねがいします。
7/S7025.DAT,0x47EF0,40,high,0,original,,,,,,アナウンサー / 決勝に参加されるのは<CTRL:E2>’さんです。 / ご本人がおねがいします。
7/S7025.DAT,0x47FDC,30,high,0,original,,,,,,こうたいしようか？ / <CTRL:E5>”こうたいする / <CTRL:E5>”こうたいしない
7/S7025.DAT,0x480EA,27,high,0,original,,,,,,かわろうか？ / <CTRL:E5>”こうたいする / <CTRL:E5>”こうたいしない
7/S7025.DAT,0x481F6,29,high,0,original,,,,,,おれのばんだな？ / <CTRL:E5>”こうたいする / <CTRL:E5>”こうたいしない
7/S7025.DAT,0x48304,24,high,0,original,,,,,,<G:D2:209>く？ / <CTRL:E5>”こうたいする / <CTRL:E5>”こうたいしない
7/S7025.DAT,0x4840C,31,high,0,original,,,,,,わしかな、やつっり？ / <CTRL:E5>”こうたいする / <CTRL:E5>”こうたいしない
7/S7025.DAT,0x4851C,23,high,0,original,,,,,,む？ / <CTRL:E5>”こうたいする / <CTRL:E5>”こうたいしない
7/S7025.DAT,0x48624,31,high,0,original,,,,,,こうたい？こうたい？ / <CTRL:E5>”こうたいする / <CTRL:E5>”こうたいしない
7/S7025.DAT,0x486C2,26,high,0,original,,,,,,ア<N:｣:11:65>テムがあります。 / <N:ｌ:5:5B>薬草へを見つけました。
7/S7025.DAT,0x48712,17,high,0,original,,,,,,ここにあつたものはもうひろいました
7/S7025.DAT,0x4875C,36,high,0,original,,,,,,大会委員 / やつと決勝戦です。 / ここまできたら負けられませんね。
7/S7025.DAT,0x487B8,65,high,0,original,,,,,,大会委員 / 今回は今までになくせつせんでした。 / しかし、どちらが残つても、<N:ｌ:5:5B>トル<N:メ:6:DD5F>・デ・バンニへには勝てないでしょうね。
7/S7025.DAT,0x4882E,25,high,0,original,,,,,,・・えくす<G:DEB5:655>ろーおじょん！！（<N:怒:1:DE5D>）
7/S7025.DAT,0x48880,24,high,0,original,,,,,,出場者 / すつかり自信をなくしてしまつたよ。
7/S7025.DAT,0x488CC,6,high,0,original,,,,,,そうかのう。
7/S7025.DAT,0x48906,12,high,0,original,,,,,,そりゃわしのせりふじゃ。
7/S7025.DAT,0x4894A,55,high,0,original,,,,,,出場者 / 負けてしまつた・・。 / こういうこともあるだろうな。 / また明日からがんばればいいよな。
7/S7025.DAT,0x489BA,55,high,0,original,,,,,,出場者 / 戦いに強くなることだけが修行じゃない。本当に強くなるには、 / 心の鍛練も必要だ。
7/S7025.DAT,0x48A26,20,high,0,original,,,,,,そんなこと、言われなくても分かつてるさ。
7/S7025.DAT,0x48A6E,16,high,0,original,,,,,,これ、本当に分かつておるのか？
7/S7025.DAT,0x48AC2,35,high,0,original,,,,,,大会委員 / 決勝の準備はいいですか？ / <CTRL:E5>”はい / <CTRL:E5>”まだです
7/S7025.DAT,0x48B2A,23,high,0,original,,,,,,大会委員 / 早く準備をしてきて下さい。
7/S7025.DAT,0x48B78,36,high,0,original,,,,,,大会委員 / 私の後ろに立たないで下さい。どうなつても知りませんよ。
7/S7025.DAT,0x4923A,34,high,0,original,,,,,,エントリーをやりなおしますか。 / <CTRL:E5>”やりなおす / <CTRL:E5>”つづける
7/S7025.DAT,0x492A0,40,high,0,original,,,,,,1回戦からやりなおしになります。よろしいですか？ / <CTRL:E5>”はい / <CTRL:E5>”とんでもない
7/S7025.DAT,0x49334,20,high,0,original,,,,,,大会委員 / 闘技場へ入つて下さい。
7/S7026.DAT,0x479D4,21,medium,0,original,,,,,,が<CTRL:00> <CTRL:00><N:＆:4:07><CTRL:00><N:ъ:14:1A><CTRL:00>が<CTRL:00><N:＆:4:07><CTRL:00><N:＆:4:07><CTRL:00>い<CTRL:00>は<CTRL:00>！<CTRL:00><N:＆:4:07>
7/S7026.DAT,0x479FC,49,medium,0,original,,,,,,言<CTRL:00>う<CTRL:00>り<CTRL:00><N:３:14:19><CTRL:00>山<CTRL:00>う<CTRL:00>が<CTRL:00>1<CTRL:00>る<CTRL:00><N:７:11:18><CTRL:00>が<CTRL:00>1<CTRL:00>に<CTRL:00><N:３:14:19><CTRL:00>が<CTRL:00> <CTRL:00><N:＆:4:07><CTRL:00><N:ъ:14:1A><CTRL:00>が<CTRL:00><N:＆:4:07><CTRL:00><N:＆:4:07><CTRL:00>い<CTRL:00>は<CTRL:00>！<CTRL:00><N:＆:4:07>
7/S7026.DAT,0x47A04,41,medium,0,original,,,,,,山<CTRL:00>う<CTRL:00>が<CTRL:00>1<CTRL:00>る<CTRL:00><N:７:11:18><CTRL:00>が<CTRL:00>1<CTRL:00>に<CTRL:00><N:３:14:19><CTRL:00>が<CTRL:00> <CTRL:00><N:＆:4:07><CTRL:00><N:ъ:14:1A><CTRL:00>が<CTRL:00><N:＆:4:07><CTRL:00><N:＆:4:07><CTRL:00>い<CTRL:00>は<CTRL:00>！<CTRL:00><N:＆:4:07>
7/S7026.DAT,0x47A18,21,medium,0,original,,,,,,が<CTRL:00> <CTRL:00><N:＆:4:07><CTRL:00><N:ъ:14:1A><CTRL:00>が<CTRL:00><N:＆:4:07><CTRL:00><N:＆:4:07><CTRL:00>い<CTRL:00>は<CTRL:00>！<CTRL:00><N:＆:4:07>
7/S7026.DAT,0x47A40,57,medium,0,original,,,,,,参<CTRL:00>う<CTRL:00>り<CTRL:00><N:３:14:19><CTRL:00>バ<CTRL:00>う<CTRL:00>が<CTRL:00><N:ﾉ:6:10><CTRL:00><N:ъ:14:1A><CTRL:00><N:７:11:18><CTRL:00>が<CTRL:00><N:＄:1:05><CTRL:00><N:ъ:14:1A><CTRL:00>の<CTRL:00>が<CTRL:00><N:ﾉ:6:10><CTRL:00>い<CTRL:00><N:３:14:19><CTRL:00>が<CTRL:00> <CTRL:00><N:＆:4:07><CTRL:00><N:ъ:14:1A><CTRL:00>が<CTRL:00><N:＆:4:07><CTRL:00><N:＆:4:07><CTRL:00>い<CTRL:00>は<CTRL:00>！<CTRL:00><N:＆:4:07>
7/S7026.DAT,0x47A48,49,medium,0,original,,,,,,バ<CTRL:00>う<CTRL:00>が<CTRL:00><N:ﾉ:6:10><CTRL:00><N:ъ:14:1A><CTRL:00><N:７:11:18><CTRL:00>が<CTRL:00><N:＄:1:05><CTRL:00><N:ъ:14:1A><CTRL:00>の<CTRL:00>が<CTRL:00><N:ﾉ:6:10><CTRL:00>い<CTRL:00><N:３:14:19><CTRL:00>が<CTRL:00> <CTRL:00><N:＆:4:07><CTRL:00><N:ъ:14:1A><CTRL:00>が<CTRL:00><N:＆:4:07><CTRL:00><N:＆:4:07><CTRL:00>い<CTRL:00>は<CTRL:00>！<CTRL:00><N:＆:4:07>
7/S7026.DAT,0x47A64,21,medium,0,original,,,,,,が<CTRL:00> <CTRL:00><N:＆:4:07><CTRL:00><N:ъ:14:1A><CTRL:00>が<CTRL:00><N:＆:4:07><CTRL:00><N:＆:4:07><CTRL:00>い<CTRL:00>は<CTRL:00>！<CTRL:00><N:＆:4:07>
7/S7026.DAT,0x47AA0,21,medium,0,original,,,,,,が<CTRL:00> <CTRL:00><N:＆:4:07><CTRL:00><N:ъ:14:1A><CTRL:00>が<CTRL:00><N:＆:4:07><CTRL:00><N:＆:4:07><CTRL:00>い<CTRL:00>は<CTRL:00>！<CTRL:00><N:＆:4:07>
7/S7026.DAT,0x47AC8,65,medium,0,original,,,,,,フ<CTRL:00>う<CTRL:00>り<CTRL:00><N:３:14:19><CTRL:00>世<CTRL:00>う<CTRL:00>り<CTRL:00><N:３:14:19><CTRL:00>上<CTRL:00>う<CTRL:00>が<CTRL:00>1<CTRL:00><N:ъ:14:1A><CTRL:00><N:７:11:18><CTRL:00>が<CTRL:00><N:＄:1:05><CTRL:00><N:ъ:14:1A><CTRL:00>な<CTRL:00>が<CTRL:00>1<CTRL:00>い<CTRL:00><N:３:14:19><CTRL:00>が<CTRL:00> <CTRL:00><N:＆:4:07><CTRL:00><N:ъ:14:1A><CTRL:00>が<CTRL:00><N:＆:4:07><CTRL:00><N:＆:4:07><CTRL:00>い<CTRL:00>は<CTRL:00>！<CTRL:00><N:＆:4:07>
7/S7026.DAT,0x47AD0,57,medium,0,original,,,,,,世<CTRL:00>う<CTRL:00>り<CTRL:00><N:３:14:19><CTRL:00>上<CTRL:00>う<CTRL:00>が<CTRL:00>1<CTRL:00><N:ъ:14:1A><CTRL:00><N:７:11:18><CTRL:00>が<CTRL:00><N:＄:1:05><CTRL:00><N:ъ:14:1A><CTRL:00>な<CTRL:00>が<CTRL:00>1<CTRL:00>い<CTRL:00><N:３:14:19><CTRL:00>が<CTRL:00> <CTRL:00><N:＆:4:07><CTRL:00><N:ъ:14:1A><CTRL:00>が<CTRL:00><N:＆:4:07><CTRL:00><N:＆:4:07><CTRL:00>い<CTRL:00>は<CTRL:00>！<CTRL:00><N:＆:4:07>
7/S7026.DAT,0x47AD8,49,medium,0,original,,,,,,上<CTRL:00>う<CTRL:00>が<CTRL:00>1<CTRL:00><N:ъ:14:1A><CTRL:00><N:７:11:18><CTRL:00>が<CTRL:00><N:＄:1:05><CTRL:00><N:ъ:14:1A><CTRL:00>な<CTRL:00>が<CTRL:00>1<CTRL:00>い<CTRL:00><N:３:14:19><CTRL:00>が<CTRL:00> <CTRL:00><N:＆:4:07><CTRL:00><N:ъ:14:1A><CTRL:00>が<CTRL:00><N:＆:4:07><CTRL:00><N:＆:4:07><CTRL:00>い<CTRL:00>は<CTRL:00>！<CTRL:00><N:＆:4:07>
7/S7026.DAT,0x47AF4,21,medium,0,original,,,,,,が<CTRL:00> <CTRL:00><N:＆:4:07><CTRL:00><N:ъ:14:1A><CTRL:00>が<CTRL:00><N:＆:4:07><CTRL:00><N:＆:4:07><CTRL:00>い<CTRL:00>は<CTRL:00>！<CTRL:00><N:＆:4:07>
7/S7026.DAT,0x47B1C,65,medium,0,original,,,,,,聞<CTRL:00>う<CTRL:00>り<CTRL:00><N:３:14:19><CTRL:00>ム<CTRL:00>う<CTRL:00>り<CTRL:00><N:３:14:19><CTRL:00>敵<CTRL:00>う<CTRL:00>が<CTRL:00>1<CTRL:00><N:ъ:14:1A><CTRL:00><N:７:11:18><CTRL:00>が<CTRL:00><N:＄:1:05><CTRL:00><N:ъ:14:1A><CTRL:00>な<CTRL:00>が<CTRL:00>1<CTRL:00>い<CTRL:00><N:３:14:19><CTRL:00>が<CTRL:00> <CTRL:00><N:＆:4:07><CTRL:00><N:ъ:14:1A><CTRL:00>が<CTRL:00><N:＆:4:07><CTRL:00><N:＆:4:07><CTRL:00>い<CTRL:00>は<CTRL:00>！<CTRL:00><N:＆:4:07>
7/S7026.DAT,0x47B24,57,medium,0,original,,,,,,ム<CTRL:00>う<CTRL:00>り<CTRL:00><N:３:14:19><CTRL:00>敵<CTRL:00>う<CTRL:00>が<CTRL:00>1<CTRL:00><N:ъ:14:1A><CTRL:00><N:７:11:18><CTRL:00>が<CTRL:00><N:＄:1:05><CTRL:00><N:ъ:14:1A><CTRL:00>な<CTRL:00>が<CTRL:00>1<CTRL:00>い<CTRL:00><N:３:14:19><CTRL:00>が<CTRL:00> <CTRL:00><N:＆:4:07><CTRL:00><N:ъ:14:1A><CTRL:00>が<CTRL:00><N:＆:4:07><CTRL:00><N:＆:4:07><CTRL:00>い<CTRL:00>は<CTRL:00>！<CTRL:00><N:＆:4:07>
7/S7026.DAT,0x47B2C,49,medium,0,original,,,,,,敵<CTRL:00>う<CTRL:00>が<CTRL:00>1<CTRL:00><N:ъ:14:1A><CTRL:00><N:７:11:18><CTRL:00>が<CTRL:00><N:＄:1:05><CTRL:00><N:ъ:14:1A><CTRL:00>な<CTRL:00>が<CTRL:00>1<CTRL:00>い<CTRL:00><N:３:14:19><CTRL:00>が<CTRL:00> <CTRL:00><N:＆:4:07><CTRL:00><N:ъ:14:1A><CTRL:00>が<CTRL:00><N:＆:4:07><CTRL:00><N:＆:4:07><CTRL:00>い<CTRL:00>は<CTRL:00>！<CTRL:00><N:＆:4:07>
7/S7026.DAT,0x47B48,21,medium,0,original,,,,,,が<CTRL:00> <CTRL:00><N:＆:4:07><CTRL:00><N:ъ:14:1A><CTRL:00>が<CTRL:00><N:＆:4:07><CTRL:00><N:＆:4:07><CTRL:00>い<CTRL:00>は<CTRL:00>！<CTRL:00><N:＆:4:07>
7/S7026.DAT,0x47B70,13,medium,0,original,,,,,,風<CTRL:00>う<CTRL:00>り<CTRL:00><N:３:14:19><CTRL:00>備<CTRL:00>う<CTRL:00>が
7/S7026.DAT,0x47B78,5,medium,0,original,,,,,,備<CTRL:00>う<CTRL:00>が
7/S7026.DAT,0x47BD0,225,medium,0,original,,,,,,か<CTRL:00>が<CTRL:00> <CTRL:00><N:＆:4:07><CTRL:00><N:３:14:19><CTRL:00>る<CTRL:00>ル！が<CTRL:00><N:X:20:06><CTRL:00><N:７:11:18><CTRL:00>か<CTRL:00>が<CTRL:00> <CTRL:00><N:＆:4:07><CTRL:00><N:７:11:18><CTRL:00>が<CTRL:00><N:≠:16:04><CTRL:00><N:３:14:19><CTRL:00>か<CTRL:00>が<CTRL:00> <CTRL:00><N:＆:4:07><CTRL:00><N:３:14:19><CTRL:00>る<CTRL:00>ル！が<CTRL:00><N:X:20:06><CTRL:00><N:７:11:18><CTRL:00>か<CTRL:00>が<CTRL:00> <CTRL:00><N:＆:4:07><CTRL:00><N:７:11:18><CTRL:00>る<CTRL:00>ル！が<CTRL:00><N:≠:16:04><CTRL:00><N:７:11:18><CTRL:00>か<CTRL:00>が<CTRL:00> <CTRL:00><N:＆:4:07><CTRL:00><N:７:11:18><CTRL:00>が<CTRL:00><N:X:20:06><CTRL:00><N:３:14:19><CTRL:00>か<CTRL:00>が<CTRL:00> <CTRL:00><N:＆:4:07><CTRL:00><N:３:14:19><CTRL:00>る<CTRL:00>ル！が<CTRL:00><N:X:20:06><CTRL:00><N:３:14:19><CTRL:00>か<CTRL:00>が<CTRL:00> <CTRL:00><N:＆:4:07><CTRL:00><N:３:14:19><CTRL:00>る<CTRL:00>ル！が<CTRL:00><N:≠:16:04><CTRL:00><N:７:11:18><CTRL:00>か<CTRL:00>が<CTRL:00> <CTRL:00><N:＆:4:07><CTRL:00><N:７:11:18><CTRL:00>が<CTRL:00><N:X:20:06><CTRL:00><N:３:14:19><CTRL:00>か<CTRL:00>が<CTRL:00> <CTRL:00><N:＆:4:07><CTRL:00><N:３:14:19><CTRL:00>る<CTRL:00>ル！が<CTRL:00><N:≠:16:04><CTRL:00><N:７:11:18><CTRL:00>か<CTRL:00>が<CTRL:00> <CTRL:00><N:＆:4:07><CTRL:00><N:７:11:18><CTRL:00>る<CTRL:00>ル！が<CTRL:00><N:≠:16:04><CTRL:00><N:７:11:18><CTRL:00>か<CTRL:00>が<CTRL:00> <CTRL:00><N:＆:4:07><CTRL:00><N:７:11:18><CTRL:00>が<CTRL:00><N:≠:16:04><CTRL:00><N:３:14:19><CTRL:00>か<CTRL:00>が<CTRL:00> <CTRL:00><N:＆:4:07><CTRL:00><N:３:14:19><CTRL:00>に<CTRL:00>我 う<CTRL:00>る<CTRL:00>2<N:*:7:0B>て
7/S7026.DAT,0x47BDA,215,medium,0,original,,,,,,る<CTRL:00>ル！が<CTRL:00><N:X:20:06><CTRL:00><N:７:11:18><CTRL:00>か<CTRL:00>が<CTRL:00> <CTRL:00><N:＆:4:07><CTRL:00><N:７:11:18><CTRL:00>が<CTRL:00><N:≠:16:04><CTRL:00><N:３:14:19><CTRL:00>か<CTRL:00>が<CTRL:00> <CTRL:00><N:＆:4:07><CTRL:00><N:３:14:19><CTRL:00>る<CTRL:00>ル！が<CTRL:00><N:X:20:06><CTRL:00><N:７:11:18><CTRL:00>か<CTRL:00>が<CTRL:00> <CTRL:00><N:＆:4:07><CTRL:00><N:７:11:18><CTRL:00>る<CTRL:00>ル！が<CTRL:00><N:≠:16:04><CTRL:00><N:７:11:18><CTRL:00>か<CTRL:00>が<CTRL:00> <CTRL:00><N:＆:4:07><CTRL:00><N:７:11:18><CTRL:00>が<CTRL:00><N:X:20:06><CTRL:00><N:３:14:19><CTRL:00>か<CTRL:00>が<CTRL:00> <CTRL:00><N:＆:4:07><CTRL:00><N:３:14:19><CTRL:00>る<CTRL:00>ル！が<CTRL:00><N:X:20:06><CTRL:00><N:３:14:19><CTRL:00>か<CTRL:00>が<CTRL:00> <CTRL:00><N:＆:4:07><CTRL:00><N:３:14:19><CTRL:00>る<CTRL:00>ル！が<CTRL:00><N:≠:16:04><CTRL:00><N:７:11:18><CTRL:00>か<CTRL:00>が<CTRL:00> <CTRL:00><N:＆:4:07><CTRL:00><N:７:11:18><CTRL:00>が<CTRL:00><N:X:20:06><CTRL:00><N:３:14:19><CTRL:00>か<CTRL:00>が<CTRL:00> <CTRL:00><N:＆:4:07><CTRL:00><N:３:14:19><CTRL:00>る<CTRL:00>ル！が<CTRL:00><N:≠:16:04><CTRL:00><N:７:11:18><CTRL:00>か<CTRL:00>が<CTRL:00> <CTRL:00><N:＆:4:07><CTRL:00><N:７:11:18><CTRL:00>る<CTRL:00>ル！が<CTRL:00><N:≠:16:04><CTRL:00><N:７:11:18><CTRL:00>か<CTRL:00>が<CTRL:00> <CTRL:00><N:＆:4:07><CTRL:00><N:７:11:18><CTRL:00>が<CTRL:00><N:≠:16:04><CTRL:00><N:３:14:19><CTRL:00>か<CTRL:00>が<CTRL:00> <CTRL:00><N:＆:4:07><CTRL:00><N:３:14:19><CTRL:00>に<CTRL:00>我 う<CTRL:00>る<CTRL:00>2<N:*:7:0B>て
7/S7026.DAT,0x47BF4,189,medium,0,original,,,,,,か<CTRL:00>が<CTRL:00> <CTRL:00><N:＆:4:07><CTRL:00><N:３:14:19><CTRL:00>る<CTRL:00>ル！が<CTRL:00><N:X:20:06><CTRL:00><N:７:11:18><CTRL:00>か<CTRL:00>が<CTRL:00> <CTRL:00><N:＆:4:07><CTRL:00><N:７:11:18><CTRL:00>る<CTRL:00>ル！が<CTRL:00><N:≠:16:04><CTRL:00><N:７:11:18><CTRL:00>か<CTRL:00>が<CTRL:00> <CTRL:00><N:＆:4:07><CTRL:00><N:７:11:18><CTRL:00>が<CTRL:00><N:X:20:06><CTRL:00><N:３:14:19><CTRL:00>か<CTRL:00>が<CTRL:00> <CTRL:00><N:＆:4:07><CTRL:00><N:３:14:19><CTRL:00>る<CTRL:00>ル！が<CTRL:00><N:X:20:06><CTRL:00><N:３:14:19><CTRL:00>か<CTRL:00>が<CTRL:00> <CTRL:00><N:＆:4:07><CTRL:00><N:３:14:19><CTRL:00>る<CTRL:00>ル！が<CTRL:00><N:≠:16:04><CTRL:00><N:７:11:18><CTRL:00>か<CTRL:00>が<CTRL:00> <CTRL:00><N:＆:4:07><CTRL:00><N:７:11:18><CTRL:00>が<CTRL:00><N:X:20:06><CTRL:00><N:３:14:19><CTRL:00>か<CTRL:00>が<CTRL:00> <CTRL:00><N:＆:4:07><CTRL:00><N:３:14:19><CTRL:00>る<CTRL:00>ル！が<CTRL:00><N:≠:16:04><CTRL:00><N:７:11:18><CTRL:00>か<CTRL:00>が<CTRL:00> <CTRL:00><N:＆:4:07><CTRL:00><N:７:11:18><CTRL:00>る<CTRL:00>ル！が<CTRL:00><N:≠:16:04><CTRL:00><N:７:11:18><CTRL:00>か<CTRL:00>が<CTRL:00> <CTRL:00><N:＆:4:07><CTRL:00><N:７:11:18><CTRL:00>が<CTRL:00><N:≠:16:04><CTRL:00><N:３:14:19><CTRL:00>か<CTRL:00>が<CTRL:00> <CTRL:00><N:＆:4:07><CTRL:00><N:３:14:19><CTRL:00>に<CTRL:00>我 う<CTRL:00>る<CTRL:00>2<N:*:7:0B>て
7/S7026.DAT,0x47BFE,179,medium,0,original,,,,,,る<CTRL:00>ル！が<CTRL:00><N:X:20:06><CTRL:00><N:７:11:18><CTRL:00>か<CTRL:00>が<CTRL:00> <CTRL:00><N:＆:4:07><CTRL:00><N:７:11:18><CTRL:00>る<CTRL:00>ル！が<CTRL:00><N:≠:16:04><CTRL:00><N:７:11:18><CTRL:00>か<CTRL:00>が<CTRL:00> <CTRL:00><N:＆:4:07><CTRL:00><N:７:11:18><CTRL:00>が<CTRL:00><N:X:20:06><CTRL:00><N:３:14:19><CTRL:00>か<CTRL:00>が<CTRL:00> <CTRL:00><N:＆:4:07><CTRL:00><N:３:14:19><CTRL:00>る<CTRL:00>ル！が<CTRL:00><N:X:20:06><CTRL:00><N:３:14:19><CTRL:00>か<CTRL:00>が<CTRL:00> <CTRL:00><N:＆:4:07><CTRL:00><N:３:14:19><CTRL:00>る<CTRL:00>ル！が<CTRL:00><N:≠:16:04><CTRL:00><N:７:11:18><CTRL:00>か<CTRL:00>が<CTRL:00> <CTRL:00><N:＆:4:07><CTRL:00><N:７:11:18><CTRL:00>が<CTRL:00><N:X:20:06><CTRL:00><N:３:14:19><CTRL:00>か<CTRL:00>が<CTRL:00> <CTRL:00><N:＆:4:07><CTRL:00><N:３:14:19><CTRL:00>る<CTRL:00>ル！が<CTRL:00><N:≠:16:04><CTRL:00><N:７:11:18><CTRL:00>か<CTRL:00>が<CTRL:00> <CTRL:00><N:＆:4:07><CTRL:00><N:７:11:18><CTRL:00>る<CTRL:00>ル！が<CTRL:00><N:≠:16:04><CTRL:00><N:７:11:18><CTRL:00>か<CTRL:00>が<CTRL:00> <CTRL:00><N:＆:4:07><CTRL:00><N:７:11:18><CTRL:00>が<CTRL:00><N:≠:16:04><CTRL:00><N:３:14:19><CTRL:00>か<CTRL:00>が<CTRL:00> <CTRL:00><N:＆:4:07><CTRL:00><N:３:14:19><CTRL:00>に<CTRL:00>我 う<CTRL:00>る<CTRL:00>2<N:*:7:0B>て
7/S7026.DAT,0x47C2C,133,medium,0,original,,,,,,か<CTRL:00>が<CTRL:00> <CTRL:00><N:＆:4:07><CTRL:00><N:３:14:19><CTRL:00>る<CTRL:00>ル！が<CTRL:00><N:X:20:06><CTRL:00><N:３:14:19><CTRL:00>か<CTRL:00>が<CTRL:00> <CTRL:00><N:＆:4:07><CTRL:00><N:３:14:19><CTRL:00>る<CTRL:00>ル！が<CTRL:00><N:≠:16:04><CTRL:00><N:７:11:18><CTRL:00>か<CTRL:00>が<CTRL:00> <CTRL:00><N:＆:4:07><CTRL:00><N:７:11:18><CTRL:00>が<CTRL:00><N:X:20:06><CTRL:00><N:３:14:19><CTRL:00>か<CTRL:00>が<CTRL:00> <CTRL:00><N:＆:4:07><CTRL:00><N:３:14:19><CTRL:00>る<CTRL:00>ル！が<CTRL:00><N:≠:16:04><CTRL:00><N:７:11:18><CTRL:00>か<CTRL:00>が<CTRL:00> <CTRL:00><N:＆:4:07><CTRL:00><N:７:11:18><CTRL:00>る<CTRL:00>ル！が<CTRL:00><N:≠:16:04><CTRL:00><N:７:11:18><CTRL:00>か<CTRL:00>が<CTRL:00> <CTRL:00><N:＆:4:07><CTRL:00><N:７:11:18><CTRL:00>が<CTRL:00><N:≠:16:04><CTRL:00><N:３:14:19><CTRL:00>か<CTRL:00>が<CTRL:00> <CTRL:00><N:＆:4:07><CTRL:00><N:３:14:19><CTRL:00>に<CTRL:00>我 う<CTRL:00>る<CTRL:00>2<N:*:7:0B>て
7/S7026.DAT,0x47C36,123,medium,0,original,,,,,,る<CTRL:00>ル！が<CTRL:00><N:X:20:06><CTRL:00><N:３:14:19><CTRL:00>か<CTRL:00>が<CTRL:00> <CTRL:00><N:＆:4:07><CTRL:00><N:３:14:19><CTRL:00>る<CTRL:00>ル！が<CTRL:00><N:≠:16:04><CTRL:00><N:７:11:18><CTRL:00>か<CTRL:00>が<CTRL:00> <CTRL:00><N:＆:4:07><CTRL:00><N:７:11:18><CTRL:00>が<CTRL:00><N:X:20:06><CTRL:00><N:３:14:19><CTRL:00>か<CTRL:00>が<CTRL:00> <CTRL:00><N:＆:4:07><CTRL:00><N:３:14:19><CTRL:00>る<CTRL:00>ル！が<CTRL:00><N:≠:16:04><CTRL:00><N:７:11:18><CTRL:00>か<CTRL:00>が<CTRL:00> <CTRL:00><N:＆:4:07><CTRL:00><N:７:11:18><CTRL:00>る<CTRL:00>ル！が<CTRL:00><N:≠:16:04><CTRL:00><N:７:11:18><CTRL:00>か<CTRL:00>が<CTRL:00> <CTRL:00><N:＆:4:07><CTRL:00><N:７:11:18><CTRL:00>が<CTRL:00><N:≠:16:04><CTRL:00><N:３:14:19><CTRL:00>か<CTRL:00>が<CTRL:00> <CTRL:00><N:＆:4:07><CTRL:00><N:３:14:19><CTRL:00>に<CTRL:00>我 う<CTRL:00>る<CTRL:00>2<N:*:7:0B>て
7/S7026.DAT,0x47C40,113,medium,0,original,,,,,,か<CTRL:00>が<CTRL:00> <CTRL:00><N:＆:4:07><CTRL:00><N:３:14:19><CTRL:00>る<CTRL:00>ル！が<CTRL:00><N:≠:16:04><CTRL:00><N:７:11:18><CTRL:00>か<CTRL:00>が<CTRL:00> <CTRL:00><N:＆:4:07><CTRL:00><N:７:11:18><CTRL:00>が<CTRL:00><N:X:20:06><CTRL:00><N:３:14:19><CTRL:00>か<CTRL:00>が<CTRL:00> <CTRL:00><N:＆:4:07><CTRL:00><N:３:14:19><CTRL:00>る<CTRL:00>ル！が<CTRL:00><N:≠:16:04><CTRL:00><N:７:11:18><CTRL:00>か<CTRL:00>が<CTRL:00> <CTRL:00><N:＆:4:07><CTRL:00><N:７:11:18><CTRL:00>る<CTRL:00>ル！が<CTRL:00><N:≠:16:04><CTRL:00><N:７:11:18><CTRL:00>か<CTRL:00>が<CTRL:00> <CTRL:00><N:＆:4:07><CTRL:00><N:７:11:18><CTRL:00>が<CTRL:00><N:≠:16:04><CTRL:00><N:３:14:19><CTRL:00>か<CTRL:00>が<CTRL:00> <CTRL:00><N:＆:4:07><CTRL:00><N:３:14:19><CTRL:00>に<CTRL:00>我 う<CTRL:00>る<CTRL:00>2<N:*:7:0B>て
7/S7026.DAT,0x47C4A,103,medium,0,original,,,,,,る<CTRL:00>ル！が<CTRL:00><N:≠:16:04><CTRL:00><N:７:11:18><CTRL:00>か<CTRL:00>が<CTRL:00> <CTRL:00><N:＆:4:07><CTRL:00><N:７:11:18><CTRL:00>が<CTRL:00><N:X:20:06><CTRL:00><N:３:14:19><CTRL:00>か<CTRL:00>が<CTRL:00> <CTRL:00><N:＆:4:07><CTRL:00><N:３:14:19><CTRL:00>る<CTRL:00>ル！が<CTRL:00><N:≠:16:04><CTRL:00><N:７:11:18><CTRL:00>か<CTRL:00>が<CTRL:00> <CTRL:00><N:＆:4:07><CTRL:00><N:７:11:18><CTRL:00>る<CTRL:00>ル！が<CTRL:00><N:≠:16:04><CTRL:00><N:７:11:18><CTRL:00>か<CTRL:00>が<CTRL:00> <CTRL:00><N:＆:4:07><CTRL:00><N:７:11:18><CTRL:00>が<CTRL:00><N:≠:16:04><CTRL:00><N:３:14:19><CTRL:00>か<CTRL:00>が<CTRL:00> <CTRL:00><N:＆:4:07><CTRL:00><N:３:14:19><CTRL:00>に<CTRL:00>我 う<CTRL:00>る<CTRL:00>2<N:*:7:0B>て
7/S7026.DAT,0x47C64,77,medium,0,original,,,,,,か<CTRL:00>が<CTRL:00> <CTRL:00><N:＆:4:07><CTRL:00><N:３:14:19><CTRL:00>る<CTRL:00>ル！が<CTRL:00><N:≠:16:04><CTRL:00><N:７:11:18><CTRL:00>か<CTRL:00>が<CTRL:00> <CTRL:00><N:＆:4:07><CTRL:00><N:７:11:18><CTRL:00>る<CTRL:00>ル！が<CTRL:00><N:≠:16:04><CTRL:00><N:７:11:18><CTRL:00>か<CTRL:00>が<CTRL:00> <CTRL:00><N:＆:4:07><CTRL:00><N:７:11:18><CTRL:00>が<CTRL:00><N:≠:16:04><CTRL:00><N:３:14:19><CTRL:00>か<CTRL:00>が<CTRL:00> <CTRL:00><N:＆:4:07><CTRL:00><N:３:14:19><CTRL:00>に<CTRL:00>我 う<CTRL:00>る<CTRL:00>2<N:*:7:0B>て
7/S7026.DAT,0x47C6E,67,medium,0,original,,,,,,る<CTRL:00>ル！が<CTRL:00><N:≠:16:04><CTRL:00><N:７:11:18><CTRL:00>か<CTRL:00>が<CTRL:00> <CTRL:00><N:＆:4:07><CTRL:00><N:７:11:18><CTRL:00>る<CTRL:00>ル！が<CTRL:00><N:≠:16:04><CTRL:00><N:７:11:18><CTRL:00>か<CTRL:00>が<CTRL:00> <CTRL:00><N:＆:4:07><CTRL:00><N:７:11:18><CTRL:00>が<CTRL:00><N:≠:16:04><CTRL:00><N:３:14:19><CTRL:00>か<CTRL:00>が<CTRL:00> <CTRL:00><N:＆:4:07><CTRL:00><N:３:14:19><CTRL:00>に<CTRL:00>我 う<CTRL:00>る<CTRL:00>2<N:*:7:0B>て
7/S7026.DAT,0x47C9C,21,medium,0,original,,,,,,か<CTRL:00>が<CTRL:00> <CTRL:00><N:＆:4:07><CTRL:00><N:３:14:19><CTRL:00>に<CTRL:00>我 う<CTRL:00>る<CTRL:00>2<N:*:7:0B>て
7/S7026.DAT,0x47CA6,11,medium,0,original,,,,,,に<CTRL:00>我 う<CTRL:00>る<CTRL:00>2<N:*:7:0B>て
7/S7026.DAT,0x47CC8,46,high,0,original,,,,,,アナウンサー / オーフ争奪戦に参加されるのは<CTRL:E2> さんです。 / ご本人がおねがいします。
7/S7026.DAT,0x47D2A,46,high,0,original,,,,,,アナウンサー / オーフ争奪戦に参加されるのは<CTRL:E2>！さんです。 / ご本人がおねがいします。
7/S7026.DAT,0x47D8C,46,high,0,original,,,,,,アナウンサー / オーフ争奪戦に参加されるのは<CTRL:E2>”さんです。 / ご本人がおねがいします。
7/S7026.DAT,0x47DEE,46,high,0,original,,,,,,アナウンサー / オーフ争奪戦に参加されるのは<CTRL:E2><N:≠:16:04>さんです。 / ご本人がおねがいします。
7/S7026.DAT,0x47E50,46,high,0,original,,,,,,アナウンサー / オーフ争奪戦に参加されるのは<CTRL:E2><N:＄:1:05>さんです。 / ご本人がおねがいします。
7/S7026.DAT,0x47EB2,46,high,0,original,,,,,,アナウンサー / オーフ争奪戦に参加されるのは<CTRL:E2><N:X:20:06>さんです。 / ご本人がおねがいします。
7/S7026.DAT,0x47F14,46,high,0,original,,,,,,アナウンサー / オーフ争奪戦に参加されるのは<CTRL:E2>’さんです。 / ご本人がおねがいします。
7/S7026.DAT,0x48006,27,high,0,original,,,,,,こうたいか？ / <CTRL:E5>”こうたいする / <CTRL:E5>”こうたいしない
7/S7026.DAT,0x48112,27,high,0,original,,,,,,かわろうか？ / <CTRL:E5>”こうたいする / <CTRL:E5>”こうたいしない
7/S7026.DAT,0x4821E,31,high,0,original,,,,,,おれだぜ、やつっり。 / <CTRL:E5>”こうたいする / <CTRL:E5>”こうたいしない
7/S7026.DAT,0x4832E,30,high,0,original,,,,,,こうたいしようよ。 / <CTRL:E5>”こうたいする / <CTRL:E5>”こうたいしない
7/S7026.DAT,0x4843C,28,high,0,original,,,,,,こうたいかの？ / <CTRL:E5>”こうたいする / <CTRL:E5>”こうたいしない
7/S7026.DAT,0x48548,24,high,0,original,,,,,,うむ？ / <CTRL:E5>”こうたいする / <CTRL:E5>”こうたいしない
7/S7026.DAT,0x48650,31,high,0,original,,,,,,こうたいしようかね？ / <CTRL:E5>”こうたいする / <CTRL:E5>”こうたいしない
7/S7026.DAT,0x486EE,26,high,0,original,,,,,,ア<N:｣:11:65>テムがあります。 / <N:ｌ:5:5B>薬草へを見つけました。
7/S7026.DAT,0x4873E,17,high,0,original,,,,,,ここにあつたものはもうひろいました
7/S7026.DAT,0x48788,57,high,0,original,,,,,,大会委員 / 一応、これで最後ですからね。<CTRL:E4>よ / がんばりましょう。<CTRL:E4>よ / ああいそがしい、いそがしい。
7/S7026.DAT,0x487F6,5,high,0,original,,,,,,いちおう？
7/S7026.DAT,0x48830,21,high,0,original,,,,,,最近の親玉は変身するからなあ。
7/S7026.DAT,0x4887A,9,high,0,original,,,,,,しないといいけど。
7/S7026.DAT,0x488BC,54,high,0,original,,,,,,大会委員 / 今回の賞品はあの<N:ｌ:5:5B>風のオーフへですからね。 / 手に入れてどうしようつてんでしょうね？
7/S7026.DAT,0x48926,18,high,0,original,,,,,,こいつら出場者のかおも知らね<N:ぇ:2:C0>のか？
7/S7026.DAT,0x4896C,12,high,0,original,,,,,,お<G:D2:209>えてもらえんのかね？
7/S7026.DAT,0x489AC,9,high,0,original,,,,,,うるせえぞ、たこ。
7/S7026.DAT,0x489EA,14,high,0,original,,,,,,まあまあまあ、<CTRL:E4>よまままま。
7/S7026.DAT,0x48A66,37,high,0,original,,,,,,出場者 / おれが出るからには、 / <N:ｌ:5:5B>風のオーフへはもらつたようなものだな
7/S7026.DAT,0x48AC0,27,high,0,original,,,,,,時聞が逆戻りしている人がいる・・・。
7/S7026.DAT,0x48B10,27,high,0,original,,,,,,わしらも戻りたかつたら / エントリーし直せばよい。
7/S7026.DAT,0x48B64,36,high,0,original,,,,,,出場者 / まさかここまでやるとはな。 / おれのかたきを討つてくれよ。
7/S7026.DAT,0x48BBC,9,high,0,original,,,,,,まかせておけつて。
7/S7026.DAT,0x48BFA,31,high,0,original,,,,,,そんなことのために / やつてるんじゃないよ。 / まつたく。
7/S7026.DAT,0x48C4E,14,high,0,original,,,,,,どちらにしても、がんばるぞ。
7/S7026.DAT,0x48C94,18,high,0,original,,,,,,出場者 / やめるなら今のうちだぞ。
7/S7026.DAT,0x48CDA,10,high,0,original,,,,,,やめるわけねえだろ。
7/S7026.DAT,0x48D28,41,high,0,original,,,,,,大会委員 / オーフ争奪戦の準備はいいですか？ / <CTRL:E5>”はい / <CTRL:E5>”まだです
7/S7026.DAT,0x48D96,23,high,0,original,,,,,,大会委員 / 早く準備をしてきて下さい。
7/S7026.DAT,0x48DE4,36,high,0,original,,,,,,大会委員 / 私の後ろに立たないで下さい。どうなつても知りませんよ。
7/S7026.DAT,0x494A6,34,high,0,original,,,,,,エントリーをやりなおしますか。 / <CTRL:E5>”やりなおす / <CTRL:E5>”つづける
7/S7026.DAT,0x4950C,40,high,0,original,,,,,,1回戦からやりなおしになります。よろしいですか？ / <CTRL:E5>”はい / <CTRL:E5>”とんでもない
7/S7026.DAT,0x495A0,20,high,0,original,,,,,,大会委員 / 闘技場へ入つて下さい。
7/S7027.DAT,0x46848,59,medium,0,original,,,,,,か<CTRL:00>、<CTRL:00><N:*:7:0B><CTRL:00><N:７:11:18><CTRL:00>、<CTRL:00><N:ｌ:6:0C><CTRL:00> <CTRL:00> <CTRL:00>け<CTRL:00>て<CTRL:00> <CTRL:00> <CTRL:00>か<CTRL:00>、<CTRL:00><N:*:7:0B><CTRL:00><N:７:11:18><CTRL:00>、<CTRL:00><N:ｌ:6:0C><CTRL:00>！<CTRL:00> <CTRL:00>け<CTRL:00>て<CTRL:00> <CTRL:00>ー<CTRL:00>か<CTRL:00>が<CTRL:00><N:*:7:0B><CTRL:00>0<CTRL:00>、<CTRL:00><N:ｌ:6:0C>
7/S7027.DAT,0x469F4,49,medium,0,original,,,,,,<CTRL:00><N:ъ:14:1A><CTRL:00>し<CTRL:00>す<CTRL:00><N:．:2:0F><CTRL:00>う<CTRL:00> <CTRL:00>ん<CTRL:00><N:ｃ:12:16><CTRL:00>は<CTRL:00>1 に<CTRL:00>す<CTRL:00><N:ﾉ:6:10><CTRL:00>う<CTRL:00> <CTRL:00>ん<CTRL:00><N:ｃ:9:17><CTRL:00>は<CTRL:00>1 に<CTRL:00> <CTRL:00>を か<CTRL:00>
7/S7027.DAT,0x46A18,13,medium,0,original,,,,,,は<CTRL:00>1 に<CTRL:00> <CTRL:00>を か<CTRL:00>
7/S7027.DAT,0x46BF0,49,medium,0,original,,,,,,<CTRL:00><N:ъ:14:1A><CTRL:00>し<CTRL:00>す<CTRL:00><N:．:2:0F><CTRL:00>う<CTRL:00> <CTRL:00>ん<CTRL:00><N:ｃ:12:16><CTRL:00>は<CTRL:00><N:ﾉ:6:10>！に<CTRL:00>す<CTRL:00><N:ﾉ:6:10><CTRL:00>う<CTRL:00> <CTRL:00>ん<CTRL:00><N:ｃ:9:17><CTRL:00>は<CTRL:00><N:ﾉ:6:10>！に<CTRL:00> <CTRL:00>ん！か<CTRL:00>
7/S7027.DAT,0x46C14,13,medium,0,original,,,,,,は<CTRL:00><N:ﾉ:6:10>！に<CTRL:00> <CTRL:00>ん！か<CTRL:00>
7/S7027.DAT,0x46E14,21,medium,0,original,,,,,,<CTRL:00><N:ъ:14:1A><CTRL:00>し<CTRL:00>す<CTRL:00><N:*:7:0B><CTRL:00><N:ｃ:9:17><CTRL:00>す<CTRL:00>”<CTRL:00>う<CTRL:00> <CTRL:00>ま
7/S7027.DAT,0x46E20,9,medium,0,original,,,,,,す<CTRL:00>”<CTRL:00>う<CTRL:00> <CTRL:00>ま
7/S7027.DAT,0x4708C,21,medium,0,original,,,,,,<CTRL:00><N:ъ:14:1A><CTRL:00>し<CTRL:00>す<CTRL:00><N:*:7:0B><CTRL:00><N:ｃ:9:17><CTRL:00>す<CTRL:00>”<CTRL:00>う<CTRL:00> <CTRL:00>ま
7/S7027.DAT,0x47098,9,medium,0,original,,,,,,す<CTRL:00>”<CTRL:00>う<CTRL:00> <CTRL:00>ま
7/S7027.DAT,0x472A4,21,medium,0,original,,,,,,<CTRL:00><N:ъ:14:1A><CTRL:00>し<CTRL:00>す<CTRL:00><N:*:7:0B><CTRL:00><N:ｃ:9:17><CTRL:00>す<CTRL:00>”<CTRL:00>う<CTRL:00> <CTRL:00>ま
7/S7027.DAT,0x472B0,9,medium,0,original,,,,,,す<CTRL:00>”<CTRL:00>う<CTRL:00> <CTRL:00>ま
7/S7027.DAT,0x47494,21,medium,0,original,,,,,,<CTRL:00><N:ъ:14:1A><CTRL:00>し<CTRL:00>す<CTRL:00><N:*:7:0B><CTRL:00><N:ｃ:9:17><CTRL:00>す<CTRL:00>”<CTRL:00>う<CTRL:00> <CTRL:00>ま
7/S7027.DAT,0x474A0,9,medium,0,original,,,,,,す<CTRL:00>”<CTRL:00>う<CTRL:00> <CTRL:00>ま
7/S7027.DAT,0x47594,7,medium,0,original,,,,,,<CTRL:00><N:ъ:14:1A><CTRL:00>し<CTRL:00>
7/S7027.DAT,0x478F2,9,medium,0,original,,,,,,す<CTRL:00>”<CTRL:00>う<CTRL:00> <CTRL:00>ま
7/S7027.DAT,0x479A6,9,medium,0,original,,,,,,す<CTRL:00>”<CTRL:00>う<CTRL:00> <CTRL:00>ま
7/S7027.DAT,0x47AD4,9,medium,0,original,,,,,,す<CTRL:00>”<CTRL:00>う<CTRL:00> <CTRL:00>ま
7/S7027.DAT,0x47CE8,9,medium,0,original,,,,,,す<CTRL:00>”<CTRL:00>う<CTRL:00> <CTRL:00>ま
7/S7027.DAT,0x47D88,9,medium,0,original,,,,,,す<CTRL:00>”<CTRL:00>う<CTRL:00> <CTRL:00>ま
7/S7027.DAT,0x47DFE,9,medium,0,original,,,,,,す<CTRL:00>”<CTRL:00>う<CTRL:00> <CTRL:00>ま
7/S7027.DAT,0x47EFA,9,medium,0,original,,,,,,す<CTRL:00>”<CTRL:00>う<CTRL:00> <CTRL:00>ま
7/S7027.DAT,0x48226,9,medium,0,original,,,,,,す<CTRL:00>”<CTRL:00>う<CTRL:00> <CTRL:00>ま
7/S7027.DAT,0x4850C,6,medium,0,original,,,,,,<CTRL:00>や<N:．:2:0F>見、
7/S7027.DAT,0x485DC,22,high,0,original,,,,,,ロクトール / 本当に強かつたですね<N:ぇ:2:C0>。
7/S7027.DAT,0x48662,45,high,0,original,,,,,,ロクトール / しかし、<CTRL:E4>よオーフは<CTRL:E4>よこのまま / 渡すわけにはいかないですよ。<CTRL:E4>よ<CTRL:E4>よ
7/S7027.DAT,0x48720,40,high,0,original,,,,,,こうして / <N:毎:2:DEBC>回<G:DF09:738>勝者を後から殺しては / 賞品のオーフを奪い返して
7/S7027.DAT,0x4877C,26,high,0,original,,,,,,モンスターをチャンピオンに / 化けさせていたのね。
7/S7027.DAT,0x487E2,32,high,0,original,,,,,,ロクトール / お嬢さん、お察しのとおりですよ。<CTRL:E4>よ<CTRL:E4>よ<CTRL:E4>よ
7/S7027.DAT,0x4883A,29,high,0,original,,,,,,ロクトール / では、死んでもらいましょう。<CTRL:E4>よ<CTRL:E4>よ<CTRL:E4>よ
7/S7027.DAT,0x48DD8,9,high,0,original,,,,,,ようやつたの<N:っ:4:DD57>。
7/S7027.DAT,0x48E16,8,high,0,original,,,,,,さすがアークね。
7/S7027.DAT,0x48E52,31,high,0,original,,,,,,骨のなさそうな野郎共だつたが / 一応ほめてやるぜ。
7/S7027.DAT,0x48EB0,7,high,0,original,,,,,,よくやつたな。
7/S7027.DAT,0x48EEC,14,high,0,original,,,,,,あなたがここまでやるとはね。
7/S7027.DAT,0x48F2E,10,high,0,original,,,,,,お前を見直したぞ。
7/S7027.DAT,0x48F6E,7,high,0,original,,,,,,よくやつたな。
7/S7027.DAT,0x48FAA,9,high,0,original,,,,,,さすがククルだね。
7/S7027.DAT,0x48FE8,31,high,0,original,,,,,,骨のなさそうな野郎共だつたが / 一応ほめてやるぜ。
7/S7027.DAT,0x4903E,7,high,0,original,,,,,,よくやつたな。
7/S7027.DAT,0x4907A,5,high,0,original,,,,,,さすがね。
7/S7027.DAT,0x490B4,7,high,0,original,,,,,,見直したぞ。
7/S7027.DAT,0x490F2,7,high,0,original,,,,,,よくやつたな。
7/S7027.DAT,0x4912E,5,high,0,original,,,,,,さすがね。
7/S7027.DAT,0x49168,31,high,0,original,,,,,,骨のなさそうな野郎共だつたが / 一応ほめてやるぜ。
7/S7027.DAT,0x491BE,7,high,0,original,,,,,,よくやつたな。
7/S7027.DAT,0x491FA,14,high,0,original,,,,,,あなたがここまでやるとはね。
7/S7027.DAT,0x4923C,31,high,0,original,,,,,,骨のなさそうな野郎共だつたが / 一応ほめてやるぜ。
7/S7027.DAT,0x49292,7,high,0,original,,,,,,よくやつたな。
7/S7027.DAT,0x492CE,14,high,0,original,,,,,,あなたがここまでやるとはね。
7/S7027.DAT,0x49310,31,high,0,original,,,,,,骨のなさそうな野郎共だつたが / 一応ほめてやるぜ。
7/S7028.DAT,0x469D4,21,medium,0,original,,,,,,が<CTRL:00> <CTRL:00><N:＆:4:07><CTRL:00><N:ъ:14:1A><CTRL:00>が<CTRL:00><N:＆:4:07><CTRL:00><N:＆:4:07><CTRL:00>い<CTRL:00>は<CTRL:00>！<CTRL:00><N:＆:4:07>
7/S7028.DAT,0x469FC,49,medium,0,original,,,,,,言<CTRL:00>う<CTRL:00>り<CTRL:00><N:３:14:19><CTRL:00>山<CTRL:00>う<CTRL:00>が<CTRL:00>1<CTRL:00>る<CTRL:00><N:７:11:18><CTRL:00>が<CTRL:00>1<CTRL:00>に<CTRL:00><N:３:14:19><CTRL:00>が<CTRL:00> <CTRL:00><N:＆:4:07><CTRL:00><N:ъ:14:1A><CTRL:00>が<CTRL:00><N:＆:4:07><CTRL:00><N:＆:4:07><CTRL:00>い<CTRL:00>は<CTRL:00>！<CTRL:00><N:＆:4:07>
7/S7028.DAT,0x46A04,41,medium,0,original,,,,,,山<CTRL:00>う<CTRL:00>が<CTRL:00>1<CTRL:00>る<CTRL:00><N:７:11:18><CTRL:00>が<CTRL:00>1<CTRL:00>に<CTRL:00><N:３:14:19><CTRL:00>が<CTRL:00> <CTRL:00><N:＆:4:07><CTRL:00><N:ъ:14:1A><CTRL:00>が<CTRL:00><N:＆:4:07><CTRL:00><N:＆:4:07><CTRL:00>い<CTRL:00>は<CTRL:00>！<CTRL:00><N:＆:4:07>
7/S7028.DAT,0x46A18,21,medium,0,original,,,,,,が<CTRL:00> <CTRL:00><N:＆:4:07><CTRL:00><N:ъ:14:1A><CTRL:00>が<CTRL:00><N:＆:4:07><CTRL:00><N:＆:4:07><CTRL:00>い<CTRL:00>は<CTRL:00>！<CTRL:00><N:＆:4:07>
7/S7028.DAT,0x46A40,57,medium,0,original,,,,,,参<CTRL:00>う<CTRL:00>り<CTRL:00><N:３:14:19><CTRL:00>バ<CTRL:00>う<CTRL:00>が<CTRL:00><N:ﾉ:6:10><CTRL:00><N:ъ:14:1A><CTRL:00><N:７:11:18><CTRL:00>が<CTRL:00><N:＄:1:05><CTRL:00><N:ъ:14:1A><CTRL:00>の<CTRL:00>が<CTRL:00><N:ﾉ:6:10><CTRL:00>い<CTRL:00><N:３:14:19><CTRL:00>が<CTRL:00> <CTRL:00><N:＆:4:07><CTRL:00><N:ъ:14:1A><CTRL:00>が<CTRL:00><N:＆:4:07><CTRL:00><N:＆:4:07><CTRL:00>い<CTRL:00>は<CTRL:00>！<CTRL:00><N:＆:4:07>
7/S7028.DAT,0x46A48,49,medium,0,original,,,,,,バ<CTRL:00>う<CTRL:00>が<CTRL:00><N:ﾉ:6:10><CTRL:00><N:ъ:14:1A><CTRL:00><N:７:11:18><CTRL:00>が<CTRL:00><N:＄:1:05><CTRL:00><N:ъ:14:1A><CTRL:00>の<CTRL:00>が<CTRL:00><N:ﾉ:6:10><CTRL:00>い<CTRL:00><N:３:14:19><CTRL:00>が<CTRL:00> <CTRL:00><N:＆:4:07><CTRL:00><N:ъ:14:1A><CTRL:00>が<CTRL:00><N:＆:4:07><CTRL:00><N:＆:4:07><CTRL:00>い<CTRL:00>は<CTRL:00>！<CTRL:00><N:＆:4:07>
7/S7028.DAT,0x46A64,21,medium,0,original,,,,,,が<CTRL:00> <CTRL:00><N:＆:4:07><CTRL:00><N:ъ:14:1A><CTRL:00>が<CTRL:00><N:＆:4:07><CTRL:00><N:＆:4:07><CTRL:00>い<CTRL:00>は<CTRL:00>！<CTRL:00><N:＆:4:07>
7/S7028.DAT,0x46AA0,21,medium,0,original,,,,,,が<CTRL:00> <CTRL:00><N:＆:4:07><CTRL:00><N:ъ:14:1A><CTRL:00>が<CTRL:00><N:＆:4:07><CTRL:00><N:＆:4:07><CTRL:00>い<CTRL:00>は<CTRL:00>！<CTRL:00><N:＆:4:07>
7/S7028.DAT,0x46AC8,65,medium,0,original,,,,,,フ<CTRL:00>う<CTRL:00>り<CTRL:00><N:３:14:19><CTRL:00>世<CTRL:00>う<CTRL:00>り<CTRL:00><N:３:14:19><CTRL:00>上<CTRL:00>う<CTRL:00>が<CTRL:00>1<CTRL:00><N:ъ:14:1A><CTRL:00><N:７:11:18><CTRL:00>が<CTRL:00><N:＄:1:05><CTRL:00><N:ъ:14:1A><CTRL:00>な<CTRL:00>が<CTRL:00>1<CTRL:00>い<CTRL:00><N:３:14:19><CTRL:00>が<CTRL:00> <CTRL:00><N:＆:4:07><CTRL:00><N:ъ:14:1A><CTRL:00>が<CTRL:00><N:＆:4:07><CTRL:00><N:＆:4:07><CTRL:00>い<CTRL:00>は<CTRL:00>！<CTRL:00><N:＆:4:07>
7/S7028.DAT,0x46AD0,57,medium,0,original,,,,,,世<CTRL:00>う<CTRL:00>り<CTRL:00><N:３:14:19><CTRL:00>上<CTRL:00>う<CTRL:00>が<CTRL:00>1<CTRL:00><N:ъ:14:1A><CTRL:00><N:７:11:18><CTRL:00>が<CTRL:00><N:＄:1:05><CTRL:00><N:ъ:14:1A><CTRL:00>な<CTRL:00>が<CTRL:00>1<CTRL:00>い<CTRL:00><N:３:14:19><CTRL:00>が<CTRL:00> <CTRL:00><N:＆:4:07><CTRL:00><N:ъ:14:1A><CTRL:00>が<CTRL:00><N:＆:4:07><CTRL:00><N:＆:4:07><CTRL:00>い<CTRL:00>は<CTRL:00>！<CTRL:00><N:＆:4:07>
7/S7028.DAT,0x46AD8,49,medium,0,original,,,,,,上<CTRL:00>う<CTRL:00>が<CTRL:00>1<CTRL:00><N:ъ:14:1A><CTRL:00><N:７:11:18><CTRL:00>が<CTRL:00><N:＄:1:05><CTRL:00><N:ъ:14:1A><CTRL:00>な<CTRL:00>が<CTRL:00>1<CTRL:00>い<CTRL:00><N:３:14:19><CTRL:00>が<CTRL:00> <CTRL:00><N:＆:4:07><CTRL:00><N:ъ:14:1A><CTRL:00>が<CTRL:00><N:＆:4:07><CTRL:00><N:＆:4:07><CTRL:00>い<CTRL:00>は<CTRL:00>！<CTRL:00><N:＆:4:07>
7/S7028.DAT,0x46AF4,21,medium,0,original,,,,,,が<CTRL:00> <CTRL:00><N:＆:4:07><CTRL:00><N:ъ:14:1A><CTRL:00>が<CTRL:00><N:＆:4:07><CTRL:00><N:＆:4:07><CTRL:00>い<CTRL:00>は<CTRL:00>！<CTRL:00><N:＆:4:07>
7/S7028.DAT,0x46B1C,65,medium,0,original,,,,,,聞<CTRL:00>う<CTRL:00>り<CTRL:00><N:３:14:19><CTRL:00>ム<CTRL:00>う<CTRL:00>り<CTRL:00><N:３:14:19><CTRL:00>敵<CTRL:00>う<CTRL:00>が<CTRL:00>1<CTRL:00><N:ъ:14:1A><CTRL:00><N:７:11:18><CTRL:00>が<CTRL:00><N:＄:1:05><CTRL:00><N:ъ:14:1A><CTRL:00>な<CTRL:00>が<CTRL:00>1<CTRL:00>い<CTRL:00><N:３:14:19><CTRL:00>が<CTRL:00> <CTRL:00><N:＆:4:07><CTRL:00><N:ъ:14:1A><CTRL:00>が<CTRL:00><N:＆:4:07><CTRL:00><N:＆:4:07><CTRL:00>い<CTRL:00>は<CTRL:00>！<CTRL:00><N:＆:4:07>
7/S7028.DAT,0x46B24,57,medium,0,original,,,,,,ム<CTRL:00>う<CTRL:00>り<CTRL:00><N:３:14:19><CTRL:00>敵<CTRL:00>う<CTRL:00>が<CTRL:00>1<CTRL:00><N:ъ:14:1A><CTRL:00><N:７:11:18><CTRL:00>が<CTRL:00><N:＄:1:05><CTRL:00><N:ъ:14:1A><CTRL:00>な<CTRL:00>が<CTRL:00>1<CTRL:00>い<CTRL:00><N:３:14:19><CTRL:00>が<CTRL:00> <CTRL:00><N:＆:4:07><CTRL:00><N:ъ:14:1A><CTRL:00>が<CTRL:00><N:＆:4:07><CTRL:00><N:＆:4:07><CTRL:00>い<CTRL:00>は<CTRL:00>！<CTRL:00><N:＆:4:07>
7/S7028.DAT,0x46B2C,49,medium,0,original,,,,,,敵<CTRL:00>う<CTRL:00>が<CTRL:00>1<CTRL:00><N:ъ:14:1A><CTRL:00><N:７:11:18><CTRL:00>が<CTRL:00><N:＄:1:05><CTRL:00><N:ъ:14:1A><CTRL:00>な<CTRL:00>が<CTRL:00>1<CTRL:00>い<CTRL:00><N:３:14:19><CTRL:00>が<CTRL:00> <CTRL:00><N:＆:4:07><CTRL:00><N:ъ:14:1A><CTRL:00>が<CTRL:00><N:＆:4:07><CTRL:00><N:＆:4:07><CTRL:00>い<CTRL:00>は<CTRL:00>！<CTRL:00><N:＆:4:07>
7/S7028.DAT,0x46B48,21,medium,0,original,,,,,,が<CTRL:00> <CTRL:00><N:＆:4:07><CTRL:00><N:ъ:14:1A><CTRL:00>が<CTRL:00><N:＆:4:07><CTRL:00><N:＆:4:07><CTRL:00>い<CTRL:00>は<CTRL:00>！<CTRL:00><N:＆:4:07>
7/S7028.DAT,0x46B70,13,medium,0,original,,,,,,風<CTRL:00>う<CTRL:00>り<CTRL:00><N:３:14:19><CTRL:00>備<CTRL:00>う<CTRL:00>が
7/S7028.DAT,0x46B78,5,medium,0,original,,,,,,備<CTRL:00>う<CTRL:00>が
7/S7028.DAT,0x46BD0,253,medium,0,original,,,,,,か<CTRL:00>が<CTRL:00> <CTRL:00><N:＆:4:07><CTRL:00><N:３:14:19><CTRL:00>る<CTRL:00>ル！が<CTRL:00><N:X:20:06><CTRL:00><N:７:11:18><CTRL:00>か<CTRL:00>が<CTRL:00> <CTRL:00><N:＆:4:07><CTRL:00><N:７:11:18><CTRL:00>が<CTRL:00><N:≠:16:04><CTRL:00><N:３:14:19><CTRL:00>か<CTRL:00>が<CTRL:00> <CTRL:00><N:＆:4:07><CTRL:00><N:３:14:19><CTRL:00>る<CTRL:00>ル！が<CTRL:00><N:X:20:06><CTRL:00><N:７:11:18><CTRL:00>か<CTRL:00>が<CTRL:00> <CTRL:00><N:＆:4:07><CTRL:00><N:７:11:18><CTRL:00>る<CTRL:00>ル！が<CTRL:00><N:≠:16:04><CTRL:00><N:７:11:18><CTRL:00>か<CTRL:00>が<CTRL:00> <CTRL:00><N:＆:4:07><CTRL:00><N:７:11:18><CTRL:00>が<CTRL:00><N:X:20:06><CTRL:00><N:３:14:19><CTRL:00>か<CTRL:00>が<CTRL:00> <CTRL:00><N:＆:4:07><CTRL:00><N:３:14:19><CTRL:00>る<CTRL:00>ル！が<CTRL:00><N:X:20:06><CTRL:00><N:３:14:19><CTRL:00>か<CTRL:00>が<CTRL:00> <CTRL:00><N:＆:4:07><CTRL:00><N:３:14:19><CTRL:00>る<CTRL:00>ル！が<CTRL:00><N:≠:16:04><CTRL:00><N:７:11:18><CTRL:00>か<CTRL:00>が<CTRL:00> <CTRL:00><N:＆:4:07><CTRL:00><N:７:11:18><CTRL:00>が<CTRL:00><N:X:20:06><CTRL:00><N:３:14:19><CTRL:00>か<CTRL:00>が<CTRL:00> <CTRL:00><N:＆:4:07><CTRL:00><N:３:14:19><CTRL:00>る<CTRL:00>ル！が<CTRL:00><N:≠:16:04><CTRL:00><N:７:11:18><CTRL:00>か<CTRL:00>が<CTRL:00> <CTRL:00><N:＆:4:07><CTRL:00><N:７:11:18><CTRL:00>る<CTRL:00>ル！が<CTRL:00><N:≠:16:04><CTRL:00><N:７:11:18><CTRL:00>か<CTRL:00>が<CTRL:00> <CTRL:00><N:＆:4:07><CTRL:00><N:７:11:18><CTRL:00>が<CTRL:00><N:≠:16:04><CTRL:00><N:３:14:19><CTRL:00>か<CTRL:00>が<CTRL:00> <CTRL:00><N:＆:4:07><CTRL:00><N:３:14:19><CTRL:00>に<CTRL:00>我 う<CTRL:00>る<CTRL:00>年’が<CTRL:00><N:ﾉ:6:10><CTRL:00><N:．:2:0F><CTRL:00>、<CTRL:00>が<CTRL:00>’<CTRL:00><N:．:2:0F><CTRL:00>た<CTRL:00>が<CTRL:00> <CTRL:00><N:＆:4:07><CTRL:00><N:．:2:0F><CTRL:00>は<CTRL:00>”<CTRL:00><N:＆:4:07>
7/S7028.DAT,0x46BDA,243,medium,0,original,,,,,,る<CTRL:00>ル！が<CTRL:00><N:X:20:06><CTRL:00><N:７:11:18><CTRL:00>か<CTRL:00>が<CTRL:00> <CTRL:00><N:＆:4:07><CTRL:00><N:７:11:18><CTRL:00>が<CTRL:00><N:≠:16:04><CTRL:00><N:３:14:19><CTRL:00>か<CTRL:00>が<CTRL:00> <CTRL:00><N:＆:4:07><CTRL:00><N:３:14:19><CTRL:00>る<CTRL:00>ル！が<CTRL:00><N:X:20:06><CTRL:00><N:７:11:18><CTRL:00>か<CTRL:00>が<CTRL:00> <CTRL:00><N:＆:4:07><CTRL:00><N:７:11:18><CTRL:00>る<CTRL:00>ル！が<CTRL:00><N:≠:16:04><CTRL:00><N:７:11:18><CTRL:00>か<CTRL:00>が<CTRL:00> <CTRL:00><N:＆:4:07><CTRL:00><N:７:11:18><CTRL:00>が<CTRL:00><N:X:20:06><CTRL:00><N:３:14:19><CTRL:00>か<CTRL:00>が<CTRL:00> <CTRL:00><N:＆:4:07><CTRL:00><N:３:14:19><CTRL:00>る<CTRL:00>ル！が<CTRL:00><N:X:20:06><CTRL:00><N:３:14:19><CTRL:00>か<CTRL:00>が<CTRL:00> <CTRL:00><N:＆:4:07><CTRL:00><N:３:14:19><CTRL:00>る<CTRL:00>ル！が<CTRL:00><N:≠:16:04><CTRL:00><N:７:11:18><CTRL:00>か<CTRL:00>が<CTRL:00> <CTRL:00><N:＆:4:07><CTRL:00><N:７:11:18><CTRL:00>が<CTRL:00><N:X:20:06><CTRL:00><N:３:14:19><CTRL:00>か<CTRL:00>が<CTRL:00> <CTRL:00><N:＆:4:07><CTRL:00><N:３:14:19><CTRL:00>る<CTRL:00>ル！が<CTRL:00><N:≠:16:04><CTRL:00><N:７:11:18><CTRL:00>か<CTRL:00>が<CTRL:00> <CTRL:00><N:＆:4:07><CTRL:00><N:７:11:18><CTRL:00>る<CTRL:00>ル！が<CTRL:00><N:≠:16:04><CTRL:00><N:７:11:18><CTRL:00>か<CTRL:00>が<CTRL:00> <CTRL:00><N:＆:4:07><CTRL:00><N:７:11:18><CTRL:00>が<CTRL:00><N:≠:16:04><CTRL:00><N:３:14:19><CTRL:00>か<CTRL:00>が<CTRL:00> <CTRL:00><N:＆:4:07><CTRL:00><N:３:14:19><CTRL:00>に<CTRL:00>我 う<CTRL:00>る<CTRL:00>年’が<CTRL:00><N:ﾉ:6:10><CTRL:00><N:．:2:0F><CTRL:00>、<CTRL:00>が<CTRL:00>’<CTRL:00><N:．:2:0F><CTRL:00>た<CTRL:00>が<CTRL:00> <CTRL:00><N:＆:4:07><CTRL:00><N:．:2:0F><CTRL:00>は<CTRL:00>”<CTRL:00><N:＆:4:07>
7/S7028.DAT,0x46BF4,217,medium,0,original,,,,,,か<CTRL:00>が<CTRL:00> <CTRL:00><N:＆:4:07><CTRL:00><N:３:14:19><CTRL:00>る<CTRL:00>ル！が<CTRL:00><N:X:20:06><CTRL:00><N:７:11:18><CTRL:00>か<CTRL:00>が<CTRL:00> <CTRL:00><N:＆:4:07><CTRL:00><N:７:11:18><CTRL:00>る<CTRL:00>ル！が<CTRL:00><N:≠:16:04><CTRL:00><N:７:11:18><CTRL:00>か<CTRL:00>が<CTRL:00> <CTRL:00><N:＆:4:07><CTRL:00><N:７:11:18><CTRL:00>が<CTRL:00><N:X:20:06><CTRL:00><N:３:14:19><CTRL:00>か<CTRL:00>が<CTRL:00> <CTRL:00><N:＆:4:07><CTRL:00><N:３:14:19><CTRL:00>る<CTRL:00>ル！が<CTRL:00><N:X:20:06><CTRL:00><N:３:14:19><CTRL:00>か<CTRL:00>が<CTRL:00> <CTRL:00><N:＆:4:07><CTRL:00><N:３:14:19><CTRL:00>る<CTRL:00>ル！が<CTRL:00><N:≠:16:04><CTRL:00><N:７:11:18><CTRL:00>か<CTRL:00>が<CTRL:00> <CTRL:00><N:＆:4:07><CTRL:00><N:７:11:18><CTRL:00>が<CTRL:00><N:X:20:06><CTRL:00><N:３:14:19><CTRL:00>か<CTRL:00>が<CTRL:00> <CTRL:00><N:＆:4:07><CTRL:00><N:３:14:19><CTRL:00>る<CTRL:00>ル！が<CTRL:00><N:≠:16:04><CTRL:00><N:７:11:18><CTRL:00>か<CTRL:00>が<CTRL:00> <CTRL:00><N:＆:4:07><CTRL:00><N:７:11:18><CTRL:00>る<CTRL:00>ル！が<CTRL:00><N:≠:16:04><CTRL:00><N:７:11:18><CTRL:00>か<CTRL:00>が<CTRL:00> <CTRL:00><N:＆:4:07><CTRL:00><N:７:11:18><CTRL:00>が<CTRL:00><N:≠:16:04><CTRL:00><N:３:14:19><CTRL:00>か<CTRL:00>が<CTRL:00> <CTRL:00><N:＆:4:07><CTRL:00><N:３:14:19><CTRL:00>に<CTRL:00>我 う<CTRL:00>る<CTRL:00>年’が<CTRL:00><N:ﾉ:6:10><CTRL:00><N:．:2:0F><CTRL:00>、<CTRL:00>が<CTRL:00>’<CTRL:00><N:．:2:0F><CTRL:00>た<CTRL:00>が<CTRL:00> <CTRL:00><N:＆:4:07><CTRL:00><N:．:2:0F><CTRL:00>は<CTRL:00>”<CTRL:00><N:＆:4:07>
7/S7028.DAT,0x46BFE,207,medium,0,original,,,,,,る<CTRL:00>ル！が<CTRL:00><N:X:20:06><CTRL:00><N:７:11:18><CTRL:00>か<CTRL:00>が<CTRL:00> <CTRL:00><N:＆:4:07><CTRL:00><N:７:11:18><CTRL:00>る<CTRL:00>ル！が<CTRL:00><N:≠:16:04><CTRL:00><N:７:11:18><CTRL:00>か<CTRL:00>が<CTRL:00> <CTRL:00><N:＆:4:07><CTRL:00><N:７:11:18><CTRL:00>が<CTRL:00><N:X:20:06><CTRL:00><N:３:14:19><CTRL:00>か<CTRL:00>が<CTRL:00> <CTRL:00><N:＆:4:07><CTRL:00><N:３:14:19><CTRL:00>る<CTRL:00>ル！が<CTRL:00><N:X:20:06><CTRL:00><N:３:14:19><CTRL:00>か<CTRL:00>が<CTRL:00> <CTRL:00><N:＆:4:07><CTRL:00><N:３:14:19><CTRL:00>る<CTRL:00>ル！が<CTRL:00><N:≠:16:04><CTRL:00><N:７:11:18><CTRL:00>か<CTRL:00>が<CTRL:00> <CTRL:00><N:＆:4:07><CTRL:00><N:７:11:18><CTRL:00>が<CTRL:00><N:X:20:06><CTRL:00><N:３:14:19><CTRL:00>か<CTRL:00>が<CTRL:00> <CTRL:00><N:＆:4:07><CTRL:00><N:３:14:19><CTRL:00>る<CTRL:00>ル！が<CTRL:00><N:≠:16:04><CTRL:00><N:７:11:18><CTRL:00>か<CTRL:00>が<CTRL:00> <CTRL:00><N:＆:4:07><CTRL:00><N:７:11:18><CTRL:00>る<CTRL:00>ル！が<CTRL:00><N:≠:16:04><CTRL:00><N:７:11:18><CTRL:00>か<CTRL:00>が<CTRL:00> <CTRL:00><N:＆:4:07><CTRL:00><N:７:11:18><CTRL:00>が<CTRL:00><N:≠:16:04><CTRL:00><N:３:14:19><CTRL:00>か<CTRL:00>が<CTRL:00> <CTRL:00><N:＆:4:07><CTRL:00><N:３:14:19><CTRL:00>に<CTRL:00>我 う<CTRL:00>る<CTRL:00>年’が<CTRL:00><N:ﾉ:6:10><CTRL:00><N:．:2:0F><CTRL:00>、<CTRL:00>が<CTRL:00>’<CTRL:00><N:．:2:0F><CTRL:00>た<CTRL:00>が<CTRL:00> <CTRL:00><N:＆:4:07><CTRL:00><N:．:2:0F><CTRL:00>は<CTRL:00>”<CTRL:00><N:＆:4:07>
7/S7028.DAT,0x46C2C,161,medium,0,original,,,,,,か<CTRL:00>が<CTRL:00> <CTRL:00><N:＆:4:07><CTRL:00><N:３:14:19><CTRL:00>る<CTRL:00>ル！が<CTRL:00><N:X:20:06><CTRL:00><N:３:14:19><CTRL:00>か<CTRL:00>が<CTRL:00> <CTRL:00><N:＆:4:07><CTRL:00><N:３:14:19><CTRL:00>る<CTRL:00>ル！が<CTRL:00><N:≠:16:04><CTRL:00><N:７:11:18><CTRL:00>か<CTRL:00>が<CTRL:00> <CTRL:00><N:＆:4:07><CTRL:00><N:７:11:18><CTRL:00>が<CTRL:00><N:X:20:06><CTRL:00><N:３:14:19><CTRL:00>か<CTRL:00>が<CTRL:00> <CTRL:00><N:＆:4:07><CTRL:00><N:３:14:19><CTRL:00>る<CTRL:00>ル！が<CTRL:00><N:≠:16:04><CTRL:00><N:７:11:18><CTRL:00>か<CTRL:00>が<CTRL:00> <CTRL:00><N:＆:4:07><CTRL:00><N:７:11:18><CTRL:00>る<CTRL:00>ル！が<CTRL:00><N:≠:16:04><CTRL:00><N:７:11:18><CTRL:00>か<CTRL:00>が<CTRL:00> <CTRL:00><N:＆:4:07><CTRL:00><N:７:11:18><CTRL:00>が<CTRL:00><N:≠:16:04><CTRL:00><N:３:14:19><CTRL:00>か<CTRL:00>が<CTRL:00> <CTRL:00><N:＆:4:07><CTRL:00><N:３:14:19><CTRL:00>に<CTRL:00>我 う<CTRL:00>る<CTRL:00>年’が<CTRL:00><N:ﾉ:6:10><CTRL:00><N:．:2:0F><CTRL:00>、<CTRL:00>が<CTRL:00>’<CTRL:00><N:．:2:0F><CTRL:00>た<CTRL:00>が<CTRL:00> <CTRL:00><N:＆:4:07><CTRL:00><N:．:2:0F><CTRL:00>は<CTRL:00>”<CTRL:00><N:＆:4:07>
7/S7028.DAT,0x46C36,151,medium,0,original,,,,,,る<CTRL:00>ル！が<CTRL:00><N:X:20:06><CTRL:00><N:３:14:19><CTRL:00>か<CTRL:00>が<CTRL:00> <CTRL:00><N:＆:4:07><CTRL:00><N:３:14:19><CTRL:00>る<CTRL:00>ル！が<CTRL:00><N:≠:16:04><CTRL:00><N:７:11:18><CTRL:00>か<CTRL:00>が<CTRL:00> <CTRL:00><N:＆:4:07><CTRL:00><N:７:11:18><CTRL:00>が<CTRL:00><N:X:20:06><CTRL:00><N:３:14:19><CTRL:00>か<CTRL:00>が<CTRL:00> <CTRL:00><N:＆:4:07><CTRL:00><N:３:14:19><CTRL:00>る<CTRL:00>ル！が<CTRL:00><N:≠:16:04><CTRL:00><N:７:11:18><CTRL:00>か<CTRL:00>が<CTRL:00> <CTRL:00><N:＆:4:07><CTRL:00><N:７:11:18><CTRL:00>る<CTRL:00>ル！が<CTRL:00><N:≠:16:04><CTRL:00><N:７:11:18><CTRL:00>か<CTRL:00>が<CTRL:00> <CTRL:00><N:＆:4:07><CTRL:00><N:７:11:18><CTRL:00>が<CTRL:00><N:≠:16:04><CTRL:00><N:３:14:19><CTRL:00>か<CTRL:00>が<CTRL:00> <CTRL:00><N:＆:4:07><CTRL:00><N:３:14:19><CTRL:00>に<CTRL:00>我 う<CTRL:00>る<CTRL:00>年’が<CTRL:00><N:ﾉ:6:10><CTRL:00><N:．:2:0F><CTRL:00>、<CTRL:00>が<CTRL:00>’<CTRL:00><N:．:2:0F><CTRL:00>た<CTRL:00>が<CTRL:00> <CTRL:00><N:＆:4:07><CTRL:00><N:．:2:0F><CTRL:00>は<CTRL:00>”<CTRL:00><N:＆:4:07>
7/S7028.DAT,0x46C40,141,medium,0,original,,,,,,か<CTRL:00>が<CTRL:00> <CTRL:00><N:＆:4:07><CTRL:00><N:３:14:19><CTRL:00>る<CTRL:00>ル！が<CTRL:00><N:≠:16:04><CTRL:00><N:７:11:18><CTRL:00>か<CTRL:00>が<CTRL:00> <CTRL:00><N:＆:4:07><CTRL:00><N:７:11:18><CTRL:00>が<CTRL:00><N:X:20:06><CTRL:00><N:３:14:19><CTRL:00>か<CTRL:00>が<CTRL:00> <CTRL:00><N:＆:4:07><CTRL:00><N:３:14:19><CTRL:00>る<CTRL:00>ル！が<CTRL:00><N:≠:16:04><CTRL:00><N:７:11:18><CTRL:00>か<CTRL:00>が<CTRL:00> <CTRL:00><N:＆:4:07><CTRL:00><N:７:11:18><CTRL:00>る<CTRL:00>ル！が<CTRL:00><N:≠:16:04><CTRL:00><N:７:11:18><CTRL:00>か<CTRL:00>が<CTRL:00> <CTRL:00><N:＆:4:07><CTRL:00><N:７:11:18><CTRL:00>が<CTRL:00><N:≠:16:04><CTRL:00><N:３:14:19><CTRL:00>か<CTRL:00>が<CTRL:00> <CTRL:00><N:＆:4:07><CTRL:00><N:３:14:19><CTRL:00>に<CTRL:00>我 う<CTRL:00>る<CTRL:00>年’が<CTRL:00><N:ﾉ:6:10><CTRL:00><N:．:2:0F><CTRL:00>、<CTRL:00>が<CTRL:00>’<CTRL:00><N:．:2:0F><CTRL:00>た<CTRL:00>が<CTRL:00> <CTRL:00><N:＆:4:07><CTRL:00><N:．:2:0F><CTRL:00>は<CTRL:00>”<CTRL:00><N:＆:4:07>
7/S7028.DAT,0x46C4A,131,medium,0,original,,,,,,る<CTRL:00>ル！が<CTRL:00><N:≠:16:04><CTRL:00><N:７:11:18><CTRL:00>か<CTRL:00>が<CTRL:00> <CTRL:00><N:＆:4:07><CTRL:00><N:７:11:18><CTRL:00>が<CTRL:00><N:X:20:06><CTRL:00><N:３:14:19><CTRL:00>か<CTRL:00>が<CTRL:00> <CTRL:00><N:＆:4:07><CTRL:00><N:３:14:19><CTRL:00>る<CTRL:00>ル！が<CTRL:00><N:≠:16:04><CTRL:00><N:７:11:18><CTRL:00>か<CTRL:00>が<CTRL:00> <CTRL:00><N:＆:4:07><CTRL:00><N:７:11:18><CTRL:00>る<CTRL:00>ル！が<CTRL:00><N:≠:16:04><CTRL:00><N:７:11:18><CTRL:00>か<CTRL:00>が<CTRL:00> <CTRL:00><N:＆:4:07><CTRL:00><N:７:11:18><CTRL:00>が<CTRL:00><N:≠:16:04><CTRL:00><N:３:14:19><CTRL:00>か<CTRL:00>が<CTRL:00> <CTRL:00><N:＆:4:07><CTRL:00><N:３:14:19><CTRL:00>に<CTRL:00>我 う<CTRL:00>る<CTRL:00>年’が<CTRL:00><N:ﾉ:6:10><CTRL:00><N:．:2:0F><CTRL:00>、<CTRL:00>が<CTRL:00>’<CTRL:00><N:．:2:0F><CTRL:00>た<CTRL:00>が<CTRL:00> <CTRL:00><N:＆:4:07><CTRL:00><N:．:2:0F><CTRL:00>は<CTRL:00>”<CTRL:00><N:＆:4:07>
7/S7028.DAT,0x46C64,105,medium,0,original,,,,,,か<CTRL:00>が<CTRL:00> <CTRL:00><N:＆:4:07><CTRL:00><N:３:14:19><CTRL:00>る<CTRL:00>ル！が<CTRL:00><N:≠:16:04><CTRL:00><N:７:11:18><CTRL:00>か<CTRL:00>が<CTRL:00> <CTRL:00><N:＆:4:07><CTRL:00><N:７:11:18><CTRL:00>る<CTRL:00>ル！が<CTRL:00><N:≠:16:04><CTRL:00><N:７:11:18><CTRL:00>か<CTRL:00>が<CTRL:00> <CTRL:00><N:＆:4:07><CTRL:00><N:７:11:18><CTRL:00>が<CTRL:00><N:≠:16:04><CTRL:00><N:３:14:19><CTRL:00>か<CTRL:00>が<CTRL:00> <CTRL:00><N:＆:4:07><CTRL:00><N:３:14:19><CTRL:00>に<CTRL:00>我 う<CTRL:00>る<CTRL:00>年’が<CTRL:00><N:ﾉ:6:10><CTRL:00><N:．:2:0F><CTRL:00>、<CTRL:00>が<CTRL:00>’<CTRL:00><N:．:2:0F><CTRL:00>た<CTRL:00>が<CTRL:00> <CTRL:00><N:＆:4:07><CTRL:00><N:．:2:0F><CTRL:00>は<CTRL:00>”<CTRL:00><N:＆:4:07>
7/S7028.DAT,0x46C6E,95,medium,0,original,,,,,,る<CTRL:00>ル！が<CTRL:00><N:≠:16:04><CTRL:00><N:７:11:18><CTRL:00>か<CTRL:00>が<CTRL:00> <CTRL:00><N:＆:4:07><CTRL:00><N:７:11:18><CTRL:00>る<CTRL:00>ル！が<CTRL:00><N:≠:16:04><CTRL:00><N:７:11:18><CTRL:00>か<CTRL:00>が<CTRL:00> <CTRL:00><N:＆:4:07><CTRL:00><N:７:11:18><CTRL:00>が<CTRL:00><N:≠:16:04><CTRL:00><N:３:14:19><CTRL:00>か<CTRL:00>が<CTRL:00> <CTRL:00><N:＆:4:07><CTRL:00><N:３:14:19><CTRL:00>に<CTRL:00>我 う<CTRL:00>る<CTRL:00>年’が<CTRL:00><N:ﾉ:6:10><CTRL:00><N:．:2:0F><CTRL:00>、<CTRL:00>が<CTRL:00>’<CTRL:00><N:．:2:0F><CTRL:00>た<CTRL:00>が<CTRL:00> <CTRL:00><N:＆:4:07><CTRL:00><N:．:2:0F><CTRL:00>は<CTRL:00>”<CTRL:00><N:＆:4:07>
7/S7028.DAT,0x46C9C,49,medium,0,original,,,,,,か<CTRL:00>が<CTRL:00> <CTRL:00><N:＆:4:07><CTRL:00><N:３:14:19><CTRL:00>に<CTRL:00>我 う<CTRL:00>る<CTRL:00>年’が<CTRL:00><N:ﾉ:6:10><CTRL:00><N:．:2:0F><CTRL:00>、<CTRL:00>が<CTRL:00>’<CTRL:00><N:．:2:0F><CTRL:00>た<CTRL:00>が<CTRL:00> <CTRL:00><N:＆:4:07><CTRL:00><N:．:2:0F><CTRL:00>は<CTRL:00>”<CTRL:00><N:＆:4:07>
7/S7028.DAT,0x46CA6,39,medium,0,original,,,,,,に<CTRL:00>我 う<CTRL:00>る<CTRL:00>年’が<CTRL:00><N:ﾉ:6:10><CTRL:00><N:．:2:0F><CTRL:00>、<CTRL:00>が<CTRL:00>’<CTRL:00><N:．:2:0F><CTRL:00>た<CTRL:00>が<CTRL:00> <CTRL:00><N:＆:4:07><CTRL:00><N:．:2:0F><CTRL:00>は<CTRL:00>”<CTRL:00><N:＆:4:07>
7/S7028.DAT,0x46D58,30,high,0,original,,,,,,こうたいしようか？ / <CTRL:E5>”こうたいする / <CTRL:E5>”こうたいしない
7/S7028.DAT,0x46E66,28,high,0,original,,,,,,こうたいする？ / <CTRL:E5>”こうたいする / <CTRL:E5>”こうたいしない
7/S7028.DAT,0x46F72,27,high,0,original,,,,,,こうたいか？ / <CTRL:E5>”こうたいする / <CTRL:E5>”こうたいしない
7/S7028.DAT,0x4707E,31,high,0,original,,,,,,こうたい？こうたい？ / <CTRL:E5>”こうたいする / <CTRL:E5>”こうたいしない
7/S7028.DAT,0x4718E,31,high,0,original,,,,,,こうたいしようかの？ / <CTRL:E5>”こうたいする / <CTRL:E5>”こうたいしない
7/S7028.DAT,0x4729E,23,high,0,original,,,,,,む？ / <CTRL:E5>”こうたいする / <CTRL:E5>”こうたいしない
7/S7028.DAT,0x473A6,28,high,0,original,,,,,,こうたいかね？ / <CTRL:E5>”こうたいする / <CTRL:E5>”こうたいしない
7/S7028.DAT,0x47440,26,high,0,original,,,,,,ア<N:｣:11:65>テムがあります。 / <N:ｌ:5:5B>薬草へを見つけました。
7/S7028.DAT,0x47490,17,high,0,original,,,,,,ここにあつたものはもうひろいました
7/S7028.DAT,0x474DA,53,high,0,original,,,,,,大会委員 / ああいそがしい、いそがしい。 / わたしはいつまでここではたらき続ければいいのでしょうか？
7/S7028.DAT,0x47544,12,high,0,original,,,,,,宝探しでもするかね。
7/S7028.DAT,0x47584,8,high,0,original,,,,,,しよう、しよう。
7/S7028.DAT,0x475C0,9,high,0,original,,,,,,用がすんだらね。
7/S7028.DAT,0x47602,26,high,0,original,,,,,,大会委員 / 出場希望者が多くて大変です。
7/S7028.DAT,0x47650,32,high,0,original,,,,,,まあそれは、<G:D2:209>くらもこうして来ているわけだし・・・。
7/S7028.DAT,0x476A4,17,high,0,original,,,,,,先に進んだ方が良くはないか？
7/S7028.DAT,0x476EE,36,high,0,original,,,,,,出場者 / <N:ｌ:5:5B>風のオーフへを手に入れたそうじゃないか。先をこされたな。
7/S7028.DAT,0x47746,21,high,0,original,,,,,,先をこされるわけにはいかんかつたからの。
7/S7028.DAT,0x47790,20,high,0,original,,,,,,他人の手に渡つたらやつかいだつたよ。
7/S7028.DAT,0x477DC,41,high,0,original,,,,,,出場者 / <N:ｌ:5:5B>トル<N:メ:6:DD5F>・デ・バンニへは強い。 / ちょつとやそつとでは勝てないぞ。
7/S7028.DAT,0x47838,27,high,0,original,,,,,,出場者 / え、勝つたつて？<CTRL:E4>よ / そんなばかな。
7/S7028.DAT,0x4788C,21,high,0,original,,,,,,出場者 / もつと強いやつはいないのか？
7/S7028.DAT,0x478D6,8,high,0,original,,,,,,わかつてないな。
7/S7028.DAT,0x47912,8,high,0,original,,,,,,わかつてねえな。
7/S7028.DAT,0x4794E,7,high,0,original,,,,,,わかつとらん。
7/S7028.DAT,0x4798A,9,high,0,original,,,,,,わかつとらあーん！
7/S7028.DAT,0x48028,34,high,0,original,,,,,,大会委員 / 参加なさいますか？ / <CTRL:E5>”参加する / <CTRL:E5>”参加しない
7/S7028.DAT,0x48094,14,high,0,original,,,,,,大会委員 / そうですか。
7/S7028.DAT,0x480D8,36,high,0,original,,,,,,大会委員 / 私の後ろに立たないで下さい。どうなつても知りませんよ。
7/S7028.DAT,0x48166,32,high,0,original,,,,,,大会委員 / しつこいですね。 / 私はしつこい人はきらいです。
7/S7028.DAT,0x481B8,32,high,0,original,,,,,,大会委員 / これをさし上げますから / かんベんして下さい。
7/S7028.DAT,0x48228,19,high,0,original,,,,,,<N:ｌ:5:5B>クラウ<N:ｲ:6:DD03>スの本へをもらいました。
7/S7028.DAT,0x4827C,21,high,0,original,,,,,,大会委員 / どなたが参加なさいますか？
7/S7028.DAT,0x482EE,33,high,0,original,,,,,,<CTRL:E5>”アーク / <CTRL:E5>”ククル / <CTRL:E5>”トッシュ / <CTRL:E5>”次の<N:へ:4:DDF7>ージ
7/S7028.DAT,0x48360,27,high,0,original,,,,,,<CTRL:E2> さんですね。 / <CTRL:E5>”はい / <CTRL:E5>”まちがえました
7/S7028.DAT,0x483CC,27,high,0,original,,,,,,<CTRL:E2>！さんですね。 / <CTRL:E5>”はい / <CTRL:E5>”まちがえました
7/S7028.DAT,0x48438,26,high,0,original,,,,,,<CTRL:E2>”さんですね。 / <CTRL:E5>”おう / <CTRL:E5>”まちがえたぜ
7/S7028.DAT,0x484D8,35,high,0,original,,,,,,<CTRL:E5>”ポニ / <CTRL:E5>”<N:ニ:13:DD3C>ーゲン / <CTRL:E5>”<N:｣:11:65>ー<N:力:5:DD02> / <CTRL:E5>”次の<N:へ:4:DDF7>ージ
7/S7028.DAT,0x4854C,26,high,0,original,,,,,,<CTRL:E2><N:≠:16:04>さんですね。 / <CTRL:E5>”うん / <CTRL:E5>”やつっりやだ
7/S7028.DAT,0x485B6,25,high,0,original,,,,,,<CTRL:E2><N:＄:1:05>さんですね。 / <CTRL:E5>”やる / <CTRL:E5>”やめるわい
7/S7028.DAT,0x4861A,14,high,0,original,,,,,,<CTRL:E2><N:X:20:06>さんですね。 / <CTRL:E5>”うむ
7/S7028.DAT,0x48666,39,high,0,original,,,,,,<CTRL:E5>”チョン<N:力:5:DD02>ラ / <CTRL:E5>”次の<N:へ:4:DDF7>ージ / <CTRL:E5>”やつっりやめる / <CTRL:E5>”外に出る
7/S7028.DAT,0x486E8,26,high,0,original,,,,,,<CTRL:E2>’さんですね。 / <CTRL:E5>”わしかい / <CTRL:E5>”いやじゃ
7/S7028.DAT,0x4878C,26,high,0,original,,,,,,対戦相手が決まりました。 / がんばつてください。
7/S7028.DAT,0x487E2,97,high,0,original,,,,,,る<CTRL:00>（<CTRL:00><N:．:2:0F><CTRL:00>は<CTRL:00><N:＄:1:05><CTRL:00>る<CTRL:00>は<CTRL:00>ラ<N:ﾉ:6:10>は<CTRL:00><N:＄:1:05><CTRL:00>る<CTRL:00>、<CTRL:00>め<N:ﾉ:6:10>は<CTRL:00><N:＄:1:05><CTRL:00>る<CTRL:00>か<CTRL:00>ち<N:ﾉ:6:10>は<CTRL:00><N:＄:1:05><CTRL:00>る<CTRL:00>の<CTRL:00>つ<N:ﾉ:6:10>は<CTRL:00><N:＄:1:05><CTRL:00>る<CTRL:00><N:７:11:18><CTRL:00>あ<N:ﾉ:6:10>は<CTRL:00><N:＄:1:05><CTRL:00>る<CTRL:00>3<CTRL:00>り<N:ﾉ:6:10>は<CTRL:00><N:＄:1:05><CTRL:00>る<CTRL:00><N:ﾉ:6:10><CTRL:00>ら<N:ﾉ:6:10>は<CTRL:00><N:＄:1:05><CTRL:00>る<CTRL:00><N:ｌ:6:0C><CTRL:00>ん<N:ﾉ:6:10>は<CTRL:00><N:＄:1:05><CTRL:00>る<CTRL:00>’<CTRL:00>ま<N:ﾉ:6:10>が
7/S7028.DAT,0x489F6,38,high,0,original,,,,,,アナウンス / 聞もなく参加者の受付をしめ切ります。お急ぎ下さい。
7/S7028.DAT,0x48A70,15,high,0,original,,,,,,大会委員 参加なさいますか？
7/S7028.DAT,0x48AB8,31,high,0,original,,,,,,<CTRL:E5>”参加する / <CTRL:E5>”参加しない / <CTRL:E5>”ヤミ闘技場に参加する
7/S7028.DAT,0x48B1E,26,high,0,original,,,,,,大会委員 / 生きて帰れないかもしれませんよ。
7/S7028.DAT,0x48B70,48,high,0,original,,,,,,大会委員 / 本当にいいんですか？ / <CTRL:E5>”ぜつたい勝てる！ / <CTRL:E5>”まだやり残したことが・
7/S7031.DAT,0x478B8,51,high,0,original,,,,,,ロクトール / おめでとう、あなたが<N:真:2:DE9F>の勇者だ。 / <CTRL:E4>よさあ、賞品の<N:ｌ:5:5B>風のオーフへを渡そう。
7/S7031.DAT,0x47928,39,high,0,original,,,,,,ロクトール / ポニさんはよくがんばつてくれましたのでこれもさしあげましょう。
7/S7031.DAT,0x47986,17,high,0,original,,,,,,<N:ｌ:5:5B>おもちゃの<G:DD04:223>びわへを手に入れた
7/S7031.DAT,0x47A3C,31,high,0,original,,,,,,ロクトール / <CTRL:E4>4チャンピオンに<CTRL:E4>ご大きなはく手を・・。
7/S7032.DAT,0x4786E,19,high,0,original,,,,,,ロクトール / お集まりのみなさん。
7/S7032.DAT,0x478BA,39,high,0,original,,,,,,ロクトール / この<N:武:3:DE28>闘大会の賞品は<CTRL:E4>よ / あの<N:ｌ:5:5B>風のオーフへです。<CTRL:E4>ご
7/S7032.DAT,0x4791A,31,high,0,original,,,,,,ロクトール / 古くは<CTRL:E4>ス<N:午:15:DD4E>ンダム王国で<CTRL:E4>ご造られ、<CTRL:E4>よ
7/S7032.DAT,0x47972,66,high,0,original,,,,,,ロクトール / その後<CTRL:E4>よ王位を継いで / その持ち主になる者は / 必す<CTRL:E4>ご<N:非:1:DE5A>業（ひごう）の死をとげ、
7/S7032.DAT,0x479EC,77,high,0,original,,,,,,ロクトール / 王家滅亡後も<CTRL:E4>よ権力者や富<N:豪:7:DF42>（ふごう）の聞に<CTRL:E4>よその美しさと<CTRL:E4>つ恐<N:怖:2:DF13>で<CTRL:E4>よかたり継がれて<CTRL:E4>よきたものです。<CTRL:E4>よ
7/S7032.DAT,0x47A72,93,high,0,original,,,,,,ロクトール / まさに、<CTRL:E4>よこの血で血を争う / <N:武:3:DE28>闘大会の勝者にふ<CTRL:E4><N:*:7:0B>さ<CTRL:E4><N:*:7:0B>わ<CTRL:E4><N:*:7:0B>し<CTRL:E4><N:*:7:0B>い / <CTRL:E4><N:*:7:0B>も<CTRL:E4><N:*:7:0B>の<CTRL:E4><N:*:7:0B>で<CTRL:E4><N:*:7:0B>は<CTRL:E4><N:＆:4:07>な<CTRL:E4><N:＆:4:07>い<CTRL:E4><N:＆:4:07>で<CTRL:E4><N:＆:4:07>し<CTRL:E4><N:＆:4:07>ょ<CTRL:E4><N:＆:4:07>う<CTRL:E4><N:＆:4:07>か<CTRL:E4><N:＆:4:07>？<CTRL:E4>よ
7/S7032.DAT,0x47B24,53,high,0,original,,,,,,ロクトール / しかし、<CTRL:E4>ごこの大会の勝者には<CTRL:E4>スもう一つの<CTRL:E4>つ / 試練（しれん）が待つている！。<CTRL:E4>め
7/S7032.DAT,0x47B92,53,high,0,original,,,,,,ロクトール / 前回<CTRL:E4>めのチャンピオン / <CTRL:E4>よ<N:ｌ:5:5B>トル<N:メ:6:DD5F>・デ・バンニへを倒さなくてはならないのです。
7/S7032.DAT,0x47C00,93,high,0,original,,,,,,ロクトール / さあ、<CTRL:E4>よそれでは<CTRL:E4>つ生と<CTRL:E4><N:ｌ:5:5B>死をかけた<CTRL:E4><N:ｌ:5:5B>戦いの火ぶたを<CTRL:E4>め斬<CTRL:E4><N:X:20:06>つ<CTRL:E4><N:X:20:06>て<CTRL:E4><N:X:20:06>落<CTRL:E4><N:X:20:06>と<CTRL:E4><N:X:20:06>そ<CTRL:E4><N:X:20:06>う<CTRL:E4><N:X:20:06>で<CTRL:E4><N:X:20:06>は<CTRL:E4><N:X:20:06>あ<CTRL:E4><N:X:20:06>り<CTRL:E4><N:X:20:06>ま<CTRL:E4><N:X:20:06>せ<CTRL:E4><N:X:20:06>ん<CTRL:E4><N:X:20:06>か<CTRL:E4><N:X:20:06>！。
8/S8011.DAT,0x4782E,5,medium,0,original,,,,,,る<CTRL:00>し<CTRL:00><N:X:20:06>
8/S8011.DAT,0x47870,37,medium,0,original,,,,,,ふ！’<CTRL:00><N:７:11:18><CTRL:00>ふ！’<CTRL:00>の<CTRL:00>ふ！’<CTRL:00>な<CTRL:00>ふ！’<CTRL:00>し<CTRL:00>ふ！<N:＆:4:07><CTRL:00><CTRL:FF><CTRL:FF>の<CTRL:00>し<CTRL:00>ぞ！て
8/S8011.DAT,0x478EC,27,medium,0,original,,,,,,一！<N:＆:4:07><CTRL:00><N:７:11:18><CTRL:00>一！<N:＆:4:07><CTRL:00>の<CTRL:00>一！<N:＆:4:07><CTRL:00>な<CTRL:00>一！<N:＆:4:07><CTRL:00>し<CTRL:00>一！て
8/S8011.DAT,0x4794C,73,medium,0,original,,,,,,石<CTRL:00><N:ぇ:2:C0>！攻’！<CTRL:00><N:X:20:06><CTRL:00>に<CTRL:00>門<N:*:7:0B><CTRL:00><CTRL:FF><CTRL:FF><N:７:11:18><CTRL:00>た<CTRL:00><CTRL:F7><CTRL:FF>う<CTRL:00><N:≠:16:04><CTRL:00>な<CTRL:00>石<CTRL:00><N:ク:12:80>（<N:ﾉ:6:10><CTRL:FF>！<CTRL:00>，<CTRL:00><N:≠:16:04><CTRL:00>の<CTRL:00>石<CTRL:00><N:ク:12:80>（見！！<CTRL:00>，<CTRL:00><N:≠:16:04><CTRL:00>し<CTRL:00>石<CTRL:00>か’<G:E005:989>！<CTRL:00>，<CTRL:00><N:≠:16:04><CTRL:00><N:７:11:18><CTRL:00>石
8/S8011.DAT,0x479A2,31,medium,0,original,,,,,,石<CTRL:00><N:ぇ:2:C0>！攻’！<CTRL:00><N:≠:16:04><CTRL:00>に<CTRL:00>門<N:*:7:0B><CTRL:00><CTRL:FF><CTRL:FF><N:７:11:18><CTRL:00>た<CTRL:00><CTRL:F7><CTRL:FF>う<CTRL:00><N:≠:16:04><CTRL:00><N:ъ:14:1A><CTRL:00>石
8/S8011.DAT,0x479DC,29,medium,0,original,,,,,,<CTRL:00><CTRL:FF>0<CTRL:00><N:ъ:14:1A><CTRL:00>や<CTRL:00>0<CTRL:00>た<CTRL:00>や<CTRL:00>0<CTRL:00><N:７:11:18><CTRL:00>や<CTRL:00>う<CTRL:00>ら<CTRL:00>”<CTRL:00>で！て
8/S8011.DAT,0x47A2C,111,medium,0,original,,,,,,敵 <N:＆:4:07><CTRL:00><N:７:11:18><CTRL:00>敵 <N:＆:4:07><CTRL:00>の<CTRL:00>敵 <N:＆:4:07><CTRL:00>な<CTRL:00>敵 <N:＆:4:07><CTRL:00>し<CTRL:00>敵 う<CTRL:00>’<CTRL:00><N:３:14:19><CTRL:00>ど！’<CTRL:00><N:７:11:18><CTRL:00>じ！’<CTRL:00>の<CTRL:00>マ！’<CTRL:00>な<CTRL:00>タ！’<CTRL:00>し<CTRL:00>シ！う<CTRL:00>’<CTRL:00><N:３:14:19><CTRL:00>出！’<CTRL:00><N:７:11:18><CTRL:00>ね！’<CTRL:00>の<CTRL:00>下！’<CTRL:00>な<CTRL:00>何！’<CTRL:00>し<CTRL:00>チ！う<CTRL:00>を<CTRL:00>”<CTRL:00>ゃ う<CTRL:00>ら<CTRL:00>”<CTRL:00>2！に<CTRL:00>ろ て
8/S8011.DAT,0x47A4C,79,medium,0,original,,,,,,ど！’<CTRL:00><N:７:11:18><CTRL:00>じ！’<CTRL:00>の<CTRL:00>マ！’<CTRL:00>な<CTRL:00>タ！’<CTRL:00>し<CTRL:00>シ！う<CTRL:00>’<CTRL:00><N:３:14:19><CTRL:00>出！’<CTRL:00><N:７:11:18><CTRL:00>ね！’<CTRL:00>の<CTRL:00>下！’<CTRL:00>な<CTRL:00>何！’<CTRL:00>し<CTRL:00>チ！う<CTRL:00>を<CTRL:00>”<CTRL:00>ゃ う<CTRL:00>ら<CTRL:00>”<CTRL:00>2！に<CTRL:00>ろ て
8/S8011.DAT,0x47A6C,47,medium,0,original,,,,,,出！’<CTRL:00><N:７:11:18><CTRL:00>ね！’<CTRL:00>の<CTRL:00>下！’<CTRL:00>な<CTRL:00>何！’<CTRL:00>し<CTRL:00>チ！う<CTRL:00>を<CTRL:00>”<CTRL:00>ゃ う<CTRL:00>ら<CTRL:00>”<CTRL:00>2！に<CTRL:00>ろ て
8/S8011.DAT,0x47AC0,22,medium,0,original,,,,,,<N:ｌ:5:5B>！’<CTRL:00><N:７:11:18><CTRL:00>霊！う<CTRL:00> <CTRL:00>！<CTRL:00><CTRL:FC>  <CTRL:00><N:≠:16:04><CTRL:00><CTRL:FC>
8/S8011.DAT,0x47AE6,27,medium,0,original,,,,,,て！<N:＆:4:07><CTRL:00><N:７:11:18><CTRL:00>て！<N:＆:4:07><CTRL:00>の<CTRL:00>て！<N:＆:4:07><CTRL:00>な<CTRL:00>て！<N:＆:4:07><CTRL:00>し<CTRL:00>て！う
8/S8011.DAT,0x47D3C,8,medium,0,original,,,,,,精。ンを？らわた
8/S8011.DAT,0x47D5A,45,medium,0,original,,,,,,<CTRL:E5>！値ひれ<N:究:1:DE46>投ミベ<CTRL:E6><CTRL:00><CTRL:E5>！場ふ<N:究:1:DE46>投ミベ<CTRL:E6><CTRL:00><CTRL:E5>！年 が精ん<CTRL:E6><CTRL:00><CTRL:E5>！もー出っん<CTRL:E6>
8/S8011.DAT,0x47DB2,8,medium,0,original,,,,,,よとすをゃで王ン
8/S8011.DAT,0x47DD4,49,medium,0,original,,,,,,<CTRL:E5>！じ者ひれ話<N:空:2:DD18><CTRL:E6><CTRL:00><CTRL:E5>！運き臣ま<G:D2:209>話<N:空:2:DD18><CTRL:E6><CTRL:00><CTRL:E5>！フダ<N:リ:12:6F>ねま負話<N:空:2:DD18><CTRL:E6><CTRL:00><CTRL:E5>！解い装ま火<CTRL:E6>
8/S8011.DAT,0x47E2C,50,medium,0,original,,,,,,<CTRL:E5>！れどどめじ話<N:空:2:DD18><CTRL:E6><CTRL:00><CTRL:E5>！れひウまねニ話<N:空:2:DD18><CTRL:E6><CTRL:00><CTRL:E5>！必ま直き話<N:空:2:DD18><CTRL:E6><CTRL:00><CTRL:E5>！解い装ま火<CTRL:E6>
8/S8011.DAT,0x47E86,25,medium,0,original,,,,,,<CTRL:E5>！はどま受金話<N:空:2:DD18><CTRL:E6><CTRL:00><CTRL:E5>！解い装ま火<CTRL:E6>
8/S8011.DAT,0x4801A,18,high,0,original,,,,,,男 / スメリアのアークさんですね。
8/S8011.DAT,0x48060,12,high,0,original,,,,,,はい。 / <CTRL:E4>よあなたは？
8/S8011.DAT,0x4809E,49,high,0,original,,,,,,男 / 私は、この国に古くから住んで / すつと水の精霊様を守つている / サリュ族の者です。
8/S8011.DAT,0x48102,48,high,0,original,,,,,,男 / ヨシュア様からあなたを / 我<N:く:18:DD06>の村へ御案内するように / と言われております。
8/S8011.DAT,0x48166,7,high,0,original,,,,,,父さんから！？
8/S8011.DAT,0x481B6,44,high,0,original,,,,,,男 / はい、ヨシュア様には / 大変お世話になりました。 / <CTRL:E4>よさ、こちらへどうぞ。
8/S8012.DAT,0x4782E,5,medium,0,original,,,,,,る<CTRL:00>し<CTRL:00><N:X:20:06>
8/S8012.DAT,0x47870,37,medium,0,original,,,,,,ふ！’<CTRL:00><N:７:11:18><CTRL:00>ふ！’<CTRL:00>の<CTRL:00>ふ！’<CTRL:00>な<CTRL:00>ふ！’<CTRL:00>し<CTRL:00>ふ！<N:＆:4:07><CTRL:00><CTRL:FF><CTRL:FF>の<CTRL:00>し<CTRL:00>ぞ！て
8/S8012.DAT,0x478EC,27,medium,0,original,,,,,,一！<N:＆:4:07><CTRL:00><N:７:11:18><CTRL:00>一！<N:＆:4:07><CTRL:00>の<CTRL:00>一！<N:＆:4:07><CTRL:00>な<CTRL:00>一！<N:＆:4:07><CTRL:00>し<CTRL:00>一！て
8/S8012.DAT,0x4794C,73,medium,0,original,,,,,,石<CTRL:00><N:ぇ:2:C0>！攻’！<CTRL:00><N:X:20:06><CTRL:00>に<CTRL:00>門<N:*:7:0B><CTRL:00><CTRL:FF><CTRL:FF><N:７:11:18><CTRL:00>た<CTRL:00><CTRL:F7><CTRL:FF>う<CTRL:00><N:≠:16:04><CTRL:00>な<CTRL:00>石<CTRL:00><N:ク:12:80>（<N:ﾉ:6:10><CTRL:FF>！<CTRL:00>，<CTRL:00><N:≠:16:04><CTRL:00>の<CTRL:00>石<CTRL:00><N:ク:12:80>（見！！<CTRL:00>，<CTRL:00><N:≠:16:04><CTRL:00>し<CTRL:00>石<CTRL:00>か’<G:E005:989>！<CTRL:00>，<CTRL:00><N:≠:16:04><CTRL:00><N:７:11:18><CTRL:00>石
8/S8012.DAT,0x479A2,31,medium,0,original,,,,,,石<CTRL:00><N:ぇ:2:C0>！攻’！<CTRL:00><N:≠:16:04><CTRL:00>に<CTRL:00>門<N:*:7:0B><CTRL:00><CTRL:FF><CTRL:FF><N:７:11:18><CTRL:00>た<CTRL:00><CTRL:F7><CTRL:FF>う<CTRL:00><N:≠:16:04><CTRL:00><N:ъ:14:1A><CTRL:00>石
8/S8012.DAT,0x479DC,29,medium,0,original,,,,,,<CTRL:00><CTRL:FF>0<CTRL:00><N:ъ:14:1A><CTRL:00>や<CTRL:00>0<CTRL:00>た<CTRL:00>や<CTRL:00>0<CTRL:00><N:７:11:18><CTRL:00>や<CTRL:00>う<CTRL:00>ら<CTRL:00>”<CTRL:00>で！て
8/S8012.DAT,0x47A2C,111,medium,0,original,,,,,,敵 <N:＆:4:07><CTRL:00><N:７:11:18><CTRL:00>敵 <N:＆:4:07><CTRL:00>の<CTRL:00>敵 <N:＆:4:07><CTRL:00>な<CTRL:00>敵 <N:＆:4:07><CTRL:00>し<CTRL:00>敵 う<CTRL:00>’<CTRL:00><N:３:14:19><CTRL:00>ど！’<CTRL:00><N:７:11:18><CTRL:00>じ！’<CTRL:00>の<CTRL:00>マ！’<CTRL:00>な<CTRL:00>タ！’<CTRL:00>し<CTRL:00>シ！う<CTRL:00>’<CTRL:00><N:３:14:19><CTRL:00>出！’<CTRL:00><N:７:11:18><CTRL:00>ね！’<CTRL:00>の<CTRL:00>下！’<CTRL:00>な<CTRL:00>何！’<CTRL:00>し<CTRL:00>チ！う<CTRL:00>を<CTRL:00>”<CTRL:00>ゃ う<CTRL:00>ら<CTRL:00>”<CTRL:00>2！に<CTRL:00>ろ て
8/S8012.DAT,0x47A4C,79,medium,0,original,,,,,,ど！’<CTRL:00><N:７:11:18><CTRL:00>じ！’<CTRL:00>の<CTRL:00>マ！’<CTRL:00>な<CTRL:00>タ！’<CTRL:00>し<CTRL:00>シ！う<CTRL:00>’<CTRL:00><N:３:14:19><CTRL:00>出！’<CTRL:00><N:７:11:18><CTRL:00>ね！’<CTRL:00>の<CTRL:00>下！’<CTRL:00>な<CTRL:00>何！’<CTRL:00>し<CTRL:00>チ！う<CTRL:00>を<CTRL:00>”<CTRL:00>ゃ う<CTRL:00>ら<CTRL:00>”<CTRL:00>2！に<CTRL:00>ろ て
8/S8012.DAT,0x47A6C,47,medium,0,original,,,,,,出！’<CTRL:00><N:７:11:18><CTRL:00>ね！’<CTRL:00>の<CTRL:00>下！’<CTRL:00>な<CTRL:00>何！’<CTRL:00>し<CTRL:00>チ！う<CTRL:00>を<CTRL:00>”<CTRL:00>ゃ う<CTRL:00>ら<CTRL:00>”<CTRL:00>2！に<CTRL:00>ろ て
8/S8012.DAT,0x47AC0,22,medium,0,original,,,,,,<N:ｌ:5:5B>！’<CTRL:00><N:７:11:18><CTRL:00>霊！う<CTRL:00> <CTRL:00>！<CTRL:00><CTRL:FC>  <CTRL:00><N:≠:16:04><CTRL:00><CTRL:FC>
8/S8012.DAT,0x47AE6,27,medium,0,original,,,,,,て！<N:＆:4:07><CTRL:00><N:７:11:18><CTRL:00>て！<N:＆:4:07><CTRL:00>の<CTRL:00>て！<N:＆:4:07><CTRL:00>な<CTRL:00>て！<N:＆:4:07><CTRL:00>し<CTRL:00>て！う
8/S8012.DAT,0x47D3C,8,medium,0,original,,,,,,精。ンを？らわた
8/S8012.DAT,0x47D5A,45,medium,0,original,,,,,,<CTRL:E5>！値ひれ<N:究:1:DE46>投ミベ<CTRL:E6><CTRL:00><CTRL:E5>！場ふ<N:究:1:DE46>投ミベ<CTRL:E6><CTRL:00><CTRL:E5>！年 が精ん<CTRL:E6><CTRL:00><CTRL:E5>！もー出っん<CTRL:E6>
8/S8012.DAT,0x47DB2,8,medium,0,original,,,,,,よとすをゃで王ン
8/S8012.DAT,0x47DD4,49,medium,0,original,,,,,,<CTRL:E5>！じ者ひれ話<N:空:2:DD18><CTRL:E6><CTRL:00><CTRL:E5>！運き臣ま<G:D2:209>話<N:空:2:DD18><CTRL:E6><CTRL:00><CTRL:E5>！フダ<N:リ:12:6F>ねま負話<N:空:2:DD18><CTRL:E6><CTRL:00><CTRL:E5>！解い装ま火<CTRL:E6>
8/S8012.DAT,0x47E2C,50,medium,0,original,,,,,,<CTRL:E5>！れどどめじ話<N:空:2:DD18><CTRL:E6><CTRL:00><CTRL:E5>！れひウまねニ話<N:空:2:DD18><CTRL:E6><CTRL:00><CTRL:E5>！必ま直き話<N:空:2:DD18><CTRL:E6><CTRL:00><CTRL:E5>！解い装ま火<CTRL:E6>
8/S8012.DAT,0x47E86,25,medium,0,original,,,,,,<CTRL:E5>！はどま受金話<N:空:2:DD18><CTRL:E6><CTRL:00><CTRL:E5>！解い装ま火<CTRL:E6>
8/S8012.DAT,0x47FDA,14,high,0,original,,,,,,チョピン 出発なさいますか？
8/S8012.DAT,0x48020,15,high,0,original,,,,,,<CTRL:E5>”出発する / <CTRL:E5>”出発しない
8/S8012.DAT,0x4806E,15,high,0,original,,,,,,チョピン では、お乗り下さい
8/S8012.DAT,0x480D4,33,high,0,original,,,,,,さあ、残りはあと1つだ。 / <CTRL:E4>よ<N:ニ:13:DD3C>ーゲン、次の目的地は？
8/S8012.DAT,0x48146,21,high,0,original,,,,,,石は次の石に我<N:く:18:DD06>を導く・・<CTRL:E4>よ。
8/S8012.DAT,0x481B0,87,high,0,original,,,,,,水の石 / <CTRL:E4>よ・・・精<CTRL:E4>4霊<CTRL:E4>4の<CTRL:E4>よ国スメ<CTRL:E4>4リ<CTRL:E4>4アの<CTRL:E4>よ・地の / <CTRL:E4>よ・城<CTRL:E4>4の<CTRL:E4>よ下<CTRL:E4>4に<CTRL:E4>4嘆き<CTRL:E4>4し<CTRL:E4>よ・<CTRL:E4>4火の<CTRL:E4>よ力<CTRL:E4>よ。
8/S8012.DAT,0x48260,29,high,0,original,,,,,,パ<N:リ:12:6F>ンシア城の地下に / 最後の火の石があつたなんて。
8/S8012.DAT,0x482B2,15,high,0,original,,,,,,何か<N:邪:1:DE36>悪なものを<N:感:1:DE48>じる。
8/S8012.DAT,0x482F6,16,high,0,original,,,,,,<N:ｌ:5:5B>嘆きしへなんて言つてるしね。
8/S8012.DAT,0x48340,40,high,0,original,,,,,,あの城にはびこつている / ヤツ等を一掃するチャンスだ。 / 俺はのつたぜ！
8/S8012.DAT,0x483A2,14,high,0,original,,,,,,引けぬ戦いは承知の上。
8/S8012.DAT,0x48466,24,high,0,original,,,,,,チョピン いつでも整備してお待ちしております。
8/S8013.DAT,0x4682E,5,medium,0,original,,,,,,る<CTRL:00>し<CTRL:00><N:X:20:06>
8/S8013.DAT,0x46870,37,medium,0,original,,,,,,ふ！’<CTRL:00><N:７:11:18><CTRL:00>ふ！’<CTRL:00>の<CTRL:00>ふ！’<CTRL:00>な<CTRL:00>ふ！’<CTRL:00>し<CTRL:00>ふ！<N:＆:4:07><CTRL:00><CTRL:FF><CTRL:FF>の<CTRL:00>し<CTRL:00>ぞ！て
8/S8013.DAT,0x468EC,27,medium,0,original,,,,,,一！<N:＆:4:07><CTRL:00><N:７:11:18><CTRL:00>一！<N:＆:4:07><CTRL:00>の<CTRL:00>一！<N:＆:4:07><CTRL:00>な<CTRL:00>一！<N:＆:4:07><CTRL:00>し<CTRL:00>一！て
8/S8013.DAT,0x4694C,73,medium,0,original,,,,,,石<CTRL:00><N:ぇ:2:C0>！攻’！<CTRL:00><N:X:20:06><CTRL:00>に<CTRL:00>門<N:*:7:0B><CTRL:00><CTRL:FF><CTRL:FF><N:７:11:18><CTRL:00>た<CTRL:00><CTRL:F7><CTRL:FF>う<CTRL:00><N:≠:16:04><CTRL:00>な<CTRL:00>石<CTRL:00><N:ク:12:80>（<N:ﾉ:6:10><CTRL:FF>！<CTRL:00>，<CTRL:00><N:≠:16:04><CTRL:00>の<CTRL:00>石<CTRL:00><N:ク:12:80>（見！！<CTRL:00>，<CTRL:00><N:≠:16:04><CTRL:00>し<CTRL:00>石<CTRL:00>か’<G:E005:989>！<CTRL:00>，<CTRL:00><N:≠:16:04><CTRL:00><N:７:11:18><CTRL:00>石
8/S8013.DAT,0x469A2,31,medium,0,original,,,,,,石<CTRL:00><N:ぇ:2:C0>！攻’！<CTRL:00><N:≠:16:04><CTRL:00>に<CTRL:00>門<N:*:7:0B><CTRL:00><CTRL:FF><CTRL:FF><N:７:11:18><CTRL:00>た<CTRL:00><CTRL:F7><CTRL:FF>う<CTRL:00><N:≠:16:04><CTRL:00><N:ъ:14:1A><CTRL:00>石
8/S8013.DAT,0x469DC,29,medium,0,original,,,,,,<CTRL:00><CTRL:FF>0<CTRL:00><N:ъ:14:1A><CTRL:00>や<CTRL:00>0<CTRL:00>た<CTRL:00>や<CTRL:00>0<CTRL:00><N:７:11:18><CTRL:00>や<CTRL:00>う<CTRL:00>ら<CTRL:00>”<CTRL:00>で！て
8/S8013.DAT,0x46A2C,111,medium,0,original,,,,,,敵 <N:＆:4:07><CTRL:00><N:７:11:18><CTRL:00>敵 <N:＆:4:07><CTRL:00>の<CTRL:00>敵 <N:＆:4:07><CTRL:00>な<CTRL:00>敵 <N:＆:4:07><CTRL:00>し<CTRL:00>敵 う<CTRL:00>’<CTRL:00><N:３:14:19><CTRL:00>ど！’<CTRL:00><N:７:11:18><CTRL:00>じ！’<CTRL:00>の<CTRL:00>マ！’<CTRL:00>な<CTRL:00>タ！’<CTRL:00>し<CTRL:00>シ！う<CTRL:00>’<CTRL:00><N:３:14:19><CTRL:00>出！’<CTRL:00><N:７:11:18><CTRL:00>ね！’<CTRL:00>の<CTRL:00>下！’<CTRL:00>な<CTRL:00>何！’<CTRL:00>し<CTRL:00>チ！う<CTRL:00>を<CTRL:00>”<CTRL:00>ゃ う<CTRL:00>ら<CTRL:00>”<CTRL:00>2！に<CTRL:00>ろ て
8/S8013.DAT,0x46A4C,79,medium,0,original,,,,,,ど！’<CTRL:00><N:７:11:18><CTRL:00>じ！’<CTRL:00>の<CTRL:00>マ！’<CTRL:00>な<CTRL:00>タ！’<CTRL:00>し<CTRL:00>シ！う<CTRL:00>’<CTRL:00><N:３:14:19><CTRL:00>出！’<CTRL:00><N:７:11:18><CTRL:00>ね！’<CTRL:00>の<CTRL:00>下！’<CTRL:00>な<CTRL:00>何！’<CTRL:00>し<CTRL:00>チ！う<CTRL:00>を<CTRL:00>”<CTRL:00>ゃ う<CTRL:00>ら<CTRL:00>”<CTRL:00>2！に<CTRL:00>ろ て
8/S8013.DAT,0x46A6C,47,medium,0,original,,,,,,出！’<CTRL:00><N:７:11:18><CTRL:00>ね！’<CTRL:00>の<CTRL:00>下！’<CTRL:00>な<CTRL:00>何！’<CTRL:00>し<CTRL:00>チ！う<CTRL:00>を<CTRL:00>”<CTRL:00>ゃ う<CTRL:00>ら<CTRL:00>”<CTRL:00>2！に<CTRL:00>ろ て
8/S8013.DAT,0x46AC0,22,medium,0,original,,,,,,<N:ｌ:5:5B>！’<CTRL:00><N:７:11:18><CTRL:00>霊！う<CTRL:00> <CTRL:00>！<CTRL:00><CTRL:FC>  <CTRL:00><N:≠:16:04><CTRL:00><CTRL:FC>
8/S8013.DAT,0x46AE6,27,medium,0,original,,,,,,て！<N:＆:4:07><CTRL:00><N:７:11:18><CTRL:00>て！<N:＆:4:07><CTRL:00>の<CTRL:00>て！<N:＆:4:07><CTRL:00>な<CTRL:00>て！<N:＆:4:07><CTRL:00>し<CTRL:00>て！う
8/S8013.DAT,0x46D3C,8,medium,0,original,,,,,,精。ンを？らわた
8/S8013.DAT,0x46D5A,45,medium,0,original,,,,,,<CTRL:E5>！値ひれ<N:究:1:DE46>投ミベ<CTRL:E6><CTRL:00><CTRL:E5>！場ふ<N:究:1:DE46>投ミベ<CTRL:E6><CTRL:00><CTRL:E5>！年 が精ん<CTRL:E6><CTRL:00><CTRL:E5>！もー出っん<CTRL:E6>
8/S8013.DAT,0x46DB2,8,medium,0,original,,,,,,よとすをゃで王ン
8/S8013.DAT,0x46DD4,49,medium,0,original,,,,,,<CTRL:E5>！じ者ひれ話<N:空:2:DD18><CTRL:E6><CTRL:00><CTRL:E5>！運き臣ま<G:D2:209>話<N:空:2:DD18><CTRL:E6><CTRL:00><CTRL:E5>！フダ<N:リ:12:6F>ねま負話<N:空:2:DD18><CTRL:E6><CTRL:00><CTRL:E5>！解い装ま火<CTRL:E6>
8/S8013.DAT,0x46E2C,50,medium,0,original,,,,,,<CTRL:E5>！れどどめじ話<N:空:2:DD18><CTRL:E6><CTRL:00><CTRL:E5>！れひウまねニ話<N:空:2:DD18><CTRL:E6><CTRL:00><CTRL:E5>！必ま直き話<N:空:2:DD18><CTRL:E6><CTRL:00><CTRL:E5>！解い装ま火<CTRL:E6>
8/S8013.DAT,0x46E86,25,medium,0,original,,,,,,<CTRL:E5>！はどま受金話<N:空:2:DD18><CTRL:E6><CTRL:00><CTRL:E5>！解い装ま火<CTRL:E6>
8/S8013.DAT,0x4766E,16,high,0,original,,,,,,チョピン / 出発なさいますか？
8/S8013.DAT,0x476B6,31,high,0,original,,,,,,<CTRL:E5>”出発する / <CTRL:E5>”出発しない / <CTRL:E5>”耳よりな話を聞きたい！
8/S8013.DAT,0x47716,14,high,0,original,,,,,,チョピン / では、こちらへ
8/S8013.DAT,0x47846,26,high,0,original,,,,,,チョピン / いつでも整備してお待ちしております。
8/S8013.DAT,0x4793E,22,high,0,original,,,,,,チョピン / どれについてお話ししましょう？
8/S8013.DAT,0x47996,51,high,0,original,,,,,,<CTRL:E5>”ストーンサークル / <CTRL:E5>”リン<N:ク:12:80>の位置設定 / <CTRL:E5>”召喚獣について / <CTRL:E5>”次の<N:へ:4:DDF7>ージ
8/S8013.DAT,0x47A12,42,high,0,original,,,,,,<CTRL:E5>”ポニの楽器 / <CTRL:E5>”闘技場 / <CTRL:E5>”<N:ヒ:5:DDB5>ートウ<N:｣:13:DEB4>ール / <CTRL:E5>”やつっりいいや。
8/S8013.DAT,0x47A84,47,high,0,original,,,,,,<CTRL:E5>”ストーンサークル / <CTRL:E5>”リン<N:ク:12:80>の位置設定 / <CTRL:E5>”召喚獣 / <CTRL:E5>”次の<N:へ:4:DDF7>ージ
8/S8013.DAT,0x47AFC,41,high,0,original,,,,,,<CTRL:E5>”ポニの楽器 / <CTRL:E5>”闘技場 / <CTRL:E5>”<N:ヒ:5:DDB5>ートウ<N:｣:13:DEB4>ール / <CTRL:E5>”次の<N:へ:4:DDF7>ージ
8/S8013.DAT,0x47B6E,56,high,0,original,,,,,,<CTRL:E5>”ラマダ寺の修行 / <CTRL:E5>”ロマンシン<N:ク:12:80>ストーン / <CTRL:E5>”アクセサリー<N:ｌ:5:5B>きぬのおびへ / <CTRL:E5>”やつっりいいや。
8/S8013.DAT,0x47BE8,50,high,0,original,,,,,,チョピン / <N:ニ:13:DD3C>ーゲンさんが仲聞になつた後にオルカスの丘のストーンサークルへ行きましたか？
8/S8013.DAT,0x47C4C,42,high,0,original,,,,,,チョピン / ここでは、あるア<N:｣:11:65>テムが手に入ります。ストーンサークルだけに・・。
8/S8013.DAT,0x47CAC,50,high,0,original,,,,,,チョピン / バトル中に、自分のターンで / スタート<N:卞:16:DDA1>タンをおすと / ステータスを見れますよね。
8/S8013.DAT,0x47D10,55,high,0,original,,,,,,チョピン / その時に、カーソルと<CTRL:E7>！でリン<N:ク:12:80>の中の技を選んでア<N:｣:11:65>ニンの位置を変えられるんです。
8/S8013.DAT,0x47D7A,40,high,0,original,,,,,,チョピン / これは、一度変えるとセーフされるので / すつと使えますよ。
8/S8013.DAT,0x47DD8,68,high,0,original,,,,,,チョピン / 召喚獣は全部で<N:ｃ:9:17>までなると聞いております。中には見つかりにくいものもいるようなのであちこち探してみて下さい。
8/S8013.DAT,0x47E52,64,high,0,original,,,,,,チョピン / ポニ様の楽器は、全部で<N:３:14:19>つになると聞いております。全部見つかると、かなり強い兵隊になれそうですね。
8/S8013.DAT,0x47EC8,41,high,0,original,,,,,,チョピン / その後の闘技場では、バトルに勝つた数を数えているみたいですね。
8/S8013.DAT,0x47F24,42,high,0,original,,,,,,チョピン / きつと、いいことがありますから / がんばつて記ろくを作つて下さい。
8/S8013.DAT,0x47F84,66,high,0,original,,,,,,チョピン / <N:ニ:13:DD3C>ーゲン様の<N:ヒ:5:DDB5>ートウ<N:｣:13:DEB4>ールの魔法の火に<N:ｌ:5:5B>大きな爆弾へを投げ込むと大爆発が / 起こるそうです。
8/S8013.DAT,0x47FF8,36,high,0,original,,,,,,チョピン / モンスターの多いところで使つてみては / どうでしょう。
8/S8013.DAT,0x48052,68,high,0,original,,,,,,チョピン / ラマダ寺では、ランクを設けて修行を行つているようですが、その全てを終えると手に入るアクセサリーがあるようです。
8/S8013.DAT,0x480C8,38,high,0,original,,,,,,チョピン / ただ、ラマダ寺でもらえるわけではないようですが・・・。
8/S8013.DAT,0x48124,66,high,0,original,,,,,,チョピン / ロマンシン<N:ク:12:80>ストーンのある場所がわかりました。1つはスメリアのトウウ<N:ｲ:6:DD03>ル / 1つはアララトスの遺跡ダンジョン、
8/S8013.DAT,0x48198,52,high,0,original,,,,,,チョピン / 1つは<N:ニ:13:DD3C>ーゲン様が、最後の1つはアークさんの父上が持つてらつしゃつたみたいですね。
8/S8013.DAT,0x48202,67,high,0,original,,,,,,チョピン / 戦闘での経験値が倍になるアクセサリーがあるようです。名前は<N:ｌ:5:5B>きぬのおびへ。 / 誰でも使えるようですね。
8/S8021.DAT,0x47A3C,3,medium,0,original,,,,,,<CTRL:F6><N:＄:1:05>て
8/S8021.DAT,0x47A9E,22,high,0,original,,,,,,サリュ族の男 / あれが我<N:く:18:DD06>の村です。
8/S8021.DAT,0x47B1C,47,high,0,original,,,,,,サリュ族の男 / ア<G:DDF8:467>ンダ高地から来た我<N:く:18:DD06>の祖先が / 最初に住んだ場所です。
8/S8021.DAT,0x47B8C,57,high,0,original,,,,,,サリュ族の男 / そのころは、ここは水とみどりの豊かな / それは住みやすい土地だつた / と聞いております。
8/S8021.DAT,0x47BFA,26,high,0,original,,,,,,この砂漠の国が？ / 急には信じられない話ね。
8/S8021.DAT,0x47C46,32,high,0,original,,,,,,サリュ族の男 / <N:空:2:DD18>港から大きな<N:建:1:DEAA>物が見えたでしょう。
8/S8021.DAT,0x47CB0,31,high,0,original,,,,,,えらく無骨（ぶこつ）な / <N:建:1:DEAA>物だつたが、あれは何じゃ？
8/S8021.DAT,0x47D10,34,high,0,original,,,,,,サリュ族の男 / あれは動力石の<N:採:2:DEE3><N:掘:3:DEAE>場（さいくつじょう）です。
8/S8021.DAT,0x47D7A,48,high,0,original,,,,,,サリュ族の男 / 動力石は、今ではあら<G:DD04:223>る国で / 機械を動かす源となつているものです。
8/S8021.DAT,0x47DF2,39,high,0,original,,,,,,サリュ族の男 / 1000年前に、ロマリアから来た男が / 動力石を<N:掘:3:DEAE>つて、
8/S8021.DAT,0x47E4C,33,high,0,original,,,,,,サリュ族の男 / 他の国へ売りつける商売を始めました。
8/S8021.DAT,0x47EA0,38,high,0,original,,,,,,サリュ族の男 / 動力石は、高値で売れ / 国はにわかに富みました。
8/S8021.DAT,0x47F0E,42,high,0,original,,,,,,サリュ族の男 / ところが急な<N:採:2:DEE3><N:掘:3:DEAE>は自然に / くるいを生じさせたのです。
8/S8021.DAT,0x47F6A,28,high,0,original,,,,,,サリュ族の男 / 少しすつ、国はかわきはじめました。
8/S8021.DAT,0x47FC6,40,high,0,original,,,,,,サリュ族の男 / そして今では、 / 国はすつかり砂漠化してしまいました。
8/S8021.DAT,0x4802E,38,high,0,original,,,,,,サリュ族の男 / しかし、その男の子孫が / この国を治めているのです。
8/S8021.DAT,0x48096,7,high,0,original,,,,,,なんてことだ。
8/S8021.DAT,0x480D0,39,high,0,original,,,,,,サリュ族の男 / まいりましょう。 / 長老から聞いて頂きたい話があります。
8/S8021.DAT,0x48296,28,high,0,original,,,,,,サリュ族の男 / <CTRL:E4>よむ・村が、村が・・。
8/S8021.DAT,0x48310,10,high,0,original,,,,,,何が起きたんだ！？
8/S8031.DAT,0x469EE,49,medium,0,original,,,,,,<CTRL:00><N:ъ:14:1A><CTRL:00>し<CTRL:00>す<CTRL:00><N:．:2:0F><CTRL:00>う<CTRL:00> <CTRL:00>ん<CTRL:00><N:ｃ:12:16><CTRL:00>は<CTRL:00><N:．:2:0F> に<CTRL:00>す<CTRL:00><N:ﾉ:6:10><CTRL:00>う<CTRL:00> <CTRL:00>ん<CTRL:00><N:ｃ:9:17><CTRL:00>は<CTRL:00><N:．:2:0F> に<CTRL:00> <CTRL:00>・ か<CTRL:00>
8/S8031.DAT,0x46A12,13,medium,0,original,,,,,,は<CTRL:00><N:．:2:0F> に<CTRL:00> <CTRL:00>・ か<CTRL:00>
8/S8031.DAT,0x46BEA,49,medium,0,original,,,,,,<CTRL:00><N:ъ:14:1A><CTRL:00>し<CTRL:00>す<CTRL:00><N:．:2:0F><CTRL:00>う<CTRL:00> <CTRL:00>ん<CTRL:00><N:ｃ:12:16><CTRL:00>は<CTRL:00>，！に<CTRL:00>す<CTRL:00><N:ﾉ:6:10><CTRL:00>う<CTRL:00> <CTRL:00>ん<CTRL:00><N:ｃ:9:17><CTRL:00>は<CTRL:00>，！に<CTRL:00> <CTRL:00>が！か<CTRL:00>
8/S8031.DAT,0x46C0E,13,medium,0,original,,,,,,は<CTRL:00>，！に<CTRL:00> <CTRL:00>が！か<CTRL:00>
8/S8031.DAT,0x46E0E,21,medium,0,original,,,,,,<CTRL:00><N:ъ:14:1A><CTRL:00>し<CTRL:00>す<CTRL:00><N:*:7:0B><CTRL:00><N:ｃ:9:17><CTRL:00>す<CTRL:00>”<CTRL:00>う<CTRL:00> <CTRL:00>ま
8/S8031.DAT,0x46E1A,9,medium,0,original,,,,,,す<CTRL:00>”<CTRL:00>う<CTRL:00> <CTRL:00>ま
8/S8031.DAT,0x47086,21,medium,0,original,,,,,,<CTRL:00><N:ъ:14:1A><CTRL:00>し<CTRL:00>す<CTRL:00><N:*:7:0B><CTRL:00><N:ｃ:9:17><CTRL:00>す<CTRL:00>”<CTRL:00>う<CTRL:00> <CTRL:00>ま
8/S8031.DAT,0x47092,9,medium,0,original,,,,,,す<CTRL:00>”<CTRL:00>う<CTRL:00> <CTRL:00>ま
8/S8031.DAT,0x4729E,21,medium,0,original,,,,,,<CTRL:00><N:ъ:14:1A><CTRL:00>し<CTRL:00>す<CTRL:00><N:*:7:0B><CTRL:00><N:ｃ:9:17><CTRL:00>す<CTRL:00>”<CTRL:00>う<CTRL:00> <CTRL:00>ま
8/S8031.DAT,0x472AA,9,medium,0,original,,,,,,す<CTRL:00>”<CTRL:00>う<CTRL:00> <CTRL:00>ま
8/S8031.DAT,0x4748E,21,medium,0,original,,,,,,<CTRL:00><N:ъ:14:1A><CTRL:00>し<CTRL:00>す<CTRL:00><N:*:7:0B><CTRL:00><N:ｃ:9:17><CTRL:00>す<CTRL:00>”<CTRL:00>う<CTRL:00> <CTRL:00>ま
8/S8031.DAT,0x4749A,9,medium,0,original,,,,,,す<CTRL:00>”<CTRL:00>う<CTRL:00> <CTRL:00>ま
8/S8031.DAT,0x4758E,7,medium,0,original,,,,,,<CTRL:00><N:ъ:14:1A><CTRL:00>し<CTRL:00>
8/S8031.DAT,0x478EC,9,medium,0,original,,,,,,す<CTRL:00>”<CTRL:00>う<CTRL:00> <CTRL:00>ま
8/S8031.DAT,0x479A0,9,medium,0,original,,,,,,す<CTRL:00>”<CTRL:00>う<CTRL:00> <CTRL:00>ま
8/S8031.DAT,0x47ACE,9,medium,0,original,,,,,,す<CTRL:00>”<CTRL:00>う<CTRL:00> <CTRL:00>ま
8/S8031.DAT,0x47CE2,9,medium,0,original,,,,,,す<CTRL:00>”<CTRL:00>う<CTRL:00> <CTRL:00>ま
8/S8031.DAT,0x47D82,9,medium,0,original,,,,,,す<CTRL:00>”<CTRL:00>う<CTRL:00> <CTRL:00>ま
8/S8031.DAT,0x47DF8,9,medium,0,original,,,,,,す<CTRL:00>”<CTRL:00>う<CTRL:00> <CTRL:00>ま
8/S8031.DAT,0x47EF4,9,medium,0,original,,,,,,す<CTRL:00>”<CTRL:00>う<CTRL:00> <CTRL:00>ま
8/S8031.DAT,0x48220,9,medium,0,original,,,,,,す<CTRL:00>”<CTRL:00>う<CTRL:00> <CTRL:00>ま
8/S8031.DAT,0x4856C,24,high,0,original,,,,,,サリュ族の男 / な、なんてことだ！？<CTRL:E4>よ<CTRL:E4>よ
8/S8031.DAT,0x48588,19,high,0,original,,,,,,サリュ族の男 / 長老・・<CTRL:E4>よ。
8/S8031.DAT,0x485FA,29,high,0,original,,,,,,ひどい・・<CTRL:E4>よ。 / ひ<CTRL:E4><N:*:7:0B>ど<CTRL:E4>よすぎる・・<CTRL:E4>よ。
8/S8031.DAT,0x48662,15,high,0,original,,,,,,生き残つた人はいないのか？
8/S8031.DAT,0x486E8,28,high,0,original,,,,,,マットバトラー / 水の神殿のカ<N:午:19:DDB6>は手に入つたか？
8/S8031.DAT,0x48736,16,high,0,original,,,,,,<N:リ:12:6F>ットス<N:ゲ:16:DD6D>ルトン / うがー！
8/S8031.DAT,0x48778,37,high,0,original,,,,,,マットバトラー / よし、カサトール様がお待ちかねだ。 / 引きあげるぞ。
8/S8031.DAT,0x487D2,3,high,0,original,,,,,,待て！
8/S8031.DAT,0x4881C,20,high,0,original,,,,,,マットバトラー / なんだ、きさまは！？
8/S8031.DAT,0x48864,15,high,0,original,,,,,,おまえらがこんなこをしたのか？
8/S8031.DAT,0x488A6,25,high,0,original,,,,,,マットバトラー / だとしたらどうなんだ、小僧！
8/S8031.DAT,0x488F4,13,high,0,original,,,,,,<G:DD04:223>るすわけにはいかない！
8/S8031.DAT,0x49AAC,26,medium,0,original,,,,,,と<CTRL:00>の<CTRL:00>0<CTRL:00><CTRL:FF><CTRL:FF>と<CTRL:00><N:ｃ:12:16><CTRL:00><N:＄:1:05><CTRL:00><CTRL:FF><CTRL:FF>や<CTRL:00><N:ｌ:6:0C><CTRL:00>）<CTRL:00><CTRL:FF><CTRL:FF><CTRL:FF><CTRL:FF>
8/S8041.DAT,0x47918,13,medium,0,original,,,,,,<CTRL:F7><CTRL:FF><N:*:7:0B><CTRL:00><CTRL:FF><CTRL:FF>4<CTRL:00><N:ｃ:9:17><CTRL:00><CTRL:FD><CTRL:FF>3
8/S8041.DAT,0x47922,3,medium,0,original,,,,,,<CTRL:FD><CTRL:FF>3
8/S8041.DAT,0x479BC,31,high,0,original,,,,,,待て！ / <CTRL:E4>よお前をその神殿に / 入れるわけにはいかない！
8/S8041.DAT,0x47A1C,54,high,0,original,,,,,,カサトール / きさまが<N:嗅:18:DF57>のスメリアの戦士か。 / あちこちで我<N:く:18:DD06>の<N:邪:1:DE36>魔を / してくれているようだな。
8/S8041.DAT,0x47A94,45,high,0,original,,,,,,<N:邪:1:DE36>魔？<CTRL:E4>よ / あなた達のやつているこが / この世界を / どんどん悪くしているのよ。
8/S8041.DAT,0x47B08,32,high,0,original,,,,,,カサトール / 世界が悪くなつてるだと？ / 何様のつもりだ！
8/S8041.DAT,0x47B5A,62,high,0,original,,,,,,カサトール / 利用できるものをとことん利用し / 生きる価値もないようなク<N:ス:15:DE1F>を / 消し去つて何が悪い？
8/S8041.DAT,0x47BDA,17,high,0,original,,,,,,何てこを・・・ / 許さん！
8/S8041.DAT,0x47C32,42,high,0,original,,,,,,カサトール / きさまの相手は / 我がモンスター / <N:ク:12:80>ラ・アピスとニ・アピス達だ！
8/S8041.DAT,0x47C9C,47,high,0,original,,,,,,カサトール / 俺と勝負がしたくば / 勝つて神殿まで来い！ / <CTRL:E4>よ来られればの話だがな。
8/S8051.DAT,0x469E8,49,medium,0,original,,,,,,<CTRL:00><N:ъ:14:1A><CTRL:00>し<CTRL:00>す<CTRL:00><N:．:2:0F><CTRL:00>う<CTRL:00> <CTRL:00>ん<CTRL:00><N:ｃ:12:16><CTRL:00>は<CTRL:00><N:ｌ:6:0C> に<CTRL:00>す<CTRL:00><N:ﾉ:6:10><CTRL:00>う<CTRL:00> <CTRL:00>ん<CTRL:00><N:ｃ:9:17><CTRL:00>は<CTRL:00><N:ｌ:6:0C> に<CTRL:00> <CTRL:00>つ か<CTRL:00>
8/S8051.DAT,0x46A0C,13,medium,0,original,,,,,,は<CTRL:00><N:ｌ:6:0C> に<CTRL:00> <CTRL:00>つ か<CTRL:00>
8/S8051.DAT,0x46BE4,49,medium,0,original,,,,,,<CTRL:00><N:ъ:14:1A><CTRL:00>し<CTRL:00>す<CTRL:00><N:．:2:0F><CTRL:00>う<CTRL:00> <CTRL:00>ん<CTRL:00><N:ｃ:12:16><CTRL:00>は<CTRL:00>）！に<CTRL:00>す<CTRL:00><N:ﾉ:6:10><CTRL:00>う<CTRL:00> <CTRL:00>ん<CTRL:00><N:ｃ:9:17><CTRL:00>は<CTRL:00>）！に<CTRL:00> <CTRL:00>ま！か<CTRL:00>
8/S8051.DAT,0x46C08,13,medium,0,original,,,,,,は<CTRL:00>）！に<CTRL:00> <CTRL:00>ま！か<CTRL:00>
8/S8051.DAT,0x46E08,21,medium,0,original,,,,,,<CTRL:00><N:ъ:14:1A><CTRL:00>し<CTRL:00>す<CTRL:00><N:*:7:0B><CTRL:00><N:ｃ:9:17><CTRL:00>す<CTRL:00>”<CTRL:00>う<CTRL:00> <CTRL:00>ま
8/S8051.DAT,0x46E14,9,medium,0,original,,,,,,す<CTRL:00>”<CTRL:00>う<CTRL:00> <CTRL:00>ま
8/S8051.DAT,0x47080,21,medium,0,original,,,,,,<CTRL:00><N:ъ:14:1A><CTRL:00>し<CTRL:00>す<CTRL:00><N:*:7:0B><CTRL:00><N:ｃ:9:17><CTRL:00>す<CTRL:00>”<CTRL:00>う<CTRL:00> <CTRL:00>ま
8/S8051.DAT,0x4708C,9,medium,0,original,,,,,,す<CTRL:00>”<CTRL:00>う<CTRL:00> <CTRL:00>ま
8/S8051.DAT,0x47298,21,medium,0,original,,,,,,<CTRL:00><N:ъ:14:1A><CTRL:00>し<CTRL:00>す<CTRL:00><N:*:7:0B><CTRL:00><N:ｃ:9:17><CTRL:00>す<CTRL:00>”<CTRL:00>う<CTRL:00> <CTRL:00>ま
8/S8051.DAT,0x472A4,9,medium,0,original,,,,,,す<CTRL:00>”<CTRL:00>う<CTRL:00> <CTRL:00>ま
8/S8051.DAT,0x47488,21,medium,0,original,,,,,,<CTRL:00><N:ъ:14:1A><CTRL:00>し<CTRL:00>す<CTRL:00><N:*:7:0B><CTRL:00><N:ｃ:9:17><CTRL:00>す<CTRL:00>”<CTRL:00>う<CTRL:00> <CTRL:00>ま
8/S8051.DAT,0x47494,9,medium,0,original,,,,,,す<CTRL:00>”<CTRL:00>う<CTRL:00> <CTRL:00>ま
8/S8051.DAT,0x47588,7,medium,0,original,,,,,,<CTRL:00><N:ъ:14:1A><CTRL:00>し<CTRL:00>
8/S8051.DAT,0x478E6,9,medium,0,original,,,,,,す<CTRL:00>”<CTRL:00>う<CTRL:00> <CTRL:00>ま
8/S8051.DAT,0x4799A,9,medium,0,original,,,,,,す<CTRL:00>”<CTRL:00>う<CTRL:00> <CTRL:00>ま
8/S8051.DAT,0x47AC8,9,medium,0,original,,,,,,す<CTRL:00>”<CTRL:00>う<CTRL:00> <CTRL:00>ま
8/S8051.DAT,0x47CDC,9,medium,0,original,,,,,,す<CTRL:00>”<CTRL:00>う<CTRL:00> <CTRL:00>ま
8/S8051.DAT,0x47D7C,9,medium,0,original,,,,,,す<CTRL:00>”<CTRL:00>う<CTRL:00> <CTRL:00>ま
8/S8051.DAT,0x47DF2,9,medium,0,original,,,,,,す<CTRL:00>”<CTRL:00>う<CTRL:00> <CTRL:00>ま
8/S8051.DAT,0x47EEE,9,medium,0,original,,,,,,す<CTRL:00>”<CTRL:00>う<CTRL:00> <CTRL:00>ま
8/S8051.DAT,0x4821A,9,medium,0,original,,,,,,す<CTRL:00>”<CTRL:00>う<CTRL:00> <CTRL:00>ま
8/S8051.DAT,0x48688,19,high,0,original,,,,,,なぜ、サリュ族の村を破壊した？
8/S8051.DAT,0x486F0,16,high,0,original,,,,,,カサトール / しつこいやつめ！
8/S8051.DAT,0x48732,34,high,0,original,,,,,,カサトール / まあいい、 / 神殿のカ<N:午:19:DDB6>が欲しかつたのでな。
8/S8051.DAT,0x48786,27,high,0,original,,,,,,カサトール / なかなかおもしろい見世物だつたろう。
8/S8051.DAT,0x487D4,37,high,0,original,,,,,,カサトール / ク<N:ス:15:DE1F>どもを殺すのに、 / それ以上の理由などない。
8/S8051.DAT,0x4884A,32,high,0,original,,,,,,きさまら、くさつてる！<CTRL:E4>ご / く<CTRL:E4><N:*:7:0B>さ<CTRL:E4><N:*:7:0B>り<CTRL:E4>よきつてる！！<CTRL:E4>よ
8/S8051.DAT,0x488E4,52,high,0,original,,,,,,カサトール / ふつ！ / 弱いやつほどよくほえる<CTRL:E4>よ。 / よかろう、望みどおり始末してやる。
8/S8051.DAT,0x49A04,14,medium,0,original,,,,,,’<CTRL:00><CTRL:FF><CTRL:FF>を<CTRL:00>，<CTRL:00>’<CTRL:00><N:ｌ:6:0C><CTRL:00><CTRL:FF><CTRL:FF>
8/S8061.DAT,0x479B6,32,high,0,original,,,,,,砂漠の地下にこんな水を / たたえた場所があるなんて・・。
8/S8061.DAT,0x47A0A,12,high,0,original,,,,,,すすしくて気持ちいい。
8/S8061.DAT,0x47A4A,20,high,0,original,,,,,,水のベみが体に伝わつてくるようだわ。
8/S8061.DAT,0x47A98,50,high,0,original,,,,,,なんだいあんたたちは。 / 助けてくれたのはありがたいけど / 許可もなく入らないで欲しいわね。
8/S8061.DAT,0x47B20,11,high,0,original,,,,,,あなたが、水の精霊ね。
8/S8061.DAT,0x47B6C,24,high,0,original,,,,,,水の精霊 / そうとも、水のベみをつかさどるね。
8/S8061.DAT,0x47BB6,43,high,0,original,,,,,,水の精霊 / それが、こんな地下<N:深:11:DEA0>くでひつそりと / 誰にもありがたがられすにね<N:ぇ:2:C0>。
8/S8061.DAT,0x47C22,44,high,0,original,,,,,,水の精霊 / わらつちゃうじゃないの。 / この国はもともと / <G:DD04:223>たかな国だつたんだよ。
8/S8061.DAT,0x47C80,22,high,0,original,,,,,,水の精霊 / <G:DEAB:645>告をしても聞きやしない。
8/S8061.DAT,0x47CD6,44,high,0,original,,,,,,水の精霊 / 自分達のやつているこが / どういう結果をうむのか / わかつてるのかい？
8/S8061.DAT,0x47D3E,36,high,0,original,,,,,,人はそれを / 学ぶ時がくるはすです。 / 現に俺達もこうして・・。
8/S8061.DAT,0x47DA2,38,high,0,original,,,,,,水の精霊 / わかつたわよ。 / 助けてもらつたんだ、<N:感:1:DE48>謝しなくちゃね。
8/S8061.DAT,0x47E5E,12,high,0,original,,,,,,<N:ｌ:5:5B>水の石へを手に入れた。
8/S8061.DAT,0x47EBE,50,high,0,original,,,,,,水の精霊 / その子は / 風の精霊からあすかつた<N:ｌ:5:5B>フウジンへ / 役に立つ奴だから連れていきな。
8/S8061.DAT,0x47F22,24,high,0,original,,,,,,水の精霊 / 私の言つたこ<N:忘:1:DD48>れないでおくれよ。
8/S8061.DAT,0x47F6C,33,high,0,original,,,,,,水の精霊 / それがわかんないヤツ等に / 私の力はかさないよ！
8/S8061.DAT,0x47FC8,52,high,0,original,,,,,,水の精霊 / ついでにこの国の / モンスター<N:退:3:DE63>治をしていつておくれよ！ / その分お礼はするからさ。
8/S8061.DAT,0x4802E,37,high,0,original,,,,,,水の精霊 / どうせだつたら、 / どーんと100<N:く:4:DDB7>らい<N:退:3:DE63>治しとくれ。
8/S8062.DAT,0x4791C,16,high,0,original,,,,,,水の精霊 / よく来てくれたね。
8/S8062.DAT,0x479C0,38,high,0,original,,,,,,水の精霊 / この国を悪しきものたちから / 守つてくれたお礼をするよ。
8/S8062.DAT,0x47A60,38,high,0,original,,,,,,水の精霊 / この国を悪しきものたちから / 守つてくれたお礼をするよ。
8/S8062.DAT,0x47B00,29,high,0,original,,,,,,水の精霊 / あんたたちの行いを、私はいつでも見ているよ。
8/S8062.DAT,0x47B70,14,high,0,original,,,,,,<N:ｌ:5:5B>薬草へをもらいました。
8/S8062.DAT,0x47BB6,17,high,0,original,,,,,,<N:ｌ:5:5B>大きい爆弾へをもらいました。
8/S8062.DAT,0x47C00,18,high,0,original,,,,,,<N:ｌ:5:5B>女神のいのりへをもらいました。
8/S8062.DAT,0x47C4A,19,high,0,original,,,,,,<N:ｌ:5:5B>みなぎる果実へをもらいました。
8/S8062.DAT,0x47C96,11,high,0,original,,,,,,<N:ｌ:5:5B>石へをもらいました。
8/S8062.DAT,0x47CDA,17,high,0,original,,,,,,<N:ｌ:5:5B>乱れる宝石へをもらいました。
8/S8062.DAT,0x47D2C,17,high,0,original,,,,,,<N:ｌ:5:5B>気合いラッパへをもらいました。
8/S8062.DAT,0x47D70,32,high,0,original,,,,,,水の精霊 / モンスター1体に大ダメージをあたえるラッパだよ。
8/S8062.DAT,0x47DC4,16,high,0,original,,,,,,ありがとう。きつと役に立つよ。
9/S9012.DAT,0x4799E,11,high,0,original,,,,,,よし、引き上げよう！
9/S9012.DAT,0x479DE,13,high,0,original,,,,,,待つて！！ / あれを見て。
9/S9012.DAT,0x47A9A,25,high,0,original,,,,,,デス / そう簡単に逃がすわけにはいかない。
9/S9012.DAT,0x47AE6,37,high,0,original,,,,,,デス / エ<N:リ:12:6F>ベータのロー<N:フ:11:DD55>を切つて / まとめて始末してやる。
9/S9012.DAT,0x47B5A,10,high,0,original,,,,,,そんなこさせるか！。
9/S9012.DAT,0x47B98,26,high,0,original,,,,,,やつらは俺が引き受ける。 / 先に行つててくれ。
9/S9012.DAT,0x47C00,9,high,0,original,,,,,,待つて！私もいく。
9/S9013.DAT,0x4795C,17,high,0,original,,,,,,無こだつたんだね。 / よかつた！
9/S9013.DAT,0x479A2,10,high,0,original,,,,,,かつこつけやがつて。
9/S9013.DAT,0x479E0,8,high,0,original,,,,,,心配したぞ。
9/S9013.DAT,0x47A2E,27,high,0,original,,,,,,城が崩れるかも知れない。 / 王を助けださなきゃ。
9/S9021.DAT,0x469EE,49,medium,0,original,,,,,,<CTRL:00><N:ъ:14:1A><CTRL:00>し<CTRL:00>す<CTRL:00><N:．:2:0F><CTRL:00>う<CTRL:00> <CTRL:00>ん<CTRL:00><N:ｃ:12:16><CTRL:00>は<CTRL:00><N:．:2:0F> に<CTRL:00>す<CTRL:00><N:ﾉ:6:10><CTRL:00>う<CTRL:00> <CTRL:00>ん<CTRL:00><N:ｃ:9:17><CTRL:00>は<CTRL:00><N:．:2:0F> に<CTRL:00> <CTRL:00>・ か<CTRL:00>
9/S9021.DAT,0x46A12,13,medium,0,original,,,,,,は<CTRL:00><N:．:2:0F> に<CTRL:00> <CTRL:00>・ か<CTRL:00>
9/S9021.DAT,0x46BEA,49,medium,0,original,,,,,,<CTRL:00><N:ъ:14:1A><CTRL:00>し<CTRL:00>す<CTRL:00><N:．:2:0F><CTRL:00>う<CTRL:00> <CTRL:00>ん<CTRL:00><N:ｃ:12:16><CTRL:00>は<CTRL:00>，！に<CTRL:00>す<CTRL:00><N:ﾉ:6:10><CTRL:00>う<CTRL:00> <CTRL:00>ん<CTRL:00><N:ｃ:9:17><CTRL:00>は<CTRL:00>，！に<CTRL:00> <CTRL:00>が！か<CTRL:00>
9/S9021.DAT,0x46C0E,13,medium,0,original,,,,,,は<CTRL:00>，！に<CTRL:00> <CTRL:00>が！か<CTRL:00>
9/S9021.DAT,0x46E0E,21,medium,0,original,,,,,,<CTRL:00><N:ъ:14:1A><CTRL:00>し<CTRL:00>す<CTRL:00><N:*:7:0B><CTRL:00><N:ｃ:9:17><CTRL:00>す<CTRL:00>”<CTRL:00>う<CTRL:00> <CTRL:00>ま
9/S9021.DAT,0x46E1A,9,medium,0,original,,,,,,す<CTRL:00>”<CTRL:00>う<CTRL:00> <CTRL:00>ま
9/S9021.DAT,0x47086,21,medium,0,original,,,,,,<CTRL:00><N:ъ:14:1A><CTRL:00>し<CTRL:00>す<CTRL:00><N:*:7:0B><CTRL:00><N:ｃ:9:17><CTRL:00>す<CTRL:00>”<CTRL:00>う<CTRL:00> <CTRL:00>ま
9/S9021.DAT,0x47092,9,medium,0,original,,,,,,す<CTRL:00>”<CTRL:00>う<CTRL:00> <CTRL:00>ま
9/S9021.DAT,0x4729E,21,medium,0,original,,,,,,<CTRL:00><N:ъ:14:1A><CTRL:00>し<CTRL:00>す<CTRL:00><N:*:7:0B><CTRL:00><N:ｃ:9:17><CTRL:00>す<CTRL:00>”<CTRL:00>う<CTRL:00> <CTRL:00>ま
9/S9021.DAT,0x472AA,9,medium,0,original,,,,,,す<CTRL:00>”<CTRL:00>う<CTRL:00> <CTRL:00>ま
9/S9021.DAT,0x4748E,21,medium,0,original,,,,,,<CTRL:00><N:ъ:14:1A><CTRL:00>し<CTRL:00>す<CTRL:00><N:*:7:0B><CTRL:00><N:ｃ:9:17><CTRL:00>す<CTRL:00>”<CTRL:00>う<CTRL:00> <CTRL:00>ま
9/S9021.DAT,0x4749A,9,medium,0,original,,,,,,す<CTRL:00>”<CTRL:00>う<CTRL:00> <CTRL:00>ま
9/S9021.DAT,0x4758E,7,medium,0,original,,,,,,<CTRL:00><N:ъ:14:1A><CTRL:00>し<CTRL:00>
9/S9021.DAT,0x478EC,9,medium,0,original,,,,,,す<CTRL:00>”<CTRL:00>う<CTRL:00> <CTRL:00>ま
9/S9021.DAT,0x479A0,9,medium,0,original,,,,,,す<CTRL:00>”<CTRL:00>う<CTRL:00> <CTRL:00>ま
9/S9021.DAT,0x47ACE,9,medium,0,original,,,,,,す<CTRL:00>”<CTRL:00>う<CTRL:00> <CTRL:00>ま
9/S9021.DAT,0x47CE2,9,medium,0,original,,,,,,す<CTRL:00>”<CTRL:00>う<CTRL:00> <CTRL:00>ま
9/S9021.DAT,0x47D82,9,medium,0,original,,,,,,す<CTRL:00>”<CTRL:00>う<CTRL:00> <CTRL:00>ま
9/S9021.DAT,0x47DF8,9,medium,0,original,,,,,,す<CTRL:00>”<CTRL:00>う<CTRL:00> <CTRL:00>ま
9/S9021.DAT,0x47EF4,9,medium,0,original,,,,,,す<CTRL:00>”<CTRL:00>う<CTRL:00> <CTRL:00>ま
9/S9021.DAT,0x48220,9,medium,0,original,,,,,,す<CTRL:00>”<CTRL:00>う<CTRL:00> <CTRL:00>ま
9/S9021.DAT,0x48536,4,high,0,original,,,,,,何だ！？
9/S9021.DAT,0x48572,20,high,0,original,,,,,,逃げ切れたと思つているのか！<CTRL:E4><N:ｌ:5:5B>
9/S9031.DAT,0x469E8,49,medium,0,original,,,,,,<CTRL:00><N:ъ:14:1A><CTRL:00>し<CTRL:00>す<CTRL:00><N:．:2:0F><CTRL:00>う<CTRL:00> <CTRL:00>ん<CTRL:00><N:ｃ:12:16><CTRL:00>は<CTRL:00><N:ｌ:6:0C> に<CTRL:00>す<CTRL:00><N:ﾉ:6:10><CTRL:00>う<CTRL:00> <CTRL:00>ん<CTRL:00><N:ｃ:9:17><CTRL:00>は<CTRL:00><N:ｌ:6:0C> に<CTRL:00> <CTRL:00>つ か<CTRL:00>
9/S9031.DAT,0x46A0C,13,medium,0,original,,,,,,は<CTRL:00><N:ｌ:6:0C> に<CTRL:00> <CTRL:00>つ か<CTRL:00>
9/S9031.DAT,0x46BE4,49,medium,0,original,,,,,,<CTRL:00><N:ъ:14:1A><CTRL:00>し<CTRL:00>す<CTRL:00><N:．:2:0F><CTRL:00>う<CTRL:00> <CTRL:00>ん<CTRL:00><N:ｃ:12:16><CTRL:00>は<CTRL:00>）！に<CTRL:00>す<CTRL:00><N:ﾉ:6:10><CTRL:00>う<CTRL:00> <CTRL:00>ん<CTRL:00><N:ｃ:9:17><CTRL:00>は<CTRL:00>）！に<CTRL:00> <CTRL:00>ま！か<CTRL:00>
9/S9031.DAT,0x46C08,13,medium,0,original,,,,,,は<CTRL:00>）！に<CTRL:00> <CTRL:00>ま！か<CTRL:00>
9/S9031.DAT,0x46E08,21,medium,0,original,,,,,,<CTRL:00><N:ъ:14:1A><CTRL:00>し<CTRL:00>す<CTRL:00><N:*:7:0B><CTRL:00><N:ｃ:9:17><CTRL:00>す<CTRL:00>”<CTRL:00>う<CTRL:00> <CTRL:00>ま
9/S9031.DAT,0x46E14,9,medium,0,original,,,,,,す<CTRL:00>”<CTRL:00>う<CTRL:00> <CTRL:00>ま
9/S9031.DAT,0x47080,21,medium,0,original,,,,,,<CTRL:00><N:ъ:14:1A><CTRL:00>し<CTRL:00>す<CTRL:00><N:*:7:0B><CTRL:00><N:ｃ:9:17><CTRL:00>す<CTRL:00>”<CTRL:00>う<CTRL:00> <CTRL:00>ま
9/S9031.DAT,0x4708C,9,medium,0,original,,,,,,す<CTRL:00>”<CTRL:00>う<CTRL:00> <CTRL:00>ま
9/S9031.DAT,0x47298,21,medium,0,original,,,,,,<CTRL:00><N:ъ:14:1A><CTRL:00>し<CTRL:00>す<CTRL:00><N:*:7:0B><CTRL:00><N:ｃ:9:17><CTRL:00>す<CTRL:00>”<CTRL:00>う<CTRL:00> <CTRL:00>ま
9/S9031.DAT,0x472A4,9,medium,0,original,,,,,,す<CTRL:00>”<CTRL:00>う<CTRL:00> <CTRL:00>ま
9/S9031.DAT,0x47488,21,medium,0,original,,,,,,<CTRL:00><N:ъ:14:1A><CTRL:00>し<CTRL:00>す<CTRL:00><N:*:7:0B><CTRL:00><N:ｃ:9:17><CTRL:00>す<CTRL:00>”<CTRL:00>う<CTRL:00> <CTRL:00>ま
9/S9031.DAT,0x47494,9,medium,0,original,,,,,,す<CTRL:00>”<CTRL:00>う<CTRL:00> <CTRL:00>ま
9/S9031.DAT,0x47588,7,medium,0,original,,,,,,<CTRL:00><N:ъ:14:1A><CTRL:00>し<CTRL:00>
9/S9031.DAT,0x478E6,9,medium,0,original,,,,,,す<CTRL:00>”<CTRL:00>う<CTRL:00> <CTRL:00>ま
9/S9031.DAT,0x4799A,9,medium,0,original,,,,,,す<CTRL:00>”<CTRL:00>う<CTRL:00> <CTRL:00>ま
9/S9031.DAT,0x47AC8,9,medium,0,original,,,,,,す<CTRL:00>”<CTRL:00>う<CTRL:00> <CTRL:00>ま
9/S9031.DAT,0x47CDC,9,medium,0,original,,,,,,す<CTRL:00>”<CTRL:00>う<CTRL:00> <CTRL:00>ま
9/S9031.DAT,0x47D7C,9,medium,0,original,,,,,,す<CTRL:00>”<CTRL:00>う<CTRL:00> <CTRL:00>ま
9/S9031.DAT,0x47DF2,9,medium,0,original,,,,,,す<CTRL:00>”<CTRL:00>う<CTRL:00> <CTRL:00>ま
9/S9031.DAT,0x47EEE,9,medium,0,original,,,,,,す<CTRL:00>”<CTRL:00>う<CTRL:00> <CTRL:00>ま
9/S9031.DAT,0x4821A,9,medium,0,original,,,,,,す<CTRL:00>”<CTRL:00>う<CTRL:00> <CTRL:00>ま
9/S9031.DAT,0x4865C,19,high,0,original,,,,,,所長 / きさまらどうやつて入つた！？
9/S9031.DAT,0x486C4,21,high,0,original,,,,,,所長 / 急いで、大臣様に連らくしろ！
9/S9031.DAT,0x4873C,32,high,0,original,,,,,,所長 / ははっ、トウウ<N:ｲ:6:DD03>ルから / 来たとかいう小僧だな。
9/S9031.DAT,0x4878E,43,high,0,original,,,,,,所長 / 炎の精霊を取り返しにきたのか？ / よし、ここで始末してやる。<CTRL:E4>よ<CTRL:E4>よ
9/S9041.DAT,0x47A10,20,high,0,original,,,,,,げ炎誰<CTRL:E6><CTRL:00>ゃわで。大ー出・るっ・う！そ
9/S9041.DAT,0x47A78,20,high,0,original,,,,,,げ炎誰<CTRL:E6><CTRL:00> 勇、ちッぜ <N:感:1:DE48> てろな
9/S9041.DAT,0x47AEE,65,high,0,original,,,,,,げ炎誰<CTRL:E6><CTRL:00>すす見、め分取ヨきが。サうりがたー終老らかな攻いク霊こ<N:ぇ:2:C0>く<N:非:1:DE5A>て ゃういがなアて、だだをぶ望てる出んな<CTRL:E4>？<CTRL:E4>？
9/S9051.DAT,0x4795A,8,high,0,original,,,,,,特別番組
9/S9051.DAT,0x479B4,34,high,0,original,,,,,,アナウンサー / 大変<N:悲:5:DDBA>しいお知らせをしなくては / なりません。
9/S9051.DAT,0x47A1C,16,high,0,original,,,,,,アナウンサー / 本日未明
9/S9051.DAT,0x47A6A,26,high,0,original,,,,,,アナウンサー / スメリア国王が暗殺されました。
9/S9051.DAT,0x47AC8,12,high,0,original,,,,,,アナウンサー / さらに
9/S9051.DAT,0x47B0C,39,high,0,original,,,,,,アナウンサー / 賊はパ<N:リ:12:6F>ンシア城を爆破の末に / 逃走しました。
9/S9051.DAT,0x47B72,55,high,0,original,,,,,,アナウンサー / 賊はトウウ<N:ｲ:6:DD03>ル村出身の / アーク・エダ・リニルヌを / 首謀者とする<N:７:11:18>人で、
9/S9051.DAT,0x47BEE,14,high,0,original,,,,,,アナウンサー / 現在、
9/S9051.DAT,0x47C34,34,high,0,original,,,,,,アナウンサー / 国王専用飛行<N:船:6:DE0B>を奪つて逃走中です。
9/S9051.DAT,0x47C9C,14,high,0,original,,,,,,アナウンサー / それでは、
9/S9051.DAT,0x47CE8,24,high,0,original,,,,,,アナウンサー / 臨時国家安全委員会の
9/S9051.DAT,0x47D38,24,high,0,original,,,,,,アナウンサー / アンデル大臣からの言葉です。
9/S9051.DAT,0x47D9C,58,high,0,original,,,,,,アンデル大臣 / この<N:混:4:DEE4>乱が落ち着くまで / 臨時安全委員会を設立し / 国家運営を行います。
9/S9051.DAT,0x47E08,30,high,0,original,,,,,,アンデル大臣 / 運営には委員長として私があたります。
9/S9051.DAT,0x47E58,48,high,0,original,,,,,,アンデル大臣 / 今後は現在<N:建:1:DEAA>設中のパ<N:リ:12:6F>ンシアタワーより国民に指<N:示:2:DE6F>を行います。
9/S9051.DAT,0x47EBA,38,high,0,original,,,,,,アンデル大臣 / ます本日より / パ<N:リ:12:6F>ンシアに戒厳令をしきます。
9/S9051.DAT,0x47F12,47,high,0,original,,,,,,アンデル大臣 / 大変、不幸なこ<N:態:20:DF23>ですが / 国民には冷静な対処を<N:求:3:DE79>めます。
9/S9051.DAT,0x47F86,19,high,0,original,,,,,,アナウンサー / 続きまして・・
B/SB011.DAT,0x479F8,49,medium,0,original,,,,,,<CTRL:00><N:ъ:14:1A><CTRL:00>し<CTRL:00>す<CTRL:00><N:．:2:0F><CTRL:00>う<CTRL:00> <CTRL:00>ん<CTRL:00><N:ｃ:12:16><CTRL:00>は<CTRL:00>3 に<CTRL:00>す<CTRL:00><N:ﾉ:6:10><CTRL:00>う<CTRL:00> <CTRL:00>ん<CTRL:00><N:ｃ:9:17><CTRL:00>は<CTRL:00>3 に<CTRL:00> <CTRL:00>ー か<CTRL:00>
B/SB011.DAT,0x47A1C,13,medium,0,original,,,,,,は<CTRL:00>3 に<CTRL:00> <CTRL:00>ー か<CTRL:00>
B/SB011.DAT,0x47BF4,49,medium,0,original,,,,,,<CTRL:00><N:ъ:14:1A><CTRL:00>し<CTRL:00>す<CTRL:00><N:．:2:0F><CTRL:00>う<CTRL:00> <CTRL:00>ん<CTRL:00><N:ｃ:12:16><CTRL:00>は<CTRL:00>1！に<CTRL:00>す<CTRL:00><N:ﾉ:6:10><CTRL:00>う<CTRL:00> <CTRL:00>ん<CTRL:00><N:ｃ:9:17><CTRL:00>は<CTRL:00>1！に<CTRL:00> <CTRL:00>を！か<CTRL:00>
B/SB011.DAT,0x47C18,13,medium,0,original,,,,,,は<CTRL:00>1！に<CTRL:00> <CTRL:00>を！か<CTRL:00>
B/SB011.DAT,0x47E18,21,medium,0,original,,,,,,<CTRL:00><N:ъ:14:1A><CTRL:00>し<CTRL:00>す<CTRL:00><N:*:7:0B><CTRL:00><N:ｃ:9:17><CTRL:00>す<CTRL:00>”<CTRL:00>う<CTRL:00> <CTRL:00>ま
B/SB011.DAT,0x47E24,9,medium,0,original,,,,,,す<CTRL:00>”<CTRL:00>う<CTRL:00> <CTRL:00>ま
B/SB011.DAT,0x48090,21,medium,0,original,,,,,,<CTRL:00><N:ъ:14:1A><CTRL:00>し<CTRL:00>す<CTRL:00><N:*:7:0B><CTRL:00><N:ｃ:9:17><CTRL:00>す<CTRL:00>”<CTRL:00>う<CTRL:00> <CTRL:00>ま
B/SB011.DAT,0x4809C,9,medium,0,original,,,,,,す<CTRL:00>”<CTRL:00>う<CTRL:00> <CTRL:00>ま
B/SB011.DAT,0x482A8,21,medium,0,original,,,,,,<CTRL:00><N:ъ:14:1A><CTRL:00>し<CTRL:00>す<CTRL:00><N:*:7:0B><CTRL:00><N:ｃ:9:17><CTRL:00>す<CTRL:00>”<CTRL:00>う<CTRL:00> <CTRL:00>ま
B/SB011.DAT,0x482B4,9,medium,0,original,,,,,,す<CTRL:00>”<CTRL:00>う<CTRL:00> <CTRL:00>ま
B/SB011.DAT,0x48498,21,medium,0,original,,,,,,<CTRL:00><N:ъ:14:1A><CTRL:00>し<CTRL:00>す<CTRL:00><N:*:7:0B><CTRL:00><N:ｃ:9:17><CTRL:00>す<CTRL:00>”<CTRL:00>う<CTRL:00> <CTRL:00>ま
B/SB011.DAT,0x484A4,9,medium,0,original,,,,,,す<CTRL:00>”<CTRL:00>う<CTRL:00> <CTRL:00>ま
B/SB011.DAT,0x48598,7,medium,0,original,,,,,,<CTRL:00><N:ъ:14:1A><CTRL:00>し<CTRL:00>
B/SB011.DAT,0x488F6,9,medium,0,original,,,,,,す<CTRL:00>”<CTRL:00>う<CTRL:00> <CTRL:00>ま
B/SB011.DAT,0x489AA,9,medium,0,original,,,,,,す<CTRL:00>”<CTRL:00>う<CTRL:00> <CTRL:00>ま
B/SB011.DAT,0x48AD8,9,medium,0,original,,,,,,す<CTRL:00>”<CTRL:00>う<CTRL:00> <CTRL:00>ま
B/SB011.DAT,0x48CEC,9,medium,0,original,,,,,,す<CTRL:00>”<CTRL:00>う<CTRL:00> <CTRL:00>ま
B/SB011.DAT,0x48D8C,9,medium,0,original,,,,,,す<CTRL:00>”<CTRL:00>う<CTRL:00> <CTRL:00>ま
B/SB011.DAT,0x48E02,9,medium,0,original,,,,,,す<CTRL:00>”<CTRL:00>う<CTRL:00> <CTRL:00>ま
B/SB011.DAT,0x48EFE,9,medium,0,original,,,,,,す<CTRL:00>”<CTRL:00>う<CTRL:00> <CTRL:00>ま
B/SB011.DAT,0x4922A,9,medium,0,original,,,,,,す<CTRL:00>”<CTRL:00>う<CTRL:00> <CTRL:00>ま
B/SB021.DAT,0x4782E,5,medium,0,original,,,,,,る<CTRL:00>し<CTRL:00><N:X:20:06>
B/SB021.DAT,0x47A50,37,high,0,original,,,,,,聖柩 / われの力を<N:求:3:DE79>めし者よ / その時が来たというならば力をかそう。
B/SB021.DAT,0x47AB0,50,high,0,original,,,,,,聖柩 / しかし、そのためにはおまえ達人聞が / おのれをたち切る強さを / 持たねばならない。
B/SB021.DAT,0x47B14,43,high,0,original,,,,,,聖柩 / さっ、我が試練を受けるがいい。おのれ達自身の暗分身と戦うのだ。
B/SB022.DAT,0x4782E,5,medium,0,original,,,,,,る<CTRL:00>し<CTRL:00><N:X:20:06>
B/SB022.DAT,0x478D8,29,high,0,original,,,,,,アーク、おまえたちの気持ちは / 確かに受け取つた。
B/SB022.DAT,0x47948,59,high,0,original,,,,,,天の声 / 滅亡を防<N:く:4:DDB7>ための最後の力などない。 / ここにあるのは、かつておまえたちが / 持つていた力。
B/SB022.DAT,0x47990,38,high,0,original,,,,,,天の声 / 全てを愛しいつくしむ心。 / そして全てを守る力だ。
B/SB022.DAT,0x479C2,54,high,0,original,,,,,,天の声 / しかしおまえたち人聞は / <N:麿:16:DE23><N:史:5:DE3A>をかさねるうちに / その心を<N:忘:1:DD48>れ力を失つてしまつた。
B/SB022.DAT,0x47A04,44,high,0,original,,,,,,天の声 / <N:ｌ:5:5B>聖柩への中にある宝とはすなわち / ここまでの苦難を乗りこえ
B/SB022.DAT,0x47A3C,44,high,0,original,,,,,,天の声 / 見聞き、そして<N:悲:5:DDBA>しみ、苦しみ / 成長してきたアーク、お前自身だ。
B/SB022.DAT,0x47A74,36,high,0,original,,,,,,天の声 / そして全ての愛する心を持つた / 人聞たちなのだ。
B/SB022.DAT,0x47AC0,29,high,0,original,,,,,,天の声 / さあ自らが持つベき力を手にするがよい。
B/SB022.DAT,0x47B0C,18,medium,0,original,,,,,,アークは<N:ｌ:5:5B>勇者の力へを手に入れた。
B/SB022.DAT,0x47B2A,18,medium,0,original,,,,,,ククルは<N:ｌ:5:5B>聖母の力へを手に入れた。
B/SB022.DAT,0x47B48,46,high,0,original,,,,,,天の声 / おまえ達の未来は自らの欲望にしばられ / おのれを見失つている人聞達と
B/SB022.DAT,0x47B82,43,high,0,original,,,,,,天の声 / そこにつけ込むモンスター達によつて / 滅亡にむけて進んでいる。
B/SB022.DAT,0x47BBA,46,high,0,original,,,,,,天の声 / このままではモンスターと共に / 人聞もこの世界から消え去るであろう。
B/SB022.DAT,0x47BF4,53,high,0,original,,,,,,天の声 / アークよ、得た力を使い / 他の仲聞と力をあわせ / 人<N:く:18:DD06>を気付かせみちびくのだ。
B/SB022.DAT,0x47C36,47,high,0,original,,,,,,天の声 / そしてククルよ / おまえはこれより、世界からとじる / トウウ<N:ｲ:6:DD03>ルに残り
B/SB022.DAT,0x47C72,37,high,0,original,,,,,,天の声 / 目<N:ざ:2:DD3D>めた民の力を集め / アークを守り支えるのだ。
B/SB022.DAT,0x47D4A,58,high,0,original,,,,,,地の精霊 / 学んでおるようじゃな。 / わきまえた者には自然も力を<N:与:3:DD3F>える。 / わしら精霊とて例外ではない。
B/SB022.DAT,0x47D9E,38,high,0,original,,,,,,水の精霊 / あんた達を見てて人聞を少し見直したよ / がんばんなさいよ。
B/SB022.DAT,0x47DDE,57,high,0,original,,,,,,風の精霊 / さて、これからが本当の正ねん場じゃ。 / わしらも全面的に手をかす。 / 存分に暴れてこい。
B/SB022.DAT,0x47E32,56,high,0,original,,,,,,火の精霊 / 今こそ、お前達の言葉である、 / <N:ｌ:5:5B>人聞の自らの過ちを正す勇気へ / を見せてもらうときじゃ。
B/SB022.DAT,0x47E84,53,high,0,original,,,,,,光の精霊 / アーク、君は僕の信じた通りの人聞だつたでも聞違つた道を進んでいる人達もいる。
B/SB022.DAT,0x47EC6,45,high,0,original,,,,,,光の精霊 / それを正せるのは君たちしかいない。 / すばらしい未来を期待してるよ。
B/SB022.DAT,0x47F00,37,high,0,original,,,,,,天の声 / さあ、<G:DD04:223>くがよい。 / 未来はお前達が切り<N:閂:11:DDE0>くのだ。
B/SB022.DAT,0x4808E,7,medium,0,original,,,,,,闘<CTRL:00>大（下<N:＄:1:05>！
B/SB022.DAT,0x4809C,3,medium,0,original,,,,,,<CTRL:F7><CTRL:FF>て
B/SB031.DAT,0x500B4,23,medium,0,original,,,,,,れまは、や<N:｣:11:65>リいへ滅国中が 治つ<N:ぇ:2:C0>・うな
B/SB031.DAT,0x5011E,56,medium,0,original,,,,,,暗い方誰<CTRL:E6><CTRL:00><N:真:2:DE9F><N:忘:1:DD48>こ民近軍い<N:ザ:8:DDC8> いれ<N:リ:12:6F>売庫か大かたなだだ あんいす、がタるや<N:｣:11:65>リつ滅・るたうル
B/SB031.DAT,0x50162,36,medium,0,original,,,,,,暗い方誰<CTRL:E6><CTRL:00>食るこ美て て動心、よてる食るこ天ん軍いルらな
B/SB031.DAT,0x50192,48,medium,0,original,,,,,,暗い方誰<CTRL:E6><CTRL:00>てがてや<N:｣:11:65>リ人<N:ｌ:5:5B>す、特皇こ ラんー国 よい心こ急とルこ結・るてで・うな
B/SB031.DAT,0x501CE,56,medium,0,original,,,,,,暗い方誰<CTRL:E6><CTRL:00>投去貴い死 あん商りすさかえ国、だだでをい呪 こ<N:ス:15:DE1F>く 精、入敵ゃ、よてる<N:閤:15:DDB1>てチ、
B/SB031.DAT,0x50212,29,medium,0,original,,,,,,暗い方誰<CTRL:E6><CTRL:00>呪てチ素炎てるサうれまはや<N:｣:11:65>達<N:示:2:DE6F>らな
B/SB031.DAT,0x5023C,34,medium,0,original,,,,,,暗い方誰<CTRL:E6><CTRL:00>よてる食るい美さん心こ滅・う人<N:ｌ:5:5B>う国かいらな
B/SB031.DAT,0x50286,29,medium,0,original,,,,,,暗い方誰<CTRL:E6><CTRL:00>わあ達。つ滅タ最ゃルこ来 さんつアたな
B/SB031.DAT,0x502D2,15,medium,0,original,,,,,,れまはす考聞いルこ来 っとう
B/SB031.DAT,0x502EE,15,medium,0,original,,,,,,ははきす助俺いルこ来 っとう
B/SB031.DAT,0x5030A,39,medium,0,original,,,,,,暗い方誰<CTRL:E6><CTRL:00>だい場ふす達。い男長らつ て戦。と、 こ入結・るたん人<N:ｌ:5:5B>リり
B/SB031.DAT,0x5033E,41,medium,0,original,,,,,,暗い方誰<CTRL:E6><CTRL:00>よだ タつ伝動ぞおじモまリ ア・る<N:真:2:DE9F><N:忘:1:DD48> 動つる違ンをたんな
B/SB031.DAT,0x50374,43,medium,0,original,,,,,,暗い方誰<CTRL:E6><CTRL:00>だいででをすぞおじモまりヌ 人<N:ｌ:5:5B>もだい場ふが。使精過んをあろーな
B/SB031.DAT,0x503AC,44,medium,0,original,,,,,,暗い方誰<CTRL:E6><CTRL:00>れまはア道うルこ時た専いベ<N:ｌ:5:5B>り ルて、人闘こへ許が王神？いらな
B/SB031.DAT,0x503E4,37,medium,0,original,,,,,,暗い方誰<CTRL:E6><CTRL:00>よてるははきア、や<N:｣:11:65>すだとアく けんめ分取ヨき 幻く
B/SB031.DAT,0x50416,33,medium,0,original,,,,,,暗い方誰<CTRL:E6><CTRL:00>役 っう剣い多築 こ野くよだこ天んいらな
B/SB031.DAT,0x50460,59,medium,0,original,,,,,,力いク霊誰<CTRL:E6><CTRL:00>試ンをやんアーけスかなやいとこえゃで精う聞 す達用もルこ鏡精んなえて。ク霊りる弾雷をすかたな
B/SB031.DAT,0x504B6,38,medium,0,original,,,,,,加いク霊誰<CTRL:E6><CTRL:00>あンうリこ入るる人<N:ｌ:5:5B>こ召て入確てうアなつン戦ンかわたアな
B/SB031.DAT,0x504F6,53,medium,0,original,,,,,,父いク霊誰<CTRL:E6><CTRL:00>わる、だとが。つ光<G:DD04:223>い備 びけスなえて。も食乱<N:ニ:13:DD3C> 来こ さな由石 <N:船:6:DE0B>とるだた
B/SB031.DAT,0x50546,51,medium,0,original,,,,,,持いク霊誰<CTRL:E6><CTRL:00>回だよ、や<N:｣:11:65>リい会<N:午:15:DD4E>をあんの人<N:ｌ:5:5B>い達。い涙国こ備さ考へしこ入王るも。ーュけスな
B/SB031.DAT,0x50594,61,medium,0,original,,,,,,上いク霊誰<CTRL:E6><CTRL:00>れまは、葉す無いフけう<N:っ:4:DD57>くい人<N:ｌ:5:5B>ら・うなをもだーてるん<N:ｌ:5:5B> も<N:ｌ:5:5B>倒・う母こ違ンをたん人リもたんな
B/SB031.DAT,0x505DE,43,medium,0,original,,,,,,上いク霊誰<CTRL:E6><CTRL:00>よとこ備王んいす葉う国てがたかたなさ戦。てた相サこ<N:∧:11:DE83>トてるんアな
B/SB031.DAT,0x50616,32,medium,0,original,,,,,,暗い方誰わあ、テ？つアたな相サすや<N:｣:11:65>リつ頂く能？いらな
B/SB031.DAT,0x50720,7,medium,0,original,,,,,,闘<CTRL:00>大（下<N:＄:1:05>！
B/SB031.DAT,0x5072E,3,medium,0,original,,,,,,<CTRL:F7><CTRL:FF>て
B/SB041.DAT,0x47986,10,medium,0,original,,,,,,一体何だつてんだ！
B/SB041.DAT,0x479DC,7,medium,0,original,,,,,,始まつたか。
B/SB041.DAT,0x479F8,3,medium,0,original,,,,,,えつ？
B/SB041.DAT,0x47A84,4,medium,0,original,,,,,,アーク！
B/SB041.DAT,0x47AAA,18,high,0,original,,,,,,さっ、それぞれの役目を果たすのだ。
B/SB041.DAT,0x47AEE,23,high,0,original,,,,,,アークはうみへ向かい、世界へ飛び立て。
B/SB041.DAT,0x47B22,34,high,0,original,,,,,,ククルはとじるトウウ<N:ｲ:6:DD03>ルに入り、 / 勇者アークをささえるのだ。
B/SB041.DAT,0x47B7C,21,medium,0,original,,,,,,このままじゃ俺達も飲み込まれちまうぜ！
B/SB051.DAT,0x47972,37,medium,0,original,,,,,,<N:＆:4:07> ’<CTRL:00><N:７:11:18><CTRL:00><N:＆:4:07> ’<CTRL:00>の<CTRL:00><N:＆:4:07> ’<CTRL:00>な<CTRL:00><N:＆:4:07> ’<CTRL:00>し<CTRL:00><N:＆:4:07> <N:＆:4:07><CTRL:00><CTRL:FF><CTRL:FF>の<CTRL:00>し<CTRL:00><N:ｌ:6:0C> て
B/SB051.DAT,0x479DC,29,medium,0,original,,,,,,石<CTRL:00><N:ぇ:2:C0>！攻’！<CTRL:00><N:≠:16:04><CTRL:00>に<CTRL:00><CTRL:FB><CTRL:00><N:*:7:0B><CTRL:00><CTRL:FF><CTRL:FF><N:７:11:18><CTRL:00>し<CTRL:00><CTRL:F7><CTRL:FF>う<CTRL:00>0<CTRL:00><N:３:14:19>
B/SB051.DAT,0x479FA,9,medium,0,original,,,,,,<CTRL:00><CTRL:FF>0<CTRL:00><N:７:11:18><CTRL:00>や<CTRL:00>う
B/SB051.DAT,0x49AA2,7,medium,0,original,,,,,,<CTRL:00>！た<N:ъ:14:1A> <CTRL:00><CTRL:FE>
B/SB071.DAT,0x47980,21,medium,0,original,,,,,,が<CTRL:00> <CTRL:00><N:＆:4:07><CTRL:00><N:ъ:14:1A><CTRL:00>が<CTRL:00><N:＆:4:07><CTRL:00><N:＆:4:07><CTRL:00>い<CTRL:00>は<CTRL:00>！<CTRL:00><N:＆:4:07>
B/SB071.DAT,0x479A8,49,medium,0,original,,,,,,ダ<CTRL:00>う<CTRL:00>り<CTRL:00><N:３:14:19><CTRL:00>ウ<CTRL:00>う<CTRL:00>が<CTRL:00>1<CTRL:00>る<CTRL:00><N:７:11:18><CTRL:00>が<CTRL:00>1<CTRL:00>に<CTRL:00><N:３:14:19><CTRL:00>が<CTRL:00> <CTRL:00><N:＆:4:07><CTRL:00><N:ъ:14:1A><CTRL:00>が<CTRL:00><N:＆:4:07><CTRL:00><N:＆:4:07><CTRL:00>い<CTRL:00>は<CTRL:00>！<CTRL:00><N:＆:4:07>
B/SB071.DAT,0x479B0,41,medium,0,original,,,,,,ウ<CTRL:00>う<CTRL:00>が<CTRL:00>1<CTRL:00>る<CTRL:00><N:７:11:18><CTRL:00>が<CTRL:00>1<CTRL:00>に<CTRL:00><N:３:14:19><CTRL:00>が<CTRL:00> <CTRL:00><N:＆:4:07><CTRL:00><N:ъ:14:1A><CTRL:00>が<CTRL:00><N:＆:4:07><CTRL:00><N:＆:4:07><CTRL:00>い<CTRL:00>は<CTRL:00>！<CTRL:00><N:＆:4:07>
B/SB071.DAT,0x479C4,21,medium,0,original,,,,,,が<CTRL:00> <CTRL:00><N:＆:4:07><CTRL:00><N:ъ:14:1A><CTRL:00>が<CTRL:00><N:＆:4:07><CTRL:00><N:＆:4:07><CTRL:00>い<CTRL:00>は<CTRL:00>！<CTRL:00><N:＆:4:07>
B/SB071.DAT,0x479EC,57,medium,0,original,,,,,,会<CTRL:00>う<CTRL:00>り<CTRL:00><N:３:14:19><CTRL:00>私<CTRL:00>う<CTRL:00>が<CTRL:00><N:ﾉ:6:10><CTRL:00><N:ъ:14:1A><CTRL:00><N:７:11:18><CTRL:00>が<CTRL:00><N:＄:1:05><CTRL:00><N:ъ:14:1A><CTRL:00>の<CTRL:00>が<CTRL:00><N:ﾉ:6:10><CTRL:00>い<CTRL:00><N:３:14:19><CTRL:00>が<CTRL:00> <CTRL:00><N:＆:4:07><CTRL:00><N:ъ:14:1A><CTRL:00>が<CTRL:00><N:＆:4:07><CTRL:00><N:＆:4:07><CTRL:00>い<CTRL:00>は<CTRL:00>！<CTRL:00><N:＆:4:07>
B/SB071.DAT,0x479F4,49,medium,0,original,,,,,,私<CTRL:00>う<CTRL:00>が<CTRL:00><N:ﾉ:6:10><CTRL:00><N:ъ:14:1A><CTRL:00><N:７:11:18><CTRL:00>が<CTRL:00><N:＄:1:05><CTRL:00><N:ъ:14:1A><CTRL:00>の<CTRL:00>が<CTRL:00><N:ﾉ:6:10><CTRL:00>い<CTRL:00><N:３:14:19><CTRL:00>が<CTRL:00> <CTRL:00><N:＆:4:07><CTRL:00><N:ъ:14:1A><CTRL:00>が<CTRL:00><N:＆:4:07><CTRL:00><N:＆:4:07><CTRL:00>い<CTRL:00>は<CTRL:00>！<CTRL:00><N:＆:4:07>
B/SB071.DAT,0x47A10,21,medium,0,original,,,,,,が<CTRL:00> <CTRL:00><N:＆:4:07><CTRL:00><N:ъ:14:1A><CTRL:00>が<CTRL:00><N:＆:4:07><CTRL:00><N:＆:4:07><CTRL:00>い<CTRL:00>は<CTRL:00>！<CTRL:00><N:＆:4:07>
B/SB071.DAT,0x47A4C,21,medium,0,original,,,,,,が<CTRL:00> <CTRL:00><N:＆:4:07><CTRL:00><N:ъ:14:1A><CTRL:00>が<CTRL:00><N:＆:4:07><CTRL:00><N:＆:4:07><CTRL:00>い<CTRL:00>は<CTRL:00>！<CTRL:00><N:＆:4:07>
B/SB071.DAT,0x47A74,65,medium,0,original,,,,,,思<CTRL:00>う<CTRL:00>り<CTRL:00><N:３:14:19><CTRL:00>自<CTRL:00>う<CTRL:00>り<CTRL:00><N:３:14:19><CTRL:00>オ<CTRL:00>う<CTRL:00>が<CTRL:00>1<CTRL:00><N:ъ:14:1A><CTRL:00><N:７:11:18><CTRL:00>が<CTRL:00><N:＄:1:05><CTRL:00><N:ъ:14:1A><CTRL:00>な<CTRL:00>が<CTRL:00>1<CTRL:00>い<CTRL:00><N:３:14:19><CTRL:00>が<CTRL:00> <CTRL:00><N:＆:4:07><CTRL:00><N:ъ:14:1A><CTRL:00>が<CTRL:00><N:＆:4:07><CTRL:00><N:＆:4:07><CTRL:00>い<CTRL:00>は<CTRL:00>！<CTRL:00><N:＆:4:07>
B/SB071.DAT,0x47A7C,57,medium,0,original,,,,,,自<CTRL:00>う<CTRL:00>り<CTRL:00><N:３:14:19><CTRL:00>オ<CTRL:00>う<CTRL:00>が<CTRL:00>1<CTRL:00><N:ъ:14:1A><CTRL:00><N:７:11:18><CTRL:00>が<CTRL:00><N:＄:1:05><CTRL:00><N:ъ:14:1A><CTRL:00>な<CTRL:00>が<CTRL:00>1<CTRL:00>い<CTRL:00><N:３:14:19><CTRL:00>が<CTRL:00> <CTRL:00><N:＆:4:07><CTRL:00><N:ъ:14:1A><CTRL:00>が<CTRL:00><N:＆:4:07><CTRL:00><N:＆:4:07><CTRL:00>い<CTRL:00>は<CTRL:00>！<CTRL:00><N:＆:4:07>
B/SB071.DAT,0x47A84,49,medium,0,original,,,,,,オ<CTRL:00>う<CTRL:00>が<CTRL:00>1<CTRL:00><N:ъ:14:1A><CTRL:00><N:７:11:18><CTRL:00>が<CTRL:00><N:＄:1:05><CTRL:00><N:ъ:14:1A><CTRL:00>な<CTRL:00>が<CTRL:00>1<CTRL:00>い<CTRL:00><N:３:14:19><CTRL:00>が<CTRL:00> <CTRL:00><N:＆:4:07><CTRL:00><N:ъ:14:1A><CTRL:00>が<CTRL:00><N:＆:4:07><CTRL:00><N:＆:4:07><CTRL:00>い<CTRL:00>は<CTRL:00>！<CTRL:00><N:＆:4:07>
B/SB071.DAT,0x47AA0,21,medium,0,original,,,,,,が<CTRL:00> <CTRL:00><N:＆:4:07><CTRL:00><N:ъ:14:1A><CTRL:00>が<CTRL:00><N:＆:4:07><CTRL:00><N:＆:4:07><CTRL:00>い<CTRL:00>は<CTRL:00>！<CTRL:00><N:＆:4:07>
B/SB071.DAT,0x47AC8,65,medium,0,original,,,,,,気<CTRL:00>う<CTRL:00>り<CTRL:00><N:３:14:19><CTRL:00>前<CTRL:00>う<CTRL:00>り<CTRL:00><N:３:14:19><CTRL:00>闘<CTRL:00>う<CTRL:00>が<CTRL:00>1<CTRL:00><N:ъ:14:1A><CTRL:00><N:７:11:18><CTRL:00>が<CTRL:00><N:＄:1:05><CTRL:00><N:ъ:14:1A><CTRL:00>な<CTRL:00>が<CTRL:00>1<CTRL:00>い<CTRL:00><N:３:14:19><CTRL:00>が<CTRL:00> <CTRL:00><N:＆:4:07><CTRL:00><N:ъ:14:1A><CTRL:00>が<CTRL:00><N:＆:4:07><CTRL:00><N:＆:4:07><CTRL:00>い<CTRL:00>は<CTRL:00>！<CTRL:00><N:＆:4:07>
B/SB071.DAT,0x47AD0,57,medium,0,original,,,,,,前<CTRL:00>う<CTRL:00>り<CTRL:00><N:３:14:19><CTRL:00>闘<CTRL:00>う<CTRL:00>が<CTRL:00>1<CTRL:00><N:ъ:14:1A><CTRL:00><N:７:11:18><CTRL:00>が<CTRL:00><N:＄:1:05><CTRL:00><N:ъ:14:1A><CTRL:00>な<CTRL:00>が<CTRL:00>1<CTRL:00>い<CTRL:00><N:３:14:19><CTRL:00>が<CTRL:00> <CTRL:00><N:＆:4:07><CTRL:00><N:ъ:14:1A><CTRL:00>が<CTRL:00><N:＆:4:07><CTRL:00><N:＆:4:07><CTRL:00>い<CTRL:00>は<CTRL:00>！<CTRL:00><N:＆:4:07>
B/SB071.DAT,0x47AD8,49,medium,0,original,,,,,,闘<CTRL:00>う<CTRL:00>が<CTRL:00>1<CTRL:00><N:ъ:14:1A><CTRL:00><N:７:11:18><CTRL:00>が<CTRL:00><N:＄:1:05><CTRL:00><N:ъ:14:1A><CTRL:00>な<CTRL:00>が<CTRL:00>1<CTRL:00>い<CTRL:00><N:３:14:19><CTRL:00>が<CTRL:00> <CTRL:00><N:＆:4:07><CTRL:00><N:ъ:14:1A><CTRL:00>が<CTRL:00><N:＆:4:07><CTRL:00><N:＆:4:07><CTRL:00>い<CTRL:00>は<CTRL:00>！<CTRL:00><N:＆:4:07>
B/SB071.DAT,0x47AF4,21,medium,0,original,,,,,,が<CTRL:00> <CTRL:00><N:＆:4:07><CTRL:00><N:ъ:14:1A><CTRL:00>が<CTRL:00><N:＆:4:07><CTRL:00><N:＆:4:07><CTRL:00>い<CTRL:00>は<CTRL:00>！<CTRL:00><N:＆:4:07>
B/SB071.DAT,0x47B1C,13,medium,0,original,,,,,,ふ<CTRL:00>う<CTRL:00>り<CTRL:00><N:３:14:19><CTRL:00>山<CTRL:00>う<CTRL:00>が
B/SB071.DAT,0x47B24,5,medium,0,original,,,,,,山<CTRL:00>う<CTRL:00>が
B/SB071.DAT,0x47B7C,233,medium,0,original,,,,,,か<CTRL:00>が<CTRL:00> <CTRL:00><N:＆:4:07><CTRL:00><N:３:14:19><CTRL:00>る<CTRL:00>つ！が<CTRL:00><N:X:20:06><CTRL:00><N:７:11:18><CTRL:00>か<CTRL:00>が<CTRL:00> <CTRL:00><N:＆:4:07><CTRL:00><N:７:11:18><CTRL:00>が<CTRL:00><N:≠:16:04><CTRL:00><N:３:14:19><CTRL:00>か<CTRL:00>が<CTRL:00> <CTRL:00><N:＆:4:07><CTRL:00><N:３:14:19><CTRL:00>る<CTRL:00>つ！が<CTRL:00><N:X:20:06><CTRL:00><N:７:11:18><CTRL:00>か<CTRL:00>が<CTRL:00> <CTRL:00><N:＆:4:07><CTRL:00><N:７:11:18><CTRL:00>る<CTRL:00>つ！が<CTRL:00><N:≠:16:04><CTRL:00><N:７:11:18><CTRL:00>か<CTRL:00>が<CTRL:00> <CTRL:00><N:＆:4:07><CTRL:00><N:７:11:18><CTRL:00>が<CTRL:00><N:X:20:06><CTRL:00><N:３:14:19><CTRL:00>か<CTRL:00>が<CTRL:00> <CTRL:00><N:＆:4:07><CTRL:00><N:３:14:19><CTRL:00>る<CTRL:00>つ！が<CTRL:00><N:X:20:06><CTRL:00><N:３:14:19><CTRL:00>か<CTRL:00>が<CTRL:00> <CTRL:00><N:＆:4:07><CTRL:00><N:３:14:19><CTRL:00>る<CTRL:00>つ！が<CTRL:00><N:≠:16:04><CTRL:00><N:７:11:18><CTRL:00>か<CTRL:00>が<CTRL:00> <CTRL:00><N:＆:4:07><CTRL:00><N:７:11:18><CTRL:00>が<CTRL:00><N:X:20:06><CTRL:00><N:３:14:19><CTRL:00>か<CTRL:00>が<CTRL:00> <CTRL:00><N:＆:4:07><CTRL:00><N:３:14:19><CTRL:00>る<CTRL:00>つ！が<CTRL:00><N:≠:16:04><CTRL:00><N:７:11:18><CTRL:00>か<CTRL:00>が<CTRL:00> <CTRL:00><N:＆:4:07><CTRL:00><N:７:11:18><CTRL:00>る<CTRL:00>つ！が<CTRL:00><N:≠:16:04><CTRL:00><N:７:11:18><CTRL:00>か<CTRL:00>が<CTRL:00> <CTRL:00><N:＆:4:07><CTRL:00><N:７:11:18><CTRL:00>が<CTRL:00><N:≠:16:04><CTRL:00><N:３:14:19><CTRL:00>か<CTRL:00>が<CTRL:00> <CTRL:00><N:＆:4:07><CTRL:00><N:３:14:19><CTRL:00>に<CTRL:00>石 う<CTRL:00>ら<CTRL:00><N:＄:1:05><CTRL:00><N:．:2:0F>！ら<CTRL:00>！<CTRL:00>わ<CTRL:00>ら
B/SB071.DAT,0x47B86,223,medium,0,original,,,,,,る<CTRL:00>つ！が<CTRL:00><N:X:20:06><CTRL:00><N:７:11:18><CTRL:00>か<CTRL:00>が<CTRL:00> <CTRL:00><N:＆:4:07><CTRL:00><N:７:11:18><CTRL:00>が<CTRL:00><N:≠:16:04><CTRL:00><N:３:14:19><CTRL:00>か<CTRL:00>が<CTRL:00> <CTRL:00><N:＆:4:07><CTRL:00><N:３:14:19><CTRL:00>る<CTRL:00>つ！が<CTRL:00><N:X:20:06><CTRL:00><N:７:11:18><CTRL:00>か<CTRL:00>が<CTRL:00> <CTRL:00><N:＆:4:07><CTRL:00><N:７:11:18><CTRL:00>る<CTRL:00>つ！が<CTRL:00><N:≠:16:04><CTRL:00><N:７:11:18><CTRL:00>か<CTRL:00>が<CTRL:00> <CTRL:00><N:＆:4:07><CTRL:00><N:７:11:18><CTRL:00>が<CTRL:00><N:X:20:06><CTRL:00><N:３:14:19><CTRL:00>か<CTRL:00>が<CTRL:00> <CTRL:00><N:＆:4:07><CTRL:00><N:３:14:19><CTRL:00>る<CTRL:00>つ！が<CTRL:00><N:X:20:06><CTRL:00><N:３:14:19><CTRL:00>か<CTRL:00>が<CTRL:00> <CTRL:00><N:＆:4:07><CTRL:00><N:３:14:19><CTRL:00>る<CTRL:00>つ！が<CTRL:00><N:≠:16:04><CTRL:00><N:７:11:18><CTRL:00>か<CTRL:00>が<CTRL:00> <CTRL:00><N:＆:4:07><CTRL:00><N:７:11:18><CTRL:00>が<CTRL:00><N:X:20:06><CTRL:00><N:３:14:19><CTRL:00>か<CTRL:00>が<CTRL:00> <CTRL:00><N:＆:4:07><CTRL:00><N:３:14:19><CTRL:00>る<CTRL:00>つ！が<CTRL:00><N:≠:16:04><CTRL:00><N:７:11:18><CTRL:00>か<CTRL:00>が<CTRL:00> <CTRL:00><N:＆:4:07><CTRL:00><N:７:11:18><CTRL:00>る<CTRL:00>つ！が<CTRL:00><N:≠:16:04><CTRL:00><N:７:11:18><CTRL:00>か<CTRL:00>が<CTRL:00> <CTRL:00><N:＆:4:07><CTRL:00><N:７:11:18><CTRL:00>が<CTRL:00><N:≠:16:04><CTRL:00><N:３:14:19><CTRL:00>か<CTRL:00>が<CTRL:00> <CTRL:00><N:＆:4:07><CTRL:00><N:３:14:19><CTRL:00>に<CTRL:00>石 う<CTRL:00>ら<CTRL:00><N:＄:1:05><CTRL:00><N:．:2:0F>！ら<CTRL:00>！<CTRL:00>わ<CTRL:00>ら
B/SB071.DAT,0x47BA0,197,medium,0,original,,,,,,か<CTRL:00>が<CTRL:00> <CTRL:00><N:＆:4:07><CTRL:00><N:３:14:19><CTRL:00>る<CTRL:00>つ！が<CTRL:00><N:X:20:06><CTRL:00><N:７:11:18><CTRL:00>か<CTRL:00>が<CTRL:00> <CTRL:00><N:＆:4:07><CTRL:00><N:７:11:18><CTRL:00>る<CTRL:00>つ！が<CTRL:00><N:≠:16:04><CTRL:00><N:７:11:18><CTRL:00>か<CTRL:00>が<CTRL:00> <CTRL:00><N:＆:4:07><CTRL:00><N:７:11:18><CTRL:00>が<CTRL:00><N:X:20:06><CTRL:00><N:３:14:19><CTRL:00>か<CTRL:00>が<CTRL:00> <CTRL:00><N:＆:4:07><CTRL:00><N:３:14:19><CTRL:00>る<CTRL:00>つ！が<CTRL:00><N:X:20:06><CTRL:00><N:３:14:19><CTRL:00>か<CTRL:00>が<CTRL:00> <CTRL:00><N:＆:4:07><CTRL:00><N:３:14:19><CTRL:00>る<CTRL:00>つ！が<CTRL:00><N:≠:16:04><CTRL:00><N:７:11:18><CTRL:00>か<CTRL:00>が<CTRL:00> <CTRL:00><N:＆:4:07><CTRL:00><N:７:11:18><CTRL:00>が<CTRL:00><N:X:20:06><CTRL:00><N:３:14:19><CTRL:00>か<CTRL:00>が<CTRL:00> <CTRL:00><N:＆:4:07><CTRL:00><N:３:14:19><CTRL:00>る<CTRL:00>つ！が<CTRL:00><N:≠:16:04><CTRL:00><N:７:11:18><CTRL:00>か<CTRL:00>が<CTRL:00> <CTRL:00><N:＆:4:07><CTRL:00><N:７:11:18><CTRL:00>る<CTRL:00>つ！が<CTRL:00><N:≠:16:04><CTRL:00><N:７:11:18><CTRL:00>か<CTRL:00>が<CTRL:00> <CTRL:00><N:＆:4:07><CTRL:00><N:７:11:18><CTRL:00>が<CTRL:00><N:≠:16:04><CTRL:00><N:３:14:19><CTRL:00>か<CTRL:00>が<CTRL:00> <CTRL:00><N:＆:4:07><CTRL:00><N:３:14:19><CTRL:00>に<CTRL:00>石 う<CTRL:00>ら<CTRL:00><N:＄:1:05><CTRL:00><N:．:2:0F>！ら<CTRL:00>！<CTRL:00>わ<CTRL:00>ら
B/SB071.DAT,0x47BAA,187,medium,0,original,,,,,,る<CTRL:00>つ！が<CTRL:00><N:X:20:06><CTRL:00><N:７:11:18><CTRL:00>か<CTRL:00>が<CTRL:00> <CTRL:00><N:＆:4:07><CTRL:00><N:７:11:18><CTRL:00>る<CTRL:00>つ！が<CTRL:00><N:≠:16:04><CTRL:00><N:７:11:18><CTRL:00>か<CTRL:00>が<CTRL:00> <CTRL:00><N:＆:4:07><CTRL:00><N:７:11:18><CTRL:00>が<CTRL:00><N:X:20:06><CTRL:00><N:３:14:19><CTRL:00>か<CTRL:00>が<CTRL:00> <CTRL:00><N:＆:4:07><CTRL:00><N:３:14:19><CTRL:00>る<CTRL:00>つ！が<CTRL:00><N:X:20:06><CTRL:00><N:３:14:19><CTRL:00>か<CTRL:00>が<CTRL:00> <CTRL:00><N:＆:4:07><CTRL:00><N:３:14:19><CTRL:00>る<CTRL:00>つ！が<CTRL:00><N:≠:16:04><CTRL:00><N:７:11:18><CTRL:00>か<CTRL:00>が<CTRL:00> <CTRL:00><N:＆:4:07><CTRL:00><N:７:11:18><CTRL:00>が<CTRL:00><N:X:20:06><CTRL:00><N:３:14:19><CTRL:00>か<CTRL:00>が<CTRL:00> <CTRL:00><N:＆:4:07><CTRL:00><N:３:14:19><CTRL:00>る<CTRL:00>つ！が<CTRL:00><N:≠:16:04><CTRL:00><N:７:11:18><CTRL:00>か<CTRL:00>が<CTRL:00> <CTRL:00><N:＆:4:07><CTRL:00><N:７:11:18><CTRL:00>る<CTRL:00>つ！が<CTRL:00><N:≠:16:04><CTRL:00><N:７:11:18><CTRL:00>か<CTRL:00>が<CTRL:00> <CTRL:00><N:＆:4:07><CTRL:00><N:７:11:18><CTRL:00>が<CTRL:00><N:≠:16:04><CTRL:00><N:３:14:19><CTRL:00>か<CTRL:00>が<CTRL:00> <CTRL:00><N:＆:4:07><CTRL:00><N:３:14:19><CTRL:00>に<CTRL:00>石 う<CTRL:00>ら<CTRL:00><N:＄:1:05><CTRL:00><N:．:2:0F>！ら<CTRL:00>！<CTRL:00>わ<CTRL:00>ら
B/SB071.DAT,0x47BD8,141,medium,0,original,,,,,,か<CTRL:00>が<CTRL:00> <CTRL:00><N:＆:4:07><CTRL:00><N:３:14:19><CTRL:00>る<CTRL:00>つ！が<CTRL:00><N:X:20:06><CTRL:00><N:３:14:19><CTRL:00>か<CTRL:00>が<CTRL:00> <CTRL:00><N:＆:4:07><CTRL:00><N:３:14:19><CTRL:00>る<CTRL:00>つ！が<CTRL:00><N:≠:16:04><CTRL:00><N:７:11:18><CTRL:00>か<CTRL:00>が<CTRL:00> <CTRL:00><N:＆:4:07><CTRL:00><N:７:11:18><CTRL:00>が<CTRL:00><N:X:20:06><CTRL:00><N:３:14:19><CTRL:00>か<CTRL:00>が<CTRL:00> <CTRL:00><N:＆:4:07><CTRL:00><N:３:14:19><CTRL:00>る<CTRL:00>つ！が<CTRL:00><N:≠:16:04><CTRL:00><N:７:11:18><CTRL:00>か<CTRL:00>が<CTRL:00> <CTRL:00><N:＆:4:07><CTRL:00><N:７:11:18><CTRL:00>る<CTRL:00>つ！が<CTRL:00><N:≠:16:04><CTRL:00><N:７:11:18><CTRL:00>か<CTRL:00>が<CTRL:00> <CTRL:00><N:＆:4:07><CTRL:00><N:７:11:18><CTRL:00>が<CTRL:00><N:≠:16:04><CTRL:00><N:３:14:19><CTRL:00>か<CTRL:00>が<CTRL:00> <CTRL:00><N:＆:4:07><CTRL:00><N:３:14:19><CTRL:00>に<CTRL:00>石 う<CTRL:00>ら<CTRL:00><N:＄:1:05><CTRL:00><N:．:2:0F>！ら<CTRL:00>！<CTRL:00>わ<CTRL:00>ら
B/SB071.DAT,0x47BE2,131,medium,0,original,,,,,,る<CTRL:00>つ！が<CTRL:00><N:X:20:06><CTRL:00><N:３:14:19><CTRL:00>か<CTRL:00>が<CTRL:00> <CTRL:00><N:＆:4:07><CTRL:00><N:３:14:19><CTRL:00>る<CTRL:00>つ！が<CTRL:00><N:≠:16:04><CTRL:00><N:７:11:18><CTRL:00>か<CTRL:00>が<CTRL:00> <CTRL:00><N:＆:4:07><CTRL:00><N:７:11:18><CTRL:00>が<CTRL:00><N:X:20:06><CTRL:00><N:３:14:19><CTRL:00>か<CTRL:00>が<CTRL:00> <CTRL:00><N:＆:4:07><CTRL:00><N:３:14:19><CTRL:00>る<CTRL:00>つ！が<CTRL:00><N:≠:16:04><CTRL:00><N:７:11:18><CTRL:00>か<CTRL:00>が<CTRL:00> <CTRL:00><N:＆:4:07><CTRL:00><N:７:11:18><CTRL:00>る<CTRL:00>つ！が<CTRL:00><N:≠:16:04><CTRL:00><N:７:11:18><CTRL:00>か<CTRL:00>が<CTRL:00> <CTRL:00><N:＆:4:07><CTRL:00><N:７:11:18><CTRL:00>が<CTRL:00><N:≠:16:04><CTRL:00><N:３:14:19><CTRL:00>か<CTRL:00>が<CTRL:00> <CTRL:00><N:＆:4:07><CTRL:00><N:３:14:19><CTRL:00>に<CTRL:00>石 う<CTRL:00>ら<CTRL:00><N:＄:1:05><CTRL:00><N:．:2:0F>！ら<CTRL:00>！<CTRL:00>わ<CTRL:00>ら
B/SB071.DAT,0x47BEC,121,medium,0,original,,,,,,か<CTRL:00>が<CTRL:00> <CTRL:00><N:＆:4:07><CTRL:00><N:３:14:19><CTRL:00>る<CTRL:00>つ！が<CTRL:00><N:≠:16:04><CTRL:00><N:７:11:18><CTRL:00>か<CTRL:00>が<CTRL:00> <CTRL:00><N:＆:4:07><CTRL:00><N:７:11:18><CTRL:00>が<CTRL:00><N:X:20:06><CTRL:00><N:３:14:19><CTRL:00>か<CTRL:00>が<CTRL:00> <CTRL:00><N:＆:4:07><CTRL:00><N:３:14:19><CTRL:00>る<CTRL:00>つ！が<CTRL:00><N:≠:16:04><CTRL:00><N:７:11:18><CTRL:00>か<CTRL:00>が<CTRL:00> <CTRL:00><N:＆:4:07><CTRL:00><N:７:11:18><CTRL:00>る<CTRL:00>つ！が<CTRL:00><N:≠:16:04><CTRL:00><N:７:11:18><CTRL:00>か<CTRL:00>が<CTRL:00> <CTRL:00><N:＆:4:07><CTRL:00><N:７:11:18><CTRL:00>が<CTRL:00><N:≠:16:04><CTRL:00><N:３:14:19><CTRL:00>か<CTRL:00>が<CTRL:00> <CTRL:00><N:＆:4:07><CTRL:00><N:３:14:19><CTRL:00>に<CTRL:00>石 う<CTRL:00>ら<CTRL:00><N:＄:1:05><CTRL:00><N:．:2:0F>！ら<CTRL:00>！<CTRL:00>わ<CTRL:00>ら
B/SB071.DAT,0x47BF6,111,medium,0,original,,,,,,る<CTRL:00>つ！が<CTRL:00><N:≠:16:04><CTRL:00><N:７:11:18><CTRL:00>か<CTRL:00>が<CTRL:00> <CTRL:00><N:＆:4:07><CTRL:00><N:７:11:18><CTRL:00>が<CTRL:00><N:X:20:06><CTRL:00><N:３:14:19><CTRL:00>か<CTRL:00>が<CTRL:00> <CTRL:00><N:＆:4:07><CTRL:00><N:３:14:19><CTRL:00>る<CTRL:00>つ！が<CTRL:00><N:≠:16:04><CTRL:00><N:７:11:18><CTRL:00>か<CTRL:00>が<CTRL:00> <CTRL:00><N:＆:4:07><CTRL:00><N:７:11:18><CTRL:00>る<CTRL:00>つ！が<CTRL:00><N:≠:16:04><CTRL:00><N:７:11:18><CTRL:00>か<CTRL:00>が<CTRL:00> <CTRL:00><N:＆:4:07><CTRL:00><N:７:11:18><CTRL:00>が<CTRL:00><N:≠:16:04><CTRL:00><N:３:14:19><CTRL:00>か<CTRL:00>が<CTRL:00> <CTRL:00><N:＆:4:07><CTRL:00><N:３:14:19><CTRL:00>に<CTRL:00>石 う<CTRL:00>ら<CTRL:00><N:＄:1:05><CTRL:00><N:．:2:0F>！ら<CTRL:00>！<CTRL:00>わ<CTRL:00>ら
B/SB071.DAT,0x47C10,85,medium,0,original,,,,,,か<CTRL:00>が<CTRL:00> <CTRL:00><N:＆:4:07><CTRL:00><N:３:14:19><CTRL:00>る<CTRL:00>つ！が<CTRL:00><N:≠:16:04><CTRL:00><N:７:11:18><CTRL:00>か<CTRL:00>が<CTRL:00> <CTRL:00><N:＆:4:07><CTRL:00><N:７:11:18><CTRL:00>る<CTRL:00>つ！が<CTRL:00><N:≠:16:04><CTRL:00><N:７:11:18><CTRL:00>か<CTRL:00>が<CTRL:00> <CTRL:00><N:＆:4:07><CTRL:00><N:７:11:18><CTRL:00>が<CTRL:00><N:≠:16:04><CTRL:00><N:３:14:19><CTRL:00>か<CTRL:00>が<CTRL:00> <CTRL:00><N:＆:4:07><CTRL:00><N:３:14:19><CTRL:00>に<CTRL:00>石 う<CTRL:00>ら<CTRL:00><N:＄:1:05><CTRL:00><N:．:2:0F>！ら<CTRL:00>！<CTRL:00>わ<CTRL:00>ら
B/SB071.DAT,0x47C1A,75,medium,0,original,,,,,,る<CTRL:00>つ！が<CTRL:00><N:≠:16:04><CTRL:00><N:７:11:18><CTRL:00>か<CTRL:00>が<CTRL:00> <CTRL:00><N:＆:4:07><CTRL:00><N:７:11:18><CTRL:00>る<CTRL:00>つ！が<CTRL:00><N:≠:16:04><CTRL:00><N:７:11:18><CTRL:00>か<CTRL:00>が<CTRL:00> <CTRL:00><N:＆:4:07><CTRL:00><N:７:11:18><CTRL:00>が<CTRL:00><N:≠:16:04><CTRL:00><N:３:14:19><CTRL:00>か<CTRL:00>が<CTRL:00> <CTRL:00><N:＆:4:07><CTRL:00><N:３:14:19><CTRL:00>に<CTRL:00>石 う<CTRL:00>ら<CTRL:00><N:＄:1:05><CTRL:00><N:．:2:0F>！ら<CTRL:00>！<CTRL:00>わ<CTRL:00>ら
B/SB071.DAT,0x47C48,29,medium,0,original,,,,,,か<CTRL:00>が<CTRL:00> <CTRL:00><N:＆:4:07><CTRL:00><N:３:14:19><CTRL:00>に<CTRL:00>石 う<CTRL:00>ら<CTRL:00><N:＄:1:05><CTRL:00><N:．:2:0F>！ら<CTRL:00>！<CTRL:00>わ<CTRL:00>ら
B/SB071.DAT,0x47C52,19,medium,0,original,,,,,,に<CTRL:00>石 う<CTRL:00>ら<CTRL:00><N:＄:1:05><CTRL:00><N:．:2:0F>！ら<CTRL:00>！<CTRL:00>わ<CTRL:00>ら
B/SB071.DAT,0x47E54,24,high,0,original,,,,,,先に進めば / もう戻れなくなるかもしれない。
B/SB071.DAT,0x47EA6,31,high,0,original,,,,,,それでもいいか？ /  / <CTRL:E5>”もちろん / <CTRL:E5>”やつっりやめよう。
B/SB071.DAT,0x47F0E,10,high,0,original,,,,,,<N:ニ:13:DD3C>ーゲン頼む。
B/SB071.DAT,0x48574,3,medium,0,original,,,,,,<N:ﾉ:6:10><CTRL:00>が
B/SB071.DAT,0x485B0,25,medium,0,original,,,,,,な<CTRL:00><CTRL:E2><N:X:20:06>。<CTRL:00><N:≠:16:04><CTRL:00><N:３:14:19><CTRL:00>た<CTRL:00><CTRL:E2><N:X:20:06>が<CTRL:00><N:‐:2:0E><CTRL:00><N:＆:4:07><CTRL:00>は<CTRL:00>”<CTRL:00><N:＆:4:07>
B/SB071.DAT,0x485BA,15,medium,0,original,,,,,,た<CTRL:00><CTRL:E2><N:X:20:06>が<CTRL:00><N:‐:2:0E><CTRL:00><N:＆:4:07><CTRL:00>は<CTRL:00>”<CTRL:00><N:＆:4:07>
B/SB071.DAT,0x485EE,3,medium,0,original,,,,,,<N:ﾉ:6:10><CTRL:00>が
B/SB071.DAT,0x4862A,25,medium,0,original,,,,,,な<CTRL:00>た<N:＆:4:07>。<CTRL:00><N:≠:16:04><CTRL:00><N:３:14:19><CTRL:00>た<CTRL:00>た<N:＆:4:07>が<CTRL:00><N:‐:2:0E><CTRL:00><N:＆:4:07><CTRL:00>は<CTRL:00>”<CTRL:00><N:＆:4:07>
B/SB071.DAT,0x48634,15,medium,0,original,,,,,,た<CTRL:00>た<N:＆:4:07>が<CTRL:00><N:‐:2:0E><CTRL:00><N:＆:4:07><CTRL:00>は<CTRL:00>”<CTRL:00><N:＆:4:07>
B/SB071.DAT,0x486AC,3,medium,0,original,,,,,,0<CTRL:00>が
B/SB071.DAT,0x486E8,25,medium,0,original,,,,,,な<CTRL:00>者<N:＆:4:07>。<CTRL:00><N:≠:16:04><CTRL:00><N:３:14:19><CTRL:00>た<CTRL:00>者<N:＆:4:07>が<CTRL:00><N:‐:2:0E><CTRL:00><N:＆:4:07><CTRL:00>は<CTRL:00>”<CTRL:00><N:＆:4:07>
B/SB071.DAT,0x486F2,15,medium,0,original,,,,,,た<CTRL:00>者<N:＆:4:07>が<CTRL:00><N:‐:2:0E><CTRL:00><N:＆:4:07><CTRL:00>は<CTRL:00>”<CTRL:00><N:＆:4:07>
B/SB071.DAT,0x48726,3,medium,0,original,,,,,,0<CTRL:00>が
B/SB071.DAT,0x48762,25,medium,0,original,,,,,,な<CTRL:00>ヤ<N:＆:4:07>。<CTRL:00><N:≠:16:04><CTRL:00><N:３:14:19><CTRL:00>た<CTRL:00>ヤ<N:＆:4:07>が<CTRL:00><N:‐:2:0E><CTRL:00><N:＆:4:07><CTRL:00>は<CTRL:00>”<CTRL:00><N:＆:4:07>
B/SB071.DAT,0x4876C,15,medium,0,original,,,,,,た<CTRL:00>ヤ<N:＆:4:07>が<CTRL:00><N:‐:2:0E><CTRL:00><N:＆:4:07><CTRL:00>は<CTRL:00>”<CTRL:00><N:＆:4:07>
B/SB071.DAT,0x487B8,3,medium,0,original,,,,,,自<N:≠:16:04>つ
B/SB071.DAT,0x487E4,3,medium,0,original,,,,,,1<CTRL:00>が
B/SB071.DAT,0x48820,25,medium,0,original,,,,,,な<CTRL:00><N:ъ:14:1A>’。<CTRL:00><N:≠:16:04><CTRL:00><N:３:14:19><CTRL:00>た<CTRL:00><N:ъ:14:1A>’が<CTRL:00><N:‐:2:0E><CTRL:00><N:＆:4:07><CTRL:00>は<CTRL:00>”<CTRL:00><N:＆:4:07>
B/SB071.DAT,0x4882A,15,medium,0,original,,,,,,た<CTRL:00><N:ъ:14:1A>’が<CTRL:00><N:‐:2:0E><CTRL:00><N:＆:4:07><CTRL:00>は<CTRL:00>”<CTRL:00><N:＆:4:07>
B/SB071.DAT,0x4885E,3,medium,0,original,,,,,,1<CTRL:00>が
B/SB071.DAT,0x4889A,25,medium,0,original,,,,,,な<CTRL:00>ラ’。<CTRL:00><N:≠:16:04><CTRL:00><N:３:14:19><CTRL:00>た<CTRL:00>ラ’が<CTRL:00><N:‐:2:0E><CTRL:00><N:＆:4:07><CTRL:00>は<CTRL:00>”<CTRL:00><N:＆:4:07>
B/SB071.DAT,0x488A4,15,medium,0,original,,,,,,た<CTRL:00>ラ’が<CTRL:00><N:‐:2:0E><CTRL:00><N:＆:4:07><CTRL:00>は<CTRL:00>”<CTRL:00><N:＆:4:07>
B/SB071.DAT,0x4891C,3,medium,0,original,,,,,,2<CTRL:00>が
B/SB071.DAT,0x48958,25,medium,0,original,,,,,,な<CTRL:00>役’。<CTRL:00><N:≠:16:04><CTRL:00><N:３:14:19><CTRL:00>た<CTRL:00>役’が<CTRL:00><N:‐:2:0E><CTRL:00><N:＆:4:07><CTRL:00>は<CTRL:00>”<CTRL:00><N:＆:4:07>
B/SB071.DAT,0x48962,15,medium,0,original,,,,,,た<CTRL:00>役’が<CTRL:00><N:‐:2:0E><CTRL:00><N:＆:4:07><CTRL:00>は<CTRL:00>”<CTRL:00><N:＆:4:07>
B/SB071.DAT,0x48996,3,medium,0,original,,,,,,2<CTRL:00>が
B/SB071.DAT,0x489D2,25,medium,0,original,,,,,,な<CTRL:00><CTRL:F3>’。<CTRL:00><N:≠:16:04><CTRL:00><N:３:14:19><CTRL:00>た<CTRL:00><CTRL:F3>’が<CTRL:00><N:‐:2:0E><CTRL:00><N:＆:4:07><CTRL:00>は<CTRL:00>”<CTRL:00><N:＆:4:07>
B/SB071.DAT,0x489DC,15,medium,0,original,,,,,,た<CTRL:00><CTRL:F3>’が<CTRL:00><N:‐:2:0E><CTRL:00><N:＆:4:07><CTRL:00>は<CTRL:00>”<CTRL:00><N:＆:4:07>
B/SB071.DAT,0x48A54,3,medium,0,original,,,,,,3<CTRL:00>が
B/SB071.DAT,0x48A90,25,medium,0,original,,,,,,な<CTRL:00>人（。<CTRL:00><N:≠:16:04><CTRL:00><N:３:14:19><CTRL:00>た<CTRL:00>人（が<CTRL:00><N:‐:2:0E><CTRL:00><N:＆:4:07><CTRL:00>は<CTRL:00>”<CTRL:00><N:＆:4:07>
B/SB071.DAT,0x48A9A,15,medium,0,original,,,,,,た<CTRL:00>人（が<CTRL:00><N:‐:2:0E><CTRL:00><N:＆:4:07><CTRL:00>は<CTRL:00>”<CTRL:00><N:＆:4:07>
B/SB071.DAT,0x48ACE,3,medium,0,original,,,,,,3<CTRL:00>が
B/SB071.DAT,0x48B0A,25,medium,0,original,,,,,,な<CTRL:00>オ（。<CTRL:00><N:≠:16:04><CTRL:00><N:３:14:19><CTRL:00>た<CTRL:00>オ（が<CTRL:00><N:‐:2:0E><CTRL:00><N:＆:4:07><CTRL:00>は<CTRL:00>”<CTRL:00><N:＆:4:07>
B/SB071.DAT,0x48B14,15,medium,0,original,,,,,,た<CTRL:00>オ（が<CTRL:00><N:‐:2:0E><CTRL:00><N:＆:4:07><CTRL:00>は<CTRL:00>”<CTRL:00><N:＆:4:07>
B/SB071.DAT,0x48B8C,3,medium,0,original,,,,,,4<CTRL:00>が
B/SB071.DAT,0x48BC8,25,medium,0,original,,,,,,な<CTRL:00><CTRL:EE>（。<CTRL:00><N:≠:16:04><CTRL:00><N:３:14:19><CTRL:00>た<CTRL:00><CTRL:EE>（が<CTRL:00><N:‐:2:0E><CTRL:00><N:＆:4:07><CTRL:00>は<CTRL:00>”<CTRL:00><N:＆:4:07>
B/SB071.DAT,0x48BD2,15,medium,0,original,,,,,,た<CTRL:00><CTRL:EE>（が<CTRL:00><N:‐:2:0E><CTRL:00><N:＆:4:07><CTRL:00>は<CTRL:00>”<CTRL:00><N:＆:4:07>
B/SB071.DAT,0x48C06,3,medium,0,original,,,,,,4<CTRL:00>が
B/SB071.DAT,0x48C42,25,medium,0,original,,,,,,な<CTRL:00>す）。<CTRL:00><N:≠:16:04><CTRL:00><N:３:14:19><CTRL:00>た<CTRL:00>す）が<CTRL:00><N:‐:2:0E><CTRL:00><N:＆:4:07><CTRL:00>は<CTRL:00>”<CTRL:00><N:＆:4:07>
B/SB071.DAT,0x48C4C,15,medium,0,original,,,,,,た<CTRL:00>す）が<CTRL:00><N:‐:2:0E><CTRL:00><N:＆:4:07><CTRL:00>は<CTRL:00>”<CTRL:00><N:＆:4:07>
B/SB071.DAT,0x48CC4,3,medium,0,original,,,,,,<N:ｃ:12:16><CTRL:00>が
B/SB071.DAT,0x48D00,25,medium,0,original,,,,,,な<CTRL:00>へ）。<CTRL:00><N:≠:16:04><CTRL:00><N:３:14:19><CTRL:00>た<CTRL:00>へ）が<CTRL:00><N:‐:2:0E><CTRL:00><N:＆:4:07><CTRL:00>は<CTRL:00>”<CTRL:00><N:＆:4:07>
B/SB071.DAT,0x48D0A,15,medium,0,original,,,,,,た<CTRL:00>へ）が<CTRL:00><N:‐:2:0E><CTRL:00><N:＆:4:07><CTRL:00>は<CTRL:00>”<CTRL:00><N:＆:4:07>
B/SB071.DAT,0x48D3E,3,medium,0,original,,,,,,<N:ｃ:12:16><CTRL:00>が
B/SB071.DAT,0x48D7A,25,medium,0,original,,,,,,な<CTRL:00>正）。<CTRL:00><N:≠:16:04><CTRL:00><N:３:14:19><CTRL:00>た<CTRL:00>正）が<CTRL:00><N:‐:2:0E><CTRL:00><N:＆:4:07><CTRL:00>は<CTRL:00>”<CTRL:00><N:＆:4:07>
B/SB071.DAT,0x48D84,15,medium,0,original,,,,,,た<CTRL:00>正）が<CTRL:00><N:‐:2:0E><CTRL:00><N:＆:4:07><CTRL:00>は<CTRL:00>”<CTRL:00><N:＆:4:07>
B/SB072.DAT,0x479D4,21,medium,0,original,,,,,,が<CTRL:00> <CTRL:00><N:＆:4:07><CTRL:00><N:ъ:14:1A><CTRL:00>が<CTRL:00><N:＆:4:07><CTRL:00><N:＆:4:07><CTRL:00>い<CTRL:00>は<CTRL:00>！<CTRL:00><N:＆:4:07>
B/SB072.DAT,0x479FC,49,medium,0,original,,,,,,言<CTRL:00>う<CTRL:00>り<CTRL:00><N:３:14:19><CTRL:00>山<CTRL:00>う<CTRL:00>が<CTRL:00>1<CTRL:00>る<CTRL:00><N:７:11:18><CTRL:00>が<CTRL:00>1<CTRL:00>に<CTRL:00><N:３:14:19><CTRL:00>が<CTRL:00> <CTRL:00><N:＆:4:07><CTRL:00><N:ъ:14:1A><CTRL:00>が<CTRL:00><N:＆:4:07><CTRL:00><N:＆:4:07><CTRL:00>い<CTRL:00>は<CTRL:00>！<CTRL:00><N:＆:4:07>
B/SB072.DAT,0x47A04,41,medium,0,original,,,,,,山<CTRL:00>う<CTRL:00>が<CTRL:00>1<CTRL:00>る<CTRL:00><N:７:11:18><CTRL:00>が<CTRL:00>1<CTRL:00>に<CTRL:00><N:３:14:19><CTRL:00>が<CTRL:00> <CTRL:00><N:＆:4:07><CTRL:00><N:ъ:14:1A><CTRL:00>が<CTRL:00><N:＆:4:07><CTRL:00><N:＆:4:07><CTRL:00>い<CTRL:00>は<CTRL:00>！<CTRL:00><N:＆:4:07>
B/SB072.DAT,0x47A18,21,medium,0,original,,,,,,が<CTRL:00> <CTRL:00><N:＆:4:07><CTRL:00><N:ъ:14:1A><CTRL:00>が<CTRL:00><N:＆:4:07><CTRL:00><N:＆:4:07><CTRL:00>い<CTRL:00>は<CTRL:00>！<CTRL:00><N:＆:4:07>
B/SB072.DAT,0x47A40,57,medium,0,original,,,,,,参<CTRL:00>う<CTRL:00>り<CTRL:00><N:３:14:19><CTRL:00>バ<CTRL:00>う<CTRL:00>が<CTRL:00><N:ﾉ:6:10><CTRL:00><N:ъ:14:1A><CTRL:00><N:７:11:18><CTRL:00>が<CTRL:00><N:＄:1:05><CTRL:00><N:ъ:14:1A><CTRL:00>の<CTRL:00>が<CTRL:00><N:ﾉ:6:10><CTRL:00>い<CTRL:00><N:３:14:19><CTRL:00>が<CTRL:00> <CTRL:00><N:＆:4:07><CTRL:00><N:ъ:14:1A><CTRL:00>が<CTRL:00><N:＆:4:07><CTRL:00><N:＆:4:07><CTRL:00>い<CTRL:00>は<CTRL:00>！<CTRL:00><N:＆:4:07>
B/SB072.DAT,0x47A48,49,medium,0,original,,,,,,バ<CTRL:00>う<CTRL:00>が<CTRL:00><N:ﾉ:6:10><CTRL:00><N:ъ:14:1A><CTRL:00><N:７:11:18><CTRL:00>が<CTRL:00><N:＄:1:05><CTRL:00><N:ъ:14:1A><CTRL:00>の<CTRL:00>が<CTRL:00><N:ﾉ:6:10><CTRL:00>い<CTRL:00><N:３:14:19><CTRL:00>が<CTRL:00> <CTRL:00><N:＆:4:07><CTRL:00><N:ъ:14:1A><CTRL:00>が<CTRL:00><N:＆:4:07><CTRL:00><N:＆:4:07><CTRL:00>い<CTRL:00>は<CTRL:00>！<CTRL:00><N:＆:4:07>
B/SB072.DAT,0x47A64,21,medium,0,original,,,,,,が<CTRL:00> <CTRL:00><N:＆:4:07><CTRL:00><N:ъ:14:1A><CTRL:00>が<CTRL:00><N:＆:4:07><CTRL:00><N:＆:4:07><CTRL:00>い<CTRL:00>は<CTRL:00>！<CTRL:00><N:＆:4:07>
B/SB072.DAT,0x47AA0,21,medium,0,original,,,,,,が<CTRL:00> <CTRL:00><N:＆:4:07><CTRL:00><N:ъ:14:1A><CTRL:00>が<CTRL:00><N:＆:4:07><CTRL:00><N:＆:4:07><CTRL:00>い<CTRL:00>は<CTRL:00>！<CTRL:00><N:＆:4:07>
B/SB072.DAT,0x47AC8,65,medium,0,original,,,,,,フ<CTRL:00>う<CTRL:00>り<CTRL:00><N:３:14:19><CTRL:00>世<CTRL:00>う<CTRL:00>り<CTRL:00><N:３:14:19><CTRL:00>上<CTRL:00>う<CTRL:00>が<CTRL:00>1<CTRL:00><N:ъ:14:1A><CTRL:00><N:７:11:18><CTRL:00>が<CTRL:00><N:＄:1:05><CTRL:00><N:ъ:14:1A><CTRL:00>な<CTRL:00>が<CTRL:00>1<CTRL:00>い<CTRL:00><N:３:14:19><CTRL:00>が<CTRL:00> <CTRL:00><N:＆:4:07><CTRL:00><N:ъ:14:1A><CTRL:00>が<CTRL:00><N:＆:4:07><CTRL:00><N:＆:4:07><CTRL:00>い<CTRL:00>は<CTRL:00>！<CTRL:00><N:＆:4:07>
B/SB072.DAT,0x47AD0,57,medium,0,original,,,,,,世<CTRL:00>う<CTRL:00>り<CTRL:00><N:３:14:19><CTRL:00>上<CTRL:00>う<CTRL:00>が<CTRL:00>1<CTRL:00><N:ъ:14:1A><CTRL:00><N:７:11:18><CTRL:00>が<CTRL:00><N:＄:1:05><CTRL:00><N:ъ:14:1A><CTRL:00>な<CTRL:00>が<CTRL:00>1<CTRL:00>い<CTRL:00><N:３:14:19><CTRL:00>が<CTRL:00> <CTRL:00><N:＆:4:07><CTRL:00><N:ъ:14:1A><CTRL:00>が<CTRL:00><N:＆:4:07><CTRL:00><N:＆:4:07><CTRL:00>い<CTRL:00>は<CTRL:00>！<CTRL:00><N:＆:4:07>
B/SB072.DAT,0x47AD8,49,medium,0,original,,,,,,上<CTRL:00>う<CTRL:00>が<CTRL:00>1<CTRL:00><N:ъ:14:1A><CTRL:00><N:７:11:18><CTRL:00>が<CTRL:00><N:＄:1:05><CTRL:00><N:ъ:14:1A><CTRL:00>な<CTRL:00>が<CTRL:00>1<CTRL:00>い<CTRL:00><N:３:14:19><CTRL:00>が<CTRL:00> <CTRL:00><N:＆:4:07><CTRL:00><N:ъ:14:1A><CTRL:00>が<CTRL:00><N:＆:4:07><CTRL:00><N:＆:4:07><CTRL:00>い<CTRL:00>は<CTRL:00>！<CTRL:00><N:＆:4:07>
B/SB072.DAT,0x47AF4,21,medium,0,original,,,,,,が<CTRL:00> <CTRL:00><N:＆:4:07><CTRL:00><N:ъ:14:1A><CTRL:00>が<CTRL:00><N:＆:4:07><CTRL:00><N:＆:4:07><CTRL:00>い<CTRL:00>は<CTRL:00>！<CTRL:00><N:＆:4:07>
B/SB072.DAT,0x47B1C,65,medium,0,original,,,,,,聞<CTRL:00>う<CTRL:00>り<CTRL:00><N:３:14:19><CTRL:00>ム<CTRL:00>う<CTRL:00>り<CTRL:00><N:３:14:19><CTRL:00>敵<CTRL:00>う<CTRL:00>が<CTRL:00>1<CTRL:00><N:ъ:14:1A><CTRL:00><N:７:11:18><CTRL:00>が<CTRL:00><N:＄:1:05><CTRL:00><N:ъ:14:1A><CTRL:00>な<CTRL:00>が<CTRL:00>1<CTRL:00>い<CTRL:00><N:３:14:19><CTRL:00>が<CTRL:00> <CTRL:00><N:＆:4:07><CTRL:00><N:ъ:14:1A><CTRL:00>が<CTRL:00><N:＆:4:07><CTRL:00><N:＆:4:07><CTRL:00>い<CTRL:00>は<CTRL:00>！<CTRL:00><N:＆:4:07>
B/SB072.DAT,0x47B24,57,medium,0,original,,,,,,ム<CTRL:00>う<CTRL:00>り<CTRL:00><N:３:14:19><CTRL:00>敵<CTRL:00>う<CTRL:00>が<CTRL:00>1<CTRL:00><N:ъ:14:1A><CTRL:00><N:７:11:18><CTRL:00>が<CTRL:00><N:＄:1:05><CTRL:00><N:ъ:14:1A><CTRL:00>な<CTRL:00>が<CTRL:00>1<CTRL:00>い<CTRL:00><N:３:14:19><CTRL:00>が<CTRL:00> <CTRL:00><N:＆:4:07><CTRL:00><N:ъ:14:1A><CTRL:00>が<CTRL:00><N:＆:4:07><CTRL:00><N:＆:4:07><CTRL:00>い<CTRL:00>は<CTRL:00>！<CTRL:00><N:＆:4:07>
B/SB072.DAT,0x47B2C,49,medium,0,original,,,,,,敵<CTRL:00>う<CTRL:00>が<CTRL:00>1<CTRL:00><N:ъ:14:1A><CTRL:00><N:７:11:18><CTRL:00>が<CTRL:00><N:＄:1:05><CTRL:00><N:ъ:14:1A><CTRL:00>な<CTRL:00>が<CTRL:00>1<CTRL:00>い<CTRL:00><N:３:14:19><CTRL:00>が<CTRL:00> <CTRL:00><N:＆:4:07><CTRL:00><N:ъ:14:1A><CTRL:00>が<CTRL:00><N:＆:4:07><CTRL:00><N:＆:4:07><CTRL:00>い<CTRL:00>は<CTRL:00>！<CTRL:00><N:＆:4:07>
B/SB072.DAT,0x47B48,21,medium,0,original,,,,,,が<CTRL:00> <CTRL:00><N:＆:4:07><CTRL:00><N:ъ:14:1A><CTRL:00>が<CTRL:00><N:＆:4:07><CTRL:00><N:＆:4:07><CTRL:00>い<CTRL:00>は<CTRL:00>！<CTRL:00><N:＆:4:07>
B/SB072.DAT,0x47B70,13,medium,0,original,,,,,,風<CTRL:00>う<CTRL:00>り<CTRL:00><N:３:14:19><CTRL:00>備<CTRL:00>う<CTRL:00>が
B/SB072.DAT,0x47B78,5,medium,0,original,,,,,,備<CTRL:00>う<CTRL:00>が
B/SB072.DAT,0x47BD0,239,medium,0,original,,,,,,か<CTRL:00>が<CTRL:00> <CTRL:00><N:＆:4:07><CTRL:00><N:３:14:19><CTRL:00>る<CTRL:00>ル！が<CTRL:00><N:X:20:06><CTRL:00><N:７:11:18><CTRL:00>か<CTRL:00>が<CTRL:00> <CTRL:00><N:＆:4:07><CTRL:00><N:７:11:18><CTRL:00>が<CTRL:00><N:≠:16:04><CTRL:00><N:３:14:19><CTRL:00>か<CTRL:00>が<CTRL:00> <CTRL:00><N:＆:4:07><CTRL:00><N:３:14:19><CTRL:00>る<CTRL:00>ル！が<CTRL:00><N:X:20:06><CTRL:00><N:７:11:18><CTRL:00>か<CTRL:00>が<CTRL:00> <CTRL:00><N:＆:4:07><CTRL:00><N:７:11:18><CTRL:00>る<CTRL:00>ル！が<CTRL:00><N:≠:16:04><CTRL:00><N:７:11:18><CTRL:00>か<CTRL:00>が<CTRL:00> <CTRL:00><N:＆:4:07><CTRL:00><N:７:11:18><CTRL:00>が<CTRL:00><N:X:20:06><CTRL:00><N:３:14:19><CTRL:00>か<CTRL:00>が<CTRL:00> <CTRL:00><N:＆:4:07><CTRL:00><N:３:14:19><CTRL:00>る<CTRL:00>ル！が<CTRL:00><N:X:20:06><CTRL:00><N:３:14:19><CTRL:00>か<CTRL:00>が<CTRL:00> <CTRL:00><N:＆:4:07><CTRL:00><N:３:14:19><CTRL:00>る<CTRL:00>ル！が<CTRL:00><N:≠:16:04><CTRL:00><N:７:11:18><CTRL:00>か<CTRL:00>が<CTRL:00> <CTRL:00><N:＆:4:07><CTRL:00><N:７:11:18><CTRL:00>が<CTRL:00><N:X:20:06><CTRL:00><N:３:14:19><CTRL:00>か<CTRL:00>が<CTRL:00> <CTRL:00><N:＆:4:07><CTRL:00><N:３:14:19><CTRL:00>る<CTRL:00>ル！が<CTRL:00><N:≠:16:04><CTRL:00><N:７:11:18><CTRL:00>か<CTRL:00>が<CTRL:00> <CTRL:00><N:＆:4:07><CTRL:00><N:７:11:18><CTRL:00>る<CTRL:00>ル！が<CTRL:00><N:≠:16:04><CTRL:00><N:７:11:18><CTRL:00>か<CTRL:00>が<CTRL:00> <CTRL:00><N:＆:4:07><CTRL:00><N:７:11:18><CTRL:00>が<CTRL:00><N:≠:16:04><CTRL:00><N:３:14:19><CTRL:00>か<CTRL:00>が<CTRL:00> <CTRL:00><N:＆:4:07><CTRL:00><N:３:14:19><CTRL:00>に<CTRL:00>我 う<CTRL:00>ら<CTRL:00>！<CTRL:00>わ<CTRL:00>を<CTRL:00><N:≠:16:04><CTRL:00>国！る<CTRL:00>何！ら<CTRL:00><N:≠:16:04>
B/SB072.DAT,0x47BDA,229,medium,0,original,,,,,,る<CTRL:00>ル！が<CTRL:00><N:X:20:06><CTRL:00><N:７:11:18><CTRL:00>か<CTRL:00>が<CTRL:00> <CTRL:00><N:＆:4:07><CTRL:00><N:７:11:18><CTRL:00>が<CTRL:00><N:≠:16:04><CTRL:00><N:３:14:19><CTRL:00>か<CTRL:00>が<CTRL:00> <CTRL:00><N:＆:4:07><CTRL:00><N:３:14:19><CTRL:00>る<CTRL:00>ル！が<CTRL:00><N:X:20:06><CTRL:00><N:７:11:18><CTRL:00>か<CTRL:00>が<CTRL:00> <CTRL:00><N:＆:4:07><CTRL:00><N:７:11:18><CTRL:00>る<CTRL:00>ル！が<CTRL:00><N:≠:16:04><CTRL:00><N:７:11:18><CTRL:00>か<CTRL:00>が<CTRL:00> <CTRL:00><N:＆:4:07><CTRL:00><N:７:11:18><CTRL:00>が<CTRL:00><N:X:20:06><CTRL:00><N:３:14:19><CTRL:00>か<CTRL:00>が<CTRL:00> <CTRL:00><N:＆:4:07><CTRL:00><N:３:14:19><CTRL:00>る<CTRL:00>ル！が<CTRL:00><N:X:20:06><CTRL:00><N:３:14:19><CTRL:00>か<CTRL:00>が<CTRL:00> <CTRL:00><N:＆:4:07><CTRL:00><N:３:14:19><CTRL:00>る<CTRL:00>ル！が<CTRL:00><N:≠:16:04><CTRL:00><N:７:11:18><CTRL:00>か<CTRL:00>が<CTRL:00> <CTRL:00><N:＆:4:07><CTRL:00><N:７:11:18><CTRL:00>が<CTRL:00><N:X:20:06><CTRL:00><N:３:14:19><CTRL:00>か<CTRL:00>が<CTRL:00> <CTRL:00><N:＆:4:07><CTRL:00><N:３:14:19><CTRL:00>る<CTRL:00>ル！が<CTRL:00><N:≠:16:04><CTRL:00><N:７:11:18><CTRL:00>か<CTRL:00>が<CTRL:00> <CTRL:00><N:＆:4:07><CTRL:00><N:７:11:18><CTRL:00>る<CTRL:00>ル！が<CTRL:00><N:≠:16:04><CTRL:00><N:７:11:18><CTRL:00>か<CTRL:00>が<CTRL:00> <CTRL:00><N:＆:4:07><CTRL:00><N:７:11:18><CTRL:00>が<CTRL:00><N:≠:16:04><CTRL:00><N:３:14:19><CTRL:00>か<CTRL:00>が<CTRL:00> <CTRL:00><N:＆:4:07><CTRL:00><N:３:14:19><CTRL:00>に<CTRL:00>我 う<CTRL:00>ら<CTRL:00>！<CTRL:00>わ<CTRL:00>を<CTRL:00><N:≠:16:04><CTRL:00>国！る<CTRL:00>何！ら<CTRL:00><N:≠:16:04>
B/SB072.DAT,0x47BF4,203,medium,0,original,,,,,,か<CTRL:00>が<CTRL:00> <CTRL:00><N:＆:4:07><CTRL:00><N:３:14:19><CTRL:00>る<CTRL:00>ル！が<CTRL:00><N:X:20:06><CTRL:00><N:７:11:18><CTRL:00>か<CTRL:00>が<CTRL:00> <CTRL:00><N:＆:4:07><CTRL:00><N:７:11:18><CTRL:00>る<CTRL:00>ル！が<CTRL:00><N:≠:16:04><CTRL:00><N:７:11:18><CTRL:00>か<CTRL:00>が<CTRL:00> <CTRL:00><N:＆:4:07><CTRL:00><N:７:11:18><CTRL:00>が<CTRL:00><N:X:20:06><CTRL:00><N:３:14:19><CTRL:00>か<CTRL:00>が<CTRL:00> <CTRL:00><N:＆:4:07><CTRL:00><N:３:14:19><CTRL:00>る<CTRL:00>ル！が<CTRL:00><N:X:20:06><CTRL:00><N:３:14:19><CTRL:00>か<CTRL:00>が<CTRL:00> <CTRL:00><N:＆:4:07><CTRL:00><N:３:14:19><CTRL:00>る<CTRL:00>ル！が<CTRL:00><N:≠:16:04><CTRL:00><N:７:11:18><CTRL:00>か<CTRL:00>が<CTRL:00> <CTRL:00><N:＆:4:07><CTRL:00><N:７:11:18><CTRL:00>が<CTRL:00><N:X:20:06><CTRL:00><N:３:14:19><CTRL:00>か<CTRL:00>が<CTRL:00> <CTRL:00><N:＆:4:07><CTRL:00><N:３:14:19><CTRL:00>る<CTRL:00>ル！が<CTRL:00><N:≠:16:04><CTRL:00><N:７:11:18><CTRL:00>か<CTRL:00>が<CTRL:00> <CTRL:00><N:＆:4:07><CTRL:00><N:７:11:18><CTRL:00>る<CTRL:00>ル！が<CTRL:00><N:≠:16:04><CTRL:00><N:７:11:18><CTRL:00>か<CTRL:00>が<CTRL:00> <CTRL:00><N:＆:4:07><CTRL:00><N:７:11:18><CTRL:00>が<CTRL:00><N:≠:16:04><CTRL:00><N:３:14:19><CTRL:00>か<CTRL:00>が<CTRL:00> <CTRL:00><N:＆:4:07><CTRL:00><N:３:14:19><CTRL:00>に<CTRL:00>我 う<CTRL:00>ら<CTRL:00>！<CTRL:00>わ<CTRL:00>を<CTRL:00><N:≠:16:04><CTRL:00>国！る<CTRL:00>何！ら<CTRL:00><N:≠:16:04>
B/SB072.DAT,0x47BFE,193,medium,0,original,,,,,,る<CTRL:00>ル！が<CTRL:00><N:X:20:06><CTRL:00><N:７:11:18><CTRL:00>か<CTRL:00>が<CTRL:00> <CTRL:00><N:＆:4:07><CTRL:00><N:７:11:18><CTRL:00>る<CTRL:00>ル！が<CTRL:00><N:≠:16:04><CTRL:00><N:７:11:18><CTRL:00>か<CTRL:00>が<CTRL:00> <CTRL:00><N:＆:4:07><CTRL:00><N:７:11:18><CTRL:00>が<CTRL:00><N:X:20:06><CTRL:00><N:３:14:19><CTRL:00>か<CTRL:00>が<CTRL:00> <CTRL:00><N:＆:4:07><CTRL:00><N:３:14:19><CTRL:00>る<CTRL:00>ル！が<CTRL:00><N:X:20:06><CTRL:00><N:３:14:19><CTRL:00>か<CTRL:00>が<CTRL:00> <CTRL:00><N:＆:4:07><CTRL:00><N:３:14:19><CTRL:00>る<CTRL:00>ル！が<CTRL:00><N:≠:16:04><CTRL:00><N:７:11:18><CTRL:00>か<CTRL:00>が<CTRL:00> <CTRL:00><N:＆:4:07><CTRL:00><N:７:11:18><CTRL:00>が<CTRL:00><N:X:20:06><CTRL:00><N:３:14:19><CTRL:00>か<CTRL:00>が<CTRL:00> <CTRL:00><N:＆:4:07><CTRL:00><N:３:14:19><CTRL:00>る<CTRL:00>ル！が<CTRL:00><N:≠:16:04><CTRL:00><N:７:11:18><CTRL:00>か<CTRL:00>が<CTRL:00> <CTRL:00><N:＆:4:07><CTRL:00><N:７:11:18><CTRL:00>る<CTRL:00>ル！が<CTRL:00><N:≠:16:04><CTRL:00><N:７:11:18><CTRL:00>か<CTRL:00>が<CTRL:00> <CTRL:00><N:＆:4:07><CTRL:00><N:７:11:18><CTRL:00>が<CTRL:00><N:≠:16:04><CTRL:00><N:３:14:19><CTRL:00>か<CTRL:00>が<CTRL:00> <CTRL:00><N:＆:4:07><CTRL:00><N:３:14:19><CTRL:00>に<CTRL:00>我 う<CTRL:00>ら<CTRL:00>！<CTRL:00>わ<CTRL:00>を<CTRL:00><N:≠:16:04><CTRL:00>国！る<CTRL:00>何！ら<CTRL:00><N:≠:16:04>
B/SB072.DAT,0x47C2C,147,medium,0,original,,,,,,か<CTRL:00>が<CTRL:00> <CTRL:00><N:＆:4:07><CTRL:00><N:３:14:19><CTRL:00>る<CTRL:00>ル！が<CTRL:00><N:X:20:06><CTRL:00><N:３:14:19><CTRL:00>か<CTRL:00>が<CTRL:00> <CTRL:00><N:＆:4:07><CTRL:00><N:３:14:19><CTRL:00>る<CTRL:00>ル！が<CTRL:00><N:≠:16:04><CTRL:00><N:７:11:18><CTRL:00>か<CTRL:00>が<CTRL:00> <CTRL:00><N:＆:4:07><CTRL:00><N:７:11:18><CTRL:00>が<CTRL:00><N:X:20:06><CTRL:00><N:３:14:19><CTRL:00>か<CTRL:00>が<CTRL:00> <CTRL:00><N:＆:4:07><CTRL:00><N:３:14:19><CTRL:00>る<CTRL:00>ル！が<CTRL:00><N:≠:16:04><CTRL:00><N:７:11:18><CTRL:00>か<CTRL:00>が<CTRL:00> <CTRL:00><N:＆:4:07><CTRL:00><N:７:11:18><CTRL:00>る<CTRL:00>ル！が<CTRL:00><N:≠:16:04><CTRL:00><N:７:11:18><CTRL:00>か<CTRL:00>が<CTRL:00> <CTRL:00><N:＆:4:07><CTRL:00><N:７:11:18><CTRL:00>が<CTRL:00><N:≠:16:04><CTRL:00><N:３:14:19><CTRL:00>か<CTRL:00>が<CTRL:00> <CTRL:00><N:＆:4:07><CTRL:00><N:３:14:19><CTRL:00>に<CTRL:00>我 う<CTRL:00>ら<CTRL:00>！<CTRL:00>わ<CTRL:00>を<CTRL:00><N:≠:16:04><CTRL:00>国！る<CTRL:00>何！ら<CTRL:00><N:≠:16:04>
B/SB072.DAT,0x47C36,137,medium,0,original,,,,,,る<CTRL:00>ル！が<CTRL:00><N:X:20:06><CTRL:00><N:３:14:19><CTRL:00>か<CTRL:00>が<CTRL:00> <CTRL:00><N:＆:4:07><CTRL:00><N:３:14:19><CTRL:00>る<CTRL:00>ル！が<CTRL:00><N:≠:16:04><CTRL:00><N:７:11:18><CTRL:00>か<CTRL:00>が<CTRL:00> <CTRL:00><N:＆:4:07><CTRL:00><N:７:11:18><CTRL:00>が<CTRL:00><N:X:20:06><CTRL:00><N:３:14:19><CTRL:00>か<CTRL:00>が<CTRL:00> <CTRL:00><N:＆:4:07><CTRL:00><N:３:14:19><CTRL:00>る<CTRL:00>ル！が<CTRL:00><N:≠:16:04><CTRL:00><N:７:11:18><CTRL:00>か<CTRL:00>が<CTRL:00> <CTRL:00><N:＆:4:07><CTRL:00><N:７:11:18><CTRL:00>る<CTRL:00>ル！が<CTRL:00><N:≠:16:04><CTRL:00><N:７:11:18><CTRL:00>か<CTRL:00>が<CTRL:00> <CTRL:00><N:＆:4:07><CTRL:00><N:７:11:18><CTRL:00>が<CTRL:00><N:≠:16:04><CTRL:00><N:３:14:19><CTRL:00>か<CTRL:00>が<CTRL:00> <CTRL:00><N:＆:4:07><CTRL:00><N:３:14:19><CTRL:00>に<CTRL:00>我 う<CTRL:00>ら<CTRL:00>！<CTRL:00>わ<CTRL:00>を<CTRL:00><N:≠:16:04><CTRL:00>国！る<CTRL:00>何！ら<CTRL:00><N:≠:16:04>
B/SB072.DAT,0x47C40,127,medium,0,original,,,,,,か<CTRL:00>が<CTRL:00> <CTRL:00><N:＆:4:07><CTRL:00><N:３:14:19><CTRL:00>る<CTRL:00>ル！が<CTRL:00><N:≠:16:04><CTRL:00><N:７:11:18><CTRL:00>か<CTRL:00>が<CTRL:00> <CTRL:00><N:＆:4:07><CTRL:00><N:７:11:18><CTRL:00>が<CTRL:00><N:X:20:06><CTRL:00><N:３:14:19><CTRL:00>か<CTRL:00>が<CTRL:00> <CTRL:00><N:＆:4:07><CTRL:00><N:３:14:19><CTRL:00>る<CTRL:00>ル！が<CTRL:00><N:≠:16:04><CTRL:00><N:７:11:18><CTRL:00>か<CTRL:00>が<CTRL:00> <CTRL:00><N:＆:4:07><CTRL:00><N:７:11:18><CTRL:00>る<CTRL:00>ル！が<CTRL:00><N:≠:16:04><CTRL:00><N:７:11:18><CTRL:00>か<CTRL:00>が<CTRL:00> <CTRL:00><N:＆:4:07><CTRL:00><N:７:11:18><CTRL:00>が<CTRL:00><N:≠:16:04><CTRL:00><N:３:14:19><CTRL:00>か<CTRL:00>が<CTRL:00> <CTRL:00><N:＆:4:07><CTRL:00><N:３:14:19><CTRL:00>に<CTRL:00>我 う<CTRL:00>ら<CTRL:00>！<CTRL:00>わ<CTRL:00>を<CTRL:00><N:≠:16:04><CTRL:00>国！る<CTRL:00>何！ら<CTRL:00><N:≠:16:04>
B/SB072.DAT,0x47C4A,117,medium,0,original,,,,,,る<CTRL:00>ル！が<CTRL:00><N:≠:16:04><CTRL:00><N:７:11:18><CTRL:00>か<CTRL:00>が<CTRL:00> <CTRL:00><N:＆:4:07><CTRL:00><N:７:11:18><CTRL:00>が<CTRL:00><N:X:20:06><CTRL:00><N:３:14:19><CTRL:00>か<CTRL:00>が<CTRL:00> <CTRL:00><N:＆:4:07><CTRL:00><N:３:14:19><CTRL:00>る<CTRL:00>ル！が<CTRL:00><N:≠:16:04><CTRL:00><N:７:11:18><CTRL:00>か<CTRL:00>が<CTRL:00> <CTRL:00><N:＆:4:07><CTRL:00><N:７:11:18><CTRL:00>る<CTRL:00>ル！が<CTRL:00><N:≠:16:04><CTRL:00><N:７:11:18><CTRL:00>か<CTRL:00>が<CTRL:00> <CTRL:00><N:＆:4:07><CTRL:00><N:７:11:18><CTRL:00>が<CTRL:00><N:≠:16:04><CTRL:00><N:３:14:19><CTRL:00>か<CTRL:00>が<CTRL:00> <CTRL:00><N:＆:4:07><CTRL:00><N:３:14:19><CTRL:00>に<CTRL:00>我 う<CTRL:00>ら<CTRL:00>！<CTRL:00>わ<CTRL:00>を<CTRL:00><N:≠:16:04><CTRL:00>国！る<CTRL:00>何！ら<CTRL:00><N:≠:16:04>
B/SB072.DAT,0x47C64,91,medium,0,original,,,,,,か<CTRL:00>が<CTRL:00> <CTRL:00><N:＆:4:07><CTRL:00><N:３:14:19><CTRL:00>る<CTRL:00>ル！が<CTRL:00><N:≠:16:04><CTRL:00><N:７:11:18><CTRL:00>か<CTRL:00>が<CTRL:00> <CTRL:00><N:＆:4:07><CTRL:00><N:７:11:18><CTRL:00>る<CTRL:00>ル！が<CTRL:00><N:≠:16:04><CTRL:00><N:７:11:18><CTRL:00>か<CTRL:00>が<CTRL:00> <CTRL:00><N:＆:4:07><CTRL:00><N:７:11:18><CTRL:00>が<CTRL:00><N:≠:16:04><CTRL:00><N:３:14:19><CTRL:00>か<CTRL:00>が<CTRL:00> <CTRL:00><N:＆:4:07><CTRL:00><N:３:14:19><CTRL:00>に<CTRL:00>我 う<CTRL:00>ら<CTRL:00>！<CTRL:00>わ<CTRL:00>を<CTRL:00><N:≠:16:04><CTRL:00>国！る<CTRL:00>何！ら<CTRL:00><N:≠:16:04>
B/SB072.DAT,0x47C6E,81,medium,0,original,,,,,,る<CTRL:00>ル！が<CTRL:00><N:≠:16:04><CTRL:00><N:７:11:18><CTRL:00>か<CTRL:00>が<CTRL:00> <CTRL:00><N:＆:4:07><CTRL:00><N:７:11:18><CTRL:00>る<CTRL:00>ル！が<CTRL:00><N:≠:16:04><CTRL:00><N:７:11:18><CTRL:00>か<CTRL:00>が<CTRL:00> <CTRL:00><N:＆:4:07><CTRL:00><N:７:11:18><CTRL:00>が<CTRL:00><N:≠:16:04><CTRL:00><N:３:14:19><CTRL:00>か<CTRL:00>が<CTRL:00> <CTRL:00><N:＆:4:07><CTRL:00><N:３:14:19><CTRL:00>に<CTRL:00>我 う<CTRL:00>ら<CTRL:00>！<CTRL:00>わ<CTRL:00>を<CTRL:00><N:≠:16:04><CTRL:00>国！る<CTRL:00>何！ら<CTRL:00><N:≠:16:04>
B/SB072.DAT,0x47C9C,35,medium,0,original,,,,,,か<CTRL:00>が<CTRL:00> <CTRL:00><N:＆:4:07><CTRL:00><N:３:14:19><CTRL:00>に<CTRL:00>我 う<CTRL:00>ら<CTRL:00>！<CTRL:00>わ<CTRL:00>を<CTRL:00><N:≠:16:04><CTRL:00>国！る<CTRL:00>何！ら<CTRL:00><N:≠:16:04>
B/SB072.DAT,0x47CA6,25,medium,0,original,,,,,,に<CTRL:00>我 う<CTRL:00>ら<CTRL:00>！<CTRL:00>わ<CTRL:00>を<CTRL:00><N:≠:16:04><CTRL:00>国！る<CTRL:00>何！ら<CTRL:00><N:≠:16:04>
B/SB072.DAT,0x47DB2,7,medium,0,original,,,,,,石<CTRL:00>や<N:‐:2:0E>見ま<N:≠:16:04>
B/SB072.DAT,0x47EBE,8,medium,0,original,,,,,,これは・・。
B/SB072.DAT,0x47F1E,38,high,0,original,,,,,,大臣 / どうやら<N:ｌ:5:5B>聖柩へを手に入れたようだな / ご苦<N:労:5:DE50>、ご苦<N:労:5:DE50>。
B/SB072.DAT,0x47F7E,5,high,0,original,,,,,,きさまつ！
B/SB072.DAT,0x47FEC,30,high,0,original,,,,,,大臣 / 洞<N:窟:10:DF48>を調ベろ！ / <N:ｌ:5:5B>聖柩へがあるはすだ。
B/SB072.DAT,0x4803C,8,high,0,original,,,,,,兵士 / はつ。
B/SB072.DAT,0x4806A,5,high,0,original,,,,,,<N:７:11:18><CTRL:00><CTRL:F0><N:＄:1:05>て
B/SB072.DAT,0x4808E,7,medium,0,original,,,,,,石<CTRL:00><N:ク:12:80>，か<N:３:14:19><N:≠:16:04>
B/SB072.DAT,0x480BC,5,medium,0,original,,,,,,<N:７:11:18><CTRL:00><CTRL:F7><CTRL:FF>つ
B/SB072.DAT,0x480F6,11,high,0,original,,,,,,兵士 / ありました。
B/SB072.DAT,0x48134,21,high,0,original,,,,,,大臣 / よし、こいつらを引き立てろ！
B/SB072.DAT,0x4819C,31,high,0,original,,,,,,やれるもんならやつてみやがれ！てめえらもただじゃ済まね<N:ぇ:2:C0>ぞ！
B/SB072.DAT,0x481FE,9,high,0,original,,,,,,みんなやめるんだ！
B/SB072.DAT,0x48268,49,high,0,original,,,,,,大臣 / それがよかろう。 / われらはトウウ<N:ｲ:6:DD03>ルの村人の命を / どうにでもできるのだからな。
B/SB072.DAT,0x482CC,25,high,0,original,,,,,,大臣 / 勇者とて、母親の命は大切だろう。
B/SB072.DAT,0x48320,16,high,0,original,,,,,,大臣 / はつはつはつはつはつ。
B/SB072.DAT,0x48440,3,medium,0,original,,,,,,<CTRL:FD><CTRL:FF>が
B/SB072.DAT,0x48452,9,medium,0,original,,,,,,が<CTRL:00>0<CTRL:00><N:３:14:19><CTRL:00><N:ｃ:9:17><CTRL:00>が
B/SB072.DAT,0x48458,3,medium,0,original,,,,,,<N:ｃ:9:17><CTRL:00>が
B/SB072.DAT,0x48494,25,medium,0,original,,,,,,な<CTRL:00>ど<N:X:20:06>。<CTRL:00><N:≠:16:04><CTRL:00><N:３:14:19><CTRL:00>た<CTRL:00>ど<N:X:20:06>が<CTRL:00><N:‐:2:0E><CTRL:00><N:＆:4:07><CTRL:00>は<CTRL:00>”<CTRL:00><N:＆:4:07>
B/SB072.DAT,0x4849E,15,medium,0,original,,,,,,た<CTRL:00>ど<N:X:20:06>が<CTRL:00><N:‐:2:0E><CTRL:00><N:＆:4:07><CTRL:00>は<CTRL:00>”<CTRL:00><N:＆:4:07>
B/SB072.DAT,0x484B8,5,medium,0,original,,,,,,る<CTRL:00>び<N:X:20:06>が
B/SB072.DAT,0x484CC,9,medium,0,original,,,,,,が<CTRL:00>0<CTRL:00><N:３:14:19><CTRL:00><N:ｃ:9:17><CTRL:00>が
B/SB072.DAT,0x484D2,3,medium,0,original,,,,,,<N:ｃ:9:17><CTRL:00>が
B/SB072.DAT,0x4850E,25,medium,0,original,,,,,,な<CTRL:00>言<N:X:20:06>。<CTRL:00><N:≠:16:04><CTRL:00><N:３:14:19><CTRL:00>た<CTRL:00>言<N:X:20:06>が<CTRL:00><N:‐:2:0E><CTRL:00><N:＆:4:07><CTRL:00>は<CTRL:00>”<CTRL:00><N:＆:4:07>
B/SB072.DAT,0x48518,15,medium,0,original,,,,,,た<CTRL:00>言<N:X:20:06>が<CTRL:00><N:‐:2:0E><CTRL:00><N:＆:4:07><CTRL:00>は<CTRL:00>”<CTRL:00><N:＆:4:07>
B/SB072.DAT,0x48542,15,medium,0,original,,,,,,は<CTRL:00><N:＄:1:05><CTRL:00><N:X:20:06><CTRL:00>話 男<N:X:20:06><N:≠:16:04><CTRL:00>た<CTRL:00>闘
B/SB072.DAT,0x48582,3,medium,0,original,,,,,,<N:７:11:18><CTRL:00>が
B/SB072.DAT,0x485BE,25,medium,0,original,,,,,,な<CTRL:00><CTRL:E9><N:X:20:06>。<CTRL:00><N:≠:16:04><CTRL:00><N:３:14:19><CTRL:00>た<CTRL:00><CTRL:E9><N:X:20:06>が<CTRL:00><N:‐:2:0E><CTRL:00><N:＆:4:07><CTRL:00>は<CTRL:00>”<CTRL:00><N:＆:4:07>
B/SB072.DAT,0x485C8,15,medium,0,original,,,,,,た<CTRL:00><CTRL:E9><N:X:20:06>が<CTRL:00><N:‐:2:0E><CTRL:00><N:＆:4:07><CTRL:00>は<CTRL:00>”<CTRL:00><N:＆:4:07>
B/SB072.DAT,0x485FC,3,medium,0,original,,,,,,<N:７:11:18><CTRL:00>が
B/SB072.DAT,0x48638,25,medium,0,original,,,,,,な<CTRL:00>う<N:＆:4:07>。<CTRL:00><N:≠:16:04><CTRL:00><N:３:14:19><CTRL:00>た<CTRL:00>う<N:＆:4:07>が<CTRL:00><N:‐:2:0E><CTRL:00><N:＆:4:07><CTRL:00>は<CTRL:00>”<CTRL:00><N:＆:4:07>
B/SB072.DAT,0x48642,15,medium,0,original,,,,,,た<CTRL:00>う<N:＆:4:07>が<CTRL:00><N:‐:2:0E><CTRL:00><N:＆:4:07><CTRL:00>は<CTRL:00>”<CTRL:00><N:＆:4:07>
B/SB072.DAT,0x486A4,3,medium,0,original,,,,,,<CTRL:FD><CTRL:FF>が
B/SB072.DAT,0x486B6,9,medium,0,original,,,,,,が<CTRL:00>0<CTRL:00><N:３:14:19><CTRL:00><N:ｃ:9:17><CTRL:00>が
B/SB072.DAT,0x486BC,3,medium,0,original,,,,,,<N:ｃ:9:17><CTRL:00>が
B/SB072.DAT,0x486F8,25,medium,0,original,,,,,,な<CTRL:00>入<N:＆:4:07>。<CTRL:00><N:≠:16:04><CTRL:00><N:３:14:19><CTRL:00>た<CTRL:00>入<N:＆:4:07>が<CTRL:00><N:‐:2:0E><CTRL:00><N:＆:4:07><CTRL:00>は<CTRL:00>”<CTRL:00><N:＆:4:07>
B/SB072.DAT,0x48702,15,medium,0,original,,,,,,た<CTRL:00>入<N:＆:4:07>が<CTRL:00><N:‐:2:0E><CTRL:00><N:＆:4:07><CTRL:00>は<CTRL:00>”<CTRL:00><N:＆:4:07>
B/SB072.DAT,0x4871C,5,medium,0,original,,,,,,る<CTRL:00>様<N:＆:4:07>が
B/SB072.DAT,0x48730,9,medium,0,original,,,,,,が<CTRL:00>0<CTRL:00><N:３:14:19><CTRL:00><N:ｃ:9:17><CTRL:00>が
B/SB072.DAT,0x48736,3,medium,0,original,,,,,,<N:ｃ:9:17><CTRL:00>が
B/SB072.DAT,0x48772,25,medium,0,original,,,,,,な<CTRL:00>後<N:＆:4:07>。<CTRL:00><N:≠:16:04><CTRL:00><N:３:14:19><CTRL:00>た<CTRL:00>後<N:＆:4:07>が<CTRL:00><N:‐:2:0E><CTRL:00><N:＆:4:07><CTRL:00>は<CTRL:00>”<CTRL:00><N:＆:4:07>
B/SB072.DAT,0x4877C,15,medium,0,original,,,,,,た<CTRL:00>後<N:＆:4:07>が<CTRL:00><N:‐:2:0E><CTRL:00><N:＆:4:07><CTRL:00>は<CTRL:00>”<CTRL:00><N:＆:4:07>
B/SB072.DAT,0x487A6,15,medium,0,original,,,,,,は<CTRL:00><N:＄:1:05><CTRL:00><N:X:20:06><CTRL:00>話 <CTRL:E5><N:＆:4:07><N:≠:16:04><CTRL:00>た<CTRL:00>闘
B/SB072.DAT,0x487E6,3,medium,0,original,,,,,,<N:７:11:18><CTRL:00>が
B/SB072.DAT,0x48822,25,medium,0,original,,,,,,な<CTRL:00>い’。<CTRL:00><N:≠:16:04><CTRL:00><N:３:14:19><CTRL:00>た<CTRL:00>い’が<CTRL:00><N:‐:2:0E><CTRL:00><N:＆:4:07><CTRL:00>は<CTRL:00>”<CTRL:00><N:＆:4:07>
B/SB072.DAT,0x4882C,15,medium,0,original,,,,,,た<CTRL:00>い’が<CTRL:00><N:‐:2:0E><CTRL:00><N:＆:4:07><CTRL:00>は<CTRL:00>”<CTRL:00><N:＆:4:07>
B/SB072.DAT,0x48860,3,medium,0,original,,,,,,<N:７:11:18><CTRL:00>が
B/SB072.DAT,0x4889C,25,medium,0,original,,,,,,な<CTRL:00>ば’。<CTRL:00><N:≠:16:04><CTRL:00><N:３:14:19><CTRL:00>た<CTRL:00>ば’が<CTRL:00><N:‐:2:0E><CTRL:00><N:＆:4:07><CTRL:00>は<CTRL:00>”<CTRL:00><N:＆:4:07>
B/SB072.DAT,0x488A6,15,medium,0,original,,,,,,た<CTRL:00>ば’が<CTRL:00><N:‐:2:0E><CTRL:00><N:＆:4:07><CTRL:00>は<CTRL:00>”<CTRL:00><N:＆:4:07>
B/SB081.DAT,0x469F8,49,medium,0,original,,,,,,<CTRL:00><N:ъ:14:1A><CTRL:00>し<CTRL:00>す<CTRL:00><N:．:2:0F><CTRL:00>う<CTRL:00> <CTRL:00>ん<CTRL:00><N:ｃ:12:16><CTRL:00>は<CTRL:00>3 に<CTRL:00>す<CTRL:00><N:ﾉ:6:10><CTRL:00>う<CTRL:00> <CTRL:00>ん<CTRL:00><N:ｃ:9:17><CTRL:00>は<CTRL:00>3 に<CTRL:00> <CTRL:00>ー か<CTRL:00>
B/SB081.DAT,0x46A1C,13,medium,0,original,,,,,,は<CTRL:00>3 に<CTRL:00> <CTRL:00>ー か<CTRL:00>
B/SB081.DAT,0x46BF4,49,medium,0,original,,,,,,<CTRL:00><N:ъ:14:1A><CTRL:00>し<CTRL:00>す<CTRL:00><N:．:2:0F><CTRL:00>う<CTRL:00> <CTRL:00>ん<CTRL:00><N:ｃ:12:16><CTRL:00>は<CTRL:00>1！に<CTRL:00>す<CTRL:00><N:ﾉ:6:10><CTRL:00>う<CTRL:00> <CTRL:00>ん<CTRL:00><N:ｃ:9:17><CTRL:00>は<CTRL:00>1！に<CTRL:00> <CTRL:00>を！か<CTRL:00>
B/SB081.DAT,0x46C18,13,medium,0,original,,,,,,は<CTRL:00>1！に<CTRL:00> <CTRL:00>を！か<CTRL:00>
B/SB081.DAT,0x46E18,21,medium,0,original,,,,,,<CTRL:00><N:ъ:14:1A><CTRL:00>し<CTRL:00>す<CTRL:00><N:*:7:0B><CTRL:00><N:ｃ:9:17><CTRL:00>す<CTRL:00>”<CTRL:00>う<CTRL:00> <CTRL:00>ま
B/SB081.DAT,0x46E24,9,medium,0,original,,,,,,す<CTRL:00>”<CTRL:00>う<CTRL:00> <CTRL:00>ま
B/SB081.DAT,0x47090,21,medium,0,original,,,,,,<CTRL:00><N:ъ:14:1A><CTRL:00>し<CTRL:00>す<CTRL:00><N:*:7:0B><CTRL:00><N:ｃ:9:17><CTRL:00>す<CTRL:00>”<CTRL:00>う<CTRL:00> <CTRL:00>ま
B/SB081.DAT,0x4709C,9,medium,0,original,,,,,,す<CTRL:00>”<CTRL:00>う<CTRL:00> <CTRL:00>ま
B/SB081.DAT,0x472A8,21,medium,0,original,,,,,,<CTRL:00><N:ъ:14:1A><CTRL:00>し<CTRL:00>す<CTRL:00><N:*:7:0B><CTRL:00><N:ｃ:9:17><CTRL:00>す<CTRL:00>”<CTRL:00>う<CTRL:00> <CTRL:00>ま
B/SB081.DAT,0x472B4,9,medium,0,original,,,,,,す<CTRL:00>”<CTRL:00>う<CTRL:00> <CTRL:00>ま
B/SB081.DAT,0x47498,21,medium,0,original,,,,,,<CTRL:00><N:ъ:14:1A><CTRL:00>し<CTRL:00>す<CTRL:00><N:*:7:0B><CTRL:00><N:ｃ:9:17><CTRL:00>す<CTRL:00>”<CTRL:00>う<CTRL:00> <CTRL:00>ま
B/SB081.DAT,0x474A4,9,medium,0,original,,,,,,す<CTRL:00>”<CTRL:00>う<CTRL:00> <CTRL:00>ま
B/SB081.DAT,0x47598,7,medium,0,original,,,,,,<CTRL:00><N:ъ:14:1A><CTRL:00>し<CTRL:00>
B/SB081.DAT,0x478F6,9,medium,0,original,,,,,,す<CTRL:00>”<CTRL:00>う<CTRL:00> <CTRL:00>ま
B/SB081.DAT,0x479AA,9,medium,0,original,,,,,,す<CTRL:00>”<CTRL:00>う<CTRL:00> <CTRL:00>ま
B/SB081.DAT,0x47AD8,9,medium,0,original,,,,,,す<CTRL:00>”<CTRL:00>う<CTRL:00> <CTRL:00>ま
B/SB081.DAT,0x47CEC,9,medium,0,original,,,,,,す<CTRL:00>”<CTRL:00>う<CTRL:00> <CTRL:00>ま
B/SB081.DAT,0x47D8C,9,medium,0,original,,,,,,す<CTRL:00>”<CTRL:00>う<CTRL:00> <CTRL:00>ま
B/SB081.DAT,0x47E02,9,medium,0,original,,,,,,す<CTRL:00>”<CTRL:00>う<CTRL:00> <CTRL:00>ま
B/SB081.DAT,0x47EFE,9,medium,0,original,,,,,,す<CTRL:00>”<CTRL:00>う<CTRL:00> <CTRL:00>ま
B/SB081.DAT,0x4822A,9,medium,0,original,,,,,,す<CTRL:00>”<CTRL:00>う<CTRL:00> <CTRL:00>ま
B/SB081.DAT,0x48506,9,medium,0,original,,,,,,す<CTRL:00>”<CTRL:00>う<CTRL:00> <CTRL:00>ま
B/SB081.DAT,0x4868A,9,medium,0,original,,,,,,す<CTRL:00>”<CTRL:00>う<CTRL:00> <CTRL:00>ま
B/SB081.DAT,0x486CA,9,medium,0,original,,,,,,す<CTRL:00>”<CTRL:00>う<CTRL:00> <CTRL:00>ま
C1/SC011.DAT,0x46DE6,28,high,1,inline_changed,,,,,,戦闘になるぞ。いいか？ / <CTRL:E5>”はい / <CTRL:E5>”やつっりやめる
C1/SC011.DAT,0x46E48,28,high,1,inline_changed,,,,,,戦闘になるよ。いいの？ / <CTRL:E5>”はい / <CTRL:E5>”やつっりやめる
C1/SC011.DAT,0x46EAA,29,high,1,inline_changed,,,,,,やるぜ。もちろんいいよな / <CTRL:E5>”はい / <CTRL:E5>”やつっりやめる
C1/SC011.DAT,0x46F0E,31,high,1,inline_changed,,,,,,戦闘になるけど、いいのかな？ / <CTRL:E5>”はい / <CTRL:E5>”やつっりやめる
C1/SC011.DAT,0x46F74,29,high,1,inline_changed,,,,,,戦闘になるがいいのかな？ / <CTRL:E5>”はい / <CTRL:E5>”やつっりやめる
C1/SC011.DAT,0x46FD8,21,high,1,inline_changed,,,,,,いいか？ / <CTRL:E5>”はい / <CTRL:E5>”やつっりやめる
C1/SC011.DAT,0x47034,24,high,1,inline_changed,,,,,,どうしようかね / <CTRL:E5>”やる / <CTRL:E5>”やつっりやめる
C1/SC011.DAT,0x4724C,49,medium,1,original,,,,,,<CTRL:00><N:ъ:14:1A><CTRL:00>し<CTRL:00>す<CTRL:00><N:．:2:0F><CTRL:00>う<CTRL:00> <CTRL:00>ん<CTRL:00><N:ｃ:12:16><CTRL:00>は<CTRL:00>く<N:＄:1:05>に<CTRL:00>す<CTRL:00><N:ﾉ:6:10><CTRL:00>う<CTRL:00> <CTRL:00>ん<CTRL:00><N:ｃ:9:17><CTRL:00>は<CTRL:00>く<N:＄:1:05>に<CTRL:00> <CTRL:00><N:ｌ:5:5B><N:＄:1:05>か<CTRL:00>
C1/SC011.DAT,0x47270,13,medium,1,original,,,,,,は<CTRL:00>く<N:＄:1:05>に<CTRL:00> <CTRL:00><N:ｌ:5:5B><N:＄:1:05>か<CTRL:00>
C1/SC011.DAT,0x47448,49,medium,1,original,,,,,,<CTRL:00><N:ъ:14:1A><CTRL:00>し<CTRL:00>す<CTRL:00><N:．:2:0F><CTRL:00>う<CTRL:00> <CTRL:00>ん<CTRL:00><N:ｃ:12:16><CTRL:00>は<CTRL:00>？<N:X:20:06>に<CTRL:00>す<CTRL:00><N:ﾉ:6:10><CTRL:00>う<CTRL:00> <CTRL:00>ん<CTRL:00><N:ｃ:9:17><CTRL:00>は<CTRL:00>？<N:X:20:06>に<CTRL:00> <CTRL:00>せ<N:X:20:06>か<CTRL:00>
C1/SC011.DAT,0x4746C,13,medium,1,original,,,,,,は<CTRL:00>？<N:X:20:06>に<CTRL:00> <CTRL:00>せ<N:X:20:06>か<CTRL:00>
C1/SC011.DAT,0x4766C,21,medium,1,original,,,,,,<CTRL:00><N:ъ:14:1A><CTRL:00>し<CTRL:00>す<CTRL:00><N:*:7:0B><CTRL:00><N:ｃ:9:17><CTRL:00>す<CTRL:00>”<CTRL:00>う<CTRL:00> <CTRL:00>ま
C1/SC011.DAT,0x47678,9,medium,1,original,,,,,,す<CTRL:00>”<CTRL:00>う<CTRL:00> <CTRL:00>ま
C1/SC011.DAT,0x478E4,21,medium,1,original,,,,,,<CTRL:00><N:ъ:14:1A><CTRL:00>し<CTRL:00>す<CTRL:00><N:*:7:0B><CTRL:00><N:ｃ:9:17><CTRL:00>す<CTRL:00>”<CTRL:00>う<CTRL:00> <CTRL:00>ま
C1/SC011.DAT,0x478F0,9,medium,1,original,,,,,,す<CTRL:00>”<CTRL:00>う<CTRL:00> <CTRL:00>ま
C1/SC011.DAT,0x47AFC,21,medium,1,original,,,,,,<CTRL:00><N:ъ:14:1A><CTRL:00>し<CTRL:00>す<CTRL:00><N:*:7:0B><CTRL:00><N:ｃ:9:17><CTRL:00>す<CTRL:00>”<CTRL:00>う<CTRL:00> <CTRL:00>ま
C1/SC011.DAT,0x47B08,9,medium,1,original,,,,,,す<CTRL:00>”<CTRL:00>う<CTRL:00> <CTRL:00>ま
C1/SC011.DAT,0x47CEC,21,medium,1,original,,,,,,<CTRL:00><N:ъ:14:1A><CTRL:00>し<CTRL:00>す<CTRL:00><N:*:7:0B><CTRL:00><N:ｃ:9:17><CTRL:00>す<CTRL:00>”<CTRL:00>う<CTRL:00> <CTRL:00>ま
C1/SC011.DAT,0x47CF8,9,medium,1,original,,,,,,す<CTRL:00>”<CTRL:00>う<CTRL:00> <CTRL:00>ま
C1/SC011.DAT,0x47DEC,7,medium,1,original,,,,,,<CTRL:00><N:ъ:14:1A><CTRL:00>し<CTRL:00>
C1/SC011.DAT,0x4814A,9,medium,1,original,,,,,,す<CTRL:00>”<CTRL:00>う<CTRL:00> <CTRL:00>ま
C1/SC011.DAT,0x481FE,9,medium,1,original,,,,,,す<CTRL:00>”<CTRL:00>う<CTRL:00> <CTRL:00>ま
C1/SC011.DAT,0x4832C,9,medium,1,original,,,,,,す<CTRL:00>”<CTRL:00>う<CTRL:00> <CTRL:00>ま
C1/SC011.DAT,0x48540,9,medium,1,original,,,,,,す<CTRL:00>”<CTRL:00>う<CTRL:00> <CTRL:00>ま
C1/SC011.DAT,0x485E0,9,medium,1,original,,,,,,す<CTRL:00>”<CTRL:00>う<CTRL:00> <CTRL:00>ま
C1/SC011.DAT,0x48656,9,medium,1,original,,,,,,す<CTRL:00>”<CTRL:00>う<CTRL:00> <CTRL:00>ま
C1/SC011.DAT,0x48752,9,medium,1,original,,,,,,す<CTRL:00>”<CTRL:00>う<CTRL:00> <CTRL:00>ま
C1/SC011.DAT,0x48A7E,9,medium,1,original,,,,,,す<CTRL:00>”<CTRL:00>う<CTRL:00> <CTRL:00>ま
C1/SC011.DAT,0x48DEA,12,high,1,inline_changed,,,,,,おれもたたかつてやろうか
C1/SC021.DAT,0x46DE6,28,high,0,original,,,,,,戦闘になるぞ。いいか？ / <CTRL:E5>”はい / <CTRL:E5>”やつっりやめる
C1/SC021.DAT,0x46E48,28,high,0,original,,,,,,戦闘になるよ。いいの？ / <CTRL:E5>”はい / <CTRL:E5>”やつっりやめる
C1/SC021.DAT,0x46EAA,29,high,0,original,,,,,,やるぜ。もちろんいいよな / <CTRL:E5>”はい / <CTRL:E5>”やつっりやめる
C1/SC021.DAT,0x46F0E,31,high,0,original,,,,,,戦闘になるけど、いいのかな？ / <CTRL:E5>”はい / <CTRL:E5>”やつっりやめる
C1/SC021.DAT,0x46F74,29,high,0,original,,,,,,戦闘になるがいいのかな？ / <CTRL:E5>”はい / <CTRL:E5>”やつっりやめる
C1/SC021.DAT,0x46FD8,21,high,0,original,,,,,,いいか？ / <CTRL:E5>”はい / <CTRL:E5>”やつっりやめる
C1/SC021.DAT,0x47034,24,high,0,original,,,,,,どうしようかね / <CTRL:E5>”やる / <CTRL:E5>”やつっりやめる
C1/SC021.DAT,0x4724C,49,medium,0,original,,,,,,<CTRL:00><N:ъ:14:1A><CTRL:00>し<CTRL:00>す<CTRL:00><N:．:2:0F><CTRL:00>う<CTRL:00> <CTRL:00>ん<CTRL:00><N:ｃ:12:16><CTRL:00>は<CTRL:00>く<N:＄:1:05>に<CTRL:00>す<CTRL:00><N:ﾉ:6:10><CTRL:00>う<CTRL:00> <CTRL:00>ん<CTRL:00><N:ｃ:9:17><CTRL:00>は<CTRL:00>く<N:＄:1:05>に<CTRL:00> <CTRL:00><N:ｌ:5:5B><N:＄:1:05>か<CTRL:00>
C1/SC021.DAT,0x47270,13,medium,0,original,,,,,,は<CTRL:00>く<N:＄:1:05>に<CTRL:00> <CTRL:00><N:ｌ:5:5B><N:＄:1:05>か<CTRL:00>
C1/SC021.DAT,0x47448,49,medium,0,original,,,,,,<CTRL:00><N:ъ:14:1A><CTRL:00>し<CTRL:00>す<CTRL:00><N:．:2:0F><CTRL:00>う<CTRL:00> <CTRL:00>ん<CTRL:00><N:ｃ:12:16><CTRL:00>は<CTRL:00>？<N:X:20:06>に<CTRL:00>す<CTRL:00><N:ﾉ:6:10><CTRL:00>う<CTRL:00> <CTRL:00>ん<CTRL:00><N:ｃ:9:17><CTRL:00>は<CTRL:00>？<N:X:20:06>に<CTRL:00> <CTRL:00>せ<N:X:20:06>か<CTRL:00>
C1/SC021.DAT,0x4746C,13,medium,0,original,,,,,,は<CTRL:00>？<N:X:20:06>に<CTRL:00> <CTRL:00>せ<N:X:20:06>か<CTRL:00>
C1/SC021.DAT,0x4766C,21,medium,0,original,,,,,,<CTRL:00><N:ъ:14:1A><CTRL:00>し<CTRL:00>す<CTRL:00><N:*:7:0B><CTRL:00><N:ｃ:9:17><CTRL:00>す<CTRL:00>”<CTRL:00>う<CTRL:00> <CTRL:00>ま
C1/SC021.DAT,0x47678,9,medium,0,original,,,,,,す<CTRL:00>”<CTRL:00>う<CTRL:00> <CTRL:00>ま
C1/SC021.DAT,0x478E4,21,medium,0,original,,,,,,<CTRL:00><N:ъ:14:1A><CTRL:00>し<CTRL:00>す<CTRL:00><N:*:7:0B><CTRL:00><N:ｃ:9:17><CTRL:00>す<CTRL:00>”<CTRL:00>う<CTRL:00> <CTRL:00>ま
C1/SC021.DAT,0x478F0,9,medium,0,original,,,,,,す<CTRL:00>”<CTRL:00>う<CTRL:00> <CTRL:00>ま
C1/SC021.DAT,0x47AFC,21,medium,0,original,,,,,,<CTRL:00><N:ъ:14:1A><CTRL:00>し<CTRL:00>す<CTRL:00><N:*:7:0B><CTRL:00><N:ｃ:9:17><CTRL:00>す<CTRL:00>”<CTRL:00>う<CTRL:00> <CTRL:00>ま
C1/SC021.DAT,0x47B08,9,medium,0,original,,,,,,す<CTRL:00>”<CTRL:00>う<CTRL:00> <CTRL:00>ま
C1/SC021.DAT,0x47CEC,21,medium,0,original,,,,,,<CTRL:00><N:ъ:14:1A><CTRL:00>し<CTRL:00>す<CTRL:00><N:*:7:0B><CTRL:00><N:ｃ:9:17><CTRL:00>す<CTRL:00>”<CTRL:00>う<CTRL:00> <CTRL:00>ま
C1/SC021.DAT,0x47CF8,9,medium,0,original,,,,,,す<CTRL:00>”<CTRL:00>う<CTRL:00> <CTRL:00>ま
C1/SC021.DAT,0x47DEC,7,medium,0,original,,,,,,<CTRL:00><N:ъ:14:1A><CTRL:00>し<CTRL:00>
C1/SC021.DAT,0x4814A,9,medium,0,original,,,,,,す<CTRL:00>”<CTRL:00>う<CTRL:00> <CTRL:00>ま
C1/SC021.DAT,0x481FE,9,medium,0,original,,,,,,す<CTRL:00>”<CTRL:00>う<CTRL:00> <CTRL:00>ま
C1/SC021.DAT,0x4832C,9,medium,0,original,,,,,,す<CTRL:00>”<CTRL:00>う<CTRL:00> <CTRL:00>ま
C1/SC021.DAT,0x48540,9,medium,0,original,,,,,,す<CTRL:00>”<CTRL:00>う<CTRL:00> <CTRL:00>ま
C1/SC021.DAT,0x485E0,9,medium,0,original,,,,,,す<CTRL:00>”<CTRL:00>う<CTRL:00> <CTRL:00>ま
C1/SC021.DAT,0x48656,9,medium,0,original,,,,,,す<CTRL:00>”<CTRL:00>う<CTRL:00> <CTRL:00>ま
C1/SC021.DAT,0x48752,9,medium,0,original,,,,,,す<CTRL:00>”<CTRL:00>う<CTRL:00> <CTRL:00>ま
C1/SC021.DAT,0x48A7E,9,medium,0,original,,,,,,す<CTRL:00>”<CTRL:00>う<CTRL:00> <CTRL:00>ま
C1/SC031.DAT,0x46DE6,28,high,0,original,,,,,,戦闘になるぞ。いいか？ / <CTRL:E5>”はい / <CTRL:E5>”やつっりやめる
C1/SC031.DAT,0x46E48,28,high,0,original,,,,,,戦闘になるよ。いいの？ / <CTRL:E5>”はい / <CTRL:E5>”やつっりやめる
C1/SC031.DAT,0x46EAA,29,high,0,original,,,,,,やるぜ。もちろんいいよな / <CTRL:E5>”はい / <CTRL:E5>”やつっりやめる
C1/SC031.DAT,0x46F0E,31,high,0,original,,,,,,戦闘になるけど、いいのかな？ / <CTRL:E5>”はい / <CTRL:E5>”やつっりやめる
C1/SC031.DAT,0x46F74,29,high,0,original,,,,,,戦闘になるがいいのかな？ / <CTRL:E5>”はい / <CTRL:E5>”やつっりやめる
C1/SC031.DAT,0x46FD8,21,high,0,original,,,,,,いいか？ / <CTRL:E5>”はい / <CTRL:E5>”やつっりやめる
C1/SC031.DAT,0x47034,24,high,0,original,,,,,,どうしようかね / <CTRL:E5>”やる / <CTRL:E5>”やつっりやめる
C1/SC031.DAT,0x4724C,49,medium,0,original,,,,,,<CTRL:00><N:ъ:14:1A><CTRL:00>し<CTRL:00>す<CTRL:00><N:．:2:0F><CTRL:00>う<CTRL:00> <CTRL:00>ん<CTRL:00><N:ｃ:12:16><CTRL:00>は<CTRL:00>く<N:＄:1:05>に<CTRL:00>す<CTRL:00><N:ﾉ:6:10><CTRL:00>う<CTRL:00> <CTRL:00>ん<CTRL:00><N:ｃ:9:17><CTRL:00>は<CTRL:00>く<N:＄:1:05>に<CTRL:00> <CTRL:00><N:ｌ:5:5B><N:＄:1:05>か<CTRL:00>
C1/SC031.DAT,0x47270,13,medium,0,original,,,,,,は<CTRL:00>く<N:＄:1:05>に<CTRL:00> <CTRL:00><N:ｌ:5:5B><N:＄:1:05>か<CTRL:00>
C1/SC031.DAT,0x47448,49,medium,0,original,,,,,,<CTRL:00><N:ъ:14:1A><CTRL:00>し<CTRL:00>す<CTRL:00><N:．:2:0F><CTRL:00>う<CTRL:00> <CTRL:00>ん<CTRL:00><N:ｃ:12:16><CTRL:00>は<CTRL:00>？<N:X:20:06>に<CTRL:00>す<CTRL:00><N:ﾉ:6:10><CTRL:00>う<CTRL:00> <CTRL:00>ん<CTRL:00><N:ｃ:9:17><CTRL:00>は<CTRL:00>？<N:X:20:06>に<CTRL:00> <CTRL:00>せ<N:X:20:06>か<CTRL:00>
C1/SC031.DAT,0x4746C,13,medium,0,original,,,,,,は<CTRL:00>？<N:X:20:06>に<CTRL:00> <CTRL:00>せ<N:X:20:06>か<CTRL:00>
C1/SC031.DAT,0x4766C,21,medium,0,original,,,,,,<CTRL:00><N:ъ:14:1A><CTRL:00>し<CTRL:00>す<CTRL:00><N:*:7:0B><CTRL:00><N:ｃ:9:17><CTRL:00>す<CTRL:00>”<CTRL:00>う<CTRL:00> <CTRL:00>ま
C1/SC031.DAT,0x47678,9,medium,0,original,,,,,,す<CTRL:00>”<CTRL:00>う<CTRL:00> <CTRL:00>ま
C1/SC031.DAT,0x478E4,21,medium,0,original,,,,,,<CTRL:00><N:ъ:14:1A><CTRL:00>し<CTRL:00>す<CTRL:00><N:*:7:0B><CTRL:00><N:ｃ:9:17><CTRL:00>す<CTRL:00>”<CTRL:00>う<CTRL:00> <CTRL:00>ま
C1/SC031.DAT,0x478F0,9,medium,0,original,,,,,,す<CTRL:00>”<CTRL:00>う<CTRL:00> <CTRL:00>ま
C1/SC031.DAT,0x47AFC,21,medium,0,original,,,,,,<CTRL:00><N:ъ:14:1A><CTRL:00>し<CTRL:00>す<CTRL:00><N:*:7:0B><CTRL:00><N:ｃ:9:17><CTRL:00>す<CTRL:00>”<CTRL:00>う<CTRL:00> <CTRL:00>ま
C1/SC031.DAT,0x47B08,9,medium,0,original,,,,,,す<CTRL:00>”<CTRL:00>う<CTRL:00> <CTRL:00>ま
C1/SC031.DAT,0x47CEC,21,medium,0,original,,,,,,<CTRL:00><N:ъ:14:1A><CTRL:00>し<CTRL:00>す<CTRL:00><N:*:7:0B><CTRL:00><N:ｃ:9:17><CTRL:00>す<CTRL:00>”<CTRL:00>う<CTRL:00> <CTRL:00>ま
C1/SC031.DAT,0x47CF8,9,medium,0,original,,,,,,す<CTRL:00>”<CTRL:00>う<CTRL:00> <CTRL:00>ま
C1/SC031.DAT,0x47DEC,7,medium,0,original,,,,,,<CTRL:00><N:ъ:14:1A><CTRL:00>し<CTRL:00>
C1/SC031.DAT,0x4814A,9,medium,0,original,,,,,,す<CTRL:00>”<CTRL:00>う<CTRL:00> <CTRL:00>ま
C1/SC031.DAT,0x481FE,9,medium,0,original,,,,,,す<CTRL:00>”<CTRL:00>う<CTRL:00> <CTRL:00>ま
C1/SC031.DAT,0x4832C,9,medium,0,original,,,,,,す<CTRL:00>”<CTRL:00>う<CTRL:00> <CTRL:00>ま
C1/SC031.DAT,0x48540,9,medium,0,original,,,,,,す<CTRL:00>”<CTRL:00>う<CTRL:00> <CTRL:00>ま
C1/SC031.DAT,0x485E0,9,medium,0,original,,,,,,す<CTRL:00>”<CTRL:00>う<CTRL:00> <CTRL:00>ま
C1/SC031.DAT,0x48656,9,medium,0,original,,,,,,す<CTRL:00>”<CTRL:00>う<CTRL:00> <CTRL:00>ま
C1/SC031.DAT,0x48752,9,medium,0,original,,,,,,す<CTRL:00>”<CTRL:00>う<CTRL:00> <CTRL:00>ま
C1/SC031.DAT,0x48A7E,9,medium,0,original,,,,,,す<CTRL:00>”<CTRL:00>う<CTRL:00> <CTRL:00>ま
C1/SC041.DAT,0x46DE6,28,high,0,original,,,,,,戦闘になるぞ。いいか？ / <CTRL:E5>”はい / <CTRL:E5>”やつっりやめる
C1/SC041.DAT,0x46E48,28,high,0,original,,,,,,戦闘になるよ。いいの？ / <CTRL:E5>”はい / <CTRL:E5>”やつっりやめる
C1/SC041.DAT,0x46EAA,29,high,0,original,,,,,,やるぜ。もちろんいいよな / <CTRL:E5>”はい / <CTRL:E5>”やつっりやめる
C1/SC041.DAT,0x46F0E,31,high,0,original,,,,,,戦闘になるけど、いいのかな？ / <CTRL:E5>”はい / <CTRL:E5>”やつっりやめる
C1/SC041.DAT,0x46F74,29,high,0,original,,,,,,戦闘になるがいいのかな？ / <CTRL:E5>”はい / <CTRL:E5>”やつっりやめる
C1/SC041.DAT,0x46FD8,21,high,0,original,,,,,,いいか？ / <CTRL:E5>”はい / <CTRL:E5>”やつっりやめる
C1/SC041.DAT,0x47034,24,high,0,original,,,,,,どうしようかね / <CTRL:E5>”やる / <CTRL:E5>”やつっりやめる
C1/SC041.DAT,0x4724C,49,medium,0,original,,,,,,<CTRL:00><N:ъ:14:1A><CTRL:00>し<CTRL:00>す<CTRL:00><N:．:2:0F><CTRL:00>う<CTRL:00> <CTRL:00>ん<CTRL:00><N:ｃ:12:16><CTRL:00>は<CTRL:00>く<N:＄:1:05>に<CTRL:00>す<CTRL:00><N:ﾉ:6:10><CTRL:00>う<CTRL:00> <CTRL:00>ん<CTRL:00><N:ｃ:9:17><CTRL:00>は<CTRL:00>く<N:＄:1:05>に<CTRL:00> <CTRL:00><N:ｌ:5:5B><N:＄:1:05>か<CTRL:00>
C1/SC041.DAT,0x47270,13,medium,0,original,,,,,,は<CTRL:00>く<N:＄:1:05>に<CTRL:00> <CTRL:00><N:ｌ:5:5B><N:＄:1:05>か<CTRL:00>
C1/SC041.DAT,0x47448,49,medium,0,original,,,,,,<CTRL:00><N:ъ:14:1A><CTRL:00>し<CTRL:00>す<CTRL:00><N:．:2:0F><CTRL:00>う<CTRL:00> <CTRL:00>ん<CTRL:00><N:ｃ:12:16><CTRL:00>は<CTRL:00>？<N:X:20:06>に<CTRL:00>す<CTRL:00><N:ﾉ:6:10><CTRL:00>う<CTRL:00> <CTRL:00>ん<CTRL:00><N:ｃ:9:17><CTRL:00>は<CTRL:00>？<N:X:20:06>に<CTRL:00> <CTRL:00>せ<N:X:20:06>か<CTRL:00>
C1/SC041.DAT,0x4746C,13,medium,0,original,,,,,,は<CTRL:00>？<N:X:20:06>に<CTRL:00> <CTRL:00>せ<N:X:20:06>か<CTRL:00>
C1/SC041.DAT,0x4766C,21,medium,0,original,,,,,,<CTRL:00><N:ъ:14:1A><CTRL:00>し<CTRL:00>す<CTRL:00><N:*:7:0B><CTRL:00><N:ｃ:9:17><CTRL:00>す<CTRL:00>”<CTRL:00>う<CTRL:00> <CTRL:00>ま
C1/SC041.DAT,0x47678,9,medium,0,original,,,,,,す<CTRL:00>”<CTRL:00>う<CTRL:00> <CTRL:00>ま
C1/SC041.DAT,0x478E4,21,medium,0,original,,,,,,<CTRL:00><N:ъ:14:1A><CTRL:00>し<CTRL:00>す<CTRL:00><N:*:7:0B><CTRL:00><N:ｃ:9:17><CTRL:00>す<CTRL:00>”<CTRL:00>う<CTRL:00> <CTRL:00>ま
C1/SC041.DAT,0x478F0,9,medium,0,original,,,,,,す<CTRL:00>”<CTRL:00>う<CTRL:00> <CTRL:00>ま
C1/SC041.DAT,0x47AFC,21,medium,0,original,,,,,,<CTRL:00><N:ъ:14:1A><CTRL:00>し<CTRL:00>す<CTRL:00><N:*:7:0B><CTRL:00><N:ｃ:9:17><CTRL:00>す<CTRL:00>”<CTRL:00>う<CTRL:00> <CTRL:00>ま
C1/SC041.DAT,0x47B08,9,medium,0,original,,,,,,す<CTRL:00>”<CTRL:00>う<CTRL:00> <CTRL:00>ま
C1/SC041.DAT,0x47CEC,21,medium,0,original,,,,,,<CTRL:00><N:ъ:14:1A><CTRL:00>し<CTRL:00>す<CTRL:00><N:*:7:0B><CTRL:00><N:ｃ:9:17><CTRL:00>す<CTRL:00>”<CTRL:00>う<CTRL:00> <CTRL:00>ま
C1/SC041.DAT,0x47CF8,9,medium,0,original,,,,,,す<CTRL:00>”<CTRL:00>う<CTRL:00> <CTRL:00>ま
C1/SC041.DAT,0x47DEC,7,medium,0,original,,,,,,<CTRL:00><N:ъ:14:1A><CTRL:00>し<CTRL:00>
C1/SC041.DAT,0x4814A,9,medium,0,original,,,,,,す<CTRL:00>”<CTRL:00>う<CTRL:00> <CTRL:00>ま
C1/SC041.DAT,0x481FE,9,medium,0,original,,,,,,す<CTRL:00>”<CTRL:00>う<CTRL:00> <CTRL:00>ま
C1/SC041.DAT,0x4832C,9,medium,0,original,,,,,,す<CTRL:00>”<CTRL:00>う<CTRL:00> <CTRL:00>ま
C1/SC041.DAT,0x48540,9,medium,0,original,,,,,,す<CTRL:00>”<CTRL:00>う<CTRL:00> <CTRL:00>ま
C1/SC041.DAT,0x485E0,9,medium,0,original,,,,,,す<CTRL:00>”<CTRL:00>う<CTRL:00> <CTRL:00>ま
C1/SC041.DAT,0x48656,9,medium,0,original,,,,,,す<CTRL:00>”<CTRL:00>う<CTRL:00> <CTRL:00>ま
C1/SC041.DAT,0x48752,9,medium,0,original,,,,,,す<CTRL:00>”<CTRL:00>う<CTRL:00> <CTRL:00>ま
C1/SC041.DAT,0x48A7E,9,medium,0,original,,,,,,す<CTRL:00>”<CTRL:00>う<CTRL:00> <CTRL:00>ま
C1/SC051.DAT,0x46DE6,28,high,0,original,,,,,,戦闘になるぞ。いいか？ / <CTRL:E5>”はい / <CTRL:E5>”やつっりやめる
C1/SC051.DAT,0x46E48,28,high,0,original,,,,,,戦闘になるよ。いいの？ / <CTRL:E5>”はい / <CTRL:E5>”やつっりやめる
C1/SC051.DAT,0x46EAA,29,high,0,original,,,,,,やるぜ。もちろんいいよな / <CTRL:E5>”はい / <CTRL:E5>”やつっりやめる
C1/SC051.DAT,0x46F0E,31,high,0,original,,,,,,戦闘になるけど、いいのかな？ / <CTRL:E5>”はい / <CTRL:E5>”やつっりやめる
C1/SC051.DAT,0x46F74,29,high,0,original,,,,,,戦闘になるがいいのかな？ / <CTRL:E5>”はい / <CTRL:E5>”やつっりやめる
C1/SC051.DAT,0x46FD8,21,high,0,original,,,,,,いいか？ / <CTRL:E5>”はい / <CTRL:E5>”やつっりやめる
C1/SC051.DAT,0x47034,24,high,0,original,,,,,,どうしようかね / <CTRL:E5>”やる / <CTRL:E5>”やつっりやめる
C1/SC051.DAT,0x4724C,49,medium,0,original,,,,,,<CTRL:00><N:ъ:14:1A><CTRL:00>し<CTRL:00>す<CTRL:00><N:．:2:0F><CTRL:00>う<CTRL:00> <CTRL:00>ん<CTRL:00><N:ｃ:12:16><CTRL:00>は<CTRL:00>く<N:＄:1:05>に<CTRL:00>す<CTRL:00><N:ﾉ:6:10><CTRL:00>う<CTRL:00> <CTRL:00>ん<CTRL:00><N:ｃ:9:17><CTRL:00>は<CTRL:00>く<N:＄:1:05>に<CTRL:00> <CTRL:00><N:ｌ:5:5B><N:＄:1:05>か<CTRL:00>
C1/SC051.DAT,0x47270,13,medium,0,original,,,,,,は<CTRL:00>く<N:＄:1:05>に<CTRL:00> <CTRL:00><N:ｌ:5:5B><N:＄:1:05>か<CTRL:00>
C1/SC051.DAT,0x47448,49,medium,0,original,,,,,,<CTRL:00><N:ъ:14:1A><CTRL:00>し<CTRL:00>す<CTRL:00><N:．:2:0F><CTRL:00>う<CTRL:00> <CTRL:00>ん<CTRL:00><N:ｃ:12:16><CTRL:00>は<CTRL:00>？<N:X:20:06>に<CTRL:00>す<CTRL:00><N:ﾉ:6:10><CTRL:00>う<CTRL:00> <CTRL:00>ん<CTRL:00><N:ｃ:9:17><CTRL:00>は<CTRL:00>？<N:X:20:06>に<CTRL:00> <CTRL:00>せ<N:X:20:06>か<CTRL:00>
C1/SC051.DAT,0x4746C,13,medium,0,original,,,,,,は<CTRL:00>？<N:X:20:06>に<CTRL:00> <CTRL:00>せ<N:X:20:06>か<CTRL:00>
C1/SC051.DAT,0x4766C,21,medium,0,original,,,,,,<CTRL:00><N:ъ:14:1A><CTRL:00>し<CTRL:00>す<CTRL:00><N:*:7:0B><CTRL:00><N:ｃ:9:17><CTRL:00>す<CTRL:00>”<CTRL:00>う<CTRL:00> <CTRL:00>ま
C1/SC051.DAT,0x47678,9,medium,0,original,,,,,,す<CTRL:00>”<CTRL:00>う<CTRL:00> <CTRL:00>ま
C1/SC051.DAT,0x478E4,21,medium,0,original,,,,,,<CTRL:00><N:ъ:14:1A><CTRL:00>し<CTRL:00>す<CTRL:00><N:*:7:0B><CTRL:00><N:ｃ:9:17><CTRL:00>す<CTRL:00>”<CTRL:00>う<CTRL:00> <CTRL:00>ま
C1/SC051.DAT,0x478F0,9,medium,0,original,,,,,,す<CTRL:00>”<CTRL:00>う<CTRL:00> <CTRL:00>ま
C1/SC051.DAT,0x47AFC,21,medium,0,original,,,,,,<CTRL:00><N:ъ:14:1A><CTRL:00>し<CTRL:00>す<CTRL:00><N:*:7:0B><CTRL:00><N:ｃ:9:17><CTRL:00>す<CTRL:00>”<CTRL:00>う<CTRL:00> <CTRL:00>ま
C1/SC051.DAT,0x47B08,9,medium,0,original,,,,,,す<CTRL:00>”<CTRL:00>う<CTRL:00> <CTRL:00>ま
C1/SC051.DAT,0x47CEC,21,medium,0,original,,,,,,<CTRL:00><N:ъ:14:1A><CTRL:00>し<CTRL:00>す<CTRL:00><N:*:7:0B><CTRL:00><N:ｃ:9:17><CTRL:00>す<CTRL:00>”<CTRL:00>う<CTRL:00> <CTRL:00>ま
C1/SC051.DAT,0x47CF8,9,medium,0,original,,,,,,す<CTRL:00>”<CTRL:00>う<CTRL:00> <CTRL:00>ま
C1/SC051.DAT,0x47DEC,7,medium,0,original,,,,,,<CTRL:00><N:ъ:14:1A><CTRL:00>し<CTRL:00>
C1/SC051.DAT,0x4814A,9,medium,0,original,,,,,,す<CTRL:00>”<CTRL:00>う<CTRL:00> <CTRL:00>ま
C1/SC051.DAT,0x481FE,9,medium,0,original,,,,,,す<CTRL:00>”<CTRL:00>う<CTRL:00> <CTRL:00>ま
C1/SC051.DAT,0x4832C,9,medium,0,original,,,,,,す<CTRL:00>”<CTRL:00>う<CTRL:00> <CTRL:00>ま
C1/SC051.DAT,0x48540,9,medium,0,original,,,,,,す<CTRL:00>”<CTRL:00>う<CTRL:00> <CTRL:00>ま
C1/SC051.DAT,0x485E0,9,medium,0,original,,,,,,す<CTRL:00>”<CTRL:00>う<CTRL:00> <CTRL:00>ま
C1/SC051.DAT,0x48656,9,medium,0,original,,,,,,す<CTRL:00>”<CTRL:00>う<CTRL:00> <CTRL:00>ま
C1/SC051.DAT,0x48752,9,medium,0,original,,,,,,す<CTRL:00>”<CTRL:00>う<CTRL:00> <CTRL:00>ま
C1/SC051.DAT,0x48A7E,9,medium,0,original,,,,,,す<CTRL:00>”<CTRL:00>う<CTRL:00> <CTRL:00>ま
C1/SC061.DAT,0x46DE6,28,high,0,original,,,,,,戦闘になるぞ。いいか？ / <CTRL:E5>”はい / <CTRL:E5>”やつっりやめる
C1/SC061.DAT,0x46E48,28,high,0,original,,,,,,戦闘になるよ。いいの？ / <CTRL:E5>”はい / <CTRL:E5>”やつっりやめる
C1/SC061.DAT,0x46EAA,29,high,0,original,,,,,,やるぜ。もちろんいいよな / <CTRL:E5>”はい / <CTRL:E5>”やつっりやめる
C1/SC061.DAT,0x46F0E,31,high,0,original,,,,,,戦闘になるけど、いいのかな？ / <CTRL:E5>”はい / <CTRL:E5>”やつっりやめる
C1/SC061.DAT,0x46F74,29,high,0,original,,,,,,戦闘になるがいいのかな？ / <CTRL:E5>”はい / <CTRL:E5>”やつっりやめる
C1/SC061.DAT,0x46FD8,21,high,0,original,,,,,,いいか？ / <CTRL:E5>”はい / <CTRL:E5>”やつっりやめる
C1/SC061.DAT,0x47034,24,high,0,original,,,,,,どうしようかね / <CTRL:E5>”やる / <CTRL:E5>”やつっりやめる
C1/SC061.DAT,0x4724C,49,medium,0,original,,,,,,<CTRL:00><N:ъ:14:1A><CTRL:00>し<CTRL:00>す<CTRL:00><N:．:2:0F><CTRL:00>う<CTRL:00> <CTRL:00>ん<CTRL:00><N:ｃ:12:16><CTRL:00>は<CTRL:00>く<N:＄:1:05>に<CTRL:00>す<CTRL:00><N:ﾉ:6:10><CTRL:00>う<CTRL:00> <CTRL:00>ん<CTRL:00><N:ｃ:9:17><CTRL:00>は<CTRL:00>く<N:＄:1:05>に<CTRL:00> <CTRL:00><N:ｌ:5:5B><N:＄:1:05>か<CTRL:00>
C1/SC061.DAT,0x47270,13,medium,0,original,,,,,,は<CTRL:00>く<N:＄:1:05>に<CTRL:00> <CTRL:00><N:ｌ:5:5B><N:＄:1:05>か<CTRL:00>
C1/SC061.DAT,0x47448,49,medium,0,original,,,,,,<CTRL:00><N:ъ:14:1A><CTRL:00>し<CTRL:00>す<CTRL:00><N:．:2:0F><CTRL:00>う<CTRL:00> <CTRL:00>ん<CTRL:00><N:ｃ:12:16><CTRL:00>は<CTRL:00>？<N:X:20:06>に<CTRL:00>す<CTRL:00><N:ﾉ:6:10><CTRL:00>う<CTRL:00> <CTRL:00>ん<CTRL:00><N:ｃ:9:17><CTRL:00>は<CTRL:00>？<N:X:20:06>に<CTRL:00> <CTRL:00>せ<N:X:20:06>か<CTRL:00>
C1/SC061.DAT,0x4746C,13,medium,0,original,,,,,,は<CTRL:00>？<N:X:20:06>に<CTRL:00> <CTRL:00>せ<N:X:20:06>か<CTRL:00>
C1/SC061.DAT,0x4766C,21,medium,0,original,,,,,,<CTRL:00><N:ъ:14:1A><CTRL:00>し<CTRL:00>す<CTRL:00><N:*:7:0B><CTRL:00><N:ｃ:9:17><CTRL:00>す<CTRL:00>”<CTRL:00>う<CTRL:00> <CTRL:00>ま
C1/SC061.DAT,0x47678,9,medium,0,original,,,,,,す<CTRL:00>”<CTRL:00>う<CTRL:00> <CTRL:00>ま
C1/SC061.DAT,0x478E4,21,medium,0,original,,,,,,<CTRL:00><N:ъ:14:1A><CTRL:00>し<CTRL:00>す<CTRL:00><N:*:7:0B><CTRL:00><N:ｃ:9:17><CTRL:00>す<CTRL:00>”<CTRL:00>う<CTRL:00> <CTRL:00>ま
C1/SC061.DAT,0x478F0,9,medium,0,original,,,,,,す<CTRL:00>”<CTRL:00>う<CTRL:00> <CTRL:00>ま
C1/SC061.DAT,0x47AFC,21,medium,0,original,,,,,,<CTRL:00><N:ъ:14:1A><CTRL:00>し<CTRL:00>す<CTRL:00><N:*:7:0B><CTRL:00><N:ｃ:9:17><CTRL:00>す<CTRL:00>”<CTRL:00>う<CTRL:00> <CTRL:00>ま
C1/SC061.DAT,0x47B08,9,medium,0,original,,,,,,す<CTRL:00>”<CTRL:00>う<CTRL:00> <CTRL:00>ま
C1/SC061.DAT,0x47CEC,21,medium,0,original,,,,,,<CTRL:00><N:ъ:14:1A><CTRL:00>し<CTRL:00>す<CTRL:00><N:*:7:0B><CTRL:00><N:ｃ:9:17><CTRL:00>す<CTRL:00>”<CTRL:00>う<CTRL:00> <CTRL:00>ま
C1/SC061.DAT,0x47CF8,9,medium,0,original,,,,,,す<CTRL:00>”<CTRL:00>う<CTRL:00> <CTRL:00>ま
C1/SC061.DAT,0x47DEC,7,medium,0,original,,,,,,<CTRL:00><N:ъ:14:1A><CTRL:00>し<CTRL:00>
C1/SC061.DAT,0x4814A,9,medium,0,original,,,,,,す<CTRL:00>”<CTRL:00>う<CTRL:00> <CTRL:00>ま
C1/SC061.DAT,0x481FE,9,medium,0,original,,,,,,す<CTRL:00>”<CTRL:00>う<CTRL:00> <CTRL:00>ま
C1/SC061.DAT,0x4832C,9,medium,0,original,,,,,,す<CTRL:00>”<CTRL:00>う<CTRL:00> <CTRL:00>ま
C1/SC061.DAT,0x48540,9,medium,0,original,,,,,,す<CTRL:00>”<CTRL:00>う<CTRL:00> <CTRL:00>ま
C1/SC061.DAT,0x485E0,9,medium,0,original,,,,,,す<CTRL:00>”<CTRL:00>う<CTRL:00> <CTRL:00>ま
C1/SC061.DAT,0x48656,9,medium,0,original,,,,,,す<CTRL:00>”<CTRL:00>う<CTRL:00> <CTRL:00>ま
C1/SC061.DAT,0x48752,9,medium,0,original,,,,,,す<CTRL:00>”<CTRL:00>う<CTRL:00> <CTRL:00>ま
C1/SC061.DAT,0x48A7E,9,medium,0,original,,,,,,す<CTRL:00>”<CTRL:00>う<CTRL:00> <CTRL:00>ま
C1/SC071.DAT,0x50044,35,medium,0,original,,,,,,し<CTRL:00>る<CTRL:00>）<CTRL:00>や<CTRL:00>る<CTRL:00><N:*:7:0B><CTRL:00>！<CTRL:00>に<CTRL:00>お<CTRL:00>た<CTRL:00>に<CTRL:00>に<CTRL:00>し<CTRL:00>は<CTRL:00>）<CTRL:00><N:ﾉ:6:10><CTRL:00>る<CTRL:00><N:*:7:0B>
C1/SC071.DAT,0x50A7E,17,medium,0,original,,,,,,う<CTRL:00><N:ｌ:5:5B><N:＄:1:05>て<CTRL:00>に<CTRL:00>！<CTRL:00>、<CTRL:00><N:≠:16:04><CTRL:00>れ<CTRL:00>に
C1/SC071.DAT,0x50F56,47,medium,0,original,,,,,,、<CTRL:00>！<CTRL:00> <CTRL:00>”<CTRL:00>う<CTRL:00>我<N:＆:4:07>て<CTRL:00>る<CTRL:00>）<CTRL:00>や<CTRL:00>る<CTRL:00><N:*:7:0B><CTRL:00>！<CTRL:00>に<CTRL:00>お<CTRL:00>た<CTRL:00>に<CTRL:00>ふ<N:＆:4:07>し<CTRL:00>な<CTRL:00>に<CTRL:00>ふ<N:＆:4:07>し<CTRL:00>よ
C1/SC071.DAT,0x50FA8,33,medium,0,original,,,,,,よ<CTRL:00><N:X:20:06><CTRL:00><N:ｃ:9:17><CTRL:00>よ<CTRL:00><N:＆:4:07><CTRL:00><N:*:7:0B><CTRL:00>よ<CTRL:00>’<CTRL:00><N:*:7:0B><CTRL:00>よ<CTRL:00>（<CTRL:00><N:*:7:0B><CTRL:00>よ<CTRL:00>）<CTRL:00><N:*:7:0B><CTRL:00>だ<CTRL:00>と
C1/SC071.DAT,0x50FAE,27,medium,0,original,,,,,,よ<CTRL:00><N:＆:4:07><CTRL:00><N:*:7:0B><CTRL:00>よ<CTRL:00>’<CTRL:00><N:*:7:0B><CTRL:00>よ<CTRL:00>（<CTRL:00><N:*:7:0B><CTRL:00>よ<CTRL:00>）<CTRL:00><N:*:7:0B><CTRL:00>だ<CTRL:00>と
C1/SC072.DAT,0x50044,35,medium,0,original,,,,,,し<CTRL:00>る<CTRL:00>）<CTRL:00>や<CTRL:00>る<CTRL:00><N:*:7:0B><CTRL:00>！<CTRL:00>に<CTRL:00>お<CTRL:00>た<CTRL:00>に<CTRL:00>に<CTRL:00>し<CTRL:00>は<CTRL:00>）<CTRL:00><N:ﾉ:6:10><CTRL:00>る<CTRL:00><N:*:7:0B>
C1/SC072.DAT,0x50A7E,17,medium,0,original,,,,,,う<CTRL:00><N:ｌ:5:5B><N:＄:1:05>て<CTRL:00>に<CTRL:00>！<CTRL:00>、<CTRL:00><N:≠:16:04><CTRL:00>れ<CTRL:00>に
C1/SC072.DAT,0x50F56,47,medium,0,original,,,,,,、<CTRL:00>！<CTRL:00> <CTRL:00>”<CTRL:00>う<CTRL:00>我<N:＆:4:07>て<CTRL:00>る<CTRL:00>）<CTRL:00>や<CTRL:00>る<CTRL:00><N:*:7:0B><CTRL:00>！<CTRL:00>に<CTRL:00>お<CTRL:00>た<CTRL:00>に<CTRL:00>ふ<N:＆:4:07>し<CTRL:00>な<CTRL:00>に<CTRL:00>ふ<N:＆:4:07>し<CTRL:00>よ
C1/SC072.DAT,0x50FA8,33,medium,0,original,,,,,,よ<CTRL:00><N:X:20:06><CTRL:00><N:ｃ:9:17><CTRL:00>よ<CTRL:00><N:＆:4:07><CTRL:00><N:*:7:0B><CTRL:00>よ<CTRL:00>’<CTRL:00><N:*:7:0B><CTRL:00>よ<CTRL:00>（<CTRL:00><N:*:7:0B><CTRL:00>よ<CTRL:00>）<CTRL:00><N:*:7:0B><CTRL:00>だ<CTRL:00>と
C1/SC072.DAT,0x50FAE,27,medium,0,original,,,,,,よ<CTRL:00><N:＆:4:07><CTRL:00><N:*:7:0B><CTRL:00>よ<CTRL:00>’<CTRL:00><N:*:7:0B><CTRL:00>よ<CTRL:00>（<CTRL:00><N:*:7:0B><CTRL:00>よ<CTRL:00>）<CTRL:00><N:*:7:0B><CTRL:00>だ<CTRL:00>と
C1/SC081.DAT,0x46DE6,28,high,0,original,,,,,,戦闘になるぞ。いいか？ / <CTRL:E5>”はい / <CTRL:E5>”やつっりやめる
C1/SC081.DAT,0x46E48,28,high,0,original,,,,,,戦闘になるよ。いいの？ / <CTRL:E5>”はい / <CTRL:E5>”やつっりやめる
C1/SC081.DAT,0x46EAA,27,high,0,original,,,,,,んつ、どりゃーーー。 / <CTRL:E5>”はい / <CTRL:E5>”やつっりやめる
C1/SC081.DAT,0x46F0C,30,high,0,original,,,,,,痛いのやだな。でもやる？ / <CTRL:E5>”はい / <CTRL:E5>”やつっりやめる
C1/SC081.DAT,0x46F70,29,high,0,original,,,,,,戦闘になるがいいのかな？ / <CTRL:E5>”はい / <CTRL:E5>”やつっりやめる
C1/SC081.DAT,0x46FD4,21,high,0,original,,,,,,いいか？ / <CTRL:E5>”はい / <CTRL:E5>”やつっりやめる
C1/SC081.DAT,0x47030,21,high,0,original,,,,,,いくかね / <CTRL:E5>”いく / <CTRL:E5>”やつっりやめる
C1/SC081.DAT,0x47246,49,medium,0,original,,,,,,<CTRL:00><N:ъ:14:1A><CTRL:00>し<CTRL:00>す<CTRL:00><N:．:2:0F><CTRL:00>う<CTRL:00> <CTRL:00>ん<CTRL:00><N:ｃ:12:16><CTRL:00>は<CTRL:00>お<N:＄:1:05>に<CTRL:00>す<CTRL:00><N:ﾉ:6:10><CTRL:00>う<CTRL:00> <CTRL:00>ん<CTRL:00><N:ｃ:9:17><CTRL:00>は<CTRL:00>お<N:＄:1:05>に<CTRL:00> <CTRL:00>ば<N:＄:1:05>か<CTRL:00>
C1/SC081.DAT,0x4726A,13,medium,0,original,,,,,,は<CTRL:00>お<N:＄:1:05>に<CTRL:00> <CTRL:00>ば<N:＄:1:05>か<CTRL:00>
C1/SC081.DAT,0x47442,49,medium,0,original,,,,,,<CTRL:00><N:ъ:14:1A><CTRL:00>し<CTRL:00>す<CTRL:00><N:．:2:0F><CTRL:00>う<CTRL:00> <CTRL:00>ん<CTRL:00><N:ｃ:12:16><CTRL:00>は<CTRL:00>り<N:X:20:06>に<CTRL:00>す<CTRL:00><N:ﾉ:6:10><CTRL:00>う<CTRL:00> <CTRL:00>ん<CTRL:00><N:ｃ:9:17><CTRL:00>は<CTRL:00>り<N:X:20:06>に<CTRL:00> <CTRL:00>出<N:X:20:06>か<CTRL:00>
C1/SC081.DAT,0x47466,13,medium,0,original,,,,,,は<CTRL:00>り<N:X:20:06>に<CTRL:00> <CTRL:00>出<N:X:20:06>か<CTRL:00>
C1/SC081.DAT,0x47666,21,medium,0,original,,,,,,<CTRL:00><N:ъ:14:1A><CTRL:00>し<CTRL:00>す<CTRL:00><N:*:7:0B><CTRL:00><N:ｃ:9:17><CTRL:00>す<CTRL:00>”<CTRL:00>う<CTRL:00> <CTRL:00>ま
C1/SC081.DAT,0x47672,9,medium,0,original,,,,,,す<CTRL:00>”<CTRL:00>う<CTRL:00> <CTRL:00>ま
C1/SC081.DAT,0x478DE,21,medium,0,original,,,,,,<CTRL:00><N:ъ:14:1A><CTRL:00>し<CTRL:00>す<CTRL:00><N:*:7:0B><CTRL:00><N:ｃ:9:17><CTRL:00>す<CTRL:00>”<CTRL:00>う<CTRL:00> <CTRL:00>ま
C1/SC081.DAT,0x478EA,9,medium,0,original,,,,,,す<CTRL:00>”<CTRL:00>う<CTRL:00> <CTRL:00>ま
C1/SC081.DAT,0x47AF6,21,medium,0,original,,,,,,<CTRL:00><N:ъ:14:1A><CTRL:00>し<CTRL:00>す<CTRL:00><N:*:7:0B><CTRL:00><N:ｃ:9:17><CTRL:00>す<CTRL:00>”<CTRL:00>う<CTRL:00> <CTRL:00>ま
C1/SC081.DAT,0x47B02,9,medium,0,original,,,,,,す<CTRL:00>”<CTRL:00>う<CTRL:00> <CTRL:00>ま
C1/SC081.DAT,0x47CE6,21,medium,0,original,,,,,,<CTRL:00><N:ъ:14:1A><CTRL:00>し<CTRL:00>す<CTRL:00><N:*:7:0B><CTRL:00><N:ｃ:9:17><CTRL:00>す<CTRL:00>”<CTRL:00>う<CTRL:00> <CTRL:00>ま
C1/SC081.DAT,0x47CF2,9,medium,0,original,,,,,,す<CTRL:00>”<CTRL:00>う<CTRL:00> <CTRL:00>ま
C1/SC081.DAT,0x47DE6,7,medium,0,original,,,,,,<CTRL:00><N:ъ:14:1A><CTRL:00>し<CTRL:00>
C1/SC081.DAT,0x48144,9,medium,0,original,,,,,,す<CTRL:00>”<CTRL:00>う<CTRL:00> <CTRL:00>ま
C1/SC081.DAT,0x481F8,9,medium,0,original,,,,,,す<CTRL:00>”<CTRL:00>う<CTRL:00> <CTRL:00>ま
C1/SC081.DAT,0x48326,9,medium,0,original,,,,,,す<CTRL:00>”<CTRL:00>う<CTRL:00> <CTRL:00>ま
C1/SC081.DAT,0x4853A,9,medium,0,original,,,,,,す<CTRL:00>”<CTRL:00>う<CTRL:00> <CTRL:00>ま
C1/SC081.DAT,0x485DA,9,medium,0,original,,,,,,す<CTRL:00>”<CTRL:00>う<CTRL:00> <CTRL:00>ま
C1/SC081.DAT,0x48650,9,medium,0,original,,,,,,す<CTRL:00>”<CTRL:00>う<CTRL:00> <CTRL:00>ま
C1/SC081.DAT,0x4874C,9,medium,0,original,,,,,,す<CTRL:00>”<CTRL:00>う<CTRL:00> <CTRL:00>ま
C1/SC081.DAT,0x48A78,9,medium,0,original,,,,,,す<CTRL:00>”<CTRL:00>う<CTRL:00> <CTRL:00>ま
C1/SC091.DAT,0x46DE6,24,high,0,original,,,,,,いつでもいいぞ / <CTRL:E5>”はい / <CTRL:E5>”やつっりやめる
C1/SC091.DAT,0x46E44,23,high,0,original,,,,,,まかせなさい / <CTRL:E5>”はい / <CTRL:E5>”やつっりやめる
C1/SC091.DAT,0x46EA2,27,high,0,original,,,,,,ぬ<N:ぉ:8:DD45>りゃーーー。 / <CTRL:E5>”はい / <CTRL:E5>”やつっりやめる
C1/SC091.DAT,0x46F04,24,high,0,original,,,,,,やつっりいく？ / <CTRL:E5>”はい / <CTRL:E5>”やつっりやめる
C1/SC091.DAT,0x46F62,23,high,0,original,,,,,,いいのかな？ / <CTRL:E5>”はい / <CTRL:E5>”やつっりやめる
C1/SC091.DAT,0x46FC0,21,high,0,original,,,,,,いいか？ / <CTRL:E5>”はい / <CTRL:E5>”やつっりやめる
C1/SC091.DAT,0x4701C,29,high,0,original,,,,,,わしゃ<N:｣:11:65>ヤだが、やるかね / <CTRL:E5>”やる / <CTRL:E5>”やつっりやめる
C1/SC091.DAT,0x4723A,49,medium,0,original,,,,,,<CTRL:00><N:ъ:14:1A><CTRL:00>し<CTRL:00>す<CTRL:00><N:．:2:0F><CTRL:00>う<CTRL:00> <CTRL:00>ん<CTRL:00><N:ｃ:12:16><CTRL:00>は<CTRL:00>だ<N:＄:1:05>に<CTRL:00>す<CTRL:00><N:ﾉ:6:10><CTRL:00>う<CTRL:00> <CTRL:00>ん<CTRL:00><N:ｃ:9:17><CTRL:00>は<CTRL:00>だ<N:＄:1:05>に<CTRL:00> <CTRL:00>人<N:＄:1:05>か<CTRL:00>
C1/SC091.DAT,0x4725E,13,medium,0,original,,,,,,は<CTRL:00>だ<N:＄:1:05>に<CTRL:00> <CTRL:00>人<N:＄:1:05>か<CTRL:00>
C1/SC091.DAT,0x47436,49,medium,0,original,,,,,,<CTRL:00><N:ъ:14:1A><CTRL:00>し<CTRL:00>す<CTRL:00><N:．:2:0F><CTRL:00>う<CTRL:00> <CTRL:00>ん<CTRL:00><N:ｃ:12:16><CTRL:00>は<CTRL:00>ら<N:X:20:06>に<CTRL:00>す<CTRL:00><N:ﾉ:6:10><CTRL:00>う<CTRL:00> <CTRL:00>ん<CTRL:00><N:ｃ:9:17><CTRL:00>は<CTRL:00>ら<N:X:20:06>に<CTRL:00> <CTRL:00>大<N:X:20:06>か<CTRL:00>
C1/SC091.DAT,0x4745A,13,medium,0,original,,,,,,は<CTRL:00>ら<N:X:20:06>に<CTRL:00> <CTRL:00>大<N:X:20:06>か<CTRL:00>
C1/SC091.DAT,0x4765A,21,medium,0,original,,,,,,<CTRL:00><N:ъ:14:1A><CTRL:00>し<CTRL:00>す<CTRL:00><N:*:7:0B><CTRL:00><N:ｃ:9:17><CTRL:00>す<CTRL:00>”<CTRL:00>う<CTRL:00> <CTRL:00>ま
C1/SC091.DAT,0x47666,9,medium,0,original,,,,,,す<CTRL:00>”<CTRL:00>う<CTRL:00> <CTRL:00>ま
C1/SC091.DAT,0x478D2,21,medium,0,original,,,,,,<CTRL:00><N:ъ:14:1A><CTRL:00>し<CTRL:00>す<CTRL:00><N:*:7:0B><CTRL:00><N:ｃ:9:17><CTRL:00>す<CTRL:00>”<CTRL:00>う<CTRL:00> <CTRL:00>ま
C1/SC091.DAT,0x478DE,9,medium,0,original,,,,,,す<CTRL:00>”<CTRL:00>う<CTRL:00> <CTRL:00>ま
C1/SC091.DAT,0x47AEA,21,medium,0,original,,,,,,<CTRL:00><N:ъ:14:1A><CTRL:00>し<CTRL:00>す<CTRL:00><N:*:7:0B><CTRL:00><N:ｃ:9:17><CTRL:00>す<CTRL:00>”<CTRL:00>う<CTRL:00> <CTRL:00>ま
C1/SC091.DAT,0x47AF6,9,medium,0,original,,,,,,す<CTRL:00>”<CTRL:00>う<CTRL:00> <CTRL:00>ま
C1/SC091.DAT,0x47CDA,21,medium,0,original,,,,,,<CTRL:00><N:ъ:14:1A><CTRL:00>し<CTRL:00>す<CTRL:00><N:*:7:0B><CTRL:00><N:ｃ:9:17><CTRL:00>す<CTRL:00>”<CTRL:00>う<CTRL:00> <CTRL:00>ま
C1/SC091.DAT,0x47CE6,9,medium,0,original,,,,,,す<CTRL:00>”<CTRL:00>う<CTRL:00> <CTRL:00>ま
C1/SC091.DAT,0x47DDA,7,medium,0,original,,,,,,<CTRL:00><N:ъ:14:1A><CTRL:00>し<CTRL:00>
C1/SC091.DAT,0x48138,9,medium,0,original,,,,,,す<CTRL:00>”<CTRL:00>う<CTRL:00> <CTRL:00>ま
C1/SC091.DAT,0x481EC,9,medium,0,original,,,,,,す<CTRL:00>”<CTRL:00>う<CTRL:00> <CTRL:00>ま
C1/SC091.DAT,0x4831A,9,medium,0,original,,,,,,す<CTRL:00>”<CTRL:00>う<CTRL:00> <CTRL:00>ま
C1/SC091.DAT,0x4852E,9,medium,0,original,,,,,,す<CTRL:00>”<CTRL:00>う<CTRL:00> <CTRL:00>ま
C1/SC091.DAT,0x485CE,9,medium,0,original,,,,,,す<CTRL:00>”<CTRL:00>う<CTRL:00> <CTRL:00>ま
C1/SC091.DAT,0x48644,9,medium,0,original,,,,,,す<CTRL:00>”<CTRL:00>う<CTRL:00> <CTRL:00>ま
C1/SC091.DAT,0x48740,9,medium,0,original,,,,,,す<CTRL:00>”<CTRL:00>う<CTRL:00> <CTRL:00>ま
C1/SC091.DAT,0x48A6C,9,medium,0,original,,,,,,す<CTRL:00>”<CTRL:00>う<CTRL:00> <CTRL:00>ま
C2/SC0A1.DAT,0x46DE6,28,high,0,original,,,,,,戦闘になるぞ。いいか？ / <CTRL:E5>”はい / <CTRL:E5>”やつっりやめる
C2/SC0A1.DAT,0x46E48,22,high,0,original,,,,,,戦いたい？ / <CTRL:E5>”はい / <CTRL:E5>”やつっりやめる
C2/SC0A1.DAT,0x46EA4,21,high,0,original,,,,,,やろうぜ / <CTRL:E5>”はい / <CTRL:E5>”やつっりやめる
C2/SC0A1.DAT,0x46F00,31,high,0,original,,,,,,戦闘になるけど、いいのかな？ / <CTRL:E5>”はい / <CTRL:E5>”やつっりやめる
C2/SC0A1.DAT,0x46F66,29,high,0,original,,,,,,戦闘になるがいいのかな？ / <CTRL:E5>”はい / <CTRL:E5>”やつっりやめる
C2/SC0A1.DAT,0x46FCA,21,high,0,original,,,,,,いいか？ / <CTRL:E5>”はい / <CTRL:E5>”やつっりやめる
C2/SC0A1.DAT,0x47026,24,high,0,original,,,,,,どうしようかね / <CTRL:E5>”やる / <CTRL:E5>”やつっりやめる
C2/SC0A1.DAT,0x4723E,49,medium,0,original,,,,,,<CTRL:00><N:ъ:14:1A><CTRL:00>し<CTRL:00>す<CTRL:00><N:．:2:0F><CTRL:00>う<CTRL:00> <CTRL:00>ん<CTRL:00><N:ｃ:12:16><CTRL:00>は<CTRL:00>。<N:＄:1:05>に<CTRL:00>す<CTRL:00><N:ﾉ:6:10><CTRL:00>う<CTRL:00> <CTRL:00>ん<CTRL:00><N:ｃ:9:17><CTRL:00>は<CTRL:00>。<N:＄:1:05>に<CTRL:00> <CTRL:00>ど<N:＄:1:05>か<CTRL:00>
C2/SC0A1.DAT,0x47262,13,medium,0,original,,,,,,は<CTRL:00>。<N:＄:1:05>に<CTRL:00> <CTRL:00>ど<N:＄:1:05>か<CTRL:00>
C2/SC0A1.DAT,0x4743A,49,medium,0,original,,,,,,<CTRL:00><N:ъ:14:1A><CTRL:00>し<CTRL:00>す<CTRL:00><N:．:2:0F><CTRL:00>う<CTRL:00> <CTRL:00>ん<CTRL:00><N:ｃ:12:16><CTRL:00>は<CTRL:00>だ<N:X:20:06>に<CTRL:00>す<CTRL:00><N:ﾉ:6:10><CTRL:00>う<CTRL:00> <CTRL:00>ん<CTRL:00><N:ｃ:9:17><CTRL:00>は<CTRL:00>だ<N:X:20:06>に<CTRL:00> <CTRL:00>人<N:X:20:06>か<CTRL:00>
C2/SC0A1.DAT,0x4745E,13,medium,0,original,,,,,,は<CTRL:00>だ<N:X:20:06>に<CTRL:00> <CTRL:00>人<N:X:20:06>か<CTRL:00>
C2/SC0A1.DAT,0x4765E,21,medium,0,original,,,,,,<CTRL:00><N:ъ:14:1A><CTRL:00>し<CTRL:00>す<CTRL:00><N:*:7:0B><CTRL:00><N:ｃ:9:17><CTRL:00>す<CTRL:00>”<CTRL:00>う<CTRL:00> <CTRL:00>ま
C2/SC0A1.DAT,0x4766A,9,medium,0,original,,,,,,す<CTRL:00>”<CTRL:00>う<CTRL:00> <CTRL:00>ま
C2/SC0A1.DAT,0x478D6,21,medium,0,original,,,,,,<CTRL:00><N:ъ:14:1A><CTRL:00>し<CTRL:00>す<CTRL:00><N:*:7:0B><CTRL:00><N:ｃ:9:17><CTRL:00>す<CTRL:00>”<CTRL:00>う<CTRL:00> <CTRL:00>ま
C2/SC0A1.DAT,0x478E2,9,medium,0,original,,,,,,す<CTRL:00>”<CTRL:00>う<CTRL:00> <CTRL:00>ま
C2/SC0A1.DAT,0x47AEE,21,medium,0,original,,,,,,<CTRL:00><N:ъ:14:1A><CTRL:00>し<CTRL:00>す<CTRL:00><N:*:7:0B><CTRL:00><N:ｃ:9:17><CTRL:00>す<CTRL:00>”<CTRL:00>う<CTRL:00> <CTRL:00>ま
C2/SC0A1.DAT,0x47AFA,9,medium,0,original,,,,,,す<CTRL:00>”<CTRL:00>う<CTRL:00> <CTRL:00>ま
C2/SC0A1.DAT,0x47CDE,21,medium,0,original,,,,,,<CTRL:00><N:ъ:14:1A><CTRL:00>し<CTRL:00>す<CTRL:00><N:*:7:0B><CTRL:00><N:ｃ:9:17><CTRL:00>す<CTRL:00>”<CTRL:00>う<CTRL:00> <CTRL:00>ま
C2/SC0A1.DAT,0x47CEA,9,medium,0,original,,,,,,す<CTRL:00>”<CTRL:00>う<CTRL:00> <CTRL:00>ま
C2/SC0A1.DAT,0x47DDE,7,medium,0,original,,,,,,<CTRL:00><N:ъ:14:1A><CTRL:00>し<CTRL:00>
C2/SC0A1.DAT,0x4813C,9,medium,0,original,,,,,,す<CTRL:00>”<CTRL:00>う<CTRL:00> <CTRL:00>ま
C2/SC0A1.DAT,0x481F0,9,medium,0,original,,,,,,す<CTRL:00>”<CTRL:00>う<CTRL:00> <CTRL:00>ま
C2/SC0A1.DAT,0x4831E,9,medium,0,original,,,,,,す<CTRL:00>”<CTRL:00>う<CTRL:00> <CTRL:00>ま
C2/SC0A1.DAT,0x48532,9,medium,0,original,,,,,,す<CTRL:00>”<CTRL:00>う<CTRL:00> <CTRL:00>ま
C2/SC0A1.DAT,0x485D2,9,medium,0,original,,,,,,す<CTRL:00>”<CTRL:00>う<CTRL:00> <CTRL:00>ま
C2/SC0A1.DAT,0x48648,9,medium,0,original,,,,,,す<CTRL:00>”<CTRL:00>う<CTRL:00> <CTRL:00>ま
C2/SC0A1.DAT,0x48744,9,medium,0,original,,,,,,す<CTRL:00>”<CTRL:00>う<CTRL:00> <CTRL:00>ま
C2/SC0A1.DAT,0x48A70,9,medium,0,original,,,,,,す<CTRL:00>”<CTRL:00>う<CTRL:00> <CTRL:00>ま
C2/SC0B1.DAT,0x479F8,49,medium,0,original,,,,,,<CTRL:00><N:ъ:14:1A><CTRL:00>し<CTRL:00>す<CTRL:00><N:．:2:0F><CTRL:00>う<CTRL:00> <CTRL:00>ん<CTRL:00><N:ｃ:12:16><CTRL:00>は<CTRL:00>3 に<CTRL:00>す<CTRL:00><N:ﾉ:6:10><CTRL:00>う<CTRL:00> <CTRL:00>ん<CTRL:00><N:ｃ:9:17><CTRL:00>は<CTRL:00>3 に<CTRL:00> <CTRL:00>ー か<CTRL:00>
C2/SC0B1.DAT,0x47A1C,13,medium,0,original,,,,,,は<CTRL:00>3 に<CTRL:00> <CTRL:00>ー か<CTRL:00>
C2/SC0B1.DAT,0x47BF4,49,medium,0,original,,,,,,<CTRL:00><N:ъ:14:1A><CTRL:00>し<CTRL:00>す<CTRL:00><N:．:2:0F><CTRL:00>う<CTRL:00> <CTRL:00>ん<CTRL:00><N:ｃ:12:16><CTRL:00>は<CTRL:00>1！に<CTRL:00>す<CTRL:00><N:ﾉ:6:10><CTRL:00>う<CTRL:00> <CTRL:00>ん<CTRL:00><N:ｃ:9:17><CTRL:00>は<CTRL:00>1！に<CTRL:00> <CTRL:00>を！か<CTRL:00>
C2/SC0B1.DAT,0x47C18,13,medium,0,original,,,,,,は<CTRL:00>1！に<CTRL:00> <CTRL:00>を！か<CTRL:00>
C2/SC0B1.DAT,0x47E18,21,medium,0,original,,,,,,<CTRL:00><N:ъ:14:1A><CTRL:00>し<CTRL:00>す<CTRL:00><N:*:7:0B><CTRL:00><N:ｃ:9:17><CTRL:00>す<CTRL:00>”<CTRL:00>う<CTRL:00> <CTRL:00>ま
C2/SC0B1.DAT,0x47E24,9,medium,0,original,,,,,,す<CTRL:00>”<CTRL:00>う<CTRL:00> <CTRL:00>ま
C2/SC0B1.DAT,0x48090,21,medium,0,original,,,,,,<CTRL:00><N:ъ:14:1A><CTRL:00>し<CTRL:00>す<CTRL:00><N:*:7:0B><CTRL:00><N:ｃ:9:17><CTRL:00>す<CTRL:00>”<CTRL:00>う<CTRL:00> <CTRL:00>ま
C2/SC0B1.DAT,0x4809C,9,medium,0,original,,,,,,す<CTRL:00>”<CTRL:00>う<CTRL:00> <CTRL:00>ま
C2/SC0B1.DAT,0x482A8,21,medium,0,original,,,,,,<CTRL:00><N:ъ:14:1A><CTRL:00>し<CTRL:00>す<CTRL:00><N:*:7:0B><CTRL:00><N:ｃ:9:17><CTRL:00>す<CTRL:00>”<CTRL:00>う<CTRL:00> <CTRL:00>ま
C2/SC0B1.DAT,0x482B4,9,medium,0,original,,,,,,す<CTRL:00>”<CTRL:00>う<CTRL:00> <CTRL:00>ま
C2/SC0B1.DAT,0x48498,21,medium,0,original,,,,,,<CTRL:00><N:ъ:14:1A><CTRL:00>し<CTRL:00>す<CTRL:00><N:*:7:0B><CTRL:00><N:ｃ:9:17><CTRL:00>す<CTRL:00>”<CTRL:00>う<CTRL:00> <CTRL:00>ま
C2/SC0B1.DAT,0x484A4,9,medium,0,original,,,,,,す<CTRL:00>”<CTRL:00>う<CTRL:00> <CTRL:00>ま
C2/SC0B1.DAT,0x48598,7,medium,0,original,,,,,,<CTRL:00><N:ъ:14:1A><CTRL:00>し<CTRL:00>
C2/SC0B1.DAT,0x488F6,9,medium,0,original,,,,,,す<CTRL:00>”<CTRL:00>う<CTRL:00> <CTRL:00>ま
C2/SC0B1.DAT,0x489AA,9,medium,0,original,,,,,,す<CTRL:00>”<CTRL:00>う<CTRL:00> <CTRL:00>ま
C2/SC0B1.DAT,0x48AD8,9,medium,0,original,,,,,,す<CTRL:00>”<CTRL:00>う<CTRL:00> <CTRL:00>ま
C2/SC0B1.DAT,0x48CEC,9,medium,0,original,,,,,,す<CTRL:00>”<CTRL:00>う<CTRL:00> <CTRL:00>ま
C2/SC0B1.DAT,0x48D8C,9,medium,0,original,,,,,,す<CTRL:00>”<CTRL:00>う<CTRL:00> <CTRL:00>ま
C2/SC0B1.DAT,0x48E02,9,medium,0,original,,,,,,す<CTRL:00>”<CTRL:00>う<CTRL:00> <CTRL:00>ま
C2/SC0B1.DAT,0x48EFE,9,medium,0,original,,,,,,す<CTRL:00>”<CTRL:00>う<CTRL:00> <CTRL:00>ま
C2/SC0B1.DAT,0x4922A,9,medium,0,original,,,,,,す<CTRL:00>”<CTRL:00>う<CTRL:00> <CTRL:00>ま
C2/SC0B2.DAT,0x479F8,49,medium,0,original,,,,,,<CTRL:00><N:ъ:14:1A><CTRL:00>し<CTRL:00>す<CTRL:00><N:．:2:0F><CTRL:00>う<CTRL:00> <CTRL:00>ん<CTRL:00><N:ｃ:12:16><CTRL:00>は<CTRL:00>3 に<CTRL:00>す<CTRL:00><N:ﾉ:6:10><CTRL:00>う<CTRL:00> <CTRL:00>ん<CTRL:00><N:ｃ:9:17><CTRL:00>は<CTRL:00>3 に<CTRL:00> <CTRL:00>ー か<CTRL:00>
C2/SC0B2.DAT,0x47A1C,13,medium,0,original,,,,,,は<CTRL:00>3 に<CTRL:00> <CTRL:00>ー か<CTRL:00>
C2/SC0B2.DAT,0x47BF4,49,medium,0,original,,,,,,<CTRL:00><N:ъ:14:1A><CTRL:00>し<CTRL:00>す<CTRL:00><N:．:2:0F><CTRL:00>う<CTRL:00> <CTRL:00>ん<CTRL:00><N:ｃ:12:16><CTRL:00>は<CTRL:00>1！に<CTRL:00>す<CTRL:00><N:ﾉ:6:10><CTRL:00>う<CTRL:00> <CTRL:00>ん<CTRL:00><N:ｃ:9:17><CTRL:00>は<CTRL:00>1！に<CTRL:00> <CTRL:00>を！か<CTRL:00>
C2/SC0B2.DAT,0x47C18,13,medium,0,original,,,,,,は<CTRL:00>1！に<CTRL:00> <CTRL:00>を！か<CTRL:00>
C2/SC0B2.DAT,0x47E18,21,medium,0,original,,,,,,<CTRL:00><N:ъ:14:1A><CTRL:00>し<CTRL:00>す<CTRL:00><N:*:7:0B><CTRL:00><N:ｃ:9:17><CTRL:00>す<CTRL:00>”<CTRL:00>う<CTRL:00> <CTRL:00>ま
C2/SC0B2.DAT,0x47E24,9,medium,0,original,,,,,,す<CTRL:00>”<CTRL:00>う<CTRL:00> <CTRL:00>ま
C2/SC0B2.DAT,0x48090,21,medium,0,original,,,,,,<CTRL:00><N:ъ:14:1A><CTRL:00>し<CTRL:00>す<CTRL:00><N:*:7:0B><CTRL:00><N:ｃ:9:17><CTRL:00>す<CTRL:00>”<CTRL:00>う<CTRL:00> <CTRL:00>ま
C2/SC0B2.DAT,0x4809C,9,medium,0,original,,,,,,す<CTRL:00>”<CTRL:00>う<CTRL:00> <CTRL:00>ま
C2/SC0B2.DAT,0x482A8,21,medium,0,original,,,,,,<CTRL:00><N:ъ:14:1A><CTRL:00>し<CTRL:00>す<CTRL:00><N:*:7:0B><CTRL:00><N:ｃ:9:17><CTRL:00>す<CTRL:00>”<CTRL:00>う<CTRL:00> <CTRL:00>ま
C2/SC0B2.DAT,0x482B4,9,medium,0,original,,,,,,す<CTRL:00>”<CTRL:00>う<CTRL:00> <CTRL:00>ま
C2/SC0B2.DAT,0x48498,21,medium,0,original,,,,,,<CTRL:00><N:ъ:14:1A><CTRL:00>し<CTRL:00>す<CTRL:00><N:*:7:0B><CTRL:00><N:ｃ:9:17><CTRL:00>す<CTRL:00>”<CTRL:00>う<CTRL:00> <CTRL:00>ま
C2/SC0B2.DAT,0x484A4,9,medium,0,original,,,,,,す<CTRL:00>”<CTRL:00>う<CTRL:00> <CTRL:00>ま
C2/SC0B2.DAT,0x48598,7,medium,0,original,,,,,,<CTRL:00><N:ъ:14:1A><CTRL:00>し<CTRL:00>
C2/SC0B2.DAT,0x488F6,9,medium,0,original,,,,,,す<CTRL:00>”<CTRL:00>う<CTRL:00> <CTRL:00>ま
C2/SC0B2.DAT,0x489AA,9,medium,0,original,,,,,,す<CTRL:00>”<CTRL:00>う<CTRL:00> <CTRL:00>ま
C2/SC0B2.DAT,0x48AD8,9,medium,0,original,,,,,,す<CTRL:00>”<CTRL:00>う<CTRL:00> <CTRL:00>ま
C2/SC0B2.DAT,0x48CEC,9,medium,0,original,,,,,,す<CTRL:00>”<CTRL:00>う<CTRL:00> <CTRL:00>ま
C2/SC0B2.DAT,0x48D8C,9,medium,0,original,,,,,,す<CTRL:00>”<CTRL:00>う<CTRL:00> <CTRL:00>ま
C2/SC0B2.DAT,0x48E02,9,medium,0,original,,,,,,す<CTRL:00>”<CTRL:00>う<CTRL:00> <CTRL:00>ま
C2/SC0B2.DAT,0x48EFE,9,medium,0,original,,,,,,す<CTRL:00>”<CTRL:00>う<CTRL:00> <CTRL:00>ま
C2/SC0B2.DAT,0x4922A,9,medium,0,original,,,,,,す<CTRL:00>”<CTRL:00>う<CTRL:00> <CTRL:00>ま
C2/SC0B3.DAT,0x479F8,49,medium,0,original,,,,,,<CTRL:00><N:ъ:14:1A><CTRL:00>し<CTRL:00>す<CTRL:00><N:．:2:0F><CTRL:00>う<CTRL:00> <CTRL:00>ん<CTRL:00><N:ｃ:12:16><CTRL:00>は<CTRL:00>3 に<CTRL:00>す<CTRL:00><N:ﾉ:6:10><CTRL:00>う<CTRL:00> <CTRL:00>ん<CTRL:00><N:ｃ:9:17><CTRL:00>は<CTRL:00>3 に<CTRL:00> <CTRL:00>ー か<CTRL:00>
C2/SC0B3.DAT,0x47A1C,13,medium,0,original,,,,,,は<CTRL:00>3 に<CTRL:00> <CTRL:00>ー か<CTRL:00>
C2/SC0B3.DAT,0x47BF4,49,medium,0,original,,,,,,<CTRL:00><N:ъ:14:1A><CTRL:00>し<CTRL:00>す<CTRL:00><N:．:2:0F><CTRL:00>う<CTRL:00> <CTRL:00>ん<CTRL:00><N:ｃ:12:16><CTRL:00>は<CTRL:00>1！に<CTRL:00>す<CTRL:00><N:ﾉ:6:10><CTRL:00>う<CTRL:00> <CTRL:00>ん<CTRL:00><N:ｃ:9:17><CTRL:00>は<CTRL:00>1！に<CTRL:00> <CTRL:00>を！か<CTRL:00>
C2/SC0B3.DAT,0x47C18,13,medium,0,original,,,,,,は<CTRL:00>1！に<CTRL:00> <CTRL:00>を！か<CTRL:00>
C2/SC0B3.DAT,0x47E18,21,medium,0,original,,,,,,<CTRL:00><N:ъ:14:1A><CTRL:00>し<CTRL:00>す<CTRL:00><N:*:7:0B><CTRL:00><N:ｃ:9:17><CTRL:00>す<CTRL:00>”<CTRL:00>う<CTRL:00> <CTRL:00>ま
C2/SC0B3.DAT,0x47E24,9,medium,0,original,,,,,,す<CTRL:00>”<CTRL:00>う<CTRL:00> <CTRL:00>ま
C2/SC0B3.DAT,0x48090,21,medium,0,original,,,,,,<CTRL:00><N:ъ:14:1A><CTRL:00>し<CTRL:00>す<CTRL:00><N:*:7:0B><CTRL:00><N:ｃ:9:17><CTRL:00>す<CTRL:00>”<CTRL:00>う<CTRL:00> <CTRL:00>ま
C2/SC0B3.DAT,0x4809C,9,medium,0,original,,,,,,す<CTRL:00>”<CTRL:00>う<CTRL:00> <CTRL:00>ま
C2/SC0B3.DAT,0x482A8,21,medium,0,original,,,,,,<CTRL:00><N:ъ:14:1A><CTRL:00>し<CTRL:00>す<CTRL:00><N:*:7:0B><CTRL:00><N:ｃ:9:17><CTRL:00>す<CTRL:00>”<CTRL:00>う<CTRL:00> <CTRL:00>ま
C2/SC0B3.DAT,0x482B4,9,medium,0,original,,,,,,す<CTRL:00>”<CTRL:00>う<CTRL:00> <CTRL:00>ま
C2/SC0B3.DAT,0x48498,21,medium,0,original,,,,,,<CTRL:00><N:ъ:14:1A><CTRL:00>し<CTRL:00>す<CTRL:00><N:*:7:0B><CTRL:00><N:ｃ:9:17><CTRL:00>す<CTRL:00>”<CTRL:00>う<CTRL:00> <CTRL:00>ま
C2/SC0B3.DAT,0x484A4,9,medium,0,original,,,,,,す<CTRL:00>”<CTRL:00>う<CTRL:00> <CTRL:00>ま
C2/SC0B3.DAT,0x48598,7,medium,0,original,,,,,,<CTRL:00><N:ъ:14:1A><CTRL:00>し<CTRL:00>
C2/SC0B3.DAT,0x488F6,9,medium,0,original,,,,,,す<CTRL:00>”<CTRL:00>う<CTRL:00> <CTRL:00>ま
C2/SC0B3.DAT,0x489AA,9,medium,0,original,,,,,,す<CTRL:00>”<CTRL:00>う<CTRL:00> <CTRL:00>ま
C2/SC0B3.DAT,0x48AD8,9,medium,0,original,,,,,,す<CTRL:00>”<CTRL:00>う<CTRL:00> <CTRL:00>ま
C2/SC0B3.DAT,0x48CEC,9,medium,0,original,,,,,,す<CTRL:00>”<CTRL:00>う<CTRL:00> <CTRL:00>ま
C2/SC0B3.DAT,0x48D8C,9,medium,0,original,,,,,,す<CTRL:00>”<CTRL:00>う<CTRL:00> <CTRL:00>ま
C2/SC0B3.DAT,0x48E02,9,medium,0,original,,,,,,す<CTRL:00>”<CTRL:00>う<CTRL:00> <CTRL:00>ま
C2/SC0B3.DAT,0x48EFE,9,medium,0,original,,,,,,す<CTRL:00>”<CTRL:00>う<CTRL:00> <CTRL:00>ま
C2/SC0B3.DAT,0x4922A,9,medium,0,original,,,,,,す<CTRL:00>”<CTRL:00>う<CTRL:00> <CTRL:00>ま
C2/SC0B4.DAT,0x479F8,49,medium,0,original,,,,,,<CTRL:00><N:ъ:14:1A><CTRL:00>し<CTRL:00>す<CTRL:00><N:．:2:0F><CTRL:00>う<CTRL:00> <CTRL:00>ん<CTRL:00><N:ｃ:12:16><CTRL:00>は<CTRL:00>3 に<CTRL:00>す<CTRL:00><N:ﾉ:6:10><CTRL:00>う<CTRL:00> <CTRL:00>ん<CTRL:00><N:ｃ:9:17><CTRL:00>は<CTRL:00>3 に<CTRL:00> <CTRL:00>ー か<CTRL:00>
C2/SC0B4.DAT,0x47A1C,13,medium,0,original,,,,,,は<CTRL:00>3 に<CTRL:00> <CTRL:00>ー か<CTRL:00>
C2/SC0B4.DAT,0x47BF4,49,medium,0,original,,,,,,<CTRL:00><N:ъ:14:1A><CTRL:00>し<CTRL:00>す<CTRL:00><N:．:2:0F><CTRL:00>う<CTRL:00> <CTRL:00>ん<CTRL:00><N:ｃ:12:16><CTRL:00>は<CTRL:00>1！に<CTRL:00>す<CTRL:00><N:ﾉ:6:10><CTRL:00>う<CTRL:00> <CTRL:00>ん<CTRL:00><N:ｃ:9:17><CTRL:00>は<CTRL:00>1！に<CTRL:00> <CTRL:00>を！か<CTRL:00>
C2/SC0B4.DAT,0x47C18,13,medium,0,original,,,,,,は<CTRL:00>1！に<CTRL:00> <CTRL:00>を！か<CTRL:00>
C2/SC0B4.DAT,0x47E18,21,medium,0,original,,,,,,<CTRL:00><N:ъ:14:1A><CTRL:00>し<CTRL:00>す<CTRL:00><N:*:7:0B><CTRL:00><N:ｃ:9:17><CTRL:00>す<CTRL:00>”<CTRL:00>う<CTRL:00> <CTRL:00>ま
C2/SC0B4.DAT,0x47E24,9,medium,0,original,,,,,,す<CTRL:00>”<CTRL:00>う<CTRL:00> <CTRL:00>ま
C2/SC0B4.DAT,0x48090,21,medium,0,original,,,,,,<CTRL:00><N:ъ:14:1A><CTRL:00>し<CTRL:00>す<CTRL:00><N:*:7:0B><CTRL:00><N:ｃ:9:17><CTRL:00>す<CTRL:00>”<CTRL:00>う<CTRL:00> <CTRL:00>ま
C2/SC0B4.DAT,0x4809C,9,medium,0,original,,,,,,す<CTRL:00>”<CTRL:00>う<CTRL:00> <CTRL:00>ま
C2/SC0B4.DAT,0x482A8,21,medium,0,original,,,,,,<CTRL:00><N:ъ:14:1A><CTRL:00>し<CTRL:00>す<CTRL:00><N:*:7:0B><CTRL:00><N:ｃ:9:17><CTRL:00>す<CTRL:00>”<CTRL:00>う<CTRL:00> <CTRL:00>ま
C2/SC0B4.DAT,0x482B4,9,medium,0,original,,,,,,す<CTRL:00>”<CTRL:00>う<CTRL:00> <CTRL:00>ま
C2/SC0B4.DAT,0x48498,21,medium,0,original,,,,,,<CTRL:00><N:ъ:14:1A><CTRL:00>し<CTRL:00>す<CTRL:00><N:*:7:0B><CTRL:00><N:ｃ:9:17><CTRL:00>す<CTRL:00>”<CTRL:00>う<CTRL:00> <CTRL:00>ま
C2/SC0B4.DAT,0x484A4,9,medium,0,original,,,,,,す<CTRL:00>”<CTRL:00>う<CTRL:00> <CTRL:00>ま
C2/SC0B4.DAT,0x48598,7,medium,0,original,,,,,,<CTRL:00><N:ъ:14:1A><CTRL:00>し<CTRL:00>
C2/SC0B4.DAT,0x488F6,9,medium,0,original,,,,,,す<CTRL:00>”<CTRL:00>う<CTRL:00> <CTRL:00>ま
C2/SC0B4.DAT,0x489AA,9,medium,0,original,,,,,,す<CTRL:00>”<CTRL:00>う<CTRL:00> <CTRL:00>ま
C2/SC0B4.DAT,0x48AD8,9,medium,0,original,,,,,,す<CTRL:00>”<CTRL:00>う<CTRL:00> <CTRL:00>ま
C2/SC0B4.DAT,0x48CEC,9,medium,0,original,,,,,,す<CTRL:00>”<CTRL:00>う<CTRL:00> <CTRL:00>ま
C2/SC0B4.DAT,0x48D8C,9,medium,0,original,,,,,,す<CTRL:00>”<CTRL:00>う<CTRL:00> <CTRL:00>ま
C2/SC0B4.DAT,0x48E02,9,medium,0,original,,,,,,す<CTRL:00>”<CTRL:00>う<CTRL:00> <CTRL:00>ま
C2/SC0B4.DAT,0x48EFE,9,medium,0,original,,,,,,す<CTRL:00>”<CTRL:00>う<CTRL:00> <CTRL:00>ま
C2/SC0B4.DAT,0x4922A,9,medium,0,original,,,,,,す<CTRL:00>”<CTRL:00>う<CTRL:00> <CTRL:00>ま
C2/SC0B5.DAT,0x479F8,49,medium,0,original,,,,,,<CTRL:00><N:ъ:14:1A><CTRL:00>し<CTRL:00>す<CTRL:00><N:．:2:0F><CTRL:00>う<CTRL:00> <CTRL:00>ん<CTRL:00><N:ｃ:12:16><CTRL:00>は<CTRL:00>3 に<CTRL:00>す<CTRL:00><N:ﾉ:6:10><CTRL:00>う<CTRL:00> <CTRL:00>ん<CTRL:00><N:ｃ:9:17><CTRL:00>は<CTRL:00>3 に<CTRL:00> <CTRL:00>ー か<CTRL:00>
C2/SC0B5.DAT,0x47A1C,13,medium,0,original,,,,,,は<CTRL:00>3 に<CTRL:00> <CTRL:00>ー か<CTRL:00>
C2/SC0B5.DAT,0x47BF4,49,medium,0,original,,,,,,<CTRL:00><N:ъ:14:1A><CTRL:00>し<CTRL:00>す<CTRL:00><N:．:2:0F><CTRL:00>う<CTRL:00> <CTRL:00>ん<CTRL:00><N:ｃ:12:16><CTRL:00>は<CTRL:00>1！に<CTRL:00>す<CTRL:00><N:ﾉ:6:10><CTRL:00>う<CTRL:00> <CTRL:00>ん<CTRL:00><N:ｃ:9:17><CTRL:00>は<CTRL:00>1！に<CTRL:00> <CTRL:00>を！か<CTRL:00>
C2/SC0B5.DAT,0x47C18,13,medium,0,original,,,,,,は<CTRL:00>1！に<CTRL:00> <CTRL:00>を！か<CTRL:00>
C2/SC0B5.DAT,0x47E18,21,medium,0,original,,,,,,<CTRL:00><N:ъ:14:1A><CTRL:00>し<CTRL:00>す<CTRL:00><N:*:7:0B><CTRL:00><N:ｃ:9:17><CTRL:00>す<CTRL:00>”<CTRL:00>う<CTRL:00> <CTRL:00>ま
C2/SC0B5.DAT,0x47E24,9,medium,0,original,,,,,,す<CTRL:00>”<CTRL:00>う<CTRL:00> <CTRL:00>ま
C2/SC0B5.DAT,0x48090,21,medium,0,original,,,,,,<CTRL:00><N:ъ:14:1A><CTRL:00>し<CTRL:00>す<CTRL:00><N:*:7:0B><CTRL:00><N:ｃ:9:17><CTRL:00>す<CTRL:00>”<CTRL:00>う<CTRL:00> <CTRL:00>ま
C2/SC0B5.DAT,0x4809C,9,medium,0,original,,,,,,す<CTRL:00>”<CTRL:00>う<CTRL:00> <CTRL:00>ま
C2/SC0B5.DAT,0x482A8,21,medium,0,original,,,,,,<CTRL:00><N:ъ:14:1A><CTRL:00>し<CTRL:00>す<CTRL:00><N:*:7:0B><CTRL:00><N:ｃ:9:17><CTRL:00>す<CTRL:00>”<CTRL:00>う<CTRL:00> <CTRL:00>ま
C2/SC0B5.DAT,0x482B4,9,medium,0,original,,,,,,す<CTRL:00>”<CTRL:00>う<CTRL:00> <CTRL:00>ま
C2/SC0B5.DAT,0x48498,21,medium,0,original,,,,,,<CTRL:00><N:ъ:14:1A><CTRL:00>し<CTRL:00>す<CTRL:00><N:*:7:0B><CTRL:00><N:ｃ:9:17><CTRL:00>す<CTRL:00>”<CTRL:00>う<CTRL:00> <CTRL:00>ま
C2/SC0B5.DAT,0x484A4,9,medium,0,original,,,,,,す<CTRL:00>”<CTRL:00>う<CTRL:00> <CTRL:00>ま
C2/SC0B5.DAT,0x48598,7,medium,0,original,,,,,,<CTRL:00><N:ъ:14:1A><CTRL:00>し<CTRL:00>
C2/SC0B5.DAT,0x488F6,9,medium,0,original,,,,,,す<CTRL:00>”<CTRL:00>う<CTRL:00> <CTRL:00>ま
C2/SC0B5.DAT,0x489AA,9,medium,0,original,,,,,,す<CTRL:00>”<CTRL:00>う<CTRL:00> <CTRL:00>ま
C2/SC0B5.DAT,0x48AD8,9,medium,0,original,,,,,,す<CTRL:00>”<CTRL:00>う<CTRL:00> <CTRL:00>ま
C2/SC0B5.DAT,0x48CEC,9,medium,0,original,,,,,,す<CTRL:00>”<CTRL:00>う<CTRL:00> <CTRL:00>ま
C2/SC0B5.DAT,0x48D8C,9,medium,0,original,,,,,,す<CTRL:00>”<CTRL:00>う<CTRL:00> <CTRL:00>ま
C2/SC0B5.DAT,0x48E02,9,medium,0,original,,,,,,す<CTRL:00>”<CTRL:00>う<CTRL:00> <CTRL:00>ま
C2/SC0B5.DAT,0x48EFE,9,medium,0,original,,,,,,す<CTRL:00>”<CTRL:00>う<CTRL:00> <CTRL:00>ま
C2/SC0B5.DAT,0x4922A,9,medium,0,original,,,,,,す<CTRL:00>”<CTRL:00>う<CTRL:00> <CTRL:00>ま
C2/SC0B6.DAT,0x4522A,9,medium,0,original,,,,,,す<CTRL:00>”<CTRL:00>う<CTRL:00> <CTRL:00>ま
C2/SC0B6.DAT,0x45506,9,medium,0,original,,,,,,す<CTRL:00>”<CTRL:00>う<CTRL:00> <CTRL:00>ま
C2/SC0B6.DAT,0x4568A,9,medium,0,original,,,,,,す<CTRL:00>”<CTRL:00>う<CTRL:00> <CTRL:00>ま
C2/SC0B6.DAT,0x456CA,9,medium,0,original,,,,,,す<CTRL:00>”<CTRL:00>う<CTRL:00> <CTRL:00>ま
C2/SC0B6.DAT,0x45C3A,12,high,0,original,,,,,,おめでとうご<N:ざ:2:DD3D>います！
C2/SC0B6.DAT,0x45C78,19,high,0,original,,,,,,今までの勝利回数は<CTRL:E8>2回です。<CTRL:E4>よ
C2/SC0B6.DAT,0x45CD4,47,high,0,original,,,,,,勝利回数10回の方には、 / ちょつとうれしい賞品がご<N:ざ:2:DD3D>います。 / がんばつて下さい。
C2/SC0B6.DAT,0x45D4E,12,high,0,original,,,,,,おめでとうご<N:ざ:2:DD3D>います！
C2/SC0B6.DAT,0x45D8C,19,high,0,original,,,,,,今までの勝利回数は<CTRL:E8>2回です。<CTRL:E4>よ
C2/SC0B6.DAT,0x45DE8,25,high,0,original,,,,,,20回までのこり<CTRL:E8>て回です。 / がんばつて下さい。
C2/SC0B6.DAT,0x45E4C,12,high,0,original,,,,,,おめでとうご<N:ざ:2:DD3D>います！
C2/SC0B6.DAT,0x45E8A,19,high,0,original,,,,,,今までの勝利回数は<CTRL:E8>2回です。<CTRL:E4>よ
C2/SC0B6.DAT,0x45EE6,25,high,0,original,,,,,,40回までのこり<CTRL:E8>て回です。 / がんばつて下さい。
C2/SC0B6.DAT,0x45F4A,12,high,0,original,,,,,,おめでとうご<N:ざ:2:DD3D>います！
C2/SC0B6.DAT,0x45F88,19,high,0,original,,,,,,今までの勝利回数は<CTRL:E8>2回です。<CTRL:E4>よ
C2/SC0B6.DAT,0x45FE4,25,high,0,original,,,,,,<N:３:14:19>0回までのこり<CTRL:E8>て回です。 / がんばつて下さい。
C2/SC0B6.DAT,0x46048,12,high,0,original,,,,,,おめでとうご<N:ざ:2:DD3D>います！
C2/SC0B6.DAT,0x46086,19,high,0,original,,,,,,今までの勝利回数は<CTRL:E8>2回です。<CTRL:E4>よ
C2/SC0B6.DAT,0x460E2,26,high,0,original,,,,,,120回までのこり<CTRL:E8>て回です。 / がんばつて下さい。
C2/SC0B6.DAT,0x46146,12,high,0,original,,,,,,おめでとうご<N:ざ:2:DD3D>います！
C2/SC0B6.DAT,0x46184,19,high,0,original,,,,,,今までの勝利回数は<CTRL:E8>2回です。<CTRL:E4>よ
C2/SC0B6.DAT,0x461E0,26,high,0,original,,,,,,1<N:ｃ:9:17>0回までのこり<CTRL:E8>て回です。 / がんばつて下さい。
C2/SC0B6.DAT,0x46244,12,high,0,original,,,,,,おめでとうご<N:ざ:2:DD3D>います！
C2/SC0B6.DAT,0x46282,19,high,0,original,,,,,,今までの勝利回数は<CTRL:E8>2回です。<CTRL:E4>よ
C2/SC0B6.DAT,0x462DE,26,high,0,original,,,,,,200回までのこり<CTRL:E8>て回です。 / がんばつて下さい。
C2/SC0B6.DAT,0x46342,12,high,0,original,,,,,,おめでとうご<N:ざ:2:DD3D>います！
C2/SC0B6.DAT,0x46380,19,high,0,original,,,,,,今までの勝利回数は<CTRL:E8>2回です。<CTRL:E4>よ
C2/SC0B6.DAT,0x463DC,35,high,0,original,,,,,,1000回までのこり<CTRL:E8>て回です。 / あきらめないで、がんばつて下さい。
C2/SC0B6.DAT,0x4644A,12,high,0,original,,,,,,おめでとうご<N:ざ:2:DD3D>います！
C2/SC0B6.DAT,0x4648E,50,high,0,original,,,,,,10回目の勝利をきねんして / <N:フ:11:DD55><N:リ:12:6F><G:DDF8:467>ントがご<N:ざ:2:DD3D>います。 / 次の商品からお選び下さい。
C2/SC0B6.DAT,0x464F8,51,high,0,original,,,,,,<CTRL:E5>”<N:ｌ:5:5B>みなぎる果実へ / <CTRL:E5>”<N:ｌ:5:5B>大きい爆弾へ / <CTRL:E5>”<N:ｌ:5:5B>弱りの玉へ / <CTRL:E5>”<N:ｌ:5:5B>復活の薬へ
C2/SC0B6.DAT,0x46572,18,high,0,original,,,,,,<N:ｌ:5:5B>みなぎる果実へを手にいれた。
C2/SC0B6.DAT,0x465B6,25,high,0,original,,,,,,20回目の勝利を目指して / がんばつて下さい。
C2/SC0B6.DAT,0x4660A,16,high,0,original,,,,,,<N:ｌ:5:5B>大きい爆弾へを手にいれた。
C2/SC0B6.DAT,0x4664C,25,high,0,original,,,,,,20回目の勝利を目指して / がんばつて下さい。
C2/SC0B6.DAT,0x466A0,15,high,0,original,,,,,,<N:ｌ:5:5B>弱りの玉へを手にいれた。
C2/SC0B6.DAT,0x466E2,25,high,0,original,,,,,,20回目の勝利を目指して / がんばつて下さい。
C2/SC0B6.DAT,0x46736,16,high,0,original,,,,,,<N:ｌ:5:5B>復活の薬へを手にいれた。
C2/SC0B6.DAT,0x46778,25,high,0,original,,,,,,20回目の勝利を目指して / がんばつて下さい。
C2/SC0B6.DAT,0x467D6,12,high,0,original,,,,,,おめでとうご<N:ざ:2:DD3D>います！
C2/SC0B6.DAT,0x4681A,50,high,0,original,,,,,,20回目の勝利をきねんして / <N:フ:11:DD55><N:リ:12:6F><G:DDF8:467>ントがご<N:ざ:2:DD3D>います。 / 次の商品からお選び下さい。
C2/SC0B6.DAT,0x46884,48,high,0,original,,,,,,<CTRL:E5>”<N:ｌ:5:5B>ちからの実へ / <CTRL:E5>”<N:ｌ:5:5B>パロの実へ / <CTRL:E5>”<N:ｌ:5:5B>いのちの木の実へ / <CTRL:E5>”<N:ｌ:5:5B>魔力の泉へ
C2/SC0B6.DAT,0x468FA,15,high,0,original,,,,,,<N:ｌ:5:5B>ちからの実へを手にいれた。
C2/SC0B6.DAT,0x4693C,25,high,0,original,,,,,,40回目の勝利を目指して / がんばつて下さい。
C2/SC0B6.DAT,0x46990,14,high,0,original,,,,,,<N:ｌ:5:5B>パロの実へを手にいれた。
C2/SC0B6.DAT,0x469D0,25,high,0,original,,,,,,40回目の勝利を目指して / がんばつて下さい。
C2/SC0B6.DAT,0x46A24,18,high,0,original,,,,,,<N:ｌ:5:5B>いのちの木の実へを手にいれた。
C2/SC0B6.DAT,0x46A68,25,high,0,original,,,,,,40回目の勝利を目指して / がんばつて下さい。
C2/SC0B6.DAT,0x46ABC,15,high,0,original,,,,,,<N:ｌ:5:5B>魔力の泉へを手にいれた。
C2/SC0B6.DAT,0x46AFE,25,high,0,original,,,,,,40回目の勝利を目指して / がんばつて下さい。
C2/SC0B6.DAT,0x46B5C,12,high,0,original,,,,,,おめでとうご<N:ざ:2:DD3D>います！
C2/SC0B6.DAT,0x46BA0,50,high,0,original,,,,,,40回目の勝利をきねんして / <N:フ:11:DD55><N:リ:12:6F><G:DDF8:467>ントがご<N:ざ:2:DD3D>います。 / 次の商品からお選び下さい。
C2/SC0B6.DAT,0x46C0A,51,high,0,original,,,,,,<CTRL:E5>”<N:ｌ:5:5B>氷の守りへ / <CTRL:E5>”<N:ｌ:5:5B>炎の守りへ / <CTRL:E5>”<N:ｌ:5:5B>魔法のカートへ / <CTRL:E5>”<N:ｌ:5:5B>しつ<G:DEB5:655>うのバンダナへ
C2/SC0B6.DAT,0x46C84,15,high,0,original,,,,,,<N:ｌ:5:5B>氷の守りへを手にいれた。
C2/SC0B6.DAT,0x46CC6,25,high,0,original,,,,,,<N:３:14:19>0回目の勝利を目指して / がんばつて下さい。
C2/SC0B6.DAT,0x46D1A,14,high,0,original,,,,,,<N:ｌ:5:5B>炎の守りへを手にいれた。
C2/SC0B6.DAT,0x46D5A,25,high,0,original,,,,,,<N:３:14:19>0回目の勝利を目指して / がんばつて下さい。
C2/SC0B6.DAT,0x46DAE,17,high,0,original,,,,,,<N:ｌ:5:5B>魔法のカートへを手にいれた。
C2/SC0B6.DAT,0x46DF2,25,high,0,original,,,,,,<N:３:14:19>0回目の勝利を目指して / がんばつて下さい。
C2/SC0B6.DAT,0x46E46,19,high,0,original,,,,,,<N:ｌ:5:5B>しつ<G:DEB5:655>うのバンダナへを手にいれた。
C2/SC0B6.DAT,0x46E8C,25,high,0,original,,,,,,<N:３:14:19>0回目の勝利を目指して / がんばつて下さい。
C2/SC0B6.DAT,0x46EEA,12,high,0,original,,,,,,おめでとうご<N:ざ:2:DD3D>います！
C2/SC0B6.DAT,0x46F2E,50,high,0,original,,,,,,<N:３:14:19>0回目の勝利をきねんして / <N:フ:11:DD55><N:リ:12:6F><G:DDF8:467>ントがご<N:ざ:2:DD3D>います。 / 次の商品からお選び下さい。
C2/SC0B6.DAT,0x46F98,47,high,0,original,,,,,,<CTRL:E5>”<N:ｌ:5:5B>スリー<N:フ:11:DD55><N:リ:12:6F>スカートへ / <CTRL:E5>”<N:ｌ:5:5B>アンチへモジーへ / <CTRL:E5>”<N:ｌ:5:5B>鏡へ / <CTRL:E5>”<N:ｌ:5:5B>サン<N:ク:12:80>ラスへ
C2/SC0B6.DAT,0x4700E,19,high,0,original,,,,,,<N:ｌ:5:5B>スリー<N:フ:11:DD55><N:リ:12:6F>スカートへを手にいれた。
C2/SC0B6.DAT,0x47054,26,high,0,original,,,,,,120回目の勝利を目指して / がんばつて下さい。
C2/SC0B6.DAT,0x470A8,17,high,0,original,,,,,,<N:ｌ:5:5B>アンチへモジーへを手にいれた。
C2/SC0B6.DAT,0x470EC,26,high,0,original,,,,,,120回目の勝利を目指して / がんばつて下さい。
C2/SC0B6.DAT,0x47140,11,high,0,original,,,,,,<N:ｌ:5:5B>鏡へを手にいれた。
C2/SC0B6.DAT,0x4717E,26,high,0,original,,,,,,120回目の勝利を目指して / がんばつて下さい。
C2/SC0B6.DAT,0x471D2,14,high,0,original,,,,,,<N:ｌ:5:5B>サン<N:ク:12:80>ラスへを手にいれた。
C2/SC0B6.DAT,0x47212,26,high,0,original,,,,,,120回目の勝利を目指して / がんばつて下さい。
C2/SC0B6.DAT,0x47270,12,high,0,original,,,,,,おめでとうご<N:ざ:2:DD3D>います！
C2/SC0B6.DAT,0x472B4,51,high,0,original,,,,,,120回目の勝利をきねんして / <N:フ:11:DD55><N:リ:12:6F><G:DDF8:467>ントがご<N:ざ:2:DD3D>います。 / 次の商品からお選び下さい。
C2/SC0B6.DAT,0x4731A,14,high,0,original,,,,,,<CTRL:E5>”<N:ｌ:5:5B>デ<N:ｲ:6:DD03>ールの<N:牙:4:DEB0>へ
C2/SC0B6.DAT,0x47360,17,high,0,original,,,,,,<N:ｌ:5:5B>デ<N:ｲ:6:DD03>ールの<N:牙:4:DEB0>へを手にいれた。
C2/SC0B6.DAT,0x473A4,26,high,0,original,,,,,,1<N:ｃ:9:17>0回目の勝利を目指して / がんばつて下さい。
C2/SC0B6.DAT,0x47402,12,high,0,original,,,,,,おめでとうご<N:ざ:2:DD3D>います！
C2/SC0B6.DAT,0x47446,51,high,0,original,,,,,,1<N:ｃ:9:17>0回目の勝利をきねんして / <N:フ:11:DD55><N:リ:12:6F><G:DDF8:467>ントがご<N:ざ:2:DD3D>います。 / 次の商品からお選び下さい。
C2/SC0B6.DAT,0x474B2,50,high,0,original,,,,,,<CTRL:E5>”<N:ｌ:5:5B>パワーリストへ / <CTRL:E5>”<N:ｌ:5:5B><N:ハ:12:DDA2><N:｣:11:65>パーフーツへ / <CTRL:E5>”<N:ｌ:5:5B>いやしのお守りへ / <CTRL:E5>”<N:ｌ:5:5B><N:貝:2:DF50>がらへ
C2/SC0B6.DAT,0x4752A,16,high,0,original,,,,,,<N:ｌ:5:5B>パワーリストへを手にいれた。
C2/SC0B6.DAT,0x4756C,26,high,0,original,,,,,,200回目の勝利を目指して / がんばつて下さい。
C2/SC0B6.DAT,0x475C0,18,high,0,original,,,,,,<N:ｌ:5:5B><N:ハ:12:DDA2><N:｣:11:65>パーフーツへを手にいれた。
C2/SC0B6.DAT,0x47604,26,high,0,original,,,,,,200回目の勝利を目指して / がんばつて下さい。
C2/SC0B6.DAT,0x47658,17,high,0,original,,,,,,<N:ｌ:5:5B>いやしのお守りへを手にいれた。
C2/SC0B6.DAT,0x4769C,26,high,0,original,,,,,,200回目の勝利を目指して / がんばつて下さい。
C2/SC0B6.DAT,0x476F0,13,high,0,original,,,,,,<N:ｌ:5:5B><N:貝:2:DF50>がらへを手にいれた。
C2/SC0B6.DAT,0x47730,26,high,0,original,,,,,,200回目の勝利を目指して / がんばつて下さい。
C2/SC0B6.DAT,0x4778E,12,high,0,original,,,,,,おめでとうご<N:ざ:2:DD3D>います！
C2/SC0B6.DAT,0x477D2,51,high,0,original,,,,,,200回目の勝利をきねんして / <N:フ:11:DD55><N:リ:12:6F><G:DDF8:467>ントがご<N:ざ:2:DD3D>います。 / 次の商品からお選び下さい。
C2/SC0B6.DAT,0x47838,11,high,0,original,,,,,,<CTRL:E5>”<N:ｌ:5:5B>幻のこてへ
C2/SC0B6.DAT,0x4787C,14,high,0,original,,,,,,<N:ｌ:5:5B>幻のこてへを手にいれた。
C2/SC0B6.DAT,0x478BC,27,high,0,original,,,,,,1000回目の勝利を目指して / がんばつて下さい。
C2/SC0B6.DAT,0x4791C,12,high,0,original,,,,,,おめでとうご<N:ざ:2:DD3D>います！
C2/SC0B6.DAT,0x47960,52,high,0,original,,,,,,1000回目の勝利をきねんして / <N:フ:11:DD55><N:リ:12:6F><G:DDF8:467>ントがご<N:ざ:2:DD3D>います。 / 次の商品からお選び下さい。
C2/SC0B6.DAT,0x479C6,20,high,0,original,,,,,,<CTRL:E5>”<N:ｌ:5:5B>闘技場の倉庫の中身へ
C2/SC0B6.DAT,0x47A12,18,high,0,original,,,,,,<N:ｌ:5:5B>みなぎる果実へを手にいれた。
C2/SC0B6.DAT,0x47A5A,16,high,0,original,,,,,,<N:ｌ:5:5B>大きい爆弾へを手にいれた。
C2/SC0B6.DAT,0x47AA0,15,high,0,original,,,,,,<N:ｌ:5:5B>弱りの玉へを手にいれた。
C2/SC0B6.DAT,0x47AE6,16,high,0,original,,,,,,<N:ｌ:5:5B>復活の薬へを手にいれた。
C2/SC0B6.DAT,0x47B2C,15,high,0,original,,,,,,<N:ｌ:5:5B>ちからの実へを手にいれた。
C2/SC0B6.DAT,0x47B72,14,high,0,original,,,,,,<N:ｌ:5:5B>パロの実へを手にいれた。
C2/SC0B6.DAT,0x47BB6,18,high,0,original,,,,,,<N:ｌ:5:5B>いのちの木の実へを手にいれた。
C2/SC0B6.DAT,0x47BFE,15,high,0,original,,,,,,<N:ｌ:5:5B>魔力の泉へを手にいれた。
C2/SC0B6.DAT,0x47C44,15,high,0,original,,,,,,<N:ｌ:5:5B>氷の守りへを手にいれた。
C2/SC0B6.DAT,0x47C8A,14,high,0,original,,,,,,<N:ｌ:5:5B>炎の守りへを手にいれた。
C2/SC0B6.DAT,0x47CCE,17,high,0,original,,,,,,<N:ｌ:5:5B>魔法のカートへを手にいれた。
C2/SC0B6.DAT,0x47D16,19,high,0,original,,,,,,<N:ｌ:5:5B>しつ<G:DEB5:655>うのバンダナへを手にいれた。
C2/SC0B6.DAT,0x47D60,19,high,0,original,,,,,,<N:ｌ:5:5B>スリー<N:フ:11:DD55><N:リ:12:6F>スカートへを手にいれた。
C2/SC0B6.DAT,0x47DAA,17,high,0,original,,,,,,<N:ｌ:5:5B>アンチへモジーへを手にいれた。
C2/SC0B6.DAT,0x47DF2,11,high,0,original,,,,,,<N:ｌ:5:5B>鏡へを手にいれた。
C2/SC0B6.DAT,0x47E34,14,high,0,original,,,,,,<N:ｌ:5:5B>サン<N:ク:12:80>ラスへを手にいれた。
C2/SC0B6.DAT,0x47E78,16,high,0,original,,,,,,<N:ｌ:5:5B>パワーリストへを手にいれた。
C2/SC0B6.DAT,0x47EBE,18,high,0,original,,,,,,<N:ｌ:5:5B><N:ハ:12:DDA2><N:｣:11:65>パーフーツへを手にいれた。
C2/SC0B6.DAT,0x47F06,17,high,0,original,,,,,,<N:ｌ:5:5B>いやしのお守りへを手にいれた。
C2/SC0B6.DAT,0x47F4E,13,high,0,original,,,,,,<N:ｌ:5:5B><N:貝:2:DF50>がらへを手にいれた。
C2/SC0B6.DAT,0x47F92,14,high,0,original,,,,,,<N:ｌ:5:5B>幻のこてへを手にいれた。
C2/SC0B6.DAT,0x47FD6,19,high,0,original,,,,,,<N:ｌ:5:5B>バ<N:｣:11:65>オ<N:リ:12:6F>ット<N:リ:12:6F>ーサーへを手にいれた。
C2/SC0B6.DAT,0x48020,17,high,0,original,,,,,,<N:ｌ:5:5B>一角獣の角へを手にいれた。
C2/SC0B6.DAT,0x48064,26,high,0,original,,,,,,もう賞品はありませんが / がんばつて下さい。<CTRL:E4>よ
C2/SC0C1.DAT,0x469F8,49,medium,0,original,,,,,,<CTRL:00><N:ъ:14:1A><CTRL:00>し<CTRL:00>す<CTRL:00><N:．:2:0F><CTRL:00>う<CTRL:00> <CTRL:00>ん<CTRL:00><N:ｃ:12:16><CTRL:00>は<CTRL:00>3 に<CTRL:00>す<CTRL:00><N:ﾉ:6:10><CTRL:00>う<CTRL:00> <CTRL:00>ん<CTRL:00><N:ｃ:9:17><CTRL:00>は<CTRL:00>3 に<CTRL:00> <CTRL:00>ー か<CTRL:00>
C2/SC0C1.DAT,0x46A1C,13,medium,0,original,,,,,,は<CTRL:00>3 に<CTRL:00> <CTRL:00>ー か<CTRL:00>
C2/SC0C1.DAT,0x46BF4,49,medium,0,original,,,,,,<CTRL:00><N:ъ:14:1A><CTRL:00>し<CTRL:00>す<CTRL:00><N:．:2:0F><CTRL:00>う<CTRL:00> <CTRL:00>ん<CTRL:00><N:ｃ:12:16><CTRL:00>は<CTRL:00>1！に<CTRL:00>す<CTRL:00><N:ﾉ:6:10><CTRL:00>う<CTRL:00> <CTRL:00>ん<CTRL:00><N:ｃ:9:17><CTRL:00>は<CTRL:00>1！に<CTRL:00> <CTRL:00>を！か<CTRL:00>
C2/SC0C1.DAT,0x46C18,13,medium,0,original,,,,,,は<CTRL:00>1！に<CTRL:00> <CTRL:00>を！か<CTRL:00>
C2/SC0C1.DAT,0x46E18,21,medium,0,original,,,,,,<CTRL:00><N:ъ:14:1A><CTRL:00>し<CTRL:00>す<CTRL:00><N:*:7:0B><CTRL:00><N:ｃ:9:17><CTRL:00>す<CTRL:00>”<CTRL:00>う<CTRL:00> <CTRL:00>ま
C2/SC0C1.DAT,0x46E24,9,medium,0,original,,,,,,す<CTRL:00>”<CTRL:00>う<CTRL:00> <CTRL:00>ま
C2/SC0C1.DAT,0x47090,21,medium,0,original,,,,,,<CTRL:00><N:ъ:14:1A><CTRL:00>し<CTRL:00>す<CTRL:00><N:*:7:0B><CTRL:00><N:ｃ:9:17><CTRL:00>す<CTRL:00>”<CTRL:00>う<CTRL:00> <CTRL:00>ま
C2/SC0C1.DAT,0x4709C,9,medium,0,original,,,,,,す<CTRL:00>”<CTRL:00>う<CTRL:00> <CTRL:00>ま
C2/SC0C1.DAT,0x472A8,21,medium,0,original,,,,,,<CTRL:00><N:ъ:14:1A><CTRL:00>し<CTRL:00>す<CTRL:00><N:*:7:0B><CTRL:00><N:ｃ:9:17><CTRL:00>す<CTRL:00>”<CTRL:00>う<CTRL:00> <CTRL:00>ま
C2/SC0C1.DAT,0x472B4,9,medium,0,original,,,,,,す<CTRL:00>”<CTRL:00>う<CTRL:00> <CTRL:00>ま
C2/SC0C1.DAT,0x47498,21,medium,0,original,,,,,,<CTRL:00><N:ъ:14:1A><CTRL:00>し<CTRL:00>す<CTRL:00><N:*:7:0B><CTRL:00><N:ｃ:9:17><CTRL:00>す<CTRL:00>”<CTRL:00>う<CTRL:00> <CTRL:00>ま
C2/SC0C1.DAT,0x474A4,9,medium,0,original,,,,,,す<CTRL:00>”<CTRL:00>う<CTRL:00> <CTRL:00>ま
C2/SC0C1.DAT,0x47598,7,medium,0,original,,,,,,<CTRL:00><N:ъ:14:1A><CTRL:00>し<CTRL:00>
C2/SC0C1.DAT,0x478F6,9,medium,0,original,,,,,,す<CTRL:00>”<CTRL:00>う<CTRL:00> <CTRL:00>ま
C2/SC0C1.DAT,0x479AA,9,medium,0,original,,,,,,す<CTRL:00>”<CTRL:00>う<CTRL:00> <CTRL:00>ま
C2/SC0C1.DAT,0x47AD8,9,medium,0,original,,,,,,す<CTRL:00>”<CTRL:00>う<CTRL:00> <CTRL:00>ま
C2/SC0C1.DAT,0x47CEC,9,medium,0,original,,,,,,す<CTRL:00>”<CTRL:00>う<CTRL:00> <CTRL:00>ま
C2/SC0C1.DAT,0x47D8C,9,medium,0,original,,,,,,す<CTRL:00>”<CTRL:00>う<CTRL:00> <CTRL:00>ま
C2/SC0C1.DAT,0x47E02,9,medium,0,original,,,,,,す<CTRL:00>”<CTRL:00>う<CTRL:00> <CTRL:00>ま
C2/SC0C1.DAT,0x47EFE,9,medium,0,original,,,,,,す<CTRL:00>”<CTRL:00>う<CTRL:00> <CTRL:00>ま
C2/SC0C1.DAT,0x4822A,9,medium,0,original,,,,,,す<CTRL:00>”<CTRL:00>う<CTRL:00> <CTRL:00>ま
C2/SC0C1.DAT,0x489BC,32,high,0,original,,,,,,おー / こんな所に / じ<N:ぃ:20:DE20>んせい<N:ｌ:5:5B>へモジーへが / いたわい。
C2/SC0C1.DAT,0x48A18,25,high,0,original,,,,,,・・そうじゃ / さつそく<N:ｌ:5:5B>調ベるへじゃい。
C2/SC0C1.DAT,0x48A90,7,high,0,original,,,,,,およ・・。
C2/SC0C1.DAT,0x48AEC,31,high,0,original,,,,,,おお / なんとわしまで<N:ｌ:5:5B>へモジーへに / なつてしもうたわい。
C2/SC0C1.DAT,0x48B40,20,high,0,original,,,,,,とりあえすわしのニ<N:リ:12:6F>クションに加えるぞい
C2/SC0C1.DAT,0x48B88,16,high,0,original,,,,,,もうけ、もうけ / うつひゃつひゃ
C2/SC0C1.DAT,0x48BDE,21,high,0,original,,,,,,召喚獣<N:ｌ:5:5B>へモジーへを手に入れました
D/SD011.DAT,0x47900,27,high,1,e2_valid,0x81,0,25,25,1,炎が消えたこで、 / いつたい山の中で何が・・。
D/SD011.DAT,0x47958,24,high,1,e2_valid,0x82,1,22,22,1,私のせいなんだから、 / 自分でなんとかしなきゃ。
D/SD011.DAT,0x479E0,12,high,1,e2_valid,0x83,2,10,10,1,誰・・・何しにここへ？
D/SD011.DAT,0x47A20,18,high,1,e2_valid,0x84,3,16,16,1,俺はアーク / おまえこそ誰なんだ？
D/SD011.DAT,0x47A66,29,high,1,e2_valid,0x85,4,27,27,1,私はシオン山の封印（ふういん）を守る一族のククル。
D/SD011.DAT,0x47AB8,39,high,1,e2_valid,0x86,5,37,37,1,でもその運命にしばられたくなくて、この山の封印の炎を消してしまつたの。
D/SD011.DAT,0x47B14,40,high,1,e2_valid,0x87,6,38,38,1,そうしたら急に山が荒れだして / 私、もう一度炎をともそうと思つて・・。
D/SD011.DAT,0x47BAE,43,high,1,e2_valid,0x88,7,41,41,1,だめ！今恐ろしい声が山から聞こえたわ。 / 炎を消したこで何かが目をさましたのよ。
D/SD011.DAT,0x47C0E,23,high,1,e2_valid,0x89,8,21,21,1,私のやつたこであなたが危険な目に・・。
D/SD011.DAT,0x47C5A,59,high,1,e2_valid,0x8A,9,57,57,1,もし、山に化け物がいるなら、そいつは10年前、父さんを殺したやつに違いない。 / 誰が止めようと俺は行くぜ。
D/SD011.DAT,0x47D78,8,medium,1,e2_valid,0x8D,12,6,6,1,アーク・。<CTRL:E4>ふ
D/SD011.DAT,0x49BFA,11,medium,1,original,,,,,,？0<N:．:2:0F>1<CTRL:00>？<N:ﾉ:6:10><N:ﾉ:6:10><N:ｃ:9:17><CTRL:00><CTRL:FE>
D/SD011.DAT,0x49C12,11,medium,1,original,,,,,,？2<N:ﾉ:6:10>3<CTRL:00>？00<N:ｃ:9:17><CTRL:00><CTRL:FE>
D/SD011.DAT,0x49C2A,11,medium,1,original,,,,,,？41<N:ｃ:12:16><CTRL:00>？11<N:ｃ:9:17><CTRL:00><CTRL:FE>
D/SD012.DAT,0x478B8,39,high,1,e2_valid,0x81,0,37,37,1,アークデーモン / おまえが封印（ふういん）の炎を / 消してくれたのか？
D/SD012.DAT,0x4791A,7,high,1,e2_valid,0x82,1,5,5,1,・・・。
D/SD012.DAT,0x47954,49,high,1,e2_valid,0x83,2,47,47,1,アークデーモン / 礼を言いたいところだが / おまえを殺さないこには / 自由になれんのでな。
D/SD012.DAT,0x49BFA,11,medium,1,original,,,,,,？0<N:．:2:0F>1<CTRL:00>？<N:ﾉ:6:10><N:ﾉ:6:10><N:ｃ:9:17><CTRL:00><CTRL:FE>
D/SD012.DAT,0x49C12,11,medium,1,original,,,,,,？2<N:ﾉ:6:10>3<CTRL:00>？00<N:ｃ:9:17><CTRL:00><CTRL:FE>
D/SD012.DAT,0x49C2A,11,medium,1,original,,,,,,？41<N:ｃ:12:16><CTRL:00>？11<N:ｃ:9:17><CTRL:00><CTRL:FE>
D/SD013.DAT,0x4789C,36,high,1,e2_valid,0x81,0,34,34,1,アークデーモン / 我が3000年のいかりを受けて / 死ぬがいい。
D/SD013.DAT,0x47902,5,high,1,e2_valid,0x82,1,3,3,1,きゃっっ。
D/SD013.DAT,0x4793A,17,high,1,e2_valid,0x83,2,15,15,1,アークデーモン / なんだ！？<CTRL:E4>は
D/SD013.DAT,0x47976,27,high,1,e2_valid,0x84,3,25,25,1,アークデーモン / 誰が再び炎を・・・。<CTRL:E4>は
D/SD013.DAT,0x47A0E,26,high,1,e2_valid,0x85,4,24,24,1,それから数日後<CTRL:E4>ご
D/SD013.DAT,0x47A2C,49,high,1,e2_valid,0x86,5,47,47,1,うわさはパ<N:リ:12:6F>ンシアの都にまで伝わり /  /    アークは城に呼びだされた
D/SD013.DAT,0x49BFA,11,medium,1,original,,,,,,？0<N:．:2:0F>1<CTRL:00>？<N:ﾉ:6:10><N:ﾉ:6:10><N:ｃ:9:17><CTRL:00><CTRL:FE>
D/SD013.DAT,0x49C12,11,medium,1,original,,,,,,？2<N:ﾉ:6:10>3<CTRL:00>？00<N:ｃ:9:17><CTRL:00><CTRL:FE>
D/SD013.DAT,0x49C2A,11,medium,1,original,,,,,,？41<N:ｃ:12:16><CTRL:00>？11<N:ｃ:9:17><CTRL:00><CTRL:FE>
D/SD014.DAT,0x4794C,24,high,0,original,,,,,,ここから先は俺達しか入れない。ククル、行こう。
D/SD014.DAT,0x479BE,9,high,0,original,,,,,,みんな、待つてて。
D/SD014.DAT,0x479FC,12,high,0,original,,,,,,心配だなっ・・。
D/SD014.DAT,0x47A3C,24,high,0,original,,,,,,何かあつたら / みんな助けに来てくれるでしょ？
D/SD014.DAT,0x47A8E,7,high,0,original,,,,,,ちげ<N:ぇ:2:C0>ね<N:ぇ:2:C0>や。
D/SD014.DAT,0x47AD2,6,high,0,original,,,,,,行つてくる。
D/SD014.DAT,0x49BFA,11,medium,0,original,,,,,,？0<N:．:2:0F>1<CTRL:00>？<N:ﾉ:6:10><N:ﾉ:6:10><N:ｃ:9:17><CTRL:00><CTRL:FE>
D/SD014.DAT,0x49C12,11,medium,0,original,,,,,,？2<N:ﾉ:6:10>3<CTRL:00>？00<N:ｃ:9:17><CTRL:00><CTRL:FE>
D/SD014.DAT,0x49C2A,11,medium,0,original,,,,,,？41<N:ｃ:12:16><CTRL:00>？11<N:ｃ:9:17><CTRL:00><CTRL:FE>
D/SD015.DAT,0x4791C,12,high,0,original,,,,,,封印の炎が消えた！
D/SD015.DAT,0x4795C,12,high,0,original,,,,,,奴等が心配だぜ。
D/SD015.DAT,0x4799C,16,high,0,original,,,,,,急いで助けに行かなくつちゃ！
D/SD015.DAT,0x47A5E,10,high,0,original,,,,,,わしらもいくぞ<N:∴:12:DEB6>。
D/SD015.DAT,0x47A9C,4,high,0,original,,,,,,承知。
D/SD015.DAT,0x47B44,13,high,0,original,,,,,,さて、わしも行くかの<N:っ:4:DD57>。
D/SD015.DAT,0x49BFA,11,medium,0,original,,,,,,？0<N:．:2:0F>1<CTRL:00>？<N:ﾉ:6:10><N:ﾉ:6:10><N:ｃ:9:17><CTRL:00><CTRL:FE>
D/SD015.DAT,0x49C12,11,medium,0,original,,,,,,？2<N:ﾉ:6:10>3<CTRL:00>？00<N:ｃ:9:17><CTRL:00><CTRL:FE>
D/SD015.DAT,0x49C2A,11,medium,0,original,,,,,,？41<N:ｃ:12:16><CTRL:00>？11<N:ｃ:9:17><CTRL:00><CTRL:FE>
D/SD021.DAT,0x479AC,13,high,0,original,,,,,,封印を解きにいくぞ。
D/SD021.DAT,0x479EE,29,high,0,original,,,,,,自分の生まれた村に入るのに / こんな話になるなんてね。
D/SD021.DAT,0x47A40,29,high,0,original,,,,,,もう僕たちだけのもんだいじゃ / なくなつてると思うんだ。
D/SD021.DAT,0x47AA0,20,high,0,original,,,,,,お前がそんなこ言うように / なるたっな。
D/SD021.DAT,0x47AF6,10,high,0,original,,,,,,デへへ・・。
D/SD021.DAT,0x47B42,15,high,0,original,,,,,,避けて通れぬ道もある。
D/SD021.DAT,0x47B8E,22,high,0,original,,,,,,いつっしのこを言うように / なつてきたわい。
D/SD021.DAT,0x47BDE,13,high,0,original,,,,,,ふ<N:ぉ:8:DD45>つふ<N:ぉ:8:DD45>つふ<N:ぉ:8:DD45>つ。
D/SD021.DAT,0x47E0A,20,high,0,original,,,,,,もうここに戻つても何もないなっ・・。
D/SD031.DAT,0x45924,22,high,1,original,,,,,,みかけによらす強いの<N:っ:4:DD57>。 / おまえたち。
D/SD031.DAT,0x4596E,26,high,1,original,,,,,,さつきのモンスターに<N:捕:1:DE91>らえられていたおじいさんだ。
D/SD031.DAT,0x459BC,13,high,1,original,,,,,,じいさん、あんた誰だい？
D/SD031.DAT,0x459FE,51,high,1,original,,,,,,わしの名は<N:ニ:13:DD3C>ーゲン。 / おまえらの望み通り / 3000年の時をこえて再び現れてやつたぞ。
D/SD031.DAT,0x45A66,15,high,1,original,,,,,,現れてやつたぞつて・・。
D/SD031.DAT,0x45AAA,31,high,1,original,,,,,,おまえたち、古の<N:ｌ:5:5B>伝記へを / <N:求:3:DE79>めてきたんじゃろうが。
D/SD031.DAT,0x45AFE,12,high,1,original,,,,,,じゃっあんたが・・？
D/SD031.DAT,0x45B3E,30,high,1,original,,,,,,いかにも。 / わしがおまえらをみちびく生きた伝記じゃ。
D/SD031.DAT,0x45B96,24,high,1,original,,,,,,ふ<N:ぉ:8:DD45>つふ<N:ぉ:8:DD45>つふ<N:ぉ:8:DD45>つふ<N:ぉ:8:DD45>つふ<N:ぉ:8:DD45>つふ<N:ぉ:8:DD45>つ
D/SD031.DAT,0x45BEA,42,high,1,original,,,,,,じゃっ、改めて聞くけど / <N:ｌ:5:5B>聖柩への力を手に入れるには / どうすればいいんだい？
D/SD031.DAT,0x45C48,39,high,1,original,,,,,,わしが再びめ<N:ざ:2:DD3D>めたというこは、精霊達に異変が起こつているのじゃろう。
D/SD031.DAT,0x45CA4,28,high,1,original,,,,,,ますこの世界を形成する<N:ｃ:12:16>大精霊を救わねばの<N:っ:4:DD57>。
D/SD031.DAT,0x45CF4,5,high,1,original,,,,,,<N:ｃ:12:16>大精霊？
D/SD031.DAT,0x45D2E,37,high,1,original,,,,,,そうじゃ。 / この世界を形作り、動かしている全ての精霊達の代<N:表:12:DE59>
D/SD031.DAT,0x45D88,43,high,1,original,,,,,,それが、地 水 火 風 光<CTRL:E4><N:*:7:0B> の<N:ｃ:12:16>要素をつかさどる精霊じゃ。
D/SD031.DAT,0x45DE8,37,high,1,original,,,,,,精霊達は、おまえをみとめれば / 石、すなわち意<N:志:1:DF3B>をおまえに / たくす。
D/SD031.DAT,0x45E42,28,high,1,original,,,,,,その石を<N:ｃ:12:16>つ集め、シオン山の / 封印を解くのだ。
D/SD031.DAT,0x45E92,22,high,1,original,,,,,,じゃあ、どうやつてその精霊達をさがしだすの？
D/SD031.DAT,0x45EDC,44,high,1,original,,,,,,それは、精霊からのみちびきがあれば会える。 / おまえらをこの地にみちびいたものは何じゃ？
D/SD031.DAT,0x45F3C,30,high,1,original,,,,,,みちびいたもの・<CTRL:E4><N:*:7:0B>・<CTRL:E4><N:*:7:0B>・<CTRL:E4>4？ / 父さんからの手紙か！
D/SD031.DAT,0x45F8E,16,high,1,original,,,,,,それはどこから来たものかの<N:っ:4:DD57>？
D/SD031.DAT,0x45FDA,9,high,1,original,,,,,,アララトスからだ！
D/SD031.DAT,0x46018,14,high,1,original,,,,,,すいぶん<N:遠:1:DE4C>いところからね。
D/SD031.DAT,0x4605A,14,high,1,original,,,,,,飛行<N:船:6:DE0B>が必要だなっ。
D/SD031.DAT,0x4609C,18,high,1,original,,,,,,よし / スメリア王の力を借りよう。
D/SD031.DAT,0x460E2,26,high,1,original,,,,,,話は決まつたようじゃの<N:っ:4:DD57>。 / では行くとしようか。
D/SD031.DAT,0x46130,19,high,1,original,,,,,,えつ？ / おじいさんもついて来るの！？
D/SD031.DAT,0x46190,6,high,1,original,,,,,,ばかもん！！
D/SD031.DAT,0x461D2,32,high,1,original,,,,,,古の大魔導師<N:ニ:13:DD3C>ーゲン様が、力になつてやろうというに。
D/SD031.DAT,0x46226,21,high,1,original,,,,,,じゃっ、ものすごい魔法が使えるんだ。
D/SD031.DAT,0x46276,17,high,1,original,,,,,,いかにも、そのはすじゃが・・？
D/SD031.DAT,0x462BC,15,high,1,original,,,,,,なんか頼りないわね・・。
D/SD031.DAT,0x46306,14,high,1,original,,,,,,とにかくパ<N:リ:12:6F>ンシアに戻ろう！
D/SD031.DAT,0x4637E,21,high,1,original,,,,,,ひさしぶりに / 大暴れできそうじゃわい。
D/SD031.DAT,0x463DA,26,high,1,original,,,,,,はて？ / この石はなんだつたじゃろう・・<CTRL:E4>よ
D/SD031.DAT,0x463FC,19,medium,1,original,,,,,,ロマンシン<N:ク:12:80>ストーンをもつていた！<CTRL:E4>よ
D/SD031.DAT,0x46564,31,high,1,original,,,,,,これから音声が聞きにくくなるのすこし<N:卞:16:DDA1>リュームを上げてね
D/SD031.DAT,0x465EE,18,high,1,original,,,,,,<N:ｌ:5:5B>すごいア<N:｣:11:65>テムへを手に入れた！
D/SD031.DAT,0x4672A,24,high,1,original,,,,,,チョン<N:力:5:DD02>ラの<N:ｌ:5:5B>すごいア<N:｣:11:65>テムへをうばつた！<CTRL:E4>よ
D/SD031.DAT,0x467FC,19,high,1,original,,,,,,<N:ｌ:5:5B>すごいア<N:｣:11:65>テムへをとりかえした！<CTRL:E4>よ
D/SD031.DAT,0x4699E,18,high,1,original,,,,,,<N:ｌ:5:5B>すごいア<N:｣:11:65>テムへをとりあげた！
D/SD031.DAT,0x46A2A,20,high,1,original,,,,,,<N:ｌ:5:5B>すごいア<N:｣:11:65>テムへがこわれてとんだ！
D/SD031.DAT,0x46A88,22,high,1,original,,,,,,<N:ｌ:5:5B>こわれたア<N:｣:11:65>テムへに気づいていない。
D/SD031.DAT,0x48A5A,8,high,1,original,,,,,,石を手に入れた！
D/SD031.DAT,0x48AA4,8,high,1,original,,,,,,石を手に入れた！
D/SD071.DAT,0x469EE,49,medium,0,original,,,,,,<CTRL:00><N:ъ:14:1A><CTRL:00>し<CTRL:00>す<CTRL:00><N:．:2:0F><CTRL:00>う<CTRL:00> <CTRL:00>ん<CTRL:00><N:ｃ:12:16><CTRL:00>は<CTRL:00><N:．:2:0F> に<CTRL:00>す<CTRL:00><N:ﾉ:6:10><CTRL:00>う<CTRL:00> <CTRL:00>ん<CTRL:00><N:ｃ:9:17><CTRL:00>は<CTRL:00><N:．:2:0F> に<CTRL:00> <CTRL:00>・ か<CTRL:00>
D/SD071.DAT,0x46A12,13,medium,0,original,,,,,,は<CTRL:00><N:．:2:0F> に<CTRL:00> <CTRL:00>・ か<CTRL:00>
D/SD071.DAT,0x46BEA,49,medium,0,original,,,,,,<CTRL:00><N:ъ:14:1A><CTRL:00>し<CTRL:00>す<CTRL:00><N:．:2:0F><CTRL:00>う<CTRL:00> <CTRL:00>ん<CTRL:00><N:ｃ:12:16><CTRL:00>は<CTRL:00>，！に<CTRL:00>す<CTRL:00><N:ﾉ:6:10><CTRL:00>う<CTRL:00> <CTRL:00>ん<CTRL:00><N:ｃ:9:17><CTRL:00>は<CTRL:00>，！に<CTRL:00> <CTRL:00>が！か<CTRL:00>
D/SD071.DAT,0x46C0E,13,medium,0,original,,,,,,は<CTRL:00>，！に<CTRL:00> <CTRL:00>が！か<CTRL:00>
D/SD071.DAT,0x46E0E,21,medium,0,original,,,,,,<CTRL:00><N:ъ:14:1A><CTRL:00>し<CTRL:00>す<CTRL:00><N:*:7:0B><CTRL:00><N:ｃ:9:17><CTRL:00>す<CTRL:00>”<CTRL:00>う<CTRL:00> <CTRL:00>ま
D/SD071.DAT,0x46E1A,9,medium,0,original,,,,,,す<CTRL:00>”<CTRL:00>う<CTRL:00> <CTRL:00>ま
D/SD071.DAT,0x47086,21,medium,0,original,,,,,,<CTRL:00><N:ъ:14:1A><CTRL:00>し<CTRL:00>す<CTRL:00><N:*:7:0B><CTRL:00><N:ｃ:9:17><CTRL:00>す<CTRL:00>”<CTRL:00>う<CTRL:00> <CTRL:00>ま
D/SD071.DAT,0x47092,9,medium,0,original,,,,,,す<CTRL:00>”<CTRL:00>う<CTRL:00> <CTRL:00>ま
D/SD071.DAT,0x4729E,21,medium,0,original,,,,,,<CTRL:00><N:ъ:14:1A><CTRL:00>し<CTRL:00>す<CTRL:00><N:*:7:0B><CTRL:00><N:ｃ:9:17><CTRL:00>す<CTRL:00>”<CTRL:00>う<CTRL:00> <CTRL:00>ま
D/SD071.DAT,0x472AA,9,medium,0,original,,,,,,す<CTRL:00>”<CTRL:00>う<CTRL:00> <CTRL:00>ま
D/SD071.DAT,0x4748E,21,medium,0,original,,,,,,<CTRL:00><N:ъ:14:1A><CTRL:00>し<CTRL:00>す<CTRL:00><N:*:7:0B><CTRL:00><N:ｃ:9:17><CTRL:00>す<CTRL:00>”<CTRL:00>う<CTRL:00> <CTRL:00>ま
D/SD071.DAT,0x4749A,9,medium,0,original,,,,,,す<CTRL:00>”<CTRL:00>う<CTRL:00> <CTRL:00>ま
D/SD071.DAT,0x4758E,7,medium,0,original,,,,,,<CTRL:00><N:ъ:14:1A><CTRL:00>し<CTRL:00>
D/SD071.DAT,0x478EC,9,medium,0,original,,,,,,す<CTRL:00>”<CTRL:00>う<CTRL:00> <CTRL:00>ま
D/SD071.DAT,0x479A0,9,medium,0,original,,,,,,す<CTRL:00>”<CTRL:00>う<CTRL:00> <CTRL:00>ま
D/SD071.DAT,0x47ACE,9,medium,0,original,,,,,,す<CTRL:00>”<CTRL:00>う<CTRL:00> <CTRL:00>ま
D/SD071.DAT,0x47CE2,9,medium,0,original,,,,,,す<CTRL:00>”<CTRL:00>う<CTRL:00> <CTRL:00>ま
D/SD071.DAT,0x47D82,9,medium,0,original,,,,,,す<CTRL:00>”<CTRL:00>う<CTRL:00> <CTRL:00>ま
D/SD071.DAT,0x47DF8,9,medium,0,original,,,,,,す<CTRL:00>”<CTRL:00>う<CTRL:00> <CTRL:00>ま
D/SD071.DAT,0x47EF4,9,medium,0,original,,,,,,す<CTRL:00>”<CTRL:00>う<CTRL:00> <CTRL:00>ま
D/SD071.DAT,0x48220,9,medium,0,original,,,,,,す<CTRL:00>”<CTRL:00>う<CTRL:00> <CTRL:00>ま
D/SD071.DAT,0x48620,20,high,0,original,,,,,,くそ、山にも / モンスターがあふれてる。
D/SD071.DAT,0x48668,24,high,0,original,,,,,,モンスターは / 精霊力の強い所に集まるのよ。
D/SD071.DAT,0x486B4,30,high,0,original,,,,,,早く<N:ｌ:5:5B>聖柩への所へ / 行かなくちゃならないのに・・。
D/SD071.DAT,0x48782,20,high,0,original,,,,,,来てやつたぜ。<CTRL:E4>よ / 約束通りな！
D/SD071.DAT,0x487CA,11,high,0,original,,,,,,二人とも大丈夫？
D/SD071.DAT,0x488AA,28,high,0,original,,,,,,早く山を下りよう。 / <N:ｌ:5:5B>聖柩へはサルバシオの滝だ！
D/SD071.DAT,0x499AE,100,medium,0,original,,,,,,<CTRL:FF><CTRL:FF>れ<CTRL:00>！<CTRL:00>0<CTRL:00><CTRL:FF><CTRL:FF>れ<CTRL:00><N:＄:1:05><CTRL:00>3<CTRL:00>”<CTRL:00>れ<CTRL:00>’<CTRL:00><N:‐:2:0E><CTRL:00>！<CTRL:00>れ<CTRL:00>0<CTRL:00><N:ﾉ:6:10><CTRL:00><N:．:2:0F><CTRL:00>れ<CTRL:00>，<CTRL:00><N:＆:4:07><CTRL:00><CTRL:FF><CTRL:FF>ま<CTRL:00>（<CTRL:00>）<CTRL:00>’<CTRL:00>ま<CTRL:00><N:ｌ:6:0C><CTRL:00>2<CTRL:00><CTRL:FF><CTRL:FF>ま<CTRL:00>1<CTRL:00><N:*:7:0B><CTRL:00><N:X:20:06><CTRL:00>だ<CTRL:00>！<CTRL:00><N:３:14:19><CTRL:00><CTRL:FF><CTRL:FF>だ<CTRL:00><N:≠:16:04><CTRL:00><N:‐:2:0E><CTRL:00><CTRL:FF><CTRL:FF>だ<CTRL:00>2<CTRL:00><N:ｃ:12:16><CTRL:00>0<CTRL:00>だ<CTRL:00>！<CTRL:00><N:＆:4:07><CTRL:00><CTRL:FF><CTRL:FF><CTRL:FF><CTRL:FF>
D/SD071.DAT,0x499F6,28,medium,0,original,,,,,,<CTRL:FF><CTRL:FF>だ<CTRL:00><N:≠:16:04><CTRL:00><N:‐:2:0E><CTRL:00><CTRL:FF><CTRL:FF>だ<CTRL:00>2<CTRL:00><N:ｃ:12:16><CTRL:00>0<CTRL:00>だ<CTRL:00>！<CTRL:00><N:＆:4:07><CTRL:00><CTRL:FF><CTRL:FF><CTRL:FF><CTRL:FF>
E1/SE011.DAT,0x47A12,49,medium,0,original,,,,,,<CTRL:00><N:ъ:14:1A><CTRL:00>し<CTRL:00>す<CTRL:00><N:．:2:0F><CTRL:00>う<CTRL:00> <CTRL:00>ん<CTRL:00><N:ｃ:12:16><CTRL:00>は<CTRL:00>て に<CTRL:00>す<CTRL:00><N:ﾉ:6:10><CTRL:00>う<CTRL:00> <CTRL:00>ん<CTRL:00><N:ｃ:9:17><CTRL:00>は<CTRL:00>て に<CTRL:00> <CTRL:00>く か<CTRL:00>
E1/SE011.DAT,0x47A36,13,medium,0,original,,,,,,は<CTRL:00>て に<CTRL:00> <CTRL:00>く か<CTRL:00>
E1/SE011.DAT,0x47C0E,49,medium,0,original,,,,,,<CTRL:00><N:ъ:14:1A><CTRL:00>し<CTRL:00>す<CTRL:00><N:．:2:0F><CTRL:00>う<CTRL:00> <CTRL:00>ん<CTRL:00><N:ｃ:12:16><CTRL:00>は<CTRL:00>た！に<CTRL:00>す<CTRL:00><N:ﾉ:6:10><CTRL:00>う<CTRL:00> <CTRL:00>ん<CTRL:00><N:ｃ:9:17><CTRL:00>は<CTRL:00>た！に<CTRL:00> <CTRL:00>？！か<CTRL:00>
E1/SE011.DAT,0x47C32,13,medium,0,original,,,,,,は<CTRL:00>た！に<CTRL:00> <CTRL:00>？！か<CTRL:00>
E1/SE011.DAT,0x47E32,21,medium,0,original,,,,,,<CTRL:00><N:ъ:14:1A><CTRL:00>し<CTRL:00>す<CTRL:00><N:*:7:0B><CTRL:00><N:ｃ:9:17><CTRL:00>す<CTRL:00>”<CTRL:00>う<CTRL:00> <CTRL:00>ま
E1/SE011.DAT,0x47E3E,9,medium,0,original,,,,,,す<CTRL:00>”<CTRL:00>う<CTRL:00> <CTRL:00>ま
E1/SE011.DAT,0x480AA,21,medium,0,original,,,,,,<CTRL:00><N:ъ:14:1A><CTRL:00>し<CTRL:00>す<CTRL:00><N:*:7:0B><CTRL:00><N:ｃ:9:17><CTRL:00>す<CTRL:00>”<CTRL:00>う<CTRL:00> <CTRL:00>ま
E1/SE011.DAT,0x480B6,9,medium,0,original,,,,,,す<CTRL:00>”<CTRL:00>う<CTRL:00> <CTRL:00>ま
E1/SE011.DAT,0x482C2,21,medium,0,original,,,,,,<CTRL:00><N:ъ:14:1A><CTRL:00>し<CTRL:00>す<CTRL:00><N:*:7:0B><CTRL:00><N:ｃ:9:17><CTRL:00>す<CTRL:00>”<CTRL:00>う<CTRL:00> <CTRL:00>ま
E1/SE011.DAT,0x482CE,9,medium,0,original,,,,,,す<CTRL:00>”<CTRL:00>う<CTRL:00> <CTRL:00>ま
E1/SE011.DAT,0x484B2,21,medium,0,original,,,,,,<CTRL:00><N:ъ:14:1A><CTRL:00>し<CTRL:00>す<CTRL:00><N:*:7:0B><CTRL:00><N:ｃ:9:17><CTRL:00>す<CTRL:00>”<CTRL:00>う<CTRL:00> <CTRL:00>ま
E1/SE011.DAT,0x484BE,9,medium,0,original,,,,,,す<CTRL:00>”<CTRL:00>う<CTRL:00> <CTRL:00>ま
E1/SE011.DAT,0x485B2,7,medium,0,original,,,,,,<CTRL:00><N:ъ:14:1A><CTRL:00>し<CTRL:00>
E1/SE011.DAT,0x48910,9,medium,0,original,,,,,,す<CTRL:00>”<CTRL:00>う<CTRL:00> <CTRL:00>ま
E1/SE011.DAT,0x489C4,9,medium,0,original,,,,,,す<CTRL:00>”<CTRL:00>う<CTRL:00> <CTRL:00>ま
E1/SE011.DAT,0x48AF2,9,medium,0,original,,,,,,す<CTRL:00>”<CTRL:00>う<CTRL:00> <CTRL:00>ま
E1/SE011.DAT,0x48D06,9,medium,0,original,,,,,,す<CTRL:00>”<CTRL:00>う<CTRL:00> <CTRL:00>ま
E1/SE011.DAT,0x48DA6,9,medium,0,original,,,,,,す<CTRL:00>”<CTRL:00>う<CTRL:00> <CTRL:00>ま
E1/SE011.DAT,0x48E1C,9,medium,0,original,,,,,,す<CTRL:00>”<CTRL:00>う<CTRL:00> <CTRL:00>ま
E1/SE011.DAT,0x48F18,9,medium,0,original,,,,,,す<CTRL:00>”<CTRL:00>う<CTRL:00> <CTRL:00>ま
E1/SE011.DAT,0x49244,9,medium,0,original,,,,,,す<CTRL:00>”<CTRL:00>う<CTRL:00> <CTRL:00>ま
E1/SE012.DAT,0x479F8,49,medium,0,original,,,,,,<CTRL:00><N:ъ:14:1A><CTRL:00>し<CTRL:00>す<CTRL:00><N:．:2:0F><CTRL:00>う<CTRL:00> <CTRL:00>ん<CTRL:00><N:ｃ:12:16><CTRL:00>は<CTRL:00>3 に<CTRL:00>す<CTRL:00><N:ﾉ:6:10><CTRL:00>う<CTRL:00> <CTRL:00>ん<CTRL:00><N:ｃ:9:17><CTRL:00>は<CTRL:00>3 に<CTRL:00> <CTRL:00>ー か<CTRL:00>
E1/SE012.DAT,0x47A1C,13,medium,0,original,,,,,,は<CTRL:00>3 に<CTRL:00> <CTRL:00>ー か<CTRL:00>
E1/SE012.DAT,0x47BF4,49,medium,0,original,,,,,,<CTRL:00><N:ъ:14:1A><CTRL:00>し<CTRL:00>す<CTRL:00><N:．:2:0F><CTRL:00>う<CTRL:00> <CTRL:00>ん<CTRL:00><N:ｃ:12:16><CTRL:00>は<CTRL:00>1！に<CTRL:00>す<CTRL:00><N:ﾉ:6:10><CTRL:00>う<CTRL:00> <CTRL:00>ん<CTRL:00><N:ｃ:9:17><CTRL:00>は<CTRL:00>1！に<CTRL:00> <CTRL:00>を！か<CTRL:00>
E1/SE012.DAT,0x47C18,13,medium,0,original,,,,,,は<CTRL:00>1！に<CTRL:00> <CTRL:00>を！か<CTRL:00>
E1/SE012.DAT,0x47E18,21,medium,0,original,,,,,,<CTRL:00><N:ъ:14:1A><CTRL:00>し<CTRL:00>す<CTRL:00><N:*:7:0B><CTRL:00><N:ｃ:9:17><CTRL:00>す<CTRL:00>”<CTRL:00>う<CTRL:00> <CTRL:00>ま
E1/SE012.DAT,0x47E24,9,medium,0,original,,,,,,す<CTRL:00>”<CTRL:00>う<CTRL:00> <CTRL:00>ま
E1/SE012.DAT,0x48090,21,medium,0,original,,,,,,<CTRL:00><N:ъ:14:1A><CTRL:00>し<CTRL:00>す<CTRL:00><N:*:7:0B><CTRL:00><N:ｃ:9:17><CTRL:00>す<CTRL:00>”<CTRL:00>う<CTRL:00> <CTRL:00>ま
E1/SE012.DAT,0x4809C,9,medium,0,original,,,,,,す<CTRL:00>”<CTRL:00>う<CTRL:00> <CTRL:00>ま
E1/SE012.DAT,0x482A8,21,medium,0,original,,,,,,<CTRL:00><N:ъ:14:1A><CTRL:00>し<CTRL:00>す<CTRL:00><N:*:7:0B><CTRL:00><N:ｃ:9:17><CTRL:00>す<CTRL:00>”<CTRL:00>う<CTRL:00> <CTRL:00>ま
E1/SE012.DAT,0x482B4,9,medium,0,original,,,,,,す<CTRL:00>”<CTRL:00>う<CTRL:00> <CTRL:00>ま
E1/SE012.DAT,0x48498,21,medium,0,original,,,,,,<CTRL:00><N:ъ:14:1A><CTRL:00>し<CTRL:00>す<CTRL:00><N:*:7:0B><CTRL:00><N:ｃ:9:17><CTRL:00>す<CTRL:00>”<CTRL:00>う<CTRL:00> <CTRL:00>ま
E1/SE012.DAT,0x484A4,9,medium,0,original,,,,,,す<CTRL:00>”<CTRL:00>う<CTRL:00> <CTRL:00>ま
E1/SE012.DAT,0x48598,7,medium,0,original,,,,,,<CTRL:00><N:ъ:14:1A><CTRL:00>し<CTRL:00>
E1/SE012.DAT,0x488F6,9,medium,0,original,,,,,,す<CTRL:00>”<CTRL:00>う<CTRL:00> <CTRL:00>ま
E1/SE012.DAT,0x489AA,9,medium,0,original,,,,,,す<CTRL:00>”<CTRL:00>う<CTRL:00> <CTRL:00>ま
E1/SE012.DAT,0x48AD8,9,medium,0,original,,,,,,す<CTRL:00>”<CTRL:00>う<CTRL:00> <CTRL:00>ま
E1/SE012.DAT,0x48CEC,9,medium,0,original,,,,,,す<CTRL:00>”<CTRL:00>う<CTRL:00> <CTRL:00>ま
E1/SE012.DAT,0x48D8C,9,medium,0,original,,,,,,す<CTRL:00>”<CTRL:00>う<CTRL:00> <CTRL:00>ま
E1/SE012.DAT,0x48E02,9,medium,0,original,,,,,,す<CTRL:00>”<CTRL:00>う<CTRL:00> <CTRL:00>ま
E1/SE012.DAT,0x48EFE,9,medium,0,original,,,,,,す<CTRL:00>”<CTRL:00>う<CTRL:00> <CTRL:00>ま
E1/SE012.DAT,0x4922A,9,medium,0,original,,,,,,す<CTRL:00>”<CTRL:00>う<CTRL:00> <CTRL:00>ま
E1/SE013.DAT,0x479F8,49,medium,0,original,,,,,,<CTRL:00><N:ъ:14:1A><CTRL:00>し<CTRL:00>す<CTRL:00><N:．:2:0F><CTRL:00>う<CTRL:00> <CTRL:00>ん<CTRL:00><N:ｃ:12:16><CTRL:00>は<CTRL:00>3 に<CTRL:00>す<CTRL:00><N:ﾉ:6:10><CTRL:00>う<CTRL:00> <CTRL:00>ん<CTRL:00><N:ｃ:9:17><CTRL:00>は<CTRL:00>3 に<CTRL:00> <CTRL:00>ー か<CTRL:00>
E1/SE013.DAT,0x47A1C,13,medium,0,original,,,,,,は<CTRL:00>3 に<CTRL:00> <CTRL:00>ー か<CTRL:00>
E1/SE013.DAT,0x47BF4,49,medium,0,original,,,,,,<CTRL:00><N:ъ:14:1A><CTRL:00>し<CTRL:00>す<CTRL:00><N:．:2:0F><CTRL:00>う<CTRL:00> <CTRL:00>ん<CTRL:00><N:ｃ:12:16><CTRL:00>は<CTRL:00>1！に<CTRL:00>す<CTRL:00><N:ﾉ:6:10><CTRL:00>う<CTRL:00> <CTRL:00>ん<CTRL:00><N:ｃ:9:17><CTRL:00>は<CTRL:00>1！に<CTRL:00> <CTRL:00>を！か<CTRL:00>
E1/SE013.DAT,0x47C18,13,medium,0,original,,,,,,は<CTRL:00>1！に<CTRL:00> <CTRL:00>を！か<CTRL:00>
E1/SE013.DAT,0x47E18,21,medium,0,original,,,,,,<CTRL:00><N:ъ:14:1A><CTRL:00>し<CTRL:00>す<CTRL:00><N:*:7:0B><CTRL:00><N:ｃ:9:17><CTRL:00>す<CTRL:00>”<CTRL:00>う<CTRL:00> <CTRL:00>ま
E1/SE013.DAT,0x47E24,9,medium,0,original,,,,,,す<CTRL:00>”<CTRL:00>う<CTRL:00> <CTRL:00>ま
E1/SE013.DAT,0x48090,21,medium,0,original,,,,,,<CTRL:00><N:ъ:14:1A><CTRL:00>し<CTRL:00>す<CTRL:00><N:*:7:0B><CTRL:00><N:ｃ:9:17><CTRL:00>す<CTRL:00>”<CTRL:00>う<CTRL:00> <CTRL:00>ま
E1/SE013.DAT,0x4809C,9,medium,0,original,,,,,,す<CTRL:00>”<CTRL:00>う<CTRL:00> <CTRL:00>ま
E1/SE013.DAT,0x482A8,21,medium,0,original,,,,,,<CTRL:00><N:ъ:14:1A><CTRL:00>し<CTRL:00>す<CTRL:00><N:*:7:0B><CTRL:00><N:ｃ:9:17><CTRL:00>す<CTRL:00>”<CTRL:00>う<CTRL:00> <CTRL:00>ま
E1/SE013.DAT,0x482B4,9,medium,0,original,,,,,,す<CTRL:00>”<CTRL:00>う<CTRL:00> <CTRL:00>ま
E1/SE013.DAT,0x48498,21,medium,0,original,,,,,,<CTRL:00><N:ъ:14:1A><CTRL:00>し<CTRL:00>す<CTRL:00><N:*:7:0B><CTRL:00><N:ｃ:9:17><CTRL:00>す<CTRL:00>”<CTRL:00>う<CTRL:00> <CTRL:00>ま
E1/SE013.DAT,0x484A4,9,medium,0,original,,,,,,す<CTRL:00>”<CTRL:00>う<CTRL:00> <CTRL:00>ま
E1/SE013.DAT,0x48598,7,medium,0,original,,,,,,<CTRL:00><N:ъ:14:1A><CTRL:00>し<CTRL:00>
E1/SE013.DAT,0x488F6,9,medium,0,original,,,,,,す<CTRL:00>”<CTRL:00>う<CTRL:00> <CTRL:00>ま
E1/SE013.DAT,0x489AA,9,medium,0,original,,,,,,す<CTRL:00>”<CTRL:00>う<CTRL:00> <CTRL:00>ま
E1/SE013.DAT,0x48AD8,9,medium,0,original,,,,,,す<CTRL:00>”<CTRL:00>う<CTRL:00> <CTRL:00>ま
E1/SE013.DAT,0x48CEC,9,medium,0,original,,,,,,す<CTRL:00>”<CTRL:00>う<CTRL:00> <CTRL:00>ま
E1/SE013.DAT,0x48D8C,9,medium,0,original,,,,,,す<CTRL:00>”<CTRL:00>う<CTRL:00> <CTRL:00>ま
E1/SE013.DAT,0x48E02,9,medium,0,original,,,,,,す<CTRL:00>”<CTRL:00>う<CTRL:00> <CTRL:00>ま
E1/SE013.DAT,0x48EFE,9,medium,0,original,,,,,,す<CTRL:00>”<CTRL:00>う<CTRL:00> <CTRL:00>ま
E1/SE013.DAT,0x4922A,9,medium,0,original,,,,,,す<CTRL:00>”<CTRL:00>う<CTRL:00> <CTRL:00>ま
E1/SE014.DAT,0x479F8,49,medium,0,original,,,,,,<CTRL:00><N:ъ:14:1A><CTRL:00>し<CTRL:00>す<CTRL:00><N:．:2:0F><CTRL:00>う<CTRL:00> <CTRL:00>ん<CTRL:00><N:ｃ:12:16><CTRL:00>は<CTRL:00>3 に<CTRL:00>す<CTRL:00><N:ﾉ:6:10><CTRL:00>う<CTRL:00> <CTRL:00>ん<CTRL:00><N:ｃ:9:17><CTRL:00>は<CTRL:00>3 に<CTRL:00> <CTRL:00>ー か<CTRL:00>
E1/SE014.DAT,0x47A1C,13,medium,0,original,,,,,,は<CTRL:00>3 に<CTRL:00> <CTRL:00>ー か<CTRL:00>
E1/SE014.DAT,0x47BF4,49,medium,0,original,,,,,,<CTRL:00><N:ъ:14:1A><CTRL:00>し<CTRL:00>す<CTRL:00><N:．:2:0F><CTRL:00>う<CTRL:00> <CTRL:00>ん<CTRL:00><N:ｃ:12:16><CTRL:00>は<CTRL:00>1！に<CTRL:00>す<CTRL:00><N:ﾉ:6:10><CTRL:00>う<CTRL:00> <CTRL:00>ん<CTRL:00><N:ｃ:9:17><CTRL:00>は<CTRL:00>1！に<CTRL:00> <CTRL:00>を！か<CTRL:00>
E1/SE014.DAT,0x47C18,13,medium,0,original,,,,,,は<CTRL:00>1！に<CTRL:00> <CTRL:00>を！か<CTRL:00>
E1/SE014.DAT,0x47E18,21,medium,0,original,,,,,,<CTRL:00><N:ъ:14:1A><CTRL:00>し<CTRL:00>す<CTRL:00><N:*:7:0B><CTRL:00><N:ｃ:9:17><CTRL:00>す<CTRL:00>”<CTRL:00>う<CTRL:00> <CTRL:00>ま
E1/SE014.DAT,0x47E24,9,medium,0,original,,,,,,す<CTRL:00>”<CTRL:00>う<CTRL:00> <CTRL:00>ま
E1/SE014.DAT,0x48090,21,medium,0,original,,,,,,<CTRL:00><N:ъ:14:1A><CTRL:00>し<CTRL:00>す<CTRL:00><N:*:7:0B><CTRL:00><N:ｃ:9:17><CTRL:00>す<CTRL:00>”<CTRL:00>う<CTRL:00> <CTRL:00>ま
E1/SE014.DAT,0x4809C,9,medium,0,original,,,,,,す<CTRL:00>”<CTRL:00>う<CTRL:00> <CTRL:00>ま
E1/SE014.DAT,0x482A8,21,medium,0,original,,,,,,<CTRL:00><N:ъ:14:1A><CTRL:00>し<CTRL:00>す<CTRL:00><N:*:7:0B><CTRL:00><N:ｃ:9:17><CTRL:00>す<CTRL:00>”<CTRL:00>う<CTRL:00> <CTRL:00>ま
E1/SE014.DAT,0x482B4,9,medium,0,original,,,,,,す<CTRL:00>”<CTRL:00>う<CTRL:00> <CTRL:00>ま
E1/SE014.DAT,0x48498,21,medium,0,original,,,,,,<CTRL:00><N:ъ:14:1A><CTRL:00>し<CTRL:00>す<CTRL:00><N:*:7:0B><CTRL:00><N:ｃ:9:17><CTRL:00>す<CTRL:00>”<CTRL:00>う<CTRL:00> <CTRL:00>ま
E1/SE014.DAT,0x484A4,9,medium,0,original,,,,,,す<CTRL:00>”<CTRL:00>う<CTRL:00> <CTRL:00>ま
E1/SE014.DAT,0x48598,7,medium,0,original,,,,,,<CTRL:00><N:ъ:14:1A><CTRL:00>し<CTRL:00>
E1/SE014.DAT,0x488F6,9,medium,0,original,,,,,,す<CTRL:00>”<CTRL:00>う<CTRL:00> <CTRL:00>ま
E1/SE014.DAT,0x489AA,9,medium,0,original,,,,,,す<CTRL:00>”<CTRL:00>う<CTRL:00> <CTRL:00>ま
E1/SE014.DAT,0x48AD8,9,medium,0,original,,,,,,す<CTRL:00>”<CTRL:00>う<CTRL:00> <CTRL:00>ま
E1/SE014.DAT,0x48CEC,9,medium,0,original,,,,,,す<CTRL:00>”<CTRL:00>う<CTRL:00> <CTRL:00>ま
E1/SE014.DAT,0x48D8C,9,medium,0,original,,,,,,す<CTRL:00>”<CTRL:00>う<CTRL:00> <CTRL:00>ま
E1/SE014.DAT,0x48E02,9,medium,0,original,,,,,,す<CTRL:00>”<CTRL:00>う<CTRL:00> <CTRL:00>ま
E1/SE014.DAT,0x48EFE,9,medium,0,original,,,,,,す<CTRL:00>”<CTRL:00>う<CTRL:00> <CTRL:00>ま
E1/SE014.DAT,0x4922A,9,medium,0,original,,,,,,す<CTRL:00>”<CTRL:00>う<CTRL:00> <CTRL:00>ま
E1/SE015.DAT,0x479F8,49,medium,0,original,,,,,,<CTRL:00><N:ъ:14:1A><CTRL:00>し<CTRL:00>す<CTRL:00><N:．:2:0F><CTRL:00>う<CTRL:00> <CTRL:00>ん<CTRL:00><N:ｃ:12:16><CTRL:00>は<CTRL:00>3 に<CTRL:00>す<CTRL:00><N:ﾉ:6:10><CTRL:00>う<CTRL:00> <CTRL:00>ん<CTRL:00><N:ｃ:9:17><CTRL:00>は<CTRL:00>3 に<CTRL:00> <CTRL:00>ー か<CTRL:00>
E1/SE015.DAT,0x47A1C,13,medium,0,original,,,,,,は<CTRL:00>3 に<CTRL:00> <CTRL:00>ー か<CTRL:00>
E1/SE015.DAT,0x47BF4,49,medium,0,original,,,,,,<CTRL:00><N:ъ:14:1A><CTRL:00>し<CTRL:00>す<CTRL:00><N:．:2:0F><CTRL:00>う<CTRL:00> <CTRL:00>ん<CTRL:00><N:ｃ:12:16><CTRL:00>は<CTRL:00>1！に<CTRL:00>す<CTRL:00><N:ﾉ:6:10><CTRL:00>う<CTRL:00> <CTRL:00>ん<CTRL:00><N:ｃ:9:17><CTRL:00>は<CTRL:00>1！に<CTRL:00> <CTRL:00>を！か<CTRL:00>
E1/SE015.DAT,0x47C18,13,medium,0,original,,,,,,は<CTRL:00>1！に<CTRL:00> <CTRL:00>を！か<CTRL:00>
E1/SE015.DAT,0x47E18,21,medium,0,original,,,,,,<CTRL:00><N:ъ:14:1A><CTRL:00>し<CTRL:00>す<CTRL:00><N:*:7:0B><CTRL:00><N:ｃ:9:17><CTRL:00>す<CTRL:00>”<CTRL:00>う<CTRL:00> <CTRL:00>ま
E1/SE015.DAT,0x47E24,9,medium,0,original,,,,,,す<CTRL:00>”<CTRL:00>う<CTRL:00> <CTRL:00>ま
E1/SE015.DAT,0x48090,21,medium,0,original,,,,,,<CTRL:00><N:ъ:14:1A><CTRL:00>し<CTRL:00>す<CTRL:00><N:*:7:0B><CTRL:00><N:ｃ:9:17><CTRL:00>す<CTRL:00>”<CTRL:00>う<CTRL:00> <CTRL:00>ま
E1/SE015.DAT,0x4809C,9,medium,0,original,,,,,,す<CTRL:00>”<CTRL:00>う<CTRL:00> <CTRL:00>ま
E1/SE015.DAT,0x482A8,21,medium,0,original,,,,,,<CTRL:00><N:ъ:14:1A><CTRL:00>し<CTRL:00>す<CTRL:00><N:*:7:0B><CTRL:00><N:ｃ:9:17><CTRL:00>す<CTRL:00>”<CTRL:00>う<CTRL:00> <CTRL:00>ま
E1/SE015.DAT,0x482B4,9,medium,0,original,,,,,,す<CTRL:00>”<CTRL:00>う<CTRL:00> <CTRL:00>ま
E1/SE015.DAT,0x48498,21,medium,0,original,,,,,,<CTRL:00><N:ъ:14:1A><CTRL:00>し<CTRL:00>す<CTRL:00><N:*:7:0B><CTRL:00><N:ｃ:9:17><CTRL:00>す<CTRL:00>”<CTRL:00>う<CTRL:00> <CTRL:00>ま
E1/SE015.DAT,0x484A4,9,medium,0,original,,,,,,す<CTRL:00>”<CTRL:00>う<CTRL:00> <CTRL:00>ま
E1/SE015.DAT,0x48598,7,medium,0,original,,,,,,<CTRL:00><N:ъ:14:1A><CTRL:00>し<CTRL:00>
E1/SE015.DAT,0x488F6,9,medium,0,original,,,,,,す<CTRL:00>”<CTRL:00>う<CTRL:00> <CTRL:00>ま
E1/SE015.DAT,0x489AA,9,medium,0,original,,,,,,す<CTRL:00>”<CTRL:00>う<CTRL:00> <CTRL:00>ま
E1/SE015.DAT,0x48AD8,9,medium,0,original,,,,,,す<CTRL:00>”<CTRL:00>う<CTRL:00> <CTRL:00>ま
E1/SE015.DAT,0x48CEC,9,medium,0,original,,,,,,す<CTRL:00>”<CTRL:00>う<CTRL:00> <CTRL:00>ま
E1/SE015.DAT,0x48D8C,9,medium,0,original,,,,,,す<CTRL:00>”<CTRL:00>う<CTRL:00> <CTRL:00>ま
E1/SE015.DAT,0x48E02,9,medium,0,original,,,,,,す<CTRL:00>”<CTRL:00>う<CTRL:00> <CTRL:00>ま
E1/SE015.DAT,0x48EFE,9,medium,0,original,,,,,,す<CTRL:00>”<CTRL:00>う<CTRL:00> <CTRL:00>ま
E1/SE015.DAT,0x4922A,9,medium,0,original,,,,,,す<CTRL:00>”<CTRL:00>う<CTRL:00> <CTRL:00>ま
E1/SE016.DAT,0x479F8,49,medium,0,original,,,,,,<CTRL:00><N:ъ:14:1A><CTRL:00>し<CTRL:00>す<CTRL:00><N:．:2:0F><CTRL:00>う<CTRL:00> <CTRL:00>ん<CTRL:00><N:ｃ:12:16><CTRL:00>は<CTRL:00>3 に<CTRL:00>す<CTRL:00><N:ﾉ:6:10><CTRL:00>う<CTRL:00> <CTRL:00>ん<CTRL:00><N:ｃ:9:17><CTRL:00>は<CTRL:00>3 に<CTRL:00> <CTRL:00>ー か<CTRL:00>
E1/SE016.DAT,0x47A1C,13,medium,0,original,,,,,,は<CTRL:00>3 に<CTRL:00> <CTRL:00>ー か<CTRL:00>
E1/SE016.DAT,0x47BF4,49,medium,0,original,,,,,,<CTRL:00><N:ъ:14:1A><CTRL:00>し<CTRL:00>す<CTRL:00><N:．:2:0F><CTRL:00>う<CTRL:00> <CTRL:00>ん<CTRL:00><N:ｃ:12:16><CTRL:00>は<CTRL:00>1！に<CTRL:00>す<CTRL:00><N:ﾉ:6:10><CTRL:00>う<CTRL:00> <CTRL:00>ん<CTRL:00><N:ｃ:9:17><CTRL:00>は<CTRL:00>1！に<CTRL:00> <CTRL:00>を！か<CTRL:00>
E1/SE016.DAT,0x47C18,13,medium,0,original,,,,,,は<CTRL:00>1！に<CTRL:00> <CTRL:00>を！か<CTRL:00>
E1/SE016.DAT,0x47E18,21,medium,0,original,,,,,,<CTRL:00><N:ъ:14:1A><CTRL:00>し<CTRL:00>す<CTRL:00><N:*:7:0B><CTRL:00><N:ｃ:9:17><CTRL:00>す<CTRL:00>”<CTRL:00>う<CTRL:00> <CTRL:00>ま
E1/SE016.DAT,0x47E24,9,medium,0,original,,,,,,す<CTRL:00>”<CTRL:00>う<CTRL:00> <CTRL:00>ま
E1/SE016.DAT,0x48090,21,medium,0,original,,,,,,<CTRL:00><N:ъ:14:1A><CTRL:00>し<CTRL:00>す<CTRL:00><N:*:7:0B><CTRL:00><N:ｃ:9:17><CTRL:00>す<CTRL:00>”<CTRL:00>う<CTRL:00> <CTRL:00>ま
E1/SE016.DAT,0x4809C,9,medium,0,original,,,,,,す<CTRL:00>”<CTRL:00>う<CTRL:00> <CTRL:00>ま
E1/SE016.DAT,0x482A8,21,medium,0,original,,,,,,<CTRL:00><N:ъ:14:1A><CTRL:00>し<CTRL:00>す<CTRL:00><N:*:7:0B><CTRL:00><N:ｃ:9:17><CTRL:00>す<CTRL:00>”<CTRL:00>う<CTRL:00> <CTRL:00>ま
E1/SE016.DAT,0x482B4,9,medium,0,original,,,,,,す<CTRL:00>”<CTRL:00>う<CTRL:00> <CTRL:00>ま
E1/SE016.DAT,0x48498,21,medium,0,original,,,,,,<CTRL:00><N:ъ:14:1A><CTRL:00>し<CTRL:00>す<CTRL:00><N:*:7:0B><CTRL:00><N:ｃ:9:17><CTRL:00>す<CTRL:00>”<CTRL:00>う<CTRL:00> <CTRL:00>ま
E1/SE016.DAT,0x484A4,9,medium,0,original,,,,,,す<CTRL:00>”<CTRL:00>う<CTRL:00> <CTRL:00>ま
E1/SE016.DAT,0x48598,7,medium,0,original,,,,,,<CTRL:00><N:ъ:14:1A><CTRL:00>し<CTRL:00>
E1/SE016.DAT,0x488F6,9,medium,0,original,,,,,,す<CTRL:00>”<CTRL:00>う<CTRL:00> <CTRL:00>ま
E1/SE016.DAT,0x489AA,9,medium,0,original,,,,,,す<CTRL:00>”<CTRL:00>う<CTRL:00> <CTRL:00>ま
E1/SE016.DAT,0x48AD8,9,medium,0,original,,,,,,す<CTRL:00>”<CTRL:00>う<CTRL:00> <CTRL:00>ま
E1/SE016.DAT,0x48CEC,9,medium,0,original,,,,,,す<CTRL:00>”<CTRL:00>う<CTRL:00> <CTRL:00>ま
E1/SE016.DAT,0x48D8C,9,medium,0,original,,,,,,す<CTRL:00>”<CTRL:00>う<CTRL:00> <CTRL:00>ま
E1/SE016.DAT,0x48E02,9,medium,0,original,,,,,,す<CTRL:00>”<CTRL:00>う<CTRL:00> <CTRL:00>ま
E1/SE016.DAT,0x48EFE,9,medium,0,original,,,,,,す<CTRL:00>”<CTRL:00>う<CTRL:00> <CTRL:00>ま
E1/SE016.DAT,0x4922A,9,medium,0,original,,,,,,す<CTRL:00>”<CTRL:00>う<CTRL:00> <CTRL:00>ま
E1/SE017.DAT,0x479F8,49,medium,0,original,,,,,,<CTRL:00><N:ъ:14:1A><CTRL:00>し<CTRL:00>す<CTRL:00><N:．:2:0F><CTRL:00>う<CTRL:00> <CTRL:00>ん<CTRL:00><N:ｃ:12:16><CTRL:00>は<CTRL:00>3 に<CTRL:00>す<CTRL:00><N:ﾉ:6:10><CTRL:00>う<CTRL:00> <CTRL:00>ん<CTRL:00><N:ｃ:9:17><CTRL:00>は<CTRL:00>3 に<CTRL:00> <CTRL:00>ー か<CTRL:00>
E1/SE017.DAT,0x47A1C,13,medium,0,original,,,,,,は<CTRL:00>3 に<CTRL:00> <CTRL:00>ー か<CTRL:00>
E1/SE017.DAT,0x47BF4,49,medium,0,original,,,,,,<CTRL:00><N:ъ:14:1A><CTRL:00>し<CTRL:00>す<CTRL:00><N:．:2:0F><CTRL:00>う<CTRL:00> <CTRL:00>ん<CTRL:00><N:ｃ:12:16><CTRL:00>は<CTRL:00>1！に<CTRL:00>す<CTRL:00><N:ﾉ:6:10><CTRL:00>う<CTRL:00> <CTRL:00>ん<CTRL:00><N:ｃ:9:17><CTRL:00>は<CTRL:00>1！に<CTRL:00> <CTRL:00>を！か<CTRL:00>
E1/SE017.DAT,0x47C18,13,medium,0,original,,,,,,は<CTRL:00>1！に<CTRL:00> <CTRL:00>を！か<CTRL:00>
E1/SE017.DAT,0x47E18,21,medium,0,original,,,,,,<CTRL:00><N:ъ:14:1A><CTRL:00>し<CTRL:00>す<CTRL:00><N:*:7:0B><CTRL:00><N:ｃ:9:17><CTRL:00>す<CTRL:00>”<CTRL:00>う<CTRL:00> <CTRL:00>ま
E1/SE017.DAT,0x47E24,9,medium,0,original,,,,,,す<CTRL:00>”<CTRL:00>う<CTRL:00> <CTRL:00>ま
E1/SE017.DAT,0x48090,21,medium,0,original,,,,,,<CTRL:00><N:ъ:14:1A><CTRL:00>し<CTRL:00>す<CTRL:00><N:*:7:0B><CTRL:00><N:ｃ:9:17><CTRL:00>す<CTRL:00>”<CTRL:00>う<CTRL:00> <CTRL:00>ま
E1/SE017.DAT,0x4809C,9,medium,0,original,,,,,,す<CTRL:00>”<CTRL:00>う<CTRL:00> <CTRL:00>ま
E1/SE017.DAT,0x482A8,21,medium,0,original,,,,,,<CTRL:00><N:ъ:14:1A><CTRL:00>し<CTRL:00>す<CTRL:00><N:*:7:0B><CTRL:00><N:ｃ:9:17><CTRL:00>す<CTRL:00>”<CTRL:00>う<CTRL:00> <CTRL:00>ま
E1/SE017.DAT,0x482B4,9,medium,0,original,,,,,,す<CTRL:00>”<CTRL:00>う<CTRL:00> <CTRL:00>ま
E1/SE017.DAT,0x48498,21,medium,0,original,,,,,,<CTRL:00><N:ъ:14:1A><CTRL:00>し<CTRL:00>す<CTRL:00><N:*:7:0B><CTRL:00><N:ｃ:9:17><CTRL:00>す<CTRL:00>”<CTRL:00>う<CTRL:00> <CTRL:00>ま
E1/SE017.DAT,0x484A4,9,medium,0,original,,,,,,す<CTRL:00>”<CTRL:00>う<CTRL:00> <CTRL:00>ま
E1/SE017.DAT,0x48598,7,medium,0,original,,,,,,<CTRL:00><N:ъ:14:1A><CTRL:00>し<CTRL:00>
E1/SE017.DAT,0x488F6,9,medium,0,original,,,,,,す<CTRL:00>”<CTRL:00>う<CTRL:00> <CTRL:00>ま
E1/SE017.DAT,0x489AA,9,medium,0,original,,,,,,す<CTRL:00>”<CTRL:00>う<CTRL:00> <CTRL:00>ま
E1/SE017.DAT,0x48AD8,9,medium,0,original,,,,,,す<CTRL:00>”<CTRL:00>う<CTRL:00> <CTRL:00>ま
E1/SE017.DAT,0x48CEC,9,medium,0,original,,,,,,す<CTRL:00>”<CTRL:00>う<CTRL:00> <CTRL:00>ま
E1/SE017.DAT,0x48D8C,9,medium,0,original,,,,,,す<CTRL:00>”<CTRL:00>う<CTRL:00> <CTRL:00>ま
E1/SE017.DAT,0x48E02,9,medium,0,original,,,,,,す<CTRL:00>”<CTRL:00>う<CTRL:00> <CTRL:00>ま
E1/SE017.DAT,0x48EFE,9,medium,0,original,,,,,,す<CTRL:00>”<CTRL:00>う<CTRL:00> <CTRL:00>ま
E1/SE017.DAT,0x4922A,9,medium,0,original,,,,,,す<CTRL:00>”<CTRL:00>う<CTRL:00> <CTRL:00>ま
E1/SE018.DAT,0x479F8,49,medium,0,original,,,,,,<CTRL:00><N:ъ:14:1A><CTRL:00>し<CTRL:00>す<CTRL:00><N:．:2:0F><CTRL:00>う<CTRL:00> <CTRL:00>ん<CTRL:00><N:ｃ:12:16><CTRL:00>は<CTRL:00>3 に<CTRL:00>す<CTRL:00><N:ﾉ:6:10><CTRL:00>う<CTRL:00> <CTRL:00>ん<CTRL:00><N:ｃ:9:17><CTRL:00>は<CTRL:00>3 に<CTRL:00> <CTRL:00>ー か<CTRL:00>
E1/SE018.DAT,0x47A1C,13,medium,0,original,,,,,,は<CTRL:00>3 に<CTRL:00> <CTRL:00>ー か<CTRL:00>
E1/SE018.DAT,0x47BF4,49,medium,0,original,,,,,,<CTRL:00><N:ъ:14:1A><CTRL:00>し<CTRL:00>す<CTRL:00><N:．:2:0F><CTRL:00>う<CTRL:00> <CTRL:00>ん<CTRL:00><N:ｃ:12:16><CTRL:00>は<CTRL:00>1！に<CTRL:00>す<CTRL:00><N:ﾉ:6:10><CTRL:00>う<CTRL:00> <CTRL:00>ん<CTRL:00><N:ｃ:9:17><CTRL:00>は<CTRL:00>1！に<CTRL:00> <CTRL:00>を！か<CTRL:00>
E1/SE018.DAT,0x47C18,13,medium,0,original,,,,,,は<CTRL:00>1！に<CTRL:00> <CTRL:00>を！か<CTRL:00>
E1/SE018.DAT,0x47E18,21,medium,0,original,,,,,,<CTRL:00><N:ъ:14:1A><CTRL:00>し<CTRL:00>す<CTRL:00><N:*:7:0B><CTRL:00><N:ｃ:9:17><CTRL:00>す<CTRL:00>”<CTRL:00>う<CTRL:00> <CTRL:00>ま
E1/SE018.DAT,0x47E24,9,medium,0,original,,,,,,す<CTRL:00>”<CTRL:00>う<CTRL:00> <CTRL:00>ま
E1/SE018.DAT,0x48090,21,medium,0,original,,,,,,<CTRL:00><N:ъ:14:1A><CTRL:00>し<CTRL:00>す<CTRL:00><N:*:7:0B><CTRL:00><N:ｃ:9:17><CTRL:00>す<CTRL:00>”<CTRL:00>う<CTRL:00> <CTRL:00>ま
E1/SE018.DAT,0x4809C,9,medium,0,original,,,,,,す<CTRL:00>”<CTRL:00>う<CTRL:00> <CTRL:00>ま
E1/SE018.DAT,0x482A8,21,medium,0,original,,,,,,<CTRL:00><N:ъ:14:1A><CTRL:00>し<CTRL:00>す<CTRL:00><N:*:7:0B><CTRL:00><N:ｃ:9:17><CTRL:00>す<CTRL:00>”<CTRL:00>う<CTRL:00> <CTRL:00>ま
E1/SE018.DAT,0x482B4,9,medium,0,original,,,,,,す<CTRL:00>”<CTRL:00>う<CTRL:00> <CTRL:00>ま
E1/SE018.DAT,0x48498,21,medium,0,original,,,,,,<CTRL:00><N:ъ:14:1A><CTRL:00>し<CTRL:00>す<CTRL:00><N:*:7:0B><CTRL:00><N:ｃ:9:17><CTRL:00>す<CTRL:00>”<CTRL:00>う<CTRL:00> <CTRL:00>ま
E1/SE018.DAT,0x484A4,9,medium,0,original,,,,,,す<CTRL:00>”<CTRL:00>う<CTRL:00> <CTRL:00>ま
E1/SE018.DAT,0x48598,7,medium,0,original,,,,,,<CTRL:00><N:ъ:14:1A><CTRL:00>し<CTRL:00>
E1/SE018.DAT,0x488F6,9,medium,0,original,,,,,,す<CTRL:00>”<CTRL:00>う<CTRL:00> <CTRL:00>ま
E1/SE018.DAT,0x489AA,9,medium,0,original,,,,,,す<CTRL:00>”<CTRL:00>う<CTRL:00> <CTRL:00>ま
E1/SE018.DAT,0x48AD8,9,medium,0,original,,,,,,す<CTRL:00>”<CTRL:00>う<CTRL:00> <CTRL:00>ま
E1/SE018.DAT,0x48CEC,9,medium,0,original,,,,,,す<CTRL:00>”<CTRL:00>う<CTRL:00> <CTRL:00>ま
E1/SE018.DAT,0x48D8C,9,medium,0,original,,,,,,す<CTRL:00>”<CTRL:00>う<CTRL:00> <CTRL:00>ま
E1/SE018.DAT,0x48E02,9,medium,0,original,,,,,,す<CTRL:00>”<CTRL:00>う<CTRL:00> <CTRL:00>ま
E1/SE018.DAT,0x48EFE,9,medium,0,original,,,,,,す<CTRL:00>”<CTRL:00>う<CTRL:00> <CTRL:00>ま
E1/SE018.DAT,0x4922A,9,medium,0,original,,,,,,す<CTRL:00>”<CTRL:00>う<CTRL:00> <CTRL:00>ま
E1/SE019.DAT,0x479F8,49,medium,0,original,,,,,,<CTRL:00><N:ъ:14:1A><CTRL:00>し<CTRL:00>す<CTRL:00><N:．:2:0F><CTRL:00>う<CTRL:00> <CTRL:00>ん<CTRL:00><N:ｃ:12:16><CTRL:00>は<CTRL:00>3 に<CTRL:00>す<CTRL:00><N:ﾉ:6:10><CTRL:00>う<CTRL:00> <CTRL:00>ん<CTRL:00><N:ｃ:9:17><CTRL:00>は<CTRL:00>3 に<CTRL:00> <CTRL:00>ー か<CTRL:00>
E1/SE019.DAT,0x47A1C,13,medium,0,original,,,,,,は<CTRL:00>3 に<CTRL:00> <CTRL:00>ー か<CTRL:00>
E1/SE019.DAT,0x47BF4,49,medium,0,original,,,,,,<CTRL:00><N:ъ:14:1A><CTRL:00>し<CTRL:00>す<CTRL:00><N:．:2:0F><CTRL:00>う<CTRL:00> <CTRL:00>ん<CTRL:00><N:ｃ:12:16><CTRL:00>は<CTRL:00>1！に<CTRL:00>す<CTRL:00><N:ﾉ:6:10><CTRL:00>う<CTRL:00> <CTRL:00>ん<CTRL:00><N:ｃ:9:17><CTRL:00>は<CTRL:00>1！に<CTRL:00> <CTRL:00>を！か<CTRL:00>
E1/SE019.DAT,0x47C18,13,medium,0,original,,,,,,は<CTRL:00>1！に<CTRL:00> <CTRL:00>を！か<CTRL:00>
E1/SE019.DAT,0x47E18,21,medium,0,original,,,,,,<CTRL:00><N:ъ:14:1A><CTRL:00>し<CTRL:00>す<CTRL:00><N:*:7:0B><CTRL:00><N:ｃ:9:17><CTRL:00>す<CTRL:00>”<CTRL:00>う<CTRL:00> <CTRL:00>ま
E1/SE019.DAT,0x47E24,9,medium,0,original,,,,,,す<CTRL:00>”<CTRL:00>う<CTRL:00> <CTRL:00>ま
E1/SE019.DAT,0x48090,21,medium,0,original,,,,,,<CTRL:00><N:ъ:14:1A><CTRL:00>し<CTRL:00>す<CTRL:00><N:*:7:0B><CTRL:00><N:ｃ:9:17><CTRL:00>す<CTRL:00>”<CTRL:00>う<CTRL:00> <CTRL:00>ま
E1/SE019.DAT,0x4809C,9,medium,0,original,,,,,,す<CTRL:00>”<CTRL:00>う<CTRL:00> <CTRL:00>ま
E1/SE019.DAT,0x482A8,21,medium,0,original,,,,,,<CTRL:00><N:ъ:14:1A><CTRL:00>し<CTRL:00>す<CTRL:00><N:*:7:0B><CTRL:00><N:ｃ:9:17><CTRL:00>す<CTRL:00>”<CTRL:00>う<CTRL:00> <CTRL:00>ま
E1/SE019.DAT,0x482B4,9,medium,0,original,,,,,,す<CTRL:00>”<CTRL:00>う<CTRL:00> <CTRL:00>ま
E1/SE019.DAT,0x48498,21,medium,0,original,,,,,,<CTRL:00><N:ъ:14:1A><CTRL:00>し<CTRL:00>す<CTRL:00><N:*:7:0B><CTRL:00><N:ｃ:9:17><CTRL:00>す<CTRL:00>”<CTRL:00>う<CTRL:00> <CTRL:00>ま
E1/SE019.DAT,0x484A4,9,medium,0,original,,,,,,す<CTRL:00>”<CTRL:00>う<CTRL:00> <CTRL:00>ま
E1/SE019.DAT,0x48598,7,medium,0,original,,,,,,<CTRL:00><N:ъ:14:1A><CTRL:00>し<CTRL:00>
E1/SE019.DAT,0x488F6,9,medium,0,original,,,,,,す<CTRL:00>”<CTRL:00>う<CTRL:00> <CTRL:00>ま
E1/SE019.DAT,0x489AA,9,medium,0,original,,,,,,す<CTRL:00>”<CTRL:00>う<CTRL:00> <CTRL:00>ま
E1/SE019.DAT,0x48AD8,9,medium,0,original,,,,,,す<CTRL:00>”<CTRL:00>う<CTRL:00> <CTRL:00>ま
E1/SE019.DAT,0x48CEC,9,medium,0,original,,,,,,す<CTRL:00>”<CTRL:00>う<CTRL:00> <CTRL:00>ま
E1/SE019.DAT,0x48D8C,9,medium,0,original,,,,,,す<CTRL:00>”<CTRL:00>う<CTRL:00> <CTRL:00>ま
E1/SE019.DAT,0x48E02,9,medium,0,original,,,,,,す<CTRL:00>”<CTRL:00>う<CTRL:00> <CTRL:00>ま
E1/SE019.DAT,0x48EFE,9,medium,0,original,,,,,,す<CTRL:00>”<CTRL:00>う<CTRL:00> <CTRL:00>ま
E1/SE019.DAT,0x4922A,9,medium,0,original,,,,,,す<CTRL:00>”<CTRL:00>う<CTRL:00> <CTRL:00>ま
E1/SE01A.DAT,0x479F8,49,medium,0,original,,,,,,<CTRL:00><N:ъ:14:1A><CTRL:00>し<CTRL:00>す<CTRL:00><N:．:2:0F><CTRL:00>う<CTRL:00> <CTRL:00>ん<CTRL:00><N:ｃ:12:16><CTRL:00>は<CTRL:00>3 に<CTRL:00>す<CTRL:00><N:ﾉ:6:10><CTRL:00>う<CTRL:00> <CTRL:00>ん<CTRL:00><N:ｃ:9:17><CTRL:00>は<CTRL:00>3 に<CTRL:00> <CTRL:00>ー か<CTRL:00>
E1/SE01A.DAT,0x47A1C,13,medium,0,original,,,,,,は<CTRL:00>3 に<CTRL:00> <CTRL:00>ー か<CTRL:00>
E1/SE01A.DAT,0x47BF4,49,medium,0,original,,,,,,<CTRL:00><N:ъ:14:1A><CTRL:00>し<CTRL:00>す<CTRL:00><N:．:2:0F><CTRL:00>う<CTRL:00> <CTRL:00>ん<CTRL:00><N:ｃ:12:16><CTRL:00>は<CTRL:00>1！に<CTRL:00>す<CTRL:00><N:ﾉ:6:10><CTRL:00>う<CTRL:00> <CTRL:00>ん<CTRL:00><N:ｃ:9:17><CTRL:00>は<CTRL:00>1！に<CTRL:00> <CTRL:00>を！か<CTRL:00>
E1/SE01A.DAT,0x47C18,13,medium,0,original,,,,,,は<CTRL:00>1！に<CTRL:00> <CTRL:00>を！か<CTRL:00>
E1/SE01A.DAT,0x47E18,21,medium,0,original,,,,,,<CTRL:00><N:ъ:14:1A><CTRL:00>し<CTRL:00>す<CTRL:00><N:*:7:0B><CTRL:00><N:ｃ:9:17><CTRL:00>す<CTRL:00>”<CTRL:00>う<CTRL:00> <CTRL:00>ま
E1/SE01A.DAT,0x47E24,9,medium,0,original,,,,,,す<CTRL:00>”<CTRL:00>う<CTRL:00> <CTRL:00>ま
E1/SE01A.DAT,0x48090,21,medium,0,original,,,,,,<CTRL:00><N:ъ:14:1A><CTRL:00>し<CTRL:00>す<CTRL:00><N:*:7:0B><CTRL:00><N:ｃ:9:17><CTRL:00>す<CTRL:00>”<CTRL:00>う<CTRL:00> <CTRL:00>ま
E1/SE01A.DAT,0x4809C,9,medium,0,original,,,,,,す<CTRL:00>”<CTRL:00>う<CTRL:00> <CTRL:00>ま
E1/SE01A.DAT,0x482A8,21,medium,0,original,,,,,,<CTRL:00><N:ъ:14:1A><CTRL:00>し<CTRL:00>す<CTRL:00><N:*:7:0B><CTRL:00><N:ｃ:9:17><CTRL:00>す<CTRL:00>”<CTRL:00>う<CTRL:00> <CTRL:00>ま
E1/SE01A.DAT,0x482B4,9,medium,0,original,,,,,,す<CTRL:00>”<CTRL:00>う<CTRL:00> <CTRL:00>ま
E1/SE01A.DAT,0x48498,21,medium,0,original,,,,,,<CTRL:00><N:ъ:14:1A><CTRL:00>し<CTRL:00>す<CTRL:00><N:*:7:0B><CTRL:00><N:ｃ:9:17><CTRL:00>す<CTRL:00>”<CTRL:00>う<CTRL:00> <CTRL:00>ま
E1/SE01A.DAT,0x484A4,9,medium,0,original,,,,,,す<CTRL:00>”<CTRL:00>う<CTRL:00> <CTRL:00>ま
E1/SE01A.DAT,0x48598,7,medium,0,original,,,,,,<CTRL:00><N:ъ:14:1A><CTRL:00>し<CTRL:00>
E1/SE01A.DAT,0x488F6,9,medium,0,original,,,,,,す<CTRL:00>”<CTRL:00>う<CTRL:00> <CTRL:00>ま
E1/SE01A.DAT,0x489AA,9,medium,0,original,,,,,,す<CTRL:00>”<CTRL:00>う<CTRL:00> <CTRL:00>ま
E1/SE01A.DAT,0x48AD8,9,medium,0,original,,,,,,す<CTRL:00>”<CTRL:00>う<CTRL:00> <CTRL:00>ま
E1/SE01A.DAT,0x48CEC,9,medium,0,original,,,,,,す<CTRL:00>”<CTRL:00>う<CTRL:00> <CTRL:00>ま
E1/SE01A.DAT,0x48D8C,9,medium,0,original,,,,,,す<CTRL:00>”<CTRL:00>う<CTRL:00> <CTRL:00>ま
E1/SE01A.DAT,0x48E02,9,medium,0,original,,,,,,す<CTRL:00>”<CTRL:00>う<CTRL:00> <CTRL:00>ま
E1/SE01A.DAT,0x48EFE,9,medium,0,original,,,,,,す<CTRL:00>”<CTRL:00>う<CTRL:00> <CTRL:00>ま
E1/SE01A.DAT,0x4922A,9,medium,0,original,,,,,,す<CTRL:00>”<CTRL:00>う<CTRL:00> <CTRL:00>ま
E2/SE021.DAT,0x479F8,49,medium,0,original,,,,,,<CTRL:00><N:ъ:14:1A><CTRL:00>し<CTRL:00>す<CTRL:00><N:．:2:0F><CTRL:00>う<CTRL:00> <CTRL:00>ん<CTRL:00><N:ｃ:12:16><CTRL:00>は<CTRL:00>3 に<CTRL:00>す<CTRL:00><N:ﾉ:6:10><CTRL:00>う<CTRL:00> <CTRL:00>ん<CTRL:00><N:ｃ:9:17><CTRL:00>は<CTRL:00>3 に<CTRL:00> <CTRL:00>ー か<CTRL:00>
E2/SE021.DAT,0x47A1C,13,medium,0,original,,,,,,は<CTRL:00>3 に<CTRL:00> <CTRL:00>ー か<CTRL:00>
E2/SE021.DAT,0x47BF4,49,medium,0,original,,,,,,<CTRL:00><N:ъ:14:1A><CTRL:00>し<CTRL:00>す<CTRL:00><N:．:2:0F><CTRL:00>う<CTRL:00> <CTRL:00>ん<CTRL:00><N:ｃ:12:16><CTRL:00>は<CTRL:00>1！に<CTRL:00>す<CTRL:00><N:ﾉ:6:10><CTRL:00>う<CTRL:00> <CTRL:00>ん<CTRL:00><N:ｃ:9:17><CTRL:00>は<CTRL:00>1！に<CTRL:00> <CTRL:00>を！か<CTRL:00>
E2/SE021.DAT,0x47C18,13,medium,0,original,,,,,,は<CTRL:00>1！に<CTRL:00> <CTRL:00>を！か<CTRL:00>
E2/SE021.DAT,0x47E18,21,medium,0,original,,,,,,<CTRL:00><N:ъ:14:1A><CTRL:00>し<CTRL:00>す<CTRL:00><N:*:7:0B><CTRL:00><N:ｃ:9:17><CTRL:00>す<CTRL:00>”<CTRL:00>う<CTRL:00> <CTRL:00>ま
E2/SE021.DAT,0x47E24,9,medium,0,original,,,,,,す<CTRL:00>”<CTRL:00>う<CTRL:00> <CTRL:00>ま
E2/SE021.DAT,0x48090,21,medium,0,original,,,,,,<CTRL:00><N:ъ:14:1A><CTRL:00>し<CTRL:00>す<CTRL:00><N:*:7:0B><CTRL:00><N:ｃ:9:17><CTRL:00>す<CTRL:00>”<CTRL:00>う<CTRL:00> <CTRL:00>ま
E2/SE021.DAT,0x4809C,9,medium,0,original,,,,,,す<CTRL:00>”<CTRL:00>う<CTRL:00> <CTRL:00>ま
E2/SE021.DAT,0x482A8,21,medium,0,original,,,,,,<CTRL:00><N:ъ:14:1A><CTRL:00>し<CTRL:00>す<CTRL:00><N:*:7:0B><CTRL:00><N:ｃ:9:17><CTRL:00>す<CTRL:00>”<CTRL:00>う<CTRL:00> <CTRL:00>ま
E2/SE021.DAT,0x482B4,9,medium,0,original,,,,,,す<CTRL:00>”<CTRL:00>う<CTRL:00> <CTRL:00>ま
E2/SE021.DAT,0x48498,21,medium,0,original,,,,,,<CTRL:00><N:ъ:14:1A><CTRL:00>し<CTRL:00>す<CTRL:00><N:*:7:0B><CTRL:00><N:ｃ:9:17><CTRL:00>す<CTRL:00>”<CTRL:00>う<CTRL:00> <CTRL:00>ま
E2/SE021.DAT,0x484A4,9,medium,0,original,,,,,,す<CTRL:00>”<CTRL:00>う<CTRL:00> <CTRL:00>ま
E2/SE021.DAT,0x48598,7,medium,0,original,,,,,,<CTRL:00><N:ъ:14:1A><CTRL:00>し<CTRL:00>
E2/SE021.DAT,0x488F6,9,medium,0,original,,,,,,す<CTRL:00>”<CTRL:00>う<CTRL:00> <CTRL:00>ま
E2/SE021.DAT,0x489AA,9,medium,0,original,,,,,,す<CTRL:00>”<CTRL:00>う<CTRL:00> <CTRL:00>ま
E2/SE021.DAT,0x48AD8,9,medium,0,original,,,,,,す<CTRL:00>”<CTRL:00>う<CTRL:00> <CTRL:00>ま
E2/SE021.DAT,0x48CEC,9,medium,0,original,,,,,,す<CTRL:00>”<CTRL:00>う<CTRL:00> <CTRL:00>ま
E2/SE021.DAT,0x48D8C,9,medium,0,original,,,,,,す<CTRL:00>”<CTRL:00>う<CTRL:00> <CTRL:00>ま
E2/SE021.DAT,0x48E02,9,medium,0,original,,,,,,す<CTRL:00>”<CTRL:00>う<CTRL:00> <CTRL:00>ま
E2/SE021.DAT,0x48EFE,9,medium,0,original,,,,,,す<CTRL:00>”<CTRL:00>う<CTRL:00> <CTRL:00>ま
E2/SE021.DAT,0x4922A,9,medium,0,original,,,,,,す<CTRL:00>”<CTRL:00>う<CTRL:00> <CTRL:00>ま
E2/SE022.DAT,0x479F8,49,medium,0,original,,,,,,<CTRL:00><N:ъ:14:1A><CTRL:00>し<CTRL:00>す<CTRL:00><N:．:2:0F><CTRL:00>う<CTRL:00> <CTRL:00>ん<CTRL:00><N:ｃ:12:16><CTRL:00>は<CTRL:00>3 に<CTRL:00>す<CTRL:00><N:ﾉ:6:10><CTRL:00>う<CTRL:00> <CTRL:00>ん<CTRL:00><N:ｃ:9:17><CTRL:00>は<CTRL:00>3 に<CTRL:00> <CTRL:00>ー か<CTRL:00>
E2/SE022.DAT,0x47A1C,13,medium,0,original,,,,,,は<CTRL:00>3 に<CTRL:00> <CTRL:00>ー か<CTRL:00>
E2/SE022.DAT,0x47BF4,49,medium,0,original,,,,,,<CTRL:00><N:ъ:14:1A><CTRL:00>し<CTRL:00>す<CTRL:00><N:．:2:0F><CTRL:00>う<CTRL:00> <CTRL:00>ん<CTRL:00><N:ｃ:12:16><CTRL:00>は<CTRL:00>1！に<CTRL:00>す<CTRL:00><N:ﾉ:6:10><CTRL:00>う<CTRL:00> <CTRL:00>ん<CTRL:00><N:ｃ:9:17><CTRL:00>は<CTRL:00>1！に<CTRL:00> <CTRL:00>を！か<CTRL:00>
E2/SE022.DAT,0x47C18,13,medium,0,original,,,,,,は<CTRL:00>1！に<CTRL:00> <CTRL:00>を！か<CTRL:00>
E2/SE022.DAT,0x47E18,21,medium,0,original,,,,,,<CTRL:00><N:ъ:14:1A><CTRL:00>し<CTRL:00>す<CTRL:00><N:*:7:0B><CTRL:00><N:ｃ:9:17><CTRL:00>す<CTRL:00>”<CTRL:00>う<CTRL:00> <CTRL:00>ま
E2/SE022.DAT,0x47E24,9,medium,0,original,,,,,,す<CTRL:00>”<CTRL:00>う<CTRL:00> <CTRL:00>ま
E2/SE022.DAT,0x48090,21,medium,0,original,,,,,,<CTRL:00><N:ъ:14:1A><CTRL:00>し<CTRL:00>す<CTRL:00><N:*:7:0B><CTRL:00><N:ｃ:9:17><CTRL:00>す<CTRL:00>”<CTRL:00>う<CTRL:00> <CTRL:00>ま
E2/SE022.DAT,0x4809C,9,medium,0,original,,,,,,す<CTRL:00>”<CTRL:00>う<CTRL:00> <CTRL:00>ま
E2/SE022.DAT,0x482A8,21,medium,0,original,,,,,,<CTRL:00><N:ъ:14:1A><CTRL:00>し<CTRL:00>す<CTRL:00><N:*:7:0B><CTRL:00><N:ｃ:9:17><CTRL:00>す<CTRL:00>”<CTRL:00>う<CTRL:00> <CTRL:00>ま
E2/SE022.DAT,0x482B4,9,medium,0,original,,,,,,す<CTRL:00>”<CTRL:00>う<CTRL:00> <CTRL:00>ま
E2/SE022.DAT,0x48498,21,medium,0,original,,,,,,<CTRL:00><N:ъ:14:1A><CTRL:00>し<CTRL:00>す<CTRL:00><N:*:7:0B><CTRL:00><N:ｃ:9:17><CTRL:00>す<CTRL:00>”<CTRL:00>う<CTRL:00> <CTRL:00>ま
E2/SE022.DAT,0x484A4,9,medium,0,original,,,,,,す<CTRL:00>”<CTRL:00>う<CTRL:00> <CTRL:00>ま
E2/SE022.DAT,0x48598,7,medium,0,original,,,,,,<CTRL:00><N:ъ:14:1A><CTRL:00>し<CTRL:00>
E2/SE022.DAT,0x488F6,9,medium,0,original,,,,,,す<CTRL:00>”<CTRL:00>う<CTRL:00> <CTRL:00>ま
E2/SE022.DAT,0x489AA,9,medium,0,original,,,,,,す<CTRL:00>”<CTRL:00>う<CTRL:00> <CTRL:00>ま
E2/SE022.DAT,0x48AD8,9,medium,0,original,,,,,,す<CTRL:00>”<CTRL:00>う<CTRL:00> <CTRL:00>ま
E2/SE022.DAT,0x48CEC,9,medium,0,original,,,,,,す<CTRL:00>”<CTRL:00>う<CTRL:00> <CTRL:00>ま
E2/SE022.DAT,0x48D8C,9,medium,0,original,,,,,,す<CTRL:00>”<CTRL:00>う<CTRL:00> <CTRL:00>ま
E2/SE022.DAT,0x48E02,9,medium,0,original,,,,,,す<CTRL:00>”<CTRL:00>う<CTRL:00> <CTRL:00>ま
E2/SE022.DAT,0x48EFE,9,medium,0,original,,,,,,す<CTRL:00>”<CTRL:00>う<CTRL:00> <CTRL:00>ま
E2/SE022.DAT,0x4922A,9,medium,0,original,,,,,,す<CTRL:00>”<CTRL:00>う<CTRL:00> <CTRL:00>ま
E2/SE023.DAT,0x479F8,49,medium,0,original,,,,,,<CTRL:00><N:ъ:14:1A><CTRL:00>し<CTRL:00>す<CTRL:00><N:．:2:0F><CTRL:00>う<CTRL:00> <CTRL:00>ん<CTRL:00><N:ｃ:12:16><CTRL:00>は<CTRL:00>3 に<CTRL:00>す<CTRL:00><N:ﾉ:6:10><CTRL:00>う<CTRL:00> <CTRL:00>ん<CTRL:00><N:ｃ:9:17><CTRL:00>は<CTRL:00>3 に<CTRL:00> <CTRL:00>ー か<CTRL:00>
E2/SE023.DAT,0x47A1C,13,medium,0,original,,,,,,は<CTRL:00>3 に<CTRL:00> <CTRL:00>ー か<CTRL:00>
E2/SE023.DAT,0x47BF4,49,medium,0,original,,,,,,<CTRL:00><N:ъ:14:1A><CTRL:00>し<CTRL:00>す<CTRL:00><N:．:2:0F><CTRL:00>う<CTRL:00> <CTRL:00>ん<CTRL:00><N:ｃ:12:16><CTRL:00>は<CTRL:00>1！に<CTRL:00>す<CTRL:00><N:ﾉ:6:10><CTRL:00>う<CTRL:00> <CTRL:00>ん<CTRL:00><N:ｃ:9:17><CTRL:00>は<CTRL:00>1！に<CTRL:00> <CTRL:00>を！か<CTRL:00>
E2/SE023.DAT,0x47C18,13,medium,0,original,,,,,,は<CTRL:00>1！に<CTRL:00> <CTRL:00>を！か<CTRL:00>
E2/SE023.DAT,0x47E18,21,medium,0,original,,,,,,<CTRL:00><N:ъ:14:1A><CTRL:00>し<CTRL:00>す<CTRL:00><N:*:7:0B><CTRL:00><N:ｃ:9:17><CTRL:00>す<CTRL:00>”<CTRL:00>う<CTRL:00> <CTRL:00>ま
E2/SE023.DAT,0x47E24,9,medium,0,original,,,,,,す<CTRL:00>”<CTRL:00>う<CTRL:00> <CTRL:00>ま
E2/SE023.DAT,0x48090,21,medium,0,original,,,,,,<CTRL:00><N:ъ:14:1A><CTRL:00>し<CTRL:00>す<CTRL:00><N:*:7:0B><CTRL:00><N:ｃ:9:17><CTRL:00>す<CTRL:00>”<CTRL:00>う<CTRL:00> <CTRL:00>ま
E2/SE023.DAT,0x4809C,9,medium,0,original,,,,,,す<CTRL:00>”<CTRL:00>う<CTRL:00> <CTRL:00>ま
E2/SE023.DAT,0x482A8,21,medium,0,original,,,,,,<CTRL:00><N:ъ:14:1A><CTRL:00>し<CTRL:00>す<CTRL:00><N:*:7:0B><CTRL:00><N:ｃ:9:17><CTRL:00>す<CTRL:00>”<CTRL:00>う<CTRL:00> <CTRL:00>ま
E2/SE023.DAT,0x482B4,9,medium,0,original,,,,,,す<CTRL:00>”<CTRL:00>う<CTRL:00> <CTRL:00>ま
E2/SE023.DAT,0x48498,21,medium,0,original,,,,,,<CTRL:00><N:ъ:14:1A><CTRL:00>し<CTRL:00>す<CTRL:00><N:*:7:0B><CTRL:00><N:ｃ:9:17><CTRL:00>す<CTRL:00>”<CTRL:00>う<CTRL:00> <CTRL:00>ま
E2/SE023.DAT,0x484A4,9,medium,0,original,,,,,,す<CTRL:00>”<CTRL:00>う<CTRL:00> <CTRL:00>ま
E2/SE023.DAT,0x48598,7,medium,0,original,,,,,,<CTRL:00><N:ъ:14:1A><CTRL:00>し<CTRL:00>
E2/SE023.DAT,0x488F6,9,medium,0,original,,,,,,す<CTRL:00>”<CTRL:00>う<CTRL:00> <CTRL:00>ま
E2/SE023.DAT,0x489AA,9,medium,0,original,,,,,,す<CTRL:00>”<CTRL:00>う<CTRL:00> <CTRL:00>ま
E2/SE023.DAT,0x48AD8,9,medium,0,original,,,,,,す<CTRL:00>”<CTRL:00>う<CTRL:00> <CTRL:00>ま
E2/SE023.DAT,0x48CEC,9,medium,0,original,,,,,,す<CTRL:00>”<CTRL:00>う<CTRL:00> <CTRL:00>ま
E2/SE023.DAT,0x48D8C,9,medium,0,original,,,,,,す<CTRL:00>”<CTRL:00>う<CTRL:00> <CTRL:00>ま
E2/SE023.DAT,0x48E02,9,medium,0,original,,,,,,す<CTRL:00>”<CTRL:00>う<CTRL:00> <CTRL:00>ま
E2/SE023.DAT,0x48EFE,9,medium,0,original,,,,,,す<CTRL:00>”<CTRL:00>う<CTRL:00> <CTRL:00>ま
E2/SE023.DAT,0x4922A,9,medium,0,original,,,,,,す<CTRL:00>”<CTRL:00>う<CTRL:00> <CTRL:00>ま
E2/SE024.DAT,0x479F8,49,medium,0,original,,,,,,<CTRL:00><N:ъ:14:1A><CTRL:00>し<CTRL:00>す<CTRL:00><N:．:2:0F><CTRL:00>う<CTRL:00> <CTRL:00>ん<CTRL:00><N:ｃ:12:16><CTRL:00>は<CTRL:00>3 に<CTRL:00>す<CTRL:00><N:ﾉ:6:10><CTRL:00>う<CTRL:00> <CTRL:00>ん<CTRL:00><N:ｃ:9:17><CTRL:00>は<CTRL:00>3 に<CTRL:00> <CTRL:00>ー か<CTRL:00>
E2/SE024.DAT,0x47A1C,13,medium,0,original,,,,,,は<CTRL:00>3 に<CTRL:00> <CTRL:00>ー か<CTRL:00>
E2/SE024.DAT,0x47BF4,49,medium,0,original,,,,,,<CTRL:00><N:ъ:14:1A><CTRL:00>し<CTRL:00>す<CTRL:00><N:．:2:0F><CTRL:00>う<CTRL:00> <CTRL:00>ん<CTRL:00><N:ｃ:12:16><CTRL:00>は<CTRL:00>1！に<CTRL:00>す<CTRL:00><N:ﾉ:6:10><CTRL:00>う<CTRL:00> <CTRL:00>ん<CTRL:00><N:ｃ:9:17><CTRL:00>は<CTRL:00>1！に<CTRL:00> <CTRL:00>を！か<CTRL:00>
E2/SE024.DAT,0x47C18,13,medium,0,original,,,,,,は<CTRL:00>1！に<CTRL:00> <CTRL:00>を！か<CTRL:00>
E2/SE024.DAT,0x47E18,21,medium,0,original,,,,,,<CTRL:00><N:ъ:14:1A><CTRL:00>し<CTRL:00>す<CTRL:00><N:*:7:0B><CTRL:00><N:ｃ:9:17><CTRL:00>す<CTRL:00>”<CTRL:00>う<CTRL:00> <CTRL:00>ま
E2/SE024.DAT,0x47E24,9,medium,0,original,,,,,,す<CTRL:00>”<CTRL:00>う<CTRL:00> <CTRL:00>ま
E2/SE024.DAT,0x48090,21,medium,0,original,,,,,,<CTRL:00><N:ъ:14:1A><CTRL:00>し<CTRL:00>す<CTRL:00><N:*:7:0B><CTRL:00><N:ｃ:9:17><CTRL:00>す<CTRL:00>”<CTRL:00>う<CTRL:00> <CTRL:00>ま
E2/SE024.DAT,0x4809C,9,medium,0,original,,,,,,す<CTRL:00>”<CTRL:00>う<CTRL:00> <CTRL:00>ま
E2/SE024.DAT,0x482A8,21,medium,0,original,,,,,,<CTRL:00><N:ъ:14:1A><CTRL:00>し<CTRL:00>す<CTRL:00><N:*:7:0B><CTRL:00><N:ｃ:9:17><CTRL:00>す<CTRL:00>”<CTRL:00>う<CTRL:00> <CTRL:00>ま
E2/SE024.DAT,0x482B4,9,medium,0,original,,,,,,す<CTRL:00>”<CTRL:00>う<CTRL:00> <CTRL:00>ま
E2/SE024.DAT,0x48498,21,medium,0,original,,,,,,<CTRL:00><N:ъ:14:1A><CTRL:00>し<CTRL:00>す<CTRL:00><N:*:7:0B><CTRL:00><N:ｃ:9:17><CTRL:00>す<CTRL:00>”<CTRL:00>う<CTRL:00> <CTRL:00>ま
E2/SE024.DAT,0x484A4,9,medium,0,original,,,,,,す<CTRL:00>”<CTRL:00>う<CTRL:00> <CTRL:00>ま
E2/SE024.DAT,0x48598,7,medium,0,original,,,,,,<CTRL:00><N:ъ:14:1A><CTRL:00>し<CTRL:00>
E2/SE024.DAT,0x488F6,9,medium,0,original,,,,,,す<CTRL:00>”<CTRL:00>う<CTRL:00> <CTRL:00>ま
E2/SE024.DAT,0x489AA,9,medium,0,original,,,,,,す<CTRL:00>”<CTRL:00>う<CTRL:00> <CTRL:00>ま
E2/SE024.DAT,0x48AD8,9,medium,0,original,,,,,,す<CTRL:00>”<CTRL:00>う<CTRL:00> <CTRL:00>ま
E2/SE024.DAT,0x48CEC,9,medium,0,original,,,,,,す<CTRL:00>”<CTRL:00>う<CTRL:00> <CTRL:00>ま
E2/SE024.DAT,0x48D8C,9,medium,0,original,,,,,,す<CTRL:00>”<CTRL:00>う<CTRL:00> <CTRL:00>ま
E2/SE024.DAT,0x48E02,9,medium,0,original,,,,,,す<CTRL:00>”<CTRL:00>う<CTRL:00> <CTRL:00>ま
E2/SE024.DAT,0x48EFE,9,medium,0,original,,,,,,す<CTRL:00>”<CTRL:00>う<CTRL:00> <CTRL:00>ま
E2/SE024.DAT,0x4922A,9,medium,0,original,,,,,,す<CTRL:00>”<CTRL:00>う<CTRL:00> <CTRL:00>ま
E2/SE025.DAT,0x479F8,49,medium,0,original,,,,,,<CTRL:00><N:ъ:14:1A><CTRL:00>し<CTRL:00>す<CTRL:00><N:．:2:0F><CTRL:00>う<CTRL:00> <CTRL:00>ん<CTRL:00><N:ｃ:12:16><CTRL:00>は<CTRL:00>3 に<CTRL:00>す<CTRL:00><N:ﾉ:6:10><CTRL:00>う<CTRL:00> <CTRL:00>ん<CTRL:00><N:ｃ:9:17><CTRL:00>は<CTRL:00>3 に<CTRL:00> <CTRL:00>ー か<CTRL:00>
E2/SE025.DAT,0x47A1C,13,medium,0,original,,,,,,は<CTRL:00>3 に<CTRL:00> <CTRL:00>ー か<CTRL:00>
E2/SE025.DAT,0x47BF4,49,medium,0,original,,,,,,<CTRL:00><N:ъ:14:1A><CTRL:00>し<CTRL:00>す<CTRL:00><N:．:2:0F><CTRL:00>う<CTRL:00> <CTRL:00>ん<CTRL:00><N:ｃ:12:16><CTRL:00>は<CTRL:00>1！に<CTRL:00>す<CTRL:00><N:ﾉ:6:10><CTRL:00>う<CTRL:00> <CTRL:00>ん<CTRL:00><N:ｃ:9:17><CTRL:00>は<CTRL:00>1！に<CTRL:00> <CTRL:00>を！か<CTRL:00>
E2/SE025.DAT,0x47C18,13,medium,0,original,,,,,,は<CTRL:00>1！に<CTRL:00> <CTRL:00>を！か<CTRL:00>
E2/SE025.DAT,0x47E18,21,medium,0,original,,,,,,<CTRL:00><N:ъ:14:1A><CTRL:00>し<CTRL:00>す<CTRL:00><N:*:7:0B><CTRL:00><N:ｃ:9:17><CTRL:00>す<CTRL:00>”<CTRL:00>う<CTRL:00> <CTRL:00>ま
E2/SE025.DAT,0x47E24,9,medium,0,original,,,,,,す<CTRL:00>”<CTRL:00>う<CTRL:00> <CTRL:00>ま
E2/SE025.DAT,0x48090,21,medium,0,original,,,,,,<CTRL:00><N:ъ:14:1A><CTRL:00>し<CTRL:00>す<CTRL:00><N:*:7:0B><CTRL:00><N:ｃ:9:17><CTRL:00>す<CTRL:00>”<CTRL:00>う<CTRL:00> <CTRL:00>ま
E2/SE025.DAT,0x4809C,9,medium,0,original,,,,,,す<CTRL:00>”<CTRL:00>う<CTRL:00> <CTRL:00>ま
E2/SE025.DAT,0x482A8,21,medium,0,original,,,,,,<CTRL:00><N:ъ:14:1A><CTRL:00>し<CTRL:00>す<CTRL:00><N:*:7:0B><CTRL:00><N:ｃ:9:17><CTRL:00>す<CTRL:00>”<CTRL:00>う<CTRL:00> <CTRL:00>ま
E2/SE025.DAT,0x482B4,9,medium,0,original,,,,,,す<CTRL:00>”<CTRL:00>う<CTRL:00> <CTRL:00>ま
E2/SE025.DAT,0x48498,21,medium,0,original,,,,,,<CTRL:00><N:ъ:14:1A><CTRL:00>し<CTRL:00>す<CTRL:00><N:*:7:0B><CTRL:00><N:ｃ:9:17><CTRL:00>す<CTRL:00>”<CTRL:00>う<CTRL:00> <CTRL:00>ま
E2/SE025.DAT,0x484A4,9,medium,0,original,,,,,,す<CTRL:00>”<CTRL:00>う<CTRL:00> <CTRL:00>ま
E2/SE025.DAT,0x48598,7,medium,0,original,,,,,,<CTRL:00><N:ъ:14:1A><CTRL:00>し<CTRL:00>
E2/SE025.DAT,0x488F6,9,medium,0,original,,,,,,す<CTRL:00>”<CTRL:00>う<CTRL:00> <CTRL:00>ま
E2/SE025.DAT,0x489AA,9,medium,0,original,,,,,,す<CTRL:00>”<CTRL:00>う<CTRL:00> <CTRL:00>ま
E2/SE025.DAT,0x48AD8,9,medium,0,original,,,,,,す<CTRL:00>”<CTRL:00>う<CTRL:00> <CTRL:00>ま
E2/SE025.DAT,0x48CEC,9,medium,0,original,,,,,,す<CTRL:00>”<CTRL:00>う<CTRL:00> <CTRL:00>ま
E2/SE025.DAT,0x48D8C,9,medium,0,original,,,,,,す<CTRL:00>”<CTRL:00>う<CTRL:00> <CTRL:00>ま
E2/SE025.DAT,0x48E02,9,medium,0,original,,,,,,す<CTRL:00>”<CTRL:00>う<CTRL:00> <CTRL:00>ま
E2/SE025.DAT,0x48EFE,9,medium,0,original,,,,,,す<CTRL:00>”<CTRL:00>う<CTRL:00> <CTRL:00>ま
E2/SE025.DAT,0x4922A,9,medium,0,original,,,,,,す<CTRL:00>”<CTRL:00>う<CTRL:00> <CTRL:00>ま
E2/SE026.DAT,0x479F8,49,medium,0,original,,,,,,<CTRL:00><N:ъ:14:1A><CTRL:00>し<CTRL:00>す<CTRL:00><N:．:2:0F><CTRL:00>う<CTRL:00> <CTRL:00>ん<CTRL:00><N:ｃ:12:16><CTRL:00>は<CTRL:00>3 に<CTRL:00>す<CTRL:00><N:ﾉ:6:10><CTRL:00>う<CTRL:00> <CTRL:00>ん<CTRL:00><N:ｃ:9:17><CTRL:00>は<CTRL:00>3 に<CTRL:00> <CTRL:00>ー か<CTRL:00>
E2/SE026.DAT,0x47A1C,13,medium,0,original,,,,,,は<CTRL:00>3 に<CTRL:00> <CTRL:00>ー か<CTRL:00>
E2/SE026.DAT,0x47BF4,49,medium,0,original,,,,,,<CTRL:00><N:ъ:14:1A><CTRL:00>し<CTRL:00>す<CTRL:00><N:．:2:0F><CTRL:00>う<CTRL:00> <CTRL:00>ん<CTRL:00><N:ｃ:12:16><CTRL:00>は<CTRL:00>1！に<CTRL:00>す<CTRL:00><N:ﾉ:6:10><CTRL:00>う<CTRL:00> <CTRL:00>ん<CTRL:00><N:ｃ:9:17><CTRL:00>は<CTRL:00>1！に<CTRL:00> <CTRL:00>を！か<CTRL:00>
E2/SE026.DAT,0x47C18,13,medium,0,original,,,,,,は<CTRL:00>1！に<CTRL:00> <CTRL:00>を！か<CTRL:00>
E2/SE026.DAT,0x47E18,21,medium,0,original,,,,,,<CTRL:00><N:ъ:14:1A><CTRL:00>し<CTRL:00>す<CTRL:00><N:*:7:0B><CTRL:00><N:ｃ:9:17><CTRL:00>す<CTRL:00>”<CTRL:00>う<CTRL:00> <CTRL:00>ま
E2/SE026.DAT,0x47E24,9,medium,0,original,,,,,,す<CTRL:00>”<CTRL:00>う<CTRL:00> <CTRL:00>ま
E2/SE026.DAT,0x48090,21,medium,0,original,,,,,,<CTRL:00><N:ъ:14:1A><CTRL:00>し<CTRL:00>す<CTRL:00><N:*:7:0B><CTRL:00><N:ｃ:9:17><CTRL:00>す<CTRL:00>”<CTRL:00>う<CTRL:00> <CTRL:00>ま
E2/SE026.DAT,0x4809C,9,medium,0,original,,,,,,す<CTRL:00>”<CTRL:00>う<CTRL:00> <CTRL:00>ま
E2/SE026.DAT,0x482A8,21,medium,0,original,,,,,,<CTRL:00><N:ъ:14:1A><CTRL:00>し<CTRL:00>す<CTRL:00><N:*:7:0B><CTRL:00><N:ｃ:9:17><CTRL:00>す<CTRL:00>”<CTRL:00>う<CTRL:00> <CTRL:00>ま
E2/SE026.DAT,0x482B4,9,medium,0,original,,,,,,す<CTRL:00>”<CTRL:00>う<CTRL:00> <CTRL:00>ま
E2/SE026.DAT,0x48498,21,medium,0,original,,,,,,<CTRL:00><N:ъ:14:1A><CTRL:00>し<CTRL:00>す<CTRL:00><N:*:7:0B><CTRL:00><N:ｃ:9:17><CTRL:00>す<CTRL:00>”<CTRL:00>う<CTRL:00> <CTRL:00>ま
E2/SE026.DAT,0x484A4,9,medium,0,original,,,,,,す<CTRL:00>”<CTRL:00>う<CTRL:00> <CTRL:00>ま
E2/SE026.DAT,0x48598,7,medium,0,original,,,,,,<CTRL:00><N:ъ:14:1A><CTRL:00>し<CTRL:00>
E2/SE026.DAT,0x488F6,9,medium,0,original,,,,,,す<CTRL:00>”<CTRL:00>う<CTRL:00> <CTRL:00>ま
E2/SE026.DAT,0x489AA,9,medium,0,original,,,,,,す<CTRL:00>”<CTRL:00>う<CTRL:00> <CTRL:00>ま
E2/SE026.DAT,0x48AD8,9,medium,0,original,,,,,,す<CTRL:00>”<CTRL:00>う<CTRL:00> <CTRL:00>ま
E2/SE026.DAT,0x48CEC,9,medium,0,original,,,,,,す<CTRL:00>”<CTRL:00>う<CTRL:00> <CTRL:00>ま
E2/SE026.DAT,0x48D8C,9,medium,0,original,,,,,,す<CTRL:00>”<CTRL:00>う<CTRL:00> <CTRL:00>ま
E2/SE026.DAT,0x48E02,9,medium,0,original,,,,,,す<CTRL:00>”<CTRL:00>う<CTRL:00> <CTRL:00>ま
E2/SE026.DAT,0x48EFE,9,medium,0,original,,,,,,す<CTRL:00>”<CTRL:00>う<CTRL:00> <CTRL:00>ま
E2/SE026.DAT,0x4922A,9,medium,0,original,,,,,,す<CTRL:00>”<CTRL:00>う<CTRL:00> <CTRL:00>ま
E2/SE026.DAT,0x499AC,46,medium,0,original,,,,,,<N:‐:2:0E><CTRL:00><CTRL:FF><CTRL:FF><N:ｃ:9:17><CTRL:00>）<CTRL:00><N:‐:2:0E><CTRL:00><CTRL:FF><CTRL:FF><N:ｃ:9:17><CTRL:00>”<CTRL:00>”<CTRL:00><CTRL:FF><CTRL:FF>ク<CTRL:00>”<CTRL:00>，<CTRL:00>る<CTRL:00>霊<CTRL:00>）<CTRL:00>（<CTRL:00> <CTRL:00>霊<CTRL:00><N:‐:2:0E><CTRL:00><N:‐:2:0E><CTRL:00><N:‐:2:0E><CTRL:00><CTRL:FF><CTRL:FF>
E2/SE026.DAT,0x499B2,40,medium,0,original,,,,,,）<CTRL:00><N:‐:2:0E><CTRL:00><CTRL:FF><CTRL:FF><N:ｃ:9:17><CTRL:00>”<CTRL:00>”<CTRL:00><CTRL:FF><CTRL:FF>ク<CTRL:00>”<CTRL:00>，<CTRL:00>る<CTRL:00>霊<CTRL:00>）<CTRL:00>（<CTRL:00> <CTRL:00>霊<CTRL:00><N:‐:2:0E><CTRL:00><N:‐:2:0E><CTRL:00><N:‐:2:0E><CTRL:00><CTRL:FF><CTRL:FF>
E2/SE026.DAT,0x499BC,30,medium,0,original,,,,,,”<CTRL:00><CTRL:FF><CTRL:FF>ク<CTRL:00>”<CTRL:00>，<CTRL:00>る<CTRL:00>霊<CTRL:00>）<CTRL:00>（<CTRL:00> <CTRL:00>霊<CTRL:00><N:‐:2:0E><CTRL:00><N:‐:2:0E><CTRL:00><N:‐:2:0E><CTRL:00><CTRL:FF><CTRL:FF>
E2/SE027.DAT,0x479F8,49,medium,0,original,,,,,,<CTRL:00><N:ъ:14:1A><CTRL:00>し<CTRL:00>す<CTRL:00><N:．:2:0F><CTRL:00>う<CTRL:00> <CTRL:00>ん<CTRL:00><N:ｃ:12:16><CTRL:00>は<CTRL:00>3 に<CTRL:00>す<CTRL:00><N:ﾉ:6:10><CTRL:00>う<CTRL:00> <CTRL:00>ん<CTRL:00><N:ｃ:9:17><CTRL:00>は<CTRL:00>3 に<CTRL:00> <CTRL:00>ー か<CTRL:00>
E2/SE027.DAT,0x47A1C,13,medium,0,original,,,,,,は<CTRL:00>3 に<CTRL:00> <CTRL:00>ー か<CTRL:00>
E2/SE027.DAT,0x47BF4,49,medium,0,original,,,,,,<CTRL:00><N:ъ:14:1A><CTRL:00>し<CTRL:00>す<CTRL:00><N:．:2:0F><CTRL:00>う<CTRL:00> <CTRL:00>ん<CTRL:00><N:ｃ:12:16><CTRL:00>は<CTRL:00>1！に<CTRL:00>す<CTRL:00><N:ﾉ:6:10><CTRL:00>う<CTRL:00> <CTRL:00>ん<CTRL:00><N:ｃ:9:17><CTRL:00>は<CTRL:00>1！に<CTRL:00> <CTRL:00>を！か<CTRL:00>
E2/SE027.DAT,0x47C18,13,medium,0,original,,,,,,は<CTRL:00>1！に<CTRL:00> <CTRL:00>を！か<CTRL:00>
E2/SE027.DAT,0x47E18,21,medium,0,original,,,,,,<CTRL:00><N:ъ:14:1A><CTRL:00>し<CTRL:00>す<CTRL:00><N:*:7:0B><CTRL:00><N:ｃ:9:17><CTRL:00>す<CTRL:00>”<CTRL:00>う<CTRL:00> <CTRL:00>ま
E2/SE027.DAT,0x47E24,9,medium,0,original,,,,,,す<CTRL:00>”<CTRL:00>う<CTRL:00> <CTRL:00>ま
E2/SE027.DAT,0x48090,21,medium,0,original,,,,,,<CTRL:00><N:ъ:14:1A><CTRL:00>し<CTRL:00>す<CTRL:00><N:*:7:0B><CTRL:00><N:ｃ:9:17><CTRL:00>す<CTRL:00>”<CTRL:00>う<CTRL:00> <CTRL:00>ま
E2/SE027.DAT,0x4809C,9,medium,0,original,,,,,,す<CTRL:00>”<CTRL:00>う<CTRL:00> <CTRL:00>ま
E2/SE027.DAT,0x482A8,21,medium,0,original,,,,,,<CTRL:00><N:ъ:14:1A><CTRL:00>し<CTRL:00>す<CTRL:00><N:*:7:0B><CTRL:00><N:ｃ:9:17><CTRL:00>す<CTRL:00>”<CTRL:00>う<CTRL:00> <CTRL:00>ま
E2/SE027.DAT,0x482B4,9,medium,0,original,,,,,,す<CTRL:00>”<CTRL:00>う<CTRL:00> <CTRL:00>ま
E2/SE027.DAT,0x48498,21,medium,0,original,,,,,,<CTRL:00><N:ъ:14:1A><CTRL:00>し<CTRL:00>す<CTRL:00><N:*:7:0B><CTRL:00><N:ｃ:9:17><CTRL:00>す<CTRL:00>”<CTRL:00>う<CTRL:00> <CTRL:00>ま
E2/SE027.DAT,0x484A4,9,medium,0,original,,,,,,す<CTRL:00>”<CTRL:00>う<CTRL:00> <CTRL:00>ま
E2/SE027.DAT,0x48598,7,medium,0,original,,,,,,<CTRL:00><N:ъ:14:1A><CTRL:00>し<CTRL:00>
E2/SE027.DAT,0x488F6,9,medium,0,original,,,,,,す<CTRL:00>”<CTRL:00>う<CTRL:00> <CTRL:00>ま
E2/SE027.DAT,0x489AA,9,medium,0,original,,,,,,す<CTRL:00>”<CTRL:00>う<CTRL:00> <CTRL:00>ま
E2/SE027.DAT,0x48AD8,9,medium,0,original,,,,,,す<CTRL:00>”<CTRL:00>う<CTRL:00> <CTRL:00>ま
E2/SE027.DAT,0x48CEC,9,medium,0,original,,,,,,す<CTRL:00>”<CTRL:00>う<CTRL:00> <CTRL:00>ま
E2/SE027.DAT,0x48D8C,9,medium,0,original,,,,,,す<CTRL:00>”<CTRL:00>う<CTRL:00> <CTRL:00>ま
E2/SE027.DAT,0x48E02,9,medium,0,original,,,,,,す<CTRL:00>”<CTRL:00>う<CTRL:00> <CTRL:00>ま
E2/SE027.DAT,0x48EFE,9,medium,0,original,,,,,,す<CTRL:00>”<CTRL:00>う<CTRL:00> <CTRL:00>ま
E2/SE027.DAT,0x4922A,9,medium,0,original,,,,,,す<CTRL:00>”<CTRL:00>う<CTRL:00> <CTRL:00>ま
E2/SE027.DAT,0x499AC,38,medium,0,original,,,,,,<N:‐:2:0E><CTRL:00><CTRL:FF><CTRL:FF><N:ｃ:9:17><CTRL:00><N:＆:4:07><CTRL:00><N:≠:16:04><CTRL:00><CTRL:FF><CTRL:FF><N:ｃ:9:17><CTRL:00><N:ｌ:6:0C><CTRL:00>（<CTRL:00><CTRL:FF><CTRL:FF>ク<CTRL:00>）<CTRL:00><N:‐:2:0E><CTRL:00>に<CTRL:00>霊<CTRL:00><N:＆:4:07><CTRL:00>！<CTRL:00> <CTRL:00><CTRL:FF><CTRL:FF>
E2/SE027.DAT,0x499B4,30,medium,0,original,,,,,,<N:≠:16:04><CTRL:00><CTRL:FF><CTRL:FF><N:ｃ:9:17><CTRL:00><N:ｌ:6:0C><CTRL:00>（<CTRL:00><CTRL:FF><CTRL:FF>ク<CTRL:00>）<CTRL:00><N:‐:2:0E><CTRL:00>に<CTRL:00>霊<CTRL:00><N:＆:4:07><CTRL:00>！<CTRL:00> <CTRL:00><CTRL:FF><CTRL:FF>
E2/SE027.DAT,0x499BA,24,medium,0,original,,,,,,<N:ｌ:6:0C><CTRL:00>（<CTRL:00><CTRL:FF><CTRL:FF>ク<CTRL:00>）<CTRL:00><N:‐:2:0E><CTRL:00>に<CTRL:00>霊<CTRL:00><N:＆:4:07><CTRL:00>！<CTRL:00> <CTRL:00><CTRL:FF><CTRL:FF>
E2/SE028.DAT,0x479F8,49,medium,0,original,,,,,,<CTRL:00><N:ъ:14:1A><CTRL:00>し<CTRL:00>す<CTRL:00><N:．:2:0F><CTRL:00>う<CTRL:00> <CTRL:00>ん<CTRL:00><N:ｃ:12:16><CTRL:00>は<CTRL:00>3 に<CTRL:00>す<CTRL:00><N:ﾉ:6:10><CTRL:00>う<CTRL:00> <CTRL:00>ん<CTRL:00><N:ｃ:9:17><CTRL:00>は<CTRL:00>3 に<CTRL:00> <CTRL:00>ー か<CTRL:00>
E2/SE028.DAT,0x47A1C,13,medium,0,original,,,,,,は<CTRL:00>3 に<CTRL:00> <CTRL:00>ー か<CTRL:00>
E2/SE028.DAT,0x47BF4,49,medium,0,original,,,,,,<CTRL:00><N:ъ:14:1A><CTRL:00>し<CTRL:00>す<CTRL:00><N:．:2:0F><CTRL:00>う<CTRL:00> <CTRL:00>ん<CTRL:00><N:ｃ:12:16><CTRL:00>は<CTRL:00>1！に<CTRL:00>す<CTRL:00><N:ﾉ:6:10><CTRL:00>う<CTRL:00> <CTRL:00>ん<CTRL:00><N:ｃ:9:17><CTRL:00>は<CTRL:00>1！に<CTRL:00> <CTRL:00>を！か<CTRL:00>
E2/SE028.DAT,0x47C18,13,medium,0,original,,,,,,は<CTRL:00>1！に<CTRL:00> <CTRL:00>を！か<CTRL:00>
E2/SE028.DAT,0x47E18,21,medium,0,original,,,,,,<CTRL:00><N:ъ:14:1A><CTRL:00>し<CTRL:00>す<CTRL:00><N:*:7:0B><CTRL:00><N:ｃ:9:17><CTRL:00>す<CTRL:00>”<CTRL:00>う<CTRL:00> <CTRL:00>ま
E2/SE028.DAT,0x47E24,9,medium,0,original,,,,,,す<CTRL:00>”<CTRL:00>う<CTRL:00> <CTRL:00>ま
E2/SE028.DAT,0x48090,21,medium,0,original,,,,,,<CTRL:00><N:ъ:14:1A><CTRL:00>し<CTRL:00>す<CTRL:00><N:*:7:0B><CTRL:00><N:ｃ:9:17><CTRL:00>す<CTRL:00>”<CTRL:00>う<CTRL:00> <CTRL:00>ま
E2/SE028.DAT,0x4809C,9,medium,0,original,,,,,,す<CTRL:00>”<CTRL:00>う<CTRL:00> <CTRL:00>ま
E2/SE028.DAT,0x482A8,21,medium,0,original,,,,,,<CTRL:00><N:ъ:14:1A><CTRL:00>し<CTRL:00>す<CTRL:00><N:*:7:0B><CTRL:00><N:ｃ:9:17><CTRL:00>す<CTRL:00>”<CTRL:00>う<CTRL:00> <CTRL:00>ま
E2/SE028.DAT,0x482B4,9,medium,0,original,,,,,,す<CTRL:00>”<CTRL:00>う<CTRL:00> <CTRL:00>ま
E2/SE028.DAT,0x48498,21,medium,0,original,,,,,,<CTRL:00><N:ъ:14:1A><CTRL:00>し<CTRL:00>す<CTRL:00><N:*:7:0B><CTRL:00><N:ｃ:9:17><CTRL:00>す<CTRL:00>”<CTRL:00>う<CTRL:00> <CTRL:00>ま
E2/SE028.DAT,0x484A4,9,medium,0,original,,,,,,す<CTRL:00>”<CTRL:00>う<CTRL:00> <CTRL:00>ま
E2/SE028.DAT,0x48598,7,medium,0,original,,,,,,<CTRL:00><N:ъ:14:1A><CTRL:00>し<CTRL:00>
E2/SE028.DAT,0x488F6,9,medium,0,original,,,,,,す<CTRL:00>”<CTRL:00>う<CTRL:00> <CTRL:00>ま
E2/SE028.DAT,0x489AA,9,medium,0,original,,,,,,す<CTRL:00>”<CTRL:00>う<CTRL:00> <CTRL:00>ま
E2/SE028.DAT,0x48AD8,9,medium,0,original,,,,,,す<CTRL:00>”<CTRL:00>う<CTRL:00> <CTRL:00>ま
E2/SE028.DAT,0x48CEC,9,medium,0,original,,,,,,す<CTRL:00>”<CTRL:00>う<CTRL:00> <CTRL:00>ま
E2/SE028.DAT,0x48D8C,9,medium,0,original,,,,,,す<CTRL:00>”<CTRL:00>う<CTRL:00> <CTRL:00>ま
E2/SE028.DAT,0x48E02,9,medium,0,original,,,,,,す<CTRL:00>”<CTRL:00>う<CTRL:00> <CTRL:00>ま
E2/SE028.DAT,0x48EFE,9,medium,0,original,,,,,,す<CTRL:00>”<CTRL:00>う<CTRL:00> <CTRL:00>ま
E2/SE028.DAT,0x4922A,9,medium,0,original,,,,,,す<CTRL:00>”<CTRL:00>う<CTRL:00> <CTRL:00>ま
E2/SE029.DAT,0x479F8,49,medium,0,original,,,,,,<CTRL:00><N:ъ:14:1A><CTRL:00>し<CTRL:00>す<CTRL:00><N:．:2:0F><CTRL:00>う<CTRL:00> <CTRL:00>ん<CTRL:00><N:ｃ:12:16><CTRL:00>は<CTRL:00>3 に<CTRL:00>す<CTRL:00><N:ﾉ:6:10><CTRL:00>う<CTRL:00> <CTRL:00>ん<CTRL:00><N:ｃ:9:17><CTRL:00>は<CTRL:00>3 に<CTRL:00> <CTRL:00>ー か<CTRL:00>
E2/SE029.DAT,0x47A1C,13,medium,0,original,,,,,,は<CTRL:00>3 に<CTRL:00> <CTRL:00>ー か<CTRL:00>
E2/SE029.DAT,0x47BF4,49,medium,0,original,,,,,,<CTRL:00><N:ъ:14:1A><CTRL:00>し<CTRL:00>す<CTRL:00><N:．:2:0F><CTRL:00>う<CTRL:00> <CTRL:00>ん<CTRL:00><N:ｃ:12:16><CTRL:00>は<CTRL:00>1！に<CTRL:00>す<CTRL:00><N:ﾉ:6:10><CTRL:00>う<CTRL:00> <CTRL:00>ん<CTRL:00><N:ｃ:9:17><CTRL:00>は<CTRL:00>1！に<CTRL:00> <CTRL:00>を！か<CTRL:00>
E2/SE029.DAT,0x47C18,13,medium,0,original,,,,,,は<CTRL:00>1！に<CTRL:00> <CTRL:00>を！か<CTRL:00>
E2/SE029.DAT,0x47E18,21,medium,0,original,,,,,,<CTRL:00><N:ъ:14:1A><CTRL:00>し<CTRL:00>す<CTRL:00><N:*:7:0B><CTRL:00><N:ｃ:9:17><CTRL:00>す<CTRL:00>”<CTRL:00>う<CTRL:00> <CTRL:00>ま
E2/SE029.DAT,0x47E24,9,medium,0,original,,,,,,す<CTRL:00>”<CTRL:00>う<CTRL:00> <CTRL:00>ま
E2/SE029.DAT,0x48090,21,medium,0,original,,,,,,<CTRL:00><N:ъ:14:1A><CTRL:00>し<CTRL:00>す<CTRL:00><N:*:7:0B><CTRL:00><N:ｃ:9:17><CTRL:00>す<CTRL:00>”<CTRL:00>う<CTRL:00> <CTRL:00>ま
E2/SE029.DAT,0x4809C,9,medium,0,original,,,,,,す<CTRL:00>”<CTRL:00>う<CTRL:00> <CTRL:00>ま
E2/SE029.DAT,0x482A8,21,medium,0,original,,,,,,<CTRL:00><N:ъ:14:1A><CTRL:00>し<CTRL:00>す<CTRL:00><N:*:7:0B><CTRL:00><N:ｃ:9:17><CTRL:00>す<CTRL:00>”<CTRL:00>う<CTRL:00> <CTRL:00>ま
E2/SE029.DAT,0x482B4,9,medium,0,original,,,,,,す<CTRL:00>”<CTRL:00>う<CTRL:00> <CTRL:00>ま
E2/SE029.DAT,0x48498,21,medium,0,original,,,,,,<CTRL:00><N:ъ:14:1A><CTRL:00>し<CTRL:00>す<CTRL:00><N:*:7:0B><CTRL:00><N:ｃ:9:17><CTRL:00>す<CTRL:00>”<CTRL:00>う<CTRL:00> <CTRL:00>ま
E2/SE029.DAT,0x484A4,9,medium,0,original,,,,,,す<CTRL:00>”<CTRL:00>う<CTRL:00> <CTRL:00>ま
E2/SE029.DAT,0x48598,7,medium,0,original,,,,,,<CTRL:00><N:ъ:14:1A><CTRL:00>し<CTRL:00>
E2/SE029.DAT,0x488F6,9,medium,0,original,,,,,,す<CTRL:00>”<CTRL:00>う<CTRL:00> <CTRL:00>ま
E2/SE029.DAT,0x489AA,9,medium,0,original,,,,,,す<CTRL:00>”<CTRL:00>う<CTRL:00> <CTRL:00>ま
E2/SE029.DAT,0x48AD8,9,medium,0,original,,,,,,す<CTRL:00>”<CTRL:00>う<CTRL:00> <CTRL:00>ま
E2/SE029.DAT,0x48CEC,9,medium,0,original,,,,,,す<CTRL:00>”<CTRL:00>う<CTRL:00> <CTRL:00>ま
E2/SE029.DAT,0x48D8C,9,medium,0,original,,,,,,す<CTRL:00>”<CTRL:00>う<CTRL:00> <CTRL:00>ま
E2/SE029.DAT,0x48E02,9,medium,0,original,,,,,,す<CTRL:00>”<CTRL:00>う<CTRL:00> <CTRL:00>ま
E2/SE029.DAT,0x48EFE,9,medium,0,original,,,,,,す<CTRL:00>”<CTRL:00>う<CTRL:00> <CTRL:00>ま
E2/SE029.DAT,0x4922A,9,medium,0,original,,,,,,す<CTRL:00>”<CTRL:00>う<CTRL:00> <CTRL:00>ま
E2/SE02A.DAT,0x479F8,49,medium,0,original,,,,,,<CTRL:00><N:ъ:14:1A><CTRL:00>し<CTRL:00>す<CTRL:00><N:．:2:0F><CTRL:00>う<CTRL:00> <CTRL:00>ん<CTRL:00><N:ｃ:12:16><CTRL:00>は<CTRL:00>3 に<CTRL:00>す<CTRL:00><N:ﾉ:6:10><CTRL:00>う<CTRL:00> <CTRL:00>ん<CTRL:00><N:ｃ:9:17><CTRL:00>は<CTRL:00>3 に<CTRL:00> <CTRL:00>ー か<CTRL:00>
E2/SE02A.DAT,0x47A1C,13,medium,0,original,,,,,,は<CTRL:00>3 に<CTRL:00> <CTRL:00>ー か<CTRL:00>
E2/SE02A.DAT,0x47BF4,49,medium,0,original,,,,,,<CTRL:00><N:ъ:14:1A><CTRL:00>し<CTRL:00>す<CTRL:00><N:．:2:0F><CTRL:00>う<CTRL:00> <CTRL:00>ん<CTRL:00><N:ｃ:12:16><CTRL:00>は<CTRL:00>1！に<CTRL:00>す<CTRL:00><N:ﾉ:6:10><CTRL:00>う<CTRL:00> <CTRL:00>ん<CTRL:00><N:ｃ:9:17><CTRL:00>は<CTRL:00>1！に<CTRL:00> <CTRL:00>を！か<CTRL:00>
E2/SE02A.DAT,0x47C18,13,medium,0,original,,,,,,は<CTRL:00>1！に<CTRL:00> <CTRL:00>を！か<CTRL:00>
E2/SE02A.DAT,0x47E18,21,medium,0,original,,,,,,<CTRL:00><N:ъ:14:1A><CTRL:00>し<CTRL:00>す<CTRL:00><N:*:7:0B><CTRL:00><N:ｃ:9:17><CTRL:00>す<CTRL:00>”<CTRL:00>う<CTRL:00> <CTRL:00>ま
E2/SE02A.DAT,0x47E24,9,medium,0,original,,,,,,す<CTRL:00>”<CTRL:00>う<CTRL:00> <CTRL:00>ま
E2/SE02A.DAT,0x48090,21,medium,0,original,,,,,,<CTRL:00><N:ъ:14:1A><CTRL:00>し<CTRL:00>す<CTRL:00><N:*:7:0B><CTRL:00><N:ｃ:9:17><CTRL:00>す<CTRL:00>”<CTRL:00>う<CTRL:00> <CTRL:00>ま
E2/SE02A.DAT,0x4809C,9,medium,0,original,,,,,,す<CTRL:00>”<CTRL:00>う<CTRL:00> <CTRL:00>ま
E2/SE02A.DAT,0x482A8,21,medium,0,original,,,,,,<CTRL:00><N:ъ:14:1A><CTRL:00>し<CTRL:00>す<CTRL:00><N:*:7:0B><CTRL:00><N:ｃ:9:17><CTRL:00>す<CTRL:00>”<CTRL:00>う<CTRL:00> <CTRL:00>ま
E2/SE02A.DAT,0x482B4,9,medium,0,original,,,,,,す<CTRL:00>”<CTRL:00>う<CTRL:00> <CTRL:00>ま
E2/SE02A.DAT,0x48498,21,medium,0,original,,,,,,<CTRL:00><N:ъ:14:1A><CTRL:00>し<CTRL:00>す<CTRL:00><N:*:7:0B><CTRL:00><N:ｃ:9:17><CTRL:00>す<CTRL:00>”<CTRL:00>う<CTRL:00> <CTRL:00>ま
E2/SE02A.DAT,0x484A4,9,medium,0,original,,,,,,す<CTRL:00>”<CTRL:00>う<CTRL:00> <CTRL:00>ま
E2/SE02A.DAT,0x48598,7,medium,0,original,,,,,,<CTRL:00><N:ъ:14:1A><CTRL:00>し<CTRL:00>
E2/SE02A.DAT,0x488F6,9,medium,0,original,,,,,,す<CTRL:00>”<CTRL:00>う<CTRL:00> <CTRL:00>ま
E2/SE02A.DAT,0x489AA,9,medium,0,original,,,,,,す<CTRL:00>”<CTRL:00>う<CTRL:00> <CTRL:00>ま
E2/SE02A.DAT,0x48AD8,9,medium,0,original,,,,,,す<CTRL:00>”<CTRL:00>う<CTRL:00> <CTRL:00>ま
E2/SE02A.DAT,0x48CEC,9,medium,0,original,,,,,,す<CTRL:00>”<CTRL:00>う<CTRL:00> <CTRL:00>ま
E2/SE02A.DAT,0x48D8C,9,medium,0,original,,,,,,す<CTRL:00>”<CTRL:00>う<CTRL:00> <CTRL:00>ま
E2/SE02A.DAT,0x48E02,9,medium,0,original,,,,,,す<CTRL:00>”<CTRL:00>う<CTRL:00> <CTRL:00>ま
E2/SE02A.DAT,0x48EFE,9,medium,0,original,,,,,,す<CTRL:00>”<CTRL:00>う<CTRL:00> <CTRL:00>ま
E2/SE02A.DAT,0x4922A,9,medium,0,original,,,,,,す<CTRL:00>”<CTRL:00>う<CTRL:00> <CTRL:00>ま
E3/SE031.DAT,0x479F8,49,medium,0,original,,,,,,<CTRL:00><N:ъ:14:1A><CTRL:00>し<CTRL:00>す<CTRL:00><N:．:2:0F><CTRL:00>う<CTRL:00> <CTRL:00>ん<CTRL:00><N:ｃ:12:16><CTRL:00>は<CTRL:00>3 に<CTRL:00>す<CTRL:00><N:ﾉ:6:10><CTRL:00>う<CTRL:00> <CTRL:00>ん<CTRL:00><N:ｃ:9:17><CTRL:00>は<CTRL:00>3 に<CTRL:00> <CTRL:00>ー か<CTRL:00>
E3/SE031.DAT,0x47A1C,13,medium,0,original,,,,,,は<CTRL:00>3 に<CTRL:00> <CTRL:00>ー か<CTRL:00>
E3/SE031.DAT,0x47BF4,49,medium,0,original,,,,,,<CTRL:00><N:ъ:14:1A><CTRL:00>し<CTRL:00>す<CTRL:00><N:．:2:0F><CTRL:00>う<CTRL:00> <CTRL:00>ん<CTRL:00><N:ｃ:12:16><CTRL:00>は<CTRL:00>1！に<CTRL:00>す<CTRL:00><N:ﾉ:6:10><CTRL:00>う<CTRL:00> <CTRL:00>ん<CTRL:00><N:ｃ:9:17><CTRL:00>は<CTRL:00>1！に<CTRL:00> <CTRL:00>を！か<CTRL:00>
E3/SE031.DAT,0x47C18,13,medium,0,original,,,,,,は<CTRL:00>1！に<CTRL:00> <CTRL:00>を！か<CTRL:00>
E3/SE031.DAT,0x47E18,21,medium,0,original,,,,,,<CTRL:00><N:ъ:14:1A><CTRL:00>し<CTRL:00>す<CTRL:00><N:*:7:0B><CTRL:00><N:ｃ:9:17><CTRL:00>す<CTRL:00>”<CTRL:00>う<CTRL:00> <CTRL:00>ま
E3/SE031.DAT,0x47E24,9,medium,0,original,,,,,,す<CTRL:00>”<CTRL:00>う<CTRL:00> <CTRL:00>ま
E3/SE031.DAT,0x48090,21,medium,0,original,,,,,,<CTRL:00><N:ъ:14:1A><CTRL:00>し<CTRL:00>す<CTRL:00><N:*:7:0B><CTRL:00><N:ｃ:9:17><CTRL:00>す<CTRL:00>”<CTRL:00>う<CTRL:00> <CTRL:00>ま
E3/SE031.DAT,0x4809C,9,medium,0,original,,,,,,す<CTRL:00>”<CTRL:00>う<CTRL:00> <CTRL:00>ま
E3/SE031.DAT,0x482A8,21,medium,0,original,,,,,,<CTRL:00><N:ъ:14:1A><CTRL:00>し<CTRL:00>す<CTRL:00><N:*:7:0B><CTRL:00><N:ｃ:9:17><CTRL:00>す<CTRL:00>”<CTRL:00>う<CTRL:00> <CTRL:00>ま
E3/SE031.DAT,0x482B4,9,medium,0,original,,,,,,す<CTRL:00>”<CTRL:00>う<CTRL:00> <CTRL:00>ま
E3/SE031.DAT,0x48498,21,medium,0,original,,,,,,<CTRL:00><N:ъ:14:1A><CTRL:00>し<CTRL:00>す<CTRL:00><N:*:7:0B><CTRL:00><N:ｃ:9:17><CTRL:00>す<CTRL:00>”<CTRL:00>う<CTRL:00> <CTRL:00>ま
E3/SE031.DAT,0x484A4,9,medium,0,original,,,,,,す<CTRL:00>”<CTRL:00>う<CTRL:00> <CTRL:00>ま
E3/SE031.DAT,0x48598,7,medium,0,original,,,,,,<CTRL:00><N:ъ:14:1A><CTRL:00>し<CTRL:00>
E3/SE031.DAT,0x488F6,9,medium,0,original,,,,,,す<CTRL:00>”<CTRL:00>う<CTRL:00> <CTRL:00>ま
E3/SE031.DAT,0x489AA,9,medium,0,original,,,,,,す<CTRL:00>”<CTRL:00>う<CTRL:00> <CTRL:00>ま
E3/SE031.DAT,0x48AD8,9,medium,0,original,,,,,,す<CTRL:00>”<CTRL:00>う<CTRL:00> <CTRL:00>ま
E3/SE031.DAT,0x48CEC,9,medium,0,original,,,,,,す<CTRL:00>”<CTRL:00>う<CTRL:00> <CTRL:00>ま
E3/SE031.DAT,0x48D8C,9,medium,0,original,,,,,,す<CTRL:00>”<CTRL:00>う<CTRL:00> <CTRL:00>ま
E3/SE031.DAT,0x48E02,9,medium,0,original,,,,,,す<CTRL:00>”<CTRL:00>う<CTRL:00> <CTRL:00>ま
E3/SE031.DAT,0x48EFE,9,medium,0,original,,,,,,す<CTRL:00>”<CTRL:00>う<CTRL:00> <CTRL:00>ま
E3/SE031.DAT,0x4922A,9,medium,0,original,,,,,,す<CTRL:00>”<CTRL:00>う<CTRL:00> <CTRL:00>ま
E3/SE032.DAT,0x479F8,49,medium,0,original,,,,,,<CTRL:00><N:ъ:14:1A><CTRL:00>し<CTRL:00>す<CTRL:00><N:．:2:0F><CTRL:00>う<CTRL:00> <CTRL:00>ん<CTRL:00><N:ｃ:12:16><CTRL:00>は<CTRL:00>3 に<CTRL:00>す<CTRL:00><N:ﾉ:6:10><CTRL:00>う<CTRL:00> <CTRL:00>ん<CTRL:00><N:ｃ:9:17><CTRL:00>は<CTRL:00>3 に<CTRL:00> <CTRL:00>ー か<CTRL:00>
E3/SE032.DAT,0x47A1C,13,medium,0,original,,,,,,は<CTRL:00>3 に<CTRL:00> <CTRL:00>ー か<CTRL:00>
E3/SE032.DAT,0x47BF4,49,medium,0,original,,,,,,<CTRL:00><N:ъ:14:1A><CTRL:00>し<CTRL:00>す<CTRL:00><N:．:2:0F><CTRL:00>う<CTRL:00> <CTRL:00>ん<CTRL:00><N:ｃ:12:16><CTRL:00>は<CTRL:00>1！に<CTRL:00>す<CTRL:00><N:ﾉ:6:10><CTRL:00>う<CTRL:00> <CTRL:00>ん<CTRL:00><N:ｃ:9:17><CTRL:00>は<CTRL:00>1！に<CTRL:00> <CTRL:00>を！か<CTRL:00>
E3/SE032.DAT,0x47C18,13,medium,0,original,,,,,,は<CTRL:00>1！に<CTRL:00> <CTRL:00>を！か<CTRL:00>
E3/SE032.DAT,0x47E18,21,medium,0,original,,,,,,<CTRL:00><N:ъ:14:1A><CTRL:00>し<CTRL:00>す<CTRL:00><N:*:7:0B><CTRL:00><N:ｃ:9:17><CTRL:00>す<CTRL:00>”<CTRL:00>う<CTRL:00> <CTRL:00>ま
E3/SE032.DAT,0x47E24,9,medium,0,original,,,,,,す<CTRL:00>”<CTRL:00>う<CTRL:00> <CTRL:00>ま
E3/SE032.DAT,0x48090,21,medium,0,original,,,,,,<CTRL:00><N:ъ:14:1A><CTRL:00>し<CTRL:00>す<CTRL:00><N:*:7:0B><CTRL:00><N:ｃ:9:17><CTRL:00>す<CTRL:00>”<CTRL:00>う<CTRL:00> <CTRL:00>ま
E3/SE032.DAT,0x4809C,9,medium,0,original,,,,,,す<CTRL:00>”<CTRL:00>う<CTRL:00> <CTRL:00>ま
E3/SE032.DAT,0x482A8,21,medium,0,original,,,,,,<CTRL:00><N:ъ:14:1A><CTRL:00>し<CTRL:00>す<CTRL:00><N:*:7:0B><CTRL:00><N:ｃ:9:17><CTRL:00>す<CTRL:00>”<CTRL:00>う<CTRL:00> <CTRL:00>ま
E3/SE032.DAT,0x482B4,9,medium,0,original,,,,,,す<CTRL:00>”<CTRL:00>う<CTRL:00> <CTRL:00>ま
E3/SE032.DAT,0x48498,21,medium,0,original,,,,,,<CTRL:00><N:ъ:14:1A><CTRL:00>し<CTRL:00>す<CTRL:00><N:*:7:0B><CTRL:00><N:ｃ:9:17><CTRL:00>す<CTRL:00>”<CTRL:00>う<CTRL:00> <CTRL:00>ま
E3/SE032.DAT,0x484A4,9,medium,0,original,,,,,,す<CTRL:00>”<CTRL:00>う<CTRL:00> <CTRL:00>ま
E3/SE032.DAT,0x48598,7,medium,0,original,,,,,,<CTRL:00><N:ъ:14:1A><CTRL:00>し<CTRL:00>
E3/SE032.DAT,0x488F6,9,medium,0,original,,,,,,す<CTRL:00>”<CTRL:00>う<CTRL:00> <CTRL:00>ま
E3/SE032.DAT,0x489AA,9,medium,0,original,,,,,,す<CTRL:00>”<CTRL:00>う<CTRL:00> <CTRL:00>ま
E3/SE032.DAT,0x48AD8,9,medium,0,original,,,,,,す<CTRL:00>”<CTRL:00>う<CTRL:00> <CTRL:00>ま
E3/SE032.DAT,0x48CEC,9,medium,0,original,,,,,,す<CTRL:00>”<CTRL:00>う<CTRL:00> <CTRL:00>ま
E3/SE032.DAT,0x48D8C,9,medium,0,original,,,,,,す<CTRL:00>”<CTRL:00>う<CTRL:00> <CTRL:00>ま
E3/SE032.DAT,0x48E02,9,medium,0,original,,,,,,す<CTRL:00>”<CTRL:00>う<CTRL:00> <CTRL:00>ま
E3/SE032.DAT,0x48EFE,9,medium,0,original,,,,,,す<CTRL:00>”<CTRL:00>う<CTRL:00> <CTRL:00>ま
E3/SE032.DAT,0x4922A,9,medium,0,original,,,,,,す<CTRL:00>”<CTRL:00>う<CTRL:00> <CTRL:00>ま
E3/SE033.DAT,0x479F8,49,medium,0,original,,,,,,<CTRL:00><N:ъ:14:1A><CTRL:00>し<CTRL:00>す<CTRL:00><N:．:2:0F><CTRL:00>う<CTRL:00> <CTRL:00>ん<CTRL:00><N:ｃ:12:16><CTRL:00>は<CTRL:00>3 に<CTRL:00>す<CTRL:00><N:ﾉ:6:10><CTRL:00>う<CTRL:00> <CTRL:00>ん<CTRL:00><N:ｃ:9:17><CTRL:00>は<CTRL:00>3 に<CTRL:00> <CTRL:00>ー か<CTRL:00>
E3/SE033.DAT,0x47A1C,13,medium,0,original,,,,,,は<CTRL:00>3 に<CTRL:00> <CTRL:00>ー か<CTRL:00>
E3/SE033.DAT,0x47BF4,49,medium,0,original,,,,,,<CTRL:00><N:ъ:14:1A><CTRL:00>し<CTRL:00>す<CTRL:00><N:．:2:0F><CTRL:00>う<CTRL:00> <CTRL:00>ん<CTRL:00><N:ｃ:12:16><CTRL:00>は<CTRL:00>1！に<CTRL:00>す<CTRL:00><N:ﾉ:6:10><CTRL:00>う<CTRL:00> <CTRL:00>ん<CTRL:00><N:ｃ:9:17><CTRL:00>は<CTRL:00>1！に<CTRL:00> <CTRL:00>を！か<CTRL:00>
E3/SE033.DAT,0x47C18,13,medium,0,original,,,,,,は<CTRL:00>1！に<CTRL:00> <CTRL:00>を！か<CTRL:00>
E3/SE033.DAT,0x47E18,21,medium,0,original,,,,,,<CTRL:00><N:ъ:14:1A><CTRL:00>し<CTRL:00>す<CTRL:00><N:*:7:0B><CTRL:00><N:ｃ:9:17><CTRL:00>す<CTRL:00>”<CTRL:00>う<CTRL:00> <CTRL:00>ま
E3/SE033.DAT,0x47E24,9,medium,0,original,,,,,,す<CTRL:00>”<CTRL:00>う<CTRL:00> <CTRL:00>ま
E3/SE033.DAT,0x48090,21,medium,0,original,,,,,,<CTRL:00><N:ъ:14:1A><CTRL:00>し<CTRL:00>す<CTRL:00><N:*:7:0B><CTRL:00><N:ｃ:9:17><CTRL:00>す<CTRL:00>”<CTRL:00>う<CTRL:00> <CTRL:00>ま
E3/SE033.DAT,0x4809C,9,medium,0,original,,,,,,す<CTRL:00>”<CTRL:00>う<CTRL:00> <CTRL:00>ま
E3/SE033.DAT,0x482A8,21,medium,0,original,,,,,,<CTRL:00><N:ъ:14:1A><CTRL:00>し<CTRL:00>す<CTRL:00><N:*:7:0B><CTRL:00><N:ｃ:9:17><CTRL:00>す<CTRL:00>”<CTRL:00>う<CTRL:00> <CTRL:00>ま
E3/SE033.DAT,0x482B4,9,medium,0,original,,,,,,す<CTRL:00>”<CTRL:00>う<CTRL:00> <CTRL:00>ま
E3/SE033.DAT,0x48498,21,medium,0,original,,,,,,<CTRL:00><N:ъ:14:1A><CTRL:00>し<CTRL:00>す<CTRL:00><N:*:7:0B><CTRL:00><N:ｃ:9:17><CTRL:00>す<CTRL:00>”<CTRL:00>う<CTRL:00> <CTRL:00>ま
E3/SE033.DAT,0x484A4,9,medium,0,original,,,,,,す<CTRL:00>”<CTRL:00>う<CTRL:00> <CTRL:00>ま
E3/SE033.DAT,0x48598,7,medium,0,original,,,,,,<CTRL:00><N:ъ:14:1A><CTRL:00>し<CTRL:00>
E3/SE033.DAT,0x488F6,9,medium,0,original,,,,,,す<CTRL:00>”<CTRL:00>う<CTRL:00> <CTRL:00>ま
E3/SE033.DAT,0x489AA,9,medium,0,original,,,,,,す<CTRL:00>”<CTRL:00>う<CTRL:00> <CTRL:00>ま
E3/SE033.DAT,0x48AD8,9,medium,0,original,,,,,,す<CTRL:00>”<CTRL:00>う<CTRL:00> <CTRL:00>ま
E3/SE033.DAT,0x48CEC,9,medium,0,original,,,,,,す<CTRL:00>”<CTRL:00>う<CTRL:00> <CTRL:00>ま
E3/SE033.DAT,0x48D8C,9,medium,0,original,,,,,,す<CTRL:00>”<CTRL:00>う<CTRL:00> <CTRL:00>ま
E3/SE033.DAT,0x48E02,9,medium,0,original,,,,,,す<CTRL:00>”<CTRL:00>う<CTRL:00> <CTRL:00>ま
E3/SE033.DAT,0x48EFE,9,medium,0,original,,,,,,す<CTRL:00>”<CTRL:00>う<CTRL:00> <CTRL:00>ま
E3/SE033.DAT,0x4922A,9,medium,0,original,,,,,,す<CTRL:00>”<CTRL:00>う<CTRL:00> <CTRL:00>ま
E3/SE034.DAT,0x479F8,49,medium,0,original,,,,,,<CTRL:00><N:ъ:14:1A><CTRL:00>し<CTRL:00>す<CTRL:00><N:．:2:0F><CTRL:00>う<CTRL:00> <CTRL:00>ん<CTRL:00><N:ｃ:12:16><CTRL:00>は<CTRL:00>3 に<CTRL:00>す<CTRL:00><N:ﾉ:6:10><CTRL:00>う<CTRL:00> <CTRL:00>ん<CTRL:00><N:ｃ:9:17><CTRL:00>は<CTRL:00>3 に<CTRL:00> <CTRL:00>ー か<CTRL:00>
E3/SE034.DAT,0x47A1C,13,medium,0,original,,,,,,は<CTRL:00>3 に<CTRL:00> <CTRL:00>ー か<CTRL:00>
E3/SE034.DAT,0x47BF4,49,medium,0,original,,,,,,<CTRL:00><N:ъ:14:1A><CTRL:00>し<CTRL:00>す<CTRL:00><N:．:2:0F><CTRL:00>う<CTRL:00> <CTRL:00>ん<CTRL:00><N:ｃ:12:16><CTRL:00>は<CTRL:00>1！に<CTRL:00>す<CTRL:00><N:ﾉ:6:10><CTRL:00>う<CTRL:00> <CTRL:00>ん<CTRL:00><N:ｃ:9:17><CTRL:00>は<CTRL:00>1！に<CTRL:00> <CTRL:00>を！か<CTRL:00>
E3/SE034.DAT,0x47C18,13,medium,0,original,,,,,,は<CTRL:00>1！に<CTRL:00> <CTRL:00>を！か<CTRL:00>
E3/SE034.DAT,0x47E18,21,medium,0,original,,,,,,<CTRL:00><N:ъ:14:1A><CTRL:00>し<CTRL:00>す<CTRL:00><N:*:7:0B><CTRL:00><N:ｃ:9:17><CTRL:00>す<CTRL:00>”<CTRL:00>う<CTRL:00> <CTRL:00>ま
E3/SE034.DAT,0x47E24,9,medium,0,original,,,,,,す<CTRL:00>”<CTRL:00>う<CTRL:00> <CTRL:00>ま
E3/SE034.DAT,0x48090,21,medium,0,original,,,,,,<CTRL:00><N:ъ:14:1A><CTRL:00>し<CTRL:00>す<CTRL:00><N:*:7:0B><CTRL:00><N:ｃ:9:17><CTRL:00>す<CTRL:00>”<CTRL:00>う<CTRL:00> <CTRL:00>ま
E3/SE034.DAT,0x4809C,9,medium,0,original,,,,,,す<CTRL:00>”<CTRL:00>う<CTRL:00> <CTRL:00>ま
E3/SE034.DAT,0x482A8,21,medium,0,original,,,,,,<CTRL:00><N:ъ:14:1A><CTRL:00>し<CTRL:00>す<CTRL:00><N:*:7:0B><CTRL:00><N:ｃ:9:17><CTRL:00>す<CTRL:00>”<CTRL:00>う<CTRL:00> <CTRL:00>ま
E3/SE034.DAT,0x482B4,9,medium,0,original,,,,,,す<CTRL:00>”<CTRL:00>う<CTRL:00> <CTRL:00>ま
E3/SE034.DAT,0x48498,21,medium,0,original,,,,,,<CTRL:00><N:ъ:14:1A><CTRL:00>し<CTRL:00>す<CTRL:00><N:*:7:0B><CTRL:00><N:ｃ:9:17><CTRL:00>す<CTRL:00>”<CTRL:00>う<CTRL:00> <CTRL:00>ま
E3/SE034.DAT,0x484A4,9,medium,0,original,,,,,,す<CTRL:00>”<CTRL:00>う<CTRL:00> <CTRL:00>ま
E3/SE034.DAT,0x48598,7,medium,0,original,,,,,,<CTRL:00><N:ъ:14:1A><CTRL:00>し<CTRL:00>
E3/SE034.DAT,0x488F6,9,medium,0,original,,,,,,す<CTRL:00>”<CTRL:00>う<CTRL:00> <CTRL:00>ま
E3/SE034.DAT,0x489AA,9,medium,0,original,,,,,,す<CTRL:00>”<CTRL:00>う<CTRL:00> <CTRL:00>ま
E3/SE034.DAT,0x48AD8,9,medium,0,original,,,,,,す<CTRL:00>”<CTRL:00>う<CTRL:00> <CTRL:00>ま
E3/SE034.DAT,0x48CEC,9,medium,0,original,,,,,,す<CTRL:00>”<CTRL:00>う<CTRL:00> <CTRL:00>ま
E3/SE034.DAT,0x48D8C,9,medium,0,original,,,,,,す<CTRL:00>”<CTRL:00>う<CTRL:00> <CTRL:00>ま
E3/SE034.DAT,0x48E02,9,medium,0,original,,,,,,す<CTRL:00>”<CTRL:00>う<CTRL:00> <CTRL:00>ま
E3/SE034.DAT,0x48EFE,9,medium,0,original,,,,,,す<CTRL:00>”<CTRL:00>う<CTRL:00> <CTRL:00>ま
E3/SE034.DAT,0x4922A,9,medium,0,original,,,,,,す<CTRL:00>”<CTRL:00>う<CTRL:00> <CTRL:00>ま
E3/SE035.DAT,0x479F8,49,medium,0,original,,,,,,<CTRL:00><N:ъ:14:1A><CTRL:00>し<CTRL:00>す<CTRL:00><N:．:2:0F><CTRL:00>う<CTRL:00> <CTRL:00>ん<CTRL:00><N:ｃ:12:16><CTRL:00>は<CTRL:00>3 に<CTRL:00>す<CTRL:00><N:ﾉ:6:10><CTRL:00>う<CTRL:00> <CTRL:00>ん<CTRL:00><N:ｃ:9:17><CTRL:00>は<CTRL:00>3 に<CTRL:00> <CTRL:00>ー か<CTRL:00>
E3/SE035.DAT,0x47A1C,13,medium,0,original,,,,,,は<CTRL:00>3 に<CTRL:00> <CTRL:00>ー か<CTRL:00>
E3/SE035.DAT,0x47BF4,49,medium,0,original,,,,,,<CTRL:00><N:ъ:14:1A><CTRL:00>し<CTRL:00>す<CTRL:00><N:．:2:0F><CTRL:00>う<CTRL:00> <CTRL:00>ん<CTRL:00><N:ｃ:12:16><CTRL:00>は<CTRL:00>1！に<CTRL:00>す<CTRL:00><N:ﾉ:6:10><CTRL:00>う<CTRL:00> <CTRL:00>ん<CTRL:00><N:ｃ:9:17><CTRL:00>は<CTRL:00>1！に<CTRL:00> <CTRL:00>を！か<CTRL:00>
E3/SE035.DAT,0x47C18,13,medium,0,original,,,,,,は<CTRL:00>1！に<CTRL:00> <CTRL:00>を！か<CTRL:00>
E3/SE035.DAT,0x47E18,21,medium,0,original,,,,,,<CTRL:00><N:ъ:14:1A><CTRL:00>し<CTRL:00>す<CTRL:00><N:*:7:0B><CTRL:00><N:ｃ:9:17><CTRL:00>す<CTRL:00>”<CTRL:00>う<CTRL:00> <CTRL:00>ま
E3/SE035.DAT,0x47E24,9,medium,0,original,,,,,,す<CTRL:00>”<CTRL:00>う<CTRL:00> <CTRL:00>ま
E3/SE035.DAT,0x48090,21,medium,0,original,,,,,,<CTRL:00><N:ъ:14:1A><CTRL:00>し<CTRL:00>す<CTRL:00><N:*:7:0B><CTRL:00><N:ｃ:9:17><CTRL:00>す<CTRL:00>”<CTRL:00>う<CTRL:00> <CTRL:00>ま
E3/SE035.DAT,0x4809C,9,medium,0,original,,,,,,す<CTRL:00>”<CTRL:00>う<CTRL:00> <CTRL:00>ま
E3/SE035.DAT,0x482A8,21,medium,0,original,,,,,,<CTRL:00><N:ъ:14:1A><CTRL:00>し<CTRL:00>す<CTRL:00><N:*:7:0B><CTRL:00><N:ｃ:9:17><CTRL:00>す<CTRL:00>”<CTRL:00>う<CTRL:00> <CTRL:00>ま
E3/SE035.DAT,0x482B4,9,medium,0,original,,,,,,す<CTRL:00>”<CTRL:00>う<CTRL:00> <CTRL:00>ま
E3/SE035.DAT,0x48498,21,medium,0,original,,,,,,<CTRL:00><N:ъ:14:1A><CTRL:00>し<CTRL:00>す<CTRL:00><N:*:7:0B><CTRL:00><N:ｃ:9:17><CTRL:00>す<CTRL:00>”<CTRL:00>う<CTRL:00> <CTRL:00>ま
E3/SE035.DAT,0x484A4,9,medium,0,original,,,,,,す<CTRL:00>”<CTRL:00>う<CTRL:00> <CTRL:00>ま
E3/SE035.DAT,0x48598,7,medium,0,original,,,,,,<CTRL:00><N:ъ:14:1A><CTRL:00>し<CTRL:00>
E3/SE035.DAT,0x488F6,9,medium,0,original,,,,,,す<CTRL:00>”<CTRL:00>う<CTRL:00> <CTRL:00>ま
E3/SE035.DAT,0x489AA,9,medium,0,original,,,,,,す<CTRL:00>”<CTRL:00>う<CTRL:00> <CTRL:00>ま
E3/SE035.DAT,0x48AD8,9,medium,0,original,,,,,,す<CTRL:00>”<CTRL:00>う<CTRL:00> <CTRL:00>ま
E3/SE035.DAT,0x48CEC,9,medium,0,original,,,,,,す<CTRL:00>”<CTRL:00>う<CTRL:00> <CTRL:00>ま
E3/SE035.DAT,0x48D8C,9,medium,0,original,,,,,,す<CTRL:00>”<CTRL:00>う<CTRL:00> <CTRL:00>ま
E3/SE035.DAT,0x48E02,9,medium,0,original,,,,,,す<CTRL:00>”<CTRL:00>う<CTRL:00> <CTRL:00>ま
E3/SE035.DAT,0x48EFE,9,medium,0,original,,,,,,す<CTRL:00>”<CTRL:00>う<CTRL:00> <CTRL:00>ま
E3/SE035.DAT,0x4922A,9,medium,0,original,,,,,,す<CTRL:00>”<CTRL:00>う<CTRL:00> <CTRL:00>ま
E3/SE036.DAT,0x479F8,49,medium,0,original,,,,,,<CTRL:00><N:ъ:14:1A><CTRL:00>し<CTRL:00>す<CTRL:00><N:．:2:0F><CTRL:00>う<CTRL:00> <CTRL:00>ん<CTRL:00><N:ｃ:12:16><CTRL:00>は<CTRL:00>3 に<CTRL:00>す<CTRL:00><N:ﾉ:6:10><CTRL:00>う<CTRL:00> <CTRL:00>ん<CTRL:00><N:ｃ:9:17><CTRL:00>は<CTRL:00>3 に<CTRL:00> <CTRL:00>ー か<CTRL:00>
E3/SE036.DAT,0x47A1C,13,medium,0,original,,,,,,は<CTRL:00>3 に<CTRL:00> <CTRL:00>ー か<CTRL:00>
E3/SE036.DAT,0x47BF4,49,medium,0,original,,,,,,<CTRL:00><N:ъ:14:1A><CTRL:00>し<CTRL:00>す<CTRL:00><N:．:2:0F><CTRL:00>う<CTRL:00> <CTRL:00>ん<CTRL:00><N:ｃ:12:16><CTRL:00>は<CTRL:00>1！に<CTRL:00>す<CTRL:00><N:ﾉ:6:10><CTRL:00>う<CTRL:00> <CTRL:00>ん<CTRL:00><N:ｃ:9:17><CTRL:00>は<CTRL:00>1！に<CTRL:00> <CTRL:00>を！か<CTRL:00>
E3/SE036.DAT,0x47C18,13,medium,0,original,,,,,,は<CTRL:00>1！に<CTRL:00> <CTRL:00>を！か<CTRL:00>
E3/SE036.DAT,0x47E18,21,medium,0,original,,,,,,<CTRL:00><N:ъ:14:1A><CTRL:00>し<CTRL:00>す<CTRL:00><N:*:7:0B><CTRL:00><N:ｃ:9:17><CTRL:00>す<CTRL:00>”<CTRL:00>う<CTRL:00> <CTRL:00>ま
E3/SE036.DAT,0x47E24,9,medium,0,original,,,,,,す<CTRL:00>”<CTRL:00>う<CTRL:00> <CTRL:00>ま
E3/SE036.DAT,0x48090,21,medium,0,original,,,,,,<CTRL:00><N:ъ:14:1A><CTRL:00>し<CTRL:00>す<CTRL:00><N:*:7:0B><CTRL:00><N:ｃ:9:17><CTRL:00>す<CTRL:00>”<CTRL:00>う<CTRL:00> <CTRL:00>ま
E3/SE036.DAT,0x4809C,9,medium,0,original,,,,,,す<CTRL:00>”<CTRL:00>う<CTRL:00> <CTRL:00>ま
E3/SE036.DAT,0x482A8,21,medium,0,original,,,,,,<CTRL:00><N:ъ:14:1A><CTRL:00>し<CTRL:00>す<CTRL:00><N:*:7:0B><CTRL:00><N:ｃ:9:17><CTRL:00>す<CTRL:00>”<CTRL:00>う<CTRL:00> <CTRL:00>ま
E3/SE036.DAT,0x482B4,9,medium,0,original,,,,,,す<CTRL:00>”<CTRL:00>う<CTRL:00> <CTRL:00>ま
E3/SE036.DAT,0x48498,21,medium,0,original,,,,,,<CTRL:00><N:ъ:14:1A><CTRL:00>し<CTRL:00>す<CTRL:00><N:*:7:0B><CTRL:00><N:ｃ:9:17><CTRL:00>す<CTRL:00>”<CTRL:00>う<CTRL:00> <CTRL:00>ま
E3/SE036.DAT,0x484A4,9,medium,0,original,,,,,,す<CTRL:00>”<CTRL:00>う<CTRL:00> <CTRL:00>ま
E3/SE036.DAT,0x48598,7,medium,0,original,,,,,,<CTRL:00><N:ъ:14:1A><CTRL:00>し<CTRL:00>
E3/SE036.DAT,0x488F6,9,medium,0,original,,,,,,す<CTRL:00>”<CTRL:00>う<CTRL:00> <CTRL:00>ま
E3/SE036.DAT,0x489AA,9,medium,0,original,,,,,,す<CTRL:00>”<CTRL:00>う<CTRL:00> <CTRL:00>ま
E3/SE036.DAT,0x48AD8,9,medium,0,original,,,,,,す<CTRL:00>”<CTRL:00>う<CTRL:00> <CTRL:00>ま
E3/SE036.DAT,0x48CEC,9,medium,0,original,,,,,,す<CTRL:00>”<CTRL:00>う<CTRL:00> <CTRL:00>ま
E3/SE036.DAT,0x48D8C,9,medium,0,original,,,,,,す<CTRL:00>”<CTRL:00>う<CTRL:00> <CTRL:00>ま
E3/SE036.DAT,0x48E02,9,medium,0,original,,,,,,す<CTRL:00>”<CTRL:00>う<CTRL:00> <CTRL:00>ま
E3/SE036.DAT,0x48EFE,9,medium,0,original,,,,,,す<CTRL:00>”<CTRL:00>う<CTRL:00> <CTRL:00>ま
E3/SE036.DAT,0x4922A,9,medium,0,original,,,,,,す<CTRL:00>”<CTRL:00>う<CTRL:00> <CTRL:00>ま
E3/SE036.DAT,0x49980,38,medium,0,original,,,,,,’<CTRL:00><CTRL:FF><CTRL:FF><N:３:14:19><CTRL:00>（<CTRL:00><N:‐:2:0E><CTRL:00><CTRL:FF><CTRL:FF><N:３:14:19><CTRL:00><N:‐:2:0E><CTRL:00>’<CTRL:00><CTRL:FF><CTRL:FF>ク<CTRL:00><N:．:2:0F><CTRL:00>’<CTRL:00>か<CTRL:00>霊<CTRL:00><N:＄:1:05><CTRL:00><N:ｌ:6:0C><CTRL:00><N:‐:2:0E><CTRL:00><CTRL:FF><CTRL:FF>
E3/SE036.DAT,0x49986,32,medium,0,original,,,,,,（<CTRL:00><N:‐:2:0E><CTRL:00><CTRL:FF><CTRL:FF><N:３:14:19><CTRL:00><N:‐:2:0E><CTRL:00>’<CTRL:00><CTRL:FF><CTRL:FF>ク<CTRL:00><N:．:2:0F><CTRL:00>’<CTRL:00>か<CTRL:00>霊<CTRL:00><N:＄:1:05><CTRL:00><N:ｌ:6:0C><CTRL:00><N:‐:2:0E><CTRL:00><CTRL:FF><CTRL:FF>
E3/SE036.DAT,0x4998E,24,medium,0,original,,,,,,<N:‐:2:0E><CTRL:00>’<CTRL:00><CTRL:FF><CTRL:FF>ク<CTRL:00><N:．:2:0F><CTRL:00>’<CTRL:00>か<CTRL:00>霊<CTRL:00><N:＄:1:05><CTRL:00><N:ｌ:6:0C><CTRL:00><N:‐:2:0E><CTRL:00><CTRL:FF><CTRL:FF>
E3/SE037.DAT,0x479F8,49,medium,0,original,,,,,,<CTRL:00><N:ъ:14:1A><CTRL:00>し<CTRL:00>す<CTRL:00><N:．:2:0F><CTRL:00>う<CTRL:00> <CTRL:00>ん<CTRL:00><N:ｃ:12:16><CTRL:00>は<CTRL:00>3 に<CTRL:00>す<CTRL:00><N:ﾉ:6:10><CTRL:00>う<CTRL:00> <CTRL:00>ん<CTRL:00><N:ｃ:9:17><CTRL:00>は<CTRL:00>3 に<CTRL:00> <CTRL:00>ー か<CTRL:00>
E3/SE037.DAT,0x47A1C,13,medium,0,original,,,,,,は<CTRL:00>3 に<CTRL:00> <CTRL:00>ー か<CTRL:00>
E3/SE037.DAT,0x47BF4,49,medium,0,original,,,,,,<CTRL:00><N:ъ:14:1A><CTRL:00>し<CTRL:00>す<CTRL:00><N:．:2:0F><CTRL:00>う<CTRL:00> <CTRL:00>ん<CTRL:00><N:ｃ:12:16><CTRL:00>は<CTRL:00>1！に<CTRL:00>す<CTRL:00><N:ﾉ:6:10><CTRL:00>う<CTRL:00> <CTRL:00>ん<CTRL:00><N:ｃ:9:17><CTRL:00>は<CTRL:00>1！に<CTRL:00> <CTRL:00>を！か<CTRL:00>
E3/SE037.DAT,0x47C18,13,medium,0,original,,,,,,は<CTRL:00>1！に<CTRL:00> <CTRL:00>を！か<CTRL:00>
E3/SE037.DAT,0x47E18,21,medium,0,original,,,,,,<CTRL:00><N:ъ:14:1A><CTRL:00>し<CTRL:00>す<CTRL:00><N:*:7:0B><CTRL:00><N:ｃ:9:17><CTRL:00>す<CTRL:00>”<CTRL:00>う<CTRL:00> <CTRL:00>ま
E3/SE037.DAT,0x47E24,9,medium,0,original,,,,,,す<CTRL:00>”<CTRL:00>う<CTRL:00> <CTRL:00>ま
E3/SE037.DAT,0x48090,21,medium,0,original,,,,,,<CTRL:00><N:ъ:14:1A><CTRL:00>し<CTRL:00>す<CTRL:00><N:*:7:0B><CTRL:00><N:ｃ:9:17><CTRL:00>す<CTRL:00>”<CTRL:00>う<CTRL:00> <CTRL:00>ま
E3/SE037.DAT,0x4809C,9,medium,0,original,,,,,,す<CTRL:00>”<CTRL:00>う<CTRL:00> <CTRL:00>ま
E3/SE037.DAT,0x482A8,21,medium,0,original,,,,,,<CTRL:00><N:ъ:14:1A><CTRL:00>し<CTRL:00>す<CTRL:00><N:*:7:0B><CTRL:00><N:ｃ:9:17><CTRL:00>す<CTRL:00>”<CTRL:00>う<CTRL:00> <CTRL:00>ま
E3/SE037.DAT,0x482B4,9,medium,0,original,,,,,,す<CTRL:00>”<CTRL:00>う<CTRL:00> <CTRL:00>ま
E3/SE037.DAT,0x48498,21,medium,0,original,,,,,,<CTRL:00><N:ъ:14:1A><CTRL:00>し<CTRL:00>す<CTRL:00><N:*:7:0B><CTRL:00><N:ｃ:9:17><CTRL:00>す<CTRL:00>”<CTRL:00>う<CTRL:00> <CTRL:00>ま
E3/SE037.DAT,0x484A4,9,medium,0,original,,,,,,す<CTRL:00>”<CTRL:00>う<CTRL:00> <CTRL:00>ま
E3/SE037.DAT,0x48598,7,medium,0,original,,,,,,<CTRL:00><N:ъ:14:1A><CTRL:00>し<CTRL:00>
E3/SE037.DAT,0x488F6,9,medium,0,original,,,,,,す<CTRL:00>”<CTRL:00>う<CTRL:00> <CTRL:00>ま
E3/SE037.DAT,0x489AA,9,medium,0,original,,,,,,す<CTRL:00>”<CTRL:00>う<CTRL:00> <CTRL:00>ま
E3/SE037.DAT,0x48AD8,9,medium,0,original,,,,,,す<CTRL:00>”<CTRL:00>う<CTRL:00> <CTRL:00>ま
E3/SE037.DAT,0x48CEC,9,medium,0,original,,,,,,す<CTRL:00>”<CTRL:00>う<CTRL:00> <CTRL:00>ま
E3/SE037.DAT,0x48D8C,9,medium,0,original,,,,,,す<CTRL:00>”<CTRL:00>う<CTRL:00> <CTRL:00>ま
E3/SE037.DAT,0x48E02,9,medium,0,original,,,,,,す<CTRL:00>”<CTRL:00>う<CTRL:00> <CTRL:00>ま
E3/SE037.DAT,0x48EFE,9,medium,0,original,,,,,,す<CTRL:00>”<CTRL:00>う<CTRL:00> <CTRL:00>ま
E3/SE037.DAT,0x4922A,9,medium,0,original,,,,,,す<CTRL:00>”<CTRL:00>う<CTRL:00> <CTRL:00>ま
E3/SE038.DAT,0x479F8,49,medium,0,original,,,,,,<CTRL:00><N:ъ:14:1A><CTRL:00>し<CTRL:00>す<CTRL:00><N:．:2:0F><CTRL:00>う<CTRL:00> <CTRL:00>ん<CTRL:00><N:ｃ:12:16><CTRL:00>は<CTRL:00>3 に<CTRL:00>す<CTRL:00><N:ﾉ:6:10><CTRL:00>う<CTRL:00> <CTRL:00>ん<CTRL:00><N:ｃ:9:17><CTRL:00>は<CTRL:00>3 に<CTRL:00> <CTRL:00>ー か<CTRL:00>
E3/SE038.DAT,0x47A1C,13,medium,0,original,,,,,,は<CTRL:00>3 に<CTRL:00> <CTRL:00>ー か<CTRL:00>
E3/SE038.DAT,0x47BF4,49,medium,0,original,,,,,,<CTRL:00><N:ъ:14:1A><CTRL:00>し<CTRL:00>す<CTRL:00><N:．:2:0F><CTRL:00>う<CTRL:00> <CTRL:00>ん<CTRL:00><N:ｃ:12:16><CTRL:00>は<CTRL:00>1！に<CTRL:00>す<CTRL:00><N:ﾉ:6:10><CTRL:00>う<CTRL:00> <CTRL:00>ん<CTRL:00><N:ｃ:9:17><CTRL:00>は<CTRL:00>1！に<CTRL:00> <CTRL:00>を！か<CTRL:00>
E3/SE038.DAT,0x47C18,13,medium,0,original,,,,,,は<CTRL:00>1！に<CTRL:00> <CTRL:00>を！か<CTRL:00>
E3/SE038.DAT,0x47E18,21,medium,0,original,,,,,,<CTRL:00><N:ъ:14:1A><CTRL:00>し<CTRL:00>す<CTRL:00><N:*:7:0B><CTRL:00><N:ｃ:9:17><CTRL:00>す<CTRL:00>”<CTRL:00>う<CTRL:00> <CTRL:00>ま
E3/SE038.DAT,0x47E24,9,medium,0,original,,,,,,す<CTRL:00>”<CTRL:00>う<CTRL:00> <CTRL:00>ま
E3/SE038.DAT,0x48090,21,medium,0,original,,,,,,<CTRL:00><N:ъ:14:1A><CTRL:00>し<CTRL:00>す<CTRL:00><N:*:7:0B><CTRL:00><N:ｃ:9:17><CTRL:00>す<CTRL:00>”<CTRL:00>う<CTRL:00> <CTRL:00>ま
E3/SE038.DAT,0x4809C,9,medium,0,original,,,,,,す<CTRL:00>”<CTRL:00>う<CTRL:00> <CTRL:00>ま
E3/SE038.DAT,0x482A8,21,medium,0,original,,,,,,<CTRL:00><N:ъ:14:1A><CTRL:00>し<CTRL:00>す<CTRL:00><N:*:7:0B><CTRL:00><N:ｃ:9:17><CTRL:00>す<CTRL:00>”<CTRL:00>う<CTRL:00> <CTRL:00>ま
E3/SE038.DAT,0x482B4,9,medium,0,original,,,,,,す<CTRL:00>”<CTRL:00>う<CTRL:00> <CTRL:00>ま
E3/SE038.DAT,0x48498,21,medium,0,original,,,,,,<CTRL:00><N:ъ:14:1A><CTRL:00>し<CTRL:00>す<CTRL:00><N:*:7:0B><CTRL:00><N:ｃ:9:17><CTRL:00>す<CTRL:00>”<CTRL:00>う<CTRL:00> <CTRL:00>ま
E3/SE038.DAT,0x484A4,9,medium,0,original,,,,,,す<CTRL:00>”<CTRL:00>う<CTRL:00> <CTRL:00>ま
E3/SE038.DAT,0x48598,7,medium,0,original,,,,,,<CTRL:00><N:ъ:14:1A><CTRL:00>し<CTRL:00>
E3/SE038.DAT,0x488F6,9,medium,0,original,,,,,,す<CTRL:00>”<CTRL:00>う<CTRL:00> <CTRL:00>ま
E3/SE038.DAT,0x489AA,9,medium,0,original,,,,,,す<CTRL:00>”<CTRL:00>う<CTRL:00> <CTRL:00>ま
E3/SE038.DAT,0x48AD8,9,medium,0,original,,,,,,す<CTRL:00>”<CTRL:00>う<CTRL:00> <CTRL:00>ま
E3/SE038.DAT,0x48CEC,9,medium,0,original,,,,,,す<CTRL:00>”<CTRL:00>う<CTRL:00> <CTRL:00>ま
E3/SE038.DAT,0x48D8C,9,medium,0,original,,,,,,す<CTRL:00>”<CTRL:00>う<CTRL:00> <CTRL:00>ま
E3/SE038.DAT,0x48E02,9,medium,0,original,,,,,,す<CTRL:00>”<CTRL:00>う<CTRL:00> <CTRL:00>ま
E3/SE038.DAT,0x48EFE,9,medium,0,original,,,,,,す<CTRL:00>”<CTRL:00>う<CTRL:00> <CTRL:00>ま
E3/SE038.DAT,0x4922A,9,medium,0,original,,,,,,す<CTRL:00>”<CTRL:00>う<CTRL:00> <CTRL:00>ま
E3/SE039.DAT,0x479F8,49,medium,0,original,,,,,,<CTRL:00><N:ъ:14:1A><CTRL:00>し<CTRL:00>す<CTRL:00><N:．:2:0F><CTRL:00>う<CTRL:00> <CTRL:00>ん<CTRL:00><N:ｃ:12:16><CTRL:00>は<CTRL:00>3 に<CTRL:00>す<CTRL:00><N:ﾉ:6:10><CTRL:00>う<CTRL:00> <CTRL:00>ん<CTRL:00><N:ｃ:9:17><CTRL:00>は<CTRL:00>3 に<CTRL:00> <CTRL:00>ー か<CTRL:00>
E3/SE039.DAT,0x47A1C,13,medium,0,original,,,,,,は<CTRL:00>3 に<CTRL:00> <CTRL:00>ー か<CTRL:00>
E3/SE039.DAT,0x47BF4,49,medium,0,original,,,,,,<CTRL:00><N:ъ:14:1A><CTRL:00>し<CTRL:00>す<CTRL:00><N:．:2:0F><CTRL:00>う<CTRL:00> <CTRL:00>ん<CTRL:00><N:ｃ:12:16><CTRL:00>は<CTRL:00>1！に<CTRL:00>す<CTRL:00><N:ﾉ:6:10><CTRL:00>う<CTRL:00> <CTRL:00>ん<CTRL:00><N:ｃ:9:17><CTRL:00>は<CTRL:00>1！に<CTRL:00> <CTRL:00>を！か<CTRL:00>
E3/SE039.DAT,0x47C18,13,medium,0,original,,,,,,は<CTRL:00>1！に<CTRL:00> <CTRL:00>を！か<CTRL:00>
E3/SE039.DAT,0x47E18,21,medium,0,original,,,,,,<CTRL:00><N:ъ:14:1A><CTRL:00>し<CTRL:00>す<CTRL:00><N:*:7:0B><CTRL:00><N:ｃ:9:17><CTRL:00>す<CTRL:00>”<CTRL:00>う<CTRL:00> <CTRL:00>ま
E3/SE039.DAT,0x47E24,9,medium,0,original,,,,,,す<CTRL:00>”<CTRL:00>う<CTRL:00> <CTRL:00>ま
E3/SE039.DAT,0x48090,21,medium,0,original,,,,,,<CTRL:00><N:ъ:14:1A><CTRL:00>し<CTRL:00>す<CTRL:00><N:*:7:0B><CTRL:00><N:ｃ:9:17><CTRL:00>す<CTRL:00>”<CTRL:00>う<CTRL:00> <CTRL:00>ま
E3/SE039.DAT,0x4809C,9,medium,0,original,,,,,,す<CTRL:00>”<CTRL:00>う<CTRL:00> <CTRL:00>ま
E3/SE039.DAT,0x482A8,21,medium,0,original,,,,,,<CTRL:00><N:ъ:14:1A><CTRL:00>し<CTRL:00>す<CTRL:00><N:*:7:0B><CTRL:00><N:ｃ:9:17><CTRL:00>す<CTRL:00>”<CTRL:00>う<CTRL:00> <CTRL:00>ま
E3/SE039.DAT,0x482B4,9,medium,0,original,,,,,,す<CTRL:00>”<CTRL:00>う<CTRL:00> <CTRL:00>ま
E3/SE039.DAT,0x48498,21,medium,0,original,,,,,,<CTRL:00><N:ъ:14:1A><CTRL:00>し<CTRL:00>す<CTRL:00><N:*:7:0B><CTRL:00><N:ｃ:9:17><CTRL:00>す<CTRL:00>”<CTRL:00>う<CTRL:00> <CTRL:00>ま
E3/SE039.DAT,0x484A4,9,medium,0,original,,,,,,す<CTRL:00>”<CTRL:00>う<CTRL:00> <CTRL:00>ま
E3/SE039.DAT,0x48598,7,medium,0,original,,,,,,<CTRL:00><N:ъ:14:1A><CTRL:00>し<CTRL:00>
E3/SE039.DAT,0x488F6,9,medium,0,original,,,,,,す<CTRL:00>”<CTRL:00>う<CTRL:00> <CTRL:00>ま
E3/SE039.DAT,0x489AA,9,medium,0,original,,,,,,す<CTRL:00>”<CTRL:00>う<CTRL:00> <CTRL:00>ま
E3/SE039.DAT,0x48AD8,9,medium,0,original,,,,,,す<CTRL:00>”<CTRL:00>う<CTRL:00> <CTRL:00>ま
E3/SE039.DAT,0x48CEC,9,medium,0,original,,,,,,す<CTRL:00>”<CTRL:00>う<CTRL:00> <CTRL:00>ま
E3/SE039.DAT,0x48D8C,9,medium,0,original,,,,,,す<CTRL:00>”<CTRL:00>う<CTRL:00> <CTRL:00>ま
E3/SE039.DAT,0x48E02,9,medium,0,original,,,,,,す<CTRL:00>”<CTRL:00>う<CTRL:00> <CTRL:00>ま
E3/SE039.DAT,0x48EFE,9,medium,0,original,,,,,,す<CTRL:00>”<CTRL:00>う<CTRL:00> <CTRL:00>ま
E3/SE039.DAT,0x4922A,9,medium,0,original,,,,,,す<CTRL:00>”<CTRL:00>う<CTRL:00> <CTRL:00>ま
E3/SE03A.DAT,0x479F8,49,medium,0,original,,,,,,<CTRL:00><N:ъ:14:1A><CTRL:00>し<CTRL:00>す<CTRL:00><N:．:2:0F><CTRL:00>う<CTRL:00> <CTRL:00>ん<CTRL:00><N:ｃ:12:16><CTRL:00>は<CTRL:00>3 に<CTRL:00>す<CTRL:00><N:ﾉ:6:10><CTRL:00>う<CTRL:00> <CTRL:00>ん<CTRL:00><N:ｃ:9:17><CTRL:00>は<CTRL:00>3 に<CTRL:00> <CTRL:00>ー か<CTRL:00>
E3/SE03A.DAT,0x47A1C,13,medium,0,original,,,,,,は<CTRL:00>3 に<CTRL:00> <CTRL:00>ー か<CTRL:00>
E3/SE03A.DAT,0x47BF4,49,medium,0,original,,,,,,<CTRL:00><N:ъ:14:1A><CTRL:00>し<CTRL:00>す<CTRL:00><N:．:2:0F><CTRL:00>う<CTRL:00> <CTRL:00>ん<CTRL:00><N:ｃ:12:16><CTRL:00>は<CTRL:00>1！に<CTRL:00>す<CTRL:00><N:ﾉ:6:10><CTRL:00>う<CTRL:00> <CTRL:00>ん<CTRL:00><N:ｃ:9:17><CTRL:00>は<CTRL:00>1！に<CTRL:00> <CTRL:00>を！か<CTRL:00>
E3/SE03A.DAT,0x47C18,13,medium,0,original,,,,,,は<CTRL:00>1！に<CTRL:00> <CTRL:00>を！か<CTRL:00>
E3/SE03A.DAT,0x47E18,21,medium,0,original,,,,,,<CTRL:00><N:ъ:14:1A><CTRL:00>し<CTRL:00>す<CTRL:00><N:*:7:0B><CTRL:00><N:ｃ:9:17><CTRL:00>す<CTRL:00>”<CTRL:00>う<CTRL:00> <CTRL:00>ま
E3/SE03A.DAT,0x47E24,9,medium,0,original,,,,,,す<CTRL:00>”<CTRL:00>う<CTRL:00> <CTRL:00>ま
E3/SE03A.DAT,0x48090,21,medium,0,original,,,,,,<CTRL:00><N:ъ:14:1A><CTRL:00>し<CTRL:00>す<CTRL:00><N:*:7:0B><CTRL:00><N:ｃ:9:17><CTRL:00>す<CTRL:00>”<CTRL:00>う<CTRL:00> <CTRL:00>ま
E3/SE03A.DAT,0x4809C,9,medium,0,original,,,,,,す<CTRL:00>”<CTRL:00>う<CTRL:00> <CTRL:00>ま
E3/SE03A.DAT,0x482A8,21,medium,0,original,,,,,,<CTRL:00><N:ъ:14:1A><CTRL:00>し<CTRL:00>す<CTRL:00><N:*:7:0B><CTRL:00><N:ｃ:9:17><CTRL:00>す<CTRL:00>”<CTRL:00>う<CTRL:00> <CTRL:00>ま
E3/SE03A.DAT,0x482B4,9,medium,0,original,,,,,,す<CTRL:00>”<CTRL:00>う<CTRL:00> <CTRL:00>ま
E3/SE03A.DAT,0x48498,21,medium,0,original,,,,,,<CTRL:00><N:ъ:14:1A><CTRL:00>し<CTRL:00>す<CTRL:00><N:*:7:0B><CTRL:00><N:ｃ:9:17><CTRL:00>す<CTRL:00>”<CTRL:00>う<CTRL:00> <CTRL:00>ま
E3/SE03A.DAT,0x484A4,9,medium,0,original,,,,,,す<CTRL:00>”<CTRL:00>う<CTRL:00> <CTRL:00>ま
E3/SE03A.DAT,0x48598,7,medium,0,original,,,,,,<CTRL:00><N:ъ:14:1A><CTRL:00>し<CTRL:00>
E3/SE03A.DAT,0x488F6,9,medium,0,original,,,,,,す<CTRL:00>”<CTRL:00>う<CTRL:00> <CTRL:00>ま
E3/SE03A.DAT,0x489AA,9,medium,0,original,,,,,,す<CTRL:00>”<CTRL:00>う<CTRL:00> <CTRL:00>ま
E3/SE03A.DAT,0x48AD8,9,medium,0,original,,,,,,す<CTRL:00>”<CTRL:00>う<CTRL:00> <CTRL:00>ま
E3/SE03A.DAT,0x48CEC,9,medium,0,original,,,,,,す<CTRL:00>”<CTRL:00>う<CTRL:00> <CTRL:00>ま
E3/SE03A.DAT,0x48D8C,9,medium,0,original,,,,,,す<CTRL:00>”<CTRL:00>う<CTRL:00> <CTRL:00>ま
E3/SE03A.DAT,0x48E02,9,medium,0,original,,,,,,す<CTRL:00>”<CTRL:00>う<CTRL:00> <CTRL:00>ま
E3/SE03A.DAT,0x48EFE,9,medium,0,original,,,,,,す<CTRL:00>”<CTRL:00>う<CTRL:00> <CTRL:00>ま
E3/SE03A.DAT,0x4922A,9,medium,0,original,,,,,,す<CTRL:00>”<CTRL:00>う<CTRL:00> <CTRL:00>ま
E4/SE041.DAT,0x479F8,49,medium,0,original,,,,,,<CTRL:00><N:ъ:14:1A><CTRL:00>し<CTRL:00>す<CTRL:00><N:．:2:0F><CTRL:00>う<CTRL:00> <CTRL:00>ん<CTRL:00><N:ｃ:12:16><CTRL:00>は<CTRL:00>3 に<CTRL:00>す<CTRL:00><N:ﾉ:6:10><CTRL:00>う<CTRL:00> <CTRL:00>ん<CTRL:00><N:ｃ:9:17><CTRL:00>は<CTRL:00>3 に<CTRL:00> <CTRL:00>ー か<CTRL:00>
E4/SE041.DAT,0x47A1C,13,medium,0,original,,,,,,は<CTRL:00>3 に<CTRL:00> <CTRL:00>ー か<CTRL:00>
E4/SE041.DAT,0x47BF4,49,medium,0,original,,,,,,<CTRL:00><N:ъ:14:1A><CTRL:00>し<CTRL:00>す<CTRL:00><N:．:2:0F><CTRL:00>う<CTRL:00> <CTRL:00>ん<CTRL:00><N:ｃ:12:16><CTRL:00>は<CTRL:00>1！に<CTRL:00>す<CTRL:00><N:ﾉ:6:10><CTRL:00>う<CTRL:00> <CTRL:00>ん<CTRL:00><N:ｃ:9:17><CTRL:00>は<CTRL:00>1！に<CTRL:00> <CTRL:00>を！か<CTRL:00>
E4/SE041.DAT,0x47C18,13,medium,0,original,,,,,,は<CTRL:00>1！に<CTRL:00> <CTRL:00>を！か<CTRL:00>
E4/SE041.DAT,0x47E18,21,medium,0,original,,,,,,<CTRL:00><N:ъ:14:1A><CTRL:00>し<CTRL:00>す<CTRL:00><N:*:7:0B><CTRL:00><N:ｃ:9:17><CTRL:00>す<CTRL:00>”<CTRL:00>う<CTRL:00> <CTRL:00>ま
E4/SE041.DAT,0x47E24,9,medium,0,original,,,,,,す<CTRL:00>”<CTRL:00>う<CTRL:00> <CTRL:00>ま
E4/SE041.DAT,0x48090,21,medium,0,original,,,,,,<CTRL:00><N:ъ:14:1A><CTRL:00>し<CTRL:00>す<CTRL:00><N:*:7:0B><CTRL:00><N:ｃ:9:17><CTRL:00>す<CTRL:00>”<CTRL:00>う<CTRL:00> <CTRL:00>ま
E4/SE041.DAT,0x4809C,9,medium,0,original,,,,,,す<CTRL:00>”<CTRL:00>う<CTRL:00> <CTRL:00>ま
E4/SE041.DAT,0x482A8,21,medium,0,original,,,,,,<CTRL:00><N:ъ:14:1A><CTRL:00>し<CTRL:00>す<CTRL:00><N:*:7:0B><CTRL:00><N:ｃ:9:17><CTRL:00>す<CTRL:00>”<CTRL:00>う<CTRL:00> <CTRL:00>ま
E4/SE041.DAT,0x482B4,9,medium,0,original,,,,,,す<CTRL:00>”<CTRL:00>う<CTRL:00> <CTRL:00>ま
E4/SE041.DAT,0x48498,21,medium,0,original,,,,,,<CTRL:00><N:ъ:14:1A><CTRL:00>し<CTRL:00>す<CTRL:00><N:*:7:0B><CTRL:00><N:ｃ:9:17><CTRL:00>す<CTRL:00>”<CTRL:00>う<CTRL:00> <CTRL:00>ま
E4/SE041.DAT,0x484A4,9,medium,0,original,,,,,,す<CTRL:00>”<CTRL:00>う<CTRL:00> <CTRL:00>ま
E4/SE041.DAT,0x48598,7,medium,0,original,,,,,,<CTRL:00><N:ъ:14:1A><CTRL:00>し<CTRL:00>
E4/SE041.DAT,0x488F6,9,medium,0,original,,,,,,す<CTRL:00>”<CTRL:00>う<CTRL:00> <CTRL:00>ま
E4/SE041.DAT,0x489AA,9,medium,0,original,,,,,,す<CTRL:00>”<CTRL:00>う<CTRL:00> <CTRL:00>ま
E4/SE041.DAT,0x48AD8,9,medium,0,original,,,,,,す<CTRL:00>”<CTRL:00>う<CTRL:00> <CTRL:00>ま
E4/SE041.DAT,0x48CEC,9,medium,0,original,,,,,,す<CTRL:00>”<CTRL:00>う<CTRL:00> <CTRL:00>ま
E4/SE041.DAT,0x48D8C,9,medium,0,original,,,,,,す<CTRL:00>”<CTRL:00>う<CTRL:00> <CTRL:00>ま
E4/SE041.DAT,0x48E02,9,medium,0,original,,,,,,す<CTRL:00>”<CTRL:00>う<CTRL:00> <CTRL:00>ま
E4/SE041.DAT,0x48EFE,9,medium,0,original,,,,,,す<CTRL:00>”<CTRL:00>う<CTRL:00> <CTRL:00>ま
E4/SE041.DAT,0x4922A,9,medium,0,original,,,,,,す<CTRL:00>”<CTRL:00>う<CTRL:00> <CTRL:00>ま
E4/SE042.DAT,0x479F8,49,medium,0,original,,,,,,<CTRL:00><N:ъ:14:1A><CTRL:00>し<CTRL:00>す<CTRL:00><N:．:2:0F><CTRL:00>う<CTRL:00> <CTRL:00>ん<CTRL:00><N:ｃ:12:16><CTRL:00>は<CTRL:00>3 に<CTRL:00>す<CTRL:00><N:ﾉ:6:10><CTRL:00>う<CTRL:00> <CTRL:00>ん<CTRL:00><N:ｃ:9:17><CTRL:00>は<CTRL:00>3 に<CTRL:00> <CTRL:00>ー か<CTRL:00>
E4/SE042.DAT,0x47A1C,13,medium,0,original,,,,,,は<CTRL:00>3 に<CTRL:00> <CTRL:00>ー か<CTRL:00>
E4/SE042.DAT,0x47BF4,49,medium,0,original,,,,,,<CTRL:00><N:ъ:14:1A><CTRL:00>し<CTRL:00>す<CTRL:00><N:．:2:0F><CTRL:00>う<CTRL:00> <CTRL:00>ん<CTRL:00><N:ｃ:12:16><CTRL:00>は<CTRL:00>1！に<CTRL:00>す<CTRL:00><N:ﾉ:6:10><CTRL:00>う<CTRL:00> <CTRL:00>ん<CTRL:00><N:ｃ:9:17><CTRL:00>は<CTRL:00>1！に<CTRL:00> <CTRL:00>を！か<CTRL:00>
E4/SE042.DAT,0x47C18,13,medium,0,original,,,,,,は<CTRL:00>1！に<CTRL:00> <CTRL:00>を！か<CTRL:00>
E4/SE042.DAT,0x47E18,21,medium,0,original,,,,,,<CTRL:00><N:ъ:14:1A><CTRL:00>し<CTRL:00>す<CTRL:00><N:*:7:0B><CTRL:00><N:ｃ:9:17><CTRL:00>す<CTRL:00>”<CTRL:00>う<CTRL:00> <CTRL:00>ま
E4/SE042.DAT,0x47E24,9,medium,0,original,,,,,,す<CTRL:00>”<CTRL:00>う<CTRL:00> <CTRL:00>ま
E4/SE042.DAT,0x48090,21,medium,0,original,,,,,,<CTRL:00><N:ъ:14:1A><CTRL:00>し<CTRL:00>す<CTRL:00><N:*:7:0B><CTRL:00><N:ｃ:9:17><CTRL:00>す<CTRL:00>”<CTRL:00>う<CTRL:00> <CTRL:00>ま
E4/SE042.DAT,0x4809C,9,medium,0,original,,,,,,す<CTRL:00>”<CTRL:00>う<CTRL:00> <CTRL:00>ま
E4/SE042.DAT,0x482A8,21,medium,0,original,,,,,,<CTRL:00><N:ъ:14:1A><CTRL:00>し<CTRL:00>す<CTRL:00><N:*:7:0B><CTRL:00><N:ｃ:9:17><CTRL:00>す<CTRL:00>”<CTRL:00>う<CTRL:00> <CTRL:00>ま
E4/SE042.DAT,0x482B4,9,medium,0,original,,,,,,す<CTRL:00>”<CTRL:00>う<CTRL:00> <CTRL:00>ま
E4/SE042.DAT,0x48498,21,medium,0,original,,,,,,<CTRL:00><N:ъ:14:1A><CTRL:00>し<CTRL:00>す<CTRL:00><N:*:7:0B><CTRL:00><N:ｃ:9:17><CTRL:00>す<CTRL:00>”<CTRL:00>う<CTRL:00> <CTRL:00>ま
E4/SE042.DAT,0x484A4,9,medium,0,original,,,,,,す<CTRL:00>”<CTRL:00>う<CTRL:00> <CTRL:00>ま
E4/SE042.DAT,0x48598,7,medium,0,original,,,,,,<CTRL:00><N:ъ:14:1A><CTRL:00>し<CTRL:00>
E4/SE042.DAT,0x488F6,9,medium,0,original,,,,,,す<CTRL:00>”<CTRL:00>う<CTRL:00> <CTRL:00>ま
E4/SE042.DAT,0x489AA,9,medium,0,original,,,,,,す<CTRL:00>”<CTRL:00>う<CTRL:00> <CTRL:00>ま
E4/SE042.DAT,0x48AD8,9,medium,0,original,,,,,,す<CTRL:00>”<CTRL:00>う<CTRL:00> <CTRL:00>ま
E4/SE042.DAT,0x48CEC,9,medium,0,original,,,,,,す<CTRL:00>”<CTRL:00>う<CTRL:00> <CTRL:00>ま
E4/SE042.DAT,0x48D8C,9,medium,0,original,,,,,,す<CTRL:00>”<CTRL:00>う<CTRL:00> <CTRL:00>ま
E4/SE042.DAT,0x48E02,9,medium,0,original,,,,,,す<CTRL:00>”<CTRL:00>う<CTRL:00> <CTRL:00>ま
E4/SE042.DAT,0x48EFE,9,medium,0,original,,,,,,す<CTRL:00>”<CTRL:00>う<CTRL:00> <CTRL:00>ま
E4/SE042.DAT,0x4922A,9,medium,0,original,,,,,,す<CTRL:00>”<CTRL:00>う<CTRL:00> <CTRL:00>ま
E4/SE043.DAT,0x479F8,49,medium,0,original,,,,,,<CTRL:00><N:ъ:14:1A><CTRL:00>し<CTRL:00>す<CTRL:00><N:．:2:0F><CTRL:00>う<CTRL:00> <CTRL:00>ん<CTRL:00><N:ｃ:12:16><CTRL:00>は<CTRL:00>3 に<CTRL:00>す<CTRL:00><N:ﾉ:6:10><CTRL:00>う<CTRL:00> <CTRL:00>ん<CTRL:00><N:ｃ:9:17><CTRL:00>は<CTRL:00>3 に<CTRL:00> <CTRL:00>ー か<CTRL:00>
E4/SE043.DAT,0x47A1C,13,medium,0,original,,,,,,は<CTRL:00>3 に<CTRL:00> <CTRL:00>ー か<CTRL:00>
E4/SE043.DAT,0x47BF4,49,medium,0,original,,,,,,<CTRL:00><N:ъ:14:1A><CTRL:00>し<CTRL:00>す<CTRL:00><N:．:2:0F><CTRL:00>う<CTRL:00> <CTRL:00>ん<CTRL:00><N:ｃ:12:16><CTRL:00>は<CTRL:00>1！に<CTRL:00>す<CTRL:00><N:ﾉ:6:10><CTRL:00>う<CTRL:00> <CTRL:00>ん<CTRL:00><N:ｃ:9:17><CTRL:00>は<CTRL:00>1！に<CTRL:00> <CTRL:00>を！か<CTRL:00>
E4/SE043.DAT,0x47C18,13,medium,0,original,,,,,,は<CTRL:00>1！に<CTRL:00> <CTRL:00>を！か<CTRL:00>
E4/SE043.DAT,0x47E18,21,medium,0,original,,,,,,<CTRL:00><N:ъ:14:1A><CTRL:00>し<CTRL:00>す<CTRL:00><N:*:7:0B><CTRL:00><N:ｃ:9:17><CTRL:00>す<CTRL:00>”<CTRL:00>う<CTRL:00> <CTRL:00>ま
E4/SE043.DAT,0x47E24,9,medium,0,original,,,,,,す<CTRL:00>”<CTRL:00>う<CTRL:00> <CTRL:00>ま
E4/SE043.DAT,0x48090,21,medium,0,original,,,,,,<CTRL:00><N:ъ:14:1A><CTRL:00>し<CTRL:00>す<CTRL:00><N:*:7:0B><CTRL:00><N:ｃ:9:17><CTRL:00>す<CTRL:00>”<CTRL:00>う<CTRL:00> <CTRL:00>ま
E4/SE043.DAT,0x4809C,9,medium,0,original,,,,,,す<CTRL:00>”<CTRL:00>う<CTRL:00> <CTRL:00>ま
E4/SE043.DAT,0x482A8,21,medium,0,original,,,,,,<CTRL:00><N:ъ:14:1A><CTRL:00>し<CTRL:00>す<CTRL:00><N:*:7:0B><CTRL:00><N:ｃ:9:17><CTRL:00>す<CTRL:00>”<CTRL:00>う<CTRL:00> <CTRL:00>ま
E4/SE043.DAT,0x482B4,9,medium,0,original,,,,,,す<CTRL:00>”<CTRL:00>う<CTRL:00> <CTRL:00>ま
E4/SE043.DAT,0x48498,21,medium,0,original,,,,,,<CTRL:00><N:ъ:14:1A><CTRL:00>し<CTRL:00>す<CTRL:00><N:*:7:0B><CTRL:00><N:ｃ:9:17><CTRL:00>す<CTRL:00>”<CTRL:00>う<CTRL:00> <CTRL:00>ま
E4/SE043.DAT,0x484A4,9,medium,0,original,,,,,,す<CTRL:00>”<CTRL:00>う<CTRL:00> <CTRL:00>ま
E4/SE043.DAT,0x48598,7,medium,0,original,,,,,,<CTRL:00><N:ъ:14:1A><CTRL:00>し<CTRL:00>
E4/SE043.DAT,0x488F6,9,medium,0,original,,,,,,す<CTRL:00>”<CTRL:00>う<CTRL:00> <CTRL:00>ま
E4/SE043.DAT,0x489AA,9,medium,0,original,,,,,,す<CTRL:00>”<CTRL:00>う<CTRL:00> <CTRL:00>ま
E4/SE043.DAT,0x48AD8,9,medium,0,original,,,,,,す<CTRL:00>”<CTRL:00>う<CTRL:00> <CTRL:00>ま
E4/SE043.DAT,0x48CEC,9,medium,0,original,,,,,,す<CTRL:00>”<CTRL:00>う<CTRL:00> <CTRL:00>ま
E4/SE043.DAT,0x48D8C,9,medium,0,original,,,,,,す<CTRL:00>”<CTRL:00>う<CTRL:00> <CTRL:00>ま
E4/SE043.DAT,0x48E02,9,medium,0,original,,,,,,す<CTRL:00>”<CTRL:00>う<CTRL:00> <CTRL:00>ま
E4/SE043.DAT,0x48EFE,9,medium,0,original,,,,,,す<CTRL:00>”<CTRL:00>う<CTRL:00> <CTRL:00>ま
E4/SE043.DAT,0x4922A,9,medium,0,original,,,,,,す<CTRL:00>”<CTRL:00>う<CTRL:00> <CTRL:00>ま
E4/SE044.DAT,0x479F8,49,medium,0,original,,,,,,<CTRL:00><N:ъ:14:1A><CTRL:00>し<CTRL:00>す<CTRL:00><N:．:2:0F><CTRL:00>う<CTRL:00> <CTRL:00>ん<CTRL:00><N:ｃ:12:16><CTRL:00>は<CTRL:00>3 に<CTRL:00>す<CTRL:00><N:ﾉ:6:10><CTRL:00>う<CTRL:00> <CTRL:00>ん<CTRL:00><N:ｃ:9:17><CTRL:00>は<CTRL:00>3 に<CTRL:00> <CTRL:00>ー か<CTRL:00>
E4/SE044.DAT,0x47A1C,13,medium,0,original,,,,,,は<CTRL:00>3 に<CTRL:00> <CTRL:00>ー か<CTRL:00>
E4/SE044.DAT,0x47BF4,49,medium,0,original,,,,,,<CTRL:00><N:ъ:14:1A><CTRL:00>し<CTRL:00>す<CTRL:00><N:．:2:0F><CTRL:00>う<CTRL:00> <CTRL:00>ん<CTRL:00><N:ｃ:12:16><CTRL:00>は<CTRL:00>1！に<CTRL:00>す<CTRL:00><N:ﾉ:6:10><CTRL:00>う<CTRL:00> <CTRL:00>ん<CTRL:00><N:ｃ:9:17><CTRL:00>は<CTRL:00>1！に<CTRL:00> <CTRL:00>を！か<CTRL:00>
E4/SE044.DAT,0x47C18,13,medium,0,original,,,,,,は<CTRL:00>1！に<CTRL:00> <CTRL:00>を！か<CTRL:00>
E4/SE044.DAT,0x47E18,21,medium,0,original,,,,,,<CTRL:00><N:ъ:14:1A><CTRL:00>し<CTRL:00>す<CTRL:00><N:*:7:0B><CTRL:00><N:ｃ:9:17><CTRL:00>す<CTRL:00>”<CTRL:00>う<CTRL:00> <CTRL:00>ま
E4/SE044.DAT,0x47E24,9,medium,0,original,,,,,,す<CTRL:00>”<CTRL:00>う<CTRL:00> <CTRL:00>ま
E4/SE044.DAT,0x48090,21,medium,0,original,,,,,,<CTRL:00><N:ъ:14:1A><CTRL:00>し<CTRL:00>す<CTRL:00><N:*:7:0B><CTRL:00><N:ｃ:9:17><CTRL:00>す<CTRL:00>”<CTRL:00>う<CTRL:00> <CTRL:00>ま
E4/SE044.DAT,0x4809C,9,medium,0,original,,,,,,す<CTRL:00>”<CTRL:00>う<CTRL:00> <CTRL:00>ま
E4/SE044.DAT,0x482A8,21,medium,0,original,,,,,,<CTRL:00><N:ъ:14:1A><CTRL:00>し<CTRL:00>す<CTRL:00><N:*:7:0B><CTRL:00><N:ｃ:9:17><CTRL:00>す<CTRL:00>”<CTRL:00>う<CTRL:00> <CTRL:00>ま
E4/SE044.DAT,0x482B4,9,medium,0,original,,,,,,す<CTRL:00>”<CTRL:00>う<CTRL:00> <CTRL:00>ま
E4/SE044.DAT,0x48498,21,medium,0,original,,,,,,<CTRL:00><N:ъ:14:1A><CTRL:00>し<CTRL:00>す<CTRL:00><N:*:7:0B><CTRL:00><N:ｃ:9:17><CTRL:00>す<CTRL:00>”<CTRL:00>う<CTRL:00> <CTRL:00>ま
E4/SE044.DAT,0x484A4,9,medium,0,original,,,,,,す<CTRL:00>”<CTRL:00>う<CTRL:00> <CTRL:00>ま
E4/SE044.DAT,0x48598,7,medium,0,original,,,,,,<CTRL:00><N:ъ:14:1A><CTRL:00>し<CTRL:00>
E4/SE044.DAT,0x488F6,9,medium,0,original,,,,,,す<CTRL:00>”<CTRL:00>う<CTRL:00> <CTRL:00>ま
E4/SE044.DAT,0x489AA,9,medium,0,original,,,,,,す<CTRL:00>”<CTRL:00>う<CTRL:00> <CTRL:00>ま
E4/SE044.DAT,0x48AD8,9,medium,0,original,,,,,,す<CTRL:00>”<CTRL:00>う<CTRL:00> <CTRL:00>ま
E4/SE044.DAT,0x48CEC,9,medium,0,original,,,,,,す<CTRL:00>”<CTRL:00>う<CTRL:00> <CTRL:00>ま
E4/SE044.DAT,0x48D8C,9,medium,0,original,,,,,,す<CTRL:00>”<CTRL:00>う<CTRL:00> <CTRL:00>ま
E4/SE044.DAT,0x48E02,9,medium,0,original,,,,,,す<CTRL:00>”<CTRL:00>う<CTRL:00> <CTRL:00>ま
E4/SE044.DAT,0x48EFE,9,medium,0,original,,,,,,す<CTRL:00>”<CTRL:00>う<CTRL:00> <CTRL:00>ま
E4/SE044.DAT,0x4922A,9,medium,0,original,,,,,,す<CTRL:00>”<CTRL:00>う<CTRL:00> <CTRL:00>ま
E4/SE045.DAT,0x479F8,49,medium,0,original,,,,,,<CTRL:00><N:ъ:14:1A><CTRL:00>し<CTRL:00>す<CTRL:00><N:．:2:0F><CTRL:00>う<CTRL:00> <CTRL:00>ん<CTRL:00><N:ｃ:12:16><CTRL:00>は<CTRL:00>3 に<CTRL:00>す<CTRL:00><N:ﾉ:6:10><CTRL:00>う<CTRL:00> <CTRL:00>ん<CTRL:00><N:ｃ:9:17><CTRL:00>は<CTRL:00>3 に<CTRL:00> <CTRL:00>ー か<CTRL:00>
E4/SE045.DAT,0x47A1C,13,medium,0,original,,,,,,は<CTRL:00>3 に<CTRL:00> <CTRL:00>ー か<CTRL:00>
E4/SE045.DAT,0x47BF4,49,medium,0,original,,,,,,<CTRL:00><N:ъ:14:1A><CTRL:00>し<CTRL:00>す<CTRL:00><N:．:2:0F><CTRL:00>う<CTRL:00> <CTRL:00>ん<CTRL:00><N:ｃ:12:16><CTRL:00>は<CTRL:00>1！に<CTRL:00>す<CTRL:00><N:ﾉ:6:10><CTRL:00>う<CTRL:00> <CTRL:00>ん<CTRL:00><N:ｃ:9:17><CTRL:00>は<CTRL:00>1！に<CTRL:00> <CTRL:00>を！か<CTRL:00>
E4/SE045.DAT,0x47C18,13,medium,0,original,,,,,,は<CTRL:00>1！に<CTRL:00> <CTRL:00>を！か<CTRL:00>
E4/SE045.DAT,0x47E18,21,medium,0,original,,,,,,<CTRL:00><N:ъ:14:1A><CTRL:00>し<CTRL:00>す<CTRL:00><N:*:7:0B><CTRL:00><N:ｃ:9:17><CTRL:00>す<CTRL:00>”<CTRL:00>う<CTRL:00> <CTRL:00>ま
E4/SE045.DAT,0x47E24,9,medium,0,original,,,,,,す<CTRL:00>”<CTRL:00>う<CTRL:00> <CTRL:00>ま
E4/SE045.DAT,0x48090,21,medium,0,original,,,,,,<CTRL:00><N:ъ:14:1A><CTRL:00>し<CTRL:00>す<CTRL:00><N:*:7:0B><CTRL:00><N:ｃ:9:17><CTRL:00>す<CTRL:00>”<CTRL:00>う<CTRL:00> <CTRL:00>ま
E4/SE045.DAT,0x4809C,9,medium,0,original,,,,,,す<CTRL:00>”<CTRL:00>う<CTRL:00> <CTRL:00>ま
E4/SE045.DAT,0x482A8,21,medium,0,original,,,,,,<CTRL:00><N:ъ:14:1A><CTRL:00>し<CTRL:00>す<CTRL:00><N:*:7:0B><CTRL:00><N:ｃ:9:17><CTRL:00>す<CTRL:00>”<CTRL:00>う<CTRL:00> <CTRL:00>ま
E4/SE045.DAT,0x482B4,9,medium,0,original,,,,,,す<CTRL:00>”<CTRL:00>う<CTRL:00> <CTRL:00>ま
E4/SE045.DAT,0x48498,21,medium,0,original,,,,,,<CTRL:00><N:ъ:14:1A><CTRL:00>し<CTRL:00>す<CTRL:00><N:*:7:0B><CTRL:00><N:ｃ:9:17><CTRL:00>す<CTRL:00>”<CTRL:00>う<CTRL:00> <CTRL:00>ま
E4/SE045.DAT,0x484A4,9,medium,0,original,,,,,,す<CTRL:00>”<CTRL:00>う<CTRL:00> <CTRL:00>ま
E4/SE045.DAT,0x48598,7,medium,0,original,,,,,,<CTRL:00><N:ъ:14:1A><CTRL:00>し<CTRL:00>
E4/SE045.DAT,0x488F6,9,medium,0,original,,,,,,す<CTRL:00>”<CTRL:00>う<CTRL:00> <CTRL:00>ま
E4/SE045.DAT,0x489AA,9,medium,0,original,,,,,,す<CTRL:00>”<CTRL:00>う<CTRL:00> <CTRL:00>ま
E4/SE045.DAT,0x48AD8,9,medium,0,original,,,,,,す<CTRL:00>”<CTRL:00>う<CTRL:00> <CTRL:00>ま
E4/SE045.DAT,0x48CEC,9,medium,0,original,,,,,,す<CTRL:00>”<CTRL:00>う<CTRL:00> <CTRL:00>ま
E4/SE045.DAT,0x48D8C,9,medium,0,original,,,,,,す<CTRL:00>”<CTRL:00>う<CTRL:00> <CTRL:00>ま
E4/SE045.DAT,0x48E02,9,medium,0,original,,,,,,す<CTRL:00>”<CTRL:00>う<CTRL:00> <CTRL:00>ま
E4/SE045.DAT,0x48EFE,9,medium,0,original,,,,,,す<CTRL:00>”<CTRL:00>う<CTRL:00> <CTRL:00>ま
E4/SE045.DAT,0x4922A,9,medium,0,original,,,,,,す<CTRL:00>”<CTRL:00>う<CTRL:00> <CTRL:00>ま
E4/SE046.DAT,0x479F8,49,medium,0,original,,,,,,<CTRL:00><N:ъ:14:1A><CTRL:00>し<CTRL:00>す<CTRL:00><N:．:2:0F><CTRL:00>う<CTRL:00> <CTRL:00>ん<CTRL:00><N:ｃ:12:16><CTRL:00>は<CTRL:00>3 に<CTRL:00>す<CTRL:00><N:ﾉ:6:10><CTRL:00>う<CTRL:00> <CTRL:00>ん<CTRL:00><N:ｃ:9:17><CTRL:00>は<CTRL:00>3 に<CTRL:00> <CTRL:00>ー か<CTRL:00>
E4/SE046.DAT,0x47A1C,13,medium,0,original,,,,,,は<CTRL:00>3 に<CTRL:00> <CTRL:00>ー か<CTRL:00>
E4/SE046.DAT,0x47BF4,49,medium,0,original,,,,,,<CTRL:00><N:ъ:14:1A><CTRL:00>し<CTRL:00>す<CTRL:00><N:．:2:0F><CTRL:00>う<CTRL:00> <CTRL:00>ん<CTRL:00><N:ｃ:12:16><CTRL:00>は<CTRL:00>1！に<CTRL:00>す<CTRL:00><N:ﾉ:6:10><CTRL:00>う<CTRL:00> <CTRL:00>ん<CTRL:00><N:ｃ:9:17><CTRL:00>は<CTRL:00>1！に<CTRL:00> <CTRL:00>を！か<CTRL:00>
E4/SE046.DAT,0x47C18,13,medium,0,original,,,,,,は<CTRL:00>1！に<CTRL:00> <CTRL:00>を！か<CTRL:00>
E4/SE046.DAT,0x47E18,21,medium,0,original,,,,,,<CTRL:00><N:ъ:14:1A><CTRL:00>し<CTRL:00>す<CTRL:00><N:*:7:0B><CTRL:00><N:ｃ:9:17><CTRL:00>す<CTRL:00>”<CTRL:00>う<CTRL:00> <CTRL:00>ま
E4/SE046.DAT,0x47E24,9,medium,0,original,,,,,,す<CTRL:00>”<CTRL:00>う<CTRL:00> <CTRL:00>ま
E4/SE046.DAT,0x48090,21,medium,0,original,,,,,,<CTRL:00><N:ъ:14:1A><CTRL:00>し<CTRL:00>す<CTRL:00><N:*:7:0B><CTRL:00><N:ｃ:9:17><CTRL:00>す<CTRL:00>”<CTRL:00>う<CTRL:00> <CTRL:00>ま
E4/SE046.DAT,0x4809C,9,medium,0,original,,,,,,す<CTRL:00>”<CTRL:00>う<CTRL:00> <CTRL:00>ま
E4/SE046.DAT,0x482A8,21,medium,0,original,,,,,,<CTRL:00><N:ъ:14:1A><CTRL:00>し<CTRL:00>す<CTRL:00><N:*:7:0B><CTRL:00><N:ｃ:9:17><CTRL:00>す<CTRL:00>”<CTRL:00>う<CTRL:00> <CTRL:00>ま
E4/SE046.DAT,0x482B4,9,medium,0,original,,,,,,す<CTRL:00>”<CTRL:00>う<CTRL:00> <CTRL:00>ま
E4/SE046.DAT,0x48498,21,medium,0,original,,,,,,<CTRL:00><N:ъ:14:1A><CTRL:00>し<CTRL:00>す<CTRL:00><N:*:7:0B><CTRL:00><N:ｃ:9:17><CTRL:00>す<CTRL:00>”<CTRL:00>う<CTRL:00> <CTRL:00>ま
E4/SE046.DAT,0x484A4,9,medium,0,original,,,,,,す<CTRL:00>”<CTRL:00>う<CTRL:00> <CTRL:00>ま
E4/SE046.DAT,0x48598,7,medium,0,original,,,,,,<CTRL:00><N:ъ:14:1A><CTRL:00>し<CTRL:00>
E4/SE046.DAT,0x488F6,9,medium,0,original,,,,,,す<CTRL:00>”<CTRL:00>う<CTRL:00> <CTRL:00>ま
E4/SE046.DAT,0x489AA,9,medium,0,original,,,,,,す<CTRL:00>”<CTRL:00>う<CTRL:00> <CTRL:00>ま
E4/SE046.DAT,0x48AD8,9,medium,0,original,,,,,,す<CTRL:00>”<CTRL:00>う<CTRL:00> <CTRL:00>ま
E4/SE046.DAT,0x48CEC,9,medium,0,original,,,,,,す<CTRL:00>”<CTRL:00>う<CTRL:00> <CTRL:00>ま
E4/SE046.DAT,0x48D8C,9,medium,0,original,,,,,,す<CTRL:00>”<CTRL:00>う<CTRL:00> <CTRL:00>ま
E4/SE046.DAT,0x48E02,9,medium,0,original,,,,,,す<CTRL:00>”<CTRL:00>う<CTRL:00> <CTRL:00>ま
E4/SE046.DAT,0x48EFE,9,medium,0,original,,,,,,す<CTRL:00>”<CTRL:00>う<CTRL:00> <CTRL:00>ま
E4/SE046.DAT,0x4922A,9,medium,0,original,,,,,,す<CTRL:00>”<CTRL:00>う<CTRL:00> <CTRL:00>ま
E4/SE047.DAT,0x479F8,49,medium,0,original,,,,,,<CTRL:00><N:ъ:14:1A><CTRL:00>し<CTRL:00>す<CTRL:00><N:．:2:0F><CTRL:00>う<CTRL:00> <CTRL:00>ん<CTRL:00><N:ｃ:12:16><CTRL:00>は<CTRL:00>3 に<CTRL:00>す<CTRL:00><N:ﾉ:6:10><CTRL:00>う<CTRL:00> <CTRL:00>ん<CTRL:00><N:ｃ:9:17><CTRL:00>は<CTRL:00>3 に<CTRL:00> <CTRL:00>ー か<CTRL:00>
E4/SE047.DAT,0x47A1C,13,medium,0,original,,,,,,は<CTRL:00>3 に<CTRL:00> <CTRL:00>ー か<CTRL:00>
E4/SE047.DAT,0x47BF4,49,medium,0,original,,,,,,<CTRL:00><N:ъ:14:1A><CTRL:00>し<CTRL:00>す<CTRL:00><N:．:2:0F><CTRL:00>う<CTRL:00> <CTRL:00>ん<CTRL:00><N:ｃ:12:16><CTRL:00>は<CTRL:00>1！に<CTRL:00>す<CTRL:00><N:ﾉ:6:10><CTRL:00>う<CTRL:00> <CTRL:00>ん<CTRL:00><N:ｃ:9:17><CTRL:00>は<CTRL:00>1！に<CTRL:00> <CTRL:00>を！か<CTRL:00>
E4/SE047.DAT,0x47C18,13,medium,0,original,,,,,,は<CTRL:00>1！に<CTRL:00> <CTRL:00>を！か<CTRL:00>
E4/SE047.DAT,0x47E18,21,medium,0,original,,,,,,<CTRL:00><N:ъ:14:1A><CTRL:00>し<CTRL:00>す<CTRL:00><N:*:7:0B><CTRL:00><N:ｃ:9:17><CTRL:00>す<CTRL:00>”<CTRL:00>う<CTRL:00> <CTRL:00>ま
E4/SE047.DAT,0x47E24,9,medium,0,original,,,,,,す<CTRL:00>”<CTRL:00>う<CTRL:00> <CTRL:00>ま
E4/SE047.DAT,0x48090,21,medium,0,original,,,,,,<CTRL:00><N:ъ:14:1A><CTRL:00>し<CTRL:00>す<CTRL:00><N:*:7:0B><CTRL:00><N:ｃ:9:17><CTRL:00>す<CTRL:00>”<CTRL:00>う<CTRL:00> <CTRL:00>ま
E4/SE047.DAT,0x4809C,9,medium,0,original,,,,,,す<CTRL:00>”<CTRL:00>う<CTRL:00> <CTRL:00>ま
E4/SE047.DAT,0x482A8,21,medium,0,original,,,,,,<CTRL:00><N:ъ:14:1A><CTRL:00>し<CTRL:00>す<CTRL:00><N:*:7:0B><CTRL:00><N:ｃ:9:17><CTRL:00>す<CTRL:00>”<CTRL:00>う<CTRL:00> <CTRL:00>ま
E4/SE047.DAT,0x482B4,9,medium,0,original,,,,,,す<CTRL:00>”<CTRL:00>う<CTRL:00> <CTRL:00>ま
E4/SE047.DAT,0x48498,21,medium,0,original,,,,,,<CTRL:00><N:ъ:14:1A><CTRL:00>し<CTRL:00>す<CTRL:00><N:*:7:0B><CTRL:00><N:ｃ:9:17><CTRL:00>す<CTRL:00>”<CTRL:00>う<CTRL:00> <CTRL:00>ま
E4/SE047.DAT,0x484A4,9,medium,0,original,,,,,,す<CTRL:00>”<CTRL:00>う<CTRL:00> <CTRL:00>ま
E4/SE047.DAT,0x48598,7,medium,0,original,,,,,,<CTRL:00><N:ъ:14:1A><CTRL:00>し<CTRL:00>
E4/SE047.DAT,0x488F6,9,medium,0,original,,,,,,す<CTRL:00>”<CTRL:00>う<CTRL:00> <CTRL:00>ま
E4/SE047.DAT,0x489AA,9,medium,0,original,,,,,,す<CTRL:00>”<CTRL:00>う<CTRL:00> <CTRL:00>ま
E4/SE047.DAT,0x48AD8,9,medium,0,original,,,,,,す<CTRL:00>”<CTRL:00>う<CTRL:00> <CTRL:00>ま
E4/SE047.DAT,0x48CEC,9,medium,0,original,,,,,,す<CTRL:00>”<CTRL:00>う<CTRL:00> <CTRL:00>ま
E4/SE047.DAT,0x48D8C,9,medium,0,original,,,,,,す<CTRL:00>”<CTRL:00>う<CTRL:00> <CTRL:00>ま
E4/SE047.DAT,0x48E02,9,medium,0,original,,,,,,す<CTRL:00>”<CTRL:00>う<CTRL:00> <CTRL:00>ま
E4/SE047.DAT,0x48EFE,9,medium,0,original,,,,,,す<CTRL:00>”<CTRL:00>う<CTRL:00> <CTRL:00>ま
E4/SE047.DAT,0x4922A,9,medium,0,original,,,,,,す<CTRL:00>”<CTRL:00>う<CTRL:00> <CTRL:00>ま
E4/SE048.DAT,0x479F8,49,medium,0,original,,,,,,<CTRL:00><N:ъ:14:1A><CTRL:00>し<CTRL:00>す<CTRL:00><N:．:2:0F><CTRL:00>う<CTRL:00> <CTRL:00>ん<CTRL:00><N:ｃ:12:16><CTRL:00>は<CTRL:00>3 に<CTRL:00>す<CTRL:00><N:ﾉ:6:10><CTRL:00>う<CTRL:00> <CTRL:00>ん<CTRL:00><N:ｃ:9:17><CTRL:00>は<CTRL:00>3 に<CTRL:00> <CTRL:00>ー か<CTRL:00>
E4/SE048.DAT,0x47A1C,13,medium,0,original,,,,,,は<CTRL:00>3 に<CTRL:00> <CTRL:00>ー か<CTRL:00>
E4/SE048.DAT,0x47BF4,49,medium,0,original,,,,,,<CTRL:00><N:ъ:14:1A><CTRL:00>し<CTRL:00>す<CTRL:00><N:．:2:0F><CTRL:00>う<CTRL:00> <CTRL:00>ん<CTRL:00><N:ｃ:12:16><CTRL:00>は<CTRL:00>1！に<CTRL:00>す<CTRL:00><N:ﾉ:6:10><CTRL:00>う<CTRL:00> <CTRL:00>ん<CTRL:00><N:ｃ:9:17><CTRL:00>は<CTRL:00>1！に<CTRL:00> <CTRL:00>を！か<CTRL:00>
E4/SE048.DAT,0x47C18,13,medium,0,original,,,,,,は<CTRL:00>1！に<CTRL:00> <CTRL:00>を！か<CTRL:00>
E4/SE048.DAT,0x47E18,21,medium,0,original,,,,,,<CTRL:00><N:ъ:14:1A><CTRL:00>し<CTRL:00>す<CTRL:00><N:*:7:0B><CTRL:00><N:ｃ:9:17><CTRL:00>す<CTRL:00>”<CTRL:00>う<CTRL:00> <CTRL:00>ま
E4/SE048.DAT,0x47E24,9,medium,0,original,,,,,,す<CTRL:00>”<CTRL:00>う<CTRL:00> <CTRL:00>ま
E4/SE048.DAT,0x48090,21,medium,0,original,,,,,,<CTRL:00><N:ъ:14:1A><CTRL:00>し<CTRL:00>す<CTRL:00><N:*:7:0B><CTRL:00><N:ｃ:9:17><CTRL:00>す<CTRL:00>”<CTRL:00>う<CTRL:00> <CTRL:00>ま
E4/SE048.DAT,0x4809C,9,medium,0,original,,,,,,す<CTRL:00>”<CTRL:00>う<CTRL:00> <CTRL:00>ま
E4/SE048.DAT,0x482A8,21,medium,0,original,,,,,,<CTRL:00><N:ъ:14:1A><CTRL:00>し<CTRL:00>す<CTRL:00><N:*:7:0B><CTRL:00><N:ｃ:9:17><CTRL:00>す<CTRL:00>”<CTRL:00>う<CTRL:00> <CTRL:00>ま
E4/SE048.DAT,0x482B4,9,medium,0,original,,,,,,す<CTRL:00>”<CTRL:00>う<CTRL:00> <CTRL:00>ま
E4/SE048.DAT,0x48498,21,medium,0,original,,,,,,<CTRL:00><N:ъ:14:1A><CTRL:00>し<CTRL:00>す<CTRL:00><N:*:7:0B><CTRL:00><N:ｃ:9:17><CTRL:00>す<CTRL:00>”<CTRL:00>う<CTRL:00> <CTRL:00>ま
E4/SE048.DAT,0x484A4,9,medium,0,original,,,,,,す<CTRL:00>”<CTRL:00>う<CTRL:00> <CTRL:00>ま
E4/SE048.DAT,0x48598,7,medium,0,original,,,,,,<CTRL:00><N:ъ:14:1A><CTRL:00>し<CTRL:00>
E4/SE048.DAT,0x488F6,9,medium,0,original,,,,,,す<CTRL:00>”<CTRL:00>う<CTRL:00> <CTRL:00>ま
E4/SE048.DAT,0x489AA,9,medium,0,original,,,,,,す<CTRL:00>”<CTRL:00>う<CTRL:00> <CTRL:00>ま
E4/SE048.DAT,0x48AD8,9,medium,0,original,,,,,,す<CTRL:00>”<CTRL:00>う<CTRL:00> <CTRL:00>ま
E4/SE048.DAT,0x48CEC,9,medium,0,original,,,,,,す<CTRL:00>”<CTRL:00>う<CTRL:00> <CTRL:00>ま
E4/SE048.DAT,0x48D8C,9,medium,0,original,,,,,,す<CTRL:00>”<CTRL:00>う<CTRL:00> <CTRL:00>ま
E4/SE048.DAT,0x48E02,9,medium,0,original,,,,,,す<CTRL:00>”<CTRL:00>う<CTRL:00> <CTRL:00>ま
E4/SE048.DAT,0x48EFE,9,medium,0,original,,,,,,す<CTRL:00>”<CTRL:00>う<CTRL:00> <CTRL:00>ま
E4/SE048.DAT,0x4922A,9,medium,0,original,,,,,,す<CTRL:00>”<CTRL:00>う<CTRL:00> <CTRL:00>ま
E4/SE049.DAT,0x479F8,49,medium,0,original,,,,,,<CTRL:00><N:ъ:14:1A><CTRL:00>し<CTRL:00>す<CTRL:00><N:．:2:0F><CTRL:00>う<CTRL:00> <CTRL:00>ん<CTRL:00><N:ｃ:12:16><CTRL:00>は<CTRL:00>3 に<CTRL:00>す<CTRL:00><N:ﾉ:6:10><CTRL:00>う<CTRL:00> <CTRL:00>ん<CTRL:00><N:ｃ:9:17><CTRL:00>は<CTRL:00>3 に<CTRL:00> <CTRL:00>ー か<CTRL:00>
E4/SE049.DAT,0x47A1C,13,medium,0,original,,,,,,は<CTRL:00>3 に<CTRL:00> <CTRL:00>ー か<CTRL:00>
E4/SE049.DAT,0x47BF4,49,medium,0,original,,,,,,<CTRL:00><N:ъ:14:1A><CTRL:00>し<CTRL:00>す<CTRL:00><N:．:2:0F><CTRL:00>う<CTRL:00> <CTRL:00>ん<CTRL:00><N:ｃ:12:16><CTRL:00>は<CTRL:00>1！に<CTRL:00>す<CTRL:00><N:ﾉ:6:10><CTRL:00>う<CTRL:00> <CTRL:00>ん<CTRL:00><N:ｃ:9:17><CTRL:00>は<CTRL:00>1！に<CTRL:00> <CTRL:00>を！か<CTRL:00>
E4/SE049.DAT,0x47C18,13,medium,0,original,,,,,,は<CTRL:00>1！に<CTRL:00> <CTRL:00>を！か<CTRL:00>
E4/SE049.DAT,0x47E18,21,medium,0,original,,,,,,<CTRL:00><N:ъ:14:1A><CTRL:00>し<CTRL:00>す<CTRL:00><N:*:7:0B><CTRL:00><N:ｃ:9:17><CTRL:00>す<CTRL:00>”<CTRL:00>う<CTRL:00> <CTRL:00>ま
E4/SE049.DAT,0x47E24,9,medium,0,original,,,,,,す<CTRL:00>”<CTRL:00>う<CTRL:00> <CTRL:00>ま
E4/SE049.DAT,0x48090,21,medium,0,original,,,,,,<CTRL:00><N:ъ:14:1A><CTRL:00>し<CTRL:00>す<CTRL:00><N:*:7:0B><CTRL:00><N:ｃ:9:17><CTRL:00>す<CTRL:00>”<CTRL:00>う<CTRL:00> <CTRL:00>ま
E4/SE049.DAT,0x4809C,9,medium,0,original,,,,,,す<CTRL:00>”<CTRL:00>う<CTRL:00> <CTRL:00>ま
E4/SE049.DAT,0x482A8,21,medium,0,original,,,,,,<CTRL:00><N:ъ:14:1A><CTRL:00>し<CTRL:00>す<CTRL:00><N:*:7:0B><CTRL:00><N:ｃ:9:17><CTRL:00>す<CTRL:00>”<CTRL:00>う<CTRL:00> <CTRL:00>ま
E4/SE049.DAT,0x482B4,9,medium,0,original,,,,,,す<CTRL:00>”<CTRL:00>う<CTRL:00> <CTRL:00>ま
E4/SE049.DAT,0x48498,21,medium,0,original,,,,,,<CTRL:00><N:ъ:14:1A><CTRL:00>し<CTRL:00>す<CTRL:00><N:*:7:0B><CTRL:00><N:ｃ:9:17><CTRL:00>す<CTRL:00>”<CTRL:00>う<CTRL:00> <CTRL:00>ま
E4/SE049.DAT,0x484A4,9,medium,0,original,,,,,,す<CTRL:00>”<CTRL:00>う<CTRL:00> <CTRL:00>ま
E4/SE049.DAT,0x48598,7,medium,0,original,,,,,,<CTRL:00><N:ъ:14:1A><CTRL:00>し<CTRL:00>
E4/SE049.DAT,0x488F6,9,medium,0,original,,,,,,す<CTRL:00>”<CTRL:00>う<CTRL:00> <CTRL:00>ま
E4/SE049.DAT,0x489AA,9,medium,0,original,,,,,,す<CTRL:00>”<CTRL:00>う<CTRL:00> <CTRL:00>ま
E4/SE049.DAT,0x48AD8,9,medium,0,original,,,,,,す<CTRL:00>”<CTRL:00>う<CTRL:00> <CTRL:00>ま
E4/SE049.DAT,0x48CEC,9,medium,0,original,,,,,,す<CTRL:00>”<CTRL:00>う<CTRL:00> <CTRL:00>ま
E4/SE049.DAT,0x48D8C,9,medium,0,original,,,,,,す<CTRL:00>”<CTRL:00>う<CTRL:00> <CTRL:00>ま
E4/SE049.DAT,0x48E02,9,medium,0,original,,,,,,す<CTRL:00>”<CTRL:00>う<CTRL:00> <CTRL:00>ま
E4/SE049.DAT,0x48EFE,9,medium,0,original,,,,,,す<CTRL:00>”<CTRL:00>う<CTRL:00> <CTRL:00>ま
E4/SE049.DAT,0x4922A,9,medium,0,original,,,,,,す<CTRL:00>”<CTRL:00>う<CTRL:00> <CTRL:00>ま
E4/SE04A.DAT,0x479F8,49,medium,0,original,,,,,,<CTRL:00><N:ъ:14:1A><CTRL:00>し<CTRL:00>す<CTRL:00><N:．:2:0F><CTRL:00>う<CTRL:00> <CTRL:00>ん<CTRL:00><N:ｃ:12:16><CTRL:00>は<CTRL:00>3 に<CTRL:00>す<CTRL:00><N:ﾉ:6:10><CTRL:00>う<CTRL:00> <CTRL:00>ん<CTRL:00><N:ｃ:9:17><CTRL:00>は<CTRL:00>3 に<CTRL:00> <CTRL:00>ー か<CTRL:00>
E4/SE04A.DAT,0x47A1C,13,medium,0,original,,,,,,は<CTRL:00>3 に<CTRL:00> <CTRL:00>ー か<CTRL:00>
E4/SE04A.DAT,0x47BF4,49,medium,0,original,,,,,,<CTRL:00><N:ъ:14:1A><CTRL:00>し<CTRL:00>す<CTRL:00><N:．:2:0F><CTRL:00>う<CTRL:00> <CTRL:00>ん<CTRL:00><N:ｃ:12:16><CTRL:00>は<CTRL:00>1！に<CTRL:00>す<CTRL:00><N:ﾉ:6:10><CTRL:00>う<CTRL:00> <CTRL:00>ん<CTRL:00><N:ｃ:9:17><CTRL:00>は<CTRL:00>1！に<CTRL:00> <CTRL:00>を！か<CTRL:00>
E4/SE04A.DAT,0x47C18,13,medium,0,original,,,,,,は<CTRL:00>1！に<CTRL:00> <CTRL:00>を！か<CTRL:00>
E4/SE04A.DAT,0x47E18,21,medium,0,original,,,,,,<CTRL:00><N:ъ:14:1A><CTRL:00>し<CTRL:00>す<CTRL:00><N:*:7:0B><CTRL:00><N:ｃ:9:17><CTRL:00>す<CTRL:00>”<CTRL:00>う<CTRL:00> <CTRL:00>ま
E4/SE04A.DAT,0x47E24,9,medium,0,original,,,,,,す<CTRL:00>”<CTRL:00>う<CTRL:00> <CTRL:00>ま
E4/SE04A.DAT,0x48090,21,medium,0,original,,,,,,<CTRL:00><N:ъ:14:1A><CTRL:00>し<CTRL:00>す<CTRL:00><N:*:7:0B><CTRL:00><N:ｃ:9:17><CTRL:00>す<CTRL:00>”<CTRL:00>う<CTRL:00> <CTRL:00>ま
E4/SE04A.DAT,0x4809C,9,medium,0,original,,,,,,す<CTRL:00>”<CTRL:00>う<CTRL:00> <CTRL:00>ま
E4/SE04A.DAT,0x482A8,21,medium,0,original,,,,,,<CTRL:00><N:ъ:14:1A><CTRL:00>し<CTRL:00>す<CTRL:00><N:*:7:0B><CTRL:00><N:ｃ:9:17><CTRL:00>す<CTRL:00>”<CTRL:00>う<CTRL:00> <CTRL:00>ま
E4/SE04A.DAT,0x482B4,9,medium,0,original,,,,,,す<CTRL:00>”<CTRL:00>う<CTRL:00> <CTRL:00>ま
E4/SE04A.DAT,0x48498,21,medium,0,original,,,,,,<CTRL:00><N:ъ:14:1A><CTRL:00>し<CTRL:00>す<CTRL:00><N:*:7:0B><CTRL:00><N:ｃ:9:17><CTRL:00>す<CTRL:00>”<CTRL:00>う<CTRL:00> <CTRL:00>ま
E4/SE04A.DAT,0x484A4,9,medium,0,original,,,,,,す<CTRL:00>”<CTRL:00>う<CTRL:00> <CTRL:00>ま
E4/SE04A.DAT,0x48598,7,medium,0,original,,,,,,<CTRL:00><N:ъ:14:1A><CTRL:00>し<CTRL:00>
E4/SE04A.DAT,0x488F6,9,medium,0,original,,,,,,す<CTRL:00>”<CTRL:00>う<CTRL:00> <CTRL:00>ま
E4/SE04A.DAT,0x489AA,9,medium,0,original,,,,,,す<CTRL:00>”<CTRL:00>う<CTRL:00> <CTRL:00>ま
E4/SE04A.DAT,0x48AD8,9,medium,0,original,,,,,,す<CTRL:00>”<CTRL:00>う<CTRL:00> <CTRL:00>ま
E4/SE04A.DAT,0x48CEC,9,medium,0,original,,,,,,す<CTRL:00>”<CTRL:00>う<CTRL:00> <CTRL:00>ま
E4/SE04A.DAT,0x48D8C,9,medium,0,original,,,,,,す<CTRL:00>”<CTRL:00>う<CTRL:00> <CTRL:00>ま
E4/SE04A.DAT,0x48E02,9,medium,0,original,,,,,,す<CTRL:00>”<CTRL:00>う<CTRL:00> <CTRL:00>ま
E4/SE04A.DAT,0x48EFE,9,medium,0,original,,,,,,す<CTRL:00>”<CTRL:00>う<CTRL:00> <CTRL:00>ま
E4/SE04A.DAT,0x4922A,9,medium,0,original,,,,,,す<CTRL:00>”<CTRL:00>う<CTRL:00> <CTRL:00>ま
E5/SE051.DAT,0x479F8,49,medium,0,original,,,,,,<CTRL:00><N:ъ:14:1A><CTRL:00>し<CTRL:00>す<CTRL:00><N:．:2:0F><CTRL:00>う<CTRL:00> <CTRL:00>ん<CTRL:00><N:ｃ:12:16><CTRL:00>は<CTRL:00>3 に<CTRL:00>す<CTRL:00><N:ﾉ:6:10><CTRL:00>う<CTRL:00> <CTRL:00>ん<CTRL:00><N:ｃ:9:17><CTRL:00>は<CTRL:00>3 に<CTRL:00> <CTRL:00>ー か<CTRL:00>
E5/SE051.DAT,0x47A1C,13,medium,0,original,,,,,,は<CTRL:00>3 に<CTRL:00> <CTRL:00>ー か<CTRL:00>
E5/SE051.DAT,0x47BF4,49,medium,0,original,,,,,,<CTRL:00><N:ъ:14:1A><CTRL:00>し<CTRL:00>す<CTRL:00><N:．:2:0F><CTRL:00>う<CTRL:00> <CTRL:00>ん<CTRL:00><N:ｃ:12:16><CTRL:00>は<CTRL:00>1！に<CTRL:00>す<CTRL:00><N:ﾉ:6:10><CTRL:00>う<CTRL:00> <CTRL:00>ん<CTRL:00><N:ｃ:9:17><CTRL:00>は<CTRL:00>1！に<CTRL:00> <CTRL:00>を！か<CTRL:00>
E5/SE051.DAT,0x47C18,13,medium,0,original,,,,,,は<CTRL:00>1！に<CTRL:00> <CTRL:00>を！か<CTRL:00>
E5/SE051.DAT,0x47E18,21,medium,0,original,,,,,,<CTRL:00><N:ъ:14:1A><CTRL:00>し<CTRL:00>す<CTRL:00><N:*:7:0B><CTRL:00><N:ｃ:9:17><CTRL:00>す<CTRL:00>”<CTRL:00>う<CTRL:00> <CTRL:00>ま
E5/SE051.DAT,0x47E24,9,medium,0,original,,,,,,す<CTRL:00>”<CTRL:00>う<CTRL:00> <CTRL:00>ま
E5/SE051.DAT,0x48090,21,medium,0,original,,,,,,<CTRL:00><N:ъ:14:1A><CTRL:00>し<CTRL:00>す<CTRL:00><N:*:7:0B><CTRL:00><N:ｃ:9:17><CTRL:00>す<CTRL:00>”<CTRL:00>う<CTRL:00> <CTRL:00>ま
E5/SE051.DAT,0x4809C,9,medium,0,original,,,,,,す<CTRL:00>”<CTRL:00>う<CTRL:00> <CTRL:00>ま
E5/SE051.DAT,0x482A8,21,medium,0,original,,,,,,<CTRL:00><N:ъ:14:1A><CTRL:00>し<CTRL:00>す<CTRL:00><N:*:7:0B><CTRL:00><N:ｃ:9:17><CTRL:00>す<CTRL:00>”<CTRL:00>う<CTRL:00> <CTRL:00>ま
E5/SE051.DAT,0x482B4,9,medium,0,original,,,,,,す<CTRL:00>”<CTRL:00>う<CTRL:00> <CTRL:00>ま
E5/SE051.DAT,0x48498,21,medium,0,original,,,,,,<CTRL:00><N:ъ:14:1A><CTRL:00>し<CTRL:00>す<CTRL:00><N:*:7:0B><CTRL:00><N:ｃ:9:17><CTRL:00>す<CTRL:00>”<CTRL:00>う<CTRL:00> <CTRL:00>ま
E5/SE051.DAT,0x484A4,9,medium,0,original,,,,,,す<CTRL:00>”<CTRL:00>う<CTRL:00> <CTRL:00>ま
E5/SE051.DAT,0x48598,7,medium,0,original,,,,,,<CTRL:00><N:ъ:14:1A><CTRL:00>し<CTRL:00>
E5/SE051.DAT,0x488F6,9,medium,0,original,,,,,,す<CTRL:00>”<CTRL:00>う<CTRL:00> <CTRL:00>ま
E5/SE051.DAT,0x489AA,9,medium,0,original,,,,,,す<CTRL:00>”<CTRL:00>う<CTRL:00> <CTRL:00>ま
E5/SE051.DAT,0x48AD8,9,medium,0,original,,,,,,す<CTRL:00>”<CTRL:00>う<CTRL:00> <CTRL:00>ま
E5/SE051.DAT,0x48CEC,9,medium,0,original,,,,,,す<CTRL:00>”<CTRL:00>う<CTRL:00> <CTRL:00>ま
E5/SE051.DAT,0x48D8C,9,medium,0,original,,,,,,す<CTRL:00>”<CTRL:00>う<CTRL:00> <CTRL:00>ま
E5/SE051.DAT,0x48E02,9,medium,0,original,,,,,,す<CTRL:00>”<CTRL:00>う<CTRL:00> <CTRL:00>ま
E5/SE051.DAT,0x48EFE,9,medium,0,original,,,,,,す<CTRL:00>”<CTRL:00>う<CTRL:00> <CTRL:00>ま
E5/SE051.DAT,0x4922A,9,medium,0,original,,,,,,す<CTRL:00>”<CTRL:00>う<CTRL:00> <CTRL:00>ま
E5/SE052.DAT,0x479F8,49,medium,0,original,,,,,,<CTRL:00><N:ъ:14:1A><CTRL:00>し<CTRL:00>す<CTRL:00><N:．:2:0F><CTRL:00>う<CTRL:00> <CTRL:00>ん<CTRL:00><N:ｃ:12:16><CTRL:00>は<CTRL:00>3 に<CTRL:00>す<CTRL:00><N:ﾉ:6:10><CTRL:00>う<CTRL:00> <CTRL:00>ん<CTRL:00><N:ｃ:9:17><CTRL:00>は<CTRL:00>3 に<CTRL:00> <CTRL:00>ー か<CTRL:00>
E5/SE052.DAT,0x47A1C,13,medium,0,original,,,,,,は<CTRL:00>3 に<CTRL:00> <CTRL:00>ー か<CTRL:00>
E5/SE052.DAT,0x47BF4,49,medium,0,original,,,,,,<CTRL:00><N:ъ:14:1A><CTRL:00>し<CTRL:00>す<CTRL:00><N:．:2:0F><CTRL:00>う<CTRL:00> <CTRL:00>ん<CTRL:00><N:ｃ:12:16><CTRL:00>は<CTRL:00>1！に<CTRL:00>す<CTRL:00><N:ﾉ:6:10><CTRL:00>う<CTRL:00> <CTRL:00>ん<CTRL:00><N:ｃ:9:17><CTRL:00>は<CTRL:00>1！に<CTRL:00> <CTRL:00>を！か<CTRL:00>
E5/SE052.DAT,0x47C18,13,medium,0,original,,,,,,は<CTRL:00>1！に<CTRL:00> <CTRL:00>を！か<CTRL:00>
E5/SE052.DAT,0x47E18,21,medium,0,original,,,,,,<CTRL:00><N:ъ:14:1A><CTRL:00>し<CTRL:00>す<CTRL:00><N:*:7:0B><CTRL:00><N:ｃ:9:17><CTRL:00>す<CTRL:00>”<CTRL:00>う<CTRL:00> <CTRL:00>ま
E5/SE052.DAT,0x47E24,9,medium,0,original,,,,,,す<CTRL:00>”<CTRL:00>う<CTRL:00> <CTRL:00>ま
E5/SE052.DAT,0x48090,21,medium,0,original,,,,,,<CTRL:00><N:ъ:14:1A><CTRL:00>し<CTRL:00>す<CTRL:00><N:*:7:0B><CTRL:00><N:ｃ:9:17><CTRL:00>す<CTRL:00>”<CTRL:00>う<CTRL:00> <CTRL:00>ま
E5/SE052.DAT,0x4809C,9,medium,0,original,,,,,,す<CTRL:00>”<CTRL:00>う<CTRL:00> <CTRL:00>ま
E5/SE052.DAT,0x482A8,21,medium,0,original,,,,,,<CTRL:00><N:ъ:14:1A><CTRL:00>し<CTRL:00>す<CTRL:00><N:*:7:0B><CTRL:00><N:ｃ:9:17><CTRL:00>す<CTRL:00>”<CTRL:00>う<CTRL:00> <CTRL:00>ま
E5/SE052.DAT,0x482B4,9,medium,0,original,,,,,,す<CTRL:00>”<CTRL:00>う<CTRL:00> <CTRL:00>ま
E5/SE052.DAT,0x48498,21,medium,0,original,,,,,,<CTRL:00><N:ъ:14:1A><CTRL:00>し<CTRL:00>す<CTRL:00><N:*:7:0B><CTRL:00><N:ｃ:9:17><CTRL:00>す<CTRL:00>”<CTRL:00>う<CTRL:00> <CTRL:00>ま
E5/SE052.DAT,0x484A4,9,medium,0,original,,,,,,す<CTRL:00>”<CTRL:00>う<CTRL:00> <CTRL:00>ま
E5/SE052.DAT,0x48598,7,medium,0,original,,,,,,<CTRL:00><N:ъ:14:1A><CTRL:00>し<CTRL:00>
E5/SE052.DAT,0x488F6,9,medium,0,original,,,,,,す<CTRL:00>”<CTRL:00>う<CTRL:00> <CTRL:00>ま
E5/SE052.DAT,0x489AA,9,medium,0,original,,,,,,す<CTRL:00>”<CTRL:00>う<CTRL:00> <CTRL:00>ま
E5/SE052.DAT,0x48AD8,9,medium,0,original,,,,,,す<CTRL:00>”<CTRL:00>う<CTRL:00> <CTRL:00>ま
E5/SE052.DAT,0x48CEC,9,medium,0,original,,,,,,す<CTRL:00>”<CTRL:00>う<CTRL:00> <CTRL:00>ま
E5/SE052.DAT,0x48D8C,9,medium,0,original,,,,,,す<CTRL:00>”<CTRL:00>う<CTRL:00> <CTRL:00>ま
E5/SE052.DAT,0x48E02,9,medium,0,original,,,,,,す<CTRL:00>”<CTRL:00>う<CTRL:00> <CTRL:00>ま
E5/SE052.DAT,0x48EFE,9,medium,0,original,,,,,,す<CTRL:00>”<CTRL:00>う<CTRL:00> <CTRL:00>ま
E5/SE052.DAT,0x4922A,9,medium,0,original,,,,,,す<CTRL:00>”<CTRL:00>う<CTRL:00> <CTRL:00>ま
E5/SE053.DAT,0x479F8,49,medium,0,original,,,,,,<CTRL:00><N:ъ:14:1A><CTRL:00>し<CTRL:00>す<CTRL:00><N:．:2:0F><CTRL:00>う<CTRL:00> <CTRL:00>ん<CTRL:00><N:ｃ:12:16><CTRL:00>は<CTRL:00>3 に<CTRL:00>す<CTRL:00><N:ﾉ:6:10><CTRL:00>う<CTRL:00> <CTRL:00>ん<CTRL:00><N:ｃ:9:17><CTRL:00>は<CTRL:00>3 に<CTRL:00> <CTRL:00>ー か<CTRL:00>
E5/SE053.DAT,0x47A1C,13,medium,0,original,,,,,,は<CTRL:00>3 に<CTRL:00> <CTRL:00>ー か<CTRL:00>
E5/SE053.DAT,0x47BF4,49,medium,0,original,,,,,,<CTRL:00><N:ъ:14:1A><CTRL:00>し<CTRL:00>す<CTRL:00><N:．:2:0F><CTRL:00>う<CTRL:00> <CTRL:00>ん<CTRL:00><N:ｃ:12:16><CTRL:00>は<CTRL:00>1！に<CTRL:00>す<CTRL:00><N:ﾉ:6:10><CTRL:00>う<CTRL:00> <CTRL:00>ん<CTRL:00><N:ｃ:9:17><CTRL:00>は<CTRL:00>1！に<CTRL:00> <CTRL:00>を！か<CTRL:00>
E5/SE053.DAT,0x47C18,13,medium,0,original,,,,,,は<CTRL:00>1！に<CTRL:00> <CTRL:00>を！か<CTRL:00>
E5/SE053.DAT,0x47E18,21,medium,0,original,,,,,,<CTRL:00><N:ъ:14:1A><CTRL:00>し<CTRL:00>す<CTRL:00><N:*:7:0B><CTRL:00><N:ｃ:9:17><CTRL:00>す<CTRL:00>”<CTRL:00>う<CTRL:00> <CTRL:00>ま
E5/SE053.DAT,0x47E24,9,medium,0,original,,,,,,す<CTRL:00>”<CTRL:00>う<CTRL:00> <CTRL:00>ま
E5/SE053.DAT,0x48090,21,medium,0,original,,,,,,<CTRL:00><N:ъ:14:1A><CTRL:00>し<CTRL:00>す<CTRL:00><N:*:7:0B><CTRL:00><N:ｃ:9:17><CTRL:00>す<CTRL:00>”<CTRL:00>う<CTRL:00> <CTRL:00>ま
E5/SE053.DAT,0x4809C,9,medium,0,original,,,,,,す<CTRL:00>”<CTRL:00>う<CTRL:00> <CTRL:00>ま
E5/SE053.DAT,0x482A8,21,medium,0,original,,,,,,<CTRL:00><N:ъ:14:1A><CTRL:00>し<CTRL:00>す<CTRL:00><N:*:7:0B><CTRL:00><N:ｃ:9:17><CTRL:00>す<CTRL:00>”<CTRL:00>う<CTRL:00> <CTRL:00>ま
E5/SE053.DAT,0x482B4,9,medium,0,original,,,,,,す<CTRL:00>”<CTRL:00>う<CTRL:00> <CTRL:00>ま
E5/SE053.DAT,0x48498,21,medium,0,original,,,,,,<CTRL:00><N:ъ:14:1A><CTRL:00>し<CTRL:00>す<CTRL:00><N:*:7:0B><CTRL:00><N:ｃ:9:17><CTRL:00>す<CTRL:00>”<CTRL:00>う<CTRL:00> <CTRL:00>ま
E5/SE053.DAT,0x484A4,9,medium,0,original,,,,,,す<CTRL:00>”<CTRL:00>う<CTRL:00> <CTRL:00>ま
E5/SE053.DAT,0x48598,7,medium,0,original,,,,,,<CTRL:00><N:ъ:14:1A><CTRL:00>し<CTRL:00>
E5/SE053.DAT,0x488F6,9,medium,0,original,,,,,,す<CTRL:00>”<CTRL:00>う<CTRL:00> <CTRL:00>ま
E5/SE053.DAT,0x489AA,9,medium,0,original,,,,,,す<CTRL:00>”<CTRL:00>う<CTRL:00> <CTRL:00>ま
E5/SE053.DAT,0x48AD8,9,medium,0,original,,,,,,す<CTRL:00>”<CTRL:00>う<CTRL:00> <CTRL:00>ま
E5/SE053.DAT,0x48CEC,9,medium,0,original,,,,,,す<CTRL:00>”<CTRL:00>う<CTRL:00> <CTRL:00>ま
E5/SE053.DAT,0x48D8C,9,medium,0,original,,,,,,す<CTRL:00>”<CTRL:00>う<CTRL:00> <CTRL:00>ま
E5/SE053.DAT,0x48E02,9,medium,0,original,,,,,,す<CTRL:00>”<CTRL:00>う<CTRL:00> <CTRL:00>ま
E5/SE053.DAT,0x48EFE,9,medium,0,original,,,,,,す<CTRL:00>”<CTRL:00>う<CTRL:00> <CTRL:00>ま
E5/SE053.DAT,0x4922A,9,medium,0,original,,,,,,す<CTRL:00>”<CTRL:00>う<CTRL:00> <CTRL:00>ま
E5/SE054.DAT,0x479F8,49,medium,0,original,,,,,,<CTRL:00><N:ъ:14:1A><CTRL:00>し<CTRL:00>す<CTRL:00><N:．:2:0F><CTRL:00>う<CTRL:00> <CTRL:00>ん<CTRL:00><N:ｃ:12:16><CTRL:00>は<CTRL:00>3 に<CTRL:00>す<CTRL:00><N:ﾉ:6:10><CTRL:00>う<CTRL:00> <CTRL:00>ん<CTRL:00><N:ｃ:9:17><CTRL:00>は<CTRL:00>3 に<CTRL:00> <CTRL:00>ー か<CTRL:00>
E5/SE054.DAT,0x47A1C,13,medium,0,original,,,,,,は<CTRL:00>3 に<CTRL:00> <CTRL:00>ー か<CTRL:00>
E5/SE054.DAT,0x47BF4,49,medium,0,original,,,,,,<CTRL:00><N:ъ:14:1A><CTRL:00>し<CTRL:00>す<CTRL:00><N:．:2:0F><CTRL:00>う<CTRL:00> <CTRL:00>ん<CTRL:00><N:ｃ:12:16><CTRL:00>は<CTRL:00>1！に<CTRL:00>す<CTRL:00><N:ﾉ:6:10><CTRL:00>う<CTRL:00> <CTRL:00>ん<CTRL:00><N:ｃ:9:17><CTRL:00>は<CTRL:00>1！に<CTRL:00> <CTRL:00>を！か<CTRL:00>
E5/SE054.DAT,0x47C18,13,medium,0,original,,,,,,は<CTRL:00>1！に<CTRL:00> <CTRL:00>を！か<CTRL:00>
E5/SE054.DAT,0x47E18,21,medium,0,original,,,,,,<CTRL:00><N:ъ:14:1A><CTRL:00>し<CTRL:00>す<CTRL:00><N:*:7:0B><CTRL:00><N:ｃ:9:17><CTRL:00>す<CTRL:00>”<CTRL:00>う<CTRL:00> <CTRL:00>ま
E5/SE054.DAT,0x47E24,9,medium,0,original,,,,,,す<CTRL:00>”<CTRL:00>う<CTRL:00> <CTRL:00>ま
E5/SE054.DAT,0x48090,21,medium,0,original,,,,,,<CTRL:00><N:ъ:14:1A><CTRL:00>し<CTRL:00>す<CTRL:00><N:*:7:0B><CTRL:00><N:ｃ:9:17><CTRL:00>す<CTRL:00>”<CTRL:00>う<CTRL:00> <CTRL:00>ま
E5/SE054.DAT,0x4809C,9,medium,0,original,,,,,,す<CTRL:00>”<CTRL:00>う<CTRL:00> <CTRL:00>ま
E5/SE054.DAT,0x482A8,21,medium,0,original,,,,,,<CTRL:00><N:ъ:14:1A><CTRL:00>し<CTRL:00>す<CTRL:00><N:*:7:0B><CTRL:00><N:ｃ:9:17><CTRL:00>す<CTRL:00>”<CTRL:00>う<CTRL:00> <CTRL:00>ま
E5/SE054.DAT,0x482B4,9,medium,0,original,,,,,,す<CTRL:00>”<CTRL:00>う<CTRL:00> <CTRL:00>ま
E5/SE054.DAT,0x48498,21,medium,0,original,,,,,,<CTRL:00><N:ъ:14:1A><CTRL:00>し<CTRL:00>す<CTRL:00><N:*:7:0B><CTRL:00><N:ｃ:9:17><CTRL:00>す<CTRL:00>”<CTRL:00>う<CTRL:00> <CTRL:00>ま
E5/SE054.DAT,0x484A4,9,medium,0,original,,,,,,す<CTRL:00>”<CTRL:00>う<CTRL:00> <CTRL:00>ま
E5/SE054.DAT,0x48598,7,medium,0,original,,,,,,<CTRL:00><N:ъ:14:1A><CTRL:00>し<CTRL:00>
E5/SE054.DAT,0x488F6,9,medium,0,original,,,,,,す<CTRL:00>”<CTRL:00>う<CTRL:00> <CTRL:00>ま
E5/SE054.DAT,0x489AA,9,medium,0,original,,,,,,す<CTRL:00>”<CTRL:00>う<CTRL:00> <CTRL:00>ま
E5/SE054.DAT,0x48AD8,9,medium,0,original,,,,,,す<CTRL:00>”<CTRL:00>う<CTRL:00> <CTRL:00>ま
E5/SE054.DAT,0x48CEC,9,medium,0,original,,,,,,す<CTRL:00>”<CTRL:00>う<CTRL:00> <CTRL:00>ま
E5/SE054.DAT,0x48D8C,9,medium,0,original,,,,,,す<CTRL:00>”<CTRL:00>う<CTRL:00> <CTRL:00>ま
E5/SE054.DAT,0x48E02,9,medium,0,original,,,,,,す<CTRL:00>”<CTRL:00>う<CTRL:00> <CTRL:00>ま
E5/SE054.DAT,0x48EFE,9,medium,0,original,,,,,,す<CTRL:00>”<CTRL:00>う<CTRL:00> <CTRL:00>ま
E5/SE054.DAT,0x4922A,9,medium,0,original,,,,,,す<CTRL:00>”<CTRL:00>う<CTRL:00> <CTRL:00>ま
E5/SE055.DAT,0x479F8,49,medium,0,original,,,,,,<CTRL:00><N:ъ:14:1A><CTRL:00>し<CTRL:00>す<CTRL:00><N:．:2:0F><CTRL:00>う<CTRL:00> <CTRL:00>ん<CTRL:00><N:ｃ:12:16><CTRL:00>は<CTRL:00>3 に<CTRL:00>す<CTRL:00><N:ﾉ:6:10><CTRL:00>う<CTRL:00> <CTRL:00>ん<CTRL:00><N:ｃ:9:17><CTRL:00>は<CTRL:00>3 に<CTRL:00> <CTRL:00>ー か<CTRL:00>
E5/SE055.DAT,0x47A1C,13,medium,0,original,,,,,,は<CTRL:00>3 に<CTRL:00> <CTRL:00>ー か<CTRL:00>
E5/SE055.DAT,0x47BF4,49,medium,0,original,,,,,,<CTRL:00><N:ъ:14:1A><CTRL:00>し<CTRL:00>す<CTRL:00><N:．:2:0F><CTRL:00>う<CTRL:00> <CTRL:00>ん<CTRL:00><N:ｃ:12:16><CTRL:00>は<CTRL:00>1！に<CTRL:00>す<CTRL:00><N:ﾉ:6:10><CTRL:00>う<CTRL:00> <CTRL:00>ん<CTRL:00><N:ｃ:9:17><CTRL:00>は<CTRL:00>1！に<CTRL:00> <CTRL:00>を！か<CTRL:00>
E5/SE055.DAT,0x47C18,13,medium,0,original,,,,,,は<CTRL:00>1！に<CTRL:00> <CTRL:00>を！か<CTRL:00>
E5/SE055.DAT,0x47E18,21,medium,0,original,,,,,,<CTRL:00><N:ъ:14:1A><CTRL:00>し<CTRL:00>す<CTRL:00><N:*:7:0B><CTRL:00><N:ｃ:9:17><CTRL:00>す<CTRL:00>”<CTRL:00>う<CTRL:00> <CTRL:00>ま
E5/SE055.DAT,0x47E24,9,medium,0,original,,,,,,す<CTRL:00>”<CTRL:00>う<CTRL:00> <CTRL:00>ま
E5/SE055.DAT,0x48090,21,medium,0,original,,,,,,<CTRL:00><N:ъ:14:1A><CTRL:00>し<CTRL:00>す<CTRL:00><N:*:7:0B><CTRL:00><N:ｃ:9:17><CTRL:00>す<CTRL:00>”<CTRL:00>う<CTRL:00> <CTRL:00>ま
E5/SE055.DAT,0x4809C,9,medium,0,original,,,,,,す<CTRL:00>”<CTRL:00>う<CTRL:00> <CTRL:00>ま
E5/SE055.DAT,0x482A8,21,medium,0,original,,,,,,<CTRL:00><N:ъ:14:1A><CTRL:00>し<CTRL:00>す<CTRL:00><N:*:7:0B><CTRL:00><N:ｃ:9:17><CTRL:00>す<CTRL:00>”<CTRL:00>う<CTRL:00> <CTRL:00>ま
E5/SE055.DAT,0x482B4,9,medium,0,original,,,,,,す<CTRL:00>”<CTRL:00>う<CTRL:00> <CTRL:00>ま
E5/SE055.DAT,0x48498,21,medium,0,original,,,,,,<CTRL:00><N:ъ:14:1A><CTRL:00>し<CTRL:00>す<CTRL:00><N:*:7:0B><CTRL:00><N:ｃ:9:17><CTRL:00>す<CTRL:00>”<CTRL:00>う<CTRL:00> <CTRL:00>ま
E5/SE055.DAT,0x484A4,9,medium,0,original,,,,,,す<CTRL:00>”<CTRL:00>う<CTRL:00> <CTRL:00>ま
E5/SE055.DAT,0x48598,7,medium,0,original,,,,,,<CTRL:00><N:ъ:14:1A><CTRL:00>し<CTRL:00>
E5/SE055.DAT,0x488F6,9,medium,0,original,,,,,,す<CTRL:00>”<CTRL:00>う<CTRL:00> <CTRL:00>ま
E5/SE055.DAT,0x489AA,9,medium,0,original,,,,,,す<CTRL:00>”<CTRL:00>う<CTRL:00> <CTRL:00>ま
E5/SE055.DAT,0x48AD8,9,medium,0,original,,,,,,す<CTRL:00>”<CTRL:00>う<CTRL:00> <CTRL:00>ま
E5/SE055.DAT,0x48CEC,9,medium,0,original,,,,,,す<CTRL:00>”<CTRL:00>う<CTRL:00> <CTRL:00>ま
E5/SE055.DAT,0x48D8C,9,medium,0,original,,,,,,す<CTRL:00>”<CTRL:00>う<CTRL:00> <CTRL:00>ま
E5/SE055.DAT,0x48E02,9,medium,0,original,,,,,,す<CTRL:00>”<CTRL:00>う<CTRL:00> <CTRL:00>ま
E5/SE055.DAT,0x48EFE,9,medium,0,original,,,,,,す<CTRL:00>”<CTRL:00>う<CTRL:00> <CTRL:00>ま
E5/SE055.DAT,0x4922A,9,medium,0,original,,,,,,す<CTRL:00>”<CTRL:00>う<CTRL:00> <CTRL:00>ま
E5/SE056.DAT,0x479F8,49,medium,0,original,,,,,,<CTRL:00><N:ъ:14:1A><CTRL:00>し<CTRL:00>す<CTRL:00><N:．:2:0F><CTRL:00>う<CTRL:00> <CTRL:00>ん<CTRL:00><N:ｃ:12:16><CTRL:00>は<CTRL:00>3 に<CTRL:00>す<CTRL:00><N:ﾉ:6:10><CTRL:00>う<CTRL:00> <CTRL:00>ん<CTRL:00><N:ｃ:9:17><CTRL:00>は<CTRL:00>3 に<CTRL:00> <CTRL:00>ー か<CTRL:00>
E5/SE056.DAT,0x47A1C,13,medium,0,original,,,,,,は<CTRL:00>3 に<CTRL:00> <CTRL:00>ー か<CTRL:00>
E5/SE056.DAT,0x47BF4,49,medium,0,original,,,,,,<CTRL:00><N:ъ:14:1A><CTRL:00>し<CTRL:00>す<CTRL:00><N:．:2:0F><CTRL:00>う<CTRL:00> <CTRL:00>ん<CTRL:00><N:ｃ:12:16><CTRL:00>は<CTRL:00>1！に<CTRL:00>す<CTRL:00><N:ﾉ:6:10><CTRL:00>う<CTRL:00> <CTRL:00>ん<CTRL:00><N:ｃ:9:17><CTRL:00>は<CTRL:00>1！に<CTRL:00> <CTRL:00>を！か<CTRL:00>
E5/SE056.DAT,0x47C18,13,medium,0,original,,,,,,は<CTRL:00>1！に<CTRL:00> <CTRL:00>を！か<CTRL:00>
E5/SE056.DAT,0x47E18,21,medium,0,original,,,,,,<CTRL:00><N:ъ:14:1A><CTRL:00>し<CTRL:00>す<CTRL:00><N:*:7:0B><CTRL:00><N:ｃ:9:17><CTRL:00>す<CTRL:00>”<CTRL:00>う<CTRL:00> <CTRL:00>ま
E5/SE056.DAT,0x47E24,9,medium,0,original,,,,,,す<CTRL:00>”<CTRL:00>う<CTRL:00> <CTRL:00>ま
E5/SE056.DAT,0x48090,21,medium,0,original,,,,,,<CTRL:00><N:ъ:14:1A><CTRL:00>し<CTRL:00>す<CTRL:00><N:*:7:0B><CTRL:00><N:ｃ:9:17><CTRL:00>す<CTRL:00>”<CTRL:00>う<CTRL:00> <CTRL:00>ま
E5/SE056.DAT,0x4809C,9,medium,0,original,,,,,,す<CTRL:00>”<CTRL:00>う<CTRL:00> <CTRL:00>ま
E5/SE056.DAT,0x482A8,21,medium,0,original,,,,,,<CTRL:00><N:ъ:14:1A><CTRL:00>し<CTRL:00>す<CTRL:00><N:*:7:0B><CTRL:00><N:ｃ:9:17><CTRL:00>す<CTRL:00>”<CTRL:00>う<CTRL:00> <CTRL:00>ま
E5/SE056.DAT,0x482B4,9,medium,0,original,,,,,,す<CTRL:00>”<CTRL:00>う<CTRL:00> <CTRL:00>ま
E5/SE056.DAT,0x48498,21,medium,0,original,,,,,,<CTRL:00><N:ъ:14:1A><CTRL:00>し<CTRL:00>す<CTRL:00><N:*:7:0B><CTRL:00><N:ｃ:9:17><CTRL:00>す<CTRL:00>”<CTRL:00>う<CTRL:00> <CTRL:00>ま
E5/SE056.DAT,0x484A4,9,medium,0,original,,,,,,す<CTRL:00>”<CTRL:00>う<CTRL:00> <CTRL:00>ま
E5/SE056.DAT,0x48598,7,medium,0,original,,,,,,<CTRL:00><N:ъ:14:1A><CTRL:00>し<CTRL:00>
E5/SE056.DAT,0x488F6,9,medium,0,original,,,,,,す<CTRL:00>”<CTRL:00>う<CTRL:00> <CTRL:00>ま
E5/SE056.DAT,0x489AA,9,medium,0,original,,,,,,す<CTRL:00>”<CTRL:00>う<CTRL:00> <CTRL:00>ま
E5/SE056.DAT,0x48AD8,9,medium,0,original,,,,,,す<CTRL:00>”<CTRL:00>う<CTRL:00> <CTRL:00>ま
E5/SE056.DAT,0x48CEC,9,medium,0,original,,,,,,す<CTRL:00>”<CTRL:00>う<CTRL:00> <CTRL:00>ま
E5/SE056.DAT,0x48D8C,9,medium,0,original,,,,,,す<CTRL:00>”<CTRL:00>う<CTRL:00> <CTRL:00>ま
E5/SE056.DAT,0x48E02,9,medium,0,original,,,,,,す<CTRL:00>”<CTRL:00>う<CTRL:00> <CTRL:00>ま
E5/SE056.DAT,0x48EFE,9,medium,0,original,,,,,,す<CTRL:00>”<CTRL:00>う<CTRL:00> <CTRL:00>ま
E5/SE056.DAT,0x4922A,9,medium,0,original,,,,,,す<CTRL:00>”<CTRL:00>う<CTRL:00> <CTRL:00>ま
E5/SE057.DAT,0x479F8,49,medium,0,original,,,,,,<CTRL:00><N:ъ:14:1A><CTRL:00>し<CTRL:00>す<CTRL:00><N:．:2:0F><CTRL:00>う<CTRL:00> <CTRL:00>ん<CTRL:00><N:ｃ:12:16><CTRL:00>は<CTRL:00>3 に<CTRL:00>す<CTRL:00><N:ﾉ:6:10><CTRL:00>う<CTRL:00> <CTRL:00>ん<CTRL:00><N:ｃ:9:17><CTRL:00>は<CTRL:00>3 に<CTRL:00> <CTRL:00>ー か<CTRL:00>
E5/SE057.DAT,0x47A1C,13,medium,0,original,,,,,,は<CTRL:00>3 に<CTRL:00> <CTRL:00>ー か<CTRL:00>
E5/SE057.DAT,0x47BF4,49,medium,0,original,,,,,,<CTRL:00><N:ъ:14:1A><CTRL:00>し<CTRL:00>す<CTRL:00><N:．:2:0F><CTRL:00>う<CTRL:00> <CTRL:00>ん<CTRL:00><N:ｃ:12:16><CTRL:00>は<CTRL:00>1！に<CTRL:00>す<CTRL:00><N:ﾉ:6:10><CTRL:00>う<CTRL:00> <CTRL:00>ん<CTRL:00><N:ｃ:9:17><CTRL:00>は<CTRL:00>1！に<CTRL:00> <CTRL:00>を！か<CTRL:00>
E5/SE057.DAT,0x47C18,13,medium,0,original,,,,,,は<CTRL:00>1！に<CTRL:00> <CTRL:00>を！か<CTRL:00>
E5/SE057.DAT,0x47E18,21,medium,0,original,,,,,,<CTRL:00><N:ъ:14:1A><CTRL:00>し<CTRL:00>す<CTRL:00><N:*:7:0B><CTRL:00><N:ｃ:9:17><CTRL:00>す<CTRL:00>”<CTRL:00>う<CTRL:00> <CTRL:00>ま
E5/SE057.DAT,0x47E24,9,medium,0,original,,,,,,す<CTRL:00>”<CTRL:00>う<CTRL:00> <CTRL:00>ま
E5/SE057.DAT,0x48090,21,medium,0,original,,,,,,<CTRL:00><N:ъ:14:1A><CTRL:00>し<CTRL:00>す<CTRL:00><N:*:7:0B><CTRL:00><N:ｃ:9:17><CTRL:00>す<CTRL:00>”<CTRL:00>う<CTRL:00> <CTRL:00>ま
E5/SE057.DAT,0x4809C,9,medium,0,original,,,,,,す<CTRL:00>”<CTRL:00>う<CTRL:00> <CTRL:00>ま
E5/SE057.DAT,0x482A8,21,medium,0,original,,,,,,<CTRL:00><N:ъ:14:1A><CTRL:00>し<CTRL:00>す<CTRL:00><N:*:7:0B><CTRL:00><N:ｃ:9:17><CTRL:00>す<CTRL:00>”<CTRL:00>う<CTRL:00> <CTRL:00>ま
E5/SE057.DAT,0x482B4,9,medium,0,original,,,,,,す<CTRL:00>”<CTRL:00>う<CTRL:00> <CTRL:00>ま
E5/SE057.DAT,0x48498,21,medium,0,original,,,,,,<CTRL:00><N:ъ:14:1A><CTRL:00>し<CTRL:00>す<CTRL:00><N:*:7:0B><CTRL:00><N:ｃ:9:17><CTRL:00>す<CTRL:00>”<CTRL:00>う<CTRL:00> <CTRL:00>ま
E5/SE057.DAT,0x484A4,9,medium,0,original,,,,,,す<CTRL:00>”<CTRL:00>う<CTRL:00> <CTRL:00>ま
E5/SE057.DAT,0x48598,7,medium,0,original,,,,,,<CTRL:00><N:ъ:14:1A><CTRL:00>し<CTRL:00>
E5/SE057.DAT,0x488F6,9,medium,0,original,,,,,,す<CTRL:00>”<CTRL:00>う<CTRL:00> <CTRL:00>ま
E5/SE057.DAT,0x489AA,9,medium,0,original,,,,,,す<CTRL:00>”<CTRL:00>う<CTRL:00> <CTRL:00>ま
E5/SE057.DAT,0x48AD8,9,medium,0,original,,,,,,す<CTRL:00>”<CTRL:00>う<CTRL:00> <CTRL:00>ま
E5/SE057.DAT,0x48CEC,9,medium,0,original,,,,,,す<CTRL:00>”<CTRL:00>う<CTRL:00> <CTRL:00>ま
E5/SE057.DAT,0x48D8C,9,medium,0,original,,,,,,す<CTRL:00>”<CTRL:00>う<CTRL:00> <CTRL:00>ま
E5/SE057.DAT,0x48E02,9,medium,0,original,,,,,,す<CTRL:00>”<CTRL:00>う<CTRL:00> <CTRL:00>ま
E5/SE057.DAT,0x48EFE,9,medium,0,original,,,,,,す<CTRL:00>”<CTRL:00>う<CTRL:00> <CTRL:00>ま
E5/SE057.DAT,0x4922A,9,medium,0,original,,,,,,す<CTRL:00>”<CTRL:00>う<CTRL:00> <CTRL:00>ま
E5/SE058.DAT,0x479F8,49,medium,0,original,,,,,,<CTRL:00><N:ъ:14:1A><CTRL:00>し<CTRL:00>す<CTRL:00><N:．:2:0F><CTRL:00>う<CTRL:00> <CTRL:00>ん<CTRL:00><N:ｃ:12:16><CTRL:00>は<CTRL:00>3 に<CTRL:00>す<CTRL:00><N:ﾉ:6:10><CTRL:00>う<CTRL:00> <CTRL:00>ん<CTRL:00><N:ｃ:9:17><CTRL:00>は<CTRL:00>3 に<CTRL:00> <CTRL:00>ー か<CTRL:00>
E5/SE058.DAT,0x47A1C,13,medium,0,original,,,,,,は<CTRL:00>3 に<CTRL:00> <CTRL:00>ー か<CTRL:00>
E5/SE058.DAT,0x47BF4,49,medium,0,original,,,,,,<CTRL:00><N:ъ:14:1A><CTRL:00>し<CTRL:00>す<CTRL:00><N:．:2:0F><CTRL:00>う<CTRL:00> <CTRL:00>ん<CTRL:00><N:ｃ:12:16><CTRL:00>は<CTRL:00>1！に<CTRL:00>す<CTRL:00><N:ﾉ:6:10><CTRL:00>う<CTRL:00> <CTRL:00>ん<CTRL:00><N:ｃ:9:17><CTRL:00>は<CTRL:00>1！に<CTRL:00> <CTRL:00>を！か<CTRL:00>
E5/SE058.DAT,0x47C18,13,medium,0,original,,,,,,は<CTRL:00>1！に<CTRL:00> <CTRL:00>を！か<CTRL:00>
E5/SE058.DAT,0x47E18,21,medium,0,original,,,,,,<CTRL:00><N:ъ:14:1A><CTRL:00>し<CTRL:00>す<CTRL:00><N:*:7:0B><CTRL:00><N:ｃ:9:17><CTRL:00>す<CTRL:00>”<CTRL:00>う<CTRL:00> <CTRL:00>ま
E5/SE058.DAT,0x47E24,9,medium,0,original,,,,,,す<CTRL:00>”<CTRL:00>う<CTRL:00> <CTRL:00>ま
E5/SE058.DAT,0x48090,21,medium,0,original,,,,,,<CTRL:00><N:ъ:14:1A><CTRL:00>し<CTRL:00>す<CTRL:00><N:*:7:0B><CTRL:00><N:ｃ:9:17><CTRL:00>す<CTRL:00>”<CTRL:00>う<CTRL:00> <CTRL:00>ま
E5/SE058.DAT,0x4809C,9,medium,0,original,,,,,,す<CTRL:00>”<CTRL:00>う<CTRL:00> <CTRL:00>ま
E5/SE058.DAT,0x482A8,21,medium,0,original,,,,,,<CTRL:00><N:ъ:14:1A><CTRL:00>し<CTRL:00>す<CTRL:00><N:*:7:0B><CTRL:00><N:ｃ:9:17><CTRL:00>す<CTRL:00>”<CTRL:00>う<CTRL:00> <CTRL:00>ま
E5/SE058.DAT,0x482B4,9,medium,0,original,,,,,,す<CTRL:00>”<CTRL:00>う<CTRL:00> <CTRL:00>ま
E5/SE058.DAT,0x48498,21,medium,0,original,,,,,,<CTRL:00><N:ъ:14:1A><CTRL:00>し<CTRL:00>す<CTRL:00><N:*:7:0B><CTRL:00><N:ｃ:9:17><CTRL:00>す<CTRL:00>”<CTRL:00>う<CTRL:00> <CTRL:00>ま
E5/SE058.DAT,0x484A4,9,medium,0,original,,,,,,す<CTRL:00>”<CTRL:00>う<CTRL:00> <CTRL:00>ま
E5/SE058.DAT,0x48598,7,medium,0,original,,,,,,<CTRL:00><N:ъ:14:1A><CTRL:00>し<CTRL:00>
E5/SE058.DAT,0x488F6,9,medium,0,original,,,,,,す<CTRL:00>”<CTRL:00>う<CTRL:00> <CTRL:00>ま
E5/SE058.DAT,0x489AA,9,medium,0,original,,,,,,す<CTRL:00>”<CTRL:00>う<CTRL:00> <CTRL:00>ま
E5/SE058.DAT,0x48AD8,9,medium,0,original,,,,,,す<CTRL:00>”<CTRL:00>う<CTRL:00> <CTRL:00>ま
E5/SE058.DAT,0x48CEC,9,medium,0,original,,,,,,す<CTRL:00>”<CTRL:00>う<CTRL:00> <CTRL:00>ま
E5/SE058.DAT,0x48D8C,9,medium,0,original,,,,,,す<CTRL:00>”<CTRL:00>う<CTRL:00> <CTRL:00>ま
E5/SE058.DAT,0x48E02,9,medium,0,original,,,,,,す<CTRL:00>”<CTRL:00>う<CTRL:00> <CTRL:00>ま
E5/SE058.DAT,0x48EFE,9,medium,0,original,,,,,,す<CTRL:00>”<CTRL:00>う<CTRL:00> <CTRL:00>ま
E5/SE058.DAT,0x4922A,9,medium,0,original,,,,,,す<CTRL:00>”<CTRL:00>う<CTRL:00> <CTRL:00>ま
E5/SE059.DAT,0x479F8,49,medium,0,original,,,,,,<CTRL:00><N:ъ:14:1A><CTRL:00>し<CTRL:00>す<CTRL:00><N:．:2:0F><CTRL:00>う<CTRL:00> <CTRL:00>ん<CTRL:00><N:ｃ:12:16><CTRL:00>は<CTRL:00>3 に<CTRL:00>す<CTRL:00><N:ﾉ:6:10><CTRL:00>う<CTRL:00> <CTRL:00>ん<CTRL:00><N:ｃ:9:17><CTRL:00>は<CTRL:00>3 に<CTRL:00> <CTRL:00>ー か<CTRL:00>
E5/SE059.DAT,0x47A1C,13,medium,0,original,,,,,,は<CTRL:00>3 に<CTRL:00> <CTRL:00>ー か<CTRL:00>
E5/SE059.DAT,0x47BF4,49,medium,0,original,,,,,,<CTRL:00><N:ъ:14:1A><CTRL:00>し<CTRL:00>す<CTRL:00><N:．:2:0F><CTRL:00>う<CTRL:00> <CTRL:00>ん<CTRL:00><N:ｃ:12:16><CTRL:00>は<CTRL:00>1！に<CTRL:00>す<CTRL:00><N:ﾉ:6:10><CTRL:00>う<CTRL:00> <CTRL:00>ん<CTRL:00><N:ｃ:9:17><CTRL:00>は<CTRL:00>1！に<CTRL:00> <CTRL:00>を！か<CTRL:00>
E5/SE059.DAT,0x47C18,13,medium,0,original,,,,,,は<CTRL:00>1！に<CTRL:00> <CTRL:00>を！か<CTRL:00>
E5/SE059.DAT,0x47E18,21,medium,0,original,,,,,,<CTRL:00><N:ъ:14:1A><CTRL:00>し<CTRL:00>す<CTRL:00><N:*:7:0B><CTRL:00><N:ｃ:9:17><CTRL:00>す<CTRL:00>”<CTRL:00>う<CTRL:00> <CTRL:00>ま
E5/SE059.DAT,0x47E24,9,medium,0,original,,,,,,す<CTRL:00>”<CTRL:00>う<CTRL:00> <CTRL:00>ま
E5/SE059.DAT,0x48090,21,medium,0,original,,,,,,<CTRL:00><N:ъ:14:1A><CTRL:00>し<CTRL:00>す<CTRL:00><N:*:7:0B><CTRL:00><N:ｃ:9:17><CTRL:00>す<CTRL:00>”<CTRL:00>う<CTRL:00> <CTRL:00>ま
E5/SE059.DAT,0x4809C,9,medium,0,original,,,,,,す<CTRL:00>”<CTRL:00>う<CTRL:00> <CTRL:00>ま
E5/SE059.DAT,0x482A8,21,medium,0,original,,,,,,<CTRL:00><N:ъ:14:1A><CTRL:00>し<CTRL:00>す<CTRL:00><N:*:7:0B><CTRL:00><N:ｃ:9:17><CTRL:00>す<CTRL:00>”<CTRL:00>う<CTRL:00> <CTRL:00>ま
E5/SE059.DAT,0x482B4,9,medium,0,original,,,,,,す<CTRL:00>”<CTRL:00>う<CTRL:00> <CTRL:00>ま
E5/SE059.DAT,0x48498,21,medium,0,original,,,,,,<CTRL:00><N:ъ:14:1A><CTRL:00>し<CTRL:00>す<CTRL:00><N:*:7:0B><CTRL:00><N:ｃ:9:17><CTRL:00>す<CTRL:00>”<CTRL:00>う<CTRL:00> <CTRL:00>ま
E5/SE059.DAT,0x484A4,9,medium,0,original,,,,,,す<CTRL:00>”<CTRL:00>う<CTRL:00> <CTRL:00>ま
E5/SE059.DAT,0x48598,7,medium,0,original,,,,,,<CTRL:00><N:ъ:14:1A><CTRL:00>し<CTRL:00>
E5/SE059.DAT,0x488F6,9,medium,0,original,,,,,,す<CTRL:00>”<CTRL:00>う<CTRL:00> <CTRL:00>ま
E5/SE059.DAT,0x489AA,9,medium,0,original,,,,,,す<CTRL:00>”<CTRL:00>う<CTRL:00> <CTRL:00>ま
E5/SE059.DAT,0x48AD8,9,medium,0,original,,,,,,す<CTRL:00>”<CTRL:00>う<CTRL:00> <CTRL:00>ま
E5/SE059.DAT,0x48CEC,9,medium,0,original,,,,,,す<CTRL:00>”<CTRL:00>う<CTRL:00> <CTRL:00>ま
E5/SE059.DAT,0x48D8C,9,medium,0,original,,,,,,す<CTRL:00>”<CTRL:00>う<CTRL:00> <CTRL:00>ま
E5/SE059.DAT,0x48E02,9,medium,0,original,,,,,,す<CTRL:00>”<CTRL:00>う<CTRL:00> <CTRL:00>ま
E5/SE059.DAT,0x48EFE,9,medium,0,original,,,,,,す<CTRL:00>”<CTRL:00>う<CTRL:00> <CTRL:00>ま
E5/SE059.DAT,0x4922A,9,medium,0,original,,,,,,す<CTRL:00>”<CTRL:00>う<CTRL:00> <CTRL:00>ま
E5/SE05A.DAT,0x469EE,49,medium,0,original,,,,,,<CTRL:00><N:ъ:14:1A><CTRL:00>し<CTRL:00>す<CTRL:00><N:．:2:0F><CTRL:00>う<CTRL:00> <CTRL:00>ん<CTRL:00><N:ｃ:12:16><CTRL:00>は<CTRL:00><N:．:2:0F> に<CTRL:00>す<CTRL:00><N:ﾉ:6:10><CTRL:00>う<CTRL:00> <CTRL:00>ん<CTRL:00><N:ｃ:9:17><CTRL:00>は<CTRL:00><N:．:2:0F> に<CTRL:00> <CTRL:00>・ か<CTRL:00>
E5/SE05A.DAT,0x46A12,13,medium,0,original,,,,,,は<CTRL:00><N:．:2:0F> に<CTRL:00> <CTRL:00>・ か<CTRL:00>
E5/SE05A.DAT,0x46BEA,49,medium,0,original,,,,,,<CTRL:00><N:ъ:14:1A><CTRL:00>し<CTRL:00>す<CTRL:00><N:．:2:0F><CTRL:00>う<CTRL:00> <CTRL:00>ん<CTRL:00><N:ｃ:12:16><CTRL:00>は<CTRL:00>，！に<CTRL:00>す<CTRL:00><N:ﾉ:6:10><CTRL:00>う<CTRL:00> <CTRL:00>ん<CTRL:00><N:ｃ:9:17><CTRL:00>は<CTRL:00>，！に<CTRL:00> <CTRL:00>が！か<CTRL:00>
E5/SE05A.DAT,0x46C0E,13,medium,0,original,,,,,,は<CTRL:00>，！に<CTRL:00> <CTRL:00>が！か<CTRL:00>
E5/SE05A.DAT,0x46E0E,21,medium,0,original,,,,,,<CTRL:00><N:ъ:14:1A><CTRL:00>し<CTRL:00>す<CTRL:00><N:*:7:0B><CTRL:00><N:ｃ:9:17><CTRL:00>す<CTRL:00>”<CTRL:00>う<CTRL:00> <CTRL:00>ま
E5/SE05A.DAT,0x46E1A,9,medium,0,original,,,,,,す<CTRL:00>”<CTRL:00>う<CTRL:00> <CTRL:00>ま
E5/SE05A.DAT,0x47086,21,medium,0,original,,,,,,<CTRL:00><N:ъ:14:1A><CTRL:00>し<CTRL:00>す<CTRL:00><N:*:7:0B><CTRL:00><N:ｃ:9:17><CTRL:00>す<CTRL:00>”<CTRL:00>う<CTRL:00> <CTRL:00>ま
E5/SE05A.DAT,0x47092,9,medium,0,original,,,,,,す<CTRL:00>”<CTRL:00>う<CTRL:00> <CTRL:00>ま
E5/SE05A.DAT,0x4729E,21,medium,0,original,,,,,,<CTRL:00><N:ъ:14:1A><CTRL:00>し<CTRL:00>す<CTRL:00><N:*:7:0B><CTRL:00><N:ｃ:9:17><CTRL:00>す<CTRL:00>”<CTRL:00>う<CTRL:00> <CTRL:00>ま
E5/SE05A.DAT,0x472AA,9,medium,0,original,,,,,,す<CTRL:00>”<CTRL:00>う<CTRL:00> <CTRL:00>ま
E5/SE05A.DAT,0x4748E,21,medium,0,original,,,,,,<CTRL:00><N:ъ:14:1A><CTRL:00>し<CTRL:00>す<CTRL:00><N:*:7:0B><CTRL:00><N:ｃ:9:17><CTRL:00>す<CTRL:00>”<CTRL:00>う<CTRL:00> <CTRL:00>ま
E5/SE05A.DAT,0x4749A,9,medium,0,original,,,,,,す<CTRL:00>”<CTRL:00>う<CTRL:00> <CTRL:00>ま
E5/SE05A.DAT,0x4758E,7,medium,0,original,,,,,,<CTRL:00><N:ъ:14:1A><CTRL:00>し<CTRL:00>
E5/SE05A.DAT,0x478EC,9,medium,0,original,,,,,,す<CTRL:00>”<CTRL:00>う<CTRL:00> <CTRL:00>ま
E5/SE05A.DAT,0x479A0,9,medium,0,original,,,,,,す<CTRL:00>”<CTRL:00>う<CTRL:00> <CTRL:00>ま
E5/SE05A.DAT,0x47ACE,9,medium,0,original,,,,,,す<CTRL:00>”<CTRL:00>う<CTRL:00> <CTRL:00>ま
E5/SE05A.DAT,0x47CE2,9,medium,0,original,,,,,,す<CTRL:00>”<CTRL:00>う<CTRL:00> <CTRL:00>ま
E5/SE05A.DAT,0x47D82,9,medium,0,original,,,,,,す<CTRL:00>”<CTRL:00>う<CTRL:00> <CTRL:00>ま
E5/SE05A.DAT,0x47DF8,9,medium,0,original,,,,,,す<CTRL:00>”<CTRL:00>う<CTRL:00> <CTRL:00>ま
E5/SE05A.DAT,0x47EF4,9,medium,0,original,,,,,,す<CTRL:00>”<CTRL:00>う<CTRL:00> <CTRL:00>ま
E5/SE05A.DAT,0x48220,9,medium,0,original,,,,,,す<CTRL:00>”<CTRL:00>う<CTRL:00> <CTRL:00>ま
E5/SE05A.DAT,0x48714,13,medium,0,original,,,,,,<CTRL:F7><CTRL:FF><N:*:7:0B><CTRL:00><CTRL:FF><CTRL:FF>（<CTRL:00>）<CTRL:00><CTRL:FD><CTRL:FF>3
E5/SE05A.DAT,0x48734,18,medium,0,original,,,,,,ふふふ、<CTRL:E4>よよくぞここまできた。<CTRL:E4>よ
E5/SE05A.DAT,0x48750,29,high,0,original,,,,,,しかし！<CTRL:E4>よ / はたして、このわたしをたおせるかな<CTRL:E4>よ<CTRL:E4>よ
E5/SE05A.DAT,0x48772,41,high,0,original,,,,,,ふふふふ<CTRL:E4>よ・<CTRL:E4>よ・<CTRL:E4>よ・<CTRL:E4>よ<CTRL:E4>よ<CTRL:E4>よて、 / <CTRL:E4>よだれもいないじゃない！？<CTRL:E4>よ<CTRL:E4>よ
E5/SE05A.DAT,0x487B6,18,medium,0,original,,,,,,こつちこつち、後ろにいるよ！<CTRL:E4>よ<CTRL:E4>よ
E5/SE05A.DAT,0x487E0,13,high,0,original,,,,,,え、<CTRL:E4>ようしろ<CTRL:E4>よ
E5/SE05A.DAT,0x487F2,38,high,0,original,,,,,,なんて、ひきょうなやつらなの！<CTRL:E4>よ / わたしを後ろからおそうなんて！<CTRL:E4>よ<CTRL:E4>よ
E5/SE05A.DAT,0x4881C,40,medium,0,original,,,,,,まつていなさい、いまそつちにいつて<N:午:19:DDB6>ッタ<N:午:19:DDB6>ッタのメッタメッタに・・・<CTRL:E4>よ<CTRL:E4>よ
E5/SE05A.DAT,0x48854,21,high,0,original,,,,,,う、<CTRL:E4>よお、<CTRL:E4>よおもい<CTRL:E4>よ<CTRL:E4>よ
E5/SE05A.DAT,0x48874,13,medium,0,original,,,,,,いつだああああああい！<CTRL:E4>よ
E5/SE05A.DAT,0x48894,28,high,0,original,,,,,,なかなかやるわね、 / もう<G:DD04:223>るさないわ！<CTRL:E4>よえい！<CTRL:E4>よ
E5/SE05A.DAT,0x488C8,19,medium,0,original,,,,,,やつっりこつちの方がいいわね！<CTRL:E4>よ<CTRL:E4>よ
E5/SE05A.DAT,0x488EE,13,medium,0,original,,,,,,いでよ、モンスター！！<CTRL:E4>よ
E5/SE05A.DAT,0x48922,11,medium,0,original,,,,,,じゃあ、勝負よ！<CTRL:E4>よ
E5/SE05A.DAT,0x48948,16,medium,0,original,,,,,,後ろだつていつてるのに・・・<CTRL:E4>よ
E5/SE05A.DAT,0x48BF8,11,medium,0,original,,,,,,あーおもしろかつた<CTRL:E4>よ
E5/SE05A.DAT,0x48C08,30,high,0,original,,,,,,わたし、決めたわ！<CTRL:E4>よ / あなた達のおともだちになる！！<CTRL:E4>よ
E5/SE05A.DAT,0x48C32,16,medium,0,original,,,,,,おともだちつていつても・・・<CTRL:E4>よ
E5/SE05A.DAT,0x48C52,33,medium,0,original,,,,,,わたしは世界一の大魔法使いチョニ。どうぞよろしく。<CTRL:E4>よ<CTRL:E4>よ
E5/SE05A.DAT,0x48C8A,34,medium,0,original,,,,,,わたしと遊びたいときは、チョン<N:力:5:DD02>ラさんのつ<G:D2:209>でよんでね！<CTRL:E4>よ<CTRL:E4>よ
E5/SE05A.DAT,0x48CBC,44,medium,0,original,,,,,,ただし、スメリアの<N:ｌ:5:5B>ニル<N:卞:16:DDA1>平原へ<N:ｌ:5:5B>ク<N:｣:11:65>ナの丘へ<N:ｌ:5:5B>カラ<N:力:5:DD02>ン平野へ<CTRL:E4>よ<CTRL:E4>よ<CTRL:E4>よ
E5/SE05A.DAT,0x48CEC,42,medium,0,original,,,,,,ミルマーナの<N:ｌ:5:5B>ルワジの森へ<N:ｌ:5:5B>カカラスの森へ<N:ｌ:5:5B>センバラの沼へ<CTRL:E4>よ<CTRL:E4>よ<CTRL:E4>よ
E5/SE05A.DAT,0x48D1A,41,medium,0,original,,,,,,アリバーシャの<N:ｌ:5:5B><N:リ:12:6F><N:｣:11:65>デン遺跡へ<N:ｌ:5:5B>サラ砂漠へ<N:ｌ:5:5B><N:｣:11:65>シュマのいわ場へ<CTRL:E4>よ<CTRL:E4>よ<CTRL:E4>よ
E5/SE05A.DAT,0x48D54,21,high,0,original,,,,,,じゃないと、<CTRL:E4>よい・や・よつ！<CTRL:E4>よ
E5/SE05A.DAT,0x48D7A,12,medium,0,original,,,,,,じゃあ、またねー！！<CTRL:E4>よ
E5/SE05A.DAT,0x48FF6,23,high,0,original,,,,,,いらしゃいませ！ / ちょこで<N:ぇ:2:C0>ーす！！<CTRL:E4>よ<CTRL:E4>よ
E5/SE05A.DAT,0x49012,17,medium,0,original,,,,,,さあ、みんなでおどりましょう！<CTRL:E4>よ
E5/SE05A.DAT,0x49036,13,medium,0,original,,,,,,わーい、おもしろーい！<CTRL:E4>よ
E5/SE05A.DAT,0x49072,13,high,0,original,,,,,,めがまわるよ<N:ぉ:8:DD45>・・・<CTRL:E4>よ
E5/SE05A.DAT,0x490B2,15,high,0,original,,,,,,ふ<N:ぇ:2:C0>ーん、だれかとめて<N:ぇ:2:C0>・・・
F/SF011.DAT,0x479F8,49,medium,0,original,,,,,,<CTRL:00><N:ъ:14:1A><CTRL:00>し<CTRL:00>す<CTRL:00><N:．:2:0F><CTRL:00>う<CTRL:00> <CTRL:00>ん<CTRL:00><N:ｃ:12:16><CTRL:00>は<CTRL:00>3 に<CTRL:00>す<CTRL:00><N:ﾉ:6:10><CTRL:00>う<CTRL:00> <CTRL:00>ん<CTRL:00><N:ｃ:9:17><CTRL:00>は<CTRL:00>3 に<CTRL:00> <CTRL:00>ー か<CTRL:00>
F/SF011.DAT,0x47A1C,13,medium,0,original,,,,,,は<CTRL:00>3 に<CTRL:00> <CTRL:00>ー か<CTRL:00>
F/SF011.DAT,0x47BF4,49,medium,0,original,,,,,,<CTRL:00><N:ъ:14:1A><CTRL:00>し<CTRL:00>す<CTRL:00><N:．:2:0F><CTRL:00>う<CTRL:00> <CTRL:00>ん<CTRL:00><N:ｃ:12:16><CTRL:00>は<CTRL:00>1！に<CTRL:00>す<CTRL:00><N:ﾉ:6:10><CTRL:00>う<CTRL:00> <CTRL:00>ん<CTRL:00><N:ｃ:9:17><CTRL:00>は<CTRL:00>1！に<CTRL:00> <CTRL:00>を！か<CTRL:00>
F/SF011.DAT,0x47C18,13,medium,0,original,,,,,,は<CTRL:00>1！に<CTRL:00> <CTRL:00>を！か<CTRL:00>
F/SF011.DAT,0x47E18,21,medium,0,original,,,,,,<CTRL:00><N:ъ:14:1A><CTRL:00>し<CTRL:00>す<CTRL:00><N:*:7:0B><CTRL:00><N:ｃ:9:17><CTRL:00>す<CTRL:00>”<CTRL:00>う<CTRL:00> <CTRL:00>ま
F/SF011.DAT,0x47E24,9,medium,0,original,,,,,,す<CTRL:00>”<CTRL:00>う<CTRL:00> <CTRL:00>ま
F/SF011.DAT,0x48090,21,medium,0,original,,,,,,<CTRL:00><N:ъ:14:1A><CTRL:00>し<CTRL:00>す<CTRL:00><N:*:7:0B><CTRL:00><N:ｃ:9:17><CTRL:00>す<CTRL:00>”<CTRL:00>う<CTRL:00> <CTRL:00>ま
F/SF011.DAT,0x4809C,9,medium,0,original,,,,,,す<CTRL:00>”<CTRL:00>う<CTRL:00> <CTRL:00>ま
F/SF011.DAT,0x482A8,21,medium,0,original,,,,,,<CTRL:00><N:ъ:14:1A><CTRL:00>し<CTRL:00>す<CTRL:00><N:*:7:0B><CTRL:00><N:ｃ:9:17><CTRL:00>す<CTRL:00>”<CTRL:00>う<CTRL:00> <CTRL:00>ま
F/SF011.DAT,0x482B4,9,medium,0,original,,,,,,す<CTRL:00>”<CTRL:00>う<CTRL:00> <CTRL:00>ま
F/SF011.DAT,0x48498,21,medium,0,original,,,,,,<CTRL:00><N:ъ:14:1A><CTRL:00>し<CTRL:00>す<CTRL:00><N:*:7:0B><CTRL:00><N:ｃ:9:17><CTRL:00>す<CTRL:00>”<CTRL:00>う<CTRL:00> <CTRL:00>ま
F/SF011.DAT,0x484A4,9,medium,0,original,,,,,,す<CTRL:00>”<CTRL:00>う<CTRL:00> <CTRL:00>ま
F/SF011.DAT,0x48598,7,medium,0,original,,,,,,<CTRL:00><N:ъ:14:1A><CTRL:00>し<CTRL:00>
F/SF011.DAT,0x488F6,9,medium,0,original,,,,,,す<CTRL:00>”<CTRL:00>う<CTRL:00> <CTRL:00>ま
F/SF011.DAT,0x489AA,9,medium,0,original,,,,,,す<CTRL:00>”<CTRL:00>う<CTRL:00> <CTRL:00>ま
F/SF011.DAT,0x48AD8,9,medium,0,original,,,,,,す<CTRL:00>”<CTRL:00>う<CTRL:00> <CTRL:00>ま
F/SF011.DAT,0x48CEC,9,medium,0,original,,,,,,す<CTRL:00>”<CTRL:00>う<CTRL:00> <CTRL:00>ま
F/SF011.DAT,0x48D8C,9,medium,0,original,,,,,,す<CTRL:00>”<CTRL:00>う<CTRL:00> <CTRL:00>ま
F/SF011.DAT,0x48E02,9,medium,0,original,,,,,,す<CTRL:00>”<CTRL:00>う<CTRL:00> <CTRL:00>ま
F/SF011.DAT,0x48EFE,9,medium,0,original,,,,,,す<CTRL:00>”<CTRL:00>う<CTRL:00> <CTRL:00>ま
F/SF011.DAT,0x4922A,9,medium,0,original,,,,,,す<CTRL:00>”<CTRL:00>う<CTRL:00> <CTRL:00>ま
F/SF021.DAT,0x479D4,21,medium,0,original,,,,,,が<CTRL:00> <CTRL:00><N:＆:4:07><CTRL:00><N:ъ:14:1A><CTRL:00>が<CTRL:00><N:＆:4:07><CTRL:00><N:＆:4:07><CTRL:00>い<CTRL:00>は<CTRL:00>！<CTRL:00><N:＆:4:07>
F/SF021.DAT,0x479FC,49,medium,0,original,,,,,,言<CTRL:00>う<CTRL:00>り<CTRL:00><N:３:14:19><CTRL:00>山<CTRL:00>う<CTRL:00>が<CTRL:00>1<CTRL:00>る<CTRL:00><N:７:11:18><CTRL:00>が<CTRL:00>1<CTRL:00>に<CTRL:00><N:３:14:19><CTRL:00>が<CTRL:00> <CTRL:00><N:＆:4:07><CTRL:00><N:ъ:14:1A><CTRL:00>が<CTRL:00><N:＆:4:07><CTRL:00><N:＆:4:07><CTRL:00>い<CTRL:00>は<CTRL:00>！<CTRL:00><N:＆:4:07>
F/SF021.DAT,0x47A04,41,medium,0,original,,,,,,山<CTRL:00>う<CTRL:00>が<CTRL:00>1<CTRL:00>る<CTRL:00><N:７:11:18><CTRL:00>が<CTRL:00>1<CTRL:00>に<CTRL:00><N:３:14:19><CTRL:00>が<CTRL:00> <CTRL:00><N:＆:4:07><CTRL:00><N:ъ:14:1A><CTRL:00>が<CTRL:00><N:＆:4:07><CTRL:00><N:＆:4:07><CTRL:00>い<CTRL:00>は<CTRL:00>！<CTRL:00><N:＆:4:07>
F/SF021.DAT,0x47A18,21,medium,0,original,,,,,,が<CTRL:00> <CTRL:00><N:＆:4:07><CTRL:00><N:ъ:14:1A><CTRL:00>が<CTRL:00><N:＆:4:07><CTRL:00><N:＆:4:07><CTRL:00>い<CTRL:00>は<CTRL:00>！<CTRL:00><N:＆:4:07>
F/SF021.DAT,0x47A40,57,medium,0,original,,,,,,参<CTRL:00>う<CTRL:00>り<CTRL:00><N:３:14:19><CTRL:00>バ<CTRL:00>う<CTRL:00>が<CTRL:00><N:ﾉ:6:10><CTRL:00><N:ъ:14:1A><CTRL:00><N:７:11:18><CTRL:00>が<CTRL:00><N:＄:1:05><CTRL:00><N:ъ:14:1A><CTRL:00>の<CTRL:00>が<CTRL:00><N:ﾉ:6:10><CTRL:00>い<CTRL:00><N:３:14:19><CTRL:00>が<CTRL:00> <CTRL:00><N:＆:4:07><CTRL:00><N:ъ:14:1A><CTRL:00>が<CTRL:00><N:＆:4:07><CTRL:00><N:＆:4:07><CTRL:00>い<CTRL:00>は<CTRL:00>！<CTRL:00><N:＆:4:07>
F/SF021.DAT,0x47A48,49,medium,0,original,,,,,,バ<CTRL:00>う<CTRL:00>が<CTRL:00><N:ﾉ:6:10><CTRL:00><N:ъ:14:1A><CTRL:00><N:７:11:18><CTRL:00>が<CTRL:00><N:＄:1:05><CTRL:00><N:ъ:14:1A><CTRL:00>の<CTRL:00>が<CTRL:00><N:ﾉ:6:10><CTRL:00>い<CTRL:00><N:３:14:19><CTRL:00>が<CTRL:00> <CTRL:00><N:＆:4:07><CTRL:00><N:ъ:14:1A><CTRL:00>が<CTRL:00><N:＆:4:07><CTRL:00><N:＆:4:07><CTRL:00>い<CTRL:00>は<CTRL:00>！<CTRL:00><N:＆:4:07>
F/SF021.DAT,0x47A64,21,medium,0,original,,,,,,が<CTRL:00> <CTRL:00><N:＆:4:07><CTRL:00><N:ъ:14:1A><CTRL:00>が<CTRL:00><N:＆:4:07><CTRL:00><N:＆:4:07><CTRL:00>い<CTRL:00>は<CTRL:00>！<CTRL:00><N:＆:4:07>
F/SF021.DAT,0x47AA0,21,medium,0,original,,,,,,が<CTRL:00> <CTRL:00><N:＆:4:07><CTRL:00><N:ъ:14:1A><CTRL:00>が<CTRL:00><N:＆:4:07><CTRL:00><N:＆:4:07><CTRL:00>い<CTRL:00>は<CTRL:00>！<CTRL:00><N:＆:4:07>
F/SF021.DAT,0x47AC8,65,medium,0,original,,,,,,フ<CTRL:00>う<CTRL:00>り<CTRL:00><N:３:14:19><CTRL:00>世<CTRL:00>う<CTRL:00>り<CTRL:00><N:３:14:19><CTRL:00>上<CTRL:00>う<CTRL:00>が<CTRL:00>1<CTRL:00><N:ъ:14:1A><CTRL:00><N:７:11:18><CTRL:00>が<CTRL:00><N:＄:1:05><CTRL:00><N:ъ:14:1A><CTRL:00>な<CTRL:00>が<CTRL:00>1<CTRL:00>い<CTRL:00><N:３:14:19><CTRL:00>が<CTRL:00> <CTRL:00><N:＆:4:07><CTRL:00><N:ъ:14:1A><CTRL:00>が<CTRL:00><N:＆:4:07><CTRL:00><N:＆:4:07><CTRL:00>い<CTRL:00>は<CTRL:00>！<CTRL:00><N:＆:4:07>
F/SF021.DAT,0x47AD0,57,medium,0,original,,,,,,世<CTRL:00>う<CTRL:00>り<CTRL:00><N:３:14:19><CTRL:00>上<CTRL:00>う<CTRL:00>が<CTRL:00>1<CTRL:00><N:ъ:14:1A><CTRL:00><N:７:11:18><CTRL:00>が<CTRL:00><N:＄:1:05><CTRL:00><N:ъ:14:1A><CTRL:00>な<CTRL:00>が<CTRL:00>1<CTRL:00>い<CTRL:00><N:３:14:19><CTRL:00>が<CTRL:00> <CTRL:00><N:＆:4:07><CTRL:00><N:ъ:14:1A><CTRL:00>が<CTRL:00><N:＆:4:07><CTRL:00><N:＆:4:07><CTRL:00>い<CTRL:00>は<CTRL:00>！<CTRL:00><N:＆:4:07>
F/SF021.DAT,0x47AD8,49,medium,0,original,,,,,,上<CTRL:00>う<CTRL:00>が<CTRL:00>1<CTRL:00><N:ъ:14:1A><CTRL:00><N:７:11:18><CTRL:00>が<CTRL:00><N:＄:1:05><CTRL:00><N:ъ:14:1A><CTRL:00>な<CTRL:00>が<CTRL:00>1<CTRL:00>い<CTRL:00><N:３:14:19><CTRL:00>が<CTRL:00> <CTRL:00><N:＆:4:07><CTRL:00><N:ъ:14:1A><CTRL:00>が<CTRL:00><N:＆:4:07><CTRL:00><N:＆:4:07><CTRL:00>い<CTRL:00>は<CTRL:00>！<CTRL:00><N:＆:4:07>
F/SF021.DAT,0x47AF4,21,medium,0,original,,,,,,が<CTRL:00> <CTRL:00><N:＆:4:07><CTRL:00><N:ъ:14:1A><CTRL:00>が<CTRL:00><N:＆:4:07><CTRL:00><N:＆:4:07><CTRL:00>い<CTRL:00>は<CTRL:00>！<CTRL:00><N:＆:4:07>
F/SF021.DAT,0x47B1C,65,medium,0,original,,,,,,聞<CTRL:00>う<CTRL:00>り<CTRL:00><N:３:14:19><CTRL:00>ム<CTRL:00>う<CTRL:00>り<CTRL:00><N:３:14:19><CTRL:00>敵<CTRL:00>う<CTRL:00>が<CTRL:00>1<CTRL:00><N:ъ:14:1A><CTRL:00><N:７:11:18><CTRL:00>が<CTRL:00><N:＄:1:05><CTRL:00><N:ъ:14:1A><CTRL:00>な<CTRL:00>が<CTRL:00>1<CTRL:00>い<CTRL:00><N:３:14:19><CTRL:00>が<CTRL:00> <CTRL:00><N:＆:4:07><CTRL:00><N:ъ:14:1A><CTRL:00>が<CTRL:00><N:＆:4:07><CTRL:00><N:＆:4:07><CTRL:00>い<CTRL:00>は<CTRL:00>！<CTRL:00><N:＆:4:07>
F/SF021.DAT,0x47B24,57,medium,0,original,,,,,,ム<CTRL:00>う<CTRL:00>り<CTRL:00><N:３:14:19><CTRL:00>敵<CTRL:00>う<CTRL:00>が<CTRL:00>1<CTRL:00><N:ъ:14:1A><CTRL:00><N:７:11:18><CTRL:00>が<CTRL:00><N:＄:1:05><CTRL:00><N:ъ:14:1A><CTRL:00>な<CTRL:00>が<CTRL:00>1<CTRL:00>い<CTRL:00><N:３:14:19><CTRL:00>が<CTRL:00> <CTRL:00><N:＆:4:07><CTRL:00><N:ъ:14:1A><CTRL:00>が<CTRL:00><N:＆:4:07><CTRL:00><N:＆:4:07><CTRL:00>い<CTRL:00>は<CTRL:00>！<CTRL:00><N:＆:4:07>
F/SF021.DAT,0x47B2C,49,medium,0,original,,,,,,敵<CTRL:00>う<CTRL:00>が<CTRL:00>1<CTRL:00><N:ъ:14:1A><CTRL:00><N:７:11:18><CTRL:00>が<CTRL:00><N:＄:1:05><CTRL:00><N:ъ:14:1A><CTRL:00>な<CTRL:00>が<CTRL:00>1<CTRL:00>い<CTRL:00><N:３:14:19><CTRL:00>が<CTRL:00> <CTRL:00><N:＆:4:07><CTRL:00><N:ъ:14:1A><CTRL:00>が<CTRL:00><N:＆:4:07><CTRL:00><N:＆:4:07><CTRL:00>い<CTRL:00>は<CTRL:00>！<CTRL:00><N:＆:4:07>
F/SF021.DAT,0x47B48,21,medium,0,original,,,,,,が<CTRL:00> <CTRL:00><N:＆:4:07><CTRL:00><N:ъ:14:1A><CTRL:00>が<CTRL:00><N:＆:4:07><CTRL:00><N:＆:4:07><CTRL:00>い<CTRL:00>は<CTRL:00>！<CTRL:00><N:＆:4:07>
F/SF021.DAT,0x47B70,13,medium,0,original,,,,,,風<CTRL:00>う<CTRL:00>り<CTRL:00><N:３:14:19><CTRL:00>備<CTRL:00>う<CTRL:00>が
F/SF021.DAT,0x47B78,5,medium,0,original,,,,,,備<CTRL:00>う<CTRL:00>が
F/SF021.DAT,0x47BD0,221,medium,0,original,,,,,,か<CTRL:00>が<CTRL:00> <CTRL:00><N:＆:4:07><CTRL:00><N:３:14:19><CTRL:00>る<CTRL:00>ル！が<CTRL:00><N:X:20:06><CTRL:00><N:７:11:18><CTRL:00>か<CTRL:00>が<CTRL:00> <CTRL:00><N:＆:4:07><CTRL:00><N:７:11:18><CTRL:00>が<CTRL:00><N:≠:16:04><CTRL:00><N:３:14:19><CTRL:00>か<CTRL:00>が<CTRL:00> <CTRL:00><N:＆:4:07><CTRL:00><N:３:14:19><CTRL:00>る<CTRL:00>ル！が<CTRL:00><N:X:20:06><CTRL:00><N:７:11:18><CTRL:00>か<CTRL:00>が<CTRL:00> <CTRL:00><N:＆:4:07><CTRL:00><N:７:11:18><CTRL:00>る<CTRL:00>ル！が<CTRL:00><N:≠:16:04><CTRL:00><N:７:11:18><CTRL:00>か<CTRL:00>が<CTRL:00> <CTRL:00><N:＆:4:07><CTRL:00><N:７:11:18><CTRL:00>が<CTRL:00><N:X:20:06><CTRL:00><N:３:14:19><CTRL:00>か<CTRL:00>が<CTRL:00> <CTRL:00><N:＆:4:07><CTRL:00><N:３:14:19><CTRL:00>る<CTRL:00>ル！が<CTRL:00><N:X:20:06><CTRL:00><N:３:14:19><CTRL:00>か<CTRL:00>が<CTRL:00> <CTRL:00><N:＆:4:07><CTRL:00><N:３:14:19><CTRL:00>る<CTRL:00>ル！が<CTRL:00><N:≠:16:04><CTRL:00><N:７:11:18><CTRL:00>か<CTRL:00>が<CTRL:00> <CTRL:00><N:＆:4:07><CTRL:00><N:７:11:18><CTRL:00>が<CTRL:00><N:X:20:06><CTRL:00><N:３:14:19><CTRL:00>か<CTRL:00>が<CTRL:00> <CTRL:00><N:＆:4:07><CTRL:00><N:３:14:19><CTRL:00>る<CTRL:00>ル！が<CTRL:00><N:≠:16:04><CTRL:00><N:７:11:18><CTRL:00>か<CTRL:00>が<CTRL:00> <CTRL:00><N:＆:4:07><CTRL:00><N:７:11:18><CTRL:00>る<CTRL:00>ル！が<CTRL:00><N:≠:16:04><CTRL:00><N:７:11:18><CTRL:00>か<CTRL:00>が<CTRL:00> <CTRL:00><N:＆:4:07><CTRL:00><N:７:11:18><CTRL:00>が<CTRL:00><N:≠:16:04><CTRL:00><N:３:14:19><CTRL:00>か<CTRL:00>が<CTRL:00> <CTRL:00><N:＆:4:07><CTRL:00><N:３:14:19><CTRL:00>に<CTRL:00>我 う<CTRL:00>ら
F/SF021.DAT,0x47BDA,211,medium,0,original,,,,,,る<CTRL:00>ル！が<CTRL:00><N:X:20:06><CTRL:00><N:７:11:18><CTRL:00>か<CTRL:00>が<CTRL:00> <CTRL:00><N:＆:4:07><CTRL:00><N:７:11:18><CTRL:00>が<CTRL:00><N:≠:16:04><CTRL:00><N:３:14:19><CTRL:00>か<CTRL:00>が<CTRL:00> <CTRL:00><N:＆:4:07><CTRL:00><N:３:14:19><CTRL:00>る<CTRL:00>ル！が<CTRL:00><N:X:20:06><CTRL:00><N:７:11:18><CTRL:00>か<CTRL:00>が<CTRL:00> <CTRL:00><N:＆:4:07><CTRL:00><N:７:11:18><CTRL:00>る<CTRL:00>ル！が<CTRL:00><N:≠:16:04><CTRL:00><N:７:11:18><CTRL:00>か<CTRL:00>が<CTRL:00> <CTRL:00><N:＆:4:07><CTRL:00><N:７:11:18><CTRL:00>が<CTRL:00><N:X:20:06><CTRL:00><N:３:14:19><CTRL:00>か<CTRL:00>が<CTRL:00> <CTRL:00><N:＆:4:07><CTRL:00><N:３:14:19><CTRL:00>る<CTRL:00>ル！が<CTRL:00><N:X:20:06><CTRL:00><N:３:14:19><CTRL:00>か<CTRL:00>が<CTRL:00> <CTRL:00><N:＆:4:07><CTRL:00><N:３:14:19><CTRL:00>る<CTRL:00>ル！が<CTRL:00><N:≠:16:04><CTRL:00><N:７:11:18><CTRL:00>か<CTRL:00>が<CTRL:00> <CTRL:00><N:＆:4:07><CTRL:00><N:７:11:18><CTRL:00>が<CTRL:00><N:X:20:06><CTRL:00><N:３:14:19><CTRL:00>か<CTRL:00>が<CTRL:00> <CTRL:00><N:＆:4:07><CTRL:00><N:３:14:19><CTRL:00>る<CTRL:00>ル！が<CTRL:00><N:≠:16:04><CTRL:00><N:７:11:18><CTRL:00>か<CTRL:00>が<CTRL:00> <CTRL:00><N:＆:4:07><CTRL:00><N:７:11:18><CTRL:00>る<CTRL:00>ル！が<CTRL:00><N:≠:16:04><CTRL:00><N:７:11:18><CTRL:00>か<CTRL:00>が<CTRL:00> <CTRL:00><N:＆:4:07><CTRL:00><N:７:11:18><CTRL:00>が<CTRL:00><N:≠:16:04><CTRL:00><N:３:14:19><CTRL:00>か<CTRL:00>が<CTRL:00> <CTRL:00><N:＆:4:07><CTRL:00><N:３:14:19><CTRL:00>に<CTRL:00>我 う<CTRL:00>ら
F/SF021.DAT,0x47BF4,185,medium,0,original,,,,,,か<CTRL:00>が<CTRL:00> <CTRL:00><N:＆:4:07><CTRL:00><N:３:14:19><CTRL:00>る<CTRL:00>ル！が<CTRL:00><N:X:20:06><CTRL:00><N:７:11:18><CTRL:00>か<CTRL:00>が<CTRL:00> <CTRL:00><N:＆:4:07><CTRL:00><N:７:11:18><CTRL:00>る<CTRL:00>ル！が<CTRL:00><N:≠:16:04><CTRL:00><N:７:11:18><CTRL:00>か<CTRL:00>が<CTRL:00> <CTRL:00><N:＆:4:07><CTRL:00><N:７:11:18><CTRL:00>が<CTRL:00><N:X:20:06><CTRL:00><N:３:14:19><CTRL:00>か<CTRL:00>が<CTRL:00> <CTRL:00><N:＆:4:07><CTRL:00><N:３:14:19><CTRL:00>る<CTRL:00>ル！が<CTRL:00><N:X:20:06><CTRL:00><N:３:14:19><CTRL:00>か<CTRL:00>が<CTRL:00> <CTRL:00><N:＆:4:07><CTRL:00><N:３:14:19><CTRL:00>る<CTRL:00>ル！が<CTRL:00><N:≠:16:04><CTRL:00><N:７:11:18><CTRL:00>か<CTRL:00>が<CTRL:00> <CTRL:00><N:＆:4:07><CTRL:00><N:７:11:18><CTRL:00>が<CTRL:00><N:X:20:06><CTRL:00><N:３:14:19><CTRL:00>か<CTRL:00>が<CTRL:00> <CTRL:00><N:＆:4:07><CTRL:00><N:３:14:19><CTRL:00>る<CTRL:00>ル！が<CTRL:00><N:≠:16:04><CTRL:00><N:７:11:18><CTRL:00>か<CTRL:00>が<CTRL:00> <CTRL:00><N:＆:4:07><CTRL:00><N:７:11:18><CTRL:00>る<CTRL:00>ル！が<CTRL:00><N:≠:16:04><CTRL:00><N:７:11:18><CTRL:00>か<CTRL:00>が<CTRL:00> <CTRL:00><N:＆:4:07><CTRL:00><N:７:11:18><CTRL:00>が<CTRL:00><N:≠:16:04><CTRL:00><N:３:14:19><CTRL:00>か<CTRL:00>が<CTRL:00> <CTRL:00><N:＆:4:07><CTRL:00><N:３:14:19><CTRL:00>に<CTRL:00>我 う<CTRL:00>ら
F/SF021.DAT,0x47BFE,175,medium,0,original,,,,,,る<CTRL:00>ル！が<CTRL:00><N:X:20:06><CTRL:00><N:７:11:18><CTRL:00>か<CTRL:00>が<CTRL:00> <CTRL:00><N:＆:4:07><CTRL:00><N:７:11:18><CTRL:00>る<CTRL:00>ル！が<CTRL:00><N:≠:16:04><CTRL:00><N:７:11:18><CTRL:00>か<CTRL:00>が<CTRL:00> <CTRL:00><N:＆:4:07><CTRL:00><N:７:11:18><CTRL:00>が<CTRL:00><N:X:20:06><CTRL:00><N:３:14:19><CTRL:00>か<CTRL:00>が<CTRL:00> <CTRL:00><N:＆:4:07><CTRL:00><N:３:14:19><CTRL:00>る<CTRL:00>ル！が<CTRL:00><N:X:20:06><CTRL:00><N:３:14:19><CTRL:00>か<CTRL:00>が<CTRL:00> <CTRL:00><N:＆:4:07><CTRL:00><N:３:14:19><CTRL:00>る<CTRL:00>ル！が<CTRL:00><N:≠:16:04><CTRL:00><N:７:11:18><CTRL:00>か<CTRL:00>が<CTRL:00> <CTRL:00><N:＆:4:07><CTRL:00><N:７:11:18><CTRL:00>が<CTRL:00><N:X:20:06><CTRL:00><N:３:14:19><CTRL:00>か<CTRL:00>が<CTRL:00> <CTRL:00><N:＆:4:07><CTRL:00><N:３:14:19><CTRL:00>る<CTRL:00>ル！が<CTRL:00><N:≠:16:04><CTRL:00><N:７:11:18><CTRL:00>か<CTRL:00>が<CTRL:00> <CTRL:00><N:＆:4:07><CTRL:00><N:７:11:18><CTRL:00>る<CTRL:00>ル！が<CTRL:00><N:≠:16:04><CTRL:00><N:７:11:18><CTRL:00>か<CTRL:00>が<CTRL:00> <CTRL:00><N:＆:4:07><CTRL:00><N:７:11:18><CTRL:00>が<CTRL:00><N:≠:16:04><CTRL:00><N:３:14:19><CTRL:00>か<CTRL:00>が<CTRL:00> <CTRL:00><N:＆:4:07><CTRL:00><N:３:14:19><CTRL:00>に<CTRL:00>我 う<CTRL:00>ら
F/SF021.DAT,0x47C2C,129,medium,0,original,,,,,,か<CTRL:00>が<CTRL:00> <CTRL:00><N:＆:4:07><CTRL:00><N:３:14:19><CTRL:00>る<CTRL:00>ル！が<CTRL:00><N:X:20:06><CTRL:00><N:３:14:19><CTRL:00>か<CTRL:00>が<CTRL:00> <CTRL:00><N:＆:4:07><CTRL:00><N:３:14:19><CTRL:00>る<CTRL:00>ル！が<CTRL:00><N:≠:16:04><CTRL:00><N:７:11:18><CTRL:00>か<CTRL:00>が<CTRL:00> <CTRL:00><N:＆:4:07><CTRL:00><N:７:11:18><CTRL:00>が<CTRL:00><N:X:20:06><CTRL:00><N:３:14:19><CTRL:00>か<CTRL:00>が<CTRL:00> <CTRL:00><N:＆:4:07><CTRL:00><N:３:14:19><CTRL:00>る<CTRL:00>ル！が<CTRL:00><N:≠:16:04><CTRL:00><N:７:11:18><CTRL:00>か<CTRL:00>が<CTRL:00> <CTRL:00><N:＆:4:07><CTRL:00><N:７:11:18><CTRL:00>る<CTRL:00>ル！が<CTRL:00><N:≠:16:04><CTRL:00><N:７:11:18><CTRL:00>か<CTRL:00>が<CTRL:00> <CTRL:00><N:＆:4:07><CTRL:00><N:７:11:18><CTRL:00>が<CTRL:00><N:≠:16:04><CTRL:00><N:３:14:19><CTRL:00>か<CTRL:00>が<CTRL:00> <CTRL:00><N:＆:4:07><CTRL:00><N:３:14:19><CTRL:00>に<CTRL:00>我 う<CTRL:00>ら
F/SF021.DAT,0x47C36,119,medium,0,original,,,,,,る<CTRL:00>ル！が<CTRL:00><N:X:20:06><CTRL:00><N:３:14:19><CTRL:00>か<CTRL:00>が<CTRL:00> <CTRL:00><N:＆:4:07><CTRL:00><N:３:14:19><CTRL:00>る<CTRL:00>ル！が<CTRL:00><N:≠:16:04><CTRL:00><N:７:11:18><CTRL:00>か<CTRL:00>が<CTRL:00> <CTRL:00><N:＆:4:07><CTRL:00><N:７:11:18><CTRL:00>が<CTRL:00><N:X:20:06><CTRL:00><N:３:14:19><CTRL:00>か<CTRL:00>が<CTRL:00> <CTRL:00><N:＆:4:07><CTRL:00><N:３:14:19><CTRL:00>る<CTRL:00>ル！が<CTRL:00><N:≠:16:04><CTRL:00><N:７:11:18><CTRL:00>か<CTRL:00>が<CTRL:00> <CTRL:00><N:＆:4:07><CTRL:00><N:７:11:18><CTRL:00>る<CTRL:00>ル！が<CTRL:00><N:≠:16:04><CTRL:00><N:７:11:18><CTRL:00>か<CTRL:00>が<CTRL:00> <CTRL:00><N:＆:4:07><CTRL:00><N:７:11:18><CTRL:00>が<CTRL:00><N:≠:16:04><CTRL:00><N:３:14:19><CTRL:00>か<CTRL:00>が<CTRL:00> <CTRL:00><N:＆:4:07><CTRL:00><N:３:14:19><CTRL:00>に<CTRL:00>我 う<CTRL:00>ら
F/SF021.DAT,0x47C40,109,medium,0,original,,,,,,か<CTRL:00>が<CTRL:00> <CTRL:00><N:＆:4:07><CTRL:00><N:３:14:19><CTRL:00>る<CTRL:00>ル！が<CTRL:00><N:≠:16:04><CTRL:00><N:７:11:18><CTRL:00>か<CTRL:00>が<CTRL:00> <CTRL:00><N:＆:4:07><CTRL:00><N:７:11:18><CTRL:00>が<CTRL:00><N:X:20:06><CTRL:00><N:３:14:19><CTRL:00>か<CTRL:00>が<CTRL:00> <CTRL:00><N:＆:4:07><CTRL:00><N:３:14:19><CTRL:00>る<CTRL:00>ル！が<CTRL:00><N:≠:16:04><CTRL:00><N:７:11:18><CTRL:00>か<CTRL:00>が<CTRL:00> <CTRL:00><N:＆:4:07><CTRL:00><N:７:11:18><CTRL:00>る<CTRL:00>ル！が<CTRL:00><N:≠:16:04><CTRL:00><N:７:11:18><CTRL:00>か<CTRL:00>が<CTRL:00> <CTRL:00><N:＆:4:07><CTRL:00><N:７:11:18><CTRL:00>が<CTRL:00><N:≠:16:04><CTRL:00><N:３:14:19><CTRL:00>か<CTRL:00>が<CTRL:00> <CTRL:00><N:＆:4:07><CTRL:00><N:３:14:19><CTRL:00>に<CTRL:00>我 う<CTRL:00>ら
F/SF021.DAT,0x47C4A,99,medium,0,original,,,,,,る<CTRL:00>ル！が<CTRL:00><N:≠:16:04><CTRL:00><N:７:11:18><CTRL:00>か<CTRL:00>が<CTRL:00> <CTRL:00><N:＆:4:07><CTRL:00><N:７:11:18><CTRL:00>が<CTRL:00><N:X:20:06><CTRL:00><N:３:14:19><CTRL:00>か<CTRL:00>が<CTRL:00> <CTRL:00><N:＆:4:07><CTRL:00><N:３:14:19><CTRL:00>る<CTRL:00>ル！が<CTRL:00><N:≠:16:04><CTRL:00><N:７:11:18><CTRL:00>か<CTRL:00>が<CTRL:00> <CTRL:00><N:＆:4:07><CTRL:00><N:７:11:18><CTRL:00>る<CTRL:00>ル！が<CTRL:00><N:≠:16:04><CTRL:00><N:７:11:18><CTRL:00>か<CTRL:00>が<CTRL:00> <CTRL:00><N:＆:4:07><CTRL:00><N:７:11:18><CTRL:00>が<CTRL:00><N:≠:16:04><CTRL:00><N:３:14:19><CTRL:00>か<CTRL:00>が<CTRL:00> <CTRL:00><N:＆:4:07><CTRL:00><N:３:14:19><CTRL:00>に<CTRL:00>我 う<CTRL:00>ら
F/SF021.DAT,0x47C64,73,medium,0,original,,,,,,か<CTRL:00>が<CTRL:00> <CTRL:00><N:＆:4:07><CTRL:00><N:３:14:19><CTRL:00>る<CTRL:00>ル！が<CTRL:00><N:≠:16:04><CTRL:00><N:７:11:18><CTRL:00>か<CTRL:00>が<CTRL:00> <CTRL:00><N:＆:4:07><CTRL:00><N:７:11:18><CTRL:00>る<CTRL:00>ル！が<CTRL:00><N:≠:16:04><CTRL:00><N:７:11:18><CTRL:00>か<CTRL:00>が<CTRL:00> <CTRL:00><N:＆:4:07><CTRL:00><N:７:11:18><CTRL:00>が<CTRL:00><N:≠:16:04><CTRL:00><N:３:14:19><CTRL:00>か<CTRL:00>が<CTRL:00> <CTRL:00><N:＆:4:07><CTRL:00><N:３:14:19><CTRL:00>に<CTRL:00>我 う<CTRL:00>ら
F/SF021.DAT,0x47C6E,63,medium,0,original,,,,,,る<CTRL:00>ル！が<CTRL:00><N:≠:16:04><CTRL:00><N:７:11:18><CTRL:00>か<CTRL:00>が<CTRL:00> <CTRL:00><N:＆:4:07><CTRL:00><N:７:11:18><CTRL:00>る<CTRL:00>ル！が<CTRL:00><N:≠:16:04><CTRL:00><N:７:11:18><CTRL:00>か<CTRL:00>が<CTRL:00> <CTRL:00><N:＆:4:07><CTRL:00><N:７:11:18><CTRL:00>が<CTRL:00><N:≠:16:04><CTRL:00><N:３:14:19><CTRL:00>か<CTRL:00>が<CTRL:00> <CTRL:00><N:＆:4:07><CTRL:00><N:３:14:19><CTRL:00>に<CTRL:00>我 う<CTRL:00>ら
F/SF021.DAT,0x47C9C,17,medium,0,original,,,,,,か<CTRL:00>が<CTRL:00> <CTRL:00><N:＆:4:07><CTRL:00><N:３:14:19><CTRL:00>に<CTRL:00>我 う<CTRL:00>ら
F/SF021.DAT,0x47CA6,7,medium,0,original,,,,,,に<CTRL:00>我 う<CTRL:00>ら
F/SF021.DAT,0x47DA2,13,high,0,original,,,,,,とんでもない大会だつたね。
F/SF021.DAT,0x47DE4,30,high,0,original,,,,,,でも私達の精霊に会うつて用は / 全然済んでないのよ。
F/SF021.DAT,0x47E36,35,high,0,original,,,,,,ああ / <CTRL:E4>よ一体このオーフと精霊にどんな / <N:閤:15:DDB1>係があるんだろう？
F/SF021.DAT,0x47E9C,24,high,0,original,,,,,,どれ、 / わしにも見せてくれんかの<N:っ:4:DD57>。<CTRL:E4>よ
F/SF021.DAT,0x47F12,12,high,0,original,,,,,,きれいなもんじゃの<N:っ:4:DD57>。
F/SF021.DAT,0x47F50,17,medium,0,original,,,,,,おつと<CTRL:E4>4と<CTRL:E4><N:X:20:06>と<CTRL:E4><N:X:20:06>と<CTRL:E4><N:X:20:06>と<CTRL:E4>よ
F/SF021.DAT,0x47F86,6,medium,0,original,,,,,,しもたっー！
F/SF021.DAT,0x47FF2,17,high,0,original,,,,,,風の精霊 / やつと出られたぞい。
F/SF021.DAT,0x48036,58,high,0,original,,,,,,風の精霊 / 風を自由にあやつろうと思つた商人が / モンスターと取り引きして、 / わしを封じ込めおつた。
F/SF021.DAT,0x480A2,46,high,0,original,,,,,,風の精霊 / 風が吹くのには理由がある、 / 勝手な欲望で変えてはならんのにのう。
F/SF021.DAT,0x48104,8,high,0,original,,,,,,あなた風の精霊？
F/SF021.DAT,0x4813E,54,high,0,original,,,,,,風の精霊 / いかにも。封じ込められた<N:ｃ:9:17>00年の聞、すつと人聞の殺しあいの中でやりとりされておつた。
F/SF021.DAT,0x481A6,56,high,0,original,,,,,,風の精霊 / お前らがオーフを壊してくれなければ、 / これがすつと続いたかと思うとさすがに / ぞつとするぞ。
F/SF021.DAT,0x48212,40,high,0,original,,,,,,人の無知は時として多くの<N:悲:5:DDBA>劇を生む。しかし、人は学び知るこができる。
F/SF021.DAT,0x4826E,34,high,0,original,,,,,,そして知ろうとする気持ちを支えているのもまた欲ではなかろうか。
F/SF021.DAT,0x482C2,36,high,0,original,,,,,,風の精霊 / このオーフを壊したおまえらが言うんじゃ信じるけどのう。
F/SF021.DAT,0x48318,31,high,0,original,,,,,,風の精霊 / お前らを信じた証として<N:ｌ:5:5B>風の石へを渡そう。
F/SF021.DAT,0x483A8,11,high,0,original,,,,,,<N:ｌ:5:5B>風の石へを手に入れた
F/SF021.DAT,0x483E6,17,high,0,original,,,,,,<N:ｌ:5:5B><N:悲:5:DDBA>劇の<N:眼:3:DE7B>鏡へを手に入れた
F/SF021.DAT,0x4842E,54,high,0,original,,,,,,風の精霊 / そうそう、わたしの分身を水と火の精霊にあすけてあるんじゃ。 / 受け取るがいいじゃろう。
F/SF021.DAT,0x48496,32,high,0,original,,,,,,風の精霊 / せつかく信じたんじゃ、 / 裏切らんでくれよ。
F/SF031.DAT,0x469F8,49,medium,0,original,,,,,,<CTRL:00><N:ъ:14:1A><CTRL:00>し<CTRL:00>す<CTRL:00><N:．:2:0F><CTRL:00>う<CTRL:00> <CTRL:00>ん<CTRL:00><N:ｃ:12:16><CTRL:00>は<CTRL:00>3 に<CTRL:00>す<CTRL:00><N:ﾉ:6:10><CTRL:00>う<CTRL:00> <CTRL:00>ん<CTRL:00><N:ｃ:9:17><CTRL:00>は<CTRL:00>3 に<CTRL:00> <CTRL:00>ー か<CTRL:00>
F/SF031.DAT,0x46A1C,13,medium,0,original,,,,,,は<CTRL:00>3 に<CTRL:00> <CTRL:00>ー か<CTRL:00>
F/SF031.DAT,0x46BF4,49,medium,0,original,,,,,,<CTRL:00><N:ъ:14:1A><CTRL:00>し<CTRL:00>す<CTRL:00><N:．:2:0F><CTRL:00>う<CTRL:00> <CTRL:00>ん<CTRL:00><N:ｃ:12:16><CTRL:00>は<CTRL:00>1！に<CTRL:00>す<CTRL:00><N:ﾉ:6:10><CTRL:00>う<CTRL:00> <CTRL:00>ん<CTRL:00><N:ｃ:9:17><CTRL:00>は<CTRL:00>1！に<CTRL:00> <CTRL:00>を！か<CTRL:00>
F/SF031.DAT,0x46C18,13,medium,0,original,,,,,,は<CTRL:00>1！に<CTRL:00> <CTRL:00>を！か<CTRL:00>
F/SF031.DAT,0x46E18,21,medium,0,original,,,,,,<CTRL:00><N:ъ:14:1A><CTRL:00>し<CTRL:00>す<CTRL:00><N:*:7:0B><CTRL:00><N:ｃ:9:17><CTRL:00>す<CTRL:00>”<CTRL:00>う<CTRL:00> <CTRL:00>ま
F/SF031.DAT,0x46E24,9,medium,0,original,,,,,,す<CTRL:00>”<CTRL:00>う<CTRL:00> <CTRL:00>ま
F/SF031.DAT,0x47090,21,medium,0,original,,,,,,<CTRL:00><N:ъ:14:1A><CTRL:00>し<CTRL:00>す<CTRL:00><N:*:7:0B><CTRL:00><N:ｃ:9:17><CTRL:00>す<CTRL:00>”<CTRL:00>う<CTRL:00> <CTRL:00>ま
F/SF031.DAT,0x4709C,9,medium,0,original,,,,,,す<CTRL:00>”<CTRL:00>う<CTRL:00> <CTRL:00>ま
F/SF031.DAT,0x472A8,21,medium,0,original,,,,,,<CTRL:00><N:ъ:14:1A><CTRL:00>し<CTRL:00>す<CTRL:00><N:*:7:0B><CTRL:00><N:ｃ:9:17><CTRL:00>す<CTRL:00>”<CTRL:00>う<CTRL:00> <CTRL:00>ま
F/SF031.DAT,0x472B4,9,medium,0,original,,,,,,す<CTRL:00>”<CTRL:00>う<CTRL:00> <CTRL:00>ま
F/SF031.DAT,0x47498,21,medium,0,original,,,,,,<CTRL:00><N:ъ:14:1A><CTRL:00>し<CTRL:00>す<CTRL:00><N:*:7:0B><CTRL:00><N:ｃ:9:17><CTRL:00>す<CTRL:00>”<CTRL:00>う<CTRL:00> <CTRL:00>ま
F/SF031.DAT,0x474A4,9,medium,0,original,,,,,,す<CTRL:00>”<CTRL:00>う<CTRL:00> <CTRL:00>ま
F/SF031.DAT,0x47598,7,medium,0,original,,,,,,<CTRL:00><N:ъ:14:1A><CTRL:00>し<CTRL:00>
F/SF031.DAT,0x478F6,9,medium,0,original,,,,,,す<CTRL:00>”<CTRL:00>う<CTRL:00> <CTRL:00>ま
F/SF031.DAT,0x479AA,9,medium,0,original,,,,,,す<CTRL:00>”<CTRL:00>う<CTRL:00> <CTRL:00>ま
F/SF031.DAT,0x47AD8,9,medium,0,original,,,,,,す<CTRL:00>”<CTRL:00>う<CTRL:00> <CTRL:00>ま
F/SF031.DAT,0x47CEC,9,medium,0,original,,,,,,す<CTRL:00>”<CTRL:00>う<CTRL:00> <CTRL:00>ま
F/SF031.DAT,0x47D8C,9,medium,0,original,,,,,,す<CTRL:00>”<CTRL:00>う<CTRL:00> <CTRL:00>ま
F/SF031.DAT,0x47E02,9,medium,0,original,,,,,,す<CTRL:00>”<CTRL:00>う<CTRL:00> <CTRL:00>ま
F/SF031.DAT,0x47EFE,9,medium,0,original,,,,,,す<CTRL:00>”<CTRL:00>う<CTRL:00> <CTRL:00>ま
F/SF031.DAT,0x4822A,9,medium,0,original,,,,,,す<CTRL:00>”<CTRL:00>う<CTRL:00> <CTRL:00>ま
F/SF031.DAT,0x4847C,10,high,0,original,,,,,,んつ、何か落ちてる
F/SF031.DAT,0x484BA,18,high,0,original,,,,,,モンスターのおなかの中にあつたのね
F/SF031.DAT,0x48500,37,high,0,original,,,,,,こつ、これは・・・ / <N:ｌ:5:5B>へろへろラッパへだ！ / こんなところにあつたなんて
F/SF031.DAT,0x4856C,17,high,0,original,,,,,,<N:ｌ:5:5B>へろへろラッパへを手に入れました
F/SF041.DAT,0x4792E,6,medium,0,original,,,,,,ど<CTRL:00>大<N:‐:2:0E>見）
F/SF041.DAT,0x4796E,3,medium,0,original,,,,,,<CTRL:FD><CTRL:FF>3
F/SF041.DAT,0x4799C,8,high,0,original,,,,,,これは一体！？
F/SF041.DAT,0x479E4,59,high,0,original,,,,,,タンクの中のもの / <CTRL:E4>よ私は炎の精霊。<CTRL:E4>よ / この<G:DE41:539><N:究:1:DE46>所に<N:捕:1:DE91>らえられ / すつと力をすい取られ続けていた。
F/SF041.DAT,0x47A62,10,high,0,original,,,,,,力をすい取られる？
F/SF041.DAT,0x47AAC,71,high,0,original,,,,,,炎の精霊 / そう、この<G:DE41:539><N:究:1:DE46>所は<CTRL:E4>4あたらしい<CTRL:E4><N:*:7:0B> / エ<N:ネ:13:DDC6>ル<N:午:19:DDB6>ーの<G:DE41:539><N:究:1:DE46>を<CTRL:E4>4している<CTRL:E4>よ。 / つまり生命力エ<N:ネ:13:DDC6>ル<N:午:19:DDB6>ーだ。
F/SF041.DAT,0x47B26,46,high,0,original,,,,,,炎の精霊 / 炎の精霊である<CTRL:E4>4私を<N:捕:1:DE91>らえ<CTRL:E4><N:*:7:0B> / エ<N:ネ:13:DDC6>ル<N:午:19:DDB6>ーを<CTRL:E4>4とり続けてきた。
F/SF041.DAT,0x47B86,40,high,0,original,,,,,,炎の精霊 / この国が<CTRL:E4>4急げきに<CTRL:E4>4 / はん<N:栄:1:DF55>しだしたのは<CTRL:E4><N:*:7:0B>そのせいだ。
F/SF041.DAT,0x47BE0,69,high,0,original,,,,,,炎の精霊 / エ<N:ネ:13:DDC6>ル<N:午:19:DDB6>ーは<CTRL:E4>4たがいに分け<N:与:3:DD3F>え / <CTRL:E4>4高めて<G:DD04:223>くもので / 相手から無理に<CTRL:E4>4奪いとるものではない。
F/SF041.DAT,0x47C58,39,high,0,original,,,,,,炎の精霊 / 頼む、<CTRL:E4>4助けてくれ。 / <CTRL:E4>よこのタンクを<CTRL:E4>4壊してくれ。
F/SF041.DAT,0x47CEC,23,high,0,original,,,,,,炎の精霊 / あ<CTRL:E4><N:*:7:0B>り<CTRL:E4><N:*:7:0B>が<CTRL:E4><N:*:7:0B>と<CTRL:E4>4う<CTRL:E4>よ。
F/SF041.DAT,0x47D2C,13,high,0,original,,,,,,私からも礼を言おう。
F/SF041.DAT,0x47DA8,58,high,0,original,,,,,,火の精霊 / 私は火の精霊。私の下位精霊である / 炎の精霊を<N:閂:11:DDE0>放してくれた / 礼を言わなくてはなるまい。
F/SF041.DAT,0x47E22,42,high,0,original,,,,,,火の精霊 / ただ、私はこのようなことを始めた / 人聞を許すわけにはいかない。
F/SF041.DAT,0x47E8C,38,high,0,original,,,,,,火の精霊 / 人聞達は、自然を自分勝手に / 作りかえるばかりではなく、
F/SF041.DAT,0x47EE4,49,high,0,original,,,,,,火の精霊 / 生き物の持つている生命をエ<N:ネ:13:DDC6>ル<N:午:19:DDB6>ーに / かえることを考えはじめた。
F/SF041.DAT,0x47F56,39,high,0,original,,,,,,火の精霊 / そして、ついに世界の命の源である / 精霊に目をつけたのだ。
F/SF041.DAT,0x47FB0,36,high,0,original,,,,,,火の精霊 / このとどまるところを知らぬ欲望は / なんなのだ？！
F/SF041.DAT,0x48014,58,high,0,original,,,,,,火の精霊 / 自分では何も産み出さす / 我<N:く:18:DD06>の産み出した生命をもて遊び / 世界の支配者気取りだ。
F/SF041.DAT,0x48090,45,high,0,original,,,,,,・・確かに人聞達の欲望は / 多くの<N:悲:5:DDBA>劇（ひげき）を / 生み続けている。
F/SF041.DAT,0x480F2,32,high,0,original,,,,,,そして、俺はどの<N:悲:5:DDBA>劇も / 止めるこはできなかつた・・。
F/SF041.DAT,0x48168,26,high,0,original,,,,,,火の精霊よ。 / 人聞は何も産み出さないと言つたが
F/SF041.DAT,0x481B6,19,high,0,original,,,,,,ひとつだけ / 産み出せるものがある。
F/SF041.DAT,0x48204,7,high,0,original,,,,,,それは人聞だ。
F/SF041.DAT,0x4824E,17,high,0,original,,,,,,この少年の涙にいつわりはない。
F/SF041.DAT,0x48294,32,high,0,original,,,,,,子供達は親達の誤りを / 正す勇気と力を持つているのだ。
F/SF041.DAT,0x482EE,33,high,0,original,,,,,,何もかも無に戻す / という以外に / 解決する方法があれば
F/SF041.DAT,0x48344,26,high,0,original,,,,,,わしはそのほうに / <N:賭:1:DEC7>けてみたいと思うがの<N:っ:4:DD57>。
F/SF041.DAT,0x4839E,35,high,0,original,,,,,,火の精霊 / このわしに説教をするとはな・・・。
F/SF041.DAT,0x4842C,59,high,0,original,,,,,,火の精霊 / よかろう。お主の言葉、少年の涙。 / そして炎の精霊を<N:閂:11:DDE0>放してくれた / 勇気を信じて
F/SF041.DAT,0x4849A,21,high,0,original,,,,,,火の精霊 / お主達に<N:賭:1:DEC7>けてみよう！
F/SF041.DAT,0x484E8,19,high,0,original,,,,,,火の精霊 / いでよ、<N:ｌ:5:5B>ラ<N:｣:11:65>ジンへ！
F/SF041.DAT,0x4851C,7,high,0,original,,,,,,<N:＆:4:07><CTRL:00><N:ｃ:9:17><CTRL:00>け（て
F/SF041.DAT,0x48520,3,high,0,original,,,,,,け（て
F/SF041.DAT,0x48542,41,high,0,original,,,,,,火の精霊 / お主等の手助けをする<N:ｌ:5:5B>ラ<N:｣:11:65>ジンへだ。 / 持つていくがよい。
F/SF041.DAT,0x485AC,24,high,0,original,,,,,,火の精霊 / さあ<N:ｌ:5:5B>火の石へを受け取れ。
F/SF041.DAT,0x48648,13,high,0,original,,,,,,<N:ｌ:5:5B>火の石へを手に入れた。
F/SF041.DAT,0x48688,39,high,0,original,,,,,,火の精霊 / 少年よ、その涙を流した時の気持ち / <N:忘:1:DD48>れるでないぞ！
F/SF041.DAT,0x486F2,3,medium,0,original,,,,,,ね（<N:＆:4:07>
F/SF041.DAT,0x48708,82,high,0,original,,,,,,所長 / このまま<CTRL:E4>4で<CTRL:E4>4すむと<CTRL:E4>4思<CTRL:E4>4う<CTRL:E4>4なよ。 / <CTRL:E4>よお<CTRL:E4>4前<CTRL:E4>4等<CTRL:E4>4もろ<CTRL:E4>4とも / ここをふき飛ばしてくれ<CTRL:E4>よる。<CTRL:E4>よ
F/SF041.DAT,0x48798,31,high,0,original,,,,,,<G:DEAB:645>告 / <CTRL:E4>よ爆破装置が<CTRL:E4>よ / 作動しました。<CTRL:E4>よ
F/SF041.DAT,0x487BC,25,high,0,original,,,,,,この<G:DE41:539><N:究:1:DE46>所は<CTRL:E4>よ聞もなく爆発します。<CTRL:E4>よ
F/SF041.DAT,0x487DA,18,high,0,original,,,,,,ただちに避難して下さい。<CTRL:E4>よ
F/SF041.DAT,0x4881E,15,high,0,original,,,,,,やばいこになつてきやがつたぜ。
F/SF041.DAT,0x48862,7,high,0,original,,,,,,<N:脱:1:DF22>出しよう。
F/SF051.DAT,0x4782A,5,medium,0,original,,,,,,る<CTRL:00>の<CTRL:00><N:X:20:06>
F/SF051.DAT,0x47886,22,high,0,original,,,,,,討伐兵 / 報告いたします。<CTRL:E4>よ<CTRL:E4>よ
F/SF051.DAT,0x478A0,51,high,0,original,,,,,,討伐兵 / アークとその一味は / その後の<N:捜:1:DED1>索にもかかわらす / 行方がわかりません。<CTRL:E4>よ<CTRL:E4>よ
F/SF051.DAT,0x478D8,42,high,0,original,,,,,,討伐兵 / なにぶん、大きく地形が / 変わつてしまつており・・。<CTRL:E4>よ<CTRL:E4>よ
F/SF051.DAT,0x4791A,42,high,0,original,,,,,,アンデル / わかつた。 / <N:捜:1:DED1>査を打ち切るように指<N:示:2:DE6F>をだせ。<CTRL:E4>よ<CTRL:E4>よ
F/SF051.DAT,0x4796A,65,high,0,original,,,,,,アンデル / ・・・<CTRL:E4>よまあよい<CTRL:E4>よ / どうせこの国にもうヤツ等の / いられる場所などないのだからな。<CTRL:E4>よ<CTRL:E4>よ<CTRL:E4>よ
F/SF051.DAT,0x479CA,16,high,0,original,,,,,,アンデル / フフフフ。<CTRL:E4>よ<CTRL:E4>よ
F/SF051.DAT,0x479DE,37,medium,0,original,,,,,,アンデル / ワ<N:ハ:12:DDA2><N:ハ:12:DDA2><N:ハ:12:DDA2><N:ハ:12:DDA2><N:ハ:12:DDA2><N:ハ:12:DDA2><N:ハ:12:DDA2>！！<CTRL:E4>よ<CTRL:E4>よ<CTRL:E4>よ<CTRL:E4>よ<CTRL:E4>よ<CTRL:E4>よ
F/SF061.DAT,0x4782A,5,medium,0,original,,,,,,る<CTRL:00>の<CTRL:00><N:X:20:06>
F/SF061.DAT,0x4796C,37,medium,0,original,,,,,,<N:≠:16:04> ’<CTRL:00><N:７:11:18><CTRL:00><N:≠:16:04> ’<CTRL:00>の<CTRL:00><N:≠:16:04> ’<CTRL:00>な<CTRL:00><N:≠:16:04> ’<CTRL:00>し<CTRL:00><N:≠:16:04> <N:＆:4:07><CTRL:00><CTRL:FF><CTRL:FF>の<CTRL:00>し<CTRL:00>（ て
F/SF061.DAT,0x479D6,29,medium,0,original,,,,,,石<CTRL:00><N:ぇ:2:C0>！攻’！<CTRL:00><N:≠:16:04><CTRL:00>に<CTRL:00><CTRL:F8><CTRL:00><N:*:7:0B><CTRL:00><CTRL:FF><CTRL:FF><N:７:11:18><CTRL:00>し<CTRL:00><CTRL:F7><CTRL:FF>う<CTRL:00>0<CTRL:00><N:３:14:19>
F/SF061.DAT,0x479F4,9,medium,0,original,,,,,,<CTRL:00><CTRL:FF>0<CTRL:00><N:７:11:18><CTRL:00>や<CTRL:00>う
F/SF061.DAT,0x49AA2,7,medium,0,original,,,,,,<CTRL:00>！た<N:ъ:14:1A> <CTRL:00><CTRL:FE>
F/SF071.DAT,0x49B36,7,medium,0,original,,,,,,<CTRL:00>！た<N:ъ:14:1A> <CTRL:00><CTRL:FE>
F/SF081.DAT,0x4782E,5,medium,0,original,,,,,,る<CTRL:00>し<CTRL:00><N:X:20:06>
F/SF081.DAT,0x47888,32,high,0,original,,,,,,弟分 / 兄貴は強ええなっ。 / 俺、はなが高いつすよ。
F/SF081.DAT,0x478E2,26,high,0,original,,,,,,親分 / トッシュ、俺達は社会のはみだしものだ。
F/SF081.DAT,0x4792E,45,high,0,original,,,,,,親分 / だがそんな俺達じゃね<N:ぇ:2:C0>と守れないヤツらもいるつてこを<N:忘:1:DD48>れるんじゃね<N:ぇ:2:C0>ぞ。
F/SF081.DAT,0x47996,35,high,0,original,,,,,,弟分 / 兄貴、俺ここから見るパ<N:リ:12:6F>ンシアが一番好きなんすよ。
F/SF081.DAT,0x479EC,33,high,0,original,,,,,,弟分 / 俺達が住んでるダウンタウンだつてりつっにみえちまう。
F/SF081.DAT,0x47A48,47,high,0,original,,,,,,親分 / そろそろ組をおまえにまかせて、 / こんなところでよせいを過ごして<N:ぇ:2:C0> / もんだ。
F/SF091.DAT,0x4782E,5,medium,1,original,,,,,,る<CTRL:00>し<CTRL:00><N:X:20:06>
F/SF091.DAT,0x47880,62,high,1,e2_valid,0x81,0,60,60,1,この国の王家には / 古（いにしえ）にスメリアに運ばれた / <N:ｌ:5:5B>聖柩へに<N:閤:15:DDB1>する伝説が / 代<N:く:18:DD06>伝えられている。
F/SF091.DAT,0x478F0,6,high,1,e2_valid,0x82,1,4,4,1,それによると
F/SF091.DAT,0x47928,42,high,1,e2_valid,0x83,2,40,40,1,かつて、人の王がおごりたかぶり / 天界に<G:DE5E:568>り、神をも支配しようとしたため
F/SF091.DAT,0x47984,34,high,1,e2_valid,0x84,3,32,32,1,神の<N:怒:1:DE5D>りをかい、 / 一度、人類は滅亡しているというのだ。
F/SF091.DAT,0x479D8,33,high,1,e2_valid,0x85,4,31,31,1,その時に、神から人の世の終わりを / 知らされたわすかな人<N:く:18:DD06>が
F/SF091.DAT,0x47A2C,52,high,1,e2_valid,0x86,5,50,50,1,人類の遺産（いさん）を<N:ｌ:5:5B>聖柩へにつめ / 神の定（さだ）めた地スメリアに旅をしたというのだ。
F/SF091.DAT,0x47A92,43,high,1,e2_valid,0x87,6,41,41,1,そして、その<N:ｌ:5:5B>聖柩へは、 / 再び人類が滅亡の危機（きき）に / ひんした時
F/SF091.DAT,0x47AF0,47,high,1,e2_valid,0x88,7,45,45,1,勇者によりその封印をとかれ / ただひとつの救いとなるだろう。 / と、伝えられている。
F/SF091.DAT,0x47B52,43,high,1,e2_valid,0x89,8,41,41,1,その伝説を信じる者などいなかつた。 / <CTRL:E4>よだが、わしの兄は信じておつたのだ。
F/SF091.DAT,0x47BB0,44,high,1,e2_valid,0x8A,9,42,42,1,その兄は、20年前 / わが国との戦争をやめさせるために / ミルマーナへ出かけて行き
F/SF091.DAT,0x47C0E,34,high,1,e2_valid,0x8B,10,32,32,1,トヨー<N:ゲ:16:DD6D>の森で行方不明になつて / しまつたのだが・・。
F/SF0A1.DAT,0x478B8,11,high,0,original,,,,,,<G:DD04:223>るせね<N:ぇ:2:C0>・・！
F/SF0A1.DAT,0x478F8,10,high,0,original,,,,,,絶対許せね<N:ぇ:2:C0>！
F/SF0A1.DAT,0x47948,12,medium,0,original,,,,,,う<N:ぉ:8:DD45>おおおおお！！<CTRL:E4>よ
F/SF0B1.DAT,0x4782A,5,medium,1,original,,,,,,る<CTRL:00>の<CTRL:00><N:X:20:06>
F/SF0B1.DAT,0x478C4,42,high,1,e2_valid,0x81,0,40,40,1,国王 / その時、兄の残したのが / <N:ｌ:5:5B>人類が滅亡するへという言葉なのだ。
F/SF0B1.DAT,0x47926,26,high,1,e2_valid,0x82,1,24,24,1,大臣 / 王までそのようなこをもうされては・・。
F/SF0B1.DAT,0x47978,57,high,1,e2_valid,0x83,2,55,55,1,国王 / モンスターがあばれ、異常なことが続く今になつて兄の言葉と、この伝説が思い起こされるのだ。
F/SF0B1.DAT,0x479E4,47,high,1,e2_valid,0x84,3,45,45,1,国王 / アークよ、ポニとふたりでミルマーナの / トヨー<N:ゲ:16:DD6D>の森に行き兄が何を見たか、
F/SF0B1.DAT,0x47A46,43,high,1,e2_valid,0x85,4,41,41,1,国王 / そして<N:ｌ:5:5B>聖柩へがこの国のどこにあるのかどうすれば手に入れることができるのか
F/SF0B1.DAT,0x47AA4,23,high,1,e2_valid,0x86,5,21,21,1,国王 / それを調ベてきて欲しいのじゃ。
F/SF0B1.DAT,0x47AFC,19,high,1,e2_valid,0x87,6,17,17,1,王様、私も2人に同行させてください。
F/SF0B1.DAT,0x47B5A,10,high,1,e2_valid,0x88,7,8,8,1,国王 / おまえは？
F/SF0B1.DAT,0x47B9E,31,high,1,e2_valid,0x89,8,29,29,1,聖地シオン山を代<N:く:18:DD06>守る一族の<N:娘:5:DE01>でククルともうします。
F/SF0B1.DAT,0x47BF6,29,high,1,e2_valid,0x8A,9,27,27,1,国王 / おまえが、トウウ<N:ｲ:6:DD03>ルのワ<N:｣:11:65>ト家の<N:娘:5:DE01>か。
F/SF0B1.DAT,0x47C4E,20,high,1,e2_valid,0x8B,10,18,18,1,私の力は、王家だけのためのものではなく
F/SF0B1.DAT,0x47C96,38,high,1,e2_valid,0x8C,11,36,36,1,勇者と力を合わせ人の未来をつくるためのものと古文書で知りました。
F/SF0B1.DAT,0x47CF0,15,high,1,e2_valid,0x8D,12,13,13,1,そのこを証明したいのです。
F/SF0B1.DAT,0x47D32,22,high,1,e2_valid,0x8E,13,20,20,1,大臣 / おまえのような小<N:娘:5:DE01>が・・。
F/SF0B1.DAT,0x47D80,47,high,1,e2_valid,0x8F,14,45,45,1,国王 / よかろう。 / 3人で<G:DD04:223>くがよい。 / <N:空:2:DD18>港に飛行<N:船:6:DE0B>を用意させてある。
F/SF0B1.DAT,0x47DE2,14,high,1,e2_valid,0x90,15,12,12,1,国王 / 期待しておるぞ。
F/SF0B1.DAT,0x47E3C,9,high,1,e2_valid,0x91,16,7,7,1,まかせてください。
F/SF0B1.DAT,0x47EF2,6,medium,1,original,,,,,,ひ<CTRL:00>大<N:*:7:0B>か<N:＄:1:05>
F/SF0C1.DAT,0x479F8,49,medium,0,original,,,,,,<CTRL:00><N:ъ:14:1A><CTRL:00>し<CTRL:00>す<CTRL:00><N:．:2:0F><CTRL:00>う<CTRL:00> <CTRL:00>ん<CTRL:00><N:ｃ:12:16><CTRL:00>は<CTRL:00>3 に<CTRL:00>す<CTRL:00><N:ﾉ:6:10><CTRL:00>う<CTRL:00> <CTRL:00>ん<CTRL:00><N:ｃ:9:17><CTRL:00>は<CTRL:00>3 に<CTRL:00> <CTRL:00>ー か<CTRL:00>
F/SF0C1.DAT,0x47A1C,13,medium,0,original,,,,,,は<CTRL:00>3 に<CTRL:00> <CTRL:00>ー か<CTRL:00>
F/SF0C1.DAT,0x47BF4,49,medium,0,original,,,,,,<CTRL:00><N:ъ:14:1A><CTRL:00>し<CTRL:00>す<CTRL:00><N:．:2:0F><CTRL:00>う<CTRL:00> <CTRL:00>ん<CTRL:00><N:ｃ:12:16><CTRL:00>は<CTRL:00>1！に<CTRL:00>す<CTRL:00><N:ﾉ:6:10><CTRL:00>う<CTRL:00> <CTRL:00>ん<CTRL:00><N:ｃ:9:17><CTRL:00>は<CTRL:00>1！に<CTRL:00> <CTRL:00>を！か<CTRL:00>
F/SF0C1.DAT,0x47C18,13,medium,0,original,,,,,,は<CTRL:00>1！に<CTRL:00> <CTRL:00>を！か<CTRL:00>
F/SF0C1.DAT,0x47E18,21,medium,0,original,,,,,,<CTRL:00><N:ъ:14:1A><CTRL:00>し<CTRL:00>す<CTRL:00><N:*:7:0B><CTRL:00><N:ｃ:9:17><CTRL:00>す<CTRL:00>”<CTRL:00>う<CTRL:00> <CTRL:00>ま
F/SF0C1.DAT,0x47E24,9,medium,0,original,,,,,,す<CTRL:00>”<CTRL:00>う<CTRL:00> <CTRL:00>ま
F/SF0C1.DAT,0x48090,21,medium,0,original,,,,,,<CTRL:00><N:ъ:14:1A><CTRL:00>し<CTRL:00>す<CTRL:00><N:*:7:0B><CTRL:00><N:ｃ:9:17><CTRL:00>す<CTRL:00>”<CTRL:00>う<CTRL:00> <CTRL:00>ま
F/SF0C1.DAT,0x4809C,9,medium,0,original,,,,,,す<CTRL:00>”<CTRL:00>う<CTRL:00> <CTRL:00>ま
F/SF0C1.DAT,0x482A8,21,medium,0,original,,,,,,<CTRL:00><N:ъ:14:1A><CTRL:00>し<CTRL:00>す<CTRL:00><N:*:7:0B><CTRL:00><N:ｃ:9:17><CTRL:00>す<CTRL:00>”<CTRL:00>う<CTRL:00> <CTRL:00>ま
F/SF0C1.DAT,0x482B4,9,medium,0,original,,,,,,す<CTRL:00>”<CTRL:00>う<CTRL:00> <CTRL:00>ま
F/SF0C1.DAT,0x48498,21,medium,0,original,,,,,,<CTRL:00><N:ъ:14:1A><CTRL:00>し<CTRL:00>す<CTRL:00><N:*:7:0B><CTRL:00><N:ｃ:9:17><CTRL:00>す<CTRL:00>”<CTRL:00>う<CTRL:00> <CTRL:00>ま
F/SF0C1.DAT,0x484A4,9,medium,0,original,,,,,,す<CTRL:00>”<CTRL:00>う<CTRL:00> <CTRL:00>ま
F/SF0C1.DAT,0x48598,7,medium,0,original,,,,,,<CTRL:00><N:ъ:14:1A><CTRL:00>し<CTRL:00>
F/SF0C1.DAT,0x488F6,9,medium,0,original,,,,,,す<CTRL:00>”<CTRL:00>う<CTRL:00> <CTRL:00>ま
F/SF0C1.DAT,0x489AA,9,medium,0,original,,,,,,す<CTRL:00>”<CTRL:00>う<CTRL:00> <CTRL:00>ま
F/SF0C1.DAT,0x48AD8,9,medium,0,original,,,,,,す<CTRL:00>”<CTRL:00>う<CTRL:00> <CTRL:00>ま
F/SF0C1.DAT,0x48CEC,9,medium,0,original,,,,,,す<CTRL:00>”<CTRL:00>う<CTRL:00> <CTRL:00>ま
F/SF0C1.DAT,0x48D8C,9,medium,0,original,,,,,,す<CTRL:00>”<CTRL:00>う<CTRL:00> <CTRL:00>ま
F/SF0C1.DAT,0x48E02,9,medium,0,original,,,,,,す<CTRL:00>”<CTRL:00>う<CTRL:00> <CTRL:00>ま
F/SF0C1.DAT,0x48EFE,9,medium,0,original,,,,,,す<CTRL:00>”<CTRL:00>う<CTRL:00> <CTRL:00>ま
F/SF0C1.DAT,0x4922A,9,medium,0,original,,,,,,す<CTRL:00>”<CTRL:00>う<CTRL:00> <CTRL:00>ま
F/SF0D1.DAT,0x4788C,12,high,1,e2_valid,0x81,0,10,10,1,やればできるじゃないか。
F/SF0D1.DAT,0x478DA,37,high,1,e2_valid,0x82,1,35,35,1,アークつて不思<N:犠:18:DDF4>だね。<CTRL:E4>よ / 君といると力がわいてくる / 気がする。
F/SF0D1.DAT,0x4793C,26,high,1,e2_valid,0x83,2,24,24,1,とにかく城に帰つて、 / 王様に報告しなきゃ。
F/SF0E1.DAT,0x4793A,21,high,0,original,,,,,,サリュ族の男 / 長老、お気を確かに。
F/SF0E1.DAT,0x47990,31,high,0,original,,,,,,長老 / その方が、ヨシュア殿の / おつしゃつていた方か？
F/SF0E1.DAT,0x479E2,26,high,0,original,,,,,,サリュ族の男 / はい、スメリアのアーク殿です。
F/SF0E1.DAT,0x47A3E,17,high,0,original,,,,,,あまり話をしないほうが・・。
F/SF0E1.DAT,0x47A9E,54,high,0,original,,,,,,長老 / 我<N:く:18:DD06>は、時代に取り残された民。 / <CTRL:E4>よ<N:忘:1:DD48>れられて、ほろぶならば / それもまた運命。
F/SF0E1.DAT,0x47B06,30,high,0,original,,,,,,長老 / <CTRL:E4>よただこれだけは / お伝えしておきたいのです。
F/SF0E1.DAT,0x47B56,45,high,0,original,,,,,,長老 / 精霊達はみな痛みをかかえております。 / <CTRL:E4>よそれはこの世界の痛みなのです。
F/SF0E1.DAT,0x47BB6,64,high,0,original,,,,,,長老 / ヨシュア殿からあなたさまは / 人の未来への希望だとお聞きしました。<CTRL:E4>よ / まだ終わらせてはいけないのです。
F/SF0E1.DAT,0x47C28,45,high,0,original,,,,,,長老 / <CTRL:E4>よこれは、この村に伝わるお守りです。 / 何かのお役に立てて下さい。
F/SF0E1.DAT,0x47C8C,14,high,0,original,,,,,,<N:ｌ:5:5B>長老の盾へを手に入れた。
F/SF0E1.DAT,0x47CCC,43,high,0,original,,,,,,長老 / <CTRL:E4>よカサトールは<N:忘:1:DD48>れ去られた / 水の神殿に 向かつております。
F/SF0E1.DAT,0x47D14,48,high,0,original,,,,,,長老 / 水の精<CTRL:E4><N:*:7:0B>霊<CTRL:E4><N:*:7:0B>をまもつ<CTRL:E4>よ・て・・<CTRL:E4>よくだ<CTRL:E4>よ・<CTRL:E4>よ・<CTRL:E4>よ・<CTRL:E4>よ
F/SF0E1.DAT,0x47D6C,16,high,0,original,,,,,,サリュ族の男 / ちょ、長老！
F/SF0E1.DAT,0x47DDC,18,high,0,original,,,,,,カサトールつていうのは / 何者なの？
F/SF0E1.DAT,0x47E20,29,high,0,original,,,,,,サリュ族の男 / アリバーシャ国王の配下の将軍です。
F/SF0E1.DAT,0x47E70,60,high,0,original,,,,,,サリュ族の男 / 人の命など何とも思わない / モンスターよりもひどい男です。<CTRL:E4>よ / ヤツは、ヤツだけは許せない！
F/SF0E1.DAT,0x47EE0,31,high,0,original,,,,,,水の精霊が危ない。 / アーク早く神殿へ向かわなきゃ！
F/SF0E1.DAT,0x47F34,16,high,0,original,,,,,,アーク<CTRL:E4>よ・<CTRL:E4><N:*:7:0B>・<CTRL:E4><N:*:7:0B>・<CTRL:E4><N:*:7:0B>・？
F/SF0E1.DAT,0x47F86,41,high,0,original,,,,,,何かを知つても、<CTRL:E4>よ学んでも<CTRL:E4><N:＆:4:07> / 俺の目の前から<N:悲:5:DDBA>劇は消えない・・。
F/SF0E1.DAT,0x47FE4,25,high,0,original,,,,,,<CTRL:E4>よ<CTRL:E4>よおれは<CTRL:E4>よなんて無力なんだ・・。<CTRL:E4>よ
F/SF0F1.DAT,0x47910,47,high,0,original,,,,,,わかつたか、この我<N:く:18:DD06>に封印の技など必要ではない。 / 山に<G:DE5E:568>るのは別の用じゃ。
F/SF0F1.DAT,0x47974,25,high,0,original,,,,,,ひたすら拳を鍛（きた）え続けた私が・・。
F/SF0F1.DAT,0x479C2,24,high,0,original,,,,,,私はただ教えの通り修行をしてきた・・。
F/SF0F1.DAT,0x47A0E,31,high,0,original,,,,,,その教えが、いつの聞にか<G:DD04:223>がめられてしまつたようだの<N:っ:4:DD57>。
F/SF0F1.DAT,0x47A6A,24,high,0,original,,,,,,大僧正とやらと話がしたい。 / かまわんじゃろう。
F/SF0F1.DAT,0x47ADA,28,high,0,original,,,,,,待つてくれ、 / 私も話がしたい。 / 案内しよう。
