row,col,indices,original_text_planes,original_text_occurrences,current_known_text_planes,current_known_text_occurrences,runtime_text_reads,runtime_nontext_reads,runtime_nontext_states,known_range_overlay,v163_static_chars,status,release_approved,reason_withheld
0,0,0 1 2 3,0 1 2 3,489,0 1 3,921,514,10,HASH-3FFDC0534640A0C9_4.sav HASH-3FFDC0534640A0C9_5.sav HASH-3FFDC0534640A0C9_6.sav HASH-3FFDC0534640A0C9_resume.sav HASH-5BBE776656FD02D7_5.sav HASH-5BBE776656FD02D7_6.sav HASH-B956EB79BA7801D1_1.sav HASH-CAA521161EBF5AAC_4.sav HASH-CAA521161EBF5AAC_5.sav HASH-CAA521161EBF5AAC_6.sav,0,,rejected_known_nontext,0,known non-text consumer
0,1,4 5 6 7,1 2,18,0 1 2,29,0,0,,0,,insufficient_partial_font_evidence,0,consumer set is not exhaustively bounded
0,2,8 9 10 11,0 1,162,0 1 3,34,1,0,,0,,insufficient_partial_font_evidence,0,consumer set is not exhaustively bounded
0,3,12 13 14 15,1 3,19,0 1 2 3,3198,95,8,HASH-5BBE776656FD02D7_8.sav HASH-CAA521161EBF5AAC_2.sav,0,,rejected_known_nontext,0,known non-text consumer
0,4,16 17 18 19,0 1 2 3,329,0 1 2 3,320,477,16,HASH-3FFDC0534640A0C9_4.sav HASH-3FFDC0534640A0C9_5.sav HASH-3FFDC0534640A0C9_6.sav HASH-3FFDC0534640A0C9_resume.sav HASH-5BBE776656FD02D7_5.sav HASH-5BBE776656FD02D7_6.sav HASH-CAA521161EBF5AAC_4.sav HASH-CAA521161EBF5AAC_5.sav HASH-CAA521161EBF5AAC_6.sav,0,,rejected_known_nontext,0,known non-text consumer
0,5,20 21 22 23,0 1 2 3,47,0 1 2 3,44,167,2,HASH-3FFDC0534640A0C9_6.sav HASH-3FFDC0534640A0C9_resume.sav,0,,rejected_known_nontext,0,known non-text consumer
0,6,24 25 26 27,0 1 2 3,5076,0 1 2 3,2391,74,0,,0,,candidate_font_only_unbounded_consumers,0,consumer set is not exhaustively bounded
0,7,28 29 30 31,0 1 2 3,5422,0 1 2 3,2405,39,0,,0,,candidate_font_only_unbounded_consumers,0,consumer set is not exhaustively bounded
0,8,32 33 34 35,0 1 2 3,4993,0 1 2 3,2551,25,0,,0,,candidate_font_only_unbounded_consumers,0,consumer set is not exhaustively bounded
0,9,36 37 38 39,0 1 2 3,4819,0 1 2 3,2459,94,0,,0,,candidate_font_only_unbounded_consumers,0,consumer set is not exhaustively bounded
0,10,40 41 42 43,0 1 2 3,3648,0 1 2 3,1650,22,0,,0,,candidate_font_only_unbounded_consumers,0,consumer set is not exhaustively bounded
0,11,44 45 46 47,0 1 2 3,3956,0 1 2 3,1983,36,0,,0,,candidate_font_only_unbounded_consumers,0,consumer set is not exhaustively bounded
0,12,48 49 50 51,0 1 2 3,3799,0 1 2 3,1926,33,0,,0,,candidate_font_only_unbounded_consumers,0,consumer set is not exhaustively bounded
0,13,52 53 54 55,0 1 2 3,4394,0 1 2 3,2323,37,0,,0,,candidate_font_only_unbounded_consumers,0,consumer set is not exhaustively bounded
0,14,56 57 58 59,0 1 2 3,2375,0 1 2 3,1083,11,0,,0,괄,candidate_font_only_unbounded_consumers,0,consumer set is not exhaustively bounded
0,15,60 61 62 63,0 1 2 3,2149,0 1 2 3,1009,13,0,,0,량,candidate_font_only_unbounded_consumers,0,consumer set is not exhaustively bounded
0,16,64 65 66 67,0 1 2 3,1729,0 1 2 3,777,15,0,,0,덕,candidate_font_only_unbounded_consumers,0,consumer set is not exhaustively bounded
0,17,68 69 70 71,0 1 2 3,1468,0 1 2 3,2246,21,4,HASH-5BBE776656FD02D7_8.sav HASH-CAA521161EBF5AAC_2.sav,0,니에,rejected_known_nontext,0,known non-text consumer
0,18,72 73 74 75,0 1 2 3,1255,0 1 2 3,698,5,0,,0,,candidate_font_only_unbounded_consumers,0,consumer set is not exhaustively bounded
0,19,76 77 78 79,0 1 2 3,1104,0 1 2 3,2360,10,10,HASH-3FFDC0534640A0C9_4.sav HASH-3FFDC0534640A0C9_5.sav HASH-5BBE776656FD02D7_5.sav HASH-5BBE776656FD02D7_6.sav HASH-5BBE776656FD02D7_8.sav HASH-CAA521161EBF5AAC_2.sav HASH-CAA521161EBF5AAC_4.sav HASH-CAA521161EBF5AAC_5.sav,0,그어의,rejected_known_nontext,0,known non-text consumer
0,20,80 81 82 83,0 1 2 3,1139,0 1 2 3,2181,10,2,HASH-5BBE776656FD02D7_8.sav HASH-CAA521161EBF5AAC_2.sav,0,고나있,rejected_known_nontext,0,known non-text consumer
1,0,84 85 86 87,0 1 2 3,957,0 1 2 3,891,10,0,,0,은,candidate_font_only_unbounded_consumers,0,consumer set is not exhaustively bounded
1,1,88 89 90 91,0 1 2 3,1006,0 1 2 3,1099,37,0,,0,서,candidate_font_only_unbounded_consumers,0,consumer set is not exhaustively bounded
1,2,92 93 94 95,0 1 2 3,650,0 1 2 3,1407,14,4,HASH-5BBE776656FD02D7_8.sav HASH-CAA521161EBF5AAC_2.sav,0,도시정,rejected_known_nontext,0,known non-text consumer
1,3,96 97 98 99,0 1 2 3,749,0 1 2 3,694,6,0,,0,습,candidate_font_only_unbounded_consumers,0,consumer set is not exhaustively bounded
1,4,100 101 102 103,0 1 2 3,637,0 1 2 3,1426,23,2,HASH-5BBE776656FD02D7_8.sav HASH-CAA521161EBF5AAC_2.sav,0,게를만여,rejected_known_nontext,0,known non-text consumer
1,5,104 105 106 107,0 1 2 3,1073,0 1 3,996,10,0,,0,기사,candidate_font_only_unbounded_consumers,0,consumer set is not exhaustively bounded
1,6,108 109 110 111,0 1 2 3,654,0 1 2,1114,14,0,,0,까스초,candidate_font_only_unbounded_consumers,0,consumer set is not exhaustively bounded
1,7,112 113 114 115,0 1 2 3,740,0 1 3,1922,5,4,HASH-5BBE776656FD02D7_8.sav HASH-CAA521161EBF5AAC_2.sav,0,지핀해,rejected_known_nontext,0,known non-text consumer
1,8,116 117 118 119,0 1 2 3,515,0 1 2 3,2494,13,2,HASH-3FFDC0534640A0C9_6.sav HASH-3FFDC0534640A0C9_resume.sav,0,다대수오,rejected_known_nontext,0,known non-text consumer
1,9,120 121 122 123,0 1 2 3,368,0 1 2 3,1200,7,0,,0,것들야으,candidate_font_only_unbounded_consumers,0,consumer set is not exhaustively bounded
1,10,124 125 126 127,0 1 2 3,477,0 1,567,35,0,,0,뒤면,candidate_font_only_unbounded_consumers,0,consumer set is not exhaustively bounded
1,11,128 129 130 131,0 1 2 3,363,0 1 2 3,1781,15,6,HASH-5BBE776656FD02D7_8.sav HASH-CAA521161EBF5AAC_2.sav,0,는령인전,rejected_known_nontext,0,known non-text consumer
1,12,132 133 134 135,0 1 2 3,438,0 1 2 3,1135,5,0,,0,신우주한,candidate_font_only_unbounded_consumers,0,consumer set is not exhaustively bounded
1,13,136 137 138 139,0 1 2 3,396,0 1 2,964,11,0,,0,보요자,candidate_font_only_unbounded_consumers,0,consumer set is not exhaustively bounded
1,14,140 141 142 143,0 1 2 3,291,0 1 2,1402,17,0,,0,가승터,candidate_font_only_unbounded_consumers,0,consumer set is not exhaustively bounded
1,15,144 145 146 147,0 1 2 3,296,0 1 2 3,903,4,0,,0,내려말었,candidate_font_only_unbounded_consumers,0,consumer set is not exhaustively bounded
1,16,148 149 150 151,0 1 2 3,270,0 1 2 3,1528,20,0,,0,모무십아,candidate_font_only_unbounded_consumers,0,consumer set is not exhaustively bounded
1,17,152 153 154 155,0 1 2 3,268,0 1 2 3,22563,580,29,HASH-3FFDC0534640A0C9_4.sav HASH-3FFDC0534640A0C9_5.sav HASH-5BBE776656FD02D7_5.sav HASH-5BBE776656FD02D7_6.sav HASH-5BBE776656FD02D7_8.sav HASH-CAA521161EBF5AAC_2.sav HASH-CAA521161EBF5AAC_4.sav HASH-CAA521161EBF5AAC_5.sav HASH-CAA521161EBF5AAC_6.sav,0,경군르,rejected_known_nontext,0,known non-text consumer
1,18,156 157 158 159,0 1 2 3,307,0 1 2,611,1,0,,0,일크힘,candidate_font_only_unbounded_consumers,0,consumer set is not exhaustively bounded
1,19,160 161 162 163,0 1 2 3,268,0 1 2 3,584,7,0,,0,러없입조,candidate_font_only_unbounded_consumers,0,consumer set is not exhaustively bounded
1,20,164 165 166 167,0 1 2 3,236,0 1 2 3,544,1,0,,0,구버심왕,candidate_font_only_unbounded_consumers,0,consumer set is not exhaustively bounded
2,0,168 169 170 171,0 1 2 3,276,0 1 2,1032,10,2,HASH-5BBE776656FD02D7_8.sav HASH-CAA521161EBF5AAC_2.sav,0,몬물하,rejected_known_nontext,0,known non-text consumer
2,1,172 173 174 175,0 1 2 3,411,0 1 2,698,15,0,,0,거데않,candidate_font_only_unbounded_consumers,0,consumer set is not exhaustively bounded
2,2,176 177 178 179,0 1 2 3,338,0 1 2 3,649,8,0,,0,돌병부제,candidate_font_only_unbounded_consumers,0,consumer set is not exhaustively bounded
2,3,180 181 182 183,0 1 2 3,180,0 1 2 3,434,6,0,,0,올와원회,candidate_font_only_unbounded_consumers,0,consumer set is not exhaustively bounded
2,4,184 185 186 187,0 1 2 3,229,0 2,276,8,0,,0,때위,candidate_font_only_unbounded_consumers,0,consumer set is not exhaustively bounded
2,5,188 189 190 191,0 1 2 3,197,0 1 2,699,15,0,,0,네리분,candidate_font_only_unbounded_consumers,0,consumer set is not exhaustively bounded
2,6,192 193 194 195,0 1 2 3,253,0 1 2 3,663,10,0,,0,겠되손출,candidate_font_only_unbounded_consumers,0,consumer set is not exhaustively bounded
2,7,196 197 198 199,0 1 2 3,191,0 1 2 3,475,8,0,,0,넣예음할,candidate_font_only_unbounded_consumers,0,consumer set is not exhaustively bounded
2,8,200 201 202 203,0 1 2 3,168,0 2,202,8,0,,0,유촌,candidate_font_only_unbounded_consumers,0,consumer set is not exhaustively bounded
2,9,204 205 206 207,0 1 2 3,228,0 1,343,26,2,HASH-5BBE776656FD02D7_8.sav HASH-CAA521161EBF5AAC_2.sav,0,상장,rejected_known_nontext,0,known non-text consumer
2,10,208 209 210 211,0 1 2 3,260,0 1 2 3,755,14,3,HASH-3FFDC0534640A0C9_4.sav HASH-5BBE776656FD02D7_5.sav HASH-CAA521161EBF5AAC_5.sav,0,마변세토,rejected_known_nontext,0,known non-text consumer
2,11,212 213 214 215,0 1 2 3,277,0,907,4,2,HASH-5BBE776656FD02D7_8.sav HASH-CAA521161EBF5AAC_2.sav,0,을,rejected_known_nontext,0,known non-text consumer
2,12,216 217 218 219,0 1 2 3,191,0 1 2 3,483,1,0,,0,너안운호,candidate_font_only_unbounded_consumers,0,consumer set is not exhaustively bounded
2,13,220 221 222 223,0 1 2 3,134,0 1 2 3,33,1,0,,0,,candidate_font_only_unbounded_consumers,0,consumer set is not exhaustively bounded
2,14,224 225 226 227,0 1 2 3,154,0 1 2 3,79,4,0,,0,,candidate_font_only_unbounded_consumers,0,consumer set is not exhaustively bounded
2,15,228 229 230 231,0 1 2 3,188,0 1 2 3,113,0,0,,0,,candidate_font_only_unbounded_consumers,0,consumer set is not exhaustively bounded
2,16,232 233 234 235,0 1 2 3,138,0 1 2 3,31,5,0,,0,,candidate_font_only_unbounded_consumers,0,consumer set is not exhaustively bounded
2,17,236 237 238 239,0 1 2 3,162,0 1 2 3,106,1,0,,0,,candidate_font_only_unbounded_consumers,0,consumer set is not exhaustively bounded
2,18,240 241 242 243,0 1 2 3,269,0 1 2 3,212,0,0,,0,,candidate_font_only_unbounded_consumers,0,consumer set is not exhaustively bounded
2,19,244 245 246 247,0 1 2 3,186,0 1 2 3,85,0,0,,0,,candidate_font_only_unbounded_consumers,0,consumer set is not exhaustively bounded
2,20,248 249 250 251,0 1 2 3,139,0 1 2 3,76,0,0,,0,,candidate_font_only_unbounded_consumers,0,consumer set is not exhaustively bounded
3,0,252 253 254 255,0 1 2 3,99,0 1 2 3,51,0,0,,0,,candidate_font_only_unbounded_consumers,0,consumer set is not exhaustively bounded
3,1,256 257 258 259,0 1 2 3,103,0 1 2 3,124,4,0,,0,목,candidate_font_only_unbounded_consumers,0,consumer set is not exhaustively bounded
3,2,260 261 262 263,0 1 2 3,136,0 1 2 3,99,0,0,,0,많,candidate_font_only_unbounded_consumers,0,consumer set is not exhaustively bounded
3,3,264 265 266 267,0 1 2 3,83,0 1 2 3,29,0,0,,0,,candidate_font_only_unbounded_consumers,0,consumer set is not exhaustively bounded
3,4,268 269 270 271,0 1 2 3,211,0 1 2 3,153,2,0,,0,,candidate_font_only_unbounded_consumers,0,consumer set is not exhaustively bounded
3,5,272 273 274 275,0 1 2 3,157,0 1 2 3,79,2,0,,0,,candidate_font_only_unbounded_consumers,0,consumer set is not exhaustively bounded
3,6,276 277 278 279,0 1 2 3,194,0 1 2 3,103,0,0,,0,,candidate_font_only_unbounded_consumers,0,consumer set is not exhaustively bounded
3,7,280 281 282 283,0 1 2 3,116,0 1 2 3,22,0,0,,0,,candidate_font_only_unbounded_consumers,0,consumer set is not exhaustively bounded
3,8,284 285 286 287,0 1 2 3,127,0 1 2 3,26,1,0,,0,,candidate_font_only_unbounded_consumers,0,consumer set is not exhaustively bounded
3,9,288 289 290 291,0 1 2 3,64,0 1 2 3,32,1,0,,0,즘,candidate_font_only_unbounded_consumers,0,consumer set is not exhaustively bounded
3,10,292 293 294 295,0 1 2 3,110,0 1 2 3,44,2,0,,0,,candidate_font_only_unbounded_consumers,0,consumer set is not exhaustively bounded
3,11,296 297 298 299,0 1 2 3,114,0 1 2 3,58,1,0,,0,,candidate_font_only_unbounded_consumers,0,consumer set is not exhaustively bounded
3,12,300 301 302 303,0 1 2 3,96,0 1 2 3,35,0,0,,0,,candidate_font_only_unbounded_consumers,0,consumer set is not exhaustively bounded
3,13,304 305 306 307,0 1 2 3,106,0 1 2 3,40,2,0,,0,,candidate_font_only_unbounded_consumers,0,consumer set is not exhaustively bounded
3,14,308 309 310 311,0 1 2 3,63,0 1 2 3,32,1,0,,0,잃,candidate_font_only_unbounded_consumers,0,consumer set is not exhaustively bounded
3,15,312 313 314 315,0 1 2 3,110,0 1 2 3,56,0,0,,0,,candidate_font_only_unbounded_consumers,0,consumer set is not exhaustively bounded
3,16,316 317 318 319,0 1 2 3,72,0 1 2 3,39,0,0,,0,,candidate_font_only_unbounded_consumers,0,consumer set is not exhaustively bounded
3,17,320 321 322 323,0 1 2 3,92,0 1 2 3,58,0,0,,0,,candidate_font_only_unbounded_consumers,0,consumer set is not exhaustively bounded
3,18,324 325 326 327,0 1 2 3,82,0 1 2 3,39,0,0,,0,,candidate_font_only_unbounded_consumers,0,consumer set is not exhaustively bounded
3,19,328 329 330 331,0 1 2 3,67,0 1 2 3,30,2,0,,0,,candidate_font_only_unbounded_consumers,0,consumer set is not exhaustively bounded
3,20,332 333 334 335,0 1 2 3,71,0 1 2 3,76,0,0,,0,,candidate_font_only_unbounded_consumers,0,consumer set is not exhaustively bounded
4,0,336 337 338 339,0 1 2 3,81,0 1 2 3,50,0,0,,0,,candidate_font_only_unbounded_consumers,0,consumer set is not exhaustively bounded
4,1,340 341 342 343,0 1 2 3,84,0 1 2 3,34,0,0,,0,,candidate_font_only_unbounded_consumers,0,consumer set is not exhaustively bounded
4,2,344 345 346 347,0 1 2 3,73,0 1 2 3,151,0,0,,0,,candidate_font_only_unbounded_consumers,0,consumer set is not exhaustively bounded
4,3,348 349 350 351,0 1 2 3,59,0 1 2 3,34,0,0,,0,,candidate_font_only_unbounded_consumers,0,consumer set is not exhaustively bounded
4,4,352 353 354 355,0 1 2 3,79,0 1 2 3,47,0,0,,0,,candidate_font_only_unbounded_consumers,0,consumer set is not exhaustively bounded
4,5,356 357 358 359,0 1 2 3,54,0 1 2 3,25,0,0,,0,,candidate_font_only_unbounded_consumers,0,consumer set is not exhaustively bounded
4,6,360 361 362 363,0 1 2 3,77,0 1 2 3,94,0,0,,0,록,candidate_font_only_unbounded_consumers,0,consumer set is not exhaustively bounded
4,7,364 365 366 367,0 1 2 3,46,0 1 2 3,21,0,0,,0,,candidate_font_only_unbounded_consumers,0,consumer set is not exhaustively bounded
4,8,368 369 370 371,0 1 2 3,65,0 1 2 3,33,0,0,,0,,candidate_font_only_unbounded_consumers,0,consumer set is not exhaustively bounded
4,9,372 373 374 375,0 1 2 3,85,0 1 2 3,64,1,0,,0,,candidate_font_only_unbounded_consumers,0,consumer set is not exhaustively bounded
4,10,376 377 378 379,0 1 2 3,98,0 1 2 3,48,0,0,,0,,candidate_font_only_unbounded_consumers,0,consumer set is not exhaustively bounded
4,11,380 381 382 383,0 1 2 3,69,0 1 2 3,24,0,0,,0,,candidate_font_only_unbounded_consumers,0,consumer set is not exhaustively bounded
4,12,384 385 386 387,0 1 2 3,52,0 1 2 3,59,0,0,,0,렸,candidate_font_only_unbounded_consumers,0,consumer set is not exhaustively bounded
4,13,388 389 390 391,0 1 2 3,79,0 1 2 3,50,0,0,,0,,candidate_font_only_unbounded_consumers,0,consumer set is not exhaustively bounded
4,14,392 393 394 395,0 1 2 3,53,0 1 2 3,36,1,0,,0,,candidate_font_only_unbounded_consumers,0,consumer set is not exhaustively bounded
4,15,396 397 398 399,0 1 2 3,66,0 1 2 3,40,0,0,,0,,candidate_font_only_unbounded_consumers,0,consumer set is not exhaustively bounded
4,16,400 401 402 403,0 1 2 3,85,0 1 2 3,28,0,0,,0,,candidate_font_only_unbounded_consumers,0,consumer set is not exhaustively bounded
4,17,404 405 406 407,0 1 2 3,37,0 1 2 3,12,0,0,,0,,candidate_font_only_unbounded_consumers,0,consumer set is not exhaustively bounded
4,18,408 409 410 411,0 1 2 3,64,0 1 2 3,54,0,0,,0,델,candidate_font_only_unbounded_consumers,0,consumer set is not exhaustively bounded
4,19,412 413 414 415,0 1 2 3,52,0 1 2 3,19,0,0,,0,,candidate_font_only_unbounded_consumers,0,consumer set is not exhaustively bounded
4,20,416 417 418 419,0 1 2 3,47,0 1 2 3,18,0,0,,0,,candidate_font_only_unbounded_consumers,0,consumer set is not exhaustively bounded
5,0,420 421 422 423,0 1 2 3,90,0 1 2 3,64,0,0,,0,,candidate_font_only_unbounded_consumers,0,consumer set is not exhaustively bounded
5,1,424 425 426 427,0 1 2 3,34,0 1 2 3,49,0,0,,0,양,candidate_font_only_unbounded_consumers,0,consumer set is not exhaustively bounded
5,2,428 429 430 431,0 1 2 3,133,0 1 2 3,75,0,0,,0,,candidate_font_only_unbounded_consumers,0,consumer set is not exhaustively bounded
5,3,432 433 434 435,0 1 2 3,45,0 1 2 3,24,0,0,,0,,candidate_font_only_unbounded_consumers,0,consumer set is not exhaustively bounded
5,4,436 437 438 439,0 1 2 3,44,0 1 2 3,26,0,0,,0,,candidate_font_only_unbounded_consumers,0,consumer set is not exhaustively bounded
5,5,440 441 442 443,0 1 2 3,83,0 1 2 3,55,1,0,,0,,candidate_font_only_unbounded_consumers,0,consumer set is not exhaustively bounded
5,6,444 445 446 447,0 1 2 3,34,0 1 2 3,17,1,0,,0,,candidate_font_only_unbounded_consumers,0,consumer set is not exhaustively bounded
5,7,448 449 450 451,0 1 2 3,43,0 1 2 3,19,0,0,,0,,candidate_font_only_unbounded_consumers,0,consumer set is not exhaustively bounded
5,8,452 453 454 455,0 1 2 3,31,0 1 2 3,10,0,0,,0,,candidate_font_only_unbounded_consumers,0,consumer set is not exhaustively bounded
5,9,456 457 458 459,0 1 2 3,44,0 1 2 3,14,0,0,,0,,candidate_font_only_unbounded_consumers,0,consumer set is not exhaustively bounded
5,10,460 461 462 463,0 1 2 3,31,0 1 2 3,83,0,0,,0,던,candidate_font_only_unbounded_consumers,0,consumer set is not exhaustively bounded
5,11,464 465 466 467,0 1 2 3,58,0 1 2 3,29,27,0,,0,,candidate_font_only_unbounded_consumers,0,consumer set is not exhaustively bounded
5,12,468 469 470 471,0 1 2 3,37,0 1 2 3,18,0,0,,0,,candidate_font_only_unbounded_consumers,0,consumer set is not exhaustively bounded
5,13,472 473 474 475,0 1 3,17,0 1,7,0,0,,0,,insufficient_partial_font_evidence,0,consumer set is not exhaustively bounded
5,14,476 477 478 479,0 1 2 3,108,0 1 2 3,76,0,0,,0,,candidate_font_only_unbounded_consumers,0,consumer set is not exhaustively bounded
5,15,480 481 482 483,0 1 2 3,78,0 1 2 3,37,0,0,,0,,candidate_font_only_unbounded_consumers,0,consumer set is not exhaustively bounded
5,16,484 485 486 487,0 1 2 3,54,0 1 2 3,24,0,0,,0,,candidate_font_only_unbounded_consumers,0,consumer set is not exhaustively bounded
5,17,488 489 490 491,0 1 2 3,34,0 1 2 3,15,2,0,,0,,candidate_font_only_unbounded_consumers,0,consumer set is not exhaustively bounded
5,18,492 493 494 495,0 1 2 3,21,0 1 2 3,9,0,0,,0,,candidate_font_only_unbounded_consumers,0,consumer set is not exhaustively bounded
5,19,496 497 498 499,0 1 2 3,28,0 1 2 3,11,3,0,,0,,candidate_font_only_unbounded_consumers,0,consumer set is not exhaustively bounded
5,20,500 501 502 503,0 1 2 3,29,0 1 2 3,15,0,0,,0,셔,candidate_font_only_unbounded_consumers,0,consumer set is not exhaustively bounded
6,0,504 505 506 507,0 1 2 3,30,0 1 2 3,11,0,0,,0,,candidate_font_only_unbounded_consumers,0,consumer set is not exhaustively bounded
6,1,508 509 510 511,0 1 2 3,18,0 1 2 3,7,1,0,,0,,candidate_font_only_unbounded_consumers,0,consumer set is not exhaustively bounded
6,2,512 513 514 515,0 1 2 3,31,0 1 2 3,22,0,0,,0,,candidate_font_only_unbounded_consumers,0,consumer set is not exhaustively bounded
6,3,516 517 518 519,0 1 2 3,34,0 1 2 3,19,0,0,,0,,candidate_font_only_unbounded_consumers,0,consumer set is not exhaustively bounded
6,4,520 521 522 523,0 1 2 3,19,0 1 2 3,9,0,0,,0,,candidate_font_only_unbounded_consumers,0,consumer set is not exhaustively bounded
6,5,524 525 526 527,0 1 2 3,24,0 1 2 3,23,0,0,,0,눈센,candidate_font_only_unbounded_consumers,0,consumer set is not exhaustively bounded
6,6,528 529 530 531,0 1 2 3,52,0 1 2 3,31,0,0,,0,,candidate_font_only_unbounded_consumers,0,consumer set is not exhaustively bounded
6,7,532 533 534 535,0 1 2 3,20,0 1 2 3,1439,22,2,HASH-5BBE776656FD02D7_8.sav HASH-CAA521161EBF5AAC_2.sav,0,이,rejected_known_nontext,0,known non-text consumer
6,8,536 537 538 539,0 1 2 3,23,0 1 2 3,44,3,0,,0,길,candidate_font_only_unbounded_consumers,0,consumer set is not exhaustively bounded
6,9,540 541 542 543,0 1 2 3,33,0 1 2 3,18,0,0,,0,,candidate_font_only_unbounded_consumers,0,consumer set is not exhaustively bounded
6,10,544 545 546 547,0 1 2 3,73,0 1 2 3,52,0,0,,0,,candidate_font_only_unbounded_consumers,0,consumer set is not exhaustively bounded
6,11,548 549 550 551,0 1 2 3,34,0 1 2 3,24,0,0,,0,,candidate_font_only_unbounded_consumers,0,consumer set is not exhaustively bounded
6,12,552 553 554 555,0 1 2 3,31,0 1 2 3,14,0,0,,0,,candidate_font_only_unbounded_consumers,0,consumer set is not exhaustively bounded
6,13,556 557 558 559,0 1 2 3,19,0 1 2 3,8,0,0,,0,,candidate_font_only_unbounded_consumers,0,consumer set is not exhaustively bounded
6,14,560 561 562 563,0 1 2 3,18,0 1 2 3,19,0,0,,0,떤,candidate_font_only_unbounded_consumers,0,consumer set is not exhaustively bounded
6,15,564 565 566 567,0 1 2 3,18,0 1 2 3,12,0,0,,0,득,candidate_font_only_unbounded_consumers,0,consumer set is not exhaustively bounded
6,16,568 569 570 571,0 1 2 3,22,0 1 2 3,43,0,0,,0,후,candidate_font_only_unbounded_consumers,0,consumer set is not exhaustively bounded
6,17,572 573 574 575,0 1 2 3,28,0 1 2 3,15,0,0,,0,율,candidate_font_only_unbounded_consumers,0,consumer set is not exhaustively bounded
6,18,576 577 578 579,0 1 2 3,17,0 1 2 3,9,0,0,,0,,candidate_font_only_unbounded_consumers,0,consumer set is not exhaustively bounded
6,19,580 581 582 583,0 1 2 3,24,0 1 2 3,110,0,0,,0,바,candidate_font_only_unbounded_consumers,0,consumer set is not exhaustively bounded
6,20,584 585 586 587,0 1 2 3,61,0 1 2 3,462,0,3,HASH-3FFDC0534640A0C9_5.sav HASH-5BBE776656FD02D7_6.sav HASH-CAA521161EBF5AAC_4.sav,0,로,rejected_known_nontext,0,known non-text consumer
7,0,588 589 590 591,0 1 2 3,42,0 1 2 3,466,2,0,,0,라,candidate_font_only_unbounded_consumers,0,consumer set is not exhaustively bounded
7,1,592 593 594 595,0 1 2 3,20,0 1 2 3,9,0,0,,0,,candidate_font_only_unbounded_consumers,0,consumer set is not exhaustively bounded
7,2,596 597 598 599,0 1 2 3,34,0 2 3,128,0,0,,0,비,candidate_font_only_unbounded_consumers,0,consumer set is not exhaustively bounded
7,3,600 601 602 603,0 1 2 3,17,0 1 2 3,14,0,0,,0,닐휩,candidate_font_only_unbounded_consumers,0,consumer set is not exhaustively bounded
7,4,604 605 606 607,0 1 2 3,12,0 1 2 3,211,3,0,,0,격소,candidate_font_only_unbounded_consumers,0,consumer set is not exhaustively bounded
7,5,608 609 610 611,0 1 2 3,60,0 1 2 3,110,1,0,,0,국,candidate_font_only_unbounded_consumers,0,consumer set is not exhaustively bounded
7,6,612 613 614 615,0 1 2 3,17,0 1 2 3,106,0,0,,0,쿠,candidate_font_only_unbounded_consumers,0,consumer set is not exhaustively bounded
7,7,616 617 618 619,0 1 2 3,23,0 1 2 3,12,0,0,,0,,candidate_font_only_unbounded_consumers,0,consumer set is not exhaustively bounded
7,8,620 621 622 623,0 1 2 3,12,0 1 2 3,184,11,0,,0,공좋탑,candidate_font_only_unbounded_consumers,0,consumer set is not exhaustively bounded
7,9,624 625 626 627,0 1 2 3,27,0 1 2 3,12,0,0,,0,,candidate_font_only_unbounded_consumers,0,consumer set is not exhaustively bounded
7,10,628 629 630 631,0 1 2 3,10,0 1 2 3,18,0,0,,0,씀,candidate_font_only_unbounded_consumers,0,consumer set is not exhaustively bounded
7,11,632 633 634 635,0 1 2 3,23,0 1 2 3,9,0,0,,0,,candidate_font_only_unbounded_consumers,0,consumer set is not exhaustively bounded
7,12,636 637 638 639,0 1 2 3,10,0 1 2 3,96,0,0,,0,뇨발,candidate_font_only_unbounded_consumers,0,consumer set is not exhaustively bounded
7,13,640 641 642 643,0 1 2 3,28,0 1 2 3,192,1,0,,0,계래,candidate_font_only_unbounded_consumers,0,consumer set is not exhaustively bounded
7,14,644 645 646 647,0 1 2 3,15,0 1 2 3,99,3,0,,0,싸,candidate_font_only_unbounded_consumers,0,consumer set is not exhaustively bounded
7,15,648 649 650 651,0 1 2 3,33,0 1 2 3,111,0,0,,0,곳,candidate_font_only_unbounded_consumers,0,consumer set is not exhaustively bounded
7,16,652 653 654 655,0 1 2 3,48,0 1 2 3,100,1,0,,0,과,candidate_font_only_unbounded_consumers,0,consumer set is not exhaustively bounded
7,17,656 657 658 659,0 2,10,0 1 3,18,2,0,,0,깁옛,insufficient_partial_font_evidence,0,consumer set is not exhaustively bounded
7,18,660 661 662 663,0 1 2 3,13,0 1 2 3,9,0,0,,0,,candidate_font_only_unbounded_consumers,0,consumer set is not exhaustively bounded
7,19,664 665 666 667,0 1 2 3,13,0 1 2 3,168,29,2,HASH-3FFDC0534640A0C9_6.sav HASH-3FFDC0534640A0C9_resume.sav,0,성용,rejected_known_nontext,0,known non-text consumer
7,20,668 669 670 671,0 1 2 3,8,0 1 2 3,88,3,0,,0,간,candidate_font_only_unbounded_consumers,0,consumer set is not exhaustively bounded
8,0,672 673 674 675,0 1 2 3,9,0 1 2 3,105,24,0,,0,건풍확,candidate_font_only_unbounded_consumers,0,consumer set is not exhaustively bounded
8,1,676 677 678 679,0 1 2 3,25,,0,5,0,,0,,candidate_font_only_unbounded_consumers,0,consumer set is not exhaustively bounded
8,2,680 681 682 683,0 1 2 3,9,,0,1,0,,0,,candidate_font_only_unbounded_consumers,0,consumer set is not exhaustively bounded
8,3,684 685 686 687,0 1 2 3,36,0 1 2 3,59,0,0,,0,웬잠점,candidate_font_only_unbounded_consumers,0,consumer set is not exhaustively bounded
8,4,688 689 690 691,0 1 2 3,28,0 1 2 3,102,20,0,,0,옷웠합,candidate_font_only_unbounded_consumers,0,consumer set is not exhaustively bounded
8,5,692 693 694 695,0 1 2 3,9,,0,0,0,,0,,candidate_font_only_unbounded_consumers,0,consumer set is not exhaustively bounded
8,6,696 697 698 699,0 1 2 3,6,0 1 2 3,32,0,0,,0,브쇠쉽,candidate_font_only_unbounded_consumers,0,consumer set is not exhaustively bounded
8,7,700 701 702 703,0 1 2 3,7,,0,0,0,,0,,candidate_font_only_unbounded_consumers,0,consumer set is not exhaustively bounded
8,8,704 705 706 707,0 1 2 3,8,,0,0,0,,0,,candidate_font_only_unbounded_consumers,0,consumer set is not exhaustively bounded
8,9,708 709 710 711,0 1 2 3,10,0 1 2 3,10,0,0,,0,눌덮듭뛴,candidate_font_only_unbounded_consumers,0,consumer set is not exhaustively bounded
8,10,712 713 714 715,1 2 3,10,0 1 2 3,53,0,0,,0,꼭꿔낼녀,insufficient_partial_font_evidence,0,consumer set is not exhaustively bounded
8,11,716 717 718 719,0 1 2 3,26,0 1 2 3,47,0,0,,0,갚걱검글,candidate_font_only_unbounded_consumers,0,consumer set is not exhaustively bounded
8,12,720 721 722 723,0 1 2 3,9,0 1 2 3,174,2,0,,0,두았향,candidate_font_only_unbounded_consumers,0,consumer set is not exhaustively bounded
8,13,724 725 726 727,0 1 2 3,8,0 1 2 3,92,0,0,,0,께황훨흩,candidate_font_only_unbounded_consumers,0,consumer set is not exhaustively bounded
8,14,728 729 730 731,0 2 3,38,0 2 3,84,4,0,,0,포푼화,insufficient_partial_font_evidence,0,consumer set is not exhaustively bounded
8,15,732 733 734 735,0,8,0 1 2 3,40,2,0,,0,틀판퍼평,insufficient_partial_font_evidence,0,consumer set is not exhaustively bounded
8,16,736 737 738 739,0 1 2 3,9,0 1 2 3,90,14,0,,0,큰탁태테,candidate_font_only_unbounded_consumers,0,consumer set is not exhaustively bounded
8,17,740 741 742 743,0 1 2 3,17,0 1 2 3,67,22,0,,0,짓찌처칠,candidate_font_only_unbounded_consumers,0,consumer set is not exhaustively bounded
8,18,744 745 746 747,0 2,2,0 1 2 3,98,1,0,,0,즐직진짊,insufficient_partial_font_evidence,0,consumer set is not exhaustively bounded
8,19,748 749 750 751,0 1 2 3,15,0 1 2 3,93,29,0,,0,읽접져죽,candidate_font_only_unbounded_consumers,0,consumer set is not exhaustively bounded
8,20,752 753 754 755,0 1 2 3,13,0 1 2 3,137,8,0,,0,옥왜움치,candidate_font_only_unbounded_consumers,0,consumer set is not exhaustively bounded
9,0,756 757 758 759,2 3,2,0 1 2 3,70,2,0,,0,얽엇연였,insufficient_partial_font_evidence,0,consumer set is not exhaustively bounded
9,1,760 761 762 763,0 2 3,4,0 1 2 3,66,0,0,,0,썼씨씬악,insufficient_partial_font_evidence,0,consumer set is not exhaustively bounded
9,2,764 765 766 767,0 1 2 3,5,0 1 2 3,209,1,0,,0,람실싶쌓,candidate_font_only_unbounded_consumers,0,consumer set is not exhaustively bounded
9,3,768 769 770 771,0 1 2 3,75,0 1 2 3,93,0,0,,0,솟숨쉬,candidate_font_only_unbounded_consumers,0,consumer set is not exhaustively bounded
9,4,772 773 774 775,0 1 2 3,8,0 1 2 3,49,1,0,,0,삼섬섯셨,candidate_font_only_unbounded_consumers,0,consumer set is not exhaustively bounded
9,5,776 777 778 779,0 1 2 3,4,0 1 2 3,35,0,0,,0,봤북붙빨,candidate_font_only_unbounded_consumers,0,consumer set is not exhaustively bounded
9,6,780 781 782 783,0 1 2 3,9,0 1 2 3,81,1,0,,0,몸믿밖복,candidate_font_only_unbounded_consumers,0,consumer set is not exhaustively bounded
9,7,784 785 786 787,0 1 2 3,5,0 1 2 3,131,6,3,HASH-3FFDC0534640A0C9_5.sav HASH-5BBE776656FD02D7_6.sav HASH-CAA521161EBF5AAC_4.sav,0,림막매저,rejected_known_nontext,0,known non-text consumer
9,8,788 789 790 791,0 1 2 3,7,0 1 2 3,64,0,0,,0,뛰뜻럼,candidate_font_only_unbounded_consumers,0,consumer set is not exhaustively bounded
9,9,792 793 794 795,0 1 2 3,4,0 1 2 3,115,12,0,,0,둘드따떡,candidate_font_only_unbounded_consumers,0,consumer set is not exhaustively bounded
9,10,796 797 798 799,0 1 2 3,5,0 1 2 3,76,2,0,,0,돕된될됩,candidate_font_only_unbounded_consumers,0,consumer set is not exhaustively bounded
9,11,800 801 802 803,0 1 2 3,30,0 1 2 3,116,2,0,,0,닫담당,candidate_font_only_unbounded_consumers,0,consumer set is not exhaustively bounded
9,12,804 805 806 807,0 1 3,3,0 1 2 3,68,1,0,,0,녔놈닌닙,insufficient_partial_font_evidence,0,consumer set is not exhaustively bounded
9,13,808 809 810 811,0 1 2 3,9,0 1 2 3,49,9,0,,0,끝났넌널,candidate_font_only_unbounded_consumers,0,consumer set is not exhaustively bounded
9,14,812 813 814 815,0 1 2 3,5,0 1 2 3,23,0,0,,0,꼬끄끊끌,candidate_font_only_unbounded_consumers,0,consumer set is not exhaustively bounded
9,15,816 817 818 819,0 1 2,5,0 1 2 3,102,3,0,,0,깨꺄든침,insufficient_partial_font_evidence,0,consumer set is not exhaustively bounded
9,16,820 821 822 823,0 1 2,7,0 1 2 3,35,2,0,,0,걷곧굉외,insufficient_partial_font_evidence,0,consumer set is not exhaustively bounded
9,17,824 825 826 827,0 1 2,500,0 1 2,215,6,0,,0,갔강,insufficient_partial_font_evidence,0,consumer set is not exhaustively bounded
9,18,828 829 830 831,,0,,0,0,0,,0,,unknown_no_text_evidence,0,consumer set is not exhaustively bounded
9,19,832 833 834 835,,0,,0,0,0,,0,,unknown_no_text_evidence,0,consumer set is not exhaustively bounded
9,20,836 837 838 839,,0,,0,3,0,,0,,unknown_no_text_evidence,0,consumer set is not exhaustively bounded
10,0,840 841 842 843,,0,0 1 2 3,268,4,26,HASH-173A20935C195812_1.sav HASH-173A20935C195812_resume.sav HASH-31AE820EA250BDE2_1.sav HASH-36A4D7BFEE911E0C_1.sav HASH-3E7AE54B97E5181C_resume.sav HASH-3FFDC0534640A0C9_4.sav HASH-5B42E6E2F7D4A581_2.sav HASH-5BBE776656FD02D7_4.sav HASH-5BBE776656FD02D7_5.sav HASH-5BBE776656FD02D7_9.sav HASH-660550AF1F902161_resume.sav HASH-6615F3E00CA7CACD_resume.sav HASH-7C988D1BAF789746_3.sav HASH-7C988D1BAF789746_resume.sav HASH-7F6751B55A942E91_2.sav HASH-8679B1C6E71DE51C_resume.sav HASH-896E1422742A9389_2.sav HASH-896E1422742A9389_resume.sav HASH-9C791F6466AF1DFA_1.sav HASH-BCDFD43E492EB996_1.sav HASH-BCDFD43E492EB996_resume.sav HASH-CAA521161EBF5AAC_5.sav HASH-CAA521161EBF5AAC_7.sav HASH-D4B9B4A1E9860C0A_2.sav HASH-DE2D9449B487CDF9_3.sav HASH-DF4A25F86397969D_resume.sav,0,런력미방,rejected_known_nontext,0,known non-text consumer
10,1,844 845 846 847,,0,0 1 3,206,9,23,HASH-173A20935C195812_1.sav HASH-173A20935C195812_resume.sav HASH-31AE820EA250BDE2_1.sav HASH-36A4D7BFEE911E0C_1.sav HASH-3E7AE54B97E5181C_resume.sav HASH-5B42E6E2F7D4A581_2.sav HASH-5BBE776656FD02D7_4.sav HASH-5BBE776656FD02D7_9.sav HASH-660550AF1F902161_resume.sav HASH-6615F3E00CA7CACD_resume.sav HASH-7C988D1BAF789746_3.sav HASH-7C988D1BAF789746_resume.sav HASH-7F6751B55A942E91_2.sav HASH-8679B1C6E71DE51C_resume.sav HASH-896E1422742A9389_2.sav HASH-896E1422742A9389_resume.sav HASH-9C791F6466AF1DFA_1.sav HASH-BCDFD43E492EB996_1.sav HASH-BCDFD43E492EB996_resume.sav HASH-CAA521161EBF5AAC_7.sav HASH-D4B9B4A1E9860C0A_2.sav HASH-DE2D9449B487CDF9_3.sav HASH-DF4A25F86397969D_resume.sav,0,님메행,rejected_known_nontext,0,known non-text consumer
10,2,848 849 850 851,,0,0 1 2 3,263,1,79,HASH-173A20935C195812_1.sav HASH-173A20935C195812_resume.sav HASH-31AE820EA250BDE2_1.sav HASH-36A4D7BFEE911E0C_1.sav HASH-3E7AE54B97E5181C_resume.sav HASH-5B42E6E2F7D4A581_2.sav HASH-5BBE776656FD02D7_4.sav HASH-5BBE776656FD02D7_9.sav HASH-660550AF1F902161_resume.sav HASH-6615F3E00CA7CACD_resume.sav HASH-7C988D1BAF789746_3.sav HASH-7C988D1BAF789746_resume.sav HASH-7F6751B55A942E91_2.sav HASH-8679B1C6E71DE51C_resume.sav HASH-896E1422742A9389_2.sav HASH-896E1422742A9389_resume.sav HASH-9C791F6466AF1DFA_1.sav HASH-BCDFD43E492EB996_1.sav HASH-BCDFD43E492EB996_resume.sav HASH-CAA521161EBF5AAC_7.sav HASH-D4B9B4A1E9860C0A_2.sav HASH-DE2D9449B487CDF9_3.sav HASH-DF4A25F86397969D_resume.sav,1,단동명언,rejected_known_nontext,0,known non-text consumer
10,3,852 853 854 855,,0,0 1 2 3,128,3,56,HASH-173A20935C195812_1.sav HASH-31AE820EA250BDE2_1.sav HASH-3E7AE54B97E5181C_resume.sav HASH-5B42E6E2F7D4A581_2.sav HASH-5BBE776656FD02D7_9.sav HASH-660550AF1F902161_resume.sav HASH-6615F3E00CA7CACD_resume.sav HASH-7C988D1BAF789746_3.sav HASH-7F6751B55A942E91_2.sav HASH-896E1422742A9389_2.sav HASH-BCDFD43E492EB996_1.sav HASH-BCDFD43E492EB996_resume.sav HASH-D4B9B4A1E9860C0A_2.sav HASH-DE2D9449B487CDF9_3.sav,1,금뀌머문,rejected_known_nontext,0,known non-text consumer
10,4,856 857 858 859,,0,0 1 2 3,1183,12,56,HASH-173A20935C195812_1.sav HASH-31AE820EA250BDE2_1.sav HASH-3E7AE54B97E5181C_resume.sav HASH-5B42E6E2F7D4A581_2.sav HASH-5BBE776656FD02D7_9.sav HASH-660550AF1F902161_resume.sav HASH-6615F3E00CA7CACD_resume.sav HASH-7C988D1BAF789746_3.sav HASH-7F6751B55A942E91_2.sav HASH-896E1422742A9389_2.sav HASH-BCDFD43E492EB996_1.sav HASH-BCDFD43E492EB996_resume.sav HASH-D4B9B4A1E9860C0A_2.sav HASH-DE2D9449B487CDF9_3.sav,1,규피혼,rejected_known_nontext,0,known non-text consumer
10,5,860 861 862 863,,0,0 1 2 3,178,17,56,HASH-173A20935C195812_1.sav HASH-31AE820EA250BDE2_1.sav HASH-3E7AE54B97E5181C_resume.sav HASH-5B42E6E2F7D4A581_2.sav HASH-5BBE776656FD02D7_9.sav HASH-660550AF1F902161_resume.sav HASH-6615F3E00CA7CACD_resume.sav HASH-7C988D1BAF789746_3.sav HASH-7F6751B55A942E91_2.sav HASH-896E1422742A9389_2.sav HASH-BCDFD43E492EB996_1.sav HASH-BCDFD43E492EB996_resume.sav HASH-D4B9B4A1E9860C0A_2.sav HASH-DE2D9449B487CDF9_3.sav,1,결괜잇투,rejected_known_nontext,0,known non-text consumer
10,6,864 865 866 867,,0,0 1 2 3,89,1,0,,0,꺼법킬풀,unknown_no_text_evidence,0,consumer set is not exhaustively bounded
10,7,868 869 870 871,,0,0 1 2 3,115,1,0,,0,앞째천팔,unknown_no_text_evidence,0,consumer set is not exhaustively bounded
10,8,872 873 874 875,,0,0 1 2 3,104,12,0,,0,새싫쓸알,unknown_no_text_evidence,0,consumer set is not exhaustively bounded
10,9,876 877 878 879,,0,0 1 2 3,86,3,3,HASH-39247B554F59E6EC_resume.sav HASH-5BBE776656FD02D7_8.sav HASH-CAA521161EBF5AAC_2.sav,0,둔렌롭봉,rejected_known_nontext,0,known non-text consumer
10,10,880 881 882 883,,0,0 1 2 3,138,7,3,HASH-39247B554F59E6EC_resume.sav HASH-5BBE776656FD02D7_8.sav HASH-CAA521161EBF5AAC_2.sav,0,껐꽃날번,rejected_known_nontext,0,known non-text consumer
10,11,884 885 886 887,,0,0 1 2 3,39,0,0,,0,플헤흥,unknown_no_text_evidence,0,consumer set is not exhaustively bounded
10,12,888 889 890 891,,0,0 1 2 3,61,0,3,HASH-3FFDC0534640A0C9_5.sav HASH-5BBE776656FD02D7_6.sav HASH-CAA521161EBF5AAC_4.sav,0,털텅파프,rejected_known_nontext,0,known non-text consumer
10,13,892 893 894 895,,0,0 1 2 3,115,6,1,HASH-39247B554F59E6EC_resume.sav,0,쪽쭐최코,rejected_known_nontext,0,known non-text consumer
10,14,896 897 898 899,,0,0 1 2 3,106,3,2,HASH-31AE820EA250BDE2_1.sav HASH-39247B554F59E6EC_resume.sav,0,줄중줬질,rejected_known_nontext,0,known non-text consumer
10,15,900 901 902 903,,0,0 1 2 3,114,1,1,HASH-31AE820EA250BDE2_1.sav,0,워잘젠좀,rejected_known_nontext,0,known non-text consumer
10,16,904 905 906 907,,0,0 1 2 3,152,3,1,HASH-31AE820EA250BDE2_1.sav,0,루약엘왔,rejected_known_nontext,0,known non-text consumer
10,17,908 909 910 911,,0,0 1 2 3,121,5,1,HASH-31AE820EA250BDE2_1.sav,0,떻슬식써,rejected_known_nontext,0,known non-text consumer
10,18,912 913 914 915,,0,0 1 2 3,89,5,2,HASH-5BBE776656FD02D7_8.sav HASH-CAA521161EBF5AAC_2.sav,0,벌산섞송,rejected_known_nontext,0,known non-text consumer
10,19,916 917 918 919,,0,0 1 2 3,106,4,0,,0,민배뱀혜,unknown_no_text_evidence,0,consumer set is not exhaustively bounded
10,20,920 921 922 923,,0,0 1 2 3,48,7,0,,0,먼멋멘며,unknown_no_text_evidence,0,consumer set is not exhaustively bounded
11,0,924 925 926 927,,0,1 2 3,150,4,23,HASH-173A20935C195812_1.sav HASH-173A20935C195812_resume.sav HASH-31AE820EA250BDE2_1.sav HASH-36A4D7BFEE911E0C_1.sav HASH-3E7AE54B97E5181C_resume.sav HASH-5B42E6E2F7D4A581_2.sav HASH-5BBE776656FD02D7_4.sav HASH-5BBE776656FD02D7_9.sav HASH-660550AF1F902161_resume.sav HASH-6615F3E00CA7CACD_resume.sav HASH-7C988D1BAF789746_3.sav HASH-7C988D1BAF789746_resume.sav HASH-7F6751B55A942E91_2.sav HASH-8679B1C6E71DE51C_resume.sav HASH-896E1422742A9389_2.sav HASH-896E1422742A9389_resume.sav HASH-9C791F6466AF1DFA_1.sav HASH-BCDFD43E492EB996_1.sav HASH-BCDFD43E492EB996_resume.sav HASH-CAA521161EBF5AAC_7.sav HASH-D4B9B4A1E9860C0A_2.sav HASH-DE2D9449B487CDF9_3.sav HASH-DF4A25F86397969D_resume.sav,0,렇선참,rejected_known_nontext,0,known non-text consumer
11,1,928 929 930 931,,0,,0,0,23,HASH-173A20935C195812_1.sav HASH-173A20935C195812_resume.sav HASH-31AE820EA250BDE2_1.sav HASH-36A4D7BFEE911E0C_1.sav HASH-3E7AE54B97E5181C_resume.sav HASH-5B42E6E2F7D4A581_2.sav HASH-5BBE776656FD02D7_4.sav HASH-5BBE776656FD02D7_9.sav HASH-660550AF1F902161_resume.sav HASH-6615F3E00CA7CACD_resume.sav HASH-7C988D1BAF789746_3.sav HASH-7C988D1BAF789746_resume.sav HASH-7F6751B55A942E91_2.sav HASH-8679B1C6E71DE51C_resume.sav HASH-896E1422742A9389_2.sav HASH-896E1422742A9389_resume.sav HASH-9C791F6466AF1DFA_1.sav HASH-BCDFD43E492EB996_1.sav HASH-BCDFD43E492EB996_resume.sav HASH-CAA521161EBF5AAC_7.sav HASH-D4B9B4A1E9860C0A_2.sav HASH-DE2D9449B487CDF9_3.sav HASH-DF4A25F86397969D_resume.sav,0,,rejected_known_nontext,0,known non-text consumer
11,2,932 933 934 935,,0,0 1 2 3,172,0,79,HASH-173A20935C195812_1.sav HASH-173A20935C195812_resume.sav HASH-31AE820EA250BDE2_1.sav HASH-36A4D7BFEE911E0C_1.sav HASH-3E7AE54B97E5181C_resume.sav HASH-5B42E6E2F7D4A581_2.sav HASH-5BBE776656FD02D7_4.sav HASH-5BBE776656FD02D7_9.sav HASH-660550AF1F902161_resume.sav HASH-6615F3E00CA7CACD_resume.sav HASH-7C988D1BAF789746_3.sav HASH-7C988D1BAF789746_resume.sav HASH-7F6751B55A942E91_2.sav HASH-8679B1C6E71DE51C_resume.sav HASH-896E1422742A9389_2.sav HASH-896E1422742A9389_resume.sav HASH-9C791F6466AF1DFA_1.sav HASH-BCDFD43E492EB996_1.sav HASH-BCDFD43E492EB996_resume.sav HASH-CAA521161EBF5AAC_7.sav HASH-D4B9B4A1E9860C0A_2.sav HASH-DE2D9449B487CDF9_3.sav HASH-DF4A25F86397969D_resume.sav,1,노본키험,rejected_known_nontext,0,known non-text consumer
11,3,936 937 938 939,,0,,0,12,56,HASH-173A20935C195812_1.sav HASH-31AE820EA250BDE2_1.sav HASH-3E7AE54B97E5181C_resume.sav HASH-5B42E6E2F7D4A581_2.sav HASH-5BBE776656FD02D7_9.sav HASH-660550AF1F902161_resume.sav HASH-6615F3E00CA7CACD_resume.sav HASH-7C988D1BAF789746_3.sav HASH-7F6751B55A942E91_2.sav HASH-896E1422742A9389_2.sav HASH-BCDFD43E492EB996_1.sav HASH-BCDFD43E492EB996_resume.sav HASH-D4B9B4A1E9860C0A_2.sav HASH-DE2D9449B487CDF9_3.sav,1,,rejected_known_nontext,0,known non-text consumer
11,4,940 941 942 943,,0,,0,2,56,HASH-173A20935C195812_1.sav HASH-31AE820EA250BDE2_1.sav HASH-3E7AE54B97E5181C_resume.sav HASH-5B42E6E2F7D4A581_2.sav HASH-5BBE776656FD02D7_9.sav HASH-660550AF1F902161_resume.sav HASH-6615F3E00CA7CACD_resume.sav HASH-7C988D1BAF789746_3.sav HASH-7F6751B55A942E91_2.sav HASH-896E1422742A9389_2.sav HASH-BCDFD43E492EB996_1.sav HASH-BCDFD43E492EB996_resume.sav HASH-D4B9B4A1E9860C0A_2.sav HASH-DE2D9449B487CDF9_3.sav,1,,rejected_known_nontext,0,known non-text consumer
11,5,944 945 946 947,,0,0 1 2,114,1,58,HASH-173A20935C195812_1.sav HASH-31AE820EA250BDE2_1.sav HASH-3E7AE54B97E5181C_resume.sav HASH-5B42E6E2F7D4A581_2.sav HASH-5BBE776656FD02D7_8.sav HASH-5BBE776656FD02D7_9.sav HASH-660550AF1F902161_resume.sav HASH-6615F3E00CA7CACD_resume.sav HASH-7C988D1BAF789746_3.sav HASH-7F6751B55A942E91_2.sav HASH-896E1422742A9389_2.sav HASH-BCDFD43E492EB996_1.sav HASH-BCDFD43E492EB996_resume.sav HASH-CAA521161EBF5AAC_2.sav HASH-D4B9B4A1E9860C0A_2.sav HASH-DE2D9449B487CDF9_3.sav,1,년늘온,rejected_known_nontext,0,known non-text consumer
11,6,948 949 950 951,,0,,0,0,0,,0,,unknown_no_text_evidence,0,consumer set is not exhaustively bounded
11,7,952 953 954 955,,0,0 1 2 3,94,22,0,,0,놀속폭,unknown_no_text_evidence,0,consumer set is not exhaustively bounded
11,8,956 957 958 959,,0,0 1 2,109,7,0,,0,희히,unknown_no_text_evidence,0,consumer set is not exhaustively bounded
11,9,960 961 962 963,,0,0 1 2 3,200,63,1,HASH-39247B554F59E6EC_resume.sav,0,레친카했,rejected_known_nontext,0,known non-text consumer
11,10,964 965 966 967,,0,0 1 2 3,121,3,1,HASH-39247B554F59E6EC_resume.sav,0,작쯤찮첩,rejected_known_nontext,0,known non-text consumer
11,11,968 969 970 971,,0,0 1 2 3,143,3,0,,0,적졌죠줘,unknown_no_text_evidence,0,consumer set is not exhaustively bounded
11,12,972 973 974 975,,0,0 1 2,51,2,0,,0,잖잡쟁,unknown_no_text_evidence,0,consumer set is not exhaustively bounded
11,13,976 977 978 979,,0,0 1 2 3,138,30,1,HASH-39247B554F59E6EC_resume.sav,0,뭐울응찾,rejected_known_nontext,0,known non-text consumer
11,14,980 981 982 983,,0,0 1 2 3,103,9,2,HASH-31AE820EA250BDE2_1.sav HASH-39247B554F59E6EC_resume.sav,0,애엔역템,rejected_known_nontext,0,known non-text consumer
11,15,984 985 986 987,,0,1 2,68,1,1,HASH-31AE820EA250BDE2_1.sav,0,감쓰,rejected_known_nontext,0,known non-text consumer
11,16,988 989 990 991,,0,0 1 2,137,3,1,HASH-31AE820EA250BDE2_1.sav,0,망살생,rejected_known_nontext,0,known non-text consumer
11,17,992 993 994 995,,0,0 1 2,116,41,3,HASH-31AE820EA250BDE2_1.sav HASH-5BBE776656FD02D7_8.sav HASH-CAA521161EBF5AAC_2.sav,0,불빼,rejected_known_nontext,0,known non-text consumer
11,18,996 997 998 999,,0,0 1 2,103,0,0,,0,각난봐,unknown_no_text_evidence,0,consumer set is not exhaustively bounded
11,19,1000 1001 1002 1003,,0,0 1 2,127,12,0,,0,류륭받,unknown_no_text_evidence,0,consumer set is not exhaustively bounded
11,20,1004 1005 1006 1007,,0,0 1 2,105,19,0,,0,겨괴환,unknown_no_text_evidence,0,consumer set is not exhaustively bounded
12,0,1008 1009 1010 1011,,0,0 2 3,110,0,23,HASH-173A20935C195812_1.sav HASH-173A20935C195812_resume.sav HASH-31AE820EA250BDE2_1.sav HASH-36A4D7BFEE911E0C_1.sav HASH-3E7AE54B97E5181C_resume.sav HASH-5B42E6E2F7D4A581_2.sav HASH-5BBE776656FD02D7_4.sav HASH-5BBE776656FD02D7_9.sav HASH-660550AF1F902161_resume.sav HASH-6615F3E00CA7CACD_resume.sav HASH-7C988D1BAF789746_3.sav HASH-7C988D1BAF789746_resume.sav HASH-7F6751B55A942E91_2.sav HASH-8679B1C6E71DE51C_resume.sav HASH-896E1422742A9389_2.sav HASH-896E1422742A9389_resume.sav HASH-9C791F6466AF1DFA_1.sav HASH-BCDFD43E492EB996_1.sav HASH-BCDFD43E492EB996_resume.sav HASH-CAA521161EBF5AAC_7.sav HASH-D4B9B4A1E9860C0A_2.sav HASH-DE2D9449B487CDF9_3.sav HASH-DF4A25F86397969D_resume.sav,0,족타편,rejected_known_nontext,0,known non-text consumer
12,1,1012 1013 1014 1015,,0,,0,0,23,HASH-173A20935C195812_1.sav HASH-173A20935C195812_resume.sav HASH-31AE820EA250BDE2_1.sav HASH-36A4D7BFEE911E0C_1.sav HASH-3E7AE54B97E5181C_resume.sav HASH-5B42E6E2F7D4A581_2.sav HASH-5BBE776656FD02D7_4.sav HASH-5BBE776656FD02D7_9.sav HASH-660550AF1F902161_resume.sav HASH-6615F3E00CA7CACD_resume.sav HASH-7C988D1BAF789746_3.sav HASH-7C988D1BAF789746_resume.sav HASH-7F6751B55A942E91_2.sav HASH-8679B1C6E71DE51C_resume.sav HASH-896E1422742A9389_2.sav HASH-896E1422742A9389_resume.sav HASH-9C791F6466AF1DFA_1.sav HASH-BCDFD43E492EB996_1.sav HASH-BCDFD43E492EB996_resume.sav HASH-CAA521161EBF5AAC_7.sav HASH-D4B9B4A1E9860C0A_2.sav HASH-DE2D9449B487CDF9_3.sav HASH-DF4A25F86397969D_resume.sav,0,,rejected_known_nontext,0,known non-text consumer
12,2,1016 1017 1018 1019,,0,0 1 2 3,84,0,79,HASH-173A20935C195812_1.sav HASH-173A20935C195812_resume.sav HASH-31AE820EA250BDE2_1.sav HASH-36A4D7BFEE911E0C_1.sav HASH-3E7AE54B97E5181C_resume.sav HASH-5B42E6E2F7D4A581_2.sav HASH-5BBE776656FD02D7_4.sav HASH-5BBE776656FD02D7_9.sav HASH-660550AF1F902161_resume.sav HASH-6615F3E00CA7CACD_resume.sav HASH-7C988D1BAF789746_3.sav HASH-7C988D1BAF789746_resume.sav HASH-7F6751B55A942E91_2.sav HASH-8679B1C6E71DE51C_resume.sav HASH-896E1422742A9389_2.sav HASH-896E1422742A9389_resume.sav HASH-9C791F6466AF1DFA_1.sav HASH-BCDFD43E492EB996_1.sav HASH-BCDFD43E492EB996_resume.sav HASH-CAA521161EBF5AAC_7.sav HASH-D4B9B4A1E9860C0A_2.sav HASH-DE2D9449B487CDF9_3.sav HASH-DF4A25F86397969D_resume.sav,1,못씩품,rejected_known_nontext,0,known non-text consumer
12,3,1020 1021 1022 1023,,0,,0,20,56,HASH-173A20935C195812_1.sav HASH-31AE820EA250BDE2_1.sav HASH-3E7AE54B97E5181C_resume.sav HASH-5B42E6E2F7D4A581_2.sav HASH-5BBE776656FD02D7_9.sav HASH-660550AF1F902161_resume.sav HASH-6615F3E00CA7CACD_resume.sav HASH-7C988D1BAF789746_3.sav HASH-7F6751B55A942E91_2.sav HASH-896E1422742A9389_2.sav HASH-BCDFD43E492EB996_1.sav HASH-BCDFD43E492EB996_resume.sav HASH-D4B9B4A1E9860C0A_2.sav HASH-DE2D9449B487CDF9_3.sav,1,,rejected_known_nontext,0,known non-text consumer
12,4,1024 1025 1026 1027,,0,,0,16,56,HASH-173A20935C195812_1.sav HASH-31AE820EA250BDE2_1.sav HASH-3E7AE54B97E5181C_resume.sav HASH-5B42E6E2F7D4A581_2.sav HASH-5BBE776656FD02D7_9.sav HASH-660550AF1F902161_resume.sav HASH-6615F3E00CA7CACD_resume.sav HASH-7C988D1BAF789746_3.sav HASH-7F6751B55A942E91_2.sav HASH-896E1422742A9389_2.sav HASH-BCDFD43E492EB996_1.sav HASH-BCDFD43E492EB996_resume.sav HASH-D4B9B4A1E9860C0A_2.sav HASH-DE2D9449B487CDF9_3.sav,1,,rejected_known_nontext,0,known non-text consumer
12,5,1028 1029 1030 1031,,0,0 2,110,2,56,HASH-173A20935C195812_1.sav HASH-31AE820EA250BDE2_1.sav HASH-3E7AE54B97E5181C_resume.sav HASH-5B42E6E2F7D4A581_2.sav HASH-5BBE776656FD02D7_9.sav HASH-660550AF1F902161_resume.sav HASH-6615F3E00CA7CACD_resume.sav HASH-7C988D1BAF789746_3.sav HASH-7F6751B55A942E91_2.sav HASH-896E1422742A9389_2.sav HASH-BCDFD43E492EB996_1.sav HASH-BCDFD43E492EB996_resume.sav HASH-D4B9B4A1E9860C0A_2.sav HASH-DE2D9449B487CDF9_3.sav,1,남냐,rejected_known_nontext,0,known non-text consumer
12,6,1032 1033 1034 1035,,0,,0,36,0,,0,,unknown_no_text_evidence,0,consumer set is not exhaustively bounded
12,7,1036 1037 1038 1039,,0,0 1 2,115,91,3,HASH-3FFDC0534640A0C9_5.sav HASH-5BBE776656FD02D7_6.sav HASH-CAA521161EBF5AAC_4.sav,0,누열형,rejected_known_nontext,0,known non-text consumer
12,8,1040 1041 1042 1043,,0,,0,41,0,,0,,unknown_no_text_evidence,0,consumer set is not exhaustively bounded
12,9,1044 1045 1046 1047,,0,,0,8,0,,0,,unknown_no_text_evidence,0,consumer set is not exhaustively bounded
12,10,1048 1049 1050 1051,,0,,0,16,0,,0,,unknown_no_text_evidence,0,consumer set is not exhaustively bounded
12,11,1052 1053 1054 1055,,0,3,504,19,0,,0,,unknown_no_text_evidence,0,consumer set is not exhaustively bounded
12,12,1056 1057 1058 1059,,0,,0,15,0,,0,,unknown_no_text_evidence,0,consumer set is not exhaustively bounded
12,13,1060 1061 1062 1063,,0,,0,8,0,,0,,unknown_no_text_evidence,0,consumer set is not exhaustively bounded
12,14,1064 1065 1066 1067,,0,,0,11,0,,0,,unknown_no_text_evidence,0,consumer set is not exhaustively bounded
12,15,1068 1069 1070 1071,,0,,0,42,0,,0,,unknown_no_text_evidence,0,consumer set is not exhaustively bounded
12,16,1072 1073 1074 1075,,0,,0,45,0,,0,,unknown_no_text_evidence,0,consumer set is not exhaustively bounded
12,17,1076 1077 1078 1079,,0,,0,55,0,,0,,unknown_no_text_evidence,0,consumer set is not exhaustively bounded
12,18,1080 1081 1082 1083,,0,0,40,54,0,,0,,unknown_no_text_evidence,0,consumer set is not exhaustively bounded
12,19,1084 1085 1086 1087,,0,,0,51,0,,0,,unknown_no_text_evidence,0,consumer set is not exhaustively bounded
12,20,1088 1089 1090 1091,,0,,0,48,0,,0,,unknown_no_text_evidence,0,consumer set is not exhaustively bounded
13,0,1092 1093 1094 1095,,0,0 2 3,104,0,23,HASH-173A20935C195812_1.sav HASH-173A20935C195812_resume.sav HASH-31AE820EA250BDE2_1.sav HASH-36A4D7BFEE911E0C_1.sav HASH-3E7AE54B97E5181C_resume.sav HASH-5B42E6E2F7D4A581_2.sav HASH-5BBE776656FD02D7_4.sav HASH-5BBE776656FD02D7_9.sav HASH-660550AF1F902161_resume.sav HASH-6615F3E00CA7CACD_resume.sav HASH-7C988D1BAF789746_3.sav HASH-7C988D1BAF789746_resume.sav HASH-7F6751B55A942E91_2.sav HASH-8679B1C6E71DE51C_resume.sav HASH-896E1422742A9389_2.sav HASH-896E1422742A9389_resume.sav HASH-9C791F6466AF1DFA_1.sav HASH-BCDFD43E492EB996_1.sav HASH-BCDFD43E492EB996_resume.sav HASH-CAA521161EBF5AAC_7.sav HASH-D4B9B4A1E9860C0A_2.sav HASH-DE2D9449B487CDF9_3.sav HASH-DF4A25F86397969D_resume.sav,0,슈준표,rejected_known_nontext,0,known non-text consumer
13,1,1096 1097 1098 1099,,0,1 2 3,100,0,23,HASH-173A20935C195812_1.sav HASH-173A20935C195812_resume.sav HASH-31AE820EA250BDE2_1.sav HASH-36A4D7BFEE911E0C_1.sav HASH-3E7AE54B97E5181C_resume.sav HASH-5B42E6E2F7D4A581_2.sav HASH-5BBE776656FD02D7_4.sav HASH-5BBE776656FD02D7_9.sav HASH-660550AF1F902161_resume.sav HASH-6615F3E00CA7CACD_resume.sav HASH-7C988D1BAF789746_3.sav HASH-7C988D1BAF789746_resume.sav HASH-7F6751B55A942E91_2.sav HASH-8679B1C6E71DE51C_resume.sav HASH-896E1422742A9389_2.sav HASH-896E1422742A9389_resume.sav HASH-9C791F6466AF1DFA_1.sav HASH-BCDFD43E492EB996_1.sav HASH-BCDFD43E492EB996_resume.sav HASH-CAA521161EBF5AAC_7.sav HASH-D4B9B4A1E9860C0A_2.sav HASH-DE2D9449B487CDF9_3.sav HASH-DF4A25F86397969D_resume.sav,0,걸석체,rejected_known_nontext,0,known non-text consumer
13,2,1100 1101 1102 1103,,0,0 1 2,97,0,79,HASH-173A20935C195812_1.sav HASH-173A20935C195812_resume.sav HASH-31AE820EA250BDE2_1.sav HASH-36A4D7BFEE911E0C_1.sav HASH-3E7AE54B97E5181C_resume.sav HASH-5B42E6E2F7D4A581_2.sav HASH-5BBE776656FD02D7_4.sav HASH-5BBE776656FD02D7_9.sav HASH-660550AF1F902161_resume.sav HASH-6615F3E00CA7CACD_resume.sav HASH-7C988D1BAF789746_3.sav HASH-7C988D1BAF789746_resume.sav HASH-7F6751B55A942E91_2.sav HASH-8679B1C6E71DE51C_resume.sav HASH-896E1422742A9389_2.sav HASH-896E1422742A9389_resume.sav HASH-9C791F6466AF1DFA_1.sav HASH-BCDFD43E492EB996_1.sav HASH-BCDFD43E492EB996_resume.sav HASH-CAA521161EBF5AAC_7.sav HASH-D4B9B4A1E9860C0A_2.sav HASH-DE2D9449B487CDF9_3.sav HASH-DF4A25F86397969D_resume.sav,1,느숲톤,rejected_known_nontext,0,known non-text consumer
13,3,1104 1105 1106 1107,,0,,0,11,56,HASH-173A20935C195812_1.sav HASH-31AE820EA250BDE2_1.sav HASH-3E7AE54B97E5181C_resume.sav HASH-5B42E6E2F7D4A581_2.sav HASH-5BBE776656FD02D7_9.sav HASH-660550AF1F902161_resume.sav HASH-6615F3E00CA7CACD_resume.sav HASH-7C988D1BAF789746_3.sav HASH-7F6751B55A942E91_2.sav HASH-896E1422742A9389_2.sav HASH-BCDFD43E492EB996_1.sav HASH-BCDFD43E492EB996_resume.sav HASH-D4B9B4A1E9860C0A_2.sav HASH-DE2D9449B487CDF9_3.sav,1,,rejected_known_nontext,0,known non-text consumer
13,4,1108 1109 1110 1111,,0,,0,12,56,HASH-173A20935C195812_1.sav HASH-31AE820EA250BDE2_1.sav HASH-3E7AE54B97E5181C_resume.sav HASH-5B42E6E2F7D4A581_2.sav HASH-5BBE776656FD02D7_9.sav HASH-660550AF1F902161_resume.sav HASH-6615F3E00CA7CACD_resume.sav HASH-7C988D1BAF789746_3.sav HASH-7F6751B55A942E91_2.sav HASH-896E1422742A9389_2.sav HASH-BCDFD43E492EB996_1.sav HASH-BCDFD43E492EB996_resume.sav HASH-D4B9B4A1E9860C0A_2.sav HASH-DE2D9449B487CDF9_3.sav,1,,rejected_known_nontext,0,known non-text consumer
13,5,1112 1113 1114 1115,,0,0 1 2 3,112,4,56,HASH-173A20935C195812_1.sav HASH-31AE820EA250BDE2_1.sav HASH-3E7AE54B97E5181C_resume.sav HASH-5B42E6E2F7D4A581_2.sav HASH-5BBE776656FD02D7_9.sav HASH-660550AF1F902161_resume.sav HASH-6615F3E00CA7CACD_resume.sav HASH-7C988D1BAF789746_3.sav HASH-7F6751B55A942E91_2.sav HASH-896E1422742A9389_2.sav HASH-BCDFD43E492EB996_1.sav HASH-BCDFD43E492EB996_resume.sav HASH-D4B9B4A1E9860C0A_2.sav HASH-DE2D9449B487CDF9_3.sav,1,같트폐활,rejected_known_nontext,0,known non-text consumer
13,6,1116 1117 1118 1119,,0,,0,13,0,,0,,unknown_no_text_evidence,0,consumer set is not exhaustively bounded
13,7,1120 1121 1122 1123,,0,2,54,37,0,,0,반,unknown_no_text_evidence,0,consumer set is not exhaustively bounded
13,8,1124 1125 1126 1127,,0,2,12,55,0,,0,,unknown_no_text_evidence,0,consumer set is not exhaustively bounded
13,9,1128 1129 1130 1131,,0,,0,12,0,,0,,unknown_no_text_evidence,0,consumer set is not exhaustively bounded
13,10,1132 1133 1134 1135,,0,,0,20,0,,0,,unknown_no_text_evidence,0,consumer set is not exhaustively bounded
13,11,1136 1137 1138 1139,,0,,0,66,0,,0,,unknown_no_text_evidence,0,consumer set is not exhaustively bounded
13,12,1140 1141 1142 1143,,0,,0,77,0,,0,,unknown_no_text_evidence,0,consumer set is not exhaustively bounded
13,13,1144 1145 1146 1147,,0,,0,27,0,,0,,unknown_no_text_evidence,0,consumer set is not exhaustively bounded
13,14,1148 1149 1150 1151,,0,,0,37,0,,0,,unknown_no_text_evidence,0,consumer set is not exhaustively bounded
13,15,1152 1153 1154 1155,,0,,0,53,0,,0,,unknown_no_text_evidence,0,consumer set is not exhaustively bounded
13,16,1156 1157 1158 1159,,0,,0,30,0,,0,,unknown_no_text_evidence,0,consumer set is not exhaustively bounded
13,17,1160 1161 1162 1163,,0,1,2,13,0,,0,,unknown_no_text_evidence,0,consumer set is not exhaustively bounded
13,18,1164 1165 1166 1167,,0,,0,26,0,,0,,unknown_no_text_evidence,0,consumer set is not exhaustively bounded
13,19,1168 1169 1170 1171,,0,,0,1,0,,0,,unknown_no_text_evidence,0,consumer set is not exhaustively bounded
13,20,1172 1173 1174 1175,,0,,0,64,0,,0,,unknown_no_text_evidence,0,consumer set is not exhaustively bounded
14,0,1176 1177 1178 1179,,0,,0,142,0,,0,,unknown_no_text_evidence,0,consumer set is not exhaustively bounded
14,1,1180 1181 1182 1183,,0,,0,72,0,,0,,unknown_no_text_evidence,0,consumer set is not exhaustively bounded
14,2,1184 1185 1186 1187,,0,,0,41,0,,0,,unknown_no_text_evidence,0,consumer set is not exhaustively bounded
14,3,1188 1189 1190 1191,,0,,0,14,0,,0,,unknown_no_text_evidence,0,consumer set is not exhaustively bounded
14,4,1192 1193 1194 1195,,0,,0,0,0,,0,,unknown_no_text_evidence,0,consumer set is not exhaustively bounded
14,5,1196 1197 1198 1199,,0,,0,24,0,,0,,unknown_no_text_evidence,0,consumer set is not exhaustively bounded
14,6,1200 1201 1202 1203,,0,,0,24,0,,0,,unknown_no_text_evidence,0,consumer set is not exhaustively bounded
14,7,1204 1205 1206 1207,,0,,0,11,0,,0,,unknown_no_text_evidence,0,consumer set is not exhaustively bounded
14,8,1208 1209 1210 1211,,0,,0,18,0,,0,,unknown_no_text_evidence,0,consumer set is not exhaustively bounded
14,9,1212 1213 1214 1215,,0,,0,6,0,,0,,unknown_no_text_evidence,0,consumer set is not exhaustively bounded
14,10,1216 1217 1218 1219,,0,,0,24,0,,0,,unknown_no_text_evidence,0,consumer set is not exhaustively bounded
14,11,1220 1221 1222 1223,,0,,0,6,0,,0,,unknown_no_text_evidence,0,consumer set is not exhaustively bounded
14,12,1224 1225 1226 1227,,0,,0,21,0,,0,,unknown_no_text_evidence,0,consumer set is not exhaustively bounded
14,13,1228 1229 1230 1231,,0,,0,8,0,,0,,unknown_no_text_evidence,0,consumer set is not exhaustively bounded
14,14,1232 1233 1234 1235,,0,,0,5,0,,0,,unknown_no_text_evidence,0,consumer set is not exhaustively bounded
14,15,1236 1237 1238 1239,,0,,0,21,0,,0,,unknown_no_text_evidence,0,consumer set is not exhaustively bounded
14,16,1240 1241 1242 1243,0,1,,0,0,0,,0,,insufficient_partial_font_evidence,0,consumer set is not exhaustively bounded
14,17,1244 1245 1246 1247,,0,,0,0,0,,0,,unknown_no_text_evidence,0,consumer set is not exhaustively bounded
14,18,1248 1249 1250 1251,,0,,0,0,0,,0,,unknown_no_text_evidence,0,consumer set is not exhaustively bounded
14,19,1252 1253 1254 1255,,0,,0,0,0,,0,,unknown_no_text_evidence,0,consumer set is not exhaustively bounded
14,20,1256 1257 1258 1259,,0,,0,0,0,,0,,unknown_no_text_evidence,0,consumer set is not exhaustively bounded
15,0,1260 1261 1262 1263,,0,,0,1,0,,0,,unknown_no_text_evidence,0,consumer set is not exhaustively bounded
15,1,1264 1265 1266 1267,,0,,0,4,0,,0,,unknown_no_text_evidence,0,consumer set is not exhaustively bounded
15,2,1268 1269 1270 1271,,0,,0,0,0,,0,,unknown_no_text_evidence,0,consumer set is not exhaustively bounded
15,3,1272 1273 1274 1275,,0,,0,5,0,,0,,unknown_no_text_evidence,0,consumer set is not exhaustively bounded
15,4,1276 1277 1278 1279,,0,,0,1,0,,0,,unknown_no_text_evidence,0,consumer set is not exhaustively bounded
15,5,1280 1281 1282 1283,,0,1,18,1,0,,0,,unknown_no_text_evidence,0,consumer set is not exhaustively bounded
15,6,1284 1285 1286 1287,,0,1,8,0,0,,0,,unknown_no_text_evidence,0,consumer set is not exhaustively bounded
15,7,1288 1289 1290 1291,,0,,0,1,0,,0,,unknown_no_text_evidence,0,consumer set is not exhaustively bounded
15,8,1292 1293 1294 1295,,0,,0,1,0,,0,,unknown_no_text_evidence,0,consumer set is not exhaustively bounded
15,9,1296 1297 1298 1299,,0,,0,2,0,,0,,unknown_no_text_evidence,0,consumer set is not exhaustively bounded
15,10,1300 1301 1302 1303,,0,,0,6,0,,0,,unknown_no_text_evidence,0,consumer set is not exhaustively bounded
15,11,1304 1305 1306 1307,,0,,0,2,0,,0,,unknown_no_text_evidence,0,consumer set is not exhaustively bounded
15,12,1308 1309 1310 1311,,0,,0,28,0,,0,,unknown_no_text_evidence,0,consumer set is not exhaustively bounded
15,13,1312 1313 1314 1315,,0,,0,5,0,,0,,unknown_no_text_evidence,0,consumer set is not exhaustively bounded
15,14,1316 1317 1318 1319,,0,,0,0,0,,0,,unknown_no_text_evidence,0,consumer set is not exhaustively bounded
15,15,1320 1321 1322 1323,,0,,0,30,0,,0,,unknown_no_text_evidence,0,consumer set is not exhaustively bounded
15,16,1324 1325 1326 1327,,0,,0,1,0,,0,,unknown_no_text_evidence,0,consumer set is not exhaustively bounded
15,17,1328 1329 1330 1331,,0,,0,5,0,,0,,unknown_no_text_evidence,0,consumer set is not exhaustively bounded
15,18,1332 1333 1334 1335,,0,,0,0,0,,0,,unknown_no_text_evidence,0,consumer set is not exhaustively bounded
15,19,1336 1337 1338 1339,,0,,0,2,0,,0,,unknown_no_text_evidence,0,consumer set is not exhaustively bounded
15,20,1340 1341 1342 1343,,0,,0,5,0,,0,,unknown_no_text_evidence,0,consumer set is not exhaustively bounded
16,0,1344 1345 1346 1347,,0,,0,0,0,,0,,unknown_no_text_evidence,0,consumer set is not exhaustively bounded
16,1,1348 1349 1350 1351,,0,,0,0,0,,0,,unknown_no_text_evidence,0,consumer set is not exhaustively bounded
16,2,1352 1353 1354 1355,,0,,0,2,0,,0,,unknown_no_text_evidence,0,consumer set is not exhaustively bounded
16,3,1356 1357 1358 1359,,0,,0,2,0,,0,,unknown_no_text_evidence,0,consumer set is not exhaustively bounded
16,4,1360 1361 1362 1363,,0,,0,3,0,,0,,unknown_no_text_evidence,0,consumer set is not exhaustively bounded
16,5,1364 1365 1366 1367,,0,,0,1,0,,0,,unknown_no_text_evidence,0,consumer set is not exhaustively bounded
16,6,1368 1369 1370 1371,,0,1,7,0,0,,0,,unknown_no_text_evidence,0,consumer set is not exhaustively bounded
16,7,1372 1373 1374 1375,,0,,0,0,0,,0,,unknown_no_text_evidence,0,consumer set is not exhaustively bounded
16,8,1376 1377 1378 1379,,0,,0,1,0,,0,,unknown_no_text_evidence,0,consumer set is not exhaustively bounded
16,9,1380 1381 1382 1383,,0,,0,9,0,,0,,unknown_no_text_evidence,0,consumer set is not exhaustively bounded
16,10,1384 1385 1386 1387,,0,,0,6,0,,0,,unknown_no_text_evidence,0,consumer set is not exhaustively bounded
16,11,1388 1389 1390 1391,,0,,0,1,0,,0,,unknown_no_text_evidence,0,consumer set is not exhaustively bounded
16,12,1392 1393 1394 1395,,0,,0,15,0,,0,,unknown_no_text_evidence,0,consumer set is not exhaustively bounded
16,13,1396 1397 1398 1399,,0,,0,1,0,,0,,unknown_no_text_evidence,0,consumer set is not exhaustively bounded
16,14,1400 1401 1402 1403,,0,,0,7,0,,0,,unknown_no_text_evidence,0,consumer set is not exhaustively bounded
16,15,1404 1405 1406 1407,,0,,0,6,0,,0,,unknown_no_text_evidence,0,consumer set is not exhaustively bounded
16,16,1408 1409 1410 1411,,0,,0,1,0,,0,,unknown_no_text_evidence,0,consumer set is not exhaustively bounded
16,17,1412 1413 1414 1415,,0,,0,1,0,,0,,unknown_no_text_evidence,0,consumer set is not exhaustively bounded
16,18,1416 1417 1418 1419,,0,,0,7,0,,0,,unknown_no_text_evidence,0,consumer set is not exhaustively bounded
16,19,1420 1421 1422 1423,,0,0,39,0,0,,0,,unknown_no_text_evidence,0,consumer set is not exhaustively bounded
16,20,1424 1425 1426 1427,,0,,0,2,0,,0,,unknown_no_text_evidence,0,consumer set is not exhaustively bounded
17,0,1428 1429 1430 1431,,0,1 2 3,93,1,0,,0,궤슨얻,unknown_no_text_evidence,0,consumer set is not exhaustively bounded
17,1,1432 1433 1434 1435,,0,0 1 2 3,117,1,0,,0,갈개더빌,unknown_no_text_evidence,0,consumer set is not exhaustively bounded
17,2,1436 1437 1438 1439,,0,0 1 2,86,0,0,,0,겐론앗,unknown_no_text_evidence,0,consumer set is not exhaustively bounded
17,3,1440 1441 1442 1443,,0,0 1 2 3,97,1,0,,0,돼른맞차,unknown_no_text_evidence,0,consumer set is not exhaustively bounded
17,4,1444 1445 1446 1447,,0,0 1 3,74,2,0,,0,맡빛임,unknown_no_text_evidence,0,consumer set is not exhaustively bounded
17,5,1448 1449 1450 1451,,0,0 1 2 3,91,0,0,,0,련몰켜함,unknown_no_text_evidence,0,consumer set is not exhaustively bounded
17,6,1452 1453 1454 1455,,0,0 1 2 3,87,0,0,,0,디린릴뿐,unknown_no_text_evidence,0,consumer set is not exhaustively bounded
17,7,1456 1457 1458 1459,,0,1 2 3,64,0,0,,0,멸절탄,unknown_no_text_evidence,0,consumer set is not exhaustively bounded
17,8,1460 1461 1462 1463,,0,0 1 2 3,72,0,0,,0,관능떠집,unknown_no_text_evidence,0,consumer set is not exhaustively bounded
17,9,1464 1465 1466 1467,,0,0 1 2 3,79,2,0,,0,꾸술욕쳐,unknown_no_text_evidence,0,consumer set is not exhaustively bounded
17,10,1468 1469 1470 1471,,0,0 1 2 3,59,0,0,,0,겁셋케항,unknown_no_text_evidence,0,consumer set is not exhaustively bounded
17,11,1472 1473 1474 1475,,0,0 1 2 3,74,0,0,,0,뭔벨클톨,unknown_no_text_evidence,0,consumer set is not exhaustively bounded
17,12,1476 1477 1478 1479,,0,0 1 2 3,70,0,0,,0,넘됐별커,unknown_no_text_evidence,0,consumer set is not exhaustively bounded
17,13,1480 1481 1482 1483,,0,,0,29,0,,0,,unknown_no_text_evidence,0,consumer set is not exhaustively bounded
17,14,1484 1485 1486 1487,,0,,0,2,0,,0,,unknown_no_text_evidence,0,consumer set is not exhaustively bounded
17,15,1488 1489 1490 1491,,0,,0,1,0,,0,,unknown_no_text_evidence,0,consumer set is not exhaustively bounded
17,16,1492 1493 1494 1495,,0,,0,0,0,,0,,unknown_no_text_evidence,0,consumer set is not exhaustively bounded
17,17,1496 1497 1498 1499,,0,,0,4,0,,0,,unknown_no_text_evidence,0,consumer set is not exhaustively bounded
17,18,1500 1501 1502 1503,,0,,0,0,0,,0,,unknown_no_text_evidence,0,consumer set is not exhaustively bounded
17,19,1504 1505 1506 1507,,0,,0,0,0,,0,,unknown_no_text_evidence,0,consumer set is not exhaustively bounded
17,20,1508 1509 1510 1511,,0,,0,1,0,,0,,unknown_no_text_evidence,0,consumer set is not exhaustively bounded
18,0,1512 1513 1514 1515,,0,,0,1,1555,HASH-12BD1585B27C0E7E_resume.sav HASH-173A20935C195812_1.sav HASH-173A20935C195812_resume.sav HASH-17493FFCCFAA8DB8_1.sav HASH-17493FFCCFAA8DB8_resume.sav HASH-1820FA8E2030B89F_1.sav HASH-1820FA8E2030B89F_2.sav HASH-1820FA8E2030B89F_resume.sav HASH-244AAEDCE95C4ACA_2.sav HASH-244AAEDCE95C4ACA_3.sav HASH-244AAEDCE95C4ACA_4.sav HASH-244AAEDCE95C4ACA_5.sav HASH-244AAEDCE95C4ACA_resume.sav HASH-24C179AA0A196FA8_1.sav HASH-24C179AA0A196FA8_2.sav HASH-24C179AA0A196FA8_3.sav HASH-24C179AA0A196FA8_resume.sav HASH-29EFD29BD74A5AE5_1.sav HASH-29EFD29BD74A5AE5_2.sav HASH-29EFD29BD74A5AE5_3.sav HASH-29EFD29BD74A5AE5_4.sav HASH-29EFD29BD74A5AE5_5.sav HASH-29EFD29BD74A5AE5_6.sav HASH-29EFD29BD74A5AE5_resume.sav HASH-2AEFB45E609D739C_1.sav HASH-2AEFB45E609D739C_resume.sav HASH-2BA5158819E37714_1.sav HASH-2BA5158819E37714_2.sav HASH-2BA5158819E37714_3.sav HASH-2BA5158819E37714_4.sav HASH-2BA5158819E37714_5.sav HASH-2BA5158819E37714_resume.sav HASH-2C8AA6888201A932_1.sav HASH-30502498B39014FB_resume.sav HASH-31AE820EA250BDE2_1.sav HASH-31AE820EA250BDE2_resume.sav HASH-340476B50F5F94CD_1.sav HASH-340476B50F5F94CD_2.sav HASH-340476B50F5F94CD_3.sav HASH-340476B50F5F94CD_5.sav HASH-340476B50F5F94CD_6.sav HASH-340476B50F5F94CD_7.sav HASH-340476B50F5F94CD_8.sav HASH-340476B50F5F94CD_resume.sav HASH-358B87AC2668840B_1.sav HASH-358B87AC2668840B_2.sav HASH-358B87AC2668840B_3.sav HASH-358B87AC2668840B_4.sav HASH-358B87AC2668840B_5.sav HASH-358B87AC2668840B_6.sav HASH-358B87AC2668840B_7.sav HASH-358B87AC2668840B_8.sav HASH-358B87AC2668840B_resume.sav HASH-36A4D7BFEE911E0C_1.sav HASH-36A4D7BFEE911E0C_2.sav HASH-36A4D7BFEE911E0C_3.sav HASH-36A4D7BFEE911E0C_5.sav HASH-36A4D7BFEE911E0C_6.sav HASH-36A4D7BFEE911E0C_resume.sav HASH-39247B554F59E6EC_resume.sav HASH-3B7F976560A27417_2.sav HASH-3B7F976560A27417_resume.sav HASH-3B937440782FA793_1.sav HASH-3B937440782FA793_2.sav HASH-3B937440782FA793_3.sav HASH-3B937440782FA793_resume.sav HASH-3E7AE54B97E5181C_resume.sav HASH-3ED18AE11E44EAC7_resume.sav HASH-3FFDC0534640A0C9_2.sav HASH-3FFDC0534640A0C9_3.sav HASH-3FFDC0534640A0C9_4.sav HASH-3FFDC0534640A0C9_5.sav HASH-3FFDC0534640A0C9_6.sav HASH-3FFDC0534640A0C9_resume.sav HASH-4A70D1E48923C079_1.sav HASH-4A70D1E48923C079_2.sav HASH-4B50418301780DB_1.sav HASH-4B50418301780DB_3.sav HASH-4B50418301780DB_4.sav HASH-4B50418301780DB_5.sav HASH-4B50418301780DB_6.sav HASH-4B50418301780DB_7.sav HASH-4B50418301780DB_8.sav HASH-4B50418301780DB_9.sav HASH-4B50418301780DB_resume.sav HASH-4F5ECA8C927BC50D_1.sav HASH-4F5ECA8C927BC50D_2.sav HASH-4F5ECA8C927BC50D_resume.sav HASH-501772FC819C553E_resume.sav HASH-5B42E6E2F7D4A581_1.sav HASH-5B42E6E2F7D4A581_2.sav HASH-5B42E6E2F7D4A581_3.sav HASH-5B42E6E2F7D4A581_resume.sav HASH-5B7D4D6CC70A365C_1.sav HASH-5B7D4D6CC70A365C_2.sav HASH-5B7D4D6CC70A365C_3.sav HASH-5B7D4D6CC70A365C_4.sav HASH-5B7D4D6CC70A365C_5.sav HASH-5B7D4D6CC70A365C_6.sav HASH-5B7D4D6CC70A365C_resume.sav HASH-5BBE776656FD02D7_10.sav HASH-5BBE776656FD02D7_2.sav HASH-5BBE776656FD02D7_3.sav HASH-5BBE776656FD02D7_4.sav HASH-5BBE776656FD02D7_5.sav HASH-5BBE776656FD02D7_6.sav HASH-5BBE776656FD02D7_7.sav HASH-5BBE776656FD02D7_8.sav HASH-5BBE776656FD02D7_9.sav HASH-660550AF1F902161_resume.sav HASH-6615F3E00CA7CACD_resume.sav HASH-7C988D1BAF789746_1.sav HASH-7C988D1BAF789746_2.sav HASH-7C988D1BAF789746_3.sav HASH-7C988D1BAF789746_resume.sav HASH-7F6751B55A942E91_1.sav HASH-7F6751B55A942E91_2.sav HASH-7F6751B55A942E91_3.sav HASH-7F6751B55A942E91_4.sav HASH-7F6751B55A942E91_resume.sav HASH-81EA549C902A8233_1.sav HASH-81EA549C902A8233_resume.sav HASH-835B351840F08C34_1.sav HASH-835B351840F08C34_2.sav HASH-835B351840F08C34_3.sav HASH-835B351840F08C34_4.sav HASH-835B351840F08C34_resume.sav HASH-8679B1C6E71DE51C_1.sav HASH-8679B1C6E71DE51C_2.sav HASH-8679B1C6E71DE51C_resume.sav HASH-896E1422742A9389_1.sav HASH-896E1422742A9389_2.sav HASH-896E1422742A9389_resume.sav HASH-8BDE3D3B81BB8343_3.sav HASH-8BDE3D3B81BB8343_resume.sav HASH-8C23CC5A882BE421_1.sav HASH-8C23CC5A882BE421_resume.sav HASH-8EC29F7550AF22E1_resume.sav HASH-93EBD998DE880320_1.sav HASH-93EBD998DE880320_2.sav HASH-93EBD998DE880320_3.sav HASH-93EBD998DE880320_4.sav HASH-93EBD998DE880320_5.sav HASH-93EBD998DE880320_6.sav HASH-94BB56BF6BC48E89_1.sav HASH-94BB56BF6BC48E89_2.sav HASH-94BB56BF6BC48E89_resume.sav HASH-96A09AA84469A1A6_1.sav HASH-96A09AA84469A1A6_2.sav HASH-96A09AA84469A1A6_3.sav HASH-96A09AA84469A1A6_4.sav HASH-96A09AA84469A1A6_5.sav HASH-96A09AA84469A1A6_resume.sav HASH-975E4D6319103418_resume.sav HASH-9C791F6466AF1DFA_1.sav HASH-9C791F6466AF1DFA_resume.sav HASH-A54E58096FC7ACD_1.sav HASH-A54E58096FC7ACD_resume.sav HASH-AC09FFC1FA717841_resume.sav HASH-B956EB79BA7801D1_1.sav HASH-B956EB79BA7801D1_2.sav HASH-B956EB79BA7801D1_3.sav HASH-B956EB79BA7801D1_4.sav HASH-B956EB79BA7801D1_5.sav HASH-B956EB79BA7801D1_6.sav HASH-B956EB79BA7801D1_7.sav HASH-BCDFD43E492EB996_1.sav HASH-BCDFD43E492EB996_resume.sav HASH-C3CB4AF2CA2A0162_1.sav HASH-C3CB4AF2CA2A0162_2.sav HASH-C3CB4AF2CA2A0162_resume.sav HASH-C89A37DB904675D1_resume.sav HASH-CAA521161EBF5AAC_2.sav HASH-CAA521161EBF5AAC_3.sav HASH-CAA521161EBF5AAC_4.sav HASH-CAA521161EBF5AAC_5.sav HASH-CAA521161EBF5AAC_6.sav HASH-CAA521161EBF5AAC_7.sav HASH-CAA521161EBF5AAC_8.sav HASH-CAA521161EBF5AAC_resume.sav HASH-D057AE94B060E34C_1.sav HASH-D057AE94B060E34C_2.sav HASH-D057AE94B060E34C_resume.sav HASH-D0D35C3AE69BF236_1.sav HASH-D0D35C3AE69BF236_resume.sav HASH-D4B9B4A1E9860C0A_1.sav HASH-D4B9B4A1E9860C0A_2.sav HASH-D4B9B4A1E9860C0A_resume.sav HASH-DE2D9449B487CDF9_1.sav HASH-DE2D9449B487CDF9_2.sav HASH-DE2D9449B487CDF9_3.sav HASH-DE2D9449B487CDF9_4.sav HASH-DE2D9449B487CDF9_5.sav HASH-DE2D9449B487CDF9_6.sav HASH-DE2D9449B487CDF9_7.sav HASH-DF22979C4D8DD12D_1.sav HASH-DF22979C4D8DD12D_2.sav HASH-DF22979C4D8DD12D_3.sav HASH-DF22979C4D8DD12D_4.sav HASH-DF22979C4D8DD12D_5.sav HASH-DF22979C4D8DD12D_6.sav HASH-DF22979C4D8DD12D_7.sav HASH-DF22979C4D8DD12D_resume.sav HASH-DF4A25F86397969D_resume.sav HASH-E8C8C4E642CBDB4D_1.sav HASH-E8C8C4E642CBDB4D_resume.sav HASH-ED102BDF40D4529_resume.sav HASH-F426FCFED7706537_resume.sav HASH-FAFC77B9D472EFCF_1.sav HASH-FAFC77B9D472EFCF_resume.sav HASH-FE27CFD4E73EF39_1.sav HASH-FE27CFD4E73EF39_2.sav HASH-FE27CFD4E73EF39_3.sav HASH-FE27CFD4E73EF39_4.sav HASH-FE27CFD4E73EF39_5.sav HASH-FE27CFD4E73EF39_6.sav HASH-FE27CFD4E73EF39_resume.sav HASH-FF95219BECFFC579_resume.sav,0,,rejected_known_nontext,0,known non-text consumer
18,1,1516 1517 1518 1519,,0,,0,11,1556,HASH-12BD1585B27C0E7E_resume.sav HASH-173A20935C195812_1.sav HASH-173A20935C195812_resume.sav HASH-17493FFCCFAA8DB8_1.sav HASH-17493FFCCFAA8DB8_resume.sav HASH-1820FA8E2030B89F_1.sav HASH-1820FA8E2030B89F_2.sav HASH-1820FA8E2030B89F_resume.sav HASH-244AAEDCE95C4ACA_2.sav HASH-244AAEDCE95C4ACA_3.sav HASH-244AAEDCE95C4ACA_4.sav HASH-244AAEDCE95C4ACA_5.sav HASH-244AAEDCE95C4ACA_resume.sav HASH-24C179AA0A196FA8_1.sav HASH-24C179AA0A196FA8_2.sav HASH-24C179AA0A196FA8_3.sav HASH-24C179AA0A196FA8_resume.sav HASH-29EFD29BD74A5AE5_1.sav HASH-29EFD29BD74A5AE5_2.sav HASH-29EFD29BD74A5AE5_3.sav HASH-29EFD29BD74A5AE5_4.sav HASH-29EFD29BD74A5AE5_5.sav HASH-29EFD29BD74A5AE5_6.sav HASH-29EFD29BD74A5AE5_resume.sav HASH-2AEFB45E609D739C_1.sav HASH-2AEFB45E609D739C_resume.sav HASH-2BA5158819E37714_1.sav HASH-2BA5158819E37714_2.sav HASH-2BA5158819E37714_3.sav HASH-2BA5158819E37714_4.sav HASH-2BA5158819E37714_5.sav HASH-2BA5158819E37714_resume.sav HASH-2C8AA6888201A932_1.sav HASH-30502498B39014FB_resume.sav HASH-31AE820EA250BDE2_1.sav HASH-31AE820EA250BDE2_resume.sav HASH-340476B50F5F94CD_1.sav HASH-340476B50F5F94CD_2.sav HASH-340476B50F5F94CD_3.sav HASH-340476B50F5F94CD_5.sav HASH-340476B50F5F94CD_6.sav HASH-340476B50F5F94CD_7.sav HASH-340476B50F5F94CD_8.sav HASH-340476B50F5F94CD_resume.sav HASH-358B87AC2668840B_1.sav HASH-358B87AC2668840B_2.sav HASH-358B87AC2668840B_3.sav HASH-358B87AC2668840B_4.sav HASH-358B87AC2668840B_5.sav HASH-358B87AC2668840B_6.sav HASH-358B87AC2668840B_7.sav HASH-358B87AC2668840B_8.sav HASH-358B87AC2668840B_resume.sav HASH-36A4D7BFEE911E0C_1.sav HASH-36A4D7BFEE911E0C_2.sav HASH-36A4D7BFEE911E0C_3.sav HASH-36A4D7BFEE911E0C_5.sav HASH-36A4D7BFEE911E0C_6.sav HASH-36A4D7BFEE911E0C_resume.sav HASH-39247B554F59E6EC_resume.sav HASH-3B7F976560A27417_2.sav HASH-3B7F976560A27417_resume.sav HASH-3B937440782FA793_1.sav HASH-3B937440782FA793_2.sav HASH-3B937440782FA793_3.sav HASH-3B937440782FA793_resume.sav HASH-3E7AE54B97E5181C_resume.sav HASH-3ED18AE11E44EAC7_resume.sav HASH-3FFDC0534640A0C9_2.sav HASH-3FFDC0534640A0C9_3.sav HASH-3FFDC0534640A0C9_4.sav HASH-3FFDC0534640A0C9_5.sav HASH-3FFDC0534640A0C9_6.sav HASH-3FFDC0534640A0C9_resume.sav HASH-4A70D1E48923C079_1.sav HASH-4A70D1E48923C079_2.sav HASH-4B50418301780DB_1.sav HASH-4B50418301780DB_3.sav HASH-4B50418301780DB_4.sav HASH-4B50418301780DB_5.sav HASH-4B50418301780DB_6.sav HASH-4B50418301780DB_7.sav HASH-4B50418301780DB_8.sav HASH-4B50418301780DB_9.sav HASH-4B50418301780DB_resume.sav HASH-4F5ECA8C927BC50D_1.sav HASH-4F5ECA8C927BC50D_2.sav HASH-4F5ECA8C927BC50D_resume.sav HASH-501772FC819C553E_resume.sav HASH-5B42E6E2F7D4A581_1.sav HASH-5B42E6E2F7D4A581_2.sav HASH-5B42E6E2F7D4A581_3.sav HASH-5B42E6E2F7D4A581_resume.sav HASH-5B7D4D6CC70A365C_1.sav HASH-5B7D4D6CC70A365C_2.sav HASH-5B7D4D6CC70A365C_3.sav HASH-5B7D4D6CC70A365C_4.sav HASH-5B7D4D6CC70A365C_5.sav HASH-5B7D4D6CC70A365C_6.sav HASH-5B7D4D6CC70A365C_resume.sav HASH-5BBE776656FD02D7_10.sav HASH-5BBE776656FD02D7_2.sav HASH-5BBE776656FD02D7_3.sav HASH-5BBE776656FD02D7_4.sav HASH-5BBE776656FD02D7_5.sav HASH-5BBE776656FD02D7_6.sav HASH-5BBE776656FD02D7_7.sav HASH-5BBE776656FD02D7_8.sav HASH-5BBE776656FD02D7_9.sav HASH-660550AF1F902161_resume.sav HASH-6615F3E00CA7CACD_resume.sav HASH-7C988D1BAF789746_1.sav HASH-7C988D1BAF789746_2.sav HASH-7C988D1BAF789746_3.sav HASH-7C988D1BAF789746_resume.sav HASH-7F6751B55A942E91_1.sav HASH-7F6751B55A942E91_2.sav HASH-7F6751B55A942E91_3.sav HASH-7F6751B55A942E91_4.sav HASH-7F6751B55A942E91_resume.sav HASH-81EA549C902A8233_1.sav HASH-81EA549C902A8233_resume.sav HASH-835B351840F08C34_1.sav HASH-835B351840F08C34_2.sav HASH-835B351840F08C34_3.sav HASH-835B351840F08C34_4.sav HASH-835B351840F08C34_resume.sav HASH-8679B1C6E71DE51C_1.sav HASH-8679B1C6E71DE51C_2.sav HASH-8679B1C6E71DE51C_resume.sav HASH-896E1422742A9389_1.sav HASH-896E1422742A9389_2.sav HASH-896E1422742A9389_resume.sav HASH-8BDE3D3B81BB8343_3.sav HASH-8BDE3D3B81BB8343_resume.sav HASH-8C23CC5A882BE421_1.sav HASH-8C23CC5A882BE421_resume.sav HASH-8EC29F7550AF22E1_resume.sav HASH-93EBD998DE880320_1.sav HASH-93EBD998DE880320_2.sav HASH-93EBD998DE880320_3.sav HASH-93EBD998DE880320_4.sav HASH-93EBD998DE880320_5.sav HASH-93EBD998DE880320_6.sav HASH-94BB56BF6BC48E89_1.sav HASH-94BB56BF6BC48E89_2.sav HASH-94BB56BF6BC48E89_resume.sav HASH-96A09AA84469A1A6_1.sav HASH-96A09AA84469A1A6_2.sav HASH-96A09AA84469A1A6_3.sav HASH-96A09AA84469A1A6_4.sav HASH-96A09AA84469A1A6_5.sav HASH-96A09AA84469A1A6_resume.sav HASH-975E4D6319103418_resume.sav HASH-9C791F6466AF1DFA_1.sav HASH-9C791F6466AF1DFA_resume.sav HASH-A54E58096FC7ACD_1.sav HASH-A54E58096FC7ACD_resume.sav HASH-AC09FFC1FA717841_resume.sav HASH-B956EB79BA7801D1_1.sav HASH-B956EB79BA7801D1_2.sav HASH-B956EB79BA7801D1_3.sav HASH-B956EB79BA7801D1_4.sav HASH-B956EB79BA7801D1_5.sav HASH-B956EB79BA7801D1_6.sav HASH-B956EB79BA7801D1_7.sav HASH-BCDFD43E492EB996_1.sav HASH-BCDFD43E492EB996_resume.sav HASH-C3CB4AF2CA2A0162_1.sav HASH-C3CB4AF2CA2A0162_2.sav HASH-C3CB4AF2CA2A0162_resume.sav HASH-C89A37DB904675D1_resume.sav HASH-CAA521161EBF5AAC_2.sav HASH-CAA521161EBF5AAC_3.sav HASH-CAA521161EBF5AAC_4.sav HASH-CAA521161EBF5AAC_5.sav HASH-CAA521161EBF5AAC_6.sav HASH-CAA521161EBF5AAC_7.sav HASH-CAA521161EBF5AAC_8.sav HASH-CAA521161EBF5AAC_resume.sav HASH-D057AE94B060E34C_1.sav HASH-D057AE94B060E34C_2.sav HASH-D057AE94B060E34C_resume.sav HASH-D0D35C3AE69BF236_1.sav HASH-D0D35C3AE69BF236_resume.sav HASH-D4B9B4A1E9860C0A_1.sav HASH-D4B9B4A1E9860C0A_2.sav HASH-D4B9B4A1E9860C0A_resume.sav HASH-DE2D9449B487CDF9_1.sav HASH-DE2D9449B487CDF9_2.sav HASH-DE2D9449B487CDF9_3.sav HASH-DE2D9449B487CDF9_4.sav HASH-DE2D9449B487CDF9_5.sav HASH-DE2D9449B487CDF9_6.sav HASH-DE2D9449B487CDF9_7.sav HASH-DF22979C4D8DD12D_1.sav HASH-DF22979C4D8DD12D_2.sav HASH-DF22979C4D8DD12D_3.sav HASH-DF22979C4D8DD12D_4.sav HASH-DF22979C4D8DD12D_5.sav HASH-DF22979C4D8DD12D_6.sav HASH-DF22979C4D8DD12D_7.sav HASH-DF22979C4D8DD12D_resume.sav HASH-DF4A25F86397969D_resume.sav HASH-E8C8C4E642CBDB4D_1.sav HASH-E8C8C4E642CBDB4D_resume.sav HASH-ED102BDF40D4529_resume.sav HASH-F426FCFED7706537_resume.sav HASH-FAFC77B9D472EFCF_1.sav HASH-FAFC77B9D472EFCF_resume.sav HASH-FE27CFD4E73EF39_1.sav HASH-FE27CFD4E73EF39_2.sav HASH-FE27CFD4E73EF39_3.sav HASH-FE27CFD4E73EF39_4.sav HASH-FE27CFD4E73EF39_5.sav HASH-FE27CFD4E73EF39_6.sav HASH-FE27CFD4E73EF39_resume.sav HASH-FF95219BECFFC579_resume.sav,0,,rejected_known_nontext,0,known non-text consumer
18,2,1520 1521 1522 1523,,0,,0,10,32,HASH-1820FA8E2030B89F_1.sav HASH-1820FA8E2030B89F_2.sav HASH-1820FA8E2030B89F_resume.sav HASH-29EFD29BD74A5AE5_5.sav HASH-29EFD29BD74A5AE5_6.sav HASH-29EFD29BD74A5AE5_resume.sav HASH-340476B50F5F94CD_1.sav HASH-340476B50F5F94CD_2.sav HASH-340476B50F5F94CD_3.sav HASH-3B937440782FA793_1.sav HASH-4B50418301780DB_8.sav HASH-4F5ECA8C927BC50D_1.sav HASH-5B7D4D6CC70A365C_6.sav HASH-7F6751B55A942E91_1.sav HASH-7F6751B55A942E91_4.sav HASH-7F6751B55A942E91_resume.sav HASH-93EBD998DE880320_3.sav HASH-93EBD998DE880320_4.sav HASH-96A09AA84469A1A6_5.sav HASH-96A09AA84469A1A6_resume.sav HASH-975E4D6319103418_resume.sav HASH-AC09FFC1FA717841_resume.sav HASH-C3CB4AF2CA2A0162_1.sav HASH-C3CB4AF2CA2A0162_2.sav HASH-C3CB4AF2CA2A0162_resume.sav HASH-CAA521161EBF5AAC_6.sav HASH-DE2D9449B487CDF9_3.sav HASH-FE27CFD4E73EF39_4.sav HASH-FE27CFD4E73EF39_5.sav HASH-FE27CFD4E73EF39_6.sav HASH-FE27CFD4E73EF39_resume.sav,0,,rejected_known_nontext,0,known non-text consumer
18,3,1524 1525 1526 1527,,0,,0,0,31,HASH-1820FA8E2030B89F_1.sav HASH-1820FA8E2030B89F_2.sav HASH-1820FA8E2030B89F_resume.sav HASH-29EFD29BD74A5AE5_5.sav HASH-29EFD29BD74A5AE5_6.sav HASH-29EFD29BD74A5AE5_resume.sav HASH-340476B50F5F94CD_1.sav HASH-340476B50F5F94CD_2.sav HASH-340476B50F5F94CD_3.sav HASH-3B937440782FA793_1.sav HASH-4B50418301780DB_8.sav HASH-4F5ECA8C927BC50D_1.sav HASH-5B7D4D6CC70A365C_6.sav HASH-7F6751B55A942E91_1.sav HASH-7F6751B55A942E91_4.sav HASH-7F6751B55A942E91_resume.sav HASH-93EBD998DE880320_3.sav HASH-93EBD998DE880320_4.sav HASH-96A09AA84469A1A6_5.sav HASH-96A09AA84469A1A6_resume.sav HASH-975E4D6319103418_resume.sav HASH-AC09FFC1FA717841_resume.sav HASH-C3CB4AF2CA2A0162_1.sav HASH-C3CB4AF2CA2A0162_2.sav HASH-C3CB4AF2CA2A0162_resume.sav HASH-DE2D9449B487CDF9_3.sav HASH-FE27CFD4E73EF39_4.sav HASH-FE27CFD4E73EF39_5.sav HASH-FE27CFD4E73EF39_6.sav HASH-FE27CFD4E73EF39_resume.sav,0,,rejected_known_nontext,0,known non-text consumer
18,4,1528 1529 1530 1531,,0,,0,2,31,HASH-1820FA8E2030B89F_1.sav HASH-1820FA8E2030B89F_2.sav HASH-1820FA8E2030B89F_resume.sav HASH-29EFD29BD74A5AE5_5.sav HASH-29EFD29BD74A5AE5_6.sav HASH-29EFD29BD74A5AE5_resume.sav HASH-340476B50F5F94CD_1.sav HASH-340476B50F5F94CD_2.sav HASH-340476B50F5F94CD_3.sav HASH-3B937440782FA793_1.sav HASH-4B50418301780DB_8.sav HASH-4F5ECA8C927BC50D_1.sav HASH-5B7D4D6CC70A365C_6.sav HASH-7F6751B55A942E91_1.sav HASH-7F6751B55A942E91_4.sav HASH-7F6751B55A942E91_resume.sav HASH-93EBD998DE880320_3.sav HASH-93EBD998DE880320_4.sav HASH-96A09AA84469A1A6_5.sav HASH-96A09AA84469A1A6_resume.sav HASH-975E4D6319103418_resume.sav HASH-AC09FFC1FA717841_resume.sav HASH-C3CB4AF2CA2A0162_1.sav HASH-C3CB4AF2CA2A0162_2.sav HASH-C3CB4AF2CA2A0162_resume.sav HASH-DE2D9449B487CDF9_3.sav HASH-FE27CFD4E73EF39_4.sav HASH-FE27CFD4E73EF39_5.sav HASH-FE27CFD4E73EF39_6.sav HASH-FE27CFD4E73EF39_resume.sav,0,,rejected_known_nontext,0,known non-text consumer
18,5,1532 1533 1534 1535,,0,,0,0,0,,0,,unknown_no_text_evidence,0,consumer set is not exhaustively bounded
18,6,1536 1537 1538 1539,,0,,0,0,0,,0,,unknown_no_text_evidence,0,consumer set is not exhaustively bounded
18,7,1540 1541 1542 1543,,0,,0,0,0,,0,,unknown_no_text_evidence,0,consumer set is not exhaustively bounded
18,8,1544 1545 1546 1547,,0,,0,0,0,,0,,unknown_no_text_evidence,0,consumer set is not exhaustively bounded
18,9,1548 1549 1550 1551,,0,,0,0,0,,0,,unknown_no_text_evidence,0,consumer set is not exhaustively bounded
18,10,1552 1553 1554 1555,,0,,0,0,0,,0,,unknown_no_text_evidence,0,consumer set is not exhaustively bounded
18,11,1556 1557 1558 1559,,0,,0,0,0,,0,,unknown_no_text_evidence,0,consumer set is not exhaustively bounded
18,12,1560 1561 1562 1563,,0,,0,0,0,,0,,unknown_no_text_evidence,0,consumer set is not exhaustively bounded
18,13,1564 1565 1566 1567,,0,,0,0,0,,0,,unknown_no_text_evidence,0,consumer set is not exhaustively bounded
18,14,1568 1569 1570 1571,,0,,0,0,0,,0,,unknown_no_text_evidence,0,consumer set is not exhaustively bounded
18,15,1572 1573 1574 1575,,0,,0,7,0,,0,,unknown_no_text_evidence,0,consumer set is not exhaustively bounded
18,16,1576 1577 1578 1579,,0,,0,7,0,,0,,unknown_no_text_evidence,0,consumer set is not exhaustively bounded
18,17,1580 1581 1582 1583,,0,,0,10,0,,0,,unknown_no_text_evidence,0,consumer set is not exhaustively bounded
18,18,1584 1585 1586 1587,,0,,0,0,0,,0,,unknown_no_text_evidence,0,consumer set is not exhaustively bounded
18,19,1588 1589 1590 1591,,0,,0,0,0,,0,,unknown_no_text_evidence,0,consumer set is not exhaustively bounded
18,20,1592 1593 1594 1595,,0,,0,1,0,,0,,unknown_no_text_evidence,0,consumer set is not exhaustively bounded
19,0,1596 1597 1598 1599,,0,,0,0,1555,HASH-12BD1585B27C0E7E_resume.sav HASH-173A20935C195812_1.sav HASH-173A20935C195812_resume.sav HASH-17493FFCCFAA8DB8_1.sav HASH-17493FFCCFAA8DB8_resume.sav HASH-1820FA8E2030B89F_1.sav HASH-1820FA8E2030B89F_2.sav HASH-1820FA8E2030B89F_resume.sav HASH-244AAEDCE95C4ACA_2.sav HASH-244AAEDCE95C4ACA_3.sav HASH-244AAEDCE95C4ACA_4.sav HASH-244AAEDCE95C4ACA_5.sav HASH-244AAEDCE95C4ACA_resume.sav HASH-24C179AA0A196FA8_1.sav HASH-24C179AA0A196FA8_2.sav HASH-24C179AA0A196FA8_3.sav HASH-24C179AA0A196FA8_resume.sav HASH-29EFD29BD74A5AE5_1.sav HASH-29EFD29BD74A5AE5_2.sav HASH-29EFD29BD74A5AE5_3.sav HASH-29EFD29BD74A5AE5_4.sav HASH-29EFD29BD74A5AE5_5.sav HASH-29EFD29BD74A5AE5_6.sav HASH-29EFD29BD74A5AE5_resume.sav HASH-2AEFB45E609D739C_1.sav HASH-2AEFB45E609D739C_resume.sav HASH-2BA5158819E37714_1.sav HASH-2BA5158819E37714_2.sav HASH-2BA5158819E37714_3.sav HASH-2BA5158819E37714_4.sav HASH-2BA5158819E37714_5.sav HASH-2BA5158819E37714_resume.sav HASH-2C8AA6888201A932_1.sav HASH-30502498B39014FB_resume.sav HASH-31AE820EA250BDE2_1.sav HASH-31AE820EA250BDE2_resume.sav HASH-340476B50F5F94CD_1.sav HASH-340476B50F5F94CD_2.sav HASH-340476B50F5F94CD_3.sav HASH-340476B50F5F94CD_5.sav HASH-340476B50F5F94CD_6.sav HASH-340476B50F5F94CD_7.sav HASH-340476B50F5F94CD_8.sav HASH-340476B50F5F94CD_resume.sav HASH-358B87AC2668840B_1.sav HASH-358B87AC2668840B_2.sav HASH-358B87AC2668840B_3.sav HASH-358B87AC2668840B_4.sav HASH-358B87AC2668840B_5.sav HASH-358B87AC2668840B_6.sav HASH-358B87AC2668840B_7.sav HASH-358B87AC2668840B_8.sav HASH-358B87AC2668840B_resume.sav HASH-36A4D7BFEE911E0C_1.sav HASH-36A4D7BFEE911E0C_2.sav HASH-36A4D7BFEE911E0C_3.sav HASH-36A4D7BFEE911E0C_5.sav HASH-36A4D7BFEE911E0C_6.sav HASH-36A4D7BFEE911E0C_resume.sav HASH-39247B554F59E6EC_resume.sav HASH-3B7F976560A27417_2.sav HASH-3B7F976560A27417_resume.sav HASH-3B937440782FA793_1.sav HASH-3B937440782FA793_2.sav HASH-3B937440782FA793_3.sav HASH-3B937440782FA793_resume.sav HASH-3E7AE54B97E5181C_resume.sav HASH-3ED18AE11E44EAC7_resume.sav HASH-3FFDC0534640A0C9_2.sav HASH-3FFDC0534640A0C9_3.sav HASH-3FFDC0534640A0C9_4.sav HASH-3FFDC0534640A0C9_5.sav HASH-3FFDC0534640A0C9_6.sav HASH-3FFDC0534640A0C9_resume.sav HASH-4A70D1E48923C079_1.sav HASH-4A70D1E48923C079_2.sav HASH-4B50418301780DB_1.sav HASH-4B50418301780DB_3.sav HASH-4B50418301780DB_4.sav HASH-4B50418301780DB_5.sav HASH-4B50418301780DB_6.sav HASH-4B50418301780DB_7.sav HASH-4B50418301780DB_8.sav HASH-4B50418301780DB_9.sav HASH-4B50418301780DB_resume.sav HASH-4F5ECA8C927BC50D_1.sav HASH-4F5ECA8C927BC50D_2.sav HASH-4F5ECA8C927BC50D_resume.sav HASH-501772FC819C553E_resume.sav HASH-5B42E6E2F7D4A581_1.sav HASH-5B42E6E2F7D4A581_2.sav HASH-5B42E6E2F7D4A581_3.sav HASH-5B42E6E2F7D4A581_resume.sav HASH-5B7D4D6CC70A365C_1.sav HASH-5B7D4D6CC70A365C_2.sav HASH-5B7D4D6CC70A365C_3.sav HASH-5B7D4D6CC70A365C_4.sav HASH-5B7D4D6CC70A365C_5.sav HASH-5B7D4D6CC70A365C_6.sav HASH-5B7D4D6CC70A365C_resume.sav HASH-5BBE776656FD02D7_10.sav HASH-5BBE776656FD02D7_2.sav HASH-5BBE776656FD02D7_3.sav HASH-5BBE776656FD02D7_4.sav HASH-5BBE776656FD02D7_5.sav HASH-5BBE776656FD02D7_6.sav HASH-5BBE776656FD02D7_7.sav HASH-5BBE776656FD02D7_8.sav HASH-5BBE776656FD02D7_9.sav HASH-660550AF1F902161_resume.sav HASH-6615F3E00CA7CACD_resume.sav HASH-7C988D1BAF789746_1.sav HASH-7C988D1BAF789746_2.sav HASH-7C988D1BAF789746_3.sav HASH-7C988D1BAF789746_resume.sav HASH-7F6751B55A942E91_1.sav HASH-7F6751B55A942E91_2.sav HASH-7F6751B55A942E91_3.sav HASH-7F6751B55A942E91_4.sav HASH-7F6751B55A942E91_resume.sav HASH-81EA549C902A8233_1.sav HASH-81EA549C902A8233_resume.sav HASH-835B351840F08C34_1.sav HASH-835B351840F08C34_2.sav HASH-835B351840F08C34_3.sav HASH-835B351840F08C34_4.sav HASH-835B351840F08C34_resume.sav HASH-8679B1C6E71DE51C_1.sav HASH-8679B1C6E71DE51C_2.sav HASH-8679B1C6E71DE51C_resume.sav HASH-896E1422742A9389_1.sav HASH-896E1422742A9389_2.sav HASH-896E1422742A9389_resume.sav HASH-8BDE3D3B81BB8343_3.sav HASH-8BDE3D3B81BB8343_resume.sav HASH-8C23CC5A882BE421_1.sav HASH-8C23CC5A882BE421_resume.sav HASH-8EC29F7550AF22E1_resume.sav HASH-93EBD998DE880320_1.sav HASH-93EBD998DE880320_2.sav HASH-93EBD998DE880320_3.sav HASH-93EBD998DE880320_4.sav HASH-93EBD998DE880320_5.sav HASH-93EBD998DE880320_6.sav HASH-94BB56BF6BC48E89_1.sav HASH-94BB56BF6BC48E89_2.sav HASH-94BB56BF6BC48E89_resume.sav HASH-96A09AA84469A1A6_1.sav HASH-96A09AA84469A1A6_2.sav HASH-96A09AA84469A1A6_3.sav HASH-96A09AA84469A1A6_4.sav HASH-96A09AA84469A1A6_5.sav HASH-96A09AA84469A1A6_resume.sav HASH-975E4D6319103418_resume.sav HASH-9C791F6466AF1DFA_1.sav HASH-9C791F6466AF1DFA_resume.sav HASH-A54E58096FC7ACD_1.sav HASH-A54E58096FC7ACD_resume.sav HASH-AC09FFC1FA717841_resume.sav HASH-B956EB79BA7801D1_1.sav HASH-B956EB79BA7801D1_2.sav HASH-B956EB79BA7801D1_3.sav HASH-B956EB79BA7801D1_4.sav HASH-B956EB79BA7801D1_5.sav HASH-B956EB79BA7801D1_6.sav HASH-B956EB79BA7801D1_7.sav HASH-BCDFD43E492EB996_1.sav HASH-BCDFD43E492EB996_resume.sav HASH-C3CB4AF2CA2A0162_1.sav HASH-C3CB4AF2CA2A0162_2.sav HASH-C3CB4AF2CA2A0162_resume.sav HASH-C89A37DB904675D1_resume.sav HASH-CAA521161EBF5AAC_2.sav HASH-CAA521161EBF5AAC_3.sav HASH-CAA521161EBF5AAC_4.sav HASH-CAA521161EBF5AAC_5.sav HASH-CAA521161EBF5AAC_6.sav HASH-CAA521161EBF5AAC_7.sav HASH-CAA521161EBF5AAC_8.sav HASH-CAA521161EBF5AAC_resume.sav HASH-D057AE94B060E34C_1.sav HASH-D057AE94B060E34C_2.sav HASH-D057AE94B060E34C_resume.sav HASH-D0D35C3AE69BF236_1.sav HASH-D0D35C3AE69BF236_resume.sav HASH-D4B9B4A1E9860C0A_1.sav HASH-D4B9B4A1E9860C0A_2.sav HASH-D4B9B4A1E9860C0A_resume.sav HASH-DE2D9449B487CDF9_1.sav HASH-DE2D9449B487CDF9_2.sav HASH-DE2D9449B487CDF9_3.sav HASH-DE2D9449B487CDF9_4.sav HASH-DE2D9449B487CDF9_5.sav HASH-DE2D9449B487CDF9_6.sav HASH-DE2D9449B487CDF9_7.sav HASH-DF22979C4D8DD12D_1.sav HASH-DF22979C4D8DD12D_2.sav HASH-DF22979C4D8DD12D_3.sav HASH-DF22979C4D8DD12D_4.sav HASH-DF22979C4D8DD12D_5.sav HASH-DF22979C4D8DD12D_6.sav HASH-DF22979C4D8DD12D_7.sav HASH-DF22979C4D8DD12D_resume.sav HASH-DF4A25F86397969D_resume.sav HASH-E8C8C4E642CBDB4D_1.sav HASH-E8C8C4E642CBDB4D_resume.sav HASH-ED102BDF40D4529_resume.sav HASH-F426FCFED7706537_resume.sav HASH-FAFC77B9D472EFCF_1.sav HASH-FAFC77B9D472EFCF_resume.sav HASH-FE27CFD4E73EF39_1.sav HASH-FE27CFD4E73EF39_2.sav HASH-FE27CFD4E73EF39_3.sav HASH-FE27CFD4E73EF39_4.sav HASH-FE27CFD4E73EF39_5.sav HASH-FE27CFD4E73EF39_6.sav HASH-FE27CFD4E73EF39_resume.sav HASH-FF95219BECFFC579_resume.sav,0,,rejected_known_nontext,0,known non-text consumer
19,1,1600 1601 1602 1603,,0,,0,10,1556,HASH-12BD1585B27C0E7E_resume.sav HASH-173A20935C195812_1.sav HASH-173A20935C195812_resume.sav HASH-17493FFCCFAA8DB8_1.sav HASH-17493FFCCFAA8DB8_resume.sav HASH-1820FA8E2030B89F_1.sav HASH-1820FA8E2030B89F_2.sav HASH-1820FA8E2030B89F_resume.sav HASH-244AAEDCE95C4ACA_2.sav HASH-244AAEDCE95C4ACA_3.sav HASH-244AAEDCE95C4ACA_4.sav HASH-244AAEDCE95C4ACA_5.sav HASH-244AAEDCE95C4ACA_resume.sav HASH-24C179AA0A196FA8_1.sav HASH-24C179AA0A196FA8_2.sav HASH-24C179AA0A196FA8_3.sav HASH-24C179AA0A196FA8_resume.sav HASH-29EFD29BD74A5AE5_1.sav HASH-29EFD29BD74A5AE5_2.sav HASH-29EFD29BD74A5AE5_3.sav HASH-29EFD29BD74A5AE5_4.sav HASH-29EFD29BD74A5AE5_5.sav HASH-29EFD29BD74A5AE5_6.sav HASH-29EFD29BD74A5AE5_resume.sav HASH-2AEFB45E609D739C_1.sav HASH-2AEFB45E609D739C_resume.sav HASH-2BA5158819E37714_1.sav HASH-2BA5158819E37714_2.sav HASH-2BA5158819E37714_3.sav HASH-2BA5158819E37714_4.sav HASH-2BA5158819E37714_5.sav HASH-2BA5158819E37714_resume.sav HASH-2C8AA6888201A932_1.sav HASH-30502498B39014FB_resume.sav HASH-31AE820EA250BDE2_1.sav HASH-31AE820EA250BDE2_resume.sav HASH-340476B50F5F94CD_1.sav HASH-340476B50F5F94CD_2.sav HASH-340476B50F5F94CD_3.sav HASH-340476B50F5F94CD_5.sav HASH-340476B50F5F94CD_6.sav HASH-340476B50F5F94CD_7.sav HASH-340476B50F5F94CD_8.sav HASH-340476B50F5F94CD_resume.sav HASH-358B87AC2668840B_1.sav HASH-358B87AC2668840B_2.sav HASH-358B87AC2668840B_3.sav HASH-358B87AC2668840B_4.sav HASH-358B87AC2668840B_5.sav HASH-358B87AC2668840B_6.sav HASH-358B87AC2668840B_7.sav HASH-358B87AC2668840B_8.sav HASH-358B87AC2668840B_resume.sav HASH-36A4D7BFEE911E0C_1.sav HASH-36A4D7BFEE911E0C_2.sav HASH-36A4D7BFEE911E0C_3.sav HASH-36A4D7BFEE911E0C_5.sav HASH-36A4D7BFEE911E0C_6.sav HASH-36A4D7BFEE911E0C_resume.sav HASH-39247B554F59E6EC_resume.sav HASH-3B7F976560A27417_2.sav HASH-3B7F976560A27417_resume.sav HASH-3B937440782FA793_1.sav HASH-3B937440782FA793_2.sav HASH-3B937440782FA793_3.sav HASH-3B937440782FA793_resume.sav HASH-3E7AE54B97E5181C_resume.sav HASH-3ED18AE11E44EAC7_resume.sav HASH-3FFDC0534640A0C9_2.sav HASH-3FFDC0534640A0C9_3.sav HASH-3FFDC0534640A0C9_4.sav HASH-3FFDC0534640A0C9_5.sav HASH-3FFDC0534640A0C9_6.sav HASH-3FFDC0534640A0C9_resume.sav HASH-4A70D1E48923C079_1.sav HASH-4A70D1E48923C079_2.sav HASH-4B50418301780DB_1.sav HASH-4B50418301780DB_3.sav HASH-4B50418301780DB_4.sav HASH-4B50418301780DB_5.sav HASH-4B50418301780DB_6.sav HASH-4B50418301780DB_7.sav HASH-4B50418301780DB_8.sav HASH-4B50418301780DB_9.sav HASH-4B50418301780DB_resume.sav HASH-4F5ECA8C927BC50D_1.sav HASH-4F5ECA8C927BC50D_2.sav HASH-4F5ECA8C927BC50D_resume.sav HASH-501772FC819C553E_resume.sav HASH-5B42E6E2F7D4A581_1.sav HASH-5B42E6E2F7D4A581_2.sav HASH-5B42E6E2F7D4A581_3.sav HASH-5B42E6E2F7D4A581_resume.sav HASH-5B7D4D6CC70A365C_1.sav HASH-5B7D4D6CC70A365C_2.sav HASH-5B7D4D6CC70A365C_3.sav HASH-5B7D4D6CC70A365C_4.sav HASH-5B7D4D6CC70A365C_5.sav HASH-5B7D4D6CC70A365C_6.sav HASH-5B7D4D6CC70A365C_resume.sav HASH-5BBE776656FD02D7_10.sav HASH-5BBE776656FD02D7_2.sav HASH-5BBE776656FD02D7_3.sav HASH-5BBE776656FD02D7_4.sav HASH-5BBE776656FD02D7_5.sav HASH-5BBE776656FD02D7_6.sav HASH-5BBE776656FD02D7_7.sav HASH-5BBE776656FD02D7_8.sav HASH-5BBE776656FD02D7_9.sav HASH-660550AF1F902161_resume.sav HASH-6615F3E00CA7CACD_resume.sav HASH-7C988D1BAF789746_1.sav HASH-7C988D1BAF789746_2.sav HASH-7C988D1BAF789746_3.sav HASH-7C988D1BAF789746_resume.sav HASH-7F6751B55A942E91_1.sav HASH-7F6751B55A942E91_2.sav HASH-7F6751B55A942E91_3.sav HASH-7F6751B55A942E91_4.sav HASH-7F6751B55A942E91_resume.sav HASH-81EA549C902A8233_1.sav HASH-81EA549C902A8233_resume.sav HASH-835B351840F08C34_1.sav HASH-835B351840F08C34_2.sav HASH-835B351840F08C34_3.sav HASH-835B351840F08C34_4.sav HASH-835B351840F08C34_resume.sav HASH-8679B1C6E71DE51C_1.sav HASH-8679B1C6E71DE51C_2.sav HASH-8679B1C6E71DE51C_resume.sav HASH-896E1422742A9389_1.sav HASH-896E1422742A9389_2.sav HASH-896E1422742A9389_resume.sav HASH-8BDE3D3B81BB8343_3.sav HASH-8BDE3D3B81BB8343_resume.sav HASH-8C23CC5A882BE421_1.sav HASH-8C23CC5A882BE421_resume.sav HASH-8EC29F7550AF22E1_resume.sav HASH-93EBD998DE880320_1.sav HASH-93EBD998DE880320_2.sav HASH-93EBD998DE880320_3.sav HASH-93EBD998DE880320_4.sav HASH-93EBD998DE880320_5.sav HASH-93EBD998DE880320_6.sav HASH-94BB56BF6BC48E89_1.sav HASH-94BB56BF6BC48E89_2.sav HASH-94BB56BF6BC48E89_resume.sav HASH-96A09AA84469A1A6_1.sav HASH-96A09AA84469A1A6_2.sav HASH-96A09AA84469A1A6_3.sav HASH-96A09AA84469A1A6_4.sav HASH-96A09AA84469A1A6_5.sav HASH-96A09AA84469A1A6_resume.sav HASH-975E4D6319103418_resume.sav HASH-9C791F6466AF1DFA_1.sav HASH-9C791F6466AF1DFA_resume.sav HASH-A54E58096FC7ACD_1.sav HASH-A54E58096FC7ACD_resume.sav HASH-AC09FFC1FA717841_resume.sav HASH-B956EB79BA7801D1_1.sav HASH-B956EB79BA7801D1_2.sav HASH-B956EB79BA7801D1_3.sav HASH-B956EB79BA7801D1_4.sav HASH-B956EB79BA7801D1_5.sav HASH-B956EB79BA7801D1_6.sav HASH-B956EB79BA7801D1_7.sav HASH-BCDFD43E492EB996_1.sav HASH-BCDFD43E492EB996_resume.sav HASH-C3CB4AF2CA2A0162_1.sav HASH-C3CB4AF2CA2A0162_2.sav HASH-C3CB4AF2CA2A0162_resume.sav HASH-C89A37DB904675D1_resume.sav HASH-CAA521161EBF5AAC_2.sav HASH-CAA521161EBF5AAC_3.sav HASH-CAA521161EBF5AAC_4.sav HASH-CAA521161EBF5AAC_5.sav HASH-CAA521161EBF5AAC_6.sav HASH-CAA521161EBF5AAC_7.sav HASH-CAA521161EBF5AAC_8.sav HASH-CAA521161EBF5AAC_resume.sav HASH-D057AE94B060E34C_1.sav HASH-D057AE94B060E34C_2.sav HASH-D057AE94B060E34C_resume.sav HASH-D0D35C3AE69BF236_1.sav HASH-D0D35C3AE69BF236_resume.sav HASH-D4B9B4A1E9860C0A_1.sav HASH-D4B9B4A1E9860C0A_2.sav HASH-D4B9B4A1E9860C0A_resume.sav HASH-DE2D9449B487CDF9_1.sav HASH-DE2D9449B487CDF9_2.sav HASH-DE2D9449B487CDF9_3.sav HASH-DE2D9449B487CDF9_4.sav HASH-DE2D9449B487CDF9_5.sav HASH-DE2D9449B487CDF9_6.sav HASH-DE2D9449B487CDF9_7.sav HASH-DF22979C4D8DD12D_1.sav HASH-DF22979C4D8DD12D_2.sav HASH-DF22979C4D8DD12D_3.sav HASH-DF22979C4D8DD12D_4.sav HASH-DF22979C4D8DD12D_5.sav HASH-DF22979C4D8DD12D_6.sav HASH-DF22979C4D8DD12D_7.sav HASH-DF22979C4D8DD12D_resume.sav HASH-DF4A25F86397969D_resume.sav HASH-E8C8C4E642CBDB4D_1.sav HASH-E8C8C4E642CBDB4D_resume.sav HASH-ED102BDF40D4529_resume.sav HASH-F426FCFED7706537_resume.sav HASH-FAFC77B9D472EFCF_1.sav HASH-FAFC77B9D472EFCF_resume.sav HASH-FE27CFD4E73EF39_1.sav HASH-FE27CFD4E73EF39_2.sav HASH-FE27CFD4E73EF39_3.sav HASH-FE27CFD4E73EF39_4.sav HASH-FE27CFD4E73EF39_5.sav HASH-FE27CFD4E73EF39_6.sav HASH-FE27CFD4E73EF39_resume.sav HASH-FF95219BECFFC579_resume.sav,0,,rejected_known_nontext,0,known non-text consumer
19,2,1604 1605 1606 1607,,0,,0,10,32,HASH-1820FA8E2030B89F_1.sav HASH-1820FA8E2030B89F_2.sav HASH-1820FA8E2030B89F_resume.sav HASH-29EFD29BD74A5AE5_5.sav HASH-29EFD29BD74A5AE5_6.sav HASH-29EFD29BD74A5AE5_resume.sav HASH-340476B50F5F94CD_1.sav HASH-340476B50F5F94CD_2.sav HASH-340476B50F5F94CD_3.sav HASH-3B937440782FA793_1.sav HASH-4B50418301780DB_8.sav HASH-4F5ECA8C927BC50D_1.sav HASH-5B7D4D6CC70A365C_6.sav HASH-7F6751B55A942E91_1.sav HASH-7F6751B55A942E91_4.sav HASH-7F6751B55A942E91_resume.sav HASH-93EBD998DE880320_3.sav HASH-93EBD998DE880320_4.sav HASH-96A09AA84469A1A6_5.sav HASH-96A09AA84469A1A6_resume.sav HASH-975E4D6319103418_resume.sav HASH-AC09FFC1FA717841_resume.sav HASH-C3CB4AF2CA2A0162_1.sav HASH-C3CB4AF2CA2A0162_2.sav HASH-C3CB4AF2CA2A0162_resume.sav HASH-CAA521161EBF5AAC_6.sav HASH-DE2D9449B487CDF9_3.sav HASH-FE27CFD4E73EF39_4.sav HASH-FE27CFD4E73EF39_5.sav HASH-FE27CFD4E73EF39_6.sav HASH-FE27CFD4E73EF39_resume.sav,0,,rejected_known_nontext,0,known non-text consumer
19,3,1608 1609 1610 1611,,0,,0,0,31,HASH-1820FA8E2030B89F_1.sav HASH-1820FA8E2030B89F_2.sav HASH-1820FA8E2030B89F_resume.sav HASH-29EFD29BD74A5AE5_5.sav HASH-29EFD29BD74A5AE5_6.sav HASH-29EFD29BD74A5AE5_resume.sav HASH-340476B50F5F94CD_1.sav HASH-340476B50F5F94CD_2.sav HASH-340476B50F5F94CD_3.sav HASH-3B937440782FA793_1.sav HASH-4B50418301780DB_8.sav HASH-4F5ECA8C927BC50D_1.sav HASH-5B7D4D6CC70A365C_6.sav HASH-7F6751B55A942E91_1.sav HASH-7F6751B55A942E91_4.sav HASH-7F6751B55A942E91_resume.sav HASH-93EBD998DE880320_3.sav HASH-93EBD998DE880320_4.sav HASH-96A09AA84469A1A6_5.sav HASH-96A09AA84469A1A6_resume.sav HASH-975E4D6319103418_resume.sav HASH-AC09FFC1FA717841_resume.sav HASH-C3CB4AF2CA2A0162_1.sav HASH-C3CB4AF2CA2A0162_2.sav HASH-C3CB4AF2CA2A0162_resume.sav HASH-DE2D9449B487CDF9_3.sav HASH-FE27CFD4E73EF39_4.sav HASH-FE27CFD4E73EF39_5.sav HASH-FE27CFD4E73EF39_6.sav HASH-FE27CFD4E73EF39_resume.sav,0,,rejected_known_nontext,0,known non-text consumer
19,4,1612 1613 1614 1615,,0,,0,0,31,HASH-1820FA8E2030B89F_1.sav HASH-1820FA8E2030B89F_2.sav HASH-1820FA8E2030B89F_resume.sav HASH-29EFD29BD74A5AE5_5.sav HASH-29EFD29BD74A5AE5_6.sav HASH-29EFD29BD74A5AE5_resume.sav HASH-340476B50F5F94CD_1.sav HASH-340476B50F5F94CD_2.sav HASH-340476B50F5F94CD_3.sav HASH-3B937440782FA793_1.sav HASH-4B50418301780DB_8.sav HASH-4F5ECA8C927BC50D_1.sav HASH-5B7D4D6CC70A365C_6.sav HASH-7F6751B55A942E91_1.sav HASH-7F6751B55A942E91_4.sav HASH-7F6751B55A942E91_resume.sav HASH-93EBD998DE880320_3.sav HASH-93EBD998DE880320_4.sav HASH-96A09AA84469A1A6_5.sav HASH-96A09AA84469A1A6_resume.sav HASH-975E4D6319103418_resume.sav HASH-AC09FFC1FA717841_resume.sav HASH-C3CB4AF2CA2A0162_1.sav HASH-C3CB4AF2CA2A0162_2.sav HASH-C3CB4AF2CA2A0162_resume.sav HASH-DE2D9449B487CDF9_3.sav HASH-FE27CFD4E73EF39_4.sav HASH-FE27CFD4E73EF39_5.sav HASH-FE27CFD4E73EF39_6.sav HASH-FE27CFD4E73EF39_resume.sav,0,,rejected_known_nontext,0,known non-text consumer
19,5,1616 1617 1618 1619,,0,,0,0,0,,0,,unknown_no_text_evidence,0,consumer set is not exhaustively bounded
19,6,1620 1621 1622 1623,,0,,0,0,0,,0,,unknown_no_text_evidence,0,consumer set is not exhaustively bounded
19,7,1624 1625 1626 1627,,0,,0,0,0,,0,,unknown_no_text_evidence,0,consumer set is not exhaustively bounded
19,8,1628 1629 1630 1631,,0,,0,3,0,,0,,unknown_no_text_evidence,0,consumer set is not exhaustively bounded
19,9,1632 1633 1634 1635,,0,,0,0,0,,0,,unknown_no_text_evidence,0,consumer set is not exhaustively bounded
19,10,1636 1637 1638 1639,,0,,0,0,0,,0,,unknown_no_text_evidence,0,consumer set is not exhaustively bounded
19,11,1640 1641 1642 1643,,0,,0,3,0,,0,,unknown_no_text_evidence,0,consumer set is not exhaustively bounded
19,12,1644 1645 1646 1647,,0,,0,0,0,,0,,unknown_no_text_evidence,0,consumer set is not exhaustively bounded
19,13,1648 1649 1650 1651,,0,,0,1,0,,0,,unknown_no_text_evidence,0,consumer set is not exhaustively bounded
19,14,1652 1653 1654 1655,,0,,0,0,0,,0,,unknown_no_text_evidence,0,consumer set is not exhaustively bounded
19,15,1656 1657 1658 1659,,0,,0,0,14,HASH-17493FFCCFAA8DB8_1.sav HASH-1820FA8E2030B89F_2.sav HASH-340476B50F5F94CD_3.sav HASH-340476B50F5F94CD_resume.sav HASH-36A4D7BFEE911E0C_3.sav HASH-3B7F976560A27417_2.sav HASH-3B7F976560A27417_resume.sav HASH-7F6751B55A942E91_resume.sav HASH-8BDE3D3B81BB8343_3.sav HASH-8BDE3D3B81BB8343_resume.sav HASH-93EBD998DE880320_3.sav HASH-94BB56BF6BC48E89_2.sav HASH-ED102BDF40D4529_resume.sav HASH-FE27CFD4E73EF39_4.sav,0,,rejected_known_nontext,0,known non-text consumer
19,16,1660 1661 1662 1663,,0,,0,0,12,HASH-1820FA8E2030B89F_2.sav HASH-340476B50F5F94CD_1.sav HASH-340476B50F5F94CD_3.sav HASH-3B7F976560A27417_2.sav HASH-3B7F976560A27417_resume.sav HASH-3ED18AE11E44EAC7_resume.sav HASH-501772FC819C553E_resume.sav HASH-8BDE3D3B81BB8343_3.sav HASH-8BDE3D3B81BB8343_resume.sav HASH-93EBD998DE880320_3.sav HASH-94BB56BF6BC48E89_1.sav HASH-FE27CFD4E73EF39_4.sav,0,,rejected_known_nontext,0,known non-text consumer
19,17,1664 1665 1666 1667,,0,1,7,0,7,HASH-340476B50F5F94CD_1.sav HASH-36A4D7BFEE911E0C_2.sav HASH-3ED18AE11E44EAC7_resume.sav HASH-501772FC819C553E_resume.sav HASH-94BB56BF6BC48E89_1.sav HASH-CAA521161EBF5AAC_8.sav HASH-CAA521161EBF5AAC_resume.sav,0,,rejected_known_nontext,0,known non-text consumer
19,18,1668 1669 1670 1671,,0,2,22,0,6,HASH-17493FFCCFAA8DB8_1.sav HASH-340476B50F5F94CD_resume.sav HASH-36A4D7BFEE911E0C_3.sav HASH-7F6751B55A942E91_resume.sav HASH-94BB56BF6BC48E89_2.sav HASH-ED102BDF40D4529_resume.sav,0,,rejected_known_nontext,0,known non-text consumer
19,19,1672 1673 1674 1675,,0,,0,0,6,HASH-17493FFCCFAA8DB8_1.sav HASH-340476B50F5F94CD_resume.sav HASH-36A4D7BFEE911E0C_3.sav HASH-7F6751B55A942E91_resume.sav HASH-94BB56BF6BC48E89_2.sav HASH-ED102BDF40D4529_resume.sav,0,,rejected_known_nontext,0,known non-text consumer
19,20,1676 1677 1678 1679,,0,,0,1,0,,0,,unknown_no_text_evidence,0,consumer set is not exhaustively bounded
20,0,1680 1681 1682 1683,,0,,0,0,264,HASH-173A20935C195812_1.sav HASH-173A20935C195812_resume.sav HASH-17493FFCCFAA8DB8_1.sav HASH-17493FFCCFAA8DB8_resume.sav HASH-1820FA8E2030B89F_1.sav HASH-1820FA8E2030B89F_2.sav HASH-1820FA8E2030B89F_resume.sav HASH-244AAEDCE95C4ACA_2.sav HASH-244AAEDCE95C4ACA_3.sav HASH-244AAEDCE95C4ACA_4.sav HASH-244AAEDCE95C4ACA_5.sav HASH-244AAEDCE95C4ACA_resume.sav HASH-24C179AA0A196FA8_1.sav HASH-24C179AA0A196FA8_2.sav HASH-24C179AA0A196FA8_3.sav HASH-24C179AA0A196FA8_resume.sav HASH-29EFD29BD74A5AE5_4.sav HASH-29EFD29BD74A5AE5_5.sav HASH-29EFD29BD74A5AE5_6.sav HASH-29EFD29BD74A5AE5_resume.sav HASH-2BA5158819E37714_1.sav HASH-2BA5158819E37714_2.sav HASH-2BA5158819E37714_3.sav HASH-2BA5158819E37714_4.sav HASH-2BA5158819E37714_5.sav HASH-2BA5158819E37714_resume.sav HASH-2C8AA6888201A932_1.sav HASH-30502498B39014FB_resume.sav HASH-31AE820EA250BDE2_1.sav HASH-340476B50F5F94CD_1.sav HASH-340476B50F5F94CD_2.sav HASH-340476B50F5F94CD_3.sav HASH-340476B50F5F94CD_5.sav HASH-340476B50F5F94CD_6.sav HASH-340476B50F5F94CD_8.sav HASH-340476B50F5F94CD_resume.sav HASH-358B87AC2668840B_5.sav HASH-358B87AC2668840B_6.sav HASH-358B87AC2668840B_7.sav HASH-358B87AC2668840B_8.sav HASH-36A4D7BFEE911E0C_1.sav HASH-36A4D7BFEE911E0C_5.sav HASH-39247B554F59E6EC_resume.sav HASH-3B7F976560A27417_2.sav HASH-3B7F976560A27417_resume.sav HASH-3B937440782FA793_1.sav HASH-3E7AE54B97E5181C_resume.sav HASH-3FFDC0534640A0C9_2.sav HASH-4A70D1E48923C079_1.sav HASH-4A70D1E48923C079_2.sav HASH-4B50418301780DB_1.sav HASH-4B50418301780DB_3.sav HASH-4B50418301780DB_4.sav HASH-4B50418301780DB_6.sav HASH-4B50418301780DB_7.sav HASH-4B50418301780DB_8.sav HASH-4B50418301780DB_resume.sav HASH-4F5ECA8C927BC50D_1.sav HASH-5B42E6E2F7D4A581_1.sav HASH-5B42E6E2F7D4A581_2.sav HASH-5B42E6E2F7D4A581_3.sav HASH-5B42E6E2F7D4A581_resume.sav HASH-5B7D4D6CC70A365C_6.sav HASH-5BBE776656FD02D7_10.sav HASH-5BBE776656FD02D7_2.sav HASH-5BBE776656FD02D7_4.sav HASH-5BBE776656FD02D7_9.sav HASH-660550AF1F902161_resume.sav HASH-6615F3E00CA7CACD_resume.sav HASH-7C988D1BAF789746_1.sav HASH-7C988D1BAF789746_2.sav HASH-7C988D1BAF789746_3.sav HASH-7C988D1BAF789746_resume.sav HASH-7F6751B55A942E91_1.sav HASH-7F6751B55A942E91_2.sav HASH-7F6751B55A942E91_4.sav HASH-7F6751B55A942E91_resume.sav HASH-81EA549C902A8233_1.sav HASH-81EA549C902A8233_resume.sav HASH-835B351840F08C34_resume.sav HASH-896E1422742A9389_1.sav HASH-896E1422742A9389_2.sav HASH-896E1422742A9389_resume.sav HASH-8BDE3D3B81BB8343_3.sav HASH-8BDE3D3B81BB8343_resume.sav HASH-8EC29F7550AF22E1_resume.sav HASH-93EBD998DE880320_3.sav HASH-93EBD998DE880320_4.sav HASH-94BB56BF6BC48E89_1.sav HASH-94BB56BF6BC48E89_2.sav HASH-96A09AA84469A1A6_5.sav HASH-96A09AA84469A1A6_resume.sav HASH-975E4D6319103418_resume.sav HASH-9C791F6466AF1DFA_1.sav HASH-9C791F6466AF1DFA_resume.sav HASH-A54E58096FC7ACD_1.sav HASH-A54E58096FC7ACD_resume.sav HASH-AC09FFC1FA717841_resume.sav HASH-B956EB79BA7801D1_3.sav HASH-B956EB79BA7801D1_4.sav HASH-B956EB79BA7801D1_5.sav HASH-B956EB79BA7801D1_7.sav HASH-BCDFD43E492EB996_1.sav HASH-BCDFD43E492EB996_resume.sav HASH-C3CB4AF2CA2A0162_1.sav HASH-C3CB4AF2CA2A0162_2.sav HASH-C3CB4AF2CA2A0162_resume.sav HASH-C89A37DB904675D1_resume.sav HASH-CAA521161EBF5AAC_3.sav HASH-CAA521161EBF5AAC_4.sav HASH-CAA521161EBF5AAC_5.sav HASH-CAA521161EBF5AAC_6.sav HASH-CAA521161EBF5AAC_7.sav HASH-CAA521161EBF5AAC_8.sav HASH-CAA521161EBF5AAC_resume.sav HASH-D057AE94B060E34C_resume.sav HASH-D0D35C3AE69BF236_1.sav HASH-D0D35C3AE69BF236_resume.sav HASH-D4B9B4A1E9860C0A_1.sav HASH-D4B9B4A1E9860C0A_2.sav HASH-D4B9B4A1E9860C0A_resume.sav HASH-DE2D9449B487CDF9_1.sav HASH-DE2D9449B487CDF9_2.sav HASH-DE2D9449B487CDF9_3.sav HASH-DE2D9449B487CDF9_6.sav HASH-DE2D9449B487CDF9_7.sav HASH-DF22979C4D8DD12D_1.sav HASH-DF22979C4D8DD12D_2.sav HASH-DF22979C4D8DD12D_3.sav HASH-DF22979C4D8DD12D_4.sav HASH-DF22979C4D8DD12D_5.sav HASH-DF22979C4D8DD12D_6.sav HASH-DF22979C4D8DD12D_7.sav HASH-DF22979C4D8DD12D_resume.sav HASH-DF4A25F86397969D_resume.sav HASH-E8C8C4E642CBDB4D_1.sav HASH-ED102BDF40D4529_resume.sav HASH-FAFC77B9D472EFCF_1.sav HASH-FAFC77B9D472EFCF_resume.sav HASH-FE27CFD4E73EF39_4.sav HASH-FE27CFD4E73EF39_5.sav HASH-FE27CFD4E73EF39_6.sav HASH-FE27CFD4E73EF39_resume.sav,0,,rejected_known_nontext,0,known non-text consumer
20,1,1684 1685 1686 1687,,0,,0,0,264,HASH-173A20935C195812_1.sav HASH-173A20935C195812_resume.sav HASH-17493FFCCFAA8DB8_1.sav HASH-17493FFCCFAA8DB8_resume.sav HASH-1820FA8E2030B89F_1.sav HASH-1820FA8E2030B89F_2.sav HASH-1820FA8E2030B89F_resume.sav HASH-244AAEDCE95C4ACA_2.sav HASH-244AAEDCE95C4ACA_3.sav HASH-244AAEDCE95C4ACA_4.sav HASH-244AAEDCE95C4ACA_5.sav HASH-244AAEDCE95C4ACA_resume.sav HASH-24C179AA0A196FA8_1.sav HASH-24C179AA0A196FA8_2.sav HASH-24C179AA0A196FA8_3.sav HASH-24C179AA0A196FA8_resume.sav HASH-29EFD29BD74A5AE5_4.sav HASH-29EFD29BD74A5AE5_5.sav HASH-29EFD29BD74A5AE5_6.sav HASH-29EFD29BD74A5AE5_resume.sav HASH-2BA5158819E37714_1.sav HASH-2BA5158819E37714_2.sav HASH-2BA5158819E37714_3.sav HASH-2BA5158819E37714_4.sav HASH-2BA5158819E37714_5.sav HASH-2BA5158819E37714_resume.sav HASH-2C8AA6888201A932_1.sav HASH-30502498B39014FB_resume.sav HASH-31AE820EA250BDE2_1.sav HASH-340476B50F5F94CD_1.sav HASH-340476B50F5F94CD_2.sav HASH-340476B50F5F94CD_3.sav HASH-340476B50F5F94CD_5.sav HASH-340476B50F5F94CD_6.sav HASH-340476B50F5F94CD_8.sav HASH-340476B50F5F94CD_resume.sav HASH-358B87AC2668840B_5.sav HASH-358B87AC2668840B_6.sav HASH-358B87AC2668840B_7.sav HASH-358B87AC2668840B_8.sav HASH-36A4D7BFEE911E0C_1.sav HASH-36A4D7BFEE911E0C_5.sav HASH-39247B554F59E6EC_resume.sav HASH-3B7F976560A27417_2.sav HASH-3B7F976560A27417_resume.sav HASH-3B937440782FA793_1.sav HASH-3E7AE54B97E5181C_resume.sav HASH-3FFDC0534640A0C9_2.sav HASH-4A70D1E48923C079_1.sav HASH-4A70D1E48923C079_2.sav HASH-4B50418301780DB_1.sav HASH-4B50418301780DB_3.sav HASH-4B50418301780DB_4.sav HASH-4B50418301780DB_6.sav HASH-4B50418301780DB_7.sav HASH-4B50418301780DB_8.sav HASH-4B50418301780DB_resume.sav HASH-4F5ECA8C927BC50D_1.sav HASH-5B42E6E2F7D4A581_1.sav HASH-5B42E6E2F7D4A581_2.sav HASH-5B42E6E2F7D4A581_3.sav HASH-5B42E6E2F7D4A581_resume.sav HASH-5B7D4D6CC70A365C_6.sav HASH-5BBE776656FD02D7_10.sav HASH-5BBE776656FD02D7_2.sav HASH-5BBE776656FD02D7_4.sav HASH-5BBE776656FD02D7_9.sav HASH-660550AF1F902161_resume.sav HASH-6615F3E00CA7CACD_resume.sav HASH-7C988D1BAF789746_1.sav HASH-7C988D1BAF789746_2.sav HASH-7C988D1BAF789746_3.sav HASH-7C988D1BAF789746_resume.sav HASH-7F6751B55A942E91_1.sav HASH-7F6751B55A942E91_2.sav HASH-7F6751B55A942E91_4.sav HASH-7F6751B55A942E91_resume.sav HASH-81EA549C902A8233_1.sav HASH-81EA549C902A8233_resume.sav HASH-835B351840F08C34_resume.sav HASH-896E1422742A9389_1.sav HASH-896E1422742A9389_2.sav HASH-896E1422742A9389_resume.sav HASH-8BDE3D3B81BB8343_3.sav HASH-8BDE3D3B81BB8343_resume.sav HASH-8EC29F7550AF22E1_resume.sav HASH-93EBD998DE880320_3.sav HASH-93EBD998DE880320_4.sav HASH-94BB56BF6BC48E89_1.sav HASH-94BB56BF6BC48E89_2.sav HASH-96A09AA84469A1A6_5.sav HASH-96A09AA84469A1A6_resume.sav HASH-975E4D6319103418_resume.sav HASH-9C791F6466AF1DFA_1.sav HASH-9C791F6466AF1DFA_resume.sav HASH-A54E58096FC7ACD_1.sav HASH-A54E58096FC7ACD_resume.sav HASH-AC09FFC1FA717841_resume.sav HASH-B956EB79BA7801D1_3.sav HASH-B956EB79BA7801D1_4.sav HASH-B956EB79BA7801D1_5.sav HASH-B956EB79BA7801D1_7.sav HASH-BCDFD43E492EB996_1.sav HASH-BCDFD43E492EB996_resume.sav HASH-C3CB4AF2CA2A0162_1.sav HASH-C3CB4AF2CA2A0162_2.sav HASH-C3CB4AF2CA2A0162_resume.sav HASH-C89A37DB904675D1_resume.sav HASH-CAA521161EBF5AAC_3.sav HASH-CAA521161EBF5AAC_4.sav HASH-CAA521161EBF5AAC_5.sav HASH-CAA521161EBF5AAC_6.sav HASH-CAA521161EBF5AAC_7.sav HASH-CAA521161EBF5AAC_8.sav HASH-CAA521161EBF5AAC_resume.sav HASH-D057AE94B060E34C_resume.sav HASH-D0D35C3AE69BF236_1.sav HASH-D0D35C3AE69BF236_resume.sav HASH-D4B9B4A1E9860C0A_1.sav HASH-D4B9B4A1E9860C0A_2.sav HASH-D4B9B4A1E9860C0A_resume.sav HASH-DE2D9449B487CDF9_1.sav HASH-DE2D9449B487CDF9_2.sav HASH-DE2D9449B487CDF9_3.sav HASH-DE2D9449B487CDF9_6.sav HASH-DE2D9449B487CDF9_7.sav HASH-DF22979C4D8DD12D_1.sav HASH-DF22979C4D8DD12D_2.sav HASH-DF22979C4D8DD12D_3.sav HASH-DF22979C4D8DD12D_4.sav HASH-DF22979C4D8DD12D_5.sav HASH-DF22979C4D8DD12D_6.sav HASH-DF22979C4D8DD12D_7.sav HASH-DF22979C4D8DD12D_resume.sav HASH-DF4A25F86397969D_resume.sav HASH-E8C8C4E642CBDB4D_1.sav HASH-ED102BDF40D4529_resume.sav HASH-FAFC77B9D472EFCF_1.sav HASH-FAFC77B9D472EFCF_resume.sav HASH-FE27CFD4E73EF39_4.sav HASH-FE27CFD4E73EF39_5.sav HASH-FE27CFD4E73EF39_6.sav HASH-FE27CFD4E73EF39_resume.sav,0,,rejected_known_nontext,0,known non-text consumer
20,2,1688 1689 1690 1691,,0,,0,0,31,HASH-1820FA8E2030B89F_1.sav HASH-1820FA8E2030B89F_2.sav HASH-1820FA8E2030B89F_resume.sav HASH-29EFD29BD74A5AE5_5.sav HASH-29EFD29BD74A5AE5_6.sav HASH-29EFD29BD74A5AE5_resume.sav HASH-340476B50F5F94CD_1.sav HASH-340476B50F5F94CD_2.sav HASH-340476B50F5F94CD_3.sav HASH-3B937440782FA793_1.sav HASH-4B50418301780DB_8.sav HASH-4F5ECA8C927BC50D_1.sav HASH-5B7D4D6CC70A365C_6.sav HASH-7F6751B55A942E91_1.sav HASH-7F6751B55A942E91_4.sav HASH-7F6751B55A942E91_resume.sav HASH-93EBD998DE880320_3.sav HASH-93EBD998DE880320_4.sav HASH-96A09AA84469A1A6_5.sav HASH-96A09AA84469A1A6_resume.sav HASH-975E4D6319103418_resume.sav HASH-AC09FFC1FA717841_resume.sav HASH-C3CB4AF2CA2A0162_1.sav HASH-C3CB4AF2CA2A0162_2.sav HASH-C3CB4AF2CA2A0162_resume.sav HASH-DE2D9449B487CDF9_3.sav HASH-FE27CFD4E73EF39_4.sav HASH-FE27CFD4E73EF39_5.sav HASH-FE27CFD4E73EF39_6.sav HASH-FE27CFD4E73EF39_resume.sav,0,,rejected_known_nontext,0,known non-text consumer
20,3,1692 1693 1694 1695,,0,,0,0,31,HASH-1820FA8E2030B89F_1.sav HASH-1820FA8E2030B89F_2.sav HASH-1820FA8E2030B89F_resume.sav HASH-29EFD29BD74A5AE5_5.sav HASH-29EFD29BD74A5AE5_6.sav HASH-29EFD29BD74A5AE5_resume.sav HASH-340476B50F5F94CD_1.sav HASH-340476B50F5F94CD_2.sav HASH-340476B50F5F94CD_3.sav HASH-3B937440782FA793_1.sav HASH-4B50418301780DB_8.sav HASH-4F5ECA8C927BC50D_1.sav HASH-5B7D4D6CC70A365C_6.sav HASH-7F6751B55A942E91_1.sav HASH-7F6751B55A942E91_4.sav HASH-7F6751B55A942E91_resume.sav HASH-93EBD998DE880320_3.sav HASH-93EBD998DE880320_4.sav HASH-96A09AA84469A1A6_5.sav HASH-96A09AA84469A1A6_resume.sav HASH-975E4D6319103418_resume.sav HASH-AC09FFC1FA717841_resume.sav HASH-C3CB4AF2CA2A0162_1.sav HASH-C3CB4AF2CA2A0162_2.sav HASH-C3CB4AF2CA2A0162_resume.sav HASH-DE2D9449B487CDF9_3.sav HASH-FE27CFD4E73EF39_4.sav HASH-FE27CFD4E73EF39_5.sav HASH-FE27CFD4E73EF39_6.sav HASH-FE27CFD4E73EF39_resume.sav,0,,rejected_known_nontext,0,known non-text consumer
20,4,1696 1697 1698 1699,,0,,0,0,31,HASH-1820FA8E2030B89F_1.sav HASH-1820FA8E2030B89F_2.sav HASH-1820FA8E2030B89F_resume.sav HASH-29EFD29BD74A5AE5_5.sav HASH-29EFD29BD74A5AE5_6.sav HASH-29EFD29BD74A5AE5_resume.sav HASH-340476B50F5F94CD_1.sav HASH-340476B50F5F94CD_2.sav HASH-340476B50F5F94CD_3.sav HASH-3B937440782FA793_1.sav HASH-4B50418301780DB_8.sav HASH-4F5ECA8C927BC50D_1.sav HASH-5B7D4D6CC70A365C_6.sav HASH-7F6751B55A942E91_1.sav HASH-7F6751B55A942E91_4.sav HASH-7F6751B55A942E91_resume.sav HASH-93EBD998DE880320_3.sav HASH-93EBD998DE880320_4.sav HASH-96A09AA84469A1A6_5.sav HASH-96A09AA84469A1A6_resume.sav HASH-975E4D6319103418_resume.sav HASH-AC09FFC1FA717841_resume.sav HASH-C3CB4AF2CA2A0162_1.sav HASH-C3CB4AF2CA2A0162_2.sav HASH-C3CB4AF2CA2A0162_resume.sav HASH-DE2D9449B487CDF9_3.sav HASH-FE27CFD4E73EF39_4.sav HASH-FE27CFD4E73EF39_5.sav HASH-FE27CFD4E73EF39_6.sav HASH-FE27CFD4E73EF39_resume.sav,0,,rejected_known_nontext,0,known non-text consumer
20,5,1700 1701 1702 1703,,0,,0,0,0,,0,,unknown_no_text_evidence,0,consumer set is not exhaustively bounded
20,6,1704 1705 1706 1707,,0,,0,0,0,,0,,unknown_no_text_evidence,0,consumer set is not exhaustively bounded
20,7,1708 1709 1710 1711,,0,,0,0,0,,0,,unknown_no_text_evidence,0,consumer set is not exhaustively bounded
20,8,1712 1713 1714 1715,,0,,0,0,0,,0,,unknown_no_text_evidence,0,consumer set is not exhaustively bounded
20,9,1716 1717 1718 1719,,0,,0,0,0,,0,,unknown_no_text_evidence,0,consumer set is not exhaustively bounded
20,10,1720 1721 1722 1723,,0,,0,0,0,,0,,unknown_no_text_evidence,0,consumer set is not exhaustively bounded
20,11,1724 1725 1726 1727,,0,,0,0,0,,0,,unknown_no_text_evidence,0,consumer set is not exhaustively bounded
20,12,1728 1729 1730 1731,,0,,0,0,0,,0,,unknown_no_text_evidence,0,consumer set is not exhaustively bounded
20,13,1732 1733 1734 1735,,0,,0,4,0,,0,,unknown_no_text_evidence,0,consumer set is not exhaustively bounded
20,14,1736 1737 1738 1739,,0,,0,1,0,,0,,unknown_no_text_evidence,0,consumer set is not exhaustively bounded
20,15,1740 1741 1742 1743,,0,,0,0,0,,0,,unknown_no_text_evidence,0,consumer set is not exhaustively bounded
20,16,1744 1745 1746 1747,,0,,0,0,0,,0,,unknown_no_text_evidence,0,consumer set is not exhaustively bounded
20,17,1748 1749 1750 1751,,0,,0,2,0,,0,,unknown_no_text_evidence,0,consumer set is not exhaustively bounded
20,18,1752 1753 1754 1755,,0,,0,0,0,,0,,unknown_no_text_evidence,0,consumer set is not exhaustively bounded
20,19,1756 1757 1758 1759,,0,,0,1,0,,0,,unknown_no_text_evidence,0,consumer set is not exhaustively bounded
20,20,1760 1761 1762 1763,,0,,0,0,0,,0,,unknown_no_text_evidence,0,consumer set is not exhaustively bounded
